year,province,sigungu,kosis_region_code,unique_benefit_users_total,home_service_user_sum,home_service_days,home_provider_count_sum,facility_service_user_sum,facility_service_days,facility_provider_count_sum,facility_user_share_proxy_pct,home_user_share_proxy_pct
2013,강원,강릉시,15350AC400I103,2997.0,3436.0,380800.0,314.0,1233.0,305766.0,177.0,41.14114114114114,114.64798131464798
2013,강원,고성군,15350AC400I117,464.0,408.0,37372.0,73.0,275.0,57549.0,47.0,59.26724137931034,87.93103448275862
2013,강원,동해시,15350AC400I104,931.0,1083.0,111557.0,162.0,504.0,95008.0,92.0,54.13533834586466,116.3265306122449
2013,강원,삼척시,15350AC400I107,880.0,855.0,98743.0,150.0,508.0,87721.0,86.0,57.72727272727273,97.1590909090909
2013,강원,속초시,15350AC400I106,1116.0,1264.0,129965.0,146.0,681.0,121138.0,63.0,61.02150537634409,113.26164874551972
2013,강원,양구군,15350AC400I115,326.0,263.0,25482.0,57.0,246.0,44781.0,44.0,75.4601226993865,80.67484662576688
2013,강원,양양군,15350AC400I118,553.0,504.0,58757.0,99.0,346.0,64585.0,55.0,62.56781193490054,91.13924050632912
2013,강원,영월군,15350AC400I110,713.0,845.0,77685.0,116.0,284.0,66749.0,72.0,39.83169705469846,118.51332398316971
2013,강원,원주시,15350AC400I102,2680.0,2649.0,228976.0,396.0,1701.0,330073.0,263.0,63.47014925373134,98.84328358208954
2013,강원,인제군,15350AC400I116,312.0,291.0,20769.0,107.0,242.0,41691.0,66.0,77.56410256410257,93.26923076923077
2013,강원,정선군,15350AC400I112,382.0,353.0,25122.0,76.0,285.0,53068.0,54.0,74.60732984293193,92.40837696335078
2013,강원,철원군,15350AC400I113,512.0,561.0,54700.0,151.0,334.0,59197.0,89.0,65.234375,109.5703125
2013,강원,춘천시,15350AC400I101,3226.0,4219.0,378351.0,393.0,1653.0,334790.0,243.0,51.239925604463735,130.78115313081216
2013,강원,태백시,15350AC400I105,434.0,380.0,28481.0,90.0,269.0,67284.0,54.0,61.9815668202765,87.55760368663594
2013,강원,평창군,15350AC400I111,499.0,430.0,34946.0,103.0,314.0,72721.0,122.0,62.925851703406806,86.17234468937876
2013,강원,홍천군,15350AC400I108,910.0,917.0,82177.0,199.0,560.0,108645.0,107.0,61.53846153846154,100.76923076923077
2013,강원,화천군,15350AC400I114,322.0,317.0,27725.0,85.0,247.0,43490.0,60.0,76.70807453416148,98.4472049689441
2013,강원,횡성군,15350AC400I109,630.0,485.0,38371.0,130.0,448.0,103204.0,79.0,71.11111111111111,76.98412698412699
2013,경기,가평군,15350AC400H143,1050.0,846.0,87202.0,208.0,925.0,157278.0,146.0,88.09523809523809,80.57142857142857
2013,경기,고양시덕양구,15350AC400H119,3069.0,3457.0,320533.0,917.0,1827.0,357242.0,525.0,59.530791788856305,112.64255457803844
2013,경기,고양시일산동구,15350AC400H145,1997.0,2153.0,200481.0,678.0,1138.0,237848.0,419.0,56.98547821732599,107.81171757636454
2013,경기,고양시일산서구,15350AC400H146,1876.0,2326.0,220638.0,699.0,882.0,176452.0,377.0,47.01492537313433,123.98720682302773
2013,경기,과천시,15350AC400H122,529.0,633.0,59782.0,242.0,248.0,53144.0,167.0,46.880907372400756,119.65973534971646
2013,경기,광명시,15350AC400H114,2124.0,2567.0,250695.0,767.0,1038.0,206157.0,519.0,48.87005649717514,120.85687382297552
2013,경기,광주시,15350AC400H138,1748.0,1982.0,176418.0,565.0,971.0,197163.0,362.0,55.54919908466819,113.38672768878719
2013,경기,구리시,15350AC400H123,1190.0,1428.0,143762.0,439.0,547.0,106217.0,245.0,45.96638655462185,120.0
2013,경기,군포시,15350AC400H127,1562.0,1631.0,153994.0,498.0,1056.0,204576.0,326.0,67.6056338028169,104.41741357234315
2013,경기,김포시,15350AC400H136,2099.0,2463.0,225092.0,789.0,1130.0,218461.0,455.0,53.83515959980944,117.34159123392092
2013,경기,남양주시,15350AC400H124,4003.0,4805.0,474541.0,1190.0,2098.0,418041.0,672.0,52.41069198101423,120.03497376967273
2013,경기,동두천시,15350AC400H116,1434.0,1666.0,188025.0,275.0,673.0,152419.0,111.0,46.93165969316597,116.17852161785216
2013,경기,부천시소사구,15350AC400H112,1585.0,2182.0,212398.0,584.0,705.0,128092.0,335.0,44.479495268138805,137.66561514195584
2013,경기,부천시오정구,15350AC400H113,1552.0,2164.0,224062.0,541.0,646.0,121229.0,287.0,41.623711340206185,139.43298969072166
2013,경기,부천시원미구,15350AC400H111,3059.0,3866.0,366795.0,979.0,1635.0,314665.0,485.0,53.44883949002942,126.38117031709709
2013,경기,성남시분당구,15350AC400H107,3260.0,3802.0,364363.0,1079.0,1755.0,338877.0,671.0,53.83435582822086,116.62576687116564
2013,경기,성남시수정구,15350AC400H105,1490.0,1683.0,159051.0,520.0,805.0,169556.0,307.0,54.0268456375839,112.95302013422818
2013,경기,성남시중원구,15350AC400H106,1745.0,1914.0,157470.0,528.0,941.0,202338.0,340.0,53.92550143266476,109.68481375358165
2013,경기,수원시권선구,15350AC400H102,1893.0,2143.0,190708.0,591.0,1136.0,222335.0,425.0,60.01056524035921,113.20655044902273
2013,경기,수원시영통구,15350AC400H104,1256.0,1298.0,125116.0,626.0,800.0,160648.0,432.0,63.69426751592356,103.343949044586
2013,경기,수원시장안구,15350AC400H101,2075.0,2277.0,212615.0,627.0,1386.0,264882.0,440.0,66.79518072289157,109.73493975903614
2013,경기,수원시팔달구,15350AC400H103,1373.0,1589.0,140977.0,527.0,813.0,151238.0,328.0,59.21340131099782,115.73197378004369
2013,경기,시흥시,15350AC400H126,2471.0,3097.0,321469.0,660.0,1188.0,258561.0,418.0,48.0777013354917,125.33387292594091
2013,경기,안산시단원구,15350AC400H118,1379.0,1388.0,120119.0,444.0,931.0,184936.0,313.0,67.51269035532995,100.65264684554025
2013,경기,안산시상록구,15350AC400H117,1956.0,2277.0,204084.0,547.0,1226.0,229226.0,351.0,62.67893660531697,116.41104294478528
2013,경기,안성시,15350AC400H135,1502.0,1218.0,103091.0,360.0,1017.0,216627.0,195.0,67.70972037283622,81.0918774966711
2013,경기,안양시동안구,15350AC400H110,2022.0,2618.0,259575.0,790.0,979.0,184408.0,445.0,48.417408506429275,129.4757665677547
2013,경기,안양시만안구,15350AC400H109,1804.0,2298.0,226110.0,601.0,925.0,187650.0,348.0,51.274944567627486,127.38359201773837
2013,경기,양주시,15350AC400H139,1812.0,2191.0,224800.0,579.0,910.0,193710.0,303.0,50.22075055187638,120.91611479028697
2013,경기,양평군,15350AC400H144,1386.0,1215.0,118300.0,400.0,840.0,178086.0,206.0,60.60606060606061,87.66233766233766
2013,경기,여주시,15350AC400H147,1365.0,1418.0,141794.0,318.0,718.0,145828.0,174.0,52.600732600732606,103.8827838827839
2013,경기,연천군,15350AC400H142,650.0,635.0,61573.0,154.0,452.0,92607.0,105.0,69.53846153846153,97.6923076923077
2013,경기,오산시,15350AC400H125,944.0,1041.0,97545.0,317.0,574.0,111883.0,235.0,60.80508474576271,110.27542372881356
2013,경기,용인시기흥구,15350AC400H131,2187.0,2508.0,236651.0,798.0,1202.0,237341.0,481.0,54.96113397347965,114.67764060356653
2013,경기,용인시수지구,15350AC400H132,1926.0,2313.0,210175.0,709.0,1133.0,196433.0,445.0,58.82658359293873,120.09345794392523
2013,경기,용인시처인구,15350AC400H130,1854.0,1944.0,183766.0,480.0,1273.0,238791.0,326.0,68.66235167206041,104.85436893203884
2013,경기,의왕시,15350AC400H128,1008.0,1193.0,115153.0,470.0,536.0,110552.0,245.0,53.17460317460318,118.35317460317461
2013,경기,의정부시,15350AC400H108,3671.0,4734.0,452326.0,884.0,2107.0,376577.0,468.0,57.39580495777717,128.95668755107602
2013,경기,이천시,15350AC400H134,1799.0,2097.0,208704.0,397.0,928.0,197349.0,243.0,51.58421345191774,116.56475819899946
2013,경기,파주시,15350AC400H133,3008.0,3117.0,302146.0,803.0,1749.0,376750.0,437.0,58.14494680851063,103.62367021276594
2013,경기,평택시,15350AC400H115,3019.0,3406.0,304520.0,654.0,1608.0,318589.0,405.0,53.26266975819808,112.81881417687975
2013,경기,포천시,15350AC400H140,1911.0,2424.0,229225.0,420.0,893.0,190176.0,255.0,46.7294610151753,126.84458398744114
2013,경기,하남시,15350AC400H129,1009.0,1167.0,109936.0,357.0,489.0,112117.0,229.0,48.46382556987116,115.65906838453914
2013,경기,화성시,15350AC400H137,3010.0,3093.0,280573.0,905.0,1877.0,392563.0,541.0,62.35880398671097,102.75747508305648
2013,경남,거제시,15350AC400O111,1011.0,942.0,87936.0,263.0,445.0,111505.0,148.0,44.01582591493571,93.17507418397626
2013,경남,거창군,15350AC400O121,1130.0,1293.0,118092.0,228.0,602.0,127422.0,113.0,53.27433628318584,114.42477876106194
2013,경남,고성군,15350AC400O116,718.0,791.0,61379.0,186.0,423.0,83938.0,93.0,58.91364902506964,110.16713091922006
2013,경남,김해시,15350AC400O109,1765.0,2207.0,213643.0,571.0,737.0,142078.0,201.0,41.756373937677054,125.04249291784701
2013,경남,남해군,15350AC400O117,1038.0,1419.0,115532.0,245.0,420.0,82954.0,90.0,40.46242774566474,136.7052023121387
2013,경남,밀양시,15350AC400O110,1348.0,1985.0,162702.0,241.0,660.0,140168.0,115.0,48.96142433234421,147.25519287833828
2013,경남,사천시,15350AC400O108,1362.0,1787.0,163984.0,241.0,543.0,135633.0,99.0,39.86784140969163,131.20411160058737
2013,경남,산청군,15350AC400O119,798.0,808.0,78074.0,187.0,511.0,100609.0,86.0,64.03508771929825,101.2531328320802
2013,경남,양산시,15350AC400O112,1459.0,1824.0,190673.0,412.0,598.0,118275.0,142.0,40.986977381768334,125.01713502398903
2013,경남,의령군,15350AC400O113,605.0,754.0,70682.0,141.0,329.0,57959.0,83.0,54.3801652892562,124.62809917355371
2013,경남,진주시,15350AC400O106,2958.0,3958.0,386075.0,429.0,1305.0,286756.0,180.0,44.11764705882353,133.80662609871536
2013,경남,창녕군,15350AC400O115,926.0,1150.0,103284.0,256.0,333.0,77475.0,99.0,35.96112311015119,124.19006479481642
2013,경남,창원시 마산합포구,15350AC400O103,1535.0,1850.0,207132.0,326.0,672.0,140135.0,113.0,43.77850162866449,120.5211726384365
2013,경남,창원시 마산회원구,15350AC400O104,1090.0,1464.0,163847.0,295.0,331.0,67849.0,103.0,30.36697247706422,134.3119266055046
2013,경남,창원시 성산구,15350AC400O102,677.0,910.0,88522.0,335.0,262.0,57191.0,132.0,38.70014771048744,134.41654357459382
2013,경남,창원시 의창구,15350AC400O101,1169.0,1390.0,129749.0,364.0,656.0,127013.0,131.0,56.11633875106929,118.90504704875961
2013,경남,창원시 진해구,15350AC400O105,965.0,1083.0,113345.0,266.0,487.0,99919.0,113.0,50.46632124352332,112.22797927461139
2013,경남,통영시,15350AC400O107,804.0,798.0,78852.0,139.0,342.0,84187.0,63.0,42.53731343283582,99.25373134328358
2013,경남,하동군,15350AC400O118,1156.0,1588.0,136030.0,248.0,504.0,105153.0,97.0,43.59861591695502,137.37024221453288
2013,경남,함안군,15350AC400O114,905.0,1129.0,112273.0,205.0,378.0,84132.0,96.0,41.767955801104975,124.7513812154696
2013,경남,함양군,15350AC400O120,1239.0,1811.0,160945.0,182.0,706.0,123565.0,83.0,56.98143664245359,146.16626311541566
2013,경남,합천군,15350AC400O122,923.0,888.0,81457.0,249.0,538.0,135583.0,114.0,58.28819068255689,96.20801733477789
2013,경북,경산시,15350AC400N111,1809.0,2411.0,224388.0,540.0,778.0,171111.0,200.0,43.00718629076838,133.27805417357658
2013,경북,경주시,15350AC400N103,2525.0,3850.0,342718.0,470.0,809.0,172789.0,180.0,32.03960396039604,152.4752475247525
2013,경북,고령군,15350AC400N118,496.0,604.0,55871.0,163.0,240.0,56490.0,85.0,48.38709677419355,121.7741935483871
2013,경북,구미시,15350AC400N106,1942.0,2395.0,200514.0,455.0,1231.0,242379.0,255.0,63.38825952626158,123.3264675592173
2013,경북,군위군,15350AC400N112,625.0,809.0,75358.0,160.0,266.0,62245.0,78.0,42.559999999999995,129.44
2013,경북,김천시,15350AC400N104,1617.0,1951.0,165591.0,322.0,1005.0,193002.0,200.0,62.152133580705005,120.65553494124923
2013,경북,문경시,15350AC400N110,1485.0,1544.0,162801.0,236.0,673.0,154687.0,143.0,45.31986531986532,103.97306397306399
2013,경북,봉화군,15350AC400N122,470.0,361.0,33690.0,141.0,253.0,58779.0,62.0,53.829787234042556,76.80851063829788
2013,경북,상주시,15350AC400N109,1752.0,1645.0,164011.0,317.0,1026.0,200456.0,223.0,58.56164383561644,93.89269406392694
2013,경북,성주군,15350AC400N119,720.0,861.0,83536.0,182.0,333.0,75267.0,98.0,46.25,119.58333333333333
2013,경북,안동시,15350AC400N105,2411.0,3235.0,272301.0,347.0,1121.0,225366.0,176.0,46.49523019493986,134.17669017005392
2013,경북,영덕군,15350AC400N116,759.0,853.0,87377.0,167.0,292.0,68300.0,66.0,38.47167325428195,112.38471673254283
2013,경북,영양군,15350AC400N115,416.0,313.0,40339.0,98.0,251.0,53978.0,35.0,60.33653846153846,75.24038461538461
2013,경북,영주시,15350AC400N107,1560.0,1399.0,153116.0,259.0,802.0,201682.0,94.0,51.41025641025641,89.67948717948718
2013,경북,영천시,15350AC400N108,1722.0,2654.0,240031.0,272.0,583.0,110704.0,133.0,33.85598141695703,154.12311265969802
2013,경북,예천군,15350AC400N121,968.0,1072.0,108960.0,268.0,401.0,91481.0,143.0,41.425619834710744,110.74380165289257
2013,경북,울릉군,15350AC400N124,84.0,52.0,5649.0,37.0,56.0,15582.0,17.0,66.66666666666666,61.904761904761905
2013,경북,울진군,15350AC400N123,900.0,1084.0,109748.0,191.0,273.0,60626.0,94.0,30.333333333333336,120.44444444444444
2013,경북,의성군,15350AC400N113,1319.0,1553.0,132396.0,321.0,671.0,148493.0,157.0,50.87187263078089,117.74071266110691
2013,경북,청도군,15350AC400N117,1288.0,1913.0,177381.0,237.0,571.0,107425.0,97.0,44.33229813664597,148.5248447204969
2013,경북,청송군,15350AC400N114,597.0,522.0,49497.0,126.0,335.0,79177.0,64.0,56.11390284757118,87.43718592964824
2013,경북,칠곡군,15350AC400N120,1004.0,1110.0,109153.0,304.0,559.0,129534.0,143.0,55.677290836653384,110.55776892430278
2013,경북,포항시남구,15350AC400N101,1636.0,2166.0,206160.0,369.0,764.0,138795.0,124.0,46.69926650366748,132.3960880195599
2013,경북,포항시북구,15350AC400N102,1727.0,2303.0,221578.0,381.0,746.0,143347.0,157.0,43.196294151708166,133.35263462651997
2013,광주,광산구,15350AC400E105,2165.0,3025.0,271435.0,631.0,967.0,193302.0,259.0,44.665127020785214,139.7228637413395
2013,광주,남구,15350AC400E103,2000.0,2792.0,260995.0,569.0,794.0,159477.0,190.0,39.7,139.6
2013,광주,동구,15350AC400E101,1225.0,1730.0,154701.0,396.0,464.0,101474.0,144.0,37.87755102040816,141.22448979591837
2013,광주,북구,15350AC400E104,3149.0,4406.0,400529.0,749.0,1353.0,280979.0,303.0,42.96602095903461,139.9174341060654
2013,광주,서구,15350AC400E102,2123.0,2850.0,268423.0,636.0,993.0,194956.0,244.0,46.77343382006595,134.24399434762128
2013,대구,남구,15350AC400C104,1497.0,1903.0,186384.0,564.0,653.0,141126.0,229.0,43.62057448229793,127.12090848363393
2013,대구,달서구,15350AC400C107,3395.0,4452.0,429566.0,917.0,1418.0,313683.0,378.0,41.767304860088366,131.1340206185567
2013,대구,달성군,15350AC400C108,1389.0,1340.0,118307.0,429.0,936.0,203714.0,208.0,67.3866090712743,96.47228221742262
2013,대구,동구,15350AC400C102,2971.0,3776.0,376404.0,721.0,1486.0,301220.0,311.0,50.01682935038707,127.09525412319084
2013,대구,북구,15350AC400C105,2649.0,3199.0,314305.0,806.0,1253.0,284045.0,318.0,47.30086825217063,120.76255190637977
2013,대구,서구,15350AC400C103,1402.0,1642.0,151485.0,519.0,894.0,158264.0,201.0,63.7660485021398,117.11840228245364
2013,대구,수성구,15350AC400C106,2854.0,3613.0,337082.0,900.0,1304.0,271514.0,376.0,45.690259285213735,126.59425367904696
2013,대구,중구,15350AC400C101,712.0,893.0,80972.0,387.0,313.0,64440.0,168.0,43.96067415730337,125.42134831460675
2013,대전,대덕구,15350AC400F105,1515.0,1996.0,197001.0,556.0,653.0,133162.0,186.0,43.1023102310231,131.74917491749173
2013,대전,동구,15350AC400F101,2288.0,3154.0,300026.0,633.0,904.0,189315.0,192.0,39.51048951048951,137.84965034965035
2013,대전,서구,15350AC400F103,3515.0,4861.0,479064.0,927.0,1358.0,313239.0,343.0,38.63442389758179,138.29302987197724
2013,대전,유성구,15350AC400F104,2004.0,2636.0,253828.0,700.0,928.0,183217.0,295.0,46.30738522954092,131.53692614770458
2013,대전,중구,15350AC400F102,2898.0,4400.0,438332.0,659.0,946.0,204800.0,245.0,32.643202208419595,151.8288474810214
2013,부산,강서구,15350AC400B112,421.0,436.0,40571.0,232.0,193.0,44781.0,81.0,45.843230403800476,103.56294536817101
2013,부산,금정구,15350AC400B111,1540.0,1888.0,182943.0,538.0,600.0,139894.0,144.0,38.961038961038966,122.59740259740259
2013,부산,기장군,15350AC400B116,1061.0,1080.0,101811.0,303.0,544.0,132384.0,92.0,51.272384542884076,101.79076343072573
2013,부산,남구,15350AC400B107,1767.0,2559.0,258563.0,571.0,498.0,108501.0,173.0,28.183361629881155,144.82173174872665
2013,부산,동구,15350AC400B103,772.0,1021.0,103661.0,331.0,240.0,45362.0,79.0,31.088082901554404,132.2538860103627
2013,부산,동래구,15350AC400B106,1647.0,2364.0,252375.0,617.0,430.0,100049.0,158.0,26.10807528840316,143.53369763205828
2013,부산,부산진구,15350AC400B105,2262.0,3146.0,320614.0,672.0,596.0,133846.0,211.0,26.348364279398762,139.08045977011494
2013,부산,북구,15350AC400B108,1320.0,1635.0,167133.0,508.0,467.0,108905.0,143.0,35.378787878787875,123.86363636363636
2013,부산,사상구,15350AC400B115,1017.0,1224.0,109998.0,403.0,396.0,93450.0,124.0,38.93805309734513,120.35398230088497
2013,부산,사하구,15350AC400B110,1803.0,2251.0,212828.0,488.0,725.0,151765.0,162.0,40.21075984470327,124.84747642817527
2013,부산,서구,15350AC400B102,920.0,1144.0,123821.0,304.0,400.0,72646.0,84.0,43.47826086956522,124.34782608695652
2013,부산,수영구,15350AC400B114,1129.0,1500.0,147825.0,488.0,346.0,81055.0,143.0,30.646589902568643,132.86093888396812
2013,부산,연제구,15350AC400B113,1164.0,1578.0,161393.0,465.0,376.0,74302.0,142.0,32.302405498281786,135.56701030927834
2013,부산,영도구,15350AC400B104,1084.0,1443.0,148876.0,338.0,370.0,71039.0,101.0,34.132841328413285,133.1180811808118
2013,부산,중구,15350AC400B101,316.0,424.0,45336.0,185.0,88.0,19851.0,44.0,27.848101265822784,134.17721518987344
2013,부산,해운대구,15350AC400B109,2299.0,3278.0,335435.0,698.0,645.0,135176.0,233.0,28.055676381035234,142.58373205741626
2013,서울,강남구,15350AC400A123,3013.0,3844.0,386435.0,1299.0,1191.0,233768.0,731.0,39.528708927978755,127.58048456687688
2013,서울,강동구,15350AC400A125,2830.0,3517.0,323200.0,994.0,1457.0,271122.0,645.0,51.484098939929325,124.27561837455829
2013,서울,강북구,15350AC400A109,2260.0,2901.0,259224.0,868.0,1141.0,196854.0,455.0,50.48672566371681,128.36283185840708
2013,서울,강서구,15350AC400A116,4277.0,5773.0,535278.0,1330.0,1656.0,328340.0,761.0,38.71872808043021,134.97778816927752
2013,서울,관악구,15350AC400A121,2984.0,3992.0,391907.0,953.0,1257.0,235796.0,631.0,42.124664879356565,133.78016085790884
2013,서울,광진구,15350AC400A105,1913.0,2196.0,212440.0,804.0,1035.0,198420.0,486.0,54.103502352326196,114.79351803450078
2013,서울,구로구,15350AC400A117,2795.0,3906.0,381197.0,1029.0,1107.0,214239.0,609.0,39.60644007155635,139.74955277280858
2013,서울,금천구,15350AC400A118,1489.0,1771.0,172376.0,616.0,848.0,143512.0,319.0,56.950973807924775,118.93888515782405
2013,서울,노원구,15350AC400A111,4418.0,5542.0,559400.0,1316.0,2347.0,423006.0,805.0,53.12358533272974,125.4413761883205
2013,서울,도봉구,15350AC400A110,2770.0,3566.0,350098.0,1012.0,1407.0,238472.0,532.0,50.7942238267148,128.73646209386283
2013,서울,동대문구,15350AC400A106,2486.0,3115.0,307546.0,972.0,1035.0,192298.0,520.0,41.6331456154465,125.3016894609815
2013,서울,동작구,15350AC400A120,2800.0,3722.0,357675.0,1018.0,1173.0,217957.0,670.0,41.892857142857146,132.92857142857142
2013,서울,마포구,15350AC400A114,2488.0,3185.0,317395.0,965.0,1163.0,208049.0,596.0,46.744372990353696,128.0144694533762
2013,서울,서대문구,15350AC400A113,2265.0,2767.0,271443.0,944.0,1065.0,199532.0,514.0,47.019867549668874,122.16335540838853
2013,서울,서초구,15350AC400A122,2405.0,2657.0,253937.0,1032.0,1150.0,244169.0,658.0,47.81704781704782,110.47817047817048
2013,서울,성동구,15350AC400A104,1934.0,2387.0,241855.0,811.0,903.0,166913.0,496.0,46.690796277145814,123.42295760082732
2013,서울,성북구,15350AC400A108,3356.0,4297.0,435997.0,1198.0,1414.0,284421.0,689.0,42.13349225268176,128.03933253873657
2013,서울,송파구,15350AC400A124,3655.0,4168.0,399794.0,1282.0,1811.0,365917.0,787.0,49.54856361149111,114.03556771545828
2013,서울,양천구,15350AC400A115,3091.0,3847.0,391422.0,1094.0,1390.0,271479.0,688.0,44.969265609835006,124.45810417340665
2013,서울,영등포구,15350AC400A119,2341.0,3021.0,301812.0,971.0,871.0,177108.0,534.0,37.20632208457924,129.0474156343443
2013,서울,용산구,15350AC400A103,1707.0,2108.0,211076.0,740.0,741.0,133661.0,431.0,43.40949033391915,123.49150556531927
2013,서울,은평구,15350AC400A112,3730.0,4681.0,478005.0,1163.0,1716.0,321710.0,659.0,46.00536193029491,125.49597855227883
2013,서울,종로구,15350AC400A101,1093.0,1234.0,118820.0,603.0,513.0,103880.0,297.0,46.93504117108875,112.90027447392497
2013,서울,중구,15350AC400A102,850.0,975.0,92443.0,490.0,403.0,84701.0,275.0,47.411764705882355,114.70588235294117
2013,서울,중랑구,15350AC400A107,3012.0,3437.0,317593.0,990.0,1868.0,319583.0,540.0,62.01859229747676,114.11022576361222
2013,울산,남구,15350AC400G102,1161.0,1416.0,135246.0,387.0,523.0,93515.0,162.0,45.0473729543497,121.9638242894057
2013,울산,동구,15350AC400G103,666.0,964.0,87531.0,316.0,278.0,49349.0,114.0,41.74174174174174,144.74474474474474
2013,울산,북구,15350AC400G104,755.0,866.0,89597.0,308.0,367.0,76676.0,123.0,48.60927152317881,114.70198675496688
2013,울산,울주군,15350AC400G105,1412.0,1453.0,139754.0,370.0,893.0,162341.0,134.0,63.243626062322946,102.90368271954675
2013,울산,중구,15350AC400G101,1018.0,1355.0,135311.0,288.0,419.0,71525.0,120.0,41.15913555992142,133.10412573673872
2013,인천,강화군,15350AC400D109,1179.0,1054.0,90130.0,360.0,805.0,166097.0,164.0,68.27820186598814,89.39779474130619
2013,인천,계양구,15350AC400D107,2262.0,3085.0,287909.0,710.0,1017.0,201942.0,382.0,44.96021220159151,136.3837312113174
2013,인천,남동구,15350AC400D105,3954.0,5470.0,498637.0,1088.0,1715.0,385639.0,573.0,43.37379868487608,138.34092058674761
2013,인천,동구,15350AC400D102,855.0,1162.0,110164.0,389.0,336.0,72345.0,176.0,39.29824561403509,135.906432748538
2013,인천,미추홀구,15350AC400D103,3767.0,5344.0,465184.0,981.0,1674.0,357463.0,431.0,44.43854526148128,141.86355189806213
2013,인천,부평구,15350AC400D106,4516.0,6175.0,583827.0,1149.0,2129.0,429213.0,643.0,47.14348981399469,136.7360496014172
2013,인천,서구,15350AC400D108,2990.0,3636.0,336771.0,1043.0,1532.0,327920.0,503.0,51.23745819397993,121.60535117056857
2013,인천,연수구,15350AC400D104,1860.0,2496.0,219479.0,722.0,801.0,174314.0,348.0,43.064516129032256,134.1935483870968
2013,인천,옹진군,15350AC400D110,174.0,139.0,10997.0,129.0,112.0,26663.0,60.0,64.36781609195403,79.88505747126436
2013,인천,중구,15350AC400D101,1037.0,1273.0,117818.0,491.0,474.0,113373.0,185.0,45.70877531340405,122.7579556412729
2013,전남,강진군,15350AC400M113,846.0,1179.0,81117.0,189.0,421.0,73681.0,116.0,49.76359338061466,139.36170212765958
2013,전남,고흥군,15350AC400M109,1665.0,2076.0,180914.0,264.0,801.0,172292.0,191.0,48.10810810810811,124.68468468468468
2013,전남,곡성군,15350AC400M107,731.0,1089.0,78701.0,204.0,310.0,63067.0,74.0,42.40766073871409,148.97400820793433
2013,전남,광양시,15350AC400M105,1010.0,1163.0,114410.0,253.0,488.0,100429.0,134.0,48.31683168316832,115.14851485148515
2013,전남,구례군,15350AC400M108,624.0,1135.0,97339.0,157.0,170.0,34943.0,55.0,27.24358974358974,181.89102564102564
2013,전남,나주시,15350AC400M104,1299.0,1789.0,132682.0,330.0,594.0,131674.0,151.0,45.72748267898383,137.72132409545804
2013,전남,담양군,15350AC400M106,920.0,1260.0,102438.0,216.0,469.0,102450.0,95.0,50.97826086956522,136.95652173913044
2013,전남,목포시,15350AC400M101,1582.0,1868.0,169112.0,347.0,844.0,168215.0,141.0,53.35018963337548,118.07838179519597
2013,전남,무안군,15350AC400M116,997.0,1210.0,104014.0,260.0,515.0,117625.0,142.0,51.65496489468405,121.36409227683049
2013,전남,보성군,15350AC400M110,753.0,878.0,75902.0,239.0,296.0,69403.0,125.0,39.309428950863214,116.60026560424967
2013,전남,순천시,15350AC400M103,2260.0,2700.0,255219.0,478.0,1081.0,214234.0,221.0,47.83185840707965,119.46902654867257
2013,전남,신안군,15350AC400M122,711.0,816.0,65426.0,203.0,403.0,75619.0,101.0,56.68073136427567,114.76793248945147
2013,전남,여수시,15350AC400M102,2481.0,2733.0,279800.0,344.0,932.0,174389.0,157.0,37.565497783151955,110.15719467956468
2013,전남,영광군,15350AC400M118,918.0,1002.0,84047.0,211.0,478.0,111651.0,113.0,52.069716775599126,109.15032679738562
2013,전남,영암군,15350AC400M115,775.0,881.0,72607.0,214.0,386.0,82870.0,90.0,49.806451612903224,113.6774193548387
2013,전남,완도군,15350AC400M120,929.0,974.0,95189.0,168.0,606.0,103511.0,111.0,65.23143164693218,104.84391819160388
2013,전남,장성군,15350AC400M119,759.0,1276.0,99923.0,227.0,281.0,47775.0,87.0,37.02239789196311,168.1159420289855
2013,전남,장흥군,15350AC400M112,869.0,1034.0,104160.0,148.0,422.0,79713.0,140.0,48.56156501726122,118.9873417721519
2013,전남,진도군,15350AC400M121,529.0,676.0,56796.0,158.0,229.0,51732.0,106.0,43.28922495274102,127.7882797731569
2013,전남,함평군,15350AC400M117,700.0,640.0,58936.0,187.0,406.0,99104.0,88.0,57.99999999999999,91.42857142857143
2013,전남,해남군,15350AC400M114,1488.0,2029.0,166771.0,260.0,699.0,148149.0,167.0,46.975806451612904,136.35752688172042
2013,전남,화순군,15350AC400M111,1110.0,1806.0,164964.0,246.0,367.0,76404.0,102.0,33.06306306306306,162.7027027027027
2013,전북,고창군,15350AC400L114,1137.0,1750.0,146705.0,287.0,363.0,73170.0,112.0,31.926121372031663,153.91380826737026
2013,전북,군산시,15350AC400L103,2766.0,3185.0,299396.0,412.0,1573.0,295628.0,179.0,56.86912509038322,115.14822848879247
2013,전북,김제시,15350AC400L107,1550.0,2279.0,183536.0,365.0,695.0,140082.0,146.0,44.83870967741935,147.03225806451613
2013,전북,남원시,15350AC400L106,1399.0,1761.0,155536.0,254.0,823.0,157796.0,121.0,58.8277340957827,125.87562544674769
2013,전북,무주군,15350AC400L110,452.0,605.0,42682.0,129.0,204.0,48415.0,69.0,45.13274336283185,133.8495575221239
2013,전북,부안군,15350AC400L115,991.0,1396.0,133424.0,223.0,358.0,79405.0,128.0,36.12512613521695,140.86781029263372
2013,전북,순창군,15350AC400L113,617.0,932.0,84729.0,190.0,240.0,45629.0,72.0,38.897893030794165,151.05348460291734
2013,전북,완주군,15350AC400L108,955.0,1060.0,82055.0,295.0,605.0,124066.0,146.0,63.35078534031413,110.99476439790577
2013,전북,익산시,15350AC400L104,3210.0,4031.0,343231.0,513.0,1732.0,355462.0,239.0,53.95638629283489,125.57632398753896
2013,전북,임실군,15350AC400L112,595.0,894.0,76818.0,188.0,254.0,51117.0,87.0,42.6890756302521,150.25210084033614
2013,전북,장수군,15350AC400L111,496.0,682.0,59186.0,129.0,254.0,50622.0,63.0,51.20967741935484,137.5
2013,전북,전주시덕진구,15350AC400L102,1632.0,2081.0,174314.0,478.0,709.0,151932.0,187.0,43.443627450980394,127.51225490196079
2013,전북,전주시완산구,15350AC400L101,2177.0,2630.0,225358.0,542.0,1050.0,217488.0,228.0,48.231511254019296,120.80845199816261
2013,전북,정읍시,15350AC400L105,1653.0,2538.0,202043.0,355.0,727.0,123310.0,187.0,43.98064125831821,153.53901996370237
2013,전북,진안군,15350AC400L109,470.0,518.0,36807.0,140.0,367.0,62211.0,75.0,78.08510638297872,110.2127659574468
2013,제주,서귀포시,15350AC400P102,1966.0,1939.0,166201.0,220.0,1395.0,288240.0,98.0,70.95625635808749,98.6266531027467
2013,제주,제주시,15350AC400P101,4535.0,4799.0,408799.0,343.0,2531.0,675310.0,142.0,55.81036383682469,105.82138919514885
2013,충남,계룡시,15350AC400K108,347.0,368.0,33813.0,170.0,201.0,51578.0,67.0,57.925072046109506,106.05187319884726
2013,충남,공주시,15350AC400K103,1624.0,1921.0,205277.0,397.0,673.0,143015.0,157.0,41.44088669950739,118.28817733990147
2013,충남,금산군,15350AC400K109,878.0,1185.0,103406.0,304.0,365.0,82246.0,106.0,41.571753986332574,134.9658314350797
2013,충남,논산시,15350AC400K107,1835.0,2626.0,241794.0,433.0,669.0,156753.0,166.0,36.45776566757493,143.10626702997274
2013,충남,당진시,15350AC400K118,2080.0,2286.0,233678.0,458.0,931.0,209718.0,251.0,44.75961538461539,109.90384615384616
2013,충남,보령시,15350AC400K104,1591.0,1915.0,209576.0,382.0,634.0,123891.0,172.0,39.849151477058456,120.36455059710873
2013,충남,부여군,15350AC400K111,1494.0,1827.0,144469.0,364.0,789.0,152507.0,147.0,52.81124497991968,122.28915662650604
2013,충남,서산시,15350AC400K106,1789.0,2134.0,200837.0,374.0,898.0,187498.0,226.0,50.19564002235886,119.28451648965903
2013,충남,서천군,15350AC400K112,1298.0,1506.0,151959.0,299.0,490.0,122401.0,150.0,37.750385208012325,116.0246533127889
2013,충남,아산시,15350AC400K105,1686.0,1727.0,164561.0,514.0,826.0,183709.0,242.0,48.99169632265718,102.43179122182681
2013,충남,예산군,15350AC400K115,1363.0,1566.0,154371.0,365.0,532.0,123998.0,175.0,39.03154805575935,114.89361702127661
2013,충남,천안시동남구,15350AC400K101,1777.0,1884.0,181447.0,432.0,983.0,197318.0,249.0,55.31795160382668,106.0213843556556
2013,충남,천안시서북구,15350AC400K102,1599.0,1922.0,177790.0,456.0,774.0,161888.0,239.0,48.405253283302066,120.20012507817385
2013,충남,청양군,15350AC400K113,870.0,1016.0,104232.0,249.0,327.0,71877.0,111.0,37.58620689655172,116.7816091954023
2013,충남,태안군,15350AC400K116,1041.0,1131.0,119834.0,196.0,401.0,103902.0,101.0,38.52065321805956,108.64553314121036
2013,충남,홍성군,15350AC400K114,1393.0,2157.0,196255.0,348.0,457.0,81836.0,142.0,32.80689160086145,154.8456568557071
2013,충북,괴산군,15350AC400J111,846.0,850.0,83225.0,194.0,491.0,85666.0,124.0,58.03782505910166,100.47281323877068
2013,충북,단양군,15350AC400J113,505.0,555.0,48193.0,93.0,241.0,54845.0,64.0,47.72277227722772,109.9009900990099
2013,충북,보은군,15350AC400J106,549.0,458.0,39905.0,142.0,386.0,70050.0,110.0,70.30965391621129,83.42440801457195
2013,충북,영동군,15350AC400J108,964.0,1490.0,111914.0,188.0,372.0,87875.0,106.0,38.589211618257266,154.5643153526971
2013,충북,옥천군,15350AC400J107,709.0,758.0,63048.0,236.0,440.0,94046.0,135.0,62.05923836389281,106.91114245416078
2013,충북,음성군,15350AC400J112,1137.0,717.0,74091.0,259.0,956.0,190287.0,175.0,84.08091468777485,63.06068601583114
2013,충북,제천시,15350AC400J104,1180.0,1240.0,121101.0,236.0,570.0,120236.0,154.0,48.30508474576271,105.08474576271188
2013,충북,증평군,15350AC400J109,314.0,232.0,19510.0,89.0,272.0,53159.0,65.0,86.62420382165605,73.88535031847134
2013,충북,진천군,15350AC400J110,574.0,509.0,50599.0,165.0,332.0,71834.0,116.0,57.8397212543554,88.67595818815332
2013,충북,청원군,15350AC400J105,1640.0,1470.0,144263.0,441.0,998.0,210334.0,238.0,60.853658536585364,89.63414634146342
2013,충북,청주시상당구,15350AC400J101,1775.0,1562.0,163020.0,360.0,1023.0,236594.0,218.0,57.633802816901415,88.0
2013,충북,청주시흥덕구,15350AC400J102,2348.0,2205.0,214996.0,493.0,1287.0,291043.0,290.0,54.81260647359455,93.90971039182283
2013,충북,충주시,15350AC400J103,1879.0,1626.0,159438.0,308.0,1160.0,233495.0,206.0,61.73496540713145,86.53539116551357
2014,강원,강릉시,15350AC400I103,3297.0,3802.0,411089.0,312.0,1290.0,330832.0,174.0,39.12647861692447,115.31695480740068
2014,강원,고성군,15350AC400I117,538.0,446.0,41494.0,84.0,263.0,68806.0,42.0,48.88475836431227,82.8996282527881
2014,강원,동해시,15350AC400I104,1024.0,1152.0,114988.0,143.0,384.0,100423.0,72.0,37.5,112.5
2014,강원,삼척시,15350AC400I107,1031.0,1020.0,110882.0,186.0,380.0,94510.0,84.0,36.85741998060136,98.93307468477207
2014,강원,속초시,15350AC400I106,1182.0,1311.0,136504.0,141.0,506.0,128209.0,66.0,42.8087986463621,110.91370558375635
2014,강원,양구군,15350AC400I115,366.0,316.0,26307.0,59.0,205.0,43926.0,36.0,56.01092896174863,86.33879781420765
2014,강원,양양군,15350AC400I118,592.0,548.0,59575.0,86.0,269.0,74123.0,42.0,45.439189189189186,92.56756756756756
2014,강원,영월군,15350AC400I110,795.0,934.0,81735.0,150.0,306.0,72831.0,81.0,38.49056603773585,117.48427672955974
2014,강원,원주시,15350AC400I102,3072.0,3071.0,270282.0,443.0,1497.0,361312.0,268.0,48.73046875,99.96744791666666
2014,강원,인제군,15350AC400I116,329.0,289.0,21035.0,115.0,175.0,43776.0,71.0,53.191489361702125,87.84194528875379
2014,강원,정선군,15350AC400I112,488.0,454.0,30291.0,100.0,284.0,68105.0,64.0,58.19672131147541,93.0327868852459
2014,강원,철원군,15350AC400I113,558.0,551.0,54192.0,132.0,270.0,67521.0,64.0,48.38709677419355,98.74551971326166
2014,강원,춘천시,15350AC400I101,3632.0,4463.0,397236.0,434.0,1602.0,377853.0,221.0,44.107929515418505,122.87995594713657
2014,강원,태백시,15350AC400I105,516.0,476.0,33104.0,92.0,285.0,79675.0,41.0,55.23255813953488,92.24806201550388
2014,강원,평창군,15350AC400I111,574.0,488.0,40339.0,138.0,338.0,81320.0,122.0,58.88501742160279,85.01742160278745
2014,강원,홍천군,15350AC400I108,1035.0,1026.0,89098.0,199.0,498.0,114465.0,126.0,48.11594202898551,99.1304347826087
2014,강원,화천군,15350AC400I114,370.0,345.0,30309.0,86.0,189.0,48815.0,75.0,51.08108108108108,93.24324324324324
2014,강원,횡성군,15350AC400I109,753.0,606.0,45671.0,142.0,437.0,108404.0,101.0,58.03452855245684,80.47808764940238
2014,경기,가평군,15350AC400H143,1152.0,968.0,92882.0,214.0,596.0,162614.0,143.0,51.736111111111114,84.02777777777779
2014,경기,고양시덕양구,15350AC400H119,3533.0,3817.0,339559.0,901.0,1717.0,405499.0,502.0,48.59892442683272,108.03849419756581
2014,경기,고양시일산동구,15350AC400H145,2307.0,2337.0,204929.0,698.0,1099.0,262792.0,385.0,47.63762462071955,101.3003901170351
2014,경기,고양시일산서구,15350AC400H146,2271.0,2679.0,241608.0,705.0,898.0,202065.0,354.0,39.542051959489214,117.9656538969617
2014,경기,과천시,15350AC400H122,598.0,678.0,63408.0,270.0,220.0,58667.0,135.0,36.78929765886287,113.37792642140468
2014,경기,광명시,15350AC400H114,2446.0,2942.0,271713.0,840.0,906.0,207953.0,427.0,37.04006541291905,120.27800490596894
2014,경기,광주시,15350AC400H138,2124.0,2430.0,199481.0,637.0,932.0,218581.0,307.0,43.87947269303202,114.40677966101696
2014,경기,구리시,15350AC400H123,1392.0,1610.0,158445.0,449.0,542.0,118255.0,235.0,38.93678160919541,115.66091954022988
2014,경기,군포시,15350AC400H127,1833.0,1934.0,170623.0,566.0,893.0,219970.0,306.0,48.717948717948715,105.51009274413529
2014,경기,김포시,15350AC400H136,2476.0,2873.0,247018.0,885.0,1027.0,244091.0,411.0,41.478190630048466,116.03392568659127
2014,경기,남양주시,15350AC400H124,4834.0,5376.0,496954.0,1260.0,2237.0,502646.0,617.0,46.27637567232106,111.2122465866777
2014,경기,동두천시,15350AC400H116,1502.0,1664.0,175770.0,252.0,708.0,162815.0,129.0,47.13715046604528,110.78561917443407
2014,경기,부천시소사구,15350AC400H112,1854.0,2490.0,231286.0,637.0,661.0,141409.0,306.0,35.65264293419633,134.30420711974108
2014,경기,부천시오정구,15350AC400H113,1707.0,2169.0,215980.0,561.0,658.0,136481.0,259.0,38.54715875805507,127.06502636203867
2014,경기,부천시원미구,15350AC400H111,3385.0,4073.0,384065.0,1010.0,1429.0,334673.0,467.0,42.21565731166913,120.32496307237814
2014,경기,성남시분당구,15350AC400H107,3788.0,4317.0,384167.0,1134.0,1479.0,387585.0,552.0,39.04435058078142,113.96515311510032
2014,경기,성남시수정구,15350AC400H105,1771.0,1982.0,171708.0,532.0,776.0,186294.0,307.0,43.817052512704684,111.91417278373801
2014,경기,성남시중원구,15350AC400H106,2001.0,2163.0,186215.0,540.0,913.0,214602.0,325.0,45.627186406796596,108.095952023988
2014,경기,수원시권선구,15350AC400H102,2167.0,2436.0,213366.0,673.0,999.0,235015.0,354.0,46.10059990770651,112.41347485002306
2014,경기,수원시영통구,15350AC400H104,1459.0,1469.0,128749.0,671.0,718.0,167992.0,374.0,49.21178889650445,100.68540095956133
2014,경기,수원시장안구,15350AC400H101,2408.0,2556.0,232332.0,638.0,1141.0,278343.0,358.0,47.383720930232556,106.14617940199335
2014,경기,수원시팔달구,15350AC400H103,1543.0,1694.0,148104.0,561.0,688.0,164489.0,268.0,44.58846403110823,109.78613091380427
2014,경기,시흥시,15350AC400H126,2546.0,2837.0,284361.0,674.0,1141.0,271330.0,381.0,44.81539670070699,111.42969363707778
2014,경기,안산시단원구,15350AC400H118,1677.0,1600.0,136977.0,449.0,912.0,207044.0,296.0,54.38282647584973,95.40846750149076
2014,경기,안산시상록구,15350AC400H117,2434.0,2527.0,221410.0,596.0,1287.0,285909.0,334.0,52.8759244042728,103.82087099424815
2014,경기,안성시,15350AC400H135,1689.0,1408.0,106296.0,349.0,934.0,235726.0,177.0,55.29899348727058,83.36293664890468
2014,경기,안양시동안구,15350AC400H110,2306.0,2790.0,261919.0,797.0,897.0,208983.0,421.0,38.89852558542932,120.9887250650477
2014,경기,안양시만안구,15350AC400H109,2052.0,2510.0,233194.0,623.0,866.0,201125.0,295.0,42.20272904483431,122.31968810916179
2014,경기,양주시,15350AC400H139,2034.0,2264.0,217340.0,569.0,962.0,215618.0,278.0,47.29596853490659,111.30776794493609
2014,경기,양평군,15350AC400H144,1550.0,1489.0,124494.0,410.0,783.0,189894.0,201.0,50.516129032258064,96.06451612903226
2014,경기,여주시,15350AC400H147,1533.0,1608.0,147960.0,334.0,700.0,167793.0,153.0,45.662100456621005,104.89236790606653
2014,경기,연천군,15350AC400H142,686.0,670.0,63251.0,151.0,396.0,96406.0,110.0,57.7259475218659,97.667638483965
2014,경기,오산시,15350AC400H125,1091.0,1167.0,101258.0,344.0,512.0,121384.0,209.0,46.92942254812099,106.96608615948671
2014,경기,용인시기흥구,15350AC400H131,2572.0,2815.0,244145.0,868.0,1135.0,252660.0,432.0,44.129082426127525,109.44790046656298
2014,경기,용인시수지구,15350AC400H132,2297.0,2584.0,227304.0,683.0,1001.0,232112.0,375.0,43.57858075750979,112.49455811928601
2014,경기,용인시처인구,15350AC400H130,2144.0,2163.0,195959.0,539.0,1052.0,264877.0,286.0,49.06716417910448,100.88619402985076
2014,경기,의왕시,15350AC400H128,1194.0,1386.0,121664.0,507.0,526.0,120180.0,249.0,44.0536013400335,116.08040201005025
2014,경기,의정부시,15350AC400H108,4305.0,5269.0,489878.0,864.0,1942.0,442389.0,414.0,45.11033681765389,122.39256678281068
2014,경기,이천시,15350AC400H134,1962.0,2161.0,219368.0,397.0,823.0,209010.0,216.0,41.94699286442406,110.1427115188583
2014,경기,파주시,15350AC400H133,3435.0,3579.0,312371.0,869.0,1611.0,394015.0,428.0,46.8995633187773,104.19213973799127
2014,경기,평택시,15350AC400H115,3550.0,3845.0,338186.0,687.0,1533.0,368064.0,372.0,43.183098591549296,108.30985915492957
2014,경기,포천시,15350AC400H140,2192.0,2663.0,244298.0,453.0,934.0,223819.0,237.0,42.60948905109489,121.48722627737227
2014,경기,하남시,15350AC400H129,1163.0,1372.0,115939.0,402.0,487.0,121042.0,202.0,41.874462596732585,117.97076526225278
2014,경기,화성시,15350AC400H137,3507.0,3508.0,307368.0,1007.0,1736.0,415717.0,510.0,49.50099800399202,100.0285143997719
2014,경남,거제시,15350AC400O111,1177.0,1043.0,94455.0,291.0,504.0,128300.0,143.0,42.82073067119796,88.61512319456246
2014,경남,거창군,15350AC400O121,1210.0,1343.0,116731.0,222.0,537.0,139957.0,91.0,44.3801652892562,110.99173553719008
2014,경남,고성군,15350AC400O116,831.0,880.0,77401.0,199.0,337.0,88061.0,82.0,40.55354993983153,105.8965102286402
2014,경남,김해시,15350AC400O109,1983.0,2470.0,233120.0,608.0,613.0,148674.0,188.0,30.912758446797785,124.55874936964196
2014,경남,남해군,15350AC400O117,1250.0,1750.0,129102.0,287.0,411.0,99480.0,91.0,32.879999999999995,140.0
2014,경남,밀양시,15350AC400O110,1554.0,2218.0,180932.0,303.0,604.0,153274.0,98.0,38.86743886743887,142.72844272844273
2014,경남,사천시,15350AC400O108,1522.0,1873.0,177251.0,270.0,603.0,144875.0,91.0,39.61892247043364,123.06176084099869
2014,경남,산청군,15350AC400O119,941.0,952.0,89950.0,228.0,450.0,113733.0,80.0,47.82146652497343,101.16896918172158
2014,경남,양산시,15350AC400O112,1707.0,2091.0,216853.0,433.0,478.0,128249.0,122.0,28.002343292325715,122.49560632688927
2014,경남,의령군,15350AC400O113,632.0,806.0,72209.0,166.0,220.0,60644.0,71.0,34.810126582278485,127.53164556962024
2014,경남,진주시,15350AC400O106,3428.0,4252.0,437501.0,487.0,1214.0,315072.0,173.0,35.41423570595099,124.03733955659277
2014,경남,창녕군,15350AC400O115,1114.0,1382.0,132776.0,257.0,340.0,87337.0,107.0,30.520646319569124,124.05745062836624
2014,경남,창원시 마산합포구,15350AC400O103,1646.0,1920.0,220814.0,333.0,504.0,134925.0,98.0,30.619684082624545,116.6464155528554
2014,경남,창원시 마산회원구,15350AC400O104,1152.0,1494.0,166518.0,286.0,251.0,65932.0,87.0,21.788194444444446,129.6875
2014,경남,창원시 성산구,15350AC400O102,769.0,968.0,89351.0,354.0,243.0,57050.0,119.0,31.599479843953187,125.8777633289987
2014,경남,창원시 의창구,15350AC400O101,1327.0,1566.0,143238.0,411.0,498.0,129769.0,114.0,37.52825923134891,118.01055011303691
2014,경남,창원시 진해구,15350AC400O105,1084.0,1190.0,119565.0,256.0,407.0,104074.0,98.0,37.54612546125461,109.77859778597785
2014,경남,통영시,15350AC400O107,979.0,989.0,91519.0,193.0,374.0,94027.0,70.0,38.20224719101123,101.02145045965271
2014,경남,하동군,15350AC400O118,1357.0,1784.0,149175.0,250.0,453.0,118729.0,86.0,33.38246131171702,131.46647015475313
2014,경남,함안군,15350AC400O114,1013.0,1133.0,121434.0,214.0,360.0,94585.0,85.0,35.53800592300099,111.84600197433366
2014,경남,함양군,15350AC400O120,1239.0,1839.0,145815.0,190.0,464.0,124357.0,76.0,37.44955609362389,148.42615012106538
2014,경남,합천군,15350AC400O122,1069.0,967.0,79890.0,270.0,608.0,165102.0,156.0,56.8755846585594,90.45837231057062
2014,경북,경산시,15350AC400N111,2160.0,2756.0,237980.0,583.0,866.0,193089.0,217.0,40.09259259259259,127.5925925925926
2014,경북,경주시,15350AC400N103,2836.0,4094.0,361622.0,473.0,731.0,193788.0,163.0,25.77574047954866,144.35825105782794
2014,경북,고령군,15350AC400N118,582.0,674.0,56384.0,167.0,246.0,61810.0,76.0,42.2680412371134,115.80756013745706
2014,경북,구미시,15350AC400N106,2200.0,2507.0,206950.0,484.0,1138.0,271065.0,229.0,51.72727272727272,113.95454545454547
2014,경북,군위군,15350AC400N112,697.0,878.0,82220.0,154.0,256.0,64755.0,75.0,36.728837876614065,125.96843615494979
2014,경북,김천시,15350AC400N104,1847.0,2083.0,171343.0,332.0,858.0,207470.0,196.0,46.453708716838115,112.77747698971305
2014,경북,문경시,15350AC400N110,1672.0,1685.0,169936.0,287.0,710.0,175282.0,137.0,42.464114832535884,100.77751196172248
2014,경북,봉화군,15350AC400N122,547.0,388.0,35143.0,128.0,317.0,77154.0,52.0,57.95246800731262,70.93235831809872
2014,경북,상주시,15350AC400N109,1948.0,1814.0,180078.0,373.0,908.0,218831.0,201.0,46.61190965092403,93.1211498973306
2014,경북,성주군,15350AC400N119,779.0,856.0,80208.0,180.0,296.0,78331.0,94.0,37.997432605905004,109.88446726572529
2014,경북,안동시,15350AC400N105,2722.0,3589.0,308518.0,407.0,914.0,226269.0,172.0,33.57825128581925,131.85157972079352
2014,경북,영덕군,15350AC400N116,828.0,908.0,92049.0,176.0,259.0,68865.0,75.0,31.280193236714975,109.66183574879227
2014,경북,영양군,15350AC400N115,483.0,384.0,45124.0,107.0,242.0,60039.0,42.0,50.103519668737064,79.5031055900621
2014,경북,영주시,15350AC400N107,1627.0,1424.0,159825.0,263.0,769.0,207516.0,106.0,47.26490473263675,87.52304855562384
2014,경북,영천시,15350AC400N108,1912.0,2840.0,269925.0,340.0,529.0,127867.0,142.0,27.6673640167364,148.53556485355648
2014,경북,예천군,15350AC400N121,1019.0,1091.0,107068.0,280.0,404.0,98234.0,142.0,39.646712463199215,107.0657507360157
2014,경북,울릉군,15350AC400N124,91.0,52.0,4791.0,43.0,56.0,13935.0,18.0,61.53846153846154,57.14285714285714
2014,경북,울진군,15350AC400N123,1027.0,1222.0,128449.0,226.0,283.0,68090.0,105.0,27.55598831548199,118.9873417721519
2014,경북,의성군,15350AC400N113,1465.0,1659.0,139112.0,338.0,598.0,150925.0,160.0,40.81911262798635,113.24232081911263
2014,경북,청도군,15350AC400N117,1339.0,1837.0,176856.0,231.0,505.0,124785.0,97.0,37.71471247199403,137.1919342793129
2014,경북,청송군,15350AC400N114,642.0,539.0,54176.0,143.0,321.0,85568.0,60.0,50.0,83.95638629283489
2014,경북,칠곡군,15350AC400N120,1152.0,1160.0,108503.0,299.0,575.0,143529.0,150.0,49.91319444444444,100.69444444444444
2014,경북,포항시남구,15350AC400N101,1985.0,2643.0,239146.0,370.0,557.0,143819.0,102.0,28.060453400503775,133.14861460957178
2014,경북,포항시북구,15350AC400N102,1964.0,2535.0,245642.0,438.0,537.0,138281.0,131.0,27.342158859470466,129.0733197556008
2014,광주,광산구,15350AC400E105,2487.0,3457.0,299647.0,672.0,770.0,188070.0,210.0,30.960997185363894,139.00281463610776
2014,광주,남구,15350AC400E103,2184.0,3074.0,275584.0,617.0,634.0,153732.0,172.0,29.029304029304033,140.75091575091577
2014,광주,동구,15350AC400E101,1360.0,1834.0,166424.0,417.0,442.0,110661.0,131.0,32.5,134.8529411764706
2014,광주,북구,15350AC400E104,3670.0,5141.0,444028.0,762.0,1137.0,285420.0,260.0,30.980926430517712,140.08174386920982
2014,광주,서구,15350AC400E102,2429.0,3280.0,282639.0,660.0,782.0,192626.0,203.0,32.194318649650064,135.0349938246192
2014,대구,남구,15350AC400C104,1714.0,2052.0,196968.0,591.0,642.0,152140.0,230.0,37.45624270711785,119.71995332555426
2014,대구,달서구,15350AC400C107,3912.0,4797.0,462368.0,962.0,1457.0,333909.0,379.0,37.24437627811861,122.62269938650307
2014,대구,달성군,15350AC400C108,1531.0,1361.0,124954.0,450.0,838.0,209437.0,208.0,54.73546701502286,88.89614630960156
2014,대구,동구,15350AC400C102,3365.0,4100.0,384642.0,786.0,1384.0,324777.0,302.0,41.129271916790486,121.84249628528974
2014,대구,북구,15350AC400C105,3075.0,3509.0,337009.0,800.0,1268.0,305392.0,319.0,41.235772357723576,114.11382113821138
2014,대구,서구,15350AC400C103,1663.0,1796.0,158925.0,527.0,777.0,179669.0,215.0,46.72279013830427,107.99759470835839
2014,대구,수성구,15350AC400C106,3243.0,3963.0,353682.0,968.0,1217.0,286186.0,366.0,37.52698119025594,122.20166512488437
2014,대구,중구,15350AC400C101,834.0,1004.0,92058.0,380.0,313.0,73375.0,147.0,37.52997601918465,120.38369304556356
2014,대전,대덕구,15350AC400F105,1738.0,2209.0,209442.0,540.0,630.0,148484.0,181.0,36.24856156501726,127.10011507479861
2014,대전,동구,15350AC400F101,2649.0,3398.0,319115.0,660.0,900.0,214193.0,195.0,33.975084937712346,128.27482068705172
2014,대전,서구,15350AC400F103,4100.0,5306.0,505877.0,925.0,1452.0,352918.0,330.0,35.41463414634146,129.41463414634146
2014,대전,유성구,15350AC400F104,2207.0,2706.0,257285.0,710.0,821.0,201272.0,275.0,37.199818758495695,122.60987766198458
2014,대전,중구,15350AC400F102,3225.0,4530.0,455383.0,700.0,931.0,227908.0,234.0,28.868217054263567,140.46511627906978
2014,부산,강서구,15350AC400B112,479.0,512.0,43193.0,254.0,186.0,45792.0,76.0,38.83089770354906,106.88935281837159
2014,부산,금정구,15350AC400B111,1708.0,2031.0,191775.0,551.0,528.0,139230.0,128.0,30.913348946135834,118.91100702576112
2014,부산,기장군,15350AC400B116,1235.0,1201.0,111544.0,352.0,584.0,148900.0,94.0,47.28744939271255,97.24696356275304
2014,부산,남구,15350AC400B107,2061.0,2848.0,270773.0,624.0,449.0,110395.0,144.0,21.7855409995148,138.18534691897136
2014,부산,동구,15350AC400B103,937.0,1204.0,115388.0,366.0,221.0,52552.0,59.0,23.585912486659552,128.49519743863394
2014,부산,동래구,15350AC400B106,1832.0,2514.0,252253.0,624.0,427.0,107568.0,136.0,23.307860262008735,137.22707423580786
2014,부산,부산진구,15350AC400B105,2563.0,3495.0,348978.0,685.0,519.0,129868.0,166.0,20.249707374170896,136.36363636363635
2014,부산,북구,15350AC400B108,1495.0,1824.0,172166.0,545.0,428.0,107565.0,126.0,28.62876254180602,122.00668896321069
2014,부산,사상구,15350AC400B115,1139.0,1353.0,127305.0,450.0,366.0,94677.0,106.0,32.13345039508341,118.78841088674275
2014,부산,사하구,15350AC400B110,1984.0,2467.0,236093.0,488.0,525.0,142765.0,118.0,26.461693548387093,124.34475806451613
2014,부산,서구,15350AC400B102,994.0,1210.0,124607.0,324.0,274.0,72145.0,66.0,27.565392354124747,121.73038229376259
2014,부산,수영구,15350AC400B114,1266.0,1646.0,154671.0,512.0,317.0,78474.0,119.0,25.039494470774095,130.01579778830964
2014,부산,연제구,15350AC400B113,1352.0,1840.0,176936.0,548.0,310.0,74091.0,135.0,22.928994082840237,136.09467455621302
2014,부산,영도구,15350AC400B104,1172.0,1509.0,154390.0,360.0,279.0,73177.0,89.0,23.805460750853243,128.7542662116041
2014,부산,중구,15350AC400B101,369.0,528.0,50549.0,219.0,79.0,19627.0,31.0,21.40921409214092,143.08943089430895
2014,부산,해운대구,15350AC400B109,2609.0,3614.0,345686.0,758.0,637.0,138172.0,206.0,24.415484860099653,138.52050594097355
2014,서울,강남구,15350AC400A123,3425.0,4196.0,392101.0,1313.0,1134.0,255741.0,678.0,33.10948905109489,122.5109489051095
2014,서울,강동구,15350AC400A125,3255.0,3926.0,344160.0,1062.0,1281.0,290681.0,595.0,39.35483870967742,120.61443932411674
2014,서울,강북구,15350AC400A109,2829.0,3591.0,315093.0,928.0,1054.0,225085.0,455.0,37.25698126546483,126.9353128313892
2014,서울,강서구,15350AC400A116,5112.0,6770.0,614781.0,1482.0,1661.0,367353.0,700.0,32.49217527386541,132.43348982785602
2014,서울,관악구,15350AC400A121,3409.0,4379.0,407344.0,1031.0,1094.0,246786.0,579.0,32.09152244059841,128.4540921091229
2014,서울,광진구,15350AC400A105,2224.0,2515.0,227538.0,872.0,942.0,213471.0,435.0,42.356115107913666,113.08453237410072
2014,서울,구로구,15350AC400A117,3240.0,4352.0,411016.0,1123.0,1042.0,233813.0,553.0,32.160493827160494,134.320987654321
2014,서울,금천구,15350AC400A118,1726.0,2068.0,187871.0,616.0,659.0,151706.0,276.0,38.180764774044036,119.81460023174971
2014,서울,노원구,15350AC400A111,5042.0,6151.0,578103.0,1394.0,1938.0,457548.0,706.0,38.43712812376041,121.99523998413329
2014,서울,도봉구,15350AC400A110,3140.0,3844.0,353685.0,996.0,1261.0,277182.0,509.0,40.15923566878981,122.42038216560509
2014,서울,동대문구,15350AC400A106,2962.0,3689.0,348940.0,1019.0,947.0,201951.0,481.0,31.971640783254557,124.54422687373396
2014,서울,동작구,15350AC400A120,3176.0,4005.0,376587.0,1099.0,1018.0,238586.0,584.0,32.0528967254408,126.10201511335013
2014,서울,마포구,15350AC400A114,2775.0,3388.0,326033.0,1061.0,988.0,227985.0,562.0,35.60360360360361,122.09009009009009
2014,서울,서대문구,15350AC400A113,2577.0,3102.0,292686.0,985.0,922.0,213610.0,464.0,35.77803647652309,120.37252619324796
2014,서울,서초구,15350AC400A122,2886.0,3142.0,282719.0,1146.0,1108.0,258229.0,613.0,38.39223839223839,108.87040887040887
2014,서울,성동구,15350AC400A104,2106.0,2482.0,239945.0,817.0,758.0,176614.0,449.0,35.99240265906933,117.85375118708453
2014,서울,성북구,15350AC400A108,3810.0,4685.0,453324.0,1224.0,1309.0,301487.0,585.0,34.356955380577425,122.96587926509186
2014,서울,송파구,15350AC400A124,4186.0,4810.0,437312.0,1445.0,1576.0,377475.0,733.0,37.649307214524605,114.90683229813665
2014,서울,양천구,15350AC400A115,3646.0,4454.0,417767.0,1195.0,1326.0,292330.0,650.0,36.36862314865606,122.16127262753702
2014,서울,영등포구,15350AC400A119,2694.0,3404.0,324155.0,1035.0,831.0,190156.0,523.0,30.846325167037865,126.35486265775798
2014,서울,용산구,15350AC400A103,1902.0,2344.0,217967.0,803.0,604.0,142967.0,373.0,31.756046267087278,123.23869610935859
2014,서울,은평구,15350AC400A112,4124.0,4869.0,468031.0,1145.0,1497.0,351684.0,557.0,36.299709020368574,118.06498545101843
2014,서울,종로구,15350AC400A101,1295.0,1449.0,136889.0,620.0,486.0,116150.0,289.0,37.52895752895753,111.89189189189189
2014,서울,중구,15350AC400A102,982.0,1101.0,98684.0,535.0,390.0,92298.0,276.0,39.71486761710794,112.11812627291242
2014,서울,중랑구,15350AC400A107,3492.0,4043.0,351224.0,1018.0,1446.0,345499.0,509.0,41.40893470790378,115.77892325315007
2014,울산,남구,15350AC400G102,1286.0,1502.0,139592.0,389.0,400.0,92029.0,129.0,31.104199066874028,116.79626749611198
2014,울산,동구,15350AC400G103,750.0,1062.0,89177.0,306.0,203.0,46711.0,106.0,27.066666666666666,141.6
2014,울산,북구,15350AC400G104,842.0,996.0,88473.0,334.0,321.0,76165.0,87.0,38.12351543942993,118.2897862232779
2014,울산,울주군,15350AC400G105,1538.0,1638.0,146363.0,402.0,652.0,168521.0,114.0,42.392717815344604,106.50195058517555
2014,울산,중구,15350AC400G101,1148.0,1499.0,140281.0,309.0,314.0,75336.0,96.0,27.35191637630662,130.57491289198606
2014,인천,강화군,15350AC400D109,1304.0,1164.0,106386.0,398.0,715.0,181413.0,159.0,54.831288343558285,89.2638036809816
2014,인천,계양구,15350AC400D107,2558.0,3289.0,312213.0,752.0,996.0,223417.0,370.0,38.93666927286943,128.5770132916341
2014,인천,남동구,15350AC400D105,4495.0,5919.0,530771.0,1126.0,1775.0,415190.0,513.0,39.48832035595105,131.6796440489433
2014,인천,동구,15350AC400D102,944.0,1278.0,114815.0,379.0,345.0,80145.0,158.0,36.54661016949153,135.3813559322034
2014,인천,미추홀구,15350AC400D103,4208.0,5713.0,485705.0,1012.0,1670.0,393418.0,411.0,39.68631178707224,135.76520912547528
2014,인천,부평구,15350AC400D106,5050.0,6668.0,601815.0,1213.0,1987.0,466169.0,557.0,39.34653465346535,132.03960396039605
2014,인천,서구,15350AC400D108,3502.0,4146.0,366725.0,1104.0,1505.0,362212.0,470.0,42.97544260422615,118.38949171901771
2014,인천,연수구,15350AC400D104,2211.0,2967.0,243350.0,763.0,833.0,200557.0,330.0,37.67526006331977,134.19267299864316
2014,인천,옹진군,15350AC400D110,205.0,157.0,11062.0,134.0,124.0,29564.0,62.0,60.48780487804878,76.58536585365854
2014,인천,중구,15350AC400D101,1169.0,1389.0,122984.0,519.0,489.0,121188.0,194.0,41.830624465355,118.81950384944398
2014,전남,강진군,15350AC400M113,961.0,1314.0,101527.0,259.0,322.0,73496.0,114.0,33.50676378772112,136.73257023933402
2014,전남,고흥군,15350AC400M109,1819.0,2279.0,190807.0,351.0,752.0,186295.0,194.0,41.34139637163277,125.28862012094557
2014,전남,곡성군,15350AC400M107,860.0,1367.0,93202.0,224.0,272.0,67072.0,75.0,31.627906976744185,158.95348837209303
2014,전남,광양시,15350AC400M105,1135.0,1191.0,119765.0,259.0,489.0,118645.0,124.0,43.08370044052863,104.93392070484582
2014,전남,구례군,15350AC400M108,693.0,1269.0,104444.0,150.0,209.0,39795.0,55.0,30.158730158730158,183.11688311688312
2014,전남,나주시,15350AC400M104,1637.0,2273.0,159823.0,367.0,570.0,136111.0,139.0,34.81979230299328,138.85155772755041
2014,전남,담양군,15350AC400M106,1039.0,1386.0,115010.0,236.0,433.0,110573.0,93.0,41.67468719923003,133.39749759384023
2014,전남,목포시,15350AC400M101,1729.0,1956.0,168462.0,379.0,719.0,165286.0,129.0,41.58473105841527,113.12897628687102
2014,전남,무안군,15350AC400M116,1083.0,1205.0,104400.0,284.0,488.0,121306.0,142.0,45.06001846722069,111.26500461680517
2014,전남,보성군,15350AC400M110,878.0,1073.0,88297.0,272.0,295.0,69944.0,118.0,33.59908883826879,122.20956719817768
2014,전남,순천시,15350AC400M103,2584.0,3190.0,291247.0,522.0,899.0,217012.0,180.0,34.79102167182663,123.45201238390094
2014,전남,신안군,15350AC400M122,756.0,851.0,70869.0,222.0,329.0,74052.0,106.0,43.51851851851852,112.56613756613756
2014,전남,여수시,15350AC400M102,2962.0,3269.0,373862.0,412.0,853.0,205121.0,162.0,28.7981093855503,110.36461850101283
2014,전남,영광군,15350AC400M118,1021.0,1039.0,88689.0,232.0,471.0,119288.0,113.0,46.13124387855044,101.76297747306562
2014,전남,영암군,15350AC400M115,925.0,1054.0,83201.0,244.0,410.0,95656.0,107.0,44.32432432432433,113.94594594594594
2014,전남,완도군,15350AC400M120,1036.0,1094.0,99527.0,202.0,462.0,112310.0,127.0,44.5945945945946,105.5984555984556
2014,전남,장성군,15350AC400M119,928.0,1480.0,113759.0,251.0,223.0,54247.0,78.0,24.030172413793103,159.48275862068965
2014,전남,장흥군,15350AC400M112,1021.0,1247.0,122027.0,180.0,307.0,83452.0,111.0,30.068560235063664,122.13516160626835
2014,전남,진도군,15350AC400M121,578.0,708.0,62133.0,167.0,209.0,53203.0,91.0,36.15916955017301,122.49134948096885
2014,전남,함평군,15350AC400M117,822.0,755.0,65907.0,191.0,420.0,100930.0,85.0,51.09489051094891,91.8491484184915
2014,전남,해남군,15350AC400M114,1686.0,2228.0,179476.0,264.0,616.0,152128.0,137.0,36.5361803084223,132.14709371293
2014,전남,화순군,15350AC400M111,1156.0,1707.0,156506.0,253.0,357.0,82252.0,99.0,30.88235294117647,147.6643598615917
2014,전북,고창군,15350AC400L114,1361.0,1946.0,173410.0,305.0,323.0,77057.0,116.0,23.732549595885377,142.98310066127846
2014,전북,군산시,15350AC400L103,3054.0,3572.0,326976.0,467.0,1170.0,309455.0,161.0,38.31041257367387,116.9613621480026
2014,전북,김제시,15350AC400L107,1736.0,2498.0,190808.0,399.0,586.0,147648.0,135.0,33.755760368663594,143.89400921658986
2014,전북,남원시,15350AC400L106,1495.0,1892.0,160909.0,308.0,613.0,161295.0,117.0,41.00334448160535,126.5551839464883
2014,전북,무주군,15350AC400L110,529.0,715.0,52966.0,146.0,212.0,49273.0,70.0,40.07561436672968,135.16068052930058
2014,전북,부안군,15350AC400L115,1041.0,1431.0,123652.0,261.0,327.0,87014.0,128.0,31.412103746397698,137.46397694524495
2014,전북,순창군,15350AC400L113,728.0,1061.0,94133.0,187.0,199.0,54079.0,71.0,27.335164835164832,145.74175824175825
2014,전북,완주군,15350AC400L108,1081.0,1276.0,90972.0,348.0,457.0,121893.0,130.0,42.275670675300645,118.03885291396854
2014,전북,익산시,15350AC400L104,3675.0,4596.0,379492.0,595.0,1466.0,374480.0,230.0,39.89115646258504,125.0612244897959
2014,전북,임실군,15350AC400L112,648.0,974.0,78670.0,202.0,195.0,50783.0,82.0,30.09259259259259,150.30864197530863
2014,전북,장수군,15350AC400L111,523.0,656.0,58347.0,130.0,213.0,51869.0,63.0,40.72657743785851,125.4302103250478
2014,전북,전주시덕진구,15350AC400L102,1787.0,2255.0,177134.0,498.0,582.0,144749.0,163.0,32.56855064353665,126.18914381645216
2014,전북,전주시완산구,15350AC400L101,2507.0,3111.0,247364.0,632.0,854.0,210886.0,194.0,34.06461906661348,124.09254088552055
2014,전북,정읍시,15350AC400L105,1905.0,3022.0,242190.0,366.0,516.0,127992.0,170.0,27.086614173228345,158.63517060367454
2014,전북,진안군,15350AC400L109,531.0,579.0,42901.0,161.0,254.0,67414.0,73.0,47.83427495291902,109.03954802259888
2014,제주,서귀포시,15350AC400P102,2105.0,1952.0,156262.0,225.0,1226.0,318835.0,98.0,58.24228028503563,92.73159144893111
2014,제주,제주시,15350AC400P101,4910.0,5075.0,431119.0,361.0,2662.0,728083.0,144.0,54.215885947046836,103.36048879837068
2014,충남,계룡시,15350AC400K108,379.0,385.0,36321.0,195.0,218.0,54848.0,71.0,57.519788918205805,101.58311345646437
2014,충남,공주시,15350AC400K103,1771.0,2012.0,217274.0,399.0,643.0,161038.0,157.0,36.307171089779786,113.60813099943535
2014,충남,금산군,15350AC400K109,976.0,1265.0,110889.0,310.0,407.0,92797.0,113.0,41.700819672131146,129.61065573770492
2014,충남,논산시,15350AC400K107,2013.0,2741.0,241907.0,455.0,663.0,173703.0,176.0,32.93591654247392,136.16492796820665
2014,충남,당진시,15350AC400K118,2314.0,2446.0,250350.0,452.0,900.0,227067.0,232.0,38.89369057908384,105.70440795159897
2014,충남,보령시,15350AC400K104,1796.0,2162.0,225497.0,416.0,604.0,146669.0,173.0,33.630289532293986,120.37861915367483
2014,충남,부여군,15350AC400K111,1576.0,1897.0,149775.0,341.0,651.0,167384.0,161.0,41.307106598984774,120.36802030456852
2014,충남,서산시,15350AC400K106,2000.0,2295.0,211352.0,426.0,844.0,206452.0,204.0,42.199999999999996,114.75
2014,충남,서천군,15350AC400K112,1377.0,1605.0,157749.0,302.0,496.0,131158.0,148.0,36.02033405954975,116.55773420479304
2014,충남,아산시,15350AC400K105,1994.0,1993.0,186172.0,567.0,869.0,210283.0,280.0,43.580742226680044,99.94984954864594
2014,충남,예산군,15350AC400K115,1501.0,1709.0,164112.0,391.0,511.0,121527.0,172.0,34.0439706862092,113.85742838107929
2014,충남,천안시동남구,15350AC400K101,2046.0,2039.0,181599.0,458.0,953.0,229133.0,253.0,46.57869012707722,99.65786901270772
2014,충남,천안시서북구,15350AC400K102,1882.0,2137.0,180767.0,507.0,789.0,181765.0,239.0,41.92348565356004,113.54941551540914
2014,충남,청양군,15350AC400K113,910.0,1032.0,107763.0,246.0,312.0,79686.0,114.0,34.285714285714285,113.4065934065934
2014,충남,태안군,15350AC400K116,1122.0,1213.0,119256.0,248.0,426.0,101282.0,105.0,37.967914438502675,108.11051693404634
2014,충남,홍성군,15350AC400K114,1565.0,2407.0,219912.0,389.0,368.0,89339.0,138.0,23.51437699680511,153.80191693290735
2014,충북,괴산군,15350AC400J111,949.0,908.0,89762.0,193.0,421.0,103812.0,116.0,44.36248682824026,95.67966280295047
2014,충북,단양군,15350AC400J113,551.0,584.0,50259.0,112.0,255.0,61852.0,72.0,46.27949183303085,105.98911070780399
2014,충북,보은군,15350AC400J106,593.0,483.0,45422.0,181.0,292.0,75230.0,99.0,49.24114671163575,81.45025295109612
2014,충북,영동군,15350AC400J108,1128.0,1948.0,131963.0,206.0,385.0,93495.0,105.0,34.13120567375886,172.69503546099293
2014,충북,옥천군,15350AC400J107,800.0,804.0,71125.0,262.0,407.0,99160.0,105.0,50.875,100.49999999999999
2014,충북,음성군,15350AC400J112,1169.0,727.0,71239.0,258.0,725.0,193700.0,157.0,62.01881950384944,62.18990590248076
2014,충북,제천시,15350AC400J104,1366.0,1447.0,133098.0,268.0,563.0,125909.0,145.0,41.21522693997072,105.92972181551976
2014,충북,증평군,15350AC400J109,386.0,332.0,23902.0,101.0,216.0,52414.0,62.0,55.95854922279793,86.01036269430051
2014,충북,진천군,15350AC400J110,673.0,623.0,57610.0,182.0,328.0,78235.0,122.0,48.736998514115896,92.5705794947994
2014,충북,청원군,15350AC400J105,1516.0,1235.0,71489.0,329.0,753.0,108895.0,190.0,49.67018469656992,81.46437994722955
2014,충북,청주시상당구,15350AC400J101,2322.0,1998.0,155472.0,404.0,1179.0,232330.0,229.0,50.775193798449614,86.04651162790698
2014,충북,청주시서원구,15350AC400J114,1540.0,1267.0,81800.0,305.0,747.0,112052.0,174.0,48.506493506493506,82.27272727272728
2014,충북,청주시청원구,15350AC400J115,1304.0,1034.0,66852.0,251.0,656.0,95925.0,140.0,50.306748466257666,79.29447852760735
2014,충북,청주시흥덕구,15350AC400J102,2729.0,2314.0,173887.0,495.0,1382.0,267591.0,286.0,50.6412605349945,84.79296445584464
2014,충북,충주시,15350AC400J103,2091.0,1834.0,169276.0,343.0,1087.0,251079.0,186.0,51.98469631755142,87.7092300334768
2015,강원,강릉시,15350AC400I103,3514.0,4141.0,455873.0,356.0,1464.0,367587.0,177.0,41.66192373363688,117.8429140580535
2015,강원,고성군,15350AC400I117,568.0,488.0,48267.0,95.0,284.0,77032.0,45.0,50.0,85.91549295774648
2015,강원,동해시,15350AC400I104,1149.0,1357.0,139665.0,170.0,404.0,104684.0,76.0,35.16100957354221,118.10269799825936
2015,강원,삼척시,15350AC400I107,1143.0,1139.0,124993.0,194.0,412.0,112188.0,90.0,36.045494313210845,99.65004374453194
2015,강원,속초시,15350AC400I106,1197.0,1308.0,133423.0,174.0,511.0,129970.0,78.0,42.69005847953216,109.27318295739347
2015,강원,양구군,15350AC400I115,355.0,298.0,28921.0,51.0,200.0,46293.0,34.0,56.33802816901409,83.94366197183099
2015,강원,양양군,15350AC400I118,632.0,591.0,65679.0,112.0,285.0,74745.0,54.0,45.094936708860764,93.5126582278481
2015,강원,영월군,15350AC400I110,853.0,978.0,87575.0,146.0,346.0,84981.0,95.0,40.56271981242673,114.65416178194607
2015,강원,원주시,15350AC400I102,3528.0,3720.0,319968.0,450.0,1688.0,415328.0,255.0,47.84580498866213,105.44217687074831
2015,강원,인제군,15350AC400I116,339.0,311.0,24528.0,106.0,179.0,44258.0,60.0,52.8023598820059,91.74041297935102
2015,강원,정선군,15350AC400I112,545.0,484.0,32457.0,114.0,321.0,80981.0,73.0,58.89908256880734,88.80733944954129
2015,강원,철원군,15350AC400I113,565.0,534.0,52588.0,111.0,274.0,73474.0,61.0,48.49557522123894,94.51327433628319
2015,강원,춘천시,15350AC400I101,3922.0,4797.0,427601.0,437.0,1708.0,435579.0,214.0,43.54920958694544,122.31004589495156
2015,강원,태백시,15350AC400I105,587.0,580.0,41721.0,98.0,305.0,85081.0,42.0,51.959114139693355,98.80749574105621
2015,강원,평창군,15350AC400I111,594.0,556.0,50636.0,156.0,312.0,74697.0,103.0,52.52525252525253,93.60269360269359
2015,강원,홍천군,15350AC400I108,1021.0,979.0,92982.0,194.0,523.0,127422.0,126.0,51.22428991185113,95.88638589618022
2015,강원,화천군,15350AC400I114,396.0,383.0,34746.0,95.0,195.0,55597.0,68.0,49.24242424242424,96.71717171717171
2015,강원,횡성군,15350AC400I109,804.0,709.0,61865.0,139.0,431.0,106399.0,91.0,53.60696517412935,88.18407960199005
2015,경기,가평군,15350AC400H143,1220.0,1180.0,113387.0,219.0,582.0,165061.0,139.0,47.704918032786885,96.72131147540983
2015,경기,고양시덕양구,15350AC400H119,3873.0,4320.0,398328.0,1017.0,1792.0,452605.0,523.0,46.26904208623806,111.54144074360961
2015,경기,고양시일산동구,15350AC400H145,2332.0,2489.0,225290.0,723.0,1049.0,272420.0,331.0,44.98284734133791,106.73241852487136
2015,경기,고양시일산서구,15350AC400H146,2288.0,2769.0,258472.0,757.0,876.0,216937.0,352.0,38.28671328671329,121.02272727272727
2015,경기,과천시,15350AC400H122,625.0,728.0,68104.0,290.0,240.0,63474.0,144.0,38.4,116.48
2015,경기,광명시,15350AC400H114,2499.0,3103.0,303888.0,826.0,901.0,217070.0,416.0,36.054421768707485,124.16966786714684
2015,경기,광주시,15350AC400H138,2312.0,2707.0,248849.0,702.0,952.0,240814.0,285.0,41.17647058823529,117.08477508650519
2015,경기,구리시,15350AC400H123,1468.0,1754.0,174487.0,483.0,561.0,134597.0,241.0,38.21525885558583,119.48228882833787
2015,경기,군포시,15350AC400H127,1982.0,2200.0,203463.0,606.0,939.0,233148.0,323.0,47.37638748738648,110.99899091826437
2015,경기,김포시,15350AC400H136,2650.0,3153.0,287140.0,915.0,1035.0,262158.0,407.0,39.05660377358491,118.98113207547169
2015,경기,남양주시,15350AC400H124,5462.0,6135.0,586073.0,1308.0,2555.0,616839.0,600.0,46.77773709264006,112.32149395825705
2015,경기,동두천시,15350AC400H116,1414.0,1507.0,167262.0,266.0,688.0,175763.0,124.0,48.656294200848656,106.57708628005658
2015,경기,부천시소사구,15350AC400H112,1955.0,2699.0,271259.0,678.0,687.0,166623.0,295.0,35.14066496163683,138.05626598465471
2015,경기,부천시오정구,15350AC400H113,1651.0,2102.0,217510.0,581.0,618.0,156445.0,238.0,37.43185947910357,127.31677771047849
2015,경기,부천시원미구,15350AC400H111,3387.0,4093.0,409970.0,990.0,1383.0,362472.0,448.0,40.8325952170062,120.84440507824033
2015,경기,성남시분당구,15350AC400H107,3948.0,4675.0,445368.0,1109.0,1500.0,397872.0,537.0,37.99392097264438,118.4143870314083
2015,경기,성남시수정구,15350AC400H105,1815.0,2109.0,193031.0,563.0,758.0,196861.0,266.0,41.76308539944903,116.19834710743801
2015,경기,성남시중원구,15350AC400H106,2056.0,2294.0,215799.0,527.0,875.0,230469.0,326.0,42.55836575875486,111.57587548638132
2015,경기,수원시권선구,15350AC400H102,2304.0,2609.0,247045.0,707.0,1055.0,261506.0,368.0,45.78993055555556,113.23784722222223
2015,경기,수원시영통구,15350AC400H104,1548.0,1646.0,146392.0,691.0,743.0,191767.0,362.0,47.997416020671835,106.33074935400518
2015,경기,수원시장안구,15350AC400H101,2514.0,2742.0,262301.0,687.0,1176.0,297697.0,352.0,46.77804295942721,109.06921241050121
2015,경기,수원시팔달구,15350AC400H103,1572.0,1791.0,171084.0,577.0,656.0,170609.0,227.0,41.73027989821883,113.93129770992367
2015,경기,시흥시,15350AC400H126,2462.0,2763.0,280423.0,710.0,1086.0,275902.0,340.0,44.11047928513403,112.22583265637694
2015,경기,안산시단원구,15350AC400H118,1702.0,1617.0,155074.0,488.0,936.0,239005.0,266.0,54.99412455934195,95.00587544065804
2015,경기,안산시상록구,15350AC400H117,2569.0,2581.0,245616.0,649.0,1400.0,350941.0,339.0,54.495912806539515,100.46710782405606
2015,경기,안성시,15350AC400H135,1866.0,1624.0,131890.0,418.0,1015.0,264513.0,199.0,54.39442658092176,87.03108252947482
2015,경기,안양시동안구,15350AC400H110,2319.0,2905.0,277737.0,779.0,883.0,224870.0,382.0,38.07675722294092,125.26951272100044
2015,경기,안양시만안구,15350AC400H109,2054.0,2622.0,251144.0,649.0,840.0,214801.0,299.0,40.89581304771178,127.65335929892892
2015,경기,양주시,15350AC400H139,2101.0,2341.0,235558.0,621.0,1002.0,255599.0,266.0,47.69157544026654,111.42313184198001
2015,경기,양평군,15350AC400H144,1742.0,1761.0,154097.0,470.0,820.0,208692.0,198.0,47.072330654420206,101.09070034443168
2015,경기,여주시,15350AC400H147,1572.0,1617.0,151226.0,342.0,717.0,178246.0,148.0,45.61068702290076,102.86259541984732
2015,경기,연천군,15350AC400H142,769.0,795.0,73749.0,168.0,396.0,104409.0,105.0,51.49544863459038,103.3810143042913
2015,경기,오산시,15350AC400H125,1114.0,1162.0,109026.0,350.0,505.0,132986.0,198.0,45.33213644524237,104.3087971274686
2015,경기,용인시기흥구,15350AC400H131,2736.0,3205.0,294109.0,901.0,1129.0,295878.0,430.0,41.264619883040936,117.14181286549707
2015,경기,용인시수지구,15350AC400H132,2417.0,2824.0,259639.0,730.0,1014.0,258461.0,363.0,41.9528340918494,116.83905668183698
2015,경기,용인시처인구,15350AC400H130,2242.0,2391.0,225320.0,572.0,1025.0,282257.0,297.0,45.718108831400535,106.64585191793041
2015,경기,의왕시,15350AC400H128,1212.0,1400.0,130307.0,466.0,509.0,127998.0,238.0,41.996699669967,115.51155115511551
2015,경기,의정부시,15350AC400H108,4674.0,5835.0,549879.0,948.0,2084.0,514249.0,406.0,44.58707744972187,124.8395378690629
2015,경기,이천시,15350AC400H134,2080.0,2347.0,246791.0,475.0,820.0,221598.0,186.0,39.42307692307692,112.83653846153847
2015,경기,파주시,15350AC400H133,3643.0,3844.0,348913.0,928.0,1634.0,421782.0,406.0,44.85314301399945,105.51743068899259
2015,경기,평택시,15350AC400H115,3886.0,4281.0,390245.0,738.0,1639.0,411320.0,365.0,42.177045805455485,110.16469377251671
2015,경기,포천시,15350AC400H140,2224.0,2638.0,267384.0,425.0,973.0,246326.0,223.0,43.75,118.61510791366908
2015,경기,하남시,15350AC400H129,1327.0,1645.0,154468.0,440.0,515.0,135012.0,227.0,38.80934438583271,123.96382818387339
2015,경기,화성시,15350AC400H137,3734.0,3776.0,354585.0,1046.0,1843.0,470202.0,517.0,49.35725763256561,101.12479914301018
2015,경남,거제시,15350AC400O111,1246.0,1151.0,102042.0,291.0,516.0,137808.0,125.0,41.41252006420545,92.37560192616372
2015,경남,거창군,15350AC400O121,1359.0,1583.0,140699.0,233.0,564.0,145089.0,103.0,41.501103752759384,116.48270787343635
2015,경남,고성군,15350AC400O116,921.0,1008.0,88607.0,208.0,374.0,97600.0,80.0,40.60803474484256,109.44625407166124
2015,경남,김해시,15350AC400O109,2025.0,2545.0,238345.0,565.0,605.0,161224.0,192.0,29.876543209876544,125.67901234567901
2015,경남,남해군,15350AC400O117,1435.0,2005.0,154827.0,263.0,437.0,108621.0,98.0,30.452961672473865,139.7212543554007
2015,경남,밀양시,15350AC400O110,1708.0,2351.0,202470.0,304.0,679.0,170855.0,108.0,39.75409836065574,137.6463700234192
2015,경남,사천시,15350AC400O108,1595.0,1887.0,181370.0,309.0,638.0,165342.0,98.0,40.0,118.30721003134796
2015,경남,산청군,15350AC400O119,1050.0,1047.0,107083.0,217.0,483.0,130720.0,81.0,46.0,99.71428571428571
2015,경남,양산시,15350AC400O112,1814.0,2267.0,241894.0,465.0,472.0,129893.0,132.0,26.019845644983462,124.97243660418964
2015,경남,의령군,15350AC400O113,665.0,868.0,80627.0,158.0,212.0,61384.0,68.0,31.879699248120303,130.5263157894737
2015,경남,진주시,15350AC400O106,3560.0,4386.0,481360.0,520.0,1211.0,330669.0,164.0,34.01685393258427,123.20224719101122
2015,경남,창녕군,15350AC400O115,1201.0,1565.0,145406.0,272.0,354.0,90403.0,109.0,29.475437135720234,130.30807660283097
2015,경남,창원시 마산합포구,15350AC400O103,1636.0,2025.0,230833.0,318.0,442.0,126385.0,101.0,27.017114914425427,123.77750611246945
2015,경남,창원시 마산회원구,15350AC400O104,1155.0,1547.0,172690.0,301.0,242.0,64528.0,84.0,20.952380952380953,133.93939393939394
2015,경남,창원시 성산구,15350AC400O102,738.0,937.0,96004.0,340.0,214.0,55949.0,114.0,28.997289972899733,126.96476964769647
2015,경남,창원시 의창구,15350AC400O101,1345.0,1582.0,161194.0,403.0,492.0,139512.0,117.0,36.57992565055762,117.62081784386618
2015,경남,창원시 진해구,15350AC400O105,1085.0,1199.0,125823.0,226.0,400.0,112647.0,88.0,36.86635944700461,110.50691244239633
2015,경남,통영시,15350AC400O107,1051.0,1049.0,103545.0,176.0,391.0,112417.0,71.0,37.20266412940057,99.80970504281636
2015,경남,하동군,15350AC400O118,1472.0,1961.0,172688.0,247.0,478.0,124309.0,93.0,32.47282608695652,133.2201086956522
2015,경남,함안군,15350AC400O114,1005.0,1142.0,127026.0,199.0,345.0,93832.0,70.0,34.32835820895522,113.63184079601989
2015,경남,함양군,15350AC400O120,1247.0,1821.0,159035.0,219.0,472.0,126560.0,95.0,37.85084202085004,146.03047313552526
2015,경남,합천군,15350AC400O122,1111.0,1070.0,90912.0,267.0,574.0,160133.0,134.0,51.66516651665166,96.30963096309631
2015,경북,경산시,15350AC400N111,2292.0,2966.0,262148.0,587.0,879.0,223201.0,227.0,38.35078534031414,129.4066317626527
2015,경북,경주시,15350AC400N103,3161.0,4641.0,403045.0,515.0,731.0,192878.0,180.0,23.125593166719394,146.82062638405569
2015,경북,고령군,15350AC400N118,634.0,783.0,65935.0,174.0,251.0,60983.0,75.0,39.58990536277602,123.50157728706625
2015,경북,구미시,15350AC400N106,2332.0,2537.0,225019.0,485.0,1205.0,316421.0,230.0,51.67238421955403,108.79073756432247
2015,경북,군위군,15350AC400N112,753.0,974.0,82781.0,168.0,289.0,75234.0,86.0,38.37981407702523,129.3492695883134
2015,경북,김천시,15350AC400N104,2005.0,2271.0,192448.0,353.0,934.0,233379.0,201.0,46.583541147132166,113.26683291770574
2015,경북,문경시,15350AC400N110,1831.0,1877.0,190444.0,330.0,741.0,187745.0,148.0,40.46968869470235,102.51228836701256
2015,경북,봉화군,15350AC400N122,588.0,408.0,37776.0,147.0,349.0,89881.0,48.0,59.353741496598644,69.38775510204081
2015,경북,상주시,15350AC400N109,2150.0,2325.0,208895.0,384.0,900.0,229555.0,198.0,41.86046511627907,108.13953488372093
2015,경북,성주군,15350AC400N119,826.0,943.0,86613.0,194.0,303.0,79167.0,95.0,36.68280871670702,114.16464891041163
2015,경북,안동시,15350AC400N105,2830.0,3783.0,344634.0,439.0,869.0,233416.0,168.0,30.706713780918726,133.67491166077738
2015,경북,영덕군,15350AC400N116,921.0,1094.0,103348.0,204.0,277.0,71520.0,83.0,30.07600434310532,118.78393051031489
2015,경북,영양군,15350AC400N115,485.0,368.0,47012.0,81.0,229.0,59408.0,29.0,47.21649484536082,75.87628865979381
2015,경북,영주시,15350AC400N107,1657.0,1549.0,171835.0,275.0,748.0,204854.0,101.0,45.14182257091128,93.48219674109836
2015,경북,영천시,15350AC400N108,2038.0,3112.0,294923.0,343.0,528.0,127870.0,134.0,25.90775269872424,152.69872423945043
2015,경북,예천군,15350AC400N121,1051.0,1115.0,113523.0,266.0,413.0,105671.0,141.0,39.29590865842055,106.0894386298763
2015,경북,울릉군,15350AC400N124,76.0,42.0,4232.0,39.0,54.0,15180.0,16.0,71.05263157894737,55.26315789473685
2015,경북,울진군,15350AC400N123,1112.0,1423.0,143616.0,231.0,303.0,74414.0,116.0,27.248201438848923,127.96762589928056
2015,경북,의성군,15350AC400N113,1588.0,1906.0,158982.0,360.0,626.0,155834.0,160.0,39.420654911838795,120.02518891687657
2015,경북,청도군,15350AC400N117,1338.0,1727.0,162854.0,230.0,547.0,188551.0,111.0,40.88191330343797,129.07324364723468
2015,경북,청송군,15350AC400N114,639.0,545.0,54916.0,145.0,304.0,86309.0,65.0,47.57433489827856,85.28951486697966
2015,경북,칠곡군,15350AC400N120,1192.0,1253.0,117088.0,278.0,558.0,148747.0,137.0,46.81208053691275,105.11744966442953
2015,경북,포항시남구,15350AC400N101,2039.0,2712.0,272313.0,375.0,611.0,152552.0,108.0,29.96566944580677,133.00637567435015
2015,경북,포항시북구,15350AC400N102,2148.0,2764.0,281254.0,436.0,557.0,149723.0,109.0,25.931098696461824,128.6778398510242
2015,광주,광산구,15350AC400E105,2628.0,3863.0,347718.0,712.0,770.0,199031.0,211.0,29.299847792998477,146.99391171993912
2015,광주,남구,15350AC400E103,2179.0,3116.0,292083.0,616.0,598.0,156667.0,192.0,27.44378155117026,143.00137677833868
2015,광주,동구,15350AC400E101,1345.0,1866.0,174312.0,426.0,421.0,110880.0,127.0,31.301115241635685,138.7360594795539
2015,광주,북구,15350AC400E104,3923.0,5738.0,521825.0,827.0,1179.0,292636.0,247.0,30.053530461381595,146.2656130512363
2015,광주,서구,15350AC400E102,2669.0,3869.0,338063.0,691.0,766.0,204259.0,202.0,28.69988759835144,144.96065942300487
2015,대구,남구,15350AC400C104,1736.0,2163.0,213555.0,570.0,618.0,156500.0,196.0,35.59907834101382,124.59677419354837
2015,대구,달서구,15350AC400C107,4026.0,5006.0,506398.0,920.0,1387.0,350452.0,366.0,34.451068057625434,124.3417784401391
2015,대구,달성군,15350AC400C108,1568.0,1521.0,144003.0,493.0,789.0,213783.0,192.0,50.318877551020414,97.00255102040816
2015,대구,동구,15350AC400C102,3465.0,4321.0,425024.0,822.0,1346.0,348806.0,274.0,38.84559884559884,124.7041847041847
2015,대구,북구,15350AC400C105,3216.0,3857.0,378851.0,833.0,1278.0,326468.0,287.0,39.73880597014926,119.93159203980099
2015,대구,서구,15350AC400C103,1684.0,1827.0,177282.0,519.0,751.0,196001.0,201.0,44.596199524940616,108.4916864608076
2015,대구,수성구,15350AC400C106,3331.0,4167.0,397025.0,914.0,1184.0,299477.0,317.0,35.5448814169919,125.09756829780846
2015,대구,중구,15350AC400C101,877.0,1119.0,104408.0,396.0,313.0,76631.0,144.0,35.689851767388824,127.59407069555301
2015,대전,대덕구,15350AC400F105,1775.0,2270.0,228752.0,496.0,620.0,160951.0,162.0,34.92957746478873,127.88732394366198
2015,대전,동구,15350AC400F101,2760.0,3628.0,358068.0,668.0,914.0,232315.0,198.0,33.11594202898551,131.44927536231884
2015,대전,서구,15350AC400F103,4117.0,5339.0,547178.0,879.0,1416.0,367005.0,292.0,34.393976196259416,129.6818071411222
2015,대전,유성구,15350AC400F104,2274.0,2826.0,279810.0,757.0,843.0,218094.0,274.0,37.071240105540895,124.27440633245384
2015,대전,중구,15350AC400F102,3235.0,4488.0,475816.0,686.0,931.0,232571.0,203.0,28.778979907264297,138.73261205564143
2015,부산,강서구,15350AC400B112,514.0,607.0,51680.0,292.0,185.0,49681.0,80.0,35.992217898832685,118.09338521400778
2015,부산,금정구,15350AC400B111,1776.0,2158.0,212971.0,560.0,509.0,144859.0,114.0,28.65990990990991,121.509009009009
2015,부산,기장군,15350AC400B116,1331.0,1306.0,119872.0,356.0,594.0,165082.0,89.0,44.62809917355372,98.12171299774606
2015,부산,남구,15350AC400B107,2049.0,2838.0,290255.0,615.0,404.0,105057.0,127.0,19.716935090287947,138.50658857979502
2015,부산,동구,15350AC400B103,959.0,1262.0,130389.0,356.0,209.0,51790.0,58.0,21.793534932221064,131.59541188738268
2015,부산,동래구,15350AC400B106,1789.0,2442.0,259115.0,574.0,407.0,105614.0,135.0,22.750139742873113,136.50083845723867
2015,부산,부산진구,15350AC400B105,2695.0,3722.0,384909.0,700.0,475.0,126688.0,152.0,17.625231910946194,138.10760667903526
2015,부산,북구,15350AC400B108,1575.0,1933.0,179743.0,534.0,443.0,115187.0,121.0,28.126984126984127,122.73015873015873
2015,부산,사상구,15350AC400B115,1155.0,1431.0,139419.0,432.0,329.0,86116.0,98.0,28.484848484848484,123.89610389610391
2015,부산,사하구,15350AC400B110,2017.0,2559.0,250111.0,464.0,485.0,134530.0,111.0,24.04561229548835,126.87159147248389
2015,부산,서구,15350AC400B102,1010.0,1259.0,129747.0,371.0,231.0,68011.0,57.0,22.871287128712872,124.65346534653466
2015,부산,수영구,15350AC400B114,1291.0,1685.0,165301.0,501.0,297.0,84590.0,110.0,23.00542215336948,130.5189775367932
2015,부산,연제구,15350AC400B113,1393.0,1923.0,197844.0,539.0,280.0,77122.0,123.0,20.100502512562816,138.04737975592246
2015,부산,영도구,15350AC400B104,1283.0,1713.0,170902.0,352.0,274.0,69924.0,77.0,21.356196414653155,133.51519875292283
2015,부산,중구,15350AC400B101,395.0,535.0,54253.0,209.0,81.0,20046.0,34.0,20.506329113924053,135.44303797468353
2015,부산,해운대구,15350AC400B109,2759.0,3856.0,387700.0,761.0,563.0,147321.0,179.0,20.405944182674883,139.7607828923523
2015,서울,강남구,15350AC400A123,3474.0,4270.0,420643.0,1329.0,1122.0,286658.0,619.0,32.29706390328152,122.91306850892343
2015,서울,강동구,15350AC400A125,3214.0,4014.0,383850.0,1006.0,1198.0,305492.0,558.0,37.2744243932794,124.89110143123834
2015,서울,강북구,15350AC400A109,3043.0,3985.0,390775.0,948.0,1010.0,240377.0,430.0,33.190930003286226,130.95629313177787
2015,서울,강서구,15350AC400A116,5253.0,7095.0,696250.0,1493.0,1598.0,385514.0,692.0,30.42071197411003,135.06567675613934
2015,서울,관악구,15350AC400A121,3453.0,4551.0,444257.0,1027.0,1033.0,256069.0,541.0,29.916015059368668,131.79843614248477
2015,서울,광진구,15350AC400A105,2253.0,2515.0,239204.0,833.0,947.0,234251.0,398.0,42.032845095428314,111.6289391921882
2015,서울,구로구,15350AC400A117,3311.0,4489.0,453268.0,1132.0,1044.0,250958.0,535.0,31.53125943823618,135.57837511325883
2015,서울,금천구,15350AC400A118,1776.0,2085.0,204996.0,601.0,661.0,168146.0,270.0,37.218468468468465,117.39864864864865
2015,서울,노원구,15350AC400A111,5104.0,6491.0,639645.0,1468.0,1863.0,469479.0,650.0,36.50078369905956,127.17476489028212
2015,서울,도봉구,15350AC400A110,3239.0,4021.0,384086.0,1004.0,1328.0,313851.0,475.0,41.00030873726459,124.14325409076876
2015,서울,동대문구,15350AC400A106,3083.0,3948.0,393941.0,1059.0,947.0,233546.0,488.0,30.716834252351603,128.05708725267598
2015,서울,동작구,15350AC400A120,3120.0,3949.0,391293.0,1047.0,998.0,249500.0,575.0,31.987179487179485,126.57051282051282
2015,서울,마포구,15350AC400A114,2741.0,3317.0,323933.0,987.0,942.0,239159.0,523.0,34.36701933600876,121.01422838380154
2015,서울,서대문구,15350AC400A113,2657.0,3221.0,311300.0,956.0,931.0,231624.0,446.0,35.039518253669556,121.22694768535942
2015,서울,서초구,15350AC400A122,2876.0,3266.0,320132.0,1175.0,1051.0,272029.0,546.0,36.543810848400554,113.56050069541028
2015,서울,성동구,15350AC400A104,2135.0,2587.0,257459.0,857.0,752.0,188866.0,441.0,35.22248243559719,121.17096018735363
2015,서울,성북구,15350AC400A108,3834.0,4907.0,497737.0,1244.0,1293.0,318788.0,607.0,33.7245696400626,127.98643714136672
2015,서울,송파구,15350AC400A124,4175.0,4949.0,483771.0,1305.0,1509.0,393586.0,691.0,36.1437125748503,118.53892215568862
2015,서울,양천구,15350AC400A115,3727.0,4705.0,464734.0,1237.0,1298.0,313470.0,573.0,34.82693855647974,126.24094445935069
2015,서울,영등포구,15350AC400A119,2682.0,3401.0,346869.0,1027.0,807.0,197113.0,495.0,30.089485458612973,126.8083519761372
2015,서울,용산구,15350AC400A103,1880.0,2292.0,218307.0,740.0,582.0,146285.0,350.0,30.957446808510635,121.91489361702128
2015,서울,은평구,15350AC400A112,4107.0,4813.0,484159.0,1096.0,1482.0,380301.0,532.0,36.084733382030684,117.19016313610908
2015,서울,종로구,15350AC400A101,1314.0,1479.0,148885.0,646.0,481.0,119611.0,282.0,36.60578386605784,112.55707762557077
2015,서울,중구,15350AC400A102,980.0,1106.0,110177.0,520.0,379.0,97532.0,268.0,38.6734693877551,112.85714285714286
2015,서울,중랑구,15350AC400A107,3642.0,4368.0,411571.0,1044.0,1441.0,368507.0,511.0,39.56617243272927,119.93410214168038
2015,울산,남구,15350AC400G102,1320.0,1576.0,154104.0,407.0,381.0,95182.0,132.0,28.863636363636363,119.39393939393939
2015,울산,동구,15350AC400G103,770.0,1096.0,101336.0,309.0,184.0,48279.0,87.0,23.896103896103895,142.33766233766235
2015,울산,북구,15350AC400G104,858.0,1030.0,96393.0,314.0,302.0,78639.0,94.0,35.1981351981352,120.04662004662006
2015,울산,울주군,15350AC400G105,1649.0,1807.0,170976.0,421.0,640.0,169493.0,112.0,38.8114008489994,109.58156458459673
2015,울산,중구,15350AC400G101,1235.0,1614.0,160718.0,357.0,342.0,85148.0,110.0,27.692307692307693,130.68825910931173
2015,인천,강화군,15350AC400D109,1412.0,1263.0,115274.0,412.0,749.0,205468.0,165.0,53.04532577903682,89.44759206798867
2015,인천,계양구,15350AC400D107,2508.0,3101.0,309476.0,706.0,1026.0,254353.0,365.0,40.909090909090914,123.64433811802233
2015,인천,남동구,15350AC400D105,4706.0,6301.0,587485.0,1196.0,1847.0,469648.0,531.0,39.247768805779856,133.89290267743306
2015,인천,동구,15350AC400D102,988.0,1437.0,123509.0,411.0,320.0,81981.0,147.0,32.388663967611336,145.44534412955466
2015,인천,미추홀구,15350AC400D103,4249.0,5794.0,501474.0,1021.0,1681.0,431663.0,424.0,39.56224994116263,136.36149682278182
2015,인천,부평구,15350AC400D106,5164.0,6872.0,646947.0,1281.0,1995.0,511230.0,566.0,38.63284275755228,133.07513555383423
2015,인천,서구,15350AC400D108,3786.0,4661.0,430713.0,1096.0,1612.0,411356.0,488.0,42.577918647649234,123.11146328578974
2015,인천,연수구,15350AC400D104,2297.0,2987.0,270674.0,750.0,908.0,229546.0,358.0,39.52982150631258,130.03918154114064
2015,인천,옹진군,15350AC400D110,228.0,168.0,11292.0,143.0,142.0,33615.0,83.0,62.28070175438597,73.68421052631578
2015,인천,중구,15350AC400D101,1213.0,1462.0,131121.0,475.0,504.0,133283.0,186.0,41.54987633965375,120.52761747732895
2015,전남,강진군,15350AC400M113,966.0,1310.0,119134.0,252.0,297.0,74819.0,112.0,30.745341614906835,135.61076604554864
2015,전남,고흥군,15350AC400M109,1983.0,2490.0,204785.0,342.0,765.0,200708.0,190.0,38.57791225416036,125.56732223903178
2015,전남,곡성군,15350AC400M107,922.0,1524.0,113729.0,211.0,295.0,77562.0,73.0,31.99566160520607,165.29284164859
2015,전남,광양시,15350AC400M105,1205.0,1296.0,125865.0,270.0,514.0,131576.0,136.0,42.655601659751035,107.55186721991701
2015,전남,구례군,15350AC400M108,650.0,1176.0,103200.0,158.0,177.0,39537.0,37.0,27.23076923076923,180.9230769230769
2015,전남,나주시,15350AC400M104,1853.0,2737.0,210540.0,417.0,585.0,151181.0,152.0,31.570426335671886,147.70642201834863
2015,전남,담양군,15350AC400M106,1146.0,1570.0,135048.0,278.0,451.0,115236.0,95.0,39.354275741710296,136.99825479930192
2015,전남,목포시,15350AC400M101,1773.0,2052.0,185470.0,333.0,655.0,167523.0,129.0,36.943034404963335,115.73604060913705
2015,전남,무안군,15350AC400M116,1071.0,1156.0,97687.0,294.0,464.0,120847.0,136.0,43.32399626517274,107.93650793650794
2015,전남,보성군,15350AC400M110,928.0,1114.0,102439.0,304.0,283.0,67589.0,123.0,30.495689655172413,120.04310344827587
2015,전남,순천시,15350AC400M103,2778.0,3506.0,337414.0,524.0,953.0,233474.0,186.0,34.30525557955363,126.2059035277178
2015,전남,신안군,15350AC400M122,769.0,852.0,72415.0,208.0,289.0,76260.0,107.0,37.581274382314696,110.79323797139142
2015,전남,여수시,15350AC400M102,3225.0,3600.0,424224.0,388.0,913.0,228396.0,156.0,28.310077519379846,111.62790697674419
2015,전남,영광군,15350AC400M118,1063.0,1134.0,99543.0,264.0,476.0,119157.0,113.0,44.77892756349953,106.67920978363124
2015,전남,영암군,15350AC400M115,1003.0,1119.0,97427.0,267.0,419.0,108686.0,103.0,41.77467597208375,111.56530408773679
2015,전남,완도군,15350AC400M120,1151.0,1172.0,108258.0,206.0,486.0,120356.0,125.0,42.22415291051259,101.82450043440487
2015,전남,장성군,15350AC400M119,1011.0,1638.0,128954.0,264.0,226.0,59273.0,84.0,22.354104846686447,162.01780415430267
2015,전남,장흥군,15350AC400M112,1206.0,1520.0,145892.0,214.0,312.0,87737.0,119.0,25.870646766169152,126.03648424543947
2015,전남,진도군,15350AC400M121,610.0,798.0,63860.0,168.0,216.0,56003.0,95.0,35.40983606557377,130.81967213114754
2015,전남,함평군,15350AC400M117,914.0,959.0,83482.0,197.0,424.0,106435.0,92.0,46.389496717724285,104.9234135667396
2015,전남,해남군,15350AC400M114,1794.0,2376.0,199558.0,311.0,626.0,160440.0,156.0,34.894091415830545,132.44147157190636
2015,전남,화순군,15350AC400M111,1193.0,1783.0,162345.0,274.0,362.0,91869.0,97.0,30.343671416596813,149.45515507124895
2015,전북,고창군,15350AC400L114,1544.0,2268.0,202548.0,325.0,364.0,87506.0,120.0,23.57512953367876,146.89119170984455
2015,전북,군산시,15350AC400L103,3251.0,3899.0,369661.0,453.0,1143.0,317808.0,151.0,35.15841279606275,119.9323285143033
2015,전북,김제시,15350AC400L107,1934.0,3061.0,222082.0,443.0,567.0,147989.0,114.0,29.317476732161325,158.27300930713548
2015,전북,남원시,15350AC400L106,1580.0,2057.0,173951.0,329.0,630.0,172946.0,134.0,39.87341772151899,130.18987341772151
2015,전북,무주군,15350AC400L110,555.0,676.0,55751.0,136.0,219.0,52217.0,70.0,39.45945945945946,121.8018018018018
2015,전북,부안군,15350AC400L115,1080.0,1449.0,128070.0,281.0,372.0,93892.0,132.0,34.44444444444444,134.16666666666666
2015,전북,순창군,15350AC400L113,782.0,1152.0,99860.0,234.0,219.0,58220.0,83.0,28.005115089514064,147.3145780051151
2015,전북,완주군,15350AC400L108,1228.0,1542.0,110964.0,370.0,476.0,130157.0,123.0,38.762214983713356,125.5700325732899
2015,전북,익산시,15350AC400L104,4143.0,5559.0,459276.0,672.0,1533.0,393842.0,219.0,37.00217233888486,134.17813178855903
2015,전북,임실군,15350AC400L112,643.0,984.0,78790.0,185.0,180.0,48674.0,66.0,27.993779160186627,153.03265940902023
2015,전북,장수군,15350AC400L111,519.0,682.0,58856.0,118.0,201.0,49763.0,62.0,38.72832369942196,131.40655105973025
2015,전북,전주시덕진구,15350AC400L102,1868.0,2481.0,202618.0,492.0,533.0,135959.0,158.0,28.533190578158457,132.81584582441113
2015,전북,전주시완산구,15350AC400L101,2731.0,3571.0,295060.0,621.0,823.0,219123.0,187.0,30.135481508604904,130.75796411570852
2015,전북,정읍시,15350AC400L105,2031.0,3397.0,269303.0,400.0,520.0,136922.0,185.0,25.603151157065483,167.2575086164451
2015,전북,진안군,15350AC400L109,614.0,701.0,51021.0,169.0,282.0,73344.0,84.0,45.928338762214985,114.16938110749186
2015,제주,서귀포시,15350AC400P102,2157.0,1997.0,169268.0,249.0,1242.0,347572.0,89.0,57.57997218358831,92.58229021789522
2015,제주,제주시,15350AC400P101,5072.0,5140.0,453277.0,341.0,2685.0,760231.0,137.0,52.93769716088328,101.34069400630914
2015,충남,계룡시,15350AC400K108,371.0,352.0,37340.0,160.0,206.0,51941.0,74.0,55.525606469002696,94.87870619946092
2015,충남,공주시,15350AC400K103,1873.0,2142.0,235723.0,410.0,635.0,169553.0,146.0,33.90282968499733,114.36198611852643
2015,충남,금산군,15350AC400K109,1065.0,1416.0,119271.0,334.0,429.0,106771.0,109.0,40.28169014084507,132.95774647887325
2015,충남,논산시,15350AC400K107,2074.0,2832.0,256029.0,420.0,663.0,176924.0,199.0,31.967213114754102,136.5477338476374
2015,충남,당진시,15350AC400K118,2354.0,2555.0,276051.0,436.0,900.0,238484.0,219.0,38.23279524214104,108.53865760407817
2015,충남,보령시,15350AC400K104,1838.0,2235.0,238522.0,368.0,587.0,158001.0,156.0,31.936887921653973,121.59956474428726
2015,충남,부여군,15350AC400K111,1613.0,1973.0,158139.0,341.0,683.0,170283.0,168.0,42.34345939243646,122.31866088034718
2015,충남,서산시,15350AC400K106,2184.0,2504.0,230964.0,447.0,900.0,235504.0,205.0,41.208791208791204,114.65201465201464
2015,충남,서천군,15350AC400K112,1339.0,1527.0,166370.0,305.0,471.0,121484.0,143.0,35.17550410754294,114.0403286034354
2015,충남,아산시,15350AC400K105,2116.0,2211.0,203977.0,566.0,913.0,226439.0,265.0,43.147448015122876,104.48960302457466
2015,충남,예산군,15350AC400K115,1550.0,1846.0,183397.0,399.0,539.0,128112.0,174.0,34.774193548387096,119.09677419354838
2015,충남,천안시동남구,15350AC400K101,2101.0,2149.0,197510.0,494.0,946.0,247479.0,253.0,45.0261780104712,102.28462636839599
2015,충남,천안시서북구,15350AC400K102,1998.0,2323.0,208953.0,546.0,804.0,192287.0,236.0,40.24024024024024,116.26626626626626
2015,충남,청양군,15350AC400K113,938.0,1040.0,108404.0,197.0,335.0,87090.0,120.0,35.714285714285715,110.87420042643923
2015,충남,태안군,15350AC400K116,1165.0,1302.0,127386.0,267.0,427.0,102710.0,99.0,36.652360515021456,111.75965665236052
2015,충남,홍성군,15350AC400K114,1701.0,2574.0,248267.0,406.0,395.0,100507.0,142.0,23.221634332745445,151.32275132275132
2015,충북,괴산군,15350AC400J111,976.0,922.0,92694.0,191.0,467.0,117316.0,148.0,47.84836065573771,94.4672131147541
2015,충북,단양군,15350AC400J113,558.0,609.0,52140.0,118.0,264.0,69326.0,72.0,47.31182795698925,109.13978494623655
2015,충북,보은군,15350AC400J106,642.0,551.0,51179.0,189.0,299.0,76226.0,94.0,46.573208722741434,85.82554517133957
2015,충북,영동군,15350AC400J108,1319.0,2451.0,161732.0,215.0,415.0,101033.0,120.0,31.46322971948446,185.82259287338894
2015,충북,옥천군,15350AC400J107,858.0,931.0,79846.0,276.0,393.0,103223.0,101.0,45.8041958041958,108.50815850815852
2015,충북,음성군,15350AC400J112,1215.0,783.0,75217.0,259.0,763.0,206594.0,173.0,62.79835390946502,64.44444444444444
2015,충북,제천시,15350AC400J104,1432.0,1478.0,146949.0,260.0,605.0,146661.0,134.0,42.2486033519553,103.21229050279331
2015,충북,증평군,15350AC400J109,386.0,350.0,33718.0,89.0,204.0,56119.0,47.0,52.84974093264248,90.67357512953367
2015,충북,진천군,15350AC400J110,713.0,665.0,61382.0,189.0,366.0,91819.0,133.0,51.332398316970554,93.26788218793828
2015,충북,청주시상당구,15350AC400J101,1733.0,1634.0,161777.0,372.0,830.0,215985.0,200.0,47.89382573571841,94.2873629544143
2015,충북,청주시서원구,15350AC400J114,1926.0,1842.0,180748.0,399.0,934.0,246916.0,217.0,48.494288681204566,95.6386292834891
2015,충북,청주시청원구,15350AC400J115,1597.0,1439.0,149065.0,325.0,798.0,212463.0,175.0,49.96869129618034,90.10644959298685
2015,충북,청주시흥덕구,15350AC400J102,1650.0,1403.0,137145.0,382.0,848.0,223255.0,214.0,51.39393939393939,85.03030303030303
2015,충북,충주시,15350AC400J103,2197.0,1987.0,183405.0,307.0,1114.0,290253.0,181.0,50.70550751024124,90.44151115157032
2016,강원,강릉시,15350AC400I103,3918.0,4655.0,494887.0,400.0,1572.0,410758.0,185.0,40.12251148545176,118.81061766207249
2016,강원,고성군,15350AC400I117,582.0,520.0,51810.0,108.0,290.0,75089.0,56.0,49.828178694158076,89.3470790378007
2016,강원,동해시,15350AC400I104,1216.0,1471.0,150105.0,185.0,411.0,112866.0,78.0,33.79934210526316,120.9703947368421
2016,강원,삼척시,15350AC400I107,1278.0,1332.0,145186.0,191.0,407.0,111500.0,92.0,31.846635367762126,104.22535211267605
2016,강원,속초시,15350AC400I106,1256.0,1410.0,137954.0,171.0,507.0,134239.0,66.0,40.36624203821656,112.26114649681529
2016,강원,양구군,15350AC400I115,357.0,324.0,29357.0,69.0,200.0,53005.0,33.0,56.022408963585434,90.75630252100841
2016,강원,양양군,15350AC400I118,658.0,614.0,68253.0,112.0,288.0,81090.0,56.0,43.76899696048632,93.3130699088146
2016,강원,영월군,15350AC400I110,927.0,1086.0,97825.0,152.0,363.0,91447.0,93.0,39.15857605177994,117.15210355987055
2016,강원,원주시,15350AC400I102,3763.0,3896.0,355638.0,498.0,1845.0,474590.0,286.0,49.03002923199575,103.53441403135797
2016,강원,인제군,15350AC400I116,408.0,399.0,28997.0,120.0,204.0,53193.0,68.0,50.0,97.79411764705883
2016,강원,정선군,15350AC400I112,652.0,631.0,42507.0,130.0,343.0,89064.0,84.0,52.60736196319018,96.77914110429448
2016,강원,철원군,15350AC400I113,621.0,588.0,60980.0,149.0,296.0,79106.0,72.0,47.66505636070853,94.68599033816425
2016,강원,춘천시,15350AC400I101,4173.0,5053.0,468945.0,451.0,1834.0,462141.0,215.0,43.94919722022526,121.08794632159119
2016,강원,태백시,15350AC400I105,684.0,797.0,55822.0,122.0,314.0,87078.0,63.0,45.90643274853801,116.52046783625731
2016,강원,평창군,15350AC400I111,658.0,640.0,58298.0,166.0,326.0,83350.0,102.0,49.544072948328264,97.26443768996961
2016,강원,홍천군,15350AC400I108,1079.0,1049.0,94058.0,221.0,550.0,134702.0,131.0,50.973123262279884,97.21964782205747
2016,강원,화천군,15350AC400I114,446.0,475.0,39809.0,98.0,244.0,61292.0,82.0,54.7085201793722,106.50224215246638
2016,강원,횡성군,15350AC400I109,875.0,829.0,80155.0,170.0,436.0,115653.0,84.0,49.82857142857143,94.74285714285713
2016,경기,가평군,15350AC400H143,1361.0,1431.0,135317.0,252.0,597.0,161487.0,140.0,43.86480529022778,105.14327700220427
2016,경기,고양시덕양구,15350AC400H119,4228.0,4580.0,429505.0,1053.0,1930.0,498831.0,540.0,45.6480605487228,108.32544938505204
2016,경기,고양시일산동구,15350AC400H145,2640.0,2770.0,251777.0,779.0,1193.0,315521.0,368.0,45.18939393939394,104.92424242424244
2016,경기,고양시일산서구,15350AC400H146,2519.0,3107.0,285449.0,777.0,933.0,234582.0,361.0,37.038507344184204,123.34259626836047
2016,경기,과천시,15350AC400H122,633.0,734.0,70117.0,291.0,232.0,60248.0,145.0,36.65086887835703,115.95576619273302
2016,경기,광명시,15350AC400H114,2640.0,3295.0,320606.0,851.0,912.0,234826.0,418.0,34.54545454545455,124.81060606060606
2016,경기,광주시,15350AC400H138,2616.0,3079.0,287729.0,725.0,1055.0,270408.0,341.0,40.32874617737003,117.69877675840978
2016,경기,구리시,15350AC400H123,1654.0,2039.0,195218.0,579.0,620.0,151352.0,246.0,37.48488512696493,123.27690447400241
2016,경기,군포시,15350AC400H127,2171.0,2392.0,228419.0,658.0,996.0,254902.0,307.0,45.877475817595574,110.17964071856288
2016,경기,김포시,15350AC400H136,3021.0,3523.0,332384.0,960.0,1201.0,303487.0,427.0,39.75504799735187,116.61701423369746
2016,경기,남양주시,15350AC400H124,6112.0,6995.0,687532.0,1500.0,2760.0,709492.0,665.0,45.15706806282723,114.44698952879581
2016,경기,동두천시,15350AC400H116,1490.0,1527.0,173750.0,295.0,715.0,192657.0,116.0,47.98657718120805,102.48322147651008
2016,경기,부천시,A01,7590.0,9279.0,944188.0,1630.0,2954.0,750943.0,734.0,38.91963109354414,122.25296442687747
2016,경기,성남시분당구,15350AC400H107,4342.0,5336.0,518507.0,1235.0,1515.0,397624.0,510.0,34.89175495163519,122.89267618608936
2016,경기,성남시수정구,15350AC400H105,2070.0,2437.0,225273.0,641.0,836.0,214383.0,331.0,40.38647342995169,117.72946859903382
2016,경기,성남시중원구,15350AC400H106,2196.0,2538.0,241058.0,572.0,898.0,234754.0,337.0,40.892531876138435,115.57377049180329
2016,경기,수원시권선구,15350AC400H102,2621.0,3077.0,293165.0,818.0,1124.0,294431.0,414.0,42.88439526898131,117.39793971766501
2016,경기,수원시영통구,15350AC400H104,1704.0,1879.0,169231.0,746.0,777.0,206165.0,369.0,45.598591549295776,110.2699530516432
2016,경기,수원시장안구,15350AC400H101,2738.0,2998.0,287609.0,744.0,1269.0,329327.0,393.0,46.34769905040175,109.49598246895545
2016,경기,수원시팔달구,15350AC400H103,1733.0,2128.0,202130.0,648.0,633.0,164371.0,248.0,36.5262550490479,122.79284477784189
2016,경기,시흥시,15350AC400H126,2643.0,2856.0,286206.0,782.0,1212.0,314540.0,373.0,45.85698070374574,108.05902383654937
2016,경기,안산시단원구,15350AC400H118,1856.0,1790.0,160697.0,532.0,1009.0,266141.0,262.0,54.36422413793104,96.44396551724138
2016,경기,안산시상록구,15350AC400H117,2730.0,2746.0,255466.0,647.0,1425.0,386436.0,362.0,52.197802197802204,100.58608058608058
2016,경기,안성시,15350AC400H135,2099.0,1916.0,159114.0,460.0,1092.0,289322.0,220.0,52.02477370176274,91.28156264888042
2016,경기,안양시동안구,15350AC400H110,2484.0,3095.0,308331.0,848.0,914.0,230833.0,413.0,36.795491143317236,124.59742351046698
2016,경기,안양시만안구,15350AC400H109,2246.0,2783.0,268224.0,673.0,921.0,228542.0,280.0,41.00623330365094,123.90917186108639
2016,경기,양주시,15350AC400H139,2391.0,2520.0,250060.0,663.0,1229.0,302273.0,286.0,51.401087411125054,105.3952321204517
2016,경기,양평군,15350AC400H144,2003.0,2098.0,177232.0,521.0,901.0,232238.0,236.0,44.98252621068398,104.74288567149277
2016,경기,여주시,15350AC400H147,1705.0,1776.0,171437.0,370.0,778.0,195822.0,171.0,45.63049853372434,104.1642228739003
2016,경기,연천군,15350AC400H142,893.0,953.0,87895.0,219.0,422.0,111927.0,119.0,47.25643896976484,106.71892497200449
2016,경기,오산시,15350AC400H125,1283.0,1366.0,124432.0,367.0,581.0,151987.0,230.0,45.28448947778644,106.46921278254091
2016,경기,용인시기흥구,15350AC400H131,3114.0,3594.0,350278.0,961.0,1277.0,329565.0,464.0,41.00834938985228,115.41425818882468
2016,경기,용인시수지구,15350AC400H132,2693.0,3201.0,292365.0,781.0,1054.0,276413.0,381.0,39.138507240995175,118.8637207575195
2016,경기,용인시처인구,15350AC400H130,2578.0,2769.0,265188.0,608.0,1129.0,298785.0,311.0,43.79363847944143,107.4088440651668
2016,경기,의왕시,15350AC400H128,1331.0,1605.0,154340.0,522.0,512.0,134256.0,235.0,38.467317806160786,120.58602554470323
2016,경기,의정부시,15350AC400H108,5215.0,6389.0,637546.0,1029.0,2245.0,574521.0,438.0,43.04889741131352,122.51198465963566
2016,경기,이천시,15350AC400H134,2232.0,2487.0,263515.0,480.0,841.0,219469.0,203.0,37.67921146953405,111.4247311827957
2016,경기,파주시,15350AC400H133,3927.0,4079.0,370942.0,991.0,1850.0,485973.0,454.0,47.10975299210594,103.87063916475681
2016,경기,평택시,15350AC400H115,4390.0,4873.0,468068.0,867.0,1788.0,455057.0,441.0,40.72892938496583,111.00227790432801
2016,경기,포천시,15350AC400H140,2285.0,2557.0,278366.0,453.0,1036.0,276978.0,246.0,45.33916849015318,111.90371991247265
2016,경기,하남시,15350AC400H129,1655.0,2038.0,196953.0,647.0,641.0,173352.0,297.0,38.73111782477341,123.14199395770393
2016,경기,화성시,15350AC400H137,4277.0,4455.0,415956.0,1192.0,2018.0,525093.0,595.0,47.18260462941314,104.16179565115735
2016,경남,거제시,15350AC400O111,1380.0,1378.0,113897.0,337.0,523.0,150603.0,141.0,37.89855072463768,99.85507246376811
2016,경남,거창군,15350AC400O121,1426.0,1720.0,153935.0,255.0,543.0,149301.0,107.0,38.07854137447405,120.617110799439
2016,경남,고성군,15350AC400O116,1148.0,1475.0,116700.0,243.0,395.0,104544.0,81.0,34.40766550522648,128.4843205574913
2016,경남,김해시,15350AC400O109,2185.0,2701.0,249312.0,574.0,607.0,161596.0,194.0,27.78032036613272,123.61556064073227
2016,경남,남해군,15350AC400O117,1654.0,2387.0,190981.0,269.0,438.0,114197.0,109.0,26.481257557436518,144.316807738815
2016,경남,밀양시,15350AC400O110,1925.0,2684.0,223860.0,312.0,702.0,169368.0,115.0,36.467532467532465,139.42857142857144
2016,경남,사천시,15350AC400O108,1676.0,1957.0,198866.0,323.0,617.0,164423.0,82.0,36.81384248210024,116.76610978520286
2016,경남,산청군,15350AC400O119,1231.0,1355.0,131973.0,233.0,521.0,143974.0,83.0,42.323314378554024,110.07311129163281
2016,경남,양산시,15350AC400O112,1969.0,2479.0,269402.0,495.0,496.0,140354.0,125.0,25.190452006094468,125.90147282884713
2016,경남,의령군,15350AC400O113,762.0,1046.0,93272.0,171.0,216.0,63851.0,75.0,28.346456692913385,137.27034120734908
2016,경남,진주시,15350AC400O106,3862.0,4843.0,523474.0,567.0,1232.0,330399.0,169.0,31.90056965302952,125.40134645261523
2016,경남,창녕군,15350AC400O115,1368.0,1830.0,169323.0,276.0,372.0,100765.0,123.0,27.192982456140353,133.7719298245614
2016,경남,창원시 마산합포구,15350AC400O103,1740.0,2126.0,246779.0,358.0,455.0,123407.0,97.0,26.14942528735632,122.183908045977
2016,경남,창원시 마산회원구,15350AC400O104,1273.0,1718.0,187941.0,346.0,247.0,66075.0,83.0,19.402985074626866,134.9567949725059
2016,경남,창원시 성산구,15350AC400O102,864.0,1081.0,103024.0,376.0,253.0,63213.0,136.0,29.28240740740741,125.11574074074075
2016,경남,창원시 의창구,15350AC400O101,1528.0,1762.0,172541.0,403.0,534.0,139691.0,119.0,34.94764397905759,115.31413612565444
2016,경남,창원시 진해구,15350AC400O105,1218.0,1394.0,144420.0,272.0,401.0,113896.0,96.0,32.92282430213464,114.44991789819376
2016,경남,통영시,15350AC400O107,1115.0,1108.0,107176.0,161.0,407.0,107901.0,80.0,36.502242152466366,99.37219730941705
2016,경남,하동군,15350AC400O118,1678.0,2370.0,197746.0,285.0,495.0,124101.0,105.0,29.499404052443385,141.23957091775924
2016,경남,함안군,15350AC400O114,1133.0,1355.0,140128.0,219.0,365.0,94301.0,72.0,32.21535745807591,119.59399823477493
2016,경남,함양군,15350AC400O120,1317.0,1948.0,173174.0,230.0,457.0,128925.0,95.0,34.70007593014427,147.91192103264996
2016,경남,합천군,15350AC400O122,1205.0,1203.0,106449.0,266.0,577.0,158365.0,136.0,47.88381742738589,99.83402489626556
2016,경북,경산시,15350AC400N111,2490.0,3177.0,288152.0,588.0,942.0,238351.0,215.0,37.83132530120482,127.59036144578313
2016,경북,경주시,15350AC400N103,3719.0,5656.0,486338.0,548.0,795.0,214020.0,201.0,21.376714170475935,152.08389351976336
2016,경북,고령군,15350AC400N118,678.0,839.0,74454.0,195.0,240.0,63730.0,84.0,35.39823008849557,123.74631268436578
2016,경북,구미시,15350AC400N106,2546.0,2797.0,253699.0,509.0,1282.0,338965.0,225.0,50.35349567949725,109.8586017282011
2016,경북,군위군,15350AC400N112,794.0,1027.0,89794.0,176.0,301.0,77728.0,93.0,37.90931989924433,129.34508816120908
2016,경북,김천시,15350AC400N104,2247.0,2610.0,213350.0,395.0,1026.0,257448.0,204.0,45.66088117489986,116.15487316421896
2016,경북,문경시,15350AC400N110,1988.0,2137.0,224957.0,340.0,790.0,207314.0,157.0,39.73843058350101,107.49496981891349
2016,경북,봉화군,15350AC400N122,608.0,384.0,36250.0,137.0,357.0,98967.0,55.0,58.7171052631579,63.1578947368421
2016,경북,상주시,15350AC400N109,2354.0,2665.0,242950.0,452.0,923.0,239394.0,230.0,39.20985556499575,113.21155480033984
2016,경북,성주군,15350AC400N119,896.0,1077.0,98614.0,197.0,306.0,80882.0,95.0,34.151785714285715,120.20089285714286
2016,경북,안동시,15350AC400N105,2999.0,3951.0,365634.0,469.0,918.0,240682.0,200.0,30.610203401133713,131.74391463821274
2016,경북,영덕군,15350AC400N116,1035.0,1329.0,125445.0,196.0,274.0,73805.0,88.0,26.473429951690818,128.40579710144928
2016,경북,영양군,15350AC400N115,520.0,410.0,55430.0,98.0,228.0,59724.0,42.0,43.84615384615385,78.84615384615384
2016,경북,영주시,15350AC400N107,1815.0,1632.0,178197.0,291.0,851.0,262336.0,104.0,46.887052341597794,89.91735537190083
2016,경북,영천시,15350AC400N108,2263.0,3460.0,332484.0,375.0,561.0,139455.0,145.0,24.79010163499779,152.8943879805568
2016,경북,예천군,15350AC400N121,1138.0,1202.0,128019.0,280.0,413.0,113563.0,145.0,36.291739894551846,105.62390158172232
2016,경북,울릉군,15350AC400N124,77.0,47.0,4292.0,47.0,48.0,14886.0,12.0,62.33766233766234,61.038961038961034
2016,경북,울진군,15350AC400N123,1201.0,1532.0,155723.0,210.0,329.0,79520.0,117.0,27.393838467943382,127.56036636136552
2016,경북,의성군,15350AC400N113,1747.0,2145.0,177840.0,379.0,651.0,168259.0,175.0,37.263880938752145,122.78191184888381
2016,경북,청도군,15350AC400N117,1337.0,1648.0,168263.0,265.0,545.0,137664.0,107.0,40.76290201944652,123.26103216155573
2016,경북,청송군,15350AC400N114,674.0,611.0,59441.0,132.0,321.0,88115.0,70.0,47.62611275964392,90.65281899109793
2016,경북,칠곡군,15350AC400N120,1228.0,1290.0,124367.0,294.0,568.0,152178.0,145.0,46.25407166123778,105.04885993485343
2016,경북,포항시남구,15350AC400N101,2140.0,2757.0,278308.0,384.0,649.0,165311.0,105.0,30.327102803738313,128.83177570093457
2016,경북,포항시북구,15350AC400N102,2355.0,3033.0,317160.0,500.0,595.0,163406.0,127.0,25.265392781316347,128.78980891719743
2016,광주,광산구,15350AC400E105,2843.0,4284.0,389161.0,805.0,718.0,196293.0,212.0,25.25501231093915,150.6858951811467
2016,광주,남구,15350AC400E103,2339.0,3384.0,312540.0,700.0,616.0,159225.0,190.0,26.336041043180845,144.6772124839675
2016,광주,동구,15350AC400E101,1413.0,2035.0,184521.0,499.0,385.0,103036.0,127.0,27.246992215145085,144.01981599433827
2016,광주,북구,15350AC400E104,4226.0,6282.0,591913.0,890.0,1126.0,297727.0,259.0,26.64458116422149,148.65120681495506
2016,광주,서구,15350AC400E102,2930.0,4319.0,384996.0,775.0,740.0,204659.0,203.0,25.25597269624573,147.4061433447099
2016,대구,남구,15350AC400C104,1902.0,2392.0,234434.0,595.0,632.0,164555.0,183.0,33.22818086225026,125.76235541535226
2016,대구,달서구,15350AC400C107,4450.0,5693.0,564633.0,984.0,1418.0,375864.0,336.0,31.865168539325843,127.93258426966293
2016,대구,달성군,15350AC400C108,1745.0,1786.0,174840.0,571.0,824.0,223009.0,211.0,47.22063037249284,102.34957020057307
2016,대구,동구,15350AC400C102,3774.0,4679.0,471037.0,881.0,1411.0,354009.0,291.0,37.38738738738739,123.97986221515633
2016,대구,북구,15350AC400C105,3540.0,4248.0,415176.0,874.0,1389.0,352996.0,285.0,39.23728813559322,120.0
2016,대구,서구,15350AC400C103,1883.0,2048.0,203266.0,527.0,812.0,208707.0,204.0,43.12267657992565,108.76261285183217
2016,대구,수성구,15350AC400C106,3535.0,4402.0,419695.0,939.0,1155.0,298264.0,309.0,32.67326732673268,124.52616690240453
2016,대구,중구,15350AC400C101,963.0,1195.0,118616.0,428.0,323.0,80979.0,141.0,33.54101765316719,124.0913811007269
2016,대전,대덕구,15350AC400F105,1826.0,2319.0,239499.0,548.0,629.0,168337.0,157.0,34.446878422782035,126.99890470974809
2016,대전,동구,15350AC400F101,2846.0,3725.0,380098.0,710.0,889.0,235852.0,179.0,31.23682361208714,130.88545326774423
2016,대전,서구,15350AC400F103,4408.0,5777.0,603672.0,990.0,1431.0,387540.0,310.0,32.46370235934664,131.05716878402905
2016,대전,유성구,15350AC400F104,2359.0,2899.0,291741.0,824.0,854.0,229733.0,277.0,36.20178041543027,122.89105553200508
2016,대전,중구,15350AC400F102,3514.0,4963.0,523496.0,756.0,933.0,242404.0,202.0,26.550939100739896,141.23505976095618
2016,부산,강서구,15350AC400B112,591.0,679.0,58157.0,304.0,190.0,51955.0,84.0,32.14890016920474,114.89001692047378
2016,부산,금정구,15350AC400B111,1886.0,2371.0,231934.0,618.0,502.0,147171.0,115.0,26.617179215270415,125.71580063626723
2016,부산,기장군,15350AC400B116,1531.0,1630.0,151896.0,428.0,592.0,170791.0,90.0,38.66753755715219,106.46636185499673
2016,부산,남구,15350AC400B107,2179.0,3066.0,303248.0,684.0,387.0,101813.0,112.0,17.76044056906838,140.70674621385956
2016,부산,동구,15350AC400B103,1066.0,1474.0,142769.0,385.0,203.0,53493.0,52.0,19.04315196998124,138.27392120075046
2016,부산,동래구,15350AC400B106,2044.0,2878.0,279931.0,652.0,403.0,107440.0,137.0,19.716242661448142,140.80234833659492
2016,부산,부산진구,15350AC400B105,3134.0,4433.0,441591.0,771.0,514.0,131468.0,155.0,16.400765794511805,141.44862795149967
2016,부산,북구,15350AC400B108,1972.0,2536.0,223385.0,628.0,472.0,123430.0,118.0,23.935091277890468,128.6004056795132
2016,부산,사상구,15350AC400B115,1336.0,1696.0,168287.0,438.0,338.0,93243.0,103.0,25.299401197604794,126.94610778443113
2016,부산,사하구,15350AC400B110,2221.0,2814.0,283557.0,500.0,499.0,133676.0,104.0,22.467357046375508,126.69968482665466
2016,부산,서구,15350AC400B102,1065.0,1358.0,138877.0,382.0,230.0,62962.0,51.0,21.5962441314554,127.51173708920187
2016,부산,수영구,15350AC400B114,1457.0,1936.0,184834.0,536.0,291.0,81254.0,108.0,19.97254632807138,132.875772134523
2016,부산,연제구,15350AC400B113,1541.0,2157.0,218116.0,576.0,284.0,73232.0,112.0,18.429591174561974,139.9740428293316
2016,부산,영도구,15350AC400B104,1434.0,1945.0,184799.0,373.0,254.0,70374.0,65.0,17.712691771269178,135.63458856345883
2016,부산,중구,15350AC400B101,437.0,570.0,57072.0,219.0,78.0,21103.0,27.0,17.84897025171625,130.43478260869566
2016,부산,해운대구,15350AC400B109,3130.0,4337.0,435415.0,837.0,576.0,154767.0,168.0,18.402555910543132,138.56230031948883
2016,서울,강남구,15350AC400A123,3693.0,4650.0,458151.0,1391.0,1128.0,301532.0,632.0,30.544272948822094,125.91389114541023
2016,서울,강동구,15350AC400A125,3305.0,4118.0,396521.0,1062.0,1225.0,316228.0,555.0,37.065052950075646,124.59909228441755
2016,서울,강북구,15350AC400A109,3296.0,4394.0,436393.0,999.0,1089.0,278095.0,452.0,33.04004854368932,133.3131067961165
2016,서울,강서구,15350AC400A116,5836.0,8008.0,791531.0,1607.0,1711.0,418061.0,658.0,29.31802604523646,137.21727210418095
2016,서울,관악구,15350AC400A121,3840.0,4961.0,486203.0,1075.0,1161.0,285899.0,600.0,30.234375000000004,129.19270833333334
2016,서울,광진구,15350AC400A105,2380.0,2769.0,263661.0,902.0,936.0,243855.0,396.0,39.32773109243698,116.34453781512606
2016,서울,구로구,15350AC400A117,3513.0,4666.0,469027.0,1208.0,1107.0,281015.0,511.0,31.511528608027326,132.82095075434103
2016,서울,금천구,15350AC400A118,1902.0,2183.0,223803.0,636.0,735.0,181964.0,309.0,38.64353312302839,114.7739221871714
2016,서울,노원구,15350AC400A111,5476.0,6932.0,682856.0,1505.0,1941.0,506995.0,679.0,35.44558071585099,126.58875091307524
2016,서울,도봉구,15350AC400A110,3524.0,4360.0,423852.0,1092.0,1400.0,340811.0,474.0,39.727582292849036,123.72304199772985
2016,서울,동대문구,15350AC400A106,3342.0,4324.0,436215.0,1141.0,996.0,249591.0,499.0,29.80251346499102,129.3836026331538
2016,서울,동작구,15350AC400A120,3348.0,4214.0,426728.0,1100.0,1025.0,274202.0,581.0,30.615292712066903,125.86618876941458
2016,서울,마포구,15350AC400A114,2836.0,3485.0,345441.0,1053.0,938.0,242651.0,513.0,33.07475317348378,122.88434414668548
2016,서울,서대문구,15350AC400A113,2822.0,3510.0,342005.0,1039.0,965.0,237519.0,460.0,34.195605953224664,124.37987243090008
2016,서울,서초구,15350AC400A122,2979.0,3512.0,332799.0,1288.0,1031.0,271797.0,524.0,34.60892917086271,117.89191003692514
2016,서울,성동구,15350AC400A104,2290.0,2790.0,277469.0,881.0,757.0,193772.0,469.0,33.056768558951966,121.83406113537119
2016,서울,성북구,15350AC400A108,4170.0,5284.0,528213.0,1306.0,1380.0,345849.0,639.0,33.093525179856115,126.71462829736211
2016,서울,송파구,15350AC400A124,4498.0,5502.0,543762.0,1413.0,1556.0,419989.0,707.0,34.593152512227654,122.3210315695865
2016,서울,양천구,15350AC400A115,3930.0,4974.0,501746.0,1238.0,1315.0,342562.0,581.0,33.460559796437664,126.56488549618321
2016,서울,영등포구,15350AC400A119,2831.0,3666.0,359075.0,1090.0,813.0,210140.0,503.0,28.717767573295657,129.49487813493465
2016,서울,용산구,15350AC400A103,1946.0,2402.0,239066.0,772.0,593.0,155080.0,354.0,30.472764645426516,123.43268242548817
2016,서울,은평구,15350AC400A112,4293.0,5222.0,512016.0,1213.0,1531.0,391420.0,558.0,35.66270673188912,121.63987887258327
2016,서울,종로구,15350AC400A101,1378.0,1562.0,154735.0,661.0,498.0,133231.0,288.0,36.139332365747464,113.35268505079826
2016,서울,중구,15350AC400A102,1052.0,1249.0,119320.0,548.0,365.0,95384.0,256.0,34.6958174904943,118.72623574144487
2016,서울,중랑구,15350AC400A107,3931.0,4710.0,449091.0,1139.0,1502.0,383283.0,510.0,38.209107097430675,119.81684049860087
2016,울산,남구,15350AC400G102,1463.0,1796.0,172923.0,427.0,424.0,107426.0,142.0,28.981544771018452,122.76144907723857
2016,울산,동구,15350AC400G103,837.0,1172.0,107575.0,335.0,204.0,53033.0,91.0,24.372759856630825,140.02389486260455
2016,울산,북구,15350AC400G104,960.0,1169.0,110580.0,324.0,319.0,83938.0,97.0,33.229166666666664,121.77083333333334
2016,울산,울주군,15350AC400G105,1811.0,2030.0,190996.0,425.0,646.0,178654.0,108.0,35.67090005521811,112.09276642738818
2016,울산,중구,15350AC400G101,1416.0,1792.0,175681.0,349.0,391.0,100823.0,108.0,27.612994350282488,126.5536723163842
2016,인천,강화군,15350AC400D109,1549.0,1501.0,134750.0,453.0,752.0,204295.0,182.0,48.547449967721114,96.90122659780504
2016,인천,계양구,15350AC400D107,2775.0,3436.0,326837.0,869.0,1169.0,300640.0,375.0,42.12612612612613,123.81981981981983
2016,인천,남동구,15350AC400D105,5199.0,6987.0,637246.0,1358.0,2010.0,516853.0,545.0,38.66128101557992,134.39122908251585
2016,인천,동구,15350AC400D102,1074.0,1581.0,134170.0,429.0,360.0,92651.0,151.0,33.5195530726257,147.20670391061452
2016,인천,미추홀구,15350AC400D103,4668.0,6288.0,544308.0,1114.0,1834.0,482844.0,426.0,39.288774635818335,134.7043701799486
2016,인천,부평구,15350AC400D106,5676.0,7514.0,702880.0,1447.0,2124.0,549863.0,610.0,37.420718816067655,132.38195912614518
2016,인천,서구,15350AC400D108,4280.0,5210.0,492474.0,1206.0,1803.0,467562.0,515.0,42.126168224299064,121.72897196261682
2016,인천,연수구,15350AC400D104,2588.0,3406.0,306066.0,886.0,988.0,266757.0,378.0,38.17619783616693,131.60741885625967
2016,인천,옹진군,15350AC400D110,244.0,195.0,13667.0,166.0,139.0,36616.0,93.0,56.9672131147541,79.91803278688525
2016,인천,중구,15350AC400D101,1306.0,1651.0,138349.0,536.0,527.0,142414.0,202.0,40.35222052067382,126.41653905053599
2016,전남,강진군,15350AC400M113,1048.0,1530.0,132723.0,261.0,295.0,75050.0,119.0,28.148854961832058,145.99236641221373
2016,전남,고흥군,15350AC400M109,2252.0,2845.0,245682.0,389.0,819.0,211370.0,184.0,36.36767317939609,126.33214920071048
2016,전남,곡성군,15350AC400M107,990.0,1528.0,123735.0,218.0,301.0,78388.0,70.0,30.404040404040405,154.34343434343432
2016,전남,광양시,15350AC400M105,1464.0,1586.0,155174.0,328.0,603.0,144028.0,157.0,41.18852459016394,108.33333333333333
2016,전남,구례군,15350AC400M108,666.0,1164.0,98213.0,153.0,164.0,41426.0,46.0,24.624624624624623,174.77477477477476
2016,전남,나주시,15350AC400M104,2026.0,2927.0,239755.0,456.0,590.0,160212.0,154.0,29.121421520236918,144.47186574531096
2016,전남,담양군,15350AC400M106,1213.0,1636.0,148465.0,337.0,429.0,116367.0,96.0,35.36685902720528,134.8722176422094
2016,전남,목포시,15350AC400M101,1905.0,2181.0,195029.0,340.0,666.0,176659.0,131.0,34.960629921259844,114.48818897637796
2016,전남,무안군,15350AC400M116,1194.0,1326.0,122323.0,326.0,479.0,120285.0,136.0,40.117252931323286,111.05527638190955
2016,전남,보성군,15350AC400M110,983.0,1203.0,110146.0,313.0,285.0,72942.0,137.0,28.992878942014244,122.38046795523907
2016,전남,순천시,15350AC400M103,3025.0,3744.0,371720.0,584.0,1042.0,259460.0,193.0,34.44628099173554,123.76859504132231
2016,전남,신안군,15350AC400M122,844.0,947.0,81147.0,237.0,312.0,76865.0,98.0,36.96682464454976,112.2037914691943
2016,전남,여수시,15350AC400M102,3481.0,3996.0,469571.0,419.0,951.0,241527.0,175.0,27.31973570812985,114.7945992530882
2016,전남,영광군,15350AC400M118,1185.0,1319.0,110221.0,255.0,480.0,119423.0,112.0,40.50632911392405,111.30801687763714
2016,전남,영암군,15350AC400M115,1110.0,1263.0,114855.0,304.0,423.0,110863.0,107.0,38.108108108108105,113.78378378378378
2016,전남,완도군,15350AC400M120,1204.0,1274.0,117862.0,250.0,453.0,125917.0,120.0,37.62458471760797,105.8139534883721
2016,전남,장성군,15350AC400M119,1163.0,1834.0,163141.0,328.0,249.0,62284.0,85.0,21.410146173688734,157.69561478933792
2016,전남,장흥군,15350AC400M112,1377.0,1815.0,182192.0,221.0,339.0,90825.0,116.0,24.618736383442265,131.8082788671024
2016,전남,진도군,15350AC400M121,680.0,895.0,71073.0,179.0,226.0,57537.0,95.0,33.23529411764706,131.61764705882354
2016,전남,함평군,15350AC400M117,1037.0,1126.0,98970.0,251.0,460.0,116056.0,93.0,44.35872709739633,108.5824493731919
2016,전남,해남군,15350AC400M114,1934.0,2603.0,230089.0,328.0,618.0,160288.0,176.0,31.954498448810753,134.5915201654602
2016,전남,화순군,15350AC400M111,1206.0,1701.0,159230.0,301.0,351.0,91496.0,97.0,29.1044776119403,141.04477611940297
2016,전북,고창군,15350AC400L114,1690.0,2569.0,226642.0,385.0,379.0,94276.0,133.0,22.42603550295858,152.01183431952663
2016,전북,군산시,15350AC400L103,3487.0,4325.0,405023.0,492.0,1203.0,338137.0,154.0,34.49956983080011,124.0321193002581
2016,전북,김제시,15350AC400L107,2284.0,3774.0,268971.0,502.0,635.0,164941.0,139.0,27.802101576182135,165.23642732049038
2016,전북,남원시,15350AC400L106,1717.0,2296.0,192971.0,355.0,627.0,174533.0,129.0,36.5171811298777,133.72160745486312
2016,전북,무주군,15350AC400L110,618.0,744.0,63673.0,166.0,236.0,63157.0,68.0,38.18770226537217,120.3883495145631
2016,전북,부안군,15350AC400L115,1214.0,1660.0,134677.0,319.0,423.0,105417.0,151.0,34.84349258649094,136.73805601317957
2016,전북,순창군,15350AC400L113,805.0,1176.0,100149.0,244.0,207.0,58185.0,79.0,25.71428571428571,146.08695652173913
2016,전북,완주군,15350AC400L108,1407.0,1809.0,135351.0,387.0,495.0,130456.0,137.0,35.18123667377399,128.57142857142858
2016,전북,익산시,15350AC400L104,4547.0,6299.0,536662.0,698.0,1576.0,424211.0,220.0,34.66021552672092,138.530899494172
2016,전북,임실군,15350AC400L112,713.0,1023.0,92222.0,220.0,194.0,48825.0,74.0,27.20897615708275,143.47826086956522
2016,전북,장수군,15350AC400L111,573.0,755.0,61458.0,154.0,210.0,54723.0,68.0,36.64921465968586,131.7626527050611
2016,전북,전주시덕진구,15350AC400L102,2117.0,2925.0,236405.0,541.0,532.0,132476.0,139.0,25.129900803023148,138.16721776098254
2016,전북,전주시완산구,15350AC400L101,3138.0,4136.0,346700.0,658.0,848.0,226239.0,188.0,27.023581899298915,131.80369662205226
2016,전북,정읍시,15350AC400L105,2397.0,3923.0,318928.0,458.0,538.0,135467.0,188.0,22.444722569879016,163.66291197329997
2016,전북,진안군,15350AC400L109,688.0,821.0,62577.0,178.0,290.0,74820.0,94.0,42.151162790697676,119.3313953488372
2016,제주,서귀포시,15350AC400P102,2274.0,2047.0,186615.0,238.0,1278.0,361984.0,88.0,56.200527704485495,90.01759014951627
2016,제주,제주시,15350AC400P101,5227.0,5264.0,473545.0,376.0,2721.0,779084.0,144.0,52.056629041515215,100.70786301894013
2016,충남,계룡시,15350AC400K108,397.0,403.0,43919.0,199.0,217.0,54812.0,71.0,54.65994962216625,101.51133501259446
2016,충남,공주시,15350AC400K103,1984.0,2268.0,247319.0,435.0,635.0,176455.0,153.0,32.006048387096776,114.31451612903226
2016,충남,금산군,15350AC400K109,1179.0,1570.0,136578.0,347.0,430.0,112546.0,112.0,36.4715860899067,133.16369804919424
2016,충남,논산시,15350AC400K107,2284.0,3179.0,285021.0,519.0,719.0,192722.0,188.0,31.47985989492119,139.18563922942207
2016,충남,당진시,15350AC400K118,2555.0,2729.0,299051.0,509.0,996.0,266196.0,232.0,38.98238747553816,106.81017612524461
2016,충남,보령시,15350AC400K104,1933.0,2455.0,249925.0,389.0,623.0,159116.0,172.0,32.229694774961196,127.00465597516812
2016,충남,부여군,15350AC400K111,1703.0,2077.0,171386.0,419.0,714.0,188456.0,167.0,41.92601291837933,121.96124486200821
2016,충남,서산시,15350AC400K106,2459.0,2752.0,258759.0,503.0,1009.0,264515.0,220.0,41.032940219601464,111.91541276941845
2016,충남,서천군,15350AC400K112,1330.0,1477.0,161414.0,335.0,433.0,114763.0,147.0,32.55639097744361,111.05263157894736
2016,충남,아산시,15350AC400K105,2306.0,2556.0,232656.0,596.0,951.0,249528.0,262.0,41.240242844752814,110.84128360797918
2016,충남,예산군,15350AC400K115,1741.0,2098.0,200942.0,419.0,589.0,149851.0,197.0,33.83113153360138,120.50545663411832
2016,충남,천안시동남구,15350AC400K101,2306.0,2470.0,221167.0,530.0,966.0,258241.0,250.0,41.89071986123157,107.11188204683435
2016,충남,천안시서북구,15350AC400K102,2113.0,2528.0,232791.0,539.0,787.0,202028.0,221.0,37.24562233790819,119.64032181732134
2016,충남,청양군,15350AC400K113,1044.0,1143.0,118251.0,268.0,360.0,91377.0,129.0,34.48275862068966,109.48275862068965
2016,충남,태안군,15350AC400K116,1214.0,1359.0,132279.0,301.0,445.0,109907.0,122.0,36.655683690280064,111.94398682042834
2016,충남,홍성군,15350AC400K114,1901.0,2816.0,273367.0,434.0,463.0,112052.0,158.0,24.35560231457128,148.1325618095739
2016,충북,괴산군,15350AC400J111,994.0,899.0,97039.0,205.0,456.0,117391.0,154.0,45.87525150905433,90.44265593561369
2016,충북,단양군,15350AC400J113,635.0,694.0,59588.0,132.0,287.0,78475.0,91.0,45.196850393700785,109.29133858267717
2016,충북,보은군,15350AC400J106,673.0,597.0,57463.0,192.0,302.0,79774.0,99.0,44.873699851411594,88.7072808320951
2016,충북,영동군,15350AC400J108,1466.0,2528.0,181087.0,268.0,470.0,116893.0,130.0,32.06002728512961,172.4420190995907
2016,충북,옥천군,15350AC400J107,1009.0,1149.0,100211.0,272.0,436.0,116174.0,124.0,43.21110009910803,113.8751238850347
2016,충북,음성군,15350AC400J112,1335.0,960.0,88990.0,328.0,782.0,218134.0,168.0,58.57677902621723,71.91011235955057
2016,충북,제천시,15350AC400J104,1618.0,1648.0,156758.0,288.0,711.0,175662.0,145.0,43.94313967861557,101.85414091470952
2016,충북,증평군,15350AC400J109,429.0,373.0,36102.0,98.0,238.0,58956.0,56.0,55.47785547785548,86.94638694638695
2016,충북,진천군,15350AC400J110,831.0,775.0,73417.0,208.0,396.0,101157.0,135.0,47.65342960288809,93.26113116726835
2016,충북,청주시상당구,15350AC400J101,1880.0,1922.0,196708.0,390.0,830.0,222983.0,186.0,44.148936170212764,102.23404255319149
2016,충북,청주시서원구,15350AC400J114,2137.0,2162.0,219626.0,418.0,968.0,259116.0,211.0,45.29714553111839,101.16986429574169
2016,충북,청주시청원구,15350AC400J115,1755.0,1639.0,173312.0,390.0,843.0,221698.0,182.0,48.034188034188034,93.3903133903134
2016,충북,청주시흥덕구,15350AC400J102,1829.0,1771.0,171320.0,426.0,873.0,226717.0,209.0,47.731000546746856,96.82886823400766
2016,충북,충주시,15350AC400J103,2352.0,2173.0,208339.0,387.0,1149.0,296216.0,197.0,48.85204081632653,92.38945578231292
2017,강원,강릉시,15350AC400I103,4217.0,4837.0,538364.0,401.0,1766.0,461392.0,198.0,41.87811240218164,114.7023950675836
2017,강원,고성군,15350AC400I117,617.0,629.0,59810.0,131.0,282.0,74613.0,59.0,45.705024311183145,101.94489465153971
2017,강원,동해시,15350AC400I104,1408.0,1754.0,176445.0,205.0,425.0,120356.0,85.0,30.18465909090909,124.57386363636364
2017,강원,삼척시,15350AC400I107,1417.0,1530.0,177866.0,212.0,419.0,111523.0,89.0,29.56951305575159,107.97459421312632
2017,강원,속초시,15350AC400I106,1335.0,1464.0,149398.0,169.0,551.0,138384.0,75.0,41.27340823970037,109.66292134831461
2017,강원,양구군,15350AC400I115,395.0,347.0,33004.0,75.0,212.0,56676.0,40.0,53.67088607594936,87.84810126582279
2017,강원,양양군,15350AC400I118,699.0,676.0,71282.0,129.0,317.0,84057.0,64.0,45.35050071530758,96.70958512160229
2017,강원,영월군,15350AC400I110,1005.0,1204.0,107770.0,184.0,421.0,100900.0,101.0,41.89054726368159,119.80099502487562
2017,강원,원주시,15350AC400I102,4031.0,3959.0,379447.0,548.0,2060.0,536802.0,281.0,51.10394443066236,98.2138427189283
2017,강원,인제군,15350AC400I116,440.0,525.0,34057.0,146.0,196.0,50893.0,84.0,44.54545454545455,119.31818181818181
2017,강원,정선군,15350AC400I112,695.0,668.0,47153.0,139.0,353.0,95552.0,107.0,50.79136690647482,96.11510791366906
2017,강원,철원군,15350AC400I113,649.0,653.0,67731.0,151.0,281.0,77833.0,72.0,43.29738058551618,100.61633281972264
2017,강원,춘천시,15350AC400I101,4625.0,5747.0,544524.0,501.0,1931.0,504772.0,223.0,41.75135135135135,124.25945945945946
2017,강원,태백시,15350AC400I105,746.0,902.0,69332.0,110.0,321.0,89465.0,67.0,43.029490616621985,120.91152815013405
2017,강원,평창군,15350AC400I111,762.0,782.0,78126.0,186.0,329.0,82862.0,121.0,43.1758530183727,102.6246719160105
2017,강원,홍천군,15350AC400I108,1234.0,1215.0,108343.0,256.0,587.0,150494.0,142.0,47.56888168557536,98.46029173419774
2017,강원,화천군,15350AC400I114,464.0,541.0,48623.0,96.0,241.0,63569.0,79.0,51.939655172413794,116.59482758620689
2017,강원,횡성군,15350AC400I109,1020.0,995.0,94727.0,213.0,507.0,138887.0,106.0,49.705882352941174,97.54901960784314
2017,경기,가평군,15350AC400H143,1474.0,1642.0,162275.0,286.0,591.0,159580.0,156.0,40.09497964721845,111.39755766621437
2017,경기,고양시덕양구,15350AC400H119,4790.0,5436.0,518295.0,1175.0,2026.0,535028.0,513.0,42.2964509394572,113.48643006263049
2017,경기,고양시일산동구,15350AC400H145,3034.0,3210.0,301778.0,868.0,1364.0,370946.0,393.0,44.95715227422544,105.8009228740936
2017,경기,고양시일산서구,15350AC400H146,2768.0,3390.0,335602.0,820.0,983.0,253906.0,368.0,35.51300578034682,122.47109826589595
2017,경기,과천시,15350AC400H122,597.0,712.0,71063.0,282.0,204.0,51997.0,130.0,34.17085427135678,119.26298157453937
2017,경기,광명시,15350AC400H114,2961.0,3761.0,360842.0,946.0,1001.0,250120.0,417.0,33.80614657210402,127.01789935832488
2017,경기,광주시,15350AC400H138,3047.0,3680.0,363222.0,813.0,1155.0,300022.0,375.0,37.90613718411552,120.7745323268789
2017,경기,구리시,15350AC400H123,1876.0,2426.0,249631.0,656.0,659.0,166082.0,270.0,35.127931769722814,129.317697228145
2017,경기,군포시,15350AC400H127,2451.0,2804.0,267603.0,655.0,1088.0,270330.0,318.0,44.39004487964096,114.40228478172175
2017,경기,김포시,15350AC400H136,3536.0,4102.0,386046.0,1107.0,1416.0,353307.0,471.0,40.04524886877828,116.00678733031675
2017,경기,남양주시,15350AC400H124,7055.0,8329.0,843336.0,1556.0,3008.0,775629.0,668.0,42.63642806520199,118.05811481218993
2017,경기,동두천시,15350AC400H116,1609.0,1652.0,190880.0,324.0,771.0,206867.0,128.0,47.91796146674953,102.6724673710379
2017,경기,부천시,A01,8430.0,10548.0,1070442.0,1714.0,3228.0,843690.0,751.0,38.29181494661922,125.12455516014236
2017,경기,성남시분당구,15350AC400H107,4767.0,5966.0,618518.0,1289.0,1540.0,422483.0,546.0,32.305433186490454,125.1520872666247
2017,경기,성남시수정구,15350AC400H105,2325.0,2834.0,278403.0,731.0,867.0,219282.0,380.0,37.29032258064516,121.89247311827958
2017,경기,성남시중원구,15350AC400H106,2408.0,2835.0,288811.0,592.0,949.0,245486.0,365.0,39.41029900332226,117.73255813953489
2017,경기,수원시권선구,15350AC400H102,3023.0,3629.0,355641.0,929.0,1240.0,319395.0,409.0,41.018855441614285,120.04631161098247
2017,경기,수원시영통구,15350AC400H104,1896.0,2150.0,201303.0,816.0,812.0,219280.0,386.0,42.82700421940928,113.39662447257383
2017,경기,수원시장안구,15350AC400H101,3135.0,3592.0,350740.0,808.0,1346.0,354134.0,388.0,42.93460925039872,114.57735247208932
2017,경기,수원시팔달구,15350AC400H103,1946.0,2447.0,237196.0,648.0,702.0,167887.0,249.0,36.07399794450154,125.74511819116137
2017,경기,시흥시,15350AC400H126,3002.0,3311.0,328345.0,879.0,1321.0,356042.0,408.0,44.00399733510993,110.2931379080613
2017,경기,안산시단원구,15350AC400H118,2095.0,1990.0,185896.0,577.0,1113.0,302928.0,291.0,53.12649164677804,94.98806682577565
2017,경기,안산시상록구,15350AC400H117,2987.0,3015.0,299866.0,654.0,1524.0,409531.0,341.0,51.02109139604954,100.93739537997992
2017,경기,안성시,15350AC400H135,2365.0,2255.0,200435.0,545.0,1167.0,306625.0,236.0,49.344608879492604,95.34883720930233
2017,경기,안양시동안구,15350AC400H110,2598.0,3387.0,335380.0,864.0,907.0,231253.0,375.0,34.91147036181678,130.36951501154735
2017,경기,안양시만안구,15350AC400H109,2510.0,3251.0,322510.0,731.0,904.0,236033.0,297.0,36.01593625498008,129.5219123505976
2017,경기,양주시,15350AC400H139,2853.0,3064.0,316642.0,744.0,1355.0,354796.0,315.0,47.493866105853485,107.39572379950928
2017,경기,양평군,15350AC400H144,2216.0,2441.0,220995.0,655.0,951.0,238277.0,233.0,42.915162454873645,110.1534296028881
2017,경기,여주시,15350AC400H147,1897.0,1992.0,199966.0,411.0,838.0,210125.0,198.0,44.17501317870322,105.00790722192936
2017,경기,연천군,15350AC400H142,991.0,1125.0,111529.0,236.0,410.0,107096.0,118.0,41.372351160444,113.52169525731584
2017,경기,오산시,15350AC400H125,1420.0,1576.0,148865.0,367.0,598.0,158743.0,208.0,42.112676056338024,110.98591549295776
2017,경기,용인시기흥구,15350AC400H131,3543.0,4172.0,414254.0,1107.0,1421.0,373303.0,486.0,40.10725373976855,117.75331639853232
2017,경기,용인시수지구,15350AC400H132,2976.0,3638.0,344638.0,846.0,1089.0,286086.0,403.0,36.59274193548387,122.24462365591397
2017,경기,용인시처인구,15350AC400H130,2926.0,3271.0,317761.0,678.0,1277.0,334843.0,342.0,43.6431989063568,111.79084073820916
2017,경기,의왕시,15350AC400H128,1520.0,1878.0,185310.0,573.0,572.0,141377.0,255.0,37.631578947368425,123.55263157894736
2017,경기,의정부시,15350AC400H108,6050.0,7483.0,772878.0,1143.0,2494.0,647593.0,468.0,41.22314049586777,123.68595041322314
2017,경기,이천시,15350AC400H134,2408.0,2783.0,298382.0,527.0,888.0,237322.0,222.0,36.87707641196013,115.57308970099666
2017,경기,파주시,15350AC400H133,4272.0,4493.0,426793.0,1002.0,1947.0,524401.0,447.0,45.575842696629216,105.17322097378276
2017,경기,평택시,15350AC400H115,4809.0,5425.0,551456.0,883.0,1880.0,479336.0,458.0,39.09336660428364,112.80931586608443
2017,경기,포천시,15350AC400H140,2445.0,2621.0,299247.0,481.0,1135.0,295715.0,241.0,46.421267893660534,107.19836400817996
2017,경기,하남시,15350AC400H129,1920.0,2524.0,239834.0,698.0,704.0,179680.0,338.0,36.666666666666664,131.45833333333334
2017,경기,화성시,15350AC400H137,4886.0,5183.0,511185.0,1291.0,2169.0,568937.0,592.0,44.39214081047892,106.0785918952108
2017,경남,거제시,15350AC400O111,1575.0,1803.0,148125.0,341.0,530.0,141142.0,134.0,33.65079365079365,114.47619047619048
2017,경남,거창군,15350AC400O121,1518.0,1860.0,174151.0,284.0,513.0,141477.0,109.0,33.794466403162055,122.5296442687747
2017,경남,고성군,15350AC400O116,1259.0,1754.0,145907.0,267.0,372.0,98168.0,86.0,29.547259729944404,139.31691818903892
2017,경남,김해시,15350AC400O109,2622.0,3386.0,315776.0,676.0,629.0,167186.0,201.0,23.98932112890923,129.1380625476735
2017,경남,남해군,15350AC400O117,1892.0,2941.0,226976.0,290.0,469.0,116605.0,116.0,24.788583509513742,155.44397463002113
2017,경남,밀양시,15350AC400O110,2170.0,3002.0,273812.0,348.0,694.0,180135.0,126.0,31.981566820276498,138.34101382488478
2017,경남,사천시,15350AC400O108,1879.0,2353.0,228975.0,355.0,650.0,172615.0,90.0,34.59286854709952,125.22618414050027
2017,경남,산청군,15350AC400O119,1430.0,1613.0,168130.0,238.0,542.0,146830.0,92.0,37.9020979020979,112.7972027972028
2017,경남,양산시,15350AC400O112,2288.0,2990.0,304909.0,590.0,560.0,146143.0,139.0,24.475524475524477,130.6818181818182
2017,경남,의령군,15350AC400O113,849.0,1185.0,109790.0,197.0,226.0,62512.0,75.0,26.61955241460542,139.57597173144876
2017,경남,진주시,15350AC400O106,4270.0,5434.0,589063.0,587.0,1297.0,346237.0,192.0,30.37470725995316,127.2599531615925
2017,경남,창녕군,15350AC400O115,1589.0,2130.0,208135.0,326.0,370.0,101482.0,124.0,23.28508495909377,134.0465701699182
2017,경남,창원시 마산합포구,15350AC400O103,1948.0,2473.0,272867.0,350.0,475.0,127860.0,104.0,24.383983572895275,126.95071868583163
2017,경남,창원시 마산회원구,15350AC400O104,1389.0,1947.0,217085.0,362.0,256.0,62872.0,84.0,18.430525557955363,140.17278617710582
2017,경남,창원시 성산구,15350AC400O102,957.0,1222.0,120216.0,403.0,284.0,69316.0,130.0,29.6760710553814,127.69070010449322
2017,경남,창원시 의창구,15350AC400O101,1768.0,2215.0,212822.0,477.0,550.0,149021.0,117.0,31.108597285067873,125.28280542986425
2017,경남,창원시 진해구,15350AC400O105,1403.0,1679.0,172954.0,309.0,430.0,112147.0,111.0,30.64861012116892,119.67213114754098
2017,경남,통영시,15350AC400O107,1258.0,1333.0,131662.0,198.0,411.0,109057.0,73.0,32.670906200317965,105.96184419713832
2017,경남,하동군,15350AC400O118,1791.0,2735.0,235887.0,304.0,473.0,127167.0,120.0,26.409826912339472,152.7079843662758
2017,경남,함안군,15350AC400O114,1279.0,1616.0,171233.0,239.0,353.0,99753.0,72.0,27.599687255668492,126.34870992963252
2017,경남,함양군,15350AC400O120,1484.0,2267.0,202968.0,271.0,468.0,125162.0,97.0,31.536388140161726,152.76280323450135
2017,경남,합천군,15350AC400O122,1421.0,1498.0,136246.0,308.0,604.0,170099.0,140.0,42.50527797325827,105.41871921182266
2017,경북,경산시,15350AC400N111,2870.0,3619.0,343441.0,634.0,1038.0,268797.0,213.0,36.167247386759584,126.09756097560975
2017,경북,경주시,15350AC400N103,4194.0,6394.0,598142.0,609.0,811.0,224525.0,197.0,19.33714830710539,152.4558893657606
2017,경북,고령군,15350AC400N118,775.0,984.0,89305.0,252.0,266.0,68489.0,77.0,34.32258064516129,126.96774193548389
2017,경북,구미시,15350AC400N106,2891.0,3219.0,314507.0,529.0,1363.0,362211.0,227.0,47.146316153580074,111.34555517122102
2017,경북,군위군,15350AC400N112,809.0,1051.0,92069.0,199.0,288.0,81991.0,102.0,35.59950556242274,129.91347342398024
2017,경북,김천시,15350AC400N104,2552.0,2939.0,270492.0,446.0,1137.0,281745.0,222.0,44.55329153605015,115.16457680250784
2017,경북,문경시,15350AC400N110,2202.0,2291.0,258197.0,351.0,871.0,227301.0,184.0,39.554950045413264,104.04178019981836
2017,경북,봉화군,15350AC400N122,723.0,528.0,48986.0,157.0,402.0,109032.0,62.0,55.601659751037346,73.02904564315352
2017,경북,상주시,15350AC400N109,2738.0,3257.0,309647.0,550.0,979.0,248453.0,235.0,35.75602629656684,118.9554419284149
2017,경북,성주군,15350AC400N119,969.0,1240.0,109760.0,229.0,316.0,81157.0,98.0,32.6109391124871,127.9669762641899
2017,경북,안동시,15350AC400N105,3286.0,4282.0,410691.0,511.0,974.0,259058.0,205.0,29.64090079123555,130.3104077906269
2017,경북,영덕군,15350AC400N116,1133.0,1470.0,151580.0,201.0,309.0,77258.0,82.0,27.27272727272727,129.74404236540158
2017,경북,영양군,15350AC400N115,570.0,454.0,58724.0,123.0,263.0,69092.0,51.0,46.14035087719298,79.64912280701755
2017,경북,영주시,15350AC400N107,1953.0,1816.0,193119.0,317.0,886.0,231456.0,124.0,45.36610343061956,92.98515104966718
2017,경북,영천시,15350AC400N108,2515.0,3744.0,377132.0,429.0,608.0,153888.0,156.0,24.174950298210735,148.86679920477138
2017,경북,예천군,15350AC400N121,1362.0,1586.0,158562.0,328.0,471.0,120603.0,157.0,34.58149779735683,116.44640234948605
2017,경북,울릉군,15350AC400N124,82.0,54.0,3853.0,44.0,47.0,13326.0,13.0,57.3170731707317,65.85365853658537
2017,경북,울진군,15350AC400N123,1289.0,1717.0,173018.0,250.0,335.0,89553.0,136.0,25.989138867339022,133.20403413498835
2017,경북,의성군,15350AC400N113,1928.0,2525.0,211163.0,416.0,664.0,171706.0,199.0,34.439834024896264,130.96473029045643
2017,경북,청도군,15350AC400N117,1473.0,1813.0,190057.0,296.0,554.0,141040.0,111.0,37.61031907671419,123.08214528173795
2017,경북,청송군,15350AC400N114,784.0,729.0,73466.0,181.0,345.0,98837.0,81.0,44.005102040816325,92.98469387755102
2017,경북,칠곡군,15350AC400N120,1299.0,1466.0,150235.0,310.0,567.0,150766.0,134.0,43.648960739030024,112.85604311008468
2017,경북,포항시남구,15350AC400N101,2296.0,2967.0,317326.0,400.0,651.0,174335.0,102.0,28.353658536585364,129.22473867595818
2017,경북,포항시북구,15350AC400N102,2620.0,3415.0,367324.0,466.0,618.0,166371.0,130.0,23.587786259541986,130.34351145038167
2017,광주,광산구,15350AC400E105,3198.0,5074.0,459957.0,871.0,750.0,203056.0,218.0,23.452157598499063,158.66166353971232
2017,광주,남구,15350AC400E103,2555.0,3768.0,355495.0,730.0,557.0,152058.0,187.0,21.800391389432487,147.47553816046968
2017,광주,동구,15350AC400E101,1535.0,2201.0,213367.0,536.0,366.0,99859.0,127.0,23.843648208469055,143.38762214983714
2017,광주,북구,15350AC400E104,4723.0,7256.0,681901.0,957.0,1087.0,296763.0,227.0,23.015032818124073,153.63116663137836
2017,광주,서구,15350AC400E102,3203.0,4869.0,460004.0,827.0,748.0,203425.0,189.0,23.35310646269123,152.01373712144863
2017,대구,남구,15350AC400C104,2177.0,2819.0,279983.0,692.0,668.0,171721.0,204.0,30.684428112080848,129.4901240238861
2017,대구,달서구,15350AC400C107,4883.0,6521.0,666005.0,1027.0,1456.0,382689.0,348.0,29.817734998976043,133.54495187384805
2017,대구,달성군,15350AC400C108,1988.0,2146.0,209157.0,611.0,885.0,239293.0,219.0,44.517102615694164,107.9476861167002
2017,대구,동구,15350AC400C102,4309.0,5536.0,553792.0,957.0,1471.0,384345.0,280.0,34.13785100951497,128.47528428869808
2017,대구,북구,15350AC400C105,3781.0,4646.0,475263.0,928.0,1409.0,371289.0,295.0,37.26527373710658,122.87754562285109
2017,대구,서구,15350AC400C103,2121.0,2462.0,239816.0,637.0,840.0,223254.0,195.0,39.603960396039604,116.07732201791607
2017,대구,수성구,15350AC400C106,3943.0,5081.0,495367.0,1042.0,1190.0,295746.0,320.0,30.180065939639867,128.86127314227744
2017,대구,중구,15350AC400C101,1099.0,1467.0,140983.0,487.0,340.0,85979.0,153.0,30.937215650591448,133.48498635122837
2017,대전,대덕구,15350AC400F105,1851.0,2302.0,237411.0,535.0,641.0,178289.0,167.0,34.62992976769314,124.365207995678
2017,대전,동구,15350AC400F101,2962.0,3787.0,396392.0,701.0,970.0,254725.0,198.0,32.748143146522615,127.85280216070223
2017,대전,서구,15350AC400F103,4627.0,6156.0,654568.0,1058.0,1412.0,380793.0,305.0,30.516533390966067,133.0451696563648
2017,대전,유성구,15350AC400F104,2557.0,3271.0,338094.0,852.0,890.0,240479.0,263.0,34.80641376613219,127.92334767305435
2017,대전,중구,15350AC400F102,3820.0,5350.0,579860.0,754.0,1012.0,271436.0,216.0,26.49214659685864,140.05235602094243
2017,부산,강서구,15350AC400B112,678.0,790.0,70691.0,350.0,199.0,53628.0,81.0,29.35103244837758,116.51917404129794
2017,부산,금정구,15350AC400B111,2188.0,2807.0,274366.0,658.0,523.0,148422.0,122.0,23.90310786106033,128.29067641681903
2017,부산,기장군,15350AC400B116,1763.0,2005.0,198296.0,468.0,627.0,174473.0,96.0,35.56437889960295,113.7266023823029
2017,부산,남구,15350AC400B107,2405.0,3423.0,350652.0,729.0,378.0,100384.0,123.0,15.717255717255718,142.32848232848232
2017,부산,동구,15350AC400B103,1304.0,1803.0,183623.0,425.0,231.0,58103.0,61.0,17.71472392638037,138.26687116564418
2017,부산,동래구,15350AC400B106,2370.0,3409.0,346896.0,744.0,402.0,107435.0,131.0,16.962025316455694,143.83966244725738
2017,부산,부산진구,15350AC400B105,3574.0,5092.0,516071.0,869.0,545.0,136806.0,162.0,15.249020705092335,142.4734191382205
2017,부산,북구,15350AC400B108,2372.0,3146.0,294017.0,700.0,488.0,131017.0,106.0,20.57335581787521,132.63069139966274
2017,부산,사상구,15350AC400B115,1613.0,2071.0,207212.0,503.0,368.0,99578.0,101.0,22.814631122132674,128.39429634221946
2017,부산,사하구,15350AC400B110,2738.0,3570.0,356820.0,594.0,584.0,155122.0,117.0,21.32943754565376,130.3871439006574
2017,부산,서구,15350AC400B102,1184.0,1541.0,161396.0,395.0,227.0,62496.0,44.0,19.1722972972973,130.15202702702703
2017,부산,수영구,15350AC400B114,1639.0,2242.0,223476.0,610.0,299.0,80225.0,108.0,18.242830994508846,136.79072605247103
2017,부산,연제구,15350AC400B113,1811.0,2546.0,255803.0,662.0,294.0,75047.0,103.0,16.234124792932082,140.5853119823302
2017,부산,영도구,15350AC400B104,1650.0,2330.0,228829.0,416.0,239.0,62116.0,70.0,14.484848484848484,141.21212121212122
2017,부산,중구,15350AC400B101,502.0,675.0,70810.0,253.0,77.0,23353.0,30.0,15.338645418326694,134.4621513944223
2017,부산,해운대구,15350AC400B109,3619.0,5135.0,515849.0,928.0,618.0,159756.0,181.0,17.0765404807958,141.89002486874827
2017,서울,강남구,15350AC400A123,4015.0,5224.0,505390.0,1452.0,1131.0,297136.0,650.0,28.16936488169365,130.1120797011208
2017,서울,강동구,15350AC400A125,3443.0,4373.0,421671.0,1077.0,1220.0,309449.0,550.0,35.43421434795237,127.01132733081614
2017,서울,강북구,15350AC400A109,3606.0,4709.0,491474.0,1042.0,1168.0,291345.0,464.0,32.390460343871325,130.58790904048806
2017,서울,강서구,15350AC400A116,6507.0,8932.0,909106.0,1699.0,1760.0,452669.0,672.0,27.047794682649457,137.267558014446
2017,서울,관악구,15350AC400A121,4140.0,5466.0,551488.0,1123.0,1208.0,299905.0,613.0,29.178743961352655,132.02898550724638
2017,서울,광진구,15350AC400A105,2618.0,3114.0,304197.0,947.0,952.0,243672.0,443.0,36.36363636363637,118.94576012223071
2017,서울,구로구,15350AC400A117,3783.0,5009.0,513992.0,1249.0,1197.0,301262.0,532.0,31.64155432196669,132.4081416864922
2017,서울,금천구,15350AC400A118,2021.0,2416.0,248553.0,705.0,771.0,197455.0,306.0,38.14943097476497,119.54477981197427
2017,서울,노원구,15350AC400A111,5916.0,7624.0,774362.0,1569.0,2025.0,516107.0,727.0,34.22920892494929,128.87085868830292
2017,서울,도봉구,15350AC400A110,3849.0,4808.0,484001.0,1149.0,1515.0,368520.0,496.0,39.360872954014035,124.91556248376202
2017,서울,동대문구,15350AC400A106,3617.0,4740.0,494249.0,1146.0,972.0,235881.0,492.0,26.873099253525023,131.04782969311583
2017,서울,동작구,15350AC400A120,3503.0,4526.0,474212.0,1170.0,981.0,259716.0,571.0,28.00456751355981,129.20353982300884
2017,서울,마포구,15350AC400A114,3023.0,3859.0,383959.0,1096.0,911.0,241471.0,508.0,30.135626860734373,127.65464770095932
2017,서울,서대문구,15350AC400A113,3062.0,3848.0,388386.0,1079.0,942.0,244844.0,446.0,30.76420640104507,125.66949706074462
2017,서울,서초구,15350AC400A122,3155.0,3744.0,362483.0,1288.0,1020.0,267828.0,549.0,32.32963549920761,118.6687797147385
2017,서울,성동구,15350AC400A104,2536.0,3154.0,321082.0,972.0,778.0,203025.0,485.0,30.6782334384858,124.36908517350159
2017,서울,성북구,15350AC400A108,4435.0,5766.0,605504.0,1355.0,1343.0,343308.0,595.0,30.28184892897407,130.01127395715898
2017,서울,송파구,15350AC400A124,4804.0,5884.0,605402.0,1491.0,1636.0,428832.0,753.0,34.05495420482931,122.48126561199
2017,서울,양천구,15350AC400A115,4322.0,5511.0,574159.0,1324.0,1380.0,358980.0,556.0,31.92966219342897,127.51041184636742
2017,서울,영등포구,15350AC400A119,3072.0,3994.0,403380.0,1167.0,837.0,214553.0,519.0,27.24609375,130.01302083333331
2017,서울,용산구,15350AC400A103,2077.0,2595.0,253324.0,817.0,613.0,159769.0,366.0,29.513721714010593,124.93981704381318
2017,서울,은평구,15350AC400A112,4601.0,5583.0,569369.0,1206.0,1589.0,411160.0,559.0,34.535970441208434,121.34318626385567
2017,서울,종로구,15350AC400A101,1490.0,1713.0,176627.0,749.0,509.0,131951.0,299.0,34.16107382550336,114.96644295302015
2017,서울,중구,15350AC400A102,1218.0,1512.0,148839.0,612.0,370.0,97188.0,263.0,30.377668308702795,124.13793103448276
2017,서울,중랑구,15350AC400A107,4185.0,5012.0,512383.0,1166.0,1573.0,399396.0,536.0,37.58661887694146,119.76105137395461
2017,울산,남구,15350AC400G102,1709.0,2257.0,210750.0,466.0,442.0,114046.0,140.0,25.86307782328847,132.06553540081921
2017,울산,동구,15350AC400G103,957.0,1330.0,128197.0,334.0,202.0,55358.0,90.0,21.10762800417973,138.97596656217345
2017,울산,북구,15350AC400G104,1101.0,1446.0,138689.0,358.0,331.0,91621.0,112.0,30.06357856494096,131.33514986376022
2017,울산,울주군,15350AC400G105,1935.0,2317.0,224483.0,432.0,650.0,170723.0,121.0,33.59173126614987,119.74160206718348
2017,울산,중구,15350AC400G101,1607.0,2126.0,208333.0,357.0,429.0,112766.0,107.0,26.695706285003112,132.29620410703174
2017,인천,강화군,15350AC400D109,1740.0,1745.0,166348.0,498.0,824.0,223820.0,188.0,47.356321839080465,100.28735632183907
2017,인천,계양구,15350AC400D107,3127.0,3873.0,375854.0,917.0,1321.0,348936.0,377.0,42.244963223536935,123.85673169171729
2017,인천,남동구,15350AC400D105,5855.0,8213.0,748962.0,1478.0,2154.0,571075.0,550.0,36.789069171648165,140.2732707087959
2017,인천,동구,15350AC400D102,1135.0,1696.0,146691.0,457.0,374.0,93292.0,142.0,32.95154185022026,149.4273127753304
2017,인천,미추홀구,15350AC400D103,5399.0,7591.0,657214.0,1233.0,2001.0,521279.0,415.0,37.06241896647528,140.60011113169105
2017,인천,부평구,15350AC400D106,6113.0,8329.0,805808.0,1530.0,2214.0,581708.0,599.0,36.217896286602326,136.25061344675282
2017,인천,서구,15350AC400D108,4849.0,6088.0,571262.0,1339.0,2056.0,536613.0,557.0,42.400494947411836,125.55166013611054
2017,인천,연수구,15350AC400D104,2881.0,3934.0,359892.0,962.0,1042.0,276380.0,371.0,36.16799722318639,136.54980909406456
2017,인천,옹진군,15350AC400D110,282.0,212.0,15396.0,174.0,162.0,40810.0,100.0,57.446808510638306,75.177304964539
2017,인천,중구,15350AC400D101,1439.0,1851.0,166163.0,585.0,567.0,151519.0,219.0,39.40236275191105,128.6309937456567
2017,전남,강진군,15350AC400M113,1231.0,1986.0,161291.0,284.0,281.0,75587.0,122.0,22.826969943135662,161.33225020308691
2017,전남,고흥군,15350AC400M109,2568.0,3488.0,313220.0,423.0,889.0,227456.0,211.0,34.6183800623053,135.82554517133957
2017,전남,곡성군,15350AC400M107,1162.0,1879.0,150621.0,257.0,325.0,86215.0,81.0,27.969018932874356,161.7039586919105
2017,전남,광양시,15350AC400M105,1575.0,1747.0,181065.0,315.0,575.0,151118.0,148.0,36.507936507936506,110.92063492063492
2017,전남,구례군,15350AC400M108,758.0,1283.0,112802.0,178.0,192.0,47851.0,43.0,25.32981530343008,169.26121372031662
2017,전남,나주시,15350AC400M104,2223.0,3326.0,274790.0,516.0,614.0,171168.0,169.0,27.62033288349078,149.61763382816014
2017,전남,담양군,15350AC400M106,1372.0,2019.0,175463.0,364.0,416.0,108763.0,85.0,30.32069970845481,147.15743440233234
2017,전남,목포시,15350AC400M101,2211.0,2555.0,235306.0,363.0,766.0,192168.0,136.0,34.64495703301673,115.55857078245137
2017,전남,무안군,15350AC400M116,1332.0,1475.0,136231.0,360.0,507.0,131587.0,143.0,38.06306306306306,110.73573573573574
2017,전남,보성군,15350AC400M110,1093.0,1412.0,129111.0,324.0,300.0,78910.0,154.0,27.44739249771272,129.18572735590118
2017,전남,순천시,15350AC400M103,3190.0,3904.0,399782.0,615.0,1100.0,276829.0,202.0,34.48275862068966,122.38244514106582
2017,전남,신안군,15350AC400M122,950.0,1069.0,92390.0,280.0,342.0,83981.0,118.0,36.0,112.52631578947367
2017,전남,여수시,15350AC400M102,3831.0,4599.0,539789.0,472.0,1062.0,264070.0,188.0,27.721221613155834,120.04698512137824
2017,전남,영광군,15350AC400M118,1333.0,1523.0,135036.0,279.0,521.0,130725.0,139.0,39.0847711927982,114.25356339084772
2017,전남,영암군,15350AC400M115,1230.0,1495.0,146738.0,346.0,430.0,110212.0,118.0,34.959349593495936,121.54471544715446
2017,전남,완도군,15350AC400M120,1297.0,1371.0,140091.0,248.0,477.0,130349.0,149.0,36.77717810331534,105.70547417116423
2017,전남,장성군,15350AC400M119,1269.0,2039.0,182091.0,346.0,275.0,67554.0,99.0,21.670606776989757,160.6776989755713
2017,전남,장흥군,15350AC400M112,1547.0,2216.0,220321.0,248.0,346.0,92140.0,125.0,22.365869424692956,143.24499030381384
2017,전남,진도군,15350AC400M121,880.0,1331.0,107538.0,200.0,234.0,59783.0,90.0,26.590909090909093,151.25
2017,전남,함평군,15350AC400M117,1202.0,1406.0,123926.0,315.0,483.0,128285.0,96.0,40.18302828618968,116.97171381031615
2017,전남,해남군,15350AC400M114,2190.0,3117.0,269144.0,393.0,650.0,169317.0,191.0,29.68036529680365,142.3287671232877
2017,전남,화순군,15350AC400M111,1271.0,1832.0,169893.0,320.0,342.0,91834.0,106.0,26.90794649881983,144.13847364280093
2017,전북,고창군,15350AC400L114,1875.0,2785.0,258412.0,445.0,413.0,104751.0,153.0,22.026666666666667,148.53333333333333
2017,전북,군산시,15350AC400L103,3892.0,4990.0,473845.0,526.0,1296.0,356739.0,152.0,33.29907502569373,128.21171634121274
2017,전북,김제시,15350AC400L107,2485.0,4076.0,310846.0,493.0,663.0,173074.0,155.0,26.680080482897385,164.0241448692153
2017,전북,남원시,15350AC400L106,1929.0,2628.0,218237.0,408.0,639.0,173641.0,125.0,33.12597200622084,136.23639191290823
2017,전북,무주군,15350AC400L110,705.0,875.0,78712.0,171.0,267.0,72783.0,79.0,37.87234042553192,124.11347517730495
2017,전북,부안군,15350AC400L115,1412.0,1963.0,160705.0,354.0,468.0,113834.0,166.0,33.14447592067989,139.02266288951841
2017,전북,순창군,15350AC400L113,936.0,1302.0,114311.0,277.0,233.0,62407.0,98.0,24.89316239316239,139.1025641025641
2017,전북,완주군,15350AC400L108,1577.0,2147.0,171130.0,432.0,505.0,133796.0,125.0,32.02282815472416,136.14457831325302
2017,전북,익산시,15350AC400L104,4925.0,7044.0,627757.0,781.0,1693.0,447905.0,246.0,34.37563451776649,143.02538071065987
2017,전북,임실군,15350AC400L112,885.0,1337.0,115458.0,262.0,199.0,52068.0,75.0,22.48587570621469,151.07344632768363
2017,전북,장수군,15350AC400L111,642.0,861.0,71068.0,183.0,221.0,55923.0,79.0,34.42367601246106,134.11214953271028
2017,전북,전주시덕진구,15350AC400L102,2428.0,3373.0,282901.0,563.0,568.0,147753.0,146.0,23.393739703459637,138.92092257001647
2017,전북,전주시완산구,15350AC400L101,3616.0,4980.0,430550.0,729.0,888.0,230280.0,205.0,24.557522123893804,137.7212389380531
2017,전북,정읍시,15350AC400L105,2744.0,4535.0,389367.0,515.0,538.0,138787.0,186.0,19.6064139941691,165.26967930029156
2017,전북,진안군,15350AC400L109,776.0,952.0,72984.0,212.0,305.0,80314.0,107.0,39.3041237113402,122.68041237113403
2017,제주,서귀포시,15350AC400P102,2417.0,2209.0,209472.0,273.0,1304.0,367610.0,100.0,53.95117914770376,91.39429044269755
2017,제주,제주시,15350AC400P101,5498.0,5409.0,512394.0,423.0,2756.0,766841.0,149.0,50.127319025100036,98.38122953801383
2017,충남,계룡시,15350AC400K108,420.0,472.0,47873.0,195.0,213.0,55815.0,72.0,50.71428571428571,112.38095238095238
2017,충남,공주시,15350AC400K103,2172.0,2462.0,268741.0,468.0,708.0,186882.0,176.0,32.59668508287293,113.35174953959483
2017,충남,금산군,15350AC400K109,1358.0,1860.0,173942.0,368.0,455.0,119634.0,130.0,33.50515463917525,136.9661266568483
2017,충남,논산시,15350AC400K107,2602.0,3687.0,332009.0,520.0,813.0,214853.0,194.0,31.24519600307456,141.6986933128363
2017,충남,당진시,15350AC400K118,2909.0,3328.0,353733.0,599.0,1053.0,270892.0,236.0,36.198006187693366,114.40357511172223
2017,충남,보령시,15350AC400K104,2096.0,2783.0,278991.0,433.0,650.0,164299.0,197.0,31.01145038167939,132.7767175572519
2017,충남,부여군,15350AC400K111,1914.0,2432.0,211422.0,450.0,752.0,196520.0,177.0,39.28944618599791,127.0637408568443
2017,충남,서산시,15350AC400K106,2852.0,3483.0,312041.0,548.0,1130.0,287962.0,243.0,39.62131837307153,122.12482468443197
2017,충남,서천군,15350AC400K112,1509.0,1717.0,188732.0,340.0,439.0,117404.0,138.0,29.092113982770044,113.78396288933068
2017,충남,아산시,15350AC400K105,2644.0,2959.0,272001.0,643.0,1047.0,273647.0,258.0,39.599092284417544,111.91376701966718
2017,충남,예산군,15350AC400K115,1958.0,2450.0,241800.0,475.0,672.0,159810.0,212.0,34.32073544433095,125.1276813074566
2017,충남,천안시동남구,15350AC400K101,2511.0,2763.0,262224.0,524.0,1056.0,262822.0,251.0,42.05495818399044,110.03584229390681
2017,충남,천안시서북구,15350AC400K102,2389.0,2831.0,266021.0,573.0,940.0,231733.0,252.0,39.347007115948095,118.5014650481373
2017,충남,청양군,15350AC400K113,1088.0,1233.0,131833.0,256.0,357.0,91260.0,121.0,32.8125,113.32720588235294
2017,충남,태안군,15350AC400K116,1353.0,1642.0,149375.0,339.0,484.0,114084.0,126.0,35.77235772357724,121.359940872136
2017,충남,홍성군,15350AC400K114,2150.0,3363.0,323510.0,464.0,485.0,121959.0,150.0,22.55813953488372,156.4186046511628
2017,충북,괴산군,15350AC400J111,1116.0,1149.0,112446.0,261.0,481.0,131262.0,161.0,43.10035842293907,102.95698924731182
2017,충북,단양군,15350AC400J113,681.0,781.0,67733.0,157.0,311.0,80006.0,94.0,45.66813509544787,114.68428781204112
2017,충북,보은군,15350AC400J106,745.0,664.0,71400.0,207.0,315.0,83952.0,87.0,42.281879194630875,89.12751677852349
2017,충북,영동군,15350AC400J108,1597.0,2511.0,188906.0,280.0,531.0,130087.0,119.0,33.2498434564809,157.23231058234188
2017,충북,옥천군,15350AC400J107,1241.0,1523.0,131008.0,298.0,493.0,124850.0,136.0,39.726027397260275,122.72360999194198
2017,충북,음성군,15350AC400J112,1482.0,1118.0,111089.0,346.0,831.0,228893.0,189.0,56.07287449392713,75.43859649122807
2017,충북,제천시,15350AC400J104,1891.0,1938.0,185725.0,312.0,838.0,209764.0,182.0,44.31517715494447,102.48545742993124
2017,충북,증평군,15350AC400J109,472.0,405.0,39904.0,112.0,265.0,65906.0,72.0,56.144067796610166,85.80508474576271
2017,충북,진천군,15350AC400J110,970.0,910.0,95974.0,229.0,439.0,114451.0,142.0,45.25773195876289,93.81443298969072
2017,충북,청주시상당구,15350AC400J101,2170.0,2278.0,234351.0,425.0,944.0,239130.0,197.0,43.50230414746544,104.97695852534564
2017,충북,청주시서원구,15350AC400J114,2371.0,2460.0,261971.0,494.0,1053.0,268487.0,210.0,44.41164065795023,103.7536904259806
2017,충북,청주시청원구,15350AC400J115,1975.0,1947.0,207814.0,449.0,960.0,241149.0,208.0,48.60759493670886,98.58227848101265
2017,충북,청주시흥덕구,15350AC400J102,2093.0,2044.0,211956.0,485.0,967.0,247339.0,227.0,46.20162446249403,97.65886287625418
2017,충북,충주시,15350AC400J103,2695.0,2555.0,251228.0,400.0,1240.0,319075.0,216.0,46.01113172541744,94.8051948051948
2018,강원,강릉시,15350AC400I103,4631.0,5315.0,565994.0,419.0,1920.0,502784.0,206.0,41.45972792053552,114.77002807169079
2018,강원,고성군,15350AC400I117,664.0,689.0,64296.0,129.0,299.0,73783.0,73.0,45.03012048192771,103.76506024096386
2018,강원,동해시,15350AC400I104,1585.0,1900.0,213870.0,184.0,462.0,130572.0,94.0,29.14826498422713,119.87381703470032
2018,강원,삼척시,15350AC400I107,1588.0,1784.0,200489.0,246.0,467.0,124778.0,106.0,29.408060453400502,112.34256926952142
2018,강원,속초시,15350AC400I106,1375.0,1578.0,157435.0,197.0,551.0,135895.0,69.0,40.07272727272727,114.76363636363635
2018,강원,양구군,15350AC400I115,431.0,381.0,34644.0,87.0,227.0,58328.0,47.0,52.66821345707656,88.39907192575406
2018,강원,양양군,15350AC400I118,734.0,791.0,76960.0,142.0,304.0,80362.0,64.0,41.41689373297003,107.76566757493188
2018,강원,영월군,15350AC400I110,1018.0,1126.0,104654.0,187.0,419.0,110190.0,120.0,41.15913555992142,110.6090373280943
2018,강원,원주시,15350AC400I102,4369.0,4332.0,408010.0,565.0,2146.0,564066.0,269.0,49.11879148546578,99.15312428473335
2018,강원,인제군,15350AC400I116,446.0,622.0,39401.0,147.0,187.0,45930.0,82.0,41.92825112107623,139.46188340807174
2018,강원,정선군,15350AC400I112,770.0,727.0,52952.0,156.0,393.0,99156.0,114.0,51.03896103896104,94.41558441558442
2018,강원,철원군,15350AC400I113,733.0,752.0,73839.0,155.0,313.0,76251.0,80.0,42.701227830832195,102.59208731241473
2018,강원,춘천시,15350AC400I101,5182.0,6479.0,620674.0,549.0,2096.0,531098.0,235.0,40.447703589347746,125.02894635275956
2018,강원,태백시,15350AC400I105,774.0,945.0,76443.0,122.0,333.0,89390.0,68.0,43.02325581395349,122.09302325581395
2018,강원,평창군,15350AC400I111,819.0,927.0,86031.0,215.0,352.0,87068.0,125.0,42.97924297924298,113.18681318681318
2018,강원,홍천군,15350AC400I108,1429.0,1459.0,134293.0,287.0,658.0,157991.0,162.0,46.046186144156756,102.09937018894333
2018,강원,화천군,15350AC400I114,484.0,520.0,47087.0,115.0,242.0,65221.0,80.0,50.0,107.43801652892562
2018,강원,횡성군,15350AC400I109,1154.0,1145.0,109505.0,200.0,562.0,143663.0,113.0,48.7001733102253,99.22010398613517
2018,경기,가평군,15350AC400H143,1613.0,1830.0,186961.0,332.0,604.0,164638.0,178.0,37.44575325480471,113.4531928084315
2018,경기,고양시덕양구,15350AC400H119,5409.0,6159.0,595115.0,1222.0,2223.0,575269.0,561.0,41.098169717138106,113.86577925679424
2018,경기,고양시일산동구,15350AC400H145,3506.0,3777.0,359011.0,979.0,1538.0,410539.0,424.0,43.86765544780376,107.72960638904733
2018,경기,고양시일산서구,15350AC400H146,3095.0,3779.0,368877.0,882.0,1096.0,277734.0,371.0,35.41195476575121,122.10016155088852
2018,경기,과천시,15350AC400H122,622.0,751.0,78964.0,315.0,191.0,53917.0,124.0,30.70739549839228,120.7395498392283
2018,경기,광명시,15350AC400H114,3211.0,4093.0,407587.0,979.0,1015.0,263202.0,408.0,31.610090314543754,127.46807848022424
2018,경기,광주시,15350AC400H138,3495.0,4395.0,445649.0,897.0,1210.0,317732.0,420.0,34.620886981402,125.7510729613734
2018,경기,구리시,15350AC400H123,2065.0,2617.0,280042.0,670.0,706.0,178907.0,294.0,34.18886198547216,126.73123486682809
2018,경기,군포시,15350AC400H127,2798.0,3189.0,319275.0,716.0,1172.0,288822.0,305.0,41.887062187276626,113.97426733380986
2018,경기,김포시,15350AC400H136,3945.0,4574.0,453600.0,1166.0,1544.0,387925.0,488.0,39.138149556400506,115.94423320659062
2018,경기,남양주시,15350AC400H124,7986.0,9376.0,981473.0,1618.0,3315.0,844273.0,706.0,41.510142749812175,117.40545955421989
2018,경기,동두천시,15350AC400H116,1770.0,1831.0,205585.0,368.0,834.0,223875.0,135.0,47.11864406779661,103.4463276836158
2018,경기,부천시,A01,9353.0,11566.0,1214870.0,1778.0,3423.0,895703.0,739.0,36.59788303218219,123.66085747888378
2018,경기,성남시분당구,15350AC400H107,5160.0,6521.0,674350.0,1407.0,1579.0,413825.0,563.0,30.60077519379845,126.37596899224806
2018,경기,성남시수정구,15350AC400H105,2532.0,3088.0,314663.0,769.0,924.0,231073.0,399.0,36.492890995260666,121.95892575039495
2018,경기,성남시중원구,15350AC400H106,2608.0,3116.0,322502.0,699.0,937.0,244558.0,373.0,35.92791411042945,119.47852760736197
2018,경기,수원시권선구,15350AC400H102,3480.0,4215.0,422135.0,1017.0,1354.0,348040.0,428.0,38.9080459770115,121.12068965517241
2018,경기,수원시영통구,15350AC400H104,2142.0,2510.0,233776.0,919.0,874.0,234538.0,405.0,40.80298786181139,117.18020541549954
2018,경기,수원시장안구,15350AC400H101,3501.0,4111.0,401232.0,889.0,1433.0,382632.0,385.0,40.93116252499286,117.42359325906884
2018,경기,수원시팔달구,15350AC400H103,2084.0,2655.0,262717.0,667.0,705.0,177876.0,260.0,33.829174664107484,127.39923224568139
2018,경기,시흥시,15350AC400H126,3420.0,3709.0,379316.0,954.0,1495.0,400405.0,452.0,43.71345029239766,108.45029239766082
2018,경기,안산시단원구,15350AC400H118,2363.0,2229.0,208671.0,660.0,1251.0,329528.0,312.0,52.94117647058824,94.32924248836225
2018,경기,안산시상록구,15350AC400H117,3230.0,3212.0,322289.0,705.0,1646.0,435901.0,368.0,50.95975232198142,99.44272445820434
2018,경기,안성시,15350AC400H135,2684.0,2584.0,232471.0,550.0,1293.0,339803.0,243.0,48.174366616989566,96.274217585693
2018,경기,안양시동안구,15350AC400H110,2809.0,3716.0,373067.0,907.0,889.0,231556.0,361.0,31.648273406906373,132.28907084371662
2018,경기,안양시만안구,15350AC400H109,2830.0,3698.0,372292.0,834.0,1064.0,268982.0,353.0,37.59717314487632,130.67137809187278
2018,경기,양주시,15350AC400H139,3495.0,3596.0,380574.0,856.0,1754.0,448031.0,398.0,50.185979971387695,102.88984263233189
2018,경기,양평군,15350AC400H144,2434.0,2721.0,262515.0,639.0,987.0,251956.0,240.0,40.55053410024651,111.7912900575185
2018,경기,여주시,15350AC400H147,2053.0,2169.0,221707.0,422.0,848.0,219114.0,213.0,41.30540672187043,105.65026790063321
2018,경기,연천군,15350AC400H142,1109.0,1268.0,131515.0,221.0,444.0,110387.0,115.0,40.036068530207395,114.33724075743913
2018,경기,오산시,15350AC400H125,1706.0,1942.0,177817.0,436.0,671.0,173373.0,235.0,39.33177022274326,113.83352872215708
2018,경기,용인시기흥구,15350AC400H131,4014.0,4696.0,461497.0,1163.0,1556.0,413986.0,486.0,38.76432486297957,116.9905331340309
2018,경기,용인시수지구,15350AC400H132,3276.0,4059.0,392193.0,959.0,1132.0,294354.0,414.0,34.55433455433455,123.9010989010989
2018,경기,용인시처인구,15350AC400H130,3338.0,3723.0,368804.0,837.0,1407.0,375463.0,361.0,42.150988615937685,111.53385260635112
2018,경기,의왕시,15350AC400H128,1674.0,2138.0,219555.0,641.0,554.0,142620.0,236.0,33.09438470728793,127.71804062126644
2018,경기,의정부시,15350AC400H108,6772.0,8212.0,882366.0,1130.0,2760.0,717546.0,494.0,40.756054341405786,121.2640283520378
2018,경기,이천시,15350AC400H134,2629.0,3126.0,322536.0,568.0,906.0,237889.0,246.0,34.46177253708635,118.90452643590719
2018,경기,파주시,15350AC400H133,4876.0,5205.0,493761.0,1118.0,2139.0,567693.0,481.0,43.86792452830189,106.7473338802297
2018,경기,평택시,15350AC400H115,5503.0,6305.0,632937.0,969.0,2037.0,522376.0,445.0,37.01617299654734,114.573868798837
2018,경기,포천시,15350AC400H140,2641.0,2722.0,304727.0,513.0,1252.0,330404.0,273.0,47.40628549791745,103.067020068156
2018,경기,하남시,15350AC400H129,2300.0,3055.0,288429.0,766.0,779.0,203345.0,390.0,33.869565217391305,132.82608695652175
2018,경기,화성시,15350AC400H137,5732.0,6151.0,623166.0,1518.0,2477.0,644758.0,657.0,43.21353803210049,107.30983949755756
2018,경남,거제시,15350AC400O111,1847.0,2289.0,201426.0,347.0,557.0,147249.0,136.0,30.157011369788844,123.9306984298863
2018,경남,거창군,15350AC400O121,1712.0,2299.0,203072.0,315.0,526.0,138673.0,112.0,30.724299065420563,134.2873831775701
2018,경남,고성군,15350AC400O116,1428.0,2017.0,177544.0,283.0,393.0,96786.0,100.0,27.521008403361346,141.24649859943978
2018,경남,김해시,15350AC400O109,3153.0,4218.0,393039.0,765.0,680.0,171129.0,195.0,21.56676181414526,133.77735490009513
2018,경남,남해군,15350AC400O117,2253.0,3578.0,282170.0,347.0,478.0,120719.0,125.0,21.216156236129606,158.8104749223258
2018,경남,밀양시,15350AC400O110,2520.0,3425.0,316349.0,446.0,753.0,198981.0,139.0,29.88095238095238,135.91269841269843
2018,경남,사천시,15350AC400O108,2174.0,2781.0,260224.0,396.0,714.0,185100.0,105.0,32.842686292548294,127.9208831646734
2018,경남,산청군,15350AC400O119,1618.0,1910.0,193036.0,282.0,579.0,158405.0,92.0,35.784919653893695,118.0469715698393
2018,경남,양산시,15350AC400O112,2659.0,3581.0,354280.0,644.0,606.0,156170.0,139.0,22.79052275291463,134.67468973298233
2018,경남,의령군,15350AC400O113,952.0,1435.0,126856.0,215.0,233.0,67327.0,80.0,24.474789915966387,150.73529411764704
2018,경남,진주시,15350AC400O106,4827.0,6184.0,675203.0,602.0,1394.0,364108.0,198.0,28.87922104827015,128.11269939921277
2018,경남,창녕군,15350AC400O115,1801.0,2397.0,246982.0,348.0,379.0,91616.0,128.0,21.04386451971127,133.0927262631871
2018,경남,창원시 마산합포구,15350AC400O103,2186.0,2851.0,310512.0,390.0,501.0,133994.0,97.0,22.91857273559012,130.42086001829827
2018,경남,창원시 마산회원구,15350AC400O104,1540.0,2214.0,241017.0,381.0,241.0,62275.0,75.0,15.64935064935065,143.76623376623377
2018,경남,창원시 성산구,15350AC400O102,1028.0,1332.0,131764.0,444.0,280.0,72760.0,132.0,27.237354085603112,129.57198443579767
2018,경남,창원시 의창구,15350AC400O101,1976.0,2461.0,243299.0,503.0,579.0,154822.0,110.0,29.30161943319838,124.54453441295547
2018,경남,창원시 진해구,15350AC400O105,1695.0,2082.0,212124.0,357.0,459.0,121031.0,109.0,27.079646017699115,122.83185840707964
2018,경남,통영시,15350AC400O107,1495.0,1628.0,163664.0,232.0,476.0,121604.0,91.0,31.83946488294314,108.89632107023411
2018,경남,하동군,15350AC400O118,2077.0,3089.0,270807.0,319.0,532.0,131780.0,122.0,25.61386615310544,148.7241213288397
2018,경남,함안군,15350AC400O114,1428.0,1783.0,205039.0,267.0,377.0,97733.0,86.0,26.400560224089638,124.85994397759103
2018,경남,함양군,15350AC400O120,1639.0,2543.0,222883.0,285.0,500.0,127569.0,110.0,30.506406345332522,155.1555826723612
2018,경남,합천군,15350AC400O122,1603.0,1702.0,162893.0,356.0,637.0,177652.0,147.0,39.737991266375545,106.17592014971929
2018,경북,경산시,15350AC400N111,3348.0,4228.0,412451.0,718.0,1168.0,299701.0,218.0,34.88649940262844,126.28434886499403
2018,경북,경주시,15350AC400N103,4678.0,7139.0,670226.0,752.0,876.0,232102.0,215.0,18.725951261222747,152.60795211628903
2018,경북,고령군,15350AC400N118,880.0,1139.0,100092.0,256.0,283.0,69627.0,74.0,32.15909090909091,129.4318181818182
2018,경북,구미시,15350AC400N106,3266.0,3781.0,377006.0,569.0,1421.0,386147.0,230.0,43.508879363135335,115.76852418860992
2018,경북,군위군,15350AC400N112,881.0,1138.0,100782.0,216.0,308.0,81094.0,106.0,34.96027241770715,129.17139614074915
2018,경북,김천시,15350AC400N104,2791.0,3145.0,301598.0,480.0,1166.0,295977.0,229.0,41.77714080974561,112.6836259405231
2018,경북,문경시,15350AC400N110,2421.0,2634.0,290922.0,387.0,893.0,240392.0,187.0,36.88558446922759,108.79801734820322
2018,경북,봉화군,15350AC400N122,860.0,654.0,63579.0,181.0,462.0,120736.0,66.0,53.72093023255814,76.04651162790698
2018,경북,상주시,15350AC400N109,3247.0,3847.0,390808.0,589.0,1057.0,262703.0,250.0,32.553125962426854,118.47859562673237
2018,경북,성주군,15350AC400N119,1121.0,1375.0,127883.0,261.0,351.0,91772.0,97.0,31.311329170383583,122.65834076717216
2018,경북,안동시,15350AC400N105,3503.0,4613.0,448753.0,530.0,971.0,257545.0,207.0,27.719097916071938,131.6871253211533
2018,경북,영덕군,15350AC400N116,1272.0,1685.0,166526.0,215.0,322.0,82243.0,94.0,25.31446540880503,132.4685534591195
2018,경북,영양군,15350AC400N115,603.0,494.0,65179.0,118.0,258.0,69268.0,56.0,42.78606965174129,81.92371475953566
2018,경북,영주시,15350AC400N107,2109.0,2090.0,223405.0,340.0,879.0,242947.0,121.0,41.67852062588905,99.09909909909909
2018,경북,영천시,15350AC400N108,2820.0,4389.0,427138.0,523.0,620.0,158572.0,158.0,21.98581560283688,155.63829787234042
2018,경북,예천군,15350AC400N121,1441.0,1628.0,189880.0,351.0,450.0,118002.0,152.0,31.228313671061763,112.97709923664124
2018,경북,울릉군,15350AC400N124,78.0,36.0,3164.0,33.0,54.0,14072.0,20.0,69.23076923076923,46.15384615384615
2018,경북,울진군,15350AC400N123,1467.0,1947.0,192741.0,283.0,362.0,91500.0,144.0,24.676209952283575,132.719836400818
2018,경북,의성군,15350AC400N113,2114.0,2738.0,240731.0,452.0,688.0,171722.0,193.0,32.544938505203405,129.5175023651845
2018,경북,청도군,15350AC400N117,1625.0,1955.0,212157.0,318.0,561.0,146576.0,112.0,34.52307692307692,120.30769230769232
2018,경북,청송군,15350AC400N114,904.0,890.0,89044.0,201.0,380.0,98346.0,75.0,42.0353982300885,98.45132743362832
2018,경북,칠곡군,15350AC400N120,1453.0,1712.0,173956.0,349.0,567.0,147944.0,123.0,39.02271163110805,117.82518926359258
2018,경북,포항시남구,15350AC400N101,2523.0,3301.0,352514.0,401.0,685.0,183366.0,111.0,27.150217994451047,130.83630598493855
2018,경북,포항시북구,15350AC400N102,3027.0,4104.0,425442.0,555.0,643.0,172338.0,142.0,21.242153947803104,135.57978196233896
2018,광주,광산구,15350AC400E105,3624.0,5823.0,537792.0,963.0,835.0,211331.0,223.0,23.04083885209713,160.67880794701986
2018,광주,남구,15350AC400E103,2868.0,4406.0,417071.0,775.0,555.0,139848.0,173.0,19.351464435146443,153.62622036262204
2018,광주,동구,15350AC400E101,1628.0,2431.0,236377.0,575.0,351.0,93352.0,127.0,21.56019656019656,149.32432432432432
2018,광주,북구,15350AC400E104,5264.0,8187.0,806167.0,1066.0,1162.0,287030.0,241.0,22.074468085106382,155.52811550151975
2018,광주,서구,15350AC400E102,3505.0,5357.0,497910.0,851.0,739.0,199391.0,201.0,21.08416547788873,152.83880171184023
2018,대구,남구,15350AC400C104,2466.0,3221.0,330282.0,767.0,713.0,182869.0,184.0,28.9132197891322,130.61638280616384
2018,대구,달서구,15350AC400C107,5546.0,7421.0,780064.0,1114.0,1588.0,401996.0,351.0,28.6332491886044,133.808150018031
2018,대구,달성군,15350AC400C108,2262.0,2487.0,248671.0,672.0,983.0,255045.0,226.0,43.45711759504863,109.94694960212202
2018,대구,동구,15350AC400C102,4929.0,6476.0,666607.0,1056.0,1519.0,383445.0,295.0,30.81761006289308,131.38567660783121
2018,대구,북구,15350AC400C105,4432.0,5529.0,553336.0,1025.0,1609.0,406246.0,310.0,36.30415162454874,124.75180505415162
2018,대구,서구,15350AC400C103,2500.0,3047.0,289773.0,681.0,919.0,239656.0,200.0,36.76,121.88000000000001
2018,대구,수성구,15350AC400C106,4627.0,6201.0,604678.0,1150.0,1251.0,310687.0,314.0,27.036956991571216,134.01772206613356
2018,대구,중구,15350AC400C101,1248.0,1648.0,161104.0,524.0,344.0,91133.0,139.0,27.564102564102566,132.05128205128204
2018,대전,대덕구,15350AC400F105,2080.0,2565.0,250948.0,563.0,716.0,191165.0,174.0,34.42307692307692,123.3173076923077
2018,대전,동구,15350AC400F101,3272.0,4044.0,418813.0,740.0,1083.0,287387.0,211.0,33.099022004889974,123.59413202933985
2018,대전,서구,15350AC400F103,5032.0,6705.0,718255.0,1069.0,1514.0,391641.0,311.0,30.08744038155803,133.24721780604133
2018,대전,유성구,15350AC400F104,2937.0,3778.0,384229.0,872.0,975.0,257119.0,289.0,33.19713993871297,128.6346612189309
2018,대전,중구,15350AC400F102,4200.0,5786.0,631318.0,821.0,1122.0,288623.0,213.0,26.71428571428571,137.76190476190476
2018,부산,강서구,15350AC400B112,790.0,976.0,91786.0,390.0,231.0,57324.0,89.0,29.240506329113924,123.54430379746834
2018,부산,금정구,15350AC400B111,2421.0,3151.0,319261.0,707.0,533.0,140559.0,128.0,22.01569599339116,130.152829409335
2018,부산,기장군,15350AC400B116,2101.0,2450.0,243716.0,525.0,715.0,188598.0,97.0,34.031413612565444,116.61113755354593
2018,부산,남구,15350AC400B107,2748.0,3899.0,392181.0,802.0,402.0,106345.0,131.0,14.628820960698691,141.88500727802037
2018,부산,동구,15350AC400B103,1471.0,2015.0,212216.0,450.0,268.0,63115.0,63.0,18.218898708361657,136.98164513936098
2018,부산,동래구,15350AC400B106,2593.0,3755.0,387228.0,771.0,397.0,107720.0,117.0,15.3104512148091,144.81295796374854
2018,부산,부산진구,15350AC400B105,4016.0,5649.0,588088.0,905.0,578.0,141984.0,160.0,14.392430278884463,140.66235059760956
2018,부산,북구,15350AC400B108,2701.0,3608.0,346283.0,731.0,532.0,143895.0,114.0,19.69640873750463,133.58015549796372
2018,부산,사상구,15350AC400B115,1936.0,2605.0,257121.0,596.0,382.0,104210.0,98.0,19.731404958677686,134.55578512396693
2018,부산,사하구,15350AC400B110,3160.0,4106.0,418494.0,627.0,623.0,161893.0,126.0,19.71518987341772,129.9367088607595
2018,부산,서구,15350AC400B102,1379.0,1846.0,187950.0,446.0,248.0,60627.0,59.0,17.98404641044235,133.86511965192167
2018,부산,수영구,15350AC400B114,1851.0,2523.0,253862.0,650.0,317.0,84152.0,111.0,17.125877903835764,136.30470016207454
2018,부산,연제구,15350AC400B113,2052.0,2942.0,293775.0,701.0,292.0,73622.0,113.0,14.230019493177387,143.37231968810914
2018,부산,영도구,15350AC400B104,1954.0,2803.0,282192.0,456.0,265.0,66576.0,68.0,13.561924257932445,143.44933469805528
2018,부산,중구,15350AC400B101,580.0,784.0,87409.0,280.0,81.0,20375.0,31.0,13.96551724137931,135.17241379310346
2018,부산,해운대구,15350AC400B109,4094.0,5806.0,591276.0,983.0,636.0,162443.0,169.0,15.534929164631167,141.81729360039083
2018,서울,강남구,15350AC400A123,4260.0,5550.0,547639.0,1499.0,1113.0,292028.0,645.0,26.12676056338028,130.2816901408451
2018,서울,강동구,15350AC400A125,3691.0,4861.0,466538.0,1118.0,1164.0,295876.0,572.0,31.536169059875373,131.69872663234895
2018,서울,강북구,15350AC400A109,3966.0,5106.0,531716.0,1065.0,1255.0,305731.0,502.0,31.643973777105394,128.74432677760967
2018,서울,강서구,15350AC400A116,7018.0,9727.0,1012913.0,1667.0,1817.0,452120.0,702.0,25.890567113137646,138.60074095183813
2018,서울,관악구,15350AC400A121,4579.0,6138.0,621284.0,1192.0,1273.0,312817.0,631.0,27.800829875518673,134.04673509499892
2018,서울,광진구,15350AC400A105,2892.0,3589.0,355851.0,968.0,972.0,242544.0,448.0,33.60995850622407,124.10096818810513
2018,서울,구로구,15350AC400A117,4162.0,5578.0,581276.0,1289.0,1223.0,307041.0,545.0,29.384911100432486,134.0221047573282
2018,서울,금천구,15350AC400A118,2220.0,2697.0,272343.0,741.0,786.0,204420.0,318.0,35.4054054054054,121.48648648648648
2018,서울,노원구,15350AC400A111,6417.0,8260.0,866451.0,1583.0,2040.0,532580.0,730.0,31.790556334735857,128.72058594358734
2018,서울,도봉구,15350AC400A110,4272.0,5235.0,524265.0,1192.0,1605.0,413924.0,522.0,37.57022471910113,122.54213483146069
2018,서울,동대문구,15350AC400A106,4001.0,5357.0,549791.0,1217.0,1065.0,252393.0,552.0,26.618345413646587,133.89152711822047
2018,서울,동작구,15350AC400A120,3777.0,4930.0,514218.0,1257.0,1019.0,262937.0,611.0,26.97908392904422,130.5268731797723
2018,서울,마포구,15350AC400A114,3393.0,4352.0,430345.0,1157.0,967.0,240686.0,551.0,28.499852637783675,128.2640730916593
2018,서울,서대문구,15350AC400A113,3284.0,3993.0,418810.0,1089.0,1036.0,266707.0,471.0,31.5468940316687,121.58952496954933
2018,서울,서초구,15350AC400A122,3271.0,3880.0,381228.0,1365.0,1024.0,267383.0,596.0,31.305411189238765,118.61815958422501
2018,서울,성동구,15350AC400A104,2718.0,3418.0,354925.0,1051.0,807.0,206148.0,502.0,29.69094922737307,125.75423105224431
2018,서울,성북구,15350AC400A108,4784.0,6264.0,655971.0,1415.0,1386.0,349213.0,628.0,28.971571906354516,130.93645484949832
2018,서울,송파구,15350AC400A124,5175.0,6520.0,659085.0,1540.0,1627.0,424044.0,744.0,31.43961352657005,125.9903381642512
2018,서울,양천구,15350AC400A115,4725.0,6122.0,644932.0,1426.0,1415.0,365387.0,618.0,29.947089947089943,129.56613756613757
2018,서울,영등포구,15350AC400A119,3475.0,4558.0,447869.0,1240.0,934.0,230752.0,556.0,26.877697841726615,131.16546762589928
2018,서울,용산구,15350AC400A103,2237.0,2762.0,283014.0,882.0,640.0,169886.0,405.0,28.60974519445686,123.4689316048279
2018,서울,은평구,15350AC400A112,4983.0,6213.0,636168.0,1359.0,1621.0,419042.0,582.0,32.53060405378287,124.683925346177
2018,서울,종로구,15350AC400A101,1651.0,1948.0,199138.0,796.0,530.0,133261.0,314.0,32.10175651120533,117.98909751665659
2018,서울,중구,15350AC400A102,1335.0,1687.0,175075.0,604.0,377.0,96213.0,265.0,28.239700374531836,126.36704119850187
2018,서울,중랑구,15350AC400A107,4489.0,5396.0,553253.0,1237.0,1630.0,417116.0,534.0,36.310982401425704,120.20494542214301
2018,울산,남구,15350AC400G102,1954.0,2633.0,259902.0,512.0,438.0,105779.0,128.0,22.41555783009212,134.7492323439099
2018,울산,동구,15350AC400G103,1096.0,1539.0,154459.0,334.0,213.0,54766.0,94.0,19.434306569343065,140.41970802919707
2018,울산,북구,15350AC400G104,1278.0,1651.0,164400.0,407.0,372.0,95723.0,133.0,29.107981220657276,129.18622848200314
2018,울산,울주군,15350AC400G105,2240.0,2788.0,268516.0,505.0,693.0,181258.0,113.0,30.9375,124.46428571428572
2018,울산,중구,15350AC400G101,1794.0,2389.0,247489.0,387.0,454.0,121944.0,114.0,25.30657748049052,133.16610925306577
2018,인천,강화군,15350AC400D109,1946.0,1955.0,196397.0,526.0,961.0,244656.0,209.0,49.38335046248715,100.46248715313465
2018,인천,계양구,15350AC400D107,3519.0,4306.0,429977.0,990.0,1450.0,380510.0,402.0,41.20488775220233,122.3643080420574
2018,인천,남동구,15350AC400D105,6557.0,9258.0,837096.0,1534.0,2312.0,604844.0,553.0,35.260027451578466,141.19261857556808
2018,인천,동구,15350AC400D102,1231.0,1859.0,160821.0,493.0,372.0,95266.0,132.0,30.219333874898457,151.01543460601135
2018,인천,미추홀구,15350AC400D103,6048.0,8753.0,749214.0,1267.0,2115.0,554761.0,445.0,34.970238095238095,144.7255291005291
2018,인천,부평구,15350AC400D106,6710.0,9007.0,901650.0,1630.0,2420.0,633932.0,618.0,36.0655737704918,134.23248882265275
2018,인천,서구,15350AC400D108,5616.0,7153.0,672547.0,1454.0,2321.0,607070.0,586.0,41.32834757834758,127.36823361823362
2018,인천,연수구,15350AC400D104,3263.0,4548.0,418056.0,1074.0,1108.0,284724.0,372.0,33.95648176524671,139.3809377873123
2018,인천,옹진군,15350AC400D110,330.0,280.0,19608.0,204.0,195.0,50378.0,108.0,59.09090909090909,84.84848484848484
2018,인천,중구,15350AC400D101,1642.0,2109.0,189044.0,647.0,649.0,172236.0,235.0,39.52496954933009,128.4409257003654
2018,전남,강진군,15350AC400M113,1385.0,2205.0,189360.0,349.0,301.0,76270.0,131.0,21.732851985559567,159.2057761732852
2018,전남,고흥군,15350AC400M109,2753.0,3764.0,336015.0,484.0,922.0,247839.0,207.0,33.49073737740647,136.7235742826008
2018,전남,곡성군,15350AC400M107,1318.0,2127.0,166538.0,301.0,356.0,92686.0,89.0,27.010622154779966,161.38088012139607
2018,전남,광양시,15350AC400M105,1754.0,2039.0,217648.0,356.0,585.0,146825.0,146.0,33.352337514253136,116.24857468643101
2018,전남,구례군,15350AC400M108,872.0,1441.0,132410.0,214.0,208.0,48436.0,54.0,23.853211009174313,165.25229357798165
2018,전남,나주시,15350AC400M104,2448.0,3566.0,303502.0,613.0,693.0,177654.0,182.0,28.308823529411764,145.66993464052288
2018,전남,담양군,15350AC400M106,1454.0,2172.0,188101.0,405.0,424.0,105240.0,96.0,29.160935350756535,149.38101788170565
2018,전남,목포시,15350AC400M101,2576.0,3146.0,288495.0,436.0,819.0,202445.0,148.0,31.793478260869566,122.12732919254658
2018,전남,무안군,15350AC400M116,1438.0,1555.0,148893.0,361.0,553.0,146552.0,150.0,38.456189151599446,108.13630041724618
2018,전남,보성군,15350AC400M110,1194.0,1513.0,147482.0,334.0,344.0,82903.0,161.0,28.8107202680067,126.71691792294808
2018,전남,순천시,15350AC400M103,3562.0,4419.0,445500.0,687.0,1170.0,293741.0,227.0,32.846715328467155,124.05951712521055
2018,전남,신안군,15350AC400M122,1052.0,1252.0,113157.0,340.0,351.0,85886.0,122.0,33.365019011406844,119.01140684410647
2018,전남,여수시,15350AC400M102,4221.0,5075.0,603749.0,498.0,1067.0,275325.0,184.0,25.278370054489457,120.23217247097844
2018,전남,영광군,15350AC400M118,1471.0,1700.0,157154.0,333.0,534.0,135331.0,152.0,36.30183548606391,115.56764106050306
2018,전남,영암군,15350AC400M115,1424.0,1841.0,167304.0,388.0,427.0,112605.0,136.0,29.985955056179776,129.28370786516854
2018,전남,완도군,15350AC400M120,1481.0,1616.0,157306.0,298.0,496.0,130493.0,161.0,33.49088453747468,109.11546252532074
2018,전남,장성군,15350AC400M119,1358.0,2155.0,191670.0,363.0,277.0,73222.0,98.0,20.39764359351988,158.68924889543445
2018,전남,장흥군,15350AC400M112,1621.0,2454.0,247205.0,271.0,350.0,91730.0,141.0,21.591610117211598,151.38803207896362
2018,전남,진도군,15350AC400M121,1026.0,1647.0,128837.0,246.0,256.0,62193.0,118.0,24.951267056530213,160.5263157894737
2018,전남,함평군,15350AC400M117,1303.0,1539.0,142268.0,357.0,491.0,132961.0,98.0,37.68227168073676,118.11204911742132
2018,전남,해남군,15350AC400M114,2452.0,3576.0,304044.0,434.0,714.0,171844.0,216.0,29.119086460032626,145.84013050570962
2018,전남,화순군,15350AC400M111,1557.0,2264.0,197713.0,380.0,442.0,109360.0,115.0,28.387925497752086,145.407835581246
2018,전북,고창군,15350AC400L114,2006.0,3004.0,291156.0,491.0,431.0,109150.0,161.0,21.48554336989033,149.7507477567298
2018,전북,군산시,15350AC400L103,4423.0,6007.0,555892.0,525.0,1372.0,380336.0,168.0,31.019669907302738,135.8127967442912
2018,전북,김제시,15350AC400L107,2786.0,4538.0,348701.0,554.0,703.0,178947.0,159.0,25.233309404163673,162.88585786073224
2018,전북,남원시,15350AC400L106,2196.0,3212.0,259077.0,441.0,657.0,177352.0,131.0,29.918032786885245,146.26593806921676
2018,전북,무주군,15350AC400L110,759.0,923.0,80366.0,182.0,286.0,77391.0,90.0,37.68115942028986,121.60737812911727
2018,전북,부안군,15350AC400L115,1568.0,2216.0,187964.0,355.0,494.0,122073.0,170.0,31.505102040816325,141.32653061224488
2018,전북,순창군,15350AC400L113,978.0,1420.0,125943.0,288.0,235.0,61928.0,86.0,24.028629856850717,145.19427402862985
2018,전북,완주군,15350AC400L108,1916.0,2727.0,212570.0,508.0,525.0,140662.0,134.0,27.40083507306889,142.3277661795407
2018,전북,익산시,15350AC400L104,5533.0,8147.0,701427.0,799.0,1720.0,458001.0,247.0,31.086210012651367,147.24380986806435
2018,전북,임실군,15350AC400L112,1073.0,1527.0,141266.0,297.0,226.0,57420.0,84.0,21.062441752096923,142.31127679403542
2018,전북,장수군,15350AC400L111,678.0,924.0,74492.0,199.0,208.0,52093.0,91.0,30.678466076696164,136.28318584070794
2018,전북,전주시덕진구,15350AC400L102,3010.0,4365.0,350568.0,630.0,645.0,161274.0,153.0,21.428571428571427,145.01661129568106
2018,전북,전주시완산구,15350AC400L101,4054.0,5843.0,496911.0,708.0,911.0,234439.0,195.0,22.47163295510607,144.12925505673408
2018,전북,정읍시,15350AC400L105,3045.0,5267.0,441218.0,570.0,587.0,145783.0,212.0,19.277504105090312,172.9720853858785
2018,전북,진안군,15350AC400L109,848.0,1054.0,83902.0,224.0,310.0,85823.0,97.0,36.556603773584904,124.29245283018868
2018,제주,서귀포시,15350AC400P102,2655.0,2501.0,228582.0,290.0,1406.0,386022.0,106.0,52.95668549905837,94.19962335216573
2018,제주,제주시,15350AC400P101,5809.0,5971.0,548492.0,449.0,2800.0,775418.0,161.0,48.201067309347565,102.78877603718368
2018,충남,계룡시,15350AC400K108,460.0,530.0,55707.0,200.0,221.0,59486.0,71.0,48.04347826086956,115.21739130434783
2018,충남,공주시,15350AC400K103,2595.0,2997.0,324809.0,556.0,799.0,208096.0,194.0,30.789980732177263,115.4913294797688
2018,충남,금산군,15350AC400K109,1670.0,2427.0,200535.0,414.0,524.0,130072.0,156.0,31.37724550898204,145.32934131736528
2018,충남,논산시,15350AC400K107,3020.0,4129.0,387064.0,612.0,898.0,228932.0,195.0,29.735099337748345,136.72185430463577
2018,충남,당진시,15350AC400K118,3380.0,4073.0,428759.0,579.0,1087.0,274865.0,219.0,32.15976331360947,120.50295857988165
2018,충남,보령시,15350AC400K104,2432.0,3393.0,329757.0,527.0,691.0,179134.0,233.0,28.412828947368425,139.51480263157893
2018,충남,부여군,15350AC400K111,2147.0,2818.0,246231.0,454.0,789.0,205609.0,186.0,36.748952026082904,131.2529110386586
2018,충남,서산시,15350AC400K106,3322.0,4202.0,378860.0,622.0,1238.0,311397.0,262.0,37.266706803130646,126.49006622516556
2018,충남,서천군,15350AC400K112,1794.0,2185.0,241689.0,428.0,456.0,108555.0,157.0,25.418060200668897,121.79487179487178
2018,충남,아산시,15350AC400K105,3028.0,3491.0,320470.0,699.0,1145.0,287892.0,267.0,37.81373844121532,115.29062087186261
2018,충남,예산군,15350AC400K115,2273.0,3040.0,284769.0,524.0,700.0,176424.0,218.0,30.79630444346678,133.7439507259129
2018,충남,천안시동남구,15350AC400K101,2882.0,3214.0,307389.0,549.0,1136.0,292293.0,245.0,39.41707147814018,111.51977793199168
2018,충남,천안시서북구,15350AC400K102,2762.0,3222.0,307929.0,610.0,1050.0,259916.0,269.0,38.015930485155685,116.65459811730629
2018,충남,청양군,15350AC400K113,1143.0,1406.0,141308.0,287.0,375.0,91953.0,137.0,32.808398950131235,123.00962379702538
2018,충남,태안군,15350AC400K116,1564.0,1991.0,178628.0,401.0,522.0,134785.0,141.0,33.37595907928389,127.30179028132993
2018,충남,홍성군,15350AC400K114,2401.0,3843.0,365981.0,526.0,516.0,125608.0,162.0,21.491045397750938,160.05830903790087
2018,충북,괴산군,15350AC400J111,1237.0,1287.0,128667.0,258.0,535.0,134405.0,180.0,43.24979789814066,104.04203718674212
2018,충북,단양군,15350AC400J113,715.0,841.0,69310.0,155.0,311.0,81148.0,106.0,43.4965034965035,117.62237762237761
2018,충북,보은군,15350AC400J106,873.0,859.0,88620.0,269.0,335.0,85628.0,114.0,38.37342497136312,98.3963344788087
2018,충북,영동군,15350AC400J108,1684.0,2588.0,198507.0,302.0,551.0,144480.0,152.0,32.719714964370546,153.6817102137767
2018,충북,옥천군,15350AC400J107,1377.0,1748.0,164523.0,321.0,504.0,129213.0,147.0,36.60130718954248,126.94262890341321
2018,충북,음성군,15350AC400J112,1674.0,1365.0,134355.0,381.0,869.0,275993.0,194.0,51.9115890083632,81.54121863799283
2018,충북,제천시,15350AC400J104,2207.0,2370.0,216152.0,340.0,921.0,235562.0,169.0,41.73085636610784,107.3855913004078
2018,충북,증평군,15350AC400J109,491.0,420.0,46103.0,113.0,260.0,67536.0,71.0,52.953156822810584,85.5397148676171
2018,충북,진천군,15350AC400J110,1094.0,1059.0,112667.0,276.0,473.0,113326.0,156.0,43.235831809872025,96.80073126142597
2018,충북,청주시상당구,15350AC400J101,2604.0,2840.0,296228.0,489.0,1038.0,259229.0,205.0,39.86175115207373,109.06298003072197
2018,충북,청주시서원구,15350AC400J114,2720.0,2938.0,314331.0,540.0,1060.0,277546.0,211.0,38.970588235294116,108.01470588235293
2018,충북,청주시청원구,15350AC400J115,2325.0,2403.0,259247.0,453.0,1008.0,261033.0,202.0,43.354838709677416,103.35483870967741
2018,충북,청주시흥덕구,15350AC400J102,2400.0,2462.0,261592.0,502.0,982.0,250413.0,222.0,40.91666666666667,102.58333333333334
2018,충북,충주시,15350AC400J103,3111.0,2992.0,291386.0,422.0,1465.0,361755.0,231.0,47.09096753455481,96.17486338797814
2019,강원,강릉시,15350AC400I103,5120.0,6200.0,636537.0,532.0,2040.0,542184.0,229.0,39.84375,121.09375
2019,강원,고성군,15350AC400I117,694.0,754.0,68464.0,129.0,289.0,76539.0,72.0,41.64265129682997,108.64553314121036
2019,강원,동해시,15350AC400I104,1833.0,2456.0,255588.0,215.0,469.0,122740.0,74.0,25.58647026732133,133.98799781778504
2019,강원,삼척시,15350AC400I107,1666.0,1870.0,215455.0,257.0,496.0,130333.0,113.0,29.7719087635054,112.24489795918366
2019,강원,속초시,15350AC400I106,1431.0,1768.0,178256.0,199.0,495.0,136379.0,75.0,34.59119496855346,123.54996505939901
2019,강원,양구군,15350AC400I115,437.0,367.0,37493.0,91.0,236.0,62389.0,50.0,54.004576659038904,83.98169336384439
2019,강원,양양군,15350AC400I118,777.0,884.0,87997.0,152.0,297.0,80755.0,71.0,38.22393822393823,113.77091377091378
2019,강원,영월군,15350AC400I110,1096.0,1246.0,111395.0,209.0,421.0,117407.0,129.0,38.41240875912409,113.68613138686132
2019,강원,원주시,15350AC400I102,4945.0,5274.0,485458.0,637.0,2275.0,608720.0,288.0,46.00606673407482,106.65318503538927
2019,강원,인제군,15350AC400I116,483.0,638.0,43108.0,143.0,187.0,44909.0,73.0,38.71635610766045,132.0910973084886
2019,강원,정선군,15350AC400I112,845.0,862.0,67865.0,211.0,412.0,112022.0,124.0,48.757396449704146,102.01183431952663
2019,강원,철원군,15350AC400I113,823.0,901.0,93461.0,182.0,317.0,80437.0,80.0,38.517618469015794,109.4775212636695
2019,강원,춘천시,15350AC400I101,5637.0,7166.0,709173.0,583.0,2115.0,549008.0,242.0,37.51995742416179,127.12435692744369
2019,강원,태백시,15350AC400I105,830.0,1029.0,86231.0,143.0,330.0,95102.0,75.0,39.75903614457831,123.97590361445782
2019,강원,평창군,15350AC400I111,907.0,1075.0,100296.0,242.0,352.0,92916.0,139.0,38.80926130099228,118.5226019845645
2019,강원,홍천군,15350AC400I108,1600.0,1641.0,168382.0,330.0,687.0,171483.0,164.0,42.9375,102.5625
2019,강원,화천군,15350AC400I114,522.0,597.0,51433.0,129.0,253.0,67218.0,78.0,48.46743295019157,114.36781609195404
2019,강원,횡성군,15350AC400I109,1276.0,1375.0,133874.0,224.0,604.0,147518.0,117.0,47.33542319749217,107.75862068965519
2019,경기,가평군,15350AC400H143,1742.0,2152.0,221586.0,352.0,600.0,163944.0,167.0,34.443168771526985,123.5361653272101
2019,경기,고양시덕양구,15350AC400H119,6131.0,7305.0,713815.0,1406.0,2397.0,634716.0,583.0,39.09639536780297,119.14858913717174
2019,경기,고양시일산동구,15350AC400H145,4014.0,4345.0,427835.0,1029.0,1703.0,469358.0,396.0,42.4265072247135,108.24613851519682
2019,경기,고양시일산서구,15350AC400H146,3550.0,4413.0,440536.0,962.0,1185.0,313379.0,380.0,33.38028169014085,124.30985915492958
2019,경기,과천시,15350AC400H122,684.0,882.0,88646.0,361.0,188.0,52304.0,117.0,27.485380116959064,128.94736842105263
2019,경기,광명시,15350AC400H114,3452.0,4483.0,463204.0,1079.0,996.0,263691.0,406.0,28.85283893395133,129.8667439165701
2019,경기,광주시,15350AC400H138,3864.0,5061.0,519453.0,965.0,1259.0,332643.0,404.0,32.58281573498965,130.97826086956522
2019,경기,구리시,15350AC400H123,2203.0,2891.0,306731.0,673.0,720.0,186672.0,283.0,32.682705401724924,131.2301407172038
2019,경기,군포시,15350AC400H127,3152.0,3682.0,378767.0,814.0,1244.0,326797.0,348.0,39.46700507614213,116.81472081218274
2019,경기,김포시,15350AC400H136,4481.0,5462.0,545259.0,1327.0,1593.0,422002.0,502.0,35.5501004240125,121.89243472439189
2019,경기,남양주시,15350AC400H124,9025.0,10956.0,1139066.0,1705.0,3447.0,927372.0,714.0,38.19390581717452,121.39612188365652
2019,경기,동두천시,15350AC400H116,2011.0,2193.0,238159.0,362.0,896.0,247021.0,156.0,44.55494778717056,109.05022376926902
2019,경기,부천시,A01,10515.0,13459.0,1424920.0,1937.0,3584.0,956021.0,755.0,34.08464098906324,127.99809795530194
2019,경기,성남시분당구,15350AC400H107,5499.0,7213.0,735078.0,1426.0,1543.0,429142.0,534.0,28.059647208583378,131.16930350972905
2019,경기,성남시수정구,15350AC400H105,2735.0,3481.0,365746.0,830.0,889.0,238570.0,374.0,32.50457038391225,127.27605118829982
2019,경기,성남시중원구,15350AC400H106,2751.0,3365.0,354469.0,729.0,937.0,248172.0,375.0,34.06034169392948,122.31915667030171
2019,경기,수원시권선구,15350AC400H102,3774.0,4691.0,482158.0,1071.0,1360.0,363483.0,429.0,36.03603603603604,124.29782723900371
2019,경기,수원시영통구,15350AC400H104,2495.0,3015.0,289829.0,988.0,901.0,242774.0,428.0,36.1122244488978,120.84168336673346
2019,경기,수원시장안구,15350AC400H101,3741.0,4471.0,445611.0,954.0,1426.0,379421.0,364.0,38.11815022721198,119.51349906442128
2019,경기,수원시팔달구,15350AC400H103,2323.0,3040.0,312596.0,704.0,691.0,181566.0,246.0,29.746018080068875,130.8652604390874
2019,경기,시흥시,15350AC400H126,3967.0,4499.0,453929.0,1157.0,1661.0,451074.0,499.0,41.87043105621376,113.41063776153264
2019,경기,안산시단원구,15350AC400H118,2666.0,2639.0,254458.0,706.0,1327.0,368836.0,303.0,49.77494373593399,98.98724681170292
2019,경기,안산시상록구,15350AC400H117,3615.0,3802.0,375838.0,789.0,1682.0,463016.0,369.0,46.5283540802213,105.17289073305672
2019,경기,안성시,15350AC400H135,3036.0,3016.0,286760.0,630.0,1323.0,362106.0,207.0,43.57707509881423,99.34123847167325
2019,경기,안양시동안구,15350AC400H110,3099.0,4301.0,437748.0,993.0,908.0,234763.0,375.0,29.29977412068409,138.78670538883512
2019,경기,안양시만안구,15350AC400H109,3168.0,4127.0,421205.0,890.0,1095.0,292943.0,341.0,34.56439393939394,130.27146464646464
2019,경기,양주시,15350AC400H139,4057.0,4241.0,439752.0,979.0,2060.0,546385.0,389.0,50.776435789992604,104.53537096376633
2019,경기,양평군,15350AC400H144,2721.0,3184.0,308802.0,660.0,1010.0,265822.0,257.0,37.11870635795663,117.01580301359795
2019,경기,여주시,15350AC400H147,2245.0,2586.0,261378.0,541.0,853.0,226240.0,200.0,37.99554565701559,115.18930957683742
2019,경기,연천군,15350AC400H142,1210.0,1455.0,153727.0,251.0,445.0,119570.0,118.0,36.77685950413223,120.24793388429754
2019,경기,오산시,15350AC400H125,2040.0,2425.0,224144.0,545.0,730.0,191401.0,228.0,35.78431372549019,118.87254901960785
2019,경기,용인시기흥구,15350AC400H131,4601.0,5669.0,555631.0,1333.0,1660.0,438584.0,507.0,36.079113236252994,123.21234514236035
2019,경기,용인시수지구,15350AC400H132,3610.0,4626.0,456637.0,1047.0,1104.0,305950.0,398.0,30.581717451523545,128.14404432132963
2019,경기,용인시처인구,15350AC400H130,3719.0,4224.0,428793.0,849.0,1445.0,401645.0,336.0,38.8545307878462,113.57891906426458
2019,경기,의왕시,15350AC400H128,1857.0,2391.0,254007.0,700.0,611.0,163775.0,272.0,32.9025309639203,128.7560581583199
2019,경기,의정부시,15350AC400H108,7515.0,9169.0,981771.0,1324.0,3008.0,800853.0,486.0,40.02661343978709,122.00931470392548
2019,경기,이천시,15350AC400H134,2785.0,3326.0,357995.0,558.0,911.0,243821.0,237.0,32.71095152603232,119.42549371633753
2019,경기,파주시,15350AC400H133,5597.0,6180.0,591792.0,1184.0,2351.0,613279.0,497.0,42.00464534572092,110.41629444345185
2019,경기,평택시,15350AC400H115,6161.0,7442.0,765826.0,1072.0,2125.0,556181.0,455.0,34.491154033436125,120.79207920792079
2019,경기,포천시,15350AC400H140,2909.0,3078.0,335036.0,620.0,1316.0,353694.0,273.0,45.238913716053624,105.80955654864215
2019,경기,하남시,15350AC400H129,2723.0,3725.0,356428.0,836.0,876.0,225907.0,420.0,32.17040029379361,136.79764965112008
2019,경기,화성시,15350AC400H137,6779.0,7575.0,769384.0,1728.0,2684.0,715717.0,674.0,39.59286030387963,111.74214485912377
2019,경남,거제시,15350AC400O111,2251.0,3073.0,242303.0,412.0,556.0,151914.0,143.0,24.7001332741004,136.5171035095513
2019,경남,거창군,15350AC400O121,1918.0,2655.0,242607.0,327.0,533.0,143543.0,118.0,27.78936392075078,138.42544316996873
2019,경남,고성군,15350AC400O116,1655.0,2528.0,214776.0,328.0,409.0,107781.0,100.0,24.712990936555894,152.74924471299093
2019,경남,김해시,15350AC400O109,3874.0,5526.0,517439.0,980.0,677.0,182183.0,184.0,17.475477542591637,142.64326277749097
2019,경남,남해군,15350AC400O117,2572.0,4334.0,364800.0,384.0,486.0,130281.0,143.0,18.895800933125972,168.50699844479004
2019,경남,밀양시,15350AC400O110,2931.0,4097.0,388306.0,480.0,755.0,191147.0,130.0,25.75912657795974,139.78164448993516
2019,경남,사천시,15350AC400O108,2512.0,3372.0,321771.0,434.0,765.0,197468.0,98.0,30.453821656050955,134.23566878980893
2019,경남,산청군,15350AC400O119,1784.0,2104.0,227821.0,311.0,601.0,166602.0,85.0,33.68834080717489,117.9372197309417
2019,경남,양산시,15350AC400O112,3225.0,4455.0,438452.0,748.0,683.0,181419.0,143.0,21.17829457364341,138.13953488372093
2019,경남,의령군,15350AC400O113,1123.0,1754.0,152026.0,262.0,255.0,68705.0,89.0,22.707034728406057,156.1887800534283
2019,경남,진주시,15350AC400O106,5773.0,7831.0,844108.0,728.0,1426.0,390490.0,188.0,24.701195219123505,135.64870950978693
2019,경남,창녕군,15350AC400O115,2044.0,2999.0,296206.0,401.0,364.0,97042.0,142.0,17.80821917808219,146.72211350293543
2019,경남,창원시 마산합포구,15350AC400O103,2507.0,3363.0,357764.0,482.0,525.0,140032.0,85.0,20.941364180295174,134.14439569206223
2019,경남,창원시 마산회원구,15350AC400O104,1903.0,2741.0,293316.0,433.0,277.0,71335.0,84.0,14.555964266946924,144.0357330530741
2019,경남,창원시 성산구,15350AC400O102,1190.0,1580.0,159014.0,520.0,294.0,78305.0,131.0,24.705882352941178,132.77310924369746
2019,경남,창원시 의창구,15350AC400O101,2363.0,3085.0,315954.0,586.0,607.0,168323.0,104.0,25.687685146000845,130.55438002539145
2019,경남,창원시 진해구,15350AC400O105,2102.0,2796.0,287974.0,427.0,465.0,127319.0,99.0,22.121788772597526,133.0161750713606
2019,경남,통영시,15350AC400O107,1880.0,2162.0,215313.0,282.0,561.0,136235.0,88.0,29.840425531914892,114.99999999999999
2019,경남,하동군,15350AC400O118,2427.0,3909.0,330869.0,394.0,553.0,144719.0,136.0,22.785331685208078,161.06304079110012
2019,경남,함안군,15350AC400O114,1783.0,2492.0,254279.0,343.0,377.0,98394.0,75.0,21.144139091418957,139.76444195176668
2019,경남,함양군,15350AC400O120,1820.0,2834.0,249587.0,324.0,556.0,145626.0,125.0,30.54945054945055,155.71428571428572
2019,경남,합천군,15350AC400O122,1713.0,1911.0,185336.0,449.0,648.0,182043.0,160.0,37.828371278458846,111.55866900175131
2019,경북,경산시,15350AC400N111,3946.0,5067.0,506660.0,850.0,1282.0,335970.0,215.0,32.488596046629496,128.40851495184998
2019,경북,경주시,15350AC400N103,5551.0,8684.0,810595.0,862.0,958.0,249038.0,201.0,17.258151684381193,156.44028103044496
2019,경북,고령군,15350AC400N118,900.0,1191.0,117332.0,283.0,251.0,70974.0,82.0,27.88888888888889,132.33333333333331
2019,경북,구미시,15350AC400N106,3749.0,4497.0,463589.0,680.0,1445.0,392780.0,230.0,38.54361162976794,119.95198719658575
2019,경북,군위군,15350AC400N112,959.0,1299.0,117344.0,254.0,294.0,81167.0,105.0,30.656934306569344,135.4535974973931
2019,경북,김천시,15350AC400N104,3055.0,3590.0,364019.0,531.0,1210.0,310984.0,216.0,39.60720130932897,117.51227495908347
2019,경북,문경시,15350AC400N110,2813.0,3301.0,351247.0,441.0,947.0,261539.0,186.0,33.665126199786705,117.34802701741913
2019,경북,봉화군,15350AC400N122,972.0,796.0,83368.0,232.0,473.0,124909.0,74.0,48.66255144032922,81.89300411522635
2019,경북,상주시,15350AC400N109,3632.0,4699.0,488852.0,677.0,1051.0,280145.0,263.0,28.937224669603523,129.37775330396474
2019,경북,성주군,15350AC400N119,1256.0,1640.0,165709.0,283.0,333.0,94004.0,95.0,26.512738853503187,130.5732484076433
2019,경북,안동시,15350AC400N105,3882.0,5390.0,519286.0,595.0,987.0,265294.0,218.0,25.42503863987635,138.84595569294177
2019,경북,영덕군,15350AC400N116,1544.0,2170.0,212715.0,269.0,336.0,77995.0,91.0,21.761658031088082,140.5440414507772
2019,경북,영양군,15350AC400N115,643.0,584.0,72704.0,137.0,255.0,71236.0,63.0,39.657853810264385,90.82426127527216
2019,경북,영주시,15350AC400N107,2398.0,2565.0,263969.0,377.0,955.0,252787.0,139.0,39.82485404503753,106.96413678065053
2019,경북,영천시,15350AC400N108,3161.0,5112.0,494649.0,582.0,655.0,166552.0,161.0,20.721290730781398,161.72097437519773
2019,경북,예천군,15350AC400N121,1673.0,2068.0,224122.0,407.0,432.0,123261.0,149.0,25.82187686790197,123.61028093245667
2019,경북,울릉군,15350AC400N124,80.0,40.0,3051.0,37.0,54.0,15322.0,22.0,67.5,50.0
2019,경북,울진군,15350AC400N123,1666.0,2332.0,226060.0,330.0,377.0,102533.0,138.0,22.629051620648262,139.97599039615847
2019,경북,의성군,15350AC400N113,2322.0,3153.0,271594.0,534.0,722.0,187810.0,192.0,31.093884582256674,135.78811369509043
2019,경북,청도군,15350AC400N117,1884.0,2438.0,250610.0,370.0,563.0,150420.0,117.0,29.883227176220807,129.40552016985137
2019,경북,청송군,15350AC400N114,972.0,1054.0,104836.0,239.0,393.0,103014.0,78.0,40.4320987654321,108.43621399176955
2019,경북,칠곡군,15350AC400N120,1639.0,1911.0,201982.0,407.0,605.0,164544.0,140.0,36.91275167785235,116.59548505186088
2019,경북,포항시남구,15350AC400N101,2813.0,3880.0,400168.0,459.0,692.0,190396.0,114.0,24.600071098471382,137.93103448275863
2019,경북,포항시북구,15350AC400N102,3437.0,4811.0,511216.0,608.0,659.0,182363.0,127.0,19.17369799243526,139.97672388711084
2019,광주,광산구,15350AC400E105,4130.0,6848.0,628703.0,1084.0,852.0,225645.0,217.0,20.62953995157385,165.81113801452784
2019,광주,남구,15350AC400E103,3233.0,5171.0,498482.0,933.0,587.0,154756.0,200.0,18.156510980513456,159.9443241571296
2019,광주,동구,15350AC400E101,1903.0,2946.0,274254.0,668.0,359.0,96362.0,122.0,18.86495007882291,154.80819758276405
2019,광주,북구,15350AC400E104,6018.0,9864.0,940521.0,1234.0,1181.0,300175.0,236.0,19.624459953472915,163.90827517447656
2019,광주,서구,15350AC400E102,3917.0,6290.0,594877.0,963.0,760.0,205386.0,197.0,19.40260403369926,160.58207812101097
2019,대구,남구,15350AC400C104,2897.0,3929.0,392768.0,852.0,794.0,206560.0,202.0,27.407663099758373,135.62305833620988
2019,대구,달서구,15350AC400C107,6288.0,8811.0,910814.0,1222.0,1622.0,419308.0,347.0,25.795165394402037,140.1240458015267
2019,대구,달성군,15350AC400C108,2554.0,2939.0,308403.0,773.0,979.0,270970.0,212.0,38.33202819107282,115.07439310884887
2019,대구,동구,15350AC400C102,5470.0,7498.0,793152.0,1174.0,1559.0,411750.0,288.0,28.50091407678245,137.07495429616088
2019,대구,북구,15350AC400C105,5148.0,6701.0,676987.0,1138.0,1692.0,450228.0,305.0,32.86713286713287,130.16705516705517
2019,대구,서구,15350AC400C103,2913.0,3818.0,382370.0,753.0,947.0,250485.0,199.0,32.509440439409545,131.06762787504292
2019,대구,수성구,15350AC400C106,5210.0,7345.0,745994.0,1255.0,1182.0,315961.0,302.0,22.68714011516315,140.978886756238
2019,대구,중구,15350AC400C101,1404.0,1944.0,194709.0,595.0,350.0,94133.0,144.0,24.92877492877493,138.46153846153845
2019,대전,대덕구,15350AC400F105,2407.0,3109.0,307697.0,666.0,810.0,213623.0,172.0,33.65184877440798,129.1649356044869
2019,대전,동구,15350AC400F101,3781.0,4825.0,491186.0,859.0,1248.0,329693.0,211.0,33.007140967997884,127.61174292515207
2019,대전,서구,15350AC400F103,5692.0,7826.0,827309.0,1172.0,1619.0,458671.0,295.0,28.443429374560786,137.49121574139141
2019,대전,유성구,15350AC400F104,3261.0,4304.0,449114.0,971.0,1023.0,279189.0,252.0,31.370745170193192,131.9840539711745
2019,대전,중구,15350AC400F102,4780.0,6703.0,734754.0,874.0,1204.0,325459.0,213.0,25.188284518828453,140.23012552301256
2019,부산,강서구,15350AC400B112,967.0,1264.0,119373.0,479.0,252.0,65409.0,92.0,26.059979317476735,130.71354705274044
2019,부산,금정구,15350AC400B111,2829.0,3824.0,385014.0,755.0,580.0,159921.0,130.0,20.50194414987628,135.17143867090843
2019,부산,기장군,15350AC400B116,2463.0,3080.0,319404.0,561.0,765.0,204579.0,99.0,31.059683313032888,125.05075111652457
2019,부산,남구,15350AC400B107,3251.0,4725.0,485601.0,851.0,432.0,113624.0,127.0,13.288219009535526,145.33989541679483
2019,부산,동구,15350AC400B103,1716.0,2441.0,248098.0,517.0,296.0,77262.0,68.0,17.24941724941725,142.24941724941723
2019,부산,동래구,15350AC400B106,2990.0,4424.0,452929.0,830.0,434.0,114138.0,123.0,14.51505016722408,147.9598662207358
2019,부산,부산진구,15350AC400B105,4675.0,6829.0,707069.0,1034.0,623.0,153493.0,162.0,13.32620320855615,146.07486631016042
2019,부산,북구,15350AC400B108,3221.0,4595.0,442924.0,850.0,579.0,158481.0,119.0,17.975783918037877,142.65755976404844
2019,부산,사상구,15350AC400B115,2295.0,3082.0,315551.0,683.0,430.0,121369.0,95.0,18.736383442265794,134.29193899782135
2019,부산,사하구,15350AC400B110,3737.0,5257.0,517205.0,766.0,629.0,172872.0,132.0,16.831683168316832,140.67433770404068
2019,부산,서구,15350AC400B102,1678.0,2357.0,237320.0,527.0,278.0,69626.0,67.0,16.5673420738975,140.46483909415971
2019,부산,수영구,15350AC400B114,2181.0,3143.0,304233.0,764.0,319.0,88701.0,119.0,14.62631820265933,144.10820724438332
2019,부산,연제구,15350AC400B113,2385.0,3547.0,370750.0,791.0,288.0,79828.0,105.0,12.075471698113208,148.72117400419287
2019,부산,영도구,15350AC400B104,2285.0,3354.0,338422.0,516.0,282.0,73207.0,79.0,12.341356673960613,146.78336980306347
2019,부산,중구,15350AC400B101,697.0,997.0,103722.0,301.0,77.0,18673.0,30.0,11.047345767575322,143.0416068866571
2019,부산,해운대구,15350AC400B109,4766.0,7060.0,709465.0,1099.0,645.0,166996.0,183.0,13.533361309274024,148.13260595887536
2019,서울,강남구,15350AC400A123,4593.0,6191.0,606645.0,1582.0,1089.0,295721.0,630.0,23.709993468321358,134.79207489658177
2019,서울,강동구,15350AC400A125,4254.0,5789.0,556305.0,1218.0,1209.0,308986.0,576.0,28.42031029619182,136.0836859426422
2019,서울,강북구,15350AC400A109,4291.0,5679.0,597214.0,1171.0,1228.0,313930.0,507.0,28.618037753437424,132.34677231414588
2019,서울,강서구,15350AC400A116,7525.0,10907.0,1130474.0,1770.0,1833.0,461217.0,706.0,24.358803986710964,144.94352159468437
2019,서울,관악구,15350AC400A121,4956.0,6867.0,707251.0,1282.0,1251.0,316017.0,606.0,25.24213075060533,138.55932203389833
2019,서울,광진구,15350AC400A105,3237.0,4172.0,424184.0,1046.0,922.0,247724.0,453.0,28.48316342292246,128.88476984862527
2019,서울,구로구,15350AC400A117,4515.0,6249.0,662618.0,1400.0,1188.0,320061.0,528.0,26.312292358803983,138.40531561461793
2019,서울,금천구,15350AC400A118,2468.0,3125.0,319257.0,820.0,778.0,211408.0,297.0,31.523500810372774,126.62074554294975
2019,서울,노원구,15350AC400A111,6782.0,8956.0,940269.0,1681.0,2074.0,537850.0,720.0,30.580949572397525,132.05544087289886
2019,서울,도봉구,15350AC400A110,4635.0,5748.0,595024.0,1258.0,1654.0,433776.0,512.0,35.68500539374326,124.01294498381876
2019,서울,동대문구,15350AC400A106,4311.0,5819.0,615677.0,1244.0,1041.0,267520.0,524.0,24.14752957550452,134.98028299698447
2019,서울,동작구,15350AC400A120,4080.0,5377.0,567953.0,1320.0,1037.0,278276.0,630.0,25.416666666666664,131.7892156862745
2019,서울,마포구,15350AC400A114,3659.0,4817.0,481381.0,1279.0,980.0,255920.0,560.0,26.783274118611644,131.6479912544411
2019,서울,서대문구,15350AC400A113,3626.0,4626.0,482066.0,1238.0,1060.0,270736.0,462.0,29.233314947600665,127.57859900717044
2019,서울,서초구,15350AC400A122,3466.0,4332.0,425867.0,1438.0,973.0,268582.0,605.0,28.07270628967109,124.98557414887479
2019,서울,성동구,15350AC400A104,2861.0,3589.0,374277.0,1086.0,860.0,219389.0,511.0,30.059419783292558,125.44564837469416
2019,서울,성북구,15350AC400A108,5138.0,6839.0,732170.0,1423.0,1385.0,364500.0,623.0,26.956014013234718,133.10626702997274
2019,서울,송파구,15350AC400A124,5694.0,7433.0,756889.0,1739.0,1651.0,439513.0,736.0,28.99543378995434,130.54092026694767
2019,서울,양천구,15350AC400A115,5071.0,6773.0,726242.0,1455.0,1445.0,373403.0,616.0,28.495365805561036,133.56339972392033
2019,서울,영등포구,15350AC400A119,3867.0,5243.0,531410.0,1281.0,948.0,246150.0,548.0,24.51512800620636,135.5831393845358
2019,서울,용산구,15350AC400A103,2424.0,3066.0,313043.0,956.0,653.0,173464.0,418.0,26.93894389438944,126.48514851485149
2019,서울,은평구,15350AC400A112,5687.0,7272.0,745546.0,1456.0,1664.0,438301.0,588.0,29.259715139792508,127.87058202918938
2019,서울,종로구,15350AC400A101,1727.0,2091.0,222297.0,828.0,509.0,137120.0,309.0,29.47307469600463,121.0770121598147
2019,서울,중구,15350AC400A102,1522.0,1963.0,207157.0,689.0,398.0,103274.0,278.0,26.149802890932982,128.97503285151117
2019,서울,중랑구,15350AC400A107,4945.0,6234.0,640366.0,1355.0,1578.0,430435.0,507.0,31.911021233569265,126.06673407482305
2019,울산,남구,15350AC400G102,2275.0,3090.0,317203.0,577.0,469.0,123271.0,132.0,20.615384615384617,135.82417582417582
2019,울산,동구,15350AC400G103,1257.0,1796.0,190734.0,379.0,213.0,58612.0,84.0,16.94510739856802,142.87987271280826
2019,울산,북구,15350AC400G104,1450.0,2002.0,198431.0,441.0,382.0,98040.0,123.0,26.344827586206897,138.06896551724137
2019,울산,울주군,15350AC400G105,2583.0,3389.0,331086.0,620.0,724.0,191172.0,130.0,28.02942315137437,131.20402632597754
2019,울산,중구,15350AC400G101,2106.0,2887.0,307425.0,462.0,465.0,122047.0,121.0,22.07977207977208,137.08452041785375
2019,인천,강화군,15350AC400D109,2219.0,2387.0,220736.0,614.0,984.0,257076.0,205.0,44.34429923388914,107.57097791798107
2019,인천,계양구,15350AC400D107,3960.0,5023.0,494766.0,1066.0,1557.0,416656.0,417.0,39.31818181818182,126.84343434343435
2019,인천,남동구,15350AC400D105,7513.0,10977.0,997969.0,1643.0,2417.0,653166.0,545.0,32.1709037668042,146.10674830294158
2019,인천,동구,15350AC400D102,1353.0,2002.0,180296.0,537.0,419.0,110424.0,139.0,30.968218773096822,147.96747967479675
2019,인천,미추홀구,15350AC400D103,6703.0,10046.0,887053.0,1408.0,2179.0,592139.0,465.0,32.5078323138893,149.87319110845888
2019,인천,부평구,15350AC400D106,7396.0,10298.0,1005863.0,1684.0,2468.0,656580.0,620.0,33.36938885884262,139.23742563547862
2019,인천,서구,15350AC400D108,6336.0,8145.0,787242.0,1546.0,2486.0,671072.0,595.0,39.23611111111111,128.55113636363635
2019,인천,연수구,15350AC400D104,3765.0,5382.0,499019.0,1203.0,1211.0,321684.0,418.0,32.16467463479415,142.94820717131472
2019,인천,옹진군,15350AC400D110,345.0,310.0,26616.0,204.0,190.0,53491.0,107.0,55.072463768115945,89.85507246376811
2019,인천,중구,15350AC400D101,1849.0,2455.0,221467.0,725.0,684.0,192679.0,242.0,36.99296917252569,132.77447268793944
2019,전남,강진군,15350AC400M113,1559.0,2577.0,227655.0,345.0,309.0,80049.0,134.0,19.820397690827456,165.2982681205901
2019,전남,고흥군,15350AC400M109,2921.0,4134.0,375865.0,581.0,961.0,257567.0,242.0,32.89969188634029,141.52687435809653
2019,전남,곡성군,15350AC400M107,1410.0,2222.0,185511.0,357.0,396.0,102163.0,91.0,28.085106382978726,157.5886524822695
2019,전남,광양시,15350AC400M105,1988.0,2478.0,263092.0,445.0,586.0,153466.0,146.0,29.47686116700201,124.64788732394365
2019,전남,구례군,15350AC400M108,979.0,1576.0,153719.0,210.0,203.0,53412.0,51.0,20.73544433094995,160.9805924412666
2019,전남,나주시,15350AC400M104,2848.0,4511.0,364941.0,705.0,720.0,184564.0,184.0,25.280898876404496,158.39185393258427
2019,전남,담양군,15350AC400M106,1654.0,2588.0,216191.0,473.0,455.0,117091.0,107.0,27.50906892382104,156.46916565900847
2019,전남,목포시,15350AC400M101,2849.0,3662.0,345431.0,437.0,894.0,225322.0,159.0,31.379431379431377,128.53632853632854
2019,전남,무안군,15350AC400M116,1677.0,1885.0,179463.0,428.0,606.0,157113.0,169.0,36.135957066189626,112.40310077519379
2019,전남,보성군,15350AC400M110,1327.0,1801.0,169001.0,419.0,335.0,84210.0,145.0,25.244913338357193,135.71966842501882
2019,전남,순천시,15350AC400M103,3923.0,5133.0,521119.0,727.0,1209.0,318025.0,218.0,30.818251338261533,130.84374203415754
2019,전남,신안군,15350AC400M122,1260.0,1534.0,135757.0,382.0,396.0,103193.0,130.0,31.428571428571427,121.74603174603173
2019,전남,여수시,15350AC400M102,4589.0,5782.0,682488.0,610.0,1081.0,281274.0,182.0,23.55633035519721,125.99694922641098
2019,전남,영광군,15350AC400M118,1632.0,2065.0,185292.0,444.0,539.0,141473.0,138.0,33.02696078431372,126.53186274509804
2019,전남,영암군,15350AC400M115,1603.0,2242.0,206535.0,439.0,463.0,112382.0,146.0,28.883343730505302,139.86275733000625
2019,전남,완도군,15350AC400M120,1626.0,1849.0,176909.0,358.0,537.0,144521.0,185.0,33.025830258302584,113.71463714637147
2019,전남,장성군,15350AC400M119,1489.0,2428.0,217247.0,447.0,296.0,72077.0,91.0,19.879113498992613,163.06245802552047
2019,전남,장흥군,15350AC400M112,1760.0,2753.0,270266.0,306.0,344.0,94279.0,135.0,19.545454545454547,156.42045454545453
2019,전남,진도군,15350AC400M121,1152.0,1922.0,150597.0,267.0,261.0,68187.0,126.0,22.65625,166.84027777777777
2019,전남,함평군,15350AC400M117,1433.0,1730.0,166008.0,394.0,510.0,141222.0,114.0,35.58967201674808,120.72575017445917
2019,전남,해남군,15350AC400M114,2736.0,4147.0,353391.0,519.0,731.0,189136.0,227.0,26.71783625730994,151.5716374269006
2019,전남,화순군,15350AC400M111,1769.0,2680.0,240625.0,420.0,466.0,121121.0,123.0,26.342566421707183,151.49802148106275
2019,전북,고창군,15350AC400L114,2234.0,3399.0,330441.0,499.0,449.0,120690.0,181.0,20.09847806624888,152.14861235452105
2019,전북,군산시,15350AC400L103,5174.0,7506.0,675078.0,666.0,1422.0,389308.0,169.0,27.483571704677235,145.0715114031697
2019,전북,김제시,15350AC400L107,3084.0,5148.0,412704.0,617.0,709.0,184955.0,177.0,22.989623865110246,166.92607003891052
2019,전북,남원시,15350AC400L106,2546.0,3888.0,323863.0,500.0,696.0,192831.0,140.0,27.336999214454043,152.71013354281226
2019,전북,무주군,15350AC400L110,868.0,1138.0,101038.0,232.0,317.0,79681.0,100.0,36.52073732718894,131.10599078341014
2019,전북,부안군,15350AC400L115,1890.0,2800.0,230094.0,446.0,539.0,133113.0,168.0,28.51851851851852,148.14814814814815
2019,전북,순창군,15350AC400L113,1113.0,1638.0,134686.0,327.0,254.0,64098.0,101.0,22.821203953279426,147.16981132075472
2019,전북,완주군,15350AC400L108,2222.0,3304.0,268093.0,551.0,565.0,149519.0,141.0,25.42754275427543,148.6948694869487
2019,전북,익산시,15350AC400L104,6252.0,9458.0,827363.0,899.0,1721.0,466558.0,240.0,27.527191298784388,151.27959053103007
2019,전북,임실군,15350AC400L112,1243.0,1819.0,169699.0,332.0,261.0,66650.0,104.0,20.997586484312148,146.33950120675786
2019,전북,장수군,15350AC400L111,707.0,1019.0,80027.0,231.0,209.0,52499.0,92.0,29.56152758132956,144.1301272984441
2019,전북,전주시덕진구,15350AC400L102,3713.0,5658.0,476720.0,707.0,672.0,175194.0,159.0,18.09857258281713,152.3835173713978
2019,전북,전주시완산구,15350AC400L101,4871.0,7384.0,642729.0,798.0,902.0,238215.0,189.0,18.517758160541984,151.59104906590022
2019,전북,정읍시,15350AC400L105,3467.0,6219.0,513618.0,687.0,608.0,149192.0,209.0,17.53677531006634,179.37698298240554
2019,전북,진안군,15350AC400L109,1024.0,1383.0,105447.0,302.0,338.0,87847.0,98.0,33.0078125,135.05859375
2019,제주,서귀포시,15350AC400P102,2786.0,2716.0,259335.0,299.0,1419.0,399397.0,107.0,50.9332376166547,97.48743718592965
2019,제주,제주시,15350AC400P101,6143.0,6469.0,607998.0,445.0,2808.0,807666.0,167.0,45.710564870584406,105.30685332899235
2019,충남,계룡시,15350AC400K108,519.0,596.0,64039.0,207.0,239.0,61752.0,58.0,46.05009633911368,114.83622350674374
2019,충남,공주시,15350AC400K103,2979.0,3568.0,402723.0,596.0,846.0,227247.0,196.0,28.3987915407855,119.77173548170528
2019,충남,금산군,15350AC400K109,1992.0,3003.0,273673.0,474.0,555.0,139239.0,158.0,27.86144578313253,150.75301204819277
2019,충남,논산시,15350AC400K107,3469.0,4986.0,474446.0,711.0,961.0,251807.0,208.0,27.702507927356585,143.73018160853272
2019,충남,당진시,15350AC400K118,3842.0,4910.0,517453.0,663.0,1121.0,288547.0,228.0,29.17751171264966,127.7980218636127
2019,충남,보령시,15350AC400K104,2865.0,4084.0,411113.0,586.0,726.0,183406.0,251.0,25.340314136125652,142.5479930191972
2019,충남,부여군,15350AC400K111,2482.0,3435.0,304457.0,509.0,833.0,217837.0,209.0,33.56164383561644,138.39645447219985
2019,충남,서산시,15350AC400K106,3771.0,5063.0,478227.0,685.0,1301.0,341578.0,270.0,34.50013259082472,134.26146910633784
2019,충남,서천군,15350AC400K112,2072.0,2690.0,292644.0,494.0,450.0,111955.0,153.0,21.71814671814672,129.82625482625483
2019,충남,아산시,15350AC400K105,3567.0,4466.0,418662.0,824.0,1233.0,311740.0,289.0,34.56686291000841,125.20325203252031
2019,충남,예산군,15350AC400K115,2570.0,3742.0,351164.0,585.0,715.0,188480.0,223.0,27.82101167315175,145.6031128404669
2019,충남,천안시동남구,15350AC400K101,3256.0,3865.0,375161.0,620.0,1188.0,312096.0,252.0,36.486486486486484,118.7039312039312
2019,충남,천안시서북구,15350AC400K102,3041.0,3733.0,366582.0,703.0,1094.0,272986.0,267.0,35.975008220979944,122.75567247615915
2019,충남,청양군,15350AC400K113,1167.0,1507.0,152917.0,354.0,371.0,95599.0,146.0,31.790916880891174,129.13453299057412
2019,충남,태안군,15350AC400K116,1808.0,2302.0,212233.0,428.0,585.0,142228.0,160.0,32.35619469026549,127.32300884955751
2019,충남,홍성군,15350AC400K114,2750.0,4330.0,423037.0,542.0,587.0,142916.0,188.0,21.345454545454544,157.45454545454544
2019,충북,괴산군,15350AC400J111,1348.0,1492.0,152041.0,321.0,552.0,148520.0,182.0,40.94955489614243,110.68249258160236
2019,충북,단양군,15350AC400J113,789.0,938.0,81349.0,171.0,341.0,85739.0,122.0,43.2192648922687,118.88466413181243
2019,충북,보은군,15350AC400J106,1062.0,1144.0,120419.0,337.0,360.0,91458.0,121.0,33.89830508474576,107.72128060263653
2019,충북,영동군,15350AC400J108,1861.0,2892.0,222443.0,313.0,595.0,155327.0,149.0,31.97205803331542,155.4003224073079
2019,충북,옥천군,15350AC400J107,1685.0,2222.0,199481.0,362.0,573.0,148228.0,163.0,34.00593471810089,131.86943620178042
2019,충북,음성군,15350AC400J112,1881.0,1773.0,173023.0,417.0,849.0,237346.0,193.0,45.13556618819777,94.25837320574163
2019,충북,제천시,15350AC400J104,2626.0,3046.0,287560.0,392.0,978.0,246499.0,200.0,37.242955064737245,115.993907083016
2019,충북,증평군,15350AC400J109,571.0,547.0,54445.0,143.0,272.0,71602.0,70.0,47.635726795096325,95.7968476357268
2019,충북,진천군,15350AC400J110,1246.0,1294.0,140887.0,343.0,493.0,126814.0,153.0,39.56661316211878,103.85232744783306
2019,충북,청주시상당구,15350AC400J101,3109.0,3693.0,395049.0,550.0,1066.0,283959.0,211.0,34.28755226761017,118.78417497587648
2019,충북,청주시서원구,15350AC400J114,3185.0,3748.0,409828.0,608.0,1074.0,282403.0,205.0,33.720565149136576,117.67660910518055
2019,충북,청주시청원구,15350AC400J115,2650.0,2927.0,333214.0,538.0,1094.0,279352.0,206.0,41.283018867924525,110.45283018867924
2019,충북,청주시흥덕구,15350AC400J102,2848.0,3157.0,345526.0,641.0,1050.0,275078.0,211.0,36.86797752808989,110.8497191011236
2019,충북,충주시,15350AC400J103,3618.0,3654.0,361663.0,529.0,1625.0,420582.0,259.0,44.91431730237701,100.99502487562188
2020,강원,강릉시,15350AC400I103,5469.0,6681.0,708607.0,523.0,2142.0,581156.0,245.0,39.166209544706525,122.16127262753702
2020,강원,고성군,15350AC400I117,727.0,811.0,77400.0,137.0,287.0,77571.0,65.0,39.47730398899587,111.55433287482805
2020,강원,동해시,15350AC400I104,1993.0,2738.0,301250.0,235.0,480.0,129025.0,83.0,24.08429503261415,137.38083291520323
2020,강원,삼척시,15350AC400I107,1804.0,2132.0,244914.0,288.0,485.0,132692.0,120.0,26.884700665188472,118.18181818181819
2020,강원,속초시,15350AC400I106,1501.0,1800.0,196242.0,185.0,532.0,139405.0,85.0,35.44303797468354,119.92005329780146
2020,강원,양구군,15350AC400I115,473.0,395.0,41224.0,84.0,233.0,66547.0,51.0,49.2600422832981,83.50951374207189
2020,강원,양양군,15350AC400I118,840.0,991.0,108414.0,168.0,310.0,82067.0,74.0,36.904761904761905,117.97619047619048
2020,강원,영월군,15350AC400I110,1150.0,1367.0,129138.0,237.0,412.0,114620.0,116.0,35.82608695652174,118.86956521739131
2020,강원,원주시,15350AC400I102,5409.0,5905.0,561419.0,677.0,2356.0,635069.0,283.0,43.55703457200961,109.16990201515992
2020,강원,인제군,15350AC400I116,494.0,689.0,49369.0,139.0,161.0,43162.0,74.0,32.59109311740891,139.4736842105263
2020,강원,정선군,15350AC400I112,890.0,887.0,75308.0,187.0,426.0,117801.0,138.0,47.86516853932584,99.6629213483146
2020,강원,철원군,15350AC400I113,942.0,1057.0,106628.0,198.0,336.0,101925.0,88.0,35.6687898089172,112.20806794055203
2020,강원,춘천시,15350AC400I101,6080.0,7723.0,806349.0,584.0,2045.0,563525.0,226.0,33.63486842105263,127.02302631578948
2020,강원,태백시,15350AC400I105,898.0,1162.0,97098.0,114.0,345.0,96409.0,86.0,38.41870824053452,129.3986636971047
2020,강원,평창군,15350AC400I111,1015.0,1199.0,122186.0,248.0,371.0,96717.0,147.0,36.55172413793103,118.12807881773399
2020,강원,홍천군,15350AC400I108,1757.0,1872.0,195202.0,341.0,687.0,180153.0,164.0,39.10073989755264,106.54524758110415
2020,강원,화천군,15350AC400I114,583.0,680.0,60898.0,134.0,260.0,74433.0,82.0,44.59691252144082,116.63807890222984
2020,강원,횡성군,15350AC400I109,1387.0,1509.0,148024.0,266.0,610.0,157710.0,128.0,43.97981254506128,108.79596250901227
2020,경기,가평군,15350AC400H143,1851.0,2330.0,242707.0,360.0,633.0,177001.0,187.0,34.197730956239866,125.87790383576444
2020,경기,고양시덕양구,15350AC400H119,6629.0,7947.0,847277.0,1513.0,2413.0,674906.0,574.0,36.40066375018856,119.88233519384524
2020,경기,고양시일산동구,15350AC400H145,4390.0,4904.0,494403.0,1205.0,1819.0,513906.0,419.0,41.43507972665148,111.70842824601365
2020,경기,고양시일산서구,15350AC400H146,3892.0,4933.0,505308.0,1027.0,1231.0,337341.0,409.0,31.628982528263105,126.74717368961974
2020,경기,과천시,15350AC400H122,744.0,958.0,99964.0,414.0,231.0,61164.0,158.0,31.048387096774192,128.76344086021504
2020,경기,광명시,15350AC400H114,3573.0,4692.0,495166.0,1070.0,956.0,262271.0,408.0,26.7562272600056,131.31821998320737
2020,경기,광주시,15350AC400H138,4320.0,5602.0,600529.0,1035.0,1317.0,367382.0,433.0,30.486111111111114,129.67592592592592
2020,경기,구리시,15350AC400H123,2353.0,3098.0,340010.0,699.0,720.0,191016.0,274.0,30.59923501912452,131.66170845728857
2020,경기,군포시,15350AC400H127,3353.0,3991.0,423388.0,845.0,1251.0,344625.0,347.0,37.30987175663585,119.02773635550254
2020,경기,김포시,15350AC400H136,5054.0,6260.0,655219.0,1434.0,1711.0,470232.0,562.0,33.854372774040364,123.86228729719035
2020,경기,남양주시,15350AC400H124,9958.0,12565.0,1356011.0,1941.0,3540.0,974437.0,698.0,35.549307089777066,126.17995581442057
2020,경기,동두천시,15350AC400H116,2115.0,2316.0,260475.0,389.0,916.0,253405.0,162.0,43.3096926713948,109.50354609929079
2020,경기,부천시,A01,10944.0,14175.0,1619811.0,2028.0,3451.0,946416.0,788.0,31.53326023391813,129.52302631578948
2020,경기,성남시분당구,15350AC400H107,5845.0,7713.0,799798.0,1441.0,1525.0,418462.0,547.0,26.09067579127459,131.95893926432848
2020,경기,성남시수정구,15350AC400H105,3008.0,3830.0,415504.0,887.0,926.0,252077.0,363.0,30.784574468085108,127.32712765957446
2020,경기,성남시중원구,15350AC400H106,2780.0,3403.0,383980.0,746.0,867.0,239336.0,358.0,31.18705035971223,122.41007194244604
2020,경기,수원시권선구,15350AC400H102,3983.0,5092.0,533804.0,1087.0,1353.0,371234.0,414.0,33.969369821742404,127.84333417022344
2020,경기,수원시영통구,15350AC400H104,2668.0,3245.0,329279.0,980.0,907.0,252390.0,410.0,33.99550224887557,121.62668665667167
2020,경기,수원시장안구,15350AC400H101,3912.0,4742.0,509898.0,999.0,1382.0,385017.0,376.0,35.327198364008176,121.21676891615543
2020,경기,수원시팔달구,15350AC400H103,2530.0,3303.0,358404.0,740.0,747.0,201664.0,252.0,29.525691699604746,130.55335968379447
2020,경기,시흥시,15350AC400H126,4752.0,5430.0,565897.0,1290.0,1892.0,515922.0,564.0,39.81481481481482,114.26767676767678
2020,경기,안산시단원구,15350AC400H118,2958.0,3108.0,309825.0,774.0,1353.0,370302.0,312.0,45.740365111561864,105.0709939148073
2020,경기,안산시상록구,15350AC400H117,3935.0,4388.0,448316.0,868.0,1666.0,465823.0,371.0,42.33799237611181,111.51207115628972
2020,경기,안성시,15350AC400H135,3529.0,3715.0,365899.0,696.0,1402.0,394855.0,242.0,39.72796826296401,105.27061490507225
2020,경기,안양시동안구,15350AC400H110,3233.0,4530.0,485548.0,978.0,908.0,248092.0,374.0,28.085369625734614,140.1175378905042
2020,경기,안양시만안구,15350AC400H109,3350.0,4394.0,479953.0,891.0,1092.0,296760.0,345.0,32.59701492537314,131.16417910447763
2020,경기,양주시,15350AC400H139,4446.0,4568.0,490258.0,1053.0,2214.0,611742.0,396.0,49.797570850202426,102.74403958614484
2020,경기,양평군,15350AC400H144,3025.0,3715.0,379665.0,705.0,1037.0,284875.0,285.0,34.28099173553719,122.8099173553719
2020,경기,여주시,15350AC400H147,2445.0,2843.0,307330.0,552.0,844.0,230346.0,203.0,34.51942740286299,116.27811860940696
2020,경기,연천군,15350AC400H142,1375.0,1758.0,178958.0,291.0,482.0,128608.0,146.0,35.054545454545455,127.85454545454546
2020,경기,오산시,15350AC400H125,2210.0,2692.0,273956.0,564.0,723.0,195024.0,230.0,32.71493212669683,121.80995475113122
2020,경기,용인시기흥구,15350AC400H131,4934.0,6185.0,637629.0,1370.0,1640.0,447924.0,492.0,33.23875152006486,125.35468179975679
2020,경기,용인시수지구,15350AC400H132,3864.0,5046.0,506177.0,1073.0,1145.0,322476.0,400.0,29.632505175983436,130.59006211180125
2020,경기,용인시처인구,15350AC400H130,3980.0,4541.0,486116.0,938.0,1498.0,410485.0,343.0,37.63819095477387,114.09547738693466
2020,경기,의왕시,15350AC400H128,1968.0,2504.0,265704.0,713.0,651.0,175233.0,276.0,33.079268292682926,127.23577235772359
2020,경기,의정부시,15350AC400H108,7967.0,9858.0,1096035.0,1421.0,3026.0,844713.0,496.0,37.981674406928576,123.73540856031128
2020,경기,이천시,15350AC400H134,3037.0,3843.0,414256.0,665.0,920.0,250160.0,236.0,30.293052354297,126.53934804082976
2020,경기,파주시,15350AC400H133,6201.0,6945.0,710931.0,1316.0,2432.0,685726.0,517.0,39.21948072891469,111.99806482825352
2020,경기,평택시,15350AC400H115,6946.0,8541.0,885772.0,1124.0,2291.0,624647.0,467.0,32.9830118053556,122.96285632018429
2020,경기,포천시,15350AC400H140,3243.0,3524.0,394436.0,619.0,1380.0,378230.0,300.0,42.5531914893617,108.66481652790625
2020,경기,하남시,15350AC400H129,3170.0,4334.0,441588.0,973.0,900.0,244550.0,418.0,28.391167192429023,136.7192429022082
2020,경기,화성시,15350AC400H137,7554.0,8792.0,935863.0,1870.0,2788.0,759620.0,745.0,36.90759862324596,116.38866825522902
2020,경남,거제시,15350AC400O111,2695.0,3983.0,325189.0,453.0,570.0,155652.0,137.0,21.150278293135436,147.7922077922078
2020,경남,거창군,15350AC400O121,2219.0,3246.0,305729.0,387.0,533.0,144220.0,120.0,24.01982875168995,146.2821090581343
2020,경남,고성군,15350AC400O116,1934.0,3052.0,272690.0,387.0,431.0,119663.0,114.0,22.285418821096172,157.80765253360912
2020,경남,김해시,15350AC400O109,4656.0,6833.0,674871.0,1048.0,732.0,193631.0,190.0,15.721649484536082,146.75687285223367
2020,경남,남해군,15350AC400O117,2921.0,5082.0,439539.0,391.0,498.0,129437.0,136.0,17.048955837042108,173.98151318041766
2020,경남,밀양시,15350AC400O110,3435.0,5102.0,492379.0,539.0,762.0,203083.0,133.0,22.183406113537117,148.5298398835517
2020,경남,사천시,15350AC400O108,3064.0,4424.0,437515.0,497.0,726.0,193401.0,96.0,23.694516971279374,144.3864229765013
2020,경남,산청군,15350AC400O119,1986.0,2509.0,277891.0,366.0,584.0,164060.0,83.0,29.40584088620342,126.33434038267875
2020,경남,양산시,15350AC400O112,3870.0,5593.0,571625.0,886.0,742.0,205781.0,171.0,19.17312661498708,144.5219638242894
2020,경남,의령군,15350AC400O113,1243.0,2052.0,181321.0,288.0,249.0,73609.0,90.0,20.03218020917136,165.0844730490748
2020,경남,진주시,15350AC400O106,6678.0,9511.0,1060363.0,766.0,1491.0,416451.0,206.0,22.32704402515723,142.42288110212638
2020,경남,창녕군,15350AC400O115,2290.0,3437.0,352606.0,444.0,355.0,99032.0,153.0,15.502183406113538,150.0873362445415
2020,경남,창원시 마산합포구,15350AC400O103,2857.0,4003.0,444629.0,513.0,522.0,148980.0,91.0,18.270913545677285,140.11200560028
2020,경남,창원시 마산회원구,15350AC400O104,2324.0,3479.0,376219.0,524.0,341.0,91301.0,96.0,14.672977624784853,149.6987951807229
2020,경남,창원시 성산구,15350AC400O102,1278.0,1762.0,185622.0,529.0,277.0,75260.0,122.0,21.67449139280125,137.87167449139278
2020,경남,창원시 의창구,15350AC400O101,2723.0,3774.0,395007.0,656.0,634.0,173862.0,114.0,23.28314359162688,138.59713551230263
2020,경남,창원시 진해구,15350AC400O105,2473.0,3458.0,370820.0,504.0,498.0,132873.0,99.0,20.137484836231298,139.83016579053782
2020,경남,통영시,15350AC400O107,2132.0,2659.0,276978.0,299.0,556.0,147345.0,88.0,26.07879924953096,124.71857410881802
2020,경남,하동군,15350AC400O118,2824.0,4848.0,417917.0,474.0,550.0,148638.0,136.0,19.475920679886684,171.671388101983
2020,경남,함안군,15350AC400O114,2122.0,3277.0,342107.0,372.0,387.0,105364.0,68.0,18.237511781338362,154.42978322337416
2020,경남,함양군,15350AC400O120,1966.0,3046.0,285489.0,340.0,557.0,148268.0,109.0,28.331637843336726,154.93387589013224
2020,경남,합천군,15350AC400O122,1773.0,2093.0,203301.0,487.0,607.0,175313.0,143.0,34.23575860124083,118.04850535815004
2020,경북,경산시,15350AC400N111,4560.0,6124.0,624695.0,895.0,1312.0,343108.0,220.0,28.771929824561404,134.2982456140351
2020,경북,경주시,15350AC400N103,6443.0,10300.0,984279.0,928.0,997.0,261613.0,196.0,15.474158000931244,159.86341766257954
2020,경북,고령군,15350AC400N118,980.0,1322.0,127261.0,319.0,292.0,77573.0,97.0,29.795918367346943,134.89795918367346
2020,경북,구미시,15350AC400N106,4350.0,5468.0,576989.0,663.0,1498.0,407425.0,228.0,34.43678160919541,125.70114942528735
2020,경북,군위군,15350AC400N112,1123.0,1558.0,144317.0,288.0,319.0,90909.0,123.0,28.40605520926091,138.73552983081032
2020,경북,김천시,15350AC400N104,3446.0,4188.0,415816.0,554.0,1197.0,322358.0,231.0,34.73592571096924,121.53221125943124
2020,경북,문경시,15350AC400N110,3049.0,3905.0,430180.0,460.0,889.0,239551.0,191.0,29.157100688750408,128.07477861593966
2020,경북,봉화군,15350AC400N122,1036.0,936.0,94046.0,232.0,450.0,121374.0,76.0,43.43629343629344,90.34749034749035
2020,경북,상주시,15350AC400N109,4131.0,5445.0,570699.0,668.0,1121.0,298849.0,278.0,27.1362866134108,131.8082788671024
2020,경북,성주군,15350AC400N119,1323.0,1756.0,183935.0,318.0,315.0,86449.0,94.0,23.809523809523807,132.7286470143613
2020,경북,안동시,15350AC400N105,4325.0,6046.0,586312.0,643.0,989.0,269542.0,214.0,22.86705202312139,139.79190751445088
2020,경북,영덕군,15350AC400N116,1766.0,2570.0,275604.0,302.0,348.0,88945.0,95.0,19.70554926387316,145.52661381653454
2020,경북,영양군,15350AC400N115,642.0,588.0,74174.0,147.0,251.0,66707.0,61.0,39.09657320872274,91.58878504672897
2020,경북,영주시,15350AC400N107,2613.0,2959.0,302627.0,384.0,936.0,255079.0,135.0,35.82089552238806,113.24148488327592
2020,경북,영천시,15350AC400N108,3597.0,5973.0,577855.0,628.0,703.0,182237.0,169.0,19.544064498192938,166.05504587155963
2020,경북,예천군,15350AC400N121,1851.0,2438.0,270375.0,421.0,443.0,115355.0,150.0,23.933009184224744,131.71258779038357
2020,경북,울릉군,15350AC400N124,81.0,51.0,4346.0,48.0,46.0,13408.0,19.0,56.79012345679012,62.96296296296296
2020,경북,울진군,15350AC400N123,1932.0,2881.0,280932.0,332.0,380.0,105940.0,133.0,19.66873706004141,149.12008281573497
2020,경북,의성군,15350AC400N113,2720.0,3784.0,319362.0,573.0,771.0,206212.0,203.0,28.345588235294116,139.11764705882354
2020,경북,청도군,15350AC400N117,2142.0,2842.0,304968.0,412.0,581.0,151105.0,129.0,27.124183006535947,132.6797385620915
2020,경북,청송군,15350AC400N114,1017.0,1091.0,113855.0,216.0,397.0,107296.0,77.0,39.03638151425762,107.2763028515241
2020,경북,칠곡군,15350AC400N120,1811.0,2171.0,234444.0,408.0,615.0,164540.0,140.0,33.95913859745996,119.87852015461071
2020,경북,포항시남구,15350AC400N101,3169.0,4523.0,473744.0,507.0,721.0,193116.0,118.0,22.751656674029665,142.72641211738718
2020,경북,포항시북구,15350AC400N102,4006.0,5884.0,617545.0,649.0,698.0,201060.0,143.0,17.423864203694457,146.8796804792811
2020,광주,광산구,15350AC400E105,4555.0,7701.0,735392.0,1128.0,863.0,237739.0,237.0,18.946212952799122,169.0669593852909
2020,광주,남구,15350AC400E103,3574.0,5944.0,587049.0,950.0,604.0,165101.0,196.0,16.899832120872972,166.31225517627308
2020,광주,동구,15350AC400E101,2162.0,3493.0,342756.0,714.0,361.0,93235.0,120.0,16.69750231267345,161.56336725254394
2020,광주,북구,15350AC400E104,6485.0,10917.0,1109699.0,1263.0,1144.0,306288.0,245.0,17.64070932922128,168.34232845026986
2020,광주,서구,15350AC400E102,4243.0,7056.0,703179.0,1011.0,730.0,202217.0,193.0,17.204807918925287,166.2974310629272
2020,대구,남구,15350AC400C104,3226.0,4423.0,443607.0,896.0,792.0,220713.0,195.0,24.5505269683819,137.10477371357717
2020,대구,달서구,15350AC400C107,7010.0,10012.0,1037740.0,1256.0,1565.0,424862.0,338.0,22.325249643366618,142.82453637660487
2020,대구,달성군,15350AC400C108,2837.0,3563.0,364511.0,808.0,949.0,261768.0,218.0,33.45082833979556,125.59041240747268
2020,대구,동구,15350AC400C102,5956.0,8327.0,894540.0,1202.0,1504.0,402676.0,263.0,25.25184687709872,139.80859637340498
2020,대구,북구,15350AC400C105,5669.0,7456.0,773573.0,1167.0,1709.0,459605.0,323.0,30.146410301640504,131.52231434115365
2020,대구,서구,15350AC400C103,3207.0,4275.0,440040.0,812.0,929.0,252519.0,206.0,28.96788275647022,133.3021515434986
2020,대구,수성구,15350AC400C106,5810.0,8351.0,850252.0,1327.0,1186.0,315078.0,297.0,20.413080895008605,143.73493975903614
2020,대구,중구,15350AC400C101,1473.0,2097.0,214188.0,635.0,346.0,93824.0,140.0,23.48947725729803,142.36252545824848
2020,대전,대덕구,15350AC400F105,2645.0,3409.0,360529.0,714.0,848.0,237941.0,183.0,32.06049149338374,128.88468809073723
2020,대전,동구,15350AC400F101,4070.0,5378.0,574006.0,849.0,1169.0,327443.0,209.0,28.72235872235872,132.13759213759212
2020,대전,서구,15350AC400F103,6273.0,8757.0,958208.0,1194.0,1671.0,456077.0,316.0,26.63797226207556,139.59827833572453
2020,대전,유성구,15350AC400F104,3566.0,4788.0,519224.0,1000.0,1066.0,288991.0,265.0,29.893438025799213,134.26808749298937
2020,대전,중구,15350AC400F102,5135.0,7300.0,835035.0,902.0,1206.0,328393.0,218.0,23.485881207400194,142.1616358325219
2020,부산,강서구,15350AC400B112,1134.0,1559.0,148994.0,530.0,253.0,70223.0,90.0,22.310405643738974,137.4779541446208
2020,부산,금정구,15350AC400B111,3148.0,4499.0,476133.0,813.0,530.0,150025.0,126.0,16.836086404066073,142.91613722998727
2020,부산,기장군,15350AC400B116,2764.0,3680.0,395657.0,616.0,749.0,203896.0,92.0,27.098408104196814,133.14037626628075
2020,부산,남구,15350AC400B107,3705.0,5479.0,577050.0,912.0,373.0,101232.0,121.0,10.067476383265857,147.8812415654521
2020,부산,동구,15350AC400B103,1943.0,2795.0,305086.0,572.0,307.0,86870.0,78.0,15.800308800823467,143.84971693257847
2020,부산,동래구,15350AC400B106,3221.0,4825.0,528165.0,866.0,417.0,118282.0,126.0,12.946289972058366,149.7981993169823
2020,부산,부산진구,15350AC400B105,5250.0,7865.0,828394.0,1124.0,590.0,152202.0,152.0,11.238095238095239,149.80952380952382
2020,부산,북구,15350AC400B108,3712.0,5548.0,563577.0,907.0,562.0,161391.0,135.0,15.140086206896552,149.46120689655174
2020,부산,사상구,15350AC400B115,2663.0,3796.0,392520.0,748.0,420.0,117666.0,99.0,15.771686068343973,142.54600075103266
2020,부산,사하구,15350AC400B110,4253.0,6202.0,647639.0,843.0,625.0,175540.0,139.0,14.695509052433575,145.82647542910888
2020,부산,서구,15350AC400B102,1933.0,2766.0,293300.0,568.0,290.0,79264.0,77.0,15.002586652871186,143.09363683393687
2020,부산,수영구,15350AC400B114,2453.0,3552.0,360252.0,787.0,325.0,91945.0,123.0,13.249082755809214,144.80228291887485
2020,부산,연제구,15350AC400B113,2715.0,4091.0,446553.0,871.0,296.0,80428.0,118.0,10.902394106813997,150.68139963167587
2020,부산,영도구,15350AC400B104,2539.0,3801.0,398657.0,547.0,274.0,77343.0,72.0,10.791650256006303,149.70460811343048
2020,부산,중구,15350AC400B101,750.0,1100.0,125367.0,332.0,84.0,22959.0,37.0,11.200000000000001,146.66666666666666
2020,부산,해운대구,15350AC400B109,5407.0,8159.0,845668.0,1136.0,663.0,173859.0,193.0,12.261882744590345,150.89698538931015
2020,서울,강남구,15350AC400A123,4653.0,6279.0,644187.0,1550.0,1015.0,280658.0,590.0,21.813883516011177,134.9451966473243
2020,서울,강동구,15350AC400A125,4707.0,6479.0,654336.0,1379.0,1240.0,325864.0,611.0,26.34374336095177,137.64605906097302
2020,서울,강북구,15350AC400A109,4566.0,6169.0,671387.0,1210.0,1194.0,328703.0,494.0,26.149802890932982,135.10731493648709
2020,서울,강서구,15350AC400A116,7872.0,11537.0,1236185.0,1844.0,1737.0,470458.0,686.0,22.065548780487802,146.557418699187
2020,서울,관악구,15350AC400A121,5324.0,7428.0,788990.0,1307.0,1253.0,342704.0,614.0,23.534936138241925,139.51915852742297
2020,서울,광진구,15350AC400A105,3526.0,4564.0,492931.0,1109.0,938.0,251291.0,467.0,26.602382302892796,129.43845717526943
2020,서울,구로구,15350AC400A117,4848.0,6659.0,725769.0,1457.0,1228.0,338332.0,571.0,25.33003300330033,137.3556105610561
2020,서울,금천구,15350AC400A118,2742.0,3620.0,382681.0,888.0,813.0,218908.0,319.0,29.64989059080963,132.02042304886942
2020,서울,노원구,15350AC400A111,7259.0,9795.0,1044366.0,1723.0,2039.0,554161.0,720.0,28.08926849428296,134.93594158975066
2020,서울,도봉구,15350AC400A110,4664.0,5914.0,631797.0,1302.0,1571.0,427601.0,494.0,33.68353344768439,126.80102915951971
2020,서울,동대문구,15350AC400A106,4400.0,5886.0,650864.0,1270.0,1057.0,276465.0,539.0,24.022727272727273,133.77272727272725
2020,서울,동작구,15350AC400A120,4183.0,5523.0,591700.0,1348.0,1001.0,282575.0,603.0,23.930193640927563,132.03442505378916
2020,서울,마포구,15350AC400A114,3861.0,5104.0,529013.0,1291.0,959.0,265696.0,528.0,24.838124838124838,132.1937321937322
2020,서울,서대문구,15350AC400A113,3843.0,4991.0,539823.0,1264.0,1048.0,282329.0,449.0,27.270361696591205,129.87249544626593
2020,서울,서초구,15350AC400A122,3554.0,4480.0,460507.0,1481.0,938.0,264932.0,563.0,26.39279684862127,126.05514912774338
2020,서울,성동구,15350AC400A104,2900.0,3618.0,385836.0,1098.0,827.0,223719.0,476.0,28.51724137931034,124.75862068965517
2020,서울,성북구,15350AC400A108,5436.0,7230.0,789338.0,1492.0,1366.0,369087.0,623.0,25.12877115526122,133.00220750551875
2020,서울,송파구,15350AC400A124,5987.0,7726.0,813854.0,1684.0,1635.0,454731.0,743.0,27.309169868047434,129.0462669116419
2020,서울,양천구,15350AC400A115,5326.0,7148.0,780303.0,1450.0,1388.0,381015.0,596.0,26.060833646263614,134.20953811490799
2020,서울,영등포구,15350AC400A119,4103.0,5545.0,581323.0,1355.0,966.0,259603.0,569.0,23.54374847672435,135.14501584206678
2020,서울,용산구,15350AC400A103,2541.0,3251.0,340017.0,1005.0,668.0,180163.0,415.0,26.288862652499017,127.94175521448248
2020,서울,은평구,15350AC400A112,6133.0,7893.0,847481.0,1432.0,1708.0,468751.0,566.0,27.849339638023807,128.69721180498942
2020,서울,종로구,15350AC400A101,1808.0,2203.0,234119.0,855.0,531.0,142941.0,335.0,29.36946902654867,121.84734513274336
2020,서울,중구,15350AC400A102,1744.0,2268.0,237648.0,743.0,435.0,114867.0,302.0,24.942660550458715,130.04587155963304
2020,서울,중랑구,15350AC400A107,5400.0,6925.0,730558.0,1416.0,1677.0,452367.0,530.0,31.055555555555554,128.24074074074073
2020,울산,남구,15350AC400G102,2617.0,3769.0,397961.0,614.0,486.0,134556.0,132.0,18.570882690103172,144.01987008024454
2020,울산,동구,15350AC400G103,1514.0,2225.0,241540.0,394.0,217.0,59237.0,87.0,14.332892998678995,146.96169088507264
2020,울산,북구,15350AC400G104,1588.0,2331.0,233838.0,474.0,385.0,107460.0,125.0,24.24433249370277,146.7884130982368
2020,울산,울주군,15350AC400G105,2959.0,4090.0,402945.0,614.0,720.0,209676.0,121.0,24.33254477864143,138.22237242311593
2020,울산,중구,15350AC400G101,2416.0,3489.0,374704.0,487.0,494.0,138288.0,115.0,20.447019867549667,144.41225165562915
2020,인천,강화군,15350AC400D109,2412.0,2707.0,267347.0,643.0,1037.0,277754.0,209.0,42.99336650082919,112.23051409618574
2020,인천,계양구,15350AC400D107,4301.0,5459.0,568180.0,1126.0,1605.0,450077.0,411.0,37.3169030458033,126.92397116949547
2020,인천,남동구,15350AC400D105,8376.0,12395.0,1193764.0,1773.0,2502.0,689687.0,569.0,29.871060171919773,147.98233046800382
2020,인천,동구,15350AC400D102,1515.0,2326.0,214269.0,597.0,416.0,111147.0,144.0,27.45874587458746,153.53135313531354
2020,인천,미추홀구,15350AC400D103,7155.0,10919.0,1006358.0,1472.0,2124.0,594724.0,491.0,29.68553459119497,152.60656883298392
2020,인천,부평구,15350AC400D106,7869.0,11152.0,1167490.0,1754.0,2428.0,700113.0,623.0,30.855254797305886,141.72067607065702
2020,인천,서구,15350AC400D108,6781.0,8657.0,897572.0,1609.0,2501.0,706609.0,600.0,36.88246571302168,127.66553605662882
2020,인천,연수구,15350AC400D104,4146.0,6007.0,594284.0,1273.0,1266.0,346330.0,438.0,30.535455861070908,144.88663772310662
2020,인천,옹진군,15350AC400D110,355.0,331.0,31993.0,196.0,185.0,49625.0,92.0,52.112676056338024,93.2394366197183
2020,인천,중구,15350AC400D101,2053.0,2719.0,258501.0,757.0,724.0,202296.0,242.0,35.26546517291768,132.4403312226011
2020,전남,강진군,15350AC400M113,1751.0,3137.0,264315.0,365.0,316.0,87155.0,144.0,18.046830382638493,179.15476870359794
2020,전남,고흥군,15350AC400M109,3284.0,4819.0,445884.0,628.0,988.0,263792.0,254.0,30.085261875761265,146.74177831912303
2020,전남,곡성군,15350AC400M107,1546.0,2548.0,213499.0,365.0,384.0,102160.0,84.0,24.838292367399742,164.8124191461837
2020,전남,광양시,15350AC400M105,2243.0,2981.0,320168.0,484.0,611.0,156298.0,141.0,27.24030316540348,132.90236290682122
2020,전남,구례군,15350AC400M108,1181.0,1972.0,181323.0,243.0,269.0,64775.0,60.0,22.777307366638443,166.97713801862827
2020,전남,나주시,15350AC400M104,3131.0,5143.0,447195.0,736.0,688.0,184309.0,172.0,21.973810284254235,164.26061961034813
2020,전남,담양군,15350AC400M106,1811.0,2942.0,263122.0,492.0,441.0,121308.0,117.0,24.35118718939812,162.45168415240198
2020,전남,목포시,15350AC400M101,3114.0,4107.0,415819.0,459.0,867.0,235853.0,150.0,27.842003853564545,131.88824662813101
2020,전남,무안군,15350AC400M116,1982.0,2518.0,244997.0,488.0,616.0,169901.0,179.0,31.079717457114025,127.0433905146317
2020,전남,보성군,15350AC400M110,1514.0,2137.0,207348.0,430.0,354.0,92400.0,153.0,23.381770145310433,141.14927344782032
2020,전남,순천시,15350AC400M103,4396.0,6004.0,629727.0,743.0,1176.0,325841.0,208.0,26.751592356687897,136.57870791628756
2020,전남,신안군,15350AC400M122,1423.0,1758.0,164259.0,432.0,420.0,119092.0,139.0,29.51510892480675,123.5418130709768
2020,전남,여수시,15350AC400M102,5120.0,6735.0,793093.0,623.0,1083.0,298228.0,185.0,21.15234375,131.54296875
2020,전남,영광군,15350AC400M118,1845.0,2456.0,227441.0,462.0,546.0,139345.0,136.0,29.593495934959353,133.11653116531167
2020,전남,영암군,15350AC400M115,1859.0,2631.0,257796.0,488.0,459.0,122462.0,133.0,24.690693921463154,141.5277030661646
2020,전남,완도군,15350AC400M120,1791.0,2175.0,209002.0,375.0,561.0,152831.0,196.0,31.32328308207705,121.44053601340032
2020,전남,장성군,15350AC400M119,1701.0,2965.0,263411.0,456.0,273.0,73331.0,97.0,16.049382716049383,174.30922986478544
2020,전남,장흥군,15350AC400M112,1966.0,3129.0,303433.0,316.0,371.0,95902.0,135.0,18.870803662258393,159.1556459816887
2020,전남,진도군,15350AC400M121,1312.0,2286.0,192019.0,282.0,264.0,73303.0,132.0,20.121951219512198,174.2378048780488
2020,전남,함평군,15350AC400M117,1714.0,2350.0,214750.0,425.0,509.0,138342.0,111.0,29.69661610268378,137.10618436406068
2020,전남,해남군,15350AC400M114,3003.0,4635.0,413758.0,527.0,744.0,193948.0,221.0,24.775224775224775,154.34565434565434
2020,전남,화순군,15350AC400M111,1994.0,3157.0,285799.0,452.0,503.0,132073.0,129.0,25.22567703109328,158.32497492477432
2020,전북,고창군,15350AC400L114,2599.0,4118.0,389018.0,557.0,479.0,127089.0,212.0,18.430165448249326,158.44555598307042
2020,전북,군산시,15350AC400L103,5778.0,8692.0,838508.0,720.0,1372.0,383350.0,168.0,23.745240567670475,150.43267566632053
2020,전북,김제시,15350AC400L107,3289.0,5578.0,456912.0,701.0,708.0,197248.0,196.0,21.526299787169354,169.59562176953483
2020,전북,남원시,15350AC400L106,3037.0,4986.0,414328.0,599.0,713.0,206123.0,153.0,23.47711557458018,164.1751728679618
2020,전북,무주군,15350AC400L110,974.0,1341.0,124991.0,243.0,309.0,84125.0,102.0,31.724845995893226,137.67967145790553
2020,전북,부안군,15350AC400L115,2084.0,3299.0,286761.0,491.0,548.0,146815.0,166.0,26.29558541266795,158.30134357005758
2020,전북,순창군,15350AC400L113,1280.0,2008.0,173674.0,353.0,253.0,69997.0,103.0,19.765625,156.875
2020,전북,완주군,15350AC400L108,2635.0,4193.0,348551.0,624.0,570.0,156843.0,149.0,21.631878557874764,159.12713472485768
2020,전북,익산시,15350AC400L104,6904.0,10760.0,993785.0,970.0,1700.0,480915.0,246.0,24.6234067207416,155.85168018539977
2020,전북,임실군,15350AC400L112,1445.0,2217.0,206040.0,380.0,281.0,72899.0,107.0,19.446366782006923,153.42560553633217
2020,전북,장수군,15350AC400L111,797.0,1118.0,100031.0,243.0,239.0,65003.0,90.0,29.98745294855709,140.27603513174404
2020,전북,전주시덕진구,15350AC400L102,4301.0,6826.0,618290.0,828.0,713.0,193899.0,166.0,16.577540106951872,158.7072773773541
2020,전북,전주시완산구,15350AC400L101,5518.0,9000.0,819105.0,923.0,863.0,238931.0,194.0,15.639724537876043,163.10257339615802
2020,전북,정읍시,15350AC400L105,3987.0,7268.0,619865.0,718.0,655.0,170435.0,212.0,16.4283922748934,182.29245046400803
2020,전북,진안군,15350AC400L109,1159.0,1641.0,129152.0,307.0,343.0,96250.0,97.0,29.594477998274378,141.58757549611732
2020,제주,서귀포시,15350AC400P102,2984.0,3031.0,295763.0,329.0,1425.0,406225.0,114.0,47.75469168900804,101.57506702412869
2020,제주,제주시,15350AC400P101,6560.0,7384.0,704584.0,460.0,2795.0,804943.0,151.0,42.60670731707317,112.56097560975608
2020,충남,계룡시,15350AC400K108,549.0,659.0,77841.0,225.0,215.0,61161.0,54.0,39.162112932604735,120.03642987249546
2020,충남,공주시,15350AC400K103,3247.0,4051.0,464422.0,622.0,848.0,233463.0,218.0,26.116415152448415,124.76131813982137
2020,충남,금산군,15350AC400K109,2263.0,3670.0,342950.0,500.0,538.0,142845.0,168.0,23.773751657092355,162.17410517012814
2020,충남,논산시,15350AC400K107,3812.0,5834.0,570066.0,724.0,966.0,259432.0,209.0,25.341028331584468,153.0430220356768
2020,충남,당진시,15350AC400K118,4238.0,5621.0,601441.0,722.0,1145.0,303268.0,248.0,27.01746106654082,132.63331760264276
2020,충남,보령시,15350AC400K104,3125.0,4561.0,476736.0,584.0,719.0,188650.0,262.0,23.008,145.952
2020,충남,부여군,15350AC400K111,2770.0,4132.0,375652.0,567.0,817.0,219954.0,214.0,29.494584837545123,149.16967509025272
2020,충남,서산시,15350AC400K106,4185.0,5811.0,565185.0,694.0,1287.0,340101.0,269.0,30.752688172043012,138.8530465949821
2020,충남,서천군,15350AC400K112,2361.0,3171.0,359052.0,545.0,485.0,130219.0,158.0,20.5421431596781,134.30749682337992
2020,충남,아산시,15350AC400K105,4031.0,5320.0,517378.0,888.0,1212.0,332145.0,307.0,30.066980898040192,131.97717687918632
2020,충남,예산군,15350AC400K115,2830.0,4048.0,405229.0,594.0,790.0,196676.0,229.0,27.915194346289752,143.03886925795052
2020,충남,천안시동남구,15350AC400K101,3567.0,4396.0,429461.0,693.0,1216.0,328594.0,270.0,34.09027193720213,123.24081861508269
2020,충남,천안시서북구,15350AC400K102,3341.0,4183.0,432732.0,797.0,1102.0,298357.0,272.0,32.98413648608201,125.20203531876683
2020,충남,청양군,15350AC400K113,1258.0,1629.0,162574.0,355.0,379.0,98724.0,142.0,30.127186009538953,129.4912559618442
2020,충남,태안군,15350AC400K116,2028.0,2693.0,260124.0,466.0,642.0,162627.0,174.0,31.65680473372781,132.79092702169626
2020,충남,홍성군,15350AC400K114,3147.0,4948.0,498127.0,594.0,608.0,154285.0,180.0,19.319987289482047,157.22910708611374
2020,충북,괴산군,15350AC400J111,1517.0,1798.0,178535.0,366.0,536.0,146042.0,180.0,35.332893869479236,118.52340145023072
2020,충북,단양군,15350AC400J113,877.0,1104.0,96602.0,206.0,318.0,89730.0,113.0,36.259977194982895,125.88369441277081
2020,충북,보은군,15350AC400J106,1325.0,1572.0,159887.0,335.0,394.0,100001.0,146.0,29.735849056603776,118.64150943396226
2020,충북,영동군,15350AC400J108,2133.0,3477.0,271829.0,340.0,594.0,157292.0,160.0,27.848101265822784,163.0098452883263
2020,충북,옥천군,15350AC400J107,1893.0,2549.0,248117.0,367.0,603.0,157006.0,174.0,31.85419968304279,134.65398837823562
2020,충북,음성군,15350AC400J112,2019.0,1988.0,222575.0,427.0,816.0,239797.0,191.0,40.41604754829123,98.46458642892522
2020,충북,제천시,15350AC400J104,2968.0,3654.0,370959.0,441.0,989.0,248861.0,198.0,33.32210242587601,123.11320754716981
2020,충북,증평군,15350AC400J109,659.0,695.0,67808.0,146.0,270.0,73363.0,72.0,40.971168437025796,105.4628224582701
2020,충북,진천군,15350AC400J110,1417.0,1601.0,178282.0,375.0,500.0,138552.0,152.0,35.28581510232887,112.98517995765702
2020,충북,청주시상당구,15350AC400J101,3536.0,4299.0,490648.0,596.0,1168.0,317166.0,219.0,33.03167420814479,121.57805429864253
2020,충북,청주시서원구,15350AC400J114,3443.0,4322.0,506166.0,646.0,1036.0,286716.0,199.0,30.090037757769387,125.53006099331978
2020,충북,청주시청원구,15350AC400J115,2969.0,3468.0,403585.0,581.0,1099.0,288883.0,192.0,37.015830245874035,116.80700572583362
2020,충북,청주시흥덕구,15350AC400J102,3168.0,3718.0,424305.0,657.0,1073.0,297891.0,238.0,33.869949494949495,117.36111111111111
2020,충북,충주시,15350AC400J103,4025.0,4318.0,443188.0,563.0,1624.0,448654.0,234.0,40.34782608695652,107.27950310559007
2021,강원,강릉시,15350AC400I103,5879.0,7177.0,790696.0,528.0,2190.0,596654.0,262.0,37.25123320292567,122.0785847933322
2021,강원,고성군,15350AC400I117,789.0,1009.0,86968.0,167.0,283.0,74775.0,70.0,35.868187579214194,127.88339670468949
2021,강원,동해시,15350AC400I104,2218.0,3016.0,339388.0,255.0,523.0,145512.0,107.0,23.57980162308386,135.97835888187558
2021,강원,삼척시,15350AC400I107,1950.0,2374.0,287727.0,299.0,459.0,123594.0,121.0,23.53846153846154,121.74358974358974
2021,강원,속초시,15350AC400I106,1665.0,2106.0,223336.0,235.0,541.0,141188.0,102.0,32.492492492492495,126.48648648648648
2021,강원,양구군,15350AC400I115,503.0,467.0,46673.0,113.0,230.0,60515.0,46.0,45.72564612326044,92.84294234592446
2021,강원,양양군,15350AC400I118,932.0,1144.0,118700.0,182.0,310.0,84260.0,79.0,33.261802575107296,122.74678111587983
2021,강원,영월군,15350AC400I110,1236.0,1532.0,144096.0,250.0,425.0,117702.0,128.0,34.385113268608414,123.94822006472492
2021,강원,원주시,15350AC400I102,6290.0,7263.0,686417.0,762.0,2560.0,683507.0,317.0,40.69952305246423,115.46899841017489
2021,강원,인제군,15350AC400I116,558.0,793.0,62210.0,174.0,158.0,41980.0,79.0,28.31541218637993,142.11469534050178
2021,강원,정선군,15350AC400I112,956.0,1043.0,83717.0,216.0,437.0,121726.0,147.0,45.71129707112971,109.10041841004184
2021,강원,철원군,15350AC400I113,1009.0,1114.0,124099.0,207.0,334.0,89586.0,104.0,33.10208126858276,110.40634291377603
2021,강원,춘천시,15350AC400I101,6703.0,8865.0,908510.0,679.0,2166.0,563408.0,254.0,32.31388930329703,132.2542145308071
2021,강원,태백시,15350AC400I105,919.0,1279.0,104129.0,145.0,342.0,94934.0,79.0,37.21436343852013,139.17301414581067
2021,강원,평창군,15350AC400I111,1189.0,1476.0,149003.0,295.0,386.0,102893.0,160.0,32.464255677039525,124.13793103448276
2021,강원,홍천군,15350AC400I108,1929.0,2188.0,239266.0,420.0,674.0,177165.0,185.0,34.94038361845516,113.42664593053395
2021,강원,화천군,15350AC400I114,618.0,765.0,67713.0,180.0,262.0,71314.0,93.0,42.394822006472495,123.78640776699028
2021,강원,횡성군,15350AC400I109,1473.0,1591.0,161707.0,304.0,628.0,166452.0,136.0,42.63408010862186,108.01086218601495
2021,경기,가평군,15350AC400H143,1956.0,2541.0,266767.0,385.0,595.0,171219.0,189.0,30.41922290388548,129.90797546012269
2021,경기,고양시덕양구,15350AC400H119,7364.0,9057.0,957597.0,1684.0,2543.0,696665.0,619.0,34.53286257468767,122.9902227050516
2021,경기,고양시일산동구,15350AC400H145,4809.0,5449.0,550652.0,1229.0,1977.0,551287.0,459.0,41.110417966313165,113.3083801206072
2021,경기,고양시일산서구,15350AC400H146,4198.0,5308.0,554178.0,1144.0,1308.0,358677.0,439.0,31.1576941400667,126.44116245831347
2021,경기,과천시,15350AC400H122,839.0,1090.0,113212.0,472.0,241.0,67767.0,159.0,28.72467222884386,129.9165673420739
2021,경기,광명시,15350AC400H114,3815.0,5173.0,559382.0,1150.0,982.0,261918.0,424.0,25.740498034076015,135.59633027522935
2021,경기,광주시,15350AC400H138,4956.0,6602.0,698434.0,1228.0,1381.0,367207.0,451.0,27.865213882163037,133.21226795803068
2021,경기,구리시,15350AC400H123,2531.0,3377.0,363618.0,746.0,707.0,185333.0,292.0,27.93362307388384,133.42552350849465
2021,경기,군포시,15350AC400H127,3665.0,4442.0,465293.0,939.0,1311.0,360825.0,380.0,35.77080491132333,121.2005457025921
2021,경기,김포시,15350AC400H136,5815.0,7506.0,788274.0,1620.0,1870.0,506645.0,608.0,32.158211521926056,129.07996560619088
2021,경기,남양주시,15350AC400H124,11296.0,14441.0,1534215.0,2170.0,3977.0,1058689.0,780.0,35.20715297450425,127.84171388101984
2021,경기,동두천시,15350AC400H116,2321.0,2640.0,290855.0,431.0,947.0,259385.0,156.0,40.80137871607066,113.74407582938389
2021,경기,부천시,A01,11864.0,15971.0,1774090.0,2254.0,3505.0,964606.0,803.0,29.54315576534053,134.61732973701956
2021,경기,성남시분당구,15350AC400H107,6259.0,8540.0,909300.0,1617.0,1527.0,417035.0,578.0,24.396868509346543,136.44352132928583
2021,경기,성남시수정구,15350AC400H105,3247.0,4292.0,458465.0,1006.0,913.0,247243.0,393.0,28.118263012011084,132.18355404989222
2021,경기,성남시중원구,15350AC400H106,3102.0,3962.0,435349.0,824.0,899.0,240901.0,367.0,28.981302385557704,127.72404900064474
2021,경기,수원시권선구,15350AC400H102,4334.0,5633.0,598937.0,1216.0,1348.0,362985.0,444.0,31.102907245039223,129.97231195200737
2021,경기,수원시영통구,15350AC400H104,2906.0,3660.0,380820.0,1097.0,912.0,248487.0,428.0,31.383344803854097,125.94631796283551
2021,경기,수원시장안구,15350AC400H101,4180.0,5184.0,559011.0,1091.0,1428.0,386445.0,430.0,34.162679425837325,124.01913875598085
2021,경기,수원시팔달구,15350AC400H103,2868.0,3775.0,414792.0,877.0,805.0,216827.0,297.0,28.068340306834035,131.62482566248258
2021,경기,시흥시,15350AC400H126,5439.0,6430.0,674432.0,1478.0,2066.0,570788.0,600.0,37.98492369920941,118.22026107740393
2021,경기,안산시단원구,15350AC400H118,3424.0,3770.0,386975.0,896.0,1485.0,399471.0,357.0,43.37032710280374,110.10514018691589
2021,경기,안산시상록구,15350AC400H117,4435.0,5203.0,531170.0,982.0,1758.0,486471.0,407.0,39.63923337091319,117.31679819616684
2021,경기,안성시,15350AC400H135,4090.0,4732.0,474532.0,842.0,1492.0,407694.0,261.0,36.47921760391198,115.69682151589242
2021,경기,안양시동안구,15350AC400H110,3398.0,4739.0,500056.0,1007.0,902.0,242889.0,376.0,26.545026486168332,139.46439081812832
2021,경기,안양시만안구,15350AC400H109,3706.0,4900.0,540836.0,975.0,1132.0,299500.0,342.0,30.545062061521854,132.21802482460873
2021,경기,양주시,15350AC400H139,5089.0,5346.0,567679.0,1143.0,2443.0,679700.0,430.0,48.005502063273724,105.05010807624289
2021,경기,양평군,15350AC400H144,3372.0,4260.0,443907.0,841.0,1053.0,284004.0,309.0,31.22775800711744,126.33451957295374
2021,경기,여주시,15350AC400H147,2796.0,3375.0,358736.0,601.0,889.0,240002.0,189.0,31.795422031473535,120.70815450643777
2021,경기,연천군,15350AC400H142,1494.0,1943.0,210637.0,343.0,456.0,127432.0,130.0,30.522088353413658,130.05354752342703
2021,경기,오산시,15350AC400H125,2492.0,3176.0,318533.0,669.0,777.0,208955.0,242.0,31.179775280898873,127.4478330658106
2021,경기,용인시기흥구,15350AC400H131,5503.0,6950.0,718040.0,1440.0,1767.0,480179.0,519.0,32.1097583136471,126.29474831909869
2021,경기,용인시수지구,15350AC400H132,4235.0,5501.0,558814.0,1204.0,1217.0,333903.0,430.0,28.73671782762692,129.89374262101535
2021,경기,용인시처인구,15350AC400H130,4346.0,5096.0,557305.0,1041.0,1555.0,427083.0,403.0,35.78002761159687,117.25724804417857
2021,경기,의왕시,15350AC400H128,2164.0,2821.0,298236.0,796.0,671.0,175495.0,265.0,31.00739371534196,130.3604436229205
2021,경기,의정부시,15350AC400H108,8683.0,10896.0,1194192.0,1501.0,3097.0,846568.0,563.0,35.667396061269145,125.48658297823332
2021,경기,이천시,15350AC400H134,3409.0,4260.0,467129.0,736.0,989.0,261462.0,268.0,29.011440305074803,124.96333235552947
2021,경기,파주시,15350AC400H133,7174.0,8323.0,852557.0,1533.0,2773.0,744704.0,600.0,38.6534708670198,116.01616950097575
2021,경기,평택시,15350AC400H115,7933.0,10256.0,1045324.0,1333.0,2457.0,652141.0,515.0,30.971889575192236,129.2827429723938
2021,경기,포천시,15350AC400H140,3628.0,4161.0,448144.0,773.0,1488.0,396633.0,303.0,41.01433296582139,114.69128996692393
2021,경기,하남시,15350AC400H129,3674.0,5053.0,534980.0,1186.0,957.0,256376.0,449.0,26.047904191616766,137.53402286336419
2021,경기,화성시,15350AC400H137,8506.0,10279.0,1085434.0,2077.0,2953.0,805892.0,795.0,34.716670585469075,120.84411003997178
2021,경남,거제시,15350AC400O111,3196.0,5112.0,429152.0,565.0,586.0,159257.0,144.0,18.335419274092615,159.9499374217772
2021,경남,거창군,15350AC400O121,2416.0,3650.0,368436.0,409.0,508.0,137693.0,110.0,21.026490066225165,151.07615894039733
2021,경남,고성군,15350AC400O116,2245.0,3693.0,331824.0,455.0,445.0,123045.0,111.0,19.821826280623608,164.4988864142539
2021,경남,김해시,15350AC400O109,5707.0,8719.0,879078.0,1173.0,789.0,207265.0,203.0,13.825127036972141,152.77729104608375
2021,경남,남해군,15350AC400O117,3157.0,5665.0,509655.0,498.0,476.0,123524.0,125.0,15.077605321507761,179.44250871080138
2021,경남,밀양시,15350AC400O110,3998.0,6394.0,598291.0,615.0,797.0,203191.0,148.0,19.93496748374187,159.92996498249124
2021,경남,사천시,15350AC400O108,3408.0,5137.0,527104.0,563.0,781.0,201717.0,112.0,22.916666666666664,150.73356807511738
2021,경남,산청군,15350AC400O119,2074.0,2754.0,311024.0,394.0,568.0,158756.0,82.0,27.38669238187078,132.78688524590163
2021,경남,양산시,15350AC400O112,4477.0,6618.0,694814.0,1000.0,758.0,211159.0,166.0,16.930980567344204,147.8222023676569
2021,경남,의령군,15350AC400O113,1387.0,2331.0,210897.0,357.0,283.0,75405.0,102.0,20.40374909877433,168.06056236481615
2021,경남,진주시,15350AC400O106,7621.0,11440.0,1233803.0,872.0,1580.0,412968.0,192.0,20.732187376984648,150.11153391943316
2021,경남,창녕군,15350AC400O115,2615.0,4051.0,415564.0,529.0,372.0,96684.0,141.0,14.225621414913958,154.91395793499044
2021,경남,창원시 마산합포구,15350AC400O103,3344.0,4924.0,549848.0,599.0,538.0,152338.0,94.0,16.088516746411482,147.2488038277512
2021,경남,창원시 마산회원구,15350AC400O104,2815.0,4293.0,471486.0,619.0,382.0,99103.0,106.0,13.570159857904084,152.50444049733568
2021,경남,창원시 성산구,15350AC400O102,1731.0,2482.0,272382.0,661.0,315.0,85110.0,123.0,18.19757365684575,143.38532640092433
2021,경남,창원시 의창구,15350AC400O101,2800.0,4018.0,431882.0,721.0,591.0,161209.0,114.0,21.107142857142858,143.5
2021,경남,창원시 진해구,15350AC400O105,2885.0,4073.0,461129.0,583.0,535.0,145165.0,99.0,18.544194107452338,141.17850953206238
2021,경남,통영시,15350AC400O107,2376.0,3127.0,333123.0,364.0,547.0,145258.0,87.0,23.021885521885523,131.6077441077441
2021,경남,하동군,15350AC400O118,3061.0,5364.0,481338.0,529.0,564.0,154383.0,137.0,18.425351192420777,175.23685070238483
2021,경남,함안군,15350AC400O114,2381.0,3840.0,401176.0,462.0,429.0,112982.0,78.0,18.017639647207055,161.2767744645107
2021,경남,함양군,15350AC400O120,2107.0,3270.0,309001.0,390.0,570.0,152827.0,114.0,27.05268153773137,155.1969625059326
2021,경남,합천군,15350AC400O122,1947.0,2519.0,239589.0,535.0,608.0,163375.0,135.0,31.22752953261428,129.3785310734463
2021,경북,경산시,15350AC400N111,5357.0,7358.0,794622.0,1024.0,1430.0,371188.0,225.0,26.69404517453799,137.35299607989546
2021,경북,경주시,15350AC400N103,7245.0,12003.0,1194930.0,1045.0,1033.0,281648.0,237.0,14.258109040717738,165.6728778467909
2021,경북,고령군,15350AC400N118,1149.0,1565.0,152410.0,353.0,311.0,85106.0,110.0,27.067014795474325,136.20539599651872
2021,경북,구미시,15350AC400N106,4842.0,6245.0,688916.0,729.0,1551.0,423211.0,237.0,32.032218091697644,128.97562990499793
2021,경북,군위군,15350AC400N112,1276.0,1935.0,175706.0,298.0,339.0,95459.0,146.0,26.56739811912226,151.64576802507835
2021,경북,김천시,15350AC400N104,3949.0,5076.0,518292.0,608.0,1231.0,334116.0,239.0,31.172448721195238,128.53887060015194
2021,경북,문경시,15350AC400N110,3249.0,4429.0,489978.0,485.0,887.0,239332.0,204.0,27.300707910126192,136.3188673437981
2021,경북,봉화군,15350AC400N122,1107.0,1143.0,116675.0,280.0,441.0,117863.0,86.0,39.83739837398374,103.2520325203252
2021,경북,상주시,15350AC400N109,4566.0,6084.0,677143.0,733.0,1141.0,308967.0,277.0,24.98904949627683,133.24572930354796
2021,경북,성주군,15350AC400N119,1554.0,2205.0,225219.0,384.0,346.0,91578.0,104.0,22.265122265122265,141.89189189189187
2021,경북,안동시,15350AC400N105,4847.0,6962.0,710794.0,655.0,1093.0,276960.0,232.0,22.55003094697751,143.63523829172684
2021,경북,영덕군,15350AC400N116,1931.0,2971.0,314294.0,370.0,357.0,91744.0,110.0,18.487830139823924,153.8581046090109
2021,경북,영양군,15350AC400N115,703.0,664.0,82208.0,175.0,263.0,68187.0,55.0,37.41109530583215,94.45234708392604
2021,경북,영주시,15350AC400N107,2796.0,3408.0,359651.0,432.0,930.0,255558.0,141.0,33.261802575107296,121.88841201716738
2021,경북,영천시,15350AC400N108,4053.0,6690.0,670551.0,725.0,790.0,194237.0,201.0,19.491734517641255,165.06291635825315
2021,경북,예천군,15350AC400N121,2129.0,2943.0,312315.0,496.0,455.0,127619.0,169.0,21.37153593236261,138.23391263503993
2021,경북,울릉군,15350AC400N124,83.0,56.0,4760.0,47.0,46.0,12354.0,17.0,55.42168674698795,67.46987951807229
2021,경북,울진군,15350AC400N123,2182.0,3261.0,329990.0,349.0,427.0,109764.0,137.0,19.569202566452795,149.4500458295142
2021,경북,의성군,15350AC400N113,2988.0,4393.0,402668.0,622.0,748.0,200811.0,213.0,25.0334672021419,147.02141900937082
2021,경북,청도군,15350AC400N117,2393.0,3401.0,371225.0,471.0,549.0,146004.0,130.0,22.94191391558713,142.1228583368157
2021,경북,청송군,15350AC400N114,1072.0,1195.0,127212.0,232.0,396.0,110209.0,82.0,36.940298507462686,111.47388059701493
2021,경북,칠곡군,15350AC400N120,2112.0,2718.0,290708.0,548.0,667.0,173785.0,155.0,31.58143939393939,128.6931818181818
2021,경북,포항시남구,15350AC400N101,3686.0,5479.0,577428.0,591.0,765.0,200145.0,113.0,20.754205100379817,148.64351600651113
2021,경북,포항시북구,15350AC400N102,4753.0,7275.0,755065.0,728.0,721.0,206933.0,144.0,15.169366715758468,153.0612244897959
2021,광주,광산구,15350AC400E105,4903.0,8513.0,837000.0,1172.0,868.0,232562.0,225.0,17.70344686926372,173.6283907811544
2021,광주,남구,15350AC400E103,4101.0,6982.0,687545.0,1016.0,650.0,172347.0,202.0,15.849792733479639,170.25115825408437
2021,광주,동구,15350AC400E101,2375.0,3953.0,401016.0,772.0,364.0,95799.0,117.0,15.326315789473686,166.4421052631579
2021,광주,북구,15350AC400E104,7123.0,12361.0,1223362.0,1309.0,1167.0,298961.0,240.0,16.383546258598905,173.53643127895552
2021,광주,서구,15350AC400E102,4644.0,7985.0,789187.0,1089.0,703.0,190441.0,185.0,15.137812230835488,171.94229112833764
2021,대구,남구,15350AC400C104,3500.0,4943.0,522447.0,951.0,808.0,219907.0,207.0,23.085714285714285,141.22857142857143
2021,대구,달서구,15350AC400C107,7900.0,11559.0,1248274.0,1324.0,1678.0,444253.0,350.0,21.240506329113924,146.31645569620252
2021,대구,달성군,15350AC400C108,3320.0,4385.0,444857.0,927.0,1026.0,267652.0,214.0,30.903614457831324,132.07831325301206
2021,대구,동구,15350AC400C102,6831.0,9889.0,1053462.0,1301.0,1549.0,417726.0,279.0,22.676035719513983,144.76650563607086
2021,대구,북구,15350AC400C105,6558.0,8997.0,942057.0,1290.0,1777.0,472405.0,326.0,27.0966758157975,137.19121683440073
2021,대구,서구,15350AC400C103,3642.0,5027.0,523503.0,921.0,952.0,261590.0,208.0,26.13948380010983,138.02855573860515
2021,대구,수성구,15350AC400C106,6456.0,9551.0,1016383.0,1370.0,1210.0,305012.0,312.0,18.742255266418837,147.93990086741016
2021,대구,중구,15350AC400C101,1521.0,2167.0,230841.0,646.0,323.0,89825.0,141.0,21.23602892833662,142.47205785667325
2021,대전,대덕구,15350AC400F105,2995.0,3990.0,409565.0,769.0,891.0,246661.0,201.0,29.74958263772955,133.2220367278798
2021,대전,동구,15350AC400F101,4344.0,5958.0,643211.0,940.0,1171.0,320232.0,219.0,26.956721915285453,137.15469613259668
2021,대전,서구,15350AC400F103,6870.0,9756.0,1069331.0,1228.0,1744.0,479267.0,313.0,25.385735080058225,142.00873362445415
2021,대전,유성구,15350AC400F104,3866.0,5343.0,583991.0,1079.0,1087.0,292177.0,267.0,28.116916709777545,138.20486290739782
2021,대전,중구,15350AC400F102,5461.0,7925.0,901816.0,988.0,1280.0,337733.0,253.0,23.43893059879143,145.1199414026735
2021,부산,강서구,15350AC400B112,1310.0,1827.0,183352.0,571.0,276.0,79084.0,91.0,21.068702290076335,139.4656488549618
2021,부산,금정구,15350AC400B111,3681.0,5539.0,579123.0,991.0,496.0,140722.0,113.0,13.474599293670197,150.47541428959522
2021,부산,기장군,15350AC400B116,3263.0,4488.0,482869.0,736.0,774.0,215062.0,104.0,23.720502604964757,137.54213913576464
2021,부산,남구,15350AC400B107,4144.0,6378.0,695360.0,969.0,358.0,93316.0,131.0,8.638996138996138,153.90926640926642
2021,부산,동구,15350AC400B103,2157.0,3259.0,363205.0,660.0,284.0,81202.0,69.0,13.166434863235976,151.08947612424663
2021,부산,동래구,15350AC400B106,3636.0,5659.0,607939.0,931.0,433.0,117289.0,127.0,11.908690869086909,155.63806380638064
2021,부산,부산진구,15350AC400B105,5783.0,8966.0,965786.0,1236.0,579.0,152314.0,157.0,10.012104444060178,155.04063634791632
2021,부산,북구,15350AC400B108,4172.0,6394.0,668041.0,979.0,570.0,160249.0,140.0,13.662511984659636,153.25982742090125
2021,부산,사상구,15350AC400B115,2982.0,4397.0,482363.0,807.0,406.0,115976.0,105.0,13.615023474178404,147.45137491616364
2021,부산,사하구,15350AC400B110,4801.0,7153.0,763256.0,942.0,637.0,177522.0,122.0,13.268069152259946,148.9897937929598
2021,부산,서구,15350AC400B102,2209.0,3293.0,349669.0,628.0,291.0,79552.0,78.0,13.173381620642823,149.07197827071073
2021,부산,수영구,15350AC400B114,2832.0,4318.0,441135.0,874.0,311.0,83006.0,118.0,10.981638418079095,152.47175141242937
2021,부산,연제구,15350AC400B113,3145.0,4881.0,534642.0,937.0,298.0,81442.0,129.0,9.475357710651828,155.1987281399046
2021,부산,영도구,15350AC400B104,2798.0,4356.0,460777.0,622.0,263.0,70195.0,63.0,9.399571122230164,155.68263045032168
2021,부산,중구,15350AC400B101,852.0,1285.0,140819.0,367.0,97.0,25484.0,43.0,11.384976525821596,150.82159624413146
2021,부산,해운대구,15350AC400B109,6096.0,9435.0,997894.0,1244.0,621.0,167805.0,178.0,10.187007874015748,154.7736220472441
2021,서울,강남구,15350AC400A123,5002.0,7014.0,719720.0,1769.0,1006.0,276004.0,594.0,20.111955217912836,140.22391043582567
2021,서울,강동구,15350AC400A125,5218.0,7384.0,746233.0,1476.0,1265.0,326705.0,613.0,24.243004982752012,141.5101571483327
2021,서울,강북구,15350AC400A109,4972.0,6888.0,748306.0,1366.0,1218.0,324060.0,496.0,24.497184231697506,138.53580048270314
2021,서울,강서구,15350AC400A116,8583.0,12796.0,1364448.0,1992.0,1781.0,471875.0,669.0,20.750320400792262,149.0854013748107
2021,서울,관악구,15350AC400A121,5989.0,8490.0,886929.0,1450.0,1309.0,347136.0,654.0,21.856737351811656,141.7598931374186
2021,서울,광진구,15350AC400A105,3820.0,5120.0,540256.0,1253.0,920.0,245443.0,455.0,24.083769633507853,134.03141361256544
2021,서울,구로구,15350AC400A117,5344.0,7462.0,791807.0,1592.0,1274.0,338127.0,611.0,23.83982035928144,139.63323353293413
2021,서울,금천구,15350AC400A118,3147.0,4280.0,449066.0,968.0,824.0,218063.0,342.0,26.183666984429614,136.00254210359074
2021,서울,노원구,15350AC400A111,7966.0,11013.0,1162924.0,1836.0,2033.0,547459.0,753.0,25.520964097414012,138.25006276675873
2021,서울,도봉구,15350AC400A110,5072.0,6510.0,696766.0,1378.0,1558.0,418653.0,510.0,30.717665615141954,128.35173501577287
2021,서울,동대문구,15350AC400A106,4723.0,6499.0,696783.0,1351.0,1065.0,269585.0,531.0,22.549227186110524,137.60321829345753
2021,서울,동작구,15350AC400A120,4503.0,6105.0,646781.0,1434.0,1012.0,270829.0,628.0,22.473906284699087,135.57628247834776
2021,서울,마포구,15350AC400A114,4214.0,5797.0,600407.0,1437.0,968.0,258501.0,546.0,22.971048884670147,137.5652586616042
2021,서울,서대문구,15350AC400A113,4286.0,5739.0,602106.0,1394.0,1094.0,286084.0,477.0,25.52496500233318,133.90107326178256
2021,서울,서초구,15350AC400A122,3768.0,4937.0,490112.0,1508.0,946.0,255192.0,568.0,25.10615711252654,131.0244161358811
2021,서울,성동구,15350AC400A104,3199.0,4101.0,419312.0,1251.0,848.0,228314.0,485.0,26.508283838699594,128.19631134729605
2021,서울,성북구,15350AC400A108,5989.0,8293.0,891794.0,1640.0,1379.0,372275.0,652.0,23.025546835865754,138.4705293037235
2021,서울,송파구,15350AC400A124,6525.0,8838.0,909116.0,1891.0,1618.0,436932.0,745.0,24.796934865900383,135.44827586206895
2021,서울,양천구,15350AC400A115,5733.0,7896.0,865733.0,1603.0,1385.0,370108.0,619.0,24.158381301238443,137.72893772893772
2021,서울,영등포구,15350AC400A119,4499.0,6231.0,651009.0,1462.0,976.0,261264.0,561.0,21.693709713269616,138.49744387641698
2021,서울,용산구,15350AC400A103,2759.0,3575.0,366974.0,1079.0,642.0,173029.0,408.0,23.26930047118521,129.57593330916998
2021,서울,은평구,15350AC400A112,6721.0,8927.0,953474.0,1620.0,1752.0,463407.0,596.0,26.067549471804792,132.8224966522839
2021,서울,종로구,15350AC400A101,2029.0,2578.0,266128.0,1006.0,552.0,145483.0,327.0,27.20551996057171,127.05766387382947
2021,서울,중구,15350AC400A102,1831.0,2445.0,264901.0,793.0,405.0,111427.0,293.0,22.119060622610593,133.53358820316768
2021,서울,중랑구,15350AC400A107,5968.0,7815.0,834971.0,1478.0,1700.0,458141.0,577.0,28.48525469168901,130.94839142091152
2021,울산,남구,15350AC400G102,3045.0,4410.0,480878.0,681.0,509.0,140975.0,136.0,16.715927750410508,144.82758620689654
2021,울산,동구,15350AC400G103,1747.0,2642.0,291758.0,409.0,213.0,59970.0,83.0,12.192329708070979,151.23068116771609
2021,울산,북구,15350AC400G104,1783.0,2565.0,269561.0,503.0,418.0,115758.0,113.0,23.443634324172745,143.85866517106
2021,울산,울주군,15350AC400G105,3574.0,5109.0,518701.0,762.0,808.0,230801.0,136.0,22.607722439843315,142.94907666480134
2021,울산,중구,15350AC400G101,2706.0,3989.0,440440.0,539.0,478.0,130074.0,105.0,17.664449371766445,147.4131559497413
2021,인천,강화군,15350AC400D109,2630.0,3017.0,298600.0,734.0,1089.0,286718.0,218.0,41.40684410646388,114.71482889733839
2021,인천,계양구,15350AC400D107,4846.0,6320.0,645884.0,1249.0,1749.0,477108.0,443.0,36.09162195625258,130.41683862979778
2021,인천,남동구,15350AC400D105,9314.0,13743.0,1373898.0,1886.0,2722.0,741765.0,631.0,29.224822847326603,147.55207214945244
2021,인천,동구,15350AC400D102,1699.0,2706.0,256887.0,676.0,424.0,113190.0,151.0,24.955856386109478,159.27015891701
2021,인천,미추홀구,15350AC400D103,7820.0,11928.0,1136936.0,1642.0,2185.0,602096.0,535.0,27.941176470588236,152.5319693094629
2021,인천,부평구,15350AC400D106,8667.0,12655.0,1295969.0,1920.0,2476.0,670665.0,657.0,28.568131994923274,146.0136148609669
2021,인천,서구,15350AC400D108,7533.0,9869.0,1000713.0,1810.0,2658.0,752586.0,651.0,35.2847471127041,131.01022169122527
2021,인천,연수구,15350AC400D104,4564.0,6645.0,662442.0,1334.0,1274.0,350677.0,438.0,27.914110429447852,145.59596844872917
2021,인천,옹진군,15350AC400D110,401.0,408.0,39473.0,230.0,190.0,54341.0,99.0,47.381546134663346,101.74563591022444
2021,인천,중구,15350AC400D101,2397.0,3274.0,314372.0,907.0,832.0,226909.0,272.0,34.71005423445974,136.58740091781394
2021,전남,강진군,15350AC400M113,1885.0,3498.0,293628.0,403.0,355.0,91553.0,158.0,18.83289124668435,185.57029177718834
2021,전남,고흥군,15350AC400M109,3622.0,5531.0,525190.0,666.0,995.0,264948.0,267.0,27.471010491441195,152.70568746548867
2021,전남,곡성군,15350AC400M107,1703.0,2844.0,244352.0,387.0,394.0,108021.0,96.0,23.135642982971227,166.99941280093952
2021,전남,광양시,15350AC400M105,2518.0,3374.0,369391.0,506.0,621.0,166199.0,158.0,24.66243050039714,133.99523431294676
2021,전남,구례군,15350AC400M108,1320.0,2174.0,202022.0,294.0,284.0,77338.0,58.0,21.515151515151516,164.6969696969697
2021,전남,나주시,15350AC400M104,3561.0,6121.0,529790.0,878.0,742.0,192668.0,190.0,20.83684358326313,171.88991856220164
2021,전남,담양군,15350AC400M106,1967.0,3380.0,295880.0,553.0,443.0,116569.0,109.0,22.521606507371633,171.83528215556686
2021,전남,목포시,15350AC400M101,3440.0,4709.0,479189.0,529.0,870.0,235130.0,157.0,25.290697674418606,136.88953488372093
2021,전남,무안군,15350AC400M116,2176.0,2990.0,290603.0,551.0,615.0,169240.0,171.0,28.262867647058826,137.40808823529412
2021,전남,보성군,15350AC400M110,1652.0,2460.0,239166.0,494.0,349.0,89480.0,156.0,21.125907990314772,148.91041162227603
2021,전남,순천시,15350AC400M103,4985.0,7199.0,742170.0,834.0,1195.0,320897.0,226.0,23.971915747241727,144.41323971915747
2021,전남,신안군,15350AC400M122,1608.0,2123.0,208049.0,483.0,433.0,115228.0,148.0,26.927860696517413,132.0273631840796
2021,전남,여수시,15350AC400M102,5595.0,7609.0,898889.0,712.0,1101.0,293122.0,192.0,19.67828418230563,135.99642537980338
2021,전남,영광군,15350AC400M118,2087.0,2904.0,274921.0,481.0,519.0,134518.0,136.0,24.86823191183517,139.14710110206036
2021,전남,영암군,15350AC400M115,2028.0,3059.0,300107.0,533.0,431.0,116734.0,135.0,21.252465483234715,150.83826429980277
2021,전남,완도군,15350AC400M120,2044.0,2743.0,245506.0,459.0,577.0,156303.0,202.0,28.228962818003918,134.19765166340508
2021,전남,장성군,15350AC400M119,1887.0,3374.0,312928.0,541.0,281.0,74874.0,96.0,14.89136195018548,178.8023317435082
2021,전남,장흥군,15350AC400M112,2123.0,3420.0,328004.0,398.0,400.0,101224.0,153.0,18.841262364578427,161.09279321714556
2021,전남,진도군,15350AC400M121,1411.0,2481.0,212554.0,284.0,275.0,72748.0,136.0,19.489723600283487,175.83274273564848
2021,전남,함평군,15350AC400M117,1863.0,2785.0,256213.0,492.0,480.0,130046.0,120.0,25.76489533011272,149.49006977992485
2021,전남,해남군,15350AC400M114,3198.0,5129.0,470132.0,572.0,757.0,197027.0,223.0,23.671044402751722,160.38148843026892
2021,전남,화순군,15350AC400M111,2258.0,3592.0,332314.0,519.0,537.0,140419.0,118.0,23.782108060230293,159.0788308237378
2021,전북,고창군,15350AC400L114,2998.0,4914.0,466843.0,637.0,506.0,138446.0,221.0,16.877918612408273,163.9092728485657
2021,전북,군산시,15350AC400L103,6521.0,10310.0,994003.0,775.0,1359.0,375688.0,176.0,20.84036190768287,158.10458518632112
2021,전북,김제시,15350AC400L107,3735.0,6425.0,527191.0,838.0,777.0,201666.0,209.0,20.803212851405622,172.02141900937082
2021,전북,남원시,15350AC400L106,3411.0,5803.0,505975.0,650.0,719.0,200347.0,160.0,21.078862503664613,170.12606273819995
2021,전북,무주군,15350AC400L110,1085.0,1594.0,146303.0,274.0,304.0,82347.0,90.0,28.018433179723502,146.91244239631337
2021,전북,부안군,15350AC400L115,2284.0,3832.0,332237.0,544.0,542.0,140899.0,159.0,23.73029772329247,167.77583187390545
2021,전북,순창군,15350AC400L113,1393.0,2266.0,200220.0,389.0,272.0,72327.0,104.0,19.526202440775307,162.6704953338119
2021,전북,완주군,15350AC400L108,2984.0,4958.0,423671.0,735.0,558.0,153238.0,151.0,18.699731903485254,166.15281501340482
2021,전북,익산시,15350AC400L104,7822.0,12644.0,1169666.0,1057.0,1834.0,501395.0,258.0,23.446688826387113,161.6466376885707
2021,전북,임실군,15350AC400L112,1624.0,2693.0,250859.0,428.0,268.0,75216.0,100.0,16.502463054187192,165.82512315270935
2021,전북,장수군,15350AC400L111,846.0,1285.0,109809.0,306.0,206.0,56111.0,93.0,24.349881796690305,151.89125295508273
2021,전북,전주시덕진구,15350AC400L102,4823.0,7988.0,730848.0,849.0,729.0,195288.0,160.0,15.115073605639642,165.62305618909392
2021,전북,전주시완산구,15350AC400L101,6185.0,10338.0,950508.0,966.0,929.0,244361.0,196.0,15.02021018593371,167.14632174616005
2021,전북,정읍시,15350AC400L105,4460.0,8216.0,740132.0,790.0,673.0,175534.0,210.0,15.08968609865471,184.2152466367713
2021,전북,진안군,15350AC400L109,1249.0,1884.0,157363.0,329.0,327.0,87597.0,104.0,26.180944755804642,150.84067253803042
2021,제주,서귀포시,15350AC400P102,3180.0,3382.0,327553.0,361.0,1441.0,407266.0,111.0,45.314465408805034,106.35220125786165
2021,제주,제주시,15350AC400P101,7147.0,8574.0,800684.0,552.0,2877.0,815465.0,160.0,40.25465230166503,119.96641947670352
2021,충남,계룡시,15350AC400K108,604.0,772.0,84706.0,268.0,239.0,62126.0,66.0,39.569536423841065,127.81456953642385
2021,충남,공주시,15350AC400K103,3653.0,4814.0,549275.0,732.0,908.0,244390.0,229.0,24.85628250752806,131.78209690665204
2021,충남,금산군,15350AC400K109,2467.0,3868.0,376471.0,550.0,607.0,153840.0,184.0,24.604783137413865,156.78962302391568
2021,충남,논산시,15350AC400K107,4234.0,6658.0,649639.0,829.0,1034.0,269502.0,215.0,24.42135096835144,157.2508266414738
2021,충남,당진시,15350AC400K118,4528.0,6209.0,663221.0,810.0,1114.0,290576.0,259.0,24.602473498233216,137.12455830388691
2021,충남,보령시,15350AC400K104,3290.0,4892.0,510227.0,605.0,721.0,184399.0,267.0,21.914893617021278,148.69300911854106
2021,충남,부여군,15350AC400K111,3010.0,4537.0,419152.0,616.0,843.0,219197.0,201.0,28.006644518272427,150.73089700996678
2021,충남,서산시,15350AC400K106,4762.0,6972.0,683186.0,773.0,1316.0,347531.0,281.0,27.635447291054177,146.40907181856363
2021,충남,서천군,15350AC400K112,2708.0,3819.0,413282.0,599.0,571.0,140964.0,174.0,21.085672082717874,141.02658788774002
2021,충남,아산시,15350AC400K105,4643.0,6346.0,635176.0,962.0,1346.0,353972.0,342.0,28.98987723454663,136.67887141934094
2021,충남,예산군,15350AC400K115,3153.0,4534.0,463301.0,685.0,858.0,215011.0,234.0,27.212178877259753,143.79955597843323
2021,충남,천안시동남구,15350AC400K101,3937.0,5119.0,503341.0,768.0,1264.0,343008.0,283.0,32.105664211328424,130.0228600457201
2021,충남,천안시서북구,15350AC400K102,3773.0,4802.0,496133.0,821.0,1209.0,318658.0,293.0,32.04346673734429,127.27272727272727
2021,충남,청양군,15350AC400K113,1434.0,1960.0,195798.0,389.0,392.0,100012.0,136.0,27.33612273361227,136.68061366806137
2021,충남,태안군,15350AC400K116,2306.0,3258.0,309381.0,494.0,643.0,168453.0,200.0,27.883781439722462,141.28360797918472
2021,충남,홍성군,15350AC400K114,3480.0,5562.0,571291.0,623.0,640.0,164509.0,196.0,18.39080459770115,159.82758620689654
2021,충북,괴산군,15350AC400J111,1708.0,2182.0,223826.0,451.0,545.0,142506.0,179.0,31.90866510538642,127.75175644028103
2021,충북,단양군,15350AC400J113,984.0,1306.0,114952.0,259.0,320.0,82056.0,107.0,32.52032520325203,132.72357723577235
2021,충북,보은군,15350AC400J106,1580.0,2109.0,215834.0,355.0,382.0,96680.0,143.0,24.17721518987342,133.48101265822785
2021,충북,영동군,15350AC400J108,2377.0,4080.0,337688.0,429.0,580.0,155493.0,155.0,24.400504838031132,171.64493058477072
2021,충북,옥천군,15350AC400J107,2173.0,3242.0,300518.0,436.0,647.0,169590.0,178.0,29.774505292222734,149.19466175793835
2021,충북,음성군,15350AC400J112,2223.0,2402.0,255788.0,497.0,853.0,241347.0,219.0,38.37156995051732,108.05218173639226
2021,충북,제천시,15350AC400J104,3221.0,4056.0,422636.0,469.0,966.0,256532.0,203.0,29.99068612232226,125.92362620304255
2021,충북,증평군,15350AC400J109,758.0,875.0,90349.0,174.0,280.0,79003.0,84.0,36.93931398416886,115.43535620052769
2021,충북,진천군,15350AC400J110,1641.0,1974.0,221403.0,418.0,523.0,138702.0,169.0,31.87081048141377,120.29250457038391
2021,충북,청주시상당구,15350AC400J101,4037.0,5083.0,566959.0,671.0,1289.0,329975.0,253.0,31.92965073074065,125.91032945256377
2021,충북,청주시서원구,15350AC400J114,3787.0,4895.0,570208.0,663.0,1089.0,297631.0,214.0,28.756271454977554,129.25798785318193
2021,충북,청주시청원구,15350AC400J115,3220.0,3851.0,449500.0,654.0,1176.0,310291.0,215.0,36.52173913043478,119.59627329192546
2021,충북,청주시흥덕구,15350AC400J102,3500.0,4336.0,502926.0,764.0,1100.0,296371.0,260.0,31.428571428571427,123.88571428571429
2021,충북,충주시,15350AC400J103,4582.0,5140.0,541031.0,642.0,1735.0,471064.0,259.0,37.86556089044086,112.17808817110433
2022,강원,강릉시,15350AC400I103,6402.0,8033.0,861588.0,631.0,2383.0,638581.0,257.0,37.222742892845986,125.47641362074351
2022,강원,고성군,15350AC400I117,811.0,1044.0,91583.0,182.0,291.0,79634.0,86.0,35.88162762022195,128.7299630086313
2022,강원,동해시,15350AC400I104,2447.0,3494.0,381566.0,333.0,588.0,151915.0,113.0,24.029423784225582,142.78708622803433
2022,강원,삼척시,15350AC400I107,2096.0,2678.0,305850.0,380.0,541.0,133261.0,131.0,25.811068702290076,127.7671755725191
2022,강원,속초시,15350AC400I106,1722.0,2219.0,232444.0,206.0,515.0,148467.0,111.0,29.907084785133563,128.86178861788616
2022,강원,양구군,15350AC400I115,550.0,515.0,52110.0,120.0,257.0,65044.0,58.0,46.72727272727273,93.63636363636364
2022,강원,양양군,15350AC400I118,1013.0,1201.0,127659.0,205.0,360.0,99197.0,98.0,35.53800592300099,118.55873642645606
2022,강원,영월군,15350AC400I110,1328.0,1650.0,157010.0,307.0,447.0,119845.0,139.0,33.65963855421687,124.24698795180721
2022,강원,원주시,15350AC400I102,7214.0,8624.0,835151.0,829.0,2890.0,794699.0,346.0,40.06099251455503,119.54532852786248
2022,강원,인제군,15350AC400I116,603.0,883.0,72766.0,196.0,176.0,44262.0,93.0,29.187396351575458,146.43449419568825
2022,강원,정선군,15350AC400I112,1045.0,1194.0,99629.0,256.0,444.0,126811.0,164.0,42.48803827751196,114.25837320574163
2022,강원,철원군,15350AC400I113,1103.0,1233.0,145908.0,223.0,364.0,98010.0,110.0,33.00090661831369,111.78603807796918
2022,강원,춘천시,15350AC400I101,7205.0,9505.0,1009041.0,778.0,2352.0,596722.0,284.0,32.64399722414989,131.92227619708535
2022,강원,태백시,15350AC400I105,975.0,1346.0,109885.0,177.0,326.0,93003.0,82.0,33.43589743589744,138.05128205128204
2022,강원,평창군,15350AC400I111,1374.0,1689.0,170671.0,322.0,477.0,118809.0,190.0,34.71615720524017,122.92576419213974
2022,강원,홍천군,15350AC400I108,2064.0,2407.0,256120.0,436.0,698.0,179113.0,190.0,33.81782945736434,116.61821705426357
2022,강원,화천군,15350AC400I114,631.0,775.0,70760.0,185.0,265.0,66211.0,87.0,41.996830427892235,122.82091917591124
2022,강원,횡성군,15350AC400I109,1634.0,1779.0,171751.0,383.0,699.0,171732.0,156.0,42.778457772337816,108.87392900856794
2022,경기,가평군,15350AC400H143,2064.0,2707.0,289310.0,451.0,620.0,168186.0,210.0,30.03875968992248,131.1531007751938
2022,경기,고양시덕양구,15350AC400H119,8176.0,10057.0,1085832.0,1879.0,2830.0,798848.0,659.0,34.61350293542074,123.00636007827788
2022,경기,고양시일산동구,15350AC400H145,5338.0,6066.0,617456.0,1364.0,2176.0,623744.0,511.0,40.76433121019109,113.6380666916448
2022,경기,고양시일산서구,15350AC400H146,4685.0,5962.0,623526.0,1219.0,1464.0,408164.0,444.0,31.24866595517609,127.25720384204908
2022,경기,과천시,15350AC400H122,930.0,1211.0,130208.0,515.0,250.0,73346.0,169.0,26.881720430107524,130.21505376344086
2022,경기,광명시,15350AC400H114,4137.0,5654.0,620003.0,1230.0,1037.0,281082.0,439.0,25.06647328982354,136.6690838772057
2022,경기,광주시,15350AC400H138,5558.0,7467.0,809964.0,1346.0,1541.0,419095.0,508.0,27.725800647715005,134.3468873695574
2022,경기,구리시,15350AC400H123,2752.0,3747.0,417219.0,863.0,740.0,191628.0,299.0,26.889534883720927,136.15552325581396
2022,경기,군포시,15350AC400H127,4152.0,5107.0,539820.0,1020.0,1484.0,407942.0,401.0,35.74181117533718,123.00096339113679
2022,경기,김포시,15350AC400H136,6571.0,8609.0,918100.0,1700.0,2108.0,594246.0,591.0,32.08035306650434,131.01506619996957
2022,경기,남양주시,15350AC400H124,12926.0,16300.0,1748874.0,2415.0,4554.0,1221872.0,875.0,35.231316725978644,126.10242921244004
2022,경기,동두천시,15350AC400H116,2590.0,3018.0,326672.0,508.0,1002.0,270663.0,175.0,38.687258687258684,116.52509652509653
2022,경기,부천시,A01,13229.0,18065.0,2006453.0,2453.0,3887.0,1060345.0,869.0,29.382417416282408,136.55605109985638
2022,경기,성남시분당구,15350AC400H107,6837.0,9370.0,974691.0,1697.0,1641.0,450904.0,602.0,24.001755155770073,137.04841304665788
2022,경기,성남시수정구,15350AC400H105,3607.0,4862.0,527186.0,1068.0,985.0,272552.0,431.0,27.30801219850291,134.79345716662044
2022,경기,성남시중원구,15350AC400H106,3489.0,4480.0,488129.0,899.0,991.0,265939.0,388.0,28.40355402694182,128.4035540269418
2022,경기,수원시권선구,15350AC400H102,4930.0,6616.0,703935.0,1327.0,1547.0,426840.0,511.0,31.379310344827587,134.19878296146044
2022,경기,수원시영통구,15350AC400H104,3191.0,4081.0,423486.0,1127.0,1021.0,276765.0,448.0,31.996239423378253,127.89094327796928
2022,경기,수원시장안구,15350AC400H101,4557.0,5713.0,623352.0,1140.0,1559.0,427807.0,421.0,34.21110379635725,125.36756638139126
2022,경기,수원시팔달구,15350AC400H103,3230.0,4220.0,461473.0,976.0,971.0,258161.0,330.0,30.061919504643964,130.6501547987616
2022,경기,시흥시,15350AC400H126,6245.0,7386.0,788929.0,1638.0,2369.0,646032.0,630.0,37.934347477982385,118.27061649319455
2022,경기,안산시단원구,15350AC400H118,3858.0,4374.0,459540.0,948.0,1654.0,457769.0,415.0,42.871954380508036,113.37480559875584
2022,경기,안산시상록구,15350AC400H117,4987.0,5940.0,621364.0,1120.0,1949.0,533260.0,455.0,39.08161219169842,119.10968518147183
2022,경기,안성시,15350AC400H135,4479.0,5364.0,543341.0,892.0,1580.0,443167.0,287.0,35.275731189997764,119.75887474882786
2022,경기,안양시동안구,15350AC400H110,3816.0,5323.0,576691.0,1165.0,969.0,267316.0,381.0,25.393081761006293,139.4916142557652
2022,경기,안양시만안구,15350AC400H109,4083.0,5415.0,599034.0,1021.0,1207.0,338870.0,387.0,29.56159686505021,132.6230712711242
2022,경기,양주시,15350AC400H139,5781.0,6074.0,649553.0,1249.0,2855.0,808456.0,493.0,49.38591939110881,105.06832727901747
2022,경기,양평군,15350AC400H144,3702.0,4736.0,494088.0,867.0,1150.0,311712.0,343.0,31.064289573203673,127.93084819016747
2022,경기,여주시,15350AC400H147,3161.0,3916.0,426346.0,667.0,964.0,255958.0,222.0,30.4966782663714,123.8848465675419
2022,경기,연천군,15350AC400H142,1646.0,2224.0,234871.0,395.0,501.0,128719.0,168.0,30.43742405832321,135.1154313487242
2022,경기,오산시,15350AC400H125,2873.0,3686.0,375800.0,739.0,936.0,246877.0,266.0,32.57918552036199,128.2979463974939
2022,경기,용인시기흥구,15350AC400H131,6250.0,7934.0,822794.0,1631.0,2017.0,579822.0,575.0,32.272,126.94399999999999
2022,경기,용인시수지구,15350AC400H132,4604.0,6072.0,623448.0,1273.0,1296.0,352632.0,455.0,28.149435273675067,131.8853171155517
2022,경기,용인시처인구,15350AC400H130,4799.0,5730.0,621811.0,1171.0,1672.0,483684.0,431.0,34.84059178995624,119.3998749739529
2022,경기,의왕시,15350AC400H128,2319.0,3025.0,326615.0,836.0,739.0,197074.0,292.0,31.867184131090987,130.4441569642087
2022,경기,의정부시,15350AC400H108,9620.0,12378.0,1359423.0,1580.0,3375.0,926468.0,607.0,35.08316008316008,128.66943866943868
2022,경기,이천시,15350AC400H134,3702.0,4805.0,531029.0,774.0,1008.0,263735.0,301.0,27.22852512155591,129.7947055645597
2022,경기,파주시,15350AC400H133,8297.0,9699.0,1025869.0,1638.0,3088.0,855538.0,635.0,37.21827166445703,116.89767385802097
2022,경기,평택시,15350AC400H115,8848.0,11751.0,1192957.0,1433.0,2670.0,727405.0,546.0,30.17631103074141,132.80967450271248
2022,경기,포천시,15350AC400H140,3993.0,4457.0,498495.0,773.0,1648.0,461490.0,328.0,41.27222639619334,111.62033558727774
2022,경기,하남시,15350AC400H129,4080.0,5695.0,622146.0,1233.0,1078.0,297724.0,495.0,26.42156862745098,139.58333333333331
2022,경기,화성시,15350AC400H137,9652.0,11762.0,1234872.0,2233.0,3448.0,967055.0,872.0,35.72316618317447,121.86075424782427
2022,경남,거제시,15350AC400O111,3609.0,5894.0,534410.0,615.0,663.0,170122.0,144.0,18.37073981712386,163.31393737877528
2022,경남,거창군,15350AC400O121,2590.0,3923.0,388511.0,449.0,564.0,142382.0,124.0,21.776061776061777,151.4671814671815
2022,경남,고성군,15350AC400O116,2534.0,4269.0,387394.0,517.0,451.0,115559.0,118.0,17.797947908445146,168.46882399368587
2022,경남,김해시,15350AC400O109,6799.0,10563.0,1111356.0,1356.0,897.0,221701.0,229.0,13.193116634799235,155.36108251213415
2022,경남,남해군,15350AC400O117,3399.0,6056.0,553377.0,584.0,472.0,128776.0,145.0,13.88643718740806,178.1700500147102
2022,경남,밀양시,15350AC400O110,4532.0,7342.0,689058.0,707.0,870.0,218318.0,169.0,19.196822594880846,162.0035304501324
2022,경남,사천시,15350AC400O108,3975.0,6137.0,605681.0,615.0,859.0,223251.0,125.0,21.61006289308176,154.38993710691824
2022,경남,산청군,15350AC400O119,2349.0,3282.0,360408.0,460.0,610.0,170880.0,92.0,25.96849723286505,139.7190293742018
2022,경남,양산시,15350AC400O112,5079.0,7745.0,812876.0,1047.0,827.0,218742.0,172.0,16.28273282142154,152.49064776530815
2022,경남,의령군,15350AC400O113,1484.0,2464.0,231070.0,387.0,286.0,79511.0,113.0,19.2722371967655,166.03773584905662
2022,경남,진주시,15350AC400O106,8672.0,13425.0,1462079.0,960.0,1670.0,456797.0,200.0,19.257380073800736,154.80857933579335
2022,경남,창녕군,15350AC400O115,2919.0,4672.0,483159.0,583.0,485.0,117578.0,142.0,16.615279205207262,160.05481329222337
2022,경남,창원시 마산합포구,15350AC400O103,3926.0,5877.0,667328.0,718.0,590.0,157970.0,117.0,15.028018339276617,149.69434538970964
2022,경남,창원시 마산회원구,15350AC400O104,3187.0,4945.0,564026.0,699.0,403.0,105736.0,105.0,12.645120803263257,155.1615939755256
2022,경남,창원시 성산구,15350AC400O102,2000.0,2929.0,328002.0,726.0,322.0,89415.0,128.0,16.1,146.45
2022,경남,창원시 의창구,15350AC400O101,3144.0,4660.0,516645.0,776.0,575.0,156962.0,116.0,18.28880407124682,148.21882951653944
2022,경남,창원시 진해구,15350AC400O105,3285.0,4842.0,564289.0,694.0,557.0,153865.0,97.0,16.955859969558603,147.3972602739726
2022,경남,통영시,15350AC400O107,2584.0,3551.0,379969.0,401.0,562.0,143222.0,109.0,21.74922600619195,137.42260061919504
2022,경남,하동군,15350AC400O118,3254.0,5674.0,517578.0,577.0,613.0,171650.0,140.0,18.838352796558084,174.3700061462815
2022,경남,함안군,15350AC400O114,2587.0,4098.0,436580.0,528.0,486.0,125107.0,102.0,18.786238886741398,158.40742172400465
2022,경남,함양군,15350AC400O120,2268.0,3515.0,338922.0,494.0,605.0,157842.0,126.0,26.675485008818345,154.98236331569666
2022,경남,합천군,15350AC400O122,2125.0,2848.0,263966.0,632.0,617.0,169479.0,150.0,29.03529411764706,134.02352941176468
2022,경북,경산시,15350AC400N111,6108.0,8627.0,936921.0,1141.0,1538.0,398336.0,249.0,25.180091683038636,141.24099541584806
2022,경북,경주시,15350AC400N103,8136.0,13735.0,1366317.0,1112.0,1131.0,301871.0,272.0,13.901179941002951,168.81760078662734
2022,경북,고령군,15350AC400N118,1206.0,1676.0,171797.0,365.0,317.0,84613.0,115.0,26.285240464344945,138.97180762852403
2022,경북,구미시,15350AC400N106,5284.0,6883.0,761800.0,806.0,1745.0,464992.0,249.0,33.02422407267222,130.26116578349735
2022,경북,군위군,15350AC400N112,1391.0,2067.0,201426.0,357.0,370.0,99906.0,162.0,26.599568655643424,148.5981308411215
2022,경북,김천시,15350AC400N104,4478.0,5908.0,605308.0,739.0,1344.0,342077.0,225.0,30.01339883876731,131.93389906208128
2022,경북,문경시,15350AC400N110,3628.0,5040.0,536927.0,567.0,989.0,249786.0,219.0,27.260198456449835,138.91951488423373
2022,경북,봉화군,15350AC400N122,1179.0,1247.0,129087.0,317.0,445.0,124416.0,89.0,37.74385072094996,105.76759966072945
2022,경북,상주시,15350AC400N109,5020.0,6823.0,740865.0,815.0,1260.0,348366.0,312.0,25.099601593625497,135.91633466135457
2022,경북,성주군,15350AC400N119,1743.0,2433.0,258992.0,415.0,389.0,99772.0,117.0,22.31784279977051,139.58691910499138
2022,경북,안동시,15350AC400N105,5247.0,7599.0,800496.0,764.0,1143.0,299146.0,244.0,21.783876500857634,144.8256146369354
2022,경북,영덕군,15350AC400N116,2142.0,3271.0,343405.0,441.0,371.0,97097.0,119.0,17.320261437908496,152.70774976657327
2022,경북,영양군,15350AC400N115,767.0,749.0,93928.0,180.0,278.0,65950.0,76.0,36.245110821382006,97.65319426336376
2022,경북,영주시,15350AC400N107,3002.0,3678.0,383777.0,499.0,987.0,257291.0,158.0,32.87808127914724,122.51832111925383
2022,경북,영천시,15350AC400N108,4358.0,7147.0,728800.0,794.0,856.0,220420.0,222.0,19.64203763194126,163.99724644332264
2022,경북,예천군,15350AC400N121,2380.0,3366.0,365844.0,601.0,525.0,139040.0,197.0,22.058823529411764,141.42857142857144
2022,경북,울릉군,15350AC400N124,103.0,82.0,6474.0,75.0,48.0,11390.0,17.0,46.601941747572816,79.6116504854369
2022,경북,울진군,15350AC400N123,2304.0,3495.0,354103.0,466.0,458.0,120510.0,146.0,19.87847222222222,151.69270833333331
2022,경북,의성군,15350AC400N113,3350.0,4902.0,456998.0,728.0,792.0,208282.0,231.0,23.64179104477612,146.32835820895522
2022,경북,청도군,15350AC400N117,2632.0,3834.0,415767.0,562.0,586.0,149034.0,144.0,22.264437689969604,145.66869300911853
2022,경북,청송군,15350AC400N114,1161.0,1355.0,139329.0,311.0,421.0,113766.0,92.0,36.261843238587424,116.70973298880276
2022,경북,칠곡군,15350AC400N120,2366.0,3063.0,334614.0,534.0,730.0,194449.0,169.0,30.853761622992394,129.4590025359256
2022,경북,포항시남구,15350AC400N101,4258.0,6459.0,689804.0,680.0,821.0,214627.0,120.0,19.281352747768906,151.690934711132
2022,경북,포항시북구,15350AC400N102,5336.0,8256.0,873094.0,778.0,793.0,217088.0,164.0,14.861319340329834,154.72263868065968
2022,광주,광산구,15350AC400E105,5334.0,9317.0,912591.0,1279.0,918.0,233344.0,234.0,17.2103487064117,174.6719160104987
2022,광주,남구,15350AC400E103,4558.0,7790.0,781781.0,1093.0,698.0,179937.0,219.0,15.313734093900832,170.90829311101362
2022,광주,동구,15350AC400E101,2586.0,4313.0,432966.0,878.0,395.0,100477.0,140.0,15.274555297757153,166.78267594740913
2022,광주,북구,15350AC400E104,7852.0,13736.0,1384227.0,1468.0,1185.0,298737.0,267.0,15.091696383087111,174.93632195618952
2022,광주,서구,15350AC400E102,5153.0,8907.0,897414.0,1197.0,732.0,192446.0,214.0,14.205317290898506,172.85076654376093
2022,대구,남구,15350AC400C104,3837.0,5576.0,593830.0,1021.0,850.0,235619.0,219.0,22.15272348188689,145.321866041178
2022,대구,달서구,15350AC400C107,8725.0,12855.0,1415063.0,1481.0,1834.0,505341.0,363.0,21.02005730659026,147.3352435530086
2022,대구,달성군,15350AC400C108,3777.0,5039.0,522207.0,1032.0,1126.0,312126.0,243.0,29.81202012178978,133.41276145088693
2022,대구,동구,15350AC400C102,7636.0,11177.0,1197587.0,1454.0,1637.0,460788.0,300.0,21.437925615505502,146.372446306967
2022,대구,북구,15350AC400C105,7246.0,10172.0,1085425.0,1366.0,1845.0,509267.0,348.0,25.462324040850127,140.38089980678996
2022,대구,서구,15350AC400C103,4056.0,5600.0,600605.0,1022.0,1029.0,293739.0,216.0,25.3698224852071,138.0670611439842
2022,대구,수성구,15350AC400C106,7214.0,10737.0,1145581.0,1491.0,1326.0,344042.0,342.0,18.380925977266426,148.83559744940393
2022,대구,중구,15350AC400C101,1625.0,2383.0,253479.0,735.0,338.0,87111.0,157.0,20.8,146.64615384615385
2022,대전,대덕구,15350AC400F105,3349.0,4513.0,469270.0,749.0,979.0,273462.0,222.0,29.232606748283068,134.75664377426097
2022,대전,동구,15350AC400F101,4931.0,6955.0,743063.0,973.0,1267.0,332783.0,247.0,25.69458527682012,141.04644088420198
2022,대전,서구,15350AC400F103,7620.0,10913.0,1189400.0,1309.0,1925.0,521325.0,349.0,25.26246719160105,143.21522309711284
2022,대전,유성구,15350AC400F104,4115.0,5821.0,635060.0,1124.0,1147.0,304411.0,282.0,27.87363304981774,141.45808019441068
2022,대전,중구,15350AC400F102,5861.0,8452.0,945728.0,1043.0,1392.0,372167.0,277.0,23.750213274185292,144.20747312745266
2022,부산,강서구,15350AC400B112,1461.0,2117.0,220389.0,635.0,293.0,77557.0,106.0,20.05475701574264,144.90075290896647
2022,부산,금정구,15350AC400B111,4171.0,6417.0,687702.0,1102.0,545.0,150312.0,147.0,13.066410932630065,153.84799808199472
2022,부산,기장군,15350AC400B116,3751.0,5345.0,588304.0,835.0,814.0,222929.0,106.0,21.700879765395893,142.49533457744602
2022,부산,남구,15350AC400B107,4670.0,7272.0,795862.0,1044.0,391.0,104898.0,163.0,8.372591006423983,155.7173447537473
2022,부산,동구,15350AC400B103,2421.0,3717.0,414873.0,752.0,286.0,82544.0,86.0,11.81330028913672,153.53159851301115
2022,부산,동래구,15350AC400B106,4347.0,6894.0,730357.0,1127.0,511.0,133706.0,126.0,11.755233494363928,158.59213250517598
2022,부산,부산진구,15350AC400B105,6444.0,10132.0,1107237.0,1388.0,633.0,155801.0,186.0,9.823091247672252,157.23153320918684
2022,부산,북구,15350AC400B108,4738.0,7401.0,782063.0,1157.0,612.0,161035.0,131.0,12.916842549598986,156.20514985225833
2022,부산,사상구,15350AC400B115,3432.0,5199.0,560473.0,949.0,439.0,120420.0,122.0,12.791375291375292,151.48601398601397
2022,부산,사하구,15350AC400B110,5447.0,8223.0,890640.0,1096.0,683.0,183658.0,129.0,12.539012300348814,150.96383330273545
2022,부산,서구,15350AC400B102,2533.0,3795.0,408654.0,730.0,303.0,84714.0,83.0,11.962100276352151,149.8223450454007
2022,부산,수영구,15350AC400B114,3249.0,5064.0,531493.0,996.0,321.0,82073.0,131.0,9.879963065558634,155.8633425669437
2022,부산,연제구,15350AC400B113,3689.0,5793.0,633094.0,1069.0,342.0,86380.0,123.0,9.270805096232042,157.03442667389535
2022,부산,영도구,15350AC400B104,3026.0,4747.0,507985.0,712.0,281.0,74794.0,94.0,9.286186384666225,156.87376074025116
2022,부산,중구,15350AC400B101,919.0,1364.0,153621.0,411.0,113.0,29950.0,61.0,12.295973884657236,148.42219804134928
2022,부산,해운대구,15350AC400B109,6941.0,10924.0,1160780.0,1384.0,685.0,178423.0,196.0,9.868894971906066,157.38366229649907
2022,서울,강남구,15350AC400A123,5658.0,7932.0,826922.0,1847.0,1100.0,298790.0,653.0,19.441498762813715,140.19088016967126
2022,서울,강동구,15350AC400A125,5875.0,8386.0,859682.0,1605.0,1333.0,343984.0,629.0,22.68936170212766,142.7404255319149
2022,서울,강북구,15350AC400A109,5450.0,7565.0,834820.0,1486.0,1320.0,337050.0,528.0,24.220183486238533,138.8073394495413
2022,서울,강서구,15350AC400A116,9599.0,14231.0,1533933.0,2105.0,1986.0,520652.0,786.0,20.689655172413794,148.2550265652672
2022,서울,관악구,15350AC400A121,6633.0,9500.0,1006241.0,1617.0,1447.0,383429.0,701.0,21.815166591285994,143.22327755163576
2022,서울,광진구,15350AC400A105,4217.0,5725.0,611835.0,1334.0,1028.0,283496.0,485.0,24.377519563670855,135.76001897083233
2022,서울,구로구,15350AC400A117,5998.0,8434.0,907324.0,1704.0,1344.0,351679.0,630.0,22.407469156385464,140.61353784594866
2022,서울,금천구,15350AC400A118,3515.0,4817.0,523314.0,1016.0,882.0,237851.0,367.0,25.092460881934564,137.04125177809388
2022,서울,노원구,15350AC400A111,8746.0,12221.0,1314699.0,1953.0,2105.0,572821.0,795.0,24.068145437914477,139.73244911959753
2022,서울,도봉구,15350AC400A110,5639.0,7527.0,799435.0,1461.0,1667.0,438829.0,523.0,29.561979074303956,133.481113672637
2022,서울,동대문구,15350AC400A106,5195.0,7330.0,799790.0,1534.0,1134.0,290692.0,571.0,21.828681424446582,141.09720885466794
2022,서울,동작구,15350AC400A120,4973.0,6763.0,735193.0,1561.0,1106.0,296781.0,653.0,22.240096521214557,135.9943695958174
2022,서울,마포구,15350AC400A114,4688.0,6543.0,677159.0,1549.0,1087.0,294027.0,579.0,23.186860068259385,139.56911262798636
2022,서울,서대문구,15350AC400A113,4858.0,6698.0,696666.0,1501.0,1151.0,297438.0,538.0,23.69287772745986,137.87566899958833
2022,서울,서초구,15350AC400A122,4183.0,5513.0,554890.0,1598.0,964.0,279104.0,570.0,23.045661008845325,131.7953621802534
2022,서울,성동구,15350AC400A104,3520.0,4673.0,478711.0,1341.0,887.0,248158.0,542.0,25.19886363636364,132.7556818181818
2022,서울,성북구,15350AC400A108,6689.0,9256.0,1033593.0,1776.0,1550.0,417350.0,714.0,23.172372551950964,138.3764389295859
2022,서울,송파구,15350AC400A124,7385.0,10112.0,1033554.0,2028.0,1828.0,492277.0,829.0,24.752877454299256,136.92620176032497
2022,서울,양천구,15350AC400A115,6320.0,8729.0,972494.0,1727.0,1456.0,380311.0,640.0,23.037974683544306,138.11708860759492
2022,서울,영등포구,15350AC400A119,5041.0,6942.0,760957.0,1580.0,1044.0,279709.0,606.0,20.710176552271374,137.71077167228725
2022,서울,용산구,15350AC400A103,3017.0,3981.0,413229.0,1146.0,686.0,184871.0,419.0,22.73781902552204,131.95227046735167
2022,서울,은평구,15350AC400A112,7568.0,10210.0,1092008.0,1799.0,1890.0,502632.0,647.0,24.973572938689216,134.91014799154334
2022,서울,종로구,15350AC400A101,2183.0,2764.0,296461.0,1024.0,591.0,156998.0,364.0,27.072835547411817,126.61475034356391
2022,서울,중구,15350AC400A102,2087.0,2868.0,306178.0,855.0,447.0,125270.0,333.0,21.418303785337805,137.42213703881168
2022,서울,중랑구,15350AC400A107,6806.0,9205.0,972910.0,1648.0,1852.0,518211.0,630.0,27.21128416103438,135.24831031442847
2022,울산,남구,15350AC400G102,3488.0,5167.0,570566.0,717.0,556.0,145841.0,140.0,15.940366972477063,148.13646788990826
2022,울산,동구,15350AC400G103,1920.0,3027.0,339486.0,460.0,236.0,62460.0,83.0,12.291666666666666,157.65625
2022,울산,북구,15350AC400G104,2000.0,2957.0,304983.0,604.0,446.0,130697.0,129.0,22.3,147.85
2022,울산,울주군,15350AC400G105,4092.0,5896.0,617752.0,840.0,906.0,239936.0,157.0,22.14076246334311,144.08602150537635
2022,울산,중구,15350AC400G101,3035.0,4511.0,499222.0,598.0,513.0,130958.0,116.0,16.902800658978585,148.63261943986822
2022,인천,강화군,15350AC400D109,2854.0,3291.0,329305.0,778.0,1169.0,308779.0,241.0,40.960056061667835,115.31184302733007
2022,인천,계양구,15350AC400D107,5435.0,7019.0,725311.0,1441.0,1962.0,556465.0,455.0,36.09935602575897,129.14443422263108
2022,인천,남동구,15350AC400D105,10275.0,14901.0,1533177.0,2067.0,3174.0,846362.0,661.0,30.89051094890511,145.02189781021897
2022,인천,동구,15350AC400D102,1808.0,2838.0,272523.0,705.0,459.0,126008.0,175.0,25.38716814159292,156.9690265486726
2022,인천,미추홀구,15350AC400D103,8648.0,13252.0,1273330.0,1723.0,2460.0,680299.0,564.0,28.445883441258097,153.2377428307123
2022,인천,부평구,15350AC400D106,9589.0,13985.0,1476129.0,2120.0,2788.0,743197.0,712.0,29.074981749921786,145.84419647512775
2022,인천,서구,15350AC400D108,8596.0,11160.0,1171758.0,2001.0,3068.0,862835.0,705.0,35.691019078641226,129.8278268962308
2022,인천,연수구,15350AC400D104,4972.0,7276.0,756522.0,1378.0,1464.0,386051.0,481.0,29.444891391794048,146.33950120675786
2022,인천,옹진군,15350AC400D110,464.0,483.0,47047.0,260.0,214.0,59499.0,122.0,46.12068965517241,104.09482758620689
2022,인천,중구,15350AC400D101,2658.0,3540.0,362631.0,998.0,946.0,262241.0,296.0,35.59066967644846,133.18284424379232
2022,전남,강진군,15350AC400M113,2043.0,3877.0,324229.0,458.0,391.0,105975.0,165.0,19.138521781693587,189.76994615761134
2022,전남,고흥군,15350AC400M109,3889.0,5956.0,589206.0,775.0,1035.0,277237.0,300.0,26.613525327847775,153.14991000257137
2022,전남,곡성군,15350AC400M107,1789.0,3010.0,256426.0,404.0,422.0,112780.0,109.0,23.58859698155394,168.25041922861934
2022,전남,광양시,15350AC400M105,2919.0,4122.0,429574.0,569.0,692.0,175296.0,167.0,23.706748886605002,141.21274409044193
2022,전남,구례군,15350AC400M108,1477.0,2407.0,227837.0,308.0,324.0,85224.0,63.0,21.936357481381176,162.96547054840892
2022,전남,나주시,15350AC400M104,3938.0,6900.0,606596.0,938.0,812.0,214231.0,205.0,20.619603859827322,175.21584560690707
2022,전남,담양군,15350AC400M106,2153.0,3734.0,336940.0,616.0,456.0,123381.0,101.0,21.179749187180676,173.43241987923827
2022,전남,목포시,15350AC400M101,3956.0,5548.0,577777.0,617.0,945.0,252248.0,165.0,23.88776541961577,140.24266936299293
2022,전남,무안군,15350AC400M116,2485.0,3542.0,342197.0,583.0,685.0,182185.0,202.0,27.565392354124747,142.53521126760563
2022,전남,보성군,15350AC400M110,1851.0,2782.0,277522.0,573.0,340.0,91130.0,156.0,18.36844948676391,150.2971366828741
2022,전남,순천시,15350AC400M103,5700.0,8484.0,872922.0,938.0,1257.0,333356.0,229.0,22.05263157894737,148.8421052631579
2022,전남,신안군,15350AC400M122,1805.0,2592.0,240802.0,517.0,462.0,122976.0,167.0,25.595567867036014,143.601108033241
2022,전남,여수시,15350AC400M102,6095.0,8450.0,985011.0,766.0,1177.0,308718.0,215.0,19.310910582444627,138.63822805578343
2022,전남,영광군,15350AC400M118,2332.0,3433.0,322726.0,543.0,549.0,136188.0,155.0,23.542024013722127,147.21269296740996
2022,전남,영암군,15350AC400M115,2222.0,3549.0,346541.0,594.0,474.0,119132.0,177.0,21.332133213321335,159.7209720972097
2022,전남,완도군,15350AC400M120,2288.0,3260.0,289874.0,493.0,606.0,167262.0,222.0,26.486013986013983,142.48251748251747
2022,전남,장성군,15350AC400M119,2126.0,3822.0,340750.0,625.0,317.0,78873.0,123.0,14.91063029162747,179.77422389463783
2022,전남,장흥군,15350AC400M112,2301.0,3771.0,356522.0,451.0,417.0,108661.0,159.0,18.122555410691003,163.8852672750978
2022,전남,진도군,15350AC400M121,1532.0,2716.0,238161.0,335.0,301.0,80963.0,156.0,19.647519582245433,177.28459530026112
2022,전남,함평군,15350AC400M117,2049.0,3236.0,291112.0,533.0,503.0,135047.0,130.0,24.54856027330405,157.93069790141533
2022,전남,해남군,15350AC400M114,3379.0,5603.0,509749.0,693.0,782.0,200503.0,246.0,23.142941698727434,165.818289434744
2022,전남,화순군,15350AC400M111,2458.0,3899.0,370391.0,584.0,618.0,159133.0,130.0,25.142392188771357,158.62489829129373
2022,전북,고창군,15350AC400L114,3290.0,5678.0,523077.0,751.0,561.0,142334.0,257.0,17.051671732522795,172.5835866261398
2022,전북,군산시,15350AC400L103,7133.0,11426.0,1146868.0,934.0,1444.0,385123.0,184.0,20.243936632552924,160.18505537641946
2022,전북,김제시,15350AC400L107,4091.0,7086.0,598800.0,923.0,860.0,217722.0,220.0,21.021755072109507,173.2094842336837
2022,전북,남원시,15350AC400L106,3729.0,6406.0,566272.0,797.0,786.0,216920.0,201.0,21.078037007240546,171.78868329310808
2022,전북,무주군,15350AC400L110,1158.0,1762.0,162689.0,308.0,322.0,85890.0,107.0,27.806563039723663,152.15889464594127
2022,전북,부안군,15350AC400L115,2555.0,4376.0,380906.0,630.0,562.0,141420.0,180.0,21.996086105675147,171.2720156555773
2022,전북,순창군,15350AC400L113,1488.0,2513.0,226482.0,454.0,287.0,77973.0,130.0,19.287634408602152,168.88440860215056
2022,전북,완주군,15350AC400L108,3281.0,5505.0,486771.0,827.0,594.0,155921.0,178.0,18.104236513258154,167.78421213044803
2022,전북,익산시,15350AC400L104,8383.0,13439.0,1314738.0,1158.0,1936.0,510669.0,308.0,23.09435762853394,160.31253727782416
2022,전북,임실군,15350AC400L112,1764.0,3038.0,272578.0,462.0,324.0,82690.0,128.0,18.367346938775512,172.22222222222223
2022,전북,장수군,15350AC400L111,919.0,1471.0,122802.0,334.0,222.0,58802.0,89.0,24.156692056583243,160.06528835690966
2022,전북,전주시덕진구,15350AC400L102,5458.0,9131.0,844112.0,951.0,851.0,215922.0,195.0,15.591791865152071,167.29571271528033
2022,전북,전주시완산구,15350AC400L101,6847.0,11652.0,1086070.0,1021.0,1073.0,266581.0,203.0,15.671096830728787,170.17671973126917
2022,전북,정읍시,15350AC400L105,4836.0,8933.0,814597.0,890.0,736.0,180337.0,235.0,15.2191894127378,184.7187758478081
2022,전북,진안군,15350AC400L109,1387.0,2192.0,185423.0,402.0,328.0,86122.0,123.0,23.648161499639507,158.03893294881038
2022,제주,서귀포시,15350AC400P102,3309.0,3768.0,358167.0,402.0,1428.0,431650.0,115.0,43.15503173164098,113.87126019945603
2022,제주,제주시,15350AC400P101,7611.0,9553.0,885632.0,589.0,2969.0,881879.0,179.0,39.00932860333727,125.51570095913809
2022,충남,계룡시,15350AC400K108,634.0,791.0,87594.0,287.0,240.0,65626.0,78.0,37.85488958990536,124.76340694006309
2022,충남,공주시,15350AC400K103,4101.0,5425.0,608015.0,801.0,1038.0,275112.0,269.0,25.31089978054133,132.28480858327237
2022,충남,금산군,15350AC400K109,2597.0,4137.0,398511.0,604.0,650.0,159685.0,180.0,25.028879476318828,159.29919137466305
2022,충남,논산시,15350AC400K107,4698.0,7330.0,726304.0,904.0,1136.0,298862.0,248.0,24.18050234142188,156.0238399318859
2022,충남,당진시,15350AC400K118,4961.0,6991.0,759863.0,940.0,1158.0,296531.0,281.0,23.342068131425115,140.91916952227373
2022,충남,보령시,15350AC400K104,3592.0,5428.0,553775.0,687.0,772.0,198000.0,315.0,21.492204899777285,151.11358574610244
2022,충남,부여군,15350AC400K111,3266.0,5148.0,460112.0,778.0,973.0,235748.0,224.0,29.791794243723206,157.624004898959
2022,충남,서산시,15350AC400K106,5311.0,7913.0,796473.0,868.0,1414.0,366335.0,293.0,26.62398794953869,148.9926567501412
2022,충남,서천군,15350AC400K112,3002.0,4293.0,461781.0,662.0,651.0,159397.0,223.0,21.68554297135243,143.00466355762825
2022,충남,아산시,15350AC400K105,5059.0,6954.0,711804.0,1037.0,1485.0,384334.0,370.0,29.353627199051196,137.4579956513145
2022,충남,예산군,15350AC400K115,3465.0,5085.0,511515.0,758.0,933.0,253004.0,263.0,26.926406926406926,146.75324675324674
2022,충남,천안시동남구,15350AC400K101,4324.0,5558.0,570753.0,806.0,1430.0,379384.0,304.0,33.07123034227567,128.53839037927847
2022,충남,천안시서북구,15350AC400K102,4297.0,5529.0,574974.0,917.0,1400.0,362703.0,319.0,32.58087037468001,128.6711659297184
2022,충남,청양군,15350AC400K113,1554.0,2197.0,226572.0,470.0,400.0,106781.0,137.0,25.74002574002574,141.37709137709138
2022,충남,태안군,15350AC400K116,2509.0,3629.0,362566.0,567.0,663.0,175795.0,220.0,26.42487046632124,144.63929852530887
2022,충남,홍성군,15350AC400K114,3828.0,6207.0,627226.0,738.0,754.0,188987.0,228.0,19.696969696969695,162.1473354231975
2022,충북,괴산군,15350AC400J111,1821.0,2353.0,241393.0,451.0,578.0,141810.0,186.0,31.74080175727622,129.21471718835804
2022,충북,단양군,15350AC400J113,1018.0,1393.0,122510.0,272.0,323.0,77767.0,112.0,31.728880157170924,136.83693516699412
2022,충북,보은군,15350AC400J106,1797.0,2533.0,268284.0,394.0,424.0,106401.0,169.0,23.594880356149137,140.9571508069004
2022,충북,영동군,15350AC400J108,2528.0,4138.0,366533.0,488.0,627.0,162654.0,181.0,24.802215189873415,163.6867088607595
2022,충북,옥천군,15350AC400J107,2373.0,3575.0,337370.0,502.0,685.0,175676.0,188.0,28.866413822166038,150.65318162663294
2022,충북,음성군,15350AC400J112,2445.0,2638.0,282690.0,513.0,982.0,272820.0,256.0,40.16359918200409,107.89366053169734
2022,충북,제천시,15350AC400J104,3647.0,4605.0,477359.0,531.0,1108.0,281858.0,240.0,30.38113517959967,126.26816561557443
2022,충북,증평군,15350AC400J109,870.0,1020.0,103845.0,210.0,323.0,81225.0,86.0,37.12643678160919,117.24137931034481
2022,충북,진천군,15350AC400J110,1818.0,2209.0,247460.0,452.0,591.0,152510.0,188.0,32.508250825082506,121.5071507150715
2022,충북,청주시상당구,15350AC400J101,4440.0,5501.0,634521.0,684.0,1399.0,362503.0,280.0,31.50900900900901,123.8963963963964
2022,충북,청주시서원구,15350AC400J114,4245.0,5520.0,638587.0,783.0,1196.0,309166.0,250.0,28.17432273262662,130.03533568904592
2022,충북,청주시청원구,15350AC400J115,3545.0,4190.0,494660.0,716.0,1280.0,338887.0,226.0,36.10719322990127,118.19464033850493
2022,충북,청주시흥덕구,15350AC400J102,3879.0,4659.0,543260.0,770.0,1270.0,334709.0,276.0,32.74039700953854,120.10827532869297
2022,충북,충주시,15350AC400J103,5104.0,5838.0,629292.0,685.0,1925.0,499462.0,304.0,37.71551724137931,114.38087774294672
2023,강원,강릉시,15350AC400I103,6662.0,8761.0,902879.0,675.0,2429.0,637918.0,275.0,36.46052236565596,131.50705493845692
2023,강원,고성군,15350AC400I117,836.0,1168.0,99390.0,197.0,273.0,71574.0,96.0,32.6555023923445,139.71291866028707
2023,강원,동해시,15350AC400I104,2485.0,3555.0,393486.0,352.0,596.0,158191.0,118.0,23.983903420523138,143.0583501006036
2023,강원,삼척시,15350AC400I107,2112.0,2623.0,307593.0,408.0,548.0,142968.0,152.0,25.946969696969695,124.19507575757575
2023,강원,속초시,15350AC400I106,1772.0,2367.0,243260.0,247.0,501.0,132954.0,115.0,28.27313769751693,133.57787810383746
2023,강원,양구군,15350AC400I115,538.0,499.0,51405.0,129.0,245.0,63614.0,55.0,45.539033457249076,92.75092936802974
2023,강원,양양군,15350AC400I118,1028.0,1272.0,128822.0,209.0,338.0,89962.0,97.0,32.87937743190661,123.73540856031128
2023,강원,영월군,15350AC400I110,1436.0,1915.0,175500.0,310.0,446.0,114660.0,143.0,31.058495821727018,133.35654596100278
2023,강원,원주시,15350AC400I102,7685.0,9305.0,932020.0,911.0,2966.0,790598.0,351.0,38.5946649316851,121.0800260247235
2023,강원,인제군,15350AC400I116,622.0,889.0,77506.0,223.0,191.0,43381.0,100.0,30.70739549839228,142.92604501607718
2023,강원,정선군,15350AC400I112,1070.0,1261.0,106928.0,248.0,447.0,122005.0,160.0,41.77570093457944,117.85046728971962
2023,강원,철원군,15350AC400I113,1176.0,1370.0,157653.0,248.0,390.0,96949.0,141.0,33.16326530612245,116.49659863945578
2023,강원,춘천시,15350AC400I101,7638.0,10358.0,1075323.0,866.0,2301.0,587985.0,294.0,30.125687352710134,135.6114166012045
2023,강원,태백시,15350AC400I105,982.0,1423.0,121749.0,192.0,316.0,85847.0,95.0,32.17922606924644,144.90835030549897
2023,강원,평창군,15350AC400I111,1368.0,1746.0,183085.0,323.0,425.0,107786.0,171.0,31.067251461988306,127.63157894736842
2023,강원,홍천군,15350AC400I108,2180.0,2567.0,279067.0,461.0,735.0,192293.0,205.0,33.715596330275226,117.75229357798165
2023,강원,화천군,15350AC400I114,643.0,830.0,77025.0,192.0,249.0,62958.0,79.0,38.72472783825817,129.0824261275272
2023,강원,횡성군,15350AC400I109,1712.0,1871.0,190216.0,360.0,724.0,186570.0,161.0,42.28971962616823,109.28738317757009
2023,경기,가평군,15350AC400H143,2257.0,3072.0,313680.0,493.0,628.0,166649.0,232.0,27.824545857332744,136.10988037217547
2023,경기,고양시덕양구,15350AC400H119,8741.0,10920.0,1150294.0,1897.0,2889.0,807634.0,613.0,33.05113831369408,124.92849788353735
2023,경기,고양시일산동구,15350AC400H145,5648.0,6561.0,680039.0,1439.0,2220.0,625383.0,511.0,39.30594900849859,116.16501416430596
2023,경기,고양시일산서구,15350AC400H146,5048.0,6614.0,694373.0,1296.0,1458.0,393778.0,468.0,28.882725832012678,131.02218700475436
2023,경기,과천시,15350AC400H122,963.0,1236.0,132509.0,525.0,259.0,69954.0,171.0,26.895119418483905,128.34890965732086
2023,경기,광명시,15350AC400H114,4233.0,5937.0,637720.0,1251.0,1028.0,273693.0,449.0,24.28537680132294,140.25513819985827
2023,경기,광주시,15350AC400H138,6210.0,8325.0,894610.0,1448.0,1703.0,436217.0,516.0,27.423510466988727,134.05797101449275
2023,경기,구리시,15350AC400H123,3004.0,4209.0,454565.0,873.0,779.0,192825.0,301.0,25.932090545938745,140.11318242343543
2023,경기,군포시,15350AC400H127,4474.0,5567.0,597426.0,1112.0,1560.0,421633.0,411.0,34.8681269557443,124.43004023245419
2023,경기,김포시,15350AC400H136,7306.0,9854.0,1006623.0,1837.0,2367.0,629505.0,591.0,32.3980290172461,134.87544483985766
2023,경기,남양주시,15350AC400H124,14308.0,18328.0,1959043.0,2541.0,4933.0,1320605.0,860.0,34.47721554375175,128.09616997483926
2023,경기,동두천시,15350AC400H116,2759.0,3289.0,365002.0,514.0,1044.0,284635.0,223.0,37.83979702790866,119.20985864443638
2023,경기,부천시,A01,14148.0,19475.0,2146091.0,2555.0,4068.0,1085483.0,900.0,28.75318066157761,137.65196494204127
2023,경기,성남시분당구,15350AC400H107,7247.0,10045.0,1072399.0,1747.0,1656.0,446383.0,602.0,22.850834828204775,138.60907961915274
2023,경기,성남시수정구,15350AC400H105,3895.0,5274.0,587095.0,1089.0,982.0,264894.0,424.0,25.21181001283697,135.4043645699615
2023,경기,성남시중원구,15350AC400H106,3709.0,4847.0,538014.0,927.0,1038.0,272199.0,393.0,27.9859800485306,130.68212456187652
2023,경기,수원시권선구,15350AC400H102,5326.0,7118.0,750837.0,1344.0,1652.0,420446.0,491.0,31.017649267743145,133.64626361246715
2023,경기,수원시영통구,15350AC400H104,3374.0,4372.0,452014.0,1170.0,1054.0,282939.0,465.0,31.238885595732068,129.57913455838766
2023,경기,수원시장안구,15350AC400H101,4851.0,6125.0,665856.0,1196.0,1616.0,443567.0,413.0,33.31271902700474,126.26262626262626
2023,경기,수원시팔달구,15350AC400H103,3536.0,4641.0,490281.0,1019.0,1091.0,290005.0,360.0,30.85407239819005,131.25
2023,경기,시흥시,15350AC400H126,6888.0,8383.0,871240.0,1755.0,2616.0,704903.0,649.0,37.97909407665505,121.70441347270615
2023,경기,안산시단원구,15350AC400H118,4230.0,4837.0,498893.0,1012.0,1818.0,496782.0,435.0,42.97872340425532,114.3498817966903
2023,경기,안산시상록구,15350AC400H117,5321.0,6492.0,679663.0,1238.0,2029.0,550611.0,478.0,38.13193008832926,122.00714151475287
2023,경기,안성시,15350AC400H135,4868.0,6017.0,597771.0,920.0,1706.0,460380.0,319.0,35.04519309778143,123.60312243221034
2023,경기,안양시동안구,15350AC400H110,3998.0,5659.0,609467.0,1211.0,1013.0,268428.0,415.0,25.337668834417208,141.54577288644322
2023,경기,안양시만안구,15350AC400H109,4351.0,5775.0,650601.0,1080.0,1270.0,353219.0,395.0,29.188692254654104,132.728108480809
2023,경기,양주시,15350AC400H139,6289.0,6759.0,717502.0,1291.0,2948.0,826102.0,492.0,46.875496899348065,107.47336619494354
2023,경기,양평군,15350AC400H144,4040.0,5180.0,556205.0,946.0,1238.0,326441.0,344.0,30.643564356435643,128.21782178217822
2023,경기,여주시,15350AC400H147,3343.0,4188.0,449938.0,651.0,1034.0,269549.0,252.0,30.930302123840864,125.27669757702662
2023,경기,연천군,15350AC400H142,1729.0,2382.0,258927.0,388.0,479.0,124315.0,163.0,27.703875072296125,137.7674956622325
2023,경기,오산시,15350AC400H125,3080.0,3916.0,404573.0,794.0,1062.0,277669.0,265.0,34.480519480519476,127.14285714285714
2023,경기,용인시기흥구,15350AC400H131,7009.0,9071.0,937368.0,1760.0,2200.0,597627.0,583.0,31.388215151947495,129.41931801968897
2023,경기,용인시수지구,15350AC400H132,5016.0,6799.0,693232.0,1369.0,1355.0,347313.0,461.0,27.013556618819777,135.54625199362042
2023,경기,용인시처인구,15350AC400H130,5047.0,6076.0,657469.0,1157.0,1780.0,470562.0,442.0,35.26847632256786,120.3883495145631
2023,경기,의왕시,15350AC400H128,2464.0,3212.0,337939.0,896.0,812.0,213258.0,296.0,32.95454545454545,130.35714285714286
2023,경기,의정부시,15350AC400H108,10344.0,13533.0,1461436.0,1646.0,3544.0,958468.0,639.0,34.261407579273005,130.82946635730858
2023,경기,이천시,15350AC400H134,4033.0,5370.0,585644.0,825.0,1033.0,260538.0,331.0,25.61368708157699,133.15150012397717
2023,경기,파주시,15350AC400H133,9135.0,11044.0,1162599.0,1802.0,3342.0,894851.0,667.0,36.58456486042693,120.8976464148878
2023,경기,평택시,15350AC400H115,9741.0,12874.0,1309044.0,1525.0,3040.0,804451.0,623.0,31.20829483625911,132.1630222769736
2023,경기,포천시,15350AC400H140,4317.0,5014.0,545311.0,886.0,1774.0,482715.0,346.0,41.09335186472087,116.14547139217049
2023,경기,하남시,15350AC400H129,4383.0,6057.0,654963.0,1256.0,1119.0,297290.0,489.0,25.530458590006845,138.1930184804928
2023,경기,화성시,15350AC400H137,10885.0,13475.0,1399278.0,2506.0,3945.0,1036971.0,943.0,36.242535599448786,123.79421221864952
2023,경남,거제시,15350AC400O111,3918.0,6390.0,601050.0,631.0,752.0,192477.0,150.0,19.19346605410924,163.09341500765697
2023,경남,거창군,15350AC400O121,2720.0,4238.0,423626.0,484.0,542.0,144761.0,127.0,19.926470588235297,155.80882352941177
2023,경남,고성군,15350AC400O116,2675.0,4701.0,426415.0,570.0,442.0,111949.0,140.0,16.52336448598131,175.73831775700936
2023,경남,김해시,15350AC400O109,7751.0,12381.0,1284444.0,1437.0,962.0,239722.0,224.0,12.41130176751387,159.73422784156884
2023,경남,남해군,15350AC400O117,3477.0,6225.0,567917.0,622.0,478.0,122093.0,172.0,13.74748346275525,179.03364969801555
2023,경남,밀양시,15350AC400O110,4886.0,7972.0,760894.0,756.0,852.0,220968.0,176.0,17.43757674989767,163.1600491199345
2023,경남,사천시,15350AC400O108,4328.0,6934.0,681013.0,702.0,857.0,213795.0,136.0,19.801293900184845,160.21256931608133
2023,경남,산청군,15350AC400O119,2522.0,3572.0,396832.0,498.0,614.0,170410.0,100.0,24.345757335448056,141.63362410785092
2023,경남,양산시,15350AC400O112,5847.0,8994.0,933229.0,1208.0,981.0,250412.0,191.0,16.777834787070294,153.82247306310927
2023,경남,의령군,15350AC400O113,1556.0,2651.0,236817.0,438.0,284.0,72844.0,114.0,18.251928020565554,170.3727506426735
2023,경남,진주시,15350AC400O106,9248.0,14523.0,1555925.0,979.0,1745.0,453781.0,218.0,18.8689446366782,157.0393598615917
2023,경남,창녕군,15350AC400O115,3097.0,5008.0,496215.0,623.0,551.0,133459.0,140.0,17.791411042944784,161.7048756861479
2023,경남,창원시 마산합포구,15350AC400O103,4420.0,6803.0,755191.0,823.0,717.0,184409.0,133.0,16.221719457013574,153.91402714932127
2023,경남,창원시 마산회원구,15350AC400O104,3718.0,5999.0,652656.0,815.0,428.0,106459.0,107.0,11.511565357719205,161.3501882732652
2023,경남,창원시 성산구,15350AC400O102,2218.0,3327.0,364508.0,752.0,354.0,88831.0,157.0,15.960324616771867,150.0
2023,경남,창원시 의창구,15350AC400O101,3492.0,5345.0,565496.0,828.0,660.0,169250.0,145.0,18.900343642611684,153.06414662084765
2023,경남,창원시 진해구,15350AC400O105,3529.0,5314.0,612525.0,703.0,559.0,144701.0,123.0,15.840181354491357,150.58090110512893
2023,경남,통영시,15350AC400O107,2747.0,4003.0,415689.0,446.0,576.0,146165.0,114.0,20.96832908627594,145.72260647979613
2023,경남,하동군,15350AC400O118,3337.0,5787.0,535589.0,588.0,636.0,168398.0,148.0,19.059035061432425,173.41923883727898
2023,경남,함안군,15350AC400O114,2775.0,4496.0,455156.0,600.0,499.0,127936.0,95.0,17.98198198198198,162.01801801801804
2023,경남,함양군,15350AC400O120,2354.0,3692.0,355564.0,532.0,619.0,165316.0,138.0,26.295666949872558,156.839422259983
2023,경남,합천군,15350AC400O122,2306.0,3263.0,298274.0,666.0,639.0,172415.0,160.0,27.710320901994795,141.50043365134434
2023,경북,경산시,15350AC400N111,6733.0,9640.0,1046696.0,1206.0,1642.0,420456.0,256.0,24.38734590821328,143.1754047230061
2023,경북,경주시,15350AC400N103,8709.0,14828.0,1473787.0,1135.0,1253.0,308512.0,282.0,14.387415317487656,170.26064990239982
2023,경북,고령군,15350AC400N118,1292.0,1763.0,187123.0,395.0,321.0,83591.0,100.0,24.845201238390093,136.45510835913313
2023,경북,구미시,15350AC400N106,5758.0,7506.0,841876.0,892.0,1805.0,478554.0,247.0,31.347690170197986,130.35776311219175
2023,경북,김천시,15350AC400N104,4828.0,6403.0,677336.0,768.0,1353.0,343912.0,241.0,28.024026512013258,132.6222038111019
2023,경북,문경시,15350AC400N110,3656.0,5174.0,565617.0,611.0,940.0,244232.0,225.0,25.711159737417944,141.52078774617067
2023,경북,봉화군,15350AC400N122,1250.0,1407.0,141676.0,355.0,474.0,122306.0,111.0,37.92,112.55999999999999
2023,경북,상주시,15350AC400N109,5277.0,7284.0,792765.0,868.0,1307.0,348210.0,335.0,24.767860526814477,138.0329732802729
2023,경북,성주군,15350AC400N119,1953.0,2728.0,294556.0,449.0,441.0,119885.0,131.0,22.58064516129032,139.68253968253967
2023,경북,안동시,15350AC400N105,5566.0,8338.0,872372.0,802.0,1144.0,287393.0,238.0,20.55335968379447,149.80237154150197
2023,경북,영덕군,15350AC400N116,2182.0,3443.0,365726.0,441.0,343.0,92131.0,108.0,15.719523373052247,157.7910174152154
2023,경북,영양군,15350AC400N115,787.0,866.0,105468.0,196.0,245.0,65164.0,78.0,31.13087674714104,110.03811944091485
2023,경북,영주시,15350AC400N107,3040.0,3679.0,379254.0,509.0,987.0,250452.0,181.0,32.4671052631579,121.01973684210525
2023,경북,영천시,15350AC400N108,4629.0,7677.0,746681.0,849.0,894.0,223042.0,240.0,19.31302657161374,165.84575502268308
2023,경북,예천군,15350AC400N121,2578.0,3690.0,396346.0,607.0,567.0,142926.0,210.0,21.993793638479442,143.1342125678821
2023,경북,울릉군,15350AC400N124,104.0,91.0,8097.0,85.0,50.0,11460.0,18.0,48.07692307692308,87.5
2023,경북,울진군,15350AC400N123,2440.0,3746.0,382792.0,502.0,494.0,126403.0,172.0,20.245901639344265,153.52459016393442
2023,경북,의성군,15350AC400N113,3539.0,5184.0,487914.0,780.0,840.0,216275.0,235.0,23.735518508053122,146.48205707827069
2023,경북,청도군,15350AC400N117,2727.0,4063.0,438963.0,582.0,589.0,158001.0,169.0,21.598826549321597,148.991565823249
2023,경북,청송군,15350AC400N114,1183.0,1375.0,151349.0,333.0,418.0,120439.0,95.0,35.33389687235841,116.22992392223162
2023,경북,칠곡군,15350AC400N120,2582.0,3444.0,375148.0,605.0,691.0,190561.0,162.0,26.76219984508133,133.38497288923315
2023,경북,포항시남구,15350AC400N101,4667.0,7131.0,752154.0,732.0,871.0,235515.0,131.0,18.662952646239557,152.79622884079708
2023,경북,포항시북구,15350AC400N102,5655.0,8800.0,943828.0,769.0,784.0,206415.0,164.0,13.863837312113175,155.61450044208664
2023,광주,광산구,15350AC400E105,5718.0,10173.0,968736.0,1295.0,943.0,236861.0,229.0,16.491780342777197,177.91185729275972
2023,광주,남구,15350AC400E103,4801.0,8383.0,844721.0,1167.0,687.0,176011.0,220.0,14.309518850239533,174.60945636325766
2023,광주,동구,15350AC400E101,2755.0,4684.0,467198.0,948.0,413.0,104233.0,160.0,14.99092558983666,170.0181488203267
2023,광주,북구,15350AC400E104,8482.0,15055.0,1497228.0,1518.0,1212.0,304442.0,275.0,14.289082763499175,177.49351568026407
2023,광주,서구,15350AC400E102,5608.0,9924.0,988836.0,1319.0,778.0,194509.0,207.0,13.873038516405137,176.9614835948645
2023,대구,군위군,15350AC400C109,1432.0,2135.0,207299.0,376.0,358.0,92776.0,153.0,25.0,149.09217877094972
2023,대구,남구,15350AC400C104,4147.0,5948.0,640337.0,1123.0,883.0,242011.0,227.0,21.29250060284543,143.42898480829516
2023,대구,달서구,15350AC400C107,9449.0,13743.0,1504780.0,1551.0,1919.0,509324.0,373.0,20.30902741030797,145.44396232405546
2023,대구,달성군,15350AC400C108,4136.0,5619.0,578826.0,1081.0,1168.0,306926.0,224.0,28.239845261121854,135.8558994197292
2023,대구,동구,15350AC400C102,8382.0,12403.0,1346976.0,1635.0,1724.0,461925.0,330.0,20.567883560009545,147.97184442853734
2023,대구,북구,15350AC400C105,7855.0,11206.0,1190561.0,1483.0,1949.0,513026.0,366.0,24.812221514958622,142.66072565245068
2023,대구,서구,15350AC400C103,4509.0,6312.0,678073.0,1100.0,1084.0,292711.0,227.0,24.04080727434021,139.98669328010644
2023,대구,수성구,15350AC400C106,7826.0,11744.0,1252039.0,1562.0,1401.0,355682.0,335.0,17.90186557628418,150.06388959877333
2023,대구,중구,15350AC400C101,1851.0,2729.0,288630.0,797.0,359.0,97268.0,162.0,19.394921663965427,147.4338195569962
2023,대전,대덕구,15350AC400F105,3691.0,5073.0,535845.0,874.0,1054.0,275983.0,228.0,28.55594689785966,137.4424275264156
2023,대전,동구,15350AC400F101,5471.0,7748.0,835455.0,983.0,1369.0,351487.0,261.0,25.02284774264303,141.61944799853774
2023,대전,서구,15350AC400F103,8165.0,11764.0,1282834.0,1359.0,2008.0,519351.0,351.0,24.592774035517454,144.0783833435395
2023,대전,유성구,15350AC400F104,4395.0,6273.0,664468.0,1198.0,1183.0,305470.0,301.0,26.916951080773604,142.73037542662118
2023,대전,중구,15350AC400F102,6229.0,9178.0,1014748.0,1047.0,1446.0,370606.0,257.0,23.213999036763525,147.34307272435382
2023,부산,강서구,15350AC400B112,1568.0,2331.0,242575.0,697.0,267.0,75154.0,95.0,17.028061224489797,148.66071428571428
2023,부산,금정구,15350AC400B111,4493.0,6931.0,745951.0,1186.0,568.0,150684.0,146.0,12.641887380369463,154.2621856220788
2023,부산,기장군,15350AC400B116,3956.0,5839.0,641733.0,895.0,826.0,219194.0,121.0,20.879676440849344,147.59858442871587
2023,부산,남구,15350AC400B107,5123.0,8216.0,880871.0,1216.0,424.0,107221.0,162.0,8.276400546554754,160.37478040210814
2023,부산,동구,15350AC400B103,2601.0,4034.0,444707.0,789.0,298.0,73727.0,96.0,11.457131872356786,155.09419454056132
2023,부산,동래구,15350AC400B106,4766.0,7622.0,810001.0,1222.0,532.0,141693.0,134.0,11.162400335711288,159.9244649601343
2023,부산,부산진구,15350AC400B105,7205.0,11450.0,1225725.0,1529.0,647.0,164417.0,191.0,8.979875086745317,158.9174184594032
2023,부산,북구,15350AC400B108,5269.0,8396.0,875554.0,1248.0,670.0,165180.0,158.0,12.715885367242361,159.34712469159234
2023,부산,사상구,15350AC400B115,3778.0,5865.0,639546.0,1022.0,428.0,120230.0,128.0,11.328745367919533,155.24086818422447
2023,부산,사하구,15350AC400B110,5917.0,9104.0,970294.0,1182.0,717.0,182347.0,142.0,12.11762717593375,153.8617542673652
2023,부산,서구,15350AC400B102,2667.0,4119.0,441248.0,846.0,319.0,83123.0,104.0,11.961004874390701,154.4431946006749
2023,부산,수영구,15350AC400B114,3588.0,5665.0,593516.0,1075.0,349.0,89314.0,134.0,9.726867335562988,157.88740245261985
2023,부산,연제구,15350AC400B113,4018.0,6315.0,708743.0,1169.0,392.0,98234.0,138.0,9.75609756097561,157.16774514683922
2023,부산,영도구,15350AC400B104,3215.0,5136.0,544039.0,773.0,271.0,72026.0,98.0,8.42923794712286,159.751166407465
2023,부산,중구,15350AC400B101,1023.0,1609.0,171481.0,461.0,115.0,26613.0,51.0,11.241446725317692,157.28250244379277
2023,부산,해운대구,15350AC400B109,7645.0,12089.0,1280372.0,1460.0,747.0,189821.0,199.0,9.771092217135383,158.1294964028777
2023,서울,강남구,15350AC400A123,6142.0,8802.0,903450.0,1976.0,1125.0,296840.0,667.0,18.316509280364702,143.30836860957342
2023,서울,강동구,15350AC400A125,6262.0,9005.0,937570.0,1649.0,1372.0,354291.0,629.0,21.909932928776747,143.80389651868413
2023,서울,강북구,15350AC400A109,5882.0,8189.0,899836.0,1546.0,1396.0,353767.0,554.0,23.733424005440327,139.22135328119685
2023,서울,강서구,15350AC400A116,10150.0,15133.0,1642453.0,2141.0,1980.0,524459.0,731.0,19.507389162561577,149.0935960591133
2023,서울,관악구,15350AC400A121,7047.0,10135.0,1101243.0,1702.0,1505.0,379182.0,719.0,21.356605647793387,143.82006527600396
2023,서울,광진구,15350AC400A105,4571.0,6239.0,674524.0,1380.0,1062.0,280086.0,516.0,23.23342813388755,136.490921023846
2023,서울,구로구,15350AC400A117,6511.0,9399.0,1003738.0,1731.0,1432.0,362337.0,674.0,21.993549377975732,144.3557057287667
2023,서울,금천구,15350AC400A118,3736.0,5184.0,575193.0,1137.0,921.0,237002.0,384.0,24.65203426124197,138.75802997858673
2023,서울,노원구,15350AC400A111,9448.0,13491.0,1457948.0,2160.0,2241.0,577554.0,822.0,23.71930567315834,142.7921253175275
2023,서울,도봉구,15350AC400A110,6091.0,8110.0,869201.0,1516.0,1724.0,449501.0,556.0,28.304055163355773,133.14726645870957
2023,서울,동대문구,15350AC400A106,5568.0,7881.0,855118.0,1555.0,1180.0,296575.0,592.0,21.192528735632184,141.54094827586206
2023,서울,동작구,15350AC400A120,5415.0,7566.0,805331.0,1647.0,1140.0,290683.0,693.0,21.052631578947366,139.7229916897507
2023,서울,마포구,15350AC400A114,4940.0,6935.0,718568.0,1557.0,1133.0,304620.0,595.0,22.93522267206478,140.3846153846154
2023,서울,서대문구,15350AC400A113,5114.0,7155.0,759679.0,1523.0,1145.0,297691.0,534.0,22.389518967540088,139.91005084082911
2023,서울,서초구,15350AC400A122,4337.0,5863.0,602652.0,1694.0,960.0,254191.0,577.0,22.13511643993544,135.18561217431403
2023,서울,성동구,15350AC400A104,3787.0,5171.0,529347.0,1354.0,904.0,240667.0,522.0,23.87113810404014,136.54607869025614
2023,서울,성북구,15350AC400A108,7301.0,10269.0,1118573.0,1817.0,1580.0,408311.0,701.0,21.64087111354609,140.65196548418024
2023,서울,송파구,15350AC400A124,8045.0,11261.0,1146575.0,2100.0,1861.0,489959.0,835.0,23.132380360472343,139.97513983840895
2023,서울,양천구,15350AC400A115,6675.0,9449.0,1056963.0,1737.0,1457.0,379346.0,638.0,21.827715355805243,141.55805243445693
2023,서울,영등포구,15350AC400A119,5403.0,7690.0,822620.0,1715.0,1083.0,281362.0,641.0,20.044419766796224,142.32833610956877
2023,서울,용산구,15350AC400A103,3137.0,4247.0,444979.0,1166.0,693.0,180981.0,448.0,22.09116990755499,135.38412496015303
2023,서울,은평구,15350AC400A112,8343.0,11426.0,1206288.0,1861.0,2031.0,500488.0,674.0,24.34376123696512,136.9531343641376
2023,서울,종로구,15350AC400A101,2251.0,2846.0,310489.0,1025.0,625.0,158232.0,366.0,27.765437583296315,126.4326965792981
2023,서울,중구,15350AC400A102,2254.0,3103.0,342707.0,890.0,478.0,129889.0,347.0,21.206743566992014,137.66637089618456
2023,서울,중랑구,15350AC400A107,7299.0,9899.0,1054912.0,1757.0,1892.0,512981.0,634.0,25.921359090286337,135.62131798876558
2023,울산,남구,15350AC400G102,3786.0,5717.0,633633.0,833.0,600.0,151016.0,139.0,15.847860538827257,151.00369783412572
2023,울산,동구,15350AC400G103,2016.0,3248.0,363353.0,529.0,254.0,67694.0,92.0,12.599206349206348,161.11111111111111
2023,울산,북구,15350AC400G104,2070.0,3032.0,315748.0,607.0,479.0,130864.0,113.0,23.14009661835749,146.4734299516908
2023,울산,울주군,15350AC400G105,4485.0,6712.0,700235.0,925.0,940.0,250379.0,149.0,20.958751393534,149.65440356744705
2023,울산,중구,15350AC400G101,3213.0,4789.0,530264.0,651.0,576.0,143320.0,118.0,17.92717086834734,149.0507314036726
2023,인천,강화군,15350AC400D109,3003.0,3529.0,350105.0,766.0,1178.0,313632.0,266.0,39.22743922743923,117.51581751581752
2023,인천,계양구,15350AC400D107,5838.0,7610.0,792485.0,1477.0,2155.0,596462.0,477.0,36.9133264816718,130.3528605686879
2023,인천,남동구,15350AC400D105,11003.0,15885.0,1604413.0,2191.0,3383.0,924061.0,720.0,30.74616013814414,144.3697173498137
2023,인천,동구,15350AC400D102,1938.0,3009.0,295531.0,732.0,489.0,130834.0,179.0,25.232198142414862,155.26315789473685
2023,인천,미추홀구,15350AC400D103,9364.0,14250.0,1370886.0,1843.0,2638.0,710206.0,583.0,28.17172148654421,152.17855617257584
2023,인천,부평구,15350AC400D106,10525.0,15412.0,1617208.0,2286.0,2967.0,793390.0,754.0,28.19002375296912,146.43230403800476
2023,인천,서구,15350AC400D108,9481.0,12412.0,1276573.0,2229.0,3371.0,926219.0,746.0,35.555321168653094,130.91446049994727
2023,인천,연수구,15350AC400D104,5263.0,7610.0,779965.0,1487.0,1582.0,424525.0,510.0,30.05890176705301,144.59433783013492
2023,인천,옹진군,15350AC400D110,489.0,541.0,51990.0,251.0,225.0,62661.0,118.0,46.012269938650306,110.63394683026584
2023,인천,중구,15350AC400D101,2910.0,3900.0,391775.0,1030.0,994.0,275338.0,328.0,34.15807560137457,134.020618556701
2023,전남,강진군,15350AC400M113,2138.0,4051.0,349569.0,480.0,426.0,103355.0,184.0,19.92516370439663,189.47614593077643
2023,전남,고흥군,15350AC400M109,4092.0,6452.0,639215.0,830.0,1040.0,280373.0,320.0,25.41544477028348,157.6735092864125
2023,전남,곡성군,15350AC400M107,1874.0,3172.0,276405.0,483.0,415.0,116764.0,113.0,22.14514407684098,169.26360725720383
2023,전남,광양시,15350AC400M105,3126.0,4550.0,476008.0,564.0,688.0,179160.0,162.0,22.00895713371721,145.5534229046705
2023,전남,구례군,15350AC400M108,1556.0,2496.0,241259.0,350.0,370.0,87985.0,66.0,23.77892030848329,160.41131105398458
2023,전남,나주시,15350AC400M104,4261.0,7638.0,667571.0,1011.0,831.0,214987.0,207.0,19.50246421027928,179.25369631541892
2023,전남,담양군,15350AC400M106,2247.0,3956.0,347566.0,678.0,447.0,115985.0,119.0,19.893190921228303,176.05696484201155
2023,전남,목포시,15350AC400M101,4632.0,6695.0,686058.0,670.0,1022.0,256769.0,164.0,22.063903281519863,144.53799654576858
2023,전남,무안군,15350AC400M116,2649.0,3846.0,366817.0,585.0,698.0,184027.0,220.0,26.34956587391468,145.18686296715742
2023,전남,보성군,15350AC400M110,2046.0,3148.0,306136.0,670.0,357.0,86097.0,191.0,17.44868035190616,153.86119257086997
2023,전남,순천시,15350AC400M103,6130.0,9359.0,970512.0,961.0,1288.0,332615.0,243.0,21.01141924959217,152.67536704730833
2023,전남,신안군,15350AC400M122,1993.0,2975.0,270858.0,596.0,491.0,124428.0,194.0,24.636226793778224,149.27245358755644
2023,전남,여수시,15350AC400M102,6552.0,9071.0,1045576.0,755.0,1299.0,327535.0,240.0,19.826007326007325,138.44627594627593
2023,전남,영광군,15350AC400M118,2508.0,3913.0,365203.0,610.0,521.0,130393.0,171.0,20.773524720893143,156.0207336523126
2023,전남,영암군,15350AC400M115,2396.0,3967.0,364118.0,651.0,481.0,122653.0,190.0,20.075125208681136,165.567612687813
2023,전남,완도군,15350AC400M120,2575.0,3994.0,337774.0,582.0,647.0,168330.0,250.0,25.12621359223301,155.10679611650485
2023,전남,장성군,15350AC400M119,2242.0,4088.0,362408.0,643.0,317.0,83420.0,133.0,14.139161462979482,182.3371989295272
2023,전남,장흥군,15350AC400M112,2335.0,3851.0,378741.0,467.0,407.0,102416.0,179.0,17.430406852248396,164.92505353319058
2023,전남,진도군,15350AC400M121,1585.0,2859.0,254682.0,387.0,299.0,77735.0,159.0,18.86435331230284,180.37854889589906
2023,전남,함평군,15350AC400M117,2099.0,3439.0,309095.0,550.0,510.0,130333.0,159.0,24.297284421152927,163.83992377322534
2023,전남,해남군,15350AC400M114,3435.0,5676.0,533461.0,765.0,786.0,197911.0,302.0,22.882096069868997,165.24017467248908
2023,전남,화순군,15350AC400M111,2523.0,4196.0,388173.0,653.0,581.0,155249.0,150.0,23.02814110186286,166.30994847403883
2023,전북,고창군,15350AC400L114,3403.0,5855.0,549151.0,785.0,586.0,147533.0,295.0,17.220099911842492,172.05406993828976
2023,전북,군산시,15350AC400L103,7286.0,11607.0,1190787.0,916.0,1460.0,384031.0,196.0,20.038429865495473,159.30551743068898
2023,전북,김제시,15350AC400L107,4317.0,7538.0,640074.0,1043.0,877.0,223679.0,228.0,20.31503358813991,174.6119990734306
2023,전북,남원시,15350AC400L106,3943.0,6858.0,605035.0,802.0,802.0,216150.0,216.0,20.339842759320316,173.92848085214303
2023,전북,무주군,15350AC400L110,1171.0,1885.0,168442.0,295.0,321.0,77071.0,104.0,27.412467976088813,160.9735269000854
2023,전북,부안군,15350AC400L115,2661.0,4562.0,415672.0,622.0,541.0,134094.0,188.0,20.330702743329574,171.43930853062759
2023,전북,순창군,15350AC400L113,1564.0,2711.0,239273.0,490.0,312.0,78503.0,150.0,19.948849104859335,173.33759590792837
2023,전북,완주군,15350AC400L108,3526.0,6092.0,530265.0,913.0,626.0,163687.0,186.0,17.75382870107771,172.77368122518436
2023,전북,익산시,15350AC400L104,8757.0,14461.0,1374371.0,1256.0,1974.0,503136.0,321.0,22.54196642685851,165.13646225876442
2023,전북,임실군,15350AC400L112,1811.0,3172.0,286163.0,459.0,331.0,84512.0,123.0,18.277194919933738,175.1518498067366
2023,전북,장수군,15350AC400L111,996.0,1649.0,140307.0,384.0,246.0,62431.0,111.0,24.69879518072289,165.56224899598394
2023,전북,전주시덕진구,15350AC400L102,5912.0,10070.0,935684.0,1033.0,886.0,229835.0,199.0,14.986468200270636,170.33152909336943
2023,전북,전주시완산구,15350AC400L101,7349.0,12706.0,1160271.0,1084.0,1157.0,292300.0,225.0,15.743638590284393,172.89427132943257
2023,전북,정읍시,15350AC400L105,5121.0,9268.0,849183.0,946.0,837.0,194464.0,292.0,16.34446397188049,180.98027728959187
2023,전북,진안군,15350AC400L109,1469.0,2328.0,199045.0,372.0,325.0,88807.0,132.0,22.123893805309734,158.47515316541865
2023,제주,서귀포시,15350AC400P102,3390.0,4012.0,375549.0,473.0,1383.0,400279.0,120.0,40.796460176991154,118.3480825958702
2023,제주,제주시,15350AC400P101,8034.0,10367.0,963389.0,664.0,2999.0,843353.0,197.0,37.32885237739607,129.0390838934528
2023,충남,계룡시,15350AC400K108,672.0,832.0,90681.0,294.0,260.0,67492.0,81.0,38.69047619047619,123.80952380952381
2023,충남,공주시,15350AC400K103,4287.0,5878.0,639204.0,785.0,1034.0,277519.0,286.0,24.119430837415443,137.11219967343132
2023,충남,금산군,15350AC400K109,2798.0,4367.0,418872.0,635.0,705.0,169704.0,207.0,25.196568977841316,156.07576840600427
2023,충남,논산시,15350AC400K107,4992.0,7802.0,770050.0,941.0,1237.0,315716.0,278.0,24.779647435897438,156.2900641025641
2023,충남,당진시,15350AC400K118,5226.0,7380.0,801489.0,961.0,1285.0,310508.0,328.0,24.588595484117874,141.21699196326063
2023,충남,보령시,15350AC400K104,3709.0,5607.0,593592.0,710.0,741.0,189110.0,300.0,19.978430843893232,151.17282286330547
2023,충남,부여군,15350AC400K111,3368.0,5281.0,469766.0,747.0,939.0,238950.0,251.0,27.880047505938244,156.79928741092638
2023,충남,서산시,15350AC400K106,5759.0,8628.0,875435.0,909.0,1512.0,379858.0,327.0,26.254558083000525,149.81767667997917
2023,충남,서천군,15350AC400K112,3157.0,4554.0,491893.0,698.0,690.0,166584.0,235.0,21.856192587899905,144.25087108013938
2023,충남,아산시,15350AC400K105,5483.0,7608.0,749903.0,1109.0,1575.0,405483.0,400.0,28.725150465073863,138.75615538938538
2023,충남,예산군,15350AC400K115,3618.0,5340.0,529438.0,812.0,991.0,245419.0,287.0,27.390823659480372,147.59535655058042
2023,충남,천안시동남구,15350AC400K101,4692.0,6106.0,614386.0,842.0,1554.0,414849.0,324.0,33.12020460358056,130.13640238704178
2023,충남,천안시서북구,15350AC400K102,4598.0,5864.0,604901.0,927.0,1537.0,393465.0,351.0,33.42757720748151,127.53371030882991
2023,충남,청양군,15350AC400K113,1608.0,2336.0,237007.0,479.0,420.0,106219.0,164.0,26.119402985074625,145.273631840796
2023,충남,태안군,15350AC400K116,2614.0,3902.0,378910.0,620.0,687.0,180544.0,260.0,26.281560826319815,149.27314460596784
2023,충남,홍성군,15350AC400K114,4057.0,6422.0,644928.0,736.0,819.0,206948.0,248.0,20.18733053980774,158.29430613754005
2023,충북,괴산군,15350AC400J111,1835.0,2468.0,250549.0,449.0,570.0,142850.0,198.0,31.062670299727518,134.4959128065395
2023,충북,단양군,15350AC400J113,1016.0,1401.0,126198.0,274.0,324.0,81369.0,128.0,31.88976377952756,137.89370078740157
2023,충북,보은군,15350AC400J106,1892.0,2711.0,288475.0,407.0,424.0,108906.0,175.0,22.41014799154334,143.2875264270613
2023,충북,영동군,15350AC400J108,2626.0,4254.0,366779.0,483.0,709.0,171013.0,192.0,26.999238385377,161.995430312262
2023,충북,옥천군,15350AC400J107,2492.0,3820.0,359334.0,510.0,669.0,175495.0,176.0,26.845906902086675,153.29052969502408
2023,충북,음성군,15350AC400J112,2589.0,2875.0,310235.0,581.0,1013.0,267022.0,269.0,39.12707609115489,111.04673619157977
2023,충북,제천시,15350AC400J104,3954.0,5164.0,535563.0,561.0,1197.0,313178.0,252.0,30.273141122913504,130.60192210419828
2023,충북,증평군,15350AC400J109,984.0,1165.0,118266.0,234.0,348.0,90828.0,91.0,35.36585365853659,118.39430894308943
2023,충북,진천군,15350AC400J110,1894.0,2285.0,259072.0,424.0,637.0,160551.0,192.0,33.6325237592397,120.6441393875396
2023,충북,청주시상당구,15350AC400J101,4751.0,6068.0,689669.0,782.0,1422.0,373690.0,261.0,29.93054093874974,127.72047989896865
2023,충북,청주시서원구,15350AC400J114,4472.0,5971.0,679648.0,812.0,1233.0,312708.0,234.0,27.57155635062612,133.5196779964222
2023,충북,청주시청원구,15350AC400J115,3754.0,4442.0,516431.0,716.0,1331.0,355640.0,228.0,35.45551411827384,118.32711774107618
2023,충북,청주시흥덕구,15350AC400J102,4186.0,5183.0,581430.0,819.0,1334.0,356270.0,278.0,31.868131868131865,123.81748686096512
2023,충북,충주시,15350AC400J103,5537.0,6548.0,687672.0,757.0,2009.0,527533.0,352.0,36.283185840707965,118.25898500993317
2024,강원,강릉시,15350AC400I103,6965.0,9159.0,959368.0,694.0,2439.0,646480.0,293.0,35.01794687724336,131.50035893754486
2024,강원,고성군,15350AC400I117,847.0,1169.0,104148.0,183.0,273.0,70323.0,93.0,32.231404958677686,138.01652892561984
2024,강원,동해시,15350AC400I104,2571.0,3567.0,397244.0,313.0,636.0,168563.0,130.0,24.73745624270712,138.73978996499417
2024,강원,삼척시,15350AC400I107,2184.0,2753.0,318699.0,416.0,572.0,145078.0,159.0,26.190476190476193,126.05311355311355
2024,강원,속초시,15350AC400I106,1901.0,2648.0,266958.0,281.0,541.0,131043.0,117.0,28.458705944239878,139.29510783798
2024,강원,양구군,15350AC400I115,550.0,522.0,54632.0,119.0,244.0,61471.0,64.0,44.36363636363637,94.9090909090909
2024,강원,양양군,15350AC400I118,1030.0,1305.0,131468.0,209.0,356.0,87791.0,105.0,34.56310679611651,126.6990291262136
2024,강원,영월군,15350AC400I110,1483.0,1970.0,187621.0,342.0,466.0,122959.0,148.0,31.422791638570462,132.83884018880647
2024,강원,원주시,15350AC400I102,8235.0,10161.0,1015490.0,983.0,3066.0,805438.0,379.0,37.23132969034608,123.38797814207649
2024,강원,인제군,15350AC400I116,634.0,887.0,79324.0,243.0,211.0,48956.0,95.0,33.2807570977918,139.90536277602524
2024,강원,정선군,15350AC400I112,1111.0,1322.0,112166.0,268.0,436.0,119614.0,151.0,39.24392439243925,118.991899189919
2024,강원,철원군,15350AC400I113,1241.0,1426.0,164611.0,253.0,423.0,106741.0,141.0,34.08541498791297,114.90733279613214
2024,강원,춘천시,15350AC400I101,8191.0,11089.0,1170492.0,827.0,2415.0,609224.0,301.0,29.483579538517883,135.38029544622145
2024,강원,태백시,15350AC400I105,1011.0,1467.0,127256.0,217.0,304.0,85681.0,89.0,30.06923837784372,145.10385756676558
2024,강원,평창군,15350AC400I111,1389.0,1750.0,188371.0,331.0,464.0,112161.0,189.0,33.4053275737941,125.98992080633549
2024,강원,홍천군,15350AC400I108,2260.0,2718.0,293741.0,473.0,758.0,190150.0,204.0,33.53982300884956,120.2654867256637
2024,강원,화천군,15350AC400I114,662.0,860.0,76844.0,195.0,245.0,66827.0,85.0,37.00906344410876,129.90936555891238
2024,강원,횡성군,15350AC400I109,1794.0,2015.0,204693.0,375.0,751.0,194690.0,159.0,41.861761426978816,112.31884057971016
2024,경기,가평군,15350AC400H143,2402.0,3143.0,350183.0,510.0,645.0,166141.0,239.0,26.852622814321396,130.84929225645297
2024,경기,고양시덕양구,15350AC400H119,9275.0,11730.0,1251695.0,1963.0,2938.0,799102.0,639.0,31.67654986522911,126.46900269541779
2024,경기,고양시일산동구,15350AC400H145,5954.0,6891.0,722491.0,1451.0,2358.0,665022.0,519.0,39.6036278132348,115.73731944910983
2024,경기,고양시일산서구,15350AC400H146,5325.0,6961.0,749985.0,1402.0,1502.0,405584.0,476.0,28.206572769953052,130.72300469483568
2024,경기,과천시,15350AC400H122,1114.0,1523.0,152078.0,606.0,285.0,76214.0,195.0,25.583482944344706,136.71454219030522
2024,경기,광명시,15350AC400H114,4401.0,6033.0,670617.0,1274.0,1071.0,284896.0,476.0,24.335378323108383,137.0824812542604
2024,경기,광주시,15350AC400H138,6750.0,8990.0,1002904.0,1489.0,1879.0,502522.0,563.0,27.83703703703704,133.1851851851852
2024,경기,구리시,15350AC400H123,3193.0,4561.0,495134.0,933.0,782.0,192205.0,304.0,24.491074224866896,142.8437206388976
2024,경기,군포시,15350AC400H127,4652.0,5779.0,641414.0,1162.0,1633.0,436475.0,416.0,35.103181427343074,124.22613929492692
2024,경기,김포시,15350AC400H136,8040.0,10523.0,1101647.0,1863.0,2599.0,671184.0,585.0,32.32587064676617,130.8830845771144
2024,경기,남양주시,15350AC400H124,15545.0,19737.0,2142558.0,2594.0,5362.0,1420318.0,879.0,34.493406239948534,126.9668703763268
2024,경기,동두천시,15350AC400H116,3000.0,3580.0,405274.0,535.0,1086.0,305999.0,210.0,36.199999999999996,119.33333333333334
2024,경기,부천시,A01,15019.0,20622.0,2287991.0,2621.0,4299.0,1141646.0,918.0,28.623743258539186,137.30607896664225
2024,경기,성남시분당구,15350AC400H107,7635.0,10763.0,1160790.0,1731.0,1683.0,431691.0,579.0,22.043222003929273,140.96922069417158
2024,경기,성남시수정구,15350AC400H105,4160.0,5682.0,626923.0,1168.0,1031.0,268038.0,432.0,24.783653846153847,136.58653846153845
2024,경기,성남시중원구,15350AC400H106,3919.0,5187.0,579556.0,953.0,1048.0,281129.0,375.0,26.741515692778773,132.35519265118654
2024,경기,수원시권선구,15350AC400H102,5675.0,7582.0,816785.0,1416.0,1757.0,449233.0,475.0,30.96035242290749,133.60352422907488
2024,경기,수원시영통구,15350AC400H104,3502.0,4512.0,490394.0,1218.0,1063.0,284316.0,454.0,30.354083380925186,128.84066247858365
2024,경기,수원시장안구,15350AC400H101,5170.0,6598.0,724131.0,1246.0,1610.0,440985.0,442.0,31.14119922630561,127.62088974854933
2024,경기,수원시팔달구,15350AC400H103,3698.0,4785.0,512547.0,1045.0,1156.0,313569.0,368.0,31.260140616549485,129.39426717144403
2024,경기,시흥시,15350AC400H126,7282.0,8792.0,951308.0,1820.0,2785.0,764244.0,638.0,38.24498764075803,120.73606152156
2024,경기,안산시단원구,15350AC400H118,4604.0,5269.0,549273.0,1151.0,1935.0,530795.0,428.0,42.02867072111208,114.44396177237186
2024,경기,안산시상록구,15350AC400H117,5745.0,7074.0,739211.0,1297.0,2117.0,560097.0,506.0,36.849434290687554,123.13315926892949
2024,경기,안성시,15350AC400H135,5231.0,6545.0,675368.0,987.0,1791.0,468659.0,330.0,34.23819537373351,125.11948002294015
2024,경기,안양시동안구,15350AC400H110,4311.0,6073.0,664449.0,1267.0,1072.0,270899.0,417.0,24.866620273718397,140.87218742751102
2024,경기,안양시만안구,15350AC400H109,4661.0,6129.0,703144.0,1142.0,1357.0,356555.0,430.0,29.11392405063291,131.49538725595366
2024,경기,양주시,15350AC400H139,6868.0,7569.0,804984.0,1339.0,3145.0,872677.0,486.0,45.79207920792079,110.2067559697146
2024,경기,양평군,15350AC400H144,4277.0,5529.0,595185.0,974.0,1297.0,343514.0,350.0,30.324994154781386,129.27285480476968
2024,경기,여주시,15350AC400H147,3524.0,4518.0,497480.0,706.0,1071.0,275685.0,258.0,30.39160045402951,128.20658342792282
2024,경기,연천군,15350AC400H142,1820.0,2551.0,276470.0,410.0,500.0,128225.0,163.0,27.472527472527474,140.16483516483515
2024,경기,오산시,15350AC400H125,3352.0,4138.0,439194.0,843.0,1227.0,322122.0,263.0,36.605011933174225,123.44868735083531
2024,경기,용인시기흥구,15350AC400H131,7679.0,10026.0,1070518.0,1770.0,2291.0,611521.0,591.0,29.834613882015887,130.563875504623
2024,경기,용인시수지구,15350AC400H132,5326.0,7225.0,753718.0,1376.0,1387.0,365079.0,489.0,26.042057829515585,135.6552760045062
2024,경기,용인시처인구,15350AC400H130,5474.0,6694.0,737211.0,1296.0,1897.0,493109.0,469.0,34.654731457800516,122.28717573986117
2024,경기,의왕시,15350AC400H128,2528.0,3256.0,354025.0,882.0,823.0,213206.0,306.0,32.55537974683544,128.79746835443038
2024,경기,의정부시,15350AC400H108,10905.0,14244.0,1589409.0,1667.0,3714.0,982647.0,634.0,34.057771664374144,130.61898211829435
2024,경기,이천시,15350AC400H134,4338.0,5855.0,659712.0,847.0,1072.0,269995.0,303.0,24.71184877823882,134.97003227293683
2024,경기,파주시,15350AC400H133,10005.0,11884.0,1291167.0,1841.0,3581.0,950570.0,648.0,35.79210394802599,118.78060969515244
2024,경기,평택시,15350AC400H115,10458.0,13906.0,1435400.0,1560.0,3163.0,838570.0,552.0,30.24478867852362,132.96997513864983
2024,경기,포천시,15350AC400H140,4793.0,5423.0,592796.0,975.0,1994.0,535242.0,371.0,41.60233674108074,113.14416857917797
2024,경기,하남시,15350AC400H129,4550.0,6375.0,701875.0,1237.0,1132.0,296300.0,480.0,24.87912087912088,140.1098901098901
2024,경기,화성시,15350AC400H137,11846.0,14255.0,1529153.0,2641.0,4543.0,1190396.0,934.0,38.35049805841634,120.33597838932972
2024,경남,거제시,15350AC400O111,4121.0,6589.0,647828.0,653.0,815.0,214544.0,146.0,19.776753215239022,159.88837660761953
2024,경남,거창군,15350AC400O121,2949.0,4569.0,456923.0,538.0,621.0,157184.0,163.0,21.05798575788403,154.93387589013224
2024,경남,고성군,15350AC400O116,2774.0,4857.0,438479.0,558.0,493.0,119458.0,138.0,17.772170151405913,175.0901225666907
2024,경남,김해시,15350AC400O109,8557.0,13784.0,1442879.0,1543.0,1086.0,272149.0,227.0,12.691363795722799,161.0844922285848
2024,경남,남해군,15350AC400O117,3424.0,6404.0,572238.0,614.0,477.0,122934.0,173.0,13.93107476635514,187.03271028037383
2024,경남,밀양시,15350AC400O110,5056.0,8422.0,816130.0,779.0,863.0,218282.0,165.0,17.06882911392405,166.5743670886076
2024,경남,사천시,15350AC400O108,4483.0,7122.0,736535.0,738.0,864.0,220862.0,143.0,19.272808387240687,158.86683024760205
2024,경남,산청군,15350AC400O119,2659.0,3940.0,424104.0,500.0,614.0,174198.0,101.0,23.091387739751788,148.17600601729976
2024,경남,양산시,15350AC400O112,6530.0,10313.0,1073133.0,1317.0,970.0,257411.0,187.0,14.854517611026033,157.93261868300152
2024,경남,의령군,15350AC400O113,1635.0,2865.0,255388.0,447.0,295.0,76463.0,113.0,18.04281345565749,175.22935779816513
2024,경남,진주시,15350AC400O106,9500.0,14905.0,1656432.0,1015.0,1758.0,448015.0,224.0,18.505263157894735,156.89473684210526
2024,경남,창녕군,15350AC400O115,3316.0,5356.0,541742.0,695.0,557.0,142901.0,153.0,16.797346200241254,161.5199034981906
2024,경남,창원시 마산합포구,15350AC400O103,4880.0,7405.0,827704.0,896.0,846.0,213394.0,154.0,17.336065573770494,151.7418032786885
2024,경남,창원시 마산회원구,15350AC400O104,4105.0,6591.0,750364.0,837.0,484.0,118846.0,114.0,11.790499390986602,160.56029232643118
2024,경남,창원시 성산구,15350AC400O102,2376.0,3657.0,401151.0,780.0,370.0,94225.0,152.0,15.572390572390574,153.91414141414143
2024,경남,창원시 의창구,15350AC400O101,3770.0,5632.0,622838.0,871.0,729.0,184948.0,149.0,19.336870026525197,149.3899204244032
2024,경남,창원시 진해구,15350AC400O105,3734.0,5572.0,649044.0,742.0,614.0,161436.0,135.0,16.443492233529728,149.22335297268344
2024,경남,통영시,15350AC400O107,3104.0,4562.0,468308.0,495.0,673.0,164874.0,131.0,21.681701030927837,146.9716494845361
2024,경남,하동군,15350AC400O118,3441.0,5927.0,560397.0,621.0,693.0,172066.0,160.0,20.13949433304272,172.24643998837547
2024,경남,함안군,15350AC400O114,2952.0,4783.0,490383.0,660.0,544.0,140516.0,121.0,18.428184281842817,162.02574525745257
2024,경남,함양군,15350AC400O120,2429.0,3804.0,362324.0,544.0,654.0,169845.0,162.0,26.92466035405517,156.6076574722108
2024,경남,합천군,15350AC400O122,2502.0,3553.0,334546.0,714.0,661.0,172848.0,194.0,26.41886490807354,142.0063948840927
2024,경북,경산시,15350AC400N111,7158.0,10149.0,1142250.0,1212.0,1733.0,459644.0,253.0,24.210673372450405,141.78541492036882
2024,경북,경주시,15350AC400N103,8981.0,15052.0,1553875.0,1235.0,1375.0,338725.0,287.0,15.31009909809598,167.59826299966596
2024,경북,고령군,15350AC400N118,1354.0,1873.0,202041.0,422.0,329.0,86498.0,111.0,24.29837518463811,138.33087149187594
2024,경북,구미시,15350AC400N106,6208.0,7961.0,919559.0,921.0,1907.0,509210.0,261.0,30.71842783505155,128.23775773195877
2024,경북,김천시,15350AC400N104,5031.0,6643.0,733079.0,724.0,1360.0,349828.0,236.0,27.03239912542238,132.04134366925064
2024,경북,문경시,15350AC400N110,3824.0,5320.0,601216.0,625.0,953.0,249133.0,244.0,24.921548117154813,139.1213389121339
2024,경북,봉화군,15350AC400N122,1283.0,1384.0,149331.0,325.0,483.0,128304.0,118.0,37.64614185502728,107.8721745908028
2024,경북,상주시,15350AC400N109,5512.0,7553.0,832929.0,853.0,1390.0,368571.0,315.0,25.217706821480405,137.02830188679243
2024,경북,성주군,15350AC400N119,2012.0,2826.0,315544.0,427.0,467.0,123055.0,141.0,23.210735586481114,140.4572564612326
2024,경북,안동시,15350AC400N105,5801.0,8602.0,922715.0,794.0,1183.0,298952.0,264.0,20.393035683502845,148.28477848646787
2024,경북,영덕군,15350AC400N116,2214.0,3559.0,375069.0,446.0,365.0,92587.0,127.0,16.485998193315265,160.7497741644083
2024,경북,영양군,15350AC400N115,801.0,897.0,114707.0,187.0,251.0,61744.0,73.0,31.335830212234704,111.98501872659176
2024,경북,영주시,15350AC400N107,3113.0,3828.0,393075.0,539.0,986.0,254992.0,187.0,31.67362672663026,122.96819787985866
2024,경북,영천시,15350AC400N108,4777.0,7896.0,769460.0,864.0,951.0,234385.0,248.0,19.907891982415745,165.2920242830228
2024,경북,예천군,15350AC400N121,2649.0,3836.0,412140.0,609.0,571.0,154257.0,209.0,21.555303888259722,144.80936202340507
2024,경북,울릉군,15350AC400N124,108.0,93.0,7804.0,87.0,46.0,12753.0,13.0,42.592592592592595,86.11111111111111
2024,경북,울진군,15350AC400N123,2504.0,3834.0,397216.0,478.0,519.0,129631.0,190.0,20.726837060702874,153.1150159744409
2024,경북,의성군,15350AC400N113,3653.0,5457.0,522119.0,757.0,857.0,221010.0,239.0,23.46016972351492,149.38406788940597
2024,경북,청도군,15350AC400N117,2791.0,4232.0,455861.0,604.0,605.0,162597.0,178.0,21.676818344679326,151.63024005732711
2024,경북,청송군,15350AC400N114,1217.0,1488.0,153285.0,340.0,421.0,113100.0,94.0,34.593262119967136,122.26787181594084
2024,경북,칠곡군,15350AC400N120,2790.0,3752.0,417270.0,642.0,740.0,195125.0,171.0,26.523297491039425,134.48028673835125
2024,경북,포항시남구,15350AC400N101,4900.0,7383.0,801218.0,745.0,961.0,250105.0,148.0,19.612244897959183,150.6734693877551
2024,경북,포항시북구,15350AC400N102,5930.0,9300.0,1006906.0,810.0,846.0,216957.0,166.0,14.266441821247891,156.82967959527824
2024,광주,광산구,15350AC400E105,6185.0,10967.0,1070773.0,1385.0,1030.0,259183.0,226.0,16.653193209377527,177.31608730800323
2024,광주,남구,15350AC400E103,5053.0,8907.0,899952.0,1153.0,700.0,180318.0,233.0,13.853156540668909,176.2715218681971
2024,광주,동구,15350AC400E101,2852.0,4882.0,501866.0,921.0,418.0,103685.0,158.0,14.656381486676018,171.1781206171108
2024,광주,북구,15350AC400E104,9320.0,16561.0,1648665.0,1535.0,1284.0,323579.0,294.0,13.776824034334764,177.6931330472103
2024,광주,서구,15350AC400E102,5953.0,10596.0,1086480.0,1322.0,808.0,201145.0,216.0,13.572988409205442,177.99428859398623
2024,대구,군위군,15350AC400C109,1433.0,2167.0,214070.0,372.0,334.0,90735.0,149.0,23.30774598743894,151.2212142358688
2024,대구,남구,15350AC400C104,4534.0,6700.0,722991.0,1205.0,907.0,238007.0,218.0,20.004411116012353,147.7723864137627
2024,대구,달서구,15350AC400C107,10271.0,15061.0,1662589.0,1652.0,2070.0,530684.0,367.0,20.153831175153343,146.63616006231138
2024,대구,달성군,15350AC400C108,4332.0,5794.0,636520.0,1075.0,1231.0,323816.0,229.0,28.416435826408126,133.7488457987073
2024,대구,동구,15350AC400C102,9015.0,13470.0,1467104.0,1605.0,1837.0,472962.0,337.0,20.377149195784803,149.41763727121463
2024,대구,북구,15350AC400C105,8598.0,12236.0,1339445.0,1562.0,2015.0,537285.0,345.0,23.43568271691091,142.3121656199116
2024,대구,서구,15350AC400C103,4818.0,6777.0,750432.0,1192.0,1159.0,292895.0,238.0,24.055624740556247,140.66002490660026
2024,대구,수성구,15350AC400C106,8414.0,12655.0,1393077.0,1684.0,1425.0,362715.0,351.0,16.936058949370096,150.40408842405515
2024,대구,중구,15350AC400C101,1973.0,2876.0,315889.0,844.0,394.0,106765.0,167.0,19.969589457678662,145.7678661936138
2024,대전,대덕구,15350AC400F105,4025.0,5603.0,589762.0,873.0,1121.0,284753.0,228.0,27.850931677018632,139.20496894409936
2024,대전,동구,15350AC400F101,6089.0,8853.0,948654.0,1084.0,1511.0,387393.0,260.0,24.81524059779931,145.3933322384628
2024,대전,서구,15350AC400F103,8577.0,12439.0,1379035.0,1332.0,2052.0,530229.0,329.0,23.92444910807975,145.02739885740934
2024,대전,유성구,15350AC400F104,4700.0,6699.0,710626.0,1212.0,1280.0,331774.0,308.0,27.23404255319149,142.53191489361703
2024,대전,중구,15350AC400F102,6807.0,10083.0,1099185.0,1105.0,1553.0,385370.0,264.0,22.814749522550315,148.12692816218598
2024,부산,강서구,15350AC400B112,1694.0,2613.0,267188.0,792.0,305.0,82795.0,101.0,18.004722550177096,154.25029515938607
2024,부산,금정구,15350AC400B111,4897.0,7641.0,828265.0,1308.0,558.0,147880.0,158.0,11.394731468245865,156.03430671839902
2024,부산,기장군,15350AC400B116,4077.0,6040.0,663404.0,938.0,848.0,222818.0,116.0,20.799607554574443,148.14814814814815
2024,부산,남구,15350AC400B107,5577.0,8988.0,967445.0,1301.0,461.0,114597.0,179.0,8.266092881477496,161.16191500806883
2024,부산,동구,15350AC400B103,2674.0,4246.0,461942.0,843.0,310.0,79212.0,99.0,11.593118922961855,158.7883320867614
2024,부산,동래구,15350AC400B106,5113.0,8151.0,879892.0,1296.0,564.0,156268.0,152.0,11.030706043418736,159.41717191472716
2024,부산,부산진구,15350AC400B105,7753.0,12486.0,1350300.0,1585.0,696.0,168546.0,211.0,8.977170127692506,161.04733651489747
2024,부산,북구,15350AC400B108,5706.0,9038.0,965797.0,1262.0,679.0,176779.0,143.0,11.89975464423414,158.39467227479847
2024,부산,사상구,15350AC400B115,4077.0,6382.0,704003.0,1136.0,416.0,109405.0,113.0,10.203581064508217,156.53666911945058
2024,부산,사하구,15350AC400B110,6358.0,9819.0,1051133.0,1190.0,756.0,203996.0,148.0,11.890531613715005,154.43535703051273
2024,부산,서구,15350AC400B102,2795.0,4313.0,466445.0,869.0,315.0,84389.0,95.0,11.270125223613595,154.31127012522361
2024,부산,수영구,15350AC400B114,3918.0,6297.0,664462.0,1107.0,369.0,98803.0,144.0,9.418070444104135,160.7197549770291
2024,부산,연제구,15350AC400B113,4366.0,6869.0,780269.0,1258.0,412.0,108833.0,154.0,9.436555199267064,157.32936326156667
2024,부산,영도구,15350AC400B104,3339.0,5372.0,576676.0,831.0,288.0,68921.0,97.0,8.62533692722372,160.88649296196468
2024,부산,중구,15350AC400B101,1094.0,1715.0,188172.0,469.0,105.0,26344.0,58.0,9.597806215722121,156.76416819012798
2024,부산,해운대구,15350AC400B109,8188.0,13045.0,1401360.0,1554.0,759.0,201377.0,222.0,9.269662921348315,159.31851489985345
2024,서울,강남구,15350AC400A123,6564.0,9352.0,993628.0,2042.0,1217.0,317746.0,712.0,18.540524070688605,142.4741011578306
2024,서울,강동구,15350AC400A125,6660.0,9484.0,1028467.0,1724.0,1475.0,379398.0,642.0,22.147147147147148,142.4024024024024
2024,서울,강북구,15350AC400A109,6228.0,8810.0,977063.0,1585.0,1463.0,359973.0,599.0,23.49068721901092,141.45793192035967
2024,서울,강서구,15350AC400A116,10698.0,15802.0,1751675.0,2235.0,2111.0,538255.0,758.0,19.73266031033838,147.70985230884278
2024,서울,관악구,15350AC400A121,7451.0,10766.0,1186410.0,1796.0,1481.0,374045.0,732.0,19.876526640719366,144.49067239296738
2024,서울,광진구,15350AC400A105,4761.0,6580.0,722001.0,1422.0,1064.0,275683.0,474.0,22.348246166771688,138.20625918924597
2024,서울,구로구,15350AC400A117,7077.0,10095.0,1114663.0,1865.0,1462.0,379429.0,689.0,20.65847110357496,142.64518863925392
2024,서울,금천구,15350AC400A118,3994.0,5550.0,603243.0,1180.0,989.0,256753.0,405.0,24.76214321482223,138.95843765648473
2024,서울,노원구,15350AC400A111,9920.0,14079.0,1567932.0,2212.0,2295.0,584314.0,850.0,23.135080645161292,141.92540322580643
2024,서울,도봉구,15350AC400A110,6480.0,8788.0,972068.0,1574.0,1754.0,452150.0,592.0,27.067901234567906,135.61728395061726
2024,서울,동대문구,15350AC400A106,5853.0,8344.0,896065.0,1592.0,1196.0,298171.0,597.0,20.433965487784043,142.55937126260037
2024,서울,동작구,15350AC400A120,5649.0,7868.0,878009.0,1621.0,1174.0,302423.0,706.0,20.782439369799967,139.2812887236679
2024,서울,마포구,15350AC400A114,5128.0,7069.0,760447.0,1565.0,1134.0,297375.0,597.0,22.113884555382217,137.8510140405616
2024,서울,서대문구,15350AC400A113,5291.0,7379.0,808482.0,1529.0,1177.0,304127.0,551.0,22.245322245322246,139.46323946323946
2024,서울,서초구,15350AC400A122,4592.0,6313.0,655035.0,1705.0,960.0,254813.0,556.0,20.905923344947734,137.47822299651568
2024,서울,성동구,15350AC400A104,3919.0,5312.0,562480.0,1348.0,874.0,232383.0,472.0,22.301607552947182,135.54478183210003
2024,서울,성북구,15350AC400A108,7866.0,11063.0,1224225.0,1873.0,1664.0,422388.0,734.0,21.15433511314518,140.64327485380116
2024,서울,송파구,15350AC400A124,8471.0,11804.0,1244262.0,2089.0,1930.0,492712.0,851.0,22.78361468539724,139.34600401369377
2024,서울,양천구,15350AC400A115,7122.0,10154.0,1148216.0,1799.0,1504.0,377425.0,654.0,21.117663577646727,142.57231114855378
2024,서울,영등포구,15350AC400A119,5691.0,8037.0,879750.0,1737.0,1106.0,273752.0,630.0,19.43419434194342,141.22298365840803
2024,서울,용산구,15350AC400A103,3162.0,4349.0,456054.0,1191.0,639.0,167087.0,441.0,20.20872865275142,137.539531941809
2024,서울,은평구,15350AC400A112,9019.0,12462.0,1336016.0,1913.0,2151.0,536143.0,708.0,23.849650737332297,138.17496396496284
2024,서울,종로구,15350AC400A101,2425.0,3153.0,330843.0,1128.0,634.0,164728.0,364.0,26.144329896907216,130.02061855670104
2024,서울,중구,15350AC400A102,2268.0,3121.0,354367.0,942.0,482.0,123359.0,361.0,21.252204585537918,137.61022927689595
2024,서울,중랑구,15350AC400A107,7674.0,10451.0,1153732.0,1821.0,1927.0,507705.0,611.0,25.110763617409432,136.1871253583529
2024,울산,남구,15350AC400G102,4109.0,6232.0,691018.0,851.0,646.0,156372.0,154.0,15.721586760769043,151.66707228036017
2024,울산,동구,15350AC400G103,2133.0,3346.0,375532.0,492.0,291.0,76701.0,99.0,13.642756680731363,156.868260665729
2024,울산,북구,15350AC400G104,2236.0,3264.0,340928.0,643.0,532.0,140930.0,116.0,23.792486583184257,145.97495527728086
2024,울산,울주군,15350AC400G105,4702.0,7042.0,756665.0,932.0,963.0,250683.0,150.0,20.480646533390047,149.76605699702253
2024,울산,중구,15350AC400G101,3453.0,5195.0,566133.0,657.0,661.0,167811.0,124.0,19.14277439907327,150.4488850275123
2024,인천,강화군,15350AC400D109,3164.0,3895.0,391886.0,805.0,1176.0,321064.0,284.0,37.16814159292036,123.10366624525916
2024,인천,계양구,15350AC400D107,6276.0,8056.0,858093.0,1575.0,2334.0,642456.0,516.0,37.18929254302103,128.36201402166984
2024,인천,남동구,15350AC400D105,11681.0,16784.0,1722281.0,2228.0,3555.0,966559.0,642.0,30.434038181662533,143.68632822532317
2024,인천,동구,15350AC400D102,2084.0,3280.0,316287.0,759.0,529.0,134777.0,192.0,25.38387715930902,157.38963531669864
2024,인천,미추홀구,15350AC400D103,10045.0,15173.0,1479588.0,2003.0,2781.0,730688.0,587.0,27.685415629666497,151.0502737680438
2024,인천,부평구,15350AC400D106,11327.0,16570.0,1757049.0,2418.0,3050.0,811415.0,762.0,26.926812042023485,146.2876313233866
2024,인천,서구,15350AC400D108,10367.0,13435.0,1414485.0,2349.0,3709.0,1004289.0,776.0,35.77698466287257,129.59390373299894
2024,인천,연수구,15350AC400D104,5633.0,8058.0,826704.0,1537.0,1688.0,453173.0,490.0,29.966270193502574,143.0498846085567
2024,인천,옹진군,15350AC400D110,536.0,589.0,54742.0,259.0,246.0,65396.0,129.0,45.8955223880597,109.88805970149254
2024,인천,중구,15350AC400D101,3177.0,4300.0,425118.0,1098.0,1081.0,290127.0,330.0,34.02581051306264,135.34781240163676
2024,전남,강진군,15350AC400M113,2218.0,4109.0,348527.0,523.0,426.0,105464.0,193.0,19.206492335437332,185.2569882777277
2024,전남,고흥군,15350AC400M109,4159.0,6682.0,656455.0,872.0,1088.0,289522.0,327.0,26.160134647751864,160.66362106275548
2024,전남,곡성군,15350AC400M107,1874.0,3181.0,289558.0,528.0,424.0,112738.0,123.0,22.625400213447172,169.74386339381002
2024,전남,광양시,15350AC400M105,3239.0,4722.0,519748.0,588.0,722.0,184636.0,164.0,22.29083050324174,145.78573633837604
2024,전남,구례군,15350AC400M108,1649.0,2626.0,251259.0,376.0,383.0,101567.0,78.0,23.226197695573074,159.24802910855064
2024,전남,나주시,15350AC400M104,4576.0,8268.0,722983.0,1055.0,874.0,221729.0,232.0,19.09965034965035,180.6818181818182
2024,전남,담양군,15350AC400M106,2331.0,4252.0,374797.0,681.0,434.0,112644.0,129.0,18.61861861861862,182.41098241098243
2024,전남,목포시,15350AC400M101,5098.0,7566.0,770805.0,652.0,1096.0,269698.0,181.0,21.498626912514712,148.41114162416633
2024,전남,무안군,15350AC400M116,2789.0,4220.0,390560.0,635.0,715.0,190566.0,220.0,25.63642882753675,151.30871280028683
2024,전남,보성군,15350AC400M110,2188.0,3479.0,344098.0,660.0,392.0,97613.0,195.0,17.915904936014627,159.0036563071298
2024,전남,순천시,15350AC400M103,6575.0,10274.0,1064995.0,965.0,1392.0,345419.0,243.0,21.171102661596958,156.25855513307985
2024,전남,신안군,15350AC400M122,2088.0,3203.0,299404.0,600.0,500.0,123125.0,191.0,23.946360153256705,153.40038314176246
2024,전남,여수시,15350AC400M102,7089.0,10002.0,1150262.0,824.0,1373.0,345704.0,246.0,19.368034983777687,141.0918324164198
2024,전남,영광군,15350AC400M118,2706.0,4255.0,395576.0,618.0,554.0,137807.0,185.0,20.473022912047302,157.24316334072432
2024,전남,영암군,15350AC400M115,2521.0,4290.0,392177.0,655.0,497.0,130231.0,178.0,19.714399047996828,170.17056723522413
2024,전남,완도군,15350AC400M120,2692.0,4265.0,371026.0,597.0,684.0,172186.0,268.0,25.40861812778603,158.43239227340266
2024,전남,장성군,15350AC400M119,2373.0,4420.0,396969.0,698.0,304.0,77658.0,134.0,12.81078803202697,186.26211546565528
2024,전남,장흥군,15350AC400M112,2441.0,4158.0,402190.0,466.0,441.0,111439.0,185.0,18.066366243342895,170.34002458009013
2024,전남,진도군,15350AC400M121,1636.0,3045.0,265197.0,370.0,319.0,80636.0,169.0,19.498777506112468,186.1246943765281
2024,전남,함평군,15350AC400M117,2216.0,3661.0,327881.0,598.0,540.0,131257.0,167.0,24.368231046931406,165.2075812274368
2024,전남,해남군,15350AC400M114,3575.0,6027.0,532253.0,762.0,841.0,212820.0,305.0,23.524475524475523,168.5874125874126
2024,전남,화순군,15350AC400M111,2627.0,4327.0,406582.0,698.0,597.0,157756.0,160.0,22.725542443852305,164.71259992386754
2024,전북,고창군,15350AC400L114,3606.0,6238.0,579122.0,792.0,580.0,150628.0,280.0,16.08430393788131,172.98946200776484
2024,전북,군산시,15350AC400L103,7561.0,12038.0,1222504.0,918.0,1515.0,390582.0,223.0,20.037032138606005,159.21174447824362
2024,전북,김제시,15350AC400L107,4510.0,7981.0,675150.0,1040.0,953.0,235743.0,249.0,21.13082039911308,176.9623059866962
2024,전북,남원시,15350AC400L106,4171.0,7383.0,660850.0,814.0,839.0,223726.0,242.0,20.11508031647087,177.00791177175736
2024,전북,무주군,15350AC400L110,1149.0,1768.0,174605.0,322.0,310.0,76138.0,104.0,26.979982593559615,153.87293298520453
2024,전북,부안군,15350AC400L115,2718.0,4570.0,429796.0,679.0,553.0,141377.0,205.0,20.345842531272996,168.1383370125092
2024,전북,순창군,15350AC400L113,1632.0,2787.0,249447.0,537.0,344.0,85688.0,148.0,21.07843137254902,170.77205882352942
2024,전북,완주군,15350AC400L108,3744.0,6477.0,568050.0,916.0,680.0,170225.0,194.0,18.162393162393162,172.99679487179486
2024,전북,익산시,15350AC400L104,9058.0,14769.0,1436455.0,1236.0,2044.0,521987.0,329.0,22.56568778979907,163.0492382424376
2024,전북,임실군,15350AC400L112,1816.0,3128.0,288599.0,493.0,343.0,87080.0,145.0,18.887665198237887,172.2466960352423
2024,전북,장수군,15350AC400L111,1022.0,1645.0,143099.0,353.0,262.0,67942.0,131.0,25.63600782778865,160.95890410958904
2024,전북,전주시덕진구,15350AC400L102,6428.0,10977.0,1027300.0,1111.0,1009.0,258206.0,216.0,15.696950840074672,170.7685127566895
2024,전북,전주시완산구,15350AC400L101,7809.0,13594.0,1252260.0,1151.0,1195.0,310483.0,217.0,15.302855679344345,174.08118837239084
2024,전북,정읍시,15350AC400L105,5373.0,9719.0,906083.0,1034.0,859.0,205857.0,299.0,15.987344128047646,180.8859110366648
2024,전북,진안군,15350AC400L109,1527.0,2493.0,215229.0,399.0,358.0,89957.0,138.0,23.444662737393582,163.2612966601179
2024,제주,서귀포시,15350AC400P102,3517.0,4238.0,400614.0,433.0,1402.0,384172.0,117.0,39.86352004549332,120.50042649985784
2024,제주,제주시,15350AC400P101,8297.0,11043.0,1049729.0,627.0,2940.0,801345.0,184.0,35.43449439556466,133.09629986742195
2024,충남,계룡시,15350AC400K108,696.0,859.0,95705.0,286.0,289.0,74454.0,85.0,41.52298850574713,123.41954022988506
2024,충남,공주시,15350AC400K103,4509.0,6281.0,669927.0,835.0,1152.0,294869.0,278.0,25.54890219560878,139.2991794189399
2024,충남,금산군,15350AC400K109,2891.0,4433.0,445775.0,615.0,692.0,170004.0,197.0,23.93635420269803,153.33794534763058
2024,충남,논산시,15350AC400K107,5403.0,8444.0,829986.0,975.0,1315.0,332047.0,299.0,24.33833055709791,156.28354617804922
2024,충남,당진시,15350AC400K118,5389.0,7541.0,834017.0,932.0,1293.0,324423.0,342.0,23.993319725366486,139.93319725366487
2024,충남,보령시,15350AC400K104,3860.0,5952.0,622217.0,768.0,764.0,190450.0,334.0,19.792746113989637,154.19689119170985
2024,충남,부여군,15350AC400K111,3479.0,5384.0,487435.0,737.0,978.0,241266.0,262.0,28.11152630066111,154.75711411325094
2024,충남,서산시,15350AC400K106,6105.0,9238.0,935798.0,933.0,1583.0,414424.0,376.0,25.92956592956593,151.3185913185913
2024,충남,서천군,15350AC400K112,3249.0,4710.0,519058.0,684.0,692.0,175341.0,247.0,21.298861188057863,144.96768236380424
2024,충남,아산시,15350AC400K105,6049.0,8492.0,831267.0,1214.0,1735.0,446986.0,419.0,28.682426847412795,140.38684080013226
2024,충남,예산군,15350AC400K115,3808.0,5696.0,562625.0,879.0,1039.0,259118.0,312.0,27.284663865546214,149.57983193277312
2024,충남,천안시동남구,15350AC400K101,5009.0,6445.0,670507.0,921.0,1609.0,424335.0,339.0,32.12218007586344,128.66839688560592
2024,충남,천안시서북구,15350AC400K102,4944.0,6357.0,658253.0,953.0,1603.0,428746.0,371.0,32.423139158576056,128.58009708737862
2024,충남,청양군,15350AC400K113,1758.0,2543.0,246212.0,474.0,479.0,114790.0,196.0,27.24687144482366,144.65301478953356
2024,충남,태안군,15350AC400K116,2764.0,4155.0,405505.0,593.0,710.0,183249.0,276.0,25.687409551374817,150.32561505065124
2024,충남,홍성군,15350AC400K114,4126.0,6462.0,662473.0,773.0,869.0,218680.0,288.0,21.061560833737275,156.61657779932136
2024,충북,괴산군,15350AC400J111,1882.0,2471.0,267068.0,414.0,552.0,142620.0,187.0,29.330499468650373,131.29649309245482
2024,충북,단양군,15350AC400J113,1108.0,1549.0,134839.0,288.0,362.0,86590.0,148.0,32.67148014440433,139.8014440433213
2024,충북,보은군,15350AC400J106,2022.0,3006.0,314790.0,390.0,438.0,110064.0,179.0,21.66172106824926,148.6646884272997
2024,충북,영동군,15350AC400J108,2752.0,4502.0,392101.0,549.0,722.0,181374.0,201.0,26.235465116279073,163.59011627906978
2024,충북,옥천군,15350AC400J107,2587.0,3978.0,380918.0,494.0,708.0,180934.0,185.0,27.367607267104756,153.76884422110552
2024,충북,음성군,15350AC400J112,2807.0,3175.0,338427.0,570.0,1062.0,285317.0,288.0,37.83398646241539,113.11008193801212
2024,충북,제천시,15350AC400J104,4384.0,5763.0,597258.0,608.0,1324.0,336548.0,263.0,30.2007299270073,131.45529197080293
2024,충북,증평군,15350AC400J109,1087.0,1300.0,136307.0,246.0,392.0,102901.0,94.0,36.06255749770009,119.59521619135234
2024,충북,진천군,15350AC400J110,1896.0,2277.0,256281.0,436.0,634.0,162395.0,188.0,33.438818565400844,120.09493670886076
2024,충북,청주시상당구,15350AC400J101,4957.0,6329.0,724451.0,786.0,1465.0,389044.0,260.0,29.5541658261045,127.67803106717773
2024,충북,청주시서원구,15350AC400J114,4765.0,6367.0,746749.0,828.0,1256.0,325871.0,253.0,26.358866736621195,133.62014690451207
2024,충북,청주시청원구,15350AC400J115,4077.0,4857.0,562921.0,729.0,1375.0,367101.0,235.0,33.72577875889134,119.1317144959529
2024,충북,청주시흥덕구,15350AC400J102,4431.0,5462.0,636137.0,813.0,1381.0,368694.0,282.0,31.16677950801174,123.26788535319342
2024,충북,충주시,15350AC400J103,5963.0,7251.0,771011.0,747.0,2045.0,547722.0,344.0,34.29481804460842,121.59986583934261
