시설_지역코드,기관유형코드,시도명,시군구명,기관유형명,기관수,현원확인기관수,현원결측행수,정원합계_현원확인기관,현원합계,원자료_현원정원비,가동률,가동률해석가능,지표해석,정원초과행수,자료기준,용도
11110,A03,서울특별시,종로구,노인요양시설(개정법),8,8,0,382.0,369,0.9659685863874345,0.9659685863874345,True,정원 대비 현원 가동률,0.0,2025-04-01,2026년 현재값이 아닌 과거 가동률 민감도 기준
11110,A04,서울특별시,종로구,노인요양공동생활가정,1,1,0,9.0,8,0.8888888888888888,0.8888888888888888,True,정원 대비 현원 가동률,0.0,2025-04-01,2026년 현재값이 아닌 과거 가동률 민감도 기준
11110,B01,서울특별시,종로구,재가노인복지시설 방문요양,7,7,0,0.0,78,,,False,방문형·복지용구는 정원 대비 비율 해석 금지,,2025-04-01,2026년 현재값이 아닌 과거 가동률 민감도 기준
11110,B02,서울특별시,종로구,재가노인복지시설 방문목욕,4,4,0,0.0,2,,,False,방문형·복지용구는 정원 대비 비율 해석 금지,,2025-04-01,2026년 현재값이 아닌 과거 가동률 민감도 기준
11110,B03,서울특별시,종로구,재가노인복지시설 주야간보호,5,5,0,101.0,72,0.7128712871287128,0.7128712871287128,True,정원 대비 현원 가동률,0.0,2025-04-01,2026년 현재값이 아닌 과거 가동률 민감도 기준
11110,B05,서울특별시,종로구,재가노인복지시설 방문간호,1,1,0,0.0,0,,,False,방문형·복지용구는 정원 대비 비율 해석 금지,,2025-04-01,2026년 현재값이 아닌 과거 가동률 민감도 기준
11110,B06,서울특별시,종로구,재가노인복지시설 복지용구,1,1,0,0.0,0,,,False,방문형·복지용구는 정원 대비 비율 해석 금지,,2025-04-01,2026년 현재값이 아닌 과거 가동률 민감도 기준
11110,C01,서울특별시,종로구,재가장기요양기관 방문요양,13,13,0,0.0,309,,,False,방문형·복지용구는 정원 대비 비율 해석 금지,,2025-04-01,2026년 현재값이 아닌 과거 가동률 민감도 기준
11110,C02,서울특별시,종로구,재가장기요양기관 방문목욕,6,6,0,0.0,2,,,False,방문형·복지용구는 정원 대비 비율 해석 금지,,2025-04-01,2026년 현재값이 아닌 과거 가동률 민감도 기준
11110,H31,서울특별시,종로구,주야간보호내치매전담1실,1,1,0,20.0,20,1.0,1.0,True,정원 대비 현원 가동률,0.0,2025-04-01,2026년 현재값이 아닌 과거 가동률 민감도 기준
11140,A03,서울특별시,중구,노인요양시설(개정법),2,2,0,74.0,74,1.0,1.0,True,정원 대비 현원 가동률,0.0,2025-04-01,2026년 현재값이 아닌 과거 가동률 민감도 기준
11140,A04,서울특별시,중구,노인요양공동생활가정,1,1,0,9.0,7,0.7777777777777778,0.7777777777777778,True,정원 대비 현원 가동률,0.0,2025-04-01,2026년 현재값이 아닌 과거 가동률 민감도 기준
11140,B01,서울특별시,중구,재가노인복지시설 방문요양,11,11,0,0.0,406,,,False,방문형·복지용구는 정원 대비 비율 해석 금지,,2025-04-01,2026년 현재값이 아닌 과거 가동률 민감도 기준
11140,B02,서울특별시,중구,재가노인복지시설 방문목욕,8,8,0,0.0,2,,,False,방문형·복지용구는 정원 대비 비율 해석 금지,,2025-04-01,2026년 현재값이 아닌 과거 가동률 민감도 기준
11140,B03,서울특별시,중구,재가노인복지시설 주야간보호,6,6,0,187.0,176,0.9411764705882353,0.9411764705882353,True,정원 대비 현원 가동률,1.0,2025-04-01,2026년 현재값이 아닌 과거 가동률 민감도 기준
11140,C01,서울특별시,중구,재가장기요양기관 방문요양,6,6,0,0.0,212,,,False,방문형·복지용구는 정원 대비 비율 해석 금지,,2025-04-01,2026년 현재값이 아닌 과거 가동률 민감도 기준
11140,C02,서울특별시,중구,재가장기요양기관 방문목욕,6,6,0,0.0,2,,,False,방문형·복지용구는 정원 대비 비율 해석 금지,,2025-04-01,2026년 현재값이 아닌 과거 가동률 민감도 기준
11140,H31,서울특별시,중구,주야간보호내치매전담1실,1,1,0,16.0,16,1.0,1.0,True,정원 대비 현원 가동률,0.0,2025-04-01,2026년 현재값이 아닌 과거 가동률 민감도 기준
11170,A03,서울특별시,용산구,노인요양시설(개정법),2,2,0,172.0,167,0.9709302325581395,0.9709302325581395,True,정원 대비 현원 가동률,0.0,2025-04-01,2026년 현재값이 아닌 과거 가동률 민감도 기준
11170,B01,서울특별시,용산구,재가노인복지시설 방문요양,6,6,0,0.0,168,,,False,방문형·복지용구는 정원 대비 비율 해석 금지,,2025-04-01,2026년 현재값이 아닌 과거 가동률 민감도 기준
11170,B02,서울특별시,용산구,재가노인복지시설 방문목욕,4,4,0,0.0,4,,,False,방문형·복지용구는 정원 대비 비율 해석 금지,,2025-04-01,2026년 현재값이 아닌 과거 가동률 민감도 기준
11170,B03,서울특별시,용산구,재가노인복지시설 주야간보호,6,6,0,139.0,130,0.935251798561151,0.935251798561151,True,정원 대비 현원 가동률,1.0,2025-04-01,2026년 현재값이 아닌 과거 가동률 민감도 기준
11170,C01,서울특별시,용산구,재가장기요양기관 방문요양,15,15,0,16.0,648,40.5,,False,방문형·복지용구는 정원 대비 비율 해석 금지,,2025-04-01,2026년 현재값이 아닌 과거 가동률 민감도 기준
11170,C02,서울특별시,용산구,재가장기요양기관 방문목욕,12,12,0,16.0,12,0.75,,False,방문형·복지용구는 정원 대비 비율 해석 금지,,2025-04-01,2026년 현재값이 아닌 과거 가동률 민감도 기준
11170,C03,서울특별시,용산구,재가장기요양기관 주야간보호,1,1,0,28.0,31,1.1071428571428572,1.1071428571428572,True,정원 대비 현원 가동률,1.0,2025-04-01,2026년 현재값이 아닌 과거 가동률 민감도 기준
11170,C06,서울특별시,용산구,재가장기요양기관 복지용구,2,2,0,0.0,0,,,False,방문형·복지용구는 정원 대비 비율 해석 금지,,2025-04-01,2026년 현재값이 아닌 과거 가동률 민감도 기준
11200,A03,서울특별시,성동구,노인요양시설(개정법),4,4,0,376.0,334,0.8882978723404256,0.8882978723404256,True,정원 대비 현원 가동률,0.0,2025-04-01,2026년 현재값이 아닌 과거 가동률 민감도 기준
11200,A04,서울특별시,성동구,노인요양공동생활가정,4,4,0,36.0,35,0.9722222222222222,0.9722222222222222,True,정원 대비 현원 가동률,0.0,2025-04-01,2026년 현재값이 아닌 과거 가동률 민감도 기준
11200,B01,서울특별시,성동구,재가노인복지시설 방문요양,11,11,0,76.0,306,4.026315789473684,,False,방문형·복지용구는 정원 대비 비율 해석 금지,,2025-04-01,2026년 현재값이 아닌 과거 가동률 민감도 기준
11200,B02,서울특별시,성동구,재가노인복지시설 방문목욕,9,9,0,10.0,2,0.2,,False,방문형·복지용구는 정원 대비 비율 해석 금지,,2025-04-01,2026년 현재값이 아닌 과거 가동률 민감도 기준
11200,B03,서울특별시,성동구,재가노인복지시설 주야간보호,14,14,0,356.0,351,0.9859550561797753,0.9859550561797753,True,정원 대비 현원 가동률,2.0,2025-04-01,2026년 현재값이 아닌 과거 가동률 민감도 기준
11200,B04,서울특별시,성동구,재가노인복지시설 단기보호,1,1,0,9.0,8,0.8888888888888888,0.8888888888888888,True,정원 대비 현원 가동률,0.0,2025-04-01,2026년 현재값이 아닌 과거 가동률 민감도 기준
11200,B06,서울특별시,성동구,재가노인복지시설 복지용구,1,1,0,0.0,36,,,False,방문형·복지용구는 정원 대비 비율 해석 금지,,2025-04-01,2026년 현재값이 아닌 과거 가동률 민감도 기준
11200,C01,서울특별시,성동구,재가장기요양기관 방문요양,17,17,0,0.0,540,,,False,방문형·복지용구는 정원 대비 비율 해석 금지,,2025-04-01,2026년 현재값이 아닌 과거 가동률 민감도 기준
11200,C02,서울특별시,성동구,재가장기요양기관 방문목욕,14,14,0,0.0,14,,,False,방문형·복지용구는 정원 대비 비율 해석 금지,,2025-04-01,2026년 현재값이 아닌 과거 가동률 민감도 기준
11200,C05,서울특별시,성동구,재가장기요양기관 방문간호,2,2,0,0.0,2,,,False,방문형·복지용구는 정원 대비 비율 해석 금지,,2025-04-01,2026년 현재값이 아닌 과거 가동률 민감도 기준
11200,C06,서울특별시,성동구,재가장기요양기관 복지용구,1,1,0,0.0,0,,,False,방문형·복지용구는 정원 대비 비율 해석 금지,,2025-04-01,2026년 현재값이 아닌 과거 가동률 민감도 기준
11200,G31,서울특별시,성동구,치매전담실가형1실,1,1,0,16.0,16,1.0,1.0,True,정원 대비 현원 가동률,0.0,2025-04-01,2026년 현재값이 아닌 과거 가동률 민감도 기준
11200,G32,서울특별시,성동구,치매전담실가형2실,1,1,0,16.0,16,1.0,1.0,True,정원 대비 현원 가동률,0.0,2025-04-01,2026년 현재값이 아닌 과거 가동률 민감도 기준
11200,G33,서울특별시,성동구,치매전담실가형3실,1,1,0,16.0,14,0.875,0.875,True,정원 대비 현원 가동률,0.0,2025-04-01,2026년 현재값이 아닌 과거 가동률 민감도 기준
11200,G34,서울특별시,성동구,치매전담실가형4실,1,1,0,16.0,16,1.0,1.0,True,정원 대비 현원 가동률,0.0,2025-04-01,2026년 현재값이 아닌 과거 가동률 민감도 기준
11200,H31,서울특별시,성동구,주야간보호내치매전담1실,1,1,0,21.0,18,0.8571428571428571,0.8571428571428571,True,정원 대비 현원 가동률,0.0,2025-04-01,2026년 현재값이 아닌 과거 가동률 민감도 기준
11215,A03,서울특별시,광진구,노인요양시설(개정법),8,8,0,489.0,472,0.9652351738241309,0.9652351738241309,True,정원 대비 현원 가동률,0.0,2025-04-01,2026년 현재값이 아닌 과거 가동률 민감도 기준
11215,A04,서울특별시,광진구,노인요양공동생활가정,11,11,0,99.0,79,0.797979797979798,0.797979797979798,True,정원 대비 현원 가동률,0.0,2025-04-01,2026년 현재값이 아닌 과거 가동률 민감도 기준
11215,B01,서울특별시,광진구,재가노인복지시설 방문요양,26,26,0,0.0,580,,,False,방문형·복지용구는 정원 대비 비율 해석 금지,,2025-04-01,2026년 현재값이 아닌 과거 가동률 민감도 기준
11215,B02,서울특별시,광진구,재가노인복지시설 방문목욕,12,12,0,0.0,7,,,False,방문형·복지용구는 정원 대비 비율 해석 금지,,2025-04-01,2026년 현재값이 아닌 과거 가동률 민감도 기준
11215,B03,서울특별시,광진구,재가노인복지시설 주야간보호,16,16,0,666.0,568,0.8528528528528528,0.8528528528528528,True,정원 대비 현원 가동률,0.0,2025-04-01,2026년 현재값이 아닌 과거 가동률 민감도 기준
11215,B04,서울특별시,광진구,재가노인복지시설 단기보호,2,2,0,17.0,14,0.8235294117647058,0.8235294117647058,True,정원 대비 현원 가동률,0.0,2025-04-01,2026년 현재값이 아닌 과거 가동률 민감도 기준
11215,B06,서울특별시,광진구,재가노인복지시설 복지용구,2,2,0,0.0,86,,,False,방문형·복지용구는 정원 대비 비율 해석 금지,,2025-04-01,2026년 현재값이 아닌 과거 가동률 민감도 기준
11215,C01,서울특별시,광진구,재가장기요양기관 방문요양,26,26,0,0.0,708,,,False,방문형·복지용구는 정원 대비 비율 해석 금지,,2025-04-01,2026년 현재값이 아닌 과거 가동률 민감도 기준
11215,C02,서울특별시,광진구,재가장기요양기관 방문목욕,22,22,0,0.0,6,,,False,방문형·복지용구는 정원 대비 비율 해석 금지,,2025-04-01,2026년 현재값이 아닌 과거 가동률 민감도 기준
11215,C04,서울특별시,광진구,재가장기요양기관 단기보호,2,2,0,21.0,18,0.8571428571428571,0.8571428571428571,True,정원 대비 현원 가동률,0.0,2025-04-01,2026년 현재값이 아닌 과거 가동률 민감도 기준
11215,C05,서울특별시,광진구,재가장기요양기관 방문간호,1,1,0,0.0,0,,,False,방문형·복지용구는 정원 대비 비율 해석 금지,,2025-04-01,2026년 현재값이 아닌 과거 가동률 민감도 기준
11215,C06,서울특별시,광진구,재가장기요양기관 복지용구,1,1,0,0.0,0,,,False,방문형·복지용구는 정원 대비 비율 해석 금지,,2025-04-01,2026년 현재값이 아닌 과거 가동률 민감도 기준
11230,A03,서울특별시,동대문구,노인요양시설(개정법),7,7,0,374.0,355,0.9491978609625669,0.9491978609625669,True,정원 대비 현원 가동률,0.0,2025-04-01,2026년 현재값이 아닌 과거 가동률 민감도 기준
11230,A04,서울특별시,동대문구,노인요양공동생활가정,16,16,0,144.0,138,0.9583333333333334,0.9583333333333334,True,정원 대비 현원 가동률,0.0,2025-04-01,2026년 현재값이 아닌 과거 가동률 민감도 기준
11230,B01,서울특별시,동대문구,재가노인복지시설 방문요양,31,31,0,0.0,501,,,False,방문형·복지용구는 정원 대비 비율 해석 금지,,2025-04-01,2026년 현재값이 아닌 과거 가동률 민감도 기준
11230,B02,서울특별시,동대문구,재가노인복지시설 방문목욕,18,18,0,0.0,8,,,False,방문형·복지용구는 정원 대비 비율 해석 금지,,2025-04-01,2026년 현재값이 아닌 과거 가동률 민감도 기준
11230,B03,서울특별시,동대문구,재가노인복지시설 주야간보호,27,27,0,999.0,865,0.8658658658658659,0.8658658658658659,True,정원 대비 현원 가동률,4.0,2025-04-01,2026년 현재값이 아닌 과거 가동률 민감도 기준
11230,B04,서울특별시,동대문구,재가노인복지시설 단기보호,4,4,0,30.0,24,0.8,0.8,True,정원 대비 현원 가동률,0.0,2025-04-01,2026년 현재값이 아닌 과거 가동률 민감도 기준
11230,B06,서울특별시,동대문구,재가노인복지시설 복지용구,1,1,0,0.0,100,,,False,방문형·복지용구는 정원 대비 비율 해석 금지,,2025-04-01,2026년 현재값이 아닌 과거 가동률 민감도 기준
11230,C01,서울특별시,동대문구,재가장기요양기관 방문요양,37,37,0,0.0,1104,,,False,방문형·복지용구는 정원 대비 비율 해석 금지,,2025-04-01,2026년 현재값이 아닌 과거 가동률 민감도 기준
11230,C02,서울특별시,동대문구,재가장기요양기관 방문목욕,29,29,0,0.0,140,,,False,방문형·복지용구는 정원 대비 비율 해석 금지,,2025-04-01,2026년 현재값이 아닌 과거 가동률 민감도 기준
11230,C03,서울특별시,동대문구,재가장기요양기관 주야간보호,1,1,0,40.0,33,0.825,0.825,True,정원 대비 현원 가동률,0.0,2025-04-01,2026년 현재값이 아닌 과거 가동률 민감도 기준
11260,A03,서울특별시,중랑구,노인요양시설(개정법),11,11,0,823.0,780,0.9477521263669502,0.9477521263669502,True,정원 대비 현원 가동률,0.0,2025-04-01,2026년 현재값이 아닌 과거 가동률 민감도 기준
11260,A04,서울특별시,중랑구,노인요양공동생활가정,37,37,0,333.0,315,0.9459459459459459,0.9459459459459459,True,정원 대비 현원 가동률,1.0,2025-04-01,2026년 현재값이 아닌 과거 가동률 민감도 기준
11260,B01,서울특별시,중랑구,재가노인복지시설 방문요양,66,66,0,39.0,1591,40.794871794871796,,False,방문형·복지용구는 정원 대비 비율 해석 금지,,2025-04-01,2026년 현재값이 아닌 과거 가동률 민감도 기준
11260,B02,서울특별시,중랑구,재가노인복지시설 방문목욕,47,47,0,39.0,40,1.0256410256410255,,False,방문형·복지용구는 정원 대비 비율 해석 금지,,2025-04-01,2026년 현재값이 아닌 과거 가동률 민감도 기준
11260,B03,서울특별시,중랑구,재가노인복지시설 주야간보호,26,26,0,830.0,687,0.827710843373494,0.827710843373494,True,정원 대비 현원 가동률,1.0,2025-04-01,2026년 현재값이 아닌 과거 가동률 민감도 기준
11260,B04,서울특별시,중랑구,재가노인복지시설 단기보호,10,10,0,159.0,133,0.8364779874213837,0.8364779874213837,True,정원 대비 현원 가동률,0.0,2025-04-01,2026년 현재값이 아닌 과거 가동률 민감도 기준
11260,B05,서울특별시,중랑구,재가노인복지시설 방문간호,2,2,0,0.0,114,,,False,방문형·복지용구는 정원 대비 비율 해석 금지,,2025-04-01,2026년 현재값이 아닌 과거 가동률 민감도 기준
11260,B06,서울특별시,중랑구,재가노인복지시설 복지용구,3,3,0,0.0,580,,,False,방문형·복지용구는 정원 대비 비율 해석 금지,,2025-04-01,2026년 현재값이 아닌 과거 가동률 민감도 기준
11260,C01,서울특별시,중랑구,재가장기요양기관 방문요양,26,26,0,0.0,700,,,False,방문형·복지용구는 정원 대비 비율 해석 금지,,2025-04-01,2026년 현재값이 아닌 과거 가동률 민감도 기준
11260,C02,서울특별시,중랑구,재가장기요양기관 방문목욕,23,23,0,0.0,82,,,False,방문형·복지용구는 정원 대비 비율 해석 금지,,2025-04-01,2026년 현재값이 아닌 과거 가동률 민감도 기준
11260,C06,서울특별시,중랑구,재가장기요양기관 복지용구,2,2,0,0.0,0,,,False,방문형·복지용구는 정원 대비 비율 해석 금지,,2025-04-01,2026년 현재값이 아닌 과거 가동률 민감도 기준
11260,G31,서울특별시,중랑구,치매전담실가형1실,1,1,0,16.0,16,1.0,1.0,True,정원 대비 현원 가동률,0.0,2025-04-01,2026년 현재값이 아닌 과거 가동률 민감도 기준
11260,G32,서울특별시,중랑구,치매전담실가형2실,1,1,0,16.0,16,1.0,1.0,True,정원 대비 현원 가동률,0.0,2025-04-01,2026년 현재값이 아닌 과거 가동률 민감도 기준
11290,A03,서울특별시,성북구,노인요양시설(개정법),18,18,0,792.0,711,0.8977272727272727,0.8977272727272727,True,정원 대비 현원 가동률,1.0,2025-04-01,2026년 현재값이 아닌 과거 가동률 민감도 기준
11290,A04,서울특별시,성북구,노인요양공동생활가정,5,5,0,45.0,31,0.6888888888888889,0.6888888888888889,True,정원 대비 현원 가동률,0.0,2025-04-01,2026년 현재값이 아닌 과거 가동률 민감도 기준
11290,B01,서울특별시,성북구,재가노인복지시설 방문요양,41,41,0,4086.0,979,0.23959862946647087,,False,방문형·복지용구는 정원 대비 비율 해석 금지,,2025-04-01,2026년 현재값이 아닌 과거 가동률 민감도 기준
11290,B02,서울특별시,성북구,재가노인복지시설 방문목욕,27,27,0,1089.0,21,0.01928374655647383,,False,방문형·복지용구는 정원 대비 비율 해석 금지,,2025-04-01,2026년 현재값이 아닌 과거 가동률 민감도 기준
11290,B03,서울특별시,성북구,재가노인복지시설 주야간보호,22,22,0,726.0,666,0.9173553719008265,0.9173553719008265,True,정원 대비 현원 가동률,7.0,2025-04-01,2026년 현재값이 아닌 과거 가동률 민감도 기준
11290,B05,서울특별시,성북구,재가노인복지시설 방문간호,1,1,0,0.0,16,,,False,방문형·복지용구는 정원 대비 비율 해석 금지,,2025-04-01,2026년 현재값이 아닌 과거 가동률 민감도 기준
11290,C01,서울특별시,성북구,재가장기요양기관 방문요양,37,37,0,0.0,1603,,,False,방문형·복지용구는 정원 대비 비율 해석 금지,,2025-04-01,2026년 현재값이 아닌 과거 가동률 민감도 기준
11290,C02,서울특별시,성북구,재가장기요양기관 방문목욕,34,34,0,0.0,48,,,False,방문형·복지용구는 정원 대비 비율 해석 금지,,2025-04-01,2026년 현재값이 아닌 과거 가동률 민감도 기준
11290,C05,서울특별시,성북구,재가장기요양기관 방문간호,2,2,0,0.0,64,,,False,방문형·복지용구는 정원 대비 비율 해석 금지,,2025-04-01,2026년 현재값이 아닌 과거 가동률 민감도 기준
11290,C06,서울특별시,성북구,재가장기요양기관 복지용구,2,2,0,0.0,89,,,False,방문형·복지용구는 정원 대비 비율 해석 금지,,2025-04-01,2026년 현재값이 아닌 과거 가동률 민감도 기준
11290,G31,서울특별시,성북구,치매전담실가형1실,1,1,0,14.0,14,1.0,1.0,True,정원 대비 현원 가동률,0.0,2025-04-01,2026년 현재값이 아닌 과거 가동률 민감도 기준
11305,A03,서울특별시,강북구,노인요양시설(개정법),10,10,0,617.0,537,0.8703403565640194,0.8703403565640194,True,정원 대비 현원 가동률,0.0,2025-04-01,2026년 현재값이 아닌 과거 가동률 민감도 기준
11305,A04,서울특별시,강북구,노인요양공동생활가정,21,21,0,185.0,174,0.9405405405405406,0.9405405405405406,True,정원 대비 현원 가동률,0.0,2025-04-01,2026년 현재값이 아닌 과거 가동률 민감도 기준
11305,B01,서울특별시,강북구,재가노인복지시설 방문요양,45,45,0,0.0,1115,,,False,방문형·복지용구는 정원 대비 비율 해석 금지,,2025-04-01,2026년 현재값이 아닌 과거 가동률 민감도 기준
11305,B02,서울특별시,강북구,재가노인복지시설 방문목욕,28,28,0,0.0,52,,,False,방문형·복지용구는 정원 대비 비율 해석 금지,,2025-04-01,2026년 현재값이 아닌 과거 가동률 민감도 기준
11305,B03,서울특별시,강북구,재가노인복지시설 주야간보호,21,21,0,614.0,518,0.8436482084690554,0.8436482084690554,True,정원 대비 현원 가동률,3.0,2025-04-01,2026년 현재값이 아닌 과거 가동률 민감도 기준
11305,B05,서울특별시,강북구,재가노인복지시설 방문간호,2,2,0,0.0,12,,,False,방문형·복지용구는 정원 대비 비율 해석 금지,,2025-04-01,2026년 현재값이 아닌 과거 가동률 민감도 기준
11305,B06,서울특별시,강북구,재가노인복지시설 복지용구,1,1,0,0.0,0,,,False,방문형·복지용구는 정원 대비 비율 해석 금지,,2025-04-01,2026년 현재값이 아닌 과거 가동률 민감도 기준
11305,C01,서울특별시,강북구,재가장기요양기관 방문요양,27,27,0,0.0,724,,,False,방문형·복지용구는 정원 대비 비율 해석 금지,,2025-04-01,2026년 현재값이 아닌 과거 가동률 민감도 기준
11305,C02,서울특별시,강북구,재가장기요양기관 방문목욕,20,20,0,0.0,39,,,False,방문형·복지용구는 정원 대비 비율 해석 금지,,2025-04-01,2026년 현재값이 아닌 과거 가동률 민감도 기준
11305,C03,서울특별시,강북구,재가장기요양기관 주야간보호,1,1,0,54.0,53,0.9814814814814815,0.9814814814814815,True,정원 대비 현원 가동률,0.0,2025-04-01,2026년 현재값이 아닌 과거 가동률 민감도 기준
11305,G31,서울특별시,강북구,치매전담실가형1실,1,1,0,12.0,12,1.0,1.0,True,정원 대비 현원 가동률,0.0,2025-04-01,2026년 현재값이 아닌 과거 가동률 민감도 기준
11305,H31,서울특별시,강북구,주야간보호내치매전담1실,1,1,0,7.0,6,0.8571428571428571,0.8571428571428571,True,정원 대비 현원 가동률,0.0,2025-04-01,2026년 현재값이 아닌 과거 가동률 민감도 기준
11305,S41,서울특별시,강북구,치매전담형노인요양공동생활가정,1,1,0,9.0,8,0.8888888888888888,0.8888888888888888,True,정원 대비 현원 가동률,0.0,2025-04-01,2026년 현재값이 아닌 과거 가동률 민감도 기준
11320,A03,서울특별시,도봉구,노인요양시설(개정법),21,21,0,881.0,800,0.9080590238365494,0.9080590238365494,True,정원 대비 현원 가동률,0.0,2025-04-01,2026년 현재값이 아닌 과거 가동률 민감도 기준
11320,A04,서울특별시,도봉구,노인요양공동생활가정,31,31,0,272.0,261,0.9595588235294118,0.9595588235294118,True,정원 대비 현원 가동률,0.0,2025-04-01,2026년 현재값이 아닌 과거 가동률 민감도 기준
11320,B01,서울특별시,도봉구,재가노인복지시설 방문요양,54,54,0,0.0,1139,,,False,방문형·복지용구는 정원 대비 비율 해석 금지,,2025-04-01,2026년 현재값이 아닌 과거 가동률 민감도 기준
11320,B02,서울특별시,도봉구,재가노인복지시설 방문목욕,37,37,0,0.0,8,,,False,방문형·복지용구는 정원 대비 비율 해석 금지,,2025-04-01,2026년 현재값이 아닌 과거 가동률 민감도 기준
11320,B03,서울특별시,도봉구,재가노인복지시설 주야간보호,22,22,0,751.0,620,0.8255659121171771,0.8255659121171771,True,정원 대비 현원 가동률,0.0,2025-04-01,2026년 현재값이 아닌 과거 가동률 민감도 기준
11320,B05,서울특별시,도봉구,재가노인복지시설 방문간호,1,1,0,0.0,37,,,False,방문형·복지용구는 정원 대비 비율 해석 금지,,2025-04-01,2026년 현재값이 아닌 과거 가동률 민감도 기준
11320,B06,서울특별시,도봉구,재가노인복지시설 복지용구,1,1,0,0.0,0,,,False,방문형·복지용구는 정원 대비 비율 해석 금지,,2025-04-01,2026년 현재값이 아닌 과거 가동률 민감도 기준
11320,C01,서울특별시,도봉구,재가장기요양기관 방문요양,38,38,0,0.0,1574,,,False,방문형·복지용구는 정원 대비 비율 해석 금지,,2025-04-01,2026년 현재값이 아닌 과거 가동률 민감도 기준
11320,C02,서울특별시,도봉구,재가장기요양기관 방문목욕,36,36,0,0.0,20,,,False,방문형·복지용구는 정원 대비 비율 해석 금지,,2025-04-01,2026년 현재값이 아닌 과거 가동률 민감도 기준
11320,C03,서울특별시,도봉구,재가장기요양기관 주야간보호,9,9,0,266.0,200,0.7518796992481203,0.7518796992481203,True,정원 대비 현원 가동률,1.0,2025-04-01,2026년 현재값이 아닌 과거 가동률 민감도 기준
11320,C04,서울특별시,도봉구,재가장기요양기관 단기보호,9,9,0,82.0,54,0.6585365853658537,0.6585365853658537,True,정원 대비 현원 가동률,0.0,2025-04-01,2026년 현재값이 아닌 과거 가동률 민감도 기준
11320,C05,서울특별시,도봉구,재가장기요양기관 방문간호,2,2,0,0.0,22,,,False,방문형·복지용구는 정원 대비 비율 해석 금지,,2025-04-01,2026년 현재값이 아닌 과거 가동률 민감도 기준
11320,C06,서울특별시,도봉구,재가장기요양기관 복지용구,1,1,0,0.0,11,,,False,방문형·복지용구는 정원 대비 비율 해석 금지,,2025-04-01,2026년 현재값이 아닌 과거 가동률 민감도 기준
11350,A03,서울특별시,노원구,노인요양시설(개정법),12,12,0,927.0,763,0.8230852211434736,0.8230852211434736,True,정원 대비 현원 가동률,0.0,2025-04-01,2026년 현재값이 아닌 과거 가동률 민감도 기준
11350,A04,서울특별시,노원구,노인요양공동생활가정,11,11,0,99.0,87,0.8787878787878788,0.8787878787878788,True,정원 대비 현원 가동률,0.0,2025-04-01,2026년 현재값이 아닌 과거 가동률 민감도 기준
11350,B01,서울특별시,노원구,재가노인복지시설 방문요양,63,63,0,30042.0,1670,0.05558884228746422,,False,방문형·복지용구는 정원 대비 비율 해석 금지,,2025-04-01,2026년 현재값이 아닌 과거 가동률 민감도 기준
11350,B02,서울특별시,노원구,재가노인복지시설 방문목욕,47,47,0,10014.0,99,0.009886159376872379,,False,방문형·복지용구는 정원 대비 비율 해석 금지,,2025-04-01,2026년 현재값이 아닌 과거 가동률 민감도 기준
11350,B03,서울특별시,노원구,재가노인복지시설 주야간보호,25,25,0,916.0,783,0.8548034934497817,0.8548034934497817,True,정원 대비 현원 가동률,0.0,2025-04-01,2026년 현재값이 아닌 과거 가동률 민감도 기준
11350,B04,서울특별시,노원구,재가노인복지시설 단기보호,1,1,0,9.0,0,0.0,0.0,True,정원 대비 현원 가동률,0.0,2025-04-01,2026년 현재값이 아닌 과거 가동률 민감도 기준
11350,B05,서울특별시,노원구,재가노인복지시설 방문간호,3,3,0,1.0,30,30.0,,False,방문형·복지용구는 정원 대비 비율 해석 금지,,2025-04-01,2026년 현재값이 아닌 과거 가동률 민감도 기준
11350,B06,서울특별시,노원구,재가노인복지시설 복지용구,2,2,0,0.0,65,,,False,방문형·복지용구는 정원 대비 비율 해석 금지,,2025-04-01,2026년 현재값이 아닌 과거 가동률 민감도 기준
11350,C01,서울특별시,노원구,재가장기요양기관 방문요양,43,43,0,0.0,1639,,,False,방문형·복지용구는 정원 대비 비율 해석 금지,,2025-04-01,2026년 현재값이 아닌 과거 가동률 민감도 기준
11350,C02,서울특별시,노원구,재가장기요양기관 방문목욕,37,37,0,0.0,23,,,False,방문형·복지용구는 정원 대비 비율 해석 금지,,2025-04-01,2026년 현재값이 아닌 과거 가동률 민감도 기준
11350,C03,서울특별시,노원구,재가장기요양기관 주야간보호,3,3,0,82.0,69,0.8414634146341463,0.8414634146341463,True,정원 대비 현원 가동률,0.0,2025-04-01,2026년 현재값이 아닌 과거 가동률 민감도 기준
11350,C05,서울특별시,노원구,재가장기요양기관 방문간호,2,2,0,0.0,22,,,False,방문형·복지용구는 정원 대비 비율 해석 금지,,2025-04-01,2026년 현재값이 아닌 과거 가동률 민감도 기준
11380,A03,서울특별시,은평구,노인요양시설(개정법),15,15,0,1070.0,959,0.8962616822429906,0.8962616822429906,True,정원 대비 현원 가동률,1.0,2025-04-01,2026년 현재값이 아닌 과거 가동률 민감도 기준
11380,A04,서울특별시,은평구,노인요양공동생활가정,6,6,0,54.0,44,0.8148148148148148,0.8148148148148148,True,정원 대비 현원 가동률,0.0,2025-04-01,2026년 현재값이 아닌 과거 가동률 민감도 기준
11380,B01,서울특별시,은평구,재가노인복지시설 방문요양,57,57,0,0.0,1206,,,False,방문형·복지용구는 정원 대비 비율 해석 금지,,2025-04-01,2026년 현재값이 아닌 과거 가동률 민감도 기준
11380,B02,서울특별시,은평구,재가노인복지시설 방문목욕,34,34,0,0.0,60,,,False,방문형·복지용구는 정원 대비 비율 해석 금지,,2025-04-01,2026년 현재값이 아닌 과거 가동률 민감도 기준
11380,B03,서울특별시,은평구,재가노인복지시설 주야간보호,28,28,0,818.0,714,0.8728606356968215,0.8728606356968215,True,정원 대비 현원 가동률,2.0,2025-04-01,2026년 현재값이 아닌 과거 가동률 민감도 기준
11380,B05,서울특별시,은평구,재가노인복지시설 방문간호,1,1,0,0.0,0,,,False,방문형·복지용구는 정원 대비 비율 해석 금지,,2025-04-01,2026년 현재값이 아닌 과거 가동률 민감도 기준
11380,B06,서울특별시,은평구,재가노인복지시설 복지용구,1,1,0,0.0,0,,,False,방문형·복지용구는 정원 대비 비율 해석 금지,,2025-04-01,2026년 현재값이 아닌 과거 가동률 민감도 기준
11380,C01,서울특별시,은평구,재가장기요양기관 방문요양,44,44,0,0.0,1699,,,False,방문형·복지용구는 정원 대비 비율 해석 금지,,2025-04-01,2026년 현재값이 아닌 과거 가동률 민감도 기준
11380,C02,서울특별시,은평구,재가장기요양기관 방문목욕,39,39,0,0.0,25,,,False,방문형·복지용구는 정원 대비 비율 해석 금지,,2025-04-01,2026년 현재값이 아닌 과거 가동률 민감도 기준
11380,C03,서울특별시,은평구,재가장기요양기관 주야간보호,5,5,0,250.0,210,0.84,0.84,True,정원 대비 현원 가동률,0.0,2025-04-01,2026년 현재값이 아닌 과거 가동률 민감도 기준
11380,C05,서울특별시,은평구,재가장기요양기관 방문간호,3,3,0,0.0,8,,,False,방문형·복지용구는 정원 대비 비율 해석 금지,,2025-04-01,2026년 현재값이 아닌 과거 가동률 민감도 기준
11380,G31,서울특별시,은평구,치매전담실가형1실,2,2,0,24.0,24,1.0,1.0,True,정원 대비 현원 가동률,0.0,2025-04-01,2026년 현재값이 아닌 과거 가동률 민감도 기준
11380,G32,서울특별시,은평구,치매전담실가형2실,1,1,0,12.0,12,1.0,1.0,True,정원 대비 현원 가동률,0.0,2025-04-01,2026년 현재값이 아닌 과거 가동률 민감도 기준
11380,G33,서울특별시,은평구,치매전담실가형3실,1,1,0,16.0,16,1.0,1.0,True,정원 대비 현원 가동률,0.0,2025-04-01,2026년 현재값이 아닌 과거 가동률 민감도 기준
11380,M31,서울특별시,은평구,치매전담실나형1실,1,1,0,12.0,12,1.0,1.0,True,정원 대비 현원 가동률,0.0,2025-04-01,2026년 현재값이 아닌 과거 가동률 민감도 기준
11410,A03,서울특별시,서대문구,노인요양시설(개정법),9,9,0,294.0,267,0.9081632653061225,0.9081632653061225,True,정원 대비 현원 가동률,0.0,2025-04-01,2026년 현재값이 아닌 과거 가동률 민감도 기준
11410,A04,서울특별시,서대문구,노인요양공동생활가정,1,1,0,9.0,8,0.8888888888888888,0.8888888888888888,True,정원 대비 현원 가동률,0.0,2025-04-01,2026년 현재값이 아닌 과거 가동률 민감도 기준
11410,B01,서울특별시,서대문구,재가노인복지시설 방문요양,24,24,0,0.0,376,,,False,방문형·복지용구는 정원 대비 비율 해석 금지,,2025-04-01,2026년 현재값이 아닌 과거 가동률 민감도 기준
11410,B02,서울특별시,서대문구,재가노인복지시설 방문목욕,13,13,0,0.0,47,,,False,방문형·복지용구는 정원 대비 비율 해석 금지,,2025-04-01,2026년 현재값이 아닌 과거 가동률 민감도 기준
11410,B03,서울특별시,서대문구,재가노인복지시설 주야간보호,19,19,0,528.0,486,0.9204545454545454,0.9204545454545454,True,정원 대비 현원 가동률,0.0,2025-04-01,2026년 현재값이 아닌 과거 가동률 민감도 기준
11410,B06,서울특별시,서대문구,재가노인복지시설 복지용구,2,2,0,0.0,2,,,False,방문형·복지용구는 정원 대비 비율 해석 금지,,2025-04-01,2026년 현재값이 아닌 과거 가동률 민감도 기준
11410,C01,서울특별시,서대문구,재가장기요양기관 방문요양,23,23,0,0.0,1043,,,False,방문형·복지용구는 정원 대비 비율 해석 금지,,2025-04-01,2026년 현재값이 아닌 과거 가동률 민감도 기준
11410,C02,서울특별시,서대문구,재가장기요양기관 방문목욕,17,17,0,0.0,14,,,False,방문형·복지용구는 정원 대비 비율 해석 금지,,2025-04-01,2026년 현재값이 아닌 과거 가동률 민감도 기준
11410,C05,서울특별시,서대문구,재가장기요양기관 방문간호,1,1,0,0.0,26,,,False,방문형·복지용구는 정원 대비 비율 해석 금지,,2025-04-01,2026년 현재값이 아닌 과거 가동률 민감도 기준
11410,S41,서울특별시,서대문구,치매전담형노인요양공동생활가정,1,1,0,6.0,6,1.0,1.0,True,정원 대비 현원 가동률,0.0,2025-04-01,2026년 현재값이 아닌 과거 가동률 민감도 기준
11440,A03,서울특별시,마포구,노인요양시설(개정법),3,3,0,380.0,375,0.9868421052631579,0.9868421052631579,True,정원 대비 현원 가동률,0.0,2025-04-01,2026년 현재값이 아닌 과거 가동률 민감도 기준
11440,B01,서울특별시,마포구,재가노인복지시설 방문요양,23,23,0,0.0,489,,,False,방문형·복지용구는 정원 대비 비율 해석 금지,,2025-04-01,2026년 현재값이 아닌 과거 가동률 민감도 기준
11440,B02,서울특별시,마포구,재가노인복지시설 방문목욕,13,13,0,0.0,5,,,False,방문형·복지용구는 정원 대비 비율 해석 금지,,2025-04-01,2026년 현재값이 아닌 과거 가동률 민감도 기준
11440,B03,서울특별시,마포구,재가노인복지시설 주야간보호,18,18,0,608.0,550,0.9046052631578947,0.9046052631578947,True,정원 대비 현원 가동률,3.0,2025-04-01,2026년 현재값이 아닌 과거 가동률 민감도 기준
11440,C01,서울특별시,마포구,재가장기요양기관 방문요양,23,23,0,0.0,807,,,False,방문형·복지용구는 정원 대비 비율 해석 금지,,2025-04-01,2026년 현재값이 아닌 과거 가동률 민감도 기준
11440,C02,서울특별시,마포구,재가장기요양기관 방문목욕,21,21,0,0.0,16,,,False,방문형·복지용구는 정원 대비 비율 해석 금지,,2025-04-01,2026년 현재값이 아닌 과거 가동률 민감도 기준
11440,C05,서울특별시,마포구,재가장기요양기관 방문간호,2,2,0,0.0,61,,,False,방문형·복지용구는 정원 대비 비율 해석 금지,,2025-04-01,2026년 현재값이 아닌 과거 가동률 민감도 기준
11440,C06,서울특별시,마포구,재가장기요양기관 복지용구,2,2,0,0.0,215,,,False,방문형·복지용구는 정원 대비 비율 해석 금지,,2025-04-01,2026년 현재값이 아닌 과거 가동률 민감도 기준
11440,G31,서울특별시,마포구,치매전담실가형1실,1,1,0,12.0,12,1.0,1.0,True,정원 대비 현원 가동률,0.0,2025-04-01,2026년 현재값이 아닌 과거 가동률 민감도 기준
11440,G32,서울특별시,마포구,치매전담실가형2실,1,1,0,12.0,11,0.9166666666666666,0.9166666666666666,True,정원 대비 현원 가동률,0.0,2025-04-01,2026년 현재값이 아닌 과거 가동률 민감도 기준
11440,G33,서울특별시,마포구,치매전담실가형3실,1,1,0,12.0,12,1.0,1.0,True,정원 대비 현원 가동률,0.0,2025-04-01,2026년 현재값이 아닌 과거 가동률 민감도 기준
11440,H31,서울특별시,마포구,주야간보호내치매전담1실,1,1,0,20.0,20,1.0,1.0,True,정원 대비 현원 가동률,0.0,2025-04-01,2026년 현재값이 아닌 과거 가동률 민감도 기준
11470,A03,서울특별시,양천구,노인요양시설(개정법),13,13,0,615.0,599,0.9739837398373984,0.9739837398373984,True,정원 대비 현원 가동률,0.0,2025-04-01,2026년 현재값이 아닌 과거 가동률 민감도 기준
11470,A04,서울특별시,양천구,노인요양공동생활가정,5,5,0,45.0,34,0.7555555555555555,0.7555555555555555,True,정원 대비 현원 가동률,0.0,2025-04-01,2026년 현재값이 아닌 과거 가동률 민감도 기준
11470,B01,서울특별시,양천구,재가노인복지시설 방문요양,53,53,0,0.0,1268,,,False,방문형·복지용구는 정원 대비 비율 해석 금지,,2025-04-01,2026년 현재값이 아닌 과거 가동률 민감도 기준
11470,B02,서울특별시,양천구,재가노인복지시설 방문목욕,38,38,0,0.0,10,,,False,방문형·복지용구는 정원 대비 비율 해석 금지,,2025-04-01,2026년 현재값이 아닌 과거 가동률 민감도 기준
11470,B03,서울특별시,양천구,재가노인복지시설 주야간보호,33,33,0,1343.0,989,0.7364110201042442,0.7364110201042442,True,정원 대비 현원 가동률,3.0,2025-04-01,2026년 현재값이 아닌 과거 가동률 민감도 기준
11470,B05,서울특별시,양천구,재가노인복지시설 방문간호,1,1,0,0.0,2,,,False,방문형·복지용구는 정원 대비 비율 해석 금지,,2025-04-01,2026년 현재값이 아닌 과거 가동률 민감도 기준
11470,B06,서울특별시,양천구,재가노인복지시설 복지용구,1,1,0,0.0,18,,,False,방문형·복지용구는 정원 대비 비율 해석 금지,,2025-04-01,2026년 현재값이 아닌 과거 가동률 민감도 기준
11470,C01,서울특별시,양천구,재가장기요양기관 방문요양,37,37,0,0.0,1315,,,False,방문형·복지용구는 정원 대비 비율 해석 금지,,2025-04-01,2026년 현재값이 아닌 과거 가동률 민감도 기준
11470,C02,서울특별시,양천구,재가장기요양기관 방문목욕,34,34,0,0.0,26,,,False,방문형·복지용구는 정원 대비 비율 해석 금지,,2025-04-01,2026년 현재값이 아닌 과거 가동률 민감도 기준
11470,C06,서울특별시,양천구,재가장기요양기관 복지용구,2,2,0,0.0,1,,,False,방문형·복지용구는 정원 대비 비율 해석 금지,,2025-04-01,2026년 현재값이 아닌 과거 가동률 민감도 기준
11470,G31,서울특별시,양천구,치매전담실가형1실,1,1,0,12.0,12,1.0,1.0,True,정원 대비 현원 가동률,0.0,2025-04-01,2026년 현재값이 아닌 과거 가동률 민감도 기준
11500,A03,서울특별시,강서구,노인요양시설(개정법),21,21,0,1125.0,989,0.8791111111111111,0.8791111111111111,True,정원 대비 현원 가동률,0.0,2025-04-01,2026년 현재값이 아닌 과거 가동률 민감도 기준
11500,A04,서울특별시,강서구,노인요양공동생활가정,11,11,0,97.0,81,0.8350515463917526,0.8350515463917526,True,정원 대비 현원 가동률,0.0,2025-04-01,2026년 현재값이 아닌 과거 가동률 민감도 기준
11500,B01,서울특별시,강서구,재가노인복지시설 방문요양,51,51,0,0.0,1385,,,False,방문형·복지용구는 정원 대비 비율 해석 금지,,2025-04-01,2026년 현재값이 아닌 과거 가동률 민감도 기준
11500,B02,서울특별시,강서구,재가노인복지시설 방문목욕,26,26,0,0.0,17,,,False,방문형·복지용구는 정원 대비 비율 해석 금지,,2025-04-01,2026년 현재값이 아닌 과거 가동률 민감도 기준
11500,B03,서울특별시,강서구,재가노인복지시설 주야간보호,31,31,0,1247.0,915,0.7337610264635124,0.7337610264635124,True,정원 대비 현원 가동률,3.0,2025-04-01,2026년 현재값이 아닌 과거 가동률 민감도 기준
11500,B05,서울특별시,강서구,재가노인복지시설 방문간호,3,3,0,0.0,0,,,False,방문형·복지용구는 정원 대비 비율 해석 금지,,2025-04-01,2026년 현재값이 아닌 과거 가동률 민감도 기준
11500,B06,서울특별시,강서구,재가노인복지시설 복지용구,2,2,0,0.0,42,,,False,방문형·복지용구는 정원 대비 비율 해석 금지,,2025-04-01,2026년 현재값이 아닌 과거 가동률 민감도 기준
11500,C01,서울특별시,강서구,재가장기요양기관 방문요양,71,71,0,0.0,2364,,,False,방문형·복지용구는 정원 대비 비율 해석 금지,,2025-04-01,2026년 현재값이 아닌 과거 가동률 민감도 기준
11500,C02,서울특별시,강서구,재가장기요양기관 방문목욕,60,60,0,0.0,37,,,False,방문형·복지용구는 정원 대비 비율 해석 금지,,2025-04-01,2026년 현재값이 아닌 과거 가동률 민감도 기준
11500,C03,서울특별시,강서구,재가장기요양기관 주야간보호,4,4,0,135.0,138,1.0222222222222221,1.0222222222222221,True,정원 대비 현원 가동률,2.0,2025-04-01,2026년 현재값이 아닌 과거 가동률 민감도 기준
11500,C05,서울특별시,강서구,재가장기요양기관 방문간호,1,1,0,0.0,44,,,False,방문형·복지용구는 정원 대비 비율 해석 금지,,2025-04-01,2026년 현재값이 아닌 과거 가동률 민감도 기준
11500,C06,서울특별시,강서구,재가장기요양기관 복지용구,8,8,0,0.0,263,,,False,방문형·복지용구는 정원 대비 비율 해석 금지,,2025-04-01,2026년 현재값이 아닌 과거 가동률 민감도 기준
11500,S41,서울특별시,강서구,치매전담형노인요양공동생활가정,1,1,0,9.0,9,1.0,1.0,True,정원 대비 현원 가동률,0.0,2025-04-01,2026년 현재값이 아닌 과거 가동률 민감도 기준
11530,A03,서울특별시,구로구,노인요양시설(개정법),11,11,0,938.0,860,0.9168443496801706,0.9168443496801706,True,정원 대비 현원 가동률,0.0,2025-04-01,2026년 현재값이 아닌 과거 가동률 민감도 기준
11530,A04,서울특별시,구로구,노인요양공동생활가정,4,4,0,34.0,33,0.9705882352941176,0.9705882352941176,True,정원 대비 현원 가동률,0.0,2025-04-01,2026년 현재값이 아닌 과거 가동률 민감도 기준
11530,B01,서울특별시,구로구,재가노인복지시설 방문요양,36,36,0,0.0,665,,,False,방문형·복지용구는 정원 대비 비율 해석 금지,,2025-04-01,2026년 현재값이 아닌 과거 가동률 민감도 기준
11530,B02,서울특별시,구로구,재가노인복지시설 방문목욕,23,23,0,0.0,8,,,False,방문형·복지용구는 정원 대비 비율 해석 금지,,2025-04-01,2026년 현재값이 아닌 과거 가동률 민감도 기준
11530,B03,서울특별시,구로구,재가노인복지시설 주야간보호,23,23,0,840.0,727,0.8654761904761905,0.8654761904761905,True,정원 대비 현원 가동률,3.0,2025-04-01,2026년 현재값이 아닌 과거 가동률 민감도 기준
11530,B05,서울특별시,구로구,재가노인복지시설 방문간호,1,1,0,0.0,17,,,False,방문형·복지용구는 정원 대비 비율 해석 금지,,2025-04-01,2026년 현재값이 아닌 과거 가동률 민감도 기준
11530,C01,서울특별시,구로구,재가장기요양기관 방문요양,52,52,0,44.0,1846,41.95454545454545,,False,방문형·복지용구는 정원 대비 비율 해석 금지,,2025-04-01,2026년 현재값이 아닌 과거 가동률 민감도 기준
11530,C02,서울특별시,구로구,재가장기요양기관 방문목욕,44,44,0,5.0,30,6.0,,False,방문형·복지용구는 정원 대비 비율 해석 금지,,2025-04-01,2026년 현재값이 아닌 과거 가동률 민감도 기준
11530,C05,서울특별시,구로구,재가장기요양기관 방문간호,3,3,0,0.0,11,,,False,방문형·복지용구는 정원 대비 비율 해석 금지,,2025-04-01,2026년 현재값이 아닌 과거 가동률 민감도 기준
11530,C06,서울특별시,구로구,재가장기요양기관 복지용구,2,2,0,0.0,305,,,False,방문형·복지용구는 정원 대비 비율 해석 금지,,2025-04-01,2026년 현재값이 아닌 과거 가동률 민감도 기준
11530,H31,서울특별시,구로구,주야간보호내치매전담1실,1,1,0,8.0,8,1.0,1.0,True,정원 대비 현원 가동률,0.0,2025-04-01,2026년 현재값이 아닌 과거 가동률 민감도 기준
11545,A03,서울특별시,금천구,노인요양시설(개정법),15,15,0,690.0,591,0.8565217391304348,0.8565217391304348,True,정원 대비 현원 가동률,0.0,2025-04-01,2026년 현재값이 아닌 과거 가동률 민감도 기준
11545,A04,서울특별시,금천구,노인요양공동생활가정,8,8,0,72.0,66,0.9166666666666666,0.9166666666666666,True,정원 대비 현원 가동률,0.0,2025-04-01,2026년 현재값이 아닌 과거 가동률 민감도 기준
11545,B01,서울특별시,금천구,재가노인복지시설 방문요양,20,20,0,100.0,458,4.58,,False,방문형·복지용구는 정원 대비 비율 해석 금지,,2025-04-01,2026년 현재값이 아닌 과거 가동률 민감도 기준
11545,B02,서울특별시,금천구,재가노인복지시설 방문목욕,12,12,0,100.0,4,0.04,,False,방문형·복지용구는 정원 대비 비율 해석 금지,,2025-04-01,2026년 현재값이 아닌 과거 가동률 민감도 기준
11545,B03,서울특별시,금천구,재가노인복지시설 주야간보호,14,14,0,382.0,310,0.8115183246073299,0.8115183246073299,True,정원 대비 현원 가동률,1.0,2025-04-01,2026년 현재값이 아닌 과거 가동률 민감도 기준
11545,B06,서울특별시,금천구,재가노인복지시설 복지용구,3,3,0,0.0,1,,,False,방문형·복지용구는 정원 대비 비율 해석 금지,,2025-04-01,2026년 현재값이 아닌 과거 가동률 민감도 기준
11545,C01,서울특별시,금천구,재가장기요양기관 방문요양,23,23,0,0.0,937,,,False,방문형·복지용구는 정원 대비 비율 해석 금지,,2025-04-01,2026년 현재값이 아닌 과거 가동률 민감도 기준
11545,C02,서울특별시,금천구,재가장기요양기관 방문목욕,23,23,0,0.0,46,,,False,방문형·복지용구는 정원 대비 비율 해석 금지,,2025-04-01,2026년 현재값이 아닌 과거 가동률 민감도 기준
11545,C04,서울특별시,금천구,재가장기요양기관 단기보호,1,1,0,8.0,8,1.0,1.0,True,정원 대비 현원 가동률,0.0,2025-04-01,2026년 현재값이 아닌 과거 가동률 민감도 기준
11545,C05,서울특별시,금천구,재가장기요양기관 방문간호,1,1,0,0.0,48,,,False,방문형·복지용구는 정원 대비 비율 해석 금지,,2025-04-01,2026년 현재값이 아닌 과거 가동률 민감도 기준
11545,C06,서울특별시,금천구,재가장기요양기관 복지용구,5,5,0,0.0,157,,,False,방문형·복지용구는 정원 대비 비율 해석 금지,,2025-04-01,2026년 현재값이 아닌 과거 가동률 민감도 기준
11545,G31,서울특별시,금천구,치매전담실가형1실,1,1,0,14.0,13,0.9285714285714286,0.9285714285714286,True,정원 대비 현원 가동률,0.0,2025-04-01,2026년 현재값이 아닌 과거 가동률 민감도 기준
11545,G32,서울특별시,금천구,치매전담실가형2실,1,1,0,14.0,3,0.21428571428571427,0.21428571428571427,True,정원 대비 현원 가동률,0.0,2025-04-01,2026년 현재값이 아닌 과거 가동률 민감도 기준
11545,H31,서울특별시,금천구,주야간보호내치매전담1실,1,1,0,25.0,25,1.0,1.0,True,정원 대비 현원 가동률,0.0,2025-04-01,2026년 현재값이 아닌 과거 가동률 민감도 기준
11560,A03,서울특별시,영등포구,노인요양시설(개정법),1,1,0,118.0,109,0.923728813559322,0.923728813559322,True,정원 대비 현원 가동률,0.0,2025-04-01,2026년 현재값이 아닌 과거 가동률 민감도 기준
11560,A04,서울특별시,영등포구,노인요양공동생활가정,17,17,0,142.0,133,0.9366197183098591,0.9366197183098591,True,정원 대비 현원 가동률,0.0,2025-04-01,2026년 현재값이 아닌 과거 가동률 민감도 기준
11560,B01,서울특별시,영등포구,재가노인복지시설 방문요양,31,31,0,155.0,550,3.5483870967741935,,False,방문형·복지용구는 정원 대비 비율 해석 금지,,2025-04-01,2026년 현재값이 아닌 과거 가동률 민감도 기준
11560,B02,서울특별시,영등포구,재가노인복지시설 방문목욕,21,21,0,5.0,70,14.0,,False,방문형·복지용구는 정원 대비 비율 해석 금지,,2025-04-01,2026년 현재값이 아닌 과거 가동률 민감도 기준
11560,B03,서울특별시,영등포구,재가노인복지시설 주야간보호,16,16,0,429.0,406,0.9463869463869464,0.9463869463869464,True,정원 대비 현원 가동률,2.0,2025-04-01,2026년 현재값이 아닌 과거 가동률 민감도 기준
11560,B06,서울특별시,영등포구,재가노인복지시설 복지용구,2,2,0,0.0,0,,,False,방문형·복지용구는 정원 대비 비율 해석 금지,,2025-04-01,2026년 현재값이 아닌 과거 가동률 민감도 기준
11560,C01,서울특별시,영등포구,재가장기요양기관 방문요양,30,30,0,0.0,792,,,False,방문형·복지용구는 정원 대비 비율 해석 금지,,2025-04-01,2026년 현재값이 아닌 과거 가동률 민감도 기준
11560,C02,서울특별시,영등포구,재가장기요양기관 방문목욕,25,25,0,0.0,18,,,False,방문형·복지용구는 정원 대비 비율 해석 금지,,2025-04-01,2026년 현재값이 아닌 과거 가동률 민감도 기준
11560,C05,서울특별시,영등포구,재가장기요양기관 방문간호,2,2,0,0.0,3,,,False,방문형·복지용구는 정원 대비 비율 해석 금지,,2025-04-01,2026년 현재값이 아닌 과거 가동률 민감도 기준
11560,C06,서울특별시,영등포구,재가장기요양기관 복지용구,2,2,0,0.0,8,,,False,방문형·복지용구는 정원 대비 비율 해석 금지,,2025-04-01,2026년 현재값이 아닌 과거 가동률 민감도 기준
11590,A03,서울특별시,동작구,노인요양시설(개정법),6,6,0,292.0,287,0.9828767123287672,0.9828767123287672,True,정원 대비 현원 가동률,1.0,2025-04-01,2026년 현재값이 아닌 과거 가동률 민감도 기준
11590,A04,서울특별시,동작구,노인요양공동생활가정,4,4,0,36.0,31,0.8611111111111112,0.8611111111111112,True,정원 대비 현원 가동률,0.0,2025-04-01,2026년 현재값이 아닌 과거 가동률 민감도 기준
11590,B01,서울특별시,동작구,재가노인복지시설 방문요양,28,28,0,0.0,633,,,False,방문형·복지용구는 정원 대비 비율 해석 금지,,2025-04-01,2026년 현재값이 아닌 과거 가동률 민감도 기준
11590,B02,서울특별시,동작구,재가노인복지시설 방문목욕,20,20,0,0.0,5,,,False,방문형·복지용구는 정원 대비 비율 해석 금지,,2025-04-01,2026년 현재값이 아닌 과거 가동률 민감도 기준
11590,B03,서울특별시,동작구,재가노인복지시설 주야간보호,17,17,0,399.0,397,0.9949874686716792,0.9949874686716792,True,정원 대비 현원 가동률,0.0,2025-04-01,2026년 현재값이 아닌 과거 가동률 민감도 기준
11590,C01,서울특별시,동작구,재가장기요양기관 방문요양,36,36,0,999.0,1281,1.2822822822822824,,False,방문형·복지용구는 정원 대비 비율 해석 금지,,2025-04-01,2026년 현재값이 아닌 과거 가동률 민감도 기준
11590,C02,서울특별시,동작구,재가장기요양기관 방문목욕,27,27,0,999.0,48,0.04804804804804805,,False,방문형·복지용구는 정원 대비 비율 해석 금지,,2025-04-01,2026년 현재값이 아닌 과거 가동률 민감도 기준
11590,C06,서울특별시,동작구,재가장기요양기관 복지용구,2,2,0,0.0,0,,,False,방문형·복지용구는 정원 대비 비율 해석 금지,,2025-04-01,2026년 현재값이 아닌 과거 가동률 민감도 기준
11590,H31,서울특별시,동작구,주야간보호내치매전담1실,6,6,0,121.0,114,0.9421487603305785,0.9421487603305785,True,정원 대비 현원 가동률,0.0,2025-04-01,2026년 현재값이 아닌 과거 가동률 민감도 기준
11590,H32,서울특별시,동작구,주야간보호내치매전담2실,1,1,0,8.0,7,0.875,0.875,True,정원 대비 현원 가동률,0.0,2025-04-01,2026년 현재값이 아닌 과거 가동률 민감도 기준
11620,A03,서울특별시,관악구,노인요양시설(개정법),10,10,0,518.0,395,0.7625482625482626,0.7625482625482626,True,정원 대비 현원 가동률,0.0,2025-04-01,2026년 현재값이 아닌 과거 가동률 민감도 기준
11620,A04,서울특별시,관악구,노인요양공동생활가정,20,20,0,180.0,166,0.9222222222222223,0.9222222222222223,True,정원 대비 현원 가동률,0.0,2025-04-01,2026년 현재값이 아닌 과거 가동률 민감도 기준
11620,B01,서울특별시,관악구,재가노인복지시설 방문요양,40,40,0,115.0,1880,16.347826086956523,,False,방문형·복지용구는 정원 대비 비율 해석 금지,,2025-04-01,2026년 현재값이 아닌 과거 가동률 민감도 기준
11620,B02,서울특별시,관악구,재가노인복지시설 방문목욕,24,24,0,0.0,290,,,False,방문형·복지용구는 정원 대비 비율 해석 금지,,2025-04-01,2026년 현재값이 아닌 과거 가동률 민감도 기준
11620,B03,서울특별시,관악구,재가노인복지시설 주야간보호,27,27,0,955.0,769,0.8052356020942408,0.8052356020942408,True,정원 대비 현원 가동률,2.0,2025-04-01,2026년 현재값이 아닌 과거 가동률 민감도 기준
11620,B05,서울특별시,관악구,재가노인복지시설 방문간호,2,2,0,0.0,84,,,False,방문형·복지용구는 정원 대비 비율 해석 금지,,2025-04-01,2026년 현재값이 아닌 과거 가동률 민감도 기준
11620,B06,서울특별시,관악구,재가노인복지시설 복지용구,3,3,0,0.0,87,,,False,방문형·복지용구는 정원 대비 비율 해석 금지,,2025-04-01,2026년 현재값이 아닌 과거 가동률 민감도 기준
11620,C01,서울특별시,관악구,재가장기요양기관 방문요양,42,42,0,0.0,1501,,,False,방문형·복지용구는 정원 대비 비율 해석 금지,,2025-04-01,2026년 현재값이 아닌 과거 가동률 민감도 기준
11620,C02,서울특별시,관악구,재가장기요양기관 방문목욕,34,34,0,0.0,143,,,False,방문형·복지용구는 정원 대비 비율 해석 금지,,2025-04-01,2026년 현재값이 아닌 과거 가동률 민감도 기준
11620,C03,서울특별시,관악구,재가장기요양기관 주야간보호,1,1,0,40.0,19,0.475,0.475,True,정원 대비 현원 가동률,0.0,2025-04-01,2026년 현재값이 아닌 과거 가동률 민감도 기준
11620,C05,서울특별시,관악구,재가장기요양기관 방문간호,2,2,0,0.0,26,,,False,방문형·복지용구는 정원 대비 비율 해석 금지,,2025-04-01,2026년 현재값이 아닌 과거 가동률 민감도 기준
11620,C06,서울특별시,관악구,재가장기요양기관 복지용구,4,4,0,0.0,47,,,False,방문형·복지용구는 정원 대비 비율 해석 금지,,2025-04-01,2026년 현재값이 아닌 과거 가동률 민감도 기준
11620,H31,서울특별시,관악구,주야간보호내치매전담1실,2,2,0,28.0,27,0.9642857142857143,0.9642857142857143,True,정원 대비 현원 가동률,0.0,2025-04-01,2026년 현재값이 아닌 과거 가동률 민감도 기준
11650,A03,서울특별시,서초구,노인요양시설(개정법),4,4,0,341.0,316,0.9266862170087976,0.9266862170087976,True,정원 대비 현원 가동률,0.0,2025-04-01,2026년 현재값이 아닌 과거 가동률 민감도 기준
11650,A04,서울특별시,서초구,노인요양공동생활가정,1,1,0,9.0,8,0.8888888888888888,0.8888888888888888,True,정원 대비 현원 가동률,0.0,2025-04-01,2026년 현재값이 아닌 과거 가동률 민감도 기준
11650,B01,서울특별시,서초구,재가노인복지시설 방문요양,20,20,0,0.0,6368,,,False,방문형·복지용구는 정원 대비 비율 해석 금지,,2025-04-01,2026년 현재값이 아닌 과거 가동률 민감도 기준
11650,B02,서울특별시,서초구,재가노인복지시설 방문목욕,16,16,0,0.0,567,,,False,방문형·복지용구는 정원 대비 비율 해석 금지,,2025-04-01,2026년 현재값이 아닌 과거 가동률 민감도 기준
11650,B03,서울특별시,서초구,재가노인복지시설 주야간보호,8,8,0,279.0,278,0.996415770609319,0.996415770609319,True,정원 대비 현원 가동률,0.0,2025-04-01,2026년 현재값이 아닌 과거 가동률 민감도 기준
11650,B04,서울특별시,서초구,재가노인복지시설 단기보호,1,1,0,7.0,7,1.0,1.0,True,정원 대비 현원 가동률,0.0,2025-04-01,2026년 현재값이 아닌 과거 가동률 민감도 기준
11650,B05,서울특별시,서초구,재가노인복지시설 방문간호,2,2,0,0.0,33,,,False,방문형·복지용구는 정원 대비 비율 해석 금지,,2025-04-01,2026년 현재값이 아닌 과거 가동률 민감도 기준
11650,C01,서울특별시,서초구,재가장기요양기관 방문요양,12,12,0,0.0,337,,,False,방문형·복지용구는 정원 대비 비율 해석 금지,,2025-04-01,2026년 현재값이 아닌 과거 가동률 민감도 기준
11650,C02,서울특별시,서초구,재가장기요양기관 방문목욕,9,9,0,0.0,0,,,False,방문형·복지용구는 정원 대비 비율 해석 금지,,2025-04-01,2026년 현재값이 아닌 과거 가동률 민감도 기준
11650,C05,서울특별시,서초구,재가장기요양기관 방문간호,1,1,0,0.0,11,,,False,방문형·복지용구는 정원 대비 비율 해석 금지,,2025-04-01,2026년 현재값이 아닌 과거 가동률 민감도 기준
11650,G31,서울특별시,서초구,치매전담실가형1실,1,1,0,12.0,12,1.0,1.0,True,정원 대비 현원 가동률,0.0,2025-04-01,2026년 현재값이 아닌 과거 가동률 민감도 기준
11680,A03,서울특별시,강남구,노인요양시설(개정법),6,6,0,285.0,243,0.8526315789473684,0.8526315789473684,True,정원 대비 현원 가동률,0.0,2025-04-01,2026년 현재값이 아닌 과거 가동률 민감도 기준
11680,A04,서울특별시,강남구,노인요양공동생활가정,2,2,0,18.0,18,1.0,1.0,True,정원 대비 현원 가동률,0.0,2025-04-01,2026년 현재값이 아닌 과거 가동률 민감도 기준
11680,B01,서울특별시,강남구,재가노인복지시설 방문요양,22,22,0,81.0,574,7.08641975308642,,False,방문형·복지용구는 정원 대비 비율 해석 금지,,2025-04-01,2026년 현재값이 아닌 과거 가동률 민감도 기준
11680,B02,서울특별시,강남구,재가노인복지시설 방문목욕,14,14,0,81.0,5,0.06172839506172839,,False,방문형·복지용구는 정원 대비 비율 해석 금지,,2025-04-01,2026년 현재값이 아닌 과거 가동률 민감도 기준
11680,B03,서울특별시,강남구,재가노인복지시설 주야간보호,16,16,0,431.0,426,0.988399071925754,0.988399071925754,True,정원 대비 현원 가동률,5.0,2025-04-01,2026년 현재값이 아닌 과거 가동률 민감도 기준
11680,C01,서울특별시,강남구,재가장기요양기관 방문요양,28,28,0,80.0,1303,16.2875,,False,방문형·복지용구는 정원 대비 비율 해석 금지,,2025-04-01,2026년 현재값이 아닌 과거 가동률 민감도 기준
11680,C02,서울특별시,강남구,재가장기요양기관 방문목욕,25,25,0,9.0,51,5.666666666666667,,False,방문형·복지용구는 정원 대비 비율 해석 금지,,2025-04-01,2026년 현재값이 아닌 과거 가동률 민감도 기준
11680,C05,서울특별시,강남구,재가장기요양기관 방문간호,4,4,0,0.0,156,,,False,방문형·복지용구는 정원 대비 비율 해석 금지,,2025-04-01,2026년 현재값이 아닌 과거 가동률 민감도 기준
11680,C06,서울특별시,강남구,재가장기요양기관 복지용구,4,4,0,0.0,31,,,False,방문형·복지용구는 정원 대비 비율 해석 금지,,2025-04-01,2026년 현재값이 아닌 과거 가동률 민감도 기준
11680,G31,서울특별시,강남구,치매전담실가형1실,1,1,0,12.0,12,1.0,1.0,True,정원 대비 현원 가동률,0.0,2025-04-01,2026년 현재값이 아닌 과거 가동률 민감도 기준
11680,G32,서울특별시,강남구,치매전담실가형2실,1,1,0,16.0,16,1.0,1.0,True,정원 대비 현원 가동률,0.0,2025-04-01,2026년 현재값이 아닌 과거 가동률 민감도 기준
11680,H31,서울특별시,강남구,주야간보호내치매전담1실,2,2,0,46.0,45,0.9782608695652174,0.9782608695652174,True,정원 대비 현원 가동률,0.0,2025-04-01,2026년 현재값이 아닌 과거 가동률 민감도 기준
11680,S41,서울특별시,강남구,치매전담형노인요양공동생활가정,1,1,0,8.0,8,1.0,1.0,True,정원 대비 현원 가동률,0.0,2025-04-01,2026년 현재값이 아닌 과거 가동률 민감도 기준
11710,A03,서울특별시,송파구,노인요양시설(개정법),10,10,0,711.0,667,0.9381153305203939,0.9381153305203939,True,정원 대비 현원 가동률,0.0,2025-04-01,2026년 현재값이 아닌 과거 가동률 민감도 기준
11710,A04,서울특별시,송파구,노인요양공동생활가정,14,14,0,126.0,120,0.9523809523809523,0.9523809523809523,True,정원 대비 현원 가동률,0.0,2025-04-01,2026년 현재값이 아닌 과거 가동률 민감도 기준
11710,B01,서울특별시,송파구,재가노인복지시설 방문요양,43,43,0,0.0,958,,,False,방문형·복지용구는 정원 대비 비율 해석 금지,,2025-04-01,2026년 현재값이 아닌 과거 가동률 민감도 기준
11710,B02,서울특별시,송파구,재가노인복지시설 방문목욕,26,26,0,0.0,17,,,False,방문형·복지용구는 정원 대비 비율 해석 금지,,2025-04-01,2026년 현재값이 아닌 과거 가동률 민감도 기준
11710,B03,서울특별시,송파구,재가노인복지시설 주야간보호,25,25,0,997.0,939,0.9418254764292878,0.9418254764292878,True,정원 대비 현원 가동률,4.0,2025-04-01,2026년 현재값이 아닌 과거 가동률 민감도 기준
11710,B04,서울특별시,송파구,재가노인복지시설 단기보호,1,1,0,9.0,7,0.7777777777777778,0.7777777777777778,True,정원 대비 현원 가동률,0.0,2025-04-01,2026년 현재값이 아닌 과거 가동률 민감도 기준
11710,B05,서울특별시,송파구,재가노인복지시설 방문간호,6,6,0,0.0,55,,,False,방문형·복지용구는 정원 대비 비율 해석 금지,,2025-04-01,2026년 현재값이 아닌 과거 가동률 민감도 기준
11710,B06,서울특별시,송파구,재가노인복지시설 복지용구,2,2,0,0.0,0,,,False,방문형·복지용구는 정원 대비 비율 해석 금지,,2025-04-01,2026년 현재값이 아닌 과거 가동률 민감도 기준
11710,C01,서울특별시,송파구,재가장기요양기관 방문요양,44,44,0,0.0,1264,,,False,방문형·복지용구는 정원 대비 비율 해석 금지,,2025-04-01,2026년 현재값이 아닌 과거 가동률 민감도 기준
11710,C02,서울특별시,송파구,재가장기요양기관 방문목욕,37,37,0,0.0,56,,,False,방문형·복지용구는 정원 대비 비율 해석 금지,,2025-04-01,2026년 현재값이 아닌 과거 가동률 민감도 기준
11710,C05,서울특별시,송파구,재가장기요양기관 방문간호,1,1,0,0.0,7,,,False,방문형·복지용구는 정원 대비 비율 해석 금지,,2025-04-01,2026년 현재값이 아닌 과거 가동률 민감도 기준
11710,C06,서울특별시,송파구,재가장기요양기관 복지용구,1,1,0,0.0,0,,,False,방문형·복지용구는 정원 대비 비율 해석 금지,,2025-04-01,2026년 현재값이 아닌 과거 가동률 민감도 기준
11710,G31,서울특별시,송파구,치매전담실가형1실,1,1,0,12.0,12,1.0,1.0,True,정원 대비 현원 가동률,0.0,2025-04-01,2026년 현재값이 아닌 과거 가동률 민감도 기준
11710,G32,서울특별시,송파구,치매전담실가형2실,1,1,0,12.0,12,1.0,1.0,True,정원 대비 현원 가동률,0.0,2025-04-01,2026년 현재값이 아닌 과거 가동률 민감도 기준
11740,A03,서울특별시,강동구,노인요양시설(개정법),10,10,0,639.0,589,0.9217527386541471,0.9217527386541471,True,정원 대비 현원 가동률,0.0,2025-04-01,2026년 현재값이 아닌 과거 가동률 민감도 기준
11740,A04,서울특별시,강동구,노인요양공동생활가정,11,11,0,99.0,95,0.9595959595959596,0.9595959595959596,True,정원 대비 현원 가동률,0.0,2025-04-01,2026년 현재값이 아닌 과거 가동률 민감도 기준
11740,B01,서울특별시,강동구,재가노인복지시설 방문요양,34,34,0,0.0,681,,,False,방문형·복지용구는 정원 대비 비율 해석 금지,,2025-04-01,2026년 현재값이 아닌 과거 가동률 민감도 기준
11740,B02,서울특별시,강동구,재가노인복지시설 방문목욕,26,26,0,0.0,73,,,False,방문형·복지용구는 정원 대비 비율 해석 금지,,2025-04-01,2026년 현재값이 아닌 과거 가동률 민감도 기준
11740,B03,서울특별시,강동구,재가노인복지시설 주야간보호,21,21,0,803.0,751,0.9352428393524284,0.9352428393524284,True,정원 대비 현원 가동률,2.0,2025-04-01,2026년 현재값이 아닌 과거 가동률 민감도 기준
11740,C01,서울특별시,강동구,재가장기요양기관 방문요양,33,33,0,0.0,1047,,,False,방문형·복지용구는 정원 대비 비율 해석 금지,,2025-04-01,2026년 현재값이 아닌 과거 가동률 민감도 기준
11740,C02,서울특별시,강동구,재가장기요양기관 방문목욕,31,31,0,0.0,26,,,False,방문형·복지용구는 정원 대비 비율 해석 금지,,2025-04-01,2026년 현재값이 아닌 과거 가동률 민감도 기준
11740,C06,서울특별시,강동구,재가장기요양기관 복지용구,3,3,0,0.0,0,,,False,방문형·복지용구는 정원 대비 비율 해석 금지,,2025-04-01,2026년 현재값이 아닌 과거 가동률 민감도 기준
11740,G31,서울특별시,강동구,치매전담실가형1실,1,1,0,16.0,16,1.0,1.0,True,정원 대비 현원 가동률,0.0,2025-04-01,2026년 현재값이 아닌 과거 가동률 민감도 기준
11740,G32,서울특별시,강동구,치매전담실가형2실,1,1,0,12.0,12,1.0,1.0,True,정원 대비 현원 가동률,0.0,2025-04-01,2026년 현재값이 아닌 과거 가동률 민감도 기준
11740,H31,서울특별시,강동구,주야간보호내치매전담1실,3,3,0,65.0,64,0.9846153846153847,0.9846153846153847,True,정원 대비 현원 가동률,1.0,2025-04-01,2026년 현재값이 아닌 과거 가동률 민감도 기준
26110,A03,부산광역시,중구,노인요양시설(개정법),1,1,0,81.0,48,0.5925925925925926,0.5925925925925926,True,정원 대비 현원 가동률,0.0,2025-04-01,2026년 현재값이 아닌 과거 가동률 민감도 기준
26110,B01,부산광역시,중구,재가노인복지시설 방문요양,8,8,0,0.0,259,,,False,방문형·복지용구는 정원 대비 비율 해석 금지,,2025-04-01,2026년 현재값이 아닌 과거 가동률 민감도 기준
26110,B02,부산광역시,중구,재가노인복지시설 방문목욕,5,5,0,0.0,0,,,False,방문형·복지용구는 정원 대비 비율 해석 금지,,2025-04-01,2026년 현재값이 아닌 과거 가동률 민감도 기준
26110,B03,부산광역시,중구,재가노인복지시설 주야간보호,3,3,0,122.0,100,0.819672131147541,0.819672131147541,True,정원 대비 현원 가동률,0.0,2025-04-01,2026년 현재값이 아닌 과거 가동률 민감도 기준
26110,C01,부산광역시,중구,재가장기요양기관 방문요양,10,10,0,0.0,315,,,False,방문형·복지용구는 정원 대비 비율 해석 금지,,2025-04-01,2026년 현재값이 아닌 과거 가동률 민감도 기준
26110,C02,부산광역시,중구,재가장기요양기관 방문목욕,9,9,0,0.0,0,,,False,방문형·복지용구는 정원 대비 비율 해석 금지,,2025-04-01,2026년 현재값이 아닌 과거 가동률 민감도 기준
26110,C03,부산광역시,중구,재가장기요양기관 주야간보호,1,1,0,67.0,50,0.746268656716418,0.746268656716418,True,정원 대비 현원 가동률,0.0,2025-04-01,2026년 현재값이 아닌 과거 가동률 민감도 기준
26110,C05,부산광역시,중구,재가장기요양기관 방문간호,1,1,0,0.0,0,,,False,방문형·복지용구는 정원 대비 비율 해석 금지,,2025-04-01,2026년 현재값이 아닌 과거 가동률 민감도 기준
26110,C06,부산광역시,중구,재가장기요양기관 복지용구,1,1,0,0.0,0,,,False,방문형·복지용구는 정원 대비 비율 해석 금지,,2025-04-01,2026년 현재값이 아닌 과거 가동률 민감도 기준
26140,A03,부산광역시,서구,노인요양시설(개정법),4,4,0,379.0,236,0.6226912928759895,0.6226912928759895,True,정원 대비 현원 가동률,0.0,2025-04-01,2026년 현재값이 아닌 과거 가동률 민감도 기준
26140,B01,부산광역시,서구,재가노인복지시설 방문요양,7,7,0,0.0,125,,,False,방문형·복지용구는 정원 대비 비율 해석 금지,,2025-04-01,2026년 현재값이 아닌 과거 가동률 민감도 기준
26140,B02,부산광역시,서구,재가노인복지시설 방문목욕,3,3,0,0.0,0,,,False,방문형·복지용구는 정원 대비 비율 해석 금지,,2025-04-01,2026년 현재값이 아닌 과거 가동률 민감도 기준
26140,B03,부산광역시,서구,재가노인복지시설 주야간보호,3,3,0,238.0,179,0.7521008403361344,0.7521008403361344,True,정원 대비 현원 가동률,0.0,2025-04-01,2026년 현재값이 아닌 과거 가동률 민감도 기준
26140,B05,부산광역시,서구,재가노인복지시설 방문간호,1,1,0,0.0,0,,,False,방문형·복지용구는 정원 대비 비율 해석 금지,,2025-04-01,2026년 현재값이 아닌 과거 가동률 민감도 기준
26140,C01,부산광역시,서구,재가장기요양기관 방문요양,10,10,0,0.0,273,,,False,방문형·복지용구는 정원 대비 비율 해석 금지,,2025-04-01,2026년 현재값이 아닌 과거 가동률 민감도 기준
26140,C02,부산광역시,서구,재가장기요양기관 방문목욕,5,5,0,0.0,1,,,False,방문형·복지용구는 정원 대비 비율 해석 금지,,2025-04-01,2026년 현재값이 아닌 과거 가동률 민감도 기준
26140,C03,부산광역시,서구,재가장기요양기관 주야간보호,2,2,0,85.0,67,0.788235294117647,0.788235294117647,True,정원 대비 현원 가동률,0.0,2025-04-01,2026년 현재값이 아닌 과거 가동률 민감도 기준
26170,A03,부산광역시,동구,노인요양시설(개정법),2,2,0,264.0,230,0.8712121212121212,0.8712121212121212,True,정원 대비 현원 가동률,0.0,2025-04-01,2026년 현재값이 아닌 과거 가동률 민감도 기준
26170,A04,부산광역시,동구,노인요양공동생활가정,1,1,0,9.0,8,0.8888888888888888,0.8888888888888888,True,정원 대비 현원 가동률,0.0,2025-04-01,2026년 현재값이 아닌 과거 가동률 민감도 기준
26170,B01,부산광역시,동구,재가노인복지시설 방문요양,7,7,0,0.0,176,,,False,방문형·복지용구는 정원 대비 비율 해석 금지,,2025-04-01,2026년 현재값이 아닌 과거 가동률 민감도 기준
26170,B02,부산광역시,동구,재가노인복지시설 방문목욕,2,2,0,0.0,0,,,False,방문형·복지용구는 정원 대비 비율 해석 금지,,2025-04-01,2026년 현재값이 아닌 과거 가동률 민감도 기준
26170,B03,부산광역시,동구,재가노인복지시설 주야간보호,3,3,0,120.0,97,0.8083333333333333,0.8083333333333333,True,정원 대비 현원 가동률,0.0,2025-04-01,2026년 현재값이 아닌 과거 가동률 민감도 기준
26170,C01,부산광역시,동구,재가장기요양기관 방문요양,37,37,0,30.0,1203,40.1,,False,방문형·복지용구는 정원 대비 비율 해석 금지,,2025-04-01,2026년 현재값이 아닌 과거 가동률 민감도 기준
26170,C02,부산광역시,동구,재가장기요양기관 방문목욕,19,19,0,30.0,67,2.2333333333333334,,False,방문형·복지용구는 정원 대비 비율 해석 금지,,2025-04-01,2026년 현재값이 아닌 과거 가동률 민감도 기준
26170,C03,부산광역시,동구,재가장기요양기관 주야간보호,4,4,0,306.0,216,0.7058823529411765,0.7058823529411765,True,정원 대비 현원 가동률,0.0,2025-04-01,2026년 현재값이 아닌 과거 가동률 민감도 기준
26170,C05,부산광역시,동구,재가장기요양기관 방문간호,1,1,0,0.0,82,,,False,방문형·복지용구는 정원 대비 비율 해석 금지,,2025-04-01,2026년 현재값이 아닌 과거 가동률 민감도 기준
26170,C06,부산광역시,동구,재가장기요양기관 복지용구,3,3,0,0.0,0,,,False,방문형·복지용구는 정원 대비 비율 해석 금지,,2025-04-01,2026년 현재값이 아닌 과거 가동률 민감도 기준
26200,A03,부산광역시,영도구,노인요양시설(개정법),3,3,0,166.0,133,0.8012048192771084,0.8012048192771084,True,정원 대비 현원 가동률,0.0,2025-04-01,2026년 현재값이 아닌 과거 가동률 민감도 기준
26200,B01,부산광역시,영도구,재가노인복지시설 방문요양,14,14,0,80.0,204,2.55,,False,방문형·복지용구는 정원 대비 비율 해석 금지,,2025-04-01,2026년 현재값이 아닌 과거 가동률 민감도 기준
26200,B02,부산광역시,영도구,재가노인복지시설 방문목욕,8,8,0,0.0,0,,,False,방문형·복지용구는 정원 대비 비율 해석 금지,,2025-04-01,2026년 현재값이 아닌 과거 가동률 민감도 기준
26200,B03,부산광역시,영도구,재가노인복지시설 주야간보호,7,7,0,257.0,185,0.7198443579766537,0.7198443579766537,True,정원 대비 현원 가동률,0.0,2025-04-01,2026년 현재값이 아닌 과거 가동률 민감도 기준
26200,B06,부산광역시,영도구,재가노인복지시설 복지용구,1,1,0,0.0,0,,,False,방문형·복지용구는 정원 대비 비율 해석 금지,,2025-04-01,2026년 현재값이 아닌 과거 가동률 민감도 기준
26200,C01,부산광역시,영도구,재가장기요양기관 방문요양,25,25,0,0.0,861,,,False,방문형·복지용구는 정원 대비 비율 해석 금지,,2025-04-01,2026년 현재값이 아닌 과거 가동률 민감도 기준
26200,C02,부산광역시,영도구,재가장기요양기관 방문목욕,14,14,0,0.0,1,,,False,방문형·복지용구는 정원 대비 비율 해석 금지,,2025-04-01,2026년 현재값이 아닌 과거 가동률 민감도 기준
26200,C03,부산광역시,영도구,재가장기요양기관 주야간보호,3,3,0,53.0,46,0.8679245283018868,0.8679245283018868,True,정원 대비 현원 가동률,0.0,2025-04-01,2026년 현재값이 아닌 과거 가동률 민감도 기준
26200,C05,부산광역시,영도구,재가장기요양기관 방문간호,1,1,0,0.0,0,,,False,방문형·복지용구는 정원 대비 비율 해석 금지,,2025-04-01,2026년 현재값이 아닌 과거 가동률 민감도 기준
26200,M31,부산광역시,영도구,치매전담실나형1실,1,1,0,10.0,10,1.0,1.0,True,정원 대비 현원 가동률,0.0,2025-04-01,2026년 현재값이 아닌 과거 가동률 민감도 기준
26200,M32,부산광역시,영도구,치매전담실나형2실,1,1,0,10.0,0,0.0,0.0,True,정원 대비 현원 가동률,0.0,2025-04-01,2026년 현재값이 아닌 과거 가동률 민감도 기준
26230,A03,부산광역시,부산진구,노인요양시설(개정법),8,8,0,452.0,252,0.5575221238938053,0.5575221238938053,True,정원 대비 현원 가동률,0.0,2025-04-01,2026년 현재값이 아닌 과거 가동률 민감도 기준
26230,A04,부산광역시,부산진구,노인요양공동생활가정,2,2,0,18.0,18,1.0,1.0,True,정원 대비 현원 가동률,0.0,2025-04-01,2026년 현재값이 아닌 과거 가동률 민감도 기준
26230,B01,부산광역시,부산진구,재가노인복지시설 방문요양,33,33,0,0.0,1113,,,False,방문형·복지용구는 정원 대비 비율 해석 금지,,2025-04-01,2026년 현재값이 아닌 과거 가동률 민감도 기준
26230,B02,부산광역시,부산진구,재가노인복지시설 방문목욕,22,22,0,0.0,91,,,False,방문형·복지용구는 정원 대비 비율 해석 금지,,2025-04-01,2026년 현재값이 아닌 과거 가동률 민감도 기준
26230,B03,부산광역시,부산진구,재가노인복지시설 주야간보호,15,15,0,774.0,525,0.6782945736434108,0.6782945736434108,True,정원 대비 현원 가동률,0.0,2025-04-01,2026년 현재값이 아닌 과거 가동률 민감도 기준
26230,B04,부산광역시,부산진구,재가노인복지시설 단기보호,1,1,0,24.0,0,0.0,0.0,True,정원 대비 현원 가동률,0.0,2025-04-01,2026년 현재값이 아닌 과거 가동률 민감도 기준
26230,B05,부산광역시,부산진구,재가노인복지시설 방문간호,3,3,0,0.0,123,,,False,방문형·복지용구는 정원 대비 비율 해석 금지,,2025-04-01,2026년 현재값이 아닌 과거 가동률 민감도 기준
26230,B06,부산광역시,부산진구,재가노인복지시설 복지용구,2,2,0,0.0,63,,,False,방문형·복지용구는 정원 대비 비율 해석 금지,,2025-04-01,2026년 현재값이 아닌 과거 가동률 민감도 기준
26230,C01,부산광역시,부산진구,재가장기요양기관 방문요양,53,53,0,150.0,2472,16.48,,False,방문형·복지용구는 정원 대비 비율 해석 금지,,2025-04-01,2026년 현재값이 아닌 과거 가동률 민감도 기준
26230,C02,부산광역시,부산진구,재가장기요양기관 방문목욕,34,34,0,20.0,162,8.1,,False,방문형·복지용구는 정원 대비 비율 해석 금지,,2025-04-01,2026년 현재값이 아닌 과거 가동률 민감도 기준
26230,C03,부산광역시,부산진구,재가장기요양기관 주야간보호,6,6,0,345.0,321,0.9304347826086956,0.9304347826086956,True,정원 대비 현원 가동률,0.0,2025-04-01,2026년 현재값이 아닌 과거 가동률 민감도 기준
26230,C05,부산광역시,부산진구,재가장기요양기관 방문간호,1,1,0,0.0,66,,,False,방문형·복지용구는 정원 대비 비율 해석 금지,,2025-04-01,2026년 현재값이 아닌 과거 가동률 민감도 기준
26230,H31,부산광역시,부산진구,주야간보호내치매전담1실,1,1,0,18.0,10,0.5555555555555556,0.5555555555555556,True,정원 대비 현원 가동률,0.0,2025-04-01,2026년 현재값이 아닌 과거 가동률 민감도 기준
26260,A03,부산광역시,동래구,노인요양시설(개정법),7,7,0,463.0,426,0.9200863930885529,0.9200863930885529,True,정원 대비 현원 가동률,0.0,2025-04-01,2026년 현재값이 아닌 과거 가동률 민감도 기준
26260,A04,부산광역시,동래구,노인요양공동생활가정,1,1,0,9.0,9,1.0,1.0,True,정원 대비 현원 가동률,0.0,2025-04-01,2026년 현재값이 아닌 과거 가동률 민감도 기준
26260,B01,부산광역시,동래구,재가노인복지시설 방문요양,40,40,0,1.0,1039,1039.0,,False,방문형·복지용구는 정원 대비 비율 해석 금지,,2025-04-01,2026년 현재값이 아닌 과거 가동률 민감도 기준
26260,B02,부산광역시,동래구,재가노인복지시설 방문목욕,26,26,0,0.0,68,,,False,방문형·복지용구는 정원 대비 비율 해석 금지,,2025-04-01,2026년 현재값이 아닌 과거 가동률 민감도 기준
26260,B03,부산광역시,동래구,재가노인복지시설 주야간보호,11,11,0,462.0,370,0.8008658008658008,0.8008658008658008,True,정원 대비 현원 가동률,0.0,2025-04-01,2026년 현재값이 아닌 과거 가동률 민감도 기준
26260,B05,부산광역시,동래구,재가노인복지시설 방문간호,2,2,0,0.0,76,,,False,방문형·복지용구는 정원 대비 비율 해석 금지,,2025-04-01,2026년 현재값이 아닌 과거 가동률 민감도 기준
26260,C01,부산광역시,동래구,재가장기요양기관 방문요양,47,47,0,0.0,1980,,,False,방문형·복지용구는 정원 대비 비율 해석 금지,,2025-04-01,2026년 현재값이 아닌 과거 가동률 민감도 기준
26260,C02,부산광역시,동래구,재가장기요양기관 방문목욕,35,35,0,0.0,179,,,False,방문형·복지용구는 정원 대비 비율 해석 금지,,2025-04-01,2026년 현재값이 아닌 과거 가동률 민감도 기준
26260,C03,부산광역시,동래구,재가장기요양기관 주야간보호,9,9,0,319.0,294,0.9216300940438872,0.9216300940438872,True,정원 대비 현원 가동률,1.0,2025-04-01,2026년 현재값이 아닌 과거 가동률 민감도 기준
26260,C05,부산광역시,동래구,재가장기요양기관 방문간호,2,2,0,0.0,13,,,False,방문형·복지용구는 정원 대비 비율 해석 금지,,2025-04-01,2026년 현재값이 아닌 과거 가동률 민감도 기준
26260,C06,부산광역시,동래구,재가장기요양기관 복지용구,2,2,0,0.0,0,,,False,방문형·복지용구는 정원 대비 비율 해석 금지,,2025-04-01,2026년 현재값이 아닌 과거 가동률 민감도 기준
26290,A03,부산광역시,남구,노인요양시설(개정법),3,3,0,110.0,81,0.7363636363636363,0.7363636363636363,True,정원 대비 현원 가동률,0.0,2025-04-01,2026년 현재값이 아닌 과거 가동률 민감도 기준
26290,A04,부산광역시,남구,노인요양공동생활가정,1,1,0,9.0,8,0.8888888888888888,0.8888888888888888,True,정원 대비 현원 가동률,0.0,2025-04-01,2026년 현재값이 아닌 과거 가동률 민감도 기준
26290,B01,부산광역시,남구,재가노인복지시설 방문요양,25,25,0,0.0,526,,,False,방문형·복지용구는 정원 대비 비율 해석 금지,,2025-04-01,2026년 현재값이 아닌 과거 가동률 민감도 기준
26290,B02,부산광역시,남구,재가노인복지시설 방문목욕,13,13,0,0.0,1,,,False,방문형·복지용구는 정원 대비 비율 해석 금지,,2025-04-01,2026년 현재값이 아닌 과거 가동률 민감도 기준
26290,B03,부산광역시,남구,재가노인복지시설 주야간보호,10,10,0,555.0,331,0.5963963963963964,0.5963963963963964,True,정원 대비 현원 가동률,0.0,2025-04-01,2026년 현재값이 아닌 과거 가동률 민감도 기준
26290,B05,부산광역시,남구,재가노인복지시설 방문간호,4,4,0,0.0,69,,,False,방문형·복지용구는 정원 대비 비율 해석 금지,,2025-04-01,2026년 현재값이 아닌 과거 가동률 민감도 기준
26290,B06,부산광역시,남구,재가노인복지시설 복지용구,3,3,0,0.0,0,,,False,방문형·복지용구는 정원 대비 비율 해석 금지,,2025-04-01,2026년 현재값이 아닌 과거 가동률 민감도 기준
26290,C01,부산광역시,남구,재가장기요양기관 방문요양,36,36,0,0.0,1246,,,False,방문형·복지용구는 정원 대비 비율 해석 금지,,2025-04-01,2026년 현재값이 아닌 과거 가동률 민감도 기준
26290,C02,부산광역시,남구,재가장기요양기관 방문목욕,26,26,0,0.0,99,,,False,방문형·복지용구는 정원 대비 비율 해석 금지,,2025-04-01,2026년 현재값이 아닌 과거 가동률 민감도 기준
26290,C03,부산광역시,남구,재가장기요양기관 주야간보호,6,6,0,352.0,254,0.7215909090909091,0.7215909090909091,True,정원 대비 현원 가동률,0.0,2025-04-01,2026년 현재값이 아닌 과거 가동률 민감도 기준
26290,C05,부산광역시,남구,재가장기요양기관 방문간호,1,1,0,0.0,0,,,False,방문형·복지용구는 정원 대비 비율 해석 금지,,2025-04-01,2026년 현재값이 아닌 과거 가동률 민감도 기준
26290,C06,부산광역시,남구,재가장기요양기관 복지용구,4,4,0,0.0,104,,,False,방문형·복지용구는 정원 대비 비율 해석 금지,,2025-04-01,2026년 현재값이 아닌 과거 가동률 민감도 기준
26320,A03,부산광역시,북구,노인요양시설(개정법),11,11,0,699.0,622,0.8898426323319027,0.8898426323319027,True,정원 대비 현원 가동률,1.0,2025-04-01,2026년 현재값이 아닌 과거 가동률 민감도 기준
26320,A04,부산광역시,북구,노인요양공동생활가정,2,2,0,18.0,15,0.8333333333333334,0.8333333333333334,True,정원 대비 현원 가동률,0.0,2025-04-01,2026년 현재값이 아닌 과거 가동률 민감도 기준
26320,B01,부산광역시,북구,재가노인복지시설 방문요양,31,31,0,160.0,538,3.3625,,False,방문형·복지용구는 정원 대비 비율 해석 금지,,2025-04-01,2026년 현재값이 아닌 과거 가동률 민감도 기준
26320,B02,부산광역시,북구,재가노인복지시설 방문목욕,12,12,0,0.0,0,,,False,방문형·복지용구는 정원 대비 비율 해석 금지,,2025-04-01,2026년 현재값이 아닌 과거 가동률 민감도 기준
26320,B03,부산광역시,북구,재가노인복지시설 주야간보호,22,22,0,985.0,771,0.782741116751269,0.782741116751269,True,정원 대비 현원 가동률,1.0,2025-04-01,2026년 현재값이 아닌 과거 가동률 민감도 기준
26320,B05,부산광역시,북구,재가노인복지시설 방문간호,1,1,0,0.0,2,,,False,방문형·복지용구는 정원 대비 비율 해석 금지,,2025-04-01,2026년 현재값이 아닌 과거 가동률 민감도 기준
26320,C01,부산광역시,북구,재가장기요양기관 방문요양,26,26,0,0.0,920,,,False,방문형·복지용구는 정원 대비 비율 해석 금지,,2025-04-01,2026년 현재값이 아닌 과거 가동률 민감도 기준
26320,C02,부산광역시,북구,재가장기요양기관 방문목욕,18,18,0,0.0,21,,,False,방문형·복지용구는 정원 대비 비율 해석 금지,,2025-04-01,2026년 현재값이 아닌 과거 가동률 민감도 기준
26320,C03,부산광역시,북구,재가장기요양기관 주야간보호,5,5,0,252.0,201,0.7976190476190477,0.7976190476190477,True,정원 대비 현원 가동률,0.0,2025-04-01,2026년 현재값이 아닌 과거 가동률 민감도 기준
26320,C05,부산광역시,북구,재가장기요양기관 방문간호,1,1,0,0.0,0,,,False,방문형·복지용구는 정원 대비 비율 해석 금지,,2025-04-01,2026년 현재값이 아닌 과거 가동률 민감도 기준
26320,C06,부산광역시,북구,재가장기요양기관 복지용구,5,5,0,0.0,37,,,False,방문형·복지용구는 정원 대비 비율 해석 금지,,2025-04-01,2026년 현재값이 아닌 과거 가동률 민감도 기준
26350,A03,부산광역시,해운대구,노인요양시설(개정법),7,7,0,292.0,261,0.8938356164383562,0.8938356164383562,True,정원 대비 현원 가동률,0.0,2025-04-01,2026년 현재값이 아닌 과거 가동률 민감도 기준
26350,A04,부산광역시,해운대구,노인요양공동생활가정,4,4,0,36.0,27,0.75,0.75,True,정원 대비 현원 가동률,0.0,2025-04-01,2026년 현재값이 아닌 과거 가동률 민감도 기준
26350,B01,부산광역시,해운대구,재가노인복지시설 방문요양,38,38,0,0.0,776,,,False,방문형·복지용구는 정원 대비 비율 해석 금지,,2025-04-01,2026년 현재값이 아닌 과거 가동률 민감도 기준
26350,B02,부산광역시,해운대구,재가노인복지시설 방문목욕,17,17,0,0.0,38,,,False,방문형·복지용구는 정원 대비 비율 해석 금지,,2025-04-01,2026년 현재값이 아닌 과거 가동률 민감도 기준
26350,B03,부산광역시,해운대구,재가노인복지시설 주야간보호,27,27,0,1290.0,989,0.7666666666666667,0.7666666666666667,True,정원 대비 현원 가동률,0.0,2025-04-01,2026년 현재값이 아닌 과거 가동률 민감도 기준
26350,B05,부산광역시,해운대구,재가노인복지시설 방문간호,2,2,0,0.0,21,,,False,방문형·복지용구는 정원 대비 비율 해석 금지,,2025-04-01,2026년 현재값이 아닌 과거 가동률 민감도 기준
26350,B06,부산광역시,해운대구,재가노인복지시설 복지용구,1,1,0,0.0,0,,,False,방문형·복지용구는 정원 대비 비율 해석 금지,,2025-04-01,2026년 현재값이 아닌 과거 가동률 민감도 기준
26350,C01,부산광역시,해운대구,재가장기요양기관 방문요양,44,44,0,0.0,1724,,,False,방문형·복지용구는 정원 대비 비율 해석 금지,,2025-04-01,2026년 현재값이 아닌 과거 가동률 민감도 기준
26350,C02,부산광역시,해운대구,재가장기요양기관 방문목욕,27,27,0,0.0,58,,,False,방문형·복지용구는 정원 대비 비율 해석 금지,,2025-04-01,2026년 현재값이 아닌 과거 가동률 민감도 기준
26350,C03,부산광역시,해운대구,재가장기요양기관 주야간보호,4,4,0,148.0,95,0.6418918918918919,0.6418918918918919,True,정원 대비 현원 가동률,0.0,2025-04-01,2026년 현재값이 아닌 과거 가동률 민감도 기준
26350,C06,부산광역시,해운대구,재가장기요양기관 복지용구,2,2,0,0.0,138,,,False,방문형·복지용구는 정원 대비 비율 해석 금지,,2025-04-01,2026년 현재값이 아닌 과거 가동률 민감도 기준
26350,H31,부산광역시,해운대구,주야간보호내치매전담1실,1,1,0,13.0,0,0.0,0.0,True,정원 대비 현원 가동률,0.0,2025-04-01,2026년 현재값이 아닌 과거 가동률 민감도 기준
26380,A03,부산광역시,사하구,노인요양시설(개정법),12,12,0,765.0,623,0.8143790849673203,0.8143790849673203,True,정원 대비 현원 가동률,0.0,2025-04-01,2026년 현재값이 아닌 과거 가동률 민감도 기준
26380,A04,부산광역시,사하구,노인요양공동생활가정,1,1,0,9.0,9,1.0,1.0,True,정원 대비 현원 가동률,0.0,2025-04-01,2026년 현재값이 아닌 과거 가동률 민감도 기준
26380,B01,부산광역시,사하구,재가노인복지시설 방문요양,26,26,0,0.0,555,,,False,방문형·복지용구는 정원 대비 비율 해석 금지,,2025-04-01,2026년 현재값이 아닌 과거 가동률 민감도 기준
26380,B02,부산광역시,사하구,재가노인복지시설 방문목욕,9,9,0,0.0,1,,,False,방문형·복지용구는 정원 대비 비율 해석 금지,,2025-04-01,2026년 현재값이 아닌 과거 가동률 민감도 기준
26380,B03,부산광역시,사하구,재가노인복지시설 주야간보호,15,15,0,570.0,421,0.7385964912280701,0.7385964912280701,True,정원 대비 현원 가동률,0.0,2025-04-01,2026년 현재값이 아닌 과거 가동률 민감도 기준
26380,B05,부산광역시,사하구,재가노인복지시설 방문간호,1,1,0,0.0,3,,,False,방문형·복지용구는 정원 대비 비율 해석 금지,,2025-04-01,2026년 현재값이 아닌 과거 가동률 민감도 기준
26380,B06,부산광역시,사하구,재가노인복지시설 복지용구,4,4,0,0.0,106,,,False,방문형·복지용구는 정원 대비 비율 해석 금지,,2025-04-01,2026년 현재값이 아닌 과거 가동률 민감도 기준
26380,C01,부산광역시,사하구,재가장기요양기관 방문요양,43,43,0,0.0,1544,,,False,방문형·복지용구는 정원 대비 비율 해석 금지,,2025-04-01,2026년 현재값이 아닌 과거 가동률 민감도 기준
26380,C02,부산광역시,사하구,재가장기요양기관 방문목욕,29,29,0,0.0,7,,,False,방문형·복지용구는 정원 대비 비율 해석 금지,,2025-04-01,2026년 현재값이 아닌 과거 가동률 민감도 기준
26380,C03,부산광역시,사하구,재가장기요양기관 주야간보호,11,11,0,622.0,464,0.7459807073954984,0.7459807073954984,True,정원 대비 현원 가동률,0.0,2025-04-01,2026년 현재값이 아닌 과거 가동률 민감도 기준
26380,C05,부산광역시,사하구,재가장기요양기관 방문간호,3,3,0,0.0,21,,,False,방문형·복지용구는 정원 대비 비율 해석 금지,,2025-04-01,2026년 현재값이 아닌 과거 가동률 민감도 기준
26380,C06,부산광역시,사하구,재가장기요양기관 복지용구,2,2,0,0.0,8,,,False,방문형·복지용구는 정원 대비 비율 해석 금지,,2025-04-01,2026년 현재값이 아닌 과거 가동률 민감도 기준
26380,G31,부산광역시,사하구,치매전담실가형1실,1,1,0,16.0,16,1.0,1.0,True,정원 대비 현원 가동률,0.0,2025-04-01,2026년 현재값이 아닌 과거 가동률 민감도 기준
26380,G32,부산광역시,사하구,치매전담실가형2실,1,1,0,16.0,16,1.0,1.0,True,정원 대비 현원 가동률,0.0,2025-04-01,2026년 현재값이 아닌 과거 가동률 민감도 기준
26410,A03,부산광역시,금정구,노인요양시설(개정법),8,8,0,733.0,598,0.8158253751705321,0.8158253751705321,True,정원 대비 현원 가동률,0.0,2025-04-01,2026년 현재값이 아닌 과거 가동률 민감도 기준
26410,B01,부산광역시,금정구,재가노인복지시설 방문요양,19,19,0,0.0,292,,,False,방문형·복지용구는 정원 대비 비율 해석 금지,,2025-04-01,2026년 현재값이 아닌 과거 가동률 민감도 기준
26410,B02,부산광역시,금정구,재가노인복지시설 방문목욕,7,7,0,0.0,0,,,False,방문형·복지용구는 정원 대비 비율 해석 금지,,2025-04-01,2026년 현재값이 아닌 과거 가동률 민감도 기준
26410,B03,부산광역시,금정구,재가노인복지시설 주야간보호,14,14,0,570.0,441,0.7736842105263158,0.7736842105263158,True,정원 대비 현원 가동률,0.0,2025-04-01,2026년 현재값이 아닌 과거 가동률 민감도 기준
26410,C01,부산광역시,금정구,재가장기요양기관 방문요양,44,44,0,0.0,1411,,,False,방문형·복지용구는 정원 대비 비율 해석 금지,,2025-04-01,2026년 현재값이 아닌 과거 가동률 민감도 기준
26410,C02,부산광역시,금정구,재가장기요양기관 방문목욕,24,24,0,0.0,4,,,False,방문형·복지용구는 정원 대비 비율 해석 금지,,2025-04-01,2026년 현재값이 아닌 과거 가동률 민감도 기준
26410,C03,부산광역시,금정구,재가장기요양기관 주야간보호,13,13,0,534.0,443,0.8295880149812734,0.8295880149812734,True,정원 대비 현원 가동률,1.0,2025-04-01,2026년 현재값이 아닌 과거 가동률 민감도 기준
26410,C05,부산광역시,금정구,재가장기요양기관 방문간호,1,1,0,0.0,4,,,False,방문형·복지용구는 정원 대비 비율 해석 금지,,2025-04-01,2026년 현재값이 아닌 과거 가동률 민감도 기준
26410,G31,부산광역시,금정구,치매전담실가형1실,1,1,0,12.0,12,1.0,1.0,True,정원 대비 현원 가동률,0.0,2025-04-01,2026년 현재값이 아닌 과거 가동률 민감도 기준
26410,G32,부산광역시,금정구,치매전담실가형2실,1,1,0,12.0,10,0.8333333333333334,0.8333333333333334,True,정원 대비 현원 가동률,0.0,2025-04-01,2026년 현재값이 아닌 과거 가동률 민감도 기준
26410,G33,부산광역시,금정구,치매전담실가형3실,1,1,0,12.0,9,0.75,0.75,True,정원 대비 현원 가동률,0.0,2025-04-01,2026년 현재값이 아닌 과거 가동률 민감도 기준
26410,G34,부산광역시,금정구,치매전담실가형4실,1,1,0,12.0,4,0.3333333333333333,0.3333333333333333,True,정원 대비 현원 가동률,0.0,2025-04-01,2026년 현재값이 아닌 과거 가동률 민감도 기준
26410,H31,부산광역시,금정구,주야간보호내치매전담1실,1,1,0,25.0,24,0.96,0.96,True,정원 대비 현원 가동률,0.0,2025-04-01,2026년 현재값이 아닌 과거 가동률 민감도 기준
26410,H32,부산광역시,금정구,주야간보호내치매전담2실,1,1,0,25.0,16,0.64,0.64,True,정원 대비 현원 가동률,0.0,2025-04-01,2026년 현재값이 아닌 과거 가동률 민감도 기준
26440,A03,부산광역시,강서구,노인요양시설(개정법),6,6,0,406.0,250,0.6157635467980296,0.6157635467980296,True,정원 대비 현원 가동률,0.0,2025-04-01,2026년 현재값이 아닌 과거 가동률 민감도 기준
26440,B01,부산광역시,강서구,재가노인복지시설 방문요양,6,6,0,0.0,112,,,False,방문형·복지용구는 정원 대비 비율 해석 금지,,2025-04-01,2026년 현재값이 아닌 과거 가동률 민감도 기준
26440,B02,부산광역시,강서구,재가노인복지시설 방문목욕,2,2,0,0.0,29,,,False,방문형·복지용구는 정원 대비 비율 해석 금지,,2025-04-01,2026년 현재값이 아닌 과거 가동률 민감도 기준
26440,B03,부산광역시,강서구,재가노인복지시설 주야간보호,5,5,0,235.0,127,0.5404255319148936,0.5404255319148936,True,정원 대비 현원 가동률,0.0,2025-04-01,2026년 현재값이 아닌 과거 가동률 민감도 기준
26440,B06,부산광역시,강서구,재가노인복지시설 복지용구,2,2,0,0.0,406,,,False,방문형·복지용구는 정원 대비 비율 해석 금지,,2025-04-01,2026년 현재값이 아닌 과거 가동률 민감도 기준
26440,C01,부산광역시,강서구,재가장기요양기관 방문요양,8,8,0,0.0,179,,,False,방문형·복지용구는 정원 대비 비율 해석 금지,,2025-04-01,2026년 현재값이 아닌 과거 가동률 민감도 기준
26440,C02,부산광역시,강서구,재가장기요양기관 방문목욕,3,3,0,0.0,13,,,False,방문형·복지용구는 정원 대비 비율 해석 금지,,2025-04-01,2026년 현재값이 아닌 과거 가동률 민감도 기준
26440,C03,부산광역시,강서구,재가장기요양기관 주야간보호,4,4,0,176.0,78,0.4431818181818182,0.4431818181818182,True,정원 대비 현원 가동률,0.0,2025-04-01,2026년 현재값이 아닌 과거 가동률 민감도 기준
26440,H31,부산광역시,강서구,주야간보호내치매전담1실,1,1,0,25.0,23,0.92,0.92,True,정원 대비 현원 가동률,0.0,2025-04-01,2026년 현재값이 아닌 과거 가동률 민감도 기준
26470,A03,부산광역시,연제구,노인요양시설(개정법),3,3,0,173.0,164,0.9479768786127167,0.9479768786127167,True,정원 대비 현원 가동률,0.0,2025-04-01,2026년 현재값이 아닌 과거 가동률 민감도 기준
26470,A04,부산광역시,연제구,노인요양공동생활가정,5,5,0,45.0,38,0.8444444444444444,0.8444444444444444,True,정원 대비 현원 가동률,0.0,2025-04-01,2026년 현재값이 아닌 과거 가동률 민감도 기준
26470,B01,부산광역시,연제구,재가노인복지시설 방문요양,17,17,0,215.0,188,0.8744186046511628,,False,방문형·복지용구는 정원 대비 비율 해석 금지,,2025-04-01,2026년 현재값이 아닌 과거 가동률 민감도 기준
26470,B02,부산광역시,연제구,재가노인복지시설 방문목욕,9,9,0,202.0,1,0.0049504950495049506,,False,방문형·복지용구는 정원 대비 비율 해석 금지,,2025-04-01,2026년 현재값이 아닌 과거 가동률 민감도 기준
26470,B03,부산광역시,연제구,재가노인복지시설 주야간보호,10,10,0,536.0,332,0.6194029850746269,0.6194029850746269,True,정원 대비 현원 가동률,1.0,2025-04-01,2026년 현재값이 아닌 과거 가동률 민감도 기준
26470,C01,부산광역시,연제구,재가장기요양기관 방문요양,32,32,0,0.0,1099,,,False,방문형·복지용구는 정원 대비 비율 해석 금지,,2025-04-01,2026년 현재값이 아닌 과거 가동률 민감도 기준
26470,C02,부산광역시,연제구,재가장기요양기관 방문목욕,20,20,0,0.0,8,,,False,방문형·복지용구는 정원 대비 비율 해석 금지,,2025-04-01,2026년 현재값이 아닌 과거 가동률 민감도 기준
26470,C03,부산광역시,연제구,재가장기요양기관 주야간보호,6,6,0,232.0,181,0.7801724137931034,0.7801724137931034,True,정원 대비 현원 가동률,1.0,2025-04-01,2026년 현재값이 아닌 과거 가동률 민감도 기준
26470,C05,부산광역시,연제구,재가장기요양기관 방문간호,1,1,0,0.0,7,,,False,방문형·복지용구는 정원 대비 비율 해석 금지,,2025-04-01,2026년 현재값이 아닌 과거 가동률 민감도 기준
26470,C06,부산광역시,연제구,재가장기요양기관 복지용구,1,1,0,0.0,0,,,False,방문형·복지용구는 정원 대비 비율 해석 금지,,2025-04-01,2026년 현재값이 아닌 과거 가동률 민감도 기준
26470,I31,부산광역시,연제구,주야간보호내치매전담1실,1,1,0,25.0,22,0.88,0.88,True,정원 대비 현원 가동률,0.0,2025-04-01,2026년 현재값이 아닌 과거 가동률 민감도 기준
26470,I32,부산광역시,연제구,주야간보호내치매전담2실,1,1,0,25.0,23,0.92,0.92,True,정원 대비 현원 가동률,0.0,2025-04-01,2026년 현재값이 아닌 과거 가동률 민감도 기준
26500,A03,부산광역시,수영구,노인요양시설(개정법),5,5,0,288.0,262,0.9097222222222222,0.9097222222222222,True,정원 대비 현원 가동률,0.0,2025-04-01,2026년 현재값이 아닌 과거 가동률 민감도 기준
26500,A04,부산광역시,수영구,노인요양공동생활가정,1,1,0,9.0,7,0.7777777777777778,0.7777777777777778,True,정원 대비 현원 가동률,0.0,2025-04-01,2026년 현재값이 아닌 과거 가동률 민감도 기준
26500,B01,부산광역시,수영구,재가노인복지시설 방문요양,22,22,0,0.0,348,,,False,방문형·복지용구는 정원 대비 비율 해석 금지,,2025-04-01,2026년 현재값이 아닌 과거 가동률 민감도 기준
26500,B02,부산광역시,수영구,재가노인복지시설 방문목욕,12,12,0,0.0,7,,,False,방문형·복지용구는 정원 대비 비율 해석 금지,,2025-04-01,2026년 현재값이 아닌 과거 가동률 민감도 기준
26500,B03,부산광역시,수영구,재가노인복지시설 주야간보호,11,11,0,640.0,399,0.6234375,0.6234375,True,정원 대비 현원 가동률,0.0,2025-04-01,2026년 현재값이 아닌 과거 가동률 민감도 기준
26500,B05,부산광역시,수영구,재가노인복지시설 방문간호,3,3,0,0.0,2,,,False,방문형·복지용구는 정원 대비 비율 해석 금지,,2025-04-01,2026년 현재값이 아닌 과거 가동률 민감도 기준
26500,C01,부산광역시,수영구,재가장기요양기관 방문요양,20,20,0,0.0,464,,,False,방문형·복지용구는 정원 대비 비율 해석 금지,,2025-04-01,2026년 현재값이 아닌 과거 가동률 민감도 기준
26500,C02,부산광역시,수영구,재가장기요양기관 방문목욕,14,14,0,0.0,5,,,False,방문형·복지용구는 정원 대비 비율 해석 금지,,2025-04-01,2026년 현재값이 아닌 과거 가동률 민감도 기준
26500,C03,부산광역시,수영구,재가장기요양기관 주야간보호,2,2,0,111.0,86,0.7747747747747747,0.7747747747747747,True,정원 대비 현원 가동률,0.0,2025-04-01,2026년 현재값이 아닌 과거 가동률 민감도 기준
26500,C05,부산광역시,수영구,재가장기요양기관 방문간호,2,2,0,0.0,15,,,False,방문형·복지용구는 정원 대비 비율 해석 금지,,2025-04-01,2026년 현재값이 아닌 과거 가동률 민감도 기준
26500,H31,부산광역시,수영구,주야간보호내치매전담1실,1,1,0,25.0,20,0.8,0.8,True,정원 대비 현원 가동률,0.0,2025-04-01,2026년 현재값이 아닌 과거 가동률 민감도 기준
26530,A03,부산광역시,사상구,노인요양시설(개정법),7,7,0,468.0,337,0.7200854700854701,0.7200854700854701,True,정원 대비 현원 가동률,0.0,2025-04-01,2026년 현재값이 아닌 과거 가동률 민감도 기준
26530,A04,부산광역시,사상구,노인요양공동생활가정,2,2,0,18.0,9,0.5,0.5,True,정원 대비 현원 가동률,0.0,2025-04-01,2026년 현재값이 아닌 과거 가동률 민감도 기준
26530,B01,부산광역시,사상구,재가노인복지시설 방문요양,22,22,0,0.0,342,,,False,방문형·복지용구는 정원 대비 비율 해석 금지,,2025-04-01,2026년 현재값이 아닌 과거 가동률 민감도 기준
26530,B02,부산광역시,사상구,재가노인복지시설 방문목욕,6,6,0,0.0,0,,,False,방문형·복지용구는 정원 대비 비율 해석 금지,,2025-04-01,2026년 현재값이 아닌 과거 가동률 민감도 기준
26530,B03,부산광역시,사상구,재가노인복지시설 주야간보호,10,10,0,503.0,325,0.6461232604373758,0.6461232604373758,True,정원 대비 현원 가동률,1.0,2025-04-01,2026년 현재값이 아닌 과거 가동률 민감도 기준
26530,B04,부산광역시,사상구,재가노인복지시설 단기보호,1,1,0,9.0,9,1.0,1.0,True,정원 대비 현원 가동률,0.0,2025-04-01,2026년 현재값이 아닌 과거 가동률 민감도 기준
26530,B06,부산광역시,사상구,재가노인복지시설 복지용구,1,1,0,0.0,0,,,False,방문형·복지용구는 정원 대비 비율 해석 금지,,2025-04-01,2026년 현재값이 아닌 과거 가동률 민감도 기준
26530,C01,부산광역시,사상구,재가장기요양기관 방문요양,19,19,0,0.0,641,,,False,방문형·복지용구는 정원 대비 비율 해석 금지,,2025-04-01,2026년 현재값이 아닌 과거 가동률 민감도 기준
26530,C02,부산광역시,사상구,재가장기요양기관 방문목욕,7,7,0,0.0,3,,,False,방문형·복지용구는 정원 대비 비율 해석 금지,,2025-04-01,2026년 현재값이 아닌 과거 가동률 민감도 기준
26530,C03,부산광역시,사상구,재가장기요양기관 주야간보호,9,9,0,540.0,342,0.6333333333333333,0.6333333333333333,True,정원 대비 현원 가동률,0.0,2025-04-01,2026년 현재값이 아닌 과거 가동률 민감도 기준
26530,C05,부산광역시,사상구,재가장기요양기관 방문간호,1,1,0,0.0,18,,,False,방문형·복지용구는 정원 대비 비율 해석 금지,,2025-04-01,2026년 현재값이 아닌 과거 가동률 민감도 기준
26530,C06,부산광역시,사상구,재가장기요양기관 복지용구,1,1,0,0.0,0,,,False,방문형·복지용구는 정원 대비 비율 해석 금지,,2025-04-01,2026년 현재값이 아닌 과거 가동률 민감도 기준
26530,G31,부산광역시,사상구,치매전담실가형1실,1,1,0,12.0,12,1.0,1.0,True,정원 대비 현원 가동률,0.0,2025-04-01,2026년 현재값이 아닌 과거 가동률 민감도 기준
26530,G32,부산광역시,사상구,치매전담실가형2실,1,1,0,12.0,12,1.0,1.0,True,정원 대비 현원 가동률,0.0,2025-04-01,2026년 현재값이 아닌 과거 가동률 민감도 기준
26530,G33,부산광역시,사상구,치매전담실가형3실,1,1,0,12.0,12,1.0,1.0,True,정원 대비 현원 가동률,0.0,2025-04-01,2026년 현재값이 아닌 과거 가동률 민감도 기준
26530,I31,부산광역시,사상구,주야간보호내치매전담1실,1,1,0,12.0,8,0.6666666666666666,0.6666666666666666,True,정원 대비 현원 가동률,0.0,2025-04-01,2026년 현재값이 아닌 과거 가동률 민감도 기준
26710,A03,부산광역시,기장군,노인요양시설(개정법),17,17,0,1215.0,974,0.8016460905349794,0.8016460905349794,True,정원 대비 현원 가동률,0.0,2025-04-01,2026년 현재값이 아닌 과거 가동률 민감도 기준
26710,A04,부산광역시,기장군,노인요양공동생활가정,3,3,0,27.0,16,0.5925925925925926,0.5925925925925926,True,정원 대비 현원 가동률,0.0,2025-04-01,2026년 현재값이 아닌 과거 가동률 민감도 기준
26710,B01,부산광역시,기장군,재가노인복지시설 방문요양,28,28,0,50.0,480,9.6,,False,방문형·복지용구는 정원 대비 비율 해석 금지,,2025-04-01,2026년 현재값이 아닌 과거 가동률 민감도 기준
26710,B02,부산광역시,기장군,재가노인복지시설 방문목욕,9,9,0,0.0,104,,,False,방문형·복지용구는 정원 대비 비율 해석 금지,,2025-04-01,2026년 현재값이 아닌 과거 가동률 민감도 기준
26710,B03,부산광역시,기장군,재가노인복지시설 주야간보호,15,15,0,658.0,422,0.6413373860182371,0.6413373860182371,True,정원 대비 현원 가동률,0.0,2025-04-01,2026년 현재값이 아닌 과거 가동률 민감도 기준
26710,B05,부산광역시,기장군,재가노인복지시설 방문간호,2,2,0,0.0,5,,,False,방문형·복지용구는 정원 대비 비율 해석 금지,,2025-04-01,2026년 현재값이 아닌 과거 가동률 민감도 기준
26710,B06,부산광역시,기장군,재가노인복지시설 복지용구,2,2,0,0.0,0,,,False,방문형·복지용구는 정원 대비 비율 해석 금지,,2025-04-01,2026년 현재값이 아닌 과거 가동률 민감도 기준
26710,C01,부산광역시,기장군,재가장기요양기관 방문요양,28,28,0,0.0,926,,,False,방문형·복지용구는 정원 대비 비율 해석 금지,,2025-04-01,2026년 현재값이 아닌 과거 가동률 민감도 기준
26710,C02,부산광역시,기장군,재가장기요양기관 방문목욕,16,16,0,0.0,7,,,False,방문형·복지용구는 정원 대비 비율 해석 금지,,2025-04-01,2026년 현재값이 아닌 과거 가동률 민감도 기준
26710,C03,부산광역시,기장군,재가장기요양기관 주야간보호,5,5,0,184.0,111,0.6032608695652174,0.6032608695652174,True,정원 대비 현원 가동률,0.0,2025-04-01,2026년 현재값이 아닌 과거 가동률 민감도 기준
26710,C04,부산광역시,기장군,재가장기요양기관 단기보호,1,1,0,20.0,0,0.0,0.0,True,정원 대비 현원 가동률,0.0,2025-04-01,2026년 현재값이 아닌 과거 가동률 민감도 기준
26710,C05,부산광역시,기장군,재가장기요양기관 방문간호,3,3,0,0.0,54,,,False,방문형·복지용구는 정원 대비 비율 해석 금지,,2025-04-01,2026년 현재값이 아닌 과거 가동률 민감도 기준
26710,H31,부산광역시,기장군,주야간보호내치매전담1실,3,3,0,66.0,24,0.36363636363636365,0.36363636363636365,True,정원 대비 현원 가동률,0.0,2025-04-01,2026년 현재값이 아닌 과거 가동률 민감도 기준
27110,A03,대구광역시,중구,노인요양시설(개정법),3,3,0,177.0,153,0.864406779661017,0.864406779661017,True,정원 대비 현원 가동률,0.0,2025-04-01,2026년 현재값이 아닌 과거 가동률 민감도 기준
27110,A04,대구광역시,중구,노인요양공동생활가정,2,2,0,18.0,18,1.0,1.0,True,정원 대비 현원 가동률,0.0,2025-04-01,2026년 현재값이 아닌 과거 가동률 민감도 기준
27110,B01,대구광역시,중구,재가노인복지시설 방문요양,14,14,0,20.0,259,12.95,,False,방문형·복지용구는 정원 대비 비율 해석 금지,,2025-04-01,2026년 현재값이 아닌 과거 가동률 민감도 기준
27110,B02,대구광역시,중구,재가노인복지시설 방문목욕,7,7,0,10.0,32,3.2,,False,방문형·복지용구는 정원 대비 비율 해석 금지,,2025-04-01,2026년 현재값이 아닌 과거 가동률 민감도 기준
27110,B03,대구광역시,중구,재가노인복지시설 주야간보호,3,3,0,132.0,125,0.946969696969697,0.946969696969697,True,정원 대비 현원 가동률,0.0,2025-04-01,2026년 현재값이 아닌 과거 가동률 민감도 기준
27110,C01,대구광역시,중구,재가장기요양기관 방문요양,15,15,0,112.0,282,2.517857142857143,,False,방문형·복지용구는 정원 대비 비율 해석 금지,,2025-04-01,2026년 현재값이 아닌 과거 가동률 민감도 기준
27110,C02,대구광역시,중구,재가장기요양기관 방문목욕,7,7,0,0.0,41,,,False,방문형·복지용구는 정원 대비 비율 해석 금지,,2025-04-01,2026년 현재값이 아닌 과거 가동률 민감도 기준
27110,C03,대구광역시,중구,재가장기요양기관 주야간보호,6,6,0,227.0,182,0.801762114537445,0.801762114537445,True,정원 대비 현원 가동률,0.0,2025-04-01,2026년 현재값이 아닌 과거 가동률 민감도 기준
27110,C06,대구광역시,중구,재가장기요양기관 복지용구,1,1,0,0.0,20,,,False,방문형·복지용구는 정원 대비 비율 해석 금지,,2025-04-01,2026년 현재값이 아닌 과거 가동률 민감도 기준
27140,A03,대구광역시,동구,노인요양시설(개정법),26,26,0,1420.0,1229,0.8654929577464788,0.8654929577464788,True,정원 대비 현원 가동률,1.0,2025-04-01,2026년 현재값이 아닌 과거 가동률 민감도 기준
27140,A04,대구광역시,동구,노인요양공동생활가정,14,14,0,124.0,112,0.9032258064516129,0.9032258064516129,True,정원 대비 현원 가동률,0.0,2025-04-01,2026년 현재값이 아닌 과거 가동률 민감도 기준
27140,B01,대구광역시,동구,재가노인복지시설 방문요양,42,42,0,0.0,577,,,False,방문형·복지용구는 정원 대비 비율 해석 금지,,2025-04-01,2026년 현재값이 아닌 과거 가동률 민감도 기준
27140,B02,대구광역시,동구,재가노인복지시설 방문목욕,4,4,0,0.0,0,,,False,방문형·복지용구는 정원 대비 비율 해석 금지,,2025-04-01,2026년 현재값이 아닌 과거 가동률 민감도 기준
27140,B03,대구광역시,동구,재가노인복지시설 주야간보호,23,23,0,994.0,727,0.7313883299798792,0.7313883299798792,True,정원 대비 현원 가동률,2.0,2025-04-01,2026년 현재값이 아닌 과거 가동률 민감도 기준
27140,B05,대구광역시,동구,재가노인복지시설 방문간호,2,2,0,0.0,19,,,False,방문형·복지용구는 정원 대비 비율 해석 금지,,2025-04-01,2026년 현재값이 아닌 과거 가동률 민감도 기준
27140,B06,대구광역시,동구,재가노인복지시설 복지용구,2,2,0,0.0,0,,,False,방문형·복지용구는 정원 대비 비율 해석 금지,,2025-04-01,2026년 현재값이 아닌 과거 가동률 민감도 기준
27140,C01,대구광역시,동구,재가장기요양기관 방문요양,102,102,0,12.0,2652,221.0,,False,방문형·복지용구는 정원 대비 비율 해석 금지,,2025-04-01,2026년 현재값이 아닌 과거 가동률 민감도 기준
27140,C02,대구광역시,동구,재가장기요양기관 방문목욕,56,56,0,6.0,147,24.5,,False,방문형·복지용구는 정원 대비 비율 해석 금지,,2025-04-01,2026년 현재값이 아닌 과거 가동률 민감도 기준
27140,C03,대구광역시,동구,재가장기요양기관 주야간보호,42,42,0,1311.0,931,0.7101449275362319,0.7101449275362319,True,정원 대비 현원 가동률,2.0,2025-04-01,2026년 현재값이 아닌 과거 가동률 민감도 기준
27140,C05,대구광역시,동구,재가장기요양기관 방문간호,8,8,0,0.0,16,,,False,방문형·복지용구는 정원 대비 비율 해석 금지,,2025-04-01,2026년 현재값이 아닌 과거 가동률 민감도 기준
27140,C06,대구광역시,동구,재가장기요양기관 복지용구,6,6,0,0.0,20,,,False,방문형·복지용구는 정원 대비 비율 해석 금지,,2025-04-01,2026년 현재값이 아닌 과거 가동률 민감도 기준
27140,H31,대구광역시,동구,주야간보호내치매전담1실,2,2,0,44.0,24,0.5454545454545454,0.5454545454545454,True,정원 대비 현원 가동률,0.0,2025-04-01,2026년 현재값이 아닌 과거 가동률 민감도 기준
27140,I31,대구광역시,동구,주야간보호내치매전담1실,1,1,0,13.0,13,1.0,1.0,True,정원 대비 현원 가동률,0.0,2025-04-01,2026년 현재값이 아닌 과거 가동률 민감도 기준
27140,S41,대구광역시,동구,치매전담형노인요양공동생활가정,1,1,0,9.0,9,1.0,1.0,True,정원 대비 현원 가동률,0.0,2025-04-01,2026년 현재값이 아닌 과거 가동률 민감도 기준
27170,A03,대구광역시,서구,노인요양시설(개정법),17,17,0,1064.0,966,0.9078947368421053,0.9078947368421053,True,정원 대비 현원 가동률,1.0,2025-04-01,2026년 현재값이 아닌 과거 가동률 민감도 기준
27170,A04,대구광역시,서구,노인요양공동생활가정,14,14,0,126.0,121,0.9603174603174603,0.9603174603174603,True,정원 대비 현원 가동률,0.0,2025-04-01,2026년 현재값이 아닌 과거 가동률 민감도 기준
27170,B01,대구광역시,서구,재가노인복지시설 방문요양,34,34,0,100.0,629,6.29,,False,방문형·복지용구는 정원 대비 비율 해석 금지,,2025-04-01,2026년 현재값이 아닌 과거 가동률 민감도 기준
27170,B02,대구광역시,서구,재가노인복지시설 방문목욕,15,15,0,40.0,5,0.125,,False,방문형·복지용구는 정원 대비 비율 해석 금지,,2025-04-01,2026년 현재값이 아닌 과거 가동률 민감도 기준
27170,B03,대구광역시,서구,재가노인복지시설 주야간보호,20,20,0,842.0,545,0.6472684085510689,0.6472684085510689,True,정원 대비 현원 가동률,0.0,2025-04-01,2026년 현재값이 아닌 과거 가동률 민감도 기준
27170,B05,대구광역시,서구,재가노인복지시설 방문간호,1,1,0,0.0,13,,,False,방문형·복지용구는 정원 대비 비율 해석 금지,,2025-04-01,2026년 현재값이 아닌 과거 가동률 민감도 기준
27170,B06,대구광역시,서구,재가노인복지시설 복지용구,2,2,0,0.0,0,,,False,방문형·복지용구는 정원 대비 비율 해석 금지,,2025-04-01,2026년 현재값이 아닌 과거 가동률 민감도 기준
27170,C01,대구광역시,서구,재가장기요양기관 방문요양,41,41,0,0.0,1189,,,False,방문형·복지용구는 정원 대비 비율 해석 금지,,2025-04-01,2026년 현재값이 아닌 과거 가동률 민감도 기준
27170,C02,대구광역시,서구,재가장기요양기관 방문목욕,20,20,0,0.0,75,,,False,방문형·복지용구는 정원 대비 비율 해석 금지,,2025-04-01,2026년 현재값이 아닌 과거 가동률 민감도 기준
27170,C03,대구광역시,서구,재가장기요양기관 주야간보호,12,12,0,340.0,287,0.8441176470588235,0.8441176470588235,True,정원 대비 현원 가동률,1.0,2025-04-01,2026년 현재값이 아닌 과거 가동률 민감도 기준
27170,C05,대구광역시,서구,재가장기요양기관 방문간호,1,1,0,0.0,0,,,False,방문형·복지용구는 정원 대비 비율 해석 금지,,2025-04-01,2026년 현재값이 아닌 과거 가동률 민감도 기준
27170,C06,대구광역시,서구,재가장기요양기관 복지용구,2,2,0,0.0,22,,,False,방문형·복지용구는 정원 대비 비율 해석 금지,,2025-04-01,2026년 현재값이 아닌 과거 가동률 민감도 기준
27170,H31,대구광역시,서구,주야간보호내치매전담1실,1,1,0,25.0,0,0.0,0.0,True,정원 대비 현원 가동률,0.0,2025-04-01,2026년 현재값이 아닌 과거 가동률 민감도 기준
27200,A03,대구광역시,남구,노인요양시설(개정법),14,14,0,770.0,707,0.9181818181818182,0.9181818181818182,True,정원 대비 현원 가동률,0.0,2025-04-01,2026년 현재값이 아닌 과거 가동률 민감도 기준
27200,A04,대구광역시,남구,노인요양공동생활가정,11,11,0,99.0,92,0.9292929292929293,0.9292929292929293,True,정원 대비 현원 가동률,0.0,2025-04-01,2026년 현재값이 아닌 과거 가동률 민감도 기준
27200,B01,대구광역시,남구,재가노인복지시설 방문요양,33,33,0,0.0,691,,,False,방문형·복지용구는 정원 대비 비율 해석 금지,,2025-04-01,2026년 현재값이 아닌 과거 가동률 민감도 기준
27200,B02,대구광역시,남구,재가노인복지시설 방문목욕,14,14,0,0.0,36,,,False,방문형·복지용구는 정원 대비 비율 해석 금지,,2025-04-01,2026년 현재값이 아닌 과거 가동률 민감도 기준
27200,B03,대구광역시,남구,재가노인복지시설 주야간보호,12,12,0,440.0,295,0.6704545454545454,0.6704545454545454,True,정원 대비 현원 가동률,0.0,2025-04-01,2026년 현재값이 아닌 과거 가동률 민감도 기준
27200,B05,대구광역시,남구,재가노인복지시설 방문간호,1,1,0,0.0,10,,,False,방문형·복지용구는 정원 대비 비율 해석 금지,,2025-04-01,2026년 현재값이 아닌 과거 가동률 민감도 기준
27200,C01,대구광역시,남구,재가장기요양기관 방문요양,42,42,0,0.0,1225,,,False,방문형·복지용구는 정원 대비 비율 해석 금지,,2025-04-01,2026년 현재값이 아닌 과거 가동률 민감도 기준
27200,C02,대구광역시,남구,재가장기요양기관 방문목욕,19,19,0,0.0,479,,,False,방문형·복지용구는 정원 대비 비율 해석 금지,,2025-04-01,2026년 현재값이 아닌 과거 가동률 민감도 기준
27200,C03,대구광역시,남구,재가장기요양기관 주야간보호,12,12,0,333.0,242,0.7267267267267268,0.7267267267267268,True,정원 대비 현원 가동률,0.0,2025-04-01,2026년 현재값이 아닌 과거 가동률 민감도 기준
27200,C06,대구광역시,남구,재가장기요양기관 복지용구,3,3,0,0.0,108,,,False,방문형·복지용구는 정원 대비 비율 해석 금지,,2025-04-01,2026년 현재값이 아닌 과거 가동률 민감도 기준
27200,H31,대구광역시,남구,주야간보호내치매전담1실,1,1,0,22.0,17,0.7727272727272727,0.7727272727272727,True,정원 대비 현원 가동률,0.0,2025-04-01,2026년 현재값이 아닌 과거 가동률 민감도 기준
27230,A03,대구광역시,북구,노인요양시설(개정법),32,32,0,1858.0,1537,0.8272335844994618,0.8272335844994618,True,정원 대비 현원 가동률,0.0,2025-04-01,2026년 현재값이 아닌 과거 가동률 민감도 기준
27230,A04,대구광역시,북구,노인요양공동생활가정,29,29,0,258.0,233,0.9031007751937985,0.9031007751937985,True,정원 대비 현원 가동률,0.0,2025-04-01,2026년 현재값이 아닌 과거 가동률 민감도 기준
27230,B01,대구광역시,북구,재가노인복지시설 방문요양,65,65,0,0.0,1020,,,False,방문형·복지용구는 정원 대비 비율 해석 금지,,2025-04-01,2026년 현재값이 아닌 과거 가동률 민감도 기준
27230,B02,대구광역시,북구,재가노인복지시설 방문목욕,15,15,0,0.0,0,,,False,방문형·복지용구는 정원 대비 비율 해석 금지,,2025-04-01,2026년 현재값이 아닌 과거 가동률 민감도 기준
27230,B03,대구광역시,북구,재가노인복지시설 주야간보호,36,36,0,1369.0,993,0.7253469685902119,0.7253469685902119,True,정원 대비 현원 가동률,2.0,2025-04-01,2026년 현재값이 아닌 과거 가동률 민감도 기준
27230,B06,대구광역시,북구,재가노인복지시설 복지용구,3,3,0,0.0,128,,,False,방문형·복지용구는 정원 대비 비율 해석 금지,,2025-04-01,2026년 현재값이 아닌 과거 가동률 민감도 기준
27230,C01,대구광역시,북구,재가장기요양기관 방문요양,66,66,0,0.0,1483,,,False,방문형·복지용구는 정원 대비 비율 해석 금지,,2025-04-01,2026년 현재값이 아닌 과거 가동률 민감도 기준
27230,C02,대구광역시,북구,재가장기요양기관 방문목욕,37,37,0,0.0,46,,,False,방문형·복지용구는 정원 대비 비율 해석 금지,,2025-04-01,2026년 현재값이 아닌 과거 가동률 민감도 기준
27230,C03,대구광역시,북구,재가장기요양기관 주야간보호,32,32,0,1313.0,1039,0.7913175932977913,0.7913175932977913,True,정원 대비 현원 가동률,1.0,2025-04-01,2026년 현재값이 아닌 과거 가동률 민감도 기준
27230,C04,대구광역시,북구,재가장기요양기관 단기보호,1,1,0,2.0,0,0.0,0.0,True,정원 대비 현원 가동률,0.0,2025-04-01,2026년 현재값이 아닌 과거 가동률 민감도 기준
27230,C05,대구광역시,북구,재가장기요양기관 방문간호,4,4,0,0.0,27,,,False,방문형·복지용구는 정원 대비 비율 해석 금지,,2025-04-01,2026년 현재값이 아닌 과거 가동률 민감도 기준
27230,C06,대구광역시,북구,재가장기요양기관 복지용구,2,2,0,0.0,710,,,False,방문형·복지용구는 정원 대비 비율 해석 금지,,2025-04-01,2026년 현재값이 아닌 과거 가동률 민감도 기준
27230,G31,대구광역시,북구,치매전담실가형1실,1,1,0,12.0,11,0.9166666666666666,0.9166666666666666,True,정원 대비 현원 가동률,0.0,2025-04-01,2026년 현재값이 아닌 과거 가동률 민감도 기준
27230,G32,대구광역시,북구,치매전담실가형2실,1,1,0,10.0,10,1.0,1.0,True,정원 대비 현원 가동률,0.0,2025-04-01,2026년 현재값이 아닌 과거 가동률 민감도 기준
27230,G33,대구광역시,북구,치매전담실가형3실,1,1,0,16.0,0,0.0,0.0,True,정원 대비 현원 가동률,0.0,2025-04-01,2026년 현재값이 아닌 과거 가동률 민감도 기준
27260,A03,대구광역시,수성구,노인요양시설(개정법),10,10,0,700.0,585,0.8357142857142857,0.8357142857142857,True,정원 대비 현원 가동률,0.0,2025-04-01,2026년 현재값이 아닌 과거 가동률 민감도 기준
27260,A04,대구광역시,수성구,노인요양공동생활가정,6,6,0,54.0,54,1.0,1.0,True,정원 대비 현원 가동률,0.0,2025-04-01,2026년 현재값이 아닌 과거 가동률 민감도 기준
27260,B01,대구광역시,수성구,재가노인복지시설 방문요양,67,67,0,25.0,1297,51.88,,False,방문형·복지용구는 정원 대비 비율 해석 금지,,2025-04-01,2026년 현재값이 아닌 과거 가동률 민감도 기준
27260,B02,대구광역시,수성구,재가노인복지시설 방문목욕,10,10,0,5.0,0,0.0,,False,방문형·복지용구는 정원 대비 비율 해석 금지,,2025-04-01,2026년 현재값이 아닌 과거 가동률 민감도 기준
27260,B03,대구광역시,수성구,재가노인복지시설 주야간보호,22,22,0,891.0,652,0.7317620650953984,0.7317620650953984,True,정원 대비 현원 가동률,1.0,2025-04-01,2026년 현재값이 아닌 과거 가동률 민감도 기준
27260,B04,대구광역시,수성구,재가노인복지시설 단기보호,1,1,0,3.0,0,0.0,0.0,True,정원 대비 현원 가동률,0.0,2025-04-01,2026년 현재값이 아닌 과거 가동률 민감도 기준
27260,B05,대구광역시,수성구,재가노인복지시설 방문간호,1,1,0,0.0,0,,,False,방문형·복지용구는 정원 대비 비율 해석 금지,,2025-04-01,2026년 현재값이 아닌 과거 가동률 민감도 기준
27260,B06,대구광역시,수성구,재가노인복지시설 복지용구,3,3,0,0.0,1,,,False,방문형·복지용구는 정원 대비 비율 해석 금지,,2025-04-01,2026년 현재값이 아닌 과거 가동률 민감도 기준
27260,C01,대구광역시,수성구,재가장기요양기관 방문요양,61,61,0,96.0,1591,16.572916666666668,,False,방문형·복지용구는 정원 대비 비율 해석 금지,,2025-04-01,2026년 현재값이 아닌 과거 가동률 민감도 기준
27260,C02,대구광역시,수성구,재가장기요양기관 방문목욕,30,30,0,45.0,74,1.6444444444444444,,False,방문형·복지용구는 정원 대비 비율 해석 금지,,2025-04-01,2026년 현재값이 아닌 과거 가동률 민감도 기준
27260,C03,대구광역시,수성구,재가장기요양기관 주야간보호,19,19,0,601.0,502,0.8352745424292846,0.8352745424292846,True,정원 대비 현원 가동률,1.0,2025-04-01,2026년 현재값이 아닌 과거 가동률 민감도 기준
27260,C04,대구광역시,수성구,재가장기요양기관 단기보호,1,1,0,13.0,9,0.6923076923076923,0.6923076923076923,True,정원 대비 현원 가동률,0.0,2025-04-01,2026년 현재값이 아닌 과거 가동률 민감도 기준
27260,C06,대구광역시,수성구,재가장기요양기관 복지용구,1,1,0,0.0,0,,,False,방문형·복지용구는 정원 대비 비율 해석 금지,,2025-04-01,2026년 현재값이 아닌 과거 가동률 민감도 기준
27260,I31,대구광역시,수성구,주야간보호내치매전담1실,2,2,0,37.0,28,0.7567567567567568,0.7567567567567568,True,정원 대비 현원 가동률,0.0,2025-04-01,2026년 현재값이 아닌 과거 가동률 민감도 기준
27260,S41,대구광역시,수성구,치매전담형노인요양공동생활가정,1,1,0,9.0,9,1.0,1.0,True,정원 대비 현원 가동률,0.0,2025-04-01,2026년 현재값이 아닌 과거 가동률 민감도 기준
27290,A03,대구광역시,달서구,노인요양시설(개정법),22,22,0,1255.0,1109,0.8836653386454183,0.8836653386454183,True,정원 대비 현원 가동률,0.0,2025-04-01,2026년 현재값이 아닌 과거 가동률 민감도 기준
27290,A04,대구광역시,달서구,노인요양공동생활가정,18,18,0,162.0,141,0.8703703703703703,0.8703703703703703,True,정원 대비 현원 가동률,0.0,2025-04-01,2026년 현재값이 아닌 과거 가동률 민감도 기준
27290,B01,대구광역시,달서구,재가노인복지시설 방문요양,80,80,0,15.0,1355,90.33333333333333,,False,방문형·복지용구는 정원 대비 비율 해석 금지,,2025-04-01,2026년 현재값이 아닌 과거 가동률 민감도 기준
27290,B02,대구광역시,달서구,재가노인복지시설 방문목욕,14,14,0,0.0,299,,,False,방문형·복지용구는 정원 대비 비율 해석 금지,,2025-04-01,2026년 현재값이 아닌 과거 가동률 민감도 기준
27290,B03,대구광역시,달서구,재가노인복지시설 주야간보호,43,43,0,1504.0,1068,0.7101063829787234,0.7101063829787234,True,정원 대비 현원 가동률,3.0,2025-04-01,2026년 현재값이 아닌 과거 가동률 민감도 기준
27290,B04,대구광역시,달서구,재가노인복지시설 단기보호,2,2,0,11.0,1,0.09090909090909091,0.09090909090909091,True,정원 대비 현원 가동률,0.0,2025-04-01,2026년 현재값이 아닌 과거 가동률 민감도 기준
27290,C01,대구광역시,달서구,재가장기요양기관 방문요양,75,75,0,69.0,1664,24.115942028985508,,False,방문형·복지용구는 정원 대비 비율 해석 금지,,2025-04-01,2026년 현재값이 아닌 과거 가동률 민감도 기준
27290,C02,대구광역시,달서구,재가장기요양기관 방문목욕,38,38,0,25.0,308,12.32,,False,방문형·복지용구는 정원 대비 비율 해석 금지,,2025-04-01,2026년 현재값이 아닌 과거 가동률 민감도 기준
27290,C03,대구광역시,달서구,재가장기요양기관 주야간보호,29,29,0,965.0,789,0.8176165803108808,0.8176165803108808,True,정원 대비 현원 가동률,1.0,2025-04-01,2026년 현재값이 아닌 과거 가동률 민감도 기준
27290,C04,대구광역시,달서구,재가장기요양기관 단기보호,1,1,0,3.0,1,0.3333333333333333,0.3333333333333333,True,정원 대비 현원 가동률,0.0,2025-04-01,2026년 현재값이 아닌 과거 가동률 민감도 기준
27290,C05,대구광역시,달서구,재가장기요양기관 방문간호,6,6,0,0.0,49,,,False,방문형·복지용구는 정원 대비 비율 해석 금지,,2025-04-01,2026년 현재값이 아닌 과거 가동률 민감도 기준
27290,C06,대구광역시,달서구,재가장기요양기관 복지용구,4,4,0,0.0,0,,,False,방문형·복지용구는 정원 대비 비율 해석 금지,,2025-04-01,2026년 현재값이 아닌 과거 가동률 민감도 기준
27290,G31,대구광역시,달서구,치매전담실가형1실,3,3,0,44.0,43,0.9772727272727273,0.9772727272727273,True,정원 대비 현원 가동률,0.0,2025-04-01,2026년 현재값이 아닌 과거 가동률 민감도 기준
27290,G32,대구광역시,달서구,치매전담실가형2실,1,1,0,12.0,12,1.0,1.0,True,정원 대비 현원 가동률,0.0,2025-04-01,2026년 현재값이 아닌 과거 가동률 민감도 기준
27290,G33,대구광역시,달서구,치매전담실가형3실,1,1,0,12.0,12,1.0,1.0,True,정원 대비 현원 가동률,0.0,2025-04-01,2026년 현재값이 아닌 과거 가동률 민감도 기준
27290,H31,대구광역시,달서구,주야간보호내치매전담1실,2,2,0,45.0,32,0.7111111111111111,0.7111111111111111,True,정원 대비 현원 가동률,0.0,2025-04-01,2026년 현재값이 아닌 과거 가동률 민감도 기준
27290,I31,대구광역시,달서구,주야간보호내치매전담1실,2,2,0,21.0,21,1.0,1.0,True,정원 대비 현원 가동률,1.0,2025-04-01,2026년 현재값이 아닌 과거 가동률 민감도 기준
27710,A03,대구광역시,달성군,노인요양시설(개정법),26,26,0,1640.0,1374,0.8378048780487805,0.8378048780487805,True,정원 대비 현원 가동률,1.0,2025-04-01,2026년 현재값이 아닌 과거 가동률 민감도 기준
27710,A04,대구광역시,달성군,노인요양공동생활가정,12,12,0,107.0,89,0.8317757009345794,0.8317757009345794,True,정원 대비 현원 가동률,0.0,2025-04-01,2026년 현재값이 아닌 과거 가동률 민감도 기준
27710,B01,대구광역시,달성군,재가노인복지시설 방문요양,22,22,0,0.0,451,,,False,방문형·복지용구는 정원 대비 비율 해석 금지,,2025-04-01,2026년 현재값이 아닌 과거 가동률 민감도 기준
27710,B02,대구광역시,달성군,재가노인복지시설 방문목욕,4,4,0,0.0,0,,,False,방문형·복지용구는 정원 대비 비율 해석 금지,,2025-04-01,2026년 현재값이 아닌 과거 가동률 민감도 기준
27710,B03,대구광역시,달성군,재가노인복지시설 주야간보호,16,16,0,558.0,349,0.6254480286738351,0.6254480286738351,True,정원 대비 현원 가동률,0.0,2025-04-01,2026년 현재값이 아닌 과거 가동률 민감도 기준
27710,C01,대구광역시,달성군,재가장기요양기관 방문요양,23,23,0,17.0,516,30.352941176470587,,False,방문형·복지용구는 정원 대비 비율 해석 금지,,2025-04-01,2026년 현재값이 아닌 과거 가동률 민감도 기준
27710,C02,대구광역시,달성군,재가장기요양기관 방문목욕,11,11,0,17.0,0,0.0,,False,방문형·복지용구는 정원 대비 비율 해석 금지,,2025-04-01,2026년 현재값이 아닌 과거 가동률 민감도 기준
27710,C03,대구광역시,달성군,재가장기요양기관 주야간보호,19,19,0,429.0,311,0.7249417249417249,0.7249417249417249,True,정원 대비 현원 가동률,0.0,2025-04-01,2026년 현재값이 아닌 과거 가동률 민감도 기준
27710,C05,대구광역시,달성군,재가장기요양기관 방문간호,1,1,0,0.0,1,,,False,방문형·복지용구는 정원 대비 비율 해석 금지,,2025-04-01,2026년 현재값이 아닌 과거 가동률 민감도 기준
27710,G31,대구광역시,달성군,치매전담실가형1실,2,2,0,28.0,26,0.9285714285714286,0.9285714285714286,True,정원 대비 현원 가동률,0.0,2025-04-01,2026년 현재값이 아닌 과거 가동률 민감도 기준
27710,G32,대구광역시,달성군,치매전담실가형2실,1,1,0,12.0,12,1.0,1.0,True,정원 대비 현원 가동률,0.0,2025-04-01,2026년 현재값이 아닌 과거 가동률 민감도 기준
27710,S41,대구광역시,달성군,치매전담형노인요양공동생활가정,1,1,0,9.0,9,1.0,1.0,True,정원 대비 현원 가동률,0.0,2025-04-01,2026년 현재값이 아닌 과거 가동률 민감도 기준
27720,A03,대구광역시,군위군,노인요양시설(개정법),2,2,0,128.0,94,0.734375,0.734375,True,정원 대비 현원 가동률,0.0,2025-04-01,2026년 현재값이 아닌 과거 가동률 민감도 기준
27720,A04,대구광역시,군위군,노인요양공동생활가정,1,1,0,9.0,9,1.0,1.0,True,정원 대비 현원 가동률,0.0,2025-04-01,2026년 현재값이 아닌 과거 가동률 민감도 기준
27720,B01,대구광역시,군위군,재가노인복지시설 방문요양,5,5,0,15.0,52,3.466666666666667,,False,방문형·복지용구는 정원 대비 비율 해석 금지,,2025-04-01,2026년 현재값이 아닌 과거 가동률 민감도 기준
27720,B02,대구광역시,군위군,재가노인복지시설 방문목욕,1,1,0,0.0,0,,,False,방문형·복지용구는 정원 대비 비율 해석 금지,,2025-04-01,2026년 현재값이 아닌 과거 가동률 민감도 기준
27720,B03,대구광역시,군위군,재가노인복지시설 주야간보호,6,6,0,163.0,155,0.950920245398773,0.950920245398773,True,정원 대비 현원 가동률,2.0,2025-04-01,2026년 현재값이 아닌 과거 가동률 민감도 기준
27720,B04,대구광역시,군위군,재가노인복지시설 단기보호,1,1,0,10.0,0,0.0,0.0,True,정원 대비 현원 가동률,0.0,2025-04-01,2026년 현재값이 아닌 과거 가동률 민감도 기준
27720,C01,대구광역시,군위군,재가장기요양기관 방문요양,8,8,0,50.0,335,6.7,,False,방문형·복지용구는 정원 대비 비율 해석 금지,,2025-04-01,2026년 현재값이 아닌 과거 가동률 민감도 기준
27720,C02,대구광역시,군위군,재가장기요양기관 방문목욕,3,3,0,50.0,77,1.54,,False,방문형·복지용구는 정원 대비 비율 해석 금지,,2025-04-01,2026년 현재값이 아닌 과거 가동률 민감도 기준
27720,C03,대구광역시,군위군,재가장기요양기관 주야간보호,1,1,0,28.0,27,0.9642857142857143,0.9642857142857143,True,정원 대비 현원 가동률,0.0,2025-04-01,2026년 현재값이 아닌 과거 가동률 민감도 기준
28110,A03,인천광역시,중구,노인요양시설(개정법),25,25,0,1186.0,976,0.8229342327150084,0.8229342327150084,True,정원 대비 현원 가동률,0.0,2025-04-01,2026년 현재값이 아닌 과거 가동률 민감도 기준
28110,A04,인천광역시,중구,노인요양공동생활가정,2,2,0,18.0,15,0.8333333333333334,0.8333333333333334,True,정원 대비 현원 가동률,0.0,2025-04-01,2026년 현재값이 아닌 과거 가동률 민감도 기준
28110,B01,인천광역시,중구,재가노인복지시설 방문요양,17,17,0,0.0,163,,,False,방문형·복지용구는 정원 대비 비율 해석 금지,,2025-04-01,2026년 현재값이 아닌 과거 가동률 민감도 기준
28110,B02,인천광역시,중구,재가노인복지시설 방문목욕,9,9,0,0.0,43,,,False,방문형·복지용구는 정원 대비 비율 해석 금지,,2025-04-01,2026년 현재값이 아닌 과거 가동률 민감도 기준
28110,B03,인천광역시,중구,재가노인복지시설 주야간보호,14,14,0,605.0,286,0.4727272727272727,0.4727272727272727,True,정원 대비 현원 가동률,0.0,2025-04-01,2026년 현재값이 아닌 과거 가동률 민감도 기준
28110,B06,인천광역시,중구,재가노인복지시설 복지용구,1,1,0,0.0,0,,,False,방문형·복지용구는 정원 대비 비율 해석 금지,,2025-04-01,2026년 현재값이 아닌 과거 가동률 민감도 기준
28110,C01,인천광역시,중구,재가장기요양기관 방문요양,10,10,0,15.0,267,17.8,,False,방문형·복지용구는 정원 대비 비율 해석 금지,,2025-04-01,2026년 현재값이 아닌 과거 가동률 민감도 기준
28110,C02,인천광역시,중구,재가장기요양기관 방문목욕,10,10,0,15.0,214,14.266666666666667,,False,방문형·복지용구는 정원 대비 비율 해석 금지,,2025-04-01,2026년 현재값이 아닌 과거 가동률 민감도 기준
28110,C03,인천광역시,중구,재가장기요양기관 주야간보호,6,6,0,239.0,156,0.6527196652719666,0.6527196652719666,True,정원 대비 현원 가동률,0.0,2025-04-01,2026년 현재값이 아닌 과거 가동률 민감도 기준
28110,C06,인천광역시,중구,재가장기요양기관 복지용구,1,1,0,0.0,0,,,False,방문형·복지용구는 정원 대비 비율 해석 금지,,2025-04-01,2026년 현재값이 아닌 과거 가동률 민감도 기준
28110,H31,인천광역시,중구,주야간보호내치매전담1실,1,1,0,24.0,3,0.125,0.125,True,정원 대비 현원 가동률,0.0,2025-04-01,2026년 현재값이 아닌 과거 가동률 민감도 기준
28140,A03,인천광역시,동구,노인요양시설(개정법),6,6,0,315.0,269,0.8539682539682539,0.8539682539682539,True,정원 대비 현원 가동률,0.0,2025-04-01,2026년 현재값이 아닌 과거 가동률 민감도 기준
28140,A04,인천광역시,동구,노인요양공동생활가정,2,2,0,18.0,18,1.0,1.0,True,정원 대비 현원 가동률,0.0,2025-04-01,2026년 현재값이 아닌 과거 가동률 민감도 기준
28140,B01,인천광역시,동구,재가노인복지시설 방문요양,5,5,0,0.0,31,,,False,방문형·복지용구는 정원 대비 비율 해석 금지,,2025-04-01,2026년 현재값이 아닌 과거 가동률 민감도 기준
28140,B02,인천광역시,동구,재가노인복지시설 방문목욕,5,5,0,0.0,0,,,False,방문형·복지용구는 정원 대비 비율 해석 금지,,2025-04-01,2026년 현재값이 아닌 과거 가동률 민감도 기준
28140,B03,인천광역시,동구,재가노인복지시설 주야간보호,2,2,0,46.0,43,0.9347826086956522,0.9347826086956522,True,정원 대비 현원 가동률,0.0,2025-04-01,2026년 현재값이 아닌 과거 가동률 민감도 기준
28140,C01,인천광역시,동구,재가장기요양기관 방문요양,14,14,0,0.0,409,,,False,방문형·복지용구는 정원 대비 비율 해석 금지,,2025-04-01,2026년 현재값이 아닌 과거 가동률 민감도 기준
28140,C02,인천광역시,동구,재가장기요양기관 방문목욕,13,13,0,0.0,97,,,False,방문형·복지용구는 정원 대비 비율 해석 금지,,2025-04-01,2026년 현재값이 아닌 과거 가동률 민감도 기준
28140,C03,인천광역시,동구,재가장기요양기관 주야간보호,2,2,0,83.0,71,0.8554216867469879,0.8554216867469879,True,정원 대비 현원 가동률,0.0,2025-04-01,2026년 현재값이 아닌 과거 가동률 민감도 기준
28140,C05,인천광역시,동구,재가장기요양기관 방문간호,2,2,0,0.0,54,,,False,방문형·복지용구는 정원 대비 비율 해석 금지,,2025-04-01,2026년 현재값이 아닌 과거 가동률 민감도 기준
28140,C06,인천광역시,동구,재가장기요양기관 복지용구,1,1,0,0.0,27,,,False,방문형·복지용구는 정원 대비 비율 해석 금지,,2025-04-01,2026년 현재값이 아닌 과거 가동률 민감도 기준
28140,H31,인천광역시,동구,주야간보호내치매전담1실,1,1,0,24.0,24,1.0,1.0,True,정원 대비 현원 가동률,0.0,2025-04-01,2026년 현재값이 아닌 과거 가동률 민감도 기준
28177,A03,인천광역시,미추홀구,노인요양시설(개정법),45,45,0,2386.0,2022,0.8474434199497066,0.8474434199497066,True,정원 대비 현원 가동률,1.0,2025-04-01,2026년 현재값이 아닌 과거 가동률 민감도 기준
28177,A04,인천광역시,미추홀구,노인요양공동생활가정,9,9,0,81.0,70,0.8641975308641975,0.8641975308641975,True,정원 대비 현원 가동률,0.0,2025-04-01,2026년 현재값이 아닌 과거 가동률 민감도 기준
28177,B01,인천광역시,미추홀구,재가노인복지시설 방문요양,81,81,0,0.0,1820,,,False,방문형·복지용구는 정원 대비 비율 해석 금지,,2025-04-01,2026년 현재값이 아닌 과거 가동률 민감도 기준
28177,B02,인천광역시,미추홀구,재가노인복지시설 방문목욕,61,61,0,0.0,258,,,False,방문형·복지용구는 정원 대비 비율 해석 금지,,2025-04-01,2026년 현재값이 아닌 과거 가동률 민감도 기준
28177,B03,인천광역시,미추홀구,재가노인복지시설 주야간보호,21,21,0,945.0,598,0.6328042328042328,0.6328042328042328,True,정원 대비 현원 가동률,0.0,2025-04-01,2026년 현재값이 아닌 과거 가동률 민감도 기준
28177,B05,인천광역시,미추홀구,재가노인복지시설 방문간호,6,6,0,0.0,142,,,False,방문형·복지용구는 정원 대비 비율 해석 금지,,2025-04-01,2026년 현재값이 아닌 과거 가동률 민감도 기준
28177,B06,인천광역시,미추홀구,재가노인복지시설 복지용구,2,2,0,0.0,655,,,False,방문형·복지용구는 정원 대비 비율 해석 금지,,2025-04-01,2026년 현재값이 아닌 과거 가동률 민감도 기준
28177,C01,인천광역시,미추홀구,재가장기요양기관 방문요양,63,63,0,0.0,2214,,,False,방문형·복지용구는 정원 대비 비율 해석 금지,,2025-04-01,2026년 현재값이 아닌 과거 가동률 민감도 기준
28177,C02,인천광역시,미추홀구,재가장기요양기관 방문목욕,52,52,0,0.0,651,,,False,방문형·복지용구는 정원 대비 비율 해석 금지,,2025-04-01,2026년 현재값이 아닌 과거 가동률 민감도 기준
28177,C03,인천광역시,미추홀구,재가장기요양기관 주야간보호,12,12,0,431.0,364,0.8445475638051044,0.8445475638051044,True,정원 대비 현원 가동률,1.0,2025-04-01,2026년 현재값이 아닌 과거 가동률 민감도 기준
28177,C05,인천광역시,미추홀구,재가장기요양기관 방문간호,3,3,0,0.0,36,,,False,방문형·복지용구는 정원 대비 비율 해석 금지,,2025-04-01,2026년 현재값이 아닌 과거 가동률 민감도 기준
28177,C06,인천광역시,미추홀구,재가장기요양기관 복지용구,5,5,0,0.0,121,,,False,방문형·복지용구는 정원 대비 비율 해석 금지,,2025-04-01,2026년 현재값이 아닌 과거 가동률 민감도 기준
28177,H31,인천광역시,미추홀구,주야간보호내치매전담1실,2,2,0,33.0,26,0.7878787878787878,0.7878787878787878,True,정원 대비 현원 가동률,0.0,2025-04-01,2026년 현재값이 아닌 과거 가동률 민감도 기준
28177,H32,인천광역시,미추홀구,주야간보호내치매전담2실,1,1,0,16.0,12,0.75,0.75,True,정원 대비 현원 가동률,0.0,2025-04-01,2026년 현재값이 아닌 과거 가동률 민감도 기준
28177,H33,인천광역시,미추홀구,주야간보호내치매전담3실,1,1,0,16.0,17,1.0625,1.0625,True,정원 대비 현원 가동률,1.0,2025-04-01,2026년 현재값이 아닌 과거 가동률 민감도 기준
28185,A03,인천광역시,연수구,노인요양시설(개정법),30,30,0,1417.0,1158,0.8172194777699365,0.8172194777699365,True,정원 대비 현원 가동률,2.0,2025-04-01,2026년 현재값이 아닌 과거 가동률 민감도 기준
28185,A04,인천광역시,연수구,노인요양공동생활가정,6,6,0,54.0,44,0.8148148148148148,0.8148148148148148,True,정원 대비 현원 가동률,0.0,2025-04-01,2026년 현재값이 아닌 과거 가동률 민감도 기준
28185,B01,인천광역시,연수구,재가노인복지시설 방문요양,38,38,0,15.0,604,40.266666666666666,,False,방문형·복지용구는 정원 대비 비율 해석 금지,,2025-04-01,2026년 현재값이 아닌 과거 가동률 민감도 기준
28185,B02,인천광역시,연수구,재가노인복지시설 방문목욕,27,27,0,15.0,23,1.5333333333333334,,False,방문형·복지용구는 정원 대비 비율 해석 금지,,2025-04-01,2026년 현재값이 아닌 과거 가동률 민감도 기준
28185,B03,인천광역시,연수구,재가노인복지시설 주야간보호,23,23,0,931.0,675,0.7250268528464017,0.7250268528464017,True,정원 대비 현원 가동률,1.0,2025-04-01,2026년 현재값이 아닌 과거 가동률 민감도 기준
28185,B05,인천광역시,연수구,재가노인복지시설 방문간호,1,1,0,0.0,0,,,False,방문형·복지용구는 정원 대비 비율 해석 금지,,2025-04-01,2026년 현재값이 아닌 과거 가동률 민감도 기준
28185,C01,인천광역시,연수구,재가장기요양기관 방문요양,36,36,0,0.0,1068,,,False,방문형·복지용구는 정원 대비 비율 해석 금지,,2025-04-01,2026년 현재값이 아닌 과거 가동률 민감도 기준
28185,C02,인천광역시,연수구,재가장기요양기관 방문목욕,28,28,0,0.0,165,,,False,방문형·복지용구는 정원 대비 비율 해석 금지,,2025-04-01,2026년 현재값이 아닌 과거 가동률 민감도 기준
28185,C03,인천광역시,연수구,재가장기요양기관 주야간보호,8,8,0,302.0,235,0.7781456953642384,0.7781456953642384,True,정원 대비 현원 가동률,0.0,2025-04-01,2026년 현재값이 아닌 과거 가동률 민감도 기준
28185,C05,인천광역시,연수구,재가장기요양기관 방문간호,2,2,0,0.0,13,,,False,방문형·복지용구는 정원 대비 비율 해석 금지,,2025-04-01,2026년 현재값이 아닌 과거 가동률 민감도 기준
28185,C06,인천광역시,연수구,재가장기요양기관 복지용구,4,4,0,0.0,125,,,False,방문형·복지용구는 정원 대비 비율 해석 금지,,2025-04-01,2026년 현재값이 아닌 과거 가동률 민감도 기준
28185,H31,인천광역시,연수구,주야간보호내치매전담1실,2,2,0,33.0,33,1.0,1.0,True,정원 대비 현원 가동률,0.0,2025-04-01,2026년 현재값이 아닌 과거 가동률 민감도 기준
28200,A03,인천광역시,남동구,노인요양시설(개정법),92,92,0,4108.0,3516,0.8558909444985394,0.8558909444985394,True,정원 대비 현원 가동률,0.0,2025-04-01,2026년 현재값이 아닌 과거 가동률 민감도 기준
28200,A04,인천광역시,남동구,노인요양공동생활가정,27,27,0,238.0,199,0.8361344537815126,0.8361344537815126,True,정원 대비 현원 가동률,0.0,2025-04-01,2026년 현재값이 아닌 과거 가동률 민감도 기준
28200,B01,인천광역시,남동구,재가노인복지시설 방문요양,81,81,0,0.0,1686,,,False,방문형·복지용구는 정원 대비 비율 해석 금지,,2025-04-01,2026년 현재값이 아닌 과거 가동률 민감도 기준
28200,B02,인천광역시,남동구,재가노인복지시설 방문목욕,61,61,0,0.0,161,,,False,방문형·복지용구는 정원 대비 비율 해석 금지,,2025-04-01,2026년 현재값이 아닌 과거 가동률 민감도 기준
28200,B03,인천광역시,남동구,재가노인복지시설 주야간보호,34,34,0,1220.0,816,0.6688524590163935,0.6688524590163935,True,정원 대비 현원 가동률,2.0,2025-04-01,2026년 현재값이 아닌 과거 가동률 민감도 기준
28200,B04,인천광역시,남동구,재가노인복지시설 단기보호,1,1,0,9.0,3,0.3333333333333333,0.3333333333333333,True,정원 대비 현원 가동률,0.0,2025-04-01,2026년 현재값이 아닌 과거 가동률 민감도 기준
28200,B05,인천광역시,남동구,재가노인복지시설 방문간호,4,4,0,0.0,39,,,False,방문형·복지용구는 정원 대비 비율 해석 금지,,2025-04-01,2026년 현재값이 아닌 과거 가동률 민감도 기준
28200,B06,인천광역시,남동구,재가노인복지시설 복지용구,5,5,0,0.0,74,,,False,방문형·복지용구는 정원 대비 비율 해석 금지,,2025-04-01,2026년 현재값이 아닌 과거 가동률 민감도 기준
28200,C01,인천광역시,남동구,재가장기요양기관 방문요양,72,72,0,0.0,2544,,,False,방문형·복지용구는 정원 대비 비율 해석 금지,,2025-04-01,2026년 현재값이 아닌 과거 가동률 민감도 기준
28200,C02,인천광역시,남동구,재가장기요양기관 방문목욕,56,56,0,0.0,393,,,False,방문형·복지용구는 정원 대비 비율 해석 금지,,2025-04-01,2026년 현재값이 아닌 과거 가동률 민감도 기준
28200,C03,인천광역시,남동구,재가장기요양기관 주야간보호,22,22,0,797.0,595,0.7465495608531995,0.7465495608531995,True,정원 대비 현원 가동률,1.0,2025-04-01,2026년 현재값이 아닌 과거 가동률 민감도 기준
28200,C05,인천광역시,남동구,재가장기요양기관 방문간호,6,6,0,0.0,124,,,False,방문형·복지용구는 정원 대비 비율 해석 금지,,2025-04-01,2026년 현재값이 아닌 과거 가동률 민감도 기준
28200,C06,인천광역시,남동구,재가장기요양기관 복지용구,4,4,0,0.0,52,,,False,방문형·복지용구는 정원 대비 비율 해석 금지,,2025-04-01,2026년 현재값이 아닌 과거 가동률 민감도 기준
28200,G31,인천광역시,남동구,치매전담실가형1실,2,2,0,32.0,28,0.875,0.875,True,정원 대비 현원 가동률,0.0,2025-04-01,2026년 현재값이 아닌 과거 가동률 민감도 기준
28200,G32,인천광역시,남동구,치매전담실가형2실,1,1,0,16.0,16,1.0,1.0,True,정원 대비 현원 가동률,0.0,2025-04-01,2026년 현재값이 아닌 과거 가동률 민감도 기준
28200,S41,인천광역시,남동구,치매전담형노인요양공동생활가정,1,1,0,8.0,8,1.0,1.0,True,정원 대비 현원 가동률,0.0,2025-04-01,2026년 현재값이 아닌 과거 가동률 민감도 기준
28237,A03,인천광역시,부평구,노인요양시설(개정법),56,56,0,2655.0,2198,0.8278719397363465,0.8278719397363465,True,정원 대비 현원 가동률,1.0,2025-04-01,2026년 현재값이 아닌 과거 가동률 민감도 기준
28237,A04,인천광역시,부평구,노인요양공동생활가정,9,9,0,81.0,71,0.8765432098765432,0.8765432098765432,True,정원 대비 현원 가동률,0.0,2025-04-01,2026년 현재값이 아닌 과거 가동률 민감도 기준
28237,B01,인천광역시,부평구,재가노인복지시설 방문요양,61,61,0,0.0,1127,,,False,방문형·복지용구는 정원 대비 비율 해석 금지,,2025-04-01,2026년 현재값이 아닌 과거 가동률 민감도 기준
28237,B02,인천광역시,부평구,재가노인복지시설 방문목욕,41,41,0,0.0,73,,,False,방문형·복지용구는 정원 대비 비율 해석 금지,,2025-04-01,2026년 현재값이 아닌 과거 가동률 민감도 기준
28237,B03,인천광역시,부평구,재가노인복지시설 주야간보호,18,18,0,793.0,709,0.8940731399747793,0.8940731399747793,True,정원 대비 현원 가동률,1.0,2025-04-01,2026년 현재값이 아닌 과거 가동률 민감도 기준
28237,B04,인천광역시,부평구,재가노인복지시설 단기보호,1,1,0,5.0,2,0.4,0.4,True,정원 대비 현원 가동률,0.0,2025-04-01,2026년 현재값이 아닌 과거 가동률 민감도 기준
28237,B05,인천광역시,부평구,재가노인복지시설 방문간호,3,3,0,0.0,50,,,False,방문형·복지용구는 정원 대비 비율 해석 금지,,2025-04-01,2026년 현재값이 아닌 과거 가동률 민감도 기준
28237,B06,인천광역시,부평구,재가노인복지시설 복지용구,2,2,0,0.0,50,,,False,방문형·복지용구는 정원 대비 비율 해석 금지,,2025-04-01,2026년 현재값이 아닌 과거 가동률 민감도 기준
28237,C01,인천광역시,부평구,재가장기요양기관 방문요양,68,68,0,0.0,1945,,,False,방문형·복지용구는 정원 대비 비율 해석 금지,,2025-04-01,2026년 현재값이 아닌 과거 가동률 민감도 기준
28237,C02,인천광역시,부평구,재가장기요양기관 방문목욕,59,59,0,0.0,153,,,False,방문형·복지용구는 정원 대비 비율 해석 금지,,2025-04-01,2026년 현재값이 아닌 과거 가동률 민감도 기준
28237,C03,인천광역시,부평구,재가장기요양기관 주야간보호,7,7,0,254.0,140,0.5511811023622047,0.5511811023622047,True,정원 대비 현원 가동률,0.0,2025-04-01,2026년 현재값이 아닌 과거 가동률 민감도 기준
28237,C04,인천광역시,부평구,재가장기요양기관 단기보호,1,1,0,6.0,3,0.5,0.5,True,정원 대비 현원 가동률,0.0,2025-04-01,2026년 현재값이 아닌 과거 가동률 민감도 기준
28237,C05,인천광역시,부평구,재가장기요양기관 방문간호,6,6,0,0.0,191,,,False,방문형·복지용구는 정원 대비 비율 해석 금지,,2025-04-01,2026년 현재값이 아닌 과거 가동률 민감도 기준
28237,C06,인천광역시,부평구,재가장기요양기관 복지용구,3,3,0,0.0,5,,,False,방문형·복지용구는 정원 대비 비율 해석 금지,,2025-04-01,2026년 현재값이 아닌 과거 가동률 민감도 기준
28237,G31,인천광역시,부평구,치매전담실가형1실,2,2,0,32.0,32,1.0,1.0,True,정원 대비 현원 가동률,0.0,2025-04-01,2026년 현재값이 아닌 과거 가동률 민감도 기준
28237,G32,인천광역시,부평구,치매전담실가형2실,1,1,0,16.0,16,1.0,1.0,True,정원 대비 현원 가동률,0.0,2025-04-01,2026년 현재값이 아닌 과거 가동률 민감도 기준
28237,H31,인천광역시,부평구,주야간보호내치매전담1실,1,1,0,20.0,19,0.95,0.95,True,정원 대비 현원 가동률,0.0,2025-04-01,2026년 현재값이 아닌 과거 가동률 민감도 기준
28237,H32,인천광역시,부평구,주야간보호내치매전담2실,1,1,0,20.0,12,0.6,0.6,True,정원 대비 현원 가동률,0.0,2025-04-01,2026년 현재값이 아닌 과거 가동률 민감도 기준
28245,A03,인천광역시,계양구,노인요양시설(개정법),57,57,0,2455.0,2130,0.8676171079429735,0.8676171079429735,True,정원 대비 현원 가동률,1.0,2025-04-01,2026년 현재값이 아닌 과거 가동률 민감도 기준
28245,A04,인천광역시,계양구,노인요양공동생활가정,11,11,0,99.0,94,0.9494949494949495,0.9494949494949495,True,정원 대비 현원 가동률,0.0,2025-04-01,2026년 현재값이 아닌 과거 가동률 민감도 기준
28245,B01,인천광역시,계양구,재가노인복지시설 방문요양,45,45,0,0.0,1063,,,False,방문형·복지용구는 정원 대비 비율 해석 금지,,2025-04-01,2026년 현재값이 아닌 과거 가동률 민감도 기준
28245,B02,인천광역시,계양구,재가노인복지시설 방문목욕,31,31,0,0.0,27,,,False,방문형·복지용구는 정원 대비 비율 해석 금지,,2025-04-01,2026년 현재값이 아닌 과거 가동률 민감도 기준
28245,B03,인천광역시,계양구,재가노인복지시설 주야간보호,19,19,0,734.0,531,0.723433242506812,0.723433242506812,True,정원 대비 현원 가동률,0.0,2025-04-01,2026년 현재값이 아닌 과거 가동률 민감도 기준
28245,B06,인천광역시,계양구,재가노인복지시설 복지용구,2,2,0,0.0,0,,,False,방문형·복지용구는 정원 대비 비율 해석 금지,,2025-04-01,2026년 현재값이 아닌 과거 가동률 민감도 기준
28245,C01,인천광역시,계양구,재가장기요양기관 방문요양,47,47,0,0.0,1401,,,False,방문형·복지용구는 정원 대비 비율 해석 금지,,2025-04-01,2026년 현재값이 아닌 과거 가동률 민감도 기준
28245,C02,인천광역시,계양구,재가장기요양기관 방문목욕,38,38,0,0.0,56,,,False,방문형·복지용구는 정원 대비 비율 해석 금지,,2025-04-01,2026년 현재값이 아닌 과거 가동률 민감도 기준
28245,C03,인천광역시,계양구,재가장기요양기관 주야간보호,7,7,0,209.0,145,0.69377990430622,0.69377990430622,True,정원 대비 현원 가동률,0.0,2025-04-01,2026년 현재값이 아닌 과거 가동률 민감도 기준
28245,C05,인천광역시,계양구,재가장기요양기관 방문간호,3,3,0,0.0,40,,,False,방문형·복지용구는 정원 대비 비율 해석 금지,,2025-04-01,2026년 현재값이 아닌 과거 가동률 민감도 기준
28245,C06,인천광역시,계양구,재가장기요양기관 복지용구,3,3,0,0.0,44,,,False,방문형·복지용구는 정원 대비 비율 해석 금지,,2025-04-01,2026년 현재값이 아닌 과거 가동률 민감도 기준
28245,G31,인천광역시,계양구,치매전담실가형1실,2,2,0,24.0,24,1.0,1.0,True,정원 대비 현원 가동률,0.0,2025-04-01,2026년 현재값이 아닌 과거 가동률 민감도 기준
28245,H31,인천광역시,계양구,주야간보호내치매전담1실,2,2,0,41.0,38,0.926829268292683,0.926829268292683,True,정원 대비 현원 가동률,0.0,2025-04-01,2026년 현재값이 아닌 과거 가동률 민감도 기준
28260,A03,인천광역시,서구,노인요양시설(개정법),94,94,0,4079.0,3404,0.8345182642804609,0.8345182642804609,True,정원 대비 현원 가동률,2.0,2025-04-01,2026년 현재값이 아닌 과거 가동률 민감도 기준
28260,A04,인천광역시,서구,노인요양공동생활가정,5,5,0,45.0,36,0.8,0.8,True,정원 대비 현원 가동률,0.0,2025-04-01,2026년 현재값이 아닌 과거 가동률 민감도 기준
28260,B01,인천광역시,서구,재가노인복지시설 방문요양,83,83,0,0.0,1675,,,False,방문형·복지용구는 정원 대비 비율 해석 금지,,2025-04-01,2026년 현재값이 아닌 과거 가동률 민감도 기준
28260,B02,인천광역시,서구,재가노인복지시설 방문목욕,58,58,0,0.0,133,,,False,방문형·복지용구는 정원 대비 비율 해석 금지,,2025-04-01,2026년 현재값이 아닌 과거 가동률 민감도 기준
28260,B03,인천광역시,서구,재가노인복지시설 주야간보호,40,40,0,1478.0,1181,0.7990527740189445,0.7990527740189445,True,정원 대비 현원 가동률,3.0,2025-04-01,2026년 현재값이 아닌 과거 가동률 민감도 기준
28260,B05,인천광역시,서구,재가노인복지시설 방문간호,3,3,0,0.0,18,,,False,방문형·복지용구는 정원 대비 비율 해석 금지,,2025-04-01,2026년 현재값이 아닌 과거 가동률 민감도 기준
28260,C01,인천광역시,서구,재가장기요양기관 방문요양,47,47,0,0.0,1432,,,False,방문형·복지용구는 정원 대비 비율 해석 금지,,2025-04-01,2026년 현재값이 아닌 과거 가동률 민감도 기준
28260,C02,인천광역시,서구,재가장기요양기관 방문목욕,39,39,0,0.0,61,,,False,방문형·복지용구는 정원 대비 비율 해석 금지,,2025-04-01,2026년 현재값이 아닌 과거 가동률 민감도 기준
28260,C03,인천광역시,서구,재가장기요양기관 주야간보호,6,6,0,299.0,241,0.8060200668896321,0.8060200668896321,True,정원 대비 현원 가동률,0.0,2025-04-01,2026년 현재값이 아닌 과거 가동률 민감도 기준
28260,C05,인천광역시,서구,재가장기요양기관 방문간호,3,3,0,0.0,59,,,False,방문형·복지용구는 정원 대비 비율 해석 금지,,2025-04-01,2026년 현재값이 아닌 과거 가동률 민감도 기준
28260,C06,인천광역시,서구,재가장기요양기관 복지용구,1,1,0,0.0,120,,,False,방문형·복지용구는 정원 대비 비율 해석 금지,,2025-04-01,2026년 현재값이 아닌 과거 가동률 민감도 기준
28260,G31,인천광역시,서구,치매전담실가형1실,3,3,0,44.0,30,0.6818181818181818,0.6818181818181818,True,정원 대비 현원 가동률,0.0,2025-04-01,2026년 현재값이 아닌 과거 가동률 민감도 기준
28260,G32,인천광역시,서구,치매전담실가형2실,2,2,0,31.0,29,0.9354838709677419,0.9354838709677419,True,정원 대비 현원 가동률,0.0,2025-04-01,2026년 현재값이 아닌 과거 가동률 민감도 기준
28260,G33,인천광역시,서구,치매전담실가형3실,1,1,0,15.0,13,0.8666666666666667,0.8666666666666667,True,정원 대비 현원 가동률,0.0,2025-04-01,2026년 현재값이 아닌 과거 가동률 민감도 기준
28260,H31,인천광역시,서구,주야간보호내치매전담1실,5,5,0,118.0,111,0.940677966101695,0.940677966101695,True,정원 대비 현원 가동률,0.0,2025-04-01,2026년 현재값이 아닌 과거 가동률 민감도 기준
28260,H32,인천광역시,서구,주야간보호내치매전담2실,2,2,0,33.0,28,0.8484848484848485,0.8484848484848485,True,정원 대비 현원 가동률,0.0,2025-04-01,2026년 현재값이 아닌 과거 가동률 민감도 기준
28260,S41,인천광역시,서구,치매전담형노인요양공동생활가정,1,1,0,9.0,9,1.0,1.0,True,정원 대비 현원 가동률,0.0,2025-04-01,2026년 현재값이 아닌 과거 가동률 민감도 기준
28710,A03,인천광역시,강화군,노인요양시설(개정법),23,23,0,1475.0,1013,0.6867796610169492,0.6867796610169492,True,정원 대비 현원 가동률,0.0,2025-04-01,2026년 현재값이 아닌 과거 가동률 민감도 기준
28710,A04,인천광역시,강화군,노인요양공동생활가정,8,8,0,70.0,65,0.9285714285714286,0.9285714285714286,True,정원 대비 현원 가동률,0.0,2025-04-01,2026년 현재값이 아닌 과거 가동률 민감도 기준
28710,B01,인천광역시,강화군,재가노인복지시설 방문요양,8,8,0,0.0,96,,,False,방문형·복지용구는 정원 대비 비율 해석 금지,,2025-04-01,2026년 현재값이 아닌 과거 가동률 민감도 기준
28710,B02,인천광역시,강화군,재가노인복지시설 방문목욕,8,8,0,0.0,27,,,False,방문형·복지용구는 정원 대비 비율 해석 금지,,2025-04-01,2026년 현재값이 아닌 과거 가동률 민감도 기준
28710,B03,인천광역시,강화군,재가노인복지시설 주야간보호,4,4,0,167.0,119,0.7125748502994012,0.7125748502994012,True,정원 대비 현원 가동률,0.0,2025-04-01,2026년 현재값이 아닌 과거 가동률 민감도 기준
28710,C01,인천광역시,강화군,재가장기요양기관 방문요양,9,9,0,0.0,364,,,False,방문형·복지용구는 정원 대비 비율 해석 금지,,2025-04-01,2026년 현재값이 아닌 과거 가동률 민감도 기준
28710,C02,인천광역시,강화군,재가장기요양기관 방문목욕,8,8,0,0.0,110,,,False,방문형·복지용구는 정원 대비 비율 해석 금지,,2025-04-01,2026년 현재값이 아닌 과거 가동률 민감도 기준
28710,C03,인천광역시,강화군,재가장기요양기관 주야간보호,3,3,0,63.0,58,0.9206349206349206,0.9206349206349206,True,정원 대비 현원 가동률,0.0,2025-04-01,2026년 현재값이 아닌 과거 가동률 민감도 기준
28710,C05,인천광역시,강화군,재가장기요양기관 방문간호,1,1,0,0.0,32,,,False,방문형·복지용구는 정원 대비 비율 해석 금지,,2025-04-01,2026년 현재값이 아닌 과거 가동률 민감도 기준
28710,C06,인천광역시,강화군,재가장기요양기관 복지용구,1,1,0,0.0,0,,,False,방문형·복지용구는 정원 대비 비율 해석 금지,,2025-04-01,2026년 현재값이 아닌 과거 가동률 민감도 기준
28710,H31,인천광역시,강화군,주야간보호내치매전담1실,1,1,0,9.0,6,0.6666666666666666,0.6666666666666666,True,정원 대비 현원 가동률,0.0,2025-04-01,2026년 현재값이 아닌 과거 가동률 민감도 기준
28720,A03,인천광역시,옹진군,노인요양시설(개정법),2,2,0,102.0,58,0.5686274509803921,0.5686274509803921,True,정원 대비 현원 가동률,0.0,2025-04-01,2026년 현재값이 아닌 과거 가동률 민감도 기준
28720,A04,인천광역시,옹진군,노인요양공동생활가정,5,5,0,45.0,32,0.7111111111111111,0.7111111111111111,True,정원 대비 현원 가동률,0.0,2025-04-01,2026년 현재값이 아닌 과거 가동률 민감도 기준
28720,B01,인천광역시,옹진군,재가노인복지시설 방문요양,2,2,0,14.0,0,0.0,,False,방문형·복지용구는 정원 대비 비율 해석 금지,,2025-04-01,2026년 현재값이 아닌 과거 가동률 민감도 기준
28720,B03,인천광역시,옹진군,재가노인복지시설 주야간보호,5,5,0,97.0,38,0.3917525773195876,0.3917525773195876,True,정원 대비 현원 가동률,0.0,2025-04-01,2026년 현재값이 아닌 과거 가동률 민감도 기준
29110,A03,광주광역시,동구,노인요양시설(개정법),9,9,0,366.0,283,0.773224043715847,0.773224043715847,True,정원 대비 현원 가동률,0.0,2025-04-01,2026년 현재값이 아닌 과거 가동률 민감도 기준
29110,A04,광주광역시,동구,노인요양공동생활가정,2,2,0,18.0,17,0.9444444444444444,0.9444444444444444,True,정원 대비 현원 가동률,0.0,2025-04-01,2026년 현재값이 아닌 과거 가동률 민감도 기준
29110,B01,광주광역시,동구,재가노인복지시설 방문요양,26,26,0,0.0,496,,,False,방문형·복지용구는 정원 대비 비율 해석 금지,,2025-04-01,2026년 현재값이 아닌 과거 가동률 민감도 기준
29110,B02,광주광역시,동구,재가노인복지시설 방문목욕,11,11,0,0.0,83,,,False,방문형·복지용구는 정원 대비 비율 해석 금지,,2025-04-01,2026년 현재값이 아닌 과거 가동률 민감도 기준
29110,B03,광주광역시,동구,재가노인복지시설 주야간보호,10,10,0,547.0,355,0.6489945155393053,0.6489945155393053,True,정원 대비 현원 가동률,0.0,2025-04-01,2026년 현재값이 아닌 과거 가동률 민감도 기준
29110,B05,광주광역시,동구,재가노인복지시설 방문간호,1,1,0,0.0,2,,,False,방문형·복지용구는 정원 대비 비율 해석 금지,,2025-04-01,2026년 현재값이 아닌 과거 가동률 민감도 기준
29110,C01,광주광역시,동구,재가장기요양기관 방문요양,12,12,0,0.0,301,,,False,방문형·복지용구는 정원 대비 비율 해석 금지,,2025-04-01,2026년 현재값이 아닌 과거 가동률 민감도 기준
29110,C02,광주광역시,동구,재가장기요양기관 방문목욕,6,6,0,0.0,7,,,False,방문형·복지용구는 정원 대비 비율 해석 금지,,2025-04-01,2026년 현재값이 아닌 과거 가동률 민감도 기준
29110,C03,광주광역시,동구,재가장기요양기관 주야간보호,2,2,0,16.0,2,0.125,0.125,True,정원 대비 현원 가동률,0.0,2025-04-01,2026년 현재값이 아닌 과거 가동률 민감도 기준
29110,C06,광주광역시,동구,재가장기요양기관 복지용구,1,1,0,0.0,1,,,False,방문형·복지용구는 정원 대비 비율 해석 금지,,2025-04-01,2026년 현재값이 아닌 과거 가동률 민감도 기준
29140,A03,광주광역시,서구,노인요양시설(개정법),15,15,0,573.0,467,0.8150087260034904,0.8150087260034904,True,정원 대비 현원 가동률,1.0,2025-04-01,2026년 현재값이 아닌 과거 가동률 민감도 기준
29140,B01,광주광역시,서구,재가노인복지시설 방문요양,59,59,0,176.0,1586,9.011363636363637,,False,방문형·복지용구는 정원 대비 비율 해석 금지,,2025-04-01,2026년 현재값이 아닌 과거 가동률 민감도 기준
29140,B02,광주광역시,서구,재가노인복지시설 방문목욕,28,28,0,102.0,214,2.0980392156862746,,False,방문형·복지용구는 정원 대비 비율 해석 금지,,2025-04-01,2026년 현재값이 아닌 과거 가동률 민감도 기준
29140,B03,광주광역시,서구,재가노인복지시설 주야간보호,18,18,0,870.0,647,0.7436781609195402,0.7436781609195402,True,정원 대비 현원 가동률,0.0,2025-04-01,2026년 현재값이 아닌 과거 가동률 민감도 기준
29140,B05,광주광역시,서구,재가노인복지시설 방문간호,4,4,0,0.0,67,,,False,방문형·복지용구는 정원 대비 비율 해석 금지,,2025-04-01,2026년 현재값이 아닌 과거 가동률 민감도 기준
29140,B06,광주광역시,서구,재가노인복지시설 복지용구,2,2,0,0.0,0,,,False,방문형·복지용구는 정원 대비 비율 해석 금지,,2025-04-01,2026년 현재값이 아닌 과거 가동률 민감도 기준
29140,C01,광주광역시,서구,재가장기요양기관 방문요양,46,46,0,0.0,1595,,,False,방문형·복지용구는 정원 대비 비율 해석 금지,,2025-04-01,2026년 현재값이 아닌 과거 가동률 민감도 기준
29140,C02,광주광역시,서구,재가장기요양기관 방문목욕,22,22,0,0.0,166,,,False,방문형·복지용구는 정원 대비 비율 해석 금지,,2025-04-01,2026년 현재값이 아닌 과거 가동률 민감도 기준
29140,C03,광주광역시,서구,재가장기요양기관 주야간보호,6,6,0,194.0,154,0.7938144329896907,0.7938144329896907,True,정원 대비 현원 가동률,0.0,2025-04-01,2026년 현재값이 아닌 과거 가동률 민감도 기준
29140,C05,광주광역시,서구,재가장기요양기관 방문간호,2,2,0,0.0,67,,,False,방문형·복지용구는 정원 대비 비율 해석 금지,,2025-04-01,2026년 현재값이 아닌 과거 가동률 민감도 기준
29140,C06,광주광역시,서구,재가장기요양기관 복지용구,3,3,0,0.0,2,,,False,방문형·복지용구는 정원 대비 비율 해석 금지,,2025-04-01,2026년 현재값이 아닌 과거 가동률 민감도 기준
29155,A03,광주광역시,남구,노인요양시설(개정법),14,14,0,457.0,400,0.87527352297593,0.87527352297593,True,정원 대비 현원 가동률,1.0,2025-04-01,2026년 현재값이 아닌 과거 가동률 민감도 기준
29155,A04,광주광역시,남구,노인요양공동생활가정,1,1,0,9.0,7,0.7777777777777778,0.7777777777777778,True,정원 대비 현원 가동률,0.0,2025-04-01,2026년 현재값이 아닌 과거 가동률 민감도 기준
29155,B01,광주광역시,남구,재가노인복지시설 방문요양,67,67,0,258.0,1841,7.135658914728682,,False,방문형·복지용구는 정원 대비 비율 해석 금지,,2025-04-01,2026년 현재값이 아닌 과거 가동률 민감도 기준
29155,B02,광주광역시,남구,재가노인복지시설 방문목욕,26,26,0,60.0,232,3.8666666666666667,,False,방문형·복지용구는 정원 대비 비율 해석 금지,,2025-04-01,2026년 현재값이 아닌 과거 가동률 민감도 기준
29155,B03,광주광역시,남구,재가노인복지시설 주야간보호,23,23,0,1018.0,757,0.743614931237721,0.743614931237721,True,정원 대비 현원 가동률,1.0,2025-04-01,2026년 현재값이 아닌 과거 가동률 민감도 기준
29155,B05,광주광역시,남구,재가노인복지시설 방문간호,8,8,0,0.0,224,,,False,방문형·복지용구는 정원 대비 비율 해석 금지,,2025-04-01,2026년 현재값이 아닌 과거 가동률 민감도 기준
29155,B06,광주광역시,남구,재가노인복지시설 복지용구,3,3,0,0.0,20,,,False,방문형·복지용구는 정원 대비 비율 해석 금지,,2025-04-01,2026년 현재값이 아닌 과거 가동률 민감도 기준
29155,C01,광주광역시,남구,재가장기요양기관 방문요양,19,19,0,0.0,708,,,False,방문형·복지용구는 정원 대비 비율 해석 금지,,2025-04-01,2026년 현재값이 아닌 과거 가동률 민감도 기준
29155,C02,광주광역시,남구,재가장기요양기관 방문목욕,8,8,0,0.0,159,,,False,방문형·복지용구는 정원 대비 비율 해석 금지,,2025-04-01,2026년 현재값이 아닌 과거 가동률 민감도 기준
29155,C03,광주광역시,남구,재가장기요양기관 주야간보호,2,2,0,50.0,41,0.82,0.82,True,정원 대비 현원 가동률,0.0,2025-04-01,2026년 현재값이 아닌 과거 가동률 민감도 기준
29155,C05,광주광역시,남구,재가장기요양기관 방문간호,1,1,0,100.0,28,0.28,,False,방문형·복지용구는 정원 대비 비율 해석 금지,,2025-04-01,2026년 현재값이 아닌 과거 가동률 민감도 기준
29155,H31,광주광역시,남구,주야간보호내치매전담1실,1,1,0,25.0,0,0.0,0.0,True,정원 대비 현원 가동률,0.0,2025-04-01,2026년 현재값이 아닌 과거 가동률 민감도 기준
29170,A03,광주광역시,북구,노인요양시설(개정법),20,20,0,890.0,812,0.9123595505617977,0.9123595505617977,True,정원 대비 현원 가동률,2.0,2025-04-01,2026년 현재값이 아닌 과거 가동률 민감도 기준
29170,A04,광주광역시,북구,노인요양공동생활가정,8,8,0,67.0,56,0.835820895522388,0.835820895522388,True,정원 대비 현원 가동률,0.0,2025-04-01,2026년 현재값이 아닌 과거 가동률 민감도 기준
29170,B01,광주광역시,북구,재가노인복지시설 방문요양,88,88,0,80.0,1768,22.1,,False,방문형·복지용구는 정원 대비 비율 해석 금지,,2025-04-01,2026년 현재값이 아닌 과거 가동률 민감도 기준
29170,B02,광주광역시,북구,재가노인복지시설 방문목욕,54,54,0,0.0,266,,,False,방문형·복지용구는 정원 대비 비율 해석 금지,,2025-04-01,2026년 현재값이 아닌 과거 가동률 민감도 기준
29170,B03,광주광역시,북구,재가노인복지시설 주야간보호,46,46,0,2172.0,1574,0.7246777163904236,0.7246777163904236,True,정원 대비 현원 가동률,1.0,2025-04-01,2026년 현재값이 아닌 과거 가동률 민감도 기준
29170,B05,광주광역시,북구,재가노인복지시설 방문간호,4,4,0,0.0,44,,,False,방문형·복지용구는 정원 대비 비율 해석 금지,,2025-04-01,2026년 현재값이 아닌 과거 가동률 민감도 기준
29170,B06,광주광역시,북구,재가노인복지시설 복지용구,4,4,0,0.0,0,,,False,방문형·복지용구는 정원 대비 비율 해석 금지,,2025-04-01,2026년 현재값이 아닌 과거 가동률 민감도 기준
29170,C01,광주광역시,북구,재가장기요양기관 방문요양,69,69,0,0.0,2329,,,False,방문형·복지용구는 정원 대비 비율 해석 금지,,2025-04-01,2026년 현재값이 아닌 과거 가동률 민감도 기준
29170,C02,광주광역시,북구,재가장기요양기관 방문목욕,44,44,0,0.0,753,,,False,방문형·복지용구는 정원 대비 비율 해석 금지,,2025-04-01,2026년 현재값이 아닌 과거 가동률 민감도 기준
29170,C03,광주광역시,북구,재가장기요양기관 주야간보호,16,16,0,484.0,337,0.6962809917355371,0.6962809917355371,True,정원 대비 현원 가동률,0.0,2025-04-01,2026년 현재값이 아닌 과거 가동률 민감도 기준
29170,C05,광주광역시,북구,재가장기요양기관 방문간호,7,7,0,0.0,352,,,False,방문형·복지용구는 정원 대비 비율 해석 금지,,2025-04-01,2026년 현재값이 아닌 과거 가동률 민감도 기준
29170,C06,광주광역시,북구,재가장기요양기관 복지용구,1,1,0,0.0,0,,,False,방문형·복지용구는 정원 대비 비율 해석 금지,,2025-04-01,2026년 현재값이 아닌 과거 가동률 민감도 기준
29170,H31,광주광역시,북구,주야간보호내치매전담1실,1,1,0,15.0,15,1.0,1.0,True,정원 대비 현원 가동률,0.0,2025-04-01,2026년 현재값이 아닌 과거 가동률 민감도 기준
29170,S41,광주광역시,북구,치매전담형노인요양공동생활가정,1,1,0,9.0,9,1.0,1.0,True,정원 대비 현원 가동률,0.0,2025-04-01,2026년 현재값이 아닌 과거 가동률 민감도 기준
29200,A03,광주광역시,광산구,노인요양시설(개정법),29,29,0,1469.0,1157,0.7876106194690266,0.7876106194690266,True,정원 대비 현원 가동률,1.0,2025-04-01,2026년 현재값이 아닌 과거 가동률 민감도 기준
29200,A04,광주광역시,광산구,노인요양공동생활가정,2,2,0,18.0,18,1.0,1.0,True,정원 대비 현원 가동률,0.0,2025-04-01,2026년 현재값이 아닌 과거 가동률 민감도 기준
29200,B01,광주광역시,광산구,재가노인복지시설 방문요양,71,71,0,162.0,1229,7.58641975308642,,False,방문형·복지용구는 정원 대비 비율 해석 금지,,2025-04-01,2026년 현재값이 아닌 과거 가동률 민감도 기준
29200,B02,광주광역시,광산구,재가노인복지시설 방문목욕,31,31,0,0.0,431,,,False,방문형·복지용구는 정원 대비 비율 해석 금지,,2025-04-01,2026년 현재값이 아닌 과거 가동률 민감도 기준
29200,B03,광주광역시,광산구,재가노인복지시설 주야간보호,35,35,0,1618.0,1174,0.7255871446229913,0.7255871446229913,True,정원 대비 현원 가동률,2.0,2025-04-01,2026년 현재값이 아닌 과거 가동률 민감도 기준
29200,B05,광주광역시,광산구,재가노인복지시설 방문간호,2,2,0,0.0,85,,,False,방문형·복지용구는 정원 대비 비율 해석 금지,,2025-04-01,2026년 현재값이 아닌 과거 가동률 민감도 기준
29200,B06,광주광역시,광산구,재가노인복지시설 복지용구,2,2,0,0.0,116,,,False,방문형·복지용구는 정원 대비 비율 해석 금지,,2025-04-01,2026년 현재값이 아닌 과거 가동률 민감도 기준
29200,C01,광주광역시,광산구,재가장기요양기관 방문요양,40,40,0,0.0,987,,,False,방문형·복지용구는 정원 대비 비율 해석 금지,,2025-04-01,2026년 현재값이 아닌 과거 가동률 민감도 기준
29200,C02,광주광역시,광산구,재가장기요양기관 방문목욕,26,26,0,0.0,310,,,False,방문형·복지용구는 정원 대비 비율 해석 금지,,2025-04-01,2026년 현재값이 아닌 과거 가동률 민감도 기준
29200,C03,광주광역시,광산구,재가장기요양기관 주야간보호,7,7,0,337.0,220,0.6528189910979229,0.6528189910979229,True,정원 대비 현원 가동률,0.0,2025-04-01,2026년 현재값이 아닌 과거 가동률 민감도 기준
29200,C05,광주광역시,광산구,재가장기요양기관 방문간호,2,2,0,0.0,32,,,False,방문형·복지용구는 정원 대비 비율 해석 금지,,2025-04-01,2026년 현재값이 아닌 과거 가동률 민감도 기준
29200,C06,광주광역시,광산구,재가장기요양기관 복지용구,4,4,0,0.0,382,,,False,방문형·복지용구는 정원 대비 비율 해석 금지,,2025-04-01,2026년 현재값이 아닌 과거 가동률 민감도 기준
29200,G31,광주광역시,광산구,치매전담실가형1실,1,1,0,16.0,16,1.0,1.0,True,정원 대비 현원 가동률,0.0,2025-04-01,2026년 현재값이 아닌 과거 가동률 민감도 기준
30110,A03,대전광역시,동구,노인요양시설(개정법),25,25,0,1708.0,1361,0.7968384074941453,0.7968384074941453,True,정원 대비 현원 가동률,1.0,2025-04-01,2026년 현재값이 아닌 과거 가동률 민감도 기준
30110,A04,대전광역시,동구,노인요양공동생활가정,10,10,0,89.0,81,0.9101123595505618,0.9101123595505618,True,정원 대비 현원 가동률,0.0,2025-04-01,2026년 현재값이 아닌 과거 가동률 민감도 기준
30110,B01,대전광역시,동구,재가노인복지시설 방문요양,34,34,0,143.0,404,2.825174825174825,,False,방문형·복지용구는 정원 대비 비율 해석 금지,,2025-04-01,2026년 현재값이 아닌 과거 가동률 민감도 기준
30110,B02,대전광역시,동구,재가노인복지시설 방문목욕,21,21,0,19.0,41,2.1578947368421053,,False,방문형·복지용구는 정원 대비 비율 해석 금지,,2025-04-01,2026년 현재값이 아닌 과거 가동률 민감도 기준
30110,B03,대전광역시,동구,재가노인복지시설 주야간보호,26,26,0,1045.0,792,0.7578947368421053,0.7578947368421053,True,정원 대비 현원 가동률,0.0,2025-04-01,2026년 현재값이 아닌 과거 가동률 민감도 기준
30110,B06,대전광역시,동구,재가노인복지시설 복지용구,2,2,0,0.0,0,,,False,방문형·복지용구는 정원 대비 비율 해석 금지,,2025-04-01,2026년 현재값이 아닌 과거 가동률 민감도 기준
30110,C01,대전광역시,동구,재가장기요양기관 방문요양,36,36,0,14.0,879,62.785714285714285,,False,방문형·복지용구는 정원 대비 비율 해석 금지,,2025-04-01,2026년 현재값이 아닌 과거 가동률 민감도 기준
30110,C02,대전광역시,동구,재가장기요양기관 방문목욕,24,24,0,0.0,3,,,False,방문형·복지용구는 정원 대비 비율 해석 금지,,2025-04-01,2026년 현재값이 아닌 과거 가동률 민감도 기준
30110,C03,대전광역시,동구,재가장기요양기관 주야간보호,8,8,0,208.0,134,0.6442307692307693,0.6442307692307693,True,정원 대비 현원 가동률,0.0,2025-04-01,2026년 현재값이 아닌 과거 가동률 민감도 기준
30110,C05,대전광역시,동구,재가장기요양기관 방문간호,4,4,0,0.0,162,,,False,방문형·복지용구는 정원 대비 비율 해석 금지,,2025-04-01,2026년 현재값이 아닌 과거 가동률 민감도 기준
30110,C06,대전광역시,동구,재가장기요양기관 복지용구,1,1,0,0.0,22,,,False,방문형·복지용구는 정원 대비 비율 해석 금지,,2025-04-01,2026년 현재값이 아닌 과거 가동률 민감도 기준
30110,G31,대전광역시,동구,치매전담실가형1실,2,2,0,24.0,9,0.375,0.375,True,정원 대비 현원 가동률,0.0,2025-04-01,2026년 현재값이 아닌 과거 가동률 민감도 기준
30110,G32,대전광역시,동구,치매전담실가형2실,2,2,0,25.0,9,0.36,0.36,True,정원 대비 현원 가동률,0.0,2025-04-01,2026년 현재값이 아닌 과거 가동률 민감도 기준
30110,G33,대전광역시,동구,치매전담실가형3실,2,2,0,24.0,0,0.0,0.0,True,정원 대비 현원 가동률,0.0,2025-04-01,2026년 현재값이 아닌 과거 가동률 민감도 기준
30110,G34,대전광역시,동구,치매전담실가형4실,2,2,0,25.0,16,0.64,0.64,True,정원 대비 현원 가동률,0.0,2025-04-01,2026년 현재값이 아닌 과거 가동률 민감도 기준
30110,S41,대전광역시,동구,치매전담형노인요양공동생활가정,1,1,0,9.0,9,1.0,1.0,True,정원 대비 현원 가동률,0.0,2025-04-01,2026년 현재값이 아닌 과거 가동률 민감도 기준
30140,A03,대전광역시,중구,노인요양시설(개정법),21,21,0,1196.0,943,0.7884615384615384,0.7884615384615384,True,정원 대비 현원 가동률,0.0,2025-04-01,2026년 현재값이 아닌 과거 가동률 민감도 기준
30140,A04,대전광역시,중구,노인요양공동생활가정,9,9,0,80.0,70,0.875,0.875,True,정원 대비 현원 가동률,0.0,2025-04-01,2026년 현재값이 아닌 과거 가동률 민감도 기준
30140,B01,대전광역시,중구,재가노인복지시설 방문요양,45,45,0,0.0,1137,,,False,방문형·복지용구는 정원 대비 비율 해석 금지,,2025-04-01,2026년 현재값이 아닌 과거 가동률 민감도 기준
30140,B02,대전광역시,중구,재가노인복지시설 방문목욕,34,34,0,0.0,10,,,False,방문형·복지용구는 정원 대비 비율 해석 금지,,2025-04-01,2026년 현재값이 아닌 과거 가동률 민감도 기준
30140,B03,대전광역시,중구,재가노인복지시설 주야간보호,20,20,0,718.0,531,0.7395543175487466,0.7395543175487466,True,정원 대비 현원 가동률,0.0,2025-04-01,2026년 현재값이 아닌 과거 가동률 민감도 기준
30140,B06,대전광역시,중구,재가노인복지시설 복지용구,2,2,0,0.0,3,,,False,방문형·복지용구는 정원 대비 비율 해석 금지,,2025-04-01,2026년 현재값이 아닌 과거 가동률 민감도 기준
30140,C01,대전광역시,중구,재가장기요양기관 방문요양,63,63,0,0.0,2087,,,False,방문형·복지용구는 정원 대비 비율 해석 금지,,2025-04-01,2026년 현재값이 아닌 과거 가동률 민감도 기준
30140,C02,대전광역시,중구,재가장기요양기관 방문목욕,59,59,0,0.0,82,,,False,방문형·복지용구는 정원 대비 비율 해석 금지,,2025-04-01,2026년 현재값이 아닌 과거 가동률 민감도 기준
30140,C03,대전광역시,중구,재가장기요양기관 주야간보호,14,14,0,708.0,486,0.6864406779661016,0.6864406779661016,True,정원 대비 현원 가동률,0.0,2025-04-01,2026년 현재값이 아닌 과거 가동률 민감도 기준
30140,C05,대전광역시,중구,재가장기요양기관 방문간호,7,7,0,0.0,108,,,False,방문형·복지용구는 정원 대비 비율 해석 금지,,2025-04-01,2026년 현재값이 아닌 과거 가동률 민감도 기준
30140,C06,대전광역시,중구,재가장기요양기관 복지용구,1,1,0,0.0,0,,,False,방문형·복지용구는 정원 대비 비율 해석 금지,,2025-04-01,2026년 현재값이 아닌 과거 가동률 민감도 기준
30140,G31,대전광역시,중구,치매전담실가형1실,1,1,0,13.0,0,0.0,0.0,True,정원 대비 현원 가동률,0.0,2025-04-01,2026년 현재값이 아닌 과거 가동률 민감도 기준
30170,A03,대전광역시,서구,노인요양시설(개정법),28,28,0,1784.0,1511,0.8469730941704036,0.8469730941704036,True,정원 대비 현원 가동률,2.0,2025-04-01,2026년 현재값이 아닌 과거 가동률 민감도 기준
30170,A04,대전광역시,서구,노인요양공동생활가정,13,13,0,112.0,100,0.8928571428571429,0.8928571428571429,True,정원 대비 현원 가동률,0.0,2025-04-01,2026년 현재값이 아닌 과거 가동률 민감도 기준
30170,B01,대전광역시,서구,재가노인복지시설 방문요양,68,68,0,0.0,1498,,,False,방문형·복지용구는 정원 대비 비율 해석 금지,,2025-04-01,2026년 현재값이 아닌 과거 가동률 민감도 기준
30170,B02,대전광역시,서구,재가노인복지시설 방문목욕,34,34,0,0.0,24,,,False,방문형·복지용구는 정원 대비 비율 해석 금지,,2025-04-01,2026년 현재값이 아닌 과거 가동률 민감도 기준
30170,B03,대전광역시,서구,재가노인복지시설 주야간보호,40,40,0,1768.0,1371,0.7754524886877828,0.7754524886877828,True,정원 대비 현원 가동률,1.0,2025-04-01,2026년 현재값이 아닌 과거 가동률 민감도 기준
30170,B05,대전광역시,서구,재가노인복지시설 방문간호,5,5,0,0.0,186,,,False,방문형·복지용구는 정원 대비 비율 해석 금지,,2025-04-01,2026년 현재값이 아닌 과거 가동률 민감도 기준
30170,B06,대전광역시,서구,재가노인복지시설 복지용구,2,2,0,0.0,100,,,False,방문형·복지용구는 정원 대비 비율 해석 금지,,2025-04-01,2026년 현재값이 아닌 과거 가동률 민감도 기준
30170,C01,대전광역시,서구,재가장기요양기관 방문요양,49,49,0,0.0,1367,,,False,방문형·복지용구는 정원 대비 비율 해석 금지,,2025-04-01,2026년 현재값이 아닌 과거 가동률 민감도 기준
30170,C02,대전광역시,서구,재가장기요양기관 방문목욕,43,43,0,0.0,39,,,False,방문형·복지용구는 정원 대비 비율 해석 금지,,2025-04-01,2026년 현재값이 아닌 과거 가동률 민감도 기준
30170,C03,대전광역시,서구,재가장기요양기관 주야간보호,8,8,0,319.0,216,0.677115987460815,0.677115987460815,True,정원 대비 현원 가동률,0.0,2025-04-01,2026년 현재값이 아닌 과거 가동률 민감도 기준
30170,C05,대전광역시,서구,재가장기요양기관 방문간호,2,2,0,0.0,37,,,False,방문형·복지용구는 정원 대비 비율 해석 금지,,2025-04-01,2026년 현재값이 아닌 과거 가동률 민감도 기준
30170,C06,대전광역시,서구,재가장기요양기관 복지용구,4,4,0,0.0,129,,,False,방문형·복지용구는 정원 대비 비율 해석 금지,,2025-04-01,2026년 현재값이 아닌 과거 가동률 민감도 기준
30170,G31,대전광역시,서구,치매전담실가형1실,1,1,0,11.0,0,0.0,0.0,True,정원 대비 현원 가동률,0.0,2025-04-01,2026년 현재값이 아닌 과거 가동률 민감도 기준
30170,H31,대전광역시,서구,주야간보호내치매전담1실,2,2,0,45.0,45,1.0,1.0,True,정원 대비 현원 가동률,0.0,2025-04-01,2026년 현재값이 아닌 과거 가동률 민감도 기준
30170,S41,대전광역시,서구,치매전담형노인요양공동생활가정,1,1,0,9.0,7,0.7777777777777778,0.7777777777777778,True,정원 대비 현원 가동률,0.0,2025-04-01,2026년 현재값이 아닌 과거 가동률 민감도 기준
30200,A03,대전광역시,유성구,노인요양시설(개정법),20,20,0,1310.0,1161,0.8862595419847328,0.8862595419847328,True,정원 대비 현원 가동률,0.0,2025-04-01,2026년 현재값이 아닌 과거 가동률 민감도 기준
30200,A04,대전광역시,유성구,노인요양공동생활가정,5,5,0,45.0,34,0.7555555555555555,0.7555555555555555,True,정원 대비 현원 가동률,0.0,2025-04-01,2026년 현재값이 아닌 과거 가동률 민감도 기준
30200,B01,대전광역시,유성구,재가노인복지시설 방문요양,37,37,0,30.0,583,19.433333333333334,,False,방문형·복지용구는 정원 대비 비율 해석 금지,,2025-04-01,2026년 현재값이 아닌 과거 가동률 민감도 기준
30200,B02,대전광역시,유성구,재가노인복지시설 방문목욕,20,20,0,0.0,481,,,False,방문형·복지용구는 정원 대비 비율 해석 금지,,2025-04-01,2026년 현재값이 아닌 과거 가동률 민감도 기준
30200,B03,대전광역시,유성구,재가노인복지시설 주야간보호,23,23,0,877.0,682,0.7776510832383124,0.7776510832383124,True,정원 대비 현원 가동률,1.0,2025-04-01,2026년 현재값이 아닌 과거 가동률 민감도 기준
30200,B05,대전광역시,유성구,재가노인복지시설 방문간호,9,9,0,0.0,58,,,False,방문형·복지용구는 정원 대비 비율 해석 금지,,2025-04-01,2026년 현재값이 아닌 과거 가동률 민감도 기준
30200,C01,대전광역시,유성구,재가장기요양기관 방문요양,25,25,0,278.0,719,2.5863309352517985,,False,방문형·복지용구는 정원 대비 비율 해석 금지,,2025-04-01,2026년 현재값이 아닌 과거 가동률 민감도 기준
30200,C02,대전광역시,유성구,재가장기요양기관 방문목욕,22,22,0,270.0,18,0.06666666666666667,,False,방문형·복지용구는 정원 대비 비율 해석 금지,,2025-04-01,2026년 현재값이 아닌 과거 가동률 민감도 기준
30200,C03,대전광역시,유성구,재가장기요양기관 주야간보호,6,6,0,152.0,102,0.6710526315789473,0.6710526315789473,True,정원 대비 현원 가동률,0.0,2025-04-01,2026년 현재값이 아닌 과거 가동률 민감도 기준
30200,C05,대전광역시,유성구,재가장기요양기관 방문간호,2,2,0,0.0,43,,,False,방문형·복지용구는 정원 대비 비율 해석 금지,,2025-04-01,2026년 현재값이 아닌 과거 가동률 민감도 기준
30200,C06,대전광역시,유성구,재가장기요양기관 복지용구,1,1,0,0.0,25,,,False,방문형·복지용구는 정원 대비 비율 해석 금지,,2025-04-01,2026년 현재값이 아닌 과거 가동률 민감도 기준
30200,H31,대전광역시,유성구,주야간보호내치매전담1실,1,1,0,25.0,22,0.88,0.88,True,정원 대비 현원 가동률,0.0,2025-04-01,2026년 현재값이 아닌 과거 가동률 민감도 기준
30230,A03,대전광역시,대덕구,노인요양시설(개정법),16,16,0,1081.0,865,0.8001850138760407,0.8001850138760407,True,정원 대비 현원 가동률,0.0,2025-04-01,2026년 현재값이 아닌 과거 가동률 민감도 기준
30230,A04,대전광역시,대덕구,노인요양공동생활가정,4,4,0,36.0,33,0.9166666666666666,0.9166666666666666,True,정원 대비 현원 가동률,0.0,2025-04-01,2026년 현재값이 아닌 과거 가동률 민감도 기준
30230,B01,대전광역시,대덕구,재가노인복지시설 방문요양,36,36,0,1.0,660,660.0,,False,방문형·복지용구는 정원 대비 비율 해석 금지,,2025-04-01,2026년 현재값이 아닌 과거 가동률 민감도 기준
30230,B02,대전광역시,대덕구,재가노인복지시설 방문목욕,25,25,0,1.0,7,7.0,,False,방문형·복지용구는 정원 대비 비율 해석 금지,,2025-04-01,2026년 현재값이 아닌 과거 가동률 민감도 기준
30230,B03,대전광역시,대덕구,재가노인복지시설 주야간보호,17,17,0,639.0,474,0.7417840375586855,0.7417840375586855,True,정원 대비 현원 가동률,0.0,2025-04-01,2026년 현재값이 아닌 과거 가동률 민감도 기준
30230,B05,대전광역시,대덕구,재가노인복지시설 방문간호,3,3,0,0.0,61,,,False,방문형·복지용구는 정원 대비 비율 해석 금지,,2025-04-01,2026년 현재값이 아닌 과거 가동률 민감도 기준
30230,B06,대전광역시,대덕구,재가노인복지시설 복지용구,1,1,0,0.0,3,,,False,방문형·복지용구는 정원 대비 비율 해석 금지,,2025-04-01,2026년 현재값이 아닌 과거 가동률 민감도 기준
30230,C01,대전광역시,대덕구,재가장기요양기관 방문요양,20,20,0,0.0,838,,,False,방문형·복지용구는 정원 대비 비율 해석 금지,,2025-04-01,2026년 현재값이 아닌 과거 가동률 민감도 기준
30230,C02,대전광역시,대덕구,재가장기요양기관 방문목욕,20,20,0,0.0,209,,,False,방문형·복지용구는 정원 대비 비율 해석 금지,,2025-04-01,2026년 현재값이 아닌 과거 가동률 민감도 기준
30230,C03,대전광역시,대덕구,재가장기요양기관 주야간보호,2,2,0,61.0,30,0.4918032786885246,0.4918032786885246,True,정원 대비 현원 가동률,0.0,2025-04-01,2026년 현재값이 아닌 과거 가동률 민감도 기준
30230,C05,대전광역시,대덕구,재가장기요양기관 방문간호,2,2,0,0.0,19,,,False,방문형·복지용구는 정원 대비 비율 해석 금지,,2025-04-01,2026년 현재값이 아닌 과거 가동률 민감도 기준
30230,H31,대전광역시,대덕구,주야간보호내치매전담1실,1,1,0,25.0,13,0.52,0.52,True,정원 대비 현원 가동률,0.0,2025-04-01,2026년 현재값이 아닌 과거 가동률 민감도 기준
31110,A03,울산광역시,중구,노인요양시설(개정법),13,13,0,481.0,442,0.918918918918919,0.918918918918919,True,정원 대비 현원 가동률,1.0,2025-04-01,2026년 현재값이 아닌 과거 가동률 민감도 기준
31110,A04,울산광역시,중구,노인요양공동생활가정,3,3,0,25.0,23,0.92,0.92,True,정원 대비 현원 가동률,0.0,2025-04-01,2026년 현재값이 아닌 과거 가동률 민감도 기준
31110,B01,울산광역시,중구,재가노인복지시설 방문요양,28,28,0,0.0,311,,,False,방문형·복지용구는 정원 대비 비율 해석 금지,,2025-04-01,2026년 현재값이 아닌 과거 가동률 민감도 기준
31110,B02,울산광역시,중구,재가노인복지시설 방문목욕,14,14,0,0.0,196,,,False,방문형·복지용구는 정원 대비 비율 해석 금지,,2025-04-01,2026년 현재값이 아닌 과거 가동률 민감도 기준
31110,B03,울산광역시,중구,재가노인복지시설 주야간보호,19,19,0,675.0,483,0.7155555555555555,0.7155555555555555,True,정원 대비 현원 가동률,0.0,2025-04-01,2026년 현재값이 아닌 과거 가동률 민감도 기준
31110,B05,울산광역시,중구,재가노인복지시설 방문간호,2,2,0,0.0,39,,,False,방문형·복지용구는 정원 대비 비율 해석 금지,,2025-04-01,2026년 현재값이 아닌 과거 가동률 민감도 기준
31110,B06,울산광역시,중구,재가노인복지시설 복지용구,1,1,0,0.0,2,,,False,방문형·복지용구는 정원 대비 비율 해석 금지,,2025-04-01,2026년 현재값이 아닌 과거 가동률 민감도 기준
31110,C01,울산광역시,중구,재가장기요양기관 방문요양,29,29,0,100.0,876,8.76,,False,방문형·복지용구는 정원 대비 비율 해석 금지,,2025-04-01,2026년 현재값이 아닌 과거 가동률 민감도 기준
31110,C02,울산광역시,중구,재가장기요양기관 방문목욕,17,17,0,100.0,145,1.45,,False,방문형·복지용구는 정원 대비 비율 해석 금지,,2025-04-01,2026년 현재값이 아닌 과거 가동률 민감도 기준
31110,C03,울산광역시,중구,재가장기요양기관 주야간보호,12,12,0,416.0,278,0.6682692307692307,0.6682692307692307,True,정원 대비 현원 가동률,0.0,2025-04-01,2026년 현재값이 아닌 과거 가동률 민감도 기준
31110,C05,울산광역시,중구,재가장기요양기관 방문간호,2,2,0,0.0,71,,,False,방문형·복지용구는 정원 대비 비율 해석 금지,,2025-04-01,2026년 현재값이 아닌 과거 가동률 민감도 기준
31110,C06,울산광역시,중구,재가장기요양기관 복지용구,2,2,0,0.0,0,,,False,방문형·복지용구는 정원 대비 비율 해석 금지,,2025-04-01,2026년 현재값이 아닌 과거 가동률 민감도 기준
31110,G31,울산광역시,중구,치매전담실가형1실,2,2,0,30.0,30,1.0,1.0,True,정원 대비 현원 가동률,0.0,2025-04-01,2026년 현재값이 아닌 과거 가동률 민감도 기준
31110,G32,울산광역시,중구,치매전담실가형2실,2,2,0,31.0,31,1.0,1.0,True,정원 대비 현원 가동률,0.0,2025-04-01,2026년 현재값이 아닌 과거 가동률 민감도 기준
31110,H31,울산광역시,중구,주야간보호내치매전담1실,1,1,0,9.0,0,0.0,0.0,True,정원 대비 현원 가동률,0.0,2025-04-01,2026년 현재값이 아닌 과거 가동률 민감도 기준
31110,I31,울산광역시,중구,주야간보호내치매전담1실,1,1,0,15.0,15,1.0,1.0,True,정원 대비 현원 가동률,0.0,2025-04-01,2026년 현재값이 아닌 과거 가동률 민감도 기준
31140,A03,울산광역시,남구,노인요양시설(개정법),8,8,0,354.0,298,0.8418079096045198,0.8418079096045198,True,정원 대비 현원 가동률,0.0,2025-04-01,2026년 현재값이 아닌 과거 가동률 민감도 기준
31140,A04,울산광역시,남구,노인요양공동생활가정,2,2,0,18.0,18,1.0,1.0,True,정원 대비 현원 가동률,0.0,2025-04-01,2026년 현재값이 아닌 과거 가동률 민감도 기준
31140,B01,울산광역시,남구,재가노인복지시설 방문요양,38,38,0,0.0,605,,,False,방문형·복지용구는 정원 대비 비율 해석 금지,,2025-04-01,2026년 현재값이 아닌 과거 가동률 민감도 기준
31140,B02,울산광역시,남구,재가노인복지시설 방문목욕,15,15,0,0.0,16,,,False,방문형·복지용구는 정원 대비 비율 해석 금지,,2025-04-01,2026년 현재값이 아닌 과거 가동률 민감도 기준
31140,B03,울산광역시,남구,재가노인복지시설 주야간보호,23,23,0,692.0,503,0.726878612716763,0.726878612716763,True,정원 대비 현원 가동률,0.0,2025-04-01,2026년 현재값이 아닌 과거 가동률 민감도 기준
31140,C01,울산광역시,남구,재가장기요양기관 방문요양,26,26,0,0.0,802,,,False,방문형·복지용구는 정원 대비 비율 해석 금지,,2025-04-01,2026년 현재값이 아닌 과거 가동률 민감도 기준
31140,C02,울산광역시,남구,재가장기요양기관 방문목욕,13,13,0,0.0,106,,,False,방문형·복지용구는 정원 대비 비율 해석 금지,,2025-04-01,2026년 현재값이 아닌 과거 가동률 민감도 기준
31140,C03,울산광역시,남구,재가장기요양기관 주야간보호,10,10,0,348.0,282,0.8103448275862069,0.8103448275862069,True,정원 대비 현원 가동률,1.0,2025-04-01,2026년 현재값이 아닌 과거 가동률 민감도 기준
31140,C05,울산광역시,남구,재가장기요양기관 방문간호,1,1,0,0.0,23,,,False,방문형·복지용구는 정원 대비 비율 해석 금지,,2025-04-01,2026년 현재값이 아닌 과거 가동률 민감도 기준
31140,C06,울산광역시,남구,재가장기요양기관 복지용구,1,1,0,0.0,0,,,False,방문형·복지용구는 정원 대비 비율 해석 금지,,2025-04-01,2026년 현재값이 아닌 과거 가동률 민감도 기준
31170,A03,울산광역시,동구,노인요양시설(개정법),2,2,0,84.0,73,0.8690476190476191,0.8690476190476191,True,정원 대비 현원 가동률,0.0,2025-04-01,2026년 현재값이 아닌 과거 가동률 민감도 기준
31170,A04,울산광역시,동구,노인요양공동생활가정,1,1,0,9.0,9,1.0,1.0,True,정원 대비 현원 가동률,0.0,2025-04-01,2026년 현재값이 아닌 과거 가동률 민감도 기준
31170,B01,울산광역시,동구,재가노인복지시설 방문요양,11,11,0,126.0,410,3.253968253968254,,False,방문형·복지용구는 정원 대비 비율 해석 금지,,2025-04-01,2026년 현재값이 아닌 과거 가동률 민감도 기준
31170,B02,울산광역시,동구,재가노인복지시설 방문목욕,4,4,0,0.0,5,,,False,방문형·복지용구는 정원 대비 비율 해석 금지,,2025-04-01,2026년 현재값이 아닌 과거 가동률 민감도 기준
31170,B03,울산광역시,동구,재가노인복지시설 주야간보호,9,9,0,261.0,226,0.8659003831417624,0.8659003831417624,True,정원 대비 현원 가동률,0.0,2025-04-01,2026년 현재값이 아닌 과거 가동률 민감도 기준
31170,C01,울산광역시,동구,재가장기요양기관 방문요양,8,8,0,259.0,192,0.7413127413127413,,False,방문형·복지용구는 정원 대비 비율 해석 금지,,2025-04-01,2026년 현재값이 아닌 과거 가동률 민감도 기준
31170,C02,울산광역시,동구,재가장기요양기관 방문목욕,4,4,0,30.0,15,0.5,,False,방문형·복지용구는 정원 대비 비율 해석 금지,,2025-04-01,2026년 현재값이 아닌 과거 가동률 민감도 기준
31170,C03,울산광역시,동구,재가장기요양기관 주야간보호,3,3,0,27.0,17,0.6296296296296297,0.6296296296296297,True,정원 대비 현원 가동률,0.0,2025-04-01,2026년 현재값이 아닌 과거 가동률 민감도 기준
31170,C05,울산광역시,동구,재가장기요양기관 방문간호,1,1,0,0.0,18,,,False,방문형·복지용구는 정원 대비 비율 해석 금지,,2025-04-01,2026년 현재값이 아닌 과거 가동률 민감도 기준
31170,G31,울산광역시,동구,치매전담실가형1실,1,1,0,12.0,12,1.0,1.0,True,정원 대비 현원 가동률,0.0,2025-04-01,2026년 현재값이 아닌 과거 가동률 민감도 기준
31170,H31,울산광역시,동구,주야간보호내치매전담1실,2,2,0,48.0,35,0.7291666666666666,0.7291666666666666,True,정원 대비 현원 가동률,0.0,2025-04-01,2026년 현재값이 아닌 과거 가동률 민감도 기준
31170,M31,울산광역시,동구,치매전담실나형1실,1,1,0,12.0,12,1.0,1.0,True,정원 대비 현원 가동률,0.0,2025-04-01,2026년 현재값이 아닌 과거 가동률 민감도 기준
31200,A02,울산광역시,북구,노인전문요양시설,1,1,0,151.0,0,0.0,0.0,True,정원 대비 현원 가동률,0.0,2025-04-01,2026년 현재값이 아닌 과거 가동률 민감도 기준
31200,A03,울산광역시,북구,노인요양시설(개정법),6,6,0,469.0,416,0.8869936034115139,0.8869936034115139,True,정원 대비 현원 가동률,1.0,2025-04-01,2026년 현재값이 아닌 과거 가동률 민감도 기준
31200,A04,울산광역시,북구,노인요양공동생활가정,4,4,0,35.0,32,0.9142857142857143,0.9142857142857143,True,정원 대비 현원 가동률,0.0,2025-04-01,2026년 현재값이 아닌 과거 가동률 민감도 기준
31200,B01,울산광역시,북구,재가노인복지시설 방문요양,30,30,0,20.0,514,25.7,,False,방문형·복지용구는 정원 대비 비율 해석 금지,,2025-04-01,2026년 현재값이 아닌 과거 가동률 민감도 기준
31200,B02,울산광역시,북구,재가노인복지시설 방문목욕,11,11,0,0.0,224,,,False,방문형·복지용구는 정원 대비 비율 해석 금지,,2025-04-01,2026년 현재값이 아닌 과거 가동률 민감도 기준
31200,B03,울산광역시,북구,재가노인복지시설 주야간보호,18,18,0,530.0,369,0.6962264150943396,0.6962264150943396,True,정원 대비 현원 가동률,2.0,2025-04-01,2026년 현재값이 아닌 과거 가동률 민감도 기준
31200,B05,울산광역시,북구,재가노인복지시설 방문간호,2,2,0,0.0,29,,,False,방문형·복지용구는 정원 대비 비율 해석 금지,,2025-04-01,2026년 현재값이 아닌 과거 가동률 민감도 기준
31200,C01,울산광역시,북구,재가장기요양기관 방문요양,12,12,0,0.0,417,,,False,방문형·복지용구는 정원 대비 비율 해석 금지,,2025-04-01,2026년 현재값이 아닌 과거 가동률 민감도 기준
31200,C02,울산광역시,북구,재가장기요양기관 방문목욕,10,10,0,0.0,4,,,False,방문형·복지용구는 정원 대비 비율 해석 금지,,2025-04-01,2026년 현재값이 아닌 과거 가동률 민감도 기준
31200,C03,울산광역시,북구,재가장기요양기관 주야간보호,2,2,0,80.0,74,0.925,0.925,True,정원 대비 현원 가동률,0.0,2025-04-01,2026년 현재값이 아닌 과거 가동률 민감도 기준
31200,G31,울산광역시,북구,치매전담실가형1실,1,1,0,12.0,11,0.9166666666666666,0.9166666666666666,True,정원 대비 현원 가동률,0.0,2025-04-01,2026년 현재값이 아닌 과거 가동률 민감도 기준
31200,G32,울산광역시,북구,치매전담실가형2실,1,1,0,12.0,9,0.75,0.75,True,정원 대비 현원 가동률,0.0,2025-04-01,2026년 현재값이 아닌 과거 가동률 민감도 기준
31200,G33,울산광역시,북구,치매전담실가형3실,1,1,0,12.0,12,1.0,1.0,True,정원 대비 현원 가동률,0.0,2025-04-01,2026년 현재값이 아닌 과거 가동률 민감도 기준
31200,G34,울산광역시,북구,치매전담실가형4실,1,1,0,12.0,12,1.0,1.0,True,정원 대비 현원 가동률,0.0,2025-04-01,2026년 현재값이 아닌 과거 가동률 민감도 기준
31710,A03,울산광역시,울주군,노인요양시설(개정법),20,20,0,1142.0,810,0.7092819614711033,0.7092819614711033,True,정원 대비 현원 가동률,0.0,2025-04-01,2026년 현재값이 아닌 과거 가동률 민감도 기준
31710,A04,울산광역시,울주군,노인요양공동생활가정,9,9,0,81.0,70,0.8641975308641975,0.8641975308641975,True,정원 대비 현원 가동률,0.0,2025-04-01,2026년 현재값이 아닌 과거 가동률 민감도 기준
31710,B01,울산광역시,울주군,재가노인복지시설 방문요양,33,33,0,0.0,592,,,False,방문형·복지용구는 정원 대비 비율 해석 금지,,2025-04-01,2026년 현재값이 아닌 과거 가동률 민감도 기준
31710,B02,울산광역시,울주군,재가노인복지시설 방문목욕,16,16,0,0.0,303,,,False,방문형·복지용구는 정원 대비 비율 해석 금지,,2025-04-01,2026년 현재값이 아닌 과거 가동률 민감도 기준
31710,B03,울산광역시,울주군,재가노인복지시설 주야간보호,21,21,0,716.0,520,0.7262569832402235,0.7262569832402235,True,정원 대비 현원 가동률,0.0,2025-04-01,2026년 현재값이 아닌 과거 가동률 민감도 기준
31710,B05,울산광역시,울주군,재가노인복지시설 방문간호,1,1,0,0.0,5,,,False,방문형·복지용구는 정원 대비 비율 해석 금지,,2025-04-01,2026년 현재값이 아닌 과거 가동률 민감도 기준
31710,C01,울산광역시,울주군,재가장기요양기관 방문요양,22,22,0,0.0,626,,,False,방문형·복지용구는 정원 대비 비율 해석 금지,,2025-04-01,2026년 현재값이 아닌 과거 가동률 민감도 기준
31710,C02,울산광역시,울주군,재가장기요양기관 방문목욕,10,10,0,0.0,197,,,False,방문형·복지용구는 정원 대비 비율 해석 금지,,2025-04-01,2026년 현재값이 아닌 과거 가동률 민감도 기준
31710,C03,울산광역시,울주군,재가장기요양기관 주야간보호,9,9,0,307.0,213,0.6938110749185668,0.6938110749185668,True,정원 대비 현원 가동률,0.0,2025-04-01,2026년 현재값이 아닌 과거 가동률 민감도 기준
31710,C05,울산광역시,울주군,재가장기요양기관 방문간호,1,1,0,0.0,0,,,False,방문형·복지용구는 정원 대비 비율 해석 금지,,2025-04-01,2026년 현재값이 아닌 과거 가동률 민감도 기준
31710,C06,울산광역시,울주군,재가장기요양기관 복지용구,3,3,0,0.0,32,,,False,방문형·복지용구는 정원 대비 비율 해석 금지,,2025-04-01,2026년 현재값이 아닌 과거 가동률 민감도 기준
31710,S41,울산광역시,울주군,치매전담형노인요양공동생활가정,1,1,0,9.0,8,0.8888888888888888,0.8888888888888888,True,정원 대비 현원 가동률,0.0,2025-04-01,2026년 현재값이 아닌 과거 가동률 민감도 기준
36110,A03,세종특별자치시,연서면,노인요양시설(개정법),18,18,0,813.0,644,0.7921279212792128,0.7921279212792128,True,정원 대비 현원 가동률,0.0,2025-04-01,2026년 현재값이 아닌 과거 가동률 민감도 기준
36110,A04,세종특별자치시,조치원읍,노인요양공동생활가정,3,3,0,27.0,23,0.8518518518518519,0.8518518518518519,True,정원 대비 현원 가동률,0.0,2025-04-01,2026년 현재값이 아닌 과거 가동률 민감도 기준
36110,B01,세종특별자치시,고운동,재가노인복지시설 방문요양,29,29,0,0.0,454,,,False,방문형·복지용구는 정원 대비 비율 해석 금지,,2025-04-01,2026년 현재값이 아닌 과거 가동률 민감도 기준
36110,B02,세종특별자치시,금남면,재가노인복지시설 방문목욕,11,11,0,0.0,91,,,False,방문형·복지용구는 정원 대비 비율 해석 금지,,2025-04-01,2026년 현재값이 아닌 과거 가동률 민감도 기준
36110,B03,세종특별자치시,종촌동,재가노인복지시설 주야간보호,15,15,0,651.0,521,0.8003072196620584,0.8003072196620584,True,정원 대비 현원 가동률,0.0,2025-04-01,2026년 현재값이 아닌 과거 가동률 민감도 기준
36110,B06,세종특별자치시,아름동,재가노인복지시설 복지용구,3,3,0,0.0,272,,,False,방문형·복지용구는 정원 대비 비율 해석 금지,,2025-04-01,2026년 현재값이 아닌 과거 가동률 민감도 기준
36110,C01,세종특별자치시,금남면,재가장기요양기관 방문요양,18,18,0,0.0,630,,,False,방문형·복지용구는 정원 대비 비율 해석 금지,,2025-04-01,2026년 현재값이 아닌 과거 가동률 민감도 기준
36110,C02,세종특별자치시,고운동,재가장기요양기관 방문목욕,9,9,0,0.0,53,,,False,방문형·복지용구는 정원 대비 비율 해석 금지,,2025-04-01,2026년 현재값이 아닌 과거 가동률 민감도 기준
36110,C03,세종특별자치시,고운동,재가장기요양기관 주야간보호,6,6,0,315.0,246,0.780952380952381,0.780952380952381,True,정원 대비 현원 가동률,0.0,2025-04-01,2026년 현재값이 아닌 과거 가동률 민감도 기준
36110,C05,세종특별자치시,나성동,재가장기요양기관 방문간호,4,4,0,0.0,51,,,False,방문형·복지용구는 정원 대비 비율 해석 금지,,2025-04-01,2026년 현재값이 아닌 과거 가동률 민감도 기준
36110,C06,세종특별자치시,나성동,재가장기요양기관 복지용구,2,2,0,0.0,0,,,False,방문형·복지용구는 정원 대비 비율 해석 금지,,2025-04-01,2026년 현재값이 아닌 과거 가동률 민감도 기준
36110,G31,세종특별자치시,조치원읍,치매전담실가형1실,1,1,0,12.0,11,0.9166666666666666,0.9166666666666666,True,정원 대비 현원 가동률,0.0,2025-04-01,2026년 현재값이 아닌 과거 가동률 민감도 기준
36110,H31,세종특별자치시,종촌동,주야간보호내치매전담1실,1,1,0,25.0,22,0.88,0.88,True,정원 대비 현원 가동률,0.0,2025-04-01,2026년 현재값이 아닌 과거 가동률 민감도 기준
36110,S41,세종특별자치시,연서면,치매전담형노인요양공동생활가정,1,1,0,9.0,9,1.0,1.0,True,정원 대비 현원 가동률,0.0,2025-04-01,2026년 현재값이 아닌 과거 가동률 민감도 기준
41111,A03,경기도,수원시 장안구,노인요양시설(개정법),29,29,0,1795.0,1603,0.8930362116991644,0.8930362116991644,True,정원 대비 현원 가동률,1.0,2025-04-01,2026년 현재값이 아닌 과거 가동률 민감도 기준
41111,A04,경기도,수원시 장안구,노인요양공동생활가정,5,5,0,45.0,34,0.7555555555555555,0.7555555555555555,True,정원 대비 현원 가동률,0.0,2025-04-01,2026년 현재값이 아닌 과거 가동률 민감도 기준
41111,B01,경기도,수원시 장안구,재가노인복지시설 방문요양,27,27,0,0.0,442,,,False,방문형·복지용구는 정원 대비 비율 해석 금지,,2025-04-01,2026년 현재값이 아닌 과거 가동률 민감도 기준
41111,B02,경기도,수원시 장안구,재가노인복지시설 방문목욕,15,15,0,0.0,4,,,False,방문형·복지용구는 정원 대비 비율 해석 금지,,2025-04-01,2026년 현재값이 아닌 과거 가동률 민감도 기준
41111,B03,경기도,수원시 장안구,재가노인복지시설 주야간보호,13,13,0,575.0,471,0.8191304347826087,0.8191304347826087,True,정원 대비 현원 가동률,0.0,2025-04-01,2026년 현재값이 아닌 과거 가동률 민감도 기준
41111,B05,경기도,수원시 장안구,재가노인복지시설 방문간호,2,2,0,0.0,19,,,False,방문형·복지용구는 정원 대비 비율 해석 금지,,2025-04-01,2026년 현재값이 아닌 과거 가동률 민감도 기준
41111,C01,경기도,수원시 장안구,재가장기요양기관 방문요양,23,23,0,0.0,823,,,False,방문형·복지용구는 정원 대비 비율 해석 금지,,2025-04-01,2026년 현재값이 아닌 과거 가동률 민감도 기준
41111,C02,경기도,수원시 장안구,재가장기요양기관 방문목욕,20,20,0,0.0,9,,,False,방문형·복지용구는 정원 대비 비율 해석 금지,,2025-04-01,2026년 현재값이 아닌 과거 가동률 민감도 기준
41111,C03,경기도,수원시 장안구,재가장기요양기관 주야간보호,3,3,0,142.0,118,0.8309859154929577,0.8309859154929577,True,정원 대비 현원 가동률,0.0,2025-04-01,2026년 현재값이 아닌 과거 가동률 민감도 기준
41111,C05,경기도,수원시 장안구,재가장기요양기관 방문간호,1,1,0,0.0,28,,,False,방문형·복지용구는 정원 대비 비율 해석 금지,,2025-04-01,2026년 현재값이 아닌 과거 가동률 민감도 기준
41113,A03,경기도,수원시 권선구,노인요양시설(개정법),30,30,0,1708.0,1380,0.8079625292740047,0.8079625292740047,True,정원 대비 현원 가동률,0.0,2025-04-01,2026년 현재값이 아닌 과거 가동률 민감도 기준
41113,A04,경기도,수원시 권선구,노인요양공동생활가정,6,6,0,52.0,46,0.8846153846153846,0.8846153846153846,True,정원 대비 현원 가동률,0.0,2025-04-01,2026년 현재값이 아닌 과거 가동률 민감도 기준
41113,B01,경기도,수원시 권선구,재가노인복지시설 방문요양,40,40,0,15.0,658,43.86666666666667,,False,방문형·복지용구는 정원 대비 비율 해석 금지,,2025-04-01,2026년 현재값이 아닌 과거 가동률 민감도 기준
41113,B02,경기도,수원시 권선구,재가노인복지시설 방문목욕,30,30,0,0.0,53,,,False,방문형·복지용구는 정원 대비 비율 해석 금지,,2025-04-01,2026년 현재값이 아닌 과거 가동률 민감도 기준
41113,B03,경기도,수원시 권선구,재가노인복지시설 주야간보호,21,21,0,993.0,669,0.6737160120845922,0.6737160120845922,True,정원 대비 현원 가동률,0.0,2025-04-01,2026년 현재값이 아닌 과거 가동률 민감도 기준
41113,C01,경기도,수원시 권선구,재가장기요양기관 방문요양,35,35,0,0.0,1189,,,False,방문형·복지용구는 정원 대비 비율 해석 금지,,2025-04-01,2026년 현재값이 아닌 과거 가동률 민감도 기준
41113,C02,경기도,수원시 권선구,재가장기요양기관 방문목욕,34,34,0,0.0,28,,,False,방문형·복지용구는 정원 대비 비율 해석 금지,,2025-04-01,2026년 현재값이 아닌 과거 가동률 민감도 기준
41113,C03,경기도,수원시 권선구,재가장기요양기관 주야간보호,3,3,0,111.0,100,0.9009009009009009,0.9009009009009009,True,정원 대비 현원 가동률,0.0,2025-04-01,2026년 현재값이 아닌 과거 가동률 민감도 기준
41113,C05,경기도,수원시 권선구,재가장기요양기관 방문간호,6,6,0,0.0,54,,,False,방문형·복지용구는 정원 대비 비율 해석 금지,,2025-04-01,2026년 현재값이 아닌 과거 가동률 민감도 기준
41113,C06,경기도,수원시 권선구,재가장기요양기관 복지용구,3,3,0,0.0,14,,,False,방문형·복지용구는 정원 대비 비율 해석 금지,,2025-04-01,2026년 현재값이 아닌 과거 가동률 민감도 기준
41115,A03,경기도,수원시 팔달구,노인요양시설(개정법),23,23,0,1435.0,1081,0.7533101045296168,0.7533101045296168,True,정원 대비 현원 가동률,0.0,2025-04-01,2026년 현재값이 아닌 과거 가동률 민감도 기준
41115,A04,경기도,수원시 팔달구,노인요양공동생활가정,7,7,0,63.0,50,0.7936507936507936,0.7936507936507936,True,정원 대비 현원 가동률,0.0,2025-04-01,2026년 현재값이 아닌 과거 가동률 민감도 기준
41115,B01,경기도,수원시 팔달구,재가노인복지시설 방문요양,27,27,0,50.0,573,11.46,,False,방문형·복지용구는 정원 대비 비율 해석 금지,,2025-04-01,2026년 현재값이 아닌 과거 가동률 민감도 기준
41115,B02,경기도,수원시 팔달구,재가노인복지시설 방문목욕,23,23,0,0.0,12,,,False,방문형·복지용구는 정원 대비 비율 해석 금지,,2025-04-01,2026년 현재값이 아닌 과거 가동률 민감도 기준
41115,B03,경기도,수원시 팔달구,재가노인복지시설 주야간보호,13,13,0,479.0,248,0.5177453027139874,0.5177453027139874,True,정원 대비 현원 가동률,0.0,2025-04-01,2026년 현재값이 아닌 과거 가동률 민감도 기준
41115,B05,경기도,수원시 팔달구,재가노인복지시설 방문간호,1,1,0,0.0,14,,,False,방문형·복지용구는 정원 대비 비율 해석 금지,,2025-04-01,2026년 현재값이 아닌 과거 가동률 민감도 기준
41115,C01,경기도,수원시 팔달구,재가장기요양기관 방문요양,21,21,0,0.0,353,,,False,방문형·복지용구는 정원 대비 비율 해석 금지,,2025-04-01,2026년 현재값이 아닌 과거 가동률 민감도 기준
41115,C02,경기도,수원시 팔달구,재가장기요양기관 방문목욕,19,19,0,0.0,67,,,False,방문형·복지용구는 정원 대비 비율 해석 금지,,2025-04-01,2026년 현재값이 아닌 과거 가동률 민감도 기준
41115,C03,경기도,수원시 팔달구,재가장기요양기관 주야간보호,5,5,0,233.0,162,0.6952789699570815,0.6952789699570815,True,정원 대비 현원 가동률,0.0,2025-04-01,2026년 현재값이 아닌 과거 가동률 민감도 기준
41115,C05,경기도,수원시 팔달구,재가장기요양기관 방문간호,1,1,0,0.0,0,,,False,방문형·복지용구는 정원 대비 비율 해석 금지,,2025-04-01,2026년 현재값이 아닌 과거 가동률 민감도 기준
41117,A03,경기도,수원시 영통구,노인요양시설(개정법),10,10,0,570.0,492,0.8631578947368421,0.8631578947368421,True,정원 대비 현원 가동률,0.0,2025-04-01,2026년 현재값이 아닌 과거 가동률 민감도 기준
41117,B01,경기도,수원시 영통구,재가노인복지시설 방문요양,23,23,0,0.0,578,,,False,방문형·복지용구는 정원 대비 비율 해석 금지,,2025-04-01,2026년 현재값이 아닌 과거 가동률 민감도 기준
41117,B02,경기도,수원시 영통구,재가노인복지시설 방문목욕,19,19,0,0.0,18,,,False,방문형·복지용구는 정원 대비 비율 해석 금지,,2025-04-01,2026년 현재값이 아닌 과거 가동률 민감도 기준
41117,B03,경기도,수원시 영통구,재가노인복지시설 주야간보호,11,11,0,495.0,369,0.7454545454545455,0.7454545454545455,True,정원 대비 현원 가동률,0.0,2025-04-01,2026년 현재값이 아닌 과거 가동률 민감도 기준
41117,B05,경기도,수원시 영통구,재가노인복지시설 방문간호,2,2,0,0.0,0,,,False,방문형·복지용구는 정원 대비 비율 해석 금지,,2025-04-01,2026년 현재값이 아닌 과거 가동률 민감도 기준
41117,B06,경기도,수원시 영통구,재가노인복지시설 복지용구,1,1,0,0.0,0,,,False,방문형·복지용구는 정원 대비 비율 해석 금지,,2025-04-01,2026년 현재값이 아닌 과거 가동률 민감도 기준
41117,C01,경기도,수원시 영통구,재가장기요양기관 방문요양,13,13,0,31.0,414,13.35483870967742,,False,방문형·복지용구는 정원 대비 비율 해석 금지,,2025-04-01,2026년 현재값이 아닌 과거 가동률 민감도 기준
41117,C02,경기도,수원시 영통구,재가장기요양기관 방문목욕,13,13,0,31.0,6,0.1935483870967742,,False,방문형·복지용구는 정원 대비 비율 해석 금지,,2025-04-01,2026년 현재값이 아닌 과거 가동률 민감도 기준
41117,C03,경기도,수원시 영통구,재가장기요양기관 주야간보호,1,1,0,67.0,57,0.8507462686567164,0.8507462686567164,True,정원 대비 현원 가동률,0.0,2025-04-01,2026년 현재값이 아닌 과거 가동률 민감도 기준
41117,C05,경기도,수원시 영통구,재가장기요양기관 방문간호,2,2,0,0.0,11,,,False,방문형·복지용구는 정원 대비 비율 해석 금지,,2025-04-01,2026년 현재값이 아닌 과거 가동률 민감도 기준
41131,A03,경기도,성남시 수정구,노인요양시설(개정법),11,11,0,703.0,559,0.7951635846372689,0.7951635846372689,True,정원 대비 현원 가동률,0.0,2025-04-01,2026년 현재값이 아닌 과거 가동률 민감도 기준
41131,A04,경기도,성남시 수정구,노인요양공동생활가정,2,2,0,18.0,18,1.0,1.0,True,정원 대비 현원 가동률,0.0,2025-04-01,2026년 현재값이 아닌 과거 가동률 민감도 기준
41131,B01,경기도,성남시 수정구,재가노인복지시설 방문요양,24,24,0,0.0,728,,,False,방문형·복지용구는 정원 대비 비율 해석 금지,,2025-04-01,2026년 현재값이 아닌 과거 가동률 민감도 기준
41131,B02,경기도,성남시 수정구,재가노인복지시설 방문목욕,11,11,0,0.0,4,,,False,방문형·복지용구는 정원 대비 비율 해석 금지,,2025-04-01,2026년 현재값이 아닌 과거 가동률 민감도 기준
41131,B03,경기도,성남시 수정구,재가노인복지시설 주야간보호,14,14,0,571.0,451,0.7898423817863398,0.7898423817863398,True,정원 대비 현원 가동률,0.0,2025-04-01,2026년 현재값이 아닌 과거 가동률 민감도 기준
41131,B06,경기도,성남시 수정구,재가노인복지시설 복지용구,1,1,0,0.0,0,,,False,방문형·복지용구는 정원 대비 비율 해석 금지,,2025-04-01,2026년 현재값이 아닌 과거 가동률 민감도 기준
41131,C01,경기도,성남시 수정구,재가장기요양기관 방문요양,17,17,0,0.0,413,,,False,방문형·복지용구는 정원 대비 비율 해석 금지,,2025-04-01,2026년 현재값이 아닌 과거 가동률 민감도 기준
41131,C02,경기도,성남시 수정구,재가장기요양기관 방문목욕,15,15,0,0.0,25,,,False,방문형·복지용구는 정원 대비 비율 해석 금지,,2025-04-01,2026년 현재값이 아닌 과거 가동률 민감도 기준
41131,C03,경기도,성남시 수정구,재가장기요양기관 주야간보호,6,6,0,259.0,218,0.8416988416988417,0.8416988416988417,True,정원 대비 현원 가동률,0.0,2025-04-01,2026년 현재값이 아닌 과거 가동률 민감도 기준
41133,A03,경기도,성남시 중원구,노인요양시설(개정법),11,11,0,649.0,623,0.9599383667180277,0.9599383667180277,True,정원 대비 현원 가동률,0.0,2025-04-01,2026년 현재값이 아닌 과거 가동률 민감도 기준
41133,A04,경기도,성남시 중원구,노인요양공동생활가정,2,2,0,18.0,20,1.1111111111111112,1.1111111111111112,True,정원 대비 현원 가동률,2.0,2025-04-01,2026년 현재값이 아닌 과거 가동률 민감도 기준
41133,B01,경기도,성남시 중원구,재가노인복지시설 방문요양,16,16,0,0.0,504,,,False,방문형·복지용구는 정원 대비 비율 해석 금지,,2025-04-01,2026년 현재값이 아닌 과거 가동률 민감도 기준
41133,B02,경기도,성남시 중원구,재가노인복지시설 방문목욕,6,6,0,0.0,13,,,False,방문형·복지용구는 정원 대비 비율 해석 금지,,2025-04-01,2026년 현재값이 아닌 과거 가동률 민감도 기준
41133,B03,경기도,성남시 중원구,재가노인복지시설 주야간보호,9,9,0,281.0,254,0.9039145907473309,0.9039145907473309,True,정원 대비 현원 가동률,0.0,2025-04-01,2026년 현재값이 아닌 과거 가동률 민감도 기준
41133,B06,경기도,성남시 중원구,재가노인복지시설 복지용구,1,1,0,0.0,0,,,False,방문형·복지용구는 정원 대비 비율 해석 금지,,2025-04-01,2026년 현재값이 아닌 과거 가동률 민감도 기준
41133,C01,경기도,성남시 중원구,재가장기요양기관 방문요양,19,19,0,0.0,479,,,False,방문형·복지용구는 정원 대비 비율 해석 금지,,2025-04-01,2026년 현재값이 아닌 과거 가동률 민감도 기준
41133,C02,경기도,성남시 중원구,재가장기요양기관 방문목욕,16,16,0,0.0,7,,,False,방문형·복지용구는 정원 대비 비율 해석 금지,,2025-04-01,2026년 현재값이 아닌 과거 가동률 민감도 기준
41133,C03,경기도,성남시 중원구,재가장기요양기관 주야간보호,1,1,0,43.0,23,0.5348837209302325,0.5348837209302325,True,정원 대비 현원 가동률,0.0,2025-04-01,2026년 현재값이 아닌 과거 가동률 민감도 기준
41133,C05,경기도,성남시 중원구,재가장기요양기관 방문간호,2,2,0,0.0,0,,,False,방문형·복지용구는 정원 대비 비율 해석 금지,,2025-04-01,2026년 현재값이 아닌 과거 가동률 민감도 기준
41133,G31,경기도,성남시 중원구,치매전담실가형1실,1,1,0,15.0,15,1.0,1.0,True,정원 대비 현원 가동률,0.0,2025-04-01,2026년 현재값이 아닌 과거 가동률 민감도 기준
41135,A03,경기도,성남시 분당구,노인요양시설(개정법),13,13,0,579.0,499,0.8618307426597582,0.8618307426597582,True,정원 대비 현원 가동률,0.0,2025-04-01,2026년 현재값이 아닌 과거 가동률 민감도 기준
41135,A04,경기도,성남시 분당구,노인요양공동생활가정,3,3,0,27.0,26,0.9629629629629629,0.9629629629629629,True,정원 대비 현원 가동률,0.0,2025-04-01,2026년 현재값이 아닌 과거 가동률 민감도 기준
41135,B01,경기도,성남시 분당구,재가노인복지시설 방문요양,34,34,0,0.0,745,,,False,방문형·복지용구는 정원 대비 비율 해석 금지,,2025-04-01,2026년 현재값이 아닌 과거 가동률 민감도 기준
41135,B02,경기도,성남시 분당구,재가노인복지시설 방문목욕,18,18,0,0.0,2,,,False,방문형·복지용구는 정원 대비 비율 해석 금지,,2025-04-01,2026년 현재값이 아닌 과거 가동률 민감도 기준
41135,B03,경기도,성남시 분당구,재가노인복지시설 주야간보호,19,19,0,865.0,730,0.8439306358381503,0.8439306358381503,True,정원 대비 현원 가동률,2.0,2025-04-01,2026년 현재값이 아닌 과거 가동률 민감도 기준
41135,B05,경기도,성남시 분당구,재가노인복지시설 방문간호,2,2,0,0.0,37,,,False,방문형·복지용구는 정원 대비 비율 해석 금지,,2025-04-01,2026년 현재값이 아닌 과거 가동률 민감도 기준
41135,B06,경기도,성남시 분당구,재가노인복지시설 복지용구,1,1,0,0.0,0,,,False,방문형·복지용구는 정원 대비 비율 해석 금지,,2025-04-01,2026년 현재값이 아닌 과거 가동률 민감도 기준
41135,C01,경기도,성남시 분당구,재가장기요양기관 방문요양,36,36,0,0.0,1261,,,False,방문형·복지용구는 정원 대비 비율 해석 금지,,2025-04-01,2026년 현재값이 아닌 과거 가동률 민감도 기준
41135,C02,경기도,성남시 분당구,재가장기요양기관 방문목욕,28,28,0,0.0,65,,,False,방문형·복지용구는 정원 대비 비율 해석 금지,,2025-04-01,2026년 현재값이 아닌 과거 가동률 민감도 기준
41135,C03,경기도,성남시 분당구,재가장기요양기관 주야간보호,9,9,0,349.0,286,0.8194842406876791,0.8194842406876791,True,정원 대비 현원 가동률,0.0,2025-04-01,2026년 현재값이 아닌 과거 가동률 민감도 기준
41135,C04,경기도,성남시 분당구,재가장기요양기관 단기보호,1,1,0,19.0,9,0.47368421052631576,0.47368421052631576,True,정원 대비 현원 가동률,0.0,2025-04-01,2026년 현재값이 아닌 과거 가동률 민감도 기준
41135,C05,경기도,성남시 분당구,재가장기요양기관 방문간호,4,4,0,0.0,18,,,False,방문형·복지용구는 정원 대비 비율 해석 금지,,2025-04-01,2026년 현재값이 아닌 과거 가동률 민감도 기준
41135,C06,경기도,성남시 분당구,재가장기요양기관 복지용구,2,2,0,0.0,0,,,False,방문형·복지용구는 정원 대비 비율 해석 금지,,2025-04-01,2026년 현재값이 아닌 과거 가동률 민감도 기준
41135,G31,경기도,성남시 분당구,치매전담실가형1실,3,3,0,43.0,41,0.9534883720930233,0.9534883720930233,True,정원 대비 현원 가동률,0.0,2025-04-01,2026년 현재값이 아닌 과거 가동률 민감도 기준
41135,G32,경기도,성남시 분당구,치매전담실가형2실,1,1,0,12.0,11,0.9166666666666666,0.9166666666666666,True,정원 대비 현원 가동률,0.0,2025-04-01,2026년 현재값이 아닌 과거 가동률 민감도 기준
41150,A03,경기도,의정부시,노인요양시설(개정법),86,86,0,4060.0,3267,0.804679802955665,0.804679802955665,True,정원 대비 현원 가동률,3.0,2025-04-01,2026년 현재값이 아닌 과거 가동률 민감도 기준
41150,A04,경기도,의정부시,노인요양공동생활가정,22,22,0,198.0,182,0.9191919191919192,0.9191919191919192,True,정원 대비 현원 가동률,0.0,2025-04-01,2026년 현재값이 아닌 과거 가동률 민감도 기준
41150,B01,경기도,의정부시,재가노인복지시설 방문요양,81,81,0,0.0,1559,,,False,방문형·복지용구는 정원 대비 비율 해석 금지,,2025-04-01,2026년 현재값이 아닌 과거 가동률 민감도 기준
41150,B02,경기도,의정부시,재가노인복지시설 방문목욕,35,35,0,0.0,53,,,False,방문형·복지용구는 정원 대비 비율 해석 금지,,2025-04-01,2026년 현재값이 아닌 과거 가동률 민감도 기준
41150,B03,경기도,의정부시,재가노인복지시설 주야간보호,49,49,0,1679.0,1356,0.8076235854675402,0.8076235854675402,True,정원 대비 현원 가동률,4.0,2025-04-01,2026년 현재값이 아닌 과거 가동률 민감도 기준
41150,B05,경기도,의정부시,재가노인복지시설 방문간호,2,2,0,0.0,17,,,False,방문형·복지용구는 정원 대비 비율 해석 금지,,2025-04-01,2026년 현재값이 아닌 과거 가동률 민감도 기준
41150,C01,경기도,의정부시,재가장기요양기관 방문요양,64,64,0,0.0,1898,,,False,방문형·복지용구는 정원 대비 비율 해석 금지,,2025-04-01,2026년 현재값이 아닌 과거 가동률 민감도 기준
41150,C02,경기도,의정부시,재가장기요양기관 방문목욕,47,47,0,0.0,59,,,False,방문형·복지용구는 정원 대비 비율 해석 금지,,2025-04-01,2026년 현재값이 아닌 과거 가동률 민감도 기준
41150,C03,경기도,의정부시,재가장기요양기관 주야간보호,16,16,0,662.0,575,0.8685800604229608,0.8685800604229608,True,정원 대비 현원 가동률,1.0,2025-04-01,2026년 현재값이 아닌 과거 가동률 민감도 기준
41150,C04,경기도,의정부시,재가장기요양기관 단기보호,1,1,0,9.0,8,0.8888888888888888,0.8888888888888888,True,정원 대비 현원 가동률,0.0,2025-04-01,2026년 현재값이 아닌 과거 가동률 민감도 기준
41150,C05,경기도,의정부시,재가장기요양기관 방문간호,2,2,0,0.0,23,,,False,방문형·복지용구는 정원 대비 비율 해석 금지,,2025-04-01,2026년 현재값이 아닌 과거 가동률 민감도 기준
41150,C06,경기도,의정부시,재가장기요양기관 복지용구,3,3,0,0.0,643,,,False,방문형·복지용구는 정원 대비 비율 해석 금지,,2025-04-01,2026년 현재값이 아닌 과거 가동률 민감도 기준
41150,G31,경기도,의정부시,치매전담실가형1실,2,2,0,20.0,19,0.95,0.95,True,정원 대비 현원 가동률,0.0,2025-04-01,2026년 현재값이 아닌 과거 가동률 민감도 기준
41150,H31,경기도,의정부시,주야간보호내치매전담1실,1,1,0,25.0,23,0.92,0.92,True,정원 대비 현원 가동률,0.0,2025-04-01,2026년 현재값이 아닌 과거 가동률 민감도 기준
41150,H32,경기도,의정부시,주야간보호내치매전담2실,1,1,0,24.0,23,0.9583333333333334,0.9583333333333334,True,정원 대비 현원 가동률,0.0,2025-04-01,2026년 현재값이 아닌 과거 가동률 민감도 기준
41171,A03,경기도,안양시 만안구,노인요양시설(개정법),19,19,0,1016.0,889,0.875,0.875,True,정원 대비 현원 가동률,1.0,2025-04-01,2026년 현재값이 아닌 과거 가동률 민감도 기준
41171,A04,경기도,안양시 만안구,노인요양공동생활가정,13,13,0,117.0,114,0.9743589743589743,0.9743589743589743,True,정원 대비 현원 가동률,1.0,2025-04-01,2026년 현재값이 아닌 과거 가동률 민감도 기준
41171,B01,경기도,안양시 만안구,재가노인복지시설 방문요양,35,35,0,16.0,794,49.625,,False,방문형·복지용구는 정원 대비 비율 해석 금지,,2025-04-01,2026년 현재값이 아닌 과거 가동률 민감도 기준
41171,B02,경기도,안양시 만안구,재가노인복지시설 방문목욕,29,29,0,0.0,218,,,False,방문형·복지용구는 정원 대비 비율 해석 금지,,2025-04-01,2026년 현재값이 아닌 과거 가동률 민감도 기준
41171,B03,경기도,안양시 만안구,재가노인복지시설 주야간보호,17,17,0,721.0,568,0.7877947295423023,0.7877947295423023,True,정원 대비 현원 가동률,1.0,2025-04-01,2026년 현재값이 아닌 과거 가동률 민감도 기준
41171,B05,경기도,안양시 만안구,재가노인복지시설 방문간호,1,1,0,0.0,0,,,False,방문형·복지용구는 정원 대비 비율 해석 금지,,2025-04-01,2026년 현재값이 아닌 과거 가동률 민감도 기준
41171,B06,경기도,안양시 만안구,재가노인복지시설 복지용구,1,1,0,0.0,0,,,False,방문형·복지용구는 정원 대비 비율 해석 금지,,2025-04-01,2026년 현재값이 아닌 과거 가동률 민감도 기준
41171,C01,경기도,안양시 만안구,재가장기요양기관 방문요양,28,28,0,0.0,863,,,False,방문형·복지용구는 정원 대비 비율 해석 금지,,2025-04-01,2026년 현재값이 아닌 과거 가동률 민감도 기준
41171,C02,경기도,안양시 만안구,재가장기요양기관 방문목욕,26,26,0,0.0,66,,,False,방문형·복지용구는 정원 대비 비율 해석 금지,,2025-04-01,2026년 현재값이 아닌 과거 가동률 민감도 기준
41171,C03,경기도,안양시 만안구,재가장기요양기관 주야간보호,5,5,0,179.0,126,0.7039106145251397,0.7039106145251397,True,정원 대비 현원 가동률,0.0,2025-04-01,2026년 현재값이 아닌 과거 가동률 민감도 기준
41171,C05,경기도,안양시 만안구,재가장기요양기관 방문간호,3,3,0,0.0,72,,,False,방문형·복지용구는 정원 대비 비율 해석 금지,,2025-04-01,2026년 현재값이 아닌 과거 가동률 민감도 기준
41171,C06,경기도,안양시 만안구,재가장기요양기관 복지용구,1,1,0,0.0,0,,,False,방문형·복지용구는 정원 대비 비율 해석 금지,,2025-04-01,2026년 현재값이 아닌 과거 가동률 민감도 기준
41171,H31,경기도,안양시 만안구,주야간보호내치매전담1실,1,1,0,25.0,24,0.96,0.96,True,정원 대비 현원 가동률,0.0,2025-04-01,2026년 현재값이 아닌 과거 가동률 민감도 기준
41171,I31,경기도,안양시 만안구,주야간보호내치매전담1실,1,1,0,25.0,9,0.36,0.36,True,정원 대비 현원 가동률,0.0,2025-04-01,2026년 현재값이 아닌 과거 가동률 민감도 기준
41173,A03,경기도,안양시 동안구,노인요양시설(개정법),7,7,0,509.0,491,0.9646365422396856,0.9646365422396856,True,정원 대비 현원 가동률,0.0,2025-04-01,2026년 현재값이 아닌 과거 가동률 민감도 기준
41173,A04,경기도,안양시 동안구,노인요양공동생활가정,3,3,0,27.0,25,0.9259259259259259,0.9259259259259259,True,정원 대비 현원 가동률,0.0,2025-04-01,2026년 현재값이 아닌 과거 가동률 민감도 기준
41173,B01,경기도,안양시 동안구,재가노인복지시설 방문요양,29,29,0,31.0,395,12.741935483870968,,False,방문형·복지용구는 정원 대비 비율 해석 금지,,2025-04-01,2026년 현재값이 아닌 과거 가동률 민감도 기준
41173,B02,경기도,안양시 동안구,재가노인복지시설 방문목욕,23,23,0,2.0,11,5.5,,False,방문형·복지용구는 정원 대비 비율 해석 금지,,2025-04-01,2026년 현재값이 아닌 과거 가동률 민감도 기준
41173,B03,경기도,안양시 동안구,재가노인복지시설 주야간보호,16,16,0,707.0,523,0.7397454031117398,0.7397454031117398,True,정원 대비 현원 가동률,1.0,2025-04-01,2026년 현재값이 아닌 과거 가동률 민감도 기준
41173,B04,경기도,안양시 동안구,재가노인복지시설 단기보호,1,1,0,6.0,1,0.16666666666666666,0.16666666666666666,True,정원 대비 현원 가동률,0.0,2025-04-01,2026년 현재값이 아닌 과거 가동률 민감도 기준
41173,B05,경기도,안양시 동안구,재가노인복지시설 방문간호,1,1,0,0.0,0,,,False,방문형·복지용구는 정원 대비 비율 해석 금지,,2025-04-01,2026년 현재값이 아닌 과거 가동률 민감도 기준
41173,C01,경기도,안양시 동안구,재가장기요양기관 방문요양,32,32,0,0.0,1308,,,False,방문형·복지용구는 정원 대비 비율 해석 금지,,2025-04-01,2026년 현재값이 아닌 과거 가동률 민감도 기준
41173,C02,경기도,안양시 동안구,재가장기요양기관 방문목욕,28,28,0,0.0,61,,,False,방문형·복지용구는 정원 대비 비율 해석 금지,,2025-04-01,2026년 현재값이 아닌 과거 가동률 민감도 기준
41173,C03,경기도,안양시 동안구,재가장기요양기관 주야간보호,2,2,0,102.0,89,0.8725490196078431,0.8725490196078431,True,정원 대비 현원 가동률,0.0,2025-04-01,2026년 현재값이 아닌 과거 가동률 민감도 기준
41173,C05,경기도,안양시 동안구,재가장기요양기관 방문간호,3,3,0,0.0,29,,,False,방문형·복지용구는 정원 대비 비율 해석 금지,,2025-04-01,2026년 현재값이 아닌 과거 가동률 민감도 기준
41173,C06,경기도,안양시 동안구,재가장기요양기관 복지용구,2,2,0,0.0,19,,,False,방문형·복지용구는 정원 대비 비율 해석 금지,,2025-04-01,2026년 현재값이 아닌 과거 가동률 민감도 기준
41192,A03,경기도,부천시 원미구,노인요양시설(개정법),57,57,0,2433.0,2143,0.8808055898068229,0.8808055898068229,True,정원 대비 현원 가동률,0.0,2025-04-01,2026년 현재값이 아닌 과거 가동률 민감도 기준
41192,A04,경기도,부천시 원미구,노인요양공동생활가정,26,26,0,233.0,205,0.8798283261802575,0.8798283261802575,True,정원 대비 현원 가동률,0.0,2025-04-01,2026년 현재값이 아닌 과거 가동률 민감도 기준
41192,B01,경기도,부천시 원미구,재가노인복지시설 방문요양,60,60,0,1265.0,1284,1.0150197628458497,,False,방문형·복지용구는 정원 대비 비율 해석 금지,,2025-04-01,2026년 현재값이 아닌 과거 가동률 민감도 기준
41192,B02,경기도,부천시 원미구,재가노인복지시설 방문목욕,43,43,0,1195.0,32,0.026778242677824266,,False,방문형·복지용구는 정원 대비 비율 해석 금지,,2025-04-01,2026년 현재값이 아닌 과거 가동률 민감도 기준
41192,B03,경기도,부천시 원미구,재가노인복지시설 주야간보호,25,25,0,887.0,693,0.7812852311161218,0.7812852311161218,True,정원 대비 현원 가동률,3.0,2025-04-01,2026년 현재값이 아닌 과거 가동률 민감도 기준
41192,B05,경기도,부천시 원미구,재가노인복지시설 방문간호,3,3,0,0.0,76,,,False,방문형·복지용구는 정원 대비 비율 해석 금지,,2025-04-01,2026년 현재값이 아닌 과거 가동률 민감도 기준
41192,B06,경기도,부천시 원미구,재가노인복지시설 복지용구,3,3,0,0.0,47,,,False,방문형·복지용구는 정원 대비 비율 해석 금지,,2025-04-01,2026년 현재값이 아닌 과거 가동률 민감도 기준
41192,C01,경기도,부천시 원미구,재가장기요양기관 방문요양,42,42,0,30.0,1363,45.43333333333333,,False,방문형·복지용구는 정원 대비 비율 해석 금지,,2025-04-01,2026년 현재값이 아닌 과거 가동률 민감도 기준
41192,C02,경기도,부천시 원미구,재가장기요양기관 방문목욕,33,33,0,0.0,64,,,False,방문형·복지용구는 정원 대비 비율 해석 금지,,2025-04-01,2026년 현재값이 아닌 과거 가동률 민감도 기준
41192,C03,경기도,부천시 원미구,재가장기요양기관 주야간보호,4,4,0,199.0,146,0.7336683417085427,0.7336683417085427,True,정원 대비 현원 가동률,0.0,2025-04-01,2026년 현재값이 아닌 과거 가동률 민감도 기준
41192,C04,경기도,부천시 원미구,재가장기요양기관 단기보호,1,1,0,13.0,7,0.5384615384615384,0.5384615384615384,True,정원 대비 현원 가동률,0.0,2025-04-01,2026년 현재값이 아닌 과거 가동률 민감도 기준
41192,C05,경기도,부천시 원미구,재가장기요양기관 방문간호,3,3,0,0.0,75,,,False,방문형·복지용구는 정원 대비 비율 해석 금지,,2025-04-01,2026년 현재값이 아닌 과거 가동률 민감도 기준
41192,C06,경기도,부천시 원미구,재가장기요양기관 복지용구,2,2,0,0.0,333,,,False,방문형·복지용구는 정원 대비 비율 해석 금지,,2025-04-01,2026년 현재값이 아닌 과거 가동률 민감도 기준
41192,G31,경기도,부천시 원미구,치매전담실가형1실,3,3,0,34.0,23,0.6764705882352942,0.6764705882352942,True,정원 대비 현원 가동률,1.0,2025-04-01,2026년 현재값이 아닌 과거 가동률 민감도 기준
41192,G32,경기도,부천시 원미구,치매전담실가형2실,1,1,0,12.0,12,1.0,1.0,True,정원 대비 현원 가동률,0.0,2025-04-01,2026년 현재값이 아닌 과거 가동률 민감도 기준
41194,A03,경기도,부천시 소사구,노인요양시설(개정법),24,24,0,816.0,770,0.9436274509803921,0.9436274509803921,True,정원 대비 현원 가동률,0.0,2025-04-01,2026년 현재값이 아닌 과거 가동률 민감도 기준
41194,A04,경기도,부천시 소사구,노인요양공동생활가정,7,7,0,63.0,55,0.873015873015873,0.873015873015873,True,정원 대비 현원 가동률,0.0,2025-04-01,2026년 현재값이 아닌 과거 가동률 민감도 기준
41194,B01,경기도,부천시 소사구,재가노인복지시설 방문요양,27,27,0,684.0,602,0.8801169590643275,,False,방문형·복지용구는 정원 대비 비율 해석 금지,,2025-04-01,2026년 현재값이 아닌 과거 가동률 민감도 기준
41194,B02,경기도,부천시 소사구,재가노인복지시설 방문목욕,19,19,0,624.0,5,0.008012820512820512,,False,방문형·복지용구는 정원 대비 비율 해석 금지,,2025-04-01,2026년 현재값이 아닌 과거 가동률 민감도 기준
41194,B03,경기도,부천시 소사구,재가노인복지시설 주야간보호,10,10,0,327.0,256,0.7828746177370031,0.7828746177370031,True,정원 대비 현원 가동률,1.0,2025-04-01,2026년 현재값이 아닌 과거 가동률 민감도 기준
41194,B06,경기도,부천시 소사구,재가노인복지시설 복지용구,3,3,0,0.0,175,,,False,방문형·복지용구는 정원 대비 비율 해석 금지,,2025-04-01,2026년 현재값이 아닌 과거 가동률 민감도 기준
41194,C01,경기도,부천시 소사구,재가장기요양기관 방문요양,18,18,0,0.0,561,,,False,방문형·복지용구는 정원 대비 비율 해석 금지,,2025-04-01,2026년 현재값이 아닌 과거 가동률 민감도 기준
41194,C02,경기도,부천시 소사구,재가장기요양기관 방문목욕,14,14,0,0.0,38,,,False,방문형·복지용구는 정원 대비 비율 해석 금지,,2025-04-01,2026년 현재값이 아닌 과거 가동률 민감도 기준
41194,C03,경기도,부천시 소사구,재가장기요양기관 주야간보호,4,4,0,225.0,177,0.7866666666666666,0.7866666666666666,True,정원 대비 현원 가동률,0.0,2025-04-01,2026년 현재값이 아닌 과거 가동률 민감도 기준
41194,C05,경기도,부천시 소사구,재가장기요양기관 방문간호,1,1,0,0.0,0,,,False,방문형·복지용구는 정원 대비 비율 해석 금지,,2025-04-01,2026년 현재값이 아닌 과거 가동률 민감도 기준
41194,C06,경기도,부천시 소사구,재가장기요양기관 복지용구,2,2,0,0.0,0,,,False,방문형·복지용구는 정원 대비 비율 해석 금지,,2025-04-01,2026년 현재값이 아닌 과거 가동률 민감도 기준
41194,G31,경기도,부천시 소사구,치매전담실가형1실,2,2,0,31.0,31,1.0,1.0,True,정원 대비 현원 가동률,0.0,2025-04-01,2026년 현재값이 아닌 과거 가동률 민감도 기준
41194,G32,경기도,부천시 소사구,치매전담실가형2실,2,2,0,30.0,30,1.0,1.0,True,정원 대비 현원 가동률,0.0,2025-04-01,2026년 현재값이 아닌 과거 가동률 민감도 기준
41194,G33,경기도,부천시 소사구,치매전담실가형3실,1,1,0,16.0,16,1.0,1.0,True,정원 대비 현원 가동률,0.0,2025-04-01,2026년 현재값이 아닌 과거 가동률 민감도 기준
41194,H31,경기도,부천시 소사구,주야간보호내치매전담1실,1,1,0,21.0,0,0.0,0.0,True,정원 대비 현원 가동률,0.0,2025-04-01,2026년 현재값이 아닌 과거 가동률 민감도 기준
41196,A03,경기도,부천시 오정구,노인요양시설(개정법),14,14,0,449.0,427,0.9510022271714922,0.9510022271714922,True,정원 대비 현원 가동률,0.0,2025-04-01,2026년 현재값이 아닌 과거 가동률 민감도 기준
41196,A04,경기도,부천시 오정구,노인요양공동생활가정,11,11,0,99.0,77,0.7777777777777778,0.7777777777777778,True,정원 대비 현원 가동률,1.0,2025-04-01,2026년 현재값이 아닌 과거 가동률 민감도 기준
41196,B01,경기도,부천시 오정구,재가노인복지시설 방문요양,25,25,0,150.0,567,3.78,,False,방문형·복지용구는 정원 대비 비율 해석 금지,,2025-04-01,2026년 현재값이 아닌 과거 가동률 민감도 기준
41196,B02,경기도,부천시 오정구,재가노인복지시설 방문목욕,17,17,0,150.0,13,0.08666666666666667,,False,방문형·복지용구는 정원 대비 비율 해석 금지,,2025-04-01,2026년 현재값이 아닌 과거 가동률 민감도 기준
41196,B03,경기도,부천시 오정구,재가노인복지시설 주야간보호,12,12,0,388.0,207,0.5335051546391752,0.5335051546391752,True,정원 대비 현원 가동률,0.0,2025-04-01,2026년 현재값이 아닌 과거 가동률 민감도 기준
41196,B06,경기도,부천시 오정구,재가노인복지시설 복지용구,1,1,0,0.0,0,,,False,방문형·복지용구는 정원 대비 비율 해석 금지,,2025-04-01,2026년 현재값이 아닌 과거 가동률 민감도 기준
41196,C01,경기도,부천시 오정구,재가장기요양기관 방문요양,19,19,0,0.0,635,,,False,방문형·복지용구는 정원 대비 비율 해석 금지,,2025-04-01,2026년 현재값이 아닌 과거 가동률 민감도 기준
41196,C02,경기도,부천시 오정구,재가장기요양기관 방문목욕,15,15,0,0.0,32,,,False,방문형·복지용구는 정원 대비 비율 해석 금지,,2025-04-01,2026년 현재값이 아닌 과거 가동률 민감도 기준
41196,C03,경기도,부천시 오정구,재가장기요양기관 주야간보호,3,3,0,82.0,80,0.975609756097561,0.975609756097561,True,정원 대비 현원 가동률,0.0,2025-04-01,2026년 현재값이 아닌 과거 가동률 민감도 기준
41196,C06,경기도,부천시 오정구,재가장기요양기관 복지용구,1,1,0,0.0,2,,,False,방문형·복지용구는 정원 대비 비율 해석 금지,,2025-04-01,2026년 현재값이 아닌 과거 가동률 민감도 기준
41196,G31,경기도,부천시 오정구,치매전담실가형1실,1,1,0,12.0,11,0.9166666666666666,0.9166666666666666,True,정원 대비 현원 가동률,0.0,2025-04-01,2026년 현재값이 아닌 과거 가동률 민감도 기준
41196,G32,경기도,부천시 오정구,치매전담실가형2실,1,1,0,12.0,8,0.6666666666666666,0.6666666666666666,True,정원 대비 현원 가동률,0.0,2025-04-01,2026년 현재값이 아닌 과거 가동률 민감도 기준
41210,A03,경기도,광명시,노인요양시설(개정법),13,13,0,561.0,526,0.9376114081996435,0.9376114081996435,True,정원 대비 현원 가동률,0.0,2025-04-01,2026년 현재값이 아닌 과거 가동률 민감도 기준
41210,A04,경기도,광명시,노인요양공동생활가정,1,1,0,9.0,9,1.0,1.0,True,정원 대비 현원 가동률,0.0,2025-04-01,2026년 현재값이 아닌 과거 가동률 민감도 기준
41210,B01,경기도,광명시,재가노인복지시설 방문요양,25,25,0,0.0,401,,,False,방문형·복지용구는 정원 대비 비율 해석 금지,,2025-04-01,2026년 현재값이 아닌 과거 가동률 민감도 기준
41210,B02,경기도,광명시,재가노인복지시설 방문목욕,14,14,0,0.0,2,,,False,방문형·복지용구는 정원 대비 비율 해석 금지,,2025-04-01,2026년 현재값이 아닌 과거 가동률 민감도 기준
41210,B03,경기도,광명시,재가노인복지시설 주야간보호,7,7,0,397.0,342,0.8614609571788413,0.8614609571788413,True,정원 대비 현원 가동률,0.0,2025-04-01,2026년 현재값이 아닌 과거 가동률 민감도 기준
41210,B06,경기도,광명시,재가노인복지시설 복지용구,1,1,0,0.0,0,,,False,방문형·복지용구는 정원 대비 비율 해석 금지,,2025-04-01,2026년 현재값이 아닌 과거 가동률 민감도 기준
41210,C01,경기도,광명시,재가장기요양기관 방문요양,27,27,0,0.0,795,,,False,방문형·복지용구는 정원 대비 비율 해석 금지,,2025-04-01,2026년 현재값이 아닌 과거 가동률 민감도 기준
41210,C02,경기도,광명시,재가장기요양기관 방문목욕,24,24,0,0.0,75,,,False,방문형·복지용구는 정원 대비 비율 해석 금지,,2025-04-01,2026년 현재값이 아닌 과거 가동률 민감도 기준
41210,C03,경기도,광명시,재가장기요양기관 주야간보호,5,5,0,177.0,162,0.9152542372881356,0.9152542372881356,True,정원 대비 현원 가동률,1.0,2025-04-01,2026년 현재값이 아닌 과거 가동률 민감도 기준
41210,C06,경기도,광명시,재가장기요양기관 복지용구,2,2,0,0.0,0,,,False,방문형·복지용구는 정원 대비 비율 해석 금지,,2025-04-01,2026년 현재값이 아닌 과거 가동률 민감도 기준
41220,A03,경기도,평택시,노인요양시설(개정법),47,47,0,3017.0,2324,0.7703016241299304,0.7703016241299304,True,정원 대비 현원 가동률,0.0,2025-04-01,2026년 현재값이 아닌 과거 가동률 민감도 기준
41220,A04,경기도,평택시,노인요양공동생활가정,13,13,0,116.0,99,0.853448275862069,0.853448275862069,True,정원 대비 현원 가동률,0.0,2025-04-01,2026년 현재값이 아닌 과거 가동률 민감도 기준
41220,B01,경기도,평택시,재가노인복지시설 방문요양,55,55,0,92.0,1289,14.01086956521739,,False,방문형·복지용구는 정원 대비 비율 해석 금지,,2025-04-01,2026년 현재값이 아닌 과거 가동률 민감도 기준
41220,B02,경기도,평택시,재가노인복지시설 방문목욕,43,43,0,50.0,35,0.7,,False,방문형·복지용구는 정원 대비 비율 해석 금지,,2025-04-01,2026년 현재값이 아닌 과거 가동률 민감도 기준
41220,B03,경기도,평택시,재가노인복지시설 주야간보호,37,37,0,1276.0,859,0.6731974921630094,0.6731974921630094,True,정원 대비 현원 가동률,0.0,2025-04-01,2026년 현재값이 아닌 과거 가동률 민감도 기준
41220,B04,경기도,평택시,재가노인복지시설 단기보호,1,1,0,10.0,2,0.2,0.2,True,정원 대비 현원 가동률,0.0,2025-04-01,2026년 현재값이 아닌 과거 가동률 민감도 기준
41220,B05,경기도,평택시,재가노인복지시설 방문간호,4,4,0,0.0,33,,,False,방문형·복지용구는 정원 대비 비율 해석 금지,,2025-04-01,2026년 현재값이 아닌 과거 가동률 민감도 기준
41220,B06,경기도,평택시,재가노인복지시설 복지용구,1,1,0,0.0,0,,,False,방문형·복지용구는 정원 대비 비율 해석 금지,,2025-04-01,2026년 현재값이 아닌 과거 가동률 민감도 기준
41220,C01,경기도,평택시,재가장기요양기관 방문요양,40,40,0,0.0,1839,,,False,방문형·복지용구는 정원 대비 비율 해석 금지,,2025-04-01,2026년 현재값이 아닌 과거 가동률 민감도 기준
41220,C02,경기도,평택시,재가장기요양기관 방문목욕,34,34,0,0.0,439,,,False,방문형·복지용구는 정원 대비 비율 해석 금지,,2025-04-01,2026년 현재값이 아닌 과거 가동률 민감도 기준
41220,C03,경기도,평택시,재가장기요양기관 주야간보호,11,11,0,450.0,357,0.7933333333333333,0.7933333333333333,True,정원 대비 현원 가동률,0.0,2025-04-01,2026년 현재값이 아닌 과거 가동률 민감도 기준
41220,C06,경기도,평택시,재가장기요양기관 복지용구,2,2,0,0.0,0,,,False,방문형·복지용구는 정원 대비 비율 해석 금지,,2025-04-01,2026년 현재값이 아닌 과거 가동률 민감도 기준
41220,G31,경기도,평택시,치매전담실가형1실,4,4,0,44.0,44,1.0,1.0,True,정원 대비 현원 가동률,0.0,2025-04-01,2026년 현재값이 아닌 과거 가동률 민감도 기준
41220,G32,경기도,평택시,치매전담실가형2실,2,2,0,16.0,16,1.0,1.0,True,정원 대비 현원 가동률,0.0,2025-04-01,2026년 현재값이 아닌 과거 가동률 민감도 기준
41220,G33,경기도,평택시,치매전담실가형3실,1,1,0,6.0,6,1.0,1.0,True,정원 대비 현원 가동률,0.0,2025-04-01,2026년 현재값이 아닌 과거 가동률 민감도 기준
41220,G34,경기도,평택시,치매전담실가형4실,1,1,0,6.0,6,1.0,1.0,True,정원 대비 현원 가동률,0.0,2025-04-01,2026년 현재값이 아닌 과거 가동률 민감도 기준
41220,G35,경기도,평택시,치매전담실가형5실,1,1,0,6.0,5,0.8333333333333334,0.8333333333333334,True,정원 대비 현원 가동률,0.0,2025-04-01,2026년 현재값이 아닌 과거 가동률 민감도 기준
41250,A03,경기도,동두천시,노인요양시설(개정법),30,30,0,1452.0,1006,0.6928374655647382,0.6928374655647382,True,정원 대비 현원 가동률,0.0,2025-04-01,2026년 현재값이 아닌 과거 가동률 민감도 기준
41250,A04,경기도,동두천시,노인요양공동생활가정,9,9,0,76.0,59,0.7763157894736842,0.7763157894736842,True,정원 대비 현원 가동률,0.0,2025-04-01,2026년 현재값이 아닌 과거 가동률 민감도 기준
41250,B01,경기도,동두천시,재가노인복지시설 방문요양,22,22,0,0.0,272,,,False,방문형·복지용구는 정원 대비 비율 해석 금지,,2025-04-01,2026년 현재값이 아닌 과거 가동률 민감도 기준
41250,B02,경기도,동두천시,재가노인복지시설 방문목욕,9,9,0,0.0,42,,,False,방문형·복지용구는 정원 대비 비율 해석 금지,,2025-04-01,2026년 현재값이 아닌 과거 가동률 민감도 기준
41250,B03,경기도,동두천시,재가노인복지시설 주야간보호,17,17,0,589.0,406,0.6893039049235993,0.6893039049235993,True,정원 대비 현원 가동률,0.0,2025-04-01,2026년 현재값이 아닌 과거 가동률 민감도 기준
41250,B05,경기도,동두천시,재가노인복지시설 방문간호,3,3,0,0.0,3,,,False,방문형·복지용구는 정원 대비 비율 해석 금지,,2025-04-01,2026년 현재값이 아닌 과거 가동률 민감도 기준
41250,C01,경기도,동두천시,재가장기요양기관 방문요양,12,12,0,0.0,256,,,False,방문형·복지용구는 정원 대비 비율 해석 금지,,2025-04-01,2026년 현재값이 아닌 과거 가동률 민감도 기준
41250,C02,경기도,동두천시,재가장기요양기관 방문목욕,8,8,0,0.0,4,,,False,방문형·복지용구는 정원 대비 비율 해석 금지,,2025-04-01,2026년 현재값이 아닌 과거 가동률 민감도 기준
41271,A03,경기도,안산시 상록구,노인요양시설(개정법),47,47,0,2007.0,1592,0.7932237169905332,0.7932237169905332,True,정원 대비 현원 가동률,1.0,2025-04-01,2026년 현재값이 아닌 과거 가동률 민감도 기준
41271,A04,경기도,안산시 상록구,노인요양공동생활가정,31,31,0,260.0,221,0.85,0.85,True,정원 대비 현원 가동률,1.0,2025-04-01,2026년 현재값이 아닌 과거 가동률 민감도 기준
41271,B01,경기도,안산시 상록구,재가노인복지시설 방문요양,34,34,0,0.0,530,,,False,방문형·복지용구는 정원 대비 비율 해석 금지,,2025-04-01,2026년 현재값이 아닌 과거 가동률 민감도 기준
41271,B02,경기도,안산시 상록구,재가노인복지시설 방문목욕,24,24,0,0.0,17,,,False,방문형·복지용구는 정원 대비 비율 해석 금지,,2025-04-01,2026년 현재값이 아닌 과거 가동률 민감도 기준
41271,B03,경기도,안산시 상록구,재가노인복지시설 주야간보호,21,21,0,803.0,586,0.7297633872976339,0.7297633872976339,True,정원 대비 현원 가동률,2.0,2025-04-01,2026년 현재값이 아닌 과거 가동률 민감도 기준
41271,B04,경기도,안산시 상록구,재가노인복지시설 단기보호,1,1,0,3.0,0,0.0,0.0,True,정원 대비 현원 가동률,0.0,2025-04-01,2026년 현재값이 아닌 과거 가동률 민감도 기준
41271,B05,경기도,안산시 상록구,재가노인복지시설 방문간호,1,1,0,0.0,32,,,False,방문형·복지용구는 정원 대비 비율 해석 금지,,2025-04-01,2026년 현재값이 아닌 과거 가동률 민감도 기준
41271,C01,경기도,안산시 상록구,재가장기요양기관 방문요양,28,28,0,0.0,1050,,,False,방문형·복지용구는 정원 대비 비율 해석 금지,,2025-04-01,2026년 현재값이 아닌 과거 가동률 민감도 기준
41271,C02,경기도,안산시 상록구,재가장기요양기관 방문목욕,25,25,0,0.0,132,,,False,방문형·복지용구는 정원 대비 비율 해석 금지,,2025-04-01,2026년 현재값이 아닌 과거 가동률 민감도 기준
41271,C03,경기도,안산시 상록구,재가장기요양기관 주야간보호,2,2,0,92.0,90,0.9782608695652174,0.9782608695652174,True,정원 대비 현원 가동률,0.0,2025-04-01,2026년 현재값이 아닌 과거 가동률 민감도 기준
41271,C04,경기도,안산시 상록구,재가장기요양기관 단기보호,1,1,0,8.0,8,1.0,1.0,True,정원 대비 현원 가동률,0.0,2025-04-01,2026년 현재값이 아닌 과거 가동률 민감도 기준
41271,C05,경기도,안산시 상록구,재가장기요양기관 방문간호,2,2,0,0.0,17,,,False,방문형·복지용구는 정원 대비 비율 해석 금지,,2025-04-01,2026년 현재값이 아닌 과거 가동률 민감도 기준
41271,C06,경기도,안산시 상록구,재가장기요양기관 복지용구,1,1,0,0.0,80,,,False,방문형·복지용구는 정원 대비 비율 해석 금지,,2025-04-01,2026년 현재값이 아닌 과거 가동률 민감도 기준
41271,G31,경기도,안산시 상록구,치매전담실가형1실,3,3,0,38.0,35,0.9210526315789473,0.9210526315789473,True,정원 대비 현원 가동률,0.0,2025-04-01,2026년 현재값이 아닌 과거 가동률 민감도 기준
41271,G32,경기도,안산시 상록구,치매전담실가형2실,3,3,0,40.0,39,0.975,0.975,True,정원 대비 현원 가동률,0.0,2025-04-01,2026년 현재값이 아닌 과거 가동률 민감도 기준
41273,A03,경기도,안산시 단원구,노인요양시설(개정법),56,56,0,2133.0,1766,0.8279418659165495,0.8279418659165495,True,정원 대비 현원 가동률,0.0,2025-04-01,2026년 현재값이 아닌 과거 가동률 민감도 기준
41273,A04,경기도,안산시 단원구,노인요양공동생활가정,14,14,0,126.0,99,0.7857142857142857,0.7857142857142857,True,정원 대비 현원 가동률,0.0,2025-04-01,2026년 현재값이 아닌 과거 가동률 민감도 기준
41273,B01,경기도,안산시 단원구,재가노인복지시설 방문요양,38,38,0,0.0,469,,,False,방문형·복지용구는 정원 대비 비율 해석 금지,,2025-04-01,2026년 현재값이 아닌 과거 가동률 민감도 기준
41273,B02,경기도,안산시 단원구,재가노인복지시설 방문목욕,24,24,0,0.0,41,,,False,방문형·복지용구는 정원 대비 비율 해석 금지,,2025-04-01,2026년 현재값이 아닌 과거 가동률 민감도 기준
41273,B03,경기도,안산시 단원구,재가노인복지시설 주야간보호,15,15,0,578.0,380,0.657439446366782,0.657439446366782,True,정원 대비 현원 가동률,1.0,2025-04-01,2026년 현재값이 아닌 과거 가동률 민감도 기준
41273,B04,경기도,안산시 단원구,재가노인복지시설 단기보호,2,2,0,8.0,2,0.25,0.25,True,정원 대비 현원 가동률,0.0,2025-04-01,2026년 현재값이 아닌 과거 가동률 민감도 기준
41273,B06,경기도,안산시 단원구,재가노인복지시설 복지용구,1,1,0,0.0,0,,,False,방문형·복지용구는 정원 대비 비율 해석 금지,,2025-04-01,2026년 현재값이 아닌 과거 가동률 민감도 기준
41273,C01,경기도,안산시 단원구,재가장기요양기관 방문요양,13,13,0,0.0,383,,,False,방문형·복지용구는 정원 대비 비율 해석 금지,,2025-04-01,2026년 현재값이 아닌 과거 가동률 민감도 기준
41273,C02,경기도,안산시 단원구,재가장기요양기관 방문목욕,12,12,0,0.0,20,,,False,방문형·복지용구는 정원 대비 비율 해석 금지,,2025-04-01,2026년 현재값이 아닌 과거 가동률 민감도 기준
41273,C03,경기도,안산시 단원구,재가장기요양기관 주야간보호,2,2,0,99.0,88,0.8888888888888888,0.8888888888888888,True,정원 대비 현원 가동률,0.0,2025-04-01,2026년 현재값이 아닌 과거 가동률 민감도 기준
41273,C05,경기도,안산시 단원구,재가장기요양기관 방문간호,1,1,0,0.0,20,,,False,방문형·복지용구는 정원 대비 비율 해석 금지,,2025-04-01,2026년 현재값이 아닌 과거 가동률 민감도 기준
41273,C06,경기도,안산시 단원구,재가장기요양기관 복지용구,1,1,0,0.0,0,,,False,방문형·복지용구는 정원 대비 비율 해석 금지,,2025-04-01,2026년 현재값이 아닌 과거 가동률 민감도 기준
41273,G31,경기도,안산시 단원구,치매전담실가형1실,1,1,0,16.0,16,1.0,1.0,True,정원 대비 현원 가동률,0.0,2025-04-01,2026년 현재값이 아닌 과거 가동률 민감도 기준
41273,S41,경기도,안산시 단원구,치매전담형노인요양공동생활가정,1,1,0,9.0,8,0.8888888888888888,0.8888888888888888,True,정원 대비 현원 가동률,0.0,2025-04-01,2026년 현재값이 아닌 과거 가동률 민감도 기준
41281,A03,경기도,고양시 덕양구,노인요양시설(개정법),65,65,0,3073.0,2645,0.8607224210868858,0.8607224210868858,True,정원 대비 현원 가동률,0.0,2025-04-01,2026년 현재값이 아닌 과거 가동률 민감도 기준
41281,A04,경기도,고양시 덕양구,노인요양공동생활가정,17,17,0,151.0,124,0.8211920529801324,0.8211920529801324,True,정원 대비 현원 가동률,0.0,2025-04-01,2026년 현재값이 아닌 과거 가동률 민감도 기준
41281,B01,경기도,고양시 덕양구,재가노인복지시설 방문요양,54,54,0,50.0,1092,21.84,,False,방문형·복지용구는 정원 대비 비율 해석 금지,,2025-04-01,2026년 현재값이 아닌 과거 가동률 민감도 기준
41281,B02,경기도,고양시 덕양구,재가노인복지시설 방문목욕,35,35,0,0.0,38,,,False,방문형·복지용구는 정원 대비 비율 해석 금지,,2025-04-01,2026년 현재값이 아닌 과거 가동률 민감도 기준
41281,B03,경기도,고양시 덕양구,재가노인복지시설 주야간보호,23,23,0,733.0,618,0.8431105047748977,0.8431105047748977,True,정원 대비 현원 가동률,3.0,2025-04-01,2026년 현재값이 아닌 과거 가동률 민감도 기준
41281,B04,경기도,고양시 덕양구,재가노인복지시설 단기보호,1,1,0,13.0,11,0.8461538461538461,0.8461538461538461,True,정원 대비 현원 가동률,0.0,2025-04-01,2026년 현재값이 아닌 과거 가동률 민감도 기준
41281,B05,경기도,고양시 덕양구,재가노인복지시설 방문간호,4,4,0,0.0,10,,,False,방문형·복지용구는 정원 대비 비율 해석 금지,,2025-04-01,2026년 현재값이 아닌 과거 가동률 민감도 기준
41281,B06,경기도,고양시 덕양구,재가노인복지시설 복지용구,2,2,0,0.0,1,,,False,방문형·복지용구는 정원 대비 비율 해석 금지,,2025-04-01,2026년 현재값이 아닌 과거 가동률 민감도 기준
41281,C01,경기도,고양시 덕양구,재가장기요양기관 방문요양,52,52,0,0.0,1446,,,False,방문형·복지용구는 정원 대비 비율 해석 금지,,2025-04-01,2026년 현재값이 아닌 과거 가동률 민감도 기준
41281,C02,경기도,고양시 덕양구,재가장기요양기관 방문목욕,46,46,0,0.0,48,,,False,방문형·복지용구는 정원 대비 비율 해석 금지,,2025-04-01,2026년 현재값이 아닌 과거 가동률 민감도 기준
41281,C03,경기도,고양시 덕양구,재가장기요양기관 주야간보호,16,16,0,654.0,554,0.8470948012232415,0.8470948012232415,True,정원 대비 현원 가동률,1.0,2025-04-01,2026년 현재값이 아닌 과거 가동률 민감도 기준
41281,C05,경기도,고양시 덕양구,재가장기요양기관 방문간호,1,1,0,0.0,0,,,False,방문형·복지용구는 정원 대비 비율 해석 금지,,2025-04-01,2026년 현재값이 아닌 과거 가동률 민감도 기준
41281,C06,경기도,고양시 덕양구,재가장기요양기관 복지용구,2,2,0,0.0,235,,,False,방문형·복지용구는 정원 대비 비율 해석 금지,,2025-04-01,2026년 현재값이 아닌 과거 가동률 민감도 기준
41281,H31,경기도,고양시 덕양구,주야간보호내치매전담1실,3,3,0,71.0,62,0.8732394366197183,0.8732394366197183,True,정원 대비 현원 가동률,0.0,2025-04-01,2026년 현재값이 아닌 과거 가동률 민감도 기준
41281,H32,경기도,고양시 덕양구,주야간보호내치매전담2실,1,1,0,12.0,0,0.0,0.0,True,정원 대비 현원 가동률,0.0,2025-04-01,2026년 현재값이 아닌 과거 가동률 민감도 기준
41281,I31,경기도,고양시 덕양구,주야간보호내치매전담1실,2,2,0,48.0,48,1.0,1.0,True,정원 대비 현원 가동률,0.0,2025-04-01,2026년 현재값이 아닌 과거 가동률 민감도 기준
41281,I32,경기도,고양시 덕양구,주야간보호내치매전담2실,1,1,0,20.0,16,0.8,0.8,True,정원 대비 현원 가동률,0.0,2025-04-01,2026년 현재값이 아닌 과거 가동률 민감도 기준
41281,I33,경기도,고양시 덕양구,주야간보호내치매전담3실,1,1,0,13.0,5,0.38461538461538464,0.38461538461538464,True,정원 대비 현원 가동률,0.0,2025-04-01,2026년 현재값이 아닌 과거 가동률 민감도 기준
41281,S41,경기도,고양시 덕양구,치매전담형노인요양공동생활가정,2,2,0,14.0,14,1.0,1.0,True,정원 대비 현원 가동률,0.0,2025-04-01,2026년 현재값이 아닌 과거 가동률 민감도 기준
41285,A03,경기도,고양시 일산동구,노인요양시설(개정법),79,79,0,4552.0,3886,0.8536906854130053,0.8536906854130053,True,정원 대비 현원 가동률,0.0,2025-04-01,2026년 현재값이 아닌 과거 가동률 민감도 기준
41285,A04,경기도,고양시 일산동구,노인요양공동생활가정,10,10,0,90.0,77,0.8555555555555555,0.8555555555555555,True,정원 대비 현원 가동률,0.0,2025-04-01,2026년 현재값이 아닌 과거 가동률 민감도 기준
41285,B01,경기도,고양시 일산동구,재가노인복지시설 방문요양,26,26,0,0.0,420,,,False,방문형·복지용구는 정원 대비 비율 해석 금지,,2025-04-01,2026년 현재값이 아닌 과거 가동률 민감도 기준
41285,B02,경기도,고양시 일산동구,재가노인복지시설 방문목욕,18,18,0,0.0,18,,,False,방문형·복지용구는 정원 대비 비율 해석 금지,,2025-04-01,2026년 현재값이 아닌 과거 가동률 민감도 기준
41285,B03,경기도,고양시 일산동구,재가노인복지시설 주야간보호,15,15,0,652.0,484,0.7423312883435583,0.7423312883435583,True,정원 대비 현원 가동률,1.0,2025-04-01,2026년 현재값이 아닌 과거 가동률 민감도 기준
41285,B06,경기도,고양시 일산동구,재가노인복지시설 복지용구,1,1,0,0.0,0,,,False,방문형·복지용구는 정원 대비 비율 해석 금지,,2025-04-01,2026년 현재값이 아닌 과거 가동률 민감도 기준
41285,C01,경기도,고양시 일산동구,재가장기요양기관 방문요양,37,37,0,0.0,1086,,,False,방문형·복지용구는 정원 대비 비율 해석 금지,,2025-04-01,2026년 현재값이 아닌 과거 가동률 민감도 기준
41285,C02,경기도,고양시 일산동구,재가장기요양기관 방문목욕,25,25,0,0.0,19,,,False,방문형·복지용구는 정원 대비 비율 해석 금지,,2025-04-01,2026년 현재값이 아닌 과거 가동률 민감도 기준
41285,C03,경기도,고양시 일산동구,재가장기요양기관 주야간보호,8,8,0,367.0,346,0.9427792915531336,0.9427792915531336,True,정원 대비 현원 가동률,2.0,2025-04-01,2026년 현재값이 아닌 과거 가동률 민감도 기준
41285,C04,경기도,고양시 일산동구,재가장기요양기관 단기보호,1,1,0,8.0,0,0.0,0.0,True,정원 대비 현원 가동률,0.0,2025-04-01,2026년 현재값이 아닌 과거 가동률 민감도 기준
41285,C05,경기도,고양시 일산동구,재가장기요양기관 방문간호,1,1,0,0.0,0,,,False,방문형·복지용구는 정원 대비 비율 해석 금지,,2025-04-01,2026년 현재값이 아닌 과거 가동률 민감도 기준
41285,S41,경기도,고양시 일산동구,치매전담형노인요양공동생활가정,1,1,0,9.0,8,0.8888888888888888,0.8888888888888888,True,정원 대비 현원 가동률,0.0,2025-04-01,2026년 현재값이 아닌 과거 가동률 민감도 기준
41287,A03,경기도,고양시 일산서구,노인요양시설(개정법),23,23,0,896.0,747,0.8337053571428571,0.8337053571428571,True,정원 대비 현원 가동률,0.0,2025-04-01,2026년 현재값이 아닌 과거 가동률 민감도 기준
41287,A04,경기도,고양시 일산서구,노인요양공동생활가정,13,13,0,111.0,93,0.8378378378378378,0.8378378378378378,True,정원 대비 현원 가동률,0.0,2025-04-01,2026년 현재값이 아닌 과거 가동률 민감도 기준
41287,B01,경기도,고양시 일산서구,재가노인복지시설 방문요양,34,34,0,1.0,664,664.0,,False,방문형·복지용구는 정원 대비 비율 해석 금지,,2025-04-01,2026년 현재값이 아닌 과거 가동률 민감도 기준
41287,B02,경기도,고양시 일산서구,재가노인복지시설 방문목욕,16,16,0,0.0,36,,,False,방문형·복지용구는 정원 대비 비율 해석 금지,,2025-04-01,2026년 현재값이 아닌 과거 가동률 민감도 기준
41287,B03,경기도,고양시 일산서구,재가노인복지시설 주야간보호,15,15,0,623.0,424,0.680577849117175,0.680577849117175,True,정원 대비 현원 가동률,1.0,2025-04-01,2026년 현재값이 아닌 과거 가동률 민감도 기준
41287,B05,경기도,고양시 일산서구,재가노인복지시설 방문간호,2,2,0,0.0,24,,,False,방문형·복지용구는 정원 대비 비율 해석 금지,,2025-04-01,2026년 현재값이 아닌 과거 가동률 민감도 기준
41287,B06,경기도,고양시 일산서구,재가노인복지시설 복지용구,2,2,0,0.0,116,,,False,방문형·복지용구는 정원 대비 비율 해석 금지,,2025-04-01,2026년 현재값이 아닌 과거 가동률 민감도 기준
41287,C01,경기도,고양시 일산서구,재가장기요양기관 방문요양,27,27,0,0.0,812,,,False,방문형·복지용구는 정원 대비 비율 해석 금지,,2025-04-01,2026년 현재값이 아닌 과거 가동률 민감도 기준
41287,C02,경기도,고양시 일산서구,재가장기요양기관 방문목욕,19,19,0,0.0,9,,,False,방문형·복지용구는 정원 대비 비율 해석 금지,,2025-04-01,2026년 현재값이 아닌 과거 가동률 민감도 기준
41287,C03,경기도,고양시 일산서구,재가장기요양기관 주야간보호,15,15,0,505.0,435,0.8613861386138614,0.8613861386138614,True,정원 대비 현원 가동률,0.0,2025-04-01,2026년 현재값이 아닌 과거 가동률 민감도 기준
41287,H31,경기도,고양시 일산서구,주야간보호내치매전담1실,1,1,0,9.0,7,0.7777777777777778,0.7777777777777778,True,정원 대비 현원 가동률,0.0,2025-04-01,2026년 현재값이 아닌 과거 가동률 민감도 기준
41290,A03,경기도,과천시,노인요양시설(개정법),2,2,0,86.0,80,0.9302325581395349,0.9302325581395349,True,정원 대비 현원 가동률,0.0,2025-04-01,2026년 현재값이 아닌 과거 가동률 민감도 기준
41290,B01,경기도,과천시,재가노인복지시설 방문요양,6,6,0,0.0,157,,,False,방문형·복지용구는 정원 대비 비율 해석 금지,,2025-04-01,2026년 현재값이 아닌 과거 가동률 민감도 기준
41290,B02,경기도,과천시,재가노인복지시설 방문목욕,6,6,0,0.0,0,,,False,방문형·복지용구는 정원 대비 비율 해석 금지,,2025-04-01,2026년 현재값이 아닌 과거 가동률 민감도 기준
41290,B03,경기도,과천시,재가노인복지시설 주야간보호,4,4,0,51.0,50,0.9803921568627451,0.9803921568627451,True,정원 대비 현원 가동률,0.0,2025-04-01,2026년 현재값이 아닌 과거 가동률 민감도 기준
41290,B05,경기도,과천시,재가노인복지시설 방문간호,1,1,0,0.0,11,,,False,방문형·복지용구는 정원 대비 비율 해석 금지,,2025-04-01,2026년 현재값이 아닌 과거 가동률 민감도 기준
41290,B06,경기도,과천시,재가노인복지시설 복지용구,1,1,0,0.0,0,,,False,방문형·복지용구는 정원 대비 비율 해석 금지,,2025-04-01,2026년 현재값이 아닌 과거 가동률 민감도 기준
41290,C01,경기도,과천시,재가장기요양기관 방문요양,1,1,0,0.0,40,,,False,방문형·복지용구는 정원 대비 비율 해석 금지,,2025-04-01,2026년 현재값이 아닌 과거 가동률 민감도 기준
41290,C02,경기도,과천시,재가장기요양기관 방문목욕,1,1,0,0.0,0,,,False,방문형·복지용구는 정원 대비 비율 해석 금지,,2025-04-01,2026년 현재값이 아닌 과거 가동률 민감도 기준
41310,A03,경기도,구리시,노인요양시설(개정법),12,12,0,518.0,440,0.8494208494208494,0.8494208494208494,True,정원 대비 현원 가동률,0.0,2025-04-01,2026년 현재값이 아닌 과거 가동률 민감도 기준
41310,A04,경기도,구리시,노인요양공동생활가정,5,5,0,45.0,43,0.9555555555555556,0.9555555555555556,True,정원 대비 현원 가동률,0.0,2025-04-01,2026년 현재값이 아닌 과거 가동률 민감도 기준
41310,B01,경기도,구리시,재가노인복지시설 방문요양,24,24,0,0.0,571,,,False,방문형·복지용구는 정원 대비 비율 해석 금지,,2025-04-01,2026년 현재값이 아닌 과거 가동률 민감도 기준
41310,B02,경기도,구리시,재가노인복지시설 방문목욕,14,14,0,0.0,13,,,False,방문형·복지용구는 정원 대비 비율 해석 금지,,2025-04-01,2026년 현재값이 아닌 과거 가동률 민감도 기준
41310,B03,경기도,구리시,재가노인복지시설 주야간보호,14,14,0,568.0,450,0.7922535211267606,0.7922535211267606,True,정원 대비 현원 가동률,0.0,2025-04-01,2026년 현재값이 아닌 과거 가동률 민감도 기준
41310,B05,경기도,구리시,재가노인복지시설 방문간호,2,2,0,0.0,7,,,False,방문형·복지용구는 정원 대비 비율 해석 금지,,2025-04-01,2026년 현재값이 아닌 과거 가동률 민감도 기준
41310,C01,경기도,구리시,재가장기요양기관 방문요양,17,17,0,0.0,735,,,False,방문형·복지용구는 정원 대비 비율 해석 금지,,2025-04-01,2026년 현재값이 아닌 과거 가동률 민감도 기준
41310,C02,경기도,구리시,재가장기요양기관 방문목욕,17,17,0,0.0,39,,,False,방문형·복지용구는 정원 대비 비율 해석 금지,,2025-04-01,2026년 현재값이 아닌 과거 가동률 민감도 기준
41310,C03,경기도,구리시,재가장기요양기관 주야간보호,1,1,0,21.0,9,0.42857142857142855,0.42857142857142855,True,정원 대비 현원 가동률,0.0,2025-04-01,2026년 현재값이 아닌 과거 가동률 민감도 기준
41310,C05,경기도,구리시,재가장기요양기관 방문간호,1,1,0,0.0,8,,,False,방문형·복지용구는 정원 대비 비율 해석 금지,,2025-04-01,2026년 현재값이 아닌 과거 가동률 민감도 기준
41310,C06,경기도,구리시,재가장기요양기관 복지용구,1,1,0,0.0,320,,,False,방문형·복지용구는 정원 대비 비율 해석 금지,,2025-04-01,2026년 현재값이 아닌 과거 가동률 민감도 기준
41310,H31,경기도,구리시,주야간보호내치매전담1실,1,1,0,23.0,20,0.8695652173913043,0.8695652173913043,True,정원 대비 현원 가동률,0.0,2025-04-01,2026년 현재값이 아닌 과거 가동률 민감도 기준
41310,H32,경기도,구리시,주야간보호내치매전담2실,1,1,0,23.0,18,0.782608695652174,0.782608695652174,True,정원 대비 현원 가동률,0.0,2025-04-01,2026년 현재값이 아닌 과거 가동률 민감도 기준
41360,A03,경기도,남양주시,노인요양시설(개정법),136,136,0,6673.0,5575,0.8354563164993256,0.8354563164993256,True,정원 대비 현원 가동률,1.0,2025-04-01,2026년 현재값이 아닌 과거 가동률 민감도 기준
41360,A04,경기도,남양주시,노인요양공동생활가정,50,50,0,450.0,393,0.8733333333333333,0.8733333333333333,True,정원 대비 현원 가동률,0.0,2025-04-01,2026년 현재값이 아닌 과거 가동률 민감도 기준
41360,B01,경기도,남양주시,재가노인복지시설 방문요양,105,105,0,0.0,1719,,,False,방문형·복지용구는 정원 대비 비율 해석 금지,,2025-04-01,2026년 현재값이 아닌 과거 가동률 민감도 기준
41360,B02,경기도,남양주시,재가노인복지시설 방문목욕,64,64,0,0.0,83,,,False,방문형·복지용구는 정원 대비 비율 해석 금지,,2025-04-01,2026년 현재값이 아닌 과거 가동률 민감도 기준
41360,B03,경기도,남양주시,재가노인복지시설 주야간보호,76,76,0,2511.0,2035,0.8104340900039825,0.8104340900039825,True,정원 대비 현원 가동률,7.0,2025-04-01,2026년 현재값이 아닌 과거 가동률 민감도 기준
41360,B04,경기도,남양주시,재가노인복지시설 단기보호,3,3,0,27.0,22,0.8148148148148148,0.8148148148148148,True,정원 대비 현원 가동률,0.0,2025-04-01,2026년 현재값이 아닌 과거 가동률 민감도 기준
41360,B05,경기도,남양주시,재가노인복지시설 방문간호,4,4,0,0.0,42,,,False,방문형·복지용구는 정원 대비 비율 해석 금지,,2025-04-01,2026년 현재값이 아닌 과거 가동률 민감도 기준
41360,B06,경기도,남양주시,재가노인복지시설 복지용구,5,5,0,0.0,188,,,False,방문형·복지용구는 정원 대비 비율 해석 금지,,2025-04-01,2026년 현재값이 아닌 과거 가동률 민감도 기준
41360,C01,경기도,남양주시,재가장기요양기관 방문요양,69,69,0,36.0,2379,66.08333333333333,,False,방문형·복지용구는 정원 대비 비율 해석 금지,,2025-04-01,2026년 현재값이 아닌 과거 가동률 민감도 기준
41360,C02,경기도,남양주시,재가장기요양기관 방문목욕,58,58,0,3.0,131,43.666666666666664,,False,방문형·복지용구는 정원 대비 비율 해석 금지,,2025-04-01,2026년 현재값이 아닌 과거 가동률 민감도 기준
41360,C03,경기도,남양주시,재가장기요양기관 주야간보호,12,12,0,348.0,290,0.8333333333333334,0.8333333333333334,True,정원 대비 현원 가동률,2.0,2025-04-01,2026년 현재값이 아닌 과거 가동률 민감도 기준
41360,C05,경기도,남양주시,재가장기요양기관 방문간호,1,1,0,0.0,0,,,False,방문형·복지용구는 정원 대비 비율 해석 금지,,2025-04-01,2026년 현재값이 아닌 과거 가동률 민감도 기준
41360,C06,경기도,남양주시,재가장기요양기관 복지용구,3,3,0,0.0,420,,,False,방문형·복지용구는 정원 대비 비율 해석 금지,,2025-04-01,2026년 현재값이 아닌 과거 가동률 민감도 기준
41360,G31,경기도,남양주시,치매전담실가형1실,1,1,0,12.0,12,1.0,1.0,True,정원 대비 현원 가동률,0.0,2025-04-01,2026년 현재값이 아닌 과거 가동률 민감도 기준
41360,G32,경기도,남양주시,치매전담실가형2실,1,1,0,16.0,15,0.9375,0.9375,True,정원 대비 현원 가동률,0.0,2025-04-01,2026년 현재값이 아닌 과거 가동률 민감도 기준
41360,G33,경기도,남양주시,치매전담실가형3실,1,1,0,16.0,15,0.9375,0.9375,True,정원 대비 현원 가동률,0.0,2025-04-01,2026년 현재값이 아닌 과거 가동률 민감도 기준
41360,H31,경기도,남양주시,주야간보호내치매전담1실,9,9,0,182.0,147,0.8076923076923077,0.8076923076923077,True,정원 대비 현원 가동률,1.0,2025-04-01,2026년 현재값이 아닌 과거 가동률 민감도 기준
41360,S41,경기도,남양주시,치매전담형노인요양공동생활가정,1,1,0,9.0,9,1.0,1.0,True,정원 대비 현원 가동률,0.0,2025-04-01,2026년 현재값이 아닌 과거 가동률 민감도 기준
41370,A03,경기도,오산시,노인요양시설(개정법),26,26,0,1662.0,1452,0.8736462093862816,0.8736462093862816,True,정원 대비 현원 가동률,0.0,2025-04-01,2026년 현재값이 아닌 과거 가동률 민감도 기준
41370,A04,경기도,오산시,노인요양공동생활가정,1,1,0,9.0,6,0.6666666666666666,0.6666666666666666,True,정원 대비 현원 가동률,0.0,2025-04-01,2026년 현재값이 아닌 과거 가동률 민감도 기준
41370,B01,경기도,오산시,재가노인복지시설 방문요양,19,19,0,0.0,317,,,False,방문형·복지용구는 정원 대비 비율 해석 금지,,2025-04-01,2026년 현재값이 아닌 과거 가동률 민감도 기준
41370,B02,경기도,오산시,재가노인복지시설 방문목욕,11,11,0,0.0,8,,,False,방문형·복지용구는 정원 대비 비율 해석 금지,,2025-04-01,2026년 현재값이 아닌 과거 가동률 민감도 기준
41370,B03,경기도,오산시,재가노인복지시설 주야간보호,13,13,0,669.0,425,0.6352765321375187,0.6352765321375187,True,정원 대비 현원 가동률,0.0,2025-04-01,2026년 현재값이 아닌 과거 가동률 민감도 기준
41370,B05,경기도,오산시,재가노인복지시설 방문간호,1,1,0,0.0,19,,,False,방문형·복지용구는 정원 대비 비율 해석 금지,,2025-04-01,2026년 현재값이 아닌 과거 가동률 민감도 기준
41370,C01,경기도,오산시,재가장기요양기관 방문요양,5,5,0,0.0,372,,,False,방문형·복지용구는 정원 대비 비율 해석 금지,,2025-04-01,2026년 현재값이 아닌 과거 가동률 민감도 기준
41370,C02,경기도,오산시,재가장기요양기관 방문목욕,5,5,0,0.0,66,,,False,방문형·복지용구는 정원 대비 비율 해석 금지,,2025-04-01,2026년 현재값이 아닌 과거 가동률 민감도 기준
41370,C03,경기도,오산시,재가장기요양기관 주야간보호,3,3,0,107.0,83,0.7757009345794392,0.7757009345794392,True,정원 대비 현원 가동률,0.0,2025-04-01,2026년 현재값이 아닌 과거 가동률 민감도 기준
41370,C06,경기도,오산시,재가장기요양기관 복지용구,1,1,0,0.0,0,,,False,방문형·복지용구는 정원 대비 비율 해석 금지,,2025-04-01,2026년 현재값이 아닌 과거 가동률 민감도 기준
41390,A03,경기도,시흥시,노인요양시설(개정법),84,84,0,3390.0,2869,0.8463126843657817,0.8463126843657817,True,정원 대비 현원 가동률,2.0,2025-04-01,2026년 현재값이 아닌 과거 가동률 민감도 기준
41390,A04,경기도,시흥시,노인요양공동생활가정,34,34,0,302.0,271,0.8973509933774835,0.8973509933774835,True,정원 대비 현원 가동률,0.0,2025-04-01,2026년 현재값이 아닌 과거 가동률 민감도 기준
41390,B01,경기도,시흥시,재가노인복지시설 방문요양,56,56,0,40.0,885,22.125,,False,방문형·복지용구는 정원 대비 비율 해석 금지,,2025-04-01,2026년 현재값이 아닌 과거 가동률 민감도 기준
41390,B02,경기도,시흥시,재가노인복지시설 방문목욕,36,36,0,10.0,21,2.1,,False,방문형·복지용구는 정원 대비 비율 해석 금지,,2025-04-01,2026년 현재값이 아닌 과거 가동률 민감도 기준
41390,B03,경기도,시흥시,재가노인복지시설 주야간보호,31,31,0,1352.0,852,0.6301775147928994,0.6301775147928994,True,정원 대비 현원 가동률,1.0,2025-04-01,2026년 현재값이 아닌 과거 가동률 민감도 기준
41390,B04,경기도,시흥시,재가노인복지시설 단기보호,1,1,0,4.0,0,0.0,0.0,True,정원 대비 현원 가동률,0.0,2025-04-01,2026년 현재값이 아닌 과거 가동률 민감도 기준
41390,B05,경기도,시흥시,재가노인복지시설 방문간호,2,2,0,9.0,1,0.1111111111111111,,False,방문형·복지용구는 정원 대비 비율 해석 금지,,2025-04-01,2026년 현재값이 아닌 과거 가동률 민감도 기준
41390,B06,경기도,시흥시,재가노인복지시설 복지용구,4,4,0,0.0,5,,,False,방문형·복지용구는 정원 대비 비율 해석 금지,,2025-04-01,2026년 현재값이 아닌 과거 가동률 민감도 기준
41390,C01,경기도,시흥시,재가장기요양기관 방문요양,36,36,0,0.0,928,,,False,방문형·복지용구는 정원 대비 비율 해석 금지,,2025-04-01,2026년 현재값이 아닌 과거 가동률 민감도 기준
41390,C02,경기도,시흥시,재가장기요양기관 방문목욕,28,28,0,0.0,51,,,False,방문형·복지용구는 정원 대비 비율 해석 금지,,2025-04-01,2026년 현재값이 아닌 과거 가동률 민감도 기준
41390,C03,경기도,시흥시,재가장기요양기관 주야간보호,5,5,0,187.0,134,0.7165775401069518,0.7165775401069518,True,정원 대비 현원 가동률,0.0,2025-04-01,2026년 현재값이 아닌 과거 가동률 민감도 기준
41390,C05,경기도,시흥시,재가장기요양기관 방문간호,1,1,0,0.0,0,,,False,방문형·복지용구는 정원 대비 비율 해석 금지,,2025-04-01,2026년 현재값이 아닌 과거 가동률 민감도 기준
41390,C06,경기도,시흥시,재가장기요양기관 복지용구,1,1,0,0.0,0,,,False,방문형·복지용구는 정원 대비 비율 해석 금지,,2025-04-01,2026년 현재값이 아닌 과거 가동률 민감도 기준
41390,S41,경기도,시흥시,치매전담형노인요양공동생활가정,1,1,0,9.0,9,1.0,1.0,True,정원 대비 현원 가동률,0.0,2025-04-01,2026년 현재값이 아닌 과거 가동률 민감도 기준
41410,A03,경기도,군포시,노인요양시설(개정법),35,35,0,1668.0,1475,0.8842925659472423,0.8842925659472423,True,정원 대비 현원 가동률,0.0,2025-04-01,2026년 현재값이 아닌 과거 가동률 민감도 기준
41410,A04,경기도,군포시,노인요양공동생활가정,19,19,0,171.0,153,0.8947368421052632,0.8947368421052632,True,정원 대비 현원 가동률,0.0,2025-04-01,2026년 현재값이 아닌 과거 가동률 민감도 기준
41410,B01,경기도,군포시,재가노인복지시설 방문요양,26,26,0,41010.0,729,0.01777615215801024,,False,방문형·복지용구는 정원 대비 비율 해석 금지,,2025-04-01,2026년 현재값이 아닌 과거 가동률 민감도 기준
41410,B02,경기도,군포시,재가노인복지시설 방문목욕,12,12,0,19998.0,28,0.0014001400140014,,False,방문형·복지용구는 정원 대비 비율 해석 금지,,2025-04-01,2026년 현재값이 아닌 과거 가동률 민감도 기준
41410,B03,경기도,군포시,재가노인복지시설 주야간보호,20,20,0,789.0,603,0.7642585551330798,0.7642585551330798,True,정원 대비 현원 가동률,1.0,2025-04-01,2026년 현재값이 아닌 과거 가동률 민감도 기준
41410,C01,경기도,군포시,재가장기요양기관 방문요양,30,30,0,100.0,933,9.33,,False,방문형·복지용구는 정원 대비 비율 해석 금지,,2025-04-01,2026년 현재값이 아닌 과거 가동률 민감도 기준
41410,C02,경기도,군포시,재가장기요양기관 방문목욕,27,27,0,99.0,20,0.20202020202020202,,False,방문형·복지용구는 정원 대비 비율 해석 금지,,2025-04-01,2026년 현재값이 아닌 과거 가동률 민감도 기준
41410,C03,경기도,군포시,재가장기요양기관 주야간보호,2,2,0,39.0,48,1.2307692307692308,1.2307692307692308,True,정원 대비 현원 가동률,0.0,2025-04-01,2026년 현재값이 아닌 과거 가동률 민감도 기준
41410,C05,경기도,군포시,재가장기요양기관 방문간호,2,2,0,0.0,18,,,False,방문형·복지용구는 정원 대비 비율 해석 금지,,2025-04-01,2026년 현재값이 아닌 과거 가동률 민감도 기준
41410,G31,경기도,군포시,치매전담실가형1실,1,1,0,14.0,14,1.0,1.0,True,정원 대비 현원 가동률,0.0,2025-04-01,2026년 현재값이 아닌 과거 가동률 민감도 기준
41410,G32,경기도,군포시,치매전담실가형2실,1,1,0,14.0,14,1.0,1.0,True,정원 대비 현원 가동률,0.0,2025-04-01,2026년 현재값이 아닌 과거 가동률 민감도 기준
41410,I31,경기도,군포시,주야간보호내치매전담1실,1,1,0,22.0,21,0.9545454545454546,0.9545454545454546,True,정원 대비 현원 가동률,0.0,2025-04-01,2026년 현재값이 아닌 과거 가동률 민감도 기준
41430,A03,경기도,의왕시,노인요양시설(개정법),17,17,0,691.0,574,0.8306801736613604,0.8306801736613604,True,정원 대비 현원 가동률,0.0,2025-04-01,2026년 현재값이 아닌 과거 가동률 민감도 기준
41430,A04,경기도,의왕시,노인요양공동생활가정,2,2,0,18.0,14,0.7777777777777778,0.7777777777777778,True,정원 대비 현원 가동률,0.0,2025-04-01,2026년 현재값이 아닌 과거 가동률 민감도 기준
41430,B01,경기도,의왕시,재가노인복지시설 방문요양,12,12,0,0.0,182,,,False,방문형·복지용구는 정원 대비 비율 해석 금지,,2025-04-01,2026년 현재값이 아닌 과거 가동률 민감도 기준
41430,B02,경기도,의왕시,재가노인복지시설 방문목욕,7,7,0,0.0,1,,,False,방문형·복지용구는 정원 대비 비율 해석 금지,,2025-04-01,2026년 현재값이 아닌 과거 가동률 민감도 기준
41430,B03,경기도,의왕시,재가노인복지시설 주야간보호,8,8,0,416.0,304,0.7307692307692307,0.7307692307692307,True,정원 대비 현원 가동률,0.0,2025-04-01,2026년 현재값이 아닌 과거 가동률 민감도 기준
41430,B06,경기도,의왕시,재가노인복지시설 복지용구,1,1,0,0.0,0,,,False,방문형·복지용구는 정원 대비 비율 해석 금지,,2025-04-01,2026년 현재값이 아닌 과거 가동률 민감도 기준
41430,C01,경기도,의왕시,재가장기요양기관 방문요양,12,12,0,0.0,280,,,False,방문형·복지용구는 정원 대비 비율 해석 금지,,2025-04-01,2026년 현재값이 아닌 과거 가동률 민감도 기준
41430,C02,경기도,의왕시,재가장기요양기관 방문목욕,10,10,0,0.0,9,,,False,방문형·복지용구는 정원 대비 비율 해석 금지,,2025-04-01,2026년 현재값이 아닌 과거 가동률 민감도 기준
41430,C03,경기도,의왕시,재가장기요양기관 주야간보호,2,2,0,126.0,111,0.8809523809523809,0.8809523809523809,True,정원 대비 현원 가동률,0.0,2025-04-01,2026년 현재값이 아닌 과거 가동률 민감도 기준
41450,A03,경기도,하남시,노인요양시설(개정법),18,18,0,882.0,781,0.8854875283446711,0.8854875283446711,True,정원 대비 현원 가동률,1.0,2025-04-01,2026년 현재값이 아닌 과거 가동률 민감도 기준
41450,A04,경기도,하남시,노인요양공동생활가정,3,3,0,27.0,24,0.8888888888888888,0.8888888888888888,True,정원 대비 현원 가동률,0.0,2025-04-01,2026년 현재값이 아닌 과거 가동률 민감도 기준
41450,B01,경기도,하남시,재가노인복지시설 방문요양,36,36,0,0.0,662,,,False,방문형·복지용구는 정원 대비 비율 해석 금지,,2025-04-01,2026년 현재값이 아닌 과거 가동률 민감도 기준
41450,B02,경기도,하남시,재가노인복지시설 방문목욕,28,28,0,0.0,29,,,False,방문형·복지용구는 정원 대비 비율 해석 금지,,2025-04-01,2026년 현재값이 아닌 과거 가동률 민감도 기준
41450,B03,경기도,하남시,재가노인복지시설 주야간보호,19,19,0,863.0,667,0.7728852838933952,0.7728852838933952,True,정원 대비 현원 가동률,1.0,2025-04-01,2026년 현재값이 아닌 과거 가동률 민감도 기준
41450,B05,경기도,하남시,재가노인복지시설 방문간호,1,1,0,0.0,0,,,False,방문형·복지용구는 정원 대비 비율 해석 금지,,2025-04-01,2026년 현재값이 아닌 과거 가동률 민감도 기준
41450,B06,경기도,하남시,재가노인복지시설 복지용구,2,2,0,0.0,1254,,,False,방문형·복지용구는 정원 대비 비율 해석 금지,,2025-04-01,2026년 현재값이 아닌 과거 가동률 민감도 기준
41450,C01,경기도,하남시,재가장기요양기관 방문요양,16,16,0,0.0,691,,,False,방문형·복지용구는 정원 대비 비율 해석 금지,,2025-04-01,2026년 현재값이 아닌 과거 가동률 민감도 기준
41450,C02,경기도,하남시,재가장기요양기관 방문목욕,14,14,0,0.0,15,,,False,방문형·복지용구는 정원 대비 비율 해석 금지,,2025-04-01,2026년 현재값이 아닌 과거 가동률 민감도 기준
41450,C03,경기도,하남시,재가장기요양기관 주야간보호,2,2,0,120.0,69,0.575,0.575,True,정원 대비 현원 가동률,0.0,2025-04-01,2026년 현재값이 아닌 과거 가동률 민감도 기준
41450,C04,경기도,하남시,재가장기요양기관 단기보호,1,1,0,9.0,6,0.6666666666666666,0.6666666666666666,True,정원 대비 현원 가동률,0.0,2025-04-01,2026년 현재값이 아닌 과거 가동률 민감도 기준
41450,C05,경기도,하남시,재가장기요양기관 방문간호,1,1,0,0.0,0,,,False,방문형·복지용구는 정원 대비 비율 해석 금지,,2025-04-01,2026년 현재값이 아닌 과거 가동률 민감도 기준
41450,C06,경기도,하남시,재가장기요양기관 복지용구,1,1,0,0.0,0,,,False,방문형·복지용구는 정원 대비 비율 해석 금지,,2025-04-01,2026년 현재값이 아닌 과거 가동률 민감도 기준
41450,H31,경기도,하남시,주야간보호내치매전담1실,1,1,0,25.0,0,0.0,0.0,True,정원 대비 현원 가동률,0.0,2025-04-01,2026년 현재값이 아닌 과거 가동률 민감도 기준
41461,A03,경기도,용인시 처인구,노인요양시설(개정법),32,32,0,2214.0,1862,0.8410117434507678,0.8410117434507678,True,정원 대비 현원 가동률,0.0,2025-04-01,2026년 현재값이 아닌 과거 가동률 민감도 기준
41461,A04,경기도,용인시 처인구,노인요양공동생활가정,5,5,0,45.0,42,0.9333333333333333,0.9333333333333333,True,정원 대비 현원 가동률,0.0,2025-04-01,2026년 현재값이 아닌 과거 가동률 민감도 기준
41461,B01,경기도,용인시 처인구,재가노인복지시설 방문요양,27,27,0,0.0,537,,,False,방문형·복지용구는 정원 대비 비율 해석 금지,,2025-04-01,2026년 현재값이 아닌 과거 가동률 민감도 기준
41461,B02,경기도,용인시 처인구,재가노인복지시설 방문목욕,16,16,0,0.0,43,,,False,방문형·복지용구는 정원 대비 비율 해석 금지,,2025-04-01,2026년 현재값이 아닌 과거 가동률 민감도 기준
41461,B03,경기도,용인시 처인구,재가노인복지시설 주야간보호,11,11,0,563.0,351,0.6234458259325044,0.6234458259325044,True,정원 대비 현원 가동률,0.0,2025-04-01,2026년 현재값이 아닌 과거 가동률 민감도 기준
41461,B06,경기도,용인시 처인구,재가노인복지시설 복지용구,3,3,0,0.0,230,,,False,방문형·복지용구는 정원 대비 비율 해석 금지,,2025-04-01,2026년 현재값이 아닌 과거 가동률 민감도 기준
41461,C01,경기도,용인시 처인구,재가장기요양기관 방문요양,21,21,0,0.0,612,,,False,방문형·복지용구는 정원 대비 비율 해석 금지,,2025-04-01,2026년 현재값이 아닌 과거 가동률 민감도 기준
41461,C02,경기도,용인시 처인구,재가장기요양기관 방문목욕,18,18,0,0.0,22,,,False,방문형·복지용구는 정원 대비 비율 해석 금지,,2025-04-01,2026년 현재값이 아닌 과거 가동률 민감도 기준
41461,C03,경기도,용인시 처인구,재가장기요양기관 주야간보호,4,4,0,134.0,98,0.7313432835820896,0.7313432835820896,True,정원 대비 현원 가동률,0.0,2025-04-01,2026년 현재값이 아닌 과거 가동률 민감도 기준
41463,A03,경기도,용인시 기흥구,노인요양시설(개정법),39,39,0,2506.0,2151,0.858339984038308,0.858339984038308,True,정원 대비 현원 가동률,0.0,2025-04-01,2026년 현재값이 아닌 과거 가동률 민감도 기준
41463,A04,경기도,용인시 기흥구,노인요양공동생활가정,10,10,0,90.0,87,0.9666666666666667,0.9666666666666667,True,정원 대비 현원 가동률,0.0,2025-04-01,2026년 현재값이 아닌 과거 가동률 민감도 기준
41463,B01,경기도,용인시 기흥구,재가노인복지시설 방문요양,45,45,0,47.0,809,17.21276595744681,,False,방문형·복지용구는 정원 대비 비율 해석 금지,,2025-04-01,2026년 현재값이 아닌 과거 가동률 민감도 기준
41463,B02,경기도,용인시 기흥구,재가노인복지시설 방문목욕,29,29,0,0.0,41,,,False,방문형·복지용구는 정원 대비 비율 해석 금지,,2025-04-01,2026년 현재값이 아닌 과거 가동률 민감도 기준
41463,B03,경기도,용인시 기흥구,재가노인복지시설 주야간보호,31,31,0,1395.0,1105,0.7921146953405018,0.7921146953405018,True,정원 대비 현원 가동률,2.0,2025-04-01,2026년 현재값이 아닌 과거 가동률 민감도 기준
41463,B05,경기도,용인시 기흥구,재가노인복지시설 방문간호,4,4,0,0.0,49,,,False,방문형·복지용구는 정원 대비 비율 해석 금지,,2025-04-01,2026년 현재값이 아닌 과거 가동률 민감도 기준
41463,C01,경기도,용인시 기흥구,재가장기요양기관 방문요양,31,31,0,0.0,1198,,,False,방문형·복지용구는 정원 대비 비율 해석 금지,,2025-04-01,2026년 현재값이 아닌 과거 가동률 민감도 기준
41463,C02,경기도,용인시 기흥구,재가장기요양기관 방문목욕,24,24,0,0.0,35,,,False,방문형·복지용구는 정원 대비 비율 해석 금지,,2025-04-01,2026년 현재값이 아닌 과거 가동률 민감도 기준
41463,C03,경기도,용인시 기흥구,재가장기요양기관 주야간보호,6,6,0,165.0,106,0.6424242424242425,0.6424242424242425,True,정원 대비 현원 가동률,0.0,2025-04-01,2026년 현재값이 아닌 과거 가동률 민감도 기준
41463,C05,경기도,용인시 기흥구,재가장기요양기관 방문간호,4,4,0,0.0,103,,,False,방문형·복지용구는 정원 대비 비율 해석 금지,,2025-04-01,2026년 현재값이 아닌 과거 가동률 민감도 기준
41465,A03,경기도,용인시 수지구,노인요양시설(개정법),22,22,0,1118.0,949,0.8488372093023255,0.8488372093023255,True,정원 대비 현원 가동률,0.0,2025-04-01,2026년 현재값이 아닌 과거 가동률 민감도 기준
41465,A04,경기도,용인시 수지구,노인요양공동생활가정,10,10,0,87.0,80,0.9195402298850575,0.9195402298850575,True,정원 대비 현원 가동률,0.0,2025-04-01,2026년 현재값이 아닌 과거 가동률 민감도 기준
41465,B01,경기도,용인시 수지구,재가노인복지시설 방문요양,22,22,0,200.0,470,2.35,,False,방문형·복지용구는 정원 대비 비율 해석 금지,,2025-04-01,2026년 현재값이 아닌 과거 가동률 민감도 기준
41465,B02,경기도,용인시 수지구,재가노인복지시설 방문목욕,18,18,0,200.0,24,0.12,,False,방문형·복지용구는 정원 대비 비율 해석 금지,,2025-04-01,2026년 현재값이 아닌 과거 가동률 민감도 기준
41465,B03,경기도,용인시 수지구,재가노인복지시설 주야간보호,26,26,0,1044.0,836,0.8007662835249042,0.8007662835249042,True,정원 대비 현원 가동률,1.0,2025-04-01,2026년 현재값이 아닌 과거 가동률 민감도 기준
41465,B04,경기도,용인시 수지구,재가노인복지시설 단기보호,1,1,0,5.0,5,1.0,1.0,True,정원 대비 현원 가동률,0.0,2025-04-01,2026년 현재값이 아닌 과거 가동률 민감도 기준
41465,B06,경기도,용인시 수지구,재가노인복지시설 복지용구,2,2,0,0.0,0,,,False,방문형·복지용구는 정원 대비 비율 해석 금지,,2025-04-01,2026년 현재값이 아닌 과거 가동률 민감도 기준
41465,C01,경기도,용인시 수지구,재가장기요양기관 방문요양,34,34,0,0.0,981,,,False,방문형·복지용구는 정원 대비 비율 해석 금지,,2025-04-01,2026년 현재값이 아닌 과거 가동률 민감도 기준
41465,C02,경기도,용인시 수지구,재가장기요양기관 방문목욕,24,24,0,0.0,32,,,False,방문형·복지용구는 정원 대비 비율 해석 금지,,2025-04-01,2026년 현재값이 아닌 과거 가동률 민감도 기준
41465,C03,경기도,용인시 수지구,재가장기요양기관 주야간보호,5,5,0,196.0,159,0.8112244897959183,0.8112244897959183,True,정원 대비 현원 가동률,0.0,2025-04-01,2026년 현재값이 아닌 과거 가동률 민감도 기준
41465,C04,경기도,용인시 수지구,재가장기요양기관 단기보호,2,2,0,10.0,5,0.5,0.5,True,정원 대비 현원 가동률,0.0,2025-04-01,2026년 현재값이 아닌 과거 가동률 민감도 기준
41465,C05,경기도,용인시 수지구,재가장기요양기관 방문간호,5,5,0,0.0,24,,,False,방문형·복지용구는 정원 대비 비율 해석 금지,,2025-04-01,2026년 현재값이 아닌 과거 가동률 민감도 기준
41465,G31,경기도,용인시 수지구,치매전담실가형1실,1,1,0,12.0,12,1.0,1.0,True,정원 대비 현원 가동률,0.0,2025-04-01,2026년 현재값이 아닌 과거 가동률 민감도 기준
41465,G32,경기도,용인시 수지구,치매전담실가형2실,1,1,0,12.0,12,1.0,1.0,True,정원 대비 현원 가동률,0.0,2025-04-01,2026년 현재값이 아닌 과거 가동률 민감도 기준
41465,H31,경기도,용인시 수지구,주야간보호내치매전담1실,1,1,0,20.0,19,0.95,0.95,True,정원 대비 현원 가동률,0.0,2025-04-01,2026년 현재값이 아닌 과거 가동률 민감도 기준
41465,H32,경기도,용인시 수지구,주야간보호내치매전담2실,1,1,0,24.0,28,1.1666666666666667,1.1666666666666667,True,정원 대비 현원 가동률,1.0,2025-04-01,2026년 현재값이 아닌 과거 가동률 민감도 기준
41480,A03,경기도,파주시,노인요양시설(개정법),89,89,0,4023.0,3063,0.761372110365399,0.761372110365399,True,정원 대비 현원 가동률,1.0,2025-04-01,2026년 현재값이 아닌 과거 가동률 민감도 기준
41480,A04,경기도,파주시,노인요양공동생활가정,39,39,0,344.0,285,0.8284883720930233,0.8284883720930233,True,정원 대비 현원 가동률,0.0,2025-04-01,2026년 현재값이 아닌 과거 가동률 민감도 기준
41480,B01,경기도,파주시,재가노인복지시설 방문요양,57,57,0,55.0,1101,20.01818181818182,,False,방문형·복지용구는 정원 대비 비율 해석 금지,,2025-04-01,2026년 현재값이 아닌 과거 가동률 민감도 기준
41480,B02,경기도,파주시,재가노인복지시설 방문목욕,34,34,0,55.0,28,0.509090909090909,,False,방문형·복지용구는 정원 대비 비율 해석 금지,,2025-04-01,2026년 현재값이 아닌 과거 가동률 민감도 기준
41480,B03,경기도,파주시,재가노인복지시설 주야간보호,39,39,0,1555.0,1206,0.7755627009646302,0.7755627009646302,True,정원 대비 현원 가동률,2.0,2025-04-01,2026년 현재값이 아닌 과거 가동률 민감도 기준
41480,B04,경기도,파주시,재가노인복지시설 단기보호,1,1,0,4.0,0,0.0,0.0,True,정원 대비 현원 가동률,0.0,2025-04-01,2026년 현재값이 아닌 과거 가동률 민감도 기준
41480,B05,경기도,파주시,재가노인복지시설 방문간호,4,4,0,0.0,32,,,False,방문형·복지용구는 정원 대비 비율 해석 금지,,2025-04-01,2026년 현재값이 아닌 과거 가동률 민감도 기준
41480,C01,경기도,파주시,재가장기요양기관 방문요양,37,37,0,0.0,1247,,,False,방문형·복지용구는 정원 대비 비율 해석 금지,,2025-04-01,2026년 현재값이 아닌 과거 가동률 민감도 기준
41480,C02,경기도,파주시,재가장기요양기관 방문목욕,30,30,0,0.0,60,,,False,방문형·복지용구는 정원 대비 비율 해석 금지,,2025-04-01,2026년 현재값이 아닌 과거 가동률 민감도 기준
41480,C03,경기도,파주시,재가장기요양기관 주야간보호,11,11,0,393.0,298,0.7582697201017812,0.7582697201017812,True,정원 대비 현원 가동률,0.0,2025-04-01,2026년 현재값이 아닌 과거 가동률 민감도 기준
41480,C06,경기도,파주시,재가장기요양기관 복지용구,2,2,0,0.0,2,,,False,방문형·복지용구는 정원 대비 비율 해석 금지,,2025-04-01,2026년 현재값이 아닌 과거 가동률 민감도 기준
41480,H31,경기도,파주시,주야간보호내치매전담1실,5,5,0,100.0,64,0.64,0.64,True,정원 대비 현원 가동률,0.0,2025-04-01,2026년 현재값이 아닌 과거 가동률 민감도 기준
41480,H32,경기도,파주시,주야간보호내치매전담2실,2,2,0,38.0,18,0.47368421052631576,0.47368421052631576,True,정원 대비 현원 가동률,0.0,2025-04-01,2026년 현재값이 아닌 과거 가동률 민감도 기준
41480,I31,경기도,파주시,주야간보호내치매전담1실,1,1,0,25.0,21,0.84,0.84,True,정원 대비 현원 가동률,0.0,2025-04-01,2026년 현재값이 아닌 과거 가동률 민감도 기준
41480,S41,경기도,파주시,치매전담형노인요양공동생활가정,1,1,0,9.0,10,1.1111111111111112,1.1111111111111112,True,정원 대비 현원 가동률,1.0,2025-04-01,2026년 현재값이 아닌 과거 가동률 민감도 기준
41500,A03,경기도,이천시,노인요양시설(개정법),21,21,0,1087.0,774,0.7120515179392825,0.7120515179392825,True,정원 대비 현원 가동률,1.0,2025-04-01,2026년 현재값이 아닌 과거 가동률 민감도 기준
41500,A04,경기도,이천시,노인요양공동생활가정,3,3,0,27.0,22,0.8148148148148148,0.8148148148148148,True,정원 대비 현원 가동률,0.0,2025-04-01,2026년 현재값이 아닌 과거 가동률 민감도 기준
41500,B01,경기도,이천시,재가노인복지시설 방문요양,13,13,0,0.0,160,,,False,방문형·복지용구는 정원 대비 비율 해석 금지,,2025-04-01,2026년 현재값이 아닌 과거 가동률 민감도 기준
41500,B02,경기도,이천시,재가노인복지시설 방문목욕,4,4,0,0.0,0,,,False,방문형·복지용구는 정원 대비 비율 해석 금지,,2025-04-01,2026년 현재값이 아닌 과거 가동률 민감도 기준
41500,B03,경기도,이천시,재가노인복지시설 주야간보호,16,16,0,742.0,585,0.7884097035040432,0.7884097035040432,True,정원 대비 현원 가동률,1.0,2025-04-01,2026년 현재값이 아닌 과거 가동률 민감도 기준
41500,B06,경기도,이천시,재가노인복지시설 복지용구,2,2,0,0.0,360,,,False,방문형·복지용구는 정원 대비 비율 해석 금지,,2025-04-01,2026년 현재값이 아닌 과거 가동률 민감도 기준
41500,C01,경기도,이천시,재가장기요양기관 방문요양,37,37,0,15.0,1242,82.8,,False,방문형·복지용구는 정원 대비 비율 해석 금지,,2025-04-01,2026년 현재값이 아닌 과거 가동률 민감도 기준
41500,C02,경기도,이천시,재가장기요양기관 방문목욕,35,35,0,2.0,20,10.0,,False,방문형·복지용구는 정원 대비 비율 해석 금지,,2025-04-01,2026년 현재값이 아닌 과거 가동률 민감도 기준
41500,C03,경기도,이천시,재가장기요양기관 주야간보호,1,1,0,9.0,9,1.0,1.0,True,정원 대비 현원 가동률,0.0,2025-04-01,2026년 현재값이 아닌 과거 가동률 민감도 기준
41500,C05,경기도,이천시,재가장기요양기관 방문간호,3,3,0,0.0,16,,,False,방문형·복지용구는 정원 대비 비율 해석 금지,,2025-04-01,2026년 현재값이 아닌 과거 가동률 민감도 기준
41500,G31,경기도,이천시,치매전담실가형1실,1,1,0,16.0,11,0.6875,0.6875,True,정원 대비 현원 가동률,0.0,2025-04-01,2026년 현재값이 아닌 과거 가동률 민감도 기준
41550,A03,경기도,안성시,노인요양시설(개정법),41,41,0,2342.0,1582,0.6754910333048676,0.6754910333048676,True,정원 대비 현원 가동률,0.0,2025-04-01,2026년 현재값이 아닌 과거 가동률 민감도 기준
41550,A04,경기도,안성시,노인요양공동생활가정,8,8,0,69.0,54,0.782608695652174,0.782608695652174,True,정원 대비 현원 가동률,0.0,2025-04-01,2026년 현재값이 아닌 과거 가동률 민감도 기준
41550,B01,경기도,안성시,재가노인복지시설 방문요양,43,43,0,0.0,903,,,False,방문형·복지용구는 정원 대비 비율 해석 금지,,2025-04-01,2026년 현재값이 아닌 과거 가동률 민감도 기준
41550,B02,경기도,안성시,재가노인복지시설 방문목욕,18,18,0,0.0,90,,,False,방문형·복지용구는 정원 대비 비율 해석 금지,,2025-04-01,2026년 현재값이 아닌 과거 가동률 민감도 기준
41550,B03,경기도,안성시,재가노인복지시설 주야간보호,19,19,0,889.0,552,0.6209223847019123,0.6209223847019123,True,정원 대비 현원 가동률,0.0,2025-04-01,2026년 현재값이 아닌 과거 가동률 민감도 기준
41550,C01,경기도,안성시,재가장기요양기관 방문요양,8,8,0,80.0,239,2.9875,,False,방문형·복지용구는 정원 대비 비율 해석 금지,,2025-04-01,2026년 현재값이 아닌 과거 가동률 민감도 기준
41550,C02,경기도,안성시,재가장기요양기관 방문목욕,6,6,0,80.0,83,1.0375,,False,방문형·복지용구는 정원 대비 비율 해석 금지,,2025-04-01,2026년 현재값이 아닌 과거 가동률 민감도 기준
41550,C03,경기도,안성시,재가장기요양기관 주야간보호,6,6,0,165.0,146,0.8848484848484849,0.8848484848484849,True,정원 대비 현원 가동률,0.0,2025-04-01,2026년 현재값이 아닌 과거 가동률 민감도 기준
41550,C06,경기도,안성시,재가장기요양기관 복지용구,1,1,0,0.0,0,,,False,방문형·복지용구는 정원 대비 비율 해석 금지,,2025-04-01,2026년 현재값이 아닌 과거 가동률 민감도 기준
41550,G31,경기도,안성시,치매전담실가형1실,1,1,0,16.0,12,0.75,0.75,True,정원 대비 현원 가동률,0.0,2025-04-01,2026년 현재값이 아닌 과거 가동률 민감도 기준
41550,M31,경기도,안성시,치매전담실나형1실,1,1,0,16.0,14,0.875,0.875,True,정원 대비 현원 가동률,0.0,2025-04-01,2026년 현재값이 아닌 과거 가동률 민감도 기준
41570,A03,경기도,김포시,노인요양시설(개정법),47,47,0,2875.0,2330,0.8104347826086956,0.8104347826086956,True,정원 대비 현원 가동률,2.0,2025-04-01,2026년 현재값이 아닌 과거 가동률 민감도 기준
41570,A04,경기도,김포시,노인요양공동생활가정,16,16,0,143.0,112,0.7832167832167832,0.7832167832167832,True,정원 대비 현원 가동률,1.0,2025-04-01,2026년 현재값이 아닌 과거 가동률 민감도 기준
41570,B01,경기도,김포시,재가노인복지시설 방문요양,39,39,0,2014.0,696,0.3455809334657398,,False,방문형·복지용구는 정원 대비 비율 해석 금지,,2025-04-01,2026년 현재값이 아닌 과거 가동률 민감도 기준
41570,B02,경기도,김포시,재가노인복지시설 방문목욕,24,24,0,1998.0,7,0.0035035035035035035,,False,방문형·복지용구는 정원 대비 비율 해석 금지,,2025-04-01,2026년 현재값이 아닌 과거 가동률 민감도 기준
41570,B03,경기도,김포시,재가노인복지시설 주야간보호,29,29,0,1337.0,1071,0.8010471204188482,0.8010471204188482,True,정원 대비 현원 가동률,2.0,2025-04-01,2026년 현재값이 아닌 과거 가동률 민감도 기준
41570,B04,경기도,김포시,재가노인복지시설 단기보호,1,1,0,15.0,10,0.6666666666666666,0.6666666666666666,True,정원 대비 현원 가동률,0.0,2025-04-01,2026년 현재값이 아닌 과거 가동률 민감도 기준
41570,B05,경기도,김포시,재가노인복지시설 방문간호,4,4,0,0.0,121,,,False,방문형·복지용구는 정원 대비 비율 해석 금지,,2025-04-01,2026년 현재값이 아닌 과거 가동률 민감도 기준
41570,B06,경기도,김포시,재가노인복지시설 복지용구,2,2,0,0.0,165,,,False,방문형·복지용구는 정원 대비 비율 해석 금지,,2025-04-01,2026년 현재값이 아닌 과거 가동률 민감도 기준
41570,C01,경기도,김포시,재가장기요양기관 방문요양,37,37,0,10998.0,1249,0.11356610292780506,,False,방문형·복지용구는 정원 대비 비율 해석 금지,,2025-04-01,2026년 현재값이 아닌 과거 가동률 민감도 기준
41570,C02,경기도,김포시,재가장기요양기관 방문목욕,33,33,0,10998.0,58,0.005273686124749955,,False,방문형·복지용구는 정원 대비 비율 해석 금지,,2025-04-01,2026년 현재값이 아닌 과거 가동률 민감도 기준
41570,C03,경기도,김포시,재가장기요양기관 주야간보호,4,4,0,89.0,70,0.7865168539325843,0.7865168539325843,True,정원 대비 현원 가동률,1.0,2025-04-01,2026년 현재값이 아닌 과거 가동률 민감도 기준
41570,C05,경기도,김포시,재가장기요양기관 방문간호,3,3,0,0.0,125,,,False,방문형·복지용구는 정원 대비 비율 해석 금지,,2025-04-01,2026년 현재값이 아닌 과거 가동률 민감도 기준
41570,C06,경기도,김포시,재가장기요양기관 복지용구,2,2,0,0.0,0,,,False,방문형·복지용구는 정원 대비 비율 해석 금지,,2025-04-01,2026년 현재값이 아닌 과거 가동률 민감도 기준
41570,H31,경기도,김포시,주야간보호내치매전담1실,1,1,0,18.0,15,0.8333333333333334,0.8333333333333334,True,정원 대비 현원 가동률,0.0,2025-04-01,2026년 현재값이 아닌 과거 가동률 민감도 기준
41570,H32,경기도,김포시,주야간보호내치매전담2실,1,1,0,16.0,18,1.125,1.125,True,정원 대비 현원 가동률,1.0,2025-04-01,2026년 현재값이 아닌 과거 가동률 민감도 기준
41590,A03,경기도,화성시,노인요양시설(개정법),100,100,0,5447.0,4163,0.7642739122452726,0.7642739122452726,True,정원 대비 현원 가동률,0.0,2025-04-01,2026년 현재값이 아닌 과거 가동률 민감도 기준
41590,A04,경기도,화성시,노인요양공동생활가정,21,21,0,183.0,141,0.7704918032786885,0.7704918032786885,True,정원 대비 현원 가동률,0.0,2025-04-01,2026년 현재값이 아닌 과거 가동률 민감도 기준
41590,B01,경기도,화성시,재가노인복지시설 방문요양,78,78,0,0.0,1688,,,False,방문형·복지용구는 정원 대비 비율 해석 금지,,2025-04-01,2026년 현재값이 아닌 과거 가동률 민감도 기준
41590,B02,경기도,화성시,재가노인복지시설 방문목욕,54,54,0,0.0,160,,,False,방문형·복지용구는 정원 대비 비율 해석 금지,,2025-04-01,2026년 현재값이 아닌 과거 가동률 민감도 기준
41590,B03,경기도,화성시,재가노인복지시설 주야간보호,54,54,0,2006.0,1361,0.6784646061814557,0.6784646061814557,True,정원 대비 현원 가동률,1.0,2025-04-01,2026년 현재값이 아닌 과거 가동률 민감도 기준
41590,B04,경기도,화성시,재가노인복지시설 단기보호,1,1,0,4.0,0,0.0,0.0,True,정원 대비 현원 가동률,0.0,2025-04-01,2026년 현재값이 아닌 과거 가동률 민감도 기준
41590,B05,경기도,화성시,재가노인복지시설 방문간호,6,6,0,0.0,118,,,False,방문형·복지용구는 정원 대비 비율 해석 금지,,2025-04-01,2026년 현재값이 아닌 과거 가동률 민감도 기준
41590,B06,경기도,화성시,재가노인복지시설 복지용구,2,2,0,0.0,0,,,False,방문형·복지용구는 정원 대비 비율 해석 금지,,2025-04-01,2026년 현재값이 아닌 과거 가동률 민감도 기준
41590,C01,경기도,화성시,재가장기요양기관 방문요양,21,21,0,0.0,639,,,False,방문형·복지용구는 정원 대비 비율 해석 금지,,2025-04-01,2026년 현재값이 아닌 과거 가동률 민감도 기준
41590,C02,경기도,화성시,재가장기요양기관 방문목욕,20,20,0,0.0,5,,,False,방문형·복지용구는 정원 대비 비율 해석 금지,,2025-04-01,2026년 현재값이 아닌 과거 가동률 민감도 기준
41590,C03,경기도,화성시,재가장기요양기관 주야간보호,8,8,0,276.0,223,0.8079710144927537,0.8079710144927537,True,정원 대비 현원 가동률,0.0,2025-04-01,2026년 현재값이 아닌 과거 가동률 민감도 기준
41590,C05,경기도,화성시,재가장기요양기관 방문간호,1,1,0,0.0,140,,,False,방문형·복지용구는 정원 대비 비율 해석 금지,,2025-04-01,2026년 현재값이 아닌 과거 가동률 민감도 기준
41590,C06,경기도,화성시,재가장기요양기관 복지용구,3,3,0,0.0,0,,,False,방문형·복지용구는 정원 대비 비율 해석 금지,,2025-04-01,2026년 현재값이 아닌 과거 가동률 민감도 기준
41590,H31,경기도,화성시,주야간보호내치매전담1실,1,1,0,25.0,21,0.84,0.84,True,정원 대비 현원 가동률,0.0,2025-04-01,2026년 현재값이 아닌 과거 가동률 민감도 기준
41590,S41,경기도,화성시,치매전담형노인요양공동생활가정,2,2,0,18.0,17,0.9444444444444444,0.9444444444444444,True,정원 대비 현원 가동률,0.0,2025-04-01,2026년 현재값이 아닌 과거 가동률 민감도 기준
41610,A03,경기도,광주시,노인요양시설(개정법),41,41,0,2391.0,2002,0.8373065662902551,0.8373065662902551,True,정원 대비 현원 가동률,0.0,2025-04-01,2026년 현재값이 아닌 과거 가동률 민감도 기준
41610,A04,경기도,광주시,노인요양공동생활가정,5,5,0,45.0,42,0.9333333333333333,0.9333333333333333,True,정원 대비 현원 가동률,1.0,2025-04-01,2026년 현재값이 아닌 과거 가동률 민감도 기준
41610,B01,경기도,광주시,재가노인복지시설 방문요양,30,30,0,15.0,768,51.2,,False,방문형·복지용구는 정원 대비 비율 해석 금지,,2025-04-01,2026년 현재값이 아닌 과거 가동률 민감도 기준
41610,B02,경기도,광주시,재가노인복지시설 방문목욕,21,21,0,0.0,73,,,False,방문형·복지용구는 정원 대비 비율 해석 금지,,2025-04-01,2026년 현재값이 아닌 과거 가동률 민감도 기준
41610,B03,경기도,광주시,재가노인복지시설 주야간보호,19,19,0,722.0,493,0.682825484764543,0.682825484764543,True,정원 대비 현원 가동률,0.0,2025-04-01,2026년 현재값이 아닌 과거 가동률 민감도 기준
41610,B05,경기도,광주시,재가노인복지시설 방문간호,2,2,0,0.0,51,,,False,방문형·복지용구는 정원 대비 비율 해석 금지,,2025-04-01,2026년 현재값이 아닌 과거 가동률 민감도 기준
41610,B06,경기도,광주시,재가노인복지시설 복지용구,2,2,0,0.0,160,,,False,방문형·복지용구는 정원 대비 비율 해석 금지,,2025-04-01,2026년 현재값이 아닌 과거 가동률 민감도 기준
41610,C01,경기도,광주시,재가장기요양기관 방문요양,29,29,0,0.0,1057,,,False,방문형·복지용구는 정원 대비 비율 해석 금지,,2025-04-01,2026년 현재값이 아닌 과거 가동률 민감도 기준
41610,C02,경기도,광주시,재가장기요양기관 방문목욕,24,24,0,0.0,82,,,False,방문형·복지용구는 정원 대비 비율 해석 금지,,2025-04-01,2026년 현재값이 아닌 과거 가동률 민감도 기준
41610,C03,경기도,광주시,재가장기요양기관 주야간보호,18,18,0,529.0,416,0.7863894139886578,0.7863894139886578,True,정원 대비 현원 가동률,1.0,2025-04-01,2026년 현재값이 아닌 과거 가동률 민감도 기준
41610,G31,경기도,광주시,치매전담실가형1실,1,1,0,16.0,12,0.75,0.75,True,정원 대비 현원 가동률,0.0,2025-04-01,2026년 현재값이 아닌 과거 가동률 민감도 기준
41610,G32,경기도,광주시,치매전담실가형2실,1,1,0,16.0,6,0.375,0.375,True,정원 대비 현원 가동률,0.0,2025-04-01,2026년 현재값이 아닌 과거 가동률 민감도 기준
41630,A03,경기도,양주시,노인요양시설(개정법),101,101,0,5960.0,4564,0.7657718120805369,0.7657718120805369,True,정원 대비 현원 가동률,0.0,2025-04-01,2026년 현재값이 아닌 과거 가동률 민감도 기준
41630,A04,경기도,양주시,노인요양공동생활가정,23,23,0,198.0,158,0.797979797979798,0.797979797979798,True,정원 대비 현원 가동률,0.0,2025-04-01,2026년 현재값이 아닌 과거 가동률 민감도 기준
41630,B01,경기도,양주시,재가노인복지시설 방문요양,37,37,0,46.0,368,8.0,,False,방문형·복지용구는 정원 대비 비율 해석 금지,,2025-04-01,2026년 현재값이 아닌 과거 가동률 민감도 기준
41630,B02,경기도,양주시,재가노인복지시설 방문목욕,16,16,0,0.0,33,,,False,방문형·복지용구는 정원 대비 비율 해석 금지,,2025-04-01,2026년 현재값이 아닌 과거 가동률 민감도 기준
41630,B03,경기도,양주시,재가노인복지시설 주야간보호,26,26,0,840.0,587,0.6988095238095238,0.6988095238095238,True,정원 대비 현원 가동률,3.0,2025-04-01,2026년 현재값이 아닌 과거 가동률 민감도 기준
41630,B04,경기도,양주시,재가노인복지시설 단기보호,3,3,0,20.0,8,0.4,0.4,True,정원 대비 현원 가동률,0.0,2025-04-01,2026년 현재값이 아닌 과거 가동률 민감도 기준
41630,B05,경기도,양주시,재가노인복지시설 방문간호,1,1,0,0.0,1,,,False,방문형·복지용구는 정원 대비 비율 해석 금지,,2025-04-01,2026년 현재값이 아닌 과거 가동률 민감도 기준
41630,B06,경기도,양주시,재가노인복지시설 복지용구,3,3,0,0.0,362,,,False,방문형·복지용구는 정원 대비 비율 해석 금지,,2025-04-01,2026년 현재값이 아닌 과거 가동률 민감도 기준
41630,C01,경기도,양주시,재가장기요양기관 방문요양,35,35,0,0.0,938,,,False,방문형·복지용구는 정원 대비 비율 해석 금지,,2025-04-01,2026년 현재값이 아닌 과거 가동률 민감도 기준
41630,C02,경기도,양주시,재가장기요양기관 방문목욕,25,25,0,0.0,5,,,False,방문형·복지용구는 정원 대비 비율 해석 금지,,2025-04-01,2026년 현재값이 아닌 과거 가동률 민감도 기준
41630,C03,경기도,양주시,재가장기요양기관 주야간보호,16,16,0,415.0,258,0.6216867469879518,0.6216867469879518,True,정원 대비 현원 가동률,1.0,2025-04-01,2026년 현재값이 아닌 과거 가동률 민감도 기준
41650,A03,경기도,포천시,노인요양시설(개정법),63,63,0,3053.0,2453,0.8034719947592532,0.8034719947592532,True,정원 대비 현원 가동률,0.0,2025-04-01,2026년 현재값이 아닌 과거 가동률 민감도 기준
41650,A04,경기도,포천시,노인요양공동생활가정,22,22,0,195.0,152,0.7794871794871795,0.7794871794871795,True,정원 대비 현원 가동률,0.0,2025-04-01,2026년 현재값이 아닌 과거 가동률 민감도 기준
41650,B01,경기도,포천시,재가노인복지시설 방문요양,29,29,0,0.0,526,,,False,방문형·복지용구는 정원 대비 비율 해석 금지,,2025-04-01,2026년 현재값이 아닌 과거 가동률 민감도 기준
41650,B02,경기도,포천시,재가노인복지시설 방문목욕,9,9,0,0.0,52,,,False,방문형·복지용구는 정원 대비 비율 해석 금지,,2025-04-01,2026년 현재값이 아닌 과거 가동률 민감도 기준
41650,B03,경기도,포천시,재가노인복지시설 주야간보호,20,20,0,576.0,469,0.8142361111111112,0.8142361111111112,True,정원 대비 현원 가동률,0.0,2025-04-01,2026년 현재값이 아닌 과거 가동률 민감도 기준
41650,C01,경기도,포천시,재가장기요양기관 방문요양,15,15,0,0.0,438,,,False,방문형·복지용구는 정원 대비 비율 해석 금지,,2025-04-01,2026년 현재값이 아닌 과거 가동률 민감도 기준
41650,C02,경기도,포천시,재가장기요양기관 방문목욕,7,7,0,0.0,12,,,False,방문형·복지용구는 정원 대비 비율 해석 금지,,2025-04-01,2026년 현재값이 아닌 과거 가동률 민감도 기준
41650,C03,경기도,포천시,재가장기요양기관 주야간보호,14,14,0,424.0,341,0.8042452830188679,0.8042452830188679,True,정원 대비 현원 가동률,0.0,2025-04-01,2026년 현재값이 아닌 과거 가동률 민감도 기준
41650,C06,경기도,포천시,재가장기요양기관 복지용구,1,1,0,0.0,0,,,False,방문형·복지용구는 정원 대비 비율 해석 금지,,2025-04-01,2026년 현재값이 아닌 과거 가동률 민감도 기준
41670,A03,경기도,여주시,노인요양시설(개정법),21,21,0,968.0,827,0.8543388429752066,0.8543388429752066,True,정원 대비 현원 가동률,1.0,2025-04-01,2026년 현재값이 아닌 과거 가동률 민감도 기준
41670,A04,경기도,여주시,노인요양공동생활가정,9,9,0,81.0,52,0.6419753086419753,0.6419753086419753,True,정원 대비 현원 가동률,0.0,2025-04-01,2026년 현재값이 아닌 과거 가동률 민감도 기준
41670,B01,경기도,여주시,재가노인복지시설 방문요양,26,26,0,0.0,593,,,False,방문형·복지용구는 정원 대비 비율 해석 금지,,2025-04-01,2026년 현재값이 아닌 과거 가동률 민감도 기준
41670,B02,경기도,여주시,재가노인복지시설 방문목욕,12,12,0,0.0,1,,,False,방문형·복지용구는 정원 대비 비율 해석 금지,,2025-04-01,2026년 현재값이 아닌 과거 가동률 민감도 기준
41670,B03,경기도,여주시,재가노인복지시설 주야간보호,12,12,0,468.0,346,0.7393162393162394,0.7393162393162394,True,정원 대비 현원 가동률,0.0,2025-04-01,2026년 현재값이 아닌 과거 가동률 민감도 기준
41670,B05,경기도,여주시,재가노인복지시설 방문간호,2,2,0,0.0,6,,,False,방문형·복지용구는 정원 대비 비율 해석 금지,,2025-04-01,2026년 현재값이 아닌 과거 가동률 민감도 기준
41670,B06,경기도,여주시,재가노인복지시설 복지용구,1,1,0,0.0,1,,,False,방문형·복지용구는 정원 대비 비율 해석 금지,,2025-04-01,2026년 현재값이 아닌 과거 가동률 민감도 기준
41670,C01,경기도,여주시,재가장기요양기관 방문요양,9,9,0,0.0,376,,,False,방문형·복지용구는 정원 대비 비율 해석 금지,,2025-04-01,2026년 현재값이 아닌 과거 가동률 민감도 기준
41670,C02,경기도,여주시,재가장기요양기관 방문목욕,4,4,0,0.0,1,,,False,방문형·복지용구는 정원 대비 비율 해석 금지,,2025-04-01,2026년 현재값이 아닌 과거 가동률 민감도 기준
41670,C03,경기도,여주시,재가장기요양기관 주야간보호,3,3,0,109.0,73,0.6697247706422018,0.6697247706422018,True,정원 대비 현원 가동률,0.0,2025-04-01,2026년 현재값이 아닌 과거 가동률 민감도 기준
41670,C05,경기도,여주시,재가장기요양기관 방문간호,2,2,0,0.0,0,,,False,방문형·복지용구는 정원 대비 비율 해석 금지,,2025-04-01,2026년 현재값이 아닌 과거 가동률 민감도 기준
41800,A03,경기도,연천군,노인요양시설(개정법),10,10,0,362.0,265,0.7320441988950276,0.7320441988950276,True,정원 대비 현원 가동률,0.0,2025-04-01,2026년 현재값이 아닌 과거 가동률 민감도 기준
41800,A04,경기도,연천군,노인요양공동생활가정,2,2,0,18.0,16,0.8888888888888888,0.8888888888888888,True,정원 대비 현원 가동률,0.0,2025-04-01,2026년 현재값이 아닌 과거 가동률 민감도 기준
41800,B01,경기도,연천군,재가노인복지시설 방문요양,13,13,0,610.0,253,0.41475409836065574,,False,방문형·복지용구는 정원 대비 비율 해석 금지,,2025-04-01,2026년 현재값이 아닌 과거 가동률 민감도 기준
41800,B02,경기도,연천군,재가노인복지시설 방문목욕,9,9,0,450.0,0,0.0,,False,방문형·복지용구는 정원 대비 비율 해석 금지,,2025-04-01,2026년 현재값이 아닌 과거 가동률 민감도 기준
41800,B03,경기도,연천군,재가노인복지시설 주야간보호,3,3,0,97.0,91,0.9381443298969072,0.9381443298969072,True,정원 대비 현원 가동률,0.0,2025-04-01,2026년 현재값이 아닌 과거 가동률 민감도 기준
41800,B06,경기도,연천군,재가노인복지시설 복지용구,1,1,0,0.0,1,,,False,방문형·복지용구는 정원 대비 비율 해석 금지,,2025-04-01,2026년 현재값이 아닌 과거 가동률 민감도 기준
41800,C01,경기도,연천군,재가장기요양기관 방문요양,11,11,0,200.0,438,2.19,,False,방문형·복지용구는 정원 대비 비율 해석 금지,,2025-04-01,2026년 현재값이 아닌 과거 가동률 민감도 기준
41800,C02,경기도,연천군,재가장기요양기관 방문목욕,10,10,0,150.0,106,0.7066666666666667,,False,방문형·복지용구는 정원 대비 비율 해석 금지,,2025-04-01,2026년 현재값이 아닌 과거 가동률 민감도 기준
41800,C03,경기도,연천군,재가장기요양기관 주야간보호,2,2,0,56.0,47,0.8392857142857143,0.8392857142857143,True,정원 대비 현원 가동률,0.0,2025-04-01,2026년 현재값이 아닌 과거 가동률 민감도 기준
41820,A03,경기도,가평군,노인요양시설(개정법),12,12,0,525.0,337,0.6419047619047619,0.6419047619047619,True,정원 대비 현원 가동률,0.0,2025-04-01,2026년 현재값이 아닌 과거 가동률 민감도 기준
41820,A04,경기도,가평군,노인요양공동생활가정,3,3,0,26.0,26,1.0,1.0,True,정원 대비 현원 가동률,0.0,2025-04-01,2026년 현재값이 아닌 과거 가동률 민감도 기준
41820,B01,경기도,가평군,재가노인복지시설 방문요양,13,13,0,0.0,271,,,False,방문형·복지용구는 정원 대비 비율 해석 금지,,2025-04-01,2026년 현재값이 아닌 과거 가동률 민감도 기준
41820,B02,경기도,가평군,재가노인복지시설 방문목욕,6,6,0,0.0,0,,,False,방문형·복지용구는 정원 대비 비율 해석 금지,,2025-04-01,2026년 현재값이 아닌 과거 가동률 민감도 기준
41820,B03,경기도,가평군,재가노인복지시설 주야간보호,8,8,0,209.0,230,1.1004784688995215,1.1004784688995215,True,정원 대비 현원 가동률,0.0,2025-04-01,2026년 현재값이 아닌 과거 가동률 민감도 기준
41820,B06,경기도,가평군,재가노인복지시설 복지용구,2,2,0,0.0,0,,,False,방문형·복지용구는 정원 대비 비율 해석 금지,,2025-04-01,2026년 현재값이 아닌 과거 가동률 민감도 기준
41820,C01,경기도,가평군,재가장기요양기관 방문요양,8,8,0,0.0,252,,,False,방문형·복지용구는 정원 대비 비율 해석 금지,,2025-04-01,2026년 현재값이 아닌 과거 가동률 민감도 기준
41820,C02,경기도,가평군,재가장기요양기관 방문목욕,5,5,0,0.0,1,,,False,방문형·복지용구는 정원 대비 비율 해석 금지,,2025-04-01,2026년 현재값이 아닌 과거 가동률 민감도 기준
41820,C03,경기도,가평군,재가장기요양기관 주야간보호,7,7,0,152.0,135,0.8881578947368421,0.8881578947368421,True,정원 대비 현원 가동률,1.0,2025-04-01,2026년 현재값이 아닌 과거 가동률 민감도 기준
41820,C05,경기도,가평군,재가장기요양기관 방문간호,1,1,0,0.0,0,,,False,방문형·복지용구는 정원 대비 비율 해석 금지,,2025-04-01,2026년 현재값이 아닌 과거 가동률 민감도 기준
41820,G31,경기도,가평군,치매전담실가형1실,1,1,0,10.0,8,0.8,0.8,True,정원 대비 현원 가동률,0.0,2025-04-01,2026년 현재값이 아닌 과거 가동률 민감도 기준
41820,H31,경기도,가평군,주야간보호내치매전담1실,1,1,0,16.0,16,1.0,1.0,True,정원 대비 현원 가동률,0.0,2025-04-01,2026년 현재값이 아닌 과거 가동률 민감도 기준
41820,H32,경기도,가평군,주야간보호내치매전담2실,1,1,0,12.0,12,1.0,1.0,True,정원 대비 현원 가동률,0.0,2025-04-01,2026년 현재값이 아닌 과거 가동률 민감도 기준
41820,H33,경기도,가평군,주야간보호내치매전담3실,1,1,0,25.0,15,0.6,0.6,True,정원 대비 현원 가동률,0.0,2025-04-01,2026년 현재값이 아닌 과거 가동률 민감도 기준
41830,A03,경기도,양평군,노인요양시설(개정법),34,34,0,1367.0,1129,0.8258961228968544,0.8258961228968544,True,정원 대비 현원 가동률,0.0,2025-04-01,2026년 현재값이 아닌 과거 가동률 민감도 기준
41830,A04,경기도,양평군,노인요양공동생활가정,7,7,0,63.0,53,0.8412698412698413,0.8412698412698413,True,정원 대비 현원 가동률,1.0,2025-04-01,2026년 현재값이 아닌 과거 가동률 민감도 기준
41830,B01,경기도,양평군,재가노인복지시설 방문요양,22,22,0,90.0,561,6.233333333333333,,False,방문형·복지용구는 정원 대비 비율 해석 금지,,2025-04-01,2026년 현재값이 아닌 과거 가동률 민감도 기준
41830,B02,경기도,양평군,재가노인복지시설 방문목욕,10,10,0,20.0,160,8.0,,False,방문형·복지용구는 정원 대비 비율 해석 금지,,2025-04-01,2026년 현재값이 아닌 과거 가동률 민감도 기준
41830,B03,경기도,양평군,재가노인복지시설 주야간보호,12,12,0,282.0,265,0.9397163120567376,0.9397163120567376,True,정원 대비 현원 가동률,2.0,2025-04-01,2026년 현재값이 아닌 과거 가동률 민감도 기준
41830,B04,경기도,양평군,재가노인복지시설 단기보호,1,1,0,8.0,8,1.0,1.0,True,정원 대비 현원 가동률,0.0,2025-04-01,2026년 현재값이 아닌 과거 가동률 민감도 기준
41830,C01,경기도,양평군,재가장기요양기관 방문요양,17,17,0,4.0,572,143.0,,False,방문형·복지용구는 정원 대비 비율 해석 금지,,2025-04-01,2026년 현재값이 아닌 과거 가동률 민감도 기준
41830,C02,경기도,양평군,재가장기요양기관 방문목욕,10,10,0,2.0,48,24.0,,False,방문형·복지용구는 정원 대비 비율 해석 금지,,2025-04-01,2026년 현재값이 아닌 과거 가동률 민감도 기준
41830,C03,경기도,양평군,재가장기요양기관 주야간보호,1,1,0,28.0,26,0.9285714285714286,0.9285714285714286,True,정원 대비 현원 가동률,0.0,2025-04-01,2026년 현재값이 아닌 과거 가동률 민감도 기준
41830,C06,경기도,양평군,재가장기요양기관 복지용구,1,1,0,0.0,4,,,False,방문형·복지용구는 정원 대비 비율 해석 금지,,2025-04-01,2026년 현재값이 아닌 과거 가동률 민감도 기준
41830,G31,경기도,양평군,치매전담실가형1실,1,1,0,12.0,12,1.0,1.0,True,정원 대비 현원 가동률,0.0,2025-04-01,2026년 현재값이 아닌 과거 가동률 민감도 기준
43111,A03,충청북도,청주시 상당구,노인요양시설(개정법),23,23,0,1018.0,949,0.9322200392927309,0.9322200392927309,True,정원 대비 현원 가동률,1.0,2025-04-01,2026년 현재값이 아닌 과거 가동률 민감도 기준
43111,A04,충청북도,청주시 상당구,노인요양공동생활가정,13,13,0,115.0,94,0.8173913043478261,0.8173913043478261,True,정원 대비 현원 가동률,0.0,2025-04-01,2026년 현재값이 아닌 과거 가동률 민감도 기준
43111,B01,충청북도,청주시 상당구,재가노인복지시설 방문요양,24,24,0,42.0,435,10.357142857142858,,False,방문형·복지용구는 정원 대비 비율 해석 금지,,2025-04-01,2026년 현재값이 아닌 과거 가동률 민감도 기준
43111,B02,충청북도,청주시 상당구,재가노인복지시설 방문목욕,7,7,0,3.0,6,2.0,,False,방문형·복지용구는 정원 대비 비율 해석 금지,,2025-04-01,2026년 현재값이 아닌 과거 가동률 민감도 기준
43111,B03,충청북도,청주시 상당구,재가노인복지시설 주야간보호,16,16,0,546.0,443,0.8113553113553114,0.8113553113553114,True,정원 대비 현원 가동률,2.0,2025-04-01,2026년 현재값이 아닌 과거 가동률 민감도 기준
43111,B05,충청북도,청주시 상당구,재가노인복지시설 방문간호,1,1,0,0.0,0,,,False,방문형·복지용구는 정원 대비 비율 해석 금지,,2025-04-01,2026년 현재값이 아닌 과거 가동률 민감도 기준
43111,B06,충청북도,청주시 상당구,재가노인복지시설 복지용구,1,1,0,0.0,4,,,False,방문형·복지용구는 정원 대비 비율 해석 금지,,2025-04-01,2026년 현재값이 아닌 과거 가동률 민감도 기준
43111,C01,충청북도,청주시 상당구,재가장기요양기관 방문요양,28,28,0,15.0,713,47.53333333333333,,False,방문형·복지용구는 정원 대비 비율 해석 금지,,2025-04-01,2026년 현재값이 아닌 과거 가동률 민감도 기준
43111,C02,충청북도,청주시 상당구,재가장기요양기관 방문목욕,19,19,0,0.0,1,,,False,방문형·복지용구는 정원 대비 비율 해석 금지,,2025-04-01,2026년 현재값이 아닌 과거 가동률 민감도 기준
43111,C03,충청북도,청주시 상당구,재가장기요양기관 주야간보호,17,17,0,583.0,524,0.8987993138936535,0.8987993138936535,True,정원 대비 현원 가동률,4.0,2025-04-01,2026년 현재값이 아닌 과거 가동률 민감도 기준
43111,C05,충청북도,청주시 상당구,재가장기요양기관 방문간호,1,1,0,0.0,0,,,False,방문형·복지용구는 정원 대비 비율 해석 금지,,2025-04-01,2026년 현재값이 아닌 과거 가동률 민감도 기준
43111,C06,충청북도,청주시 상당구,재가장기요양기관 복지용구,1,1,0,0.0,35,,,False,방문형·복지용구는 정원 대비 비율 해석 금지,,2025-04-01,2026년 현재값이 아닌 과거 가동률 민감도 기준
43111,G31,충청북도,청주시 상당구,치매전담실가형1실,1,1,0,8.0,8,1.0,1.0,True,정원 대비 현원 가동률,0.0,2025-04-01,2026년 현재값이 아닌 과거 가동률 민감도 기준
43111,G32,충청북도,청주시 상당구,치매전담실가형2실,1,1,0,12.0,12,1.0,1.0,True,정원 대비 현원 가동률,0.0,2025-04-01,2026년 현재값이 아닌 과거 가동률 민감도 기준
43112,A03,충청북도,청주시 서원구,노인요양시설(개정법),21,21,0,1024.0,881,0.8603515625,0.8603515625,True,정원 대비 현원 가동률,0.0,2025-04-01,2026년 현재값이 아닌 과거 가동률 민감도 기준
43112,A04,충청북도,청주시 서원구,노인요양공동생활가정,5,5,0,45.0,43,0.9555555555555556,0.9555555555555556,True,정원 대비 현원 가동률,0.0,2025-04-01,2026년 현재값이 아닌 과거 가동률 민감도 기준
43112,B01,충청북도,청주시 서원구,재가노인복지시설 방문요양,40,40,0,0.0,748,,,False,방문형·복지용구는 정원 대비 비율 해석 금지,,2025-04-01,2026년 현재값이 아닌 과거 가동률 민감도 기준
43112,B02,충청북도,청주시 서원구,재가노인복지시설 방문목욕,12,12,0,0.0,1,,,False,방문형·복지용구는 정원 대비 비율 해석 금지,,2025-04-01,2026년 현재값이 아닌 과거 가동률 민감도 기준
43112,B03,충청북도,청주시 서원구,재가노인복지시설 주야간보호,24,24,0,938.0,790,0.8422174840085288,0.8422174840085288,True,정원 대비 현원 가동률,1.0,2025-04-01,2026년 현재값이 아닌 과거 가동률 민감도 기준
43112,B05,충청북도,청주시 서원구,재가노인복지시설 방문간호,1,1,0,0.0,0,,,False,방문형·복지용구는 정원 대비 비율 해석 금지,,2025-04-01,2026년 현재값이 아닌 과거 가동률 민감도 기준
43112,B06,충청북도,청주시 서원구,재가노인복지시설 복지용구,1,1,0,0.0,0,,,False,방문형·복지용구는 정원 대비 비율 해석 금지,,2025-04-01,2026년 현재값이 아닌 과거 가동률 민감도 기준
43112,C01,충청북도,청주시 서원구,재가장기요양기관 방문요양,31,31,0,0.0,943,,,False,방문형·복지용구는 정원 대비 비율 해석 금지,,2025-04-01,2026년 현재값이 아닌 과거 가동률 민감도 기준
43112,C02,충청북도,청주시 서원구,재가장기요양기관 방문목욕,19,19,0,0.0,50,,,False,방문형·복지용구는 정원 대비 비율 해석 금지,,2025-04-01,2026년 현재값이 아닌 과거 가동률 민감도 기준
43112,C03,충청북도,청주시 서원구,재가장기요양기관 주야간보호,16,16,0,683.0,443,0.6486090775988287,0.6486090775988287,True,정원 대비 현원 가동률,0.0,2025-04-01,2026년 현재값이 아닌 과거 가동률 민감도 기준
43112,C04,충청북도,청주시 서원구,재가장기요양기관 단기보호,1,1,0,4.0,0,0.0,0.0,True,정원 대비 현원 가동률,0.0,2025-04-01,2026년 현재값이 아닌 과거 가동률 민감도 기준
43112,C05,충청북도,청주시 서원구,재가장기요양기관 방문간호,2,2,0,0.0,58,,,False,방문형·복지용구는 정원 대비 비율 해석 금지,,2025-04-01,2026년 현재값이 아닌 과거 가동률 민감도 기준
43112,C06,충청북도,청주시 서원구,재가장기요양기관 복지용구,1,1,0,0.0,121,,,False,방문형·복지용구는 정원 대비 비율 해석 금지,,2025-04-01,2026년 현재값이 아닌 과거 가동률 민감도 기준
43113,A03,충청북도,청주시 흥덕구,노인요양시설(개정법),23,23,0,1329.0,1156,0.8698269375470279,0.8698269375470279,True,정원 대비 현원 가동률,0.0,2025-04-01,2026년 현재값이 아닌 과거 가동률 민감도 기준
43113,A04,충청북도,청주시 흥덕구,노인요양공동생활가정,3,3,0,27.0,22,0.8148148148148148,0.8148148148148148,True,정원 대비 현원 가동률,0.0,2025-04-01,2026년 현재값이 아닌 과거 가동률 민감도 기준
43113,B01,충청북도,청주시 흥덕구,재가노인복지시설 방문요양,26,26,0,0.0,392,,,False,방문형·복지용구는 정원 대비 비율 해석 금지,,2025-04-01,2026년 현재값이 아닌 과거 가동률 민감도 기준
43113,B02,충청북도,청주시 흥덕구,재가노인복지시설 방문목욕,9,9,0,0.0,1,,,False,방문형·복지용구는 정원 대비 비율 해석 금지,,2025-04-01,2026년 현재값이 아닌 과거 가동률 민감도 기준
43113,B03,충청북도,청주시 흥덕구,재가노인복지시설 주야간보호,23,23,0,878.0,636,0.724373576309795,0.724373576309795,True,정원 대비 현원 가동률,2.0,2025-04-01,2026년 현재값이 아닌 과거 가동률 민감도 기준
43113,B05,충청북도,청주시 흥덕구,재가노인복지시설 방문간호,1,1,0,0.0,2,,,False,방문형·복지용구는 정원 대비 비율 해석 금지,,2025-04-01,2026년 현재값이 아닌 과거 가동률 민감도 기준
43113,B06,충청북도,청주시 흥덕구,재가노인복지시설 복지용구,1,1,0,0.0,0,,,False,방문형·복지용구는 정원 대비 비율 해석 금지,,2025-04-01,2026년 현재값이 아닌 과거 가동률 민감도 기준
43113,C01,충청북도,청주시 흥덕구,재가장기요양기관 방문요양,20,20,0,0.0,568,,,False,방문형·복지용구는 정원 대비 비율 해석 금지,,2025-04-01,2026년 현재값이 아닌 과거 가동률 민감도 기준
43113,C02,충청북도,청주시 흥덕구,재가장기요양기관 방문목욕,10,10,0,0.0,5,,,False,방문형·복지용구는 정원 대비 비율 해석 금지,,2025-04-01,2026년 현재값이 아닌 과거 가동률 민감도 기준
43113,C03,충청북도,청주시 흥덕구,재가장기요양기관 주야간보호,14,14,0,574.0,452,0.7874564459930313,0.7874564459930313,True,정원 대비 현원 가동률,0.0,2025-04-01,2026년 현재값이 아닌 과거 가동률 민감도 기준
43113,C05,충청북도,청주시 흥덕구,재가장기요양기관 방문간호,1,1,0,0.0,0,,,False,방문형·복지용구는 정원 대비 비율 해석 금지,,2025-04-01,2026년 현재값이 아닌 과거 가동률 민감도 기준
43113,G31,충청북도,청주시 흥덕구,치매전담실가형1실,1,1,0,10.0,9,0.9,0.9,True,정원 대비 현원 가동률,0.0,2025-04-01,2026년 현재값이 아닌 과거 가동률 민감도 기준
43114,A03,충청북도,청주시 청원구,노인요양시설(개정법),30,30,0,1752.0,1424,0.8127853881278538,0.8127853881278538,True,정원 대비 현원 가동률,0.0,2025-04-01,2026년 현재값이 아닌 과거 가동률 민감도 기준
43114,A04,충청북도,청주시 청원구,노인요양공동생활가정,10,10,0,90.0,76,0.8444444444444444,0.8444444444444444,True,정원 대비 현원 가동률,0.0,2025-04-01,2026년 현재값이 아닌 과거 가동률 민감도 기준
43114,B01,충청북도,청주시 청원구,재가노인복지시설 방문요양,13,13,0,0.0,126,,,False,방문형·복지용구는 정원 대비 비율 해석 금지,,2025-04-01,2026년 현재값이 아닌 과거 가동률 민감도 기준
43114,B02,충청북도,청주시 청원구,재가노인복지시설 방문목욕,6,6,0,0.0,10,,,False,방문형·복지용구는 정원 대비 비율 해석 금지,,2025-04-01,2026년 현재값이 아닌 과거 가동률 민감도 기준
43114,B03,충청북도,청주시 청원구,재가노인복지시설 주야간보호,26,26,0,943.0,707,0.7497348886532343,0.7497348886532343,True,정원 대비 현원 가동률,1.0,2025-04-01,2026년 현재값이 아닌 과거 가동률 민감도 기준
43114,B06,충청북도,청주시 청원구,재가노인복지시설 복지용구,1,1,0,0.0,0,,,False,방문형·복지용구는 정원 대비 비율 해석 금지,,2025-04-01,2026년 현재값이 아닌 과거 가동률 민감도 기준
43114,C01,충청북도,청주시 청원구,재가장기요양기관 방문요양,15,15,0,0.0,662,,,False,방문형·복지용구는 정원 대비 비율 해석 금지,,2025-04-01,2026년 현재값이 아닌 과거 가동률 민감도 기준
43114,C02,충청북도,청주시 청원구,재가장기요양기관 방문목욕,10,10,0,0.0,21,,,False,방문형·복지용구는 정원 대비 비율 해석 금지,,2025-04-01,2026년 현재값이 아닌 과거 가동률 민감도 기준
43114,C03,충청북도,청주시 청원구,재가장기요양기관 주야간보호,14,14,0,498.0,387,0.7771084337349398,0.7771084337349398,True,정원 대비 현원 가동률,0.0,2025-04-01,2026년 현재값이 아닌 과거 가동률 민감도 기준
43114,C05,충청북도,청주시 청원구,재가장기요양기관 방문간호,1,1,0,0.0,55,,,False,방문형·복지용구는 정원 대비 비율 해석 금지,,2025-04-01,2026년 현재값이 아닌 과거 가동률 민감도 기준
43114,C06,충청북도,청주시 청원구,재가장기요양기관 복지용구,1,1,0,0.0,21,,,False,방문형·복지용구는 정원 대비 비율 해석 금지,,2025-04-01,2026년 현재값이 아닌 과거 가동률 민감도 기준
43130,A03,충청북도,충주시,노인요양시설(개정법),43,43,0,1799.0,1463,0.8132295719844358,0.8132295719844358,True,정원 대비 현원 가동률,0.0,2025-04-01,2026년 현재값이 아닌 과거 가동률 민감도 기준
43130,A04,충청북도,충주시,노인요양공동생활가정,9,9,0,81.0,66,0.8148148148148148,0.8148148148148148,True,정원 대비 현원 가동률,0.0,2025-04-01,2026년 현재값이 아닌 과거 가동률 민감도 기준
43130,B01,충청북도,충주시,재가노인복지시설 방문요양,26,26,0,16.0,353,22.0625,,False,방문형·복지용구는 정원 대비 비율 해석 금지,,2025-04-01,2026년 현재값이 아닌 과거 가동률 민감도 기준
43130,B02,충청북도,충주시,재가노인복지시설 방문목욕,6,6,0,0.0,1,,,False,방문형·복지용구는 정원 대비 비율 해석 금지,,2025-04-01,2026년 현재값이 아닌 과거 가동률 민감도 기준
43130,B03,충청북도,충주시,재가노인복지시설 주야간보호,19,19,0,714.0,528,0.7394957983193278,0.7394957983193278,True,정원 대비 현원 가동률,0.0,2025-04-01,2026년 현재값이 아닌 과거 가동률 민감도 기준
43130,B05,충청북도,충주시,재가노인복지시설 방문간호,1,1,0,0.0,6,,,False,방문형·복지용구는 정원 대비 비율 해석 금지,,2025-04-01,2026년 현재값이 아닌 과거 가동률 민감도 기준
43130,C01,충청북도,충주시,재가장기요양기관 방문요양,29,29,0,0.0,1137,,,False,방문형·복지용구는 정원 대비 비율 해석 금지,,2025-04-01,2026년 현재값이 아닌 과거 가동률 민감도 기준
43130,C02,충청북도,충주시,재가장기요양기관 방문목욕,6,6,0,0.0,0,,,False,방문형·복지용구는 정원 대비 비율 해석 금지,,2025-04-01,2026년 현재값이 아닌 과거 가동률 민감도 기준
43130,C03,충청북도,충주시,재가장기요양기관 주야간보호,6,6,0,174.0,135,0.7758620689655172,0.7758620689655172,True,정원 대비 현원 가동률,2.0,2025-04-01,2026년 현재값이 아닌 과거 가동률 민감도 기준
43130,C04,충청북도,충주시,재가장기요양기관 단기보호,1,1,0,25.0,0,0.0,0.0,True,정원 대비 현원 가동률,0.0,2025-04-01,2026년 현재값이 아닌 과거 가동률 민감도 기준
43130,C06,충청북도,충주시,재가장기요양기관 복지용구,1,1,0,0.0,106,,,False,방문형·복지용구는 정원 대비 비율 해석 금지,,2025-04-01,2026년 현재값이 아닌 과거 가동률 민감도 기준
43130,G31,충청북도,충주시,치매전담실가형1실,2,2,0,32.0,16,0.5,0.5,True,정원 대비 현원 가동률,0.0,2025-04-01,2026년 현재값이 아닌 과거 가동률 민감도 기준
43130,H31,충청북도,충주시,주야간보호내치매전담1실,1,1,0,20.0,20,1.0,1.0,True,정원 대비 현원 가동률,0.0,2025-04-01,2026년 현재값이 아닌 과거 가동률 민감도 기준
43130,M31,충청북도,충주시,치매전담실나형1실,1,1,0,12.0,12,1.0,1.0,True,정원 대비 현원 가동률,0.0,2025-04-01,2026년 현재값이 아닌 과거 가동률 민감도 기준
43130,M32,충청북도,충주시,치매전담실나형2실,1,1,0,12.0,11,0.9166666666666666,0.9166666666666666,True,정원 대비 현원 가동률,0.0,2025-04-01,2026년 현재값이 아닌 과거 가동률 민감도 기준
43130,S41,충청북도,충주시,치매전담형노인요양공동생활가정,1,1,0,9.0,8,0.8888888888888888,0.8888888888888888,True,정원 대비 현원 가동률,0.0,2025-04-01,2026년 현재값이 아닌 과거 가동률 민감도 기준
43150,A03,충청북도,제천시,노인요양시설(개정법),25,25,0,947.0,812,0.8574445617740233,0.8574445617740233,True,정원 대비 현원 가동률,0.0,2025-04-01,2026년 현재값이 아닌 과거 가동률 민감도 기준
43150,A04,충청북도,제천시,노인요양공동생활가정,10,10,0,89.0,84,0.9438202247191011,0.9438202247191011,True,정원 대비 현원 가동률,0.0,2025-04-01,2026년 현재값이 아닌 과거 가동률 민감도 기준
43150,B01,충청북도,제천시,재가노인복지시설 방문요양,27,27,0,68.0,659,9.691176470588236,,False,방문형·복지용구는 정원 대비 비율 해석 금지,,2025-04-01,2026년 현재값이 아닌 과거 가동률 민감도 기준
43150,B02,충청북도,제천시,재가노인복지시설 방문목욕,9,9,0,20.0,17,0.85,,False,방문형·복지용구는 정원 대비 비율 해석 금지,,2025-04-01,2026년 현재값이 아닌 과거 가동률 민감도 기준
43150,B03,충청북도,제천시,재가노인복지시설 주야간보호,11,11,0,254.0,174,0.6850393700787402,0.6850393700787402,True,정원 대비 현원 가동률,0.0,2025-04-01,2026년 현재값이 아닌 과거 가동률 민감도 기준
43150,B05,충청북도,제천시,재가노인복지시설 방문간호,2,2,0,50.0,6,0.12,,False,방문형·복지용구는 정원 대비 비율 해석 금지,,2025-04-01,2026년 현재값이 아닌 과거 가동률 민감도 기준
43150,B06,충청북도,제천시,재가노인복지시설 복지용구,1,1,0,0.0,0,,,False,방문형·복지용구는 정원 대비 비율 해석 금지,,2025-04-01,2026년 현재값이 아닌 과거 가동률 민감도 기준
43150,C01,충청북도,제천시,재가장기요양기관 방문요양,15,15,0,18.0,310,17.22222222222222,,False,방문형·복지용구는 정원 대비 비율 해석 금지,,2025-04-01,2026년 현재값이 아닌 과거 가동률 민감도 기준
43150,C02,충청북도,제천시,재가장기요양기관 방문목욕,10,10,0,18.0,161,8.944444444444445,,False,방문형·복지용구는 정원 대비 비율 해석 금지,,2025-04-01,2026년 현재값이 아닌 과거 가동률 민감도 기준
43150,C03,충청북도,제천시,재가장기요양기관 주야간보호,9,9,0,293.0,256,0.8737201365187713,0.8737201365187713,True,정원 대비 현원 가동률,1.0,2025-04-01,2026년 현재값이 아닌 과거 가동률 민감도 기준
43150,C05,충청북도,제천시,재가장기요양기관 방문간호,1,1,0,0.0,14,,,False,방문형·복지용구는 정원 대비 비율 해석 금지,,2025-04-01,2026년 현재값이 아닌 과거 가동률 민감도 기준
43150,C06,충청북도,제천시,재가장기요양기관 복지용구,1,1,0,0.0,0,,,False,방문형·복지용구는 정원 대비 비율 해석 금지,,2025-04-01,2026년 현재값이 아닌 과거 가동률 민감도 기준
43150,S41,충청북도,제천시,치매전담형노인요양공동생활가정,3,3,0,23.0,21,0.9130434782608695,0.9130434782608695,True,정원 대비 현원 가동률,0.0,2025-04-01,2026년 현재값이 아닌 과거 가동률 민감도 기준
43720,A03,충청북도,보은군,노인요양시설(개정법),5,5,0,246.0,191,0.7764227642276422,0.7764227642276422,True,정원 대비 현원 가동률,0.0,2025-04-01,2026년 현재값이 아닌 과거 가동률 민감도 기준
43720,B01,충청북도,보은군,재가노인복지시설 방문요양,6,6,0,0.0,104,,,False,방문형·복지용구는 정원 대비 비율 해석 금지,,2025-04-01,2026년 현재값이 아닌 과거 가동률 민감도 기준
43720,B02,충청북도,보은군,재가노인복지시설 방문목욕,2,2,0,0.0,2,,,False,방문형·복지용구는 정원 대비 비율 해석 금지,,2025-04-01,2026년 현재값이 아닌 과거 가동률 민감도 기준
43720,B03,충청북도,보은군,재가노인복지시설 주야간보호,4,4,0,135.0,109,0.8074074074074075,0.8074074074074075,True,정원 대비 현원 가동률,1.0,2025-04-01,2026년 현재값이 아닌 과거 가동률 민감도 기준
43720,B06,충청북도,보은군,재가노인복지시설 복지용구,1,1,0,0.0,0,,,False,방문형·복지용구는 정원 대비 비율 해석 금지,,2025-04-01,2026년 현재값이 아닌 과거 가동률 민감도 기준
43720,C01,충청북도,보은군,재가장기요양기관 방문요양,5,5,0,0.0,342,,,False,방문형·복지용구는 정원 대비 비율 해석 금지,,2025-04-01,2026년 현재값이 아닌 과거 가동률 민감도 기준
43720,C02,충청북도,보은군,재가장기요양기관 방문목욕,1,1,0,0.0,0,,,False,방문형·복지용구는 정원 대비 비율 해석 금지,,2025-04-01,2026년 현재값이 아닌 과거 가동률 민감도 기준
43720,G31,충청북도,보은군,치매전담실가형1실,1,1,0,16.0,14,0.875,0.875,True,정원 대비 현원 가동률,0.0,2025-04-01,2026년 현재값이 아닌 과거 가동률 민감도 기준
43730,A03,충청북도,옥천군,노인요양시설(개정법),12,12,0,412.0,426,1.0339805825242718,1.0339805825242718,True,정원 대비 현원 가동률,0.0,2025-04-01,2026년 현재값이 아닌 과거 가동률 민감도 기준
43730,A04,충청북도,옥천군,노인요양공동생활가정,4,4,0,36.0,24,0.6666666666666666,0.6666666666666666,True,정원 대비 현원 가동률,0.0,2025-04-01,2026년 현재값이 아닌 과거 가동률 민감도 기준
43730,B01,충청북도,옥천군,재가노인복지시설 방문요양,5,5,0,0.0,65,,,False,방문형·복지용구는 정원 대비 비율 해석 금지,,2025-04-01,2026년 현재값이 아닌 과거 가동률 민감도 기준
43730,B02,충청북도,옥천군,재가노인복지시설 방문목욕,5,5,0,0.0,5,,,False,방문형·복지용구는 정원 대비 비율 해석 금지,,2025-04-01,2026년 현재값이 아닌 과거 가동률 민감도 기준
43730,B03,충청북도,옥천군,재가노인복지시설 주야간보호,8,8,0,292.0,194,0.6643835616438356,0.6643835616438356,True,정원 대비 현원 가동률,0.0,2025-04-01,2026년 현재값이 아닌 과거 가동률 민감도 기준
43730,B05,충청북도,옥천군,재가노인복지시설 방문간호,2,2,0,0.0,0,,,False,방문형·복지용구는 정원 대비 비율 해석 금지,,2025-04-01,2026년 현재값이 아닌 과거 가동률 민감도 기준
43730,C01,충청북도,옥천군,재가장기요양기관 방문요양,14,14,0,0.0,259,,,False,방문형·복지용구는 정원 대비 비율 해석 금지,,2025-04-01,2026년 현재값이 아닌 과거 가동률 민감도 기준
43730,C02,충청북도,옥천군,재가장기요양기관 방문목욕,10,10,0,0.0,95,,,False,방문형·복지용구는 정원 대비 비율 해석 금지,,2025-04-01,2026년 현재값이 아닌 과거 가동률 민감도 기준
43730,G31,충청북도,옥천군,치매전담실가형1실,1,1,0,12.0,9,0.75,0.75,True,정원 대비 현원 가동률,0.0,2025-04-01,2026년 현재값이 아닌 과거 가동률 민감도 기준
43730,G32,충청북도,옥천군,치매전담실가형2실,1,1,0,12.0,10,0.8333333333333334,0.8333333333333334,True,정원 대비 현원 가동률,0.0,2025-04-01,2026년 현재값이 아닌 과거 가동률 민감도 기준
43730,G33,충청북도,옥천군,치매전담실가형3실,1,1,0,11.0,10,0.9090909090909091,0.9090909090909091,True,정원 대비 현원 가동률,0.0,2025-04-01,2026년 현재값이 아닌 과거 가동률 민감도 기준
43730,G34,충청북도,옥천군,치매전담실가형4실,1,1,0,12.0,10,0.8333333333333334,0.8333333333333334,True,정원 대비 현원 가동률,0.0,2025-04-01,2026년 현재값이 아닌 과거 가동률 민감도 기준
43730,G35,충청북도,옥천군,치매전담실가형5실,1,1,0,12.0,11,0.9166666666666666,0.9166666666666666,True,정원 대비 현원 가동률,0.0,2025-04-01,2026년 현재값이 아닌 과거 가동률 민감도 기준
43730,G36,충청북도,옥천군,치매전담실가형6실,1,1,0,11.0,0,0.0,0.0,True,정원 대비 현원 가동률,0.0,2025-04-01,2026년 현재값이 아닌 과거 가동률 민감도 기준
43730,H31,충청북도,옥천군,주야간보호내치매전담1실,1,1,0,20.0,17,0.85,0.85,True,정원 대비 현원 가동률,0.0,2025-04-01,2026년 현재값이 아닌 과거 가동률 민감도 기준
43730,H32,충청북도,옥천군,주야간보호내치매전담2실,1,1,0,20.0,0,0.0,0.0,True,정원 대비 현원 가동률,0.0,2025-04-01,2026년 현재값이 아닌 과거 가동률 민감도 기준
43730,S41,충청북도,옥천군,치매전담형노인요양공동생활가정,1,1,0,9.0,7,0.7777777777777778,0.7777777777777778,True,정원 대비 현원 가동률,0.0,2025-04-01,2026년 현재값이 아닌 과거 가동률 민감도 기준
43740,A03,충청북도,영동군,노인요양시설(개정법),14,14,0,479.0,334,0.697286012526096,0.697286012526096,True,정원 대비 현원 가동률,2.0,2025-04-01,2026년 현재값이 아닌 과거 가동률 민감도 기준
43740,A04,충청북도,영동군,노인요양공동생활가정,10,10,0,90.0,80,0.8888888888888888,0.8888888888888888,True,정원 대비 현원 가동률,0.0,2025-04-01,2026년 현재값이 아닌 과거 가동률 민감도 기준
43740,B01,충청북도,영동군,재가노인복지시설 방문요양,6,6,0,0.0,224,,,False,방문형·복지용구는 정원 대비 비율 해석 금지,,2025-04-01,2026년 현재값이 아닌 과거 가동률 민감도 기준
43740,B02,충청북도,영동군,재가노인복지시설 방문목욕,5,5,0,0.0,209,,,False,방문형·복지용구는 정원 대비 비율 해석 금지,,2025-04-01,2026년 현재값이 아닌 과거 가동률 민감도 기준
43740,B03,충청북도,영동군,재가노인복지시설 주야간보호,5,5,0,219.0,169,0.771689497716895,0.771689497716895,True,정원 대비 현원 가동률,0.0,2025-04-01,2026년 현재값이 아닌 과거 가동률 민감도 기준
43740,B05,충청북도,영동군,재가노인복지시설 방문간호,1,1,0,0.0,0,,,False,방문형·복지용구는 정원 대비 비율 해석 금지,,2025-04-01,2026년 현재값이 아닌 과거 가동률 민감도 기준
43740,C01,충청북도,영동군,재가장기요양기관 방문요양,5,5,0,0.0,323,,,False,방문형·복지용구는 정원 대비 비율 해석 금지,,2025-04-01,2026년 현재값이 아닌 과거 가동률 민감도 기준
43740,C02,충청북도,영동군,재가장기요양기관 방문목욕,5,5,0,7.0,277,39.57142857142857,,False,방문형·복지용구는 정원 대비 비율 해석 금지,,2025-04-01,2026년 현재값이 아닌 과거 가동률 민감도 기준
43740,C03,충청북도,영동군,재가장기요양기관 주야간보호,4,4,0,54.0,45,0.8333333333333334,0.8333333333333334,True,정원 대비 현원 가동률,0.0,2025-04-01,2026년 현재값이 아닌 과거 가동률 민감도 기준
43740,G31,충청북도,영동군,치매전담실가형1실,1,1,0,12.0,10,0.8333333333333334,0.8333333333333334,True,정원 대비 현원 가동률,0.0,2025-04-01,2026년 현재값이 아닌 과거 가동률 민감도 기준
43740,G32,충청북도,영동군,치매전담실가형2실,1,1,0,12.0,12,1.0,1.0,True,정원 대비 현원 가동률,0.0,2025-04-01,2026년 현재값이 아닌 과거 가동률 민감도 기준
43740,G33,충청북도,영동군,치매전담실가형3실,1,1,0,11.0,6,0.5454545454545454,0.5454545454545454,True,정원 대비 현원 가동률,0.0,2025-04-01,2026년 현재값이 아닌 과거 가동률 민감도 기준
43740,G34,충청북도,영동군,치매전담실가형4실,1,1,0,11.0,0,0.0,0.0,True,정원 대비 현원 가동률,0.0,2025-04-01,2026년 현재값이 아닌 과거 가동률 민감도 기준
43740,G35,충청북도,영동군,치매전담실가형5실,1,1,0,12.0,0,0.0,0.0,True,정원 대비 현원 가동률,0.0,2025-04-01,2026년 현재값이 아닌 과거 가동률 민감도 기준
43740,G36,충청북도,영동군,치매전담실가형6실,1,1,0,12.0,0,0.0,0.0,True,정원 대비 현원 가동률,0.0,2025-04-01,2026년 현재값이 아닌 과거 가동률 민감도 기준
43740,H31,충청북도,영동군,주야간보호내치매전담1실,1,1,0,23.0,23,1.0,1.0,True,정원 대비 현원 가동률,0.0,2025-04-01,2026년 현재값이 아닌 과거 가동률 민감도 기준
43740,H32,충청북도,영동군,주야간보호내치매전담2실,1,1,0,17.0,17,1.0,1.0,True,정원 대비 현원 가동률,0.0,2025-04-01,2026년 현재값이 아닌 과거 가동률 민감도 기준
43745,A03,충청북도,증평군,노인요양시설(개정법),8,8,0,303.0,262,0.8646864686468647,0.8646864686468647,True,정원 대비 현원 가동률,0.0,2025-04-01,2026년 현재값이 아닌 과거 가동률 민감도 기준
43745,A04,충청북도,증평군,노인요양공동생활가정,1,1,0,9.0,9,1.0,1.0,True,정원 대비 현원 가동률,0.0,2025-04-01,2026년 현재값이 아닌 과거 가동률 민감도 기준
43745,B01,충청북도,증평군,재가노인복지시설 방문요양,2,2,0,0.0,41,,,False,방문형·복지용구는 정원 대비 비율 해석 금지,,2025-04-01,2026년 현재값이 아닌 과거 가동률 민감도 기준
43745,B03,충청북도,증평군,재가노인복지시설 주야간보호,6,6,0,228.0,166,0.7280701754385965,0.7280701754385965,True,정원 대비 현원 가동률,2.0,2025-04-01,2026년 현재값이 아닌 과거 가동률 민감도 기준
43745,C01,충청북도,증평군,재가장기요양기관 방문요양,5,5,0,0.0,146,,,False,방문형·복지용구는 정원 대비 비율 해석 금지,,2025-04-01,2026년 현재값이 아닌 과거 가동률 민감도 기준
43745,C02,충청북도,증평군,재가장기요양기관 방문목욕,1,1,0,0.0,33,,,False,방문형·복지용구는 정원 대비 비율 해석 금지,,2025-04-01,2026년 현재값이 아닌 과거 가동률 민감도 기준
43745,C03,충청북도,증평군,재가장기요양기관 주야간보호,1,1,0,20.0,20,1.0,1.0,True,정원 대비 현원 가동률,0.0,2025-04-01,2026년 현재값이 아닌 과거 가동률 민감도 기준
43745,C06,충청북도,증평군,재가장기요양기관 복지용구,1,1,0,0.0,0,,,False,방문형·복지용구는 정원 대비 비율 해석 금지,,2025-04-01,2026년 현재값이 아닌 과거 가동률 민감도 기준
43745,H31,충청북도,증평군,주야간보호내치매전담1실,1,1,0,21.0,15,0.7142857142857143,0.7142857142857143,True,정원 대비 현원 가동률,0.0,2025-04-01,2026년 현재값이 아닌 과거 가동률 민감도 기준
43745,S41,충청북도,증평군,치매전담형노인요양공동생활가정,1,1,0,9.0,9,1.0,1.0,True,정원 대비 현원 가동률,0.0,2025-04-01,2026년 현재값이 아닌 과거 가동률 민감도 기준
43750,A03,충청북도,진천군,노인요양시설(개정법),13,13,0,466.0,374,0.8025751072961373,0.8025751072961373,True,정원 대비 현원 가동률,1.0,2025-04-01,2026년 현재값이 아닌 과거 가동률 민감도 기준
43750,A04,충청북도,진천군,노인요양공동생활가정,3,3,0,26.0,14,0.5384615384615384,0.5384615384615384,True,정원 대비 현원 가동률,0.0,2025-04-01,2026년 현재값이 아닌 과거 가동률 민감도 기준
43750,B01,충청북도,진천군,재가노인복지시설 방문요양,8,8,0,0.0,98,,,False,방문형·복지용구는 정원 대비 비율 해석 금지,,2025-04-01,2026년 현재값이 아닌 과거 가동률 민감도 기준
43750,B02,충청북도,진천군,재가노인복지시설 방문목욕,2,2,0,0.0,0,,,False,방문형·복지용구는 정원 대비 비율 해석 금지,,2025-04-01,2026년 현재값이 아닌 과거 가동률 민감도 기준
43750,B03,충청북도,진천군,재가노인복지시설 주야간보호,11,11,0,387.0,326,0.8423772609819121,0.8423772609819121,True,정원 대비 현원 가동률,1.0,2025-04-01,2026년 현재값이 아닌 과거 가동률 민감도 기준
43750,B06,충청북도,진천군,재가노인복지시설 복지용구,1,1,0,0.0,1,,,False,방문형·복지용구는 정원 대비 비율 해석 금지,,2025-04-01,2026년 현재값이 아닌 과거 가동률 민감도 기준
43750,C01,충청북도,진천군,재가장기요양기관 방문요양,6,6,0,0.0,236,,,False,방문형·복지용구는 정원 대비 비율 해석 금지,,2025-04-01,2026년 현재값이 아닌 과거 가동률 민감도 기준
43750,C02,충청북도,진천군,재가장기요양기관 방문목욕,4,4,0,0.0,55,,,False,방문형·복지용구는 정원 대비 비율 해석 금지,,2025-04-01,2026년 현재값이 아닌 과거 가동률 민감도 기준
43750,C03,충청북도,진천군,재가장기요양기관 주야간보호,6,6,0,157.0,139,0.8853503184713376,0.8853503184713376,True,정원 대비 현원 가동률,0.0,2025-04-01,2026년 현재값이 아닌 과거 가동률 민감도 기준
43750,C05,충청북도,진천군,재가장기요양기관 방문간호,1,1,0,0.0,0,,,False,방문형·복지용구는 정원 대비 비율 해석 금지,,2025-04-01,2026년 현재값이 아닌 과거 가동률 민감도 기준
43750,H31,충청북도,진천군,주야간보호내치매전담1실,1,1,0,20.0,14,0.7,0.7,True,정원 대비 현원 가동률,0.0,2025-04-01,2026년 현재값이 아닌 과거 가동률 민감도 기준
43750,M31,충청북도,진천군,치매전담실나형1실,1,1,0,12.0,9,0.75,0.75,True,정원 대비 현원 가동률,0.0,2025-04-01,2026년 현재값이 아닌 과거 가동률 민감도 기준
43750,M32,충청북도,진천군,치매전담실나형2실,1,1,0,12.0,12,1.0,1.0,True,정원 대비 현원 가동률,0.0,2025-04-01,2026년 현재값이 아닌 과거 가동률 민감도 기준
43750,S41,충청북도,진천군,치매전담형노인요양공동생활가정,1,1,0,9.0,9,1.0,1.0,True,정원 대비 현원 가동률,0.0,2025-04-01,2026년 현재값이 아닌 과거 가동률 민감도 기준
43760,A02,충청북도,괴산군,노인전문요양시설,1,1,0,36.0,0,0.0,0.0,True,정원 대비 현원 가동률,0.0,2025-04-01,2026년 현재값이 아닌 과거 가동률 민감도 기준
43760,A03,충청북도,괴산군,노인요양시설(개정법),7,7,0,230.0,147,0.6391304347826087,0.6391304347826087,True,정원 대비 현원 가동률,1.0,2025-04-01,2026년 현재값이 아닌 과거 가동률 민감도 기준
43760,A04,충청북도,괴산군,노인요양공동생활가정,5,5,0,45.0,37,0.8222222222222222,0.8222222222222222,True,정원 대비 현원 가동률,2.0,2025-04-01,2026년 현재값이 아닌 과거 가동률 민감도 기준
43760,B01,충청북도,괴산군,재가노인복지시설 방문요양,11,11,0,0.0,227,,,False,방문형·복지용구는 정원 대비 비율 해석 금지,,2025-04-01,2026년 현재값이 아닌 과거 가동률 민감도 기준
43760,B02,충청북도,괴산군,재가노인복지시설 방문목욕,1,1,0,0.0,23,,,False,방문형·복지용구는 정원 대비 비율 해석 금지,,2025-04-01,2026년 현재값이 아닌 과거 가동률 민감도 기준
43760,B03,충청북도,괴산군,재가노인복지시설 주야간보호,8,8,0,183.0,145,0.7923497267759563,0.7923497267759563,True,정원 대비 현원 가동률,2.0,2025-04-01,2026년 현재값이 아닌 과거 가동률 민감도 기준
43760,C01,충청북도,괴산군,재가장기요양기관 방문요양,5,5,0,0.0,83,,,False,방문형·복지용구는 정원 대비 비율 해석 금지,,2025-04-01,2026년 현재값이 아닌 과거 가동률 민감도 기준
43760,C02,충청북도,괴산군,재가장기요양기관 방문목욕,1,1,0,0.0,0,,,False,방문형·복지용구는 정원 대비 비율 해석 금지,,2025-04-01,2026년 현재값이 아닌 과거 가동률 민감도 기준
43760,C03,충청북도,괴산군,재가장기요양기관 주야간보호,1,1,0,40.0,40,1.0,1.0,True,정원 대비 현원 가동률,0.0,2025-04-01,2026년 현재값이 아닌 과거 가동률 민감도 기준
43760,G31,충청북도,괴산군,치매전담실가형1실,1,1,0,10.0,10,1.0,1.0,True,정원 대비 현원 가동률,0.0,2025-04-01,2026년 현재값이 아닌 과거 가동률 민감도 기준
43760,S41,충청북도,괴산군,치매전담형노인요양공동생활가정,1,1,0,9.0,8,0.8888888888888888,0.8888888888888888,True,정원 대비 현원 가동률,0.0,2025-04-01,2026년 현재값이 아닌 과거 가동률 민감도 기준
43770,A03,충청북도,음성군,노인요양시설(개정법),14,14,0,713.0,600,0.8415147265077139,0.8415147265077139,True,정원 대비 현원 가동률,0.0,2025-04-01,2026년 현재값이 아닌 과거 가동률 민감도 기준
43770,A04,충청북도,음성군,노인요양공동생활가정,7,7,0,63.0,59,0.9365079365079365,0.9365079365079365,True,정원 대비 현원 가동률,0.0,2025-04-01,2026년 현재값이 아닌 과거 가동률 민감도 기준
43770,B01,충청북도,음성군,재가노인복지시설 방문요양,8,8,0,10.0,166,16.6,,False,방문형·복지용구는 정원 대비 비율 해석 금지,,2025-04-01,2026년 현재값이 아닌 과거 가동률 민감도 기준
43770,B02,충청북도,음성군,재가노인복지시설 방문목욕,5,5,0,0.0,3,,,False,방문형·복지용구는 정원 대비 비율 해석 금지,,2025-04-01,2026년 현재값이 아닌 과거 가동률 민감도 기준
43770,B03,충청북도,음성군,재가노인복지시설 주야간보호,10,10,0,395.0,286,0.7240506329113924,0.7240506329113924,True,정원 대비 현원 가동률,0.0,2025-04-01,2026년 현재값이 아닌 과거 가동률 민감도 기준
43770,B06,충청북도,음성군,재가노인복지시설 복지용구,1,1,0,0.0,26,,,False,방문형·복지용구는 정원 대비 비율 해석 금지,,2025-04-01,2026년 현재값이 아닌 과거 가동률 민감도 기준
43770,C01,충청북도,음성군,재가장기요양기관 방문요양,14,14,0,70.0,456,6.514285714285714,,False,방문형·복지용구는 정원 대비 비율 해석 금지,,2025-04-01,2026년 현재값이 아닌 과거 가동률 민감도 기준
43770,C02,충청북도,음성군,재가장기요양기관 방문목욕,9,9,0,31.0,43,1.3870967741935485,,False,방문형·복지용구는 정원 대비 비율 해석 금지,,2025-04-01,2026년 현재값이 아닌 과거 가동률 민감도 기준
43770,C03,충청북도,음성군,재가장기요양기관 주야간보호,6,6,0,222.0,127,0.5720720720720721,0.5720720720720721,True,정원 대비 현원 가동률,0.0,2025-04-01,2026년 현재값이 아닌 과거 가동률 민감도 기준
43800,A03,충청북도,단양군,노인요양시설(개정법),4,4,0,162.0,146,0.9012345679012346,0.9012345679012346,True,정원 대비 현원 가동률,0.0,2025-04-01,2026년 현재값이 아닌 과거 가동률 민감도 기준
43800,A04,충청북도,단양군,노인요양공동생활가정,3,3,0,27.0,21,0.7777777777777778,0.7777777777777778,True,정원 대비 현원 가동률,0.0,2025-04-01,2026년 현재값이 아닌 과거 가동률 민감도 기준
43800,B01,충청북도,단양군,재가노인복지시설 방문요양,4,4,0,14.0,126,9.0,,False,방문형·복지용구는 정원 대비 비율 해석 금지,,2025-04-01,2026년 현재값이 아닌 과거 가동률 민감도 기준
43800,B02,충청북도,단양군,재가노인복지시설 방문목욕,1,1,0,0.0,47,,,False,방문형·복지용구는 정원 대비 비율 해석 금지,,2025-04-01,2026년 현재값이 아닌 과거 가동률 민감도 기준
43800,B06,충청북도,단양군,재가노인복지시설 복지용구,2,2,0,0.0,117,,,False,방문형·복지용구는 정원 대비 비율 해석 금지,,2025-04-01,2026년 현재값이 아닌 과거 가동률 민감도 기준
43800,C01,충청북도,단양군,재가장기요양기관 방문요양,4,4,0,0.0,206,,,False,방문형·복지용구는 정원 대비 비율 해석 금지,,2025-04-01,2026년 현재값이 아닌 과거 가동률 민감도 기준
43800,C02,충청북도,단양군,재가장기요양기관 방문목욕,4,4,0,0.0,113,,,False,방문형·복지용구는 정원 대비 비율 해석 금지,,2025-04-01,2026년 현재값이 아닌 과거 가동률 민감도 기준
43800,C03,충청북도,단양군,재가장기요양기관 주야간보호,1,1,0,15.0,9,0.6,0.6,True,정원 대비 현원 가동률,0.0,2025-04-01,2026년 현재값이 아닌 과거 가동률 민감도 기준
44131,A03,충청남도,천안시 동남구,노인요양시설(개정법),29,29,0,1524.0,1353,0.8877952755905512,0.8877952755905512,True,정원 대비 현원 가동률,0.0,2025-04-01,2026년 현재값이 아닌 과거 가동률 민감도 기준
44131,A04,충청남도,천안시 동남구,노인요양공동생활가정,12,12,0,105.0,96,0.9142857142857143,0.9142857142857143,True,정원 대비 현원 가동률,1.0,2025-04-01,2026년 현재값이 아닌 과거 가동률 민감도 기준
44131,B01,충청남도,천안시 동남구,재가노인복지시설 방문요양,23,23,0,0.0,477,,,False,방문형·복지용구는 정원 대비 비율 해석 금지,,2025-04-01,2026년 현재값이 아닌 과거 가동률 민감도 기준
44131,B02,충청남도,천안시 동남구,재가노인복지시설 방문목욕,11,11,0,0.0,32,,,False,방문형·복지용구는 정원 대비 비율 해석 금지,,2025-04-01,2026년 현재값이 아닌 과거 가동률 민감도 기준
44131,B03,충청남도,천안시 동남구,재가노인복지시설 주야간보호,23,23,0,749.0,552,0.7369826435246996,0.7369826435246996,True,정원 대비 현원 가동률,0.0,2025-04-01,2026년 현재값이 아닌 과거 가동률 민감도 기준
44131,B04,충청남도,천안시 동남구,재가노인복지시설 단기보호,1,1,0,6.0,2,0.3333333333333333,0.3333333333333333,True,정원 대비 현원 가동률,0.0,2025-04-01,2026년 현재값이 아닌 과거 가동률 민감도 기준
44131,B06,충청남도,천안시 동남구,재가노인복지시설 복지용구,2,2,0,0.0,0,,,False,방문형·복지용구는 정원 대비 비율 해석 금지,,2025-04-01,2026년 현재값이 아닌 과거 가동률 민감도 기준
44131,C01,충청남도,천안시 동남구,재가장기요양기관 방문요양,21,21,0,16.0,546,34.125,,False,방문형·복지용구는 정원 대비 비율 해석 금지,,2025-04-01,2026년 현재값이 아닌 과거 가동률 민감도 기준
44131,C02,충청남도,천안시 동남구,재가장기요양기관 방문목욕,15,15,0,16.0,160,10.0,,False,방문형·복지용구는 정원 대비 비율 해석 금지,,2025-04-01,2026년 현재값이 아닌 과거 가동률 민감도 기준
44131,C03,충청남도,천안시 동남구,재가장기요양기관 주야간보호,10,10,0,357.0,318,0.8907563025210085,0.8907563025210085,True,정원 대비 현원 가동률,0.0,2025-04-01,2026년 현재값이 아닌 과거 가동률 민감도 기준
44131,C05,충청남도,천안시 동남구,재가장기요양기관 방문간호,1,1,0,0.0,0,,,False,방문형·복지용구는 정원 대비 비율 해석 금지,,2025-04-01,2026년 현재값이 아닌 과거 가동률 민감도 기준
44131,C06,충청남도,천안시 동남구,재가장기요양기관 복지용구,1,1,0,0.0,70,,,False,방문형·복지용구는 정원 대비 비율 해석 금지,,2025-04-01,2026년 현재값이 아닌 과거 가동률 민감도 기준
44133,A03,충청남도,천안시 서북구,노인요양시설(개정법),37,37,0,1336.0,1092,0.8173652694610778,0.8173652694610778,True,정원 대비 현원 가동률,0.0,2025-04-01,2026년 현재값이 아닌 과거 가동률 민감도 기준
44133,A04,충청남도,천안시 서북구,노인요양공동생활가정,14,14,0,126.0,120,0.9523809523809523,0.9523809523809523,True,정원 대비 현원 가동률,1.0,2025-04-01,2026년 현재값이 아닌 과거 가동률 민감도 기준
44133,B01,충청남도,천안시 서북구,재가노인복지시설 방문요양,32,32,0,0.0,652,,,False,방문형·복지용구는 정원 대비 비율 해석 금지,,2025-04-01,2026년 현재값이 아닌 과거 가동률 민감도 기준
44133,B02,충청남도,천안시 서북구,재가노인복지시설 방문목욕,19,19,0,0.0,123,,,False,방문형·복지용구는 정원 대비 비율 해석 금지,,2025-04-01,2026년 현재값이 아닌 과거 가동률 민감도 기준
44133,B03,충청남도,천안시 서북구,재가노인복지시설 주야간보호,24,24,0,973.0,616,0.6330935251798561,0.6330935251798561,True,정원 대비 현원 가동률,0.0,2025-04-01,2026년 현재값이 아닌 과거 가동률 민감도 기준
44133,B05,충청남도,천안시 서북구,재가노인복지시설 방문간호,1,1,0,0.0,0,,,False,방문형·복지용구는 정원 대비 비율 해석 금지,,2025-04-01,2026년 현재값이 아닌 과거 가동률 민감도 기준
44133,B06,충청남도,천안시 서북구,재가노인복지시설 복지용구,2,2,0,0.0,207,,,False,방문형·복지용구는 정원 대비 비율 해석 금지,,2025-04-01,2026년 현재값이 아닌 과거 가동률 민감도 기준
44133,C01,충청남도,천안시 서북구,재가장기요양기관 방문요양,19,19,0,57.0,667,11.701754385964913,,False,방문형·복지용구는 정원 대비 비율 해석 금지,,2025-04-01,2026년 현재값이 아닌 과거 가동률 민감도 기준
44133,C02,충청남도,천안시 서북구,재가장기요양기관 방문목욕,14,14,0,57.0,276,4.842105263157895,,False,방문형·복지용구는 정원 대비 비율 해석 금지,,2025-04-01,2026년 현재값이 아닌 과거 가동률 민감도 기준
44133,C03,충청남도,천안시 서북구,재가장기요양기관 주야간보호,14,14,0,469.0,378,0.8059701492537313,0.8059701492537313,True,정원 대비 현원 가동률,2.0,2025-04-01,2026년 현재값이 아닌 과거 가동률 민감도 기준
44133,C06,충청남도,천안시 서북구,재가장기요양기관 복지용구,2,2,0,0.0,0,,,False,방문형·복지용구는 정원 대비 비율 해석 금지,,2025-04-01,2026년 현재값이 아닌 과거 가동률 민감도 기준
44150,A03,충청남도,공주시,노인요양시설(개정법),23,23,0,1080.0,837,0.775,0.775,True,정원 대비 현원 가동률,0.0,2025-04-01,2026년 현재값이 아닌 과거 가동률 민감도 기준
44150,A04,충청남도,공주시,노인요양공동생활가정,3,3,0,27.0,26,0.9629629629629629,0.9629629629629629,True,정원 대비 현원 가동률,0.0,2025-04-01,2026년 현재값이 아닌 과거 가동률 민감도 기준
44150,B01,충청남도,공주시,재가노인복지시설 방문요양,13,13,0,0.0,168,,,False,방문형·복지용구는 정원 대비 비율 해석 금지,,2025-04-01,2026년 현재값이 아닌 과거 가동률 민감도 기준
44150,B02,충청남도,공주시,재가노인복지시설 방문목욕,7,7,0,0.0,60,,,False,방문형·복지용구는 정원 대비 비율 해석 금지,,2025-04-01,2026년 현재값이 아닌 과거 가동률 민감도 기준
44150,B03,충청남도,공주시,재가노인복지시설 주야간보호,12,12,0,474.0,358,0.7552742616033755,0.7552742616033755,True,정원 대비 현원 가동률,0.0,2025-04-01,2026년 현재값이 아닌 과거 가동률 민감도 기준
44150,B06,충청남도,공주시,재가노인복지시설 복지용구,1,1,0,0.0,0,,,False,방문형·복지용구는 정원 대비 비율 해석 금지,,2025-04-01,2026년 현재값이 아닌 과거 가동률 민감도 기준
44150,C01,충청남도,공주시,재가장기요양기관 방문요양,30,30,0,0.0,1090,,,False,방문형·복지용구는 정원 대비 비율 해석 금지,,2025-04-01,2026년 현재값이 아닌 과거 가동률 민감도 기준
44150,C02,충청남도,공주시,재가장기요양기관 방문목욕,8,8,0,0.0,84,,,False,방문형·복지용구는 정원 대비 비율 해석 금지,,2025-04-01,2026년 현재값이 아닌 과거 가동률 민감도 기준
44150,C03,충청남도,공주시,재가장기요양기관 주야간보호,1,1,0,50.0,41,0.82,0.82,True,정원 대비 현원 가동률,0.0,2025-04-01,2026년 현재값이 아닌 과거 가동률 민감도 기준
44150,G31,충청남도,공주시,치매전담실가형1실,1,1,0,12.0,11,0.9166666666666666,0.9166666666666666,True,정원 대비 현원 가동률,0.0,2025-04-01,2026년 현재값이 아닌 과거 가동률 민감도 기준
44180,A03,충청남도,보령시,노인요양시설(개정법),7,7,0,354.0,257,0.7259887005649718,0.7259887005649718,True,정원 대비 현원 가동률,0.0,2025-04-01,2026년 현재값이 아닌 과거 가동률 민감도 기준
44180,A04,충청남도,보령시,노인요양공동생활가정,5,5,0,43.0,34,0.7906976744186046,0.7906976744186046,True,정원 대비 현원 가동률,0.0,2025-04-01,2026년 현재값이 아닌 과거 가동률 민감도 기준
44180,B01,충청남도,보령시,재가노인복지시설 방문요양,26,26,0,9999.0,671,0.0671067106710671,,False,방문형·복지용구는 정원 대비 비율 해석 금지,,2025-04-01,2026년 현재값이 아닌 과거 가동률 민감도 기준
44180,B02,충청남도,보령시,재가노인복지시설 방문목욕,14,14,0,0.0,196,,,False,방문형·복지용구는 정원 대비 비율 해석 금지,,2025-04-01,2026년 현재값이 아닌 과거 가동률 민감도 기준
44180,B03,충청남도,보령시,재가노인복지시설 주야간보호,7,7,0,366.0,276,0.7540983606557377,0.7540983606557377,True,정원 대비 현원 가동률,0.0,2025-04-01,2026년 현재값이 아닌 과거 가동률 민감도 기준
44180,B06,충청남도,보령시,재가노인복지시설 복지용구,1,1,0,0.0,49,,,False,방문형·복지용구는 정원 대비 비율 해석 금지,,2025-04-01,2026년 현재값이 아닌 과거 가동률 민감도 기준
44180,C01,충청남도,보령시,재가장기요양기관 방문요양,17,17,0,510.0,665,1.303921568627451,,False,방문형·복지용구는 정원 대비 비율 해석 금지,,2025-04-01,2026년 현재값이 아닌 과거 가동률 민감도 기준
44180,C02,충청남도,보령시,재가장기요양기관 방문목욕,11,11,0,100.0,66,0.66,,False,방문형·복지용구는 정원 대비 비율 해석 금지,,2025-04-01,2026년 현재값이 아닌 과거 가동률 민감도 기준
44180,C03,충청남도,보령시,재가장기요양기관 주야간보호,5,5,0,168.0,105,0.625,0.625,True,정원 대비 현원 가동률,0.0,2025-04-01,2026년 현재값이 아닌 과거 가동률 민감도 기준
44180,C05,충청남도,보령시,재가장기요양기관 방문간호,2,2,0,0.0,0,,,False,방문형·복지용구는 정원 대비 비율 해석 금지,,2025-04-01,2026년 현재값이 아닌 과거 가동률 민감도 기준
44180,C06,충청남도,보령시,재가장기요양기관 복지용구,1,1,0,0.0,0,,,False,방문형·복지용구는 정원 대비 비율 해석 금지,,2025-04-01,2026년 현재값이 아닌 과거 가동률 민감도 기준
44180,M31,충청남도,보령시,치매전담실나형1실,1,1,0,2.0,0,0.0,0.0,True,정원 대비 현원 가동률,0.0,2025-04-01,2026년 현재값이 아닌 과거 가동률 민감도 기준
44200,A03,충청남도,아산시,노인요양시설(개정법),36,36,0,1795.0,1267,0.705849582172702,0.705849582172702,True,정원 대비 현원 가동률,0.0,2025-04-01,2026년 현재값이 아닌 과거 가동률 민감도 기준
44200,A04,충청남도,아산시,노인요양공동생활가정,8,8,0,71.0,66,0.9295774647887324,0.9295774647887324,True,정원 대비 현원 가동률,0.0,2025-04-01,2026년 현재값이 아닌 과거 가동률 민감도 기준
44200,B01,충청남도,아산시,재가노인복지시설 방문요양,36,36,0,0.0,502,,,False,방문형·복지용구는 정원 대비 비율 해석 금지,,2025-04-01,2026년 현재값이 아닌 과거 가동률 민감도 기준
44200,B02,충청남도,아산시,재가노인복지시설 방문목욕,17,17,0,0.0,50,,,False,방문형·복지용구는 정원 대비 비율 해석 금지,,2025-04-01,2026년 현재값이 아닌 과거 가동률 민감도 기준
44200,B03,충청남도,아산시,재가노인복지시설 주야간보호,22,22,0,776.0,600,0.7731958762886598,0.7731958762886598,True,정원 대비 현원 가동률,1.0,2025-04-01,2026년 현재값이 아닌 과거 가동률 민감도 기준
44200,B04,충청남도,아산시,재가노인복지시설 단기보호,1,1,0,3.0,0,0.0,0.0,True,정원 대비 현원 가동률,0.0,2025-04-01,2026년 현재값이 아닌 과거 가동률 민감도 기준
44200,B05,충청남도,아산시,재가노인복지시설 방문간호,2,2,0,0.0,11,,,False,방문형·복지용구는 정원 대비 비율 해석 금지,,2025-04-01,2026년 현재값이 아닌 과거 가동률 민감도 기준
44200,B06,충청남도,아산시,재가노인복지시설 복지용구,2,2,0,0.0,5,,,False,방문형·복지용구는 정원 대비 비율 해석 금지,,2025-04-01,2026년 현재값이 아닌 과거 가동률 민감도 기준
44200,C01,충청남도,아산시,재가장기요양기관 방문요양,28,28,0,100.0,1108,11.08,,False,방문형·복지용구는 정원 대비 비율 해석 금지,,2025-04-01,2026년 현재값이 아닌 과거 가동률 민감도 기준
44200,C02,충청남도,아산시,재가장기요양기관 방문목욕,22,22,0,0.0,66,,,False,방문형·복지용구는 정원 대비 비율 해석 금지,,2025-04-01,2026년 현재값이 아닌 과거 가동률 민감도 기준
44200,C03,충청남도,아산시,재가장기요양기관 주야간보호,3,3,0,116.0,112,0.9655172413793104,0.9655172413793104,True,정원 대비 현원 가동률,0.0,2025-04-01,2026년 현재값이 아닌 과거 가동률 민감도 기준
44200,C05,충청남도,아산시,재가장기요양기관 방문간호,2,2,0,0.0,50,,,False,방문형·복지용구는 정원 대비 비율 해석 금지,,2025-04-01,2026년 현재값이 아닌 과거 가동률 민감도 기준
44200,G31,충청남도,아산시,치매전담실가형1실,1,1,0,7.0,0,0.0,0.0,True,정원 대비 현원 가동률,0.0,2025-04-01,2026년 현재값이 아닌 과거 가동률 민감도 기준
44210,A03,충청남도,서산시,노인요양시설(개정법),23,23,0,1221.0,1063,0.8705978705978706,0.8705978705978706,True,정원 대비 현원 가동률,1.0,2025-04-01,2026년 현재값이 아닌 과거 가동률 민감도 기준
44210,A04,충청남도,서산시,노인요양공동생활가정,4,4,0,36.0,34,0.9444444444444444,0.9444444444444444,True,정원 대비 현원 가동률,0.0,2025-04-01,2026년 현재값이 아닌 과거 가동률 민감도 기준
44210,B01,충청남도,서산시,재가노인복지시설 방문요양,40,40,0,30.0,965,32.166666666666664,,False,방문형·복지용구는 정원 대비 비율 해석 금지,,2025-04-01,2026년 현재값이 아닌 과거 가동률 민감도 기준
44210,B02,충청남도,서산시,재가노인복지시설 방문목욕,28,28,0,5.0,180,36.0,,False,방문형·복지용구는 정원 대비 비율 해석 금지,,2025-04-01,2026년 현재값이 아닌 과거 가동률 민감도 기준
44210,B03,충청남도,서산시,재가노인복지시설 주야간보호,15,15,0,576.0,441,0.765625,0.765625,True,정원 대비 현원 가동률,0.0,2025-04-01,2026년 현재값이 아닌 과거 가동률 민감도 기준
44210,B05,충청남도,서산시,재가노인복지시설 방문간호,1,1,0,0.0,0,,,False,방문형·복지용구는 정원 대비 비율 해석 금지,,2025-04-01,2026년 현재값이 아닌 과거 가동률 민감도 기준
44210,B06,충청남도,서산시,재가노인복지시설 복지용구,1,1,0,0.0,0,,,False,방문형·복지용구는 정원 대비 비율 해석 금지,,2025-04-01,2026년 현재값이 아닌 과거 가동률 민감도 기준
44210,C01,충청남도,서산시,재가장기요양기관 방문요양,26,26,0,255.0,1540,6.03921568627451,,False,방문형·복지용구는 정원 대비 비율 해석 금지,,2025-04-01,2026년 현재값이 아닌 과거 가동률 민감도 기준
44210,C02,충청남도,서산시,재가장기요양기관 방문목욕,22,22,0,140.0,648,4.628571428571429,,False,방문형·복지용구는 정원 대비 비율 해석 금지,,2025-04-01,2026년 현재값이 아닌 과거 가동률 민감도 기준
44210,C03,충청남도,서산시,재가장기요양기관 주야간보호,5,5,0,125.0,111,0.888,0.888,True,정원 대비 현원 가동률,1.0,2025-04-01,2026년 현재값이 아닌 과거 가동률 민감도 기준
44210,C05,충청남도,서산시,재가장기요양기관 방문간호,1,1,0,0.0,3,,,False,방문형·복지용구는 정원 대비 비율 해석 금지,,2025-04-01,2026년 현재값이 아닌 과거 가동률 민감도 기준
44210,C06,충청남도,서산시,재가장기요양기관 복지용구,2,2,0,0.0,0,,,False,방문형·복지용구는 정원 대비 비율 해석 금지,,2025-04-01,2026년 현재값이 아닌 과거 가동률 민감도 기준
44210,M31,충청남도,서산시,치매전담실나형1실,1,1,0,12.0,12,1.0,1.0,True,정원 대비 현원 가동률,0.0,2025-04-01,2026년 현재값이 아닌 과거 가동률 민감도 기준
44230,A03,충청남도,논산시,노인요양시설(개정법),28,28,0,1262.0,915,0.7250396196513471,0.7250396196513471,True,정원 대비 현원 가동률,0.0,2025-04-01,2026년 현재값이 아닌 과거 가동률 민감도 기준
44230,A04,충청남도,논산시,노인요양공동생활가정,8,8,0,72.0,58,0.8055555555555556,0.8055555555555556,True,정원 대비 현원 가동률,0.0,2025-04-01,2026년 현재값이 아닌 과거 가동률 민감도 기준
44230,B01,충청남도,논산시,재가노인복지시설 방문요양,29,29,0,20.0,431,21.55,,False,방문형·복지용구는 정원 대비 비율 해석 금지,,2025-04-01,2026년 현재값이 아닌 과거 가동률 민감도 기준
44230,B02,충청남도,논산시,재가노인복지시설 방문목욕,21,21,0,20.0,92,4.6,,False,방문형·복지용구는 정원 대비 비율 해석 금지,,2025-04-01,2026년 현재값이 아닌 과거 가동률 민감도 기준
44230,B03,충청남도,논산시,재가노인복지시설 주야간보호,21,21,0,660.0,408,0.6181818181818182,0.6181818181818182,True,정원 대비 현원 가동률,0.0,2025-04-01,2026년 현재값이 아닌 과거 가동률 민감도 기준
44230,B05,충청남도,논산시,재가노인복지시설 방문간호,2,2,0,0.0,26,,,False,방문형·복지용구는 정원 대비 비율 해석 금지,,2025-04-01,2026년 현재값이 아닌 과거 가동률 민감도 기준
44230,B06,충청남도,논산시,재가노인복지시설 복지용구,2,2,0,0.0,0,,,False,방문형·복지용구는 정원 대비 비율 해석 금지,,2025-04-01,2026년 현재값이 아닌 과거 가동률 민감도 기준
44230,C01,충청남도,논산시,재가장기요양기관 방문요양,32,32,0,6.0,788,131.33333333333334,,False,방문형·복지용구는 정원 대비 비율 해석 금지,,2025-04-01,2026년 현재값이 아닌 과거 가동률 민감도 기준
44230,C02,충청남도,논산시,재가장기요양기관 방문목욕,23,23,0,6.0,378,63.0,,False,방문형·복지용구는 정원 대비 비율 해석 금지,,2025-04-01,2026년 현재값이 아닌 과거 가동률 민감도 기준
44230,C03,충청남도,논산시,재가장기요양기관 주야간보호,24,24,0,758.0,615,0.8113456464379947,0.8113456464379947,True,정원 대비 현원 가동률,4.0,2025-04-01,2026년 현재값이 아닌 과거 가동률 민감도 기준
44230,C06,충청남도,논산시,재가장기요양기관 복지용구,2,2,0,0.0,11,,,False,방문형·복지용구는 정원 대비 비율 해석 금지,,2025-04-01,2026년 현재값이 아닌 과거 가동률 민감도 기준
44230,G31,충청남도,논산시,치매전담실가형1실,1,1,0,12.0,12,1.0,1.0,True,정원 대비 현원 가동률,0.0,2025-04-01,2026년 현재값이 아닌 과거 가동률 민감도 기준
44230,G32,충청남도,논산시,치매전담실가형2실,1,1,0,12.0,12,1.0,1.0,True,정원 대비 현원 가동률,0.0,2025-04-01,2026년 현재값이 아닌 과거 가동률 민감도 기준
44250,A03,충청남도,계룡시,노인요양시설(개정법),3,3,0,249.0,220,0.8835341365461847,0.8835341365461847,True,정원 대비 현원 가동률,0.0,2025-04-01,2026년 현재값이 아닌 과거 가동률 민감도 기준
44250,A04,충청남도,계룡시,노인요양공동생활가정,5,5,0,45.0,40,0.8888888888888888,0.8888888888888888,True,정원 대비 현원 가동률,0.0,2025-04-01,2026년 현재값이 아닌 과거 가동률 민감도 기준
44250,B01,충청남도,계룡시,재가노인복지시설 방문요양,5,5,0,35.0,70,2.0,,False,방문형·복지용구는 정원 대비 비율 해석 금지,,2025-04-01,2026년 현재값이 아닌 과거 가동률 민감도 기준
44250,B02,충청남도,계룡시,재가노인복지시설 방문목욕,2,2,0,0.0,3,,,False,방문형·복지용구는 정원 대비 비율 해석 금지,,2025-04-01,2026년 현재값이 아닌 과거 가동률 민감도 기준
44250,B03,충청남도,계룡시,재가노인복지시설 주야간보호,6,6,0,141.0,80,0.5673758865248227,0.5673758865248227,True,정원 대비 현원 가동률,1.0,2025-04-01,2026년 현재값이 아닌 과거 가동률 민감도 기준
44250,B04,충청남도,계룡시,재가노인복지시설 단기보호,1,1,0,4.0,0,0.0,0.0,True,정원 대비 현원 가동률,0.0,2025-04-01,2026년 현재값이 아닌 과거 가동률 민감도 기준
44250,C01,충청남도,계룡시,재가장기요양기관 방문요양,4,4,0,0.0,101,,,False,방문형·복지용구는 정원 대비 비율 해석 금지,,2025-04-01,2026년 현재값이 아닌 과거 가동률 민감도 기준
44250,C02,충청남도,계룡시,재가장기요양기관 방문목욕,2,2,0,0.0,1,,,False,방문형·복지용구는 정원 대비 비율 해석 금지,,2025-04-01,2026년 현재값이 아닌 과거 가동률 민감도 기준
44250,C03,충청남도,계룡시,재가장기요양기관 주야간보호,2,2,0,54.0,46,0.8518518518518519,0.8518518518518519,True,정원 대비 현원 가동률,0.0,2025-04-01,2026년 현재값이 아닌 과거 가동률 민감도 기준
44250,C06,충청남도,계룡시,재가장기요양기관 복지용구,1,1,0,0.0,45,,,False,방문형·복지용구는 정원 대비 비율 해석 금지,,2025-04-01,2026년 현재값이 아닌 과거 가동률 민감도 기준
44270,A03,충청남도,당진시,노인요양시설(개정법),16,16,0,1042.0,855,0.8205374280230326,0.8205374280230326,True,정원 대비 현원 가동률,0.0,2025-04-01,2026년 현재값이 아닌 과거 가동률 민감도 기준
44270,A04,충청남도,당진시,노인요양공동생활가정,7,7,0,63.0,63,1.0,1.0,True,정원 대비 현원 가동률,0.0,2025-04-01,2026년 현재값이 아닌 과거 가동률 민감도 기준
44270,B01,충청남도,당진시,재가노인복지시설 방문요양,24,24,0,0.0,629,,,False,방문형·복지용구는 정원 대비 비율 해석 금지,,2025-04-01,2026년 현재값이 아닌 과거 가동률 민감도 기준
44270,B02,충청남도,당진시,재가노인복지시설 방문목욕,16,16,0,0.0,13,,,False,방문형·복지용구는 정원 대비 비율 해석 금지,,2025-04-01,2026년 현재값이 아닌 과거 가동률 민감도 기준
44270,B03,충청남도,당진시,재가노인복지시설 주야간보호,13,13,0,382.0,310,0.8115183246073299,0.8115183246073299,True,정원 대비 현원 가동률,1.0,2025-04-01,2026년 현재값이 아닌 과거 가동률 민감도 기준
44270,B05,충청남도,당진시,재가노인복지시설 방문간호,1,1,0,0.0,8,,,False,방문형·복지용구는 정원 대비 비율 해석 금지,,2025-04-01,2026년 현재값이 아닌 과거 가동률 민감도 기준
44270,C01,충청남도,당진시,재가장기요양기관 방문요양,30,30,0,9.0,786,87.33333333333333,,False,방문형·복지용구는 정원 대비 비율 해석 금지,,2025-04-01,2026년 현재값이 아닌 과거 가동률 민감도 기준
44270,C02,충청남도,당진시,재가장기요양기관 방문목욕,15,15,0,0.0,246,,,False,방문형·복지용구는 정원 대비 비율 해석 금지,,2025-04-01,2026년 현재값이 아닌 과거 가동률 민감도 기준
44270,C03,충청남도,당진시,재가장기요양기관 주야간보호,22,22,0,689.0,580,0.841799709724238,0.841799709724238,True,정원 대비 현원 가동률,1.0,2025-04-01,2026년 현재값이 아닌 과거 가동률 민감도 기준
44270,C05,충청남도,당진시,재가장기요양기관 방문간호,1,1,0,0.0,0,,,False,방문형·복지용구는 정원 대비 비율 해석 금지,,2025-04-01,2026년 현재값이 아닌 과거 가동률 민감도 기준
44270,G31,충청남도,당진시,치매전담실가형1실,2,2,0,24.0,21,0.875,0.875,True,정원 대비 현원 가동률,0.0,2025-04-01,2026년 현재값이 아닌 과거 가동률 민감도 기준
44270,G32,충청남도,당진시,치매전담실가형2실,2,2,0,24.0,0,0.0,0.0,True,정원 대비 현원 가동률,0.0,2025-04-01,2026년 현재값이 아닌 과거 가동률 민감도 기준
44270,H31,충청남도,당진시,주야간보호내치매전담1실,2,2,0,33.0,29,0.8787878787878788,0.8787878787878788,True,정원 대비 현원 가동률,0.0,2025-04-01,2026년 현재값이 아닌 과거 가동률 민감도 기준
44270,M31,충청남도,당진시,치매전담실나형1실,3,3,0,36.0,34,0.9444444444444444,0.9444444444444444,True,정원 대비 현원 가동률,0.0,2025-04-01,2026년 현재값이 아닌 과거 가동률 민감도 기준
44270,M32,충청남도,당진시,치매전담실나형2실,2,2,0,24.0,22,0.9166666666666666,0.9166666666666666,True,정원 대비 현원 가동률,0.0,2025-04-01,2026년 현재값이 아닌 과거 가동률 민감도 기준
44270,M33,충청남도,당진시,치매전담실나형3실,2,2,0,24.0,21,0.875,0.875,True,정원 대비 현원 가동률,0.0,2025-04-01,2026년 현재값이 아닌 과거 가동률 민감도 기준
44270,M34,충청남도,당진시,치매전담실나형4실,2,2,0,24.0,22,0.9166666666666666,0.9166666666666666,True,정원 대비 현원 가동률,0.0,2025-04-01,2026년 현재값이 아닌 과거 가동률 민감도 기준
44710,A03,충청남도,금산군,노인요양시설(개정법),9,9,0,361.0,272,0.7534626038781164,0.7534626038781164,True,정원 대비 현원 가동률,0.0,2025-04-01,2026년 현재값이 아닌 과거 가동률 민감도 기준
44710,A04,충청남도,금산군,노인요양공동생활가정,16,16,0,144.0,117,0.8125,0.8125,True,정원 대비 현원 가동률,0.0,2025-04-01,2026년 현재값이 아닌 과거 가동률 민감도 기준
44710,B01,충청남도,금산군,재가노인복지시설 방문요양,15,15,0,0.0,223,,,False,방문형·복지용구는 정원 대비 비율 해석 금지,,2025-04-01,2026년 현재값이 아닌 과거 가동률 민감도 기준
44710,B02,충청남도,금산군,재가노인복지시설 방문목욕,11,11,0,0.0,62,,,False,방문형·복지용구는 정원 대비 비율 해석 금지,,2025-04-01,2026년 현재값이 아닌 과거 가동률 민감도 기준
44710,B03,충청남도,금산군,재가노인복지시설 주야간보호,15,15,0,442.0,369,0.834841628959276,0.834841628959276,True,정원 대비 현원 가동률,1.0,2025-04-01,2026년 현재값이 아닌 과거 가동률 민감도 기준
44710,B04,충청남도,금산군,재가노인복지시설 단기보호,1,1,0,9.0,0,0.0,0.0,True,정원 대비 현원 가동률,0.0,2025-04-01,2026년 현재값이 아닌 과거 가동률 민감도 기준
44710,B06,충청남도,금산군,재가노인복지시설 복지용구,1,1,0,0.0,0,,,False,방문형·복지용구는 정원 대비 비율 해석 금지,,2025-04-01,2026년 현재값이 아닌 과거 가동률 민감도 기준
44710,C01,충청남도,금산군,재가장기요양기관 방문요양,15,15,0,0.0,306,,,False,방문형·복지용구는 정원 대비 비율 해석 금지,,2025-04-01,2026년 현재값이 아닌 과거 가동률 민감도 기준
44710,C02,충청남도,금산군,재가장기요양기관 방문목욕,13,13,0,0.0,275,,,False,방문형·복지용구는 정원 대비 비율 해석 금지,,2025-04-01,2026년 현재값이 아닌 과거 가동률 민감도 기준
44710,C03,충청남도,금산군,재가장기요양기관 주야간보호,8,8,0,252.0,220,0.873015873015873,0.873015873015873,True,정원 대비 현원 가동률,1.0,2025-04-01,2026년 현재값이 아닌 과거 가동률 민감도 기준
44710,C05,충청남도,금산군,재가장기요양기관 방문간호,1,1,0,0.0,0,,,False,방문형·복지용구는 정원 대비 비율 해석 금지,,2025-04-01,2026년 현재값이 아닌 과거 가동률 민감도 기준
44760,A03,충청남도,부여군,노인요양시설(개정법),13,13,0,639.0,523,0.8184663536776213,0.8184663536776213,True,정원 대비 현원 가동률,0.0,2025-04-01,2026년 현재값이 아닌 과거 가동률 민감도 기준
44760,A04,충청남도,부여군,노인요양공동생활가정,4,4,0,36.0,30,0.8333333333333334,0.8333333333333334,True,정원 대비 현원 가동률,0.0,2025-04-01,2026년 현재값이 아닌 과거 가동률 민감도 기준
44760,B01,충청남도,부여군,재가노인복지시설 방문요양,11,11,0,40.0,259,6.475,,False,방문형·복지용구는 정원 대비 비율 해석 금지,,2025-04-01,2026년 현재값이 아닌 과거 가동률 민감도 기준
44760,B02,충청남도,부여군,재가노인복지시설 방문목욕,4,4,0,3.0,165,55.0,,False,방문형·복지용구는 정원 대비 비율 해석 금지,,2025-04-01,2026년 현재값이 아닌 과거 가동률 민감도 기준
44760,B03,충청남도,부여군,재가노인복지시설 주야간보호,8,8,0,260.0,191,0.7346153846153847,0.7346153846153847,True,정원 대비 현원 가동률,2.0,2025-04-01,2026년 현재값이 아닌 과거 가동률 민감도 기준
44760,C01,충청남도,부여군,재가장기요양기관 방문요양,13,13,0,42.0,450,10.714285714285714,,False,방문형·복지용구는 정원 대비 비율 해석 금지,,2025-04-01,2026년 현재값이 아닌 과거 가동률 민감도 기준
44760,C02,충청남도,부여군,재가장기요양기관 방문목욕,11,11,0,11.0,405,36.81818181818182,,False,방문형·복지용구는 정원 대비 비율 해석 금지,,2025-04-01,2026년 현재값이 아닌 과거 가동률 민감도 기준
44760,C03,충청남도,부여군,재가장기요양기관 주야간보호,10,10,0,283.0,269,0.950530035335689,0.950530035335689,True,정원 대비 현원 가동률,1.0,2025-04-01,2026년 현재값이 아닌 과거 가동률 민감도 기준
44760,C04,충청남도,부여군,재가장기요양기관 단기보호,1,1,0,4.0,0,0.0,0.0,True,정원 대비 현원 가동률,0.0,2025-04-01,2026년 현재값이 아닌 과거 가동률 민감도 기준
44760,C05,충청남도,부여군,재가장기요양기관 방문간호,2,2,0,0.0,16,,,False,방문형·복지용구는 정원 대비 비율 해석 금지,,2025-04-01,2026년 현재값이 아닌 과거 가동률 민감도 기준
44760,G31,충청남도,부여군,치매전담실가형1실,2,2,0,32.0,32,1.0,1.0,True,정원 대비 현원 가동률,0.0,2025-04-01,2026년 현재값이 아닌 과거 가동률 민감도 기준
44760,G32,충청남도,부여군,치매전담실가형2실,1,1,0,16.0,16,1.0,1.0,True,정원 대비 현원 가동률,0.0,2025-04-01,2026년 현재값이 아닌 과거 가동률 민감도 기준
44760,I31,충청남도,부여군,주야간보호내치매전담1실,3,3,0,70.0,61,0.8714285714285714,0.8714285714285714,True,정원 대비 현원 가동률,0.0,2025-04-01,2026년 현재값이 아닌 과거 가동률 민감도 기준
44760,I32,충청남도,부여군,주야간보호내치매전담2실,1,1,0,25.0,25,1.0,1.0,True,정원 대비 현원 가동률,0.0,2025-04-01,2026년 현재값이 아닌 과거 가동률 민감도 기준
44770,A03,충청남도,서천군,노인요양시설(개정법),10,10,0,443.0,337,0.7607223476297968,0.7607223476297968,True,정원 대비 현원 가동률,0.0,2025-04-01,2026년 현재값이 아닌 과거 가동률 민감도 기준
44770,A04,충청남도,서천군,노인요양공동생활가정,3,3,0,27.0,22,0.8148148148148148,0.8148148148148148,True,정원 대비 현원 가동률,0.0,2025-04-01,2026년 현재값이 아닌 과거 가동률 민감도 기준
44770,B01,충청남도,서천군,재가노인복지시설 방문요양,23,23,0,83.0,358,4.313253012048193,,False,방문형·복지용구는 정원 대비 비율 해석 금지,,2025-04-01,2026년 현재값이 아닌 과거 가동률 민감도 기준
44770,B02,충청남도,서천군,재가노인복지시설 방문목욕,11,11,0,0.0,0,,,False,방문형·복지용구는 정원 대비 비율 해석 금지,,2025-04-01,2026년 현재값이 아닌 과거 가동률 민감도 기준
44770,B03,충청남도,서천군,재가노인복지시설 주야간보호,12,12,0,358.0,231,0.6452513966480447,0.6452513966480447,True,정원 대비 현원 가동률,2.0,2025-04-01,2026년 현재값이 아닌 과거 가동률 민감도 기준
44770,B04,충청남도,서천군,재가노인복지시설 단기보호,2,2,0,9.0,1,0.1111111111111111,0.1111111111111111,True,정원 대비 현원 가동률,0.0,2025-04-01,2026년 현재값이 아닌 과거 가동률 민감도 기준
44770,C01,충청남도,서천군,재가장기요양기관 방문요양,14,14,0,4.0,752,188.0,,False,방문형·복지용구는 정원 대비 비율 해석 금지,,2025-04-01,2026년 현재값이 아닌 과거 가동률 민감도 기준
44770,C02,충청남도,서천군,재가장기요양기관 방문목욕,7,7,0,0.0,248,,,False,방문형·복지용구는 정원 대비 비율 해석 금지,,2025-04-01,2026년 현재값이 아닌 과거 가동률 민감도 기준
44770,C03,충청남도,서천군,재가장기요양기관 주야간보호,3,3,0,60.0,39,0.65,0.65,True,정원 대비 현원 가동률,0.0,2025-04-01,2026년 현재값이 아닌 과거 가동률 민감도 기준
44770,G31,충청남도,서천군,치매전담실가형1실,2,2,0,18.0,8,0.4444444444444444,0.4444444444444444,True,정원 대비 현원 가동률,0.0,2025-04-01,2026년 현재값이 아닌 과거 가동률 민감도 기준
44770,G32,충청남도,서천군,치매전담실가형2실,2,2,0,22.0,12,0.5454545454545454,0.5454545454545454,True,정원 대비 현원 가동률,0.0,2025-04-01,2026년 현재값이 아닌 과거 가동률 민감도 기준
44770,H31,충청남도,서천군,주야간보호내치매전담1실,2,2,0,37.0,25,0.6756756756756757,0.6756756756756757,True,정원 대비 현원 가동률,0.0,2025-04-01,2026년 현재값이 아닌 과거 가동률 민감도 기준
44790,A03,충청남도,청양군,노인요양시설(개정법),5,5,0,229.0,197,0.8602620087336245,0.8602620087336245,True,정원 대비 현원 가동률,0.0,2025-04-01,2026년 현재값이 아닌 과거 가동률 민감도 기준
44790,A04,충청남도,청양군,노인요양공동생활가정,2,2,0,18.0,16,0.8888888888888888,0.8888888888888888,True,정원 대비 현원 가동률,0.0,2025-04-01,2026년 현재값이 아닌 과거 가동률 민감도 기준
44790,B01,충청남도,청양군,재가노인복지시설 방문요양,6,6,0,0.0,92,,,False,방문형·복지용구는 정원 대비 비율 해석 금지,,2025-04-01,2026년 현재값이 아닌 과거 가동률 민감도 기준
44790,B02,충청남도,청양군,재가노인복지시설 방문목욕,1,1,0,0.0,0,,,False,방문형·복지용구는 정원 대비 비율 해석 금지,,2025-04-01,2026년 현재값이 아닌 과거 가동률 민감도 기준
44790,B03,충청남도,청양군,재가노인복지시설 주야간보호,6,6,0,251.0,188,0.749003984063745,0.749003984063745,True,정원 대비 현원 가동률,0.0,2025-04-01,2026년 현재값이 아닌 과거 가동률 민감도 기준
44790,B04,충청남도,청양군,재가노인복지시설 단기보호,1,1,0,6.0,0,0.0,0.0,True,정원 대비 현원 가동률,0.0,2025-04-01,2026년 현재값이 아닌 과거 가동률 민감도 기준
44790,C01,충청남도,청양군,재가장기요양기관 방문요양,10,10,0,0.0,151,,,False,방문형·복지용구는 정원 대비 비율 해석 금지,,2025-04-01,2026년 현재값이 아닌 과거 가동률 민감도 기준
44790,C02,충청남도,청양군,재가장기요양기관 방문목욕,9,9,0,0.0,80,,,False,방문형·복지용구는 정원 대비 비율 해석 금지,,2025-04-01,2026년 현재값이 아닌 과거 가동률 민감도 기준
44790,C03,충청남도,청양군,재가장기요양기관 주야간보호,2,2,0,33.0,31,0.9393939393939394,0.9393939393939394,True,정원 대비 현원 가동률,0.0,2025-04-01,2026년 현재값이 아닌 과거 가동률 민감도 기준
44800,A03,충청남도,홍성군,노인요양시설(개정법),11,11,0,580.0,473,0.8155172413793104,0.8155172413793104,True,정원 대비 현원 가동률,1.0,2025-04-01,2026년 현재값이 아닌 과거 가동률 민감도 기준
44800,A04,충청남도,홍성군,노인요양공동생활가정,3,3,0,26.0,21,0.8076923076923077,0.8076923076923077,True,정원 대비 현원 가동률,0.0,2025-04-01,2026년 현재값이 아닌 과거 가동률 민감도 기준
44800,B01,충청남도,홍성군,재가노인복지시설 방문요양,16,16,0,0.0,349,,,False,방문형·복지용구는 정원 대비 비율 해석 금지,,2025-04-01,2026년 현재값이 아닌 과거 가동률 민감도 기준
44800,B02,충청남도,홍성군,재가노인복지시설 방문목욕,9,9,0,0.0,111,,,False,방문형·복지용구는 정원 대비 비율 해석 금지,,2025-04-01,2026년 현재값이 아닌 과거 가동률 민감도 기준
44800,B03,충청남도,홍성군,재가노인복지시설 주야간보호,12,12,0,420.0,329,0.7833333333333333,0.7833333333333333,True,정원 대비 현원 가동률,1.0,2025-04-01,2026년 현재값이 아닌 과거 가동률 민감도 기준
44800,C01,충청남도,홍성군,재가장기요양기관 방문요양,21,21,0,0.0,682,,,False,방문형·복지용구는 정원 대비 비율 해석 금지,,2025-04-01,2026년 현재값이 아닌 과거 가동률 민감도 기준
44800,C02,충청남도,홍성군,재가장기요양기관 방문목욕,13,13,0,0.0,248,,,False,방문형·복지용구는 정원 대비 비율 해석 금지,,2025-04-01,2026년 현재값이 아닌 과거 가동률 민감도 기준
44800,C03,충청남도,홍성군,재가장기요양기관 주야간보호,10,10,0,295.0,220,0.7457627118644068,0.7457627118644068,True,정원 대비 현원 가동률,1.0,2025-04-01,2026년 현재값이 아닌 과거 가동률 민감도 기준
44800,C05,충청남도,홍성군,재가장기요양기관 방문간호,2,2,0,0.0,70,,,False,방문형·복지용구는 정원 대비 비율 해석 금지,,2025-04-01,2026년 현재값이 아닌 과거 가동률 민감도 기준
44800,C06,충청남도,홍성군,재가장기요양기관 복지용구,3,3,0,0.0,19,,,False,방문형·복지용구는 정원 대비 비율 해석 금지,,2025-04-01,2026년 현재값이 아닌 과거 가동률 민감도 기준
44810,A03,충청남도,예산군,노인요양시설(개정법),19,19,0,812.0,646,0.7955665024630542,0.7955665024630542,True,정원 대비 현원 가동률,0.0,2025-04-01,2026년 현재값이 아닌 과거 가동률 민감도 기준
44810,A04,충청남도,예산군,노인요양공동생활가정,5,5,0,42.0,22,0.5238095238095238,0.5238095238095238,True,정원 대비 현원 가동률,0.0,2025-04-01,2026년 현재값이 아닌 과거 가동률 민감도 기준
44810,B01,충청남도,예산군,재가노인복지시설 방문요양,21,21,0,428.0,400,0.9345794392523364,,False,방문형·복지용구는 정원 대비 비율 해석 금지,,2025-04-01,2026년 현재값이 아닌 과거 가동률 민감도 기준
44810,B02,충청남도,예산군,재가노인복지시설 방문목욕,12,12,0,50.0,4,0.08,,False,방문형·복지용구는 정원 대비 비율 해석 금지,,2025-04-01,2026년 현재값이 아닌 과거 가동률 민감도 기준
44810,B03,충청남도,예산군,재가노인복지시설 주야간보호,11,11,0,473.0,281,0.5940803382663847,0.5940803382663847,True,정원 대비 현원 가동률,0.0,2025-04-01,2026년 현재값이 아닌 과거 가동률 민감도 기준
44810,B05,충청남도,예산군,재가노인복지시설 방문간호,1,1,0,0.0,29,,,False,방문형·복지용구는 정원 대비 비율 해석 금지,,2025-04-01,2026년 현재값이 아닌 과거 가동률 민감도 기준
44810,C01,충청남도,예산군,재가장기요양기관 방문요양,18,18,0,300.0,682,2.2733333333333334,,False,방문형·복지용구는 정원 대비 비율 해석 금지,,2025-04-01,2026년 현재값이 아닌 과거 가동률 민감도 기준
44810,C02,충청남도,예산군,재가장기요양기관 방문목욕,12,12,0,250.0,363,1.452,,False,방문형·복지용구는 정원 대비 비율 해석 금지,,2025-04-01,2026년 현재값이 아닌 과거 가동률 민감도 기준
44810,C03,충청남도,예산군,재가장기요양기관 주야간보호,10,10,0,274.0,184,0.6715328467153284,0.6715328467153284,True,정원 대비 현원 가동률,0.0,2025-04-01,2026년 현재값이 아닌 과거 가동률 민감도 기준
44810,C05,충청남도,예산군,재가장기요양기관 방문간호,1,1,0,100.0,0,0.0,,False,방문형·복지용구는 정원 대비 비율 해석 금지,,2025-04-01,2026년 현재값이 아닌 과거 가동률 민감도 기준
44810,C06,충청남도,예산군,재가장기요양기관 복지용구,2,2,0,0.0,0,,,False,방문형·복지용구는 정원 대비 비율 해석 금지,,2025-04-01,2026년 현재값이 아닌 과거 가동률 민감도 기준
44810,I31,충청남도,예산군,주야간보호내치매전담1실,1,1,0,8.0,8,1.0,1.0,True,정원 대비 현원 가동률,0.0,2025-04-01,2026년 현재값이 아닌 과거 가동률 민감도 기준
44825,A03,충청남도,태안군,노인요양시설(개정법),11,11,0,507.0,326,0.6429980276134122,0.6429980276134122,True,정원 대비 현원 가동률,0.0,2025-04-01,2026년 현재값이 아닌 과거 가동률 민감도 기준
44825,A04,충청남도,태안군,노인요양공동생활가정,2,2,0,18.0,13,0.7222222222222222,0.7222222222222222,True,정원 대비 현원 가동률,0.0,2025-04-01,2026년 현재값이 아닌 과거 가동률 민감도 기준
44825,B01,충청남도,태안군,재가노인복지시설 방문요양,12,12,0,5.0,166,33.2,,False,방문형·복지용구는 정원 대비 비율 해석 금지,,2025-04-01,2026년 현재값이 아닌 과거 가동률 민감도 기준
44825,B02,충청남도,태안군,재가노인복지시설 방문목욕,7,7,0,0.0,42,,,False,방문형·복지용구는 정원 대비 비율 해석 금지,,2025-04-01,2026년 현재값이 아닌 과거 가동률 민감도 기준
44825,B03,충청남도,태안군,재가노인복지시설 주야간보호,5,5,0,214.0,132,0.616822429906542,0.616822429906542,True,정원 대비 현원 가동률,1.0,2025-04-01,2026년 현재값이 아닌 과거 가동률 민감도 기준
44825,B04,충청남도,태안군,재가노인복지시설 단기보호,1,1,0,10.0,0,0.0,0.0,True,정원 대비 현원 가동률,0.0,2025-04-01,2026년 현재값이 아닌 과거 가동률 민감도 기준
44825,B06,충청남도,태안군,재가노인복지시설 복지용구,2,2,0,0.0,150,,,False,방문형·복지용구는 정원 대비 비율 해석 금지,,2025-04-01,2026년 현재값이 아닌 과거 가동률 민감도 기준
44825,C01,충청남도,태안군,재가장기요양기관 방문요양,12,12,0,100.0,529,5.29,,False,방문형·복지용구는 정원 대비 비율 해석 금지,,2025-04-01,2026년 현재값이 아닌 과거 가동률 민감도 기준
44825,C02,충청남도,태안군,재가장기요양기관 방문목욕,11,11,0,98.0,253,2.5816326530612246,,False,방문형·복지용구는 정원 대비 비율 해석 금지,,2025-04-01,2026년 현재값이 아닌 과거 가동률 민감도 기준
44825,C03,충청남도,태안군,재가장기요양기관 주야간보호,1,1,0,40.0,35,0.875,0.875,True,정원 대비 현원 가동률,0.0,2025-04-01,2026년 현재값이 아닌 과거 가동률 민감도 기준
44825,C05,충청남도,태안군,재가장기요양기관 방문간호,2,2,0,0.0,1,,,False,방문형·복지용구는 정원 대비 비율 해석 금지,,2025-04-01,2026년 현재값이 아닌 과거 가동률 민감도 기준
44825,C06,충청남도,태안군,재가장기요양기관 복지용구,1,1,0,0.0,192,,,False,방문형·복지용구는 정원 대비 비율 해석 금지,,2025-04-01,2026년 현재값이 아닌 과거 가동률 민감도 기준
46110,A03,전라남도,목포시,노인요양시설(개정법),26,26,0,1041.0,855,0.8213256484149856,0.8213256484149856,True,정원 대비 현원 가동률,2.0,2025-04-01,2026년 현재값이 아닌 과거 가동률 민감도 기준
46110,A04,전라남도,목포시,노인요양공동생활가정,7,7,0,62.0,55,0.8870967741935484,0.8870967741935484,True,정원 대비 현원 가동률,1.0,2025-04-01,2026년 현재값이 아닌 과거 가동률 민감도 기준
46110,B01,전라남도,목포시,재가노인복지시설 방문요양,36,36,0,0.0,803,,,False,방문형·복지용구는 정원 대비 비율 해석 금지,,2025-04-01,2026년 현재값이 아닌 과거 가동률 민감도 기준
46110,B02,전라남도,목포시,재가노인복지시설 방문목욕,17,17,0,0.0,14,,,False,방문형·복지용구는 정원 대비 비율 해석 금지,,2025-04-01,2026년 현재값이 아닌 과거 가동률 민감도 기준
46110,B03,전라남도,목포시,재가노인복지시설 주야간보호,19,19,0,798.0,678,0.849624060150376,0.849624060150376,True,정원 대비 현원 가동률,5.0,2025-04-01,2026년 현재값이 아닌 과거 가동률 민감도 기준
46110,B05,전라남도,목포시,재가노인복지시설 방문간호,1,1,0,0.0,21,,,False,방문형·복지용구는 정원 대비 비율 해석 금지,,2025-04-01,2026년 현재값이 아닌 과거 가동률 민감도 기준
46110,B06,전라남도,목포시,재가노인복지시설 복지용구,2,2,0,0.0,0,,,False,방문형·복지용구는 정원 대비 비율 해석 금지,,2025-04-01,2026년 현재값이 아닌 과거 가동률 민감도 기준
46110,C01,전라남도,목포시,재가장기요양기관 방문요양,22,22,0,0.0,928,,,False,방문형·복지용구는 정원 대비 비율 해석 금지,,2025-04-01,2026년 현재값이 아닌 과거 가동률 민감도 기준
46110,C02,전라남도,목포시,재가장기요양기관 방문목욕,13,13,0,0.0,134,,,False,방문형·복지용구는 정원 대비 비율 해석 금지,,2025-04-01,2026년 현재값이 아닌 과거 가동률 민감도 기준
46110,C03,전라남도,목포시,재가장기요양기관 주야간보호,3,3,0,66.0,43,0.6515151515151515,0.6515151515151515,True,정원 대비 현원 가동률,0.0,2025-04-01,2026년 현재값이 아닌 과거 가동률 민감도 기준
46110,C06,전라남도,목포시,재가장기요양기관 복지용구,1,1,0,0.0,0,,,False,방문형·복지용구는 정원 대비 비율 해석 금지,,2025-04-01,2026년 현재값이 아닌 과거 가동률 민감도 기준
46110,G31,전라남도,목포시,치매전담실가형1실,1,1,0,10.0,10,1.0,1.0,True,정원 대비 현원 가동률,0.0,2025-04-01,2026년 현재값이 아닌 과거 가동률 민감도 기준
46110,G32,전라남도,목포시,치매전담실가형2실,1,1,0,10.0,10,1.0,1.0,True,정원 대비 현원 가동률,0.0,2025-04-01,2026년 현재값이 아닌 과거 가동률 민감도 기준
46110,G33,전라남도,목포시,치매전담실가형3실,1,1,0,10.0,10,1.0,1.0,True,정원 대비 현원 가동률,0.0,2025-04-01,2026년 현재값이 아닌 과거 가동률 민감도 기준
46130,A03,전라남도,여수시,노인요양시설(개정법),23,23,0,853.0,774,0.9073856975381008,0.9073856975381008,True,정원 대비 현원 가동률,0.0,2025-04-01,2026년 현재값이 아닌 과거 가동률 민감도 기준
46130,A04,전라남도,여수시,노인요양공동생활가정,9,9,0,80.0,79,0.9875,0.9875,True,정원 대비 현원 가동률,0.0,2025-04-01,2026년 현재값이 아닌 과거 가동률 민감도 기준
46130,B01,전라남도,여수시,재가노인복지시설 방문요양,36,36,0,54.0,902,16.703703703703702,,False,방문형·복지용구는 정원 대비 비율 해석 금지,,2025-04-01,2026년 현재값이 아닌 과거 가동률 민감도 기준
46130,B02,전라남도,여수시,재가노인복지시설 방문목욕,11,11,0,3.0,56,18.666666666666668,,False,방문형·복지용구는 정원 대비 비율 해석 금지,,2025-04-01,2026년 현재값이 아닌 과거 가동률 민감도 기준
46130,B03,전라남도,여수시,재가노인복지시설 주야간보호,20,20,0,977.0,676,0.691914022517912,0.691914022517912,True,정원 대비 현원 가동률,1.0,2025-04-01,2026년 현재값이 아닌 과거 가동률 민감도 기준
46130,B06,전라남도,여수시,재가노인복지시설 복지용구,1,1,0,0.0,7,,,False,방문형·복지용구는 정원 대비 비율 해석 금지,,2025-04-01,2026년 현재값이 아닌 과거 가동률 민감도 기준
46130,C01,전라남도,여수시,재가장기요양기관 방문요양,44,44,0,10038.0,1404,0.13986849970113568,,False,방문형·복지용구는 정원 대비 비율 해석 금지,,2025-04-01,2026년 현재값이 아닌 과거 가동률 민감도 기준
46130,C02,전라남도,여수시,재가장기요양기관 방문목욕,20,20,0,2.0,107,53.5,,False,방문형·복지용구는 정원 대비 비율 해석 금지,,2025-04-01,2026년 현재값이 아닌 과거 가동률 민감도 기준
46130,C03,전라남도,여수시,재가장기요양기관 주야간보호,17,17,0,739.0,581,0.7861975642760487,0.7861975642760487,True,정원 대비 현원 가동률,2.0,2025-04-01,2026년 현재값이 아닌 과거 가동률 민감도 기준
46130,C05,전라남도,여수시,재가장기요양기관 방문간호,1,1,0,0.0,0,,,False,방문형·복지용구는 정원 대비 비율 해석 금지,,2025-04-01,2026년 현재값이 아닌 과거 가동률 민감도 기준
46130,H31,전라남도,여수시,주야간보호내치매전담1실,1,1,0,20.0,0,0.0,0.0,True,정원 대비 현원 가동률,0.0,2025-04-01,2026년 현재값이 아닌 과거 가동률 민감도 기준
46130,M31,전라남도,여수시,치매전담실나형1실,2,2,0,15.0,8,0.5333333333333333,0.5333333333333333,True,정원 대비 현원 가동률,0.0,2025-04-01,2026년 현재값이 아닌 과거 가동률 민감도 기준
46130,M32,전라남도,여수시,치매전담실나형2실,1,1,0,12.0,12,1.0,1.0,True,정원 대비 현원 가동률,0.0,2025-04-01,2026년 현재값이 아닌 과거 가동률 민감도 기준
46130,S41,전라남도,여수시,치매전담형노인요양공동생활가정,1,1,0,9.0,9,1.0,1.0,True,정원 대비 현원 가동률,0.0,2025-04-01,2026년 현재값이 아닌 과거 가동률 민감도 기준
46150,A03,전라남도,순천시,노인요양시설(개정법),27,27,0,1118.0,975,0.872093023255814,0.872093023255814,True,정원 대비 현원 가동률,1.0,2025-04-01,2026년 현재값이 아닌 과거 가동률 민감도 기준
46150,A04,전라남도,순천시,노인요양공동생활가정,7,7,0,63.0,58,0.9206349206349206,0.9206349206349206,True,정원 대비 현원 가동률,1.0,2025-04-01,2026년 현재값이 아닌 과거 가동률 민감도 기준
46150,B01,전라남도,순천시,재가노인복지시설 방문요양,37,37,0,114.0,508,4.456140350877193,,False,방문형·복지용구는 정원 대비 비율 해석 금지,,2025-04-01,2026년 현재값이 아닌 과거 가동률 민감도 기준
46150,B02,전라남도,순천시,재가노인복지시설 방문목욕,22,22,0,79.0,178,2.2531645569620253,,False,방문형·복지용구는 정원 대비 비율 해석 금지,,2025-04-01,2026년 현재값이 아닌 과거 가동률 민감도 기준
46150,B03,전라남도,순천시,재가노인복지시설 주야간보호,29,29,0,1215.0,855,0.7037037037037037,0.7037037037037037,True,정원 대비 현원 가동률,2.0,2025-04-01,2026년 현재값이 아닌 과거 가동률 민감도 기준
46150,B04,전라남도,순천시,재가노인복지시설 단기보호,1,1,0,5.0,3,0.6,0.6,True,정원 대비 현원 가동률,0.0,2025-04-01,2026년 현재값이 아닌 과거 가동률 민감도 기준
46150,B05,전라남도,순천시,재가노인복지시설 방문간호,1,1,0,0.0,9,,,False,방문형·복지용구는 정원 대비 비율 해석 금지,,2025-04-01,2026년 현재값이 아닌 과거 가동률 민감도 기준
46150,C01,전라남도,순천시,재가장기요양기관 방문요양,35,35,0,0.0,973,,,False,방문형·복지용구는 정원 대비 비율 해석 금지,,2025-04-01,2026년 현재값이 아닌 과거 가동률 민감도 기준
46150,C02,전라남도,순천시,재가장기요양기관 방문목욕,27,27,0,0.0,265,,,False,방문형·복지용구는 정원 대비 비율 해석 금지,,2025-04-01,2026년 현재값이 아닌 과거 가동률 민감도 기준
46150,C03,전라남도,순천시,재가장기요양기관 주야간보호,18,18,0,562.0,486,0.8647686832740213,0.8647686832740213,True,정원 대비 현원 가동률,1.0,2025-04-01,2026년 현재값이 아닌 과거 가동률 민감도 기준
46150,C05,전라남도,순천시,재가장기요양기관 방문간호,3,3,0,0.0,37,,,False,방문형·복지용구는 정원 대비 비율 해석 금지,,2025-04-01,2026년 현재값이 아닌 과거 가동률 민감도 기준
46150,G31,전라남도,순천시,치매전담실가형1실,4,4,0,50.0,23,0.46,0.46,True,정원 대비 현원 가동률,0.0,2025-04-01,2026년 현재값이 아닌 과거 가동률 민감도 기준
46150,G32,전라남도,순천시,치매전담실가형2실,2,2,0,24.0,12,0.5,0.5,True,정원 대비 현원 가동률,0.0,2025-04-01,2026년 현재값이 아닌 과거 가동률 민감도 기준
46150,H31,전라남도,순천시,주야간보호내치매전담1실,3,3,0,42.0,38,0.9047619047619048,0.9047619047619048,True,정원 대비 현원 가동률,0.0,2025-04-01,2026년 현재값이 아닌 과거 가동률 민감도 기준
46170,A03,전라남도,나주시,노인요양시설(개정법),19,19,0,719.0,534,0.7426981919332406,0.7426981919332406,True,정원 대비 현원 가동률,0.0,2025-04-01,2026년 현재값이 아닌 과거 가동률 민감도 기준
46170,A04,전라남도,나주시,노인요양공동생활가정,3,3,0,27.0,26,0.9629629629629629,0.9629629629629629,True,정원 대비 현원 가동률,0.0,2025-04-01,2026년 현재값이 아닌 과거 가동률 민감도 기준
46170,B01,전라남도,나주시,재가노인복지시설 방문요양,32,32,0,45.0,785,17.444444444444443,,False,방문형·복지용구는 정원 대비 비율 해석 금지,,2025-04-01,2026년 현재값이 아닌 과거 가동률 민감도 기준
46170,B02,전라남도,나주시,재가노인복지시설 방문목욕,19,19,0,0.0,187,,,False,방문형·복지용구는 정원 대비 비율 해석 금지,,2025-04-01,2026년 현재값이 아닌 과거 가동률 민감도 기준
46170,B03,전라남도,나주시,재가노인복지시설 주야간보호,15,15,0,352.0,247,0.7017045454545454,0.7017045454545454,True,정원 대비 현원 가동률,1.0,2025-04-01,2026년 현재값이 아닌 과거 가동률 민감도 기준
46170,C01,전라남도,나주시,재가장기요양기관 방문요양,22,22,0,0.0,680,,,False,방문형·복지용구는 정원 대비 비율 해석 금지,,2025-04-01,2026년 현재값이 아닌 과거 가동률 민감도 기준
46170,C02,전라남도,나주시,재가장기요양기관 방문목욕,18,18,0,0.0,586,,,False,방문형·복지용구는 정원 대비 비율 해석 금지,,2025-04-01,2026년 현재값이 아닌 과거 가동률 민감도 기준
46170,C03,전라남도,나주시,재가장기요양기관 주야간보호,14,14,0,415.0,333,0.8024096385542169,0.8024096385542169,True,정원 대비 현원 가동률,0.0,2025-04-01,2026년 현재값이 아닌 과거 가동률 민감도 기준
46170,G32,전라남도,나주시,치매전담실가형2실,1,1,0,11.0,10,0.9090909090909091,0.9090909090909091,True,정원 대비 현원 가동률,0.0,2025-04-01,2026년 현재값이 아닌 과거 가동률 민감도 기준
46170,M31,전라남도,나주시,치매전담실나형1실,1,1,0,12.0,12,1.0,1.0,True,정원 대비 현원 가동률,0.0,2025-04-01,2026년 현재값이 아닌 과거 가동률 민감도 기준
46230,A03,전라남도,광양시,노인요양시설(개정법),15,15,0,456.0,427,0.9364035087719298,0.9364035087719298,True,정원 대비 현원 가동률,0.0,2025-04-01,2026년 현재값이 아닌 과거 가동률 민감도 기준
46230,A04,전라남도,광양시,노인요양공동생활가정,6,6,0,54.0,49,0.9074074074074074,0.9074074074074074,True,정원 대비 현원 가동률,0.0,2025-04-01,2026년 현재값이 아닌 과거 가동률 민감도 기준
46230,B01,전라남도,광양시,재가노인복지시설 방문요양,25,25,0,30.0,308,10.266666666666667,,False,방문형·복지용구는 정원 대비 비율 해석 금지,,2025-04-01,2026년 현재값이 아닌 과거 가동률 민감도 기준
46230,B02,전라남도,광양시,재가노인복지시설 방문목욕,6,6,0,0.0,63,,,False,방문형·복지용구는 정원 대비 비율 해석 금지,,2025-04-01,2026년 현재값이 아닌 과거 가동률 민감도 기준
46230,B03,전라남도,광양시,재가노인복지시설 주야간보호,17,17,0,457.0,345,0.7549234135667396,0.7549234135667396,True,정원 대비 현원 가동률,3.0,2025-04-01,2026년 현재값이 아닌 과거 가동률 민감도 기준
46230,B06,전라남도,광양시,재가노인복지시설 복지용구,1,1,0,0.0,0,,,False,방문형·복지용구는 정원 대비 비율 해석 금지,,2025-04-01,2026년 현재값이 아닌 과거 가동률 민감도 기준
46230,C01,전라남도,광양시,재가장기요양기관 방문요양,13,13,0,1206.0,402,0.3333333333333333,,False,방문형·복지용구는 정원 대비 비율 해석 금지,,2025-04-01,2026년 현재값이 아닌 과거 가동률 민감도 기준
46230,C02,전라남도,광양시,재가장기요양기관 방문목욕,11,11,0,1006.0,0,0.0,,False,방문형·복지용구는 정원 대비 비율 해석 금지,,2025-04-01,2026년 현재값이 아닌 과거 가동률 민감도 기준
46230,C03,전라남도,광양시,재가장기요양기관 주야간보호,5,5,0,150.0,143,0.9533333333333334,0.9533333333333334,True,정원 대비 현원 가동률,0.0,2025-04-01,2026년 현재값이 아닌 과거 가동률 민감도 기준
46230,C05,전라남도,광양시,재가장기요양기관 방문간호,1,1,0,0.0,4,,,False,방문형·복지용구는 정원 대비 비율 해석 금지,,2025-04-01,2026년 현재값이 아닌 과거 가동률 민감도 기준
46230,C06,전라남도,광양시,재가장기요양기관 복지용구,2,2,0,0.0,2,,,False,방문형·복지용구는 정원 대비 비율 해석 금지,,2025-04-01,2026년 현재값이 아닌 과거 가동률 민감도 기준
46230,G31,전라남도,광양시,치매전담실가형1실,2,2,0,20.0,18,0.9,0.9,True,정원 대비 현원 가동률,0.0,2025-04-01,2026년 현재값이 아닌 과거 가동률 민감도 기준
46230,G32,전라남도,광양시,치매전담실가형2실,1,1,0,12.0,12,1.0,1.0,True,정원 대비 현원 가동률,0.0,2025-04-01,2026년 현재값이 아닌 과거 가동률 민감도 기준
46710,A03,전라남도,담양군,노인요양시설(개정법),12,12,0,397.0,356,0.8967254408060453,0.8967254408060453,True,정원 대비 현원 가동률,0.0,2025-04-01,2026년 현재값이 아닌 과거 가동률 민감도 기준
46710,A04,전라남도,담양군,노인요양공동생활가정,4,4,0,36.0,33,0.9166666666666666,0.9166666666666666,True,정원 대비 현원 가동률,0.0,2025-04-01,2026년 현재값이 아닌 과거 가동률 민감도 기준
46710,B01,전라남도,담양군,재가노인복지시설 방문요양,6,6,0,80.0,88,1.1,,False,방문형·복지용구는 정원 대비 비율 해석 금지,,2025-04-01,2026년 현재값이 아닌 과거 가동률 민감도 기준
46710,B02,전라남도,담양군,재가노인복지시설 방문목욕,3,3,0,15.0,19,1.2666666666666666,,False,방문형·복지용구는 정원 대비 비율 해석 금지,,2025-04-01,2026년 현재값이 아닌 과거 가동률 민감도 기준
46710,B03,전라남도,담양군,재가노인복지시설 주야간보호,3,3,0,85.0,64,0.7529411764705882,0.7529411764705882,True,정원 대비 현원 가동률,1.0,2025-04-01,2026년 현재값이 아닌 과거 가동률 민감도 기준
46710,C01,전라남도,담양군,재가장기요양기관 방문요양,9,9,0,5.0,382,76.4,,False,방문형·복지용구는 정원 대비 비율 해석 금지,,2025-04-01,2026년 현재값이 아닌 과거 가동률 민감도 기준
46710,C02,전라남도,담양군,재가장기요양기관 방문목욕,9,9,0,33.0,305,9.242424242424242,,False,방문형·복지용구는 정원 대비 비율 해석 금지,,2025-04-01,2026년 현재값이 아닌 과거 가동률 민감도 기준
46710,C03,전라남도,담양군,재가장기요양기관 주야간보호,3,3,0,68.0,64,0.9411764705882353,0.9411764705882353,True,정원 대비 현원 가동률,1.0,2025-04-01,2026년 현재값이 아닌 과거 가동률 민감도 기준
46710,C05,전라남도,담양군,재가장기요양기관 방문간호,1,1,0,0.0,70,,,False,방문형·복지용구는 정원 대비 비율 해석 금지,,2025-04-01,2026년 현재값이 아닌 과거 가동률 민감도 기준
46710,C06,전라남도,담양군,재가장기요양기관 복지용구,1,1,0,0.0,0,,,False,방문형·복지용구는 정원 대비 비율 해석 금지,,2025-04-01,2026년 현재값이 아닌 과거 가동률 민감도 기준
46720,A03,전라남도,곡성군,노인요양시설(개정법),6,6,0,269.0,253,0.9405204460966543,0.9405204460966543,True,정원 대비 현원 가동률,0.0,2025-04-01,2026년 현재값이 아닌 과거 가동률 민감도 기준
46720,A04,전라남도,곡성군,노인요양공동생활가정,1,1,0,7.0,6,0.8571428571428571,0.8571428571428571,True,정원 대비 현원 가동률,0.0,2025-04-01,2026년 현재값이 아닌 과거 가동률 민감도 기준
46720,B01,전라남도,곡성군,재가노인복지시설 방문요양,8,8,0,50.0,165,3.3,,False,방문형·복지용구는 정원 대비 비율 해석 금지,,2025-04-01,2026년 현재값이 아닌 과거 가동률 민감도 기준
46720,B02,전라남도,곡성군,재가노인복지시설 방문목욕,8,8,0,150.0,118,0.7866666666666666,,False,방문형·복지용구는 정원 대비 비율 해석 금지,,2025-04-01,2026년 현재값이 아닌 과거 가동률 민감도 기준
46720,B03,전라남도,곡성군,재가노인복지시설 주야간보호,9,9,0,338.0,255,0.7544378698224852,0.7544378698224852,True,정원 대비 현원 가동률,0.0,2025-04-01,2026년 현재값이 아닌 과거 가동률 민감도 기준
46720,B05,전라남도,곡성군,재가노인복지시설 방문간호,1,1,0,0.0,9,,,False,방문형·복지용구는 정원 대비 비율 해석 금지,,2025-04-01,2026년 현재값이 아닌 과거 가동률 민감도 기준
46720,C01,전라남도,곡성군,재가장기요양기관 방문요양,4,4,0,0.0,135,,,False,방문형·복지용구는 정원 대비 비율 해석 금지,,2025-04-01,2026년 현재값이 아닌 과거 가동률 민감도 기준
46720,C02,전라남도,곡성군,재가장기요양기관 방문목욕,3,3,0,0.0,119,,,False,방문형·복지용구는 정원 대비 비율 해석 금지,,2025-04-01,2026년 현재값이 아닌 과거 가동률 민감도 기준
46720,C03,전라남도,곡성군,재가장기요양기관 주야간보호,2,2,0,14.0,6,0.42857142857142855,0.42857142857142855,True,정원 대비 현원 가동률,0.0,2025-04-01,2026년 현재값이 아닌 과거 가동률 민감도 기준
46720,G31,전라남도,곡성군,치매전담실가형1실,1,1,0,16.0,16,1.0,1.0,True,정원 대비 현원 가동률,0.0,2025-04-01,2026년 현재값이 아닌 과거 가동률 민감도 기준
46720,H31,전라남도,곡성군,주야간보호내치매전담1실,1,1,0,24.0,10,0.4166666666666667,0.4166666666666667,True,정원 대비 현원 가동률,0.0,2025-04-01,2026년 현재값이 아닌 과거 가동률 민감도 기준
46730,A03,전라남도,구례군,노인요양시설(개정법),6,6,0,424.0,278,0.6556603773584906,0.6556603773584906,True,정원 대비 현원 가동률,0.0,2025-04-01,2026년 현재값이 아닌 과거 가동률 민감도 기준
46730,B01,전라남도,구례군,재가노인복지시설 방문요양,7,7,0,0.0,162,,,False,방문형·복지용구는 정원 대비 비율 해석 금지,,2025-04-01,2026년 현재값이 아닌 과거 가동률 민감도 기준
46730,B02,전라남도,구례군,재가노인복지시설 방문목욕,5,5,0,0.0,149,,,False,방문형·복지용구는 정원 대비 비율 해석 금지,,2025-04-01,2026년 현재값이 아닌 과거 가동률 민감도 기준
46730,B03,전라남도,구례군,재가노인복지시설 주야간보호,4,4,0,206.0,127,0.616504854368932,0.616504854368932,True,정원 대비 현원 가동률,0.0,2025-04-01,2026년 현재값이 아닌 과거 가동률 민감도 기준
46730,B05,전라남도,구례군,재가노인복지시설 방문간호,2,2,0,0.0,20,,,False,방문형·복지용구는 정원 대비 비율 해석 금지,,2025-04-01,2026년 현재값이 아닌 과거 가동률 민감도 기준
46730,C01,전라남도,구례군,재가장기요양기관 방문요양,4,4,0,57.0,171,3.0,,False,방문형·복지용구는 정원 대비 비율 해석 금지,,2025-04-01,2026년 현재값이 아닌 과거 가동률 민감도 기준
46730,C02,전라남도,구례군,재가장기요양기관 방문목욕,4,4,0,55.0,156,2.8363636363636364,,False,방문형·복지용구는 정원 대비 비율 해석 금지,,2025-04-01,2026년 현재값이 아닌 과거 가동률 민감도 기준
46730,C03,전라남도,구례군,재가장기요양기관 주야간보호,6,6,0,245.0,225,0.9183673469387755,0.9183673469387755,True,정원 대비 현원 가동률,1.0,2025-04-01,2026년 현재값이 아닌 과거 가동률 민감도 기준
46730,C06,전라남도,구례군,재가장기요양기관 복지용구,1,1,0,0.0,0,,,False,방문형·복지용구는 정원 대비 비율 해석 금지,,2025-04-01,2026년 현재값이 아닌 과거 가동률 민감도 기준
46770,A03,전라남도,고흥군,노인요양시설(개정법),15,15,0,765.0,560,0.7320261437908496,0.7320261437908496,True,정원 대비 현원 가동률,0.0,2025-04-01,2026년 현재값이 아닌 과거 가동률 민감도 기준
46770,A04,전라남도,고흥군,노인요양공동생활가정,1,1,0,9.0,9,1.0,1.0,True,정원 대비 현원 가동률,0.0,2025-04-01,2026년 현재값이 아닌 과거 가동률 민감도 기준
46770,B01,전라남도,고흥군,재가노인복지시설 방문요양,18,18,0,70.0,422,6.0285714285714285,,False,방문형·복지용구는 정원 대비 비율 해석 금지,,2025-04-01,2026년 현재값이 아닌 과거 가동률 민감도 기준
46770,B02,전라남도,고흥군,재가노인복지시설 방문목욕,14,14,0,70.0,305,4.357142857142857,,False,방문형·복지용구는 정원 대비 비율 해석 금지,,2025-04-01,2026년 현재값이 아닌 과거 가동률 민감도 기준
46770,B03,전라남도,고흥군,재가노인복지시설 주야간보호,15,15,0,602.0,506,0.840531561461794,0.840531561461794,True,정원 대비 현원 가동률,2.0,2025-04-01,2026년 현재값이 아닌 과거 가동률 민감도 기준
46770,C01,전라남도,고흥군,재가장기요양기관 방문요양,10,10,0,0.0,438,,,False,방문형·복지용구는 정원 대비 비율 해석 금지,,2025-04-01,2026년 현재값이 아닌 과거 가동률 민감도 기준
46770,C02,전라남도,고흥군,재가장기요양기관 방문목욕,8,8,0,0.0,283,,,False,방문형·복지용구는 정원 대비 비율 해석 금지,,2025-04-01,2026년 현재값이 아닌 과거 가동률 민감도 기준
46770,C03,전라남도,고흥군,재가장기요양기관 주야간보호,5,5,0,222.0,163,0.7342342342342343,0.7342342342342343,True,정원 대비 현원 가동률,0.0,2025-04-01,2026년 현재값이 아닌 과거 가동률 민감도 기준
46780,A03,전라남도,보성군,노인요양시설(개정법),2,2,0,114.0,101,0.8859649122807017,0.8859649122807017,True,정원 대비 현원 가동률,0.0,2025-04-01,2026년 현재값이 아닌 과거 가동률 민감도 기준
46780,A04,전라남도,보성군,노인요양공동생활가정,4,4,0,36.0,31,0.8611111111111112,0.8611111111111112,True,정원 대비 현원 가동률,0.0,2025-04-01,2026년 현재값이 아닌 과거 가동률 민감도 기준
46780,B01,전라남도,보성군,재가노인복지시설 방문요양,19,19,0,260.0,627,2.4115384615384614,,False,방문형·복지용구는 정원 대비 비율 해석 금지,,2025-04-01,2026년 현재값이 아닌 과거 가동률 민감도 기준
46780,B02,전라남도,보성군,재가노인복지시설 방문목욕,11,11,0,30.0,146,4.866666666666666,,False,방문형·복지용구는 정원 대비 비율 해석 금지,,2025-04-01,2026년 현재값이 아닌 과거 가동률 민감도 기준
46780,B03,전라남도,보성군,재가노인복지시설 주야간보호,9,9,0,371.0,299,0.8059299191374663,0.8059299191374663,True,정원 대비 현원 가동률,0.0,2025-04-01,2026년 현재값이 아닌 과거 가동률 민감도 기준
46780,B05,전라남도,보성군,재가노인복지시설 방문간호,1,1,0,0.0,62,,,False,방문형·복지용구는 정원 대비 비율 해석 금지,,2025-04-01,2026년 현재값이 아닌 과거 가동률 민감도 기준
46780,C01,전라남도,보성군,재가장기요양기관 방문요양,4,4,0,10.0,120,12.0,,False,방문형·복지용구는 정원 대비 비율 해석 금지,,2025-04-01,2026년 현재값이 아닌 과거 가동률 민감도 기준
46780,C02,전라남도,보성군,재가장기요양기관 방문목욕,1,1,0,0.0,38,,,False,방문형·복지용구는 정원 대비 비율 해석 금지,,2025-04-01,2026년 현재값이 아닌 과거 가동률 민감도 기준
46780,C03,전라남도,보성군,재가장기요양기관 주야간보호,1,1,0,32.0,32,1.0,1.0,True,정원 대비 현원 가동률,0.0,2025-04-01,2026년 현재값이 아닌 과거 가동률 민감도 기준
46790,A03,전라남도,화순군,노인요양시설(개정법),13,13,0,463.0,389,0.8401727861771058,0.8401727861771058,True,정원 대비 현원 가동률,0.0,2025-04-01,2026년 현재값이 아닌 과거 가동률 민감도 기준
46790,A04,전라남도,화순군,노인요양공동생활가정,6,6,0,50.0,40,0.8,0.8,True,정원 대비 현원 가동률,0.0,2025-04-01,2026년 현재값이 아닌 과거 가동률 민감도 기준
46790,B01,전라남도,화순군,재가노인복지시설 방문요양,18,18,0,0.0,463,,,False,방문형·복지용구는 정원 대비 비율 해석 금지,,2025-04-01,2026년 현재값이 아닌 과거 가동률 민감도 기준
46790,B02,전라남도,화순군,재가노인복지시설 방문목욕,12,12,0,0.0,218,,,False,방문형·복지용구는 정원 대비 비율 해석 금지,,2025-04-01,2026년 현재값이 아닌 과거 가동률 민감도 기준
46790,B03,전라남도,화순군,재가노인복지시설 주야간보호,8,8,0,236.0,163,0.690677966101695,0.690677966101695,True,정원 대비 현원 가동률,0.0,2025-04-01,2026년 현재값이 아닌 과거 가동률 민감도 기준
46790,C01,전라남도,화순군,재가장기요양기관 방문요양,9,9,0,0.0,214,,,False,방문형·복지용구는 정원 대비 비율 해석 금지,,2025-04-01,2026년 현재값이 아닌 과거 가동률 민감도 기준
46790,C02,전라남도,화순군,재가장기요양기관 방문목욕,5,5,0,0.0,93,,,False,방문형·복지용구는 정원 대비 비율 해석 금지,,2025-04-01,2026년 현재값이 아닌 과거 가동률 민감도 기준
46790,C03,전라남도,화순군,재가장기요양기관 주야간보호,5,5,0,153.0,132,0.8627450980392157,0.8627450980392157,True,정원 대비 현원 가동률,1.0,2025-04-01,2026년 현재값이 아닌 과거 가동률 민감도 기준
46790,C06,전라남도,화순군,재가장기요양기관 복지용구,1,1,0,1.0,0,0.0,,False,방문형·복지용구는 정원 대비 비율 해석 금지,,2025-04-01,2026년 현재값이 아닌 과거 가동률 민감도 기준
46790,G31,전라남도,화순군,치매전담실가형1실,1,1,0,16.0,16,1.0,1.0,True,정원 대비 현원 가동률,0.0,2025-04-01,2026년 현재값이 아닌 과거 가동률 민감도 기준
46790,G32,전라남도,화순군,치매전담실가형2실,1,1,0,16.0,16,1.0,1.0,True,정원 대비 현원 가동률,0.0,2025-04-01,2026년 현재값이 아닌 과거 가동률 민감도 기준
46790,G33,전라남도,화순군,치매전담실가형3실,1,1,0,8.0,6,0.75,0.75,True,정원 대비 현원 가동률,0.0,2025-04-01,2026년 현재값이 아닌 과거 가동률 민감도 기준
46790,H31,전라남도,화순군,주야간보호내치매전담1실,1,1,0,16.0,16,1.0,1.0,True,정원 대비 현원 가동률,0.0,2025-04-01,2026년 현재값이 아닌 과거 가동률 민감도 기준
46800,A03,전라남도,장흥군,노인요양시설(개정법),5,5,0,199.0,191,0.9597989949748744,0.9597989949748744,True,정원 대비 현원 가동률,0.0,2025-04-01,2026년 현재값이 아닌 과거 가동률 민감도 기준
46800,B01,전라남도,장흥군,재가노인복지시설 방문요양,5,5,0,50.0,163,3.26,,False,방문형·복지용구는 정원 대비 비율 해석 금지,,2025-04-01,2026년 현재값이 아닌 과거 가동률 민감도 기준
46800,B03,전라남도,장흥군,재가노인복지시설 주야간보호,4,4,0,204.0,190,0.9313725490196079,0.9313725490196079,True,정원 대비 현원 가동률,1.0,2025-04-01,2026년 현재값이 아닌 과거 가동률 민감도 기준
46800,C01,전라남도,장흥군,재가장기요양기관 방문요양,13,13,0,205.0,462,2.2536585365853656,,False,방문형·복지용구는 정원 대비 비율 해석 금지,,2025-04-01,2026년 현재값이 아닌 과거 가동률 민감도 기준
46800,C02,전라남도,장흥군,재가장기요양기관 방문목욕,7,7,0,86.0,244,2.8372093023255816,,False,방문형·복지용구는 정원 대비 비율 해석 금지,,2025-04-01,2026년 현재값이 아닌 과거 가동률 민감도 기준
46800,C03,전라남도,장흥군,재가장기요양기관 주야간보호,2,2,0,56.0,49,0.875,0.875,True,정원 대비 현원 가동률,0.0,2025-04-01,2026년 현재값이 아닌 과거 가동률 민감도 기준
46800,C05,전라남도,장흥군,재가장기요양기관 방문간호,1,1,0,0.0,147,,,False,방문형·복지용구는 정원 대비 비율 해석 금지,,2025-04-01,2026년 현재값이 아닌 과거 가동률 민감도 기준
46800,G31,전라남도,장흥군,치매전담실가형1실,1,1,0,16.0,16,1.0,1.0,True,정원 대비 현원 가동률,0.0,2025-04-01,2026년 현재값이 아닌 과거 가동률 민감도 기준
46810,A03,전라남도,강진군,노인요양시설(개정법),7,7,0,223.0,156,0.6995515695067265,0.6995515695067265,True,정원 대비 현원 가동률,0.0,2025-04-01,2026년 현재값이 아닌 과거 가동률 민감도 기준
46810,A04,전라남도,강진군,노인요양공동생활가정,2,2,0,18.0,16,0.8888888888888888,0.8888888888888888,True,정원 대비 현원 가동률,0.0,2025-04-01,2026년 현재값이 아닌 과거 가동률 민감도 기준
46810,B01,전라남도,강진군,재가노인복지시설 방문요양,5,5,0,0.0,297,,,False,방문형·복지용구는 정원 대비 비율 해석 금지,,2025-04-01,2026년 현재값이 아닌 과거 가동률 민감도 기준
46810,B02,전라남도,강진군,재가노인복지시설 방문목욕,4,4,0,0.0,253,,,False,방문형·복지용구는 정원 대비 비율 해석 금지,,2025-04-01,2026년 현재값이 아닌 과거 가동률 민감도 기준
46810,B03,전라남도,강진군,재가노인복지시설 주야간보호,4,4,0,162.0,146,0.9012345679012346,0.9012345679012346,True,정원 대비 현원 가동률,0.0,2025-04-01,2026년 현재값이 아닌 과거 가동률 민감도 기준
46810,B04,전라남도,강진군,재가노인복지시설 단기보호,1,1,0,7.0,0,0.0,0.0,True,정원 대비 현원 가동률,0.0,2025-04-01,2026년 현재값이 아닌 과거 가동률 민감도 기준
46810,C01,전라남도,강진군,재가장기요양기관 방문요양,10,10,0,51.0,263,5.1568627450980395,,False,방문형·복지용구는 정원 대비 비율 해석 금지,,2025-04-01,2026년 현재값이 아닌 과거 가동률 민감도 기준
46810,C02,전라남도,강진군,재가장기요양기관 방문목욕,7,7,0,50.0,268,5.36,,False,방문형·복지용구는 정원 대비 비율 해석 금지,,2025-04-01,2026년 현재값이 아닌 과거 가동률 민감도 기준
46810,C03,전라남도,강진군,재가장기요양기관 주야간보호,3,3,0,106.0,98,0.9245283018867925,0.9245283018867925,True,정원 대비 현원 가동률,1.0,2025-04-01,2026년 현재값이 아닌 과거 가동률 민감도 기준
46810,C05,전라남도,강진군,재가장기요양기관 방문간호,1,1,0,0.0,41,,,False,방문형·복지용구는 정원 대비 비율 해석 금지,,2025-04-01,2026년 현재값이 아닌 과거 가동률 민감도 기준
46810,G31,전라남도,강진군,치매전담실가형1실,1,1,0,4.0,4,1.0,1.0,True,정원 대비 현원 가동률,0.0,2025-04-01,2026년 현재값이 아닌 과거 가동률 민감도 기준
46810,G32,전라남도,강진군,치매전담실가형2실,1,1,0,4.0,4,1.0,1.0,True,정원 대비 현원 가동률,0.0,2025-04-01,2026년 현재값이 아닌 과거 가동률 민감도 기준
46810,G33,전라남도,강진군,치매전담실가형3실,1,1,0,4.0,2,0.5,0.5,True,정원 대비 현원 가동률,0.0,2025-04-01,2026년 현재값이 아닌 과거 가동률 민감도 기준
46810,G34,전라남도,강진군,치매전담실가형4실,1,1,0,4.0,3,0.75,0.75,True,정원 대비 현원 가동률,0.0,2025-04-01,2026년 현재값이 아닌 과거 가동률 민감도 기준
46820,A03,전라남도,해남군,노인요양시설(개정법),11,11,0,394.0,331,0.8401015228426396,0.8401015228426396,True,정원 대비 현원 가동률,2.0,2025-04-01,2026년 현재값이 아닌 과거 가동률 민감도 기준
46820,A04,전라남도,해남군,노인요양공동생활가정,8,8,0,72.0,62,0.8611111111111112,0.8611111111111112,True,정원 대비 현원 가동률,0.0,2025-04-01,2026년 현재값이 아닌 과거 가동률 민감도 기준
46820,B01,전라남도,해남군,재가노인복지시설 방문요양,15,15,0,0.0,495,,,False,방문형·복지용구는 정원 대비 비율 해석 금지,,2025-04-01,2026년 현재값이 아닌 과거 가동률 민감도 기준
46820,B02,전라남도,해남군,재가노인복지시설 방문목욕,10,10,0,0.0,181,,,False,방문형·복지용구는 정원 대비 비율 해석 금지,,2025-04-01,2026년 현재값이 아닌 과거 가동률 민감도 기준
46820,B03,전라남도,해남군,재가노인복지시설 주야간보호,6,6,0,192.0,165,0.859375,0.859375,True,정원 대비 현원 가동률,0.0,2025-04-01,2026년 현재값이 아닌 과거 가동률 민감도 기준
46820,B05,전라남도,해남군,재가노인복지시설 방문간호,1,1,0,0.0,2,,,False,방문형·복지용구는 정원 대비 비율 해석 금지,,2025-04-01,2026년 현재값이 아닌 과거 가동률 민감도 기준
46820,B06,전라남도,해남군,재가노인복지시설 복지용구,1,1,0,0.0,0,,,False,방문형·복지용구는 정원 대비 비율 해석 금지,,2025-04-01,2026년 현재값이 아닌 과거 가동률 민감도 기준
46820,C01,전라남도,해남군,재가장기요양기관 방문요양,12,12,0,0.0,483,,,False,방문형·복지용구는 정원 대비 비율 해석 금지,,2025-04-01,2026년 현재값이 아닌 과거 가동률 민감도 기준
46820,C02,전라남도,해남군,재가장기요양기관 방문목욕,9,9,0,0.0,203,,,False,방문형·복지용구는 정원 대비 비율 해석 금지,,2025-04-01,2026년 현재값이 아닌 과거 가동률 민감도 기준
46820,C03,전라남도,해남군,재가장기요양기관 주야간보호,1,1,0,36.0,28,0.7777777777777778,0.7777777777777778,True,정원 대비 현원 가동률,0.0,2025-04-01,2026년 현재값이 아닌 과거 가동률 민감도 기준
46820,C06,전라남도,해남군,재가장기요양기관 복지용구,1,1,0,0.0,1,,,False,방문형·복지용구는 정원 대비 비율 해석 금지,,2025-04-01,2026년 현재값이 아닌 과거 가동률 민감도 기준
46830,A03,전라남도,영암군,노인요양시설(개정법),11,11,0,396.0,258,0.6515151515151515,0.6515151515151515,True,정원 대비 현원 가동률,0.0,2025-04-01,2026년 현재값이 아닌 과거 가동률 민감도 기준
46830,A04,전라남도,영암군,노인요양공동생활가정,1,1,0,9.0,7,0.7777777777777778,0.7777777777777778,True,정원 대비 현원 가동률,0.0,2025-04-01,2026년 현재값이 아닌 과거 가동률 민감도 기준
46830,B01,전라남도,영암군,재가노인복지시설 방문요양,5,5,0,0.0,180,,,False,방문형·복지용구는 정원 대비 비율 해석 금지,,2025-04-01,2026년 현재값이 아닌 과거 가동률 민감도 기준
46830,B02,전라남도,영암군,재가노인복지시설 방문목욕,2,2,0,0.0,39,,,False,방문형·복지용구는 정원 대비 비율 해석 금지,,2025-04-01,2026년 현재값이 아닌 과거 가동률 민감도 기준
46830,B03,전라남도,영암군,재가노인복지시설 주야간보호,5,5,0,205.0,134,0.6536585365853659,0.6536585365853659,True,정원 대비 현원 가동률,0.0,2025-04-01,2026년 현재값이 아닌 과거 가동률 민감도 기준
46830,B04,전라남도,영암군,재가노인복지시설 단기보호,1,1,0,10.0,0,0.0,0.0,True,정원 대비 현원 가동률,0.0,2025-04-01,2026년 현재값이 아닌 과거 가동률 민감도 기준
46830,C01,전라남도,영암군,재가장기요양기관 방문요양,14,14,0,25.0,508,20.32,,False,방문형·복지용구는 정원 대비 비율 해석 금지,,2025-04-01,2026년 현재값이 아닌 과거 가동률 민감도 기준
46830,C02,전라남도,영암군,재가장기요양기관 방문목욕,12,12,0,0.0,164,,,False,방문형·복지용구는 정원 대비 비율 해석 금지,,2025-04-01,2026년 현재값이 아닌 과거 가동률 민감도 기준
46830,C03,전라남도,영암군,재가장기요양기관 주야간보호,3,3,0,95.0,81,0.8526315789473684,0.8526315789473684,True,정원 대비 현원 가동률,0.0,2025-04-01,2026년 현재값이 아닌 과거 가동률 민감도 기준
46830,C05,전라남도,영암군,재가장기요양기관 방문간호,1,1,0,0.0,0,,,False,방문형·복지용구는 정원 대비 비율 해석 금지,,2025-04-01,2026년 현재값이 아닌 과거 가동률 민감도 기준
46830,H31,전라남도,영암군,주야간보호내치매전담1실,1,1,0,25.0,12,0.48,0.48,True,정원 대비 현원 가동률,0.0,2025-04-01,2026년 현재값이 아닌 과거 가동률 민감도 기준
46840,A03,전라남도,무안군,노인요양시설(개정법),14,14,0,536.0,389,0.7257462686567164,0.7257462686567164,True,정원 대비 현원 가동률,0.0,2025-04-01,2026년 현재값이 아닌 과거 가동률 민감도 기준
46840,A04,전라남도,무안군,노인요양공동생활가정,1,1,0,9.0,9,1.0,1.0,True,정원 대비 현원 가동률,0.0,2025-04-01,2026년 현재값이 아닌 과거 가동률 민감도 기준
46840,B01,전라남도,무안군,재가노인복지시설 방문요양,15,15,0,34.0,175,5.147058823529412,,False,방문형·복지용구는 정원 대비 비율 해석 금지,,2025-04-01,2026년 현재값이 아닌 과거 가동률 민감도 기준
46840,B02,전라남도,무안군,재가노인복지시설 방문목욕,7,7,0,5.0,157,31.4,,False,방문형·복지용구는 정원 대비 비율 해석 금지,,2025-04-01,2026년 현재값이 아닌 과거 가동률 민감도 기준
46840,B03,전라남도,무안군,재가노인복지시설 주야간보호,6,6,0,145.0,97,0.6689655172413793,0.6689655172413793,True,정원 대비 현원 가동률,1.0,2025-04-01,2026년 현재값이 아닌 과거 가동률 민감도 기준
46840,C01,전라남도,무안군,재가장기요양기관 방문요양,9,9,0,0.0,330,,,False,방문형·복지용구는 정원 대비 비율 해석 금지,,2025-04-01,2026년 현재값이 아닌 과거 가동률 민감도 기준
46840,C02,전라남도,무안군,재가장기요양기관 방문목욕,7,7,0,0.0,0,,,False,방문형·복지용구는 정원 대비 비율 해석 금지,,2025-04-01,2026년 현재값이 아닌 과거 가동률 민감도 기준
46840,C03,전라남도,무안군,재가장기요양기관 주야간보호,2,2,0,57.0,59,1.0350877192982457,1.0350877192982457,True,정원 대비 현원 가동률,1.0,2025-04-01,2026년 현재값이 아닌 과거 가동률 민감도 기준
46840,G31,전라남도,무안군,치매전담실가형1실,1,1,0,6.0,5,0.8333333333333334,0.8333333333333334,True,정원 대비 현원 가동률,0.0,2025-04-01,2026년 현재값이 아닌 과거 가동률 민감도 기준
46840,G32,전라남도,무안군,치매전담실가형2실,1,1,0,16.0,15,0.9375,0.9375,True,정원 대비 현원 가동률,0.0,2025-04-01,2026년 현재값이 아닌 과거 가동률 민감도 기준
46840,H31,전라남도,무안군,주야간보호내치매전담1실,2,2,0,31.0,15,0.4838709677419355,0.4838709677419355,True,정원 대비 현원 가동률,0.0,2025-04-01,2026년 현재값이 아닌 과거 가동률 민감도 기준
46840,M31,전라남도,무안군,치매전담실나형1실,1,1,0,9.0,8,0.8888888888888888,0.8888888888888888,True,정원 대비 현원 가동률,0.0,2025-04-01,2026년 현재값이 아닌 과거 가동률 민감도 기준
46840,M32,전라남도,무안군,치매전담실나형2실,1,1,0,7.0,6,0.8571428571428571,0.8571428571428571,True,정원 대비 현원 가동률,0.0,2025-04-01,2026년 현재값이 아닌 과거 가동률 민감도 기준
46840,S41,전라남도,무안군,치매전담형노인요양공동생활가정,2,2,0,18.0,17,0.9444444444444444,0.9444444444444444,True,정원 대비 현원 가동률,0.0,2025-04-01,2026년 현재값이 아닌 과거 가동률 민감도 기준
46860,A03,전라남도,함평군,노인요양시설(개정법),11,11,0,400.0,304,0.76,0.76,True,정원 대비 현원 가동률,1.0,2025-04-01,2026년 현재값이 아닌 과거 가동률 민감도 기준
46860,A04,전라남도,함평군,노인요양공동생활가정,2,2,0,18.0,14,0.7777777777777778,0.7777777777777778,True,정원 대비 현원 가동률,0.0,2025-04-01,2026년 현재값이 아닌 과거 가동률 민감도 기준
46860,B01,전라남도,함평군,재가노인복지시설 방문요양,12,12,0,383.0,296,0.7728459530026109,,False,방문형·복지용구는 정원 대비 비율 해석 금지,,2025-04-01,2026년 현재값이 아닌 과거 가동률 민감도 기준
46860,B02,전라남도,함평군,재가노인복지시설 방문목욕,7,7,0,130.0,86,0.6615384615384615,,False,방문형·복지용구는 정원 대비 비율 해석 금지,,2025-04-01,2026년 현재값이 아닌 과거 가동률 민감도 기준
46860,B03,전라남도,함평군,재가노인복지시설 주야간보호,6,6,0,173.0,141,0.815028901734104,0.815028901734104,True,정원 대비 현원 가동률,2.0,2025-04-01,2026년 현재값이 아닌 과거 가동률 민감도 기준
46860,C01,전라남도,함평군,재가장기요양기관 방문요양,6,6,0,113.0,390,3.4513274336283186,,False,방문형·복지용구는 정원 대비 비율 해석 금지,,2025-04-01,2026년 현재값이 아닌 과거 가동률 민감도 기준
46860,C02,전라남도,함평군,재가장기요양기관 방문목욕,5,5,0,10.0,146,14.6,,False,방문형·복지용구는 정원 대비 비율 해석 금지,,2025-04-01,2026년 현재값이 아닌 과거 가동률 민감도 기준
46860,C03,전라남도,함평군,재가장기요양기관 주야간보호,2,2,0,74.0,73,0.9864864864864865,0.9864864864864865,True,정원 대비 현원 가동률,0.0,2025-04-01,2026년 현재값이 아닌 과거 가동률 민감도 기준
46860,C06,전라남도,함평군,재가장기요양기관 복지용구,1,1,0,0.0,3,,,False,방문형·복지용구는 정원 대비 비율 해석 금지,,2025-04-01,2026년 현재값이 아닌 과거 가동률 민감도 기준
46860,G31,전라남도,함평군,치매전담실가형1실,1,1,0,14.0,14,1.0,1.0,True,정원 대비 현원 가동률,0.0,2025-04-01,2026년 현재값이 아닌 과거 가동률 민감도 기준
46860,G32,전라남도,함평군,치매전담실가형2실,1,1,0,14.0,14,1.0,1.0,True,정원 대비 현원 가동률,0.0,2025-04-01,2026년 현재값이 아닌 과거 가동률 민감도 기준
46870,A03,전라남도,영광군,노인요양시설(개정법),8,8,0,345.0,258,0.7478260869565218,0.7478260869565218,True,정원 대비 현원 가동률,0.0,2025-04-01,2026년 현재값이 아닌 과거 가동률 민감도 기준
46870,A04,전라남도,영광군,노인요양공동생활가정,2,2,0,18.0,16,0.8888888888888888,0.8888888888888888,True,정원 대비 현원 가동률,0.0,2025-04-01,2026년 현재값이 아닌 과거 가동률 민감도 기준
46870,B01,전라남도,영광군,재가노인복지시설 방문요양,19,19,0,250.0,585,2.34,,False,방문형·복지용구는 정원 대비 비율 해석 금지,,2025-04-01,2026년 현재값이 아닌 과거 가동률 민감도 기준
46870,B02,전라남도,영광군,재가노인복지시설 방문목욕,9,9,0,0.0,0,,,False,방문형·복지용구는 정원 대비 비율 해석 금지,,2025-04-01,2026년 현재값이 아닌 과거 가동률 민감도 기준
46870,B03,전라남도,영광군,재가노인복지시설 주야간보호,7,7,0,207.0,144,0.6956521739130435,0.6956521739130435,True,정원 대비 현원 가동률,0.0,2025-04-01,2026년 현재값이 아닌 과거 가동률 민감도 기준
46870,B04,전라남도,영광군,재가노인복지시설 단기보호,1,1,0,4.0,0,0.0,0.0,True,정원 대비 현원 가동률,0.0,2025-04-01,2026년 현재값이 아닌 과거 가동률 민감도 기준
46870,B05,전라남도,영광군,재가노인복지시설 방문간호,1,1,0,0.0,0,,,False,방문형·복지용구는 정원 대비 비율 해석 금지,,2025-04-01,2026년 현재값이 아닌 과거 가동률 민감도 기준
46870,B06,전라남도,영광군,재가노인복지시설 복지용구,1,1,0,0.0,0,,,False,방문형·복지용구는 정원 대비 비율 해석 금지,,2025-04-01,2026년 현재값이 아닌 과거 가동률 민감도 기준
46870,C01,전라남도,영광군,재가장기요양기관 방문요양,6,6,0,0.0,277,,,False,방문형·복지용구는 정원 대비 비율 해석 금지,,2025-04-01,2026년 현재값이 아닌 과거 가동률 민감도 기준
46870,C02,전라남도,영광군,재가장기요양기관 방문목욕,4,4,0,0.0,120,,,False,방문형·복지용구는 정원 대비 비율 해석 금지,,2025-04-01,2026년 현재값이 아닌 과거 가동률 민감도 기준
46870,C03,전라남도,영광군,재가장기요양기관 주야간보호,3,3,0,52.0,43,0.8269230769230769,0.8269230769230769,True,정원 대비 현원 가동률,0.0,2025-04-01,2026년 현재값이 아닌 과거 가동률 민감도 기준
46880,A03,전라남도,장성군,노인요양시설(개정법),7,7,0,350.0,230,0.6571428571428571,0.6571428571428571,True,정원 대비 현원 가동률,0.0,2025-04-01,2026년 현재값이 아닌 과거 가동률 민감도 기준
46880,B01,전라남도,장성군,재가노인복지시설 방문요양,15,15,0,81.0,630,7.777777777777778,,False,방문형·복지용구는 정원 대비 비율 해석 금지,,2025-04-01,2026년 현재값이 아닌 과거 가동률 민감도 기준
46880,B02,전라남도,장성군,재가노인복지시설 방문목욕,7,7,0,61.0,303,4.967213114754099,,False,방문형·복지용구는 정원 대비 비율 해석 금지,,2025-04-01,2026년 현재값이 아닌 과거 가동률 민감도 기준
46880,B03,전라남도,장성군,재가노인복지시설 주야간보호,7,7,0,368.0,237,0.6440217391304348,0.6440217391304348,True,정원 대비 현원 가동률,1.0,2025-04-01,2026년 현재값이 아닌 과거 가동률 민감도 기준
46880,B05,전라남도,장성군,재가노인복지시설 방문간호,1,1,0,0.0,0,,,False,방문형·복지용구는 정원 대비 비율 해석 금지,,2025-04-01,2026년 현재값이 아닌 과거 가동률 민감도 기준
46880,C01,전라남도,장성군,재가장기요양기관 방문요양,9,9,0,0.0,270,,,False,방문형·복지용구는 정원 대비 비율 해석 금지,,2025-04-01,2026년 현재값이 아닌 과거 가동률 민감도 기준
46880,C02,전라남도,장성군,재가장기요양기관 방문목욕,7,7,0,0.0,155,,,False,방문형·복지용구는 정원 대비 비율 해석 금지,,2025-04-01,2026년 현재값이 아닌 과거 가동률 민감도 기준
46880,H31,전라남도,장성군,주야간보호내치매전담1실,1,1,0,25.0,18,0.72,0.72,True,정원 대비 현원 가동률,0.0,2025-04-01,2026년 현재값이 아닌 과거 가동률 민감도 기준
46890,A03,전라남도,완도군,노인요양시설(개정법),8,8,0,290.0,246,0.8482758620689655,0.8482758620689655,True,정원 대비 현원 가동률,0.0,2025-04-01,2026년 현재값이 아닌 과거 가동률 민감도 기준
46890,A04,전라남도,완도군,노인요양공동생활가정,4,4,0,36.0,26,0.7222222222222222,0.7222222222222222,True,정원 대비 현원 가동률,0.0,2025-04-01,2026년 현재값이 아닌 과거 가동률 민감도 기준
46890,B01,전라남도,완도군,재가노인복지시설 방문요양,18,18,0,2178.0,20430,9.380165289256198,,False,방문형·복지용구는 정원 대비 비율 해석 금지,,2025-04-01,2026년 현재값이 아닌 과거 가동률 민감도 기준
46890,B02,전라남도,완도군,재가노인복지시설 방문목욕,11,11,0,2098.0,20318,9.684461391801715,,False,방문형·복지용구는 정원 대비 비율 해석 금지,,2025-04-01,2026년 현재값이 아닌 과거 가동률 민감도 기준
46890,B03,전라남도,완도군,재가노인복지시설 주야간보호,3,3,0,81.0,74,0.9135802469135802,0.9135802469135802,True,정원 대비 현원 가동률,1.0,2025-04-01,2026년 현재값이 아닌 과거 가동률 민감도 기준
46890,B04,전라남도,완도군,재가노인복지시설 단기보호,1,1,0,5.0,0,0.0,0.0,True,정원 대비 현원 가동률,0.0,2025-04-01,2026년 현재값이 아닌 과거 가동률 민감도 기준
46890,C01,전라남도,완도군,재가장기요양기관 방문요양,8,8,0,2.0,322,161.0,,False,방문형·복지용구는 정원 대비 비율 해석 금지,,2025-04-01,2026년 현재값이 아닌 과거 가동률 민감도 기준
46890,C02,전라남도,완도군,재가장기요양기관 방문목욕,5,5,0,0.0,95,,,False,방문형·복지용구는 정원 대비 비율 해석 금지,,2025-04-01,2026년 현재값이 아닌 과거 가동률 민감도 기준
46890,G31,전라남도,완도군,치매전담실가형1실,1,1,0,12.0,12,1.0,1.0,True,정원 대비 현원 가동률,0.0,2025-04-01,2026년 현재값이 아닌 과거 가동률 민감도 기준
46900,A03,전라남도,진도군,노인요양시설(개정법),2,2,0,96.0,88,0.9166666666666666,0.9166666666666666,True,정원 대비 현원 가동률,0.0,2025-04-01,2026년 현재값이 아닌 과거 가동률 민감도 기준
46900,A04,전라남도,진도군,노인요양공동생활가정,2,2,0,18.0,16,0.8888888888888888,0.8888888888888888,True,정원 대비 현원 가동률,0.0,2025-04-01,2026년 현재값이 아닌 과거 가동률 민감도 기준
46900,B01,전라남도,진도군,재가노인복지시설 방문요양,11,11,0,0.0,531,,,False,방문형·복지용구는 정원 대비 비율 해석 금지,,2025-04-01,2026년 현재값이 아닌 과거 가동률 민감도 기준
46900,B02,전라남도,진도군,재가노인복지시설 방문목욕,9,9,0,0.0,455,,,False,방문형·복지용구는 정원 대비 비율 해석 금지,,2025-04-01,2026년 현재값이 아닌 과거 가동률 민감도 기준
46900,B03,전라남도,진도군,재가노인복지시설 주야간보호,3,3,0,129.0,112,0.8682170542635659,0.8682170542635659,True,정원 대비 현원 가동률,0.0,2025-04-01,2026년 현재값이 아닌 과거 가동률 민감도 기준
46900,C01,전라남도,진도군,재가장기요양기관 방문요양,7,7,0,0.0,373,,,False,방문형·복지용구는 정원 대비 비율 해석 금지,,2025-04-01,2026년 현재값이 아닌 과거 가동률 민감도 기준
46900,C02,전라남도,진도군,재가장기요양기관 방문목욕,7,7,0,0.0,315,,,False,방문형·복지용구는 정원 대비 비율 해석 금지,,2025-04-01,2026년 현재값이 아닌 과거 가동률 민감도 기준
46900,C03,전라남도,진도군,재가장기요양기관 주야간보호,1,1,0,45.0,44,0.9777777777777777,0.9777777777777777,True,정원 대비 현원 가동률,0.0,2025-04-01,2026년 현재값이 아닌 과거 가동률 민감도 기준
46900,C06,전라남도,진도군,재가장기요양기관 복지용구,1,1,0,0.0,38,,,False,방문형·복지용구는 정원 대비 비율 해석 금지,,2025-04-01,2026년 현재값이 아닌 과거 가동률 민감도 기준
46900,H31,전라남도,진도군,주야간보호내치매전담1실,1,1,0,24.0,18,0.75,0.75,True,정원 대비 현원 가동률,0.0,2025-04-01,2026년 현재값이 아닌 과거 가동률 민감도 기준
46910,A03,전라남도,신안군,노인요양시설(개정법),5,5,0,161.0,141,0.8757763975155279,0.8757763975155279,True,정원 대비 현원 가동률,0.0,2025-04-01,2026년 현재값이 아닌 과거 가동률 민감도 기준
46910,A04,전라남도,신안군,노인요양공동생활가정,3,3,0,27.0,22,0.8148148148148148,0.8148148148148148,True,정원 대비 현원 가동률,0.0,2025-04-01,2026년 현재값이 아닌 과거 가동률 민감도 기준
46910,B01,전라남도,신안군,재가노인복지시설 방문요양,4,4,0,0.0,161,,,False,방문형·복지용구는 정원 대비 비율 해석 금지,,2025-04-01,2026년 현재값이 아닌 과거 가동률 민감도 기준
46910,B02,전라남도,신안군,재가노인복지시설 방문목욕,4,4,0,0.0,61,,,False,방문형·복지용구는 정원 대비 비율 해석 금지,,2025-04-01,2026년 현재값이 아닌 과거 가동률 민감도 기준
46910,B03,전라남도,신안군,재가노인복지시설 주야간보호,2,2,0,53.0,29,0.5471698113207547,0.5471698113207547,True,정원 대비 현원 가동률,0.0,2025-04-01,2026년 현재값이 아닌 과거 가동률 민감도 기준
46910,C01,전라남도,신안군,재가장기요양기관 방문요양,9,9,0,0.0,405,,,False,방문형·복지용구는 정원 대비 비율 해석 금지,,2025-04-01,2026년 현재값이 아닌 과거 가동률 민감도 기준
46910,C02,전라남도,신안군,재가장기요양기관 방문목욕,5,5,0,0.0,229,,,False,방문형·복지용구는 정원 대비 비율 해석 금지,,2025-04-01,2026년 현재값이 아닌 과거 가동률 민감도 기준
46910,C03,전라남도,신안군,재가장기요양기관 주야간보호,1,1,0,31.0,30,0.967741935483871,0.967741935483871,True,정원 대비 현원 가동률,0.0,2025-04-01,2026년 현재값이 아닌 과거 가동률 민감도 기준
47111,A03,경상북도,포항시 남구,노인요양시설(개정법),19,19,0,886.0,721,0.8137697516930023,0.8137697516930023,True,정원 대비 현원 가동률,1.0,2025-04-01,2026년 현재값이 아닌 과거 가동률 민감도 기준
47111,A04,경상북도,포항시 남구,노인요양공동생활가정,3,3,0,27.0,24,0.8888888888888888,0.8888888888888888,True,정원 대비 현원 가동률,0.0,2025-04-01,2026년 현재값이 아닌 과거 가동률 민감도 기준
47111,B01,경상북도,포항시 남구,재가노인복지시설 방문요양,29,29,0,0.0,490,,,False,방문형·복지용구는 정원 대비 비율 해석 금지,,2025-04-01,2026년 현재값이 아닌 과거 가동률 민감도 기준
47111,B02,경상북도,포항시 남구,재가노인복지시설 방문목욕,10,10,0,0.0,0,,,False,방문형·복지용구는 정원 대비 비율 해석 금지,,2025-04-01,2026년 현재값이 아닌 과거 가동률 민감도 기준
47111,B03,경상북도,포항시 남구,재가노인복지시설 주야간보호,14,14,0,474.0,304,0.6413502109704642,0.6413502109704642,True,정원 대비 현원 가동률,0.0,2025-04-01,2026년 현재값이 아닌 과거 가동률 민감도 기준
47111,B05,경상북도,포항시 남구,재가노인복지시설 방문간호,1,1,0,0.0,5,,,False,방문형·복지용구는 정원 대비 비율 해석 금지,,2025-04-01,2026년 현재값이 아닌 과거 가동률 민감도 기준
47111,B06,경상북도,포항시 남구,재가노인복지시설 복지용구,1,1,0,0.0,73,,,False,방문형·복지용구는 정원 대비 비율 해석 금지,,2025-04-01,2026년 현재값이 아닌 과거 가동률 민감도 기준
47111,C01,경상북도,포항시 남구,재가장기요양기관 방문요양,39,39,0,0.0,1104,,,False,방문형·복지용구는 정원 대비 비율 해석 금지,,2025-04-01,2026년 현재값이 아닌 과거 가동률 민감도 기준
47111,C02,경상북도,포항시 남구,재가장기요양기관 방문목욕,26,26,0,0.0,95,,,False,방문형·복지용구는 정원 대비 비율 해석 금지,,2025-04-01,2026년 현재값이 아닌 과거 가동률 민감도 기준
47111,C03,경상북도,포항시 남구,재가장기요양기관 주야간보호,17,17,0,518.0,344,0.6640926640926641,0.6640926640926641,True,정원 대비 현원 가동률,0.0,2025-04-01,2026년 현재값이 아닌 과거 가동률 민감도 기준
47111,C04,경상북도,포항시 남구,재가장기요양기관 단기보호,1,1,0,13.0,4,0.3076923076923077,0.3076923076923077,True,정원 대비 현원 가동률,0.0,2025-04-01,2026년 현재값이 아닌 과거 가동률 민감도 기준
47111,C06,경상북도,포항시 남구,재가장기요양기관 복지용구,1,1,0,0.0,0,,,False,방문형·복지용구는 정원 대비 비율 해석 금지,,2025-04-01,2026년 현재값이 아닌 과거 가동률 민감도 기준
47113,A03,경상북도,포항시 북구,노인요양시설(개정법),19,19,0,969.0,585,0.6037151702786377,0.6037151702786377,True,정원 대비 현원 가동률,0.0,2025-04-01,2026년 현재값이 아닌 과거 가동률 민감도 기준
47113,A04,경상북도,포항시 북구,노인요양공동생활가정,1,1,0,7.0,2,0.2857142857142857,0.2857142857142857,True,정원 대비 현원 가동률,0.0,2025-04-01,2026년 현재값이 아닌 과거 가동률 민감도 기준
47113,B01,경상북도,포항시 북구,재가노인복지시설 방문요양,45,45,0,24.0,1306,54.416666666666664,,False,방문형·복지용구는 정원 대비 비율 해석 금지,,2025-04-01,2026년 현재값이 아닌 과거 가동률 민감도 기준
47113,B02,경상북도,포항시 북구,재가노인복지시설 방문목욕,15,15,0,0.0,63,,,False,방문형·복지용구는 정원 대비 비율 해석 금지,,2025-04-01,2026년 현재값이 아닌 과거 가동률 민감도 기준
47113,B03,경상북도,포항시 북구,재가노인복지시설 주야간보호,19,19,0,692.0,516,0.7456647398843931,0.7456647398843931,True,정원 대비 현원 가동률,0.0,2025-04-01,2026년 현재값이 아닌 과거 가동률 민감도 기준
47113,B06,경상북도,포항시 북구,재가노인복지시설 복지용구,2,2,0,0.0,0,,,False,방문형·복지용구는 정원 대비 비율 해석 금지,,2025-04-01,2026년 현재값이 아닌 과거 가동률 민감도 기준
47113,C01,경상북도,포항시 북구,재가장기요양기관 방문요양,33,33,0,19998.0,747,0.03735373537353735,,False,방문형·복지용구는 정원 대비 비율 해석 금지,,2025-04-01,2026년 현재값이 아닌 과거 가동률 민감도 기준
47113,C02,경상북도,포항시 북구,재가장기요양기관 방문목욕,23,23,0,0.0,194,,,False,방문형·복지용구는 정원 대비 비율 해석 금지,,2025-04-01,2026년 현재값이 아닌 과거 가동률 민감도 기준
47113,C03,경상북도,포항시 북구,재가장기요양기관 주야간보호,10,10,0,320.0,275,0.859375,0.859375,True,정원 대비 현원 가동률,0.0,2025-04-01,2026년 현재값이 아닌 과거 가동률 민감도 기준
47113,C05,경상북도,포항시 북구,재가장기요양기관 방문간호,2,2,0,0.0,26,,,False,방문형·복지용구는 정원 대비 비율 해석 금지,,2025-04-01,2026년 현재값이 아닌 과거 가동률 민감도 기준
47113,C06,경상북도,포항시 북구,재가장기요양기관 복지용구,2,2,0,0.0,7,,,False,방문형·복지용구는 정원 대비 비율 해석 금지,,2025-04-01,2026년 현재값이 아닌 과거 가동률 민감도 기준
47113,I31,경상북도,포항시 북구,주야간보호내치매전담1실,1,1,0,18.0,18,1.0,1.0,True,정원 대비 현원 가동률,0.0,2025-04-01,2026년 현재값이 아닌 과거 가동률 민감도 기준
47113,M31,경상북도,포항시 북구,치매전담실나형1실,1,1,0,16.0,16,1.0,1.0,True,정원 대비 현원 가동률,0.0,2025-04-01,2026년 현재값이 아닌 과거 가동률 민감도 기준
47113,M32,경상북도,포항시 북구,치매전담실나형2실,1,1,0,13.0,12,0.9230769230769231,0.9230769230769231,True,정원 대비 현원 가동률,0.0,2025-04-01,2026년 현재값이 아닌 과거 가동률 민감도 기준
47130,A03,경상북도,경주시,노인요양시설(개정법),17,17,0,835.0,679,0.8131736526946107,0.8131736526946107,True,정원 대비 현원 가동률,0.0,2025-04-01,2026년 현재값이 아닌 과거 가동률 민감도 기준
47130,A04,경상북도,경주시,노인요양공동생활가정,7,7,0,63.0,56,0.8888888888888888,0.8888888888888888,True,정원 대비 현원 가동률,0.0,2025-04-01,2026년 현재값이 아닌 과거 가동률 민감도 기준
47130,B01,경상북도,경주시,재가노인복지시설 방문요양,28,28,0,16.0,584,36.5,,False,방문형·복지용구는 정원 대비 비율 해석 금지,,2025-04-01,2026년 현재값이 아닌 과거 가동률 민감도 기준
47130,B02,경상북도,경주시,재가노인복지시설 방문목욕,15,15,0,5.0,102,20.4,,False,방문형·복지용구는 정원 대비 비율 해석 금지,,2025-04-01,2026년 현재값이 아닌 과거 가동률 민감도 기준
47130,B03,경상북도,경주시,재가노인복지시설 주야간보호,33,33,0,1322.0,1043,0.7889561270801816,0.7889561270801816,True,정원 대비 현원 가동률,3.0,2025-04-01,2026년 현재값이 아닌 과거 가동률 민감도 기준
47130,B06,경상북도,경주시,재가노인복지시설 복지용구,1,1,0,0.0,0,,,False,방문형·복지용구는 정원 대비 비율 해석 금지,,2025-04-01,2026년 현재값이 아닌 과거 가동률 민감도 기준
47130,C01,경상북도,경주시,재가장기요양기관 방문요양,49,49,0,0.0,1867,,,False,방문형·복지용구는 정원 대비 비율 해석 금지,,2025-04-01,2026년 현재값이 아닌 과거 가동률 민감도 기준
47130,C02,경상북도,경주시,재가장기요양기관 방문목욕,43,43,0,0.0,1167,,,False,방문형·복지용구는 정원 대비 비율 해석 금지,,2025-04-01,2026년 현재값이 아닌 과거 가동률 민감도 기준
47130,C03,경상북도,경주시,재가장기요양기관 주야간보호,11,11,0,384.0,330,0.859375,0.859375,True,정원 대비 현원 가동률,1.0,2025-04-01,2026년 현재값이 아닌 과거 가동률 민감도 기준
47130,C05,경상북도,경주시,재가장기요양기관 방문간호,4,4,0,0.0,5,,,False,방문형·복지용구는 정원 대비 비율 해석 금지,,2025-04-01,2026년 현재값이 아닌 과거 가동률 민감도 기준
47130,G31,경상북도,경주시,치매전담실가형1실,2,2,0,19.0,19,1.0,1.0,True,정원 대비 현원 가동률,0.0,2025-04-01,2026년 현재값이 아닌 과거 가동률 민감도 기준
47130,G32,경상북도,경주시,치매전담실가형2실,2,2,0,27.0,27,1.0,1.0,True,정원 대비 현원 가동률,0.0,2025-04-01,2026년 현재값이 아닌 과거 가동률 민감도 기준
47130,H31,경상북도,경주시,주야간보호내치매전담1실,1,1,0,25.0,20,0.8,0.8,True,정원 대비 현원 가동률,0.0,2025-04-01,2026년 현재값이 아닌 과거 가동률 민감도 기준
47130,H32,경상북도,경주시,주야간보호내치매전담2실,1,1,0,25.0,27,1.08,1.08,True,정원 대비 현원 가동률,1.0,2025-04-01,2026년 현재값이 아닌 과거 가동률 민감도 기준
47130,I31,경상북도,경주시,주야간보호내치매전담1실,1,1,0,19.0,18,0.9473684210526315,0.9473684210526315,True,정원 대비 현원 가동률,0.0,2025-04-01,2026년 현재값이 아닌 과거 가동률 민감도 기준
47130,I32,경상북도,경주시,주야간보호내치매전담2실,1,1,0,15.0,0,0.0,0.0,True,정원 대비 현원 가동률,0.0,2025-04-01,2026년 현재값이 아닌 과거 가동률 민감도 기준
47130,S41,경상북도,경주시,치매전담형노인요양공동생활가정,1,1,0,9.0,9,1.0,1.0,True,정원 대비 현원 가동률,0.0,2025-04-01,2026년 현재값이 아닌 과거 가동률 민감도 기준
47150,A03,경상북도,김천시,노인요양시설(개정법),30,30,0,1212.0,878,0.7244224422442245,0.7244224422442245,True,정원 대비 현원 가동률,2.0,2025-04-01,2026년 현재값이 아닌 과거 가동률 민감도 기준
47150,A04,경상북도,김천시,노인요양공동생활가정,12,12,0,105.0,89,0.8476190476190476,0.8476190476190476,True,정원 대비 현원 가동률,2.0,2025-04-01,2026년 현재값이 아닌 과거 가동률 민감도 기준
47150,B01,경상북도,김천시,재가노인복지시설 방문요양,22,22,0,0.0,440,,,False,방문형·복지용구는 정원 대비 비율 해석 금지,,2025-04-01,2026년 현재값이 아닌 과거 가동률 민감도 기준
47150,B02,경상북도,김천시,재가노인복지시설 방문목욕,6,6,0,0.0,8,,,False,방문형·복지용구는 정원 대비 비율 해석 금지,,2025-04-01,2026년 현재값이 아닌 과거 가동률 민감도 기준
47150,B03,경상북도,김천시,재가노인복지시설 주야간보호,17,17,0,455.0,300,0.6593406593406593,0.6593406593406593,True,정원 대비 현원 가동률,0.0,2025-04-01,2026년 현재값이 아닌 과거 가동률 민감도 기준
47150,B05,경상북도,김천시,재가노인복지시설 방문간호,1,1,0,0.0,0,,,False,방문형·복지용구는 정원 대비 비율 해석 금지,,2025-04-01,2026년 현재값이 아닌 과거 가동률 민감도 기준
47150,C01,경상북도,김천시,재가장기요양기관 방문요양,17,17,0,0.0,757,,,False,방문형·복지용구는 정원 대비 비율 해석 금지,,2025-04-01,2026년 현재값이 아닌 과거 가동률 민감도 기준
47150,C02,경상북도,김천시,재가장기요양기관 방문목욕,13,13,0,0.0,2,,,False,방문형·복지용구는 정원 대비 비율 해석 금지,,2025-04-01,2026년 현재값이 아닌 과거 가동률 민감도 기준
47150,C03,경상북도,김천시,재가장기요양기관 주야간보호,21,21,0,407.0,275,0.6756756756756757,0.6756756756756757,True,정원 대비 현원 가동률,2.0,2025-04-01,2026년 현재값이 아닌 과거 가동률 민감도 기준
47150,H31,경상북도,김천시,주야간보호내치매전담1실,2,2,0,50.0,25,0.5,0.5,True,정원 대비 현원 가동률,0.0,2025-04-01,2026년 현재값이 아닌 과거 가동률 민감도 기준
47170,A03,경상북도,안동시,노인요양시설(개정법),16,16,0,939.0,744,0.792332268370607,0.792332268370607,True,정원 대비 현원 가동률,0.0,2025-04-01,2026년 현재값이 아닌 과거 가동률 민감도 기준
47170,A04,경상북도,안동시,노인요양공동생활가정,2,2,0,17.0,16,0.9411764705882353,0.9411764705882353,True,정원 대비 현원 가동률,0.0,2025-04-01,2026년 현재값이 아닌 과거 가동률 민감도 기준
47170,B01,경상북도,안동시,재가노인복지시설 방문요양,23,23,0,0.0,675,,,False,방문형·복지용구는 정원 대비 비율 해석 금지,,2025-04-01,2026년 현재값이 아닌 과거 가동률 민감도 기준
47170,B02,경상북도,안동시,재가노인복지시설 방문목욕,16,16,0,0.0,247,,,False,방문형·복지용구는 정원 대비 비율 해석 금지,,2025-04-01,2026년 현재값이 아닌 과거 가동률 민감도 기준
47170,B03,경상북도,안동시,재가노인복지시설 주야간보호,10,10,0,570.0,424,0.743859649122807,0.743859649122807,True,정원 대비 현원 가동률,4.0,2025-04-01,2026년 현재값이 아닌 과거 가동률 민감도 기준
47170,B04,경상북도,안동시,재가노인복지시설 단기보호,1,1,0,9.0,0,0.0,0.0,True,정원 대비 현원 가동률,0.0,2025-04-01,2026년 현재값이 아닌 과거 가동률 민감도 기준
47170,B05,경상북도,안동시,재가노인복지시설 방문간호,1,1,0,0.0,69,,,False,방문형·복지용구는 정원 대비 비율 해석 금지,,2025-04-01,2026년 현재값이 아닌 과거 가동률 민감도 기준
47170,B06,경상북도,안동시,재가노인복지시설 복지용구,1,1,0,0.0,0,,,False,방문형·복지용구는 정원 대비 비율 해석 금지,,2025-04-01,2026년 현재값이 아닌 과거 가동률 민감도 기준
47170,C01,경상북도,안동시,재가장기요양기관 방문요양,20,20,0,0.0,1212,,,False,방문형·복지용구는 정원 대비 비율 해석 금지,,2025-04-01,2026년 현재값이 아닌 과거 가동률 민감도 기준
47170,C02,경상북도,안동시,재가장기요양기관 방문목욕,16,16,0,0.0,317,,,False,방문형·복지용구는 정원 대비 비율 해석 금지,,2025-04-01,2026년 현재값이 아닌 과거 가동률 민감도 기준
47170,C03,경상북도,안동시,재가장기요양기관 주야간보호,5,5,0,209.0,163,0.7799043062200957,0.7799043062200957,True,정원 대비 현원 가동률,1.0,2025-04-01,2026년 현재값이 아닌 과거 가동률 민감도 기준
47170,C06,경상북도,안동시,재가장기요양기관 복지용구,1,1,0,0.0,11,,,False,방문형·복지용구는 정원 대비 비율 해석 금지,,2025-04-01,2026년 현재값이 아닌 과거 가동률 민감도 기준
47170,I31,경상북도,안동시,주야간보호내치매전담1실,1,1,0,25.0,25,1.0,1.0,True,정원 대비 현원 가동률,0.0,2025-04-01,2026년 현재값이 아닌 과거 가동률 민감도 기준
47190,A03,경상북도,구미시,노인요양시설(개정법),44,44,0,2095.0,1626,0.7761336515513126,0.7761336515513126,True,정원 대비 현원 가동률,1.0,2025-04-01,2026년 현재값이 아닌 과거 가동률 민감도 기준
47190,A04,경상북도,구미시,노인요양공동생활가정,11,11,0,99.0,95,0.9595959595959596,0.9595959595959596,True,정원 대비 현원 가동률,0.0,2025-04-01,2026년 현재값이 아닌 과거 가동률 민감도 기준
47190,B01,경상북도,구미시,재가노인복지시설 방문요양,47,47,0,0.0,656,,,False,방문형·복지용구는 정원 대비 비율 해석 금지,,2025-04-01,2026년 현재값이 아닌 과거 가동률 민감도 기준
47190,B02,경상북도,구미시,재가노인복지시설 방문목욕,16,16,0,0.0,22,,,False,방문형·복지용구는 정원 대비 비율 해석 금지,,2025-04-01,2026년 현재값이 아닌 과거 가동률 민감도 기준
47190,B03,경상북도,구미시,재가노인복지시설 주야간보호,50,50,0,1734.0,1203,0.6937716262975778,0.6937716262975778,True,정원 대비 현원 가동률,1.0,2025-04-01,2026년 현재값이 아닌 과거 가동률 민감도 기준
47190,B05,경상북도,구미시,재가노인복지시설 방문간호,1,1,0,0.0,6,,,False,방문형·복지용구는 정원 대비 비율 해석 금지,,2025-04-01,2026년 현재값이 아닌 과거 가동률 민감도 기준
47190,C01,경상북도,구미시,재가장기요양기관 방문요양,31,31,0,41.0,539,13.146341463414634,,False,방문형·복지용구는 정원 대비 비율 해석 금지,,2025-04-01,2026년 현재값이 아닌 과거 가동률 민감도 기준
47190,C02,경상북도,구미시,재가장기요양기관 방문목욕,21,21,0,35.0,117,3.342857142857143,,False,방문형·복지용구는 정원 대비 비율 해석 금지,,2025-04-01,2026년 현재값이 아닌 과거 가동률 민감도 기준
47190,C03,경상북도,구미시,재가장기요양기관 주야간보호,22,22,0,674.0,528,0.7833827893175074,0.7833827893175074,True,정원 대비 현원 가동률,3.0,2025-04-01,2026년 현재값이 아닌 과거 가동률 민감도 기준
47190,C04,경상북도,구미시,재가장기요양기관 단기보호,1,1,0,5.0,0,0.0,0.0,True,정원 대비 현원 가동률,0.0,2025-04-01,2026년 현재값이 아닌 과거 가동률 민감도 기준
47190,C05,경상북도,구미시,재가장기요양기관 방문간호,2,2,0,0.0,20,,,False,방문형·복지용구는 정원 대비 비율 해석 금지,,2025-04-01,2026년 현재값이 아닌 과거 가동률 민감도 기준
47190,G31,경상북도,구미시,치매전담실가형1실,1,1,0,16.0,16,1.0,1.0,True,정원 대비 현원 가동률,0.0,2025-04-01,2026년 현재값이 아닌 과거 가동률 민감도 기준
47190,H31,경상북도,구미시,주야간보호내치매전담1실,5,5,0,90.0,58,0.6444444444444445,0.6444444444444445,True,정원 대비 현원 가동률,0.0,2025-04-01,2026년 현재값이 아닌 과거 가동률 민감도 기준
47190,H32,경상북도,구미시,주야간보호내치매전담2실,2,2,0,36.0,25,0.6944444444444444,0.6944444444444444,True,정원 대비 현원 가동률,0.0,2025-04-01,2026년 현재값이 아닌 과거 가동률 민감도 기준
47190,I31,경상북도,구미시,주야간보호내치매전담1실,1,1,0,25.0,24,0.96,0.96,True,정원 대비 현원 가동률,0.0,2025-04-01,2026년 현재값이 아닌 과거 가동률 민감도 기준
47190,I32,경상북도,구미시,주야간보호내치매전담2실,1,1,0,25.0,21,0.84,0.84,True,정원 대비 현원 가동률,0.0,2025-04-01,2026년 현재값이 아닌 과거 가동률 민감도 기준
47210,A03,경상북도,영주시,노인요양시설(개정법),19,19,0,852.0,712,0.8356807511737089,0.8356807511737089,True,정원 대비 현원 가동률,0.0,2025-04-01,2026년 현재값이 아닌 과거 가동률 민감도 기준
47210,A04,경상북도,영주시,노인요양공동생활가정,2,2,0,18.0,12,0.6666666666666666,0.6666666666666666,True,정원 대비 현원 가동률,0.0,2025-04-01,2026년 현재값이 아닌 과거 가동률 민감도 기준
47210,B01,경상북도,영주시,재가노인복지시설 방문요양,15,15,0,47.0,413,8.787234042553191,,False,방문형·복지용구는 정원 대비 비율 해석 금지,,2025-04-01,2026년 현재값이 아닌 과거 가동률 민감도 기준
47210,B02,경상북도,영주시,재가노인복지시설 방문목욕,6,6,0,0.0,0,,,False,방문형·복지용구는 정원 대비 비율 해석 금지,,2025-04-01,2026년 현재값이 아닌 과거 가동률 민감도 기준
47210,B03,경상북도,영주시,재가노인복지시설 주야간보호,5,5,0,129.0,120,0.9302325581395349,0.9302325581395349,True,정원 대비 현원 가동률,1.0,2025-04-01,2026년 현재값이 아닌 과거 가동률 민감도 기준
47210,C01,경상북도,영주시,재가장기요양기관 방문요양,10,10,0,0.0,170,,,False,방문형·복지용구는 정원 대비 비율 해석 금지,,2025-04-01,2026년 현재값이 아닌 과거 가동률 민감도 기준
47210,C02,경상북도,영주시,재가장기요양기관 방문목욕,4,4,0,0.0,0,,,False,방문형·복지용구는 정원 대비 비율 해석 금지,,2025-04-01,2026년 현재값이 아닌 과거 가동률 민감도 기준
47210,C03,경상북도,영주시,재가장기요양기관 주야간보호,6,6,0,191.0,163,0.8534031413612565,0.8534031413612565,True,정원 대비 현원 가동률,3.0,2025-04-01,2026년 현재값이 아닌 과거 가동률 민감도 기준
47210,C05,경상북도,영주시,재가장기요양기관 방문간호,1,1,0,0.0,0,,,False,방문형·복지용구는 정원 대비 비율 해석 금지,,2025-04-01,2026년 현재값이 아닌 과거 가동률 민감도 기준
47210,C06,경상북도,영주시,재가장기요양기관 복지용구,2,2,0,0.0,0,,,False,방문형·복지용구는 정원 대비 비율 해석 금지,,2025-04-01,2026년 현재값이 아닌 과거 가동률 민감도 기준
47210,G31,경상북도,영주시,치매전담실가형1실,1,1,0,15.0,0,0.0,0.0,True,정원 대비 현원 가동률,0.0,2025-04-01,2026년 현재값이 아닌 과거 가동률 민감도 기준
47210,S41,경상북도,영주시,치매전담형노인요양공동생활가정,1,1,0,9.0,6,0.6666666666666666,0.6666666666666666,True,정원 대비 현원 가동률,0.0,2025-04-01,2026년 현재값이 아닌 과거 가동률 민감도 기준
47230,A01,경상북도,영천시,노인요양시설,1,1,0,29.0,0,0.0,0.0,True,정원 대비 현원 가동률,0.0,2025-04-01,2026년 현재값이 아닌 과거 가동률 민감도 기준
47230,A03,경상북도,영천시,노인요양시설(개정법),15,15,0,572.0,454,0.7937062937062938,0.7937062937062938,True,정원 대비 현원 가동률,0.0,2025-04-01,2026년 현재값이 아닌 과거 가동률 민감도 기준
47230,A04,경상북도,영천시,노인요양공동생활가정,7,7,0,63.0,57,0.9047619047619048,0.9047619047619048,True,정원 대비 현원 가동률,0.0,2025-04-01,2026년 현재값이 아닌 과거 가동률 민감도 기준
47230,B01,경상북도,영천시,재가노인복지시설 방문요양,23,23,0,40.0,299,7.475,,False,방문형·복지용구는 정원 대비 비율 해석 금지,,2025-04-01,2026년 현재값이 아닌 과거 가동률 민감도 기준
47230,B02,경상북도,영천시,재가노인복지시설 방문목욕,11,11,0,15.0,67,4.466666666666667,,False,방문형·복지용구는 정원 대비 비율 해석 금지,,2025-04-01,2026년 현재값이 아닌 과거 가동률 민감도 기준
47230,B03,경상북도,영천시,재가노인복지시설 주야간보호,12,12,0,460.0,296,0.6434782608695652,0.6434782608695652,True,정원 대비 현원 가동률,1.0,2025-04-01,2026년 현재값이 아닌 과거 가동률 민감도 기준
47230,B05,경상북도,영천시,재가노인복지시설 방문간호,2,2,0,0.0,25,,,False,방문형·복지용구는 정원 대비 비율 해석 금지,,2025-04-01,2026년 현재값이 아닌 과거 가동률 민감도 기준
47230,C01,경상북도,영천시,재가장기요양기관 방문요양,37,37,0,0.0,1004,,,False,방문형·복지용구는 정원 대비 비율 해석 금지,,2025-04-01,2026년 현재값이 아닌 과거 가동률 민감도 기준
47230,C02,경상북도,영천시,재가장기요양기관 방문목욕,20,20,0,0.0,350,,,False,방문형·복지용구는 정원 대비 비율 해석 금지,,2025-04-01,2026년 현재값이 아닌 과거 가동률 민감도 기준
47230,C03,경상북도,영천시,재가장기요양기관 주야간보호,15,15,0,483.0,328,0.6790890269151139,0.6790890269151139,True,정원 대비 현원 가동률,0.0,2025-04-01,2026년 현재값이 아닌 과거 가동률 민감도 기준
47230,C05,경상북도,영천시,재가장기요양기관 방문간호,2,2,0,0.0,0,,,False,방문형·복지용구는 정원 대비 비율 해석 금지,,2025-04-01,2026년 현재값이 아닌 과거 가동률 민감도 기준
47250,A03,경상북도,상주시,노인요양시설(개정법),21,21,0,897.0,802,0.8940914158305463,0.8940914158305463,True,정원 대비 현원 가동률,0.0,2025-04-01,2026년 현재값이 아닌 과거 가동률 민감도 기준
47250,A04,경상북도,상주시,노인요양공동생활가정,1,1,0,9.0,9,1.0,1.0,True,정원 대비 현원 가동률,0.0,2025-04-01,2026년 현재값이 아닌 과거 가동률 민감도 기준
47250,B01,경상북도,상주시,재가노인복지시설 방문요양,20,20,0,0.0,606,,,False,방문형·복지용구는 정원 대비 비율 해석 금지,,2025-04-01,2026년 현재값이 아닌 과거 가동률 민감도 기준
47250,B02,경상북도,상주시,재가노인복지시설 방문목욕,9,9,0,0.0,0,,,False,방문형·복지용구는 정원 대비 비율 해석 금지,,2025-04-01,2026년 현재값이 아닌 과거 가동률 민감도 기준
47250,B03,경상북도,상주시,재가노인복지시설 주야간보호,11,11,0,381.0,333,0.8740157480314961,0.8740157480314961,True,정원 대비 현원 가동률,1.0,2025-04-01,2026년 현재값이 아닌 과거 가동률 민감도 기준
47250,B05,경상북도,상주시,재가노인복지시설 방문간호,1,1,0,0.0,11,,,False,방문형·복지용구는 정원 대비 비율 해석 금지,,2025-04-01,2026년 현재값이 아닌 과거 가동률 민감도 기준
47250,C01,경상북도,상주시,재가장기요양기관 방문요양,27,27,0,70.0,727,10.385714285714286,,False,방문형·복지용구는 정원 대비 비율 해석 금지,,2025-04-01,2026년 현재값이 아닌 과거 가동률 민감도 기준
47250,C02,경상북도,상주시,재가장기요양기관 방문목욕,16,16,0,56.0,293,5.232142857142857,,False,방문형·복지용구는 정원 대비 비율 해석 금지,,2025-04-01,2026년 현재값이 아닌 과거 가동률 민감도 기준
47250,C03,경상북도,상주시,재가장기요양기관 주야간보호,15,15,0,591.0,523,0.8849407783417935,0.8849407783417935,True,정원 대비 현원 가동률,1.0,2025-04-01,2026년 현재값이 아닌 과거 가동률 민감도 기준
47250,C06,경상북도,상주시,재가장기요양기관 복지용구,1,1,0,0.0,0,,,False,방문형·복지용구는 정원 대비 비율 해석 금지,,2025-04-01,2026년 현재값이 아닌 과거 가동률 민감도 기준
47250,H31,경상북도,상주시,주야간보호내치매전담1실,1,1,0,25.0,20,0.8,0.8,True,정원 대비 현원 가동률,0.0,2025-04-01,2026년 현재값이 아닌 과거 가동률 민감도 기준
47280,A03,경상북도,문경시,노인요양시설(개정법),13,13,0,673.0,508,0.7548291233283804,0.7548291233283804,True,정원 대비 현원 가동률,1.0,2025-04-01,2026년 현재값이 아닌 과거 가동률 민감도 기준
47280,A04,경상북도,문경시,노인요양공동생활가정,8,8,0,72.0,72,1.0,1.0,True,정원 대비 현원 가동률,2.0,2025-04-01,2026년 현재값이 아닌 과거 가동률 민감도 기준
47280,B01,경상북도,문경시,재가노인복지시설 방문요양,17,17,0,380.0,180,0.47368421052631576,,False,방문형·복지용구는 정원 대비 비율 해석 금지,,2025-04-01,2026년 현재값이 아닌 과거 가동률 민감도 기준
47280,B02,경상북도,문경시,재가노인복지시설 방문목욕,6,6,0,300.0,0,0.0,,False,방문형·복지용구는 정원 대비 비율 해석 금지,,2025-04-01,2026년 현재값이 아닌 과거 가동률 민감도 기준
47280,B03,경상북도,문경시,재가노인복지시설 주야간보호,15,15,0,477.0,385,0.8071278825995807,0.8071278825995807,True,정원 대비 현원 가동률,0.0,2025-04-01,2026년 현재값이 아닌 과거 가동률 민감도 기준
47280,C01,경상북도,문경시,재가장기요양기관 방문요양,24,24,0,210.0,1061,5.052380952380952,,False,방문형·복지용구는 정원 대비 비율 해석 금지,,2025-04-01,2026년 현재값이 아닌 과거 가동률 민감도 기준
47280,C02,경상북도,문경시,재가장기요양기관 방문목욕,15,15,0,0.0,190,,,False,방문형·복지용구는 정원 대비 비율 해석 금지,,2025-04-01,2026년 현재값이 아닌 과거 가동률 민감도 기준
47280,C03,경상북도,문경시,재가장기요양기관 주야간보호,1,1,0,18.0,19,1.0555555555555556,1.0555555555555556,True,정원 대비 현원 가동률,1.0,2025-04-01,2026년 현재값이 아닌 과거 가동률 민감도 기준
47280,H31,경상북도,문경시,주야간보호내치매전담1실,1,1,0,25.0,21,0.84,0.84,True,정원 대비 현원 가동률,0.0,2025-04-01,2026년 현재값이 아닌 과거 가동률 민감도 기준
47280,H32,경상북도,문경시,주야간보호내치매전담2실,1,1,0,24.0,14,0.5833333333333334,0.5833333333333334,True,정원 대비 현원 가동률,0.0,2025-04-01,2026년 현재값이 아닌 과거 가동률 민감도 기준
47290,A03,경상북도,경산시,노인요양시설(개정법),41,41,0,1795.0,1491,0.8306406685236769,0.8306406685236769,True,정원 대비 현원 가동률,1.0,2025-04-01,2026년 현재값이 아닌 과거 가동률 민감도 기준
47290,A04,경상북도,경산시,노인요양공동생활가정,23,23,0,205.0,190,0.926829268292683,0.926829268292683,True,정원 대비 현원 가동률,1.0,2025-04-01,2026년 현재값이 아닌 과거 가동률 민감도 기준
47290,B01,경상북도,경산시,재가노인복지시설 방문요양,52,52,0,0.0,793,,,False,방문형·복지용구는 정원 대비 비율 해석 금지,,2025-04-01,2026년 현재값이 아닌 과거 가동률 민감도 기준
47290,B02,경상북도,경산시,재가노인복지시설 방문목욕,22,22,0,0.0,0,,,False,방문형·복지용구는 정원 대비 비율 해석 금지,,2025-04-01,2026년 현재값이 아닌 과거 가동률 민감도 기준
47290,B03,경상북도,경산시,재가노인복지시설 주야간보호,29,29,0,1115.0,763,0.684304932735426,0.684304932735426,True,정원 대비 현원 가동률,1.0,2025-04-01,2026년 현재값이 아닌 과거 가동률 민감도 기준
47290,B04,경상북도,경산시,재가노인복지시설 단기보호,1,1,0,8.0,0,0.0,0.0,True,정원 대비 현원 가동률,0.0,2025-04-01,2026년 현재값이 아닌 과거 가동률 민감도 기준
47290,C01,경상북도,경산시,재가장기요양기관 방문요양,39,39,0,0.0,1227,,,False,방문형·복지용구는 정원 대비 비율 해석 금지,,2025-04-01,2026년 현재값이 아닌 과거 가동률 민감도 기준
47290,C02,경상북도,경산시,재가장기요양기관 방문목욕,26,26,0,0.0,268,,,False,방문형·복지용구는 정원 대비 비율 해석 금지,,2025-04-01,2026년 현재값이 아닌 과거 가동률 민감도 기준
47290,C03,경상북도,경산시,재가장기요양기관 주야간보호,34,34,0,1023.0,649,0.6344086021505376,0.6344086021505376,True,정원 대비 현원 가동률,0.0,2025-04-01,2026년 현재값이 아닌 과거 가동률 민감도 기준
47290,C04,경상북도,경산시,재가장기요양기관 단기보호,1,1,0,9.0,0,0.0,0.0,True,정원 대비 현원 가동률,0.0,2025-04-01,2026년 현재값이 아닌 과거 가동률 민감도 기준
47290,C06,경상북도,경산시,재가장기요양기관 복지용구,1,1,0,0.0,0,,,False,방문형·복지용구는 정원 대비 비율 해석 금지,,2025-04-01,2026년 현재값이 아닌 과거 가동률 민감도 기준
47290,G31,경상북도,경산시,치매전담실가형1실,1,1,0,12.0,12,1.0,1.0,True,정원 대비 현원 가동률,0.0,2025-04-01,2026년 현재값이 아닌 과거 가동률 민감도 기준
47290,G32,경상북도,경산시,치매전담실가형2실,1,1,0,12.0,12,1.0,1.0,True,정원 대비 현원 가동률,0.0,2025-04-01,2026년 현재값이 아닌 과거 가동률 민감도 기준
47730,A03,경상북도,의성군,노인요양시설(개정법),16,16,0,566.0,463,0.8180212014134276,0.8180212014134276,True,정원 대비 현원 가동률,0.0,2025-04-01,2026년 현재값이 아닌 과거 가동률 민감도 기준
47730,A04,경상북도,의성군,노인요양공동생활가정,2,2,0,17.0,16,0.9411764705882353,0.9411764705882353,True,정원 대비 현원 가동률,0.0,2025-04-01,2026년 현재값이 아닌 과거 가동률 민감도 기준
47730,B01,경상북도,의성군,재가노인복지시설 방문요양,17,17,0,30.0,500,16.666666666666668,,False,방문형·복지용구는 정원 대비 비율 해석 금지,,2025-04-01,2026년 현재값이 아닌 과거 가동률 민감도 기준
47730,B02,경상북도,의성군,재가노인복지시설 방문목욕,5,5,0,0.0,60,,,False,방문형·복지용구는 정원 대비 비율 해석 금지,,2025-04-01,2026년 현재값이 아닌 과거 가동률 민감도 기준
47730,B03,경상북도,의성군,재가노인복지시설 주야간보호,7,7,0,195.0,118,0.6051282051282051,0.6051282051282051,True,정원 대비 현원 가동률,0.0,2025-04-01,2026년 현재값이 아닌 과거 가동률 민감도 기준
47730,B04,경상북도,의성군,재가노인복지시설 단기보호,1,1,0,10.0,0,0.0,0.0,True,정원 대비 현원 가동률,0.0,2025-04-01,2026년 현재값이 아닌 과거 가동률 민감도 기준
47730,C01,경상북도,의성군,재가장기요양기관 방문요양,10,10,0,12.0,338,28.166666666666668,,False,방문형·복지용구는 정원 대비 비율 해석 금지,,2025-04-01,2026년 현재값이 아닌 과거 가동률 민감도 기준
47730,C02,경상북도,의성군,재가장기요양기관 방문목욕,4,4,0,0.0,151,,,False,방문형·복지용구는 정원 대비 비율 해석 금지,,2025-04-01,2026년 현재값이 아닌 과거 가동률 민감도 기준
47730,C03,경상북도,의성군,재가장기요양기관 주야간보호,1,1,0,34.0,34,1.0,1.0,True,정원 대비 현원 가동률,0.0,2025-04-01,2026년 현재값이 아닌 과거 가동률 민감도 기준
47730,C06,경상북도,의성군,재가장기요양기관 복지용구,1,1,0,0.0,0,,,False,방문형·복지용구는 정원 대비 비율 해석 금지,,2025-04-01,2026년 현재값이 아닌 과거 가동률 민감도 기준
47730,G31,경상북도,의성군,치매전담실가형1실,2,2,0,10.0,0,0.0,0.0,True,정원 대비 현원 가동률,0.0,2025-04-01,2026년 현재값이 아닌 과거 가동률 민감도 기준
47730,H31,경상북도,의성군,주야간보호내치매전담1실,1,1,0,2.0,0,0.0,0.0,True,정원 대비 현원 가동률,0.0,2025-04-01,2026년 현재값이 아닌 과거 가동률 민감도 기준
47730,S41,경상북도,의성군,치매전담형노인요양공동생활가정,1,1,0,9.0,8,0.8888888888888888,0.8888888888888888,True,정원 대비 현원 가동률,0.0,2025-04-01,2026년 현재값이 아닌 과거 가동률 민감도 기준
47750,A03,경상북도,청송군,노인요양시설(개정법),5,5,0,303.0,273,0.900990099009901,0.900990099009901,True,정원 대비 현원 가동률,0.0,2025-04-01,2026년 현재값이 아닌 과거 가동률 민감도 기준
47750,B01,경상북도,청송군,재가노인복지시설 방문요양,3,3,0,0.0,149,,,False,방문형·복지용구는 정원 대비 비율 해석 금지,,2025-04-01,2026년 현재값이 아닌 과거 가동률 민감도 기준
47750,B02,경상북도,청송군,재가노인복지시설 방문목욕,3,3,0,0.0,92,,,False,방문형·복지용구는 정원 대비 비율 해석 금지,,2025-04-01,2026년 현재값이 아닌 과거 가동률 민감도 기준
47750,B03,경상북도,청송군,재가노인복지시설 주야간보호,4,4,0,135.0,108,0.8,0.8,True,정원 대비 현원 가동률,0.0,2025-04-01,2026년 현재값이 아닌 과거 가동률 민감도 기준
47750,C01,경상북도,청송군,재가장기요양기관 방문요양,3,3,0,16.0,203,12.6875,,False,방문형·복지용구는 정원 대비 비율 해석 금지,,2025-04-01,2026년 현재값이 아닌 과거 가동률 민감도 기준
47750,C02,경상북도,청송군,재가장기요양기관 방문목욕,3,3,0,16.0,80,5.0,,False,방문형·복지용구는 정원 대비 비율 해석 금지,,2025-04-01,2026년 현재값이 아닌 과거 가동률 민감도 기준
47750,C03,경상북도,청송군,재가장기요양기관 주야간보호,1,1,0,27.0,20,0.7407407407407407,0.7407407407407407,True,정원 대비 현원 가동률,0.0,2025-04-01,2026년 현재값이 아닌 과거 가동률 민감도 기준
47750,G31,경상북도,청송군,치매전담실가형1실,1,1,0,12.0,12,1.0,1.0,True,정원 대비 현원 가동률,0.0,2025-04-01,2026년 현재값이 아닌 과거 가동률 민감도 기준
47760,A03,경상북도,영양군,노인요양시설(개정법),4,4,0,185.0,132,0.7135135135135136,0.7135135135135136,True,정원 대비 현원 가동률,0.0,2025-04-01,2026년 현재값이 아닌 과거 가동률 민감도 기준
47760,A04,경상북도,영양군,노인요양공동생활가정,2,2,0,18.0,11,0.6111111111111112,0.6111111111111112,True,정원 대비 현원 가동률,0.0,2025-04-01,2026년 현재값이 아닌 과거 가동률 민감도 기준
47760,B01,경상북도,영양군,재가노인복지시설 방문요양,4,4,0,100.0,27,0.27,,False,방문형·복지용구는 정원 대비 비율 해석 금지,,2025-04-01,2026년 현재값이 아닌 과거 가동률 민감도 기준
47760,B02,경상북도,영양군,재가노인복지시설 방문목욕,2,2,0,0.0,0,,,False,방문형·복지용구는 정원 대비 비율 해석 금지,,2025-04-01,2026년 현재값이 아닌 과거 가동률 민감도 기준
47760,B03,경상북도,영양군,재가노인복지시설 주야간보호,3,3,0,70.0,58,0.8285714285714286,0.8285714285714286,True,정원 대비 현원 가동률,0.0,2025-04-01,2026년 현재값이 아닌 과거 가동률 민감도 기준
47760,C01,경상북도,영양군,재가장기요양기관 방문요양,5,5,0,100.0,159,1.59,,False,방문형·복지용구는 정원 대비 비율 해석 금지,,2025-04-01,2026년 현재값이 아닌 과거 가동률 민감도 기준
47760,C02,경상북도,영양군,재가장기요양기관 방문목욕,4,4,0,100.0,0,0.0,,False,방문형·복지용구는 정원 대비 비율 해석 금지,,2025-04-01,2026년 현재값이 아닌 과거 가동률 민감도 기준
47760,H31,경상북도,영양군,주야간보호내치매전담1실,1,1,0,16.0,11,0.6875,0.6875,True,정원 대비 현원 가동률,0.0,2025-04-01,2026년 현재값이 아닌 과거 가동률 민감도 기준
47770,A03,경상북도,영덕군,노인요양시설(개정법),5,5,0,306.0,186,0.6078431372549019,0.6078431372549019,True,정원 대비 현원 가동률,0.0,2025-04-01,2026년 현재값이 아닌 과거 가동률 민감도 기준
47770,B01,경상북도,영덕군,재가노인복지시설 방문요양,9,9,0,0.0,247,,,False,방문형·복지용구는 정원 대비 비율 해석 금지,,2025-04-01,2026년 현재값이 아닌 과거 가동률 민감도 기준
47770,B02,경상북도,영덕군,재가노인복지시설 방문목욕,3,3,0,0.0,0,,,False,방문형·복지용구는 정원 대비 비율 해석 금지,,2025-04-01,2026년 현재값이 아닌 과거 가동률 민감도 기준
47770,B03,경상북도,영덕군,재가노인복지시설 주야간보호,5,5,0,198.0,156,0.7878787878787878,0.7878787878787878,True,정원 대비 현원 가동률,0.0,2025-04-01,2026년 현재값이 아닌 과거 가동률 민감도 기준
47770,C01,경상북도,영덕군,재가장기요양기관 방문요양,11,11,0,0.0,340,,,False,방문형·복지용구는 정원 대비 비율 해석 금지,,2025-04-01,2026년 현재값이 아닌 과거 가동률 민감도 기준
47770,C02,경상북도,영덕군,재가장기요양기관 방문목욕,7,7,0,0.0,78,,,False,방문형·복지용구는 정원 대비 비율 해석 금지,,2025-04-01,2026년 현재값이 아닌 과거 가동률 민감도 기준
47770,C03,경상북도,영덕군,재가장기요양기관 주야간보호,10,10,0,343.0,315,0.9183673469387755,0.9183673469387755,True,정원 대비 현원 가동률,0.0,2025-04-01,2026년 현재값이 아닌 과거 가동률 민감도 기준
47820,A03,경상북도,청도군,노인요양시설(개정법),8,8,0,381.0,255,0.6692913385826772,0.6692913385826772,True,정원 대비 현원 가동률,0.0,2025-04-01,2026년 현재값이 아닌 과거 가동률 민감도 기준
47820,A04,경상북도,청도군,노인요양공동생활가정,7,7,0,60.0,60,1.0,1.0,True,정원 대비 현원 가동률,1.0,2025-04-01,2026년 현재값이 아닌 과거 가동률 민감도 기준
47820,B01,경상북도,청도군,재가노인복지시설 방문요양,16,16,0,100.0,230,2.3,,False,방문형·복지용구는 정원 대비 비율 해석 금지,,2025-04-01,2026년 현재값이 아닌 과거 가동률 민감도 기준
47820,B02,경상북도,청도군,재가노인복지시설 방문목욕,12,12,0,0.0,0,,,False,방문형·복지용구는 정원 대비 비율 해석 금지,,2025-04-01,2026년 현재값이 아닌 과거 가동률 민감도 기준
47820,B03,경상북도,청도군,재가노인복지시설 주야간보호,8,8,0,241.0,190,0.7883817427385892,0.7883817427385892,True,정원 대비 현원 가동률,0.0,2025-04-01,2026년 현재값이 아닌 과거 가동률 민감도 기준
47820,C01,경상북도,청도군,재가장기요양기관 방문요양,13,13,0,18.0,518,28.77777777777778,,False,방문형·복지용구는 정원 대비 비율 해석 금지,,2025-04-01,2026년 현재값이 아닌 과거 가동률 민감도 기준
47820,C02,경상북도,청도군,재가장기요양기관 방문목욕,11,11,0,18.0,148,8.222222222222221,,False,방문형·복지용구는 정원 대비 비율 해석 금지,,2025-04-01,2026년 현재값이 아닌 과거 가동률 민감도 기준
47820,C03,경상북도,청도군,재가장기요양기관 주야간보호,11,11,0,384.0,360,0.9375,0.9375,True,정원 대비 현원 가동률,1.0,2025-04-01,2026년 현재값이 아닌 과거 가동률 민감도 기준
47820,H31,경상북도,청도군,주야간보호내치매전담1실,1,1,0,25.0,15,0.6,0.6,True,정원 대비 현원 가동률,0.0,2025-04-01,2026년 현재값이 아닌 과거 가동률 민감도 기준
47830,A03,경상북도,고령군,노인요양시설(개정법),6,6,0,283.0,188,0.6643109540636042,0.6643109540636042,True,정원 대비 현원 가동률,0.0,2025-04-01,2026년 현재값이 아닌 과거 가동률 민감도 기준
47830,A04,경상북도,고령군,노인요양공동생활가정,1,1,0,9.0,7,0.7777777777777778,0.7777777777777778,True,정원 대비 현원 가동률,0.0,2025-04-01,2026년 현재값이 아닌 과거 가동률 민감도 기준
47830,B01,경상북도,고령군,재가노인복지시설 방문요양,6,6,0,0.0,71,,,False,방문형·복지용구는 정원 대비 비율 해석 금지,,2025-04-01,2026년 현재값이 아닌 과거 가동률 민감도 기준
47830,B02,경상북도,고령군,재가노인복지시설 방문목욕,2,2,0,0.0,31,,,False,방문형·복지용구는 정원 대비 비율 해석 금지,,2025-04-01,2026년 현재값이 아닌 과거 가동률 민감도 기준
47830,B03,경상북도,고령군,재가노인복지시설 주야간보호,4,4,0,88.0,73,0.8295454545454546,0.8295454545454546,True,정원 대비 현원 가동률,0.0,2025-04-01,2026년 현재값이 아닌 과거 가동률 민감도 기준
47830,C01,경상북도,고령군,재가장기요양기관 방문요양,4,4,0,0.0,98,,,False,방문형·복지용구는 정원 대비 비율 해석 금지,,2025-04-01,2026년 현재값이 아닌 과거 가동률 민감도 기준
47830,C02,경상북도,고령군,재가장기요양기관 방문목욕,2,2,0,0.0,2,,,False,방문형·복지용구는 정원 대비 비율 해석 금지,,2025-04-01,2026년 현재값이 아닌 과거 가동률 민감도 기준
47830,C03,경상북도,고령군,재가장기요양기관 주야간보호,3,3,0,68.0,57,0.8382352941176471,0.8382352941176471,True,정원 대비 현원 가동률,0.0,2025-04-01,2026년 현재값이 아닌 과거 가동률 민감도 기준
47840,A03,경상북도,성주군,노인요양시설(개정법),7,7,0,392.0,275,0.701530612244898,0.701530612244898,True,정원 대비 현원 가동률,0.0,2025-04-01,2026년 현재값이 아닌 과거 가동률 민감도 기준
47840,A04,경상북도,성주군,노인요양공동생활가정,3,3,0,27.0,26,0.9629629629629629,0.9629629629629629,True,정원 대비 현원 가동률,0.0,2025-04-01,2026년 현재값이 아닌 과거 가동률 민감도 기준
47840,B01,경상북도,성주군,재가노인복지시설 방문요양,9,9,0,0.0,148,,,False,방문형·복지용구는 정원 대비 비율 해석 금지,,2025-04-01,2026년 현재값이 아닌 과거 가동률 민감도 기준
47840,B02,경상북도,성주군,재가노인복지시설 방문목욕,3,3,0,0.0,0,,,False,방문형·복지용구는 정원 대비 비율 해석 금지,,2025-04-01,2026년 현재값이 아닌 과거 가동률 민감도 기준
47840,B03,경상북도,성주군,재가노인복지시설 주야간보호,8,8,0,278.0,216,0.7769784172661871,0.7769784172661871,True,정원 대비 현원 가동률,0.0,2025-04-01,2026년 현재값이 아닌 과거 가동률 민감도 기준
47840,B06,경상북도,성주군,재가노인복지시설 복지용구,1,1,0,0.0,0,,,False,방문형·복지용구는 정원 대비 비율 해석 금지,,2025-04-01,2026년 현재값이 아닌 과거 가동률 민감도 기준
47840,C01,경상북도,성주군,재가장기요양기관 방문요양,8,8,0,0.0,265,,,False,방문형·복지용구는 정원 대비 비율 해석 금지,,2025-04-01,2026년 현재값이 아닌 과거 가동률 민감도 기준
47840,C02,경상북도,성주군,재가장기요양기관 방문목욕,4,4,0,0.0,60,,,False,방문형·복지용구는 정원 대비 비율 해석 금지,,2025-04-01,2026년 현재값이 아닌 과거 가동률 민감도 기준
47840,C03,경상북도,성주군,재가장기요양기관 주야간보호,4,4,0,226.0,177,0.7831858407079646,0.7831858407079646,True,정원 대비 현원 가동률,0.0,2025-04-01,2026년 현재값이 아닌 과거 가동률 민감도 기준
47850,A03,경상북도,칠곡군,노인요양시설(개정법),18,18,0,855.0,628,0.7345029239766082,0.7345029239766082,True,정원 대비 현원 가동률,0.0,2025-04-01,2026년 현재값이 아닌 과거 가동률 민감도 기준
47850,A04,경상북도,칠곡군,노인요양공동생활가정,6,6,0,52.0,47,0.9038461538461539,0.9038461538461539,True,정원 대비 현원 가동률,0.0,2025-04-01,2026년 현재값이 아닌 과거 가동률 민감도 기준
47850,B01,경상북도,칠곡군,재가노인복지시설 방문요양,16,16,0,0.0,307,,,False,방문형·복지용구는 정원 대비 비율 해석 금지,,2025-04-01,2026년 현재값이 아닌 과거 가동률 민감도 기준
47850,B02,경상북도,칠곡군,재가노인복지시설 방문목욕,3,3,0,0.0,21,,,False,방문형·복지용구는 정원 대비 비율 해석 금지,,2025-04-01,2026년 현재값이 아닌 과거 가동률 민감도 기준
47850,B03,경상북도,칠곡군,재가노인복지시설 주야간보호,8,8,0,277.0,192,0.6931407942238267,0.6931407942238267,True,정원 대비 현원 가동률,0.0,2025-04-01,2026년 현재값이 아닌 과거 가동률 민감도 기준
47850,B04,경상북도,칠곡군,재가노인복지시설 단기보호,1,1,0,6.0,0,0.0,0.0,True,정원 대비 현원 가동률,0.0,2025-04-01,2026년 현재값이 아닌 과거 가동률 민감도 기준
47850,C01,경상북도,칠곡군,재가장기요양기관 방문요양,17,17,0,0.0,509,,,False,방문형·복지용구는 정원 대비 비율 해석 금지,,2025-04-01,2026년 현재값이 아닌 과거 가동률 민감도 기준
47850,C02,경상북도,칠곡군,재가장기요양기관 방문목욕,8,8,0,0.0,47,,,False,방문형·복지용구는 정원 대비 비율 해석 금지,,2025-04-01,2026년 현재값이 아닌 과거 가동률 민감도 기준
47850,C03,경상북도,칠곡군,재가장기요양기관 주야간보호,12,12,0,502.0,442,0.8804780876494024,0.8804780876494024,True,정원 대비 현원 가동률,1.0,2025-04-01,2026년 현재값이 아닌 과거 가동률 민감도 기준
47850,C05,경상북도,칠곡군,재가장기요양기관 방문간호,1,1,0,0.0,0,,,False,방문형·복지용구는 정원 대비 비율 해석 금지,,2025-04-01,2026년 현재값이 아닌 과거 가동률 민감도 기준
47850,C06,경상북도,칠곡군,재가장기요양기관 복지용구,1,1,0,0.0,17,,,False,방문형·복지용구는 정원 대비 비율 해석 금지,,2025-04-01,2026년 현재값이 아닌 과거 가동률 민감도 기준
47900,A03,경상북도,예천군,노인요양시설(개정법),6,6,0,336.0,261,0.7767857142857143,0.7767857142857143,True,정원 대비 현원 가동률,0.0,2025-04-01,2026년 현재값이 아닌 과거 가동률 민감도 기준
47900,B01,경상북도,예천군,재가노인복지시설 방문요양,8,8,0,0.0,210,,,False,방문형·복지용구는 정원 대비 비율 해석 금지,,2025-04-01,2026년 현재값이 아닌 과거 가동률 민감도 기준
47900,B02,경상북도,예천군,재가노인복지시설 방문목욕,1,1,0,0.0,2,,,False,방문형·복지용구는 정원 대비 비율 해석 금지,,2025-04-01,2026년 현재값이 아닌 과거 가동률 민감도 기준
47900,B03,경상북도,예천군,재가노인복지시설 주야간보호,2,2,0,74.0,46,0.6216216216216216,0.6216216216216216,True,정원 대비 현원 가동률,0.0,2025-04-01,2026년 현재값이 아닌 과거 가동률 민감도 기준
47900,B05,경상북도,예천군,재가노인복지시설 방문간호,1,1,0,0.0,29,,,False,방문형·복지용구는 정원 대비 비율 해석 금지,,2025-04-01,2026년 현재값이 아닌 과거 가동률 민감도 기준
47900,B06,경상북도,예천군,재가노인복지시설 복지용구,1,1,0,0.0,41,,,False,방문형·복지용구는 정원 대비 비율 해석 금지,,2025-04-01,2026년 현재값이 아닌 과거 가동률 민감도 기준
47900,C01,경상북도,예천군,재가장기요양기관 방문요양,17,17,0,20.0,655,32.75,,False,방문형·복지용구는 정원 대비 비율 해석 금지,,2025-04-01,2026년 현재값이 아닌 과거 가동률 민감도 기준
47900,C02,경상북도,예천군,재가장기요양기관 방문목욕,5,5,0,0.0,4,,,False,방문형·복지용구는 정원 대비 비율 해석 금지,,2025-04-01,2026년 현재값이 아닌 과거 가동률 민감도 기준
47900,C03,경상북도,예천군,재가장기요양기관 주야간보호,2,2,0,67.0,68,1.0149253731343284,1.0149253731343284,True,정원 대비 현원 가동률,1.0,2025-04-01,2026년 현재값이 아닌 과거 가동률 민감도 기준
47900,C06,경상북도,예천군,재가장기요양기관 복지용구,3,3,0,0.0,2,,,False,방문형·복지용구는 정원 대비 비율 해석 금지,,2025-04-01,2026년 현재값이 아닌 과거 가동률 민감도 기준
47900,G31,경상북도,예천군,치매전담실가형1실,1,1,0,8.0,8,1.0,1.0,True,정원 대비 현원 가동률,0.0,2025-04-01,2026년 현재값이 아닌 과거 가동률 민감도 기준
47900,H31,경상북도,예천군,주야간보호내치매전담1실,2,2,0,36.0,20,0.5555555555555556,0.5555555555555556,True,정원 대비 현원 가동률,0.0,2025-04-01,2026년 현재값이 아닌 과거 가동률 민감도 기준
47900,H32,경상북도,예천군,주야간보호내치매전담2실,1,1,0,25.0,20,0.8,0.8,True,정원 대비 현원 가동률,0.0,2025-04-01,2026년 현재값이 아닌 과거 가동률 민감도 기준
47900,I31,경상북도,예천군,주야간보호내치매전담1실,1,1,0,25.0,25,1.0,1.0,True,정원 대비 현원 가동률,0.0,2025-04-01,2026년 현재값이 아닌 과거 가동률 민감도 기준
47920,A03,경상북도,봉화군,노인요양시설(개정법),5,5,0,269.0,234,0.8698884758364313,0.8698884758364313,True,정원 대비 현원 가동률,0.0,2025-04-01,2026년 현재값이 아닌 과거 가동률 민감도 기준
47920,B01,경상북도,봉화군,재가노인복지시설 방문요양,5,5,0,0.0,200,,,False,방문형·복지용구는 정원 대비 비율 해석 금지,,2025-04-01,2026년 현재값이 아닌 과거 가동률 민감도 기준
47920,B02,경상북도,봉화군,재가노인복지시설 방문목욕,1,1,0,0.0,0,,,False,방문형·복지용구는 정원 대비 비율 해석 금지,,2025-04-01,2026년 현재값이 아닌 과거 가동률 민감도 기준
47920,B03,경상북도,봉화군,재가노인복지시설 주야간보호,1,1,0,0.0,0,,,True,정원 대비 현원 가동률,0.0,2025-04-01,2026년 현재값이 아닌 과거 가동률 민감도 기준
47920,C01,경상북도,봉화군,재가장기요양기관 방문요양,2,2,0,0.0,234,,,False,방문형·복지용구는 정원 대비 비율 해석 금지,,2025-04-01,2026년 현재값이 아닌 과거 가동률 민감도 기준
47920,C03,경상북도,봉화군,재가장기요양기관 주야간보호,1,1,0,24.0,24,1.0,1.0,True,정원 대비 현원 가동률,0.0,2025-04-01,2026년 현재값이 아닌 과거 가동률 민감도 기준
47920,G31,경상북도,봉화군,치매전담실가형1실,1,1,0,16.0,16,1.0,1.0,True,정원 대비 현원 가동률,0.0,2025-04-01,2026년 현재값이 아닌 과거 가동률 민감도 기준
47920,G32,경상북도,봉화군,치매전담실가형2실,1,1,0,14.0,14,1.0,1.0,True,정원 대비 현원 가동률,0.0,2025-04-01,2026년 현재값이 아닌 과거 가동률 민감도 기준
47920,G33,경상북도,봉화군,치매전담실가형3실,1,1,0,16.0,16,1.0,1.0,True,정원 대비 현원 가동률,0.0,2025-04-01,2026년 현재값이 아닌 과거 가동률 민감도 기준
47920,H31,경상북도,봉화군,주야간보호내치매전담1실,1,1,0,24.0,24,1.0,1.0,True,정원 대비 현원 가동률,0.0,2025-04-01,2026년 현재값이 아닌 과거 가동률 민감도 기준
47930,A03,경상북도,울진군,노인요양시설(개정법),4,4,0,291.0,226,0.7766323024054983,0.7766323024054983,True,정원 대비 현원 가동률,0.0,2025-04-01,2026년 현재값이 아닌 과거 가동률 민감도 기준
47930,B01,경상북도,울진군,재가노인복지시설 방문요양,12,12,0,14.0,318,22.714285714285715,,False,방문형·복지용구는 정원 대비 비율 해석 금지,,2025-04-01,2026년 현재값이 아닌 과거 가동률 민감도 기준
47930,B02,경상북도,울진군,재가노인복지시설 방문목욕,4,4,0,0.0,99,,,False,방문형·복지용구는 정원 대비 비율 해석 금지,,2025-04-01,2026년 현재값이 아닌 과거 가동률 민감도 기준
47930,B03,경상북도,울진군,재가노인복지시설 주야간보호,8,8,0,322.0,229,0.7111801242236024,0.7111801242236024,True,정원 대비 현원 가동률,0.0,2025-04-01,2026년 현재값이 아닌 과거 가동률 민감도 기준
47930,B05,경상북도,울진군,재가노인복지시설 방문간호,1,1,0,0.0,13,,,False,방문형·복지용구는 정원 대비 비율 해석 금지,,2025-04-01,2026년 현재값이 아닌 과거 가동률 민감도 기준
47930,B06,경상북도,울진군,재가노인복지시설 복지용구,1,1,0,0.0,0,,,False,방문형·복지용구는 정원 대비 비율 해석 금지,,2025-04-01,2026년 현재값이 아닌 과거 가동률 민감도 기준
47930,C01,경상북도,울진군,재가장기요양기관 방문요양,8,8,0,0.0,611,,,False,방문형·복지용구는 정원 대비 비율 해석 금지,,2025-04-01,2026년 현재값이 아닌 과거 가동률 민감도 기준
47930,C02,경상북도,울진군,재가장기요양기관 방문목욕,6,6,0,0.0,228,,,False,방문형·복지용구는 정원 대비 비율 해석 금지,,2025-04-01,2026년 현재값이 아닌 과거 가동률 민감도 기준
47930,C03,경상북도,울진군,재가장기요양기관 주야간보호,1,1,0,15.0,15,1.0,1.0,True,정원 대비 현원 가동률,0.0,2025-04-01,2026년 현재값이 아닌 과거 가동률 민감도 기준
47930,H31,경상북도,울진군,주야간보호내치매전담1실,1,1,0,6.0,0,0.0,0.0,True,정원 대비 현원 가동률,0.0,2025-04-01,2026년 현재값이 아닌 과거 가동률 민감도 기준
47940,A03,경상북도,울릉군,노인요양시설(개정법),1,1,0,60.0,27,0.45,0.45,True,정원 대비 현원 가동률,0.0,2025-04-01,2026년 현재값이 아닌 과거 가동률 민감도 기준
47940,C01,경상북도,울릉군,재가장기요양기관 방문요양,1,1,0,0.0,10,,,False,방문형·복지용구는 정원 대비 비율 해석 금지,,2025-04-01,2026년 현재값이 아닌 과거 가동률 민감도 기준
48121,A03,경상남도,창원시 의창구,노인요양시설(개정법),15,15,0,839.0,694,0.8271752085816448,0.8271752085816448,True,정원 대비 현원 가동률,2.0,2025-04-01,2026년 현재값이 아닌 과거 가동률 민감도 기준
48121,A04,경상남도,창원시 의창구,노인요양공동생활가정,4,4,0,35.0,28,0.8,0.8,True,정원 대비 현원 가동률,1.0,2025-04-01,2026년 현재값이 아닌 과거 가동률 민감도 기준
48121,B01,경상남도,창원시 의창구,재가노인복지시설 방문요양,46,46,0,20.0,616,30.8,,False,방문형·복지용구는 정원 대비 비율 해석 금지,,2025-04-01,2026년 현재값이 아닌 과거 가동률 민감도 기준
48121,B02,경상남도,창원시 의창구,재가노인복지시설 방문목욕,30,30,0,50.0,37,0.74,,False,방문형·복지용구는 정원 대비 비율 해석 금지,,2025-04-01,2026년 현재값이 아닌 과거 가동률 민감도 기준
48121,B03,경상남도,창원시 의창구,재가노인복지시설 주야간보호,26,26,0,929.0,612,0.658772874058127,0.658772874058127,True,정원 대비 현원 가동률,1.0,2025-04-01,2026년 현재값이 아닌 과거 가동률 민감도 기준
48121,B05,경상남도,창원시 의창구,재가노인복지시설 방문간호,2,2,0,0.0,32,,,False,방문형·복지용구는 정원 대비 비율 해석 금지,,2025-04-01,2026년 현재값이 아닌 과거 가동률 민감도 기준
48121,B06,경상남도,창원시 의창구,재가노인복지시설 복지용구,2,2,0,0.0,0,,,False,방문형·복지용구는 정원 대비 비율 해석 금지,,2025-04-01,2026년 현재값이 아닌 과거 가동률 민감도 기준
48121,C01,경상남도,창원시 의창구,재가장기요양기관 방문요양,23,23,0,10.0,550,55.0,,False,방문형·복지용구는 정원 대비 비율 해석 금지,,2025-04-01,2026년 현재값이 아닌 과거 가동률 민감도 기준
48121,C02,경상남도,창원시 의창구,재가장기요양기관 방문목욕,17,17,0,15.0,7,0.4666666666666667,,False,방문형·복지용구는 정원 대비 비율 해석 금지,,2025-04-01,2026년 현재값이 아닌 과거 가동률 민감도 기준
48121,C03,경상남도,창원시 의창구,재가장기요양기관 주야간보호,7,7,0,231.0,187,0.8095238095238095,0.8095238095238095,True,정원 대비 현원 가동률,1.0,2025-04-01,2026년 현재값이 아닌 과거 가동률 민감도 기준
48121,C05,경상남도,창원시 의창구,재가장기요양기관 방문간호,1,1,0,0.0,0,,,False,방문형·복지용구는 정원 대비 비율 해석 금지,,2025-04-01,2026년 현재값이 아닌 과거 가동률 민감도 기준
48121,H31,경상남도,창원시 의창구,주야간보호내치매전담1실,1,1,0,9.0,9,1.0,1.0,True,정원 대비 현원 가동률,0.0,2025-04-01,2026년 현재값이 아닌 과거 가동률 민감도 기준
48121,S41,경상남도,창원시 의창구,치매전담형노인요양공동생활가정,1,1,0,9.0,8,0.8888888888888888,0.8888888888888888,True,정원 대비 현원 가동률,0.0,2025-04-01,2026년 현재값이 아닌 과거 가동률 민감도 기준
48123,A03,경상남도,창원시 성산구,노인요양시설(개정법),1,1,0,11.0,11,1.0,1.0,True,정원 대비 현원 가동률,0.0,2025-04-01,2026년 현재값이 아닌 과거 가동률 민감도 기준
48123,B01,경상남도,창원시 성산구,재가노인복지시설 방문요양,21,21,0,80.0,461,5.7625,,False,방문형·복지용구는 정원 대비 비율 해석 금지,,2025-04-01,2026년 현재값이 아닌 과거 가동률 민감도 기준
48123,B02,경상남도,창원시 성산구,재가노인복지시설 방문목욕,11,11,0,0.0,4,,,False,방문형·복지용구는 정원 대비 비율 해석 금지,,2025-04-01,2026년 현재값이 아닌 과거 가동률 민감도 기준
48123,B03,경상남도,창원시 성산구,재가노인복지시설 주야간보호,6,6,0,184.0,129,0.7010869565217391,0.7010869565217391,True,정원 대비 현원 가동률,0.0,2025-04-01,2026년 현재값이 아닌 과거 가동률 민감도 기준
48123,B05,경상남도,창원시 성산구,재가노인복지시설 방문간호,2,2,0,0.0,24,,,False,방문형·복지용구는 정원 대비 비율 해석 금지,,2025-04-01,2026년 현재값이 아닌 과거 가동률 민감도 기준
48123,C01,경상남도,창원시 성산구,재가장기요양기관 방문요양,16,16,0,6.0,702,117.0,,False,방문형·복지용구는 정원 대비 비율 해석 금지,,2025-04-01,2026년 현재값이 아닌 과거 가동률 민감도 기준
48123,C02,경상남도,창원시 성산구,재가장기요양기관 방문목욕,15,15,0,6.0,135,22.5,,False,방문형·복지용구는 정원 대비 비율 해석 금지,,2025-04-01,2026년 현재값이 아닌 과거 가동률 민감도 기준
48123,C03,경상남도,창원시 성산구,재가장기요양기관 주야간보호,1,1,0,44.0,29,0.6590909090909091,0.6590909090909091,True,정원 대비 현원 가동률,0.0,2025-04-01,2026년 현재값이 아닌 과거 가동률 민감도 기준
48125,A03,경상남도,창원시 마산합포구,노인요양시설(개정법),13,13,0,870.0,743,0.8540229885057471,0.8540229885057471,True,정원 대비 현원 가동률,0.0,2025-04-01,2026년 현재값이 아닌 과거 가동률 민감도 기준
48125,A04,경상남도,창원시 마산합포구,노인요양공동생활가정,2,2,0,18.0,17,0.9444444444444444,0.9444444444444444,True,정원 대비 현원 가동률,0.0,2025-04-01,2026년 현재값이 아닌 과거 가동률 민감도 기준
48125,B01,경상남도,창원시 마산합포구,재가노인복지시설 방문요양,43,43,0,0.0,587,,,False,방문형·복지용구는 정원 대비 비율 해석 금지,,2025-04-01,2026년 현재값이 아닌 과거 가동률 민감도 기준
48125,B02,경상남도,창원시 마산합포구,재가노인복지시설 방문목욕,15,15,0,0.0,48,,,False,방문형·복지용구는 정원 대비 비율 해석 금지,,2025-04-01,2026년 현재값이 아닌 과거 가동률 민감도 기준
48125,B03,경상남도,창원시 마산합포구,재가노인복지시설 주야간보호,15,15,0,554.0,388,0.7003610108303249,0.7003610108303249,True,정원 대비 현원 가동률,0.0,2025-04-01,2026년 현재값이 아닌 과거 가동률 민감도 기준
48125,B06,경상남도,창원시 마산합포구,재가노인복지시설 복지용구,1,1,0,0.0,0,,,False,방문형·복지용구는 정원 대비 비율 해석 금지,,2025-04-01,2026년 현재값이 아닌 과거 가동률 민감도 기준
48125,C01,경상남도,창원시 마산합포구,재가장기요양기관 방문요양,37,37,0,0.0,1085,,,False,방문형·복지용구는 정원 대비 비율 해석 금지,,2025-04-01,2026년 현재값이 아닌 과거 가동률 민감도 기준
48125,C02,경상남도,창원시 마산합포구,재가장기요양기관 방문목욕,21,21,0,0.0,76,,,False,방문형·복지용구는 정원 대비 비율 해석 금지,,2025-04-01,2026년 현재값이 아닌 과거 가동률 민감도 기준
48125,C03,경상남도,창원시 마산합포구,재가장기요양기관 주야간보호,8,8,0,398.0,276,0.6934673366834171,0.6934673366834171,True,정원 대비 현원 가동률,0.0,2025-04-01,2026년 현재값이 아닌 과거 가동률 민감도 기준
48125,C05,경상남도,창원시 마산합포구,재가장기요양기관 방문간호,2,2,0,0.0,33,,,False,방문형·복지용구는 정원 대비 비율 해석 금지,,2025-04-01,2026년 현재값이 아닌 과거 가동률 민감도 기준
48125,C06,경상남도,창원시 마산합포구,재가장기요양기관 복지용구,1,1,0,0.0,0,,,False,방문형·복지용구는 정원 대비 비율 해석 금지,,2025-04-01,2026년 현재값이 아닌 과거 가동률 민감도 기준
48125,G31,경상남도,창원시 마산합포구,치매전담실가형1실,1,1,0,16.0,16,1.0,1.0,True,정원 대비 현원 가동률,0.0,2025-04-01,2026년 현재값이 아닌 과거 가동률 민감도 기준
48127,A03,경상남도,창원시 마산회원구,노인요양시설(개정법),7,7,0,338.0,281,0.8313609467455622,0.8313609467455622,True,정원 대비 현원 가동률,0.0,2025-04-01,2026년 현재값이 아닌 과거 가동률 민감도 기준
48127,A04,경상남도,창원시 마산회원구,노인요양공동생활가정,2,2,0,18.0,15,0.8333333333333334,0.8333333333333334,True,정원 대비 현원 가동률,0.0,2025-04-01,2026년 현재값이 아닌 과거 가동률 민감도 기준
48127,B01,경상남도,창원시 마산회원구,재가노인복지시설 방문요양,29,29,0,144.0,370,2.5694444444444446,,False,방문형·복지용구는 정원 대비 비율 해석 금지,,2025-04-01,2026년 현재값이 아닌 과거 가동률 민감도 기준
48127,B02,경상남도,창원시 마산회원구,재가노인복지시설 방문목욕,13,13,0,10.0,1,0.1,,False,방문형·복지용구는 정원 대비 비율 해석 금지,,2025-04-01,2026년 현재값이 아닌 과거 가동률 민감도 기준
48127,B03,경상남도,창원시 마산회원구,재가노인복지시설 주야간보호,14,14,0,683.0,449,0.657393850658858,0.657393850658858,True,정원 대비 현원 가동률,0.0,2025-04-01,2026년 현재값이 아닌 과거 가동률 민감도 기준
48127,B05,경상남도,창원시 마산회원구,재가노인복지시설 방문간호,1,1,0,0.0,0,,,False,방문형·복지용구는 정원 대비 비율 해석 금지,,2025-04-01,2026년 현재값이 아닌 과거 가동률 민감도 기준
48127,C01,경상남도,창원시 마산회원구,재가장기요양기관 방문요양,37,37,0,10.0,1157,115.7,,False,방문형·복지용구는 정원 대비 비율 해석 금지,,2025-04-01,2026년 현재값이 아닌 과거 가동률 민감도 기준
48127,C02,경상남도,창원시 마산회원구,재가장기요양기관 방문목욕,21,21,0,10.0,403,40.3,,False,방문형·복지용구는 정원 대비 비율 해석 금지,,2025-04-01,2026년 현재값이 아닌 과거 가동률 민감도 기준
48127,C03,경상남도,창원시 마산회원구,재가장기요양기관 주야간보호,4,4,0,145.0,130,0.896551724137931,0.896551724137931,True,정원 대비 현원 가동률,1.0,2025-04-01,2026년 현재값이 아닌 과거 가동률 민감도 기준
48127,H31,경상남도,창원시 마산회원구,주야간보호내치매전담1실,1,1,0,25.0,7,0.28,0.28,True,정원 대비 현원 가동률,0.0,2025-04-01,2026년 현재값이 아닌 과거 가동률 민감도 기준
48129,A03,경상남도,창원시 진해구,노인요양시설(개정법),9,9,0,535.0,483,0.902803738317757,0.902803738317757,True,정원 대비 현원 가동률,0.0,2025-04-01,2026년 현재값이 아닌 과거 가동률 민감도 기준
48129,A04,경상남도,창원시 진해구,노인요양공동생활가정,4,4,0,36.0,30,0.8333333333333334,0.8333333333333334,True,정원 대비 현원 가동률,0.0,2025-04-01,2026년 현재값이 아닌 과거 가동률 민감도 기준
48129,B01,경상남도,창원시 진해구,재가노인복지시설 방문요양,25,25,0,160.0,332,2.075,,False,방문형·복지용구는 정원 대비 비율 해석 금지,,2025-04-01,2026년 현재값이 아닌 과거 가동률 민감도 기준
48129,B02,경상남도,창원시 진해구,재가노인복지시설 방문목욕,9,9,0,0.0,1,,,False,방문형·복지용구는 정원 대비 비율 해석 금지,,2025-04-01,2026년 현재값이 아닌 과거 가동률 민감도 기준
48129,B03,경상남도,창원시 진해구,재가노인복지시설 주야간보호,11,11,0,413.0,341,0.8256658595641646,0.8256658595641646,True,정원 대비 현원 가동률,2.0,2025-04-01,2026년 현재값이 아닌 과거 가동률 민감도 기준
48129,C01,경상남도,창원시 진해구,재가장기요양기관 방문요양,20,20,0,0.0,686,,,False,방문형·복지용구는 정원 대비 비율 해석 금지,,2025-04-01,2026년 현재값이 아닌 과거 가동률 민감도 기준
48129,C02,경상남도,창원시 진해구,재가장기요양기관 방문목욕,12,12,0,0.0,40,,,False,방문형·복지용구는 정원 대비 비율 해석 금지,,2025-04-01,2026년 현재값이 아닌 과거 가동률 민감도 기준
48129,C03,경상남도,창원시 진해구,재가장기요양기관 주야간보호,2,2,0,69.0,64,0.927536231884058,0.927536231884058,True,정원 대비 현원 가동률,0.0,2025-04-01,2026년 현재값이 아닌 과거 가동률 민감도 기준
48129,C06,경상남도,창원시 진해구,재가장기요양기관 복지용구,2,2,0,0.0,30,,,False,방문형·복지용구는 정원 대비 비율 해석 금지,,2025-04-01,2026년 현재값이 아닌 과거 가동률 민감도 기준
48170,A03,경상남도,진주시,노인요양시설(개정법),26,26,0,1282.0,1070,0.8346333853354134,0.8346333853354134,True,정원 대비 현원 가동률,1.0,2025-04-01,2026년 현재값이 아닌 과거 가동률 민감도 기준
48170,A04,경상남도,진주시,노인요양공동생활가정,2,2,0,18.0,18,1.0,1.0,True,정원 대비 현원 가동률,0.0,2025-04-01,2026년 현재값이 아닌 과거 가동률 민감도 기준
48170,B01,경상남도,진주시,재가노인복지시설 방문요양,67,67,0,42.0,1083,25.785714285714285,,False,방문형·복지용구는 정원 대비 비율 해석 금지,,2025-04-01,2026년 현재값이 아닌 과거 가동률 민감도 기준
48170,B02,경상남도,진주시,재가노인복지시설 방문목욕,38,38,0,14.0,345,24.642857142857142,,False,방문형·복지용구는 정원 대비 비율 해석 금지,,2025-04-01,2026년 현재값이 아닌 과거 가동률 민감도 기준
48170,B03,경상남도,진주시,재가노인복지시설 주야간보호,20,20,0,882.0,600,0.6802721088435374,0.6802721088435374,True,정원 대비 현원 가동률,1.0,2025-04-01,2026년 현재값이 아닌 과거 가동률 민감도 기준
48170,B05,경상남도,진주시,재가노인복지시설 방문간호,2,2,0,0.0,7,,,False,방문형·복지용구는 정원 대비 비율 해석 금지,,2025-04-01,2026년 현재값이 아닌 과거 가동률 민감도 기준
48170,B06,경상남도,진주시,재가노인복지시설 복지용구,3,3,0,0.0,0,,,False,방문형·복지용구는 정원 대비 비율 해석 금지,,2025-04-01,2026년 현재값이 아닌 과거 가동률 민감도 기준
48170,C01,경상남도,진주시,재가장기요양기관 방문요양,79,79,0,0.0,2403,,,False,방문형·복지용구는 정원 대비 비율 해석 금지,,2025-04-01,2026년 현재값이 아닌 과거 가동률 민감도 기준
48170,C02,경상남도,진주시,재가장기요양기관 방문목욕,69,69,0,0.0,1061,,,False,방문형·복지용구는 정원 대비 비율 해석 금지,,2025-04-01,2026년 현재값이 아닌 과거 가동률 민감도 기준
48170,C03,경상남도,진주시,재가장기요양기관 주야간보호,20,20,0,875.0,694,0.7931428571428571,0.7931428571428571,True,정원 대비 현원 가동률,2.0,2025-04-01,2026년 현재값이 아닌 과거 가동률 민감도 기준
48170,C05,경상남도,진주시,재가장기요양기관 방문간호,6,6,0,0.0,24,,,False,방문형·복지용구는 정원 대비 비율 해석 금지,,2025-04-01,2026년 현재값이 아닌 과거 가동률 민감도 기준
48170,C06,경상남도,진주시,재가장기요양기관 복지용구,4,4,0,0.0,3,,,False,방문형·복지용구는 정원 대비 비율 해석 금지,,2025-04-01,2026년 현재값이 아닌 과거 가동률 민감도 기준
48170,G31,경상남도,진주시,치매전담실가형1실,3,3,0,48.0,41,0.8541666666666666,0.8541666666666666,True,정원 대비 현원 가동률,0.0,2025-04-01,2026년 현재값이 아닌 과거 가동률 민감도 기준
48170,G32,경상남도,진주시,치매전담실가형2실,1,1,0,16.0,16,1.0,1.0,True,정원 대비 현원 가동률,0.0,2025-04-01,2026년 현재값이 아닌 과거 가동률 민감도 기준
48170,I31,경상남도,진주시,주야간보호내치매전담1실,1,1,0,25.0,20,0.8,0.8,True,정원 대비 현원 가동률,0.0,2025-04-01,2026년 현재값이 아닌 과거 가동률 민감도 기준
48170,S41,경상남도,진주시,치매전담형노인요양공동생활가정,3,3,0,27.0,27,1.0,1.0,True,정원 대비 현원 가동률,1.0,2025-04-01,2026년 현재값이 아닌 과거 가동률 민감도 기준
48220,A03,경상남도,통영시,노인요양시설(개정법),8,8,0,503.0,432,0.8588469184890656,0.8588469184890656,True,정원 대비 현원 가동률,1.0,2025-04-01,2026년 현재값이 아닌 과거 가동률 민감도 기준
48220,A04,경상남도,통영시,노인요양공동생활가정,1,1,0,9.0,9,1.0,1.0,True,정원 대비 현원 가동률,0.0,2025-04-01,2026년 현재값이 아닌 과거 가동률 민감도 기준
48220,B01,경상남도,통영시,재가노인복지시설 방문요양,17,17,0,0.0,432,,,False,방문형·복지용구는 정원 대비 비율 해석 금지,,2025-04-01,2026년 현재값이 아닌 과거 가동률 민감도 기준
48220,B02,경상남도,통영시,재가노인복지시설 방문목욕,10,10,0,0.0,131,,,False,방문형·복지용구는 정원 대비 비율 해석 금지,,2025-04-01,2026년 현재값이 아닌 과거 가동률 민감도 기준
48220,B03,경상남도,통영시,재가노인복지시설 주야간보호,10,10,0,439.0,306,0.6970387243735763,0.6970387243735763,True,정원 대비 현원 가동률,0.0,2025-04-01,2026년 현재값이 아닌 과거 가동률 민감도 기준
48220,B05,경상남도,통영시,재가노인복지시설 방문간호,1,1,0,0.0,28,,,False,방문형·복지용구는 정원 대비 비율 해석 금지,,2025-04-01,2026년 현재값이 아닌 과거 가동률 민감도 기준
48220,C01,경상남도,통영시,재가장기요양기관 방문요양,8,8,0,0.0,341,,,False,방문형·복지용구는 정원 대비 비율 해석 금지,,2025-04-01,2026년 현재값이 아닌 과거 가동률 민감도 기준
48220,C02,경상남도,통영시,재가장기요양기관 방문목욕,7,7,0,0.0,91,,,False,방문형·복지용구는 정원 대비 비율 해석 금지,,2025-04-01,2026년 현재값이 아닌 과거 가동률 민감도 기준
48220,C03,경상남도,통영시,재가장기요양기관 주야간보호,3,3,0,104.0,74,0.7115384615384616,0.7115384615384616,True,정원 대비 현원 가동률,0.0,2025-04-01,2026년 현재값이 아닌 과거 가동률 민감도 기준
48220,H31,경상남도,통영시,주야간보호내치매전담1실,1,1,0,20.0,15,0.75,0.75,True,정원 대비 현원 가동률,0.0,2025-04-01,2026년 현재값이 아닌 과거 가동률 민감도 기준
48240,A03,경상남도,사천시,노인요양시설(개정법),17,17,0,870.0,691,0.7942528735632184,0.7942528735632184,True,정원 대비 현원 가동률,2.0,2025-04-01,2026년 현재값이 아닌 과거 가동률 민감도 기준
48240,B01,경상남도,사천시,재가노인복지시설 방문요양,31,31,0,100.0,593,5.93,,False,방문형·복지용구는 정원 대비 비율 해석 금지,,2025-04-01,2026년 현재값이 아닌 과거 가동률 민감도 기준
48240,B02,경상남도,사천시,재가노인복지시설 방문목욕,20,20,0,100.0,203,2.03,,False,방문형·복지용구는 정원 대비 비율 해석 금지,,2025-04-01,2026년 현재값이 아닌 과거 가동률 민감도 기준
48240,B03,경상남도,사천시,재가노인복지시설 주야간보호,21,21,0,712.0,571,0.8019662921348315,0.8019662921348315,True,정원 대비 현원 가동률,2.0,2025-04-01,2026년 현재값이 아닌 과거 가동률 민감도 기준
48240,B04,경상남도,사천시,재가노인복지시설 단기보호,1,1,0,1.0,0,0.0,0.0,True,정원 대비 현원 가동률,0.0,2025-04-01,2026년 현재값이 아닌 과거 가동률 민감도 기준
48240,C01,경상남도,사천시,재가장기요양기관 방문요양,17,17,0,16.0,821,51.3125,,False,방문형·복지용구는 정원 대비 비율 해석 금지,,2025-04-01,2026년 현재값이 아닌 과거 가동률 민감도 기준
48240,C02,경상남도,사천시,재가장기요양기관 방문목욕,15,15,0,16.0,332,20.75,,False,방문형·복지용구는 정원 대비 비율 해석 금지,,2025-04-01,2026년 현재값이 아닌 과거 가동률 민감도 기준
48240,C03,경상남도,사천시,재가장기요양기관 주야간보호,2,2,0,55.0,48,0.8727272727272727,0.8727272727272727,True,정원 대비 현원 가동률,0.0,2025-04-01,2026년 현재값이 아닌 과거 가동률 민감도 기준
48240,G31,경상남도,사천시,치매전담실가형1실,2,2,0,28.0,16,0.5714285714285714,0.5714285714285714,True,정원 대비 현원 가동률,0.0,2025-04-01,2026년 현재값이 아닌 과거 가동률 민감도 기준
48240,G32,경상남도,사천시,치매전담실가형2실,2,2,0,28.0,6,0.21428571428571427,0.21428571428571427,True,정원 대비 현원 가동률,0.0,2025-04-01,2026년 현재값이 아닌 과거 가동률 민감도 기준
48240,H31,경상남도,사천시,주야간보호내치매전담1실,2,2,0,49.0,47,0.9591836734693877,0.9591836734693877,True,정원 대비 현원 가동률,0.0,2025-04-01,2026년 현재값이 아닌 과거 가동률 민감도 기준
48250,A03,경상남도,김해시,노인요양시설(개정법),15,15,0,954.0,884,0.9266247379454927,0.9266247379454927,True,정원 대비 현원 가동률,0.0,2025-04-01,2026년 현재값이 아닌 과거 가동률 민감도 기준
48250,A04,경상남도,김해시,노인요양공동생활가정,5,5,0,44.0,36,0.8181818181818182,0.8181818181818182,True,정원 대비 현원 가동률,0.0,2025-04-01,2026년 현재값이 아닌 과거 가동률 민감도 기준
48250,B01,경상남도,김해시,재가노인복지시설 방문요양,84,84,0,20.0,1405,70.25,,False,방문형·복지용구는 정원 대비 비율 해석 금지,,2025-04-01,2026년 현재값이 아닌 과거 가동률 민감도 기준
48250,B02,경상남도,김해시,재가노인복지시설 방문목욕,31,31,0,20.0,56,2.8,,False,방문형·복지용구는 정원 대비 비율 해석 금지,,2025-04-01,2026년 현재값이 아닌 과거 가동률 민감도 기준
48250,B03,경상남도,김해시,재가노인복지시설 주야간보호,33,33,0,1290.0,953,0.7387596899224806,0.7387596899224806,True,정원 대비 현원 가동률,1.0,2025-04-01,2026년 현재값이 아닌 과거 가동률 민감도 기준
48250,B04,경상남도,김해시,재가노인복지시설 단기보호,1,1,0,3.0,0,0.0,0.0,True,정원 대비 현원 가동률,0.0,2025-04-01,2026년 현재값이 아닌 과거 가동률 민감도 기준
48250,B05,경상남도,김해시,재가노인복지시설 방문간호,3,3,0,0.0,9,,,False,방문형·복지용구는 정원 대비 비율 해석 금지,,2025-04-01,2026년 현재값이 아닌 과거 가동률 민감도 기준
48250,B06,경상남도,김해시,재가노인복지시설 복지용구,2,2,0,0.0,60,,,False,방문형·복지용구는 정원 대비 비율 해석 금지,,2025-04-01,2026년 현재값이 아닌 과거 가동률 민감도 기준
48250,C01,경상남도,김해시,재가장기요양기관 방문요양,51,51,0,1998.0,1466,0.7337337337337337,,False,방문형·복지용구는 정원 대비 비율 해석 금지,,2025-04-01,2026년 현재값이 아닌 과거 가동률 민감도 기준
48250,C02,경상남도,김해시,재가장기요양기관 방문목욕,31,31,0,999.0,380,0.38038038038038036,,False,방문형·복지용구는 정원 대비 비율 해석 금지,,2025-04-01,2026년 현재값이 아닌 과거 가동률 민감도 기준
48250,C03,경상남도,김해시,재가장기요양기관 주야간보호,17,17,0,570.0,394,0.6912280701754386,0.6912280701754386,True,정원 대비 현원 가동률,0.0,2025-04-01,2026년 현재값이 아닌 과거 가동률 민감도 기준
48250,C04,경상남도,김해시,재가장기요양기관 단기보호,1,1,0,3.0,0,0.0,0.0,True,정원 대비 현원 가동률,0.0,2025-04-01,2026년 현재값이 아닌 과거 가동률 민감도 기준
48250,C06,경상남도,김해시,재가장기요양기관 복지용구,2,2,0,0.0,74,,,False,방문형·복지용구는 정원 대비 비율 해석 금지,,2025-04-01,2026년 현재값이 아닌 과거 가동률 민감도 기준
48250,G31,경상남도,김해시,치매전담실가형1실,1,1,0,12.0,12,1.0,1.0,True,정원 대비 현원 가동률,0.0,2025-04-01,2026년 현재값이 아닌 과거 가동률 민감도 기준
48250,G32,경상남도,김해시,치매전담실가형2실,1,1,0,12.0,12,1.0,1.0,True,정원 대비 현원 가동률,0.0,2025-04-01,2026년 현재값이 아닌 과거 가동률 민감도 기준
48250,H31,경상남도,김해시,주야간보호내치매전담1실,2,2,0,40.0,0,0.0,0.0,True,정원 대비 현원 가동률,0.0,2025-04-01,2026년 현재값이 아닌 과거 가동률 민감도 기준
48270,A03,경상남도,밀양시,노인요양시설(개정법),13,13,0,543.0,462,0.850828729281768,0.850828729281768,True,정원 대비 현원 가동률,1.0,2025-04-01,2026년 현재값이 아닌 과거 가동률 민감도 기준
48270,A04,경상남도,밀양시,노인요양공동생활가정,4,4,0,36.0,37,1.0277777777777777,1.0277777777777777,True,정원 대비 현원 가동률,1.0,2025-04-01,2026년 현재값이 아닌 과거 가동률 민감도 기준
48270,B01,경상남도,밀양시,재가노인복지시설 방문요양,24,24,0,0.0,403,,,False,방문형·복지용구는 정원 대비 비율 해석 금지,,2025-04-01,2026년 현재값이 아닌 과거 가동률 민감도 기준
48270,B02,경상남도,밀양시,재가노인복지시설 방문목욕,14,14,0,0.0,174,,,False,방문형·복지용구는 정원 대비 비율 해석 금지,,2025-04-01,2026년 현재값이 아닌 과거 가동률 민감도 기준
48270,B03,경상남도,밀양시,재가노인복지시설 주야간보호,12,12,0,383.0,305,0.7963446475195822,0.7963446475195822,True,정원 대비 현원 가동률,2.0,2025-04-01,2026년 현재값이 아닌 과거 가동률 민감도 기준
48270,B05,경상남도,밀양시,재가노인복지시설 방문간호,1,1,0,0.0,0,,,False,방문형·복지용구는 정원 대비 비율 해석 금지,,2025-04-01,2026년 현재값이 아닌 과거 가동률 민감도 기준
48270,B06,경상남도,밀양시,재가노인복지시설 복지용구,2,2,0,0.0,2,,,False,방문형·복지용구는 정원 대비 비율 해석 금지,,2025-04-01,2026년 현재값이 아닌 과거 가동률 민감도 기준
48270,C01,경상남도,밀양시,재가장기요양기관 방문요양,21,21,0,0.0,642,,,False,방문형·복지용구는 정원 대비 비율 해석 금지,,2025-04-01,2026년 현재값이 아닌 과거 가동률 민감도 기준
48270,C02,경상남도,밀양시,재가장기요양기관 방문목욕,14,14,0,0.0,335,,,False,방문형·복지용구는 정원 대비 비율 해석 금지,,2025-04-01,2026년 현재값이 아닌 과거 가동률 민감도 기준
48270,C03,경상남도,밀양시,재가장기요양기관 주야간보호,16,16,0,510.0,461,0.903921568627451,0.903921568627451,True,정원 대비 현원 가동률,1.0,2025-04-01,2026년 현재값이 아닌 과거 가동률 민감도 기준
48270,C06,경상남도,밀양시,재가장기요양기관 복지용구,1,1,0,0.0,0,,,False,방문형·복지용구는 정원 대비 비율 해석 금지,,2025-04-01,2026년 현재값이 아닌 과거 가동률 민감도 기준
48270,G31,경상남도,밀양시,치매전담실가형1실,1,1,0,12.0,10,0.8333333333333334,0.8333333333333334,True,정원 대비 현원 가동률,0.0,2025-04-01,2026년 현재값이 아닌 과거 가동률 민감도 기준
48270,I31,경상남도,밀양시,주야간보호내치매전담1실,1,1,0,20.0,13,0.65,0.65,True,정원 대비 현원 가동률,0.0,2025-04-01,2026년 현재값이 아닌 과거 가동률 민감도 기준
48310,A03,경상남도,거제시,노인요양시설(개정법),10,10,0,566.0,546,0.9646643109540636,0.9646643109540636,True,정원 대비 현원 가동률,1.0,2025-04-01,2026년 현재값이 아닌 과거 가동률 민감도 기준
48310,A04,경상남도,거제시,노인요양공동생활가정,1,1,0,9.0,2,0.2222222222222222,0.2222222222222222,True,정원 대비 현원 가동률,0.0,2025-04-01,2026년 현재값이 아닌 과거 가동률 민감도 기준
48310,B01,경상남도,거제시,재가노인복지시설 방문요양,20,20,0,164.0,414,2.524390243902439,,False,방문형·복지용구는 정원 대비 비율 해석 금지,,2025-04-01,2026년 현재값이 아닌 과거 가동률 민감도 기준
48310,B02,경상남도,거제시,재가노인복지시설 방문목욕,12,12,0,150.0,174,1.16,,False,방문형·복지용구는 정원 대비 비율 해석 금지,,2025-04-01,2026년 현재값이 아닌 과거 가동률 민감도 기준
48310,B03,경상남도,거제시,재가노인복지시설 주야간보호,13,13,0,607.0,418,0.6886326194398682,0.6886326194398682,True,정원 대비 현원 가동률,0.0,2025-04-01,2026년 현재값이 아닌 과거 가동률 민감도 기준
48310,B06,경상남도,거제시,재가노인복지시설 복지용구,1,1,0,0.0,0,,,False,방문형·복지용구는 정원 대비 비율 해석 금지,,2025-04-01,2026년 현재값이 아닌 과거 가동률 민감도 기준
48310,C01,경상남도,거제시,재가장기요양기관 방문요양,15,15,0,0.0,347,,,False,방문형·복지용구는 정원 대비 비율 해석 금지,,2025-04-01,2026년 현재값이 아닌 과거 가동률 민감도 기준
48310,C02,경상남도,거제시,재가장기요양기관 방문목욕,9,9,0,0.0,1,,,False,방문형·복지용구는 정원 대비 비율 해석 금지,,2025-04-01,2026년 현재값이 아닌 과거 가동률 민감도 기준
48310,C03,경상남도,거제시,재가장기요양기관 주야간보호,4,4,0,150.0,118,0.7866666666666666,0.7866666666666666,True,정원 대비 현원 가동률,0.0,2025-04-01,2026년 현재값이 아닌 과거 가동률 민감도 기준
48310,C06,경상남도,거제시,재가장기요양기관 복지용구,1,1,0,0.0,0,,,False,방문형·복지용구는 정원 대비 비율 해석 금지,,2025-04-01,2026년 현재값이 아닌 과거 가동률 민감도 기준
48310,G31,경상남도,거제시,치매전담실가형1실,2,2,0,28.0,28,1.0,1.0,True,정원 대비 현원 가동률,0.0,2025-04-01,2026년 현재값이 아닌 과거 가동률 민감도 기준
48330,A03,경상남도,양산시,노인요양시설(개정법),21,21,0,940.0,830,0.8829787234042553,0.8829787234042553,True,정원 대비 현원 가동률,1.0,2025-04-01,2026년 현재값이 아닌 과거 가동률 민감도 기준
48330,A04,경상남도,양산시,노인요양공동생활가정,5,5,0,41.0,39,0.9512195121951219,0.9512195121951219,True,정원 대비 현원 가동률,0.0,2025-04-01,2026년 현재값이 아닌 과거 가동률 민감도 기준
48330,B01,경상남도,양산시,재가노인복지시설 방문요양,56,56,0,4066.0,804,0.19773733398917856,,False,방문형·복지용구는 정원 대비 비율 해석 금지,,2025-04-01,2026년 현재값이 아닌 과거 가동률 민감도 기준
48330,B02,경상남도,양산시,재가노인복지시설 방문목욕,19,19,0,1000.0,1,0.001,,False,방문형·복지용구는 정원 대비 비율 해석 금지,,2025-04-01,2026년 현재값이 아닌 과거 가동률 민감도 기준
48330,B03,경상남도,양산시,재가노인복지시설 주야간보호,29,29,0,977.0,654,0.6693961105424769,0.6693961105424769,True,정원 대비 현원 가동률,1.0,2025-04-01,2026년 현재값이 아닌 과거 가동률 민감도 기준
48330,B05,경상남도,양산시,재가노인복지시설 방문간호,4,4,0,0.0,42,,,False,방문형·복지용구는 정원 대비 비율 해석 금지,,2025-04-01,2026년 현재값이 아닌 과거 가동률 민감도 기준
48330,B06,경상남도,양산시,재가노인복지시설 복지용구,4,4,0,0.0,126,,,False,방문형·복지용구는 정원 대비 비율 해석 금지,,2025-04-01,2026년 현재값이 아닌 과거 가동률 민감도 기준
48330,C01,경상남도,양산시,재가장기요양기관 방문요양,38,38,0,0.0,1021,,,False,방문형·복지용구는 정원 대비 비율 해석 금지,,2025-04-01,2026년 현재값이 아닌 과거 가동률 민감도 기준
48330,C02,경상남도,양산시,재가장기요양기관 방문목욕,19,19,0,0.0,6,,,False,방문형·복지용구는 정원 대비 비율 해석 금지,,2025-04-01,2026년 현재값이 아닌 과거 가동률 민감도 기준
48330,C03,경상남도,양산시,재가장기요양기관 주야간보호,20,20,0,570.0,449,0.787719298245614,0.787719298245614,True,정원 대비 현원 가동률,0.0,2025-04-01,2026년 현재값이 아닌 과거 가동률 민감도 기준
48330,C04,경상남도,양산시,재가장기요양기관 단기보호,1,1,0,8.0,1,0.125,0.125,True,정원 대비 현원 가동률,0.0,2025-04-01,2026년 현재값이 아닌 과거 가동률 민감도 기준
48330,C05,경상남도,양산시,재가장기요양기관 방문간호,2,2,0,0.0,79,,,False,방문형·복지용구는 정원 대비 비율 해석 금지,,2025-04-01,2026년 현재값이 아닌 과거 가동률 민감도 기준
48330,C06,경상남도,양산시,재가장기요양기관 복지용구,1,1,0,0.0,0,,,False,방문형·복지용구는 정원 대비 비율 해석 금지,,2025-04-01,2026년 현재값이 아닌 과거 가동률 민감도 기준
48330,G31,경상남도,양산시,치매전담실가형1실,1,1,0,12.0,12,1.0,1.0,True,정원 대비 현원 가동률,0.0,2025-04-01,2026년 현재값이 아닌 과거 가동률 민감도 기준
48330,G32,경상남도,양산시,치매전담실가형2실,1,1,0,12.0,12,1.0,1.0,True,정원 대비 현원 가동률,0.0,2025-04-01,2026년 현재값이 아닌 과거 가동률 민감도 기준
48330,H31,경상남도,양산시,주야간보호내치매전담1실,1,1,0,23.0,22,0.9565217391304348,0.9565217391304348,True,정원 대비 현원 가동률,0.0,2025-04-01,2026년 현재값이 아닌 과거 가동률 민감도 기준
48330,H32,경상남도,양산시,주야간보호내치매전담2실,1,1,0,12.0,4,0.3333333333333333,0.3333333333333333,True,정원 대비 현원 가동률,0.0,2025-04-01,2026년 현재값이 아닌 과거 가동률 민감도 기준
48330,S41,경상남도,양산시,치매전담형노인요양공동생활가정,3,3,0,26.0,25,0.9615384615384616,0.9615384615384616,True,정원 대비 현원 가동률,0.0,2025-04-01,2026년 현재값이 아닌 과거 가동률 민감도 기준
48720,A03,경상남도,의령군,노인요양시설(개정법),3,3,0,187.0,127,0.679144385026738,0.679144385026738,True,정원 대비 현원 가동률,0.0,2025-04-01,2026년 현재값이 아닌 과거 가동률 민감도 기준
48720,A04,경상남도,의령군,노인요양공동생활가정,2,2,0,18.0,18,1.0,1.0,True,정원 대비 현원 가동률,0.0,2025-04-01,2026년 현재값이 아닌 과거 가동률 민감도 기준
48720,B01,경상남도,의령군,재가노인복지시설 방문요양,10,10,0,15.0,180,12.0,,False,방문형·복지용구는 정원 대비 비율 해석 금지,,2025-04-01,2026년 현재값이 아닌 과거 가동률 민감도 기준
48720,B02,경상남도,의령군,재가노인복지시설 방문목욕,4,4,0,0.0,73,,,False,방문형·복지용구는 정원 대비 비율 해석 금지,,2025-04-01,2026년 현재값이 아닌 과거 가동률 민감도 기준
48720,B03,경상남도,의령군,재가노인복지시설 주야간보호,6,6,0,150.0,95,0.6333333333333333,0.6333333333333333,True,정원 대비 현원 가동률,0.0,2025-04-01,2026년 현재값이 아닌 과거 가동률 민감도 기준
48720,C01,경상남도,의령군,재가장기요양기관 방문요양,8,8,0,0.0,266,,,False,방문형·복지용구는 정원 대비 비율 해석 금지,,2025-04-01,2026년 현재값이 아닌 과거 가동률 민감도 기준
48720,C02,경상남도,의령군,재가장기요양기관 방문목욕,6,6,0,0.0,227,,,False,방문형·복지용구는 정원 대비 비율 해석 금지,,2025-04-01,2026년 현재값이 아닌 과거 가동률 민감도 기준
48720,C03,경상남도,의령군,재가장기요양기관 주야간보호,1,1,0,36.0,34,0.9444444444444444,0.9444444444444444,True,정원 대비 현원 가동률,0.0,2025-04-01,2026년 현재값이 아닌 과거 가동률 민감도 기준
48730,A03,경상남도,함안군,노인요양시설(개정법),12,12,0,492.0,411,0.8353658536585366,0.8353658536585366,True,정원 대비 현원 가동률,1.0,2025-04-01,2026년 현재값이 아닌 과거 가동률 민감도 기준
48730,A04,경상남도,함안군,노인요양공동생활가정,5,5,0,45.0,39,0.8666666666666667,0.8666666666666667,True,정원 대비 현원 가동률,0.0,2025-04-01,2026년 현재값이 아닌 과거 가동률 민감도 기준
48730,B01,경상남도,함안군,재가노인복지시설 방문요양,19,19,0,10.0,285,28.5,,False,방문형·복지용구는 정원 대비 비율 해석 금지,,2025-04-01,2026년 현재값이 아닌 과거 가동률 민감도 기준
48730,B02,경상남도,함안군,재가노인복지시설 방문목욕,12,12,0,0.0,95,,,False,방문형·복지용구는 정원 대비 비율 해석 금지,,2025-04-01,2026년 현재값이 아닌 과거 가동률 민감도 기준
48730,B03,경상남도,함안군,재가노인복지시설 주야간보호,12,12,0,391.0,259,0.6624040920716112,0.6624040920716112,True,정원 대비 현원 가동률,1.0,2025-04-01,2026년 현재값이 아닌 과거 가동률 민감도 기준
48730,C01,경상남도,함안군,재가장기요양기관 방문요양,25,25,0,0.0,562,,,False,방문형·복지용구는 정원 대비 비율 해석 금지,,2025-04-01,2026년 현재값이 아닌 과거 가동률 민감도 기준
48730,C02,경상남도,함안군,재가장기요양기관 방문목욕,14,14,0,0.0,193,,,False,방문형·복지용구는 정원 대비 비율 해석 금지,,2025-04-01,2026년 현재값이 아닌 과거 가동률 민감도 기준
48730,C03,경상남도,함안군,재가장기요양기관 주야간보호,3,3,0,119.0,100,0.8403361344537815,0.8403361344537815,True,정원 대비 현원 가동률,0.0,2025-04-01,2026년 현재값이 아닌 과거 가동률 민감도 기준
48730,G31,경상남도,함안군,치매전담실가형1실,1,1,0,16.0,16,1.0,1.0,True,정원 대비 현원 가동률,0.0,2025-04-01,2026년 현재값이 아닌 과거 가동률 민감도 기준
48740,A03,경상남도,창녕군,노인요양시설(개정법),9,9,0,419.0,351,0.837708830548926,0.837708830548926,True,정원 대비 현원 가동률,0.0,2025-04-01,2026년 현재값이 아닌 과거 가동률 민감도 기준
48740,A04,경상남도,창녕군,노인요양공동생활가정,1,1,0,9.0,0,0.0,0.0,True,정원 대비 현원 가동률,0.0,2025-04-01,2026년 현재값이 아닌 과거 가동률 민감도 기준
48740,B01,경상남도,창녕군,재가노인복지시설 방문요양,18,18,0,50.0,211,4.22,,False,방문형·복지용구는 정원 대비 비율 해석 금지,,2025-04-01,2026년 현재값이 아닌 과거 가동률 민감도 기준
48740,B02,경상남도,창녕군,재가노인복지시설 방문목욕,13,13,0,5.0,65,13.0,,False,방문형·복지용구는 정원 대비 비율 해석 금지,,2025-04-01,2026년 현재값이 아닌 과거 가동률 민감도 기준
48740,B03,경상남도,창녕군,재가노인복지시설 주야간보호,4,4,0,138.0,102,0.7391304347826086,0.7391304347826086,True,정원 대비 현원 가동률,0.0,2025-04-01,2026년 현재값이 아닌 과거 가동률 민감도 기준
48740,C01,경상남도,창녕군,재가장기요양기관 방문요양,16,16,0,0.0,711,,,False,방문형·복지용구는 정원 대비 비율 해석 금지,,2025-04-01,2026년 현재값이 아닌 과거 가동률 민감도 기준
48740,C02,경상남도,창녕군,재가장기요양기관 방문목욕,13,13,0,0.0,311,,,False,방문형·복지용구는 정원 대비 비율 해석 금지,,2025-04-01,2026년 현재값이 아닌 과거 가동률 민감도 기준
48740,C03,경상남도,창녕군,재가장기요양기관 주야간보호,4,4,0,187.0,135,0.7219251336898396,0.7219251336898396,True,정원 대비 현원 가동률,0.0,2025-04-01,2026년 현재값이 아닌 과거 가동률 민감도 기준
48740,C06,경상남도,창녕군,재가장기요양기관 복지용구,1,1,0,0.0,28,,,False,방문형·복지용구는 정원 대비 비율 해석 금지,,2025-04-01,2026년 현재값이 아닌 과거 가동률 민감도 기준
48740,G31,경상남도,창녕군,치매전담실가형1실,1,1,0,12.0,12,1.0,1.0,True,정원 대비 현원 가동률,0.0,2025-04-01,2026년 현재값이 아닌 과거 가동률 민감도 기준
48740,G32,경상남도,창녕군,치매전담실가형2실,1,1,0,12.0,12,1.0,1.0,True,정원 대비 현원 가동률,0.0,2025-04-01,2026년 현재값이 아닌 과거 가동률 민감도 기준
48820,A03,경상남도,고성군,노인요양시설(개정법),6,6,0,299.0,193,0.6454849498327759,0.6454849498327759,True,정원 대비 현원 가동률,0.0,2025-04-01,2026년 현재값이 아닌 과거 가동률 민감도 기준
48820,A04,경상남도,고성군,노인요양공동생활가정,2,2,0,18.0,18,1.0,1.0,True,정원 대비 현원 가동률,0.0,2025-04-01,2026년 현재값이 아닌 과거 가동률 민감도 기준
48820,B01,경상남도,고성군,재가노인복지시설 방문요양,17,17,0,12.0,597,49.75,,False,방문형·복지용구는 정원 대비 비율 해석 금지,,2025-04-01,2026년 현재값이 아닌 과거 가동률 민감도 기준
48820,B02,경상남도,고성군,재가노인복지시설 방문목욕,13,13,0,14.0,183,13.071428571428571,,False,방문형·복지용구는 정원 대비 비율 해석 금지,,2025-04-01,2026년 현재값이 아닌 과거 가동률 민감도 기준
48820,B03,경상남도,고성군,재가노인복지시설 주야간보호,6,6,0,238.0,188,0.7899159663865546,0.7899159663865546,True,정원 대비 현원 가동률,1.0,2025-04-01,2026년 현재값이 아닌 과거 가동률 민감도 기준
48820,B04,경상남도,고성군,재가노인복지시설 단기보호,1,1,0,4.0,0,0.0,0.0,True,정원 대비 현원 가동률,0.0,2025-04-01,2026년 현재값이 아닌 과거 가동률 민감도 기준
48820,C01,경상남도,고성군,재가장기요양기관 방문요양,8,8,0,118.0,133,1.1271186440677967,,False,방문형·복지용구는 정원 대비 비율 해석 금지,,2025-04-01,2026년 현재값이 아닌 과거 가동률 민감도 기준
48820,C02,경상남도,고성군,재가장기요양기관 방문목욕,6,6,0,100.0,0,0.0,,False,방문형·복지용구는 정원 대비 비율 해석 금지,,2025-04-01,2026년 현재값이 아닌 과거 가동률 민감도 기준
48820,C03,경상남도,고성군,재가장기요양기관 주야간보호,2,2,0,56.0,50,0.8928571428571429,0.8928571428571429,True,정원 대비 현원 가동률,0.0,2025-04-01,2026년 현재값이 아닌 과거 가동률 민감도 기준
48820,G31,경상남도,고성군,치매전담실가형1실,1,1,0,15.0,12,0.8,0.8,True,정원 대비 현원 가동률,0.0,2025-04-01,2026년 현재값이 아닌 과거 가동률 민감도 기준
48840,A03,경상남도,남해군,노인요양시설(개정법),2,2,0,146.0,127,0.8698630136986302,0.8698630136986302,True,정원 대비 현원 가동률,0.0,2025-04-01,2026년 현재값이 아닌 과거 가동률 민감도 기준
48840,B01,경상남도,남해군,재가노인복지시설 방문요양,8,8,0,80.0,331,4.1375,,False,방문형·복지용구는 정원 대비 비율 해석 금지,,2025-04-01,2026년 현재값이 아닌 과거 가동률 민감도 기준
48840,B02,경상남도,남해군,재가노인복지시설 방문목욕,5,5,0,80.0,333,4.1625,,False,방문형·복지용구는 정원 대비 비율 해석 금지,,2025-04-01,2026년 현재값이 아닌 과거 가동률 민감도 기준
48840,B03,경상남도,남해군,재가노인복지시설 주야간보호,6,6,0,300.0,243,0.81,0.81,True,정원 대비 현원 가동률,0.0,2025-04-01,2026년 현재값이 아닌 과거 가동률 민감도 기준
48840,C01,경상남도,남해군,재가장기요양기관 방문요양,16,16,0,0.0,773,,,False,방문형·복지용구는 정원 대비 비율 해석 금지,,2025-04-01,2026년 현재값이 아닌 과거 가동률 민감도 기준
48840,C02,경상남도,남해군,재가장기요양기관 방문목욕,15,15,0,0.0,860,,,False,방문형·복지용구는 정원 대비 비율 해석 금지,,2025-04-01,2026년 현재값이 아닌 과거 가동률 민감도 기준
48840,C03,경상남도,남해군,재가장기요양기관 주야간보호,4,4,0,157.0,115,0.732484076433121,0.732484076433121,True,정원 대비 현원 가동률,0.0,2025-04-01,2026년 현재값이 아닌 과거 가동률 민감도 기준
48850,A03,경상남도,하동군,노인요양시설(개정법),6,6,0,398.0,352,0.8844221105527639,0.8844221105527639,True,정원 대비 현원 가동률,1.0,2025-04-01,2026년 현재값이 아닌 과거 가동률 민감도 기준
48850,A04,경상남도,하동군,노인요양공동생활가정,2,2,0,18.0,16,0.8888888888888888,0.8888888888888888,True,정원 대비 현원 가동률,0.0,2025-04-01,2026년 현재값이 아닌 과거 가동률 민감도 기준
48850,B01,경상남도,하동군,재가노인복지시설 방문요양,10,10,0,0.0,236,,,False,방문형·복지용구는 정원 대비 비율 해석 금지,,2025-04-01,2026년 현재값이 아닌 과거 가동률 민감도 기준
48850,B02,경상남도,하동군,재가노인복지시설 방문목욕,3,3,0,0.0,107,,,False,방문형·복지용구는 정원 대비 비율 해석 금지,,2025-04-01,2026년 현재값이 아닌 과거 가동률 민감도 기준
48850,B03,경상남도,하동군,재가노인복지시설 주야간보호,7,7,0,222.0,213,0.9594594594594594,0.9594594594594594,True,정원 대비 현원 가동률,2.0,2025-04-01,2026년 현재값이 아닌 과거 가동률 민감도 기준
48850,B05,경상남도,하동군,재가노인복지시설 방문간호,1,1,0,0.0,9,,,False,방문형·복지용구는 정원 대비 비율 해석 금지,,2025-04-01,2026년 현재값이 아닌 과거 가동률 민감도 기준
48850,C01,경상남도,하동군,재가장기요양기관 방문요양,23,23,0,114.0,984,8.631578947368421,,False,방문형·복지용구는 정원 대비 비율 해석 금지,,2025-04-01,2026년 현재값이 아닌 과거 가동률 민감도 기준
48850,C02,경상남도,하동군,재가장기요양기관 방문목욕,18,18,0,74.0,869,11.743243243243244,,False,방문형·복지용구는 정원 대비 비율 해석 금지,,2025-04-01,2026년 현재값이 아닌 과거 가동률 민감도 기준
48850,C03,경상남도,하동군,재가장기요양기관 주야간보호,5,5,0,164.0,149,0.9085365853658537,0.9085365853658537,True,정원 대비 현원 가동률,0.0,2025-04-01,2026년 현재값이 아닌 과거 가동률 민감도 기준
48850,C05,경상남도,하동군,재가장기요양기관 방문간호,1,1,0,0.0,12,,,False,방문형·복지용구는 정원 대비 비율 해석 금지,,2025-04-01,2026년 현재값이 아닌 과거 가동률 민감도 기준
48850,G31,경상남도,하동군,치매전담실가형1실,1,1,0,12.0,12,1.0,1.0,True,정원 대비 현원 가동률,0.0,2025-04-01,2026년 현재값이 아닌 과거 가동률 민감도 기준
48850,G32,경상남도,하동군,치매전담실가형2실,1,1,0,12.0,12,1.0,1.0,True,정원 대비 현원 가동률,0.0,2025-04-01,2026년 현재값이 아닌 과거 가동률 민감도 기준
48850,H31,경상남도,하동군,주야간보호내치매전담1실,2,2,0,43.0,16,0.37209302325581395,0.37209302325581395,True,정원 대비 현원 가동률,0.0,2025-04-01,2026년 현재값이 아닌 과거 가동률 민감도 기준
48850,S41,경상남도,하동군,치매전담형노인요양공동생활가정,1,1,0,9.0,9,1.0,1.0,True,정원 대비 현원 가동률,0.0,2025-04-01,2026년 현재값이 아닌 과거 가동률 민감도 기준
48860,A03,경상남도,산청군,노인요양시설(개정법),10,10,0,565.0,496,0.8778761061946903,0.8778761061946903,True,정원 대비 현원 가동률,0.0,2025-04-01,2026년 현재값이 아닌 과거 가동률 민감도 기준
48860,A04,경상남도,산청군,노인요양공동생활가정,1,1,0,9.0,9,1.0,1.0,True,정원 대비 현원 가동률,0.0,2025-04-01,2026년 현재값이 아닌 과거 가동률 민감도 기준
48860,B01,경상남도,산청군,재가노인복지시설 방문요양,10,10,0,160.0,272,1.7,,False,방문형·복지용구는 정원 대비 비율 해석 금지,,2025-04-01,2026년 현재값이 아닌 과거 가동률 민감도 기준
48860,B02,경상남도,산청군,재가노인복지시설 방문목욕,7,7,0,160.0,60,0.375,,False,방문형·복지용구는 정원 대비 비율 해석 금지,,2025-04-01,2026년 현재값이 아닌 과거 가동률 민감도 기준
48860,B03,경상남도,산청군,재가노인복지시설 주야간보호,6,6,0,221.0,215,0.9728506787330317,0.9728506787330317,True,정원 대비 현원 가동률,1.0,2025-04-01,2026년 현재값이 아닌 과거 가동률 민감도 기준
48860,B04,경상남도,산청군,재가노인복지시설 단기보호,1,1,0,5.0,0,0.0,0.0,True,정원 대비 현원 가동률,0.0,2025-04-01,2026년 현재값이 아닌 과거 가동률 민감도 기준
48860,C01,경상남도,산청군,재가장기요양기관 방문요양,13,13,0,0.0,556,,,False,방문형·복지용구는 정원 대비 비율 해석 금지,,2025-04-01,2026년 현재값이 아닌 과거 가동률 민감도 기준
48860,C02,경상남도,산청군,재가장기요양기관 방문목욕,8,8,0,0.0,63,,,False,방문형·복지용구는 정원 대비 비율 해석 금지,,2025-04-01,2026년 현재값이 아닌 과거 가동률 민감도 기준
48860,C03,경상남도,산청군,재가장기요양기관 주야간보호,7,7,0,224.0,199,0.8883928571428571,0.8883928571428571,True,정원 대비 현원 가동률,1.0,2025-04-01,2026년 현재값이 아닌 과거 가동률 민감도 기준
48860,C05,경상남도,산청군,재가장기요양기관 방문간호,2,2,0,0.0,0,,,False,방문형·복지용구는 정원 대비 비율 해석 금지,,2025-04-01,2026년 현재값이 아닌 과거 가동률 민감도 기준
48860,C06,경상남도,산청군,재가장기요양기관 복지용구,2,2,0,0.0,59,,,False,방문형·복지용구는 정원 대비 비율 해석 금지,,2025-04-01,2026년 현재값이 아닌 과거 가동률 민감도 기준
48860,G31,경상남도,산청군,치매전담실가형1실,2,2,0,32.0,30,0.9375,0.9375,True,정원 대비 현원 가동률,0.0,2025-04-01,2026년 현재값이 아닌 과거 가동률 민감도 기준
48860,G32,경상남도,산청군,치매전담실가형2실,2,2,0,26.0,26,1.0,1.0,True,정원 대비 현원 가동률,0.0,2025-04-01,2026년 현재값이 아닌 과거 가동률 민감도 기준
48870,A03,경상남도,함양군,노인요양시설(개정법),9,9,0,489.0,399,0.8159509202453987,0.8159509202453987,True,정원 대비 현원 가동률,0.0,2025-04-01,2026년 현재값이 아닌 과거 가동률 민감도 기준
48870,B01,경상남도,함양군,재가노인복지시설 방문요양,11,11,0,0.0,105,,,False,방문형·복지용구는 정원 대비 비율 해석 금지,,2025-04-01,2026년 현재값이 아닌 과거 가동률 민감도 기준
48870,B02,경상남도,함양군,재가노인복지시설 방문목욕,7,7,0,0.0,73,,,False,방문형·복지용구는 정원 대비 비율 해석 금지,,2025-04-01,2026년 현재값이 아닌 과거 가동률 민감도 기준
48870,B03,경상남도,함양군,재가노인복지시설 주야간보호,6,6,0,180.0,157,0.8722222222222222,0.8722222222222222,True,정원 대비 현원 가동률,0.0,2025-04-01,2026년 현재값이 아닌 과거 가동률 민감도 기준
48870,C01,경상남도,함양군,재가장기요양기관 방문요양,8,8,0,0.0,304,,,False,방문형·복지용구는 정원 대비 비율 해석 금지,,2025-04-01,2026년 현재값이 아닌 과거 가동률 민감도 기준
48870,C02,경상남도,함양군,재가장기요양기관 방문목욕,7,7,0,0.0,254,,,False,방문형·복지용구는 정원 대비 비율 해석 금지,,2025-04-01,2026년 현재값이 아닌 과거 가동률 민감도 기준
48870,C03,경상남도,함양군,재가장기요양기관 주야간보호,6,6,0,177.0,161,0.9096045197740112,0.9096045197740112,True,정원 대비 현원 가동률,0.0,2025-04-01,2026년 현재값이 아닌 과거 가동률 민감도 기준
48870,M31,경상남도,함양군,치매전담실나형1실,1,1,0,16.0,0,0.0,0.0,True,정원 대비 현원 가동률,0.0,2025-04-01,2026년 현재값이 아닌 과거 가동률 민감도 기준
48880,A03,경상남도,거창군,노인요양시설(개정법),9,9,0,455.0,345,0.7582417582417582,0.7582417582417582,True,정원 대비 현원 가동률,1.0,2025-04-01,2026년 현재값이 아닌 과거 가동률 민감도 기준
48880,B01,경상남도,거창군,재가노인복지시설 방문요양,14,14,0,100.0,306,3.06,,False,방문형·복지용구는 정원 대비 비율 해석 금지,,2025-04-01,2026년 현재값이 아닌 과거 가동률 민감도 기준
48880,B02,경상남도,거창군,재가노인복지시설 방문목욕,12,12,0,100.0,158,1.58,,False,방문형·복지용구는 정원 대비 비율 해석 금지,,2025-04-01,2026년 현재값이 아닌 과거 가동률 민감도 기준
48880,B03,경상남도,거창군,재가노인복지시설 주야간보호,12,12,0,431.0,389,0.9025522041763341,0.9025522041763341,True,정원 대비 현원 가동률,5.0,2025-04-01,2026년 현재값이 아닌 과거 가동률 민감도 기준
48880,B05,경상남도,거창군,재가노인복지시설 방문간호,1,1,0,0.0,0,,,False,방문형·복지용구는 정원 대비 비율 해석 금지,,2025-04-01,2026년 현재값이 아닌 과거 가동률 민감도 기준
48880,C01,경상남도,거창군,재가장기요양기관 방문요양,10,10,0,45.0,389,8.644444444444444,,False,방문형·복지용구는 정원 대비 비율 해석 금지,,2025-04-01,2026년 현재값이 아닌 과거 가동률 민감도 기준
48880,C02,경상남도,거창군,재가장기요양기관 방문목욕,7,7,0,0.0,352,,,False,방문형·복지용구는 정원 대비 비율 해석 금지,,2025-04-01,2026년 현재값이 아닌 과거 가동률 민감도 기준
48880,C03,경상남도,거창군,재가장기요양기관 주야간보호,10,10,0,317.0,288,0.9085173501577287,0.9085173501577287,True,정원 대비 현원 가동률,2.0,2025-04-01,2026년 현재값이 아닌 과거 가동률 민감도 기준
48880,C05,경상남도,거창군,재가장기요양기관 방문간호,1,1,0,45.0,1,0.022222222222222223,,False,방문형·복지용구는 정원 대비 비율 해석 금지,,2025-04-01,2026년 현재값이 아닌 과거 가동률 민감도 기준
48880,G31,경상남도,거창군,치매전담실가형1실,2,2,0,28.0,16,0.5714285714285714,0.5714285714285714,True,정원 대비 현원 가동률,0.0,2025-04-01,2026년 현재값이 아닌 과거 가동률 민감도 기준
48880,H31,경상남도,거창군,주야간보호내치매전담1실,1,1,0,16.0,8,0.5,0.5,True,정원 대비 현원 가동률,0.0,2025-04-01,2026년 현재값이 아닌 과거 가동률 민감도 기준
48880,M31,경상남도,거창군,치매전담실나형1실,1,1,0,12.0,0,0.0,0.0,True,정원 대비 현원 가동률,0.0,2025-04-01,2026년 현재값이 아닌 과거 가동률 민감도 기준
48890,A03,경상남도,합천군,노인요양시설(개정법),6,6,0,517.0,357,0.690522243713733,0.690522243713733,True,정원 대비 현원 가동률,0.0,2025-04-01,2026년 현재값이 아닌 과거 가동률 민감도 기준
48890,B01,경상남도,합천군,재가노인복지시설 방문요양,8,8,0,44.0,198,4.5,,False,방문형·복지용구는 정원 대비 비율 해석 금지,,2025-04-01,2026년 현재값이 아닌 과거 가동률 민감도 기준
48890,B02,경상남도,합천군,재가노인복지시설 방문목욕,4,4,0,0.0,120,,,False,방문형·복지용구는 정원 대비 비율 해석 금지,,2025-04-01,2026년 현재값이 아닌 과거 가동률 민감도 기준
48890,B03,경상남도,합천군,재가노인복지시설 주야간보호,7,7,0,186.0,174,0.9354838709677419,0.9354838709677419,True,정원 대비 현원 가동률,2.0,2025-04-01,2026년 현재값이 아닌 과거 가동률 민감도 기준
48890,C01,경상남도,합천군,재가장기요양기관 방문요양,5,5,0,0.0,138,,,False,방문형·복지용구는 정원 대비 비율 해석 금지,,2025-04-01,2026년 현재값이 아닌 과거 가동률 민감도 기준
48890,C02,경상남도,합천군,재가장기요양기관 방문목욕,4,4,0,0.0,127,,,False,방문형·복지용구는 정원 대비 비율 해석 금지,,2025-04-01,2026년 현재값이 아닌 과거 가동률 민감도 기준
48890,C03,경상남도,합천군,재가장기요양기관 주야간보호,3,3,0,122.0,107,0.8770491803278688,0.8770491803278688,True,정원 대비 현원 가동률,0.0,2025-04-01,2026년 현재값이 아닌 과거 가동률 민감도 기준
48890,G31,경상남도,합천군,치매전담실가형1실,1,1,0,16.0,16,1.0,1.0,True,정원 대비 현원 가동률,0.0,2025-04-01,2026년 현재값이 아닌 과거 가동률 민감도 기준
48890,H31,경상남도,합천군,주야간보호내치매전담1실,1,1,0,25.0,26,1.04,1.04,True,정원 대비 현원 가동률,1.0,2025-04-01,2026년 현재값이 아닌 과거 가동률 민감도 기준
50110,A03,제주특별자치도,제주시,노인요양시설(개정법),42,42,0,2769.0,2219,0.8013723365836042,0.8013723365836042,True,정원 대비 현원 가동률,0.0,2025-04-01,2026년 현재값이 아닌 과거 가동률 민감도 기준
50110,A04,제주특별자치도,제주시,노인요양공동생활가정,7,7,0,63.0,61,0.9682539682539683,0.9682539682539683,True,정원 대비 현원 가동률,0.0,2025-04-01,2026년 현재값이 아닌 과거 가동률 민감도 기준
50110,B01,제주특별자치도,제주시,재가노인복지시설 방문요양,42,42,0,0.0,872,,,False,방문형·복지용구는 정원 대비 비율 해석 금지,,2025-04-01,2026년 현재값이 아닌 과거 가동률 민감도 기준
50110,B02,제주특별자치도,제주시,재가노인복지시설 방문목욕,24,24,0,0.0,168,,,False,방문형·복지용구는 정원 대비 비율 해석 금지,,2025-04-01,2026년 현재값이 아닌 과거 가동률 민감도 기준
50110,B03,제주특별자치도,제주시,재가노인복지시설 주야간보호,30,30,0,684.0,525,0.7675438596491229,0.7675438596491229,True,정원 대비 현원 가동률,2.0,2025-04-01,2026년 현재값이 아닌 과거 가동률 민감도 기준
50110,B05,제주특별자치도,제주시,재가노인복지시설 방문간호,4,4,0,0.0,36,,,False,방문형·복지용구는 정원 대비 비율 해석 금지,,2025-04-01,2026년 현재값이 아닌 과거 가동률 민감도 기준
50110,B06,제주특별자치도,제주시,재가노인복지시설 복지용구,6,6,0,0.0,96,,,False,방문형·복지용구는 정원 대비 비율 해석 금지,,2025-04-01,2026년 현재값이 아닌 과거 가동률 민감도 기준
50110,C01,제주특별자치도,제주시,재가장기요양기관 방문요양,28,28,0,0.0,577,,,False,방문형·복지용구는 정원 대비 비율 해석 금지,,2025-04-01,2026년 현재값이 아닌 과거 가동률 민감도 기준
50110,C02,제주특별자치도,제주시,재가장기요양기관 방문목욕,22,22,0,0.0,247,,,False,방문형·복지용구는 정원 대비 비율 해석 금지,,2025-04-01,2026년 현재값이 아닌 과거 가동률 민감도 기준
50110,C03,제주특별자치도,제주시,재가장기요양기관 주야간보호,25,25,0,727.0,602,0.828060522696011,0.828060522696011,True,정원 대비 현원 가동률,1.0,2025-04-01,2026년 현재값이 아닌 과거 가동률 민감도 기준
50110,C05,제주특별자치도,제주시,재가장기요양기관 방문간호,2,2,0,0.0,109,,,False,방문형·복지용구는 정원 대비 비율 해석 금지,,2025-04-01,2026년 현재값이 아닌 과거 가동률 민감도 기준
50110,C06,제주특별자치도,제주시,재가장기요양기관 복지용구,4,4,0,0.0,300,,,False,방문형·복지용구는 정원 대비 비율 해석 금지,,2025-04-01,2026년 현재값이 아닌 과거 가동률 민감도 기준
50110,G31,제주특별자치도,제주시,치매전담실가형1실,2,2,0,24.0,24,1.0,1.0,True,정원 대비 현원 가동률,0.0,2025-04-01,2026년 현재값이 아닌 과거 가동률 민감도 기준
50110,G32,제주특별자치도,제주시,치매전담실가형2실,2,2,0,24.0,23,0.9583333333333334,0.9583333333333334,True,정원 대비 현원 가동률,0.0,2025-04-01,2026년 현재값이 아닌 과거 가동률 민감도 기준
50110,H31,제주특별자치도,제주시,주야간보호내치매전담1실,1,1,0,20.0,12,0.6,0.6,True,정원 대비 현원 가동률,0.0,2025-04-01,2026년 현재값이 아닌 과거 가동률 민감도 기준
50110,H32,제주특별자치도,제주시,주야간보호내치매전담2실,1,1,0,20.0,14,0.7,0.7,True,정원 대비 현원 가동률,0.0,2025-04-01,2026년 현재값이 아닌 과거 가동률 민감도 기준
50130,A03,제주특별자치도,서귀포시,노인요양시설(개정법),20,20,0,1168.0,897,0.7679794520547946,0.7679794520547946,True,정원 대비 현원 가동률,0.0,2025-04-01,2026년 현재값이 아닌 과거 가동률 민감도 기준
50130,A04,제주특별자치도,서귀포시,노인요양공동생활가정,2,2,0,18.0,18,1.0,1.0,True,정원 대비 현원 가동률,0.0,2025-04-01,2026년 현재값이 아닌 과거 가동률 민감도 기준
50130,B01,제주특별자치도,서귀포시,재가노인복지시설 방문요양,13,13,0,0.0,353,,,False,방문형·복지용구는 정원 대비 비율 해석 금지,,2025-04-01,2026년 현재값이 아닌 과거 가동률 민감도 기준
50130,B02,제주특별자치도,서귀포시,재가노인복지시설 방문목욕,10,10,0,0.0,146,,,False,방문형·복지용구는 정원 대비 비율 해석 금지,,2025-04-01,2026년 현재값이 아닌 과거 가동률 민감도 기준
50130,B03,제주특별자치도,서귀포시,재가노인복지시설 주야간보호,12,12,0,259.0,197,0.7606177606177607,0.7606177606177607,True,정원 대비 현원 가동률,1.0,2025-04-01,2026년 현재값이 아닌 과거 가동률 민감도 기준
50130,C01,제주특별자치도,서귀포시,재가장기요양기관 방문요양,12,12,0,40.0,260,6.5,,False,방문형·복지용구는 정원 대비 비율 해석 금지,,2025-04-01,2026년 현재값이 아닌 과거 가동률 민감도 기준
50130,C02,제주특별자치도,서귀포시,재가장기요양기관 방문목욕,10,10,0,40.0,140,3.5,,False,방문형·복지용구는 정원 대비 비율 해석 금지,,2025-04-01,2026년 현재값이 아닌 과거 가동률 민감도 기준
50130,C03,제주특별자치도,서귀포시,재가장기요양기관 주야간보호,11,11,0,341.0,316,0.9266862170087976,0.9266862170087976,True,정원 대비 현원 가동률,2.0,2025-04-01,2026년 현재값이 아닌 과거 가동률 민감도 기준
50130,H31,제주특별자치도,서귀포시,주야간보호내치매전담1실,1,1,0,25.0,9,0.36,0.36,True,정원 대비 현원 가동률,0.0,2025-04-01,2026년 현재값이 아닌 과거 가동률 민감도 기준
50130,M31,제주특별자치도,서귀포시,치매전담실나형1실,1,1,0,11.0,9,0.8181818181818182,0.8181818181818182,True,정원 대비 현원 가동률,0.0,2025-04-01,2026년 현재값이 아닌 과거 가동률 민감도 기준
50130,M32,제주특별자치도,서귀포시,치매전담실나형2실,1,1,0,12.0,12,1.0,1.0,True,정원 대비 현원 가동률,0.0,2025-04-01,2026년 현재값이 아닌 과거 가동률 민감도 기준
51110,A03,강원특별자치도,춘천시,노인요양시설(개정법),44,44,0,2040.0,1659,0.8132352941176471,0.8132352941176471,True,정원 대비 현원 가동률,0.0,2025-04-01,2026년 현재값이 아닌 과거 가동률 민감도 기준
51110,A04,강원특별자치도,춘천시,노인요양공동생활가정,25,25,0,218.0,183,0.8394495412844036,0.8394495412844036,True,정원 대비 현원 가동률,1.0,2025-04-01,2026년 현재값이 아닌 과거 가동률 민감도 기준
51110,B01,강원특별자치도,춘천시,재가노인복지시설 방문요양,69,69,0,100.0,1974,19.74,,False,방문형·복지용구는 정원 대비 비율 해석 금지,,2025-04-01,2026년 현재값이 아닌 과거 가동률 민감도 기준
51110,B02,강원특별자치도,춘천시,재가노인복지시설 방문목욕,49,49,0,40.0,50,1.25,,False,방문형·복지용구는 정원 대비 비율 해석 금지,,2025-04-01,2026년 현재값이 아닌 과거 가동률 민감도 기준
51110,B03,강원특별자치도,춘천시,재가노인복지시설 주야간보호,32,32,0,1099.0,910,0.8280254777070064,0.8280254777070064,True,정원 대비 현원 가동률,4.0,2025-04-01,2026년 현재값이 아닌 과거 가동률 민감도 기준
51110,B05,강원특별자치도,춘천시,재가노인복지시설 방문간호,3,3,0,0.0,1,,,False,방문형·복지용구는 정원 대비 비율 해석 금지,,2025-04-01,2026년 현재값이 아닌 과거 가동률 민감도 기준
51110,C01,강원특별자치도,춘천시,재가장기요양기관 방문요양,16,16,0,0.0,570,,,False,방문형·복지용구는 정원 대비 비율 해석 금지,,2025-04-01,2026년 현재값이 아닌 과거 가동률 민감도 기준
51110,C02,강원특별자치도,춘천시,재가장기요양기관 방문목욕,13,13,0,0.0,3,,,False,방문형·복지용구는 정원 대비 비율 해석 금지,,2025-04-01,2026년 현재값이 아닌 과거 가동률 민감도 기준
51110,C03,강원특별자치도,춘천시,재가장기요양기관 주야간보호,7,7,0,298.0,248,0.8322147651006712,0.8322147651006712,True,정원 대비 현원 가동률,0.0,2025-04-01,2026년 현재값이 아닌 과거 가동률 민감도 기준
51110,C05,강원특별자치도,춘천시,재가장기요양기관 방문간호,1,1,0,0.0,0,,,False,방문형·복지용구는 정원 대비 비율 해석 금지,,2025-04-01,2026년 현재값이 아닌 과거 가동률 민감도 기준
51110,G31,강원특별자치도,춘천시,치매전담실가형1실,1,1,0,12.0,4,0.3333333333333333,0.3333333333333333,True,정원 대비 현원 가동률,0.0,2025-04-01,2026년 현재값이 아닌 과거 가동률 민감도 기준
51130,A03,강원특별자치도,원주시,노인요양시설(개정법),53,53,0,2754.0,2353,0.8543936092955701,0.8543936092955701,True,정원 대비 현원 가동률,1.0,2025-04-01,2026년 현재값이 아닌 과거 가동률 민감도 기준
51130,A04,강원특별자치도,원주시,노인요양공동생활가정,14,14,0,126.0,120,0.9523809523809523,0.9523809523809523,True,정원 대비 현원 가동률,0.0,2025-04-01,2026년 현재값이 아닌 과거 가동률 민감도 기준
51130,B01,강원특별자치도,원주시,재가노인복지시설 방문요양,59,59,0,0.0,1850,,,False,방문형·복지용구는 정원 대비 비율 해석 금지,,2025-04-01,2026년 현재값이 아닌 과거 가동률 민감도 기준
51130,B02,강원특별자치도,원주시,재가노인복지시설 방문목욕,17,17,0,0.0,170,,,False,방문형·복지용구는 정원 대비 비율 해석 금지,,2025-04-01,2026년 현재값이 아닌 과거 가동률 민감도 기준
51130,B03,강원특별자치도,원주시,재가노인복지시설 주야간보호,33,33,0,1320.0,864,0.6545454545454545,0.6545454545454545,True,정원 대비 현원 가동률,0.0,2025-04-01,2026년 현재값이 아닌 과거 가동률 민감도 기준
51130,B05,강원특별자치도,원주시,재가노인복지시설 방문간호,4,4,0,0.0,25,,,False,방문형·복지용구는 정원 대비 비율 해석 금지,,2025-04-01,2026년 현재값이 아닌 과거 가동률 민감도 기준
51130,B06,강원특별자치도,원주시,재가노인복지시설 복지용구,3,3,0,0.0,1142,,,False,방문형·복지용구는 정원 대비 비율 해석 금지,,2025-04-01,2026년 현재값이 아닌 과거 가동률 민감도 기준
51130,C01,강원특별자치도,원주시,재가장기요양기관 방문요양,7,7,0,0.0,161,,,False,방문형·복지용구는 정원 대비 비율 해석 금지,,2025-04-01,2026년 현재값이 아닌 과거 가동률 민감도 기준
51130,C02,강원특별자치도,원주시,재가장기요양기관 방문목욕,2,2,0,0.0,12,,,False,방문형·복지용구는 정원 대비 비율 해석 금지,,2025-04-01,2026년 현재값이 아닌 과거 가동률 민감도 기준
51130,C03,강원특별자치도,원주시,재가장기요양기관 주야간보호,2,2,0,107.0,90,0.8411214953271028,0.8411214953271028,True,정원 대비 현원 가동률,0.0,2025-04-01,2026년 현재값이 아닌 과거 가동률 민감도 기준
51130,C06,강원특별자치도,원주시,재가장기요양기관 복지용구,3,3,0,0.0,395,,,False,방문형·복지용구는 정원 대비 비율 해석 금지,,2025-04-01,2026년 현재값이 아닌 과거 가동률 민감도 기준
51130,G31,강원특별자치도,원주시,치매전담실가형1실,2,2,0,24.0,23,0.9583333333333334,0.9583333333333334,True,정원 대비 현원 가동률,0.0,2025-04-01,2026년 현재값이 아닌 과거 가동률 민감도 기준
51130,G32,강원특별자치도,원주시,치매전담실가형2실,1,1,0,12.0,12,1.0,1.0,True,정원 대비 현원 가동률,0.0,2025-04-01,2026년 현재값이 아닌 과거 가동률 민감도 기준
51130,H31,강원특별자치도,원주시,주야간보호내치매전담1실,1,1,0,25.0,24,0.96,0.96,True,정원 대비 현원 가동률,0.0,2025-04-01,2026년 현재값이 아닌 과거 가동률 민감도 기준
51150,A03,강원특별자치도,강릉시,노인요양시설(개정법),53,53,0,2047.0,1688,0.8246213971665852,0.8246213971665852,True,정원 대비 현원 가동률,0.0,2025-04-01,2026년 현재값이 아닌 과거 가동률 민감도 기준
51150,A04,강원특별자치도,강릉시,노인요양공동생활가정,26,26,0,234.0,212,0.905982905982906,0.905982905982906,True,정원 대비 현원 가동률,0.0,2025-04-01,2026년 현재값이 아닌 과거 가동률 민감도 기준
51150,B01,강원특별자치도,강릉시,재가노인복지시설 방문요양,56,56,0,12.0,1957,163.08333333333334,,False,방문형·복지용구는 정원 대비 비율 해석 금지,,2025-04-01,2026년 현재값이 아닌 과거 가동률 민감도 기준
51150,B02,강원특별자치도,강릉시,재가노인복지시설 방문목욕,26,26,0,12.0,69,5.75,,False,방문형·복지용구는 정원 대비 비율 해석 금지,,2025-04-01,2026년 현재값이 아닌 과거 가동률 민감도 기준
51150,B03,강원특별자치도,강릉시,재가노인복지시설 주야간보호,30,30,0,912.0,701,0.768640350877193,0.768640350877193,True,정원 대비 현원 가동률,0.0,2025-04-01,2026년 현재값이 아닌 과거 가동률 민감도 기준
51150,B04,강원특별자치도,강릉시,재가노인복지시설 단기보호,2,2,0,18.0,16,0.8888888888888888,0.8888888888888888,True,정원 대비 현원 가동률,0.0,2025-04-01,2026년 현재값이 아닌 과거 가동률 민감도 기준
51150,B05,강원특별자치도,강릉시,재가노인복지시설 방문간호,4,4,0,0.0,6,,,False,방문형·복지용구는 정원 대비 비율 해석 금지,,2025-04-01,2026년 현재값이 아닌 과거 가동률 민감도 기준
51150,C01,강원특별자치도,강릉시,재가장기요양기관 방문요양,10,10,0,0.0,281,,,False,방문형·복지용구는 정원 대비 비율 해석 금지,,2025-04-01,2026년 현재값이 아닌 과거 가동률 민감도 기준
51150,C02,강원특별자치도,강릉시,재가장기요양기관 방문목욕,5,5,0,40.0,159,3.975,,False,방문형·복지용구는 정원 대비 비율 해석 금지,,2025-04-01,2026년 현재값이 아닌 과거 가동률 민감도 기준
51150,C03,강원특별자치도,강릉시,재가장기요양기관 주야간보호,3,3,0,51.0,9,0.17647058823529413,0.17647058823529413,True,정원 대비 현원 가동률,0.0,2025-04-01,2026년 현재값이 아닌 과거 가동률 민감도 기준
51150,G31,강원특별자치도,강릉시,치매전담실가형1실,1,1,0,14.0,14,1.0,1.0,True,정원 대비 현원 가동률,0.0,2025-04-01,2026년 현재값이 아닌 과거 가동률 민감도 기준
51170,A03,강원특별자치도,동해시,노인요양시설(개정법),10,10,0,446.0,417,0.9349775784753364,0.9349775784753364,True,정원 대비 현원 가동률,1.0,2025-04-01,2026년 현재값이 아닌 과거 가동률 민감도 기준
51170,A04,강원특별자치도,동해시,노인요양공동생활가정,1,1,0,9.0,8,0.8888888888888888,0.8888888888888888,True,정원 대비 현원 가동률,0.0,2025-04-01,2026년 현재값이 아닌 과거 가동률 민감도 기준
51170,B01,강원특별자치도,동해시,재가노인복지시설 방문요양,22,22,0,0.0,1022,,,False,방문형·복지용구는 정원 대비 비율 해석 금지,,2025-04-01,2026년 현재값이 아닌 과거 가동률 민감도 기준
51170,B02,강원특별자치도,동해시,재가노인복지시설 방문목욕,12,12,0,0.0,18,,,False,방문형·복지용구는 정원 대비 비율 해석 금지,,2025-04-01,2026년 현재값이 아닌 과거 가동률 민감도 기준
51170,B03,강원특별자치도,동해시,재가노인복지시설 주야간보호,10,10,0,371.0,282,0.7601078167115903,0.7601078167115903,True,정원 대비 현원 가동률,0.0,2025-04-01,2026년 현재값이 아닌 과거 가동률 민감도 기준
51170,B05,강원특별자치도,동해시,재가노인복지시설 방문간호,5,5,0,0.0,60,,,False,방문형·복지용구는 정원 대비 비율 해석 금지,,2025-04-01,2026년 현재값이 아닌 과거 가동률 민감도 기준
51170,C01,강원특별자치도,동해시,재가장기요양기관 방문요양,3,3,0,0.0,110,,,False,방문형·복지용구는 정원 대비 비율 해석 금지,,2025-04-01,2026년 현재값이 아닌 과거 가동률 민감도 기준
51170,C02,강원특별자치도,동해시,재가장기요양기관 방문목욕,1,1,0,0.0,0,,,False,방문형·복지용구는 정원 대비 비율 해석 금지,,2025-04-01,2026년 현재값이 아닌 과거 가동률 민감도 기준
51170,C05,강원특별자치도,동해시,재가장기요양기관 방문간호,1,1,0,0.0,7,,,False,방문형·복지용구는 정원 대비 비율 해석 금지,,2025-04-01,2026년 현재값이 아닌 과거 가동률 민감도 기준
51170,G31,강원특별자치도,동해시,치매전담실가형1실,1,1,0,12.0,12,1.0,1.0,True,정원 대비 현원 가동률,0.0,2025-04-01,2026년 현재값이 아닌 과거 가동률 민감도 기준
51170,H31,강원특별자치도,동해시,주야간보호내치매전담1실,1,1,0,25.0,25,1.0,1.0,True,정원 대비 현원 가동률,0.0,2025-04-01,2026년 현재값이 아닌 과거 가동률 민감도 기준
51170,H32,강원특별자치도,동해시,주야간보호내치매전담2실,1,1,0,25.0,23,0.92,0.92,True,정원 대비 현원 가동률,0.0,2025-04-01,2026년 현재값이 아닌 과거 가동률 민감도 기준
51190,A03,강원특별자치도,태백시,노인요양시설(개정법),3,3,0,206.0,180,0.8737864077669902,0.8737864077669902,True,정원 대비 현원 가동률,0.0,2025-04-01,2026년 현재값이 아닌 과거 가동률 민감도 기준
51190,B01,강원특별자치도,태백시,재가노인복지시설 방문요양,6,6,0,70.0,249,3.557142857142857,,False,방문형·복지용구는 정원 대비 비율 해석 금지,,2025-04-01,2026년 현재값이 아닌 과거 가동률 민감도 기준
51190,B02,강원특별자치도,태백시,재가노인복지시설 방문목욕,4,4,0,0.0,165,,,False,방문형·복지용구는 정원 대비 비율 해석 금지,,2025-04-01,2026년 현재값이 아닌 과거 가동률 민감도 기준
51190,B03,강원특별자치도,태백시,재가노인복지시설 주야간보호,3,3,0,83.0,78,0.9397590361445783,0.9397590361445783,True,정원 대비 현원 가동률,0.0,2025-04-01,2026년 현재값이 아닌 과거 가동률 민감도 기준
51190,B05,강원특별자치도,태백시,재가노인복지시설 방문간호,1,1,0,0.0,0,,,False,방문형·복지용구는 정원 대비 비율 해석 금지,,2025-04-01,2026년 현재값이 아닌 과거 가동률 민감도 기준
51190,G31,강원특별자치도,태백시,치매전담실가형1실,1,1,0,12.0,12,1.0,1.0,True,정원 대비 현원 가동률,0.0,2025-04-01,2026년 현재값이 아닌 과거 가동률 민감도 기준
51190,H31,강원특별자치도,태백시,주야간보호내치매전담1실,2,2,0,38.0,27,0.7105263157894737,0.7105263157894737,True,정원 대비 현원 가동률,0.0,2025-04-01,2026년 현재값이 아닌 과거 가동률 민감도 기준
51190,M31,강원특별자치도,태백시,치매전담실나형1실,1,1,0,16.0,16,1.0,1.0,True,정원 대비 현원 가동률,0.0,2025-04-01,2026년 현재값이 아닌 과거 가동률 민감도 기준
51210,A03,강원특별자치도,속초시,노인요양시설(개정법),6,6,0,315.0,262,0.8317460317460318,0.8317460317460318,True,정원 대비 현원 가동률,0.0,2025-04-01,2026년 현재값이 아닌 과거 가동률 민감도 기준
51210,A04,강원특별자치도,속초시,노인요양공동생활가정,6,6,0,54.0,52,0.9629629629629629,0.9629629629629629,True,정원 대비 현원 가동률,0.0,2025-04-01,2026년 현재값이 아닌 과거 가동률 민감도 기준
51210,B01,강원특별자치도,속초시,재가노인복지시설 방문요양,9,9,0,0.0,217,,,False,방문형·복지용구는 정원 대비 비율 해석 금지,,2025-04-01,2026년 현재값이 아닌 과거 가동률 민감도 기준
51210,B02,강원특별자치도,속초시,재가노인복지시설 방문목욕,4,4,0,0.0,51,,,False,방문형·복지용구는 정원 대비 비율 해석 금지,,2025-04-01,2026년 현재값이 아닌 과거 가동률 민감도 기준
51210,B03,강원특별자치도,속초시,재가노인복지시설 주야간보호,10,10,0,382.0,275,0.7198952879581152,0.7198952879581152,True,정원 대비 현원 가동률,0.0,2025-04-01,2026년 현재값이 아닌 과거 가동률 민감도 기준
51210,B05,강원특별자치도,속초시,재가노인복지시설 방문간호,1,1,0,0.0,4,,,False,방문형·복지용구는 정원 대비 비율 해석 금지,,2025-04-01,2026년 현재값이 아닌 과거 가동률 민감도 기준
51210,B06,강원특별자치도,속초시,재가노인복지시설 복지용구,1,1,0,0.0,0,,,False,방문형·복지용구는 정원 대비 비율 해석 금지,,2025-04-01,2026년 현재값이 아닌 과거 가동률 민감도 기준
51210,C01,강원특별자치도,속초시,재가장기요양기관 방문요양,7,7,0,80.0,344,4.3,,False,방문형·복지용구는 정원 대비 비율 해석 금지,,2025-04-01,2026년 현재값이 아닌 과거 가동률 민감도 기준
51210,C02,강원특별자치도,속초시,재가장기요양기관 방문목욕,5,5,0,20.0,10,0.5,,False,방문형·복지용구는 정원 대비 비율 해석 금지,,2025-04-01,2026년 현재값이 아닌 과거 가동률 민감도 기준
51210,C03,강원특별자치도,속초시,재가장기요양기관 주야간보호,2,2,0,44.0,26,0.5909090909090909,0.5909090909090909,True,정원 대비 현원 가동률,1.0,2025-04-01,2026년 현재값이 아닌 과거 가동률 민감도 기준
51210,C05,강원특별자치도,속초시,재가장기요양기관 방문간호,1,1,0,0.0,0,,,False,방문형·복지용구는 정원 대비 비율 해석 금지,,2025-04-01,2026년 현재값이 아닌 과거 가동률 민감도 기준
51230,A03,강원특별자치도,삼척시,노인요양시설(개정법),7,7,0,394.0,247,0.6269035532994924,0.6269035532994924,True,정원 대비 현원 가동률,0.0,2025-04-01,2026년 현재값이 아닌 과거 가동률 민감도 기준
51230,B01,강원특별자치도,삼척시,재가노인복지시설 방문요양,13,13,0,0.0,478,,,False,방문형·복지용구는 정원 대비 비율 해석 금지,,2025-04-01,2026년 현재값이 아닌 과거 가동률 민감도 기준
51230,B02,강원특별자치도,삼척시,재가노인복지시설 방문목욕,6,6,0,0.0,18,,,False,방문형·복지용구는 정원 대비 비율 해석 금지,,2025-04-01,2026년 현재값이 아닌 과거 가동률 민감도 기준
51230,B03,강원특별자치도,삼척시,재가노인복지시설 주야간보호,3,3,0,120.0,94,0.7833333333333333,0.7833333333333333,True,정원 대비 현원 가동률,0.0,2025-04-01,2026년 현재값이 아닌 과거 가동률 민감도 기준
51230,B05,강원특별자치도,삼척시,재가노인복지시설 방문간호,1,1,0,0.0,15,,,False,방문형·복지용구는 정원 대비 비율 해석 금지,,2025-04-01,2026년 현재값이 아닌 과거 가동률 민감도 기준
51230,C01,강원특별자치도,삼척시,재가장기요양기관 방문요양,9,9,0,11.0,271,24.636363636363637,,False,방문형·복지용구는 정원 대비 비율 해석 금지,,2025-04-01,2026년 현재값이 아닌 과거 가동률 민감도 기준
51230,C02,강원특별자치도,삼척시,재가장기요양기관 방문목욕,4,4,0,0.0,0,,,False,방문형·복지용구는 정원 대비 비율 해석 금지,,2025-04-01,2026년 현재값이 아닌 과거 가동률 민감도 기준
51230,C03,강원특별자치도,삼척시,재가장기요양기관 주야간보호,1,1,0,22.0,17,0.7727272727272727,0.7727272727272727,True,정원 대비 현원 가동률,0.0,2025-04-01,2026년 현재값이 아닌 과거 가동률 민감도 기준
51230,C05,강원특별자치도,삼척시,재가장기요양기관 방문간호,1,1,0,0.0,0,,,False,방문형·복지용구는 정원 대비 비율 해석 금지,,2025-04-01,2026년 현재값이 아닌 과거 가동률 민감도 기준
51720,A03,강원특별자치도,홍천군,노인요양시설(개정법),12,12,0,520.0,425,0.8173076923076923,0.8173076923076923,True,정원 대비 현원 가동률,0.0,2025-04-01,2026년 현재값이 아닌 과거 가동률 민감도 기준
51720,A04,강원특별자치도,홍천군,노인요양공동생활가정,6,6,0,54.0,48,0.8888888888888888,0.8888888888888888,True,정원 대비 현원 가동률,0.0,2025-04-01,2026년 현재값이 아닌 과거 가동률 민감도 기준
51720,B01,강원특별자치도,홍천군,재가노인복지시설 방문요양,11,11,0,50.0,257,5.14,,False,방문형·복지용구는 정원 대비 비율 해석 금지,,2025-04-01,2026년 현재값이 아닌 과거 가동률 민감도 기준
51720,B02,강원특별자치도,홍천군,재가노인복지시설 방문목욕,6,6,0,0.0,9,,,False,방문형·복지용구는 정원 대비 비율 해석 금지,,2025-04-01,2026년 현재값이 아닌 과거 가동률 민감도 기준
51720,B03,강원특별자치도,홍천군,재가노인복지시설 주야간보호,3,3,0,63.0,39,0.6190476190476191,0.6190476190476191,True,정원 대비 현원 가동률,0.0,2025-04-01,2026년 현재값이 아닌 과거 가동률 민감도 기준
51720,C01,강원특별자치도,홍천군,재가장기요양기관 방문요양,5,5,0,0.0,222,,,False,방문형·복지용구는 정원 대비 비율 해석 금지,,2025-04-01,2026년 현재값이 아닌 과거 가동률 민감도 기준
51720,C02,강원특별자치도,홍천군,재가장기요양기관 방문목욕,4,4,0,0.0,4,,,False,방문형·복지용구는 정원 대비 비율 해석 금지,,2025-04-01,2026년 현재값이 아닌 과거 가동률 민감도 기준
51720,C03,강원특별자치도,홍천군,재가장기요양기관 주야간보호,2,2,0,127.0,119,0.937007874015748,0.937007874015748,True,정원 대비 현원 가동률,0.0,2025-04-01,2026년 현재값이 아닌 과거 가동률 민감도 기준
51720,C05,강원특별자치도,홍천군,재가장기요양기관 방문간호,1,1,0,0.0,2,,,False,방문형·복지용구는 정원 대비 비율 해석 금지,,2025-04-01,2026년 현재값이 아닌 과거 가동률 민감도 기준
51720,G31,강원특별자치도,홍천군,치매전담실가형1실,1,1,0,12.0,0,0.0,0.0,True,정원 대비 현원 가동률,0.0,2025-04-01,2026년 현재값이 아닌 과거 가동률 민감도 기준
51720,G32,강원특별자치도,홍천군,치매전담실가형2실,1,1,0,12.0,0,0.0,0.0,True,정원 대비 현원 가동률,0.0,2025-04-01,2026년 현재값이 아닌 과거 가동률 민감도 기준
51720,G33,강원특별자치도,홍천군,치매전담실가형3실,1,1,0,12.0,12,1.0,1.0,True,정원 대비 현원 가동률,0.0,2025-04-01,2026년 현재값이 아닌 과거 가동률 민감도 기준
51720,H31,강원특별자치도,홍천군,주야간보호내치매전담1실,1,1,0,20.0,0,0.0,0.0,True,정원 대비 현원 가동률,0.0,2025-04-01,2026년 현재값이 아닌 과거 가동률 민감도 기준
51730,A03,강원특별자치도,횡성군,노인요양시설(개정법),14,14,0,536.0,446,0.832089552238806,0.832089552238806,True,정원 대비 현원 가동률,0.0,2025-04-01,2026년 현재값이 아닌 과거 가동률 민감도 기준
51730,A04,강원특별자치도,횡성군,노인요양공동생활가정,3,3,0,27.0,26,0.9629629629629629,0.9629629629629629,True,정원 대비 현원 가동률,0.0,2025-04-01,2026년 현재값이 아닌 과거 가동률 민감도 기준
51730,B01,강원특별자치도,횡성군,재가노인복지시설 방문요양,10,10,0,0.0,268,,,False,방문형·복지용구는 정원 대비 비율 해석 금지,,2025-04-01,2026년 현재값이 아닌 과거 가동률 민감도 기준
51730,B02,강원특별자치도,횡성군,재가노인복지시설 방문목욕,9,9,0,0.0,155,,,False,방문형·복지용구는 정원 대비 비율 해석 금지,,2025-04-01,2026년 현재값이 아닌 과거 가동률 민감도 기준
51730,B03,강원특별자치도,횡성군,재가노인복지시설 주야간보호,12,12,0,422.0,290,0.6872037914691943,0.6872037914691943,True,정원 대비 현원 가동률,1.0,2025-04-01,2026년 현재값이 아닌 과거 가동률 민감도 기준
51730,B05,강원특별자치도,횡성군,재가노인복지시설 방문간호,2,2,0,0.0,0,,,False,방문형·복지용구는 정원 대비 비율 해석 금지,,2025-04-01,2026년 현재값이 아닌 과거 가동률 민감도 기준
51750,A03,강원특별자치도,영월군,노인요양시설(개정법),6,6,0,297.0,244,0.8215488215488216,0.8215488215488216,True,정원 대비 현원 가동률,0.0,2025-04-01,2026년 현재값이 아닌 과거 가동률 민감도 기준
51750,B01,강원특별자치도,영월군,재가노인복지시설 방문요양,2,2,0,0.0,176,,,False,방문형·복지용구는 정원 대비 비율 해석 금지,,2025-04-01,2026년 현재값이 아닌 과거 가동률 민감도 기준
51750,B02,강원특별자치도,영월군,재가노인복지시설 방문목욕,1,1,0,0.0,151,,,False,방문형·복지용구는 정원 대비 비율 해석 금지,,2025-04-01,2026년 현재값이 아닌 과거 가동률 민감도 기준
51750,B03,강원특별자치도,영월군,재가노인복지시설 주야간보호,1,1,0,15.0,14,0.9333333333333333,0.9333333333333333,True,정원 대비 현원 가동률,0.0,2025-04-01,2026년 현재값이 아닌 과거 가동률 민감도 기준
51750,B05,강원특별자치도,영월군,재가노인복지시설 방문간호,1,1,0,0.0,0,,,False,방문형·복지용구는 정원 대비 비율 해석 금지,,2025-04-01,2026년 현재값이 아닌 과거 가동률 민감도 기준
51750,C01,강원특별자치도,영월군,재가장기요양기관 방문요양,5,5,0,60.0,184,3.066666666666667,,False,방문형·복지용구는 정원 대비 비율 해석 금지,,2025-04-01,2026년 현재값이 아닌 과거 가동률 민감도 기준
51750,C02,강원특별자치도,영월군,재가장기요양기관 방문목욕,1,1,0,0.0,0,,,False,방문형·복지용구는 정원 대비 비율 해석 금지,,2025-04-01,2026년 현재값이 아닌 과거 가동률 민감도 기준
51750,G31,강원특별자치도,영월군,치매전담실가형1실,1,1,0,12.0,0,0.0,0.0,True,정원 대비 현원 가동률,0.0,2025-04-01,2026년 현재값이 아닌 과거 가동률 민감도 기준
51750,G32,강원특별자치도,영월군,치매전담실가형2실,1,1,0,12.0,10,0.8333333333333334,0.8333333333333334,True,정원 대비 현원 가동률,0.0,2025-04-01,2026년 현재값이 아닌 과거 가동률 민감도 기준
51760,A03,강원특별자치도,평창군,노인요양시설(개정법),4,4,0,207.0,128,0.6183574879227053,0.6183574879227053,True,정원 대비 현원 가동률,0.0,2025-04-01,2026년 현재값이 아닌 과거 가동률 민감도 기준
51760,A04,강원특별자치도,평창군,노인요양공동생활가정,6,6,0,52.0,50,0.9615384615384616,0.9615384615384616,True,정원 대비 현원 가동률,0.0,2025-04-01,2026년 현재값이 아닌 과거 가동률 민감도 기준
51760,B01,강원특별자치도,평창군,재가노인복지시설 방문요양,6,6,0,80.0,271,3.3875,,False,방문형·복지용구는 정원 대비 비율 해석 금지,,2025-04-01,2026년 현재값이 아닌 과거 가동률 민감도 기준
51760,B02,강원특별자치도,평창군,재가노인복지시설 방문목욕,2,2,0,0.0,23,,,False,방문형·복지용구는 정원 대비 비율 해석 금지,,2025-04-01,2026년 현재값이 아닌 과거 가동률 민감도 기준
51760,B03,강원특별자치도,평창군,재가노인복지시설 주야간보호,2,2,0,17.0,16,0.9411764705882353,0.9411764705882353,True,정원 대비 현원 가동률,0.0,2025-04-01,2026년 현재값이 아닌 과거 가동률 민감도 기준
51760,C01,강원특별자치도,평창군,재가장기요양기관 방문요양,4,4,0,0.0,118,,,False,방문형·복지용구는 정원 대비 비율 해석 금지,,2025-04-01,2026년 현재값이 아닌 과거 가동률 민감도 기준
51760,C02,강원특별자치도,평창군,재가장기요양기관 방문목욕,3,3,0,0.0,14,,,False,방문형·복지용구는 정원 대비 비율 해석 금지,,2025-04-01,2026년 현재값이 아닌 과거 가동률 민감도 기준
51760,C03,강원특별자치도,평창군,재가장기요양기관 주야간보호,3,3,0,41.0,40,0.975609756097561,0.975609756097561,True,정원 대비 현원 가동률,0.0,2025-04-01,2026년 현재값이 아닌 과거 가동률 민감도 기준
51770,A03,강원특별자치도,정선군,노인요양시설(개정법),3,3,0,180.0,170,0.9444444444444444,0.9444444444444444,True,정원 대비 현원 가동률,0.0,2025-04-01,2026년 현재값이 아닌 과거 가동률 민감도 기준
51770,A04,강원특별자치도,정선군,노인요양공동생활가정,4,4,0,36.0,30,0.8333333333333334,0.8333333333333334,True,정원 대비 현원 가동률,0.0,2025-04-01,2026년 현재값이 아닌 과거 가동률 민감도 기준
51770,B01,강원특별자치도,정선군,재가노인복지시설 방문요양,5,5,0,74.0,129,1.7432432432432432,,False,방문형·복지용구는 정원 대비 비율 해석 금지,,2025-04-01,2026년 현재값이 아닌 과거 가동률 민감도 기준
51770,B02,강원특별자치도,정선군,재가노인복지시설 방문목욕,2,2,0,30.0,32,1.0666666666666667,,False,방문형·복지용구는 정원 대비 비율 해석 금지,,2025-04-01,2026년 현재값이 아닌 과거 가동률 민감도 기준
51770,C01,강원특별자치도,정선군,재가장기요양기관 방문요양,3,3,0,30.0,113,3.7666666666666666,,False,방문형·복지용구는 정원 대비 비율 해석 금지,,2025-04-01,2026년 현재값이 아닌 과거 가동률 민감도 기준
51770,C02,강원특별자치도,정선군,재가장기요양기관 방문목욕,2,2,0,30.0,47,1.5666666666666667,,False,방문형·복지용구는 정원 대비 비율 해석 금지,,2025-04-01,2026년 현재값이 아닌 과거 가동률 민감도 기준
51770,G31,강원특별자치도,정선군,치매전담실가형1실,1,1,0,9.0,9,1.0,1.0,True,정원 대비 현원 가동률,0.0,2025-04-01,2026년 현재값이 아닌 과거 가동률 민감도 기준
51770,G32,강원특별자치도,정선군,치매전담실가형2실,1,1,0,9.0,8,0.8888888888888888,0.8888888888888888,True,정원 대비 현원 가동률,0.0,2025-04-01,2026년 현재값이 아닌 과거 가동률 민감도 기준
51770,G33,강원특별자치도,정선군,치매전담실가형3실,1,1,0,9.0,0,0.0,0.0,True,정원 대비 현원 가동률,0.0,2025-04-01,2026년 현재값이 아닌 과거 가동률 민감도 기준
51770,G34,강원특별자치도,정선군,치매전담실가형4실,1,1,0,9.0,0,0.0,0.0,True,정원 대비 현원 가동률,0.0,2025-04-01,2026년 현재값이 아닌 과거 가동률 민감도 기준
51770,G35,강원특별자치도,정선군,치매전담실가형5실,1,1,0,9.0,0,0.0,0.0,True,정원 대비 현원 가동률,0.0,2025-04-01,2026년 현재값이 아닌 과거 가동률 민감도 기준
51770,G36,강원특별자치도,정선군,치매전담실가형6실,1,1,0,9.0,0,0.0,0.0,True,정원 대비 현원 가동률,0.0,2025-04-01,2026년 현재값이 아닌 과거 가동률 민감도 기준
51780,A03,강원특별자치도,철원군,노인요양시설(개정법),5,5,0,203.0,123,0.6059113300492611,0.6059113300492611,True,정원 대비 현원 가동률,0.0,2025-04-01,2026년 현재값이 아닌 과거 가동률 민감도 기준
51780,A04,강원특별자치도,철원군,노인요양공동생활가정,2,2,0,18.0,18,1.0,1.0,True,정원 대비 현원 가동률,0.0,2025-04-01,2026년 현재값이 아닌 과거 가동률 민감도 기준
51780,B01,강원특별자치도,철원군,재가노인복지시설 방문요양,6,6,0,10.0,159,15.9,,False,방문형·복지용구는 정원 대비 비율 해석 금지,,2025-04-01,2026년 현재값이 아닌 과거 가동률 민감도 기준
51780,B02,강원특별자치도,철원군,재가노인복지시설 방문목욕,2,2,0,10.0,10,1.0,,False,방문형·복지용구는 정원 대비 비율 해석 금지,,2025-04-01,2026년 현재값이 아닌 과거 가동률 민감도 기준
51780,B03,강원특별자치도,철원군,재가노인복지시설 주야간보호,5,5,0,207.0,189,0.9130434782608695,0.9130434782608695,True,정원 대비 현원 가동률,1.0,2025-04-01,2026년 현재값이 아닌 과거 가동률 민감도 기준
51780,C01,강원특별자치도,철원군,재가장기요양기관 방문요양,5,5,0,0.0,179,,,False,방문형·복지용구는 정원 대비 비율 해석 금지,,2025-04-01,2026년 현재값이 아닌 과거 가동률 민감도 기준
51780,C02,강원특별자치도,철원군,재가장기요양기관 방문목욕,4,4,0,0.0,6,,,False,방문형·복지용구는 정원 대비 비율 해석 금지,,2025-04-01,2026년 현재값이 아닌 과거 가동률 민감도 기준
51780,C03,강원특별자치도,철원군,재가장기요양기관 주야간보호,1,1,0,20.0,20,1.0,1.0,True,정원 대비 현원 가동률,0.0,2025-04-01,2026년 현재값이 아닌 과거 가동률 민감도 기준
51780,M31,강원특별자치도,철원군,치매전담실나형1실,1,1,0,12.0,10,0.8333333333333334,0.8333333333333334,True,정원 대비 현원 가동률,0.0,2025-04-01,2026년 현재값이 아닌 과거 가동률 민감도 기준
51780,M32,강원특별자치도,철원군,치매전담실나형2실,1,1,0,12.0,10,0.8333333333333334,0.8333333333333334,True,정원 대비 현원 가동률,0.0,2025-04-01,2026년 현재값이 아닌 과거 가동률 민감도 기준
51790,A03,강원특별자치도,화천군,노인요양시설(개정법),3,3,0,115.0,83,0.7217391304347827,0.7217391304347827,True,정원 대비 현원 가동률,0.0,2025-04-01,2026년 현재값이 아닌 과거 가동률 민감도 기준
51790,A04,강원특별자치도,화천군,노인요양공동생활가정,3,3,0,27.0,23,0.8518518518518519,0.8518518518518519,True,정원 대비 현원 가동률,0.0,2025-04-01,2026년 현재값이 아닌 과거 가동률 민감도 기준
51790,B01,강원특별자치도,화천군,재가노인복지시설 방문요양,3,3,0,42.0,144,3.4285714285714284,,False,방문형·복지용구는 정원 대비 비율 해석 금지,,2025-04-01,2026년 현재값이 아닌 과거 가동률 민감도 기준
51790,B02,강원특별자치도,화천군,재가노인복지시설 방문목욕,1,1,0,0.0,34,,,False,방문형·복지용구는 정원 대비 비율 해석 금지,,2025-04-01,2026년 현재값이 아닌 과거 가동률 민감도 기준
51790,B03,강원특별자치도,화천군,재가노인복지시설 주야간보호,1,1,0,16.0,16,1.0,1.0,True,정원 대비 현원 가동률,0.0,2025-04-01,2026년 현재값이 아닌 과거 가동률 민감도 기준
51790,B05,강원특별자치도,화천군,재가노인복지시설 방문간호,1,1,0,11.0,8,0.7272727272727273,,False,방문형·복지용구는 정원 대비 비율 해석 금지,,2025-04-01,2026년 현재값이 아닌 과거 가동률 민감도 기준
51790,C01,강원특별자치도,화천군,재가장기요양기관 방문요양,1,1,0,36.0,30,0.8333333333333334,,False,방문형·복지용구는 정원 대비 비율 해석 금지,,2025-04-01,2026년 현재값이 아닌 과거 가동률 민감도 기준
51800,A03,강원특별자치도,양구군,노인요양시설(개정법),4,4,0,158.0,137,0.8670886075949367,0.8670886075949367,True,정원 대비 현원 가동률,0.0,2025-04-01,2026년 현재값이 아닌 과거 가동률 민감도 기준
51800,A04,강원특별자치도,양구군,노인요양공동생활가정,1,1,0,9.0,9,1.0,1.0,True,정원 대비 현원 가동률,0.0,2025-04-01,2026년 현재값이 아닌 과거 가동률 민감도 기준
51800,B01,강원특별자치도,양구군,재가노인복지시설 방문요양,1,1,0,100.0,58,0.58,,False,방문형·복지용구는 정원 대비 비율 해석 금지,,2025-04-01,2026년 현재값이 아닌 과거 가동률 민감도 기준
51800,B02,강원특별자치도,양구군,재가노인복지시설 방문목욕,1,1,0,100.0,0,0.0,,False,방문형·복지용구는 정원 대비 비율 해석 금지,,2025-04-01,2026년 현재값이 아닌 과거 가동률 민감도 기준
51800,B03,강원특별자치도,양구군,재가노인복지시설 주야간보호,2,2,0,53.0,55,1.0377358490566038,1.0377358490566038,True,정원 대비 현원 가동률,1.0,2025-04-01,2026년 현재값이 아닌 과거 가동률 민감도 기준
51810,A03,강원특별자치도,인제군,노인요양시설(개정법),2,2,0,127.0,87,0.6850393700787402,0.6850393700787402,True,정원 대비 현원 가동률,0.0,2025-04-01,2026년 현재값이 아닌 과거 가동률 민감도 기준
51810,B01,강원특별자치도,인제군,재가노인복지시설 방문요양,1,1,0,0.0,0,,,False,방문형·복지용구는 정원 대비 비율 해석 금지,,2025-04-01,2026년 현재값이 아닌 과거 가동률 민감도 기준
51810,B02,강원특별자치도,인제군,재가노인복지시설 방문목욕,1,1,0,0.0,0,,,False,방문형·복지용구는 정원 대비 비율 해석 금지,,2025-04-01,2026년 현재값이 아닌 과거 가동률 민감도 기준
51810,B03,강원특별자치도,인제군,재가노인복지시설 주야간보호,1,1,0,49.0,38,0.7755102040816326,0.7755102040816326,True,정원 대비 현원 가동률,0.0,2025-04-01,2026년 현재값이 아닌 과거 가동률 민감도 기준
51810,B05,강원특별자치도,인제군,재가노인복지시설 방문간호,1,1,0,0.0,0,,,False,방문형·복지용구는 정원 대비 비율 해석 금지,,2025-04-01,2026년 현재값이 아닌 과거 가동률 민감도 기준
51810,C01,강원특별자치도,인제군,재가장기요양기관 방문요양,1,1,0,0.0,0,,,False,방문형·복지용구는 정원 대비 비율 해석 금지,,2025-04-01,2026년 현재값이 아닌 과거 가동률 민감도 기준
51810,C02,강원특별자치도,인제군,재가장기요양기관 방문목욕,1,1,0,0.0,0,,,False,방문형·복지용구는 정원 대비 비율 해석 금지,,2025-04-01,2026년 현재값이 아닌 과거 가동률 민감도 기준
51810,G31,강원특별자치도,인제군,치매전담실가형1실,1,1,0,16.0,0,0.0,0.0,True,정원 대비 현원 가동률,0.0,2025-04-01,2026년 현재값이 아닌 과거 가동률 민감도 기준
51820,A03,강원특별자치도,고성군,노인요양시설(개정법),3,3,0,249.0,130,0.5220883534136547,0.5220883534136547,True,정원 대비 현원 가동률,0.0,2025-04-01,2026년 현재값이 아닌 과거 가동률 민감도 기준
51820,B01,강원특별자치도,고성군,재가노인복지시설 방문요양,3,3,0,0.0,74,,,False,방문형·복지용구는 정원 대비 비율 해석 금지,,2025-04-01,2026년 현재값이 아닌 과거 가동률 민감도 기준
51820,B02,강원특별자치도,고성군,재가노인복지시설 방문목욕,3,3,0,0.0,45,,,False,방문형·복지용구는 정원 대비 비율 해석 금지,,2025-04-01,2026년 현재값이 아닌 과거 가동률 민감도 기준
51820,B03,강원특별자치도,고성군,재가노인복지시설 주야간보호,2,2,0,47.0,47,1.0,1.0,True,정원 대비 현원 가동률,0.0,2025-04-01,2026년 현재값이 아닌 과거 가동률 민감도 기준
51820,C03,강원특별자치도,고성군,재가장기요양기관 주야간보호,1,1,0,20.0,18,0.9,0.9,True,정원 대비 현원 가동률,0.0,2025-04-01,2026년 현재값이 아닌 과거 가동률 민감도 기준
51830,A03,강원특별자치도,양양군,노인요양시설(개정법),5,5,0,276.0,212,0.7681159420289855,0.7681159420289855,True,정원 대비 현원 가동률,0.0,2025-04-01,2026년 현재값이 아닌 과거 가동률 민감도 기준
51830,A04,강원특별자치도,양양군,노인요양공동생활가정,2,2,0,18.0,11,0.6111111111111112,0.6111111111111112,True,정원 대비 현원 가동률,0.0,2025-04-01,2026년 현재값이 아닌 과거 가동률 민감도 기준
51830,B01,강원특별자치도,양양군,재가노인복지시설 방문요양,4,4,0,0.0,465,,,False,방문형·복지용구는 정원 대비 비율 해석 금지,,2025-04-01,2026년 현재값이 아닌 과거 가동률 민감도 기준
51830,B02,강원특별자치도,양양군,재가노인복지시설 방문목욕,2,2,0,0.0,440,,,False,방문형·복지용구는 정원 대비 비율 해석 금지,,2025-04-01,2026년 현재값이 아닌 과거 가동률 민감도 기준
51830,B03,강원특별자치도,양양군,재가노인복지시설 주야간보호,5,5,0,80.0,76,0.95,0.95,True,정원 대비 현원 가동률,1.0,2025-04-01,2026년 현재값이 아닌 과거 가동률 민감도 기준
51830,C03,강원특별자치도,양양군,재가장기요양기관 주야간보호,1,1,0,19.0,15,0.7894736842105263,0.7894736842105263,True,정원 대비 현원 가동률,0.0,2025-04-01,2026년 현재값이 아닌 과거 가동률 민감도 기준
52111,A03,전북특별자치도,전주시 완산구,노인요양시설(개정법),27,27,0,1236.0,995,0.8050161812297735,0.8050161812297735,True,정원 대비 현원 가동률,0.0,2025-04-01,2026년 현재값이 아닌 과거 가동률 민감도 기준
52111,A04,전북특별자치도,전주시 완산구,노인요양공동생활가정,5,5,0,44.0,26,0.5909090909090909,0.5909090909090909,True,정원 대비 현원 가동률,0.0,2025-04-01,2026년 현재값이 아닌 과거 가동률 민감도 기준
52111,B01,전북특별자치도,전주시 완산구,재가노인복지시설 방문요양,59,59,0,0.0,1336,,,False,방문형·복지용구는 정원 대비 비율 해석 금지,,2025-04-01,2026년 현재값이 아닌 과거 가동률 민감도 기준
52111,B02,전북특별자치도,전주시 완산구,재가노인복지시설 방문목욕,42,42,0,0.0,490,,,False,방문형·복지용구는 정원 대비 비율 해석 금지,,2025-04-01,2026년 현재값이 아닌 과거 가동률 민감도 기준
52111,B03,전북특별자치도,전주시 완산구,재가노인복지시설 주야간보호,25,25,0,1305.0,834,0.639080459770115,0.639080459770115,True,정원 대비 현원 가동률,0.0,2025-04-01,2026년 현재값이 아닌 과거 가동률 민감도 기준
52111,B05,전북특별자치도,전주시 완산구,재가노인복지시설 방문간호,6,6,0,0.0,42,,,False,방문형·복지용구는 정원 대비 비율 해석 금지,,2025-04-01,2026년 현재값이 아닌 과거 가동률 민감도 기준
52111,B06,전북특별자치도,전주시 완산구,재가노인복지시설 복지용구,2,2,0,0.0,180,,,False,방문형·복지용구는 정원 대비 비율 해석 금지,,2025-04-01,2026년 현재값이 아닌 과거 가동률 민감도 기준
52111,C01,전북특별자치도,전주시 완산구,재가장기요양기관 방문요양,54,54,0,0.0,1776,,,False,방문형·복지용구는 정원 대비 비율 해석 금지,,2025-04-01,2026년 현재값이 아닌 과거 가동률 민감도 기준
52111,C02,전북특별자치도,전주시 완산구,재가장기요양기관 방문목욕,42,42,0,0.0,460,,,False,방문형·복지용구는 정원 대비 비율 해석 금지,,2025-04-01,2026년 현재값이 아닌 과거 가동률 민감도 기준
52111,C03,전북특별자치도,전주시 완산구,재가장기요양기관 주야간보호,24,24,0,1254.0,1005,0.8014354066985646,0.8014354066985646,True,정원 대비 현원 가동률,1.0,2025-04-01,2026년 현재값이 아닌 과거 가동률 민감도 기준
52111,C06,전북특별자치도,전주시 완산구,재가장기요양기관 복지용구,2,2,0,0.0,0,,,False,방문형·복지용구는 정원 대비 비율 해석 금지,,2025-04-01,2026년 현재값이 아닌 과거 가동률 민감도 기준
52111,G31,전북특별자치도,전주시 완산구,치매전담실가형1실,2,2,0,27.0,23,0.8518518518518519,0.8518518518518519,True,정원 대비 현원 가동률,0.0,2025-04-01,2026년 현재값이 아닌 과거 가동률 민감도 기준
52111,G32,전북특별자치도,전주시 완산구,치매전담실가형2실,1,1,0,12.0,11,0.9166666666666666,0.9166666666666666,True,정원 대비 현원 가동률,0.0,2025-04-01,2026년 현재값이 아닌 과거 가동률 민감도 기준
52111,M31,전북특별자치도,전주시 완산구,치매전담실나형1실,1,1,0,16.0,12,0.75,0.75,True,정원 대비 현원 가동률,0.0,2025-04-01,2026년 현재값이 아닌 과거 가동률 민감도 기준
52113,A03,전북특별자치도,전주시 덕진구,노인요양시설(개정법),14,14,0,803.0,648,0.8069738480697385,0.8069738480697385,True,정원 대비 현원 가동률,0.0,2025-04-01,2026년 현재값이 아닌 과거 가동률 민감도 기준
52113,A04,전북특별자치도,전주시 덕진구,노인요양공동생활가정,4,4,0,33.0,25,0.7575757575757576,0.7575757575757576,True,정원 대비 현원 가동률,0.0,2025-04-01,2026년 현재값이 아닌 과거 가동률 민감도 기준
52113,B01,전북특별자치도,전주시 덕진구,재가노인복지시설 방문요양,39,39,0,0.0,649,,,False,방문형·복지용구는 정원 대비 비율 해석 금지,,2025-04-01,2026년 현재값이 아닌 과거 가동률 민감도 기준
52113,B02,전북특별자치도,전주시 덕진구,재가노인복지시설 방문목욕,31,31,0,0.0,147,,,False,방문형·복지용구는 정원 대비 비율 해석 금지,,2025-04-01,2026년 현재값이 아닌 과거 가동률 민감도 기준
52113,B03,전북특별자치도,전주시 덕진구,재가노인복지시설 주야간보호,22,22,0,1019.0,676,0.6633954857703631,0.6633954857703631,True,정원 대비 현원 가동률,0.0,2025-04-01,2026년 현재값이 아닌 과거 가동률 민감도 기준
52113,B06,전북특별자치도,전주시 덕진구,재가노인복지시설 복지용구,2,2,0,0.0,0,,,False,방문형·복지용구는 정원 대비 비율 해석 금지,,2025-04-01,2026년 현재값이 아닌 과거 가동률 민감도 기준
52113,C01,전북특별자치도,전주시 덕진구,재가장기요양기관 방문요양,50,50,0,0.0,1554,,,False,방문형·복지용구는 정원 대비 비율 해석 금지,,2025-04-01,2026년 현재값이 아닌 과거 가동률 민감도 기준
52113,C02,전북특별자치도,전주시 덕진구,재가장기요양기관 방문목욕,42,42,0,0.0,579,,,False,방문형·복지용구는 정원 대비 비율 해석 금지,,2025-04-01,2026년 현재값이 아닌 과거 가동률 민감도 기준
52113,C03,전북특별자치도,전주시 덕진구,재가장기요양기관 주야간보호,19,19,0,1030.0,828,0.8038834951456311,0.8038834951456311,True,정원 대비 현원 가동률,0.0,2025-04-01,2026년 현재값이 아닌 과거 가동률 민감도 기준
52113,C05,전북특별자치도,전주시 덕진구,재가장기요양기관 방문간호,2,2,0,0.0,24,,,False,방문형·복지용구는 정원 대비 비율 해석 금지,,2025-04-01,2026년 현재값이 아닌 과거 가동률 민감도 기준
52113,C06,전북특별자치도,전주시 덕진구,재가장기요양기관 복지용구,2,2,0,0.0,1,,,False,방문형·복지용구는 정원 대비 비율 해석 금지,,2025-04-01,2026년 현재값이 아닌 과거 가동률 민감도 기준
52113,G31,전북특별자치도,전주시 덕진구,치매전담실가형1실,1,1,0,16.0,16,1.0,1.0,True,정원 대비 현원 가동률,0.0,2025-04-01,2026년 현재값이 아닌 과거 가동률 민감도 기준
52113,G32,전북특별자치도,전주시 덕진구,치매전담실가형2실,1,1,0,12.0,12,1.0,1.0,True,정원 대비 현원 가동률,0.0,2025-04-01,2026년 현재값이 아닌 과거 가동률 민감도 기준
52113,G33,전북특별자치도,전주시 덕진구,치매전담실가형3실,1,1,0,16.0,15,0.9375,0.9375,True,정원 대비 현원 가동률,0.0,2025-04-01,2026년 현재값이 아닌 과거 가동률 민감도 기준
52113,G34,전북특별자치도,전주시 덕진구,치매전담실가형4실,1,1,0,16.0,16,1.0,1.0,True,정원 대비 현원 가동률,0.0,2025-04-01,2026년 현재값이 아닌 과거 가동률 민감도 기준
52130,A03,전북특별자치도,군산시,노인요양시설(개정법),28,28,0,1300.0,1094,0.8415384615384616,0.8415384615384616,True,정원 대비 현원 가동률,0.0,2025-04-01,2026년 현재값이 아닌 과거 가동률 민감도 기준
52130,A04,전북특별자치도,군산시,노인요양공동생활가정,1,1,0,6.0,6,1.0,1.0,True,정원 대비 현원 가동률,0.0,2025-04-01,2026년 현재값이 아닌 과거 가동률 민감도 기준
52130,B01,전북특별자치도,군산시,재가노인복지시설 방문요양,47,47,0,0.0,867,,,False,방문형·복지용구는 정원 대비 비율 해석 금지,,2025-04-01,2026년 현재값이 아닌 과거 가동률 민감도 기준
52130,B02,전북특별자치도,군산시,재가노인복지시설 방문목욕,21,21,0,0.0,10,,,False,방문형·복지용구는 정원 대비 비율 해석 금지,,2025-04-01,2026년 현재값이 아닌 과거 가동률 민감도 기준
52130,B03,전북특별자치도,군산시,재가노인복지시설 주야간보호,45,45,0,1957.0,1228,0.627491057741441,0.627491057741441,True,정원 대비 현원 가동률,0.0,2025-04-01,2026년 현재값이 아닌 과거 가동률 민감도 기준
52130,B05,전북특별자치도,군산시,재가노인복지시설 방문간호,4,4,0,0.0,87,,,False,방문형·복지용구는 정원 대비 비율 해석 금지,,2025-04-01,2026년 현재값이 아닌 과거 가동률 민감도 기준
52130,B06,전북특별자치도,군산시,재가노인복지시설 복지용구,4,4,0,0.0,488,,,False,방문형·복지용구는 정원 대비 비율 해석 금지,,2025-04-01,2026년 현재값이 아닌 과거 가동률 민감도 기준
52130,C01,전북특별자치도,군산시,재가장기요양기관 방문요양,40,40,0,41.0,1237,30.170731707317074,,False,방문형·복지용구는 정원 대비 비율 해석 금지,,2025-04-01,2026년 현재값이 아닌 과거 가동률 민감도 기준
52130,C02,전북특별자치도,군산시,재가장기요양기관 방문목욕,23,23,0,0.0,220,,,False,방문형·복지용구는 정원 대비 비율 해석 금지,,2025-04-01,2026년 현재값이 아닌 과거 가동률 민감도 기준
52130,C03,전북특별자치도,군산시,재가장기요양기관 주야간보호,9,9,0,451.0,345,0.7649667405764967,0.7649667405764967,True,정원 대비 현원 가동률,1.0,2025-04-01,2026년 현재값이 아닌 과거 가동률 민감도 기준
52130,C05,전북특별자치도,군산시,재가장기요양기관 방문간호,2,2,0,0.0,39,,,False,방문형·복지용구는 정원 대비 비율 해석 금지,,2025-04-01,2026년 현재값이 아닌 과거 가동률 민감도 기준
52130,C06,전북특별자치도,군산시,재가장기요양기관 복지용구,5,5,0,0.0,22,,,False,방문형·복지용구는 정원 대비 비율 해석 금지,,2025-04-01,2026년 현재값이 아닌 과거 가동률 민감도 기준
52130,G31,전북특별자치도,군산시,치매전담실가형1실,2,2,0,26.0,24,0.9230769230769231,0.9230769230769231,True,정원 대비 현원 가동률,0.0,2025-04-01,2026년 현재값이 아닌 과거 가동률 민감도 기준
52130,G32,전북특별자치도,군산시,치매전담실가형2실,2,2,0,24.0,24,1.0,1.0,True,정원 대비 현원 가동률,0.0,2025-04-01,2026년 현재값이 아닌 과거 가동률 민감도 기준
52130,G33,전북특별자치도,군산시,치매전담실가형3실,1,1,0,14.0,14,1.0,1.0,True,정원 대비 현원 가동률,0.0,2025-04-01,2026년 현재값이 아닌 과거 가동률 민감도 기준
52130,G34,전북특별자치도,군산시,치매전담실가형4실,1,1,0,8.0,8,1.0,1.0,True,정원 대비 현원 가동률,0.0,2025-04-01,2026년 현재값이 아닌 과거 가동률 민감도 기준
52130,H31,전북특별자치도,군산시,주야간보호내치매전담1실,1,1,0,8.0,0,0.0,0.0,True,정원 대비 현원 가동률,0.0,2025-04-01,2026년 현재값이 아닌 과거 가동률 민감도 기준
52140,A03,전북특별자치도,익산시,노인요양시설(개정법),39,39,0,1671.0,1339,0.8013165769000599,0.8013165769000599,True,정원 대비 현원 가동률,0.0,2025-04-01,2026년 현재값이 아닌 과거 가동률 민감도 기준
52140,A04,전북특별자치도,익산시,노인요양공동생활가정,16,16,0,139.0,85,0.6115107913669064,0.6115107913669064,True,정원 대비 현원 가동률,0.0,2025-04-01,2026년 현재값이 아닌 과거 가동률 민감도 기준
52140,B01,전북특별자치도,익산시,재가노인복지시설 방문요양,42,42,0,55.0,728,13.236363636363636,,False,방문형·복지용구는 정원 대비 비율 해석 금지,,2025-04-01,2026년 현재값이 아닌 과거 가동률 민감도 기준
52140,B02,전북특별자치도,익산시,재가노인복지시설 방문목욕,26,26,0,15.0,174,11.6,,False,방문형·복지용구는 정원 대비 비율 해석 금지,,2025-04-01,2026년 현재값이 아닌 과거 가동률 민감도 기준
52140,B03,전북특별자치도,익산시,재가노인복지시설 주야간보호,40,40,0,1558.0,1054,0.6765083440308087,0.6765083440308087,True,정원 대비 현원 가동률,2.0,2025-04-01,2026년 현재값이 아닌 과거 가동률 민감도 기준
52140,B06,전북특별자치도,익산시,재가노인복지시설 복지용구,4,4,0,0.0,317,,,False,방문형·복지용구는 정원 대비 비율 해석 금지,,2025-04-01,2026년 현재값이 아닌 과거 가동률 민감도 기준
52140,C01,전북특별자치도,익산시,재가장기요양기관 방문요양,51,51,0,0.0,1853,,,False,방문형·복지용구는 정원 대비 비율 해석 금지,,2025-04-01,2026년 현재값이 아닌 과거 가동률 민감도 기준
52140,C02,전북특별자치도,익산시,재가장기요양기관 방문목욕,38,38,0,0.0,823,,,False,방문형·복지용구는 정원 대비 비율 해석 금지,,2025-04-01,2026년 현재값이 아닌 과거 가동률 민감도 기준
52140,C03,전북특별자치도,익산시,재가장기요양기관 주야간보호,24,24,0,1083.0,793,0.7322253000923361,0.7322253000923361,True,정원 대비 현원 가동률,1.0,2025-04-01,2026년 현재값이 아닌 과거 가동률 민감도 기준
52140,C05,전북특별자치도,익산시,재가장기요양기관 방문간호,2,2,0,0.0,45,,,False,방문형·복지용구는 정원 대비 비율 해석 금지,,2025-04-01,2026년 현재값이 아닌 과거 가동률 민감도 기준
52140,C06,전북특별자치도,익산시,재가장기요양기관 복지용구,2,2,0,0.0,0,,,False,방문형·복지용구는 정원 대비 비율 해석 금지,,2025-04-01,2026년 현재값이 아닌 과거 가동률 민감도 기준
52140,G31,전북특별자치도,익산시,치매전담실가형1실,1,1,0,16.0,16,1.0,1.0,True,정원 대비 현원 가동률,0.0,2025-04-01,2026년 현재값이 아닌 과거 가동률 민감도 기준
52140,S41,전북특별자치도,익산시,치매전담형노인요양공동생활가정,1,1,0,9.0,0,0.0,0.0,True,정원 대비 현원 가동률,0.0,2025-04-01,2026년 현재값이 아닌 과거 가동률 민감도 기준
52180,A03,전북특별자치도,정읍시,노인요양시설(개정법),16,16,0,481.0,378,0.7858627858627859,0.7858627858627859,True,정원 대비 현원 가동률,0.0,2025-04-01,2026년 현재값이 아닌 과거 가동률 민감도 기준
52180,A04,전북특별자치도,정읍시,노인요양공동생활가정,8,8,0,72.0,59,0.8194444444444444,0.8194444444444444,True,정원 대비 현원 가동률,0.0,2025-04-01,2026년 현재값이 아닌 과거 가동률 민감도 기준
52180,B01,전북특별자치도,정읍시,재가노인복지시설 방문요양,31,31,0,44.0,533,12.113636363636363,,False,방문형·복지용구는 정원 대비 비율 해석 금지,,2025-04-01,2026년 현재값이 아닌 과거 가동률 민감도 기준
52180,B02,전북특별자치도,정읍시,재가노인복지시설 방문목욕,27,27,0,0.0,254,,,False,방문형·복지용구는 정원 대비 비율 해석 금지,,2025-04-01,2026년 현재값이 아닌 과거 가동률 민감도 기준
52180,B03,전북특별자치도,정읍시,재가노인복지시설 주야간보호,16,16,0,499.0,276,0.5531062124248497,0.5531062124248497,True,정원 대비 현원 가동률,1.0,2025-04-01,2026년 현재값이 아닌 과거 가동률 민감도 기준
52180,B05,전북특별자치도,정읍시,재가노인복지시설 방문간호,2,2,0,0.0,20,,,False,방문형·복지용구는 정원 대비 비율 해석 금지,,2025-04-01,2026년 현재값이 아닌 과거 가동률 민감도 기준
52180,B06,전북특별자치도,정읍시,재가노인복지시설 복지용구,1,1,0,0.0,0,,,False,방문형·복지용구는 정원 대비 비율 해석 금지,,2025-04-01,2026년 현재값이 아닌 과거 가동률 민감도 기준
52180,C01,전북특별자치도,정읍시,재가장기요양기관 방문요양,46,46,0,39.0,1837,47.1025641025641,,False,방문형·복지용구는 정원 대비 비율 해석 금지,,2025-04-01,2026년 현재값이 아닌 과거 가동률 민감도 기준
52180,C02,전북특별자치도,정읍시,재가장기요양기관 방문목욕,30,30,0,0.0,805,,,False,방문형·복지용구는 정원 대비 비율 해석 금지,,2025-04-01,2026년 현재값이 아닌 과거 가동률 민감도 기준
52180,C03,전북특별자치도,정읍시,재가장기요양기관 주야간보호,17,17,0,718.0,610,0.8495821727019499,0.8495821727019499,True,정원 대비 현원 가동률,3.0,2025-04-01,2026년 현재값이 아닌 과거 가동률 민감도 기준
52180,C05,전북특별자치도,정읍시,재가장기요양기관 방문간호,4,4,0,0.0,66,,,False,방문형·복지용구는 정원 대비 비율 해석 금지,,2025-04-01,2026년 현재값이 아닌 과거 가동률 민감도 기준
52180,C06,전북특별자치도,정읍시,재가장기요양기관 복지용구,4,4,0,0.0,0,,,False,방문형·복지용구는 정원 대비 비율 해석 금지,,2025-04-01,2026년 현재값이 아닌 과거 가동률 민감도 기준
52180,G31,전북특별자치도,정읍시,치매전담실가형1실,1,1,0,16.0,13,0.8125,0.8125,True,정원 대비 현원 가동률,0.0,2025-04-01,2026년 현재값이 아닌 과거 가동률 민감도 기준
52180,G32,전북특별자치도,정읍시,치매전담실가형2실,1,1,0,12.0,12,1.0,1.0,True,정원 대비 현원 가동률,0.0,2025-04-01,2026년 현재값이 아닌 과거 가동률 민감도 기준
52190,A03,전북특별자치도,남원시,노인요양시설(개정법),10,10,0,571.0,447,0.7828371278458844,0.7828371278458844,True,정원 대비 현원 가동률,0.0,2025-04-01,2026년 현재값이 아닌 과거 가동률 민감도 기준
52190,A04,전북특별자치도,남원시,노인요양공동생활가정,1,1,0,9.0,9,1.0,1.0,True,정원 대비 현원 가동률,0.0,2025-04-01,2026년 현재값이 아닌 과거 가동률 민감도 기준
52190,B01,전북특별자치도,남원시,재가노인복지시설 방문요양,20,20,0,0.0,477,,,False,방문형·복지용구는 정원 대비 비율 해석 금지,,2025-04-01,2026년 현재값이 아닌 과거 가동률 민감도 기준
52190,B02,전북특별자치도,남원시,재가노인복지시설 방문목욕,16,16,0,0.0,388,,,False,방문형·복지용구는 정원 대비 비율 해석 금지,,2025-04-01,2026년 현재값이 아닌 과거 가동률 민감도 기준
52190,B03,전북특별자치도,남원시,재가노인복지시설 주야간보호,10,10,0,289.0,278,0.9619377162629758,0.9619377162629758,True,정원 대비 현원 가동률,1.0,2025-04-01,2026년 현재값이 아닌 과거 가동률 민감도 기준
52190,B05,전북특별자치도,남원시,재가노인복지시설 방문간호,1,1,0,0.0,25,,,False,방문형·복지용구는 정원 대비 비율 해석 금지,,2025-04-01,2026년 현재값이 아닌 과거 가동률 민감도 기준
52190,C01,전북특별자치도,남원시,재가장기요양기관 방문요양,21,21,0,13.0,818,62.92307692307692,,False,방문형·복지용구는 정원 대비 비율 해석 금지,,2025-04-01,2026년 현재값이 아닌 과거 가동률 민감도 기준
52190,C02,전북특별자치도,남원시,재가장기요양기관 방문목욕,21,21,0,13.0,613,47.15384615384615,,False,방문형·복지용구는 정원 대비 비율 해석 금지,,2025-04-01,2026년 현재값이 아닌 과거 가동률 민감도 기준
52190,C03,전북특별자치도,남원시,재가장기요양기관 주야간보호,11,11,0,329.0,299,0.9088145896656535,0.9088145896656535,True,정원 대비 현원 가동률,2.0,2025-04-01,2026년 현재값이 아닌 과거 가동률 민감도 기준
52190,C05,전북특별자치도,남원시,재가장기요양기관 방문간호,2,2,0,0.0,101,,,False,방문형·복지용구는 정원 대비 비율 해석 금지,,2025-04-01,2026년 현재값이 아닌 과거 가동률 민감도 기준
52190,C06,전북특별자치도,남원시,재가장기요양기관 복지용구,1,1,0,0.0,0,,,False,방문형·복지용구는 정원 대비 비율 해석 금지,,2025-04-01,2026년 현재값이 아닌 과거 가동률 민감도 기준
52190,G31,전북특별자치도,남원시,치매전담실가형1실,2,2,0,31.0,16,0.5161290322580645,0.5161290322580645,True,정원 대비 현원 가동률,0.0,2025-04-01,2026년 현재값이 아닌 과거 가동률 민감도 기준
52190,G32,전북특별자치도,남원시,치매전담실가형2실,2,2,0,23.0,3,0.13043478260869565,0.13043478260869565,True,정원 대비 현원 가동률,0.0,2025-04-01,2026년 현재값이 아닌 과거 가동률 민감도 기준
52190,H31,전북특별자치도,남원시,주야간보호내치매전담1실,1,1,0,25.0,25,1.0,1.0,True,정원 대비 현원 가동률,0.0,2025-04-01,2026년 현재값이 아닌 과거 가동률 민감도 기준
52190,I31,전북특별자치도,남원시,주야간보호내치매전담1실,1,1,0,19.0,17,0.8947368421052632,0.8947368421052632,True,정원 대비 현원 가동률,0.0,2025-04-01,2026년 현재값이 아닌 과거 가동률 민감도 기준
52210,A03,전북특별자치도,김제시,노인요양시설(개정법),17,17,0,587.0,468,0.797274275979557,0.797274275979557,True,정원 대비 현원 가동률,0.0,2025-04-01,2026년 현재값이 아닌 과거 가동률 민감도 기준
52210,A04,전북특별자치도,김제시,노인요양공동생활가정,7,7,0,59.0,47,0.7966101694915254,0.7966101694915254,True,정원 대비 현원 가동률,2.0,2025-04-01,2026년 현재값이 아닌 과거 가동률 민감도 기준
52210,B01,전북특별자치도,김제시,재가노인복지시설 방문요양,16,16,0,0.0,342,,,False,방문형·복지용구는 정원 대비 비율 해석 금지,,2025-04-01,2026년 현재값이 아닌 과거 가동률 민감도 기준
52210,B02,전북특별자치도,김제시,재가노인복지시설 방문목욕,14,14,0,0.0,255,,,False,방문형·복지용구는 정원 대비 비율 해석 금지,,2025-04-01,2026년 현재값이 아닌 과거 가동률 민감도 기준
52210,B03,전북특별자치도,김제시,재가노인복지시설 주야간보호,18,18,0,579.0,438,0.7564766839378239,0.7564766839378239,True,정원 대비 현원 가동률,0.0,2025-04-01,2026년 현재값이 아닌 과거 가동률 민감도 기준
52210,B04,전북특별자치도,김제시,재가노인복지시설 단기보호,1,1,0,5.0,0,0.0,0.0,True,정원 대비 현원 가동률,0.0,2025-04-01,2026년 현재값이 아닌 과거 가동률 민감도 기준
52210,B05,전북특별자치도,김제시,재가노인복지시설 방문간호,1,1,0,0.0,37,,,False,방문형·복지용구는 정원 대비 비율 해석 금지,,2025-04-01,2026년 현재값이 아닌 과거 가동률 민감도 기준
52210,C01,전북특별자치도,김제시,재가장기요양기관 방문요양,17,17,0,46.0,630,13.695652173913043,,False,방문형·복지용구는 정원 대비 비율 해석 금지,,2025-04-01,2026년 현재값이 아닌 과거 가동률 민감도 기준
52210,C02,전북특별자치도,김제시,재가장기요양기관 방문목욕,16,16,0,12.0,556,46.333333333333336,,False,방문형·복지용구는 정원 대비 비율 해석 금지,,2025-04-01,2026년 현재값이 아닌 과거 가동률 민감도 기준
52210,C03,전북특별자치도,김제시,재가장기요양기관 주야간보호,4,4,0,138.0,132,0.9565217391304348,0.9565217391304348,True,정원 대비 현원 가동률,0.0,2025-04-01,2026년 현재값이 아닌 과거 가동률 민감도 기준
52210,C05,전북특별자치도,김제시,재가장기요양기관 방문간호,1,1,0,0.0,4,,,False,방문형·복지용구는 정원 대비 비율 해석 금지,,2025-04-01,2026년 현재값이 아닌 과거 가동률 민감도 기준
52210,H31,전북특별자치도,김제시,주야간보호내치매전담1실,1,1,0,18.0,14,0.7777777777777778,0.7777777777777778,True,정원 대비 현원 가동률,0.0,2025-04-01,2026년 현재값이 아닌 과거 가동률 민감도 기준
52710,A03,전북특별자치도,완주군,노인요양시설(개정법),12,12,0,718.0,499,0.6949860724233984,0.6949860724233984,True,정원 대비 현원 가동률,0.0,2025-04-01,2026년 현재값이 아닌 과거 가동률 민감도 기준
52710,A04,전북특별자치도,완주군,노인요양공동생활가정,5,5,0,45.0,24,0.5333333333333333,0.5333333333333333,True,정원 대비 현원 가동률,0.0,2025-04-01,2026년 현재값이 아닌 과거 가동률 민감도 기준
52710,B01,전북특별자치도,완주군,재가노인복지시설 방문요양,22,22,0,19.0,391,20.57894736842105,,False,방문형·복지용구는 정원 대비 비율 해석 금지,,2025-04-01,2026년 현재값이 아닌 과거 가동률 민감도 기준
52710,B02,전북특별자치도,완주군,재가노인복지시설 방문목욕,16,16,0,22.0,194,8.818181818181818,,False,방문형·복지용구는 정원 대비 비율 해석 금지,,2025-04-01,2026년 현재값이 아닌 과거 가동률 민감도 기준
52710,B03,전북특별자치도,완주군,재가노인복지시설 주야간보호,13,13,0,477.0,309,0.6477987421383647,0.6477987421383647,True,정원 대비 현원 가동률,0.0,2025-04-01,2026년 현재값이 아닌 과거 가동률 민감도 기준
52710,B05,전북특별자치도,완주군,재가노인복지시설 방문간호,2,2,0,0.0,44,,,False,방문형·복지용구는 정원 대비 비율 해석 금지,,2025-04-01,2026년 현재값이 아닌 과거 가동률 민감도 기준
52710,C01,전북특별자치도,완주군,재가장기요양기관 방문요양,8,8,0,0.0,234,,,False,방문형·복지용구는 정원 대비 비율 해석 금지,,2025-04-01,2026년 현재값이 아닌 과거 가동률 민감도 기준
52710,C02,전북특별자치도,완주군,재가장기요양기관 방문목욕,7,7,0,0.0,303,,,False,방문형·복지용구는 정원 대비 비율 해석 금지,,2025-04-01,2026년 현재값이 아닌 과거 가동률 민감도 기준
52710,C03,전북특별자치도,완주군,재가장기요양기관 주야간보호,7,7,0,373.0,297,0.7962466487935657,0.7962466487935657,True,정원 대비 현원 가동률,0.0,2025-04-01,2026년 현재값이 아닌 과거 가동률 민감도 기준
52710,C05,전북특별자치도,완주군,재가장기요양기관 방문간호,1,1,0,0.0,5,,,False,방문형·복지용구는 정원 대비 비율 해석 금지,,2025-04-01,2026년 현재값이 아닌 과거 가동률 민감도 기준
52710,G31,전북특별자치도,완주군,치매전담실가형1실,2,2,0,28.0,28,1.0,1.0,True,정원 대비 현원 가동률,0.0,2025-04-01,2026년 현재값이 아닌 과거 가동률 민감도 기준
52710,G32,전북특별자치도,완주군,치매전담실가형2실,1,1,0,16.0,13,0.8125,0.8125,True,정원 대비 현원 가동률,0.0,2025-04-01,2026년 현재값이 아닌 과거 가동률 민감도 기준
52710,H31,전북특별자치도,완주군,주야간보호내치매전담1실,1,1,0,25.0,19,0.76,0.76,True,정원 대비 현원 가동률,0.0,2025-04-01,2026년 현재값이 아닌 과거 가동률 민감도 기준
52720,A03,전북특별자치도,진안군,노인요양시설(개정법),5,5,0,177.0,140,0.7909604519774012,0.7909604519774012,True,정원 대비 현원 가동률,0.0,2025-04-01,2026년 현재값이 아닌 과거 가동률 민감도 기준
52720,A04,전북특별자치도,진안군,노인요양공동생활가정,3,3,0,27.0,23,0.8518518518518519,0.8518518518518519,True,정원 대비 현원 가동률,0.0,2025-04-01,2026년 현재값이 아닌 과거 가동률 민감도 기준
52720,B01,전북특별자치도,진안군,재가노인복지시설 방문요양,7,7,0,20.0,178,8.9,,False,방문형·복지용구는 정원 대비 비율 해석 금지,,2025-04-01,2026년 현재값이 아닌 과거 가동률 민감도 기준
52720,B02,전북특별자치도,진안군,재가노인복지시설 방문목욕,4,4,0,20.0,121,6.05,,False,방문형·복지용구는 정원 대비 비율 해석 금지,,2025-04-01,2026년 현재값이 아닌 과거 가동률 민감도 기준
52720,B03,전북특별자치도,진안군,재가노인복지시설 주야간보호,6,6,0,202.0,171,0.8465346534653465,0.8465346534653465,True,정원 대비 현원 가동률,0.0,2025-04-01,2026년 현재값이 아닌 과거 가동률 민감도 기준
52720,B05,전북특별자치도,진안군,재가노인복지시설 방문간호,1,1,0,0.0,2,,,False,방문형·복지용구는 정원 대비 비율 해석 금지,,2025-04-01,2026년 현재값이 아닌 과거 가동률 민감도 기준
52720,C01,전북특별자치도,진안군,재가장기요양기관 방문요양,4,4,0,12.0,220,18.333333333333332,,False,방문형·복지용구는 정원 대비 비율 해석 금지,,2025-04-01,2026년 현재값이 아닌 과거 가동률 민감도 기준
52720,C02,전북특별자치도,진안군,재가장기요양기관 방문목욕,4,4,0,12.0,191,15.916666666666666,,False,방문형·복지용구는 정원 대비 비율 해석 금지,,2025-04-01,2026년 현재값이 아닌 과거 가동률 민감도 기준
52720,C03,전북특별자치도,진안군,재가장기요양기관 주야간보호,1,1,0,25.0,25,1.0,1.0,True,정원 대비 현원 가동률,0.0,2025-04-01,2026년 현재값이 아닌 과거 가동률 민감도 기준
52720,H31,전북특별자치도,진안군,주야간보호내치매전담1실,2,2,0,29.0,19,0.6551724137931034,0.6551724137931034,True,정원 대비 현원 가동률,0.0,2025-04-01,2026년 현재값이 아닌 과거 가동률 민감도 기준
52730,A03,전북특별자치도,무주군,노인요양시설(개정법),5,5,0,203.0,155,0.7635467980295566,0.7635467980295566,True,정원 대비 현원 가동률,0.0,2025-04-01,2026년 현재값이 아닌 과거 가동률 민감도 기준
52730,A04,전북특별자치도,무주군,노인요양공동생활가정,1,1,0,9.0,9,1.0,1.0,True,정원 대비 현원 가동률,0.0,2025-04-01,2026년 현재값이 아닌 과거 가동률 민감도 기준
52730,B01,전북특별자치도,무주군,재가노인복지시설 방문요양,8,8,0,100.0,128,1.28,,False,방문형·복지용구는 정원 대비 비율 해석 금지,,2025-04-01,2026년 현재값이 아닌 과거 가동률 민감도 기준
52730,B02,전북특별자치도,무주군,재가노인복지시설 방문목욕,6,6,0,50.0,88,1.76,,False,방문형·복지용구는 정원 대비 비율 해석 금지,,2025-04-01,2026년 현재값이 아닌 과거 가동률 민감도 기준
52730,B03,전북특별자치도,무주군,재가노인복지시설 주야간보호,6,6,0,235.0,162,0.6893617021276596,0.6893617021276596,True,정원 대비 현원 가동률,0.0,2025-04-01,2026년 현재값이 아닌 과거 가동률 민감도 기준
52730,C01,전북특별자치도,무주군,재가장기요양기관 방문요양,6,6,0,0.0,253,,,False,방문형·복지용구는 정원 대비 비율 해석 금지,,2025-04-01,2026년 현재값이 아닌 과거 가동률 민감도 기준
52730,C02,전북특별자치도,무주군,재가장기요양기관 방문목욕,5,5,0,0.0,183,,,False,방문형·복지용구는 정원 대비 비율 해석 금지,,2025-04-01,2026년 현재값이 아닌 과거 가동률 민감도 기준
52730,C03,전북특별자치도,무주군,재가장기요양기관 주야간보호,2,2,0,82.0,78,0.9512195121951219,0.9512195121951219,True,정원 대비 현원 가동률,0.0,2025-04-01,2026년 현재값이 아닌 과거 가동률 민감도 기준
52740,A03,전북특별자치도,장수군,노인요양시설(개정법),4,4,0,118.0,106,0.8983050847457628,0.8983050847457628,True,정원 대비 현원 가동률,1.0,2025-04-01,2026년 현재값이 아닌 과거 가동률 민감도 기준
52740,A04,전북특별자치도,장수군,노인요양공동생활가정,1,1,0,9.0,9,1.0,1.0,True,정원 대비 현원 가동률,0.0,2025-04-01,2026년 현재값이 아닌 과거 가동률 민감도 기준
52740,B01,전북특별자치도,장수군,재가노인복지시설 방문요양,6,6,0,0.0,108,,,False,방문형·복지용구는 정원 대비 비율 해석 금지,,2025-04-01,2026년 현재값이 아닌 과거 가동률 민감도 기준
52740,B02,전북특별자치도,장수군,재가노인복지시설 방문목욕,5,5,0,0.0,104,,,False,방문형·복지용구는 정원 대비 비율 해석 금지,,2025-04-01,2026년 현재값이 아닌 과거 가동률 민감도 기준
52740,B03,전북특별자치도,장수군,재가노인복지시설 주야간보호,5,5,0,109.0,95,0.8715596330275229,0.8715596330275229,True,정원 대비 현원 가동률,0.0,2025-04-01,2026년 현재값이 아닌 과거 가동률 민감도 기준
52740,C01,전북특별자치도,장수군,재가장기요양기관 방문요양,4,4,0,0.0,153,,,False,방문형·복지용구는 정원 대비 비율 해석 금지,,2025-04-01,2026년 현재값이 아닌 과거 가동률 민감도 기준
52740,C02,전북특별자치도,장수군,재가장기요양기관 방문목욕,4,4,0,0.0,96,,,False,방문형·복지용구는 정원 대비 비율 해석 금지,,2025-04-01,2026년 현재값이 아닌 과거 가동률 민감도 기준
52750,A03,전북특별자치도,임실군,노인요양시설(개정법),3,3,0,125.0,98,0.784,0.784,True,정원 대비 현원 가동률,0.0,2025-04-01,2026년 현재값이 아닌 과거 가동률 민감도 기준
52750,A04,전북특별자치도,임실군,노인요양공동생활가정,5,5,0,43.0,37,0.8604651162790697,0.8604651162790697,True,정원 대비 현원 가동률,0.0,2025-04-01,2026년 현재값이 아닌 과거 가동률 민감도 기준
52750,B01,전북특별자치도,임실군,재가노인복지시설 방문요양,9,9,0,30.0,248,8.266666666666667,,False,방문형·복지용구는 정원 대비 비율 해석 금지,,2025-04-01,2026년 현재값이 아닌 과거 가동률 민감도 기준
52750,B02,전북특별자치도,임실군,재가노인복지시설 방문목욕,5,5,0,0.0,174,,,False,방문형·복지용구는 정원 대비 비율 해석 금지,,2025-04-01,2026년 현재값이 아닌 과거 가동률 민감도 기준
52750,B03,전북특별자치도,임실군,재가노인복지시설 주야간보호,7,7,0,226.0,189,0.8362831858407079,0.8362831858407079,True,정원 대비 현원 가동률,0.0,2025-04-01,2026년 현재값이 아닌 과거 가동률 민감도 기준
52750,B06,전북특별자치도,임실군,재가노인복지시설 복지용구,1,1,0,0.0,38,,,False,방문형·복지용구는 정원 대비 비율 해석 금지,,2025-04-01,2026년 현재값이 아닌 과거 가동률 민감도 기준
52750,C01,전북특별자치도,임실군,재가장기요양기관 방문요양,6,6,0,0.0,245,,,False,방문형·복지용구는 정원 대비 비율 해석 금지,,2025-04-01,2026년 현재값이 아닌 과거 가동률 민감도 기준
52750,C02,전북특별자치도,임실군,재가장기요양기관 방문목욕,6,6,0,0.0,187,,,False,방문형·복지용구는 정원 대비 비율 해석 금지,,2025-04-01,2026년 현재값이 아닌 과거 가동률 민감도 기준
52750,C03,전북특별자치도,임실군,재가장기요양기관 주야간보호,1,1,0,37.0,37,1.0,1.0,True,정원 대비 현원 가동률,0.0,2025-04-01,2026년 현재값이 아닌 과거 가동률 민감도 기준
52750,C06,전북특별자치도,임실군,재가장기요양기관 복지용구,1,1,0,0.0,110,,,False,방문형·복지용구는 정원 대비 비율 해석 금지,,2025-04-01,2026년 현재값이 아닌 과거 가동률 민감도 기준
52750,G31,전북특별자치도,임실군,치매전담실가형1실,1,1,0,12.0,12,1.0,1.0,True,정원 대비 현원 가동률,0.0,2025-04-01,2026년 현재값이 아닌 과거 가동률 민감도 기준
52750,G32,전북특별자치도,임실군,치매전담실가형2실,1,1,0,14.0,12,0.8571428571428571,0.8571428571428571,True,정원 대비 현원 가동률,0.0,2025-04-01,2026년 현재값이 아닌 과거 가동률 민감도 기준
52770,A03,전북특별자치도,순창군,노인요양시설(개정법),2,2,0,120.0,120,1.0,1.0,True,정원 대비 현원 가동률,1.0,2025-04-01,2026년 현재값이 아닌 과거 가동률 민감도 기준
52770,A04,전북특별자치도,순창군,노인요양공동생활가정,4,4,0,36.0,32,0.8888888888888888,0.8888888888888888,True,정원 대비 현원 가동률,0.0,2025-04-01,2026년 현재값이 아닌 과거 가동률 민감도 기준
52770,B01,전북특별자치도,순창군,재가노인복지시설 방문요양,4,4,0,0.0,3,,,False,방문형·복지용구는 정원 대비 비율 해석 금지,,2025-04-01,2026년 현재값이 아닌 과거 가동률 민감도 기준
52770,B02,전북특별자치도,순창군,재가노인복지시설 방문목욕,3,3,0,0.0,0,,,False,방문형·복지용구는 정원 대비 비율 해석 금지,,2025-04-01,2026년 현재값이 아닌 과거 가동률 민감도 기준
52770,B03,전북특별자치도,순창군,재가노인복지시설 주야간보호,3,3,0,191.0,167,0.8743455497382199,0.8743455497382199,True,정원 대비 현원 가동률,1.0,2025-04-01,2026년 현재값이 아닌 과거 가동률 민감도 기준
52770,C01,전북특별자치도,순창군,재가장기요양기관 방문요양,6,6,0,0.0,176,,,False,방문형·복지용구는 정원 대비 비율 해석 금지,,2025-04-01,2026년 현재값이 아닌 과거 가동률 민감도 기준
52770,C02,전북특별자치도,순창군,재가장기요양기관 방문목욕,5,5,0,0.0,136,,,False,방문형·복지용구는 정원 대비 비율 해석 금지,,2025-04-01,2026년 현재값이 아닌 과거 가동률 민감도 기준
52770,C03,전북특별자치도,순창군,재가장기요양기관 주야간보호,2,2,0,18.0,16,0.8888888888888888,0.8888888888888888,True,정원 대비 현원 가동률,0.0,2025-04-01,2026년 현재값이 아닌 과거 가동률 민감도 기준
52790,A03,전북특별자치도,고창군,노인요양시설(개정법),7,7,0,298.0,205,0.6879194630872483,0.6879194630872483,True,정원 대비 현원 가동률,0.0,2025-04-01,2026년 현재값이 아닌 과거 가동률 민감도 기준
52790,A04,전북특별자치도,고창군,노인요양공동생활가정,2,2,0,18.0,17,0.9444444444444444,0.9444444444444444,True,정원 대비 현원 가동률,0.0,2025-04-01,2026년 현재값이 아닌 과거 가동률 민감도 기준
52790,B01,전북특별자치도,고창군,재가노인복지시설 방문요양,8,8,0,99.0,342,3.4545454545454546,,False,방문형·복지용구는 정원 대비 비율 해석 금지,,2025-04-01,2026년 현재값이 아닌 과거 가동률 민감도 기준
52790,B02,전북특별자치도,고창군,재가노인복지시설 방문목욕,5,5,0,29.0,140,4.827586206896552,,False,방문형·복지용구는 정원 대비 비율 해석 금지,,2025-04-01,2026년 현재값이 아닌 과거 가동률 민감도 기준
52790,B03,전북특별자치도,고창군,재가노인복지시설 주야간보호,9,9,0,569.0,525,0.9226713532513181,0.9226713532513181,True,정원 대비 현원 가동률,0.0,2025-04-01,2026년 현재값이 아닌 과거 가동률 민감도 기준
52790,B05,전북특별자치도,고창군,재가노인복지시설 방문간호,3,3,0,0.0,30,,,False,방문형·복지용구는 정원 대비 비율 해석 금지,,2025-04-01,2026년 현재값이 아닌 과거 가동률 민감도 기준
52790,B06,전북특별자치도,고창군,재가노인복지시설 복지용구,1,1,0,0.0,0,,,False,방문형·복지용구는 정원 대비 비율 해석 금지,,2025-04-01,2026년 현재값이 아닌 과거 가동률 민감도 기준
52790,C01,전북특별자치도,고창군,재가장기요양기관 방문요양,14,14,0,0.0,572,,,False,방문형·복지용구는 정원 대비 비율 해석 금지,,2025-04-01,2026년 현재값이 아닌 과거 가동률 민감도 기준
52790,C02,전북특별자치도,고창군,재가장기요양기관 방문목욕,14,14,0,0.0,351,,,False,방문형·복지용구는 정원 대비 비율 해석 금지,,2025-04-01,2026년 현재값이 아닌 과거 가동률 민감도 기준
52790,C03,전북특별자치도,고창군,재가장기요양기관 주야간보호,4,4,0,194.0,159,0.8195876288659794,0.8195876288659794,True,정원 대비 현원 가동률,0.0,2025-04-01,2026년 현재값이 아닌 과거 가동률 민감도 기준
52790,C05,전북특별자치도,고창군,재가장기요양기관 방문간호,1,1,0,0.0,0,,,False,방문형·복지용구는 정원 대비 비율 해석 금지,,2025-04-01,2026년 현재값이 아닌 과거 가동률 민감도 기준
52790,G31,전북특별자치도,고창군,치매전담실가형1실,1,1,0,16.0,16,1.0,1.0,True,정원 대비 현원 가동률,0.0,2025-04-01,2026년 현재값이 아닌 과거 가동률 민감도 기준
52790,I31,전북특별자치도,고창군,주야간보호내치매전담1실,1,1,0,12.0,10,0.8333333333333334,0.8333333333333334,True,정원 대비 현원 가동률,0.0,2025-04-01,2026년 현재값이 아닌 과거 가동률 민감도 기준
52800,A03,전북특별자치도,부안군,노인요양시설(개정법),8,8,0,326.0,258,0.7914110429447853,0.7914110429447853,True,정원 대비 현원 가동률,0.0,2025-04-01,2026년 현재값이 아닌 과거 가동률 민감도 기준
52800,A04,전북특별자치도,부안군,노인요양공동생활가정,2,2,0,18.0,18,1.0,1.0,True,정원 대비 현원 가동률,0.0,2025-04-01,2026년 현재값이 아닌 과거 가동률 민감도 기준
52800,B01,전북특별자치도,부안군,재가노인복지시설 방문요양,13,13,0,10.0,380,38.0,,False,방문형·복지용구는 정원 대비 비율 해석 금지,,2025-04-01,2026년 현재값이 아닌 과거 가동률 민감도 기준
52800,B02,전북특별자치도,부안군,재가노인복지시설 방문목욕,11,11,0,10.0,151,15.1,,False,방문형·복지용구는 정원 대비 비율 해석 금지,,2025-04-01,2026년 현재값이 아닌 과거 가동률 민감도 기준
52800,B03,전북특별자치도,부안군,재가노인복지시설 주야간보호,17,17,0,738.0,516,0.6991869918699187,0.6991869918699187,True,정원 대비 현원 가동률,1.0,2025-04-01,2026년 현재값이 아닌 과거 가동률 민감도 기준
52800,B05,전북특별자치도,부안군,재가노인복지시설 방문간호,2,2,0,0.0,31,,,False,방문형·복지용구는 정원 대비 비율 해석 금지,,2025-04-01,2026년 현재값이 아닌 과거 가동률 민감도 기준
52800,C01,전북특별자치도,부안군,재가장기요양기관 방문요양,17,17,0,0.0,449,,,False,방문형·복지용구는 정원 대비 비율 해석 금지,,2025-04-01,2026년 현재값이 아닌 과거 가동률 민감도 기준
52800,C02,전북특별자치도,부안군,재가장기요양기관 방문목욕,15,15,0,0.0,159,,,False,방문형·복지용구는 정원 대비 비율 해석 금지,,2025-04-01,2026년 현재값이 아닌 과거 가동률 민감도 기준
52800,C03,전북특별자치도,부안군,재가장기요양기관 주야간보호,3,3,0,165.0,132,0.8,0.8,True,정원 대비 현원 가동률,0.0,2025-04-01,2026년 현재값이 아닌 과거 가동률 민감도 기준
52800,C05,전북특별자치도,부안군,재가장기요양기관 방문간호,1,1,0,0.0,56,,,False,방문형·복지용구는 정원 대비 비율 해석 금지,,2025-04-01,2026년 현재값이 아닌 과거 가동률 민감도 기준
52800,C06,전북특별자치도,부안군,재가장기요양기관 복지용구,3,3,0,0.0,55,,,False,방문형·복지용구는 정원 대비 비율 해석 금지,,2025-04-01,2026년 현재값이 아닌 과거 가동률 민감도 기준
52800,H31,전북특별자치도,부안군,주야간보호내치매전담1실,1,1,0,7.0,0,0.0,0.0,True,정원 대비 현원 가동률,0.0,2025-04-01,2026년 현재값이 아닌 과거 가동률 민감도 기준
