시도,시군구,자격별,성별,연령구분,신청자,1등급,2등급,3등급,4등급,5등급,인지지원등급,등급외A,등급외B,등급외C
서울,종로구,일반,남자,65세미만,39,*,*,9,*,*,0,*,5,*
서울,종로구,일반,남자,65-69세,63,*,*,12,13,*,*,11,*,*
서울,종로구,일반,남자,70-74세,70,6,7,14,13,*,*,8,0,0
서울,종로구,일반,남자,75-79세,105,*,5,25,31,*,*,*,*,*
서울,종로구,일반,남자,80-84세,167,8,10,32,55,10,5,16,*,*
서울,종로구,일반,남자,85세이상,283,19,30,69,85,16,7,9,*,*
서울,종로구,일반,여자,65세미만,34,0,5,9,*,*,0,*,*,*
서울,종로구,일반,여자,65-69세,72,*,5,13,10,0,*,9,*,0
서울,종로구,일반,여자,70-74세,97,5,*,21,21,*,*,10,*,0
서울,종로구,일반,여자,75-79세,212,6,11,29,56,17,5,19,7,*
서울,종로구,일반,여자,80-84세,423,16,23,86,129,32,9,30,12,5
서울,종로구,일반,여자,85세이상,651,51,86,188,188,40,5,14,13,*
서울,종로구,기초,남자,65세미만,20,0,*,5,8,0,0,*,*,0
서울,종로구,기초,남자,65-69세,34,*,0,*,12,*,*,*,*,0
서울,종로구,기초,남자,70-74세,27,*,0,*,7,*,*,*,*,*
서울,종로구,기초,남자,75-79세,20,*,0,*,7,*,*,0,*,0
서울,종로구,기초,남자,80-84세,22,*,*,*,8,*,*,*,*,*
서울,종로구,기초,남자,85세이상,16,0,*,*,5,*,0,*,*,*
서울,종로구,기초,여자,65세미만,9,0,*,*,*,0,*,0,*,0
서울,종로구,기초,여자,65-69세,17,0,*,*,*,0,0,*,*,*
서울,종로구,기초,여자,70-74세,26,*,*,*,10,*,0,0,*,0
서울,종로구,기초,여자,75-79세,34,0,*,5,13,*,*,*,*,0
서울,종로구,기초,여자,80-84세,49,*,*,6,24,*,*,5,0,*
서울,종로구,기초,여자,85세이상,89,11,15,13,26,8,0,*,5,*
서울,종로구,의료,남자,65-69세,0,0,0,0,0,0,0,0,0,0
서울,종로구,의료,남자,75-79세,*,0,*,0,0,0,0,*,0,0
서울,종로구,의료,남자,85세이상,0,0,0,0,0,0,0,0,0,0
서울,종로구,의료,여자,65-69세,*,0,0,0,0,0,0,0,0,0
서울,종로구,의료,여자,70-74세,*,0,0,0,*,0,0,0,0,0
서울,종로구,의료,여자,75-79세,*,0,0,0,0,*,0,0,0,0
서울,종로구,의료,여자,80-84세,0,0,0,0,0,0,0,0,0,0
서울,종로구,의료,여자,85세이상,7,0,*,*,*,0,0,0,0,0
서울,종로구,감경,남자,65세미만,11,0,0,*,*,*,*,0,0,0
서울,종로구,감경,남자,65-69세,19,0,*,5,10,*,0,0,0,0
서울,종로구,감경,남자,70-74세,22,0,*,10,7,*,*,0,0,0
서울,종로구,감경,남자,75-79세,34,*,5,8,12,*,0,*,0,0
서울,종로구,감경,남자,80-84세,50,*,5,19,13,*,*,0,0,0
서울,종로구,감경,남자,85세이상,71,*,6,27,22,9,*,0,*,0
서울,종로구,감경,여자,65세미만,8,*,0,*,*,*,0,0,*,0
서울,종로구,감경,여자,65-69세,21,*,*,7,8,*,0,0,0,0
서울,종로구,감경,여자,70-74세,38,*,*,8,12,6,0,*,0,0
서울,종로구,감경,여자,75-79세,64,*,7,23,17,7,*,0,0,0
서울,종로구,감경,여자,80-84세,151,12,13,42,53,16,5,0,*,0
서울,종로구,감경,여자,85세이상,268,24,38,88,95,14,*,0,0,0
서울,중구,일반,남자,65세미만,24,*,0,*,0,*,*,5,*,*
서울,중구,일반,남자,65-69세,58,5,0,11,7,*,*,6,5,*
서울,중구,일반,남자,70-74세,56,0,*,9,7,6,*,8,*,*
서울,중구,일반,남자,75-79세,94,*,*,16,21,6,8,9,*,*
서울,중구,일반,남자,80-84세,141,5,6,19,44,11,7,7,7,8
서울,중구,일반,남자,85세이상,197,*,13,44,63,17,8,11,*,9
서울,중구,일반,여자,65세미만,18,*,0,*,*,0,0,*,*,6
서울,중구,일반,여자,65-69세,54,*,*,*,*,*,*,8,5,*
서울,중구,일반,여자,70-74세,86,*,*,5,17,5,5,11,7,*
서울,중구,일반,여자,75-79세,172,6,8,16,28,9,11,16,10,7
서울,중구,일반,여자,80-84세,289,*,15,52,89,29,12,16,7,9
서울,중구,일반,여자,85세이상,490,18,37,125,156,41,11,18,13,6
서울,중구,기초,남자,65세미만,22,*,*,5,*,0,*,*,*,*
서울,중구,기초,남자,65-69세,31,*,0,0,10,0,0,*,*,5
서울,중구,기초,남자,70-74세,36,0,0,5,7,*,*,*,0,*
서울,중구,기초,남자,75-79세,26,0,*,*,*,*,*,*,*,*
서울,중구,기초,남자,80-84세,26,0,*,*,8,*,*,*,*,*
서울,중구,기초,남자,85세이상,15,0,*,0,6,0,*,0,0,*
서울,중구,기초,여자,65세미만,*,*,0,0,0,*,0,0,0,0
서울,중구,기초,여자,65-69세,27,0,0,*,5,0,0,6,*,*
서울,중구,기초,여자,70-74세,33,*,*,*,11,0,0,*,*,*
서울,중구,기초,여자,75-79세,47,*,0,5,13,6,*,*,*,*
서울,중구,기초,여자,80-84세,70,0,*,8,33,7,*,0,6,*
서울,중구,기초,여자,85세이상,95,*,*,25,37,8,*,*,5,*
서울,중구,의료,남자,70-74세,*,0,0,0,0,0,0,0,0,0
서울,중구,의료,남자,75-79세,0,0,0,0,0,0,0,0,0,0
서울,중구,의료,남자,80-84세,*,0,0,0,0,*,0,0,0,0
서울,중구,의료,남자,85세이상,*,0,0,*,*,0,0,0,0,0
서울,중구,의료,여자,70-74세,*,0,0,0,0,0,0,*,0,0
서울,중구,의료,여자,75-79세,*,0,0,0,*,0,0,0,0,0
서울,중구,의료,여자,80-84세,*,0,0,*,*,0,0,0,0,0
서울,중구,의료,여자,85세이상,8,*,0,*,*,*,0,*,0,*
서울,중구,감경,남자,65세미만,7,*,0,0,*,0,0,0,0,0
서울,중구,감경,남자,65-69세,17,*,0,*,5,*,*,0,*,0
서울,중구,감경,남자,70-74세,22,0,*,8,9,*,0,0,0,0
서울,중구,감경,남자,75-79세,36,*,*,11,12,*,*,*,0,0
서울,중구,감경,남자,80-84세,50,*,*,15,20,7,*,0,0,0
서울,중구,감경,남자,85세이상,41,*,*,14,18,*,0,0,0,0
서울,중구,감경,여자,65세미만,*,0,0,0,*,0,0,0,0,0
서울,중구,감경,여자,65-69세,16,*,*,5,5,*,*,*,0,0
서울,중구,감경,여자,70-74세,27,*,*,*,9,*,*,*,0,0
서울,중구,감경,여자,75-79세,44,*,0,8,12,6,6,*,*,0
서울,중구,감경,여자,80-84세,114,*,*,22,48,19,5,*,*,0
서울,중구,감경,여자,85세이상,212,9,24,55,84,23,9,*,0,0
서울,용산구,일반,남자,65세미만,33,*,*,9,*,*,0,7,*,*
서울,용산구,일반,남자,65-69세,57,*,*,13,18,*,*,6,*,0
서울,용산구,일반,남자,70-74세,75,*,*,22,19,*,*,*,*,*
서울,용산구,일반,남자,75-79세,122,6,6,22,35,9,*,8,*,*
서울,용산구,일반,남자,80-84세,207,10,12,56,60,11,*,*,8,*
서울,용산구,일반,남자,85세이상,308,14,18,90,100,24,*,13,*,6
서울,용산구,일반,여자,65세미만,28,*,0,8,6,0,0,5,*,*
서울,용산구,일반,여자,65-69세,59,*,*,5,16,*,*,7,*,0
서울,용산구,일반,여자,70-74세,125,*,*,28,23,*,*,12,6,5
서울,용산구,일반,여자,75-79세,235,5,10,32,57,18,5,16,7,5
서울,용산구,일반,여자,80-84세,475,15,29,94,158,36,11,27,15,*
서울,용산구,일반,여자,85세이상,851,50,94,251,260,59,10,23,9,*
서울,용산구,기초,남자,65세미만,26,0,*,*,6,*,0,*,0,*
서울,용산구,기초,남자,65-69세,45,*,0,*,8,*,*,*,*,*
서울,용산구,기초,남자,70-74세,35,0,0,12,13,*,0,0,*,0
서울,용산구,기초,남자,75-79세,24,0,*,*,8,*,0,*,0,*
서울,용산구,기초,남자,80-84세,22,0,0,6,*,*,0,*,*,0
서울,용산구,기초,남자,85세이상,33,0,*,11,12,*,*,*,0,*
서울,용산구,기초,여자,65세미만,10,*,0,0,*,0,0,*,0,*
서울,용산구,기초,여자,65-69세,38,0,*,5,8,*,0,5,*,*
서울,용산구,기초,여자,70-74세,43,*,0,7,11,*,*,*,*,*
서울,용산구,기초,여자,75-79세,49,*,*,6,15,6,*,*,*,*
서울,용산구,기초,여자,80-84세,68,*,*,16,24,5,0,*,*,*
서울,용산구,기초,여자,85세이상,130,*,10,34,50,6,*,5,*,*
서울,용산구,의료,남자,65세미만,0,0,0,0,0,0,0,0,0,0
서울,용산구,의료,남자,65-69세,0,0,0,0,0,0,0,0,0,0
서울,용산구,의료,남자,70-74세,*,0,0,*,0,0,0,0,0,0
서울,용산구,의료,남자,75-79세,*,0,0,0,0,0,0,0,0,0
서울,용산구,의료,남자,85세이상,*,0,0,*,*,0,0,0,0,0
서울,용산구,의료,여자,65세미만,0,0,0,0,0,0,0,0,0,0
서울,용산구,의료,여자,65-69세,*,0,0,0,*,0,0,0,0,0
서울,용산구,의료,여자,70-74세,*,0,0,0,*,0,0,*,0,0
서울,용산구,의료,여자,75-79세,*,0,0,*,0,0,0,0,0,0
서울,용산구,의료,여자,80-84세,5,*,0,*,*,*,0,0,0,0
서울,용산구,의료,여자,85세이상,7,0,*,*,*,*,0,0,0,0
서울,용산구,감경,남자,65세미만,8,0,0,0,5,*,0,0,0,*
서울,용산구,감경,남자,65-69세,19,*,*,6,6,*,*,0,0,0
서울,용산구,감경,남자,70-74세,19,*,*,7,5,*,0,0,0,0
서울,용산구,감경,남자,75-79세,35,*,*,8,15,*,*,0,*,0
서울,용산구,감경,남자,80-84세,46,0,*,11,23,*,*,0,0,0
서울,용산구,감경,남자,85세이상,47,*,5,16,17,*,*,*,0,0
서울,용산구,감경,여자,65세미만,7,0,0,*,*,0,0,*,0,0
서울,용산구,감경,여자,65-69세,7,*,*,0,*,0,0,*,0,0
서울,용산구,감경,여자,70-74세,24,0,*,5,8,*,*,*,0,0
서울,용산구,감경,여자,75-79세,55,*,*,16,23,6,*,0,0,0
서울,용산구,감경,여자,80-84세,135,*,11,45,55,7,5,*,0,*
서울,용산구,감경,여자,85세이상,220,15,27,49,99,16,*,0,*,0
서울,성동구,일반,남자,65세미만,44,6,*,5,10,0,*,13,*,0
서울,성동구,일반,남자,65-69세,91,*,5,16,24,*,0,13,8,*
서울,성동구,일반,남자,70-74세,135,8,*,23,36,9,*,14,*,11
서울,성동구,일반,남자,75-79세,179,10,5,32,43,8,*,19,12,*
서울,성동구,일반,남자,80-84세,310,10,15,50,101,37,12,13,18,*
서울,성동구,일반,남자,85세이상,350,8,17,63,123,39,12,23,13,7
서울,성동구,일반,여자,65세미만,39,*,*,*,*,*,0,6,*,6
서울,성동구,일반,여자,65-69세,110,7,7,7,19,6,*,18,5,6
서울,성동구,일반,여자,70-74세,184,7,12,21,29,13,*,23,14,7
서울,성동구,일반,여자,75-79세,434,13,20,50,118,39,20,36,37,11
서울,성동구,일반,여자,80-84세,691,19,23,113,212,61,22,61,29,17
서울,성동구,일반,여자,85세이상,989,47,81,226,332,85,24,48,26,15
서울,성동구,기초,남자,65세미만,44,*,*,7,12,*,0,6,*,*
서울,성동구,기초,남자,65-69세,54,*,*,8,12,*,*,6,*,*
서울,성동구,기초,남자,70-74세,42,0,*,8,8,*,*,5,*,*
서울,성동구,기초,남자,75-79세,33,0,0,7,11,*,0,5,*,*
서울,성동구,기초,남자,80-84세,43,0,*,*,18,*,*,0,*,*
서울,성동구,기초,남자,85세이상,32,0,*,5,10,*,*,*,*,0
서울,성동구,기초,여자,65세미만,17,*,*,*,*,0,*,*,*,*
서울,성동구,기초,여자,65-69세,45,*,*,*,7,*,*,6,9,*
서울,성동구,기초,여자,70-74세,39,*,*,5,12,*,*,0,*,6
서울,성동구,기초,여자,75-79세,82,*,6,8,28,6,*,9,*,5
서울,성동구,기초,여자,80-84세,128,6,10,21,45,12,*,9,7,*
서울,성동구,기초,여자,85세이상,193,7,21,55,77,11,*,*,*,0
서울,성동구,의료,남자,70-74세,0,0,0,0,0,0,0,0,0,0
서울,성동구,의료,남자,75-79세,*,0,0,0,0,0,*,0,0,0
서울,성동구,의료,남자,80-84세,*,0,*,*,0,*,0,0,0,0
서울,성동구,의료,남자,85세이상,*,0,0,0,*,0,0,0,0,0
서울,성동구,의료,여자,65-69세,*,0,0,0,0,0,0,*,0,*
서울,성동구,의료,여자,70-74세,0,0,0,0,0,0,0,0,0,0
서울,성동구,의료,여자,75-79세,*,0,0,0,*,0,*,0,0,0
서울,성동구,의료,여자,80-84세,7,0,*,0,*,0,*,*,0,0
서울,성동구,의료,여자,85세이상,17,*,*,*,6,0,0,*,*,0
서울,성동구,감경,남자,65세미만,18,0,*,5,*,0,*,0,0,0
서울,성동구,감경,남자,65-69세,24,0,*,*,8,*,*,*,*,*
서울,성동구,감경,남자,70-74세,51,*,*,13,18,*,*,*,*,0
서울,성동구,감경,남자,75-79세,70,5,*,14,24,12,*,*,*,*
서울,성동구,감경,남자,80-84세,73,0,8,16,29,6,10,0,0,0
서울,성동구,감경,남자,85세이상,56,*,*,9,30,8,*,0,0,0
서울,성동구,감경,여자,65세미만,14,*,*,*,5,0,0,*,0,0
서울,성동구,감경,여자,65-69세,28,6,*,6,11,*,*,*,0,0
서울,성동구,감경,여자,70-74세,55,*,*,11,20,7,8,0,0,*
서울,성동구,감경,여자,75-79세,106,8,*,24,44,9,7,*,*,0
서울,성동구,감경,여자,80-84세,207,*,14,53,83,22,16,*,*,*
서울,성동구,감경,여자,85세이상,388,14,28,130,161,34,10,*,*,0
서울,광진구,일반,남자,65세미만,51,*,5,*,7,*,0,8,*,5
서울,광진구,일반,남자,65-69세,120,7,8,23,32,5,*,13,*,8
서울,광진구,일반,남자,70-74세,166,8,10,24,55,7,*,12,*,5
서울,광진구,일반,남자,75-79세,256,*,17,42,92,20,*,16,10,5
서울,광진구,일반,남자,80-84세,363,5,15,84,130,31,7,20,11,7
서울,광진구,일반,남자,85세이상,464,19,21,123,201,27,8,10,6,*
서울,광진구,일반,여자,65세미만,64,5,*,10,9,*,0,13,*,6
서울,광진구,일반,여자,65-69세,117,*,5,19,20,5,*,11,8,7
서울,광진구,일반,여자,70-74세,242,16,12,30,66,12,5,31,10,7
서울,광진구,일반,여자,75-79세,492,16,22,88,147,39,11,35,11,*
서울,광진구,일반,여자,80-84세,800,27,46,170,292,65,10,39,11,5
서울,광진구,일반,여자,85세이상,1078,49,101,296,403,69,12,31,7,6
서울,광진구,기초,남자,65세미만,56,*,*,12,14,*,*,6,*,*
서울,광진구,기초,남자,65-69세,66,*,*,8,18,*,0,5,*,7
서울,광진구,기초,남자,70-74세,52,*,*,*,24,*,*,6,0,*
서울,광진구,기초,남자,75-79세,43,0,*,*,23,*,*,*,0,*
서울,광진구,기초,남자,80-84세,45,0,*,8,19,6,*,*,*,*
서울,광진구,기초,남자,85세이상,32,0,*,*,12,8,*,*,0,0
서울,광진구,기초,여자,65세미만,22,*,*,6,5,0,*,*,0,0
서울,광진구,기초,여자,65-69세,70,0,*,10,28,5,*,8,*,*
서울,광진구,기초,여자,70-74세,58,0,0,6,30,*,0,*,*,0
서울,광진구,기초,여자,75-79세,92,*,*,15,34,7,*,11,*,*
서울,광진구,기초,여자,80-84세,125,*,6,28,49,8,*,6,5,0
서울,광진구,기초,여자,85세이상,166,9,17,51,62,8,*,*,*,*
서울,광진구,의료,남자,65세미만,*,0,0,0,0,0,0,*,0,0
서울,광진구,의료,남자,65-69세,*,0,0,0,0,0,0,0,0,0
서울,광진구,의료,남자,70-74세,*,0,0,0,*,0,0,0,0,0
서울,광진구,의료,남자,75-79세,*,0,0,*,0,0,0,0,0,0
서울,광진구,의료,남자,80-84세,*,0,0,0,*,0,0,0,0,0
서울,광진구,의료,남자,85세이상,*,0,0,0,*,0,0,0,0,0
서울,광진구,의료,여자,65세미만,*,0,0,0,0,0,0,0,0,*
서울,광진구,의료,여자,65-69세,0,0,0,0,0,0,0,0,0,0
서울,광진구,의료,여자,70-74세,0,0,0,0,0,0,0,0,0,0
서울,광진구,의료,여자,75-79세,*,0,0,0,0,0,0,0,0,0
서울,광진구,의료,여자,80-84세,*,0,0,*,*,0,0,0,0,0
서울,광진구,의료,여자,85세이상,20,*,*,8,7,0,0,0,0,0
서울,광진구,감경,남자,65세미만,25,0,*,10,6,*,*,0,0,*
서울,광진구,감경,남자,65-69세,35,*,*,*,16,*,0,*,0,0
서울,광진구,감경,남자,70-74세,74,*,7,24,29,6,0,0,*,0
서울,광진구,감경,남자,75-79세,76,*,7,21,36,6,*,0,0,0
서울,광진구,감경,남자,80-84세,82,*,8,23,35,8,*,*,0,0
서울,광진구,감경,남자,85세이상,101,*,6,25,54,5,5,0,0,0
서울,광진구,감경,여자,65세미만,21,*,*,*,7,0,0,0,0,0
서울,광진구,감경,여자,65-69세,58,*,5,13,29,*,*,0,*,0
서울,광진구,감경,여자,70-74세,72,*,5,19,34,*,*,0,0,*
서울,광진구,감경,여자,75-79세,140,5,9,37,64,12,*,0,*,0
서울,광진구,감경,여자,80-84세,287,9,24,74,126,30,7,*,*,0
서울,광진구,감경,여자,85세이상,477,20,54,156,211,18,*,0,0,0
서울,동대문구,일반,남자,65세미만,68,13,*,10,8,*,*,7,7,*
서울,동대문구,일반,남자,65-69세,142,9,10,19,24,*,*,17,10,7
서울,동대문구,일반,남자,70-74세,204,16,10,22,61,15,*,24,7,*
서울,동대문구,일반,남자,75-79세,325,14,19,52,82,39,7,27,16,8
서울,동대문구,일반,남자,80-84세,427,17,25,72,135,47,12,24,9,8
서울,동대문구,일반,남자,85세이상,507,19,28,100,181,52,7,24,12,11
서울,동대문구,일반,여자,65세미만,53,5,*,5,8,*,0,11,*,0
서울,동대문구,일반,여자,65-69세,180,16,7,21,23,6,*,29,12,7
서울,동대문구,일반,여자,70-74세,311,21,10,36,59,13,12,46,14,*
서울,동대문구,일반,여자,75-79세,635,26,24,89,167,53,27,64,25,12
서울,동대문구,일반,여자,80-84세,1025,46,39,177,356,112,28,62,32,14
서울,동대문구,일반,여자,85세이상,1269,45,98,302,455,115,20,45,28,8
서울,동대문구,기초,남자,65세미만,91,*,*,19,26,*,0,13,*,*
서울,동대문구,기초,남자,65-69세,114,*,6,16,37,9,5,12,*,6
서울,동대문구,기초,남자,70-74세,111,*,*,18,29,17,0,9,6,8
서울,동대문구,기초,남자,75-79세,86,*,6,10,24,*,*,*,7,*
서울,동대문구,기초,남자,80-84세,83,*,*,11,32,11,0,*,5,*
서울,동대문구,기초,남자,85세이상,47,*,6,*,21,6,*,*,0,0
서울,동대문구,기초,여자,65세미만,38,*,6,*,7,*,*,*,*,*
서울,동대문구,기초,여자,65-69세,81,*,9,13,16,5,*,5,*,*
서울,동대문구,기초,여자,70-74세,108,*,5,16,34,*,*,13,8,*
서울,동대문구,기초,여자,75-79세,178,7,6,29,64,14,6,10,9,*
서울,동대문구,기초,여자,80-84세,243,6,15,39,116,21,5,13,*,5
서울,동대문구,기초,여자,85세이상,275,18,21,52,120,27,*,10,8,*
서울,동대문구,의료,남자,70-74세,0,0,0,0,0,0,0,0,0,0
서울,동대문구,의료,남자,75-79세,*,0,0,0,0,0,0,0,*,0
서울,동대문구,의료,남자,80-84세,0,0,0,0,0,0,0,0,0,0
서울,동대문구,의료,남자,85세이상,*,0,0,*,0,0,0,0,0,0
서울,동대문구,의료,여자,65세미만,*,0,0,0,0,0,0,*,0,0
서울,동대문구,의료,여자,65-69세,0,0,0,0,0,0,0,0,0,0
서울,동대문구,의료,여자,70-74세,*,0,0,*,*,0,0,0,0,0
서울,동대문구,의료,여자,75-79세,5,0,0,0,*,0,0,*,0,0
서울,동대문구,의료,여자,80-84세,*,0,0,0,0,0,0,*,0,0
서울,동대문구,의료,여자,85세이상,18,*,0,5,9,*,0,*,0,0
서울,동대문구,감경,남자,65세미만,38,*,*,11,11,*,*,*,0,0
서울,동대문구,감경,남자,65-69세,75,11,*,19,22,9,*,*,0,0
서울,동대문구,감경,남자,70-74세,91,7,8,23,41,6,*,*,0,0
서울,동대문구,감경,남자,75-79세,93,7,9,25,34,10,*,*,*,0
서울,동대문구,감경,남자,80-84세,144,7,16,27,59,24,5,*,*,0
서울,동대문구,감경,남자,85세이상,164,*,12,39,76,22,9,0,*,0
서울,동대문구,감경,여자,65세미만,30,6,*,12,*,6,0,*,0,0
서울,동대문구,감경,여자,65-69세,63,13,5,16,17,*,*,*,0,*
서울,동대문구,감경,여자,70-74세,117,12,9,23,32,19,9,*,0,0
서울,동대문구,감경,여자,75-79세,230,13,13,47,106,23,*,6,*,*
서울,동대문구,감경,여자,80-84세,415,31,19,90,205,37,9,*,5,0
서울,동대문구,감경,여자,85세이상,617,31,55,213,245,53,*,*,*,0
서울,중랑구,일반,남자,65세미만,76,*,*,12,7,*,0,17,*,9
서울,중랑구,일반,남자,65-69세,183,10,12,35,36,5,*,21,9,8
서울,중랑구,일반,남자,70-74세,245,15,16,55,48,11,*,23,12,6
서울,중랑구,일반,남자,75-79세,293,7,15,70,85,22,*,27,8,*
서울,중랑구,일반,남자,80-84세,464,20,27,105,140,37,8,33,16,6
서울,중랑구,일반,남자,85세이상,472,17,34,115,160,34,*,19,6,5
서울,중랑구,일반,여자,65세미만,78,8,7,11,7,*,0,13,*,*
서울,중랑구,일반,여자,65-69세,186,10,11,32,29,*,*,19,11,11
서울,중랑구,일반,여자,70-74세,294,7,12,41,75,13,8,31,10,7
서울,중랑구,일반,여자,75-79세,652,28,28,103,201,44,18,47,32,9
서울,중랑구,일반,여자,80-84세,1004,49,64,180,348,82,18,45,32,15
서울,중랑구,일반,여자,85세이상,1055,56,124,297,369,53,8,33,9,*
서울,중랑구,기초,남자,65세미만,151,7,10,24,49,7,*,20,11,7
서울,중랑구,기초,남자,65-69세,204,7,5,35,70,15,*,16,8,14
서울,중랑구,기초,남자,70-74세,162,*,8,25,67,9,0,17,8,8
서울,중랑구,기초,남자,75-79세,136,*,6,32,50,7,*,12,*,5
서울,중랑구,기초,남자,80-84세,91,*,7,15,38,7,*,*,*,*
서울,중랑구,기초,남자,85세이상,66,*,*,13,34,*,*,5,*,0
서울,중랑구,기초,여자,65세미만,70,8,8,14,16,*,*,8,*,*
서울,중랑구,기초,여자,65-69세,166,10,6,34,43,6,*,27,5,6
서울,중랑구,기초,여자,70-74세,152,6,8,40,47,5,*,12,5,*
서울,중랑구,기초,여자,75-79세,273,6,17,59,105,16,*,13,8,*
서울,중랑구,기초,여자,80-84세,341,19,34,75,134,21,*,13,6,7
서울,중랑구,기초,여자,85세이상,481,43,88,137,157,16,5,9,*,*
서울,중랑구,의료,남자,65-69세,*,0,0,*,0,0,0,0,0,0
서울,중랑구,의료,남자,70-74세,5,*,0,*,0,0,0,*,0,*
서울,중랑구,의료,남자,75-79세,*,0,0,*,0,0,*,0,0,0
서울,중랑구,의료,남자,80-84세,5,0,0,0,*,0,*,*,0,0
서울,중랑구,의료,남자,85세이상,6,0,*,*,*,*,0,0,0,0
서울,중랑구,의료,여자,65세미만,*,0,0,*,0,0,0,0,0,0
서울,중랑구,의료,여자,65-69세,*,0,0,0,0,*,0,0,0,0
서울,중랑구,의료,여자,70-74세,*,0,0,0,*,0,0,0,*,0
서울,중랑구,의료,여자,75-79세,5,0,0,*,0,*,0,*,0,0
서울,중랑구,의료,여자,80-84세,*,0,0,*,0,0,0,0,0,0
서울,중랑구,의료,여자,85세이상,27,*,*,5,12,*,0,0,0,0
서울,중랑구,감경,남자,65세미만,54,*,*,11,20,*,*,*,*,0
서울,중랑구,감경,남자,65-69세,103,16,9,25,34,5,*,*,0,0
서울,중랑구,감경,남자,70-74세,132,8,11,47,47,11,*,0,*,0
서울,중랑구,감경,남자,75-79세,174,5,10,61,72,10,*,*,0,*
서울,중랑구,감경,남자,80-84세,198,7,19,58,86,17,*,0,0,*
서울,중랑구,감경,남자,85세이상,230,*,17,80,100,21,*,*,*,0
서울,중랑구,감경,여자,65세미만,51,8,6,13,13,*,0,*,0,0
서울,중랑구,감경,여자,65-69세,87,*,10,30,29,*,*,*,0,0
서울,중랑구,감경,여자,70-74세,159,12,9,35,68,11,8,*,0,*
서울,중랑구,감경,여자,75-79세,312,17,15,97,129,31,8,*,*,0
서울,중랑구,감경,여자,80-84세,652,24,61,181,294,51,8,5,6,*
서울,중랑구,감경,여자,85세이상,908,71,134,306,332,46,*,*,*,0
서울,성북구,일반,남자,65세미만,71,8,*,10,15,*,0,7,8,*
서울,성북구,일반,남자,65-69세,174,10,7,35,40,7,*,27,*,5
서울,성북구,일반,남자,70-74세,229,8,12,53,71,13,5,20,7,*
서울,성북구,일반,남자,75-79세,345,15,22,69,123,26,5,20,11,*
서울,성북구,일반,남자,80-84세,528,17,35,126,192,50,10,25,10,9
서울,성북구,일반,남자,85세이상,658,21,59,153,258,44,10,28,12,*
서울,성북구,일반,여자,65세미만,72,*,*,11,9,*,*,16,8,6
서울,성북구,일반,여자,65-69세,170,7,7,27,28,7,*,24,10,6
서울,성북구,일반,여자,70-74세,364,16,24,63,80,17,5,41,13,8
서울,성북구,일반,여자,75-79세,721,20,41,109,222,57,20,79,36,5
서울,성북구,일반,여자,80-84세,1182,49,81,235,423,107,25,78,28,6
서울,성북구,일반,여자,85세이상,1550,71,178,441,580,95,10,50,5,7
서울,성북구,기초,남자,65세미만,96,8,5,16,24,6,*,7,5,7
서울,성북구,기초,남자,65-69세,120,*,5,16,44,11,5,11,9,*
서울,성북구,기초,남자,70-74세,82,*,5,12,28,7,*,11,5,*
서울,성북구,기초,남자,75-79세,77,*,*,16,32,*,0,6,*,*
서울,성북구,기초,남자,80-84세,76,*,5,24,21,8,*,*,0,*
서울,성북구,기초,남자,85세이상,72,*,8,18,33,*,*,*,*,0
서울,성북구,기초,여자,65세미만,36,*,*,9,8,*,*,6,0,*
서울,성북구,기초,여자,65-69세,93,*,5,16,21,*,*,18,*,*
서울,성북구,기초,여자,70-74세,104,*,7,16,35,6,*,*,5,0
서울,성북구,기초,여자,75-79세,190,7,12,32,74,24,*,12,7,6
서울,성북구,기초,여자,80-84세,255,6,22,64,106,22,*,11,5,*
서울,성북구,기초,여자,85세이상,348,25,43,96,135,17,*,11,*,*
서울,성북구,의료,남자,65-69세,0,0,0,0,0,0,0,0,0,0
서울,성북구,의료,남자,70-74세,*,0,*,0,0,0,0,0,0,0
서울,성북구,의료,남자,75-79세,*,0,0,*,*,0,0,0,0,0
서울,성북구,의료,남자,80-84세,*,0,0,0,0,0,0,0,0,0
서울,성북구,의료,남자,85세이상,*,*,0,0,*,0,*,0,0,0
서울,성북구,의료,여자,70-74세,0,0,0,0,0,0,0,0,0,0
서울,성북구,의료,여자,75-79세,*,0,*,0,*,0,0,0,0,0
서울,성북구,의료,여자,80-84세,*,0,0,0,*,0,*,0,0,0
서울,성북구,의료,여자,85세이상,23,*,*,7,6,*,0,0,0,0
서울,성북구,감경,남자,65세미만,37,6,*,15,7,*,0,*,*,0
서울,성북구,감경,남자,65-69세,77,6,*,16,36,10,*,0,0,0
서울,성북구,감경,남자,70-74세,101,*,9,29,44,11,*,*,*,0
서울,성북구,감경,남자,75-79세,171,10,14,48,73,10,*,*,*,0
서울,성북구,감경,남자,80-84세,178,5,14,42,88,21,*,*,0,*
서울,성북구,감경,남자,85세이상,203,*,13,54,107,16,*,0,*,0
서울,성북구,감경,여자,65세미만,23,*,*,*,6,*,0,*,*,0
서울,성북구,감경,여자,65-69세,74,6,7,12,34,8,*,*,0,0
서울,성북구,감경,여자,70-74세,154,6,15,39,63,13,*,*,0,0
서울,성북구,감경,여자,75-79세,329,18,26,86,143,29,*,*,*,*
서울,성북구,감경,여자,80-84세,556,22,55,135,257,53,7,*,*,0
서울,성북구,감경,여자,85세이상,868,46,107,276,360,52,6,*,*,0
서울,강북구,일반,남자,65세미만,73,*,*,7,*,*,0,18,6,6
서울,강북구,일반,남자,65-69세,115,*,7,15,17,*,0,20,6,8
서울,강북구,일반,남자,70-74세,160,*,8,25,39,7,*,20,7,*
서울,강북구,일반,남자,75-79세,286,*,15,54,83,25,8,22,13,*
서울,강북구,일반,남자,80-84세,363,8,12,65,121,37,13,20,6,*
서울,강북구,일반,남자,85세이상,381,*,25,80,139,36,8,12,13,*
서울,강북구,일반,여자,65세미만,48,5,*,6,7,*,0,8,*,*
서울,강북구,일반,여자,65-69세,153,*,*,16,28,*,*,20,12,8
서울,강북구,일반,여자,70-74세,254,*,8,38,43,14,6,32,15,*
서울,강북구,일반,여자,75-79세,486,19,27,66,122,39,20,53,19,*
서울,강북구,일반,여자,80-84세,813,30,46,126,275,80,17,53,24,8
서울,강북구,일반,여자,85세이상,956,30,80,207,318,82,15,41,14,*
서울,강북구,기초,남자,65세미만,106,*,*,14,26,6,*,18,9,9
서울,강북구,기초,남자,65-69세,166,*,11,23,49,10,*,15,10,8
서울,강북구,기초,남자,70-74세,124,*,5,11,50,8,*,7,9,*
서울,강북구,기초,남자,75-79세,111,*,10,14,41,6,*,9,5,*
서울,강북구,기초,남자,80-84세,101,5,*,19,38,9,*,7,*,*
서울,강북구,기초,남자,85세이상,93,5,*,18,45,14,*,*,*,0
서울,강북구,기초,여자,65세미만,61,*,*,9,14,5,0,10,*,5
서울,강북구,기초,여자,65-69세,117,*,*,22,42,6,0,11,*,5
서울,강북구,기초,여자,70-74세,164,*,9,22,60,17,*,16,9,*
서울,강북구,기초,여자,75-79세,244,8,11,34,101,25,*,13,10,*
서울,강북구,기초,여자,80-84세,318,10,24,52,137,36,*,14,6,*
서울,강북구,기초,여자,85세이상,392,20,36,91,169,28,*,8,5,*
서울,강북구,의료,남자,65-69세,*,0,0,0,0,*,0,0,0,0
서울,강북구,의료,남자,70-74세,*,0,0,*,*,*,0,0,0,0
서울,강북구,의료,남자,75-79세,*,0,0,0,*,*,0,0,0,0
서울,강북구,의료,남자,80-84세,*,0,*,*,*,0,0,0,0,0
서울,강북구,의료,남자,85세이상,0,0,0,0,0,0,0,0,0,0
서울,강북구,의료,여자,65세미만,0,0,0,0,0,0,0,0,0,0
서울,강북구,의료,여자,65-69세,*,0,0,0,*,0,0,0,0,0
서울,강북구,의료,여자,70-74세,0,0,0,0,0,0,0,0,0,0
서울,강북구,의료,여자,75-79세,8,0,0,*,*,0,*,0,*,*
서울,강북구,의료,여자,80-84세,6,0,0,0,*,*,0,0,*,0
서울,강북구,의료,여자,85세이상,26,*,*,5,10,*,0,*,*,0
서울,강북구,감경,남자,65세미만,34,*,*,7,13,*,0,*,0,*
서울,강북구,감경,남자,65-69세,75,*,*,29,22,8,0,*,*,0
서울,강북구,감경,남자,70-74세,117,*,9,25,58,16,*,0,0,0
서울,강북구,감경,남자,75-79세,140,6,8,34,64,21,*,0,*,0
서울,강북구,감경,남자,80-84세,209,6,17,51,92,31,6,*,*,0
서울,강북구,감경,남자,85세이상,215,5,15,57,95,27,10,*,0,*
서울,강북구,감경,여자,65세미만,43,5,*,12,10,*,*,*,0,0
서울,강북구,감경,여자,65-69세,81,6,10,22,30,8,0,*,0,*
서울,강북구,감경,여자,70-74세,163,6,9,42,64,22,*,*,*,*
서울,강북구,감경,여자,75-79세,308,13,16,70,128,43,13,*,*,*
서울,강북구,감경,여자,80-84세,576,17,43,131,261,87,18,*,*,0
서울,강북구,감경,여자,85세이상,794,41,80,238,341,69,7,*,*,0
서울,도봉구,일반,남자,65세미만,74,5,*,9,8,*,0,19,8,*
서울,도봉구,일반,남자,65-69세,125,*,9,20,23,5,0,18,8,5
서울,도봉구,일반,남자,70-74세,170,*,9,37,47,8,*,20,6,*
서울,도봉구,일반,남자,75-79세,267,7,16,41,84,24,7,13,9,*
서울,도봉구,일반,남자,80-84세,420,6,23,57,156,40,13,29,16,*
서울,도봉구,일반,남자,85세이상,487,12,24,99,173,53,11,27,14,*
서울,도봉구,일반,여자,65세미만,64,6,*,12,8,*,*,8,9,6
서울,도봉구,일반,여자,65-69세,154,*,6,18,23,*,*,28,8,6
서울,도봉구,일반,여자,70-74세,267,12,10,33,57,16,11,25,15,5
서울,도봉구,일반,여자,75-79세,509,16,17,64,141,39,14,47,17,16
서울,도봉구,일반,여자,80-84세,885,23,50,158,328,76,16,57,20,9
서울,도봉구,일반,여자,85세이상,1238,52,125,289,462,105,19,48,17,14
서울,도봉구,기초,남자,65세미만,94,*,*,15,30,9,*,9,*,*
서울,도봉구,기초,남자,65-69세,127,*,6,20,42,15,*,9,*,6
서울,도봉구,기초,남자,70-74세,88,5,7,11,26,*,*,7,7,*
서울,도봉구,기초,남자,75-79세,78,*,6,8,39,7,0,5,*,*
서울,도봉구,기초,남자,80-84세,80,6,7,15,30,9,5,*,*,*
서울,도봉구,기초,남자,85세이상,68,*,*,15,24,7,*,*,*,0
서울,도봉구,기초,여자,65세미만,41,7,*,8,11,*,0,*,*,*
서울,도봉구,기초,여자,65-69세,99,*,6,16,32,6,*,*,9,5
서울,도봉구,기초,여자,70-74세,108,7,*,20,42,8,*,9,*,*
서울,도봉구,기초,여자,75-79세,162,6,13,27,53,11,7,8,10,*
서울,도봉구,기초,여자,80-84세,246,7,21,48,107,23,*,7,9,*
서울,도봉구,기초,여자,85세이상,327,23,39,87,114,29,*,6,*,*
서울,도봉구,의료,남자,70-74세,*,0,0,*,0,0,0,0,*,0
서울,도봉구,의료,남자,75-79세,*,0,0,0,*,0,0,0,0,0
서울,도봉구,의료,남자,80-84세,*,0,0,*,0,0,0,0,0,0
서울,도봉구,의료,남자,85세이상,5,*,0,0,*,0,0,0,0,0
서울,도봉구,의료,여자,65-69세,0,0,0,0,0,0,0,0,0,0
서울,도봉구,의료,여자,70-74세,*,0,0,0,*,0,0,0,0,0
서울,도봉구,의료,여자,75-79세,*,0,0,0,0,*,0,0,*,0
서울,도봉구,의료,여자,80-84세,6,0,*,*,*,0,0,0,0,0
서울,도봉구,의료,여자,85세이상,24,*,*,6,9,0,0,0,0,0
서울,도봉구,감경,남자,65세미만,40,*,5,9,11,*,0,*,0,*
서울,도봉구,감경,남자,65-69세,81,7,*,22,32,9,*,*,0,0
서울,도봉구,감경,남자,70-74세,114,*,*,36,58,*,*,0,0,0
서울,도봉구,감경,남자,75-79세,170,6,5,50,78,18,*,*,*,0
서울,도봉구,감경,남자,80-84세,182,9,17,49,71,27,*,0,*,0
서울,도봉구,감경,남자,85세이상,223,6,15,65,94,37,5,0,*,0
서울,도봉구,감경,여자,65세미만,38,7,*,8,9,*,*,*,0,0
서울,도봉구,감경,여자,65-69세,54,5,*,14,20,*,*,*,0,0
서울,도봉구,감경,여자,70-74세,139,6,14,40,59,*,*,*,*,0
서울,도봉구,감경,여자,75-79세,282,14,20,69,116,32,10,*,*,0
서울,도봉구,감경,여자,80-84세,582,25,53,138,264,60,19,5,*,0
서울,도봉구,감경,여자,85세이상,1022,57,154,295,396,84,17,*,*,0
서울,노원구,일반,남자,65세미만,97,5,0,11,12,*,0,30,8,8
서울,노원구,일반,남자,65-69세,157,11,5,22,41,6,*,12,9,6
서울,노원구,일반,남자,70-74세,243,6,14,43,62,13,*,21,8,12
서울,노원구,일반,남자,75-79세,353,9,20,70,95,32,12,29,14,*
서울,노원구,일반,남자,80-84세,423,14,21,80,121,56,17,21,21,9
서울,노원구,일반,남자,85세이상,553,9,24,128,190,55,20,23,15,8
서울,노원구,일반,여자,65세미만,102,12,6,14,16,*,*,15,10,9
서울,노원구,일반,여자,65-69세,203,12,13,26,30,15,*,20,14,*
서울,노원구,일반,여자,70-74세,350,6,16,58,66,30,12,44,19,*
서울,노원구,일반,여자,75-79세,719,23,33,114,206,55,26,59,25,11
서울,노원구,일반,여자,80-84세,1113,26,53,184,368,122,55,83,47,14
서울,노원구,일반,여자,85세이상,1641,56,120,385,600,143,39,74,32,17
서울,노원구,기초,남자,65세미만,202,7,15,23,50,9,*,26,20,25
서울,노원구,기초,남자,65-69세,262,7,8,35,83,19,*,31,20,12
서울,노원구,기초,남자,70-74세,193,*,5,30,79,14,7,13,10,10
서울,노원구,기초,남자,75-79세,183,6,15,26,67,20,6,7,6,5
서울,노원구,기초,남자,80-84세,177,5,9,31,68,25,8,10,*,*
서울,노원구,기초,남자,85세이상,161,*,10,36,63,19,*,*,*,5
서울,노원구,기초,여자,65세미만,139,7,*,23,35,6,*,18,15,14
서울,노원구,기초,여자,65-69세,265,8,13,41,73,11,7,33,22,15
서울,노원구,기초,여자,70-74세,237,*,12,39,88,15,9,15,13,9
서울,노원구,기초,여자,75-79세,388,15,11,61,164,34,9,21,15,9
서울,노원구,기초,여자,80-84세,535,13,29,109,246,47,9,20,11,6
서울,노원구,기초,여자,85세이상,664,33,60,163,278,67,5,15,7,7
서울,노원구,의료,남자,65세미만,*,0,0,0,0,0,0,0,0,*
서울,노원구,의료,남자,65-69세,*,0,0,0,0,*,0,0,0,0
서울,노원구,의료,남자,70-74세,*,0,0,*,*,0,0,0,0,0
서울,노원구,의료,남자,75-79세,9,*,0,*,0,*,0,*,*,0
서울,노원구,의료,남자,80-84세,5,0,*,*,*,0,0,0,0,0
서울,노원구,의료,남자,85세이상,10,*,0,*,6,0,0,0,0,0
서울,노원구,의료,여자,65세미만,0,0,0,0,0,0,0,0,0,0
서울,노원구,의료,여자,65-69세,*,0,0,0,*,0,0,0,0,0
서울,노원구,의료,여자,70-74세,7,0,*,*,*,0,0,0,*,0
서울,노원구,의료,여자,75-79세,8,*,0,0,*,0,0,0,*,0
서울,노원구,의료,여자,80-84세,19,0,0,*,9,*,0,0,*,0
서울,노원구,의료,여자,85세이상,38,0,*,8,16,*,0,*,*,0
서울,노원구,감경,남자,65세미만,35,*,*,7,10,*,0,6,0,0
서울,노원구,감경,남자,65-69세,85,8,7,21,33,5,*,*,0,*
서울,노원구,감경,남자,70-74세,129,*,13,33,53,10,*,*,0,*
서울,노원구,감경,남자,75-79세,166,6,5,41,75,18,7,*,0,*
서울,노원구,감경,남자,80-84세,198,*,7,53,79,37,5,*,0,0
서울,노원구,감경,남자,85세이상,250,10,11,77,109,31,*,*,*,0
서울,노원구,감경,여자,65세미만,31,5,*,7,7,*,*,0,*,0
서울,노원구,감경,여자,65-69세,94,8,6,21,35,5,6,*,0,*
서울,노원구,감경,여자,70-74세,155,7,16,34,60,18,5,*,*,0
서울,노원구,감경,여자,75-79세,347,13,26,65,134,49,23,12,*,*
서울,노원구,감경,여자,80-84세,658,30,36,155,295,81,27,11,*,*
서울,노원구,감경,여자,85세이상,1097,67,89,306,475,112,23,*,*,*
서울,은평구,일반,남자,65세미만,88,*,*,15,10,*,0,17,5,10
서울,은평구,일반,남자,65-69세,159,7,5,31,33,*,*,23,11,6
서울,은평구,일반,남자,70-74세,238,9,16,65,62,8,*,22,5,*
서울,은평구,일반,남자,75-79세,368,8,29,82,107,27,8,20,16,5
서울,은평구,일반,남자,80-84세,557,6,39,119,219,49,*,20,15,*
서울,은평구,일반,남자,85세이상,662,13,51,179,239,46,11,22,7,*
서울,은평구,일반,여자,65세미만,68,6,*,5,13,*,0,13,5,*
서울,은평구,일반,여자,65-69세,221,8,10,36,43,5,6,25,11,*
서울,은평구,일반,여자,70-74세,360,17,17,54,83,17,7,38,17,7
서울,은평구,일반,여자,75-79세,797,21,44,147,247,50,17,47,18,10
서울,은평구,일반,여자,80-84세,1255,33,77,255,471,119,30,51,16,8
서울,은평구,일반,여자,85세이상,1545,87,145,445,565,90,14,28,15,*
서울,은평구,기초,남자,65세미만,114,6,*,18,35,*,*,12,5,7
서울,은평구,기초,남자,65-69세,167,8,8,26,56,7,*,13,8,*
서울,은평구,기초,남자,70-74세,120,*,*,27,50,11,*,*,*,0
서울,은평구,기초,남자,75-79세,127,*,6,19,49,9,*,5,*,*
서울,은평구,기초,남자,80-84세,129,*,9,23,45,20,*,5,*,5
서울,은평구,기초,남자,85세이상,99,*,9,27,42,7,0,*,*,0
서울,은평구,기초,여자,65세미만,52,6,5,5,8,*,*,6,7,*
서울,은평구,기초,여자,65-69세,116,6,*,22,42,7,*,5,7,*
서울,은평구,기초,여자,70-74세,172,8,13,27,69,6,*,14,7,*
서울,은평구,기초,여자,75-79세,234,8,7,46,95,20,6,8,*,*
서울,은평구,기초,여자,80-84세,355,13,19,83,149,29,6,14,6,*
서울,은평구,기초,여자,85세이상,431,22,68,116,180,16,*,*,*,*
서울,은평구,의료,남자,65세미만,0,0,0,0,0,0,0,0,0,0
서울,은평구,의료,남자,65-69세,*,0,0,*,0,0,0,0,0,0
서울,은평구,의료,남자,70-74세,*,0,0,*,0,0,0,0,0,0
서울,은평구,의료,남자,75-79세,*,0,*,0,0,0,0,*,0,0
서울,은평구,의료,남자,80-84세,6,0,0,*,*,0,0,0,0,0
서울,은평구,의료,남자,85세이상,5,0,0,0,*,0,0,0,0,0
서울,은평구,의료,여자,65-69세,*,0,0,*,0,0,0,0,0,0
서울,은평구,의료,여자,70-74세,5,0,0,0,*,*,0,*,*,0
서울,은평구,의료,여자,75-79세,6,0,0,*,*,0,0,*,0,0
서울,은평구,의료,여자,80-84세,6,0,*,*,*,0,0,0,0,0
서울,은평구,의료,여자,85세이상,29,0,*,9,14,*,0,0,0,0
서울,은평구,감경,남자,65세미만,54,*,*,20,18,*,0,*,*,0
서울,은평구,감경,남자,65-69세,103,7,7,36,39,*,*,*,0,0
서울,은평구,감경,남자,70-74세,135,*,6,47,56,6,*,*,0,*
서울,은평구,감경,남자,75-79세,203,7,15,55,96,16,*,*,0,0
서울,은평구,감경,남자,80-84세,288,17,20,83,124,21,5,*,*,*
서울,은평구,감경,남자,85세이상,274,10,22,75,139,16,*,*,0,*
서울,은평구,감경,여자,65세미만,53,*,*,21,16,*,*,*,*,0
서울,은평구,감경,여자,65-69세,133,9,12,30,51,15,*,0,*,0
서울,은평구,감경,여자,70-74세,213,13,18,53,88,16,8,*,*,*
서울,은평구,감경,여자,75-79세,395,16,24,102,178,36,14,*,*,0
서울,은평구,감경,여자,80-84세,799,23,63,230,381,68,10,*,0,0
서울,은평구,감경,여자,85세이상,1144,49,148,390,444,72,10,*,*,0
서울,서대문구,일반,남자,65세미만,54,*,*,7,10,0,*,8,*,*
서울,서대문구,일반,남자,65-69세,98,5,6,14,24,6,0,10,*,*
서울,서대문구,일반,남자,70-74세,142,8,5,21,39,6,*,14,6,*
서울,서대문구,일반,남자,75-79세,228,*,5,35,87,11,*,16,7,7
서울,서대문구,일반,남자,80-84세,343,8,13,58,125,26,7,16,5,10
서울,서대문구,일반,남자,85세이상,487,12,23,87,204,45,9,27,10,*
서울,서대문구,일반,여자,65세미만,42,*,*,*,10,*,*,*,5,*
서울,서대문구,일반,여자,65-69세,150,*,8,15,28,5,*,18,12,5
서울,서대문구,일반,여자,70-74세,236,12,9,27,52,15,6,19,6,6
서울,서대문구,일반,여자,75-79세,495,15,17,67,141,34,19,32,15,12
서울,서대문구,일반,여자,80-84세,851,27,41,143,278,78,26,65,21,9
서울,서대문구,일반,여자,85세이상,1123,51,100,251,403,82,17,49,14,9
서울,서대문구,기초,남자,65세미만,38,*,*,*,10,*,0,5,*,*
서울,서대문구,기초,남자,65-69세,73,*,6,7,19,*,*,9,7,8
서울,서대문구,기초,남자,70-74세,42,*,0,8,16,*,0,*,*,*
서울,서대문구,기초,남자,75-79세,54,*,*,8,18,8,0,*,5,*
서울,서대문구,기초,남자,80-84세,42,*,*,*,15,*,*,*,*,*
서울,서대문구,기초,남자,85세이상,51,*,5,6,23,9,0,*,*,0
서울,서대문구,기초,여자,65세미만,22,*,*,*,*,*,0,6,0,*
서울,서대문구,기초,여자,65-69세,58,0,0,5,26,*,*,7,5,0
서울,서대문구,기초,여자,70-74세,67,*,*,9,20,*,*,9,5,*
서울,서대문구,기초,여자,75-79세,95,*,7,9,24,9,*,8,*,*
서울,서대문구,기초,여자,80-84세,156,*,6,23,69,12,5,6,*,*
서울,서대문구,기초,여자,85세이상,227,10,16,55,108,8,*,9,*,*
서울,서대문구,의료,남자,65세미만,0,0,0,0,0,0,0,0,0,0
서울,서대문구,의료,남자,65-69세,*,0,0,0,0,*,0,0,0,0
서울,서대문구,의료,남자,70-74세,*,0,0,0,0,0,0,0,0,0
서울,서대문구,의료,남자,75-79세,0,0,0,0,0,0,0,0,0,0
서울,서대문구,의료,남자,80-84세,*,0,0,*,0,0,0,*,*,0
서울,서대문구,의료,남자,85세이상,*,0,*,0,*,0,0,0,0,0
서울,서대문구,의료,여자,65-69세,0,0,0,0,0,0,0,0,0,0
서울,서대문구,의료,여자,70-74세,*,0,0,*,*,0,0,0,0,0
서울,서대문구,의료,여자,75-79세,*,*,0,0,*,0,0,0,0,0
서울,서대문구,의료,여자,80-84세,*,0,*,*,*,0,0,0,0,0
서울,서대문구,의료,여자,85세이상,9,*,*,*,*,*,0,0,0,0
서울,서대문구,감경,남자,65세미만,21,*,*,7,6,*,*,0,*,0
서울,서대문구,감경,남자,65-69세,54,*,*,14,27,*,*,0,0,0
서울,서대문구,감경,남자,70-74세,73,7,5,12,31,9,*,*,0,0
서울,서대문구,감경,남자,75-79세,81,*,*,25,30,11,*,*,0,0
서울,서대문구,감경,남자,80-84세,115,*,5,32,52,14,*,*,0,0
서울,서대문구,감경,남자,85세이상,150,*,8,33,81,13,*,*,0,*
서울,서대문구,감경,여자,65세미만,26,*,6,5,7,*,0,0,0,0
서울,서대문구,감경,여자,65-69세,45,6,*,7,17,*,*,*,*,0
서울,서대문구,감경,여자,70-74세,100,7,7,17,47,10,*,*,*,*
서울,서대문구,감경,여자,75-79세,191,6,13,47,83,19,9,*,0,*
서울,서대문구,감경,여자,80-84세,366,9,25,83,174,45,8,6,0,0
서울,서대문구,감경,여자,85세이상,628,33,59,176,283,44,13,6,*,*
서울,마포구,일반,남자,65세미만,54,*,*,7,11,*,0,14,*,*
서울,마포구,일반,남자,65-69세,100,*,6,16,13,7,*,17,8,*
서울,마포구,일반,남자,70-74세,141,6,7,32,35,5,5,12,*,*
서울,마포구,일반,남자,75-79세,238,8,8,57,65,23,5,11,*,*
서울,마포구,일반,남자,80-84세,338,*,23,62,105,50,5,15,8,*
서울,마포구,일반,남자,85세이상,490,10,33,92,176,53,13,27,*,5
서울,마포구,일반,여자,65세미만,55,5,8,5,9,*,*,6,6,*
서울,마포구,일반,여자,65-69세,132,5,*,18,25,6,*,16,*,*
서울,마포구,일반,여자,70-74세,221,9,11,23,46,11,10,27,10,*
서울,마포구,일반,여자,75-79세,459,13,21,58,116,37,25,49,15,6
서울,마포구,일반,여자,80-84세,854,26,45,155,286,88,33,50,20,9
서울,마포구,일반,여자,85세이상,1244,56,106,296,446,102,19,58,19,*
서울,마포구,기초,남자,65세미만,38,*,*,5,7,*,*,*,5,5
서울,마포구,기초,남자,65-69세,70,*,*,9,18,*,*,5,*,*
서울,마포구,기초,남자,70-74세,53,*,*,7,13,*,*,7,*,*
서울,마포구,기초,남자,75-79세,45,*,0,10,14,7,*,*,*,0
서울,마포구,기초,남자,80-84세,56,0,*,7,9,12,*,5,6,*
서울,마포구,기초,남자,85세이상,42,*,0,7,20,*,0,*,0,0
서울,마포구,기초,여자,65세미만,23,*,*,*,*,*,0,*,*,*
서울,마포구,기초,여자,65-69세,71,*,*,9,18,9,*,9,*,*
서울,마포구,기초,여자,70-74세,68,0,0,13,25,*,*,10,*,*
서울,마포구,기초,여자,75-79세,114,*,*,13,41,12,*,10,*,*
서울,마포구,기초,여자,80-84세,133,*,6,32,46,7,8,12,*,0
서울,마포구,기초,여자,85세이상,181,6,12,39,72,19,*,8,*,0
서울,마포구,의료,남자,65-69세,*,0,0,0,0,0,0,0,*,0
서울,마포구,의료,남자,70-74세,*,0,0,0,*,*,0,0,0,0
서울,마포구,의료,남자,75-79세,*,0,0,0,*,*,0,0,*,0
서울,마포구,의료,남자,80-84세,*,0,0,0,*,0,0,0,0,0
서울,마포구,의료,남자,85세이상,*,0,0,0,*,*,0,0,0,0
서울,마포구,의료,여자,65세미만,0,0,0,0,0,0,0,0,0,0
서울,마포구,의료,여자,65-69세,0,0,0,0,0,0,0,0,0,0
서울,마포구,의료,여자,70-74세,*,0,0,*,0,0,0,0,0,0
서울,마포구,의료,여자,75-79세,*,0,0,0,0,0,0,0,0,0
서울,마포구,의료,여자,80-84세,8,0,0,*,*,*,*,0,0,0
서울,마포구,의료,여자,85세이상,12,0,*,*,*,*,0,*,0,0
서울,마포구,감경,남자,65세미만,20,5,*,*,*,*,0,*,*,0
서울,마포구,감경,남자,65-69세,32,*,*,7,15,*,*,0,0,*
서울,마포구,감경,남자,70-74세,40,*,*,17,14,*,*,*,0,0
서울,마포구,감경,남자,75-79세,55,*,*,17,20,6,*,*,*,0
서울,마포구,감경,남자,80-84세,79,*,5,14,36,17,*,0,0,0
서울,마포구,감경,남자,85세이상,97,*,8,21,46,14,*,0,0,0
서울,마포구,감경,여자,65세미만,13,*,0,*,*,0,0,*,0,*
서울,마포구,감경,여자,65-69세,40,*,*,7,15,*,*,0,*,0
서울,마포구,감경,여자,70-74세,74,*,*,14,31,7,*,*,0,0
서울,마포구,감경,여자,75-79세,147,*,17,35,55,18,*,6,0,0
서울,마포구,감경,여자,80-84세,290,12,20,65,121,39,10,*,*,0
서울,마포구,감경,여자,85세이상,415,22,36,128,163,48,6,*,0,0
서울,양천구,일반,남자,65세미만,81,8,6,6,16,*,0,12,*,*
서울,양천구,일반,남자,65-69세,177,12,5,33,47,*,*,17,7,*
서울,양천구,일반,남자,70-74세,221,10,16,48,70,15,*,11,8,*
서울,양천구,일반,남자,75-79세,339,15,17,78,109,23,*,19,5,*
서울,양천구,일반,남자,80-84세,436,17,26,81,152,48,7,15,9,*
서울,양천구,일반,남자,85세이상,480,15,27,112,170,39,6,18,*,12
서울,양천구,일반,여자,65세미만,77,11,*,8,9,*,*,13,6,*
서울,양천구,일반,여자,65-69세,200,*,13,26,35,7,*,27,12,*
서울,양천구,일반,여자,70-74세,335,12,24,48,71,21,11,34,14,*
서울,양천구,일반,여자,75-79세,654,20,35,111,181,52,17,51,17,13
서울,양천구,일반,여자,80-84세,949,27,42,174,362,82,18,51,24,*
서울,양천구,일반,여자,85세이상,1267,56,122,303,521,67,16,41,11,5
서울,양천구,기초,남자,65세미만,105,*,*,24,29,10,*,9,11,*
서울,양천구,기초,남자,65-69세,132,*,5,9,59,9,*,12,11,6
서울,양천구,기초,남자,70-74세,143,*,7,22,63,13,7,7,*,6
서울,양천구,기초,남자,75-79세,104,*,*,20,39,7,*,*,7,0
서울,양천구,기초,남자,80-84세,82,*,*,15,37,9,0,*,*,*
서울,양천구,기초,남자,85세이상,81,0,*,16,41,9,*,0,0,*
서울,양천구,기초,여자,65세미만,42,*,5,7,5,*,0,7,0,*
서울,양천구,기초,여자,65-69세,108,*,8,16,40,9,*,5,8,*
서울,양천구,기초,여자,70-74세,112,*,7,15,39,9,6,13,*,*
서울,양천구,기초,여자,75-79세,179,*,8,30,79,17,6,12,*,*
서울,양천구,기초,여자,80-84세,275,11,22,62,131,12,*,7,*,*
서울,양천구,기초,여자,85세이상,301,19,33,88,131,17,*,*,*,0
서울,양천구,의료,남자,65세미만,0,0,0,0,0,0,0,0,0,0
서울,양천구,의료,남자,65-69세,*,0,*,0,0,0,0,0,0,0
서울,양천구,의료,남자,70-74세,*,0,0,*,0,0,0,0,*,0
서울,양천구,의료,남자,75-79세,5,0,*,*,*,0,0,0,0,0
서울,양천구,의료,남자,80-84세,5,0,0,0,*,0,0,*,0,0
서울,양천구,의료,남자,85세이상,9,0,0,*,5,*,0,0,0,0
서울,양천구,의료,여자,65세미만,*,0,0,0,0,0,0,*,0,0
서울,양천구,의료,여자,65-69세,5,*,0,0,0,*,0,0,0,0
서울,양천구,의료,여자,70-74세,6,*,0,*,*,*,0,*,0,0
서울,양천구,의료,여자,75-79세,10,0,0,*,*,0,0,0,0,0
서울,양천구,의료,여자,80-84세,13,0,0,0,8,0,0,*,0,0
서울,양천구,의료,여자,85세이상,38,*,5,11,19,*,0,0,0,0
서울,양천구,감경,남자,65세미만,46,*,*,15,15,*,*,*,0,0
서울,양천구,감경,남자,65-69세,106,*,9,33,44,*,*,*,*,*
서울,양천구,감경,남자,70-74세,109,6,7,31,51,6,0,0,*,*
서울,양천구,감경,남자,75-79세,173,5,16,46,81,17,*,0,*,*
서울,양천구,감경,남자,80-84세,149,5,9,34,69,22,*,*,0,*
서울,양천구,감경,남자,85세이상,171,5,12,47,82,14,*,*,0,0
서울,양천구,감경,여자,65세미만,32,6,0,10,6,*,5,0,0,*
서울,양천구,감경,여자,65-69세,84,*,7,22,36,5,*,*,0,0
서울,양천구,감경,여자,70-74세,157,*,8,44,74,13,5,*,0,0
서울,양천구,감경,여자,75-79세,304,14,25,66,146,25,6,0,*,*
서울,양천구,감경,여자,80-84세,487,16,33,126,239,41,12,*,*,*
서울,양천구,감경,여자,85세이상,797,49,92,231,353,45,6,0,*,0
서울,강서구,일반,남자,65세미만,127,9,*,14,12,*,0,30,10,15
서울,강서구,일반,남자,65-69세,244,11,12,38,52,7,*,35,15,10
서울,강서구,일반,남자,70-74세,283,5,10,57,75,14,7,26,16,*
서울,강서구,일반,남자,75-79세,478,12,24,98,150,47,9,35,9,8
서울,강서구,일반,남자,80-84세,567,11,27,121,214,49,10,36,14,12
서울,강서구,일반,남자,85세이상,667,10,50,148,252,53,12,45,12,9
서울,강서구,일반,여자,65세미만,119,*,6,15,7,*,*,32,15,13
서울,강서구,일반,여자,65-69세,263,12,16,36,43,9,5,39,15,9
서울,강서구,일반,여자,70-74세,444,7,16,63,135,33,14,44,19,8
서울,강서구,일반,여자,75-79세,787,17,39,102,268,78,18,66,34,14
서울,강서구,일반,여자,80-84세,1203,31,66,211,458,137,21,75,32,15
서울,강서구,일반,여자,85세이상,1707,68,162,392,685,134,10,52,22,7
서울,강서구,기초,남자,65세미만,283,11,7,35,59,16,5,50,26,53
서울,강서구,기초,남자,65-69세,374,10,9,49,134,25,*,43,20,36
서울,강서구,기초,남자,70-74세,327,5,12,43,147,27,9,25,16,15
서울,강서구,기초,남자,75-79세,249,*,*,40,106,33,*,13,10,16
서울,강서구,기초,남자,80-84세,217,*,*,33,101,28,5,10,8,6
서울,강서구,기초,남자,85세이상,160,*,8,21,86,16,*,*,*,*
서울,강서구,기초,여자,65세미만,162,9,8,16,28,6,*,36,12,21
서울,강서구,기초,여자,65-69세,270,7,8,34,96,12,*,41,14,10
서울,강서구,기초,여자,70-74세,304,8,12,42,132,23,7,32,15,*
서울,강서구,기초,여자,75-79세,418,8,16,70,184,31,6,29,22,7
서울,강서구,기초,여자,80-84세,587,13,31,87,284,54,6,30,17,9
서울,강서구,기초,여자,85세이상,680,20,63,164,333,41,*,15,8,0
서울,강서구,의료,남자,65세미만,*,*,0,0,0,0,0,*,0,0
서울,강서구,의료,남자,65-69세,*,0,0,0,*,0,0,*,0,*
서울,강서구,의료,남자,70-74세,7,0,*,*,*,0,0,*,*,0
서울,강서구,의료,남자,75-79세,13,0,0,*,8,*,*,0,0,0
서울,강서구,의료,남자,80-84세,8,*,0,*,*,0,0,*,0,0
서울,강서구,의료,남자,85세이상,8,0,0,*,*,0,0,0,0,0
서울,강서구,의료,여자,65세미만,*,0,0,0,0,0,0,*,0,*
서울,강서구,의료,여자,65-69세,*,0,0,0,*,0,0,*,0,0
서울,강서구,의료,여자,70-74세,6,0,0,*,*,0,0,0,*,0
서울,강서구,의료,여자,75-79세,11,0,*,*,*,*,0,*,0,0
서울,강서구,의료,여자,80-84세,12,0,0,*,5,*,0,*,*,0
서울,강서구,의료,여자,85세이상,57,*,6,11,29,*,*,0,0,0
서울,강서구,감경,남자,65세미만,61,5,6,18,21,*,*,*,0,0
서울,강서구,감경,남자,65-69세,134,6,6,28,69,8,*,*,*,*
서울,강서구,감경,남자,70-74세,165,10,10,42,72,14,*,0,*,*
서울,강서구,감경,남자,75-79세,229,9,10,60,116,23,*,0,0,*
서울,강서구,감경,남자,80-84세,237,9,13,65,105,32,*,*,*,0
서울,강서구,감경,남자,85세이상,234,*,17,76,109,17,7,0,0,0
서울,강서구,감경,여자,65세미만,48,6,8,11,7,*,*,*,*,*
서울,강서구,감경,여자,65-69세,91,5,6,19,37,6,5,*,*,*
서울,강서구,감경,여자,70-74세,216,8,16,49,93,20,13,*,0,*
서울,강서구,감경,여자,75-79세,396,15,21,82,193,49,9,*,*,0
서울,강서구,감경,여자,80-84세,659,20,54,147,312,68,24,5,9,0
서울,강서구,감경,여자,85세이상,1124,42,128,342,510,66,16,0,*,0
서울,구로구,일반,남자,65세미만,108,10,*,19,13,*,0,15,9,5
서울,구로구,일반,남자,65-69세,213,10,11,40,49,7,*,32,12,7
서울,구로구,일반,남자,70-74세,284,15,21,48,88,13,*,26,10,*
서울,구로구,일반,남자,75-79세,434,16,25,96,139,45,6,30,10,5
서울,구로구,일반,남자,80-84세,524,12,34,110,175,52,9,30,13,10
서울,구로구,일반,남자,85세이상,532,21,34,109,199,36,8,19,14,8
서울,구로구,일반,여자,65세미만,91,9,9,10,14,7,0,13,7,6
서울,구로구,일반,여자,65-69세,257,11,9,40,41,6,5,40,17,5
서울,구로구,일반,여자,70-74세,388,9,19,42,86,34,6,40,24,14
서울,구로구,일반,여자,75-79세,769,24,43,129,229,75,18,69,26,5
서울,구로구,일반,여자,80-84세,1145,38,74,192,403,124,22,77,23,9
서울,구로구,일반,여자,85세이상,1325,58,123,338,503,70,11,49,23,6
서울,구로구,기초,남자,65세미만,87,5,9,17,19,6,*,7,7,6
서울,구로구,기초,남자,65-69세,125,*,9,17,43,6,*,10,12,6
서울,구로구,기초,남자,70-74세,96,*,*,14,40,10,*,*,7,*
서울,구로구,기초,남자,75-79세,89,*,*,16,30,10,0,6,*,6
서울,구로구,기초,남자,80-84세,85,*,5,16,28,6,*,10,*,*
서울,구로구,기초,남자,85세이상,67,*,*,16,27,7,*,*,*,0
서울,구로구,기초,여자,65세미만,47,5,*,6,15,*,*,*,*,*
서울,구로구,기초,여자,65-69세,78,*,*,13,28,6,*,14,8,*
서울,구로구,기초,여자,70-74세,120,5,5,20,47,8,5,8,7,*
서울,구로구,기초,여자,75-79세,184,*,12,25,75,16,6,13,8,6
서울,구로구,기초,여자,80-84세,227,5,12,28,110,16,*,19,7,0
서울,구로구,기초,여자,85세이상,319,8,39,92,139,14,*,5,*,*
서울,구로구,의료,남자,65세미만,*,0,0,0,0,0,0,0,0,0
서울,구로구,의료,남자,65-69세,0,0,0,0,0,0,0,0,0,0
서울,구로구,의료,남자,70-74세,*,0,0,*,*,0,0,0,0,0
서울,구로구,의료,남자,75-79세,5,0,0,*,0,*,0,*,0,0
서울,구로구,의료,남자,80-84세,*,0,0,0,0,0,0,*,0,0
서울,구로구,의료,남자,85세이상,*,0,0,*,*,0,0,*,0,0
서울,구로구,의료,여자,65세미만,*,0,*,0,0,0,0,*,0,0
서울,구로구,의료,여자,65-69세,0,0,0,0,0,0,0,0,0,0
서울,구로구,의료,여자,70-74세,*,0,0,0,*,0,0,0,0,0
서울,구로구,의료,여자,75-79세,*,0,0,0,*,0,0,0,0,0
서울,구로구,의료,여자,80-84세,6,0,*,*,*,0,0,0,0,0
서울,구로구,의료,여자,85세이상,21,*,5,*,11,0,*,0,0,0
서울,구로구,감경,남자,65세미만,74,7,5,28,17,*,*,*,0,0
서울,구로구,감경,남자,65-69세,99,8,13,30,33,6,*,0,*,0
서울,구로구,감경,남자,70-74세,155,5,6,45,61,18,*,*,*,0
서울,구로구,감경,남자,75-79세,183,7,18,47,74,29,*,0,0,0
서울,구로구,감경,남자,80-84세,222,8,21,54,102,25,6,0,0,0
서울,구로구,감경,남자,85세이상,217,11,20,51,103,22,*,0,*,0
서울,구로구,감경,여자,65세미만,43,7,5,8,11,*,*,0,0,*
서울,구로구,감경,여자,65-69세,91,6,*,16,46,7,*,0,0,0
서울,구로구,감경,여자,70-74세,163,13,11,36,69,17,*,*,*,*
서울,구로구,감경,여자,75-79세,307,15,16,81,138,39,*,0,0,0
서울,구로구,감경,여자,80-84세,534,20,46,128,236,57,12,6,*,0
서울,구로구,감경,여자,85세이상,889,49,111,286,356,60,7,*,*,0
서울,금천구,일반,남자,65세미만,62,*,0,*,9,*,0,18,6,6
서울,금천구,일반,남자,65-69세,87,5,*,16,17,*,*,16,*,*
서울,금천구,일반,남자,70-74세,173,8,7,20,46,10,*,24,10,*
서울,금천구,일반,남자,75-79세,208,7,9,29,56,18,8,9,8,9
서울,금천구,일반,남자,80-84세,236,*,11,40,82,17,*,13,10,7
서울,금천구,일반,남자,85세이상,258,*,13,42,103,27,*,20,14,*
서울,금천구,일반,여자,65세미만,58,*,*,6,6,*,*,10,6,*
서울,금천구,일반,여자,65-69세,120,*,7,16,22,6,*,15,8,*
서울,금천구,일반,여자,70-74세,216,*,*,23,49,11,6,27,20,6
서울,금천구,일반,여자,75-79세,348,7,19,34,103,32,15,41,11,6
서울,금천구,일반,여자,80-84세,542,9,24,77,202,63,10,38,21,7
서울,금천구,일반,여자,85세이상,557,21,38,134,218,42,11,15,7,*
서울,금천구,기초,남자,65세미만,79,*,*,14,19,9,6,8,*,*
서울,금천구,기초,남자,65-69세,115,*,*,21,33,9,*,14,13,7
서울,금천구,기초,남자,70-74세,85,0,6,12,29,8,*,6,10,*
서울,금천구,기초,남자,75-79세,69,*,*,9,29,7,*,7,*,*
서울,금천구,기초,남자,80-84세,55,0,*,9,24,*,*,5,*,0
서울,금천구,기초,남자,85세이상,67,0,*,12,21,12,*,*,5,0
서울,금천구,기초,여자,65세미만,56,8,5,14,9,*,*,6,*,0
서울,금천구,기초,여자,65-69세,89,*,*,9,26,6,5,9,6,*
서울,금천구,기초,여자,70-74세,92,*,5,12,44,*,*,*,6,*
서울,금천구,기초,여자,75-79세,140,5,8,21,56,14,*,9,7,*
서울,금천구,기초,여자,80-84세,216,7,10,43,92,21,*,*,12,*
서울,금천구,기초,여자,85세이상,245,9,19,60,106,19,*,5,*,*
서울,금천구,의료,남자,65-69세,*,0,0,0,0,0,0,0,0,0
서울,금천구,의료,남자,70-74세,*,0,0,0,0,0,0,0,0,0
서울,금천구,의료,남자,80-84세,0,0,0,0,0,0,0,0,0,0
서울,금천구,의료,남자,85세이상,*,0,0,*,0,0,0,0,0,0
서울,금천구,의료,여자,65세미만,0,0,0,0,0,0,0,0,0,0
서울,금천구,의료,여자,65-69세,*,0,0,0,*,0,0,0,0,0
서울,금천구,의료,여자,70-74세,*,0,0,0,0,0,0,*,0,0
서울,금천구,의료,여자,75-79세,5,0,0,0,*,0,0,*,0,0
서울,금천구,의료,여자,80-84세,6,0,0,*,*,0,0,0,0,0
서울,금천구,의료,여자,85세이상,16,0,*,*,9,*,0,*,0,0
서울,금천구,감경,남자,65세미만,35,*,*,9,9,*,0,0,*,*
서울,금천구,감경,남자,65-69세,73,*,7,15,28,5,*,*,*,*
서울,금천구,감경,남자,70-74세,92,*,5,22,44,7,*,0,*,*
서울,금천구,감경,남자,75-79세,108,6,9,31,45,11,*,*,0,0
서울,금천구,감경,남자,80-84세,124,5,*,27,62,17,*,0,0,*
서울,금천구,감경,남자,85세이상,131,*,7,28,66,20,*,0,0,0
서울,금천구,감경,여자,65세미만,18,0,0,8,*,5,*,0,0,0
서울,금천구,감경,여자,65-69세,64,*,6,13,26,8,0,*,*,0
서울,금천구,감경,여자,70-74세,112,*,6,21,58,11,*,*,*,0
서울,금천구,감경,여자,75-79세,216,5,9,40,97,31,9,*,*,*
서울,금천구,감경,여자,80-84세,338,11,29,75,158,50,6,0,*,0
서울,금천구,감경,여자,85세이상,537,19,53,161,236,44,7,*,*,0
서울,영등포구,일반,남자,65세미만,88,5,*,9,21,*,*,18,*,*
서울,영등포구,일반,남자,65-69세,174,8,12,35,46,*,0,15,*,6
서울,영등포구,일반,남자,70-74세,228,8,20,48,69,11,0,11,7,*
서울,영등포구,일반,남자,75-79세,322,12,25,83,83,17,*,24,*,*
서울,영등포구,일반,남자,80-84세,443,13,34,93,135,37,9,30,7,8
서울,영등포구,일반,남자,85세이상,644,26,58,151,221,45,10,25,12,*
서울,영등포구,일반,여자,65세미만,66,9,*,10,9,*,0,15,*,*
서울,영등포구,일반,여자,65-69세,158,14,5,18,27,6,*,19,5,*
서울,영등포구,일반,여자,70-74세,369,16,17,56,98,21,5,22,17,*
서울,영등포구,일반,여자,75-79세,628,26,37,98,185,47,14,55,20,5
서울,영등포구,일반,여자,80-84세,1069,35,69,196,372,85,17,54,15,*
서울,영등포구,일반,여자,85세이상,1449,72,173,336,553,90,12,42,16,*
서울,영등포구,기초,남자,65세미만,65,*,*,15,13,*,*,10,5,*
서울,영등포구,기초,남자,65-69세,84,0,5,13,25,5,*,11,5,*
서울,영등포구,기초,남자,70-74세,72,*,*,7,31,6,0,6,7,*
서울,영등포구,기초,남자,75-79세,70,*,*,10,31,5,*,*,*,*
서울,영등포구,기초,남자,80-84세,63,*,*,6,25,5,*,*,*,*
서울,영등포구,기초,남자,85세이상,40,*,*,14,18,*,0,0,0,0
서울,영등포구,기초,여자,65세미만,29,*,*,6,8,*,0,*,*,*
서울,영등포구,기초,여자,65-69세,60,0,*,10,16,0,0,12,5,*
서울,영등포구,기초,여자,70-74세,76,*,5,10,42,0,*,*,5,*
서울,영등포구,기초,여자,75-79세,124,*,5,18,46,10,*,9,7,*
서울,영등포구,기초,여자,80-84세,155,*,6,34,65,12,*,10,*,*
서울,영등포구,기초,여자,85세이상,186,5,14,55,77,9,*,*,*,0
서울,영등포구,의료,남자,65세미만,0,0,0,0,0,0,0,0,0,0
서울,영등포구,의료,남자,65-69세,0,0,0,0,0,0,0,0,0,0
서울,영등포구,의료,남자,70-74세,*,0,0,0,*,0,0,0,0,0
서울,영등포구,의료,남자,75-79세,*,0,0,*,0,0,0,0,0,0
서울,영등포구,의료,남자,80-84세,0,0,0,0,0,0,0,0,0,0
서울,영등포구,의료,남자,85세이상,*,0,0,0,*,0,0,0,0,0
서울,영등포구,의료,여자,65세미만,*,*,0,0,0,0,0,0,0,0
서울,영등포구,의료,여자,70-74세,*,0,0,0,*,0,0,0,0,0
서울,영등포구,의료,여자,75-79세,*,0,0,0,0,*,0,*,0,0
서울,영등포구,의료,여자,80-84세,5,0,*,*,*,0,0,0,0,0
서울,영등포구,의료,여자,85세이상,17,0,7,5,*,*,0,0,0,0
서울,영등포구,감경,남자,65세미만,33,*,*,5,15,*,0,0,*,0
서울,영등포구,감경,남자,65-69세,66,5,6,15,30,*,0,*,0,0
서울,영등포구,감경,남자,70-74세,83,*,5,31,30,6,*,0,0,0
서울,영등포구,감경,남자,75-79세,112,6,6,29,51,12,*,0,0,0
서울,영등포구,감경,남자,80-84세,104,*,9,33,35,14,*,*,0,0
서울,영등포구,감경,남자,85세이상,106,5,11,27,49,11,*,0,0,0
서울,영등포구,감경,여자,65세미만,18,*,*,*,6,*,0,0,0,0
서울,영등포구,감경,여자,65-69세,62,8,*,13,18,*,*,*,0,0
서울,영등포구,감경,여자,70-74세,91,*,9,15,41,6,6,*,0,0
서울,영등포구,감경,여자,75-79세,169,7,11,38,80,12,*,*,*,0
서울,영등포구,감경,여자,80-84세,355,16,31,72,174,35,8,*,0,0
서울,영등포구,감경,여자,85세이상,520,23,70,153,226,31,*,*,0,0
서울,동작구,일반,남자,65세미만,81,6,*,11,14,*,0,16,5,6
서울,동작구,일반,남자,65-69세,131,6,8,24,27,*,0,20,*,5
서울,동작구,일반,남자,70-74세,185,6,6,26,68,10,*,18,5,*
서울,동작구,일반,남자,75-79세,283,10,15,62,85,19,*,14,7,8
서울,동작구,일반,남자,80-84세,449,12,19,78,161,45,9,18,11,9
서울,동작구,일반,남자,85세이상,555,16,25,118,206,48,10,24,10,8
서울,동작구,일반,여자,65세미만,71,5,*,*,9,*,*,11,7,7
서울,동작구,일반,여자,65-69세,192,8,10,25,35,5,*,22,16,6
서울,동작구,일반,여자,70-74세,261,*,8,40,65,11,*,27,16,6
서울,동작구,일반,여자,75-79세,617,18,27,88,170,64,17,51,19,14
서울,동작구,일반,여자,80-84세,1009,22,35,187,365,106,13,71,29,14
서울,동작구,일반,여자,85세이상,1284,52,93,319,515,99,19,41,20,7
서울,동작구,기초,남자,65세미만,54,*,*,5,12,*,0,12,*,6
서울,동작구,기초,남자,65-69세,71,*,*,7,26,*,*,10,5,*
서울,동작구,기초,남자,70-74세,42,0,5,5,14,*,0,6,*,*
서울,동작구,기초,남자,75-79세,53,*,0,9,21,5,0,*,5,*
서울,동작구,기초,남자,80-84세,51,*,*,12,19,*,*,*,*,*
서울,동작구,기초,남자,85세이상,36,0,*,*,15,*,0,*,*,*
서울,동작구,기초,여자,65세미만,31,*,*,5,11,*,0,5,*,0
서울,동작구,기초,여자,65-69세,59,*,*,6,18,6,0,6,*,*
서울,동작구,기초,여자,70-74세,102,*,6,12,26,5,0,13,6,10
서울,동작구,기초,여자,75-79세,119,*,*,17,38,13,*,10,*,*
서울,동작구,기초,여자,80-84세,151,*,*,25,54,11,*,13,6,*
서울,동작구,기초,여자,85세이상,216,8,25,50,84,12,*,5,*,*
서울,동작구,의료,남자,65세미만,0,0,0,0,0,0,0,0,0,0
서울,동작구,의료,남자,65-69세,*,0,*,0,0,0,0,0,*,*
서울,동작구,의료,남자,70-74세,*,0,*,*,0,0,0,0,0,0
서울,동작구,의료,남자,75-79세,*,0,0,*,0,0,0,0,0,0
서울,동작구,의료,남자,80-84세,*,0,0,*,*,*,0,0,0,0
서울,동작구,의료,남자,85세이상,*,0,0,0,*,0,0,0,0,0
서울,동작구,의료,여자,65세미만,*,0,0,0,*,0,0,0,0,0
서울,동작구,의료,여자,70-74세,5,0,*,0,*,0,0,0,0,0
서울,동작구,의료,여자,75-79세,*,0,0,*,0,0,0,*,0,0
서울,동작구,의료,여자,80-84세,*,0,0,*,*,*,0,0,0,0
서울,동작구,의료,여자,85세이상,14,0,*,*,5,*,0,0,0,0
서울,동작구,감경,남자,65세미만,20,*,0,8,5,*,*,0,0,0
서울,동작구,감경,남자,65-69세,38,*,*,9,14,5,*,0,0,0
서울,동작구,감경,남자,70-74세,61,*,6,16,26,*,0,*,0,0
서울,동작구,감경,남자,75-79세,92,0,7,33,31,13,*,*,0,*
서울,동작구,감경,남자,80-84세,107,8,7,26,48,7,*,*,0,0
서울,동작구,감경,남자,85세이상,138,*,18,28,64,13,*,0,0,0
서울,동작구,감경,여자,65세미만,22,*,*,9,*,*,*,0,0,*
서울,동작구,감경,여자,65-69세,47,*,*,10,14,6,*,*,*,*
서울,동작구,감경,여자,70-74세,72,*,7,19,28,9,*,0,*,0
서울,동작구,감경,여자,75-79세,140,10,6,32,62,17,*,0,0,0
서울,동작구,감경,여자,80-84세,305,9,25,79,137,31,*,*,0,*
서울,동작구,감경,여자,85세이상,509,28,57,144,231,32,*,*,0,0
서울,관악구,일반,남자,65세미만,91,8,*,11,16,0,*,17,5,6
서울,관악구,일반,남자,65-69세,165,10,11,20,31,5,*,29,9,*
서울,관악구,일반,남자,70-74세,253,7,11,56,56,18,5,35,9,5
서울,관악구,일반,남자,75-79세,398,12,10,86,132,45,11,22,11,*
서울,관악구,일반,남자,80-84세,550,13,40,124,152,50,15,35,9,10
서울,관악구,일반,남자,85세이상,589,13,32,144,198,57,10,29,15,8
서울,관악구,일반,여자,65세미만,81,9,*,10,9,*,*,14,6,9
서울,관악구,일반,여자,65-69세,200,7,9,23,38,7,5,27,10,6
서울,관악구,일반,여자,70-74세,372,12,10,46,77,24,14,45,16,5
서울,관악구,일반,여자,75-79세,750,15,27,121,209,61,38,75,30,13
서울,관악구,일반,여자,80-84세,1149,28,54,205,406,114,28,74,39,14
서울,관악구,일반,여자,85세이상,1132,40,96,302,411,78,30,56,20,*
서울,관악구,기초,남자,65세미만,106,8,7,17,31,*,*,12,10,*
서울,관악구,기초,남자,65-69세,137,*,*,19,41,12,*,19,9,7
서울,관악구,기초,남자,70-74세,114,0,*,17,40,9,*,9,10,7
서울,관악구,기초,남자,75-79세,126,0,*,25,47,10,*,11,10,6
서울,관악구,기초,남자,80-84세,110,*,5,19,43,15,6,7,*,*
서울,관악구,기초,남자,85세이상,71,*,*,18,30,6,0,*,0,*
서울,관악구,기초,여자,65세미만,52,6,*,14,7,*,0,7,*,*
서울,관악구,기초,여자,65-69세,116,*,*,16,36,5,5,14,10,*
서울,관악구,기초,여자,70-74세,130,*,7,18,52,6,*,12,11,*
서울,관악구,기초,여자,75-79세,206,*,14,32,79,19,*,12,15,*
서울,관악구,기초,여자,80-84세,302,11,16,63,116,26,9,17,13,5
서울,관악구,기초,여자,85세이상,329,11,40,82,137,20,*,11,*,*
서울,관악구,의료,남자,65세미만,0,0,0,0,0,0,0,0,0,0
서울,관악구,의료,남자,65-69세,*,*,0,*,0,0,0,*,*,0
서울,관악구,의료,남자,70-74세,*,0,0,0,*,0,0,0,0,0
서울,관악구,의료,남자,75-79세,*,0,0,0,*,*,0,0,0,*
서울,관악구,의료,남자,80-84세,6,0,0,*,*,*,0,0,0,0
서울,관악구,의료,남자,85세이상,*,0,0,*,*,0,0,0,0,0
서울,관악구,의료,여자,65세미만,0,0,0,0,0,0,0,0,0,0
서울,관악구,의료,여자,65-69세,*,0,0,0,*,0,*,0,0,0
서울,관악구,의료,여자,70-74세,*,0,*,0,*,0,0,0,0,0
서울,관악구,의료,여자,75-79세,8,0,*,*,*,0,0,0,*,0
서울,관악구,의료,여자,80-84세,7,0,0,*,*,0,0,0,0,0
서울,관악구,의료,여자,85세이상,19,0,*,*,11,*,0,*,0,0
서울,관악구,감경,남자,65세미만,47,8,5,12,12,*,*,0,*,0
서울,관악구,감경,남자,65-69세,95,6,8,24,37,10,0,0,*,*
서울,관악구,감경,남자,70-74세,129,5,6,39,57,9,*,*,*,*
서울,관악구,감경,남자,75-79세,172,6,6,68,67,18,*,*,0,0
서울,관악구,감경,남자,80-84세,190,*,9,53,85,23,8,*,*,0
서울,관악구,감경,남자,85세이상,191,*,14,58,94,14,*,*,0,0
서울,관악구,감경,여자,65세미만,31,*,*,13,*,*,*,*,0,*
서울,관악구,감경,여자,65-69세,80,*,*,12,40,5,*,*,0,*
서울,관악구,감경,여자,70-74세,144,6,6,39,61,9,*,*,*,0
서울,관악구,감경,여자,75-79세,284,12,14,71,115,31,13,5,*,0
서울,관악구,감경,여자,80-84세,538,19,37,132,247,61,19,7,*,*
서울,관악구,감경,여자,85세이상,748,43,111,219,307,38,12,*,*,0
서울,서초구,일반,남자,65세미만,51,9,*,7,*,*,0,9,*,8
서울,서초구,일반,남자,65-69세,100,8,*,22,19,*,*,14,*,*
서울,서초구,일반,남자,70-74세,180,12,13,33,45,5,*,15,*,*
서울,서초구,일반,남자,75-79세,288,22,18,49,83,22,8,21,13,*
서울,서초구,일반,남자,80-84세,402,30,29,83,93,46,17,15,9,9
서울,서초구,일반,남자,85세이상,667,33,74,132,227,53,16,34,5,*
서울,서초구,일반,여자,65세미만,64,8,5,11,*,*,*,10,10,6
서울,서초구,일반,여자,65-69세,148,15,14,22,19,*,*,13,6,7
서울,서초구,일반,여자,70-74세,279,24,18,34,66,10,13,23,10,7
서울,서초구,일반,여자,75-79세,578,37,31,79,152,42,19,51,16,8
서울,서초구,일반,여자,80-84세,871,50,63,151,259,76,36,47,29,13
서울,서초구,일반,여자,85세이상,1352,135,154,280,471,96,21,36,12,*
서울,서초구,기초,남자,65세미만,34,*,*,6,*,0,0,10,*,5
서울,서초구,기초,남자,65-69세,24,0,*,*,10,*,*,*,0,*
서울,서초구,기초,남자,70-74세,37,*,*,7,11,*,0,*,*,0
서울,서초구,기초,남자,75-79세,19,*,*,*,7,*,*,0,*,0
서울,서초구,기초,남자,80-84세,11,0,0,*,*,0,*,*,0,0
서울,서초구,기초,남자,85세이상,9,*,0,*,*,0,*,*,0,0
서울,서초구,기초,여자,65세미만,28,*,0,*,6,*,*,6,*,*
서울,서초구,기초,여자,65-69세,30,*,*,*,*,*,0,8,*,*
서울,서초구,기초,여자,70-74세,43,*,0,6,18,*,*,*,*,*
서울,서초구,기초,여자,75-79세,52,*,*,6,16,6,*,*,*,*
서울,서초구,기초,여자,80-84세,64,*,7,8,16,8,*,*,*,*
서울,서초구,기초,여자,85세이상,110,*,8,34,44,6,0,*,*,*
서울,서초구,의료,남자,65-69세,*,0,0,0,0,0,0,0,0,0
서울,서초구,의료,남자,75-79세,*,0,0,0,0,0,0,*,0,0
서울,서초구,의료,남자,80-84세,*,0,0,*,*,0,0,0,0,0
서울,서초구,의료,남자,85세이상,*,0,0,0,0,0,0,0,0,0
서울,서초구,의료,여자,75-79세,*,0,0,*,*,0,0,0,0,0
서울,서초구,의료,여자,80-84세,0,0,0,0,0,0,0,0,0,0
서울,서초구,의료,여자,85세이상,10,*,0,*,*,0,0,*,0,0
서울,서초구,감경,남자,65세미만,10,0,0,*,*,*,0,0,*,0
서울,서초구,감경,남자,65-69세,27,*,*,6,11,*,0,0,0,0
서울,서초구,감경,남자,70-74세,33,*,*,10,12,*,*,0,0,0
서울,서초구,감경,남자,75-79세,42,*,*,10,20,*,*,0,0,0
서울,서초구,감경,남자,80-84세,32,0,*,9,14,*,*,0,0,0
서울,서초구,감경,남자,85세이상,59,*,6,8,34,*,*,0,0,0
서울,서초구,감경,여자,65세미만,18,6,*,*,*,*,0,*,0,0
서울,서초구,감경,여자,65-69세,16,*,*,7,*,*,*,0,*,0
서울,서초구,감경,여자,70-74세,32,*,5,9,7,*,*,*,0,0
서울,서초구,감경,여자,75-79세,69,*,6,11,26,12,*,*,0,0
서울,서초구,감경,여자,80-84세,114,7,9,31,40,14,6,0,*,*
서울,서초구,감경,여자,85세이상,284,23,35,82,103,26,*,*,0,0
서울,강남구,일반,남자,65세미만,79,8,*,13,15,*,0,12,6,10
서울,강남구,일반,남자,65-69세,150,10,16,32,34,*,*,12,*,7
서울,강남구,일반,남자,70-74세,240,27,22,57,54,10,*,12,*,*
서울,강남구,일반,남자,75-79세,363,31,33,70,95,27,5,25,*,5
서울,강남구,일반,남자,80-84세,529,32,53,103,174,35,8,18,8,5
서울,강남구,일반,남자,85세이상,733,58,73,162,248,63,*,28,16,*
서울,강남구,일반,여자,65세미만,93,12,5,16,10,*,*,13,7,14
서울,강남구,일반,여자,65-69세,189,21,5,20,42,*,*,27,12,*
서울,강남구,일반,여자,70-74세,362,20,27,48,75,17,10,28,10,9
서울,강남구,일반,여자,75-79세,692,57,49,95,184,61,20,55,17,6
서울,강남구,일반,여자,80-84세,1021,74,75,192,307,89,28,42,24,11
서울,강남구,일반,여자,85세이상,1706,162,218,400,555,110,14,60,14,*
서울,강남구,기초,남자,65세미만,96,*,5,7,20,*,0,20,17,14
서울,강남구,기초,남자,65-69세,154,6,5,19,52,*,0,22,12,7
서울,강남구,기초,남자,70-74세,106,*,*,12,50,5,0,9,6,*
서울,강남구,기초,남자,75-79세,101,0,*,25,29,7,*,10,*,5
서울,강남구,기초,남자,80-84세,73,*,5,17,31,*,0,*,*,0
서울,강남구,기초,남자,85세이상,54,*,6,5,24,*,0,5,5,0
서울,강남구,기초,여자,65세미만,58,*,*,5,7,*,0,11,11,10
서울,강남구,기초,여자,65-69세,123,*,*,23,33,*,*,19,15,7
서울,강남구,기초,여자,70-74세,134,*,*,21,37,5,*,20,9,*
서울,강남구,기초,여자,75-79세,176,*,5,35,64,7,*,20,5,5
서울,강남구,기초,여자,80-84세,199,*,11,41,79,10,*,7,*,*
서울,강남구,기초,여자,85세이상,242,10,26,62,93,12,*,*,6,*
서울,강남구,의료,남자,65세미만,*,0,0,0,0,0,0,0,0,0
서울,강남구,의료,남자,65-69세,*,0,0,*,0,0,0,0,0,0
서울,강남구,의료,남자,70-74세,*,0,0,0,*,0,0,*,0,0
서울,강남구,의료,남자,75-79세,6,0,0,0,*,*,0,0,0,*
서울,강남구,의료,남자,80-84세,*,0,0,*,*,0,0,0,0,0
서울,강남구,의료,남자,85세이상,*,0,0,0,*,0,0,0,0,0
서울,강남구,의료,여자,65-69세,*,0,*,0,0,0,0,0,*,0
서울,강남구,의료,여자,70-74세,*,0,0,*,0,0,0,0,0,0
서울,강남구,의료,여자,75-79세,*,0,0,0,*,0,0,0,0,0
서울,강남구,의료,여자,80-84세,5,0,*,*,0,*,0,0,*,0
서울,강남구,의료,여자,85세이상,15,0,*,5,*,0,0,*,0,0
서울,강남구,감경,남자,65세미만,12,*,*,*,5,0,0,0,0,*
서울,강남구,감경,남자,65-69세,27,0,6,10,9,*,0,*,0,0
서울,강남구,감경,남자,70-74세,45,*,5,15,13,0,0,*,*,0
서울,강남구,감경,남자,75-79세,53,*,*,17,17,*,*,*,*,*
서울,강남구,감경,남자,80-84세,58,*,*,19,23,6,*,0,0,0
서울,강남구,감경,남자,85세이상,63,*,9,21,25,*,0,0,*,0
서울,강남구,감경,여자,65세미만,14,*,0,*,5,0,0,0,0,0
서울,강남구,감경,여자,65-69세,42,*,*,10,17,*,0,*,*,0
서울,강남구,감경,여자,70-74세,66,*,*,16,22,5,*,*,0,0
서울,강남구,감경,여자,75-79세,124,6,5,24,48,14,5,*,*,0
서울,강남구,감경,여자,80-84세,185,10,20,45,70,21,*,*,*,*
서울,강남구,감경,여자,85세이상,339,33,40,92,135,26,5,0,0,0
서울,송파구,일반,남자,65세미만,102,10,*,12,16,0,*,22,7,5
서울,송파구,일반,남자,65-69세,206,11,15,46,37,11,*,26,5,10
서울,송파구,일반,남자,70-74세,323,16,20,70,98,16,*,19,9,*
서울,송파구,일반,남자,75-79세,460,17,28,107,145,29,10,17,12,5
서울,송파구,일반,남자,80-84세,610,28,39,131,211,55,7,38,9,9
서울,송파구,일반,남자,85세이상,815,33,57,190,332,73,10,21,9,11
서울,송파구,일반,여자,65세미만,103,9,11,15,10,*,0,20,9,5
서울,송파구,일반,여자,65-69세,243,15,11,49,49,6,5,20,9,7
서울,송파구,일반,여자,70-74세,402,10,18,58,111,31,9,29,17,9
서울,송파구,일반,여자,75-79세,829,40,47,128,264,69,18,54,18,7
서울,송파구,일반,여자,80-84세,1317,47,80,252,490,135,25,62,20,9
서울,송파구,일반,여자,85세이상,1976,122,206,533,756,121,17,48,9,7
서울,송파구,기초,남자,65세미만,70,6,8,12,23,*,0,*,6,5
서울,송파구,기초,남자,65-69세,99,5,6,12,34,*,*,9,7,*
서울,송파구,기초,남자,70-74세,89,*,6,13,36,5,*,5,*,5
서울,송파구,기초,남자,75-79세,62,*,6,10,23,7,0,*,*,5
서울,송파구,기초,남자,80-84세,61,*,*,14,21,5,0,*,*,*
서울,송파구,기초,남자,85세이상,53,*,*,11,26,*,*,*,0,*
서울,송파구,기초,여자,65세미만,40,*,*,*,9,0,*,6,5,*
서울,송파구,기초,여자,65-69세,89,6,*,18,32,*,0,*,*,7
서울,송파구,기초,여자,70-74세,97,*,9,12,31,8,*,6,6,0
서울,송파구,기초,여자,75-79세,143,*,6,28,55,11,*,10,5,*
서울,송파구,기초,여자,80-84세,201,7,8,49,86,20,5,9,*,0
서울,송파구,기초,여자,85세이상,256,13,27,72,112,14,*,*,*,0
서울,송파구,의료,남자,65-69세,0,0,0,0,0,0,0,0,0,0
서울,송파구,의료,남자,70-74세,*,0,0,0,*,0,0,0,*,0
서울,송파구,의료,남자,75-79세,*,0,0,0,*,0,0,*,*,0
서울,송파구,의료,남자,80-84세,*,0,0,0,*,0,0,0,0,0
서울,송파구,의료,남자,85세이상,*,0,0,0,*,0,0,0,0,0
서울,송파구,의료,여자,65세미만,*,0,0,*,0,0,0,*,0,0
서울,송파구,의료,여자,65-69세,*,0,0,0,*,*,0,0,0,0
서울,송파구,의료,여자,70-74세,*,0,0,0,*,0,0,0,0,0
서울,송파구,의료,여자,75-79세,7,0,0,*,*,*,0,0,0,0
서울,송파구,의료,여자,80-84세,7,0,0,0,*,*,0,0,0,0
서울,송파구,의료,여자,85세이상,25,*,5,6,8,*,0,0,0,0
서울,송파구,감경,남자,65세미만,34,*,*,12,14,0,*,0,0,0
서울,송파구,감경,남자,65-69세,70,8,*,23,24,0,*,*,0,0
서울,송파구,감경,남자,70-74세,104,*,10,27,49,7,*,0,*,0
서울,송파구,감경,남자,75-79세,135,*,13,38,58,16,*,0,0,*
서울,송파구,감경,남자,80-84세,133,*,10,43,57,17,*,*,*,0
서울,송파구,감경,남자,85세이상,143,*,12,39,73,12,0,0,*,0
서울,송파구,감경,여자,65세미만,27,*,*,10,6,*,*,*,0,0
서울,송파구,감경,여자,65-69세,63,*,10,14,22,*,*,*,0,*
서울,송파구,감경,여자,70-74세,120,9,*,22,58,14,6,*,0,0
서울,송파구,감경,여자,75-79세,213,9,13,57,97,17,6,*,*,0
서울,송파구,감경,여자,80-84세,408,19,32,117,201,22,7,*,0,0
서울,송파구,감경,여자,85세이상,744,34,104,245,297,40,7,0,0,0
서울,강동구,일반,남자,65세미만,107,14,*,18,9,*,*,14,7,8
서울,강동구,일반,남자,65-69세,190,19,13,41,45,7,0,18,8,*
서울,강동구,일반,남자,70-74세,321,18,18,55,97,19,*,17,9,*
서울,강동구,일반,남자,75-79세,540,37,37,113,161,43,8,30,*,5
서울,강동구,일반,남자,80-84세,581,36,48,110,192,48,9,32,6,5
서울,강동구,일반,남자,85세이상,606,24,64,137,206,47,7,33,5,*
서울,강동구,일반,여자,65세미만,102,7,*,18,18,6,*,19,6,7
서울,강동구,일반,여자,65-69세,234,14,12,31,60,10,*,28,5,*
서울,강동구,일반,여자,70-74세,366,22,27,62,84,19,13,28,8,*
서울,강동구,일반,여자,75-79세,767,26,49,119,224,73,18,60,25,8
서울,강동구,일반,여자,80-84세,1079,53,65,213,345,111,22,67,19,5
서울,강동구,일반,여자,85세이상,1460,81,173,393,525,92,16,35,14,*
서울,강동구,기초,남자,65세미만,78,6,7,16,21,*,*,7,*,7
서울,강동구,기초,남자,65-69세,105,*,*,16,28,10,*,11,11,*
서울,강동구,기초,남자,70-74세,89,*,5,15,39,*,*,*,8,*
서울,강동구,기초,남자,75-79세,79,*,5,15,35,*,*,6,*,*
서울,강동구,기초,남자,80-84세,73,5,*,15,26,5,*,*,*,*
서울,강동구,기초,남자,85세이상,48,0,*,9,21,6,0,*,0,*
서울,강동구,기초,여자,65세미만,41,*,*,*,5,*,0,9,5,*
서울,강동구,기초,여자,65-69세,89,*,6,14,28,*,*,9,*,*
서울,강동구,기초,여자,70-74세,85,*,*,11,37,*,0,5,6,*
서울,강동구,기초,여자,75-79세,135,5,*,24,54,6,*,13,*,*
서울,강동구,기초,여자,80-84세,191,*,13,46,79,14,*,*,*,*
서울,강동구,기초,여자,85세이상,271,11,38,76,105,14,5,6,*,0
서울,강동구,의료,남자,65세미만,*,0,0,0,0,*,0,0,0,0
서울,강동구,의료,남자,65-69세,0,0,0,0,0,0,0,0,0,0
서울,강동구,의료,남자,70-74세,*,0,0,*,*,0,0,0,0,0
서울,강동구,의료,남자,75-79세,8,*,*,*,*,0,0,0,*,0
서울,강동구,의료,남자,80-84세,5,*,0,*,*,0,0,0,0,0
서울,강동구,의료,남자,85세이상,10,*,*,*,*,0,0,0,0,0
서울,강동구,의료,여자,70-74세,*,0,*,0,*,0,0,0,0,0
서울,강동구,의료,여자,75-79세,8,*,*,0,*,0,0,*,0,0
서울,강동구,의료,여자,80-84세,11,*,*,0,*,*,0,*,0,0
서울,강동구,의료,여자,85세이상,38,*,*,11,14,*,0,0,0,*
서울,강동구,감경,남자,65세미만,50,*,5,19,10,*,5,*,*,0
서울,강동구,감경,남자,65-69세,77,*,*,27,28,5,0,*,0,0
서울,강동구,감경,남자,70-74세,120,8,9,35,52,9,0,*,0,0
서울,강동구,감경,남자,75-79세,166,14,15,54,64,10,*,*,0,*
서울,강동구,감경,남자,80-84세,192,12,15,45,83,24,5,0,0,0
서울,강동구,감경,남자,85세이상,189,14,16,45,85,18,*,0,*,0
서울,강동구,감경,여자,65세미만,41,6,*,11,10,*,*,*,*,*
서울,강동구,감경,여자,65-69세,84,6,*,30,27,6,*,0,*,0
서울,강동구,감경,여자,70-74세,113,8,9,18,48,18,5,*,0,*
서울,강동구,감경,여자,75-79세,230,23,15,48,94,21,9,*,5,*
서울,강동구,감경,여자,80-84세,439,22,32,107,213,42,7,*,*,0
서울,강동구,감경,여자,85세이상,753,44,99,216,324,48,*,*,0,*
부산,중구,일반,남자,65세미만,10,*,0,0,0,0,0,*,*,0
부산,중구,일반,남자,65-69세,17,0,*,*,*,*,0,*,*,*
부산,중구,일반,남자,70-74세,32,0,*,*,10,*,*,*,0,*
부산,중구,일반,남자,75-79세,39,*,0,*,8,*,*,6,*,*
부산,중구,일반,남자,80-84세,61,*,*,7,20,7,0,7,*,*
부산,중구,일반,남자,85세이상,48,*,*,11,15,*,0,7,*,0
부산,중구,일반,여자,65세미만,6,0,0,0,*,0,0,*,*,0
부산,중구,일반,여자,65-69세,21,0,0,*,*,0,0,7,5,0
부산,중구,일반,여자,70-74세,69,0,*,6,15,5,*,5,*,*
부산,중구,일반,여자,75-79세,82,0,*,12,21,7,0,7,7,*
부산,중구,일반,여자,80-84세,134,*,6,19,32,13,*,20,8,0
부산,중구,일반,여자,85세이상,146,*,13,35,58,7,0,7,*,*
부산,중구,기초,남자,65세미만,24,*,*,5,5,*,*,*,*,*
부산,중구,기초,남자,65-69세,40,0,*,5,11,5,0,*,*,*
부산,중구,기초,남자,70-74세,29,*,*,*,6,*,*,*,*,*
부산,중구,기초,남자,75-79세,28,0,*,*,8,*,*,*,0,0
부산,중구,기초,남자,80-84세,23,*,*,*,8,*,0,0,*,*
부산,중구,기초,남자,85세이상,17,*,0,*,10,*,*,0,0,0
부산,중구,기초,여자,65세미만,12,0,*,*,*,*,0,*,*,0
부산,중구,기초,여자,65-69세,22,0,0,*,*,*,*,*,*,*
부산,중구,기초,여자,70-74세,45,*,0,7,11,*,*,*,6,0
부산,중구,기초,여자,75-79세,60,*,*,8,20,7,*,6,*,*
부산,중구,기초,여자,80-84세,73,*,6,10,27,*,*,*,5,0
부산,중구,기초,여자,85세이상,98,6,11,22,39,*,*,*,*,0
부산,중구,의료,남자,75-79세,*,0,0,0,0,0,0,0,0,0
부산,중구,의료,여자,65세미만,0,0,0,0,0,0,0,0,0,0
부산,중구,의료,여자,65-69세,0,0,0,0,0,0,0,0,0,0
부산,중구,의료,여자,70-74세,*,0,0,0,*,0,0,0,0,0
부산,중구,의료,여자,75-79세,*,0,0,*,0,0,0,0,0,0
부산,중구,의료,여자,80-84세,*,0,0,0,0,0,0,*,0,0
부산,중구,의료,여자,85세이상,5,0,*,*,0,0,0,*,0,0
부산,중구,감경,남자,65세미만,5,0,*,*,*,0,0,0,0,0
부산,중구,감경,남자,65-69세,18,*,0,6,6,*,0,0,0,0
부산,중구,감경,남자,70-74세,31,*,*,7,13,5,0,*,0,0
부산,중구,감경,남자,75-79세,44,5,*,9,15,9,*,0,0,0
부산,중구,감경,남자,80-84세,43,*,*,7,24,*,*,0,*,0
부산,중구,감경,남자,85세이상,55,*,*,9,25,9,*,*,0,0
부산,중구,감경,여자,65세미만,7,*,*,*,*,*,0,0,0,0
부산,중구,감경,여자,65-69세,18,0,*,*,5,*,0,0,0,0
부산,중구,감경,여자,70-74세,55,*,5,5,29,*,*,*,*,0
부산,중구,감경,여자,75-79세,76,*,*,13,36,10,*,*,*,0
부산,중구,감경,여자,80-84세,126,*,9,21,69,12,*,*,0,*
부산,중구,감경,여자,85세이상,171,5,16,53,79,8,*,0,0,0
부산,서구,일반,남자,65세미만,15,0,*,*,*,0,0,*,*,*
부산,서구,일반,남자,65-69세,64,*,*,7,13,*,0,10,7,*
부산,서구,일반,남자,70-74세,91,*,*,12,16,10,0,16,*,*
부산,서구,일반,남자,75-79세,140,*,*,22,38,5,*,17,6,*
부산,서구,일반,남자,80-84세,146,*,9,14,44,18,*,19,10,*
부산,서구,일반,남자,85세이상,169,*,11,27,64,21,*,13,6,*
부산,서구,일반,여자,65세미만,13,0,0,*,0,0,0,7,*,0
부산,서구,일반,여자,65-69세,76,5,6,*,14,0,*,13,5,*
부산,서구,일반,여자,70-74세,144,6,5,16,25,7,*,26,13,*
부산,서구,일반,여자,75-79세,266,9,14,40,63,13,7,41,21,6
부산,서구,일반,여자,80-84세,345,10,11,41,121,27,5,46,16,*
부산,서구,일반,여자,85세이상,406,17,25,83,160,17,6,35,11,*
부산,서구,기초,남자,65세미만,39,*,*,*,9,*,0,9,*,*
부산,서구,기초,남자,65-69세,80,*,*,6,34,8,*,7,7,*
부산,서구,기초,남자,70-74세,65,0,*,9,20,5,*,9,*,*
부산,서구,기초,남자,75-79세,53,5,*,7,19,*,0,6,*,*
부산,서구,기초,남자,80-84세,40,0,*,7,16,*,*,0,*,0
부산,서구,기초,남자,85세이상,37,*,*,7,18,*,*,0,*,0
부산,서구,기초,여자,65세미만,19,*,*,*,*,*,0,*,0,0
부산,서구,기초,여자,65-69세,66,0,*,7,14,*,*,15,7,*
부산,서구,기초,여자,70-74세,110,*,6,10,27,13,0,22,9,*
부산,서구,기초,여자,75-79세,110,*,*,18,45,*,0,16,5,*
부산,서구,기초,여자,80-84세,165,*,*,31,62,21,*,7,*,5
부산,서구,기초,여자,85세이상,194,5,10,24,104,17,*,7,5,0
부산,서구,의료,남자,65세미만,*,*,0,0,0,0,0,0,0,0
부산,서구,의료,남자,65-69세,*,0,0,0,0,0,0,*,0,0
부산,서구,의료,남자,75-79세,*,0,0,0,*,0,0,0,0,0
부산,서구,의료,남자,85세이상,*,0,*,*,0,0,0,0,0,0
부산,서구,의료,여자,65세미만,0,0,0,0,0,0,0,0,0,0
부산,서구,의료,여자,65-69세,*,0,0,0,0,0,0,*,0,0
부산,서구,의료,여자,70-74세,0,0,0,0,0,0,0,0,0,0
부산,서구,의료,여자,75-79세,*,0,0,0,*,0,0,0,0,0
부산,서구,의료,여자,80-84세,*,0,*,*,0,0,0,0,0,0
부산,서구,의료,여자,85세이상,12,*,*,*,*,0,0,*,0,0
부산,서구,감경,남자,65세미만,11,0,*,*,*,*,0,*,0,0
부산,서구,감경,남자,65-69세,33,*,*,9,11,*,*,*,*,*
부산,서구,감경,남자,70-74세,77,*,*,22,39,6,0,*,0,0
부산,서구,감경,남자,75-79세,107,*,9,18,54,13,*,*,0,0
부산,서구,감경,남자,80-84세,114,*,9,27,46,14,*,*,*,*
부산,서구,감경,남자,85세이상,117,*,8,34,51,12,*,0,*,0
부산,서구,감경,여자,65세미만,14,*,*,*,*,0,0,0,0,0
부산,서구,감경,여자,65-69세,42,*,*,9,17,*,*,*,0,*
부산,서구,감경,여자,70-74세,108,*,10,21,47,9,*,6,0,0
부산,서구,감경,여자,75-79세,193,8,7,47,86,18,*,*,*,*
부산,서구,감경,여자,80-84세,321,6,14,70,173,31,6,*,*,0
부산,서구,감경,여자,85세이상,461,22,42,140,217,22,*,*,0,*
부산,동구,일반,남자,65세미만,17,*,*,0,*,0,0,5,*,0
부산,동구,일반,남자,65-69세,58,*,*,6,8,*,0,10,5,0
부산,동구,일반,남자,70-74세,84,*,5,15,18,*,*,8,7,*
부산,동구,일반,남자,75-79세,118,5,*,13,36,5,*,21,8,0
부산,동구,일반,남자,80-84세,129,*,*,19,46,9,*,9,7,*
부산,동구,일반,남자,85세이상,124,*,8,22,42,9,0,14,*,*
부산,동구,일반,여자,65세미만,17,*,0,*,*,*,0,5,*,*
부산,동구,일반,여자,65-69세,66,*,*,9,*,*,0,16,8,*
부산,동구,일반,여자,70-74세,107,*,*,12,20,6,0,14,10,0
부산,동구,일반,여자,75-79세,233,5,9,32,53,21,9,27,16,*
부산,동구,일반,여자,80-84세,331,6,17,62,112,21,7,29,14,*
부산,동구,일반,여자,85세이상,304,10,37,66,107,14,*,28,6,0
부산,동구,기초,남자,65세미만,55,*,5,8,8,*,*,9,*,*
부산,동구,기초,남자,65-69세,96,*,*,16,27,5,*,12,11,*
부산,동구,기초,남자,70-74세,86,*,*,10,27,8,*,*,9,0
부산,동구,기초,남자,75-79세,70,*,*,10,30,6,*,*,5,0
부산,동구,기초,남자,80-84세,56,*,*,8,21,*,*,*,*,0
부산,동구,기초,남자,85세이상,41,0,0,10,15,*,0,*,*,0
부산,동구,기초,여자,65세미만,25,*,*,*,*,*,*,*,*,*
부산,동구,기초,여자,65-69세,58,*,*,7,8,*,*,6,9,*
부산,동구,기초,여자,70-74세,109,*,6,11,31,11,5,13,10,*
부산,동구,기초,여자,75-79세,139,*,*,24,53,8,*,15,7,0
부산,동구,기초,여자,80-84세,167,*,14,30,70,16,*,7,6,0
부산,동구,기초,여자,85세이상,197,6,15,55,82,8,*,5,6,*
부산,동구,의료,남자,65-69세,0,0,0,0,0,0,0,0,0,0
부산,동구,의료,남자,70-74세,*,0,0,*,*,0,0,0,0,0
부산,동구,의료,남자,75-79세,0,0,0,0,0,0,0,0,0,0
부산,동구,의료,남자,80-84세,*,0,0,0,*,*,0,0,0,0
부산,동구,의료,남자,85세이상,*,0,0,*,*,0,*,0,0,0
부산,동구,의료,여자,65세미만,0,0,0,0,0,0,0,0,0,0
부산,동구,의료,여자,65-69세,*,0,0,0,0,0,0,*,0,0
부산,동구,의료,여자,70-74세,0,0,0,0,0,0,0,0,0,0
부산,동구,의료,여자,75-79세,*,0,0,*,*,0,0,0,0,*
부산,동구,의료,여자,80-84세,*,0,0,0,*,0,0,0,0,0
부산,동구,의료,여자,85세이상,12,*,*,*,7,0,0,*,0,0
부산,동구,감경,남자,65세미만,23,*,*,5,8,*,0,0,0,0
부산,동구,감경,남자,65-69세,30,0,*,*,17,*,0,*,0,*
부산,동구,감경,남자,70-74세,65,5,*,17,26,*,*,*,0,0
부산,동구,감경,남자,75-79세,73,*,8,20,29,7,*,0,0,0
부산,동구,감경,남자,80-84세,87,*,11,26,33,6,*,*,*,0
부산,동구,감경,남자,85세이상,96,*,7,23,49,7,*,*,0,0
부산,동구,감경,여자,65세미만,15,0,*,5,*,*,0,*,0,0
부산,동구,감경,여자,65-69세,30,0,*,5,12,*,*,*,0,0
부산,동구,감경,여자,70-74세,79,*,5,20,31,5,*,*,*,0
부산,동구,감경,여자,75-79세,151,6,9,39,60,15,7,*,0,0
부산,동구,감경,여자,80-84세,279,9,19,73,126,30,7,*,*,0
부산,동구,감경,여자,85세이상,434,13,56,128,195,25,*,*,0,0
부산,영도구,일반,남자,65세미만,25,*,*,*,*,0,*,*,*,*
부산,영도구,일반,남자,65-69세,67,*,0,8,9,0,*,14,6,*
부산,영도구,일반,남자,70-74세,114,*,*,16,37,*,*,11,10,*
부산,영도구,일반,남자,75-79세,139,*,*,23,31,7,7,15,14,*
부산,영도구,일반,남자,80-84세,151,*,6,19,41,10,*,22,17,*
부산,영도구,일반,남자,85세이상,154,*,7,23,52,14,*,14,8,*
부산,영도구,일반,여자,65세미만,23,*,0,0,0,0,0,10,*,*
부산,영도구,일반,여자,65-69세,81,*,*,5,13,*,0,15,8,*
부산,영도구,일반,여자,70-74세,155,*,5,19,22,5,*,30,10,*
부산,영도구,일반,여자,75-79세,288,7,8,20,69,16,11,48,23,*
부산,영도구,일반,여자,80-84세,366,*,19,62,112,27,10,44,23,*
부산,영도구,일반,여자,85세이상,376,8,31,81,138,17,*,22,8,*
부산,영도구,기초,남자,65세미만,76,*,*,5,25,5,*,16,6,7
부산,영도구,기초,남자,65-69세,151,0,5,16,39,5,*,21,20,7
부산,영도구,기초,남자,70-74세,113,0,*,16,32,7,*,17,9,5
부산,영도구,기초,남자,75-79세,97,*,*,7,33,6,*,12,13,0
부산,영도구,기초,남자,80-84세,61,0,*,10,26,*,*,*,*,*
부산,영도구,기초,남자,85세이상,54,0,*,11,21,*,0,*,*,*
부산,영도구,기초,여자,65세미만,46,*,*,7,7,*,*,10,*,6
부산,영도구,기초,여자,65-69세,127,5,*,13,36,9,0,23,16,*
부산,영도구,기초,여자,70-74세,135,*,7,10,46,7,*,19,15,*
부산,영도구,기초,여자,75-79세,189,5,8,25,62,15,*,17,13,*
부산,영도구,기초,여자,80-84세,271,5,8,45,100,29,6,18,10,*
부산,영도구,기초,여자,85세이상,221,8,20,50,105,6,*,7,6,0
부산,영도구,의료,남자,65세미만,*,0,0,0,0,0,0,0,*,0
부산,영도구,의료,남자,65-69세,*,0,0,0,*,0,0,0,*,0
부산,영도구,의료,남자,70-74세,*,0,0,0,*,0,*,0,0,0
부산,영도구,의료,남자,75-79세,8,0,0,*,5,0,0,*,*,0
부산,영도구,의료,남자,80-84세,*,0,0,*,*,0,0,0,0,0
부산,영도구,의료,남자,85세이상,5,0,*,*,*,*,0,0,0,0
부산,영도구,의료,여자,65-69세,0,0,0,0,0,0,0,0,0,0
부산,영도구,의료,여자,70-74세,6,0,*,*,*,0,0,*,0,0
부산,영도구,의료,여자,75-79세,5,0,0,0,*,0,0,*,0,0
부산,영도구,의료,여자,80-84세,6,0,0,*,*,0,0,*,0,0
부산,영도구,의료,여자,85세이상,20,*,*,8,8,0,0,0,0,0
부산,영도구,감경,남자,65세미만,22,*,*,6,6,*,0,0,0,0
부산,영도구,감경,남자,65-69세,49,0,*,14,17,5,*,*,*,0
부산,영도구,감경,남자,70-74세,70,*,*,18,31,*,*,*,0,0
부산,영도구,감경,남자,75-79세,94,0,5,27,41,12,*,0,*,0
부산,영도구,감경,남자,80-84세,123,*,7,22,57,14,10,*,0,0
부산,영도구,감경,남자,85세이상,118,*,7,32,59,12,*,0,0,0
부산,영도구,감경,여자,65세미만,16,0,*,*,10,0,0,*,0,0
부산,영도구,감경,여자,65-69세,60,*,6,13,17,*,*,*,*,0
부산,영도구,감경,여자,70-74세,119,*,7,17,47,9,9,7,*,0
부산,영도구,감경,여자,75-79세,204,*,8,33,111,21,5,5,*,0
부산,영도구,감경,여자,80-84세,368,10,25,89,162,33,9,8,6,0
부산,영도구,감경,여자,85세이상,476,21,38,151,217,24,6,*,*,0
부산,부산진구,일반,남자,65세미만,67,*,*,10,9,*,0,17,*,*
부산,부산진구,일반,남자,65-69세,198,5,11,31,55,*,*,26,12,*
부산,부산진구,일반,남자,70-74세,304,10,10,52,85,15,5,21,11,10
부산,부산진구,일반,남자,75-79세,380,6,13,83,115,30,5,21,20,6
부산,부산진구,일반,남자,80-84세,472,5,18,100,166,36,7,28,19,12
부산,부산진구,일반,남자,85세이상,443,10,25,87,201,16,*,23,7,6
부산,부산진구,일반,여자,65세미만,62,5,*,8,7,*,0,18,*,6
부산,부산진구,일반,여자,65-69세,213,9,12,30,36,5,0,28,22,6
부산,부산진구,일반,여자,70-74세,395,9,16,47,101,22,8,39,22,12
부산,부산진구,일반,여자,75-79세,795,21,32,87,260,62,12,62,42,15
부산,부산진구,일반,여자,80-84세,1127,37,36,194,401,72,19,96,41,13
부산,부산진구,일반,여자,85세이상,1124,39,82,268,459,62,9,36,20,*
부산,부산진구,기초,남자,65세미만,117,6,*,18,28,12,*,24,8,*
부산,부산진구,기초,남자,65-69세,207,5,5,20,63,18,*,21,16,16
부산,부산진구,기초,남자,70-74세,155,*,*,21,67,14,5,5,5,5
부산,부산진구,기초,남자,75-79세,116,0,7,19,42,13,*,9,6,*
부산,부산진구,기초,남자,80-84세,95,*,*,12,38,14,0,5,7,5
부산,부산진구,기초,남자,85세이상,78,*,*,14,36,8,*,*,*,0
부산,부산진구,기초,여자,65세미만,50,*,*,10,10,*,*,6,*,*
부산,부산진구,기초,여자,65-69세,160,*,9,15,52,9,*,21,10,8
부산,부산진구,기초,여자,70-74세,158,6,10,20,58,9,*,7,10,5
부산,부산진구,기초,여자,75-79세,291,*,12,34,134,22,5,23,10,*
부산,부산진구,기초,여자,80-84세,382,8,19,72,172,34,7,12,7,*
부산,부산진구,기초,여자,85세이상,396,17,33,117,167,17,*,*,*,0
부산,부산진구,의료,남자,65세미만,0,0,0,0,0,0,0,0,0,0
부산,부산진구,의료,남자,65-69세,*,0,0,*,0,*,0,*,0,0
부산,부산진구,의료,남자,70-74세,*,0,0,0,*,0,0,0,0,0
부산,부산진구,의료,남자,75-79세,12,0,0,*,5,*,0,0,0,*
부산,부산진구,의료,남자,80-84세,7,0,0,*,*,*,0,0,0,0
부산,부산진구,의료,남자,85세이상,5,0,0,*,*,*,0,0,0,0
부산,부산진구,의료,여자,65-69세,*,0,0,0,0,0,0,*,0,0
부산,부산진구,의료,여자,70-74세,6,0,*,*,*,0,0,*,0,0
부산,부산진구,의료,여자,75-79세,7,*,0,*,*,0,0,*,0,*
부산,부산진구,의료,여자,80-84세,14,0,*,*,*,*,0,0,0,0
부산,부산진구,의료,여자,85세이상,33,0,*,15,9,*,0,0,0,0
부산,부산진구,감경,남자,65세미만,51,6,*,11,14,5,*,*,0,0
부산,부산진구,감경,남자,65-69세,137,8,8,40,56,8,*,*,*,0
부산,부산진구,감경,남자,70-74세,198,10,11,58,86,17,*,0,*,*
부산,부산진구,감경,남자,75-79세,235,6,10,65,117,26,*,*,*,0
부산,부산진구,감경,남자,80-84세,286,7,19,79,127,35,6,*,*,*
부산,부산진구,감경,남자,85세이상,317,9,18,96,148,31,7,*,*,0
부산,부산진구,감경,여자,65세미만,48,6,*,15,12,*,0,*,0,*
부산,부산진구,감경,여자,65-69세,122,13,10,29,38,10,5,*,0,0
부산,부산진구,감경,여자,70-74세,246,10,14,53,120,19,5,*,6,0
부산,부산진구,감경,여자,75-79세,475,17,34,91,226,47,8,5,*,*
부산,부산진구,감경,여자,80-84세,854,24,62,213,406,83,20,*,*,0
부산,부산진구,감경,여자,85세이상,1151,45,129,338,515,69,13,*,0,0
부산,동래구,일반,남자,65세미만,65,9,*,9,8,*,0,13,*,*
부산,동래구,일반,남자,65-69세,158,8,7,15,39,*,*,21,*,*
부산,동래구,일반,남자,70-74세,248,13,8,44,75,14,*,26,8,5
부산,동래구,일반,남자,75-79세,324,6,12,68,107,24,7,23,14,*
부산,동래구,일반,남자,80-84세,409,*,15,86,154,26,6,28,8,*
부산,동래구,일반,남자,85세이상,382,12,17,81,147,35,*,18,8,6
부산,동래구,일반,여자,65세미만,57,5,*,7,10,*,*,10,5,*
부산,동래구,일반,여자,65-69세,193,6,9,12,51,*,*,29,14,*
부산,동래구,일반,여자,70-74세,341,8,14,36,110,23,6,37,19,*
부산,동래구,일반,여자,75-79세,592,15,31,81,184,43,16,48,28,6
부산,동래구,일반,여자,80-84세,882,22,46,148,356,96,14,45,13,5
부산,동래구,일반,여자,85세이상,940,35,92,222,353,58,5,25,9,*
부산,동래구,기초,남자,65세미만,69,*,5,14,20,*,*,7,*,*
부산,동래구,기초,남자,65-69세,104,*,8,13,34,5,*,11,6,5
부산,동래구,기초,남자,70-74세,95,*,*,13,35,5,*,9,7,*
부산,동래구,기초,남자,75-79세,71,*,5,7,28,5,*,6,5,*
부산,동래구,기초,남자,80-84세,66,0,6,20,26,*,0,*,*,*
부산,동래구,기초,남자,85세이상,51,*,*,10,22,*,0,*,*,0
부산,동래구,기초,여자,65세미만,47,*,*,10,14,*,*,5,0,*
부산,동래구,기초,여자,65-69세,102,*,*,20,28,8,*,14,8,*
부산,동래구,기초,여자,70-74세,127,*,13,22,31,10,*,12,5,*
부산,동래구,기초,여자,75-79세,145,*,8,25,63,8,*,8,7,*
부산,동래구,기초,여자,80-84세,251,8,18,45,115,20,5,11,*,0
부산,동래구,기초,여자,85세이상,247,13,31,62,99,10,0,8,*,0
부산,동래구,의료,남자,65세미만,*,0,0,0,0,0,0,0,0,*
부산,동래구,의료,남자,65-69세,0,0,0,0,0,0,0,0,0,0
부산,동래구,의료,남자,70-74세,*,0,0,0,*,0,0,0,0,0
부산,동래구,의료,남자,75-79세,*,0,*,0,0,0,0,0,0,0
부산,동래구,의료,남자,80-84세,*,0,0,0,0,*,0,0,0,0
부산,동래구,의료,남자,85세이상,*,0,0,*,0,0,0,0,*,0
부산,동래구,의료,여자,65세미만,0,0,0,0,0,0,0,0,0,0
부산,동래구,의료,여자,65-69세,*,0,0,0,0,*,0,0,0,0
부산,동래구,의료,여자,70-74세,*,0,0,*,*,0,0,0,0,0
부산,동래구,의료,여자,75-79세,*,*,0,0,0,*,0,0,0,0
부산,동래구,의료,여자,80-84세,6,*,0,*,*,0,0,0,0,0
부산,동래구,의료,여자,85세이상,23,*,5,*,10,0,0,0,0,0
부산,동래구,감경,남자,65세미만,41,7,*,10,13,*,0,*,*,0
부산,동래구,감경,남자,65-69세,88,5,7,27,34,*,0,*,0,0
부산,동래구,감경,남자,70-74세,122,*,10,30,59,9,*,*,*,0
부산,동래구,감경,남자,75-79세,159,6,12,40,73,17,*,*,*,*
부산,동래구,감경,남자,80-84세,214,5,13,42,115,25,*,*,0,0
부산,동래구,감경,남자,85세이상,186,*,10,49,98,22,0,0,0,0
부산,동래구,감경,여자,65세미만,25,*,*,9,7,*,*,0,0,0
부산,동래구,감경,여자,65-69세,79,7,*,16,38,7,0,0,0,0
부산,동래구,감경,여자,70-74세,179,11,14,29,74,21,7,*,*,0
부산,동래구,감경,여자,75-79세,310,11,29,75,125,35,5,*,0,0
부산,동래구,감경,여자,80-84세,568,25,56,136,249,63,*,*,*,0
부산,동래구,감경,여자,85세이상,845,39,107,261,375,37,*,*,*,0
부산,남구,일반,남자,65세미만,55,*,*,6,9,*,0,13,*,*
부산,남구,일반,남자,65-69세,131,*,*,20,31,*,0,24,9,*
부산,남구,일반,남자,70-74세,222,*,6,41,77,9,*,23,8,*
부산,남구,일반,남자,75-79세,302,8,12,63,93,16,*,27,17,*
부산,남구,일반,남자,80-84세,401,*,18,77,139,41,8,33,13,9
부산,남구,일반,남자,85세이상,369,6,30,86,127,25,*,23,11,6
부산,남구,일반,여자,65세미만,48,*,*,*,5,*,0,13,6,0
부산,남구,일반,여자,65-69세,205,6,7,20,48,6,*,25,18,8
부산,남구,일반,여자,70-74세,327,5,12,39,78,16,6,50,19,6
부산,남구,일반,여자,75-79세,563,11,27,78,184,34,10,70,32,10
부산,남구,일반,여자,80-84세,831,6,31,157,312,64,14,67,23,*
부산,남구,일반,여자,85세이상,846,40,63,200,319,40,5,36,19,8
부산,남구,기초,남자,65세미만,69,*,*,8,28,6,0,8,7,*
부산,남구,기초,남자,65-69세,102,*,*,15,34,8,0,7,6,9
부산,남구,기초,남자,70-74세,69,*,*,6,22,5,*,6,*,*
부산,남구,기초,남자,75-79세,46,0,*,11,14,*,0,*,*,*
부산,남구,기초,남자,80-84세,57,*,*,7,27,6,*,*,5,*
부산,남구,기초,남자,85세이상,45,*,*,7,20,6,*,*,*,*
부산,남구,기초,여자,65세미만,29,*,*,*,5,0,0,*,*,*
부산,남구,기초,여자,65-69세,79,*,*,13,22,*,*,7,*,*
부산,남구,기초,여자,70-74세,117,*,*,17,39,7,0,15,6,*
부산,남구,기초,여자,75-79세,157,*,6,27,71,10,*,11,*,*
부산,남구,기초,여자,80-84세,207,0,14,38,88,15,*,13,*,*
부산,남구,기초,여자,85세이상,281,8,25,72,124,19,*,7,5,*
부산,남구,의료,남자,65-69세,*,0,0,*,0,0,0,0,0,0
부산,남구,의료,남자,70-74세,*,0,0,*,0,0,0,0,0,0
부산,남구,의료,남자,75-79세,*,0,0,*,*,0,0,0,0,0
부산,남구,의료,남자,80-84세,*,0,0,0,*,0,0,0,0,0
부산,남구,의료,남자,85세이상,*,0,*,*,*,0,0,0,0,0
부산,남구,의료,여자,65세미만,0,0,0,0,0,0,0,0,0,0
부산,남구,의료,여자,65-69세,*,0,0,0,*,0,0,0,0,0
부산,남구,의료,여자,70-74세,*,0,0,0,*,0,0,0,0,0
부산,남구,의료,여자,75-79세,*,0,0,0,*,0,0,*,0,0
부산,남구,의료,여자,80-84세,8,0,*,*,*,0,0,*,0,0
부산,남구,의료,여자,85세이상,28,*,*,9,11,*,0,0,*,0
부산,남구,감경,남자,65세미만,44,*,*,9,21,*,*,0,*,0
부산,남구,감경,남자,65-69세,91,*,*,25,33,8,*,5,*,0
부산,남구,감경,남자,70-74세,157,*,14,44,71,12,*,*,0,0
부산,남구,감경,남자,75-79세,208,6,14,63,92,18,*,*,*,*
부산,남구,감경,남자,80-84세,218,7,15,45,114,23,*,*,*,0
부산,남구,감경,남자,85세이상,203,7,16,52,97,21,5,0,0,0
부산,남구,감경,여자,65세미만,25,*,*,*,13,*,0,0,*,0
부산,남구,감경,여자,65-69세,92,*,*,24,37,7,*,*,*,*
부산,남구,감경,여자,70-74세,170,*,13,43,71,13,*,5,*,0
부산,남구,감경,여자,75-79세,331,9,13,78,171,27,7,5,*,0
부산,남구,감경,여자,80-84세,562,12,36,146,285,42,10,*,*,0
부산,남구,감경,여자,85세이상,768,35,76,226,362,45,6,*,*,*
부산,북구,일반,남자,65세미만,49,*,0,*,11,*,*,15,6,*
부산,북구,일반,남자,65-69세,167,*,*,22,29,8,*,35,13,8
부산,북구,일반,남자,70-74세,186,*,5,25,43,12,*,29,14,10
부산,북구,일반,남자,75-79세,250,5,7,37,70,13,6,32,12,11
부산,북구,일반,남자,80-84세,272,*,8,60,76,26,7,35,13,*
부산,북구,일반,남자,85세이상,283,*,13,57,108,23,*,20,11,5
부산,북구,일반,여자,65세미만,52,*,5,8,8,*,*,9,5,*
부산,북구,일반,여자,65-69세,152,*,*,16,24,*,*,25,17,5
부산,북구,일반,여자,70-74세,293,7,9,32,48,17,5,42,23,10
부산,북구,일반,여자,75-79세,523,9,16,71,145,49,8,51,34,9
부산,북구,일반,여자,80-84세,678,20,38,112,193,50,11,66,27,7
부산,북구,일반,여자,85세이상,707,31,48,158,261,54,8,40,14,*
부산,북구,기초,남자,65세미만,148,*,9,16,38,13,*,29,6,10
부산,북구,기초,남자,65-69세,280,5,10,29,75,16,*,47,30,21
부산,북구,기초,남자,70-74세,188,*,6,19,66,18,*,23,14,10
부산,북구,기초,남자,75-79세,143,*,6,16,59,6,9,9,8,8
부산,북구,기초,남자,80-84세,127,*,7,17,56,16,*,5,9,*
부산,북구,기초,남자,85세이상,93,0,10,17,39,6,*,6,*,0
부산,북구,기초,여자,65세미만,98,5,5,16,22,13,*,12,8,5
부산,북구,기초,여자,65-69세,181,5,5,23,58,15,7,11,12,7
부산,북구,기초,여자,70-74세,221,0,6,32,73,20,7,20,12,10
부산,북구,기초,여자,75-79세,301,5,9,41,100,32,*,28,20,9
부산,북구,기초,여자,80-84세,435,8,18,64,190,51,12,25,12,7
부산,북구,기초,여자,85세이상,482,11,38,99,220,43,5,14,10,6
부산,북구,의료,남자,65-69세,0,0,0,0,0,0,0,0,0,0
부산,북구,의료,남자,70-74세,*,0,0,*,*,0,0,0,0,0
부산,북구,의료,남자,75-79세,*,0,0,*,0,*,0,0,0,0
부산,북구,의료,남자,80-84세,7,0,0,*,*,0,*,*,0,0
부산,북구,의료,남자,85세이상,6,0,0,*,*,0,0,0,*,0
부산,북구,의료,여자,65세미만,*,0,0,0,0,0,0,0,0,*
부산,북구,의료,여자,65-69세,0,0,0,0,0,0,0,0,0,0
부산,북구,의료,여자,70-74세,5,*,0,*,*,0,0,0,0,0
부산,북구,의료,여자,75-79세,13,0,0,*,*,*,0,0,*,0
부산,북구,의료,여자,80-84세,15,0,0,*,7,*,0,*,*,0
부산,북구,의료,여자,85세이상,31,*,*,5,15,*,0,*,*,0
부산,북구,감경,남자,65세미만,39,0,*,13,17,*,0,0,0,*
부산,북구,감경,남자,65-69세,122,10,5,38,47,10,*,*,*,0
부산,북구,감경,남자,70-74세,134,9,8,36,59,19,0,*,0,0
부산,북구,감경,남자,75-79세,156,*,11,44,71,14,6,0,0,0
부산,북구,감경,남자,80-84세,191,0,9,42,95,28,8,*,0,*
부산,북구,감경,남자,85세이상,171,*,14,37,83,22,*,*,*,0
부산,북구,감경,여자,65세미만,48,*,*,9,18,7,*,*,*,0
부산,북구,감경,여자,65-69세,79,5,6,19,31,6,*,0,0,*
부산,북구,감경,여자,70-74세,187,10,10,42,74,18,7,*,*,0
부산,북구,감경,여자,75-79세,307,8,15,69,145,37,6,5,*,0
부산,북구,감경,여자,80-84세,621,22,48,141,285,65,16,6,*,0
부산,북구,감경,여자,85세이상,852,41,87,251,386,53,6,*,*,0
부산,해운대구,일반,남자,65세미만,85,*,*,10,12,0,*,20,7,8
부산,해운대구,일반,남자,65-69세,209,10,13,43,45,5,*,26,9,5
부산,해운대구,일반,남자,70-74세,311,12,15,40,105,9,*,42,16,5
부산,해운대구,일반,남자,75-79세,396,14,18,70,131,24,*,35,12,9
부산,해운대구,일반,남자,80-84세,503,9,33,99,185,35,12,40,23,*
부산,해운대구,일반,남자,85세이상,549,12,28,136,229,30,9,24,19,6
부산,해운대구,일반,여자,65세미만,77,8,7,7,11,0,0,23,5,*
부산,해운대구,일반,여자,65-69세,281,*,10,30,66,10,0,32,15,7
부산,해운대구,일반,여자,70-74세,468,17,21,55,116,27,11,48,17,15
부산,해운대구,일반,여자,75-79세,736,20,36,100,239,40,14,70,39,11
부산,해운대구,일반,여자,80-84세,1182,40,42,203,487,86,24,80,28,11
부산,해운대구,일반,여자,85세이상,1335,56,109,345,537,92,15,41,15,6
부산,해운대구,기초,남자,65세미만,120,*,5,16,34,6,0,20,9,8
부산,해운대구,기초,남자,65-69세,216,5,6,30,79,14,0,18,22,13
부산,해운대구,기초,남자,70-74세,138,*,*,19,60,7,*,8,10,*
부산,해운대구,기초,남자,75-79세,116,*,7,16,43,11,0,10,*,*
부산,해운대구,기초,남자,80-84세,106,*,*,27,44,8,*,7,5,*
부산,해운대구,기초,남자,85세이상,74,0,6,15,35,9,*,*,0,0
부산,해운대구,기초,여자,65세미만,63,*,*,5,22,*,*,9,*,*
부산,해운대구,기초,여자,65-69세,189,*,9,18,64,14,5,18,12,*
부산,해운대구,기초,여자,70-74세,235,*,6,41,94,15,6,12,18,*
부산,해운대구,기초,여자,75-79세,297,6,16,37,129,18,*,24,16,*
부산,해운대구,기초,여자,80-84세,422,9,16,73,203,32,5,30,8,*
부산,해운대구,기초,여자,85세이상,448,19,43,98,212,23,*,10,5,*
부산,해운대구,의료,남자,65세미만,*,0,0,0,*,0,0,0,0,0
부산,해운대구,의료,남자,65-69세,*,0,0,0,0,0,0,0,0,0
부산,해운대구,의료,남자,70-74세,9,*,0,*,*,*,0,0,*,0
부산,해운대구,의료,남자,75-79세,8,0,0,*,*,*,0,0,0,0
부산,해운대구,의료,남자,80-84세,6,0,0,*,*,0,*,0,0,0
부산,해운대구,의료,남자,85세이상,*,0,0,*,0,*,0,*,0,0
부산,해운대구,의료,여자,65세미만,*,0,0,0,0,0,0,*,0,0
부산,해운대구,의료,여자,65-69세,5,0,0,0,0,*,0,*,0,0
부산,해운대구,의료,여자,70-74세,6,0,0,0,*,*,0,0,0,0
부산,해운대구,의료,여자,75-79세,6,0,0,*,*,*,*,0,0,0
부산,해운대구,의료,여자,80-84세,8,*,0,*,*,0,0,*,0,0
부산,해운대구,의료,여자,85세이상,49,*,*,15,20,*,0,0,*,0
부산,해운대구,감경,남자,65세미만,44,*,*,8,22,*,0,*,0,0
부산,해운대구,감경,남자,65-69세,121,*,8,33,52,8,*,*,*,*
부산,해운대구,감경,남자,70-74세,195,*,12,44,112,6,*,*,0,*
부산,해운대구,감경,남자,75-79세,224,9,19,51,100,23,5,*,*,0
부산,해운대구,감경,남자,80-84세,278,12,12,85,128,28,7,*,*,0
부산,해운대구,감경,남자,85세이상,276,11,22,86,118,16,*,*,*,0
부산,해운대구,감경,여자,65세미만,36,*,*,10,13,*,0,*,0,0
부산,해운대구,감경,여자,65-69세,111,*,8,26,52,8,*,*,0,0
부산,해운대구,감경,여자,70-74세,235,13,12,45,100,24,8,6,6,*
부산,해운대구,감경,여자,75-79세,435,22,29,85,214,43,9,*,0,*
부산,해운대구,감경,여자,80-84세,760,18,63,166,395,65,15,*,*,0
부산,해운대구,감경,여자,85세이상,1096,46,122,318,497,67,6,*,0,0
부산,사하구,일반,남자,65세미만,63,5,0,6,8,*,0,18,*,7
부산,사하구,일반,남자,65-69세,137,*,*,23,32,5,*,21,5,5
부산,사하구,일반,남자,70-74세,236,5,5,41,76,10,0,35,13,*
부산,사하구,일반,남자,75-79세,320,7,12,57,109,24,*,30,14,5
부산,사하구,일반,남자,80-84세,336,9,15,57,111,26,5,22,20,5
부산,사하구,일반,남자,85세이상,297,8,14,52,107,28,*,18,10,*
부산,사하구,일반,여자,65세미만,62,*,*,8,7,*,*,14,*,5
부산,사하구,일반,여자,65-69세,187,*,6,10,41,5,*,25,9,8
부산,사하구,일반,여자,70-74세,296,*,6,44,73,15,*,42,18,5
부산,사하구,일반,여자,75-79세,556,14,12,71,163,42,8,55,28,9
부산,사하구,일반,여자,80-84세,810,16,36,124,323,55,9,61,28,*
부산,사하구,일반,여자,85세이상,789,22,62,185,307,48,*,41,9,5
부산,사하구,기초,남자,65세미만,138,5,*,18,29,9,*,21,20,11
부산,사하구,기초,남자,65-69세,269,5,*,40,82,13,5,26,26,19
부산,사하구,기초,남자,70-74세,208,5,*,32,74,21,*,12,18,8
부산,사하구,기초,남자,75-79세,177,5,*,21,81,20,*,13,10,5
부산,사하구,기초,남자,80-84세,130,0,8,15,60,25,*,6,6,*
부산,사하구,기초,남자,85세이상,101,*,8,16,46,13,*,*,5,*
부산,사하구,기초,여자,65세미만,79,*,*,12,17,7,0,20,5,*
부산,사하구,기초,여자,65-69세,189,*,*,23,70,9,*,20,20,7
부산,사하구,기초,여자,70-74세,235,6,8,29,93,14,*,15,17,*
부산,사하구,기초,여자,75-79세,347,8,20,53,139,28,*,26,18,*
부산,사하구,기초,여자,80-84세,436,10,25,92,195,39,5,16,8,*
부산,사하구,기초,여자,85세이상,484,20,40,110,217,33,*,8,6,*
부산,사하구,의료,남자,65세미만,0,0,0,0,0,0,0,0,0,0
부산,사하구,의료,남자,65-69세,*,0,0,0,*,0,0,0,0,0
부산,사하구,의료,남자,70-74세,*,0,0,0,0,0,0,0,0,*
부산,사하구,의료,남자,75-79세,5,0,0,*,*,0,0,0,*,0
부산,사하구,의료,남자,80-84세,7,0,0,*,*,*,0,0,*,0
부산,사하구,의료,남자,85세이상,6,0,0,*,*,*,*,0,0,0
부산,사하구,의료,여자,65-69세,*,0,0,*,*,0,0,0,0,0
부산,사하구,의료,여자,70-74세,*,0,0,0,*,0,0,0,*,0
부산,사하구,의료,여자,75-79세,16,0,0,*,8,0,0,*,*,*
부산,사하구,의료,여자,80-84세,16,0,*,*,*,*,0,0,*,0
부산,사하구,의료,여자,85세이상,28,*,*,12,12,0,0,0,0,0
부산,사하구,감경,남자,65세미만,46,*,*,8,22,*,0,*,*,0
부산,사하구,감경,남자,65-69세,120,*,5,37,57,6,*,*,*,*
부산,사하구,감경,남자,70-74세,187,7,*,34,110,16,*,*,*,*
부산,사하구,감경,남자,75-79세,255,9,12,60,121,27,*,*,*,*
부산,사하구,감경,남자,80-84세,251,9,14,64,131,20,*,*,0,*
부산,사하구,감경,남자,85세이상,239,6,13,58,121,29,*,*,0,0
부산,사하구,감경,여자,65세미만,29,*,*,7,11,*,0,0,*,0
부산,사하구,감경,여자,65-69세,135,5,7,43,53,7,*,*,0,*
부산,사하구,감경,여자,70-74세,228,*,16,52,101,28,*,*,*,*
부산,사하구,감경,여자,75-79세,466,19,23,97,224,46,8,9,*,*
부산,사하구,감경,여자,80-84세,752,22,59,154,383,68,10,5,*,0
부산,사하구,감경,여자,85세이상,1082,40,123,312,464,74,*,*,*,*
부산,금정구,일반,남자,65세미만,45,*,*,*,6,0,0,11,6,*
부산,금정구,일반,남자,65-69세,112,*,*,12,26,11,0,19,8,0
부산,금정구,일반,남자,70-74세,178,*,*,30,63,14,*,18,7,*
부산,금정구,일반,남자,75-79세,237,*,6,47,78,17,*,27,5,0
부산,금정구,일반,남자,80-84세,330,0,8,52,127,40,*,28,13,5
부산,금정구,일반,남자,85세이상,351,7,24,61,135,36,6,17,12,*
부산,금정구,일반,여자,65세미만,41,*,*,7,*,*,0,11,5,0
부산,금정구,일반,여자,65-69세,119,*,6,13,22,6,0,20,*,*
부산,금정구,일반,여자,70-74세,274,5,11,24,72,15,5,23,24,*
부산,금정구,일반,여자,75-79세,501,10,20,63,148,41,*,74,26,*
부산,금정구,일반,여자,80-84세,798,18,24,128,311,73,7,80,21,5
부산,금정구,일반,여자,85세이상,946,28,62,196,410,75,*,30,21,5
부산,금정구,기초,남자,65세미만,73,*,*,9,17,9,*,14,*,*
부산,금정구,기초,남자,65-69세,134,*,*,16,40,11,*,18,10,5
부산,금정구,기초,남자,70-74세,95,*,5,8,34,5,*,10,6,5
부산,금정구,기초,남자,75-79세,61,*,*,6,24,10,0,6,*,*
부산,금정구,기초,남자,80-84세,82,*,*,13,32,11,*,*,*,*
부산,금정구,기초,남자,85세이상,59,*,0,11,34,*,0,*,*,0
부산,금정구,기초,여자,65세미만,31,*,*,5,8,*,0,8,*,*
부산,금정구,기초,여자,65-69세,84,*,*,5,29,5,0,14,6,*
부산,금정구,기초,여자,70-74세,126,5,*,12,33,15,*,15,6,*
부산,금정구,기초,여자,75-79세,174,*,7,19,60,20,*,19,10,0
부산,금정구,기초,여자,80-84세,236,*,8,41,99,28,0,12,5,*
부산,금정구,기초,여자,85세이상,298,13,23,53,149,21,*,5,*,0
부산,금정구,의료,남자,65세미만,0,0,0,0,0,0,0,0,0,0
부산,금정구,의료,남자,65-69세,*,0,0,0,*,*,0,*,*,0
부산,금정구,의료,남자,70-74세,*,0,0,0,0,0,0,*,0,*
부산,금정구,의료,남자,75-79세,*,0,0,0,0,*,0,0,0,0
부산,금정구,의료,남자,80-84세,*,0,0,0,*,0,0,0,0,0
부산,금정구,의료,남자,85세이상,5,0,*,*,0,*,0,0,0,0
부산,금정구,의료,여자,65세미만,0,0,0,0,0,0,0,0,0,0
부산,금정구,의료,여자,65-69세,*,0,0,0,0,*,0,0,0,0
부산,금정구,의료,여자,70-74세,6,0,0,*,*,0,0,0,0,*
부산,금정구,의료,여자,75-79세,7,0,*,*,*,0,0,0,*,0
부산,금정구,의료,여자,80-84세,*,0,0,*,0,0,0,0,0,0
부산,금정구,의료,여자,85세이상,32,*,*,*,17,*,0,*,0,0
부산,금정구,감경,남자,65세미만,28,*,*,10,8,*,0,0,0,0
부산,금정구,감경,남자,65-69세,91,5,7,21,41,9,*,0,*,0
부산,금정구,감경,남자,70-74세,111,*,5,17,61,16,0,*,*,0
부산,금정구,감경,남자,75-79세,151,9,8,23,86,14,*,*,0,0
부산,금정구,감경,남자,80-84세,176,*,*,42,95,22,*,*,0,0
부산,금정구,감경,남자,85세이상,191,*,12,51,93,24,*,0,*,0
부산,금정구,감경,여자,65세미만,29,*,*,9,8,*,*,*,0,0
부산,금정구,감경,여자,65-69세,63,*,*,17,23,*,0,*,*,0
부산,금정구,감경,여자,70-74세,127,6,8,23,57,12,0,*,*,0
부산,금정구,감경,여자,75-79세,271,6,19,52,125,35,*,8,*,0
부산,금정구,감경,여자,80-84세,552,15,30,117,281,65,*,0,0,0
부산,금정구,감경,여자,85세이상,816,27,94,229,361,60,0,0,*,0
부산,강서구,일반,남자,65세미만,7,0,*,0,*,0,*,*,0,0
부산,강서구,일반,남자,65-69세,43,*,0,7,10,*,0,7,*,*
부산,강서구,일반,남자,70-74세,90,*,7,10,29,10,0,10,5,*
부산,강서구,일반,남자,75-79세,90,*,*,20,30,9,*,7,*,0
부산,강서구,일반,남자,80-84세,96,0,8,11,33,6,*,8,8,*
부산,강서구,일반,남자,85세이상,84,6,*,17,33,5,*,*,*,*
부산,강서구,일반,여자,65세미만,26,*,0,6,*,*,0,6,*,*
부산,강서구,일반,여자,65-69세,54,*,*,7,9,0,0,9,*,*
부산,강서구,일반,여자,70-74세,95,*,*,11,27,*,0,11,5,*
부산,강서구,일반,여자,75-79세,153,*,7,21,43,15,5,12,8,*
부산,강서구,일반,여자,80-84세,228,5,10,46,87,14,*,20,7,*
부산,강서구,일반,여자,85세이상,235,7,17,58,97,8,0,16,5,*
부산,강서구,기초,남자,65세미만,19,*,*,*,*,0,*,*,*,*
부산,강서구,기초,남자,65-69세,29,*,0,*,11,*,*,*,5,*
부산,강서구,기초,남자,70-74세,30,0,*,5,13,0,0,*,*,*
부산,강서구,기초,남자,75-79세,22,0,*,*,6,*,*,*,*,*
부산,강서구,기초,남자,80-84세,18,0,*,*,7,*,0,*,*,0
부산,강서구,기초,남자,85세이상,11,0,*,*,5,*,*,0,0,*
부산,강서구,기초,여자,65세미만,8,0,0,*,*,0,0,0,*,*
부산,강서구,기초,여자,65-69세,23,*,*,*,5,*,0,*,*,*
부산,강서구,기초,여자,70-74세,39,*,0,6,13,8,0,0,7,*
부산,강서구,기초,여자,75-79세,34,0,*,10,9,5,0,*,*,0
부산,강서구,기초,여자,80-84세,48,0,*,11,17,*,*,5,0,*
부산,강서구,기초,여자,85세이상,74,*,9,17,27,5,*,0,*,*
부산,강서구,의료,남자,65-69세,0,0,0,0,0,0,0,0,0,0
부산,강서구,의료,남자,70-74세,0,0,0,0,0,0,0,0,0,0
부산,강서구,의료,남자,75-79세,*,0,0,0,*,*,0,0,0,0
부산,강서구,의료,남자,80-84세,*,*,0,0,0,*,0,0,0,0
부산,강서구,의료,여자,65-69세,*,0,0,0,0,*,0,0,0,0
부산,강서구,의료,여자,70-74세,*,0,0,0,0,0,*,0,0,0
부산,강서구,의료,여자,75-79세,*,0,0,0,0,0,0,*,0,0
부산,강서구,의료,여자,80-84세,*,0,0,*,*,0,0,0,0,0
부산,강서구,의료,여자,85세이상,12,0,*,*,*,0,0,0,0,0
부산,강서구,감경,남자,65세미만,9,*,*,*,*,*,0,*,0,0
부산,강서구,감경,남자,65-69세,20,*,*,6,7,0,*,*,*,0
부산,강서구,감경,남자,70-74세,34,*,*,11,15,0,0,0,*,0
부산,강서구,감경,남자,75-79세,40,0,*,7,25,6,0,0,0,0
부산,강서구,감경,남자,80-84세,50,*,5,15,23,*,*,*,0,0
부산,강서구,감경,남자,85세이상,41,0,*,11,18,6,*,*,0,0
부산,강서구,감경,여자,65세미만,11,*,0,*,*,*,*,0,0,0
부산,강서구,감경,여자,65-69세,25,*,*,6,8,*,0,0,0,0
부산,강서구,감경,여자,70-74세,46,0,*,12,20,7,*,0,0,0
부산,강서구,감경,여자,75-79세,68,0,5,11,38,9,*,0,0,0
부산,강서구,감경,여자,80-84세,125,6,5,31,59,13,*,0,0,0
부산,강서구,감경,여자,85세이상,267,12,20,89,119,13,*,0,*,0
부산,연제구,일반,남자,65세미만,39,*,*,5,7,*,0,11,*,*
부산,연제구,일반,남자,65-69세,123,*,6,32,29,*,*,15,7,8
부산,연제구,일반,남자,70-74세,184,*,14,36,61,7,6,20,10,*
부산,연제구,일반,남자,75-79세,238,*,17,46,69,17,7,17,11,7
부산,연제구,일반,남자,80-84세,317,*,18,52,136,24,8,21,5,9
부산,연제구,일반,남자,85세이상,257,*,16,56,112,12,*,10,9,*
부산,연제구,일반,여자,65세미만,36,*,*,7,*,0,0,*,*,5
부산,연제구,일반,여자,65-69세,151,*,8,14,28,7,*,24,12,6
부산,연제구,일반,여자,70-74세,250,8,13,27,65,15,5,26,12,6
부산,연제구,일반,여자,75-79세,484,13,28,80,158,31,11,33,16,6
부산,연제구,일반,여자,80-84세,652,22,30,123,260,54,10,37,23,10
부산,연제구,일반,여자,85세이상,662,35,82,166,236,35,7,23,*,5
부산,연제구,기초,남자,65세미만,48,*,*,6,16,*,0,5,*,9
부산,연제구,기초,남자,65-69세,105,*,6,17,29,5,0,12,10,10
부산,연제구,기초,남자,70-74세,79,*,6,6,37,*,0,*,6,6
부산,연제구,기초,남자,75-79세,69,*,5,7,24,5,*,6,*,*
부산,연제구,기초,남자,80-84세,52,*,0,11,27,*,0,*,*,0
부산,연제구,기초,남자,85세이상,41,*,*,10,20,*,0,*,0,*
부산,연제구,기초,여자,65세미만,33,*,*,6,10,*,0,*,*,*
부산,연제구,기초,여자,65-69세,96,*,*,14,26,*,*,16,8,*
부산,연제구,기초,여자,70-74세,110,*,*,16,49,6,*,8,5,*
부산,연제구,기초,여자,75-79세,164,6,11,27,75,9,*,8,9,*
부산,연제구,기초,여자,80-84세,200,7,21,47,72,17,*,9,*,*
부산,연제구,기초,여자,85세이상,207,8,26,47,86,16,*,*,6,*
부산,연제구,의료,남자,65세미만,*,0,0,0,0,0,0,0,0,0
부산,연제구,의료,남자,65-69세,0,0,0,0,0,0,0,0,0,0
부산,연제구,의료,남자,70-74세,*,0,0,0,*,0,0,0,0,0
부산,연제구,의료,남자,75-79세,*,*,0,0,*,*,0,0,0,0
부산,연제구,의료,남자,80-84세,*,0,0,0,*,0,0,0,0,0
부산,연제구,의료,남자,85세이상,*,0,0,*,*,0,0,0,0,0
부산,연제구,의료,여자,70-74세,*,0,0,*,0,0,*,0,0,0
부산,연제구,의료,여자,75-79세,6,0,*,0,*,0,0,*,0,0
부산,연제구,의료,여자,80-84세,7,0,*,*,*,*,0,0,0,0
부산,연제구,의료,여자,85세이상,21,*,*,6,7,*,0,0,0,0
부산,연제구,감경,남자,65세미만,30,*,*,*,14,*,0,0,0,0
부산,연제구,감경,남자,65-69세,66,*,*,18,32,*,0,*,0,0
부산,연제구,감경,남자,70-74세,105,*,6,24,54,7,*,0,*,0
부산,연제구,감경,남자,75-79세,130,*,6,39,60,12,*,*,0,*
부산,연제구,감경,남자,80-84세,178,5,11,50,81,15,6,*,0,0
부산,연제구,감경,남자,85세이상,190,6,11,54,97,14,*,0,0,*
부산,연제구,감경,여자,65세미만,22,*,*,10,8,*,*,0,0,0
부산,연제구,감경,여자,65-69세,65,*,6,17,25,5,*,*,*,0
부산,연제구,감경,여자,70-74세,148,8,12,37,57,15,6,*,*,*
부산,연제구,감경,여자,75-79세,231,10,17,57,102,20,5,*,5,*
부산,연제구,감경,여자,80-84세,483,24,43,140,205,29,8,*,*,*
부산,연제구,감경,여자,85세이상,640,47,84,181,266,29,8,*,0,0
부산,수영구,일반,남자,65세미만,37,*,*,*,7,0,0,6,*,0
부산,수영구,일반,남자,65-69세,93,*,9,18,22,*,*,10,8,0
부산,수영구,일반,남자,70-74세,149,5,7,21,53,8,0,21,7,*
부산,수영구,일반,남자,75-79세,234,10,13,41,83,16,0,12,11,*
부산,수영구,일반,남자,80-84세,321,7,13,52,125,26,6,22,13,5
부산,수영구,일반,남자,85세이상,314,7,16,70,122,25,7,13,6,*
부산,수영구,일반,여자,65세미만,28,*,*,*,7,*,*,*,*,*
부산,수영구,일반,여자,65-69세,133,*,6,12,29,*,*,20,10,5
부산,수영구,일반,여자,70-74세,259,7,9,42,59,14,*,19,16,7
부산,수영구,일반,여자,75-79세,488,11,17,69,157,36,14,53,25,8
부산,수영구,일반,여자,80-84세,654,22,33,89,260,45,10,45,24,5
부산,수영구,일반,여자,85세이상,802,34,69,207,326,46,*,22,8,*
부산,수영구,기초,남자,65세미만,41,*,*,7,11,*,0,5,*,*
부산,수영구,기초,남자,65-69세,61,*,0,9,17,7,*,8,8,*
부산,수영구,기초,남자,70-74세,59,5,*,6,27,*,*,*,*,*
부산,수영구,기초,남자,75-79세,43,*,*,6,16,*,0,5,*,*
부산,수영구,기초,남자,80-84세,39,0,*,6,17,*,*,0,*,0
부산,수영구,기초,남자,85세이상,35,*,*,9,16,*,0,0,0,0
부산,수영구,기초,여자,65세미만,26,*,*,7,6,*,0,5,0,*
부산,수영구,기초,여자,65-69세,70,*,*,9,18,*,*,8,8,*
부산,수영구,기초,여자,70-74세,81,*,*,11,32,8,*,7,5,*
부산,수영구,기초,여자,75-79세,117,6,6,24,40,5,*,9,5,*
부산,수영구,기초,여자,80-84세,170,5,10,34,75,10,*,9,7,0
부산,수영구,기초,여자,85세이상,185,7,31,40,78,7,*,*,*,0
부산,수영구,의료,남자,65세미만,0,0,0,0,0,0,0,0,0,0
부산,수영구,의료,남자,65-69세,*,0,0,0,*,0,0,0,0,0
부산,수영구,의료,남자,70-74세,*,0,0,*,0,0,0,*,0,0
부산,수영구,의료,남자,75-79세,5,0,0,*,*,*,0,0,0,0
부산,수영구,의료,남자,80-84세,*,0,0,0,*,0,*,0,0,0
부산,수영구,의료,남자,85세이상,*,0,0,0,*,0,0,0,0,0
부산,수영구,의료,여자,65-69세,*,0,0,0,*,0,0,0,0,0
부산,수영구,의료,여자,70-74세,*,0,0,0,*,0,0,0,0,0
부산,수영구,의료,여자,75-79세,*,0,*,0,*,0,0,0,0,0
부산,수영구,의료,여자,80-84세,6,0,*,*,*,0,0,0,0,0
부산,수영구,의료,여자,85세이상,23,*,*,5,11,0,0,0,0,0
부산,수영구,감경,남자,65세미만,20,*,0,6,7,*,0,*,0,0
부산,수영구,감경,남자,65-69세,51,5,0,10,27,*,*,*,*,0
부산,수영구,감경,남자,70-74세,87,*,5,28,38,6,0,*,*,0
부산,수영구,감경,남자,75-79세,118,*,10,28,59,6,*,*,0,0
부산,수영구,감경,남자,80-84세,127,*,9,37,58,11,*,0,0,0
부산,수영구,감경,남자,85세이상,157,*,14,43,78,13,*,0,0,0
부산,수영구,감경,여자,65세미만,19,*,*,8,*,*,0,0,0,0
부산,수영구,감경,여자,65-69세,57,*,*,14,22,7,0,*,*,*
부산,수영구,감경,여자,70-74세,117,*,6,23,62,7,*,*,0,0
부산,수영구,감경,여자,75-79세,217,12,21,49,91,13,*,*,*,0
부산,수영구,감경,여자,80-84세,424,18,38,100,206,30,7,*,*,0
부산,수영구,감경,여자,85세이상,624,29,76,186,258,40,*,*,*,0
부산,사상구,일반,남자,65세미만,44,5,*,*,6,0,0,14,*,*
부산,사상구,일반,남자,65-69세,142,6,*,22,27,6,*,27,10,5
부산,사상구,일반,남자,70-74세,163,*,5,29,40,12,*,20,5,5
부산,사상구,일반,남자,75-79세,213,*,12,45,53,18,*,20,10,7
부산,사상구,일반,남자,80-84세,243,8,13,50,63,27,*,12,8,6
부산,사상구,일반,남자,85세이상,180,5,5,35,64,18,*,11,6,*
부산,사상구,일반,여자,65세미만,42,*,*,6,5,*,*,12,*,*
부산,사상구,일반,여자,65-69세,140,*,5,14,23,5,*,26,8,*
부산,사상구,일반,여자,70-74세,228,7,9,30,41,12,*,41,15,*
부산,사상구,일반,여자,75-79세,404,6,16,52,122,31,8,48,10,5
부산,사상구,일반,여자,80-84세,503,11,20,70,181,47,10,44,18,*
부산,사상구,일반,여자,85세이상,454,15,44,107,158,34,*,28,12,0
부산,사상구,기초,남자,65세미만,110,*,*,15,27,16,*,17,7,7
부산,사상구,기초,남자,65-69세,193,*,7,20,50,24,5,32,22,5
부산,사상구,기초,남자,70-74세,121,*,*,18,41,10,*,14,10,0
부산,사상구,기초,남자,75-79세,95,*,*,9,36,10,*,5,8,*
부산,사상구,기초,남자,80-84세,86,*,*,9,27,14,*,7,5,*
부산,사상구,기초,남자,85세이상,69,*,*,12,27,12,*,*,*,0
부산,사상구,기초,여자,65세미만,76,*,*,15,12,6,0,17,7,*
부산,사상구,기초,여자,65-69세,148,7,*,10,51,16,5,15,8,*
부산,사상구,기초,여자,70-74세,189,*,12,24,82,9,*,13,11,*
부산,사상구,기초,여자,75-79세,231,5,9,28,94,40,*,12,7,*
부산,사상구,기초,여자,80-84세,251,8,14,41,113,27,*,10,9,*
부산,사상구,기초,여자,85세이상,259,7,17,64,107,22,*,6,*,*
부산,사상구,의료,남자,65세미만,0,0,0,0,0,0,0,0,0,0
부산,사상구,의료,남자,65-69세,*,0,0,0,*,*,0,0,0,0
부산,사상구,의료,남자,70-74세,*,0,0,0,*,0,0,0,0,0
부산,사상구,의료,남자,75-79세,8,0,0,*,*,*,0,*,0,0
부산,사상구,의료,남자,80-84세,5,0,*,*,*,0,0,0,0,0
부산,사상구,의료,남자,85세이상,*,0,0,0,0,0,0,*,0,0
부산,사상구,의료,여자,65세미만,0,0,0,0,0,0,0,0,0,0
부산,사상구,의료,여자,65-69세,*,0,0,*,0,0,0,0,0,0
부산,사상구,의료,여자,70-74세,5,0,*,0,*,0,0,*,0,*
부산,사상구,의료,여자,75-79세,5,0,0,*,*,0,0,*,0,0
부산,사상구,의료,여자,80-84세,13,0,0,*,5,*,0,0,0,0
부산,사상구,의료,여자,85세이상,26,*,*,*,15,*,0,0,0,0
부산,사상구,감경,남자,65세미만,32,6,*,14,5,0,*,0,0,0
부산,사상구,감경,남자,65-69세,101,12,9,28,34,8,*,*,*,0
부산,사상구,감경,남자,70-74세,135,5,13,25,65,12,*,0,*,0
부산,사상구,감경,남자,75-79세,184,8,16,46,81,23,*,*,*,0
부산,사상구,감경,남자,80-84세,182,10,14,51,76,19,5,0,0,*
부산,사상구,감경,남자,85세이상,123,6,8,38,54,10,0,*,0,0
부산,사상구,감경,여자,65세미만,43,7,*,9,9,7,*,0,0,0
부산,사상구,감경,여자,65-69세,97,*,7,19,42,13,*,*,0,0
부산,사상구,감경,여자,70-74세,184,12,10,35,84,16,6,*,0,0
부산,사상구,감경,여자,75-79세,330,13,20,60,146,43,6,8,0,0
부산,사상구,감경,여자,80-84세,497,21,40,113,225,58,*,6,*,0
부산,사상구,감경,여자,85세이상,623,19,56,173,280,52,*,0,0,0
부산,기장군,일반,남자,65세미만,27,0,0,*,*,0,0,7,*,*
부산,기장군,일반,남자,65-69세,88,*,*,12,18,*,*,20,6,0
부산,기장군,일반,남자,70-74세,143,*,*,24,28,7,*,20,10,5
부산,기장군,일반,남자,75-79세,185,*,6,37,47,7,11,20,9,*
부산,기장군,일반,남자,80-84세,206,*,*,36,58,26,6,20,*,8
부산,기장군,일반,남자,85세이상,166,*,8,36,59,19,*,10,5,*
부산,기장군,일반,여자,65세미만,33,*,*,5,7,0,0,*,*,*
부산,기장군,일반,여자,65-69세,106,0,*,14,19,*,*,15,9,6
부산,기장군,일반,여자,70-74세,190,5,6,25,47,14,5,16,12,*
부산,기장군,일반,여자,75-79세,333,6,10,44,95,23,10,37,17,6
부산,기장군,일반,여자,80-84세,462,10,18,100,163,29,8,33,15,8
부산,기장군,일반,여자,85세이상,493,9,53,125,180,36,6,29,10,*
부산,기장군,기초,남자,65세미만,60,0,*,11,16,6,*,7,*,*
부산,기장군,기초,남자,65-69세,82,*,6,10,27,9,*,5,5,*
부산,기장군,기초,남자,70-74세,78,0,*,10,32,8,*,8,5,0
부산,기장군,기초,남자,75-79세,69,*,*,8,23,12,5,7,*,*
부산,기장군,기초,남자,80-84세,73,0,*,14,26,14,*,*,*,*
부산,기장군,기초,남자,85세이상,50,0,0,12,20,10,*,*,*,*
부산,기장군,기초,여자,65세미만,46,*,0,5,17,*,*,9,*,*
부산,기장군,기초,여자,65-69세,98,*,*,12,32,9,*,5,*,*
부산,기장군,기초,여자,70-74세,104,5,8,15,36,7,*,6,*,*
부산,기장군,기초,여자,75-79세,146,*,6,27,58,12,*,12,*,*
부산,기장군,기초,여자,80-84세,195,*,8,44,76,23,7,11,*,*
부산,기장군,기초,여자,85세이상,232,13,24,77,86,12,*,*,0,*
부산,기장군,의료,남자,65세미만,*,0,0,*,0,0,0,0,0,0
부산,기장군,의료,남자,65-69세,*,0,0,0,*,0,0,*,*,0
부산,기장군,의료,남자,70-74세,*,0,0,0,0,0,*,0,0,0
부산,기장군,의료,남자,75-79세,5,0,0,*,*,*,0,0,0,*
부산,기장군,의료,남자,80-84세,5,0,0,*,*,0,0,0,0,0
부산,기장군,의료,남자,85세이상,6,0,*,*,*,0,0,0,0,0
부산,기장군,의료,여자,65-69세,*,0,0,0,0,0,0,0,0,0
부산,기장군,의료,여자,70-74세,*,0,0,0,*,0,0,*,*,0
부산,기장군,의료,여자,75-79세,*,0,0,*,0,0,0,0,0,0
부산,기장군,의료,여자,80-84세,6,0,0,*,*,*,0,0,*,0
부산,기장군,의료,여자,85세이상,24,*,*,9,7,*,0,0,0,0
부산,기장군,감경,남자,65세미만,23,*,*,10,6,0,*,*,0,0
부산,기장군,감경,남자,65-69세,62,*,*,15,31,*,*,0,0,*
부산,기장군,감경,남자,70-74세,101,*,*,22,49,15,*,*,0,*
부산,기장군,감경,남자,75-79세,134,*,6,37,63,15,*,*,0,0
부산,기장군,감경,남자,80-84세,125,*,6,33,64,15,*,0,0,0
부산,기장군,감경,남자,85세이상,121,5,7,31,58,13,*,*,*,0
부산,기장군,감경,여자,65세미만,17,*,*,*,7,0,0,*,0,0
부산,기장군,감경,여자,65-69세,60,*,6,12,18,7,*,*,0,0
부산,기장군,감경,여자,70-74세,139,5,11,27,60,14,6,*,*,*
부산,기장군,감경,여자,75-79세,235,12,13,70,85,25,8,*,*,0
부산,기장군,감경,여자,80-84세,441,16,31,116,191,46,12,6,*,0
부산,기장군,감경,여자,85세이상,594,33,64,198,231,41,*,*,*,0
대구,중구,일반,남자,65세미만,28,*,0,*,*,*,0,5,5,*
대구,중구,일반,남자,65-69세,37,*,*,6,11,0,0,*,*,5
대구,중구,일반,남자,70-74세,65,0,*,11,22,8,*,*,*,*
대구,중구,일반,남자,75-79세,84,*,*,17,27,5,*,5,*,*
대구,중구,일반,남자,80-84세,106,*,*,22,44,12,*,5,0,*
대구,중구,일반,남자,85세이상,150,5,11,18,68,17,*,9,*,*
대구,중구,일반,여자,65세미만,21,0,*,*,*,0,0,7,*,0
대구,중구,일반,여자,65-69세,41,*,*,6,5,*,0,10,*,*
대구,중구,일반,여자,70-74세,92,0,*,11,20,12,*,11,7,*
대구,중구,일반,여자,75-79세,180,5,11,30,51,22,*,14,7,*
대구,중구,일반,여자,80-84세,306,5,8,65,113,36,10,22,6,*
대구,중구,일반,여자,85세이상,376,11,31,95,140,35,6,14,*,*
대구,중구,기초,남자,65세미만,26,0,*,*,5,*,*,5,*,0
대구,중구,기초,남자,65-69세,31,0,0,*,10,6,*,6,0,0
대구,중구,기초,남자,70-74세,23,*,*,*,8,*,*,0,0,0
대구,중구,기초,남자,75-79세,18,0,*,*,*,*,*,*,*,0
대구,중구,기초,남자,80-84세,24,*,0,*,11,*,*,*,0,0
대구,중구,기초,남자,85세이상,12,*,*,*,5,*,0,*,0,0
대구,중구,기초,여자,65세미만,13,0,0,*,*,*,0,*,*,*
대구,중구,기초,여자,65-69세,37,0,0,6,10,5,0,5,*,*
대구,중구,기초,여자,70-74세,33,0,*,6,11,5,*,*,*,0
대구,중구,기초,여자,75-79세,43,0,*,7,16,8,0,*,*,0
대구,중구,기초,여자,80-84세,78,*,5,17,30,12,0,*,*,0
대구,중구,기초,여자,85세이상,85,6,*,22,37,7,*,*,0,0
대구,중구,의료,남자,65세미만,*,0,0,0,*,0,0,0,0,0
대구,중구,의료,남자,65-69세,*,0,0,0,0,0,0,0,*,*
대구,중구,의료,남자,70-74세,*,0,0,0,*,0,0,0,0,0
대구,중구,의료,남자,75-79세,5,0,0,*,*,*,0,*,0,0
대구,중구,의료,남자,80-84세,*,0,0,*,0,0,0,0,0,0
대구,중구,의료,남자,85세이상,*,0,0,0,*,*,0,0,0,*
대구,중구,의료,여자,65-69세,0,0,0,0,0,0,0,0,0,0
대구,중구,의료,여자,70-74세,*,0,*,0,*,0,0,0,0,0
대구,중구,의료,여자,75-79세,*,0,*,0,0,0,0,0,0,0
대구,중구,의료,여자,80-84세,5,0,*,0,*,0,0,0,0,0
대구,중구,의료,여자,85세이상,12,0,*,*,6,0,*,0,0,0
대구,중구,감경,남자,65세미만,11,0,*,*,*,0,0,*,*,0
대구,중구,감경,남자,65-69세,25,*,*,5,8,0,0,0,0,0
대구,중구,감경,남자,70-74세,34,*,*,10,12,*,*,*,0,0
대구,중구,감경,남자,75-79세,40,*,*,6,20,7,*,0,0,0
대구,중구,감경,남자,80-84세,49,0,*,9,27,5,*,0,0,0
대구,중구,감경,남자,85세이상,66,*,*,18,28,11,*,0,0,0
대구,중구,감경,여자,65세미만,6,0,0,*,*,*,0,0,0,0
대구,중구,감경,여자,65-69세,18,*,0,5,*,5,0,0,0,0
대구,중구,감경,여자,70-74세,36,0,*,10,16,*,*,0,0,0
대구,중구,감경,여자,75-79세,91,5,6,15,40,15,*,*,*,0
대구,중구,감경,여자,80-84세,169,*,12,46,76,19,*,0,0,0
대구,중구,감경,여자,85세이상,277,10,26,77,123,27,6,0,0,0
대구,동구,일반,남자,65세미만,53,*,*,5,7,*,*,10,6,5
대구,동구,일반,남자,65-69세,153,5,*,30,33,*,*,19,12,8
대구,동구,일반,남자,70-74세,242,*,10,51,74,22,*,20,12,*
대구,동구,일반,남자,75-79세,378,*,19,66,119,56,7,27,10,13
대구,동구,일반,남자,80-84세,495,6,19,107,178,60,16,25,13,7
대구,동구,일반,남자,85세이상,480,13,27,123,186,59,*,17,9,6
대구,동구,일반,여자,65세미만,73,*,*,14,16,*,0,12,6,*
대구,동구,일반,여자,65-69세,172,*,8,29,26,9,*,25,10,6
대구,동구,일반,여자,70-74세,395,8,10,44,95,36,*,52,26,11
대구,동구,일반,여자,75-79세,644,6,31,98,163,74,23,65,25,19
대구,동구,일반,여자,80-84세,1162,14,47,213,419,161,20,71,39,14
대구,동구,일반,여자,85세이상,1098,50,79,300,426,95,14,27,15,7
대구,동구,기초,남자,65세미만,141,*,5,17,31,21,5,17,8,14
대구,동구,기초,남자,65-69세,221,*,5,30,61,46,6,18,13,8
대구,동구,기초,남자,70-74세,173,*,6,25,61,26,9,6,11,6
대구,동구,기초,남자,75-79세,131,*,6,25,42,27,6,5,*,*
대구,동구,기초,남자,80-84세,123,*,*,24,54,20,*,*,*,*
대구,동구,기초,남자,85세이상,100,0,10,24,42,10,*,*,*,*
대구,동구,기초,여자,65세미만,98,*,*,20,21,15,*,9,7,5
대구,동구,기초,여자,65-69세,157,0,*,13,49,24,*,17,10,8
대구,동구,기초,여자,70-74세,212,*,8,31,73,29,*,12,13,6
대구,동구,기초,여자,75-79세,277,5,6,54,115,36,6,13,*,*
대구,동구,기초,여자,80-84세,398,16,25,78,175,51,6,12,6,6
대구,동구,기초,여자,85세이상,546,25,46,172,210,45,11,*,*,*
대구,동구,의료,남자,65세미만,*,0,*,0,0,0,0,*,0,0
대구,동구,의료,남자,65-69세,*,0,0,0,*,*,0,0,0,0
대구,동구,의료,남자,70-74세,5,0,0,*,*,0,0,0,0,0
대구,동구,의료,남자,75-79세,14,0,0,6,*,*,0,0,*,0
대구,동구,의료,남자,80-84세,10,0,*,*,*,*,0,*,0,0
대구,동구,의료,남자,85세이상,10,0,*,*,*,*,0,0,0,0
대구,동구,의료,여자,65세미만,*,0,0,0,0,0,0,0,0,*
대구,동구,의료,여자,65-69세,*,0,0,0,*,0,0,0,0,*
대구,동구,의료,여자,70-74세,8,0,0,*,*,*,0,0,0,0
대구,동구,의료,여자,75-79세,17,0,*,*,5,*,0,*,0,0
대구,동구,의료,여자,80-84세,25,0,*,9,10,*,0,*,0,0
대구,동구,의료,여자,85세이상,75,*,11,18,32,*,*,*,0,0
대구,동구,감경,남자,65세미만,56,*,5,15,21,5,*,*,*,0
대구,동구,감경,남자,65-69세,123,7,6,32,57,9,*,*,*,0
대구,동구,감경,남자,70-74세,187,5,10,54,82,22,5,*,*,*
대구,동구,감경,남자,75-79세,257,*,12,74,114,36,9,*,0,*
대구,동구,감경,남자,80-84세,286,8,15,73,127,44,7,*,*,*
대구,동구,감경,남자,85세이상,360,8,19,111,169,40,7,0,0,*
대구,동구,감경,여자,65세미만,47,6,*,14,14,*,*,*,0,*
대구,동구,감경,여자,65-69세,96,5,11,21,36,5,5,*,*,*
대구,동구,감경,여자,70-74세,228,8,9,60,88,33,7,*,*,*
대구,동구,감경,여자,75-79세,431,12,29,99,180,57,13,*,*,*
대구,동구,감경,여자,80-84세,977,39,53,278,410,130,23,5,*,*
대구,동구,감경,여자,85세이상,1516,56,159,530,592,133,19,*,0,*
대구,서구,일반,남자,65세미만,40,*,*,*,*,0,0,9,5,*
대구,서구,일반,남자,65-69세,103,5,*,17,28,5,0,12,*,5
대구,서구,일반,남자,70-74세,144,*,7,18,39,15,*,22,*,*
대구,서구,일반,남자,75-79세,178,*,5,35,60,13,5,13,9,*
대구,서구,일반,남자,80-84세,247,5,10,41,82,32,*,13,8,*
대구,서구,일반,남자,85세이상,194,5,10,35,74,21,*,7,*,0
대구,서구,일반,여자,65세미만,34,*,*,*,*,*,0,5,6,*
대구,서구,일반,여자,65-69세,98,*,*,10,14,*,*,19,5,*
대구,서구,일반,여자,70-74세,193,*,6,28,42,13,*,26,11,5
대구,서구,일반,여자,75-79세,344,10,12,44,98,35,5,28,17,*
대구,서구,일반,여자,80-84세,532,17,17,101,177,70,8,39,10,*
대구,서구,일반,여자,85세이상,507,16,44,117,212,39,5,17,*,*
대구,서구,기초,남자,65세미만,158,6,10,27,47,29,*,11,6,*
대구,서구,기초,남자,65-69세,158,*,*,24,41,22,7,12,7,9
대구,서구,기초,남자,70-74세,130,*,5,27,47,21,*,9,*,*
대구,서구,기초,남자,75-79세,95,5,8,22,32,9,*,*,*,*
대구,서구,기초,남자,80-84세,82,*,5,14,30,14,*,*,*,*
대구,서구,기초,남자,85세이상,56,0,*,10,24,10,*,*,0,*
대구,서구,기초,여자,65세미만,55,7,*,10,13,7,0,*,*,*
대구,서구,기초,여자,65-69세,116,*,6,18,35,6,*,15,7,*
대구,서구,기초,여자,70-74세,139,*,10,15,51,15,*,10,6,*
대구,서구,기초,여자,75-79세,207,11,15,32,85,27,*,8,*,0
대구,서구,기초,여자,80-84세,303,6,24,78,109,50,*,9,0,0
대구,서구,기초,여자,85세이상,389,21,48,124,131,36,*,6,*,0
대구,서구,의료,남자,65세미만,*,*,0,0,0,*,0,0,0,0
대구,서구,의료,남자,65-69세,*,0,0,0,*,0,0,*,*,0
대구,서구,의료,남자,70-74세,*,*,0,0,*,0,0,0,0,0
대구,서구,의료,남자,75-79세,5,*,0,0,*,0,0,0,0,0
대구,서구,의료,남자,80-84세,*,*,0,*,0,0,0,0,0,0
대구,서구,의료,남자,85세이상,7,0,*,*,*,0,0,0,0,0
대구,서구,의료,여자,65-69세,*,0,0,*,0,0,0,0,0,0
대구,서구,의료,여자,70-74세,8,0,*,*,*,*,*,*,0,0
대구,서구,의료,여자,75-79세,*,0,0,*,*,*,0,0,0,0
대구,서구,의료,여자,80-84세,12,0,*,*,5,*,0,0,0,0
대구,서구,의료,여자,85세이상,42,*,*,17,12,*,0,*,0,0
대구,서구,감경,남자,65세미만,44,7,*,12,9,*,*,*,0,0
대구,서구,감경,남자,65-69세,99,*,5,27,41,7,*,*,*,0
대구,서구,감경,남자,70-74세,145,6,6,49,64,11,0,0,0,*
대구,서구,감경,남자,75-79세,165,5,16,46,61,25,*,*,*,0
대구,서구,감경,남자,80-84세,223,6,17,47,101,36,*,*,*,0
대구,서구,감경,남자,85세이상,227,*,8,66,109,31,*,*,0,0
대구,서구,감경,여자,65세미만,31,*,*,9,8,5,*,0,0,0
대구,서구,감경,여자,65-69세,73,5,*,16,27,10,*,0,*,0
대구,서구,감경,여자,70-74세,203,*,9,53,76,31,5,0,*,0
대구,서구,감경,여자,75-79세,351,13,25,78,153,51,6,*,*,0
대구,서구,감경,여자,80-84세,694,16,44,168,306,108,7,6,*,*
대구,서구,감경,여자,85세이상,899,32,99,296,354,87,7,*,*,0
대구,남구,일반,남자,65세미만,46,0,*,7,5,*,0,8,*,0
대구,남구,일반,남자,65-69세,67,*,5,14,14,*,0,*,5,*
대구,남구,일반,남자,70-74세,114,*,5,12,31,11,*,11,6,*
대구,남구,일반,남자,75-79세,155,*,7,24,46,17,6,9,11,*
대구,남구,일반,남자,80-84세,253,7,7,44,75,29,12,17,5,6
대구,남구,일반,남자,85세이상,316,*,12,63,146,31,*,12,7,5
대구,남구,일반,여자,65세미만,38,*,*,6,6,0,0,11,*,*
대구,남구,일반,여자,65-69세,100,*,6,12,15,6,0,11,7,0
대구,남구,일반,여자,70-74세,179,*,*,19,35,14,*,30,9,*
대구,남구,일반,여자,75-79세,357,8,13,42,93,35,9,38,20,*
대구,남구,일반,여자,80-84세,550,*,23,99,214,55,10,25,19,*
대구,남구,일반,여자,85세이상,675,22,51,178,264,59,8,14,9,*
대구,남구,기초,남자,65세미만,73,*,6,16,25,*,*,*,*,*
대구,남구,기초,남자,65-69세,112,*,*,11,39,14,*,10,6,*
대구,남구,기초,남자,70-74세,82,*,5,11,28,8,*,*,*,5
대구,남구,기초,남자,75-79세,66,*,*,12,21,5,*,*,*,*
대구,남구,기초,남자,80-84세,63,0,*,13,26,8,0,*,6,*
대구,남구,기초,남자,85세이상,51,0,*,10,25,5,*,*,*,*
대구,남구,기초,여자,65세미만,54,*,9,9,10,6,0,6,*,*
대구,남구,기초,여자,65-69세,94,0,*,17,26,9,*,13,8,*
대구,남구,기초,여자,70-74세,139,*,6,26,48,14,*,11,*,0
대구,남구,기초,여자,75-79세,146,*,*,32,50,16,*,12,*,*
대구,남구,기초,여자,80-84세,247,7,13,72,94,24,*,9,*,*
대구,남구,기초,여자,85세이상,289,15,42,76,109,20,*,7,*,0
대구,남구,의료,남자,65-69세,*,0,0,0,*,0,0,0,0,0
대구,남구,의료,남자,70-74세,*,0,0,*,0,*,0,0,0,0
대구,남구,의료,남자,75-79세,5,0,0,*,*,*,0,0,0,*
대구,남구,의료,남자,80-84세,5,0,0,*,*,*,0,0,0,0
대구,남구,의료,남자,85세이상,6,0,*,*,*,*,0,0,0,0
대구,남구,의료,여자,65-69세,*,*,0,0,0,0,0,0,0,*
대구,남구,의료,여자,70-74세,8,*,0,*,*,0,*,0,*,0
대구,남구,의료,여자,75-79세,6,*,0,0,*,*,0,0,*,0
대구,남구,의료,여자,80-84세,*,0,*,0,*,0,0,0,0,0
대구,남구,의료,여자,85세이상,44,*,5,14,15,*,*,0,0,0
대구,남구,감경,남자,65세미만,26,*,*,5,9,*,0,*,0,0
대구,남구,감경,남자,65-69세,57,6,*,7,24,10,0,*,*,0
대구,남구,감경,남자,70-74세,77,*,5,23,35,5,*,*,0,0
대구,남구,감경,남자,75-79세,103,*,6,24,39,18,5,*,*,*
대구,남구,감경,남자,80-84세,171,*,10,41,81,24,8,0,0,*
대구,남구,감경,남자,85세이상,174,*,12,48,86,18,*,0,0,0
대구,남구,감경,여자,65세미만,27,*,*,9,6,*,0,0,0,*
대구,남구,감경,여자,65-69세,59,8,*,12,21,*,6,0,0,0
대구,남구,감경,여자,70-74세,121,5,8,28,42,19,*,5,*,*
대구,남구,감경,여자,75-79세,236,9,15,55,98,31,*,*,0,*
대구,남구,감경,여자,80-84세,473,16,25,121,228,46,7,*,*,*
대구,남구,감경,여자,85세이상,826,26,96,276,331,72,*,*,*,0
대구,북구,일반,남자,65세미만,103,5,10,21,16,*,*,15,5,6
대구,북구,일반,남자,65-69세,187,10,15,46,35,9,*,18,5,8
대구,북구,일반,남자,70-74세,263,11,16,55,85,23,*,15,13,*
대구,북구,일반,남자,75-79세,312,17,21,56,86,26,*,19,15,5
대구,북구,일반,남자,80-84세,432,11,30,101,140,48,7,18,11,*
대구,북구,일반,남자,85세이상,455,9,34,121,166,51,7,10,12,*
대구,북구,일반,여자,65세미만,102,11,7,15,20,*,0,10,8,*
대구,북구,일반,여자,65-69세,193,15,11,23,35,11,*,21,10,13
대구,북구,일반,여자,70-74세,369,14,18,68,85,26,6,35,27,*
대구,북구,일반,여자,75-79세,665,21,48,125,180,64,12,56,22,13
대구,북구,일반,여자,80-84세,1123,31,58,248,416,107,21,65,33,6
대구,북구,일반,여자,85세이상,1165,41,101,341,450,80,9,28,13,*
대구,북구,기초,남자,65세미만,188,8,13,33,53,20,*,12,7,8
대구,북구,기초,남자,65-69세,164,7,*,32,47,25,*,10,12,*
대구,북구,기초,남자,70-74세,150,*,*,34,49,22,*,6,8,6
대구,북구,기초,남자,75-79세,118,*,11,30,42,15,0,6,5,0
대구,북구,기초,남자,80-84세,103,*,10,18,35,20,6,*,*,*
대구,북구,기초,남자,85세이상,97,*,6,28,43,7,*,*,*,0
대구,북구,기초,여자,65세미만,85,9,10,15,19,8,*,11,*,*
대구,북구,기초,여자,65-69세,130,6,6,26,48,15,0,8,*,*
대구,북구,기초,여자,70-74세,156,*,11,36,44,23,*,12,6,*
대구,북구,기초,여자,75-79세,261,7,18,52,106,25,9,9,7,*
대구,북구,기초,여자,80-84세,432,15,31,106,184,46,6,12,8,0
대구,북구,기초,여자,85세이상,511,26,51,183,198,32,0,*,0,*
대구,북구,의료,남자,65세미만,0,0,0,0,0,0,0,0,0,0
대구,북구,의료,남자,65-69세,*,0,0,0,*,0,0,0,0,0
대구,북구,의료,남자,70-74세,6,0,0,*,*,0,0,0,*,0
대구,북구,의료,남자,75-79세,8,0,0,5,*,*,0,0,0,0
대구,북구,의료,남자,80-84세,8,*,*,*,*,*,0,0,0,0
대구,북구,의료,남자,85세이상,10,0,*,*,*,0,0,*,0,0
대구,북구,의료,여자,65세미만,0,0,0,0,0,0,0,0,0,0
대구,북구,의료,여자,65-69세,*,0,0,0,*,0,0,0,0,0
대구,북구,의료,여자,70-74세,7,0,0,*,*,*,0,0,0,0
대구,북구,의료,여자,75-79세,9,*,0,*,*,*,0,0,*,0
대구,북구,의료,여자,80-84세,17,0,0,*,6,*,0,*,0,0
대구,북구,의료,여자,85세이상,82,*,10,30,29,5,0,0,0,0
대구,북구,감경,남자,65세미만,96,9,7,32,27,8,0,*,0,0
대구,북구,감경,남자,65-69세,178,14,21,54,59,11,6,*,5,*
대구,북구,감경,남자,70-74세,240,7,16,68,115,16,*,0,*,*
대구,북구,감경,남자,75-79세,266,7,15,87,108,34,*,*,*,0
대구,북구,감경,남자,80-84세,339,12,28,94,142,39,7,*,*,0
대구,북구,감경,남자,85세이상,345,9,23,106,147,45,6,0,0,0
대구,북구,감경,여자,65세미만,52,5,*,21,11,*,*,*,0,*
대구,북구,감경,여자,65-69세,132,7,9,39,48,15,*,*,*,0
대구,북구,감경,여자,70-74세,289,18,23,81,110,29,*,*,*,0
대구,북구,감경,여자,75-79세,577,24,44,153,245,63,11,5,*,0
대구,북구,감경,여자,80-84세,1190,40,88,337,527,142,16,5,*,0
대구,북구,감경,여자,85세이상,1643,76,235,572,616,108,7,*,*,*
대구,수성구,일반,남자,65세미만,58,*,*,14,7,*,0,8,*,*
대구,수성구,일반,남자,65-69세,167,5,10,26,51,9,5,22,9,*
대구,수성구,일반,남자,70-74세,240,7,9,49,86,14,5,16,9,*
대구,수성구,일반,남자,75-79세,383,7,21,76,144,35,6,23,13,5
대구,수성구,일반,남자,80-84세,520,10,25,120,189,56,16,24,13,*
대구,수성구,일반,남자,85세이상,786,18,44,181,347,58,6,38,16,8
대구,수성구,일반,여자,65세미만,67,*,*,16,12,*,*,16,*,*
대구,수성구,일반,여자,65-69세,169,9,8,26,42,5,*,20,6,5
대구,수성구,일반,여자,70-74세,373,14,27,58,88,27,7,51,19,5
대구,수성구,일반,여자,75-79세,715,15,38,117,229,62,16,61,29,12
대구,수성구,일반,여자,80-84세,1238,21,71,241,486,118,23,64,48,8
대구,수성구,일반,여자,85세이상,1663,65,121,434,673,157,26,42,17,6
대구,수성구,기초,남자,65세미만,108,*,10,16,29,10,*,17,6,*
대구,수성구,기초,남자,65-69세,184,5,5,29,79,15,5,14,12,5
대구,수성구,기초,남자,70-74세,152,*,5,25,64,16,*,12,5,*
대구,수성구,기초,남자,75-79세,97,*,*,18,41,12,*,*,*,0
대구,수성구,기초,남자,80-84세,87,*,6,22,40,7,*,*,0,0
대구,수성구,기초,남자,85세이상,61,*,8,20,23,*,*,0,*,0
대구,수성구,기초,여자,65세미만,63,*,5,12,9,10,*,7,*,*
대구,수성구,기초,여자,65-69세,162,*,*,24,53,14,*,17,12,*
대구,수성구,기초,여자,70-74세,189,6,8,21,77,10,*,19,9,*
대구,수성구,기초,여자,75-79세,230,7,14,41,92,24,*,13,10,*
대구,수성구,기초,여자,80-84세,357,7,22,73,150,38,*,15,8,*
대구,수성구,기초,여자,85세이상,446,22,52,113,177,43,*,6,5,0
대구,수성구,의료,남자,65세미만,*,0,0,0,0,*,0,0,0,0
대구,수성구,의료,남자,65-69세,*,0,0,0,*,*,0,0,0,0
대구,수성구,의료,남자,70-74세,7,0,*,0,*,0,0,*,*,0
대구,수성구,의료,남자,75-79세,11,*,*,*,*,*,0,0,0,0
대구,수성구,의료,남자,80-84세,7,0,*,*,*,0,*,0,0,0
대구,수성구,의료,남자,85세이상,7,*,0,*,*,0,0,0,0,0
대구,수성구,의료,여자,65세미만,*,0,0,0,0,0,0,0,*,0
대구,수성구,의료,여자,65-69세,*,0,0,0,*,0,0,*,0,0
대구,수성구,의료,여자,70-74세,10,*,*,*,5,0,0,0,0,0
대구,수성구,의료,여자,75-79세,9,0,0,*,*,*,0,0,0,0
대구,수성구,의료,여자,80-84세,15,0,0,*,*,*,0,0,*,0
대구,수성구,의료,여자,85세이상,68,*,5,21,29,5,0,*,0,0
대구,수성구,감경,남자,65세미만,36,*,*,14,11,*,*,*,0,0
대구,수성구,감경,남자,65-69세,72,5,6,31,20,*,0,0,0,*
대구,수성구,감경,남자,70-74세,122,6,6,41,54,10,*,0,0,*
대구,수성구,감경,남자,75-79세,152,7,6,49,53,26,*,0,*,*
대구,수성구,감경,남자,80-84세,166,5,8,53,70,18,5,0,0,0
대구,수성구,감경,남자,85세이상,231,0,15,74,111,22,*,0,0,0
대구,수성구,감경,여자,65세미만,37,*,*,14,14,*,*,0,0,0
대구,수성구,감경,여자,65-69세,77,*,*,18,22,9,*,*,*,0
대구,수성구,감경,여자,70-74세,183,11,16,51,62,19,6,*,*,*
대구,수성구,감경,여자,75-79세,296,14,23,65,124,34,6,*,0,*
대구,수성구,감경,여자,80-84세,673,21,49,186,295,81,11,*,*,0
대구,수성구,감경,여자,85세이상,1113,48,112,357,477,81,12,0,0,0
대구,달서구,일반,남자,65세미만,117,*,5,6,18,*,0,38,9,8
대구,달서구,일반,남자,65-69세,210,5,7,37,68,9,*,30,5,5
대구,달서구,일반,남자,70-74세,300,6,20,57,88,15,*,49,8,*
대구,달서구,일반,남자,75-79세,436,8,20,87,138,37,7,43,16,*
대구,달서구,일반,남자,80-84세,527,8,23,119,188,64,6,33,14,7
대구,달서구,일반,남자,85세이상,561,13,27,131,233,55,*,24,13,*
대구,달서구,일반,여자,65세미만,77,6,*,9,10,6,*,19,*,*
대구,달서구,일반,여자,65-69세,235,10,*,36,49,10,*,39,21,*
대구,달서구,일반,여자,70-74세,441,5,23,58,112,27,7,67,25,7
대구,달서구,일반,여자,75-79세,751,13,33,120,227,68,7,74,29,7
대구,달서구,일반,여자,80-84세,1231,31,50,251,442,123,16,92,35,*
대구,달서구,일반,여자,85세이상,1429,46,103,394,536,126,8,55,16,0
대구,달서구,기초,남자,65세미만,266,*,7,46,59,40,9,34,19,15
대구,달서구,기초,남자,65-69세,328,9,10,41,102,52,15,21,22,13
대구,달서구,기초,남자,70-74세,274,*,9,47,92,55,12,12,14,7
대구,달서구,기초,남자,75-79세,170,*,*,30,65,33,*,8,8,5
대구,달서구,기초,남자,80-84세,163,*,7,33,72,20,*,*,5,*
대구,달서구,기초,남자,85세이상,105,0,7,28,43,17,*,*,0,*
대구,달서구,기초,여자,65세미만,144,6,5,22,32,16,5,19,10,9
대구,달서구,기초,여자,65-69세,280,6,10,53,77,39,*,34,12,6
대구,달서구,기초,여자,70-74세,285,7,10,44,95,45,5,21,10,*
대구,달서구,기초,여자,75-79세,376,6,12,77,136,59,*,19,14,*
대구,달서구,기초,여자,80-84세,522,16,29,116,222,61,7,19,9,0
대구,달서구,기초,여자,85세이상,633,29,56,178,256,52,6,7,*,0
대구,달서구,의료,남자,65세미만,*,0,0,0,*,0,0,0,0,*
대구,달서구,의료,남자,65-69세,*,0,0,0,*,*,0,0,*,0
대구,달서구,의료,남자,70-74세,10,0,0,*,*,*,0,0,*,0
대구,달서구,의료,남자,75-79세,44,*,*,11,16,5,*,*,*,*
대구,달서구,의료,남자,80-84세,16,*,0,*,6,*,0,*,0,0
대구,달서구,의료,남자,85세이상,19,0,*,*,5,*,0,*,*,0
대구,달서구,의료,여자,65세미만,*,0,0,0,0,0,0,0,*,0
대구,달서구,의료,여자,65-69세,8,0,0,*,*,*,0,0,0,0
대구,달서구,의료,여자,70-74세,17,*,*,*,8,*,0,*,0,0
대구,달서구,의료,여자,75-79세,22,0,*,*,12,*,*,*,0,0
대구,달서구,의료,여자,80-84세,20,0,0,*,11,*,0,*,0,0
대구,달서구,의료,여자,85세이상,93,*,11,28,40,*,*,*,*,0
대구,달서구,감경,남자,65세미만,70,7,*,24,25,*,0,*,0,*
대구,달서구,감경,남자,65-69세,159,5,10,49,66,9,6,*,*,0
대구,달서구,감경,남자,70-74세,220,5,14,58,98,24,5,*,*,0
대구,달서구,감경,남자,75-79세,282,11,14,77,122,40,*,*,*,0
대구,달서구,감경,남자,80-84세,295,6,18,87,134,33,*,*,*,0
대구,달서구,감경,남자,85세이상,399,8,29,131,171,42,9,*,0,*
대구,달서구,감경,여자,65세미만,66,9,*,22,17,7,*,0,0,0
대구,달서구,감경,여자,65-69세,136,*,10,37,50,21,*,*,0,0
대구,달서구,감경,여자,70-74세,284,12,19,75,115,30,*,*,*,0
대구,달서구,감경,여자,75-79세,524,13,38,117,239,71,13,7,*,*
대구,달서구,감경,여자,80-84세,1091,26,83,280,506,131,16,7,*,0
대구,달서구,감경,여자,85세이상,1615,61,180,536,671,124,8,6,0,0
대구,달성군,일반,남자,65세미만,47,*,*,6,5,*,*,10,*,*
대구,달성군,일반,남자,65-69세,98,*,*,16,26,8,0,19,*,*
대구,달성군,일반,남자,70-74세,164,5,5,29,42,19,*,14,10,*
대구,달성군,일반,남자,75-79세,196,*,8,33,69,26,*,11,*,5
대구,달성군,일반,남자,80-84세,199,*,7,34,79,27,5,7,7,*
대구,달성군,일반,남자,85세이상,240,*,19,42,94,36,6,9,*,0
대구,달성군,일반,여자,65세미만,39,*,*,5,*,*,*,10,6,*
대구,달성군,일반,여자,65-69세,118,0,*,12,25,6,*,21,7,7
대구,달성군,일반,여자,70-74세,175,6,*,22,34,14,*,27,10,7
대구,달성군,일반,여자,75-79세,330,8,12,38,76,44,13,36,10,6
대구,달성군,일반,여자,80-84세,519,9,29,93,167,65,9,30,10,*
대구,달성군,일반,여자,85세이상,728,30,63,185,249,86,8,20,5,*
대구,달성군,기초,남자,65세미만,70,*,5,8,16,8,0,10,*,6
대구,달성군,기초,남자,65-69세,83,0,*,18,23,9,*,9,*,6
대구,달성군,기초,남자,70-74세,63,0,6,13,23,11,*,*,*,0
대구,달성군,기초,남자,75-79세,62,*,*,14,23,8,*,*,*,*
대구,달성군,기초,남자,80-84세,51,*,*,11,19,6,*,*,*,*
대구,달성군,기초,남자,85세이상,40,*,*,11,17,*,0,0,*,*
대구,달성군,기초,여자,65세미만,48,*,*,9,6,*,*,5,*,6
대구,달성군,기초,여자,65-69세,84,5,0,12,23,13,*,8,*,*
대구,달성군,기초,여자,70-74세,101,*,*,18,31,15,*,*,*,*
대구,달성군,기초,여자,75-79세,169,*,12,24,63,19,*,9,8,*
대구,달성군,기초,여자,80-84세,202,*,8,42,81,26,*,5,*,*
대구,달성군,기초,여자,85세이상,245,11,29,77,93,16,*,6,*,0
대구,달성군,의료,남자,65세미만,0,0,0,0,0,0,0,0,0,0
대구,달성군,의료,남자,65-69세,*,0,0,0,*,*,0,0,0,0
대구,달성군,의료,남자,70-74세,*,0,0,*,0,*,0,0,0,0
대구,달성군,의료,남자,75-79세,14,0,*,*,*,*,*,*,*,0
대구,달성군,의료,남자,80-84세,*,0,0,*,*,0,0,0,0,0
대구,달성군,의료,남자,85세이상,*,0,0,0,*,*,0,0,0,0
대구,달성군,의료,여자,65세미만,0,0,0,0,0,0,0,0,0,0
대구,달성군,의료,여자,65-69세,*,0,0,*,0,*,0,0,0,0
대구,달성군,의료,여자,70-74세,9,0,*,*,*,0,0,*,0,0
대구,달성군,의료,여자,75-79세,9,0,0,*,*,0,0,0,0,*
대구,달성군,의료,여자,80-84세,10,*,0,*,*,*,0,0,0,0
대구,달성군,의료,여자,85세이상,53,0,8,12,20,5,0,*,0,0
대구,달성군,감경,남자,65세미만,22,0,5,*,6,*,0,0,0,*
대구,달성군,감경,남자,65-69세,74,*,6,24,26,10,*,0,0,0
대구,달성군,감경,남자,70-74세,103,*,9,31,40,14,*,*,*,0
대구,달성군,감경,남자,75-79세,107,*,8,23,36,22,7,*,0,*
대구,달성군,감경,남자,80-84세,148,*,12,43,59,22,*,0,0,0
대구,달성군,감경,남자,85세이상,178,5,11,49,84,22,*,*,*,0
대구,달성군,감경,여자,65세미만,26,*,*,7,7,*,*,0,0,0
대구,달성군,감경,여자,65-69세,65,*,*,16,30,6,*,0,0,0
대구,달성군,감경,여자,70-74세,114,9,8,21,50,16,*,*,0,0
대구,달성군,감경,여자,75-79세,240,8,19,70,78,37,12,0,*,0
대구,달성군,감경,여자,80-84세,510,18,44,128,221,65,11,*,0,0
대구,달성군,감경,여자,85세이상,895,35,92,299,359,74,5,*,0,*
대구,군위군,일반,남자,65세미만,*,0,0,0,0,0,0,0,0,*
대구,군위군,일반,남자,65-69세,22,0,0,*,*,*,0,5,*,*
대구,군위군,일반,남자,70-74세,30,0,*,*,6,*,*,*,*,0
대구,군위군,일반,남자,75-79세,52,*,0,7,13,5,*,*,5,0
대구,군위군,일반,남자,80-84세,71,0,*,10,18,12,0,9,5,*
대구,군위군,일반,남자,85세이상,92,*,*,9,38,12,*,6,5,0
대구,군위군,일반,여자,65세미만,5,0,0,*,*,*,0,*,0,0
대구,군위군,일반,여자,65-69세,26,0,*,*,*,0,0,7,5,*
대구,군위군,일반,여자,70-74세,34,*,0,*,5,*,*,5,*,*
대구,군위군,일반,여자,75-79세,83,*,*,*,26,6,*,10,8,*
대구,군위군,일반,여자,80-84세,125,*,*,17,40,21,*,9,9,0
대구,군위군,일반,여자,85세이상,177,*,5,30,88,23,*,8,*,0
대구,군위군,기초,남자,65세미만,9,*,0,*,6,0,0,*,0,0
대구,군위군,기초,남자,65-69세,17,*,*,*,*,*,0,*,*,*
대구,군위군,기초,남자,70-74세,9,0,*,0,*,*,0,0,0,0
대구,군위군,기초,남자,75-79세,7,0,0,*,*,0,*,0,*,0
대구,군위군,기초,남자,80-84세,10,0,0,*,*,*,0,0,0,0
대구,군위군,기초,남자,85세이상,5,0,0,0,*,0,0,0,0,0
대구,군위군,기초,여자,65세미만,*,0,0,0,*,0,0,0,0,0
대구,군위군,기초,여자,65-69세,8,0,0,0,*,0,*,0,*,0
대구,군위군,기초,여자,70-74세,9,*,0,*,*,*,0,*,*,0
대구,군위군,기초,여자,75-79세,15,0,0,*,6,*,0,0,*,0
대구,군위군,기초,여자,80-84세,33,0,*,5,16,*,*,*,*,0
대구,군위군,기초,여자,85세이상,47,*,*,10,28,*,0,0,0,0
대구,군위군,의료,남자,65-69세,*,0,0,0,0,0,0,0,*,0
대구,군위군,의료,남자,70-74세,*,0,0,0,0,0,0,*,0,0
대구,군위군,의료,남자,75-79세,*,0,0,*,*,0,0,0,0,0
대구,군위군,의료,남자,80-84세,*,0,0,0,0,0,0,0,0,0
대구,군위군,의료,남자,85세이상,*,0,0,*,*,*,0,0,0,0
대구,군위군,의료,여자,70-74세,*,0,0,0,*,0,0,0,0,0
대구,군위군,의료,여자,75-79세,*,0,0,0,*,0,0,0,0,0
대구,군위군,의료,여자,80-84세,*,0,0,0,*,0,0,0,0,0
대구,군위군,의료,여자,85세이상,12,0,*,0,8,*,0,*,0,0
대구,군위군,감경,남자,65세미만,8,0,*,*,*,0,0,0,0,0
대구,군위군,감경,남자,65-69세,*,0,0,0,*,*,0,0,0,0
대구,군위군,감경,남자,70-74세,12,0,0,*,7,*,0,0,0,0
대구,군위군,감경,남자,75-79세,24,*,*,*,11,5,0,0,0,0
대구,군위군,감경,남자,80-84세,36,0,*,*,21,*,*,0,*,0
대구,군위군,감경,남자,85세이상,68,0,5,12,38,13,0,0,0,0
대구,군위군,감경,여자,65세미만,*,0,0,*,*,*,*,0,0,0
대구,군위군,감경,여자,65-69세,10,*,*,*,*,0,0,0,0,0
대구,군위군,감경,여자,70-74세,25,0,*,*,11,*,0,0,0,0
대구,군위군,감경,여자,75-79세,40,0,*,5,19,8,*,0,0,0
대구,군위군,감경,여자,80-84세,117,*,*,19,52,28,7,*,0,*
대구,군위군,감경,여자,85세이상,255,6,20,40,144,39,*,0,0,0
인천,중구,일반,남자,65세미만,29,*,*,7,8,0,0,*,0,0
인천,중구,일반,남자,65-69세,58,*,*,13,11,*,0,7,7,0
인천,중구,일반,남자,70-74세,74,*,*,15,22,*,*,8,*,0
인천,중구,일반,남자,75-79세,124,*,6,25,50,6,0,8,*,0
인천,중구,일반,남자,80-84세,147,*,7,37,57,8,0,*,7,*
인천,중구,일반,남자,85세이상,137,*,7,34,54,5,*,7,*,0
인천,중구,일반,여자,65세미만,31,*,*,9,*,*,0,9,*,*
인천,중구,일반,여자,65-69세,62,0,*,11,14,*,0,13,*,*
인천,중구,일반,여자,70-74세,132,*,6,21,33,5,*,15,*,*
인천,중구,일반,여자,75-79세,218,11,15,45,76,11,*,21,5,*
인천,중구,일반,여자,80-84세,315,10,21,66,125,28,*,12,*,*
인천,중구,일반,여자,85세이상,410,21,30,125,165,15,0,15,*,*
인천,중구,기초,남자,65세미만,70,5,5,18,26,*,0,*,*,*
인천,중구,기초,남자,65-69세,91,*,*,21,38,*,0,8,8,0
인천,중구,기초,남자,70-74세,81,*,5,19,26,*,*,9,*,*
인천,중구,기초,남자,75-79세,79,*,6,14,35,5,*,6,*,0
인천,중구,기초,남자,80-84세,65,*,*,16,32,*,*,*,0,0
인천,중구,기초,남자,85세이상,42,*,*,11,17,5,0,0,0,0
인천,중구,기초,여자,65세미만,25,*,6,*,9,*,0,*,*,0
인천,중구,기초,여자,65-69세,63,*,*,12,26,5,0,5,*,0
인천,중구,기초,여자,70-74세,73,*,*,20,33,*,0,5,*,0
인천,중구,기초,여자,75-79세,115,0,11,18,65,*,*,*,*,0
인천,중구,기초,여자,80-84세,160,6,12,42,82,7,0,*,0,0
인천,중구,기초,여자,85세이상,214,13,34,59,80,6,0,*,0,0
인천,중구,의료,남자,65세미만,0,0,0,0,0,0,0,0,0,0
인천,중구,의료,남자,65-69세,*,0,0,*,0,0,0,0,0,0
인천,중구,의료,남자,70-74세,*,0,0,0,*,0,0,0,0,0
인천,중구,의료,남자,75-79세,5,0,0,*,*,0,0,0,0,0
인천,중구,의료,남자,80-84세,*,0,0,0,*,0,0,0,0,0
인천,중구,의료,남자,85세이상,5,0,0,*,*,*,0,0,0,0
인천,중구,의료,여자,65세미만,*,0,0,*,0,0,0,0,0,0
인천,중구,의료,여자,65-69세,0,0,0,0,0,0,0,0,0,0
인천,중구,의료,여자,70-74세,*,0,*,*,0,*,0,0,0,*
인천,중구,의료,여자,75-79세,*,0,0,0,*,0,0,0,0,0
인천,중구,의료,여자,80-84세,*,0,0,*,*,0,0,0,0,0
인천,중구,의료,여자,85세이상,11,*,*,*,*,0,0,0,0,0
인천,중구,감경,남자,65세미만,30,*,*,14,8,0,0,*,0,0
인천,중구,감경,남자,65-69세,44,*,*,14,22,*,*,*,0,0
인천,중구,감경,남자,70-74세,63,*,*,21,32,*,*,0,0,0
인천,중구,감경,남자,75-79세,94,*,9,23,50,*,*,*,0,0
인천,중구,감경,남자,80-84세,109,*,8,28,57,11,*,0,*,*
인천,중구,감경,남자,85세이상,111,*,10,34,48,10,0,*,0,0
인천,중구,감경,여자,65세미만,15,*,0,6,*,*,0,*,0,0
인천,중구,감경,여자,65-69세,39,0,*,11,22,*,0,0,0,0
인천,중구,감경,여자,70-74세,77,*,7,18,32,9,0,0,0,0
인천,중구,감경,여자,75-79세,187,9,9,52,95,10,*,*,*,0
인천,중구,감경,여자,80-84세,295,17,21,100,133,13,*,*,*,0
인천,중구,감경,여자,85세이상,506,19,71,177,215,20,0,0,0,0
인천,동구,일반,남자,65세미만,16,0,0,*,*,0,0,*,*,*
인천,동구,일반,남자,65-69세,43,*,*,8,12,*,0,7,0,0
인천,동구,일반,남자,70-74세,31,0,*,11,10,0,0,*,*,0
인천,동구,일반,남자,75-79세,64,*,*,16,24,*,0,5,*,0
인천,동구,일반,남자,80-84세,74,0,*,17,38,*,0,*,0,0
인천,동구,일반,남자,85세이상,71,*,7,10,32,*,*,*,*,0
인천,동구,일반,여자,65세미만,14,0,0,*,*,*,0,*,*,0
인천,동구,일반,여자,65-69세,24,0,*,*,6,0,0,*,0,*
인천,동구,일반,여자,70-74세,76,*,*,12,22,*,0,7,5,*
인천,동구,일반,여자,75-79세,127,*,*,23,39,6,*,18,*,*
인천,동구,일반,여자,80-84세,192,*,8,37,79,15,*,18,*,0
인천,동구,일반,여자,85세이상,195,*,13,56,82,9,*,7,*,0
인천,동구,기초,남자,65세미만,29,*,*,5,9,*,0,*,0,0
인천,동구,기초,남자,65-69세,50,*,*,10,19,5,*,*,*,*
인천,동구,기초,남자,70-74세,40,*,0,*,26,*,*,*,0,*
인천,동구,기초,남자,75-79세,33,0,*,9,12,7,0,*,0,0
인천,동구,기초,남자,80-84세,23,*,0,6,10,*,0,*,*,0
인천,동구,기초,남자,85세이상,26,0,0,6,16,*,0,*,*,0
인천,동구,기초,여자,65세미만,16,*,0,*,6,*,0,*,*,*
인천,동구,기초,여자,65-69세,44,*,0,7,24,*,0,*,*,0
인천,동구,기초,여자,70-74세,47,*,*,5,27,*,*,*,*,0
인천,동구,기초,여자,75-79세,72,*,*,15,35,*,*,10,*,0
인천,동구,기초,여자,80-84세,97,*,6,25,48,6,0,6,0,0
인천,동구,기초,여자,85세이상,116,*,17,34,47,9,0,*,0,0
인천,동구,의료,남자,65세미만,0,0,0,0,0,0,0,0,0,0
인천,동구,의료,남자,70-74세,*,0,0,0,*,0,0,0,0,0
인천,동구,의료,남자,75-79세,*,0,0,0,*,0,0,0,0,0
인천,동구,의료,남자,80-84세,*,0,0,0,0,0,0,0,0,0
인천,동구,의료,남자,85세이상,*,0,0,*,*,0,0,0,*,0
인천,동구,의료,여자,70-74세,*,0,0,*,0,0,0,0,0,0
인천,동구,의료,여자,75-79세,*,0,0,0,*,0,0,0,0,0
인천,동구,의료,여자,80-84세,*,0,0,0,*,0,0,0,0,0
인천,동구,의료,여자,85세이상,7,0,0,*,*,0,0,*,0,0
인천,동구,감경,남자,65세미만,11,0,0,6,*,*,0,0,0,0
인천,동구,감경,남자,65-69세,28,*,*,8,11,*,0,0,0,0
인천,동구,감경,남자,70-74세,36,*,*,11,16,*,0,0,0,0
인천,동구,감경,남자,75-79세,57,*,6,14,28,*,0,0,0,0
인천,동구,감경,남자,80-84세,76,0,6,19,38,8,*,0,0,0
인천,동구,감경,남자,85세이상,58,*,9,12,29,*,0,0,0,0
인천,동구,감경,여자,65세미만,11,*,*,*,*,*,*,0,0,0
인천,동구,감경,여자,65-69세,27,*,*,6,15,0,0,0,0,0
인천,동구,감경,여자,70-74세,53,*,*,12,27,*,*,*,0,0
인천,동구,감경,여자,75-79세,97,*,8,21,52,8,0,*,0,0
인천,동구,감경,여자,80-84세,186,*,11,45,98,16,*,*,0,0
인천,동구,감경,여자,85세이상,292,12,36,100,129,7,*,*,0,0
인천,남구,일반,남자,65세미만,*,0,0,0,0,0,0,*,0,0
인천,남구,일반,남자,65-69세,0,0,0,0,0,0,0,0,0,0
인천,남구,일반,남자,75-79세,0,0,0,0,0,0,0,0,0,0
인천,남구,일반,여자,65세미만,0,0,0,0,0,0,0,0,0,0
인천,남구,일반,여자,65-69세,0,0,0,0,0,0,0,0,0,0
인천,남구,일반,여자,75-79세,0,0,0,0,0,0,0,0,0,0
인천,남구,일반,여자,80-84세,0,0,0,0,0,0,0,0,0,0
인천,남구,기초,남자,65세미만,0,0,0,0,0,0,0,0,0,0
인천,남구,기초,여자,65세미만,0,0,0,0,0,0,0,0,0,0
인천,남구,기초,여자,70-74세,0,0,0,0,0,0,0,0,0,0
인천,남구,감경,남자,75-79세,0,0,0,0,0,0,0,0,0,0
인천,남구,감경,여자,65세미만,0,0,0,0,0,0,0,0,0,0
인천,남구,감경,여자,75-79세,0,0,0,0,0,0,0,0,0,0
인천,미추홀구,일반,남자,65세미만,96,6,5,10,19,0,*,18,9,6
인천,미추홀구,일반,남자,65-69세,192,9,7,29,48,10,*,22,12,*
인천,미추홀구,일반,남자,70-74세,254,10,8,38,79,15,*,34,16,7
인천,미추홀구,일반,남자,75-79세,397,12,22,84,107,30,8,39,21,*
인천,미추홀구,일반,남자,80-84세,489,11,16,94,188,33,8,32,20,9
인천,미추홀구,일반,남자,85세이상,514,*,27,114,212,39,5,32,11,6
인천,미추홀구,일반,여자,65세미만,84,*,7,9,13,*,0,22,5,*
인천,미추홀구,일반,여자,65-69세,234,10,*,28,47,*,*,51,13,9
인천,미추홀구,일반,여자,70-74세,408,13,15,56,105,16,*,52,20,10
인천,미추홀구,일반,여자,75-79세,720,27,20,103,232,51,17,97,26,10
인천,미추홀구,일반,여자,80-84세,1037,29,64,193,398,65,10,83,38,8
인천,미추홀구,일반,여자,85세이상,1222,56,107,353,454,74,*,41,15,7
인천,미추홀구,기초,남자,65세미만,216,16,10,43,61,11,5,21,11,9
인천,미추홀구,기초,남자,65-69세,269,8,10,47,110,13,*,29,17,9
인천,미추홀구,기초,남자,70-74세,220,8,8,33,91,17,*,25,8,*
인천,미추홀구,기초,남자,75-79세,192,*,12,32,85,17,5,14,6,5
인천,미추홀구,기초,남자,80-84세,137,5,10,18,70,10,0,9,*,*
인천,미추홀구,기초,남자,85세이상,146,5,5,33,77,11,*,*,0,*
인천,미추홀구,기초,여자,65세미만,114,13,14,23,29,5,0,12,*,*
인천,미추홀구,기초,여자,65-69세,190,8,6,23,78,10,*,26,9,7
인천,미추홀구,기초,여자,70-74세,251,*,16,46,105,14,*,17,7,6
인천,미추홀구,기초,여자,75-79세,373,13,16,71,170,26,6,25,15,*
인천,미추홀구,기초,여자,80-84세,487,16,32,111,227,34,5,23,10,*
인천,미추홀구,기초,여자,85세이상,650,26,78,198,287,25,*,12,*,*
인천,미추홀구,의료,남자,65세미만,*,0,0,*,0,0,0,0,0,0
인천,미추홀구,의료,남자,65-69세,*,0,0,0,*,0,0,0,0,0
인천,미추홀구,의료,남자,70-74세,*,0,*,*,0,0,0,0,0,0
인천,미추홀구,의료,남자,75-79세,12,*,*,*,*,*,0,0,0,0
인천,미추홀구,의료,남자,80-84세,6,*,*,0,*,0,0,0,0,0
인천,미추홀구,의료,남자,85세이상,7,0,0,*,*,0,0,0,0,0
인천,미추홀구,의료,여자,65세미만,*,0,0,0,0,0,0,0,0,0
인천,미추홀구,의료,여자,65-69세,*,0,0,*,*,0,0,*,0,0
인천,미추홀구,의료,여자,70-74세,6,0,0,*,*,0,0,0,0,0
인천,미추홀구,의료,여자,75-79세,12,0,*,*,*,*,*,*,0,0
인천,미추홀구,의료,여자,80-84세,15,*,0,*,10,*,0,*,0,0
인천,미추홀구,의료,여자,85세이상,62,*,*,25,23,*,0,0,0,0
인천,미추홀구,감경,남자,65세미만,88,16,9,24,26,*,*,*,*,*
인천,미추홀구,감경,남자,65-69세,186,9,15,49,78,18,*,*,0,*
인천,미추홀구,감경,남자,70-74세,238,8,26,59,109,13,*,*,*,0
인천,미추홀구,감경,남자,75-79세,311,6,32,77,154,22,6,*,*,0
인천,미추홀구,감경,남자,80-84세,367,7,28,103,175,40,5,*,0,*
인천,미추홀구,감경,남자,85세이상,372,*,30,116,184,32,*,0,0,0
인천,미추홀구,감경,여자,65세미만,68,10,13,13,18,*,0,*,*,*
인천,미추홀구,감경,여자,65-69세,156,11,13,36,69,7,*,*,*,0
인천,미추홀구,감경,여자,70-74세,265,11,26,64,109,14,13,*,*,*
인천,미추홀구,감경,여자,75-79세,558,28,35,128,253,74,9,8,0,0
인천,미추홀구,감경,여자,80-84세,983,44,74,271,462,83,12,*,0,0
인천,미추홀구,감경,여자,85세이상,1644,86,224,534,684,85,8,*,*,0
인천,연수구,일반,남자,65세미만,85,7,*,27,11,*,0,18,5,6
인천,연수구,일반,남자,65-69세,115,*,*,22,38,*,*,17,5,*
인천,연수구,일반,남자,70-74세,161,8,9,36,45,11,0,22,*,*
인천,연수구,일반,남자,75-79세,198,5,6,40,59,27,5,28,7,0
인천,연수구,일반,남자,80-84세,240,8,10,48,87,27,*,16,5,*
인천,연수구,일반,남자,85세이상,291,7,14,68,111,29,*,19,*,*
인천,연수구,일반,여자,65세미만,72,11,5,15,15,*,0,14,*,*
인천,연수구,일반,여자,65-69세,127,*,*,22,35,6,*,17,5,0
인천,연수구,일반,여자,70-74세,209,*,8,31,67,10,*,28,6,*
인천,연수구,일반,여자,75-79세,362,10,10,61,114,34,*,36,10,*
인천,연수구,일반,여자,80-84세,664,18,45,123,250,68,7,61,9,5
인천,연수구,일반,여자,85세이상,893,26,75,284,338,61,*,28,8,*
인천,연수구,기초,남자,65세미만,94,5,*,20,24,6,*,17,8,*
인천,연수구,기초,남자,65-69세,145,0,*,17,56,9,*,21,13,5
인천,연수구,기초,남자,70-74세,90,0,6,15,34,7,*,8,8,*
인천,연수구,기초,남자,75-79세,87,*,5,13,32,13,*,8,*,*
인천,연수구,기초,남자,80-84세,70,0,6,10,29,8,*,9,*,*
인천,연수구,기초,남자,85세이상,49,*,*,6,32,*,0,*,0,0
인천,연수구,기초,여자,65세미만,55,*,*,8,16,*,0,6,*,6
인천,연수구,기초,여자,65-69세,98,*,5,18,33,12,*,*,6,*
인천,연수구,기초,여자,70-74세,93,*,*,19,42,*,0,14,*,*
인천,연수구,기초,여자,75-79세,143,*,*,26,57,13,0,19,*,0
인천,연수구,기초,여자,80-84세,261,*,16,51,107,29,*,19,9,*
인천,연수구,기초,여자,85세이상,345,9,28,94,169,22,*,6,*,0
인천,연수구,의료,남자,65-69세,*,0,0,0,*,0,0,0,0,0
인천,연수구,의료,남자,70-74세,0,0,0,0,0,0,0,0,0,0
인천,연수구,의료,남자,75-79세,6,0,0,*,*,*,0,*,0,0
인천,연수구,의료,남자,80-84세,*,0,0,0,*,0,0,0,0,0
인천,연수구,의료,남자,85세이상,*,0,0,*,*,0,0,0,0,0
인천,연수구,의료,여자,65세미만,*,0,0,0,0,0,0,0,0,0
인천,연수구,의료,여자,65-69세,*,0,0,0,*,0,0,0,0,0
인천,연수구,의료,여자,70-74세,*,0,0,0,*,0,0,*,0,0
인천,연수구,의료,여자,75-79세,*,0,0,0,*,0,0,0,0,0
인천,연수구,의료,여자,80-84세,11,0,*,*,*,0,0,*,0,0
인천,연수구,의료,여자,85세이상,26,0,5,7,8,*,0,0,0,0
인천,연수구,감경,남자,65세미만,34,*,*,13,11,*,0,*,0,0
인천,연수구,감경,남자,65-69세,51,*,*,17,22,*,0,0,0,0
인천,연수구,감경,남자,70-74세,72,*,*,28,29,8,*,0,0,0
인천,연수구,감경,남자,75-79세,90,5,*,25,43,9,*,0,*,*
인천,연수구,감경,남자,80-84세,119,*,*,33,55,18,*,0,0,0
인천,연수구,감경,남자,85세이상,157,*,7,48,70,17,*,0,*,0
인천,연수구,감경,여자,65세미만,35,7,*,9,12,*,0,*,0,0
인천,연수구,감경,여자,65-69세,53,*,6,17,16,6,*,*,0,0
인천,연수구,감경,여자,70-74세,86,6,*,14,42,14,0,0,0,0
인천,연수구,감경,여자,75-79세,183,10,8,51,76,26,*,*,0,0
인천,연수구,감경,여자,80-84세,395,13,29,92,197,42,*,*,*,*
인천,연수구,감경,여자,85세이상,798,31,72,261,368,50,*,*,0,0
인천,남동구,일반,남자,65세미만,150,10,11,22,13,*,*,32,12,*
인천,남동구,일반,남자,65-69세,256,11,12,41,78,*,*,30,13,6
인천,남동구,일반,남자,70-74세,310,15,20,71,86,11,*,36,10,6
인천,남동구,일반,남자,75-79세,440,18,19,87,148,33,5,39,10,5
인천,남동구,일반,남자,80-84세,472,7,26,105,162,39,8,26,20,7
인천,남동구,일반,남자,85세이상,487,9,34,114,196,39,5,24,8,*
인천,남동구,일반,여자,65세미만,135,12,7,19,21,*,0,26,8,5
인천,남동구,일반,여자,65-69세,254,14,10,36,55,*,*,45,15,7
인천,남동구,일반,여자,70-74세,462,17,24,66,115,25,7,68,23,6
인천,남동구,일반,여자,75-79세,789,25,41,128,234,50,13,89,33,8
인천,남동구,일반,여자,80-84세,1222,28,67,239,482,114,12,89,33,9
인천,남동구,일반,여자,85세이상,1407,51,125,395,566,70,6,55,10,*
인천,남동구,기초,남자,65세미만,307,16,22,62,103,15,5,28,12,9
인천,남동구,기초,남자,65-69세,387,15,26,55,141,21,11,40,26,12
인천,남동구,기초,남자,70-74세,299,6,12,60,123,23,5,20,8,8
인천,남동구,기초,남자,75-79세,250,5,11,47,106,32,*,14,11,5
인천,남동구,기초,남자,80-84세,243,6,18,46,123,16,0,12,5,*
인천,남동구,기초,남자,85세이상,206,6,16,41,103,13,*,*,*,*
인천,남동구,기초,여자,65세미만,170,15,14,32,50,7,*,24,5,0
인천,남동구,기초,여자,65-69세,321,10,23,61,130,16,*,36,10,*
인천,남동구,기초,여자,70-74세,363,12,17,66,161,19,*,28,15,7
인천,남동구,기초,여자,75-79세,484,13,26,105,210,45,5,34,9,7
인천,남동구,기초,여자,80-84세,717,23,49,136,356,59,*,26,13,5
인천,남동구,기초,여자,85세이상,804,41,73,245,360,35,*,9,11,0
인천,남동구,의료,남자,65세미만,6,*,0,0,0,0,0,0,0,0
인천,남동구,의료,남자,65-69세,6,0,*,*,*,0,0,0,0,0
인천,남동구,의료,남자,70-74세,*,0,0,0,*,0,0,0,0,0
인천,남동구,의료,남자,75-79세,19,0,*,*,12,0,0,0,*,0
인천,남동구,의료,남자,80-84세,8,0,*,0,*,*,0,0,0,0
인천,남동구,의료,남자,85세이상,9,*,*,*,5,0,0,0,0,0
인천,남동구,의료,여자,65세미만,*,0,0,0,0,*,0,0,0,0
인천,남동구,의료,여자,65-69세,10,*,0,*,*,0,0,*,*,0
인천,남동구,의료,여자,70-74세,10,0,0,*,6,0,0,*,*,0
인천,남동구,의료,여자,75-79세,14,*,0,*,7,0,0,0,*,0
인천,남동구,의료,여자,80-84세,20,0,*,*,8,*,0,*,*,0
인천,남동구,의료,여자,85세이상,81,7,11,24,31,*,0,*,0,0
인천,남동구,감경,남자,65세미만,106,10,10,28,39,*,0,*,0,0
인천,남동구,감경,남자,65-69세,227,8,23,55,111,13,*,*,*,*
인천,남동구,감경,남자,70-74세,286,11,17,77,143,27,0,*,*,*
인천,남동구,감경,남자,75-79세,334,13,27,79,164,36,5,*,*,*
인천,남동구,감경,남자,80-84세,348,11,23,86,166,44,10,0,*,0
인천,남동구,감경,남자,85세이상,419,10,32,116,213,35,5,*,0,0
인천,남동구,감경,여자,65세미만,80,11,9,31,19,0,0,0,*,*
인천,남동구,감경,여자,65-69세,182,17,10,38,85,14,5,*,0,*
인천,남동구,감경,여자,70-74세,316,17,32,65,150,24,6,*,0,*
인천,남동구,감경,여자,75-79세,645,31,58,161,285,60,12,10,5,0
인천,남동구,감경,여자,80-84세,1105,52,89,315,528,83,13,*,*,0
인천,남동구,감경,여자,85세이상,2021,99,265,674,863,91,6,*,*,*
인천,부평구,일반,남자,65세미만,117,*,6,21,16,*,*,27,*,8
인천,부평구,일반,남자,65-69세,234,9,10,32,54,11,*,33,23,8
인천,부평구,일반,남자,70-74세,293,8,11,64,91,16,*,24,10,9
인천,부평구,일반,남자,75-79세,396,9,23,75,136,27,6,33,8,8
인천,부평구,일반,남자,80-84세,453,17,32,101,132,35,10,21,16,16
인천,부평구,일반,남자,85세이상,483,7,29,128,172,31,6,23,13,14
인천,부평구,일반,여자,65세미만,114,9,*,13,21,5,*,23,7,5
인천,부평구,일반,여자,65-69세,237,*,10,29,39,8,*,48,16,10
인천,부평구,일반,여자,70-74세,386,8,16,63,97,15,5,51,14,10
인천,부평구,일반,여자,75-79세,761,17,30,121,226,62,17,93,26,16
인천,부평구,일반,여자,80-84세,1131,21,49,244,443,67,16,70,28,17
인천,부평구,일반,여자,85세이상,1471,37,142,429,572,54,13,66,20,12
인천,부평구,기초,남자,65세미만,249,12,10,42,84,19,*,32,9,8
인천,부평구,기초,남자,65-69세,314,6,11,50,115,22,*,33,19,18
인천,부평구,기초,남자,70-74세,258,*,7,36,118,23,*,17,17,5
인천,부평구,기초,남자,75-79세,180,6,13,33,70,13,*,16,6,*
인천,부평구,기초,남자,80-84세,171,*,14,32,73,18,*,9,*,*
인천,부평구,기초,남자,85세이상,136,0,9,28,66,9,*,6,*,*
인천,부평구,기초,여자,65세미만,156,9,9,38,31,8,*,22,8,10
인천,부평구,기초,여자,65-69세,242,11,7,40,93,9,*,29,18,8
인천,부평구,기초,여자,70-74세,282,6,11,49,123,9,6,28,13,8
인천,부평구,기초,여자,75-79세,388,11,23,65,180,19,5,26,15,8
인천,부평구,기초,여자,80-84세,551,12,37,125,251,32,*,24,11,8
인천,부평구,기초,여자,85세이상,704,43,88,215,283,24,5,8,5,*
인천,부평구,의료,남자,65세미만,*,0,0,0,*,0,0,0,0,0
인천,부평구,의료,남자,65-69세,*,0,0,0,*,0,0,*,0,0
인천,부평구,의료,남자,70-74세,*,0,0,0,*,*,0,*,0,0
인천,부평구,의료,남자,75-79세,7,0,0,*,*,0,0,0,0,0
인천,부평구,의료,남자,80-84세,6,0,*,*,*,0,0,0,0,0
인천,부평구,의료,남자,85세이상,7,0,*,*,*,0,0,0,0,0
인천,부평구,의료,여자,65세미만,*,0,0,0,*,0,0,*,0,*
인천,부평구,의료,여자,65-69세,*,0,0,0,*,0,0,0,0,*
인천,부평구,의료,여자,70-74세,*,0,0,*,*,0,0,0,0,0
인천,부평구,의료,여자,75-79세,7,0,0,*,*,0,*,0,*,0
인천,부평구,의료,여자,80-84세,10,*,*,*,5,0,0,0,0,0
인천,부평구,의료,여자,85세이상,44,*,*,12,20,*,0,*,0,*
인천,부평구,감경,남자,65세미만,103,9,9,37,28,8,0,*,0,0
인천,부평구,감경,남자,65-69세,183,16,9,52,77,8,0,*,*,0
인천,부평구,감경,남자,70-74세,228,8,19,68,111,12,*,0,*,*
인천,부평구,감경,남자,75-79세,293,13,29,83,127,18,5,*,*,*
인천,부평구,감경,남자,80-84세,274,9,14,70,139,31,*,*,*,0
인천,부평구,감경,남자,85세이상,382,7,27,129,193,16,*,*,0,0
인천,부평구,감경,여자,65세미만,69,8,6,19,21,6,0,*,0,0
인천,부평구,감경,여자,65-69세,181,13,16,52,67,10,*,5,0,0
인천,부평구,감경,여자,70-74세,259,9,22,68,120,16,*,*,0,0
인천,부평구,감경,여자,75-79세,516,19,32,126,253,44,14,8,*,0
인천,부평구,감경,여자,80-84세,941,25,72,259,475,73,9,6,0,*
인천,부평구,감경,여자,85세이상,1716,81,190,612,726,72,10,*,0,*
인천,계양구,일반,남자,65세미만,88,5,*,11,16,*,*,15,6,6
인천,계양구,일반,남자,65-69세,166,*,6,18,45,6,7,26,11,*
인천,계양구,일반,남자,70-74세,164,5,10,35,35,16,*,19,11,*
인천,계양구,일반,남자,75-79세,199,0,9,41,55,12,7,13,8,*
인천,계양구,일반,남자,80-84세,233,8,6,52,75,12,*,12,13,10
인천,계양구,일반,남자,85세이상,243,*,16,53,101,16,*,16,*,*
인천,계양구,일반,여자,65세미만,83,*,6,18,8,*,*,18,*,*
인천,계양구,일반,여자,65-69세,162,9,8,16,33,*,*,25,12,7
인천,계양구,일반,여자,70-74세,218,6,10,19,62,15,*,29,15,6
인천,계양구,일반,여자,75-79세,381,18,19,65,94,25,5,43,21,9
인천,계양구,일반,여자,80-84세,625,24,34,123,209,53,19,44,21,10
인천,계양구,일반,여자,85세이상,841,29,75,280,284,58,5,31,8,5
인천,계양구,기초,남자,65세미만,172,7,8,40,50,13,6,14,5,8
인천,계양구,기초,남자,65-69세,155,8,6,28,47,18,*,14,5,7
인천,계양구,기초,남자,70-74세,115,*,7,26,44,7,*,9,*,*
인천,계양구,기초,남자,75-79세,91,*,7,13,37,9,*,5,*,*
인천,계양구,기초,남자,80-84세,74,*,*,16,29,8,0,*,*,5
인천,계양구,기초,남자,85세이상,89,0,*,18,41,10,*,*,*,*
인천,계양구,기초,여자,65세미만,75,9,5,17,17,7,*,5,*,*
인천,계양구,기초,여자,65-69세,112,*,9,19,29,8,*,11,8,*
인천,계양구,기초,여자,70-74세,133,7,5,27,59,*,*,10,*,*
인천,계양구,기초,여자,75-79세,164,11,6,33,65,11,8,11,*,*
인천,계양구,기초,여자,80-84세,305,13,24,77,132,22,5,9,7,5
인천,계양구,기초,여자,85세이상,410,25,51,129,160,27,*,*,0,*
인천,계양구,의료,남자,65세미만,*,0,0,0,0,0,0,0,*,0
인천,계양구,의료,남자,65-69세,*,0,0,*,0,*,0,0,0,0
인천,계양구,의료,남자,70-74세,*,*,0,0,0,0,0,0,0,0
인천,계양구,의료,남자,75-79세,*,0,0,*,*,0,0,0,0,0
인천,계양구,의료,남자,80-84세,*,0,0,0,*,0,0,0,0,0
인천,계양구,의료,남자,85세이상,6,0,*,*,*,*,0,0,0,0
인천,계양구,의료,여자,65세미만,*,0,0,0,*,0,0,0,0,0
인천,계양구,의료,여자,65-69세,0,0,0,0,0,0,0,0,0,0
인천,계양구,의료,여자,70-74세,*,0,*,*,*,0,0,0,0,0
인천,계양구,의료,여자,75-79세,5,0,0,*,*,0,0,0,0,0
인천,계양구,의료,여자,80-84세,11,*,0,*,7,0,0,0,0,0
인천,계양구,의료,여자,85세이상,23,0,*,5,10,*,*,0,0,0
인천,계양구,감경,남자,65세미만,83,5,7,26,25,5,0,*,*,*
인천,계양구,감경,남자,65-69세,130,8,9,38,56,5,*,*,*,0
인천,계양구,감경,남자,70-74세,133,*,8,30,67,13,*,*,0,*
인천,계양구,감경,남자,75-79세,164,5,11,47,70,15,5,0,*,0
인천,계양구,감경,남자,80-84세,208,7,12,59,88,29,5,*,*,0
인천,계양구,감경,남자,85세이상,257,*,15,75,131,27,*,*,0,0
인천,계양구,감경,여자,65세미만,63,6,13,22,13,*,*,0,0,*
인천,계양구,감경,여자,65-69세,75,*,5,23,29,7,*,0,0,0
인천,계양구,감경,여자,70-74세,167,7,15,40,73,12,5,*,*,0
인천,계양구,감경,여자,75-79세,329,12,26,87,155,24,8,*,*,0
인천,계양구,감경,여자,80-84세,686,33,56,192,316,58,9,5,*,*
인천,계양구,감경,여자,85세이상,1205,70,128,410,496,61,16,*,*,0
인천,서구,일반,남자,65세미만,112,*,5,21,27,*,*,16,6,5
인천,서구,일반,남자,65-69세,228,*,13,50,54,13,0,33,*,*
인천,서구,일반,남자,70-74세,297,9,13,70,81,20,7,33,11,*
인천,서구,일반,남자,75-79세,416,17,21,91,131,35,*,27,11,8
인천,서구,일반,남자,80-84세,449,11,30,106,154,34,8,34,6,8
인천,서구,일반,남자,85세이상,466,9,36,95,203,29,5,18,8,*
인천,서구,일반,여자,65세미만,107,12,8,21,20,*,*,15,6,5
인천,서구,일반,여자,65-69세,272,10,9,43,52,10,5,40,10,8
인천,서구,일반,여자,70-74세,406,14,17,62,105,29,8,57,14,6
인천,서구,일반,여자,75-79세,721,24,35,116,247,54,22,55,24,7
인천,서구,일반,여자,80-84세,1071,36,68,229,387,99,11,66,21,9
인천,서구,일반,여자,85세이상,1326,61,145,393,457,93,5,41,11,5
인천,서구,기초,남자,65세미만,273,15,12,70,103,15,*,12,5,11
인천,서구,기초,남자,65-69세,294,9,17,72,98,17,*,20,14,7
인천,서구,기초,남자,70-74세,210,9,10,40,86,14,*,12,*,6
인천,서구,기초,남자,75-79세,176,*,9,41,75,12,*,12,6,*
인천,서구,기초,남자,80-84세,168,*,9,46,70,15,*,8,*,*
인천,서구,기초,남자,85세이상,145,*,10,40,67,15,*,0,*,*
인천,서구,기초,여자,65세미만,138,14,15,35,40,9,*,6,*,*
인천,서구,기초,여자,65-69세,213,7,16,54,72,15,0,19,10,5
인천,서구,기초,여자,70-74세,245,7,7,59,113,20,*,10,*,*
인천,서구,기초,여자,75-79세,337,9,18,77,155,25,*,13,*,*
인천,서구,기초,여자,80-84세,472,25,38,134,217,22,*,6,*,*
인천,서구,기초,여자,85세이상,736,38,101,263,258,37,*,14,0,0
인천,서구,의료,남자,65세미만,0,0,0,0,0,0,0,0,0,0
인천,서구,의료,남자,65-69세,*,0,*,*,0,0,0,0,0,0
인천,서구,의료,남자,70-74세,5,0,0,*,*,0,0,*,0,0
인천,서구,의료,남자,75-79세,*,0,0,*,*,0,0,0,0,0
인천,서구,의료,남자,80-84세,*,0,0,0,*,0,0,0,0,0
인천,서구,의료,남자,85세이상,6,*,*,*,*,0,0,0,0,0
인천,서구,의료,여자,65세미만,0,0,0,0,0,0,0,0,0,0
인천,서구,의료,여자,65-69세,*,*,0,0,0,0,0,0,0,0
인천,서구,의료,여자,70-74세,10,0,*,*,*,*,*,*,0,0
인천,서구,의료,여자,75-79세,9,0,0,*,5,0,0,0,0,0
인천,서구,의료,여자,80-84세,11,0,0,*,*,*,0,*,*,0
인천,서구,의료,여자,85세이상,49,*,6,16,20,0,0,0,0,0
인천,서구,감경,남자,65세미만,104,11,6,35,31,5,*,*,0,0
인천,서구,감경,남자,65-69세,177,14,18,60,64,15,0,*,0,*
인천,서구,감경,남자,70-74세,225,7,9,91,92,14,0,*,0,*
인천,서구,감경,남자,75-79세,308,10,22,88,147,29,*,*,*,*
인천,서구,감경,남자,80-84세,316,8,21,94,151,22,8,*,*,0
인천,서구,감경,남자,85세이상,360,8,24,109,181,25,*,*,0,0
인천,서구,감경,여자,65세미만,91,16,10,27,22,6,*,*,0,0
인천,서구,감경,여자,65-69세,167,11,14,58,49,12,*,*,0,0
인천,서구,감경,여자,70-74세,275,13,22,73,123,21,7,*,*,0
인천,서구,감경,여자,75-79세,539,22,44,147,216,58,15,6,*,0
인천,서구,감경,여자,80-84세,1056,48,111,304,473,80,10,*,*,*
인천,서구,감경,여자,85세이상,1705,82,226,632,659,84,5,*,*,*
인천,강화군,일반,남자,65세미만,16,0,0,5,5,0,0,*,*,0
인천,강화군,일반,남자,65-69세,61,0,*,6,17,*,0,8,*,*
인천,강화군,일반,남자,70-74세,84,*,*,13,26,*,*,6,*,5
인천,강화군,일반,남자,75-79세,130,*,6,18,46,15,*,6,7,0
인천,강화군,일반,남자,80-84세,173,*,7,23,73,13,*,8,7,*
인천,강화군,일반,남자,85세이상,257,5,13,42,107,24,*,13,8,*
인천,강화군,일반,여자,65세미만,12,*,*,*,*,0,0,*,0,0
인천,강화군,일반,여자,65-69세,53,*,0,8,9,*,*,9,6,7
인천,강화군,일반,여자,70-74세,110,*,*,14,32,*,*,11,7,*
인천,강화군,일반,여자,75-79세,222,*,9,27,72,12,*,24,10,*
인천,강화군,일반,여자,80-84세,372,*,12,63,160,25,11,24,10,*
인천,강화군,일반,여자,85세이상,613,8,44,163,278,29,7,14,*,*
인천,강화군,기초,남자,65세미만,30,*,*,5,10,0,0,*,*,0
인천,강화군,기초,남자,65-69세,40,*,*,9,10,*,*,*,*,*
인천,강화군,기초,남자,70-74세,43,0,*,8,14,*,0,5,*,0
인천,강화군,기초,남자,75-79세,36,0,*,11,14,*,0,*,*,*
인천,강화군,기초,남자,80-84세,37,*,*,*,18,*,0,*,*,*
인천,강화군,기초,남자,85세이상,35,*,*,10,16,*,0,*,0,0
인천,강화군,기초,여자,65세미만,25,0,*,6,8,0,0,*,*,*
인천,강화군,기초,여자,65-69세,41,*,*,5,18,*,0,*,*,*
인천,강화군,기초,여자,70-74세,44,0,*,11,13,5,0,*,*,*
인천,강화군,기초,여자,75-79세,72,0,5,15,33,5,*,*,0,*
인천,강화군,기초,여자,80-84세,81,*,7,20,41,*,0,*,*,0
인천,강화군,기초,여자,85세이상,146,*,18,27,83,7,0,*,0,0
인천,강화군,의료,남자,70-74세,0,0,0,0,0,0,0,0,0,0
인천,강화군,의료,남자,75-79세,*,0,0,*,0,0,0,0,0,0
인천,강화군,의료,남자,85세이상,*,0,0,0,*,0,0,0,0,0
인천,강화군,의료,여자,70-74세,0,0,0,0,0,0,0,0,0,0
인천,강화군,의료,여자,75-79세,0,0,0,0,0,0,0,0,0,0
인천,강화군,의료,여자,80-84세,*,0,0,*,*,0,0,0,0,0
인천,강화군,의료,여자,85세이상,10,0,0,*,5,*,*,0,0,0
인천,강화군,감경,남자,65세미만,10,*,*,*,*,0,0,0,0,0
인천,강화군,감경,남자,65-69세,22,*,*,7,7,*,*,0,0,0
인천,강화군,감경,남자,70-74세,37,*,*,11,17,*,*,0,0,0
인천,강화군,감경,남자,75-79세,57,0,5,15,31,*,*,0,0,0
인천,강화군,감경,남자,80-84세,81,*,*,18,47,7,0,*,0,0
인천,강화군,감경,남자,85세이상,113,*,9,28,63,7,*,0,0,0
인천,강화군,감경,여자,65세미만,8,*,*,*,*,0,0,0,0,0
인천,강화군,감경,여자,65-69세,22,0,0,8,8,*,*,*,0,0
인천,강화군,감경,여자,70-74세,41,*,*,11,17,*,*,0,0,0
인천,강화군,감경,여자,75-79세,100,*,7,30,42,10,0,*,0,*
인천,강화군,감경,여자,80-84세,233,5,13,53,126,23,5,*,0,0
인천,강화군,감경,여자,85세이상,501,9,41,169,236,35,*,*,0,0
인천,옹진군,일반,남자,65세미만,9,*,0,0,*,0,0,*,*,0
인천,옹진군,일반,남자,65-69세,10,0,*,*,*,0,*,0,0,*
인천,옹진군,일반,남자,70-74세,11,0,0,6,*,*,0,0,0,*
인천,옹진군,일반,남자,75-79세,16,0,*,*,7,0,0,*,*,0
인천,옹진군,일반,남자,80-84세,14,0,*,*,8,0,0,*,*,0
인천,옹진군,일반,남자,85세이상,19,0,*,*,11,0,0,*,0,0
인천,옹진군,일반,여자,65세미만,*,0,0,0,*,0,0,*,0,0
인천,옹진군,일반,여자,65-69세,9,0,0,*,*,*,0,*,*,*
인천,옹진군,일반,여자,70-74세,22,0,*,*,*,0,0,*,0,8
인천,옹진군,일반,여자,75-79세,29,0,*,*,10,0,0,*,*,6
인천,옹진군,일반,여자,80-84세,30,0,*,5,7,*,0,*,*,*
인천,옹진군,일반,여자,85세이상,60,0,*,18,26,*,0,*,*,0
인천,옹진군,기초,남자,65세미만,8,*,0,*,*,0,0,0,*,0
인천,옹진군,기초,남자,65-69세,*,0,0,0,0,0,0,0,*,0
인천,옹진군,기초,남자,70-74세,10,0,0,0,7,*,0,*,0,0
인천,옹진군,기초,남자,75-79세,7,0,0,*,5,*,0,0,0,0
인천,옹진군,기초,남자,80-84세,5,0,0,*,*,0,0,0,0,0
인천,옹진군,기초,남자,85세이상,*,0,0,*,*,*,0,0,0,0
인천,옹진군,기초,여자,65세미만,*,0,0,*,*,0,0,*,0,0
인천,옹진군,기초,여자,65-69세,*,0,0,0,*,0,0,0,0,0
인천,옹진군,기초,여자,70-74세,7,0,0,*,*,0,0,*,0,*
인천,옹진군,기초,여자,75-79세,*,0,0,*,*,0,0,0,0,0
인천,옹진군,기초,여자,80-84세,15,0,*,*,7,0,0,*,0,0
인천,옹진군,기초,여자,85세이상,12,0,0,*,8,*,0,0,0,0
인천,옹진군,의료,여자,65-69세,*,0,0,0,0,0,0,0,0,0
인천,옹진군,의료,여자,85세이상,*,0,0,0,*,0,0,0,0,0
인천,옹진군,감경,남자,65세미만,*,0,*,*,0,0,0,0,0,0
인천,옹진군,감경,남자,65-69세,7,0,*,*,*,*,0,0,0,0
인천,옹진군,감경,남자,70-74세,*,0,0,0,*,0,0,0,0,0
인천,옹진군,감경,남자,75-79세,9,0,*,*,*,*,0,0,0,0
인천,옹진군,감경,남자,80-84세,12,0,0,*,8,*,0,0,0,0
인천,옹진군,감경,남자,85세이상,19,0,*,*,13,0,0,0,0,0
인천,옹진군,감경,여자,65세미만,*,0,0,*,*,0,0,0,0,0
인천,옹진군,감경,여자,65-69세,5,0,0,*,*,0,0,0,0,0
인천,옹진군,감경,여자,70-74세,6,*,*,*,*,*,0,0,0,0
인천,옹진군,감경,여자,75-79세,12,0,0,*,9,0,0,0,0,0
인천,옹진군,감경,여자,80-84세,27,0,0,10,13,*,0,0,0,0
인천,옹진군,감경,여자,85세이상,63,*,*,18,36,*,0,0,0,0
광주,동구,일반,남자,65세미만,16,*,*,*,*,0,0,*,*,0
광주,동구,일반,남자,65-69세,71,*,*,9,9,*,*,8,8,7
광주,동구,일반,남자,70-74세,110,*,9,16,29,7,*,12,7,*
광주,동구,일반,남자,75-79세,178,*,10,29,61,14,*,17,10,*
광주,동구,일반,남자,80-84세,238,*,*,41,91,19,8,19,11,*
광주,동구,일반,남자,85세이상,279,*,18,54,110,27,7,15,9,*
광주,동구,일반,여자,65세미만,22,0,*,*,*,0,0,7,*,*
광주,동구,일반,여자,65-69세,86,*,*,5,13,*,0,15,10,*
광주,동구,일반,여자,70-74세,143,*,*,20,31,*,*,27,16,*
광주,동구,일반,여자,75-79세,324,11,8,38,96,32,6,32,16,6
광주,동구,일반,여자,80-84세,522,7,25,70,202,58,8,37,23,8
광주,동구,일반,여자,85세이상,529,15,34,101,215,45,6,23,10,*
광주,동구,기초,남자,65세미만,31,0,*,8,5,*,0,*,*,*
광주,동구,기초,남자,65-69세,66,*,*,*,17,*,*,13,*,7
광주,동구,기초,남자,70-74세,45,*,6,*,11,*,0,*,6,*
광주,동구,기초,남자,75-79세,33,0,*,7,9,*,*,*,*,*
광주,동구,기초,남자,80-84세,29,0,0,*,7,*,0,*,*,*
광주,동구,기초,남자,85세이상,23,0,*,*,9,*,*,*,0,*
광주,동구,기초,여자,65세미만,13,*,*,*,*,0,0,*,0,*
광주,동구,기초,여자,65-69세,41,0,5,7,7,*,*,*,*,*
광주,동구,기초,여자,70-74세,66,0,*,*,25,*,0,8,6,5
광주,동구,기초,여자,75-79세,69,*,5,10,23,5,*,5,5,*
광주,동구,기초,여자,80-84세,85,0,8,18,35,7,*,*,*,*
광주,동구,기초,여자,85세이상,78,0,7,24,33,5,0,*,0,0
광주,동구,의료,남자,65세미만,0,0,0,0,0,0,0,0,0,0
광주,동구,의료,남자,65-69세,*,0,0,*,*,0,0,*,0,0
광주,동구,의료,남자,70-74세,*,0,0,0,0,0,0,0,0,0
광주,동구,의료,남자,75-79세,*,0,0,*,*,0,0,0,0,0
광주,동구,의료,남자,80-84세,*,0,0,*,*,0,0,0,0,0
광주,동구,의료,남자,85세이상,6,0,*,*,*,*,*,0,0,0
광주,동구,의료,여자,65-69세,*,0,0,0,0,0,0,*,0,0
광주,동구,의료,여자,70-74세,6,0,0,0,*,0,0,0,0,0
광주,동구,의료,여자,75-79세,*,0,0,0,0,*,0,0,*,0
광주,동구,의료,여자,80-84세,13,0,0,5,*,*,0,0,*,0
광주,동구,의료,여자,85세이상,27,*,*,6,7,*,*,*,0,0
광주,동구,감경,남자,65세미만,15,0,0,6,*,*,*,*,0,0
광주,동구,감경,남자,65-69세,38,*,*,11,12,5,*,0,*,*
광주,동구,감경,남자,70-74세,41,0,*,11,18,*,*,0,0,0
광주,동구,감경,남자,75-79세,70,*,*,15,37,9,0,0,0,0
광주,동구,감경,남자,80-84세,101,*,12,20,48,11,*,0,*,0
광주,동구,감경,남자,85세이상,90,*,*,20,41,19,*,0,0,0
광주,동구,감경,여자,65세미만,6,*,0,*,*,0,0,0,0,0
광주,동구,감경,여자,65-69세,37,*,*,8,13,*,*,0,0,0
광주,동구,감경,여자,70-74세,79,7,7,17,34,7,*,0,0,0
광주,동구,감경,여자,75-79세,160,8,12,30,73,19,5,*,*,*
광주,동구,감경,여자,80-84세,303,8,37,58,136,37,*,*,*,*
광주,동구,감경,여자,85세이상,487,27,54,140,211,23,7,*,*,0
광주,서구,일반,남자,65세미만,50,*,*,6,6,0,*,12,6,6
광주,서구,일반,남자,65-69세,141,7,9,18,36,6,*,24,9,9
광주,서구,일반,남자,70-74세,182,*,10,28,49,9,*,32,9,*
광주,서구,일반,남자,75-79세,302,13,12,60,98,25,5,27,17,5
광주,서구,일반,남자,80-84세,378,12,12,85,145,38,*,21,12,5
광주,서구,일반,남자,85세이상,403,7,26,75,175,35,5,22,9,*
광주,서구,일반,여자,65세미만,54,*,7,*,5,*,*,7,5,8
광주,서구,일반,여자,65-69세,178,9,7,14,28,*,*,32,22,*
광주,서구,일반,여자,70-74세,285,5,*,31,83,14,5,41,25,6
광주,서구,일반,여자,75-79세,560,11,13,84,177,36,11,73,32,10
광주,서구,일반,여자,80-84세,773,15,23,151,292,70,10,57,34,7
광주,서구,일반,여자,85세이상,851,25,59,210,368,53,*,32,16,*
광주,서구,기초,남자,65세미만,115,*,*,12,26,12,*,17,10,16
광주,서구,기초,남자,65-69세,154,*,*,17,44,19,*,25,17,14
광주,서구,기초,남자,70-74세,131,*,*,14,55,19,*,5,11,10
광주,서구,기초,남자,75-79세,79,*,*,18,23,10,6,5,6,*
광주,서구,기초,남자,80-84세,71,*,*,11,29,10,*,*,*,0
광주,서구,기초,남자,85세이상,47,*,0,6,25,*,*,*,*,*
광주,서구,기초,여자,65세미만,63,*,5,8,13,*,*,13,6,*
광주,서구,기초,여자,65-69세,115,*,*,14,25,10,*,26,15,*
광주,서구,기초,여자,70-74세,144,*,8,24,53,9,*,16,9,11
광주,서구,기초,여자,75-79세,209,*,6,43,94,17,*,15,12,*
광주,서구,기초,여자,80-84세,230,5,13,48,109,21,*,9,7,*
광주,서구,기초,여자,85세이상,275,11,21,69,123,26,*,5,5,0
광주,서구,의료,남자,65세미만,*,0,0,0,0,0,0,*,0,0
광주,서구,의료,남자,65-69세,0,0,0,0,0,0,0,0,0,0
광주,서구,의료,남자,70-74세,7,*,0,*,*,0,0,0,*,0
광주,서구,의료,남자,75-79세,15,*,*,8,*,*,0,0,0,0
광주,서구,의료,남자,80-84세,12,0,0,*,8,0,0,*,0,0
광주,서구,의료,남자,85세이상,11,0,0,*,7,*,0,0,0,0
광주,서구,의료,여자,65-69세,*,0,0,0,0,*,0,0,0,0
광주,서구,의료,여자,70-74세,10,0,0,*,*,*,0,0,0,0
광주,서구,의료,여자,75-79세,13,0,*,*,6,*,*,0,0,0
광주,서구,의료,여자,80-84세,16,0,0,9,*,*,0,*,0,0
광주,서구,의료,여자,85세이상,49,*,5,15,19,*,0,*,0,0
광주,서구,감경,남자,65세미만,37,0,*,12,13,0,*,*,0,0
광주,서구,감경,남자,65-69세,64,*,*,13,29,7,*,0,*,0
광주,서구,감경,남자,70-74세,105,*,12,30,45,7,0,*,*,*
광주,서구,감경,남자,75-79세,139,*,14,36,65,14,*,*,0,0
광주,서구,감경,남자,80-84세,146,5,8,33,67,22,*,*,*,0
광주,서구,감경,남자,85세이상,189,*,18,51,99,15,*,0,0,0
광주,서구,감경,여자,65세미만,28,*,*,8,9,*,*,0,0,0
광주,서구,감경,여자,65-69세,62,*,7,9,28,*,*,*,*,0
광주,서구,감경,여자,70-74세,119,5,*,21,62,9,*,*,*,*
광주,서구,감경,여자,75-79세,282,6,17,52,147,26,11,*,*,0
광주,서구,감경,여자,80-84세,537,16,47,132,260,48,8,*,*,*
광주,서구,감경,여자,85세이상,867,40,78,256,404,53,6,*,*,0
광주,남구,일반,남자,65세미만,52,*,*,5,9,*,0,9,6,*
광주,남구,일반,남자,65-69세,114,5,*,18,21,*,*,18,10,7
광주,남구,일반,남자,70-74세,177,*,9,34,48,11,0,20,10,*
광주,남구,일반,남자,75-79세,285,8,10,45,103,15,7,33,12,*
광주,남구,일반,남자,80-84세,316,*,13,60,103,27,6,17,15,*
광주,남구,일반,남자,85세이상,330,6,12,58,135,41,5,19,15,*
광주,남구,일반,여자,65세미만,39,5,*,*,*,*,*,10,*,*
광주,남구,일반,여자,65-69세,164,0,5,17,30,9,0,32,21,6
광주,남구,일반,여자,70-74세,296,8,7,41,67,11,*,43,25,12
광주,남구,일반,여자,75-79세,519,6,15,63,148,40,16,65,29,12
광주,남구,일반,여자,80-84세,693,15,25,84,244,77,15,51,34,11
광주,남구,일반,여자,85세이상,808,18,41,170,341,67,10,37,19,*
광주,남구,기초,남자,65세미만,66,6,*,15,17,*,0,9,*,5
광주,남구,기초,남자,65-69세,115,5,5,10,35,10,*,8,10,8
광주,남구,기초,남자,70-74세,64,0,*,13,20,10,*,*,6,0
광주,남구,기초,남자,75-79세,64,0,*,6,25,8,*,6,5,*
광주,남구,기초,남자,80-84세,45,*,5,8,15,8,0,*,*,0
광주,남구,기초,남자,85세이상,31,0,*,*,12,7,*,*,*,0
광주,남구,기초,여자,65세미만,46,*,*,*,13,*,*,5,5,*
광주,남구,기초,여자,65-69세,95,5,*,9,30,6,*,14,8,6
광주,남구,기초,여자,70-74세,95,*,*,11,38,7,0,10,9,*
광주,남구,기초,여자,75-79세,119,*,5,12,44,11,*,18,8,*
광주,남구,기초,여자,80-84세,164,5,7,19,79,18,5,8,*,*
광주,남구,기초,여자,85세이상,194,6,11,54,76,19,*,5,*,0
광주,남구,의료,남자,65세미만,*,0,0,*,0,0,0,0,0,0
광주,남구,의료,남자,65-69세,*,0,0,*,*,0,0,0,0,0
광주,남구,의료,남자,70-74세,*,0,*,*,*,0,0,0,0,0
광주,남구,의료,남자,75-79세,6,0,0,*,*,0,0,0,0,0
광주,남구,의료,남자,80-84세,10,0,*,*,*,*,0,*,0,0
광주,남구,의료,남자,85세이상,8,0,0,*,*,*,*,0,0,0
광주,남구,의료,여자,65-69세,*,0,0,*,*,0,0,0,0,0
광주,남구,의료,여자,70-74세,8,0,0,0,*,*,*,0,0,0
광주,남구,의료,여자,75-79세,12,*,0,*,*,0,0,*,*,0
광주,남구,의료,여자,80-84세,18,0,*,6,8,0,0,*,0,0
광주,남구,의료,여자,85세이상,53,*,7,13,24,*,0,0,0,*
광주,남구,감경,남자,65세미만,30,*,5,7,6,0,0,*,*,0
광주,남구,감경,남자,65-69세,58,*,5,15,24,*,*,*,0,*
광주,남구,감경,남자,70-74세,122,6,9,24,58,18,0,0,*,0
광주,남구,감경,남자,75-79세,171,*,13,40,80,17,9,*,*,0
광주,남구,감경,남자,80-84세,167,5,7,39,76,31,*,*,*,0
광주,남구,감경,남자,85세이상,198,*,13,42,110,18,*,0,*,0
광주,남구,감경,여자,65세미만,28,*,*,9,8,5,0,0,0,*
광주,남구,감경,여자,65-69세,74,7,*,20,24,7,*,*,0,0
광주,남구,감경,여자,70-74세,147,*,9,29,75,11,*,*,*,*
광주,남구,감경,여자,75-79세,264,*,14,41,139,33,5,*,*,0
광주,남구,감경,여자,80-84세,518,16,30,104,287,54,5,*,*,0
광주,남구,감경,여자,85세이상,845,33,67,244,397,72,10,0,*,*
광주,북구,일반,남자,65세미만,102,5,*,10,13,*,0,29,10,5
광주,북구,일반,남자,65-69세,232,7,5,40,40,13,*,45,24,13
광주,북구,일반,남자,70-74세,351,5,20,51,97,19,5,47,30,12
광주,북구,일반,남자,75-79세,461,8,17,83,156,34,12,44,25,16
광주,북구,일반,남자,80-84세,594,*,13,111,205,69,6,52,36,17
광주,북구,일반,남자,85세이상,564,8,20,119,213,64,12,39,22,13
광주,북구,일반,여자,65세미만,98,6,9,8,15,*,*,17,*,12
광주,북구,일반,여자,65-69세,296,5,7,36,55,7,7,56,40,15
광주,북구,일반,여자,70-74세,480,12,21,49,110,24,15,84,51,19
광주,북구,일반,여자,75-79세,875,18,23,104,249,74,20,98,71,21
광주,북구,일반,여자,80-84세,1285,30,41,160,485,127,26,134,69,22
광주,북구,일반,여자,85세이상,1336,41,82,314,527,124,11,65,32,*
광주,북구,기초,남자,65세미만,223,6,6,25,46,30,16,30,22,11
광주,북구,기초,남자,65-69세,307,*,5,25,81,25,18,32,40,20
광주,북구,기초,남자,70-74세,221,0,5,29,70,36,9,20,13,14
광주,북구,기초,남자,75-79세,157,*,5,29,50,14,*,16,10,5
광주,북구,기초,남자,80-84세,116,*,*,21,57,16,*,*,*,*
광주,북구,기초,남자,85세이상,88,0,6,17,31,17,*,*,*,*
광주,북구,기초,여자,65세미만,116,5,6,14,22,9,5,22,7,*
광주,북구,기초,여자,65-69세,206,7,5,20,55,27,*,32,24,10
광주,북구,기초,여자,70-74세,248,6,14,34,87,28,*,26,22,6
광주,북구,기초,여자,75-79세,340,9,11,55,123,36,9,26,20,11
광주,북구,기초,여자,80-84세,455,7,23,79,206,49,7,25,19,*
광주,북구,기초,여자,85세이상,481,14,48,116,212,33,5,12,7,0
광주,북구,의료,남자,65세미만,*,0,0,0,*,0,0,0,0,*
광주,북구,의료,남자,65-69세,14,0,*,5,0,0,0,*,*,*
광주,북구,의료,남자,70-74세,12,0,*,*,*,*,0,*,*,*
광주,북구,의료,남자,75-79세,22,0,*,*,11,*,0,*,*,*
광주,북구,의료,남자,80-84세,19,0,*,6,*,6,*,0,0,0
광주,북구,의료,남자,85세이상,17,*,*,*,8,*,0,0,0,0
광주,북구,의료,여자,65세미만,0,0,0,0,0,0,0,0,0,0
광주,북구,의료,여자,65-69세,7,0,0,*,*,0,0,*,*,0
광주,북구,의료,여자,70-74세,21,*,0,*,7,*,*,*,*,*
광주,북구,의료,여자,75-79세,24,*,*,*,13,0,*,*,0,0
광주,북구,의료,여자,80-84세,37,*,*,5,13,10,*,*,*,0
광주,북구,의료,여자,85세이상,108,*,5,39,43,8,0,*,*,*
광주,북구,감경,남자,65세미만,77,6,6,21,22,*,*,*,0,*
광주,북구,감경,남자,65-69세,149,7,13,46,52,6,*,*,*,*
광주,북구,감경,남자,70-74세,196,*,10,52,84,20,10,0,*,0
광주,북구,감경,남자,75-79세,279,*,17,69,125,42,7,*,*,0
광주,북구,감경,남자,80-84세,312,*,17,74,146,56,*,6,*,0
광주,북구,감경,남자,85세이상,323,8,20,84,161,34,6,*,*,*
광주,북구,감경,여자,65세미만,61,*,*,18,16,8,*,0,*,*
광주,북구,감경,여자,65-69세,165,9,9,30,73,18,*,5,*,*
광주,북구,감경,여자,70-74세,243,7,16,47,112,27,6,*,6,*
광주,북구,감경,여자,75-79세,551,28,34,125,243,62,15,*,*,*
광주,북구,감경,여자,80-84세,1049,24,58,221,515,150,21,7,*,*
광주,북구,감경,여자,85세이상,1649,54,144,454,787,138,15,6,*,0
광주,광산구,일반,남자,65세미만,74,*,*,11,12,5,0,17,6,5
광주,광산구,일반,남자,65-69세,147,5,7,32,22,*,*,18,18,5
광주,광산구,일반,남자,70-74세,173,10,11,27,38,8,*,21,15,9
광주,광산구,일반,남자,75-79세,326,17,17,67,94,22,6,21,11,8
광주,광산구,일반,남자,80-84세,321,7,17,61,110,30,5,23,7,5
광주,광산구,일반,남자,85세이상,325,10,16,73,126,21,*,18,9,*
광주,광산구,일반,여자,65세미만,55,5,*,*,12,*,*,13,*,*
광주,광산구,일반,여자,65-69세,183,6,6,20,33,6,*,28,23,*
광주,광산구,일반,여자,70-74세,331,12,10,40,74,16,6,45,32,8
광주,광산구,일반,여자,75-79세,596,21,26,106,147,41,17,52,29,10
광주,광산구,일반,여자,80-84세,867,32,54,145,314,56,7,66,37,5
광주,광산구,일반,여자,85세이상,892,46,64,215,349,55,5,29,11,*
광주,광산구,기초,남자,65세미만,122,7,*,22,32,*,*,19,11,6
광주,광산구,기초,남자,65-69세,190,6,7,11,64,10,*,20,24,19
광주,광산구,기초,남자,70-74세,127,*,5,27,37,10,5,8,12,*
광주,광산구,기초,남자,75-79세,90,*,6,19,32,6,*,*,*,*
광주,광산구,기초,남자,80-84세,78,0,*,10,33,10,*,8,5,*
광주,광산구,기초,남자,85세이상,65,*,6,22,20,8,0,0,*,0
광주,광산구,기초,여자,65세미만,66,*,7,11,13,*,*,8,5,*
광주,광산구,기초,여자,65-69세,147,*,*,26,38,13,*,18,18,12
광주,광산구,기초,여자,70-74세,167,*,5,28,60,19,*,15,12,*
광주,광산구,기초,여자,75-79세,184,*,9,28,76,20,*,12,13,*
광주,광산구,기초,여자,80-84세,277,9,11,55,136,22,8,7,10,*
광주,광산구,기초,여자,85세이상,303,14,35,75,131,15,6,*,*,*
광주,광산구,의료,남자,65세미만,5,*,*,*,*,0,0,0,0,*
광주,광산구,의료,남자,65-69세,5,0,0,0,*,*,0,*,0,0
광주,광산구,의료,남자,70-74세,9,0,0,*,*,*,0,0,*,*
광주,광산구,의료,남자,75-79세,21,*,*,5,7,*,*,0,0,0
광주,광산구,의료,남자,80-84세,14,*,*,*,*,*,0,0,0,0
광주,광산구,의료,남자,85세이상,7,0,*,*,0,*,0,0,*,0
광주,광산구,의료,여자,65세미만,*,0,*,0,0,0,0,0,0,0
광주,광산구,의료,여자,65-69세,12,0,0,*,*,0,*,*,*,*
광주,광산구,의료,여자,70-74세,13,0,*,*,6,*,0,0,0,0
광주,광산구,의료,여자,75-79세,11,0,*,0,7,*,0,0,0,0
광주,광산구,의료,여자,80-84세,38,*,*,6,17,5,0,0,*,0
광주,광산구,의료,여자,85세이상,71,*,7,15,37,*,0,*,0,0
광주,광산구,감경,남자,65세미만,67,*,7,17,23,6,*,*,*,*
광주,광산구,감경,남자,65-69세,72,*,*,26,26,7,*,*,*,*
광주,광산구,감경,남자,70-74세,127,10,8,38,48,12,*,*,*,0
광주,광산구,감경,남자,75-79세,170,10,5,45,71,25,5,*,0,0
광주,광산구,감경,남자,80-84세,196,*,13,52,95,19,*,0,0,0
광주,광산구,감경,남자,85세이상,247,*,25,53,128,28,5,0,0,0
광주,광산구,감경,여자,65세미만,49,6,5,17,13,*,0,*,*,0
광주,광산구,감경,여자,65-69세,107,*,11,20,49,9,*,*,0,0
광주,광산구,감경,여자,70-74세,208,11,14,53,80,22,*,*,*,0
광주,광산구,감경,여자,75-79세,420,21,30,102,178,47,10,*,*,*
광주,광산구,감경,여자,80-84세,874,34,79,232,389,86,11,*,*,0
광주,광산구,감경,여자,85세이상,1230,58,148,392,508,81,*,*,*,0
대전,동구,일반,남자,65세미만,56,5,*,*,9,*,*,16,*,7
대전,동구,일반,남자,65-69세,115,*,5,19,22,*,*,21,8,5
대전,동구,일반,남자,70-74세,146,*,5,22,42,8,*,18,10,*
대전,동구,일반,남자,75-79세,211,7,7,38,63,17,*,23,14,5
대전,동구,일반,남자,80-84세,310,6,14,59,101,26,*,19,10,11
대전,동구,일반,남자,85세이상,322,5,25,67,121,25,6,16,9,5
대전,동구,일반,여자,65세미만,50,5,0,*,8,0,*,*,7,5
대전,동구,일반,여자,65-69세,149,*,8,16,20,*,*,28,15,9
대전,동구,일반,여자,70-74세,225,5,8,22,52,13,7,21,18,9
대전,동구,일반,여자,75-79세,449,10,12,69,134,29,11,45,24,6
대전,동구,일반,여자,80-84세,733,11,37,138,247,75,16,50,21,11
대전,동구,일반,여자,85세이상,782,28,76,210,292,60,*,17,12,*
대전,동구,기초,남자,65세미만,184,12,11,32,44,10,0,17,8,13
대전,동구,기초,남자,65-69세,215,*,7,19,67,27,5,19,14,20
대전,동구,기초,남자,70-74세,169,6,6,19,65,17,5,8,10,6
대전,동구,기초,남자,75-79세,144,*,7,26,53,12,6,5,*,*
대전,동구,기초,남자,80-84세,113,*,*,28,41,11,5,*,*,*
대전,동구,기초,남자,85세이상,90,*,*,22,30,15,0,0,*,*
대전,동구,기초,여자,65세미만,82,8,*,13,16,*,*,11,7,6
대전,동구,기초,여자,65-69세,149,*,7,24,60,11,*,7,8,10
대전,동구,기초,여자,70-74세,182,6,10,29,59,10,*,11,13,5
대전,동구,기초,여자,75-79세,222,7,7,35,102,13,6,7,13,*
대전,동구,기초,여자,80-84세,329,15,24,72,138,34,*,8,8,*
대전,동구,기초,여자,85세이상,395,13,46,104,153,27,*,6,5,*
대전,동구,의료,남자,65세미만,*,0,0,*,0,0,0,0,0,0
대전,동구,의료,남자,65-69세,*,0,0,0,*,0,0,0,0,0
대전,동구,의료,남자,70-74세,*,*,0,0,0,0,*,0,0,0
대전,동구,의료,남자,75-79세,8,0,*,*,*,*,0,0,*,0
대전,동구,의료,남자,80-84세,*,0,0,*,*,0,0,0,0,0
대전,동구,의료,남자,85세이상,*,0,*,*,*,0,0,0,0,0
대전,동구,의료,여자,65세미만,*,0,0,0,0,0,0,0,*,0
대전,동구,의료,여자,65-69세,*,0,0,0,0,0,0,0,*,0
대전,동구,의료,여자,70-74세,5,0,*,*,0,0,0,0,0,0
대전,동구,의료,여자,75-79세,5,0,0,*,*,0,0,0,*,0
대전,동구,의료,여자,80-84세,11,*,*,5,*,0,0,0,0,0
대전,동구,의료,여자,85세이상,35,*,5,9,15,*,0,0,0,0
대전,동구,감경,남자,65세미만,33,*,5,5,15,*,0,0,0,*
대전,동구,감경,남자,65-69세,76,*,6,24,30,*,*,*,0,*
대전,동구,감경,남자,70-74세,143,*,6,35,73,14,*,*,0,*
대전,동구,감경,남자,75-79세,170,*,10,55,61,28,*,0,*,*
대전,동구,감경,남자,80-84세,205,*,6,43,107,29,7,0,0,*
대전,동구,감경,남자,85세이상,235,8,18,64,109,26,*,0,0,0
대전,동구,감경,여자,65세미만,37,5,7,9,9,*,*,0,0,*
대전,동구,감경,여자,65-69세,91,*,9,21,43,6,*,0,*,*
대전,동구,감경,여자,70-74세,182,7,8,41,88,12,*,*,*,*
대전,동구,감경,여자,75-79세,355,15,32,90,134,46,8,*,5,0
대전,동구,감경,여자,80-84세,653,20,53,163,286,82,15,*,0,*
대전,동구,감경,여자,85세이상,1092,36,150,371,422,81,*,0,0,0
대전,중구,일반,남자,65세미만,69,11,7,*,12,0,*,12,*,*
대전,중구,일반,남자,65-69세,139,7,6,17,31,*,0,15,12,14
대전,중구,일반,남자,70-74세,194,8,8,46,52,7,*,23,*,8
대전,중구,일반,남자,75-79세,288,14,18,55,107,13,0,24,11,*
대전,중구,일반,남자,80-84세,375,11,16,68,134,29,9,19,15,8
대전,중구,일반,남자,85세이상,473,12,33,104,203,44,5,15,10,*
대전,중구,일반,여자,65세미만,58,*,0,13,9,0,0,9,*,*
대전,중구,일반,여자,65-69세,168,*,6,26,27,*,*,33,13,5
대전,중구,일반,여자,70-74세,269,10,13,26,74,17,*,35,17,5
대전,중구,일반,여자,75-79세,552,13,22,90,197,33,5,68,27,7
대전,중구,일반,여자,80-84세,876,23,38,149,369,90,8,48,28,7
대전,중구,일반,여자,85세이상,1009,36,95,255,428,60,5,29,10,*
대전,중구,기초,남자,65세미만,143,10,11,32,39,8,*,20,5,7
대전,중구,기초,남자,65-69세,173,*,7,24,49,12,*,20,14,14
대전,중구,기초,남자,70-74세,129,0,8,24,47,8,*,12,5,5
대전,중구,기초,남자,75-79세,80,*,*,14,22,15,*,*,6,5
대전,중구,기초,남자,80-84세,98,*,6,23,33,14,*,*,*,*
대전,중구,기초,남자,85세이상,52,*,*,7,34,*,0,*,0,0
대전,중구,기초,여자,65세미만,82,8,8,16,22,*,*,*,*,*
대전,중구,기초,여자,65-69세,120,*,*,19,42,9,*,12,*,*
대전,중구,기초,여자,70-74세,139,*,7,19,56,12,*,12,7,0
대전,중구,기초,여자,75-79세,170,*,13,24,74,11,*,16,11,*
대전,중구,기초,여자,80-84세,231,9,11,42,113,22,*,6,7,*
대전,중구,기초,여자,85세이상,277,14,33,77,121,12,*,*,*,0
대전,중구,의료,남자,65세미만,*,0,0,0,0,*,0,0,0,0
대전,중구,의료,남자,65-69세,*,0,0,0,*,0,0,*,0,0
대전,중구,의료,남자,70-74세,*,0,0,*,*,0,0,0,0,0
대전,중구,의료,남자,75-79세,6,0,0,*,*,0,0,0,*,0
대전,중구,의료,남자,80-84세,*,0,0,0,*,*,0,0,0,0
대전,중구,의료,남자,85세이상,7,*,*,0,*,*,0,0,0,0
대전,중구,의료,여자,65세미만,0,0,0,0,0,0,0,0,0,0
대전,중구,의료,여자,65-69세,0,0,0,0,0,0,0,0,0,0
대전,중구,의료,여자,70-74세,*,0,0,*,*,0,0,0,0,0
대전,중구,의료,여자,75-79세,6,0,*,*,*,0,0,0,0,0
대전,중구,의료,여자,80-84세,*,0,0,*,*,0,0,0,0,0
대전,중구,의료,여자,85세이상,27,*,5,7,11,*,0,0,0,0
대전,중구,감경,남자,65세미만,62,*,7,12,21,*,0,*,0,0
대전,중구,감경,남자,65-69세,110,11,8,34,35,11,*,*,*,*
대전,중구,감경,남자,70-74세,141,*,9,31,68,9,*,*,*,*
대전,중구,감경,남자,75-79세,197,9,13,48,100,16,*,0,0,0
대전,중구,감경,남자,80-84세,238,*,22,62,119,18,*,*,*,0
대전,중구,감경,남자,85세이상,283,7,23,73,145,26,*,*,0,0
대전,중구,감경,여자,65세미만,33,5,0,8,10,*,*,*,0,0
대전,중구,감경,여자,65-69세,106,10,12,17,38,16,*,*,0,*
대전,중구,감경,여자,70-74세,177,16,11,39,76,15,6,*,*,0
대전,중구,감경,여자,75-79세,363,17,25,78,167,33,6,*,*,*
대전,중구,감경,여자,80-84세,647,27,50,178,316,47,*,*,*,0
대전,중구,감경,여자,85세이상,1110,45,135,336,507,56,8,*,*,0
대전,서구,일반,남자,65세미만,86,*,*,15,13,*,0,23,8,7
대전,서구,일반,남자,65-69세,150,6,*,24,33,5,*,23,11,6
대전,서구,일반,남자,70-74세,272,*,9,45,83,22,6,31,7,*
대전,서구,일반,남자,75-79세,400,11,12,84,160,34,5,19,13,6
대전,서구,일반,남자,80-84세,482,9,27,91,191,40,14,31,10,5
대전,서구,일반,남자,85세이상,550,11,36,133,200,70,10,21,11,8
대전,서구,일반,여자,65세미만,95,6,*,16,21,*,*,15,5,6
대전,서구,일반,여자,65-69세,235,8,10,25,42,10,9,37,24,*
대전,서구,일반,여자,70-74세,375,11,13,63,83,24,9,41,24,5
대전,서구,일반,여자,75-79세,719,26,21,120,231,55,21,57,29,11
대전,서구,일반,여자,80-84세,1044,18,51,196,414,91,22,49,26,8
대전,서구,일반,여자,85세이상,1422,48,133,387,536,121,15,42,16,5
대전,서구,기초,남자,65세미만,139,*,*,26,30,7,5,16,9,13
대전,서구,기초,남자,65-69세,167,*,*,28,57,17,7,17,10,*
대전,서구,기초,남자,70-74세,141,*,5,15,70,13,6,*,11,0
대전,서구,기초,남자,75-79세,111,*,*,15,51,15,5,8,*,*
대전,서구,기초,남자,80-84세,94,0,8,24,38,10,0,*,*,*
대전,서구,기초,남자,85세이상,70,*,5,15,31,8,*,*,*,*
대전,서구,기초,여자,65세미만,80,7,6,18,16,7,0,8,*,*
대전,서구,기초,여자,65-69세,151,*,6,19,52,11,*,17,10,9
대전,서구,기초,여자,70-74세,171,*,9,33,72,19,*,10,*,*
대전,서구,기초,여자,75-79세,193,5,17,34,71,26,*,8,6,*
대전,서구,기초,여자,80-84세,280,7,13,59,134,30,8,11,*,0
대전,서구,기초,여자,85세이상,326,13,38,82,135,27,*,7,*,0
대전,서구,의료,남자,65-69세,5,0,0,*,*,0,0,0,*,0
대전,서구,의료,남자,70-74세,*,0,0,0,*,0,0,0,0,*
대전,서구,의료,남자,75-79세,*,0,0,*,*,*,0,0,0,0
대전,서구,의료,남자,80-84세,*,0,0,0,*,0,0,0,0,0
대전,서구,의료,남자,85세이상,*,0,0,0,*,0,0,0,0,0
대전,서구,의료,여자,65-69세,*,0,0,0,0,0,0,*,*,0
대전,서구,의료,여자,70-74세,5,0,0,*,*,*,0,0,0,0
대전,서구,의료,여자,75-79세,5,0,0,0,*,*,0,0,0,0
대전,서구,의료,여자,80-84세,18,*,*,5,7,*,0,*,0,0
대전,서구,의료,여자,85세이상,46,*,9,11,18,*,0,0,0,0
대전,서구,감경,남자,65세미만,55,8,*,17,13,8,0,*,0,*
대전,서구,감경,남자,65-69세,108,*,15,32,39,10,*,*,*,0
대전,서구,감경,남자,70-74세,151,5,11,46,57,16,5,*,0,0
대전,서구,감경,남자,75-79세,185,*,16,59,78,18,5,0,*,0
대전,서구,감경,남자,80-84세,200,*,10,45,104,23,6,0,0,*
대전,서구,감경,남자,85세이상,300,7,26,83,137,32,8,0,*,0
대전,서구,감경,여자,65세미만,46,5,*,15,14,7,0,0,*,0
대전,서구,감경,여자,65-69세,105,6,8,21,48,15,*,0,0,0
대전,서구,감경,여자,70-74세,185,8,12,51,80,14,5,*,*,*
대전,서구,감경,여자,75-79세,363,10,30,95,161,41,11,*,0,0
대전,서구,감경,여자,80-84세,750,22,61,213,338,81,9,*,*,0
대전,서구,감경,여자,85세이상,1372,52,176,432,585,96,7,*,0,0
대전,유성구,일반,남자,65세미만,62,5,*,8,12,*,0,10,*,5
대전,유성구,일반,남자,65-69세,146,18,10,35,26,*,0,13,6,*
대전,유성구,일반,남자,70-74세,158,12,13,41,38,10,*,*,6,*
대전,유성구,일반,남자,75-79세,220,16,18,46,62,18,*,14,7,5
대전,유성구,일반,남자,80-84세,292,9,26,67,91,19,6,11,12,5
대전,유성구,일반,남자,85세이상,390,16,29,98,123,45,10,16,8,5
대전,유성구,일반,여자,65세미만,64,6,*,13,10,*,*,6,7,*
대전,유성구,일반,여자,65-69세,166,20,10,20,25,7,0,25,13,7
대전,유성구,일반,여자,70-74세,216,14,13,35,50,12,5,24,12,*
대전,유성구,일반,여자,75-79세,420,21,20,68,107,40,14,33,19,*
대전,유성구,일반,여자,80-84세,731,27,60,177,240,72,14,34,14,8
대전,유성구,일반,여자,85세이상,1103,60,120,268,414,87,16,26,12,5
대전,유성구,기초,남자,65세미만,83,5,7,21,22,*,*,10,*,5
대전,유성구,기초,남자,65-69세,89,*,*,17,32,5,5,*,9,10
대전,유성구,기초,남자,70-74세,64,*,*,12,21,8,0,*,*,*
대전,유성구,기초,남자,75-79세,57,*,0,12,15,5,*,*,7,*
대전,유성구,기초,남자,80-84세,45,*,*,11,14,*,*,0,*,0
대전,유성구,기초,남자,85세이상,39,*,*,15,8,*,0,*,0,0
대전,유성구,기초,여자,65세미만,53,*,*,10,12,*,*,*,*,7
대전,유성구,기초,여자,65-69세,66,*,*,11,13,*,*,8,*,*
대전,유성구,기초,여자,70-74세,75,*,*,10,23,9,*,*,6,6
대전,유성구,기초,여자,75-79세,118,6,8,22,44,8,*,5,5,*
대전,유성구,기초,여자,80-84세,156,10,11,41,57,16,*,*,*,0
대전,유성구,기초,여자,85세이상,199,12,30,57,67,13,*,*,*,0
대전,유성구,의료,남자,65세미만,0,0,0,0,0,0,0,0,0,0
대전,유성구,의료,남자,65-69세,*,*,0,*,*,0,0,0,0,0
대전,유성구,의료,남자,70-74세,*,0,*,0,0,0,0,*,0,0
대전,유성구,의료,남자,75-79세,*,0,0,0,*,0,0,0,0,0
대전,유성구,의료,남자,80-84세,*,0,*,*,0,*,0,0,0,0
대전,유성구,의료,남자,85세이상,*,0,*,0,*,0,0,*,0,0
대전,유성구,의료,여자,65-69세,*,0,0,*,0,0,0,0,0,0
대전,유성구,의료,여자,70-74세,*,0,*,*,0,0,0,0,*,0
대전,유성구,의료,여자,75-79세,6,*,*,0,*,*,0,0,0,*
대전,유성구,의료,여자,80-84세,9,*,0,*,*,0,0,0,0,*
대전,유성구,의료,여자,85세이상,49,*,9,17,18,*,0,0,0,0
대전,유성구,감경,남자,65세미만,40,7,*,10,11,*,*,*,0,*
대전,유성구,감경,남자,65-69세,69,*,6,29,19,*,0,*,*,0
대전,유성구,감경,남자,70-74세,89,5,7,27,36,6,*,*,0,*
대전,유성구,감경,남자,75-79세,110,7,11,28,47,12,*,0,*,0
대전,유성구,감경,남자,80-84세,102,*,7,26,38,18,5,*,0,0
대전,유성구,감경,남자,85세이상,169,6,16,49,74,18,*,0,0,0
대전,유성구,감경,여자,65세미만,31,*,*,9,7,*,*,*,0,*
대전,유성구,감경,여자,65-69세,47,5,8,12,16,*,*,*,*,0
대전,유성구,감경,여자,70-74세,102,11,8,15,40,11,*,*,0,*
대전,유성구,감경,여자,75-79세,217,17,25,72,66,19,*,*,*,*
대전,유성구,감경,여자,80-84세,401,31,44,105,157,44,6,*,0,0
대전,유성구,감경,여자,85세이상,821,32,120,265,339,48,7,0,0,0
대전,대덕구,일반,남자,65세미만,63,*,*,5,*,5,0,14,*,8
대전,대덕구,일반,남자,65-69세,105,*,*,16,17,10,0,12,10,5
대전,대덕구,일반,남자,70-74세,115,*,*,30,28,*,*,9,7,*
대전,대덕구,일반,남자,75-79세,173,5,6,29,53,20,5,13,5,*
대전,대덕구,일반,남자,80-84세,217,5,8,38,86,19,5,14,5,*
대전,대덕구,일반,남자,85세이상,239,7,12,44,89,21,6,13,9,*
대전,대덕구,일반,여자,65세미만,35,*,*,0,9,*,0,11,*,*
대전,대덕구,일반,여자,65-69세,102,*,*,8,20,*,*,16,5,6
대전,대덕구,일반,여자,70-74세,185,*,5,17,42,16,*,29,17,*
대전,대덕구,일반,여자,75-79세,266,*,7,25,66,38,8,26,11,8
대전,대덕구,일반,여자,80-84세,439,8,15,72,167,55,7,25,14,6
대전,대덕구,일반,여자,85세이상,517,11,36,133,177,57,*,16,8,5
대전,대덕구,기초,남자,65세미만,103,*,*,18,22,8,*,9,8,9
대전,대덕구,기초,남자,65-69세,111,0,*,6,27,14,*,20,7,9
대전,대덕구,기초,남자,70-74세,79,*,*,9,25,18,*,5,*,*
대전,대덕구,기초,남자,75-79세,65,*,5,11,20,8,*,*,*,*
대전,대덕구,기초,남자,80-84세,52,0,*,7,24,9,*,*,*,*
대전,대덕구,기초,남자,85세이상,55,*,*,13,26,9,*,0,*,0
대전,대덕구,기초,여자,65세미만,44,*,*,*,8,*,0,*,8,9
대전,대덕구,기초,여자,65-69세,91,*,*,9,27,7,*,14,9,9
대전,대덕구,기초,여자,70-74세,109,*,5,17,38,13,*,7,6,*
대전,대덕구,기초,여자,75-79세,155,*,*,25,62,15,*,*,14,6
대전,대덕구,기초,여자,80-84세,169,*,7,32,60,27,*,7,5,*
대전,대덕구,기초,여자,85세이상,258,8,20,54,122,27,*,*,*,0
대전,대덕구,의료,남자,65세미만,0,0,0,0,0,0,0,0,0,0
대전,대덕구,의료,남자,65-69세,*,0,0,*,0,0,*,0,0,0
대전,대덕구,의료,남자,70-74세,*,*,0,0,*,0,0,0,0,0
대전,대덕구,의료,남자,75-79세,*,0,0,*,0,0,0,0,0,0
대전,대덕구,의료,남자,80-84세,*,*,0,0,*,*,0,0,0,0
대전,대덕구,의료,남자,85세이상,*,0,0,0,*,0,0,0,0,0
대전,대덕구,의료,여자,65세미만,*,0,0,0,0,0,0,*,0,0
대전,대덕구,의료,여자,65-69세,*,0,0,0,*,0,0,0,0,0
대전,대덕구,의료,여자,70-74세,*,0,*,*,0,0,*,0,0,0
대전,대덕구,의료,여자,75-79세,6,0,*,*,*,0,0,0,0,0
대전,대덕구,의료,여자,80-84세,6,0,0,*,*,*,0,0,0,0
대전,대덕구,의료,여자,85세이상,20,*,*,5,7,*,0,0,0,0
대전,대덕구,감경,남자,65세미만,33,5,*,5,14,*,*,*,0,0
대전,대덕구,감경,남자,65-69세,68,*,7,18,23,6,*,*,0,*
대전,대덕구,감경,남자,70-74세,82,5,*,10,43,15,0,0,*,0
대전,대덕구,감경,남자,75-79세,108,*,12,34,40,13,*,*,0,0
대전,대덕구,감경,남자,80-84세,140,5,12,35,65,13,*,*,0,0
대전,대덕구,감경,남자,85세이상,159,*,14,38,76,21,*,0,0,0
대전,대덕구,감경,여자,65세미만,28,*,*,9,7,0,0,*,0,0
대전,대덕구,감경,여자,65-69세,44,*,*,9,20,6,0,0,*,*
대전,대덕구,감경,여자,70-74세,115,9,6,23,45,17,*,*,*,0
대전,대덕구,감경,여자,75-79세,197,6,14,37,93,31,5,*,0,0
대전,대덕구,감경,여자,80-84세,424,14,21,100,198,67,8,*,0,0
대전,대덕구,감경,여자,85세이상,723,24,58,220,340,60,8,*,0,0
울산,중구,일반,남자,65세미만,38,5,*,11,*,*,*,5,0,0
울산,중구,일반,남자,65-69세,104,11,*,20,20,*,*,6,9,5
울산,중구,일반,남자,70-74세,178,5,7,29,41,14,*,14,*,9
울산,중구,일반,남자,75-79세,187,*,11,32,48,16,8,12,7,7
울산,중구,일반,남자,80-84세,275,5,12,46,86,35,8,9,13,6
울산,중구,일반,남자,85세이상,193,*,9,32,68,25,*,14,*,5
울산,중구,일반,여자,65세미만,54,6,8,9,12,0,*,5,*,*
울산,중구,일반,여자,65-69세,132,*,8,10,24,*,*,15,9,10
울산,중구,일반,여자,70-74세,240,12,8,29,61,18,8,30,14,7
울산,중구,일반,여자,75-79세,398,11,15,46,92,48,17,34,21,24
울산,중구,일반,여자,80-84세,541,13,30,96,159,64,23,30,19,13
울산,중구,일반,여자,85세이상,585,18,39,135,230,57,14,21,13,*
울산,중구,기초,남자,65세미만,63,*,*,9,18,*,*,6,*,5
울산,중구,기초,남자,65-69세,91,*,5,*,26,16,*,6,*,6
울산,중구,기초,남자,70-74세,64,*,*,11,26,7,*,*,*,*
울산,중구,기초,남자,75-79세,51,*,*,6,18,*,*,*,0,*
울산,중구,기초,남자,80-84세,39,0,*,*,11,11,*,*,0,0
울산,중구,기초,남자,85세이상,35,0,*,6,20,*,0,*,*,0
울산,중구,기초,여자,65세미만,32,*,*,8,9,*,0,*,*,*
울산,중구,기초,여자,65-69세,72,*,*,9,14,9,*,9,*,7
울산,중구,기초,여자,70-74세,81,*,*,6,31,9,*,11,*,*
울산,중구,기초,여자,75-79세,93,*,6,11,24,14,*,5,*,*
울산,중구,기초,여자,80-84세,132,*,6,22,50,23,*,5,0,*
울산,중구,기초,여자,85세이상,157,7,12,46,54,13,*,*,*,*
울산,중구,의료,남자,65-69세,0,0,0,0,0,0,0,0,0,0
울산,중구,의료,남자,70-74세,*,0,0,*,0,0,0,0,0,0
울산,중구,의료,남자,75-79세,*,0,0,*,0,0,*,0,0,0
울산,중구,의료,남자,80-84세,*,0,0,0,*,0,0,0,0,0
울산,중구,의료,남자,85세이상,*,0,0,0,*,0,0,0,0,0
울산,중구,의료,여자,65세미만,0,0,0,0,0,0,0,0,0,0
울산,중구,의료,여자,65-69세,*,0,0,0,*,0,0,0,0,0
울산,중구,의료,여자,70-74세,*,0,0,0,0,0,0,0,0,0
울산,중구,의료,여자,75-79세,*,*,0,*,*,0,0,0,0,0
울산,중구,의료,여자,80-84세,5,0,0,0,*,0,0,*,0,0
울산,중구,의료,여자,85세이상,25,0,*,9,8,*,*,0,0,0
울산,중구,감경,남자,65세미만,31,*,*,8,8,*,5,0,0,*
울산,중구,감경,남자,65-69세,52,*,7,18,13,*,0,0,0,0
울산,중구,감경,남자,70-74세,77,*,6,16,30,7,*,*,0,*
울산,중구,감경,남자,75-79세,77,*,5,19,29,13,*,0,0,0
울산,중구,감경,남자,80-84세,97,*,*,18,45,19,6,0,0,0
울산,중구,감경,남자,85세이상,96,*,7,27,43,13,*,0,0,0
울산,중구,감경,여자,65세미만,22,*,*,6,*,*,*,0,0,0
울산,중구,감경,여자,65-69세,59,*,*,19,16,10,*,*,0,0
울산,중구,감경,여자,70-74세,85,*,5,17,36,14,*,*,*,0
울산,중구,감경,여자,75-79세,153,5,14,32,55,22,12,*,0,0
울산,중구,감경,여자,80-84세,331,10,23,68,151,50,10,0,*,0
울산,중구,감경,여자,85세이상,480,20,50,135,199,57,*,0,0,*
울산,남구,일반,남자,65세미만,88,5,6,12,17,*,*,10,8,5
울산,남구,일반,남자,65-69세,140,10,8,27,35,6,0,14,8,6
울산,남구,일반,남자,70-74세,188,*,11,49,54,13,5,14,7,8
울산,남구,일반,남자,75-79세,247,5,12,44,85,25,5,15,*,*
울산,남구,일반,남자,80-84세,303,8,12,60,109,31,12,15,5,7
울산,남구,일반,남자,85세이상,268,*,15,56,98,26,7,16,5,*
울산,남구,일반,여자,65세미만,60,5,6,11,7,*,0,8,5,*
울산,남구,일반,여자,65-69세,149,6,9,13,27,8,6,15,5,*
울산,남구,일반,여자,70-74세,264,6,8,38,67,20,*,19,13,*
울산,남구,일반,여자,75-79세,476,11,16,75,156,48,12,30,19,9
울산,남구,일반,여자,80-84세,704,21,39,141,261,63,11,22,17,15
울산,남구,일반,여자,85세이상,720,37,60,178,260,53,15,11,6,*
울산,남구,기초,남자,65세미만,100,5,5,18,28,*,*,7,*,6
울산,남구,기초,남자,65-69세,138,*,*,16,37,16,7,10,12,10
울산,남구,기초,남자,70-74세,101,*,*,13,33,15,7,*,7,*
울산,남구,기초,남자,75-79세,52,*,0,11,19,6,*,*,0,*
울산,남구,기초,남자,80-84세,37,0,*,*,16,*,*,*,*,0
울산,남구,기초,남자,85세이상,36,0,0,10,13,6,0,*,0,0
울산,남구,기초,여자,65세미만,40,*,*,*,8,*,*,*,6,0
울산,남구,기초,여자,65-69세,98,*,*,7,46,9,*,6,5,*
울산,남구,기초,여자,70-74세,81,*,9,7,30,*,*,*,*,6
울산,남구,기초,여자,75-79세,119,*,*,16,52,14,*,*,5,*
울산,남구,기초,여자,80-84세,158,*,6,27,75,10,5,6,*,*
울산,남구,기초,여자,85세이상,183,9,15,50,77,13,*,*,*,0
울산,남구,의료,남자,65세미만,0,0,0,0,0,0,0,0,0,0
울산,남구,의료,남자,65-69세,*,0,0,*,0,0,0,0,0,*
울산,남구,의료,남자,70-74세,*,0,0,0,*,0,0,0,0,0
울산,남구,의료,남자,75-79세,5,0,*,*,*,*,0,0,0,0
울산,남구,의료,남자,80-84세,*,0,*,*,0,*,0,0,0,0
울산,남구,의료,남자,85세이상,*,0,0,*,0,*,0,0,0,0
울산,남구,의료,여자,65-69세,*,0,0,0,0,0,0,*,0,0
울산,남구,의료,여자,70-74세,*,0,*,0,*,0,*,0,0,0
울산,남구,의료,여자,75-79세,*,0,0,0,*,0,0,0,0,0
울산,남구,의료,여자,80-84세,9,0,*,0,5,0,*,0,0,0
울산,남구,의료,여자,85세이상,19,*,*,6,7,*,0,0,0,0
울산,남구,감경,남자,65세미만,31,*,0,11,10,*,0,0,0,0
울산,남구,감경,남자,65-69세,54,*,*,14,29,*,0,*,0,0
울산,남구,감경,남자,70-74세,85,6,6,14,33,12,*,0,0,0
울산,남구,감경,남자,75-79세,80,6,5,18,30,15,*,*,0,*
울산,남구,감경,남자,80-84세,103,*,7,27,41,17,*,0,0,0
울산,남구,감경,남자,85세이상,103,*,8,31,47,10,*,0,*,0
울산,남구,감경,여자,65세미만,24,*,*,6,8,*,0,0,0,0
울산,남구,감경,여자,65-69세,58,*,5,10,21,*,*,*,*,0
울산,남구,감경,여자,70-74세,108,6,5,24,42,8,7,*,0,*
울산,남구,감경,여자,75-79세,178,7,16,36,71,13,14,*,*,*
울산,남구,감경,여자,80-84세,385,21,31,90,177,35,11,*,*,0
울산,남구,감경,여자,85세이상,495,34,59,154,187,38,7,0,*,0
울산,동구,일반,남자,65세미만,28,0,0,*,*,*,0,5,*,*
울산,동구,일반,남자,65-69세,74,*,*,15,16,7,*,6,*,5
울산,동구,일반,남자,70-74세,118,*,5,17,37,7,*,8,*,8
울산,동구,일반,남자,75-79세,156,*,5,33,61,8,6,7,*,6
울산,동구,일반,남자,80-84세,126,*,10,23,35,11,*,8,5,6
울산,동구,일반,남자,85세이상,86,0,6,18,38,9,0,*,0,0
울산,동구,일반,여자,65세미만,41,*,*,8,7,*,0,8,*,*
울산,동구,일반,여자,65-69세,97,*,*,16,19,0,*,9,6,*
울산,동구,일반,여자,70-74세,148,7,*,21,38,6,*,19,10,6
울산,동구,일반,여자,75-79세,200,*,7,42,63,9,*,15,7,7
울산,동구,일반,여자,80-84세,292,10,10,57,114,17,*,25,*,6
울산,동구,일반,여자,85세이상,248,11,20,81,85,5,5,7,*,5
울산,동구,기초,남자,65세미만,48,*,*,*,16,6,0,*,*,*
울산,동구,기초,남자,65-69세,71,*,*,*,33,11,*,5,*,5
울산,동구,기초,남자,70-74세,57,0,5,5,21,8,0,*,5,*
울산,동구,기초,남자,75-79세,38,*,0,*,21,6,0,*,*,*
울산,동구,기초,남자,80-84세,22,0,0,*,13,0,0,*,0,0
울산,동구,기초,남자,85세이상,15,*,0,*,7,*,0,*,0,0
울산,동구,기초,여자,65세미만,28,*,*,*,10,*,0,*,*,*
울산,동구,기초,여자,65-69세,57,*,*,*,19,*,*,*,*,5
울산,동구,기초,여자,70-74세,67,*,*,10,25,9,0,6,6,*
울산,동구,기초,여자,75-79세,77,*,5,12,32,10,*,*,5,*
울산,동구,기초,여자,80-84세,88,*,*,19,40,7,*,*,*,*
울산,동구,기초,여자,85세이상,85,*,10,20,38,5,0,0,*,*
울산,동구,의료,남자,70-74세,*,0,0,0,0,0,0,0,*,0
울산,동구,의료,남자,75-79세,*,0,0,*,*,0,0,0,0,0
울산,동구,의료,남자,80-84세,*,0,0,0,*,0,0,0,0,0
울산,동구,의료,여자,65세미만,0,0,0,0,0,0,0,0,0,0
울산,동구,의료,여자,65-69세,*,0,0,*,0,0,0,0,0,0
울산,동구,의료,여자,75-79세,*,0,0,0,*,0,0,*,0,0
울산,동구,의료,여자,80-84세,*,0,*,*,*,0,0,0,0,0
울산,동구,의료,여자,85세이상,6,*,*,*,*,0,0,0,0,0
울산,동구,감경,남자,65세미만,16,*,*,*,7,*,0,0,0,0
울산,동구,감경,남자,65-69세,43,*,*,15,14,5,0,0,0,0
울산,동구,감경,남자,70-74세,58,*,*,24,20,*,0,0,0,0
울산,동구,감경,남자,75-79세,56,*,*,19,21,6,0,*,0,0
울산,동구,감경,남자,80-84세,53,*,0,19,21,6,*,0,0,0
울산,동구,감경,남자,85세이상,34,0,*,13,15,*,*,0,0,0
울산,동구,감경,여자,65세미만,18,*,*,6,*,*,0,0,0,0
울산,동구,감경,여자,65-69세,33,*,*,14,8,*,*,*,0,0
울산,동구,감경,여자,70-74세,63,*,6,18,25,*,*,0,0,0
울산,동구,감경,여자,75-79세,90,7,6,15,42,10,*,*,0,0
울산,동구,감경,여자,80-84세,141,*,8,35,73,11,*,*,0,0
울산,동구,감경,여자,85세이상,228,12,25,77,96,9,*,*,0,0
울산,북구,일반,남자,65세미만,40,*,*,7,8,*,0,8,*,0
울산,북구,일반,남자,65-69세,71,*,6,7,17,*,*,7,0,*
울산,북구,일반,남자,70-74세,107,*,*,25,28,7,*,6,*,7
울산,북구,일반,남자,75-79세,132,*,8,27,41,11,*,7,*,*
울산,북구,일반,남자,80-84세,137,*,7,28,41,19,*,*,*,*
울산,북구,일반,남자,85세이상,111,*,5,19,46,13,*,*,5,*
울산,북구,일반,여자,65세미만,41,9,5,10,*,*,0,*,*,*
울산,북구,일반,여자,65-69세,79,*,*,12,16,6,5,14,*,*
울산,북구,일반,여자,70-74세,136,8,*,14,33,10,*,11,6,*
울산,북구,일반,여자,75-79세,257,8,15,44,64,29,9,17,13,5
울산,북구,일반,여자,80-84세,427,13,26,87,127,47,12,23,7,5
울산,북구,일반,여자,85세이상,415,9,36,105,157,30,7,10,*,*
울산,북구,기초,남자,65세미만,38,*,*,6,7,*,0,*,*,0
울산,북구,기초,남자,65-69세,47,*,*,8,12,6,*,*,*,*
울산,북구,기초,남자,70-74세,36,0,*,7,12,7,*,*,*,*
울산,북구,기초,남자,75-79세,21,0,*,*,*,*,*,0,*,*
울산,북구,기초,남자,80-84세,30,0,*,*,8,7,*,0,*,0
울산,북구,기초,남자,85세이상,26,0,*,7,8,*,0,*,0,0
울산,북구,기초,여자,65세미만,26,*,*,9,*,*,*,*,0,*
울산,북구,기초,여자,65-69세,37,*,0,5,13,*,*,*,*,*
울산,북구,기초,여자,70-74세,52,*,*,11,15,7,*,*,*,*
울산,북구,기초,여자,75-79세,62,*,*,7,30,6,*,5,*,*
울산,북구,기초,여자,80-84세,83,*,*,18,33,10,*,0,*,0
울산,북구,기초,여자,85세이상,100,*,15,23,40,5,*,*,0,*
울산,북구,의료,남자,65세미만,0,0,0,0,0,0,0,0,0,0
울산,북구,의료,남자,70-74세,*,0,0,0,*,*,0,0,0,0
울산,북구,의료,남자,75-79세,*,0,0,0,*,*,0,0,0,0
울산,북구,의료,남자,80-84세,*,0,0,0,0,*,0,0,0,0
울산,북구,의료,남자,85세이상,*,0,0,0,*,0,0,0,0,0
울산,북구,의료,여자,65세미만,0,0,0,0,0,0,0,0,0,0
울산,북구,의료,여자,65-69세,*,0,0,0,0,0,0,0,0,*
울산,북구,의료,여자,70-74세,*,*,0,*,0,*,0,0,0,0
울산,북구,의료,여자,75-79세,*,0,0,0,*,0,0,0,0,0
울산,북구,의료,여자,80-84세,*,0,0,*,0,0,0,0,0,0
울산,북구,의료,여자,85세이상,15,0,*,*,*,*,0,0,0,*
울산,북구,감경,남자,65세미만,29,*,*,7,10,*,0,0,*,0
울산,북구,감경,남자,65-69세,33,*,*,11,10,*,0,*,0,0
울산,북구,감경,남자,70-74세,50,5,5,15,13,7,*,0,*,0
울산,북구,감경,남자,75-79세,52,*,*,20,20,*,0,0,*,0
울산,북구,감경,남자,80-84세,66,5,*,20,22,10,*,0,0,0
울산,북구,감경,남자,85세이상,65,*,7,17,25,10,*,0,0,*
울산,북구,감경,여자,65세미만,21,*,*,7,7,*,*,0,0,0
울산,북구,감경,여자,65-69세,44,*,*,16,12,*,*,*,0,0
울산,북구,감경,여자,70-74세,73,*,*,16,27,14,*,0,0,0
울산,북구,감경,여자,75-79세,96,7,5,19,39,14,*,0,0,0
울산,북구,감경,여자,80-84세,194,6,23,46,81,21,5,*,0,0
울산,북구,감경,여자,85세이상,357,19,47,104,129,41,*,0,0,0
울산,울주군,일반,남자,65세미만,49,7,*,7,10,*,0,6,*,*
울산,울주군,일반,남자,65-69세,124,7,7,18,28,*,*,17,5,8
울산,울주군,일반,남자,70-74세,142,*,11,30,36,8,*,7,8,*
울산,울주군,일반,남자,75-79세,232,*,10,48,69,20,5,18,10,8
울산,울주군,일반,남자,80-84세,246,5,17,37,82,22,8,22,6,*
울산,울주군,일반,남자,85세이상,271,*,15,40,116,31,*,19,8,*
울산,울주군,일반,여자,65세미만,50,6,*,9,8,*,0,5,*,*
울산,울주군,일반,여자,65-69세,135,7,*,16,35,6,*,14,8,*
울산,울주군,일반,여자,70-74세,271,10,10,36,61,18,7,28,11,6
울산,울주군,일반,여자,75-79세,435,13,18,55,124,57,11,37,14,8
울산,울주군,일반,여자,80-84세,689,22,34,120,258,78,13,50,17,*
울산,울주군,일반,여자,85세이상,882,31,57,221,334,72,12,34,14,5
울산,울주군,기초,남자,65세미만,66,5,9,9,14,*,*,7,6,*
울산,울주군,기초,남자,65-69세,86,*,*,5,36,*,5,11,5,6
울산,울주군,기초,남자,70-74세,60,*,*,12,17,8,*,*,5,*
울산,울주군,기초,남자,75-79세,60,*,*,9,22,7,*,6,5,*
울산,울주군,기초,남자,80-84세,60,*,*,8,25,10,*,*,5,*
울산,울주군,기초,남자,85세이상,41,0,*,9,19,8,0,0,*,0
울산,울주군,기초,여자,65세미만,39,*,6,*,13,*,*,*,*,0
울산,울주군,기초,여자,65-69세,80,*,9,10,21,6,*,*,7,*
울산,울주군,기초,여자,70-74세,75,0,5,15,22,6,*,6,6,*
울산,울주군,기초,여자,75-79세,103,*,6,18,34,12,*,5,6,0
울산,울주군,기초,여자,80-84세,141,5,6,28,63,14,*,6,*,*
울산,울주군,기초,여자,85세이상,171,6,23,37,77,16,0,*,*,0
울산,울주군,의료,남자,65-69세,*,0,0,0,0,0,0,0,0,0
울산,울주군,의료,남자,70-74세,*,0,0,0,*,0,0,0,0,0
울산,울주군,의료,남자,75-79세,5,0,0,0,*,*,0,0,*,0
울산,울주군,의료,남자,80-84세,7,*,*,*,*,0,0,0,0,0
울산,울주군,의료,남자,85세이상,6,0,0,*,*,*,0,0,0,0
울산,울주군,의료,여자,65세미만,*,0,0,0,0,0,0,0,0,0
울산,울주군,의료,여자,65-69세,*,0,0,0,0,0,0,0,0,0
울산,울주군,의료,여자,70-74세,*,0,0,0,*,0,*,0,0,*
울산,울주군,의료,여자,75-79세,8,*,0,*,*,*,0,0,0,0
울산,울주군,의료,여자,80-84세,9,0,*,*,*,*,0,0,0,0
울산,울주군,의료,여자,85세이상,32,*,*,11,12,*,0,*,*,0
울산,울주군,감경,남자,65세미만,28,*,*,9,9,*,0,0,0,0
울산,울주군,감경,남자,65-69세,59,*,*,17,18,7,0,0,*,0
울산,울주군,감경,남자,70-74세,91,*,6,24,36,11,*,*,0,0
울산,울주군,감경,남자,75-79세,121,*,6,25,64,11,*,0,0,0
울산,울주군,감경,남자,80-84세,125,7,*,29,57,22,*,0,0,*
울산,울주군,감경,남자,85세이상,122,*,14,26,59,15,*,0,*,0
울산,울주군,감경,여자,65세미만,25,5,*,7,*,0,0,*,0,0
울산,울주군,감경,여자,65-69세,85,9,8,19,32,8,5,*,0,0
울산,울주군,감경,여자,70-74세,96,*,11,16,37,15,*,*,0,0
울산,울주군,감경,여자,75-79세,226,10,16,45,101,31,*,*,*,0
울산,울주군,감경,여자,80-84세,478,25,38,109,217,62,8,*,0,0
울산,울주군,감경,여자,85세이상,734,27,89,216,309,65,9,*,0,0
세종,_,일반,남자,65세미만,35,*,*,6,8,*,*,5,*,*
세종,_,일반,남자,65-69세,93,*,5,14,15,10,*,17,7,*
세종,_,일반,남자,70-74세,151,5,5,18,44,15,*,16,10,5
세종,_,일반,남자,75-79세,185,6,*,26,68,18,10,13,10,*
세종,_,일반,남자,80-84세,278,*,*,43,114,43,10,13,7,*
세종,_,일반,남자,85세이상,323,5,17,45,139,59,8,13,8,*
세종,_,일반,여자,65세미만,34,*,*,6,13,0,0,0,0,0
세종,_,일반,여자,65-69세,111,*,6,11,27,6,7,12,*,*
세종,_,일반,여자,70-74세,246,*,7,27,63,37,8,25,15,7
세종,_,일반,여자,75-79세,382,*,22,49,98,48,7,40,28,6
세종,_,일반,여자,80-84세,633,10,23,87,250,92,22,33,18,*
세종,_,일반,여자,85세이상,872,25,47,193,377,93,19,31,13,*
세종,_,기초,남자,65세미만,40,0,*,*,13,*,*,*,*,*
세종,_,기초,남자,65-69세,47,*,*,6,12,5,5,5,*,0
세종,_,기초,남자,70-74세,48,*,0,*,11,5,7,*,5,*
세종,_,기초,남자,75-79세,29,0,*,6,7,*,*,*,*,0
세종,_,기초,남자,80-84세,28,*,0,5,12,*,*,*,*,*
세종,_,기초,남자,85세이상,30,0,*,7,12,*,*,*,0,*
세종,_,기초,여자,65세미만,25,0,*,*,8,*,*,*,*,0
세종,_,기초,여자,65-69세,47,*,*,6,15,5,*,*,5,*
세종,_,기초,여자,70-74세,49,*,*,*,18,5,*,*,*,*
세종,_,기초,여자,75-79세,59,*,*,11,19,7,*,*,*,*
세종,_,기초,여자,80-84세,101,*,8,20,34,15,7,*,*,0
세종,_,기초,여자,85세이상,138,5,18,25,63,14,*,0,0,*
세종,_,의료,남자,65세미만,0,0,0,0,0,0,0,0,0,0
세종,_,의료,남자,65-69세,0,0,0,0,0,0,0,0,0,0
세종,_,의료,남자,70-74세,0,0,0,0,0,0,0,0,0,0
세종,_,의료,남자,75-79세,*,0,0,0,*,*,0,0,0,0
세종,_,의료,남자,80-84세,*,0,*,0,*,0,0,0,0,0
세종,_,의료,남자,85세이상,*,0,0,*,*,0,0,0,0,0
세종,_,의료,여자,65-69세,0,0,0,0,0,0,0,0,0,0
세종,_,의료,여자,70-74세,0,0,0,0,0,0,0,0,0,0
세종,_,의료,여자,75-79세,5,*,0,0,*,*,0,0,0,0
세종,_,의료,여자,80-84세,11,0,0,6,*,*,0,0,*,0
세종,_,의료,여자,85세이상,16,*,*,*,6,*,0,0,0,0
세종,_,감경,남자,65세미만,33,*,*,11,9,*,*,*,0,0
세종,_,감경,남자,65-69세,40,*,*,9,17,5,*,*,0,0
세종,_,감경,남자,70-74세,64,*,*,16,30,8,*,0,0,0
세종,_,감경,남자,75-79세,73,*,*,13,36,12,5,*,0,0
세종,_,감경,남자,80-84세,99,0,8,23,43,21,*,0,*,0
세종,_,감경,남자,85세이상,141,*,6,30,77,18,6,0,0,0
세종,_,감경,여자,65세미만,10,0,*,*,*,*,0,0,*,0
세종,_,감경,여자,65-69세,40,*,*,12,11,*,*,*,*,0
세종,_,감경,여자,70-74세,80,0,5,17,30,11,9,0,0,0
세종,_,감경,여자,75-79세,161,5,5,34,64,34,6,*,*,*
세종,_,감경,여자,80-84세,343,12,20,59,174,52,11,0,*,0
세종,_,감경,여자,85세이상,602,14,45,157,283,85,9,*,0,0
경기도,수원시,일반,남자,65세미만,244,26,13,37,33,*,0,42,14,12
경기도,수원시,일반,남자,65-69세,451,32,34,78,101,13,*,40,14,10
경기도,수원시,일반,남자,70-74세,627,19,33,146,178,36,10,43,14,8
경기도,수원시,일반,남자,75-79세,840,34,51,189,246,63,9,48,23,13
경기도,수원시,일반,남자,80-84세,1070,42,74,226,332,92,25,54,28,13
경기도,수원시,일반,남자,85세이상,1321,40,96,339,492,95,12,42,20,17
경기도,수원시,일반,여자,65세미만,198,25,9,41,32,9,0,20,15,11
경기도,수원시,일반,여자,65-69세,513,33,29,74,91,24,*,65,16,10
경기도,수원시,일반,여자,70-74세,851,32,47,140,193,48,18,81,32,15
경기도,수원시,일반,여자,75-79세,1652,67,110,295,451,115,37,126,45,30
경기도,수원시,일반,여자,80-84세,2782,113,190,574,974,240,51,145,52,19
경기도,수원시,일반,여자,85세이상,3431,222,349,1002,1181,200,29,89,35,15
경기도,수원시,기초,남자,65세미만,250,13,14,55,69,14,*,23,10,16
경기도,수원시,기초,남자,65-69세,353,15,21,60,104,19,6,32,21,18
경기도,수원시,기초,남자,70-74세,243,6,23,42,83,14,12,10,15,7
경기도,수원시,기초,남자,75-79세,218,*,11,37,75,21,*,13,11,8
경기도,수원시,기초,남자,80-84세,184,7,11,44,80,11,*,*,*,*
경기도,수원시,기초,남자,85세이상,127,6,9,29,52,8,*,5,*,0
경기도,수원시,기초,여자,65세미만,137,14,8,30,32,11,0,16,*,10
경기도,수원시,기초,여자,65-69세,276,17,15,52,73,13,6,27,12,11
경기도,수원시,기초,여자,70-74세,285,11,14,56,95,15,9,17,21,*
경기도,수원시,기초,여자,75-79세,389,22,30,66,157,19,7,15,7,6
경기도,수원시,기초,여자,80-84세,527,17,40,131,206,43,*,18,7,6
경기도,수원시,기초,여자,85세이상,709,55,92,207,270,34,*,10,*,*
경기도,수원시,의료,남자,65세미만,*,0,0,*,0,0,0,*,0,0
경기도,수원시,의료,남자,65-69세,6,0,0,*,*,0,0,*,*,*
경기도,수원시,의료,남자,70-74세,13,0,0,*,*,0,*,*,*,*
경기도,수원시,의료,남자,75-79세,31,*,*,7,14,*,0,0,0,0
경기도,수원시,의료,남자,80-84세,24,*,*,5,7,*,*,0,*,0
경기도,수원시,의료,남자,85세이상,25,0,0,10,8,*,0,*,0,0
경기도,수원시,의료,여자,65세미만,*,0,0,0,0,*,0,0,0,0
경기도,수원시,의료,여자,65-69세,*,0,0,0,*,0,0,0,0,*
경기도,수원시,의료,여자,70-74세,16,0,*,*,5,0,0,*,*,*
경기도,수원시,의료,여자,75-79세,23,0,0,7,8,*,0,*,*,0
경기도,수원시,의료,여자,80-84세,49,*,*,15,22,*,0,0,0,*
경기도,수원시,의료,여자,85세이상,164,9,16,44,73,7,*,*,0,*
경기도,수원시,감경,남자,65세미만,166,18,15,51,47,8,*,*,0,0
경기도,수원시,감경,남자,65-69세,257,20,20,77,103,15,*,*,*,0
경기도,수원시,감경,남자,70-74세,366,15,27,124,150,26,*,*,*,*
경기도,수원시,감경,남자,75-79세,444,26,27,129,197,36,8,*,*,*
경기도,수원시,감경,남자,80-84세,485,20,41,118,219,64,10,*,*,0
경기도,수원시,감경,남자,85세이상,596,19,49,194,272,41,14,0,*,0
경기도,수원시,감경,여자,65세미만,128,20,10,39,32,5,*,0,0,*
경기도,수원시,감경,여자,65-69세,268,20,16,75,97,20,9,5,*,0
경기도,수원시,감경,여자,70-74세,492,39,50,123,181,45,16,*,*,0
경기도,수원시,감경,여자,75-79세,846,49,74,233,320,88,34,*,*,*
경기도,수원시,감경,여자,80-84세,1654,94,153,491,687,129,33,10,7,*
경기도,수원시,감경,여자,85세이상,2748,164,386,976,1018,138,23,6,*,0
경기도,성남시,일반,남자,65세미만,208,22,15,46,18,*,*,28,8,8
경기도,성남시,일반,남자,65-69세,345,20,28,75,75,9,*,25,16,11
경기도,성남시,일반,남자,70-74세,458,38,41,90,129,22,7,27,10,6
경기도,성남시,일반,남자,75-79세,737,38,55,169,233,36,13,29,16,10
경기도,성남시,일반,남자,80-84세,952,49,68,226,319,66,18,39,11,8
경기도,성남시,일반,남자,85세이상,1446,85,108,376,536,78,22,35,18,8
경기도,성남시,일반,여자,65세미만,173,22,8,31,25,5,*,25,9,8
경기도,성남시,일반,여자,65-69세,381,26,28,46,69,8,*,40,19,10
경기도,성남시,일반,여자,70-74세,687,42,45,110,147,40,17,48,26,12
경기도,성남시,일반,여자,75-79세,1371,79,96,255,406,97,33,72,32,16
경기도,성남시,일반,여자,80-84세,2185,113,145,503,725,183,36,74,30,18
경기도,성남시,일반,여자,85세이상,3525,298,394,1016,1224,162,25,64,29,7
경기도,성남시,기초,남자,65세미만,229,13,11,39,61,6,7,23,17,17
경기도,성남시,기초,남자,65-69세,356,10,11,58,128,13,6,37,22,16
경기도,성남시,기초,남자,70-74세,235,8,5,41,94,23,*,13,11,8
경기도,성남시,기초,남자,75-79세,197,8,15,49,76,16,*,8,5,5
경기도,성남시,기초,남자,80-84세,179,*,6,38,83,16,*,5,7,*
경기도,성남시,기초,남자,85세이상,118,*,6,31,47,11,*,*,0,*
경기도,성남시,기초,여자,65세미만,123,15,5,26,27,*,*,15,*,10
경기도,성남시,기초,여자,65-69세,241,8,7,41,73,10,*,30,13,13
경기도,성남시,기초,여자,70-74세,271,17,17,47,108,12,*,10,7,*
경기도,성남시,기초,여자,75-79세,370,12,28,74,157,20,6,21,18,*
경기도,성남시,기초,여자,80-84세,482,21,25,125,223,22,*,17,9,*
경기도,성남시,기초,여자,85세이상,598,44,70,196,225,18,*,6,*,0
경기도,성남시,의료,남자,65세미만,*,0,0,*,0,0,0,0,0,0
경기도,성남시,의료,남자,65-69세,0,0,0,0,0,0,0,0,0,0
경기도,성남시,의료,남자,70-74세,*,0,0,0,*,0,0,0,0,0
경기도,성남시,의료,남자,75-79세,8,0,*,*,*,0,0,0,0,0
경기도,성남시,의료,남자,80-84세,6,*,0,*,*,0,0,0,0,0
경기도,성남시,의료,남자,85세이상,8,0,*,*,6,0,0,0,0,0
경기도,성남시,의료,여자,65세미만,*,0,0,*,0,0,0,0,0,0
경기도,성남시,의료,여자,65-69세,*,0,0,*,0,0,0,*,0,0
경기도,성남시,의료,여자,70-74세,5,0,0,*,*,0,0,0,0,0
경기도,성남시,의료,여자,75-79세,7,0,*,5,0,0,0,0,0,0
경기도,성남시,의료,여자,80-84세,18,0,*,*,9,0,0,*,*,0
경기도,성남시,의료,여자,85세이상,54,5,*,24,14,*,0,0,0,0
경기도,성남시,감경,남자,65세미만,85,11,*,30,26,*,0,*,0,0
경기도,성남시,감경,남자,65-69세,165,11,9,52,68,6,0,*,*,*
경기도,성남시,감경,남자,70-74세,239,11,23,68,97,19,6,*,*,*
경기도,성남시,감경,남자,75-79세,282,16,26,83,124,15,5,*,*,*
경기도,성남시,감경,남자,80-84세,328,14,34,104,126,32,8,0,*,0
경기도,성남시,감경,남자,85세이상,349,17,36,127,135,24,*,*,0,0
경기도,성남시,감경,여자,65세미만,65,19,8,18,9,*,*,*,0,0
경기도,성남시,감경,여자,65-69세,145,15,11,35,62,7,*,*,0,*
경기도,성남시,감경,여자,70-74세,266,18,25,65,111,16,7,5,0,*
경기도,성남시,감경,여자,75-79세,511,28,59,129,224,38,9,*,0,0
경기도,성남시,감경,여자,80-84세,881,50,86,269,380,57,14,*,0,0
경기도,성남시,감경,여자,85세이상,1602,136,255,547,544,83,12,5,0,0
경기도,의정부시,일반,남자,65세미만,140,6,7,14,17,8,*,29,8,22
경기도,의정부시,일반,남자,65-69세,250,11,8,42,56,9,*,32,14,20
경기도,의정부시,일반,남자,70-74세,273,7,11,38,76,24,8,28,12,12
경기도,의정부시,일반,남자,75-79세,410,12,16,73,119,42,23,36,17,15
경기도,의정부시,일반,남자,80-84세,522,12,16,94,157,77,34,31,17,16
경기도,의정부시,일반,남자,85세이상,592,11,19,86,252,90,15,31,23,12
경기도,의정부시,일반,여자,65세미만,103,6,6,15,15,*,*,21,7,*
경기도,의정부시,일반,여자,65-69세,223,6,7,21,32,16,*,39,18,10
경기도,의정부시,일반,여자,70-74세,374,12,6,51,84,25,16,46,30,15
경기도,의정부시,일반,여자,75-79세,736,15,33,106,203,71,32,74,42,30
경기도,의정부시,일반,여자,80-84세,1191,31,45,199,388,172,43,90,44,35
경기도,의정부시,일반,여자,85세이상,1465,46,93,352,536,160,47,55,25,23
경기도,의정부시,기초,남자,65세미만,256,19,8,39,89,27,10,22,7,7
경기도,의정부시,기초,남자,65-69세,285,10,18,52,89,35,8,22,10,17
경기도,의정부시,기초,남자,70-74세,225,0,8,41,78,40,8,8,9,18
경기도,의정부시,기초,남자,75-79세,167,*,6,26,60,32,10,5,*,*
경기도,의정부시,기초,남자,80-84세,123,*,*,19,45,29,6,*,*,5
경기도,의정부시,기초,남자,85세이상,114,*,*,18,61,20,*,0,*,*
경기도,의정부시,기초,여자,65세미만,120,11,*,35,29,10,*,9,*,5
경기도,의정부시,기초,여자,65-69세,185,14,9,27,49,16,8,19,6,12
경기도,의정부시,기초,여자,70-74세,210,6,11,36,72,24,9,15,11,7
경기도,의정부시,기초,여자,75-79세,292,9,7,48,128,44,14,9,6,8
경기도,의정부시,기초,여자,80-84세,450,18,21,95,195,64,11,9,13,6
경기도,의정부시,기초,여자,85세이상,596,28,54,163,250,64,12,7,*,0
경기도,의정부시,의료,남자,65세미만,*,0,0,0,*,0,0,0,0,0
경기도,의정부시,의료,남자,65-69세,*,0,*,0,*,0,0,0,0,0
경기도,의정부시,의료,남자,70-74세,*,*,0,*,*,0,0,0,0,*
경기도,의정부시,의료,남자,75-79세,10,0,0,*,5,*,0,0,*,*
경기도,의정부시,의료,남자,80-84세,7,0,0,*,*,*,0,0,0,0
경기도,의정부시,의료,남자,85세이상,14,0,*,*,6,*,0,*,0,0
경기도,의정부시,의료,여자,65세미만,*,*,0,0,0,0,0,*,0,0
경기도,의정부시,의료,여자,65-69세,*,0,0,0,0,*,0,*,0,0
경기도,의정부시,의료,여자,70-74세,9,0,*,*,*,0,0,0,0,*
경기도,의정부시,의료,여자,75-79세,19,*,0,*,6,*,*,0,*,0
경기도,의정부시,의료,여자,80-84세,14,0,*,*,7,*,0,0,0,0
경기도,의정부시,의료,여자,85세이상,63,*,*,21,22,7,*,*,0,0
경기도,의정부시,감경,남자,65세미만,122,9,13,28,41,11,*,*,*,*
경기도,의정부시,감경,남자,65-69세,190,9,9,49,83,21,6,*,*,*
경기도,의정부시,감경,남자,70-74세,224,13,9,57,99,33,*,*,*,0
경기도,의정부시,감경,남자,75-79세,315,7,17,72,141,52,12,*,*,*
경기도,의정부시,감경,남자,80-84세,414,6,19,84,189,71,28,*,*,0
경기도,의정부시,감경,남자,85세이상,502,7,24,106,237,93,23,*,*,*
경기도,의정부시,감경,여자,65세미만,93,9,*,27,30,11,5,0,*,0
경기도,의정부시,감경,여자,65-69세,171,12,16,47,47,21,9,8,0,*
경기도,의정부시,감경,여자,70-74세,268,18,12,68,101,34,17,*,*,0
경기도,의정부시,감경,여자,75-79세,610,23,31,132,229,113,41,5,*,*
경기도,의정부시,감경,여자,80-84세,1203,36,59,296,511,204,44,5,8,*
경기도,의정부시,감경,여자,85세이상,1780,70,157,544,756,190,30,6,*,*
경기도,안양시,일반,남자,65세미만,146,*,6,20,25,5,*,18,12,16
경기도,안양시,일반,남자,65-69세,249,15,11,49,55,16,*,26,19,*
경기도,안양시,일반,남자,70-74세,303,9,9,54,88,22,6,41,10,7
경기도,안양시,일반,남자,75-79세,439,8,23,75,146,44,8,31,9,9
경기도,안양시,일반,남자,80-84세,548,12,23,113,175,56,13,34,12,11
경기도,안양시,일반,남자,85세이상,649,14,37,137,256,72,14,24,18,6
경기도,안양시,일반,여자,65세미만,111,7,6,18,24,*,*,18,5,10
경기도,안양시,일반,여자,65-69세,243,10,14,31,49,9,6,30,8,11
경기도,안양시,일반,여자,70-74세,419,9,20,51,82,28,13,43,20,13
경기도,안양시,일반,여자,75-79세,819,20,39,112,247,69,30,66,36,20
경기도,안양시,일반,여자,80-84세,1400,46,76,248,503,133,40,71,37,22
경기도,안양시,일반,여자,85세이상,1946,63,152,534,722,169,25,69,29,11
경기도,안양시,기초,남자,65세미만,116,8,7,19,24,12,*,12,6,7
경기도,안양시,기초,남자,65-69세,129,7,6,20,41,9,*,15,9,9
경기도,안양시,기초,남자,70-74세,89,*,*,15,28,15,*,6,*,*
경기도,안양시,기초,남자,75-79세,62,*,*,14,25,9,*,*,*,0
경기도,안양시,기초,남자,80-84세,58,0,*,9,25,9,*,*,*,0
경기도,안양시,기초,남자,85세이상,43,0,*,10,20,*,*,*,*,*
경기도,안양시,기초,여자,65세미만,71,6,6,15,12,6,0,10,*,5
경기도,안양시,기초,여자,65-69세,90,*,7,13,20,8,*,12,*,5
경기도,안양시,기초,여자,70-74세,96,*,5,11,23,7,*,16,7,*
경기도,안양시,기초,여자,75-79세,129,*,*,26,44,21,*,6,*,6
경기도,안양시,기초,여자,80-84세,209,9,14,50,77,25,5,7,*,*
경기도,안양시,기초,여자,85세이상,312,15,28,99,132,24,*,*,0,0
경기도,안양시,의료,남자,65세미만,*,0,0,0,0,0,0,0,0,0
경기도,안양시,의료,남자,65-69세,*,*,*,0,0,0,0,0,0,0
경기도,안양시,의료,남자,70-74세,0,0,0,0,0,0,0,0,0,0
경기도,안양시,의료,남자,75-79세,6,0,0,*,*,0,*,0,0,0
경기도,안양시,의료,남자,80-84세,*,0,0,0,*,0,0,0,0,0
경기도,안양시,의료,남자,85세이상,*,0,*,*,*,0,0,0,0,0
경기도,안양시,의료,여자,65세미만,0,0,0,0,0,0,0,0,0,0
경기도,안양시,의료,여자,65-69세,0,0,0,0,0,0,0,0,0,0
경기도,안양시,의료,여자,70-74세,*,0,0,0,*,0,0,0,0,0
경기도,안양시,의료,여자,75-79세,*,0,0,*,*,0,0,0,0,0
경기도,안양시,의료,여자,80-84세,11,0,0,5,*,0,0,*,0,0
경기도,안양시,의료,여자,85세이상,39,0,5,8,20,*,0,*,0,0
경기도,안양시,감경,남자,65세미만,60,8,7,14,21,*,*,*,0,0
경기도,안양시,감경,남자,65-69세,121,*,10,31,50,10,*,*,0,*
경기도,안양시,감경,남자,70-74세,161,6,7,49,68,19,*,*,*,*
경기도,안양시,감경,남자,75-79세,178,5,15,35,82,24,6,*,0,0
경기도,안양시,감경,남자,80-84세,181,7,11,39,78,32,9,0,*,0
경기도,안양시,감경,남자,85세이상,256,*,15,64,121,41,5,*,0,0
경기도,안양시,감경,여자,65세미만,56,7,*,19,15,*,*,*,*,0
경기도,안양시,감경,여자,65-69세,100,5,9,27,35,8,5,*,0,0
경기도,안양시,감경,여자,70-74세,169,10,8,47,70,16,5,*,0,*
경기도,안양시,감경,여자,75-79세,329,10,21,78,132,41,15,7,*,*
경기도,안양시,감경,여자,80-84세,662,26,51,163,293,97,15,*,*,0
경기도,안양시,감경,여자,85세이상,1287,51,133,413,550,100,17,0,0,0
경기도,부천시,일반,남자,65세미만,201,9,9,22,29,9,*,36,18,7
경기도,부천시,일반,남자,65-69세,404,18,19,62,97,16,6,55,19,15
경기도,부천시,일반,남자,70-74세,521,13,18,69,147,34,8,72,17,16
경기도,부천시,일반,남자,75-79세,632,12,31,101,183,51,14,64,28,21
경기도,부천시,일반,남자,80-84세,760,18,32,121,258,91,32,46,23,11
경기도,부천시,일반,남자,85세이상,808,19,30,152,307,69,21,48,22,9
경기도,부천시,일반,여자,65세미만,173,13,7,30,29,*,*,34,15,8
경기도,부천시,일반,여자,65-69세,432,12,18,53,73,19,10,69,15,14
경기도,부천시,일반,여자,70-74세,626,12,20,79,146,46,17,78,36,21
경기도,부천시,일반,여자,75-79세,1133,36,36,132,320,91,31,130,57,27
경기도,부천시,일반,여자,80-84세,1723,52,89,258,570,168,33,158,56,15
경기도,부천시,일반,여자,85세이상,2439,122,180,574,889,179,31,125,36,15
경기도,부천시,기초,남자,65세미만,325,15,26,53,106,30,9,29,14,7
경기도,부천시,기초,남자,65-69세,388,9,12,57,119,30,17,35,31,28
경기도,부천시,기초,남자,70-74세,284,9,9,42,115,30,*,19,17,9
경기도,부천시,기초,남자,75-79세,204,*,9,34,79,28,*,13,10,5
경기도,부천시,기초,남자,80-84세,194,7,9,37,72,30,7,10,*,*
경기도,부천시,기초,남자,85세이상,149,5,5,39,60,15,*,*,5,0
경기도,부천시,기초,여자,65세미만,158,20,17,16,39,11,*,13,10,5
경기도,부천시,기초,여자,65-69세,257,10,14,29,76,26,*,28,21,14
경기도,부천시,기초,여자,70-74세,274,8,12,52,88,17,10,22,12,10
경기도,부천시,기초,여자,75-79세,428,10,27,70,173,49,7,26,14,13
경기도,부천시,기초,여자,80-84세,608,23,44,116,247,71,11,19,13,10
경기도,부천시,기초,여자,85세이상,847,52,78,230,332,67,10,16,*,9
경기도,부천시,의료,남자,65세미만,*,*,0,0,0,0,0,0,0,0
경기도,부천시,의료,남자,65-69세,*,0,0,*,0,*,0,*,*,0
경기도,부천시,의료,남자,70-74세,*,0,0,0,*,0,0,0,0,0
경기도,부천시,의료,남자,75-79세,12,0,*,*,5,0,0,*,0,*
경기도,부천시,의료,남자,80-84세,9,0,*,*,5,0,0,0,0,0
경기도,부천시,의료,남자,85세이상,9,0,*,5,*,0,0,0,0,0
경기도,부천시,의료,여자,65세미만,0,0,0,0,0,0,0,0,0,0
경기도,부천시,의료,여자,65-69세,5,0,0,0,*,*,0,*,0,0
경기도,부천시,의료,여자,70-74세,12,0,0,*,*,0,*,0,*,*
경기도,부천시,의료,여자,75-79세,6,0,0,*,*,0,0,*,0,*
경기도,부천시,의료,여자,80-84세,21,0,*,8,8,*,0,0,0,0
경기도,부천시,의료,여자,85세이상,73,*,5,29,29,*,0,*,0,0
경기도,부천시,감경,남자,65세미만,158,15,13,48,44,16,*,*,0,*
경기도,부천시,감경,남자,65-69세,276,13,17,86,114,25,*,*,*,0
경기도,부천시,감경,남자,70-74세,329,12,17,94,131,45,11,*,*,0
경기도,부천시,감경,남자,75-79세,446,18,25,105,211,58,19,*,0,0
경기도,부천시,감경,남자,80-84세,506,11,27,129,234,74,19,*,*,*
경기도,부천시,감경,남자,85세이상,554,13,30,129,274,84,8,5,*,0
경기도,부천시,감경,여자,65세미만,121,13,12,32,44,8,*,0,*,0
경기도,부천시,감경,여자,65-69세,257,14,21,53,122,18,*,5,*,*
경기도,부천시,감경,여자,70-74세,393,22,24,87,161,46,23,0,5,0
경기도,부천시,감경,여자,75-79세,800,31,45,182,368,94,33,8,*,*
경기도,부천시,감경,여자,80-84세,1496,65,94,388,694,175,41,6,*,*
경기도,부천시,감경,여자,85세이상,2555,110,284,814,1088,191,30,5,*,*
경기도,광명시,일반,남자,65세미만,55,*,*,5,10,0,0,10,6,7
경기도,광명시,일반,남자,65-69세,113,7,*,18,29,*,*,15,7,6
경기도,광명시,일반,남자,70-74세,155,*,*,31,52,9,*,18,6,*
경기도,광명시,일반,남자,75-79세,200,*,9,34,74,23,*,19,*,*
경기도,광명시,일반,남자,80-84세,239,*,10,43,80,27,6,22,7,6
경기도,광명시,일반,남자,85세이상,287,7,11,66,108,36,*,11,9,5
경기도,광명시,일반,여자,65세미만,52,*,*,7,8,*,0,13,*,5
경기도,광명시,일반,여자,65-69세,120,*,*,18,23,*,*,18,9,8
경기도,광명시,일반,여자,70-74세,233,*,12,33,53,13,9,34,13,8
경기도,광명시,일반,여자,75-79세,393,12,13,35,128,42,14,39,16,5
경기도,광명시,일반,여자,80-84세,708,17,36,118,267,77,25,50,13,5
경기도,광명시,일반,여자,85세이상,887,33,67,237,338,79,15,32,6,*
경기도,광명시,기초,남자,65세미만,54,*,6,11,13,*,*,6,*,*
경기도,광명시,기초,남자,65-69세,78,0,*,12,25,7,*,10,5,*
경기도,광명시,기초,남자,70-74세,76,*,*,8,34,6,*,6,*,*
경기도,광명시,기초,남자,75-79세,38,*,*,6,8,7,0,6,*,*
경기도,광명시,기초,남자,80-84세,36,0,*,5,16,5,*,*,0,*
경기도,광명시,기초,남자,85세이상,37,*,*,*,16,*,*,*,0,0
경기도,광명시,기초,여자,65세미만,34,*,0,5,*,5,0,*,5,7
경기도,광명시,기초,여자,65-69세,56,*,*,8,22,5,0,*,5,*
경기도,광명시,기초,여자,70-74세,72,*,*,7,26,5,*,5,*,5
경기도,광명시,기초,여자,75-79세,92,*,9,11,36,10,*,*,*,*
경기도,광명시,기초,여자,80-84세,151,5,6,32,63,10,5,8,*,*
경기도,광명시,기초,여자,85세이상,183,8,20,49,80,16,*,*,*,0
경기도,광명시,의료,남자,65세미만,0,0,0,0,0,0,0,0,0,0
경기도,광명시,의료,남자,65-69세,*,0,0,0,*,0,0,0,0,0
경기도,광명시,의료,남자,70-74세,*,0,0,*,0,0,0,0,0,0
경기도,광명시,의료,남자,75-79세,*,0,*,0,0,0,0,0,*,0
경기도,광명시,의료,남자,80-84세,*,0,0,0,*,0,0,0,0,0
경기도,광명시,의료,남자,85세이상,*,0,0,*,*,0,0,0,0,0
경기도,광명시,의료,여자,65세미만,*,0,0,0,0,0,0,*,*,0
경기도,광명시,의료,여자,65-69세,0,0,0,0,0,0,0,0,0,0
경기도,광명시,의료,여자,70-74세,0,0,0,0,0,0,0,0,0,0
경기도,광명시,의료,여자,75-79세,*,0,0,*,*,0,*,0,0,0
경기도,광명시,의료,여자,80-84세,6,0,0,0,*,0,0,0,0,0
경기도,광명시,의료,여자,85세이상,28,*,*,7,9,*,0,*,0,*
경기도,광명시,감경,남자,65세미만,33,*,*,12,8,0,*,*,0,0
경기도,광명시,감경,남자,65-69세,59,*,6,22,24,*,0,0,0,0
경기도,광명시,감경,남자,70-74세,84,0,7,27,36,7,*,0,*,0
경기도,광명시,감경,남자,75-79세,88,*,6,25,33,15,*,*,0,0
경기도,광명시,감경,남자,80-84세,103,*,6,23,49,19,*,0,0,0
경기도,광명시,감경,남자,85세이상,126,*,9,36,61,14,0,*,0,0
경기도,광명시,감경,여자,65세미만,21,*,*,7,5,0,*,*,0,0
경기도,광명시,감경,여자,65-69세,49,*,*,15,23,*,*,*,0,0
경기도,광명시,감경,여자,70-74세,93,*,7,21,40,9,*,*,0,0
경기도,광명시,감경,여자,75-79세,198,*,13,49,79,34,5,*,*,0
경기도,광명시,감경,여자,80-84세,343,10,26,80,172,40,8,0,*,0
경기도,광명시,감경,여자,85세이상,599,26,60,192,251,50,12,*,0,0
경기도,평택시,일반,남자,65세미만,81,*,12,19,14,*,*,9,*,*
경기도,평택시,일반,남자,65-69세,196,*,17,33,61,12,*,11,7,8
경기도,평택시,일반,남자,70-74세,280,*,15,49,99,19,*,21,7,7
경기도,평택시,일반,남자,75-79세,418,9,18,88,161,29,7,23,8,6
경기도,평택시,일반,남자,80-84세,539,13,26,106,229,40,15,16,14,9
경기도,평택시,일반,남자,85세이상,657,11,39,163,297,48,6,17,8,6
경기도,평택시,일반,여자,65세미만,89,6,11,16,16,5,*,11,6,*
경기도,평택시,일반,여자,65-69세,210,10,8,32,41,15,*,26,10,*
경기도,평택시,일반,여자,70-74세,421,13,14,60,107,29,*,43,15,11
경기도,평택시,일반,여자,75-79세,853,12,28,154,335,65,15,51,26,6
경기도,평택시,일반,여자,80-84세,1376,36,65,312,550,107,28,56,33,7
경기도,평택시,일반,여자,85세이상,1770,49,131,537,754,103,12,28,15,5
경기도,평택시,기초,남자,65세미만,183,12,16,44,62,11,*,11,7,5
경기도,평택시,기초,남자,65-69세,216,9,10,41,90,19,*,17,6,5
경기도,평택시,기초,남자,70-74세,138,*,*,26,56,16,*,5,*,6
경기도,평택시,기초,남자,75-79세,115,*,9,19,56,7,*,5,7,*
경기도,평택시,기초,남자,80-84세,118,0,7,24,60,8,*,5,*,*
경기도,평택시,기초,남자,85세이상,81,*,7,21,30,7,*,0,*,*
경기도,평택시,기초,여자,65세미만,97,7,13,20,26,12,*,5,*,*
경기도,평택시,기초,여자,65-69세,177,*,10,31,68,8,*,15,*,8
경기도,평택시,기초,여자,70-74세,183,5,8,35,74,11,*,9,8,5
경기도,평택시,기초,여자,75-79세,266,6,14,54,126,20,6,7,8,*
경기도,평택시,기초,여자,80-84세,326,18,26,76,141,29,*,5,*,*
경기도,평택시,기초,여자,85세이상,405,12,54,121,178,12,*,7,*,*
경기도,평택시,의료,남자,65세미만,*,0,0,0,*,0,0,*,*,0
경기도,평택시,의료,남자,65-69세,*,0,0,0,0,0,0,*,0,0
경기도,평택시,의료,남자,70-74세,*,0,0,*,*,0,0,0,0,0
경기도,평택시,의료,남자,75-79세,10,0,0,*,6,0,0,0,0,*
경기도,평택시,의료,남자,80-84세,*,0,0,0,*,0,0,0,0,0
경기도,평택시,의료,남자,85세이상,8,0,0,*,*,*,*,0,0,0
경기도,평택시,의료,여자,65세미만,*,0,0,0,0,0,0,0,0,0
경기도,평택시,의료,여자,65-69세,*,0,0,0,0,*,0,0,0,0
경기도,평택시,의료,여자,70-74세,*,0,0,*,0,0,*,0,0,0
경기도,평택시,의료,여자,75-79세,6,0,0,*,*,0,0,0,0,0
경기도,평택시,의료,여자,80-84세,8,0,*,*,5,0,0,0,0,0
경기도,평택시,의료,여자,85세이상,38,0,*,16,18,0,0,0,0,0
경기도,평택시,감경,남자,65세미만,83,7,11,25,24,6,0,0,*,0
경기도,평택시,감경,남자,65-69세,153,10,12,42,70,8,*,0,*,*
경기도,평택시,감경,남자,70-74세,169,*,18,44,80,10,*,0,*,0
경기도,평택시,감경,남자,75-79세,200,6,9,41,115,16,*,0,*,0
경기도,평택시,감경,남자,80-84세,273,5,21,69,135,27,7,*,*,0
경기도,평택시,감경,남자,85세이상,337,8,16,109,167,21,*,*,*,0
경기도,평택시,감경,여자,65세미만,67,6,7,18,26,5,0,0,0,0
경기도,평택시,감경,여자,65-69세,141,9,16,35,61,10,*,0,0,0
경기도,평택시,감경,여자,70-74세,259,6,22,59,106,22,14,*,*,0
경기도,평택시,감경,여자,75-79세,464,11,28,109,222,52,12,*,*,*
경기도,평택시,감경,여자,80-84세,907,20,63,248,451,78,15,*,*,*
경기도,평택시,감경,여자,85세이상,1533,56,153,563,664,67,9,*,0,0
경기도,동두천시,일반,남자,65세미만,34,*,*,*,5,0,*,9,*,*
경기도,동두천시,일반,남자,65-69세,66,*,*,7,14,*,*,13,7,*
경기도,동두천시,일반,남자,70-74세,63,0,*,8,20,5,*,8,*,*
경기도,동두천시,일반,남자,75-79세,92,*,*,15,28,11,*,*,6,*
경기도,동두천시,일반,남자,80-84세,147,6,6,25,48,13,5,12,8,*
경기도,동두천시,일반,남자,85세이상,132,*,*,22,43,17,7,8,6,*
경기도,동두천시,일반,여자,65세미만,18,0,*,*,*,0,0,5,*,*
경기도,동두천시,일반,여자,65-69세,77,*,0,6,7,*,*,9,8,12
경기도,동두천시,일반,여자,70-74세,110,*,*,11,21,7,0,19,8,6
경기도,동두천시,일반,여자,75-79세,200,5,*,20,30,20,8,35,16,6
경기도,동두천시,일반,여자,80-84세,303,*,19,41,93,39,12,37,13,*
경기도,동두천시,일반,여자,85세이상,354,9,21,83,117,44,11,17,6,6
경기도,동두천시,기초,남자,65세미만,81,*,*,13,15,7,*,13,5,6
경기도,동두천시,기초,남자,65-69세,86,*,*,15,29,8,*,9,6,*
경기도,동두천시,기초,남자,70-74세,69,*,*,5,26,9,*,5,*,*
경기도,동두천시,기초,남자,75-79세,53,*,*,7,23,5,*,*,*,*
경기도,동두천시,기초,남자,80-84세,60,*,*,13,21,11,*,0,*,*
경기도,동두천시,기초,남자,85세이상,48,*,*,*,23,12,*,*,0,*
경기도,동두천시,기초,여자,65세미만,43,*,*,*,9,*,*,7,*,5
경기도,동두천시,기초,여자,65-69세,62,*,*,9,25,*,*,8,5,*
경기도,동두천시,기초,여자,70-74세,68,*,*,6,25,12,*,7,7,0
경기도,동두천시,기초,여자,75-79세,98,*,5,16,37,17,*,5,*,*
경기도,동두천시,기초,여자,80-84세,176,*,10,29,70,29,*,10,7,*
경기도,동두천시,기초,여자,85세이상,222,12,27,56,84,23,5,5,*,*
경기도,동두천시,의료,남자,70-74세,*,0,0,0,*,0,0,*,0,0
경기도,동두천시,의료,남자,75-79세,*,0,0,0,*,0,0,*,0,0
경기도,동두천시,의료,남자,80-84세,*,0,0,0,*,*,0,0,0,0
경기도,동두천시,의료,남자,85세이상,*,0,0,0,*,0,0,0,0,0
경기도,동두천시,의료,여자,65-69세,*,0,0,0,0,0,0,0,*,0
경기도,동두천시,의료,여자,70-74세,*,0,0,*,0,0,0,0,0,0
경기도,동두천시,의료,여자,75-79세,6,0,0,*,*,0,*,0,0,0
경기도,동두천시,의료,여자,80-84세,*,0,0,*,*,0,0,0,0,0
경기도,동두천시,의료,여자,85세이상,10,0,*,*,*,*,0,0,0,0
경기도,동두천시,감경,남자,65세미만,32,*,*,7,10,*,*,*,0,0
경기도,동두천시,감경,남자,65-69세,66,*,*,18,22,10,*,*,0,*
경기도,동두천시,감경,남자,70-74세,55,*,*,11,26,6,*,*,0,0
경기도,동두천시,감경,남자,75-79세,90,*,5,21,38,18,5,0,0,0
경기도,동두천시,감경,남자,80-84세,107,0,9,25,40,19,7,*,*,0
경기도,동두천시,감경,남자,85세이상,143,*,9,47,52,26,5,0,0,0
경기도,동두천시,감경,여자,65세미만,19,*,*,7,*,*,0,*,0,0
경기도,동두천시,감경,여자,65-69세,54,*,6,7,19,7,5,*,*,0
경기도,동두천시,감경,여자,70-74세,73,*,7,20,21,6,6,0,0,0
경기도,동두천시,감경,여자,75-79세,165,6,12,30,78,26,6,*,0,0
경기도,동두천시,감경,여자,80-84세,366,11,23,90,141,59,15,*,*,*
경기도,동두천시,감경,여자,85세이상,546,26,44,161,221,76,5,*,*,*
경기도,안산시,일반,남자,65세미만,157,10,10,20,21,9,*,28,8,7
경기도,안산시,일반,남자,65-69세,283,11,9,31,68,28,10,34,11,8
경기도,안산시,일반,남자,70-74세,313,9,18,40,86,41,6,26,12,8
경기도,안산시,일반,남자,75-79세,375,10,17,52,92,47,15,32,7,9
경기도,안산시,일반,남자,80-84세,485,12,22,69,139,72,18,23,18,7
경기도,안산시,일반,남자,85세이상,534,10,24,90,199,81,17,12,8,10
경기도,안산시,일반,여자,65세미만,127,7,*,14,24,6,5,21,5,*
경기도,안산시,일반,여자,65-69세,309,10,7,31,49,18,13,31,24,9
경기도,안산시,일반,여자,70-74세,409,12,11,29,100,31,15,48,24,17
경기도,안산시,일반,여자,75-79세,763,20,18,94,213,94,37,64,32,16
경기도,안산시,일반,여자,80-84세,1296,32,43,187,401,193,41,73,39,17
경기도,안산시,일반,여자,85세이상,1616,63,90,325,644,170,28,69,22,7
경기도,안산시,기초,남자,65세미만,279,12,13,47,79,29,7,31,10,14
경기도,안산시,기초,남자,65-69세,260,11,8,34,88,26,8,17,11,13
경기도,안산시,기초,남자,70-74세,190,5,11,24,61,34,*,5,9,9
경기도,안산시,기초,남자,75-79세,173,7,9,25,52,35,7,5,5,*
경기도,안산시,기초,남자,80-84세,174,*,6,24,61,28,9,9,*,6
경기도,안산시,기초,남자,85세이상,153,*,11,18,66,28,6,*,*,*
경기도,안산시,기초,여자,65세미만,131,11,*,24,33,12,*,13,7,8
경기도,안산시,기초,여자,65-69세,180,5,11,20,42,26,5,19,11,8
경기도,안산시,기초,여자,70-74세,248,6,8,21,88,31,7,13,16,9
경기도,안산시,기초,여자,75-79세,334,13,8,58,123,45,13,15,12,*
경기도,안산시,기초,여자,80-84세,521,18,29,86,194,99,19,16,13,*
경기도,안산시,기초,여자,85세이상,777,25,52,173,342,106,9,12,9,9
경기도,안산시,의료,남자,65세미만,0,0,0,0,0,0,0,0,0,0
경기도,안산시,의료,남자,65-69세,*,0,0,0,*,*,0,0,*,0
경기도,안산시,의료,남자,70-74세,6,0,0,0,*,*,0,*,0,*
경기도,안산시,의료,남자,75-79세,8,0,*,0,*,*,0,0,0,0
경기도,안산시,의료,남자,80-84세,*,*,0,0,*,0,*,0,0,0
경기도,안산시,의료,남자,85세이상,*,0,0,0,*,*,0,0,0,0
경기도,안산시,의료,여자,65세미만,*,0,0,0,0,0,*,0,0,0
경기도,안산시,의료,여자,65-69세,0,0,0,0,0,0,0,0,0,0
경기도,안산시,의료,여자,70-74세,13,*,*,*,*,0,0,*,0,*
경기도,안산시,의료,여자,75-79세,9,*,*,*,*,0,*,0,0,0
경기도,안산시,의료,여자,80-84세,19,0,0,*,8,*,*,0,*,*
경기도,안산시,의료,여자,85세이상,47,*,*,15,21,5,*,0,0,0
경기도,안산시,감경,남자,65세미만,136,12,12,29,43,16,6,*,0,*
경기도,안산시,감경,남자,65-69세,173,6,11,37,87,18,5,*,0,*
경기도,안산시,감경,남자,70-74세,221,11,13,53,94,26,10,*,0,0
경기도,안산시,감경,남자,75-79세,279,5,6,64,126,49,12,*,0,0
경기도,안산시,감경,남자,80-84세,335,8,13,67,162,57,13,*,*,0
경기도,안산시,감경,남자,85세이상,409,*,23,78,204,72,11,*,*,*
경기도,안산시,감경,여자,65세미만,90,8,11,16,27,8,*,*,*,0
경기도,안산시,감경,여자,65-69세,145,9,10,25,70,16,*,*,*,0
경기도,안산시,감경,여자,70-74세,264,11,18,52,103,44,15,*,*,0
경기도,안산시,감경,여자,75-79세,561,16,26,112,247,95,30,*,*,*
경기도,안산시,감경,여자,80-84세,1180,48,70,250,493,207,54,13,*,*
경기도,안산시,감경,여자,85세이상,2043,72,143,570,948,240,31,0,*,*
경기도,고양시,일반,남자,65세미만,242,15,12,37,32,9,*,28,11,21
경기도,고양시,일반,남자,65-69세,404,30,19,70,78,17,*,47,20,28
경기도,고양시,일반,남자,70-74세,537,28,26,97,154,29,14,53,20,14
경기도,고양시,일반,남자,75-79세,857,30,32,166,244,83,35,55,15,19
경기도,고양시,일반,남자,80-84세,1253,37,54,206,407,151,59,80,32,16
경기도,고양시,일반,남자,85세이상,1885,39,91,330,692,240,52,111,34,24
경기도,고양시,일반,여자,65세미만,232,19,20,42,36,10,6,35,10,11
경기도,고양시,일반,여자,65-69세,440,20,18,63,80,25,7,49,26,18
경기도,고양시,일반,여자,70-74세,767,32,29,110,173,43,24,90,28,19
경기도,고양시,일반,여자,75-79세,1793,80,64,255,475,175,83,142,63,37
경기도,고양시,일반,여자,80-84세,3341,111,164,546,1105,382,141,201,110,48
경기도,고양시,일반,여자,85세이상,4893,194,345,1091,1820,523,127,204,73,38
경기도,고양시,기초,남자,65세미만,338,17,24,69,85,14,9,29,12,21
경기도,고양시,기초,남자,65-69세,334,10,24,60,97,27,10,21,15,22
경기도,고양시,기초,남자,70-74세,273,11,15,41,83,41,14,9,10,10
경기도,고양시,기초,남자,75-79세,221,9,9,36,89,31,10,7,*,7
경기도,고양시,기초,남자,80-84세,228,7,11,43,80,39,5,8,5,5
경기도,고양시,기초,남자,85세이상,214,12,9,38,99,30,7,*,*,*
경기도,고양시,기초,여자,65세미만,154,15,17,21,32,7,6,11,8,9
경기도,고양시,기초,여자,65-69세,269,10,24,46,77,18,6,18,14,15
경기도,고양시,기초,여자,70-74세,301,10,17,61,82,39,8,22,11,6
경기도,고양시,기초,여자,75-79세,403,18,17,77,142,46,13,28,16,6
경기도,고양시,기초,여자,80-84세,664,30,32,113,279,93,24,17,9,12
경기도,고양시,기초,여자,85세이상,1108,44,83,283,458,126,17,20,18,*
경기도,고양시,의료,남자,65세미만,*,0,0,0,0,0,0,0,0,*
경기도,고양시,의료,남자,65-69세,*,0,*,*,*,0,0,0,0,0
경기도,고양시,의료,남자,70-74세,*,0,*,0,0,0,0,0,0,0
경기도,고양시,의료,남자,75-79세,9,0,0,*,*,*,0,*,0,0
경기도,고양시,의료,남자,80-84세,11,0,*,*,5,*,0,0,0,0
경기도,고양시,의료,남자,85세이상,20,0,*,5,8,*,*,*,0,*
경기도,고양시,의료,여자,65세미만,*,0,0,0,0,0,0,0,0,0
경기도,고양시,의료,여자,65-69세,*,*,0,0,0,0,0,*,0,0
경기도,고양시,의료,여자,70-74세,9,0,*,*,*,*,0,0,0,0
경기도,고양시,의료,여자,75-79세,17,*,0,*,7,*,*,*,0,*
경기도,고양시,의료,여자,80-84세,36,0,0,8,11,8,0,*,*,0
경기도,고양시,의료,여자,85세이상,125,8,9,30,55,8,0,*,*,0
경기도,고양시,감경,남자,65세미만,144,18,6,34,44,21,*,*,*,0
경기도,고양시,감경,남자,65-69세,239,16,19,63,104,20,6,*,0,0
경기도,고양시,감경,남자,70-74세,317,16,12,74,149,34,12,*,0,*
경기도,고양시,감경,남자,75-79세,411,19,26,99,182,50,20,*,0,*
경기도,고양시,감경,남자,80-84세,587,26,31,133,240,104,33,6,0,*
경기도,고양시,감경,남자,85세이상,828,20,38,191,409,123,26,*,*,0
경기도,고양시,감경,여자,65세미만,123,19,14,36,30,14,*,*,*,0
경기도,고양시,감경,여자,65-69세,233,20,23,63,78,22,9,*,0,*
경기도,고양시,감경,여자,70-74세,388,23,23,90,148,50,23,5,*,*
경기도,고양시,감경,여자,75-79세,825,59,55,192,302,111,50,5,*,*
경기도,고양시,감경,여자,80-84세,1943,75,135,448,864,274,87,*,*,*
경기도,고양시,감경,여자,85세이상,3747,172,355,1086,1608,402,66,10,*,0
경기도,과천시,일반,남자,65세미만,13,0,0,*,*,*,*,0,*,*
경기도,과천시,일반,남자,65-69세,18,*,*,*,5,0,*,*,*,0
경기도,과천시,일반,남자,70-74세,32,*,*,6,9,*,*,*,*,0
경기도,과천시,일반,남자,75-79세,42,0,*,*,15,*,*,*,*,*
경기도,과천시,일반,남자,80-84세,63,0,5,5,20,10,6,*,0,*
경기도,과천시,일반,남자,85세이상,126,*,5,21,46,16,5,*,*,*
경기도,과천시,일반,여자,65세미만,16,0,0,5,5,*,*,*,*,0
경기도,과천시,일반,여자,65-69세,27,0,0,*,7,*,0,5,*,*
경기도,과천시,일반,여자,70-74세,31,*,*,*,9,*,0,*,*,0
경기도,과천시,일반,여자,75-79세,84,*,*,7,23,6,6,14,*,*
경기도,과천시,일반,여자,80-84세,193,6,11,26,63,23,13,9,8,*
경기도,과천시,일반,여자,85세이상,278,8,13,65,110,36,10,14,*,*
경기도,과천시,기초,남자,65세미만,*,0,0,0,0,0,0,*,0,0
경기도,과천시,기초,남자,65-69세,8,0,*,*,0,*,0,*,*,0
경기도,과천시,기초,남자,70-74세,5,0,*,0,*,0,0,0,*,0
경기도,과천시,기초,남자,75-79세,7,0,0,*,*,0,0,0,0,0
경기도,과천시,기초,남자,80-84세,6,0,0,0,*,*,*,0,0,0
경기도,과천시,기초,남자,85세이상,5,0,*,*,*,0,0,*,0,0
경기도,과천시,기초,여자,65세미만,*,*,0,*,0,0,0,0,0,0
경기도,과천시,기초,여자,65-69세,*,0,0,0,0,0,*,*,0,0
경기도,과천시,기초,여자,70-74세,11,0,*,0,*,*,0,*,0,0
경기도,과천시,기초,여자,75-79세,7,*,*,0,0,*,0,0,*,0
경기도,과천시,기초,여자,80-84세,19,*,0,*,9,*,0,0,*,0
경기도,과천시,기초,여자,85세이상,26,*,*,6,5,6,*,*,0,0
경기도,과천시,의료,남자,80-84세,*,0,0,0,0,*,0,0,0,0
경기도,과천시,의료,여자,70-74세,0,0,0,0,0,0,0,0,0,0
경기도,과천시,의료,여자,75-79세,*,0,0,0,*,0,0,0,0,0
경기도,과천시,의료,여자,85세이상,*,0,*,0,0,0,0,0,0,0
경기도,과천시,감경,남자,65세미만,*,*,0,*,*,0,0,0,0,0
경기도,과천시,감경,남자,65-69세,*,0,0,*,*,*,*,0,0,0
경기도,과천시,감경,남자,70-74세,11,*,0,*,8,*,0,0,0,0
경기도,과천시,감경,남자,75-79세,6,0,*,0,*,*,0,0,0,0
경기도,과천시,감경,남자,80-84세,12,0,*,*,5,*,0,*,0,0
경기도,과천시,감경,남자,85세이상,13,0,*,5,5,0,*,0,0,0
경기도,과천시,감경,여자,65세미만,5,0,0,*,*,0,0,0,0,0
경기도,과천시,감경,여자,65-69세,7,*,*,0,*,*,*,0,0,0
경기도,과천시,감경,여자,70-74세,5,0,0,0,*,*,*,*,0,0
경기도,과천시,감경,여자,75-79세,7,0,0,*,*,*,*,0,0,0
경기도,과천시,감경,여자,80-84세,25,*,0,7,7,7,*,0,0,0
경기도,과천시,감경,여자,85세이상,73,*,*,21,34,9,*,*,0,0
경기도,구리시,일반,남자,65세미만,45,*,*,14,*,*,*,6,*,*
경기도,구리시,일반,남자,65-69세,98,5,5,14,24,*,*,16,6,*
경기도,구리시,일반,남자,70-74세,100,*,11,27,21,8,*,6,5,*
경기도,구리시,일반,남자,75-79세,174,6,*,27,57,14,*,15,6,5
경기도,구리시,일반,남자,80-84세,194,*,8,40,73,25,*,17,*,*
경기도,구리시,일반,남자,85세이상,230,*,15,49,96,22,6,8,*,*
경기도,구리시,일반,여자,65세미만,37,*,*,6,*,*,*,7,*,*
경기도,구리시,일반,여자,65-69세,73,*,5,8,18,*,0,6,*,*
경기도,구리시,일반,여자,70-74세,148,7,5,22,32,*,*,13,8,*
경기도,구리시,일반,여자,75-79세,295,6,15,65,78,27,8,19,13,9
경기도,구리시,일반,여자,80-84세,476,12,33,86,174,52,12,30,7,5
경기도,구리시,일반,여자,85세이상,558,19,58,158,200,42,6,11,6,*
경기도,구리시,기초,남자,65세미만,54,*,*,8,13,*,*,*,*,8
경기도,구리시,기초,남자,65-69세,73,*,*,13,21,7,*,*,7,7
경기도,구리시,기초,남자,70-74세,53,0,*,9,19,8,*,*,*,*
경기도,구리시,기초,남자,75-79세,47,*,*,7,17,*,*,*,0,7
경기도,구리시,기초,남자,80-84세,42,*,*,*,14,9,0,*,5,0
경기도,구리시,기초,남자,85세이상,25,0,*,*,13,*,*,*,0,0
경기도,구리시,기초,여자,65세미만,19,*,0,*,7,*,0,*,0,0
경기도,구리시,기초,여자,65-69세,44,*,*,10,10,5,0,*,*,*
경기도,구리시,기초,여자,70-74세,62,*,*,8,24,*,*,5,*,0
경기도,구리시,기초,여자,75-79세,79,*,*,8,42,6,*,7,*,0
경기도,구리시,기초,여자,80-84세,116,*,8,25,51,9,*,*,8,*
경기도,구리시,기초,여자,85세이상,136,*,11,46,56,11,*,*,0,0
경기도,구리시,의료,남자,65세미만,0,0,0,0,0,0,0,0,0,0
경기도,구리시,의료,남자,65-69세,*,0,0,*,0,0,0,0,0,*
경기도,구리시,의료,남자,70-74세,*,0,0,*,0,0,0,0,0,0
경기도,구리시,의료,남자,75-79세,*,0,0,0,*,0,0,0,0,0
경기도,구리시,의료,남자,80-84세,*,0,0,0,*,0,0,0,0,0
경기도,구리시,의료,여자,65-69세,0,0,0,0,0,0,0,0,0,0
경기도,구리시,의료,여자,70-74세,0,0,0,0,0,0,0,0,0,0
경기도,구리시,의료,여자,75-79세,0,0,0,0,0,0,0,0,0,0
경기도,구리시,의료,여자,80-84세,5,*,*,0,*,0,0,*,0,0
경기도,구리시,의료,여자,85세이상,12,0,0,*,*,*,0,0,0,*
경기도,구리시,감경,남자,65세미만,26,*,*,7,8,*,*,*,0,0
경기도,구리시,감경,남자,65-69세,39,*,*,9,17,5,0,0,0,0
경기도,구리시,감경,남자,70-74세,68,*,7,21,26,5,*,*,0,0
경기도,구리시,감경,남자,75-79세,63,*,*,15,30,9,*,0,0,0
경기도,구리시,감경,남자,80-84세,90,5,5,31,34,13,0,0,0,0
경기도,구리시,감경,남자,85세이상,96,*,*,28,51,8,*,0,0,*
경기도,구리시,감경,여자,65세미만,13,*,*,*,*,*,0,*,0,0
경기도,구리시,감경,여자,65-69세,27,*,*,5,5,8,*,0,0,0
경기도,구리시,감경,여자,70-74세,83,0,10,23,29,9,*,*,0,0
경기도,구리시,감경,여자,75-79세,150,5,6,36,73,14,5,*,0,0
경기도,구리시,감경,여자,80-84세,253,7,23,69,109,30,5,*,0,0
경기도,구리시,감경,여자,85세이상,402,19,43,126,176,31,*,*,0,0
경기도,남양주시,일반,남자,65세미만,149,6,6,25,33,0,*,22,8,6
경기도,남양주시,일반,남자,65-69세,251,13,16,41,62,16,*,33,10,10
경기도,남양주시,일반,남자,70-74세,416,15,28,79,114,35,9,35,12,10
경기도,남양주시,일반,남자,75-79세,640,13,28,134,216,54,13,46,21,11
경기도,남양주시,일반,남자,80-84세,846,16,36,164,284,104,36,33,27,14
경기도,남양주시,일반,남자,85세이상,1011,19,71,217,404,104,21,37,17,11
경기도,남양주시,일반,여자,65세미만,117,8,6,15,20,5,*,20,13,7
경기도,남양주시,일반,여자,65-69세,337,11,22,41,57,21,11,41,14,17
경기도,남양주시,일반,여자,70-74세,603,15,25,104,153,47,24,64,22,13
경기도,남양주시,일반,여자,75-79세,1181,26,60,179,379,133,39,103,47,24
경기도,남양주시,일반,여자,80-84세,1863,38,116,375,650,220,56,113,39,27
경기도,남양주시,일반,여자,85세이상,2351,86,280,655,878,183,27,48,28,14
경기도,남양주시,기초,남자,65세미만,291,17,21,59,100,24,7,19,6,5
경기도,남양주시,기초,남자,65-69세,297,10,17,57,102,38,12,8,12,13
경기도,남양주시,기초,남자,70-74세,249,9,17,62,88,32,5,9,6,7
경기도,남양주시,기초,남자,75-79세,193,*,11,37,80,33,8,5,*,*
경기도,남양주시,기초,남자,80-84세,227,*,10,50,88,35,6,7,5,*
경기도,남양주시,기초,남자,85세이상,169,*,13,38,81,21,*,0,0,*
경기도,남양주시,기초,여자,65세미만,117,11,8,26,38,6,*,8,*,*
경기도,남양주시,기초,여자,65-69세,208,9,12,37,80,21,5,15,7,*
경기도,남양주시,기초,여자,70-74세,272,14,18,54,88,31,10,14,8,8
경기도,남양주시,기초,여자,75-79세,440,14,34,92,168,66,6,12,12,*
경기도,남양주시,기초,여자,80-84세,636,25,61,163,251,78,16,16,5,*
경기도,남양주시,기초,여자,85세이상,893,40,128,262,367,46,9,6,5,*
경기도,남양주시,의료,남자,65세미만,*,0,0,0,*,0,0,0,0,0
경기도,남양주시,의료,남자,65-69세,6,*,0,*,*,0,*,0,0,*
경기도,남양주시,의료,남자,70-74세,5,0,*,*,*,0,0,*,0,0
경기도,남양주시,의료,남자,75-79세,14,0,*,5,*,*,0,*,*,*
경기도,남양주시,의료,남자,80-84세,9,0,*,0,5,*,0,*,0,0
경기도,남양주시,의료,남자,85세이상,11,0,*,5,*,0,0,0,0,0
경기도,남양주시,의료,여자,65세미만,0,0,0,0,0,0,0,0,0,0
경기도,남양주시,의료,여자,65-69세,*,0,0,*,0,0,0,0,0,0
경기도,남양주시,의료,여자,70-74세,8,0,*,*,*,0,0,0,0,0
경기도,남양주시,의료,여자,75-79세,18,0,0,*,7,5,*,0,0,0
경기도,남양주시,의료,여자,80-84세,19,*,*,*,10,0,0,0,0,0
경기도,남양주시,의료,여자,85세이상,90,*,8,31,41,*,*,*,0,0
경기도,남양주시,감경,남자,65세미만,132,14,13,38,40,12,6,*,0,*
경기도,남양주시,감경,남자,65-69세,230,10,18,60,93,26,8,*,*,*
경기도,남양주시,감경,남자,70-74세,326,9,24,82,147,43,11,*,0,*
경기도,남양주시,감경,남자,75-79세,483,10,31,115,225,65,18,*,*,*
경기도,남양주시,감경,남자,80-84세,606,15,45,147,275,87,19,*,*,0
경기도,남양주시,감경,남자,85세이상,711,16,51,207,339,73,13,*,*,0
경기도,남양주시,감경,여자,65세미만,103,13,9,22,39,10,*,0,*,0
경기도,남양주시,감경,여자,65-69세,239,10,14,64,95,20,14,*,*,*
경기도,남양주시,감경,여자,70-74세,434,24,33,96,183,47,20,*,*,0
경기도,남양주시,감경,여자,75-79세,911,34,60,214,380,133,50,*,0,*
경기도,남양주시,감경,여자,80-84세,1682,56,147,446,740,203,45,*,0,0
경기도,남양주시,감경,여자,85세이상,2725,107,360,881,1101,197,32,*,*,0
경기도,오산시,일반,남자,65세미만,49,*,*,9,7,*,0,6,*,5
경기도,오산시,일반,남자,65-69세,79,8,*,9,26,*,*,8,6,*
경기도,오산시,일반,남자,70-74세,118,*,9,27,30,11,*,8,7,*
경기도,오산시,일반,남자,75-79세,154,8,9,44,34,10,*,13,5,*
경기도,오산시,일반,남자,80-84세,186,6,10,41,60,15,*,14,*,*
경기도,오산시,일반,남자,85세이상,205,*,13,48,63,23,*,14,6,*
경기도,오산시,일반,여자,65세미만,38,6,*,6,9,*,0,5,*,*
경기도,오산시,일반,여자,65-69세,108,*,*,25,22,*,0,13,*,*
경기도,오산시,일반,여자,70-74세,175,8,5,34,36,7,*,24,*,6
경기도,오산시,일반,여자,75-79세,314,15,12,65,95,17,6,31,5,*
경기도,오산시,일반,여자,80-84세,443,21,29,99,141,32,5,33,6,*
경기도,오산시,일반,여자,85세이상,564,29,64,144,182,34,7,32,8,6
경기도,오산시,기초,남자,65세미만,63,8,8,20,16,*,0,*,*,*
경기도,오산시,기초,남자,65-69세,67,*,*,14,23,*,*,6,*,*
경기도,오산시,기초,남자,70-74세,47,*,*,12,11,*,*,*,*,*
경기도,오산시,기초,남자,75-79세,39,*,*,11,16,*,*,*,*,0
경기도,오산시,기초,남자,80-84세,39,*,*,7,15,*,*,*,*,*
경기도,오산시,기초,남자,85세이상,38,*,*,8,19,5,0,*,*,0
경기도,오산시,기초,여자,65세미만,29,*,*,8,11,*,0,*,0,*
경기도,오산시,기초,여자,65-69세,52,*,*,7,15,*,0,6,*,*
경기도,오산시,기초,여자,70-74세,64,*,*,11,16,10,*,*,9,*
경기도,오산시,기초,여자,75-79세,92,*,8,15,38,5,*,*,*,*
경기도,오산시,기초,여자,80-84세,138,*,13,30,59,10,0,5,*,*
경기도,오산시,기초,여자,85세이상,157,13,18,40,65,6,*,5,0,0
경기도,오산시,의료,남자,65-69세,0,0,0,0,0,0,0,0,0,0
경기도,오산시,의료,남자,70-74세,*,*,*,0,0,0,0,0,0,0
경기도,오산시,의료,남자,75-79세,0,0,0,0,0,0,0,0,0,0
경기도,오산시,의료,남자,80-84세,*,0,0,*,*,0,0,0,0,0
경기도,오산시,의료,남자,85세이상,*,0,0,*,*,0,0,0,0,0
경기도,오산시,의료,여자,65-69세,*,0,0,0,0,0,0,0,0,0
경기도,오산시,의료,여자,70-74세,0,0,0,0,0,0,0,0,0,0
경기도,오산시,의료,여자,75-79세,*,0,0,0,*,0,0,0,0,0
경기도,오산시,의료,여자,80-84세,6,0,*,*,*,0,0,0,0,0
경기도,오산시,의료,여자,85세이상,20,*,*,6,8,0,0,*,0,0
경기도,오산시,감경,남자,65세미만,42,7,6,15,8,*,*,0,0,0
경기도,오산시,감경,남자,65-69세,54,*,7,20,17,0,*,0,*,0
경기도,오산시,감경,남자,70-74세,82,10,10,21,30,*,*,*,0,0
경기도,오산시,감경,남자,75-79세,118,7,7,38,49,9,*,*,0,0
경기도,오산시,감경,남자,80-84세,108,*,9,30,46,12,*,*,0,*
경기도,오산시,감경,남자,85세이상,124,6,9,34,62,6,*,0,0,0
경기도,오산시,감경,여자,65세미만,34,5,*,17,6,0,*,*,0,0
경기도,오산시,감경,여자,65-69세,40,7,*,9,14,*,0,*,0,0
경기도,오산시,감경,여자,70-74세,89,8,8,28,26,8,*,*,0,0
경기도,오산시,감경,여자,75-79세,205,13,21,65,73,12,5,*,0,*
경기도,오산시,감경,여자,80-84세,360,18,37,106,137,33,11,*,*,0
경기도,오산시,감경,여자,85세이상,603,46,76,212,214,40,7,*,*,0
경기도,시흥시,일반,남자,65세미만,96,*,*,11,21,*,0,18,5,*
경기도,시흥시,일반,남자,65-69세,191,9,8,27,41,6,*,33,7,9
경기도,시흥시,일반,남자,70-74세,206,*,10,31,54,12,11,23,*,7
경기도,시흥시,일반,남자,75-79세,274,*,11,41,70,26,7,32,8,8
경기도,시흥시,일반,남자,80-84세,350,7,12,68,107,40,10,19,8,13
경기도,시흥시,일반,남자,85세이상,386,*,10,63,138,44,11,22,9,7
경기도,시흥시,일반,여자,65세미만,93,8,5,8,6,6,*,15,9,*
경기도,시흥시,일반,여자,65-69세,153,*,6,18,27,10,*,19,8,6
경기도,시흥시,일반,여자,70-74세,299,13,9,37,68,15,10,39,17,10
경기도,시흥시,일반,여자,75-79세,589,9,29,81,140,61,16,58,30,14
경기도,시흥시,일반,여자,80-84세,928,24,57,131,311,113,24,53,26,17
경기도,시흥시,일반,여자,85세이상,1212,33,85,291,445,121,15,46,12,8
경기도,시흥시,기초,남자,65세미만,195,10,14,26,52,13,5,15,11,16
경기도,시흥시,기초,남자,65-69세,205,5,7,32,59,22,*,20,10,18
경기도,시흥시,기초,남자,70-74세,132,5,*,18,42,23,7,*,7,6
경기도,시흥시,기초,남자,75-79세,110,*,*,15,38,15,5,6,7,*
경기도,시흥시,기초,남자,80-84세,111,*,6,20,33,16,0,*,*,*
경기도,시흥시,기초,남자,85세이상,104,*,*,18,42,17,*,6,0,0
경기도,시흥시,기초,여자,65세미만,93,5,*,22,21,9,*,12,*,5
경기도,시흥시,기초,여자,65-69세,115,*,*,16,33,14,*,13,5,6
경기도,시흥시,기초,여자,70-74세,152,6,9,26,46,16,6,14,5,*
경기도,시흥시,기초,여자,75-79세,215,8,11,32,90,20,5,9,6,7
경기도,시흥시,기초,여자,80-84세,317,9,18,72,123,39,7,9,9,*
경기도,시흥시,기초,여자,85세이상,503,17,49,126,198,42,*,8,*,*
경기도,시흥시,의료,남자,65세미만,*,0,0,0,0,0,0,0,0,0
경기도,시흥시,의료,남자,65-69세,*,0,0,0,0,*,0,0,0,0
경기도,시흥시,의료,남자,70-74세,*,0,0,0,*,0,0,0,0,0
경기도,시흥시,의료,남자,75-79세,*,*,0,0,*,0,0,0,0,0
경기도,시흥시,의료,남자,80-84세,5,0,0,0,*,*,0,0,0,0
경기도,시흥시,의료,남자,85세이상,5,0,0,*,*,*,0,0,0,0
경기도,시흥시,의료,여자,65세미만,0,0,0,0,0,0,0,0,0,0
경기도,시흥시,의료,여자,65-69세,*,0,0,*,0,0,0,0,0,0
경기도,시흥시,의료,여자,70-74세,*,0,*,*,0,0,0,0,*,0
경기도,시흥시,의료,여자,75-79세,5,0,0,0,*,*,0,0,0,*
경기도,시흥시,의료,여자,80-84세,14,*,*,*,*,*,0,*,0,0
경기도,시흥시,의료,여자,85세이상,37,*,6,7,13,*,*,0,*,0
경기도,시흥시,감경,남자,65세미만,81,*,6,21,22,10,*,*,*,*
경기도,시흥시,감경,남자,65-69세,140,6,13,30,65,16,*,0,0,0
경기도,시흥시,감경,남자,70-74세,151,*,6,37,75,18,5,*,0,0
경기도,시흥시,감경,남자,75-79세,206,8,7,54,87,35,5,*,0,0
경기도,시흥시,감경,남자,80-84세,255,5,20,49,107,57,9,0,0,*
경기도,시흥시,감경,남자,85세이상,275,6,17,62,129,49,9,0,0,0
경기도,시흥시,감경,여자,65세미만,58,8,7,12,21,*,*,0,*,0
경기도,시흥시,감경,여자,65-69세,104,8,8,20,49,6,9,0,*,0
경기도,시흥시,감경,여자,70-74세,195,17,16,52,74,19,*,*,*,0
경기도,시흥시,감경,여자,75-79세,423,16,35,94,182,57,14,*,*,*
경기도,시흥시,감경,여자,80-84세,844,26,58,209,367,117,38,*,*,*
경기도,시흥시,감경,여자,85세이상,1482,68,134,474,620,150,17,*,*,0
경기도,군포시,일반,남자,65세미만,53,*,*,11,8,*,0,9,*,0
경기도,군포시,일반,남자,65-69세,103,8,5,19,20,6,*,11,*,*
경기도,군포시,일반,남자,70-74세,151,*,*,22,33,6,5,14,*,5
경기도,군포시,일반,남자,75-79세,179,7,9,28,46,18,9,9,7,5
경기도,군포시,일반,남자,80-84세,262,8,12,41,77,38,9,8,13,6
경기도,군포시,일반,남자,85세이상,384,5,15,68,129,51,17,26,12,6
경기도,군포시,일반,여자,65세미만,55,6,*,7,10,*,0,7,*,*
경기도,군포시,일반,여자,65-69세,120,*,5,14,18,*,*,14,5,*
경기도,군포시,일반,여자,70-74세,187,*,5,18,37,10,*,14,12,*
경기도,군포시,일반,여자,75-79세,388,13,12,54,82,41,25,33,13,16
경기도,군포시,일반,여자,80-84세,685,17,26,103,210,79,26,38,22,14
경기도,군포시,일반,여자,85세이상,1130,57,83,269,370,97,30,40,23,10
경기도,군포시,기초,남자,65세미만,84,6,5,18,18,*,*,5,*,*
경기도,군포시,기초,남자,65-69세,94,*,*,16,20,7,*,10,*,11
경기도,군포시,기초,남자,70-74세,81,*,*,11,26,11,*,*,5,7
경기도,군포시,기초,남자,75-79세,59,*,*,8,17,11,*,0,*,6
경기도,군포시,기초,남자,80-84세,45,0,*,6,20,6,*,*,*,*
경기도,군포시,기초,남자,85세이상,39,*,*,6,16,*,*,*,*,*
경기도,군포시,기초,여자,65세미만,43,*,*,7,10,*,*,7,*,*
경기도,군포시,기초,여자,65-69세,75,*,*,8,23,11,*,*,5,5
경기도,군포시,기초,여자,70-74세,71,*,*,9,18,9,*,7,5,*
경기도,군포시,기초,여자,75-79세,114,5,5,22,31,11,5,*,10,*
경기도,군포시,기초,여자,80-84세,166,5,6,30,57,26,8,*,7,*
경기도,군포시,기초,여자,85세이상,284,11,33,76,119,19,*,0,6,*
경기도,군포시,의료,남자,65세미만,*,0,0,0,0,0,0,*,0,0
경기도,군포시,의료,남자,65-69세,*,0,0,*,0,0,0,*,0,0
경기도,군포시,의료,남자,70-74세,*,0,0,0,0,*,0,*,0,0
경기도,군포시,의료,남자,75-79세,5,0,0,0,*,*,0,0,0,0
경기도,군포시,의료,남자,80-84세,*,0,0,0,*,0,0,*,0,0
경기도,군포시,의료,남자,85세이상,6,*,0,*,*,*,0,0,*,0
경기도,군포시,의료,여자,65세미만,0,0,0,0,0,0,0,0,0,0
경기도,군포시,의료,여자,65-69세,0,0,0,0,0,0,0,0,0,0
경기도,군포시,의료,여자,70-74세,5,0,0,0,0,0,0,*,*,*
경기도,군포시,의료,여자,75-79세,*,0,*,0,0,*,0,0,0,0
경기도,군포시,의료,여자,80-84세,8,0,0,0,*,*,0,0,0,0
경기도,군포시,의료,여자,85세이상,24,0,*,7,9,*,0,*,*,0
경기도,군포시,감경,남자,65세미만,36,7,*,12,6,*,*,*,*,0
경기도,군포시,감경,남자,65-69세,46,*,5,12,15,*,*,*,0,0
경기도,군포시,감경,남자,70-74세,78,8,*,20,26,10,*,*,0,0
경기도,군포시,감경,남자,75-79세,78,*,*,25,28,15,*,0,0,0
경기도,군포시,감경,남자,80-84세,93,*,7,19,37,19,*,0,0,0
경기도,군포시,감경,남자,85세이상,157,6,5,39,71,21,8,*,*,0
경기도,군포시,감경,여자,65세미만,28,8,5,*,5,*,*,*,0,*
경기도,군포시,감경,여자,65-69세,41,*,*,11,14,*,0,0,*,*
경기도,군포시,감경,여자,70-74세,77,*,6,17,31,9,5,*,*,*
경기도,군포시,감경,여자,75-79세,156,6,14,40,53,15,12,0,*,0
경기도,군포시,감경,여자,80-84세,356,18,22,82,144,62,20,*,0,0
경기도,군포시,감경,여자,85세이상,788,52,93,239,316,61,11,*,*,0
경기도,의왕시,일반,남자,65세미만,53,5,*,10,7,*,*,9,*,*
경기도,의왕시,일반,남자,65-69세,77,*,*,12,21,*,*,11,*,*
경기도,의왕시,일반,남자,70-74세,87,*,*,20,29,*,*,*,*,*
경기도,의왕시,일반,남자,75-79세,113,*,*,33,28,12,*,6,*,*
경기도,의왕시,일반,남자,80-84세,187,8,12,30,71,8,7,8,5,*
경기도,의왕시,일반,남자,85세이상,220,9,10,64,72,14,6,6,*,5
경기도,의왕시,일반,여자,65세미만,23,0,*,*,*,*,*,*,*,*
경기도,의왕시,일반,여자,65-69세,88,*,5,17,13,5,0,5,5,*
경기도,의왕시,일반,여자,70-74세,107,6,*,20,27,*,0,12,*,*
경기도,의왕시,일반,여자,75-79세,211,10,6,35,66,16,7,10,5,*
경기도,의왕시,일반,여자,80-84세,410,21,23,82,112,44,12,20,10,11
경기도,의왕시,일반,여자,85세이상,643,25,63,178,233,39,7,23,*,6
경기도,의왕시,기초,남자,65세미만,28,*,*,*,9,*,0,*,*,*
경기도,의왕시,기초,남자,65-69세,21,0,*,8,*,*,*,*,*,*
경기도,의왕시,기초,남자,70-74세,15,0,*,6,*,*,0,*,*,0
경기도,의왕시,기초,남자,75-79세,18,0,*,*,7,0,0,*,0,*
경기도,의왕시,기초,남자,80-84세,14,*,*,*,*,*,*,0,0,*
경기도,의왕시,기초,남자,85세이상,11,*,*,*,5,0,0,0,0,0
경기도,의왕시,기초,여자,65세미만,17,*,*,*,*,*,0,*,0,*
경기도,의왕시,기초,여자,65-69세,18,*,*,5,0,*,0,*,0,*
경기도,의왕시,기초,여자,70-74세,21,*,*,6,*,*,0,*,*,*
경기도,의왕시,기초,여자,75-79세,49,*,*,12,8,7,*,*,*,0
경기도,의왕시,기초,여자,80-84세,57,*,6,12,23,7,*,0,0,0
경기도,의왕시,기초,여자,85세이상,94,8,14,25,37,*,0,0,*,*
경기도,의왕시,의료,남자,65세미만,0,0,0,0,0,0,0,0,0,0
경기도,의왕시,의료,남자,65-69세,*,*,0,0,0,0,0,0,0,0
경기도,의왕시,의료,남자,70-74세,*,0,*,0,0,0,0,0,0,0
경기도,의왕시,의료,남자,75-79세,0,0,0,0,0,0,0,0,0,0
경기도,의왕시,의료,남자,80-84세,*,0,0,0,*,0,0,0,0,0
경기도,의왕시,의료,남자,85세이상,*,0,0,0,*,0,0,0,0,0
경기도,의왕시,의료,여자,65-69세,0,0,0,0,0,0,0,0,0,0
경기도,의왕시,의료,여자,70-74세,*,0,0,0,0,*,0,0,0,0
경기도,의왕시,의료,여자,75-79세,*,0,0,0,0,0,0,0,0,0
경기도,의왕시,의료,여자,80-84세,*,0,0,0,0,0,0,0,*,0
경기도,의왕시,의료,여자,85세이상,7,0,0,*,*,*,0,0,0,0
경기도,의왕시,감경,남자,65세미만,22,*,*,7,*,*,0,*,*,0
경기도,의왕시,감경,남자,65-69세,33,*,*,13,12,*,0,*,*,0
경기도,의왕시,감경,남자,70-74세,36,*,*,8,10,6,*,0,*,0
경기도,의왕시,감경,남자,75-79세,53,*,*,19,18,6,*,0,0,0
경기도,의왕시,감경,남자,80-84세,61,*,*,16,27,11,*,0,0,0
경기도,의왕시,감경,남자,85세이상,89,*,5,30,37,9,*,0,0,0
경기도,의왕시,감경,여자,65세미만,13,*,0,*,5,0,0,0,0,0
경기도,의왕시,감경,여자,65-69세,29,*,*,8,10,*,*,0,0,0
경기도,의왕시,감경,여자,70-74세,31,*,*,8,12,*,*,*,0,0
경기도,의왕시,감경,여자,75-79세,81,*,*,13,43,12,*,*,0,0
경기도,의왕시,감경,여자,80-84세,176,6,12,49,78,21,7,0,*,*
경기도,의왕시,감경,여자,85세이상,449,42,50,163,164,24,*,0,0,0
경기도,하남시,일반,남자,65세미만,71,*,11,7,16,*,*,13,*,5
경기도,하남시,일반,남자,65-69세,149,10,9,27,41,5,*,14,6,*
경기도,하남시,일반,남자,70-74세,183,7,12,35,65,6,*,14,6,*
경기도,하남시,일반,남자,75-79세,259,7,8,73,83,30,6,11,9,*
경기도,하남시,일반,남자,80-84세,324,11,21,70,116,28,6,11,10,*
경기도,하남시,일반,남자,85세이상,315,18,27,71,115,33,*,9,10,*
경기도,하남시,일반,여자,65세미만,73,10,*,10,12,*,0,14,*,6
경기도,하남시,일반,여자,65-69세,147,8,8,15,29,*,*,25,13,5
경기도,하남시,일반,여자,70-74세,229,10,20,36,59,20,*,25,12,5
경기도,하남시,일반,여자,75-79세,404,14,18,66,119,29,9,41,21,8
경기도,하남시,일반,여자,80-84세,626,23,46,123,224,65,10,30,16,9
경기도,하남시,일반,여자,85세이상,923,41,100,272,337,64,10,29,8,*
경기도,하남시,기초,남자,65세미만,72,*,*,12,20,*,*,10,*,9
경기도,하남시,기초,남자,65-69세,83,5,8,13,17,8,*,9,5,6
경기도,하남시,기초,남자,70-74세,73,*,*,10,28,10,*,*,*,*
경기도,하남시,기초,남자,75-79세,63,*,*,7,25,6,0,*,*,*
경기도,하남시,기초,남자,80-84세,62,*,*,12,25,10,*,*,*,*
경기도,하남시,기초,남자,85세이상,34,*,5,8,15,*,0,0,0,0
경기도,하남시,기초,여자,65세미만,23,*,*,*,*,*,0,*,*,*
경기도,하남시,기초,여자,65-69세,73,*,8,20,19,*,*,10,0,*
경기도,하남시,기초,여자,70-74세,71,*,*,18,19,5,*,6,6,*
경기도,하남시,기초,여자,75-79세,92,*,6,19,36,8,0,7,*,*
경기도,하남시,기초,여자,80-84세,123,*,16,20,54,12,*,*,*,*
경기도,하남시,기초,여자,85세이상,172,11,21,44,67,15,*,*,*,*
경기도,하남시,의료,남자,65세미만,*,0,0,0,0,0,0,0,0,0
경기도,하남시,의료,남자,65-69세,0,0,0,0,0,0,0,0,0,0
경기도,하남시,의료,남자,70-74세,*,0,0,*,0,0,0,0,0,0
경기도,하남시,의료,남자,75-79세,5,*,*,*,*,0,0,0,0,0
경기도,하남시,의료,남자,80-84세,*,0,0,0,*,0,0,0,0,0
경기도,하남시,의료,남자,85세이상,*,0,0,*,0,0,0,0,0,0
경기도,하남시,의료,여자,65세미만,0,0,0,0,0,0,0,0,0,0
경기도,하남시,의료,여자,65-69세,*,0,0,0,*,0,0,0,0,*
경기도,하남시,의료,여자,70-74세,7,0,0,*,5,0,0,0,0,0
경기도,하남시,의료,여자,75-79세,*,0,0,0,*,0,0,0,0,0
경기도,하남시,의료,여자,80-84세,5,0,0,*,*,0,0,*,0,0
경기도,하남시,의료,여자,85세이상,23,0,*,11,7,*,0,*,0,0
경기도,하남시,감경,남자,65세미만,26,*,*,13,10,0,0,0,0,0
경기도,하남시,감경,남자,65-69세,57,*,9,20,19,*,*,0,*,0
경기도,하남시,감경,남자,70-74세,81,8,6,18,32,9,0,0,0,0
경기도,하남시,감경,남자,75-79세,140,*,6,24,75,23,*,*,*,*
경기도,하남시,감경,남자,80-84세,127,*,11,25,58,21,*,0,*,0
경기도,하남시,감경,남자,85세이상,124,*,16,35,51,14,*,0,0,0
경기도,하남시,감경,여자,65세미만,24,*,*,10,7,0,0,0,0,0
경기도,하남시,감경,여자,65-69세,48,*,*,17,16,*,*,0,0,0
경기도,하남시,감경,여자,70-74세,113,10,11,26,42,12,*,0,0,0
경기도,하남시,감경,여자,75-79세,197,10,19,42,93,24,*,*,0,0
경기도,하남시,감경,여자,80-84세,344,14,36,95,146,37,*,0,*,*
경기도,하남시,감경,여자,85세이상,619,35,89,186,250,44,5,0,0,0
경기도,용인시,일반,남자,65세미만,207,23,17,46,31,*,*,21,7,5
경기도,용인시,일반,남자,65-69세,403,26,23,90,106,10,*,36,11,16
경기도,용인시,일반,남자,70-74세,573,36,41,143,140,27,6,49,10,11
경기도,용인시,일반,남자,75-79세,942,41,74,221,296,54,12,49,24,17
경기도,용인시,일반,남자,80-84세,1520,45,99,352,516,129,35,85,26,24
경기도,용인시,일반,남자,85세이상,2072,64,150,498,854,153,23,83,36,23
경기도,용인시,일반,여자,65세미만,203,26,16,47,33,9,*,20,9,7
경기도,용인시,일반,여자,65-69세,483,39,31,72,106,13,8,42,21,12
경기도,용인시,일반,여자,70-74세,925,48,61,166,242,40,17,81,33,26
경기도,용인시,일반,여자,75-79세,1981,96,144,351,624,134,56,123,57,31
경기도,용인시,일반,여자,80-84세,3350,154,248,721,1235,243,72,161,65,30
경기도,용인시,일반,여자,85세이상,4578,295,501,1274,1743,244,51,97,59,21
경기도,용인시,기초,남자,65세미만,169,12,18,34,48,*,0,17,7,9
경기도,용인시,기초,남자,65-69세,167,6,*,43,60,8,*,9,9,6
경기도,용인시,기초,남자,70-74세,139,*,9,23,65,*,*,7,*,9
경기도,용인시,기초,남자,75-79세,115,5,11,19,43,8,*,*,*,7
경기도,용인시,기초,남자,80-84세,98,*,9,22,41,5,0,*,*,*
경기도,용인시,기초,남자,85세이상,102,*,9,30,43,*,*,*,*,*
경기도,용인시,기초,여자,65세미만,88,10,14,13,14,*,*,8,*,8
경기도,용인시,기초,여자,65-69세,133,6,9,29,38,5,*,9,7,*
경기도,용인시,기초,여자,70-74세,178,9,6,41,69,*,*,9,6,*
경기도,용인시,기초,여자,75-79세,235,12,22,48,97,12,*,12,*,8
경기도,용인시,기초,여자,80-84세,385,25,36,92,168,20,*,9,5,*
경기도,용인시,기초,여자,85세이상,569,41,76,192,212,18,*,5,5,*
경기도,용인시,의료,남자,65세미만,*,*,0,0,0,0,0,0,0,0
경기도,용인시,의료,남자,65-69세,*,0,*,0,0,0,0,0,0,0
경기도,용인시,의료,남자,70-74세,*,0,0,0,*,0,0,0,0,0
경기도,용인시,의료,남자,75-79세,9,0,*,*,*,*,0,0,0,0
경기도,용인시,의료,남자,80-84세,5,0,0,*,*,0,0,0,0,0
경기도,용인시,의료,남자,85세이상,11,*,0,*,6,0,0,0,0,*
경기도,용인시,의료,여자,65세미만,0,0,0,0,0,0,0,0,0,0
경기도,용인시,의료,여자,65-69세,*,0,0,0,*,0,0,0,0,0
경기도,용인시,의료,여자,70-74세,7,*,0,*,*,0,0,*,0,*
경기도,용인시,의료,여자,75-79세,14,*,0,*,5,*,0,*,0,0
경기도,용인시,의료,여자,80-84세,22,0,*,5,8,*,*,0,0,0
경기도,용인시,의료,여자,85세이상,62,*,6,20,28,*,0,0,0,0
경기도,용인시,감경,남자,65세미만,125,22,13,33,35,5,*,*,0,0
경기도,용인시,감경,남자,65-69세,164,12,13,54,56,10,0,5,*,0
경기도,용인시,감경,남자,70-74세,252,20,16,88,90,23,*,*,0,0
경기도,용인시,감경,남자,75-79세,372,21,23,119,160,25,13,*,0,0
경기도,용인시,감경,남자,80-84세,453,24,39,137,203,39,8,*,0,0
경기도,용인시,감경,남자,85세이상,605,14,53,184,292,44,8,*,0,0
경기도,용인시,감경,여자,65세미만,76,11,11,21,15,9,*,0,0,0
경기도,용인시,감경,여자,65-69세,179,18,25,55,55,15,*,*,0,0
경기도,용인시,감경,여자,70-74세,323,24,33,81,122,34,12,0,0,*
경기도,용인시,감경,여자,75-79세,643,49,67,161,263,60,19,*,0,*
경기도,용인시,감경,여자,80-84세,1434,70,140,439,594,117,27,0,*,*
경기도,용인시,감경,여자,85세이상,2508,182,345,831,986,114,23,*,*,0
경기도,파주시,일반,남자,65세미만,102,6,5,13,16,5,0,8,9,11
경기도,파주시,일반,남자,65-69세,202,17,5,34,39,12,*,29,8,6
경기도,파주시,일반,남자,70-74세,241,9,10,36,62,23,9,28,12,5
경기도,파주시,일반,남자,75-79세,388,16,14,58,107,50,11,17,12,12
경기도,파주시,일반,남자,80-84세,537,7,21,85,167,66,16,33,17,9
경기도,파주시,일반,남자,85세이상,634,10,18,128,213,94,16,23,14,8
경기도,파주시,일반,여자,65세미만,81,9,5,16,10,*,*,9,*,*
경기도,파주시,일반,여자,65-69세,202,15,*,29,39,10,*,26,12,*
경기도,파주시,일반,여자,70-74세,393,8,12,48,80,34,17,46,25,12
경기도,파주시,일반,여자,75-79세,768,16,33,95,183,89,32,73,32,24
경기도,파주시,일반,여자,80-84세,1283,24,44,206,410,146,43,83,48,27
경기도,파주시,일반,여자,85세이상,1709,60,106,380,627,168,37,64,32,13
경기도,파주시,기초,남자,65세미만,235,10,17,43,60,26,9,17,9,14
경기도,파주시,기초,남자,65-69세,239,6,7,34,72,41,8,13,13,10
경기도,파주시,기초,남자,70-74세,167,6,8,28,49,20,10,11,*,6
경기도,파주시,기초,남자,75-79세,138,*,6,20,50,26,9,*,*,*
경기도,파주시,기초,남자,80-84세,177,*,*,40,63,35,5,*,*,*
경기도,파주시,기초,남자,85세이상,163,*,9,27,68,34,*,0,5,5
경기도,파주시,기초,여자,65세미만,109,10,7,24,26,6,*,10,5,5
경기도,파주시,기초,여자,65-69세,171,7,10,27,42,17,7,13,10,5
경기도,파주시,기초,여자,70-74세,224,11,14,30,80,30,8,21,5,*
경기도,파주시,기초,여자,75-79세,310,10,12,60,113,44,14,12,10,*
경기도,파주시,기초,여자,80-84세,532,15,31,99,219,76,18,14,12,6
경기도,파주시,기초,여자,85세이상,673,32,66,171,261,73,11,14,5,*
경기도,파주시,의료,남자,65세미만,0,0,0,0,0,0,0,0,0,0
경기도,파주시,의료,남자,65-69세,*,0,0,0,0,0,0,*,0,*
경기도,파주시,의료,남자,70-74세,*,*,0,*,0,0,0,0,*,*
경기도,파주시,의료,남자,75-79세,7,0,0,*,*,*,0,0,*,0
경기도,파주시,의료,남자,80-84세,7,0,0,*,*,0,0,0,0,0
경기도,파주시,의료,남자,85세이상,10,0,*,0,*,0,0,0,*,0
경기도,파주시,의료,여자,65세미만,0,0,0,0,0,0,0,0,0,0
경기도,파주시,의료,여자,65-69세,*,0,0,*,0,0,0,*,0,0
경기도,파주시,의료,여자,70-74세,7,0,0,*,*,*,*,0,0,0
경기도,파주시,의료,여자,75-79세,7,0,0,*,*,*,0,0,0,0
경기도,파주시,의료,여자,80-84세,18,0,*,*,6,5,0,0,*,0
경기도,파주시,의료,여자,85세이상,61,0,*,20,23,6,*,*,0,0
경기도,파주시,감경,남자,65세미만,85,5,*,36,24,8,0,*,*,*
경기도,파주시,감경,남자,65-69세,140,9,12,42,54,16,*,0,0,0
경기도,파주시,감경,남자,70-74세,161,*,16,39,61,31,*,*,*,0
경기도,파주시,감경,남자,75-79세,264,7,12,57,114,51,12,*,0,0
경기도,파주시,감경,남자,80-84세,364,10,19,65,178,60,17,*,*,*
경기도,파주시,감경,남자,85세이상,483,5,27,115,234,73,18,*,*,0
경기도,파주시,감경,여자,65세미만,71,8,6,20,25,7,0,0,0,0
경기도,파주시,감경,여자,65-69세,136,9,5,29,56,20,6,*,*,0
경기도,파주시,감경,여자,70-74세,234,10,17,55,89,33,14,*,*,0
경기도,파주시,감경,여자,75-79세,551,20,43,114,249,69,22,*,6,0
경기도,파주시,감경,여자,80-84세,1074,37,70,247,469,184,37,*,*,0
경기도,파주시,감경,여자,85세이상,1807,82,131,526,786,217,35,*,0,*
경기도,파주시,기초,남자,65세미만,0,0,0,0,0,0,0,0,0,0
경기도,파주시,기초,남자,65-69세,0,0,0,0,0,0,0,0,0,0
경기도,파주시,기초,남자,70-74세,0,0,0,0,0,0,0,0,0,0
경기도,파주시,기초,남자,75-79세,0,0,0,0,0,0,0,0,0,0
경기도,파주시,기초,남자,80-84세,0,0,0,0,0,0,0,0,0,0
경기도,파주시,기초,여자,65세미만,*,0,0,0,0,0,0,0,0,0
경기도,파주시,기초,여자,65-69세,*,0,0,0,0,0,0,0,0,0
경기도,파주시,기초,여자,70-74세,*,0,0,0,0,0,0,0,0,0
경기도,파주시,기초,여자,75-79세,0,0,0,0,0,0,0,0,0,0
경기도,파주시,기초,여자,80-84세,*,0,0,0,0,0,0,0,0,0
경기도,파주시,의료,여자,65세미만,0,0,0,0,0,0,0,0,0,0
경기도,파주시,의료,여자,65-69세,*,0,0,0,0,0,0,0,0,0
경기도,이천시,일반,남자,65세미만,29,*,*,*,8,*,0,*,0,*
경기도,이천시,일반,남자,65-69세,99,7,*,18,23,0,*,17,*,7
경기도,이천시,일반,남자,70-74세,100,*,*,23,27,*,*,10,*,5
경기도,이천시,일반,남자,75-79세,187,8,13,49,54,10,*,8,9,7
경기도,이천시,일반,남자,80-84세,218,7,11,67,64,13,5,12,*,*
경기도,이천시,일반,남자,85세이상,278,7,20,79,110,15,5,9,*,5
경기도,이천시,일반,여자,65세미만,27,5,0,*,*,*,*,6,0,*
경기도,이천시,일반,여자,65-69세,108,*,9,19,17,*,0,11,8,7
경기도,이천시,일반,여자,70-74세,196,5,14,31,32,6,*,26,16,11
경기도,이천시,일반,여자,75-79세,317,10,10,62,83,19,9,26,11,13
경기도,이천시,일반,여자,80-84세,576,24,39,151,187,34,6,37,18,12
경기도,이천시,일반,여자,85세이상,703,31,54,233,267,22,*,29,9,*
경기도,이천시,기초,남자,65세미만,57,6,5,15,14,*,0,5,*,*
경기도,이천시,기초,남자,65-69세,85,*,*,18,36,*,0,6,*,5
경기도,이천시,기초,남자,70-74세,59,*,6,13,24,*,0,0,*,*
경기도,이천시,기초,남자,75-79세,49,*,5,13,20,*,0,*,0,*
경기도,이천시,기초,남자,80-84세,50,*,*,15,16,*,0,*,*,*
경기도,이천시,기초,남자,85세이상,39,5,6,13,13,0,0,*,0,0
경기도,이천시,기초,여자,65세미만,37,*,*,14,*,*,0,*,*,*
경기도,이천시,기초,여자,65-69세,58,*,7,12,20,*,*,*,*,*
경기도,이천시,기초,여자,70-74세,63,*,*,13,28,*,*,*,*,*
경기도,이천시,기초,여자,75-79세,88,*,7,26,18,7,*,*,5,6
경기도,이천시,기초,여자,80-84세,123,5,11,35,57,*,0,*,*,0
경기도,이천시,기초,여자,85세이상,152,16,11,63,45,8,*,0,*,*
경기도,이천시,의료,남자,65세미만,*,0,0,*,0,0,0,0,0,0
경기도,이천시,의료,남자,70-74세,*,0,0,0,*,0,0,*,0,0
경기도,이천시,의료,남자,75-79세,0,0,0,0,0,0,0,0,0,0
경기도,이천시,의료,남자,80-84세,*,0,0,0,*,0,0,0,0,0
경기도,이천시,의료,남자,85세이상,*,0,0,*,0,0,0,0,0,0
경기도,이천시,의료,여자,65-69세,0,0,0,0,0,0,0,0,0,0
경기도,이천시,의료,여자,70-74세,*,0,0,*,0,0,0,0,0,0
경기도,이천시,의료,여자,75-79세,*,0,0,*,*,0,0,0,0,0
경기도,이천시,의료,여자,80-84세,6,0,0,*,*,0,0,*,0,0
경기도,이천시,의료,여자,85세이상,21,0,5,7,8,0,0,0,*,0
경기도,이천시,감경,남자,65세미만,27,*,*,13,5,*,0,0,0,0
경기도,이천시,감경,남자,65-69세,68,0,*,24,28,*,0,*,0,0
경기도,이천시,감경,남자,70-74세,74,5,*,27,32,6,*,0,0,0
경기도,이천시,감경,남자,75-79세,89,*,7,35,29,6,*,*,0,0
경기도,이천시,감경,남자,80-84세,126,6,8,62,39,5,0,0,*,0
경기도,이천시,감경,남자,85세이상,175,7,16,65,77,9,*,0,0,0
경기도,이천시,감경,여자,65세미만,20,0,*,11,5,0,0,0,0,0
경기도,이천시,감경,여자,65-69세,51,5,*,19,13,*,*,0,0,0
경기도,이천시,감경,여자,70-74세,97,8,6,29,37,8,0,*,0,0
경기도,이천시,감경,여자,75-79세,202,15,15,62,67,15,9,*,*,*
경기도,이천시,감경,여자,80-84세,398,27,28,121,175,30,5,*,0,0
경기도,이천시,감경,여자,85세이상,710,48,88,269,257,30,7,0,*,0
경기도,이천시,기초,남자,65세미만,0,0,0,0,0,0,0,0,0,0
경기도,이천시,기초,남자,75-79세,0,0,0,0,0,0,0,0,0,0
경기도,이천시,기초,여자,65세미만,0,0,0,0,0,0,0,0,0,0
경기도,이천시,기초,여자,65-69세,0,0,0,0,0,0,0,0,0,0
경기도,이천시,기초,여자,70-74세,0,0,0,0,0,0,0,0,0,0
경기도,이천시,기초,여자,75-79세,0,0,0,0,0,0,0,0,0,0
경기도,이천시,기초,여자,80-84세,0,0,0,0,0,0,0,0,0,0
경기도,이천시,기초,여자,85세이상,*,0,0,0,0,0,0,0,0,0
경기도,안성시,일반,남자,65세미만,42,*,5,11,8,*,0,6,*,0
경기도,안성시,일반,남자,65-69세,100,8,5,24,25,5,0,7,*,6
경기도,안성시,일반,남자,70-74세,136,*,10,27,43,7,*,5,*,*
경기도,안성시,일반,남자,75-79세,206,*,10,60,60,16,*,13,*,*
경기도,안성시,일반,남자,80-84세,264,9,14,60,92,21,*,13,9,*
경기도,안성시,일반,남자,85세이상,342,11,15,72,159,28,6,14,*,*
경기도,안성시,일반,여자,65세미만,33,6,*,6,6,0,0,*,*,*
경기도,안성시,일반,여자,65-69세,115,*,*,20,23,*,*,19,7,*
경기도,안성시,일반,여자,70-74세,182,7,8,33,42,7,*,19,16,*
경기도,안성시,일반,여자,75-79세,347,7,19,47,105,31,10,31,13,*
경기도,안성시,일반,여자,80-84세,645,16,42,164,232,45,8,37,17,6
경기도,안성시,일반,여자,85세이상,973,56,99,302,352,53,10,26,8,*
경기도,안성시,기초,남자,65세미만,83,7,6,26,19,*,*,6,*,*
경기도,안성시,기초,남자,65-69세,123,9,*,25,47,8,*,*,9,*
경기도,안성시,기초,남자,70-74세,74,*,*,7,36,9,*,*,*,*
경기도,안성시,기초,남자,75-79세,59,*,*,21,18,7,*,*,*,*
경기도,안성시,기초,남자,80-84세,61,*,7,14,17,*,*,*,*,*
경기도,안성시,기초,남자,85세이상,46,0,7,14,18,*,*,*,*,0
경기도,안성시,기초,여자,65세미만,41,6,*,8,9,*,*,*,0,*
경기도,안성시,기초,여자,65-69세,76,*,8,15,21,*,*,*,6,*
경기도,안성시,기초,여자,70-74세,88,8,*,14,35,9,*,*,*,*
경기도,안성시,기초,여자,75-79세,103,*,11,22,41,5,*,*,*,*
경기도,안성시,기초,여자,80-84세,191,9,14,44,80,7,8,8,*,*
경기도,안성시,기초,여자,85세이상,273,22,27,82,112,14,*,6,*,0
경기도,안성시,의료,남자,65세미만,0,0,0,0,0,0,0,0,0,0
경기도,안성시,의료,남자,75-79세,*,0,0,0,0,0,0,0,0,0
경기도,안성시,의료,남자,80-84세,*,0,0,0,*,0,0,0,0,0
경기도,안성시,의료,남자,85세이상,*,*,0,0,*,*,0,0,0,0
경기도,안성시,의료,여자,65-69세,0,0,0,0,0,0,0,0,0,0
경기도,안성시,의료,여자,70-74세,*,0,0,*,*,0,0,0,0,0
경기도,안성시,의료,여자,75-79세,*,0,0,*,*,0,0,0,0,0
경기도,안성시,의료,여자,80-84세,9,0,*,*,5,*,0,0,0,0
경기도,안성시,의료,여자,85세이상,27,0,*,9,10,*,0,0,0,0
경기도,안성시,감경,남자,65세미만,32,5,*,7,13,*,0,0,*,0
경기도,안성시,감경,남자,65-69세,67,6,9,15,33,*,0,*,0,0
경기도,안성시,감경,남자,70-74세,94,5,8,27,42,6,*,*,0,0
경기도,안성시,감경,남자,75-79세,102,*,9,40,40,8,*,0,0,0
경기도,안성시,감경,남자,80-84세,165,*,18,42,61,30,6,0,0,0
경기도,안성시,감경,남자,85세이상,204,*,19,53,108,15,*,0,0,0
경기도,안성시,감경,여자,65세미만,36,8,*,16,*,*,*,*,0,0
경기도,안성시,감경,여자,65-69세,62,11,*,17,20,5,*,0,*,0
경기도,안성시,감경,여자,70-74세,106,6,5,21,59,5,*,0,0,*
경기도,안성시,감경,여자,75-79세,243,9,19,60,115,14,11,*,*,*
경기도,안성시,감경,여자,80-84세,476,22,44,142,205,43,6,*,0,0
경기도,안성시,감경,여자,85세이상,918,47,96,336,370,45,9,0,0,0
경기도,김포시,일반,남자,65세미만,74,7,*,18,11,*,0,5,5,5
경기도,김포시,일반,남자,65-69세,184,9,10,25,48,9,*,22,7,5
경기도,김포시,일반,남자,70-74세,255,9,14,54,72,23,*,21,5,9
경기도,김포시,일반,남자,75-79세,414,8,14,69,136,36,19,27,16,8
경기도,김포시,일반,남자,80-84세,479,11,28,81,147,51,28,22,18,8
경기도,김포시,일반,남자,85세이상,559,17,22,117,206,49,13,33,15,6
경기도,김포시,일반,여자,65세미만,77,8,5,10,10,7,*,13,*,*
경기도,김포시,일반,여자,65-69세,209,10,7,22,34,12,9,24,11,13
경기도,김포시,일반,여자,70-74세,375,15,16,68,92,23,6,39,17,*
경기도,김포시,일반,여자,75-79세,703,23,31,110,198,61,24,64,27,18
경기도,김포시,일반,여자,80-84세,1096,28,53,191,397,99,49,64,34,17
경기도,김포시,일반,여자,85세이상,1489,58,128,372,596,102,20,44,18,8
경기도,김포시,기초,남자,65세미만,116,8,5,18,38,9,*,10,6,7
경기도,김포시,기초,남자,65-69세,139,*,*,32,51,8,7,11,6,5
경기도,김포시,기초,남자,70-74세,121,8,7,26,47,5,5,*,*,5
경기도,김포시,기초,남자,75-79세,112,7,*,19,39,9,8,5,*,6
경기도,김포시,기초,남자,80-84세,105,6,5,21,37,10,5,5,*,*
경기도,김포시,기초,남자,85세이상,87,5,8,18,33,9,*,*,*,*
경기도,김포시,기초,여자,65세미만,58,*,12,10,15,*,0,6,5,*
경기도,김포시,기초,여자,65-69세,114,7,9,24,35,8,*,8,*,*
경기도,김포시,기초,여자,70-74세,118,*,5,23,42,7,*,14,5,*
경기도,김포시,기초,여자,75-79세,198,5,9,38,93,13,*,10,6,*
경기도,김포시,기초,여자,80-84세,277,7,8,66,117,32,*,11,*,*
경기도,김포시,기초,여자,85세이상,388,25,30,124,154,18,5,0,5,*
경기도,김포시,의료,남자,65-69세,*,0,0,0,0,0,0,0,0,0
경기도,김포시,의료,남자,70-74세,*,0,*,0,0,*,0,0,0,0
경기도,김포시,의료,남자,75-79세,*,0,*,*,*,0,*,0,0,0
경기도,김포시,의료,남자,80-84세,*,0,0,0,*,*,0,0,0,0
경기도,김포시,의료,남자,85세이상,11,*,*,*,5,*,0,0,0,0
경기도,김포시,의료,여자,65-69세,*,0,0,0,0,0,0,0,0,0
경기도,김포시,의료,여자,70-74세,*,0,0,0,*,*,0,*,0,0
경기도,김포시,의료,여자,75-79세,7,*,0,*,*,*,0,0,0,0
경기도,김포시,의료,여자,80-84세,17,0,0,6,6,*,0,0,0,0
경기도,김포시,의료,여자,85세이상,36,*,*,9,14,*,0,*,*,0
경기도,김포시,감경,남자,65세미만,66,9,7,25,12,*,0,*,0,0
경기도,김포시,감경,남자,65-69세,88,5,*,32,30,6,*,0,*,0
경기도,김포시,감경,남자,70-74세,152,7,14,47,59,13,6,*,0,*
경기도,김포시,감경,남자,75-79세,208,10,5,54,95,28,6,*,0,0
경기도,김포시,감경,남자,80-84세,261,9,15,60,129,25,16,*,*,0
경기도,김포시,감경,남자,85세이상,281,12,18,75,125,36,12,*,0,0
경기도,김포시,감경,여자,65세미만,56,8,6,17,17,*,*,0,0,0
경기도,김포시,감경,여자,65-69세,110,10,8,32,41,6,*,0,0,0
경기도,김포시,감경,여자,70-74세,204,13,7,47,95,18,7,*,0,*
경기도,김포시,감경,여자,75-79세,403,18,26,116,157,45,22,*,0,0
경기도,김포시,감경,여자,80-84세,737,25,55,189,335,79,22,*,*,0
경기도,김포시,감경,여자,85세이상,1205,63,122,370,536,73,22,*,0,0
경기도,화성시,일반,남자,65세미만,127,9,9,29,26,*,*,18,5,5
경기도,화성시,일반,남자,65-69세,270,9,14,62,61,5,*,33,9,17
경기도,화성시,일반,남자,70-74세,380,15,10,76,118,14,*,26,8,12
경기도,화성시,일반,남자,75-79세,444,12,24,88,152,22,7,30,13,8
경기도,화성시,일반,남자,80-84세,540,9,35,109,190,37,14,32,12,9
경기도,화성시,일반,남자,85세이상,724,13,28,177,288,51,20,28,10,6
경기도,화성시,일반,여자,65세미만,108,12,6,32,18,5,*,10,5,0
경기도,화성시,일반,여자,65-69세,288,*,14,48,72,7,5,30,14,14
경기도,화성시,일반,여자,70-74세,466,16,14,76,128,34,12,33,15,9
경기도,화성시,일반,여자,75-79세,855,25,31,146,262,70,21,60,27,19
경기도,화성시,일반,여자,80-84세,1365,27,58,273,503,129,35,76,20,13
경기도,화성시,일반,여자,85세이상,1807,63,162,526,720,89,22,34,8,6
경기도,화성시,기초,남자,65세미만,171,7,23,32,62,10,*,13,*,*
경기도,화성시,기초,남자,65-69세,159,*,11,31,64,6,*,10,7,5
경기도,화성시,기초,남자,70-74세,138,5,9,27,39,19,*,*,5,7
경기도,화성시,기초,남자,75-79세,120,7,7,29,51,*,*,*,*,*
경기도,화성시,기초,남자,80-84세,126,*,*,36,58,7,*,*,0,0
경기도,화성시,기초,남자,85세이상,99,*,10,22,39,5,0,*,*,*
경기도,화성시,기초,여자,65세미만,88,5,10,23,31,5,*,*,*,*
경기도,화성시,기초,여자,65-69세,124,7,14,29,40,*,0,15,*,*
경기도,화성시,기초,여자,70-74세,163,13,18,38,49,13,*,5,6,*
경기도,화성시,기초,여자,75-79세,207,7,17,52,67,24,8,7,0,0
경기도,화성시,기초,여자,80-84세,332,17,34,79,138,21,*,13,*,*
경기도,화성시,기초,여자,85세이상,463,21,55,142,181,20,*,*,*,*
경기도,화성시,의료,남자,65세미만,*,0,0,0,0,0,0,*,0,0
경기도,화성시,의료,남자,65-69세,*,*,0,0,0,0,0,0,0,0
경기도,화성시,의료,남자,70-74세,5,0,0,*,*,0,0,0,0,*
경기도,화성시,의료,남자,75-79세,7,0,*,*,*,0,0,0,0,0
경기도,화성시,의료,남자,80-84세,*,0,0,0,*,0,0,0,0,0
경기도,화성시,의료,남자,85세이상,8,0,0,*,5,0,0,0,0,0
경기도,화성시,의료,여자,65세미만,*,0,0,0,*,0,0,0,0,0
경기도,화성시,의료,여자,65-69세,*,*,0,*,0,*,0,0,0,0
경기도,화성시,의료,여자,70-74세,*,0,0,0,*,0,*,0,0,0
경기도,화성시,의료,여자,75-79세,9,0,0,*,5,*,0,0,0,0
경기도,화성시,의료,여자,80-84세,6,0,0,*,*,*,0,0,0,0
경기도,화성시,의료,여자,85세이상,45,*,*,16,15,*,0,*,0,0
경기도,화성시,감경,남자,65세미만,83,*,7,29,29,7,0,0,0,*
경기도,화성시,감경,남자,65-69세,143,8,10,46,56,14,*,0,0,*
경기도,화성시,감경,남자,70-74세,178,5,8,41,89,19,*,*,0,0
경기도,화성시,감경,남자,75-79세,261,7,17,72,117,32,6,0,*,0
경기도,화성시,감경,남자,80-84세,284,6,17,82,134,31,6,0,0,0
경기도,화성시,감경,남자,85세이상,326,8,19,109,155,22,10,0,0,0
경기도,화성시,감경,여자,65세미만,55,9,8,12,11,8,*,*,0,0
경기도,화성시,감경,여자,65-69세,148,6,10,54,45,12,6,5,0,0
경기도,화성시,감경,여자,70-74세,245,9,18,62,110,26,5,*,0,0
경기도,화성시,감경,여자,75-79세,461,21,37,114,203,39,20,*,*,0
경기도,화성시,감경,여자,80-84세,881,44,63,265,373,83,21,7,*,*
경기도,화성시,감경,여자,85세이상,1478,70,185,497,617,78,13,*,*,0
경기도,광주시,일반,남자,65세미만,68,8,5,10,12,*,0,12,*,*
경기도,광주시,일반,남자,65-69세,201,26,10,40,57,*,*,17,5,9
경기도,광주시,일반,남자,70-74세,249,22,13,56,68,14,*,23,5,5
경기도,광주시,일반,남자,75-79세,347,13,20,81,120,18,*,27,7,8
경기도,광주시,일반,남자,80-84세,427,23,28,117,129,23,*,24,16,*
경기도,광주시,일반,남자,85세이상,462,18,39,124,159,30,5,23,8,*
경기도,광주시,일반,여자,65세미만,81,12,6,19,15,0,0,7,*,*
경기도,광주시,일반,여자,65-69세,213,15,10,34,46,7,*,26,7,6
경기도,광주시,일반,여자,70-74세,367,21,20,47,94,14,10,37,15,9
경기도,광주시,일반,여자,75-79세,650,31,38,147,203,45,5,45,13,10
경기도,광주시,일반,여자,80-84세,917,34,66,221,322,54,9,58,15,6
경기도,광주시,일반,여자,85세이상,1228,86,159,392,407,38,12,32,15,*
경기도,광주시,기초,남자,65세미만,92,8,16,18,27,*,0,9,*,*
경기도,광주시,기초,남자,65-69세,94,7,6,12,26,7,0,11,*,*
경기도,광주시,기초,남자,70-74세,78,7,9,15,29,*,0,8,*,*
경기도,광주시,기초,남자,75-79세,66,*,5,19,27,*,*,5,0,0
경기도,광주시,기초,남자,80-84세,74,5,6,18,30,*,0,*,*,*
경기도,광주시,기초,남자,85세이상,55,7,*,18,16,*,*,*,*,0
경기도,광주시,기초,여자,65세미만,31,*,*,8,7,*,0,*,*,0
경기도,광주시,기초,여자,65-69세,81,*,8,17,27,*,*,5,6,*
경기도,광주시,기초,여자,70-74세,84,*,*,22,27,*,0,7,*,*
경기도,광주시,기초,여자,75-79세,146,*,13,33,62,11,*,5,*,*
경기도,광주시,기초,여자,80-84세,180,16,10,66,62,7,*,*,*,0
경기도,광주시,기초,여자,85세이상,278,20,40,99,90,7,0,*,*,*
경기도,광주시,의료,남자,65세미만,0,0,0,0,0,0,0,0,0,0
경기도,광주시,의료,남자,65-69세,*,0,*,0,0,*,0,0,0,0
경기도,광주시,의료,남자,70-74세,*,0,0,*,*,0,0,0,0,0
경기도,광주시,의료,남자,75-79세,*,0,0,*,*,0,0,0,0,0
경기도,광주시,의료,남자,80-84세,*,0,0,0,*,0,0,0,0,0
경기도,광주시,의료,남자,85세이상,9,*,*,*,*,0,0,0,0,0
경기도,광주시,의료,여자,65세미만,0,0,0,0,0,0,0,0,0,0
경기도,광주시,의료,여자,65-69세,*,0,0,0,*,0,0,0,0,0
경기도,광주시,의료,여자,70-74세,*,*,0,0,*,0,0,0,0,0
경기도,광주시,의료,여자,75-79세,5,*,*,*,*,0,0,0,0,0
경기도,광주시,의료,여자,80-84세,5,0,0,*,*,0,0,0,0,0
경기도,광주시,의료,여자,85세이상,28,*,*,9,8,*,0,0,0,0
경기도,광주시,감경,남자,65세미만,56,8,5,18,17,*,*,0,*,0
경기도,광주시,감경,남자,65-69세,150,15,13,55,61,*,*,0,0,0
경기도,광주시,감경,남자,70-74세,165,16,11,50,67,11,*,0,0,0
경기도,광주시,감경,남자,75-79세,239,8,17,93,97,16,*,0,*,0
경기도,광주시,감경,남자,80-84세,254,18,28,76,101,21,5,0,*,0
경기도,광주시,감경,남자,85세이상,291,12,25,90,138,16,*,*,0,0
경기도,광주시,감경,여자,65세미만,58,8,8,19,15,*,*,0,0,0
경기도,광주시,감경,여자,65-69세,131,11,11,50,39,8,*,*,0,0
경기도,광주시,감경,여자,70-74세,203,8,21,49,90,13,*,*,0,*
경기도,광주시,감경,여자,75-79세,372,26,39,113,142,24,7,*,0,0
경기도,광주시,감경,여자,80-84세,735,49,80,228,309,45,8,*,*,0
경기도,광주시,감경,여자,85세이상,1147,102,145,413,415,48,10,0,0,0
경기도,양주시,일반,남자,65세미만,72,5,*,10,11,*,*,12,8,7
경기도,양주시,일반,남자,65-69세,133,6,*,23,29,16,*,13,9,9
경기도,양주시,일반,남자,70-74세,191,*,*,35,54,16,7,18,9,8
경기도,양주시,일반,남자,75-79세,244,7,11,41,83,29,5,26,*,7
경기도,양주시,일반,남자,80-84세,382,7,15,64,139,62,15,20,11,*
경기도,양주시,일반,남자,85세이상,395,*,16,86,146,53,14,10,11,10
경기도,양주시,일반,여자,65세미만,52,*,*,11,*,*,0,10,*,*
경기도,양주시,일반,여자,65-69세,152,6,*,27,33,6,*,26,6,5
경기도,양주시,일반,여자,70-74세,240,8,10,49,36,25,6,23,16,12
경기도,양주시,일반,여자,75-79세,440,18,16,74,115,55,13,38,21,13
경기도,양주시,일반,여자,80-84세,751,22,38,158,246,105,24,37,22,11
경기도,양주시,일반,여자,85세이상,1031,45,73,278,418,104,15,27,7,8
경기도,양주시,기초,남자,65세미만,191,17,13,45,50,19,*,10,6,7
경기도,양주시,기초,남자,65-69세,145,6,5,27,48,19,6,7,5,6
경기도,양주시,기초,남자,70-74세,150,*,8,17,62,18,8,7,6,5
경기도,양주시,기초,남자,75-79세,120,*,7,16,48,23,*,5,*,*
경기도,양주시,기초,남자,80-84세,105,*,8,18,46,15,*,*,*,*
경기도,양주시,기초,남자,85세이상,99,*,*,25,39,20,*,*,*,0
경기도,양주시,기초,여자,65세미만,76,7,8,20,15,5,*,*,*,*
경기도,양주시,기초,여자,65-69세,107,9,6,21,26,21,*,8,*,0
경기도,양주시,기초,여자,70-74세,141,8,5,25,37,23,7,12,5,6
경기도,양주시,기초,여자,75-79세,214,11,8,48,78,26,9,7,6,7
경기도,양주시,기초,여자,80-84세,332,12,20,86,136,52,6,11,*,*
경기도,양주시,기초,여자,85세이상,439,16,33,141,174,51,*,5,*,0
경기도,양주시,의료,남자,65세미만,*,0,0,*,0,0,0,0,0,0
경기도,양주시,의료,남자,65-69세,0,0,0,0,0,0,0,0,0,0
경기도,양주시,의료,남자,70-74세,*,0,0,*,*,0,0,0,0,0
경기도,양주시,의료,남자,75-79세,*,0,*,*,*,*,0,0,0,0
경기도,양주시,의료,남자,80-84세,5,0,0,0,*,*,0,0,0,0
경기도,양주시,의료,남자,85세이상,5,0,0,*,*,*,0,0,0,0
경기도,양주시,의료,여자,65세미만,0,0,0,0,0,0,0,0,0,0
경기도,양주시,의료,여자,65-69세,0,0,0,0,0,0,0,0,0,0
경기도,양주시,의료,여자,70-74세,*,0,0,0,*,*,0,*,0,0
경기도,양주시,의료,여자,75-79세,*,0,0,0,*,*,0,0,0,0
경기도,양주시,의료,여자,80-84세,9,*,*,*,*,*,0,0,0,0
경기도,양주시,의료,여자,85세이상,37,*,*,11,13,5,*,*,*,0
경기도,양주시,감경,남자,65세미만,84,8,7,18,32,14,*,*,0,0
경기도,양주시,감경,남자,65-69세,126,*,12,28,51,21,*,0,0,*
경기도,양주시,감경,남자,70-74세,164,6,10,46,55,29,5,*,0,*
경기도,양주시,감경,남자,75-79세,252,*,19,63,99,46,14,*,*,*
경기도,양주시,감경,남자,80-84세,338,8,17,95,148,51,14,0,0,*
경기도,양주시,감경,남자,85세이상,372,7,16,86,184,59,8,0,0,*
경기도,양주시,감경,여자,65세미만,59,12,*,20,13,6,*,*,0,0
경기도,양주시,감경,여자,65-69세,106,6,10,20,43,14,6,*,*,0
경기도,양주시,감경,여자,70-74세,191,17,12,41,76,28,7,*,*,0
경기도,양주시,감경,여자,75-79세,416,15,17,102,187,71,9,*,*,0
경기도,양주시,감경,여자,80-84세,867,39,33,252,366,129,23,*,*,*
경기도,양주시,감경,여자,85세이상,1411,52,103,454,619,147,18,*,*,0
경기도,포천시,일반,남자,65세미만,42,*,*,5,8,*,*,7,*,5
경기도,포천시,일반,남자,65-69세,97,*,6,14,25,*,*,13,6,*
경기도,포천시,일반,남자,70-74세,94,*,*,12,28,5,*,8,9,8
경기도,포천시,일반,남자,75-79세,141,*,5,28,33,15,*,17,8,10
경기도,포천시,일반,남자,80-84세,187,*,9,41,54,14,7,8,9,9
경기도,포천시,일반,남자,85세이상,273,*,13,45,109,48,7,14,6,*
경기도,포천시,일반,여자,65세미만,39,*,*,*,8,*,*,6,*,*
경기도,포천시,일반,여자,65-69세,85,*,*,12,12,*,0,9,7,9
경기도,포천시,일반,여자,70-74세,153,*,5,8,39,9,*,21,13,14
경기도,포천시,일반,여자,75-79세,275,8,7,49,76,20,16,34,10,8
경기도,포천시,일반,여자,80-84세,466,7,25,92,174,41,15,37,15,11
경기도,포천시,일반,여자,85세이상,752,28,57,197,311,73,13,18,7,6
경기도,포천시,기초,남자,65세미만,111,5,*,20,22,10,6,7,7,15
경기도,포천시,기초,남자,65-69세,121,*,8,12,46,9,5,7,*,14
경기도,포천시,기초,남자,70-74세,78,*,*,10,30,*,*,6,0,9
경기도,포천시,기초,남자,75-79세,75,*,5,12,24,11,*,*,0,6
경기도,포천시,기초,남자,80-84세,80,0,5,9,27,15,*,*,*,*
경기도,포천시,기초,남자,85세이상,53,*,*,12,26,5,0,*,0,0
경기도,포천시,기초,여자,65세미만,55,*,5,9,12,*,*,6,*,*
경기도,포천시,기초,여자,65-69세,90,*,5,14,28,*,*,*,*,9
경기도,포천시,기초,여자,70-74세,107,*,9,14,43,*,*,*,5,11
경기도,포천시,기초,여자,75-79세,143,6,9,21,56,15,8,*,5,6
경기도,포천시,기초,여자,80-84세,229,5,8,59,106,24,8,8,5,0
경기도,포천시,기초,여자,85세이상,296,15,15,97,122,25,5,*,*,0
경기도,포천시,의료,남자,70-74세,*,0,0,0,*,0,0,0,0,0
경기도,포천시,의료,남자,75-79세,*,0,0,0,0,0,*,0,0,0
경기도,포천시,의료,남자,80-84세,*,0,0,0,*,*,0,0,0,0
경기도,포천시,의료,남자,85세이상,6,*,0,*,*,0,0,0,0,0
경기도,포천시,의료,여자,65세미만,0,0,0,0,0,0,0,0,0,0
경기도,포천시,의료,여자,65-69세,0,0,0,0,0,0,0,0,0,0
경기도,포천시,의료,여자,70-74세,*,0,0,0,*,0,0,0,0,0
경기도,포천시,의료,여자,75-79세,8,0,0,*,5,*,0,*,0,0
경기도,포천시,의료,여자,80-84세,8,0,*,*,*,0,0,*,0,0
경기도,포천시,의료,여자,85세이상,18,*,*,5,8,*,*,0,*,0
경기도,포천시,감경,남자,65세미만,40,*,*,15,14,*,*,*,0,*
경기도,포천시,감경,남자,65-69세,69,*,*,16,33,6,*,0,*,*
경기도,포천시,감경,남자,70-74세,100,*,7,25,41,12,6,*,0,0
경기도,포천시,감경,남자,75-79세,119,*,7,31,54,16,*,*,0,*
경기도,포천시,감경,남자,80-84세,192,*,7,51,96,23,6,0,0,0
경기도,포천시,감경,남자,85세이상,243,7,18,53,121,30,10,0,0,0
경기도,포천시,감경,여자,65세미만,34,*,*,13,8,*,*,*,*,0
경기도,포천시,감경,여자,65-69세,61,*,7,20,18,*,*,*,*,0
경기도,포천시,감경,여자,70-74세,91,7,11,17,36,10,*,*,0,*
경기도,포천시,감경,여자,75-79세,277,11,11,59,113,44,19,*,6,*
경기도,포천시,감경,여자,80-84세,585,26,40,141,260,84,13,*,*,*
경기도,포천시,감경,여자,85세이상,1086,49,102,300,482,111,21,*,*,*
경기도,여주시,일반,남자,65세미만,25,0,*,5,5,*,0,*,*,*
경기도,여주시,일반,남자,65-69세,71,*,*,15,14,*,0,5,*,*
경기도,여주시,일반,남자,70-74세,89,5,*,23,15,*,*,8,*,*
경기도,여주시,일반,남자,75-79세,141,*,6,31,49,11,*,13,*,*
경기도,여주시,일반,남자,80-84세,186,6,*,48,66,14,*,8,6,*
경기도,여주시,일반,남자,85세이상,245,6,12,73,94,17,5,*,*,*
경기도,여주시,일반,여자,65세미만,26,*,*,*,*,*,0,6,*,*
경기도,여주시,일반,여자,65-69세,75,*,*,6,11,*,*,8,5,7
경기도,여주시,일반,여자,70-74세,142,5,5,14,35,6,*,16,7,6
경기도,여주시,일반,여자,75-79세,222,6,8,49,56,17,9,10,8,5
경기도,여주시,일반,여자,80-84세,429,17,25,103,146,37,8,13,11,8
경기도,여주시,일반,여자,85세이상,573,19,63,143,233,42,6,10,5,5
경기도,여주시,기초,남자,65세미만,51,*,*,14,13,7,*,*,*,*
경기도,여주시,기초,남자,65-69세,67,*,6,11,26,*,*,8,*,*
경기도,여주시,기초,남자,70-74세,60,*,*,9,23,7,*,*,*,*
경기도,여주시,기초,남자,75-79세,45,*,*,5,20,6,*,*,*,*
경기도,여주시,기초,남자,80-84세,60,0,*,12,31,6,0,*,*,0
경기도,여주시,기초,남자,85세이상,35,*,*,13,11,*,0,*,0,0
경기도,여주시,기초,여자,65세미만,30,5,*,10,8,0,0,*,0,0
경기도,여주시,기초,여자,65-69세,70,*,*,13,25,5,*,6,*,*
경기도,여주시,기초,여자,70-74세,67,*,*,14,18,11,*,*,*,*
경기도,여주시,기초,여자,75-79세,96,7,10,23,29,9,*,*,*,0
경기도,여주시,기초,여자,80-84세,154,5,17,41,56,8,*,6,5,*
경기도,여주시,기초,여자,85세이상,162,12,27,49,59,7,0,*,*,*
경기도,여주시,의료,남자,65-69세,*,0,0,0,0,0,0,0,0,0
경기도,여주시,의료,남자,70-74세,0,0,0,0,0,0,0,0,0,0
경기도,여주시,의료,남자,75-79세,*,0,0,0,*,*,0,0,0,0
경기도,여주시,의료,남자,85세이상,5,0,0,*,*,*,0,0,0,0
경기도,여주시,의료,여자,65세미만,0,0,0,0,0,0,0,0,0,0
경기도,여주시,의료,여자,65-69세,*,0,0,0,*,0,0,0,0,0
경기도,여주시,의료,여자,70-74세,0,0,0,0,0,0,0,0,0,0
경기도,여주시,의료,여자,75-79세,*,0,0,*,0,0,0,0,0,0
경기도,여주시,의료,여자,80-84세,*,*,0,*,*,0,0,0,0,0
경기도,여주시,의료,여자,85세이상,12,*,*,6,*,*,0,*,0,0
경기도,여주시,감경,남자,65세미만,22,*,5,10,*,0,*,0,0,0
경기도,여주시,감경,남자,65-69세,45,*,6,10,22,*,0,0,0,0
경기도,여주시,감경,남자,70-74세,60,*,5,25,21,*,*,0,0,*
경기도,여주시,감경,남자,75-79세,80,*,*,24,35,5,*,*,0,0
경기도,여주시,감경,남자,80-84세,96,*,*,31,41,10,6,0,*,0
경기도,여주시,감경,남자,85세이상,131,*,7,41,57,18,*,0,0,0
경기도,여주시,감경,여자,65세미만,14,*,*,*,*,0,0,*,0,*
경기도,여주시,감경,여자,65-69세,38,*,*,5,24,0,*,0,0,0
경기도,여주시,감경,여자,70-74세,66,*,9,14,27,7,*,0,0,0
경기도,여주시,감경,여자,75-79세,156,12,11,46,59,12,5,0,*,0
경기도,여주시,감경,여자,80-84세,356,19,28,94,154,32,12,0,*,*
경기도,여주시,감경,여자,85세이상,605,36,86,191,245,32,5,0,0,0
경기도,여주군,일반,남자,65세미만,0,0,0,0,0,0,0,0,0,0
경기도,여주군,일반,남자,65-69세,0,0,0,0,0,0,0,0,0,0
경기도,여주군,일반,남자,70-74세,0,0,0,0,0,0,0,0,0,0
경기도,여주군,일반,남자,75-79세,*,0,0,0,0,0,0,0,0,0
경기도,여주군,일반,남자,80-84세,0,0,0,0,0,0,0,0,0,0
경기도,여주군,일반,여자,65세미만,*,0,0,0,0,0,0,0,0,0
경기도,여주군,일반,여자,65-69세,*,0,0,0,0,0,0,0,0,0
경기도,여주군,일반,여자,70-74세,0,0,0,0,0,0,0,0,0,0
경기도,여주군,일반,여자,75-79세,*,0,0,*,0,0,0,0,0,0
경기도,여주군,일반,여자,80-84세,0,0,0,0,0,0,0,0,0,0
경기도,여주군,일반,여자,85세이상,0,0,0,0,0,0,0,0,0,0
경기도,여주군,기초,남자,65세미만,0,0,0,0,0,0,0,0,0,0
경기도,여주군,기초,남자,65-69세,0,0,0,0,0,0,0,0,0,0
경기도,여주군,기초,남자,70-74세,0,0,0,0,0,0,0,0,0,0
경기도,여주군,기초,여자,65세미만,0,0,0,0,0,0,0,0,0,0
경기도,여주군,기초,여자,65-69세,0,0,0,0,0,0,0,0,0,0
경기도,여주군,기초,여자,70-74세,0,0,0,0,0,0,0,0,0,0
경기도,여주군,기초,여자,75-79세,0,0,0,0,0,0,0,0,0,0
경기도,여주군,기초,여자,80-84세,0,0,0,0,0,0,0,0,0,0
경기도,여주군,기초,여자,85세이상,0,0,0,0,0,0,0,0,0,0
경기도,여주군,의료,여자,65-69세,0,0,0,0,0,0,0,0,0,0
경기도,여주군,의료,여자,70-74세,0,0,0,0,0,0,0,0,0,0
경기도,여주군,감경,남자,65세미만,0,0,0,0,0,0,0,0,0,0
경기도,여주군,감경,남자,75-79세,0,0,0,0,0,0,0,0,0,0
경기도,여주군,감경,여자,65세미만,0,0,0,0,0,0,0,0,0,0
경기도,여주군,감경,여자,65-69세,0,0,0,0,0,0,0,0,0,0
경기도,여주군,감경,여자,70-74세,*,0,0,0,0,0,0,0,0,0
경기도,여주군,감경,여자,75-79세,0,0,0,0,0,0,0,0,0,0
경기도,여주군,감경,여자,80-84세,0,0,0,0,0,0,0,0,0,0
경기도,여주군,감경,여자,85세이상,0,0,0,0,0,0,0,0,0,0
경기도,연천군,일반,남자,65세미만,12,0,0,*,*,0,0,*,*,0
경기도,연천군,일반,남자,65-69세,27,*,*,6,5,0,0,*,*,*
경기도,연천군,일반,남자,70-74세,34,*,*,5,9,*,*,6,*,*
경기도,연천군,일반,남자,75-79세,53,0,*,5,18,*,*,5,5,*
경기도,연천군,일반,남자,80-84세,79,*,*,6,23,15,8,*,5,*
경기도,연천군,일반,남자,85세이상,108,*,*,13,49,17,5,6,*,*
경기도,연천군,일반,여자,65세미만,7,0,*,*,*,0,0,0,0,*
경기도,연천군,일반,여자,65-69세,36,*,0,*,8,*,*,7,*,*
경기도,연천군,일반,여자,70-74세,41,*,*,*,*,*,*,8,*,*
경기도,연천군,일반,여자,75-79세,97,*,0,12,21,9,*,17,9,6
경기도,연천군,일반,여자,80-84세,157,*,*,13,49,19,8,12,16,*
경기도,연천군,일반,여자,85세이상,214,5,15,38,80,38,5,10,*,*
경기도,연천군,기초,남자,65세미만,30,*,*,7,*,*,*,*,0,5
경기도,연천군,기초,남자,65-69세,39,*,0,8,8,*,*,*,*,*
경기도,연천군,기초,남자,70-74세,26,0,*,6,8,*,0,*,*,*
경기도,연천군,기초,남자,75-79세,29,0,*,*,8,6,*,*,*,*
경기도,연천군,기초,남자,80-84세,21,0,*,*,8,7,0,*,*,0
경기도,연천군,기초,남자,85세이상,14,0,0,*,7,*,*,0,0,0
경기도,연천군,기초,여자,65세미만,9,*,0,0,*,*,0,0,0,0
경기도,연천군,기초,여자,65-69세,28,0,0,5,7,6,*,*,*,*
경기도,연천군,기초,여자,70-74세,40,*,0,7,13,5,*,*,*,*
경기도,연천군,기초,여자,75-79세,40,*,0,7,13,10,0,*,*,*
경기도,연천군,기초,여자,80-84세,79,*,*,15,30,15,*,*,0,*
경기도,연천군,기초,여자,85세이상,112,9,7,24,45,18,0,0,*,*
경기도,연천군,의료,남자,70-74세,*,0,0,*,0,0,0,0,0,0
경기도,연천군,의료,남자,75-79세,*,0,0,0,0,0,0,0,*,0
경기도,연천군,의료,남자,80-84세,*,0,0,0,0,0,0,*,0,0
경기도,연천군,의료,남자,85세이상,*,0,0,*,*,0,0,0,0,0
경기도,연천군,의료,여자,65-69세,0,0,0,0,0,0,0,0,0,0
경기도,연천군,의료,여자,70-74세,*,0,0,0,*,0,0,0,0,0
경기도,연천군,의료,여자,75-79세,*,0,0,*,*,0,*,0,0,0
경기도,연천군,의료,여자,80-84세,*,0,0,0,*,*,0,0,0,0
경기도,연천군,의료,여자,85세이상,11,0,0,*,6,*,0,0,0,0
경기도,연천군,감경,남자,65세미만,6,0,0,*,*,0,0,0,0,0
경기도,연천군,감경,남자,65-69세,19,*,0,*,5,5,*,*,0,0
경기도,연천군,감경,남자,70-74세,15,0,0,*,6,5,0,0,0,0
경기도,연천군,감경,남자,75-79세,37,*,0,*,19,7,*,*,*,0
경기도,연천군,감경,남자,80-84세,49,*,*,8,20,8,6,*,0,*
경기도,연천군,감경,남자,85세이상,65,0,*,19,23,14,*,0,0,0
경기도,연천군,감경,여자,65세미만,9,*,0,0,*,*,*,0,0,0
경기도,연천군,감경,여자,65-69세,13,*,*,5,*,0,0,*,0,*
경기도,연천군,감경,여자,70-74세,38,0,*,*,17,*,7,*,*,0
경기도,연천군,감경,여자,75-79세,77,*,*,7,40,10,7,0,*,*
경기도,연천군,감경,여자,80-84세,144,*,8,27,58,31,8,*,0,0
경기도,연천군,감경,여자,85세이상,270,12,11,56,122,53,9,0,0,0
경기도,포천군,일반,여자,65-69세,0,0,0,0,0,0,0,0,0,0
경기도,가평군,일반,남자,65세미만,20,0,0,*,5,0,0,*,0,*
경기도,가평군,일반,남자,65-69세,49,0,*,8,14,*,*,9,5,*
경기도,가평군,일반,남자,70-74세,65,0,*,12,20,5,0,7,*,*
경기도,가평군,일반,남자,75-79세,81,0,*,14,28,7,*,6,6,*
경기도,가평군,일반,남자,80-84세,137,*,6,23,47,21,*,11,*,*
경기도,가평군,일반,남자,85세이상,147,*,5,24,70,19,*,5,*,*
경기도,가평군,일반,여자,65세미만,13,*,*,*,*,*,0,*,*,0
경기도,가평군,일반,여자,65-69세,29,*,*,*,8,*,0,*,*,0
경기도,가평군,일반,여자,70-74세,82,0,*,11,17,5,*,8,9,6
경기도,가평군,일반,여자,75-79세,154,7,5,18,41,18,*,15,5,5
경기도,가평군,일반,여자,80-84세,246,*,11,47,92,39,7,11,7,*
경기도,가평군,일반,여자,85세이상,370,5,8,86,176,32,6,12,8,*
경기도,가평군,기초,남자,65세미만,46,*,5,5,6,*,*,7,*,0
경기도,가평군,기초,남자,65-69세,54,*,*,9,20,5,0,*,*,*
경기도,가평군,기초,남자,70-74세,42,0,*,11,15,5,*,0,*,0
경기도,가평군,기초,남자,75-79세,35,*,*,8,10,5,*,*,*,0
경기도,가평군,기초,남자,80-84세,28,*,*,6,10,*,*,*,0,0
경기도,가평군,기초,남자,85세이상,37,*,*,9,14,*,*,0,0,0
경기도,가평군,기초,여자,65세미만,13,*,*,*,*,0,0,*,0,0
경기도,가평군,기초,여자,65-69세,25,*,*,6,9,*,0,*,*,*
경기도,가평군,기초,여자,70-74세,57,0,6,14,17,6,0,5,*,*
경기도,가평군,기초,여자,75-79세,66,*,*,16,22,13,*,*,*,*
경기도,가평군,기초,여자,80-84세,80,6,*,22,24,14,*,*,*,*
경기도,가평군,기초,여자,85세이상,120,11,9,27,44,12,*,6,*,0
경기도,가평군,의료,남자,65-69세,*,*,0,0,0,0,0,0,0,0
경기도,가평군,의료,남자,70-74세,*,0,0,*,0,0,0,0,0,0
경기도,가평군,의료,남자,75-79세,*,0,0,0,*,0,0,0,0,0
경기도,가평군,의료,남자,80-84세,*,0,0,0,0,*,0,*,0,0
경기도,가평군,의료,남자,85세이상,*,0,0,*,0,0,0,0,0,*
경기도,가평군,의료,여자,65-69세,*,0,0,0,0,0,0,0,*,0
경기도,가평군,의료,여자,70-74세,*,0,0,0,0,0,0,*,0,0
경기도,가평군,의료,여자,75-79세,*,0,0,0,0,0,0,0,*,0
경기도,가평군,의료,여자,80-84세,*,0,0,0,0,*,0,0,0,0
경기도,가평군,의료,여자,85세이상,*,0,0,*,*,0,0,0,0,0
경기도,가평군,감경,남자,65세미만,12,*,*,*,*,*,0,0,0,0
경기도,가평군,감경,남자,65-69세,20,*,0,*,13,*,*,0,0,0
경기도,가평군,감경,남자,70-74세,29,0,*,5,17,*,*,0,0,0
경기도,가평군,감경,남자,75-79세,40,0,*,7,17,7,*,0,*,0
경기도,가평군,감경,남자,80-84세,62,0,*,10,38,8,*,*,0,0
경기도,가평군,감경,남자,85세이상,106,*,7,24,54,14,*,*,*,0
경기도,가평군,감경,여자,65세미만,10,*,*,*,5,0,0,0,0,0
경기도,가평군,감경,여자,65-69세,20,*,*,5,8,*,0,*,0,0
경기도,가평군,감경,여자,70-74세,38,*,0,7,15,6,5,0,0,0
경기도,가평군,감경,여자,75-79세,84,*,5,20,39,9,*,0,*,*
경기도,가평군,감경,여자,80-84세,199,5,11,34,108,29,5,0,*,0
경기도,가평군,감경,여자,85세이상,359,9,21,94,183,38,*,*,*,0
경기도,양평군,일반,남자,65세미만,45,*,6,14,5,*,0,5,*,*
경기도,양평군,일반,남자,65-69세,94,*,5,16,30,*,*,9,*,*
경기도,양평군,일반,남자,70-74세,142,*,7,32,36,9,*,11,6,6
경기도,양평군,일반,남자,75-79세,203,13,10,42,75,6,0,10,*,6
경기도,양평군,일반,남자,80-84세,283,*,7,69,101,25,5,8,7,5
경기도,양평군,일반,남자,85세이상,348,9,25,91,120,23,5,11,5,9
경기도,양평군,일반,여자,65세미만,34,*,*,8,8,0,0,*,0,*
경기도,양평군,일반,여자,65-69세,102,6,8,13,25,5,*,15,5,*
경기도,양평군,일반,여자,70-74세,146,7,7,25,39,*,*,13,5,*
경기도,양평군,일반,여자,75-79세,338,6,17,49,108,21,5,34,21,*
경기도,양평군,일반,여자,80-84세,583,16,31,131,211,30,17,37,16,6
경기도,양평군,일반,여자,85세이상,803,28,63,253,315,34,*,13,10,8
경기도,양평군,기초,남자,65세미만,43,*,5,13,14,0,0,*,0,*
경기도,양평군,기초,남자,65-69세,67,*,*,14,19,*,*,*,*,*
경기도,양평군,기초,남자,70-74세,58,*,*,14,23,*,*,*,*,*
경기도,양평군,기초,남자,75-79세,43,*,*,12,13,5,*,*,*,0
경기도,양평군,기초,남자,80-84세,47,0,*,9,17,*,*,0,*,*
경기도,양평군,기초,남자,85세이상,38,*,*,12,14,5,0,0,0,*
경기도,양평군,기초,여자,65세미만,22,*,*,8,*,0,*,*,*,*
경기도,양평군,기초,여자,65-69세,50,*,5,8,18,0,*,*,*,*
경기도,양평군,기초,여자,70-74세,60,*,7,17,19,5,*,*,*,*
경기도,양평군,기초,여자,75-79세,81,*,7,13,39,*,*,*,*,*
경기도,양평군,기초,여자,80-84세,93,*,*,21,52,*,*,*,*,*
경기도,양평군,기초,여자,85세이상,203,16,18,63,83,10,*,*,*,*
경기도,양평군,의료,남자,65세미만,0,0,0,0,0,0,0,0,0,0
경기도,양평군,의료,남자,65-69세,*,0,0,0,*,0,0,0,0,0
경기도,양평군,의료,남자,70-74세,*,0,0,*,0,0,0,0,0,0
경기도,양평군,의료,남자,80-84세,*,0,0,0,0,0,0,0,0,0
경기도,양평군,의료,남자,85세이상,*,0,0,0,0,0,0,0,0,0
경기도,양평군,의료,여자,65-69세,0,0,0,0,0,0,0,0,0,0
경기도,양평군,의료,여자,70-74세,*,0,0,0,*,0,0,0,0,0
경기도,양평군,의료,여자,75-79세,*,0,0,0,0,0,0,0,0,0
경기도,양평군,의료,여자,80-84세,*,*,0,0,*,0,0,0,0,0
경기도,양평군,의료,여자,85세이상,19,0,0,7,8,*,0,0,0,0
경기도,양평군,감경,남자,65세미만,25,*,*,8,7,*,*,0,0,*
경기도,양평군,감경,남자,65-69세,36,*,*,14,12,5,0,0,0,0
경기도,양평군,감경,남자,70-74세,63,*,*,27,21,7,*,0,0,0
경기도,양평군,감경,남자,75-79세,82,*,6,30,32,7,0,0,0,0
경기도,양평군,감경,남자,80-84세,102,*,10,32,42,7,6,0,*,0
경기도,양평군,감경,남자,85세이상,225,6,18,73,99,19,7,*,0,0
경기도,양평군,감경,여자,65세미만,16,*,*,5,5,*,*,0,0,0
경기도,양평군,감경,여자,65-69세,37,*,*,9,16,*,0,*,*,0
경기도,양평군,감경,여자,70-74세,73,6,10,10,32,7,*,0,0,0
경기도,양평군,감경,여자,75-79세,145,8,18,39,60,7,*,*,*,0
경기도,양평군,감경,여자,80-84세,328,13,26,93,158,24,*,*,*,0
경기도,양평군,감경,여자,85세이상,708,42,86,238,301,30,*,0,*,0
충청북도,청주시,일반,남자,65세미만,181,17,10,32,30,7,0,25,10,11
충청북도,청주시,일반,남자,65-69세,347,25,15,58,83,22,7,34,14,9
충청북도,청주시,일반,남자,70-74세,470,24,23,98,112,46,6,39,18,10
충청북도,청주시,일반,남자,75-79세,660,29,43,131,228,62,21,23,21,12
충청북도,청주시,일반,남자,80-84세,895,22,36,171,304,138,38,33,30,15
충청북도,청주시,일반,남자,85세이상,1028,24,44,197,421,141,19,24,25,10
충청북도,청주시,일반,여자,65세미만,156,11,9,42,26,*,*,20,8,8
충청북도,청주시,일반,여자,65-69세,441,19,9,72,91,24,7,40,26,18
충청북도,청주시,일반,여자,70-74세,622,23,22,86,174,49,18,65,30,14
충청북도,청주시,일반,여자,75-79세,1184,45,52,167,375,137,36,70,43,25
충청북도,청주시,일반,여자,80-84세,2183,67,111,412,821,291,44,75,43,29
충청북도,청주시,일반,여자,85세이상,2739,100,246,694,1066,296,40,47,31,10
충청북도,청주시,기초,남자,65세미만,347,20,23,68,92,30,10,22,12,17
충청북도,청주시,기초,남자,65-69세,403,16,21,57,116,60,18,24,17,18
충청북도,청주시,기초,남자,70-74세,260,14,16,31,85,47,12,12,6,12
충청북도,청주시,기초,남자,75-79세,187,8,6,22,75,28,13,5,6,5
충청북도,청주시,기초,남자,80-84세,161,5,9,24,55,34,8,*,*,*
충청북도,청주시,기초,남자,85세이상,114,*,*,27,55,17,*,0,*,*
충청북도,청주시,기초,여자,65세미만,176,12,9,33,53,16,*,12,7,8
충청북도,청주시,기초,여자,65-69세,277,11,12,48,95,36,13,15,9,10
충청북도,청주시,기초,여자,70-74세,264,10,12,47,87,34,13,15,11,7
충청북도,청주시,기초,여자,75-79세,379,16,26,65,131,69,11,11,9,9
충청북도,청주시,기초,여자,80-84세,573,23,43,106,245,89,15,15,7,*
충청북도,청주시,기초,여자,85세이상,701,35,90,187,289,60,5,*,9,*
충청북도,청주시,의료,남자,65세미만,*,0,0,0,*,0,0,0,0,0
충청북도,청주시,의료,남자,65-69세,6,0,0,*,0,0,0,*,0,0
충청북도,청주시,의료,남자,70-74세,7,0,*,0,*,*,0,0,0,0
충청북도,청주시,의료,남자,75-79세,13,*,*,*,*,*,0,*,0,0
충청북도,청주시,의료,남자,80-84세,11,0,0,*,*,*,0,*,0,0
충청북도,청주시,의료,남자,85세이상,13,*,0,*,5,*,0,0,0,0
충청북도,청주시,의료,여자,65세미만,*,0,*,0,*,0,*,0,0,0
충청북도,청주시,의료,여자,65-69세,*,0,0,*,0,*,0,0,0,0
충청북도,청주시,의료,여자,70-74세,8,*,0,*,*,*,0,*,0,0
충청북도,청주시,의료,여자,75-79세,20,0,*,5,8,5,0,0,0,*
충청북도,청주시,의료,여자,80-84세,24,0,*,6,8,*,*,*,0,0
충청북도,청주시,의료,여자,85세이상,109,*,15,33,42,6,*,0,*,*
충청북도,청주시,감경,남자,65세미만,173,32,10,47,45,14,*,*,*,*
충청북도,청주시,감경,남자,65-69세,240,24,21,65,82,19,6,*,*,*
충청북도,청주시,감경,남자,70-74세,331,18,26,81,138,40,9,*,*,0
충청북도,청주시,감경,남자,75-79세,384,16,26,95,174,54,8,*,0,0
충청북도,청주시,감경,남자,80-84세,524,20,29,123,236,88,16,*,0,*
충청북도,청주시,감경,남자,85세이상,739,12,57,174,366,103,15,*,*,0
충청북도,청주시,감경,여자,65세미만,140,20,20,40,36,6,*,0,*,0
충청북도,청주시,감경,여자,65-69세,247,25,23,64,76,26,10,*,*,0
충청북도,청주시,감경,여자,70-74세,408,22,45,84,147,65,18,5,*,*
충청북도,청주시,감경,여자,75-79세,816,42,72,202,325,115,26,*,*,*
충청북도,청주시,감경,여자,80-84세,1808,65,136,459,814,248,42,*,0,0
충청북도,청주시,감경,여자,85세이상,3312,156,366,1010,1402,302,34,*,*,0
충청북도,충주시,일반,남자,65세미만,53,*,0,7,6,*,*,11,*,6
충청북도,충주시,일반,남자,65-69세,107,*,*,12,29,5,*,14,6,*
충청북도,충주시,일반,남자,70-74세,113,*,*,15,25,8,*,8,8,*
충청북도,충주시,일반,남자,75-79세,177,*,10,26,48,18,*,16,*,7
충청북도,충주시,일반,남자,80-84세,264,*,7,44,81,40,12,12,10,9
충청북도,충주시,일반,남자,85세이상,338,8,17,50,116,51,18,15,14,5
충청북도,충주시,일반,여자,65세미만,37,*,*,7,5,*,0,*,*,*
충청북도,충주시,일반,여자,65-69세,116,*,5,13,12,*,*,14,8,7
충청북도,충주시,일반,여자,70-74세,196,*,6,15,43,12,8,34,15,6
충청북도,충주시,일반,여자,75-79세,347,*,11,31,84,43,19,27,12,15
충청북도,충주시,일반,여자,80-84세,649,13,30,78,204,105,28,39,28,10
충청북도,충주시,일반,여자,85세이상,976,19,71,178,350,134,27,34,35,6
충청북도,충주시,기초,남자,65세미만,118,8,5,17,26,17,5,14,*,9
충청북도,충주시,기초,남자,65-69세,128,0,*,22,46,17,6,9,*,5
충청북도,충주시,기초,남자,70-74세,93,*,*,16,28,14,6,*,*,*
충청북도,충주시,기초,남자,75-79세,64,*,*,13,19,10,*,*,*,*
충청북도,충주시,기초,남자,80-84세,65,*,5,8,23,12,6,*,*,*
충청북도,충주시,기초,남자,85세이상,69,*,5,9,23,13,*,*,*,*
충청북도,충주시,기초,여자,65세미만,64,6,*,17,17,*,*,6,*,*
충청북도,충주시,기초,여자,65-69세,91,*,6,15,25,10,6,6,*,*
충청북도,충주시,기초,여자,70-74세,84,*,*,6,31,16,5,5,9,*
충청북도,충주시,기초,여자,75-79세,120,8,6,19,40,21,9,*,*,*
충청북도,충주시,기초,여자,80-84세,208,*,21,34,86,35,8,*,*,*
충청북도,충주시,기초,여자,85세이상,280,15,30,66,106,42,7,0,*,*
충청북도,충주시,의료,남자,65세미만,0,0,0,0,0,0,0,0,0,0
충청북도,충주시,의료,남자,65-69세,*,0,0,0,*,0,0,0,0,0
충청북도,충주시,의료,남자,70-74세,*,0,0,0,*,0,0,*,0,0
충청북도,충주시,의료,남자,75-79세,*,0,0,0,*,0,0,0,0,0
충청북도,충주시,의료,남자,80-84세,5,*,*,*,*,0,0,0,0,0
충청북도,충주시,의료,남자,85세이상,5,0,*,0,*,0,*,0,0,0
충청북도,충주시,의료,여자,65세미만,0,0,0,0,0,0,0,0,0,0
충청북도,충주시,의료,여자,65-69세,*,0,0,*,0,0,0,0,0,0
충청북도,충주시,의료,여자,70-74세,*,0,0,0,*,0,*,*,0,0
충청북도,충주시,의료,여자,75-79세,8,0,*,*,*,*,0,0,*,0
충청북도,충주시,의료,여자,80-84세,7,0,0,*,*,0,0,0,*,0
충청북도,충주시,의료,여자,85세이상,46,*,6,8,22,*,0,*,0,0
충청북도,충주시,감경,남자,65세미만,36,*,*,12,12,*,0,*,0,0
충청북도,충주시,감경,남자,65-69세,64,*,6,7,28,14,*,*,0,0
충청북도,충주시,감경,남자,70-74세,80,*,6,17,33,15,*,*,0,0
충청북도,충주시,감경,남자,75-79세,108,5,8,19,48,16,6,0,0,0
충청북도,충주시,감경,남자,80-84세,179,*,17,39,72,32,11,0,*,*
충청북도,충주시,감경,남자,85세이상,261,*,11,51,116,59,19,0,0,0
충청북도,충주시,감경,여자,65세미만,24,*,*,*,9,*,*,0,0,0
충청북도,충주시,감경,여자,65-69세,65,6,5,12,25,8,*,0,0,0
충청북도,충주시,감경,여자,70-74세,114,6,10,22,32,26,6,*,0,*
충청북도,충주시,감경,여자,75-79세,273,7,24,50,111,47,18,*,*,*
충청북도,충주시,감경,여자,80-84세,654,24,45,124,278,133,24,*,0,*
충청북도,충주시,감경,여자,85세이상,1244,43,118,298,533,195,44,*,0,0
충청북도,제천시,일반,남자,65세미만,22,0,*,*,*,*,*,*,*,*
충청북도,제천시,일반,남자,65-69세,70,*,*,13,13,*,*,14,*,0
충청북도,제천시,일반,남자,70-74세,96,0,*,19,18,5,0,17,5,6
충청북도,제천시,일반,남자,75-79세,147,*,*,18,47,18,*,15,7,5
충청북도,제천시,일반,남자,80-84세,216,*,10,33,71,16,*,23,10,8
충청북도,제천시,일반,남자,85세이상,222,*,10,33,79,18,6,21,16,6
충청북도,제천시,일반,여자,65세미만,41,*,*,5,10,*,0,5,*,*
충청북도,제천시,일반,여자,65-69세,87,*,*,10,19,*,*,9,*,*
충청북도,제천시,일반,여자,70-74세,141,*,*,20,26,12,0,24,11,*
충청북도,제천시,일반,여자,75-79세,249,*,15,30,72,17,7,27,17,*
충청북도,제천시,일반,여자,80-84세,469,10,27,78,155,39,15,43,24,12
충청북도,제천시,일반,여자,85세이상,553,19,51,128,212,41,6,36,9,8
충청북도,제천시,기초,남자,65세미만,65,5,*,8,16,*,*,6,*,6
충청북도,제천시,기초,남자,65-69세,84,0,7,*,29,*,*,13,9,8
충청북도,제천시,기초,남자,70-74세,55,*,6,6,22,5,0,*,*,6
충청북도,제천시,기초,남자,75-79세,46,0,*,5,19,6,0,*,*,*
충청북도,제천시,기초,남자,80-84세,42,0,0,12,23,*,0,0,*,*
충청북도,제천시,기초,남자,85세이상,34,*,*,9,17,*,0,0,*,*
충청북도,제천시,기초,여자,65세미만,40,*,7,5,11,*,*,*,*,*
충청북도,제천시,기초,여자,65-69세,81,*,*,6,27,8,*,*,*,9
충청북도,제천시,기초,여자,70-74세,93,*,*,21,37,*,0,*,7,5
충청북도,제천시,기초,여자,75-79세,111,0,5,18,51,*,*,11,5,*
충청북도,제천시,기초,여자,80-84세,130,6,10,39,44,10,*,*,*,*
충청북도,제천시,기초,여자,85세이상,196,8,23,60,85,9,*,6,*,0
충청북도,제천시,의료,남자,65세미만,0,0,0,0,0,0,0,0,0,0
충청북도,제천시,의료,남자,65-69세,0,0,0,0,0,0,0,0,0,0
충청북도,제천시,의료,남자,70-74세,*,0,0,0,0,0,0,0,0,*
충청북도,제천시,의료,남자,75-79세,*,*,0,0,0,0,0,0,0,0
충청북도,제천시,의료,남자,80-84세,*,0,*,0,*,0,0,0,0,0
충청북도,제천시,의료,남자,85세이상,8,0,*,*,*,*,0,0,0,0
충청북도,제천시,의료,여자,65-69세,*,0,0,0,*,0,0,0,*,0
충청북도,제천시,의료,여자,70-74세,*,0,0,*,0,0,0,0,*,0
충청북도,제천시,의료,여자,75-79세,*,*,*,0,0,0,0,0,0,0
충청북도,제천시,의료,여자,80-84세,8,0,0,*,*,*,0,0,0,0
충청북도,제천시,의료,여자,85세이상,23,0,*,6,10,*,0,0,0,0
충청북도,제천시,감경,남자,65세미만,26,*,*,8,6,*,0,*,0,*
충청북도,제천시,감경,남자,65-69세,62,*,*,15,31,5,0,*,0,0
충청북도,제천시,감경,남자,70-74세,87,*,7,26,43,*,*,0,0,0
충청북도,제천시,감경,남자,75-79세,82,*,5,20,42,6,*,0,*,*
충청북도,제천시,감경,남자,80-84세,157,6,20,43,66,16,*,0,0,*
충청북도,제천시,감경,남자,85세이상,204,6,24,49,94,26,*,0,0,0
충청북도,제천시,감경,여자,65세미만,29,*,*,10,7,*,0,0,*,*
충청북도,제천시,감경,여자,65-69세,55,*,6,10,24,5,*,0,*,*
충청북도,제천시,감경,여자,70-74세,114,11,9,25,44,10,*,*,0,*
충청북도,제천시,감경,여자,75-79세,204,10,11,46,91,22,8,*,*,*
충청북도,제천시,감경,여자,80-84세,509,19,43,130,229,57,11,*,*,0
충청북도,제천시,감경,여자,85세이상,869,31,114,279,376,51,8,*,*,0
충청북도,청원군,일반,남자,65세미만,*,0,0,0,0,0,0,0,0,0
충청북도,청원군,일반,남자,65-69세,*,0,0,0,0,0,0,0,0,0
충청북도,청원군,일반,남자,70-74세,*,0,0,0,0,0,0,0,0,0
충청북도,청원군,일반,남자,75-79세,0,0,0,0,0,0,0,0,0,0
충청북도,청원군,일반,남자,85세이상,0,0,0,0,0,0,0,0,0,0
충청북도,청원군,일반,여자,65세미만,0,0,0,0,0,0,0,0,0,0
충청북도,청원군,일반,여자,65-69세,*,0,0,0,0,0,0,0,0,0
충청북도,청원군,일반,여자,70-74세,0,0,0,0,0,0,0,0,0,0
충청북도,청원군,일반,여자,75-79세,0,0,0,0,0,0,0,0,0,0
충청북도,청원군,일반,여자,80-84세,0,0,0,0,0,0,0,0,0,0
충청북도,청원군,일반,여자,85세이상,0,0,0,0,0,0,0,0,0,0
충청북도,청원군,기초,남자,65세미만,0,0,0,0,0,0,0,0,0,0
충청북도,청원군,기초,남자,65-69세,0,0,0,0,0,0,0,0,0,0
충청북도,청원군,기초,남자,70-74세,0,0,0,0,0,0,0,0,0,0
충청북도,청원군,기초,남자,75-79세,0,0,0,0,0,0,0,0,0,0
충청북도,청원군,기초,여자,65세미만,0,0,0,0,0,0,0,0,0,0
충청북도,청원군,기초,여자,65-69세,0,0,0,0,0,0,0,0,0,0
충청북도,청원군,기초,여자,70-74세,0,0,0,0,0,0,0,0,0,0
충청북도,청원군,기초,여자,75-79세,0,0,0,0,0,0,0,0,0,0
충청북도,청원군,기초,여자,80-84세,0,0,0,0,0,0,0,0,0,0
충청북도,청원군,기초,여자,85세이상,0,0,0,0,0,0,0,0,0,0
충청북도,청원군,의료,남자,65-69세,0,0,0,0,0,0,0,0,0,0
충청북도,청원군,의료,여자,65세미만,0,0,0,0,0,0,0,0,0,0
충청북도,청원군,의료,여자,75-79세,0,0,0,0,0,0,0,0,0,0
충청북도,청원군,감경,남자,65세미만,0,0,0,0,0,0,0,0,0,0
충청북도,청원군,감경,남자,65-69세,0,0,0,0,0,0,0,0,0,0
충청북도,청원군,감경,남자,70-74세,0,0,0,0,0,0,0,0,0,0
충청북도,청원군,감경,여자,65세미만,0,0,0,0,0,0,0,0,0,0
충청북도,청원군,감경,여자,65-69세,0,0,0,0,0,0,0,0,0,0
충청북도,청원군,감경,여자,70-74세,0,0,0,0,0,0,0,0,0,0
충청북도,청원군,감경,여자,75-79세,0,0,0,0,0,0,0,0,0,0
충청북도,청원군,감경,여자,85세이상,0,0,0,0,0,0,0,0,0,0
충청북도,보은군,일반,남자,65세미만,9,*,0,*,*,0,0,*,0,0
충청북도,보은군,일반,남자,65-69세,28,0,*,*,13,*,0,5,*,0
충청북도,보은군,일반,남자,70-74세,44,0,*,7,12,*,*,*,*,*
충청북도,보은군,일반,남자,75-79세,51,0,0,11,21,*,*,*,*,*
충청북도,보은군,일반,남자,80-84세,80,0,*,13,26,7,*,5,*,5
충청북도,보은군,일반,남자,85세이상,92,0,*,18,29,10,*,10,*,*
충청북도,보은군,일반,여자,65세미만,7,0,*,*,*,0,0,*,0,0
충청북도,보은군,일반,여자,65-69세,33,*,0,*,*,*,*,*,*,*
충청북도,보은군,일반,여자,70-74세,53,0,*,8,9,*,*,6,6,0
충청북도,보은군,일반,여자,75-79세,101,*,*,10,28,8,0,7,7,*
충청북도,보은군,일반,여자,80-84세,155,*,*,25,60,11,5,11,6,*
충청북도,보은군,일반,여자,85세이상,240,*,11,58,114,14,5,10,5,*
충청북도,보은군,기초,남자,65세미만,16,*,*,*,*,*,*,*,0,0
충청북도,보은군,기초,남자,65-69세,27,*,*,5,8,*,0,*,*,*
충청북도,보은군,기초,남자,70-74세,21,0,0,*,9,*,0,*,*,0
충청북도,보은군,기초,남자,75-79세,16,0,*,5,7,0,*,*,0,*
충청북도,보은군,기초,남자,80-84세,13,0,0,*,9,*,0,0,0,0
충청북도,보은군,기초,남자,85세이상,12,0,*,*,6,*,*,0,0,0
충청북도,보은군,기초,여자,65세미만,12,*,0,*,*,0,0,*,*,0
충청북도,보은군,기초,여자,65-69세,24,*,*,*,9,*,0,*,*,*
충청북도,보은군,기초,여자,70-74세,25,0,*,*,10,*,0,*,*,*
충청북도,보은군,기초,여자,75-79세,36,*,0,*,20,*,0,*,*,0
충청북도,보은군,기초,여자,80-84세,43,*,0,7,23,*,*,*,0,*
충청북도,보은군,기초,여자,85세이상,76,*,*,18,42,7,0,*,0,*
충청북도,보은군,의료,남자,85세이상,*,0,0,0,*,0,0,0,0,0
충청북도,보은군,의료,여자,65-69세,0,0,0,0,0,0,0,0,0,0
충청북도,보은군,의료,여자,70-74세,*,0,0,0,*,0,0,0,0,0
충청북도,보은군,의료,여자,80-84세,0,0,0,0,0,0,0,0,0,0
충청북도,보은군,의료,여자,85세이상,12,0,*,*,6,0,0,0,0,0
충청북도,보은군,감경,남자,65세미만,7,0,*,*,*,*,0,0,0,0
충청북도,보은군,감경,남자,65-69세,22,0,*,5,7,*,*,*,0,0
충청북도,보은군,감경,남자,70-74세,33,*,0,*,21,*,0,*,0,0
충청북도,보은군,감경,남자,75-79세,33,0,*,*,22,*,*,0,0,0
충청북도,보은군,감경,남자,80-84세,54,0,0,21,28,5,0,0,0,0
충청북도,보은군,감경,남자,85세이상,93,0,*,26,54,6,*,*,0,0
충청북도,보은군,감경,여자,65세미만,6,0,0,*,*,*,0,0,0,0
충청북도,보은군,감경,여자,65-69세,23,0,*,7,8,*,0,0,0,0
충청북도,보은군,감경,여자,70-74세,32,0,*,7,13,*,*,*,0,0
충청북도,보은군,감경,여자,75-79세,69,*,5,16,29,8,*,*,*,0
충청북도,보은군,감경,여자,80-84세,197,*,7,50,116,12,*,0,0,0
충청북도,보은군,감경,여자,85세이상,413,6,21,108,233,36,*,0,0,0
충청북도,옥천군,일반,남자,65세미만,15,0,*,*,*,*,0,*,0,*
충청북도,옥천군,일반,남자,65-69세,34,0,*,7,*,0,*,7,*,*
충청북도,옥천군,일반,남자,70-74세,70,*,0,9,20,*,*,9,*,*
충청북도,옥천군,일반,남자,75-79세,94,*,*,13,36,6,*,6,6,*
충청북도,옥천군,일반,남자,80-84세,103,*,*,17,39,*,6,*,7,*
충청북도,옥천군,일반,남자,85세이상,137,0,*,18,64,11,7,6,5,5
충청북도,옥천군,일반,여자,65세미만,7,0,0,*,0,*,0,0,0,0
충청북도,옥천군,일반,여자,65-69세,57,*,*,*,8,0,*,*,*,*
충청북도,옥천군,일반,여자,70-74세,85,0,*,*,22,8,6,7,8,*
충청북도,옥천군,일반,여자,75-79세,145,*,*,25,35,9,*,13,10,*
충청북도,옥천군,일반,여자,80-84세,233,7,5,32,94,21,9,14,9,*
충청북도,옥천군,일반,여자,85세이상,329,8,17,73,130,28,*,10,8,0
충청북도,옥천군,기초,남자,65세미만,19,0,0,5,6,0,0,*,*,*
충청북도,옥천군,기초,남자,65-69세,36,0,*,*,18,*,*,*,*,*
충청북도,옥천군,기초,남자,70-74세,26,0,*,*,10,*,*,0,*,0
충청북도,옥천군,기초,남자,75-79세,15,0,0,0,8,*,0,0,*,0
충청북도,옥천군,기초,남자,80-84세,20,0,*,6,8,*,0,*,0,0
충청북도,옥천군,기초,남자,85세이상,21,0,*,*,7,*,0,*,*,0
충청북도,옥천군,기초,여자,65세미만,6,*,0,*,*,*,0,0,0,*
충청북도,옥천군,기초,여자,65-69세,22,*,0,*,8,*,0,0,0,0
충청북도,옥천군,기초,여자,70-74세,31,0,*,*,17,*,*,*,0,0
충청북도,옥천군,기초,여자,75-79세,29,*,*,6,14,*,*,0,0,0
충청북도,옥천군,기초,여자,80-84세,50,*,*,8,24,*,*,*,*,0
충청북도,옥천군,기초,여자,85세이상,58,5,5,14,22,*,*,0,*,0
충청북도,옥천군,의료,남자,65-69세,*,0,0,*,0,0,0,0,0,0
충청북도,옥천군,의료,남자,70-74세,*,0,0,*,*,0,0,*,0,0
충청북도,옥천군,의료,남자,75-79세,*,0,0,*,0,0,0,0,*,0
충청북도,옥천군,의료,남자,80-84세,*,0,0,0,0,*,0,*,0,0
충청북도,옥천군,의료,남자,85세이상,*,0,0,0,0,0,0,*,0,0
충청북도,옥천군,의료,여자,65세미만,*,0,0,0,0,0,0,*,0,0
충청북도,옥천군,의료,여자,65-69세,*,0,0,0,*,0,0,0,0,0
충청북도,옥천군,의료,여자,70-74세,0,0,0,0,0,0,0,0,0,0
충청북도,옥천군,의료,여자,75-79세,*,0,0,*,*,0,0,0,0,0
충청북도,옥천군,의료,여자,80-84세,*,0,0,0,*,0,0,0,0,0
충청북도,옥천군,의료,여자,85세이상,15,*,0,*,5,5,0,0,*,0
충청북도,옥천군,감경,남자,65세미만,10,0,0,*,*,*,*,0,0,0
충청북도,옥천군,감경,남자,65-69세,31,*,*,11,11,*,*,*,0,0
충청북도,옥천군,감경,남자,70-74세,43,*,6,11,17,*,*,0,0,0
충청북도,옥천군,감경,남자,75-79세,52,*,*,12,25,6,*,0,0,0
충청북도,옥천군,감경,남자,80-84세,77,*,9,13,38,10,*,0,0,0
충청북도,옥천군,감경,남자,85세이상,156,*,6,32,87,23,*,0,0,0
충청북도,옥천군,감경,여자,65세미만,7,0,*,*,*,0,0,*,0,0
충청북도,옥천군,감경,여자,65-69세,30,*,*,7,13,*,*,0,0,0
충청북도,옥천군,감경,여자,70-74세,55,*,*,20,17,5,*,0,*,0
충청북도,옥천군,감경,여자,75-79세,103,*,*,21,49,12,6,*,0,0
충청북도,옥천군,감경,여자,80-84세,273,8,12,64,135,36,5,*,*,0
충청북도,옥천군,감경,여자,85세이상,519,15,49,123,270,45,12,*,0,0
충청북도,영동군,일반,남자,65세미만,17,0,0,*,*,*,0,5,*,*
충청북도,영동군,일반,남자,65-69세,37,*,*,*,5,*,*,7,*,*
충청북도,영동군,일반,남자,70-74세,49,0,*,*,15,*,0,*,*,*
충청북도,영동군,일반,남자,75-79세,72,0,*,11,18,8,*,*,*,*
충청북도,영동군,일반,남자,80-84세,112,*,5,13,34,14,*,6,6,*
충청북도,영동군,일반,남자,85세이상,132,0,*,19,64,14,*,*,*,*
충청북도,영동군,일반,여자,65세미만,8,0,0,*,*,*,0,*,0,0
충청북도,영동군,일반,여자,65-69세,34,0,0,*,7,0,0,8,5,0
충청북도,영동군,일반,여자,70-74세,85,*,0,16,14,5,0,9,8,*
충청북도,영동군,일반,여자,75-79세,146,*,5,13,48,14,*,8,8,*
충청북도,영동군,일반,여자,80-84세,266,*,11,41,103,36,*,5,8,5
충청북도,영동군,일반,여자,85세이상,254,6,13,50,115,28,*,7,5,*
충청북도,영동군,기초,남자,65세미만,33,*,*,11,12,*,*,*,*,*
충청북도,영동군,기초,남자,65-69세,36,*,*,*,13,*,*,*,*,*
충청북도,영동군,기초,남자,70-74세,32,0,*,5,13,*,*,*,*,*
충청북도,영동군,기초,남자,75-79세,20,0,*,*,13,*,*,0,0,0
충청북도,영동군,기초,남자,80-84세,17,0,*,*,6,*,*,0,0,*
충청북도,영동군,기초,남자,85세이상,18,0,*,*,7,*,0,*,0,0
충청북도,영동군,기초,여자,65세미만,20,*,*,*,*,*,0,7,*,0
충청북도,영동군,기초,여자,65-69세,26,*,*,*,11,*,*,*,0,0
충청북도,영동군,기초,여자,70-74세,28,*,*,8,8,*,0,*,*,*
충청북도,영동군,기초,여자,75-79세,51,*,*,8,24,5,0,*,*,*
충청북도,영동군,기초,여자,80-84세,65,0,*,13,28,9,*,0,0,0
충청북도,영동군,기초,여자,85세이상,79,*,9,17,41,5,0,*,0,0
충청북도,영동군,의료,남자,65-69세,0,0,0,0,0,0,0,0,0,0
충청북도,영동군,의료,남자,70-74세,*,0,0,0,0,0,0,0,0,0
충청북도,영동군,의료,남자,75-79세,*,0,0,*,*,0,0,0,0,0
충청북도,영동군,의료,남자,80-84세,*,0,0,0,*,0,0,0,0,0
충청북도,영동군,의료,남자,85세이상,*,0,0,0,*,0,0,0,0,0
충청북도,영동군,의료,여자,65-69세,0,0,0,0,0,0,0,0,0,0
충청북도,영동군,의료,여자,70-74세,*,0,0,0,*,0,0,0,0,0
충청북도,영동군,의료,여자,75-79세,*,0,0,0,*,0,0,0,0,0
충청북도,영동군,의료,여자,80-84세,*,0,0,*,*,0,0,0,0,0
충청북도,영동군,의료,여자,85세이상,17,*,*,5,6,0,0,0,0,0
충청북도,영동군,감경,남자,65세미만,12,*,*,*,*,*,0,0,0,0
충청북도,영동군,감경,남자,65-69세,30,0,*,9,7,7,*,0,0,0
충청북도,영동군,감경,남자,70-74세,25,*,0,*,15,*,0,*,0,0
충청북도,영동군,감경,남자,75-79세,55,0,*,17,26,7,0,0,0,0
충청북도,영동군,감경,남자,80-84세,95,*,*,26,45,13,*,0,*,0
충청북도,영동군,감경,남자,85세이상,125,*,6,28,70,17,0,0,0,0
충청북도,영동군,감경,여자,65세미만,18,*,*,*,5,*,0,0,0,*
충청북도,영동군,감경,여자,65-69세,32,0,*,5,11,6,*,0,0,0
충청북도,영동군,감경,여자,70-74세,62,*,*,14,31,6,*,0,0,0
충청북도,영동군,감경,여자,75-79세,136,*,10,33,62,10,*,*,0,0
충청북도,영동군,감경,여자,80-84세,339,6,12,82,174,43,7,0,0,0
충청북도,영동군,감경,여자,85세이상,560,20,46,164,271,47,*,0,0,*
충청북도,증평군,일반,남자,65세미만,6,0,0,*,*,*,*,*,0,0
충청북도,증평군,일반,남자,65-69세,20,0,*,*,7,*,0,*,*,*
충청북도,증평군,일반,남자,70-74세,28,*,*,*,*,*,0,*,*,*
충청북도,증평군,일반,남자,75-79세,27,0,*,5,10,*,*,*,*,0
충청북도,증평군,일반,남자,80-84세,42,*,*,10,11,*,*,*,0,0
충청북도,증평군,일반,남자,85세이상,33,5,*,9,9,*,*,*,0,0
충청북도,증평군,일반,여자,65세미만,6,*,0,*,*,0,0,0,0,0
충청북도,증평군,일반,여자,65-69세,13,0,0,*,*,0,0,*,*,*
충청북도,증평군,일반,여자,70-74세,15,0,*,*,*,*,0,*,0,0
충청북도,증평군,일반,여자,75-79세,56,5,*,10,21,*,*,5,*,0
충청북도,증평군,일반,여자,80-84세,78,*,6,13,28,9,*,*,*,*
충청북도,증평군,일반,여자,85세이상,122,6,12,39,38,6,*,*,*,*
충청북도,증평군,기초,남자,65세미만,24,*,*,8,6,*,*,0,0,*
충청북도,증평군,기초,남자,65-69세,40,*,*,7,15,*,*,0,*,*
충청북도,증평군,기초,남자,70-74세,16,0,*,*,6,*,0,*,0,0
충청북도,증평군,기초,남자,75-79세,24,0,*,*,11,*,*,0,0,0
충청북도,증평군,기초,남자,80-84세,19,0,*,5,7,*,*,0,0,0
충청북도,증평군,기초,남자,85세이상,9,0,*,*,5,0,0,0,0,0
충청북도,증평군,기초,여자,65세미만,17,*,*,*,5,*,0,0,0,*
충청북도,증평군,기초,여자,65-69세,17,0,*,*,9,*,0,*,*,*
충청북도,증평군,기초,여자,70-74세,31,*,*,10,12,*,*,*,*,*
충청북도,증평군,기초,여자,75-79세,36,*,*,5,15,*,*,*,0,*
충청북도,증평군,기초,여자,80-84세,40,*,*,*,20,*,*,*,*,0
충청북도,증평군,기초,여자,85세이상,36,*,8,14,9,*,*,0,0,0
충청북도,증평군,의료,남자,70-74세,0,0,0,0,0,0,0,0,0,0
충청북도,증평군,의료,남자,75-79세,*,0,*,0,0,0,0,0,0,0
충청북도,증평군,의료,남자,85세이상,*,0,0,0,0,0,0,*,0,0
충청북도,증평군,의료,여자,65세미만,*,0,0,0,0,0,0,*,0,0
충청북도,증평군,의료,여자,65-69세,0,0,0,0,0,0,0,0,0,0
충청북도,증평군,의료,여자,75-79세,*,0,*,*,0,0,0,0,0,0
충청북도,증평군,의료,여자,80-84세,*,0,*,0,0,0,0,0,0,0
충청북도,증평군,의료,여자,85세이상,6,*,0,*,*,0,0,0,0,0
충청북도,증평군,감경,남자,65세미만,5,0,0,*,*,0,0,0,0,0
충청북도,증평군,감경,남자,65-69세,10,*,*,*,*,0,0,0,0,0
충청북도,증평군,감경,남자,70-74세,24,0,0,9,12,0,*,*,0,0
충청북도,증평군,감경,남자,75-79세,19,*,*,*,11,0,0,0,0,0
충청북도,증평군,감경,남자,80-84세,34,*,6,7,15,*,0,0,0,0
충청북도,증평군,감경,남자,85세이상,44,*,*,13,19,5,*,0,0,0
충청북도,증평군,감경,여자,65세미만,*,*,*,*,0,0,0,0,0,0
충청북도,증평군,감경,여자,65-69세,10,*,*,*,5,*,0,0,0,0
충청북도,증평군,감경,여자,70-74세,22,*,*,9,9,*,0,0,0,0
충청북도,증평군,감경,여자,75-79세,51,*,*,12,24,7,*,0,0,0
충청북도,증평군,감경,여자,80-84세,121,6,16,27,48,15,*,0,0,0
충청북도,증평군,감경,여자,85세이상,213,10,24,74,86,11,*,*,0,0
충청북도,진천군,일반,남자,65세미만,17,0,*,*,*,0,0,*,*,*
충청북도,진천군,일반,남자,65-69세,24,*,0,0,5,0,*,5,*,*
충청북도,진천군,일반,남자,70-74세,39,*,*,*,7,*,*,*,6,*
충청북도,진천군,일반,남자,75-79세,53,0,*,5,13,5,*,7,*,*
충청북도,진천군,일반,남자,80-84세,82,*,*,13,22,13,*,*,*,*
충청북도,진천군,일반,남자,85세이상,121,*,0,12,39,32,*,*,7,*
충청북도,진천군,일반,여자,65세미만,12,*,0,*,*,*,*,*,0,*
충청북도,진천군,일반,여자,65-69세,47,*,*,*,6,0,0,6,8,5
충청북도,진천군,일반,여자,70-74세,61,*,0,7,*,8,*,5,8,7
충청북도,진천군,일반,여자,75-79세,106,*,*,13,16,11,8,9,8,8
충청북도,진천군,일반,여자,80-84세,228,*,7,19,63,37,14,15,17,10
충청북도,진천군,일반,여자,85세이상,365,9,11,51,138,81,12,12,10,6
충청북도,진천군,기초,남자,65세미만,27,0,*,*,9,*,*,*,*,*
충청북도,진천군,기초,남자,65-69세,23,*,0,*,10,*,*,*,*,0
충청북도,진천군,기초,남자,70-74세,21,0,0,*,5,*,0,0,*,*
충청북도,진천군,기초,남자,75-79세,14,0,0,*,5,*,*,0,*,*
충청북도,진천군,기초,남자,80-84세,15,0,0,0,7,*,*,*,0,0
충청북도,진천군,기초,남자,85세이상,13,0,0,*,5,5,0,0,0,0
충청북도,진천군,기초,여자,65세미만,12,0,0,*,*,0,*,*,*,0
충청북도,진천군,기초,여자,65-69세,26,0,*,7,6,*,0,*,*,*
충청북도,진천군,기초,여자,70-74세,20,0,*,*,*,*,*,*,*,0
충청북도,진천군,기초,여자,75-79세,30,0,*,*,9,*,0,*,*,*
충청북도,진천군,기초,여자,80-84세,62,*,*,10,26,9,*,*,*,*
충청북도,진천군,기초,여자,85세이상,87,*,7,18,36,18,*,*,0,0
충청북도,진천군,의료,남자,65-69세,0,0,0,0,0,0,0,0,0,0
충청북도,진천군,의료,남자,70-74세,*,0,0,0,*,0,0,0,0,0
충청북도,진천군,의료,남자,80-84세,*,0,0,0,*,0,0,0,0,0
충청북도,진천군,의료,남자,85세이상,5,0,0,*,*,0,0,0,0,0
충청북도,진천군,의료,여자,65세미만,0,0,0,0,0,0,0,0,0,0
충청북도,진천군,의료,여자,70-74세,*,0,0,0,*,0,0,0,0,0
충청북도,진천군,의료,여자,75-79세,*,0,0,*,0,0,0,0,*,0
충청북도,진천군,의료,여자,80-84세,*,0,*,0,*,0,0,0,0,0
충청북도,진천군,의료,여자,85세이상,12,0,*,*,*,0,*,0,0,0
충청북도,진천군,감경,남자,65세미만,13,0,*,*,6,*,0,0,0,0
충청북도,진천군,감경,남자,65-69세,29,*,0,*,15,*,*,0,0,0
충청북도,진천군,감경,남자,70-74세,22,*,*,7,8,*,0,0,0,0
충청북도,진천군,감경,남자,75-79세,42,*,*,6,21,9,*,*,0,0
충청북도,진천군,감경,남자,80-84세,43,*,*,6,18,9,*,*,0,0
충청북도,진천군,감경,남자,85세이상,90,0,*,10,41,28,5,0,0,0
충청북도,진천군,감경,여자,65세미만,14,*,*,7,*,0,0,0,*,0
충청북도,진천군,감경,여자,65-69세,16,*,*,*,6,*,0,*,0,0
충청북도,진천군,감경,여자,70-74세,41,*,6,7,15,7,*,0,0,0
충청북도,진천군,감경,여자,75-79세,71,*,7,12,25,11,8,*,0,0
충청북도,진천군,감경,여자,80-84세,156,*,9,23,55,48,7,*,*,0
충청북도,진천군,감경,여자,85세이상,404,12,28,82,192,69,11,*,0,0
충청북도,괴산군,일반,남자,65세미만,9,*,0,0,0,0,0,*,0,0
충청북도,괴산군,일반,남자,65-69세,29,0,0,*,*,*,0,6,*,*
충청북도,괴산군,일반,남자,70-74세,32,0,*,7,5,*,*,*,*,*
충청북도,괴산군,일반,남자,75-79세,50,*,*,11,15,*,0,*,*,*
충청북도,괴산군,일반,남자,80-84세,86,*,*,13,29,12,*,5,*,*
충청북도,괴산군,일반,남자,85세이상,84,*,*,19,30,8,*,*,*,*
충청북도,괴산군,일반,여자,65세미만,5,0,0,*,*,*,0,0,0,0
충청북도,괴산군,일반,여자,65-69세,27,0,*,*,6,*,0,*,*,0
충청북도,괴산군,일반,여자,70-74세,48,0,0,5,13,*,*,8,5,*
충청북도,괴산군,일반,여자,75-79세,86,*,*,9,16,10,*,8,11,*
충청북도,괴산군,일반,여자,80-84세,200,*,7,15,69,27,9,25,6,*
충청북도,괴산군,일반,여자,85세이상,234,*,6,56,93,22,*,16,5,*
충청북도,괴산군,기초,남자,65세미만,18,*,*,*,7,*,0,*,*,*
충청북도,괴산군,기초,남자,65-69세,14,0,*,*,6,0,*,*,*,0
충청북도,괴산군,기초,남자,70-74세,12,0,0,*,*,*,*,*,0,0
충청북도,괴산군,기초,남자,75-79세,17,0,*,*,6,*,0,0,0,*
충청북도,괴산군,기초,남자,80-84세,12,0,0,*,*,*,0,0,0,0
충청북도,괴산군,기초,남자,85세이상,11,0,0,*,*,0,*,0,*,0
충청북도,괴산군,기초,여자,65세미만,13,*,*,*,*,*,0,*,*,*
충청북도,괴산군,기초,여자,65-69세,13,*,*,0,*,*,*,0,*,*
충청북도,괴산군,기초,여자,70-74세,16,0,*,*,*,*,*,*,0,0
충청북도,괴산군,기초,여자,75-79세,32,0,*,5,15,*,0,*,*,*
충청북도,괴산군,기초,여자,80-84세,45,*,5,13,13,5,*,*,*,0
충청북도,괴산군,기초,여자,85세이상,55,*,7,14,25,*,0,0,*,0
충청북도,괴산군,의료,남자,65세미만,0,0,0,0,0,0,0,0,0,0
충청북도,괴산군,의료,남자,65-69세,*,0,0,*,0,0,0,0,0,0
충청북도,괴산군,의료,남자,75-79세,*,0,0,0,*,0,0,0,0,0
충청북도,괴산군,의료,남자,85세이상,*,*,0,0,0,0,0,0,0,0
충청북도,괴산군,의료,여자,65세미만,*,0,0,0,0,0,0,*,0,0
충청북도,괴산군,의료,여자,65-69세,*,0,0,0,*,0,0,0,0,0
충청북도,괴산군,의료,여자,70-74세,0,0,0,0,0,0,0,0,0,0
충청북도,괴산군,의료,여자,75-79세,*,0,0,*,0,*,0,0,0,0
충청북도,괴산군,의료,여자,80-84세,*,0,0,0,*,0,0,0,*,0
충청북도,괴산군,의료,여자,85세이상,9,0,0,*,*,*,*,*,0,0
충청북도,괴산군,감경,남자,65세미만,5,0,0,*,*,*,0,0,0,0
충청북도,괴산군,감경,남자,65-69세,12,*,0,*,5,*,0,0,0,0
충청북도,괴산군,감경,남자,70-74세,19,0,*,9,7,*,0,0,0,0
충청북도,괴산군,감경,남자,75-79세,36,0,*,6,17,5,*,0,0,0
충청북도,괴산군,감경,남자,80-84세,42,*,*,11,15,8,*,0,0,0
충청북도,괴산군,감경,남자,85세이상,88,*,6,24,29,21,*,0,0,0
충청북도,괴산군,감경,여자,65세미만,11,*,*,*,*,*,0,0,0,0
충청북도,괴산군,감경,여자,65-69세,12,0,*,0,5,*,*,0,0,*
충청북도,괴산군,감경,여자,70-74세,26,0,*,6,11,*,*,0,0,0
충청북도,괴산군,감경,여자,75-79세,54,*,5,11,18,8,6,*,0,0
충청북도,괴산군,감경,여자,80-84세,170,*,13,38,79,17,10,*,0,*
충청북도,괴산군,감경,여자,85세이상,301,8,24,86,145,24,9,0,0,0
충청북도,음성군,일반,남자,65세미만,20,0,0,*,*,*,0,*,0,*
충청북도,음성군,일반,남자,65-69세,42,0,*,7,5,*,*,7,*,5
충청북도,음성군,일반,남자,70-74세,49,5,5,5,14,*,*,*,*,*
충청북도,음성군,일반,남자,75-79세,59,0,*,11,15,8,*,5,*,*
충청북도,음성군,일반,남자,80-84세,119,*,*,20,40,11,*,9,8,6
충청북도,음성군,일반,남자,85세이상,156,*,7,29,61,26,*,*,*,6
충청북도,음성군,일반,여자,65세미만,17,*,0,*,*,0,0,*,*,0
충청북도,음성군,일반,여자,65-69세,47,*,*,5,5,*,*,6,5,*
충청북도,음성군,일반,여자,70-74세,73,0,*,11,12,5,*,8,7,*
충청북도,음성군,일반,여자,75-79세,141,*,6,12,35,13,8,11,7,*
충청북도,음성군,일반,여자,80-84세,258,*,6,48,68,38,12,16,11,9
충청북도,음성군,일반,여자,85세이상,356,6,30,72,140,44,6,13,6,6
충청북도,음성군,기초,남자,65세미만,57,7,5,14,11,0,*,5,0,0
충청북도,음성군,기초,남자,65-69세,85,9,13,13,16,8,*,6,*,*
충청북도,음성군,기초,남자,70-74세,61,10,8,13,13,*,*,*,*,*
충청북도,음성군,기초,남자,75-79세,48,6,*,10,5,*,*,*,*,*
충청북도,음성군,기초,남자,80-84세,42,6,7,8,10,5,0,0,*,*
충청북도,음성군,기초,남자,85세이상,26,*,*,8,6,*,*,*,*,0
충청북도,음성군,기초,여자,65세미만,36,7,5,7,*,0,*,5,0,0
충청북도,음성군,기초,여자,65-69세,46,6,*,10,6,*,0,*,*,*
충청북도,음성군,기초,여자,70-74세,58,8,8,9,13,*,*,*,0,*
충청북도,음성군,기초,여자,75-79세,75,10,11,22,16,*,*,*,*,*
충청북도,음성군,기초,여자,80-84세,91,11,9,16,31,7,6,*,*,0
충청북도,음성군,기초,여자,85세이상,122,7,18,32,38,12,*,0,*,*
충청북도,음성군,의료,남자,70-74세,0,0,0,0,0,0,0,0,0,0
충청북도,음성군,의료,남자,75-79세,*,0,0,0,*,0,0,0,0,0
충청북도,음성군,의료,남자,80-84세,0,0,0,0,0,0,0,0,0,0
충청북도,음성군,의료,남자,85세이상,0,0,0,0,0,0,0,0,0,0
충청북도,음성군,의료,여자,65-69세,0,0,0,0,0,0,0,0,0,0
충청북도,음성군,의료,여자,70-74세,*,0,0,0,0,*,0,0,0,*
충청북도,음성군,의료,여자,75-79세,*,0,0,*,*,0,0,0,0,0
충청북도,음성군,의료,여자,80-84세,*,*,0,0,*,0,0,0,0,0
충청북도,음성군,의료,여자,85세이상,10,*,*,*,*,0,0,0,0,0
충청북도,음성군,감경,남자,65세미만,14,*,0,5,*,*,*,*,0,0
충청북도,음성군,감경,남자,65-69세,24,0,*,6,9,*,0,0,0,0
충청북도,음성군,감경,남자,70-74세,43,*,*,10,16,*,*,*,0,*
충청북도,음성군,감경,남자,75-79세,55,*,6,13,25,*,*,0,0,*
충청북도,음성군,감경,남자,80-84세,89,0,5,20,47,12,*,0,0,*
충청북도,음성군,감경,남자,85세이상,100,*,6,28,34,23,5,0,0,0
충청북도,음성군,감경,여자,65세미만,12,0,*,*,*,*,0,0,0,0
충청북도,음성군,감경,여자,65-69세,25,*,*,8,11,0,0,0,*,0
충청북도,음성군,감경,여자,70-74세,55,*,5,15,24,*,*,*,*,0
충청북도,음성군,감경,여자,75-79세,80,*,7,8,38,16,6,*,0,0
충청북도,음성군,감경,여자,80-84세,260,6,26,56,99,46,18,*,0,*
충청북도,음성군,감경,여자,85세이상,527,10,58,145,237,64,7,0,0,0
충청북도,단양군,일반,남자,65세미만,*,0,0,*,0,0,0,0,0,*
충청북도,단양군,일반,남자,65-69세,15,0,0,5,*,0,0,*,*,*
충청북도,단양군,일반,남자,70-74세,26,*,0,*,7,*,0,6,*,*
충청북도,단양군,일반,남자,75-79세,36,*,0,*,9,*,0,7,*,*
충청북도,단양군,일반,남자,80-84세,53,0,5,5,14,*,0,5,5,*
충청북도,단양군,일반,남자,85세이상,51,*,*,6,21,8,0,0,*,*
충청북도,단양군,일반,여자,65세미만,5,*,0,*,0,0,0,*,0,*
충청북도,단양군,일반,여자,65-69세,21,*,0,*,*,0,*,*,*,*
충청북도,단양군,일반,여자,70-74세,51,*,*,*,10,*,*,6,8,*
충청북도,단양군,일반,여자,75-79세,68,*,0,10,12,6,*,8,*,*
충청북도,단양군,일반,여자,80-84세,113,0,*,18,37,11,*,9,*,5
충청북도,단양군,일반,여자,85세이상,138,*,11,35,55,6,0,8,*,*
충청북도,단양군,기초,남자,65세미만,12,0,0,*,*,0,0,*,0,*
충청북도,단양군,기초,남자,65-69세,16,0,0,*,10,*,0,0,*,0
충청북도,단양군,기초,남자,70-74세,13,0,0,*,5,0,0,0,*,*
충청북도,단양군,기초,남자,75-79세,8,0,0,*,*,0,0,*,0,0
충청북도,단양군,기초,남자,80-84세,14,0,0,*,7,*,0,*,0,0
충청북도,단양군,기초,남자,85세이상,8,0,0,*,*,*,0,*,0,0
충청북도,단양군,기초,여자,65세미만,6,0,0,*,0,0,0,*,*,*
충청북도,단양군,기초,여자,65-69세,13,0,*,0,6,0,0,*,0,0
충청북도,단양군,기초,여자,70-74세,11,0,0,0,6,0,0,*,*,0
충청북도,단양군,기초,여자,75-79세,14,*,0,*,7,0,*,*,*,0
충청북도,단양군,기초,여자,80-84세,39,0,*,9,17,*,*,*,*,0
충청북도,단양군,기초,여자,85세이상,55,*,*,13,33,0,0,*,*,0
충청북도,단양군,의료,남자,70-74세,*,0,0,*,0,0,0,0,0,0
충청북도,단양군,의료,여자,75-79세,*,0,0,0,0,0,0,0,0,0
충청북도,단양군,의료,여자,80-84세,*,0,0,0,0,0,0,0,0,0
충청북도,단양군,의료,여자,85세이상,*,0,0,0,*,*,0,0,0,0
충청북도,단양군,감경,남자,65세미만,5,0,*,*,*,*,0,0,0,0
충청북도,단양군,감경,남자,65-69세,17,*,*,*,9,0,0,0,0,*
충청북도,단양군,감경,남자,70-74세,10,0,*,*,6,0,0,*,0,0
충청북도,단양군,감경,남자,75-79세,24,*,*,9,11,*,0,0,0,0
충청북도,단양군,감경,남자,80-84세,32,*,*,11,13,*,*,0,0,*
충청북도,단양군,감경,남자,85세이상,47,*,7,12,20,*,*,*,0,0
충청북도,단양군,감경,여자,65세미만,5,0,*,*,*,0,0,0,0,0
충청북도,단양군,감경,여자,65-69세,12,0,*,*,*,*,*,0,0,0
충청북도,단양군,감경,여자,70-74세,23,*,*,7,8,0,*,0,0,0
충청북도,단양군,감경,여자,75-79세,52,*,*,15,24,*,*,0,0,0
충청북도,단양군,감경,여자,80-84세,129,*,6,34,66,8,*,0,0,0
충청북도,단양군,감경,여자,85세이상,214,9,20,74,98,5,*,0,0,0
충청남도,천안시,일반,남자,65세미만,125,6,9,19,24,6,*,18,9,6
충청남도,천안시,일반,남자,65-69세,219,6,11,29,49,15,*,28,14,12
충청남도,천안시,일반,남자,70-74세,295,16,18,44,79,26,5,27,14,6
충청남도,천안시,일반,남자,75-79세,418,15,26,69,96,38,23,35,11,15
충청남도,천안시,일반,남자,80-84세,570,17,32,104,155,76,20,28,26,19
충청남도,천안시,일반,남자,85세이상,654,15,36,108,238,102,23,32,19,6
충청남도,천안시,일반,여자,65세미만,118,11,*,23,15,*,*,14,7,8
충청남도,천안시,일반,여자,65-69세,274,9,9,39,45,18,7,34,20,9
충청남도,천안시,일반,여자,70-74세,430,25,21,52,90,30,11,50,20,12
충청남도,천안시,일반,여자,75-79세,812,26,37,118,211,70,32,84,35,19
충청남도,천안시,일반,여자,80-84세,1281,54,83,189,411,162,56,86,37,16
충청남도,천안시,일반,여자,85세이상,1896,87,175,451,686,170,30,46,39,10
충청남도,천안시,기초,남자,65세미만,179,14,12,33,41,17,8,18,5,5
충청남도,천안시,기초,남자,65-69세,215,12,14,27,63,20,6,17,17,9
충청남도,천안시,기초,남자,70-74세,151,9,9,28,54,12,5,6,5,6
충청남도,천안시,기초,남자,75-79세,119,5,9,19,42,14,9,*,6,5
충청남도,천안시,기초,남자,80-84세,98,*,6,15,43,15,*,*,*,*
충청남도,천안시,기초,남자,85세이상,88,6,5,12,38,15,*,*,*,0
충청남도,천안시,기초,여자,65세미만,107,10,9,27,24,5,5,8,9,*
충청남도,천안시,기초,여자,65-69세,161,17,7,20,58,14,*,8,9,6
충청남도,천안시,기초,여자,70-74세,174,8,14,25,56,17,*,11,8,*
충청남도,천안시,기초,여자,75-79세,239,8,18,37,84,34,6,7,9,5
충청남도,천안시,기초,여자,80-84세,331,20,27,68,116,38,15,10,*,*
충청남도,천안시,기초,여자,85세이상,455,35,65,114,164,48,5,6,*,0
충청남도,천안시,의료,남자,65세미만,*,0,0,0,0,0,0,0,*,0
충청남도,천안시,의료,남자,65-69세,*,0,0,0,0,0,0,*,*,0
충청남도,천안시,의료,남자,70-74세,6,0,0,*,*,0,0,0,0,0
충청남도,천안시,의료,남자,75-79세,12,*,*,0,*,*,*,0,0,0
충청남도,천안시,의료,남자,80-84세,*,0,0,0,*,0,0,0,0,0
충청남도,천안시,의료,남자,85세이상,8,0,*,*,*,0,0,0,0,0
충청남도,천안시,의료,여자,65세미만,*,0,0,0,0,0,0,0,0,0
충청남도,천안시,의료,여자,65-69세,*,0,0,0,0,0,*,*,0,0
충청남도,천안시,의료,여자,70-74세,6,0,0,0,*,0,0,*,0,0
충청남도,천안시,의료,여자,75-79세,6,0,0,0,5,0,0,0,*,0
충청남도,천안시,의료,여자,80-84세,13,*,*,*,6,0,0,*,0,0
충청남도,천안시,의료,여자,85세이상,50,*,*,8,23,*,*,*,0,*
충청남도,천안시,감경,남자,65세미만,87,9,14,16,31,6,*,0,0,0
충청남도,천안시,감경,남자,65-69세,158,9,19,49,50,15,7,*,0,0
충청남도,천안시,감경,남자,70-74세,199,8,13,57,96,13,5,*,0,0
충청남도,천안시,감경,남자,75-79세,227,13,19,51,80,42,10,*,0,0
충청남도,천안시,감경,남자,80-84세,266,6,15,66,109,47,18,0,0,0
충청남도,천안시,감경,남자,85세이상,419,11,28,95,187,74,19,0,0,0
충청남도,천안시,감경,여자,65세미만,72,17,8,20,14,5,*,*,0,0
충청남도,천안시,감경,여자,65-69세,147,12,23,38,44,11,*,*,0,0
충청남도,천안시,감경,여자,70-74세,253,27,17,49,95,33,12,*,*,*
충청남도,천안시,감경,여자,75-79세,474,41,33,86,183,75,22,*,*,0
충청남도,천안시,감경,여자,80-84세,1036,66,101,237,431,130,35,*,*,*
충청남도,천안시,감경,여자,85세이상,1914,122,267,512,792,164,23,*,*,0
충청남도,공주시,일반,남자,65세미만,31,0,*,*,8,0,0,7,*,*
충청남도,공주시,일반,남자,65-69세,74,*,*,*,11,*,0,14,9,*
충청남도,공주시,일반,남자,70-74세,96,*,5,16,16,13,*,8,5,*
충청남도,공주시,일반,남자,75-79세,157,*,6,30,41,12,9,6,9,8
충청남도,공주시,일반,남자,80-84세,201,*,*,22,71,30,10,15,6,5
충청남도,공주시,일반,남자,85세이상,328,*,15,60,135,39,12,13,7,7
충청남도,공주시,일반,여자,65세미만,25,*,*,*,*,0,0,*,*,*
충청남도,공주시,일반,여자,65-69세,83,*,*,11,13,*,*,8,10,*
충청남도,공주시,일반,여자,70-74세,149,*,5,15,31,8,*,18,17,*
충청남도,공주시,일반,여자,75-79세,277,5,11,28,67,35,17,17,20,*
충청남도,공주시,일반,여자,80-84세,518,6,19,77,178,69,16,30,21,7
충청남도,공주시,일반,여자,85세이상,742,22,63,177,281,78,16,17,12,*
충청남도,공주시,기초,남자,65세미만,48,*,*,6,11,6,*,5,*,*
충청남도,공주시,기초,남자,65-69세,96,*,6,7,26,11,5,12,7,6
충청남도,공주시,기초,남자,70-74세,64,*,*,10,21,13,*,*,*,*
충청남도,공주시,기초,남자,75-79세,47,0,*,8,10,13,*,*,*,*
충청남도,공주시,기초,남자,80-84세,39,0,*,6,13,9,*,*,0,0
충청남도,공주시,기초,남자,85세이상,32,0,*,*,11,6,*,0,0,0
충청남도,공주시,기초,여자,65세미만,34,*,*,5,11,*,*,0,*,*
충청남도,공주시,기초,여자,65-69세,75,0,*,10,24,9,*,6,5,*
충청남도,공주시,기초,여자,70-74세,58,*,*,13,19,9,*,*,*,*
충청남도,공주시,기초,여자,75-79세,109,5,8,10,39,16,7,6,*,*
충청남도,공주시,기초,여자,80-84세,111,*,7,22,46,13,5,5,0,*
충청남도,공주시,기초,여자,85세이상,187,8,26,46,70,25,*,*,*,*
충청남도,공주시,의료,남자,65세미만,0,0,0,0,0,0,0,0,0,0
충청남도,공주시,의료,남자,65-69세,*,0,0,0,0,0,0,0,0,0
충청남도,공주시,의료,남자,75-79세,*,0,0,0,*,0,0,0,0,0
충청남도,공주시,의료,남자,80-84세,*,0,0,0,0,0,0,0,0,0
충청남도,공주시,의료,남자,85세이상,5,*,0,*,*,*,0,0,0,0
충청남도,공주시,의료,여자,65-69세,*,0,0,0,0,0,0,*,0,0
충청남도,공주시,의료,여자,70-74세,*,0,*,0,0,0,0,0,0,0
충청남도,공주시,의료,여자,75-79세,*,0,*,0,0,0,0,0,*,0
충청남도,공주시,의료,여자,80-84세,5,0,0,0,*,*,0,0,*,0
충청남도,공주시,의료,여자,85세이상,19,*,*,7,6,*,0,0,0,0
충청남도,공주시,감경,남자,65세미만,27,*,*,*,9,*,*,*,0,0
충청남도,공주시,감경,남자,65-69세,55,*,*,16,24,5,*,*,0,0
충청남도,공주시,감경,남자,70-74세,77,*,5,20,32,13,0,0,0,*
충청남도,공주시,감경,남자,75-79세,86,*,*,17,42,16,*,0,0,0
충청남도,공주시,감경,남자,80-84세,136,*,6,31,60,25,5,*,0,0
충청남도,공주시,감경,남자,85세이상,239,6,10,61,121,28,5,0,0,*
충청남도,공주시,감경,여자,65세미만,16,*,*,*,7,0,0,0,0,0
충청남도,공주시,감경,여자,65-69세,53,*,*,15,21,*,0,*,0,0
충청남도,공주시,감경,여자,70-74세,86,5,6,15,27,18,6,0,0,0
충청남도,공주시,감경,여자,75-79세,193,7,9,45,76,31,8,0,*,0
충청남도,공주시,감경,여자,80-84세,432,9,30,84,212,62,11,*,0,*
충청남도,공주시,감경,여자,85세이상,951,33,75,257,408,124,15,0,*,0
충청남도,보령시,일반,남자,65세미만,26,*,*,*,*,*,0,8,*,*
충청남도,보령시,일반,남자,65-69세,73,0,0,11,13,*,*,17,6,*
충청남도,보령시,일반,남자,70-74세,105,*,*,14,30,12,0,20,8,*
충청남도,보령시,일반,남자,75-79세,122,*,*,10,46,10,5,19,6,6
충청남도,보령시,일반,남자,80-84세,189,0,*,20,71,25,5,21,11,9
충청남도,보령시,일반,남자,85세이상,207,0,13,28,97,25,*,16,8,*
충청남도,보령시,일반,여자,65세미만,21,0,*,*,5,*,0,7,*,0
충청남도,보령시,일반,여자,65-69세,71,*,0,*,18,6,0,15,6,*
충청남도,보령시,일반,여자,70-74세,156,*,*,14,39,10,*,30,16,5
충청남도,보령시,일반,여자,75-79세,239,*,5,30,69,24,*,33,19,6
충청남도,보령시,일반,여자,80-84세,425,*,6,48,175,50,6,57,17,7
충청남도,보령시,일반,여자,85세이상,550,*,19,103,277,53,*,29,13,*
충청남도,보령시,기초,남자,65세미만,31,*,0,*,10,*,0,6,*,*
충청남도,보령시,기초,남자,65-69세,71,0,*,9,27,*,*,10,5,5
충청남도,보령시,기초,남자,70-74세,41,0,*,7,14,5,*,*,*,*
충청남도,보령시,기초,남자,75-79세,38,0,*,7,14,5,0,*,*,*
충청남도,보령시,기초,남자,80-84세,36,*,*,6,19,5,0,*,*,0
충청남도,보령시,기초,남자,85세이상,21,0,0,*,14,*,0,0,*,0
충청남도,보령시,기초,여자,65세미만,14,0,0,*,*,0,*,6,*,0
충청남도,보령시,기초,여자,65-69세,64,0,0,6,24,9,0,9,*,*
충청남도,보령시,기초,여자,70-74세,55,0,*,7,20,11,*,*,*,*
충청남도,보령시,기초,여자,75-79세,73,0,0,6,32,10,*,8,*,*
충청남도,보령시,기초,여자,80-84세,101,0,*,19,53,13,*,*,*,*
충청남도,보령시,기초,여자,85세이상,121,0,5,33,67,9,0,*,*,0
충청남도,보령시,의료,남자,65세미만,0,0,0,0,0,0,0,0,0,0
충청남도,보령시,의료,남자,65-69세,*,0,0,0,*,0,0,0,0,0
충청남도,보령시,의료,남자,70-74세,*,0,0,0,0,*,0,0,0,0
충청남도,보령시,의료,남자,75-79세,*,0,0,*,*,0,0,0,0,*
충청남도,보령시,의료,남자,80-84세,*,0,*,0,0,0,0,0,0,0
충청남도,보령시,의료,남자,85세이상,5,0,0,*,*,0,0,*,0,0
충청남도,보령시,의료,여자,65-69세,*,*,0,0,0,0,0,*,0,0
충청남도,보령시,의료,여자,70-74세,*,0,0,*,*,0,0,0,0,0
충청남도,보령시,의료,여자,75-79세,*,0,0,0,*,0,0,0,0,0
충청남도,보령시,의료,여자,80-84세,*,0,0,0,*,0,0,0,*,0
충청남도,보령시,의료,여자,85세이상,15,0,*,*,6,*,0,0,*,0
충청남도,보령시,감경,남자,65세미만,10,0,0,*,*,*,0,0,0,0
충청남도,보령시,감경,남자,65-69세,39,*,*,10,22,*,0,0,*,0
충청남도,보령시,감경,남자,70-74세,50,0,*,8,25,6,*,*,*,0
충청남도,보령시,감경,남자,75-79세,95,*,5,13,54,16,*,*,*,0
충청남도,보령시,감경,남자,80-84세,126,0,6,28,72,18,*,0,*,0
충청남도,보령시,감경,남자,85세이상,178,0,*,32,112,18,9,0,*,*
충청남도,보령시,감경,여자,65세미만,16,*,*,*,7,*,0,0,0,*
충청남도,보령시,감경,여자,65-69세,40,0,*,7,17,8,*,0,*,0
충청남도,보령시,감경,여자,70-74세,79,*,*,9,41,14,*,0,0,0
충청남도,보령시,감경,여자,75-79세,177,0,6,27,95,27,*,*,*,0
충청남도,보령시,감경,여자,80-84세,359,8,15,64,185,49,12,*,0,0
충청남도,보령시,감경,여자,85세이상,761,7,35,181,434,81,8,*,*,0
충청남도,아산시,일반,남자,65세미만,56,*,*,6,*,7,*,7,5,7
충청남도,아산시,일반,남자,65-69세,145,6,*,30,43,*,*,9,12,6
충청남도,아산시,일반,남자,70-74세,151,*,9,32,33,6,*,13,5,7
충청남도,아산시,일반,남자,75-79세,219,*,8,38,74,17,8,12,10,9
충청남도,아산시,일반,남자,80-84세,320,7,11,65,92,44,14,10,7,9
충청남도,아산시,일반,남자,85세이상,424,5,20,81,151,70,17,12,10,6
충청남도,아산시,일반,여자,65세미만,60,*,5,6,10,0,*,8,8,6
충청남도,아산시,일반,여자,65-69세,143,*,7,23,27,7,*,15,7,7
충청남도,아산시,일반,여자,70-74세,262,8,16,39,52,19,9,24,18,5
충청남도,아산시,일반,여자,75-79세,484,13,12,51,134,55,20,55,16,11
충청남도,아산시,일반,여자,80-84세,826,21,39,143,272,94,34,39,24,13
충청남도,아산시,일반,여자,85세이상,1083,34,83,217,424,122,31,35,14,6
충청남도,아산시,기초,남자,65세미만,99,9,*,14,26,11,6,6,*,*
충청남도,아산시,기초,남자,65-69세,156,6,8,22,40,23,11,12,5,8
충청남도,아산시,기초,남자,70-74세,81,*,*,12,29,13,*,5,*,*
충청남도,아산시,기초,남자,75-79세,74,*,*,13,23,10,6,*,*,5
충청남도,아산시,기초,남자,80-84세,78,0,*,11,26,12,7,*,*,*
충청남도,아산시,기초,남자,85세이상,51,0,*,10,24,10,*,*,0,0
충청남도,아산시,기초,여자,65세미만,61,*,*,13,16,8,*,5,*,*
충청남도,아산시,기초,여자,65-69세,108,6,*,12,30,14,5,10,6,*
충청남도,아산시,기초,여자,70-74세,130,5,6,17,47,16,5,*,5,*
충청남도,아산시,기초,여자,75-79세,161,*,8,36,47,21,7,8,*,5
충청남도,아산시,기초,여자,80-84세,222,7,20,47,78,25,8,7,*,*
충청남도,아산시,기초,여자,85세이상,290,19,28,73,107,27,6,5,0,*
충청남도,아산시,의료,남자,65-69세,*,0,0,0,0,0,*,0,0,0
충청남도,아산시,의료,남자,70-74세,*,0,0,*,*,0,0,0,0,0
충청남도,아산시,의료,남자,75-79세,*,0,0,0,0,0,*,0,0,0
충청남도,아산시,의료,남자,80-84세,*,0,0,0,*,0,0,0,0,0
충청남도,아산시,의료,남자,85세이상,9,*,*,*,*,0,0,0,0,0
충청남도,아산시,의료,여자,65-69세,*,0,0,*,0,0,0,0,0,0
충청남도,아산시,의료,여자,70-74세,5,0,0,0,*,*,*,0,0,0
충청남도,아산시,의료,여자,75-79세,*,0,0,0,*,0,*,0,0,0
충청남도,아산시,의료,여자,80-84세,12,0,0,*,6,0,0,0,0,0
충청남도,아산시,의료,여자,85세이상,24,0,5,5,7,*,0,*,0,0
충청남도,아산시,감경,남자,65세미만,48,*,*,16,15,*,*,0,0,0
충청남도,아산시,감경,남자,65-69세,81,*,5,36,20,10,*,*,0,0
충청남도,아산시,감경,남자,70-74세,108,*,5,28,46,14,9,0,*,0
충청남도,아산시,감경,남자,75-79세,127,7,7,32,44,20,12,0,0,0
충청남도,아산시,감경,남자,80-84세,191,7,7,48,79,28,13,0,*,0
충청남도,아산시,감경,남자,85세이상,226,8,19,56,102,29,5,0,0,0
충청남도,아산시,감경,여자,65세미만,31,9,*,*,9,*,0,0,0,0
충청남도,아산시,감경,여자,65-69세,80,5,*,14,37,12,*,0,0,0
충청남도,아산시,감경,여자,70-74세,137,7,11,31,58,14,11,0,0,0
충청남도,아산시,감경,여자,75-79세,292,17,32,73,101,37,11,*,*,*
충청남도,아산시,감경,여자,80-84세,553,18,33,145,229,83,18,*,0,0
충청남도,아산시,감경,여자,85세이상,1126,47,113,320,487,108,26,0,0,0
충청남도,서산시,일반,남자,65세미만,40,0,*,9,12,*,*,*,*,*
충청남도,서산시,일반,남자,65-69세,125,5,5,20,39,6,0,19,*,*
충청남도,서산시,일반,남자,70-74세,170,*,*,18,72,*,*,22,7,7
충청남도,서산시,일반,남자,75-79세,271,6,10,38,104,24,5,21,14,9
충청남도,서산시,일반,남자,80-84세,329,6,15,54,147,30,9,16,7,8
충청남도,서산시,일반,남자,85세이상,391,6,14,74,204,27,5,8,9,10
충청남도,서산시,일반,여자,65세미만,30,*,*,*,7,*,0,7,0,0
충청남도,서산시,일반,여자,65-69세,125,*,*,11,29,*,0,23,9,0
충청남도,서산시,일반,여자,70-74세,205,*,*,21,61,11,*,26,17,7
충청남도,서산시,일반,여자,75-79세,371,6,12,43,146,30,8,29,15,6
충청남도,서산시,일반,여자,80-84세,716,11,28,112,313,57,19,47,20,6
충청남도,서산시,일반,여자,85세이상,1026,27,68,248,498,63,8,25,8,*
충청남도,서산시,기초,남자,65세미만,61,*,6,10,28,*,0,6,*,0
충청남도,서산시,기초,남자,65-69세,70,*,*,9,34,5,*,*,5,*
충청남도,서산시,기초,남자,70-74세,72,*,*,10,21,12,*,7,5,*
충청남도,서산시,기초,남자,75-79세,63,0,*,12,24,9,*,*,*,*
충청남도,서산시,기초,남자,80-84세,47,*,*,*,24,6,*,*,*,*
충청남도,서산시,기초,남자,85세이상,38,0,*,9,19,*,*,*,0,0
충청남도,서산시,기초,여자,65세미만,26,*,*,5,6,*,*,*,0,0
충청남도,서산시,기초,여자,65-69세,59,*,*,5,29,5,*,5,6,0
충청남도,서산시,기초,여자,70-74세,66,*,*,11,24,*,0,7,*,*
충청남도,서산시,기초,여자,75-79세,81,*,8,15,38,*,*,*,*,*
충청남도,서산시,기초,여자,80-84세,118,*,7,20,66,15,*,*,0,*
충청남도,서산시,기초,여자,85세이상,156,10,11,52,69,7,0,0,*,0
충청남도,서산시,의료,남자,65세미만,0,0,0,0,0,0,0,0,0,0
충청남도,서산시,의료,남자,65-69세,*,0,0,0,0,*,0,0,0,0
충청남도,서산시,의료,남자,70-74세,0,0,0,0,0,0,0,0,0,0
충청남도,서산시,의료,남자,75-79세,*,0,0,*,*,0,0,0,0,0
충청남도,서산시,의료,남자,80-84세,*,0,0,0,*,*,0,0,0,0
충청남도,서산시,의료,남자,85세이상,5,0,0,*,*,0,0,0,0,0
충청남도,서산시,의료,여자,65세미만,0,0,0,0,0,0,0,0,0,0
충청남도,서산시,의료,여자,65-69세,*,0,0,*,0,0,0,0,0,0
충청남도,서산시,의료,여자,70-74세,0,0,0,0,0,0,0,0,0,0
충청남도,서산시,의료,여자,75-79세,*,0,0,*,*,*,0,0,0,0
충청남도,서산시,의료,여자,80-84세,*,0,0,0,*,*,0,0,0,0
충청남도,서산시,의료,여자,85세이상,22,*,*,5,14,0,0,0,0,0
충청남도,서산시,감경,남자,65세미만,28,*,*,6,9,*,0,*,0,0
충청남도,서산시,감경,남자,65-69세,56,0,*,15,27,6,*,0,0,0
충청남도,서산시,감경,남자,70-74세,80,*,5,23,41,*,0,*,0,0
충청남도,서산시,감경,남자,75-79세,135,*,6,26,85,10,*,0,0,0
충청남도,서산시,감경,남자,80-84세,182,5,12,40,95,15,9,0,0,0
충청남도,서산시,감경,남자,85세이상,291,8,22,67,160,23,8,0,0,0
충청남도,서산시,감경,여자,65세미만,21,*,*,*,10,*,*,0,0,0
충청남도,서산시,감경,여자,65-69세,67,5,*,11,35,5,0,0,0,0
충청남도,서산시,감경,여자,70-74세,109,6,5,17,57,7,*,*,0,0
충청남도,서산시,감경,여자,75-79세,248,8,20,54,125,18,7,*,0,0
충청남도,서산시,감경,여자,80-84세,531,17,35,115,285,43,8,*,0,0
충청남도,서산시,감경,여자,85세이상,1091,26,110,331,536,57,8,*,*,0
충청남도,논산시,일반,남자,65세미만,33,0,0,6,*,*,0,6,*,*
충청남도,논산시,일반,남자,65-69세,71,*,*,5,9,*,0,14,8,5
충청남도,논산시,일반,남자,70-74세,130,*,*,15,26,9,*,16,12,8
충청남도,논산시,일반,남자,75-79세,166,5,5,30,48,13,*,19,12,*
충청남도,논산시,일반,남자,80-84세,252,*,5,50,74,27,*,15,12,18
충청남도,논산시,일반,남자,85세이상,272,*,10,52,106,34,6,11,6,9
충청남도,논산시,일반,여자,65세미만,28,*,0,*,5,0,*,*,*,6
충청남도,논산시,일반,여자,65-69세,89,0,*,9,7,5,*,9,13,7
충청남도,논산시,일반,여자,70-74세,190,5,5,19,49,8,5,22,23,*
충청남도,논산시,일반,여자,75-79세,344,8,9,39,99,23,6,44,26,9
충청남도,논산시,일반,여자,80-84세,525,8,13,80,195,54,21,44,27,11
충청남도,논산시,일반,여자,85세이상,735,31,46,165,306,61,6,27,19,*
충청남도,논산시,기초,남자,65세미만,91,6,6,11,22,5,*,13,6,5
충청남도,논산시,기초,남자,65-69세,103,*,7,11,22,11,*,11,10,9
충청남도,논산시,기초,남자,70-74세,98,0,*,24,34,9,*,9,5,*
충청남도,논산시,기초,남자,75-79세,77,*,*,8,26,15,*,5,*,*
충청남도,논산시,기초,남자,80-84세,68,0,*,14,29,8,*,0,*,*
충청남도,논산시,기초,남자,85세이상,40,0,*,11,15,5,0,*,*,*
충청남도,논산시,기초,여자,65세미만,59,*,5,7,16,*,*,8,8,*
충청남도,논산시,기초,여자,65-69세,96,*,*,23,27,*,*,10,7,7
충청남도,논산시,기초,여자,70-74세,87,*,6,11,31,7,6,6,6,0
충청남도,논산시,기초,여자,75-79세,121,*,8,14,51,14,*,7,*,*
충청남도,논산시,기초,여자,80-84세,179,7,11,30,87,15,*,*,*,*
충청남도,논산시,기초,여자,85세이상,258,9,28,72,112,21,0,*,5,0
충청남도,논산시,의료,남자,65-69세,*,0,0,0,0,0,0,0,0,*
충청남도,논산시,의료,남자,70-74세,*,*,0,0,0,0,0,0,0,0
충청남도,논산시,의료,남자,75-79세,5,0,*,*,0,*,0,*,0,*
충청남도,논산시,의료,남자,80-84세,*,0,0,0,0,*,0,*,0,0
충청남도,논산시,의료,남자,85세이상,*,*,0,0,*,*,0,0,0,0
충청남도,논산시,의료,여자,65-69세,0,0,0,0,0,0,0,0,0,0
충청남도,논산시,의료,여자,70-74세,6,0,*,0,*,0,*,0,*,0
충청남도,논산시,의료,여자,75-79세,*,*,0,0,0,0,0,0,0,0
충청남도,논산시,의료,여자,80-84세,8,0,0,*,*,*,0,0,0,0
충청남도,논산시,의료,여자,85세이상,32,*,*,9,14,*,0,0,0,0
충청남도,논산시,감경,남자,65세미만,20,0,*,5,8,*,*,0,0,0
충청남도,논산시,감경,남자,65-69세,57,*,*,21,26,*,0,0,0,0
충청남도,논산시,감경,남자,70-74세,80,*,7,19,36,6,0,*,0,0
충청남도,논산시,감경,남자,75-79세,118,5,5,35,42,17,6,0,*,0
충청남도,논산시,감경,남자,80-84세,196,*,12,53,79,39,*,*,0,0
충청남도,논산시,감경,남자,85세이상,277,11,14,71,136,33,8,0,*,0
충청남도,논산시,감경,여자,65세미만,20,*,*,*,8,*,0,0,0,0
충청남도,논산시,감경,여자,65-69세,61,*,*,14,24,6,*,*,*,0
충청남도,논산시,감경,여자,70-74세,116,*,7,21,53,19,7,0,0,0
충청남도,논산시,감경,여자,75-79세,266,9,15,53,126,33,12,*,*,0
충청남도,논산시,감경,여자,80-84세,652,32,33,138,325,83,10,0,*,*
충청남도,논산시,감경,여자,85세이상,1237,43,106,363,583,108,15,0,*,0
충청남도,계룡시,일반,남자,65세미만,7,*,0,*,*,0,0,*,0,0
충청남도,계룡시,일반,남자,65-69세,16,0,*,*,*,*,*,*,*,*
충청남도,계룡시,일반,남자,70-74세,24,0,0,5,6,*,*,0,0,*
충청남도,계룡시,일반,남자,75-79세,23,0,0,8,*,0,0,*,*,0
충청남도,계룡시,일반,남자,80-84세,29,*,0,*,9,6,0,*,*,0
충청남도,계룡시,일반,남자,85세이상,37,0,*,*,20,*,*,5,*,*
충청남도,계룡시,일반,여자,65세미만,7,*,0,*,*,0,0,*,0,0
충청남도,계룡시,일반,여자,65-69세,22,*,0,0,*,*,*,5,*,0
충청남도,계룡시,일반,여자,70-74세,33,*,0,*,7,*,0,7,*,0
충청남도,계룡시,일반,여자,75-79세,31,*,0,*,8,*,0,6,*,*
충청남도,계룡시,일반,여자,80-84세,86,*,0,9,30,12,*,*,*,0
충청남도,계룡시,일반,여자,85세이상,115,*,5,23,38,14,*,16,*,0
충청남도,계룡시,기초,남자,65세미만,8,0,*,*,0,*,0,*,0,0
충청남도,계룡시,기초,남자,65-69세,9,0,0,*,*,*,*,0,0,0
충청남도,계룡시,기초,남자,70-74세,5,0,0,0,*,0,*,0,0,0
충청남도,계룡시,기초,남자,75-79세,*,0,0,*,0,0,*,0,0,0
충청남도,계룡시,기초,남자,80-84세,8,0,0,0,5,0,0,*,0,0
충청남도,계룡시,기초,남자,85세이상,6,0,0,0,*,*,0,0,*,0
충청남도,계룡시,기초,여자,65세미만,7,*,0,*,*,*,*,0,0,0
충청남도,계룡시,기초,여자,65-69세,6,0,0,*,*,0,0,0,*,0
충청남도,계룡시,기초,여자,70-74세,13,0,*,0,7,0,*,*,0,*
충청남도,계룡시,기초,여자,75-79세,10,0,*,*,*,*,0,0,0,0
충청남도,계룡시,기초,여자,80-84세,17,0,*,*,8,*,0,*,0,0
충청남도,계룡시,기초,여자,85세이상,30,*,7,7,6,*,0,0,0,0
충청남도,계룡시,의료,남자,70-74세,*,0,0,0,0,0,0,0,0,*
충청남도,계룡시,의료,남자,75-79세,*,0,0,0,*,0,0,0,0,0
충청남도,계룡시,의료,여자,80-84세,0,0,0,0,0,0,0,0,0,0
충청남도,계룡시,의료,여자,85세이상,*,0,0,0,*,0,0,0,0,0
충청남도,계룡시,감경,남자,65세미만,5,*,*,*,0,0,0,0,0,*
충청남도,계룡시,감경,남자,65-69세,*,0,0,*,*,*,0,0,0,0
충청남도,계룡시,감경,남자,70-74세,12,*,0,*,5,*,0,0,0,0
충청남도,계룡시,감경,남자,75-79세,15,*,0,*,*,*,*,0,0,0
충청남도,계룡시,감경,남자,80-84세,18,0,0,*,9,5,0,*,0,0
충청남도,계룡시,감경,남자,85세이상,36,0,0,11,17,8,0,0,0,0
충청남도,계룡시,감경,여자,65세미만,*,0,0,*,*,0,0,0,0,0
충청남도,계룡시,감경,여자,65-69세,9,0,*,*,*,0,0,0,0,0
충청남도,계룡시,감경,여자,70-74세,12,0,0,*,7,*,*,0,0,0
충청남도,계룡시,감경,여자,75-79세,28,*,*,*,13,*,*,0,0,0
충청남도,계룡시,감경,여자,80-84세,82,*,*,16,38,16,*,*,0,*
충청남도,계룡시,감경,여자,85세이상,190,5,17,54,88,21,*,0,0,0
충청남도,당진시,일반,남자,65세미만,36,*,*,6,9,*,0,5,*,*
충청남도,당진시,일반,남자,65-69세,93,*,*,14,22,*,*,10,*,*
충청남도,당진시,일반,남자,70-74세,132,0,*,26,43,9,*,11,8,*
충청남도,당진시,일반,남자,75-79세,237,*,9,28,102,12,*,17,16,9
충청남도,당진시,일반,남자,80-84세,346,*,9,69,149,35,*,19,12,6
충청남도,당진시,일반,남자,85세이상,454,*,16,101,229,43,*,5,11,*
충청남도,당진시,일반,여자,65세미만,25,*,*,7,7,0,*,*,0,0
충청남도,당진시,일반,여자,65-69세,110,*,*,11,28,0,*,15,7,5
충청남도,당진시,일반,여자,70-74세,212,*,6,33,78,8,*,11,8,*
충청남도,당진시,일반,여자,75-79세,386,7,10,50,145,23,10,24,14,6
충청남도,당진시,일반,여자,80-84세,736,10,28,156,351,54,6,24,9,6
충청남도,당진시,일반,여자,85세이상,1059,16,64,307,517,55,*,13,5,*
충청남도,당진시,기초,남자,65세미만,58,*,7,12,19,0,0,5,*,*
충청남도,당진시,기초,남자,65-69세,71,*,*,13,31,5,0,5,*,*
충청남도,당진시,기초,남자,70-74세,45,*,*,15,14,*,0,0,*,0
충청남도,당진시,기초,남자,75-79세,43,*,*,7,24,*,0,*,*,*
충청남도,당진시,기초,남자,80-84세,43,*,*,6,24,*,0,0,*,0
충청남도,당진시,기초,남자,85세이상,25,*,*,*,10,*,0,*,0,0
충청남도,당진시,기초,여자,65세미만,22,0,*,7,*,*,0,*,*,*
충청남도,당진시,기초,여자,65-69세,55,*,*,9,20,*,*,*,7,*
충청남도,당진시,기초,여자,70-74세,61,*,7,10,24,*,0,*,*,*
충청남도,당진시,기초,여자,75-79세,61,*,*,10,32,*,0,*,0,*
충청남도,당진시,기초,여자,80-84세,81,*,7,12,39,10,0,0,*,0
충청남도,당진시,기초,여자,85세이상,132,*,17,43,55,5,0,*,0,*
충청남도,당진시,의료,남자,65-69세,0,0,0,0,0,0,0,0,0,0
충청남도,당진시,의료,남자,75-79세,*,0,0,0,0,*,*,0,0,0
충청남도,당진시,의료,남자,80-84세,*,0,0,0,0,*,0,0,0,0
충청남도,당진시,의료,남자,85세이상,5,*,0,0,*,*,0,*,0,0
충청남도,당진시,의료,여자,65-69세,*,0,0,0,*,0,0,0,0,0
충청남도,당진시,의료,여자,70-74세,*,0,0,*,*,0,0,0,0,0
충청남도,당진시,의료,여자,75-79세,6,0,0,*,*,*,0,0,0,0
충청남도,당진시,의료,여자,80-84세,5,0,0,*,*,*,0,0,0,0
충청남도,당진시,의료,여자,85세이상,15,0,*,*,8,*,0,*,0,0
충청남도,당진시,감경,남자,65세미만,21,0,5,7,6,*,0,*,0,*
충청남도,당진시,감경,남자,65-69세,48,*,*,9,28,*,*,0,*,0
충청남도,당진시,감경,남자,70-74세,85,*,5,32,32,9,*,*,*,0
충청남도,당진시,감경,남자,75-79세,98,0,5,18,62,8,*,*,0,0
충청남도,당진시,감경,남자,80-84세,115,0,6,38,58,9,*,0,0,0
충청남도,당진시,감경,남자,85세이상,227,*,19,47,134,18,*,0,*,0
충청남도,당진시,감경,여자,65세미만,27,*,8,5,7,*,*,0,0,0
충청남도,당진시,감경,여자,65-69세,44,*,5,8,20,*,0,0,*,*
충청남도,당진시,감경,여자,70-74세,88,5,*,20,38,5,*,*,0,0
충청남도,당진시,감경,여자,75-79세,209,*,13,55,97,12,*,*,*,0
충청남도,당진시,감경,여자,80-84세,442,5,21,120,246,29,*,*,*,0
충청남도,당진시,감경,여자,85세이상,883,17,84,292,439,40,*,0,0,0
충청남도,금산군,일반,남자,65세미만,11,*,*,0,*,*,0,*,0,*
충청남도,금산군,일반,남자,65-69세,38,*,0,5,7,*,0,7,*,7
충청남도,금산군,일반,남자,70-74세,50,0,*,8,16,*,0,6,*,0
충청남도,금산군,일반,남자,75-79세,84,*,0,9,20,10,*,7,8,*
충청남도,금산군,일반,남자,80-84세,134,0,*,15,51,22,7,*,8,*
충청남도,금산군,일반,남자,85세이상,150,*,6,19,68,30,6,5,*,0
충청남도,금산군,일반,여자,65세미만,12,0,*,*,*,0,0,*,0,*
충청남도,금산군,일반,여자,65-69세,44,0,*,*,5,*,*,9,5,5
충청남도,금산군,일반,여자,70-74세,95,0,*,9,21,10,7,12,8,*
충청남도,금산군,일반,여자,75-79세,178,0,*,26,33,17,10,17,17,*
충청남도,금산군,일반,여자,80-84세,279,*,10,29,105,48,9,13,11,*
충청남도,금산군,일반,여자,85세이상,348,5,15,50,147,83,*,8,*,0
충청남도,금산군,기초,남자,65세미만,29,*,0,*,5,7,*,6,*,*
충청남도,금산군,기초,남자,65-69세,50,0,*,10,14,13,*,*,*,*
충청남도,금산군,기초,남자,70-74세,32,0,0,*,12,13,*,0,*,0
충청남도,금산군,기초,남자,75-79세,21,0,0,5,5,*,*,*,0,*
충청남도,금산군,기초,남자,80-84세,25,*,*,*,8,6,*,*,0,*
충청남도,금산군,기초,남자,85세이상,18,0,*,*,10,*,0,0,0,0
충청남도,금산군,기초,여자,65세미만,13,0,0,*,5,*,*,*,*,0
충청남도,금산군,기초,여자,65-69세,24,0,*,0,8,6,*,*,*,0
충청남도,금산군,기초,여자,70-74세,17,*,0,*,5,*,*,0,*,0
충청남도,금산군,기초,여자,75-79세,35,0,*,7,15,6,0,*,*,0
충청남도,금산군,기초,여자,80-84세,66,*,*,6,41,9,*,*,*,0
충청남도,금산군,기초,여자,85세이상,77,*,*,18,33,15,0,*,*,0
충청남도,금산군,의료,남자,65-69세,*,0,0,0,*,0,0,0,0,0
충청남도,금산군,의료,남자,70-74세,0,0,0,0,0,0,0,0,0,0
충청남도,금산군,의료,남자,75-79세,*,0,0,0,0,0,*,0,*,0
충청남도,금산군,의료,남자,80-84세,*,0,0,0,0,*,0,0,0,0
충청남도,금산군,의료,남자,85세이상,*,0,0,*,0,0,0,0,0,0
충청남도,금산군,의료,여자,65-69세,0,0,0,0,0,0,0,0,0,0
충청남도,금산군,의료,여자,70-74세,*,0,0,0,*,0,0,0,*,0
충청남도,금산군,의료,여자,75-79세,*,0,0,0,*,*,0,0,0,0
충청남도,금산군,의료,여자,80-84세,7,0,*,0,*,0,0,0,*,0
충청남도,금산군,의료,여자,85세이상,9,0,*,*,*,0,0,0,0,0
충청남도,금산군,감경,남자,65세미만,8,0,0,*,*,*,0,0,0,*
충청남도,금산군,감경,남자,65-69세,25,*,*,*,11,*,*,0,0,*
충청남도,금산군,감경,남자,70-74세,50,*,*,17,16,9,*,0,0,0
충청남도,금산군,감경,남자,75-79세,71,*,*,9,36,13,*,0,0,0
충청남도,금산군,감경,남자,80-84세,105,*,5,23,46,23,*,0,0,0
충청남도,금산군,감경,남자,85세이상,158,*,6,30,81,33,7,0,0,0
충청남도,금산군,감경,여자,65세미만,*,0,0,*,0,0,0,0,0,*
충청남도,금산군,감경,여자,65-69세,24,*,*,*,10,*,*,0,0,0
충청남도,금산군,감경,여자,70-74세,75,*,6,12,29,11,6,0,0,0
충청남도,금산군,감경,여자,75-79세,134,0,12,17,59,31,6,0,0,0
충청남도,금산군,감경,여자,80-84세,350,6,15,73,158,80,7,0,0,0
충청남도,금산군,감경,여자,85세이상,602,12,51,136,290,101,5,0,0,0
충청남도,연기군,일반,남자,65-69세,0,0,0,0,0,0,0,0,0,0
충청남도,연기군,일반,남자,75-79세,0,0,0,0,0,0,0,0,0,0
충청남도,연기군,일반,여자,65-69세,0,0,0,0,0,0,0,0,0,0
충청남도,연기군,일반,여자,75-79세,0,0,0,0,0,0,0,0,0,0
충청남도,부여군,일반,남자,65세미만,15,0,0,*,*,*,*,*,0,*
충청남도,부여군,일반,남자,65-69세,62,*,*,*,10,*,*,12,8,6
충청남도,부여군,일반,남자,70-74세,64,0,*,7,18,5,*,*,7,*
충청남도,부여군,일반,남자,75-79세,101,*,*,6,31,14,*,7,7,5
충청남도,부여군,일반,남자,80-84세,171,0,*,15,61,35,11,12,5,*
충청남도,부여군,일반,남자,85세이상,212,0,6,25,72,52,6,10,6,*
충청남도,부여군,일반,여자,65세미만,12,0,0,*,*,0,*,*,*,*
충청남도,부여군,일반,여자,65-69세,63,*,*,5,6,*,*,12,6,7
충청남도,부여군,일반,여자,70-74세,125,0,0,10,20,11,9,14,17,11
충청남도,부여군,일반,여자,75-79세,176,0,*,13,36,23,10,15,19,8
충청남도,부여군,일반,여자,80-84세,339,6,6,22,95,69,10,38,15,5
충청남도,부여군,일반,여자,85세이상,549,11,15,67,224,117,9,18,22,5
충청남도,부여군,기초,남자,65세미만,32,*,*,*,11,*,0,*,*,*
충청남도,부여군,기초,남자,65-69세,40,0,0,5,12,6,5,*,*,*
충청남도,부여군,기초,남자,70-74세,37,0,*,6,10,6,*,*,*,*
충청남도,부여군,기초,남자,75-79세,24,0,*,*,11,*,*,*,*,*
충청남도,부여군,기초,남자,80-84세,29,0,*,*,10,9,*,0,0,*
충청남도,부여군,기초,남자,85세이상,20,0,*,*,10,*,0,0,0,0
충청남도,부여군,기초,여자,65세미만,17,*,*,*,*,*,0,*,*,*
충청남도,부여군,기초,여자,65-69세,23,0,*,*,*,*,*,*,*,*
충청남도,부여군,기초,여자,70-74세,38,0,*,5,13,5,*,6,*,*
충청남도,부여군,기초,여자,75-79세,50,*,*,*,17,9,*,*,0,*
충청남도,부여군,기초,여자,80-84세,61,0,*,7,26,13,*,*,*,0
충청남도,부여군,기초,여자,85세이상,115,5,10,25,45,14,*,0,*,0
충청남도,부여군,의료,남자,65-69세,*,0,0,0,0,0,0,*,0,0
충청남도,부여군,의료,남자,70-74세,*,0,0,0,0,0,0,0,0,0
충청남도,부여군,의료,남자,75-79세,*,0,0,0,0,0,0,*,0,0
충청남도,부여군,의료,남자,80-84세,0,0,0,0,0,0,0,0,0,0
충청남도,부여군,의료,남자,85세이상,*,0,0,0,0,*,0,0,0,0
충청남도,부여군,의료,여자,65세미만,0,0,0,0,0,0,0,0,0,0
충청남도,부여군,의료,여자,65-69세,*,0,0,0,*,0,0,0,0,0
충청남도,부여군,의료,여자,70-74세,*,0,0,0,0,*,0,0,0,0
충청남도,부여군,의료,여자,75-79세,*,0,0,0,0,0,0,0,0,0
충청남도,부여군,의료,여자,80-84세,*,0,0,*,0,0,*,0,0,0
충청남도,부여군,의료,여자,85세이상,18,*,0,*,7,*,*,*,0,0
충청남도,부여군,감경,남자,65세미만,9,*,0,*,0,*,0,0,0,0
충청남도,부여군,감경,남자,65-69세,28,*,0,5,11,*,*,0,*,0
충청남도,부여군,감경,남자,70-74세,40,0,*,6,17,8,*,0,0,0
충청남도,부여군,감경,남자,75-79세,49,0,*,8,20,13,*,0,0,0
충청남도,부여군,감경,남자,80-84세,115,*,7,18,41,36,8,0,0,0
충청남도,부여군,감경,남자,85세이상,238,*,5,48,112,61,7,0,0,0
충청남도,부여군,감경,여자,65세미만,12,*,0,*,7,*,0,0,0,0
충청남도,부여군,감경,여자,65-69세,30,*,*,5,11,*,5,0,*,0
충청남도,부여군,감경,여자,70-74세,55,*,*,7,18,13,5,0,*,0
충청남도,부여군,감경,여자,75-79세,135,*,6,18,51,39,10,*,*,0
충청남도,부여군,감경,여자,80-84세,341,6,23,45,152,86,19,*,0,0
충청남도,부여군,감경,여자,85세이상,812,18,52,152,384,170,20,*,*,0
충청남도,서천군,일반,남자,65세미만,13,0,0,0,*,*,0,*,*,0
충청남도,서천군,일반,남자,65-69세,39,*,*,*,9,0,0,5,*,*
충청남도,서천군,일반,남자,70-74세,69,*,0,10,22,6,*,6,*,*
충청남도,서천군,일반,남자,75-79세,101,*,0,13,29,7,*,12,5,5
충청남도,서천군,일반,남자,80-84세,130,0,*,15,57,25,*,6,*,*
충청남도,서천군,일반,남자,85세이상,202,*,6,36,78,34,5,12,*,*
충청남도,서천군,일반,여자,65세미만,12,*,0,*,*,*,*,*,0,0
충청남도,서천군,일반,여자,65-69세,60,*,*,7,18,0,0,8,*,*
충청남도,서천군,일반,여자,70-74세,90,*,*,12,13,9,*,19,8,5
충청남도,서천군,일반,여자,75-79세,167,*,*,23,37,20,5,17,8,13
충청남도,서천군,일반,여자,80-84세,329,6,8,38,101,48,12,27,17,15
충청남도,서천군,일반,여자,85세이상,432,13,11,83,200,35,11,21,14,6
충청남도,서천군,기초,남자,65세미만,27,0,0,5,5,*,0,*,*,*
충청남도,서천군,기초,남자,65-69세,45,0,*,*,12,8,0,*,6,*
충청남도,서천군,기초,남자,70-74세,41,0,0,7,11,9,*,*,*,*
충청남도,서천군,기초,남자,75-79세,21,0,0,*,11,*,0,*,*,*
충청남도,서천군,기초,남자,80-84세,22,0,*,*,7,*,0,*,0,0
충청남도,서천군,기초,남자,85세이상,19,*,*,*,7,*,*,*,0,0
충청남도,서천군,기초,여자,65세미만,12,0,*,*,*,0,0,*,0,0
충청남도,서천군,기초,여자,65-69세,37,0,*,*,10,*,*,*,6,*
충청남도,서천군,기초,여자,70-74세,39,0,*,8,20,*,0,*,*,0
충청남도,서천군,기초,여자,75-79세,51,0,*,8,20,5,*,5,*,0
충청남도,서천군,기초,여자,80-84세,68,*,5,14,31,9,*,*,*,0
충청남도,서천군,기초,여자,85세이상,112,6,12,27,46,11,*,*,*,0
충청남도,서천군,의료,남자,65-69세,*,0,0,0,0,0,0,0,*,0
충청남도,서천군,의료,남자,70-74세,0,0,0,0,0,0,0,0,0,0
충청남도,서천군,의료,남자,75-79세,*,0,0,0,0,0,0,*,0,0
충청남도,서천군,의료,남자,80-84세,*,0,0,0,*,0,0,0,0,0
충청남도,서천군,의료,남자,85세이상,5,0,0,0,*,0,0,*,0,0
충청남도,서천군,의료,여자,65세미만,*,0,0,0,0,0,0,*,0,0
충청남도,서천군,의료,여자,70-74세,*,0,0,0,0,*,0,0,0,0
충청남도,서천군,의료,여자,75-79세,*,0,0,0,0,0,0,*,0,0
충청남도,서천군,의료,여자,80-84세,5,*,0,*,*,0,0,0,0,0
충청남도,서천군,의료,여자,85세이상,21,0,*,*,8,5,0,0,*,*
충청남도,서천군,감경,남자,65세미만,9,*,*,*,*,0,0,0,0,0
충청남도,서천군,감경,남자,65-69세,21,*,*,*,7,*,*,0,0,0
충청남도,서천군,감경,남자,70-74세,40,0,*,*,24,6,*,0,0,0
충청남도,서천군,감경,남자,75-79세,82,*,*,19,40,6,5,0,0,*
충청남도,서천군,감경,남자,80-84세,95,*,5,18,41,19,*,*,0,0
충청남도,서천군,감경,남자,85세이상,182,*,16,29,94,30,7,0,0,*
충청남도,서천군,감경,여자,65세미만,9,0,0,*,*,*,0,0,0,*
충청남도,서천군,감경,여자,65-69세,32,*,*,*,13,6,*,*,0,0
충청남도,서천군,감경,여자,70-74세,67,*,*,9,33,8,*,*,*,0
충청남도,서천군,감경,여자,75-79세,123,*,*,15,60,18,8,*,*,0
충청남도,서천군,감경,여자,80-84세,323,9,11,58,156,65,7,0,0,*
충청남도,서천군,감경,여자,85세이상,732,19,52,163,385,82,10,*,*,0
충청남도,청양군,일반,남자,65세미만,10,0,0,*,*,0,0,*,*,*
충청남도,청양군,일반,남자,65-69세,17,0,0,*,5,0,*,*,*,0
충청남도,청양군,일반,남자,70-74세,38,*,*,10,*,*,*,5,7,0
충청남도,청양군,일반,남자,75-79세,44,*,*,*,9,7,*,*,6,*
충청남도,청양군,일반,남자,80-84세,85,*,*,10,28,10,*,9,10,*
충청남도,청양군,일반,남자,85세이상,132,*,9,21,52,13,*,12,7,*
충청남도,청양군,일반,여자,65세미만,5,0,0,0,0,0,0,*,0,*
충청남도,청양군,일반,여자,65-69세,22,0,0,*,0,0,0,*,*,*
충청남도,청양군,일반,여자,70-74세,57,0,*,5,10,*,*,9,7,*
충청남도,청양군,일반,여자,75-79세,108,0,*,8,29,9,0,11,7,5
충청남도,청양군,일반,여자,80-84세,200,*,*,23,75,24,*,17,23,*
충청남도,청양군,일반,여자,85세이상,292,*,13,47,121,34,6,19,8,0
충청남도,청양군,기초,남자,65세미만,13,0,*,*,*,*,0,*,0,0
충청남도,청양군,기초,남자,65-69세,14,0,*,*,6,0,0,*,*,0
충청남도,청양군,기초,남자,70-74세,12,*,0,*,*,*,0,0,0,0
충청남도,청양군,기초,남자,75-79세,10,0,0,*,*,0,0,*,0,*
충청남도,청양군,기초,남자,80-84세,*,0,0,*,*,0,0,0,0,0
충청남도,청양군,기초,남자,85세이상,*,0,*,0,*,0,0,0,0,0
충청남도,청양군,기초,여자,65세미만,7,0,0,*,0,0,0,*,*,*
충청남도,청양군,기초,여자,65-69세,12,*,0,*,*,0,0,0,*,*
충청남도,청양군,기초,여자,70-74세,16,0,*,*,*,*,0,*,*,*
충청남도,청양군,기초,여자,75-79세,15,0,0,*,6,*,*,*,0,0
충청남도,청양군,기초,여자,80-84세,30,0,*,7,11,*,*,*,0,*
충청남도,청양군,기초,여자,85세이상,37,0,5,11,11,5,*,*,0,0
충청남도,청양군,의료,남자,65-69세,0,0,0,0,0,0,0,0,0,0
충청남도,청양군,의료,남자,70-74세,*,0,0,0,0,0,0,*,0,0
충청남도,청양군,의료,남자,75-79세,0,0,0,0,0,0,0,0,0,0
충청남도,청양군,의료,남자,80-84세,*,0,0,0,*,0,0,0,0,0
충청남도,청양군,의료,남자,85세이상,*,0,0,*,0,*,0,0,0,0
충청남도,청양군,의료,여자,65-69세,0,0,0,0,0,0,0,0,0,0
충청남도,청양군,의료,여자,70-74세,0,0,0,0,0,0,0,0,0,0
충청남도,청양군,의료,여자,75-79세,0,0,0,0,0,0,0,0,0,0
충청남도,청양군,의료,여자,80-84세,5,0,*,*,*,0,0,0,*,0
충청남도,청양군,의료,여자,85세이상,6,0,*,*,*,*,0,0,0,0
충청남도,청양군,감경,남자,65세미만,8,0,0,*,*,*,0,0,0,0
충청남도,청양군,감경,남자,65-69세,7,0,*,*,*,0,*,0,0,0
충청남도,청양군,감경,남자,70-74세,18,0,*,*,9,0,0,0,0,*
충청남도,청양군,감경,남자,75-79세,26,*,*,10,9,*,0,0,0,0
충청남도,청양군,감경,남자,80-84세,46,0,5,8,27,5,0,0,0,0
충청남도,청양군,감경,남자,85세이상,95,0,7,31,43,11,*,0,0,0
충청남도,청양군,감경,여자,65세미만,*,0,*,*,0,*,0,0,0,0
충청남도,청양군,감경,여자,65-69세,12,0,*,*,7,0,0,*,0,0
충청남도,청양군,감경,여자,70-74세,19,*,*,*,8,*,0,0,*,0
충청남도,청양군,감경,여자,75-79세,61,0,*,19,21,6,*,0,0,0
충청남도,청양군,감경,여자,80-84세,173,8,7,31,83,28,*,0,0,0
충청남도,청양군,감경,여자,85세이상,349,7,19,104,150,57,*,0,0,0
충청남도,홍성군,일반,남자,65세미만,25,0,*,*,6,0,*,5,*,*
충청남도,홍성군,일반,남자,65-69세,56,*,*,10,8,*,0,12,6,*
충청남도,홍성군,일반,남자,70-74세,73,*,*,10,16,8,*,10,*,*
충청남도,홍성군,일반,남자,75-79세,134,*,*,21,38,18,*,8,*,8
충청남도,홍성군,일반,남자,80-84세,174,5,10,31,56,17,6,12,8,9
충청남도,홍성군,일반,남자,85세이상,269,6,10,55,105,35,6,11,7,6
충청남도,홍성군,일반,여자,65세미만,20,*,0,*,*,*,*,*,*,*
충청남도,홍성군,일반,여자,65-69세,49,*,*,5,13,*,*,8,*,*
충청남도,홍성군,일반,여자,70-74세,127,*,*,12,24,11,*,22,8,7
충청남도,홍성군,일반,여자,75-79세,246,6,9,35,67,23,9,30,13,8
충청남도,홍성군,일반,여자,80-84세,453,9,17,78,159,63,11,35,18,9
충청남도,홍성군,일반,여자,85세이상,693,20,40,162,283,76,9,27,15,7
충청남도,홍성군,기초,남자,65세미만,37,*,*,10,12,*,*,*,*,*
충청남도,홍성군,기초,남자,65-69세,50,*,*,10,11,5,*,*,*,7
충청남도,홍성군,기초,남자,70-74세,35,0,*,*,20,6,*,*,*,0
충청남도,홍성군,기초,남자,75-79세,25,0,0,6,7,*,*,0,*,*
충청남도,홍성군,기초,남자,80-84세,23,0,0,6,9,6,0,0,0,0
충청남도,홍성군,기초,남자,85세이상,18,0,*,*,7,*,0,0,0,0
충청남도,홍성군,기초,여자,65세미만,18,*,*,*,5,*,0,*,*,0
충청남도,홍성군,기초,여자,65-69세,48,*,*,6,16,*,*,6,*,*
충청남도,홍성군,기초,여자,70-74세,42,*,*,8,14,5,*,*,*,*
충청남도,홍성군,기초,여자,75-79세,60,7,*,10,21,10,*,*,0,*
충청남도,홍성군,기초,여자,80-84세,80,*,5,12,36,*,5,6,*,0
충청남도,홍성군,기초,여자,85세이상,111,*,16,29,41,6,*,6,*,0
충청남도,홍성군,의료,남자,65-69세,0,0,0,0,0,0,0,0,0,0
충청남도,홍성군,의료,남자,70-74세,*,0,0,0,*,0,0,0,0,0
충청남도,홍성군,의료,남자,75-79세,*,0,0,0,0,*,0,*,0,0
충청남도,홍성군,의료,남자,80-84세,*,0,0,0,*,0,0,0,0,0
충청남도,홍성군,의료,남자,85세이상,*,0,0,0,*,0,0,0,*,0
충청남도,홍성군,의료,여자,65-69세,0,0,0,0,0,0,0,0,0,0
충청남도,홍성군,의료,여자,70-74세,*,0,0,0,0,0,0,*,0,0
충청남도,홍성군,의료,여자,75-79세,*,0,0,0,*,0,0,*,*,0
충청남도,홍성군,의료,여자,80-84세,6,0,0,*,*,*,0,0,0,0
충청남도,홍성군,의료,여자,85세이상,15,0,*,6,*,*,0,0,*,0
충청남도,홍성군,감경,남자,65세미만,12,0,*,*,5,*,0,0,0,*
충청남도,홍성군,감경,남자,65-69세,30,*,*,8,12,5,0,0,0,*
충청남도,홍성군,감경,남자,70-74세,54,*,*,15,23,*,5,0,0,0
충청남도,홍성군,감경,남자,75-79세,86,*,0,16,39,15,*,0,*,0
충청남도,홍성군,감경,남자,80-84세,105,*,*,32,46,9,6,*,0,0
충청남도,홍성군,감경,남자,85세이상,236,5,13,60,122,25,6,0,0,*
충청남도,홍성군,감경,여자,65세미만,17,*,0,6,5,*,*,*,0,0
충청남도,홍성군,감경,여자,65-69세,42,*,*,12,19,*,0,*,0,0
충청남도,홍성군,감경,여자,70-74세,69,*,7,18,26,6,*,0,0,0
충청남도,홍성군,감경,여자,75-79세,162,5,8,40,59,30,*,*,0,0
충청남도,홍성군,감경,여자,80-84세,402,10,23,108,184,53,10,0,0,0
충청남도,홍성군,감경,여자,85세이상,835,34,69,241,376,86,9,*,0,0
충청남도,예산군,일반,남자,65세미만,18,0,0,*,*,*,0,5,*,*
충청남도,예산군,일반,남자,65-69세,57,*,*,5,14,*,*,5,10,8
충청남도,예산군,일반,남자,70-74세,90,*,*,14,22,12,*,13,6,*
충청남도,예산군,일반,남자,75-79세,133,0,8,16,36,16,6,14,7,*
충청남도,예산군,일반,남자,80-84세,152,0,*,10,53,22,9,13,8,7
충청남도,예산군,일반,남자,85세이상,273,*,8,38,95,52,19,16,6,5
충청남도,예산군,일반,여자,65세미만,20,0,0,*,5,*,0,8,*,*
충청남도,예산군,일반,여자,65-69세,63,*,*,8,9,*,*,9,*,*
충청남도,예산군,일반,여자,70-74세,123,0,*,11,25,10,6,18,13,*
충청남도,예산군,일반,여자,75-79세,239,*,5,24,60,23,9,30,13,12
충청남도,예산군,일반,여자,80-84세,414,7,11,48,143,64,19,33,27,6
충청남도,예산군,일반,여자,85세이상,652,10,25,110,236,101,20,36,30,6
충청남도,예산군,기초,남자,65세미만,35,*,5,6,14,*,*,*,*,0
충청남도,예산군,기초,남자,65-69세,37,*,*,*,13,*,*,5,*,*
충청남도,예산군,기초,남자,70-74세,27,*,0,5,*,*,*,*,*,6
충청남도,예산군,기초,남자,75-79세,24,*,0,*,8,*,*,*,*,*
충청남도,예산군,기초,남자,80-84세,28,0,*,7,7,6,*,0,*,0
충청남도,예산군,기초,남자,85세이상,19,0,*,5,8,*,*,0,0,0
충청남도,예산군,기초,여자,65세미만,25,*,0,*,*,0,*,*,*,5
충청남도,예산군,기초,여자,65-69세,39,*,*,*,13,0,*,6,5,*
충청남도,예산군,기초,여자,70-74세,33,*,*,7,12,*,*,*,*,*
충청남도,예산군,기초,여자,75-79세,51,*,*,*,17,14,*,*,*,*
충청남도,예산군,기초,여자,80-84세,85,*,*,9,37,10,*,8,*,*
충청남도,예산군,기초,여자,85세이상,116,*,6,29,42,18,5,*,*,*
충청남도,예산군,의료,남자,70-74세,*,0,0,0,*,0,0,*,0,0
충청남도,예산군,의료,남자,80-84세,*,0,0,0,0,0,0,*,0,0
충청남도,예산군,의료,남자,85세이상,*,0,0,0,*,0,0,0,0,0
충청남도,예산군,의료,여자,65세미만,*,0,0,0,0,0,0,*,0,0
충청남도,예산군,의료,여자,65-69세,*,0,0,0,0,0,0,0,0,0
충청남도,예산군,의료,여자,70-74세,0,0,0,0,0,0,0,0,0,0
충청남도,예산군,의료,여자,75-79세,*,0,0,*,0,*,0,0,0,0
충청남도,예산군,의료,여자,80-84세,*,*,0,0,*,*,0,0,0,0
충청남도,예산군,의료,여자,85세이상,12,0,0,*,*,*,0,0,0,0
충청남도,예산군,감경,남자,65세미만,12,0,*,*,6,*,*,0,0,0
충청남도,예산군,감경,남자,65-69세,32,*,0,7,14,5,*,0,0,0
충청남도,예산군,감경,남자,70-74세,47,*,*,10,17,12,*,0,*,0
충청남도,예산군,감경,남자,75-79세,58,*,*,12,27,9,*,0,0,*
충청남도,예산군,감경,남자,80-84세,101,*,5,14,38,26,8,*,0,*
충청남도,예산군,감경,남자,85세이상,164,*,9,27,73,40,10,0,0,0
충청남도,예산군,감경,여자,65세미만,14,0,*,6,5,*,0,0,0,*
충청남도,예산군,감경,여자,65-69세,29,*,*,5,15,*,0,0,0,*
충청남도,예산군,감경,여자,70-74세,53,*,*,14,17,7,*,*,0,0
충청남도,예산군,감경,여자,75-79세,160,*,6,27,65,35,11,*,0,0
충청남도,예산군,감경,여자,80-84세,309,8,19,55,129,63,18,*,0,*
충청남도,예산군,감경,여자,85세이상,675,20,59,155,291,106,29,0,0,*
충청남도,태안군,일반,남자,65세미만,8,0,0,*,*,0,0,*,*,0
충청남도,태안군,일반,남자,65-69세,49,*,0,*,9,*,*,8,*,*
충청남도,태안군,일반,남자,70-74세,83,*,*,12,21,*,*,11,5,*
충청남도,태안군,일반,남자,75-79세,103,*,*,16,21,11,*,8,8,5
충청남도,태안군,일반,남자,80-84세,158,*,7,17,48,10,5,12,8,6
충청남도,태안군,일반,남자,85세이상,148,0,5,21,55,15,*,9,9,*
충청남도,태안군,일반,여자,65세미만,13,0,0,*,*,*,*,0,*,0
충청남도,태안군,일반,여자,65-69세,60,0,*,6,13,0,*,6,6,*
충청남도,태안군,일반,여자,70-74세,116,*,*,14,22,5,*,13,5,*
충청남도,태안군,일반,여자,75-79세,213,*,9,19,51,12,*,27,17,*
충청남도,태안군,일반,여자,80-84세,341,6,7,45,133,19,10,29,10,7
충청남도,태안군,일반,여자,85세이상,420,7,19,91,179,31,9,23,8,*
충청남도,태안군,기초,남자,65세미만,21,0,*,*,6,*,*,0,*,*
충청남도,태안군,기초,남자,65-69세,34,0,*,5,12,*,0,5,0,5
충청남도,태안군,기초,남자,70-74세,37,*,*,*,9,*,*,*,*,*
충청남도,태안군,기초,남자,75-79세,21,0,*,6,5,*,*,0,0,*
충청남도,태안군,기초,남자,80-84세,21,*,0,*,9,*,*,*,*,0
충청남도,태안군,기초,남자,85세이상,20,0,*,6,9,*,0,*,0,0
충청남도,태안군,기초,여자,65세미만,8,*,*,*,0,0,0,*,0,*
충청남도,태안군,기초,여자,65-69세,25,*,0,*,5,*,0,*,*,*
충청남도,태안군,기초,여자,70-74세,25,*,*,*,11,0,*,*,0,*
충청남도,태안군,기초,여자,75-79세,42,*,*,5,18,*,*,*,0,0
충청남도,태안군,기초,여자,80-84세,55,*,*,6,25,*,*,0,6,0
충청남도,태안군,기초,여자,85세이상,82,*,5,23,44,*,0,*,*,0
충청남도,태안군,의료,남자,70-74세,*,0,0,0,*,0,0,0,0,0
충청남도,태안군,의료,남자,75-79세,*,0,0,0,*,0,0,0,0,0
충청남도,태안군,의료,남자,85세이상,*,0,0,0,*,0,0,0,*,0
충청남도,태안군,의료,여자,65-69세,0,0,0,0,0,0,0,0,0,0
충청남도,태안군,의료,여자,70-74세,*,0,0,*,0,0,0,*,0,0
충청남도,태안군,의료,여자,75-79세,*,0,0,*,0,0,0,0,0,0
충청남도,태안군,의료,여자,80-84세,*,0,0,0,*,0,0,0,*,0
충청남도,태안군,의료,여자,85세이상,12,0,0,5,5,0,0,*,0,0
충청남도,태안군,감경,남자,65세미만,11,*,*,*,*,*,0,0,0,0
충청남도,태안군,감경,남자,65-69세,16,0,*,5,5,*,*,*,0,0
충청남도,태안군,감경,남자,70-74세,36,*,*,8,19,*,0,0,0,0
충청남도,태안군,감경,남자,75-79세,62,*,*,14,33,6,0,*,0,*
충청남도,태안군,감경,남자,80-84세,76,*,*,25,36,7,*,0,0,0
충청남도,태안군,감경,남자,85세이상,119,*,8,33,60,13,*,0,0,0
충청남도,태안군,감경,여자,65세미만,*,0,0,0,*,0,0,*,0,0
충청남도,태안군,감경,여자,65-69세,19,*,*,8,6,0,*,0,0,0
충청남도,태안군,감경,여자,70-74세,49,*,0,12,24,*,*,*,0,0
충청남도,태안군,감경,여자,75-79세,91,*,*,13,54,10,*,0,0,0
충청남도,태안군,감경,여자,80-84세,209,*,9,42,118,25,*,0,0,0
충청남도,태안군,감경,여자,85세이상,544,13,48,137,282,34,7,0,*,0
충청남도,당진군,일반,남자,65세미만,0,0,0,0,0,0,0,0,0,0
충청남도,당진군,일반,남자,65-69세,0,0,0,0,0,0,0,0,0,0
충청남도,당진군,일반,남자,70-74세,0,0,0,0,0,0,0,0,0,0
충청남도,당진군,일반,남자,75-79세,0,0,0,0,0,0,0,0,0,0
충청남도,당진군,일반,여자,65세미만,*,0,0,0,0,0,0,0,0,0
충청남도,당진군,일반,여자,65-69세,0,0,0,0,0,0,0,0,0,0
충청남도,당진군,일반,여자,70-74세,*,0,0,0,0,0,0,0,0,0
충청남도,당진군,일반,여자,75-79세,0,0,0,0,0,0,0,0,0,0
충청남도,당진군,일반,여자,80-84세,*,0,0,0,0,0,0,0,0,0
충청남도,당진군,일반,여자,85세이상,0,0,0,0,0,0,0,0,0,0
충청남도,당진군,기초,남자,65세미만,*,0,0,0,0,0,0,0,0,0
충청남도,당진군,기초,남자,65-69세,0,0,0,0,0,0,0,0,0,0
충청남도,당진군,기초,남자,70-74세,*,0,0,0,0,0,0,0,0,0
충청남도,당진군,기초,여자,65-69세,0,0,0,0,0,0,0,0,0,0
충청남도,당진군,기초,여자,70-74세,0,0,0,0,0,0,0,0,0,0
충청남도,당진군,기초,여자,75-79세,0,0,0,0,0,0,0,0,0,0
충청남도,당진군,기초,여자,80-84세,0,0,0,0,0,0,0,0,0,0
충청남도,당진군,기초,여자,85세이상,0,0,0,0,0,0,0,0,0,0
충청남도,당진군,의료,여자,65-69세,0,0,0,0,0,0,0,0,0,0
충청남도,당진군,의료,여자,75-79세,0,0,0,0,0,0,0,0,0,0
충청남도,당진군,감경,여자,65세미만,0,0,0,0,0,0,0,0,0,0
충청남도,당진군,감경,여자,75-79세,0,0,0,0,0,0,0,0,0,0
충청남도,당진군,감경,여자,80-84세,0,0,0,0,0,0,0,0,0,0
충청남도,당진군,감경,여자,85세이상,0,0,0,0,0,0,0,0,0,0
전라남도,목포시,일반,남자,65세미만,59,*,*,*,10,*,0,20,8,*
전라남도,목포시,일반,남자,65-69세,105,*,6,15,15,7,*,23,7,10
전라남도,목포시,일반,남자,70-74세,146,*,9,18,37,18,*,10,12,*
전라남도,목포시,일반,남자,75-79세,238,8,6,30,65,30,7,26,16,*
전라남도,목포시,일반,남자,80-84세,277,9,10,42,77,41,8,19,12,7
전라남도,목포시,일반,남자,85세이상,237,*,12,45,86,32,8,11,7,*
전라남도,목포시,일반,여자,65세미만,46,*,*,6,8,*,0,8,5,5
전라남도,목포시,일반,여자,65-69세,129,0,*,11,24,9,*,25,11,*
전라남도,목포시,일반,여자,70-74세,190,*,*,25,38,20,*,25,21,7
전라남도,목포시,일반,여자,75-79세,380,9,8,41,98,36,12,56,20,6
전라남도,목포시,일반,여자,80-84세,565,14,30,66,183,82,11,53,15,8
전라남도,목포시,일반,여자,85세이상,552,17,45,100,199,66,7,35,14,*
전라남도,목포시,기초,남자,65세미만,128,5,7,16,29,9,*,18,11,13
전라남도,목포시,기초,남자,65-69세,168,*,8,16,55,19,5,13,12,9
전라남도,목포시,기초,남자,70-74세,122,9,6,10,40,19,*,9,7,*
전라남도,목포시,기초,남자,75-79세,96,0,*,13,27,24,*,7,*,*
전라남도,목포시,기초,남자,80-84세,75,0,*,10,25,19,*,0,*,0
전라남도,목포시,기초,남자,85세이상,59,*,5,7,26,12,*,0,0,0
전라남도,목포시,기초,여자,65세미만,67,7,*,9,18,5,*,10,*,7
전라남도,목포시,기초,여자,65-69세,114,*,*,9,36,16,8,11,6,7
전라남도,목포시,기초,여자,70-74세,125,5,5,16,49,16,*,5,6,5
전라남도,목포시,기초,여자,75-79세,195,8,12,27,76,31,6,7,12,*
전라남도,목포시,기초,여자,80-84세,233,9,15,51,78,28,6,14,12,*
전라남도,목포시,기초,여자,85세이상,292,13,31,59,111,37,5,6,*,*
전라남도,목포시,의료,남자,65세미만,0,0,0,0,0,0,0,0,0,0
전라남도,목포시,의료,남자,65-69세,6,0,*,*,0,0,0,0,0,*
전라남도,목포시,의료,남자,70-74세,*,0,*,0,0,0,0,0,0,0
전라남도,목포시,의료,남자,75-79세,11,*,0,*,0,*,*,0,0,0
전라남도,목포시,의료,남자,80-84세,14,0,0,*,*,*,*,0,0,0
전라남도,목포시,의료,남자,85세이상,8,0,*,0,*,0,0,0,0,0
전라남도,목포시,의료,여자,65세미만,*,*,0,0,0,0,0,0,0,0
전라남도,목포시,의료,여자,65-69세,*,0,0,0,*,0,0,0,0,0
전라남도,목포시,의료,여자,70-74세,12,0,0,*,8,*,0,0,0,0
전라남도,목포시,의료,여자,75-79세,17,*,*,*,5,*,*,0,*,0
전라남도,목포시,의료,여자,80-84세,14,0,0,6,*,*,0,*,0,0
전라남도,목포시,의료,여자,85세이상,53,*,*,9,24,7,*,*,0,0
전라남도,목포시,감경,남자,65세미만,55,5,5,14,13,*,*,7,*,0
전라남도,목포시,감경,남자,65-69세,96,9,8,30,33,*,*,*,0,0
전라남도,목포시,감경,남자,70-74세,132,5,10,32,59,13,*,*,0,0
전라남도,목포시,감경,남자,75-79세,213,12,11,45,95,27,10,0,*,0
전라남도,목포시,감경,남자,80-84세,264,6,24,60,125,36,*,0,0,*
전라남도,목포시,감경,남자,85세이상,244,9,23,58,106,32,*,0,*,0
전라남도,목포시,감경,여자,65세미만,47,5,6,8,19,5,*,0,0,0
전라남도,목포시,감경,여자,65-69세,113,6,10,28,39,11,5,*,*,0
전라남도,목포시,감경,여자,70-74세,229,8,14,42,93,47,8,*,*,0
전라남도,목포시,감경,여자,75-79세,432,7,43,81,174,71,19,6,*,*
전라남도,목포시,감경,여자,80-84세,858,29,77,189,368,117,23,6,*,*
전라남도,목포시,감경,여자,85세이상,1106,54,145,275,474,115,9,*,*,0
전라남도,여수시,일반,남자,65세미만,60,*,*,6,6,0,0,12,8,10
전라남도,여수시,일반,남자,65-69세,159,*,5,12,38,8,0,28,18,9
전라남도,여수시,일반,남자,70-74세,187,5,9,18,41,15,*,32,12,11
전라남도,여수시,일반,남자,75-79세,294,5,11,33,95,33,9,27,22,7
전라남도,여수시,일반,남자,80-84세,365,6,14,35,137,55,7,19,17,8
전라남도,여수시,일반,남자,85세이상,342,*,6,40,145,47,*,22,17,10
전라남도,여수시,일반,여자,65세미만,53,*,*,7,*,*,*,14,6,*
전라남도,여수시,일반,여자,65-69세,170,*,*,8,30,5,0,31,21,9
전라남도,여수시,일반,여자,70-74세,319,6,6,23,71,26,8,48,32,12
전라남도,여수시,일반,여자,75-79세,557,*,16,58,164,63,10,67,38,11
전라남도,여수시,일반,여자,80-84세,761,7,36,86,269,101,20,79,31,14
전라남도,여수시,일반,여자,85세이상,874,24,40,149,357,97,15,47,25,6
전라남도,여수시,기초,남자,65세미만,110,5,6,14,10,12,*,19,17,15
전라남도,여수시,기초,남자,65-69세,162,*,*,17,50,12,7,21,18,8
전라남도,여수시,기초,남자,70-74세,111,*,5,16,39,21,*,7,5,*
전라남도,여수시,기초,남자,75-79세,104,*,0,13,38,17,*,7,9,*
전라남도,여수시,기초,남자,80-84세,70,0,*,10,38,9,*,*,*,0
전라남도,여수시,기초,남자,85세이상,55,0,*,9,28,8,*,*,0,0
전라남도,여수시,기초,여자,65세미만,59,*,*,6,9,*,0,14,8,8
전라남도,여수시,기초,여자,65-69세,107,*,*,13,30,9,0,16,11,8
전라남도,여수시,기초,여자,70-74세,115,*,5,11,39,11,*,14,11,5
전라남도,여수시,기초,여자,75-79세,173,*,*,21,68,20,*,18,10,*
전라남도,여수시,기초,여자,80-84세,214,*,8,24,107,27,5,7,9,*
전라남도,여수시,기초,여자,85세이상,279,9,27,57,137,27,*,*,*,*
전라남도,여수시,의료,남자,65세미만,0,0,0,0,0,0,0,0,0,0
전라남도,여수시,의료,남자,65-69세,0,0,0,0,0,0,0,0,0,0
전라남도,여수시,의료,남자,70-74세,*,0,0,0,*,0,0,*,0,0
전라남도,여수시,의료,남자,75-79세,12,0,*,*,*,*,*,*,0,0
전라남도,여수시,의료,남자,80-84세,6,0,0,0,5,0,0,*,0,0
전라남도,여수시,의료,남자,85세이상,11,0,0,*,5,*,0,0,0,0
전라남도,여수시,의료,여자,65세미만,0,0,0,0,0,0,0,0,0,0
전라남도,여수시,의료,여자,65-69세,*,*,0,0,*,0,0,0,0,0
전라남도,여수시,의료,여자,70-74세,8,*,*,0,5,0,0,0,*,0
전라남도,여수시,의료,여자,75-79세,11,0,*,*,5,*,0,0,0,0
전라남도,여수시,의료,여자,80-84세,14,0,*,0,7,*,*,*,*,0
전라남도,여수시,의료,여자,85세이상,52,0,*,6,27,*,*,*,*,0
전라남도,여수시,감경,남자,65세미만,35,*,*,7,14,5,0,0,0,*
전라남도,여수시,감경,남자,65-69세,88,5,5,17,44,10,*,*,*,0
전라남도,여수시,감경,남자,70-74세,147,5,*,23,80,21,*,*,*,0
전라남도,여수시,감경,남자,75-79세,205,*,15,34,101,33,*,*,*,0
전라남도,여수시,감경,남자,80-84세,278,*,21,47,128,67,*,*,*,*
전라남도,여수시,감경,남자,85세이상,317,*,8,65,185,45,*,0,0,0
전라남도,여수시,감경,여자,65세미만,29,5,*,5,11,*,0,*,*,0
전라남도,여수시,감경,여자,65-69세,94,*,*,17,35,13,*,*,*,*
전라남도,여수시,감경,여자,70-74세,197,7,10,37,85,25,6,*,*,0
전라남도,여수시,감경,여자,75-79세,425,7,20,72,218,63,9,*,0,0
전라남도,여수시,감경,여자,80-84세,917,15,58,173,454,157,15,5,*,*
전라남도,여수시,감경,여자,85세이상,1465,29,115,336,773,154,12,*,*,*
전라남도,순천시,일반,남자,65세미만,54,*,*,5,11,*,0,15,*,5
전라남도,순천시,일반,남자,65-69세,124,*,*,13,24,11,*,19,12,8
전라남도,순천시,일반,남자,70-74세,179,*,15,28,40,9,*,26,10,8
전라남도,순천시,일반,남자,75-79세,261,*,12,41,82,29,*,31,16,5
전라남도,순천시,일반,남자,80-84세,334,*,9,42,134,36,6,30,12,8
전라남도,순천시,일반,남자,85세이상,409,7,22,65,160,56,7,23,21,7
전라남도,순천시,일반,여자,65세미만,42,*,0,9,*,*,0,13,*,*
전라남도,순천시,일반,여자,65-69세,150,5,5,14,27,7,*,21,18,7
전라남도,순천시,일반,여자,70-74세,270,9,8,38,66,25,5,29,21,6
전라남도,순천시,일반,여자,75-79세,561,14,15,48,142,51,8,81,60,20
전라남도,순천시,일반,여자,80-84세,854,23,31,91,293,112,20,88,55,6
전라남도,순천시,일반,여자,85세이상,1015,30,53,149,414,114,9,67,35,8
전라남도,순천시,기초,남자,65세미만,81,*,5,9,27,5,*,9,5,5
전라남도,순천시,기초,남자,65-69세,101,5,*,8,31,15,6,8,6,5
전라남도,순천시,기초,남자,70-74세,101,*,8,13,35,10,*,5,6,*
전라남도,순천시,기초,남자,75-79세,52,0,*,5,16,7,*,8,*,*
전라남도,순천시,기초,남자,80-84세,45,0,0,9,18,6,*,*,*,*
전라남도,순천시,기초,남자,85세이상,44,*,*,7,22,7,*,0,*,0
전라남도,순천시,기초,여자,65세미만,36,*,*,*,16,*,*,*,*,*
전라남도,순천시,기초,여자,65-69세,101,*,7,11,29,5,6,9,14,*
전라남도,순천시,기초,여자,70-74세,89,*,7,13,27,13,0,*,5,*
전라남도,순천시,기초,여자,75-79세,97,*,9,17,35,5,5,*,7,0
전라남도,순천시,기초,여자,80-84세,149,*,12,21,57,16,*,7,8,*
전라남도,순천시,기초,여자,85세이상,280,18,29,44,124,30,*,7,6,*
전라남도,순천시,의료,남자,65세미만,0,0,0,0,0,0,0,0,0,0
전라남도,순천시,의료,남자,65-69세,*,0,*,*,*,0,0,0,0,0
전라남도,순천시,의료,남자,70-74세,5,*,*,*,0,0,0,*,0,*
전라남도,순천시,의료,남자,75-79세,8,0,*,*,*,0,0,0,0,*
전라남도,순천시,의료,남자,80-84세,8,0,0,*,5,*,0,0,0,0
전라남도,순천시,의료,남자,85세이상,8,0,*,*,*,*,0,0,0,0
전라남도,순천시,의료,여자,65세미만,0,0,0,0,0,0,0,0,0,0
전라남도,순천시,의료,여자,65-69세,*,0,0,*,0,0,0,*,0,0
전라남도,순천시,의료,여자,70-74세,*,0,*,*,*,0,0,0,0,0
전라남도,순천시,의료,여자,75-79세,11,0,*,*,*,*,*,*,*,0
전라남도,순천시,의료,여자,80-84세,8,0,0,*,*,*,0,0,*,0
전라남도,순천시,의료,여자,85세이상,75,*,5,26,30,*,0,0,0,0
전라남도,순천시,감경,남자,65세미만,45,*,5,14,10,*,*,*,0,*
전라남도,순천시,감경,남자,65-69세,80,*,*,26,28,7,*,*,*,*
전라남도,순천시,감경,남자,70-74세,99,5,8,20,43,13,*,0,0,0
전라남도,순천시,감경,남자,75-79세,141,5,9,26,60,27,*,*,0,*
전라남도,순천시,감경,남자,80-84세,209,5,6,44,107,35,7,*,0,0
전라남도,순천시,감경,남자,85세이상,326,10,19,72,168,44,5,0,*,0
전라남도,순천시,감경,여자,65세미만,36,*,7,9,10,0,*,*,*,0
전라남도,순천시,감경,여자,65-69세,77,*,9,18,26,10,*,0,0,0
전라남도,순천시,감경,여자,70-74세,150,6,11,22,77,18,*,*,0,0
전라남도,순천시,감경,여자,75-79세,344,14,35,72,149,42,9,*,*,*
전라남도,순천시,감경,여자,80-84세,905,37,76,161,441,129,21,*,*,0
전라남도,순천시,감경,여자,85세이상,1605,70,159,360,810,156,10,*,0,*
전라남도,나주시,일반,남자,65세미만,28,*,*,*,8,*,*,*,0,*
전라남도,나주시,일반,남자,65-69세,81,0,*,8,26,*,*,13,6,*
전라남도,나주시,일반,남자,70-74세,103,*,*,10,30,*,0,18,8,0
전라남도,나주시,일반,남자,75-79세,169,*,5,20,48,10,*,24,13,5
전라남도,나주시,일반,남자,80-84세,234,*,5,30,89,17,*,19,23,*
전라남도,나주시,일반,남자,85세이상,237,0,9,36,97,20,6,20,17,*
전라남도,나주시,일반,여자,65세미만,19,*,*,*,*,*,0,*,5,*
전라남도,나주시,일반,여자,65-69세,102,*,*,6,27,*,*,22,6,*
전라남도,나주시,일반,여자,70-74세,202,*,*,17,48,8,*,30,21,9
전라남도,나주시,일반,여자,75-79세,376,*,8,41,104,14,9,59,28,8
전라남도,나주시,일반,여자,80-84세,566,8,13,56,213,51,13,69,37,16
전라남도,나주시,일반,여자,85세이상,611,11,28,125,265,51,9,28,20,*
전라남도,나주시,기초,남자,65세미만,63,*,*,13,16,*,*,6,*,*
전라남도,나주시,기초,남자,65-69세,81,*,*,14,27,*,*,8,6,*
전라남도,나주시,기초,남자,70-74세,62,0,*,*,33,6,*,5,*,*
전라남도,나주시,기초,남자,75-79세,69,*,*,7,25,*,*,*,7,*
전라남도,나주시,기초,남자,80-84세,47,*,*,13,16,7,0,*,*,*
전라남도,나주시,기초,남자,85세이상,46,0,*,15,17,*,*,*,*,0
전라남도,나주시,기초,여자,65세미만,26,*,*,8,5,*,*,*,0,*
전라남도,나주시,기초,여자,65-69세,56,6,*,9,23,*,0,*,*,*
전라남도,나주시,기초,여자,70-74세,62,*,*,10,26,*,0,5,*,*
전라남도,나주시,기초,여자,75-79세,114,*,*,20,51,9,*,9,5,*
전라남도,나주시,기초,여자,80-84세,127,0,8,19,59,18,*,*,*,*
전라남도,나주시,기초,여자,85세이상,173,*,15,46,81,15,*,*,0,0
전라남도,나주시,의료,남자,65세미만,*,0,*,0,0,0,0,0,0,0
전라남도,나주시,의료,남자,65-69세,*,0,0,0,*,0,0,*,*,0
전라남도,나주시,의료,남자,70-74세,*,0,0,0,*,0,0,0,0,0
전라남도,나주시,의료,남자,75-79세,9,0,0,0,*,*,0,*,*,0
전라남도,나주시,의료,남자,80-84세,7,0,0,*,*,*,*,*,0,0
전라남도,나주시,의료,남자,85세이상,12,0,0,*,8,0,*,0,0,0
전라남도,나주시,의료,여자,65-69세,*,0,0,0,*,0,*,0,0,0
전라남도,나주시,의료,여자,70-74세,7,0,*,*,*,0,0,*,0,0
전라남도,나주시,의료,여자,75-79세,10,*,*,0,*,0,0,*,*,0
전라남도,나주시,의료,여자,80-84세,14,0,0,*,8,*,0,0,0,0
전라남도,나주시,의료,여자,85세이상,29,*,*,6,17,*,0,0,0,0
전라남도,나주시,감경,남자,65세미만,14,*,*,*,*,0,*,0,0,0
전라남도,나주시,감경,남자,65-69세,56,0,*,9,30,*,5,*,0,*
전라남도,나주시,감경,남자,70-74세,73,*,*,10,40,9,*,*,0,*
전라남도,나주시,감경,남자,75-79세,100,*,*,25,51,8,0,*,0,0
전라남도,나주시,감경,남자,80-84세,152,*,11,35,75,16,*,*,0,*
전라남도,나주시,감경,남자,85세이상,205,*,9,52,108,16,5,*,*,0
전라남도,나주시,감경,여자,65세미만,16,*,5,*,*,0,0,0,0,*
전라남도,나주시,감경,여자,65-69세,59,*,7,12,20,6,*,*,*,0
전라남도,나주시,감경,여자,70-74세,79,*,6,14,36,8,*,*,*,0
전라남도,나주시,감경,여자,75-79세,233,*,11,45,111,23,7,6,*,0
전라남도,나주시,감경,여자,80-84세,597,15,37,108,302,71,15,5,0,*
전라남도,나주시,감경,여자,85세이상,1006,21,102,235,525,83,5,*,*,*
전라남도,광양시,일반,남자,65세미만,26,*,*,*,*,*,0,6,*,*
전라남도,광양시,일반,남자,65-69세,61,*,*,9,16,*,0,10,5,*
전라남도,광양시,일반,남자,70-74세,82,0,*,11,24,6,0,5,10,8
전라남도,광양시,일반,남자,75-79세,93,0,5,7,25,12,*,13,*,*
전라남도,광양시,일반,남자,80-84세,124,*,*,14,35,15,5,9,12,*
전라남도,광양시,일반,남자,85세이상,189,*,6,31,85,30,0,10,7,*
전라남도,광양시,일반,여자,65세미만,25,*,0,7,*,0,0,*,*,*
전라남도,광양시,일반,여자,65-69세,60,*,*,8,8,5,*,14,8,*
전라남도,광양시,일반,여자,70-74세,115,*,5,7,29,11,*,16,10,*
전라남도,광양시,일반,여자,75-79세,228,*,*,23,59,31,8,31,14,*
전라남도,광양시,일반,여자,80-84세,368,*,15,49,129,58,10,24,12,11
전라남도,광양시,일반,여자,85세이상,453,5,33,76,204,49,*,26,9,*
전라남도,광양시,기초,남자,65세미만,46,*,*,9,13,*,*,*,*,*
전라남도,광양시,기초,남자,65-69세,51,*,*,*,23,*,*,6,*,*
전라남도,광양시,기초,남자,70-74세,42,*,0,7,15,8,*,*,*,*
전라남도,광양시,기초,남자,75-79세,36,0,0,6,10,7,*,0,*,*
전라남도,광양시,기초,남자,80-84세,21,*,*,*,7,*,*,*,*,0
전라남도,광양시,기초,남자,85세이상,23,*,*,*,6,*,*,*,*,*
전라남도,광양시,기초,여자,65세미만,23,0,*,*,8,*,0,*,*,*
전라남도,광양시,기초,여자,65-69세,58,*,*,5,17,7,*,6,5,*
전라남도,광양시,기초,여자,70-74세,54,*,*,6,18,6,0,*,*,*
전라남도,광양시,기초,여자,75-79세,56,0,*,5,25,8,*,*,*,*
전라남도,광양시,기초,여자,80-84세,69,*,*,7,35,6,*,*,*,0
전라남도,광양시,기초,여자,85세이상,121,5,11,23,56,15,*,*,*,*
전라남도,광양시,의료,남자,65세미만,0,0,0,0,0,0,0,0,0,0
전라남도,광양시,의료,남자,65-69세,*,0,0,0,0,0,0,0,0,0
전라남도,광양시,의료,남자,70-74세,*,0,0,*,0,0,0,0,0,0
전라남도,광양시,의료,남자,75-79세,*,0,0,0,*,0,0,0,0,0
전라남도,광양시,의료,남자,80-84세,*,0,0,0,*,*,0,0,0,0
전라남도,광양시,의료,남자,85세이상,*,0,0,0,*,0,*,0,0,0
전라남도,광양시,의료,여자,65세미만,*,0,0,0,0,0,0,0,0,*
전라남도,광양시,의료,여자,65-69세,0,0,0,0,0,0,0,0,0,0
전라남도,광양시,의료,여자,70-74세,*,0,0,0,*,0,0,0,0,0
전라남도,광양시,의료,여자,75-79세,*,0,0,0,*,0,0,0,*,0
전라남도,광양시,의료,여자,80-84세,5,0,0,0,*,0,0,*,*,0
전라남도,광양시,의료,여자,85세이상,24,*,*,6,11,*,0,0,0,0
전라남도,광양시,감경,남자,65세미만,25,*,*,*,10,*,*,0,*,0
전라남도,광양시,감경,남자,65-69세,31,0,*,10,12,5,0,0,0,0
전라남도,광양시,감경,남자,70-74세,56,*,*,7,30,9,*,0,0,0
전라남도,광양시,감경,남자,75-79세,55,*,6,10,19,12,0,0,0,0
전라남도,광양시,감경,남자,80-84세,91,*,12,18,40,13,*,*,0,0
전라남도,광양시,감경,남자,85세이상,128,*,7,20,70,19,5,0,0,0
전라남도,광양시,감경,여자,65세미만,24,*,*,8,8,*,*,0,*,0
전라남도,광양시,감경,여자,65-69세,35,*,*,6,12,7,0,0,0,0
전라남도,광양시,감경,여자,70-74세,75,*,*,14,31,17,*,*,0,0
전라남도,광양시,감경,여자,75-79세,157,5,12,24,72,31,5,*,*,0
전라남도,광양시,감경,여자,80-84세,333,8,31,52,159,64,10,0,*,*
전라남도,광양시,감경,여자,85세이상,766,18,79,146,398,103,11,*,0,0
전라남도,담양군,일반,남자,65세미만,15,0,0,0,*,0,0,7,*,*
전라남도,담양군,일반,남자,65-69세,31,*,0,5,5,*,0,*,*,*
전라남도,담양군,일반,남자,70-74세,51,*,*,8,15,*,*,5,0,*
전라남도,담양군,일반,남자,75-79세,75,0,*,10,24,*,*,6,6,*
전라남도,담양군,일반,남자,80-84세,147,*,11,25,54,18,*,13,*,*
전라남도,담양군,일반,남자,85세이상,139,*,*,20,65,23,5,9,*,*
전라남도,담양군,일반,여자,65세미만,10,0,*,*,*,0,0,*,*,0
전라남도,담양군,일반,여자,65-69세,47,*,0,*,12,0,*,8,5,*
전라남도,담양군,일반,여자,70-74세,93,0,*,9,23,6,0,20,9,*
전라남도,담양군,일반,여자,75-79세,189,*,*,14,47,20,5,27,25,*
전라남도,담양군,일반,여자,80-84세,304,5,6,39,120,27,8,31,19,*
전라남도,담양군,일반,여자,85세이상,385,8,20,72,160,35,5,23,11,*
전라남도,담양군,기초,남자,65세미만,13,0,*,0,*,0,0,*,0,0
전라남도,담양군,기초,남자,65-69세,33,*,0,*,9,5,0,5,*,*
전라남도,담양군,기초,남자,70-74세,21,0,*,*,7,*,*,0,*,*
전라남도,담양군,기초,남자,75-79세,19,0,0,*,10,0,*,0,0,*
전라남도,담양군,기초,남자,80-84세,15,0,*,*,6,*,*,*,*,0
전라남도,담양군,기초,남자,85세이상,8,0,0,*,*,0,0,0,0,*
전라남도,담양군,기초,여자,65세미만,12,*,0,*,0,*,0,*,*,*
전라남도,담양군,기초,여자,65-69세,16,0,0,*,9,0,0,*,*,0
전라남도,담양군,기초,여자,70-74세,31,0,*,*,10,*,*,*,*,0
전라남도,담양군,기초,여자,75-79세,42,0,0,*,26,*,0,*,*,0
전라남도,담양군,기초,여자,80-84세,55,*,*,*,25,6,*,*,*,0
전라남도,담양군,기초,여자,85세이상,82,*,5,20,41,7,0,*,0,0
전라남도,담양군,의료,남자,65-69세,*,0,0,0,*,0,0,0,0,0
전라남도,담양군,의료,남자,70-74세,*,0,0,0,*,0,0,0,*,0
전라남도,담양군,의료,남자,75-79세,*,0,0,*,0,0,0,0,0,0
전라남도,담양군,의료,남자,80-84세,*,0,0,0,*,0,0,0,0,0
전라남도,담양군,의료,남자,85세이상,*,0,0,0,*,0,0,0,0,0
전라남도,담양군,의료,여자,65세미만,*,0,0,0,0,0,0,0,0,*
전라남도,담양군,의료,여자,65-69세,*,0,0,0,0,0,0,0,*,0
전라남도,담양군,의료,여자,70-74세,*,0,0,*,0,0,0,0,0,0
전라남도,담양군,의료,여자,75-79세,5,0,0,*,*,*,0,0,0,0
전라남도,담양군,의료,여자,80-84세,11,*,0,*,5,0,*,0,*,0
전라남도,담양군,의료,여자,85세이상,25,0,*,8,13,*,0,*,0,0
전라남도,담양군,감경,남자,65세미만,11,*,*,*,5,0,0,*,0,0
전라남도,담양군,감경,남자,65-69세,24,*,*,5,10,*,0,*,0,0
전라남도,담양군,감경,남자,70-74세,31,*,*,6,9,8,*,0,0,0
전라남도,담양군,감경,남자,75-79세,36,*,*,*,21,7,0,0,*,0
전라남도,담양군,감경,남자,80-84세,64,*,*,7,39,10,0,0,*,0
전라남도,담양군,감경,남자,85세이상,84,0,5,25,39,12,*,0,0,*
전라남도,담양군,감경,여자,65세미만,8,*,0,*,*,*,0,0,0,0
전라남도,담양군,감경,여자,65-69세,18,0,0,*,8,*,*,0,0,0
전라남도,담양군,감경,여자,70-74세,34,*,*,*,9,6,*,*,*,0
전라남도,담양군,감경,여자,75-79세,109,*,6,24,49,13,*,*,*,0
전라남도,담양군,감경,여자,80-84세,265,10,16,49,143,32,6,*,*,*
전라남도,담양군,감경,여자,85세이상,524,*,34,166,255,52,6,0,0,*
전라남도,곡성군,일반,남자,65세미만,*,0,0,0,0,0,0,*,0,0
전라남도,곡성군,일반,남자,65-69세,15,0,0,*,6,0,*,*,0,*
전라남도,곡성군,일반,남자,70-74세,25,0,0,*,5,*,*,*,*,*
전라남도,곡성군,일반,남자,75-79세,44,0,*,6,11,*,0,7,*,0
전라남도,곡성군,일반,남자,80-84세,59,*,0,9,19,8,0,5,*,5
전라남도,곡성군,일반,남자,85세이상,95,0,*,7,51,11,*,7,*,*
전라남도,곡성군,일반,여자,65세미만,6,*,0,0,*,0,0,*,0,0
전라남도,곡성군,일반,여자,65-69세,29,0,*,0,*,0,0,10,*,*
전라남도,곡성군,일반,여자,70-74세,59,0,*,6,7,*,0,16,6,*
전라남도,곡성군,일반,여자,75-79세,95,*,*,6,25,15,*,16,13,*
전라남도,곡성군,일반,여자,80-84세,173,0,*,14,60,21,6,30,12,6
전라남도,곡성군,일반,여자,85세이상,242,*,7,35,102,32,0,30,7,*
전라남도,곡성군,기초,남자,65세미만,8,0,0,*,*,0,0,0,0,0
전라남도,곡성군,기초,남자,65-69세,23,0,*,*,7,0,*,*,*,*
전라남도,곡성군,기초,남자,70-74세,10,*,0,*,*,0,0,0,*,0
전라남도,곡성군,기초,남자,75-79세,9,0,*,0,*,0,*,*,*,0
전라남도,곡성군,기초,남자,80-84세,13,0,0,*,6,*,0,0,*,0
전라남도,곡성군,기초,남자,85세이상,11,*,0,*,8,0,0,*,0,0
전라남도,곡성군,기초,여자,65세미만,11,*,0,6,*,0,0,0,*,0
전라남도,곡성군,기초,여자,65-69세,24,*,0,*,7,5,0,*,*,*
전라남도,곡성군,기초,여자,70-74세,17,*,*,*,*,*,0,*,*,0
전라남도,곡성군,기초,여자,75-79세,30,0,*,*,10,8,0,5,*,0
전라남도,곡성군,기초,여자,80-84세,39,*,*,6,13,9,*,5,*,0
전라남도,곡성군,기초,여자,85세이상,93,5,11,16,39,13,0,*,*,0
전라남도,곡성군,의료,남자,65세미만,0,0,0,0,0,0,0,0,0,0
전라남도,곡성군,의료,남자,65-69세,*,0,0,0,0,0,0,0,0,*
전라남도,곡성군,의료,남자,75-79세,*,*,0,0,0,0,0,0,0,0
전라남도,곡성군,의료,남자,80-84세,*,0,0,*,0,*,0,0,0,0
전라남도,곡성군,의료,남자,85세이상,*,0,0,0,*,0,0,*,0,0
전라남도,곡성군,의료,여자,65세미만,0,0,0,0,0,0,0,0,0,0
전라남도,곡성군,의료,여자,65-69세,0,0,0,0,0,0,0,0,0,0
전라남도,곡성군,의료,여자,70-74세,*,0,0,0,0,0,0,0,*,0
전라남도,곡성군,의료,여자,75-79세,0,0,0,0,0,0,0,0,0,0
전라남도,곡성군,의료,여자,80-84세,*,0,0,*,*,0,0,0,0,0
전라남도,곡성군,의료,여자,85세이상,21,*,*,*,16,*,0,*,0,0
전라남도,곡성군,감경,남자,65세미만,5,0,0,*,*,0,0,0,0,0
전라남도,곡성군,감경,남자,65-69세,14,*,*,*,6,0,0,*,0,*
전라남도,곡성군,감경,남자,70-74세,10,0,*,*,7,0,0,0,0,0
전라남도,곡성군,감경,남자,75-79세,30,*,0,7,10,6,5,0,0,0
전라남도,곡성군,감경,남자,80-84세,55,*,*,13,30,*,*,0,0,0
전라남도,곡성군,감경,남자,85세이상,90,*,*,11,53,20,0,*,0,0
전라남도,곡성군,감경,여자,65세미만,7,*,0,0,*,*,0,0,0,0
전라남도,곡성군,감경,여자,65-69세,7,0,0,0,*,*,0,*,0,0
전라남도,곡성군,감경,여자,70-74세,23,*,*,*,8,*,*,0,0,0
전라남도,곡성군,감경,여자,75-79세,62,0,*,15,28,9,*,0,0,0
전라남도,곡성군,감경,여자,80-84세,221,9,10,35,112,42,6,*,*,0
전라남도,곡성군,감경,여자,85세이상,465,12,28,89,257,69,*,*,0,0
전라남도,구례군,일반,남자,65세미만,*,0,0,0,0,0,0,*,0,0
전라남도,구례군,일반,남자,65-69세,14,0,0,*,5,0,0,*,*,*
전라남도,구례군,일반,남자,70-74세,28,*,*,*,12,*,0,*,*,*
전라남도,구례군,일반,남자,75-79세,43,*,*,6,19,*,0,*,*,*
전라남도,구례군,일반,남자,80-84세,61,*,*,9,20,6,*,7,6,*
전라남도,구례군,일반,남자,85세이상,79,0,*,12,35,12,*,5,*,0
전라남도,구례군,일반,여자,65세미만,*,*,0,0,*,0,0,0,0,0
전라남도,구례군,일반,여자,65-69세,21,0,0,*,7,*,0,*,*,*
전라남도,구례군,일반,여자,70-74세,48,*,*,6,15,*,0,*,*,*
전라남도,구례군,일반,여자,75-79세,86,0,0,10,28,8,*,13,6,*
전라남도,구례군,일반,여자,80-84세,191,*,5,12,73,25,*,18,11,6
전라남도,구례군,일반,여자,85세이상,175,*,9,16,88,23,*,6,8,0
전라남도,구례군,기초,남자,65세미만,20,0,*,*,7,*,0,*,0,*
전라남도,구례군,기초,남자,65-69세,23,0,*,*,9,0,*,*,*,*
전라남도,구례군,기초,남자,70-74세,15,*,*,0,6,*,0,*,*,*
전라남도,구례군,기초,남자,75-79세,17,0,0,*,7,*,0,0,*,0
전라남도,구례군,기초,남자,80-84세,12,0,*,0,6,*,0,*,0,*
전라남도,구례군,기초,남자,85세이상,5,0,*,*,*,0,0,0,0,0
전라남도,구례군,기초,여자,65세미만,5,0,0,*,*,0,0,0,*,0
전라남도,구례군,기초,여자,65-69세,18,0,*,*,6,*,*,*,0,*
전라남도,구례군,기초,여자,70-74세,14,*,0,0,7,0,*,*,*,0
전라남도,구례군,기초,여자,75-79세,29,0,*,*,17,*,0,*,0,0
전라남도,구례군,기초,여자,80-84세,38,0,*,8,17,5,0,*,0,0
전라남도,구례군,기초,여자,85세이상,69,*,6,6,35,10,0,*,0,0
전라남도,구례군,의료,남자,65세미만,0,0,0,0,0,0,0,0,0,0
전라남도,구례군,의료,남자,65-69세,*,0,0,0,*,0,0,0,0,0
전라남도,구례군,의료,남자,70-74세,0,0,0,0,0,0,0,0,0,0
전라남도,구례군,의료,남자,75-79세,*,0,*,*,*,0,0,0,0,0
전라남도,구례군,의료,남자,80-84세,*,0,0,0,*,0,0,0,0,0
전라남도,구례군,의료,남자,85세이상,*,0,0,*,*,*,0,0,0,0
전라남도,구례군,의료,여자,70-74세,0,0,0,0,0,0,0,0,0,0
전라남도,구례군,의료,여자,75-79세,*,0,*,0,0,0,0,0,0,0
전라남도,구례군,의료,여자,80-84세,9,0,0,*,5,*,0,0,0,*
전라남도,구례군,의료,여자,85세이상,16,0,*,*,11,*,0,0,0,0
전라남도,구례군,감경,남자,65세미만,*,0,0,*,*,0,0,0,0,0
전라남도,구례군,감경,남자,65-69세,13,*,*,*,7,*,0,0,0,0
전라남도,구례군,감경,남자,70-74세,15,0,0,10,*,0,0,0,0,0
전라남도,구례군,감경,남자,75-79세,35,*,*,7,18,5,*,0,0,0
전라남도,구례군,감경,남자,80-84세,56,0,5,13,28,8,*,0,0,0
전라남도,구례군,감경,남자,85세이상,94,*,*,14,48,21,*,0,0,0
전라남도,구례군,감경,여자,65세미만,6,*,0,*,*,0,0,0,0,0
전라남도,구례군,감경,여자,65-69세,6,0,0,*,*,*,0,0,0,0
전라남도,구례군,감경,여자,70-74세,22,0,*,*,15,0,0,0,0,0
전라남도,구례군,감경,여자,75-79세,73,7,*,15,32,10,*,0,0,0
전라남도,구례군,감경,여자,80-84세,244,*,13,46,132,44,*,*,0,0
전라남도,구례군,감경,여자,85세이상,419,9,31,80,224,65,5,*,0,0
전라남도,고흥군,일반,남자,65세미만,6,0,*,*,*,0,0,*,*,0
전라남도,고흥군,일반,남자,65-69세,37,0,*,*,7,*,*,*,6,*
전라남도,고흥군,일반,남자,70-74세,67,0,*,5,11,7,0,12,*,10
전라남도,고흥군,일반,남자,75-79세,84,*,0,8,26,7,*,13,6,5
전라남도,고흥군,일반,남자,80-84세,133,0,*,13,47,10,*,16,14,*
전라남도,고흥군,일반,남자,85세이상,163,*,6,23,61,10,0,15,12,*
전라남도,고흥군,일반,여자,65세미만,10,0,0,*,0,*,0,*,*,*
전라남도,고흥군,일반,여자,65-69세,41,*,*,*,7,0,0,5,*,*
전라남도,고흥군,일반,여자,70-74세,125,*,*,8,17,8,*,28,18,5
전라남도,고흥군,일반,여자,75-79세,176,0,*,13,39,7,5,41,31,*
전라남도,고흥군,일반,여자,80-84세,342,0,*,23,121,26,7,47,39,9
전라남도,고흥군,일반,여자,85세이상,431,*,14,60,157,47,*,41,38,5
전라남도,고흥군,기초,남자,65세미만,37,0,*,7,7,*,0,*,5,5
전라남도,고흥군,기초,남자,65-69세,61,*,*,*,18,8,*,10,8,5
전라남도,고흥군,기초,남자,70-74세,38,*,*,*,10,*,0,5,5,*
전라남도,고흥군,기초,남자,75-79세,35,0,*,6,5,5,*,*,*,*
전라남도,고흥군,기초,남자,80-84세,25,0,*,*,12,7,0,*,*,0
전라남도,고흥군,기초,남자,85세이상,29,0,0,*,20,*,0,0,*,0
전라남도,고흥군,기초,여자,65세미만,22,*,*,*,*,*,0,5,*,0
전라남도,고흥군,기초,여자,65-69세,30,0,*,*,12,*,*,6,*,0
전라남도,고흥군,기초,여자,70-74세,42,0,*,*,16,*,*,*,*,*
전라남도,고흥군,기초,여자,75-79세,45,0,*,8,19,*,*,*,*,*
전라남도,고흥군,기초,여자,80-84세,92,*,*,11,45,10,*,*,7,*
전라남도,고흥군,기초,여자,85세이상,169,7,19,33,81,13,*,*,*,0
전라남도,고흥군,의료,남자,70-74세,*,0,0,0,*,0,0,0,0,0
전라남도,고흥군,의료,남자,75-79세,*,0,0,*,0,*,0,0,0,0
전라남도,고흥군,의료,남자,80-84세,*,0,0,0,*,*,0,0,0,0
전라남도,고흥군,의료,남자,85세이상,7,*,*,*,*,*,0,0,0,0
전라남도,고흥군,의료,여자,65-69세,0,0,0,0,0,0,0,0,0,0
전라남도,고흥군,의료,여자,70-74세,*,0,0,0,0,0,0,0,0,*
전라남도,고흥군,의료,여자,75-79세,6,0,0,0,*,*,0,0,0,0
전라남도,고흥군,의료,여자,80-84세,8,0,*,*,5,*,0,0,0,0
전라남도,고흥군,의료,여자,85세이상,57,*,*,9,27,5,0,*,0,0
전라남도,고흥군,감경,남자,65세미만,8,*,0,*,*,0,*,*,0,0
전라남도,고흥군,감경,남자,65-69세,29,0,*,6,14,*,0,0,0,0
전라남도,고흥군,감경,남자,70-74세,51,*,*,10,24,*,*,*,0,0
전라남도,고흥군,감경,남자,75-79세,89,*,5,20,40,9,5,*,*,0
전라남도,고흥군,감경,남자,80-84세,152,*,13,22,75,26,6,0,0,0
전라남도,고흥군,감경,남자,85세이상,256,*,13,44,140,40,6,*,*,*
전라남도,고흥군,감경,여자,65세미만,9,*,0,*,*,0,0,*,*,0
전라남도,고흥군,감경,여자,65-69세,30,*,*,6,14,0,*,0,*,0
전라남도,고흥군,감경,여자,70-74세,84,*,*,15,43,10,*,*,*,0
전라남도,고흥군,감경,여자,75-79세,183,7,7,31,85,28,*,*,*,*
전라남도,고흥군,감경,여자,80-84세,528,9,13,101,290,72,13,6,7,0
전라남도,고흥군,감경,여자,85세이상,1145,15,63,247,635,141,13,*,*,0
전라남도,보성군,일반,남자,65세미만,10,0,0,*,*,0,0,5,*,*
전라남도,보성군,일반,남자,65-69세,27,0,0,*,*,*,*,5,*,*
전라남도,보성군,일반,남자,70-74세,40,*,*,8,10,*,0,*,5,*
전라남도,보성군,일반,남자,75-79세,59,*,*,*,20,*,*,8,5,*
전라남도,보성군,일반,남자,80-84세,97,*,*,10,33,11,*,15,6,0
전라남도,보성군,일반,남자,85세이상,116,*,*,16,47,14,*,9,6,*
전라남도,보성군,일반,여자,65세미만,11,0,0,*,0,0,0,7,0,0
전라남도,보성군,일반,여자,65-69세,29,0,0,5,*,0,0,7,*,*
전라남도,보성군,일반,여자,70-74세,79,0,*,*,11,*,*,14,12,5
전라남도,보성군,일반,여자,75-79세,144,*,*,12,25,10,*,24,16,*
전라남도,보성군,일반,여자,80-84세,220,*,7,22,81,18,*,18,19,6
전라남도,보성군,일반,여자,85세이상,319,7,14,34,138,30,*,26,8,*
전라남도,보성군,기초,남자,65세미만,20,*,*,*,*,0,0,8,5,0
전라남도,보성군,기초,남자,65-69세,28,0,*,*,9,*,0,*,*,0
전라남도,보성군,기초,남자,70-74세,20,0,0,0,6,*,0,*,*,*
전라남도,보성군,기초,남자,75-79세,19,*,0,*,*,*,*,*,*,*
전라남도,보성군,기초,남자,80-84세,17,0,*,*,7,*,0,*,0,0
전라남도,보성군,기초,남자,85세이상,9,0,0,*,5,0,0,*,0,0
전라남도,보성군,기초,여자,65세미만,6,*,0,*,*,*,0,0,*,0
전라남도,보성군,기초,여자,65-69세,31,0,0,8,7,0,0,*,*,*
전라남도,보성군,기초,여자,70-74세,27,*,*,*,11,*,0,0,*,*
전라남도,보성군,기초,여자,75-79세,38,*,*,8,10,*,*,6,*,*
전라남도,보성군,기초,여자,80-84세,49,0,*,7,24,*,0,*,*,0
전라남도,보성군,기초,여자,85세이상,84,*,*,14,37,12,0,*,5,0
전라남도,보성군,의료,남자,70-74세,*,0,0,0,0,0,0,0,0,*
전라남도,보성군,의료,남자,75-79세,*,0,0,0,*,0,0,0,0,0
전라남도,보성군,의료,남자,80-84세,0,0,0,0,0,0,0,0,0,0
전라남도,보성군,의료,남자,85세이상,*,0,0,0,*,0,0,0,0,0
전라남도,보성군,의료,여자,65세미만,0,0,0,0,0,0,0,0,0,0
전라남도,보성군,의료,여자,65-69세,0,0,0,0,0,0,0,0,0,0
전라남도,보성군,의료,여자,70-74세,0,0,0,0,0,0,0,0,0,0
전라남도,보성군,의료,여자,75-79세,*,0,0,0,*,0,0,0,0,*
전라남도,보성군,의료,여자,80-84세,6,0,0,*,*,*,0,0,0,0
전라남도,보성군,의료,여자,85세이상,23,*,*,7,11,*,0,*,0,0
전라남도,보성군,감경,남자,65세미만,5,*,*,*,*,0,*,0,0,0
전라남도,보성군,감경,남자,65-69세,14,*,*,*,5,*,0,*,0,0
전라남도,보성군,감경,남자,70-74세,32,*,*,11,12,*,0,0,0,*
전라남도,보성군,감경,남자,75-79세,42,0,*,11,23,*,*,*,0,0
전라남도,보성군,감경,남자,80-84세,66,*,9,11,29,12,*,*,0,0
전라남도,보성군,감경,남자,85세이상,122,*,*,31,60,20,*,*,0,0
전라남도,보성군,감경,여자,65세미만,*,*,0,0,*,0,0,0,0,0
전라남도,보성군,감경,여자,65-69세,12,*,*,*,*,*,0,0,0,0
전라남도,보성군,감경,여자,70-74세,50,*,*,*,30,*,0,0,0,*
전라남도,보성군,감경,여자,75-79세,92,*,*,19,40,9,*,*,*,*
전라남도,보성군,감경,여자,80-84세,251,5,17,50,127,37,*,*,0,0
전라남도,보성군,감경,여자,85세이상,579,20,43,113,305,66,6,*,*,0
전라남도,화순군,일반,남자,65세미만,22,0,*,*,*,*,0,*,*,*
전라남도,화순군,일반,남자,65-69세,49,0,*,5,10,*,0,14,*,*
전라남도,화순군,일반,남자,70-74세,68,*,*,6,18,*,*,11,5,*
전라남도,화순군,일반,남자,75-79세,109,*,*,12,27,7,*,17,13,5
전라남도,화순군,일반,남자,80-84세,124,*,*,14,42,13,*,5,7,*
전라남도,화순군,일반,남자,85세이상,143,*,10,27,55,9,*,8,*,*
전라남도,화순군,일반,여자,65세미만,14,0,*,0,*,0,0,*,*,*
전라남도,화순군,일반,여자,65-69세,56,*,*,8,7,*,*,10,*,*
전라남도,화순군,일반,여자,70-74세,126,0,5,13,21,5,0,34,14,6
전라남도,화순군,일반,여자,75-79세,192,*,*,14,50,18,*,34,16,*
전라남도,화순군,일반,여자,80-84세,306,*,11,38,115,22,*,24,13,*
전라남도,화순군,일반,여자,85세이상,366,15,17,76,142,30,5,19,8,*
전라남도,화순군,기초,남자,65세미만,42,0,*,*,6,7,*,*,*,7
전라남도,화순군,기초,남자,65-69세,43,*,*,8,13,*,*,*,*,*
전라남도,화순군,기초,남자,70-74세,34,*,0,*,13,*,*,*,*,*
전라남도,화순군,기초,남자,75-79세,22,*,0,*,11,0,*,0,*,*
전라남도,화순군,기초,남자,80-84세,21,0,*,*,9,*,0,*,*,0
전라남도,화순군,기초,남자,85세이상,16,0,*,*,6,*,*,0,0,0
전라남도,화순군,기초,여자,65세미만,28,0,*,5,*,0,*,*,*,*
전라남도,화순군,기초,여자,65-69세,24,0,*,0,8,*,0,*,*,*
전라남도,화순군,기초,여자,70-74세,32,*,*,5,8,6,*,*,*,*
전라남도,화순군,기초,여자,75-79세,63,0,8,11,27,*,0,*,*,*
전라남도,화순군,기초,여자,80-84세,65,0,7,13,21,12,*,*,*,*
전라남도,화순군,기초,여자,85세이상,124,*,11,27,61,12,*,*,*,*
전라남도,화순군,의료,남자,65세미만,*,0,0,*,0,0,0,*,0,0
전라남도,화순군,의료,남자,65-69세,*,0,0,0,0,0,0,*,0,0
전라남도,화순군,의료,남자,70-74세,0,0,0,0,0,0,0,0,0,0
전라남도,화순군,의료,남자,75-79세,*,0,0,*,0,0,0,0,0,0
전라남도,화순군,의료,남자,85세이상,*,0,0,0,0,*,0,0,0,0
전라남도,화순군,의료,여자,65세미만,*,*,0,0,0,0,0,0,0,0
전라남도,화순군,의료,여자,65-69세,*,0,*,0,0,0,0,0,0,0
전라남도,화순군,의료,여자,70-74세,*,0,0,0,*,0,0,0,0,0
전라남도,화순군,의료,여자,75-79세,*,0,0,0,0,0,0,*,0,0
전라남도,화순군,의료,여자,80-84세,7,0,0,*,*,0,0,*,0,0
전라남도,화순군,의료,여자,85세이상,20,*,*,*,8,*,0,*,0,0
전라남도,화순군,감경,남자,65세미만,16,*,*,*,6,*,*,0,0,0
전라남도,화순군,감경,남자,65-69세,28,*,*,5,13,*,*,*,*,0
전라남도,화순군,감경,남자,70-74세,37,*,*,7,21,*,*,0,0,*
전라남도,화순군,감경,남자,75-79세,46,*,5,9,18,6,*,*,0,0
전라남도,화순군,감경,남자,80-84세,91,*,5,15,42,17,*,0,*,0
전라남도,화순군,감경,남자,85세이상,136,*,8,27,72,19,*,0,0,0
전라남도,화순군,감경,여자,65세미만,8,*,0,*,*,*,*,0,0,0
전라남도,화순군,감경,여자,65-69세,42,*,*,10,20,*,0,*,0,0
전라남도,화순군,감경,여자,70-74세,70,*,*,14,37,*,*,*,0,*
전라남도,화순군,감경,여자,75-79세,121,*,*,28,53,15,*,0,*,0
전라남도,화순군,감경,여자,80-84세,346,14,15,82,165,43,7,0,*,*
전라남도,화순군,감경,여자,85세이상,631,12,48,183,319,42,6,*,*,0
전라남도,장흥군,일반,남자,65세미만,8,0,0,*,*,0,0,*,0,*
전라남도,장흥군,일반,남자,65-69세,26,*,0,0,6,*,0,9,5,*
전라남도,장흥군,일반,남자,70-74세,42,*,*,*,10,*,0,5,6,*
전라남도,장흥군,일반,남자,75-79세,58,0,*,8,20,*,*,*,5,*
전라남도,장흥군,일반,남자,80-84세,90,*,*,10,25,9,*,6,9,*
전라남도,장흥군,일반,남자,85세이상,108,*,*,23,47,5,*,*,*,*
전라남도,장흥군,일반,여자,65세미만,8,0,0,*,*,0,0,5,*,0
전라남도,장흥군,일반,여자,65-69세,38,*,0,*,9,*,*,5,6,*
전라남도,장흥군,일반,여자,70-74세,59,*,0,*,11,*,*,10,14,*
전라남도,장흥군,일반,여자,75-79세,115,*,*,8,32,10,*,12,17,*
전라남도,장흥군,일반,여자,80-84세,204,*,7,21,68,14,7,14,11,10
전라남도,장흥군,일반,여자,85세이상,275,5,6,69,124,20,*,8,5,*
전라남도,장흥군,기초,남자,65세미만,26,0,*,*,10,*,0,*,*,5
전라남도,장흥군,기초,남자,65-69세,34,0,0,*,16,*,0,5,*,*
전라남도,장흥군,기초,남자,70-74세,33,*,*,*,13,*,*,*,*,*
전라남도,장흥군,기초,남자,75-79세,31,0,0,*,16,*,*,*,*,0
전라남도,장흥군,기초,남자,80-84세,22,0,*,*,9,5,0,*,0,0
전라남도,장흥군,기초,남자,85세이상,9,0,*,*,6,0,0,0,0,*
전라남도,장흥군,기초,여자,65세미만,9,0,0,*,*,*,*,0,0,*
전라남도,장흥군,기초,여자,65-69세,32,0,0,*,9,*,*,5,5,*
전라남도,장흥군,기초,여자,70-74세,34,*,*,*,16,5,*,*,*,0
전라남도,장흥군,기초,여자,75-79세,27,0,*,*,14,*,0,*,*,*
전라남도,장흥군,기초,여자,80-84세,70,*,*,16,36,6,*,*,0,0
전라남도,장흥군,기초,여자,85세이상,94,*,9,15,55,7,*,*,0,0
전라남도,장흥군,의료,남자,65-69세,*,0,0,0,*,0,0,0,0,0
전라남도,장흥군,의료,남자,70-74세,0,0,0,0,0,0,0,0,0,0
전라남도,장흥군,의료,남자,75-79세,*,0,0,0,*,0,0,0,0,0
전라남도,장흥군,의료,남자,80-84세,*,0,0,0,*,0,0,0,0,0
전라남도,장흥군,의료,남자,85세이상,*,0,0,*,*,0,0,0,0,0
전라남도,장흥군,의료,여자,65세미만,0,0,0,0,0,0,0,0,0,0
전라남도,장흥군,의료,여자,65-69세,*,0,0,0,*,0,0,0,0,0
전라남도,장흥군,의료,여자,70-74세,*,0,0,0,0,0,0,0,0,0
전라남도,장흥군,의료,여자,75-79세,*,0,0,0,*,0,0,*,*,0
전라남도,장흥군,의료,여자,80-84세,10,0,0,*,6,*,0,0,0,0
전라남도,장흥군,의료,여자,85세이상,23,0,0,*,19,0,0,0,0,0
전라남도,장흥군,감경,남자,65세미만,7,0,0,*,6,0,0,0,0,0
전라남도,장흥군,감경,남자,65-69세,18,0,*,5,7,*,0,0,0,*
전라남도,장흥군,감경,남자,70-74세,39,*,*,*,23,5,*,0,0,0
전라남도,장흥군,감경,남자,75-79세,58,0,*,11,34,7,*,0,*,0
전라남도,장흥군,감경,남자,80-84세,77,*,8,17,35,11,*,0,0,0
전라남도,장흥군,감경,남자,85세이상,123,*,8,27,72,12,*,0,0,0
전라남도,장흥군,감경,여자,65세미만,*,0,0,*,*,*,0,0,0,0
전라남도,장흥군,감경,여자,65-69세,23,0,*,5,11,*,0,*,0,0
전라남도,장흥군,감경,여자,70-74세,43,0,*,11,23,5,*,0,*,0
전라남도,장흥군,감경,여자,75-79세,136,6,5,21,79,11,*,*,0,0
전라남도,장흥군,감경,여자,80-84세,335,*,20,66,192,26,*,*,*,*
전라남도,장흥군,감경,여자,85세이상,594,8,45,141,353,26,0,*,0,0
전라남도,강진군,일반,남자,65세미만,6,0,0,*,0,0,0,*,*,0
전라남도,강진군,일반,남자,65-69세,22,0,0,*,6,*,0,*,*,0
전라남도,강진군,일반,남자,70-74세,38,*,*,8,7,*,0,6,*,*
전라남도,강진군,일반,남자,75-79세,55,0,0,5,20,5,0,8,7,*
전라남도,강진군,일반,남자,80-84세,74,0,*,9,20,12,*,*,9,*
전라남도,강진군,일반,남자,85세이상,81,*,*,8,28,17,*,*,*,*
전라남도,강진군,일반,여자,65세미만,5,0,0,0,*,*,0,*,0,0
전라남도,강진군,일반,여자,65-69세,40,*,0,*,7,*,*,5,*,*
전라남도,강진군,일반,여자,70-74세,54,0,*,5,6,*,*,11,10,*
전라남도,강진군,일반,여자,75-79세,111,0,*,13,33,14,*,9,14,6
전라남도,강진군,일반,여자,80-84세,209,0,*,15,72,34,*,22,22,*
전라남도,강진군,일반,여자,85세이상,228,*,5,41,78,48,*,11,9,5
전라남도,강진군,기초,남자,65세미만,15,0,0,0,*,*,0,6,*,*
전라남도,강진군,기초,남자,65-69세,31,0,0,0,8,8,*,*,*,*
전라남도,강진군,기초,남자,70-74세,22,*,0,5,5,*,*,*,*,0
전라남도,강진군,기초,남자,75-79세,24,0,0,5,9,*,0,0,*,0
전라남도,강진군,기초,남자,80-84세,16,0,*,*,6,7,*,0,0,0
전라남도,강진군,기초,남자,85세이상,11,0,*,*,5,*,0,0,0,0
전라남도,강진군,기초,여자,65세미만,14,*,0,*,*,*,*,*,*,*
전라남도,강진군,기초,여자,65-69세,19,0,0,*,*,*,*,*,*,*
전라남도,강진군,기초,여자,70-74세,23,0,*,5,8,*,0,*,*,*
전라남도,강진군,기초,여자,75-79세,32,0,*,*,12,9,*,*,*,0
전라남도,강진군,기초,여자,80-84세,56,*,*,8,24,8,*,5,*,*
전라남도,강진군,기초,여자,85세이상,87,0,5,8,48,18,*,0,*,0
전라남도,강진군,의료,남자,70-74세,0,0,0,0,0,0,0,0,0,0
전라남도,강진군,의료,남자,75-79세,*,0,0,0,0,0,0,0,0,0
전라남도,강진군,의료,남자,80-84세,0,0,0,0,0,0,0,0,0,0
전라남도,강진군,의료,남자,85세이상,*,0,0,0,*,0,0,0,0,0
전라남도,강진군,의료,여자,65-69세,*,0,0,0,0,0,0,*,0,0
전라남도,강진군,의료,여자,70-74세,*,0,0,0,*,0,0,0,0,0
전라남도,강진군,의료,여자,75-79세,0,0,0,0,0,0,0,0,0,0
전라남도,강진군,의료,여자,80-84세,*,0,0,0,0,*,0,0,0,0
전라남도,강진군,의료,여자,85세이상,20,0,*,*,8,5,0,0,0,0
전라남도,강진군,감경,남자,65세미만,6,0,*,*,*,*,0,0,0,0
전라남도,강진군,감경,남자,65-69세,9,0,0,*,5,*,0,*,0,0
전라남도,강진군,감경,남자,70-74세,26,0,*,8,8,6,0,*,0,0
전라남도,강진군,감경,남자,75-79세,43,*,*,6,16,10,5,0,0,0
전라남도,강진군,감경,남자,80-84세,77,*,*,13,27,23,*,0,0,0
전라남도,강진군,감경,남자,85세이상,111,*,*,24,55,25,*,0,0,0
전라남도,강진군,감경,여자,65세미만,9,0,*,*,*,*,0,0,0,0
전라남도,강진군,감경,여자,65-69세,17,*,0,*,7,*,0,0,0,0
전라남도,강진군,감경,여자,70-74세,37,0,*,8,14,*,*,0,*,*
전라남도,강진군,감경,여자,75-79세,102,0,*,11,42,32,*,0,*,0
전라남도,강진군,감경,여자,80-84세,285,*,9,43,134,76,6,*,*,*
전라남도,강진군,감경,여자,85세이상,531,8,26,122,253,102,5,0,*,0
전라남도,해남군,일반,남자,65세미만,12,0,0,0,*,0,0,6,*,0
전라남도,해남군,일반,남자,65-69세,46,*,0,6,*,*,*,7,*,7
전라남도,해남군,일반,남자,70-74세,73,*,0,9,15,*,*,9,8,*
전라남도,해남군,일반,남자,75-79세,124,*,*,9,32,8,0,9,17,8
전라남도,해남군,일반,남자,80-84세,129,*,*,15,31,12,6,16,11,5
전라남도,해남군,일반,남자,85세이상,143,*,*,23,43,19,5,11,11,0
전라남도,해남군,일반,여자,65세미만,14,0,0,*,*,0,0,5,0,*
전라남도,해남군,일반,여자,65-69세,48,0,*,*,5,*,0,7,9,0
전라남도,해남군,일반,여자,70-74세,126,*,*,8,24,8,*,17,15,6
전라남도,해남군,일반,여자,75-79세,220,*,*,7,54,26,6,36,21,8
전라남도,해남군,일반,여자,80-84세,347,5,8,24,93,48,9,52,27,13
전라남도,해남군,일반,여자,85세이상,352,*,13,59,122,38,9,35,8,*
전라남도,해남군,기초,남자,65세미만,38,0,*,*,8,*,*,8,*,*
전라남도,해남군,기초,남자,65-69세,59,*,*,*,18,9,*,*,*,*
전라남도,해남군,기초,남자,70-74세,32,0,*,5,13,*,0,0,*,*
전라남도,해남군,기초,남자,75-79세,49,*,*,8,23,*,*,*,*,0
전라남도,해남군,기초,남자,80-84세,15,0,0,*,7,*,*,0,*,0
전라남도,해남군,기초,남자,85세이상,19,0,*,*,8,5,0,0,0,0
전라남도,해남군,기초,여자,65세미만,26,*,*,5,5,*,*,5,*,*
전라남도,해남군,기초,여자,65-69세,31,*,*,*,9,*,0,*,*,*
전라남도,해남군,기초,여자,70-74세,44,0,0,*,20,10,0,*,*,*
전라남도,해남군,기초,여자,75-79세,47,0,*,*,15,12,*,*,*,*
전라남도,해남군,기초,여자,80-84세,76,*,*,10,35,13,*,*,*,0
전라남도,해남군,기초,여자,85세이상,109,*,8,24,45,13,*,6,*,*
전라남도,해남군,의료,남자,65세미만,0,0,0,0,0,0,0,0,0,0
전라남도,해남군,의료,남자,65-69세,0,0,0,0,0,0,0,0,0,0
전라남도,해남군,의료,남자,70-74세,*,0,0,*,0,0,0,0,0,0
전라남도,해남군,의료,남자,75-79세,*,0,0,*,*,0,0,0,0,0
전라남도,해남군,의료,남자,85세이상,*,0,0,0,*,0,0,0,0,0
전라남도,해남군,의료,여자,65세미만,0,0,0,0,0,0,0,0,0,0
전라남도,해남군,의료,여자,65-69세,*,0,0,0,*,0,0,0,0,0
전라남도,해남군,의료,여자,70-74세,0,0,0,0,0,0,0,0,0,0
전라남도,해남군,의료,여자,75-79세,6,0,0,0,5,0,0,*,0,0
전라남도,해남군,의료,여자,80-84세,9,0,0,*,*,*,0,0,0,0
전라남도,해남군,의료,여자,85세이상,26,*,*,*,16,*,0,0,0,0
전라남도,해남군,감경,남자,65세미만,18,0,*,5,*,*,*,*,*,0
전라남도,해남군,감경,남자,65-69세,33,0,*,7,13,*,0,0,0,*
전라남도,해남군,감경,남자,70-74세,42,*,*,8,22,5,*,0,0,*
전라남도,해남군,감경,남자,75-79세,77,*,*,15,33,13,*,0,*,*
전라남도,해남군,감경,남자,80-84세,123,*,7,36,49,26,0,0,0,0
전라남도,해남군,감경,남자,85세이상,146,*,11,28,77,25,*,0,*,0
전라남도,해남군,감경,여자,65세미만,14,0,*,*,*,*,*,*,0,0
전라남도,해남군,감경,여자,65-69세,29,0,*,*,10,5,*,0,*,0
전라남도,해남군,감경,여자,70-74세,94,*,*,22,40,13,*,*,0,0
전라남도,해남군,감경,여자,75-79세,203,5,6,33,96,41,*,5,*,*
전라남도,해남군,감경,여자,80-84세,515,10,21,86,263,97,15,*,*,0
전라남도,해남군,감경,여자,85세이상,757,21,43,167,380,111,11,*,*,0
전라남도,영암군,일반,남자,65세미만,6,0,0,*,*,0,0,0,0,0
전라남도,영암군,일반,남자,65-69세,34,*,*,*,5,*,0,8,*,5
전라남도,영암군,일반,남자,70-74세,31,*,*,*,9,*,*,*,*,*
전라남도,영암군,일반,남자,75-79세,70,0,0,9,22,8,*,10,*,*
전라남도,영암군,일반,남자,80-84세,102,0,*,10,43,9,*,6,7,7
전라남도,영암군,일반,남자,85세이상,129,0,6,16,58,7,*,15,6,*
전라남도,영암군,일반,여자,65세미만,7,0,*,*,0,0,0,*,0,*
전라남도,영암군,일반,여자,65-69세,52,*,0,*,12,*,*,12,*,5
전라남도,영암군,일반,여자,70-74세,67,0,*,*,14,6,*,9,*,5
전라남도,영암군,일반,여자,75-79세,177,*,0,15,39,19,9,12,20,12
전라남도,영암군,일반,여자,80-84세,270,*,9,29,81,20,10,36,15,*
전라남도,영암군,일반,여자,85세이상,290,*,11,48,127,25,*,17,10,8
전라남도,영암군,기초,남자,65세미만,22,0,0,*,*,0,0,*,*,*
전라남도,영암군,기초,남자,65-69세,35,*,*,*,12,*,0,*,*,5
전라남도,영암군,기초,남자,70-74세,22,0,0,*,11,*,0,*,*,*
전라남도,영암군,기초,남자,75-79세,14,0,*,*,*,*,*,*,*,*
전라남도,영암군,기초,남자,80-84세,17,0,*,*,5,*,*,*,*,*
전라남도,영암군,기초,남자,85세이상,*,0,0,0,*,0,*,0,0,0
전라남도,영암군,기초,여자,65세미만,7,0,*,*,*,0,*,*,0,0
전라남도,영암군,기초,여자,65-69세,20,*,0,*,8,0,0,*,*,*
전라남도,영암군,기초,여자,70-74세,23,*,*,*,9,*,0,*,*,0
전라남도,영암군,기초,여자,75-79세,51,*,*,5,22,*,*,0,*,5
전라남도,영암군,기초,여자,80-84세,42,*,*,10,22,*,*,*,*,0
전라남도,영암군,기초,여자,85세이상,76,*,7,15,38,*,0,*,*,*
전라남도,영암군,의료,남자,65-69세,0,0,0,0,0,0,0,0,0,0
전라남도,영암군,의료,남자,70-74세,0,0,0,0,0,0,0,0,0,0
전라남도,영암군,의료,남자,75-79세,*,0,0,0,*,0,0,0,0,0
전라남도,영암군,의료,남자,80-84세,*,0,0,*,0,0,0,0,0,0
전라남도,영암군,의료,여자,65-69세,*,0,0,*,0,0,0,0,0,0
전라남도,영암군,의료,여자,70-74세,*,0,0,0,*,0,0,0,0,0
전라남도,영암군,의료,여자,75-79세,*,0,0,*,*,0,0,0,0,0
전라남도,영암군,의료,여자,80-84세,*,0,0,*,*,0,0,0,0,0
전라남도,영암군,의료,여자,85세이상,18,0,0,5,10,*,0,0,0,0
전라남도,영암군,감경,남자,65세미만,10,*,*,5,*,0,*,0,0,0
전라남도,영암군,감경,남자,65-69세,25,*,*,7,11,*,0,0,0,0
전라남도,영암군,감경,남자,70-74세,30,0,*,6,10,*,*,0,0,*
전라남도,영암군,감경,남자,75-79세,53,*,*,8,32,*,0,0,*,0
전라남도,영암군,감경,남자,80-84세,78,0,5,16,45,10,*,0,0,0
전라남도,영암군,감경,남자,85세이상,113,*,5,26,64,9,*,*,*,*
전라남도,영암군,감경,여자,65세미만,6,*,0,*,*,0,0,*,0,0
전라남도,영암군,감경,여자,65-69세,25,*,0,*,13,0,*,*,*,0
전라남도,영암군,감경,여자,70-74세,47,*,*,*,28,5,*,*,*,0
전라남도,영암군,감경,여자,75-79세,116,*,*,17,60,15,*,*,0,0
전라남도,영암군,감경,여자,80-84세,317,9,19,53,172,36,5,*,*,0
전라남도,영암군,감경,여자,85세이상,553,17,32,133,298,56,5,0,*,0
전라남도,무안군,일반,남자,65세미만,12,*,0,*,*,*,0,*,*,*
전라남도,무안군,일반,남자,65-69세,27,*,*,*,8,*,0,6,*,*
전라남도,무안군,일반,남자,70-74세,54,*,*,5,14,9,*,7,*,0
전라남도,무안군,일반,남자,75-79세,87,*,*,9,28,*,*,16,8,5
전라남도,무안군,일반,남자,80-84세,128,*,*,22,39,13,*,16,8,6
전라남도,무안군,일반,남자,85세이상,102,0,*,14,42,9,*,7,8,*
전라남도,무안군,일반,여자,65세미만,13,*,*,0,*,0,0,*,*,*
전라남도,무안군,일반,여자,65-69세,43,0,*,0,10,*,*,6,9,*
전라남도,무안군,일반,여자,70-74세,104,*,0,5,22,7,5,15,14,8
전라남도,무안군,일반,여자,75-79세,215,*,*,14,61,25,7,33,23,8
전라남도,무안군,일반,여자,80-84세,290,*,8,33,102,36,10,23,16,*
전라남도,무안군,일반,여자,85세이상,330,*,17,53,155,26,6,16,12,*
전라남도,무안군,기초,남자,65세미만,31,0,*,10,7,*,*,*,*,*
전라남도,무안군,기초,남자,65-69세,37,0,*,*,7,*,8,*,*,*
전라남도,무안군,기초,남자,70-74세,40,*,*,*,15,5,5,*,*,*
전라남도,무안군,기초,남자,75-79세,21,0,*,*,6,*,*,0,*,0
전라남도,무안군,기초,남자,80-84세,18,0,0,5,9,*,*,*,*,0
전라남도,무안군,기초,남자,85세이상,12,0,*,*,*,*,0,0,0,0
전라남도,무안군,기초,여자,65세미만,10,0,*,*,*,*,0,*,0,0
전라남도,무안군,기초,여자,65-69세,31,0,*,*,14,0,*,*,0,0
전라남도,무안군,기초,여자,70-74세,30,*,*,6,11,*,*,0,*,*
전라남도,무안군,기초,여자,75-79세,62,*,*,10,21,8,*,5,*,*
전라남도,무안군,기초,여자,80-84세,50,0,*,8,27,5,*,*,0,0
전라남도,무안군,기초,여자,85세이상,86,*,5,23,44,8,0,0,*,*
전라남도,무안군,의료,남자,65세미만,0,0,0,0,0,0,0,0,0,0
전라남도,무안군,의료,남자,65-69세,*,0,0,0,*,0,0,0,0,0
전라남도,무안군,의료,남자,70-74세,*,0,0,*,0,0,0,0,0,0
전라남도,무안군,의료,남자,75-79세,*,0,0,0,0,0,0,0,*,0
전라남도,무안군,의료,남자,80-84세,*,0,0,*,0,0,*,0,0,0
전라남도,무안군,의료,남자,85세이상,*,0,0,*,*,0,0,0,0,0
전라남도,무안군,의료,여자,65세미만,0,0,0,0,0,0,0,0,0,0
전라남도,무안군,의료,여자,65-69세,*,0,0,0,*,0,0,0,*,0
전라남도,무안군,의료,여자,70-74세,*,0,0,0,0,0,0,*,0,0
전라남도,무안군,의료,여자,75-79세,5,0,0,0,*,*,0,*,0,*
전라남도,무안군,의료,여자,80-84세,10,0,0,*,*,0,0,*,0,0
전라남도,무안군,의료,여자,85세이상,25,*,*,5,13,*,0,*,0,0
전라남도,무안군,감경,남자,65세미만,11,0,*,6,*,0,0,0,0,0
전라남도,무안군,감경,남자,65-69세,27,0,*,6,9,*,0,*,0,*
전라남도,무안군,감경,남자,70-74세,38,*,*,*,22,5,0,0,*,0
전라남도,무안군,감경,남자,75-79세,91,*,6,20,45,12,5,0,0,0
전라남도,무안군,감경,남자,80-84세,112,0,5,21,68,14,*,0,0,0
전라남도,무안군,감경,남자,85세이상,112,*,6,24,63,10,6,0,0,0
전라남도,무안군,감경,여자,65세미만,16,*,*,*,9,0,0,0,0,0
전라남도,무안군,감경,여자,65-69세,28,0,0,7,16,*,*,0,0,*
전라남도,무안군,감경,여자,70-74세,54,*,*,9,28,8,*,*,*,0
전라남도,무안군,감경,여자,75-79세,207,*,8,25,110,33,10,0,*,0
전라남도,무안군,감경,여자,80-84세,370,*,18,72,197,62,5,0,*,*
전라남도,무안군,감경,여자,85세이상,639,17,35,153,368,48,*,0,0,0
전라남도,함평군,일반,남자,65세미만,*,0,0,*,0,0,0,*,*,0
전라남도,함평군,일반,남자,65-69세,25,*,0,*,*,0,0,6,*,*
전라남도,함평군,일반,남자,70-74세,41,*,0,5,11,*,0,*,*,*
전라남도,함평군,일반,남자,75-79세,40,0,0,8,12,*,0,*,*,*
전라남도,함평군,일반,남자,80-84세,99,*,*,17,27,11,*,8,9,*
전라남도,함평군,일반,남자,85세이상,88,0,*,12,34,11,*,7,8,*
전라남도,함평군,일반,여자,65세미만,6,*,0,0,0,0,0,*,*,0
전라남도,함평군,일반,여자,65-69세,31,0,*,*,*,*,*,6,5,*
전라남도,함평군,일반,여자,70-74세,73,*,0,*,17,6,0,16,11,*
전라남도,함평군,일반,여자,75-79세,145,0,*,8,39,11,*,20,20,*
전라남도,함평군,일반,여자,80-84세,223,*,6,27,68,23,9,20,22,7
전라남도,함평군,일반,여자,85세이상,276,7,13,44,117,27,*,25,9,5
전라남도,함평군,기초,남자,65세미만,27,*,*,*,7,*,*,*,*,*
전라남도,함평군,기초,남자,65-69세,30,0,0,5,12,*,*,*,6,*
전라남도,함평군,기초,남자,70-74세,24,0,*,*,10,*,*,*,*,0
전라남도,함평군,기초,남자,75-79세,9,0,0,*,*,*,*,0,0,*
전라남도,함평군,기초,남자,80-84세,10,0,*,*,*,0,0,*,0,*
전라남도,함평군,기초,남자,85세이상,11,0,0,*,*,0,0,0,*,0
전라남도,함평군,기초,여자,65세미만,7,0,*,*,*,*,0,*,0,0
전라남도,함평군,기초,여자,65-69세,27,0,*,5,5,*,*,*,*,*
전라남도,함평군,기초,여자,70-74세,26,0,*,*,10,*,*,0,*,*
전라남도,함평군,기초,여자,75-79세,35,0,*,*,14,*,*,*,*,*
전라남도,함평군,기초,여자,80-84세,35,*,*,6,12,*,*,*,0,0
전라남도,함평군,기초,여자,85세이상,57,*,*,13,25,*,*,*,*,0
전라남도,함평군,의료,남자,65세미만,0,0,0,0,0,0,0,0,0,0
전라남도,함평군,의료,남자,65-69세,*,0,0,*,0,0,0,0,0,0
전라남도,함평군,의료,남자,75-79세,0,0,0,0,0,0,0,0,0,0
전라남도,함평군,의료,남자,80-84세,*,0,0,*,0,0,0,0,0,0
전라남도,함평군,의료,남자,85세이상,*,0,0,0,*,0,0,0,0,0
전라남도,함평군,의료,여자,65-69세,*,0,0,0,0,0,*,0,0,0
전라남도,함평군,의료,여자,70-74세,*,0,0,0,*,0,0,0,0,0
전라남도,함평군,의료,여자,75-79세,*,0,0,0,0,*,0,0,0,0
전라남도,함평군,의료,여자,80-84세,*,*,0,0,*,0,0,0,*,0
전라남도,함평군,의료,여자,85세이상,15,0,*,*,7,*,0,*,0,0
전라남도,함평군,감경,남자,65세미만,9,*,0,*,*,0,0,0,0,*
전라남도,함평군,감경,남자,65-69세,13,0,*,6,5,*,0,0,0,0
전라남도,함평군,감경,남자,70-74세,31,0,*,*,20,*,0,0,0,0
전라남도,함평군,감경,남자,75-79세,43,0,*,*,27,7,*,0,0,0
전라남도,함평군,감경,남자,80-84세,73,0,8,13,38,6,*,*,0,0
전라남도,함평군,감경,남자,85세이상,123,*,7,20,71,20,*,0,0,0
전라남도,함평군,감경,여자,65세미만,5,*,0,0,*,*,0,0,0,0
전라남도,함평군,감경,여자,65-69세,20,*,*,*,8,*,*,0,*,0
전라남도,함평군,감경,여자,70-74세,35,0,0,6,14,*,*,0,*,0
전라남도,함평군,감경,여자,75-79세,124,*,*,16,69,21,6,*,*,*
전라남도,함평군,감경,여자,80-84세,302,*,13,55,161,49,*,*,0,0
전라남도,함평군,감경,여자,85세이상,530,16,30,97,314,52,7,*,*,0
전라남도,영광군,일반,남자,65세미만,8,0,0,0,*,0,0,*,*,*
전라남도,영광군,일반,남자,65-69세,45,*,*,*,9,*,*,8,*,*
전라남도,영광군,일반,남자,70-74세,50,0,*,5,19,*,*,6,*,*
전라남도,영광군,일반,남자,75-79세,101,*,*,10,26,*,*,20,9,*
전라남도,영광군,일반,남자,80-84세,115,*,5,12,35,10,*,8,12,8
전라남도,영광군,일반,남자,85세이상,91,*,5,12,37,9,*,8,*,5
전라남도,영광군,일반,여자,65세미만,9,0,0,0,*,0,0,*,*,0
전라남도,영광군,일반,여자,65-69세,49,*,*,*,*,*,*,8,*,5
전라남도,영광군,일반,여자,70-74세,109,*,*,9,29,7,0,22,7,*
전라남도,영광군,일반,여자,75-79세,180,0,7,12,51,9,7,18,25,5
전라남도,영광군,일반,여자,80-84세,290,*,*,40,109,26,6,18,18,*
전라남도,영광군,일반,여자,85세이상,265,6,13,48,115,25,*,9,7,*
전라남도,영광군,기초,남자,65세미만,23,*,0,*,*,0,*,5,*,*
전라남도,영광군,기초,남자,65-69세,44,0,*,*,15,5,0,5,*,*
전라남도,영광군,기초,남자,70-74세,42,0,*,6,12,7,0,*,0,*
전라남도,영광군,기초,남자,75-79세,26,*,*,5,8,*,*,*,0,*
전라남도,영광군,기초,남자,80-84세,18,0,0,5,8,*,*,*,0,0
전라남도,영광군,기초,남자,85세이상,11,0,*,*,7,*,0,0,0,0
전라남도,영광군,기초,여자,65세미만,10,*,*,*,*,0,0,0,0,*
전라남도,영광군,기초,여자,65-69세,38,0,*,*,14,*,*,7,*,*
전라남도,영광군,기초,여자,70-74세,46,0,*,5,22,5,*,*,6,0
전라남도,영광군,기초,여자,75-79세,59,*,*,5,24,8,*,5,*,0
전라남도,영광군,기초,여자,80-84세,62,*,5,8,30,11,0,*,*,0
전라남도,영광군,기초,여자,85세이상,69,*,*,16,33,*,0,*,*,*
전라남도,영광군,의료,남자,65-69세,0,0,0,0,0,0,0,0,0,0
전라남도,영광군,의료,남자,70-74세,*,*,0,0,*,0,0,0,0,0
전라남도,영광군,의료,남자,75-79세,5,*,0,*,*,0,0,0,0,0
전라남도,영광군,의료,남자,80-84세,7,0,0,*,5,0,0,0,0,0
전라남도,영광군,의료,남자,85세이상,*,0,*,0,*,0,0,0,0,0
전라남도,영광군,의료,여자,65-69세,*,0,0,0,0,0,0,*,0,0
전라남도,영광군,의료,여자,70-74세,*,0,0,0,*,0,0,0,0,*
전라남도,영광군,의료,여자,75-79세,*,0,0,*,0,0,0,0,0,0
전라남도,영광군,의료,여자,80-84세,10,0,*,*,*,*,0,0,0,0
전라남도,영광군,의료,여자,85세이상,20,*,*,5,7,*,*,0,0,0
전라남도,영광군,감경,남자,65세미만,6,0,*,*,*,0,0,0,0,0
전라남도,영광군,감경,남자,65-69세,29,0,*,7,15,*,0,*,*,0
전라남도,영광군,감경,남자,70-74세,31,*,*,*,14,*,*,0,0,*
전라남도,영광군,감경,남자,75-79세,68,*,*,12,37,7,*,*,*,0
전라남도,영광군,감경,남자,80-84세,93,0,*,29,38,13,*,0,*,0
전라남도,영광군,감경,남자,85세이상,137,*,*,31,75,13,*,*,0,*
전라남도,영광군,감경,여자,65세미만,*,0,0,*,*,0,0,0,0,0
전라남도,영광군,감경,여자,65-69세,25,*,*,5,13,0,*,*,*,0
전라남도,영광군,감경,여자,70-74세,83,*,*,15,41,11,*,0,*,*
전라남도,영광군,감경,여자,75-79세,149,*,6,20,87,17,*,*,*,0
전라남도,영광군,감경,여자,80-84세,376,*,13,78,199,52,11,*,*,*
전라남도,영광군,감경,여자,85세이상,568,9,37,135,306,59,7,*,*,0
전라남도,장성군,일반,남자,65세미만,*,0,0,0,*,0,0,*,*,0
전라남도,장성군,일반,남자,65-69세,24,*,0,*,5,0,*,5,5,*
전라남도,장성군,일반,남자,70-74세,51,*,0,*,14,*,*,9,*,8
전라남도,장성군,일반,남자,75-79세,88,0,*,7,35,8,*,12,8,*
전라남도,장성군,일반,남자,80-84세,128,*,*,13,45,19,*,14,*,*
전라남도,장성군,일반,남자,85세이상,130,7,6,16,44,18,*,10,10,*
전라남도,장성군,일반,여자,65세미만,12,*,0,*,*,0,0,*,*,*
전라남도,장성군,일반,여자,65-69세,37,0,0,*,*,*,0,9,7,*
전라남도,장성군,일반,여자,70-74세,82,*,*,5,13,6,0,13,13,0
전라남도,장성군,일반,여자,75-79세,179,0,*,24,41,19,*,23,19,6
전라남도,장성군,일반,여자,80-84세,279,*,*,30,104,38,6,26,21,*
전라남도,장성군,일반,여자,85세이상,333,8,17,57,156,40,6,16,9,*
전라남도,장성군,기초,남자,65세미만,12,*,0,*,*,0,0,*,0,*
전라남도,장성군,기초,남자,65-69세,35,*,*,*,7,7,*,*,5,*
전라남도,장성군,기초,남자,70-74세,22,0,*,*,5,5,0,0,*,*
전라남도,장성군,기초,남자,75-79세,23,0,0,*,8,6,0,*,*,*
전라남도,장성군,기초,남자,80-84세,19,*,*,*,7,*,0,*,0,*
전라남도,장성군,기초,남자,85세이상,11,0,0,*,*,*,*,0,*,0
전라남도,장성군,기초,여자,65세미만,9,*,0,*,*,0,*,0,*,*
전라남도,장성군,기초,여자,65-69세,21,0,*,*,*,*,*,*,*,*
전라남도,장성군,기초,여자,70-74세,23,*,*,*,8,*,*,*,5,0
전라남도,장성군,기초,여자,75-79세,40,0,0,6,15,11,*,*,*,0
전라남도,장성군,기초,여자,80-84세,42,*,0,6,15,9,*,*,*,0
전라남도,장성군,기초,여자,85세이상,77,0,*,26,27,12,0,*,*,0
전라남도,장성군,의료,남자,65세미만,0,0,0,0,0,0,0,0,0,0
전라남도,장성군,의료,남자,65-69세,*,0,0,0,0,*,0,0,0,0
전라남도,장성군,의료,남자,70-74세,*,0,0,0,*,0,*,0,0,0
전라남도,장성군,의료,남자,75-79세,0,0,0,0,0,0,0,0,0,0
전라남도,장성군,의료,남자,80-84세,5,0,*,0,*,0,0,*,0,0
전라남도,장성군,의료,남자,85세이상,*,0,*,*,*,0,0,0,0,0
전라남도,장성군,의료,여자,65-69세,*,0,0,0,*,0,0,0,0,0
전라남도,장성군,의료,여자,70-74세,*,*,0,0,*,0,0,0,0,0
전라남도,장성군,의료,여자,75-79세,*,0,0,0,*,*,0,*,0,0
전라남도,장성군,의료,여자,80-84세,7,0,0,*,*,0,0,0,*,0
전라남도,장성군,의료,여자,85세이상,17,0,*,7,*,*,0,0,0,0
전라남도,장성군,감경,남자,65세미만,7,*,0,*,*,0,0,0,0,0
전라남도,장성군,감경,남자,65-69세,19,*,0,5,11,*,*,0,0,0
전라남도,장성군,감경,남자,70-74세,39,0,*,8,21,*,*,0,*,0
전라남도,장성군,감경,남자,75-79세,52,*,*,11,23,9,*,0,0,0
전라남도,장성군,감경,남자,80-84세,95,*,*,11,40,25,5,0,*,0
전라남도,장성군,감경,남자,85세이상,110,*,8,21,60,16,*,0,0,0
전라남도,장성군,감경,여자,65세미만,*,*,0,*,0,0,0,0,0,0
전라남도,장성군,감경,여자,65-69세,21,*,*,5,6,*,*,0,*,0
전라남도,장성군,감경,여자,70-74세,58,*,*,6,26,11,*,0,0,*
전라남도,장성군,감경,여자,75-79세,110,0,5,17,54,23,*,*,*,0
전라남도,장성군,감경,여자,80-84세,313,5,14,47,166,64,*,*,0,0
전라남도,장성군,감경,여자,85세이상,520,20,32,120,268,62,6,*,0,0
전라남도,완도군,일반,남자,65세미만,6,0,0,*,*,0,0,*,0,*
전라남도,완도군,일반,남자,65-69세,21,0,*,*,*,0,0,8,*,*
전라남도,완도군,일반,남자,70-74세,49,*,*,8,13,*,0,11,5,*
전라남도,완도군,일반,남자,75-79세,82,0,*,16,19,*,*,18,7,8
전라남도,완도군,일반,남자,80-84세,114,0,*,10,29,7,*,24,17,10
전라남도,완도군,일반,남자,85세이상,79,0,*,7,24,*,*,17,9,5
전라남도,완도군,일반,여자,65세미만,9,*,*,*,*,0,0,*,0,0
전라남도,완도군,일반,여자,65-69세,45,0,0,*,*,*,0,12,8,5
전라남도,완도군,일반,여자,70-74세,62,0,*,*,6,*,0,19,9,*
전라남도,완도군,일반,여자,75-79세,127,0,*,6,24,8,*,26,23,13
전라남도,완도군,일반,여자,80-84세,229,0,*,23,67,13,*,43,33,15
전라남도,완도군,일반,여자,85세이상,218,*,*,27,80,21,*,25,24,9
전라남도,완도군,기초,남자,65세미만,14,*,*,*,6,0,0,*,0,*
전라남도,완도군,기초,남자,65-69세,32,0,0,*,13,*,*,6,*,*
전라남도,완도군,기초,남자,70-74세,24,*,0,*,13,0,0,*,0,0
전라남도,완도군,기초,남자,75-79세,17,0,0,*,6,*,*,*,*,0
전라남도,완도군,기초,남자,80-84세,19,0,0,*,8,*,0,0,*,*
전라남도,완도군,기초,남자,85세이상,15,0,*,*,6,*,*,0,0,*
전라남도,완도군,기초,여자,65세미만,9,0,0,*,*,0,0,*,*,0
전라남도,완도군,기초,여자,65-69세,12,0,*,0,*,0,0,*,*,*
전라남도,완도군,기초,여자,70-74세,28,0,*,*,11,*,*,*,6,0
전라남도,완도군,기초,여자,75-79세,51,0,*,9,20,*,*,*,8,*
전라남도,완도군,기초,여자,80-84세,55,*,*,5,30,*,*,*,7,0
전라남도,완도군,기초,여자,85세이상,84,*,*,16,45,*,*,5,*,0
전라남도,완도군,의료,남자,65세미만,*,0,0,*,0,0,0,0,0,0
전라남도,완도군,의료,남자,70-74세,*,0,0,0,0,0,0,0,0,*
전라남도,완도군,의료,남자,75-79세,*,0,0,0,*,0,0,*,0,0
전라남도,완도군,의료,남자,80-84세,*,0,0,*,*,0,0,0,0,0
전라남도,완도군,의료,남자,85세이상,*,0,*,*,*,0,0,0,0,0
전라남도,완도군,의료,여자,70-74세,0,0,0,0,0,0,0,0,0,0
전라남도,완도군,의료,여자,75-79세,*,0,0,*,*,0,0,0,0,0
전라남도,완도군,의료,여자,80-84세,*,0,0,*,*,0,0,*,0,0
전라남도,완도군,의료,여자,85세이상,23,0,*,*,12,*,*,*,*,0
전라남도,완도군,감경,남자,65세미만,7,0,0,*,*,0,0,0,0,0
전라남도,완도군,감경,남자,65-69세,22,0,*,*,15,*,0,0,0,*
전라남도,완도군,감경,남자,70-74세,36,0,*,7,21,*,*,0,0,0
전라남도,완도군,감경,남자,75-79세,74,0,*,17,43,5,*,0,0,0
전라남도,완도군,감경,남자,80-84세,133,0,*,28,70,22,5,*,*,0
전라남도,완도군,감경,남자,85세이상,153,0,*,25,95,21,6,0,0,0
전라남도,완도군,감경,여자,65세미만,*,0,0,*,*,0,0,0,0,0
전라남도,완도군,감경,여자,65-69세,25,*,0,7,11,*,*,0,0,*
전라남도,완도군,감경,여자,70-74세,80,*,*,12,40,14,*,*,*,*
전라남도,완도군,감경,여자,75-79세,172,*,*,32,98,15,*,*,6,*
전라남도,완도군,감경,여자,80-84세,457,*,15,91,281,43,12,*,*,0
전라남도,완도군,감경,여자,85세이상,657,6,31,160,385,55,9,*,*,0
전라남도,진도군,일반,남자,65세미만,6,0,*,0,*,0,0,*,*,0
전라남도,진도군,일반,남자,65-69세,23,0,0,*,0,*,0,*,*,7
전라남도,진도군,일반,남자,70-74세,25,0,*,*,9,0,*,*,*,*
전라남도,진도군,일반,남자,75-79세,41,0,*,*,10,*,0,10,6,*
전라남도,진도군,일반,남자,80-84세,47,0,0,*,19,*,*,9,9,0
전라남도,진도군,일반,남자,85세이상,54,0,*,8,17,*,*,*,5,*
전라남도,진도군,일반,여자,65세미만,*,0,0,0,0,0,0,*,0,0
전라남도,진도군,일반,여자,65-69세,19,0,0,*,*,0,0,*,*,0
전라남도,진도군,일반,여자,70-74세,36,0,0,*,*,0,0,6,9,*
전라남도,진도군,일반,여자,75-79세,85,0,*,10,15,*,*,13,15,*
전라남도,진도군,일반,여자,80-84세,125,0,*,14,36,10,*,13,12,*
전라남도,진도군,일반,여자,85세이상,130,*,7,21,64,5,0,8,8,0
전라남도,진도군,기초,남자,65세미만,16,*,0,*,7,0,0,*,*,*
전라남도,진도군,기초,남자,65-69세,31,0,*,*,11,*,0,7,6,*
전라남도,진도군,기초,남자,70-74세,19,0,0,*,7,*,0,*,*,0
전라남도,진도군,기초,남자,75-79세,12,0,0,*,*,0,*,*,*,*
전라남도,진도군,기초,남자,80-84세,*,0,*,*,*,*,0,0,0,0
전라남도,진도군,기초,남자,85세이상,13,0,0,*,8,*,0,*,*,0
전라남도,진도군,기초,여자,65세미만,10,*,*,*,*,*,0,*,0,*
전라남도,진도군,기초,여자,65-69세,17,0,0,*,7,*,*,*,*,*
전라남도,진도군,기초,여자,70-74세,27,0,*,*,17,0,0,0,*,0
전라남도,진도군,기초,여자,75-79세,29,0,*,5,16,*,0,*,*,*
전라남도,진도군,기초,여자,80-84세,38,*,0,7,19,*,0,*,*,*
전라남도,진도군,기초,여자,85세이상,53,*,8,9,25,*,*,*,*,0
전라남도,진도군,의료,남자,70-74세,*,0,0,*,0,0,0,0,0,0
전라남도,진도군,의료,남자,75-79세,*,0,0,0,*,0,0,0,*,0
전라남도,진도군,의료,남자,80-84세,*,0,0,0,0,*,0,0,0,0
전라남도,진도군,의료,여자,65-69세,*,0,0,0,0,0,0,0,*,0
전라남도,진도군,의료,여자,70-74세,0,0,0,0,0,0,0,0,0,0
전라남도,진도군,의료,여자,75-79세,*,0,0,0,*,*,0,0,0,0
전라남도,진도군,의료,여자,80-84세,*,0,0,0,*,0,*,0,0,0
전라남도,진도군,의료,여자,85세이상,10,0,0,*,6,0,0,0,0,0
전라남도,진도군,감경,남자,65세미만,*,0,0,*,*,0,0,0,0,0
전라남도,진도군,감경,남자,65-69세,15,0,0,6,5,*,*,*,0,0
전라남도,진도군,감경,남자,70-74세,21,0,*,*,10,*,*,0,0,0
전라남도,진도군,감경,남자,75-79세,45,0,*,13,27,*,0,0,0,0
전라남도,진도군,감경,남자,80-84세,59,0,5,20,22,8,*,0,0,0
전라남도,진도군,감경,남자,85세이상,81,*,6,20,38,10,*,0,*,0
전라남도,진도군,감경,여자,65세미만,*,0,0,0,*,0,*,0,0,0
전라남도,진도군,감경,여자,65-69세,19,0,*,*,8,0,*,0,*,0
전라남도,진도군,감경,여자,70-74세,42,*,*,6,11,7,*,*,*,0
전라남도,진도군,감경,여자,75-79세,93,*,*,22,45,12,*,0,*,0
전라남도,진도군,감경,여자,80-84세,214,*,*,52,113,30,0,*,*,0
전라남도,진도군,감경,여자,85세이상,389,*,21,121,208,31,*,*,0,0
전라남도,신안군,일반,남자,65세미만,5,0,0,*,0,0,0,*,*,*
전라남도,신안군,일반,남자,65-69세,20,0,*,*,5,*,0,6,*,*
전라남도,신안군,일반,남자,70-74세,35,0,*,0,9,*,0,6,5,5
전라남도,신안군,일반,남자,75-79세,61,0,0,7,18,10,*,*,9,*
전라남도,신안군,일반,남자,80-84세,77,*,*,*,20,14,0,11,13,6
전라남도,신안군,일반,남자,85세이상,75,0,5,6,37,10,0,*,6,*
전라남도,신안군,일반,여자,65세미만,5,*,0,*,*,0,0,0,0,0
전라남도,신안군,일반,여자,65-69세,19,0,0,*,*,*,0,*,*,5
전라남도,신안군,일반,여자,70-74세,50,0,*,*,6,*,*,12,9,6
전라남도,신안군,일반,여자,75-79세,98,0,*,10,30,7,0,19,9,*
전라남도,신안군,일반,여자,80-84세,194,*,*,21,76,24,*,19,10,*
전라남도,신안군,일반,여자,85세이상,167,*,5,24,77,16,*,9,13,0
전라남도,신안군,기초,남자,65세미만,14,0,*,0,5,0,*,*,*,*
전라남도,신안군,기초,남자,65-69세,27,0,*,*,11,*,*,*,*,*
전라남도,신안군,기초,남자,70-74세,21,*,0,6,7,*,*,*,*,0
전라남도,신안군,기초,남자,75-79세,16,0,*,*,*,*,0,*,*,0
전라남도,신안군,기초,남자,80-84세,12,0,0,*,*,*,0,*,*,0
전라남도,신안군,기초,남자,85세이상,12,0,*,*,5,*,0,*,0,0
전라남도,신안군,기초,여자,65세미만,6,0,0,*,*,*,0,0,*,0
전라남도,신안군,기초,여자,65-69세,13,*,0,*,*,*,0,*,*,0
전라남도,신안군,기초,여자,70-74세,21,0,*,*,6,5,0,*,*,*
전라남도,신안군,기초,여자,75-79세,32,0,*,5,11,7,0,*,*,*
전라남도,신안군,기초,여자,80-84세,48,0,*,0,27,5,*,*,*,*
전라남도,신안군,기초,여자,85세이상,80,*,5,17,43,10,*,0,*,0
전라남도,신안군,의료,남자,70-74세,0,0,0,0,0,0,0,0,0,0
전라남도,신안군,의료,남자,75-79세,*,0,0,0,*,0,0,0,*,0
전라남도,신안군,의료,남자,80-84세,*,0,0,0,*,*,0,*,0,0
전라남도,신안군,의료,남자,85세이상,*,0,0,0,*,0,0,0,0,0
전라남도,신안군,의료,여자,65-69세,*,0,0,0,0,0,0,0,0,*
전라남도,신안군,의료,여자,70-74세,0,0,0,0,0,0,0,0,0,0
전라남도,신안군,의료,여자,75-79세,0,0,0,0,0,0,0,0,0,0
전라남도,신안군,의료,여자,80-84세,*,0,*,0,*,0,0,0,0,0
전라남도,신안군,의료,여자,85세이상,10,0,*,*,5,*,0,0,0,0
전라남도,신안군,감경,남자,65세미만,*,*,0,*,0,0,0,0,0,0
전라남도,신안군,감경,남자,65-69세,18,*,0,*,7,6,0,0,0,0
전라남도,신안군,감경,남자,70-74세,37,0,0,14,10,8,*,*,0,*
전라남도,신안군,감경,남자,75-79세,60,0,*,12,29,16,0,*,0,0
전라남도,신안군,감경,남자,80-84세,92,0,*,16,42,23,5,0,0,0
전라남도,신안군,감경,남자,85세이상,99,*,9,14,49,25,0,0,0,0
전라남도,신안군,감경,여자,65세미만,*,0,0,0,*,*,0,*,0,0
전라남도,신안군,감경,여자,65-69세,14,0,*,*,6,*,0,0,0,0
전라남도,신안군,감경,여자,70-74세,32,*,0,7,13,9,0,0,0,*
전라남도,신안군,감경,여자,75-79세,87,*,*,13,52,10,0,*,*,0
전라남도,신안군,감경,여자,80-84세,284,*,10,41,154,47,*,0,*,0
전라남도,신안군,감경,여자,85세이상,473,10,24,98,255,71,*,0,0,0
경상북도,포항시,일반,남자,65세미만,99,*,*,11,11,*,*,20,13,*
경상북도,포항시,일반,남자,65-69세,289,6,13,38,62,17,5,51,20,10
경상북도,포항시,일반,남자,70-74세,410,8,13,65,113,31,8,39,22,9
경상북도,포항시,일반,남자,75-79세,516,7,17,78,157,39,7,53,26,11
경상북도,포항시,일반,남자,80-84세,595,11,22,91,197,57,19,49,28,8
경상북도,포항시,일반,남자,85세이상,518,6,24,89,190,60,8,35,22,*
경상북도,포항시,일반,여자,65세미만,121,5,7,10,24,*,0,23,5,7
경상북도,포항시,일반,여자,65-69세,301,5,15,24,54,10,6,52,24,12
경상북도,포항시,일반,여자,70-74세,524,9,12,51,145,34,15,62,35,10
경상북도,포항시,일반,여자,75-79세,953,26,29,103,287,70,25,94,46,13
경상북도,포항시,일반,여자,80-84세,1378,18,34,188,527,123,33,95,50,9
경상북도,포항시,일반,여자,85세이상,1345,40,64,279,528,99,23,71,26,6
경상북도,포항시,기초,남자,65세미만,198,6,5,27,59,10,5,25,14,8
경상북도,포항시,기초,남자,65-69세,307,*,5,27,106,28,12,27,25,16
경상북도,포항시,기초,남자,70-74세,256,6,*,24,108,24,5,17,17,9
경상북도,포항시,기초,남자,75-79세,176,*,8,25,59,17,6,10,9,12
경상북도,포항시,기초,남자,80-84세,179,5,6,24,75,23,*,9,7,*
경상북도,포항시,기초,남자,85세이상,116,*,7,16,47,20,*,6,*,0
경상북도,포항시,기초,여자,65세미만,114,*,6,13,27,*,*,23,7,*
경상북도,포항시,기초,여자,65-69세,251,*,11,34,85,12,8,30,18,6
경상북도,포항시,기초,여자,70-74세,321,*,9,36,133,23,9,28,26,6
경상북도,포항시,기초,여자,75-79세,441,5,16,59,190,37,14,36,21,5
경상북도,포항시,기초,여자,80-84세,574,8,23,99,262,53,*,17,16,5
경상북도,포항시,기초,여자,85세이상,667,21,32,156,319,46,6,5,*,*
경상북도,포항시,의료,남자,65세미만,*,*,0,0,0,0,0,*,0,0
경상북도,포항시,의료,남자,65-69세,5,*,*,*,0,0,0,0,0,0
경상북도,포항시,의료,남자,70-74세,*,0,0,0,0,0,0,*,*,0
경상북도,포항시,의료,남자,75-79세,15,*,0,*,6,0,*,0,0,0
경상북도,포항시,의료,남자,80-84세,11,0,*,*,5,0,*,0,*,0
경상북도,포항시,의료,남자,85세이상,11,0,*,*,*,*,*,0,*,0
경상북도,포항시,의료,여자,65세미만,*,0,0,0,0,*,0,0,0,0
경상북도,포항시,의료,여자,65-69세,6,0,0,*,*,0,0,*,*,0
경상북도,포항시,의료,여자,70-74세,17,0,0,6,7,0,0,*,0,0
경상북도,포항시,의료,여자,75-79세,19,0,0,6,10,0,0,0,*,0
경상북도,포항시,의료,여자,80-84세,18,0,0,*,7,*,0,*,*,0
경상북도,포항시,의료,여자,85세이상,66,0,*,25,27,*,*,0,0,0
경상북도,포항시,감경,남자,65세미만,61,*,*,18,13,8,*,0,0,*
경상북도,포항시,감경,남자,65-69세,176,11,7,51,60,15,*,*,*,0
경상북도,포항시,감경,남자,70-74세,243,6,10,65,110,23,*,*,*,*
경상북도,포항시,감경,남자,75-79세,322,8,12,65,147,50,11,0,*,*
경상북도,포항시,감경,남자,80-84세,364,7,13,77,177,56,14,*,0,0
경상북도,포항시,감경,남자,85세이상,365,13,24,82,182,34,9,*,0,0
경상북도,포항시,감경,여자,65세미만,47,5,*,13,16,5,0,0,0,0
경상북도,포항시,감경,여자,65-69세,176,9,12,33,70,18,5,*,*,*
경상북도,포항시,감경,여자,70-74세,332,15,16,78,120,44,13,*,*,*
경상북도,포항시,감경,여자,75-79세,623,16,29,129,274,83,18,5,5,0
경상북도,포항시,감경,여자,80-84세,1274,35,69,267,625,145,26,6,*,*
경상북도,포항시,감경,여자,85세이상,1943,65,140,540,918,142,16,6,*,*
경상북도,경주시,일반,남자,65세미만,68,*,0,11,11,*,*,14,9,*
경상북도,경주시,일반,남자,65-69세,182,*,7,23,45,15,*,20,14,*
경상북도,경주시,일반,남자,70-74세,261,10,6,30,83,11,*,34,26,*
경상북도,경주시,일반,남자,75-79세,391,6,19,61,121,41,6,42,20,5
경상북도,경주시,일반,남자,80-84세,495,12,15,85,181,41,10,48,23,8
경상북도,경주시,일반,남자,85세이상,530,9,23,94,237,42,*,29,16,5
경상북도,경주시,일반,여자,65세미만,51,*,*,7,10,5,0,7,*,*
경상북도,경주시,일반,여자,65-69세,179,*,*,20,42,*,0,36,14,*
경상북도,경주시,일반,여자,70-74세,420,7,7,46,109,26,*,61,24,7
경상북도,경주시,일반,여자,75-79세,745,11,16,82,251,57,12,83,40,7
경상북도,경주시,일반,여자,80-84세,1269,20,38,179,525,113,25,106,46,9
경상북도,경주시,일반,여자,85세이상,1442,47,66,319,648,123,10,58,21,*
경상북도,경주시,기초,남자,65세미만,96,*,6,10,28,6,0,14,7,5
경상북도,경주시,기초,남자,65-69세,157,*,*,21,48,11,7,20,7,8
경상북도,경주시,기초,남자,70-74세,113,*,*,14,43,10,5,10,9,*
경상북도,경주시,기초,남자,75-79세,74,0,*,6,26,12,*,5,*,*
경상북도,경주시,기초,남자,80-84세,85,*,*,11,37,8,*,6,*,*
경상북도,경주시,기초,남자,85세이상,66,*,*,10,27,9,*,*,*,*
경상북도,경주시,기초,여자,65세미만,64,6,*,*,11,*,*,12,5,*
경상북도,경주시,기초,여자,65-69세,106,6,*,17,30,13,*,11,8,*
경상북도,경주시,기초,여자,70-74세,163,*,*,18,69,18,*,15,7,*
경상북도,경주시,기초,여자,75-79세,190,9,5,34,71,18,*,12,12,*
경상북도,경주시,기초,여자,80-84세,274,7,9,42,135,30,*,13,6,*
경상북도,경주시,기초,여자,85세이상,363,7,26,87,168,22,*,7,*,0
경상북도,경주시,의료,남자,65세미만,*,0,0,0,*,0,0,0,0,0
경상북도,경주시,의료,남자,65-69세,*,0,0,0,*,0,0,*,0,0
경상북도,경주시,의료,남자,70-74세,5,0,0,*,*,0,0,0,0,0
경상북도,경주시,의료,남자,75-79세,10,*,0,*,5,*,0,*,0,0
경상북도,경주시,의료,남자,80-84세,*,0,*,0,*,*,0,0,0,0
경상북도,경주시,의료,남자,85세이상,9,0,*,*,5,0,0,0,0,0
경상북도,경주시,의료,여자,65세미만,0,0,0,0,0,0,0,0,0,0
경상북도,경주시,의료,여자,65-69세,*,0,0,0,0,0,0,0,0,0
경상북도,경주시,의료,여자,70-74세,5,0,0,*,*,*,0,0,0,0
경상북도,경주시,의료,여자,75-79세,9,0,0,*,*,*,0,*,*,0
경상북도,경주시,의료,여자,80-84세,20,0,*,*,15,*,0,0,0,0
경상북도,경주시,의료,여자,85세이상,48,*,*,12,24,*,*,0,0,0
경상북도,경주시,감경,남자,65세미만,47,*,*,14,17,*,*,0,0,0
경상북도,경주시,감경,남자,65-69세,87,8,*,21,35,11,*,*,0,0
경상북도,경주시,감경,남자,70-74세,139,*,11,28,62,21,*,0,*,0
경상북도,경주시,감경,남자,75-79세,172,*,*,44,81,24,*,*,0,0
경상북도,경주시,감경,남자,80-84세,243,*,9,54,135,27,*,*,*,0
경상북도,경주시,감경,남자,85세이상,288,8,11,65,163,31,*,*,0,*
경상북도,경주시,감경,여자,65세미만,32,*,5,5,6,*,*,0,0,0
경상북도,경주시,감경,여자,65-69세,89,*,5,27,38,9,*,0,*,0
경상북도,경주시,감경,여자,70-74세,204,6,6,43,92,29,6,5,0,0
경상북도,경주시,감경,여자,75-79세,356,11,11,82,165,39,11,*,0,0
경상북도,경주시,감경,여자,80-84세,869,24,45,177,466,82,13,5,*,*
경상북도,경주시,감경,여자,85세이상,1414,49,87,356,749,101,8,*,*,0
경상북도,김천시,일반,남자,65세미만,31,*,0,8,7,*,0,*,*,*
경상북도,김천시,일반,남자,65-69세,68,0,*,10,17,5,*,14,*,*
경상북도,김천시,일반,남자,70-74세,93,*,0,10,33,12,*,7,*,*
경상북도,김천시,일반,남자,75-79세,165,*,11,29,61,22,5,8,*,*
경상북도,김천시,일반,남자,80-84세,175,0,7,27,70,22,*,6,9,*
경상북도,김천시,일반,남자,85세이상,269,*,*,43,131,48,*,8,5,*
경상북도,김천시,일반,여자,65세미만,21,0,*,5,*,*,*,*,*,*
경상북도,김천시,일반,여자,65-69세,67,*,*,9,17,5,*,8,8,0
경상북도,김천시,일반,여자,70-74세,161,*,6,8,33,18,5,24,10,*
경상북도,김천시,일반,여자,75-79세,252,*,7,31,79,37,10,22,18,*
경상북도,김천시,일반,여자,80-84세,494,*,11,76,205,78,8,25,15,*
경상북도,김천시,일반,여자,85세이상,610,10,29,129,252,88,*,21,12,*
경상북도,김천시,기초,남자,65세미만,69,*,6,14,11,8,*,6,*,*
경상북도,김천시,기초,남자,65-69세,86,0,*,10,31,16,*,*,10,*
경상북도,김천시,기초,남자,70-74세,71,0,*,7,21,11,6,6,*,*
경상북도,김천시,기초,남자,75-79세,59,*,*,5,22,16,*,0,*,*
경상북도,김천시,기초,남자,80-84세,44,0,*,*,17,14,*,*,*,0
경상북도,김천시,기초,남자,85세이상,29,0,*,*,13,6,0,0,*,0
경상북도,김천시,기초,여자,65세미만,39,*,*,*,9,8,0,7,0,*
경상북도,김천시,기초,여자,65-69세,69,*,0,10,27,11,0,*,5,*
경상북도,김천시,기초,여자,70-74세,79,*,*,8,35,12,*,7,*,0
경상북도,김천시,기초,여자,75-79세,89,*,7,9,43,16,0,*,*,0
경상북도,김천시,기초,여자,80-84세,169,*,15,22,80,32,*,0,*,0
경상북도,김천시,기초,여자,85세이상,239,6,18,57,119,31,0,*,0,0
경상북도,김천시,의료,남자,65세미만,*,0,0,0,0,0,0,0,*,0
경상북도,김천시,의료,남자,65-69세,*,0,0,*,0,0,0,0,0,0
경상북도,김천시,의료,남자,70-74세,*,0,0,*,0,0,0,0,0,0
경상북도,김천시,의료,남자,75-79세,*,0,0,0,0,*,0,0,*,0
경상북도,김천시,의료,남자,80-84세,*,0,0,0,*,0,0,0,0,0
경상북도,김천시,의료,남자,85세이상,6,0,*,*,*,0,0,0,0,0
경상북도,김천시,의료,여자,65세미만,0,0,0,0,0,0,0,0,0,0
경상북도,김천시,의료,여자,65-69세,*,*,0,0,*,0,0,0,0,0
경상북도,김천시,의료,여자,70-74세,*,0,0,0,0,0,0,0,0,0
경상북도,김천시,의료,여자,75-79세,*,0,0,*,0,0,0,*,0,0
경상북도,김천시,의료,여자,80-84세,10,0,*,*,*,*,0,*,0,0
경상북도,김천시,의료,여자,85세이상,44,*,7,9,25,*,0,0,0,0
경상북도,김천시,감경,남자,65세미만,29,*,*,6,9,*,0,*,0,0
경상북도,김천시,감경,남자,65-69세,62,*,*,15,25,7,*,*,0,0
경상북도,김천시,감경,남자,70-74세,70,0,*,18,27,13,*,*,0,*
경상북도,김천시,감경,남자,75-79세,97,*,6,17,48,15,*,*,0,0
경상북도,김천시,감경,남자,80-84세,147,*,*,33,77,23,*,0,0,0
경상북도,김천시,감경,남자,85세이상,231,*,10,48,120,42,*,0,0,0
경상북도,김천시,감경,여자,65세미만,19,*,*,7,*,*,*,*,0,*
경상북도,김천시,감경,여자,65-69세,61,*,*,10,23,12,*,*,0,0
경상북도,김천시,감경,여자,70-74세,122,*,5,16,65,12,5,*,*,0
경상북도,김천시,감경,여자,75-79세,231,*,18,47,104,28,7,*,*,0
경상북도,김천시,감경,여자,80-84세,597,10,33,120,294,96,10,*,0,*
경상북도,김천시,감경,여자,85세이상,1093,35,82,293,520,134,7,0,0,0
경상북도,안동시,일반,남자,65세미만,39,5,*,*,8,*,0,5,*,*
경상북도,안동시,일반,남자,65-69세,85,6,6,13,11,*,*,13,8,5
경상북도,안동시,일반,남자,70-74세,134,5,6,29,30,7,*,11,7,5
경상북도,안동시,일반,남자,75-79세,211,6,11,35,70,15,6,13,10,5
경상북도,안동시,일반,남자,80-84세,282,*,15,39,111,29,6,14,18,10
경상북도,안동시,일반,남자,85세이상,329,7,12,54,145,43,*,8,13,*
경상북도,안동시,일반,여자,65세미만,25,*,*,*,5,*,0,*,*,*
경상북도,안동시,일반,여자,65-69세,117,*,*,9,20,*,*,18,19,*
경상북도,안동시,일반,여자,70-74세,210,5,9,23,44,16,7,30,17,6
경상북도,안동시,일반,여자,75-79세,371,9,15,37,102,21,10,41,36,6
경상북도,안동시,일반,여자,80-84세,669,15,26,107,236,74,11,47,31,14
경상북도,안동시,일반,여자,85세이상,825,26,49,136,370,89,8,25,16,*
경상북도,안동시,기초,남자,65세미만,87,*,8,14,30,*,*,9,*,*
경상북도,안동시,기초,남자,65-69세,117,*,8,16,37,11,5,7,6,*
경상북도,안동시,기초,남자,70-74세,82,*,7,7,36,8,*,6,*,6
경상북도,안동시,기초,남자,75-79세,62,0,*,14,23,7,*,*,*,*
경상북도,안동시,기초,남자,80-84세,57,*,6,8,20,8,*,*,*,*
경상북도,안동시,기초,남자,85세이상,43,0,*,6,22,*,0,*,*,0
경상북도,안동시,기초,여자,65세미만,68,7,8,15,15,*,*,7,*,*
경상북도,안동시,기초,여자,65-69세,125,6,6,17,40,16,*,13,7,*
경상북도,안동시,기초,여자,70-74세,98,*,6,12,35,12,*,7,*,*
경상북도,안동시,기초,여자,75-79세,115,6,9,12,44,15,*,*,8,*
경상북도,안동시,기초,여자,80-84세,234,9,9,34,107,32,*,16,*,5
경상북도,안동시,기초,여자,85세이상,234,9,22,47,117,18,*,*,*,*
경상북도,안동시,의료,남자,65-69세,*,0,0,0,*,0,0,0,0,0
경상북도,안동시,의료,남자,70-74세,0,0,0,0,0,0,0,0,0,0
경상북도,안동시,의료,남자,75-79세,*,0,*,0,*,*,0,0,0,0
경상북도,안동시,의료,남자,80-84세,*,0,0,0,*,0,0,0,0,0
경상북도,안동시,의료,남자,85세이상,9,0,0,*,*,*,0,0,*,0
경상북도,안동시,의료,여자,65세미만,*,*,0,0,0,0,0,0,0,0
경상북도,안동시,의료,여자,65-69세,*,0,0,0,*,0,0,0,0,0
경상북도,안동시,의료,여자,70-74세,*,*,0,0,0,0,0,*,0,0
경상북도,안동시,의료,여자,75-79세,8,0,0,*,*,*,0,0,0,0
경상북도,안동시,의료,여자,80-84세,6,0,0,0,5,0,0,0,0,0
경상북도,안동시,의료,여자,85세이상,39,*,*,6,22,*,*,0,*,0
경상북도,안동시,감경,남자,65세미만,34,5,*,9,6,0,*,0,0,0
경상북도,안동시,감경,남자,65-69세,60,5,5,19,16,*,*,0,*,0
경상북도,안동시,감경,남자,70-74세,93,8,7,25,38,7,5,0,0,0
경상북도,안동시,감경,남자,75-79세,140,*,8,30,72,24,0,*,0,0
경상북도,안동시,감경,남자,80-84세,208,7,16,52,98,25,5,*,0,0
경상북도,안동시,감경,남자,85세이상,263,7,16,65,132,34,5,0,0,0
경상북도,안동시,감경,여자,65세미만,26,*,*,11,6,0,0,*,0,0
경상북도,안동시,감경,여자,65-69세,60,*,*,17,18,*,*,0,*,*
경상북도,안동시,감경,여자,70-74세,139,8,14,24,63,9,*,*,*,0
경상북도,안동시,감경,여자,75-79세,255,9,21,47,111,37,5,6,*,0
경상북도,안동시,감경,여자,80-84세,725,27,43,153,367,92,11,*,*,0
경상북도,안동시,감경,여자,85세이상,1256,38,100,338,655,92,8,*,0,0
경상북도,구미시,일반,남자,65세미만,76,0,*,12,18,6,0,13,*,*
경상북도,구미시,일반,남자,65-69세,144,11,*,16,36,13,*,22,7,8
경상북도,구미시,일반,남자,70-74세,140,*,*,26,32,14,*,14,12,6
경상북도,구미시,일반,남자,75-79세,189,*,7,29,58,25,*,23,8,*
경상북도,구미시,일반,남자,80-84세,227,*,*,37,76,35,8,18,9,*
경상북도,구미시,일반,남자,85세이상,276,*,15,53,121,47,*,10,*,*
경상북도,구미시,일반,여자,65세미만,73,5,*,12,6,7,*,19,*,6
경상북도,구미시,일반,여자,65-69세,155,5,9,19,30,*,5,24,14,6
경상북도,구미시,일반,여자,70-74세,223,5,10,29,56,21,5,25,18,*
경상북도,구미시,일반,여자,75-79세,376,9,11,52,107,63,6,37,20,6
경상북도,구미시,일반,여자,80-84세,695,9,27,107,253,122,15,45,16,7
경상북도,구미시,일반,여자,85세이상,805,25,51,188,288,124,14,27,9,5
경상북도,구미시,기초,남자,65세미만,130,7,7,22,32,18,*,11,*,5
경상북도,구미시,기초,남자,65-69세,123,5,7,17,34,29,*,*,5,6
경상북도,구미시,기초,남자,70-74세,98,*,*,17,29,23,6,*,0,*
경상북도,구미시,기초,남자,75-79세,77,*,*,11,20,18,11,*,*,0
경상북도,구미시,기초,남자,80-84세,48,*,*,8,14,10,*,*,*,*
경상북도,구미시,기초,남자,85세이상,44,0,*,11,26,*,0,*,0,0
경상북도,구미시,기초,여자,65세미만,91,*,6,23,16,9,*,6,8,5
경상북도,구미시,기초,여자,65-69세,116,*,11,19,31,20,*,5,*,*
경상북도,구미시,기초,여자,70-74세,132,*,5,18,45,29,*,7,*,*
경상북도,구미시,기초,여자,75-79세,148,*,8,14,65,28,7,*,*,*
경상북도,구미시,기초,여자,80-84세,200,7,12,47,76,38,*,6,*,0
경상북도,구미시,기초,여자,85세이상,273,9,39,73,106,32,0,*,0,*
경상북도,구미시,의료,남자,70-74세,*,0,0,0,*,0,0,0,0,0
경상북도,구미시,의료,남자,75-79세,7,0,0,*,*,0,0,*,0,0
경상북도,구미시,의료,남자,80-84세,*,0,0,0,*,*,0,0,0,0
경상북도,구미시,의료,남자,85세이상,6,0,0,*,*,*,0,0,0,0
경상북도,구미시,의료,여자,65세미만,0,0,0,0,0,0,0,0,0,0
경상북도,구미시,의료,여자,65-69세,0,0,0,0,0,0,0,0,0,0
경상북도,구미시,의료,여자,70-74세,6,0,0,*,*,*,0,0,0,0
경상북도,구미시,의료,여자,75-79세,8,0,0,*,*,*,0,0,*,0
경상북도,구미시,의료,여자,80-84세,6,0,0,*,*,*,0,0,0,0
경상북도,구미시,의료,여자,85세이상,46,*,*,9,18,7,0,*,0,0
경상북도,구미시,감경,남자,65세미만,72,*,*,21,26,5,*,0,0,*
경상북도,구미시,감경,남자,65-69세,116,*,7,34,49,14,*,0,0,0
경상북도,구미시,감경,남자,70-74세,120,5,6,34,45,22,*,0,0,0
경상북도,구미시,감경,남자,75-79세,166,8,12,38,66,31,7,0,*,0
경상북도,구미시,감경,남자,80-84세,211,*,10,44,93,50,*,0,0,0
경상북도,구미시,감경,남자,85세이상,267,7,12,65,119,56,*,0,0,0
경상북도,구미시,감경,여자,65세미만,48,*,*,15,13,7,*,*,0,*
경상북도,구미시,감경,여자,65-69세,87,6,*,22,31,11,*,*,*,0
경상북도,구미시,감경,여자,70-74세,204,11,10,44,72,42,9,*,0,0
경상북도,구미시,감경,여자,75-79세,349,15,19,84,144,61,11,*,0,0
경상북도,구미시,감경,여자,80-84세,875,30,79,216,355,165,8,0,*,0
경상북도,구미시,감경,여자,85세이상,1406,53,147,422,583,178,10,*,0,0
경상북도,영주시,일반,남자,65세미만,23,0,0,*,0,0,0,8,*,5
경상북도,영주시,일반,남자,65-69세,47,*,*,6,10,0,*,*,6,*
경상북도,영주시,일반,남자,70-74세,74,*,*,12,14,6,*,7,5,6
경상북도,영주시,일반,남자,75-79세,102,*,*,14,27,10,*,6,8,8
경상북도,영주시,일반,남자,80-84세,164,*,*,26,44,34,*,7,11,9
경상북도,영주시,일반,남자,85세이상,198,0,6,37,70,38,6,6,6,*
경상북도,영주시,일반,여자,65세미만,16,0,0,*,*,0,*,6,0,*
경상북도,영주시,일반,여자,65-69세,68,0,0,6,13,7,*,6,10,*
경상북도,영주시,일반,여자,70-74세,116,*,6,14,17,9,*,16,11,6
경상북도,영주시,일반,여자,75-79세,197,*,*,17,39,26,9,22,18,11
경상북도,영주시,일반,여자,80-84세,405,6,12,53,116,70,9,29,18,10
경상북도,영주시,일반,여자,85세이상,502,*,26,110,209,58,9,18,11,*
경상북도,영주시,기초,남자,65세미만,41,0,*,8,9,*,0,5,0,6
경상북도,영주시,기초,남자,65-69세,44,0,*,5,9,7,*,5,*,*
경상북도,영주시,기초,남자,70-74세,37,*,*,5,8,7,*,*,*,*
경상북도,영주시,기초,남자,75-79세,27,0,0,8,7,*,0,*,*,*
경상북도,영주시,기초,남자,80-84세,24,0,0,*,11,6,*,0,0,*
경상북도,영주시,기초,남자,85세이상,17,0,*,*,6,5,0,*,0,0
경상북도,영주시,기초,여자,65세미만,26,*,*,*,*,*,0,*,6,5
경상북도,영주시,기초,여자,65-69세,48,*,*,6,8,6,*,*,*,5
경상북도,영주시,기초,여자,70-74세,48,*,*,10,16,*,*,*,6,0
경상북도,영주시,기초,여자,75-79세,60,*,*,*,14,14,*,*,10,*
경상북도,영주시,기초,여자,80-84세,89,0,6,10,28,24,*,*,*,*
경상북도,영주시,기초,여자,85세이상,160,*,9,34,65,30,*,*,*,0
경상북도,영주시,의료,남자,65세미만,*,0,0,0,0,0,0,*,0,0
경상북도,영주시,의료,남자,65-69세,*,0,0,0,0,0,0,0,*,0
경상북도,영주시,의료,남자,70-74세,*,*,*,0,*,0,0,0,0,0
경상북도,영주시,의료,남자,75-79세,*,0,0,*,*,0,0,0,0,0
경상북도,영주시,의료,남자,80-84세,*,0,0,*,0,0,0,0,0,0
경상북도,영주시,의료,남자,85세이상,*,*,0,0,*,0,0,0,0,0
경상북도,영주시,의료,여자,65세미만,*,0,0,0,0,0,0,0,*,0
경상북도,영주시,의료,여자,65-69세,0,0,0,0,0,0,0,0,0,0
경상북도,영주시,의료,여자,70-74세,*,0,0,*,0,0,0,0,0,0
경상북도,영주시,의료,여자,75-79세,*,0,0,0,0,0,0,0,*,0
경상북도,영주시,의료,여자,80-84세,5,0,0,0,*,*,0,*,0,0
경상북도,영주시,의료,여자,85세이상,22,*,5,*,7,*,*,*,0,0
경상북도,영주시,감경,남자,65세미만,15,*,0,6,6,0,0,0,0,0
경상북도,영주시,감경,남자,65-69세,28,*,0,5,6,5,*,0,*,0
경상북도,영주시,감경,남자,70-74세,49,0,0,14,15,8,6,*,0,0
경상북도,영주시,감경,남자,75-79세,59,*,6,13,18,14,0,*,*,0
경상북도,영주시,감경,남자,80-84세,105,*,*,23,49,17,*,0,*,0
경상북도,영주시,감경,남자,85세이상,191,*,7,58,74,43,5,0,0,0
경상북도,영주시,감경,여자,65세미만,7,*,*,*,*,0,0,0,0,0
경상북도,영주시,감경,여자,65-69세,29,*,*,8,9,*,*,0,0,0
경상북도,영주시,감경,여자,70-74세,68,*,5,12,17,13,7,*,*,*
경상북도,영주시,감경,여자,75-79세,124,*,6,27,49,20,6,*,*,0
경상북도,영주시,감경,여자,80-84세,407,8,24,86,173,84,12,0,*,*
경상북도,영주시,감경,여자,85세이상,730,16,55,191,304,140,6,*,*,0
경상북도,영천시,일반,남자,65세미만,24,0,0,6,*,0,*,6,*,*
경상북도,영천시,일반,남자,65-69세,66,0,*,6,25,*,0,9,6,*
경상북도,영천시,일반,남자,70-74세,120,0,*,22,39,5,*,15,6,*
경상북도,영천시,일반,남자,75-79세,157,*,*,21,67,13,*,12,9,*
경상북도,영천시,일반,남자,80-84세,213,*,5,32,81,30,*,9,13,*
경상북도,영천시,일반,남자,85세이상,223,*,7,46,97,21,7,11,6,*
경상북도,영천시,일반,여자,65세미만,10,*,0,*,*,*,0,*,0,0
경상북도,영천시,일반,여자,65-69세,74,0,*,7,17,*,*,13,*,*
경상북도,영천시,일반,여자,70-74세,153,*,*,24,41,15,0,18,9,*
경상북도,영천시,일반,여자,75-79세,337,*,6,38,115,30,5,34,18,6
경상북도,영천시,일반,여자,80-84세,522,*,14,83,220,58,7,30,24,5
경상북도,영천시,일반,여자,85세이상,553,9,14,117,265,51,9,22,8,0
경상북도,영천시,기초,남자,65세미만,63,*,*,7,21,7,*,*,*,*
경상북도,영천시,기초,남자,65-69세,86,*,*,10,24,11,*,8,9,9
경상북도,영천시,기초,남자,70-74세,66,0,*,11,32,9,0,*,*,*
경상북도,영천시,기초,남자,75-79세,53,0,0,9,14,15,*,*,*,*
경상북도,영천시,기초,남자,80-84세,47,*,0,7,16,9,*,*,*,*
경상북도,영천시,기초,남자,85세이상,42,*,*,9,20,7,*,0,0,0
경상북도,영천시,기초,여자,65세미만,31,0,*,7,5,*,0,5,*,*
경상북도,영천시,기초,여자,65-69세,80,*,*,11,21,9,*,*,7,*
경상북도,영천시,기초,여자,70-74세,78,0,5,13,31,7,*,6,*,0
경상북도,영천시,기초,여자,75-79세,116,*,*,14,56,10,*,7,*,*
경상북도,영천시,기초,여자,80-84세,158,*,7,26,81,20,*,*,0,*
경상북도,영천시,기초,여자,85세이상,181,*,14,54,78,19,0,*,0,0
경상북도,영천시,의료,남자,65-69세,*,0,0,*,0,0,0,0,0,0
경상북도,영천시,의료,남자,70-74세,*,0,0,0,*,*,0,0,0,0
경상북도,영천시,의료,남자,75-79세,*,0,0,*,0,0,0,0,0,0
경상북도,영천시,의료,남자,80-84세,*,0,0,*,0,0,0,0,0,0
경상북도,영천시,의료,여자,65-69세,0,0,0,0,0,0,0,0,0,0
경상북도,영천시,의료,여자,70-74세,*,0,0,*,*,0,0,0,0,0
경상북도,영천시,의료,여자,75-79세,*,0,0,0,*,0,0,0,0,0
경상북도,영천시,의료,여자,80-84세,*,0,0,*,0,0,0,0,0,0
경상북도,영천시,의료,여자,85세이상,32,0,*,10,15,*,0,0,0,0
경상북도,영천시,감경,남자,65세미만,14,*,*,*,6,*,*,0,0,0
경상북도,영천시,감경,남자,65-69세,52,*,*,12,21,*,0,*,0,*
경상북도,영천시,감경,남자,70-74세,73,0,0,21,34,14,*,0,0,0
경상북도,영천시,감경,남자,75-79세,111,0,*,29,59,15,*,*,0,0
경상북도,영천시,감경,남자,80-84세,141,*,8,38,65,23,*,*,0,0
경상북도,영천시,감경,남자,85세이상,200,0,9,50,99,36,*,*,0,0
경상북도,영천시,감경,여자,65세미만,16,*,0,*,*,5,*,0,0,0
경상북도,영천시,감경,여자,65-69세,35,0,*,7,18,*,0,*,0,*
경상북도,영천시,감경,여자,70-74세,113,0,6,21,59,11,*,*,*,*
경상북도,영천시,감경,여자,75-79세,213,7,13,47,97,27,*,*,0,0
경상북도,영천시,감경,여자,80-84세,559,*,17,128,305,75,5,0,*,*
경상북도,영천시,감경,여자,85세이상,843,11,59,223,431,94,*,*,0,0
경상북도,상주시,일반,남자,65세미만,21,0,0,5,6,0,0,5,*,0
경상북도,상주시,일반,남자,65-69세,48,0,*,6,7,*,0,8,*,7
경상북도,상주시,일반,남자,70-74세,100,*,*,15,23,7,*,14,7,5
경상북도,상주시,일반,남자,75-79세,144,*,*,36,32,19,*,13,9,*
경상북도,상주시,일반,남자,80-84세,225,*,5,33,78,40,*,18,5,*
경상북도,상주시,일반,남자,85세이상,250,0,6,49,100,47,9,10,10,*
경상북도,상주시,일반,여자,65세미만,8,0,*,*,*,0,0,*,*,0
경상북도,상주시,일반,여자,65-69세,63,*,*,*,*,*,0,11,6,*
경상북도,상주시,일반,여자,70-74세,133,*,*,10,25,8,*,30,13,*
경상북도,상주시,일반,여자,75-79세,266,5,9,22,79,21,*,38,19,8
경상북도,상주시,일반,여자,80-84세,529,13,7,77,186,96,16,49,21,*
경상북도,상주시,일반,여자,85세이상,668,20,30,129,292,86,13,31,20,*
경상북도,상주시,기초,남자,65세미만,46,*,*,7,14,5,*,5,*,*
경상북도,상주시,기초,남자,65-69세,55,*,*,5,26,6,0,*,*,*
경상북도,상주시,기초,남자,70-74세,47,0,0,8,20,7,*,*,*,*
경상북도,상주시,기초,남자,75-79세,31,*,*,*,14,*,0,0,*,*
경상북도,상주시,기초,남자,80-84세,40,0,*,*,19,7,*,0,*,0
경상북도,상주시,기초,남자,85세이상,17,0,0,*,6,*,*,0,0,0
경상북도,상주시,기초,여자,65세미만,32,*,0,5,9,6,*,*,*,0
경상북도,상주시,기초,여자,65-69세,50,*,*,*,19,*,*,*,*,*
경상북도,상주시,기초,여자,70-74세,67,*,5,5,24,9,0,5,8,0
경상북도,상주시,기초,여자,75-79세,71,0,*,9,29,19,*,*,*,*
경상북도,상주시,기초,여자,80-84세,115,*,*,18,54,23,0,*,*,*
경상북도,상주시,기초,여자,85세이상,179,12,16,35,89,14,*,*,*,0
경상북도,상주시,의료,남자,65-69세,0,0,0,0,0,0,0,0,0,0
경상북도,상주시,의료,남자,70-74세,*,0,0,0,*,0,0,0,0,0
경상북도,상주시,의료,남자,80-84세,0,0,0,0,0,0,0,0,0,0
경상북도,상주시,의료,남자,85세이상,*,0,0,*,0,*,0,0,*,0
경상북도,상주시,의료,여자,65-69세,0,0,0,0,0,0,0,0,0,0
경상북도,상주시,의료,여자,70-74세,*,0,0,*,0,0,0,0,0,0
경상북도,상주시,의료,여자,75-79세,*,0,0,0,*,0,0,0,0,0
경상북도,상주시,의료,여자,80-84세,*,0,0,*,*,0,*,0,0,0
경상북도,상주시,의료,여자,85세이상,20,0,*,*,9,*,0,0,0,*
경상북도,상주시,감경,남자,65세미만,16,*,*,*,8,0,0,0,0,0
경상북도,상주시,감경,남자,65-69세,51,*,0,10,26,6,*,*,0,0
경상북도,상주시,감경,남자,70-74세,60,*,*,12,26,10,*,0,0,0
경상북도,상주시,감경,남자,75-79세,98,*,*,19,43,18,*,*,*,*
경상북도,상주시,감경,남자,80-84세,148,*,11,24,73,30,5,0,0,0
경상북도,상주시,감경,남자,85세이상,259,5,7,52,135,55,*,0,0,0
경상북도,상주시,감경,여자,65세미만,19,*,*,5,6,*,0,*,0,0
경상북도,상주시,감경,여자,65-69세,36,*,*,8,15,6,*,*,0,0
경상북도,상주시,감경,여자,70-74세,104,*,5,19,50,12,9,*,0,0
경상북도,상주시,감경,여자,75-79세,249,*,11,53,118,47,*,*,*,0
경상북도,상주시,감경,여자,80-84세,651,15,27,128,326,127,8,0,*,0
경상북도,상주시,감경,여자,85세이상,1206,34,78,285,627,152,8,*,0,0
경상북도,문경시,일반,남자,65세미만,23,0,*,*,5,*,0,*,*,5
경상북도,문경시,일반,남자,65-69세,52,0,*,7,15,0,*,5,*,0
경상북도,문경시,일반,남자,70-74세,83,*,*,19,18,5,*,9,*,*
경상북도,문경시,일반,남자,75-79세,107,0,*,14,42,16,0,7,8,*
경상북도,문경시,일반,남자,80-84세,157,*,5,27,59,24,*,12,*,*
경상북도,문경시,일반,남자,85세이상,177,0,8,32,76,25,0,8,*,*
경상북도,문경시,일반,여자,65세미만,20,*,0,*,*,0,*,*,*,0
경상북도,문경시,일반,여자,65-69세,62,*,*,10,11,5,0,5,8,*
경상북도,문경시,일반,여자,70-74세,133,*,*,9,34,10,*,15,8,5
경상북도,문경시,일반,여자,75-79세,222,5,9,34,68,21,*,18,11,9
경상북도,문경시,일반,여자,80-84세,324,*,9,47,126,54,*,18,10,*
경상북도,문경시,일반,여자,85세이상,421,*,31,104,178,39,*,13,5,*
경상북도,문경시,기초,남자,65세미만,47,*,6,11,16,*,0,*,*,*
경상북도,문경시,기초,남자,65-69세,50,*,*,8,17,10,*,*,*,*
경상북도,문경시,기초,남자,70-74세,40,*,*,5,19,6,0,*,5,0
경상북도,문경시,기초,남자,75-79세,22,0,*,*,11,*,0,*,0,0
경상북도,문경시,기초,남자,80-84세,29,*,*,*,12,7,0,0,0,0
경상북도,문경시,기초,남자,85세이상,15,0,*,*,7,*,0,0,0,0
경상북도,문경시,기초,여자,65세미만,19,*,*,5,5,0,0,0,0,*
경상북도,문경시,기초,여자,65-69세,41,0,*,5,18,*,0,*,*,*
경상북도,문경시,기초,여자,70-74세,45,*,*,5,21,6,*,5,*,0
경상북도,문경시,기초,여자,75-79세,61,0,*,8,27,8,*,*,*,*
경상북도,문경시,기초,여자,80-84세,106,*,*,22,47,19,0,*,0,*
경상북도,문경시,기초,여자,85세이상,137,5,14,36,58,16,0,0,0,0
경상북도,문경시,의료,남자,65세미만,0,0,0,0,0,0,0,0,0,0
경상북도,문경시,의료,남자,65-69세,*,0,0,0,*,0,0,0,0,0
경상북도,문경시,의료,남자,85세이상,*,0,0,0,*,0,0,0,0,0
경상북도,문경시,의료,여자,65-69세,*,0,0,0,*,0,0,0,0,0
경상북도,문경시,의료,여자,70-74세,*,0,0,0,*,0,0,0,0,0
경상북도,문경시,의료,여자,75-79세,*,0,0,*,*,*,0,0,0,0
경상북도,문경시,의료,여자,80-84세,8,0,*,*,*,*,0,*,0,0
경상북도,문경시,의료,여자,85세이상,23,*,*,9,7,*,0,0,0,0
경상북도,문경시,감경,남자,65세미만,12,*,0,*,*,*,0,0,*,0
경상북도,문경시,감경,남자,65-69세,33,0,*,10,15,*,0,0,*,0
경상북도,문경시,감경,남자,70-74세,50,*,*,20,17,6,0,0,0,0
경상북도,문경시,감경,남자,75-79세,72,0,*,23,26,16,*,*,0,0
경상북도,문경시,감경,남자,80-84세,119,*,8,26,51,30,*,0,0,0
경상북도,문경시,감경,남자,85세이상,190,*,10,48,100,26,*,0,0,0
경상북도,문경시,감경,여자,65세미만,13,*,*,*,*,*,0,*,*,0
경상북도,문경시,감경,여자,65-69세,35,*,*,5,14,*,*,*,0,0
경상북도,문경시,감경,여자,70-74세,85,*,*,14,30,18,*,*,0,0
경상북도,문경시,감경,여자,75-79세,169,*,7,24,88,30,5,*,0,0
경상북도,문경시,감경,여자,80-84세,412,10,20,105,201,66,*,0,0,0
경상북도,문경시,감경,여자,85세이상,835,15,67,224,421,93,6,*,0,0
경상북도,경산시,일반,남자,65세미만,48,*,*,7,11,*,0,9,*,0
경상북도,경산시,일반,남자,65-69세,137,5,7,28,31,9,*,13,5,*
경상북도,경산시,일반,남자,70-74세,212,*,11,41,73,20,*,9,6,*
경상북도,경산시,일반,남자,75-79세,275,*,6,49,90,35,6,20,10,*
경상북도,경산시,일반,남자,80-84세,299,*,19,62,108,34,*,10,12,*
경상북도,경산시,일반,남자,85세이상,375,*,24,72,150,47,*,12,*,*
경상북도,경산시,일반,여자,65세미만,45,*,*,10,7,*,*,6,*,0
경상북도,경산시,일반,여자,65-69세,121,*,*,15,31,7,0,23,5,*
경상북도,경산시,일반,여자,70-74세,296,9,6,40,85,23,5,32,15,7
경상북도,경산시,일반,여자,75-79세,533,16,18,70,140,76,13,59,21,*
경상북도,경산시,일반,여자,80-84세,857,17,44,142,313,117,15,48,13,6
경상북도,경산시,일반,여자,85세이상,980,30,80,233,398,101,10,29,9,*
경상북도,경산시,기초,남자,65세미만,115,5,7,21,24,12,6,12,5,*
경상북도,경산시,기초,남자,65-69세,108,0,*,22,36,12,*,9,10,0
경상북도,경산시,기초,남자,70-74세,97,*,*,13,50,12,*,*,*,0
경상북도,경산시,기초,남자,75-79세,57,0,*,6,32,9,*,*,*,0
경상북도,경산시,기초,남자,80-84세,70,*,*,18,26,13,0,*,*,0
경상북도,경산시,기초,남자,85세이상,65,*,*,15,35,5,*,*,*,0
경상북도,경산시,기초,여자,65세미만,63,*,*,21,12,6,*,6,*,0
경상북도,경산시,기초,여자,65-69세,96,*,6,18,25,17,*,*,8,*
경상북도,경산시,기초,여자,70-74세,132,*,6,25,51,17,*,8,*,*
경상북도,경산시,기초,여자,75-79세,176,6,12,22,83,19,*,*,6,*
경상북도,경산시,기초,여자,80-84세,283,8,29,60,121,34,*,8,*,0
경상북도,경산시,기초,여자,85세이상,357,17,41,95,155,36,*,*,0,0
경상북도,경산시,의료,남자,65세미만,*,0,0,0,*,0,0,0,0,0
경상북도,경산시,의료,남자,65-69세,*,0,0,*,0,0,0,0,0,0
경상북도,경산시,의료,남자,70-74세,*,0,0,*,*,0,0,0,0,0
경상북도,경산시,의료,남자,75-79세,5,0,0,*,*,0,0,0,0,0
경상북도,경산시,의료,남자,80-84세,7,0,0,*,*,*,0,0,0,0
경상북도,경산시,의료,남자,85세이상,7,0,0,*,5,0,0,0,0,0
경상북도,경산시,의료,여자,65세미만,*,0,0,0,*,0,0,0,0,0
경상북도,경산시,의료,여자,65-69세,*,0,0,0,0,0,0,*,0,0
경상북도,경산시,의료,여자,70-74세,5,0,0,0,*,0,0,0,0,0
경상북도,경산시,의료,여자,75-79세,10,0,0,0,8,0,0,*,0,0
경상북도,경산시,의료,여자,80-84세,17,0,*,5,8,*,0,0,0,0
경상북도,경산시,의료,여자,85세이상,59,7,7,17,21,*,0,0,*,0
경상북도,경산시,감경,남자,65세미만,58,*,5,23,15,6,*,*,0,0
경상북도,경산시,감경,남자,65-69세,104,5,5,25,49,11,0,*,0,0
경상북도,경산시,감경,남자,70-74세,160,*,8,46,71,23,*,*,0,0
경상북도,경산시,감경,남자,75-79세,190,*,8,48,93,27,*,0,0,*
경상북도,경산시,감경,남자,80-84세,274,*,16,61,123,50,*,*,0,0
경상북도,경산시,감경,남자,85세이상,298,*,15,83,142,49,*,*,0,0
경상북도,경산시,감경,여자,65세미만,31,*,*,7,9,*,*,0,*,0
경상북도,경산시,감경,여자,65-69세,118,*,*,26,52,12,8,*,*,0
경상북도,경산시,감경,여자,70-74세,169,8,14,28,82,20,8,0,*,0
경상북도,경산시,감경,여자,75-79세,407,7,25,92,188,67,*,0,*,0
경상북도,경산시,감경,여자,80-84세,900,29,74,227,431,96,13,*,*,0
경상북도,경산시,감경,여자,85세이상,1350,39,141,408,609,114,6,0,0,0
경상북도,의성군,일반,남자,65세미만,12,*,*,*,*,0,0,*,0,*
경상북도,의성군,일반,남자,65-69세,39,0,0,6,8,*,*,*,6,*
경상북도,의성군,일반,남자,70-74세,65,0,*,5,22,8,0,11,*,*
경상북도,의성군,일반,남자,75-79세,112,*,*,16,32,9,*,9,6,6
경상북도,의성군,일반,남자,80-84세,146,*,6,19,56,10,*,12,8,*
경상북도,의성군,일반,남자,85세이상,183,*,9,28,75,25,*,15,*,*
경상북도,의성군,일반,여자,65세미만,8,0,*,*,*,0,0,*,*,0
경상북도,의성군,일반,여자,65-69세,43,*,*,5,5,*,0,7,6,0
경상북도,의성군,일반,여자,70-74세,105,*,*,11,24,9,*,16,7,6
경상북도,의성군,일반,여자,75-79세,198,*,5,24,66,19,*,14,16,*
경상북도,의성군,일반,여자,80-84세,359,*,10,58,135,36,*,23,24,*
경상북도,의성군,일반,여자,85세이상,466,13,29,88,208,39,*,17,13,*
경상북도,의성군,기초,남자,65세미만,31,*,5,*,9,*,0,*,0,*
경상북도,의성군,기초,남자,65-69세,43,0,*,5,19,*,5,*,*,*
경상북도,의성군,기초,남자,70-74세,32,*,*,6,8,7,*,*,*,0
경상북도,의성군,기초,남자,75-79세,25,0,*,*,13,*,0,*,*,*
경상북도,의성군,기초,남자,80-84세,27,0,*,*,12,*,*,*,*,*
경상북도,의성군,기초,남자,85세이상,34,*,*,10,15,6,0,0,0,*
경상북도,의성군,기초,여자,65세미만,9,0,*,*,*,*,0,*,0,0
경상북도,의성군,기초,여자,65-69세,40,*,0,9,10,6,*,*,*,*
경상북도,의성군,기초,여자,70-74세,44,0,*,*,24,5,*,0,*,*
경상북도,의성군,기초,여자,75-79세,49,0,*,7,21,6,*,5,5,*
경상북도,의성군,기초,여자,80-84세,86,*,*,19,43,8,*,*,*,0
경상북도,의성군,기초,여자,85세이상,107,*,12,20,55,*,*,*,*,*
경상북도,의성군,의료,남자,65-69세,0,0,0,0,0,0,0,0,0,0
경상북도,의성군,의료,남자,70-74세,0,0,0,0,0,0,0,0,0,0
경상북도,의성군,의료,남자,75-79세,*,0,0,0,*,0,0,0,0,0
경상북도,의성군,의료,남자,80-84세,*,*,0,0,*,0,*,0,0,0
경상북도,의성군,의료,남자,85세이상,8,0,0,0,*,*,0,0,0,0
경상북도,의성군,의료,여자,65세미만,0,0,0,0,0,0,0,0,0,0
경상북도,의성군,의료,여자,65-69세,0,0,0,0,0,0,0,0,0,0
경상북도,의성군,의료,여자,70-74세,*,0,*,0,0,0,0,0,0,0
경상북도,의성군,의료,여자,75-79세,*,0,0,0,*,0,0,0,0,*
경상북도,의성군,의료,여자,80-84세,11,*,0,*,*,0,0,*,*,0
경상북도,의성군,의료,여자,85세이상,28,*,*,9,13,*,0,0,0,0
경상북도,의성군,감경,남자,65세미만,11,0,*,5,*,0,0,0,0,0
경상북도,의성군,감경,남자,65-69세,28,0,0,6,16,*,0,0,0,0
경상북도,의성군,감경,남자,70-74세,56,*,*,12,25,7,0,0,0,0
경상북도,의성군,감경,남자,75-79세,80,5,*,21,34,10,*,*,0,0
경상북도,의성군,감경,남자,80-84세,136,*,8,31,62,25,*,0,0,0
경상북도,의성군,감경,남자,85세이상,198,*,10,57,106,18,*,0,0,0
경상북도,의성군,감경,여자,65세미만,6,*,0,0,*,*,0,0,0,0
경상북도,의성군,감경,여자,65-69세,24,0,*,6,11,*,0,0,0,0
경상북도,의성군,감경,여자,70-74세,63,*,*,18,26,7,*,*,0,0
경상북도,의성군,감경,여자,75-79세,159,*,6,34,77,22,6,0,0,*
경상북도,의성군,감경,여자,80-84세,420,10,25,105,217,46,*,*,0,0
경상북도,의성군,감경,여자,85세이상,799,24,63,243,373,66,6,*,*,0
경상북도,청송군,일반,남자,65세미만,7,*,0,*,0,0,0,*,*,0
경상북도,청송군,일반,남자,65-69세,14,*,0,*,*,0,0,*,0,*
경상북도,청송군,일반,남자,70-74세,20,*,0,*,*,0,*,5,*,*
경상북도,청송군,일반,남자,75-79세,20,0,*,*,5,0,0,*,*,0
경상북도,청송군,일반,남자,80-84세,38,0,*,8,13,0,*,*,*,*
경상북도,청송군,일반,남자,85세이상,46,0,*,13,10,*,*,*,*,*
경상북도,청송군,일반,여자,65세미만,*,0,0,*,*,0,0,0,0,0
경상북도,청송군,일반,여자,65-69세,16,0,*,*,*,0,0,*,*,*
경상북도,청송군,일반,여자,70-74세,28,0,*,*,*,0,*,*,*,*
경상북도,청송군,일반,여자,75-79세,66,*,*,7,11,*,*,8,11,*
경상북도,청송군,일반,여자,80-84세,110,0,*,10,38,5,*,8,10,7
경상북도,청송군,일반,여자,85세이상,127,*,8,24,48,7,*,9,*,*
경상북도,청송군,기초,남자,65세미만,14,*,*,*,*,0,0,0,*,*
경상북도,청송군,기초,남자,65-69세,15,0,*,0,6,0,0,*,*,*
경상북도,청송군,기초,남자,70-74세,14,0,*,*,6,0,0,0,*,0
경상북도,청송군,기초,남자,75-79세,10,0,0,*,*,*,*,*,*,0
경상북도,청송군,기초,남자,80-84세,7,0,0,0,*,*,*,*,0,0
경상북도,청송군,기초,남자,85세이상,7,0,0,*,*,*,*,0,0,0
경상북도,청송군,기초,여자,65세미만,5,0,0,*,*,0,0,0,0,0
경상북도,청송군,기초,여자,65-69세,16,0,*,*,*,0,*,*,*,*
경상북도,청송군,기초,여자,70-74세,16,*,*,*,*,*,*,*,*,*
경상북도,청송군,기초,여자,75-79세,21,*,0,7,7,*,*,0,*,0
경상북도,청송군,기초,여자,80-84세,43,0,*,7,18,*,*,*,*,0
경상북도,청송군,기초,여자,85세이상,60,*,7,11,29,*,0,*,0,0
경상북도,청송군,의료,남자,65-69세,0,0,0,0,0,0,0,0,0,0
경상북도,청송군,의료,여자,75-79세,0,0,0,0,0,0,0,0,0,0
경상북도,청송군,의료,여자,80-84세,*,0,0,0,*,0,0,0,0,0
경상북도,청송군,의료,여자,85세이상,7,0,*,*,*,0,0,0,0,0
경상북도,청송군,감경,남자,65세미만,*,*,0,0,0,0,0,0,0,0
경상북도,청송군,감경,남자,65-69세,8,0,0,*,*,0,0,0,0,0
경상북도,청송군,감경,남자,70-74세,15,*,*,5,*,0,*,0,0,*
경상북도,청송군,감경,남자,75-79세,19,*,*,*,11,*,0,0,0,0
경상북도,청송군,감경,남자,80-84세,31,0,*,13,13,*,0,0,0,0
경상북도,청송군,감경,남자,85세이상,56,0,*,15,31,*,*,*,0,0
경상북도,청송군,감경,여자,65세미만,*,0,0,0,0,*,0,0,0,0
경상북도,청송군,감경,여자,65-69세,7,*,0,*,5,0,0,0,0,0
경상북도,청송군,감경,여자,70-74세,24,0,*,7,12,0,*,0,0,0
경상북도,청송군,감경,여자,75-79세,48,*,*,10,24,*,*,0,0,0
경상북도,청송군,감경,여자,80-84세,129,*,6,25,73,12,0,0,*,0
경상북도,청송군,감경,여자,85세이상,272,*,13,88,147,13,*,*,0,0
경상북도,영양군,일반,남자,65세미만,*,0,*,0,*,0,0,0,0,*
경상북도,영양군,일반,남자,65-69세,6,0,0,*,*,*,0,*,*,0
경상북도,영양군,일반,남자,70-74세,7,0,0,*,0,0,0,*,*,0
경상북도,영양군,일반,남자,75-79세,21,0,*,*,8,0,0,*,*,0
경상북도,영양군,일반,남자,80-84세,33,0,*,6,13,*,*,*,0,*
경상북도,영양군,일반,남자,85세이상,35,0,*,7,19,*,0,*,0,0
경상북도,영양군,일반,여자,65세미만,*,0,0,0,0,0,0,0,0,0
경상북도,영양군,일반,여자,65-69세,12,0,*,0,0,0,0,*,*,*
경상북도,영양군,일반,여자,70-74세,31,0,0,*,9,0,0,5,*,0
경상북도,영양군,일반,여자,75-79세,29,0,0,*,5,*,0,*,5,0
경상북도,영양군,일반,여자,80-84세,65,0,6,8,29,*,*,8,*,0
경상북도,영양군,일반,여자,85세이상,76,0,*,18,42,*,0,*,0,0
경상북도,영양군,기초,남자,65세미만,8,0,0,*,5,0,0,0,*,0
경상북도,영양군,기초,남자,65-69세,9,0,0,*,*,0,0,0,*,0
경상북도,영양군,기초,남자,70-74세,*,0,*,0,*,0,0,*,0,0
경상북도,영양군,기초,남자,75-79세,5,0,0,*,*,0,0,0,0,0
경상북도,영양군,기초,남자,80-84세,*,0,0,0,*,0,0,0,0,0
경상북도,영양군,기초,남자,85세이상,7,0,0,*,5,0,0,0,0,0
경상북도,영양군,기초,여자,65세미만,7,0,*,*,*,0,0,0,0,0
경상북도,영양군,기초,여자,65-69세,8,0,0,*,*,0,0,0,*,0
경상북도,영양군,기초,여자,70-74세,13,0,0,*,6,0,0,0,*,*
경상북도,영양군,기초,여자,75-79세,10,0,0,*,*,0,0,*,*,0
경상북도,영양군,기초,여자,80-84세,26,0,*,*,14,*,*,*,*,0
경상북도,영양군,기초,여자,85세이상,35,*,*,11,17,0,0,0,*,0
경상북도,영양군,의료,남자,75-79세,*,0,0,0,0,0,0,0,*,0
경상북도,영양군,의료,남자,85세이상,*,0,0,0,*,0,0,0,0,0
경상북도,영양군,의료,여자,75-79세,0,0,0,0,0,0,0,0,0,0
경상북도,영양군,의료,여자,80-84세,0,0,0,0,0,0,0,0,0,0
경상북도,영양군,의료,여자,85세이상,5,0,0,*,*,0,0,0,0,0
경상북도,영양군,감경,남자,65세미만,*,0,0,0,*,0,0,0,0,0
경상북도,영양군,감경,남자,65-69세,7,0,0,*,*,0,0,0,0,0
경상북도,영양군,감경,남자,70-74세,11,0,0,5,5,0,0,0,0,0
경상북도,영양군,감경,남자,75-79세,11,0,*,*,8,0,*,0,0,0
경상북도,영양군,감경,남자,80-84세,32,0,*,*,21,*,0,0,0,0
경상북도,영양군,감경,남자,85세이상,37,*,5,7,21,*,0,0,0,0
경상북도,영양군,감경,여자,65세미만,*,0,0,0,0,0,*,*,0,0
경상북도,영양군,감경,여자,65-69세,5,0,0,0,*,0,0,0,*,0
경상북도,영양군,감경,여자,70-74세,12,0,*,*,5,*,0,0,0,0
경상북도,영양군,감경,여자,75-79세,27,0,0,5,16,*,*,0,*,0
경상북도,영양군,감경,여자,80-84세,82,0,*,19,50,9,0,0,0,0
경상북도,영양군,감경,여자,85세이상,186,6,12,56,104,7,0,0,0,0
경상북도,영덕군,일반,남자,65세미만,8,0,0,0,*,0,0,0,*,0
경상북도,영덕군,일반,남자,65-69세,20,0,0,*,6,0,*,*,*,*
경상북도,영덕군,일반,남자,70-74세,40,0,*,5,16,*,0,7,*,0
경상북도,영덕군,일반,남자,75-79세,52,*,*,16,11,*,*,6,*,*
경상북도,영덕군,일반,남자,80-84세,84,*,*,10,32,6,*,6,5,5
경상북도,영덕군,일반,남자,85세이상,107,*,*,10,52,9,*,5,*,*
경상북도,영덕군,일반,여자,65세미만,*,*,0,0,0,0,0,*,0,0
경상북도,영덕군,일반,여자,65-69세,32,0,*,0,*,0,0,*,9,0
경상북도,영덕군,일반,여자,70-74세,60,0,*,7,14,*,0,6,11,*
경상북도,영덕군,일반,여자,75-79세,125,*,*,13,23,6,*,21,15,*
경상북도,영덕군,일반,여자,80-84세,250,*,*,21,107,15,*,19,15,5
경상북도,영덕군,일반,여자,85세이상,251,*,8,35,103,28,*,27,7,0
경상북도,영덕군,기초,남자,65세미만,15,*,0,*,*,*,*,*,0,0
경상북도,영덕군,기초,남자,65-69세,31,0,*,*,13,0,0,*,6,*
경상북도,영덕군,기초,남자,70-74세,36,*,*,*,17,*,0,*,5,*
경상북도,영덕군,기초,남자,75-79세,17,*,*,*,7,*,*,*,*,0
경상북도,영덕군,기초,남자,80-84세,18,0,0,*,8,*,0,*,*,*
경상북도,영덕군,기초,남자,85세이상,17,*,0,*,9,*,0,*,*,0
경상북도,영덕군,기초,여자,65세미만,10,*,0,*,*,*,0,*,0,0
경상북도,영덕군,기초,여자,65-69세,24,*,*,*,9,0,0,*,*,0
경상북도,영덕군,기초,여자,70-74세,33,0,0,*,14,*,0,*,*,*
경상북도,영덕군,기초,여자,75-79세,46,0,*,*,21,6,*,7,*,*
경상북도,영덕군,기초,여자,80-84세,90,*,*,13,40,13,0,8,5,*
경상북도,영덕군,기초,여자,85세이상,102,*,6,22,54,9,0,*,*,0
경상북도,영덕군,의료,남자,65세미만,0,0,0,0,0,0,0,0,0,0
경상북도,영덕군,의료,남자,65-69세,*,0,0,0,*,0,0,0,0,0
경상북도,영덕군,의료,남자,75-79세,*,0,0,0,0,0,0,0,0,0
경상북도,영덕군,의료,남자,80-84세,*,0,0,*,0,0,0,0,0,0
경상북도,영덕군,의료,남자,85세이상,*,0,0,0,*,0,0,*,0,0
경상북도,영덕군,의료,여자,65세미만,*,0,0,0,0,0,*,0,0,0
경상북도,영덕군,의료,여자,65-69세,0,0,0,0,0,0,0,0,0,0
경상북도,영덕군,의료,여자,70-74세,*,0,0,0,0,0,0,0,0,0
경상북도,영덕군,의료,여자,75-79세,*,0,0,0,0,*,0,0,0,0
경상북도,영덕군,의료,여자,80-84세,6,0,0,*,*,0,0,0,0,0
경상북도,영덕군,의료,여자,85세이상,9,0,*,0,6,0,0,0,*,0
경상북도,영덕군,감경,남자,65세미만,*,*,0,*,0,0,0,0,0,0
경상북도,영덕군,감경,남자,65-69세,14,*,0,*,8,*,0,0,0,*
경상북도,영덕군,감경,남자,70-74세,27,0,*,*,15,*,*,0,0,*
경상북도,영덕군,감경,남자,75-79세,41,*,*,13,18,*,*,0,0,0
경상북도,영덕군,감경,남자,80-84세,63,*,*,12,35,12,*,*,0,0
경상북도,영덕군,감경,남자,85세이상,119,*,*,19,78,15,*,0,*,0
경상북도,영덕군,감경,여자,65세미만,*,*,0,*,*,0,0,0,0,0
경상북도,영덕군,감경,여자,65-69세,22,0,0,*,10,*,0,*,*,0
경상북도,영덕군,감경,여자,70-74세,53,*,*,6,24,11,*,*,*,0
경상북도,영덕군,감경,여자,75-79세,99,0,*,20,53,11,*,0,0,0
경상북도,영덕군,감경,여자,80-84세,318,*,16,73,165,32,5,*,*,0
경상북도,영덕군,감경,여자,85세이상,476,7,17,97,274,54,8,*,0,0
경상북도,청도군,일반,남자,65세미만,13,0,0,0,*,*,0,*,0,0
경상북도,청도군,일반,남자,65-69세,23,0,*,*,7,*,*,*,*,*
경상북도,청도군,일반,남자,70-74세,66,*,*,8,21,5,0,5,5,*
경상북도,청도군,일반,남자,75-79세,95,0,0,10,34,16,*,6,*,*
경상북도,청도군,일반,남자,80-84세,115,*,*,12,37,35,*,*,*,*
경상북도,청도군,일반,남자,85세이상,151,*,6,29,64,34,*,*,*,*
경상북도,청도군,일반,여자,65세미만,9,0,0,*,*,0,0,*,*,0
경상북도,청도군,일반,여자,65-69세,35,0,*,*,*,*,*,10,*,*
경상북도,청도군,일반,여자,70-74세,102,*,*,9,23,11,*,15,12,*
경상북도,청도군,일반,여자,75-79세,158,*,*,13,36,25,5,25,10,*
경상북도,청도군,일반,여자,80-84세,254,*,5,24,102,52,*,11,9,*
경상북도,청도군,일반,여자,85세이상,361,6,15,67,148,84,5,8,8,*
경상북도,청도군,기초,남자,65세미만,25,*,*,5,*,*,*,*,0,*
경상북도,청도군,기초,남자,65-69세,38,*,*,5,9,10,0,*,*,*
경상북도,청도군,기초,남자,70-74세,25,0,*,*,7,5,0,*,*,*
경상북도,청도군,기초,남자,75-79세,16,0,0,5,6,*,0,0,*,*
경상북도,청도군,기초,남자,80-84세,17,0,*,*,6,6,0,0,0,0
경상북도,청도군,기초,남자,85세이상,15,*,*,*,7,*,0,0,0,0
경상북도,청도군,기초,여자,65세미만,12,*,0,*,*,*,0,0,0,*
경상북도,청도군,기초,여자,65-69세,32,*,*,*,14,*,0,6,*,*
경상북도,청도군,기초,여자,70-74세,32,0,0,*,15,6,*,*,*,0
경상북도,청도군,기초,여자,75-79세,32,0,0,5,12,7,*,0,*,0
경상북도,청도군,기초,여자,80-84세,54,0,*,7,18,17,*,*,*,*
경상북도,청도군,기초,여자,85세이상,105,*,6,20,43,26,0,*,*,0
경상북도,청도군,의료,남자,65-69세,*,*,0,0,0,0,0,*,0,0
경상북도,청도군,의료,남자,75-79세,*,0,0,0,0,0,0,0,*,0
경상북도,청도군,의료,남자,85세이상,*,0,0,*,0,0,0,0,0,0
경상북도,청도군,의료,여자,65-69세,0,0,0,0,0,0,0,0,0,0
경상북도,청도군,의료,여자,70-74세,*,0,0,0,0,*,0,0,0,0
경상북도,청도군,의료,여자,75-79세,*,*,0,0,0,0,0,0,0,0
경상북도,청도군,의료,여자,80-84세,6,0,*,0,5,0,0,0,0,0
경상북도,청도군,의료,여자,85세이상,34,0,*,5,15,10,0,0,0,0
경상북도,청도군,감경,남자,65세미만,8,0,0,*,*,0,0,*,0,0
경상북도,청도군,감경,남자,65-69세,18,0,*,*,11,*,*,0,0,0
경상북도,청도군,감경,남자,70-74세,35,*,*,5,19,*,0,0,0,0
경상북도,청도군,감경,남자,75-79세,56,*,*,10,31,10,0,0,0,0
경상북도,청도군,감경,남자,80-84세,83,0,*,15,35,24,*,*,0,0
경상북도,청도군,감경,남자,85세이상,125,0,7,17,72,28,0,0,0,0
경상북도,청도군,감경,여자,65세미만,5,0,0,*,*,*,0,0,0,0
경상북도,청도군,감경,여자,65-69세,20,*,*,*,10,*,0,0,0,*
경상북도,청도군,감경,여자,70-74세,44,0,0,7,21,7,*,0,0,0
경상북도,청도군,감경,여자,75-79세,91,0,*,13,41,22,5,0,*,0
경상북도,청도군,감경,여자,80-84세,285,*,12,50,123,85,5,*,*,0
경상북도,청도군,감경,여자,85세이상,574,7,28,111,276,140,5,0,0,0
경상북도,고령군,일반,남자,65세미만,5,0,0,*,*,0,0,0,0,*
경상북도,고령군,일반,남자,65-69세,27,0,*,6,*,*,*,*,*,*
경상북도,고령군,일반,남자,70-74세,13,0,0,*,*,0,*,*,0,0
경상북도,고령군,일반,남자,75-79세,31,0,0,*,13,*,*,*,*,0
경상북도,고령군,일반,남자,80-84세,51,*,0,*,14,6,*,*,*,*
경상북도,고령군,일반,남자,85세이상,55,*,*,12,22,*,*,*,*,*
경상북도,고령군,일반,여자,65세미만,8,*,*,0,0,*,0,*,0,*
경상북도,고령군,일반,여자,65-69세,27,*,0,*,*,*,*,5,*,*
경상북도,고령군,일반,여자,70-74세,47,0,*,5,11,*,*,5,5,*
경상북도,고령군,일반,여자,75-79세,77,*,*,7,13,7,6,12,5,0
경상북도,고령군,일반,여자,80-84세,125,*,*,16,40,17,*,7,8,*
경상북도,고령군,일반,여자,85세이상,185,5,7,29,75,26,*,5,6,*
경상북도,고령군,기초,남자,65세미만,11,0,*,0,*,0,0,*,*,*
경상북도,고령군,기초,남자,65-69세,17,0,0,0,6,*,*,*,*,*
경상북도,고령군,기초,남자,70-74세,18,0,0,*,*,5,*,*,0,*
경상북도,고령군,기초,남자,75-79세,16,0,0,*,7,*,0,*,0,*
경상북도,고령군,기초,남자,80-84세,13,0,0,*,5,*,*,*,*,0
경상북도,고령군,기초,남자,85세이상,16,0,0,*,7,*,*,0,*,0
경상북도,고령군,기초,여자,65세미만,6,*,0,0,*,0,*,0,*,0
경상북도,고령군,기초,여자,65-69세,14,0,0,*,*,*,0,*,*,0
경상북도,고령군,기초,여자,70-74세,17,0,*,*,5,0,0,*,*,*
경상북도,고령군,기초,여자,75-79세,22,*,*,*,7,*,*,*,*,*
경상북도,고령군,기초,여자,80-84세,52,*,5,6,20,9,*,*,0,*
경상북도,고령군,기초,여자,85세이상,60,*,*,16,24,*,*,0,*,0
경상북도,고령군,의료,남자,70-74세,0,0,0,0,0,0,0,0,0,0
경상북도,고령군,의료,남자,75-79세,*,0,0,0,0,*,0,0,0,0
경상북도,고령군,의료,남자,85세이상,*,0,0,0,*,0,0,0,0,0
경상북도,고령군,의료,여자,65-69세,0,0,0,0,0,0,0,0,0,0
경상북도,고령군,의료,여자,70-74세,*,*,0,0,0,0,0,0,0,0
경상북도,고령군,의료,여자,75-79세,5,0,0,*,0,*,*,0,*,0
경상북도,고령군,의료,여자,80-84세,*,0,0,0,*,0,0,0,0,0
경상북도,고령군,의료,여자,85세이상,19,*,*,8,7,*,0,0,0,0
경상북도,고령군,감경,남자,65세미만,*,0,*,*,*,0,0,0,0,*
경상북도,고령군,감경,남자,65-69세,12,0,*,*,5,0,*,*,0,*
경상북도,고령군,감경,남자,70-74세,11,0,0,*,7,*,0,0,0,0
경상북도,고령군,감경,남자,75-79세,29,0,*,7,13,*,*,*,0,0
경상북도,고령군,감경,남자,80-84세,39,*,*,11,17,*,*,0,0,0
경상북도,고령군,감경,남자,85세이상,66,*,*,12,29,19,*,0,0,0
경상북도,고령군,감경,여자,65세미만,*,0,*,*,0,0,0,0,0,0
경상북도,고령군,감경,여자,65-69세,10,0,0,*,*,*,0,0,0,0
경상북도,고령군,감경,여자,70-74세,27,0,*,*,10,7,0,*,*,0
경상북도,고령군,감경,여자,75-79세,62,*,*,10,25,12,*,0,0,0
경상북도,고령군,감경,여자,80-84세,158,5,7,39,69,18,6,*,*,*
경상북도,고령군,감경,여자,85세이상,269,7,17,58,136,39,5,*,0,0
경상북도,성주군,일반,남자,65세미만,11,*,*,0,0,0,0,*,*,*
경상북도,성주군,일반,남자,65-69세,31,0,*,*,*,*,*,*,*,*
경상북도,성주군,일반,남자,70-74세,48,*,0,*,17,*,*,5,*,*
경상북도,성주군,일반,남자,75-79세,65,0,*,11,19,7,*,10,*,*
경상북도,성주군,일반,남자,80-84세,96,*,*,17,40,19,*,*,*,0
경상북도,성주군,일반,남자,85세이상,102,0,6,13,41,15,*,7,*,*
경상북도,성주군,일반,여자,65세미만,8,0,*,*,*,*,0,*,*,*
경상북도,성주군,일반,여자,65-69세,40,0,0,*,*,*,*,11,*,*
경상북도,성주군,일반,여자,70-74세,84,*,*,8,16,8,0,15,8,*
경상북도,성주군,일반,여자,75-79세,125,0,*,16,33,15,6,15,8,*
경상북도,성주군,일반,여자,80-84세,201,*,6,24,67,24,*,14,14,0
경상북도,성주군,일반,여자,85세이상,256,5,9,45,104,28,*,15,5,0
경상북도,성주군,기초,남자,65세미만,17,0,0,5,*,*,0,*,*,*
경상북도,성주군,기초,남자,65-69세,22,0,*,0,10,*,*,*,*,*
경상북도,성주군,기초,남자,70-74세,21,0,*,*,10,*,*,*,0,0
경상북도,성주군,기초,남자,75-79세,13,0,0,*,5,*,0,*,*,0
경상북도,성주군,기초,남자,80-84세,17,0,*,*,*,*,0,*,*,0
경상북도,성주군,기초,남자,85세이상,11,*,*,*,6,*,0,0,0,0
경상북도,성주군,기초,여자,65세미만,8,*,0,*,*,0,0,0,*,*
경상북도,성주군,기초,여자,65-69세,11,0,0,*,*,*,0,*,0,*
경상북도,성주군,기초,여자,70-74세,29,0,0,*,11,*,*,*,*,*
경상북도,성주군,기초,여자,75-79세,44,*,*,7,13,8,*,*,*,*
경상북도,성주군,기초,여자,80-84세,58,*,*,9,25,6,*,5,*,0
경상북도,성주군,기초,여자,85세이상,93,*,5,22,43,12,0,*,*,0
경상북도,성주군,의료,남자,75-79세,*,0,0,0,*,0,0,0,0,0
경상북도,성주군,의료,남자,85세이상,*,0,0,0,*,0,0,*,0,0
경상북도,성주군,의료,여자,65-69세,0,0,0,0,0,0,0,0,0,0
경상북도,성주군,의료,여자,70-74세,*,0,0,0,*,0,0,0,0,0
경상북도,성주군,의료,여자,75-79세,0,0,0,0,0,0,0,0,0,0
경상북도,성주군,의료,여자,80-84세,0,0,0,0,0,0,0,0,0,0
경상북도,성주군,의료,여자,85세이상,9,0,0,*,5,*,*,0,0,0
경상북도,성주군,감경,남자,65세미만,*,*,0,0,*,0,0,0,0,0
경상북도,성주군,감경,남자,65-69세,25,0,0,8,12,*,*,0,*,0
경상북도,성주군,감경,남자,70-74세,37,*,*,8,17,*,0,0,0,0
경상북도,성주군,감경,남자,75-79세,46,0,*,9,25,9,0,0,0,0
경상북도,성주군,감경,남자,80-84세,66,0,*,18,30,8,*,*,0,0
경상북도,성주군,감경,남자,85세이상,92,*,*,26,40,18,*,0,0,0
경상북도,성주군,감경,여자,65세미만,7,0,0,*,*,*,*,0,0,0
경상북도,성주군,감경,여자,65-69세,13,0,*,*,7,0,*,*,0,0
경상북도,성주군,감경,여자,70-74세,43,*,*,6,26,6,*,0,0,0
경상북도,성주군,감경,여자,75-79세,80,*,5,9,39,16,*,*,*,0
경상북도,성주군,감경,여자,80-84세,235,6,11,44,114,40,9,*,*,0
경상북도,성주군,감경,여자,85세이상,427,17,27,98,213,56,*,*,*,0
경상북도,칠곡군,일반,남자,65세미만,22,0,0,0,*,*,*,*,*,*
경상북도,칠곡군,일반,남자,65-69세,41,*,*,6,5,5,*,6,*,0
경상북도,칠곡군,일반,남자,70-74세,60,0,*,14,20,6,*,*,*,0
경상북도,칠곡군,일반,남자,75-79세,76,*,*,12,22,13,*,5,*,*
경상북도,칠곡군,일반,남자,80-84세,103,*,*,9,30,31,6,6,*,0
경상북도,칠곡군,일반,남자,85세이상,132,*,9,18,54,26,*,*,*,0
경상북도,칠곡군,일반,여자,65세미만,13,0,*,*,*,*,0,0,*,0
경상북도,칠곡군,일반,여자,65-69세,47,0,*,6,5,7,*,6,*,*
경상북도,칠곡군,일반,여자,70-74세,86,*,*,8,21,9,*,6,*,5
경상북도,칠곡군,일반,여자,75-79세,168,*,5,19,36,36,5,16,6,0
경상북도,칠곡군,일반,여자,80-84세,296,*,11,45,92,62,13,20,7,0
경상북도,칠곡군,일반,여자,85세이상,413,11,23,76,172,67,8,8,6,*
경상북도,칠곡군,기초,남자,65세미만,47,*,*,8,13,5,*,*,*,*
경상북도,칠곡군,기초,남자,65-69세,41,*,*,6,8,8,*,*,*,*
경상북도,칠곡군,기초,남자,70-74세,38,*,*,5,8,12,0,*,*,*
경상북도,칠곡군,기초,남자,75-79세,27,0,0,*,7,7,5,0,*,0
경상북도,칠곡군,기초,남자,80-84세,35,0,*,5,15,6,6,0,0,0
경상북도,칠곡군,기초,남자,85세이상,29,*,*,5,13,5,*,0,*,0
경상북도,칠곡군,기초,여자,65세미만,15,*,*,*,*,*,*,*,0,*
경상북도,칠곡군,기초,여자,65-69세,49,0,*,*,12,6,*,*,*,*
경상북도,칠곡군,기초,여자,70-74세,60,*,*,6,22,10,6,*,*,*
경상북도,칠곡군,기초,여자,75-79세,86,*,8,17,24,20,*,*,*,*
경상북도,칠곡군,기초,여자,80-84세,95,*,5,17,32,22,*,*,*,*
경상북도,칠곡군,기초,여자,85세이상,160,5,6,43,71,23,*,*,*,0
경상북도,칠곡군,의료,남자,65세미만,0,0,0,0,0,0,0,0,0,0
경상북도,칠곡군,의료,남자,65-69세,0,0,0,0,0,0,0,0,0,0
경상북도,칠곡군,의료,남자,70-74세,*,*,0,0,0,0,0,0,0,0
경상북도,칠곡군,의료,남자,80-84세,*,0,0,0,0,*,0,0,0,0
경상북도,칠곡군,의료,남자,85세이상,*,0,0,0,*,0,0,0,0,0
경상북도,칠곡군,의료,여자,70-74세,0,0,0,0,0,0,0,0,0,0
경상북도,칠곡군,의료,여자,75-79세,6,0,0,0,*,*,*,0,0,0
경상북도,칠곡군,의료,여자,80-84세,8,0,0,0,*,*,0,0,0,0
경상북도,칠곡군,의료,여자,85세이상,28,*,*,6,8,10,0,0,0,0
경상북도,칠곡군,감경,남자,65세미만,18,*,*,8,*,*,*,0,0,0
경상북도,칠곡군,감경,남자,65-69세,38,*,*,7,15,*,*,*,0,*
경상북도,칠곡군,감경,남자,70-74세,45,*,*,8,23,8,*,0,0,0
경상북도,칠곡군,감경,남자,75-79세,52,*,*,12,21,10,*,*,0,0
경상북도,칠곡군,감경,남자,80-84세,84,0,*,17,38,19,5,0,0,0
경상북도,칠곡군,감경,남자,85세이상,131,0,11,27,57,33,*,0,0,0
경상북도,칠곡군,감경,여자,65세미만,14,*,0,*,*,*,0,0,0,0
경상북도,칠곡군,감경,여자,65-69세,29,*,*,5,13,5,*,0,0,0
경상북도,칠곡군,감경,여자,70-74세,68,*,6,19,23,12,*,0,0,0
경상북도,칠곡군,감경,여자,75-79세,142,*,11,24,46,37,7,*,0,0
경상북도,칠곡군,감경,여자,80-84세,340,9,18,70,138,86,10,0,0,0
경상북도,칠곡군,감경,여자,85세이상,563,11,55,131,247,100,15,0,*,0
경상북도,예천군,일반,남자,65세미만,16,0,0,0,*,0,0,*,*,*
경상북도,예천군,일반,남자,65-69세,39,*,0,*,*,*,*,6,5,*
경상북도,예천군,일반,남자,70-74세,68,*,*,5,23,6,0,12,5,0
경상북도,예천군,일반,남자,75-79세,59,*,*,6,13,10,*,7,*,*
경상북도,예천군,일반,남자,80-84세,138,*,*,20,52,18,10,9,6,0
경상북도,예천군,일반,남자,85세이상,154,0,6,16,63,35,*,5,6,*
경상북도,예천군,일반,여자,65세미만,8,*,0,0,0,0,0,5,0,0
경상북도,예천군,일반,여자,65-69세,36,0,*,*,8,*,*,*,*,*
경상북도,예천군,일반,여자,70-74세,90,*,*,6,17,8,*,13,6,*
경상북도,예천군,일반,여자,75-79세,169,0,*,10,48,23,*,19,14,*
경상북도,예천군,일반,여자,80-84세,272,*,*,41,87,50,5,21,20,*
경상북도,예천군,일반,여자,85세이상,385,*,16,74,150,68,8,10,*,*
경상북도,예천군,기초,남자,65세미만,29,*,0,*,6,*,*,*,*,*
경상북도,예천군,기초,남자,65-69세,30,0,*,5,6,*,*,*,*,*
경상북도,예천군,기초,남자,70-74세,24,*,0,*,13,*,*,0,0,0
경상북도,예천군,기초,남자,75-79세,16,0,0,*,8,*,0,0,0,*
경상북도,예천군,기초,남자,80-84세,13,0,0,*,*,7,*,0,0,0
경상북도,예천군,기초,남자,85세이상,16,0,*,0,10,*,0,0,0,0
경상북도,예천군,기초,여자,65세미만,9,*,*,*,*,0,0,0,0,0
경상북도,예천군,기초,여자,65-69세,17,*,0,*,*,*,0,*,*,*
경상북도,예천군,기초,여자,70-74세,33,0,*,*,13,7,*,*,*,0
경상북도,예천군,기초,여자,75-79세,25,0,0,*,12,*,0,0,*,*
경상북도,예천군,기초,여자,80-84세,60,*,*,10,23,13,*,*,*,0
경상북도,예천군,기초,여자,85세이상,76,0,7,14,34,13,0,*,*,0
경상북도,예천군,의료,남자,70-74세,0,0,0,0,0,0,0,0,0,0
경상북도,예천군,의료,남자,80-84세,*,0,0,0,*,0,0,0,0,0
경상북도,예천군,의료,남자,85세이상,5,0,0,*,*,0,0,0,0,0
경상북도,예천군,의료,여자,65-69세,0,0,0,0,0,0,0,0,0,0
경상북도,예천군,의료,여자,70-74세,*,0,0,0,0,*,0,0,0,0
경상북도,예천군,의료,여자,75-79세,*,0,0,0,0,*,0,0,0,0
경상북도,예천군,의료,여자,80-84세,*,0,*,0,0,*,0,0,0,0
경상북도,예천군,의료,여자,85세이상,11,*,0,*,5,*,0,*,0,0
경상북도,예천군,감경,남자,65세미만,12,*,0,5,*,0,0,0,*,0
경상북도,예천군,감경,남자,65-69세,17,*,0,5,6,*,*,*,0,0
경상북도,예천군,감경,남자,70-74세,32,*,0,5,14,8,*,0,0,0
경상북도,예천군,감경,남자,75-79세,35,*,*,12,5,10,*,0,0,0
경상북도,예천군,감경,남자,80-84세,92,*,*,13,37,29,5,0,0,0
경상북도,예천군,감경,남자,85세이상,134,*,5,12,73,33,*,0,0,*
경상북도,예천군,감경,여자,65세미만,7,*,0,*,*,*,0,0,*,0
경상북도,예천군,감경,여자,65-69세,16,*,*,*,5,0,0,0,0,0
경상북도,예천군,감경,여자,70-74세,54,*,*,9,23,11,*,0,0,0
경상북도,예천군,감경,여자,75-79세,112,*,*,19,52,19,8,0,*,0
경상북도,예천군,감경,여자,80-84세,285,5,18,44,130,68,7,0,*,*
경상북도,예천군,감경,여자,85세이상,642,12,40,129,318,124,8,0,0,0
경상북도,봉화군,일반,남자,65세미만,6,0,0,*,0,0,0,*,0,*
경상북도,봉화군,일반,남자,65-69세,8,*,0,0,*,0,0,*,0,0
경상북도,봉화군,일반,남자,70-74세,19,0,0,*,*,*,0,*,*,*
경상북도,봉화군,일반,남자,75-79세,17,0,0,6,*,*,0,0,0,*
경상북도,봉화군,일반,남자,80-84세,46,0,*,5,6,10,*,5,0,5
경상북도,봉화군,일반,남자,85세이상,79,0,*,14,23,10,*,*,7,*
경상북도,봉화군,일반,여자,65세미만,5,*,0,0,0,0,0,*,0,*
경상북도,봉화군,일반,여자,65-69세,17,*,0,*,0,0,*,*,*,0
경상북도,봉화군,일반,여자,70-74세,35,*,0,6,9,*,*,*,8,*
경상북도,봉화군,일반,여자,75-79세,77,*,*,7,19,5,*,9,6,*
경상북도,봉화군,일반,여자,80-84세,136,0,*,15,34,19,*,11,13,5
경상북도,봉화군,일반,여자,85세이상,207,*,7,34,62,31,*,12,*,*
경상북도,봉화군,기초,남자,65세미만,7,0,0,*,*,0,0,0,0,0
경상북도,봉화군,기초,남자,65-69세,13,0,0,*,5,*,*,0,*,*
경상북도,봉화군,기초,남자,70-74세,10,0,0,*,*,*,*,0,0,0
경상북도,봉화군,기초,남자,75-79세,8,0,0,*,*,0,*,0,*,*
경상북도,봉화군,기초,남자,80-84세,12,0,0,*,7,0,0,0,0,*
경상북도,봉화군,기초,남자,85세이상,8,0,*,*,*,*,0,0,0,0
경상북도,봉화군,기초,여자,65세미만,6,0,0,*,*,0,0,*,0,*
경상북도,봉화군,기초,여자,65-69세,5,*,0,*,*,0,0,0,*,0
경상북도,봉화군,기초,여자,70-74세,11,0,0,*,5,*,0,0,0,0
경상북도,봉화군,기초,여자,75-79세,13,*,0,*,*,*,0,*,0,*
경상북도,봉화군,기초,여자,80-84세,22,0,0,5,10,*,0,*,0,0
경상북도,봉화군,기초,여자,85세이상,48,0,*,14,18,6,*,*,*,*
경상북도,봉화군,의료,남자,80-84세,0,0,0,0,0,0,0,0,0,0
경상북도,봉화군,의료,여자,75-79세,0,0,0,0,0,0,0,0,0,0
경상북도,봉화군,의료,여자,80-84세,0,0,0,0,0,0,0,0,0,0
경상북도,봉화군,의료,여자,85세이상,7,0,0,0,*,*,0,0,0,0
경상북도,봉화군,감경,남자,65세미만,*,*,0,*,*,0,0,0,0,0
경상북도,봉화군,감경,남자,65-69세,6,0,0,*,*,0,0,0,0,0
경상북도,봉화군,감경,남자,70-74세,9,*,0,*,*,*,*,*,0,0
경상북도,봉화군,감경,남자,75-79세,18,*,0,6,7,*,0,0,0,0
경상북도,봉화군,감경,남자,80-84세,42,0,*,7,16,8,5,*,0,0
경상북도,봉화군,감경,남자,85세이상,74,*,*,15,32,15,*,0,0,0
경상북도,봉화군,감경,여자,65세미만,7,0,*,*,*,0,0,0,0,0
경상북도,봉화군,감경,여자,65-69세,19,*,*,7,*,*,*,0,0,0
경상북도,봉화군,감경,여자,70-74세,24,0,*,7,8,*,*,0,0,0
경상북도,봉화군,감경,여자,75-79세,44,*,*,18,14,*,*,0,0,0
경상북도,봉화군,감경,여자,80-84세,125,*,5,26,45,36,*,0,0,*
경상북도,봉화군,감경,여자,85세이상,287,*,19,75,126,47,8,0,0,0
경상북도,울진군,일반,남자,65세미만,6,0,0,0,0,0,0,*,*,*
경상북도,울진군,일반,남자,65-69세,32,0,*,*,7,*,0,5,*,*
경상북도,울진군,일반,남자,70-74세,36,0,*,*,12,*,0,*,*,0
경상북도,울진군,일반,남자,75-79세,54,0,*,11,8,*,*,*,*,*
경상북도,울진군,일반,남자,80-84세,74,0,0,11,25,*,*,7,7,7
경상북도,울진군,일반,남자,85세이상,93,*,5,15,37,12,0,*,*,*
경상북도,울진군,일반,여자,65세미만,6,0,0,*,*,*,0,0,0,0
경상북도,울진군,일반,여자,65-69세,30,0,*,*,5,0,*,*,7,0
경상북도,울진군,일반,여자,70-74세,69,0,*,5,9,*,*,11,14,*
경상북도,울진군,일반,여자,75-79세,102,*,*,11,20,8,0,12,11,*
경상북도,울진군,일반,여자,80-84세,202,5,6,40,73,16,8,16,11,*
경상북도,울진군,일반,여자,85세이상,236,*,13,59,98,21,*,11,5,*
경상북도,울진군,기초,남자,65세미만,32,0,*,6,9,*,*,5,*,*
경상북도,울진군,기초,남자,65-69세,51,*,*,7,15,5,*,*,*,5
경상북도,울진군,기초,남자,70-74세,35,*,*,7,9,*,*,*,5,*
경상북도,울진군,기초,남자,75-79세,25,0,*,*,12,*,*,*,*,0
경상북도,울진군,기초,남자,80-84세,27,0,0,6,11,0,0,*,*,*
경상북도,울진군,기초,남자,85세이상,13,0,*,5,*,*,0,0,0,0
경상북도,울진군,기초,여자,65세미만,12,*,0,*,*,*,*,*,*,0
경상북도,울진군,기초,여자,65-69세,29,0,*,5,7,*,*,5,*,*
경상북도,울진군,기초,여자,70-74세,46,0,*,5,22,*,0,*,5,*
경상북도,울진군,기초,여자,75-79세,51,0,*,*,30,*,*,*,*,0
경상북도,울진군,기초,여자,80-84세,84,*,*,17,40,*,0,6,*,*
경상북도,울진군,기초,여자,85세이상,114,0,8,41,46,9,0,*,*,0
경상북도,울진군,의료,남자,75-79세,*,0,0,*,0,0,0,0,0,0
경상북도,울진군,의료,여자,65-69세,0,0,0,0,0,0,0,0,0,0
경상북도,울진군,의료,여자,70-74세,*,0,0,0,0,0,0,*,0,0
경상북도,울진군,의료,여자,75-79세,*,0,0,*,0,0,0,0,0,0
경상북도,울진군,의료,여자,80-84세,*,0,0,0,*,0,0,0,0,0
경상북도,울진군,의료,여자,85세이상,15,0,*,*,12,0,0,0,0,0
경상북도,울진군,감경,남자,65세미만,5,0,0,*,*,0,*,0,0,0
경상북도,울진군,감경,남자,65-69세,21,0,*,*,11,*,*,0,*,0
경상북도,울진군,감경,남자,70-74세,40,*,*,13,16,*,0,*,0,0
경상북도,울진군,감경,남자,75-79세,51,*,*,14,28,5,0,0,0,0
경상북도,울진군,감경,남자,80-84세,84,*,5,21,45,7,*,0,0,0
경상북도,울진군,감경,남자,85세이상,134,*,7,34,78,7,0,0,0,0
경상북도,울진군,감경,여자,65세미만,8,0,0,*,*,0,0,0,0,0
경상북도,울진군,감경,여자,65-69세,27,0,0,7,12,*,0,*,*,0
경상북도,울진군,감경,여자,70-74세,65,*,*,14,28,5,*,0,5,0
경상북도,울진군,감경,여자,75-79세,109,*,5,26,54,6,*,0,0,0
경상북도,울진군,감경,여자,80-84세,291,9,23,72,134,25,*,*,*,*
경상북도,울진군,감경,여자,85세이상,585,18,33,171,310,37,*,*,0,0
경상북도,울릉군,일반,남자,65세미만,0,0,0,0,0,0,0,0,0,0
경상북도,울릉군,일반,남자,65-69세,*,0,0,0,0,0,0,0,0,*
경상북도,울릉군,일반,남자,70-74세,*,0,0,0,0,*,0,*,*,0
경상북도,울릉군,일반,남자,75-79세,5,0,0,*,0,*,0,*,0,*
경상북도,울릉군,일반,남자,80-84세,5,0,0,*,*,0,0,0,0,*
경상북도,울릉군,일반,남자,85세이상,10,0,0,*,5,0,0,0,0,0
경상북도,울릉군,일반,여자,65세미만,*,0,0,0,0,0,0,0,0,*
경상북도,울릉군,일반,여자,65-69세,5,0,0,0,0,*,0,0,*,*
경상북도,울릉군,일반,여자,70-74세,*,0,0,*,0,0,0,0,*,*
경상북도,울릉군,일반,여자,75-79세,*,0,0,0,*,*,0,0,0,*
경상북도,울릉군,일반,여자,80-84세,9,0,*,*,*,0,0,0,*,*
경상북도,울릉군,일반,여자,85세이상,18,0,5,*,5,*,0,*,*,0
경상북도,울릉군,기초,남자,65-69세,*,0,0,0,0,0,0,0,0,*
경상북도,울릉군,기초,남자,70-74세,*,0,0,0,*,0,0,0,0,0
경상북도,울릉군,기초,남자,75-79세,0,0,0,0,0,0,0,0,0,0
경상북도,울릉군,기초,남자,80-84세,*,0,0,0,0,0,0,0,0,*
경상북도,울릉군,기초,남자,85세이상,*,0,0,0,*,0,0,0,0,0
경상북도,울릉군,기초,여자,65세미만,*,0,0,0,*,0,0,0,0,0
경상북도,울릉군,기초,여자,70-74세,0,0,0,0,0,0,0,0,0,0
경상북도,울릉군,기초,여자,75-79세,*,0,0,*,*,0,0,0,0,*
경상북도,울릉군,기초,여자,80-84세,*,0,0,*,*,0,0,*,0,*
경상북도,울릉군,기초,여자,85세이상,*,0,0,0,*,0,0,0,0,0
경상북도,울릉군,감경,남자,65세미만,*,0,0,0,0,0,0,0,*,0
경상북도,울릉군,감경,남자,70-74세,0,0,0,0,0,0,0,0,0,0
경상북도,울릉군,감경,남자,75-79세,*,0,0,*,*,0,0,0,0,0
경상북도,울릉군,감경,남자,80-84세,5,0,0,*,*,*,*,0,0,0
경상북도,울릉군,감경,남자,85세이상,5,*,*,*,0,*,0,0,0,0
경상북도,울릉군,감경,여자,65세미만,*,0,0,*,0,0,0,0,0,0
경상북도,울릉군,감경,여자,65-69세,0,0,0,0,0,0,0,0,0,0
경상북도,울릉군,감경,여자,70-74세,*,*,0,0,0,*,0,0,0,0
경상북도,울릉군,감경,여자,75-79세,*,0,0,0,0,*,0,0,0,0
경상북도,울릉군,감경,여자,80-84세,7,0,*,0,*,*,*,0,0,0
경상북도,울릉군,감경,여자,85세이상,21,5,*,*,10,0,0,0,0,0
경상남도,창원시,일반,남자,65세미만,191,7,9,16,43,*,*,47,15,9
경상남도,창원시,일반,남자,65-69세,548,28,24,84,151,21,6,72,31,17
경상남도,창원시,일반,남자,70-74세,759,19,39,116,247,50,10,69,42,29
경상남도,창원시,일반,남자,75-79세,957,24,42,165,338,72,9,78,36,18
경상남도,창원시,일반,남자,80-84세,1050,21,34,177,408,87,16,76,34,17
경상남도,창원시,일반,남자,85세이상,1001,17,51,195,430,84,15,57,20,11
경상남도,창원시,일반,여자,65세미만,205,9,13,31,40,*,*,48,9,15
경상남도,창원시,일반,여자,65-69세,612,23,11,74,148,15,6,83,41,13
경상남도,창원시,일반,여자,70-74세,1030,19,26,109,271,66,28,138,60,14
경상남도,창원시,일반,여자,75-79세,1842,35,51,227,623,155,37,182,77,25
경상남도,창원시,일반,여자,80-84세,2521,69,122,393,996,222,26,161,81,20
경상남도,창원시,일반,여자,85세이상,2749,87,232,616,1151,190,18,108,36,9
경상남도,창원시,기초,남자,65세미만,289,8,18,34,94,21,*,41,19,17
경상남도,창원시,기초,남자,65-69세,516,8,17,42,178,46,25,41,40,30
경상남도,창원시,기초,남자,70-74세,368,8,17,31,144,43,11,24,23,14
경상남도,창원시,기초,남자,75-79세,248,*,6,24,104,26,10,16,14,11
경상남도,창원시,기초,남자,80-84세,195,5,7,24,87,26,*,8,10,*
경상남도,창원시,기초,남자,85세이상,142,*,5,33,66,12,0,*,*,*
경상남도,창원시,기초,여자,65세미만,151,*,5,17,47,9,*,23,12,6
경상남도,창원시,기초,여자,65-69세,393,10,14,49,115,30,6,43,36,18
경상남도,창원시,기초,여자,70-74세,486,11,21,52,195,44,9,39,26,7
경상남도,창원시,기초,여자,75-79세,587,17,38,82,241,53,9,28,25,9
경상남도,창원시,기초,여자,80-84세,751,30,38,138,345,83,10,23,14,*
경상남도,창원시,기초,여자,85세이상,858,30,99,217,366,59,9,12,*,*
경상남도,창원시,의료,남자,65세미만,*,0,0,0,*,0,0,*,*,0
경상남도,창원시,의료,남자,65-69세,11,*,*,*,*,0,0,*,*,0
경상남도,창원시,의료,남자,70-74세,11,*,0,*,*,0,0,*,0,0
경상남도,창원시,의료,남자,75-79세,18,0,0,*,9,*,0,0,*,0
경상남도,창원시,의료,남자,80-84세,17,0,*,*,8,0,*,0,0,*
경상남도,창원시,의료,남자,85세이상,16,*,0,*,10,*,0,0,0,0
경상남도,창원시,의료,여자,65세미만,*,0,*,0,*,0,0,0,0,0
경상남도,창원시,의료,여자,65-69세,6,0,0,0,*,0,0,*,0,0
경상남도,창원시,의료,여자,70-74세,18,0,*,*,8,*,0,*,0,0
경상남도,창원시,의료,여자,75-79세,24,*,*,*,8,*,*,*,*,0
경상남도,창원시,의료,여자,80-84세,44,*,*,8,15,*,*,0,*,0
경상남도,창원시,의료,여자,85세이상,145,*,20,33,63,12,0,0,*,*
경상남도,창원시,감경,남자,65세미만,133,14,12,37,42,9,*,*,*,0
경상남도,창원시,감경,남자,65-69세,339,19,21,81,156,28,9,0,*,*
경상남도,창원시,감경,남자,70-74세,489,5,38,122,246,43,6,*,*,*
경상남도,창원시,감경,남자,75-79세,540,8,38,140,265,61,9,*,*,0
경상남도,창원시,감경,남자,80-84세,597,22,32,156,283,67,11,*,*,0
경상남도,창원시,감경,남자,85세이상,623,16,36,156,314,73,10,*,0,*
경상남도,창원시,감경,여자,65세미만,122,11,14,43,38,6,*,*,*,0
경상남도,창원시,감경,여자,65-69세,385,30,27,90,155,43,*,10,*,*
경상남도,창원시,감경,여자,70-74세,653,26,45,133,312,65,13,9,*,0
경상남도,창원시,감경,여자,75-79세,1136,40,58,238,581,118,24,8,*,*
경상남도,창원시,감경,여자,80-84세,2168,79,157,505,1098,211,23,6,*,0
경상남도,창원시,감경,여자,85세이상,3393,139,385,1007,1539,211,17,*,*,0
경상남도,진주시,일반,남자,65세미만,63,*,*,7,8,*,0,9,10,*
경상남도,진주시,일반,남자,65-69세,201,*,11,27,53,9,*,39,12,10
경상남도,진주시,일반,남자,70-74세,275,*,10,43,93,24,*,31,12,12
경상남도,진주시,일반,남자,75-79세,407,7,16,69,127,46,10,32,22,8
경상남도,진주시,일반,남자,80-84세,478,6,17,85,161,63,11,36,16,8
경상남도,진주시,일반,남자,85세이상,467,7,21,80,199,56,13,23,12,5
경상남도,진주시,일반,여자,65세미만,71,5,*,13,7,5,0,17,5,6
경상남도,진주시,일반,여자,65-69세,207,6,9,15,28,10,5,36,26,10
경상남도,진주시,일반,여자,70-74세,375,9,13,41,107,20,8,48,25,14
경상남도,진주시,일반,여자,75-79세,736,8,20,92,233,76,20,81,42,10
경상남도,진주시,일반,여자,80-84세,1125,16,36,174,422,154,29,83,46,16
경상남도,진주시,일반,여자,85세이상,1259,29,78,288,511,138,11,35,20,10
경상남도,진주시,기초,남자,65세미만,139,6,7,24,39,18,7,18,*,5
경상남도,진주시,기초,남자,65-69세,223,*,7,23,75,18,5,31,17,9
경상남도,진주시,기초,남자,70-74세,150,*,7,13,71,18,*,7,*,6
경상남도,진주시,기초,남자,75-79세,114,0,5,13,43,19,7,8,7,*
경상남도,진주시,기초,남자,80-84세,72,0,*,6,23,22,*,*,*,*
경상남도,진주시,기초,남자,85세이상,38,0,*,7,15,11,*,*,*,0
경상남도,진주시,기초,여자,65세미만,88,*,8,14,18,10,*,6,11,7
경상남도,진주시,기초,여자,65-69세,163,0,14,15,54,21,6,11,7,8
경상남도,진주시,기초,여자,70-74세,155,*,*,20,62,18,*,16,9,*
경상남도,진주시,기초,여자,75-79세,223,7,11,33,83,35,5,9,12,*
경상남도,진주시,기초,여자,80-84세,308,7,20,51,147,50,5,10,*,*
경상남도,진주시,기초,여자,85세이상,371,10,34,94,189,23,*,*,0,*
경상남도,진주시,의료,남자,65세미만,*,0,0,0,0,0,0,0,0,0
경상남도,진주시,의료,남자,65-69세,*,0,0,0,*,0,0,0,0,0
경상남도,진주시,의료,남자,70-74세,*,0,0,0,0,0,0,0,0,*
경상남도,진주시,의료,남자,75-79세,*,0,0,*,*,0,0,0,0,*
경상남도,진주시,의료,남자,80-84세,*,*,0,0,*,*,0,0,0,0
경상남도,진주시,의료,남자,85세이상,*,0,0,*,*,0,0,0,0,0
경상남도,진주시,의료,여자,65-69세,*,0,0,0,0,0,0,*,0,0
경상남도,진주시,의료,여자,70-74세,*,0,0,*,*,0,0,0,*,0
경상남도,진주시,의료,여자,75-79세,9,0,0,5,*,*,*,0,0,0
경상남도,진주시,의료,여자,80-84세,13,0,*,*,8,*,0,0,0,0
경상남도,진주시,의료,여자,85세이상,56,*,*,19,24,5,0,0,0,0
경상남도,진주시,감경,남자,65세미만,55,*,*,11,27,5,0,0,0,0
경상남도,진주시,감경,남자,65-69세,114,7,5,21,56,11,*,0,*,0
경상남도,진주시,감경,남자,70-74세,155,*,9,45,68,16,*,0,*,0
경상남도,진주시,감경,남자,75-79세,212,7,8,61,88,30,5,*,*,0
경상남도,진주시,감경,남자,80-84세,276,7,11,65,136,45,*,0,0,*
경상남도,진주시,감경,남자,85세이상,309,*,18,79,163,39,*,0,0,0
경상남도,진주시,감경,여자,65세미만,50,7,6,5,15,7,*,*,*,0
경상남도,진주시,감경,여자,65-69세,119,8,8,26,55,13,*,*,*,0
경상남도,진주시,감경,여자,70-74세,238,7,14,51,112,28,9,*,0,0
경상남도,진주시,감경,여자,75-79세,482,12,26,93,248,63,14,*,*,0
경상남도,진주시,감경,여자,80-84세,1111,25,62,247,564,169,17,*,*,0
경상남도,진주시,감경,여자,85세이상,1854,67,157,581,868,142,8,*,0,0
경상남도,통영시,일반,남자,65세미만,14,*,0,*,*,*,0,*,*,*
경상남도,통영시,일반,남자,65-69세,53,*,*,10,6,*,*,8,6,7
경상남도,통영시,일반,남자,70-74세,86,*,*,14,17,6,*,14,5,*
경상남도,통영시,일반,남자,75-79세,118,*,*,17,31,12,*,16,6,*
경상남도,통영시,일반,남자,80-84세,134,0,8,16,39,16,*,13,12,5
경상남도,통영시,일반,남자,85세이상,128,0,5,23,49,12,*,8,11,*
경상남도,통영시,일반,여자,65세미만,21,*,*,*,*,0,*,6,0,*
경상남도,통영시,일반,여자,65-69세,79,*,*,*,9,5,0,19,15,*
경상남도,통영시,일반,여자,70-74세,104,*,0,11,19,9,*,18,9,*
경상남도,통영시,일반,여자,75-79세,201,*,*,21,52,29,*,28,15,*
경상남도,통영시,일반,여자,80-84세,334,7,9,43,106,41,12,45,17,6
경상남도,통영시,일반,여자,85세이상,349,8,22,74,137,33,*,19,8,*
경상남도,통영시,기초,남자,65세미만,67,*,*,12,18,12,*,11,*,6
경상남도,통영시,기초,남자,65-69세,123,0,*,12,41,20,*,11,7,13
경상남도,통영시,기초,남자,70-74세,80,*,*,7,26,17,*,10,*,*
경상남도,통영시,기초,남자,75-79세,55,0,*,7,16,9,*,*,*,*
경상남도,통영시,기초,남자,80-84세,36,0,*,*,10,12,*,*,0,*
경상남도,통영시,기초,남자,85세이상,35,0,*,*,17,7,0,*,0,0
경상남도,통영시,기초,여자,65세미만,27,0,*,8,7,*,*,*,0,0
경상남도,통영시,기초,여자,65-69세,60,*,5,10,17,8,0,5,6,*
경상남도,통영시,기초,여자,70-74세,96,*,0,13,41,14,*,8,*,0
경상남도,통영시,기초,여자,75-79세,115,*,9,20,37,16,*,10,7,*
경상남도,통영시,기초,여자,80-84세,140,*,6,25,60,28,*,*,*,*
경상남도,통영시,기초,여자,85세이상,169,*,19,51,77,13,0,0,*,0
경상남도,통영시,의료,남자,65-69세,*,0,0,0,0,0,0,0,0,0
경상남도,통영시,의료,남자,70-74세,*,0,0,*,0,0,0,0,0,0
경상남도,통영시,의료,남자,75-79세,8,0,*,0,*,*,0,*,0,0
경상남도,통영시,의료,남자,80-84세,*,0,*,*,*,0,0,0,0,0
경상남도,통영시,의료,남자,85세이상,5,0,0,*,*,0,0,*,*,0
경상남도,통영시,의료,여자,65세미만,*,0,0,0,0,0,0,*,0,0
경상남도,통영시,의료,여자,65-69세,0,0,0,0,0,0,0,0,0,0
경상남도,통영시,의료,여자,70-74세,0,0,0,0,0,0,0,0,0,0
경상남도,통영시,의료,여자,75-79세,7,0,0,*,*,0,0,0,*,0
경상남도,통영시,의료,여자,80-84세,8,0,0,*,*,0,0,0,0,0
경상남도,통영시,의료,여자,85세이상,30,*,*,*,16,*,*,*,0,0
경상남도,통영시,감경,남자,65세미만,10,*,*,5,*,*,0,0,0,0
경상남도,통영시,감경,남자,65-69세,36,*,*,10,13,*,*,*,*,0
경상남도,통영시,감경,남자,70-74세,63,*,*,14,24,16,0,*,0,0
경상남도,통영시,감경,남자,75-79세,104,*,5,26,41,23,*,*,0,0
경상남도,통영시,감경,남자,80-84세,107,*,*,26,50,19,*,0,0,0
경상남도,통영시,감경,남자,85세이상,145,*,11,27,78,24,0,*,*,0
경상남도,통영시,감경,여자,65세미만,16,0,*,*,6,0,*,*,0,0
경상남도,통영시,감경,여자,65-69세,45,*,*,10,16,9,0,*,*,*
경상남도,통영시,감경,여자,70-74세,112,*,7,18,47,22,6,0,*,0
경상남도,통영시,감경,여자,75-79세,202,6,10,49,87,31,5,*,*,0
경상남도,통영시,감경,여자,80-84세,399,12,19,92,198,60,*,0,0,*
경상남도,통영시,감경,여자,85세이상,637,22,51,174,306,71,0,*,*,0
경상남도,사천시,일반,남자,65세미만,22,0,*,*,*,0,*,6,*,*
경상남도,사천시,일반,남자,65-69세,61,*,*,8,15,*,0,*,9,*
경상남도,사천시,일반,남자,70-74세,111,*,*,13,34,8,*,10,10,5
경상남도,사천시,일반,남자,75-79세,118,*,8,11,39,17,*,9,*,5
경상남도,사천시,일반,남자,80-84세,182,0,8,28,68,24,*,9,10,*
경상남도,사천시,일반,남자,85세이상,217,*,8,37,93,44,*,7,*,*
경상남도,사천시,일반,여자,65세미만,18,0,0,*,*,*,0,*,*,*
경상남도,사천시,일반,여자,65-69세,75,0,*,7,14,*,*,14,7,*
경상남도,사천시,일반,여자,70-74세,125,*,*,7,28,12,*,17,15,*
경상남도,사천시,일반,여자,75-79세,331,*,*,31,95,49,8,42,16,6
경상남도,사천시,일반,여자,80-84세,487,*,15,64,185,76,15,25,12,*
경상남도,사천시,일반,여자,85세이상,545,10,24,116,238,71,8,17,12,0
경상남도,사천시,기초,남자,65세미만,68,*,5,14,14,6,*,*,6,5
경상남도,사천시,기초,남자,65-69세,86,0,*,7,23,13,5,9,7,7
경상남도,사천시,기초,남자,70-74세,78,0,*,11,15,18,5,7,7,*
경상남도,사천시,기초,남자,75-79세,51,*,*,6,23,8,*,*,*,*
경상남도,사천시,기초,남자,80-84세,38,0,*,7,13,11,*,*,0,*
경상남도,사천시,기초,남자,85세이상,30,*,*,5,13,9,*,0,0,0
경상남도,사천시,기초,여자,65세미만,31,*,*,5,5,*,0,*,*,*
경상남도,사천시,기초,여자,65-69세,51,0,*,11,16,10,*,*,*,*
경상남도,사천시,기초,여자,70-74세,93,0,*,11,43,18,*,*,6,*
경상남도,사천시,기초,여자,75-79세,95,*,*,12,39,14,*,6,5,*
경상남도,사천시,기초,여자,80-84세,176,*,7,21,86,32,5,*,*,*
경상남도,사천시,기초,여자,85세이상,190,7,16,50,82,21,*,*,0,0
경상남도,사천시,의료,남자,65세미만,*,0,*,0,0,0,0,0,0,0
경상남도,사천시,의료,남자,65-69세,0,0,0,0,0,0,0,0,0,0
경상남도,사천시,의료,남자,70-74세,*,0,0,*,*,0,0,0,0,0
경상남도,사천시,의료,남자,75-79세,*,0,0,0,*,0,0,0,0,0
경상남도,사천시,의료,남자,80-84세,*,0,0,0,*,0,0,0,0,0
경상남도,사천시,의료,남자,85세이상,*,0,0,*,*,0,0,0,0,0
경상남도,사천시,의료,여자,65-69세,*,0,0,*,0,0,0,0,0,0
경상남도,사천시,의료,여자,70-74세,*,0,0,0,0,*,0,0,0,0
경상남도,사천시,의료,여자,75-79세,*,*,*,*,0,*,0,0,0,0
경상남도,사천시,의료,여자,80-84세,8,0,*,*,*,*,0,*,0,0
경상남도,사천시,의료,여자,85세이상,34,*,6,7,11,*,*,0,0,0
경상남도,사천시,감경,남자,65세미만,20,*,*,*,6,5,0,0,0,0
경상남도,사천시,감경,남자,65-69세,48,*,*,7,21,6,*,*,0,*
경상남도,사천시,감경,남자,70-74세,84,*,7,11,42,10,6,0,0,0
경상남도,사천시,감경,남자,75-79세,116,*,*,23,50,28,*,0,*,0
경상남도,사천시,감경,남자,80-84세,137,*,7,28,56,33,5,0,0,0
경상남도,사천시,감경,남자,85세이상,181,*,7,39,89,33,6,0,*,0
경상남도,사천시,감경,여자,65세미만,22,*,*,10,5,*,0,*,0,0
경상남도,사천시,감경,여자,65-69세,36,0,*,5,17,7,*,*,*,0
경상남도,사천시,감경,여자,70-74세,124,*,*,26,50,25,*,*,*,0
경상남도,사천시,감경,여자,75-79세,228,11,9,47,88,50,7,*,0,0
경상남도,사천시,감경,여자,80-84세,482,7,18,89,241,89,10,*,0,0
경상남도,사천시,감경,여자,85세이상,896,15,69,260,399,129,7,0,0,0
경상남도,김해시,일반,남자,65세미만,80,*,*,11,9,*,*,16,8,6
경상남도,김해시,일반,남자,65-69세,262,11,8,35,61,12,5,41,13,10
경상남도,김해시,일반,남자,70-74세,301,8,15,49,82,17,*,43,11,8
경상남도,김해시,일반,남자,75-79세,351,11,24,44,112,34,5,36,20,5
경상남도,김해시,일반,남자,80-84세,462,7,22,100,159,34,10,31,15,6
경상남도,김해시,일반,남자,85세이상,404,8,20,69,166,39,*,24,14,*
경상남도,김해시,일반,여자,65세미만,92,5,*,10,11,*,0,24,5,*
경상남도,김해시,일반,여자,65-69세,264,10,12,22,50,14,*,57,19,10
경상남도,김해시,일반,여자,70-74세,488,10,18,61,121,29,6,73,38,11
경상남도,김해시,일반,여자,75-79세,856,17,20,124,261,80,20,100,40,11
경상남도,김해시,일반,여자,80-84세,1245,35,51,203,464,113,17,110,41,*
경상남도,김해시,일반,여자,85세이상,1295,55,118,286,517,92,*,46,18,*
경상남도,김해시,기초,남자,65세미만,205,8,9,38,52,26,7,23,10,*
경상남도,김해시,기초,남자,65-69세,240,5,9,29,74,20,6,35,20,10
경상남도,김해시,기초,남자,70-74세,169,5,*,19,79,20,5,10,6,*
경상남도,김해시,기초,남자,75-79세,151,*,*,28,53,22,*,10,10,5
경상남도,김해시,기초,남자,80-84세,135,7,7,17,52,16,*,9,9,0
경상남도,김해시,기초,남자,85세이상,85,*,7,9,41,7,*,7,*,0
경상남도,김해시,기초,여자,65세미만,111,*,5,22,28,8,*,13,8,*
경상남도,김해시,기초,여자,65-69세,205,*,9,27,52,25,*,29,19,9
경상남도,김해시,기초,여자,70-74세,253,7,13,26,112,17,5,17,15,5
경상남도,김해시,기초,여자,75-79세,303,7,13,58,129,26,5,21,10,*
경상남도,김해시,기초,여자,80-84세,454,11,24,91,211,42,5,17,8,*
경상남도,김해시,기초,여자,85세이상,484,28,50,110,210,31,8,*,*,*
경상남도,김해시,의료,남자,65세미만,*,0,0,*,0,0,0,0,0,0
경상남도,김해시,의료,남자,65-69세,5,0,0,0,*,0,0,*,*,0
경상남도,김해시,의료,남자,70-74세,*,0,0,0,*,0,0,0,*,0
경상남도,김해시,의료,남자,75-79세,5,0,0,0,*,0,0,0,0,0
경상남도,김해시,의료,남자,80-84세,7,*,0,0,*,*,0,*,0,0
경상남도,김해시,의료,남자,85세이상,9,0,0,*,6,*,0,0,0,0
경상남도,김해시,의료,여자,65-69세,*,0,0,0,*,0,0,0,*,0
경상남도,김해시,의료,여자,70-74세,5,0,0,0,*,0,0,*,0,0
경상남도,김해시,의료,여자,75-79세,13,0,0,*,8,*,0,0,0,0
경상남도,김해시,의료,여자,80-84세,23,*,*,5,8,*,0,0,0,0
경상남도,김해시,의료,여자,85세이상,64,5,6,17,25,*,0,0,0,0
경상남도,김해시,감경,남자,65세미만,96,10,11,26,32,5,0,*,*,0
경상남도,김해시,감경,남자,65-69세,177,6,12,50,69,16,5,*,*,*
경상남도,김해시,감경,남자,70-74세,235,14,17,52,100,27,*,*,*,0
경상남도,김해시,감경,남자,75-79세,252,7,22,61,120,29,*,*,*,0
경상남도,김해시,감경,남자,80-84세,291,14,14,72,126,47,*,0,*,*
경상남도,김해시,감경,남자,85세이상,305,12,19,71,152,39,*,*,0,0
경상남도,김해시,감경,여자,65세미만,65,5,8,11,23,*,*,0,*,0
경상남도,김해시,감경,여자,65-69세,169,10,18,35,76,11,*,*,*,0
경상남도,김해시,감경,여자,70-74세,303,13,18,59,139,26,8,*,*,*
경상남도,김해시,감경,여자,75-79세,603,26,34,130,273,71,15,7,*,0
경상남도,김해시,감경,여자,80-84세,1162,46,85,278,538,116,18,6,*,0
경상남도,김해시,감경,여자,85세이상,1558,79,178,452,678,102,8,*,*,0
경상남도,밀양시,일반,남자,65세미만,35,0,0,6,6,*,0,9,*,*
경상남도,밀양시,일반,남자,65-69세,97,*,*,12,28,7,*,21,5,5
경상남도,밀양시,일반,남자,70-74세,172,*,*,31,51,11,*,28,17,*
경상남도,밀양시,일반,남자,75-79세,200,*,*,17,70,23,6,20,9,9
경상남도,밀양시,일반,남자,80-84세,273,0,*,17,101,51,15,22,17,5
경상남도,밀양시,일반,남자,85세이상,239,*,*,32,110,30,13,12,11,5
경상남도,밀양시,일반,여자,65세미만,23,0,*,*,*,*,0,*,*,*
경상남도,밀양시,일반,여자,65-69세,90,*,*,5,6,7,6,20,12,*
경상남도,밀양시,일반,여자,70-74세,206,0,*,9,64,17,5,26,23,5
경상남도,밀양시,일반,여자,75-79세,385,*,7,36,113,47,14,42,32,10
경상남도,밀양시,일반,여자,80-84세,632,*,13,59,300,89,12,52,23,7
경상남도,밀양시,일반,여자,85세이상,656,5,23,101,352,70,8,18,16,*
경상남도,밀양시,기초,남자,65세미만,58,*,*,7,15,5,*,9,*,6
경상남도,밀양시,기초,남자,65-69세,84,0,*,9,26,9,*,8,13,9
경상남도,밀양시,기초,남자,70-74세,58,0,0,6,16,12,5,5,*,5
경상남도,밀양시,기초,남자,75-79세,48,0,0,*,22,5,*,*,*,*
경상남도,밀양시,기초,남자,80-84세,42,0,*,5,18,7,*,0,*,*
경상남도,밀양시,기초,남자,85세이상,30,0,0,*,16,7,*,*,0,0
경상남도,밀양시,기초,여자,65세미만,38,*,0,*,9,*,*,7,5,*
경상남도,밀양시,기초,여자,65-69세,71,0,*,6,21,12,*,8,5,7
경상남도,밀양시,기초,여자,70-74세,97,*,*,5,39,12,5,8,7,*
경상남도,밀양시,기초,여자,75-79세,111,*,*,11,55,13,*,8,6,*
경상남도,밀양시,기초,여자,80-84세,167,*,7,19,82,26,5,*,5,*
경상남도,밀양시,기초,여자,85세이상,181,*,12,33,90,23,*,5,0,0
경상남도,밀양시,의료,남자,65세미만,*,0,0,0,0,0,*,0,0,0
경상남도,밀양시,의료,남자,65-69세,*,0,0,0,0,0,0,*,0,0
경상남도,밀양시,의료,남자,70-74세,*,0,0,0,0,0,0,0,*,*
경상남도,밀양시,의료,남자,75-79세,6,0,0,0,*,*,*,0,0,0
경상남도,밀양시,의료,남자,80-84세,*,0,*,0,0,*,0,0,0,0
경상남도,밀양시,의료,남자,85세이상,*,0,0,*,*,0,0,*,0,0
경상남도,밀양시,의료,여자,65-69세,0,0,0,0,0,0,0,0,0,0
경상남도,밀양시,의료,여자,70-74세,*,0,0,0,0,*,0,0,0,0
경상남도,밀양시,의료,여자,75-79세,10,0,0,*,*,*,0,*,*,0
경상남도,밀양시,의료,여자,80-84세,10,0,0,*,7,0,0,0,0,*
경상남도,밀양시,의료,여자,85세이상,27,0,*,*,16,*,0,0,0,0
경상남도,밀양시,감경,남자,65세미만,21,0,*,*,12,*,*,*,*,0
경상남도,밀양시,감경,남자,65-69세,50,*,5,5,26,8,*,0,0,0
경상남도,밀양시,감경,남자,70-74세,81,*,*,18,37,15,*,0,*,0
경상남도,밀양시,감경,남자,75-79세,90,*,*,10,50,14,*,*,*,0
경상남도,밀양시,감경,남자,80-84세,116,*,*,20,61,22,*,0,0,*
경상남도,밀양시,감경,남자,85세이상,185,0,8,49,84,33,8,0,0,0
경상남도,밀양시,감경,여자,65세미만,12,0,*,*,*,*,0,0,*,0
경상남도,밀양시,감경,여자,65-69세,58,0,*,13,24,5,*,*,0,0
경상남도,밀양시,감경,여자,70-74세,108,*,*,13,57,10,*,*,*,*
경상남도,밀양시,감경,여자,75-79세,209,0,9,34,121,25,8,*,*,0
경상남도,밀양시,감경,여자,80-84세,557,*,17,93,305,89,14,*,*,*
경상남도,밀양시,감경,여자,85세이상,878,10,52,194,491,91,14,0,*,0
경상남도,거제시,일반,남자,65세미만,37,0,*,*,13,*,0,5,0,*
경상남도,거제시,일반,남자,65-69세,99,*,0,21,25,*,*,11,5,13
경상남도,거제시,일반,남자,70-74세,139,8,*,14,53,6,*,10,7,8
경상남도,거제시,일반,남자,75-79세,184,*,6,24,53,15,*,29,8,9
경상남도,거제시,일반,남자,80-84세,179,*,6,31,55,15,*,14,10,8
경상남도,거제시,일반,남자,85세이상,164,0,5,28,83,12,*,11,6,*
경상남도,거제시,일반,여자,65세미만,35,*,*,7,7,*,0,*,5,*
경상남도,거제시,일반,여자,65-69세,118,5,6,10,23,*,*,16,9,*
경상남도,거제시,일반,여자,70-74세,218,*,6,26,61,17,*,26,13,10
경상남도,거제시,일반,여자,75-79세,306,*,6,28,97,32,*,38,22,7
경상남도,거제시,일반,여자,80-84세,495,7,16,66,201,39,10,44,26,8
경상남도,거제시,일반,여자,85세이상,554,23,46,126,248,25,*,35,10,*
경상남도,거제시,기초,남자,65세미만,48,*,*,7,21,*,0,6,0,*
경상남도,거제시,기초,남자,65-69세,85,*,*,15,33,6,*,9,5,*
경상남도,거제시,기초,남자,70-74세,56,*,0,8,24,9,*,7,*,0
경상남도,거제시,기초,남자,75-79세,37,*,*,*,19,8,0,*,*,*
경상남도,거제시,기초,남자,80-84세,31,*,*,*,18,*,0,*,0,*
경상남도,거제시,기초,남자,85세이상,9,0,0,0,6,0,*,*,0,0
경상남도,거제시,기초,여자,65세미만,32,0,*,9,8,*,*,0,0,*
경상남도,거제시,기초,여자,65-69세,77,*,*,10,30,8,*,*,*,9
경상남도,거제시,기초,여자,70-74세,70,*,*,9,28,7,*,7,*,*
경상남도,거제시,기초,여자,75-79세,77,*,*,16,28,10,*,*,*,*
경상남도,거제시,기초,여자,80-84세,115,6,6,17,51,16,*,*,*,*
경상남도,거제시,기초,여자,85세이상,136,5,12,46,54,5,*,*,0,*
경상남도,거제시,의료,남자,65세미만,*,0,0,0,0,0,0,*,0,0
경상남도,거제시,의료,남자,65-69세,*,0,0,0,0,0,0,*,0,0
경상남도,거제시,의료,남자,70-74세,0,0,0,0,0,0,0,0,0,0
경상남도,거제시,의료,남자,75-79세,*,0,0,*,*,0,0,0,0,0
경상남도,거제시,의료,남자,80-84세,*,0,0,0,0,0,0,*,0,0
경상남도,거제시,의료,남자,85세이상,*,0,0,0,*,0,0,0,0,0
경상남도,거제시,의료,여자,65세미만,*,0,0,0,0,*,0,0,0,0
경상남도,거제시,의료,여자,65-69세,*,0,0,0,0,0,0,0,0,0
경상남도,거제시,의료,여자,70-74세,*,0,*,0,*,0,0,0,0,0
경상남도,거제시,의료,여자,75-79세,*,0,0,0,*,0,0,0,0,0
경상남도,거제시,의료,여자,80-84세,7,0,0,0,*,*,0,0,0,*
경상남도,거제시,의료,여자,85세이상,33,0,*,13,14,*,0,0,0,0
경상남도,거제시,감경,남자,65세미만,26,*,*,5,15,*,0,0,0,0
경상남도,거제시,감경,남자,65-69세,65,*,5,20,29,*,0,*,0,0
경상남도,거제시,감경,남자,70-74세,78,*,6,15,34,10,*,*,0,*
경상남도,거제시,감경,남자,75-79세,98,*,7,26,49,11,*,*,0,0
경상남도,거제시,감경,남자,80-84세,120,*,7,21,70,13,5,0,0,0
경상남도,거제시,감경,남자,85세이상,148,7,9,28,81,16,*,0,0,0
경상남도,거제시,감경,여자,65세미만,29,0,*,6,7,*,0,0,0,0
경상남도,거제시,감경,여자,65-69세,71,*,*,14,36,*,*,*,0,0
경상남도,거제시,감경,여자,70-74세,141,7,10,34,62,15,*,*,0,0
경상남도,거제시,감경,여자,75-79세,183,6,7,42,94,15,*,*,0,0
경상남도,거제시,감경,여자,80-84세,417,10,38,98,213,38,6,*,0,0
경상남도,거제시,감경,여자,85세이상,669,27,80,194,313,40,*,*,*,0
경상남도,양산시,일반,남자,65세미만,58,6,*,5,10,*,0,12,*,*
경상남도,양산시,일반,남자,65-69세,176,6,7,18,46,7,*,38,9,6
경상남도,양산시,일반,남자,70-74세,244,7,11,43,68,15,5,23,12,*
경상남도,양산시,일반,남자,75-79세,304,8,13,45,98,18,*,27,15,5
경상남도,양산시,일반,남자,80-84세,353,*,15,52,130,37,9,30,7,5
경상남도,양산시,일반,남자,85세이상,328,*,11,57,149,24,7,14,14,7
경상남도,양산시,일반,여자,65세미만,54,*,*,*,10,7,0,14,5,*
경상남도,양산시,일반,여자,65-69세,185,5,8,18,27,6,*,37,14,7
경상남도,양산시,일반,여자,70-74세,367,13,17,38,99,15,8,54,22,6
경상남도,양산시,일반,여자,75-79세,552,8,19,67,169,45,9,67,19,7
경상남도,양산시,일반,여자,80-84세,850,25,43,155,305,73,13,73,18,9
경상남도,양산시,일반,여자,85세이상,912,34,80,210,381,41,*,42,18,*
경상남도,양산시,기초,남자,65세미만,104,*,5,15,32,*,*,20,*,*
경상남도,양산시,기초,남자,65-69세,177,*,8,20,62,12,*,24,14,7
경상남도,양산시,기초,남자,70-74세,108,*,*,19,36,16,*,8,12,*
경상남도,양산시,기초,남자,75-79세,91,*,*,13,35,15,*,*,5,*
경상남도,양산시,기초,남자,80-84세,104,*,6,10,47,15,0,*,5,*
경상남도,양산시,기초,남자,85세이상,74,0,*,14,32,13,*,*,*,0
경상남도,양산시,기초,여자,65세미만,68,*,6,11,21,6,*,6,*,*
경상남도,양산시,기초,여자,65-69세,143,5,5,22,45,10,*,15,9,6
경상남도,양산시,기초,여자,70-74세,158,*,*,25,59,10,*,15,6,5
경상남도,양산시,기초,여자,75-79세,221,*,10,36,93,23,7,16,7,*
경상남도,양산시,기초,여자,80-84세,345,15,17,58,156,40,*,12,5,0
경상남도,양산시,기초,여자,85세이상,374,23,31,91,170,29,*,*,0,*
경상남도,양산시,의료,남자,65세미만,0,0,0,0,0,0,0,0,0,0
경상남도,양산시,의료,남자,65-69세,*,*,0,*,0,0,0,0,0,0
경상남도,양산시,의료,남자,70-74세,*,0,0,*,*,0,0,0,0,0
경상남도,양산시,의료,남자,75-79세,10,0,0,*,*,*,0,*,0,0
경상남도,양산시,의료,남자,80-84세,8,*,0,*,5,0,0,*,0,0
경상남도,양산시,의료,남자,85세이상,*,0,0,0,*,*,0,0,0,0
경상남도,양산시,의료,여자,65세미만,*,0,0,0,0,0,0,0,0,0
경상남도,양산시,의료,여자,65-69세,*,0,0,0,0,*,0,0,0,0
경상남도,양산시,의료,여자,70-74세,11,*,0,*,5,0,0,0,0,0
경상남도,양산시,의료,여자,75-79세,11,0,*,*,5,*,0,0,0,0
경상남도,양산시,의료,여자,80-84세,17,0,*,*,9,*,*,0,0,0
경상남도,양산시,의료,여자,85세이상,45,*,*,9,23,*,0,0,*,0
경상남도,양산시,감경,남자,65세미만,44,*,*,12,12,*,*,*,0,0
경상남도,양산시,감경,남자,65-69세,133,8,5,29,69,8,*,*,*,*
경상남도,양산시,감경,남자,70-74세,182,*,10,47,97,15,0,*,*,0
경상남도,양산시,감경,남자,75-79세,221,5,8,49,118,17,7,*,*,*
경상남도,양산시,감경,남자,80-84세,247,*,16,52,113,45,7,*,*,0
경상남도,양산시,감경,남자,85세이상,274,7,10,62,154,33,*,*,*,0
경상남도,양산시,감경,여자,65세미만,61,14,*,11,14,*,*,5,*,0
경상남도,양산시,감경,여자,65-69세,119,10,*,29,50,8,*,*,0,0
경상남도,양산시,감경,여자,70-74세,230,9,15,53,106,19,8,5,0,*
경상남도,양산시,감경,여자,75-79세,435,11,18,96,200,57,14,5,0,0
경상남도,양산시,감경,여자,80-84세,855,33,67,186,440,61,15,*,*,*
경상남도,양산시,감경,여자,85세이상,1199,54,121,316,597,74,9,0,0,*
경상남도,의령군,일반,남자,65세미만,6,*,0,0,*,0,0,*,0,0
경상남도,의령군,일반,남자,65-69세,25,0,*,*,5,*,0,*,5,*
경상남도,의령군,일반,남자,70-74세,19,*,0,*,*,*,*,*,*,0
경상남도,의령군,일반,남자,75-79세,33,*,*,*,10,*,*,*,5,0
경상남도,의령군,일반,남자,80-84세,60,0,*,8,25,*,5,*,*,*
경상남도,의령군,일반,남자,85세이상,65,0,*,6,32,8,0,6,*,*
경상남도,의령군,일반,여자,65세미만,11,*,*,*,*,0,0,*,*,0
경상남도,의령군,일반,여자,65-69세,35,0,0,*,7,0,*,6,5,*
경상남도,의령군,일반,여자,70-74세,50,*,*,7,11,*,*,7,10,*
경상남도,의령군,일반,여자,75-79세,85,0,*,8,21,9,*,9,6,*
경상남도,의령군,일반,여자,80-84세,188,*,*,22,66,21,*,19,15,*
경상남도,의령군,일반,여자,85세이상,203,*,11,30,82,24,*,17,6,*
경상남도,의령군,기초,남자,65세미만,15,*,0,*,6,0,0,*,*,0
경상남도,의령군,기초,남자,65-69세,17,0,0,*,*,*,*,*,*,*
경상남도,의령군,기초,남자,70-74세,14,0,*,0,*,*,*,*,0,*
경상남도,의령군,기초,남자,75-79세,15,0,*,*,*,*,0,*,*,*
경상남도,의령군,기초,남자,80-84세,7,*,0,*,*,*,0,0,0,0
경상남도,의령군,기초,남자,85세이상,7,0,*,*,*,*,0,0,0,0
경상남도,의령군,기초,여자,65세미만,7,0,0,*,*,*,0,0,0,*
경상남도,의령군,기초,여자,65-69세,16,0,0,0,8,*,0,*,*,0
경상남도,의령군,기초,여자,70-74세,16,*,*,*,6,*,0,*,*,*
경상남도,의령군,기초,여자,75-79세,29,0,*,6,10,5,*,0,*,*
경상남도,의령군,기초,여자,80-84세,43,0,*,7,19,8,*,*,*,0
경상남도,의령군,기초,여자,85세이상,70,*,6,16,33,9,*,0,*,0
경상남도,의령군,의료,남자,85세이상,*,0,0,0,*,0,0,0,0,0
경상남도,의령군,의료,여자,65-69세,*,0,0,*,0,0,0,0,0,0
경상남도,의령군,의료,여자,70-74세,*,0,0,0,*,0,0,0,0,0
경상남도,의령군,의료,여자,75-79세,*,0,0,0,0,*,0,0,0,0
경상남도,의령군,의료,여자,80-84세,*,0,0,*,0,0,0,0,0,0
경상남도,의령군,의료,여자,85세이상,8,*,0,*,5,0,0,0,*,0
경상남도,의령군,감경,남자,65세미만,5,0,0,*,*,*,0,0,0,0
경상남도,의령군,감경,남자,65-69세,13,0,*,*,*,*,*,*,0,0
경상남도,의령군,감경,남자,70-74세,15,0,*,5,7,0,0,0,*,0
경상남도,의령군,감경,남자,75-79세,19,*,0,*,13,*,0,0,0,0
경상남도,의령군,감경,남자,80-84세,36,0,*,5,18,10,0,0,0,0
경상남도,의령군,감경,남자,85세이상,79,*,*,14,46,12,0,0,0,0
경상남도,의령군,감경,여자,65세미만,9,*,0,*,*,*,0,*,*,0
경상남도,의령군,감경,여자,65-69세,9,0,0,*,*,0,0,*,0,*
경상남도,의령군,감경,여자,70-74세,38,*,0,*,14,13,*,0,0,0
경상남도,의령군,감경,여자,75-79세,62,0,*,5,31,12,*,*,*,*
경상남도,의령군,감경,여자,80-84세,218,*,5,23,133,41,*,*,0,0
경상남도,의령군,감경,여자,85세이상,432,7,27,68,261,59,*,*,*,0
경상남도,함안군,일반,남자,65세미만,20,*,0,*,*,*,*,*,*,*
경상남도,함안군,일반,남자,65-69세,45,0,0,5,12,*,*,7,5,*
경상남도,함안군,일반,남자,70-74세,84,5,*,10,38,5,0,7,5,*
경상남도,함안군,일반,남자,75-79세,118,*,*,14,45,8,5,12,6,*
경상남도,함안군,일반,남자,80-84세,127,*,*,13,51,22,*,9,*,*
경상남도,함안군,일반,남자,85세이상,129,0,11,21,63,11,0,*,5,*
경상남도,함안군,일반,여자,65세미만,6,*,*,*,*,0,0,*,*,0
경상남도,함안군,일반,여자,65-69세,43,*,*,*,5,*,0,9,5,*
경상남도,함안군,일반,여자,70-74세,126,*,*,8,27,11,*,17,8,*
경상남도,함안군,일반,여자,75-79세,222,*,*,21,70,18,5,16,13,9
경상남도,함안군,일반,여자,80-84세,355,7,9,26,164,43,6,28,13,6
경상남도,함안군,일반,여자,85세이상,427,9,27,69,225,54,*,9,6,*
경상남도,함안군,기초,남자,65세미만,28,0,*,*,14,0,*,7,0,*
경상남도,함안군,기초,남자,65-69세,50,*,0,6,17,6,*,7,6,*
경상남도,함안군,기초,남자,70-74세,33,0,*,6,12,*,0,*,*,*
경상남도,함안군,기초,남자,75-79세,24,*,*,*,11,*,0,*,*,0
경상남도,함안군,기초,남자,80-84세,29,0,*,*,18,*,0,0,0,0
경상남도,함안군,기초,남자,85세이상,14,0,*,*,9,*,*,0,0,0
경상남도,함안군,기초,여자,65세미만,17,*,0,*,*,*,*,*,*,*
경상남도,함안군,기초,여자,65-69세,36,*,*,7,10,*,*,*,0,*
경상남도,함안군,기초,여자,70-74세,37,0,*,5,16,7,*,0,*,*
경상남도,함안군,기초,여자,75-79세,52,0,*,6,23,8,0,*,*,*
경상남도,함안군,기초,여자,80-84세,75,*,*,12,41,8,0,*,*,0
경상남도,함안군,기초,여자,85세이상,106,*,13,19,56,11,0,0,0,*
경상남도,함안군,의료,남자,65-69세,0,0,0,0,0,0,0,0,0,0
경상남도,함안군,의료,남자,70-74세,*,0,0,0,*,0,0,0,0,0
경상남도,함안군,의료,남자,75-79세,*,0,0,0,0,*,0,0,0,0
경상남도,함안군,의료,남자,80-84세,*,0,*,0,*,0,0,0,0,0
경상남도,함안군,의료,남자,85세이상,*,0,*,0,0,0,0,0,0,0
경상남도,함안군,의료,여자,70-74세,0,0,0,0,0,0,0,0,0,0
경상남도,함안군,의료,여자,75-79세,*,0,*,0,*,0,0,0,0,0
경상남도,함안군,의료,여자,80-84세,*,0,0,0,0,0,0,*,0,0
경상남도,함안군,의료,여자,85세이상,18,*,*,*,9,*,0,0,*,0
경상남도,함안군,감경,남자,65세미만,10,*,0,*,*,*,0,*,0,0
경상남도,함안군,감경,남자,65-69세,48,*,0,11,25,5,0,0,*,0
경상남도,함안군,감경,남자,70-74세,49,*,0,5,31,*,*,*,0,*
경상남도,함안군,감경,남자,75-79세,54,*,*,12,30,7,*,0,0,0
경상남도,함안군,감경,남자,80-84세,70,*,0,10,49,8,*,0,0,0
경상남도,함안군,감경,남자,85세이상,102,*,9,15,61,13,0,*,0,0
경상남도,함안군,감경,여자,65세미만,9,*,*,*,*,*,0,0,0,0
경상남도,함안군,감경,여자,65-69세,35,*,*,10,13,*,*,0,0,0
경상남도,함안군,감경,여자,70-74세,60,*,*,7,32,10,0,0,0,0
경상남도,함안군,감경,여자,75-79세,136,*,6,13,69,28,5,0,*,0
경상남도,함안군,감경,여자,80-84세,339,6,26,53,187,50,*,0,*,0
경상남도,함안군,감경,여자,85세이상,587,18,55,125,330,43,*,*,*,0
경상남도,창녕군,일반,남자,65세미만,14,0,0,0,7,*,0,*,*,0
경상남도,창녕군,일반,남자,65-69세,61,0,*,10,17,5,0,*,6,5
경상남도,창녕군,일반,남자,70-74세,81,*,*,8,24,9,0,10,6,*
경상남도,창녕군,일반,남자,75-79세,121,0,*,10,44,18,*,12,*,5
경상남도,창녕군,일반,남자,80-84세,145,0,*,27,60,15,5,6,10,*
경상남도,창녕군,일반,남자,85세이상,133,*,*,25,68,15,*,*,*,*
경상남도,창녕군,일반,여자,65세미만,10,0,*,0,*,0,0,*,*,*
경상남도,창녕군,일반,여자,65-69세,71,*,*,10,13,*,0,7,7,0
경상남도,창녕군,일반,여자,70-74세,118,0,*,10,32,7,*,16,9,*
경상남도,창녕군,일반,여자,75-79세,226,*,5,21,79,27,*,22,12,0
경상남도,창녕군,일반,여자,80-84세,358,*,7,69,160,35,*,20,7,0
경상남도,창녕군,일반,여자,85세이상,369,*,11,69,183,38,*,9,7,0
경상남도,창녕군,기초,남자,65세미만,31,*,*,*,9,8,*,0,*,*
경상남도,창녕군,기초,남자,65-69세,60,*,0,14,14,7,*,6,6,*
경상남도,창녕군,기초,남자,70-74세,39,0,0,*,15,10,*,*,0,*
경상남도,창녕군,기초,남자,75-79세,31,0,*,*,12,6,0,*,*,*
경상남도,창녕군,기초,남자,80-84세,26,*,*,*,12,5,*,*,0,0
경상남도,창녕군,기초,남자,85세이상,13,0,*,*,7,*,0,0,0,0
경상남도,창녕군,기초,여자,65세미만,16,*,*,*,5,*,0,*,0,0
경상남도,창녕군,기초,여자,65-69세,42,*,0,5,17,5,0,*,*,*
경상남도,창녕군,기초,여자,70-74세,54,*,*,11,21,11,*,*,*,*
경상남도,창녕군,기초,여자,75-79세,73,0,*,10,34,12,*,0,*,0
경상남도,창녕군,기초,여자,80-84세,99,*,5,15,60,9,0,*,*,0
경상남도,창녕군,기초,여자,85세이상,113,*,12,21,57,11,0,*,*,*
경상남도,창녕군,의료,남자,65-69세,0,0,0,0,0,0,0,0,0,0
경상남도,창녕군,의료,남자,70-74세,*,0,0,0,*,0,0,0,0,0
경상남도,창녕군,의료,남자,75-79세,*,0,0,0,*,0,0,0,0,0
경상남도,창녕군,의료,남자,80-84세,*,0,0,0,*,0,0,0,0,0
경상남도,창녕군,의료,남자,85세이상,*,0,0,0,*,0,0,0,0,0
경상남도,창녕군,의료,여자,65세미만,0,0,0,0,0,0,0,0,0,0
경상남도,창녕군,의료,여자,65-69세,*,0,0,*,0,0,0,0,0,0
경상남도,창녕군,의료,여자,70-74세,*,0,0,0,0,0,0,0,0,0
경상남도,창녕군,의료,여자,75-79세,*,*,0,0,*,0,0,0,0,0
경상남도,창녕군,의료,여자,80-84세,*,0,0,0,*,*,0,0,0,*
경상남도,창녕군,의료,여자,85세이상,12,0,0,*,5,*,0,0,0,0
경상남도,창녕군,감경,남자,65세미만,17,0,*,5,6,*,0,0,0,0
경상남도,창녕군,감경,남자,65-69세,31,0,0,7,17,*,0,*,0,0
경상남도,창녕군,감경,남자,70-74세,70,*,*,11,43,8,0,0,0,0
경상남도,창녕군,감경,남자,75-79세,74,*,5,9,48,10,*,0,0,0
경상남도,창녕군,감경,남자,80-84세,108,0,5,22,59,17,*,0,0,0
경상남도,창녕군,감경,남자,85세이상,120,*,6,24,69,16,*,0,0,0
경상남도,창녕군,감경,여자,65세미만,15,*,*,*,*,*,0,0,0,0
경상남도,창녕군,감경,여자,65-69세,47,0,*,10,20,5,*,0,*,0
경상남도,창녕군,감경,여자,70-74세,73,*,6,13,33,9,0,0,0,0
경상남도,창녕군,감경,여자,75-79세,155,0,9,35,76,19,*,0,0,0
경상남도,창녕군,감경,여자,80-84세,437,7,15,94,243,46,*,0,0,0
경상남도,창녕군,감경,여자,85세이상,704,17,42,193,387,40,*,0,0,0
경상남도,고성군,일반,남자,65세미만,14,0,0,*,*,*,0,*,*,*
경상남도,고성군,일반,남자,65-69세,53,*,*,*,17,*,0,10,*,6
경상남도,고성군,일반,남자,70-74세,64,*,*,5,19,6,*,7,5,*
경상남도,고성군,일반,남자,75-79세,94,0,*,17,27,12,*,12,5,*
경상남도,고성군,일반,남자,80-84세,87,*,*,12,36,13,*,9,*,*
경상남도,고성군,일반,남자,85세이상,136,*,*,14,64,27,*,8,*,*
경상남도,고성군,일반,여자,65세미만,12,*,*,0,5,0,0,*,0,*
경상남도,고성군,일반,여자,65-69세,53,*,*,*,11,*,*,5,6,*
경상남도,고성군,일반,여자,70-74세,81,0,*,5,15,6,0,12,8,*
경상남도,고성군,일반,여자,75-79세,173,*,6,14,51,25,*,27,8,*
경상남도,고성군,일반,여자,80-84세,302,*,12,46,102,50,*,23,9,*
경상남도,고성군,일반,여자,85세이상,390,5,20,72,177,56,*,10,*,0
경상남도,고성군,기초,남자,65세미만,29,0,*,6,9,*,0,*,*,*
경상남도,고성군,기초,남자,65-69세,49,*,0,*,18,*,*,6,6,*
경상남도,고성군,기초,남자,70-74세,33,0,*,5,19,6,0,0,*,0
경상남도,고성군,기초,남자,75-79세,27,0,*,*,5,11,*,*,*,*
경상남도,고성군,기초,남자,80-84세,27,0,*,7,8,9,0,*,0,0
경상남도,고성군,기초,남자,85세이상,11,0,0,*,*,*,0,*,0,0
경상남도,고성군,기초,여자,65세미만,7,0,*,*,0,*,0,0,*,0
경상남도,고성군,기초,여자,65-69세,31,0,*,*,10,5,*,6,*,0
경상남도,고성군,기초,여자,70-74세,34,0,0,8,15,7,*,0,*,0
경상남도,고성군,기초,여자,75-79세,43,0,*,5,22,7,*,*,0,0
경상남도,고성군,기초,여자,80-84세,62,0,*,12,33,9,0,*,0,0
경상남도,고성군,기초,여자,85세이상,102,*,10,18,55,11,0,0,0,0
경상남도,고성군,의료,남자,65-69세,*,0,0,0,0,*,0,0,0,0
경상남도,고성군,의료,남자,70-74세,*,0,0,0,0,0,0,*,0,0
경상남도,고성군,의료,남자,75-79세,*,0,0,0,0,*,0,0,0,0
경상남도,고성군,의료,남자,80-84세,*,0,0,0,0,*,0,0,0,0
경상남도,고성군,의료,남자,85세이상,*,0,0,0,0,*,0,0,0,0
경상남도,고성군,의료,여자,65세미만,*,0,0,0,0,0,0,0,*,0
경상남도,고성군,의료,여자,65-69세,*,0,0,0,0,0,0,0,0,0
경상남도,고성군,의료,여자,70-74세,0,0,0,0,0,0,0,0,0,0
경상남도,고성군,의료,여자,80-84세,*,0,0,*,0,*,0,0,0,0
경상남도,고성군,의료,여자,85세이상,23,*,0,*,14,*,0,*,0,0
경상남도,고성군,감경,남자,65세미만,9,0,*,0,5,0,0,0,0,*
경상남도,고성군,감경,남자,65-69세,30,*,0,6,14,6,*,0,0,0
경상남도,고성군,감경,남자,70-74세,36,0,*,8,18,5,*,0,0,0
경상남도,고성군,감경,남자,75-79세,61,*,*,10,29,13,*,0,*,0
경상남도,고성군,감경,남자,80-84세,77,0,6,13,43,14,0,0,0,0
경상남도,고성군,감경,남자,85세이상,141,*,8,29,71,29,*,0,0,0
경상남도,고성군,감경,여자,65세미만,6,0,*,*,*,*,0,0,0,0
경상남도,고성군,감경,여자,65-69세,21,0,*,5,10,*,*,*,0,*
경상남도,고성군,감경,여자,70-74세,60,*,*,9,32,10,*,*,0,0
경상남도,고성군,감경,여자,75-79세,128,*,7,14,58,32,*,*,*,0
경상남도,고성군,감경,여자,80-84세,279,*,5,51,140,60,*,*,0,0
경상남도,고성군,감경,여자,85세이상,544,6,37,118,296,76,0,*,*,0
경상남도,남해군,일반,남자,65세미만,7,0,0,*,0,0,0,*,0,*
경상남도,남해군,일반,남자,65-69세,29,0,*,*,*,*,0,10,*,*
경상남도,남해군,일반,남자,70-74세,59,*,*,6,18,0,0,9,8,*
경상남도,남해군,일반,남자,75-79세,94,0,*,10,29,11,*,12,7,6
경상남도,남해군,일반,남자,80-84세,111,0,*,14,39,12,0,9,8,6
경상남도,남해군,일반,남자,85세이상,160,*,*,13,81,18,*,14,12,*
경상남도,남해군,일반,여자,65세미만,*,*,*,0,*,0,0,*,0,0
경상남도,남해군,일반,여자,65-69세,45,*,*,5,9,*,*,6,*,5
경상남도,남해군,일반,여자,70-74세,70,*,*,5,17,*,5,9,10,5
경상남도,남해군,일반,여자,75-79세,193,*,*,18,67,14,7,27,14,*
경상남도,남해군,일반,여자,80-84세,320,*,*,28,143,35,5,32,13,10
경상남도,남해군,일반,여자,85세이상,431,9,22,59,220,41,*,30,7,5
경상남도,남해군,기초,남자,65세미만,14,*,0,*,*,*,*,*,0,0
경상남도,남해군,기초,남자,65-69세,24,0,*,*,9,0,0,*,*,5
경상남도,남해군,기초,남자,70-74세,24,0,0,*,7,*,*,*,*,*
경상남도,남해군,기초,남자,75-79세,13,0,0,*,*,*,*,*,*,0
경상남도,남해군,기초,남자,80-84세,22,*,0,7,6,*,0,0,*,0
경상남도,남해군,기초,남자,85세이상,16,0,*,*,11,0,0,0,0,0
경상남도,남해군,기초,여자,65세미만,9,0,*,*,*,0,0,*,0,*
경상남도,남해군,기초,여자,65-69세,23,*,0,*,10,*,0,*,*,*
경상남도,남해군,기초,여자,70-74세,27,0,0,5,14,*,*,*,0,0
경상남도,남해군,기초,여자,75-79세,34,0,0,0,20,*,0,6,0,*
경상남도,남해군,기초,여자,80-84세,53,*,*,12,23,7,0,*,*,*
경상남도,남해군,기초,여자,85세이상,104,*,10,19,49,13,*,*,*,0
경상남도,남해군,의료,남자,70-74세,0,0,0,0,0,0,0,0,0,0
경상남도,남해군,의료,남자,75-79세,*,0,0,*,*,0,0,0,0,0
경상남도,남해군,의료,남자,80-84세,*,*,0,*,0,0,0,0,0,0
경상남도,남해군,의료,남자,85세이상,*,0,0,0,*,0,0,0,0,0
경상남도,남해군,의료,여자,65-69세,0,0,0,0,0,0,0,0,0,0
경상남도,남해군,의료,여자,70-74세,0,0,0,0,0,0,0,0,0,0
경상남도,남해군,의료,여자,75-79세,*,0,0,0,*,*,0,0,*,*
경상남도,남해군,의료,여자,80-84세,*,*,0,0,*,0,0,0,0,0
경상남도,남해군,의료,여자,85세이상,24,0,0,5,15,*,0,0,0,0
경상남도,남해군,감경,남자,65세미만,12,*,*,*,*,*,0,*,0,0
경상남도,남해군,감경,남자,65-69세,16,*,*,*,11,*,0,0,0,0
경상남도,남해군,감경,남자,70-74세,44,*,*,11,20,7,*,*,*,0
경상남도,남해군,감경,남자,75-79세,61,*,*,18,31,*,*,0,0,0
경상남도,남해군,감경,남자,80-84세,82,0,*,12,50,13,*,0,0,0
경상남도,남해군,감경,남자,85세이상,159,*,11,38,90,15,*,0,*,0
경상남도,남해군,감경,여자,65세미만,6,*,0,0,*,*,0,0,0,0
경상남도,남해군,감경,여자,65-69세,24,*,0,*,15,*,0,*,0,0
경상남도,남해군,감경,여자,70-74세,56,*,0,7,27,10,0,*,0,*
경상남도,남해군,감경,여자,75-79세,119,*,*,21,69,10,5,0,0,*
경상남도,남해군,감경,여자,80-84세,376,*,13,55,235,49,7,0,*,0
경상남도,남해군,감경,여자,85세이상,750,10,39,144,444,98,*,*,0,0
경상남도,하동군,일반,남자,65세미만,14,*,0,*,*,*,0,*,*,*
경상남도,하동군,일반,남자,65-69세,45,*,0,5,10,*,*,6,6,*
경상남도,하동군,일반,남자,70-74세,57,0,*,7,23,*,0,*,11,*
경상남도,하동군,일반,남자,75-79세,95,0,*,12,28,6,*,13,7,6
경상남도,하동군,일반,남자,80-84세,119,*,*,21,40,6,*,12,8,*
경상남도,하동군,일반,남자,85세이상,138,*,6,30,63,10,*,8,*,*
경상남도,하동군,일반,여자,65세미만,9,0,*,*,0,0,0,*,*,0
경상남도,하동군,일반,여자,65-69세,45,0,0,*,8,*,0,6,6,*
경상남도,하동군,일반,여자,70-74세,91,*,0,7,25,*,*,17,8,*
경상남도,하동군,일반,여자,75-79세,184,*,5,16,63,16,*,17,15,*
경상남도,하동군,일반,여자,80-84세,307,*,7,55,137,20,7,21,11,*
경상남도,하동군,일반,여자,85세이상,339,*,20,75,170,25,*,11,6,*
경상남도,하동군,기초,남자,65세미만,28,*,*,7,8,*,0,*,*,*
경상남도,하동군,기초,남자,65-69세,47,*,*,5,18,*,*,*,*,*
경상남도,하동군,기초,남자,70-74세,33,0,*,*,15,*,*,*,*,*
경상남도,하동군,기초,남자,75-79세,34,0,*,*,13,5,*,*,*,*
경상남도,하동군,기초,남자,80-84세,29,0,*,5,12,6,*,*,*,0
경상남도,하동군,기초,남자,85세이상,24,0,*,5,11,5,0,0,0,0
경상남도,하동군,기초,여자,65세미만,5,0,0,*,*,0,0,*,*,0
경상남도,하동군,기초,여자,65-69세,32,0,*,5,10,5,*,6,*,*
경상남도,하동군,기초,여자,70-74세,39,*,*,*,19,5,0,*,*,*
경상남도,하동군,기초,여자,75-79세,49,0,*,9,27,6,*,*,0,0
경상남도,하동군,기초,여자,80-84세,72,*,*,14,32,7,*,*,*,*
경상남도,하동군,기초,여자,85세이상,112,*,11,27,57,6,*,0,*,0
경상남도,하동군,의료,남자,75-79세,*,0,0,0,*,0,0,0,0,0
경상남도,하동군,의료,남자,85세이상,*,0,0,0,*,0,0,0,0,0
경상남도,하동군,의료,여자,65-69세,0,0,0,0,0,0,0,0,0,0
경상남도,하동군,의료,여자,70-74세,*,0,0,0,0,*,0,0,0,0
경상남도,하동군,의료,여자,75-79세,*,0,0,*,0,0,0,0,0,0
경상남도,하동군,의료,여자,80-84세,*,0,*,0,0,0,0,0,0,0
경상남도,하동군,의료,여자,85세이상,8,0,0,6,*,*,0,0,0,0
경상남도,하동군,감경,남자,65세미만,6,*,0,*,*,0,*,0,0,0
경상남도,하동군,감경,남자,65-69세,31,0,*,7,15,*,*,0,0,0
경상남도,하동군,감경,남자,70-74세,43,*,5,7,23,*,*,0,0,0
경상남도,하동군,감경,남자,75-79세,55,*,*,16,26,7,*,0,0,0
경상남도,하동군,감경,남자,80-84세,110,0,7,23,63,16,0,0,0,0
경상남도,하동군,감경,남자,85세이상,154,*,9,39,82,16,*,0,0,0
경상남도,하동군,감경,여자,65세미만,6,*,0,*,*,0,0,0,0,0
경상남도,하동군,감경,여자,65-69세,26,*,*,7,11,*,0,0,0,0
경상남도,하동군,감경,여자,70-74세,55,*,*,9,30,*,*,0,0,0
경상남도,하동군,감경,여자,75-79세,148,*,5,31,87,7,6,*,*,0
경상남도,하동군,감경,여자,80-84세,425,8,23,97,250,27,8,0,*,0
경상남도,하동군,감경,여자,85세이상,698,13,53,197,396,26,*,0,0,0
경상남도,산청군,일반,남자,65세미만,13,0,*,*,*,*,0,0,*,*
경상남도,산청군,일반,남자,65-69세,28,*,0,0,6,*,0,*,*,*
경상남도,산청군,일반,남자,70-74세,52,*,*,*,14,*,*,6,5,*
경상남도,산청군,일반,남자,75-79세,80,*,*,7,20,17,*,6,8,8
경상남도,산청군,일반,남자,80-84세,102,0,*,19,27,20,*,6,7,6
경상남도,산청군,일반,남자,85세이상,105,0,*,20,40,22,*,*,*,*
경상남도,산청군,일반,여자,65세미만,10,0,0,*,*,*,0,*,*,*
경상남도,산청군,일반,여자,65-69세,57,*,*,*,7,0,*,13,16,6
경상남도,산청군,일반,여자,70-74세,106,0,0,7,12,5,*,13,20,19
경상남도,산청군,일반,여자,75-79세,175,*,*,13,35,22,*,13,25,19
경상남도,산청군,일반,여자,80-84세,256,*,*,34,81,45,7,21,18,11
경상남도,산청군,일반,여자,85세이상,309,6,8,67,137,44,*,10,7,*
경상남도,산청군,기초,남자,65세미만,11,*,0,5,*,0,0,0,*,0
경상남도,산청군,기초,남자,65-69세,41,0,*,5,11,6,*,*,*,6
경상남도,산청군,기초,남자,70-74세,17,*,*,*,8,0,*,0,0,*
경상남도,산청군,기초,남자,75-79세,17,0,0,*,*,5,*,0,*,0
경상남도,산청군,기초,남자,80-84세,9,0,0,*,*,0,0,*,0,0
경상남도,산청군,기초,남자,85세이상,8,0,0,0,*,*,*,0,0,0
경상남도,산청군,기초,여자,65세미만,14,*,0,*,*,*,0,*,0,0
경상남도,산청군,기초,여자,65-69세,24,0,*,5,8,*,0,*,*,0
경상남도,산청군,기초,여자,70-74세,23,*,*,5,*,5,0,*,*,*
경상남도,산청군,기초,여자,75-79세,37,0,*,*,11,7,*,*,5,*
경상남도,산청군,기초,여자,80-84세,56,0,*,18,18,12,*,0,*,*
경상남도,산청군,기초,여자,85세이상,102,*,8,30,49,9,0,0,0,0
경상남도,산청군,의료,남자,65-69세,*,0,0,0,*,0,0,0,0,0
경상남도,산청군,의료,남자,85세이상,0,0,0,0,0,0,0,0,0,0
경상남도,산청군,의료,여자,70-74세,*,0,0,0,0,0,0,0,0,*
경상남도,산청군,의료,여자,75-79세,6,0,0,0,*,*,0,0,*,0
경상남도,산청군,의료,여자,80-84세,*,0,0,0,*,0,0,0,0,0
경상남도,산청군,의료,여자,85세이상,13,0,*,*,6,*,0,0,0,0
경상남도,산청군,감경,남자,65세미만,6,*,*,0,*,0,0,0,0,0
경상남도,산청군,감경,남자,65-69세,19,0,*,*,9,*,0,*,0,0
경상남도,산청군,감경,남자,70-74세,36,*,0,*,20,5,*,0,*,*
경상남도,산청군,감경,남자,75-79세,49,*,*,14,15,13,*,0,0,0
경상남도,산청군,감경,남자,80-84세,91,0,5,16,39,25,*,0,0,*
경상남도,산청군,감경,남자,85세이상,117,*,*,20,58,29,*,0,0,0
경상남도,산청군,감경,여자,65세미만,7,0,*,*,*,0,0,0,0,*
경상남도,산청군,감경,여자,65-69세,30,*,*,8,14,5,0,0,0,0
경상남도,산청군,감경,여자,70-74세,46,*,*,5,18,13,*,0,*,0
경상남도,산청군,감경,여자,75-79세,120,*,*,24,48,26,7,0,*,*
경상남도,산청군,감경,여자,80-84세,321,5,11,56,168,70,*,0,*,0
경상남도,산청군,감경,여자,85세이상,645,19,43,188,291,94,*,0,0,0
경상남도,함양군,일반,남자,65세미만,12,*,*,*,*,*,0,*,*,*
경상남도,함양군,일반,남자,65-69세,17,0,0,*,*,0,0,*,*,*
경상남도,함양군,일반,남자,70-74세,35,*,0,*,7,*,*,*,*,7
경상남도,함양군,일반,남자,75-79세,71,0,*,8,17,7,*,9,7,*
경상남도,함양군,일반,남자,80-84세,96,*,*,12,23,17,*,8,7,6
경상남도,함양군,일반,남자,85세이상,108,0,*,14,37,18,5,8,5,*
경상남도,함양군,일반,여자,65세미만,11,*,0,*,*,*,0,0,0,*
경상남도,함양군,일반,여자,65-69세,28,0,*,*,*,*,0,5,*,*
경상남도,함양군,일반,여자,70-74세,52,*,0,*,10,*,0,6,9,6
경상남도,함양군,일반,여자,75-79세,113,*,*,12,22,17,5,13,10,6
경상남도,함양군,일반,여자,80-84세,261,*,*,33,79,46,14,14,13,12
경상남도,함양군,일반,여자,85세이상,288,*,11,50,99,60,10,9,12,6
경상남도,함양군,기초,남자,65세미만,24,0,0,*,5,*,*,0,*,*
경상남도,함양군,기초,남자,65-69세,21,*,0,*,8,*,*,0,*,*
경상남도,함양군,기초,남자,70-74세,19,0,0,6,6,*,*,*,*,0
경상남도,함양군,기초,남자,75-79세,14,0,*,*,*,*,0,*,0,*
경상남도,함양군,기초,남자,80-84세,12,0,*,*,5,*,*,0,0,0
경상남도,함양군,기초,남자,85세이상,17,0,0,5,5,*,*,0,0,*
경상남도,함양군,기초,여자,65세미만,12,*,0,*,*,0,*,*,*,*
경상남도,함양군,기초,여자,65-69세,17,0,*,6,*,0,0,*,*,*
경상남도,함양군,기초,여자,70-74세,32,0,0,5,12,*,*,0,*,*
경상남도,함양군,기초,여자,75-79세,37,0,*,5,14,*,*,*,*,*
경상남도,함양군,기초,여자,80-84세,64,*,*,8,35,10,*,*,*,*
경상남도,함양군,기초,여자,85세이상,95,*,9,27,40,10,0,*,0,0
경상남도,함양군,의료,남자,65-69세,*,0,0,0,*,0,0,0,0,0
경상남도,함양군,의료,남자,75-79세,0,0,0,0,0,0,0,0,0,0
경상남도,함양군,의료,남자,80-84세,0,0,0,0,0,0,0,0,0,0
경상남도,함양군,의료,남자,85세이상,*,0,0,*,*,0,0,0,0,0
경상남도,함양군,의료,여자,65세미만,0,0,0,0,0,0,0,0,0,0
경상남도,함양군,의료,여자,65-69세,*,0,0,0,*,0,0,0,0,0
경상남도,함양군,의료,여자,70-74세,0,0,0,0,0,0,0,0,0,0
경상남도,함양군,의료,여자,75-79세,*,0,0,0,0,0,0,0,*,0
경상남도,함양군,의료,여자,80-84세,0,0,0,0,0,0,0,0,0,0
경상남도,함양군,의료,여자,85세이상,21,*,0,*,10,*,0,*,0,0
경상남도,함양군,감경,남자,65세미만,5,0,0,*,*,0,0,*,0,0
경상남도,함양군,감경,남자,65-69세,17,0,*,7,5,*,0,*,0,0
경상남도,함양군,감경,남자,70-74세,28,0,*,6,13,*,*,0,*,0
경상남도,함양군,감경,남자,75-79세,25,0,0,5,13,6,0,0,0,0
경상남도,함양군,감경,남자,80-84세,66,*,*,12,35,9,*,*,0,0
경상남도,함양군,감경,남자,85세이상,113,*,5,19,53,27,5,0,0,0
경상남도,함양군,감경,여자,65세미만,7,0,0,*,*,*,0,*,0,0
경상남도,함양군,감경,여자,65-69세,18,*,0,6,6,*,*,0,0,0
경상남도,함양군,감경,여자,70-74세,30,0,*,*,16,*,*,0,*,0
경상남도,함양군,감경,여자,75-79세,89,*,*,15,42,17,7,0,0,0
경상남도,함양군,감경,여자,80-84세,295,*,15,55,135,65,12,0,*,0
경상남도,함양군,감경,여자,85세이상,561,11,31,132,269,96,15,0,*,0
경상남도,거창군,일반,남자,65세미만,5,0,0,*,*,0,0,*,*,0
경상남도,거창군,일반,남자,65-69세,39,0,0,*,8,*,0,8,5,*
경상남도,거창군,일반,남자,70-74세,40,0,*,5,8,7,*,6,*,*
경상남도,거창군,일반,남자,75-79세,71,0,*,12,15,11,*,*,6,*
경상남도,거창군,일반,남자,80-84세,93,*,*,15,29,12,5,6,*,*
경상남도,거창군,일반,남자,85세이상,158,*,*,24,58,31,5,7,5,*
경상남도,거창군,일반,여자,65세미만,16,*,0,*,*,0,0,7,*,*
경상남도,거창군,일반,여자,65-69세,36,*,0,5,6,*,0,8,*,*
경상남도,거창군,일반,여자,70-74세,70,0,*,8,9,7,*,7,11,5
경상남도,거창군,일반,여자,75-79세,144,0,*,15,37,19,*,19,16,6
경상남도,거창군,일반,여자,80-84세,265,0,5,30,89,56,6,16,10,9
경상남도,거창군,일반,여자,85세이상,393,*,13,74,153,75,10,13,7,5
경상남도,거창군,기초,남자,65세미만,34,0,0,7,13,*,0,5,*,*
경상남도,거창군,기초,남자,65-69세,47,0,*,5,10,7,*,5,*,5
경상남도,거창군,기초,남자,70-74세,30,*,*,6,5,6,*,*,*,*
경상남도,거창군,기초,남자,75-79세,15,0,*,*,7,*,0,*,0,0
경상남도,거창군,기초,남자,80-84세,16,0,*,*,6,*,0,*,0,0
경상남도,거창군,기초,남자,85세이상,19,0,0,*,10,5,*,0,0,0
경상남도,거창군,기초,여자,65세미만,22,*,*,*,*,*,0,5,*,*
경상남도,거창군,기초,여자,65-69세,36,0,*,*,7,5,0,*,*,*
경상남도,거창군,기초,여자,70-74세,23,*,*,*,6,*,*,*,*,0
경상남도,거창군,기초,여자,75-79세,59,0,*,11,25,*,*,*,*,*
경상남도,거창군,기초,여자,80-84세,66,0,*,8,25,17,*,*,*,*
경상남도,거창군,기초,여자,85세이상,124,*,5,34,57,15,*,*,*,*
경상남도,거창군,의료,남자,65세미만,*,*,0,0,0,0,0,0,0,0
경상남도,거창군,의료,남자,65-69세,0,0,0,0,0,0,0,0,0,0
경상남도,거창군,의료,남자,70-74세,*,0,0,*,0,0,*,0,0,0
경상남도,거창군,의료,남자,75-79세,*,0,0,0,*,0,0,0,0,0
경상남도,거창군,의료,남자,80-84세,*,0,0,0,0,*,0,0,0,0
경상남도,거창군,의료,남자,85세이상,*,0,0,0,*,0,0,0,0,0
경상남도,거창군,의료,여자,65-69세,*,0,0,0,0,0,0,0,*,0
경상남도,거창군,의료,여자,70-74세,*,0,0,0,*,0,0,0,0,0
경상남도,거창군,의료,여자,75-79세,*,0,0,0,0,*,0,0,0,0
경상남도,거창군,의료,여자,80-84세,5,0,0,*,*,0,0,*,0,0
경상남도,거창군,의료,여자,85세이상,14,0,0,*,7,*,0,0,0,0
경상남도,거창군,감경,남자,65세미만,12,*,*,*,*,*,0,*,*,0
경상남도,거창군,감경,남자,65-69세,22,0,*,7,7,*,0,*,0,0
경상남도,거창군,감경,남자,70-74세,29,0,*,8,11,8,0,0,0,0
경상남도,거창군,감경,남자,75-79세,45,0,*,10,20,9,*,0,0,0
경상남도,거창군,감경,남자,80-84세,91,*,*,12,50,21,*,0,0,0
경상남도,거창군,감경,남자,85세이상,183,*,*,43,96,36,*,0,0,0
경상남도,거창군,감경,여자,65세미만,*,0,*,*,*,0,0,0,0,0
경상남도,거창군,감경,여자,65-69세,32,*,*,*,17,6,*,*,0,0
경상남도,거창군,감경,여자,70-74세,52,*,*,9,22,6,*,0,*,0
경상남도,거창군,감경,여자,75-79세,144,*,15,17,62,28,10,*,0,0
경상남도,거창군,감경,여자,80-84세,350,*,17,58,172,76,9,0,0,0
경상남도,거창군,감경,여자,85세이상,797,7,40,187,400,143,11,0,*,0
경상남도,합천군,일반,남자,65세미만,12,*,0,0,0,0,0,*,6,0
경상남도,합천군,일반,남자,65-69세,29,0,*,*,6,*,0,*,6,*
경상남도,합천군,일반,남자,70-74세,32,*,0,*,7,*,0,8,*,5
경상남도,합천군,일반,남자,75-79세,67,*,*,*,22,7,*,5,*,5
경상남도,합천군,일반,남자,80-84세,100,0,6,8,20,18,5,*,8,6
경상남도,합천군,일반,남자,85세이상,109,0,*,13,36,15,9,5,9,*
경상남도,합천군,일반,여자,65세미만,8,0,0,*,*,0,0,*,*,*
경상남도,합천군,일반,여자,65-69세,38,0,0,*,*,*,*,7,9,*
경상남도,합천군,일반,여자,70-74세,79,*,*,*,13,7,*,9,6,8
경상남도,합천군,일반,여자,75-79세,166,*,*,7,42,11,10,21,19,8
경상남도,합천군,일반,여자,80-84세,295,*,*,29,79,55,5,20,23,8
경상남도,합천군,일반,여자,85세이상,403,5,11,49,153,62,17,21,18,*
경상남도,합천군,기초,남자,65세미만,18,*,*,0,*,0,*,6,*,0
경상남도,합천군,기초,남자,65-69세,30,0,*,*,7,*,*,7,*,*
경상남도,합천군,기초,남자,70-74세,27,0,*,*,8,*,*,*,*,*
경상남도,합천군,기초,남자,75-79세,17,0,0,0,*,*,*,0,*,*
경상남도,합천군,기초,남자,80-84세,14,0,0,0,6,*,0,*,*,*
경상남도,합천군,기초,남자,85세이상,12,0,*,*,5,*,*,0,*,0
경상남도,합천군,기초,여자,65세미만,10,0,*,0,*,*,0,*,0,*
경상남도,합천군,기초,여자,65-69세,18,0,*,0,*,*,*,*,0,0
경상남도,합천군,기초,여자,70-74세,29,*,0,*,9,*,*,*,5,*
경상남도,합천군,기초,여자,75-79세,36,0,*,6,7,8,*,*,*,*
경상남도,합천군,기초,여자,80-84세,62,*,*,6,29,9,*,*,*,*
경상남도,합천군,기초,여자,85세이상,78,*,*,13,33,12,*,*,*,0
경상남도,합천군,의료,남자,70-74세,*,0,0,0,*,0,0,0,0,0
경상남도,합천군,의료,남자,80-84세,0,0,0,0,0,0,0,0,0,0
경상남도,합천군,의료,남자,85세이상,*,0,0,*,0,0,0,0,0,0
경상남도,합천군,의료,여자,65-69세,0,0,0,0,0,0,0,0,0,0
경상남도,합천군,의료,여자,70-74세,*,0,0,*,0,0,0,0,0,0
경상남도,합천군,의료,여자,75-79세,*,0,0,0,0,0,0,0,0,0
경상남도,합천군,의료,여자,80-84세,*,0,0,0,*,0,0,*,*,0
경상남도,합천군,의료,여자,85세이상,9,0,0,0,6,*,0,0,0,0
경상남도,합천군,감경,남자,65세미만,6,0,0,*,*,0,0,0,0,0
경상남도,합천군,감경,남자,65-69세,12,*,*,*,5,*,0,0,0,0
경상남도,합천군,감경,남자,70-74세,30,*,0,9,10,*,*,0,0,0
경상남도,합천군,감경,남자,75-79세,37,0,*,5,17,6,*,0,0,0
경상남도,합천군,감경,남자,80-84세,58,*,*,7,27,15,*,0,0,0
경상남도,합천군,감경,남자,85세이상,132,0,7,14,65,35,9,0,0,0
경상남도,합천군,감경,여자,65세미만,9,0,*,0,5,*,0,*,0,0
경상남도,합천군,감경,여자,65-69세,20,*,0,6,7,*,*,0,0,0
경상남도,합천군,감경,여자,70-74세,36,0,*,*,16,8,*,0,0,0
경상남도,합천군,감경,여자,75-79세,88,*,*,14,44,14,7,0,0,0
경상남도,합천군,감경,여자,80-84세,310,*,7,52,143,79,13,*,*,*
경상남도,합천군,감경,여자,85세이상,639,*,20,133,336,116,16,0,*,0
제주,제주시,일반,남자,65세미만,80,11,*,19,9,*,*,10,6,*
제주,제주시,일반,남자,65-69세,173,16,11,34,31,*,*,21,8,8
제주,제주시,일반,남자,70-74세,208,10,15,37,57,10,*,12,*,*
제주,제주시,일반,남자,75-79세,337,15,26,63,82,20,*,19,9,*
제주,제주시,일반,남자,80-84세,455,23,24,98,135,28,5,24,17,11
제주,제주시,일반,남자,85세이상,649,16,30,143,222,46,10,31,30,5
제주,제주시,일반,여자,65세미만,66,7,5,7,*,0,*,13,7,8
제주,제주시,일반,여자,65-69세,166,11,5,22,19,*,*,21,15,7
제주,제주시,일반,여자,70-74세,256,8,8,34,49,13,*,20,22,*
제주,제주시,일반,여자,75-79세,609,36,29,85,121,37,20,41,47,11
제주,제주시,일반,여자,80-84세,976,36,68,202,254,67,28,58,45,13
제주,제주시,일반,여자,85세이상,1882,115,210,485,531,130,21,67,47,11
제주,제주시,기초,남자,65세미만,179,15,23,40,42,5,*,11,14,7
제주,제주시,기초,남자,65-69세,206,9,8,31,57,9,0,23,23,14
제주,제주시,기초,남자,70-74세,159,7,13,26,55,6,*,8,8,8
제주,제주시,기초,남자,75-79세,112,*,9,22,25,9,0,11,9,5
제주,제주시,기초,남자,80-84세,99,*,7,18,39,8,*,5,5,*
제주,제주시,기초,남자,85세이상,65,*,5,10,27,*,*,*,*,*
제주,제주시,기초,여자,65세미만,75,10,*,13,16,5,0,9,10,*
제주,제주시,기초,여자,65-69세,157,*,9,33,31,12,5,26,14,9
제주,제주시,기초,여자,70-74세,145,8,*,28,53,8,*,*,8,6
제주,제주시,기초,여자,75-79세,188,7,13,50,52,12,*,8,15,6
제주,제주시,기초,여자,80-84세,272,7,24,61,92,25,*,11,14,*
제주,제주시,기초,여자,85세이상,540,59,85,167,167,24,6,5,*,0
제주,제주시,의료,남자,65세미만,0,0,0,0,0,0,0,0,0,0
제주,제주시,의료,남자,65-69세,*,0,0,0,0,0,0,*,0,0
제주,제주시,의료,남자,70-74세,*,0,0,0,*,0,0,0,0,0
제주,제주시,의료,남자,75-79세,16,0,*,7,5,0,0,*,*,0
제주,제주시,의료,남자,80-84세,8,*,0,*,*,*,0,0,0,0
제주,제주시,의료,남자,85세이상,13,0,*,8,*,0,0,0,0,0
제주,제주시,의료,여자,65세미만,*,0,0,0,*,0,0,0,0,0
제주,제주시,의료,여자,65-69세,*,0,*,0,0,0,0,*,*,0
제주,제주시,의료,여자,70-74세,*,0,0,0,0,0,0,0,0,0
제주,제주시,의료,여자,75-79세,16,*,*,*,6,0,*,*,*,0
제주,제주시,의료,여자,80-84세,*,0,0,*,*,0,0,*,0,0
제주,제주시,의료,여자,85세이상,98,8,21,26,29,5,0,*,*,0
제주,제주시,감경,남자,65세미만,59,5,5,20,16,5,*,0,0,0
제주,제주시,감경,남자,65-69세,92,5,13,32,20,5,0,*,*,*
제주,제주시,감경,남자,70-74세,116,9,9,30,45,11,*,*,*,*
제주,제주시,감경,남자,75-79세,167,8,17,53,54,18,*,0,*,*
제주,제주시,감경,남자,80-84세,209,6,22,60,91,20,5,0,0,0
제주,제주시,감경,남자,85세이상,311,8,30,91,137,29,5,*,*,0
제주,제주시,감경,여자,65세미만,40,7,5,12,10,*,*,0,0,0
제주,제주시,감경,여자,65-69세,79,9,6,16,30,5,*,*,*,0
제주,제주시,감경,여자,70-74세,168,15,12,32,63,17,7,*,*,0
제주,제주시,감경,여자,75-79세,272,23,20,73,101,22,9,0,*,0
제주,제주시,감경,여자,80-84세,639,50,71,177,240,53,17,5,*,0
제주,제주시,감경,여자,85세이상,1604,144,222,523,561,88,26,*,*,0
제주,서귀포시,일반,남자,65세미만,41,*,*,6,*,0,0,6,*,*
제주,서귀포시,일반,남자,65-69세,72,*,7,10,13,*,0,6,7,5
제주,서귀포시,일반,남자,70-74세,96,*,7,16,23,5,*,7,5,7
제주,서귀포시,일반,남자,75-79세,154,5,7,14,37,10,*,12,7,12
제주,서귀포시,일반,남자,80-84세,195,*,10,33,59,15,5,11,9,10
제주,서귀포시,일반,남자,85세이상,289,8,19,37,72,27,14,15,12,28
제주,서귀포시,일반,여자,65세미만,24,*,0,*,*,*,0,*,*,*
제주,서귀포시,일반,여자,65-69세,46,0,*,5,*,*,0,5,*,*
제주,서귀포시,일반,여자,70-74세,125,*,*,9,22,5,*,15,13,10
제주,서귀포시,일반,여자,75-79세,243,12,9,15,44,19,15,16,29,8
제주,서귀포시,일반,여자,80-84세,446,11,20,53,77,55,25,26,26,17
제주,서귀포시,일반,여자,85세이상,815,27,54,134,229,70,27,43,38,20
제주,서귀포시,기초,남자,65세미만,60,*,*,12,12,*,0,10,*,6
제주,서귀포시,기초,남자,65-69세,81,*,*,13,17,*,*,7,6,18
제주,서귀포시,기초,남자,70-74세,52,*,*,*,14,7,*,*,*,9
제주,서귀포시,기초,남자,75-79세,34,0,*,*,11,*,*,*,6,*
제주,서귀포시,기초,남자,80-84세,33,0,*,*,7,*,*,*,5,*
제주,서귀포시,기초,남자,85세이상,23,*,*,*,8,*,*,0,0,*
제주,서귀포시,기초,여자,65세미만,24,*,*,*,6,0,0,*,*,*
제주,서귀포시,기초,여자,65-69세,61,*,0,8,11,*,0,7,6,11
제주,서귀포시,기초,여자,70-74세,61,*,*,13,16,*,*,5,*,7
제주,서귀포시,기초,여자,75-79세,73,5,*,8,13,11,5,*,8,6
제주,서귀포시,기초,여자,80-84세,119,*,6,19,36,14,7,6,7,*
제주,서귀포시,기초,여자,85세이상,231,21,23,52,69,16,13,6,6,*
제주,서귀포시,의료,남자,65-69세,*,0,0,0,0,0,0,0,0,0
제주,서귀포시,의료,남자,70-74세,0,0,0,0,0,0,0,0,0,0
제주,서귀포시,의료,남자,75-79세,*,0,0,*,*,0,0,0,0,0
제주,서귀포시,의료,남자,80-84세,0,0,0,0,0,0,0,0,0,0
제주,서귀포시,의료,남자,85세이상,5,*,0,0,*,0,0,0,*,0
제주,서귀포시,의료,여자,65세미만,*,0,0,0,0,0,0,0,0,0
제주,서귀포시,의료,여자,65-69세,*,0,*,0,0,0,0,0,0,0
제주,서귀포시,의료,여자,70-74세,0,0,0,0,0,0,0,0,0,0
제주,서귀포시,의료,여자,75-79세,5,0,0,*,*,*,0,*,0,0
제주,서귀포시,의료,여자,80-84세,*,0,0,*,*,0,0,*,*,0
제주,서귀포시,의료,여자,85세이상,49,*,5,14,12,*,0,*,*,*
제주,서귀포시,감경,남자,65세미만,17,*,*,*,6,*,0,*,0,0
제주,서귀포시,감경,남자,65-69세,29,*,5,9,9,*,0,0,0,0
제주,서귀포시,감경,남자,70-74세,35,0,*,8,13,*,*,0,0,*
제주,서귀포시,감경,남자,75-79세,63,*,5,11,23,9,*,*,*,*
제주,서귀포시,감경,남자,80-84세,80,*,*,14,36,10,5,0,*,*
제주,서귀포시,감경,남자,85세이상,135,*,7,31,55,23,14,0,0,0
제주,서귀포시,감경,여자,65세미만,15,*,*,*,5,*,0,0,0,0
제주,서귀포시,감경,여자,65-69세,28,*,*,7,8,*,*,0,*,0
제주,서귀포시,감경,여자,70-74세,57,*,6,12,18,5,*,0,*,*
제주,서귀포시,감경,여자,75-79세,96,6,7,13,31,18,11,0,*,*
제주,서귀포시,감경,여자,80-84세,234,9,19,37,90,31,30,*,0,*
제주,서귀포시,감경,여자,85세이상,674,29,74,176,271,76,27,*,*,0
강원,춘천시,일반,남자,65세미만,75,5,7,9,13,0,0,14,6,*
강원,춘천시,일반,남자,65-69세,149,6,14,25,36,5,*,16,10,7
강원,춘천시,일반,남자,70-74세,188,13,11,43,39,8,*,15,8,7
강원,춘천시,일반,남자,75-79세,297,11,19,62,89,15,9,22,11,8
강원,춘천시,일반,남자,80-84세,442,10,25,78,158,36,10,24,12,7
강원,춘천시,일반,남자,85세이상,556,23,43,117,225,44,6,18,10,6
강원,춘천시,일반,여자,65세미만,62,9,7,8,7,5,0,8,*,5
강원,춘천시,일반,여자,65-69세,148,6,7,23,23,*,7,16,8,6
강원,춘천시,일반,여자,70-74세,261,15,9,24,58,19,6,20,12,6
강원,춘천시,일반,여자,75-79세,530,23,29,77,148,42,10,42,23,13
강원,춘천시,일반,여자,80-84세,972,29,47,195,344,90,24,55,27,16
강원,춘천시,일반,여자,85세이상,1263,62,115,313,521,81,13,47,12,6
강원,춘천시,기초,남자,65세미만,175,13,11,45,44,9,0,21,6,5
강원,춘천시,기초,남자,65-69세,178,5,10,28,65,8,6,12,7,9
강원,춘천시,기초,남자,70-74세,127,*,8,15,57,9,*,8,*,*
강원,춘천시,기초,남자,75-79세,91,*,*,12,35,10,*,7,*,6
강원,춘천시,기초,남자,80-84세,108,*,7,24,40,11,*,*,6,*
강원,춘천시,기초,남자,85세이상,89,*,8,20,39,11,*,*,*,*
강원,춘천시,기초,여자,65세미만,76,7,14,14,19,*,*,5,*,*
강원,춘천시,기초,여자,65-69세,148,5,8,25,42,11,*,10,10,*
강원,춘천시,기초,여자,70-74세,136,7,10,20,52,11,*,11,6,*
강원,춘천시,기초,여자,75-79세,208,8,10,38,78,21,*,9,9,*
강원,춘천시,기초,여자,80-84세,316,15,20,76,131,26,*,12,10,*
강원,춘천시,기초,여자,85세이상,471,30,51,118,213,29,*,5,5,*
강원,춘천시,의료,남자,65세미만,0,0,0,0,0,0,0,0,0,0
강원,춘천시,의료,남자,65-69세,*,0,0,*,*,0,0,0,0,0
강원,춘천시,의료,남자,70-74세,*,*,0,0,0,0,0,0,0,0
강원,춘천시,의료,남자,75-79세,6,*,0,*,*,0,0,*,0,0
강원,춘천시,의료,남자,80-84세,6,0,0,0,5,*,0,0,0,0
강원,춘천시,의료,남자,85세이상,13,*,*,5,*,*,0,*,0,0
강원,춘천시,의료,여자,65세미만,0,0,0,0,0,0,0,0,0,0
강원,춘천시,의료,여자,65-69세,*,0,0,0,0,*,0,0,0,*
강원,춘천시,의료,여자,70-74세,*,0,0,*,*,0,0,0,0,0
강원,춘천시,의료,여자,75-79세,8,0,0,*,*,*,0,*,*,0
강원,춘천시,의료,여자,80-84세,15,0,*,*,6,0,0,*,0,0
강원,춘천시,의료,여자,85세이상,54,0,*,20,23,*,0,0,0,0
강원,춘천시,감경,남자,65세미만,64,9,9,24,13,*,0,*,*,*
강원,춘천시,감경,남자,65-69세,104,5,11,32,43,6,*,*,0,*
강원,춘천시,감경,남자,70-74세,92,6,6,26,40,5,*,*,0,0
강원,춘천시,감경,남자,75-79세,129,8,11,34,57,12,*,0,0,*
강원,춘천시,감경,남자,80-84세,193,5,12,62,89,17,5,0,*,0
강원,춘천시,감경,남자,85세이상,273,7,28,81,114,29,5,*,*,0
강원,춘천시,감경,여자,65세미만,35,7,5,8,8,*,*,0,*,0
강원,춘천시,감경,여자,65-69세,81,7,5,18,34,6,*,*,*,0
강원,춘천시,감경,여자,70-74세,121,6,6,42,46,10,5,*,0,0
강원,춘천시,감경,여자,75-79세,271,9,19,64,111,33,12,*,*,0
강원,춘천시,감경,여자,80-84세,701,32,55,183,326,71,10,*,*,*
강원,춘천시,감경,여자,85세이상,1329,79,139,442,558,75,13,*,*,*
강원,원주시,일반,남자,65세미만,97,9,9,18,18,5,0,11,*,8
강원,원주시,일반,남자,65-69세,163,13,12,34,37,5,*,8,5,6
강원,원주시,일반,남자,70-74세,192,9,6,39,52,5,*,17,6,8
강원,원주시,일반,남자,75-79세,288,15,18,67,85,20,*,10,7,12
강원,원주시,일반,남자,80-84세,408,9,27,110,121,25,6,20,11,13
강원,원주시,일반,남자,85세이상,504,25,39,142,168,34,6,18,8,5
강원,원주시,일반,여자,65세미만,80,9,*,6,12,*,*,12,5,8
강원,원주시,일반,여자,65-69세,159,9,11,21,33,*,*,21,8,6
강원,원주시,일반,여자,70-74세,274,14,13,44,58,12,*,25,14,5
강원,원주시,일반,여자,75-79세,494,20,32,94,122,30,13,37,19,13
강원,원주시,일반,여자,80-84세,897,34,67,200,280,67,16,65,24,15
강원,원주시,일반,여자,85세이상,1261,59,164,399,383,67,15,40,14,5
강원,원주시,기초,남자,65세미만,227,20,27,59,48,7,*,18,12,12
강원,원주시,기초,남자,65-69세,198,12,19,42,53,10,*,13,10,12
강원,원주시,기초,남자,70-74세,138,7,10,26,48,13,*,7,6,*
강원,원주시,기초,남자,75-79세,91,*,8,22,35,*,*,5,*,*
강원,원주시,기초,남자,80-84세,80,*,10,23,30,5,*,*,0,*
강원,원주시,기초,남자,85세이상,65,*,6,21,17,6,0,*,5,*
강원,원주시,기초,여자,65세미만,74,9,10,14,8,5,*,8,*,*
강원,원주시,기초,여자,65-69세,141,13,9,33,37,5,*,16,6,5
강원,원주시,기초,여자,70-74세,141,11,11,37,44,5,*,*,*,8
강원,원주시,기초,여자,75-79세,184,15,22,44,61,9,*,10,*,*
강원,원주시,기초,여자,80-84세,288,17,34,66,95,27,*,16,6,6
강원,원주시,기초,여자,85세이상,425,29,79,130,123,23,*,11,5,*
강원,원주시,의료,남자,65세미만,*,0,0,0,*,0,0,0,0,0
강원,원주시,의료,남자,65-69세,*,*,0,*,0,0,*,0,0,0
강원,원주시,의료,남자,70-74세,*,0,0,0,*,*,0,0,0,0
강원,원주시,의료,남자,75-79세,9,0,0,*,*,0,0,*,0,0
강원,원주시,의료,남자,80-84세,*,0,0,*,*,0,0,0,0,0
강원,원주시,의료,남자,85세이상,6,*,0,*,*,*,0,0,0,0
강원,원주시,의료,여자,65세미만,*,0,0,0,0,0,0,0,0,0
강원,원주시,의료,여자,65-69세,0,0,0,0,0,0,0,0,0,0
강원,원주시,의료,여자,70-74세,6,0,*,0,*,0,*,*,0,0
강원,원주시,의료,여자,75-79세,11,*,*,*,5,0,0,0,*,*
강원,원주시,의료,여자,80-84세,19,0,*,6,5,5,*,0,0,0
강원,원주시,의료,여자,85세이상,61,*,13,17,19,6,0,0,0,0
강원,원주시,감경,남자,65세미만,82,8,15,25,18,*,*,*,0,0
강원,원주시,감경,남자,65-69세,117,9,15,41,35,8,*,*,0,*
강원,원주시,감경,남자,70-74세,115,13,15,34,41,*,*,0,*,0
강원,원주시,감경,남자,75-79세,170,12,12,56,70,9,6,0,*,0
강원,원주시,감경,남자,80-84세,249,13,24,79,100,16,8,*,0,0
강원,원주시,감경,남자,85세이상,354,12,35,134,132,25,8,0,0,*
강원,원주시,감경,여자,65세미만,55,17,*,15,9,*,*,*,*,0
강원,원주시,감경,여자,65-69세,112,8,13,34,36,5,*,*,*,0
강원,원주시,감경,여자,70-74세,180,15,12,66,62,10,*,*,0,*
강원,원주시,감경,여자,75-79세,349,29,39,99,127,24,11,0,*,0
강원,원주시,감경,여자,80-84세,794,51,87,272,283,60,16,*,*,0
강원,원주시,감경,여자,85세이상,1501,112,237,524,520,71,17,*,0,*
강원,강릉시,일반,남자,65세미만,42,*,*,8,*,*,0,7,*,*
강원,강릉시,일반,남자,65-69세,87,*,5,20,19,*,0,9,*,5
강원,강릉시,일반,남자,70-74세,121,*,9,23,37,*,*,7,5,5
강원,강릉시,일반,남자,75-79세,224,7,16,45,70,9,*,13,7,5
강원,강릉시,일반,남자,80-84세,281,6,18,53,94,16,*,14,10,6
강원,강릉시,일반,남자,85세이상,359,13,24,103,125,21,5,11,*,*
강원,강릉시,일반,여자,65세미만,32,*,*,8,8,*,*,*,*,*
강원,강릉시,일반,여자,65-69세,112,10,6,8,17,*,0,15,10,*
강원,강릉시,일반,여자,70-74세,225,8,13,37,46,9,5,27,6,8
강원,강릉시,일반,여자,75-79세,387,5,24,65,108,16,12,30,15,12
강원,강릉시,일반,여자,80-84세,674,18,37,153,241,40,13,30,18,9
강원,강릉시,일반,여자,85세이상,938,35,124,266,321,45,6,19,14,10
강원,강릉시,기초,남자,65세미만,129,6,15,27,41,6,6,7,*,*
강원,강릉시,기초,남자,65-69세,173,*,18,30,61,14,*,10,6,8
강원,강릉시,기초,남자,70-74세,107,*,6,19,49,*,*,6,*,*
강원,강릉시,기초,남자,75-79세,105,*,5,25,44,5,*,*,*,7
강원,강릉시,기초,남자,80-84세,64,0,5,16,26,6,*,*,*,0
강원,강릉시,기초,남자,85세이상,61,*,*,12,28,9,0,*,*,0
강원,강릉시,기초,여자,65세미만,81,9,9,21,18,8,*,0,*,*
강원,강릉시,기초,여자,65-69세,114,*,10,28,33,5,*,8,*,*
강원,강릉시,기초,여자,70-74세,113,6,7,29,43,9,*,*,*,*
강원,강릉시,기초,여자,75-79세,158,7,9,40,62,10,*,5,*,*
강원,강릉시,기초,여자,80-84세,238,*,15,78,109,10,5,6,*,0
강원,강릉시,기초,여자,85세이상,313,26,45,113,104,13,*,*,0,*
강원,강릉시,의료,남자,65세미만,0,0,0,0,0,0,0,0,0,0
강원,강릉시,의료,남자,65-69세,*,0,0,0,0,0,0,*,0,0
강원,강릉시,의료,남자,70-74세,*,0,*,*,*,0,0,0,0,0
강원,강릉시,의료,남자,75-79세,8,0,0,*,5,*,0,0,0,*
강원,강릉시,의료,남자,80-84세,*,0,0,*,0,0,0,0,0,0
강원,강릉시,의료,남자,85세이상,9,*,*,*,*,*,0,*,0,0
강원,강릉시,의료,여자,65세미만,*,0,0,0,0,0,0,0,0,0
강원,강릉시,의료,여자,65-69세,*,0,0,*,0,0,0,0,0,0
강원,강릉시,의료,여자,70-74세,6,0,*,*,*,0,0,0,0,*
강원,강릉시,의료,여자,75-79세,6,0,*,*,*,*,0,0,0,0
강원,강릉시,의료,여자,80-84세,10,*,*,*,*,*,0,0,0,0
강원,강릉시,의료,여자,85세이상,67,*,7,23,25,5,0,*,0,0
강원,강릉시,감경,남자,65세미만,38,*,*,19,7,*,*,0,0,0
강원,강릉시,감경,남자,65-69세,86,5,14,23,38,*,*,*,0,0
강원,강릉시,감경,남자,70-74세,110,10,13,33,38,9,*,*,0,*
강원,강릉시,감경,남자,75-79세,136,*,10,42,62,10,*,0,0,0
강원,강릉시,감경,남자,80-84세,185,7,16,70,69,11,9,0,0,0
강원,강릉시,감경,남자,85세이상,279,13,20,100,129,9,*,*,*,*
강원,강릉시,감경,여자,65세미만,41,9,7,12,8,*,*,0,*,0
강원,강릉시,감경,여자,65-69세,86,12,6,26,27,6,*,*,*,*
강원,강릉시,감경,여자,70-74세,147,13,10,38,51,13,*,*,0,*
강원,강릉시,감경,여자,75-79세,324,18,32,86,136,26,9,*,*,0
강원,강릉시,감경,여자,80-84세,685,19,71,203,307,41,15,*,*,0
강원,강릉시,감경,여자,85세이상,1214,70,194,445,417,65,7,*,*,0
강원,동해시,일반,남자,65세미만,22,*,*,6,0,0,0,6,*,*
강원,동해시,일반,남자,65-69세,48,*,*,13,9,*,*,*,*,*
강원,동해시,일반,남자,70-74세,56,*,*,*,18,*,0,*,*,5
강원,동해시,일반,남자,75-79세,75,*,*,22,19,*,*,6,*,*
강원,동해시,일반,남자,80-84세,90,*,*,21,27,6,*,8,7,*
강원,동해시,일반,남자,85세이상,125,5,9,24,38,17,*,5,*,6
강원,동해시,일반,여자,65세미만,14,*,0,6,*,*,0,*,0,0
강원,동해시,일반,여자,65-69세,40,*,*,5,7,*,0,*,*,*
강원,동해시,일반,여자,70-74세,80,*,*,7,16,6,*,14,7,*
강원,동해시,일반,여자,75-79세,143,*,10,17,35,8,*,19,*,5
강원,동해시,일반,여자,80-84세,238,9,12,64,62,16,*,18,12,*
강원,동해시,일반,여자,85세이상,282,17,25,71,91,20,8,14,12,*
강원,동해시,기초,남자,65세미만,56,*,5,18,14,*,*,*,*,*
강원,동해시,기초,남자,65-69세,64,*,*,11,15,9,*,7,6,*
강원,동해시,기초,남자,70-74세,56,0,7,16,14,*,*,*,*,*
강원,동해시,기초,남자,75-79세,33,*,*,5,15,*,*,*,0,*
강원,동해시,기초,남자,80-84세,32,0,*,*,15,*,*,*,0,0
강원,동해시,기초,남자,85세이상,23,0,*,5,11,*,0,0,0,*
강원,동해시,기초,여자,65세미만,21,*,*,5,5,*,0,*,*,0
강원,동해시,기초,여자,65-69세,39,*,*,7,13,*,0,*,*,*
강원,동해시,기초,여자,70-74세,58,*,5,11,20,6,0,*,*,*
강원,동해시,기초,여자,75-79세,77,*,*,14,24,13,*,8,0,*
강원,동해시,기초,여자,80-84세,86,5,10,19,30,7,*,5,*,*
강원,동해시,기초,여자,85세이상,115,7,15,37,41,8,*,0,*,0
강원,동해시,의료,남자,65세미만,0,0,0,0,0,0,0,0,0,0
강원,동해시,의료,남자,65-69세,*,0,0,0,0,0,0,0,0,*
강원,동해시,의료,남자,70-74세,*,0,0,0,*,0,0,0,0,0
강원,동해시,의료,남자,75-79세,*,0,0,*,*,0,0,0,0,0
강원,동해시,의료,남자,80-84세,*,0,0,0,*,0,0,0,0,0
강원,동해시,의료,남자,85세이상,*,*,0,*,0,*,0,0,0,0
강원,동해시,의료,여자,65-69세,0,0,0,0,0,0,0,0,0,0
강원,동해시,의료,여자,70-74세,*,0,0,0,0,0,0,*,0,0
강원,동해시,의료,여자,75-79세,*,0,0,0,0,0,*,0,0,0
강원,동해시,의료,여자,80-84세,8,0,0,*,*,0,0,*,0,0
강원,동해시,의료,여자,85세이상,21,*,*,7,6,*,*,0,0,0
강원,동해시,감경,남자,65세미만,26,6,*,7,5,0,*,*,0,0
강원,동해시,감경,남자,65-69세,44,*,*,13,17,*,*,0,0,0
강원,동해시,감경,남자,70-74세,51,*,6,18,16,*,*,0,0,0
강원,동해시,감경,남자,75-79세,65,*,6,20,27,*,0,*,0,0
강원,동해시,감경,남자,80-84세,105,*,8,38,37,8,5,*,*,0
강원,동해시,감경,남자,85세이상,103,6,7,22,45,17,*,*,0,*
강원,동해시,감경,여자,65세미만,24,*,*,9,8,*,0,0,*,0
강원,동해시,감경,여자,65-69세,33,*,*,10,10,7,*,0,0,0
강원,동해시,감경,여자,70-74세,64,*,5,20,26,5,0,*,*,0
강원,동해시,감경,여자,75-79세,128,*,15,30,51,16,*,*,*,0
강원,동해시,감경,여자,80-84세,276,12,30,76,120,31,5,*,0,0
강원,동해시,감경,여자,85세이상,438,27,53,161,161,24,*,*,0,*
강원,태백시,일반,남자,65세미만,*,0,0,0,*,0,0,*,0,0
강원,태백시,일반,남자,65-69세,22,*,0,*,*,0,0,*,*,6
강원,태백시,일반,남자,70-74세,31,*,*,*,*,*,*,*,*,*
강원,태백시,일반,남자,75-79세,42,*,*,5,9,*,0,5,*,*
강원,태백시,일반,남자,80-84세,38,0,*,11,8,*,*,*,*,*
강원,태백시,일반,남자,85세이상,34,0,0,*,9,*,*,*,5,*
강원,태백시,일반,여자,65세미만,10,*,*,0,*,*,0,*,0,0
강원,태백시,일반,여자,65-69세,32,0,0,6,*,*,0,5,6,*
강원,태백시,일반,여자,70-74세,50,0,0,*,5,*,*,6,10,*
강원,태백시,일반,여자,75-79세,98,*,*,16,11,*,*,16,11,5
강원,태백시,일반,여자,80-84세,107,*,6,16,17,5,*,15,13,*
강원,태백시,일반,여자,85세이상,119,7,9,27,36,*,*,7,7,*
강원,태백시,기초,남자,65세미만,11,0,0,*,*,0,0,*,0,*
강원,태백시,기초,남자,65-69세,19,0,*,*,*,*,0,0,*,*
강원,태백시,기초,남자,70-74세,7,0,0,*,*,0,0,*,*,0
강원,태백시,기초,남자,75-79세,8,0,0,*,*,0,0,0,*,*
강원,태백시,기초,남자,80-84세,7,0,0,*,*,0,0,*,0,*
강원,태백시,기초,남자,85세이상,12,0,0,*,*,0,0,*,0,0
강원,태백시,기초,여자,65세미만,6,*,*,0,*,0,0,0,0,*
강원,태백시,기초,여자,65-69세,14,0,*,*,*,*,0,*,0,*
강원,태백시,기초,여자,70-74세,28,*,*,*,6,*,*,5,*,*
강원,태백시,기초,여자,75-79세,24,0,*,*,8,0,0,*,*,*
강원,태백시,기초,여자,80-84세,45,*,*,11,15,*,*,*,*,*
강원,태백시,기초,여자,85세이상,63,*,8,24,19,*,*,*,*,0
강원,태백시,의료,남자,70-74세,*,0,0,0,0,0,0,0,0,*
강원,태백시,의료,여자,65-69세,0,0,0,0,0,0,0,0,0,0
강원,태백시,의료,여자,75-79세,*,0,0,0,0,0,0,*,0,0
강원,태백시,의료,여자,80-84세,8,0,0,*,*,*,0,0,*,*
강원,태백시,의료,여자,85세이상,7,0,0,*,*,0,0,0,0,0
강원,태백시,감경,남자,65세미만,6,*,*,*,*,0,*,0,0,0
강원,태백시,감경,남자,65-69세,8,*,0,*,*,0,0,0,*,0
강원,태백시,감경,남자,70-74세,16,0,0,7,5,*,0,0,*,0
강원,태백시,감경,남자,75-79세,24,*,*,8,5,*,*,0,0,*
강원,태백시,감경,남자,80-84세,29,*,5,6,10,*,*,0,0,0
강원,태백시,감경,남자,85세이상,42,*,8,11,14,*,*,0,0,0
강원,태백시,감경,여자,65세미만,6,0,*,*,*,*,0,0,0,0
강원,태백시,감경,여자,65-69세,21,*,*,5,7,*,*,*,0,0
강원,태백시,감경,여자,70-74세,20,*,*,5,9,0,0,0,0,0
강원,태백시,감경,여자,75-79세,81,*,8,21,31,7,*,0,*,0
강원,태백시,감경,여자,80-84세,131,8,14,36,51,11,*,*,0,0
강원,태백시,감경,여자,85세이상,174,14,22,57,64,8,*,*,0,0
강원,속초시,일반,남자,65세미만,19,*,0,*,*,0,0,*,0,*
강원,속초시,일반,남자,65-69세,26,*,0,6,*,0,0,*,*,*
강원,속초시,일반,남자,70-74세,35,*,*,7,8,*,*,*,*,*
강원,속초시,일반,남자,75-79세,48,0,*,10,9,*,*,*,*,*
강원,속초시,일반,남자,80-84세,60,*,6,17,13,*,0,*,0,*
강원,속초시,일반,남자,85세이상,87,*,*,15,33,9,*,*,*,*
강원,속초시,일반,여자,65세미만,13,*,0,6,*,*,0,*,0,0
강원,속초시,일반,여자,65-69세,23,0,*,*,7,*,0,*,*,*
강원,속초시,일반,여자,70-74세,66,*,*,5,11,*,0,6,*,*
강원,속초시,일반,여자,75-79세,107,*,*,20,27,*,*,12,7,*
강원,속초시,일반,여자,80-84세,188,7,10,37,64,13,*,14,*,*
강원,속초시,일반,여자,85세이상,228,11,44,61,61,7,*,*,6,*
강원,속초시,기초,남자,65세미만,40,*,*,8,11,0,*,*,*,*
강원,속초시,기초,남자,65-69세,57,*,7,10,14,*,0,5,*,*
강원,속초시,기초,남자,70-74세,34,*,*,*,15,*,0,*,0,0
강원,속초시,기초,남자,75-79세,23,*,*,8,*,*,0,0,0,*
강원,속초시,기초,남자,80-84세,36,*,*,7,13,*,*,*,*,0
강원,속초시,기초,남자,85세이상,23,*,*,7,10,0,*,0,0,0
강원,속초시,기초,여자,65세미만,17,0,5,*,5,0,0,*,0,0
강원,속초시,기초,여자,65-69세,42,*,*,10,11,0,0,5,*,*
강원,속초시,기초,여자,70-74세,42,*,*,9,13,0,*,*,*,*
강원,속초시,기초,여자,75-79세,65,*,7,9,26,*,0,9,*,*
강원,속초시,기초,여자,80-84세,73,*,11,19,25,*,0,5,0,0
강원,속초시,기초,여자,85세이상,131,15,20,42,41,5,0,*,*,0
강원,속초시,의료,남자,65-69세,*,0,0,0,*,0,0,0,0,0
강원,속초시,의료,남자,75-79세,*,0,0,*,*,0,0,0,0,0
강원,속초시,의료,남자,85세이상,*,0,0,*,*,0,0,0,0,0
강원,속초시,의료,여자,65-69세,0,0,0,0,0,0,0,0,0,0
강원,속초시,의료,여자,75-79세,0,0,0,0,0,0,0,0,0,0
강원,속초시,의료,여자,80-84세,*,*,0,*,*,0,0,*,0,0
강원,속초시,의료,여자,85세이상,12,*,*,*,*,0,0,*,0,0
강원,속초시,감경,남자,65세미만,9,0,*,5,0,0,0,0,0,0
강원,속초시,감경,남자,65-69세,24,*,*,*,11,*,0,0,0,0
강원,속초시,감경,남자,70-74세,28,7,*,5,8,*,0,*,0,0
강원,속초시,감경,남자,75-79세,31,5,*,10,10,*,*,0,0,0
강원,속초시,감경,남자,80-84세,56,*,8,22,15,*,*,0,0,0
강원,속초시,감경,남자,85세이상,67,*,10,17,31,5,0,0,*,0
강원,속초시,감경,여자,65세미만,9,0,*,*,*,0,0,*,0,0
강원,속초시,감경,여자,65-69세,20,*,*,6,5,0,0,0,*,0
강원,속초시,감경,여자,70-74세,33,*,*,8,17,*,*,0,0,0
강원,속초시,감경,여자,75-79세,69,5,8,21,25,*,*,*,0,0
강원,속초시,감경,여자,80-84세,165,8,24,58,53,12,*,*,*,0
강원,속초시,감경,여자,85세이상,307,31,56,95,101,10,*,*,0,0
강원,삼척시,일반,남자,65세미만,10,0,*,*,*,0,0,*,*,*
강원,삼척시,일반,남자,65-69세,42,*,*,*,11,*,*,7,*,*
강원,삼척시,일반,남자,70-74세,49,*,*,5,12,*,0,5,*,7
강원,삼척시,일반,남자,75-79세,56,*,*,10,14,*,*,*,*,5
강원,삼척시,일반,남자,80-84세,88,0,5,19,21,*,0,5,*,9
강원,삼척시,일반,남자,85세이상,108,*,5,29,35,*,*,6,*,5
강원,삼척시,일반,여자,65세미만,17,0,0,*,*,0,0,*,*,0
강원,삼척시,일반,여자,65-69세,34,*,*,*,6,0,0,*,*,*
강원,삼척시,일반,여자,70-74세,71,*,*,8,7,*,*,*,8,5
강원,삼척시,일반,여자,75-79세,154,*,5,20,30,7,5,16,8,6
강원,삼척시,일반,여자,80-84세,192,7,5,34,61,12,*,14,*,5
강원,삼척시,일반,여자,85세이상,288,11,30,63,84,17,*,10,6,7
강원,삼척시,기초,남자,65세미만,33,*,*,8,6,0,*,*,*,*
강원,삼척시,기초,남자,65-69세,60,0,*,14,13,*,*,5,6,6
강원,삼척시,기초,남자,70-74세,27,*,*,5,6,*,0,*,0,0
강원,삼척시,기초,남자,75-79세,21,*,0,*,10,0,0,0,*,*
강원,삼척시,기초,남자,80-84세,13,*,0,*,*,*,*,0,*,*
강원,삼척시,기초,남자,85세이상,11,0,*,*,5,*,0,0,0,0
강원,삼척시,기초,여자,65세미만,12,*,0,*,*,*,0,*,*,0
강원,삼척시,기초,여자,65-69세,38,*,*,*,11,*,*,5,6,*
강원,삼척시,기초,여자,70-74세,27,0,*,7,8,*,*,*,0,0
강원,삼척시,기초,여자,75-79세,44,0,*,7,13,5,0,*,*,*
강원,삼척시,기초,여자,80-84세,53,*,*,13,25,0,0,*,*,*
강원,삼척시,기초,여자,85세이상,91,5,16,25,27,*,0,*,*,0
강원,삼척시,의료,남자,75-79세,*,0,0,0,0,0,0,0,0,0
강원,삼척시,의료,남자,85세이상,*,0,0,0,0,*,0,0,0,0
강원,삼척시,의료,여자,65-69세,0,0,0,0,0,0,0,0,0,0
강원,삼척시,의료,여자,70-74세,*,0,0,0,*,0,0,0,0,0
강원,삼척시,의료,여자,75-79세,0,0,0,0,0,0,0,0,0,0
강원,삼척시,의료,여자,80-84세,5,0,*,0,*,0,0,0,0,0
강원,삼척시,의료,여자,85세이상,22,*,6,*,9,*,0,0,*,0
강원,삼척시,감경,남자,65세미만,6,0,0,*,*,0,0,0,0,0
강원,삼척시,감경,남자,65-69세,26,*,0,6,14,*,*,*,0,0
강원,삼척시,감경,남자,70-74세,26,*,*,7,12,*,*,0,0,0
강원,삼척시,감경,남자,75-79세,41,0,*,8,18,*,*,0,*,0
강원,삼척시,감경,남자,80-84세,54,*,6,17,18,*,*,0,0,0
강원,삼척시,감경,남자,85세이상,104,5,7,38,47,*,*,0,0,0
강원,삼척시,감경,여자,65세미만,5,*,0,*,*,0,0,*,0,0
강원,삼척시,감경,여자,65-69세,17,0,0,6,5,0,0,*,0,0
강원,삼척시,감경,여자,70-74세,40,0,*,9,17,*,*,0,*,0
강원,삼척시,감경,여자,75-79세,98,5,5,31,40,9,*,0,*,0
강원,삼척시,감경,여자,80-84세,208,9,17,56,97,15,*,*,0,0
강원,삼척시,감경,여자,85세이상,414,25,60,133,163,22,*,0,0,0
강원,홍천군,일반,남자,65세미만,21,*,*,*,6,0,0,*,*,0
강원,홍천군,일반,남자,65-69세,46,*,*,9,11,0,0,8,0,*
강원,홍천군,일반,남자,70-74세,53,*,*,7,13,*,0,7,5,*
강원,홍천군,일반,남자,75-79세,84,*,5,17,25,*,*,*,*,*
강원,홍천군,일반,남자,80-84세,102,*,7,22,27,*,*,6,7,*
강원,홍천군,일반,남자,85세이상,125,*,8,28,41,9,*,8,*,*
강원,홍천군,일반,여자,65세미만,15,*,*,*,*,0,0,*,0,*
강원,홍천군,일반,여자,65-69세,45,0,*,*,*,*,0,10,*,*
강원,홍천군,일반,여자,70-74세,72,*,*,6,14,*,*,10,0,*
강원,홍천군,일반,여자,75-79세,124,*,*,18,30,6,*,18,*,*
강원,홍천군,일반,여자,80-84세,213,5,10,38,66,17,*,11,9,5
강원,홍천군,일반,여자,85세이상,339,8,28,103,112,25,*,14,8,0
강원,홍천군,기초,남자,65세미만,43,*,*,7,13,*,*,7,*,*
강원,홍천군,기초,남자,65-69세,44,0,*,9,14,*,*,*,5,*
강원,홍천군,기초,남자,70-74세,23,*,*,*,8,*,*,*,*,0
강원,홍천군,기초,남자,75-79세,27,*,*,5,8,6,*,0,*,0
강원,홍천군,기초,남자,80-84세,24,0,0,5,9,*,0,*,*,*
강원,홍천군,기초,남자,85세이상,22,*,*,*,9,*,0,*,*,0
강원,홍천군,기초,여자,65세미만,12,0,*,5,*,0,0,0,*,*
강원,홍천군,기초,여자,65-69세,31,*,0,9,7,0,0,*,*,5
강원,홍천군,기초,여자,70-74세,29,*,*,7,12,*,0,0,*,0
강원,홍천군,기초,여자,75-79세,33,*,*,5,13,*,0,*,*,0
강원,홍천군,기초,여자,80-84세,42,*,5,14,10,*,*,*,*,0
강원,홍천군,기초,여자,85세이상,82,*,5,26,32,9,*,0,*,0
강원,홍천군,의료,남자,65세미만,*,0,0,0,0,0,0,0,0,0
강원,홍천군,의료,남자,85세이상,*,0,0,0,*,0,0,0,0,0
강원,홍천군,의료,여자,70-74세,0,0,0,0,0,0,0,0,0,0
강원,홍천군,의료,여자,75-79세,0,0,0,0,0,0,0,0,0,0
강원,홍천군,의료,여자,80-84세,*,0,0,0,*,0,0,0,0,0
강원,홍천군,의료,여자,85세이상,10,0,*,5,*,0,0,0,0,0
강원,홍천군,감경,남자,65세미만,14,0,*,5,5,0,0,0,0,0
강원,홍천군,감경,남자,65-69세,19,*,*,5,7,0,*,*,0,0
강원,홍천군,감경,남자,70-74세,35,*,*,9,16,*,*,0,0,0
강원,홍천군,감경,남자,75-79세,51,5,*,11,23,*,0,0,*,0
강원,홍천군,감경,남자,80-84세,45,*,5,17,14,5,0,0,0,0
강원,홍천군,감경,남자,85세이상,98,7,9,19,49,12,0,0,0,0
강원,홍천군,감경,여자,65세미만,12,*,*,*,*,0,0,0,0,0
강원,홍천군,감경,여자,65-69세,24,*,*,7,6,*,*,0,0,0
강원,홍천군,감경,여자,70-74세,39,*,*,7,16,*,*,0,0,*
강원,홍천군,감경,여자,75-79세,79,6,12,13,40,*,*,*,0,0
강원,홍천군,감경,여자,80-84세,199,7,29,46,93,16,*,0,0,0
강원,홍천군,감경,여자,85세이상,429,18,51,124,186,32,11,0,0,0
강원,횡성군,일반,남자,65세미만,13,*,0,*,*,0,0,*,*,*
강원,횡성군,일반,남자,65-69세,33,0,*,*,7,*,0,*,*,0
강원,횡성군,일반,남자,70-74세,35,0,*,*,9,*,0,*,*,*
강원,횡성군,일반,남자,75-79세,60,*,*,9,17,*,*,*,8,0
강원,횡성군,일반,남자,80-84세,95,*,6,21,35,10,*,*,0,0
강원,횡성군,일반,남자,85세이상,112,0,7,16,41,8,*,6,*,*
강원,횡성군,일반,여자,65세미만,5,0,0,*,*,0,0,0,0,*
강원,횡성군,일반,여자,65-69세,31,*,*,*,7,*,0,*,*,0
강원,횡성군,일반,여자,70-74세,46,*,*,*,12,*,0,8,*,*
강원,횡성군,일반,여자,75-79세,93,0,*,12,21,*,*,11,7,0
강원,횡성군,일반,여자,80-84세,147,*,*,31,56,17,*,7,*,*
강원,횡성군,일반,여자,85세이상,251,6,22,57,106,15,*,7,5,*
강원,횡성군,기초,남자,65세미만,25,*,*,8,6,*,*,0,0,0
강원,횡성군,기초,남자,65-69세,29,*,*,7,11,*,0,*,0,*
강원,횡성군,기초,남자,70-74세,20,0,0,6,6,*,*,*,*,0
강원,횡성군,기초,남자,75-79세,11,0,*,*,*,0,*,0,0,0
강원,횡성군,기초,남자,80-84세,*,0,0,*,*,0,0,0,0,0
강원,횡성군,기초,남자,85세이상,16,0,*,*,7,*,0,0,0,0
강원,횡성군,기초,여자,65세미만,13,0,0,6,*,*,0,0,0,0
강원,횡성군,기초,여자,65-69세,20,*,*,*,6,*,*,*,0,*
강원,횡성군,기초,여자,70-74세,15,*,*,*,5,*,0,*,0,*
강원,횡성군,기초,여자,75-79세,29,*,0,*,13,5,*,0,0,*
강원,횡성군,기초,여자,80-84세,39,0,5,12,10,5,*,0,0,0
강원,횡성군,기초,여자,85세이상,65,*,7,14,32,*,0,*,*,0
강원,횡성군,의료,남자,65세미만,*,0,0,0,*,0,0,*,0,0
강원,횡성군,의료,남자,65-69세,*,0,0,0,0,0,0,0,0,0
강원,횡성군,의료,남자,85세이상,*,0,0,0,0,0,0,0,0,0
강원,횡성군,의료,여자,70-74세,*,0,0,0,0,0,0,0,0,0
강원,횡성군,의료,여자,75-79세,0,0,0,0,0,0,0,0,0,0
강원,횡성군,의료,여자,80-84세,*,0,0,*,*,0,0,0,0,0
강원,횡성군,의료,여자,85세이상,5,0,0,*,*,0,0,0,0,0
강원,횡성군,감경,남자,65세미만,10,0,*,*,*,*,*,0,*,0
강원,횡성군,감경,남자,65-69세,16,*,*,6,*,*,0,0,0,0
강원,횡성군,감경,남자,70-74세,23,*,0,6,9,*,*,0,0,0
강원,횡성군,감경,남자,75-79세,32,0,*,9,13,*,0,0,0,0
강원,횡성군,감경,남자,80-84세,50,*,6,9,21,6,0,*,0,0
강원,횡성군,감경,남자,85세이상,80,*,7,24,37,9,*,0,0,0
강원,횡성군,감경,여자,65세미만,9,*,*,*,0,*,0,0,0,0
강원,횡성군,감경,여자,65-69세,15,0,*,*,9,0,*,0,0,0
강원,횡성군,감경,여자,70-74세,19,0,0,*,13,*,0,0,0,0
강원,횡성군,감경,여자,75-79세,60,5,8,9,27,5,*,0,*,0
강원,횡성군,감경,여자,80-84세,165,9,11,42,74,24,*,0,0,0
강원,횡성군,감경,여자,85세이상,311,13,38,96,134,26,*,0,0,0
강원,영월군,일반,남자,65세미만,10,0,*,*,*,0,0,*,*,0
강원,영월군,일반,남자,65-69세,20,0,*,*,6,0,0,*,*,*
강원,영월군,일반,남자,70-74세,35,0,*,5,9,*,0,*,*,*
강원,영월군,일반,남자,75-79세,38,*,*,15,6,*,0,*,*,*
강원,영월군,일반,남자,80-84세,61,*,*,7,20,*,*,6,5,*
강원,영월군,일반,남자,85세이상,71,*,5,12,27,*,0,*,*,*
강원,영월군,일반,여자,65세미만,*,0,0,*,*,0,0,0,*,0
강원,영월군,일반,여자,65-69세,30,*,*,*,5,0,0,*,*,*
강원,영월군,일반,여자,70-74세,47,0,0,8,9,0,*,6,*,*
강원,영월군,일반,여자,75-79세,60,*,*,10,15,*,0,8,*,0
강원,영월군,일반,여자,80-84세,163,*,*,43,39,5,*,11,6,5
강원,영월군,일반,여자,85세이상,162,*,16,43,59,12,*,6,*,*
강원,영월군,기초,남자,65세미만,17,0,*,*,5,0,0,*,*,0
강원,영월군,기초,남자,65-69세,24,0,*,6,6,0,0,*,0,*
강원,영월군,기초,남자,70-74세,18,0,*,8,*,*,0,*,0,0
강원,영월군,기초,남자,75-79세,13,*,*,*,5,0,0,*,0,0
강원,영월군,기초,남자,80-84세,14,0,*,*,8,0,0,*,0,0
강원,영월군,기초,남자,85세이상,8,*,0,*,*,0,0,0,0,*
강원,영월군,기초,여자,65세미만,17,*,*,*,6,*,*,0,0,0
강원,영월군,기초,여자,65-69세,15,0,*,*,*,*,0,*,*,*
강원,영월군,기초,여자,70-74세,24,*,*,*,13,*,0,*,*,*
강원,영월군,기초,여자,75-79세,27,0,*,7,10,*,0,*,*,*
강원,영월군,기초,여자,80-84세,41,*,*,10,19,*,0,*,*,*
강원,영월군,기초,여자,85세이상,39,*,*,14,15,*,0,0,*,0
강원,영월군,의료,남자,80-84세,*,0,0,0,*,0,0,0,0,0
강원,영월군,의료,남자,85세이상,*,0,0,*,0,0,0,0,0,0
강원,영월군,의료,여자,65세미만,0,0,0,0,0,0,0,0,0,0
강원,영월군,의료,여자,65-69세,*,0,0,0,0,0,0,*,0,0
강원,영월군,의료,여자,70-74세,*,0,0,*,0,0,0,0,0,0
강원,영월군,의료,여자,75-79세,*,0,0,*,*,0,0,*,0,0
강원,영월군,의료,여자,80-84세,*,0,*,*,*,0,0,0,0,0
강원,영월군,의료,여자,85세이상,10,0,*,*,*,*,0,0,0,0
강원,영월군,감경,남자,65세미만,5,0,*,*,*,0,0,0,0,0
강원,영월군,감경,남자,65-69세,16,*,5,*,*,0,0,0,0,0
강원,영월군,감경,남자,70-74세,13,*,0,*,6,*,0,0,0,0
강원,영월군,감경,남자,75-79세,34,*,6,10,14,0,0,*,0,0
강원,영월군,감경,남자,80-84세,45,*,*,15,19,*,0,0,0,0
강원,영월군,감경,남자,85세이상,71,*,7,21,30,5,*,0,*,0
강원,영월군,감경,여자,65세미만,*,*,0,0,*,0,0,0,0,0
강원,영월군,감경,여자,65-69세,18,*,*,5,7,0,0,*,0,*
강원,영월군,감경,여자,70-74세,23,*,0,8,11,0,0,0,0,0
강원,영월군,감경,여자,75-79세,66,*,*,19,27,*,*,0,0,*
강원,영월군,감경,여자,80-84세,146,*,16,48,65,7,*,0,0,0
강원,영월군,감경,여자,85세이상,267,12,39,103,96,9,*,0,0,0
강원,평창군,일반,남자,65세미만,15,0,*,*,*,*,0,*,*,0
강원,평창군,일반,남자,65-69세,27,0,0,0,10,0,0,*,*,*
강원,평창군,일반,남자,70-74세,36,0,*,9,9,*,0,6,*,*
강원,평창군,일반,남자,75-79세,40,0,*,7,5,*,*,*,0,5
강원,평창군,일반,남자,80-84세,71,0,*,11,17,*,*,5,5,*
강원,평창군,일반,남자,85세이상,95,0,*,16,37,*,0,11,5,5
강원,평창군,일반,여자,65세미만,11,0,0,*,*,*,0,*,*,0
강원,평창군,일반,여자,65-69세,29,0,0,*,*,6,0,*,*,0
강원,평창군,일반,여자,70-74세,50,*,*,6,6,*,*,7,*,*
강원,평창군,일반,여자,75-79세,82,*,*,8,23,*,*,10,6,*
강원,평창군,일반,여자,80-84세,158,*,*,26,38,6,*,19,8,*
강원,평창군,일반,여자,85세이상,181,*,15,38,68,7,*,14,8,5
강원,평창군,기초,남자,65세미만,10,0,0,*,*,*,0,*,0,*
강원,평창군,기초,남자,65-69세,13,0,*,0,7,0,0,*,*,*
강원,평창군,기초,남자,70-74세,10,0,0,*,*,*,0,0,*,*
강원,평창군,기초,남자,75-79세,10,0,0,*,*,*,0,*,*,*
강원,평창군,기초,남자,80-84세,15,*,*,*,*,0,0,*,*,0
강원,평창군,기초,남자,85세이상,7,0,0,0,*,*,0,0,*,0
강원,평창군,기초,여자,65세미만,6,*,0,*,*,*,0,0,0,0
강원,평창군,기초,여자,65-69세,9,*,*,*,*,*,0,0,*,0
강원,평창군,기초,여자,70-74세,17,*,*,*,*,0,*,*,0,*
강원,평창군,기초,여자,75-79세,22,0,0,5,7,*,0,*,*,0
강원,평창군,기초,여자,80-84세,34,0,*,9,17,*,0,*,0,0
강원,평창군,기초,여자,85세이상,36,0,*,13,11,*,0,*,0,0
강원,평창군,의료,남자,70-74세,*,0,0,0,0,0,0,0,0,0
강원,평창군,의료,남자,85세이상,*,0,0,0,*,0,0,*,0,0
강원,평창군,의료,여자,75-79세,0,0,0,0,0,0,0,0,0,0
강원,평창군,의료,여자,80-84세,*,0,0,0,*,*,0,0,0,0
강원,평창군,의료,여자,85세이상,*,0,0,*,0,0,0,0,0,0
강원,평창군,감경,남자,65세미만,*,0,0,0,*,0,0,0,0,0
강원,평창군,감경,남자,65-69세,16,0,0,*,11,0,0,0,0,0
강원,평창군,감경,남자,70-74세,13,0,*,*,*,*,0,0,0,0
강원,평창군,감경,남자,75-79세,24,*,*,6,9,5,0,0,0,0
강원,평창군,감경,남자,80-84세,40,0,*,15,12,7,*,0,0,0
강원,평창군,감경,남자,85세이상,60,*,7,19,21,7,*,*,0,0
강원,평창군,감경,여자,65세미만,*,*,*,0,*,0,0,0,0,0
강원,평창군,감경,여자,65-69세,17,0,*,*,8,*,*,*,0,0
강원,평창군,감경,여자,70-74세,22,0,*,*,11,*,0,0,0,0
강원,평창군,감경,여자,75-79세,57,*,0,13,24,*,*,0,*,0
강원,평창군,감경,여자,80-84세,99,*,7,21,54,5,*,0,0,*
강원,평창군,감경,여자,85세이상,247,6,15,75,118,22,*,0,*,0
강원,정선군,일반,남자,65세미만,6,0,0,*,*,0,0,*,*,*
강원,정선군,일반,남자,65-69세,21,*,*,*,*,0,0,*,*,*
강원,정선군,일반,남자,70-74세,20,0,*,8,0,0,0,0,*,*
강원,정선군,일반,남자,75-79세,31,*,*,8,*,0,0,*,*,*
강원,정선군,일반,남자,80-84세,41,*,*,10,8,0,0,*,6,*
강원,정선군,일반,남자,85세이상,45,0,*,14,16,*,0,5,*,0
강원,정선군,일반,여자,65세미만,5,0,0,*,*,*,0,0,*,0
강원,정선군,일반,여자,65-69세,23,0,*,6,*,0,0,*,*,0
강원,정선군,일반,여자,70-74세,31,*,*,*,5,0,0,6,*,*
강원,정선군,일반,여자,75-79세,54,0,*,14,7,*,*,9,*,*
강원,정선군,일반,여자,80-84세,92,0,10,22,23,*,0,13,*,0
강원,정선군,일반,여자,85세이상,118,*,17,44,25,*,*,5,*,*
강원,정선군,기초,남자,65세미만,9,0,*,5,0,0,0,0,*,*
강원,정선군,기초,남자,65-69세,18,0,6,*,0,0,0,*,0,*
강원,정선군,기초,남자,70-74세,15,0,*,*,*,0,0,*,*,*
강원,정선군,기초,남자,75-79세,9,0,*,*,*,0,0,*,0,0
강원,정선군,기초,남자,80-84세,14,0,0,8,*,0,0,*,0,*
강원,정선군,기초,남자,85세이상,8,*,0,*,*,0,0,0,0,0
강원,정선군,기초,여자,65세미만,7,*,*,*,*,0,0,*,0,0
강원,정선군,기초,여자,65-69세,6,*,0,*,*,0,0,*,*,0
강원,정선군,기초,여자,70-74세,14,0,*,5,*,*,0,*,0,*
강원,정선군,기초,여자,75-79세,27,0,0,7,12,*,0,*,*,0
강원,정선군,기초,여자,80-84세,33,*,0,12,14,*,0,0,0,0
강원,정선군,기초,여자,85세이상,49,*,8,23,11,0,0,0,0,0
강원,정선군,의료,남자,65-69세,*,0,0,0,*,0,0,0,0,0
강원,정선군,의료,남자,75-79세,*,0,0,*,0,0,0,0,0,0
강원,정선군,의료,남자,85세이상,*,0,0,*,0,0,0,0,0,0
강원,정선군,의료,여자,65-69세,0,0,0,0,0,0,0,0,0,0
강원,정선군,의료,여자,70-74세,*,0,0,*,*,0,0,0,0,0
강원,정선군,의료,여자,75-79세,*,0,0,*,*,0,0,0,0,0
강원,정선군,의료,여자,80-84세,*,0,0,*,0,0,0,0,0,0
강원,정선군,의료,여자,85세이상,7,*,*,*,*,0,0,*,0,0
강원,정선군,감경,남자,65세미만,9,*,*,*,0,0,0,0,*,0
강원,정선군,감경,남자,65-69세,10,0,*,*,*,*,*,*,0,0
강원,정선군,감경,남자,70-74세,18,0,*,9,6,0,0,0,0,0
강원,정선군,감경,남자,75-79세,23,0,*,9,7,*,0,0,*,0
강원,정선군,감경,남자,80-84세,45,*,*,18,17,*,0,*,0,0
강원,정선군,감경,남자,85세이상,39,*,*,23,9,*,0,0,0,0
강원,정선군,감경,여자,65세미만,*,*,0,0,*,0,0,0,0,0
강원,정선군,감경,여자,65-69세,12,0,*,7,*,0,0,0,0,0
강원,정선군,감경,여자,70-74세,27,*,*,7,11,0,0,0,0,0
강원,정선군,감경,여자,75-79세,59,*,6,17,29,*,0,*,0,0
강원,정선군,감경,여자,80-84세,108,6,14,35,41,5,*,*,0,0
강원,정선군,감경,여자,85세이상,211,11,20,106,61,6,*,0,0,0
강원,철원군,일반,남자,65세미만,8,0,0,*,*,0,0,*,0,0
강원,철원군,일반,남자,65-69세,22,0,*,*,5,*,0,*,*,*
강원,철원군,일반,남자,70-74세,29,0,*,*,9,*,0,*,*,0
강원,철원군,일반,남자,75-79세,41,*,*,8,7,*,*,*,*,*
강원,철원군,일반,남자,80-84세,67,*,6,7,16,10,5,5,0,*
강원,철원군,일반,남자,85세이상,68,0,*,12,24,7,*,*,*,*
강원,철원군,일반,여자,65세미만,6,0,0,*,0,0,*,*,*,0
강원,철원군,일반,여자,65-69세,25,*,*,*,*,*,*,*,5,*
강원,철원군,일반,여자,70-74세,47,*,0,7,*,*,*,6,*,*
강원,철원군,일반,여자,75-79세,78,0,*,*,17,7,7,7,*,0
강원,철원군,일반,여자,80-84세,136,*,6,10,45,16,*,14,8,*
강원,철원군,일반,여자,85세이상,155,*,8,23,39,33,6,6,*,*
강원,철원군,기초,남자,65세미만,16,0,*,5,*,*,*,*,*,0
강원,철원군,기초,남자,65-69세,22,*,*,*,8,*,*,0,*,*
강원,철원군,기초,남자,70-74세,11,0,0,*,0,*,0,0,*,*
강원,철원군,기초,남자,75-79세,6,0,*,0,0,*,0,0,0,0
강원,철원군,기초,남자,80-84세,11,0,*,*,5,*,0,0,*,0
강원,철원군,기초,남자,85세이상,7,0,0,*,*,*,0,0,0,0
강원,철원군,기초,여자,65세미만,9,0,0,*,*,0,0,*,0,0
강원,철원군,기초,여자,65-69세,19,0,*,*,*,*,*,*,*,*
강원,철원군,기초,여자,70-74세,20,0,0,*,5,*,*,*,*,*
강원,철원군,기초,여자,75-79세,22,0,0,*,8,*,0,*,*,*
강원,철원군,기초,여자,80-84세,42,0,*,7,15,6,*,*,*,*
강원,철원군,기초,여자,85세이상,59,*,*,11,28,5,0,*,*,0
강원,철원군,의료,남자,70-74세,*,0,0,0,0,0,0,0,0,0
강원,철원군,의료,남자,75-79세,*,0,0,0,0,*,0,*,0,0
강원,철원군,의료,남자,80-84세,*,0,0,0,0,0,0,*,0,0
강원,철원군,의료,여자,65-69세,0,0,0,0,0,0,0,0,0,0
강원,철원군,의료,여자,70-74세,*,0,0,0,*,0,0,0,0,0
강원,철원군,의료,여자,75-79세,*,0,0,*,0,0,0,0,0,0
강원,철원군,의료,여자,80-84세,0,0,0,0,0,0,0,0,0,0
강원,철원군,의료,여자,85세이상,5,0,0,*,*,0,0,0,0,0
강원,철원군,감경,남자,65세미만,8,*,*,*,*,0,*,0,*,0
강원,철원군,감경,남자,65-69세,19,*,*,6,5,*,*,0,*,0
강원,철원군,감경,남자,70-74세,11,0,0,*,5,*,0,0,0,0
강원,철원군,감경,남자,75-79세,28,*,*,8,11,6,0,0,0,0
강원,철원군,감경,남자,80-84세,46,*,*,10,22,8,0,0,0,0
강원,철원군,감경,남자,85세이상,46,0,5,9,19,11,*,0,0,0
강원,철원군,감경,여자,65세미만,*,0,0,0,*,0,0,0,0,0
강원,철원군,감경,여자,65-69세,8,0,0,*,*,*,*,*,0,0
강원,철원군,감경,여자,70-74세,23,*,0,*,10,*,0,*,0,0
강원,철원군,감경,여자,75-79세,44,0,*,10,19,8,*,0,*,0
강원,철원군,감경,여자,80-84세,122,*,11,20,50,20,9,*,0,0
강원,철원군,감경,여자,85세이상,194,5,10,38,96,29,7,0,0,0
강원,화천군,일반,남자,65세미만,*,*,0,*,0,0,0,*,0,0
강원,화천군,일반,남자,65-69세,12,0,0,0,*,0,*,*,*,*
강원,화천군,일반,남자,70-74세,15,0,0,*,*,0,0,*,*,*
강원,화천군,일반,남자,75-79세,19,*,0,5,*,*,0,*,*,0
강원,화천군,일반,남자,80-84세,28,*,*,5,6,*,*,0,*,*
강원,화천군,일반,남자,85세이상,32,0,*,7,11,*,0,*,*,0
강원,화천군,일반,여자,65세미만,*,0,0,*,0,0,0,0,0,0
강원,화천군,일반,여자,65-69세,12,0,0,0,*,*,0,*,*,0
강원,화천군,일반,여자,70-74세,11,0,0,0,*,0,0,*,5,0
강원,화천군,일반,여자,75-79세,33,0,*,*,9,*,0,5,*,*
강원,화천군,일반,여자,80-84세,51,*,*,7,19,*,0,*,*,*
강원,화천군,일반,여자,85세이상,72,0,6,18,18,*,*,7,*,*
강원,화천군,기초,남자,65세미만,*,0,0,*,*,0,0,0,0,*
강원,화천군,기초,남자,65-69세,9,0,0,0,*,0,0,*,*,*
강원,화천군,기초,남자,70-74세,5,0,0,0,*,*,0,0,0,0
강원,화천군,기초,남자,75-79세,6,*,0,0,*,0,0,0,*,*
강원,화천군,기초,남자,80-84세,6,0,0,*,*,*,0,0,*,0
강원,화천군,기초,남자,85세이상,6,0,0,*,5,0,0,0,0,0
강원,화천군,기초,여자,65세미만,5,0,0,0,*,0,0,*,*,0
강원,화천군,기초,여자,65-69세,7,0,0,0,*,0,0,*,*,*
강원,화천군,기초,여자,70-74세,10,*,*,0,0,0,0,*,*,0
강원,화천군,기초,여자,75-79세,0,0,0,0,0,0,0,0,0,0
강원,화천군,기초,여자,80-84세,30,0,*,7,9,*,0,*,*,0
강원,화천군,기초,여자,85세이상,31,0,6,5,18,*,0,0,0,0
강원,화천군,의료,남자,65-69세,*,0,0,*,0,0,0,0,0,0
강원,화천군,의료,남자,70-74세,*,0,0,0,0,0,0,0,0,*
강원,화천군,의료,여자,70-74세,0,0,0,0,0,0,0,0,0,0
강원,화천군,의료,여자,75-79세,*,0,0,0,0,0,0,*,0,0
강원,화천군,의료,여자,80-84세,*,0,0,0,*,0,0,0,0,0
강원,화천군,의료,여자,85세이상,*,0,0,0,*,*,0,0,0,0
강원,화천군,감경,남자,65세미만,*,0,0,*,0,0,0,0,0,0
강원,화천군,감경,남자,65-69세,9,*,0,*,*,*,*,0,0,*
강원,화천군,감경,남자,70-74세,8,0,0,*,*,0,0,0,0,0
강원,화천군,감경,남자,75-79세,13,0,*,*,8,0,0,0,0,*
강원,화천군,감경,남자,80-84세,21,0,0,6,11,*,0,0,0,0
강원,화천군,감경,남자,85세이상,36,*,*,8,19,*,0,0,*,0
강원,화천군,감경,여자,65세미만,*,0,0,*,0,*,*,0,0,0
강원,화천군,감경,여자,65-69세,6,0,0,*,*,0,0,0,0,*
강원,화천군,감경,여자,70-74세,5,0,0,0,*,0,0,*,0,0
강원,화천군,감경,여자,75-79세,17,0,*,*,8,*,*,0,0,0
강원,화천군,감경,여자,80-84세,49,*,*,10,25,6,0,0,0,0
강원,화천군,감경,여자,85세이상,126,*,12,39,62,7,*,0,0,0
강원,양구군,일반,남자,65세미만,*,0,0,0,0,0,0,0,0,*
강원,양구군,일반,남자,65-69세,7,0,*,*,0,0,0,0,*,*
강원,양구군,일반,남자,70-74세,10,*,*,*,*,0,0,*,0,0
강원,양구군,일반,남자,75-79세,18,0,0,*,*,*,*,*,*,0
강원,양구군,일반,남자,80-84세,16,*,*,0,9,*,0,*,0,0
강원,양구군,일반,남자,85세이상,22,0,*,5,8,*,0,*,*,0
강원,양구군,일반,여자,65세미만,*,0,*,0,*,0,0,0,0,*
강원,양구군,일반,여자,65-69세,10,0,0,0,0,0,0,*,*,0
강원,양구군,일반,여자,70-74세,21,*,*,0,*,0,0,*,*,*
강원,양구군,일반,여자,75-79세,20,*,*,*,*,*,0,*,*,*
강원,양구군,일반,여자,80-84세,64,*,5,7,13,10,*,*,*,0
강원,양구군,일반,여자,85세이상,57,*,*,12,14,7,*,*,*,0
강원,양구군,기초,남자,65세미만,18,*,*,5,*,0,0,*,*,0
강원,양구군,기초,남자,65-69세,9,*,*,0,*,0,0,0,*,*
강원,양구군,기초,남자,70-74세,9,0,*,*,*,0,*,*,*,*
강원,양구군,기초,남자,75-79세,6,*,0,0,*,0,0,0,0,*
강원,양구군,기초,남자,80-84세,5,0,*,0,0,0,*,*,0,*
강원,양구군,기초,여자,65세미만,*,*,*,0,*,0,0,0,0,0
강원,양구군,기초,여자,65-69세,19,*,*,0,*,*,0,*,*,*
강원,양구군,기초,여자,70-74세,12,*,0,0,*,*,0,*,0,0
강원,양구군,기초,여자,75-79세,15,0,*,*,*,*,0,0,0,*
강원,양구군,기초,여자,80-84세,17,0,*,*,5,*,0,*,*,0
강원,양구군,기초,여자,85세이상,36,*,*,13,13,*,*,*,0,0
강원,양구군,의료,남자,75-79세,0,0,0,0,0,0,0,0,0,0
강원,양구군,의료,남자,80-84세,*,0,0,0,*,0,0,0,0,0
강원,양구군,의료,여자,70-74세,0,0,0,0,0,0,0,0,0,0
강원,양구군,의료,여자,75-79세,*,0,0,0,0,0,0,0,0,0
강원,양구군,의료,여자,80-84세,*,0,0,0,*,0,0,0,0,0
강원,양구군,의료,여자,85세이상,*,0,0,*,0,0,*,0,0,0
강원,양구군,감경,남자,65세미만,*,0,*,0,*,0,0,0,0,0
강원,양구군,감경,남자,65-69세,6,*,0,*,*,*,0,0,0,*
강원,양구군,감경,남자,70-74세,10,0,*,*,5,*,*,0,0,0
강원,양구군,감경,남자,75-79세,7,0,*,*,*,*,0,0,0,0
강원,양구군,감경,남자,80-84세,21,0,*,8,8,*,0,0,0,0
강원,양구군,감경,남자,85세이상,19,*,0,8,7,*,*,0,0,0
강원,양구군,감경,여자,65세미만,*,*,0,0,*,*,0,0,0,0
강원,양구군,감경,여자,65-69세,*,0,0,0,0,*,0,0,0,0
강원,양구군,감경,여자,70-74세,6,*,*,0,0,*,0,0,0,0
강원,양구군,감경,여자,75-79세,19,*,*,6,*,*,0,0,*,0
강원,양구군,감경,여자,80-84세,47,*,*,11,16,7,*,0,*,0
강원,양구군,감경,여자,85세이상,104,*,9,32,42,10,*,0,0,0
강원,인제군,일반,남자,65세미만,*,0,0,0,*,0,0,0,0,*
강원,인제군,일반,남자,65-69세,15,*,*,*,*,0,0,0,*,0
강원,인제군,일반,남자,70-74세,15,*,*,*,0,*,0,*,*,*
강원,인제군,일반,남자,75-79세,23,0,0,*,*,*,*,0,*,*
강원,인제군,일반,남자,80-84세,24,*,*,*,*,*,*,6,*,*
강원,인제군,일반,남자,85세이상,40,0,*,5,12,5,*,*,0,*
강원,인제군,일반,여자,65세미만,*,0,0,0,0,0,0,0,0,*
강원,인제군,일반,여자,65-69세,8,0,0,0,*,0,0,0,*,0
강원,인제군,일반,여자,70-74세,18,0,0,*,*,*,0,*,*,*
강원,인제군,일반,여자,75-79세,50,0,*,*,12,*,0,5,*,*
강원,인제군,일반,여자,80-84세,68,0,0,7,13,9,*,6,*,6
강원,인제군,일반,여자,85세이상,104,0,*,23,33,11,*,*,*,*
강원,인제군,기초,남자,65세미만,7,0,*,*,*,0,0,0,0,*
강원,인제군,기초,남자,65-69세,9,0,0,*,0,*,0,0,*,*
강원,인제군,기초,남자,70-74세,5,0,*,*,*,0,0,0,0,0
강원,인제군,기초,남자,75-79세,6,0,*,*,0,*,0,0,0,*
강원,인제군,기초,남자,80-84세,6,*,*,*,*,0,0,0,0,0
강원,인제군,기초,남자,85세이상,*,0,*,0,0,0,*,*,0,0
강원,인제군,기초,여자,65세미만,*,0,*,*,0,0,0,0,*,0
강원,인제군,기초,여자,65-69세,10,*,0,*,*,0,*,0,0,*
강원,인제군,기초,여자,70-74세,13,0,0,*,*,0,0,0,*,0
강원,인제군,기초,여자,75-79세,11,0,0,*,5,*,0,0,0,*
강원,인제군,기초,여자,80-84세,19,0,*,*,7,*,0,*,*,0
강원,인제군,기초,여자,85세이상,45,0,*,12,20,*,*,*,*,*
강원,인제군,의료,남자,70-74세,*,0,0,*,0,0,0,0,0,0
강원,인제군,의료,여자,65-69세,0,0,0,0,0,0,0,0,0,0
강원,인제군,의료,여자,75-79세,0,0,0,0,0,0,0,0,0,0
강원,인제군,의료,여자,80-84세,0,0,0,0,0,0,0,0,0,0
강원,인제군,의료,여자,85세이상,7,0,*,*,*,*,0,0,0,0
강원,인제군,감경,남자,65세미만,*,0,0,*,0,0,0,0,0,0
강원,인제군,감경,남자,65-69세,7,0,*,*,*,0,0,0,0,0
강원,인제군,감경,남자,70-74세,7,*,0,*,*,*,0,0,0,0
강원,인제군,감경,남자,75-79세,8,0,0,5,*,0,0,0,0,0
강원,인제군,감경,남자,80-84세,22,0,*,8,6,*,0,0,0,*
강원,인제군,감경,남자,85세이상,28,*,*,6,15,*,0,0,0,0
강원,인제군,감경,여자,65세미만,*,*,0,0,*,0,0,0,0,0
강원,인제군,감경,여자,65-69세,*,0,0,0,0,0,*,0,0,0
강원,인제군,감경,여자,70-74세,6,0,0,*,*,0,*,0,0,0
강원,인제군,감경,여자,75-79세,19,0,*,*,5,*,*,*,0,*
강원,인제군,감경,여자,80-84세,47,*,*,15,21,*,*,0,0,0
강원,인제군,감경,여자,85세이상,116,*,11,27,58,15,0,*,0,0
강원,고성군,일반,남자,65세미만,*,0,0,*,*,0,0,0,0,0
강원,고성군,일반,남자,65-69세,5,*,*,0,*,*,0,0,0,0
강원,고성군,일반,남자,70-74세,14,*,*,0,5,0,0,0,0,*
강원,고성군,일반,남자,75-79세,12,0,*,*,*,0,0,*,0,0
강원,고성군,일반,남자,80-84세,26,*,*,5,7,*,*,*,*,0
강원,고성군,일반,남자,85세이상,32,0,*,6,18,*,*,0,*,*
강원,고성군,일반,여자,65세미만,12,0,0,0,*,*,0,*,*,*
강원,고성군,일반,여자,65-69세,8,0,*,*,*,0,0,*,0,*
강원,고성군,일반,여자,70-74세,23,0,*,6,*,0,0,0,*,0
강원,고성군,일반,여자,75-79세,35,*,*,5,6,*,*,*,0,0
강원,고성군,일반,여자,80-84세,69,*,*,21,19,*,0,*,7,0
강원,고성군,일반,여자,85세이상,105,*,14,26,26,5,*,9,*,*
강원,고성군,기초,남자,65세미만,7,0,0,*,*,*,0,0,0,0
강원,고성군,기초,남자,65-69세,13,0,*,*,6,0,0,0,0,*
강원,고성군,기초,남자,70-74세,14,0,0,*,*,*,0,0,*,0
강원,고성군,기초,남자,75-79세,6,0,*,*,*,0,0,0,0,0
강원,고성군,기초,남자,80-84세,*,0,0,*,*,0,0,0,0,0
강원,고성군,기초,남자,85세이상,8,0,0,*,*,*,0,*,*,*
강원,고성군,기초,여자,65세미만,7,0,*,*,*,0,0,0,*,0
강원,고성군,기초,여자,65-69세,10,0,0,*,*,*,0,0,0,*
강원,고성군,기초,여자,70-74세,11,0,*,*,0,*,0,*,*,*
강원,고성군,기초,여자,75-79세,17,0,0,6,9,0,0,0,0,0
강원,고성군,기초,여자,80-84세,25,*,*,5,12,0,0,*,0,0
강원,고성군,기초,여자,85세이상,47,*,5,13,20,*,*,*,0,0
강원,고성군,의료,남자,75-79세,*,0,0,*,0,0,0,0,0,0
강원,고성군,의료,남자,80-84세,*,0,0,0,0,0,0,0,*,0
강원,고성군,의료,여자,70-74세,*,0,0,0,*,0,0,0,0,0
강원,고성군,의료,여자,75-79세,*,0,0,0,*,*,0,0,0,0
강원,고성군,의료,여자,80-84세,*,0,*,0,0,0,0,*,0,0
강원,고성군,의료,여자,85세이상,*,0,*,*,*,0,0,0,0,0
강원,고성군,감경,남자,65세미만,*,0,*,0,*,0,0,0,0,0
강원,고성군,감경,남자,65-69세,5,*,*,*,*,*,0,0,0,0
강원,고성군,감경,남자,70-74세,16,0,*,7,*,*,*,0,0,0
강원,고성군,감경,남자,75-79세,16,0,*,5,7,0,0,0,0,*
강원,고성군,감경,남자,80-84세,21,0,*,*,9,*,*,0,0,0
강원,고성군,감경,남자,85세이상,39,*,*,12,16,*,*,0,0,0
강원,고성군,감경,여자,65세미만,*,*,0,*,0,0,0,0,0,0
강원,고성군,감경,여자,65-69세,10,0,0,*,5,*,0,0,0,0
강원,고성군,감경,여자,70-74세,12,0,*,*,*,*,*,0,0,0
강원,고성군,감경,여자,75-79세,40,*,*,15,15,*,0,0,0,0
강원,고성군,감경,여자,80-84세,86,*,9,30,32,9,0,0,0,0
강원,고성군,감경,여자,85세이상,164,12,18,59,58,10,*,*,0,0
강원,양양군,일반,남자,65세미만,6,*,*,*,0,0,0,*,0,0
강원,양양군,일반,남자,65-69세,14,*,0,*,*,*,0,*,*,0
강원,양양군,일반,남자,70-74세,13,0,0,*,*,0,0,0,*,*
강원,양양군,일반,남자,75-79세,28,*,*,10,7,*,0,0,*,0
강원,양양군,일반,남자,80-84세,37,0,*,10,10,0,0,*,*,*
강원,양양군,일반,남자,85세이상,56,0,*,18,20,*,*,*,*,*
강원,양양군,일반,여자,65세미만,9,*,*,0,0,*,0,0,*,0
강원,양양군,일반,여자,65-69세,20,0,0,*,6,0,0,*,*,*
강원,양양군,일반,여자,70-74세,26,0,*,*,*,0,0,*,*,*
강원,양양군,일반,여자,75-79세,49,*,*,*,10,0,*,6,*,*
강원,양양군,일반,여자,80-84세,107,6,5,30,36,6,0,5,0,*
강원,양양군,일반,여자,85세이상,128,6,15,41,45,*,0,*,*,*
강원,양양군,기초,남자,65세미만,14,0,*,5,*,0,0,*,*,0
강원,양양군,기초,남자,65-69세,24,*,*,*,10,0,0,*,*,0
강원,양양군,기초,남자,70-74세,10,0,*,*,*,0,0,*,0,0
강원,양양군,기초,남자,75-79세,13,0,*,*,*,*,0,0,*,*
강원,양양군,기초,남자,80-84세,22,0,*,6,11,0,0,0,*,0
강원,양양군,기초,남자,85세이상,7,0,*,*,*,0,0,*,0,0
강원,양양군,기초,여자,65세미만,*,*,0,*,*,0,0,0,0,0
강원,양양군,기초,여자,65-69세,18,0,*,*,*,*,*,*,*,0
강원,양양군,기초,여자,70-74세,20,0,*,*,5,*,0,*,*,*
강원,양양군,기초,여자,75-79세,20,*,0,5,8,*,0,*,0,0
강원,양양군,기초,여자,80-84세,29,*,*,12,8,*,0,*,*,0
강원,양양군,기초,여자,85세이상,58,7,8,20,13,*,0,*,0,0
강원,양양군,의료,남자,65세미만,*,0,*,0,0,0,0,0,0,0
강원,양양군,의료,남자,65-69세,0,0,0,0,0,0,0,0,0,0
강원,양양군,의료,남자,70-74세,0,0,0,0,0,0,0,0,0,0
강원,양양군,의료,남자,75-79세,*,0,0,*,*,0,0,0,0,0
강원,양양군,의료,남자,85세이상,*,*,0,0,0,0,0,0,0,0
강원,양양군,의료,여자,65-69세,0,0,0,0,0,0,0,0,0,0
강원,양양군,의료,여자,80-84세,*,0,*,*,0,*,0,0,*,0
강원,양양군,의료,여자,85세이상,9,*,0,*,*,0,0,0,0,0
강원,양양군,감경,남자,65세미만,6,*,0,*,*,0,0,0,0,0
강원,양양군,감경,남자,65-69세,5,0,0,*,*,*,0,0,0,0
강원,양양군,감경,남자,70-74세,8,*,*,*,*,*,0,0,0,0
강원,양양군,감경,남자,75-79세,13,*,*,5,5,0,0,0,0,0
강원,양양군,감경,남자,80-84세,31,*,*,10,13,*,*,0,0,0
강원,양양군,감경,남자,85세이상,39,*,*,11,21,0,0,0,0,0
강원,양양군,감경,여자,65세미만,*,0,0,*,0,0,0,0,0,0
강원,양양군,감경,여자,65-69세,8,0,*,*,*,0,0,*,0,0
강원,양양군,감경,여자,70-74세,14,0,*,5,*,0,*,0,0,0
강원,양양군,감경,여자,75-79세,24,*,*,7,11,*,*,0,0,0
강원,양양군,감경,여자,80-84세,82,*,11,37,24,*,0,0,0,0
강원,양양군,감경,여자,85세이상,198,17,32,82,57,5,*,*,0,0
전북,전주시,일반,남자,65세미만,149,11,*,21,20,7,*,27,13,*
전북,전주시,일반,남자,65-69세,312,12,10,36,78,21,*,54,16,12
전북,전주시,일반,남자,70-74세,465,18,17,63,143,32,12,48,36,13
전북,전주시,일반,남자,75-79세,668,19,31,79,206,76,19,57,38,13
전북,전주시,일반,남자,80-84세,852,13,26,98,303,142,21,54,37,17
전북,전주시,일반,남자,85세이상,1050,21,34,155,433,158,20,55,37,14
전북,전주시,일반,여자,65세미만,127,*,6,22,29,*,*,22,6,*
전북,전주시,일반,여자,65-69세,337,15,12,33,66,12,6,58,30,8
전북,전주시,일반,여자,70-74세,686,14,19,74,169,45,13,70,61,23
전북,전주시,일반,여자,75-79세,1289,43,42,143,373,143,33,140,70,24
전북,전주시,일반,여자,80-84세,1966,38,75,254,757,281,46,156,54,19
전북,전주시,일반,여자,85세이상,2394,96,166,447,1034,256,25,88,22,6
전북,전주시,기초,남자,65세미만,252,18,13,29,76,23,*,29,19,11
전북,전주시,기초,남자,65-69세,384,10,12,45,108,41,18,38,40,28
전북,전주시,기초,남자,70-74세,274,*,11,25,103,43,12,18,26,14
전북,전주시,기초,남자,75-79세,197,6,6,15,71,36,9,5,16,6
전북,전주시,기초,남자,80-84세,142,*,8,19,44,35,5,10,5,*
전북,전주시,기초,남자,85세이상,104,0,5,16,48,17,*,*,6,0
전북,전주시,기초,여자,65세미만,136,10,11,28,31,7,*,18,7,7
전북,전주시,기초,여자,65-69세,320,*,10,30,76,36,5,28,60,25
전북,전주시,기초,여자,70-74세,325,15,6,23,127,31,*,27,38,20
전북,전주시,기초,여자,75-79세,417,11,16,43,154,56,10,26,45,10
전북,전주시,기초,여자,80-84세,499,14,30,87,193,82,9,20,10,5
전북,전주시,기초,여자,85세이상,617,19,61,129,282,65,5,7,9,*
전북,전주시,의료,남자,65세미만,*,0,0,*,*,0,0,0,0,0
전북,전주시,의료,남자,65-69세,6,0,0,*,*,0,0,0,*,0
전북,전주시,의료,남자,70-74세,11,*,0,*,*,*,0,0,0,0
전북,전주시,의료,남자,75-79세,17,0,0,*,10,*,*,0,0,0
전북,전주시,의료,남자,80-84세,11,0,0,0,6,*,0,0,0,0
전북,전주시,의료,남자,85세이상,15,0,*,*,12,*,0,0,0,0
전북,전주시,의료,여자,65세미만,*,0,0,0,0,0,0,0,*,0
전북,전주시,의료,여자,65-69세,*,0,0,*,0,0,0,0,0,0
전북,전주시,의료,여자,70-74세,17,0,0,*,*,*,0,*,*,*
전북,전주시,의료,여자,75-79세,19,*,*,*,*,*,0,*,*,0
전북,전주시,의료,여자,80-84세,46,*,0,10,14,10,*,*,*,0
전북,전주시,의료,여자,85세이상,123,5,12,32,53,12,0,*,*,*
전북,전주시,감경,남자,65세미만,112,12,12,25,34,9,*,5,*,*
전북,전주시,감경,남자,65-69세,209,10,9,54,99,17,5,*,*,0
전북,전주시,감경,남자,70-74세,285,13,17,64,130,40,6,*,*,0
전북,전주시,감경,남자,75-79세,387,13,20,69,185,70,*,*,5,*
전북,전주시,감경,남자,80-84세,477,5,33,85,237,89,9,*,*,*
전북,전주시,감경,남자,85세이상,656,17,33,127,328,111,18,*,*,*
전북,전주시,감경,여자,65세미만,83,12,8,23,22,6,*,*,0,*
전북,전주시,감경,여자,65-69세,197,15,8,50,73,22,6,5,*,*
전북,전주시,감경,여자,70-74세,371,20,21,69,142,62,15,*,8,*
전북,전주시,감경,여자,75-79세,865,47,48,170,374,127,23,12,6,*
전북,전주시,감경,여자,80-84세,1589,59,104,335,753,222,36,6,*,0
전북,전주시,감경,여자,85세이상,2883,128,285,718,1385,281,28,*,*,*
전북,군산시,일반,남자,65세미만,60,5,0,9,15,0,*,12,*,*
전북,군산시,일반,남자,65-69세,145,*,*,12,27,11,9,25,17,5
전북,군산시,일반,남자,70-74세,211,5,8,30,52,14,*,28,17,6
전북,군산시,일반,남자,75-79세,298,*,*,31,84,35,6,31,19,7
전북,군산시,일반,남자,80-84세,333,*,10,35,109,51,10,27,15,6
전북,군산시,일반,남자,85세이상,353,*,19,35,114,70,13,25,14,*
전북,군산시,일반,여자,65세미만,54,0,*,11,14,5,0,7,*,0
전북,군산시,일반,여자,65-69세,158,*,*,9,21,8,*,31,27,*
전북,군산시,일반,여자,70-74세,295,*,*,28,53,24,9,40,36,7
전북,군산시,일반,여자,75-79세,584,9,*,44,142,88,22,67,50,10
전북,군산시,일반,여자,80-84세,831,12,25,88,282,140,33,53,45,5
전북,군산시,일반,여자,85세이상,867,16,33,141,383,131,10,32,22,*
전북,군산시,기초,남자,65세미만,145,*,*,15,54,11,*,14,11,*
전북,군산시,기초,남자,65-69세,254,*,*,20,65,42,17,20,41,11
전북,군산시,기초,남자,70-74세,182,*,*,19,44,40,11,12,23,7
전북,군산시,기초,남자,75-79세,156,0,*,15,46,48,9,*,8,*
전북,군산시,기초,남자,80-84세,82,0,*,7,28,21,6,*,5,*
전북,군산시,기초,남자,85세이상,79,*,*,17,28,18,*,*,0,0
전북,군산시,기초,여자,65세미만,83,9,*,13,18,11,*,*,*,*
전북,군산시,기초,여자,65-69세,166,*,5,20,40,21,7,18,20,13
전북,군산시,기초,여자,70-74세,201,*,5,17,53,41,12,15,21,*
전북,군산시,기초,여자,75-79세,240,*,8,23,73,44,19,12,22,*
전북,군산시,기초,여자,80-84세,290,*,8,36,109,66,12,11,12,*
전북,군산시,기초,여자,85세이상,374,10,21,77,181,52,6,*,*,*
전북,군산시,의료,남자,65세미만,*,*,0,0,0,0,0,0,0,0
전북,군산시,의료,남자,65-69세,*,0,0,*,*,0,0,0,0,0
전북,군산시,의료,남자,70-74세,6,0,0,0,*,*,0,0,0,0
전북,군산시,의료,남자,75-79세,21,*,0,6,10,*,0,*,*,0
전북,군산시,의료,남자,80-84세,16,0,0,*,*,*,0,*,*,0
전북,군산시,의료,남자,85세이상,17,0,*,*,8,*,0,0,0,0
전북,군산시,의료,여자,65-69세,*,0,0,*,*,*,0,0,0,*
전북,군산시,의료,여자,70-74세,9,0,*,0,*,*,*,0,0,0
전북,군산시,의료,여자,75-79세,15,*,*,*,6,*,0,0,*,0
전북,군산시,의료,여자,80-84세,18,0,0,*,13,*,0,0,0,0
전북,군산시,의료,여자,85세이상,68,*,5,21,29,9,0,0,0,0
전북,군산시,감경,남자,65세미만,46,5,*,11,14,*,0,*,0,0
전북,군산시,감경,남자,65-69세,108,*,*,25,46,16,*,*,0,*
전북,군산시,감경,남자,70-74세,179,*,9,33,72,40,*,*,*,*
전북,군산시,감경,남자,75-79세,218,*,9,37,98,40,10,*,*,*
전북,군산시,감경,남자,80-84세,243,5,10,38,113,58,12,0,*,*
전북,군산시,감경,남자,85세이상,328,*,13,58,175,63,6,*,*,0
전북,군산시,감경,여자,65세미만,44,*,0,15,15,5,0,*,*,0
전북,군산시,감경,여자,65-69세,129,*,8,26,46,15,5,*,6,*
전북,군산시,감경,여자,70-74세,194,*,10,32,82,26,17,*,*,0
전북,군산시,감경,여자,75-79세,405,12,19,66,182,71,21,*,7,0
전북,군산시,감경,여자,80-84세,814,17,40,131,405,145,34,8,6,*
전북,군산시,감경,여자,85세이상,1415,33,108,311,733,189,15,*,*,0
전북,익산시,일반,남자,65세미만,74,5,*,9,10,*,*,22,6,5
전북,익산시,일반,남자,65-69세,159,*,*,17,32,13,*,32,21,7
전북,익산시,일반,남자,70-74세,211,*,6,29,46,23,*,30,17,6
전북,익산시,일반,남자,75-79세,292,*,*,36,83,46,11,30,7,8
전북,익산시,일반,남자,80-84세,365,*,5,42,121,79,14,17,19,11
전북,익산시,일반,남자,85세이상,422,*,14,44,166,84,6,22,16,*
전북,익산시,일반,여자,65세미만,59,*,*,11,8,*,0,13,6,*
전북,익산시,일반,여자,65-69세,188,5,*,12,21,19,*,36,19,12
전북,익산시,일반,여자,70-74세,319,7,7,16,60,29,5,46,43,10
전북,익산시,일반,여자,75-79세,583,11,23,54,129,84,19,64,54,12
전북,익산시,일반,여자,80-84세,945,10,27,98,328,174,26,55,47,12
전북,익산시,일반,여자,85세이상,1172,18,50,181,498,199,17,48,25,6
전북,익산시,기초,남자,65세미만,173,*,13,14,47,17,8,26,15,*
전북,익산시,기초,남자,65-69세,235,*,*,21,49,32,21,23,34,16
전북,익산시,기초,남자,70-74세,173,*,9,16,45,38,11,7,18,9
전북,익산시,기초,남자,75-79세,153,*,*,12,47,35,12,8,13,8
전북,익산시,기초,남자,80-84세,135,*,7,15,51,33,7,*,7,0
전북,익산시,기초,남자,85세이상,86,0,*,15,31,25,*,*,*,0
전북,익산시,기초,여자,65세미만,111,*,9,21,25,12,6,12,7,6
전북,익산시,기초,여자,65-69세,206,6,8,16,53,31,8,16,38,7
전북,익산시,기초,여자,70-74세,232,*,5,26,66,44,8,18,31,5
전북,익산시,기초,여자,75-79세,279,5,8,32,90,64,14,15,27,*
전북,익산시,기초,여자,80-84세,376,6,14,49,155,89,15,8,10,*
전북,익산시,기초,여자,85세이상,475,14,40,106,193,82,9,6,8,0
전북,익산시,의료,남자,65세미만,*,0,0,0,*,0,0,0,0,0
전북,익산시,의료,남자,65-69세,*,0,0,0,*,0,0,0,0,0
전북,익산시,의료,남자,70-74세,5,0,0,*,*,*,0,0,*,0
전북,익산시,의료,남자,75-79세,19,0,0,*,6,8,*,*,0,0
전북,익산시,의료,남자,80-84세,11,0,*,*,*,*,*,0,0,0
전북,익산시,의료,남자,85세이상,16,0,0,*,9,*,0,0,0,*
전북,익산시,의료,여자,65세미만,*,0,0,0,*,0,0,0,0,0
전북,익산시,의료,여자,65-69세,6,0,0,*,*,0,*,*,0,0
전북,익산시,의료,여자,70-74세,9,0,0,*,5,*,0,*,0,0
전북,익산시,의료,여자,75-79세,16,0,*,0,5,*,*,*,*,*
전북,익산시,의료,여자,80-84세,28,0,0,*,11,8,*,*,*,*
전북,익산시,의료,여자,85세이상,79,0,7,12,36,18,*,*,0,0
전북,익산시,감경,남자,65세미만,48,*,*,13,17,*,*,*,*,*
전북,익산시,감경,남자,65-69세,105,*,6,15,46,21,*,*,*,*
전북,익산시,감경,남자,70-74세,195,*,7,34,82,41,8,*,6,*
전북,익산시,감경,남자,75-79세,204,5,9,28,82,50,10,*,*,*
전북,익산시,감경,남자,80-84세,242,0,*,44,100,74,8,0,0,0
전북,익산시,감경,남자,85세이상,339,*,9,49,172,89,10,*,*,0
전북,익산시,감경,여자,65세미만,43,*,6,8,14,5,*,0,0,0
전북,익산시,감경,여자,65-69세,123,*,6,21,41,22,9,*,5,*
전북,익산시,감경,여자,70-74세,178,5,13,23,73,42,9,0,0,*
전북,익산시,감경,여자,75-79세,444,9,28,65,178,113,23,6,5,*
전북,익산시,감경,여자,80-84세,971,13,47,161,428,241,36,5,*,0
전북,익산시,감경,여자,85세이상,1746,46,114,343,858,331,14,*,*,*
전북,정읍시,일반,남자,65세미만,22,0,*,*,*,0,0,7,*,*
전북,정읍시,일반,남자,65-69세,91,*,*,12,16,*,0,18,12,5
전북,정읍시,일반,남자,70-74세,88,*,*,*,22,10,*,11,10,*
전북,정읍시,일반,남자,75-79세,171,*,*,18,41,15,*,17,18,8
전북,정읍시,일반,남자,80-84세,215,0,6,24,72,22,7,16,15,9
전북,정읍시,일반,남자,85세이상,260,*,9,37,102,34,*,16,12,*
전북,정읍시,일반,여자,65세미만,15,*,0,*,*,*,0,6,0,0
전북,정읍시,일반,여자,65-69세,114,*,*,6,10,0,0,23,24,8
전북,정읍시,일반,여자,70-74세,201,*,*,14,32,13,*,36,29,5
전북,정읍시,일반,여자,75-79세,327,*,6,27,74,30,*,49,37,6
전북,정읍시,일반,여자,80-84세,529,*,10,47,201,63,9,48,32,7
전북,정읍시,일반,여자,85세이상,605,6,27,93,253,70,10,38,17,*
전북,정읍시,기초,남자,65세미만,74,*,5,14,15,*,*,13,*,8
전북,정읍시,기초,남자,65-69세,106,*,*,*,33,13,*,17,16,8
전북,정읍시,기초,남자,70-74세,83,*,*,5,22,23,*,10,9,*
전북,정읍시,기초,남자,75-79세,68,*,*,6,24,14,0,5,*,*
전북,정읍시,기초,남자,80-84세,47,*,*,16,15,8,*,*,*,0
전북,정읍시,기초,남자,85세이상,38,*,*,7,14,10,0,*,*,0
전북,정읍시,기초,여자,65세미만,38,*,*,*,10,6,*,*,*,5
전북,정읍시,기초,여자,65-69세,90,0,0,*,27,9,*,6,14,10
전북,정읍시,기초,여자,70-74세,102,*,*,10,23,11,*,6,26,*
전북,정읍시,기초,여자,75-79세,128,*,*,13,49,19,*,9,14,*
전북,정읍시,기초,여자,80-84세,146,*,7,19,69,25,*,5,8,*
전북,정읍시,기초,여자,85세이상,204,6,11,37,113,23,0,*,*,0
전북,정읍시,의료,남자,65세미만,*,0,0,0,*,0,0,0,0,0
전북,정읍시,의료,남자,65-69세,*,0,0,*,0,0,0,*,0,0
전북,정읍시,의료,남자,70-74세,*,0,0,0,*,0,*,0,0,0
전북,정읍시,의료,남자,75-79세,17,0,0,*,7,*,0,*,*,0
전북,정읍시,의료,남자,80-84세,5,0,0,*,*,0,0,*,0,0
전북,정읍시,의료,남자,85세이상,6,0,0,*,*,0,0,0,0,0
전북,정읍시,의료,여자,65세미만,0,0,0,0,0,0,0,0,0,0
전북,정읍시,의료,여자,65-69세,*,0,0,0,*,0,0,0,0,0
전북,정읍시,의료,여자,70-74세,5,0,0,*,*,0,0,0,0,0
전북,정읍시,의료,여자,75-79세,6,0,*,*,*,0,0,*,0,0
전북,정읍시,의료,여자,80-84세,15,*,*,*,8,*,0,*,0,0
전북,정읍시,의료,여자,85세이상,51,0,0,9,30,8,*,0,0,0
전북,정읍시,감경,남자,65세미만,16,0,*,6,5,*,0,0,0,*
전북,정읍시,감경,남자,65-69세,47,*,*,8,20,*,*,*,*,0
전북,정읍시,감경,남자,70-74세,73,*,0,20,34,5,*,0,*,0
전북,정읍시,감경,남자,75-79세,154,6,*,33,66,25,*,*,*,*
전북,정읍시,감경,남자,80-84세,164,*,8,32,77,34,6,0,*,0
전북,정읍시,감경,남자,85세이상,274,5,12,48,143,51,9,*,0,0
전북,정읍시,감경,여자,65세미만,18,0,*,*,8,*,*,*,0,*
전북,정읍시,감경,여자,65-69세,56,*,*,11,19,6,*,*,5,*
전북,정읍시,감경,여자,70-74세,129,*,5,24,55,16,*,*,7,*
전북,정읍시,감경,여자,75-79세,303,10,8,46,138,48,8,*,11,*
전북,정읍시,감경,여자,80-84세,653,19,20,99,351,114,10,7,8,*
전북,정읍시,감경,여자,85세이상,1271,38,55,231,734,171,11,5,*,0
전북,남원시,일반,남자,65세미만,16,*,*,*,0,0,0,6,*,*
전북,남원시,일반,남자,65-69세,36,0,0,*,11,*,0,7,*,*
전북,남원시,일반,남자,70-74세,62,*,*,9,19,*,*,6,7,*
전북,남원시,일반,남자,75-79세,98,*,6,11,34,10,*,7,9,*
전북,남원시,일반,남자,80-84세,129,*,8,17,50,12,5,12,5,*
전북,남원시,일반,남자,85세이상,191,*,*,37,85,20,0,11,7,*
전북,남원시,일반,여자,65세미만,11,*,0,0,*,0,0,*,0,0
전북,남원시,일반,여자,65-69세,68,*,*,6,11,*,0,9,15,*
전북,남원시,일반,여자,70-74세,105,*,*,10,28,5,*,16,15,5
전북,남원시,일반,여자,75-79세,201,*,*,17,58,17,*,26,16,5
전북,남원시,일반,여자,80-84세,413,5,7,47,166,44,6,52,16,9
전북,남원시,일반,여자,85세이상,540,*,12,103,272,44,6,33,5,*
전북,남원시,기초,남자,65세미만,49,*,*,8,9,*,0,9,*,*
전북,남원시,기초,남자,65-69세,70,*,*,*,25,10,*,5,5,*
전북,남원시,기초,남자,70-74세,61,0,*,7,23,7,*,*,*,8
전북,남원시,기초,남자,75-79세,39,0,*,7,16,5,*,*,*,*
전북,남원시,기초,남자,80-84세,40,0,*,*,22,7,*,*,*,0
전북,남원시,기초,남자,85세이상,31,0,*,*,14,*,*,*,*,0
전북,남원시,기초,여자,65세미만,33,*,*,0,7,*,0,8,*,*
전북,남원시,기초,여자,65-69세,55,0,*,*,25,*,*,5,*,*
전북,남원시,기초,여자,70-74세,60,*,*,6,20,8,*,5,*,*
전북,남원시,기초,여자,75-79세,103,*,*,9,45,11,*,7,13,*
전북,남원시,기초,여자,80-84세,127,*,5,17,58,17,*,12,*,*
전북,남원시,기초,여자,85세이상,160,6,9,41,78,15,*,*,*,0
전북,남원시,의료,남자,65세미만,*,0,0,0,0,0,0,0,0,0
전북,남원시,의료,남자,65-69세,*,0,0,0,0,*,0,0,0,0
전북,남원시,의료,남자,70-74세,0,0,0,0,0,0,0,0,0,0
전북,남원시,의료,남자,75-79세,*,0,0,*,0,*,0,0,0,0
전북,남원시,의료,남자,80-84세,*,0,0,*,*,*,0,0,0,0
전북,남원시,의료,남자,85세이상,*,0,0,*,*,0,0,0,0,0
전북,남원시,의료,여자,65세미만,0,0,0,0,0,0,0,0,0,0
전북,남원시,의료,여자,65-69세,*,0,0,*,0,0,0,0,0,0
전북,남원시,의료,여자,70-74세,*,0,0,0,*,0,0,0,*,*
전북,남원시,의료,여자,75-79세,5,0,0,*,*,0,0,*,0,0
전북,남원시,의료,여자,80-84세,6,0,0,*,*,*,*,0,0,0
전북,남원시,의료,여자,85세이상,24,*,*,6,13,*,0,*,0,0
전북,남원시,감경,남자,65세미만,10,*,0,5,*,0,0,0,*,0
전북,남원시,감경,남자,65-69세,26,0,*,10,10,*,0,*,0,0
전북,남원시,감경,남자,70-74세,49,*,*,6,27,6,0,*,0,*
전북,남원시,감경,남자,75-79세,78,*,*,24,34,7,*,*,*,0
전북,남원시,감경,남자,80-84세,127,*,5,31,60,22,*,*,0,*
전북,남원시,감경,남자,85세이상,206,5,7,54,109,23,*,0,0,0
전북,남원시,감경,여자,65세미만,11,*,*,*,*,*,0,*,0,*
전북,남원시,감경,여자,65-69세,32,0,*,8,13,*,0,*,0,0
전북,남원시,감경,여자,70-74세,69,*,6,8,34,8,*,*,*,*
전북,남원시,감경,여자,75-79세,211,*,11,44,96,28,*,*,*,0
전북,남원시,감경,여자,80-84세,470,7,17,96,260,50,8,5,5,*
전북,남원시,감경,여자,85세이상,903,22,50,209,515,78,7,*,0,0
전북,김제시,일반,남자,65세미만,9,*,0,0,*,*,0,*,0,*
전북,김제시,일반,남자,65-69세,78,*,*,7,17,*,*,17,8,*
전북,김제시,일반,남자,70-74세,74,0,*,10,19,*,0,13,*,*
전북,김제시,일반,남자,75-79세,133,0,*,9,48,19,*,14,15,*
전북,김제시,일반,남자,80-84세,168,*,*,11,62,24,*,13,15,*
전북,김제시,일반,남자,85세이상,220,*,6,29,76,49,*,10,13,*
전북,김제시,일반,여자,65세미만,16,0,*,*,*,*,0,*,*,*
전북,김제시,일반,여자,65-69세,57,0,5,*,*,*,*,19,5,*
전북,김제시,일반,여자,70-74세,129,*,0,9,20,5,*,32,8,5
전북,김제시,일반,여자,75-79세,247,*,*,11,57,31,6,45,21,10
전북,김제시,일반,여자,80-84세,428,6,6,44,134,81,6,53,28,5
전북,김제시,일반,여자,85세이상,616,5,15,84,295,74,5,43,21,*
전북,김제시,기초,남자,65세미만,56,*,*,9,13,*,*,5,*,5
전북,김제시,기초,남자,65-69세,91,*,*,7,28,7,*,13,6,9
전북,김제시,기초,남자,70-74세,81,0,*,7,26,13,7,5,*,*
전북,김제시,기초,남자,75-79세,50,0,*,7,20,7,*,*,*,0
전북,김제시,기초,남자,80-84세,48,0,*,6,16,11,*,*,*,*
전북,김제시,기초,남자,85세이상,45,0,*,10,20,5,0,0,*,0
전북,김제시,기초,여자,65세미만,34,*,*,*,6,*,0,6,0,5
전북,김제시,기초,여자,65-69세,76,0,0,7,20,10,*,10,9,6
전북,김제시,기초,여자,70-74세,67,0,*,8,16,11,*,9,*,5
전북,김제시,기초,여자,75-79세,115,*,*,14,35,26,*,7,11,0
전북,김제시,기초,여자,80-84세,152,*,*,15,65,32,*,6,8,*
전북,김제시,기초,여자,85세이상,224,*,15,38,120,27,*,*,*,0
전북,김제시,의료,남자,65세미만,0,0,0,0,0,0,0,0,0,0
전북,김제시,의료,남자,65-69세,*,0,0,0,0,0,0,*,0,0
전북,김제시,의료,남자,70-74세,*,0,0,*,0,0,0,*,0,0
전북,김제시,의료,남자,75-79세,*,0,0,0,*,0,0,0,0,0
전북,김제시,의료,남자,80-84세,5,0,0,*,*,*,0,0,0,0
전북,김제시,의료,남자,85세이상,5,0,0,0,*,0,0,0,*,0
전북,김제시,의료,여자,70-74세,*,*,*,0,0,0,0,0,0,0
전북,김제시,의료,여자,75-79세,7,0,0,*,0,*,0,0,*,0
전북,김제시,의료,여자,80-84세,12,0,*,*,*,*,0,0,0,0
전북,김제시,의료,여자,85세이상,36,0,0,*,28,5,0,0,0,0
전북,김제시,감경,남자,65세미만,19,*,*,*,6,0,0,*,0,*
전북,김제시,감경,남자,65-69세,35,*,0,10,15,0,*,*,*,*
전북,김제시,감경,남자,70-74세,60,*,5,*,23,11,*,*,*,*
전북,김제시,감경,남자,75-79세,94,*,6,15,35,24,*,0,0,*
전북,김제시,감경,남자,80-84세,135,*,*,26,60,32,*,0,*,0
전북,김제시,감경,남자,85세이상,188,*,6,36,101,39,*,0,0,*
전북,김제시,감경,여자,65세미만,14,0,0,*,6,*,*,0,0,0
전북,김제시,감경,여자,65-69세,41,*,*,7,15,*,*,*,*,*
전북,김제시,감경,여자,70-74세,83,*,*,10,42,15,*,*,*,*
전북,김제시,감경,여자,75-79세,197,*,7,20,105,38,*,5,5,0
전북,김제시,감경,여자,80-84세,475,*,16,79,240,98,5,5,5,*
전북,김제시,감경,여자,85세이상,916,20,53,154,508,144,5,*,*,0
전북,완주군,일반,남자,65세미만,21,*,*,*,*,*,0,*,*,*
전북,완주군,일반,남자,65-69세,65,*,5,8,10,*,*,7,8,6
전북,완주군,일반,남자,70-74세,92,*,*,19,26,0,*,12,7,*
전북,완주군,일반,남자,75-79세,126,0,*,14,39,19,*,12,9,6
전북,완주군,일반,남자,80-84세,181,0,6,24,65,25,6,19,*,5
전북,완주군,일반,남자,85세이상,193,6,6,19,89,27,*,10,7,*
전북,완주군,일반,여자,65세미만,18,0,*,*,*,*,0,*,*,0
전북,완주군,일반,여자,65-69세,93,*,0,*,12,6,*,19,15,*
전북,완주군,일반,여자,70-74세,147,*,*,14,38,9,*,26,11,*
전북,완주군,일반,여자,75-79세,245,*,7,17,64,27,9,32,17,*
전북,완주군,일반,여자,80-84세,444,11,12,56,177,55,9,31,19,*
전북,완주군,일반,여자,85세이상,477,15,32,82,216,63,*,13,8,0
전북,완주군,기초,남자,65세미만,65,*,*,11,17,10,0,7,7,*
전북,완주군,기초,남자,65-69세,80,*,*,8,21,8,*,11,7,9
전북,완주군,기초,남자,70-74세,49,0,*,6,20,9,*,*,*,*
전북,완주군,기초,남자,75-79세,39,0,0,10,13,*,*,*,*,*
전북,완주군,기초,남자,80-84세,26,0,*,*,8,6,*,*,*,*
전북,완주군,기초,남자,85세이상,32,*,*,*,21,*,0,0,0,0
전북,완주군,기초,여자,65세미만,23,*,*,*,10,0,0,*,*,0
전북,완주군,기초,여자,65-69세,60,0,*,9,13,*,*,10,8,*
전북,완주군,기초,여자,70-74세,65,0,*,*,22,8,*,5,7,*
전북,완주군,기초,여자,75-79세,84,*,7,17,31,8,*,6,5,*
전북,완주군,기초,여자,80-84세,119,*,5,23,51,20,*,*,*,*
전북,완주군,기초,여자,85세이상,166,9,13,38,73,16,0,0,*,0
전북,완주군,의료,남자,65-69세,*,0,0,0,0,0,*,0,0,0
전북,완주군,의료,남자,70-74세,*,0,0,0,0,0,0,*,0,0
전북,완주군,의료,남자,75-79세,*,0,*,0,0,0,0,0,0,0
전북,완주군,의료,남자,80-84세,*,0,0,*,0,0,0,0,0,0
전북,완주군,의료,남자,85세이상,*,0,0,0,*,0,0,*,0,0
전북,완주군,의료,여자,65-69세,*,0,0,0,*,0,0,0,0,0
전북,완주군,의료,여자,70-74세,*,0,*,0,0,0,0,0,0,0
전북,완주군,의료,여자,75-79세,*,0,0,0,*,0,0,0,0,0
전북,완주군,의료,여자,80-84세,9,*,0,*,6,0,0,*,0,0
전북,완주군,의료,여자,85세이상,17,*,0,*,12,0,0,0,0,0
전북,완주군,감경,남자,65세미만,17,*,*,*,5,*,*,0,*,*
전북,완주군,감경,남자,65-69세,35,*,*,9,14,6,0,*,*,0
전북,완주군,감경,남자,70-74세,73,0,*,19,31,17,*,0,0,0
전북,완주군,감경,남자,75-79세,85,*,*,18,39,16,*,0,*,*
전북,완주군,감경,남자,80-84세,109,*,6,21,50,21,*,*,0,0
전북,완주군,감경,남자,85세이상,187,*,5,38,101,29,6,0,*,0
전북,완주군,감경,여자,65세미만,19,*,0,5,6,7,0,0,0,0
전북,완주군,감경,여자,65-69세,37,0,*,10,14,*,*,*,*,*
전북,완주군,감경,여자,70-74세,92,5,*,22,36,11,*,*,*,0
전북,완주군,감경,여자,75-79세,171,5,9,21,80,39,*,*,*,0
전북,완주군,감경,여자,80-84세,399,11,20,73,195,72,5,*,*,0
전북,완주군,감경,여자,85세이상,741,26,61,163,383,83,5,*,*,0
전북,진안군,일반,남자,65세미만,*,0,0,0,0,*,0,0,0,0
전북,진안군,일반,남자,65-69세,10,*,*,*,*,*,0,0,*,*
전북,진안군,일반,남자,70-74세,18,0,0,*,5,*,0,5,*,*
전북,진안군,일반,남자,75-79세,43,0,0,*,11,8,0,*,*,*
전북,진안군,일반,남자,80-84세,58,0,*,8,21,11,*,*,*,*
전북,진안군,일반,남자,85세이상,55,0,*,8,20,13,*,0,0,*
전북,진안군,일반,여자,65세미만,5,0,0,*,*,0,0,0,0,*
전북,진안군,일반,여자,65-69세,17,*,0,*,*,0,0,*,*,*
전북,진안군,일반,여자,70-74세,39,0,0,*,5,*,0,8,*,*
전북,진안군,일반,여자,75-79세,67,*,0,5,18,10,*,10,6,*
전북,진안군,일반,여자,80-84세,118,0,*,7,42,26,*,9,7,0
전북,진안군,일반,여자,85세이상,146,*,7,24,71,24,*,*,0,0
전북,진안군,기초,남자,65세미만,12,*,0,*,*,0,0,*,0,*
전북,진안군,기초,남자,65-69세,20,0,0,*,8,*,*,*,*,*
전북,진안군,기초,남자,70-74세,14,0,0,*,6,*,0,*,*,0
전북,진안군,기초,남자,75-79세,6,0,*,0,*,*,0,0,0,0
전북,진안군,기초,남자,80-84세,15,0,0,0,7,6,0,*,0,0
전북,진안군,기초,남자,85세이상,6,0,0,0,*,*,0,0,0,0
전북,진안군,기초,여자,65세미만,8,0,*,*,*,*,0,0,0,0
전북,진안군,기초,여자,65-69세,23,0,*,*,5,*,*,*,*,0
전북,진안군,기초,여자,70-74세,16,0,0,*,*,5,0,*,*,0
전북,진안군,기초,여자,75-79세,21,*,0,*,5,8,0,*,*,0
전북,진안군,기초,여자,80-84세,27,0,*,6,10,6,*,*,0,0
전북,진안군,기초,여자,85세이상,52,*,*,8,26,10,0,*,0,0
전북,진안군,의료,남자,65-69세,0,0,0,0,0,0,0,0,0,0
전북,진안군,의료,남자,70-74세,*,0,0,0,*,0,0,0,0,0
전북,진안군,의료,남자,85세이상,*,0,0,*,0,0,0,0,0,0
전북,진안군,의료,여자,65세미만,*,0,0,0,0,0,0,0,*,0
전북,진안군,의료,여자,70-74세,0,0,0,0,0,0,0,0,0,0
전북,진안군,의료,여자,75-79세,*,0,0,0,0,0,0,*,0,0
전북,진안군,의료,여자,80-84세,*,0,0,0,*,*,0,0,0,0
전북,진안군,의료,여자,85세이상,10,0,0,5,*,*,0,0,0,0
전북,진안군,감경,남자,65세미만,*,0,0,*,*,0,0,0,0,0
전북,진안군,감경,남자,65-69세,12,0,*,5,*,*,0,*,0,0
전북,진안군,감경,남자,70-74세,19,0,0,*,11,*,*,*,0,0
전북,진안군,감경,남자,75-79세,22,0,*,*,15,*,0,0,0,0
전북,진안군,감경,남자,80-84세,33,0,0,*,18,7,*,0,0,0
전북,진안군,감경,남자,85세이상,67,*,*,8,38,17,*,0,0,0
전북,진안군,감경,여자,65세미만,*,0,0,*,0,0,0,*,0,0
전북,진안군,감경,여자,65-69세,11,0,*,*,7,*,0,0,0,0
전북,진안군,감경,여자,70-74세,24,*,*,*,13,*,0,*,0,0
전북,진안군,감경,여자,75-79세,68,0,*,6,36,11,*,*,0,0
전북,진안군,감경,여자,80-84세,172,*,8,21,95,37,*,0,0,0
전북,진안군,감경,여자,85세이상,305,*,13,42,187,51,*,0,0,0
전북,무주군,일반,남자,65세미만,6,0,*,0,*,0,0,*,*,*
전북,무주군,일반,남자,65-69세,17,0,0,*,*,*,0,*,5,0
전북,무주군,일반,남자,70-74세,19,0,0,*,*,*,0,*,0,*
전북,무주군,일반,남자,75-79세,28,0,0,*,7,*,*,*,*,*
전북,무주군,일반,남자,80-84세,42,0,*,8,13,*,0,5,*,*
전북,무주군,일반,남자,85세이상,60,0,*,7,25,6,*,*,*,*
전북,무주군,일반,여자,65세미만,0,0,0,0,0,0,0,0,0,0
전북,무주군,일반,여자,65-69세,23,0,*,0,*,0,0,7,*,*
전북,무주군,일반,여자,70-74세,31,0,*,*,6,*,*,*,*,*
전북,무주군,일반,여자,75-79세,59,0,0,*,14,*,*,12,*,*
전북,무주군,일반,여자,80-84세,101,0,*,11,32,12,*,9,7,*
전북,무주군,일반,여자,85세이상,132,*,*,19,59,20,*,5,*,*
전북,무주군,기초,남자,65세미만,9,*,0,*,0,*,0,0,0,*
전북,무주군,기초,남자,65-69세,17,*,*,*,*,0,*,*,*,*
전북,무주군,기초,남자,70-74세,12,0,0,*,5,*,0,*,*,0
전북,무주군,기초,남자,75-79세,10,0,0,*,6,*,0,0,0,0
전북,무주군,기초,남자,80-84세,*,0,0,0,*,*,0,0,*,0
전북,무주군,기초,남자,85세이상,10,0,0,*,5,*,*,*,0,0
전북,무주군,기초,여자,65세미만,7,*,0,0,*,*,0,*,0,0
전북,무주군,기초,여자,65-69세,8,0,0,0,0,*,*,*,*,*
전북,무주군,기초,여자,70-74세,14,0,0,*,*,*,0,*,*,*
전북,무주군,기초,여자,75-79세,16,0,0,*,10,0,*,*,0,0
전북,무주군,기초,여자,80-84세,25,*,*,*,10,*,*,*,*,0
전북,무주군,기초,여자,85세이상,42,0,*,6,20,8,0,*,*,0
전북,무주군,의료,남자,65세미만,0,0,0,0,0,0,0,0,0,0
전북,무주군,의료,남자,75-79세,*,0,0,0,*,0,0,0,0,0
전북,무주군,의료,남자,80-84세,*,0,0,0,0,0,0,0,0,0
전북,무주군,의료,남자,85세이상,*,0,0,*,0,0,0,0,0,0
전북,무주군,의료,여자,65-69세,0,0,0,0,0,0,0,0,0,0
전북,무주군,의료,여자,70-74세,*,0,0,*,0,0,0,0,0,0
전북,무주군,의료,여자,75-79세,*,0,0,0,0,*,0,0,0,0
전북,무주군,의료,여자,80-84세,*,0,0,*,*,0,0,0,0,0
전북,무주군,의료,여자,85세이상,19,0,*,*,9,6,0,0,0,0
전북,무주군,감경,남자,65세미만,5,0,0,0,*,0,0,0,*,0
전북,무주군,감경,남자,65-69세,*,0,0,0,0,*,0,0,0,0
전북,무주군,감경,남자,70-74세,16,0,0,6,6,*,0,*,0,0
전북,무주군,감경,남자,75-79세,17,0,0,*,9,5,*,0,0,0
전북,무주군,감경,남자,80-84세,44,*,*,*,23,9,*,0,0,0
전북,무주군,감경,남자,85세이상,62,0,*,11,31,15,*,0,0,0
전북,무주군,감경,여자,65세미만,*,0,0,0,0,0,0,0,0,0
전북,무주군,감경,여자,65-69세,10,0,0,*,6,*,0,0,0,0
전북,무주군,감경,여자,70-74세,18,*,*,*,7,*,*,0,0,0
전북,무주군,감경,여자,75-79세,51,0,*,7,21,10,*,*,*,0
전북,무주군,감경,여자,80-84세,135,0,*,24,73,26,*,0,0,0
전북,무주군,감경,여자,85세이상,250,*,13,49,150,35,*,0,0,0
전북,장수군,일반,남자,65세미만,*,0,0,*,0,0,0,*,*,0
전북,장수군,일반,남자,65-69세,7,0,0,0,0,0,0,*,*,*
전북,장수군,일반,남자,70-74세,22,0,0,*,7,*,*,*,5,0
전북,장수군,일반,남자,75-79세,17,0,0,*,*,*,0,*,*,0
전북,장수군,일반,남자,80-84세,32,0,*,*,14,*,*,*,*,0
전북,장수군,일반,남자,85세이상,44,*,*,*,20,5,*,0,*,*
전북,장수군,일반,여자,65세미만,*,0,0,*,0,0,0,*,0,0
전북,장수군,일반,여자,65-69세,9,0,0,*,*,0,0,*,*,*
전북,장수군,일반,여자,70-74세,27,0,0,*,*,*,*,*,6,*
전북,장수군,일반,여자,75-79세,38,0,0,*,5,5,*,5,5,0
전북,장수군,일반,여자,80-84세,85,0,*,9,24,8,*,12,8,0
전북,장수군,일반,여자,85세이상,106,*,5,11,52,9,0,6,*,*
전북,장수군,기초,남자,65세미만,13,0,0,*,*,0,0,*,6,*
전북,장수군,기초,남자,65-69세,16,0,*,0,7,*,0,*,*,0
전북,장수군,기초,남자,70-74세,7,0,0,0,*,0,0,*,*,*
전북,장수군,기초,남자,75-79세,9,0,*,*,*,*,0,0,0,0
전북,장수군,기초,남자,80-84세,*,0,0,*,*,0,0,0,0,0
전북,장수군,기초,남자,85세이상,7,0,0,*,5,0,0,0,0,0
전북,장수군,기초,여자,65세미만,7,*,0,*,0,0,*,*,0,*
전북,장수군,기초,여자,65-69세,8,0,0,0,*,0,0,*,*,*
전북,장수군,기초,여자,70-74세,16,0,0,*,8,*,0,*,*,0
전북,장수군,기초,여자,75-79세,17,0,0,*,7,*,0,*,*,*
전북,장수군,기초,여자,80-84세,28,0,*,*,14,5,0,*,*,*
전북,장수군,기초,여자,85세이상,28,*,*,*,19,*,0,*,*,0
전북,장수군,의료,남자,85세이상,0,0,0,0,0,0,0,0,0,0
전북,장수군,의료,여자,65-69세,*,0,0,0,*,0,0,0,0,0
전북,장수군,의료,여자,70-74세,*,0,0,0,0,0,0,0,0,*
전북,장수군,의료,여자,75-79세,*,0,0,0,0,0,0,0,*,0
전북,장수군,의료,여자,80-84세,0,0,0,0,0,0,0,0,0,0
전북,장수군,의료,여자,85세이상,7,0,0,*,5,0,0,0,0,0
전북,장수군,감경,남자,65세미만,*,0,0,0,*,0,0,0,0,0
전북,장수군,감경,남자,65-69세,8,0,*,*,*,*,0,0,0,0
전북,장수군,감경,남자,70-74세,14,0,0,0,9,*,*,0,0,0
전북,장수군,감경,남자,75-79세,15,0,0,*,9,*,0,*,0,0
전북,장수군,감경,남자,80-84세,27,*,*,7,14,*,*,0,0,0
전북,장수군,감경,남자,85세이상,68,0,0,9,44,13,*,0,0,0
전북,장수군,감경,여자,65세미만,6,0,0,*,*,0,0,0,*,0
전북,장수군,감경,여자,65-69세,12,0,0,*,6,*,*,0,*,0
전북,장수군,감경,여자,70-74세,19,0,0,*,8,*,0,0,*,0
전북,장수군,감경,여자,75-79세,27,*,0,*,14,*,*,0,*,0
전북,장수군,감경,여자,80-84세,92,0,5,16,54,10,0,0,0,0
전북,장수군,감경,여자,85세이상,180,*,9,36,101,22,*,0,0,0
전북,임실군,일반,남자,65세미만,5,0,0,0,0,0,0,*,0,0
전북,임실군,일반,남자,65-69세,11,*,0,0,*,0,*,*,*,*
전북,임실군,일반,남자,70-74세,23,*,*,*,6,0,*,6,*,0
전북,임실군,일반,남자,75-79세,45,*,*,*,14,*,*,6,7,0
전북,임실군,일반,남자,80-84세,60,*,*,6,17,10,*,7,*,*
전북,임실군,일반,남자,85세이상,88,*,*,12,42,16,*,*,*,*
전북,임실군,일반,여자,65세미만,*,0,0,0,*,0,0,*,0,0
전북,임실군,일반,여자,65-69세,25,0,0,*,5,0,*,5,*,0
전북,임실군,일반,여자,70-74세,51,0,*,5,9,*,*,12,8,*
전북,임실군,일반,여자,75-79세,97,*,0,5,24,8,*,14,15,*
전북,임실군,일반,여자,80-84세,122,0,*,9,51,15,*,12,9,*
전북,임실군,일반,여자,85세이상,166,0,8,29,58,21,5,12,6,*
전북,임실군,기초,남자,65세미만,14,0,0,*,5,*,0,0,*,0
전북,임실군,기초,남자,65-69세,26,0,0,*,9,6,0,*,*,*
전북,임실군,기초,남자,70-74세,20,0,0,*,7,*,0,*,0,*
전북,임실군,기초,남자,75-79세,13,0,*,*,5,*,*,0,0,0
전북,임실군,기초,남자,80-84세,21,0,0,*,11,5,*,*,0,*
전북,임실군,기초,남자,85세이상,10,0,*,*,6,*,0,0,0,0
전북,임실군,기초,여자,65세미만,8,0,*,*,*,*,0,0,*,0
전북,임실군,기초,여자,65-69세,11,0,0,0,*,*,*,0,0,*
전북,임실군,기초,여자,70-74세,18,*,*,*,7,*,*,*,*,0
전북,임실군,기초,여자,75-79세,21,0,0,0,10,*,0,*,*,*
전북,임실군,기초,여자,80-84세,38,*,*,*,22,*,0,*,*,0
전북,임실군,기초,여자,85세이상,56,*,*,10,30,10,*,0,0,0
전북,임실군,의료,남자,65세미만,0,0,0,0,0,0,0,0,0,0
전북,임실군,의료,남자,65-69세,0,0,0,0,0,0,0,0,0,0
전북,임실군,의료,남자,70-74세,*,0,0,*,0,0,0,0,0,0
전북,임실군,의료,남자,80-84세,*,0,0,0,0,0,0,*,0,0
전북,임실군,의료,여자,70-74세,0,0,0,0,0,0,0,0,0,0
전북,임실군,의료,여자,75-79세,*,0,0,0,*,0,0,*,0,0
전북,임실군,의료,여자,80-84세,*,0,0,0,*,*,0,0,0,0
전북,임실군,의료,여자,85세이상,20,*,*,6,6,5,0,0,0,0
전북,임실군,감경,남자,65세미만,*,*,0,0,*,0,0,0,0,0
전북,임실군,감경,남자,65-69세,11,0,0,*,7,0,0,0,*,0
전북,임실군,감경,남자,70-74세,21,0,0,5,13,*,0,0,0,0
전북,임실군,감경,남자,75-79세,30,*,0,12,11,*,*,0,0,0
전북,임실군,감경,남자,80-84세,48,0,*,7,25,11,*,0,*,0
전북,임실군,감경,남자,85세이상,83,*,5,14,39,19,*,*,0,0
전북,임실군,감경,여자,65세미만,*,0,*,0,*,0,0,0,0,0
전북,임실군,감경,여자,65-69세,12,0,*,*,5,*,0,0,0,0
전북,임실군,감경,여자,70-74세,36,*,*,*,16,7,*,*,0,0
전북,임실군,감경,여자,75-79세,80,0,*,11,41,14,5,0,*,0
전북,임실군,감경,여자,80-84세,220,*,7,41,113,41,*,0,0,0
전북,임실군,감경,여자,85세이상,375,*,10,76,216,55,6,0,0,0
전북,순창군,일반,남자,65세미만,7,0,0,0,*,0,*,*,*,*
전북,순창군,일반,남자,65-69세,22,0,*,*,6,0,0,8,*,0
전북,순창군,일반,남자,70-74세,17,0,0,*,*,0,*,*,*,*
전북,순창군,일반,남자,75-79세,26,0,0,0,8,*,*,*,*,*
전북,순창군,일반,남자,80-84세,67,0,*,8,12,10,*,9,6,*
전북,순창군,일반,남자,85세이상,94,0,0,13,40,11,*,6,*,*
전북,순창군,일반,여자,65세미만,*,0,0,0,*,*,0,*,0,0
전북,순창군,일반,여자,65-69세,28,0,0,*,*,*,*,9,*,*
전북,순창군,일반,여자,70-74세,60,0,0,*,8,*,*,16,8,*
전북,순창군,일반,여자,75-79세,112,*,*,*,24,7,*,21,17,*
전북,순창군,일반,여자,80-84세,167,*,5,10,60,18,*,24,6,*
전북,순창군,일반,여자,85세이상,218,*,6,19,112,21,*,22,5,0
전북,순창군,기초,남자,65세미만,21,*,*,0,10,*,*,*,*,*
전북,순창군,기초,남자,65-69세,23,0,0,*,8,*,*,*,*,*
전북,순창군,기초,남자,70-74세,17,0,*,*,8,*,*,*,0,0
전북,순창군,기초,남자,75-79세,6,0,0,0,*,*,0,0,0,0
전북,순창군,기초,남자,80-84세,8,0,0,*,*,0,*,*,0,0
전북,순창군,기초,남자,85세이상,8,0,0,0,*,*,0,*,*,0
전북,순창군,기초,여자,65세미만,6,0,0,*,*,0,0,*,0,0
전북,순창군,기초,여자,65-69세,21,0,*,*,8,0,*,*,5,0
전북,순창군,기초,여자,70-74세,11,0,*,*,*,0,0,*,*,*
전북,순창군,기초,여자,75-79세,23,0,0,*,12,*,0,*,*,*
전북,순창군,기초,여자,80-84세,45,*,*,6,22,*,0,*,*,0
전북,순창군,기초,여자,85세이상,54,*,*,7,34,*,0,*,*,*
전북,순창군,의료,남자,75-79세,*,0,0,0,*,0,0,0,0,0
전북,순창군,의료,남자,80-84세,0,0,0,0,0,0,0,0,0,0
전북,순창군,의료,여자,70-74세,*,0,0,*,0,0,0,0,0,0
전북,순창군,의료,여자,75-79세,0,0,0,0,0,0,0,0,0,0
전북,순창군,의료,여자,80-84세,*,0,0,*,*,0,0,0,0,0
전북,순창군,의료,여자,85세이상,6,0,0,*,*,0,0,0,0,0
전북,순창군,감경,남자,65세미만,5,*,0,0,*,0,0,0,*,0
전북,순창군,감경,남자,65-69세,6,0,*,*,*,0,0,0,0,0
전북,순창군,감경,남자,70-74세,12,0,*,*,5,0,0,0,0,0
전북,순창군,감경,남자,75-79세,24,0,*,7,11,*,*,*,0,0
전북,순창군,감경,남자,80-84세,43,*,*,8,20,11,0,0,0,0
전북,순창군,감경,남자,85세이상,69,0,*,6,42,13,*,0,0,0
전북,순창군,감경,여자,65세미만,*,0,*,0,*,*,0,0,0,0
전북,순창군,감경,여자,65-69세,12,*,0,0,6,*,*,0,0,0
전북,순창군,감경,여자,70-74세,30,0,0,5,15,*,0,*,*,0
전북,순창군,감경,여자,75-79세,77,*,5,*,38,13,0,*,*,0
전북,순창군,감경,여자,80-84세,207,*,6,27,133,25,*,*,0,0
전북,순창군,감경,여자,85세이상,315,*,10,46,211,35,*,0,*,*
전북,고창군,일반,남자,65세미만,12,*,0,*,*,*,0,*,*,*
전북,고창군,일반,남자,65-69세,39,0,*,6,10,*,*,*,7,*
전북,고창군,일반,남자,70-74세,50,0,0,6,13,*,0,7,*,*
전북,고창군,일반,남자,75-79세,118,0,5,14,36,11,*,11,10,5
전북,고창군,일반,남자,80-84세,141,0,7,14,52,21,*,9,7,*
전북,고창군,일반,남자,85세이상,149,0,*,22,65,19,0,17,5,*
전북,고창군,일반,여자,65세미만,11,*,*,0,*,*,0,*,*,*
전북,고창군,일반,여자,65-69세,52,*,*,5,9,*,*,*,7,*
전북,고창군,일반,여자,70-74세,110,0,0,10,22,8,0,22,7,*
전북,고창군,일반,여자,75-79세,217,0,*,14,56,19,6,37,16,5
전북,고창군,일반,여자,80-84세,335,*,10,47,130,43,*,26,14,*
전북,고창군,일반,여자,85세이상,355,0,15,40,189,41,*,22,11,0
전북,고창군,기초,남자,65세미만,27,*,*,*,9,*,0,*,*,*
전북,고창군,기초,남자,65-69세,48,0,*,*,11,*,*,7,*,6
전북,고창군,기초,남자,70-74세,23,0,0,*,8,*,*,*,0,*
전북,고창군,기초,남자,75-79세,26,*,0,*,14,*,0,*,*,0
전북,고창군,기초,남자,80-84세,16,0,0,*,6,*,0,*,*,0
전북,고창군,기초,남자,85세이상,13,0,0,*,7,*,*,0,0,0
전북,고창군,기초,여자,65세미만,14,*,*,*,*,0,0,*,*,*
전북,고창군,기초,여자,65-69세,24,0,0,*,*,6,0,5,*,0
전북,고창군,기초,여자,70-74세,26,*,*,*,10,*,0,*,*,0
전북,고창군,기초,여자,75-79세,40,*,*,5,19,*,*,*,*,0
전북,고창군,기초,여자,80-84세,88,*,*,7,47,12,0,6,*,*
전북,고창군,기초,여자,85세이상,90,*,*,23,40,8,0,*,0,*
전북,고창군,의료,남자,65-69세,0,0,0,0,0,0,0,0,0,0
전북,고창군,의료,남자,70-74세,*,0,*,0,*,0,0,0,0,0
전북,고창군,의료,남자,75-79세,*,0,0,0,*,0,0,0,0,0
전북,고창군,의료,남자,80-84세,*,0,0,0,*,*,0,0,0,0
전북,고창군,의료,남자,85세이상,*,0,0,0,*,0,0,0,0,0
전북,고창군,의료,여자,65-69세,0,0,0,0,0,0,0,0,0,0
전북,고창군,의료,여자,70-74세,*,0,0,*,0,0,0,0,0,0
전북,고창군,의료,여자,75-79세,7,0,0,0,5,*,0,0,0,0
전북,고창군,의료,여자,80-84세,7,0,0,0,*,0,0,*,*,0
전북,고창군,의료,여자,85세이상,39,0,*,9,22,*,0,0,0,0
전북,고창군,감경,남자,65세미만,8,0,0,*,*,*,0,0,0,*
전북,고창군,감경,남자,65-69세,32,*,0,9,11,6,0,*,0,*
전북,고창군,감경,남자,70-74세,37,*,*,*,21,9,0,0,0,0
전북,고창군,감경,남자,75-79세,90,*,*,17,51,8,*,*,0,0
전북,고창군,감경,남자,80-84세,137,0,5,34,71,18,5,*,0,0
전북,고창군,감경,남자,85세이상,176,*,8,40,103,17,*,0,*,0
전북,고창군,감경,여자,65세미만,5,0,*,*,*,0,0,0,0,0
전북,고창군,감경,여자,65-69세,29,0,*,*,12,*,0,0,*,*
전북,고창군,감경,여자,70-74세,84,0,6,14,39,10,*,*,0,0
전북,고창군,감경,여자,75-79세,225,5,8,38,124,30,*,*,*,0
전북,고창군,감경,여자,80-84세,483,*,16,71,301,63,10,*,*,0
전북,고창군,감경,여자,85세이상,839,*,47,171,512,75,7,*,0,0
전북,부안군,일반,남자,65세미만,10,0,0,*,*,0,0,*,*,*
전북,부안군,일반,남자,65-69세,31,0,0,6,13,*,0,*,*,*
전북,부안군,일반,남자,70-74세,50,*,*,6,16,7,0,5,*,*
전북,부안군,일반,남자,75-79세,82,*,*,7,30,10,*,7,*,*
전북,부안군,일반,남자,80-84세,116,0,0,14,45,24,0,8,*,*
전북,부안군,일반,남자,85세이상,147,*,*,20,56,29,*,9,*,*
전북,부안군,일반,여자,65세미만,6,0,0,0,*,0,0,*,0,*
전북,부안군,일반,여자,65-69세,41,*,0,*,5,*,0,11,7,*
전북,부안군,일반,여자,70-74세,72,0,0,5,6,5,*,17,13,7
전북,부안군,일반,여자,75-79세,166,*,*,8,42,23,5,24,13,*
전북,부안군,일반,여자,80-84세,308,*,7,37,101,72,7,26,11,*
전북,부안군,일반,여자,85세이상,372,12,12,53,163,63,6,14,5,0
전북,부안군,기초,남자,65세미만,20,*,0,*,6,0,0,*,*,*
전북,부안군,기초,남자,65-69세,29,*,0,*,*,*,*,5,5,*
전북,부안군,기초,남자,70-74세,26,0,*,*,7,*,*,*,*,*
전북,부안군,기초,남자,75-79세,24,0,0,*,9,6,*,*,*,*
전북,부안군,기초,남자,80-84세,19,0,0,*,8,*,*,*,0,0
전북,부안군,기초,남자,85세이상,21,0,*,*,8,*,*,*,0,0
전북,부안군,기초,여자,65세미만,12,0,*,5,*,0,0,0,*,*
전북,부안군,기초,여자,65-69세,22,0,*,*,6,*,*,*,*,*
전북,부안군,기초,여자,70-74세,35,*,0,*,13,6,*,*,*,*
전북,부안군,기초,여자,75-79세,49,*,*,6,22,7,0,*,*,*
전북,부안군,기초,여자,80-84세,71,0,*,12,26,20,0,*,0,*
전북,부안군,기초,여자,85세이상,88,*,*,19,42,15,*,*,*,0
전북,부안군,의료,남자,65-69세,*,0,0,0,*,0,0,0,0,0
전북,부안군,의료,남자,70-74세,*,0,0,0,0,*,0,0,0,0
전북,부안군,의료,남자,75-79세,*,0,0,0,*,*,0,0,0,0
전북,부안군,의료,남자,80-84세,*,0,0,*,*,0,0,0,0,0
전북,부안군,의료,남자,85세이상,5,0,0,0,*,*,*,0,0,0
전북,부안군,의료,여자,65세미만,*,0,0,0,0,0,0,0,0,0
전북,부안군,의료,여자,65-69세,*,0,0,0,0,0,0,0,*,0
전북,부안군,의료,여자,70-74세,*,0,0,0,*,0,0,0,0,0
전북,부안군,의료,여자,75-79세,*,0,0,0,*,*,0,*,0,0
전북,부안군,의료,여자,80-84세,5,0,0,0,*,0,0,*,0,0
전북,부안군,의료,여자,85세이상,25,0,0,*,15,6,0,0,0,0
전북,부안군,감경,남자,65세미만,8,0,0,*,*,*,0,0,0,0
전북,부안군,감경,남자,65-69세,19,*,0,*,10,*,0,*,0,*
전북,부안군,감경,남자,70-74세,24,*,*,5,7,5,*,0,0,0
전북,부안군,감경,남자,75-79세,51,0,*,8,24,15,0,0,*,0
전북,부안군,감경,남자,80-84세,75,*,*,13,38,15,*,0,*,0
전북,부안군,감경,남자,85세이상,120,*,*,22,63,27,*,0,0,*
전북,부안군,감경,여자,65세미만,5,*,0,*,*,0,0,*,0,0
전북,부안군,감경,여자,65-69세,20,0,0,*,6,*,*,0,*,*
전북,부안군,감경,여자,70-74세,65,*,*,9,22,12,*,*,*,0
전북,부안군,감경,여자,75-79세,97,0,5,16,43,20,*,*,*,0
전북,부안군,감경,여자,80-84세,276,*,10,32,139,73,*,*,*,0
전북,부안군,감경,여자,85세이상,530,12,25,104,273,103,*,*,*,0
