longTermAdminSym_request,adminPttnCd_request,siDoCd_request,siGunGuCd_request,adminNm_request,resultCode,resultMsg,adminPttnCd,fmNowPer,fmRsvPer,longTermAdminSym,maNowPer,maRsvPer,totPer
11111000006,A03,11,110,청운노인요양원,00,NORMAL SERVICE.,A03,33,0,11111000006,0,0,38
11111000056,A03,11,110,인자인케어센터,00,NORMAL SERVICE.,A03,34,,11111000056,8,,42
11111000060,A03,11,110,평창동시니어센터,00,NORMAL SERVICE.,A03,54,2,11111000060,14,1,68
11111000068,A03,11,110,아름다운뜰안에 요양원,00,NORMAL SERVICE.,A03,30,0,11111000068,4,0,38
11111000076,A03,11,110,서울여자간호대학교 휴먼캐슬,00,NORMAL SERVICE.,A03,36,8,11111000076,0,5,38
11111000088,A04,11,110,아름다운실버홈,00,NORMAL SERVICE.,A04,9,0,11111000088,0,0,9
11120000056,A04,11,200,한마음너싱홈,00,NORMAL SERVICE.,A04,9,1,11120000056,0,0,9
11120000110,A04,11,200,서울숲 요양원,00,NORMAL SERVICE.,A04,8,0,11120000110,0,0,9
11120000126,A04,11,200,서울숲재활요양원,00,NORMAL SERVICE.,A04,9,0,11120000126,0,0,9
11120000190,A04,11,200,금호무지개요양원,00,NORMAL SERVICE.,A04,9,2,11120000190,0,0,9
21111000001,B01,11,110,서울시 종로구 재가노인복지기관,00,NORMAL SERVICE.,B01,,,21111000001,,,
21111000123,B01,11,110,효성재가요양복지센터,00,NORMAL SERVICE.,B01,18,,21111000123,10,,0
21111000126,B01,11,110,종로재가복지센터,00,NORMAL SERVICE.,B01,,,21111000126,,,0
21111000127,B01,11,110,주민재가방문요양센터,00,NORMAL SERVICE.,B01,12,0,21111000127,16,0,0
21111000130,B01,11,110,종로이화재가복지센터,00,NORMAL SERVICE.,B01,17,,21111000130,10,,0
21111000123,B02,11,110,효성재가요양복지센터,00,NORMAL SERVICE.,B02,0,,21111000123,1,,0
21111000126,B02,11,110,종로재가복지센터,00,NORMAL SERVICE.,B02,,,21111000126,,,0
21111000130,B02,11,110,종로이화재가복지센터,00,NORMAL SERVICE.,B02,,,21111000130,,,0
21111000132,B02,11,110,참터재가복지센터,00,NORMAL SERVICE.,B02,,,21111000132,,,0
21111000139,B02,11,110,우리재가복지센터,00,NORMAL SERVICE.,B02,,,21111000139,,,0
21111000008,B03,11,110,종로데이케어센터,00,NORMAL SERVICE.,B03,10,0,21111000008,4,0,17
21111000034,B03,11,110,청운실버데이케어센터,00,NORMAL SERVICE.,B03,22,14,21111000034,5,7,28
21111000066,B03,11,110,보현데이케어센터,00,NORMAL SERVICE.,B03,,,21111000066,0,,0
21111000085,B03,11,110,혜화동성당데이케어센터,00,NORMAL SERVICE.,B03,16,1,21111000085,4,0,21
21111000136,B03,11,110,수석데이케어센터,00,NORMAL SERVICE.,B03,19,,21111000136,2,,43
21120000122,B04,11,200,서울숲 단기보호센터,00,NORMAL SERVICE.,B04,7,0,21120000122,0,0,9
21121500214,B04,11,215,더행복데이케어센터,00,NORMAL SERVICE.,B04,0,10,21121500214,1,10,8
21121500283,B04,11,215,광진늘푸른단기보호센타,00,NORMAL SERVICE.,B04,9,1,21121500283,0,,9
21123000348,B04,11,230,맑은샘단기보호센터,00,NORMAL SERVICE.,B04,4,0,21123000348,1,0,8
21123000372,B04,11,230,"소망재가복지 (단기보호, 방문요양)",00,NORMAL SERVICE.,B04,3,0,21123000372,1,0,6
21111000126,B05,11,110,종로재가복지센터,00,NORMAL SERVICE.,B05,,,21111000126,,,0
21111000130,B05,11,110,종로이화재가복지센터,00,NORMAL SERVICE.,B05,,,21111000130,,,0
21111000145,B05,11,110,행복이음재가복지센터,00,NORMAL SERVICE.,B05,,,21111000145,,,0
21114000095,B05,11,140,나무방문간호센터,00,NORMAL SERVICE.,B05,5,0,21114000095,6,0,0
21117000191,B05,11,170,아가페방문간호센터,00,NORMAL SERVICE.,B05,,,21117000191,,,0
21111000126,B06,11,110,종로재가복지센터,00,NORMAL SERVICE.,B06,,,21111000126,,,0
21117000172,B06,11,170,강원전자주식회사 복지용구센터 더돌봄,00,NORMAL SERVICE.,B06,,,21117000172,,,0
21117000182,B06,11,170,엠에이디실버,00,NORMAL SERVICE.,B06,,,21117000182,,,0
21120000189,B06,11,200,빠른케어 성동사업소,00,NORMAL SERVICE.,B06,280,,21120000189,62,,0
21120000194,B06,11,200,우리의료기,00,NORMAL SERVICE.,B06,,,21120000194,,,0
31111000035,C01,11,110,효사랑플러스홈케어,00,NORMAL SERVICE.,C01,,,31111000035,,,
31111000048,C01,11,110,웃음드림방문요양센터,00,NORMAL SERVICE.,C01,,,31111000048,,,
31111000050,C01,11,110,돌보미실버센터,00,NORMAL SERVICE.,C01,,,31111000050,,,
31111000063,C01,11,110,행복한재가노인복지센터,00,NORMAL SERVICE.,C01,,,31111000063,,,0
31111000074,C01,11,110,운화실버복지센터,00,NORMAL SERVICE.,C01,16,,31111000074,6,,0
31111000048,C02,11,110,웃음드림방문요양센터,00,NORMAL SERVICE.,C02,,,31111000048,,,
31111000086,C02,11,110,효자요양센터,00,NORMAL SERVICE.,C02,1,,31111000086,0,,0
31111000108,C02,11,110,정드림방문요양센터,00,NORMAL SERVICE.,C02,0,,31111000108,0,,0
31111000117,C02,11,110,행복한동행재가노인복지센터,00,NORMAL SERVICE.,C02,,,31111000117,1,,0
31111000118,C02,11,110,세종노인요양복지센터,00,NORMAL SERVICE.,C02,0,,31111000118,0,,0
31117000153,C03,11,170,시온사랑 데이케어센터,00,NORMAL SERVICE.,C03,41,3,31117000153,12,0,53
31123000235,C03,11,230,다솜데이케어센터,00,NORMAL SERVICE.,C03,30,,31123000235,17,,47
31130500283,C03,11,305,강북광산데이케어센터,00,NORMAL SERVICE.,C03,39,,31130500283,15,,54
31132000114,C03,11,320,도봉늘푸른치매인지재활데이케어센터,00,NORMAL SERVICE.,C03,10,,31132000114,10,,20
31132000157,C03,11,320,행복드림데이케어센터,00,NORMAL SERVICE.,C03,7,0,31132000157,4,0,20
31121500164,C04,11,215,실버밸리노인단기보호센터,00,NORMAL SERVICE.,C04,5,0,31121500164,2,0,12
31121500197,C04,11,215,성동실버케어요양원,00,NORMAL SERVICE.,C04,9,0,31121500197,0,0,9
31132000220,C04,11,320,동그라미 인지/재활 데이케어센터,00,NORMAL SERVICE.,C04,0,0,31132000220,0,0,9
31132000294,C04,11,320,도봉효드림요양원,00,NORMAL SERVICE.,C04,4,2,31132000294,5,,9
31132000320,C04,11,320,도봉요양원,00,NORMAL SERVICE.,C04,2,,31132000320,1,,9
31114000018,C05,11,140,우영요양센터,00,NORMAL SERVICE.,C05,,,31114000018,,,
31117000098,C05,11,170,새봄간호요양센타,00,NORMAL SERVICE.,C05,,,31117000098,,,0
31117000121,C05,11,170,고운손방문요양센터주식회사,00,NORMAL SERVICE.,C05,,,31117000121,,,0
31117000148,C05,11,170,참사랑복지센터,00,NORMAL SERVICE.,C05,0,,31117000148,0,,0
31120000015,C05,11,200,(A+)성동구방문요양간호센터,00,NORMAL SERVICE.,C05,,,31120000015,,,
31111000012,C06,11,110,(주)이원건강의료기,00,NORMAL SERVICE.,C06,,,31111000012,,,0
31111000015,C06,11,110,(주)통일의료기,00,NORMAL SERVICE.,C06,,,31111000015,,,
31111000042,C06,11,110,제일복지용구,00,NORMAL SERVICE.,C06,,,31111000042,,,
31114000063,C06,11,140,명신,00,NORMAL SERVICE.,C06,,,31114000063,,,0
31117000029,C06,11,170,천사랑 노인복지센터,00,NORMAL SERVICE.,C06,,,31117000029,,,0
11120000010,G31,11,200,시립동부노인전문요양센터,00,NORMAL SERVICE.,G31,11,40,11120000010,4,22,16
11123000381,G31,11,230,시립동대문실버케어센터,00,NORMAL SERVICE.,G31,8,,11123000381,4,,12
11126000271,G31,11,260,서울시립중랑노인전문요양원,00,NORMAL SERVICE.,G31,16,,11126000271,,,16
11129000365,G31,11,290,e포근한요양원,00,NORMAL SERVICE.,G31,8,2,11129000365,6,1,14
11130500172,G31,11,305,강북실버종합복지센터,00,NORMAL SERVICE.,G31,9,0,11130500172,2,0,12
11120000010,G32,11,200,시립동부노인전문요양센터,00,NORMAL SERVICE.,G32,16,40,11120000010,0,0,16
11123000381,G32,11,230,시립동대문실버케어센터,00,NORMAL SERVICE.,G32,11,,11123000381,0,,11
11126000271,G32,11,260,서울시립중랑노인전문요양원,00,NORMAL SERVICE.,G32,13,,11126000271,3,,16
11138000065,G32,11,380,붓다마을,00,NORMAL SERVICE.,G32,0,0,11138000065,12,3,12
11144000012,G32,11,440,시립서부노인전문요양센터,00,NORMAL SERVICE.,G32,12,0,11144000012,0,0,12
11120000010,G33,11,200,시립동부노인전문요양센터,00,NORMAL SERVICE.,G33,12,40,11120000010,4,22,16
11123000381,G33,11,230,시립동대문실버케어센터,00,NORMAL SERVICE.,G33,10,,11123000381,4,,14
11138000065,G33,11,380,붓다마을,00,NORMAL SERVICE.,G33,16,3,11138000065,0,0,16
11144000012,G33,11,440,시립서부노인전문요양센터,00,NORMAL SERVICE.,G33,12,0,11144000012,0,0,12
11174000422,G33,11,740,시립강동실버케어센터,00,NORMAL SERVICE.,G33,7,56,11174000422,5,28,12
11120000010,G34,11,200,시립동부노인전문요양센터,00,NORMAL SERVICE.,G34,12,40,11120000010,4,21,16
11120000010,G35,11,200,시립동부노인전문요양센터,00,NORMAL SERVICE.,G35,11,40,11120000010,4,21,16
11120000010,G36,11,200,시립동부노인전문요양센터,00,NORMAL SERVICE.,G36,12,40,11120000010,4,21,16
11120000010,G37,11,200,시립동부노인전문요양센터,00,NORMAL SERVICE.,G37,12,39,11120000010,3,21,16
11120000010,G38,11,200,시립동부노인전문요양센터,00,NORMAL SERVICE.,G38,12,39,11120000010,4,21,16
21111000066,H31,11,110,보현데이케어센터,00,NORMAL SERVICE.,H31,17,4,21111000066,3,1,20
21114000036,H31,11,140,신당데이케어센터,00,NORMAL SERVICE.,H31,13,0,21114000036,0,0,16
21120000068,H31,11,200,구립성수1가2동서울숲데이케어센터,00,NORMAL SERVICE.,H31,16,2,21120000068,4,2,21
21130500237,H31,11,305,사회복지법인 운가자비원 운가데이케어센터,00,NORMAL SERVICE.,H31,5,0,21130500237,2,0,7
21141000342,H32,11,410,구립가재울데이케어센터,00,NORMAL SERVICE.,H32,0,,21141000342,0,,24
21159000283,H32,11,590,굿모닝동작데이케어센터,00,NORMAL SERVICE.,H32,7,,21159000283,1,,8
11138000217,M31,11,380,노블케어스,00,NORMAL SERVICE.,M31,11,2,11138000217,0,0,12
11130500229,S41,11,305,사랑나눔요양원2,00,NORMAL SERVICE.,S41,3,1,11130500229,6,1,9
11141000170,S41,11,410,중앙실버노인요양공동생활가정,00,NORMAL SERVICE.,S41,6,0,11141000170,0,0,6
11168000127,S41,11,680,구립대치노인요양센터,00,NORMAL SERVICE.,S41,7,16,11168000127,0,,8
12911000006,A03,12,210,아가페실버센터,00,NORMAL SERVICE.,A03,20,2,12911000006,0,0,28
12911000013,A03,12,210,꽃메요양원,00,NORMAL SERVICE.,A03,28,0,12911000013,0,0,28
12911000022,A03,12,210,천혜경로원,00,NORMAL SERVICE.,A03,53,0,12911000022,4,,71
12911000052,A03,12,210,용연실버빌,00,NORMAL SERVICE.,A03,14,0,12911000052,7,0,47
12911000086,A03,12,210,나눔요양원,00,NORMAL SERVICE.,A03,31,0,12911000086,2,0,37
12911000256,A03,12,210,해피맘요양원,00,NORMAL SERVICE.,A03,15,,12911000256,2,0,26
12911000096,A04,12,210,효드림노인복지센터,00,NORMAL SERVICE.,A04,8,0,12911000096,0,0,9
12911000254,A04,12,210,엠마의집,00,NORMAL SERVICE.,A04,6,0,12911000254,1,0,9
12915500209,A04,12,270,알곡사랑요양원,00,NORMAL SERVICE.,A04,5,0,12915500209,2,0,9
12917000275,A04,12,300,현대실버빌,00,NORMAL SERVICE.,A04,9,0,12917000275,0,0,9
12917000295,A04,12,300,정드림케어하우스,00,NORMAL SERVICE.,A04,7,0,12917000295,0,0,9
22911000007,B01,12,210,아가페실버센터,00,NORMAL SERVICE.,B01,25,,22911000007,8,0,0
22911000009,B01,12,210,C.C.C.동구노인복지센터,00,NORMAL SERVICE.,B01,31,0,22911000009,4,0,0
22911000014,B01,12,210,꽃메요양원,00,NORMAL SERVICE.,B01,12,0,22911000014,7,0,0
22911000048,B01,12,210,대해노인복지센터,00,NORMAL SERVICE.,B01,13,0,22911000048,0,0,0
22911000287,B01,12,210,선인종합재가센터,00,NORMAL SERVICE.,B01,,,22911000287,,,0
22911000009,B02,12,210,C.C.C.동구노인복지센터,00,NORMAL SERVICE.,B02,4,0,22911000009,0,0,0
22911000048,B02,12,210,대해노인복지센터,00,NORMAL SERVICE.,B02,,0,22911000048,0,0,0
22911000312,B02,12,210,예향노인복지센터,00,NORMAL SERVICE.,B02,,,22911000312,,,0
22911000326,B02,12,210,동구천사노인복지센터,00,NORMAL SERVICE.,B02,19,,22911000326,3,,0
22911000339,B02,12,210,다정한노인재가복지센터,00,NORMAL SERVICE.,B02,,,22911000339,,,0
22911000009,B03,12,210,C.C.C.동구노인복지센터,00,NORMAL SERVICE.,B03,24,0,22911000009,5,0,31
22911000014,B03,12,210,꽃메요양원,00,NORMAL SERVICE.,B03,28,,22911000014,7,0,40
22911000048,B03,12,210,대해노인복지센터,00,NORMAL SERVICE.,B03,17,,22911000048,2,,25
22911000327,B03,12,210,자연숲노인복지센터,00,NORMAL SERVICE.,B03,60,,22911000327,21,,122
22911000334,B03,12,210,계림노인주간보호센터,00,NORMAL SERVICE.,B03,27,0,22911000334,7,0,38
24681000003,B04,12,780,강진노인복지센터,00,NORMAL SERVICE.,B04,0,0,24681000003,0,0,7
24687000001,B04,12,830,청람노인복지센터,00,NORMAL SERVICE.,B04,0,0,24687000001,0,0,4
24689000091,B04,12,850,어르신케어 종합복지센터 효드림,00,NORMAL SERVICE.,B04,0,,24689000091,0,,5
22911000312,B05,12,210,예향노인복지센터,00,NORMAL SERVICE.,B05,,,22911000312,,,0
22911000349,B05,12,210,보라방문간호센터,00,NORMAL SERVICE.,B05,20,,22911000349,12,,0
22911000356,B05,12,210,뉴정나눔노인복지센터,00,NORMAL SERVICE.,B05,2,,22911000356,0,,0
22914000463,B05,12,240,동행노인재가복지센터,00,NORMAL SERVICE.,B05,12,,22914000463,11,,0
22914000471,B05,12,240,최하현 방문간호 요양센터,00,NORMAL SERVICE.,B05,17,0,22914000471,15,,0
22911000331,B06,12,210,한국의료기기,00,NORMAL SERVICE.,B06,,,22911000331,,,0
22911000333,B06,12,210,아이에스메티칼,00,NORMAL SERVICE.,B06,,,22911000333,,,0
22911000338,B06,12,210,편한 의료기,00,NORMAL SERVICE.,B06,,,22911000338,,,0
22911000358,B06,12,210,100세동안 실버케어,00,NORMAL SERVICE.,B06,,,22911000358,,,0
22911000371,B06,12,210,미래로의료기,00,NORMAL SERVICE.,B06,,,22911000371,,,0
32911000065,C01,12,210,희망노인복지센터,00,NORMAL SERVICE.,C01,,,32911000065,,,
32911000079,C01,12,210,계림재가노인요양센터,00,NORMAL SERVICE.,C01,,,32911000079,,,
32911000089,C01,12,210,효사랑계림 노인복지센터,00,NORMAL SERVICE.,C01,,,32911000089,,,0
32911000090,C01,12,210,한마음실버요양센터,00,NORMAL SERVICE.,C01,,,32911000090,,,0
32911000239,C01,12,210,광주여성노인재가센터,00,NORMAL SERVICE.,C01,,,32911000239,,,0
32911000065,C02,12,210,희망노인복지센터,00,NORMAL SERVICE.,C02,,,32911000065,,,
32911000089,C02,12,210,효사랑계림 노인복지센터,00,NORMAL SERVICE.,C02,,,32911000089,,,0
32911000090,C02,12,210,한마음실버요양센터,00,NORMAL SERVICE.,C02,,,32911000090,,,0
32911000273,C02,12,210,한가족복지센터,00,NORMAL SERVICE.,C02,,,32911000273,,,0
32911000292,C02,12,210,조은재가복지센터,00,NORMAL SERVICE.,C02,3,,32911000292,0,,0
32914000059,C03,12,240,광주재활센타,00,NORMAL SERVICE.,C03,2,0,32914000059,5,0,12
32914000373,C03,12,240,광주서구노인주간보호센터,00,NORMAL SERVICE.,C03,12,,32914000373,4,,28
32914000392,C03,12,240,굿데이케어센터,00,NORMAL SERVICE.,C03,17,1,32914000392,6,1,28
32914000395,C03,12,240,더불어노인주간보호센터,00,NORMAL SERVICE.,C03,21,,32914000395,12,,33
32914000399,C03,12,240,"상무노인복지학교(주간보호,치매예방교육)",00,NORMAL SERVICE.,C03,43,,32914000399,20,,73
32911000323,C05,12,210,하늘빛방문간호센터,00,NORMAL SERVICE.,C05,,,32911000323,,,0
32914000289,C05,12,240,365나눔노인장기요양기관,00,NORMAL SERVICE.,C05,45,,32914000289,22,,0
32914000442,C05,12,240,새로나재가노인요양복지센터,00,NORMAL SERVICE.,C05,,,32914000442,,,0
32914000453,C05,12,240,구구팔팔재가복지센터,00,NORMAL SERVICE.,C05,,,32914000453,0,,0
32915500289,C05,12,270,사랑손통합재가센터,00,NORMAL SERVICE.,C05,26,,32915500289,10,,100
32911000034,C06,12,210,명성의료기,00,NORMAL SERVICE.,C06,,,32911000034,,,
32911000047,C06,12,210,광주의료기,00,NORMAL SERVICE.,C06,,,32911000047,,,
32911000074,C06,12,210,효도의료기,00,NORMAL SERVICE.,C06,,,32911000074,,,
32911000275,C06,12,210,태광의료기,00,NORMAL SERVICE.,C06,,,32911000275,1,,0
32911000288,C06,12,210,믿음의료기,00,NORMAL SERVICE.,C06,,,32911000288,,,0
12911000256,G31,12,210,해피맘요양원,00,NORMAL SERVICE.,G31,11,,12911000256,5,,16
12920000003,G31,12,330,바라밀실버하우스,00,NORMAL SERVICE.,G31,13,2,12920000003,1,0,16
14611000358,G31,12,110,산책하는요양원,00,NORMAL SERVICE.,G31,2,,14611000358,8,,10
14615000134,G31,12,150,낙안효자실버빌,00,NORMAL SERVICE.,G31,0,,14615000134,0,,12
14615000152,G31,12,150,효자노인복지센터,00,NORMAL SERVICE.,G31,0,,14615000152,0,,14
14611000358,G32,12,110,산책하는요양원,00,NORMAL SERVICE.,G32,10,,14611000358,,,10
14615000134,G32,12,150,낙안효자실버빌,00,NORMAL SERVICE.,G32,0,,14615000134,0,,12
14617000005,G32,12,170,나주시노인요양원,00,NORMAL SERVICE.,G32,10,0,14617000005,0,0,11
14623000165,G32,12,190,마로현노인요양원,00,NORMAL SERVICE.,G32,11,,14623000165,1,,12
14677000160,G32,12,740,도양노인건강복지타운 치매전문요양원,00,NORMAL SERVICE.,G32,12,,14677000160,,,12
14611000358,G33,12,110,산책하는요양원,00,NORMAL SERVICE.,G33,10,,14611000358,,,10
14677000160,G33,12,740,도양노인건강복지타운 치매전문요양원,00,NORMAL SERVICE.,G33,12,,14677000160,,,12
14679000117,G33,12,760,현대노인요양원,00,NORMAL SERVICE.,G33,0,0,14679000117,6,,8
14681000051,G33,12,780,강진효요양원,00,NORMAL SERVICE.,G33,,,14681000051,3,,4
14677000160,G34,12,740,도양노인건강복지타운 치매전문요양원,00,NORMAL SERVICE.,G34,,,14677000160,6,,12
14679000117,G34,12,760,현대노인요양원,00,NORMAL SERVICE.,G34,0,,14679000117,12,,14
14681000051,G34,12,780,강진효요양원,00,NORMAL SERVICE.,G34,2,,14681000051,,,4
14677000160,G35,12,740,도양노인건강복지타운 치매전문요양원,00,NORMAL SERVICE.,G35,0,,14677000160,,,12
14679000117,G35,12,760,현대노인요양원,00,NORMAL SERVICE.,G35,8,,14679000117,0,,8
14679000117,G36,12,760,현대노인요양원,00,NORMAL SERVICE.,G36,11,,14679000117,0,,16
22915500115,H31,12,270,인애W재가노인지원센터,00,NORMAL SERVICE.,H31,0,0,22915500115,0,,25
22917000666,H31,12,300,사랑방주야간보호센터,00,NORMAL SERVICE.,H31,10,,22917000666,3,,15
24613000316,H31,12,130,여수시 치매어르신 주야간보호센터 지혜마루,00,NORMAL SERVICE.,H31,0,0,24613000316,0,0,20
24615000385,H31,12,150,재단법인 전라남도사회서비스원 순천시 실버주야간보호센터,00,NORMAL SERVICE.,H31,8,0,24615000385,7,1,15
24615000419,H31,12,150,더편한데이케어,00,NORMAL SERVICE.,H31,0,0,24615000419,0,0,3
34623000025,I31,12,190,광양희망노인복지센터,00,NORMAL SERVICE.,I31,5,,34623000025,3,,12
14611000001,M31,12,810,자혜요양원,00,NORMAL SERVICE.,M31,8,,14611000001,0,,9
14613000009,M31,12,130,마니원(입소),00,NORMAL SERVICE.,M31,10,1,14613000009,0,,10
14617000005,M31,12,170,나주시노인요양원,00,NORMAL SERVICE.,M31,12,0,14617000005,0,0,12
14611000001,M32,12,810,자혜요양원,00,NORMAL SERVICE.,M32,0,,14611000001,6,,7
14613000122,M32,12,130,소나무노인요양시설,00,NORMAL SERVICE.,M32,10,0,14613000122,2,,12
12917000530,S41,12,300,오손도손요양원,00,NORMAL SERVICE.,S41,6,2,12917000530,1,1,9
14613000008,S41,12,130,밀알노인요양공동생활가정,00,NORMAL SERVICE.,S41,9,0,14613000008,0,0,9
14681000017,S41,12,780,도암 소망의집,00,NORMAL SERVICE.,S41,9,,14681000017,0,,9
14684000082,S41,12,810,다솜노인요양공동생활가정,00,NORMAL SERVICE.,S41,7,1,14684000082,1,,9
14684000116,S41,12,810,엄마의봄날 노인요양공동생활가정,00,NORMAL SERVICE.,S41,9,,14684000116,,,9
12611000104,A03,26,110,굿모닝노인요양원,00,NORMAL SERVICE.,A03,56,4,12611000104,13,2,81
12614000008,A03,26,140,안나노인건강센터,00,NORMAL SERVICE.,A03,49,,12614000008,9,,80
12614000053,A03,26,140,실버웰요양센터,00,NORMAL SERVICE.,A03,36,0,12614000053,13,0,150
12614000068,A03,26,140,송도사랑요양원,00,NORMAL SERVICE.,A03,79,8,12614000068,20,5,100
12617000001,A03,26,170,송원노인전문요양원,00,NORMAL SERVICE.,A03,67,6,12617000001,26,5,120
12617000074,A03,26,170,인창동구노인요양원,00,NORMAL SERVICE.,A03,108,2,12617000074,21,18,144
12620000004,A03,26,200,파랑새노인건강센터,00,NORMAL SERVICE.,A03,66,0,12620000004,22,0,123
12617000090,A04,26,170,지혜실버홈,00,NORMAL SERVICE.,A04,5,0,12617000090,2,0,9
12623000091,A04,26,230,소망노인복지센터,00,NORMAL SERVICE.,A04,9,,12623000091,0,,9
12623000281,A04,26,230,새롬노인요양공동생활가정,00,NORMAL SERVICE.,A04,7,0,12623000281,2,0,9
12626000106,A04,26,260,성지노인요양원,00,NORMAL SERVICE.,A04,5,3,12626000106,4,3,9
12629000165,A04,26,290,참사랑실버홈,00,NORMAL SERVICE.,A04,5,0,12629000165,4,0,9
12632000284,A04,26,320,편안한노인공동요양원,00,NORMAL SERVICE.,A04,4,0,12632000284,1,0,9
12632000334,A04,26,320,화명은혜공동생활가정,00,NORMAL SERVICE.,A04,9,0,12632000334,0,,9
22611000001,B01,26,110,중구재가노인지원서비스센터,00,NORMAL SERVICE.,B01,40,,22611000001,10,,0
22611000100,B01,26,110,우리재가복지센터,00,NORMAL SERVICE.,B01,44,0,22611000100,22,0,0
22611000101,B01,26,110,(주)돌보미재가복지센터,00,NORMAL SERVICE.,B01,29,0,22611000101,10,0,0
22611000102,B01,26,110,참벗재가복지센터,00,NORMAL SERVICE.,B01,10,,22611000102,8,,0
22611000105,B01,26,110,선한데이케어센터,00,NORMAL SERVICE.,B01,2,,22611000105,2,,0
22611000106,B01,26,110,스마일재가노인복지센터,00,NORMAL SERVICE.,B01,,5,22611000106,,3,0
22611000107,B01,26,110,성부재가노인복지센터,00,NORMAL SERVICE.,B01,10,,22611000107,5,,0
22611000100,B02,26,110,우리재가복지센터,00,NORMAL SERVICE.,B02,,,22611000100,,,0
22611000101,B02,26,110,(주)돌보미재가복지센터,00,NORMAL SERVICE.,B02,0,1,22611000101,0,1,0
22611000102,B02,26,110,참벗재가복지센터,00,NORMAL SERVICE.,B02,,,22611000102,,,0
22611000105,B02,26,110,선한데이케어센터,00,NORMAL SERVICE.,B02,,,22611000105,,,0
22611000107,B02,26,110,성부재가노인복지센터,00,NORMAL SERVICE.,B02,0,,22611000107,0,,0
22611000109,B02,26,110,한울타리노인복지센터,00,NORMAL SERVICE.,B02,,,22611000109,,,0
22611000111,B02,26,110,신창통합재가복지센터,00,NORMAL SERVICE.,B02,2,,22611000111,1,,0
22611000001,B03,26,110,중구재가노인지원서비스센터,00,NORMAL SERVICE.,B03,14,0,22611000001,3,0,18
22611000103,B03,26,110,굿모닝주야간보호센터,00,NORMAL SERVICE.,B03,25,0,22611000103,17,0,44
22611000105,B03,26,110,선한데이케어센터,00,NORMAL SERVICE.,B03,31,,22611000105,12,,60
22611000117,B03,26,110,행복한재활주간보호센터,00,NORMAL SERVICE.,B03,,,22611000117,,,59
22614000050,B03,26,140,인창서구재가노인복지센터,00,NORMAL SERVICE.,B03,73,,22614000050,25,,116
22614000084,B03,26,140,송도노인주간보호센터,00,NORMAL SERVICE.,B03,28,0,22614000084,17,0,57
22614000093,B03,26,140,서구케어재가노인주간보호센터,00,NORMAL SERVICE.,B03,51,0,22614000093,18,0,93
22653000194,B04,26,530,부산광역시노인건강센터 단기보호,00,NORMAL SERVICE.,B04,6,,22653000194,1,,9
22611000111,B05,26,110,신창통합재가복지센터,00,NORMAL SERVICE.,B05,,,22611000111,,,0
22614000098,B05,26,140,더드림재가복지센터,00,NORMAL SERVICE.,B05,,,22614000098,,,0
22623000395,B05,26,230,푸른누리재가복지센터,00,NORMAL SERVICE.,B05,31,,22623000395,17,,0
22623000405,B05,26,230,편안한실버케어재가센터,00,NORMAL SERVICE.,B05,59,,22623000405,30,,0
22623000417,B05,26,230,정샘간호재가센터,00,NORMAL SERVICE.,B05,3,,22623000417,2,,0
22623000482,B05,26,230,부산에스엠방문요양간호센터,00,NORMAL SERVICE.,B05,,,22623000482,,,0
22626000324,B05,26,260,간호돌봄재가복지센터,00,NORMAL SERVICE.,B05,15,1,22626000324,9,1,0
22611000108,B06,26,110,신기의료기 중구점,00,NORMAL SERVICE.,B06,,,22611000108,,,0
22611000112,B06,26,110,로뎀복지용구,00,NORMAL SERVICE.,B06,,,22611000112,,,0
22611000118,B06,26,110,건강의료기,00,NORMAL SERVICE.,B06,,,22611000118,,,100
22617000196,B06,26,170,건강한의료기,00,NORMAL SERVICE.,B06,,,22617000196,,,0
22617000209,B06,26,170,민영복지용구,00,NORMAL SERVICE.,B06,,,22617000209,,,0
22617000214,B06,26,170,희망복지노인재가센터,00,NORMAL SERVICE.,B06,,,22617000214,,,0
32611000008,C01,26,110,로뎀나무아래요양보호사파견센터,00,NORMAL SERVICE.,C01,,,32611000008,,,
32611000029,C01,26,110,효자효녀노인복지센터,00,NORMAL SERVICE.,C01,,,32611000029,,,
32611000030,C01,26,110,예손은노인복지요양센터,00,NORMAL SERVICE.,C01,,,32611000030,,,
32611000040,C01,26,110,행복나눔재가복지센터,00,NORMAL SERVICE.,C01,,,32611000040,,,
32611000042,C01,26,110,현대종합복지센터,00,NORMAL SERVICE.,C01,,,32611000042,,,
32611000059,C01,26,110,대현재가노인복지센터,00,NORMAL SERVICE.,C01,22,,32611000059,8,,0
32611000042,C02,26,110,현대종합복지센터,00,NORMAL SERVICE.,C02,,,32611000042,,,
32611000060,C02,26,110,한울타리재가노인복지센터,00,NORMAL SERVICE.,C02,,,32611000060,,,0
32611000083,C02,26,110,동행재가노인복지센터,00,NORMAL SERVICE.,C02,,,32611000083,,,0
32614000023,C02,26,140,로드웨이 노인복지센터,00,NORMAL SERVICE.,C02,,,32614000023,,,
32614000031,C02,26,140,세광재가노인복지센터,00,NORMAL SERVICE.,C02,,,32614000031,,,
32614000057,C02,26,140,자애노인종합복지센터,00,NORMAL SERVICE.,C02,,,32614000057,,,0
32611000060,C03,26,110,한울타리재가노인복지센터,00,NORMAL SERVICE.,C03,43,,32611000060,12,,67
32614000071,C03,26,140,효송주야간보호센터,00,NORMAL SERVICE.,C03,41,,32614000071,8,,60
32614000080,C03,26,140,소은노인주간보호센터,00,NORMAL SERVICE.,C03,15,,32614000080,3,,25
32617000100,C03,26,170,예사랑노인복지센터,00,NORMAL SERVICE.,C03,14,0,32617000100,6,0,45
32617000136,C03,26,170,대주 재가복지센터,00,NORMAL SERVICE.,C03,47,,32617000136,11,,70
32617000146,C03,26,170,동구케어 노인주간보호센터,00,NORMAL SERVICE.,C03,84,0,32617000146,31,0,121
32611000060,C05,26,110,한울타리재가노인복지센터,00,NORMAL SERVICE.,C05,,,32611000060,,,0
32617000059,C05,26,170,(주)간호박사종합재가센터,00,NORMAL SERVICE.,C05,,,32617000059,,,
32620000118,C05,26,200,부산사랑노인복지센터주식회사,00,NORMAL SERVICE.,C05,,,32620000118,,,0
32623000150,C05,26,230,사)부산진구노인요양센터부설 행복한재가,00,NORMAL SERVICE.,C05,,,32623000150,,,0
32623000303,C05,26,230,정드림재가복지센터,00,NORMAL SERVICE.,C05,49,,32623000303,17,,0
32626000218,C05,26,260,새원재가노인복지센터,00,NORMAL SERVICE.,C05,8,,32626000218,3,,0
32611000015,C06,26,110,현대의료복지용구센터,00,NORMAL SERVICE.,C06,,,32611000015,,,
32611000061,C06,26,110,유창,00,NORMAL SERVICE.,C06,,,32611000061,,,0
32611000097,C06,26,110,조은재가복지센터,00,NORMAL SERVICE.,C06,,,32611000097,,,0
32611000098,C06,26,110,효진재가노인복지센터,00,NORMAL SERVICE.,C06,,,32611000098,,,0
32614000036,C06,26,140,동진의료기,00,NORMAL SERVICE.,C06,,,32614000036,,,
32614000076,C06,26,140,(주)가온누리종합복지센터,00,NORMAL SERVICE.,C06,,,32614000076,,,0
12638000008,G31,26,380,평화노인요양원,00,NORMAL SERVICE.,G31,16,,12638000008,0,,16
12641000003,G31,26,410,애광노인치매전문요양원,00,NORMAL SERVICE.,G31,5,,12641000003,6,,12
12653000078,G31,26,530,부산광역시 노인건강센터,00,NORMAL SERVICE.,G31,10,1,12653000078,2,,12
12638000008,G32,26,380,평화노인요양원,00,NORMAL SERVICE.,G32,16,,12638000008,0,,16
12641000003,G32,26,410,애광노인치매전문요양원,00,NORMAL SERVICE.,G32,9,,12641000003,1,,12
12653000078,G32,26,530,부산광역시 노인건강센터,00,NORMAL SERVICE.,G32,8,1,12653000078,4,,12
12641000003,G33,26,410,애광노인치매전문요양원,00,NORMAL SERVICE.,G33,7,,12641000003,4,,12
12653000078,G33,26,530,부산광역시 노인건강센터,00,NORMAL SERVICE.,G33,9,1,12653000078,3,,12
12641000003,G34,26,410,애광노인치매전문요양원,00,NORMAL SERVICE.,G34,9,,12641000003,1,,12
22623000393,H31,26,230,다사랑치매전문주간보호센터,00,NORMAL SERVICE.,H31,10,0,22623000393,2,0,18
22641000013,H31,26,410,애광재가노인복지기관,00,NORMAL SERVICE.,H31,20,,22641000013,4,,25
22644000055,H31,26,440,공립명지치매전문주야간보호센터,00,NORMAL SERVICE.,H31,20,0,22644000055,4,0,25
22647000264,H31,26,470,부산연제재활 주야간보호센터,00,NORMAL SERVICE.,H31,0,,22647000264,0,,6
22650000151,H31,26,500,(주)케어링 주간보호센터 부산 수영점,00,NORMAL SERVICE.,H31,18,0,22650000151,8,0,25
22671000148,H31,26,710,"""(기장)효사랑데이케어센터2",00,NORMAL SERVICE.,H31,12,,22671000148,9,,25
22641000013,H32,26,410,애광재가노인복지기관,00,NORMAL SERVICE.,H32,16,,22641000013,2,,25
32647000158,I31,26,470,(주)부산데이케어 부산주간보호,00,NORMAL SERVICE.,I31,18,,32647000158,4,,25
32653000106,I31,26,530,함께노인주간보호센터,00,NORMAL SERVICE.,I31,4,0,32653000106,1,0,12
32647000158,I32,26,470,(주)부산데이케어 부산주간보호,00,NORMAL SERVICE.,I32,12,,32647000158,11,,25
12620000004,M31,26,200,파랑새노인건강센터,00,NORMAL SERVICE.,M31,0,,12620000004,0,,10
12620000004,M32,26,200,파랑새노인건강센터,00,NORMAL SERVICE.,M32,0,,12620000004,0,,10
12711000113,A03,27,110,닥터김노인요양센터,00,NORMAL SERVICE.,A03,77,3,12711000113,22,5,120
12711000132,A03,27,110,보람요양원,00,NORMAL SERVICE.,A03,25,0,12711000132,3,0,29
12711000154,A03,27,110,우리요양원,00,NORMAL SERVICE.,A03,21,,12711000154,6,0,28
12711000189,A03,27,110,청춘요양원,00,NORMAL SERVICE.,A03,21,,12711000189,7,,39
12714000001,A03,27,140,성덕실버타운,00,NORMAL SERVICE.,A03,70,0,12714000001,35,3,126
12714000003,A03,27,140,붓다의집,00,NORMAL SERVICE.,A03,76,6,12714000003,25,7,150
12714000008,A03,27,140,마이홈노인전문요양원,00,NORMAL SERVICE.,A03,75,5,12714000008,14,4,101
12711000079,A04,27,110,남산요양원,00,NORMAL SERVICE.,A04,8,0,12711000079,0,0,9
12711000091,A04,27,110,문성요양복지센터,00,NORMAL SERVICE.,A04,8,1,12711000091,1,0,9
12714000265,A04,27,140,팔공어르신요양원 동촌센터,00,NORMAL SERVICE.,A04,7,0,12714000265,1,0,9
12714000385,A04,27,140,효사랑요양원1,00,NORMAL SERVICE.,A04,9,0,12714000385,0,0,9
12714000386,A04,27,140,효사랑요양원2,00,NORMAL SERVICE.,A04,9,0,12714000386,0,0,9
12714000465,A04,27,140,율하요양원,00,NORMAL SERVICE.,A04,1,,12714000465,3,,7
22711000002,B01,27,110,삼덕노인복지센터,00,NORMAL SERVICE.,B01,,,22711000002,,,
22711000005,B01,27,110,어르신마을 노인복지센터,00,NORMAL SERVICE.,B01,31,0,22711000005,5,0,0
22711000044,B01,27,110,성심노인복지센터,00,NORMAL SERVICE.,B01,15,1,22711000044,3,1,20
22711000167,B01,27,110,비지팅엔젤스 대구중구방문요양지점,00,NORMAL SERVICE.,B01,20,,22711000167,14,1,0
22711000168,B01,27,110,우리재가복지센터,00,NORMAL SERVICE.,B01,33,,22711000168,4,,0
22711000170,B01,27,110,9988어르신돌봄센터,00,NORMAL SERVICE.,B01,20,0,22711000170,12,,0
22711000002,B02,27,110,삼덕노인복지센터,00,NORMAL SERVICE.,B02,,,22711000002,,,
22711000044,B02,27,110,성심노인복지센터,00,NORMAL SERVICE.,B02,0,7,22711000044,0,3,10
22711000167,B02,27,110,비지팅엔젤스 대구중구방문요양지점,00,NORMAL SERVICE.,B02,2,,22711000167,0,,0
22711000168,B02,27,110,우리재가복지센터,00,NORMAL SERVICE.,B02,0,,22711000168,0,,0
22711000170,B02,27,110,9988어르신돌봄센터,00,NORMAL SERVICE.,B02,0,,22711000170,0,,0
22711000172,B02,27,110,K베스트재가복지센터,00,NORMAL SERVICE.,B02,,,22711000172,,,0
22711000002,B03,27,110,삼덕노인복지센터,00,NORMAL SERVICE.,B03,20,0,22711000002,3,0,30
22711000005,B03,27,110,어르신마을 노인복지센터,00,NORMAL SERVICE.,B03,20,0,22711000005,15,0,44
22711000159,B03,27,110,청춘재활주간보호센터,00,NORMAL SERVICE.,B03,46,0,22711000159,12,0,58
22711000190,B03,27,110,청춘주간보호센터,00,NORMAL SERVICE.,B03,63,,22711000190,25,,141
22714000012,B03,27,140,진명해안노인복지센터,00,NORMAL SERVICE.,B03,17,0,22714000012,6,0,36
22714000014,B03,27,140,진명재가노인복지센터,00,NORMAL SERVICE.,B03,15,0,22714000014,14,0,38
22729000563,B04,27,290,더편한주간보호센터,00,NORMAL SERVICE.,B04,0,0,22729000563,0,0,2
22729000617,B04,27,290,대구 신세계재가노인복지센터,00,NORMAL SERVICE.,B04,1,,22729000617,0,,9
24772000033,B04,27,720,군위군재가노인지원센터,00,NORMAL SERVICE.,B04,0,,24772000033,0,,10
22714000605,B05,27,140,손주간호사 재가노인복지센터,00,NORMAL SERVICE.,B05,11,,22714000605,4,,0
22714000620,B05,27,140,대구다은재가방문요양간호센터,00,NORMAL SERVICE.,B05,9,,22714000620,6,,0
22717000349,B05,27,170,대구미림재가방문요양간호센터,00,NORMAL SERVICE.,B05,8,1,22717000349,5,,0
22717000474,B05,27,170,이로운재가복지센터,00,NORMAL SERVICE.,B05,0,0,22717000474,0,0,0
22720000304,B05,27,200,가가호호재가복지센터,00,NORMAL SERVICE.,B05,14,,22720000304,2,,0
22720000311,B05,27,200,'(A)비지팅엔젤스 대구남구방문요양지점,00,NORMAL SERVICE.,B05,5,,22720000311,7,,0
22714000604,B06,27,140,신광메디칼,00,NORMAL SERVICE.,B06,,,22714000604,,,0
22714000626,B06,27,140,가호메디칼,00,NORMAL SERVICE.,B06,,,22714000626,,,0
22714000631,B06,27,140,대경메디칼,00,NORMAL SERVICE.,B06,,,22714000631,,,0
22714000647,B06,27,140,삼성의료복지용구,00,NORMAL SERVICE.,B06,0,0,22714000647,0,0,0
22714000652,B06,27,140,해와달365복지센터,00,NORMAL SERVICE.,B06,,,22714000652,1,,0
22714000654,B06,27,140,안테나메디컬,00,NORMAL SERVICE.,B06,,,22714000654,,,0
32711000016,C01,27,110,"나눔 충,효,예 복지라이프 요양보호사 파견센타",00,NORMAL SERVICE.,C01,,,32711000016,,,
32711000019,C01,27,110,경북베델 재가장기요양기관,00,NORMAL SERVICE.,C01,,,32711000019,,,
32711000046,C01,27,110,동산홈케어,00,NORMAL SERVICE.,C01,,,32711000046,,,
32711000078,C01,27,110,우리장기요양센터,00,NORMAL SERVICE.,C01,11,0,32711000078,8,0,0
32711000087,C01,27,110,감나무 장기요양센터,00,NORMAL SERVICE.,C01,37,,32711000087,16,,0
32711000097,C01,27,110,(주)진명해피케어 중구지점,00,NORMAL SERVICE.,C01,40,,32711000097,7,,0
32711000016,C02,27,110,"나눔 충,효,예 복지라이프 요양보호사 파견센타",00,NORMAL SERVICE.,C02,,,32711000016,,,
32711000046,C02,27,110,동산홈케어,00,NORMAL SERVICE.,C02,,,32711000046,,,
32711000078,C02,27,110,우리장기요양센터,00,NORMAL SERVICE.,C02,0,0,32711000078,0,0,0
32711000087,C02,27,110,감나무 장기요양센터,00,NORMAL SERVICE.,C02,0,0,32711000087,0,0,0
32711000105,C02,27,110,동인재가복지센터,00,NORMAL SERVICE.,C02,,,32711000105,1,,0
32711000112,C02,27,110,닥터김노인요양센터,00,NORMAL SERVICE.,C02,0,0,32711000112,0,0,0
32711000078,C03,27,110,우리장기요양센터,00,NORMAL SERVICE.,C03,11,0,32711000078,1,0,24
32711000112,C03,27,110,닥터김노인요양센터,00,NORMAL SERVICE.,C03,39,,32711000112,6,0,46
32711000130,C03,27,110,문성주간보호센터,00,NORMAL SERVICE.,C03,11,,32711000130,3,,23
32711000133,C03,27,110,보람노인복지센터,00,NORMAL SERVICE.,C03,11,,32711000133,3,,23
32711000142,C03,27,110,화목한재활주야간보호센터,00,NORMAL SERVICE.,C03,47,,32711000142,18,0,65
32711000148,C03,27,110,현대복지센터,00,NORMAL SERVICE.,C03,20,,32711000148,2,,48
32723000554,C04,27,230,한마음주간보호센터,00,NORMAL SERVICE.,C04,0,,32723000554,0,,2
32726000058,C04,27,260,엘레오스노인요양센터,00,NORMAL SERVICE.,C04,7,,32726000058,1,0,13
32729000217,C04,27,290,감동노인복지센터,00,NORMAL SERVICE.,C04,0,0,32729000217,1,0,3
32714000263,C05,27,140,율하실버케어,00,NORMAL SERVICE.,C05,0,,32714000263,0,0,0
32714000311,C05,27,140,정다운실버센터,00,NORMAL SERVICE.,C05,,,32714000311,,,0
32714000390,C05,27,140,행운이365노인복지센터,00,NORMAL SERVICE.,C05,2,,32714000390,3,,0
32723000391,C05,27,230,호산재가방문간호센터,00,NORMAL SERVICE.,C05,6,,32723000391,5,,0
32723000419,C05,27,230,엘림노인복지센터,00,NORMAL SERVICE.,C05,,,32723000419,,,
32723000475,C05,27,230,예다함재가요양센터,00,NORMAL SERVICE.,C05,,,32723000475,,,0
32711000024,C06,27,110,신진의료기,00,NORMAL SERVICE.,C06,,,32711000024,,,0
32711000028,C06,27,110,이원건강의료기,00,NORMAL SERVICE.,C06,,,32711000028,,,0
32711000051,C06,27,110,영남메디칼,00,NORMAL SERVICE.,C06,,,32711000051,,,
32711000094,C06,27,110,해피데이 헬스케어,00,NORMAL SERVICE.,C06,,,32711000094,,,0
32711000095,C06,27,110,장수메디칼,00,NORMAL SERVICE.,C06,,,32711000095,,,0
32711000119,C06,27,110,대구보조기상사,00,NORMAL SERVICE.,C06,,,32711000119,,,0
12723000107,G31,27,230,효성실버타운,00,NORMAL SERVICE.,G31,10,0,12723000107,2,,12
12729000252,G31,27,290,상록수 실버타운,00,NORMAL SERVICE.,G31,10,0,12729000252,2,0,12
12729000621,G31,27,290,대곡가톨릭요양원,00,NORMAL SERVICE.,G31,11,0,12729000621,5,0,16
12771000086,G31,27,710,대구보훈요양원,00,NORMAL SERVICE.,G31,8,0,12771000086,4,0,12
12771000214,G31,27,710,죽곡골든라이프케어,00,NORMAL SERVICE.,G31,12,0,12771000214,3,0,16
12723000107,G32,27,230,효성실버타운,00,NORMAL SERVICE.,G32,10,0,12723000107,0,,10
12729000252,G32,27,290,상록수 실버타운,00,NORMAL SERVICE.,G32,11,0,12729000252,0,0,12
12771000086,G32,27,710,대구보훈요양원,00,NORMAL SERVICE.,G32,4,0,12771000086,8,0,12
12723000107,G33,27,230,효성실버타운,00,NORMAL SERVICE.,G33,13,0,12723000107,1,0,16
12729000252,G33,27,290,상록수 실버타운,00,NORMAL SERVICE.,G33,10,0,12729000252,2,0,12
22714000367,H31,27,140,동구노인장기요양센터,00,NORMAL SERVICE.,H31,12,,22714000367,11,0,24
22714000615,H31,27,140,동구공립재가노인복지센터,00,NORMAL SERVICE.,H31,3,0,22714000615,3,,20
22714000720,H31,27,140,대구재활주간보호센터,00,NORMAL SERVICE.,H31,14,0,22714000720,3,0,24
22714000722,H31,27,140,수성재활주간보호센터,00,NORMAL SERVICE.,H31,17,1,22714000722,,,24
22717000415,H31,27,170,(주)케어링 주간보호센터 대구 서구점,00,NORMAL SERVICE.,H31,0,0,22717000415,0,0,25
22720000148,H31,27,200,효원주간보호센터A,00,NORMAL SERVICE.,H31,12,0,22720000148,5,0,22
32714000310,I31,27,140,선정노인복지센터,00,NORMAL SERVICE.,I31,12,,32714000310,0,,13
32729000350,I31,27,290,늘푸른노인복지센터,00,NORMAL SERVICE.,I31,10,,32729000350,4,,12
32729000399,I31,27,290,온사랑데이케어센터,00,NORMAL SERVICE.,I31,6,,32729000399,2,,9
12726000275,S41,27,260,드림실버요양복지센터 2관,00,NORMAL SERVICE.,S41,5,,12726000275,2,0,9
12771000221,S41,27,710,가족사랑요양원+,00,NORMAL SERVICE.,S41,9,,12771000221,0,,9
12811000009,A03,28,125,다정노인요양원,00,NORMAL SERVICE.,A03,29,,12811000009,3,0,43
12811000029,A03,28,125,예지요양원,00,NORMAL SERVICE.,A03,22,0,12811000029,5,,29
12811000060,A03,28,125,가족같은효성요양원,00,NORMAL SERVICE.,A03,26,1,12811000060,9,0,42
12811000076,A03,28,125,예봄요양원,00,NORMAL SERVICE.,A03,23,,12811000076,17,,48
12811000082,A03,28,125,수 요양원,00,NORMAL SERVICE.,A03,59,,12811000082,13,,100
12811000083,A03,28,155,한우리요양원,00,NORMAL SERVICE.,A03,20,4,12811000083,2,2,26
12811000052,A04,28,125,섭리노인요양공동생활가정,00,NORMAL SERVICE.,A04,9,25,12811000052,0,0,9
12811000081,A04,28,125,늘단비요양원,00,NORMAL SERVICE.,A04,6,0,12811000081,3,0,9
12814000081,A04,28,125,미래간호요양원,00,NORMAL SERVICE.,A04,9,,12814000081,0,0,9
12814000082,A04,28,125,미래간호요양원 2호점,00,NORMAL SERVICE.,A04,7,0,12814000082,1,,9
12817000229,A04,28,177,노인요양원 행복의집,00,NORMAL SERVICE.,A04,8,0,12817000229,0,0,9
12817000267,A04,28,177,행복드림요양원,00,NORMAL SERVICE.,A04,9,0,12817000267,0,0,9
22811000144,B01,28,125,조이노인복지센터,00,NORMAL SERVICE.,B01,15,,22811000144,18,,0
22811000145,B01,28,125,편안한노인복지센터,00,NORMAL SERVICE.,B01,39,,22811000145,22,,0
22811000160,B01,28,125,행복한노인요양센터,00,NORMAL SERVICE.,B01,11,,22811000160,6,,0
22811000168,B01,28,125,효당노인복지센터,00,NORMAL SERVICE.,B01,,,22811000168,,,0
22811000169,B01,28,125,동행재가노인복지센터,00,NORMAL SERVICE.,B01,28,,22811000169,16,,0
22811000172,B01,28,125,365효재가복지센터2호점,00,NORMAL SERVICE.,B01,28,,22811000172,17,,0
22811000144,B02,28,125,조이노인복지센터,00,NORMAL SERVICE.,B02,15,,22811000144,12,,0
22811000145,B02,28,125,편안한노인복지센터,00,NORMAL SERVICE.,B02,1,,22811000145,0,,0
22811000160,B02,28,125,행복한노인요양센터,00,NORMAL SERVICE.,B02,11,,22811000160,6,,0
22811000168,B02,28,125,효당노인복지센터,00,NORMAL SERVICE.,B02,,,22811000168,,,0
22811000169,B02,28,125,동행재가노인복지센터,00,NORMAL SERVICE.,B02,0,,22811000169,0,,0
22811000172,B02,28,125,365효재가복지센터2호점,00,NORMAL SERVICE.,B02,19,,22811000172,7,,0
22811000136,B03,28,125,인천중구구립치매전담형주간보호센터(건강마실터),00,NORMAL SERVICE.,B03,0,0,22811000136,0,0,0
22811000147,B03,28,125,수노인복지센터,00,NORMAL SERVICE.,B03,14,1,22811000147,4,1,38
22811000150,B03,28,155,희망나무노인주야간보호센터,00,NORMAL SERVICE.,B03,0,0,22811000150,0,0,41
22811000153,B03,28,125,중부노인주야간보호센터,00,NORMAL SERVICE.,B03,5,,22811000153,4,,26
22811000166,B03,28,155,큰사랑주간보호센터,00,NORMAL SERVICE.,B03,42,,22811000166,28,,92
22811000178,B03,28,155,영종스마일주간보호센터(방문요양),00,NORMAL SERVICE.,B03,33,0,22811000178,10,0,52
22820000930,B04,28,200,만수글라라의집단기보호,00,NORMAL SERVICE.,B04,2,4,22820000930,1,4,9
22820001032,B04,28,200,서창단기보호,00,NORMAL SERVICE.,B04,3,0,22820001032,1,0,4
22824500511,B04,28,245,계양다사랑단기보호센터,00,NORMAL SERVICE.,B04,,,22824500511,,,6
22824500594,B04,28,245,계양다사랑단기보호센터,00,NORMAL SERVICE.,B04,0,,22824500594,,,4
22826000817,B04,28,290,그레이스힐단기보호센터,00,NORMAL SERVICE.,B04,2,0,22826000817,0,0,8
22811000231,B05,28,125,마음다은 방문간호센터,00,NORMAL SERVICE.,B05,,,22811000231,,,0
22817700493,B05,28,177,인천통합복지 사회적협동조합,00,NORMAL SERVICE.,B05,,,22817700493,,,0
22817700505,B05,28,177,예사랑재가노인복지센터,00,NORMAL SERVICE.,B05,8,,22817700505,2,,0
22817700510,B05,28,177,부모사랑요양센터,00,NORMAL SERVICE.,B05,15,,22817700510,4,,0
22817700560,B05,28,177,조은재가복지센터,00,NORMAL SERVICE.,B05,24,,22817700560,13,,0
22817700610,B05,28,177,이음실버케어센터,00,NORMAL SERVICE.,B05,5,0,22817700610,9,0,0
22811000160,B06,28,125,행복한노인요양센터,00,NORMAL SERVICE.,B06,,,22811000160,,,0
22811000173,B06,28,155,장수메디케어,00,NORMAL SERVICE.,B06,,,22811000173,,,0
22811000208,B06,28,125,편안한복지용구,00,NORMAL SERVICE.,B06,40,0,22811000208,20,0,0
22817700561,B06,28,177,신기의료기(인천점),00,NORMAL SERVICE.,B06,370,,22817700561,230,,0
22817700570,B06,28,177,희망재가센터,00,NORMAL SERVICE.,B06,6,,22817700570,5,,0
22817700613,B06,28,177,보훈복지용구,00,NORMAL SERVICE.,B06,,,22817700613,,,0
32811000001,C01,28,155,중앙재가장기요양기관,00,NORMAL SERVICE.,C01,,,32811000001,,,0
32811000006,C01,28,125,다온재활복지요양센터,00,NORMAL SERVICE.,C01,,,32811000006,,,0
32811000010,C01,28,125,동인천방문요양센터,00,NORMAL SERVICE.,C01,,,32811000010,,,
32811000011,C01,28,125,해피실버케어,00,NORMAL SERVICE.,C01,,,32811000011,,,0
32811000025,C01,28,125,하늘사랑 노인복지센터,00,NORMAL SERVICE.,C01,,,32811000025,,,0
32811000041,C01,28,125,굿모닝재가노인복지센터,00,NORMAL SERVICE.,C01,,,32811000041,,,0
32811000001,C02,28,155,중앙재가장기요양기관,00,NORMAL SERVICE.,C02,,,32811000001,,,0
32811000010,C02,28,125,동인천방문요양센터,00,NORMAL SERVICE.,C02,,,32811000010,,,
32811000011,C02,28,125,해피실버케어,00,NORMAL SERVICE.,C02,,,32811000011,,,0
32811000041,C02,28,125,굿모닝재가노인복지센터,00,NORMAL SERVICE.,C02,,,32811000041,,,0
32811000050,C02,28,155,큰사랑 재가장기요양센터,00,NORMAL SERVICE.,C02,33,,32811000050,14,,0
32811000065,C02,28,125,송월동노인복지센터,00,NORMAL SERVICE.,C02,0,,32811000065,0,,15
32811000104,C03,28,125,제물포구 주간보호센터,00,NORMAL SERVICE.,C03,33,,32811000104,10,0,65
32811000133,C03,28,125,중부주야간보호센터,00,NORMAL SERVICE.,C03,44,0,32811000133,9,0,65
32811000137,C03,28,155,영종장수노인주야간보호센터,00,NORMAL SERVICE.,C03,8,,32811000137,2,,48
32814000085,C03,28,125,(주)솔숲노인복지센터,00,NORMAL SERVICE.,C03,24,,32814000085,8,1,33
32814000097,C03,28,125,주식회사동구종합재가센터,00,NORMAL SERVICE.,C03,34,3,32814000097,15,1,50
32817000276,C03,28,177,인천남부노인복지센터,00,NORMAL SERVICE.,C03,37,1,32817000276,23,0,72
32823700285,C04,28,237,늘사랑전문요양원 부설 단기보호,00,NORMAL SERVICE.,C04,2,0,32823700285,1,0,6
32811000011,C05,28,125,해피실버케어,00,NORMAL SERVICE.,C05,,,32811000011,,,0
32811000142,C05,28,125,효노인복지센터,00,NORMAL SERVICE.,C05,,,32811000142,,,0
32814000085,C05,28,125,(주)솔숲노인복지센터,00,NORMAL SERVICE.,C05,9,,32814000085,2,,0
32814000094,C05,28,125,실로암통합재가센터,00,NORMAL SERVICE.,C05,28,1,32814000094,19,0,0
32817000205,C05,28,177,행복나눔방문요양센터,00,NORMAL SERVICE.,C05,19,,32817000205,14,,0
32814000008,C06,28,125,인천재가노인복지센터,00,NORMAL SERVICE.,C06,,,32814000008,,,
32814000086,C06,28,125,주식회사 솔숲,00,NORMAL SERVICE.,C06,21,,32814000086,8,,0
32817000045,C06,28,177,웰러스코리아,00,NORMAL SERVICE.,C06,,,32817000045,,,
32817000112,C06,28,177,하이케어,00,NORMAL SERVICE.,C06,,,32817000112,,,
32817000204,C06,28,177,100세시대,00,NORMAL SERVICE.,C06,0,0,32817000204,0,0,0
12820000018,G31,28,200,만수요양원,00,NORMAL SERVICE.,G31,16,,12820000018,0,0,16
12820000411,G31,28,200,글라라의집,00,NORMAL SERVICE.,G31,12,,12820000411,2,,16
12820000925,G31,28,200,인천광역시립요양원,00,NORMAL SERVICE.,G31,10,0,12820000925,0,0,12
12823700532,G31,28,237,사랑의요양원3호점,00,NORMAL SERVICE.,G31,15,1,12823700532,1,0,16
12823700684,G31,28,237,사랑의 요양원,00,NORMAL SERVICE.,G31,11,0,12823700684,5,0,16
12820000018,G32,28,200,만수요양원,00,NORMAL SERVICE.,G32,12,0,12820000018,4,0,16
12820000925,G32,28,200,인천광역시립요양원,00,NORMAL SERVICE.,G32,12,0,12820000925,0,0,12
12823700532,G32,28,237,사랑의요양원3호점,00,NORMAL SERVICE.,G32,16,1,12823700532,0,0,16
12826000565,G32,28,275,두드림요양원,00,NORMAL SERVICE.,G32,11,,12826000565,2,,15
12826000668,G32,28,275,시온휴요양원,00,NORMAL SERVICE.,G32,13,,12826000668,3,,16
12826000668,G33,28,275,시온휴요양원,00,NORMAL SERVICE.,G33,13,,12826000668,2,,15
12826000668,G34,28,275,시온휴요양원,00,NORMAL SERVICE.,G34,6,,12826000668,0,,7
22811000136,H31,28,125,인천중구구립치매전담형주간보호센터(건강마실터),00,NORMAL SERVICE.,H31,12,1,22811000136,7,1,24
22814000104,H31,28,125,동구구립치매전담형주간보호센터,00,NORMAL SERVICE.,H31,19,0,22814000104,5,0,24
22817700573,H31,28,177,미추홀구 구립 치매전담형 주간보호센터 미추홀돌봄의집,00,NORMAL SERVICE.,H31,14,,22817700573,2,,16
22817700654,H31,28,177,건강재활주간보호센터,00,NORMAL SERVICE.,H31,12,0,22817700654,3,0,17
22818500214,H31,28,185,연수구립 치매전담형 주간보호센터-은빛사랑방,00,NORMAL SERVICE.,H31,15,0,22818500214,4,,20
22817700573,H32,28,177,미추홀구 구립 치매전담형 주간보호센터 미추홀돌봄의집,00,NORMAL SERVICE.,H32,12,,22817700573,3,,16
22823700653,H32,28,237,부평구 구립 치매전담형 주간보호센터 행복의집,00,NORMAL SERVICE.,H32,15,0,22823700653,0,0,20
22826000366,H32,28,290,기억너머주야간보호센터,00,NORMAL SERVICE.,H32,9,,22826000366,10,,18
22826000510,H32,28,275,인천참사랑병원 부설 햇살데이케어센터,00,NORMAL SERVICE.,H32,11,,22826000510,3,,15
22817700573,H33,28,177,미추홀구 구립 치매전담형 주간보호센터 미추홀돌봄의집,00,NORMAL SERVICE.,H33,12,,22817700573,4,,16
32818500140,I31,28,185,엄마손실버케어 치매전담센터,00,NORMAL SERVICE.,I31,3,0,32818500140,3,0,22
12820000581,S41,28,200,천사의집2호,00,NORMAL SERVICE.,S41,4,0,12820000581,1,0,8
13011000004,A03,30,110,금성노인요양원,00,NORMAL SERVICE.,A03,68,3,13011000004,29,2,110
13011000009,A03,30,110,임마누엘실버홈,00,NORMAL SERVICE.,A03,59,0,13011000009,13,0,89
13011000015,A03,30,110,대전노인요양원,00,NORMAL SERVICE.,A03,35,0,13011000015,19,0,108
13011000048,A03,30,110,온누리노인요양원,00,NORMAL SERVICE.,A03,47,0,13011000048,15,0,72
13011000150,A03,30,110,산내노인종합센터,00,NORMAL SERVICE.,A03,15,0,13011000150,0,0,20
13011000184,A03,30,110,해드림실버요양원,00,NORMAL SERVICE.,A03,21,0,13011000184,3,0,23
13011000195,A03,30,110,플래티늄,00,NORMAL SERVICE.,A03,90,2,13011000195,8,1,100
13011000120,A04,30,110,예스시니어,00,NORMAL SERVICE.,A04,8,0,13011000120,0,0,9
13011000145,A04,30,110,새빛사랑의집,00,NORMAL SERVICE.,A04,6,0,13011000145,3,0,9
13011000283,A04,30,110,예명요양원,00,NORMAL SERVICE.,A04,8,0,13011000283,1,0,9
13011000284,A04,30,110,하나요양원,00,NORMAL SERVICE.,A04,5,,13011000284,4,,9
13011000294,A04,30,110,한울노인요양원,00,NORMAL SERVICE.,A04,7,0,13011000294,1,0,9
13011000306,A04,30,110,대전실버빌,00,NORMAL SERVICE.,A04,3,,13011000306,4,,8
13011000346,A04,30,110,가은실버홈,00,NORMAL SERVICE.,A04,9,,13011000346,,,9
23011000007,B01,30,110,금성노인복지센터,00,NORMAL SERVICE.,B01,26,,23011000007,8,,0
23011000008,B01,30,110,선우노인복지센터,00,NORMAL SERVICE.,B01,,,23011000008,,,
23011000151,B01,30,110,산내노인종합센터,00,NORMAL SERVICE.,B01,13,0,23011000151,3,0,0
23011000185,B01,30,110,해드림노인복지센터,00,NORMAL SERVICE.,B01,,0,23011000185,,0,0
23011000233,B01,30,110,예명 주야간보호센터,00,NORMAL SERVICE.,B01,,,23011000233,,,
23011000295,B01,30,110,한울재가노인복지센터,00,NORMAL SERVICE.,B01,28,0,23011000295,14,0,0
23011000335,B01,30,110,새봄실버주간보호센터,00,NORMAL SERVICE.,B01,0,,23011000335,0,,0
23011000007,B02,30,110,금성노인복지센터,00,NORMAL SERVICE.,B02,,,23011000007,,,
23011000151,B02,30,110,산내노인종합센터,00,NORMAL SERVICE.,B02,,,23011000151,,,0
23011000185,B02,30,110,해드림노인복지센터,00,NORMAL SERVICE.,B02,,0,23011000185,,0,0
23011000233,B02,30,110,예명 주야간보호센터,00,NORMAL SERVICE.,B02,,,23011000233,,,
23011000353,B02,30,110,원동주야간보호센터,00,NORMAL SERVICE.,B02,,,23011000353,,,0
23011000354,B02,30,110,수재가노인복지센터,00,NORMAL SERVICE.,B02,,,23011000354,,,9
23011000359,B02,30,110,행복나눔재가복지센터,00,NORMAL SERVICE.,B02,,,23011000359,,,3
23011000007,B03,30,110,금성노인복지센터,00,NORMAL SERVICE.,B03,11,0,23011000007,4,0,35
23011000008,B03,30,110,선우노인복지센터,00,NORMAL SERVICE.,B03,35,0,23011000008,16,,49
23011000151,B03,30,110,산내노인종합센터,00,NORMAL SERVICE.,B03,3,0,23011000151,0,0,9
23011000185,B03,30,110,해드림노인복지센터,00,NORMAL SERVICE.,B03,11,0,23011000185,6,0,17
23011000233,B03,30,110,예명 주야간보호센터,00,NORMAL SERVICE.,B03,6,,23011000233,4,,35
23011000335,B03,30,110,새봄실버주간보호센터,00,NORMAL SERVICE.,B03,19,,23011000335,3,,28
23011000351,B03,30,110,동부실버케어센터,00,NORMAL SERVICE.,B03,21,0,23011000351,5,0,36
23011000425,B05,30,110,하진재가복지센터,00,NORMAL SERVICE.,B05,13,0,23011000425,8,0,0
23011000450,B05,30,110,사랑가득한재가복지센터,00,NORMAL SERVICE.,B05,,,23011000450,,,0
23011000463,B05,30,110,엄마손통합재가센터,00,NORMAL SERVICE.,B05,,,23011000463,,,0
23014000642,B05,30,140,보라재가복지센터,00,NORMAL SERVICE.,B05,,,23014000642,,,0
23017000329,B05,30,170,유앤아이주간보호센터,00,NORMAL SERVICE.,B05,,,23017000329,,,
23017000500,B05,30,170,더편한실버센터,00,NORMAL SERVICE.,B05,24,,23017000500,22,,0
23017000507,B05,30,170,대전간호요양센터,00,NORMAL SERVICE.,B05,12,0,23017000507,4,0,0
23011000374,B06,30,110,섬김복지용구지원센터,00,NORMAL SERVICE.,B06,,,23011000374,,,0
23011000391,B06,30,110,대전연합복지용구,00,NORMAL SERVICE.,B06,,,23011000391,,,0
23011000412,B06,30,110,늘사랑복지용구,00,NORMAL SERVICE.,B06,,,23011000412,,,0
23011000428,B06,30,110,예스복지용구,00,NORMAL SERVICE.,B06,,,23011000428,,,0
23011000454,B06,30,110,효자복지용구,00,NORMAL SERVICE.,B06,,,23011000454,,,0
23011000460,B06,30,110,(주)사랑과존경복지용구,00,NORMAL SERVICE.,B06,,,23011000460,,,0
23014000527,B06,30,140,하나엠케어복지용구사업소,00,NORMAL SERVICE.,B06,,,23014000527,,,0
33011000037,C01,30,110,노을빛재가복지센터,00,NORMAL SERVICE.,C01,,,33011000037,,,
33011000044,C01,30,110,마리아노인복지센터,00,NORMAL SERVICE.,C01,,,33011000044,,,
33011000056,C01,30,110,아가페재가노인복지센터,00,NORMAL SERVICE.,C01,,,33011000056,,,
33011000063,C01,30,110,대전보람노인복지센터,00,NORMAL SERVICE.,C01,,,33011000063,,,
33011000064,C01,30,110,한솔노인복지센터,00,NORMAL SERVICE.,C01,,,33011000064,,,
33011000070,C01,30,110,백합노인복지센터,00,NORMAL SERVICE.,C01,,,33011000070,,,
33011000080,C01,30,110,새빛재가요양보호센터,00,NORMAL SERVICE.,C01,,,33011000080,,,
33011000023,C02,30,110,우리노인복지센터,00,NORMAL SERVICE.,C02,,,33011000023,,,
33011000037,C02,30,110,노을빛재가복지센터,00,NORMAL SERVICE.,C02,,,33011000037,,,
33011000056,C02,30,110,아가페재가노인복지센터,00,NORMAL SERVICE.,C02,,,33011000056,,,
33011000063,C02,30,110,대전보람노인복지센터,00,NORMAL SERVICE.,C02,,,33011000063,,,
33011000064,C02,30,110,한솔노인복지센터,00,NORMAL SERVICE.,C02,,,33011000064,,,
33011000070,C02,30,110,백합노인복지센터,00,NORMAL SERVICE.,C02,,,33011000070,,,
33011000080,C02,30,110,새빛재가요양보호센터,00,NORMAL SERVICE.,C02,,,33011000080,,,
33011000251,C03,30,110,행복한실버케어센터,00,NORMAL SERVICE.,C03,22,0,33011000251,12,0,35
33011000258,C03,30,110,동행노인주야간보호센터,00,NORMAL SERVICE.,C03,20,0,33011000258,5,0,27
33011000285,C03,30,110,하나주야간보호,00,NORMAL SERVICE.,C03,9,,33011000285,6,,24
33011000304,C03,30,110,삼성주간보호센터,00,NORMAL SERVICE.,C03,24,,33011000304,8,0,33
33014000124,C03,30,140,대전효감주간보호센터,00,NORMAL SERVICE.,C03,18,,33014000124,8,,30
33014000291,C03,30,140,태평주간보호센터,00,NORMAL SERVICE.,C03,26,0,33014000291,18,0,82
33014000324,C03,30,140,신한국복지센터,00,NORMAL SERVICE.,C03,34,0,33014000324,12,,47
33011000248,C05,30,110,대전연합 실버케어,00,NORMAL SERVICE.,C05,9,,33011000248,4,,0
33011000273,C05,30,110,스마일방문간호요양센터,00,NORMAL SERVICE.,C05,15,,33011000273,8,,0
33011000280,C05,30,110,대전방문간호센터,00,NORMAL SERVICE.,C05,50,0,33011000280,50,0,0
33011000325,C05,30,110,굿널스방문간호요양센터,00,NORMAL SERVICE.,C05,18,,33011000325,11,,0
33014000124,C05,30,140,대전효감주간보호센터,00,NORMAL SERVICE.,C05,16,,33014000124,6,,0
33014000424,C05,30,140,보문노인복지센터,00,NORMAL SERVICE.,C05,,,33014000424,,,0
33014000435,C05,30,140,대전효재가노인복지센터,00,NORMAL SERVICE.,C05,5,,33014000435,2,,0
33011000095,C06,30,110,행복메디칼,00,NORMAL SERVICE.,C06,,,33011000095,,,
33011000109,C06,30,110,(주)국민복지환경,00,NORMAL SERVICE.,C06,,,33011000109,,,
33011000192,C06,30,110,350복지용구,00,NORMAL SERVICE.,C06,,,33011000192,,,0
33011000227,C06,30,110,더드림노인요양복지센터,00,NORMAL SERVICE.,C06,,,33011000227,,,
33011000242,C06,30,110,아가페복지,00,NORMAL SERVICE.,C06,,,33011000242,,,0
33011000328,C06,30,110,현암복지센터,00,NORMAL SERVICE.,C06,67,10,33011000328,22,5,0
33011000337,C06,30,110,행복나무복지센터,00,NORMAL SERVICE.,C06,,,33011000337,,,0
13011000009,G31,30,110,임마누엘실버홈,00,NORMAL SERVICE.,G31,0,0,13011000009,0,0,12
13011000376,G31,30,110,대전요양원,00,NORMAL SERVICE.,G31,7,,13011000376,3,,12
13014000241,G31,30,140,축복마을,00,NORMAL SERVICE.,G31,0,1,13014000241,0,0,13
13017000253,G31,30,170,실버누리요양원,00,NORMAL SERVICE.,G31,0,0,13017000253,0,0,11
13011000009,G32,30,110,임마누엘실버홈,00,NORMAL SERVICE.,G32,0,0,13011000009,0,0,12
13011000376,G32,30,110,대전요양원,00,NORMAL SERVICE.,G32,4,,13011000376,6,,12
13011000009,G33,30,110,임마누엘실버홈,00,NORMAL SERVICE.,G33,0,0,13011000009,0,0,16
13011000376,G33,30,110,대전요양원,00,NORMAL SERVICE.,G33,0,,13011000376,0,,8
13011000009,G34,30,110,임마누엘실버홈,00,NORMAL SERVICE.,G34,0,0,13011000009,0,0,16
13011000376,G34,30,110,대전요양원,00,NORMAL SERVICE.,G34,,,13011000376,,,9
23017000292,H31,30,170,대전요양원 주간보호센터,00,NORMAL SERVICE.,H31,11,,23017000292,12,,25
23017000584,H31,30,170,대전서구주간보호센터,00,NORMAL SERVICE.,H31,15,,23017000584,7,,25
23020000144,H31,30,200,나이팅게일주간보호센터,00,NORMAL SERVICE.,H31,12,0,23020000144,9,0,25
23023000153,H31,30,230,예사랑재가노인복지센터,00,NORMAL SERVICE.,H31,16,,23023000153,7,,25
13011000384,S41,30,110,부모애공동생활가정,00,NORMAL SERVICE.,S41,6,0,13011000384,3,,9
13017000366,S41,30,170,섬김과 나눔의 집,00,NORMAL SERVICE.,S41,7,,13017000366,1,,9
13111000005,A03,31,110,국민요양원,00,NORMAL SERVICE.,A03,25,0,13111000005,2,0,28
13111000007,A03,31,110,늘푸른노인전문요양원,00,NORMAL SERVICE.,A03,35,5,13111000007,3,2,37
13111000008,A03,31,110,늘푸른노인요양원,00,NORMAL SERVICE.,A03,,0,13111000008,0,0,0
13111000009,A03,31,110,예랑소규모요양원,00,NORMAL SERVICE.,A03,16,1,13111000009,0,1,16
13111000082,A03,31,110,백정애 건강실버타운,00,NORMAL SERVICE.,A03,29,0,13111000082,18,,49
13111000143,A03,31,110,효자실버요양원,00,NORMAL SERVICE.,A03,68,10,13111000143,6,7,74
13111000163,A03,31,110,효정요양원,00,NORMAL SERVICE.,A03,26,,13111000163,2,0,28
13111000175,A03,31,110,울산광역시립노인요양원,00,NORMAL SERVICE.,A03,64,55,13111000175,11,46,87
13111000147,A04,31,110,울산한우리노인요양센터,00,NORMAL SERVICE.,A04,3,,13111000147,6,,9
13111000205,A04,31,110,A+백정애건강실버타운,00,NORMAL SERVICE.,A04,8,,13111000205,0,,9
13114000234,A04,31,140,굿실버공동생활가정,00,NORMAL SERVICE.,A04,9,,13114000234,0,0,9
13114000278,A04,31,140,더 즐거운공동생활가정,00,NORMAL SERVICE.,A04,9,,13114000278,0,,9
13117000032,A04,31,170,가은실버홈,00,NORMAL SERVICE.,A04,8,0,13117000032,0,0,9
13117000088,A04,31,170,인애노인요양실버홈,00,NORMAL SERVICE.,A04,7,0,13117000088,2,,9
13120000102,A04,31,200,청담종합복지센터,00,NORMAL SERVICE.,A04,6,,13120000102,1,,9
13120000129,A04,31,200,백세재활복지센터,00,NORMAL SERVICE.,A04,6,,13120000129,3,,9
23111000001,B01,31,110,국민노인돌봄지원플랫폼,00,NORMAL SERVICE.,B01,,,23111000001,,,
23111000002,B01,31,110,울산중구노인돌봄지원플랫폼,00,NORMAL SERVICE.,B01,,,23111000002,,,
23111000150,B01,31,110,신울산노인재가복지센터,00,NORMAL SERVICE.,B01,,,23111000150,,,0
23111000154,B01,31,110,울산노인복지센터,00,NORMAL SERVICE.,B01,83,0,23111000154,26,0,0
23111000155,B01,31,110,더조은노인복지주간보호센터,00,NORMAL SERVICE.,B01,,,23111000155,,,0
23111000157,B01,31,110,다인재가복지센터,00,NORMAL SERVICE.,B01,16,2,23111000157,16,,0
23111000161,B01,31,110,함월주야간보호센터,00,NORMAL SERVICE.,B01,,,23111000161,,,0
23111000167,B01,31,110,팔팔백세 방문요양센터,00,NORMAL SERVICE.,B01,18,,23111000167,13,,0
23111000150,B02,31,110,신울산노인재가복지센터,00,NORMAL SERVICE.,B02,,,23111000150,,,0
23111000154,B02,31,110,울산노인복지센터,00,NORMAL SERVICE.,B02,68,0,23111000154,21,0,0
23111000155,B02,31,110,더조은노인복지주간보호센터,00,NORMAL SERVICE.,B02,,,23111000155,,,0
23111000157,B02,31,110,다인재가복지센터,00,NORMAL SERVICE.,B02,0,,23111000157,2,,0
23111000184,B02,31,110,강남재가노인복지센터,00,NORMAL SERVICE.,B02,,,23111000184,,,0
23111000193,B02,31,110,조은아침중구복지센터,00,NORMAL SERVICE.,B02,,,23111000193,,,0
23111000195,B02,31,110,동행노인복지센터,00,NORMAL SERVICE.,B02,,,23111000195,,,0
23111000150,B03,31,110,신울산노인재가복지센터,00,NORMAL SERVICE.,B03,28,0,23111000150,3,0,60
23111000155,B03,31,110,더조은노인복지주간보호센터,00,NORMAL SERVICE.,B03,33,,23111000155,6,,55
23111000161,B03,31,110,함월주야간보호센터,00,NORMAL SERVICE.,B03,22,,23111000161,4,,45
23111000162,B03,31,110,효정주간보호센터,00,NORMAL SERVICE.,B03,18,1,23111000162,6,1,24
23111000164,B03,31,110,울산정주간보호센터,00,NORMAL SERVICE.,B03,36,,23111000164,12,,48
23111000165,B03,31,110,선경주야간보호센터,00,NORMAL SERVICE.,B03,11,0,23111000165,5,0,49
23111000168,B03,31,110,오월주간보호센터,00,NORMAL SERVICE.,B03,48,0,23111000168,16,0,66
23111000177,B05,31,110,윤씨재가복지센터,00,NORMAL SERVICE.,B05,27,,23111000177,12,,0
23111000218,B05,31,110,헤븐노인복지센터,00,NORMAL SERVICE.,B05,,,23111000218,,,0
23111000231,B05,31,110,가온누리재가방문요양센터,00,NORMAL SERVICE.,B05,,,23111000231,,,0
23120000094,B05,31,200,A+마르페 실버케어,00,NORMAL SERVICE.,B05,,,23120000094,,,0
23120000128,B05,31,200,미소방문간호센터,00,NORMAL SERVICE.,B05,,,23120000128,,,0
23171000243,B05,31,710,화정방문간호센터,00,NORMAL SERVICE.,B05,2,,23171000243,3,,0
23111000149,B06,31,110,대신의료기상사,00,NORMAL SERVICE.,B06,,,23111000149,,,0
23111000159,B06,31,110,굿헬스의료기,00,NORMAL SERVICE.,B06,,,23111000159,,,0
23111000211,B06,31,110,신기의료기,00,NORMAL SERVICE.,B06,1,1,23111000211,1,1,0
23111000222,B06,31,110,두날개복지센터,00,NORMAL SERVICE.,B06,,,23111000222,1,,0
23111000234,B06,31,110,울산복지용구센터,00,NORMAL SERVICE.,B06,,,23111000234,,,0
23114000238,B06,31,140,행운의료기,00,NORMAL SERVICE.,B06,0,0,23114000238,0,0,0
23114000249,B06,31,140,행복의료기,00,NORMAL SERVICE.,B06,,,23114000249,,,0
33111000042,C01,31,110,옥선노인복지센터,00,NORMAL SERVICE.,C01,,,33111000042,,,
33111000048,C01,31,110,나도람노인복지센터,00,NORMAL SERVICE.,C01,3,,33111000048,1,,0
33111000063,C01,31,110,행복소망나눔 요양보호센터,00,NORMAL SERVICE.,C01,59,0,33111000063,34,1,0
33111000064,C01,31,110,현대노인복지센터,00,NORMAL SERVICE.,C01,19,0,33111000064,14,0,0
33111000071,C01,31,110,가나안 요양파견센터,00,NORMAL SERVICE.,C01,,,33111000071,,,0
33111000075,C01,31,110,연희재가노인복지센터,00,NORMAL SERVICE.,C01,50,0,33111000075,22,0,0
33111000076,C01,31,110,장수마을재가복지센터,00,NORMAL SERVICE.,C01,3,0,33111000076,1,0,0
33111000042,C02,31,110,옥선노인복지센터,00,NORMAL SERVICE.,C02,,,33111000042,,,
33111000045,C02,31,110,잉꼬 방문목욕센터,00,NORMAL SERVICE.,C02,,,33111000045,,,
33111000048,C02,31,110,나도람노인복지센터,00,NORMAL SERVICE.,C02,0,,33111000048,0,,0
33111000063,C02,31,110,행복소망나눔 요양보호센터,00,NORMAL SERVICE.,C02,,,33111000063,,,0
33111000064,C02,31,110,현대노인복지센터,00,NORMAL SERVICE.,C02,,,33111000064,,,0
33111000071,C02,31,110,가나안 요양파견센터,00,NORMAL SERVICE.,C02,,,33111000071,,,0
33111000075,C02,31,110,연희재가노인복지센터,00,NORMAL SERVICE.,C02,23,,33111000075,8,,0
33111000048,C03,31,110,나도람노인복지센터,00,NORMAL SERVICE.,C03,36,0,33111000048,8,,56
33111000076,C03,31,110,장수마을재가복지센터,00,NORMAL SERVICE.,C03,8,0,33111000076,0,0,9
33111000083,C03,31,110,백정애 건강실버타운,00,NORMAL SERVICE.,C03,4,0,33111000083,6,0,34
33111000089,C03,31,110,울산한우리노인복지시설,00,NORMAL SERVICE.,C03,36,0,33111000089,23,,74
33111000106,C03,31,110,태화노인복지센터,00,NORMAL SERVICE.,C03,5,,33111000106,3,,10
33111000109,C03,31,110,소중한노인복지센터,00,NORMAL SERVICE.,C03,32,,33111000109,12,,53
33111000110,C03,31,110,베리굿실버복지센터,00,NORMAL SERVICE.,C03,8,,33111000110,1,,14
33111000081,C05,31,110,지원재가노인복지센터,00,NORMAL SERVICE.,C05,40,,33111000081,18,,0
33111000083,C05,31,110,백정애 건강실버타운,00,NORMAL SERVICE.,C05,21,0,33111000083,13,0,0
33111000122,C05,31,110,스마일재가노인복지센터,00,NORMAL SERVICE.,C05,1,,33111000122,2,,0
33111000138,C05,31,110,돌보미 재가노인 복지센터,00,NORMAL SERVICE.,C05,,,33111000138,,,0
33114000091,C05,31,140,마더스노인복지센터,00,NORMAL SERVICE.,C05,20,,33114000091,3,,0
33117000062,C05,31,170,사랑의 손길 재가센터,00,NORMAL SERVICE.,C05,14,,33117000062,4,,0
33120000042,C05,31,200,양지노인복지센터,00,NORMAL SERVICE.,C05,,,33120000042,,,
33111000041,C06,31,110,새광명의료기,00,NORMAL SERVICE.,C06,,,33111000041,,,0
33111000062,C06,31,110,건강의료기,00,NORMAL SERVICE.,C06,,,33111000062,,,0
33111000084,C06,31,110,세운의료기 보조기도매센타,00,NORMAL SERVICE.,C06,,,33111000084,,,0
33111000091,C06,31,110,백세의료기,00,NORMAL SERVICE.,C06,,,33111000091,,,0
33111000103,C06,31,110,보드미의료기,00,NORMAL SERVICE.,C06,,,33111000103,,,0
33111000138,C06,31,110,돌보미 재가노인 복지센터,00,NORMAL SERVICE.,C06,,,33111000138,,,0
33114000047,C06,31,140,신우메디칼통상,00,NORMAL SERVICE.,C06,,,33114000047,,,
13111000007,G31,31,110,늘푸른노인전문요양원,00,NORMAL SERVICE.,G31,13,3,13111000007,3,2,16
13111000008,G31,31,110,늘푸른노인요양원,00,NORMAL SERVICE.,G31,14,,13111000008,0,0,14
13117000004,G31,31,170,다비다노인요양원,00,NORMAL SERVICE.,G31,12,3,13117000004,0,2,12
13120000124,G31,31,200,울산북구실버케어센터,00,NORMAL SERVICE.,G31,12,0,13120000124,0,0,12
13111000007,G32,31,110,늘푸른노인전문요양원,00,NORMAL SERVICE.,G32,16,4,13111000007,0,0,16
13111000008,G32,31,110,늘푸른노인요양원,00,NORMAL SERVICE.,G32,15,,13111000008,0,,15
13120000124,G32,31,200,울산북구실버케어센터,00,NORMAL SERVICE.,G32,0,0,13120000124,11,5,12
13120000124,G33,31,200,울산북구실버케어센터,00,NORMAL SERVICE.,G33,12,0,13120000124,0,0,12
13120000124,G34,31,200,울산북구실버케어센터,00,NORMAL SERVICE.,G34,12,0,13120000124,0,0,12
23111000218,H31,31,110,헤븐노인복지센터,00,NORMAL SERVICE.,H31,,0,23111000218,,0,9
23117000069,H31,31,170,남목노인복지관 부설 치매보호센터,00,NORMAL SERVICE.,H31,8,,23117000069,5,,24
23117000082,H31,31,170,밝은미소 재가실버케어,00,NORMAL SERVICE.,H31,16,,23117000082,6,,24
13117000004,M31,31,170,다비다노인요양원,00,NORMAL SERVICE.,M31,11,2,13117000004,1,2,12
13171000142,S41,31,710,효녀심청의집,00,NORMAL SERVICE.,S41,6,6,13171000142,0,0,9
13611000061,A03,36,110,세종우리요양원,00,NORMAL SERVICE.,A03,22,2,13611000061,7,7,29
13611000067,A03,36,110,세종행복요양원,00,NORMAL SERVICE.,A03,18,1,13611000067,9,,29
13611000087,A03,36,110,세종에덴요양원,00,NORMAL SERVICE.,A03,25,0,13611000087,4,,29
13611000090,A03,36,110,세종천애안요양원,00,NORMAL SERVICE.,A03,38,0,13611000090,9,0,48
13611000099,A03,36,110,성덕효성원,00,NORMAL SERVICE.,A03,16,,13611000099,6,,23
13611000113,A03,36,110,세종실버타운 평강요양원,00,NORMAL SERVICE.,A03,28,1,13611000113,14,1,49
13611000133,A03,36,110,VIP요양원,00,NORMAL SERVICE.,A03,17,2,13611000133,9,3,29
13611000150,A03,36,110,세종해밀 요양원,00,NORMAL SERVICE.,A03,47,,13611000150,2,0,49
13611000160,A03,36,110,세종마음숲요양원 고운점,00,NORMAL SERVICE.,A03,20,2,13611000160,9,1,29
13611000162,A03,36,110,더 사랑 요양원,00,NORMAL SERVICE.,A03,13,1,13611000162,7,3,29
13611000166,A03,36,110,세종요양원,00,NORMAL SERVICE.,A03,30,,13611000166,6,,40
13611000167,A03,36,110,세종굿모닝요양원,00,NORMAL SERVICE.,A03,27,0,13611000167,2,0,29
13611000168,A03,36,110,조이실버케어요양원,00,NORMAL SERVICE.,A03,40,0,13611000168,23,0,68
13611000182,A03,36,110,세종시립요양원,00,NORMAL SERVICE.,A03,26,31,13611000182,9,30,36
13611000143,A04,36,110,늘평안 노인요양공동생활가정,00,NORMAL SERVICE.,A04,8,1,13611000143,1,1,9
13611000203,A04,36,110,약산실버홈,00,NORMAL SERVICE.,A04,9,1,13611000203,,,9
23611000109,B01,36,110,행복한주간보호센터,00,NORMAL SERVICE.,B01,,,23611000109,,,0
23611000125,B01,36,110,세종우리노인복지센터,00,NORMAL SERVICE.,B01,,,23611000125,,,0
23611000129,B01,36,110,휴먼주간보호센터,00,NORMAL SERVICE.,B01,23,,23611000129,10,,0
23611000131,B01,36,110,세종고운재가복지센터,00,NORMAL SERVICE.,B01,24,,23611000131,11,,0
23611000132,B01,36,110,유정재가복지원,00,NORMAL SERVICE.,B01,5,,23611000132,1,,0
23611000135,B01,36,110,가정재가복지센터,00,NORMAL SERVICE.,B01,42,,23611000135,12,,0
23611000140,B01,36,110,민들레재가노인복지센터,00,NORMAL SERVICE.,B01,18,,23611000140,6,,0
23611000148,B01,36,110,더힐링 세종전원주간보호센터,00,NORMAL SERVICE.,B01,14,,23611000148,11,,0
23611000153,B01,36,110,세종재가복지센터,00,NORMAL SERVICE.,B01,31,0,23611000153,14,,0
23611000154,B01,36,110,세종특별자치시 사회서비스원 세종종합재가센터,00,NORMAL SERVICE.,B01,27,,23611000154,7,,0
23611000155,B01,36,110,세종통합돌봄센터,00,NORMAL SERVICE.,B01,,,23611000155,,,0
23611000157,B01,36,110,한누리재가장기요양기관,00,NORMAL SERVICE.,B01,28,,23611000157,13,,0
23611000159,B01,36,110,행복드림 재가방문요양센터,00,NORMAL SERVICE.,B01,24,,23611000159,10,,0
23611000135,B02,36,110,가정재가복지센터,00,NORMAL SERVICE.,B02,33,,23611000135,18,,0
23611000153,B02,36,110,세종재가복지센터,00,NORMAL SERVICE.,B02,0,,23611000153,,,0
23611000169,B02,36,110,기쁨방문요양센터,00,NORMAL SERVICE.,B02,0,,23611000169,0,,0
23611000180,B02,36,110,가람재가복지센터,00,NORMAL SERVICE.,B02,0,,23611000180,0,,0
23611000184,B02,36,110,다정한재가복지센터,00,NORMAL SERVICE.,B02,,,23611000184,,,0
23611000188,B02,36,110,시온재가노인복지센터,00,NORMAL SERVICE.,B02,,,23611000188,,,0
23611000190,B02,36,110,세종하나재가요양센터,00,NORMAL SERVICE.,B02,,,23611000190,,,0
23611000197,B02,36,110,우리통합재가센터,00,NORMAL SERVICE.,B02,0,,23611000197,1,,0
23611000202,B02,36,110,봄날재가복지센터,00,NORMAL SERVICE.,B02,,,23611000202,,,0
23611000205,B02,36,110,드림 재가 방문요양 센터,00,NORMAL SERVICE.,B02,,,23611000205,,,0
23611000211,B02,36,110,최고방문요양센터,00,NORMAL SERVICE.,B02,,,23611000211,,,0
23611000212,B02,36,110,하트풀방문요양센터,00,NORMAL SERVICE.,B02,30,,23611000212,30,,0
23611000221,B02,36,110,나눔재가복지센터,00,NORMAL SERVICE.,B02,,,23611000221,,,0
23611000074,B03,36,110,종촌종합복지센터 노인주간보호센터,00,NORMAL SERVICE.,B03,31,,23611000074,6,,40
23611000107,B03,36,110,세종가족사랑주간보호센터,00,NORMAL SERVICE.,B03,38,0,23611000107,12,0,57
23611000109,B03,36,110,행복한주간보호센터,00,NORMAL SERVICE.,B03,38,0,23611000109,10,,70
23611000125,B03,36,110,세종우리노인복지센터,00,NORMAL SERVICE.,B03,32,1,23611000125,12,1,60
23611000127,B03,36,110,플래티늄세종주야간보호센터,00,NORMAL SERVICE.,B03,30,,23611000127,5,,37
23611000129,B03,36,110,휴먼주간보호센터,00,NORMAL SERVICE.,B03,36,2,23611000129,7,1,54
23611000136,B03,36,110,세종케어재활전문주간보호센터,00,NORMAL SERVICE.,B03,16,0,23611000136,10,0,38
23611000145,B03,36,110,VIP주간보호센터,00,NORMAL SERVICE.,B03,3,,23611000145,0,,7
23611000148,B03,36,110,더힐링 세종전원주간보호센터,00,NORMAL SERVICE.,B03,68,,23611000148,21,,90
23611000165,B03,36,110,세종주간보호센터,00,NORMAL SERVICE.,B03,27,0,23611000165,7,,34
23611000173,B03,36,110,세종부강노인복지센터,00,NORMAL SERVICE.,B03,26,,23611000173,5,1,44
23611000178,B03,36,110,세종한누리주간보호센터,00,NORMAL SERVICE.,B03,29,,23611000178,7,,48
23611000193,B03,36,110,부강돌봄센터,00,NORMAL SERVICE.,B03,20,,23611000193,11,,86
23611000186,B05,36,110,세종똑똑방문간호센터,00,NORMAL SERVICE.,B05,,,23611000186,,,0
23611000214,B05,36,110,세종방문간호센터,00,NORMAL SERVICE.,B05,,,23611000214,,,0
23611000138,B06,36,110,이원건강의료기 세종점,00,NORMAL SERVICE.,B06,,,23611000138,,,0
23611000164,B06,36,110,세종중앙의료기,00,NORMAL SERVICE.,B06,,,23611000164,1,,0
23611000175,B06,36,110,건강복지용구센터,00,NORMAL SERVICE.,B06,,,23611000175,,,0
23611000181,B06,36,110,(주)가온렌탈케어 복지용구센터,00,NORMAL SERVICE.,B06,0,,23611000181,0,0,0
23611000183,B06,36,110,세종한누리복지용구사업소,00,NORMAL SERVICE.,B06,,,23611000183,,,0
23611000194,B06,36,110,다정한복지의료기,00,NORMAL SERVICE.,B06,,,23611000194,,,0
23611000200,B06,36,110,가족사랑복지용구사업소,00,NORMAL SERVICE.,B06,,,23611000200,,,0
23611000201,B06,36,110,가치가봄 복지용구,00,NORMAL SERVICE.,B06,,,23611000201,,,0
33611000068,C01,36,110,세종시행복주간보호센터,00,NORMAL SERVICE.,C01,53,0,33611000068,17,,0
33611000072,C01,36,110,무지개 재가장기요양기관,00,NORMAL SERVICE.,C01,26,,33611000072,18,,0
33611000075,C01,36,110,재가복지센터 유다원,00,NORMAL SERVICE.,C01,61,,33611000075,24,,0
33611000076,C01,36,110,행복요양센터,00,NORMAL SERVICE.,C01,27,,33611000076,19,,0
33611000078,C01,36,110,조약돌요양복지센터,00,NORMAL SERVICE.,C01,,,33611000078,,,0
33611000083,C01,36,110,에덴노인복지센터,00,NORMAL SERVICE.,C01,26,,33611000083,18,,0
33611000084,C01,36,110,세종한마음노인복지센터,00,NORMAL SERVICE.,C01,0,0,33611000084,,0,0
33611000089,C01,36,110,시니어데이케어 주은 세종센터,00,NORMAL SERVICE.,C01,14,,33611000089,5,,0
33611000091,C01,36,110,세종시 노인복지센터,00,NORMAL SERVICE.,C01,27,1,33611000091,1,,0
33611000092,C01,36,110,세종 감성큰사랑 통합재가복지센터,00,NORMAL SERVICE.,C01,40,,33611000092,18,1,0
33611000093,C01,36,110,참빛재가 노인복지센터,00,NORMAL SERVICE.,C01,40,,33611000093,12,,0
33611000098,C01,36,110,성심노인복지센터,00,NORMAL SERVICE.,C01,25,0,33611000098,10,0,0
33611000108,C01,36,110,해바라기방문요양사업소,00,NORMAL SERVICE.,C01,0,0,33611000108,0,0,0
33611000072,C02,36,110,무지개 재가장기요양기관,00,NORMAL SERVICE.,C02,1,,33611000072,1,,0
33611000084,C02,36,110,세종한마음노인복지센터,00,NORMAL SERVICE.,C02,0,0,33611000084,,0,0
33611000091,C02,36,110,세종시 노인복지센터,00,NORMAL SERVICE.,C02,0,,33611000091,1,,0
33611000092,C02,36,110,세종 감성큰사랑 통합재가복지센터,00,NORMAL SERVICE.,C02,26,,33611000092,23,,0
33611000111,C02,36,110,가가호호 재가방문요양센터,00,NORMAL SERVICE.,C02,,,33611000111,,,0
33611000116,C02,36,110,사나섬재가복지센터,00,NORMAL SERVICE.,C02,1,,33611000116,0,,0
34473000052,C02,36,110,(주)휴먼에듀피아,00,NORMAL SERVICE.,C02,18,,34473000052,8,,0
33611000068,C03,36,110,세종시행복주간보호센터,00,NORMAL SERVICE.,C03,51,,33611000068,18,0,90
33611000082,C03,36,110,더 행복주간보호센터,00,NORMAL SERVICE.,C03,34,,33611000082,11,,49
33611000085,C03,36,110,도담노인재활주간보호,00,NORMAL SERVICE.,C03,29,,33611000085,11,,59
33611000089,C03,36,110,시니어데이케어 주은 세종센터,00,NORMAL SERVICE.,C03,43,,33611000089,23,,73
33611000118,C03,36,110,고운세종노인주야간센터,00,NORMAL SERVICE.,C03,11,1,33611000118,11,1,43
33611000120,C03,36,110,간호드림주간보호센터,00,NORMAL SERVICE.,C03,19,0,33611000120,5,0,24
33611000091,C05,36,110,세종시 노인복지센터,00,NORMAL SERVICE.,C05,15,,33611000091,9,,0
33611000092,C05,36,110,세종 감성큰사랑 통합재가복지센터,00,NORMAL SERVICE.,C05,28,,33611000092,11,1,0
33611000120,C05,36,110,간호드림주간보호센터,00,NORMAL SERVICE.,C05,2,,33611000120,2,,0
33611000089,C06,36,110,시니어데이케어 주은 세종센터,00,NORMAL SERVICE.,C06,,,33611000089,,,0
33611000102,C06,36,110,세종의료기,00,NORMAL SERVICE.,C06,,0,33611000102,,0,0
34473000029,C06,36,110,365 행복케어,00,NORMAL SERVICE.,C06,,,34473000029,,,
13611000182,G31,36,110,세종시립요양원,00,NORMAL SERVICE.,G31,11,0,13611000182,0,0,12
23611000074,H31,36,110,종촌종합복지센터 노인주간보호센터,00,NORMAL SERVICE.,H31,13,,23611000074,8,,25
14473000023,S41,36,110,사랑의마을 노인요양공동생활가정,00,NORMAL SERVICE.,S41,9,4,14473000023,0,0,9
14111000023,A03,41,111,사회복지법인 죽파재단 감천장요양원,00,NORMAL SERVICE.,A03,55,5,14111000023,34,5,94
14111000024,A03,41,113,중앙요양원,00,NORMAL SERVICE.,A03,72,12,14111000024,19,5,150
14111000032,A03,41,115,수원 아노가 요양원,00,NORMAL SERVICE.,A03,68,,14111000032,15,,94
14111000034,A03,41,111,수원시립노인전문요양원,00,NORMAL SERVICE.,A03,125,53,14111000034,21,75,145
14111000041,A03,41,111,효행노인전문요양원,00,NORMAL SERVICE.,A03,69,3,14111000041,15,1,90
14111000229,A04,41,111,행복나라 노인전문요양센터,00,NORMAL SERVICE.,A04,8,0,14111000229,1,0,9
14111000306,A04,41,113,새수원복지요양원,00,NORMAL SERVICE.,A04,8,0,14111000306,0,0,9
14111000311,A04,41,113,새수원노인요양공동생활가정,00,NORMAL SERVICE.,A04,8,5,14111000311,0,0,9
14111000365,A04,41,111,행복나라노인전문요양센터 2동,00,NORMAL SERVICE.,A04,8,0,14111000365,1,0,9
14111000409,A04,41,113,베데스다요양원,00,NORMAL SERVICE.,A04,4,0,14111000409,,0,7
24111000012,B01,41,113,서호재가노인복지센터,00,NORMAL SERVICE.,B01,,,24111000012,,,
24111000013,B01,41,113,버드내재가노인복지센터,00,NORMAL SERVICE.,B01,,,24111000013,,,
24111000682,B01,41,111,해피홈수원재활주간보호센터,00,NORMAL SERVICE.,B01,24,,24111000682,5,,0
24111000688,B01,41,113,수 데이케어센터,00,NORMAL SERVICE.,B01,3,,24111000688,2,,0
24111000697,B01,41,111,우리함께주간보호센터,00,NORMAL SERVICE.,B01,7,,24111000697,2,,0
24111000682,B02,41,111,해피홈수원재활주간보호센터,00,NORMAL SERVICE.,B02,,,24111000682,,,0
24111000688,B02,41,113,수 데이케어센터,00,NORMAL SERVICE.,B02,0,0,24111000688,,0,0
24111000700,B02,41,113,보람찬어르신센터,00,NORMAL SERVICE.,B02,,,24111000700,,,0
24111000773,B02,41,113,(주)효자노치원,00,NORMAL SERVICE.,B02,4,,24111000773,2,,0
24111000779,B02,41,117,(A+)케어재가복지센터,00,NORMAL SERVICE.,B02,0,,24111000779,0,,0
24111000012,B03,41,113,서호재가노인복지센터,00,NORMAL SERVICE.,B03,14,0,24111000012,5,0,20
24111000013,B03,41,113,버드내재가노인복지센터,00,NORMAL SERVICE.,B03,12,0,24111000013,10,0,24
24111000036,B03,41,111,수원시립노인주간보호센터,00,NORMAL SERVICE.,B03,14,0,24111000036,6,,24
24111000051,B03,41,117,영통노인주간보호센터,00,NORMAL SERVICE.,B03,18,,24111000051,3,,21
24111000498,B03,41,111,밤밭노인주간보호센터,00,NORMAL SERVICE.,B03,13,0,24111000498,2,0,21
24115001043,B04,41,150,평화노인종합복지,00,NORMAL SERVICE.,B04,,,24115001043,,,2
24117000528,B04,41,173,삼성중앙주간보호센터,00,NORMAL SERVICE.,B04,2,,24117000528,1,,4
24119001569,B04,41,192,효사랑통합복지센터,00,NORMAL SERVICE.,B04,1,,24119001569,,,1
24122000412,B04,41,220,그림뜰재가복지센터,00,NORMAL SERVICE.,B04,1,0,24122000412,1,0,9
24122000526,B04,41,220,아름다운재가복지센터,00,NORMAL SERVICE.,B04,,,24122000526,,,6
24111000816,B05,41,113,테레사간호통합방문센터,00,NORMAL SERVICE.,B05,,,24111000816,,,0
24111000852,B05,41,111,가온케어 통합돌봄센터,00,NORMAL SERVICE.,B05,0,,24111000852,0,,0
24111000853,B05,41,117,광교재가복지센터,00,NORMAL SERVICE.,B05,,,24111000853,,,0
24111000926,B05,41,117,라온노인복지센터,00,NORMAL SERVICE.,B05,4,,24111000926,1,,0
24111000948,B05,41,115,백세통합재가센터,00,NORMAL SERVICE.,B05,10,1,24111000948,4,,0
24111000777,B06,41,117,가족사랑드림 복지용구,00,NORMAL SERVICE.,B06,,,24111000777,,,0
24111000825,B06,41,113,주식회사 케어프렌드,00,NORMAL SERVICE.,B06,,,24111000825,,,0
24111000869,B06,41,113,마실주야간보호센터,00,NORMAL SERVICE.,B06,,,24111000869,,,0
24111000879,B06,41,113,서광노인가정방문요양센터,00,NORMAL SERVICE.,B06,,,24111000879,,,0
24111000892,B06,41,115,희망의료기,00,NORMAL SERVICE.,B06,,,24111000892,,,0
34111000056,C01,41,117,1004노인복지센터,00,NORMAL SERVICE.,C01,,,34111000056,,,
34111000065,C01,41,111,수원시립방문요양센터,00,NORMAL SERVICE.,C01,,,34111000065,,,
34111000079,C01,41,117,도경노인복지센터,00,NORMAL SERVICE.,C01,,,34111000079,,,
34111000090,C01,41,111,평강재가복지센터,00,NORMAL SERVICE.,C01,,,34111000090,,,
34111000117,C01,41,111,장안요양센터,00,NORMAL SERVICE.,C01,,,34111000117,,,
34111000056,C02,41,117,1004노인복지센터,00,NORMAL SERVICE.,C02,,,34111000056,,,
34111000065,C02,41,111,수원시립방문요양센터,00,NORMAL SERVICE.,C02,,,34111000065,,,
34111000079,C02,41,117,도경노인복지센터,00,NORMAL SERVICE.,C02,,,34111000079,,,
34111000090,C02,41,111,평강재가복지센터,00,NORMAL SERVICE.,C02,,,34111000090,,,
34111000117,C02,41,111,장안요양센터,00,NORMAL SERVICE.,C02,,,34111000117,,,
34111000135,C03,41,113,중앙재가노인복지센터(주간보호),00,NORMAL SERVICE.,C03,14,0,34111000135,8,0,30
34111000431,C03,41,111,선재재활주야간보호센터,00,NORMAL SERVICE.,C03,36,0,34111000431,15,0,58
34111000489,C03,41,115,동행노인주간보호센터,00,NORMAL SERVICE.,C03,31,0,34111000489,4,0,57
34111000504,C03,41,117,사랑방노인복지센터,00,NORMAL SERVICE.,C03,50,,34111000504,21,0,65
34111000516,C03,41,113,"""효자노치원"" 서수원점",00,NORMAL SERVICE.,C03,27,1,34111000516,6,1,38
34113000539,C04,41,135,'365'단기보호센터,00,NORMAL SERVICE.,C04,9,,34113000539,4,,17
34115000528,C04,41,150,카네이션요양원,00,NORMAL SERVICE.,C04,6,,34115000528,2,1,9
34119000587,C04,41,192,고향 단기보호시설,00,NORMAL SERVICE.,C04,5,3,34119000587,3,1,13
34128000630,C04,41,285,E.S.H엘림재가복지,00,NORMAL SERVICE.,C04,,0,34128000630,,0,8
34111000079,C05,41,117,도경노인복지센터,00,NORMAL SERVICE.,C05,,,34111000079,,,0
34111000138,C05,41,115,아노가 홈케어,00,NORMAL SERVICE.,C05,,,34111000138,,,
34111000154,C05,41,115,실버벨스 방문요양센터,00,NORMAL SERVICE.,C05,,,34111000154,,,
34111000453,C05,41,113,행복한재가복지센터,00,NORMAL SERVICE.,C05,,,34111000453,,,0
34111000078,C06,41,115,의료기백화점,00,NORMAL SERVICE.,C06,,,34111000078,,,
34111000087,C06,41,115,현대의료기,00,NORMAL SERVICE.,C06,,,34111000087,,,
34111000117,C06,41,111,장안요양센터,00,NORMAL SERVICE.,C06,,,34111000117,,,
34111000124,C06,41,113,국제의료기,00,NORMAL SERVICE.,C06,,,34111000124,,,
14113000234,G31,41,133,성남시립노인요양센터,00,NORMAL SERVICE.,G31,12,,14113000234,3,,15
14113000329,G31,41,135,더힐링요양원,00,NORMAL SERVICE.,G31,12,,14113000329,,,12
14113000714,G31,41,135,헤리티지요양원,00,NORMAL SERVICE.,G31,14,,14113000714,2,,16
14115000968,G31,41,150,루시아참요양원,00,NORMAL SERVICE.,G31,5,,14115000968,5,,10
14113000329,G32,41,135,더힐링요양원,00,NORMAL SERVICE.,G32,4,,14113000329,8,,12
14119000138,G32,41,196,부모섬김,00,NORMAL SERVICE.,G32,8,0,14119000138,3,0,12
14119000749,G32,41,192,성은요양원,00,NORMAL SERVICE.,G32,8,,14119000749,3,,12
14119001431,G32,41,194,차오름재활요양원,00,NORMAL SERVICE.,G32,12,12,14119001431,5,6,16
14119001431,G33,41,194,차오름재활요양원,00,NORMAL SERVICE.,G33,13,8,14119001431,4,5,16
14122000189,G33,41,220,미소요양원,00,NORMAL SERVICE.,G33,6,,14122000189,0,,6
14136000319,G33,41,360,늘사랑실버케어센터,00,NORMAL SERVICE.,G33,9,,14136000319,6,,16
14122000189,G34,41,220,미소요양원,00,NORMAL SERVICE.,G34,0,,14122000189,6,,6
14122000189,G35,41,220,미소요양원,00,NORMAL SERVICE.,G35,6,,14122000189,0,,6
24115000902,H31,41,150,마음의숲노인복지센터본점,00,NORMAL SERVICE.,H31,17,,24115000902,7,,25
24115001048,H31,41,150,의정부통합돌봄요양센터,00,NORMAL SERVICE.,H31,13,,24115001048,8,,25
24119001185,H31,41,194,차오름재활주간보호/방문요양센터,00,NORMAL SERVICE.,H31,12,0,24119001185,4,,21
24128001344,H31,41,287,가원노인복지센터,00,NORMAL SERVICE.,H31,5,,24128001344,2,,9
24115000902,H32,41,150,마음의숲노인복지센터본점,00,NORMAL SERVICE.,H32,17,,24115000902,5,,24
24115001048,H32,41,150,의정부통합돌봄요양센터,00,NORMAL SERVICE.,H32,22,,24115001048,5,,25
24119001185,H32,41,194,차오름재활주간보호/방문요양센터,00,NORMAL SERVICE.,H32,3,,24119001185,1,,12
24128001681,H32,41,281,포르테주간보호센터,00,NORMAL SERVICE.,H32,0,,24128001681,0,0,12
24146000736,H33,41,465,365송은노인학교(주야간),00,NORMAL SERVICE.,H33,26,,24146000736,10,,25
24182000102,H33,41,820,가평중앙재가노인복지센터,00,NORMAL SERVICE.,H33,21,,24182000102,7,,25
34117000237,I31,41,171,케어네이션 만안센터,00,NORMAL SERVICE.,I31,14,,34117000237,4,,25
34119000977,I31,41,194,부천남부노인주야간보호센터,00,NORMAL SERVICE.,I31,19,,34119000977,5,,25
34128001141,I31,41,281,행신치매전담형 주야간보호센터,00,NORMAL SERVICE.,I31,18,,34128001141,4,,24
34141000172,I31,41,410,'나들이' 데이케어센터,00,NORMAL SERVICE.,I31,16,,34141000172,4,,22
14155000032,M31,41,550,파라밀 요양원,00,NORMAL SERVICE.,M31,16,,14155000032,0,,16
14159000412,M31,41,591,새소망요양원,00,NORMAL SERVICE.,M31,6,0,14159000412,8,0,14
14117000627,S41,41,171,긋시아케어링a,00,NORMAL SERVICE.,S41,10,0,14117000627,,,9
14127001053,S41,41,273,아주좋은요양원,00,NORMAL SERVICE.,S41,6,0,14127001053,3,0,9
14128000005,S41,41,281,사랑의집,00,NORMAL SERVICE.,S41,1,,14128000005,2,,5
14128001485,S41,41,281,A+샬롬요양원,00,NORMAL SERVICE.,S41,9,,14128001485,0,,9
14311000027,A03,43,112,산새노인요양원,00,NORMAL SERVICE.,A03,37,0,14311000027,3,0,49
14311000029,A03,43,114,청주소망의집,00,NORMAL SERVICE.,A03,22,0,14311000029,4,0,49
14311000032,A03,43,113,흥덕실비노인요양원,00,NORMAL SERVICE.,A03,43,0,14311000032,12,,70
14311000039,A03,43,114,성심노인요양원,00,NORMAL SERVICE.,A03,82,5,14311000039,3,0,90
14311000042,A03,43,112,참사랑노인요양원,00,NORMAL SERVICE.,A03,60,3,14311000042,16,3,76
14311000041,A04,43,111,우리노인요양공동생활가정,00,NORMAL SERVICE.,A04,7,0,14311000041,2,0,9
14311000102,A04,43,111,용담사랑의집노인요양공동생활가정,00,NORMAL SERVICE.,A04,8,0,14311000102,0,0,9
14311000161,A04,43,114,내덕늘푸른요양원,00,NORMAL SERVICE.,A04,6,0,14311000161,3,0,9
14311000267,A04,43,113,새순노인요양공동생활가정,00,NORMAL SERVICE.,A04,0,0,14311000267,1,0,9
14311000346,A04,43,111,로뎀나무노인요양공동생활가정,00,NORMAL SERVICE.,A04,0,0,14311000346,0,0,8
24311000058,B01,43,113,평화노인복지센터,00,NORMAL SERVICE.,B01,,,24311000058,,,
24311000575,B01,43,112,고려요양협동조합,00,NORMAL SERVICE.,B01,11,0,24311000575,7,0,0
24311000606,B01,43,112,가나노인주간보호센터,00,NORMAL SERVICE.,B01,8,,24311000606,2,,0
24311000637,B01,43,113,(A+)동행노인복지센터,00,NORMAL SERVICE.,B01,,,24311000637,,,0
24311000664,B01,43,112,효림노인주야간보호센터,00,NORMAL SERVICE.,B01,4,,24311000664,1,,0
24311000637,B02,43,113,(A+)동행노인복지센터,00,NORMAL SERVICE.,B02,,,24311000637,,,0
24311000680,B02,43,113,사랑으로노인복지센터,00,NORMAL SERVICE.,B02,,,24311000680,0,,0
24311000788,B02,43,113,옥산방문요양복지센터,00,NORMAL SERVICE.,B02,,,24311000788,0,,0
24311000805,B02,43,112,다복한주간보호센터,00,NORMAL SERVICE.,B02,,,24311000805,,,0
24311000809,B02,43,112,보람케어노인복지센터,00,NORMAL SERVICE.,B02,0,,24311000809,2,,0
24311000020,B03,43,113,청주흥덕노인통합지원센터,00,NORMAL SERVICE.,B03,6,0,24311000020,5,0,24
24311000227,B03,43,113,현진노인복지센터(흥덕노인요양원병설),00,NORMAL SERVICE.,B03,9,,24311000227,2,0,22
24311000292,B03,43,114,내덕노인복지센터,00,NORMAL SERVICE.,B03,11,0,24311000292,8,0,21
24311000579,B03,43,114,성민주야간보호센터,00,NORMAL SERVICE.,B03,9,,24311000579,2,0,14
24311000606,B03,43,112,가나노인주간보호센터,00,NORMAL SERVICE.,B03,23,,24311000606,6,,36
24311000845,B05,43,113,홈널스통합재가센터,00,NORMAL SERVICE.,B05,,1,24311000845,2,,0
24311000994,B05,43,111,재가요양센터한스,00,NORMAL SERVICE.,B05,1,0,24311000994,1,0,0
24311000996,B05,43,112,청주새일재가노인복지센터,00,NORMAL SERVICE.,B05,,,24311000996,,,0
24311001102,B05,43,114,꽃돌이방문간호센터,00,NORMAL SERVICE.,B05,12,0,24311001102,4,0,0
24311001114,B05,43,112,나우리재가노인복지센터,00,NORMAL SERVICE.,B05,,,24311001114,,,0
24311000637,B06,43,113,(A+)동행노인복지센터,00,NORMAL SERVICE.,B06,,,24311000637,,,0
24311000752,B06,43,111,건강의료기 한국병원점,00,NORMAL SERVICE.,B06,1,,24311000752,3,,0
24311000859,B06,43,112,100세동안재가장기요양기관(청주점),00,NORMAL SERVICE.,B06,,,24311000859,,,0
24311000863,B06,43,114,누리복지용구,00,NORMAL SERVICE.,B06,,,24311000863,,,0
24311000904,B06,43,112,실버복지용구,00,NORMAL SERVICE.,B06,,,24311000904,,,0
34311000028,C01,43,111,어르신이행복한세상청주지사,00,NORMAL SERVICE.,C01,,,34311000028,,,
34311000051,C01,43,114,THE명품노인복지센터,00,NORMAL SERVICE.,C01,40,0,34311000051,32,0,0
34311000069,C01,43,112,사랑천사재가장기요양기관,00,NORMAL SERVICE.,C01,,,34311000069,,,
34311000105,C01,43,111,용암재가장기요양기관,00,NORMAL SERVICE.,C01,,,34311000105,,,
34311000110,C01,43,114,부모사랑노인복지센터,00,NORMAL SERVICE.,C01,35,,34311000110,12,0,0
34311000028,C02,43,111,어르신이행복한세상청주지사,00,NORMAL SERVICE.,C02,,,34311000028,,,
34311000051,C02,43,114,THE명품노인복지센터,00,NORMAL SERVICE.,C02,1,0,34311000051,1,0,0
34311000069,C02,43,112,사랑천사재가장기요양기관,00,NORMAL SERVICE.,C02,,,34311000069,,,
34311000105,C02,43,111,용암재가장기요양기관,00,NORMAL SERVICE.,C02,,,34311000105,,,
34311000199,C02,43,111,예수재가장기요양기관,00,NORMAL SERVICE.,C02,,,34311000199,,,0
34311000110,C03,43,114,부모사랑노인복지센터,00,NORMAL SERVICE.,C03,22,,34311000110,0,,24
34311000120,C03,43,114,하늘정원 재가장기요양기관,00,NORMAL SERVICE.,C03,27,,34311000120,21,,52
34311000220,C03,43,113,해피투게더 노인복지센터,00,NORMAL SERVICE.,C03,81,0,34311000220,32,0,117
34311000274,C03,43,112,가경열린복지센터재가장기요양기관,00,NORMAL SERVICE.,C03,25,,34311000274,9,,45
34311000314,C03,43,112,청주노인주간보호센터,00,NORMAL SERVICE.,C03,20,1,34311000314,10,,48
34313000211,C04,43,130,연수노인주야간보호센터,00,NORMAL SERVICE.,C04,6,1,34313000211,,1,6
34374000003,C04,43,740,보생원노인복지센터,00,NORMAL SERVICE.,C04,,,34374000003,,,5
34374000031,C04,43,740,보생원전문노인요양원,00,NORMAL SERVICE.,C04,0,,34374000031,1,,3
34311000028,C05,43,111,어르신이행복한세상청주지사,00,NORMAL SERVICE.,C05,,,34311000028,,,
34311000261,C05,43,112,돌봄천사재가노인복지센터,00,NORMAL SERVICE.,C05,,,34311000261,,,0
34311000337,C05,43,113,닥터케어방문간호센터,00,NORMAL SERVICE.,C05,0,0,34311000337,0,0,0
34311000516,C05,43,112,청주 주찬미방문간호센터,00,NORMAL SERVICE.,C05,50,1,34311000516,37,,0
34311000528,C05,43,114,청주방문간호센터,00,NORMAL SERVICE.,C05,40,1,34311000528,20,1,0
34311000046,C06,43,111,한국의료기유한회사,00,NORMAL SERVICE.,C06,,,34311000046,,,
34311000065,C06,43,112,바다메디칼장기요양기관,00,NORMAL SERVICE.,C06,,,34311000065,,,
34311000071,C06,43,111,이원의료기육거리점복지용구재가장기요양기관,00,NORMAL SERVICE.,C06,,,34311000071,,,
34311000073,C06,43,111,주성메디칼재가장기요양기관,00,NORMAL SERVICE.,C06,,,34311000073,,,
34311000257,C06,43,111,모세휠체어재가장기요양기관,00,NORMAL SERVICE.,C06,,,34311000257,,,0
14311000242,G31,43,113,청주카리타스노인요양원,00,NORMAL SERVICE.,G31,10,2,14311000242,0,0,10
14311000498,G31,43,111,숲속요양원,00,NORMAL SERVICE.,G31,8,,14311000498,0,,8
14313000001,G31,43,130,충주평화의집,00,NORMAL SERVICE.,G31,0,,14313000001,0,,16
14313000110,G31,43,130,충주노인요양원,00,NORMAL SERVICE.,G31,15,,14313000110,0,,16
14311000498,G32,43,111,숲속요양원,00,NORMAL SERVICE.,G32,12,,14311000498,0,,12
14373000128,G32,43,730,옥천군립치매전담요양원,00,NORMAL SERVICE.,G32,11,,14373000128,1,,12
14374000137,G32,43,740,영동군립치매전담요양원,00,NORMAL SERVICE.,G32,11,,14374000137,1,,12
14373000128,G33,43,730,옥천군립치매전담요양원,00,NORMAL SERVICE.,G33,6,,14373000128,4,,11
14374000137,G33,43,740,영동군립치매전담요양원,00,NORMAL SERVICE.,G33,5,,14374000137,0,,11
14373000128,G34,43,730,옥천군립치매전담요양원,00,NORMAL SERVICE.,G34,6,,14373000128,5,,12
14374000137,G34,43,740,영동군립치매전담요양원,00,NORMAL SERVICE.,G34,8,,14374000137,3,,11
14373000128,G35,43,730,옥천군립치매전담요양원,00,NORMAL SERVICE.,G35,6,,14373000128,6,,12
14374000137,G35,43,740,영동군립치매전담요양원,00,NORMAL SERVICE.,G35,0,,14374000137,0,,12
14373000128,G36,43,730,옥천군립치매전담요양원,00,NORMAL SERVICE.,G36,5,,14373000128,4,,11
14374000137,G36,43,740,영동군립치매전담요양원,00,NORMAL SERVICE.,G36,0,,14374000137,0,,12
24313000302,H31,43,130,충주시립노인주야간보호센터,00,NORMAL SERVICE.,H31,15,0,24313000302,7,1,20
24315000250,H31,43,150,제천시립치매전담주야간보호센터,00,NORMAL SERVICE.,H31,9,,24315000250,5,,20
24373000127,H31,43,730,옥천군립주야간보호센터,00,NORMAL SERVICE.,H31,12,,24373000127,5,,20
24374000138,H31,43,740,병설 영동군립주야간보호센터,00,NORMAL SERVICE.,H31,17,,24374000138,6,,23
24315000250,H32,43,150,제천시립치매전담주야간보호센터,00,NORMAL SERVICE.,H32,7,,24315000250,4,,20
24373000127,H32,43,730,옥천군립주야간보호센터,00,NORMAL SERVICE.,H32,2,,24373000127,3,,20
24374000138,H32,43,740,병설 영동군립주야간보호센터,00,NORMAL SERVICE.,H32,13,,24374000138,4,,17
14313000303,M31,43,130,충주시립노인요양원,00,NORMAL SERVICE.,M31,7,0,14313000303,4,0,12
14315000251,M31,43,150,제천시립치매전담요양원,00,NORMAL SERVICE.,M31,7,,14315000251,5,,12
14375000097,M31,43,750,진천군립치매전담요양원,00,NORMAL SERVICE.,M31,8,,14375000097,4,,12
14376000107,M31,43,760,괴산군립치매전담요양원,00,NORMAL SERVICE.,M31,17,2,14376000107,8,2,29
14313000303,M32,43,130,충주시립노인요양원,00,NORMAL SERVICE.,M32,12,0,14313000303,0,0,12
14315000251,M32,43,150,제천시립치매전담요양원,00,NORMAL SERVICE.,M32,7,,14315000251,5,,12
14375000097,M32,43,750,진천군립치매전담요양원,00,NORMAL SERVICE.,M32,8,,14375000097,4,,12
14315000251,M33,43,150,제천시립치매전담요양원,00,NORMAL SERVICE.,M33,4,,14315000251,5,,11
14315000251,M34,43,150,제천시립치매전담요양원,00,NORMAL SERVICE.,M34,7,,14315000251,4,,12
14315000251,M35,43,150,제천시립치매전담요양원,00,NORMAL SERVICE.,M35,4,,14315000251,4,,11
14315000251,M36,43,150,제천시립치매전담요양원,00,NORMAL SERVICE.,M36,7,,14315000251,4,,12
14315000157,S41,43,150,그레이스힐하우스,00,NORMAL SERVICE.,S41,6,0,14315000157,3,1,9
14315000177,S41,43,150,송학보금자리 요양센터,00,NORMAL SERVICE.,S41,5,0,14315000177,1,0,6
14315000241,S41,43,150,송학실버홈,00,NORMAL SERVICE.,S41,7,0,14315000241,,,8
14374500070,S41,43,745,증평치매전문요양원,00,NORMAL SERVICE.,S41,8,1,14374500070,,,9
14413000003,A03,44,131,천안제일요양원,00,NORMAL SERVICE.,A03,15,,14413000003,4,0,68
14413000007,A03,44,131,천안노인전문요양원,00,NORMAL SERVICE.,A03,74,0,14413000007,19,0,96
14413000008,A03,44,131,효자의 집,00,NORMAL SERVICE.,A03,54,0,14413000008,16,0,72
14413000009,A03,44,131,호서노인전문요양원,00,NORMAL SERVICE.,A03,54,,14413000009,12,,66
14413000011,A03,44,133,너싱홈 천안 간호천사,00,NORMAL SERVICE.,A03,18,0,14413000011,0,0,18
14413000089,A03,44,131,충무원,00,NORMAL SERVICE.,A03,60,1,14413000089,20,4,83
14413000198,A04,44,131,민들레요양원,00,NORMAL SERVICE.,A04,7,,14413000198,2,,9
14413000199,A04,44,131,젬마의집,00,NORMAL SERVICE.,A04,8,0,14413000199,0,,9
14413000223,A04,44,133,행복미소의집,00,NORMAL SERVICE.,A04,9,0,14413000223,0,0,9
14413000224,A04,44,133,미소의집,00,NORMAL SERVICE.,A04,5,0,14413000224,4,0,9
14413000247,A04,44,133,초록마을공동생활가정,00,NORMAL SERVICE.,A04,9,0,14413000247,0,0,9
14413000295,A04,44,131,원성효그룹홈,00,NORMAL SERVICE.,A04,8,0,14413000295,1,0,9
24413000019,B01,44,133,천안시노인종합복지관부설 천안노인복지센터,00,NORMAL SERVICE.,B01,,,24413000019,,,
24413000028,B01,44,133,이웃사랑노인복지센터,00,NORMAL SERVICE.,B01,21,0,24413000028,9,0,0
24413000030,B01,44,131,느티나무노인복지센터,00,NORMAL SERVICE.,B01,38,0,24413000030,12,0,0
24413000215,B01,44,131,남천안노인요양원병설재가노인복지센터,00,NORMAL SERVICE.,B01,60,0,24413000215,28,0,0
24413000301,B01,44,133,하은요양센터,00,NORMAL SERVICE.,B01,50,0,24413000301,21,0,0
24413000303,B01,44,131,성남재가노인복지시설,00,NORMAL SERVICE.,B01,15,,24413000303,10,,0
24413000028,B02,44,133,이웃사랑노인복지센터,00,NORMAL SERVICE.,B02,13,0,24413000028,5,0,0
24413000487,B02,44,131,+사랑실천복지센터,00,NORMAL SERVICE.,B02,,1,24413000487,,1,0
24413000497,B02,44,131,아가페재가복지센터,00,NORMAL SERVICE.,B02,,,24413000497,,,0
24413000503,B02,44,131,천안재가복지센터,00,NORMAL SERVICE.,B02,,,24413000503,,,0
24413000506,B02,44,131,으뜸재가복지센터,00,NORMAL SERVICE.,B02,0,,24413000506,0,,0
24413000508,B02,44,133,효드림재가복지센터,00,NORMAL SERVICE.,B02,0,,24413000508,0,,0
24413000020,B03,44,133,천안시노인종합복지관부설 천안노인복지센터,00,NORMAL SERVICE.,B03,25,0,24413000020,8,,33
24413000030,B03,44,131,느티나무노인복지센터,00,NORMAL SERVICE.,B03,19,0,24413000030,6,0,24
24413000215,B03,44,131,남천안노인요양원병설재가노인복지센터,00,NORMAL SERVICE.,B03,31,0,24413000215,13,0,41
24413000251,B03,44,133,북천안요양원부설주야간보호센터,00,NORMAL SERVICE.,B03,15,0,24413000251,6,0,21
24413000340,B03,44,131,아우내은빛복지관부설아우내노인복지센터,00,NORMAL SERVICE.,B03,29,0,24413000340,9,0,35
24413000423,B03,44,131,우리노인주간보호센터,00,NORMAL SERVICE.,B03,41,0,24413000423,20,0,71
24413000215,B04,44,131,남천안노인요양원병설재가노인복지센터,00,NORMAL SERVICE.,B04,0,0,24413000215,0,0,6
24425000054,B04,44,250,계룡효재가노인복지센터,00,NORMAL SERVICE.,B04,0,0,24425000054,0,0,4
24471000159,B04,44,710,동행랜드 핑크동,00,NORMAL SERVICE.,B04,,,24471000159,0,,9
24413000503,B05,44,131,천안재가복지센터,00,NORMAL SERVICE.,B05,,,24413000503,,,0
24413000552,B05,44,133,입장한옥실버센터,00,NORMAL SERVICE.,B05,20,,24413000552,6,,0
24413000672,B05,44,133,더베스트방문간호요양센터,00,NORMAL SERVICE.,B05,,,24413000672,,,0
24413000682,B05,44,131,대한메디컬재가복지센터,00,NORMAL SERVICE.,B05,,,24413000682,,,0
24413000684,B05,44,133,하루 재가 방문간호센터,00,NORMAL SERVICE.,B05,2,,24413000684,,,0
24413000301,B06,44,133,하은요양센터,00,NORMAL SERVICE.,B06,83,,24413000301,35,,0
24413000499,B06,44,131,천안도우누리재가노인복지센터,00,NORMAL SERVICE.,B06,,,24413000499,,,0
24413000571,B06,44,131,제일메디컬,00,NORMAL SERVICE.,B06,,,24413000571,,,0
24413000586,B06,44,133,효드림복지용구센터,00,NORMAL SERVICE.,B06,,,24413000586,,,0
24413000588,B06,44,131,고은빛나재가센터,00,NORMAL SERVICE.,B06,,,24413000588,,,0
34413000004,C01,44,131,엔젤요양서비스,00,NORMAL SERVICE.,C01,19,,34413000004,17,,0
34413000058,C01,44,133,서로사랑노인복지센터,00,NORMAL SERVICE.,C01,32,0,34413000058,13,0,57
34413000060,C01,44,131,천안우리방문요양센터,00,NORMAL SERVICE.,C01,26,,34413000060,11,,999
34413000076,C01,44,133,사회복지법인 영서복지재단 충무노인복지센터,00,NORMAL SERVICE.,C01,,,34413000076,,,
34413000081,C01,44,131,하나요양보호원,00,NORMAL SERVICE.,C01,,,34413000081,,,
34413000004,C02,44,131,엔젤요양서비스,00,NORMAL SERVICE.,C02,,,34413000004,,,0
34413000058,C02,44,133,서로사랑노인복지센터,00,NORMAL SERVICE.,C02,170,0,34413000058,96,0,57
34413000081,C02,44,131,하나요양보호원,00,NORMAL SERVICE.,C02,,,34413000081,,,
34413000146,C02,44,133,섬김노인복지센터,00,NORMAL SERVICE.,C02,,,34413000146,,,
34413000156,C02,44,131,'(A)돕는천사 벧엘 천안지사,00,NORMAL SERVICE.,C02,,,34413000156,,,
34413000058,C03,44,133,서로사랑노인복지센터,00,NORMAL SERVICE.,C03,25,,34413000058,8,,29
34413000076,C03,44,133,사회복지법인 영서복지재단 충무노인복지센터,00,NORMAL SERVICE.,C03,6,0,34413000076,1,0,9
34413000123,C03,44,133,금빛사랑 재가장기요양기관,00,NORMAL SERVICE.,C03,5,0,34413000123,10,0,24
34413000256,C03,44,131,해피하우스노인복지센터,00,NORMAL SERVICE.,C03,34,0,34413000256,13,0,48
34413000317,C03,44,133,쌍용노인전문요양원병설주야간보호센터,00,NORMAL SERVICE.,C03,17,0,34413000317,4,0,21
34413000076,C05,44,133,사회복지법인 영서복지재단 충무노인복지센터,00,NORMAL SERVICE.,C05,,,34413000076,,,
34413000146,C05,44,133,섬김노인복지센터,00,NORMAL SERVICE.,C05,,,34413000146,,,
34413000216,C05,44,131,남천안노인요양원병설재가노인복지센터,00,NORMAL SERVICE.,C05,3,0,34413000216,3,0,
34413000484,C05,44,133,르모브재가간호구강센터,00,NORMAL SERVICE.,C05,,,34413000484,,,0
34418000104,C05,44,180,힐링재가복지센터,00,NORMAL SERVICE.,C05,0,0,34418000104,0,0,0
34413000004,C06,44,131,엔젤요양서비스,00,NORMAL SERVICE.,C06,39,,34413000004,26,,0
34413000069,C06,44,133,연세의료기,00,NORMAL SERVICE.,C06,,,34413000069,,,0
34413000070,C06,44,131,충청의료기상사,00,NORMAL SERVICE.,C06,,,34413000070,,,
34413000087,C06,44,131,충남의료기,00,NORMAL SERVICE.,C06,,,34413000087,,,0
34413000088,C06,44,133,천안아산복지용구센터,00,NORMAL SERVICE.,C06,,,34413000088,,,
14415000012,G31,44,150,공주원로원 아담스하우스,00,NORMAL SERVICE.,G31,12,0,14415000012,,0,12
14420000203,G31,44,200,행복한요양원,00,NORMAL SERVICE.,G31,0,0,14420000203,0,0,7
14421000117,G31,44,210,수린목요양원,00,NORMAL SERVICE.,G31,8,0,14421000117,4,0,12
14423000328,G31,44,230,해피니스요양원,00,NORMAL SERVICE.,G31,10,,14423000328,2,,12
14427000256,G31,44,270,당진시립노인요양원,00,NORMAL SERVICE.,G31,12,,14427000256,0,,12
14423000328,G32,44,230,해피니스요양원,00,NORMAL SERVICE.,G32,12,,14423000328,0,,12
14427000256,G32,44,270,당진시립노인요양원,00,NORMAL SERVICE.,G32,0,,14427000256,12,,12
14476000071,G32,44,760,부여장수요양원,00,NORMAL SERVICE.,G32,10,,14476000071,3,,16
14477000001,G32,44,770,서천 마서요양원,00,NORMAL SERVICE.,G32,0,,14477000001,0,,10
14477000018,G32,44,770,서천군노인요양시설,00,NORMAL SERVICE.,G32,12,,14477000018,0,,12
24413000704,H31,44,131,천안시립노인요양원병설주야간보호센터,00,NORMAL SERVICE.,H31,0,,24413000704,0,,15
24420000370,H31,44,200,아산재활주간보호센터,00,NORMAL SERVICE.,H31,0,0,24420000370,0,0,25
24427000153,H31,44,270,마실노인복지센터,00,NORMAL SERVICE.,H31,16,,24427000153,1,,17
24427000178,H31,44,270,온누리주야간보호센터,00,NORMAL SERVICE.,H31,9,,24427000178,2,,16
24477000023,H31,44,770,서천노인복지센터,00,NORMAL SERVICE.,H31,14,,24477000023,10,,25
34476000049,I31,44,760,벧엘노인복지센터,00,NORMAL SERVICE.,I31,22,,34476000049,3,,25
34476000122,I31,44,760,부여노인주간보호센터,00,NORMAL SERVICE.,I31,13,,34476000122,7,0,25
34481000114,I31,44,810,내포주간보호센터,00,NORMAL SERVICE.,I31,8,,34481000114,0,,8
34476000049,I32,44,760,벧엘노인복지센터,00,NORMAL SERVICE.,I32,15,,34476000049,10,,25
14427000124,M31,44,270,당진전문요양원,00,NORMAL SERVICE.,M31,4,,14427000124,8,,12
14482500118,M31,44,825,태안군립어르신돌봄센터,00,NORMAL SERVICE.,M31,7,0,14482500118,3,5,12
14483000025,M31,44,270,실버프리 송악,00,NORMAL SERVICE.,M31,10,,14483000025,0,,12
14483000068,M31,44,270,사회복지법인 참사랑복지재단 참사랑요양원,00,NORMAL SERVICE.,M31,11,0,14483000068,0,0,12
14427000124,M32,44,270,당진전문요양원,00,NORMAL SERVICE.,M32,8,,14427000124,4,,12
14482500118,M32,44,825,태안군립어르신돌봄센터,00,NORMAL SERVICE.,M32,9,1,14482500118,1,4,12
14483000025,M32,44,270,실버프리 송악,00,NORMAL SERVICE.,M32,10,,14483000025,0,,12
14427000124,M33,44,270,당진전문요양원,00,NORMAL SERVICE.,M33,7,,14427000124,5,,12
14483000025,M33,44,270,실버프리 송악,00,NORMAL SERVICE.,M33,0,,14483000025,10,2,12
14427000124,M34,44,270,당진전문요양원,00,NORMAL SERVICE.,M34,11,,14427000124,0,,12
14483000025,M34,44,270,실버프리 송악,00,NORMAL SERVICE.,M34,10,,14483000025,0,,12
14427000124,M35,44,270,당진전문요양원,00,NORMAL SERVICE.,M35,11,,14427000124,0,,12
14427000124,M36,44,270,당진전문요양원,00,NORMAL SERVICE.,M36,8,,14427000124,4,,12
14711000004,A03,47,113,갈릴리마을,00,NORMAL SERVICE.,A03,7,2,14711000004,4,1,40
14711000006,A03,47,111,포항위덕어르신마을,00,NORMAL SERVICE.,A03,29,1,14711000006,5,1,50
14711000008,A03,47,113,포항원광보은의집,00,NORMAL SERVICE.,A03,42,10,14711000008,11,1,64
14711000010,A03,47,111,햇빛마을,00,NORMAL SERVICE.,A03,78,426,14711000010,0,39,90
14711000015,A03,47,111,학계노인전문요양원,00,NORMAL SERVICE.,A03,19,0,14711000015,4,0,35
14711000016,A03,47,111,유락원,00,NORMAL SERVICE.,A03,32,0,14711000016,12,0,90
14711000388,A04,47,111,다예요양센터,00,NORMAL SERVICE.,A04,3,0,14711000388,3,,9
14711000561,A04,47,111,부영노인요양공동생활가정,00,NORMAL SERVICE.,A04,7,,14711000561,2,,9
14711000623,A04,47,111,포항 효 요양원,00,NORMAL SERVICE.,A04,9,4,14711000623,0,,9
14713000016,A04,47,130,사랑의보금자리,00,NORMAL SERVICE.,A04,5,,14713000016,1,,9
14713000102,A04,47,130,낮은둥지공동체,00,NORMAL SERVICE.,A04,7,0,14713000102,0,0,9
24711000163,B01,47,113,실버힐 재가복지센터,00,NORMAL SERVICE.,B01,19,0,24711000163,9,0,0
24711000182,B01,47,113,들꽃마을 노인복지센터,00,NORMAL SERVICE.,B01,17,0,24711000182,2,0,0
24711000215,B01,47,111,유락원재가노인복지센터,00,NORMAL SERVICE.,B01,13,,24711000215,8,,0
24711000494,B01,47,113,가온누리 복지센터,00,NORMAL SERVICE.,B01,49,,24711000494,48,,0
24711000496,B01,47,111,한결재가복지센터,00,NORMAL SERVICE.,B01,10,,24711000496,15,,0
24711000163,B02,47,113,실버힐 재가복지센터,00,NORMAL SERVICE.,B02,0,0,24711000163,0,0,0
24711000215,B02,47,111,유락원재가노인복지센터,00,NORMAL SERVICE.,B02,,0,24711000215,,0,0
24711000494,B02,47,113,가온누리 복지센터,00,NORMAL SERVICE.,B02,0,,24711000494,11,,0
24711000505,B02,47,113,은혜로재가복지센터,00,NORMAL SERVICE.,B02,0,,24711000505,0,,0
24711000507,B02,47,111,보리재가복지센터,00,NORMAL SERVICE.,B02,,,24711000507,,,0
24711000011,B03,47,111,햇빛마을,00,NORMAL SERVICE.,B03,34,0,24711000011,4,0,42
24711000182,B03,47,113,들꽃마을 노인복지센터,00,NORMAL SERVICE.,B03,22,0,24711000182,7,0,30
24711000267,B03,47,113,선재 주야간노인센터,00,NORMAL SERVICE.,B03,14,1,24711000267,2,1,35
24711000271,B03,47,111,효도마을 노인주간보호센터,00,NORMAL SERVICE.,B03,20,0,24711000271,10,0,38
24711000487,B03,47,113,환호노인복지센터,00,NORMAL SERVICE.,B03,24,0,24711000487,6,0,31
24717000109,B04,47,170,혜성노인복지센터,00,NORMAL SERVICE.,B04,0,0,24717000109,0,,9
24729028734,B04,47,290,보현노인복지센터,00,NORMAL SERVICE.,B04,0,0,24729028734,0,0,4
24773000054,B04,47,730,안계노인복지센터,00,NORMAL SERVICE.,B04,0,0,24773000054,0,0,10
24785000189,B04,47,850,드림주간보호센터,00,NORMAL SERVICE.,B04,,,24785000189,,,6
24790000392,B04,47,900,예천연꽃마을 재가노인복지센터,00,NORMAL SERVICE.,B04,,,24790000392,,,5
24711000621,B05,47,113,우리동네 방문간호센터,00,NORMAL SERVICE.,B05,,,24711000621,,,0
24711000622,B05,47,113,우리방문간호센터,00,NORMAL SERVICE.,B05,,,24711000622,,,0
24711000707,B05,47,111,돌보고 통합재가복지센터,00,NORMAL SERVICE.,B05,,,24711000707,,,0
24713000384,B05,47,130,오늘방문간호요양센터,00,NORMAL SERVICE.,B05,,,24713000384,0,0,0
24713000467,B05,47,130,늘봄방문간호센터,00,NORMAL SERVICE.,B05,,,24713000467,,,0
24711000494,B06,47,113,가온누리 복지센터,00,NORMAL SERVICE.,B06,,,24711000494,,,0
24711000514,B06,47,111,부림복지용구,00,NORMAL SERVICE.,B06,59,,24711000514,18,,0
24711000519,B06,47,111,딜라이트(보청기),00,NORMAL SERVICE.,B06,,,24711000519,,,0
24711000551,B06,47,113,선한이웃 복지용구 센터,00,NORMAL SERVICE.,B06,,,24711000551,,,0
24711000595,B06,47,111,바른복지용구,00,NORMAL SERVICE.,B06,,,24711000595,,,0
34711000046,C01,47,113,죽장노인장기요양센타,00,NORMAL SERVICE.,C01,,,34711000046,,,
34711000054,C01,47,113,동국 방문요양센터,00,NORMAL SERVICE.,C01,,,34711000054,,,
34711000065,C01,47,113,은혜재가요양센터,00,NORMAL SERVICE.,C01,,,34711000065,,,
34711000072,C01,47,113,한사랑노인복지센터,00,NORMAL SERVICE.,C01,,,34711000072,,,
34711000080,C01,47,113,기계 효 장기요양센터,00,NORMAL SERVICE.,C01,,,34711000080,,,
34711000046,C02,47,113,죽장노인장기요양센타,00,NORMAL SERVICE.,C02,,,34711000046,,,
34711000054,C02,47,113,동국 방문요양센터,00,NORMAL SERVICE.,C02,,,34711000054,,,
34711000065,C02,47,113,은혜재가요양센터,00,NORMAL SERVICE.,C02,,,34711000065,,,
34711000072,C02,47,113,한사랑노인복지센터,00,NORMAL SERVICE.,C02,,,34711000072,,,
34711000080,C02,47,113,기계 효 장기요양센터,00,NORMAL SERVICE.,C02,,,34711000080,,,
34711000132,C03,47,111,평화의집 노인복지센터,00,NORMAL SERVICE.,C03,8,,34711000132,9,,22
34711000135,C03,47,113,가장조은복지센터,00,NORMAL SERVICE.,C03,22,0,34711000135,2,0,25
34711000170,C03,47,111,선한이웃노인복지원,00,NORMAL SERVICE.,C03,31,0,34711000170,14,,42
34711000200,C03,47,111,해와달노인복지센터,00,NORMAL SERVICE.,C03,9,0,34711000200,3,0,13
34711000273,C03,47,111,오천행복재가복지센터,00,NORMAL SERVICE.,C03,14,0,34711000273,3,0,33
34711000200,C04,47,111,해와달노인복지센터,00,NORMAL SERVICE.,C04,4,0,34711000200,3,,13
34719000188,C04,47,190,심청노인복지센터,00,NORMAL SERVICE.,C04,0,0,34719000188,0,0,5
34729028901,C04,47,290,(A+)황박사노치원,00,NORMAL SERVICE.,C04,0,,34729028901,0,0,9
34711000054,C05,47,113,동국 방문요양센터,00,NORMAL SERVICE.,C05,,,34711000054,,,
34711000227,C05,47,113,경북재가요양원,00,NORMAL SERVICE.,C05,11,,34711000227,4,,0
34711000457,C05,47,113,소담방문간호센터,00,NORMAL SERVICE.,C05,,,34711000457,,,0
34711000458,C05,47,113,국민건강재가복지센터,00,NORMAL SERVICE.,C05,,,34711000458,,,0
34711000467,C05,47,113,한울재가복지센터,00,NORMAL SERVICE.,C05,,,34711000467,,,0
34711000060,C06,47,113,동산보청기의료기상사,00,NORMAL SERVICE.,C06,,,34711000060,,,0
34711000094,C06,47,113,"파티마보조기,의료기백화점",00,NORMAL SERVICE.,C06,,,34711000094,,,0
34711000158,C06,47,111,미래복지재가센타,00,NORMAL SERVICE.,C06,,,34711000158,,,0
34711000181,C06,47,113,수메디칼,00,NORMAL SERVICE.,C06,,,34711000181,,,0
34711000213,C06,47,113,주식회사 케어스토어,00,NORMAL SERVICE.,C06,,,34711000213,,,
14713000104,G31,47,130,공영노인전문요양시설 사랑원,00,NORMAL SERVICE.,G31,12,,14713000104,0,,12
14713000370,G31,47,130,네스트빌요양원,00,NORMAL SERVICE.,G31,8,2,14713000370,0,,8
14719000249,G31,47,190,노인요양시설 효구미실버힐,00,NORMAL SERVICE.,G31,14,0,14719000249,2,0,16
14721000003,G31,47,210,소망의집,00,NORMAL SERVICE.,G31,0,,14721000003,0,,15
14725000094,G31,47,250,상주연세실버타운,00,NORMAL SERVICE.,G31,12,2,14725000094,0,0,12
14713000104,G32,47,130,공영노인전문요양시설 사랑원,00,NORMAL SERVICE.,G32,12,,14713000104,0,,12
14713000370,G32,47,130,네스트빌요양원,00,NORMAL SERVICE.,G32,15,4,14713000370,0,,15
14729000004,G32,47,290,보현요양원,00,NORMAL SERVICE.,G32,8,,14729000004,2,,12
14792000001,G32,47,920,봉화요양원,00,NORMAL SERVICE.,G32,8,,14792000001,4,,14
14792000001,G33,47,920,봉화요양원,00,NORMAL SERVICE.,G33,10,,14792000001,4,,16
14792000001,G34,47,920,봉화요양원,00,NORMAL SERVICE.,G34,8,,14792000001,4,,12
24711000679,H31,47,113,포항휴주간보호센터,00,NORMAL SERVICE.,H31,0,0,24711000679,0,0,25
24713000311,H31,47,130,청우산대주간보호센터,00,NORMAL SERVICE.,H31,17,0,24713000311,8,0,25
24715000275,H31,47,150,김천나눔사회적협동조합,00,NORMAL SERVICE.,H31,25,2,24715000275,,,25
24715000340,H31,47,150,우리노인복지센터,00,NORMAL SERVICE.,H31,4,,24715000340,2,,25
24717000003,H31,47,170,나천재가노인복지센터,00,NORMAL SERVICE.,H31,9,,24717000003,9,,25
24713000311,H32,47,130,청우산대주간보호센터,00,NORMAL SERVICE.,H32,21,0,24713000311,3,0,25
24717000003,H32,47,170,나천재가노인복지센터,00,NORMAL SERVICE.,H32,7,,24717000003,8,,25
24719000197,H32,47,190,은가람재가노인복지센터,00,NORMAL SERVICE.,H32,0,,24719000197,0,,11
24719000477,H32,47,190,효구미노인복지센터,00,NORMAL SERVICE.,H32,15,,24719000477,7,,25
24728000161,H32,47,280,미소치매전담형 주야간보호센터,00,NORMAL SERVICE.,H32,0,,24728000161,0,,24
34711000450,I31,47,113,우현노인복지센터,00,NORMAL SERVICE.,I31,9,,34711000450,6,,18
34713000239,I31,47,130,경주어르신종합돌봄센터,00,NORMAL SERVICE.,I31,0,,34713000239,0,,5
34719000121,I31,47,190,주식회사참사랑,00,NORMAL SERVICE.,I31,15,,34719000121,8,,25
34790000024,I31,47,900,대경케어노인복지센터,00,NORMAL SERVICE.,I31,30,0,34790000024,0,0,25
34719000121,I32,47,190,주식회사참사랑,00,NORMAL SERVICE.,I32,11,,34719000121,11,,25
14711000453,M31,47,113,우현요양원,00,NORMAL SERVICE.,M31,16,,14711000453,0,,16
14711000453,M32,47,113,우현요양원,00,NORMAL SERVICE.,M32,6,,14711000453,7,,13
14713000134,S41,47,130,경주따뜻한집,00,NORMAL SERVICE.,S41,8,,14713000134,1,,9
14721000195,S41,47,210,은빛둥지,00,NORMAL SERVICE.,S41,5,0,14721000195,3,0,9
14773000079,S41,47,730,금성산치매공동생활가정,00,NORMAL SERVICE.,S41,8,0,14773000079,1,0,9
14811000005,A03,48,121,동진노인복지센터,00,NORMAL SERVICE.,A03,40,0,14811000005,6,0,62
14811000006,A03,48,121,주남요양센터,00,NORMAL SERVICE.,A03,16,0,14811000006,9,0,36
14811000016,A03,48,121,창원성심요양원,00,NORMAL SERVICE.,A03,57,0,14811000016,20,0,86
14811000017,A03,48,121,창원성심노인전문요양원,00,NORMAL SERVICE.,A03,46,0,14811000017,6,0,86
14811000133,A03,48,121,다솜창원노인복지센터,00,NORMAL SERVICE.,A03,25,2,14811000133,1,1,26
14812000197,A03,48,121,소답노인요양센터,00,NORMAL SERVICE.,A03,34,0,14812000197,4,0,37
14811000007,A04,48,121,수산자비선원 부설 자비마을,00,NORMAL SERVICE.,A04,4,0,14811000007,0,0,9
14811000023,A04,48,121,아름다운요양원,00,NORMAL SERVICE.,A04,9,,14811000023,,,9
14812000153,A04,48,121,온새미로요양원,00,NORMAL SERVICE.,A04,6,0,14812000153,0,0,8
14812000180,A04,48,129,은빛노인센터,00,NORMAL SERVICE.,A04,8,0,14812000180,0,0,9
14812000189,A04,48,125,늘돌봄요양센터,00,NORMAL SERVICE.,A04,8,,14812000189,0,,9
14812000306,A04,48,129,에버그린 실버홈,00,NORMAL SERVICE.,A04,9,0,14812000306,0,0,9
24811000030,B01,48,123,한빛노인복지센터,00,NORMAL SERVICE.,B01,0,,24811000030,0,,0
24811000045,B01,48,123,희연재가커뮤니티케어센터,00,NORMAL SERVICE.,B01,35,,24811000045,9,,0
24811000063,B01,48,121,창원성심재가노인복지센터,00,NORMAL SERVICE.,B01,,,24811000063,,,0
24812000200,B01,48,125,명진노인통합지원센터,00,NORMAL SERVICE.,B01,25,0,24812000200,2,0,0
24812000359,B01,48,121,안정재활재가센터,00,NORMAL SERVICE.,B01,4,,24812000359,4,,0
24812000415,B01,48,125,남가람 노인 통합지원센터,00,NORMAL SERVICE.,B01,2,,24812000415,1,,0
24811000045,B02,48,123,희연재가커뮤니티케어센터,00,NORMAL SERVICE.,B02,,,24811000045,,,0
24812000359,B02,48,121,안정재활재가센터,00,NORMAL SERVICE.,B02,,,24812000359,,,0
24812000424,B02,48,123,태양재가노인복지센터,00,NORMAL SERVICE.,B02,0,,24812000424,0,,0
24812000435,B02,48,121,창원도우누리 노인통합재가센터,00,NORMAL SERVICE.,B02,8,,24812000435,3,,0
24812000437,B02,48,121,선일데이케어센터,00,NORMAL SERVICE.,B02,,,24812000437,,,0
24812000594,B02,48,121,다안재가복지센터,00,NORMAL SERVICE.,B02,4,,24812000594,3,,0
24811000008,B03,48,121,동진소규모노인종합센터,00,NORMAL SERVICE.,B03,20,,24811000008,5,,70
24811000030,B03,48,123,한빛노인복지센터,00,NORMAL SERVICE.,B03,16,,24811000030,0,,15
24811000045,B03,48,123,희연재가커뮤니티케어센터,00,NORMAL SERVICE.,B03,47,,24811000045,19,,103
24812000359,B03,48,121,안정재활재가센터,00,NORMAL SERVICE.,B03,31,,24812000359,8,,57
24812000415,B03,48,125,남가람 노인 통합지원센터,00,NORMAL SERVICE.,B03,34,,24812000415,5,,45
24812000424,B03,48,123,태양재가노인복지센터,00,NORMAL SERVICE.,B03,16,,24812000424,5,,21
24825000612,B04,48,250,큰나무주간보호센터,00,NORMAL SERVICE.,B04,,,24825000612,,,3
24811000045,B05,48,123,희연재가커뮤니티케어센터,00,NORMAL SERVICE.,B05,17,,24811000045,10,,0
24812000624,B05,48,121,행복한재가방문요양센터,00,NORMAL SERVICE.,B05,14,,24812000624,18,,0
24812000633,B05,48,127,백세행복노인복지센터 내서점,00,NORMAL SERVICE.,B05,,,24812000633,,,0
24812000768,B05,48,127,참방문간호요양센터,00,NORMAL SERVICE.,B05,,,24812000768,,,0
24812000847,B05,48,121,창원 효사랑주간보호센터,00,NORMAL SERVICE.,B05,3,,24812000847,,,0
24812000850,B05,48,123,창원 효 방문간호재가센터,00,NORMAL SERVICE.,B05,19,,24812000850,13,1,0
24812000589,B06,48,121,우리복지의료기,00,NORMAL SERVICE.,B06,,,24812000589,,,0
24812000611,B06,48,121,돌봄의료기복지용구,00,NORMAL SERVICE.,B06,,,24812000611,,,0
24812000636,B06,48,127,해피케어,00,NORMAL SERVICE.,B06,,,24812000636,,,0
24812000640,B06,48,121,세종메디,00,NORMAL SERVICE.,B06,,,24812000640,,,0
24812000739,B06,48,127,해피한 복지용구사업소,00,NORMAL SERVICE.,B06,,,24812000739,,,0
24812000767,B06,48,125,효담 재가노인복지센터,00,NORMAL SERVICE.,B06,,,24812000767,,,0
34811000001,C01,48,121,설암재가노인복지센터,00,NORMAL SERVICE.,C01,,,34811000001,,,0
34811000048,C01,48,123,은광재가복지센터,00,NORMAL SERVICE.,C01,,,34811000048,,,
34811000051,C01,48,123,새경남노인복지센터,00,NORMAL SERVICE.,C01,20,,34811000051,0,,0
34811000056,C01,48,121,예명 재가복지센터,00,NORMAL SERVICE.,C01,,,34811000056,,,0
34811000067,C01,48,125,늘돌봄터,00,NORMAL SERVICE.,C01,,,34811000067,,,
34811000071,C01,48,123,영남방문요양센터,00,NORMAL SERVICE.,C01,,,34811000071,,,
34811000001,C02,48,121,설암재가노인복지센터,00,NORMAL SERVICE.,C02,,,34811000001,,,0
34811000048,C02,48,123,은광재가복지센터,00,NORMAL SERVICE.,C02,,,34811000048,,,
34811000051,C02,48,123,새경남노인복지센터,00,NORMAL SERVICE.,C02,0,,34811000051,0,,0
34811000056,C02,48,121,예명 재가복지센터,00,NORMAL SERVICE.,C02,,,34811000056,,,0
34811000067,C02,48,125,늘돌봄터,00,NORMAL SERVICE.,C02,,,34811000067,,,
34811000071,C02,48,123,영남방문요양센터,00,NORMAL SERVICE.,C02,,,34811000071,,,
34812000150,C03,48,125,경남다올노인복지센터,00,NORMAL SERVICE.,C03,39,,34812000150,9,,54
34812000233,C03,48,121,소답노인장기요양센터,00,NORMAL SERVICE.,C03,16,,34812000233,9,,33
34812000260,C03,48,121,예본노인복지센터,00,NORMAL SERVICE.,C03,18,,34812000260,2,,31
34812000331,C03,48,129,사랑방 주.야간복지센터,00,NORMAL SERVICE.,C03,27,,34812000331,6,,38
34812000358,C03,48,121,행복나눔재가장기요양기관,00,NORMAL SERVICE.,C03,9,,34812000358,1,,9
34812000375,C03,48,125,한울노인복지기관,00,NORMAL SERVICE.,C03,28,,34812000375,8,,40
34825000252,C04,48,250,가나안노인복지센터,00,NORMAL SERVICE.,C04,,,34825000252,0,,3
34811000001,C05,48,121,설암재가노인복지센터,00,NORMAL SERVICE.,C05,,,34811000001,,,0
34812000263,C05,48,129,웅동방문간호요양센터,00,NORMAL SERVICE.,C05,,,34812000263,,,0
34812000328,C05,48,127,푸른방문간호요양센터,00,NORMAL SERVICE.,C05,,,34812000328,,,0
34812000573,C05,48,121,누림재가복지센터,00,NORMAL SERVICE.,C05,,,34812000573,,,0
34816000145,C05,48,125,재가장기요양기관 새론,00,NORMAL SERVICE.,C05,20,0,34816000145,13,0,0
34811000043,C06,48,121,정우의료기,00,NORMAL SERVICE.,C06,,,34811000043,,,
34811000084,C06,48,121,(주)한국메디칼,00,NORMAL SERVICE.,C06,,,34811000084,,,
34811000085,C06,48,121,국제의료기,00,NORMAL SERVICE.,C06,,,34811000085,,,0
34811000105,C06,48,121,정동통상의료기,00,NORMAL SERVICE.,C06,,,34811000105,,,0
34812000170,C06,48,127,(주)하울,00,NORMAL SERVICE.,C06,,,34812000170,,,0
14812000478,G31,48,129,효림요양원,00,NORMAL SERVICE.,G31,0,,14812000478,0,,16
14812000781,G31,48,125,새론케어,00,NORMAL SERVICE.,G31,15,,14812000781,1,,16
14816000037,G31,48,127,창원삼계요양원,00,NORMAL SERVICE.,G31,12,,14816000037,2,,15
14817000013,G31,48,170,공덕의집 노인요양원,00,NORMAL SERVICE.,G31,10,,14817000013,0,,16
14817000138,G31,48,170,반도노인요양원,00,NORMAL SERVICE.,G31,14,,14817000138,,,16
14812000478,G32,48,129,효림요양원,00,NORMAL SERVICE.,G32,0,,14812000478,0,,16
14816000037,G32,48,127,창원삼계요양원,00,NORMAL SERVICE.,G32,,,14816000037,,,7
14817000138,G32,48,170,반도노인요양원,00,NORMAL SERVICE.,G32,13,,14817000138,,,16
14824000004,G32,48,240,사천노인전문요양원,00,NORMAL SERVICE.,G32,0,,14824000004,0,,12
14824000059,G32,48,240,사천행복요양원,00,NORMAL SERVICE.,G32,8,0,14824000059,0,0,8
14816000037,G33,48,127,창원삼계요양원,00,NORMAL SERVICE.,G33,,,14816000037,,,15
24812000761,H31,48,121,희연치매전담형주간보호,00,NORMAL SERVICE.,H31,5,,24812000761,4,,15
24822000113,H31,48,220,백세시대 청춘실버케어센터,00,NORMAL SERVICE.,H31,3,0,24822000113,2,0,18
24824000006,H31,48,240,사천노인복지센터,00,NORMAL SERVICE.,H31,12,,24824000006,8,,25
24824000133,H31,48,240,사천기억학교,00,NORMAL SERVICE.,H31,15,0,24824000133,7,0,24
24825000536,H31,48,250,㈜케어링 주간보호센터 김해점,00,NORMAL SERVICE.,H31,,,24825000536,,,25
24812000761,H32,48,121,희연치매전담형주간보호,00,NORMAL SERVICE.,H32,,,24812000761,,,17
24822000113,H32,48,220,백세시대 청춘실버케어센터,00,NORMAL SERVICE.,H32,7,0,24822000113,2,0,24
24833000238,H32,48,330,양산도우누리치매전문센터,00,NORMAL SERVICE.,H32,5,,24833000238,0,,12
34817000220,I31,48,170,태성데이케어센터,00,NORMAL SERVICE.,I31,22,,34817000220,4,,25
34827000171,I31,48,270,오이주간보호센터,00,NORMAL SERVICE.,I31,11,,34827000171,2,,20
14887000034,M31,48,870,연꽃노인요양원,00,NORMAL SERVICE.,M31,0,0,14887000034,0,0,16
14888000099,M31,48,880,거창시니어카운티,00,NORMAL SERVICE.,M31,0,,14888000099,0,,12
14811000081,S41,48,121,그린힐 치매전문요양센터,00,NORMAL SERVICE.,S41,8,,14811000081,,,9
14817000162,S41,48,170,효원실버그룹홈,00,NORMAL SERVICE.,S41,8,,14817000162,1,,9
14817000180,S41,48,170,효원실버그룹홈2호,00,NORMAL SERVICE.,S41,9,0,14817000180,0,0,9
14817000233,S41,48,170,효원실버그룹홈3호,00,NORMAL SERVICE.,S41,9,,14817000233,0,,9
14833000226,S41,48,330,풀꽃사랑채,00,NORMAL SERVICE.,S41,9,3,14833000226,,,9
15011000001,A03,50,110,한경원광소규모요양시설,00,NORMAL SERVICE.,A03,8,,15011000001,0,0,10
15011000005,A03,50,110,제주요양원,00,NORMAL SERVICE.,A03,64,1,15011000005,21,1,87
15011000006,A03,50,110,주사랑요양원,00,NORMAL SERVICE.,A03,26,0,15011000006,1,0,84
15011000010,A03,50,110,성이시돌요양원,00,NORMAL SERVICE.,A03,83,45,15011000010,2,12,85
15011000011,A03,50,110,소망요양원,00,NORMAL SERVICE.,A03,58,2,15011000011,12,5,81
15011000012,A03,50,110,세화요양원,00,NORMAL SERVICE.,A03,58,1,15011000012,14,1,81
15011000013,A03,50,110,보은의집,00,NORMAL SERVICE.,A03,36,1,15011000013,18,0,113
15011000015,A03,50,110,제주태고원,00,NORMAL SERVICE.,A03,80,7,15011000015,13,6,95
15011000163,A04,50,110,서부요양원,00,NORMAL SERVICE.,A04,5,0,15011000163,4,0,9
15011000165,A04,50,110,서부노인요양원,00,NORMAL SERVICE.,A04,8,0,15011000165,1,0,9
15011000200,A04,50,110,아름마을 요양원,00,NORMAL SERVICE.,A04,8,8,15011000200,1,0,9
15011000202,A04,50,110,둥지노인요양공동생활가정,00,NORMAL SERVICE.,A04,8,0,15011000202,0,0,9
15011000256,A04,50,110,동문요양원,00,NORMAL SERVICE.,A04,4,,15011000256,3,0,9
15011000264,A04,50,110,낭그늘요양원,00,NORMAL SERVICE.,A04,7,0,15011000264,0,0,9
15011000320,A04,50,110,신촌실버복지센터,00,NORMAL SERVICE.,A04,9,,15011000320,,,9
15011000422,A04,50,110,어르신요양가정 효누리,00,NORMAL SERVICE.,A04,4,0,15011000422,4,0,9
25011000003,B01,50,110,동제주노인복지센터,00,NORMAL SERVICE.,B01,,,25011000003,,,
25011000004,B01,50,110,은빛마을노인복지센터,00,NORMAL SERVICE.,B01,18,0,25011000004,8,0,0
25011000008,B01,50,110,제주원광재가노인복지센터,00,NORMAL SERVICE.,B01,,,25011000008,,,
25011000026,B01,50,110,제주노인복지센터,00,NORMAL SERVICE.,B01,,,25011000026,,,
25011000082,B01,50,110,주사랑소규모요양원,00,NORMAL SERVICE.,B01,51,,25011000082,23,,0
25011000087,B01,50,110,성안노인복지센터,00,NORMAL SERVICE.,B01,,,25011000087,,,
25011000124,B01,50,110,전원요양원,00,NORMAL SERVICE.,B01,0,0,25011000124,0,0,0
25011000298,B01,50,110,한림주간보호센터,00,NORMAL SERVICE.,B01,,,25011000298,,,
25011000002,B02,50,110,한경원광소규모요양시설,00,NORMAL SERVICE.,B02,,,25011000002,,,
25011000003,B02,50,110,동제주노인복지센터,00,NORMAL SERVICE.,B02,,,25011000003,,,
25011000004,B02,50,110,은빛마을노인복지센터,00,NORMAL SERVICE.,B02,20,0,25011000004,10,0,0
25011000008,B02,50,110,제주원광재가노인복지센터,00,NORMAL SERVICE.,B02,,,25011000008,,,
25011000026,B02,50,110,제주노인복지센터,00,NORMAL SERVICE.,B02,,,25011000026,,,
25011000082,B02,50,110,주사랑소규모요양원,00,NORMAL SERVICE.,B02,0,,25011000082,0,,0
25011000087,B02,50,110,성안노인복지센터,00,NORMAL SERVICE.,B02,,,25011000087,,,
25011000124,B02,50,110,전원요양원,00,NORMAL SERVICE.,B02,,,25011000124,,,
25011000002,B03,50,110,한경원광소규모요양시설,00,NORMAL SERVICE.,B03,3,0,25011000002,2,0,9
25011000004,B03,50,110,은빛마을노인복지센터,00,NORMAL SERVICE.,B03,13,0,25011000004,9,0,30
25011000008,B03,50,110,제주원광재가노인복지센터,00,NORMAL SERVICE.,B03,21,0,25011000008,11,0,32
25011000036,B03,50,110,삼양소규모노인종합센터,00,NORMAL SERVICE.,B03,14,0,25011000036,4,0,22
25011000080,B03,50,110,제광원소규모요양시설,00,NORMAL SERVICE.,B03,10,,25011000080,6,,27
25011000082,B03,50,110,주사랑소규모요양원,00,NORMAL SERVICE.,B03,17,,25011000082,5,0,24
25011000091,B03,50,110,노인복지센터 연화원,00,NORMAL SERVICE.,B03,8,,25011000091,0,0,15
25011000124,B03,50,110,전원요양원,00,NORMAL SERVICE.,B03,4,0,25011000124,1,0,16
25013000127,B04,50,130,서귀포공립요양원 주간보호센터,00,NORMAL SERVICE.,B04,0,,25013000127,0,,4
25011000314,B05,50,110,한울재가복지센터,00,NORMAL SERVICE.,B05,32,,25011000314,9,,0
25011000342,B05,50,110,올레재가복지센터,00,NORMAL SERVICE.,B05,,,25011000342,,,0
25011000356,B05,50,110,제주두성통합재가센터,00,NORMAL SERVICE.,B05,,,25011000356,,,0
25011000396,B05,50,110,이웃집재가복지센터,00,NORMAL SERVICE.,B05,,,25011000396,,,0
25011000398,B05,50,110,나무재가복지센터,00,NORMAL SERVICE.,B05,3,,25011000398,1,,0
25011000402,B05,50,110,돌담재가노인복지센터,00,NORMAL SERVICE.,B05,,,25011000402,,,0
25011000405,B05,50,110,수호통합재가복지센터,00,NORMAL SERVICE.,B05,3,0,25011000405,0,0,0
25011000334,B06,50,110,한라복지용구센터,00,NORMAL SERVICE.,B06,0,0,25011000334,0,0,0
25011000346,B06,50,110,설문대 복지용구,00,NORMAL SERVICE.,B06,0,,25011000346,0,,0
25011000348,B06,50,110,나눔복지용구센터,00,NORMAL SERVICE.,B06,0,0,25011000348,0,0,0
25011000353,B06,50,110,하나노인복지센터,00,NORMAL SERVICE.,B06,25,0,25011000353,38,0,0
25011000360,B06,50,110,중앙로복지용구센터,00,NORMAL SERVICE.,B06,208,,25011000360,124,,0
25011000372,B06,50,110,그린메디복지용구,00,NORMAL SERVICE.,B06,,,25011000372,,,0
25011000383,B06,50,110,제주케어메디칼,00,NORMAL SERVICE.,B06,,,25011000383,,,0
25011000391,B06,50,110,제주 진심돌봄 통합재가복지센터,00,NORMAL SERVICE.,B06,16,,25011000391,15,,0
35011000017,C01,50,110,세모바퀴재가장기요양기관,00,NORMAL SERVICE.,C01,,,35011000017,,,
35011000019,C01,50,110,엔젤방문요양지원센터,00,NORMAL SERVICE.,C01,,,35011000019,,,
35011000031,C01,50,110,제주방문간호센터,00,NORMAL SERVICE.,C01,,,35011000031,,,
35011000051,C01,50,110,힘찬노인복지센터,00,NORMAL SERVICE.,C01,,,35011000051,,,
35011000062,C01,50,110,참사랑재가장기요양기관,00,NORMAL SERVICE.,C01,,,35011000062,,,
35011000067,C01,50,110,진영노인복지센터,00,NORMAL SERVICE.,C01,,,35011000067,,,
35011000073,C01,50,110,행복한재가요양기관,00,NORMAL SERVICE.,C01,,,35011000073,,,
35011000098,C01,50,110,효심노인복지센터,00,NORMAL SERVICE.,C01,,,35011000098,,,
35011000017,C02,50,110,세모바퀴재가장기요양기관,00,NORMAL SERVICE.,C02,,,35011000017,,,
35011000019,C02,50,110,엔젤방문요양지원센터,00,NORMAL SERVICE.,C02,,,35011000019,,,
35011000031,C02,50,110,제주방문간호센터,00,NORMAL SERVICE.,C02,,,35011000031,,,
35011000051,C02,50,110,힘찬노인복지센터,00,NORMAL SERVICE.,C02,,,35011000051,,,
35011000098,C02,50,110,효심노인복지센터,00,NORMAL SERVICE.,C02,,,35011000098,,,
35011000099,C02,50,110,참된장기요양기관,00,NORMAL SERVICE.,C02,,,35011000099,,,
35011000136,C02,50,110,탐라노인복지센터,00,NORMAL SERVICE.,C02,,,35011000136,,,0
35011000140,C02,50,110,한마음복지센터,00,NORMAL SERVICE.,C02,,,35011000140,,,0
35011000096,C03,50,110,저청노인복지센터,00,NORMAL SERVICE.,C03,0,0,35011000096,0,0,7
35011000098,C03,50,110,효심노인복지센터,00,NORMAL SERVICE.,C03,15,0,35011000098,5,0,21
35011000114,C03,50,110,탐모라노인복지센터,00,NORMAL SERVICE.,C03,4,,35011000114,,0,9
35011000136,C03,50,110,탐라노인복지센터,00,NORMAL SERVICE.,C03,19,0,35011000136,4,0,23
35011000188,C03,50,110,다솜노인종합복지센터,00,NORMAL SERVICE.,C03,11,0,35011000188,4,0,21
35011000218,C03,50,110,다올주야간보호센터,00,NORMAL SERVICE.,C03,15,0,35011000218,7,0,42
35011000230,C03,50,110,다원노인복지센터,00,NORMAL SERVICE.,C03,23,0,35011000230,17,0,45
35011000234,C03,50,110,오라노인주간보호센터,00,NORMAL SERVICE.,C03,46,0,35011000234,13,,60
35011000031,C05,50,110,제주방문간호센터,00,NORMAL SERVICE.,C05,,,35011000031,,,0
35011000099,C05,50,110,참된장기요양기관,00,NORMAL SERVICE.,C05,,,35011000099,,,
35011000235,C05,50,110,반딧불복지센터,00,NORMAL SERVICE.,C05,,,35011000235,,,0
35011000296,C05,50,110,간호사가 여는  빛사랑통합돌봄재활센터,00,NORMAL SERVICE.,C05,42,,35011000296,14,,0
35011000051,C06,50,110,힘찬노인복지센터,00,NORMAL SERVICE.,C06,,,35011000051,,,
35011000077,C06,50,110,한라의료기,00,NORMAL SERVICE.,C06,,,35011000077,,,
35011000089,C06,50,110,행복나눔(복지용구),00,NORMAL SERVICE.,C06,,,35011000089,,,
35011000101,C06,50,110,노인복지용구사업소,00,NORMAL SERVICE.,C06,,,35011000101,,,
35011000149,C06,50,110,효드림노인복지센터,00,NORMAL SERVICE.,C06,,,35011000149,,,0
35011000161,C06,50,110,빛사랑복지센터,00,NORMAL SERVICE.,C06,,,35011000161,,,0
35011000162,C06,50,110,제주의료복지용구기관,00,NORMAL SERVICE.,C06,,,35011000162,,,0
15011000131,G31,50,110,제주특별자치도립노인요양원,00,NORMAL SERVICE.,G31,8,,15011000131,4,,12
15011000245,G31,50,110,정효원,00,NORMAL SERVICE.,G31,11,,15011000245,1,,12
15011000131,G32,50,110,제주특별자치도립노인요양원,00,NORMAL SERVICE.,G32,12,,15011000131,0,,12
15011000245,G32,50,110,정효원,00,NORMAL SERVICE.,G32,12,,15011000245,0,,12
25011000328,H31,50,110,제주특별자치도립노인요양원 부설 주야간보호센터,00,NORMAL SERVICE.,H31,11,0,25011000328,5,0,20
25013000127,H31,50,130,서귀포공립요양원 주간보호센터,00,NORMAL SERVICE.,H31,16,0,25013000127,3,0,25
25011000328,H32,50,110,제주특별자치도립노인요양원 부설 주야간보호센터,00,NORMAL SERVICE.,H32,9,0,25011000328,3,0,20
15013000123,M31,50,130,서귀포공립요양원,00,NORMAL SERVICE.,M31,10,1,15013000123,4,0,16
15013000123,M32,50,130,서귀포공립요양원,00,NORMAL SERVICE.,M32,0,0,15013000123,0,0,16
14211000010,A03,51,110,양지노인마을,00,NORMAL SERVICE.,A03,81,12,14211000010,26,10,110
14211000011,A03,51,110,연화마을,00,NORMAL SERVICE.,A03,42,,14211000011,17,,82
14211000014,A03,51,110,춘천원광효도의집,00,NORMAL SERVICE.,A03,38,1,14211000014,17,0,61
14211000019,A03,51,110,춘천시립요양원,00,NORMAL SERVICE.,A03,45,55,14211000019,16,13,76
14211000038,A03,51,110,엘림원,00,NORMAL SERVICE.,A03,12,0,14211000038,2,0,16
14211000124,A03,51,110,소망의집,00,NORMAL SERVICE.,A03,17,0,14211000124,8,0,29
14211000120,A04,51,110,춘천평화노인마을,00,NORMAL SERVICE.,A04,0,0,14211000120,2,0,9
14211000130,A04,51,110,예다온,00,NORMAL SERVICE.,A04,7,0,14211000130,2,0,9
14211000155,A04,51,110,봄내공동생활가정,00,NORMAL SERVICE.,A04,8,0,14211000155,1,0,9
14211000160,A04,51,110,아름다운요양원,00,NORMAL SERVICE.,A04,3,0,14211000160,0,0,7
14211000169,A04,51,110,노아요양원,00,NORMAL SERVICE.,A04,8,0,14211000169,0,0,9
14211000279,A04,51,110,다나은공동생활,00,NORMAL SERVICE.,A04,8,,14211000279,1,,9
24211000017,B01,51,110,춘천효자종합사회복지관부설춘천효자노인복지센터,00,NORMAL SERVICE.,B01,51,0,24211000017,21,0,80
24211000216,B01,51,110,운교노인복지센터,00,NORMAL SERVICE.,B01,33,0,24211000216,11,0,0
24211000228,B01,51,110,"""춘천희망""복지센터",00,NORMAL SERVICE.,B01,,0,24211000228,,0,0
24211000253,B01,51,110,A+춘천시니어복지센터,00,NORMAL SERVICE.,B01,0,,24211000253,0,,0
24211000357,B01,51,110,Ⅱ희망노인주야간보호센터,00,NORMAL SERVICE.,B01,1,,24211000357,1,,0
24211000369,B01,51,110,춘천노인복지센터,00,NORMAL SERVICE.,B01,88,0,24211000369,60,0,0
24211000017,B02,51,110,춘천효자종합사회복지관부설춘천효자노인복지센터,00,NORMAL SERVICE.,B02,0,0,24211000017,,0,30
24211000216,B02,51,110,운교노인복지센터,00,NORMAL SERVICE.,B02,0,0,24211000216,0,0,0
24211000228,B02,51,110,"""춘천희망""복지센터",00,NORMAL SERVICE.,B02,,,24211000228,,,0
24211000357,B02,51,110,Ⅱ희망노인주야간보호센터,00,NORMAL SERVICE.,B02,,,24211000357,,,0
24211000369,B02,51,110,춘천노인복지센터,00,NORMAL SERVICE.,B02,0,,24211000369,5,,0
24211000373,B02,51,110,다사랑실버케어,00,NORMAL SERVICE.,B02,,,24211000373,,,0
24211000216,B03,51,110,운교노인복지센터,00,NORMAL SERVICE.,B03,23,0,24211000216,6,0,23
24211000228,B03,51,110,"""춘천희망""복지센터",00,NORMAL SERVICE.,B03,50,0,24211000228,29,0,36
24211000253,B03,51,110,A+춘천시니어복지센터,00,NORMAL SERVICE.,B03,25,0,24211000253,14,0,46
24211000282,B03,51,110,춘천중앙노인복지센터,00,NORMAL SERVICE.,B03,10,0,24211000282,7,0,21
24211000357,B03,51,110,Ⅱ희망노인주야간보호센터,00,NORMAL SERVICE.,B03,27,1,24211000357,15,2,49
24211000373,B03,51,110,다사랑실버케어,00,NORMAL SERVICE.,B03,60,,24211000373,5,,65
24215000357,B04,51,150,사랑채움재가복지센터,00,NORMAL SERVICE.,B04,2,,24215000357,2,,9
25115000411,B04,51,150,좋은복지센터,00,NORMAL SERVICE.,B04,1,,25115000411,3,,9
24211000228,B05,51,110,"""춘천희망""복지센터",00,NORMAL SERVICE.,B05,,,24211000228,,,0
24211000421,B05,51,110,A+중앙통합복지센터,00,NORMAL SERVICE.,B05,,,24211000421,,,0
24211000498,B05,51,110,온누리재가요양센터,00,NORMAL SERVICE.,B05,0,,24211000498,,,0
24211000511,B05,51,110,숨케어재가복지센터,00,NORMAL SERVICE.,B05,,,24211000511,,,0
24213000388,B05,51,130,+조해숙재가복지센터,00,NORMAL SERVICE.,B05,,,24213000388,,,0
24215000293,B05,51,150,착한사랑재가복지센터,00,NORMAL SERVICE.,B05,,,24215000293,,,0
24211000472,B06,51,110,주식회사엘케어,00,NORMAL SERVICE.,B06,0,0,24211000472,0,0,0
24213000335,B06,51,130,백세의료기기,00,NORMAL SERVICE.,B06,300,2,24213000335,170,1,0
24213000347,B06,51,130,성지의료기,00,NORMAL SERVICE.,B06,372,,24213000347,300,,0
24213000394,B06,51,130,누가119의료기,00,NORMAL SERVICE.,B06,,,24213000394,,,0
24213000422,B06,51,130,라온라이프케어,00,NORMAL SERVICE.,B06,,,24213000422,,,0
24215000342,B06,51,150,부영의료기,00,NORMAL SERVICE.,B06,,,24215000342,,,0
34211000052,C01,51,110,그린노인복지센터,00,NORMAL SERVICE.,C01,,,34211000052,,,
34211000053,C01,51,110,우리재가복지센터,00,NORMAL SERVICE.,C01,,,34211000053,,,
34211000070,C01,51,110,천사노인복지센터,00,NORMAL SERVICE.,C01,,,34211000070,,,
34211000089,C01,51,110,노인방문요양센터 에벤에셀,00,NORMAL SERVICE.,C01,,,34211000089,,,
34211000148,C01,51,110,동원노인복지센터,00,NORMAL SERVICE.,C01,28,,34211000148,11,,0
34211000263,C01,51,110,자양방문노인복지센터,00,NORMAL SERVICE.,C01,25,20,34211000263,15,15,0
34211000052,C02,51,110,그린노인복지센터,00,NORMAL SERVICE.,C02,,,34211000052,,,
34211000070,C02,51,110,천사노인복지센터,00,NORMAL SERVICE.,C02,,,34211000070,,,
34211000089,C02,51,110,노인방문요양센터 에벤에셀,00,NORMAL SERVICE.,C02,,,34211000089,,,
34211000148,C02,51,110,동원노인복지센터,00,NORMAL SERVICE.,C02,0,,34211000148,0,,0
34211000263,C02,51,110,자양방문노인복지센터,00,NORMAL SERVICE.,C02,,,34211000263,,,
34211000265,C02,51,110,샬롬재가복지센터,00,NORMAL SERVICE.,C02,2,,34211000265,0,,0
34211000070,C03,51,110,천사노인복지센터,00,NORMAL SERVICE.,C03,25,2,34211000070,4,0,30
34211000313,C03,51,110,수빈재가노인복지센터,00,NORMAL SERVICE.,C03,16,0,34211000313,1,0,27
34211000328,C03,51,110,참조은노인복지센터,00,NORMAL SERVICE.,C03,20,0,34211000328,11,0,33
34211000342,C03,51,110,스마일 재가노인복지센터,00,NORMAL SERVICE.,C03,27,,34211000342,9,,41
34213000174,C03,51,130,효섬김재가복지센터,00,NORMAL SERVICE.,C03,34,0,34213000174,10,0,42
34213000282,C03,51,130,시니어데이케어 주은 원주센터,00,NORMAL SERVICE.,C03,39,0,34213000282,20,0,65
34211000052,C05,51,110,그린노인복지센터,00,NORMAL SERVICE.,C05,,,34211000052,,,
34211000053,C05,51,110,우리재가복지센터,00,NORMAL SERVICE.,C05,,,34211000053,,,
34211000070,C05,51,110,천사노인복지센터,00,NORMAL SERVICE.,C05,,,34211000070,,,
34215000023,C05,51,150,강릉사랑재가복지센터,00,NORMAL SERVICE.,C05,,,34215000023,,,
34217000098,C05,51,170,동해방문간호센터,00,NORMAL SERVICE.,C05,4,0,34217000098,8,0,0
34211000002,C06,51,110,고려의료기,00,NORMAL SERVICE.,C06,,,34211000002,,,
34211000035,C06,51,110,강원의료기상사,00,NORMAL SERVICE.,C06,,,34211000035,,,
34211000041,C06,51,110,솔루션복지용구지원센터,00,NORMAL SERVICE.,C06,,,34211000041,,,
34211000158,C06,51,110,100세동안 춘천점,00,NORMAL SERVICE.,C06,,,34211000158,,,0
34211000323,C06,51,110,A플러스 복지용구,00,NORMAL SERVICE.,C06,,,34211000323,,,0
14211000383,G31,51,110,세실요양원,00,NORMAL SERVICE.,G31,6,0,14211000383,5,0,12
14213000109,G31,51,130,원주성문요양원,00,NORMAL SERVICE.,G31,8,,14213000109,4,,12
14213000345,G31,51,130,원주보훈요양원,00,NORMAL SERVICE.,G31,10,,14213000345,2,,12
14215000221,G31,51,150,갈바리노인요양원,00,NORMAL SERVICE.,G31,14,0,14215000221,0,0,14
14217000003,G31,51,170,이레마을노인요양원,00,NORMAL SERVICE.,G31,12,0,14217000003,0,,12
14213000345,G32,51,130,원주보훈요양원,00,NORMAL SERVICE.,G32,7,,14213000345,5,,12
14272000041,G32,51,720,너브내노인전문요양원,00,NORMAL SERVICE.,G32,0,,14272000041,0,,12
14275000010,G32,51,750,예가노인전문요양원,00,NORMAL SERVICE.,G32,12,,14275000010,0,,12
14277000010,G32,51,770,정선군노인요양원,00,NORMAL SERVICE.,G32,8,0,14277000010,0,0,9
15123000131,G32,51,230,삼척시립 도계요양원,00,NORMAL SERVICE.,G32,,,15123000131,,,12
14272000041,G33,51,720,너브내노인전문요양원,00,NORMAL SERVICE.,G33,9,,14272000041,2,,12
14277000010,G33,51,770,정선군노인요양원,00,NORMAL SERVICE.,G33,0,0,14277000010,0,0,9
14277000010,G34,51,770,정선군노인요양원,00,NORMAL SERVICE.,G34,0,0,14277000010,0,0,9
14277000010,G35,51,770,정선군노인요양원,00,NORMAL SERVICE.,G35,0,0,14277000010,0,0,9
14277000010,G36,51,770,정선군노인요양원,00,NORMAL SERVICE.,G36,0,0,14277000010,0,0,9
24217000070,H31,51,170,동해이레복지센터,00,NORMAL SERVICE.,H31,14,,24217000070,11,,25
24219000019,H31,51,190,햇빛나눔노인복지센터,00,NORMAL SERVICE.,H31,21,,24219000019,4,,25
24272000013,H31,51,720,중앙노인복지센터,00,NORMAL SERVICE.,H31,0,,24272000013,0,,20
25115000447,H31,51,150,강릉시립주야간보호센터,00,NORMAL SERVICE.,H31,0,0,25115000447,0,0,20
25179000033,H31,51,790,화천군 치매전담형 종합노인요양시설 주간보호센터,00,NORMAL SERVICE.,H31,0,0,25179000033,0,0,1
24217000070,H32,51,170,동해이레복지센터,00,NORMAL SERVICE.,H32,17,,24217000070,8,,25
14219000001,M31,51,190,안식의 집,00,NORMAL SERVICE.,M31,14,0,14219000001,,,16
14278000001,M31,51,780,철원군노인전문요양원,00,NORMAL SERVICE.,M31,0,2,14278000001,0,,12
15115000446,M31,51,150,강릉시립노인요양센터,00,NORMAL SERVICE.,M31,9,0,15115000446,3,0,12
14278000001,M32,51,780,철원군노인전문요양원,00,NORMAL SERVICE.,M32,11,1,14278000001,0,,12
15115000446,M32,51,150,강릉시립노인요양센터,00,NORMAL SERVICE.,M32,0,0,15115000446,0,0,12
15115000446,M33,51,150,강릉시립노인요양센터,00,NORMAL SERVICE.,M33,0,0,15115000446,0,0,10
15179000032,S41,51,790,화천군 치매전담형 종합노인요양시설 공동생활가정,00,NORMAL SERVICE.,S41,3,2,15179000032,0,0,9
14511000001,A03,52,111,성예전문요양원,00,NORMAL SERVICE.,A03,45,2,14511000001,11,2,81
14511000002,A03,52,113,전주요양원,00,NORMAL SERVICE.,A03,99,,14511000002,2,,101
14511000015,A03,52,111,선덕효심원,00,NORMAL SERVICE.,A03,60,3,14511000015,12,1,80
14511000026,A03,52,111,서전주요양원,00,NORMAL SERVICE.,A03,40,0,14511000026,16,0,65
14511000027,A03,52,113,은혜요양원,00,NORMAL SERVICE.,A03,9,0,14511000027,4,0,29
14511000029,A03,52,111,하늘나무복지원,00,NORMAL SERVICE.,A03,13,0,14511000029,2,0,16
14511000030,A03,52,113,따뜻한사랑의집,00,NORMAL SERVICE.,A03,19,0,14511000030,2,0,28
14511000041,A04,52,113,반석의집,00,NORMAL SERVICE.,A04,5,0,14511000041,0,0,6
14511000290,A04,52,111,전주인보노인복지센터,00,NORMAL SERVICE.,A04,9,3,14511000290,0,0,9
14511000308,A04,52,113,사랑의문,00,NORMAL SERVICE.,A04,1,,14511000308,3,0,9
14511000371,A04,52,111,감나무요양원,00,NORMAL SERVICE.,A04,4,,14511000371,1,,9
14511000661,A04,52,113,드림요양원,00,NORMAL SERVICE.,A04,7,0,14511000661,2,0,9
14511000801,A04,52,111,가나안요양원,00,NORMAL SERVICE.,A04,1,0,14511000801,1,0,9
24511000024,B01,52,111,전주중앙노인복지센터,00,NORMAL SERVICE.,B01,,,24511000024,,,
24511000364,B01,52,111,엘림 노인복지센터,00,NORMAL SERVICE.,B01,49,0,24511000364,27,0,0
24511000367,B01,52,111,전주사회서비스 재가노인복지센터,00,NORMAL SERVICE.,B01,58,,24511000367,32,,0
24511000372,B01,52,111,다사랑노인복지센터,00,NORMAL SERVICE.,B01,22,,24511000372,9,,0
24511000551,B01,52,111,예은재가노인복지센터,00,NORMAL SERVICE.,B01,30,,24511000551,6,,0
24511000555,B01,52,111,전주재활주야간보호센터,00,NORMAL SERVICE.,B01,0,,24511000555,0,,0
24511000364,B02,52,111,엘림 노인복지센터,00,NORMAL SERVICE.,B02,25,,24511000364,18,,0
24511000367,B02,52,111,전주사회서비스 재가노인복지센터,00,NORMAL SERVICE.,B02,29,,24511000367,12,,0
24511000551,B02,52,111,예은재가노인복지센터,00,NORMAL SERVICE.,B02,,,24511000551,,,0
24511000555,B02,52,111,전주재활주야간보호센터,00,NORMAL SERVICE.,B02,,,24511000555,,,0
24511000561,B02,52,111,사회적협동조합 새샘노인복지센터,00,NORMAL SERVICE.,B02,,,24511000561,,,0
24511000563,B02,52,113,안디옥노인통합지원센터,00,NORMAL SERVICE.,B02,0,,24511000563,0,,0
24511000076,B03,52,111,서원노인주간보호센터,00,NORMAL SERVICE.,B03,10,0,24511000076,3,0,24
24511000083,B03,52,111,전주 인보노인복지센터,00,NORMAL SERVICE.,B03,21,0,24511000083,2,0,35
24511000244,B03,52,113,즐거운집노인복지센터,00,NORMAL SERVICE.,B03,25,0,24511000244,4,0,32
24511000282,B03,52,113,안골노인복지센터,00,NORMAL SERVICE.,B03,11,1,24511000282,6,1,20
24511000316,B03,52,113,늘푸른집 주야간보호센터,00,NORMAL SERVICE.,B03,30,,24511000316,5,,48
24511000367,B03,52,111,전주사회서비스 재가노인복지센터,00,NORMAL SERVICE.,B03,21,,24511000367,10,,40
25280000187,B04,52,800,다온노인복지센터,00,NORMAL SERVICE.,B04,0,6,25280000187,,,4
25280000190,B04,52,800,(유)행복한주간보호센터,00,NORMAL SERVICE.,B04,,,25280000190,,,8
24511000683,B05,52,111,돌봄재가복지센터,00,NORMAL SERVICE.,B05,11,,24511000683,6,,0
24511000753,B05,52,111,엔케어재가복지센터,00,NORMAL SERVICE.,B05,14,0,24511000753,7,,0
24511000765,B05,52,113,우리마을재가방문센터,00,NORMAL SERVICE.,B05,7,,24511000765,5,,0
24511000770,B05,52,111,행복나눔재가복지센터,00,NORMAL SERVICE.,B05,,,24511000770,,,0
24511000789,B05,52,111,다인재가복지센터,00,NORMAL SERVICE.,B05,2,,24511000789,0,,0
24513000353,B05,52,130,군산최영희재가노인복지센터,00,NORMAL SERVICE.,B05,27,,24513000353,12,,0
24511000645,B06,52,113,가정복지용구,00,NORMAL SERVICE.,B06,0,,24511000645,0,,0
24511000651,B06,52,113,동행케어,00,NORMAL SERVICE.,B06,,,24511000651,,,0
24511000690,B06,52,111,마더의료기,00,NORMAL SERVICE.,B06,,,24511000690,,,0
24511000700,B06,52,113,참사랑복지용구,00,NORMAL SERVICE.,B06,,,24511000700,,,0
24511000719,B06,52,111,백세의료기기,00,NORMAL SERVICE.,B06,,,24511000719,,,0
24511000720,B06,52,113,맘편한의료기,00,NORMAL SERVICE.,B06,,,24511000720,,,0
34511000003,C01,52,113,예찬365일데이케어,00,NORMAL SERVICE.,C01,,,34511000003,,,
34511000081,C01,52,111,성목노인복지기관,00,NORMAL SERVICE.,C01,19,,34511000081,14,,0
34511000085,C01,52,111,건강한마을노인복지센터,00,NORMAL SERVICE.,C01,,,34511000085,,,
34511000103,C01,52,111,GIP홈케어,00,NORMAL SERVICE.,C01,,,34511000103,,,
34511000125,C01,52,111,한사랑 재가복지센터,00,NORMAL SERVICE.,C01,,,34511000125,,,
34511000127,C01,52,111,비전재가복지센터,00,NORMAL SERVICE.,C01,,,34511000127,,,
34511000003,C02,52,113,예찬365일데이케어,00,NORMAL SERVICE.,C02,,,34511000003,,,
34511000081,C02,52,111,성목노인복지기관,00,NORMAL SERVICE.,C02,1,,34511000081,,,0
34511000085,C02,52,111,건강한마을노인복지센터,00,NORMAL SERVICE.,C02,,,34511000085,,,
34511000103,C02,52,111,GIP홈케어,00,NORMAL SERVICE.,C02,,,34511000103,,,
34511000125,C02,52,111,한사랑 재가복지센터,00,NORMAL SERVICE.,C02,,,34511000125,,,
34511000127,C02,52,111,비전재가복지센터,00,NORMAL SERVICE.,C02,,,34511000127,,,
34511000003,C03,52,113,예찬365일데이케어,00,NORMAL SERVICE.,C03,32,,34511000003,9,,44
34511000127,C03,52,111,비전재가복지센터,00,NORMAL SERVICE.,C03,31,0,34511000127,8,0,40
34511000136,C03,52,113,전북실버복지센터,00,NORMAL SERVICE.,C03,30,0,34511000136,8,0,42
34511000148,C03,52,111,효자복지센터,00,NORMAL SERVICE.,C03,41,0,34511000148,39,0,83
34511000335,C03,52,113,코리아복지요양센터,00,NORMAL SERVICE.,C03,28,0,34511000335,7,,31
34511000346,C03,52,111,사랑방노인복지센터,00,NORMAL SERVICE.,C03,42,0,34511000346,7,0,66
34511000415,C05,52,111,하나방문간호센터,00,NORMAL SERVICE.,C05,,,34511000415,,,0
34511000501,C05,52,113,더행복플러스재가복지센터,00,NORMAL SERVICE.,C05,9,,34511000501,3,,0
34511000508,C05,52,111,정현방문간호센터,00,NORMAL SERVICE.,C05,0,0,34511000508,0,0,0
34511000588,C05,52,113,간호천사노인복지센터,00,NORMAL SERVICE.,C05,5,,34511000588,7,,0
34513000026,C05,52,130,정성방문간호센터,00,NORMAL SERVICE.,C05,,,34513000026,,,
34513000063,C05,52,130,가정노인복지센터,00,NORMAL SERVICE.,C05,,,34513000063,,,
34511000003,C06,52,113,예찬365일데이케어,00,NORMAL SERVICE.,C06,,,34511000003,,,
34511000008,C06,52,111,대성의료기,00,NORMAL SERVICE.,C06,,,34511000008,,,
34511000087,C06,52,111,백제의료기,00,NORMAL SERVICE.,C06,,,34511000087,,,0
34511000088,C06,52,111,건강우리의료기,00,NORMAL SERVICE.,C06,,,34511000088,,,0
34511000120,C06,52,113,상아의료기,00,NORMAL SERVICE.,C06,,,34511000120,,,0
34511000132,C06,52,111,연세물산,00,NORMAL SERVICE.,C06,,,34511000132,,,
14511000002,G31,52,113,전주요양원,00,NORMAL SERVICE.,G31,15,,14511000002,1,,16
14511000718,G31,52,111,전주보훈요양원,00,NORMAL SERVICE.,G31,7,,14511000718,3,,12
14513000001,G31,52,130,시온의집,00,NORMAL SERVICE.,G31,11,,14513000001,5,,16
14513000009,G31,52,130,군산행복한집,00,NORMAL SERVICE.,G31,10,5,14513000009,0,2,10
14514000005,G31,52,140,백향노인전문요양원,00,NORMAL SERVICE.,G31,16,,14514000005,,,16
14514000455,G31,52,140,사랑방요양원,00,NORMAL SERVICE.,G31,12,,14514000455,4,,16
14511000002,G32,52,113,전주요양원,00,NORMAL SERVICE.,G32,8,,14511000002,4,,12
14511000718,G32,52,111,전주보훈요양원,00,NORMAL SERVICE.,G32,12,,14511000718,0,,12
14513000001,G32,52,130,시온의집,00,NORMAL SERVICE.,G32,16,,14513000001,0,,16
14513000009,G32,52,130,군산행복한집,00,NORMAL SERVICE.,G32,8,,14513000009,0,0,8
14514000005,G32,52,140,백향노인전문요양원,00,NORMAL SERVICE.,G32,13,,14514000005,1,,14
14518000021,G32,52,180,크로바실버빌,00,NORMAL SERVICE.,G32,7,,14518000021,3,,12
14511000002,G33,52,113,전주요양원,00,NORMAL SERVICE.,G33,15,,14511000002,0,,16
14513000009,G33,52,130,군산행복한집,00,NORMAL SERVICE.,G33,14,,14513000009,0,,14
14511000002,G34,52,113,전주요양원,00,NORMAL SERVICE.,G34,12,,14511000002,4,,16
14513000009,G34,52,130,군산행복한집,00,NORMAL SERVICE.,G34,8,,14513000009,0,,8
24511000576,H31,52,111,전주 재활전문 주간보호센터,00,NORMAL SERVICE.,H31,,,24511000576,0,,25
24513000149,H31,52,130,씨앗노인복지센터,00,NORMAL SERVICE.,H31,0,,24513000149,0,,8
24519000023,H31,52,190,지리산주간보호센터,00,NORMAL SERVICE.,H31,20,1,24519000023,5,0,25
24521000010,H31,52,210,김제노인복지센터,00,NORMAL SERVICE.,H31,14,0,24521000010,0,0,18
24571000009,H31,52,710,예은노인복지센터,00,NORMAL SERVICE.,H31,12,1,24571000009,6,,25
24572000046,H31,52,720,믿음의집 병설 밀알재가노인복지센터,00,NORMAL SERVICE.,H31,14,,24572000046,2,,25
34519000115,I31,52,190,이웃사랑노인주간보호센터,00,NORMAL SERVICE.,I31,14,,34519000115,2,,19
34579000039,I31,52,790,원광 재활전문 주야간보호센터,00,NORMAL SERVICE.,I31,7,,34579000039,4,,12
14511000026,M31,52,111,서전주요양원,00,NORMAL SERVICE.,M31,0,,14511000026,0,,16
