longTermAdminSym_request,adminPttnCd_request,siDoCd_request,siGunGuCd_request,adminNm_request,resultCode,resultMsg,cyclTm,longTermAdminSym,pgmNm,pgmType,runPlc,tgtNop
11111000006,A03,11,110,청운노인요양원,00,NORMAL SERVICE.,1,11111000006,물리치료,2,"물리치료실, 생활실",35
11111000056,A03,11,110,인자인케어센터,REQUEST_ERROR,HTTPError: HTTP Error 429: Too Many Requests,,,,,,
11111000060,A03,11,110,평창동시니어센터,00,NORMAL SERVICE.,2,11111000060,다함께 춤을,2,각 층 거실,38
11111000068,A03,11,110,아름다운뜰안에 요양원,00,NORMAL SERVICE.,1,11111000068,재활 및 운동치료,2,각층생활실,38
11111000076,A03,11,110,서울여자간호대학교 휴먼캐슬,00,NORMAL SERVICE.,1,11111000076,미술활동,1,2층 프로그램실,14
11111000088,A04,11,110,아름다운실버홈,00,NORMAL SERVICE.,1,11111000088,여가 프로그램,1,프로그램실,9
11120000056,A04,11,200,한마음너싱홈,REQUEST_ERROR,HTTPError: HTTP Error 429: Too Many Requests,,,,,,
11120000110,A04,11,200,서울숲 요양원,00,NORMAL SERVICE.,1,11120000110,노래듣기,3,,9
11120000126,A04,11,200,서울숲재활요양원,00,NORMAL SERVICE.,1,11120000126,예배,3,프로그램실,9
11120000190,A04,11,200,금호무지개요양원,00,NORMAL SERVICE.,1,11120000190,힘뇌체조,1,생활실,9
21111000001,B01,11,110,서울시 종로구 재가노인복지기관,00,NORMAL SERVICE.,,,,,,
21111000123,B01,11,110,효성재가요양복지센터,REQUEST_ERROR,HTTPError: HTTP Error 429: Too Many Requests,,,,,,
21111000126,B01,11,110,종로재가복지센터,00,NORMAL SERVICE.,,,,,,
21111000127,B01,11,110,주민재가방문요양센터,00,NORMAL SERVICE.,,,,,,
21111000130,B01,11,110,종로이화재가복지센터,00,NORMAL SERVICE.,,,,,,
21111000123,B02,11,110,효성재가요양복지센터,00,NORMAL SERVICE.,,,,,,
21111000126,B02,11,110,종로재가복지센터,00,NORMAL SERVICE.,,,,,,
21111000130,B02,11,110,종로이화재가복지센터,00,NORMAL SERVICE.,,,,,,
21111000132,B02,11,110,참터재가복지센터,00,NORMAL SERVICE.,,,,,,
21111000139,B02,11,110,우리재가복지센터,00,NORMAL SERVICE.,,,,,,
21111000008,B03,11,110,종로데이케어센터,00,NORMAL SERVICE.,1,21111000008,의료서비스,3,생활실,17
21111000034,B03,11,110,청운실버데이케어센터,00,NORMAL SERVICE.,1,21111000034,책활용,1,프로그램실,28
21111000066,B03,11,110,보현데이케어센터,00,NORMAL SERVICE.,1,21111000066,가요교실(화_오전 : 강*자 강사),8,프로그램실,20
21111000085,B03,11,110,혜화동성당데이케어센터,00,NORMAL SERVICE.,1,21111000085,물리치료,2,프로그램실,21
21111000136,B03,11,110,수석데이케어센터,00,NORMAL SERVICE.,1,21111000136,생신잔치,3,생활실,43
21120000122,B04,11,200,서울숲 단기보호센터,00,NORMAL SERVICE.,1,21120000122,색칠하기,1,프로그램실,9
21121500214,B04,11,215,더행복데이케어센터,00,NORMAL SERVICE.,1,21121500214,음악치료,1,생활실,27
21121500283,B04,11,215,광진늘푸른단기보호센타,00,NORMAL SERVICE.,5,21121500283,신체기능훈련,2,프로그램실,9
21123000348,B04,11,230,맑은샘단기보호센터,00,NORMAL SERVICE.,,,,,,
21123000372,B04,11,230,"소망재가복지 (단기보호, 방문요양)",00,NORMAL SERVICE.,1,21123000372,기본체조,2,,6
21111000126,B05,11,110,종로재가복지센터,00,NORMAL SERVICE.,,,,,,
21111000130,B05,11,110,종로이화재가복지센터,00,NORMAL SERVICE.,,,,,,
21111000145,B05,11,110,행복이음재가복지센터,00,NORMAL SERVICE.,,,,,,
21114000095,B05,11,140,나무방문간호센터,00,NORMAL SERVICE.,,,,,,
21117000191,B05,11,170,아가페방문간호센터,00,NORMAL SERVICE.,,,,,,
21111000126,B06,11,110,종로재가복지센터,00,NORMAL SERVICE.,,,,,,
21117000172,B06,11,170,강원전자주식회사 복지용구센터 더돌봄,00,NORMAL SERVICE.,,,,,,
21117000182,B06,11,170,엠에이디실버,00,NORMAL SERVICE.,,,,,,
21120000189,B06,11,200,빠른케어 성동사업소,00,NORMAL SERVICE.,,,,,,
21120000194,B06,11,200,우리의료기,00,NORMAL SERVICE.,,,,,,
31111000035,C01,11,110,효사랑플러스홈케어,00,NORMAL SERVICE.,,,,,,
31111000048,C01,11,110,웃음드림방문요양센터,00,NORMAL SERVICE.,,,,,,
31111000050,C01,11,110,돌보미실버센터,00,NORMAL SERVICE.,,,,,,
31111000063,C01,11,110,행복한재가노인복지센터,00,NORMAL SERVICE.,,,,,,
31111000074,C01,11,110,운화실버복지센터,00,NORMAL SERVICE.,,,,,,
31111000048,C02,11,110,웃음드림방문요양센터,00,NORMAL SERVICE.,,,,,,
31111000086,C02,11,110,효자요양센터,00,NORMAL SERVICE.,,,,,,
31111000108,C02,11,110,정드림방문요양센터,00,NORMAL SERVICE.,,,,,,
31111000117,C02,11,110,행복한동행재가노인복지센터,00,NORMAL SERVICE.,,,,,,
31111000118,C02,11,110,세종노인요양복지센터,00,NORMAL SERVICE.,,,,,,
31117000153,C03,11,170,시온사랑 데이케어센터,00,NORMAL SERVICE.,1,31117000153,"힘뇌체조, 시니어 맨손체조,낙상예방체조",2,시온사랑데이케어센터 내,43
31123000235,C03,11,230,다솜데이케어센터,00,NORMAL SERVICE.,1,31123000235,"생신잔치, 어버이날행사, 명절행사 등",3,생활실,20
31130500283,C03,11,305,강북광산데이케어센터,00,NORMAL SERVICE.,1,31130500283,종이접기,2,생활실,54
31132000114,C03,11,320,도봉늘푸른치매인지재활데이케어센터,00,NORMAL SERVICE.,1,31132000114,신체활동,3,프로그램실,20
31132000157,C03,11,320,행복드림데이케어센터,00,NORMAL SERVICE.,1,31132000157,"지필활동(언어력,지남력)",1,프로그램실,20
31121500164,C04,11,215,실버밸리노인단기보호센터,00,NORMAL SERVICE.,1,31121500164,회상프로그램,1,프로그램실,12
31121500197,C04,11,215,성동실버케어요양원,00,NORMAL SERVICE.,1,31121500197,상자속 물건맞추기,1,요양원 생활실,9
31132000220,C04,11,320,동그라미 인지/재활 데이케어센터,00,NORMAL SERVICE.,1,31132000220,"힘뇌체조, 건강체조",2,원내프로그램실,9
31132000294,C04,11,320,도봉효드림요양원,00,NORMAL SERVICE.,1,31132000294,언어,1,프로그램실,9
31132000320,C04,11,320,도봉요양원,00,NORMAL SERVICE.,1,31132000320,치매예방 프로그램,1,기관내,9
31114000018,C05,11,140,우영요양센터,00,NORMAL SERVICE.,,,,,,
31117000098,C05,11,170,새봄간호요양센타,00,NORMAL SERVICE.,,,,,,
31117000121,C05,11,170,고운손방문요양센터주식회사,00,NORMAL SERVICE.,,,,,,
31117000148,C05,11,170,참사랑복지센터,00,NORMAL SERVICE.,,,,,,
31120000015,C05,11,200,(A+)성동구방문요양간호센터,00,NORMAL SERVICE.,,,,,,
31111000012,C06,11,110,(주)이원건강의료기,00,NORMAL SERVICE.,,,,,,
31111000015,C06,11,110,(주)통일의료기,00,NORMAL SERVICE.,,,,,,
31111000042,C06,11,110,제일복지용구,00,NORMAL SERVICE.,,,,,,
31114000063,C06,11,140,명신,00,NORMAL SERVICE.,,,,,,
31117000029,C06,11,170,천사랑 노인복지센터,00,NORMAL SERVICE.,,,,,,
11120000010,G31,11,200,시립동부노인전문요양센터,00,NORMAL SERVICE.,1,11120000010,명절행사,3,"각 요양실, 층 중앙거실, 1층 강당",296
11123000381,G31,11,230,시립동대문실버케어센터,00,NORMAL SERVICE.,1,11123000381,미로탐험,4,치매전담실 1실,12
11126000271,G31,11,260,서울시립중랑노인전문요양원,00,NORMAL SERVICE.,1,11126000271,힐링타임,1,다정동 3층 프로그램실,10
11129000365,G31,11,290,e포근한요양원,00,NORMAL SERVICE.,1,11129000365,"치매체조, 공놀이, 예날가요부르기, 미술활동 등",4,2층 프로그램실,14
11130500172,G31,11,305,강북실버종합복지센터,00,NORMAL SERVICE.,1,11130500172,활력튼튼/활력충전소,2,"3,4층 중앙홀",69
11120000010,G32,11,200,시립동부노인전문요양센터,00,NORMAL SERVICE.,1,11120000010,명절행사,3,"각 요양실, 층 중앙거실, 1층 강당",296
11123000381,G32,11,230,시립동대문실버케어센터,00,NORMAL SERVICE.,1,11123000381,미로탐험,4,치매전담실 1실,12
11126000271,G32,11,260,서울시립중랑노인전문요양원,00,NORMAL SERVICE.,1,11126000271,힐링타임,1,다정동 3층 프로그램실,10
11138000065,G32,11,380,붓다마을,00,NORMAL SERVICE.,1,11138000065,미술교실,1,강당,52
11144000012,G32,11,440,시립서부노인전문요양센터,00,NORMAL SERVICE.,1,11144000012,"인지-집단프로그램(인지훈련,회상활동 등)",7,해당 유니트,12
11120000010,G33,11,200,시립동부노인전문요양센터,00,NORMAL SERVICE.,1,11120000010,명절행사,3,"각 요양실, 층 중앙거실, 1층 강당",296
11123000381,G33,11,230,시립동대문실버케어센터,00,NORMAL SERVICE.,1,11123000381,미로탐험,4,치매전담실 1실,12
11138000065,G33,11,380,붓다마을,00,NORMAL SERVICE.,1,11138000065,미술교실,1,강당,52
11144000012,G33,11,440,시립서부노인전문요양센터,00,NORMAL SERVICE.,1,11144000012,"인지-집단프로그램(인지훈련,회상활동 등)",7,해당 유니트,12
11174000422,G33,11,740,시립강동실버케어센터,00,NORMAL SERVICE.,1,11174000422,미술활동(아트별) 프로그램,7,프로그램실,16
11120000010,G34,11,200,시립동부노인전문요양센터,00,NORMAL SERVICE.,1,11120000010,명절행사,3,"각 요양실, 층 중앙거실, 1층 강당",296
11120000010,G35,11,200,시립동부노인전문요양센터,00,NORMAL SERVICE.,1,11120000010,명절행사,3,"각 요양실, 층 중앙거실, 1층 강당",296
11120000010,G36,11,200,시립동부노인전문요양센터,00,NORMAL SERVICE.,1,11120000010,명절행사,3,"각 요양실, 층 중앙거실, 1층 강당",296
11120000010,G37,11,200,시립동부노인전문요양센터,00,NORMAL SERVICE.,1,11120000010,명절행사,3,"각 요양실, 층 중앙거실, 1층 강당",296
11120000010,G38,11,200,시립동부노인전문요양센터,00,NORMAL SERVICE.,1,11120000010,명절행사,3,"각 요양실, 층 중앙거실, 1층 강당",296
21111000066,H31,11,110,보현데이케어센터,00,NORMAL SERVICE.,1,21111000066,가요교실(화_오전 : 강*자 강사),8,프로그램실,20
21114000036,H31,11,140,신당데이케어센터,00,NORMAL SERVICE.,1,21114000036,독감예방접종,3,내부,42
21120000068,H31,11,200,구립성수1가2동서울숲데이케어센터,00,NORMAL SERVICE.,1,21120000068,노래교실,8,,21
21130500237,H31,11,305,사회복지법인 운가자비원 운가데이케어센터,00,NORMAL SERVICE.,1,21130500237,치매전담실 인지프로그램,7,치매전담실,8
21141000342,H32,11,410,구립가재울데이케어센터,00,NORMAL SERVICE.,1,21141000342,가재울노래방,8,집단활동실,24
21159000283,H32,11,590,굿모닝동작데이케어센터,00,NORMAL SERVICE.,1,21159000283,노래사랑,8,,20
11138000217,M31,11,380,노블케어스,00,NORMAL SERVICE.,1,11138000217,맨몸기능 활성화 운동 B,2,각층,90
11130500229,S41,11,305,사랑나눔요양원2,REQUEST_ERROR,HTTPError: HTTP Error 429: Too Many Requests,,,,,,
11141000170,S41,11,410,중앙실버노인요양공동생활가정,00,NORMAL SERVICE.,1,11141000170,"스트레칭, 앉아서하는 실버체조, 맨손체조(상지 위주)",5,공동거실,6
11168000127,S41,11,680,구립대치노인요양센터,00,NORMAL SERVICE.,1,11168000127,요리교실,1,2층 프로그램실,8
12911000006,A03,12,210,아가페실버센터,00,NORMAL SERVICE.,30,12911000006,소근육활동,2,거실,28
12911000013,A03,12,210,꽃메요양원,00,NORMAL SERVICE.,1,12911000013,"신체2-신체기능프로그램(스트레칭,실버체조)",2,프로그램실,3
12911000022,A03,12,210,천혜경로원,00,NORMAL SERVICE.,1,12911000022,인지활동C,1,생활실,15
12911000052,A03,12,210,용연실버빌,00,NORMAL SERVICE.,1,12911000052,외부연계프로그램,3,용연실버빌,47
12911000086,A03,12,210,나눔요양원,00,NORMAL SERVICE.,1,12911000086,여가프로그램,3,프로그램실,37
12911000256,A03,12,210,해피맘요양원,00,NORMAL SERVICE.,1,12911000256,스트레칭,3,프로그램실,28
12911000096,A04,12,210,효드림노인복지센터,00,NORMAL SERVICE.,1,12911000096,재활및 건강치료,2,프로그램실,9
12911000254,A04,12,210,엠마의집,00,NORMAL SERVICE.,1,12911000254,끈꿰기,1,프로그램실,9
12915500209,A04,12,270,알곡사랑요양원,00,NORMAL SERVICE.,1,12915500209,퍼즐 맞추기,1,시설 거실 또는 침대 식판에서 1대1 지도,5
12917000275,A04,12,300,현대실버빌,00,NORMAL SERVICE.,1,12917000275,"고리던지기,콩주머니던지기,공주고받기등",2,프로그램실,9
12917000295,A04,12,300,정드림케어하우스,00,NORMAL SERVICE.,1,12917000295,물리치료,2,정드림 어르신 개별 침상,9
22911000007,B01,12,210,아가페실버센터,00,NORMAL SERVICE.,,,,,,
22911000009,B01,12,210,C.C.C.동구노인복지센터,00,NORMAL SERVICE.,1,22911000009,힘뇌체조,2,주간보호센터거실,31
22911000014,B01,12,210,꽃메요양원,00,NORMAL SERVICE.,1,22911000014,예배 및 성경이야기,3,꽃메요양원 내 주간보호실(프로그램실),40
22911000048,B01,12,210,대해노인복지센터,00,NORMAL SERVICE.,1,22911000048,놀이체육,2,대해노인복지센터,25
22911000287,B01,12,210,선인종합재가센터,00,NORMAL SERVICE.,,,,,,
22911000009,B02,12,210,C.C.C.동구노인복지센터,00,NORMAL SERVICE.,1,22911000009,힘뇌체조,2,주간보호센터거실,31
22911000048,B02,12,210,대해노인복지센터,00,NORMAL SERVICE.,1,22911000048,놀이체육,2,대해노인복지센터,25
22911000312,B02,12,210,예향노인복지센터,00,NORMAL SERVICE.,,,,,,
22911000326,B02,12,210,동구천사노인복지센터,00,NORMAL SERVICE.,,,,,,
22911000339,B02,12,210,다정한노인재가복지센터,00,NORMAL SERVICE.,,,,,,
22911000009,B03,12,210,C.C.C.동구노인복지센터,00,NORMAL SERVICE.,1,22911000009,힘뇌체조,2,주간보호센터거실,31
22911000014,B03,12,210,꽃메요양원,00,NORMAL SERVICE.,1,22911000014,예배 및 성경이야기,3,꽃메요양원 내 주간보호실(프로그램실),40
22911000048,B03,12,210,대해노인복지센터,00,NORMAL SERVICE.,1,22911000048,놀이체육,2,대해노인복지센터,25
22911000327,B03,12,210,자연숲노인복지센터,00,NORMAL SERVICE.,1,22911000327,타악기 놀이,1,생활실,122
22911000334,B03,12,210,계림노인주간보호센터,00,NORMAL SERVICE.,1,22911000334,재활치료,2,생활실,38
24681000003,B04,12,780,강진노인복지센터,00,NORMAL SERVICE.,60,24681000003,서예교실,1,남자주간보호실,9
24687000001,B04,12,830,청람노인복지센터,00,NORMAL SERVICE.,1,24687000001,지남력훈련,1,"1,2층 생활실 및 청람원 3층 집단프로그램실",43
24689000091,B04,12,850,어르신케어 종합복지센터 효드림,00,NORMAL SERVICE.,30,24689000091,나는 화가,4,생활실,20
22911000312,B05,12,210,예향노인복지센터,00,NORMAL SERVICE.,,,,,,
22911000349,B05,12,210,보라방문간호센터,00,NORMAL SERVICE.,,,,,,
22911000356,B05,12,210,뉴정나눔노인복지센터,00,NORMAL SERVICE.,,,,,,
22914000463,B05,12,240,동행노인재가복지센터,00,NORMAL SERVICE.,,,,,,
22914000471,B05,12,240,최하현 방문간호 요양센터,00,NORMAL SERVICE.,,,,,,
22911000331,B06,12,210,한국의료기기,00,NORMAL SERVICE.,,,,,,
22911000333,B06,12,210,아이에스메티칼,00,NORMAL SERVICE.,,,,,,
22911000338,B06,12,210,편한 의료기,00,NORMAL SERVICE.,,,,,,
22911000358,B06,12,210,100세동안 실버케어,00,NORMAL SERVICE.,,,,,,
22911000371,B06,12,210,미래로의료기,00,NORMAL SERVICE.,,,,,,
32911000065,C01,12,210,희망노인복지센터,00,NORMAL SERVICE.,,,,,,
32911000079,C01,12,210,계림재가노인요양센터,00,NORMAL SERVICE.,,,,,,
32911000089,C01,12,210,효사랑계림 노인복지센터,00,NORMAL SERVICE.,,,,,,
32911000090,C01,12,210,한마음실버요양센터,00,NORMAL SERVICE.,,,,,,
32911000239,C01,12,210,광주여성노인재가센터,00,NORMAL SERVICE.,,,,,,
32911000065,C02,12,210,희망노인복지센터,00,NORMAL SERVICE.,,,,,,
32911000089,C02,12,210,효사랑계림 노인복지센터,00,NORMAL SERVICE.,,,,,,
32911000090,C02,12,210,한마음실버요양센터,00,NORMAL SERVICE.,,,,,,
32911000273,C02,12,210,한가족복지센터,00,NORMAL SERVICE.,,,,,,
32911000292,C02,12,210,조은재가복지센터,00,NORMAL SERVICE.,,,,,,
32914000059,C03,12,240,광주재활센타,00,NORMAL SERVICE.,1,32914000059,사회적응프로그램,3,김대중컨번션센터 및 광주재활센터 주변,12
32914000373,C03,12,240,광주서구노인주간보호센터,00,NORMAL SERVICE.,1,32914000373,동물이름맞추기,1,생활실,13
32914000392,C03,12,240,굿데이케어센터,00,NORMAL SERVICE.,0,32914000392,치매예방 디지털인지훈련,1,프로그램실,21
32914000395,C03,12,240,더불어노인주간보호센터,00,NORMAL SERVICE.,1,32914000395,투호던지기,2,,33
32914000399,C03,12,240,"상무노인복지학교(주간보호,치매예방교육)",00,NORMAL SERVICE.,1,32914000399,실버접시체조,2,,50
32911000323,C05,12,210,하늘빛방문간호센터,00,NORMAL SERVICE.,,,,,,
32914000289,C05,12,240,365나눔노인장기요양기관,00,NORMAL SERVICE.,,,,,,
32914000442,C05,12,240,새로나재가노인요양복지센터,00,NORMAL SERVICE.,,,,,,
32914000453,C05,12,240,구구팔팔재가복지센터,00,NORMAL SERVICE.,,,,,,
32915500289,C05,12,270,사랑손통합재가센터,00,NORMAL SERVICE.,,,,,,
32911000034,C06,12,210,명성의료기,00,NORMAL SERVICE.,,,,,,
32911000047,C06,12,210,광주의료기,00,NORMAL SERVICE.,,,,,,
32911000074,C06,12,210,효도의료기,00,NORMAL SERVICE.,,,,,,
32911000275,C06,12,210,태광의료기,00,NORMAL SERVICE.,,,,,,
32911000288,C06,12,210,믿음의료기,00,NORMAL SERVICE.,,,,,,
12911000256,G31,12,210,해피맘요양원,00,NORMAL SERVICE.,1,12911000256,스트레칭,3,프로그램실,28
12920000003,G31,12,330,바라밀실버하우스,00,NORMAL SERVICE.,1,12920000003,힐링가든닝,9,"텃밭, 생활실",16
14611000358,G31,12,110,산책하는요양원,00,NORMAL SERVICE.,0,14611000358,현실인식훈련,4,,10
14615000134,G31,12,150,낙안효자실버빌,00,NORMAL SERVICE.,1,14615000134,생신잔치,1,"1층 홀, 3층 프로그램실, 생활실",42
14615000152,G31,12,150,효자노인복지센터,00,NORMAL SERVICE.,1,14615000152,동요부르기,1,A동 프로그램실/B동 프로그램실,23
14611000358,G32,12,110,산책하는요양원,00,NORMAL SERVICE.,0,14611000358,현실인식훈련,4,,10
14615000134,G32,12,150,낙안효자실버빌,00,NORMAL SERVICE.,1,14615000134,생신잔치,1,"1층 홀, 3층 프로그램실, 생활실",42
14617000005,G32,12,170,나주시노인요양원,00,NORMAL SERVICE.,1,14617000005,신체기능(C),3,각 생활실/거실,31
14623000165,G32,12,190,마로현노인요양원,00,NORMAL SERVICE.,1,14623000165,인지기능향상및여가생활프로그램,7,,12
14677000160,G32,12,740,도양노인건강복지타운 치매전문요양원,00,NORMAL SERVICE.,1,14677000160,민요배우기,8,,12
14611000358,G33,12,110,산책하는요양원,00,NORMAL SERVICE.,0,14611000358,현실인식훈련,4,,10
14677000160,G33,12,740,도양노인건강복지타운 치매전문요양원,00,NORMAL SERVICE.,1,14677000160,민요배우기,8,,12
14679000117,G33,12,760,현대노인요양원,00,NORMAL SERVICE.,1,14679000117,집단프로그램,8,치매전담실,38
14681000051,G33,12,780,강진효요양원,00,NORMAL SERVICE.,1,14681000051,다트놀이,7,프로그램실,4
14677000160,G34,12,740,도양노인건강복지타운 치매전문요양원,00,NORMAL SERVICE.,1,14677000160,민요배우기,8,,12
14679000117,G34,12,760,현대노인요양원,00,NORMAL SERVICE.,1,14679000117,집단프로그램,8,치매전담실,38
14681000051,G34,12,780,강진효요양원,00,NORMAL SERVICE.,1,14681000051,다트놀이,7,프로그램실,4
14677000160,G35,12,740,도양노인건강복지타운 치매전문요양원,00,NORMAL SERVICE.,1,14677000160,민요배우기,8,,12
14679000117,G35,12,760,현대노인요양원,00,NORMAL SERVICE.,1,14679000117,집단프로그램,8,치매전담실,38
14679000117,G36,12,760,현대노인요양원,00,NORMAL SERVICE.,1,14679000117,집단프로그램,8,치매전담실,38
22915500115,H31,12,270,인애W재가노인지원센터,00,NORMAL SERVICE.,1,22915500115,노인학대예방교육,9,인애W재가노인지원센터,25
22917000666,H31,12,300,사랑방주야간보호센터,00,NORMAL SERVICE.,1,22917000666,미술활동,9,프로그램실,15
24613000316,H31,12,130,여수시 치매어르신 주야간보호센터 지혜마루,00,NORMAL SERVICE.,30,24613000316,,7,,20
24615000385,H31,12,150,재단법인 전라남도사회서비스원 순천시 실버주야간보호센터,00,NORMAL SERVICE.,1,24615000385,여가프로그램(어르신 생신잔치),9,센터내 2층 골드반 생활실,15
24615000419,H31,12,150,더편한데이케어,00,NORMAL SERVICE.,1,24615000419,맞춤-민요레크레이션,1,생활실,23
34623000025,I31,12,190,광양희망노인복지센터,00,NORMAL SERVICE.,1,34623000025,선따라 그리기,1,센터생활실,35
14611000001,M31,12,810,자혜요양원,00,NORMAL SERVICE.,1,14611000001,생신잔치,1,2층행복한공간,50
14613000009,M31,12,130,마니원(입소),00,NORMAL SERVICE.,1,14613000009,블럭쌓기,1,프로그램실,13
14617000005,M31,12,170,나주시노인요양원,00,NORMAL SERVICE.,1,14617000005,신체기능(C),3,각 생활실/거실,31
14611000001,M32,12,810,자혜요양원,00,NORMAL SERVICE.,1,14611000001,생신잔치,1,2층행복한공간,50
14613000122,M32,12,130,소나무노인요양시설,00,NORMAL SERVICE.,1,14613000122,미술교실,7,프로그램실,5
12917000530,S41,12,300,오손도손요양원,00,NORMAL SERVICE.,1,12917000530,한글교실,7,침실 / 요양원거실,9
14613000008,S41,12,130,밀알노인요양공동생활가정,00,NORMAL SERVICE.,1,14613000008,퍼즐맞추기,7,,9
14681000017,S41,12,780,도암 소망의집,00,NORMAL SERVICE.,1,14681000017,종교활동,3,프로그램실,9
14684000082,S41,12,810,다솜노인요양공동생활가정,00,NORMAL SERVICE.,0,14684000082,민요부르기,9,프로그램실,9
14684000116,S41,12,810,엄마의봄날 노인요양공동생활가정,00,NORMAL SERVICE.,0,14684000116,기능회복훈련,2,생활실 및 침실,9
12611000104,A03,26,110,굿모닝노인요양원,00,NORMAL SERVICE.,1,12611000104,"신체기능프로그램-맨손체조,힘뇌체조,실버체조",1,각층휴게실,50
12614000008,A03,26,140,안나노인건강센터,00,NORMAL SERVICE.,2,12614000008,특별여가 프로그램 (특별식사),3,2층 운동실 및 3층 강당,10
12614000053,A03,26,140,실버웰요양센터,00,NORMAL SERVICE.,1,12614000053,신체기능 프로그램,1,각 층 생활실 및 오락실,50
12614000068,A03,26,140,송도사랑요양원,00,NORMAL SERVICE.,1,12614000068,보드게임,1,공동거실,98
12617000001,A03,26,170,송원노인전문요양원,00,NORMAL SERVICE.,1,12617000001,생신잔치,3,"3,4층 생활동",92
12617000074,A03,26,170,인창동구노인요양원,00,NORMAL SERVICE.,1,12617000074,인지프로그램-C그룹,1,생활실,49
12620000004,A03,26,200,파랑새노인건강센터,00,NORMAL SERVICE.,1,12620000004,여가프로그램,9,치매전담 생활공간,10
12617000090,A04,26,170,지혜실버홈,00,NORMAL SERVICE.,1,12617000090,화투그림 맞추기,1,지혜실버홈 프로그램실,9
12623000091,A04,26,230,소망노인복지센터,00,NORMAL SERVICE.,1,12623000091,걷기/체조/풍선운동,2,2층생활실,9
12623000281,A04,26,230,새롬노인요양공동생활가정,00,NORMAL SERVICE.,1,12623000281,신체활동프로그램,2,거실 또는 프로그램실,9
12626000106,A04,26,260,성지노인요양원,00,NORMAL SERVICE.,1,12626000106,레크레이션,1,3층 프로그램실,9
12629000165,A04,26,290,참사랑실버홈,00,NORMAL SERVICE.,1,12629000165,신체기능,2,생활실,9
12632000284,A04,26,320,편안한노인공동요양원,00,NORMAL SERVICE.,1,12632000284,"색칠공부, 퍼즐",1,,9
12632000334,A04,26,320,화명은혜공동생활가정,00,NORMAL SERVICE.,1,12632000334,화재예방및 재난대응훈련,3,공동생활가정 전체,9
22611000001,B01,26,110,중구재가노인지원서비스센터,00,NORMAL SERVICE.,1,22611000001,미술활동,1,노인주간보호센터 내,17
22611000100,B01,26,110,우리재가복지센터,00,NORMAL SERVICE.,3,22611000100,"인지자극활동, 일상생활 함께하기",1,수급자 자택,1
22611000101,B01,26,110,(주)돌보미재가복지센터,00,NORMAL SERVICE.,,,,,,
22611000102,B01,26,110,참벗재가복지센터,00,NORMAL SERVICE.,,,,,,
22611000105,B01,26,110,선한데이케어센터,00,NORMAL SERVICE.,60,22611000105,인지학습,1,,43
22611000106,B01,26,110,스마일재가노인복지센터,00,NORMAL SERVICE.,,,,,,
22611000107,B01,26,110,성부재가노인복지센터,00,NORMAL SERVICE.,,,,,,
22611000100,B02,26,110,우리재가복지센터,00,NORMAL SERVICE.,3,22611000100,"인지자극활동, 일상생활 함께하기",1,수급자 자택,1
22611000101,B02,26,110,(주)돌보미재가복지센터,00,NORMAL SERVICE.,,,,,,
22611000102,B02,26,110,참벗재가복지센터,00,NORMAL SERVICE.,,,,,,
22611000105,B02,26,110,선한데이케어센터,00,NORMAL SERVICE.,60,22611000105,인지학습,1,,43
22611000107,B02,26,110,성부재가노인복지센터,00,NORMAL SERVICE.,,,,,,
22611000109,B02,26,110,한울타리노인복지센터,00,NORMAL SERVICE.,,,,,,
22611000111,B02,26,110,신창통합재가복지센터,00,NORMAL SERVICE.,,,,,,
22611000001,B03,26,110,중구재가노인지원서비스센터,00,NORMAL SERVICE.,1,22611000001,미술활동,1,노인주간보호센터 내,17
22611000103,B03,26,110,굿모닝주야간보호센터,00,NORMAL SERVICE.,1,22611000103,양말목,1,프로그램실,44
22611000105,B03,26,110,선한데이케어센터,00,NORMAL SERVICE.,60,22611000105,인지학습,1,,43
22611000117,B03,26,110,행복한재활주간보호센터,00,NORMAL SERVICE.,,,,,,
22614000050,B03,26,140,인창서구재가노인복지센터,00,NORMAL SERVICE.,1,22614000050,미니볼링,2,3.4.5층 생활실,100
22614000084,B03,26,140,송도노인주간보호센터,00,NORMAL SERVICE.,1,22614000084,"놀이, 음악, 옛날 이야기, 레크레이션, 민요 춤, 미술",1,프로그램 실,45
22614000093,B03,26,140,서구케어재가노인주간보호센터,00,NORMAL SERVICE.,1,22614000093,행복예술봉사단,3,생활실,93
22653000194,B04,26,530,부산광역시노인건강센터 단기보호,00,NORMAL SERVICE.,1,22653000194,치매 예방 및 관리 프로그램,1,단기보호 로비,9
22611000111,B05,26,110,신창통합재가복지센터,00,NORMAL SERVICE.,,,,,,
22614000098,B05,26,140,더드림재가복지센터,00,NORMAL SERVICE.,,,,,,
22623000395,B05,26,230,푸른누리재가복지센터,00,NORMAL SERVICE.,,,,,,
22623000405,B05,26,230,편안한실버케어재가센터,00,NORMAL SERVICE.,,,,,,
22623000417,B05,26,230,정샘간호재가센터,00,NORMAL SERVICE.,,,,,,
22623000482,B05,26,230,부산에스엠방문요양간호센터,00,NORMAL SERVICE.,,,,,,
22626000324,B05,26,260,간호돌봄재가복지센터,00,NORMAL SERVICE.,,,,,,
22611000108,B06,26,110,신기의료기 중구점,00,NORMAL SERVICE.,,,,,,
22611000112,B06,26,110,로뎀복지용구,00,NORMAL SERVICE.,,,,,,
22611000118,B06,26,110,건강의료기,00,NORMAL SERVICE.,,,,,,
22617000196,B06,26,170,건강한의료기,00,NORMAL SERVICE.,,,,,,
22617000209,B06,26,170,민영복지용구,00,NORMAL SERVICE.,,,,,,
22617000214,B06,26,170,희망복지노인재가센터,00,NORMAL SERVICE.,,,,,,
32611000008,C01,26,110,로뎀나무아래요양보호사파견센터,00,NORMAL SERVICE.,,,,,,
32611000029,C01,26,110,효자효녀노인복지센터,00,NORMAL SERVICE.,,,,,,
32611000030,C01,26,110,예손은노인복지요양센터,00,NORMAL SERVICE.,,,,,,
32611000040,C01,26,110,행복나눔재가복지센터,00,NORMAL SERVICE.,,,,,,
32611000042,C01,26,110,현대종합복지센터,00,NORMAL SERVICE.,,,,,,
32611000059,C01,26,110,대현재가노인복지센터,00,NORMAL SERVICE.,,,,,,
32611000042,C02,26,110,현대종합복지센터,00,NORMAL SERVICE.,,,,,,
32611000060,C02,26,110,한울타리재가노인복지센터,00,NORMAL SERVICE.,1,32611000060,블록교실,1,활동실,67
32611000083,C02,26,110,동행재가노인복지센터,00,NORMAL SERVICE.,,,,,,
32614000023,C02,26,140,로드웨이 노인복지센터,00,NORMAL SERVICE.,,,,,,
32614000031,C02,26,140,세광재가노인복지센터,00,NORMAL SERVICE.,,,,,,
32614000057,C02,26,140,자애노인종합복지센터,00,NORMAL SERVICE.,,,,,,
32611000060,C03,26,110,한울타리재가노인복지센터,00,NORMAL SERVICE.,1,32611000060,블록교실,1,활동실,67
32614000071,C03,26,140,효송주야간보호센터,00,NORMAL SERVICE.,1,32614000071,미술치료,1,,50
32614000080,C03,26,140,소은노인주간보호센터,00,NORMAL SERVICE.,1,32614000080,"교구 놀이, 음악, 레크레이션, 민요 춤, 미술 등",1,,25
32617000100,C03,26,170,예사랑노인복지센터,00,NORMAL SERVICE.,1,32617000100,구연동화,1,예사랑노인복지센터,25
32617000136,C03,26,170,대주 재가복지센터,00,NORMAL SERVICE.,1,32617000136,프리마켓(달란트시장),3,프로그램실,59
32617000146,C03,26,170,동구케어 노인주간보호센터,00,NORMAL SERVICE.,1,32617000146,백세청춘,1,동구케어 노인주간보호센터 프로그램실,115
32611000060,C05,26,110,한울타리재가노인복지센터,00,NORMAL SERVICE.,1,32611000060,블록교실,1,활동실,67
32617000059,C05,26,170,(주)간호박사종합재가센터,00,NORMAL SERVICE.,,,,,,
32620000118,C05,26,200,부산사랑노인복지센터주식회사,00,NORMAL SERVICE.,1,32620000118,종이컵 쌓기,1,단기보호센터 거실,4
32623000150,C05,26,230,사)부산진구노인요양센터부설 행복한재가,00,NORMAL SERVICE.,,,,,,
32623000303,C05,26,230,정드림재가복지센터,00,NORMAL SERVICE.,,,,,,
32626000218,C05,26,260,새원재가노인복지센터,00,NORMAL SERVICE.,,,,,,
32611000015,C06,26,110,현대의료복지용구센터,00,NORMAL SERVICE.,,,,,,
32611000061,C06,26,110,유창,00,NORMAL SERVICE.,,,,,,
32611000097,C06,26,110,조은재가복지센터,00,NORMAL SERVICE.,,,,,,
32611000098,C06,26,110,효진재가노인복지센터,00,NORMAL SERVICE.,,,,,,
32614000036,C06,26,140,동진의료기,00,NORMAL SERVICE.,,,,,,
32614000076,C06,26,140,(주)가온누리종합복지센터,00,NORMAL SERVICE.,,,,,,
12638000008,G31,26,380,평화노인요양원,00,NORMAL SERVICE.,1,12638000008,구연동화,7,프로그램실,16
12641000003,G31,26,410,애광노인치매전문요양원,00,NORMAL SERVICE.,1,12641000003,애광부띠끄,9,치매전담4실 공용거실,12
12653000078,G31,26,530,부산광역시 노인건강센터,00,NORMAL SERVICE.,1,12653000078,치매 예방 및 관리 프로그램,4,치매전담1실,12
12638000008,G32,26,380,평화노인요양원,00,NORMAL SERVICE.,1,12638000008,구연동화,7,프로그램실,16
12641000003,G32,26,410,애광노인치매전문요양원,00,NORMAL SERVICE.,1,12641000003,애광부띠끄,9,치매전담4실 공용거실,12
12653000078,G32,26,530,부산광역시 노인건강센터,00,NORMAL SERVICE.,1,12653000078,치매 예방 및 관리 프로그램,4,치매전담1실,12
12641000003,G33,26,410,애광노인치매전문요양원,00,NORMAL SERVICE.,1,12641000003,애광부띠끄,9,치매전담4실 공용거실,12
12653000078,G33,26,530,부산광역시 노인건강센터,00,NORMAL SERVICE.,1,12653000078,치매 예방 및 관리 프로그램,4,치매전담1실,12
12641000003,G34,26,410,애광노인치매전문요양원,00,NORMAL SERVICE.,1,12641000003,애광부띠끄,9,치매전담4실 공용거실,12
22623000393,H31,26,230,다사랑치매전문주간보호센터,00,NORMAL SERVICE.,1,22623000393,현실인식훈련(워크북),1,프로그램실,18
22641000013,H31,26,410,애광재가노인복지기관,00,NORMAL SERVICE.,1,22641000013,실버브레인케어 전래+놀이,7,,25
22644000055,H31,26,440,공립명지치매전문주야간보호센터,00,NORMAL SERVICE.,1,22644000055,야외 티타임 프로그램,9,,25
22647000264,H31,26,470,부산연제재활 주야간보호센터,00,NORMAL SERVICE.,1,22647000264,실버인지놀이 / 금요일,1,,25
22650000151,H31,26,500,(주)케어링 주간보호센터 부산 수영점,00,NORMAL SERVICE.,1,22650000151,수급자가족대상프로그램,3,,73
22671000148,H31,26,710,"""(기장)효사랑데이케어센터2",00,NORMAL SERVICE.,1,22671000148,맟춤형 신체PG 실버레크레이션,1,4층 프로그램중앙센터,60
22641000013,H32,26,410,애광재가노인복지기관,00,NORMAL SERVICE.,1,22641000013,실버브레인케어 전래+놀이,7,,25
32647000158,I31,26,470,(주)부산데이케어 부산주간보호,00,NORMAL SERVICE.,1,32647000158,인지기능프로그램,7,(주)부산데이케어 부산주간보호,25
32653000106,I31,26,530,함께노인주간보호센터,00,NORMAL SERVICE.,1,32653000106,간식&회상활동,9,전담실(생활실),8
32647000158,I32,26,470,(주)부산데이케어 부산주간보호,00,NORMAL SERVICE.,1,32647000158,인지기능프로그램,7,(주)부산데이케어 부산주간보호,25
12620000004,M31,26,200,파랑새노인건강센터,00,NORMAL SERVICE.,1,12620000004,여가프로그램,9,치매전담 생활공간,10
12620000004,M32,26,200,파랑새노인건강센터,00,NORMAL SERVICE.,1,12620000004,여가프로그램,9,치매전담 생활공간,10
12711000113,A03,27,110,닥터김노인요양센터,00,NORMAL SERVICE.,2,12711000113,나들이,3,외부이동,10
12711000132,A03,27,110,보람요양원,00,NORMAL SERVICE.,2,12711000132,생신잔치,3,5층거실,23
12711000154,A03,27,110,우리요양원,00,NORMAL SERVICE.,1,12711000154,인지활동프로그램,1,우리요양원 프로그램실,28
12711000189,A03,27,110,청춘요양원,00,NORMAL SERVICE.,1,12711000189,인지프로그램,1,,29
12714000001,A03,27,140,성덕실버타운,00,NORMAL SERVICE.,0,12714000001,신체기능프로그램-막대체조(중증),3,각 생활관,54
12714000003,A03,27,140,붓다의집,00,NORMAL SERVICE.,1,12714000003,탁구공 굴리기,3,프로그램실,50
12714000008,A03,27,140,마이홈노인전문요양원,00,NORMAL SERVICE.,1,12714000008,건강장수요법(여가),1,프로그램실 및 각 층 생활실 로비,15
12711000079,A04,27,110,남산요양원,00,NORMAL SERVICE.,1,12711000079,신체기능 프로그램,2,프로그램실,9
12711000091,A04,27,110,문성요양복지센터,00,NORMAL SERVICE.,1,12711000091,인지프로그램(미술활동),1,생활실,9
12714000265,A04,27,140,팔공어르신요양원 동촌센터,00,NORMAL SERVICE.,1,12714000265,색스폰 공연 및 민요 공연,3,생활실,9
12714000385,A04,27,140,효사랑요양원1,00,NORMAL SERVICE.,1,12714000385,"미술색칠,만들기",1,프로그램실,9
12714000386,A04,27,140,효사랑요양원2,00,NORMAL SERVICE.,1,12714000386,"윷놀이,고리던지기,투호놀이,신호등표지판알기 등등",3,프로그램실,9
12714000465,A04,27,140,율하요양원,00,NORMAL SERVICE.,20,12714000465,안마체험,2,프로그램실,6
22711000002,B01,27,110,삼덕노인복지센터,00,NORMAL SERVICE.,1,22711000002,생신잔치,3,생활실1,30
22711000005,B01,27,110,어르신마을 노인복지센터,00,NORMAL SERVICE.,1,22711000005,"맞춤형 프로그램(전래,회상)",1,생활실,40
22711000044,B01,27,110,성심노인복지센터,00,NORMAL SERVICE.,,,,,,
22711000167,B01,27,110,비지팅엔젤스 대구중구방문요양지점,00,NORMAL SERVICE.,,,,,,
22711000168,B01,27,110,우리재가복지센터,00,NORMAL SERVICE.,,,,,,
22711000170,B01,27,110,9988어르신돌봄센터,00,NORMAL SERVICE.,,,,,,
22711000002,B02,27,110,삼덕노인복지센터,00,NORMAL SERVICE.,1,22711000002,생신잔치,3,생활실1,30
22711000044,B02,27,110,성심노인복지센터,00,NORMAL SERVICE.,,,,,,
22711000167,B02,27,110,비지팅엔젤스 대구중구방문요양지점,00,NORMAL SERVICE.,,,,,,
22711000168,B02,27,110,우리재가복지센터,00,NORMAL SERVICE.,,,,,,
22711000170,B02,27,110,9988어르신돌봄센터,00,NORMAL SERVICE.,,,,,,
22711000172,B02,27,110,K베스트재가복지센터,00,NORMAL SERVICE.,,,,,,
22711000002,B03,27,110,삼덕노인복지센터,00,NORMAL SERVICE.,1,22711000002,생신잔치,3,생활실1,30
22711000005,B03,27,110,어르신마을 노인복지센터,00,NORMAL SERVICE.,1,22711000005,"맞춤형 프로그램(전래,회상)",1,생활실,40
22711000159,B03,27,110,청춘재활주간보호센터,00,NORMAL SERVICE.,1,22711000159,(신체프로그램) 캐치볼 게임,2,청춘재활주간보호센터 내,58
22711000190,B03,27,110,청춘주간보호센터,00,NORMAL SERVICE.,1,22711000190,청춘뉴스,1,청춘주간보호센터 3층,141
22714000012,B03,27,140,진명해안노인복지센터,00,NORMAL SERVICE.,1,22714000012,차문화교실,1,주야간프로그램실,36
22714000014,B03,27,140,진명재가노인복지센터,00,NORMAL SERVICE.,1,22714000014,생신잔치 및 공연관람,3,진명재가노인복지센터 프로그램실,38
22729000563,B04,27,290,더편한주간보호센터,00,NORMAL SERVICE.,1,22729000563,도안에 맞추어 색칠하기,1,프로그램실,2
22729000617,B04,27,290,대구 신세계재가노인복지센터,00,NORMAL SERVICE.,1,22729000617,사회활동,1,생활실,30
24772000033,B04,27,720,군위군재가노인지원센터,00,NORMAL SERVICE.,1,24772000033,장보고 맛보고(시장체험),3,주간생활실,30
22714000605,B05,27,140,손주간호사 재가노인복지센터,00,NORMAL SERVICE.,,,,,,
22714000620,B05,27,140,대구다은재가방문요양간호센터,00,NORMAL SERVICE.,,,,,,
22717000349,B05,27,170,대구미림재가방문요양간호센터,00,NORMAL SERVICE.,,,,,,
22717000474,B05,27,170,이로운재가복지센터,00,NORMAL SERVICE.,,,,,,
22720000304,B05,27,200,가가호호재가복지센터,00,NORMAL SERVICE.,,,,,,
22720000311,B05,27,200,'(A)비지팅엔젤스 대구남구방문요양지점,00,NORMAL SERVICE.,,,,,,
22714000604,B06,27,140,신광메디칼,00,NORMAL SERVICE.,,,,,,
22714000626,B06,27,140,가호메디칼,00,NORMAL SERVICE.,,,,,,
22714000631,B06,27,140,대경메디칼,00,NORMAL SERVICE.,,,,,,
22714000647,B06,27,140,삼성의료복지용구,00,NORMAL SERVICE.,,,,,,
22714000652,B06,27,140,해와달365복지센터,00,NORMAL SERVICE.,,,,,,
22714000654,B06,27,140,안테나메디컬,00,NORMAL SERVICE.,,,,,,
32711000016,C01,27,110,"나눔 충,효,예 복지라이프 요양보호사 파견센타",00,NORMAL SERVICE.,,,,,,
32711000019,C01,27,110,경북베델 재가장기요양기관,00,NORMAL SERVICE.,,,,,,
32711000046,C01,27,110,동산홈케어,00,NORMAL SERVICE.,,,,,,
32711000078,C01,27,110,우리장기요양센터,00,NORMAL SERVICE.,2,32711000078,뮤지컬 공연 ( 온사랑 복지회 ),3,우리장기요양센터 생활실,12
32711000087,C01,27,110,감나무 장기요양센터,00,NORMAL SERVICE.,,,,,,
32711000097,C01,27,110,(주)진명해피케어 중구지점,00,NORMAL SERVICE.,,,,,,
32711000016,C02,27,110,"나눔 충,효,예 복지라이프 요양보호사 파견센타",00,NORMAL SERVICE.,,,,,,
32711000046,C02,27,110,동산홈케어,00,NORMAL SERVICE.,,,,,,
32711000078,C02,27,110,우리장기요양센터,00,NORMAL SERVICE.,2,32711000078,뮤지컬 공연 ( 온사랑 복지회 ),3,우리장기요양센터 생활실,12
32711000087,C02,27,110,감나무 장기요양센터,00,NORMAL SERVICE.,,,,,,
32711000105,C02,27,110,동인재가복지센터,00,NORMAL SERVICE.,,,,,,
32711000112,C02,27,110,닥터김노인요양센터,00,NORMAL SERVICE.,1,32711000112,신문이 있는 아침,1,닥터김노인요양센터 1층 주간보호센터,46
32711000078,C03,27,110,우리장기요양센터,00,NORMAL SERVICE.,2,32711000078,뮤지컬 공연 ( 온사랑 복지회 ),3,우리장기요양센터 생활실,12
32711000112,C03,27,110,닥터김노인요양센터,00,NORMAL SERVICE.,1,32711000112,신문이 있는 아침,1,닥터김노인요양센터 1층 주간보호센터,46
32711000130,C03,27,110,문성주간보호센터,00,NORMAL SERVICE.,1,32711000130,지필활동,1,생활실,14
32711000133,C03,27,110,보람노인복지센터,00,NORMAL SERVICE.,2,32711000133,바둑교실,1,프로그램실,3
32711000142,C03,27,110,화목한재활주야간보호센터,00,NORMAL SERVICE.,1,32711000142,종이컵죽방울놀이,2,생활실,65
32711000148,C03,27,110,현대복지센터,00,NORMAL SERVICE.,1,32711000148,신체활동(힐링체조),2,생활실(프로그램실),21
32723000554,C04,27,230,한마음주간보호센터,00,NORMAL SERVICE.,1,32723000554,뇌건강체조,2,메인홀,56
32726000058,C04,27,260,엘레오스노인요양센터,00,NORMAL SERVICE.,1,32726000058,일상생활서비스,3,목욕실,15
32729000217,C04,27,290,감동노인복지센터,00,NORMAL SERVICE.,,,,,,
32714000263,C05,27,140,율하실버케어,00,NORMAL SERVICE.,,,,,,
32714000311,C05,27,140,정다운실버센터,00,NORMAL SERVICE.,,,,,,
32714000390,C05,27,140,행운이365노인복지센터,00,NORMAL SERVICE.,,,,,,
32723000391,C05,27,230,호산재가방문간호센터,00,NORMAL SERVICE.,,,,,,
32723000419,C05,27,230,엘림노인복지센터,00,NORMAL SERVICE.,8,32723000419,엘림 드림리스트,3,,36
32723000475,C05,27,230,예다함재가요양센터,00,NORMAL SERVICE.,,,,,,
32711000024,C06,27,110,신진의료기,00,NORMAL SERVICE.,,,,,,
32711000028,C06,27,110,이원건강의료기,00,NORMAL SERVICE.,,,,,,
32711000051,C06,27,110,영남메디칼,00,NORMAL SERVICE.,,,,,,
32711000094,C06,27,110,해피데이 헬스케어,00,NORMAL SERVICE.,,,,,,
32711000095,C06,27,110,장수메디칼,00,NORMAL SERVICE.,,,,,,
32711000119,C06,27,110,대구보조기상사,00,NORMAL SERVICE.,,,,,,
12723000107,G31,27,230,효성실버타운,00,NORMAL SERVICE.,1,12723000107,기능훈련(신체활동),5,프로그램실,16
12729000252,G31,27,290,상록수 실버타운,00,NORMAL SERVICE.,1,12729000252,생신잔치,3,4층 강당,150
12729000621,G31,27,290,대곡가톨릭요양원,00,NORMAL SERVICE.,1,12729000621,신체기능프로그램,5,5층 치매전담 프로그램실 및 개인 침실,16
12771000086,G31,27,710,대구보훈요양원,00,NORMAL SERVICE.,60,12771000086,아로마테라피,1,각 층 요양실,50
12771000214,G31,27,710,죽곡골든라이프케어,00,NORMAL SERVICE.,1,12771000214,아침체조,4,,16
12723000107,G32,27,230,효성실버타운,00,NORMAL SERVICE.,1,12723000107,기능훈련(신체활동),5,프로그램실,16
12729000252,G32,27,290,상록수 실버타운,00,NORMAL SERVICE.,1,12729000252,생신잔치,3,4층 강당,150
12771000086,G32,27,710,대구보훈요양원,00,NORMAL SERVICE.,60,12771000086,아로마테라피,1,각 층 요양실,50
12723000107,G33,27,230,효성실버타운,00,NORMAL SERVICE.,1,12723000107,기능훈련(신체활동),5,프로그램실,16
12729000252,G33,27,290,상록수 실버타운,00,NORMAL SERVICE.,1,12729000252,생신잔치,3,4층 강당,150
22714000367,H31,27,140,동구노인장기요양센터,00,NORMAL SERVICE.,1,22714000367,생신 잔치,3,프로그램실,24
22714000615,H31,27,140,동구공립재가노인복지센터,00,NORMAL SERVICE.,1,22714000615,"행사(어버이날, 생신잔치 등)",6,프로그램실,20
22714000720,H31,27,140,대구재활주간보호센터,00,NORMAL SERVICE.,1,22714000720,인지 워크북,1,,21
22714000722,H31,27,140,수성재활주간보호센터,00,NORMAL SERVICE.,16,22714000722,"지남력훈련, 정서 행동 안전 프로그램 등",4,생활실 및 프로그램실,24
22717000415,H31,27,170,(주)케어링 주간보호센터 대구 서구점,00,NORMAL SERVICE.,1,22717000415,운동요법,2,,77
22720000148,H31,27,200,효원주간보호센터A,00,NORMAL SERVICE.,1,22720000148,"손,발마사지",1,프로그램실,22
32714000310,I31,27,140,선정노인복지센터,00,NORMAL SERVICE.,1,32714000310,신체활동,2,생활실,85
32729000350,I31,27,290,늘푸른노인복지센터,00,NORMAL SERVICE.,1,32729000350,인지워크북,1,,24
32729000399,I31,27,290,온사랑데이케어센터,00,NORMAL SERVICE.,1,32729000399,가요교실,8,생활실,9
12726000275,S41,27,260,드림실버요양복지센터 2관,00,NORMAL SERVICE.,1,12726000275,여가활동,7,프로그램실,9
12771000221,S41,27,710,가족사랑요양원+,00,NORMAL SERVICE.,30,12771000221,건강체조,2,,9
12811000009,A03,28,125,다정노인요양원,00,NORMAL SERVICE.,0,12811000009,"손,발맛사지",2,생활실,15
12811000029,A03,28,125,예지요양원,00,NORMAL SERVICE.,1,12811000029,다양한 체험활동,1,각 침실,6
12811000060,A03,28,125,가족같은효성요양원,00,NORMAL SERVICE.,20,12811000060,신체기능운동B,2,각 층 생활실(거실) 또는 침실,15
12811000076,A03,28,125,예봄요양원,00,NORMAL SERVICE.,1,12811000076,아트별,1,각 생활실,18
12811000082,A03,28,125,수 요양원,00,NORMAL SERVICE.,1,12811000082,퍼즐맞추기,1,각층 생활실,15
12811000083,A03,28,155,한우리요양원,00,NORMAL SERVICE.,1,12811000083,놀이치료,3,한우리요양원 프로그램실,26
12811000052,A04,28,125,섭리노인요양공동생활가정,00,NORMAL SERVICE.,3,12811000052,"미술, 언어, 회상,전래, 교구,블록",1,프로그램실,9
12811000081,A04,28,125,늘단비요양원,00,NORMAL SERVICE.,0,12811000081,신체기능회복운동,2,늘단비요양원 내/외,5
12814000081,A04,28,125,미래간호요양원,00,NORMAL SERVICE.,30,12814000081,걷기및소근육운동(신체활동프로그램),2,프로그램실 및 생활실,9
12814000082,A04,28,125,미래간호요양원 2호점,00,NORMAL SERVICE.,1,12814000082,생신잔치,3,프로그램실,9
12817000229,A04,28,177,노인요양원 행복의집,00,NORMAL SERVICE.,1,12817000229,치매예방 프로그램,1,거실 또는 개별 침실,9
12817000267,A04,28,177,행복드림요양원,00,NORMAL SERVICE.,1,12817000267,"음악, 신체",1,프로그램실,9
22811000144,B01,28,125,조이노인복지센터,00,NORMAL SERVICE.,,,,,,
22811000145,B01,28,125,편안한노인복지센터,00,NORMAL SERVICE.,,,,,,
22811000160,B01,28,125,행복한노인요양센터,00,NORMAL SERVICE.,,,,,,
22811000168,B01,28,125,효당노인복지센터,00,NORMAL SERVICE.,,,,,,
22811000169,B01,28,125,동행재가노인복지센터,00,NORMAL SERVICE.,,,,,,
22811000172,B01,28,125,365효재가복지센터2호점,00,NORMAL SERVICE.,,,,,,
22811000144,B02,28,125,조이노인복지센터,00,NORMAL SERVICE.,,,,,,
22811000145,B02,28,125,편안한노인복지센터,00,NORMAL SERVICE.,,,,,,
22811000160,B02,28,125,행복한노인요양센터,00,NORMAL SERVICE.,,,,,,
22811000168,B02,28,125,효당노인복지센터,00,NORMAL SERVICE.,,,,,,
22811000169,B02,28,125,동행재가노인복지센터,00,NORMAL SERVICE.,,,,,,
22811000172,B02,28,125,365효재가복지센터2호점,00,NORMAL SERVICE.,,,,,,
22811000136,B03,28,125,인천중구구립치매전담형주간보호센터(건강마실터),00,NORMAL SERVICE.,1,22811000136,달력만들기,1,프로그램실,24
22811000147,B03,28,125,수노인복지센터,00,NORMAL SERVICE.,1,22811000147,회상활동,1,센터내 프로그램실,38
22811000150,B03,28,155,희망나무노인주야간보호센터,00,NORMAL SERVICE.,1,22811000150,노인건강체조,2,생활실,38
22811000153,B03,28,125,중부노인주야간보호센터,00,NORMAL SERVICE.,1,22811000153,만들기,1,생활실,26
22811000166,B03,28,155,큰사랑주간보호센터,00,NORMAL SERVICE.,1,22811000166,노인건강체조,3,큰사랑 주간보호센터 생활실,85
22811000178,B03,28,155,영종스마일주간보호센터(방문요양),00,NORMAL SERVICE.,60,22811000178,인지활동프로그램,1,프로그램,50
22820000930,B04,28,200,만수글라라의집단기보호,00,NORMAL SERVICE.,1,22820000930,실버건강체조,2,프로그램실,9
22820001032,B04,28,200,서창단기보호,00,NORMAL SERVICE.,1,22820001032,미술*언어,1,,4
22824500511,B04,28,245,계양다사랑단기보호센터,00,NORMAL SERVICE.,1,22824500511,치매인지,1,프로그램실,5
22824500594,B04,28,245,계양다사랑단기보호센터,00,NORMAL SERVICE.,2,22824500594,인지프로그램,1,프로그램실,1
22826000817,B04,28,290,그레이스힐단기보호센터,00,NORMAL SERVICE.,1,22826000817,"색칠공부, 달력만들기, 종이접기, 붓글씨",2,,12
22811000231,B05,28,125,마음다은 방문간호센터,00,NORMAL SERVICE.,,,,,,
22817700493,B05,28,177,인천통합복지 사회적협동조합,00,NORMAL SERVICE.,,,,,,
22817700505,B05,28,177,예사랑재가노인복지센터,00,NORMAL SERVICE.,,,,,,
22817700510,B05,28,177,부모사랑요양센터,00,NORMAL SERVICE.,,,,,,
22817700560,B05,28,177,조은재가복지센터,00,NORMAL SERVICE.,,,,,,
22817700610,B05,28,177,이음실버케어센터,00,NORMAL SERVICE.,1,22817700610,"맞춤 교구, 뇌운동",2,생활실,29
22811000160,B06,28,125,행복한노인요양센터,00,NORMAL SERVICE.,,,,,,
22811000173,B06,28,155,장수메디케어,00,NORMAL SERVICE.,,,,,,
22811000208,B06,28,125,편안한복지용구,00,NORMAL SERVICE.,,,,,,
22817700561,B06,28,177,신기의료기(인천점),00,NORMAL SERVICE.,,,,,,
22817700570,B06,28,177,희망재가센터,00,NORMAL SERVICE.,,,,,,
22817700613,B06,28,177,보훈복지용구,00,NORMAL SERVICE.,,,,,,
32811000001,C01,28,155,중앙재가장기요양기관,00,NORMAL SERVICE.,,,,,,
32811000006,C01,28,125,다온재활복지요양센터,00,NORMAL SERVICE.,,,,,,
32811000010,C01,28,125,동인천방문요양센터,00,NORMAL SERVICE.,,,,,,
32811000011,C01,28,125,해피실버케어,00,NORMAL SERVICE.,,,,,,
32811000025,C01,28,125,하늘사랑 노인복지센터,00,NORMAL SERVICE.,,,,,,
32811000041,C01,28,125,굿모닝재가노인복지센터,00,NORMAL SERVICE.,,,,,,
32811000001,C02,28,155,중앙재가장기요양기관,00,NORMAL SERVICE.,,,,,,
32811000010,C02,28,125,동인천방문요양센터,00,NORMAL SERVICE.,,,,,,
32811000011,C02,28,125,해피실버케어,00,NORMAL SERVICE.,,,,,,
32811000041,C02,28,125,굿모닝재가노인복지센터,00,NORMAL SERVICE.,,,,,,
32811000050,C02,28,155,큰사랑 재가장기요양센터,00,NORMAL SERVICE.,,,,,,
32811000065,C02,28,125,송월동노인복지센터,00,NORMAL SERVICE.,,,,,,
32811000104,C03,28,125,제물포구 주간보호센터,00,NORMAL SERVICE.,1,32811000104,나 어릴 적,3,,36
32811000133,C03,28,125,중부주야간보호센터,00,NORMAL SERVICE.,1,32811000133,맨손체조(스트레칭 및 치매예방 체조),2,"중부주야간보호센터,생활실",50
32811000137,C03,28,155,영종장수노인주야간보호센터,00,NORMAL SERVICE.,1,32811000137,시니어레크레이션,1,생활실 및 프로그램실,9
32814000085,C03,28,125,(주)솔숲노인복지센터,00,NORMAL SERVICE.,1,32814000085,볼링놀이,1,생활실,33
32814000097,C03,28,125,주식회사동구종합재가센터,00,NORMAL SERVICE.,1,32814000097,"음악, 회상",1,프로그램실,40
32817000276,C03,28,177,인천남부노인복지센터,00,NORMAL SERVICE.,1,32817000276,레크레이션(2가지 영역),2,센터내,72
32823700285,C04,28,237,늘사랑전문요양원 부설 단기보호,00,NORMAL SERVICE.,,,,,,
32811000011,C05,28,125,해피실버케어,00,NORMAL SERVICE.,,,,,,
32811000142,C05,28,125,효노인복지센터,00,NORMAL SERVICE.,,,,,,
32814000085,C05,28,125,(주)솔숲노인복지센터,00,NORMAL SERVICE.,1,32814000085,볼링놀이,1,생활실,33
32814000094,C05,28,125,실로암통합재가센터,00,NORMAL SERVICE.,,,,,,
32817000205,C05,28,177,행복나눔방문요양센터,00,NORMAL SERVICE.,,,,,,
32814000008,C06,28,125,인천재가노인복지센터,00,NORMAL SERVICE.,,,,,,
32814000086,C06,28,125,주식회사 솔숲,00,NORMAL SERVICE.,,,,,,
32817000045,C06,28,177,웰러스코리아,00,NORMAL SERVICE.,,,,,,
32817000112,C06,28,177,하이케어,00,NORMAL SERVICE.,,,,,,
32817000204,C06,28,177,100세시대,00,NORMAL SERVICE.,,,,,,
12820000018,G31,28,200,만수요양원,00,NORMAL SERVICE.,1,12820000018,족욕서비스,3,각층 생활실,4
12820000411,G31,28,200,글라라의집,00,NORMAL SERVICE.,1,12820000411,건강체조,2,프로그램실,13
12820000925,G31,28,200,인천광역시립요양원,00,NORMAL SERVICE.,1,12820000925,신체/음악테라피,5,프로그램실,12
12823700532,G31,28,237,사랑의요양원3호점,00,NORMAL SERVICE.,1,12823700532,고리던지기,5,치매전담실,16
12823700684,G31,28,237,사랑의 요양원,00,NORMAL SERVICE.,1,12823700684,인지기능프로그램,7,,16
12820000018,G32,28,200,만수요양원,00,NORMAL SERVICE.,1,12820000018,족욕서비스,3,각층 생활실,4
12820000925,G32,28,200,인천광역시립요양원,00,NORMAL SERVICE.,1,12820000925,신체/음악테라피,5,프로그램실,12
12823700532,G32,28,237,사랑의요양원3호점,00,NORMAL SERVICE.,1,12823700532,고리던지기,5,치매전담실,16
12826000565,G32,28,275,두드림요양원,00,NORMAL SERVICE.,1,12826000565,생신잔지행사,6,프로그램실,15
12826000668,G32,28,275,시온휴요양원,00,NORMAL SERVICE.,1,12826000668,인지향상학습지,7,치매전담 프로그램실,4
12826000668,G33,28,275,시온휴요양원,00,NORMAL SERVICE.,1,12826000668,인지향상학습지,7,치매전담 프로그램실,4
12826000668,G34,28,275,시온휴요양원,00,NORMAL SERVICE.,1,12826000668,인지향상학습지,7,치매전담 프로그램실,4
22811000136,H31,28,125,인천중구구립치매전담형주간보호센터(건강마실터),00,NORMAL SERVICE.,1,22811000136,달력만들기,1,프로그램실,24
22814000104,H31,28,125,동구구립치매전담형주간보호센터,00,NORMAL SERVICE.,1,22814000104,물리요법,5,물리치료실,24
22817700573,H31,28,177,미추홀구 구립 치매전담형 주간보호센터 미추홀돌봄의집,00,NORMAL SERVICE.,1,22817700573,구연동화,1,"1,2,3전담실(각 전담실)",45
22817700654,H31,28,177,건강재활주간보호센터,00,NORMAL SERVICE.,1,22817700654,훈민정음,2,프로그램실,26
22818500214,H31,28,185,연수구립 치매전담형 주간보호센터-은빛사랑방,00,NORMAL SERVICE.,1,22818500214,미술치료,1,프로그램실,20
22817700573,H32,28,177,미추홀구 구립 치매전담형 주간보호센터 미추홀돌봄의집,00,NORMAL SERVICE.,1,22817700573,구연동화,1,"1,2,3전담실(각 전담실)",45
22823700653,H32,28,237,부평구 구립 치매전담형 주간보호센터 행복의집,00,NORMAL SERVICE.,1,22823700653,음악치료,7,생활실,20
22826000366,H32,28,290,기억너머주야간보호센터,00,NORMAL SERVICE.,1,22826000366,사회적응훈련,4,프로그램실,19
22826000510,H32,28,275,인천참사랑병원 부설 햇살데이케어센터,00,NORMAL SERVICE.,1,22826000510,미술치료,7,,0
22817700573,H33,28,177,미추홀구 구립 치매전담형 주간보호센터 미추홀돌봄의집,00,NORMAL SERVICE.,1,22817700573,구연동화,1,"1,2,3전담실(각 전담실)",45
32818500140,I31,28,185,엄마손실버케어 치매전담센터,00,NORMAL SERVICE.,1,32818500140,산수놀이,7,,22
12820000581,S41,28,200,천사의집2호,00,NORMAL SERVICE.,2,12820000581,"세라밴드, 음악/국악,풍금소리,소고, 추억의명가수",8,생활실,8
13011000004,A03,30,110,금성노인요양원,00,NORMAL SERVICE.,1,13011000004,어버이날,3,요양원 전체,75
13011000009,A03,30,110,임마누엘실버홈,00,NORMAL SERVICE.,1,13011000009,실버 뷰티(여가활동),9,1층 치매전담실 프로그램실,12
13011000015,A03,30,110,대전노인요양원,00,NORMAL SERVICE.,1,13011000015,미술치료,1,3층 프로그램실,10
13011000048,A03,30,110,온누리노인요양원,00,NORMAL SERVICE.,1,13011000048,특화프로그램(먹고놀자 요리프로그램),3,각층 생활실,30
13011000150,A03,30,110,산내노인종합센터,00,NORMAL SERVICE.,1,13011000150,"여가프로그램(영화,다큐감상)",3,"1,2F프로그램실",14
13011000184,A03,30,110,해드림실버요양원,00,NORMAL SERVICE.,1,13011000184,인지활동프로그램,1,해드림실버요양원 프로그램실,21
13011000195,A03,30,110,플래티늄,00,NORMAL SERVICE.,1,13011000195,지역사회 교류 행사,3,행사장 또는 프로그램실,60
13011000120,A04,30,110,예스시니어,00,NORMAL SERVICE.,1,13011000120,인지향상프로그램,1,프로그램실,9
13011000145,A04,30,110,새빛사랑의집,00,NORMAL SERVICE.,1,13011000145,아트별,1,프로그램실,9
13011000283,A04,30,110,예명요양원,00,NORMAL SERVICE.,1,13011000283,인지교구놀이,1,예명요양원 내 생활실,9
13011000284,A04,30,110,하나요양원,00,NORMAL SERVICE.,2,13011000284,빙빙놀이,2,프로그램실,9
13011000294,A04,30,110,한울노인요양원,00,NORMAL SERVICE.,1,13011000294,"미술활동(만들기,색칠하기), 회상활동",1,프로그램실,9
13011000306,A04,30,110,대전실버빌,00,NORMAL SERVICE.,1,13011000306,그땐 그랬지,1,프로그램실,8
13011000346,A04,30,110,가은실버홈,00,NORMAL SERVICE.,1,13011000346,신체프로그램,2,프로그램실,9
23011000007,B01,30,110,금성노인복지센터,00,NORMAL SERVICE.,1,23011000007,퍼즐맞추기,1,생활실,35
23011000008,B01,30,110,선우노인복지센터,00,NORMAL SERVICE.,1,23011000008,실버뷰티,3,4층 주간보호실,49
23011000151,B01,30,110,산내노인종합센터,00,NORMAL SERVICE.,3,23011000151,치매예방프로그램,1,1F 프로그램실,6
23011000185,B01,30,110,해드림노인복지센터,00,NORMAL SERVICE.,1,23011000185,인지활동형 프로그램,1,해드림주야간프로그램실,17
23011000233,B01,30,110,예명 주야간보호센터,00,NORMAL SERVICE.,1,23011000233,전례문화,1,생활실1,10
23011000295,B01,30,110,한울재가노인복지센터,00,NORMAL SERVICE.,3,23011000295,"인지활동, 미술",1,,4
23011000335,B01,30,110,새봄실버주간보호센터,00,NORMAL SERVICE.,60,23011000335,댄스스포츠,2,생활실,28
23011000007,B02,30,110,금성노인복지센터,00,NORMAL SERVICE.,1,23011000007,퍼즐맞추기,1,생활실,35
23011000151,B02,30,110,산내노인종합센터,00,NORMAL SERVICE.,3,23011000151,치매예방프로그램,1,1F 프로그램실,6
23011000185,B02,30,110,해드림노인복지센터,00,NORMAL SERVICE.,1,23011000185,인지활동형 프로그램,1,해드림주야간프로그램실,17
23011000233,B02,30,110,예명 주야간보호센터,00,NORMAL SERVICE.,1,23011000233,전례문화,1,생활실1,10
23011000353,B02,30,110,원동주야간보호센터,00,NORMAL SERVICE.,1,23011000353,생신잔치,3,원동주야간보호센터,75
23011000354,B02,30,110,수재가노인복지센터,00,NORMAL SERVICE.,,,,,,
23011000359,B02,30,110,행복나눔재가복지센터,00,NORMAL SERVICE.,,,,,,
23011000007,B03,30,110,금성노인복지센터,00,NORMAL SERVICE.,1,23011000007,퍼즐맞추기,1,생활실,35
23011000008,B03,30,110,선우노인복지센터,00,NORMAL SERVICE.,1,23011000008,실버뷰티,3,4층 주간보호실,49
23011000151,B03,30,110,산내노인종합센터,00,NORMAL SERVICE.,3,23011000151,치매예방프로그램,1,1F 프로그램실,6
23011000185,B03,30,110,해드림노인복지센터,00,NORMAL SERVICE.,1,23011000185,인지활동형 프로그램,1,해드림주야간프로그램실,17
23011000233,B03,30,110,예명 주야간보호센터,00,NORMAL SERVICE.,1,23011000233,전례문화,1,생활실1,10
23011000335,B03,30,110,새봄실버주간보호센터,00,NORMAL SERVICE.,60,23011000335,댄스스포츠,2,생활실,28
23011000351,B03,30,110,동부실버케어센터,00,NORMAL SERVICE.,2,23011000351,예술공연,2,프로그램실,38
23011000425,B05,30,110,하진재가복지센터,00,NORMAL SERVICE.,,,,,,
23011000450,B05,30,110,사랑가득한재가복지센터,00,NORMAL SERVICE.,,,,,,
23011000463,B05,30,110,엄마손통합재가센터,00,NORMAL SERVICE.,,,,,,
23014000642,B05,30,140,보라재가복지센터,00,NORMAL SERVICE.,,,,,,
23017000329,B05,30,170,유앤아이주간보호센터,00,NORMAL SERVICE.,1,23017000329,치매예방체조,2,주간보호프로그램실,30
23017000500,B05,30,170,더편한실버센터,00,NORMAL SERVICE.,,,,,,
23017000507,B05,30,170,대전간호요양센터,00,NORMAL SERVICE.,,,,,,
23011000374,B06,30,110,섬김복지용구지원센터,00,NORMAL SERVICE.,,,,,,
23011000391,B06,30,110,대전연합복지용구,00,NORMAL SERVICE.,,,,,,
23011000412,B06,30,110,늘사랑복지용구,00,NORMAL SERVICE.,,,,,,
23011000428,B06,30,110,예스복지용구,00,NORMAL SERVICE.,,,,,,
23011000454,B06,30,110,효자복지용구,00,NORMAL SERVICE.,,,,,,
23011000460,B06,30,110,(주)사랑과존경복지용구,00,NORMAL SERVICE.,,,,,,
23014000527,B06,30,140,하나엠케어복지용구사업소,00,NORMAL SERVICE.,,,,,,
33011000037,C01,30,110,노을빛재가복지센터,00,NORMAL SERVICE.,,,,,,
33011000044,C01,30,110,마리아노인복지센터,00,NORMAL SERVICE.,,,,,,
33011000056,C01,30,110,아가페재가노인복지센터,00,NORMAL SERVICE.,,,,,,
33011000063,C01,30,110,대전보람노인복지센터,00,NORMAL SERVICE.,,,,,,
33011000064,C01,30,110,한솔노인복지센터,00,NORMAL SERVICE.,,,,,,
33011000070,C01,30,110,백합노인복지센터,00,NORMAL SERVICE.,,,,,,
33011000080,C01,30,110,새빛재가요양보호센터,00,NORMAL SERVICE.,,,,,,
33011000023,C02,30,110,우리노인복지센터,00,NORMAL SERVICE.,,,,,,
33011000037,C02,30,110,노을빛재가복지센터,00,NORMAL SERVICE.,,,,,,
33011000056,C02,30,110,아가페재가노인복지센터,00,NORMAL SERVICE.,,,,,,
33011000063,C02,30,110,대전보람노인복지센터,00,NORMAL SERVICE.,,,,,,
33011000064,C02,30,110,한솔노인복지센터,00,NORMAL SERVICE.,,,,,,
33011000070,C02,30,110,백합노인복지센터,00,NORMAL SERVICE.,,,,,,
33011000080,C02,30,110,새빛재가요양보호센터,00,NORMAL SERVICE.,,,,,,
33011000251,C03,30,110,행복한실버케어센터,00,NORMAL SERVICE.,1,33011000251,레크레이션,3,,35
33011000258,C03,30,110,동행노인주야간보호센터,00,NORMAL SERVICE.,1,33011000258,동행노래방,1,동행노인주간보호센터 생활실,27
33011000285,C03,30,110,하나주야간보호,00,NORMAL SERVICE.,2,33011000285,풍선놀이,2,프로그램실,11
33011000304,C03,30,110,삼성주간보호센터,00,NORMAL SERVICE.,1,33011000304,(외부강사) 실버인지놀이,1,,33
33014000124,C03,30,140,대전효감주간보호센터,00,NORMAL SERVICE.,1,33014000124,악기수업과노래교실,1,프로그램실,30
33014000291,C03,30,140,태평주간보호센터,00,NORMAL SERVICE.,1,33014000291,음악체조,3,센터내 생활실,82
33014000324,C03,30,140,신한국복지센터,00,NORMAL SERVICE.,1,33014000324,사회적응훈련,3,,47
33011000248,C05,30,110,대전연합 실버케어,00,NORMAL SERVICE.,,,,,,
33011000273,C05,30,110,스마일방문간호요양센터,00,NORMAL SERVICE.,,,,,,
33011000280,C05,30,110,대전방문간호센터,00,NORMAL SERVICE.,,,,,,
33011000325,C05,30,110,굿널스방문간호요양센터,00,NORMAL SERVICE.,,,,,,
33014000124,C05,30,140,대전효감주간보호센터,00,NORMAL SERVICE.,1,33014000124,악기수업과노래교실,1,프로그램실,30
33014000424,C05,30,140,보문노인복지센터,00,NORMAL SERVICE.,,,,,,
33014000435,C05,30,140,대전효재가노인복지센터,00,NORMAL SERVICE.,,,,,,
33011000095,C06,30,110,행복메디칼,00,NORMAL SERVICE.,,,,,,
33011000109,C06,30,110,(주)국민복지환경,00,NORMAL SERVICE.,,,,,,
33011000192,C06,30,110,350복지용구,00,NORMAL SERVICE.,,,,,,
33011000227,C06,30,110,더드림노인요양복지센터,00,NORMAL SERVICE.,,,,,,
33011000242,C06,30,110,아가페복지,00,NORMAL SERVICE.,,,,,,
33011000328,C06,30,110,현암복지센터,00,NORMAL SERVICE.,,,,,,
33011000337,C06,30,110,행복나무복지센터,00,NORMAL SERVICE.,,,,,,
13011000009,G31,30,110,임마누엘실버홈,00,NORMAL SERVICE.,1,13011000009,실버 뷰티(여가활동),9,1층 치매전담실 프로그램실,12
13011000376,G31,30,110,대전요양원,00,NORMAL SERVICE.,1,13011000376,실버인활동,7,,8
13014000241,G31,30,140,축복마을,00,NORMAL SERVICE.,4,13014000241,작업치료 프로그램,2,"작업치료실,중앙홀",60
13017000253,G31,30,170,실버누리요양원,00,NORMAL SERVICE.,1,13017000253,노인체조(신체기능향상프로그램)-외부강사,2,2층 프로그램실,61
13011000009,G32,30,110,임마누엘실버홈,00,NORMAL SERVICE.,1,13011000009,실버 뷰티(여가활동),9,1층 치매전담실 프로그램실,12
13011000376,G32,30,110,대전요양원,00,NORMAL SERVICE.,1,13011000376,실버인활동,7,,8
13011000009,G33,30,110,임마누엘실버홈,00,NORMAL SERVICE.,1,13011000009,실버 뷰티(여가활동),9,1층 치매전담실 프로그램실,12
13011000376,G33,30,110,대전요양원,00,NORMAL SERVICE.,1,13011000376,실버인활동,7,,8
13011000009,G34,30,110,임마누엘실버홈,00,NORMAL SERVICE.,1,13011000009,실버 뷰티(여가활동),9,1층 치매전담실 프로그램실,12
13011000376,G34,30,110,대전요양원,00,NORMAL SERVICE.,1,13011000376,실버인활동,7,,8
23017000292,H31,30,170,대전요양원 주간보호센터,00,NORMAL SERVICE.,1,23017000292,노래교실(여가활동),8,,25
23017000584,H31,30,170,대전서구주간보호센터,00,NORMAL SERVICE.,1,23017000584,탁구공 계란판 옮기기 신체프로그램,5,대전서구주간보호센터 8층 프로그램실,25
23020000144,H31,30,200,나이팅게일주간보호센터,00,NORMAL SERVICE.,1,23020000144,음악활동,1,치매전담실내 프로그램실,25
23023000153,H31,30,230,예사랑재가노인복지센터,00,NORMAL SERVICE.,1,23023000153,나들이-사회적응훈련,9,야외,25
13011000384,S41,30,110,부모애공동생활가정,00,NORMAL SERVICE.,60,13011000384,노인체조,2,,9
13017000366,S41,30,170,섬김과 나눔의 집,00,NORMAL SERVICE.,0,13017000366,나는 000 입니다,4,생활실,7
13111000005,A03,31,110,국민요양원,00,NORMAL SERVICE.,1,13111000005,퍼즐맞추기,1,프로그램실,22
13111000007,A03,31,110,늘푸른노인전문요양원,00,NORMAL SERVICE.,1,13111000007,노인인권보호 및 학대예방교육,3,"2층, 3층 프로그램 실",69
13111000008,A03,31,110,늘푸른노인요양원,00,NORMAL SERVICE.,0,13111000008,운동요법(스트레칭),5,프로그램실,14
13111000009,A03,31,110,예랑소규모요양원,00,NORMAL SERVICE.,1,13111000009,생신잔치,3,2층 생활실,16
13111000082,A03,31,110,백정애 건강실버타운,00,NORMAL SERVICE.,1,13111000082,가족(보호자) 및 지역주민 참여프로그램,3,백정애건강실버타운 내,49
13111000143,A03,31,110,효자실버요양원,00,NORMAL SERVICE.,0,13111000143,"인지기능향상(빙고게임,풍선배구,칠교놀이,미술등)",1,프로그램실,74
13111000163,A03,31,110,효정요양원,00,NORMAL SERVICE.,1,13111000163,사회적응훈련,1,프로그램실,28
13111000175,A03,31,110,울산광역시립노인요양원,REQUEST_ERROR,HTTPError: HTTP Error 429: Too Many Requests,,,,,,
13111000147,A04,31,110,울산한우리노인요양센터,00,NORMAL SERVICE.,0,13111000147,신체기능 프로그램,2,,9
13111000205,A04,31,110,A+백정애건강실버타운,00,NORMAL SERVICE.,1,13111000205,인지활동프로그램,1,,9
13114000234,A04,31,140,굿실버공동생활가정,00,NORMAL SERVICE.,1,13114000234,인지프로그램,1,프로그램실,9
13114000278,A04,31,140,더 즐거운공동생활가정,00,NORMAL SERVICE.,1,13114000278,폼폼이 분류하기,1,생활실,9
13117000032,A04,31,170,가은실버홈,00,NORMAL SERVICE.,1,13117000032,미술치료,3,프로그램실,9
13117000088,A04,31,170,인애노인요양실버홈,00,NORMAL SERVICE.,1,13117000088,체육,3,인애프로그램실,9
13120000102,A04,31,200,청담종합복지센터,00,NORMAL SERVICE.,60,13120000102,노래인지 교실,1,생활실,9
13120000129,A04,31,200,백세재활복지센터,REQUEST_ERROR,HTTPError: HTTP Error 429: Too Many Requests,,,,,,
23111000001,B01,31,110,국민노인돌봄지원플랫폼,00,NORMAL SERVICE.,,,,,,
23111000002,B01,31,110,울산중구노인돌봄지원플랫폼,00,NORMAL SERVICE.,,,,,,
23111000150,B01,31,110,신울산노인재가복지센터,00,NORMAL SERVICE.,1,23111000150,뷰티케어,3,생활실,60
23111000154,B01,31,110,울산노인복지센터,00,NORMAL SERVICE.,,,,,,
23111000155,B01,31,110,더조은노인복지주간보호센터,00,NORMAL SERVICE.,1,23111000155,오늘은 내가 가수왕!,1,센터 내 생활실,55
23111000157,B01,31,110,다인재가복지센터,00,NORMAL SERVICE.,,,,,,
23111000161,B01,31,110,함월주야간보호센터,00,NORMAL SERVICE.,60,23111000161,난타장구,3,2층 생활실,20
23111000167,B01,31,110,팔팔백세 방문요양센터,00,NORMAL SERVICE.,,,,,,
23111000150,B02,31,110,신울산노인재가복지센터,00,NORMAL SERVICE.,1,23111000150,뷰티케어,3,생활실,60
23111000154,B02,31,110,울산노인복지센터,00,NORMAL SERVICE.,,,,,,
23111000155,B02,31,110,더조은노인복지주간보호센터,00,NORMAL SERVICE.,1,23111000155,오늘은 내가 가수왕!,1,센터 내 생활실,55
23111000157,B02,31,110,다인재가복지센터,00,NORMAL SERVICE.,,,,,,
23111000184,B02,31,110,강남재가노인복지센터,00,NORMAL SERVICE.,,,,,,
23111000193,B02,31,110,조은아침중구복지센터,00,NORMAL SERVICE.,1,23111000193,도구체조,1,센터 내 생활실,31
23111000195,B02,31,110,동행노인복지센터,00,NORMAL SERVICE.,,,,,,
23111000150,B03,31,110,신울산노인재가복지센터,00,NORMAL SERVICE.,1,23111000150,뷰티케어,3,생활실,60
23111000155,B03,31,110,더조은노인복지주간보호센터,00,NORMAL SERVICE.,1,23111000155,오늘은 내가 가수왕!,1,센터 내 생활실,55
23111000161,B03,31,110,함월주야간보호센터,00,NORMAL SERVICE.,60,23111000161,난타장구,3,2층 생활실,20
23111000162,B03,31,110,효정주간보호센터,REQUEST_ERROR,HTTPError: HTTP Error 429: Too Many Requests,,,,,,
23111000164,B03,31,110,울산정주간보호센터,00,NORMAL SERVICE.,1,23111000164,나도 가수다,1,생활실,43
23111000165,B03,31,110,선경주야간보호센터,REQUEST_ERROR,HTTPError: HTTP Error 429: Too Many Requests,,,,,,
23111000168,B03,31,110,오월주간보호센터,00,NORMAL SERVICE.,1,23111000168,기체조,1,,66
23111000177,B05,31,110,윤씨재가복지센터,00,NORMAL SERVICE.,,,,,,
23111000218,B05,31,110,헤븐노인복지센터,00,NORMAL SERVICE.,1,23111000218,바둑(여가),3,정서지원실,50
23111000231,B05,31,110,가온누리재가방문요양센터,00,NORMAL SERVICE.,,,,,,
23120000094,B05,31,200,A+마르페 실버케어,REQUEST_ERROR,HTTPError: HTTP Error 429: Too Many Requests,,,,,,
23120000128,B05,31,200,미소방문간호센터,00,NORMAL SERVICE.,,,,,,
23171000243,B05,31,710,화정방문간호센터,00,NORMAL SERVICE.,,,,,,
23111000149,B06,31,110,대신의료기상사,00,NORMAL SERVICE.,,,,,,
23111000159,B06,31,110,굿헬스의료기,00,NORMAL SERVICE.,,,,,,
23111000211,B06,31,110,신기의료기,00,NORMAL SERVICE.,,,,,,
23111000222,B06,31,110,두날개복지센터,REQUEST_ERROR,HTTPError: HTTP Error 429: Too Many Requests,,,,,,
23111000234,B06,31,110,울산복지용구센터,00,NORMAL SERVICE.,,,,,,
23114000238,B06,31,140,행운의료기,00,NORMAL SERVICE.,,,,,,
23114000249,B06,31,140,행복의료기,00,NORMAL SERVICE.,,,,,,
33111000042,C01,31,110,옥선노인복지센터,00,NORMAL SERVICE.,,,,,,
33111000048,C01,31,110,나도람노인복지센터,00,NORMAL SERVICE.,1,33111000048,신미란노래교실(금) 신미란 강사,1,주야간보호 생활실,56
33111000063,C01,31,110,행복소망나눔 요양보호센터,00,NORMAL SERVICE.,,,,,,
33111000064,C01,31,110,현대노인복지센터,00,NORMAL SERVICE.,,,,,,
33111000071,C01,31,110,가나안 요양파견센터,00,NORMAL SERVICE.,,,,,,
33111000075,C01,31,110,연희재가노인복지센터,00,NORMAL SERVICE.,,,,,,
33111000076,C01,31,110,장수마을재가복지센터,00,NORMAL SERVICE.,1,33111000076,실내걷기운동,2,,9
33111000042,C02,31,110,옥선노인복지센터,00,NORMAL SERVICE.,,,,,,
33111000045,C02,31,110,잉꼬 방문목욕센터,00,NORMAL SERVICE.,,,,,,
33111000048,C02,31,110,나도람노인복지센터,00,NORMAL SERVICE.,1,33111000048,신미란노래교실(금) 신미란 강사,1,주야간보호 생활실,56
33111000063,C02,31,110,행복소망나눔 요양보호센터,00,NORMAL SERVICE.,,,,,,
33111000064,C02,31,110,현대노인복지센터,00,NORMAL SERVICE.,,,,,,
33111000071,C02,31,110,가나안 요양파견센터,00,NORMAL SERVICE.,,,,,,
33111000075,C02,31,110,연희재가노인복지센터,00,NORMAL SERVICE.,,,,,,
33111000048,C03,31,110,나도람노인복지센터,00,NORMAL SERVICE.,1,33111000048,신미란노래교실(금) 신미란 강사,1,주야간보호 생활실,56
33111000076,C03,31,110,장수마을재가복지센터,00,NORMAL SERVICE.,1,33111000076,실내걷기운동,2,,9
33111000083,C03,31,110,백정애 건강실버타운,00,NORMAL SERVICE.,1,33111000083,(자체)운동활동프로그램,3,,34
33111000089,C03,31,110,울산한우리노인복지시설,00,NORMAL SERVICE.,1,33111000089,실버레크레이션,1,생활실,58
33111000106,C03,31,110,태화노인복지센터,00,NORMAL SERVICE.,1,33111000106,사회적응훈련프로그램,3,생활실,9
33111000109,C03,31,110,소중한노인복지센터,00,NORMAL SERVICE.,1,33111000109,인지활동형,1,소중한노인복지센터 생활실,40
33111000110,C03,31,110,베리굿실버복지센터,00,NORMAL SERVICE.,1,33111000110,레크레이션,1,생활실,36
33111000081,C05,31,110,지원재가노인복지센터,00,NORMAL SERVICE.,,,,,,
33111000083,C05,31,110,백정애 건강실버타운,00,NORMAL SERVICE.,1,33111000083,(자체)운동활동프로그램,3,,34
33111000122,C05,31,110,스마일재가노인복지센터,00,NORMAL SERVICE.,,,,,,
33111000138,C05,31,110,돌보미 재가노인 복지센터,00,NORMAL SERVICE.,,,,,,
33114000091,C05,31,140,마더스노인복지센터,00,NORMAL SERVICE.,,,,,,
33117000062,C05,31,170,사랑의 손길 재가센터,00,NORMAL SERVICE.,,,,,,
33120000042,C05,31,200,양지노인복지센터,00,NORMAL SERVICE.,,,,,,
33111000041,C06,31,110,새광명의료기,00,NORMAL SERVICE.,,,,,,
33111000062,C06,31,110,건강의료기,00,NORMAL SERVICE.,,,,,,
33111000084,C06,31,110,세운의료기 보조기도매센타,00,NORMAL SERVICE.,,,,,,
33111000091,C06,31,110,백세의료기,00,NORMAL SERVICE.,,,,,,
33111000103,C06,31,110,보드미의료기,00,NORMAL SERVICE.,,,,,,
33111000138,C06,31,110,돌보미 재가노인 복지센터,00,NORMAL SERVICE.,,,,,,
33114000047,C06,31,140,신우메디칼통상,00,NORMAL SERVICE.,,,,,,
13111000007,G31,31,110,늘푸른노인전문요양원,00,NORMAL SERVICE.,1,13111000007,노인인권보호 및 학대예방교육,3,"2층, 3층 프로그램 실",69
13111000008,G31,31,110,늘푸른노인요양원,00,NORMAL SERVICE.,0,13111000008,운동요법(스트레칭),5,프로그램실,14
13117000004,G31,31,170,다비다노인요양원,00,NORMAL SERVICE.,1,13117000004,음악활동,8,프로그램실,12
13120000124,G31,31,200,울산북구실버케어센터,00,NORMAL SERVICE.,1,13120000124,인지학습/인지미술,7,,12
13111000007,G32,31,110,늘푸른노인전문요양원,00,NORMAL SERVICE.,1,13111000007,노인인권보호 및 학대예방교육,3,"2층, 3층 프로그램 실",69
13111000008,G32,31,110,늘푸른노인요양원,00,NORMAL SERVICE.,0,13111000008,운동요법(스트레칭),5,프로그램실,14
13120000124,G32,31,200,울산북구실버케어센터,00,NORMAL SERVICE.,1,13120000124,인지학습/인지미술,7,,12
13120000124,G33,31,200,울산북구실버케어센터,00,NORMAL SERVICE.,1,13120000124,인지학습/인지미술,7,,12
13120000124,G34,31,200,울산북구실버케어센터,00,NORMAL SERVICE.,1,13120000124,인지학습/인지미술,7,,12
23111000218,H31,31,110,헤븐노인복지센터,00,NORMAL SERVICE.,1,23111000218,바둑(여가),3,정서지원실,50
23117000069,H31,31,170,남목노인복지관 부설 치매보호센터,00,NORMAL SERVICE.,1,23117000069,물리치료 및 재활운동,9,기능회복센터 및 웰빙건강센터,14
23117000082,H31,31,170,밝은미소 재가실버케어,00,NORMAL SERVICE.,1,23117000082,"사회적응프로그램(안전교육, 다큐멘터리 등)",9,치매전담실,21
13117000004,M31,31,170,다비다노인요양원,00,NORMAL SERVICE.,1,13117000004,음악활동,8,프로그램실,12
13171000142,S41,31,710,효녀심청의집,00,NORMAL SERVICE.,1,13171000142,"그림그리기,노래부르기,대화나누기",1,,2
13611000061,A03,36,110,세종우리요양원,REQUEST_ERROR,HTTPError: HTTP Error 429: Too Many Requests,,,,,,
13611000067,A03,36,110,세종행복요양원,00,NORMAL SERVICE.,1,13611000067,전래동화(인지/회상),1,2층 프로그램실,29
13611000087,A03,36,110,세종에덴요양원,00,NORMAL SERVICE.,1,13611000087,여가 및 특화 프로그램,1,로비 및 각 방,29
13611000090,A03,36,110,세종천애안요양원,00,NORMAL SERVICE.,1,13611000090,다른사람이름알기,3,,47
13611000099,A03,36,110,성덕효성원,00,NORMAL SERVICE.,1,13611000099,성덕노래교실,1,프로그램실 및 생활실,23
13611000113,A03,36,110,세종실버타운 평강요양원,REQUEST_ERROR,HTTPError: HTTP Error 429: Too Many Requests,,,,,,
13611000133,A03,36,110,VIP요양원,00,NORMAL SERVICE.,1,13611000133,"신체 프로그램(A,B 그룹)",3,"프로그램실, 생활실",29
13611000150,A03,36,110,세종해밀 요양원,00,NORMAL SERVICE.,1,13611000150,(특별프로그램) 크리스마스 행사,3,1층 프로그램실,49
13611000160,A03,36,110,세종마음숲요양원 고운점,00,NORMAL SERVICE.,1,13611000160,음악활동(노래&악기),1,프로그램실,29
13611000162,A03,36,110,더 사랑 요양원,00,NORMAL SERVICE.,1,13611000162,가족지지(생신잔치),3,프로그램실,28
13611000166,A03,36,110,세종요양원,00,NORMAL SERVICE.,1,13611000166,인지활동,1,각층 프로그램실,20
13611000167,A03,36,110,세종굿모닝요양원,REQUEST_ERROR,HTTPError: HTTP Error 429: Too Many Requests,,,,,,
13611000168,A03,36,110,조이실버케어요양원,00,NORMAL SERVICE.,1,13611000168,신체인지프로그램,3,프로그램실,68
13611000182,A03,36,110,세종시립요양원,00,NORMAL SERVICE.,1,13611000182,교구인지,1,"세종시립요양원 2층,3층 생활실",32
13611000143,A04,36,110,늘평안 노인요양공동생활가정,REQUEST_ERROR,HTTPError: HTTP Error 429: Too Many Requests,,,,,,
13611000203,A04,36,110,약산실버홈,00,NORMAL SERVICE.,1,13611000203,만다라 색칠하기,3,프로그램실,9
23611000109,B01,36,110,행복한주간보호센터,REQUEST_ERROR,HTTPError: HTTP Error 429: Too Many Requests,,,,,,
23611000125,B01,36,110,세종우리노인복지센터,00,NORMAL SERVICE.,1,23611000125,코스모스 꽃 나들이,3,코스모스 밭(정부청사 옆),30
23611000129,B01,36,110,휴먼주간보호센터,00,NORMAL SERVICE.,1,23611000129,감성미술,1,휴먼주간보호센터 생활실,49
23611000131,B01,36,110,세종고운재가복지센터,00,NORMAL SERVICE.,1,23611000131,인지훈련 워크북,7,대상자가정,1
23611000132,B01,36,110,유정재가복지원,00,NORMAL SERVICE.,,,,,,
23611000135,B01,36,110,가정재가복지센터,00,NORMAL SERVICE.,1,23611000135,신체활동,7,수급자 가정,2
23611000140,B01,36,110,민들레재가노인복지센터,00,NORMAL SERVICE.,,,,,,
23611000148,B01,36,110,더힐링 세종전원주간보호센터,00,NORMAL SERVICE.,4,23611000148,이미용 서비스,3,,84
23611000153,B01,36,110,세종재가복지센터,00,NORMAL SERVICE.,,,,,,
23611000154,B01,36,110,세종특별자치시 사회서비스원 세종종합재가센터,00,NORMAL SERVICE.,,,,,,
23611000155,B01,36,110,세종통합돌봄센터,00,NORMAL SERVICE.,,,,,,
23611000157,B01,36,110,한누리재가장기요양기관,00,NORMAL SERVICE.,,,,,,
23611000159,B01,36,110,행복드림 재가방문요양센터,00,NORMAL SERVICE.,,,,,,
23611000135,B02,36,110,가정재가복지센터,00,NORMAL SERVICE.,1,23611000135,신체활동,7,수급자 가정,2
23611000153,B02,36,110,세종재가복지센터,00,NORMAL SERVICE.,,,,,,
23611000169,B02,36,110,기쁨방문요양센터,00,NORMAL SERVICE.,,,,,,
23611000180,B02,36,110,가람재가복지센터,00,NORMAL SERVICE.,,,,,,
23611000184,B02,36,110,다정한재가복지센터,00,NORMAL SERVICE.,,,,,,
23611000188,B02,36,110,시온재가노인복지센터,00,NORMAL SERVICE.,,,,,,
23611000190,B02,36,110,세종하나재가요양센터,00,NORMAL SERVICE.,,,,,,
23611000197,B02,36,110,우리통합재가센터,00,NORMAL SERVICE.,,,,,,
23611000202,B02,36,110,봄날재가복지센터,00,NORMAL SERVICE.,,,,,,
23611000205,B02,36,110,드림 재가 방문요양 센터,00,NORMAL SERVICE.,,,,,,
23611000211,B02,36,110,최고방문요양센터,00,NORMAL SERVICE.,,,,,,
23611000212,B02,36,110,하트풀방문요양센터,REQUEST_ERROR,HTTPError: HTTP Error 429: Too Many Requests,,,,,,
23611000221,B02,36,110,나눔재가복지센터,00,NORMAL SERVICE.,,,,,,
23611000074,B03,36,110,종촌종합복지센터 노인주간보호센터,00,NORMAL SERVICE.,1,23611000074,토탈뷰티,3,프로그램실,33
23611000107,B03,36,110,세종가족사랑주간보호센터,00,NORMAL SERVICE.,1,23611000107,사회적응훈련 (용수천 나들이),3,용수천,55
23611000109,B03,36,110,행복한주간보호센터,00,NORMAL SERVICE.,0,23611000109,9988 체조,2,생활실,49
23611000125,B03,36,110,세종우리노인복지센터,00,NORMAL SERVICE.,1,23611000125,코스모스 꽃 나들이,3,코스모스 밭(정부청사 옆),30
23611000127,B03,36,110,플래티늄세종주야간보호센터,00,NORMAL SERVICE.,1,23611000127,신체기능 향상 체조,2,생활실,10
23611000129,B03,36,110,휴먼주간보호센터,00,NORMAL SERVICE.,1,23611000129,감성미술,1,휴먼주간보호센터 생활실,49
23611000136,B03,36,110,세종케어재활전문주간보호센터,00,NORMAL SERVICE.,1,23611000136,개별맞춤운동,2,세종케어재활전문주간보호센터 생활실,26
23611000145,B03,36,110,VIP주간보호센터,00,NORMAL SERVICE.,1,23611000145,발마사,2,프로그램실,9
23611000148,B03,36,110,더힐링 세종전원주간보호센터,00,NORMAL SERVICE.,4,23611000148,이미용 서비스,3,,84
23611000165,B03,36,110,세종주간보호센터,00,NORMAL SERVICE.,0,23611000165,"온열치료, 일일활력징후체크",3,프로그램실,34
23611000173,B03,36,110,세종부강노인복지센터,00,NORMAL SERVICE.,1,23611000173,절기프로그램,1,생활실,44
23611000178,B03,36,110,세종한누리주간보호센터,REQUEST_ERROR,HTTPError: HTTP Error 429: Too Many Requests,,,,,,
23611000193,B03,36,110,부강돌봄센터,00,NORMAL SERVICE.,60,23611000193,양말목 활용 공예,1,생활실,86
23611000186,B05,36,110,세종똑똑방문간호센터,00,NORMAL SERVICE.,,,,,,
23611000214,B05,36,110,세종방문간호센터,00,NORMAL SERVICE.,,,,,,
23611000138,B06,36,110,이원건강의료기 세종점,00,NORMAL SERVICE.,,,,,,
23611000164,B06,36,110,세종중앙의료기,00,NORMAL SERVICE.,,,,,,
23611000175,B06,36,110,건강복지용구센터,00,NORMAL SERVICE.,,,,,,
23611000181,B06,36,110,(주)가온렌탈케어 복지용구센터,00,NORMAL SERVICE.,,,,,,
23611000183,B06,36,110,세종한누리복지용구사업소,00,NORMAL SERVICE.,,,,,,
23611000194,B06,36,110,다정한복지의료기,00,NORMAL SERVICE.,,,,,,
23611000200,B06,36,110,가족사랑복지용구사업소,00,NORMAL SERVICE.,,,,,,
23611000201,B06,36,110,가치가봄 복지용구,00,NORMAL SERVICE.,,,,,,
33611000068,C01,36,110,세종시행복주간보호센터,00,NORMAL SERVICE.,1,33611000068,생신잔치,3,프로그램실,90
33611000072,C01,36,110,무지개 재가장기요양기관,00,NORMAL SERVICE.,3,33611000072,인지활동프로그램,1,,9
33611000075,C01,36,110,재가복지센터 유다원,00,NORMAL SERVICE.,,,,,,
33611000076,C01,36,110,행복요양센터,00,NORMAL SERVICE.,,,,,,
33611000078,C01,36,110,조약돌요양복지센터,00,NORMAL SERVICE.,,,,,,
33611000083,C01,36,110,에덴노인복지센터,00,NORMAL SERVICE.,,,,,,
33611000084,C01,36,110,세종한마음노인복지센터,00,NORMAL SERVICE.,,,,,,
33611000089,C01,36,110,시니어데이케어 주은 세종센터,00,NORMAL SERVICE.,1,33611000089,시니어피트니스365,2,프로그램실,51
33611000091,C01,36,110,세종시 노인복지센터,00,NORMAL SERVICE.,,,,,,
33611000092,C01,36,110,세종 감성큰사랑 통합재가복지센터,00,NORMAL SERVICE.,1,33611000092,인지활동 프로그램 제공,1,수급자 가정,15
33611000093,C01,36,110,참빛재가 노인복지센터,00,NORMAL SERVICE.,,,,,,
33611000098,C01,36,110,성심노인복지센터,00,NORMAL SERVICE.,,,,,,
33611000108,C01,36,110,해바라기방문요양사업소,REQUEST_ERROR,HTTPError: HTTP Error 429: Too Many Requests,,,,,,
33611000072,C02,36,110,무지개 재가장기요양기관,00,NORMAL SERVICE.,3,33611000072,인지활동프로그램,1,,9
33611000084,C02,36,110,세종한마음노인복지센터,00,NORMAL SERVICE.,,,,,,
33611000091,C02,36,110,세종시 노인복지센터,00,NORMAL SERVICE.,,,,,,
33611000092,C02,36,110,세종 감성큰사랑 통합재가복지센터,00,NORMAL SERVICE.,1,33611000092,인지활동 프로그램 제공,1,수급자 가정,15
33611000111,C02,36,110,가가호호 재가방문요양센터,00,NORMAL SERVICE.,,,,,,
33611000116,C02,36,110,사나섬재가복지센터,00,NORMAL SERVICE.,,,,,,
34473000052,C02,36,110,(주)휴먼에듀피아,00,NORMAL SERVICE.,,,,,,
33611000068,C03,36,110,세종시행복주간보호센터,00,NORMAL SERVICE.,1,33611000068,생신잔치,3,프로그램실,90
33611000082,C03,36,110,더 행복주간보호센터,00,NORMAL SERVICE.,1,33611000082,레크레이션,3,생활실,49
33611000085,C03,36,110,도담노인재활주간보호,00,NORMAL SERVICE.,3,33611000085,이미용 서비스 프로그램,3,301호 프로그램실,59
33611000089,C03,36,110,시니어데이케어 주은 세종센터,00,NORMAL SERVICE.,1,33611000089,시니어피트니스365,2,프로그램실,51
33611000118,C03,36,110,고운세종노인주야간센터,00,NORMAL SERVICE.,1,33611000118,미술활동1(외부강사),1,생활실,32
33611000120,C03,36,110,간호드림주간보호센터,00,NORMAL SERVICE.,1,33611000120,생신잔치,3,프로그램실/생활실,24
33611000091,C05,36,110,세종시 노인복지센터,00,NORMAL SERVICE.,,,,,,
33611000092,C05,36,110,세종 감성큰사랑 통합재가복지센터,00,NORMAL SERVICE.,1,33611000092,인지활동 프로그램 제공,1,수급자 가정,15
33611000120,C05,36,110,간호드림주간보호센터,00,NORMAL SERVICE.,1,33611000120,생신잔치,3,프로그램실/생활실,24
33611000089,C06,36,110,시니어데이케어 주은 세종센터,00,NORMAL SERVICE.,1,33611000089,시니어피트니스365,2,프로그램실,51
33611000102,C06,36,110,세종의료기,00,NORMAL SERVICE.,,,,,,
34473000029,C06,36,110,365 행복케어,00,NORMAL SERVICE.,,,,,,
13611000182,G31,36,110,세종시립요양원,00,NORMAL SERVICE.,1,13611000182,교구인지,1,"세종시립요양원 2층,3층 생활실",32
23611000074,H31,36,110,종촌종합복지센터 노인주간보호센터,00,NORMAL SERVICE.,1,23611000074,토탈뷰티,3,프로그램실,33
14473000023,S41,36,110,사랑의마을 노인요양공동생활가정,00,NORMAL SERVICE.,1,14473000023,인지프로그램 (개별),7,프로그램실,9
14111000023,A03,41,111,사회복지법인 죽파재단 감천장요양원,00,NORMAL SERVICE.,0,14111000023,보행향상프로그램,3,물리치료실,1
14111000024,A03,41,113,중앙요양원,00,NORMAL SERVICE.,1,14111000024,인지교구프로그램,1,2층 로비,25
14111000032,A03,41,115,수원 아노가 요양원,00,NORMAL SERVICE.,1,14111000032,신체 프로그램,1,아노가 요양원 프로그램실,83
14111000034,A03,41,111,수원시립노인전문요양원,00,NORMAL SERVICE.,1,14111000034,"(신체기능) 2층 A그룹, B그룹 3층(A그룹, B그룹)",3,각층 주거실,110
14111000041,A03,41,111,효행노인전문요양원,00,NORMAL SERVICE.,30,14111000041,종교의 시간(예배),3,별관 프로그램실,17
14111000229,A04,41,111,행복나라 노인전문요양센터,00,NORMAL SERVICE.,1,14111000229,종교활동(주일예배),3,,9
14111000306,A04,41,113,새수원복지요양원,00,NORMAL SERVICE.,1,14111000306,장수박수,1,각 층 프로그램실,9
14111000311,A04,41,113,새수원노인요양공동생활가정,00,NORMAL SERVICE.,1,14111000311,가족상담,3,각 층 프로그램실,9
14111000365,A04,41,111,행복나라노인전문요양센터 2동,00,NORMAL SERVICE.,1,14111000365,실버아트,1,,9
14111000409,A04,41,113,베데스다요양원,00,NORMAL SERVICE.,1,14111000409,신체프로그램,3,프로그램실과 층 생활실,4
24111000012,B01,41,113,서호재가노인복지센터,00,NORMAL SERVICE.,1,24111000012,한자서예,1,주간보호센터 프로그램실,20
24111000013,B01,41,113,버드내재가노인복지센터,00,NORMAL SERVICE.,1,24111000013,사회적응활동,1,프로그램실,24
24111000682,B01,41,111,해피홈수원재활주간보호센터,00,NORMAL SERVICE.,1,24111000682,건강체조,2,생활실,81
24111000688,B01,41,113,수 데이케어센터,00,NORMAL SERVICE.,1,24111000688,볼링,2,센터내 생활관,45
24111000697,B01,41,111,우리함께주간보호센터,00,NORMAL SERVICE.,1,24111000697,신체활동 프로그램,1,"2층, 3층 프로그램실",51
24111000682,B02,41,111,해피홈수원재활주간보호센터,00,NORMAL SERVICE.,1,24111000682,건강체조,2,생활실,81
24111000688,B02,41,113,수 데이케어센터,00,NORMAL SERVICE.,1,24111000688,볼링,2,센터내 생활관,45
24111000700,B02,41,113,보람찬어르신센터,00,NORMAL SERVICE.,1,24111000700,족욕프로그램(토),3,2층 생활실,35
24111000773,B02,41,113,(주)효자노치원,00,NORMAL SERVICE.,1,24111000773,수준별 인지학습,1,그룹별 프로그램실,70
24111000779,B02,41,117,(A+)케어재가복지센터,00,NORMAL SERVICE.,,,,,,
24111000012,B03,41,113,서호재가노인복지센터,00,NORMAL SERVICE.,1,24111000012,한자서예,1,주간보호센터 프로그램실,20
24111000013,B03,41,113,버드내재가노인복지센터,00,NORMAL SERVICE.,1,24111000013,사회적응활동,1,프로그램실,24
24111000036,B03,41,111,수원시립노인주간보호센터,00,NORMAL SERVICE.,1,24111000036,만다라,1,주간보호내,25
24111000051,B03,41,117,영통노인주간보호센터,00,NORMAL SERVICE.,1,24111000051,작업활동,1,프로그램실,16
24111000498,B03,41,111,밤밭노인주간보호센터,00,NORMAL SERVICE.,2,24111000498,회상활동,1,프로그램실,21
24115001043,B04,41,150,평화노인종합복지,00,NORMAL SERVICE.,2,24115001043,봉사단 공연,1,,43
24117000528,B04,41,173,삼성중앙주간보호센터,00,NORMAL SERVICE.,1,24117000528,실버레크레이션,1,생활실,65
24119001569,B04,41,192,효사랑통합복지센터,00,NORMAL SERVICE.,1,24119001569,신체이야기,2,,21
24122000412,B04,41,220,그림뜰재가복지센터,00,NORMAL SERVICE.,1,24122000412,실버체조,2,,5
24122000526,B04,41,220,아름다운재가복지센터,REQUEST_ERROR,HTTPError: HTTP Error 429: Too Many Requests,,,,,,
24111000816,B05,41,113,테레사간호통합방문센터,00,NORMAL SERVICE.,,,,,,
24111000852,B05,41,111,가온케어 통합돌봄센터,00,NORMAL SERVICE.,,,,,,
24111000853,B05,41,117,광교재가복지센터,00,NORMAL SERVICE.,,,,,,
24111000926,B05,41,117,라온노인복지센터,00,NORMAL SERVICE.,,,,,,
24111000948,B05,41,115,백세통합재가센터,00,NORMAL SERVICE.,,,,,,
24111000777,B06,41,117,가족사랑드림 복지용구,00,NORMAL SERVICE.,,,,,,
24111000825,B06,41,113,주식회사 케어프렌드,00,NORMAL SERVICE.,,,,,,
24111000869,B06,41,113,마실주야간보호센터,00,NORMAL SERVICE.,1,24111000869,인지프로그램,1,2층 및 3층 프로그램실,73
24111000879,B06,41,113,서광노인가정방문요양센터,00,NORMAL SERVICE.,,,,,,
24111000892,B06,41,115,희망의료기,00,NORMAL SERVICE.,,,,,,
34111000056,C01,41,117,1004노인복지센터,00,NORMAL SERVICE.,,,,,,
34111000065,C01,41,111,수원시립방문요양센터,00,NORMAL SERVICE.,,,,,,
34111000079,C01,41,117,도경노인복지센터,00,NORMAL SERVICE.,,,,,,
34111000090,C01,41,111,평강재가복지센터,00,NORMAL SERVICE.,,,,,,
34111000117,C01,41,111,장안요양센터,00,NORMAL SERVICE.,,,,,,
34111000056,C02,41,117,1004노인복지센터,00,NORMAL SERVICE.,,,,,,
34111000065,C02,41,111,수원시립방문요양센터,00,NORMAL SERVICE.,,,,,,
34111000079,C02,41,117,도경노인복지센터,00,NORMAL SERVICE.,,,,,,
34111000090,C02,41,111,평강재가복지센터,00,NORMAL SERVICE.,,,,,,
34111000117,C02,41,111,장안요양센터,REQUEST_ERROR,HTTPError: HTTP Error 429: Too Many Requests,,,,,,
34111000135,C03,41,113,중앙재가노인복지센터(주간보호),00,NORMAL SERVICE.,1,34111000135,레크레이션,1,중앙재가센터 1층 프로그램실,21
34111000431,C03,41,111,선재재활주야간보호센터,00,NORMAL SERVICE.,2,34111000431,어르신 청결유지 (목욕),9,샤워실,14
34111000489,C03,41,115,동행노인주간보호센터,00,NORMAL SERVICE.,1,34111000489,스트레칭(건강체조),2,생활실,25
34111000504,C03,41,117,사랑방노인복지센터,00,NORMAL SERVICE.,1,34111000504,미술치료,1,생활실,65
34111000516,C03,41,113,"""효자노치원"" 서수원점",REQUEST_ERROR,HTTPError: HTTP Error 429: Too Many Requests,,,,,,
34113000539,C04,41,135,'365'단기보호센터,00,NORMAL SERVICE.,1,34113000539,미술치료 프로그램,1,프로그램실,19
34115000528,C04,41,150,카네이션요양원,00,NORMAL SERVICE.,1,34115000528,여가프로그램,3,거실 및 생활실,9
34119000587,C04,41,192,고향 단기보호시설,00,NORMAL SERVICE.,1,34119000587,치매 프로그램,1,프로그램실,13
34128000630,C04,41,285,E.S.H엘림재가복지,00,NORMAL SERVICE.,1,34128000630,여가활동놀이,1,각방 및 프로그램실,2
34111000079,C05,41,117,도경노인복지센터,00,NORMAL SERVICE.,,,,,,
34111000138,C05,41,115,아노가 홈케어,REQUEST_ERROR,HTTPError: HTTP Error 429: Too Many Requests,,,,,,
34111000154,C05,41,115,실버벨스 방문요양센터,00,NORMAL SERVICE.,,,,,,
34111000453,C05,41,113,행복한재가복지센터,00,NORMAL SERVICE.,,,,,,
34111000078,C06,41,115,의료기백화점,00,NORMAL SERVICE.,,,,,,
34111000087,C06,41,115,현대의료기,00,NORMAL SERVICE.,,,,,,
34111000117,C06,41,111,장안요양센터,00,NORMAL SERVICE.,,,,,,
34111000124,C06,41,113,국제의료기,00,NORMAL SERVICE.,,,,,,
14113000234,G31,41,133,성남시립노인요양센터,00,NORMAL SERVICE.,1,14113000234,집단프로그램-동화책읽기(다독다독)(치매전담실),3,5층 치매전담실,10
14113000329,G31,41,135,더힐링요양원,00,NORMAL SERVICE.,1,14113000329,인지건강,7,프로그램실및 생활실,12
14113000714,G31,41,135,헤리티지요양원,00,NORMAL SERVICE.,1,14113000714,인지(전래/회상),1,프로그램실,15
14115000968,G31,41,150,루시아참요양원,00,NORMAL SERVICE.,1,14115000968,공예미술놀이음악치료(단체),7,프로그램실 또는 거실,10
14113000329,G32,41,135,더힐링요양원,REQUEST_ERROR,HTTPError: HTTP Error 429: Too Many Requests,,,,,,
14119000138,G32,41,196,부모섬김,REQUEST_ERROR,HTTPError: HTTP Error 429: Too Many Requests,,,,,,
14119000749,G32,41,192,성은요양원,00,NORMAL SERVICE.,30,14119000749,종이접기,1,프로그램실,20
14119001431,G32,41,194,차오름재활요양원,00,NORMAL SERVICE.,60,14119001431,[인지]인지자극놀이,1,프로그램실,52
14119001431,G33,41,194,차오름재활요양원,REQUEST_ERROR,HTTPError: HTTP Error 429: Too Many Requests,,,,,,
14122000189,G33,41,220,미소요양원,REQUEST_ERROR,HTTPError: HTTP Error 429: Too Many Requests,,,,,,
14136000319,G33,41,360,늘사랑실버케어센터,00,NORMAL SERVICE.,1,14136000319,사회적응(스토리텔링),9,거실,12
14122000189,G34,41,220,미소요양원,00,NORMAL SERVICE.,1,14122000189,퍼즐놀이,5,,6
14122000189,G35,41,220,미소요양원,00,NORMAL SERVICE.,1,14122000189,퍼즐놀이,5,,6
24115000902,H31,41,150,마음의숲노인복지센터본점,00,NORMAL SERVICE.,1,24115000902,푸드테라피,7,프로그램실,25
24115001048,H31,41,150,의정부통합돌봄요양센터,REQUEST_ERROR,HTTPError: HTTP Error 429: Too Many Requests,,,,,,
24119001185,H31,41,194,차오름재활주간보호/방문요양센터,00,NORMAL SERVICE.,1,24119001185,달력만들기,4,,12
24128001344,H31,41,287,가원노인복지센터,00,NORMAL SERVICE.,1,24128001344,사회적응프로그램,3,,9
24115000902,H32,41,150,마음의숲노인복지센터본점,00,NORMAL SERVICE.,1,24115000902,푸드테라피,7,프로그램실,25
24115001048,H32,41,150,의정부통합돌봄요양센터,00,NORMAL SERVICE.,2,24115001048,이미용서비스,3,프로그램실,10
24119001185,H32,41,194,차오름재활주간보호/방문요양센터,00,NORMAL SERVICE.,1,24119001185,달력만들기,4,,12
24128001681,H32,41,281,포르테주간보호센터,00,NORMAL SERVICE.,1,24128001681,공기압마사지,9,,0
24146000736,H33,41,465,365송은노인학교(주야간),00,NORMAL SERVICE.,1,24146000736,접시체조 및 율동,5,프로그램실(6층),20
24182000102,H33,41,820,가평중앙재가노인복지센터,00,NORMAL SERVICE.,1,24182000102,행복한메아리노래공연,3,2층 생활실,44
34117000237,I31,41,171,케어네이션 만안센터,00,NORMAL SERVICE.,0,34117000237,워크메이트(걷기운동),2,케어네이션 만안센터 주간보호 프로그램실,51
34119000977,I31,41,194,부천남부노인주야간보호센터,00,NORMAL SERVICE.,1,34119000977,현실인식훈련,7,프로그램실,25
34128001141,I31,41,281,행신치매전담형 주야간보호센터,00,NORMAL SERVICE.,50,34128001141,신체활동,2,프로그램실,24
34141000172,I31,41,410,'나들이' 데이케어센터,00,NORMAL SERVICE.,1,34141000172,건강 체육,5,나들이데이케어센터 생활실,22
14155000032,M31,41,550,파라밀 요양원,00,NORMAL SERVICE.,1,14155000032,"치매3프로그램,와상",1,어르신 방,18
14159000412,M31,41,591,새소망요양원,00,NORMAL SERVICE.,1,14159000412,신체활동프로그램,2,생활실,12
14117000627,S41,41,171,긋시아케어링a,REQUEST_ERROR,HTTPError: HTTP Error 429: Too Many Requests,,,,,,
14127001053,S41,41,273,아주좋은요양원,00,NORMAL SERVICE.,1,14127001053,어르신 건강 체조,8,프로그램실,9
14128000005,S41,41,281,사랑의집,00,NORMAL SERVICE.,1,14128000005,침과 물리치료,3,평화한의원,2
14128001485,S41,41,281,A+샬롬요양원,00,NORMAL SERVICE.,1,14128001485,가족지지 프로그램,6,프로그램실,9
14311000027,A03,43,112,산새노인요양원,REQUEST_ERROR,HTTPError: HTTP Error 429: Too Many Requests,,,,,,
14311000029,A03,43,114,청주소망의집,00,NORMAL SERVICE.,1,14311000029,인지 C 그룹,1,대상어르신이 계시는 생활실,15
14311000032,A03,43,113,흥덕실비노인요양원,00,NORMAL SERVICE.,3,14311000032,여가활동,3,흥덕노인요양원 2층 활동실,70
14311000039,A03,43,114,성심노인요양원,00,NORMAL SERVICE.,1,14311000039,신체기능-힐링아로마,3,각층 생활실,28
14311000042,A03,43,112,참사랑노인요양원,00,NORMAL SERVICE.,2,14311000042,물리치료,3,물리치료실,76
14311000041,A04,43,111,우리노인요양공동생활가정,REQUEST_ERROR,HTTPError: HTTP Error 429: Too Many Requests,,,,,,
14311000102,A04,43,111,용담사랑의집노인요양공동생활가정,00,NORMAL SERVICE.,1,14311000102,치매예방 및 관리프로그램,1,프로그램실,9
14311000161,A04,43,114,내덕늘푸른요양원,00,NORMAL SERVICE.,2,14311000161,신체기능프로그램,2,개인침상,9
14311000267,A04,43,113,새순노인요양공동생활가정,00,NORMAL SERVICE.,1,14311000267,여가프로그램,3,등급별로 진행 와상어르신은 영상보고 이야기나누,9
14311000346,A04,43,111,로뎀나무노인요양공동생활가정,00,NORMAL SERVICE.,,,,,,
24311000058,B01,43,113,평화노인복지센터,REQUEST_ERROR,HTTPError: HTTP Error 429: Too Many Requests,,,,,,
24311000575,B01,43,112,고려요양협동조합,REQUEST_ERROR,HTTPError: HTTP Error 429: Too Many Requests,,,,,,
24311000606,B01,43,112,가나노인주간보호센터,00,NORMAL SERVICE.,1,24311000606,미술놀이,7,"프로그램실 3,4층",36
24311000637,B01,43,113,(A+)동행노인복지센터,00,NORMAL SERVICE.,1,24311000637,색판뒤집기,2,생활실,62
24311000664,B01,43,112,효림노인주야간보호센터,00,NORMAL SERVICE.,1,24311000664,"수급자 안전 관리 1,2",3,프로그램실,28
24311000637,B02,43,113,(A+)동행노인복지센터,REQUEST_ERROR,HTTPError: HTTP Error 429: Too Many Requests,,,,,,
24311000680,B02,43,113,사랑으로노인복지센터,REQUEST_ERROR,HTTPError: HTTP Error 429: Too Many Requests,,,,,,
24311000788,B02,43,113,옥산방문요양복지센터,00,NORMAL SERVICE.,,,,,,
24311000805,B02,43,112,다복한주간보호센터,00,NORMAL SERVICE.,1,24311000805,공연영화감상나누기,1,센터 내 프로그램실,85
24311000809,B02,43,112,보람케어노인복지센터,00,NORMAL SERVICE.,,,,,,
24311000020,B03,43,113,청주흥덕노인통합지원센터,00,NORMAL SERVICE.,1,24311000020,특화PG,3,프로그램실,24
24311000227,B03,43,113,현진노인복지센터(흥덕노인요양원병설),00,NORMAL SERVICE.,2,24311000227,물리치료,2,현진노인복지센터 물리치료실,8
24311000292,B03,43,114,내덕노인복지센터,00,NORMAL SERVICE.,1,24311000292,실버인지놀이,1,프로그램실,21
24311000579,B03,43,114,성민주야간보호센터,00,NORMAL SERVICE.,1,24311000579,인지활동,2,생활실,13
24311000606,B03,43,112,가나노인주간보호센터,REQUEST_ERROR,HTTPError: HTTP Error 429: Too Many Requests,,,,,,
24311000845,B05,43,113,홈널스통합재가센터,00,NORMAL SERVICE.,,,,,,
24311000994,B05,43,111,재가요양센터한스,00,NORMAL SERVICE.,,,,,,
24311000996,B05,43,112,청주새일재가노인복지센터,00,NORMAL SERVICE.,,,,,,
24311001102,B05,43,114,꽃돌이방문간호센터,00,NORMAL SERVICE.,,,,,,
24311001114,B05,43,112,나우리재가노인복지센터,00,NORMAL SERVICE.,,,,,,
24311000637,B06,43,113,(A+)동행노인복지센터,00,NORMAL SERVICE.,1,24311000637,색판뒤집기,2,생활실,62
24311000752,B06,43,111,건강의료기 한국병원점,00,NORMAL SERVICE.,,,,,,
24311000859,B06,43,112,100세동안재가장기요양기관(청주점),00,NORMAL SERVICE.,,,,,,
24311000863,B06,43,114,누리복지용구,REQUEST_ERROR,HTTPError: HTTP Error 429: Too Many Requests,,,,,,
24311000904,B06,43,112,실버복지용구,00,NORMAL SERVICE.,,,,,,
34311000028,C01,43,111,어르신이행복한세상청주지사,00,NORMAL SERVICE.,,,,,,
34311000051,C01,43,114,THE명품노인복지센터,00,NORMAL SERVICE.,,,,,,
34311000069,C01,43,112,사랑천사재가장기요양기관,00,NORMAL SERVICE.,,,,,,
34311000105,C01,43,111,용암재가장기요양기관,REQUEST_ERROR,HTTPError: HTTP Error 429: Too Many Requests,,,,,,
34311000110,C01,43,114,부모사랑노인복지센터,00,NORMAL SERVICE.,1,34311000110,웃음치료,1,생활실,26
34311000028,C02,43,111,어르신이행복한세상청주지사,00,NORMAL SERVICE.,,,,,,
34311000051,C02,43,114,THE명품노인복지센터,REQUEST_ERROR,HTTPError: HTTP Error 429: Too Many Requests,,,,,,
34311000069,C02,43,112,사랑천사재가장기요양기관,00,NORMAL SERVICE.,,,,,,
34311000105,C02,43,111,용암재가장기요양기관,00,NORMAL SERVICE.,,,,,,
34311000199,C02,43,111,예수재가장기요양기관,00,NORMAL SERVICE.,,,,,,
34311000110,C03,43,114,부모사랑노인복지센터,00,NORMAL SERVICE.,1,34311000110,웃음치료,1,생활실,26
34311000120,C03,43,114,하늘정원 재가장기요양기관,00,NORMAL SERVICE.,1,34311000120,외부 봉사단 공연,3,3층 생활실,52
34311000220,C03,43,113,해피투게더 노인복지센터,00,NORMAL SERVICE.,1,34311000220,인지활동형프로그램,1,해피투게더 생활실,116
34311000274,C03,43,112,가경열린복지센터재가장기요양기관,00,NORMAL SERVICE.,1,34311000274,인지프로그램,1,프로그램실,45
34311000314,C03,43,112,청주노인주간보호센터,00,NORMAL SERVICE.,0,34311000314,건강체크,3,주간보호실,48
34313000211,C04,43,130,연수노인주야간보호센터,00,NORMAL SERVICE.,1,34313000211,사회적응,3,프로그램실,41
34374000003,C04,43,740,보생원노인복지센터,00,NORMAL SERVICE.,,,,,,
34374000031,C04,43,740,보생원전문노인요양원,00,NORMAL SERVICE.,,,,,,
34311000028,C05,43,111,어르신이행복한세상청주지사,00,NORMAL SERVICE.,,,,,,
34311000261,C05,43,112,돌봄천사재가노인복지센터,00,NORMAL SERVICE.,,,,,,
34311000337,C05,43,113,닥터케어방문간호센터,00,NORMAL SERVICE.,,,,,,
34311000516,C05,43,112,청주 주찬미방문간호센터,00,NORMAL SERVICE.,,,,,,
34311000528,C05,43,114,청주방문간호센터,00,NORMAL SERVICE.,,,,,,
34311000046,C06,43,111,한국의료기유한회사,00,NORMAL SERVICE.,,,,,,
34311000065,C06,43,112,바다메디칼장기요양기관,00,NORMAL SERVICE.,,,,,,
34311000071,C06,43,111,이원의료기육거리점복지용구재가장기요양기관,00,NORMAL SERVICE.,,,,,,
34311000073,C06,43,111,주성메디칼재가장기요양기관,00,NORMAL SERVICE.,,,,,,
34311000257,C06,43,111,모세휠체어재가장기요양기관,00,NORMAL SERVICE.,,,,,,
14311000242,G31,43,113,청주카리타스노인요양원,00,NORMAL SERVICE.,1,14311000242,(치매전담/기본프로그램),4,생활실,10
14311000498,G31,43,111,숲속요양원,00,NORMAL SERVICE.,1,14311000498,기억력 활동,1,프로그램실,26
14313000001,G31,43,130,충주평화의집,REQUEST_ERROR,HTTPError: HTTP Error 429: Too Many Requests,,,,,,
14313000110,G31,43,130,충주노인요양원,00,NORMAL SERVICE.,1,14313000110,"신체기능-건강체조,맨손체조",1,"프로그램실,생활실",71
14311000498,G32,43,111,숲속요양원,00,NORMAL SERVICE.,1,14311000498,기억력 활동,1,프로그램실,26
14373000128,G32,43,730,옥천군립치매전담요양원,00,NORMAL SERVICE.,60,14373000128,인지학습보드,7,다목적실강당,12
14374000137,G32,43,740,영동군립치매전담요양원,00,NORMAL SERVICE.,1,14374000137,"관절, 근력, 걷기, 서기, 앉기, 스트레칭, 산책하기",5,프로그램실,12
14373000128,G33,43,730,옥천군립치매전담요양원,00,NORMAL SERVICE.,60,14373000128,인지학습보드,7,다목적실강당,12
14374000137,G33,43,740,영동군립치매전담요양원,REQUEST_ERROR,HTTPError: HTTP Error 429: Too Many Requests,,,,,,
14373000128,G34,43,730,옥천군립치매전담요양원,00,NORMAL SERVICE.,60,14373000128,인지학습보드,7,다목적실강당,12
14374000137,G34,43,740,영동군립치매전담요양원,00,NORMAL SERVICE.,1,14374000137,"관절, 근력, 걷기, 서기, 앉기, 스트레칭, 산책하기",5,프로그램실,12
14373000128,G35,43,730,옥천군립치매전담요양원,00,NORMAL SERVICE.,60,14373000128,인지학습보드,7,다목적실강당,12
14374000137,G35,43,740,영동군립치매전담요양원,00,NORMAL SERVICE.,1,14374000137,"관절, 근력, 걷기, 서기, 앉기, 스트레칭, 산책하기",5,프로그램실,12
14373000128,G36,43,730,옥천군립치매전담요양원,00,NORMAL SERVICE.,60,14373000128,인지학습보드,7,다목적실강당,12
14374000137,G36,43,740,영동군립치매전담요양원,00,NORMAL SERVICE.,1,14374000137,"관절, 근력, 걷기, 서기, 앉기, 스트레칭, 산책하기",5,프로그램실,12
24313000302,H31,43,130,충주시립노인주야간보호센터,00,NORMAL SERVICE.,1,24313000302,학습지풀이(인지당),4,프로그램실,22
24315000250,H31,43,150,제천시립치매전담주야간보호센터,00,NORMAL SERVICE.,1,24315000250,신나는 뮤직터치,7,프로그램실,20
24373000127,H31,43,730,옥천군립주야간보호센터,00,NORMAL SERVICE.,1,24373000127,인지활동,1,치매전담실,40
24374000138,H31,43,740,병설 영동군립주야간보호센터,00,NORMAL SERVICE.,1,24374000138,"관절, 근력, 걷기, 서기, 앉기, 스트레칭,산책하기",5,각 전담실,23
24315000250,H32,43,150,제천시립치매전담주야간보호센터,00,NORMAL SERVICE.,1,24315000250,신나는 뮤직터치,7,프로그램실,20
24373000127,H32,43,730,옥천군립주야간보호센터,00,NORMAL SERVICE.,1,24373000127,인지활동,1,치매전담실,40
24374000138,H32,43,740,병설 영동군립주야간보호센터,REQUEST_ERROR,HTTPError: HTTP Error 429: Too Many Requests,,,,,,
14313000303,M31,43,130,충주시립노인요양원,00,NORMAL SERVICE.,1,14313000303,집단힐링,7,프로그램실,12
14315000251,M31,43,150,제천시립치매전담요양원,00,NORMAL SERVICE.,1,14315000251,인지음악,7,프로그램실,12
14375000097,M31,43,750,진천군립치매전담요양원,REQUEST_ERROR,HTTPError: HTTP Error 429: Too Many Requests,,,,,,
14376000107,M31,43,760,괴산군립치매전담요양원,00,NORMAL SERVICE.,1,14376000107,음악활동,3,프로그램실,29
14313000303,M32,43,130,충주시립노인요양원,00,NORMAL SERVICE.,1,14313000303,집단힐링,7,프로그램실,12
14315000251,M32,43,150,제천시립치매전담요양원,00,NORMAL SERVICE.,1,14315000251,인지음악,7,프로그램실,12
14375000097,M32,43,750,진천군립치매전담요양원,00,NORMAL SERVICE.,0,14375000097,맞춤형-놀이미술,7,공동거실/프로그램실,12
14315000251,M33,43,150,제천시립치매전담요양원,00,NORMAL SERVICE.,1,14315000251,인지음악,7,프로그램실,12
14315000251,M34,43,150,제천시립치매전담요양원,00,NORMAL SERVICE.,1,14315000251,인지음악,7,프로그램실,12
14315000251,M35,43,150,제천시립치매전담요양원,00,NORMAL SERVICE.,1,14315000251,인지음악,7,프로그램실,12
14315000251,M36,43,150,제천시립치매전담요양원,REQUEST_ERROR,HTTPError: HTTP Error 429: Too Many Requests,,,,,,
14315000157,S41,43,150,그레이스힐하우스,00,NORMAL SERVICE.,40,14315000157,주일예배(월1회성찬),6,예배실,9
14315000177,S41,43,150,송학보금자리 요양센터,00,NORMAL SERVICE.,1,14315000177,지남력훈련,4,,6
14315000241,S41,43,150,송학실버홈,00,NORMAL SERVICE.,1,14315000241,미술활동,7,프로그램실,8
14374500070,S41,43,745,증평치매전문요양원,00,NORMAL SERVICE.,1,14374500070,신체활동프로그램,7,프로그램실,9
14413000003,A03,44,131,천안제일요양원,00,NORMAL SERVICE.,1,14413000003,"물리치료(핫팩,적외선,중주파,초음파,공기압마사지기)",3,생활실 및 치료실,20
14413000007,A03,44,131,천안노인전문요양원,00,NORMAL SERVICE.,1,14413000007,"그리기, 색칠하기 프로그램",1,프로그램실,25
14413000008,A03,44,131,효자의 집,00,NORMAL SERVICE.,1,14413000008,어르신 개별 프로그램,3,각 생활실,68
14413000009,A03,44,131,호서노인전문요양원,00,NORMAL SERVICE.,1,14413000009,노인인권보호 및 노인학대예방교육,3,"각 생활관, 개인별, 그룹 등으로 진행한다",66
14413000011,A03,44,133,너싱홈 천안 간호천사,00,NORMAL SERVICE.,1,14413000011,볼링,2,프로그램실,18
14413000089,A03,44,131,충무원,00,NORMAL SERVICE.,1,14413000089,인지-C,1,프로그램 실,20
14413000198,A04,44,131,민들레요양원,00,NORMAL SERVICE.,1,14413000198,인지기능증진프로그램,1,프로그램실 또는 각호실 방문1:1,9
14413000199,A04,44,131,젬마의집,00,NORMAL SERVICE.,1,14413000199,여가활동,3,각생활실 및 프로그램실,9
14413000223,A04,44,133,행복미소의집,00,NORMAL SERVICE.,1,14413000223,체육활동,2,시설내,9
14413000224,A04,44,133,미소의집,00,NORMAL SERVICE.,1,14413000224,신체기능프로그램,3,프로그램실,7
14413000247,A04,44,133,초록마을공동생활가정,00,NORMAL SERVICE.,1,14413000247,"여가활동(TV시청, 종교활동, 뉴스전하기)",3,프로그램실,9
14413000295,A04,44,131,원성효그룹홈,00,NORMAL SERVICE.,,14413000295,물리치료,3,물리치료실,3
24413000019,B01,44,133,천안시노인종합복지관부설 천안노인복지센터,00,NORMAL SERVICE.,,,,,,
24413000028,B01,44,133,이웃사랑노인복지센터,00,NORMAL SERVICE.,,,,,,
24413000030,B01,44,131,느티나무노인복지센터,00,NORMAL SERVICE.,1,24413000030,인지활동(산수) 프로그램,1,프로그램실,24
24413000215,B01,44,131,남천안노인요양원병설재가노인복지센터,00,NORMAL SERVICE.,1,24413000215,목욕하기,3,목욕실,10
24413000301,B01,44,133,하은요양센터,00,NORMAL SERVICE.,,,,,,
24413000303,B01,44,131,성남재가노인복지시설,00,NORMAL SERVICE.,3,24413000303,인지활동형 프로그램,1,수급자댁,2
24413000028,B02,44,133,이웃사랑노인복지센터,00,NORMAL SERVICE.,,,,,,
24413000487,B02,44,131,+사랑실천복지센터,00,NORMAL SERVICE.,1,24413000487,트니실버체육,1,+사랑실천 복지센터,23
24413000497,B02,44,131,아가페재가복지센터,00,NORMAL SERVICE.,,,,,,
24413000503,B02,44,131,천안재가복지센터,00,NORMAL SERVICE.,,,,,,
24413000506,B02,44,131,으뜸재가복지센터,00,NORMAL SERVICE.,,,,,,
24413000508,B02,44,133,효드림재가복지센터,REQUEST_ERROR,HTTPError: HTTP Error 429: Too Many Requests,,,,,,
24413000020,B03,44,133,천안시노인종합복지관부설 천안노인복지센터,00,NORMAL SERVICE.,1,24413000020,교구활동,1,프로그램실,33
24413000030,B03,44,131,느티나무노인복지센터,00,NORMAL SERVICE.,1,24413000030,인지활동(산수) 프로그램,1,프로그램실,24
24413000215,B03,44,131,남천안노인요양원병설재가노인복지센터,00,NORMAL SERVICE.,1,24413000215,목욕하기,3,목욕실,10
24413000251,B03,44,133,북천안요양원부설주야간보호센터,00,NORMAL SERVICE.,1,24413000251,치매예방체조,1,주간보호센터 내 프로그램실,21
24413000340,B03,44,131,아우내은빛복지관부설아우내노인복지센터,00,NORMAL SERVICE.,1,24413000340,물리치료,3,물리치료실,10
24413000423,B03,44,131,우리노인주간보호센터,REQUEST_ERROR,HTTPError: HTTP Error 429: Too Many Requests,,,,,,
24413000215,B04,44,131,남천안노인요양원병설재가노인복지센터,00,NORMAL SERVICE.,1,24413000215,목욕하기,3,목욕실,10
24425000054,B04,44,250,계룡효재가노인복지센터,00,NORMAL SERVICE.,1,24425000054,영화감상,1,생활실2,24
24471000159,B04,44,710,동행랜드 핑크동,00,NORMAL SERVICE.,60,24471000159,기분좋~다,1,동행랜드핑크동,9
24413000503,B05,44,131,천안재가복지센터,00,NORMAL SERVICE.,,,,,,
24413000552,B05,44,133,입장한옥실버센터,00,NORMAL SERVICE.,1,24413000552,노래교실2,1,프로그램실,55
24413000672,B05,44,133,더베스트방문간호요양센터,00,NORMAL SERVICE.,,,,,,
24413000682,B05,44,131,대한메디컬재가복지센터,00,NORMAL SERVICE.,,,,,,
24413000684,B05,44,133,하루 재가 방문간호센터,00,NORMAL SERVICE.,,,,,,
24413000301,B06,44,133,하은요양센터,00,NORMAL SERVICE.,,,,,,
24413000499,B06,44,131,천안도우누리재가노인복지센터,00,NORMAL SERVICE.,1,24413000499,레크레이션,1,센터 생활실,41
24413000571,B06,44,131,제일메디컬,00,NORMAL SERVICE.,,,,,,
24413000586,B06,44,133,효드림복지용구센터,00,NORMAL SERVICE.,,,,,,
24413000588,B06,44,131,고은빛나재가센터,00,NORMAL SERVICE.,,,,,,
34413000004,C01,44,131,엔젤요양서비스,00,NORMAL SERVICE.,,,,,,
34413000058,C01,44,133,서로사랑노인복지센터,REQUEST_ERROR,HTTPError: HTTP Error 429: Too Many Requests,,,,,,
34413000060,C01,44,131,천안우리방문요양센터,00,NORMAL SERVICE.,1,34413000060,매월 인지활동 워크북,7,인지기능 학습 도움이 필요한 어르신 가정,5
34413000076,C01,44,133,사회복지법인 영서복지재단 충무노인복지센터,00,NORMAL SERVICE.,1,34413000076,맞춤프로그램(미술치료),1,프로그램실,10
34413000081,C01,44,131,하나요양보호원,00,NORMAL SERVICE.,,,,,,
34413000004,C02,44,131,엔젤요양서비스,00,NORMAL SERVICE.,,,,,,
34413000058,C02,44,133,서로사랑노인복지센터,REQUEST_ERROR,HTTPError: HTTP Error 429: Too Many Requests,,,,,,
34413000081,C02,44,131,하나요양보호원,00,NORMAL SERVICE.,,,,,,
34413000146,C02,44,133,섬김노인복지센터,00,NORMAL SERVICE.,,,,,,
34413000156,C02,44,131,'(A)돕는천사 벧엘 천안지사,00,NORMAL SERVICE.,,,,,,
34413000058,C03,44,133,서로사랑노인복지센터,00,NORMAL SERVICE.,1,34413000058,종이활동 프로그램(인지),1,서로사랑노인복지센터,32
34413000076,C03,44,133,사회복지법인 영서복지재단 충무노인복지센터,00,NORMAL SERVICE.,1,34413000076,맞춤프로그램(미술치료),1,프로그램실,10
34413000123,C03,44,133,금빛사랑 재가장기요양기관,00,NORMAL SERVICE.,1,34413000123,공기압 마사지,2,금빛사랑 내 활동실,10
34413000256,C03,44,131,해피하우스노인복지센터,00,NORMAL SERVICE.,1,34413000256,가베,1,프로그램실,48
34413000317,C03,44,133,쌍용노인전문요양원병설주야간보호센터,00,NORMAL SERVICE.,1,34413000317,치매예방 신체활동,2,생활실,21
34413000076,C05,44,133,사회복지법인 영서복지재단 충무노인복지센터,00,NORMAL SERVICE.,1,34413000076,맞춤프로그램(미술치료),1,프로그램실,10
34413000146,C05,44,133,섬김노인복지센터,00,NORMAL SERVICE.,,,,,,
34413000216,C05,44,131,남천안노인요양원병설재가노인복지센터,00,NORMAL SERVICE.,,,,,,
34413000484,C05,44,133,르모브재가간호구강센터,00,NORMAL SERVICE.,,,,,,
34418000104,C05,44,180,힐링재가복지센터,00,NORMAL SERVICE.,,,,,,
34413000004,C06,44,131,엔젤요양서비스,00,NORMAL SERVICE.,,,,,,
34413000069,C06,44,133,연세의료기,00,NORMAL SERVICE.,,,,,,
34413000070,C06,44,131,충청의료기상사,00,NORMAL SERVICE.,,,,,,
34413000087,C06,44,131,충남의료기,00,NORMAL SERVICE.,,,,,,
34413000088,C06,44,133,천안아산복지용구센터,00,NORMAL SERVICE.,,,,,,
14415000012,G31,44,150,공주원로원 아담스하우스,00,NORMAL SERVICE.,1,14415000012,차마시기,7,치매전담실,12
14420000203,G31,44,200,행복한요양원,00,NORMAL SERVICE.,1,14420000203,오감활동(집단PG),7,"프로그램실, 각층 거실 또는 산책로",3
14421000117,G31,44,210,수린목요양원,00,NORMAL SERVICE.,1,14421000117,여가프로그램(치매전담실),3,프로그램실,12
14423000328,G31,44,230,해피니스요양원,00,NORMAL SERVICE.,1,14423000328,발마사지,2,프로그램실,5
14427000256,G31,44,270,당진시립노인요양원,00,NORMAL SERVICE.,1,14427000256,(가족참여) 생신잔치,6,본관 2층 다목적 홀,12
14423000328,G32,44,230,해피니스요양원,00,NORMAL SERVICE.,1,14423000328,발마사지,2,프로그램실,5
14427000256,G32,44,270,당진시립노인요양원,00,NORMAL SERVICE.,1,14427000256,(가족참여) 생신잔치,6,본관 2층 다목적 홀,12
14476000071,G32,44,760,부여장수요양원,00,NORMAL SERVICE.,1,14476000071,말하는대로,7,프로그램실 및 생활실,16
14477000001,G32,44,770,서천 마서요양원,00,NORMAL SERVICE.,1,14477000001,음악/신체,1,2층 프로그램실,30
14477000018,G32,44,770,서천군노인요양시설,00,NORMAL SERVICE.,1,14477000018,스트레칭,5,치매전담실,20
24413000704,H31,44,131,천안시립노인요양원병설주야간보호센터,00,NORMAL SERVICE.,,,,,,
24420000370,H31,44,200,아산재활주간보호센터,00,NORMAL SERVICE.,60,24420000370,뇌꿈틀,7,주야간보호내치매전담1실,25
24427000153,H31,44,270,마실노인복지센터,00,NORMAL SERVICE.,1,24427000153,가족간담회,3,생활실2,25
24427000178,H31,44,270,온누리주야간보호센터,00,NORMAL SERVICE.,1,24427000178,물건계산하기,4,생활실,11
24477000023,H31,44,770,서천노인복지센터,00,NORMAL SERVICE.,1,24477000023,신체활동(체육) 프로그램,2,서천노인복지센터 주야간보호실,28
34476000049,I31,44,760,벧엘노인복지센터,00,NORMAL SERVICE.,60,34476000049,인지활동,7,주간보호 생활실,25
34476000122,I31,44,760,부여노인주간보호센터,00,NORMAL SERVICE.,1,34476000122,오리기공작,1,프로그램실,30
34481000114,I31,44,810,내포주간보호센터,00,NORMAL SERVICE.,0,34481000114,물리치료,2,"물리치료실, 생활실",28
34476000049,I32,44,760,벧엘노인복지센터,00,NORMAL SERVICE.,60,34476000049,인지활동,7,주간보호 생활실,25
14427000124,M31,44,270,당진전문요양원,00,NORMAL SERVICE.,1,14427000124,특별 : 음식 프로그램,9,프로그램실,6
14482500118,M31,44,825,태안군립어르신돌봄센터,REQUEST_ERROR,HTTPError: HTTP Error 429: Too Many Requests,,,,,,
14483000025,M31,44,270,실버프리 송악,00,NORMAL SERVICE.,1,14483000025,인지회상,1,본관 1층 프로그램실,144
14483000068,M31,44,270,사회복지법인 참사랑복지재단 참사랑요양원,00,NORMAL SERVICE.,1,14483000068,회상활동,7,치매전담실 프로그램실,12
14427000124,M32,44,270,당진전문요양원,00,NORMAL SERVICE.,1,14427000124,특별 : 음식 프로그램,9,프로그램실,6
14482500118,M32,44,825,태안군립어르신돌봄센터,00,NORMAL SERVICE.,1,14482500118,산책,2,"요양원내부,외부",12
14483000025,M32,44,270,실버프리 송악,00,NORMAL SERVICE.,1,14483000025,인지회상,1,본관 1층 프로그램실,144
14427000124,M33,44,270,당진전문요양원,00,NORMAL SERVICE.,1,14427000124,특별 : 음식 프로그램,9,프로그램실,6
14483000025,M33,44,270,실버프리 송악,00,NORMAL SERVICE.,1,14483000025,인지회상,1,본관 1층 프로그램실,144
14427000124,M34,44,270,당진전문요양원,00,NORMAL SERVICE.,1,14427000124,특별 : 음식 프로그램,9,프로그램실,6
14483000025,M34,44,270,실버프리 송악,00,NORMAL SERVICE.,1,14483000025,인지회상,1,본관 1층 프로그램실,144
14427000124,M35,44,270,당진전문요양원,00,NORMAL SERVICE.,1,14427000124,특별 : 음식 프로그램,9,프로그램실,6
14427000124,M36,44,270,당진전문요양원,00,NORMAL SERVICE.,1,14427000124,특별 : 음식 프로그램,9,프로그램실,6
14711000004,A03,47,113,갈릴리마을,REQUEST_ERROR,HTTPError: HTTP Error 429: Too Many Requests,,,,,,
14711000006,A03,47,111,포항위덕어르신마을,00,NORMAL SERVICE.,1,14711000006,난타공연,3,2층,30
14711000008,A03,47,113,포항원광보은의집,00,NORMAL SERVICE.,1,14711000008,외부공연 및 행사,3,3층 프로그램실,40
14711000010,A03,47,111,햇빛마을,00,NORMAL SERVICE.,1,14711000010,여가프로그램,3,각 동별 실시,80
14711000015,A03,47,111,학계노인전문요양원,00,NORMAL SERVICE.,1,14711000015,노래교실,1,거실 및 휴게공간,28
14711000016,A03,47,111,유락원,00,NORMAL SERVICE.,1,14711000016,추억회상,1,2층강당 및 생활실,50
14711000388,A04,47,111,다예요양센터,REQUEST_ERROR,HTTPError: HTTP Error 429: Too Many Requests,,,,,,
14711000561,A04,47,111,부영노인요양공동생활가정,00,NORMAL SERVICE.,1,14711000561,"물리치료및 인지기능향상, 여가 프로그램",3,열린 공간,9
14711000623,A04,47,111,포항 효 요양원,00,NORMAL SERVICE.,1,14711000623,숟가락 난타 수업,2,프로그램실,9
14713000016,A04,47,130,사랑의보금자리,00,NORMAL SERVICE.,1,14713000016,치매예방프로그램,1,프로그램실,9
14713000102,A04,47,130,낮은둥지공동체,00,NORMAL SERVICE.,1,14713000102,치매 프로그램,1,프로그램실,9
24711000163,B01,47,113,실버힐 재가복지센터,REQUEST_ERROR,HTTPError: HTTP Error 429: Too Many Requests,,,,,,
24711000182,B01,47,113,들꽃마을 노인복지센터,00,NORMAL SERVICE.,1,24711000182,인지-신체활동,2,프로그램실,26
24711000215,B01,47,111,유락원재가노인복지센터,00,NORMAL SERVICE.,,,,,,
24711000494,B01,47,113,가온누리 복지센터,00,NORMAL SERVICE.,,,,,,
24711000496,B01,47,111,한결재가복지센터,00,NORMAL SERVICE.,,,,,,
24711000163,B02,47,113,실버힐 재가복지센터,REQUEST_ERROR,HTTPError: HTTP Error 429: Too Many Requests,,,,,,
24711000215,B02,47,111,유락원재가노인복지센터,00,NORMAL SERVICE.,,,,,,
24711000494,B02,47,113,가온누리 복지센터,00,NORMAL SERVICE.,,,,,,
24711000505,B02,47,113,은혜로재가복지센터,00,NORMAL SERVICE.,,,,,,
24711000507,B02,47,111,보리재가복지센터,00,NORMAL SERVICE.,,,,,,
24711000011,B03,47,111,햇빛마을,00,NORMAL SERVICE.,1,24711000011,노래교실,1,주야간보호센터 열린공간,42
24711000182,B03,47,113,들꽃마을 노인복지센터,00,NORMAL SERVICE.,1,24711000182,인지-신체활동,2,프로그램실,26
24711000267,B03,47,113,선재 주야간노인센터,00,NORMAL SERVICE.,1,24711000267,인지기능 프로그램,1,프로그램실,20
24711000271,B03,47,111,효도마을 노인주간보호센터,00,NORMAL SERVICE.,1,24711000271,신체기능 유지 및 향상지원,2,생활실,31
24711000487,B03,47,113,환호노인복지센터,00,NORMAL SERVICE.,1,24711000487,노래교실(외부),1,환호노인복지센터,31
24717000109,B04,47,170,혜성노인복지센터,REQUEST_ERROR,HTTPError: HTTP Error 429: Too Many Requests,,,,,,
24729028734,B04,47,290,보현노인복지센터,00,NORMAL SERVICE.,1,24729028734,뿅망치게임,2,3층 프로그램실,12
24773000054,B04,47,730,안계노인복지센터,00,NORMAL SERVICE.,,,,,,
24785000189,B04,47,850,드림주간보호센터,00,NORMAL SERVICE.,1,24785000189,생신잔치,1,,49
24790000392,B04,47,900,예천연꽃마을 재가노인복지센터,00,NORMAL SERVICE.,,,,,,
24711000621,B05,47,113,우리동네 방문간호센터,REQUEST_ERROR,HTTPError: HTTP Error 429: Too Many Requests,,,,,,
24711000622,B05,47,113,우리방문간호센터,00,NORMAL SERVICE.,,,,,,
24711000707,B05,47,111,돌보고 통합재가복지센터,00,NORMAL SERVICE.,,,,,,
24713000384,B05,47,130,오늘방문간호요양센터,00,NORMAL SERVICE.,,,,,,
24713000467,B05,47,130,늘봄방문간호센터,00,NORMAL SERVICE.,,,,,,
24711000494,B06,47,113,가온누리 복지센터,REQUEST_ERROR,HTTPError: HTTP Error 429: Too Many Requests,,,,,,
24711000514,B06,47,111,부림복지용구,00,NORMAL SERVICE.,,,,,,
24711000519,B06,47,111,딜라이트(보청기),00,NORMAL SERVICE.,,,,,,
24711000551,B06,47,113,선한이웃 복지용구 센터,00,NORMAL SERVICE.,,,,,,
24711000595,B06,47,111,바른복지용구,00,NORMAL SERVICE.,,,,,,
34711000046,C01,47,113,죽장노인장기요양센타,REQUEST_ERROR,HTTPError: HTTP Error 429: Too Many Requests,,,,,,
34711000054,C01,47,113,동국 방문요양센터,00,NORMAL SERVICE.,,,,,,
34711000065,C01,47,113,은혜재가요양센터,00,NORMAL SERVICE.,,,,,,
34711000072,C01,47,113,한사랑노인복지센터,00,NORMAL SERVICE.,,,,,,
34711000080,C01,47,113,기계 효 장기요양센터,00,NORMAL SERVICE.,,,,,,
34711000046,C02,47,113,죽장노인장기요양센타,REQUEST_ERROR,HTTPError: HTTP Error 429: Too Many Requests,,,,,,
34711000054,C02,47,113,동국 방문요양센터,00,NORMAL SERVICE.,,,,,,
34711000065,C02,47,113,은혜재가요양센터,00,NORMAL SERVICE.,,,,,,
34711000072,C02,47,113,한사랑노인복지센터,00,NORMAL SERVICE.,,,,,,
34711000080,C02,47,113,기계 효 장기요양센터,00,NORMAL SERVICE.,,,,,,
34711000132,C03,47,111,평화의집 노인복지센터,00,NORMAL SERVICE.,0,34711000132,기능회복훈련,2,프로그램실,17
34711000135,C03,47,113,가장조은복지센터,00,NORMAL SERVICE.,2,34711000135,사회적응,3,실외바깥활동,25
34711000170,C03,47,111,선한이웃노인복지원,00,NORMAL SERVICE.,1,34711000170,그림 오려 붙이기,1,주간보호센터 내 생활실,42
34711000200,C03,47,111,해와달노인복지센터,00,NORMAL SERVICE.,,34711000200,런닝머신,2,,
34711000273,C03,47,111,오천행복재가복지센터,00,NORMAL SERVICE.,2,34711000273,사회적응프로그램,1,기관외 바깥활동,38
34711000200,C04,47,111,해와달노인복지센터,00,NORMAL SERVICE.,,34711000200,런닝머신,2,,
34719000188,C04,47,190,심청노인복지센터,00,NORMAL SERVICE.,1,34719000188,미니농구,2,프로그램 및 생활실,5
34729028901,C04,47,290,(A+)황박사노치원,00,NORMAL SERVICE.,1,34729028901,공예활동프로그램,1,,9
34711000054,C05,47,113,동국 방문요양센터,00,NORMAL SERVICE.,,,,,,
34711000227,C05,47,113,경북재가요양원,00,NORMAL SERVICE.,,,,,,
34711000457,C05,47,113,소담방문간호센터,00,NORMAL SERVICE.,,,,,,
34711000458,C05,47,113,국민건강재가복지센터,00,NORMAL SERVICE.,,,,,,
34711000467,C05,47,113,한울재가복지센터,00,NORMAL SERVICE.,,,,,,
34711000060,C06,47,113,동산보청기의료기상사,00,NORMAL SERVICE.,,,,,,
34711000094,C06,47,113,"파티마보조기,의료기백화점",00,NORMAL SERVICE.,,,,,,
34711000158,C06,47,111,미래복지재가센타,00,NORMAL SERVICE.,,,,,,
34711000181,C06,47,113,수메디칼,00,NORMAL SERVICE.,,,,,,
34711000213,C06,47,113,주식회사 케어스토어,00,NORMAL SERVICE.,,,,,,
14713000104,G31,47,130,공영노인전문요양시설 사랑원,00,NORMAL SERVICE.,1,14713000104,신체기능프로그램,5,강당,12
14713000370,G31,47,130,네스트빌요양원,00,NORMAL SERVICE.,1,14713000370,요리활동,7,각층 프로그램실,7
14719000249,G31,47,190,노인요양시설 효구미실버힐,00,NORMAL SERVICE.,1,14719000249,"특별프로그램 / 외식체험, 까페체험 등",3,효구미실버힐 생활실,64
14721000003,G31,47,210,소망의집,00,NORMAL SERVICE.,1,14721000003,인지자극활동,1,치매전담프로그램실,15
14725000094,G31,47,250,상주연세실버타운,00,NORMAL SERVICE.,1,14725000094,가족참여 프로그램,6,치매전담실 가형 1실 공동거실,12
14713000104,G32,47,130,공영노인전문요양시설 사랑원,00,NORMAL SERVICE.,1,14713000104,신체기능프로그램,5,강당,12
14713000370,G32,47,130,네스트빌요양원,00,NORMAL SERVICE.,1,14713000370,요리활동,7,각층 프로그램실,7
14729000004,G32,47,290,보현요양원,00,NORMAL SERVICE.,1,14729000004,힘뇌체조,5,치매전담실 가형 2실 공동거실,12
14792000001,G32,47,920,봉화요양원,00,NORMAL SERVICE.,1,14792000001,"여가프로그램(풍선배구, 옛노래듣기 외)",9,프로그램실,12
14792000001,G33,47,920,봉화요양원,00,NORMAL SERVICE.,1,14792000001,"여가프로그램(풍선배구, 옛노래듣기 외)",9,프로그램실,12
14792000001,G34,47,920,봉화요양원,00,NORMAL SERVICE.,1,14792000001,"여가프로그램(풍선배구, 옛노래듣기 외)",9,프로그램실,12
24711000679,H31,47,113,포항휴주간보호센터,00,NORMAL SERVICE.,1,24711000679,수공예활동 심화반,1,프로그램실,10
24713000311,H31,47,130,청우산대주간보호센터,00,NORMAL SERVICE.,1,24713000311,달력만들기,1,프로그램실,50
24715000275,H31,47,150,김천나눔사회적협동조합,00,NORMAL SERVICE.,1,24715000275,노래교실,1,생활실,30
24715000340,H31,47,150,우리노인복지센터,00,NORMAL SERVICE.,1,24715000340,신체인지놀이,3,우리노인복지센터 생활실,38
24717000003,H31,47,170,나천재가노인복지센터,00,NORMAL SERVICE.,1,24717000003,전통놀이,1,프로그램실,75
24713000311,H32,47,130,청우산대주간보호센터,00,NORMAL SERVICE.,1,24713000311,달력만들기,1,프로그램실,50
24717000003,H32,47,170,나천재가노인복지센터,00,NORMAL SERVICE.,1,24717000003,전통놀이,1,프로그램실,75
24719000197,H32,47,190,은가람재가노인복지센터,00,NORMAL SERVICE.,1,24719000197,세상뉴스전하기,3,프로그램실,5
24719000477,H32,47,190,효구미노인복지센터,00,NORMAL SERVICE.,60,24719000477,악기놀이,8,치매전담2실 생활실,25
24728000161,H32,47,280,미소치매전담형 주야간보호센터,00,NORMAL SERVICE.,1,24728000161,풍선 배구놀이,5,,24
34711000450,I31,47,113,우현노인복지센터,00,NORMAL SERVICE.,1,34711000450,"색칠하기,굴비엮기,직조짜기,칠교놀이,엽전꿰기",7,프로그램실,18
34713000239,I31,47,130,경주어르신종합돌봄센터,00,NORMAL SERVICE.,1,34713000239,숲 체험,7,"센터 프로그램실, 숲, 야외",15
34719000121,I31,47,190,주식회사참사랑,00,NORMAL SERVICE.,4,34719000121,야외나들이,3,야외,40
34790000024,I31,47,900,대경케어노인복지센터,00,NORMAL SERVICE.,1,34790000024,"(인지 활동) 집중력, 기억력 향상 프로그램",1,프로그램실,20
34719000121,I32,47,190,주식회사참사랑,00,NORMAL SERVICE.,4,34719000121,야외나들이,3,야외,40
14711000453,M31,47,113,우현요양원,00,NORMAL SERVICE.,1,14711000453,생신잔치,6,생활실,16
14711000453,M32,47,113,우현요양원,00,NORMAL SERVICE.,1,14711000453,생신잔치,6,생활실,16
14713000134,S41,47,130,경주따뜻한집,00,NORMAL SERVICE.,1,14713000134,영성 및 정서 지지,7,프로그램실,8
14721000195,S41,47,210,은빛둥지,00,NORMAL SERVICE.,3,14721000195,"기본프로그램,소그룹프로그램,집단프로그램",7,은빛둥지(생활실),9
14773000079,S41,47,730,금성산치매공동생활가정,00,NORMAL SERVICE.,1,14773000079,치매예방체조,3,공동거실,9
14811000005,A03,48,121,동진노인복지센터,00,NORMAL SERVICE.,1,14811000005,미술활동,1,프로그램실,54
14811000006,A03,48,121,주남요양센터,00,NORMAL SERVICE.,1,14811000006,치매프로그램,1,3층 프로그램실,31
14811000016,A03,48,121,창원성심요양원,00,NORMAL SERVICE.,1,14811000016,여가프로그램,3,프로그램실 등,77
14811000017,A03,48,121,창원성심노인전문요양원,00,NORMAL SERVICE.,1,14811000017,생신잔치,3,각층 홀,55
14811000133,A03,48,121,다솜창원노인복지센터,00,NORMAL SERVICE.,1,14811000133,"음악, 신체 프로그램",1,3층 프로그램실,26
14812000197,A03,48,121,소답노인요양센터,00,NORMAL SERVICE.,1,14812000197,특화프로그램,3,본 요양센터 뒤,37
14811000007,A04,48,121,수산자비선원 부설 자비마을,00,NORMAL SERVICE.,1,14811000007,"음악체조 및 각종 스트레칭, 생활체육",2,자비마을 입구 및 도계생활체육공원,4
14811000023,A04,48,121,아름다운요양원,00,NORMAL SERVICE.,3,14811000023,인지기능프로그램,1,거실,9
14812000153,A04,48,121,온새미로요양원,00,NORMAL SERVICE.,0,14812000153,물리치료,3,수급자 침실(필요시),7
14812000180,A04,48,129,은빛노인센터,00,NORMAL SERVICE.,1,14812000180,콩고르기,1,프로그램실,9
14812000189,A04,48,125,늘돌봄요양센터,00,NORMAL SERVICE.,1,14812000189,종이인형극,1,프로그램실,9
14812000306,A04,48,129,에버그린 실버홈,00,NORMAL SERVICE.,1,14812000306,회상활동,3,프로그램실,6
24811000030,B01,48,123,한빛노인복지센터,00,NORMAL SERVICE.,1,24811000030,공기압마사지,3,간호사실,15
24811000045,B01,48,123,희연재가커뮤니티케어센터,00,NORMAL SERVICE.,1,24811000045,"인지활동-네일아트.이,미용활동",1,주간보호센터,62
24811000063,B01,48,121,창원성심재가노인복지센터,00,NORMAL SERVICE.,1,24811000063,기능회복훈련,2,프로그램실,10
24812000200,B01,48,125,명진노인통합지원센터,00,NORMAL SERVICE.,1,24812000200,종이컵으로 탑 쌓기,1,이용 어르신댁,30
24812000359,B01,48,121,안정재활재가센터,00,NORMAL SERVICE.,1,24812000359,신체프로그램,3,주간보호센터 프로그램실,52
24812000415,B01,48,125,남가람 노인 통합지원센터,00,NORMAL SERVICE.,1,24812000415,원예프로그램,3,프로그램실,45
24811000045,B02,48,123,희연재가커뮤니티케어센터,00,NORMAL SERVICE.,1,24811000045,"인지활동-네일아트.이,미용활동",1,주간보호센터,62
24812000359,B02,48,121,안정재활재가센터,00,NORMAL SERVICE.,1,24812000359,신체프로그램,3,주간보호센터 프로그램실,52
24812000424,B02,48,123,태양재가노인복지센터,00,NORMAL SERVICE.,1,24812000424,"뇌건강체조,미술활동,수학,한글,칠교 등",1,생활실,21
24812000435,B02,48,121,창원도우누리 노인통합재가센터,00,NORMAL SERVICE.,1,24812000435,안전교육,3,창원도우누리 노인종합재가센터,52
24812000437,B02,48,121,선일데이케어센터,00,NORMAL SERVICE.,1,24812000437,인지-미술활동,1,"2,3층 프로그램실",70
24812000594,B02,48,121,다안재가복지센터,00,NORMAL SERVICE.,,,,,,
24811000008,B03,48,121,동진소규모노인종합센터,00,NORMAL SERVICE.,1,24811000008,지역자원연계(민요와장구),3,주간보호프로그램실,23
24811000030,B03,48,123,한빛노인복지센터,00,NORMAL SERVICE.,1,24811000030,공기압마사지,3,간호사실,15
24811000045,B03,48,123,희연재가커뮤니티케어센터,00,NORMAL SERVICE.,1,24811000045,"인지활동-네일아트.이,미용활동",1,주간보호센터,62
24812000359,B03,48,121,안정재활재가센터,00,NORMAL SERVICE.,1,24812000359,신체프로그램,3,주간보호센터 프로그램실,52
24812000415,B03,48,125,남가람 노인 통합지원센터,00,NORMAL SERVICE.,1,24812000415,원예프로그램,3,프로그램실,45
24812000424,B03,48,123,태양재가노인복지센터,00,NORMAL SERVICE.,1,24812000424,"뇌건강체조,미술활동,수학,한글,칠교 등",1,생활실,21
24825000612,B04,48,250,큰나무주간보호센터,00,NORMAL SERVICE.,1,24825000612,인지수,1,생활실,59
24811000045,B05,48,123,희연재가커뮤니티케어센터,00,NORMAL SERVICE.,1,24811000045,"인지활동-네일아트.이,미용활동",1,주간보호센터,62
24812000624,B05,48,121,행복한재가방문요양센터,00,NORMAL SERVICE.,,,,,,
24812000633,B05,48,127,백세행복노인복지센터 내서점,00,NORMAL SERVICE.,1,24812000633,미술프로그램,1,다목적실,70
24812000768,B05,48,127,참방문간호요양센터,00,NORMAL SERVICE.,,,,,,
24812000847,B05,48,121,창원 효사랑주간보호센터,00,NORMAL SERVICE.,1,24812000847,국악배우기,1,생활실/프로그램실,37
24812000850,B05,48,123,창원 효 방문간호재가센터,00,NORMAL SERVICE.,,,,,,
24812000589,B06,48,121,우리복지의료기,00,NORMAL SERVICE.,,,,,,
24812000611,B06,48,121,돌봄의료기복지용구,00,NORMAL SERVICE.,,,,,,
24812000636,B06,48,127,해피케어,00,NORMAL SERVICE.,,,,,,
24812000640,B06,48,121,세종메디,00,NORMAL SERVICE.,,,,,,
24812000739,B06,48,127,해피한 복지용구사업소,00,NORMAL SERVICE.,,,,,,
24812000767,B06,48,125,효담 재가노인복지센터,00,NORMAL SERVICE.,,,,,,
34811000001,C01,48,121,설암재가노인복지센터,00,NORMAL SERVICE.,,,,,,
34811000048,C01,48,123,은광재가복지센터,00,NORMAL SERVICE.,,,,,,
34811000051,C01,48,123,새경남노인복지센터,00,NORMAL SERVICE.,,,,,,
34811000056,C01,48,121,예명 재가복지센터,00,NORMAL SERVICE.,,,,,,
34811000067,C01,48,125,늘돌봄터,00,NORMAL SERVICE.,,,,,,
34811000071,C01,48,123,영남방문요양센터,00,NORMAL SERVICE.,,,,,,
34811000001,C02,48,121,설암재가노인복지센터,00,NORMAL SERVICE.,,,,,,
34811000048,C02,48,123,은광재가복지센터,00,NORMAL SERVICE.,,,,,,
34811000051,C02,48,123,새경남노인복지센터,00,NORMAL SERVICE.,,,,,,
34811000056,C02,48,121,예명 재가복지센터,00,NORMAL SERVICE.,,,,,,
34811000067,C02,48,125,늘돌봄터,00,NORMAL SERVICE.,,,,,,
34811000071,C02,48,123,영남방문요양센터,00,NORMAL SERVICE.,,,,,,
34812000150,C03,48,125,경남다올노인복지센터,00,NORMAL SERVICE.,1,34812000150,"언어,미술",1,경남다올노인복지센터 5층 프로그램실,48
34812000233,C03,48,121,소답노인장기요양센터,00,NORMAL SERVICE.,1,34812000233,"얼굴팩, 다리마사지등",3,3~4층 생활실,24
34812000260,C03,48,121,예본노인복지센터,00,NORMAL SERVICE.,60,34812000260,시니어레크,3,생활실,31
34812000331,C03,48,129,사랑방 주.야간복지센터,00,NORMAL SERVICE.,1,34812000331,기타프로그램(요리외),3,프로그램 혹은 생활실,38
34812000358,C03,48,121,행복나눔재가장기요양기관,00,NORMAL SERVICE.,30,34812000358,노인인권 및 학대예방/낙상예방,3,공동 프로그램실,9
34812000375,C03,48,125,한울노인복지기관,00,NORMAL SERVICE.,1,34812000375,그림자 찾기,1,한울노인복지기관,40
34825000252,C04,48,250,가나안노인복지센터,00,NORMAL SERVICE.,1,34825000252,음악프로그램,3,"주간보호 생활실 5층, 6층",52
34811000001,C05,48,121,설암재가노인복지센터,00,NORMAL SERVICE.,,,,,,
34812000263,C05,48,129,웅동방문간호요양센터,00,NORMAL SERVICE.,,,,,,
34812000328,C05,48,127,푸른방문간호요양센터,00,NORMAL SERVICE.,,,,,,
34812000573,C05,48,121,누림재가복지센터,00,NORMAL SERVICE.,,,,,,
34816000145,C05,48,125,재가장기요양기관 새론,00,NORMAL SERVICE.,1,34816000145,인지 프로그램,1,재가장기요양기관 새론,70
34811000043,C06,48,121,정우의료기,00,NORMAL SERVICE.,,,,,,
34811000084,C06,48,121,(주)한국메디칼,00,NORMAL SERVICE.,1,34811000084,직원 질향상교육,3,경남 창원시 팔용동 136-11번지 한국메디칼,3
34811000085,C06,48,121,국제의료기,00,NORMAL SERVICE.,,,,,,
34811000105,C06,48,121,정동통상의료기,00,NORMAL SERVICE.,,,,,,
34812000170,C06,48,127,(주)하울,00,NORMAL SERVICE.,,,,,,
14812000478,G31,48,129,효림요양원,00,NORMAL SERVICE.,1,14812000478,요리프로그램,1,"각 층 생활관 홀, 식당",64
14812000781,G31,48,125,새론케어,00,NORMAL SERVICE.,1,14812000781,신체A(국민체조/낙상예방체조/힘뇌체조/프로필촬영),2,각반 생활실(거실),53
14816000037,G31,48,127,창원삼계요양원,00,NORMAL SERVICE.,1,14816000037,신체기능프로그램- 체조외,1,신관프로그램실,24
14817000013,G31,48,170,공덕의집 노인요양원,00,NORMAL SERVICE.,1,14817000013,집단프로그램,7,치매전담실 홀,10
14817000138,G31,48,170,반도노인요양원,00,NORMAL SERVICE.,1,14817000138,일반실) 인지기능 프로그램,1,프로그램실,111
14812000478,G32,48,129,효림요양원,00,NORMAL SERVICE.,1,14812000478,요리프로그램,1,"각 층 생활관 홀, 식당",64
14816000037,G32,48,127,창원삼계요양원,00,NORMAL SERVICE.,1,14816000037,신체기능프로그램- 체조외,1,신관프로그램실,24
14817000138,G32,48,170,반도노인요양원,00,NORMAL SERVICE.,1,14817000138,일반실) 인지기능 프로그램,1,프로그램실,111
14824000004,G32,48,240,사천노인전문요양원,00,NORMAL SERVICE.,1,14824000004,신체기능프로그램,2,"2층,3층 중앙거실/생활실",58
14824000059,G32,48,240,사천행복요양원,REQUEST_ERROR,HTTPError: HTTP Error 429: Too Many Requests,,,,,,
14816000037,G33,48,127,창원삼계요양원,00,NORMAL SERVICE.,1,14816000037,신체기능프로그램- 체조외,1,신관프로그램실,24
24812000761,H31,48,121,희연치매전담형주간보호,00,NORMAL SERVICE.,1,24812000761,인지프로그램,7,,9
24822000113,H31,48,220,백세시대 청춘실버케어센터,00,NORMAL SERVICE.,1,24822000113,요리교실,7,프로그램실,20
24824000006,H31,48,240,사천노인복지센터,00,NORMAL SERVICE.,1,24824000006,신체프로그램,3,프로그램실,17
24824000133,H31,48,240,사천기억학교,00,NORMAL SERVICE.,1,24824000133,신체활동 프로그램,3,생활실,28
24825000536,H31,48,250,㈜케어링 주간보호센터 김해점,REQUEST_ERROR,HTTPError: HTTP Error 429: Too Many Requests,,,,,,
24812000761,H32,48,121,희연치매전담형주간보호,00,NORMAL SERVICE.,1,24812000761,인지프로그램,7,,9
24822000113,H32,48,220,백세시대 청춘실버케어센터,00,NORMAL SERVICE.,1,24822000113,요리교실,7,프로그램실,20
24833000238,H32,48,330,양산도우누리치매전문센터,00,NORMAL SERVICE.,1,24833000238,인지기능(붓글씨쓰기),7,"프로그램실1, 생활실1",23
34817000220,I31,48,170,태성데이케어센터,00,NORMAL SERVICE.,1,34817000220,에어하키,5,치매전담실,25
34827000171,I31,48,270,오이주간보호센터,00,NORMAL SERVICE.,1,34827000171,걷기운동,2,생활실,12
14887000034,M31,48,870,연꽃노인요양원,00,NORMAL SERVICE.,1,14887000034,가족대상프로그램,3,2·3층 홀 & 프로그램실,72
14888000099,M31,48,880,거창시니어카운티,00,NORMAL SERVICE.,1,14888000099,신체기능P/G : 실버체조,3,"프로그램실, 생활실(그룹별 실시), 공동거실",68
14811000081,S41,48,121,그린힐 치매전문요양센터,00,NORMAL SERVICE.,3,14811000081,지역사회행사프로그램,3,창원수박축제.어버니날행사 .실버축제,9
14817000162,S41,48,170,효원실버그룹홈,00,NORMAL SERVICE.,1,14817000162,요리활동,9,효원실버그룹홈 프로그램실,9
14817000180,S41,48,170,효원실버그룹홈2호,00,NORMAL SERVICE.,1,14817000180,콩팥활동,1,,9
14817000233,S41,48,170,효원실버그룹홈3호,00,NORMAL SERVICE.,1,14817000233,인지활동,7,프로그램실,9
14833000226,S41,48,330,풀꽃사랑채,REQUEST_ERROR,HTTPError: HTTP Error 429: Too Many Requests,,,,,,
15011000001,A03,50,110,한경원광소규모요양시설,00,NORMAL SERVICE.,1,15011000001,한글 공부,1,2층 프로그램실,8
15011000005,A03,50,110,제주요양원,00,NORMAL SERVICE.,1,15011000005,고리던지기,2,프로그램실,30
15011000006,A03,50,110,주사랑요양원,00,NORMAL SERVICE.,,15011000006,영적 정서적 서비스,3,"1층 프로그램실,2층 프로그램실",29
15011000010,A03,50,110,성이시돌요양원,00,NORMAL SERVICE.,1,15011000010,봉성체,3,각동 휴게실 및 침방,35
15011000011,A03,50,110,소망요양원,00,NORMAL SERVICE.,30,15011000011,"생신축하, 예배지원 등",3,1층 강당 및 각 층 생활실,40
15011000012,A03,50,110,세화요양원,00,NORMAL SERVICE.,1,15011000012,가족/지역주민참여P/G(생신/설/어버이날/추석/공연),3,강당,50
15011000013,A03,50,110,보은의집,00,NORMAL SERVICE.,1,15011000013,색종이접기,1,프로그램실,15
15011000015,A03,50,110,제주태고원,00,NORMAL SERVICE.,1,15011000015,팩미인,3,각 연화실,50
15011000163,A04,50,110,서부요양원,00,NORMAL SERVICE.,1,15011000163,책읽어주기,1,어르신방 또는 프로그램실,2
15011000165,A04,50,110,서부노인요양원,00,NORMAL SERVICE.,1,15011000165,해적롤렛게임,1,프로그램실,7
15011000200,A04,50,110,아름마을 요양원,00,NORMAL SERVICE.,1,15011000200,삼각퍼즐,1,거실 활용,9
15011000202,A04,50,110,둥지노인요양공동생활가정,00,NORMAL SERVICE.,1,15011000202,"퍼즐맞추기,",1,원내,8
15011000256,A04,50,110,동문요양원,00,NORMAL SERVICE.,1,15011000256,여가활동,1,프로그램실,9
15011000264,A04,50,110,낭그늘요양원,00,NORMAL SERVICE.,1,15011000264,미술활동 및 사회적응훈련,1,,8
15011000320,A04,50,110,신촌실버복지센터,00,NORMAL SERVICE.,1,15011000320,"가위, 바위, 보 게임",1,생활실,3
15011000422,A04,50,110,어르신요양가정 효누리,00,NORMAL SERVICE.,1,15011000422,신체기능향상,2,생활실,9
25011000003,B01,50,110,동제주노인복지센터,00,NORMAL SERVICE.,,,,,,
25011000004,B01,50,110,은빛마을노인복지센터,00,NORMAL SERVICE.,1,25011000004,미술활동,1,프로그램실,22
25011000008,B01,50,110,제주원광재가노인복지센터,00,NORMAL SERVICE.,1,25011000008,족욕(손마사지),2,프로그램실,32
25011000026,B01,50,110,제주노인복지센터,00,NORMAL SERVICE.,2,25011000026,냅킨공예,1,아름마을 경로당,20
25011000082,B01,50,110,주사랑소규모요양원,00,NORMAL SERVICE.,1,25011000082,생신잔치,3,주간보호실,26
25011000087,B01,50,110,성안노인복지센터,00,NORMAL SERVICE.,,,,,,
25011000124,B01,50,110,전원요양원,00,NORMAL SERVICE.,14,25011000124,초록빛치유 원예치료,1,지하프로그램실,11
25011000298,B01,50,110,한림주간보호센터,00,NORMAL SERVICE.,30,25011000298,물리치료 & 건강 Walking,2,물리치료실 & 생활실,24
25011000002,B02,50,110,한경원광소규모요양시설,00,NORMAL SERVICE.,1,25011000002,콩고르기,1,주.야간보호 프로그램실,4
25011000003,B02,50,110,동제주노인복지센터,00,NORMAL SERVICE.,,,,,,
25011000004,B02,50,110,은빛마을노인복지센터,00,NORMAL SERVICE.,1,25011000004,미술활동,1,프로그램실,22
25011000008,B02,50,110,제주원광재가노인복지센터,00,NORMAL SERVICE.,1,25011000008,족욕(손마사지),2,프로그램실,32
25011000026,B02,50,110,제주노인복지센터,00,NORMAL SERVICE.,2,25011000026,냅킨공예,1,아름마을 경로당,20
25011000082,B02,50,110,주사랑소규모요양원,00,NORMAL SERVICE.,1,25011000082,생신잔치,3,주간보호실,26
25011000087,B02,50,110,성안노인복지센터,00,NORMAL SERVICE.,,,,,,
25011000124,B02,50,110,전원요양원,00,NORMAL SERVICE.,14,25011000124,초록빛치유 원예치료,1,지하프로그램실,11
25011000002,B03,50,110,한경원광소규모요양시설,00,NORMAL SERVICE.,1,25011000002,콩고르기,1,주.야간보호 프로그램실,4
25011000004,B03,50,110,은빛마을노인복지센터,00,NORMAL SERVICE.,1,25011000004,미술활동,1,프로그램실,22
25011000008,B03,50,110,제주원광재가노인복지센터,00,NORMAL SERVICE.,1,25011000008,족욕(손마사지),2,프로그램실,32
25011000036,B03,50,110,삼양소규모노인종합센터,00,NORMAL SERVICE.,1,25011000036,"생활체조,오늘은운동회날",2,생활실,22
25011000080,B03,50,110,제광원소규모요양시설,00,NORMAL SERVICE.,1,25011000080,참나무숲 인지활동 프로그램,3,프로그램실,24
25011000082,B03,50,110,주사랑소규모요양원,00,NORMAL SERVICE.,1,25011000082,생신잔치,3,주간보호실,26
25011000091,B03,50,110,노인복지센터 연화원,00,NORMAL SERVICE.,2,25011000091,절기알기,1,주간보호실,8
25011000124,B03,50,110,전원요양원,00,NORMAL SERVICE.,14,25011000124,초록빛치유 원예치료,1,지하프로그램실,11
25013000127,B04,50,130,서귀포공립요양원 주간보호센터,00,NORMAL SERVICE.,1,25013000127,미술활동,1,프로그램실,25
25011000314,B05,50,110,한울재가복지센터,00,NORMAL SERVICE.,,,,,,
25011000342,B05,50,110,올레재가복지센터,00,NORMAL SERVICE.,,,,,,
25011000356,B05,50,110,제주두성통합재가센터,00,NORMAL SERVICE.,,,,,,
25011000396,B05,50,110,이웃집재가복지센터,00,NORMAL SERVICE.,,,,,,
25011000398,B05,50,110,나무재가복지센터,00,NORMAL SERVICE.,,,,,,
25011000402,B05,50,110,돌담재가노인복지센터,00,NORMAL SERVICE.,,,,,,
25011000405,B05,50,110,수호통합재가복지센터,00,NORMAL SERVICE.,,,,,,
25011000334,B06,50,110,한라복지용구센터,00,NORMAL SERVICE.,,,,,,
25011000346,B06,50,110,설문대 복지용구,00,NORMAL SERVICE.,,,,,,
25011000348,B06,50,110,나눔복지용구센터,00,NORMAL SERVICE.,,,,,,
25011000353,B06,50,110,하나노인복지센터,00,NORMAL SERVICE.,,,,,,
25011000360,B06,50,110,중앙로복지용구센터,00,NORMAL SERVICE.,,,,,,
25011000372,B06,50,110,그린메디복지용구,00,NORMAL SERVICE.,,,,,,
25011000383,B06,50,110,제주케어메디칼,00,NORMAL SERVICE.,,,,,,
25011000391,B06,50,110,제주 진심돌봄 통합재가복지센터,00,NORMAL SERVICE.,,,,,,
35011000017,C01,50,110,세모바퀴재가장기요양기관,00,NORMAL SERVICE.,,,,,,
35011000019,C01,50,110,엔젤방문요양지원센터,00,NORMAL SERVICE.,,,,,,
35011000031,C01,50,110,제주방문간호센터,00,NORMAL SERVICE.,,,,,,
35011000051,C01,50,110,힘찬노인복지센터,00,NORMAL SERVICE.,,,,,,
35011000062,C01,50,110,참사랑재가장기요양기관,00,NORMAL SERVICE.,,,,,,
35011000067,C01,50,110,진영노인복지센터,00,NORMAL SERVICE.,,,,,,
35011000073,C01,50,110,행복한재가요양기관,00,NORMAL SERVICE.,,,,,,
35011000098,C01,50,110,효심노인복지센터,00,NORMAL SERVICE.,1,35011000098,생활건강체조,2,프로그램실,21
35011000017,C02,50,110,세모바퀴재가장기요양기관,00,NORMAL SERVICE.,,,,,,
35011000019,C02,50,110,엔젤방문요양지원센터,00,NORMAL SERVICE.,,,,,,
35011000031,C02,50,110,제주방문간호센터,00,NORMAL SERVICE.,,,,,,
35011000051,C02,50,110,힘찬노인복지센터,00,NORMAL SERVICE.,,,,,,
35011000098,C02,50,110,효심노인복지센터,00,NORMAL SERVICE.,1,35011000098,생활건강체조,2,프로그램실,21
35011000099,C02,50,110,참된장기요양기관,00,NORMAL SERVICE.,,,,,,
35011000136,C02,50,110,탐라노인복지센터,00,NORMAL SERVICE.,1,35011000136,이미용서비스,3,센터 생활실,23
35011000140,C02,50,110,한마음복지센터,00,NORMAL SERVICE.,,,,,,
35011000096,C03,50,110,저청노인복지센터,00,NORMAL SERVICE.,,,,,,
35011000098,C03,50,110,효심노인복지센터,00,NORMAL SERVICE.,1,35011000098,생활건강체조,2,프로그램실,21
35011000114,C03,50,110,탐모라노인복지센터,00,NORMAL SERVICE.,1,35011000114,맞춤프로그램(전래),1,탐모라노인복지센터,4
35011000136,C03,50,110,탐라노인복지센터,00,NORMAL SERVICE.,1,35011000136,이미용서비스,3,센터 생활실,23
35011000188,C03,50,110,다솜노인종합복지센터,00,NORMAL SERVICE.,1,35011000188,그림색칠하기,1,주간보호센터내,21
35011000218,C03,50,110,다올주야간보호센터,00,NORMAL SERVICE.,1,35011000218,생신잔치 외,3,주간보호실,34
35011000230,C03,50,110,다원노인복지센터,00,NORMAL SERVICE.,1,35011000230,인지기능프로그램,1,"UNIT1,2",40
35011000234,C03,50,110,오라노인주간보호센터,00,NORMAL SERVICE.,1,35011000234,사방치기,2,생활실,53
35011000031,C05,50,110,제주방문간호센터,00,NORMAL SERVICE.,,,,,,
35011000099,C05,50,110,참된장기요양기관,00,NORMAL SERVICE.,,,,,,
35011000235,C05,50,110,반딧불복지센터,00,NORMAL SERVICE.,,,,,,
35011000296,C05,50,110,간호사가 여는  빛사랑통합돌봄재활센터,00,NORMAL SERVICE.,1,35011000296,시니어 브릭,1,프로그램실,20
35011000051,C06,50,110,힘찬노인복지센터,00,NORMAL SERVICE.,,,,,,
35011000077,C06,50,110,한라의료기,00,NORMAL SERVICE.,,,,,,
35011000089,C06,50,110,행복나눔(복지용구),00,NORMAL SERVICE.,,,,,,
35011000101,C06,50,110,노인복지용구사업소,00,NORMAL SERVICE.,,,,,,
35011000149,C06,50,110,효드림노인복지센터,00,NORMAL SERVICE.,,,,,,
35011000161,C06,50,110,빛사랑복지센터,00,NORMAL SERVICE.,,,,,,
35011000162,C06,50,110,제주의료복지용구기관,00,NORMAL SERVICE.,,,,,,
15011000131,G31,50,110,제주특별자치도립노인요양원,00,NORMAL SERVICE.,1,15011000131,현실인식훈련,4,,24
15011000245,G31,50,110,정효원,00,NORMAL SERVICE.,1,15011000245,전래놀이(외부강사),9,선재실,12
15011000131,G32,50,110,제주특별자치도립노인요양원,00,NORMAL SERVICE.,1,15011000131,현실인식훈련,4,,24
15011000245,G32,50,110,정효원,00,NORMAL SERVICE.,1,15011000245,전래놀이(외부강사),9,선재실,12
25011000328,H31,50,110,제주특별자치도립노인요양원 부설 주야간보호센터,00,NORMAL SERVICE.,1,25011000328,현실인식훈련,4,,16
25013000127,H31,50,130,서귀포공립요양원 주간보호센터,00,NORMAL SERVICE.,1,25013000127,미술활동,1,프로그램실,25
25011000328,H32,50,110,제주특별자치도립노인요양원 부설 주야간보호센터,00,NORMAL SERVICE.,1,25011000328,현실인식훈련,4,,16
15013000123,M31,50,130,서귀포공립요양원,00,NORMAL SERVICE.,1,15013000123,인지워크북,1,,48
15013000123,M32,50,130,서귀포공립요양원,00,NORMAL SERVICE.,1,15013000123,인지워크북,1,,48
14211000010,A03,51,110,양지노인마을,00,NORMAL SERVICE.,1,14211000010,여가프로그램 - 산책(양지뜰 산책),3,양지산책로 및 야외 테라스,108
14211000011,A03,51,110,연화마을,00,NORMAL SERVICE.,1,14211000011,치매예방관리프로그램,1,연화마을 프로그램실,82
14211000014,A03,51,110,춘천원광효도의집,00,NORMAL SERVICE.,1,14211000014,사회적응 프로그램,3,각 층 생활실 및 각 층 중정,61
14211000019,A03,51,110,춘천시립요양원,00,NORMAL SERVICE.,0,14211000019,기능회복훈련,2,생활실,62
14211000038,A03,51,110,엘림원,00,NORMAL SERVICE.,1,14211000038,인지회상활동,1,프로그램실,8
14211000124,A03,51,110,소망의집,00,NORMAL SERVICE.,1,14211000124,기능회복훈련,2,침실,29
14211000120,A04,51,110,춘천평화노인마을,00,NORMAL SERVICE.,1,14211000120,색칠하기,1,,7
14211000130,A04,51,110,예다온,00,NORMAL SERVICE.,1,14211000130,여가프로그램,1,1층 프로그램실,9
14211000155,A04,51,110,봄내공동생활가정,00,NORMAL SERVICE.,1,14211000155,치매예방체조,1,봄내공동생활가정 거실,9
14211000160,A04,51,110,아름다운요양원,00,NORMAL SERVICE.,1,14211000160,노래 따라 부르기,3,아름다운요양원 내,7
14211000169,A04,51,110,노아요양원,00,NORMAL SERVICE.,1,14211000169,"카드 맞추기, 틀린그림찾기, 실뜨기, 모자이크",1,침상 또는 프로그램실,9
14211000279,A04,51,110,다나은공동생활,00,NORMAL SERVICE.,1,14211000279,사회적응프로그램,1,프로그램실,9
24211000017,B01,51,110,춘천효자종합사회복지관부설춘천효자노인복지센터,00,NORMAL SERVICE.,,,,,,
24211000216,B01,51,110,운교노인복지센터,00,NORMAL SERVICE.,1,24211000216,인지자극활동(지남력훈련),1,,25
24211000228,B01,51,110,"""춘천희망""복지센터",00,NORMAL SERVICE.,1,24211000228,기능훈련(노인건강체조),2,"1층,2층 생활실",85
24211000253,B01,51,110,A+춘천시니어복지센터,00,NORMAL SERVICE.,1,24211000253,레크레이션과 신체활동,2,센터내 거실,39
24211000357,B01,51,110,Ⅱ희망노인주야간보호센터,00,NORMAL SERVICE.,0,24211000357,국민체력100증진교실,2,생활실,49
24211000369,B01,51,110,춘천노인복지센터,00,NORMAL SERVICE.,,,,,,
24211000017,B02,51,110,춘천효자종합사회복지관부설춘천효자노인복지센터,00,NORMAL SERVICE.,,,,,,
24211000216,B02,51,110,운교노인복지센터,00,NORMAL SERVICE.,1,24211000216,인지자극활동(지남력훈련),1,,25
24211000228,B02,51,110,"""춘천희망""복지센터",00,NORMAL SERVICE.,1,24211000228,기능훈련(노인건강체조),2,"1층,2층 생활실",85
24211000357,B02,51,110,Ⅱ희망노인주야간보호센터,00,NORMAL SERVICE.,0,24211000357,국민체력100증진교실,2,생활실,49
24211000369,B02,51,110,춘천노인복지센터,00,NORMAL SERVICE.,,,,,,
24211000373,B02,51,110,다사랑실버케어,00,NORMAL SERVICE.,1,24211000373,수공예활동,1,프로그램실,65
24211000216,B03,51,110,운교노인복지센터,00,NORMAL SERVICE.,1,24211000216,인지자극활동(지남력훈련),1,,25
24211000228,B03,51,110,"""춘천희망""복지센터",00,NORMAL SERVICE.,1,24211000228,기능훈련(노인건강체조),2,"1층,2층 생활실",85
24211000253,B03,51,110,A+춘천시니어복지센터,00,NORMAL SERVICE.,1,24211000253,레크레이션과 신체활동,2,센터내 거실,39
24211000282,B03,51,110,춘천중앙노인복지센터,REQUEST_ERROR,HTTPError: HTTP Error 429: Too Many Requests,,,,,,
24211000357,B03,51,110,Ⅱ희망노인주야간보호센터,00,NORMAL SERVICE.,0,24211000357,국민체력100증진교실,2,생활실,49
24211000373,B03,51,110,다사랑실버케어,00,NORMAL SERVICE.,1,24211000373,수공예활동,1,프로그램실,65
24215000357,B04,51,150,사랑채움재가복지센터,00,NORMAL SERVICE.,1,24215000357,신체기능활동,2,사랑채움센터 단기보호 생활실,9
25115000411,B04,51,150,좋은복지센터,00,NORMAL SERVICE.,1,25115000411,사회성증진 프로그램,1,프로그램실,9
24211000228,B05,51,110,"""춘천희망""복지센터",00,NORMAL SERVICE.,1,24211000228,기능훈련(노인건강체조),2,"1층,2층 생활실",85
24211000421,B05,51,110,A+중앙통합복지센터,00,NORMAL SERVICE.,,,,,,
24211000498,B05,51,110,온누리재가요양센터,00,NORMAL SERVICE.,,,,,,
24211000511,B05,51,110,숨케어재가복지센터,00,NORMAL SERVICE.,,,,,,
24213000388,B05,51,130,+조해숙재가복지센터,00,NORMAL SERVICE.,,,,,,
24215000293,B05,51,150,착한사랑재가복지센터,00,NORMAL SERVICE.,1,24215000293,사회적응훈련 프로그램,3,,29
24211000472,B06,51,110,주식회사엘케어,00,NORMAL SERVICE.,,,,,,
24213000335,B06,51,130,백세의료기기,00,NORMAL SERVICE.,,,,,,
24213000347,B06,51,130,성지의료기,00,NORMAL SERVICE.,,,,,,
24213000394,B06,51,130,누가119의료기,00,NORMAL SERVICE.,,,,,,
24213000422,B06,51,130,라온라이프케어,00,NORMAL SERVICE.,,,,,,
24215000342,B06,51,150,부영의료기,00,NORMAL SERVICE.,,,,,,
34211000052,C01,51,110,그린노인복지센터,REQUEST_ERROR,HTTPError: HTTP Error 429: Too Many Requests,,,,,,
34211000053,C01,51,110,우리재가복지센터,00,NORMAL SERVICE.,,,,,,
34211000070,C01,51,110,천사노인복지센터,00,NORMAL SERVICE.,1,34211000070,웃음치료(맞춤형인지),1,프로그램실,30
34211000089,C01,51,110,노인방문요양센터 에벤에셀,00,NORMAL SERVICE.,180,34211000089,저학년 수학공부,1,치매5등급 어르신댁,1
34211000148,C01,51,110,동원노인복지센터,00,NORMAL SERVICE.,,,,,,
34211000263,C01,51,110,자양방문노인복지센터,00,NORMAL SERVICE.,,,,,,
34211000052,C02,51,110,그린노인복지센터,REQUEST_ERROR,HTTPError: HTTP Error 429: Too Many Requests,,,,,,
34211000070,C02,51,110,천사노인복지센터,00,NORMAL SERVICE.,1,34211000070,웃음치료(맞춤형인지),1,프로그램실,30
34211000089,C02,51,110,노인방문요양센터 에벤에셀,00,NORMAL SERVICE.,180,34211000089,저학년 수학공부,1,치매5등급 어르신댁,1
34211000148,C02,51,110,동원노인복지센터,00,NORMAL SERVICE.,,,,,,
34211000263,C02,51,110,자양방문노인복지센터,00,NORMAL SERVICE.,,,,,,
34211000265,C02,51,110,샬롬재가복지센터,00,NORMAL SERVICE.,,,,,,
34211000070,C03,51,110,천사노인복지센터,00,NORMAL SERVICE.,1,34211000070,웃음치료(맞춤형인지),1,프로그램실,30
34211000313,C03,51,110,수빈재가노인복지센터,00,NORMAL SERVICE.,1,34211000313,"생활체육, 건강체조, 발운동, 물리치료, 실내운동기구",2,"생활실, 물리치료실",27
34211000328,C03,51,110,참조은노인복지센터,00,NORMAL SERVICE.,1,34211000328,노래웃음치료,1,생활실,28
34211000342,C03,51,110,스마일 재가노인복지센터,00,NORMAL SERVICE.,1,34211000342,인지활동(외부강사),1,생활실,41
34213000174,C03,51,130,효섬김재가복지센터,00,NORMAL SERVICE.,1,34213000174,가리사니(매주 화요일 오전),3,생활실,40
34213000282,C03,51,130,시니어데이케어 주은 원주센터,00,NORMAL SERVICE.,2,34213000282,영화감상,1,생활실,65
34211000052,C05,51,110,그린노인복지센터,00,NORMAL SERVICE.,,,,,,
34211000053,C05,51,110,우리재가복지센터,00,NORMAL SERVICE.,,,,,,
34211000070,C05,51,110,천사노인복지센터,00,NORMAL SERVICE.,1,34211000070,웃음치료(맞춤형인지),1,프로그램실,30
34215000023,C05,51,150,강릉사랑재가복지센터,00,NORMAL SERVICE.,,,,,,
34217000098,C05,51,170,동해방문간호센터,00,NORMAL SERVICE.,,,,,,
34211000002,C06,51,110,고려의료기,00,NORMAL SERVICE.,,,,,,
34211000035,C06,51,110,강원의료기상사,00,NORMAL SERVICE.,,,,,,
34211000041,C06,51,110,솔루션복지용구지원센터,00,NORMAL SERVICE.,,,,,,
34211000158,C06,51,110,100세동안 춘천점,00,NORMAL SERVICE.,,,,,,
34211000323,C06,51,110,A플러스 복지용구,00,NORMAL SERVICE.,,,,,,
14211000383,G31,51,110,세실요양원,00,NORMAL SERVICE.,1,14211000383,여가활동,9,프로그램실,6
14213000109,G31,51,130,원주성문요양원,00,NORMAL SERVICE.,1,14213000109,인지훈련,1,치매전담실,12
14213000345,G31,51,130,원주보훈요양원,00,NORMAL SERVICE.,1,14213000345,노래교실(외부강사 연계),7,3층 대강당,12
14215000221,G31,51,150,갈바리노인요양원,00,NORMAL SERVICE.,1,14215000221,"노래자랑, 음악감상 등",1,프로그램실,28
14217000003,G31,51,170,이레마을노인요양원,00,NORMAL SERVICE.,1,14217000003,소소한 나들이,1,동해 인근 공원이나 야외,86
14213000345,G32,51,130,원주보훈요양원,00,NORMAL SERVICE.,1,14213000345,노래교실(외부강사 연계),7,3층 대강당,12
14272000041,G32,51,720,너브내노인전문요양원,00,NORMAL SERVICE.,1,14272000041,정서적안정C,3,프로그램실,5
14275000010,G32,51,750,예가노인전문요양원,00,NORMAL SERVICE.,1,14275000010,실버체조,5,,12
14277000010,G32,51,770,정선군노인요양원,00,NORMAL SERVICE.,1,14277000010,"특별프로그램(어버이날,부활절,성탄행사,제철음식)",9,본관로비 및 생활관,0
15123000131,G32,51,230,삼척시립 도계요양원,00,NORMAL SERVICE.,1,15123000131,"회상활동, 그림카드퀴즈, 감각인지활동 등",1,생활실,13
14272000041,G33,51,720,너브내노인전문요양원,00,NORMAL SERVICE.,1,14272000041,정서적안정C,3,프로그램실,5
14277000010,G33,51,770,정선군노인요양원,00,NORMAL SERVICE.,1,14277000010,"특별프로그램(어버이날,부활절,성탄행사,제철음식)",9,본관로비 및 생활관,0
14277000010,G34,51,770,정선군노인요양원,00,NORMAL SERVICE.,1,14277000010,"특별프로그램(어버이날,부활절,성탄행사,제철음식)",9,본관로비 및 생활관,0
14277000010,G35,51,770,정선군노인요양원,00,NORMAL SERVICE.,1,14277000010,"특별프로그램(어버이날,부활절,성탄행사,제철음식)",9,본관로비 및 생활관,0
14277000010,G36,51,770,정선군노인요양원,00,NORMAL SERVICE.,1,14277000010,"특별프로그램(어버이날,부활절,성탄행사,제철음식)",9,본관로비 및 생활관,0
24217000070,H31,51,170,동해이레복지센터,00,NORMAL SERVICE.,1,24217000070,신체기능향상프로그램3,5,프로그램실 및 생활관,25
24219000019,H31,51,190,햇빛나눔노인복지센터,00,NORMAL SERVICE.,1,24219000019,요리활동,9,주야간보호 내 치매전담실,25
24272000013,H31,51,720,중앙노인복지센터,00,NORMAL SERVICE.,1,24272000013,인지활동프로그램,1,프로그램실,11
25115000447,H31,51,150,강릉시립주야간보호센터,00,NORMAL SERVICE.,1,25115000447,비누 클레이,1,프로그램 실,25
25179000033,H31,51,790,화천군 치매전담형 종합노인요양시설 주간보호센터,00,NORMAL SERVICE.,1,25179000033,낙상예방체조,5,,20
24217000070,H32,51,170,동해이레복지센터,00,NORMAL SERVICE.,1,24217000070,신체기능향상프로그램3,5,프로그램실 및 생활관,25
14219000001,M31,51,190,안식의 집,00,NORMAL SERVICE.,1,14219000001,음악활동,9,,16
14278000001,M31,51,780,철원군노인전문요양원,00,NORMAL SERVICE.,1,14278000001,책읽어드리기,3,"프로그램실,생활실",34
15115000446,M31,51,150,강릉시립노인요양센터,00,NORMAL SERVICE.,1,15115000446,여가프로그램(사회심리재활),1,생활관,30
14278000001,M32,51,780,철원군노인전문요양원,00,NORMAL SERVICE.,1,14278000001,책읽어드리기,3,"프로그램실,생활실",34
15115000446,M32,51,150,강릉시립노인요양센터,00,NORMAL SERVICE.,1,15115000446,여가프로그램(사회심리재활),1,생활관,30
15115000446,M33,51,150,강릉시립노인요양센터,00,NORMAL SERVICE.,1,15115000446,여가프로그램(사회심리재활),1,생활관,30
15179000032,S41,51,790,화천군 치매전담형 종합노인요양시설 공동생활가정,00,NORMAL SERVICE.,1,15179000032,인지자극,7,,9
14511000001,A03,52,111,성예전문요양원,00,NORMAL SERVICE.,1,14511000001,여가프로그램-성예시네마,3,프로그램실,19
14511000002,A03,52,113,전주요양원,00,NORMAL SERVICE.,1,14511000002,인지프로그램(인지C),7,전주요양원 효심동 로비,3
14511000015,A03,52,111,선덕효심원,00,NORMAL SERVICE.,1,14511000015,"종교지원(주일예배, 영적돌봄, 천주교 봉성체)",3,1층 산책실 등,36
14511000026,A03,52,111,서전주요양원,00,NORMAL SERVICE.,1,14511000026,운동요법,5,효도동 프로그램실,11
14511000027,A03,52,113,은혜요양원,00,NORMAL SERVICE.,1,14511000027,치매 예방 및 (인지기능) 프로그램,1,프로그램실,29
14511000029,A03,52,111,하늘나무복지원,00,NORMAL SERVICE.,1,14511000029,맛사지활동,3,하늘나무복지원 프로그램실,16
14511000030,A03,52,113,따뜻한사랑의집,00,NORMAL SERVICE.,1,14511000030,찬양과 기도해드리기,3,,5
14511000041,A04,52,113,반석의집,00,NORMAL SERVICE.,1,14511000041,스트레칭운동,2,실내 다용도실,5
14511000290,A04,52,111,전주인보노인복지센터,00,NORMAL SERVICE.,1,14511000290,"기본훈련동작및 일상생활동작훈련,신체기능훈련",2,거실,9
14511000308,A04,52,113,사랑의문,00,NORMAL SERVICE.,1,14511000308,힘뇌체조,1,프로그램실 / 생활관,9
14511000371,A04,52,111,감나무요양원,REQUEST_ERROR,HTTPError: HTTP Error 429: Too Many Requests,,,,,,
14511000661,A04,52,113,드림요양원,00,NORMAL SERVICE.,1,14511000661,신체기능활동,3,드림요양원,9
14511000801,A04,52,111,가나안요양원,00,NORMAL SERVICE.,1,14511000801,원예활동 프로그램,3,프로그램실 및 텃밭,10
24511000024,B01,52,111,전주중앙노인복지센터,00,NORMAL SERVICE.,,,,,,
24511000364,B01,52,111,엘림 노인복지센터,00,NORMAL SERVICE.,,,,,,
24511000367,B01,52,111,전주사회서비스 재가노인복지센터,00,NORMAL SERVICE.,1,24511000367,지역사회자원(이미용),3,1층 생활실,40
24511000372,B01,52,111,다사랑노인복지센터,00,NORMAL SERVICE.,,,,,,
24511000551,B01,52,111,예은재가노인복지센터,00,NORMAL SERVICE.,1,24511000551,"신체,인지향상프로그램",3,602호,31
24511000555,B01,52,111,전주재활주야간보호센터,00,NORMAL SERVICE.,1,24511000555,오려붙이기,1,프로그램실,102
24511000364,B02,52,111,엘림 노인복지센터,00,NORMAL SERVICE.,,,,,,
24511000367,B02,52,111,전주사회서비스 재가노인복지센터,00,NORMAL SERVICE.,1,24511000367,지역사회자원(이미용),3,1층 생활실,40
24511000551,B02,52,111,예은재가노인복지센터,00,NORMAL SERVICE.,1,24511000551,"신체,인지향상프로그램",3,602호,31
24511000555,B02,52,111,전주재활주야간보호센터,00,NORMAL SERVICE.,1,24511000555,오려붙이기,1,프로그램실,102
24511000561,B02,52,111,사회적협동조합 새샘노인복지센터,00,NORMAL SERVICE.,1,24511000561,미술치료,7,프로그램실,14
24511000563,B02,52,113,안디옥노인통합지원센터,00,NORMAL SERVICE.,1,24511000563,신체활동,3,센터 내 생활실,23
24511000076,B03,52,111,서원노인주간보호센터,00,NORMAL SERVICE.,1,24511000076,작업요법,1,서원노인복지센터 프로그램실,11
24511000083,B03,52,111,전주 인보노인복지센터,00,NORMAL SERVICE.,1,24511000083,(교육)인권교육 및 필수교육,3,2층 프로그램실,35
24511000244,B03,52,113,즐거운집노인복지센터,00,NORMAL SERVICE.,1,24511000244,음악신체놀이,2,,27
24511000282,B03,52,113,안골노인복지센터,00,NORMAL SERVICE.,1,24511000282,동화구연,1,안골노인복지센터,20
24511000316,B03,52,113,늘푸른집 주야간보호센터,00,NORMAL SERVICE.,1,24511000316,사회적응프로그램,3,"나들이, 지역축제, 뉴스 읽어드리기, 전통시장",48
24511000367,B03,52,111,전주사회서비스 재가노인복지센터,00,NORMAL SERVICE.,1,24511000367,지역사회자원(이미용),3,1층 생활실,40
25280000187,B04,52,800,다온노인복지센터,00,NORMAL SERVICE.,1,25280000187,두효숙과함께 노래배우기,1,다온노인복지센터 프로그램실,29
25280000190,B04,52,800,(유)행복한주간보호센터,00,NORMAL SERVICE.,1,25280000190,국악*민요,3,,34
24511000683,B05,52,111,돌봄재가복지센터,00,NORMAL SERVICE.,4,24511000683,인지활동형 프로그램,7,,2
24511000753,B05,52,111,엔케어재가복지센터,00,NORMAL SERVICE.,,,,,,
24511000765,B05,52,113,우리마을재가방문센터,00,NORMAL SERVICE.,,,,,,
24511000770,B05,52,111,행복나눔재가복지센터,00,NORMAL SERVICE.,,,,,,
24511000789,B05,52,111,다인재가복지센터,00,NORMAL SERVICE.,,,,,,
24513000353,B05,52,130,군산최영희재가노인복지센터,00,NORMAL SERVICE.,,,,,,
24511000645,B06,52,113,가정복지용구,00,NORMAL SERVICE.,,,,,,
24511000651,B06,52,113,동행케어,00,NORMAL SERVICE.,,,,,,
24511000690,B06,52,111,마더의료기,00,NORMAL SERVICE.,,,,,,
24511000700,B06,52,113,참사랑복지용구,00,NORMAL SERVICE.,,,,,,
24511000719,B06,52,111,백세의료기기,00,NORMAL SERVICE.,,,,,,
24511000720,B06,52,113,맘편한의료기,00,NORMAL SERVICE.,,,,,,
34511000003,C01,52,113,예찬365일데이케어,00,NORMAL SERVICE.,1,34511000003,수교구프로그램,1,"생활실, 프로그램실",44
34511000081,C01,52,111,성목노인복지기관,00,NORMAL SERVICE.,,,,,,
34511000085,C01,52,111,건강한마을노인복지센터,00,NORMAL SERVICE.,,,,,,
34511000103,C01,52,111,GIP홈케어,00,NORMAL SERVICE.,,,,,,
34511000125,C01,52,111,한사랑 재가복지센터,00,NORMAL SERVICE.,,,,,,
34511000127,C01,52,111,비전재가복지센터,00,NORMAL SERVICE.,1,34511000127,만들기활동,1,프로그램실,40
34511000003,C02,52,113,예찬365일데이케어,00,NORMAL SERVICE.,1,34511000003,수교구프로그램,1,"생활실, 프로그램실",44
34511000081,C02,52,111,성목노인복지기관,00,NORMAL SERVICE.,,,,,,
34511000085,C02,52,111,건강한마을노인복지센터,00,NORMAL SERVICE.,,,,,,
34511000103,C02,52,111,GIP홈케어,00,NORMAL SERVICE.,,,,,,
34511000125,C02,52,111,한사랑 재가복지센터,00,NORMAL SERVICE.,,,,,,
34511000127,C02,52,111,비전재가복지센터,00,NORMAL SERVICE.,1,34511000127,만들기활동,1,프로그램실,40
34511000003,C03,52,113,예찬365일데이케어,00,NORMAL SERVICE.,1,34511000003,수교구프로그램,1,"생활실, 프로그램실",44
34511000127,C03,52,111,비전재가복지센터,00,NORMAL SERVICE.,1,34511000127,만들기활동,1,프로그램실,40
34511000136,C03,52,113,전북실버복지센터,00,NORMAL SERVICE.,5,34511000136,미디어 속으로 프로그램,3,센터생활실,39
34511000148,C03,52,111,효자복지센터,00,NORMAL SERVICE.,5,34511000148,재활 및 건강치료,2,프로그램실 및 생활실,80
34511000335,C03,52,113,코리아복지요양센터,00,NORMAL SERVICE.,1,34511000335,회상활동(노래교실),1,생활실,31
34511000346,C03,52,111,사랑방노인복지센터,00,NORMAL SERVICE.,1,34511000346,운동치료(세라밴드),2,프로그램실,49
34511000415,C05,52,111,하나방문간호센터,00,NORMAL SERVICE.,,,,,,
34511000501,C05,52,113,더행복플러스재가복지센터,00,NORMAL SERVICE.,1,34511000501,"시장구경,장보기,계산하기등..",5,재가어르신이용,3
34511000508,C05,52,111,정현방문간호센터,00,NORMAL SERVICE.,,,,,,
34511000588,C05,52,113,간호천사노인복지센터,00,NORMAL SERVICE.,1,34511000588,원예활동,1,"텃밭, 생활실",21
34513000026,C05,52,130,정성방문간호센터,00,NORMAL SERVICE.,,,,,,
34513000063,C05,52,130,가정노인복지센터,00,NORMAL SERVICE.,,,,,,
34511000003,C06,52,113,예찬365일데이케어,00,NORMAL SERVICE.,1,34511000003,수교구프로그램,1,"생활실, 프로그램실",44
34511000008,C06,52,111,대성의료기,00,NORMAL SERVICE.,,,,,,
34511000087,C06,52,111,백제의료기,00,NORMAL SERVICE.,,,,,,
34511000088,C06,52,111,건강우리의료기,00,NORMAL SERVICE.,,,,,,
34511000120,C06,52,113,상아의료기,00,NORMAL SERVICE.,,,,,,
34511000132,C06,52,111,연세물산,00,NORMAL SERVICE.,,,,,,
14511000002,G31,52,113,전주요양원,00,NORMAL SERVICE.,1,14511000002,인지프로그램(인지C),7,전주요양원 효심동 로비,3
14511000718,G31,52,111,전주보훈요양원,00,NORMAL SERVICE.,0,14511000718,현실인식훈련,4,공동거실,12
14513000001,G31,52,130,시온의집,00,NORMAL SERVICE.,1,14513000001,전래/회상,1,시온관2층 중정,8
14513000009,G31,52,130,군산행복한집,00,NORMAL SERVICE.,1,14513000009,신체운동,5,공동거실,8
14514000005,G31,52,140,백향노인전문요양원,00,NORMAL SERVICE.,1,14514000005,"음악,신체",1,A동중정,30
14514000455,G31,52,140,사랑방요양원,00,NORMAL SERVICE.,1,14514000455,관절구축예방체조,5,프로그램실,16
14511000002,G32,52,113,전주요양원,00,NORMAL SERVICE.,1,14511000002,인지프로그램(인지C),7,전주요양원 효심동 로비,3
14511000718,G32,52,111,전주보훈요양원,00,NORMAL SERVICE.,0,14511000718,현실인식훈련,4,공동거실,12
14513000001,G32,52,130,시온의집,00,NORMAL SERVICE.,1,14513000001,전래/회상,1,시온관2층 중정,8
14513000009,G32,52,130,군산행복한집,00,NORMAL SERVICE.,1,14513000009,신체운동,5,공동거실,8
14514000005,G32,52,140,백향노인전문요양원,00,NORMAL SERVICE.,1,14514000005,"음악,신체",1,A동중정,30
14518000021,G32,52,180,크로바실버빌,00,NORMAL SERVICE.,30,14518000021,"책읽어드리기, 시낭송",1,시설 생활실,20
14511000002,G33,52,113,전주요양원,00,NORMAL SERVICE.,1,14511000002,인지프로그램(인지C),7,전주요양원 효심동 로비,3
14513000009,G33,52,130,군산행복한집,00,NORMAL SERVICE.,1,14513000009,신체운동,5,공동거실,8
14511000002,G34,52,113,전주요양원,00,NORMAL SERVICE.,1,14511000002,인지프로그램(인지C),7,전주요양원 효심동 로비,3
14513000009,G34,52,130,군산행복한집,00,NORMAL SERVICE.,1,14513000009,신체운동,5,공동거실,8
24511000576,H31,52,111,전주 재활전문 주간보호센터,00,NORMAL SERVICE.,0,24511000576,치매예방체조,2,생활실,99
24513000149,H31,52,130,씨앗노인복지센터,00,NORMAL SERVICE.,1,24513000149,"치매예방체조,신체기능유지",2,생활실,8
24519000023,H31,52,190,지리산주간보호센터,00,NORMAL SERVICE.,1,24519000023,"사회적응 프로그램(나들이, 길 찾기, 명절 행사 등)",3,"생활실, 프로그램실, 센터 외부(나들이)",28
24521000010,H31,52,210,김제노인복지센터,00,NORMAL SERVICE.,1,24521000010,건강체조 및 물리치료,2,주간보호생활실및 물리치료실,19
24571000009,H31,52,710,예은노인복지센터,00,NORMAL SERVICE.,1,24571000009,인지체육(신체활동),7,주간보호 치매1실,25
24572000046,H31,52,720,믿음의집 병설 밀알재가노인복지센터,00,NORMAL SERVICE.,1,24572000046,"가족참여, 보호자 간담회, 가족상담",6,주간보호센터 프로그램실,25
34519000115,I31,52,190,이웃사랑노인주간보호센터,00,NORMAL SERVICE.,1,34519000115,신체기능 프로그램,5,프로그램실,19
34579000039,I31,52,790,원광 재활전문 주야간보호센터,00,NORMAL SERVICE.,1,34579000039,［치매전담실］신체활동프로그램,5,［치매전담실］프로그램실,12
14511000026,M31,52,111,서전주요양원,00,NORMAL SERVICE.,1,14511000026,운동요법,5,효도동 프로그램실,11
