지역키,기관유형코드,기관유형명,분석_시도명,분석_시군구명,시설_지역코드,자료기준,기관수,정원,사회복지사,간호사,간호조무사,물리치료사,작업치료사,요양보호사,공급원자료행존재,인정자_공개값합계,인정자_비공개셀수,인정자_추정하한,인정자_추정중앙,인정자_추정상한,총인구,65세이상인구,75세이상인구,85세이상인구,65세이상1인세대,서비스분류,정원개념적용,정원자료충족률,정원지표사용상태,정원지표사용가능,공급0근거,인정자1000명당기관수_하한수요,인정자1000명당정원_하한수요,인정자1000명당요양보호사_하한수요,인정자1000명당기관수_중앙수요,인정자1000명당정원_중앙수요,인정자1000명당요양보호사_중앙수요,인정자1000명당기관수_상한수요,인정자1000명당정원_상한수요,인정자1000명당요양보호사_상한수요,75세이상1000명당기관수,고령1인세대1000세대당기관수,기관1곳당인정자,공급하위경계,공급하위후보,시나리오,추가기관수,배치후기관수,배치후_인정자1000명당기관수
강원특별자치도|강릉시,B01,재가노인복지시설 방문요양,강원특별자치도,강릉시,51150,2026-06-10,75.0,12.0,112.0,0.0,0.0,0.0,0.0,2485.0,True,7060,72,7132,7240.0,7348,205666,58369,24461,7119,19502,방문·복지용구형,False,0.4890829694323144,비적용,False,기관존재,10.515984296130117,,348.42961301177786,10.359116022099448,,343.23204419889504,10.20685900925422,,338.1872618399565,3.06610522873145,3.8457594092913547,96.53333333333333,6.67315445572084,False,균등배분,0,75.0,10.359116022099448
강원특별자치도|고성군,B01,재가노인복지시설 방문요양,강원특별자치도,고성군,51820,2026-06-10,5.0,0.0,9.0,0.0,0.0,0.0,0.0,152.0,True,573,106,679,838.0,997,27204,9753,4272,1315,3771,방문·복지용구형,False,0.4890829694323144,비적용,False,기관존재,7.363770250368188,,223.85861561119293,5.966587112171838,,181.38424821002386,5.015045135406218,,152.45737211634906,1.1704119850187267,1.3259082471492973,167.6,6.67315445572084,True,균등배분,0,5.0,5.966587112171838
강원특별자치도|동해시,B01,재가노인복지시설 방문요양,강원특별자치도,동해시,51170,2026-06-10,30.0,200.0,53.0,1.0,0.0,0.0,0.0,1154.0,True,2467,97,2564,2709.5,2855,85589,23433,9519,2573,8150,방문·복지용구형,False,0.4890829694323144,비적용,False,기관존재,11.700468018720748,,450.0780031201248,11.072153533862336,,425.9088392692379,10.507880910683012,,404.2031523642732,3.1515915537346357,3.6809815950920246,90.31666666666666,6.67315445572084,False,균등배분,0,30.0,11.072153533862336
강원특별자치도|삼척시,B01,재가노인복지시설 방문요양,강원특별자치도,삼척시,51230,2026-06-10,27.0,0.0,47.0,0.0,0.0,0.0,0.0,876.0,True,1749,99,1848,1996.5,2145,60294,19952,8733,2675,7413,방문·복지용구형,False,0.4890829694323144,비적용,False,기관존재,14.61038961038961,,474.025974025974,13.5236664162284,,438.7678437265214,12.587412587412588,,408.3916083916084,3.091721058055651,3.6422501011736137,73.94444444444444,6.67315445572084,False,균등배분,0,27.0,13.5236664162284
강원특별자치도|속초시,B01,재가노인복지시설 방문요양,강원특별자치도,속초시,51210,2026-06-10,23.0,0.0,31.0,1.0,0.0,0.0,0.0,622.0,True,1619,101,1720,1871.5,2023,78893,21146,8109,2208,7604,방문·복지용구형,False,0.4890829694323144,비적용,False,기관존재,13.372093023255815,,361.62790697674416,12.289607266898209,,332.3537269569864,11.369253583786456,,307.4641621354424,2.8363546676532247,3.0247238295633876,81.3695652173913,6.67315445572084,False,균등배분,0,23.0,12.289607266898209
강원특별자치도|양구군,B01,재가노인복지시설 방문요양,강원특별자치도,양구군,51800,2026-06-10,2.0,100.0,4.0,0.0,0.0,0.0,0.0,65.0,True,295,104,399,555.0,711,20372,5891,2428,770,1993,방문·복지용구형,False,0.4890829694323144,비적용,False,기관존재,5.012531328320802,,162.90726817042605,3.6036036036036037,,117.11711711711712,2.8129395218002813,,91.42053445850914,0.8237232289950577,1.0035122930255895,277.5,6.67315445572084,True,균등배분,0,2.0,3.6036036036036037
강원특별자치도|양양군,B01,재가노인복지시설 방문요양,강원특별자치도,양양군,51830,2026-06-10,8.0,0.0,20.0,0.0,0.0,0.0,0.0,290.0,True,752,104,856,1012.0,1168,27326,10299,4516,1330,3708,방문·복지용구형,False,0.4890829694323144,비적용,False,기관존재,9.345794392523365,,338.78504672897196,7.905138339920948,,286.5612648221344,6.8493150684931505,,248.2876712328767,1.7714791851195748,2.157497303128371,126.5,6.67315445572084,False,균등배분,0,8.0,7.905138339920948
강원특별자치도|영월군,B01,재가노인복지시설 방문요양,강원특별자치도,영월군,51750,2026-06-10,11.0,0.0,24.0,0.0,0.0,0.0,0.0,428.0,True,1118,104,1222,1378.0,1534,35714,14054,5789,1736,5502,방문·복지용구형,False,0.4890829694323144,비적용,False,기관존재,9.00163666121113,,350.2454991816694,7.982583454281567,,310.5950653120465,7.170795306388526,,279.00912646675357,1.9001554672655037,1.9992729916394036,125.27272727272727,6.67315445572084,False,균등배분,0,11.0,7.982583454281567
강원특별자치도|원주시,B01,재가노인복지시설 방문요양,강원특별자치도,원주시,51130,2026-06-10,98.0,0.0,128.0,0.0,0.0,0.0,0.0,3055.0,True,9086,57,9143,9228.5,9314,364811,76544,28432,9014,23947,방문·복지용구형,False,0.4890829694323144,비적용,False,기관존재,10.718582522148091,,334.1354041343104,10.619277238987918,,331.03971392967435,10.521795147090401,,328.0008589220528,3.446820483961733,4.092370651856182,94.16836734693878,6.67315445572084,False,균등배분,0,98.0,10.619277238987918
강원특별자치도|인제군,B01,재가노인복지시설 방문요양,강원특별자치도,인제군,51810,2026-06-10,5.0,0.0,9.0,0.0,0.0,0.0,0.0,179.0,True,366,98,464,611.0,758,30771,8679,3266,1044,3008,방문·복지용구형,False,0.4890829694323144,비적용,False,기관존재,10.775862068965518,,385.7758620689655,8.183306055646481,,292.9623567921441,6.596306068601583,,236.14775725593668,1.5309246785058175,1.6622340425531914,122.2,6.67315445572084,False,균등배분,0,5.0,8.183306055646481
강원특별자치도|정선군,B01,재가노인복지시설 방문요양,강원특별자치도,정선군,51770,2026-06-10,6.0,160.0,10.0,0.0,0.0,0.0,0.0,228.0,True,828,94,922,1063.0,1204,35128,12956,5166,1434,4985,방문·복지용구형,False,0.4890829694323144,비적용,False,기관존재,6.507592190889371,,247.28850325379608,5.644402634054563,,214.4873000940734,4.983388704318936,,189.3687707641196,1.1614401858304297,1.2036108324974926,177.16666666666666,6.67315445572084,True,균등배분,0,6.0,5.644402634054563
강원특별자치도|철원군,B01,재가노인복지시설 방문요양,강원특별자치도,철원군,51780,2026-06-10,11.0,10.0,9.0,0.0,0.0,0.0,0.0,425.0,True,910,99,1009,1157.5,1306,39711,12246,5474,1544,4022,방문·복지용구형,False,0.4890829694323144,비적용,False,기관존재,10.901883052527255,,421.20911793855305,9.503239740820735,,367.170626349892,8.422664624808576,,325.42113323124045,2.009499451954695,2.7349577324714076,105.22727272727273,6.67315445572084,False,균등배분,0,11.0,9.503239740820735
강원특별자치도|춘천시,B01,재가노인복지시설 방문요양,강원특별자치도,춘천시,51110,2026-06-10,109.0,100.0,133.0,1.0,0.0,0.0,0.0,3710.0,True,8583,47,8630,8700.5,8771,285027,66488,27039,8591,19960,방문·복지용구형,False,0.4890829694323144,비적용,False,기관존재,12.630359212050985,,429.8957126303592,12.528015631285559,,426.4122751566002,12.427317295633337,,422.9848363926576,4.03121417212175,5.460921843687375,79.8211009174312,6.67315445572084,False,균등배분,0,109.0,12.528015631285559
강원특별자치도|태백시,B01,재가노인복지시설 방문요양,강원특별자치도,태백시,51190,2026-06-10,8.0,70.0,18.0,1.0,0.0,0.0,0.0,242.0,True,751,109,860,1023.5,1187,36811,12421,5202,1310,4911,방문·복지용구형,False,0.4890829694323144,비적용,False,기관존재,9.30232558139535,,281.39534883720927,7.816316560820713,,236.44357596482658,6.739679865206402,,203.87531592249368,1.5378700499807767,1.6289961311341885,127.9375,6.67315445572084,False,균등배분,0,8.0,7.816316560820713
강원특별자치도|평창군,B01,재가노인복지시설 방문요양,강원특별자치도,평창군,51760,2026-06-10,11.0,80.0,20.0,0.0,0.0,0.0,0.0,438.0,True,935,99,1034,1182.5,1331,39897,15356,6017,1801,5414,방문·복지용구형,False,0.4890829694323144,비적용,False,기관존재,10.638297872340425,,423.5976789168279,9.30232558139535,,370.4016913319239,8.264462809917356,,329.0758827948911,1.8281535648994516,2.031769486516439,107.5,6.67315445572084,False,균등배분,0,11.0,9.30232558139535
강원특별자치도|홍천군,B01,재가노인복지시설 방문요양,강원특별자치도,홍천군,51720,2026-06-10,17.0,50.0,24.0,0.0,0.0,0.0,0.0,489.0,True,1921,97,2018,2163.5,2309,65849,24363,9432,3072,8014,방문·복지용구형,False,0.4890829694323144,비적용,False,기관존재,8.424182358771061,,242.3191278493558,7.85763808643402,,226.02264848624915,7.36249458640104,,211.77999133824164,1.8023748939779474,2.1212877464437234,127.26470588235294,6.67315445572084,False,균등배분,0,17.0,7.85763808643402
강원특별자치도|화천군,B01,재가노인복지시설 방문요양,강원특별자치도,화천군,51790,2026-06-10,4.0,42.0,8.0,0.0,0.0,0.0,0.0,145.0,True,382,77,459,574.5,690,22579,6942,2935,954,2460,방문·복지용구형,False,0.4890829694323144,비적용,False,기관존재,8.71459694989107,,315.9041394335512,6.962576153176675,,252.3933855526545,5.797101449275362,,210.14492753623188,1.362862010221465,1.6260162601626016,143.625,6.67315445572084,False,균등배분,0,4.0,6.962576153176675
강원특별자치도|횡성군,B01,재가노인복지시설 방문요양,강원특별자치도,횡성군,51730,2026-06-10,18.0,0.0,26.0,0.0,0.0,0.0,0.0,435.0,True,1424,102,1526,1679.0,1832,45575,18436,7219,2265,5901,방문·복지용구형,False,0.4890829694323144,비적용,False,기관존재,11.795543905635649,,285.05897771952823,10.72066706372841,,259.0827873734366,9.825327510917031,,237.44541484716157,2.4934201412938077,3.050330452465684,93.27777777777777,6.67315445572084,False,균등배분,0,18.0,10.72066706372841
경기도|가평군,B01,재가노인복지시설 방문요양,경기도,가평군,41820,2026-06-10,22.0,0.0,26.0,0.0,0.0,0.0,0.0,630.0,True,2270,91,2361,2497.5,2634,62041,21597,8526,2458,7681,방문·복지용구형,False,0.4890829694323144,비적용,False,기관존재,9.318085556967388,,266.83608640406607,8.80880880880881,,252.25225225225222,8.352315869400151,,239.17995444191345,2.5803424818203142,2.8642103892722304,113.52272727272727,6.67315445572084,False,균등배분,0,22.0,8.80880880880881
경기도|고양시,B01,재가노인복지시설 방문요양,경기도,고양시,41281|41285|41287,2026-06-10,211.0,66.0,180.0,0.0,0.0,0.0,0.0,6541.0,True,25265,26,25291,25330.0,25369,1057438,204878,81672,25410,51307,방문·복지용구형,False,0.4890829694323144,비적용,False,기관존재,8.342888774662924,,258.6295520145506,8.33004342676668,,258.23134622976704,8.317237573416374,,257.8343647759076,2.5835047507101576,4.11249926910558,120.04739336492891,6.67315445572084,False,균등배분,0,211.0,8.33004342676668
경기도|과천시,B01,재가노인복지시설 방문요양,경기도,과천시,41290,2026-06-10,9.0,0.0,12.0,0.0,0.0,0.0,0.0,343.0,True,760,95,855,997.5,1140,80832,13205,5013,1521,2189,방문·복지용구형,False,0.4890829694323144,비적용,False,기관존재,10.526315789473683,,401.16959064327483,9.022556390977444,,343.859649122807,7.894736842105264,,300.8771929824561,1.7953321364452424,4.111466423024212,110.83333333333333,6.67315445572084,False,균등배분,0,9.0,9.022556390977444
경기도|광명시,B01,재가노인복지시설 방문요양,경기도,광명시,41210,2026-06-10,43.0,0.0,37.0,0.0,0.0,0.0,0.0,1007.0,True,4747,81,4828,4949.5,5071,303666,57121,20401,5129,13017,방문·복지용구형,False,0.4890829694323144,비적용,False,기관존재,8.906379453189727,,208.57497928748964,8.687746236993636,,203.4548944337812,8.47958982449221,,198.58016170380597,2.1077398166756534,3.303372512867788,115.1046511627907,6.67315445572084,False,균등배분,0,43.0,8.687746236993636
경기도|광주시,B01,재가노인복지시설 방문요양,경기도,광주시,41610,2026-06-10,59.0,0.0,62.0,0.0,0.0,0.0,0.0,1800.0,True,8595,62,8657,8750.0,8843,399111,78180,27202,6649,18574,방문·복지용구형,False,0.4890829694323144,비적용,False,기관존재,6.815293981748874,,207.92422317199956,6.742857142857143,,205.71428571428572,6.671943910437634,,203.55083116589392,2.1689581648408205,3.176483256164531,148.3050847457627,6.67315445572084,False,균등배분,0,59.0,6.742857142857143
경기도|구리시,B01,재가노인복지시설 방문요양,경기도,구리시,41310,2026-06-10,34.0,0.0,43.0,0.0,0.0,0.0,0.0,1048.0,True,3416,93,3509,3648.5,3788,187782,37208,13378,3317,9574,방문·복지용구형,False,0.4890829694323144,비적용,False,기관존재,9.68937019093759,,298.66058706184094,9.31889817733315,,287.24133205426887,8.975712777191129,,276.663146779303,2.54148602182688,3.551284729475663,107.30882352941177,6.67315445572084,False,균등배분,0,34.0,9.31889817733315
경기도|군포시,B01,재가노인복지시설 방문요양,경기도,군포시,41410,2026-06-10,41.0,10014.0,44.0,1.0,0.0,0.0,0.0,1072.0,True,5054,76,5130,5244.0,5358,249462,51815,19157,5680,13614,방문·복지용구형,False,0.4890829694323144,비적용,False,기관존재,7.992202729044833,,208.96686159844054,7.818459191456904,,204.4241037376049,7.65210899589399,,200.07465472191117,2.1402098449652867,3.011605700014691,127.90243902439025,6.67315445572084,False,균등배분,0,41.0,7.818459191456904
경기도|김포시,B01,재가노인복지시설 방문요양,경기도,김포시,41570,2026-06-10,58.0,2014.0,59.0,0.0,0.0,0.0,0.0,1787.0,True,9358,45,9403,9470.5,9538,484042,84689,32663,8228,21093,방문·복지용구형,False,0.4890829694323144,비적용,False,기관존재,6.168244177390195,,190.04573008614273,6.124280660999947,,188.69119898632596,6.080939400293563,,187.35583979869995,1.7757095184153322,2.749727397714882,163.2844827586207,6.67315445572084,True,균등배분,0,58.0,6.124280660999947
경기도|남양주시,B01,재가노인복지시설 방문요양,경기도,남양주시,41360,2026-06-10,173.0,0.0,143.0,0.0,0.0,0.0,0.0,4640.0,True,19300,36,19336,19390.0,19444,727440,142550,55935,14449,36643,방문·복지용구형,False,0.4890829694323144,비적용,False,기관존재,8.947041787339677,,239.9669011170873,8.92212480660134,,239.29860752965445,8.897346225056573,,238.63402592059245,3.0928756592473405,4.7212291570013365,112.08092485549133,6.67315445572084,False,균등배분,0,173.0,8.92212480660134
경기도|동두천시,B01,재가노인복지시설 방문요양,경기도,동두천시,41250,2026-06-10,38.0,0.0,19.0,0.0,0.0,0.0,0.0,707.0,True,3254,93,3347,3486.5,3626,86265,24403,10864,3155,8895,방문·복지용구형,False,0.4890829694323144,비적용,False,기관존재,11.353450851508814,,211.23394084254556,10.899182561307901,,202.7821597590707,10.479867622724766,,194.98069498069498,3.4977908689248896,4.2720629567172566,91.75,6.67315445572084,False,균등배분,0,38.0,10.899182561307901
경기도|부천시,B01,재가노인복지시설 방문요양,경기도,부천시,41192|41194|41196,2026-06-10,197.0,2099.0,199.0,1.0,0.0,0.0,0.0,5152.0,True,17378,34,17412,17463.0,17514,755453,161363,54847,14003,42429,방문·복지용구형,False,0.4890829694323144,비적용,False,기관존재,11.3140362968068,,295.8878934068458,11.280994101815267,,295.0237645307221,11.248144341669523,,294.16466826538766,3.591809944026109,4.643050743595183,88.64467005076142,6.67315445572084,False,균등배분,0,197.0,11.280994101815267
경기도|성남시,B01,재가노인복지시설 방문요양,경기도,성남시,41131|41133|41135,2026-06-10,137.0,0.0,189.0,0.0,0.0,0.0,0.0,4841.0,True,16976,42,17018,17081.0,17144,902344,175877,67836,17917,44640,방문·복지용구형,False,0.4890829694323144,비적용,False,기관존재,8.050299682688918,,284.4635092255259,8.020607692758036,,283.4143200046836,7.991133924405039,,282.37284181054594,2.019576625980305,3.0689964157706093,124.67883211678833,6.67315445572084,False,균등배분,0,137.0,8.020607692758036
경기도|수원시,B01,재가노인복지시설 방문요양,경기도,수원시,41111|41113|41115|41117,2026-06-10,195.0,15.0,170.0,0.0,0.0,0.0,0.0,4761.0,True,21473,37,21510,21565.5,21621,1185770,188782,68732,18284,49895,방문·복지용구형,False,0.4890829694323144,비적용,False,기관존재,9.06555090655509,,221.3389121338912,9.042220212839952,,220.7692842734924,9.019009296517275,,220.2025808241987,2.8371064424140138,3.9082072351939074,110.5923076923077,6.67315445572084,False,균등배분,0,195.0,9.042220212839952
경기도|시흥시,B01,재가노인복지시설 방문요양,경기도,시흥시,41390,2026-06-10,100.0,0.0,96.0,0.0,0.0,0.0,0.0,2428.0,True,8871,53,8924,9003.5,9083,514831,74706,25108,6985,21444,방문·복지용구형,False,0.4890829694323144,비적용,False,기관존재,11.205737337516808,,272.07530255490815,11.10679180318765,,269.67290498139613,11.00957833314984,,267.31256192887815,3.9827943285008764,4.663309084126096,90.035,6.67315445572084,False,균등배분,0,100.0,11.10679180318765
경기도|안산시,B01,재가노인복지시설 방문요양,경기도,안산시,41271|41273,2026-06-10,103.0,0.0,86.0,0.0,0.0,0.0,0.0,2472.0,True,12742,38,12780,12837.0,12894,609240,107655,36645,10484,31622,방문·복지용구형,False,0.4890829694323144,비적용,False,기관존재,8.059467918622849,,193.42723004694838,8.023681545532446,,192.56835709277868,7.988211571273461,,191.71707771056307,2.8107518078864784,3.257225981911328,124.63106796116504,6.67315445572084,False,균등배분,0,103.0,8.023681545532446
경기도|안성시,B01,재가노인복지시설 방문요양,경기도,안성시,41550,2026-06-10,64.0,0.0,73.0,0.0,0.0,0.0,0.0,1871.0,True,5935,68,6003,6105.0,6207,198785,45277,17890,5403,13707,방문·복지용구형,False,0.4890829694323144,비적용,False,기관존재,10.661335998667333,,311.6774945860403,10.483210483210483,,306.4701064701065,10.31093926212341,,301.43386499113905,3.577417551704863,4.669147151090684,95.390625,6.67315445572084,False,균등배분,0,64.0,10.483210483210483
경기도|안양시,B01,재가노인복지시설 방문요양,경기도,안양시,41171|41173,2026-06-10,105.0,47.0,110.0,0.0,0.0,0.0,0.0,3178.0,True,9680,49,9729,9802.5,9876,562305,108783,38564,10316,24350,방문·복지용구형,False,0.4890829694323144,비적용,False,기관존재,10.792476102374344,,326.65227669853016,10.711553175210405,,324.20300943636823,10.6318347509113,,321.79019846091535,2.722746603049476,4.31211498973306,93.35714285714286,6.67315445572084,False,균등배분,0,105.0,10.711553175210405
경기도|양주시,B01,재가노인복지시설 방문요양,경기도,양주시,41630,2026-06-10,75.0,15.0,47.0,0.0,0.0,0.0,0.0,1182.0,True,9094,56,9150,9234.0,9318,297226,56892,22416,6052,16680,방문·복지용구형,False,0.4890829694323144,비적용,False,기관존재,8.196721311475411,,129.18032786885246,8.122157244964262,,128.00519818063677,8.048937540244689,,126.85125563425628,3.345824411134904,4.496402877697841,123.12,6.67315445572084,False,균등배분,0,75.0,8.122157244964262
경기도|양평군,B01,재가노인복지시설 방문요양,경기도,양평군,41830,2026-06-10,45.0,120.0,42.0,0.0,0.0,0.0,0.0,1391.0,True,4623,75,4698,4810.5,4923,126822,43216,16980,4765,13464,방문·복지용구형,False,0.4890829694323144,비적용,False,기관존재,9.578544061302681,,296.0834397616007,9.354536950420954,,289.1591310674566,9.140767824497258,,282.5512898639041,2.65017667844523,3.342245989304813,106.9,6.67315445572084,False,균등배분,0,45.0,9.354536950420954
경기도|여주시,B01,재가노인복지시설 방문요양,경기도,여주시,41670,2026-06-10,36.0,0.0,30.0,0.0,0.0,0.0,0.0,825.0,True,3827,85,3912,4039.5,4167,113506,33425,13013,3794,10180,방문·복지용구형,False,0.4890829694323144,비적용,False,기관존재,9.202453987730062,,210.88957055214723,8.911994058670627,,204.23319717786856,8.639308855291578,,197.98416126709864,2.7664643049258433,3.536345776031434,112.20833333333333,6.67315445572084,False,균등배분,0,36.0,8.911994058670627
경기도|연천군,B01,재가노인복지시설 방문요양,경기도,연천군,41800,2026-06-10,13.0,610.0,9.0,0.0,0.0,0.0,0.0,269.0,True,1452,97,1549,1694.5,1840,42977,14788,6386,1960,5073,방문·복지용구형,False,0.4890829694323144,비적용,False,기관존재,8.392511297611362,,173.6604260813428,7.671879610504574,,158.74889347890235,7.065217391304348,,146.19565217391303,2.0357031005324147,2.562586240883107,130.34615384615384,6.67315445572084,False,균등배분,0,13.0,7.671879610504574
경기도|오산시,B01,재가노인복지시설 방문요양,경기도,오산시,41370,2026-06-10,31.0,0.0,38.0,0.0,0.0,0.0,0.0,1029.0,True,4017,77,4094,4209.5,4325,253590,34066,12293,3098,9517,방문·복지용구형,False,0.4890829694323144,비적용,False,기관존재,7.572056668295065,,251.34342940889104,7.364295046917687,,244.4470839767193,7.167630057803468,,237.91907514450867,2.521760351419507,3.257328990228013,135.79032258064515,6.67315445572084,False,균등배분,0,31.0,7.364295046917687
경기도|용인시,B01,재가노인복지시설 방문요양,경기도,용인시,41461|41463|41465,2026-06-10,170.0,0.0,200.0,0.0,0.0,0.0,0.0,5554.0,True,22448,50,22498,22573.0,22648,1090211,191254,82252,21919,38961,방문·복지용구형,False,0.4890829694323144,비적용,False,기관존재,7.556227220197351,,246.86638812338873,7.5311212510521415,,246.0461613431976,7.506181561285765,,245.23136700812435,2.0668190439138256,4.36333769667103,132.78235294117647,6.67315445572084,False,균등배분,0,170.0,7.5311212510521415
경기도|의왕시,B01,재가노인복지시설 방문요양,경기도,의왕시,41430,2026-06-10,26.0,0.0,17.0,0.0,0.0,0.0,0.0,457.0,True,2726,102,2828,2981.0,3134,164221,32901,11412,3180,6390,방문·복지용구형,False,0.4890829694323144,비적용,False,기관존재,9.193776520509195,,161.5983026874116,8.72190540087219,,153.30426031533042,8.296107211231652,,145.8200382897256,2.278303540133193,4.068857589984351,114.65384615384616,6.67315445572084,False,균등배분,0,26.0,8.72190540087219
경기도|의정부시,B01,재가노인복지시설 방문요양,경기도,의정부시,41150,2026-06-10,129.0,0.0,137.0,1.0,0.0,0.0,0.0,3734.0,True,12584,45,12629,12696.5,12764,461917,96398,38158,10181,28208,방문·복지용구형,False,0.4890829694323144,비적용,False,기관존재,10.214585477868397,,295.6686990260511,10.160280392234082,,294.0967983302485,10.106549670949546,,292.5415230335318,3.380680329157713,4.573170731707317,98.42248062015504,6.67315445572084,False,균등배분,0,129.0,10.160280392234082
경기도|이천시,B01,재가노인복지시설 방문요양,경기도,이천시,41500,2026-06-10,28.0,0.0,24.0,0.0,0.0,0.0,0.0,639.0,True,4608,68,4676,4778.0,4880,224740,43697,16253,4591,12181,방문·복지용구형,False,0.4890829694323144,비적용,False,기관존재,5.9880239520958085,,136.65526090675792,5.8601925491837585,,133.73796567601505,5.737704918032787,,130.94262295081967,1.7227588752845628,2.2986618504227896,170.64285714285714,6.67315445572084,True,균등배분,0,28.0,5.8601925491837585
경기도|파주시,B01,재가노인복지시설 방문요양,경기도,파주시,41480,2026-06-10,105.0,0.0,102.0,0.0,0.0,0.0,0.0,2598.0,True,12190,36,12226,12280.0,12334,533387,94456,38870,11379,26366,방문·복지용구형,False,0.4890829694323144,비적용,False,기관존재,8.588254539505972,,212.49795517749058,8.550488599348535,,211.56351791530943,8.51305334846765,,210.63726285065673,2.7013120658605607,3.9824015777895774,116.95238095238095,6.67315445572084,False,균등배분,0,105.0,8.550488599348535
경기도|평택시,B01,재가노인복지시설 방문요양,경기도,평택시,41220,2026-06-10,104.0,92.0,112.0,0.0,1.0,0.0,0.0,2925.0,True,11646,49,11695,11768.5,11842,619670,93532,35511,9930,28221,방문·복지용구형,False,0.4890829694323144,비적용,False,기관존재,8.892689183411715,,250.1068832834545,8.837150019118834,,248.5448442877172,8.782300287113662,,247.00219557507177,2.9286699895806936,3.6851989653095214,113.15865384615384,6.67315445572084,False,균등배분,0,104.0,8.837150019118834
경기도|포천시,B01,재가노인복지시설 방문요양,경기도,포천시,41650,2026-06-10,50.0,6.0,35.0,0.0,0.0,0.0,0.0,1003.0,True,5666,80,5746,5866.0,5986,140468,41261,15819,4887,14562,방문·복지용구형,False,0.4890829694323144,비적용,False,기관존재,8.70170553428472,,174.55621301775147,8.523695874531198,,170.9853392430958,8.35282325425994,,167.55763448045437,3.1607560528478413,3.4335942864991074,117.32,6.67315445572084,False,균등배분,0,50.0,8.523695874531198
경기도|하남시,B01,재가노인복지시설 방문요양,경기도,하남시,41450,2026-06-10,56.0,0.0,69.0,0.0,0.0,0.0,0.0,1524.0,True,5245,75,5320,5432.5,5545,327495,56386,19754,4441,12738,방문·복지용구형,False,0.4890829694323144,비적용,False,기관존재,10.526315789473683,,286.4661654135338,10.308329498389325,,280.53382420616657,10.099188458070333,,274.8422001803427,2.834868887313962,4.396294551734966,97.00892857142857,6.67315445572084,False,균등배분,0,56.0,10.308329498389325
경기도|화성시,B01,재가노인복지시설 방문요양,경기도,화성시,41591|41593|41595|41597,2026-06-10,136.0,10000.0,146.0,2.0,1.0,0.0,0.0,3928.0,True,11601,47,11648,11718.5,11789,998746,121090,42228,11494,31319,방문·복지용구형,False,0.4890829694323144,비적용,False,기관존재,11.675824175824175,,337.22527472527474,11.605580919059607,,335.19648419166276,11.536177792857748,,333.19195860547967,3.2206119162640903,4.342411954404675,86.1654411764706,6.67315445572084,False,균등배분,0,136.0,11.605580919059607
경상남도|거제시,B01,재가노인복지시설 방문요양,경상남도,거제시,48310,2026-06-10,42.0,164.0,55.0,0.0,0.0,0.0,0.0,1425.0,True,4094,84,4178,4304.0,4430,229029,40573,13259,3380,12066,방문·복지용구형,False,0.4890829694323144,비적용,False,기관존재,10.052656773575874,,341.07228338918145,9.758364312267657,,331.08736059479554,9.48081264108352,,321.6704288939052,3.167659702843352,3.4808552958727,102.47619047619048,6.67315445572084,False,균등배분,0,42.0,9.758364312267657
경상남도|거창군,B01,재가노인복지시설 방문요양,경상남도,거창군,48880,2026-06-10,22.0,100.0,31.0,0.0,0.0,0.0,0.0,494.0,True,2821,95,2916,3058.5,3201,58846,20343,9532,3395,7663,방문·복지용구형,False,0.4890829694323144,비적용,False,기관존재,7.544581618655693,,169.41015089163236,7.1930684976295565,,161.51708353768188,6.8728522336769755,,154.3267728834739,2.3080151070079733,2.870938274827091,139.02272727272728,6.67315445572084,False,균등배분,0,22.0,7.1930684976295565
경상남도|고성군,B01,재가노인복지시설 방문요양,경상남도,고성군,48820,2026-06-10,20.0,12.0,37.0,0.0,0.0,0.0,0.0,785.0,True,2584,89,2673,2806.5,2940,46808,18942,8671,2788,7481,방문·복지용구형,False,0.4890829694323144,비적용,False,기관존재,7.482229704451926,,293.6775158997381,7.126313914127917,,279.70782112952077,6.802721088435374,,267.00680272108843,2.306539038173221,2.673439379762064,140.325,6.67315445572084,False,균등배분,0,20.0,7.126313914127917
경상남도|김해시,B01,재가노인복지시설 방문요양,경상남도,김해시,48250,2026-06-10,149.0,20.0,100.0,0.0,0.0,0.0,0.0,3686.0,True,11055,45,11100,11167.5,11235,532777,90747,31523,7868,27323,방문·복지용구형,False,0.4890829694323144,비적용,False,기관존재,13.423423423423424,,332.07207207207205,13.34228788896351,,330.06492052831874,13.26212728081887,,328.08188696039167,4.726707483424801,5.453281118471617,74.9496644295302,6.67315445572084,False,균등배분,0,149.0,13.34228788896351
경상남도|남해군,B01,재가노인복지시설 방문요양,경상남도,남해군,48840,2026-06-10,15.0,80.0,17.0,0.0,0.0,0.0,0.0,329.0,True,2787,100,2887,3037.0,3187,41143,18171,9229,3330,6564,방문·복지용구형,False,0.4890829694323144,비적용,False,기관존재,5.195704883962591,,113.95912712157948,4.9390846229832075,,108.33058939743168,4.706620646375902,,103.23187951051145,1.6253115180409579,2.2851919561243146,202.46666666666667,6.67315445572084,True,균등배분,0,15.0,4.9390846229832075
경상남도|밀양시,B01,재가노인복지시설 방문요양,경상남도,밀양시,48270,2026-06-10,31.0,0.0,37.0,0.0,0.0,0.0,0.0,1059.0,True,4877,87,4964,5094.5,5225,98591,37055,15496,4419,14003,방문·복지용구형,False,0.4890829694323144,비적용,False,기관존재,6.244963738920226,,213.33601933924254,6.084993620571204,,207.87123368338402,5.9330143540669855,,202.67942583732057,2.000516262261229,2.2138113261443975,164.33870967741936,6.67315445572084,True,균등배분,0,31.0,6.084993620571204
경상남도|사천시,B01,재가노인복지시설 방문요양,경상남도,사천시,48240,2026-06-10,37.0,100.0,28.0,0.0,0.0,0.0,0.0,813.0,True,4517,91,4608,4744.5,4881,107882,30096,13271,3846,11282,방문·복지용구형,False,0.4890829694323144,비적용,False,기관존재,8.029513888888888,,176.43229166666666,7.798503530403625,,171.35630730319318,7.58041384962098,,166.56422864167178,2.7880340592268857,3.279560361638007,128.22972972972974,6.67315445572084,False,균등배분,0,37.0,7.798503530403625
경상남도|산청군,B01,재가노인복지시설 방문요양,경상남도,산청군,48860,2026-06-10,14.0,80.0,26.0,0.0,0.0,0.0,0.0,419.0,True,2354,98,2452,2599.0,2746,32638,15044,7047,2513,6314,방문·복지용구형,False,0.4890829694323144,비적용,False,기관존재,5.709624796084829,,170.88091353996737,5.386687187379761,,161.2158522508657,5.098324836125273,,152.58557902403496,1.986660990492408,2.2172949002217295,185.64285714285714,6.67315445572084,True,균등배분,0,14.0,5.386687187379761
경상남도|양산시,B01,재가노인복지시설 방문요양,경상남도,양산시,48330,2026-06-10,83.0,4046.0,89.0,0.0,0.0,0.0,0.0,2265.0,True,8110,71,8181,8287.5,8394,361389,71786,26027,6409,22020,방문·복지용구형,False,0.4890829694323144,비적용,False,기관존재,10.145458990343478,,276.86101943527683,10.015082956259427,,273.3031674208145,9.888015248987372,,269.8355968548963,3.1889960425711763,3.7693006357856493,99.84939759036145,6.67315445572084,False,균등배분,0,83.0,10.015082956259427
경상남도|의령군,B01,재가노인복지시설 방문요양,경상남도,의령군,48720,2026-06-10,13.0,15.0,13.0,0.0,0.0,0.0,0.0,322.0,True,1391,107,1498,1658.5,1819,24531,11216,5372,1959,5012,방문·복지용구형,False,0.4890829694323144,비적용,False,기관존재,8.678237650200266,,214.9532710280374,7.8384082001808855,,194.1513415737112,7.146783947223749,,177.02034084661904,2.4199553239017124,2.593774940143655,127.57692307692308,6.67315445572084,False,균등배분,0,13.0,7.8384082001808855
경상남도|진주시,B01,재가노인복지시설 방문요양,경상남도,진주시,48170,2026-06-10,110.0,70.0,86.0,0.0,0.0,0.0,0.0,2731.0,True,10326,49,10375,10448.5,10522,334651,76620,30985,8419,25086,방문·복지용구형,False,0.4890829694323144,비적용,False,기관존재,10.602409638554217,,263.2289156626506,10.52782696080777,,261.3772311815093,10.454286257365519,,259.55141608059307,3.5501048894626432,4.384915889340668,94.98636363636363,6.67315445572084,False,균등배분,0,110.0,10.52782696080777
경상남도|창녕군,B01,재가노인복지시설 방문요양,경상남도,창녕군,48740,2026-06-10,25.0,62.0,18.0,0.0,0.0,0.0,0.0,669.0,True,3294,84,3378,3504.0,3630,54445,22415,9993,3145,9213,방문·복지용구형,False,0.4890829694323144,비적용,False,기관존재,7.400828892835998,,198.0461811722913,7.134703196347032,,190.9246575342466,6.887052341597796,,184.29752066115705,2.5017512258581007,2.7135569304244007,140.16,6.67315445572084,False,균등배분,0,25.0,7.134703196347032
경상남도|창원시,B01,재가노인복지시설 방문요양,경상남도,창원시,48121|48123|48125|48127|48129,2026-06-10,247.0,290.0,219.0,0.0,0.0,1.0,0.0,7047.0,True,23132,45,23177,23244.5,23312,986273,213013,74177,17864,62438,방문·복지용구형,False,0.4890829694323144,비적용,False,기관존재,10.657116969409328,,304.0514302972775,10.626169631525737,,303.1684914711007,10.595401509951957,,302.2906657515443,3.329873141270205,3.9559242768826675,94.10728744939271,6.67315445572084,False,균등배분,0,247.0,10.626169631525737
경상남도|통영시,B01,재가노인복지시설 방문요양,경상남도,통영시,48220,2026-06-10,27.0,0.0,32.0,0.0,0.0,0.0,0.0,859.0,True,3417,97,3514,3659.5,3805,115890,32906,12781,3146,11593,방문·복지용구형,False,0.4890829694323144,비적용,False,기관존재,7.6835515082527035,,244.45076835515084,7.378057111627271,,234.73152069954912,7.09592641261498,,225.75558475689883,2.1125107581566387,2.3289916328819116,135.53703703703704,6.67315445572084,False,균등배분,0,27.0,7.378057111627271
경상남도|하동군,B01,재가노인복지시설 방문요양,경상남도,하동군,48850,2026-06-10,16.0,0.0,16.0,0.0,0.0,0.0,0.0,298.0,True,2936,93,3029,3168.5,3308,39596,17739,8446,2926,7003,방문·복지용구형,False,0.4890829694323144,비적용,False,기관존재,5.282271376691978,,98.38230439088808,5.049708063752564,,94.05081268739151,4.836759371221281,,90.08464328899638,1.894387875917594,2.2847351135227756,198.03125,6.67315445572084,True,균등배분,0,16.0,5.049708063752564
경상남도|함안군,B01,재가노인복지시설 방문요양,경상남도,함안군,48730,2026-06-10,28.0,10.0,16.0,0.0,0.0,0.0,0.0,555.0,True,2870,99,2969,3117.5,3266,56867,19771,8367,2675,7483,방문·복지용구형,False,0.4890829694323144,비적용,False,기관존재,9.43078477601886,,186.93162681037387,8.981555733761027,,178.02726543704892,8.57317819963258,,169.93263931414575,3.3464802199115575,3.7418147801683816,111.33928571428571,6.67315445572084,False,균등배분,0,28.0,8.981555733761027
경상남도|함양군,B01,재가노인복지시설 방문요양,경상남도,함양군,48870,2026-06-10,14.0,80.0,10.0,0.0,0.0,0.0,0.0,268.0,True,2029,98,2127,2274.0,2421,35141,14871,7232,2579,6012,방문·복지용구형,False,0.4890829694323144,비적용,False,기관존재,6.582040432534086,,125.99905970850963,6.156552330694811,,117.85400175901495,5.782734407269723,,110.698058653449,1.9358407079646018,2.328675981370592,162.42857142857142,6.67315445572084,True,균등배분,0,14.0,6.156552330694811
경상남도|합천군,B01,재가노인복지시설 방문요양,경상남도,합천군,48890,2026-06-10,14.0,44.0,19.0,0.0,0.0,0.0,0.0,318.0,True,2158,96,2254,2398.0,2542,38854,18921,9335,3313,8049,방문·복지용구형,False,0.4890829694323144,비적용,False,기관존재,6.211180124223602,,141.08251996450755,5.838198498748957,,132.61050875729774,5.507474429583006,,125.09834775767112,1.4997321906802357,1.7393465026711392,171.28571428571428,6.67315445572084,True,균등배분,0,14.0,5.838198498748957
경상북도|경산시,B01,재가노인복지시설 방문요양,경상북도,경산시,47290,2026-06-10,101.0,0.0,72.0,0.0,0.0,0.0,0.0,2588.0,True,8262,71,8333,8439.5,8546,263406,59813,24184,6478,18602,방문·복지용구형,False,0.4890829694323144,비적용,False,기관존재,12.120484819392775,,310.5724228969159,11.967533621660051,,306.65323775105156,11.818394570559327,,302.831734144629,4.176314918954681,5.429523707128266,83.55940594059406,6.67315445572084,False,균등배분,0,101.0,11.967533621660051
경상북도|경주시,B01,재가노인복지시설 방문요양,경상북도,경주시,47130,2026-06-10,41.0,16.0,33.0,0.0,0.0,0.0,0.0,929.0,True,8983,82,9065,9188.0,9311,243051,72258,30357,8721,25247,방문·복지용구형,False,0.4890829694323144,비적용,False,기관존재,4.522890237175951,,102.48207391064534,4.462342185459295,,101.11014366565085,4.403393835248631,,99.77446031575556,1.3505945910333694,1.6239553214243276,224.09756097560975,6.67315445572084,True,균등배분,0,41.0,4.462342185459295
경상북도|고령군,B01,재가노인복지시설 방문요양,경상북도,고령군,47830,2026-06-10,10.0,0.0,6.0,0.0,0.0,0.0,0.0,179.0,True,1064,108,1172,1334.0,1496,29545,12167,5359,1745,5151,방문·복지용구형,False,0.4890829694323144,비적용,False,기관존재,8.532423208191126,,152.73037542662115,7.496251874062969,,134.18290854572714,6.684491978609626,,119.6524064171123,1.866019779809666,1.941370607649,133.4,6.67315445572084,False,균등배분,0,10.0,7.496251874062969
경상북도|구미시,B01,재가노인복지시설 방문요양,경상북도,구미시,47190,2026-06-10,69.0,0.0,48.0,0.0,0.0,0.0,0.0,1339.0,True,7358,67,7425,7525.5,7626,402726,60057,19862,5689,18095,방문·복지용구형,False,0.4890829694323144,비적용,False,기관존재,9.292929292929294,,180.33670033670032,9.168825991628463,,177.92837685203642,9.04799370574351,,175.58353002884868,3.473970395730541,3.8132080685272176,109.06521739130434,6.67315445572084,False,균등배분,0,69.0,9.168825991628463
경상북도|김천시,B01,재가노인복지시설 방문요양,경상북도,김천시,47150,2026-06-10,32.0,17.0,35.0,0.0,0.0,0.0,0.0,918.0,True,5136,86,5222,5351.0,5480,132740,39731,17160,5598,13629,방문·복지용구형,False,0.4890829694323144,비적용,False,기관존재,6.127920337035619,,175.7947146687093,5.980190618575967,,171.55671837039807,5.839416058394161,,167.5182481751825,1.8648018648018647,2.3479345513243817,167.21875,6.67315445572084,True,균등배분,0,32.0,5.980190618575967
경상북도|문경시,B01,재가노인복지시설 방문요양,경상북도,문경시,47280,2026-06-10,34.0,720.0,30.0,0.0,0.0,0.0,0.0,1043.0,True,3572,94,3666,3807.0,3948,64774,25279,11615,3747,9526,방문·복지용구형,False,0.4890829694323144,비적용,False,기관존재,9.274413529732678,,284.506273867976,8.930916732335172,,273.96900446545834,8.611955420466058,,264.1843971631206,2.9272492466637967,3.569179088809574,111.97058823529412,6.67315445572084,False,균등배분,0,34.0,8.930916732335172
경상북도|봉화군,B01,재가노인복지시설 방문요양,경상북도,봉화군,47920,2026-06-10,6.0,0.0,10.0,0.0,0.0,0.0,0.0,158.0,True,944,93,1037,1176.5,1316,28122,13123,6085,2164,4923,방문·복지용구형,False,0.4890829694323144,비적용,False,기관존재,5.785920925747349,,152.3625843780135,5.099872503187421,,134.29664258393538,4.559270516717325,,120.06079027355624,0.9860312243221034,1.2187690432663012,196.08333333333334,6.67315445572084,True,균등배분,0,6.0,5.099872503187421
경상북도|상주시,B01,재가노인복지시설 방문요양,경상북도,상주시,47250,2026-06-10,26.0,0.0,37.0,0.0,0.0,0.0,0.0,824.0,True,4974,84,5058,5184.0,5310,89228,35206,16410,5626,12767,방문·복지용구형,False,0.4890829694323144,비적용,False,기관존재,5.140371688414393,,162.91024120205617,5.015432098765432,,158.95061728395063,4.896421845574388,,155.1789077212806,1.5843997562461913,2.0365003524712146,199.3846153846154,6.67315445572084,True,균등배분,0,26.0,5.015432098765432
경상북도|성주군,B01,재가노인복지시설 방문요양,경상북도,성주군,47840,2026-06-10,12.0,0.0,12.0,0.0,0.0,0.0,0.0,476.0,True,1798,98,1896,2043.0,2190,40461,17243,7310,2229,6602,방문·복지용구형,False,0.4890829694323144,비적용,False,기관존재,6.329113924050633,,251.05485232067508,5.873715124816446,,232.99069995105236,5.47945205479452,,217.35159817351598,1.6415868673050615,1.8176310209027569,170.25,6.67315445572084,True,균등배분,0,12.0,5.873715124816446
경상북도|안동시,B01,재가노인복지시설 방문요양,경상북도,안동시,47170,2026-06-10,40.0,0.0,54.0,0.0,0.0,0.0,0.0,1250.0,True,6303,66,6369,6468.0,6567,151864,46593,20677,6449,16561,방문·복지용구형,False,0.4890829694323144,비적용,False,기관존재,6.280420788192809,,196.26314963102527,6.184291898577613,,193.2591218305504,6.091061367443277,,190.3456677326024,1.9345166126614113,2.4153130849586377,161.7,6.67315445572084,True,균등배분,0,40.0,6.184291898577613
경상북도|영덕군,B01,재가노인복지시설 방문요양,경상북도,영덕군,47770,2026-06-10,13.0,0.0,16.0,0.0,0.0,0.0,0.0,371.0,True,1928,102,2030,2183.0,2336,32560,14945,7437,2478,6213,방문·복지용구형,False,0.4890829694323144,비적용,False,기관존재,6.403940886699507,,182.75862068965517,5.955107650022904,,169.94961062757673,5.565068493150685,,158.81849315068493,1.7480166733898077,2.0923869306293255,167.92307692307693,6.67315445572084,True,균등배분,0,13.0,5.955107650022904
경상북도|영양군,B01,재가노인복지시설 방문요양,경상북도,영양군,47760,2026-06-10,4.0,0.0,2.0,0.0,0.0,0.0,0.0,99.0,True,589,66,655,754.0,853,15972,7035,3353,1144,2596,방문·복지용구형,False,0.4890829694323144,비적용,False,기관존재,6.106870229007633,,151.14503816793894,5.305039787798409,,131.2997347480106,4.689331770222743,,116.0609613130129,1.1929615269907545,1.5408320493066257,188.5,6.67315445572084,True,균등배분,0,4.0,5.305039787798409
경상북도|영주시,B01,재가노인복지시설 방문요양,경상북도,영주시,47210,2026-06-10,21.0,47.0,32.0,0.0,0.0,0.0,0.0,643.0,True,3270,86,3356,3485.0,3614,96440,33229,14825,4638,11569,방문·복지용구형,False,0.4890829694323144,비적용,False,기관존재,6.257449344457688,,191.59713945172822,6.025824964131995,,184.50502152080344,5.810736026563364,,177.91920309905922,1.4165261382799326,1.8151957818307545,165.95238095238096,6.67315445572084,True,균등배분,0,21.0,6.025824964131995
경상북도|영천시,B01,재가노인복지시설 방문요양,경상북도,영천시,47230,2026-06-10,36.0,25.0,30.0,0.0,0.0,0.0,0.0,825.0,True,4631,83,4714,4838.5,4963,94107,34662,15402,4452,13744,방문·복지용구형,False,0.4890829694323144,비적용,False,기관존재,7.636826474331778,,175.01060670343657,7.4403224139712725,,170.50738865350831,7.253677211364095,,166.23010276042714,2.337358784573432,2.619324796274738,134.40277777777777,6.67315445572084,False,균등배분,0,36.0,7.4403224139712725
경상북도|예천군,B01,재가노인복지시설 방문요양,경상북도,예천군,47900,2026-06-10,18.0,0.0,16.0,0.0,0.0,0.0,0.0,533.0,True,2434,97,2531,2676.5,2822,53422,18847,9057,3296,6875,방문·복지용구형,False,0.4890829694323144,비적용,False,기관존재,7.111813512445673,,210.58870011853023,6.725200821968989,,199.14066878385952,6.378454996456414,,188.8731396172927,1.987413050679033,2.618181818181818,148.69444444444446,6.67315445572084,False,균등배분,0,18.0,6.725200821968989
경상북도|울릉군,B01,재가노인복지시설 방문요양,경상북도,울릉군,47940,2026-06-10,1.0,0.0,0.0,0.0,0.0,0.0,0.0,3.0,True,30,43,73,137.5,202,8768,2900,1152,309,1202,방문·복지용구형,False,0.4890829694323144,비적용,False,기관존재,13.698630136986301,,41.0958904109589,7.2727272727272725,,21.81818181818182,4.9504950495049505,,14.85148514851485,0.8680555555555555,0.831946755407654,137.5,6.67315445572084,False,균등배분,0,1.0,7.2727272727272725
경상북도|울진군,B01,재가노인복지시설 방문요양,경상북도,울진군,47930,2026-06-10,15.0,14.0,22.0,0.0,0.0,0.0,0.0,405.0,True,2154,89,2243,2376.5,2510,46195,15934,7380,2609,6622,방문·복지용구형,False,0.4890829694323144,비적용,False,기관존재,6.687472135532769,,180.56174765938476,6.311803071744161,,170.41868293709237,5.9760956175298805,,161.35458167330677,2.032520325203252,2.265176683781335,158.43333333333334,6.67315445572084,True,균등배분,0,15.0,6.311803071744161
경상북도|의성군,B01,재가노인복지시설 방문요양,경상북도,의성군,47730,2026-06-10,24.0,0.0,31.0,0.0,0.0,0.0,0.0,806.0,True,3354,97,3451,3596.5,3742,47952,24027,11469,3893,9445,방문·복지용구형,False,0.4890829694323144,비적용,False,기관존재,6.954505940307158,,233.55549116198205,6.67315445572084,,224.10677047129155,6.413682522715126,,215.39283805451632,2.09259743656814,2.541026998411858,149.85416666666666,6.67315445572084,True,균등배분,0,24.0,6.67315445572084
경상북도|청도군,B01,재가노인복지시설 방문요양,경상북도,청도군,47820,2026-06-10,24.0,100.0,22.0,0.0,0.0,0.0,0.0,622.0,True,2502,87,2589,2719.5,2850,40021,19045,8707,2839,7497,방문·복지용구형,False,0.4890829694323144,비적용,False,기관존재,9.269988412514484,,240.2471996910004,8.82515168229454,,228.71851443280013,8.421052631578947,,218.24561403508773,2.7564028942230387,3.201280512204882,113.3125,6.67315445572084,False,균등배분,0,24.0,8.82515168229454
경상북도|청송군,B01,재가노인복지시설 방문요양,경상북도,청송군,47750,2026-06-10,5.0,0.0,9.0,0.0,0.0,0.0,0.0,147.0,True,828,103,931,1085.5,1240,24020,10843,5107,1679,3986,방문·복지용구형,False,0.4890829694323144,비적용,False,기관존재,5.370569280343717,,157.89473684210526,4.606172270842929,,135.42146476278214,4.032258064516129,,118.54838709677419,0.9790483649892304,1.2543903662819869,217.1,6.67315445572084,True,균등배분,0,5.0,4.606172270842929
경상북도|칠곡군,B01,재가노인복지시설 방문요양,경상북도,칠곡군,47850,2026-06-10,26.0,0.0,21.0,0.0,0.0,0.0,0.0,611.0,True,2966,92,3058,3196.0,3334,103537,23770,9677,2999,8446,방문·복지용구형,False,0.4890829694323144,비적용,False,기관존재,8.502289077828646,,199.8037933289732,8.135168961201503,,191.17647058823528,7.798440311937612,,183.2633473305339,2.6867830939340704,3.0783802983660906,122.92307692307692,6.67315445572084,False,균등배분,0,26.0,8.135168961201503
경상북도|포항시,B01,재가노인복지시설 방문요양,경상북도,포항시,47111|47113,2026-06-10,124.0,31.0,119.0,0.0,0.0,0.0,0.0,3821.0,True,12435,46,12481,12550.0,12619,487008,120800,43357,10550,38144,방문·복지용구형,False,0.4890829694323144,비적용,False,기관존재,9.935101354058169,,306.1453409181957,9.880478087649402,,304.4621513944223,9.826452175291227,,302.79736904667567,2.8599764743870653,3.2508389261744965,101.20967741935483,6.67315445572084,False,균등배분,0,124.0,9.880478087649402
광주광역시|광산구,B01,재가노인복지시설 방문요양,광주광역시,광산구,29200,2026-06-10,112.0,162.0,109.0,0.0,0.0,0.0,0.0,3678.0,True,7753,79,7832,7950.5,8069,383206,52385,20011,5252,16333,방문·복지용구형,False,0.4890829694323144,비적용,False,기관존재,14.300306435137896,,469.61184882533195,14.087164329287466,,462.6124143135652,13.88028256289503,,455.8185648779279,5.596921693068812,6.85728280168983,70.98660714285714,6.67315445572084,False,균등배분,0,112.0,14.087164329287466
광주광역시|남구,B01,재가노인복지시설 방문요양,광주광역시,남구,29155,2026-06-10,107.0,266.0,138.0,0.0,0.0,0.0,0.0,4458.0,True,5629,79,5708,5826.5,5945,205647,47751,20807,5248,14649,방문·복지용구형,False,0.4890829694323144,비적용,False,기관존재,18.74562018220042,,781.0091100210232,18.36436969020853,,765.1248605509311,17.998317914213626,,749.8738435660218,5.1425001201518725,7.304252850023892,54.453271028037385,6.67315445572084,False,균등배분,0,107.0,18.36436969020853
광주광역시|동구,B01,재가노인복지시설 방문요양,광주광역시,동구,29110,2026-06-10,39.0,0.0,46.0,0.0,0.0,0.0,0.0,1121.0,True,3208,100,3308,3458.0,3608,105200,26334,12276,3258,8933,방문·복지용구형,False,0.4890829694323144,비적용,False,기관존재,11.789600967351875,,338.8754534461911,11.278195488721805,,324.1758241758242,10.80931263858093,,310.69844789356983,3.1769305962854353,4.365834546065151,88.66666666666667,6.67315445572084,False,균등배분,0,39.0,11.278195488721805
광주광역시|북구,B01,재가노인복지시설 방문요양,광주광역시,북구,29170,2026-06-10,143.0,80.0,145.0,0.0,0.0,0.0,0.0,4066.0,True,11287,56,11343,11427.0,11511,416783,86558,34917,8653,28428,방문·복지용구형,False,0.4890829694323144,비적용,False,기관존재,12.606894119721414,,358.4589614740368,12.514220705346986,,355.8239257897961,12.422899834940491,,353.22734775432195,4.095426296646332,5.030251864359083,79.9090909090909,6.67315445572084,False,균등배분,0,143.0,12.514220705346986
광주광역시|서구,B01,재가노인복지시설 방문요양,광주광역시,서구,29140,2026-06-10,96.0,113.0,118.0,1.0,0.0,0.0,0.0,3495.0,True,6416,86,6502,6631.0,6760,274624,55087,22523,5632,16451,방문·복지용구형,False,0.4890829694323144,비적용,False,기관존재,14.76468778837281,,537.5269147954475,14.477454380938019,,527.0698235560247,14.201183431952662,,517.0118343195265,4.262309639035652,5.835511519056593,69.07291666666667,6.67315445572084,False,균등배분,0,96.0,14.477454380938019
대구광역시|군위군,B01,재가노인복지시설 방문요양,대구광역시,군위군,27720,2026-06-10,7.0,15.0,3.0,0.0,0.0,0.0,0.0,89.0,True,980,104,1084,1240.0,1396,22622,11296,5204,1687,4152,방문·복지용구형,False,0.4890829694323144,비적용,False,기관존재,6.4575645756457565,,82.10332103321034,5.64516129032258,,71.7741935483871,5.01432664756447,,63.75358166189112,1.345119139123751,1.6859344894026975,177.14285714285714,6.67315445572084,True,균등배분,0,7.0,5.64516129032258
대구광역시|남구,B01,재가노인복지시설 방문요양,대구광역시,남구,27200,2026-06-10,55.0,999.0,66.0,0.0,0.0,0.0,0.0,2212.0,True,5169,84,5253,5379.0,5505,141344,40203,17730,4946,14740,방문·복지용구형,False,0.4890829694323144,비적용,False,기관존재,10.470207500475919,,421.09270892823145,10.224948875255624,,411.22885294664434,9.990917347865576,,401.81653042688464,3.102086858432036,3.7313432835820897,97.8,6.67315445572084,False,균등배분,0,55.0,10.224948875255624
대구광역시|달서구,B01,재가노인복지시설 방문요양,대구광역시,달서구,27290,2026-06-10,135.0,15.0,119.0,0.0,1.0,0.0,0.0,3706.0,True,12249,59,12308,12396.5,12485,513399,111111,40606,10276,33044,방문·복지용구형,False,0.4890829694323144,비적용,False,기관존재,10.968475788105298,,301.10497237569064,10.890170612672932,,298.955350300488,10.812975570684822,,296.836203444133,3.324631827808698,4.085461808497761,91.82592592592593,6.67315445572084,False,균등배분,0,135.0,10.890170612672932
대구광역시|달성군,B01,재가노인복지시설 방문요양,대구광역시,달성군,27710,2026-06-10,43.0,0.0,41.0,0.0,0.0,0.0,0.0,1063.0,True,5200,88,5288,5420.0,5552,252000,47722,17137,4386,14058,방문·복지용구형,False,0.4890829694323144,비적용,False,기관존재,8.131618759455371,,201.02118003025717,7.933579335793358,,196.12546125461256,7.744956772334294,,191.46253602305475,2.5091906401353796,3.0587565798833403,126.04651162790698,6.67315445572084,False,균등배분,0,43.0,7.933579335793358
대구광역시|동구,B01,재가노인복지시설 방문요양,대구광역시,동구,27140,2026-06-10,88.0,0.0,60.0,0.0,0.0,0.0,0.0,1703.0,True,10268,66,10334,10433.0,10532,338476,86908,36014,9221,27726,방문·복지용구형,False,0.4890829694323144,비적용,False,기관존재,8.515579640023224,,164.79581962454034,8.434774273938464,,163.23205214224095,8.355488036460311,,161.69768325104445,2.443494196701283,3.173916179759071,118.55681818181819,6.67315445572084,False,균등배분,0,88.0,8.434774273938464
대구광역시|북구,B01,재가노인복지시설 방문요양,대구광역시,북구,27230,2026-06-10,91.0,15.0,87.0,0.0,0.0,0.0,0.0,2355.0,True,11175,51,11226,11302.5,11379,406915,85869,33577,8560,25851,방문·복지용구형,False,0.4890829694323144,비적용,False,기관존재,8.106182077320506,,209.78086584714057,8.051316080513162,,208.36098208360983,7.997187802091571,,206.9601898233588,2.7101885219048754,3.520173300839426,124.2032967032967,6.67315445572084,False,균등배분,0,91.0,8.051316080513162
대구광역시|서구,B01,재가노인복지시설 방문요양,대구광역시,서구,27170,2026-06-10,59.0,0.0,73.0,1.0,0.0,0.0,0.0,1994.0,True,6149,81,6230,6351.5,6473,163508,48739,19245,4604,17364,방문·복지용구형,False,0.4890829694323144,비적용,False,기관존재,9.470304975922954,,320.0642054574639,9.289144296622846,,313.94158860111787,9.11478448941758,,308.04881816777385,3.065731358794492,3.3978346003225064,107.65254237288136,6.67315445572084,False,균등배분,0,59.0,9.289144296622846
대구광역시|수성구,B01,재가노인복지시설 방문요양,대구광역시,수성구,27260,2026-06-10,114.0,25.0,109.0,0.0,0.0,0.0,0.0,2728.0,True,9571,72,9643,9751.0,9859,408147,85343,35377,9743,22833,방문·복지용구형,False,0.4890829694323144,비적용,False,기관존재,11.822047080783987,,282.8995125998133,11.691108604245718,,279.7661778279151,11.563038847753322,,276.7014910234304,3.2224326539842267,4.992773617133097,85.53508771929825,6.67315445572084,False,균등배분,0,114.0,11.691108604245718
대구광역시|중구,B01,재가노인복지시설 방문요양,대구광역시,중구,27110,2026-06-10,21.0,20.0,22.0,0.0,0.0,0.0,0.0,604.0,True,1998,101,2099,2250.5,2402,101754,18811,8634,2333,6092,방문·복지용구형,False,0.4890829694323144,비적용,False,기관존재,10.004764173415913,,287.7560743211053,9.33125972006221,,268.3848033770273,8.742714404662781,,251.45711906744378,2.432244614315497,3.447143795141169,107.16666666666667,6.67315445572084,False,균등배분,0,21.0,9.33125972006221
대전광역시|대덕구,B01,재가노인복지시설 방문요양,대전광역시,대덕구,30230,2026-06-10,58.0,0.0,47.0,0.0,0.0,0.0,0.0,1659.0,True,4426,88,4514,4646.0,4778,164047,38941,14457,3756,12162,방문·복지용구형,False,0.4890829694323144,비적용,False,기관존재,12.848914488258751,,367.5232609658839,12.483857081360311,,357.08136030994405,12.138970280452073,,347.2164085391377,4.011897350764335,4.768952474921888,80.10344827586206,6.67315445572084,False,균등배분,0,58.0,12.483857081360311
대전광역시|동구,B01,재가노인복지시설 방문요양,대전광역시,동구,30110,2026-06-10,61.0,229.0,44.0,0.0,0.0,0.0,0.0,1388.0,True,7087,70,7157,7262.0,7367,218251,54207,22308,5769,18452,방문·복지용구형,False,0.4890829694323144,비적용,False,기관존재,8.52312421405617,,193.9360067067207,8.399889837510328,,191.13191958138253,8.280168318175647,,188.40776435455408,2.73444504213735,3.30587470192933,119.04918032786885,6.67315445572084,False,균등배분,0,61.0,8.399889837510328
대전광역시|서구,B01,재가노인복지시설 방문요양,대전광역시,서구,30170,2026-06-10,103.0,0.0,106.0,0.0,0.0,0.0,0.0,2964.0,True,9458,49,9507,9580.5,9654,464359,84043,30981,7979,22143,방문·복지용구형,False,0.4890829694323144,비적용,False,기관존재,10.83412222572841,,311.7702745345535,10.751004644851522,,309.37842492563016,10.669152682825771,,307.02299564947174,3.324618314450792,4.651582893013593,93.01456310679612,6.67315445572084,False,균등배분,0,103.0,10.751004644851522
대전광역시|유성구,B01,재가노인복지시설 방문요양,대전광역시,유성구,30200,2026-06-10,53.0,57.0,48.0,1.0,0.0,0.0,0.0,1566.0,True,5825,76,5901,6015.0,6129,371104,51566,17233,4753,12426,방문·복지용구형,False,0.4890829694323144,비적용,False,기관존재,8.98152855448229,,265.3787493645145,8.81130507065669,,260.34912718204487,8.647413933757546,,255.5066079295154,3.0754946904195437,4.2652502816674716,113.49056603773585,6.67315445572084,False,균등배분,0,53.0,8.81130507065669
대전광역시|중구,B01,재가노인복지시설 방문요양,대전광역시,중구,30140,2026-06-10,77.0,198.0,78.0,0.0,0.0,0.0,0.0,2519.0,True,7735,66,7801,7900.0,7999,224273,56540,24439,6489,17851,방문·복지용구형,False,0.4890829694323144,비적용,False,기관존재,9.870529419305218,,322.9073195744135,9.746835443037975,,318.86075949367086,9.626203275409425,,314.9143642955369,3.1507017472073326,4.3134838384404235,102.59740259740259,6.67315445572084,False,균등배분,0,77.0,9.746835443037975
부산광역시|강서구,B01,재가노인복지시설 방문요양,부산광역시,강서구,26440,2026-06-10,20.0,0.0,16.0,0.0,0.0,0.0,0.0,391.0,True,1578,96,1674,1818.0,1962,153555,23798,7889,1837,6722,방문·복지용구형,False,0.4890829694323144,비적용,False,기관존재,11.947431302270013,,233.57228195937873,11.001100110011002,,215.07150715071506,10.193679918450561,,199.28644240570844,2.5351755609075926,2.9753049687592976,90.9,6.67315445572084,False,균등배분,0,20.0,11.001100110011002
부산광역시|금정구,B01,재가노인복지시설 방문요양,부산광역시,금정구,26410,2026-06-10,36.0,0.0,25.0,0.0,0.0,0.0,0.0,768.0,True,5934,82,6016,6139.0,6262,205672,60192,24324,5938,18171,방문·복지용구형,False,0.4890829694323144,비적용,False,기관존재,5.98404255319149,,127.6595744680851,5.8641472552532985,,125.10180811207036,5.748961992973491,,122.64452251676781,1.4800197335964478,1.981178801386825,170.52777777777777,6.67315445572084,True,균등배분,0,36.0,5.8641472552532985
부산광역시|기장군,B01,재가노인복지시설 방문요양,부산광역시,기장군,26710,2026-06-10,46.0,50.0,48.0,0.0,0.0,0.0,0.0,1273.0,True,4297,81,4378,4499.5,4621,175262,37583,15299,3700,12149,방문·복지용구형,False,0.4890829694323144,비적용,False,기관존재,10.507080858839652,,290.7720420283235,10.223358150905655,,282.9203244804978,9.95455529106254,,275.48149751136117,3.0067324661742596,3.786319861717014,97.81521739130434,6.67315445572084,False,균등배분,0,46.0,10.223358150905655
부산광역시|남구,B01,재가노인복지시설 방문요양,부산광역시,남구,26290,2026-06-10,37.0,0.0,49.0,1.0,0.0,0.0,0.0,1245.0,True,6300,81,6381,6502.5,6624,254413,65555,27486,6373,17452,방문·복지용구형,False,0.4890829694323144,비적용,False,기관존재,5.798464190565742,,195.11048425011754,5.690119184928874,,191.4648212226067,5.585748792270531,,187.95289855072463,1.3461398530160809,2.120100848040339,175.74324324324326,6.67315445572084,True,균등배분,0,37.0,5.690119184928874
부산광역시|동구,B01,재가노인복지시설 방문요양,부산광역시,동구,26170,2026-06-10,19.0,0.0,20.0,0.0,0.0,0.0,0.0,423.0,True,2786,97,2883,3028.5,3174,83354,26547,11763,2939,10159,방문·복지용구형,False,0.4890829694323144,비적용,False,기관존재,6.590357266736039,,146.72216441207075,6.27373287105828,,139.6731054977712,5.986137366099559,,133.2703213610586,1.6152342089602993,1.8702628211438135,159.39473684210526,6.67315445572084,True,균등배분,0,19.0,6.27373287105828
부산광역시|동래구,B01,재가노인복지시설 방문요양,부산광역시,동래구,26260,2026-06-10,72.0,0.0,80.0,0.0,0.0,0.0,0.0,2316.0,True,6754,66,6820,6919.0,7018,271097,65555,25755,5830,17869,방문·복지용구형,False,0.4890829694323144,비적용,False,기관존재,10.557184750733137,,339.5894428152493,10.406128053186878,,334.7304523775112,10.259333143345684,,330.00854944428613,2.7955736750145603,4.029324528513067,96.09722222222223,6.67315445572084,False,균등배분,0,72.0,10.406128053186878
부산광역시|부산진구,B01,재가노인복지시설 방문요양,부산광역시,부산진구,26230,2026-06-10,53.0,0.0,77.0,0.0,0.0,0.0,0.0,2294.0,True,9123,58,9181,9268.0,9355,364912,89706,35849,8527,27302,방문·복지용구형,False,0.4890829694323144,비적용,False,기관존재,5.77279163489816,,249.8638492538939,5.718601640051792,,247.51834268450582,5.665419561731695,,245.21646178514163,1.4784233869842953,1.9412497252948502,174.8679245283019,6.67315445572084,True,균등배분,0,53.0,5.718601640051792
부산광역시|북구,B01,재가노인복지시설 방문요양,부산광역시,북구,26320,2026-06-10,56.0,0.0,56.0,0.0,0.0,0.0,0.0,1521.0,True,6699,60,6759,6849.0,6939,260736,69412,24590,5600,20793,방문·복지용구형,False,0.4890829694323144,비적용,False,기관존재,8.28524929723332,,225.03328894806924,8.176376113301211,,222.07621550591327,8.070327136474997,,219.1958495460441,2.277348515656771,2.6932140624248544,122.30357142857143,6.67315445572084,False,균등배분,0,56.0,8.176376113301211
부산광역시|사상구,B01,재가노인복지시설 방문요양,부산광역시,사상구,26530,2026-06-10,40.0,0.0,26.0,0.0,0.0,0.0,0.0,857.0,True,5219,73,5292,5401.5,5511,192475,53336,18442,3774,16883,방문·복지용구형,False,0.4890829694323144,비적용,False,기관존재,7.558578987150416,,161.94255479969766,7.405350365639174,,158.65963158381933,7.258210851025223,,155.5071674832154,2.168962151610454,2.369247171711189,135.0375,6.67315445572084,False,균등배분,0,40.0,7.405350365639174
부산광역시|사하구,B01,재가노인복지시설 방문요양,부산광역시,사하구,26380,2026-06-10,48.0,0.0,70.0,0.0,1.0,0.0,0.0,1765.0,True,8031,70,8101,8206.0,8311,282159,78434,29222,6430,24254,방문·복지용구형,False,0.4890829694323144,비적용,False,기관존재,5.925194420441921,,217.87433650166645,5.849378503534,,215.08652205703143,5.775478281795211,,212.36914932017808,1.6425980425706659,1.9790550012369095,170.95833333333334,6.67315445572084,True,균등배분,0,48.0,5.849378503534
부산광역시|서구,B01,재가노인복지시설 방문요양,부산광역시,서구,26140,2026-06-10,18.0,0.0,16.0,0.0,0.0,0.0,0.0,579.0,True,3072,92,3164,3302.0,3440,101216,32261,13890,3495,11387,방문·복지용구형,False,0.4890829694323144,비적용,False,기관존재,5.689001264222504,,182.99620733249054,5.451241671714113,,175.34827377347062,5.232558139534883,,168.31395348837208,1.2958963282937366,1.5807499780451393,183.44444444444446,6.67315445572084,True,균등배분,0,18.0,5.451241671714113
부산광역시|수영구,B01,재가노인복지시설 방문요양,부산광역시,수영구,26500,2026-06-10,44.0,17.0,53.0,0.0,0.0,0.0,0.0,1501.0,True,4884,84,4968,5094.0,5220,168440,46555,19601,4674,13344,방문·복지용구형,False,0.4890829694323144,비적용,False,기관존재,8.856682769726248,,302.13365539452496,8.637612877895563,,294.6603847663918,8.42911877394636,,287.5478927203065,2.2447834294168665,3.2973621103117505,115.77272727272727,6.67315445572084,False,균등배분,0,44.0,8.637612877895563
부산광역시|연제구,B01,재가노인복지시설 방문요양,부산광역시,연제구,26470,2026-06-10,48.0,331.0,39.0,0.0,0.0,0.0,0.0,1135.0,True,5326,78,5404,5521.0,5638,211464,52516,20954,4842,14970,방문·복지용구형,False,0.4890829694323144,비적용,False,기관존재,8.882309400444115,,210.02960769800146,8.694077159934794,,205.57869951095816,8.513657325292657,,201.31252217098262,2.290732079793834,3.2064128256513027,115.02083333333333,6.67315445572084,False,균등배분,0,48.0,8.694077159934794
부산광역시|영도구,B01,재가노인복지시설 방문요양,부산광역시,영도구,26200,2026-06-10,22.0,0.0,19.0,0.0,0.0,0.0,0.0,553.0,True,3449,86,3535,3664.0,3793,100570,36257,15766,3672,12550,방문·복지용구형,False,0.4890829694323144,비적용,False,기관존재,6.223479490806223,,156.43564356435644,6.004366812227074,,150.9279475982533,5.800158186132349,,145.79488531505405,1.3954078396549536,1.752988047808765,166.54545454545453,6.67315445572084,True,균등배분,0,22.0,6.004366812227074
부산광역시|중구,B01,재가노인복지시설 방문요양,부산광역시,중구,26110,2026-06-10,13.0,100.0,24.0,0.0,0.0,0.0,0.0,511.0,True,1088,105,1193,1350.5,1508,36306,12724,5452,1324,5538,방문·복지용구형,False,0.4890829694323144,비적용,False,기관존재,10.896898575020955,,428.3319362950545,9.626064420584967,,378.3783783783784,8.620689655172413,,338.85941644562337,2.384446074834923,2.347417840375587,103.88461538461539,6.67315445572084,False,균등배분,0,13.0,9.626064420584967
부산광역시|해운대구,B01,재가노인복지시설 방문요양,부산광역시,해운대구,26350,2026-06-10,62.0,0.0,74.0,0.0,0.0,0.0,0.0,1663.0,True,9585,63,9648,9742.5,9837,370739,89956,35195,8753,24946,방문·복지용구형,False,0.4890829694323144,비적용,False,기관존재,6.42620232172471,,172.36733001658374,6.363869643315371,,170.69540672312033,6.302734573548847,,169.05560638406018,1.76161386560591,2.4853683957347874,157.13709677419354,6.67315445572084,True,균등배분,0,62.0,6.363869643315371
서울특별시|강남구,B01,재가노인복지시설 방문요양,서울특별시,강남구,11680,2026-06-10,43.0,111.0,65.0,0.0,0.0,0.0,0.0,2359.0,True,6381,74,6455,6566.0,6677,552830,97588,39659,8979,19616,방문·복지용구형,False,0.4890829694323144,비적용,False,기관존재,6.661502711076685,,365.45313710302094,6.548888212001219,,359.2750533049041,6.440017972143178,,353.30238130897106,1.0842431730502533,2.192088091353997,152.69767441860466,6.67315445572084,True,균등배분,0,43.0,6.548888212001219
서울특별시|강동구,B01,재가노인복지시설 방문요양,서울특별시,강동구,11740,2026-06-10,74.0,0.0,66.0,0.0,0.0,0.0,0.0,1910.0,True,7919,73,7992,8101.5,8211,499011,100813,36154,7773,23359,방문·복지용구형,False,0.4890829694323144,비적용,False,기관존재,9.25925925925926,,238.98898898898898,9.134110967104856,,235.75881009689564,9.012300572402875,,232.61478504445256,2.0467998008519115,3.167943833212038,109.47972972972973,6.67315445572084,False,균등배분,0,74.0,9.134110967104856
서울특별시|강북구,B01,재가노인복지시설 방문요양,서울특별시,강북구,11305,2026-06-10,76.0,0.0,88.0,0.0,0.0,0.0,0.0,2662.0,True,6658,69,6727,6830.5,6934,278041,75944,32936,8006,23901,방문·복지용구형,False,0.4890829694323144,비적용,False,기관존재,11.297755314404638,,395.7187453545414,11.126564673157162,,389.72256789400484,10.960484568791463,,383.90539371214305,2.307505465144523,3.1797832726664157,89.875,6.67315445572084,False,균등배분,0,76.0,11.126564673157162
서울특별시|강서구,B01,재가노인복지시설 방문요양,서울특별시,강서구,11500,2026-06-10,96.0,0.0,100.0,0.0,0.0,0.0,0.0,3175.0,True,11322,51,11373,11449.5,11526,548515,116416,44664,10778,31448,방문·복지용구형,False,0.4890829694323144,비적용,False,기관존재,8.441044579266684,,279.16996394970545,8.384645617712565,,277.30468579413946,8.328995314940135,,275.46416796807216,2.1493820526598606,3.0526583566522514,119.265625,6.67315445572084,False,균등배분,0,96.0,8.384645617712565
서울특별시|관악구,B01,재가노인복지시설 방문요양,서울특별시,관악구,11620,2026-06-10,76.0,224.0,76.0,0.0,0.0,0.0,0.0,3648.0,True,7708,65,7773,7870.5,7968,477797,94060,40246,9061,26602,방문·복지용구형,False,0.4890829694323144,비적용,False,기관존재,9.777434709893221,,469.31686607487455,9.656311543103996,,463.50295406899176,9.538152610441768,,457.8313253012048,1.8883864234955028,2.856928050522517,103.5592105263158,6.67315445572084,False,균등배분,0,76.0,9.656311543103996
서울특별시|광진구,B01,재가노인복지시설 방문요양,서울특별시,광진구,11215,2026-06-10,45.0,0.0,41.0,0.0,0.0,0.0,0.0,1305.0,True,4966,76,5042,5156.0,5270,330905,64022,25146,6268,16228,방문·복지용구형,False,0.4890829694323144,비적용,False,기관존재,8.925029750099167,,258.8258627528758,8.727695888285492,,253.10318076027926,8.538899430740038,,247.6280834914611,1.7895490336435218,2.772984964259305,114.57777777777778,6.67315445572084,False,균등배분,0,45.0,8.727695888285492
서울특별시|구로구,B01,재가노인복지시설 방문요양,서울특별시,구로구,11530,2026-06-10,61.0,36.0,53.0,1.0,0.0,0.0,0.0,1585.0,True,8222,53,8275,8354.5,8434,382633,88085,35535,7910,21962,방문·복지용구형,False,0.4890829694323144,비적용,False,기관존재,7.371601208459214,,191.54078549848944,7.301454306062602,,189.71811598539708,7.232629831633863,,187.9298079203225,1.716617419445617,2.7775248155905654,136.95901639344262,6.67315445572084,False,균등배분,0,61.0,7.301454306062602
서울특별시|금천구,B01,재가노인복지시설 방문요양,서울특별시,금천구,11545,2026-06-10,33.0,101.0,24.0,0.0,0.0,0.0,0.0,907.0,True,4429,68,4497,4599.0,4701,222503,51091,19833,4484,15195,방문·복지용구형,False,0.4890829694323144,비적용,False,기관존재,7.33822548365577,,201.69001556593287,7.175472928897586,,197.21678625788215,7.019783024888321,,192.9376728355669,1.663893510815308,2.1717670286278383,139.36363636363637,6.67315445572084,False,균등배분,0,33.0,7.175472928897586
서울특별시|노원구,B01,재가노인복지시설 방문요양,서울특별시,노원구,11350,2026-06-10,107.0,45.0,131.0,0.0,0.0,0.0,0.0,3354.0,True,9765,46,9811,9880.0,9949,481053,107095,43371,11332,29970,방문·복지용구형,False,0.4890829694323144,비적용,False,기관존재,10.906125777188869,,341.8611762307614,10.82995951417004,,339.4736842105263,10.75484973364157,,337.1193084732134,2.467086301906804,3.570236903570237,92.33644859813084,6.67315445572084,False,균등배분,0,107.0,10.82995951417004
서울특별시|도봉구,B01,재가노인복지시설 방문요양,서울특별시,도봉구,11320,2026-06-10,88.0,0.0,93.0,0.0,0.0,0.0,0.0,3101.0,True,7135,60,7195,7285.0,7375,298225,80304,32606,8458,20803,방문·복지용구형,False,0.4890829694323144,비적용,False,기관존재,12.230715774843642,,430.99374565670604,12.079615648592998,,425.66918325326014,11.932203389830509,,420.47457627118644,2.698889774888057,4.230159111666587,82.7840909090909,6.67315445572084,False,균등배분,0,88.0,12.079615648592998
서울특별시|동대문구,B01,재가노인복지시설 방문요양,서울특별시,동대문구,11230,2026-06-10,56.0,0.0,47.0,0.0,0.0,0.0,0.0,1655.0,True,6464,54,6518,6599.0,6680,352848,74629,31112,7770,20808,방문·복지용구형,False,0.4890829694323144,비적용,False,기관존재,8.59159251304081,,253.91224301933107,8.486134262767084,,250.7955750871344,8.383233532934131,,247.75449101796406,1.7999485728979172,2.6912725874663592,117.83928571428571,6.67315445572084,False,균등배분,0,56.0,8.486134262767084
서울특별시|동작구,B01,재가노인복지시설 방문요양,서울특별시,동작구,11590,2026-06-10,50.0,155.0,52.0,0.0,0.0,0.0,0.0,1422.0,True,5566,84,5650,5776.0,5902,371999,77106,33011,8182,18193,방문·복지용구형,False,0.4890829694323144,비적용,False,기관존재,8.849557522123893,,251.68141592920358,8.65650969529086,,246.19113573407202,8.471704506946796,,240.93527617756695,1.514646632940535,2.74830978947947,115.52,6.67315445572084,False,균등배분,0,50.0,8.65650969529086
서울특별시|마포구,B01,재가노인복지시설 방문요양,서울특별시,마포구,11440,2026-06-10,34.0,0.0,44.0,0.0,0.0,0.0,0.0,1006.0,True,4720,90,4810,4945.0,5080,356487,62999,27185,7487,15832,방문·복지용구형,False,0.4890829694323144,비적용,False,기관존재,7.0686070686070686,,209.14760914760916,6.8756319514661275,,203.43781597573306,6.692913385826771,,198.03149606299212,1.2506897185948134,2.1475492673067205,145.44117647058823,6.67315445572084,False,균등배분,0,34.0,6.8756319514661275
서울특별시|서대문구,B01,재가노인복지시설 방문요양,서울특별시,서대문구,11410,2026-06-10,40.0,0.0,32.0,0.0,0.0,0.0,0.0,1111.0,True,5149,83,5232,5356.5,5481,299810,63351,27591,7587,16249,방문·복지용구형,False,0.4890829694323144,비적용,False,기관존재,7.6452599388379205,,212.34709480122325,7.46756277419957,,207.41155605339307,7.297938332421091,,202.70023718299578,1.4497481062665363,2.4616899501507783,133.9125,6.67315445572084,False,균등배분,0,40.0,7.46756277419957
서울특별시|서초구,B01,재가노인복지시설 방문요양,서울특별시,서초구,11650,2026-06-10,32.0,0.0,51.0,0.0,0.0,0.0,0.0,1566.0,True,4454,94,4548,4689.0,4830,414383,73931,30626,7172,12915,방문·복지용구형,False,0.4890829694323144,비적용,False,기관존재,7.036059806508356,,344.32717678100266,6.824482832160375,,333.97312859884835,6.625258799171843,,324.22360248447205,1.044863841180696,2.4777390631049165,146.53125,6.67315445572084,False,균등배분,0,32.0,6.824482832160375
서울특별시|성동구,B01,재가노인복지시설 방문요양,서울특별시,성동구,11200,2026-06-10,16.0,156.0,20.0,0.0,0.0,0.0,0.0,768.0,True,3755,89,3844,3977.5,4111,274517,54447,22326,5711,13523,방문·복지용구형,False,0.4890829694323144,비적용,False,기관존재,4.162330905306972,,199.79188345473463,4.022627278441232,,193.08610936517914,3.8919970810021893,,186.81585988810508,0.7166532294186151,1.1831694150706205,248.59375,6.67315445572084,True,균등배분,0,16.0,4.022627278441232
서울특별시|성북구,B01,재가노인복지시설 방문요양,서울특별시,성북구,11290,2026-06-10,79.0,4086.0,103.0,0.0,0.0,0.0,0.0,3188.0,True,8363,62,8425,8518.0,8611,421762,89110,38011,9838,22573,방문·복지용구형,False,0.4890829694323144,비적용,False,기관존재,9.376854599406528,,378.3976261127596,9.274477576895986,,374.2662596853721,9.174311926605505,,370.22413192428286,2.078345742022046,3.499756346077172,107.82278481012658,6.67315445572084,False,균등배분,0,79.0,9.274477576895986
서울특별시|송파구,B01,재가노인복지시설 방문요양,서울특별시,송파구,11710,2026-06-10,83.0,0.0,93.0,0.0,0.0,0.0,0.0,3944.0,True,8650,63,8713,8807.5,8902,650258,123327,45315,10104,24417,방문·복지용구형,False,0.4890829694323144,비적용,False,기관존재,9.525995638700792,,452.656949385975,9.423786545557764,,447.8001703093954,9.323747472478095,,443.0465064030555,1.8316230828643936,3.3992709997133144,106.1144578313253,6.67315445572084,False,균등배분,0,83.0,9.423786545557764
서울특별시|양천구,B01,재가노인복지시설 방문요양,서울특별시,양천구,11470,2026-06-10,103.0,0.0,97.0,0.0,0.0,0.0,0.0,2940.0,True,7513,63,7576,7670.5,7765,421247,86569,32094,7356,20914,방문·복지용구형,False,0.4890829694323144,비적용,False,기관존재,13.59556494192186,,388.0675818373812,13.428068574408448,,383.2866175607848,13.264649066323246,,378.6220218931101,3.2093226148189693,4.924930668451755,74.47087378640776,6.67315445572084,False,균등배분,0,103.0,13.428068574408448
서울특별시|영등포구,B01,재가노인복지시설 방문요양,서울특별시,영등포구,11560,2026-06-10,56.0,385.0,53.0,0.0,0.0,0.0,0.0,1879.0,True,6326,66,6392,6491.0,6590,371867,72898,30420,7681,18755,방문·복지용구형,False,0.4890829694323144,비적용,False,기관존재,8.760951188986233,,293.9612015018773,8.627330149437684,,289.47773840702513,8.497723823975722,,285.1289833080425,1.8408941485864563,2.9858704345507863,115.91071428571429,6.67315445572084,False,균등배분,0,56.0,8.627330149437684
서울특별시|용산구,B01,재가노인복지시설 방문요양,서울특별시,용산구,11170,2026-06-10,15.0,0.0,16.0,0.0,0.0,0.0,0.0,503.0,True,2624,99,2723,2871.5,3020,199648,40120,17010,5091,10652,방문·복지용구형,False,0.4890829694323144,비적용,False,기관존재,5.508630187293426,,184.7227322805729,5.223750652968832,,175.16977189622148,4.966887417218543,,166.55629139072846,0.8818342151675485,1.4081862561021405,191.43333333333334,6.67315445572084,True,균등배분,0,15.0,5.223750652968832
서울특별시|은평구,B01,재가노인복지시설 방문요양,서울특별시,은평구,11380,2026-06-10,99.0,0.0,128.0,0.0,0.0,0.0,0.0,3603.0,True,9895,57,9952,10037.5,10123,453212,104893,44060,11007,27403,방문·복지용구형,False,0.4890829694323144,비적용,False,기관존재,9.947749196141478,,362.0377813504823,9.863013698630137,,358.95392278953926,9.779709572261188,,355.9221574632026,2.246935996368588,3.612743130314199,101.38888888888889,6.67315445572084,False,균등배분,0,99.0,9.863013698630137
서울특별시|종로구,B01,재가노인복지시설 방문요양,서울특별시,종로구,11110,2026-06-10,19.0,0.0,24.0,0.0,0.0,0.0,0.0,491.0,True,2383,93,2476,2615.5,2755,136318,31263,13561,3984,9786,방문·복지용구형,False,0.4890829694323144,비적용,False,기관존재,7.673667205169628,,198.3037156704362,7.264385394761995,,187.7270120435863,6.896551724137931,,178.22141560798548,1.4010766167686748,1.9415491518495809,137.6578947368421,6.67315445572084,False,균등배분,0,19.0,7.264385394761995
서울특별시|중구,B01,재가노인복지시설 방문요양,서울특별시,중구,11140,2026-06-10,18.0,0.0,19.0,0.0,0.0,0.0,0.0,634.0,True,1695,95,1790,1932.5,2075,117558,27701,11832,3259,8852,방문·복지용구형,False,0.4890829694323144,비적용,False,기관존재,10.05586592178771,,354.18994413407825,9.314359637774903,,328.07244501940494,8.674698795180722,,305.5421686746988,1.5212981744421907,2.033438770899232,107.36111111111111,6.67315445572084,False,균등배분,0,18.0,9.314359637774903
서울특별시|중랑구,B01,재가노인복지시설 방문요양,서울특별시,중랑구,11260,2026-06-10,100.0,39.0,110.0,0.0,0.0,0.0,0.0,3287.0,True,8110,62,8172,8265.0,8358,376386,90782,35164,8335,26742,방문·복지용구형,False,0.4890829694323144,비적용,False,기관존재,12.236906510034263,,402.22711698482624,12.099213551119178,,397.7011494252873,11.964584828906437,,393.2759033261546,2.8438175406665906,3.73943609303717,82.65,6.67315445572084,False,균등배분,0,100.0,12.099213551119178
세종특별자치시|세종특별자치시,B01,재가노인복지시설 방문요양,세종특별자치시,세종특별자치시,36110,2026-06-10,43.0,0.0,37.0,0.0,0.0,0.0,0.0,939.0,True,4431,85,4516,4643.5,4771,390923,49871,18092,5163,12263,방문·복지용구형,False,0.4890829694323144,비적용,False,기관존재,9.521700620017715,,207.9273693534101,9.260256272208464,,202.21815440938948,9.012785579543072,,196.81408509746385,2.376741101039133,3.5064829160890483,107.98837209302326,6.67315445572084,False,균등배분,0,43.0,9.260256272208464
울산광역시|남구,B01,재가노인복지시설 방문요양,울산광역시,남구,31140,2026-06-10,53.0,0.0,50.0,0.0,0.0,0.0,0.0,1537.0,True,4886,71,4957,5063.5,5170,304337,56898,18115,3772,15536,방문·복지용구형,False,0.4890829694323144,비적용,False,기관존재,10.691950776679443,,310.0665725237038,10.467068233435372,,303.5449787696258,10.251450676982593,,297.29206963249516,2.9257521391112338,3.4114315139031923,95.5377358490566,6.67315445572084,False,균등배분,0,53.0,10.467068233435372
울산광역시|동구,B01,재가노인복지시설 방문요양,울산광역시,동구,31170,2026-06-10,13.0,126.0,20.0,0.0,0.0,0.0,0.0,580.0,True,2156,95,2251,2393.5,2536,147756,30798,9112,1649,7615,방문·복지용구형,False,0.4890829694323144,비적용,False,기관존재,5.775211017325633,,257.6632607729898,5.431376645080427,,242.32295801128058,5.126182965299685,,228.70662460567823,1.4266900790166812,1.7071569271175313,184.1153846153846,6.67315445572084,True,균등배분,0,13.0,5.431376645080427
울산광역시|북구,B01,재가노인복지시설 방문요양,울산광역시,북구,31200,2026-06-10,34.0,20.0,28.0,0.0,0.0,0.0,0.0,873.0,True,2609,100,2709,2859.0,3009,213685,29555,9031,2140,7137,방문·복지용구형,False,0.4890829694323144,비적용,False,기관존재,12.550756736803248,,322.2591362126246,11.892270024484084,,305.35152151101784,11.299435028248588,,290.12961116650047,3.764810098549441,4.763906403250665,84.08823529411765,6.67315445572084,False,균등배분,0,34.0,11.892270024484084
울산광역시|울주군,B01,재가노인복지시설 방문요양,울산광역시,울주군,31710,2026-06-10,57.0,10.0,43.0,0.0,0.0,0.0,0.0,1475.0,True,5192,79,5271,5389.5,5508,218285,48168,16982,4523,15126,방문·복지용구형,False,0.4890829694323144,비적용,False,기관존재,10.813887307911212,,279.83304875735155,10.57612023378792,,273.6803042953892,10.348583877995644,,267.7923021060276,3.3564951124720293,3.7683458944863153,94.55263157894737,6.67315445572084,False,균등배분,0,57.0,10.57612023378792
울산광역시|중구,B01,재가노인복지시설 방문요양,울산광역시,중구,31110,2026-06-10,43.0,0.0,27.0,0.0,0.0,0.0,0.0,825.0,True,3912,85,3997,4124.5,4252,203026,46142,15901,3395,13840,방문·복지용구형,False,0.4890829694323144,비적용,False,기관존재,10.75806855141356,,206.40480360270203,10.425506121954177,,200.0242453630743,10.112888052681091,,194.0263405456256,2.704232438211433,3.106936416184971,95.9186046511628,6.67315445572084,False,균등배분,0,43.0,10.425506121954177
인천광역시|강화군,B01,재가노인복지시설 방문요양,인천광역시,강화군,28710,2026-06-10,18.0,6.0,18.0,0.0,0.0,0.0,0.0,398.0,True,3024,88,3112,3244.0,3376,69681,29163,13138,4054,8842,방문·복지용구형,False,0.4890829694323144,비적용,False,기관존재,5.784061696658098,,127.89203084832904,5.548705302096177,,122.68803945745994,5.33175355450237,,117.8909952606635,1.3700715481808494,2.035738520696675,180.22222222222223,6.67315445572084,True,균등배분,0,18.0,5.548705302096177
인천광역시|계양구,B01,재가노인복지시설 방문요양,인천광역시,계양구,28245,2026-06-10,77.0,0.0,89.0,0.0,0.0,0.0,0.0,2590.0,True,7179,59,7238,7326.5,7415,276309,58847,19525,5494,16883,방문·복지용구형,False,0.4890829694323144,비적용,False,기관존재,10.638297872340425,,357.83365570599614,10.509793216406196,,353.51122637002663,10.38435603506406,,349.29197572488204,3.9436619718309855,4.560800805544038,95.14935064935065,6.67315445572084,False,균등배분,0,77.0,10.509793216406196
인천광역시|남동구,B01,재가노인복지시설 방문요양,인천광역시,남동구,28200,2026-06-10,144.0,14.0,122.0,0.0,0.0,0.0,0.0,3022.0,True,14229,41,14270,14331.5,14393,479149,102290,37187,9525,30785,방문·복지용구형,False,0.4890829694323144,비적용,False,기관존재,10.091100210231255,,211.77295024526978,10.04779681122004,,210.86418030213167,10.004863475300493,,209.9631765441534,3.872320972382822,4.677602728601592,99.52430555555556,6.67315445572084,False,균등배분,0,144.0,10.04779681122004
인천광역시|동구,B01,재가노인복지시설 방문요양,인천광역시,동구,28140,2026-06-10,19.0,0.0,12.0,0.0,0.0,0.0,0.0,251.0,True,1867,96,1963,2107.0,2251,57926,16881,7340,1844,5377,방문·복지용구형,False,0.4890829694323144,비적용,False,기관존재,9.679062659195111,,127.86551197147222,9.017560512577123,,119.12672045562411,8.440693025322078,,111.50599733451799,2.588555858310627,3.5335689045936394,110.89473684210526,6.67315445572084,False,균등배분,0,19.0,9.017560512577123
인천광역시|미추홀구,B01,재가노인복지시설 방문요양,인천광역시,미추홀구,28170|28177,2026-06-10,136.0,0.0,151.0,0.0,0.0,0.0,0.0,3850.0,True,11547,56,11603,11687.0,11771,418211,92292,36936,9360,28578,방문·복지용구형,False,0.4890829694323144,비적용,False,기관존재,11.72110661035939,,331.8107386020857,11.636861470009412,,329.4258577907076,11.553818706991759,,327.07501486704615,3.6820446177171324,4.758905451746099,85.93382352941177,6.67315445572084,False,균등배분,0,136.0,11.636861470009412
인천광역시|부평구,B01,재가노인복지시설 방문요양,인천광역시,부평구,28237,2026-06-10,97.0,0.0,107.0,0.0,0.0,0.0,0.0,2869.0,True,12002,50,12052,12127.0,12202,488191,103325,37942,10185,28881,방문·복지용구형,False,0.4890829694323144,비적용,False,기관존재,8.048456687686691,,238.0517756388981,7.998680629999176,,236.57953327286222,7.9495164727093925,,235.12538928044583,2.5565336566338095,3.3586094664312176,125.02061855670104,6.67315445572084,False,균등배분,0,97.0,7.998680629999176
인천광역시|서구,B01,재가노인복지시설 방문요양,인천광역시,서구,28260,2026-06-10,146.0,0.0,111.0,1.0,0.0,0.0,0.0,3059.0,True,12367,48,12415,12487.0,12559,662875,98623,32986,8505,25967,방문·복지용구형,False,0.4890829694323144,비적용,False,기관존재,11.75996778091019,,246.3954893274265,11.69215984624009,,244.9747737647153,11.625129389282586,,243.57034795763994,4.426120172194264,5.622520891901259,85.52739726027397,6.67315445572084,False,균등배분,0,146.0,11.69215984624009
인천광역시|연수구,B01,재가노인복지시설 방문요양,인천광역시,연수구,28185,2026-06-10,62.0,15.0,55.0,0.0,0.0,0.0,0.0,1294.0,True,5594,78,5672,5789.0,5906,410290,60007,19906,5568,13029,방문·복지용구형,False,0.4890829694323144,비적용,False,기관존재,10.930888575458393,,228.13822284908323,10.709967179132837,,223.52737951286923,10.497798848628515,,219.09922113105318,3.1146388023711444,4.758615396423363,93.37096774193549,6.67315445572084,False,균등배분,0,62.0,10.709967179132837
인천광역시|옹진군,B01,재가노인복지시설 방문요양,인천광역시,옹진군,28720,2026-06-10,2.0,0.0,4.0,0.0,0.0,0.0,0.0,110.0,True,232,79,311,429.5,548,19340,7265,2909,852,2899,방문·복지용구형,False,0.4890829694323144,비적용,False,기관존재,6.430868167202572,,353.6977491961415,4.656577415599534,,256.1117578579744,3.6496350364963503,,200.72992700729927,0.6875214850464078,0.6898930665746809,214.75,6.67315445572084,True,균등배분,0,2.0,4.656577415599534
인천광역시|중구,B01,재가노인복지시설 방문요양,인천광역시,중구,28110,2026-06-10,34.0,0.0,26.0,0.0,0.0,0.0,0.0,700.0,True,3550,91,3641,3777.5,3914,179030,30100,11792,2945,9821,방문·복지용구형,False,0.4890829694323144,비적용,False,기관존재,9.338093930238946,,192.25487503433123,9.00066181336863,,185.30774321641297,8.686765457332651,,178.84517118037812,2.8833107191316145,3.461969249567254,111.1029411764706,6.67315445572084,False,균등배분,0,34.0,9.00066181336863
전라남도|강진군,B01,재가노인복지시설 방문요양,전라남도,강진군,46810,2026-06-10,8.0,0.0,14.0,0.0,0.0,0.0,0.0,247.0,True,1869,90,1959,2094.0,2229,31666,13064,6745,2318,5353,방문·복지용구형,False,0.4890829694323144,비적용,False,기관존재,4.083716181725371,,126.08473711077082,3.8204393505253105,,117.95606494746896,3.589053387169134,,110.81202332884702,1.1860637509266123,1.4944890715486643,261.75,6.67315445572084,True,균등배분,0,8.0,3.8204393505253105
전라남도|고흥군,B01,재가노인복지시설 방문요양,전라남도,고흥군,46770,2026-06-10,30.0,0.0,37.0,0.0,0.0,0.0,0.0,720.0,True,3601,101,3702,3853.5,4005,58976,28413,15132,5222,11626,방문·복지용구형,False,0.4890829694323144,비적용,False,기관존재,8.103727714748784,,194.48946515397083,7.785130400934216,,186.84312962242117,7.49063670411985,,179.7752808988764,1.9825535289452814,2.580423189403062,128.45,6.67315445572084,False,균등배분,0,30.0,7.785130400934216
전라남도|곡성군,B01,재가노인복지시설 방문요양,전라남도,곡성군,46720,2026-06-10,12.0,150.0,22.0,0.0,0.0,0.0,0.0,333.0,True,1551,87,1638,1768.5,1899,27657,11583,5962,2261,4598,방문·복지용구형,False,0.4890829694323144,비적용,False,기관존재,7.326007326007326,,203.2967032967033,6.785411365564038,,188.29516539440203,6.3191153238546605,,175.35545023696682,2.0127474002012744,2.609830361026533,147.375,6.67315445572084,False,균등배분,0,12.0,6.785411365564038
전라남도|광양시,B01,재가노인복지시설 방문요양,전라남도,광양시,46230,2026-06-10,35.0,50.0,31.0,0.0,0.0,0.0,0.0,768.0,True,3221,94,3315,3456.0,3597,155975,28148,10712,3253,9357,방문·복지용구형,False,0.4890829694323144,비적용,False,기관존재,10.558069381598793,,231.67420814479638,10.127314814814815,,222.2222222222222,9.730330831248262,,213.51125938281902,3.267363704256908,3.74051512236828,98.74285714285715,6.67315445572084,False,균등배분,0,35.0,10.127314814814815
전라남도|구례군,B01,재가노인복지시설 방문요양,전라남도,구례군,46730,2026-06-10,9.0,0.0,14.0,1.0,0.0,0.0,0.0,269.0,True,1541,94,1635,1776.0,1917,24337,10138,5148,1769,3929,방문·복지용구형,False,0.4890829694323144,비적용,False,기관존재,5.5045871559633035,,164.52599388379204,5.0675675675675675,,151.46396396396398,4.694835680751174,,140.32342201356286,1.7482517482517483,2.290659200814457,197.33333333333334,6.67315445572084,True,균등배분,0,9.0,5.0675675675675675
전라남도|나주시,B01,재가노인복지시설 방문요양,전라남도,나주시,46170,2026-06-10,45.0,95.0,48.0,0.0,0.0,0.0,0.0,1702.0,True,4619,110,4729,4894.0,5059,116691,30728,14290,4443,11896,방문·복지용구형,False,0.4890829694323144,비적용,False,기관존재,9.515753859166844,,359.90695707337704,9.194932570494483,,347.77278299959136,8.89503854516703,,336.4301245305396,3.1490552834149756,3.7827841291190314,108.75555555555556,6.67315445572084,False,균등배분,0,45.0,9.194932570494483
전라남도|담양군,B01,재가노인복지시설 방문요양,전라남도,담양군,46710,2026-06-10,15.0,80.0,15.0,0.0,0.0,0.0,0.0,329.0,True,2233,97,2330,2475.5,2621,44031,16914,8169,2684,5979,방문·복지용구형,False,0.4890829694323144,비적용,False,기관존재,6.437768240343348,,141.20171673819743,6.059381943041809,,132.90244395071701,5.723006486074018,,125.52460892789011,1.8362100624311422,2.5087807325639737,165.03333333333333,6.67315445572084,True,균등배분,0,15.0,6.059381943041809
전라남도|목포시,B01,재가노인복지시설 방문요양,전라남도,목포시,46110,2026-06-10,67.0,0.0,59.0,0.0,0.0,0.0,0.0,1696.0,True,6637,66,6703,6802.0,6901,199524,47425,19933,4793,18153,방문·복지용구형,False,0.4890829694323144,비적용,False,기관존재,9.995524392063256,,253.02103535730268,9.850044104675096,,249.3384298735666,9.70873786407767,,245.7614838429213,3.3612602217428384,3.690849997245634,101.5223880597015,6.67315445572084,False,균등배분,0,67.0,9.850044104675096
전라남도|무안군,B01,재가노인복지시설 방문요양,전라남도,무안군,46840,2026-06-10,22.0,34.0,21.0,0.0,0.0,0.0,0.0,473.0,True,2690,102,2792,2945.0,3098,95659,20837,9454,2740,7613,방문·복지용구형,False,0.4890829694323144,비적용,False,기관존재,7.8796561604584525,,169.41260744985672,7.470288624787775,,160.6112054329372,7.101355713363461,,152.6791478373144,2.3270573302305904,2.88979377380796,133.86363636363637,6.67315445572084,False,균등배분,0,22.0,7.470288624787775
전라남도|보성군,B01,재가노인복지시설 방문요양,전라남도,보성군,46780,2026-06-10,25.0,89.0,30.0,0.0,0.0,0.0,0.0,785.0,True,1887,109,1996,2159.5,2323,37559,16869,8935,3223,7049,방문·복지용구형,False,0.4890829694323144,비적용,False,기관존재,12.525050100200401,,393.28657314629254,11.57675387821255,,363.510071775874,10.76194575979337,,337.92509685751185,2.7979854504756574,3.5466023549439636,86.38,6.67315445572084,False,균등배분,0,25.0,11.57675387821255
전라남도|순천시,B01,재가노인복지시설 방문요양,전라남도,순천시,46150,2026-06-10,63.0,34.0,51.0,0.0,0.0,0.0,0.0,1787.0,True,7397,79,7476,7594.5,7713,274131,58612,24185,7216,19036,방문·복지용구형,False,0.4890829694323144,비적용,False,기관존재,8.426966292134832,,239.03156768325306,8.295476989926922,,235.30186319046678,8.168028004667445,,231.68676260858294,2.6049204052098407,3.3095188064719476,120.54761904761905,6.67315445572084,False,균등배분,0,63.0,8.295476989926922
전라남도|신안군,B01,재가노인복지시설 방문요양,전라남도,신안군,46910,2026-06-10,11.0,0.0,14.0,0.0,0.0,0.0,0.0,346.0,True,1722,87,1809,1939.5,2070,42319,16501,7936,2533,5513,방문·복지용구형,False,0.4890829694323144,비적용,False,기관존재,6.0807075732448865,,191.26589275843006,5.671564836298015,,178.39649394173756,5.314009661835749,,167.1497584541063,1.3860887096774195,1.9952838744785053,176.3181818181818,6.67315445572084,True,균등배분,0,11.0,5.671564836298015
전라남도|여수시,B01,재가노인복지시설 방문요양,전라남도,여수시,46130,2026-06-10,55.0,54.0,56.0,0.0,1.0,0.0,0.0,1541.0,True,7578,74,7652,7763.0,7874,260502,68279,28759,7275,21795,방문·복지용구형,False,0.4890829694323144,비적용,False,기관존재,7.187663355985363,,201.3852587558808,7.084889862166689,,198.5057323199794,6.98501397002794,,195.70739141478282,1.9124447998887304,2.5235145675613673,141.14545454545456,6.67315445572084,False,균등배분,0,55.0,7.084889862166689
전라남도|영광군,B01,재가노인복지시설 방문요양,전라남도,영광군,46870,2026-06-10,28.0,250.0,36.0,1.0,1.0,0.0,0.0,1107.0,True,2406,109,2515,2678.5,2842,53902,17674,8772,2681,6755,방문·복지용구형,False,0.4890829694323144,비적용,False,기관존재,11.133200795228628,,440.15904572564614,10.45361209632257,,413.29102109389584,9.852216748768473,,389.51442646023924,3.191974464204286,4.1450777202072535,95.66071428571429,6.67315445572084,False,균등배분,0,28.0,10.45361209632257
전라남도|영암군,B01,재가노인복지시설 방문요양,전라남도,영암군,46830,2026-06-10,10.0,0.0,16.0,0.0,0.0,0.0,0.0,450.0,True,2087,105,2192,2349.5,2507,50076,16430,8031,2651,6607,방문·복지용구형,False,0.4890829694323144,비적용,False,기관존재,4.562043795620437,,205.2919708029197,4.256224728665673,,191.5301127899553,3.988831272437176,,179.4974072596729,1.2451749470800646,1.5135462388375966,234.95,6.67315445572084,True,균등배분,0,10.0,4.256224728665673
전라남도|완도군,B01,재가노인복지시설 방문요양,전라남도,완도군,46890,2026-06-10,28.0,2178.0,40.0,0.0,0.0,0.0,0.0,698.0,True,2305,108,2413,2575.0,2737,44175,17538,9040,2813,6739,방문·복지용구형,False,0.4890829694323144,비적용,False,기관존재,11.603812681309574,,289.26647326978866,10.87378640776699,,271.06796116504853,10.230179028132993,,255.02374862988674,3.0973451327433628,4.154919127466983,91.96428571428571,6.67315445572084,False,균등배분,0,28.0,10.87378640776699
전라남도|장성군,B01,재가노인복지시설 방문요양,전라남도,장성군,46880,2026-06-10,19.0,11.0,34.0,0.0,0.0,0.0,0.0,833.0,True,2225,107,2332,2492.5,2653,43095,15429,7598,2493,5869,방문·복지용구형,False,0.4890829694323144,비적용,False,기관존재,8.147512864493997,,357.20411663807886,7.622868605817453,,334.2026078234704,7.161703731624576,,313.9841688654353,2.5006580679126085,3.2373487817345374,131.18421052631578,6.67315445572084,False,균등배분,0,19.0,7.622868605817453
전라남도|장흥군,B01,재가노인복지시설 방문요양,전라남도,장흥군,46800,2026-06-10,13.0,470.0,20.0,0.0,0.0,0.0,0.0,356.0,True,2204,101,2305,2456.5,2608,33952,13971,7241,2591,5826,방문·복지용구형,False,0.4890829694323144,비적용,False,기관존재,5.639913232104122,,154.4468546637744,5.292082230816202,,144.92163647465907,4.984662576687116,,136.50306748466255,1.7953321364452424,2.2313765877102645,188.96153846153845,6.67315445572084,True,균등배분,0,13.0,5.292082230816202
전라남도|진도군,B01,재가노인복지시설 방문요양,전라남도,진도군,46900,2026-06-10,13.0,0.0,18.0,0.0,0.0,0.0,0.0,413.0,True,1274,95,1369,1511.5,1654,27882,11249,5822,1935,4772,방문·복지용구형,False,0.4890829694323144,비적용,False,기관존재,9.495982468955443,,301.68005843681516,8.600727753886867,,273.2385047965597,7.8597339782345825,,249.6977025392987,2.232909653040192,2.724224643755239,116.26923076923077,6.67315445572084,False,균등배분,0,13.0,8.600727753886867
전라남도|함평군,B01,재가노인복지시설 방문요양,전라남도,함평군,46860,2026-06-10,18.0,383.0,17.0,0.0,0.0,0.0,0.0,355.0,True,1883,106,1989,2148.0,2307,29601,12736,6551,2301,5471,방문·복지용구형,False,0.4890829694323144,비적용,False,기관존재,9.04977375565611,,178.48164906988436,8.379888268156424,,165.27001862197395,7.802340702210663,,153.87949718248808,2.747672111128072,3.290074940595869,119.33333333333333,6.67315445572084,False,균등배분,0,18.0,8.379888268156424
전라남도|해남군,B01,재가노인복지시설 방문요양,전라남도,해남군,46820,2026-06-10,23.0,0.0,24.0,0.0,0.0,0.0,0.0,440.0,True,3024,100,3124,3274.0,3424,62027,24626,12186,3845,9400,방문·복지용구형,False,0.4890829694323144,비적용,False,기관존재,7.36235595390525,,140.84507042253523,7.025045815516188,,134.39218081857055,6.7172897196261685,,128.50467289719626,1.8874117840144429,2.4468085106382977,142.34782608695653,6.67315445572084,False,균등배분,0,23.0,7.025045815516188
전라남도|화순군,B01,재가노인복지시설 방문요양,전라남도,화순군,46790,2026-06-10,34.0,0.0,42.0,0.0,0.0,0.0,0.0,1092.0,True,2598,108,2706,2868.0,3030,59909,19853,9720,3287,7960,방문·복지용구형,False,0.4890829694323144,비적용,False,기관존재,12.564671101256469,,403.5476718403548,11.854951185495118,,380.7531380753138,11.221122112211221,,360.3960396039604,3.4979423868312756,4.2713567839195985,84.3529411764706,6.67315445572084,False,균등배분,0,34.0,11.854951185495118
전북특별자치도|고창군,B01,재가노인복지시설 방문요양,전북특별자치도,고창군,52790,2026-06-10,13.0,99.0,20.0,0.0,0.0,0.0,0.0,331.0,True,3225,93,3318,3457.5,3597,50071,20870,10809,3513,8300,방문·복지용구형,False,0.4890829694323144,비적용,False,기관존재,3.9180229053646776,,99.75889089813141,3.759942154736081,,95.73391178597252,3.614122880177926,,92.02112871837642,1.2027014524932926,1.5662650602409638,265.96153846153845,6.67315445572084,True,균등배분,0,13.0,3.759942154736081
전북특별자치도|군산시,B01,재가노인복지시설 방문요양,전북특별자치도,군산시,52130,2026-06-10,64.0,0.0,56.0,0.0,0.0,0.0,0.0,1509.0,True,8155,72,8227,8335.0,8443,255591,64219,27084,6918,21796,방문·복지용구형,False,0.4890829694323144,비적용,False,기관존재,7.779263400996718,,183.42044487662574,7.678464307138572,,181.04379124175165,7.5802439891033995,,178.72794030557858,2.363018756461379,2.9363185905670766,130.234375,6.67315445572084,False,균등배분,0,64.0,7.678464307138572
전북특별자치도|김제시,B01,재가노인복지시설 방문요양,전북특별자치도,김제시,52210,2026-06-10,29.0,0.0,36.0,0.0,0.0,0.0,0.0,670.0,True,4039,99,4138,4286.5,4435,81631,30000,14820,4894,11803,방문·복지용구형,False,0.4890829694323144,비적용,False,기관존재,7.008216529724505,,161.91396810053166,6.765426338504608,,156.3046774757961,6.538895152198422,,151.07102593010146,1.9568151147098516,2.457002457002457,147.81034482758622,6.67315445572084,False,균등배분,0,29.0,6.765426338504608
전북특별자치도|남원시,B01,재가노인복지시설 방문요양,전북특별자치도,남원시,52190,2026-06-10,34.0,0.0,43.0,0.0,0.0,0.0,0.0,943.0,True,3774,102,3876,4029.0,4182,73812,26161,12932,4320,9910,방문·복지용구형,False,0.4890829694323144,비적용,False,기관존재,8.771929824561402,,243.29205366357067,8.438818565400844,,234.05311491685282,8.130081300813009,,225.49019607843138,2.629137024435509,3.43087790110999,118.5,6.67315445572084,False,균등배분,0,34.0,8.438818565400844
전북특별자치도|무주군,B01,재가노인복지시설 방문요양,전북특별자치도,무주군,52730,2026-06-10,12.0,110.0,13.0,0.0,0.0,0.0,0.0,352.0,True,860,94,954,1095.0,1236,23326,9356,4527,1606,3691,방문·복지용구형,False,0.4890829694323144,비적용,False,기관존재,12.578616352201259,,368.97274633123686,10.95890410958904,,321.46118721461187,9.70873786407767,,284.78964401294496,2.6507620941020544,3.251151449471688,91.25,6.67315445572084,False,균등배분,0,12.0,10.95890410958904
전북특별자치도|부안군,B01,재가노인복지시설 방문요양,전북특별자치도,부안군,52800,2026-06-10,18.0,10.0,20.0,0.0,0.0,0.0,0.0,347.0,True,2335,97,2432,2577.5,2723,46946,19234,9604,2995,8057,방문·복지용구형,False,0.4890829694323144,비적용,False,기관존재,7.401315789473684,,142.6809210526316,6.9835111542192045,,134.62657613967022,6.6103562247521115,,127.43297833272126,1.8742190753852561,2.2340821645773863,143.19444444444446,6.67315445572084,False,균등배분,0,18.0,6.9835111542192045
전북특별자치도|순창군,B01,재가노인복지시설 방문요양,전북특별자치도,순창군,52770,2026-06-10,4.0,0.0,4.0,0.0,0.0,0.0,0.0,51.0,True,1211,96,1307,1451.0,1595,27584,10831,5487,1893,4119,방문·복지용구형,False,0.4890829694323144,비적용,False,기관존재,3.06044376434583,,39.02065799540933,2.7567195037904892,,35.148173673328735,2.5078369905956115,,31.97492163009404,0.7289958082741025,0.9711094925952901,362.75,6.67315445572084,True,균등배분,0,4.0,2.7567195037904892
전북특별자치도|완주군,B01,재가노인복지시설 방문요양,전북특별자치도,완주군,52710,2026-06-10,34.0,0.0,35.0,0.0,0.0,0.0,0.0,804.0,True,3721,88,3809,3941.0,4073,100102,27560,12072,3663,9016,방문·복지용구형,False,0.4890829694323144,비적용,False,기관존재,8.926227356261485,,211.0790233657128,8.627251966505963,,204.0091347373763,8.347655290940338,,197.39749570341272,2.8164347249834325,3.771073646850044,115.91176470588235,6.67315445572084,False,균등배분,0,34.0,8.627251966505963
전북특별자치도|익산시,B01,재가노인복지시설 방문요양,전북특별자치도,익산시,52140,2026-06-10,74.0,55.0,74.0,0.0,0.0,0.0,0.0,2102.0,True,9546,66,9612,9711.0,9810,266758,70191,30008,8377,23906,방문·복지용구형,False,0.4890829694323144,비적용,False,기관존재,7.698709945900958,,218.6849771119434,7.620224487694368,,216.4555658531562,7.543323139653415,,214.2711518858308,2.4660090642495334,3.0954572073956332,131.22972972972974,6.67315445572084,False,균등배분,0,74.0,7.620224487694368
전북특별자치도|임실군,B01,재가노인복지시설 방문요양,전북특별자치도,임실군,52750,2026-06-10,11.0,30.0,10.0,0.0,0.0,0.0,0.0,189.0,True,1367,92,1459,1597.0,1735,25342,11198,5797,2069,4625,방문·복지용구형,False,0.4890829694323144,비적용,False,기관존재,7.539410555174777,,129.5407813570939,6.88791484032561,,118.34690043832185,6.340057636887608,,108.93371757925071,1.8975332068311195,2.3783783783783785,145.1818181818182,6.67315445572084,False,균등배분,0,11.0,6.88791484032561
전북특별자치도|장수군,B01,재가노인복지시설 방문요양,전북특별자치도,장수군,52740,2026-06-10,6.0,0.0,8.0,0.0,0.0,0.0,0.0,131.0,True,630,82,712,835.0,958,21169,8755,4227,1457,3301,방문·복지용구형,False,0.4890829694323144,비적용,False,기관존재,8.426966292134832,,183.98876404494382,7.18562874251497,,156.88622754491018,6.263048016701462,,136.74321503131523,1.4194464158978,1.8176310209027569,139.16666666666666,6.67315445572084,False,균등배분,0,6.0,7.18562874251497
전북특별자치도|전주시,B01,재가노인복지시설 방문요양,전북특별자치도,전주시,52111|52113,2026-06-10,152.0,0.0,157.0,1.0,0.0,0.0,0.0,3490.0,True,17659,42,17701,17764.0,17827,620874,126989,53201,13900,39699,방문·복지용구형,False,0.4890829694323144,비적용,False,기관존재,8.58708547539687,,197.1640020337834,8.556631389326727,,196.46476018914657,8.526392550625456,,195.77046053738712,2.8570891524595403,3.8288118088616843,116.86842105263158,6.67315445572084,False,균등배분,0,152.0,8.556631389326727
전북특별자치도|정읍시,B01,재가노인복지시설 방문요양,전북특별자치도,정읍시,52180,2026-06-10,40.0,44.0,38.0,0.0,0.0,0.0,0.0,810.0,True,5149,99,5248,5396.5,5545,100738,34282,16976,5535,13435,방문·복지용구형,False,0.4890829694323144,비적용,False,기관존재,7.621951219512195,,154.34451219512195,7.412211618641712,,150.09728527749468,7.213706041478809,,146.0775473399459,2.3562676720075397,2.97729810197246,134.9125,6.67315445572084,False,균등배분,0,40.0,7.412211618641712
전북특별자치도|진안군,B01,재가노인복지시설 방문요양,전북특별자치도,진안군,52720,2026-06-10,10.0,20.0,10.0,0.0,0.0,0.0,0.0,153.0,True,1111,91,1202,1338.5,1475,24689,10514,5098,1720,4020,방문·복지용구형,False,0.4890829694323144,비적용,False,기관존재,8.319467554076539,,127.28785357737105,7.4710496824803885,,114.30706014194995,6.779661016949152,,103.72881355932203,1.9615535504119261,2.487562189054726,133.85,6.67315445572084,False,균등배분,0,10.0,7.4710496824803885
제주특별자치도|서귀포시,B01,재가노인복지시설 방문요양,제주특별자치도,서귀포시,50130,2026-06-10,21.0,0.0,26.0,0.0,0.0,0.0,0.0,444.0,True,3209,90,3299,3434.0,3569,178669,44626,19711,6127,14483,방문·복지용구형,False,0.4890829694323144,비적용,False,기관존재,6.365565322825098,,134.58623825401637,6.11531741409435,,129.2952824694234,5.884001120762118,,124.40459512468479,1.0653949571305361,1.4499758337361044,163.52380952380952,6.67315445572084,True,균등배분,0,21.0,6.11531741409435
제주특별자치도|제주시,B01,재가노인복지시설 방문요양,제주특별자치도,제주시,50110,2026-06-10,73.0,0.0,76.0,0.0,0.0,0.0,0.0,1876.0,True,9181,48,9229,9301.0,9373,484123,92096,38161,11631,28560,방문·복지용구형,False,0.4890829694323144,비적용,False,기관존재,7.909849387799327,,203.27229385632245,7.8486184281260085,,201.69874207074508,7.788328176677691,,200.14936519790888,1.9129477739052958,2.5560224089635857,127.41095890410959,6.67315445572084,False,균등배분,0,73.0,7.8486184281260085
충청남도|계룡시,B01,재가노인복지시설 방문요양,충청남도,계룡시,44250,2026-06-10,8.0,14.0,7.0,0.0,0.0,0.0,0.0,151.0,True,570,99,669,817.5,966,45959,7812,2778,802,2137,방문·복지용구형,False,0.4890829694323144,비적용,False,기관존재,11.958146487294469,,225.7100149476831,9.785932721712538,,184.70948012232415,8.281573498964804,,156.31469979296068,2.8797696184305255,3.743565746373421,102.1875,6.67315445572084,False,균등배분,0,8.0,9.785932721712538
충청남도|공주시,B01,재가노인복지시설 방문요양,충청남도,공주시,44150,2026-06-10,27.0,0.0,16.0,0.0,0.0,0.0,0.0,566.0,True,4646,78,4724,4841.0,4958,99757,34013,14950,4871,10962,방문·복지용구형,False,0.4890829694323144,비적용,False,기관존재,5.71549534292972,,119.81371718882302,5.577360049576534,,116.91799215038215,5.445744251714401,,114.15893505445744,1.806020066889632,2.4630541871921183,179.2962962962963,6.67315445572084,True,균등배분,0,27.0,5.577360049576534
충청남도|금산군,B01,재가노인복지시설 방문요양,충청남도,금산군,44710,2026-06-10,21.0,0.0,19.0,0.0,0.0,0.0,0.0,535.0,True,2718,90,2808,2943.0,3078,48939,19220,8672,2741,6934,방문·복지용구형,False,0.4890829694323144,비적용,False,기관존재,7.478632478632479,,190.52706552706553,7.135575942915392,,181.787291879035,6.82261208576998,,173.8141650422352,2.421586715867159,3.0285549466397463,140.14285714285714,6.67315445572084,False,균등배분,0,21.0,7.135575942915392
충청남도|논산시,B01,재가노인복지시설 방문요양,충청남도,논산시,44230,2026-06-10,41.0,14.0,42.0,0.0,0.0,0.0,0.0,1344.0,True,5702,74,5776,5887.0,5998,105977,36530,16482,5319,13123,방문·복지용구형,False,0.4890829694323144,비적용,False,기관존재,7.098337950138504,,232.68698060941827,6.9644980465432305,,228.2996432818074,6.835611870623541,,224.07469156385463,2.487562189054726,3.1242856054255888,143.58536585365854,6.67315445572084,False,균등배분,0,41.0,6.9644980465432305
충청남도|당진시,B01,재가노인복지시설 방문요양,충청남도,당진시,44270,2026-06-10,43.0,0.0,44.0,0.0,0.0,0.0,0.0,1111.0,True,5566,94,5660,5801.0,5942,172400,40186,17520,5599,12923,방문·복지용구형,False,0.4890829694323144,비적용,False,기관존재,7.597173144876325,,196.28975265017667,7.412515083606275,,191.5187036717807,7.236620666442276,,186.9740828004039,2.454337899543379,3.327400758337847,134.90697674418604,6.67315445572084,False,균등배분,0,43.0,7.412515083606275
충청남도|보령시,B01,재가노인복지시설 방문요양,충청남도,보령시,44180,2026-06-10,36.0,9999.0,39.0,1.0,0.0,0.0,0.0,1099.0,True,3655,84,3739,3865.0,3991,91260,31418,14017,4166,10884,방문·복지용구형,False,0.4890829694323144,비적용,False,기관존재,9.628242845680663,,293.928857983418,9.314359637774903,,284.3467011642949,9.020295665246804,,275.36958155850664,2.5683099093957336,3.3076074972436604,107.36111111111111,6.67315445572084,False,균등배분,0,36.0,9.314359637774903
충청남도|부여군,B01,재가노인복지시설 방문요양,충청남도,부여군,44760,2026-06-10,21.0,40.0,25.0,0.0,1.0,0.0,0.0,552.0,True,3223,88,3311,3443.0,3575,57762,25613,12293,4226,8850,방문·복지용구형,False,0.4890829694323144,비적용,False,기관존재,6.342494714587738,,166.71700392630626,6.099331977926227,,160.3252977054894,5.874125874125874,,154.4055944055944,1.7082892703164403,2.3728813559322033,163.95238095238096,6.67315445572084,True,균등배분,0,21.0,6.099331977926227
충청남도|서산시,B01,재가노인복지시설 방문요양,충청남도,서산시,44210,2026-06-10,59.0,30.0,74.0,0.0,0.0,0.0,0.0,2015.0,True,6145,80,6225,6345.0,6465,171136,41975,18609,5961,12444,방문·복지용구형,False,0.4890829694323144,비적용,False,기관존재,9.477911646586346,,323.6947791164659,9.29866036249015,,317.57289204097714,9.126063418406806,,311.67826759474093,3.1705088935461334,4.741240758598521,107.54237288135593,6.67315445572084,False,균등배분,0,59.0,9.29866036249015
충청남도|서천군,B01,재가노인복지시설 방문요양,충청남도,서천군,44770,2026-06-10,29.0,83.0,31.0,0.0,0.0,0.0,0.0,725.0,True,2942,89,3031,3164.5,3298,46761,20945,10411,3506,7437,방문·복지용구형,False,0.4890829694323144,비적용,False,기관존재,9.567799406136588,,239.19498515341473,9.16416495496919,,229.10412387422974,8.793208004851426,,219.83020012128563,2.785515320334262,3.8994218098695708,109.12068965517241,6.67315445572084,False,균등배분,0,29.0,9.16416495496919
충청남도|아산시,B01,재가노인복지시설 방문요양,충청남도,아산시,44200,2026-06-10,57.0,0.0,57.0,0.0,0.0,0.0,0.0,1735.0,True,6933,57,6990,7075.5,7161,363678,59018,23699,6956,18666,방문·복지용구형,False,0.4890829694323144,비적용,False,기관존재,8.15450643776824,,248.21173104434908,8.055967776128897,,245.21235248392338,7.959782153330542,,242.2845971233068,2.4051647748850162,3.053680488588878,124.13157894736842,6.67315445572084,False,균등배분,0,57.0,8.055967776128897
충청남도|예산군,B01,재가노인복지시설 방문요양,충청남도,예산군,44810,2026-06-10,24.0,428.0,26.0,0.0,0.0,0.0,0.0,607.0,True,3281,94,3375,3516.0,3657,78318,29283,13548,4468,9243,방문·복지용구형,False,0.4890829694323144,비적용,False,기관존재,7.111111111111112,,179.85185185185185,6.825938566552901,,172.63936291240046,6.562756357670222,,165.9830462127427,1.7714791851195748,2.596559558584875,146.5,6.67315445572084,False,균등배분,0,24.0,6.825938566552901
충청남도|천안시,B01,재가노인복지시설 방문요양,충청남도,천안시,44131|44133,2026-06-10,90.0,0.0,84.0,0.0,0.0,0.0,0.0,2792.0,True,11957,33,11990,12039.5,12089,666182,105051,38353,10924,30856,방문·복지용구형,False,0.4890829694323144,비적용,False,기관존재,7.506255212677231,,232.86071726438698,7.4753934964076585,,231.9033182441131,7.44478451484821,,230.95375961618,2.3466221677574115,2.916774695359087,133.7722222222222,6.67315445572084,False,균등배분,0,90.0,7.4753934964076585
충청남도|청양군,B01,재가노인복지시설 방문요양,충청남도,청양군,44790,2026-06-10,7.0,0.0,6.0,0.0,0.0,0.0,0.0,174.0,True,1360,94,1454,1595.0,1736,30051,12963,6170,2203,4309,방문·복지용구형,False,0.4890829694323144,비적용,False,기관존재,4.814305364511692,,119.66987620357635,4.38871473354232,,109.09090909090908,4.032258064516129,,100.23041474654377,1.13452188006483,1.6245068461359944,227.85714285714286,6.67315445572084,True,균등배분,0,7.0,4.38871473354232
충청남도|태안군,B01,재가노인복지시설 방문요양,충청남도,태안군,44825,2026-06-10,21.0,5.0,15.0,0.0,0.0,0.0,0.0,406.0,True,2313,102,2415,2568.0,2721,59039,24025,11079,3204,8296,방문·복지용구형,False,0.4890829694323144,비적용,False,기관존재,8.695652173913043,,168.1159420289855,8.177570093457943,,158.09968847352025,7.717750826901874,,149.2098493201029,1.8954779312212293,2.531340405014465,122.28571428571429,6.67315445572084,False,균등배분,0,21.0,8.177570093457943
충청남도|홍성군,B01,재가노인복지시설 방문요양,충청남도,홍성군,44800,2026-06-10,22.0,0.0,27.0,0.0,0.0,0.0,0.0,620.0,True,3902,88,3990,4122.0,4254,101566,29222,13454,4438,9328,방문·복지용구형,False,0.4890829694323144,비적용,False,기관존재,5.513784461152882,,155.38847117794487,5.337214944201844,,150.41242115477922,5.171603196991067,,145.7451810061119,1.6352014270848818,2.3584905660377355,187.36363636363637,6.67315445572084,True,균등배분,0,22.0,5.337214944201844
충청북도|괴산군,B01,재가노인복지시설 방문요양,충청북도,괴산군,43760,2026-06-10,12.0,0.0,10.0,0.0,0.0,0.0,0.0,208.0,True,1319,110,1429,1594.0,1759,37415,16412,6859,2185,5875,방문·복지용구형,False,0.4890829694323144,비적용,False,기관존재,8.397480755773268,,145.55633310007,7.52823086574655,,130.48933500627354,6.822057987492894,,118.24900511654349,1.7495261699956262,2.0425531914893615,132.83333333333334,6.67315445572084,False,균등배분,0,12.0,7.52823086574655
충청북도|단양군,B01,재가노인복지시설 방문요양,충청북도,단양군,43800,2026-06-10,7.0,14.0,9.0,0.0,0.0,0.0,0.0,167.0,True,876,89,965,1098.5,1232,26628,11286,4582,1306,4144,방문·복지용구형,False,0.4890829694323144,비적용,False,기관존재,7.253886010362694,,173.05699481865287,6.372325898953117,,152.0254893035958,5.681818181818182,,135.55194805194807,1.5277171540811874,1.6891891891891893,156.92857142857142,6.67315445572084,True,균등배분,0,7.0,6.372325898953117
충청북도|보은군,B01,재가노인복지시설 방문요양,충청북도,보은군,43720,2026-06-10,10.0,0.0,15.0,0.0,0.0,0.0,0.0,377.0,True,1601,101,1702,1853.5,2005,31181,13525,6040,2117,4769,방문·복지용구형,False,0.4890829694323144,비적용,False,기관존재,5.875440658049354,,221.50411280846063,5.395198273536552,,203.39897491232801,4.987531172069826,,188.02992518703243,1.6556291390728477,2.0968756552736423,185.35,6.67315445572084,True,균등배분,0,10.0,5.395198273536552
충청북도|영동군,B01,재가노인복지시설 방문요양,충청북도,영동군,43740,2026-06-10,10.0,80.0,15.0,0.0,0.0,0.0,0.0,303.0,True,2380,105,2485,2642.5,2800,43011,17768,7907,2438,6398,방문·복지용구형,False,0.4890829694323144,비적용,False,기관존재,4.024144869215292,,121.93158953722335,3.7842951750236518,,114.66414380321666,3.571428571428571,,108.21428571428572,1.2647021626406982,1.5629884338855893,264.25,6.67315445572084,True,균등배분,0,10.0,3.7842951750236518
충청북도|옥천군,B01,재가노인복지시설 방문요양,충청북도,옥천군,43730,2026-06-10,12.0,0.0,15.0,0.0,0.0,0.0,0.0,460.0,True,2232,105,2337,2494.5,2652,50547,18901,8024,2510,6548,방문·복지용구형,False,0.4890829694323144,비적용,False,기관존재,5.134788189987162,,196.83354728284124,4.810583283223091,,184.40569252355183,4.524886877828055,,173.45399698340873,1.4955134596211366,1.832620647525962,207.875,6.67315445572084,True,균등배분,0,12.0,4.810583283223091
충청북도|음성군,B01,재가노인복지시설 방문요양,충청북도,음성군,43770,2026-06-10,13.0,10.0,14.0,0.0,0.0,0.0,0.0,368.0,True,2567,81,2648,2769.5,2891,95954,26403,10169,3192,9003,방문·복지용구형,False,0.4890829694323144,비적용,False,기관존재,4.909365558912387,,138.97280966767372,4.693988084491785,,132.87597039176745,4.496713939813214,,127.29159460394327,1.2783951224309176,1.4439631234033101,213.03846153846155,6.67315445572084,True,균등배분,0,13.0,4.693988084491785
충청북도|제천시,B01,재가노인복지시설 방문요양,충청북도,제천시,43150,2026-06-10,39.0,168.0,55.0,0.0,0.0,0.0,0.0,1125.0,True,4413,85,4498,4625.5,4753,128192,38381,15030,4366,13017,방문·복지용구형,False,0.4890829694323144,비적용,False,기관존재,8.670520231213873,,250.1111605157848,8.431520916657659,,243.21694951897092,8.205343993267409,,236.69261519040606,2.594810379241517,2.9960820465545055,118.6025641025641,6.67315445572084,False,균등배분,0,39.0,8.431520916657659
충청북도|증평군,B01,재가노인복지시설 방문요양,충청북도,증평군,43745,2026-06-10,7.0,0.0,11.0,0.0,0.0,0.0,0.0,254.0,True,916,117,1033,1208.5,1384,36741,8781,3437,1017,3173,방문·복지용구형,False,0.4890829694323144,비적용,False,기관존재,6.7763794772507255,,245.88576960309777,5.792304509722797,,210.17790649565578,5.057803468208093,,183.52601156069366,2.0366598778004072,2.206114087614245,172.64285714285714,6.67315445572084,True,균등배분,0,7.0,5.792304509722797
충청북도|진천군,B01,재가노인복지시설 방문요양,충청북도,진천군,43750,2026-06-10,13.0,0.0,8.0,0.0,0.0,0.0,0.0,166.0,True,1705,105,1810,1967.5,2125,85569,18464,7278,2457,5943,방문·복지용구형,False,0.4890829694323144,비적용,False,기관존재,7.18232044198895,,91.71270718232044,6.6073697585768745,,84.3710292249047,6.11764705882353,,78.11764705882352,1.7862050013740038,2.187447417129396,151.34615384615384,6.67315445572084,True,균등배분,0,13.0,6.6073697585768745
충청북도|청주시,B01,재가노인복지시설 방문요양,충청북도,청주시,43111|43112|43113|43114,2026-06-10,159.0,89.0,137.0,0.0,0.0,0.0,0.0,3931.0,True,20499,39,20538,20596.5,20655,859571,157589,58507,16628,47494,방문·복지용구형,False,0.4890829694323144,비적용,False,기관존재,7.741747005550687,,191.4013048982374,7.719758211346588,,190.85766999247446,7.697893972403777,,190.31711450012105,2.717623532226913,3.3477912999536783,129.53773584905662,6.67315445572084,False,균등배분,0,159.0,7.719758211346588
충청북도|충주시,B01,재가노인복지시설 방문요양,충청북도,충주시,43130,2026-06-10,50.0,16.0,52.0,0.0,0.0,0.0,0.0,1646.0,True,6294,72,6366,6474.0,6582,205978,54980,21862,6879,17685,방문·복지용구형,False,0.4890829694323144,비적용,False,기관존재,7.854225573358466,,258.56110587496073,7.723200494284831,,254.24776027185663,7.596475235490732,,250.07596475235488,2.287073460799561,2.827254735651682,129.48,6.67315445572084,False,균등배분,0,50.0,7.723200494284831
강원특별자치도|강릉시,B01,재가노인복지시설 방문요양,강원특별자치도,강릉시,51150,2026-06-10,75.0,12.0,112.0,0.0,0.0,0.0,0.0,2485.0,True,7060,72,7132,7240.0,7348,205666,58369,24461,7119,19502,방문·복지용구형,False,0.4890829694323144,비적용,False,기관존재,10.515984296130117,,348.42961301177786,10.359116022099448,,343.23204419889504,10.20685900925422,,338.1872618399565,3.06610522873145,3.8457594092913547,96.53333333333333,6.67315445572084,False,수요비례,0,75.0,10.359116022099448
강원특별자치도|고성군,B01,재가노인복지시설 방문요양,강원특별자치도,고성군,51820,2026-06-10,5.0,0.0,9.0,0.0,0.0,0.0,0.0,152.0,True,573,106,679,838.0,997,27204,9753,4272,1315,3771,방문·복지용구형,False,0.4890829694323144,비적용,False,기관존재,7.363770250368188,,223.85861561119293,5.966587112171838,,181.38424821002386,5.015045135406218,,152.45737211634906,1.1704119850187267,1.3259082471492973,167.6,6.67315445572084,True,수요비례,0,5.0,5.966587112171838
강원특별자치도|동해시,B01,재가노인복지시설 방문요양,강원특별자치도,동해시,51170,2026-06-10,30.0,200.0,53.0,1.0,0.0,0.0,0.0,1154.0,True,2467,97,2564,2709.5,2855,85589,23433,9519,2573,8150,방문·복지용구형,False,0.4890829694323144,비적용,False,기관존재,11.700468018720748,,450.0780031201248,11.072153533862336,,425.9088392692379,10.507880910683012,,404.2031523642732,3.1515915537346357,3.6809815950920246,90.31666666666666,6.67315445572084,False,수요비례,0,30.0,11.072153533862336
강원특별자치도|삼척시,B01,재가노인복지시설 방문요양,강원특별자치도,삼척시,51230,2026-06-10,27.0,0.0,47.0,0.0,0.0,0.0,0.0,876.0,True,1749,99,1848,1996.5,2145,60294,19952,8733,2675,7413,방문·복지용구형,False,0.4890829694323144,비적용,False,기관존재,14.61038961038961,,474.025974025974,13.5236664162284,,438.7678437265214,12.587412587412588,,408.3916083916084,3.091721058055651,3.6422501011736137,73.94444444444444,6.67315445572084,False,수요비례,0,27.0,13.5236664162284
강원특별자치도|속초시,B01,재가노인복지시설 방문요양,강원특별자치도,속초시,51210,2026-06-10,23.0,0.0,31.0,1.0,0.0,0.0,0.0,622.0,True,1619,101,1720,1871.5,2023,78893,21146,8109,2208,7604,방문·복지용구형,False,0.4890829694323144,비적용,False,기관존재,13.372093023255815,,361.62790697674416,12.289607266898209,,332.3537269569864,11.369253583786456,,307.4641621354424,2.8363546676532247,3.0247238295633876,81.3695652173913,6.67315445572084,False,수요비례,0,23.0,12.289607266898209
강원특별자치도|양구군,B01,재가노인복지시설 방문요양,강원특별자치도,양구군,51800,2026-06-10,2.0,100.0,4.0,0.0,0.0,0.0,0.0,65.0,True,295,104,399,555.0,711,20372,5891,2428,770,1993,방문·복지용구형,False,0.4890829694323144,비적용,False,기관존재,5.012531328320802,,162.90726817042605,3.6036036036036037,,117.11711711711712,2.8129395218002813,,91.42053445850914,0.8237232289950577,1.0035122930255895,277.5,6.67315445572084,True,수요비례,0,2.0,3.6036036036036037
강원특별자치도|양양군,B01,재가노인복지시설 방문요양,강원특별자치도,양양군,51830,2026-06-10,8.0,0.0,20.0,0.0,0.0,0.0,0.0,290.0,True,752,104,856,1012.0,1168,27326,10299,4516,1330,3708,방문·복지용구형,False,0.4890829694323144,비적용,False,기관존재,9.345794392523365,,338.78504672897196,7.905138339920948,,286.5612648221344,6.8493150684931505,,248.2876712328767,1.7714791851195748,2.157497303128371,126.5,6.67315445572084,False,수요비례,0,8.0,7.905138339920948
강원특별자치도|영월군,B01,재가노인복지시설 방문요양,강원특별자치도,영월군,51750,2026-06-10,11.0,0.0,24.0,0.0,0.0,0.0,0.0,428.0,True,1118,104,1222,1378.0,1534,35714,14054,5789,1736,5502,방문·복지용구형,False,0.4890829694323144,비적용,False,기관존재,9.00163666121113,,350.2454991816694,7.982583454281567,,310.5950653120465,7.170795306388526,,279.00912646675357,1.9001554672655037,1.9992729916394036,125.27272727272727,6.67315445572084,False,수요비례,0,11.0,7.982583454281567
강원특별자치도|원주시,B01,재가노인복지시설 방문요양,강원특별자치도,원주시,51130,2026-06-10,98.0,0.0,128.0,0.0,0.0,0.0,0.0,3055.0,True,9086,57,9143,9228.5,9314,364811,76544,28432,9014,23947,방문·복지용구형,False,0.4890829694323144,비적용,False,기관존재,10.718582522148091,,334.1354041343104,10.619277238987918,,331.03971392967435,10.521795147090401,,328.0008589220528,3.446820483961733,4.092370651856182,94.16836734693878,6.67315445572084,False,수요비례,0,98.0,10.619277238987918
강원특별자치도|인제군,B01,재가노인복지시설 방문요양,강원특별자치도,인제군,51810,2026-06-10,5.0,0.0,9.0,0.0,0.0,0.0,0.0,179.0,True,366,98,464,611.0,758,30771,8679,3266,1044,3008,방문·복지용구형,False,0.4890829694323144,비적용,False,기관존재,10.775862068965518,,385.7758620689655,8.183306055646481,,292.9623567921441,6.596306068601583,,236.14775725593668,1.5309246785058175,1.6622340425531914,122.2,6.67315445572084,False,수요비례,0,5.0,8.183306055646481
강원특별자치도|정선군,B01,재가노인복지시설 방문요양,강원특별자치도,정선군,51770,2026-06-10,6.0,160.0,10.0,0.0,0.0,0.0,0.0,228.0,True,828,94,922,1063.0,1204,35128,12956,5166,1434,4985,방문·복지용구형,False,0.4890829694323144,비적용,False,기관존재,6.507592190889371,,247.28850325379608,5.644402634054563,,214.4873000940734,4.983388704318936,,189.3687707641196,1.1614401858304297,1.2036108324974926,177.16666666666666,6.67315445572084,True,수요비례,0,6.0,5.644402634054563
강원특별자치도|철원군,B01,재가노인복지시설 방문요양,강원특별자치도,철원군,51780,2026-06-10,11.0,10.0,9.0,0.0,0.0,0.0,0.0,425.0,True,910,99,1009,1157.5,1306,39711,12246,5474,1544,4022,방문·복지용구형,False,0.4890829694323144,비적용,False,기관존재,10.901883052527255,,421.20911793855305,9.503239740820735,,367.170626349892,8.422664624808576,,325.42113323124045,2.009499451954695,2.7349577324714076,105.22727272727273,6.67315445572084,False,수요비례,0,11.0,9.503239740820735
강원특별자치도|춘천시,B01,재가노인복지시설 방문요양,강원특별자치도,춘천시,51110,2026-06-10,109.0,100.0,133.0,1.0,0.0,0.0,0.0,3710.0,True,8583,47,8630,8700.5,8771,285027,66488,27039,8591,19960,방문·복지용구형,False,0.4890829694323144,비적용,False,기관존재,12.630359212050985,,429.8957126303592,12.528015631285559,,426.4122751566002,12.427317295633337,,422.9848363926576,4.03121417212175,5.460921843687375,79.8211009174312,6.67315445572084,False,수요비례,0,109.0,12.528015631285559
강원특별자치도|태백시,B01,재가노인복지시설 방문요양,강원특별자치도,태백시,51190,2026-06-10,8.0,70.0,18.0,1.0,0.0,0.0,0.0,242.0,True,751,109,860,1023.5,1187,36811,12421,5202,1310,4911,방문·복지용구형,False,0.4890829694323144,비적용,False,기관존재,9.30232558139535,,281.39534883720927,7.816316560820713,,236.44357596482658,6.739679865206402,,203.87531592249368,1.5378700499807767,1.6289961311341885,127.9375,6.67315445572084,False,수요비례,0,8.0,7.816316560820713
강원특별자치도|평창군,B01,재가노인복지시설 방문요양,강원특별자치도,평창군,51760,2026-06-10,11.0,80.0,20.0,0.0,0.0,0.0,0.0,438.0,True,935,99,1034,1182.5,1331,39897,15356,6017,1801,5414,방문·복지용구형,False,0.4890829694323144,비적용,False,기관존재,10.638297872340425,,423.5976789168279,9.30232558139535,,370.4016913319239,8.264462809917356,,329.0758827948911,1.8281535648994516,2.031769486516439,107.5,6.67315445572084,False,수요비례,0,11.0,9.30232558139535
강원특별자치도|홍천군,B01,재가노인복지시설 방문요양,강원특별자치도,홍천군,51720,2026-06-10,17.0,50.0,24.0,0.0,0.0,0.0,0.0,489.0,True,1921,97,2018,2163.5,2309,65849,24363,9432,3072,8014,방문·복지용구형,False,0.4890829694323144,비적용,False,기관존재,8.424182358771061,,242.3191278493558,7.85763808643402,,226.02264848624915,7.36249458640104,,211.77999133824164,1.8023748939779474,2.1212877464437234,127.26470588235294,6.67315445572084,False,수요비례,0,17.0,7.85763808643402
강원특별자치도|화천군,B01,재가노인복지시설 방문요양,강원특별자치도,화천군,51790,2026-06-10,4.0,42.0,8.0,0.0,0.0,0.0,0.0,145.0,True,382,77,459,574.5,690,22579,6942,2935,954,2460,방문·복지용구형,False,0.4890829694323144,비적용,False,기관존재,8.71459694989107,,315.9041394335512,6.962576153176675,,252.3933855526545,5.797101449275362,,210.14492753623188,1.362862010221465,1.6260162601626016,143.625,6.67315445572084,False,수요비례,0,4.0,6.962576153176675
강원특별자치도|횡성군,B01,재가노인복지시설 방문요양,강원특별자치도,횡성군,51730,2026-06-10,18.0,0.0,26.0,0.0,0.0,0.0,0.0,435.0,True,1424,102,1526,1679.0,1832,45575,18436,7219,2265,5901,방문·복지용구형,False,0.4890829694323144,비적용,False,기관존재,11.795543905635649,,285.05897771952823,10.72066706372841,,259.0827873734366,9.825327510917031,,237.44541484716157,2.4934201412938077,3.050330452465684,93.27777777777777,6.67315445572084,False,수요비례,0,18.0,10.72066706372841
경기도|가평군,B01,재가노인복지시설 방문요양,경기도,가평군,41820,2026-06-10,22.0,0.0,26.0,0.0,0.0,0.0,0.0,630.0,True,2270,91,2361,2497.5,2634,62041,21597,8526,2458,7681,방문·복지용구형,False,0.4890829694323144,비적용,False,기관존재,9.318085556967388,,266.83608640406607,8.80880880880881,,252.25225225225222,8.352315869400151,,239.17995444191345,2.5803424818203142,2.8642103892722304,113.52272727272727,6.67315445572084,False,수요비례,0,22.0,8.80880880880881
경기도|고양시,B01,재가노인복지시설 방문요양,경기도,고양시,41281|41285|41287,2026-06-10,211.0,66.0,180.0,0.0,0.0,0.0,0.0,6541.0,True,25265,26,25291,25330.0,25369,1057438,204878,81672,25410,51307,방문·복지용구형,False,0.4890829694323144,비적용,False,기관존재,8.342888774662924,,258.6295520145506,8.33004342676668,,258.23134622976704,8.317237573416374,,257.8343647759076,2.5835047507101576,4.11249926910558,120.04739336492891,6.67315445572084,False,수요비례,0,211.0,8.33004342676668
경기도|과천시,B01,재가노인복지시설 방문요양,경기도,과천시,41290,2026-06-10,9.0,0.0,12.0,0.0,0.0,0.0,0.0,343.0,True,760,95,855,997.5,1140,80832,13205,5013,1521,2189,방문·복지용구형,False,0.4890829694323144,비적용,False,기관존재,10.526315789473683,,401.16959064327483,9.022556390977444,,343.859649122807,7.894736842105264,,300.8771929824561,1.7953321364452424,4.111466423024212,110.83333333333333,6.67315445572084,False,수요비례,0,9.0,9.022556390977444
경기도|광명시,B01,재가노인복지시설 방문요양,경기도,광명시,41210,2026-06-10,43.0,0.0,37.0,0.0,0.0,0.0,0.0,1007.0,True,4747,81,4828,4949.5,5071,303666,57121,20401,5129,13017,방문·복지용구형,False,0.4890829694323144,비적용,False,기관존재,8.906379453189727,,208.57497928748964,8.687746236993636,,203.4548944337812,8.47958982449221,,198.58016170380597,2.1077398166756534,3.303372512867788,115.1046511627907,6.67315445572084,False,수요비례,0,43.0,8.687746236993636
경기도|광주시,B01,재가노인복지시설 방문요양,경기도,광주시,41610,2026-06-10,59.0,0.0,62.0,0.0,0.0,0.0,0.0,1800.0,True,8595,62,8657,8750.0,8843,399111,78180,27202,6649,18574,방문·복지용구형,False,0.4890829694323144,비적용,False,기관존재,6.815293981748874,,207.92422317199956,6.742857142857143,,205.71428571428572,6.671943910437634,,203.55083116589392,2.1689581648408205,3.176483256164531,148.3050847457627,6.67315445572084,False,수요비례,0,59.0,6.742857142857143
경기도|구리시,B01,재가노인복지시설 방문요양,경기도,구리시,41310,2026-06-10,34.0,0.0,43.0,0.0,0.0,0.0,0.0,1048.0,True,3416,93,3509,3648.5,3788,187782,37208,13378,3317,9574,방문·복지용구형,False,0.4890829694323144,비적용,False,기관존재,9.68937019093759,,298.66058706184094,9.31889817733315,,287.24133205426887,8.975712777191129,,276.663146779303,2.54148602182688,3.551284729475663,107.30882352941177,6.67315445572084,False,수요비례,0,34.0,9.31889817733315
경기도|군포시,B01,재가노인복지시설 방문요양,경기도,군포시,41410,2026-06-10,41.0,10014.0,44.0,1.0,0.0,0.0,0.0,1072.0,True,5054,76,5130,5244.0,5358,249462,51815,19157,5680,13614,방문·복지용구형,False,0.4890829694323144,비적용,False,기관존재,7.992202729044833,,208.96686159844054,7.818459191456904,,204.4241037376049,7.65210899589399,,200.07465472191117,2.1402098449652867,3.011605700014691,127.90243902439025,6.67315445572084,False,수요비례,0,41.0,7.818459191456904
경기도|김포시,B01,재가노인복지시설 방문요양,경기도,김포시,41570,2026-06-10,58.0,2014.0,59.0,0.0,0.0,0.0,0.0,1787.0,True,9358,45,9403,9470.5,9538,484042,84689,32663,8228,21093,방문·복지용구형,False,0.4890829694323144,비적용,False,기관존재,6.168244177390195,,190.04573008614273,6.124280660999947,,188.69119898632596,6.080939400293563,,187.35583979869995,1.7757095184153322,2.749727397714882,163.2844827586207,6.67315445572084,True,수요비례,0,58.0,6.124280660999947
경기도|남양주시,B01,재가노인복지시설 방문요양,경기도,남양주시,41360,2026-06-10,173.0,0.0,143.0,0.0,0.0,0.0,0.0,4640.0,True,19300,36,19336,19390.0,19444,727440,142550,55935,14449,36643,방문·복지용구형,False,0.4890829694323144,비적용,False,기관존재,8.947041787339677,,239.9669011170873,8.92212480660134,,239.29860752965445,8.897346225056573,,238.63402592059245,3.0928756592473405,4.7212291570013365,112.08092485549133,6.67315445572084,False,수요비례,0,173.0,8.92212480660134
경기도|동두천시,B01,재가노인복지시설 방문요양,경기도,동두천시,41250,2026-06-10,38.0,0.0,19.0,0.0,0.0,0.0,0.0,707.0,True,3254,93,3347,3486.5,3626,86265,24403,10864,3155,8895,방문·복지용구형,False,0.4890829694323144,비적용,False,기관존재,11.353450851508814,,211.23394084254556,10.899182561307901,,202.7821597590707,10.479867622724766,,194.98069498069498,3.4977908689248896,4.2720629567172566,91.75,6.67315445572084,False,수요비례,0,38.0,10.899182561307901
경기도|부천시,B01,재가노인복지시설 방문요양,경기도,부천시,41192|41194|41196,2026-06-10,197.0,2099.0,199.0,1.0,0.0,0.0,0.0,5152.0,True,17378,34,17412,17463.0,17514,755453,161363,54847,14003,42429,방문·복지용구형,False,0.4890829694323144,비적용,False,기관존재,11.3140362968068,,295.8878934068458,11.280994101815267,,295.0237645307221,11.248144341669523,,294.16466826538766,3.591809944026109,4.643050743595183,88.64467005076142,6.67315445572084,False,수요비례,0,197.0,11.280994101815267
경기도|성남시,B01,재가노인복지시설 방문요양,경기도,성남시,41131|41133|41135,2026-06-10,137.0,0.0,189.0,0.0,0.0,0.0,0.0,4841.0,True,16976,42,17018,17081.0,17144,902344,175877,67836,17917,44640,방문·복지용구형,False,0.4890829694323144,비적용,False,기관존재,8.050299682688918,,284.4635092255259,8.020607692758036,,283.4143200046836,7.991133924405039,,282.37284181054594,2.019576625980305,3.0689964157706093,124.67883211678833,6.67315445572084,False,수요비례,0,137.0,8.020607692758036
경기도|수원시,B01,재가노인복지시설 방문요양,경기도,수원시,41111|41113|41115|41117,2026-06-10,195.0,15.0,170.0,0.0,0.0,0.0,0.0,4761.0,True,21473,37,21510,21565.5,21621,1185770,188782,68732,18284,49895,방문·복지용구형,False,0.4890829694323144,비적용,False,기관존재,9.06555090655509,,221.3389121338912,9.042220212839952,,220.7692842734924,9.019009296517275,,220.2025808241987,2.8371064424140138,3.9082072351939074,110.5923076923077,6.67315445572084,False,수요비례,0,195.0,9.042220212839952
경기도|시흥시,B01,재가노인복지시설 방문요양,경기도,시흥시,41390,2026-06-10,100.0,0.0,96.0,0.0,0.0,0.0,0.0,2428.0,True,8871,53,8924,9003.5,9083,514831,74706,25108,6985,21444,방문·복지용구형,False,0.4890829694323144,비적용,False,기관존재,11.205737337516808,,272.07530255490815,11.10679180318765,,269.67290498139613,11.00957833314984,,267.31256192887815,3.9827943285008764,4.663309084126096,90.035,6.67315445572084,False,수요비례,0,100.0,11.10679180318765
경기도|안산시,B01,재가노인복지시설 방문요양,경기도,안산시,41271|41273,2026-06-10,103.0,0.0,86.0,0.0,0.0,0.0,0.0,2472.0,True,12742,38,12780,12837.0,12894,609240,107655,36645,10484,31622,방문·복지용구형,False,0.4890829694323144,비적용,False,기관존재,8.059467918622849,,193.42723004694838,8.023681545532446,,192.56835709277868,7.988211571273461,,191.71707771056307,2.8107518078864784,3.257225981911328,124.63106796116504,6.67315445572084,False,수요비례,0,103.0,8.023681545532446
경기도|안성시,B01,재가노인복지시설 방문요양,경기도,안성시,41550,2026-06-10,64.0,0.0,73.0,0.0,0.0,0.0,0.0,1871.0,True,5935,68,6003,6105.0,6207,198785,45277,17890,5403,13707,방문·복지용구형,False,0.4890829694323144,비적용,False,기관존재,10.661335998667333,,311.6774945860403,10.483210483210483,,306.4701064701065,10.31093926212341,,301.43386499113905,3.577417551704863,4.669147151090684,95.390625,6.67315445572084,False,수요비례,0,64.0,10.483210483210483
경기도|안양시,B01,재가노인복지시설 방문요양,경기도,안양시,41171|41173,2026-06-10,105.0,47.0,110.0,0.0,0.0,0.0,0.0,3178.0,True,9680,49,9729,9802.5,9876,562305,108783,38564,10316,24350,방문·복지용구형,False,0.4890829694323144,비적용,False,기관존재,10.792476102374344,,326.65227669853016,10.711553175210405,,324.20300943636823,10.6318347509113,,321.79019846091535,2.722746603049476,4.31211498973306,93.35714285714286,6.67315445572084,False,수요비례,0,105.0,10.711553175210405
경기도|양주시,B01,재가노인복지시설 방문요양,경기도,양주시,41630,2026-06-10,75.0,15.0,47.0,0.0,0.0,0.0,0.0,1182.0,True,9094,56,9150,9234.0,9318,297226,56892,22416,6052,16680,방문·복지용구형,False,0.4890829694323144,비적용,False,기관존재,8.196721311475411,,129.18032786885246,8.122157244964262,,128.00519818063677,8.048937540244689,,126.85125563425628,3.345824411134904,4.496402877697841,123.12,6.67315445572084,False,수요비례,0,75.0,8.122157244964262
경기도|양평군,B01,재가노인복지시설 방문요양,경기도,양평군,41830,2026-06-10,45.0,120.0,42.0,0.0,0.0,0.0,0.0,1391.0,True,4623,75,4698,4810.5,4923,126822,43216,16980,4765,13464,방문·복지용구형,False,0.4890829694323144,비적용,False,기관존재,9.578544061302681,,296.0834397616007,9.354536950420954,,289.1591310674566,9.140767824497258,,282.5512898639041,2.65017667844523,3.342245989304813,106.9,6.67315445572084,False,수요비례,0,45.0,9.354536950420954
경기도|여주시,B01,재가노인복지시설 방문요양,경기도,여주시,41670,2026-06-10,36.0,0.0,30.0,0.0,0.0,0.0,0.0,825.0,True,3827,85,3912,4039.5,4167,113506,33425,13013,3794,10180,방문·복지용구형,False,0.4890829694323144,비적용,False,기관존재,9.202453987730062,,210.88957055214723,8.911994058670627,,204.23319717786856,8.639308855291578,,197.98416126709864,2.7664643049258433,3.536345776031434,112.20833333333333,6.67315445572084,False,수요비례,0,36.0,8.911994058670627
경기도|연천군,B01,재가노인복지시설 방문요양,경기도,연천군,41800,2026-06-10,13.0,610.0,9.0,0.0,0.0,0.0,0.0,269.0,True,1452,97,1549,1694.5,1840,42977,14788,6386,1960,5073,방문·복지용구형,False,0.4890829694323144,비적용,False,기관존재,8.392511297611362,,173.6604260813428,7.671879610504574,,158.74889347890235,7.065217391304348,,146.19565217391303,2.0357031005324147,2.562586240883107,130.34615384615384,6.67315445572084,False,수요비례,0,13.0,7.671879610504574
경기도|오산시,B01,재가노인복지시설 방문요양,경기도,오산시,41370,2026-06-10,31.0,0.0,38.0,0.0,0.0,0.0,0.0,1029.0,True,4017,77,4094,4209.5,4325,253590,34066,12293,3098,9517,방문·복지용구형,False,0.4890829694323144,비적용,False,기관존재,7.572056668295065,,251.34342940889104,7.364295046917687,,244.4470839767193,7.167630057803468,,237.91907514450867,2.521760351419507,3.257328990228013,135.79032258064515,6.67315445572084,False,수요비례,0,31.0,7.364295046917687
경기도|용인시,B01,재가노인복지시설 방문요양,경기도,용인시,41461|41463|41465,2026-06-10,170.0,0.0,200.0,0.0,0.0,0.0,0.0,5554.0,True,22448,50,22498,22573.0,22648,1090211,191254,82252,21919,38961,방문·복지용구형,False,0.4890829694323144,비적용,False,기관존재,7.556227220197351,,246.86638812338873,7.5311212510521415,,246.0461613431976,7.506181561285765,,245.23136700812435,2.0668190439138256,4.36333769667103,132.78235294117647,6.67315445572084,False,수요비례,0,170.0,7.5311212510521415
경기도|의왕시,B01,재가노인복지시설 방문요양,경기도,의왕시,41430,2026-06-10,26.0,0.0,17.0,0.0,0.0,0.0,0.0,457.0,True,2726,102,2828,2981.0,3134,164221,32901,11412,3180,6390,방문·복지용구형,False,0.4890829694323144,비적용,False,기관존재,9.193776520509195,,161.5983026874116,8.72190540087219,,153.30426031533042,8.296107211231652,,145.8200382897256,2.278303540133193,4.068857589984351,114.65384615384616,6.67315445572084,False,수요비례,0,26.0,8.72190540087219
경기도|의정부시,B01,재가노인복지시설 방문요양,경기도,의정부시,41150,2026-06-10,129.0,0.0,137.0,1.0,0.0,0.0,0.0,3734.0,True,12584,45,12629,12696.5,12764,461917,96398,38158,10181,28208,방문·복지용구형,False,0.4890829694323144,비적용,False,기관존재,10.214585477868397,,295.6686990260511,10.160280392234082,,294.0967983302485,10.106549670949546,,292.5415230335318,3.380680329157713,4.573170731707317,98.42248062015504,6.67315445572084,False,수요비례,0,129.0,10.160280392234082
경기도|이천시,B01,재가노인복지시설 방문요양,경기도,이천시,41500,2026-06-10,28.0,0.0,24.0,0.0,0.0,0.0,0.0,639.0,True,4608,68,4676,4778.0,4880,224740,43697,16253,4591,12181,방문·복지용구형,False,0.4890829694323144,비적용,False,기관존재,5.9880239520958085,,136.65526090675792,5.8601925491837585,,133.73796567601505,5.737704918032787,,130.94262295081967,1.7227588752845628,2.2986618504227896,170.64285714285714,6.67315445572084,True,수요비례,0,28.0,5.8601925491837585
경기도|파주시,B01,재가노인복지시설 방문요양,경기도,파주시,41480,2026-06-10,105.0,0.0,102.0,0.0,0.0,0.0,0.0,2598.0,True,12190,36,12226,12280.0,12334,533387,94456,38870,11379,26366,방문·복지용구형,False,0.4890829694323144,비적용,False,기관존재,8.588254539505972,,212.49795517749058,8.550488599348535,,211.56351791530943,8.51305334846765,,210.63726285065673,2.7013120658605607,3.9824015777895774,116.95238095238095,6.67315445572084,False,수요비례,0,105.0,8.550488599348535
경기도|평택시,B01,재가노인복지시설 방문요양,경기도,평택시,41220,2026-06-10,104.0,92.0,112.0,0.0,1.0,0.0,0.0,2925.0,True,11646,49,11695,11768.5,11842,619670,93532,35511,9930,28221,방문·복지용구형,False,0.4890829694323144,비적용,False,기관존재,8.892689183411715,,250.1068832834545,8.837150019118834,,248.5448442877172,8.782300287113662,,247.00219557507177,2.9286699895806936,3.6851989653095214,113.15865384615384,6.67315445572084,False,수요비례,0,104.0,8.837150019118834
경기도|포천시,B01,재가노인복지시설 방문요양,경기도,포천시,41650,2026-06-10,50.0,6.0,35.0,0.0,0.0,0.0,0.0,1003.0,True,5666,80,5746,5866.0,5986,140468,41261,15819,4887,14562,방문·복지용구형,False,0.4890829694323144,비적용,False,기관존재,8.70170553428472,,174.55621301775147,8.523695874531198,,170.9853392430958,8.35282325425994,,167.55763448045437,3.1607560528478413,3.4335942864991074,117.32,6.67315445572084,False,수요비례,0,50.0,8.523695874531198
경기도|하남시,B01,재가노인복지시설 방문요양,경기도,하남시,41450,2026-06-10,56.0,0.0,69.0,0.0,0.0,0.0,0.0,1524.0,True,5245,75,5320,5432.5,5545,327495,56386,19754,4441,12738,방문·복지용구형,False,0.4890829694323144,비적용,False,기관존재,10.526315789473683,,286.4661654135338,10.308329498389325,,280.53382420616657,10.099188458070333,,274.8422001803427,2.834868887313962,4.396294551734966,97.00892857142857,6.67315445572084,False,수요비례,0,56.0,10.308329498389325
경기도|화성시,B01,재가노인복지시설 방문요양,경기도,화성시,41591|41593|41595|41597,2026-06-10,136.0,10000.0,146.0,2.0,1.0,0.0,0.0,3928.0,True,11601,47,11648,11718.5,11789,998746,121090,42228,11494,31319,방문·복지용구형,False,0.4890829694323144,비적용,False,기관존재,11.675824175824175,,337.22527472527474,11.605580919059607,,335.19648419166276,11.536177792857748,,333.19195860547967,3.2206119162640903,4.342411954404675,86.1654411764706,6.67315445572084,False,수요비례,0,136.0,11.605580919059607
경상남도|거제시,B01,재가노인복지시설 방문요양,경상남도,거제시,48310,2026-06-10,42.0,164.0,55.0,0.0,0.0,0.0,0.0,1425.0,True,4094,84,4178,4304.0,4430,229029,40573,13259,3380,12066,방문·복지용구형,False,0.4890829694323144,비적용,False,기관존재,10.052656773575874,,341.07228338918145,9.758364312267657,,331.08736059479554,9.48081264108352,,321.6704288939052,3.167659702843352,3.4808552958727,102.47619047619048,6.67315445572084,False,수요비례,0,42.0,9.758364312267657
경상남도|거창군,B01,재가노인복지시설 방문요양,경상남도,거창군,48880,2026-06-10,22.0,100.0,31.0,0.0,0.0,0.0,0.0,494.0,True,2821,95,2916,3058.5,3201,58846,20343,9532,3395,7663,방문·복지용구형,False,0.4890829694323144,비적용,False,기관존재,7.544581618655693,,169.41015089163236,7.1930684976295565,,161.51708353768188,6.8728522336769755,,154.3267728834739,2.3080151070079733,2.870938274827091,139.02272727272728,6.67315445572084,False,수요비례,0,22.0,7.1930684976295565
경상남도|고성군,B01,재가노인복지시설 방문요양,경상남도,고성군,48820,2026-06-10,20.0,12.0,37.0,0.0,0.0,0.0,0.0,785.0,True,2584,89,2673,2806.5,2940,46808,18942,8671,2788,7481,방문·복지용구형,False,0.4890829694323144,비적용,False,기관존재,7.482229704451926,,293.6775158997381,7.126313914127917,,279.70782112952077,6.802721088435374,,267.00680272108843,2.306539038173221,2.673439379762064,140.325,6.67315445572084,False,수요비례,0,20.0,7.126313914127917
경상남도|김해시,B01,재가노인복지시설 방문요양,경상남도,김해시,48250,2026-06-10,149.0,20.0,100.0,0.0,0.0,0.0,0.0,3686.0,True,11055,45,11100,11167.5,11235,532777,90747,31523,7868,27323,방문·복지용구형,False,0.4890829694323144,비적용,False,기관존재,13.423423423423424,,332.07207207207205,13.34228788896351,,330.06492052831874,13.26212728081887,,328.08188696039167,4.726707483424801,5.453281118471617,74.9496644295302,6.67315445572084,False,수요비례,0,149.0,13.34228788896351
경상남도|남해군,B01,재가노인복지시설 방문요양,경상남도,남해군,48840,2026-06-10,15.0,80.0,17.0,0.0,0.0,0.0,0.0,329.0,True,2787,100,2887,3037.0,3187,41143,18171,9229,3330,6564,방문·복지용구형,False,0.4890829694323144,비적용,False,기관존재,5.195704883962591,,113.95912712157948,4.9390846229832075,,108.33058939743168,4.706620646375902,,103.23187951051145,1.6253115180409579,2.2851919561243146,202.46666666666667,6.67315445572084,True,수요비례,0,15.0,4.9390846229832075
경상남도|밀양시,B01,재가노인복지시설 방문요양,경상남도,밀양시,48270,2026-06-10,31.0,0.0,37.0,0.0,0.0,0.0,0.0,1059.0,True,4877,87,4964,5094.5,5225,98591,37055,15496,4419,14003,방문·복지용구형,False,0.4890829694323144,비적용,False,기관존재,6.244963738920226,,213.33601933924254,6.084993620571204,,207.87123368338402,5.9330143540669855,,202.67942583732057,2.000516262261229,2.2138113261443975,164.33870967741936,6.67315445572084,True,수요비례,0,31.0,6.084993620571204
경상남도|사천시,B01,재가노인복지시설 방문요양,경상남도,사천시,48240,2026-06-10,37.0,100.0,28.0,0.0,0.0,0.0,0.0,813.0,True,4517,91,4608,4744.5,4881,107882,30096,13271,3846,11282,방문·복지용구형,False,0.4890829694323144,비적용,False,기관존재,8.029513888888888,,176.43229166666666,7.798503530403625,,171.35630730319318,7.58041384962098,,166.56422864167178,2.7880340592268857,3.279560361638007,128.22972972972974,6.67315445572084,False,수요비례,0,37.0,7.798503530403625
경상남도|산청군,B01,재가노인복지시설 방문요양,경상남도,산청군,48860,2026-06-10,14.0,80.0,26.0,0.0,0.0,0.0,0.0,419.0,True,2354,98,2452,2599.0,2746,32638,15044,7047,2513,6314,방문·복지용구형,False,0.4890829694323144,비적용,False,기관존재,5.709624796084829,,170.88091353996737,5.386687187379761,,161.2158522508657,5.098324836125273,,152.58557902403496,1.986660990492408,2.2172949002217295,185.64285714285714,6.67315445572084,True,수요비례,0,14.0,5.386687187379761
경상남도|양산시,B01,재가노인복지시설 방문요양,경상남도,양산시,48330,2026-06-10,83.0,4046.0,89.0,0.0,0.0,0.0,0.0,2265.0,True,8110,71,8181,8287.5,8394,361389,71786,26027,6409,22020,방문·복지용구형,False,0.4890829694323144,비적용,False,기관존재,10.145458990343478,,276.86101943527683,10.015082956259427,,273.3031674208145,9.888015248987372,,269.8355968548963,3.1889960425711763,3.7693006357856493,99.84939759036145,6.67315445572084,False,수요비례,0,83.0,10.015082956259427
경상남도|의령군,B01,재가노인복지시설 방문요양,경상남도,의령군,48720,2026-06-10,13.0,15.0,13.0,0.0,0.0,0.0,0.0,322.0,True,1391,107,1498,1658.5,1819,24531,11216,5372,1959,5012,방문·복지용구형,False,0.4890829694323144,비적용,False,기관존재,8.678237650200266,,214.9532710280374,7.8384082001808855,,194.1513415737112,7.146783947223749,,177.02034084661904,2.4199553239017124,2.593774940143655,127.57692307692308,6.67315445572084,False,수요비례,0,13.0,7.8384082001808855
경상남도|진주시,B01,재가노인복지시설 방문요양,경상남도,진주시,48170,2026-06-10,110.0,70.0,86.0,0.0,0.0,0.0,0.0,2731.0,True,10326,49,10375,10448.5,10522,334651,76620,30985,8419,25086,방문·복지용구형,False,0.4890829694323144,비적용,False,기관존재,10.602409638554217,,263.2289156626506,10.52782696080777,,261.3772311815093,10.454286257365519,,259.55141608059307,3.5501048894626432,4.384915889340668,94.98636363636363,6.67315445572084,False,수요비례,0,110.0,10.52782696080777
경상남도|창녕군,B01,재가노인복지시설 방문요양,경상남도,창녕군,48740,2026-06-10,25.0,62.0,18.0,0.0,0.0,0.0,0.0,669.0,True,3294,84,3378,3504.0,3630,54445,22415,9993,3145,9213,방문·복지용구형,False,0.4890829694323144,비적용,False,기관존재,7.400828892835998,,198.0461811722913,7.134703196347032,,190.9246575342466,6.887052341597796,,184.29752066115705,2.5017512258581007,2.7135569304244007,140.16,6.67315445572084,False,수요비례,0,25.0,7.134703196347032
경상남도|창원시,B01,재가노인복지시설 방문요양,경상남도,창원시,48121|48123|48125|48127|48129,2026-06-10,247.0,290.0,219.0,0.0,0.0,1.0,0.0,7047.0,True,23132,45,23177,23244.5,23312,986273,213013,74177,17864,62438,방문·복지용구형,False,0.4890829694323144,비적용,False,기관존재,10.657116969409328,,304.0514302972775,10.626169631525737,,303.1684914711007,10.595401509951957,,302.2906657515443,3.329873141270205,3.9559242768826675,94.10728744939271,6.67315445572084,False,수요비례,0,247.0,10.626169631525737
경상남도|통영시,B01,재가노인복지시설 방문요양,경상남도,통영시,48220,2026-06-10,27.0,0.0,32.0,0.0,0.0,0.0,0.0,859.0,True,3417,97,3514,3659.5,3805,115890,32906,12781,3146,11593,방문·복지용구형,False,0.4890829694323144,비적용,False,기관존재,7.6835515082527035,,244.45076835515084,7.378057111627271,,234.73152069954912,7.09592641261498,,225.75558475689883,2.1125107581566387,2.3289916328819116,135.53703703703704,6.67315445572084,False,수요비례,0,27.0,7.378057111627271
경상남도|하동군,B01,재가노인복지시설 방문요양,경상남도,하동군,48850,2026-06-10,16.0,0.0,16.0,0.0,0.0,0.0,0.0,298.0,True,2936,93,3029,3168.5,3308,39596,17739,8446,2926,7003,방문·복지용구형,False,0.4890829694323144,비적용,False,기관존재,5.282271376691978,,98.38230439088808,5.049708063752564,,94.05081268739151,4.836759371221281,,90.08464328899638,1.894387875917594,2.2847351135227756,198.03125,6.67315445572084,True,수요비례,0,16.0,5.049708063752564
경상남도|함안군,B01,재가노인복지시설 방문요양,경상남도,함안군,48730,2026-06-10,28.0,10.0,16.0,0.0,0.0,0.0,0.0,555.0,True,2870,99,2969,3117.5,3266,56867,19771,8367,2675,7483,방문·복지용구형,False,0.4890829694323144,비적용,False,기관존재,9.43078477601886,,186.93162681037387,8.981555733761027,,178.02726543704892,8.57317819963258,,169.93263931414575,3.3464802199115575,3.7418147801683816,111.33928571428571,6.67315445572084,False,수요비례,0,28.0,8.981555733761027
경상남도|함양군,B01,재가노인복지시설 방문요양,경상남도,함양군,48870,2026-06-10,14.0,80.0,10.0,0.0,0.0,0.0,0.0,268.0,True,2029,98,2127,2274.0,2421,35141,14871,7232,2579,6012,방문·복지용구형,False,0.4890829694323144,비적용,False,기관존재,6.582040432534086,,125.99905970850963,6.156552330694811,,117.85400175901495,5.782734407269723,,110.698058653449,1.9358407079646018,2.328675981370592,162.42857142857142,6.67315445572084,True,수요비례,0,14.0,6.156552330694811
경상남도|합천군,B01,재가노인복지시설 방문요양,경상남도,합천군,48890,2026-06-10,14.0,44.0,19.0,0.0,0.0,0.0,0.0,318.0,True,2158,96,2254,2398.0,2542,38854,18921,9335,3313,8049,방문·복지용구형,False,0.4890829694323144,비적용,False,기관존재,6.211180124223602,,141.08251996450755,5.838198498748957,,132.61050875729774,5.507474429583006,,125.09834775767112,1.4997321906802357,1.7393465026711392,171.28571428571428,6.67315445572084,True,수요비례,0,14.0,5.838198498748957
경상북도|경산시,B01,재가노인복지시설 방문요양,경상북도,경산시,47290,2026-06-10,101.0,0.0,72.0,0.0,0.0,0.0,0.0,2588.0,True,8262,71,8333,8439.5,8546,263406,59813,24184,6478,18602,방문·복지용구형,False,0.4890829694323144,비적용,False,기관존재,12.120484819392775,,310.5724228969159,11.967533621660051,,306.65323775105156,11.818394570559327,,302.831734144629,4.176314918954681,5.429523707128266,83.55940594059406,6.67315445572084,False,수요비례,0,101.0,11.967533621660051
경상북도|경주시,B01,재가노인복지시설 방문요양,경상북도,경주시,47130,2026-06-10,41.0,16.0,33.0,0.0,0.0,0.0,0.0,929.0,True,8983,82,9065,9188.0,9311,243051,72258,30357,8721,25247,방문·복지용구형,False,0.4890829694323144,비적용,False,기관존재,4.522890237175951,,102.48207391064534,4.462342185459295,,101.11014366565085,4.403393835248631,,99.77446031575556,1.3505945910333694,1.6239553214243276,224.09756097560975,6.67315445572084,True,수요비례,0,41.0,4.462342185459295
경상북도|고령군,B01,재가노인복지시설 방문요양,경상북도,고령군,47830,2026-06-10,10.0,0.0,6.0,0.0,0.0,0.0,0.0,179.0,True,1064,108,1172,1334.0,1496,29545,12167,5359,1745,5151,방문·복지용구형,False,0.4890829694323144,비적용,False,기관존재,8.532423208191126,,152.73037542662115,7.496251874062969,,134.18290854572714,6.684491978609626,,119.6524064171123,1.866019779809666,1.941370607649,133.4,6.67315445572084,False,수요비례,0,10.0,7.496251874062969
경상북도|구미시,B01,재가노인복지시설 방문요양,경상북도,구미시,47190,2026-06-10,69.0,0.0,48.0,0.0,0.0,0.0,0.0,1339.0,True,7358,67,7425,7525.5,7626,402726,60057,19862,5689,18095,방문·복지용구형,False,0.4890829694323144,비적용,False,기관존재,9.292929292929294,,180.33670033670032,9.168825991628463,,177.92837685203642,9.04799370574351,,175.58353002884868,3.473970395730541,3.8132080685272176,109.06521739130434,6.67315445572084,False,수요비례,0,69.0,9.168825991628463
경상북도|김천시,B01,재가노인복지시설 방문요양,경상북도,김천시,47150,2026-06-10,32.0,17.0,35.0,0.0,0.0,0.0,0.0,918.0,True,5136,86,5222,5351.0,5480,132740,39731,17160,5598,13629,방문·복지용구형,False,0.4890829694323144,비적용,False,기관존재,6.127920337035619,,175.7947146687093,5.980190618575967,,171.55671837039807,5.839416058394161,,167.5182481751825,1.8648018648018647,2.3479345513243817,167.21875,6.67315445572084,True,수요비례,0,32.0,5.980190618575967
경상북도|문경시,B01,재가노인복지시설 방문요양,경상북도,문경시,47280,2026-06-10,34.0,720.0,30.0,0.0,0.0,0.0,0.0,1043.0,True,3572,94,3666,3807.0,3948,64774,25279,11615,3747,9526,방문·복지용구형,False,0.4890829694323144,비적용,False,기관존재,9.274413529732678,,284.506273867976,8.930916732335172,,273.96900446545834,8.611955420466058,,264.1843971631206,2.9272492466637967,3.569179088809574,111.97058823529412,6.67315445572084,False,수요비례,0,34.0,8.930916732335172
경상북도|봉화군,B01,재가노인복지시설 방문요양,경상북도,봉화군,47920,2026-06-10,6.0,0.0,10.0,0.0,0.0,0.0,0.0,158.0,True,944,93,1037,1176.5,1316,28122,13123,6085,2164,4923,방문·복지용구형,False,0.4890829694323144,비적용,False,기관존재,5.785920925747349,,152.3625843780135,5.099872503187421,,134.29664258393538,4.559270516717325,,120.06079027355624,0.9860312243221034,1.2187690432663012,196.08333333333334,6.67315445572084,True,수요비례,0,6.0,5.099872503187421
경상북도|상주시,B01,재가노인복지시설 방문요양,경상북도,상주시,47250,2026-06-10,26.0,0.0,37.0,0.0,0.0,0.0,0.0,824.0,True,4974,84,5058,5184.0,5310,89228,35206,16410,5626,12767,방문·복지용구형,False,0.4890829694323144,비적용,False,기관존재,5.140371688414393,,162.91024120205617,5.015432098765432,,158.95061728395063,4.896421845574388,,155.1789077212806,1.5843997562461913,2.0365003524712146,199.3846153846154,6.67315445572084,True,수요비례,0,26.0,5.015432098765432
경상북도|성주군,B01,재가노인복지시설 방문요양,경상북도,성주군,47840,2026-06-10,12.0,0.0,12.0,0.0,0.0,0.0,0.0,476.0,True,1798,98,1896,2043.0,2190,40461,17243,7310,2229,6602,방문·복지용구형,False,0.4890829694323144,비적용,False,기관존재,6.329113924050633,,251.05485232067508,5.873715124816446,,232.99069995105236,5.47945205479452,,217.35159817351598,1.6415868673050615,1.8176310209027569,170.25,6.67315445572084,True,수요비례,0,12.0,5.873715124816446
경상북도|안동시,B01,재가노인복지시설 방문요양,경상북도,안동시,47170,2026-06-10,40.0,0.0,54.0,0.0,0.0,0.0,0.0,1250.0,True,6303,66,6369,6468.0,6567,151864,46593,20677,6449,16561,방문·복지용구형,False,0.4890829694323144,비적용,False,기관존재,6.280420788192809,,196.26314963102527,6.184291898577613,,193.2591218305504,6.091061367443277,,190.3456677326024,1.9345166126614113,2.4153130849586377,161.7,6.67315445572084,True,수요비례,0,40.0,6.184291898577613
경상북도|영덕군,B01,재가노인복지시설 방문요양,경상북도,영덕군,47770,2026-06-10,13.0,0.0,16.0,0.0,0.0,0.0,0.0,371.0,True,1928,102,2030,2183.0,2336,32560,14945,7437,2478,6213,방문·복지용구형,False,0.4890829694323144,비적용,False,기관존재,6.403940886699507,,182.75862068965517,5.955107650022904,,169.94961062757673,5.565068493150685,,158.81849315068493,1.7480166733898077,2.0923869306293255,167.92307692307693,6.67315445572084,True,수요비례,0,13.0,5.955107650022904
경상북도|영양군,B01,재가노인복지시설 방문요양,경상북도,영양군,47760,2026-06-10,4.0,0.0,2.0,0.0,0.0,0.0,0.0,99.0,True,589,66,655,754.0,853,15972,7035,3353,1144,2596,방문·복지용구형,False,0.4890829694323144,비적용,False,기관존재,6.106870229007633,,151.14503816793894,5.305039787798409,,131.2997347480106,4.689331770222743,,116.0609613130129,1.1929615269907545,1.5408320493066257,188.5,6.67315445572084,True,수요비례,0,4.0,5.305039787798409
경상북도|영주시,B01,재가노인복지시설 방문요양,경상북도,영주시,47210,2026-06-10,21.0,47.0,32.0,0.0,0.0,0.0,0.0,643.0,True,3270,86,3356,3485.0,3614,96440,33229,14825,4638,11569,방문·복지용구형,False,0.4890829694323144,비적용,False,기관존재,6.257449344457688,,191.59713945172822,6.025824964131995,,184.50502152080344,5.810736026563364,,177.91920309905922,1.4165261382799326,1.8151957818307545,165.95238095238096,6.67315445572084,True,수요비례,0,21.0,6.025824964131995
경상북도|영천시,B01,재가노인복지시설 방문요양,경상북도,영천시,47230,2026-06-10,36.0,25.0,30.0,0.0,0.0,0.0,0.0,825.0,True,4631,83,4714,4838.5,4963,94107,34662,15402,4452,13744,방문·복지용구형,False,0.4890829694323144,비적용,False,기관존재,7.636826474331778,,175.01060670343657,7.4403224139712725,,170.50738865350831,7.253677211364095,,166.23010276042714,2.337358784573432,2.619324796274738,134.40277777777777,6.67315445572084,False,수요비례,0,36.0,7.4403224139712725
경상북도|예천군,B01,재가노인복지시설 방문요양,경상북도,예천군,47900,2026-06-10,18.0,0.0,16.0,0.0,0.0,0.0,0.0,533.0,True,2434,97,2531,2676.5,2822,53422,18847,9057,3296,6875,방문·복지용구형,False,0.4890829694323144,비적용,False,기관존재,7.111813512445673,,210.58870011853023,6.725200821968989,,199.14066878385952,6.378454996456414,,188.8731396172927,1.987413050679033,2.618181818181818,148.69444444444446,6.67315445572084,False,수요비례,0,18.0,6.725200821968989
경상북도|울릉군,B01,재가노인복지시설 방문요양,경상북도,울릉군,47940,2026-06-10,1.0,0.0,0.0,0.0,0.0,0.0,0.0,3.0,True,30,43,73,137.5,202,8768,2900,1152,309,1202,방문·복지용구형,False,0.4890829694323144,비적용,False,기관존재,13.698630136986301,,41.0958904109589,7.2727272727272725,,21.81818181818182,4.9504950495049505,,14.85148514851485,0.8680555555555555,0.831946755407654,137.5,6.67315445572084,False,수요비례,0,1.0,7.2727272727272725
경상북도|울진군,B01,재가노인복지시설 방문요양,경상북도,울진군,47930,2026-06-10,15.0,14.0,22.0,0.0,0.0,0.0,0.0,405.0,True,2154,89,2243,2376.5,2510,46195,15934,7380,2609,6622,방문·복지용구형,False,0.4890829694323144,비적용,False,기관존재,6.687472135532769,,180.56174765938476,6.311803071744161,,170.41868293709237,5.9760956175298805,,161.35458167330677,2.032520325203252,2.265176683781335,158.43333333333334,6.67315445572084,True,수요비례,0,15.0,6.311803071744161
경상북도|의성군,B01,재가노인복지시설 방문요양,경상북도,의성군,47730,2026-06-10,24.0,0.0,31.0,0.0,0.0,0.0,0.0,806.0,True,3354,97,3451,3596.5,3742,47952,24027,11469,3893,9445,방문·복지용구형,False,0.4890829694323144,비적용,False,기관존재,6.954505940307158,,233.55549116198205,6.67315445572084,,224.10677047129155,6.413682522715126,,215.39283805451632,2.09259743656814,2.541026998411858,149.85416666666666,6.67315445572084,True,수요비례,0,24.0,6.67315445572084
경상북도|청도군,B01,재가노인복지시설 방문요양,경상북도,청도군,47820,2026-06-10,24.0,100.0,22.0,0.0,0.0,0.0,0.0,622.0,True,2502,87,2589,2719.5,2850,40021,19045,8707,2839,7497,방문·복지용구형,False,0.4890829694323144,비적용,False,기관존재,9.269988412514484,,240.2471996910004,8.82515168229454,,228.71851443280013,8.421052631578947,,218.24561403508773,2.7564028942230387,3.201280512204882,113.3125,6.67315445572084,False,수요비례,0,24.0,8.82515168229454
경상북도|청송군,B01,재가노인복지시설 방문요양,경상북도,청송군,47750,2026-06-10,5.0,0.0,9.0,0.0,0.0,0.0,0.0,147.0,True,828,103,931,1085.5,1240,24020,10843,5107,1679,3986,방문·복지용구형,False,0.4890829694323144,비적용,False,기관존재,5.370569280343717,,157.89473684210526,4.606172270842929,,135.42146476278214,4.032258064516129,,118.54838709677419,0.9790483649892304,1.2543903662819869,217.1,6.67315445572084,True,수요비례,0,5.0,4.606172270842929
경상북도|칠곡군,B01,재가노인복지시설 방문요양,경상북도,칠곡군,47850,2026-06-10,26.0,0.0,21.0,0.0,0.0,0.0,0.0,611.0,True,2966,92,3058,3196.0,3334,103537,23770,9677,2999,8446,방문·복지용구형,False,0.4890829694323144,비적용,False,기관존재,8.502289077828646,,199.8037933289732,8.135168961201503,,191.17647058823528,7.798440311937612,,183.2633473305339,2.6867830939340704,3.0783802983660906,122.92307692307692,6.67315445572084,False,수요비례,0,26.0,8.135168961201503
경상북도|포항시,B01,재가노인복지시설 방문요양,경상북도,포항시,47111|47113,2026-06-10,124.0,31.0,119.0,0.0,0.0,0.0,0.0,3821.0,True,12435,46,12481,12550.0,12619,487008,120800,43357,10550,38144,방문·복지용구형,False,0.4890829694323144,비적용,False,기관존재,9.935101354058169,,306.1453409181957,9.880478087649402,,304.4621513944223,9.826452175291227,,302.79736904667567,2.8599764743870653,3.2508389261744965,101.20967741935483,6.67315445572084,False,수요비례,0,124.0,9.880478087649402
광주광역시|광산구,B01,재가노인복지시설 방문요양,광주광역시,광산구,29200,2026-06-10,112.0,162.0,109.0,0.0,0.0,0.0,0.0,3678.0,True,7753,79,7832,7950.5,8069,383206,52385,20011,5252,16333,방문·복지용구형,False,0.4890829694323144,비적용,False,기관존재,14.300306435137896,,469.61184882533195,14.087164329287466,,462.6124143135652,13.88028256289503,,455.8185648779279,5.596921693068812,6.85728280168983,70.98660714285714,6.67315445572084,False,수요비례,0,112.0,14.087164329287466
광주광역시|남구,B01,재가노인복지시설 방문요양,광주광역시,남구,29155,2026-06-10,107.0,266.0,138.0,0.0,0.0,0.0,0.0,4458.0,True,5629,79,5708,5826.5,5945,205647,47751,20807,5248,14649,방문·복지용구형,False,0.4890829694323144,비적용,False,기관존재,18.74562018220042,,781.0091100210232,18.36436969020853,,765.1248605509311,17.998317914213626,,749.8738435660218,5.1425001201518725,7.304252850023892,54.453271028037385,6.67315445572084,False,수요비례,0,107.0,18.36436969020853
광주광역시|동구,B01,재가노인복지시설 방문요양,광주광역시,동구,29110,2026-06-10,39.0,0.0,46.0,0.0,0.0,0.0,0.0,1121.0,True,3208,100,3308,3458.0,3608,105200,26334,12276,3258,8933,방문·복지용구형,False,0.4890829694323144,비적용,False,기관존재,11.789600967351875,,338.8754534461911,11.278195488721805,,324.1758241758242,10.80931263858093,,310.69844789356983,3.1769305962854353,4.365834546065151,88.66666666666667,6.67315445572084,False,수요비례,0,39.0,11.278195488721805
광주광역시|북구,B01,재가노인복지시설 방문요양,광주광역시,북구,29170,2026-06-10,143.0,80.0,145.0,0.0,0.0,0.0,0.0,4066.0,True,11287,56,11343,11427.0,11511,416783,86558,34917,8653,28428,방문·복지용구형,False,0.4890829694323144,비적용,False,기관존재,12.606894119721414,,358.4589614740368,12.514220705346986,,355.8239257897961,12.422899834940491,,353.22734775432195,4.095426296646332,5.030251864359083,79.9090909090909,6.67315445572084,False,수요비례,0,143.0,12.514220705346986
광주광역시|서구,B01,재가노인복지시설 방문요양,광주광역시,서구,29140,2026-06-10,96.0,113.0,118.0,1.0,0.0,0.0,0.0,3495.0,True,6416,86,6502,6631.0,6760,274624,55087,22523,5632,16451,방문·복지용구형,False,0.4890829694323144,비적용,False,기관존재,14.76468778837281,,537.5269147954475,14.477454380938019,,527.0698235560247,14.201183431952662,,517.0118343195265,4.262309639035652,5.835511519056593,69.07291666666667,6.67315445572084,False,수요비례,0,96.0,14.477454380938019
대구광역시|군위군,B01,재가노인복지시설 방문요양,대구광역시,군위군,27720,2026-06-10,7.0,15.0,3.0,0.0,0.0,0.0,0.0,89.0,True,980,104,1084,1240.0,1396,22622,11296,5204,1687,4152,방문·복지용구형,False,0.4890829694323144,비적용,False,기관존재,6.4575645756457565,,82.10332103321034,5.64516129032258,,71.7741935483871,5.01432664756447,,63.75358166189112,1.345119139123751,1.6859344894026975,177.14285714285714,6.67315445572084,True,수요비례,0,7.0,5.64516129032258
대구광역시|남구,B01,재가노인복지시설 방문요양,대구광역시,남구,27200,2026-06-10,55.0,999.0,66.0,0.0,0.0,0.0,0.0,2212.0,True,5169,84,5253,5379.0,5505,141344,40203,17730,4946,14740,방문·복지용구형,False,0.4890829694323144,비적용,False,기관존재,10.470207500475919,,421.09270892823145,10.224948875255624,,411.22885294664434,9.990917347865576,,401.81653042688464,3.102086858432036,3.7313432835820897,97.8,6.67315445572084,False,수요비례,0,55.0,10.224948875255624
대구광역시|달서구,B01,재가노인복지시설 방문요양,대구광역시,달서구,27290,2026-06-10,135.0,15.0,119.0,0.0,1.0,0.0,0.0,3706.0,True,12249,59,12308,12396.5,12485,513399,111111,40606,10276,33044,방문·복지용구형,False,0.4890829694323144,비적용,False,기관존재,10.968475788105298,,301.10497237569064,10.890170612672932,,298.955350300488,10.812975570684822,,296.836203444133,3.324631827808698,4.085461808497761,91.82592592592593,6.67315445572084,False,수요비례,0,135.0,10.890170612672932
대구광역시|달성군,B01,재가노인복지시설 방문요양,대구광역시,달성군,27710,2026-06-10,43.0,0.0,41.0,0.0,0.0,0.0,0.0,1063.0,True,5200,88,5288,5420.0,5552,252000,47722,17137,4386,14058,방문·복지용구형,False,0.4890829694323144,비적용,False,기관존재,8.131618759455371,,201.02118003025717,7.933579335793358,,196.12546125461256,7.744956772334294,,191.46253602305475,2.5091906401353796,3.0587565798833403,126.04651162790698,6.67315445572084,False,수요비례,0,43.0,7.933579335793358
대구광역시|동구,B01,재가노인복지시설 방문요양,대구광역시,동구,27140,2026-06-10,88.0,0.0,60.0,0.0,0.0,0.0,0.0,1703.0,True,10268,66,10334,10433.0,10532,338476,86908,36014,9221,27726,방문·복지용구형,False,0.4890829694323144,비적용,False,기관존재,8.515579640023224,,164.79581962454034,8.434774273938464,,163.23205214224095,8.355488036460311,,161.69768325104445,2.443494196701283,3.173916179759071,118.55681818181819,6.67315445572084,False,수요비례,0,88.0,8.434774273938464
대구광역시|북구,B01,재가노인복지시설 방문요양,대구광역시,북구,27230,2026-06-10,91.0,15.0,87.0,0.0,0.0,0.0,0.0,2355.0,True,11175,51,11226,11302.5,11379,406915,85869,33577,8560,25851,방문·복지용구형,False,0.4890829694323144,비적용,False,기관존재,8.106182077320506,,209.78086584714057,8.051316080513162,,208.36098208360983,7.997187802091571,,206.9601898233588,2.7101885219048754,3.520173300839426,124.2032967032967,6.67315445572084,False,수요비례,0,91.0,8.051316080513162
대구광역시|서구,B01,재가노인복지시설 방문요양,대구광역시,서구,27170,2026-06-10,59.0,0.0,73.0,1.0,0.0,0.0,0.0,1994.0,True,6149,81,6230,6351.5,6473,163508,48739,19245,4604,17364,방문·복지용구형,False,0.4890829694323144,비적용,False,기관존재,9.470304975922954,,320.0642054574639,9.289144296622846,,313.94158860111787,9.11478448941758,,308.04881816777385,3.065731358794492,3.3978346003225064,107.65254237288136,6.67315445572084,False,수요비례,0,59.0,9.289144296622846
대구광역시|수성구,B01,재가노인복지시설 방문요양,대구광역시,수성구,27260,2026-06-10,114.0,25.0,109.0,0.0,0.0,0.0,0.0,2728.0,True,9571,72,9643,9751.0,9859,408147,85343,35377,9743,22833,방문·복지용구형,False,0.4890829694323144,비적용,False,기관존재,11.822047080783987,,282.8995125998133,11.691108604245718,,279.7661778279151,11.563038847753322,,276.7014910234304,3.2224326539842267,4.992773617133097,85.53508771929825,6.67315445572084,False,수요비례,0,114.0,11.691108604245718
대구광역시|중구,B01,재가노인복지시설 방문요양,대구광역시,중구,27110,2026-06-10,21.0,20.0,22.0,0.0,0.0,0.0,0.0,604.0,True,1998,101,2099,2250.5,2402,101754,18811,8634,2333,6092,방문·복지용구형,False,0.4890829694323144,비적용,False,기관존재,10.004764173415913,,287.7560743211053,9.33125972006221,,268.3848033770273,8.742714404662781,,251.45711906744378,2.432244614315497,3.447143795141169,107.16666666666667,6.67315445572084,False,수요비례,0,21.0,9.33125972006221
대전광역시|대덕구,B01,재가노인복지시설 방문요양,대전광역시,대덕구,30230,2026-06-10,58.0,0.0,47.0,0.0,0.0,0.0,0.0,1659.0,True,4426,88,4514,4646.0,4778,164047,38941,14457,3756,12162,방문·복지용구형,False,0.4890829694323144,비적용,False,기관존재,12.848914488258751,,367.5232609658839,12.483857081360311,,357.08136030994405,12.138970280452073,,347.2164085391377,4.011897350764335,4.768952474921888,80.10344827586206,6.67315445572084,False,수요비례,0,58.0,12.483857081360311
대전광역시|동구,B01,재가노인복지시설 방문요양,대전광역시,동구,30110,2026-06-10,61.0,229.0,44.0,0.0,0.0,0.0,0.0,1388.0,True,7087,70,7157,7262.0,7367,218251,54207,22308,5769,18452,방문·복지용구형,False,0.4890829694323144,비적용,False,기관존재,8.52312421405617,,193.9360067067207,8.399889837510328,,191.13191958138253,8.280168318175647,,188.40776435455408,2.73444504213735,3.30587470192933,119.04918032786885,6.67315445572084,False,수요비례,0,61.0,8.399889837510328
대전광역시|서구,B01,재가노인복지시설 방문요양,대전광역시,서구,30170,2026-06-10,103.0,0.0,106.0,0.0,0.0,0.0,0.0,2964.0,True,9458,49,9507,9580.5,9654,464359,84043,30981,7979,22143,방문·복지용구형,False,0.4890829694323144,비적용,False,기관존재,10.83412222572841,,311.7702745345535,10.751004644851522,,309.37842492563016,10.669152682825771,,307.02299564947174,3.324618314450792,4.651582893013593,93.01456310679612,6.67315445572084,False,수요비례,0,103.0,10.751004644851522
대전광역시|유성구,B01,재가노인복지시설 방문요양,대전광역시,유성구,30200,2026-06-10,53.0,57.0,48.0,1.0,0.0,0.0,0.0,1566.0,True,5825,76,5901,6015.0,6129,371104,51566,17233,4753,12426,방문·복지용구형,False,0.4890829694323144,비적용,False,기관존재,8.98152855448229,,265.3787493645145,8.81130507065669,,260.34912718204487,8.647413933757546,,255.5066079295154,3.0754946904195437,4.2652502816674716,113.49056603773585,6.67315445572084,False,수요비례,0,53.0,8.81130507065669
대전광역시|중구,B01,재가노인복지시설 방문요양,대전광역시,중구,30140,2026-06-10,77.0,198.0,78.0,0.0,0.0,0.0,0.0,2519.0,True,7735,66,7801,7900.0,7999,224273,56540,24439,6489,17851,방문·복지용구형,False,0.4890829694323144,비적용,False,기관존재,9.870529419305218,,322.9073195744135,9.746835443037975,,318.86075949367086,9.626203275409425,,314.9143642955369,3.1507017472073326,4.3134838384404235,102.59740259740259,6.67315445572084,False,수요비례,0,77.0,9.746835443037975
부산광역시|강서구,B01,재가노인복지시설 방문요양,부산광역시,강서구,26440,2026-06-10,20.0,0.0,16.0,0.0,0.0,0.0,0.0,391.0,True,1578,96,1674,1818.0,1962,153555,23798,7889,1837,6722,방문·복지용구형,False,0.4890829694323144,비적용,False,기관존재,11.947431302270013,,233.57228195937873,11.001100110011002,,215.07150715071506,10.193679918450561,,199.28644240570844,2.5351755609075926,2.9753049687592976,90.9,6.67315445572084,False,수요비례,0,20.0,11.001100110011002
부산광역시|금정구,B01,재가노인복지시설 방문요양,부산광역시,금정구,26410,2026-06-10,36.0,0.0,25.0,0.0,0.0,0.0,0.0,768.0,True,5934,82,6016,6139.0,6262,205672,60192,24324,5938,18171,방문·복지용구형,False,0.4890829694323144,비적용,False,기관존재,5.98404255319149,,127.6595744680851,5.8641472552532985,,125.10180811207036,5.748961992973491,,122.64452251676781,1.4800197335964478,1.981178801386825,170.52777777777777,6.67315445572084,True,수요비례,0,36.0,5.8641472552532985
부산광역시|기장군,B01,재가노인복지시설 방문요양,부산광역시,기장군,26710,2026-06-10,46.0,50.0,48.0,0.0,0.0,0.0,0.0,1273.0,True,4297,81,4378,4499.5,4621,175262,37583,15299,3700,12149,방문·복지용구형,False,0.4890829694323144,비적용,False,기관존재,10.507080858839652,,290.7720420283235,10.223358150905655,,282.9203244804978,9.95455529106254,,275.48149751136117,3.0067324661742596,3.786319861717014,97.81521739130434,6.67315445572084,False,수요비례,0,46.0,10.223358150905655
부산광역시|남구,B01,재가노인복지시설 방문요양,부산광역시,남구,26290,2026-06-10,37.0,0.0,49.0,1.0,0.0,0.0,0.0,1245.0,True,6300,81,6381,6502.5,6624,254413,65555,27486,6373,17452,방문·복지용구형,False,0.4890829694323144,비적용,False,기관존재,5.798464190565742,,195.11048425011754,5.690119184928874,,191.4648212226067,5.585748792270531,,187.95289855072463,1.3461398530160809,2.120100848040339,175.74324324324326,6.67315445572084,True,수요비례,0,37.0,5.690119184928874
부산광역시|동구,B01,재가노인복지시설 방문요양,부산광역시,동구,26170,2026-06-10,19.0,0.0,20.0,0.0,0.0,0.0,0.0,423.0,True,2786,97,2883,3028.5,3174,83354,26547,11763,2939,10159,방문·복지용구형,False,0.4890829694323144,비적용,False,기관존재,6.590357266736039,,146.72216441207075,6.27373287105828,,139.6731054977712,5.986137366099559,,133.2703213610586,1.6152342089602993,1.8702628211438135,159.39473684210526,6.67315445572084,True,수요비례,0,19.0,6.27373287105828
부산광역시|동래구,B01,재가노인복지시설 방문요양,부산광역시,동래구,26260,2026-06-10,72.0,0.0,80.0,0.0,0.0,0.0,0.0,2316.0,True,6754,66,6820,6919.0,7018,271097,65555,25755,5830,17869,방문·복지용구형,False,0.4890829694323144,비적용,False,기관존재,10.557184750733137,,339.5894428152493,10.406128053186878,,334.7304523775112,10.259333143345684,,330.00854944428613,2.7955736750145603,4.029324528513067,96.09722222222223,6.67315445572084,False,수요비례,0,72.0,10.406128053186878
부산광역시|부산진구,B01,재가노인복지시설 방문요양,부산광역시,부산진구,26230,2026-06-10,53.0,0.0,77.0,0.0,0.0,0.0,0.0,2294.0,True,9123,58,9181,9268.0,9355,364912,89706,35849,8527,27302,방문·복지용구형,False,0.4890829694323144,비적용,False,기관존재,5.77279163489816,,249.8638492538939,5.718601640051792,,247.51834268450582,5.665419561731695,,245.21646178514163,1.4784233869842953,1.9412497252948502,174.8679245283019,6.67315445572084,True,수요비례,0,53.0,5.718601640051792
부산광역시|북구,B01,재가노인복지시설 방문요양,부산광역시,북구,26320,2026-06-10,56.0,0.0,56.0,0.0,0.0,0.0,0.0,1521.0,True,6699,60,6759,6849.0,6939,260736,69412,24590,5600,20793,방문·복지용구형,False,0.4890829694323144,비적용,False,기관존재,8.28524929723332,,225.03328894806924,8.176376113301211,,222.07621550591327,8.070327136474997,,219.1958495460441,2.277348515656771,2.6932140624248544,122.30357142857143,6.67315445572084,False,수요비례,0,56.0,8.176376113301211
부산광역시|사상구,B01,재가노인복지시설 방문요양,부산광역시,사상구,26530,2026-06-10,40.0,0.0,26.0,0.0,0.0,0.0,0.0,857.0,True,5219,73,5292,5401.5,5511,192475,53336,18442,3774,16883,방문·복지용구형,False,0.4890829694323144,비적용,False,기관존재,7.558578987150416,,161.94255479969766,7.405350365639174,,158.65963158381933,7.258210851025223,,155.5071674832154,2.168962151610454,2.369247171711189,135.0375,6.67315445572084,False,수요비례,0,40.0,7.405350365639174
부산광역시|사하구,B01,재가노인복지시설 방문요양,부산광역시,사하구,26380,2026-06-10,48.0,0.0,70.0,0.0,1.0,0.0,0.0,1765.0,True,8031,70,8101,8206.0,8311,282159,78434,29222,6430,24254,방문·복지용구형,False,0.4890829694323144,비적용,False,기관존재,5.925194420441921,,217.87433650166645,5.849378503534,,215.08652205703143,5.775478281795211,,212.36914932017808,1.6425980425706659,1.9790550012369095,170.95833333333334,6.67315445572084,True,수요비례,0,48.0,5.849378503534
부산광역시|서구,B01,재가노인복지시설 방문요양,부산광역시,서구,26140,2026-06-10,18.0,0.0,16.0,0.0,0.0,0.0,0.0,579.0,True,3072,92,3164,3302.0,3440,101216,32261,13890,3495,11387,방문·복지용구형,False,0.4890829694323144,비적용,False,기관존재,5.689001264222504,,182.99620733249054,5.451241671714113,,175.34827377347062,5.232558139534883,,168.31395348837208,1.2958963282937366,1.5807499780451393,183.44444444444446,6.67315445572084,True,수요비례,0,18.0,5.451241671714113
부산광역시|수영구,B01,재가노인복지시설 방문요양,부산광역시,수영구,26500,2026-06-10,44.0,17.0,53.0,0.0,0.0,0.0,0.0,1501.0,True,4884,84,4968,5094.0,5220,168440,46555,19601,4674,13344,방문·복지용구형,False,0.4890829694323144,비적용,False,기관존재,8.856682769726248,,302.13365539452496,8.637612877895563,,294.6603847663918,8.42911877394636,,287.5478927203065,2.2447834294168665,3.2973621103117505,115.77272727272727,6.67315445572084,False,수요비례,0,44.0,8.637612877895563
부산광역시|연제구,B01,재가노인복지시설 방문요양,부산광역시,연제구,26470,2026-06-10,48.0,331.0,39.0,0.0,0.0,0.0,0.0,1135.0,True,5326,78,5404,5521.0,5638,211464,52516,20954,4842,14970,방문·복지용구형,False,0.4890829694323144,비적용,False,기관존재,8.882309400444115,,210.02960769800146,8.694077159934794,,205.57869951095816,8.513657325292657,,201.31252217098262,2.290732079793834,3.2064128256513027,115.02083333333333,6.67315445572084,False,수요비례,0,48.0,8.694077159934794
부산광역시|영도구,B01,재가노인복지시설 방문요양,부산광역시,영도구,26200,2026-06-10,22.0,0.0,19.0,0.0,0.0,0.0,0.0,553.0,True,3449,86,3535,3664.0,3793,100570,36257,15766,3672,12550,방문·복지용구형,False,0.4890829694323144,비적용,False,기관존재,6.223479490806223,,156.43564356435644,6.004366812227074,,150.9279475982533,5.800158186132349,,145.79488531505405,1.3954078396549536,1.752988047808765,166.54545454545453,6.67315445572084,True,수요비례,0,22.0,6.004366812227074
부산광역시|중구,B01,재가노인복지시설 방문요양,부산광역시,중구,26110,2026-06-10,13.0,100.0,24.0,0.0,0.0,0.0,0.0,511.0,True,1088,105,1193,1350.5,1508,36306,12724,5452,1324,5538,방문·복지용구형,False,0.4890829694323144,비적용,False,기관존재,10.896898575020955,,428.3319362950545,9.626064420584967,,378.3783783783784,8.620689655172413,,338.85941644562337,2.384446074834923,2.347417840375587,103.88461538461539,6.67315445572084,False,수요비례,0,13.0,9.626064420584967
부산광역시|해운대구,B01,재가노인복지시설 방문요양,부산광역시,해운대구,26350,2026-06-10,62.0,0.0,74.0,0.0,0.0,0.0,0.0,1663.0,True,9585,63,9648,9742.5,9837,370739,89956,35195,8753,24946,방문·복지용구형,False,0.4890829694323144,비적용,False,기관존재,6.42620232172471,,172.36733001658374,6.363869643315371,,170.69540672312033,6.302734573548847,,169.05560638406018,1.76161386560591,2.4853683957347874,157.13709677419354,6.67315445572084,True,수요비례,0,62.0,6.363869643315371
서울특별시|강남구,B01,재가노인복지시설 방문요양,서울특별시,강남구,11680,2026-06-10,43.0,111.0,65.0,0.0,0.0,0.0,0.0,2359.0,True,6381,74,6455,6566.0,6677,552830,97588,39659,8979,19616,방문·복지용구형,False,0.4890829694323144,비적용,False,기관존재,6.661502711076685,,365.45313710302094,6.548888212001219,,359.2750533049041,6.440017972143178,,353.30238130897106,1.0842431730502533,2.192088091353997,152.69767441860466,6.67315445572084,True,수요비례,0,43.0,6.548888212001219
서울특별시|강동구,B01,재가노인복지시설 방문요양,서울특별시,강동구,11740,2026-06-10,74.0,0.0,66.0,0.0,0.0,0.0,0.0,1910.0,True,7919,73,7992,8101.5,8211,499011,100813,36154,7773,23359,방문·복지용구형,False,0.4890829694323144,비적용,False,기관존재,9.25925925925926,,238.98898898898898,9.134110967104856,,235.75881009689564,9.012300572402875,,232.61478504445256,2.0467998008519115,3.167943833212038,109.47972972972973,6.67315445572084,False,수요비례,0,74.0,9.134110967104856
서울특별시|강북구,B01,재가노인복지시설 방문요양,서울특별시,강북구,11305,2026-06-10,76.0,0.0,88.0,0.0,0.0,0.0,0.0,2662.0,True,6658,69,6727,6830.5,6934,278041,75944,32936,8006,23901,방문·복지용구형,False,0.4890829694323144,비적용,False,기관존재,11.297755314404638,,395.7187453545414,11.126564673157162,,389.72256789400484,10.960484568791463,,383.90539371214305,2.307505465144523,3.1797832726664157,89.875,6.67315445572084,False,수요비례,0,76.0,11.126564673157162
서울특별시|강서구,B01,재가노인복지시설 방문요양,서울특별시,강서구,11500,2026-06-10,96.0,0.0,100.0,0.0,0.0,0.0,0.0,3175.0,True,11322,51,11373,11449.5,11526,548515,116416,44664,10778,31448,방문·복지용구형,False,0.4890829694323144,비적용,False,기관존재,8.441044579266684,,279.16996394970545,8.384645617712565,,277.30468579413946,8.328995314940135,,275.46416796807216,2.1493820526598606,3.0526583566522514,119.265625,6.67315445572084,False,수요비례,0,96.0,8.384645617712565
서울특별시|관악구,B01,재가노인복지시설 방문요양,서울특별시,관악구,11620,2026-06-10,76.0,224.0,76.0,0.0,0.0,0.0,0.0,3648.0,True,7708,65,7773,7870.5,7968,477797,94060,40246,9061,26602,방문·복지용구형,False,0.4890829694323144,비적용,False,기관존재,9.777434709893221,,469.31686607487455,9.656311543103996,,463.50295406899176,9.538152610441768,,457.8313253012048,1.8883864234955028,2.856928050522517,103.5592105263158,6.67315445572084,False,수요비례,0,76.0,9.656311543103996
서울특별시|광진구,B01,재가노인복지시설 방문요양,서울특별시,광진구,11215,2026-06-10,45.0,0.0,41.0,0.0,0.0,0.0,0.0,1305.0,True,4966,76,5042,5156.0,5270,330905,64022,25146,6268,16228,방문·복지용구형,False,0.4890829694323144,비적용,False,기관존재,8.925029750099167,,258.8258627528758,8.727695888285492,,253.10318076027926,8.538899430740038,,247.6280834914611,1.7895490336435218,2.772984964259305,114.57777777777778,6.67315445572084,False,수요비례,0,45.0,8.727695888285492
서울특별시|구로구,B01,재가노인복지시설 방문요양,서울특별시,구로구,11530,2026-06-10,61.0,36.0,53.0,1.0,0.0,0.0,0.0,1585.0,True,8222,53,8275,8354.5,8434,382633,88085,35535,7910,21962,방문·복지용구형,False,0.4890829694323144,비적용,False,기관존재,7.371601208459214,,191.54078549848944,7.301454306062602,,189.71811598539708,7.232629831633863,,187.9298079203225,1.716617419445617,2.7775248155905654,136.95901639344262,6.67315445572084,False,수요비례,0,61.0,7.301454306062602
서울특별시|금천구,B01,재가노인복지시설 방문요양,서울특별시,금천구,11545,2026-06-10,33.0,101.0,24.0,0.0,0.0,0.0,0.0,907.0,True,4429,68,4497,4599.0,4701,222503,51091,19833,4484,15195,방문·복지용구형,False,0.4890829694323144,비적용,False,기관존재,7.33822548365577,,201.69001556593287,7.175472928897586,,197.21678625788215,7.019783024888321,,192.9376728355669,1.663893510815308,2.1717670286278383,139.36363636363637,6.67315445572084,False,수요비례,0,33.0,7.175472928897586
서울특별시|노원구,B01,재가노인복지시설 방문요양,서울특별시,노원구,11350,2026-06-10,107.0,45.0,131.0,0.0,0.0,0.0,0.0,3354.0,True,9765,46,9811,9880.0,9949,481053,107095,43371,11332,29970,방문·복지용구형,False,0.4890829694323144,비적용,False,기관존재,10.906125777188869,,341.8611762307614,10.82995951417004,,339.4736842105263,10.75484973364157,,337.1193084732134,2.467086301906804,3.570236903570237,92.33644859813084,6.67315445572084,False,수요비례,0,107.0,10.82995951417004
서울특별시|도봉구,B01,재가노인복지시설 방문요양,서울특별시,도봉구,11320,2026-06-10,88.0,0.0,93.0,0.0,0.0,0.0,0.0,3101.0,True,7135,60,7195,7285.0,7375,298225,80304,32606,8458,20803,방문·복지용구형,False,0.4890829694323144,비적용,False,기관존재,12.230715774843642,,430.99374565670604,12.079615648592998,,425.66918325326014,11.932203389830509,,420.47457627118644,2.698889774888057,4.230159111666587,82.7840909090909,6.67315445572084,False,수요비례,0,88.0,12.079615648592998
서울특별시|동대문구,B01,재가노인복지시설 방문요양,서울특별시,동대문구,11230,2026-06-10,56.0,0.0,47.0,0.0,0.0,0.0,0.0,1655.0,True,6464,54,6518,6599.0,6680,352848,74629,31112,7770,20808,방문·복지용구형,False,0.4890829694323144,비적용,False,기관존재,8.59159251304081,,253.91224301933107,8.486134262767084,,250.7955750871344,8.383233532934131,,247.75449101796406,1.7999485728979172,2.6912725874663592,117.83928571428571,6.67315445572084,False,수요비례,0,56.0,8.486134262767084
서울특별시|동작구,B01,재가노인복지시설 방문요양,서울특별시,동작구,11590,2026-06-10,50.0,155.0,52.0,0.0,0.0,0.0,0.0,1422.0,True,5566,84,5650,5776.0,5902,371999,77106,33011,8182,18193,방문·복지용구형,False,0.4890829694323144,비적용,False,기관존재,8.849557522123893,,251.68141592920358,8.65650969529086,,246.19113573407202,8.471704506946796,,240.93527617756695,1.514646632940535,2.74830978947947,115.52,6.67315445572084,False,수요비례,0,50.0,8.65650969529086
서울특별시|마포구,B01,재가노인복지시설 방문요양,서울특별시,마포구,11440,2026-06-10,34.0,0.0,44.0,0.0,0.0,0.0,0.0,1006.0,True,4720,90,4810,4945.0,5080,356487,62999,27185,7487,15832,방문·복지용구형,False,0.4890829694323144,비적용,False,기관존재,7.0686070686070686,,209.14760914760916,6.8756319514661275,,203.43781597573306,6.692913385826771,,198.03149606299212,1.2506897185948134,2.1475492673067205,145.44117647058823,6.67315445572084,False,수요비례,0,34.0,6.8756319514661275
서울특별시|서대문구,B01,재가노인복지시설 방문요양,서울특별시,서대문구,11410,2026-06-10,40.0,0.0,32.0,0.0,0.0,0.0,0.0,1111.0,True,5149,83,5232,5356.5,5481,299810,63351,27591,7587,16249,방문·복지용구형,False,0.4890829694323144,비적용,False,기관존재,7.6452599388379205,,212.34709480122325,7.46756277419957,,207.41155605339307,7.297938332421091,,202.70023718299578,1.4497481062665363,2.4616899501507783,133.9125,6.67315445572084,False,수요비례,0,40.0,7.46756277419957
서울특별시|서초구,B01,재가노인복지시설 방문요양,서울특별시,서초구,11650,2026-06-10,32.0,0.0,51.0,0.0,0.0,0.0,0.0,1566.0,True,4454,94,4548,4689.0,4830,414383,73931,30626,7172,12915,방문·복지용구형,False,0.4890829694323144,비적용,False,기관존재,7.036059806508356,,344.32717678100266,6.824482832160375,,333.97312859884835,6.625258799171843,,324.22360248447205,1.044863841180696,2.4777390631049165,146.53125,6.67315445572084,False,수요비례,0,32.0,6.824482832160375
서울특별시|성동구,B01,재가노인복지시설 방문요양,서울특별시,성동구,11200,2026-06-10,16.0,156.0,20.0,0.0,0.0,0.0,0.0,768.0,True,3755,89,3844,3977.5,4111,274517,54447,22326,5711,13523,방문·복지용구형,False,0.4890829694323144,비적용,False,기관존재,4.162330905306972,,199.79188345473463,4.022627278441232,,193.08610936517914,3.8919970810021893,,186.81585988810508,0.7166532294186151,1.1831694150706205,248.59375,6.67315445572084,True,수요비례,0,16.0,4.022627278441232
서울특별시|성북구,B01,재가노인복지시설 방문요양,서울특별시,성북구,11290,2026-06-10,79.0,4086.0,103.0,0.0,0.0,0.0,0.0,3188.0,True,8363,62,8425,8518.0,8611,421762,89110,38011,9838,22573,방문·복지용구형,False,0.4890829694323144,비적용,False,기관존재,9.376854599406528,,378.3976261127596,9.274477576895986,,374.2662596853721,9.174311926605505,,370.22413192428286,2.078345742022046,3.499756346077172,107.82278481012658,6.67315445572084,False,수요비례,0,79.0,9.274477576895986
서울특별시|송파구,B01,재가노인복지시설 방문요양,서울특별시,송파구,11710,2026-06-10,83.0,0.0,93.0,0.0,0.0,0.0,0.0,3944.0,True,8650,63,8713,8807.5,8902,650258,123327,45315,10104,24417,방문·복지용구형,False,0.4890829694323144,비적용,False,기관존재,9.525995638700792,,452.656949385975,9.423786545557764,,447.8001703093954,9.323747472478095,,443.0465064030555,1.8316230828643936,3.3992709997133144,106.1144578313253,6.67315445572084,False,수요비례,0,83.0,9.423786545557764
서울특별시|양천구,B01,재가노인복지시설 방문요양,서울특별시,양천구,11470,2026-06-10,103.0,0.0,97.0,0.0,0.0,0.0,0.0,2940.0,True,7513,63,7576,7670.5,7765,421247,86569,32094,7356,20914,방문·복지용구형,False,0.4890829694323144,비적용,False,기관존재,13.59556494192186,,388.0675818373812,13.428068574408448,,383.2866175607848,13.264649066323246,,378.6220218931101,3.2093226148189693,4.924930668451755,74.47087378640776,6.67315445572084,False,수요비례,0,103.0,13.428068574408448
서울특별시|영등포구,B01,재가노인복지시설 방문요양,서울특별시,영등포구,11560,2026-06-10,56.0,385.0,53.0,0.0,0.0,0.0,0.0,1879.0,True,6326,66,6392,6491.0,6590,371867,72898,30420,7681,18755,방문·복지용구형,False,0.4890829694323144,비적용,False,기관존재,8.760951188986233,,293.9612015018773,8.627330149437684,,289.47773840702513,8.497723823975722,,285.1289833080425,1.8408941485864563,2.9858704345507863,115.91071428571429,6.67315445572084,False,수요비례,0,56.0,8.627330149437684
서울특별시|용산구,B01,재가노인복지시설 방문요양,서울특별시,용산구,11170,2026-06-10,15.0,0.0,16.0,0.0,0.0,0.0,0.0,503.0,True,2624,99,2723,2871.5,3020,199648,40120,17010,5091,10652,방문·복지용구형,False,0.4890829694323144,비적용,False,기관존재,5.508630187293426,,184.7227322805729,5.223750652968832,,175.16977189622148,4.966887417218543,,166.55629139072846,0.8818342151675485,1.4081862561021405,191.43333333333334,6.67315445572084,True,수요비례,0,15.0,5.223750652968832
서울특별시|은평구,B01,재가노인복지시설 방문요양,서울특별시,은평구,11380,2026-06-10,99.0,0.0,128.0,0.0,0.0,0.0,0.0,3603.0,True,9895,57,9952,10037.5,10123,453212,104893,44060,11007,27403,방문·복지용구형,False,0.4890829694323144,비적용,False,기관존재,9.947749196141478,,362.0377813504823,9.863013698630137,,358.95392278953926,9.779709572261188,,355.9221574632026,2.246935996368588,3.612743130314199,101.38888888888889,6.67315445572084,False,수요비례,0,99.0,9.863013698630137
서울특별시|종로구,B01,재가노인복지시설 방문요양,서울특별시,종로구,11110,2026-06-10,19.0,0.0,24.0,0.0,0.0,0.0,0.0,491.0,True,2383,93,2476,2615.5,2755,136318,31263,13561,3984,9786,방문·복지용구형,False,0.4890829694323144,비적용,False,기관존재,7.673667205169628,,198.3037156704362,7.264385394761995,,187.7270120435863,6.896551724137931,,178.22141560798548,1.4010766167686748,1.9415491518495809,137.6578947368421,6.67315445572084,False,수요비례,0,19.0,7.264385394761995
서울특별시|중구,B01,재가노인복지시설 방문요양,서울특별시,중구,11140,2026-06-10,18.0,0.0,19.0,0.0,0.0,0.0,0.0,634.0,True,1695,95,1790,1932.5,2075,117558,27701,11832,3259,8852,방문·복지용구형,False,0.4890829694323144,비적용,False,기관존재,10.05586592178771,,354.18994413407825,9.314359637774903,,328.07244501940494,8.674698795180722,,305.5421686746988,1.5212981744421907,2.033438770899232,107.36111111111111,6.67315445572084,False,수요비례,0,18.0,9.314359637774903
서울특별시|중랑구,B01,재가노인복지시설 방문요양,서울특별시,중랑구,11260,2026-06-10,100.0,39.0,110.0,0.0,0.0,0.0,0.0,3287.0,True,8110,62,8172,8265.0,8358,376386,90782,35164,8335,26742,방문·복지용구형,False,0.4890829694323144,비적용,False,기관존재,12.236906510034263,,402.22711698482624,12.099213551119178,,397.7011494252873,11.964584828906437,,393.2759033261546,2.8438175406665906,3.73943609303717,82.65,6.67315445572084,False,수요비례,0,100.0,12.099213551119178
세종특별자치시|세종특별자치시,B01,재가노인복지시설 방문요양,세종특별자치시,세종특별자치시,36110,2026-06-10,43.0,0.0,37.0,0.0,0.0,0.0,0.0,939.0,True,4431,85,4516,4643.5,4771,390923,49871,18092,5163,12263,방문·복지용구형,False,0.4890829694323144,비적용,False,기관존재,9.521700620017715,,207.9273693534101,9.260256272208464,,202.21815440938948,9.012785579543072,,196.81408509746385,2.376741101039133,3.5064829160890483,107.98837209302326,6.67315445572084,False,수요비례,0,43.0,9.260256272208464
울산광역시|남구,B01,재가노인복지시설 방문요양,울산광역시,남구,31140,2026-06-10,53.0,0.0,50.0,0.0,0.0,0.0,0.0,1537.0,True,4886,71,4957,5063.5,5170,304337,56898,18115,3772,15536,방문·복지용구형,False,0.4890829694323144,비적용,False,기관존재,10.691950776679443,,310.0665725237038,10.467068233435372,,303.5449787696258,10.251450676982593,,297.29206963249516,2.9257521391112338,3.4114315139031923,95.5377358490566,6.67315445572084,False,수요비례,0,53.0,10.467068233435372
울산광역시|동구,B01,재가노인복지시설 방문요양,울산광역시,동구,31170,2026-06-10,13.0,126.0,20.0,0.0,0.0,0.0,0.0,580.0,True,2156,95,2251,2393.5,2536,147756,30798,9112,1649,7615,방문·복지용구형,False,0.4890829694323144,비적용,False,기관존재,5.775211017325633,,257.6632607729898,5.431376645080427,,242.32295801128058,5.126182965299685,,228.70662460567823,1.4266900790166812,1.7071569271175313,184.1153846153846,6.67315445572084,True,수요비례,0,13.0,5.431376645080427
울산광역시|북구,B01,재가노인복지시설 방문요양,울산광역시,북구,31200,2026-06-10,34.0,20.0,28.0,0.0,0.0,0.0,0.0,873.0,True,2609,100,2709,2859.0,3009,213685,29555,9031,2140,7137,방문·복지용구형,False,0.4890829694323144,비적용,False,기관존재,12.550756736803248,,322.2591362126246,11.892270024484084,,305.35152151101784,11.299435028248588,,290.12961116650047,3.764810098549441,4.763906403250665,84.08823529411765,6.67315445572084,False,수요비례,0,34.0,11.892270024484084
울산광역시|울주군,B01,재가노인복지시설 방문요양,울산광역시,울주군,31710,2026-06-10,57.0,10.0,43.0,0.0,0.0,0.0,0.0,1475.0,True,5192,79,5271,5389.5,5508,218285,48168,16982,4523,15126,방문·복지용구형,False,0.4890829694323144,비적용,False,기관존재,10.813887307911212,,279.83304875735155,10.57612023378792,,273.6803042953892,10.348583877995644,,267.7923021060276,3.3564951124720293,3.7683458944863153,94.55263157894737,6.67315445572084,False,수요비례,0,57.0,10.57612023378792
울산광역시|중구,B01,재가노인복지시설 방문요양,울산광역시,중구,31110,2026-06-10,43.0,0.0,27.0,0.0,0.0,0.0,0.0,825.0,True,3912,85,3997,4124.5,4252,203026,46142,15901,3395,13840,방문·복지용구형,False,0.4890829694323144,비적용,False,기관존재,10.75806855141356,,206.40480360270203,10.425506121954177,,200.0242453630743,10.112888052681091,,194.0263405456256,2.704232438211433,3.106936416184971,95.9186046511628,6.67315445572084,False,수요비례,0,43.0,10.425506121954177
인천광역시|강화군,B01,재가노인복지시설 방문요양,인천광역시,강화군,28710,2026-06-10,18.0,6.0,18.0,0.0,0.0,0.0,0.0,398.0,True,3024,88,3112,3244.0,3376,69681,29163,13138,4054,8842,방문·복지용구형,False,0.4890829694323144,비적용,False,기관존재,5.784061696658098,,127.89203084832904,5.548705302096177,,122.68803945745994,5.33175355450237,,117.8909952606635,1.3700715481808494,2.035738520696675,180.22222222222223,6.67315445572084,True,수요비례,0,18.0,5.548705302096177
인천광역시|계양구,B01,재가노인복지시설 방문요양,인천광역시,계양구,28245,2026-06-10,77.0,0.0,89.0,0.0,0.0,0.0,0.0,2590.0,True,7179,59,7238,7326.5,7415,276309,58847,19525,5494,16883,방문·복지용구형,False,0.4890829694323144,비적용,False,기관존재,10.638297872340425,,357.83365570599614,10.509793216406196,,353.51122637002663,10.38435603506406,,349.29197572488204,3.9436619718309855,4.560800805544038,95.14935064935065,6.67315445572084,False,수요비례,0,77.0,10.509793216406196
인천광역시|남동구,B01,재가노인복지시설 방문요양,인천광역시,남동구,28200,2026-06-10,144.0,14.0,122.0,0.0,0.0,0.0,0.0,3022.0,True,14229,41,14270,14331.5,14393,479149,102290,37187,9525,30785,방문·복지용구형,False,0.4890829694323144,비적용,False,기관존재,10.091100210231255,,211.77295024526978,10.04779681122004,,210.86418030213167,10.004863475300493,,209.9631765441534,3.872320972382822,4.677602728601592,99.52430555555556,6.67315445572084,False,수요비례,0,144.0,10.04779681122004
인천광역시|동구,B01,재가노인복지시설 방문요양,인천광역시,동구,28140,2026-06-10,19.0,0.0,12.0,0.0,0.0,0.0,0.0,251.0,True,1867,96,1963,2107.0,2251,57926,16881,7340,1844,5377,방문·복지용구형,False,0.4890829694323144,비적용,False,기관존재,9.679062659195111,,127.86551197147222,9.017560512577123,,119.12672045562411,8.440693025322078,,111.50599733451799,2.588555858310627,3.5335689045936394,110.89473684210526,6.67315445572084,False,수요비례,0,19.0,9.017560512577123
인천광역시|미추홀구,B01,재가노인복지시설 방문요양,인천광역시,미추홀구,28170|28177,2026-06-10,136.0,0.0,151.0,0.0,0.0,0.0,0.0,3850.0,True,11547,56,11603,11687.0,11771,418211,92292,36936,9360,28578,방문·복지용구형,False,0.4890829694323144,비적용,False,기관존재,11.72110661035939,,331.8107386020857,11.636861470009412,,329.4258577907076,11.553818706991759,,327.07501486704615,3.6820446177171324,4.758905451746099,85.93382352941177,6.67315445572084,False,수요비례,0,136.0,11.636861470009412
인천광역시|부평구,B01,재가노인복지시설 방문요양,인천광역시,부평구,28237,2026-06-10,97.0,0.0,107.0,0.0,0.0,0.0,0.0,2869.0,True,12002,50,12052,12127.0,12202,488191,103325,37942,10185,28881,방문·복지용구형,False,0.4890829694323144,비적용,False,기관존재,8.048456687686691,,238.0517756388981,7.998680629999176,,236.57953327286222,7.9495164727093925,,235.12538928044583,2.5565336566338095,3.3586094664312176,125.02061855670104,6.67315445572084,False,수요비례,0,97.0,7.998680629999176
인천광역시|서구,B01,재가노인복지시설 방문요양,인천광역시,서구,28260,2026-06-10,146.0,0.0,111.0,1.0,0.0,0.0,0.0,3059.0,True,12367,48,12415,12487.0,12559,662875,98623,32986,8505,25967,방문·복지용구형,False,0.4890829694323144,비적용,False,기관존재,11.75996778091019,,246.3954893274265,11.69215984624009,,244.9747737647153,11.625129389282586,,243.57034795763994,4.426120172194264,5.622520891901259,85.52739726027397,6.67315445572084,False,수요비례,0,146.0,11.69215984624009
인천광역시|연수구,B01,재가노인복지시설 방문요양,인천광역시,연수구,28185,2026-06-10,62.0,15.0,55.0,0.0,0.0,0.0,0.0,1294.0,True,5594,78,5672,5789.0,5906,410290,60007,19906,5568,13029,방문·복지용구형,False,0.4890829694323144,비적용,False,기관존재,10.930888575458393,,228.13822284908323,10.709967179132837,,223.52737951286923,10.497798848628515,,219.09922113105318,3.1146388023711444,4.758615396423363,93.37096774193549,6.67315445572084,False,수요비례,0,62.0,10.709967179132837
인천광역시|옹진군,B01,재가노인복지시설 방문요양,인천광역시,옹진군,28720,2026-06-10,2.0,0.0,4.0,0.0,0.0,0.0,0.0,110.0,True,232,79,311,429.5,548,19340,7265,2909,852,2899,방문·복지용구형,False,0.4890829694323144,비적용,False,기관존재,6.430868167202572,,353.6977491961415,4.656577415599534,,256.1117578579744,3.6496350364963503,,200.72992700729927,0.6875214850464078,0.6898930665746809,214.75,6.67315445572084,True,수요비례,0,2.0,4.656577415599534
인천광역시|중구,B01,재가노인복지시설 방문요양,인천광역시,중구,28110,2026-06-10,34.0,0.0,26.0,0.0,0.0,0.0,0.0,700.0,True,3550,91,3641,3777.5,3914,179030,30100,11792,2945,9821,방문·복지용구형,False,0.4890829694323144,비적용,False,기관존재,9.338093930238946,,192.25487503433123,9.00066181336863,,185.30774321641297,8.686765457332651,,178.84517118037812,2.8833107191316145,3.461969249567254,111.1029411764706,6.67315445572084,False,수요비례,0,34.0,9.00066181336863
전라남도|강진군,B01,재가노인복지시설 방문요양,전라남도,강진군,46810,2026-06-10,8.0,0.0,14.0,0.0,0.0,0.0,0.0,247.0,True,1869,90,1959,2094.0,2229,31666,13064,6745,2318,5353,방문·복지용구형,False,0.4890829694323144,비적용,False,기관존재,4.083716181725371,,126.08473711077082,3.8204393505253105,,117.95606494746896,3.589053387169134,,110.81202332884702,1.1860637509266123,1.4944890715486643,261.75,6.67315445572084,True,수요비례,0,8.0,3.8204393505253105
전라남도|고흥군,B01,재가노인복지시설 방문요양,전라남도,고흥군,46770,2026-06-10,30.0,0.0,37.0,0.0,0.0,0.0,0.0,720.0,True,3601,101,3702,3853.5,4005,58976,28413,15132,5222,11626,방문·복지용구형,False,0.4890829694323144,비적용,False,기관존재,8.103727714748784,,194.48946515397083,7.785130400934216,,186.84312962242117,7.49063670411985,,179.7752808988764,1.9825535289452814,2.580423189403062,128.45,6.67315445572084,False,수요비례,0,30.0,7.785130400934216
전라남도|곡성군,B01,재가노인복지시설 방문요양,전라남도,곡성군,46720,2026-06-10,12.0,150.0,22.0,0.0,0.0,0.0,0.0,333.0,True,1551,87,1638,1768.5,1899,27657,11583,5962,2261,4598,방문·복지용구형,False,0.4890829694323144,비적용,False,기관존재,7.326007326007326,,203.2967032967033,6.785411365564038,,188.29516539440203,6.3191153238546605,,175.35545023696682,2.0127474002012744,2.609830361026533,147.375,6.67315445572084,False,수요비례,0,12.0,6.785411365564038
전라남도|광양시,B01,재가노인복지시설 방문요양,전라남도,광양시,46230,2026-06-10,35.0,50.0,31.0,0.0,0.0,0.0,0.0,768.0,True,3221,94,3315,3456.0,3597,155975,28148,10712,3253,9357,방문·복지용구형,False,0.4890829694323144,비적용,False,기관존재,10.558069381598793,,231.67420814479638,10.127314814814815,,222.2222222222222,9.730330831248262,,213.51125938281902,3.267363704256908,3.74051512236828,98.74285714285715,6.67315445572084,False,수요비례,0,35.0,10.127314814814815
전라남도|구례군,B01,재가노인복지시설 방문요양,전라남도,구례군,46730,2026-06-10,9.0,0.0,14.0,1.0,0.0,0.0,0.0,269.0,True,1541,94,1635,1776.0,1917,24337,10138,5148,1769,3929,방문·복지용구형,False,0.4890829694323144,비적용,False,기관존재,5.5045871559633035,,164.52599388379204,5.0675675675675675,,151.46396396396398,4.694835680751174,,140.32342201356286,1.7482517482517483,2.290659200814457,197.33333333333334,6.67315445572084,True,수요비례,0,9.0,5.0675675675675675
전라남도|나주시,B01,재가노인복지시설 방문요양,전라남도,나주시,46170,2026-06-10,45.0,95.0,48.0,0.0,0.0,0.0,0.0,1702.0,True,4619,110,4729,4894.0,5059,116691,30728,14290,4443,11896,방문·복지용구형,False,0.4890829694323144,비적용,False,기관존재,9.515753859166844,,359.90695707337704,9.194932570494483,,347.77278299959136,8.89503854516703,,336.4301245305396,3.1490552834149756,3.7827841291190314,108.75555555555556,6.67315445572084,False,수요비례,0,45.0,9.194932570494483
전라남도|담양군,B01,재가노인복지시설 방문요양,전라남도,담양군,46710,2026-06-10,15.0,80.0,15.0,0.0,0.0,0.0,0.0,329.0,True,2233,97,2330,2475.5,2621,44031,16914,8169,2684,5979,방문·복지용구형,False,0.4890829694323144,비적용,False,기관존재,6.437768240343348,,141.20171673819743,6.059381943041809,,132.90244395071701,5.723006486074018,,125.52460892789011,1.8362100624311422,2.5087807325639737,165.03333333333333,6.67315445572084,True,수요비례,0,15.0,6.059381943041809
전라남도|목포시,B01,재가노인복지시설 방문요양,전라남도,목포시,46110,2026-06-10,67.0,0.0,59.0,0.0,0.0,0.0,0.0,1696.0,True,6637,66,6703,6802.0,6901,199524,47425,19933,4793,18153,방문·복지용구형,False,0.4890829694323144,비적용,False,기관존재,9.995524392063256,,253.02103535730268,9.850044104675096,,249.3384298735666,9.70873786407767,,245.7614838429213,3.3612602217428384,3.690849997245634,101.5223880597015,6.67315445572084,False,수요비례,0,67.0,9.850044104675096
전라남도|무안군,B01,재가노인복지시설 방문요양,전라남도,무안군,46840,2026-06-10,22.0,34.0,21.0,0.0,0.0,0.0,0.0,473.0,True,2690,102,2792,2945.0,3098,95659,20837,9454,2740,7613,방문·복지용구형,False,0.4890829694323144,비적용,False,기관존재,7.8796561604584525,,169.41260744985672,7.470288624787775,,160.6112054329372,7.101355713363461,,152.6791478373144,2.3270573302305904,2.88979377380796,133.86363636363637,6.67315445572084,False,수요비례,0,22.0,7.470288624787775
전라남도|보성군,B01,재가노인복지시설 방문요양,전라남도,보성군,46780,2026-06-10,25.0,89.0,30.0,0.0,0.0,0.0,0.0,785.0,True,1887,109,1996,2159.5,2323,37559,16869,8935,3223,7049,방문·복지용구형,False,0.4890829694323144,비적용,False,기관존재,12.525050100200401,,393.28657314629254,11.57675387821255,,363.510071775874,10.76194575979337,,337.92509685751185,2.7979854504756574,3.5466023549439636,86.38,6.67315445572084,False,수요비례,0,25.0,11.57675387821255
전라남도|순천시,B01,재가노인복지시설 방문요양,전라남도,순천시,46150,2026-06-10,63.0,34.0,51.0,0.0,0.0,0.0,0.0,1787.0,True,7397,79,7476,7594.5,7713,274131,58612,24185,7216,19036,방문·복지용구형,False,0.4890829694323144,비적용,False,기관존재,8.426966292134832,,239.03156768325306,8.295476989926922,,235.30186319046678,8.168028004667445,,231.68676260858294,2.6049204052098407,3.3095188064719476,120.54761904761905,6.67315445572084,False,수요비례,0,63.0,8.295476989926922
전라남도|신안군,B01,재가노인복지시설 방문요양,전라남도,신안군,46910,2026-06-10,11.0,0.0,14.0,0.0,0.0,0.0,0.0,346.0,True,1722,87,1809,1939.5,2070,42319,16501,7936,2533,5513,방문·복지용구형,False,0.4890829694323144,비적용,False,기관존재,6.0807075732448865,,191.26589275843006,5.671564836298015,,178.39649394173756,5.314009661835749,,167.1497584541063,1.3860887096774195,1.9952838744785053,176.3181818181818,6.67315445572084,True,수요비례,0,11.0,5.671564836298015
전라남도|여수시,B01,재가노인복지시설 방문요양,전라남도,여수시,46130,2026-06-10,55.0,54.0,56.0,0.0,1.0,0.0,0.0,1541.0,True,7578,74,7652,7763.0,7874,260502,68279,28759,7275,21795,방문·복지용구형,False,0.4890829694323144,비적용,False,기관존재,7.187663355985363,,201.3852587558808,7.084889862166689,,198.5057323199794,6.98501397002794,,195.70739141478282,1.9124447998887304,2.5235145675613673,141.14545454545456,6.67315445572084,False,수요비례,0,55.0,7.084889862166689
전라남도|영광군,B01,재가노인복지시설 방문요양,전라남도,영광군,46870,2026-06-10,28.0,250.0,36.0,1.0,1.0,0.0,0.0,1107.0,True,2406,109,2515,2678.5,2842,53902,17674,8772,2681,6755,방문·복지용구형,False,0.4890829694323144,비적용,False,기관존재,11.133200795228628,,440.15904572564614,10.45361209632257,,413.29102109389584,9.852216748768473,,389.51442646023924,3.191974464204286,4.1450777202072535,95.66071428571429,6.67315445572084,False,수요비례,0,28.0,10.45361209632257
전라남도|영암군,B01,재가노인복지시설 방문요양,전라남도,영암군,46830,2026-06-10,10.0,0.0,16.0,0.0,0.0,0.0,0.0,450.0,True,2087,105,2192,2349.5,2507,50076,16430,8031,2651,6607,방문·복지용구형,False,0.4890829694323144,비적용,False,기관존재,4.562043795620437,,205.2919708029197,4.256224728665673,,191.5301127899553,3.988831272437176,,179.4974072596729,1.2451749470800646,1.5135462388375966,234.95,6.67315445572084,True,수요비례,0,10.0,4.256224728665673
전라남도|완도군,B01,재가노인복지시설 방문요양,전라남도,완도군,46890,2026-06-10,28.0,2178.0,40.0,0.0,0.0,0.0,0.0,698.0,True,2305,108,2413,2575.0,2737,44175,17538,9040,2813,6739,방문·복지용구형,False,0.4890829694323144,비적용,False,기관존재,11.603812681309574,,289.26647326978866,10.87378640776699,,271.06796116504853,10.230179028132993,,255.02374862988674,3.0973451327433628,4.154919127466983,91.96428571428571,6.67315445572084,False,수요비례,0,28.0,10.87378640776699
전라남도|장성군,B01,재가노인복지시설 방문요양,전라남도,장성군,46880,2026-06-10,19.0,11.0,34.0,0.0,0.0,0.0,0.0,833.0,True,2225,107,2332,2492.5,2653,43095,15429,7598,2493,5869,방문·복지용구형,False,0.4890829694323144,비적용,False,기관존재,8.147512864493997,,357.20411663807886,7.622868605817453,,334.2026078234704,7.161703731624576,,313.9841688654353,2.5006580679126085,3.2373487817345374,131.18421052631578,6.67315445572084,False,수요비례,0,19.0,7.622868605817453
전라남도|장흥군,B01,재가노인복지시설 방문요양,전라남도,장흥군,46800,2026-06-10,13.0,470.0,20.0,0.0,0.0,0.0,0.0,356.0,True,2204,101,2305,2456.5,2608,33952,13971,7241,2591,5826,방문·복지용구형,False,0.4890829694323144,비적용,False,기관존재,5.639913232104122,,154.4468546637744,5.292082230816202,,144.92163647465907,4.984662576687116,,136.50306748466255,1.7953321364452424,2.2313765877102645,188.96153846153845,6.67315445572084,True,수요비례,0,13.0,5.292082230816202
전라남도|진도군,B01,재가노인복지시설 방문요양,전라남도,진도군,46900,2026-06-10,13.0,0.0,18.0,0.0,0.0,0.0,0.0,413.0,True,1274,95,1369,1511.5,1654,27882,11249,5822,1935,4772,방문·복지용구형,False,0.4890829694323144,비적용,False,기관존재,9.495982468955443,,301.68005843681516,8.600727753886867,,273.2385047965597,7.8597339782345825,,249.6977025392987,2.232909653040192,2.724224643755239,116.26923076923077,6.67315445572084,False,수요비례,0,13.0,8.600727753886867
전라남도|함평군,B01,재가노인복지시설 방문요양,전라남도,함평군,46860,2026-06-10,18.0,383.0,17.0,0.0,0.0,0.0,0.0,355.0,True,1883,106,1989,2148.0,2307,29601,12736,6551,2301,5471,방문·복지용구형,False,0.4890829694323144,비적용,False,기관존재,9.04977375565611,,178.48164906988436,8.379888268156424,,165.27001862197395,7.802340702210663,,153.87949718248808,2.747672111128072,3.290074940595869,119.33333333333333,6.67315445572084,False,수요비례,0,18.0,8.379888268156424
전라남도|해남군,B01,재가노인복지시설 방문요양,전라남도,해남군,46820,2026-06-10,23.0,0.0,24.0,0.0,0.0,0.0,0.0,440.0,True,3024,100,3124,3274.0,3424,62027,24626,12186,3845,9400,방문·복지용구형,False,0.4890829694323144,비적용,False,기관존재,7.36235595390525,,140.84507042253523,7.025045815516188,,134.39218081857055,6.7172897196261685,,128.50467289719626,1.8874117840144429,2.4468085106382977,142.34782608695653,6.67315445572084,False,수요비례,0,23.0,7.025045815516188
전라남도|화순군,B01,재가노인복지시설 방문요양,전라남도,화순군,46790,2026-06-10,34.0,0.0,42.0,0.0,0.0,0.0,0.0,1092.0,True,2598,108,2706,2868.0,3030,59909,19853,9720,3287,7960,방문·복지용구형,False,0.4890829694323144,비적용,False,기관존재,12.564671101256469,,403.5476718403548,11.854951185495118,,380.7531380753138,11.221122112211221,,360.3960396039604,3.4979423868312756,4.2713567839195985,84.3529411764706,6.67315445572084,False,수요비례,0,34.0,11.854951185495118
전북특별자치도|고창군,B01,재가노인복지시설 방문요양,전북특별자치도,고창군,52790,2026-06-10,13.0,99.0,20.0,0.0,0.0,0.0,0.0,331.0,True,3225,93,3318,3457.5,3597,50071,20870,10809,3513,8300,방문·복지용구형,False,0.4890829694323144,비적용,False,기관존재,3.9180229053646776,,99.75889089813141,3.759942154736081,,95.73391178597252,3.614122880177926,,92.02112871837642,1.2027014524932926,1.5662650602409638,265.96153846153845,6.67315445572084,True,수요비례,0,13.0,3.759942154736081
전북특별자치도|군산시,B01,재가노인복지시설 방문요양,전북특별자치도,군산시,52130,2026-06-10,64.0,0.0,56.0,0.0,0.0,0.0,0.0,1509.0,True,8155,72,8227,8335.0,8443,255591,64219,27084,6918,21796,방문·복지용구형,False,0.4890829694323144,비적용,False,기관존재,7.779263400996718,,183.42044487662574,7.678464307138572,,181.04379124175165,7.5802439891033995,,178.72794030557858,2.363018756461379,2.9363185905670766,130.234375,6.67315445572084,False,수요비례,0,64.0,7.678464307138572
전북특별자치도|김제시,B01,재가노인복지시설 방문요양,전북특별자치도,김제시,52210,2026-06-10,29.0,0.0,36.0,0.0,0.0,0.0,0.0,670.0,True,4039,99,4138,4286.5,4435,81631,30000,14820,4894,11803,방문·복지용구형,False,0.4890829694323144,비적용,False,기관존재,7.008216529724505,,161.91396810053166,6.765426338504608,,156.3046774757961,6.538895152198422,,151.07102593010146,1.9568151147098516,2.457002457002457,147.81034482758622,6.67315445572084,False,수요비례,0,29.0,6.765426338504608
전북특별자치도|남원시,B01,재가노인복지시설 방문요양,전북특별자치도,남원시,52190,2026-06-10,34.0,0.0,43.0,0.0,0.0,0.0,0.0,943.0,True,3774,102,3876,4029.0,4182,73812,26161,12932,4320,9910,방문·복지용구형,False,0.4890829694323144,비적용,False,기관존재,8.771929824561402,,243.29205366357067,8.438818565400844,,234.05311491685282,8.130081300813009,,225.49019607843138,2.629137024435509,3.43087790110999,118.5,6.67315445572084,False,수요비례,0,34.0,8.438818565400844
전북특별자치도|무주군,B01,재가노인복지시설 방문요양,전북특별자치도,무주군,52730,2026-06-10,12.0,110.0,13.0,0.0,0.0,0.0,0.0,352.0,True,860,94,954,1095.0,1236,23326,9356,4527,1606,3691,방문·복지용구형,False,0.4890829694323144,비적용,False,기관존재,12.578616352201259,,368.97274633123686,10.95890410958904,,321.46118721461187,9.70873786407767,,284.78964401294496,2.6507620941020544,3.251151449471688,91.25,6.67315445572084,False,수요비례,0,12.0,10.95890410958904
전북특별자치도|부안군,B01,재가노인복지시설 방문요양,전북특별자치도,부안군,52800,2026-06-10,18.0,10.0,20.0,0.0,0.0,0.0,0.0,347.0,True,2335,97,2432,2577.5,2723,46946,19234,9604,2995,8057,방문·복지용구형,False,0.4890829694323144,비적용,False,기관존재,7.401315789473684,,142.6809210526316,6.9835111542192045,,134.62657613967022,6.6103562247521115,,127.43297833272126,1.8742190753852561,2.2340821645773863,143.19444444444446,6.67315445572084,False,수요비례,0,18.0,6.9835111542192045
전북특별자치도|순창군,B01,재가노인복지시설 방문요양,전북특별자치도,순창군,52770,2026-06-10,4.0,0.0,4.0,0.0,0.0,0.0,0.0,51.0,True,1211,96,1307,1451.0,1595,27584,10831,5487,1893,4119,방문·복지용구형,False,0.4890829694323144,비적용,False,기관존재,3.06044376434583,,39.02065799540933,2.7567195037904892,,35.148173673328735,2.5078369905956115,,31.97492163009404,0.7289958082741025,0.9711094925952901,362.75,6.67315445572084,True,수요비례,0,4.0,2.7567195037904892
전북특별자치도|완주군,B01,재가노인복지시설 방문요양,전북특별자치도,완주군,52710,2026-06-10,34.0,0.0,35.0,0.0,0.0,0.0,0.0,804.0,True,3721,88,3809,3941.0,4073,100102,27560,12072,3663,9016,방문·복지용구형,False,0.4890829694323144,비적용,False,기관존재,8.926227356261485,,211.0790233657128,8.627251966505963,,204.0091347373763,8.347655290940338,,197.39749570341272,2.8164347249834325,3.771073646850044,115.91176470588235,6.67315445572084,False,수요비례,0,34.0,8.627251966505963
전북특별자치도|익산시,B01,재가노인복지시설 방문요양,전북특별자치도,익산시,52140,2026-06-10,74.0,55.0,74.0,0.0,0.0,0.0,0.0,2102.0,True,9546,66,9612,9711.0,9810,266758,70191,30008,8377,23906,방문·복지용구형,False,0.4890829694323144,비적용,False,기관존재,7.698709945900958,,218.6849771119434,7.620224487694368,,216.4555658531562,7.543323139653415,,214.2711518858308,2.4660090642495334,3.0954572073956332,131.22972972972974,6.67315445572084,False,수요비례,0,74.0,7.620224487694368
전북특별자치도|임실군,B01,재가노인복지시설 방문요양,전북특별자치도,임실군,52750,2026-06-10,11.0,30.0,10.0,0.0,0.0,0.0,0.0,189.0,True,1367,92,1459,1597.0,1735,25342,11198,5797,2069,4625,방문·복지용구형,False,0.4890829694323144,비적용,False,기관존재,7.539410555174777,,129.5407813570939,6.88791484032561,,118.34690043832185,6.340057636887608,,108.93371757925071,1.8975332068311195,2.3783783783783785,145.1818181818182,6.67315445572084,False,수요비례,0,11.0,6.88791484032561
전북특별자치도|장수군,B01,재가노인복지시설 방문요양,전북특별자치도,장수군,52740,2026-06-10,6.0,0.0,8.0,0.0,0.0,0.0,0.0,131.0,True,630,82,712,835.0,958,21169,8755,4227,1457,3301,방문·복지용구형,False,0.4890829694323144,비적용,False,기관존재,8.426966292134832,,183.98876404494382,7.18562874251497,,156.88622754491018,6.263048016701462,,136.74321503131523,1.4194464158978,1.8176310209027569,139.16666666666666,6.67315445572084,False,수요비례,0,6.0,7.18562874251497
전북특별자치도|전주시,B01,재가노인복지시설 방문요양,전북특별자치도,전주시,52111|52113,2026-06-10,152.0,0.0,157.0,1.0,0.0,0.0,0.0,3490.0,True,17659,42,17701,17764.0,17827,620874,126989,53201,13900,39699,방문·복지용구형,False,0.4890829694323144,비적용,False,기관존재,8.58708547539687,,197.1640020337834,8.556631389326727,,196.46476018914657,8.526392550625456,,195.77046053738712,2.8570891524595403,3.8288118088616843,116.86842105263158,6.67315445572084,False,수요비례,0,152.0,8.556631389326727
전북특별자치도|정읍시,B01,재가노인복지시설 방문요양,전북특별자치도,정읍시,52180,2026-06-10,40.0,44.0,38.0,0.0,0.0,0.0,0.0,810.0,True,5149,99,5248,5396.5,5545,100738,34282,16976,5535,13435,방문·복지용구형,False,0.4890829694323144,비적용,False,기관존재,7.621951219512195,,154.34451219512195,7.412211618641712,,150.09728527749468,7.213706041478809,,146.0775473399459,2.3562676720075397,2.97729810197246,134.9125,6.67315445572084,False,수요비례,0,40.0,7.412211618641712
전북특별자치도|진안군,B01,재가노인복지시설 방문요양,전북특별자치도,진안군,52720,2026-06-10,10.0,20.0,10.0,0.0,0.0,0.0,0.0,153.0,True,1111,91,1202,1338.5,1475,24689,10514,5098,1720,4020,방문·복지용구형,False,0.4890829694323144,비적용,False,기관존재,8.319467554076539,,127.28785357737105,7.4710496824803885,,114.30706014194995,6.779661016949152,,103.72881355932203,1.9615535504119261,2.487562189054726,133.85,6.67315445572084,False,수요비례,0,10.0,7.4710496824803885
제주특별자치도|서귀포시,B01,재가노인복지시설 방문요양,제주특별자치도,서귀포시,50130,2026-06-10,21.0,0.0,26.0,0.0,0.0,0.0,0.0,444.0,True,3209,90,3299,3434.0,3569,178669,44626,19711,6127,14483,방문·복지용구형,False,0.4890829694323144,비적용,False,기관존재,6.365565322825098,,134.58623825401637,6.11531741409435,,129.2952824694234,5.884001120762118,,124.40459512468479,1.0653949571305361,1.4499758337361044,163.52380952380952,6.67315445572084,True,수요비례,0,21.0,6.11531741409435
제주특별자치도|제주시,B01,재가노인복지시설 방문요양,제주특별자치도,제주시,50110,2026-06-10,73.0,0.0,76.0,0.0,0.0,0.0,0.0,1876.0,True,9181,48,9229,9301.0,9373,484123,92096,38161,11631,28560,방문·복지용구형,False,0.4890829694323144,비적용,False,기관존재,7.909849387799327,,203.27229385632245,7.8486184281260085,,201.69874207074508,7.788328176677691,,200.14936519790888,1.9129477739052958,2.5560224089635857,127.41095890410959,6.67315445572084,False,수요비례,0,73.0,7.8486184281260085
충청남도|계룡시,B01,재가노인복지시설 방문요양,충청남도,계룡시,44250,2026-06-10,8.0,14.0,7.0,0.0,0.0,0.0,0.0,151.0,True,570,99,669,817.5,966,45959,7812,2778,802,2137,방문·복지용구형,False,0.4890829694323144,비적용,False,기관존재,11.958146487294469,,225.7100149476831,9.785932721712538,,184.70948012232415,8.281573498964804,,156.31469979296068,2.8797696184305255,3.743565746373421,102.1875,6.67315445572084,False,수요비례,0,8.0,9.785932721712538
충청남도|공주시,B01,재가노인복지시설 방문요양,충청남도,공주시,44150,2026-06-10,27.0,0.0,16.0,0.0,0.0,0.0,0.0,566.0,True,4646,78,4724,4841.0,4958,99757,34013,14950,4871,10962,방문·복지용구형,False,0.4890829694323144,비적용,False,기관존재,5.71549534292972,,119.81371718882302,5.577360049576534,,116.91799215038215,5.445744251714401,,114.15893505445744,1.806020066889632,2.4630541871921183,179.2962962962963,6.67315445572084,True,수요비례,0,27.0,5.577360049576534
충청남도|금산군,B01,재가노인복지시설 방문요양,충청남도,금산군,44710,2026-06-10,21.0,0.0,19.0,0.0,0.0,0.0,0.0,535.0,True,2718,90,2808,2943.0,3078,48939,19220,8672,2741,6934,방문·복지용구형,False,0.4890829694323144,비적용,False,기관존재,7.478632478632479,,190.52706552706553,7.135575942915392,,181.787291879035,6.82261208576998,,173.8141650422352,2.421586715867159,3.0285549466397463,140.14285714285714,6.67315445572084,False,수요비례,0,21.0,7.135575942915392
충청남도|논산시,B01,재가노인복지시설 방문요양,충청남도,논산시,44230,2026-06-10,41.0,14.0,42.0,0.0,0.0,0.0,0.0,1344.0,True,5702,74,5776,5887.0,5998,105977,36530,16482,5319,13123,방문·복지용구형,False,0.4890829694323144,비적용,False,기관존재,7.098337950138504,,232.68698060941827,6.9644980465432305,,228.2996432818074,6.835611870623541,,224.07469156385463,2.487562189054726,3.1242856054255888,143.58536585365854,6.67315445572084,False,수요비례,0,41.0,6.9644980465432305
충청남도|당진시,B01,재가노인복지시설 방문요양,충청남도,당진시,44270,2026-06-10,43.0,0.0,44.0,0.0,0.0,0.0,0.0,1111.0,True,5566,94,5660,5801.0,5942,172400,40186,17520,5599,12923,방문·복지용구형,False,0.4890829694323144,비적용,False,기관존재,7.597173144876325,,196.28975265017667,7.412515083606275,,191.5187036717807,7.236620666442276,,186.9740828004039,2.454337899543379,3.327400758337847,134.90697674418604,6.67315445572084,False,수요비례,0,43.0,7.412515083606275
충청남도|보령시,B01,재가노인복지시설 방문요양,충청남도,보령시,44180,2026-06-10,36.0,9999.0,39.0,1.0,0.0,0.0,0.0,1099.0,True,3655,84,3739,3865.0,3991,91260,31418,14017,4166,10884,방문·복지용구형,False,0.4890829694323144,비적용,False,기관존재,9.628242845680663,,293.928857983418,9.314359637774903,,284.3467011642949,9.020295665246804,,275.36958155850664,2.5683099093957336,3.3076074972436604,107.36111111111111,6.67315445572084,False,수요비례,0,36.0,9.314359637774903
충청남도|부여군,B01,재가노인복지시설 방문요양,충청남도,부여군,44760,2026-06-10,21.0,40.0,25.0,0.0,1.0,0.0,0.0,552.0,True,3223,88,3311,3443.0,3575,57762,25613,12293,4226,8850,방문·복지용구형,False,0.4890829694323144,비적용,False,기관존재,6.342494714587738,,166.71700392630626,6.099331977926227,,160.3252977054894,5.874125874125874,,154.4055944055944,1.7082892703164403,2.3728813559322033,163.95238095238096,6.67315445572084,True,수요비례,0,21.0,6.099331977926227
충청남도|서산시,B01,재가노인복지시설 방문요양,충청남도,서산시,44210,2026-06-10,59.0,30.0,74.0,0.0,0.0,0.0,0.0,2015.0,True,6145,80,6225,6345.0,6465,171136,41975,18609,5961,12444,방문·복지용구형,False,0.4890829694323144,비적용,False,기관존재,9.477911646586346,,323.6947791164659,9.29866036249015,,317.57289204097714,9.126063418406806,,311.67826759474093,3.1705088935461334,4.741240758598521,107.54237288135593,6.67315445572084,False,수요비례,0,59.0,9.29866036249015
충청남도|서천군,B01,재가노인복지시설 방문요양,충청남도,서천군,44770,2026-06-10,29.0,83.0,31.0,0.0,0.0,0.0,0.0,725.0,True,2942,89,3031,3164.5,3298,46761,20945,10411,3506,7437,방문·복지용구형,False,0.4890829694323144,비적용,False,기관존재,9.567799406136588,,239.19498515341473,9.16416495496919,,229.10412387422974,8.793208004851426,,219.83020012128563,2.785515320334262,3.8994218098695708,109.12068965517241,6.67315445572084,False,수요비례,0,29.0,9.16416495496919
충청남도|아산시,B01,재가노인복지시설 방문요양,충청남도,아산시,44200,2026-06-10,57.0,0.0,57.0,0.0,0.0,0.0,0.0,1735.0,True,6933,57,6990,7075.5,7161,363678,59018,23699,6956,18666,방문·복지용구형,False,0.4890829694323144,비적용,False,기관존재,8.15450643776824,,248.21173104434908,8.055967776128897,,245.21235248392338,7.959782153330542,,242.2845971233068,2.4051647748850162,3.053680488588878,124.13157894736842,6.67315445572084,False,수요비례,0,57.0,8.055967776128897
충청남도|예산군,B01,재가노인복지시설 방문요양,충청남도,예산군,44810,2026-06-10,24.0,428.0,26.0,0.0,0.0,0.0,0.0,607.0,True,3281,94,3375,3516.0,3657,78318,29283,13548,4468,9243,방문·복지용구형,False,0.4890829694323144,비적용,False,기관존재,7.111111111111112,,179.85185185185185,6.825938566552901,,172.63936291240046,6.562756357670222,,165.9830462127427,1.7714791851195748,2.596559558584875,146.5,6.67315445572084,False,수요비례,0,24.0,6.825938566552901
충청남도|천안시,B01,재가노인복지시설 방문요양,충청남도,천안시,44131|44133,2026-06-10,90.0,0.0,84.0,0.0,0.0,0.0,0.0,2792.0,True,11957,33,11990,12039.5,12089,666182,105051,38353,10924,30856,방문·복지용구형,False,0.4890829694323144,비적용,False,기관존재,7.506255212677231,,232.86071726438698,7.4753934964076585,,231.9033182441131,7.44478451484821,,230.95375961618,2.3466221677574115,2.916774695359087,133.7722222222222,6.67315445572084,False,수요비례,0,90.0,7.4753934964076585
충청남도|청양군,B01,재가노인복지시설 방문요양,충청남도,청양군,44790,2026-06-10,7.0,0.0,6.0,0.0,0.0,0.0,0.0,174.0,True,1360,94,1454,1595.0,1736,30051,12963,6170,2203,4309,방문·복지용구형,False,0.4890829694323144,비적용,False,기관존재,4.814305364511692,,119.66987620357635,4.38871473354232,,109.09090909090908,4.032258064516129,,100.23041474654377,1.13452188006483,1.6245068461359944,227.85714285714286,6.67315445572084,True,수요비례,0,7.0,4.38871473354232
충청남도|태안군,B01,재가노인복지시설 방문요양,충청남도,태안군,44825,2026-06-10,21.0,5.0,15.0,0.0,0.0,0.0,0.0,406.0,True,2313,102,2415,2568.0,2721,59039,24025,11079,3204,8296,방문·복지용구형,False,0.4890829694323144,비적용,False,기관존재,8.695652173913043,,168.1159420289855,8.177570093457943,,158.09968847352025,7.717750826901874,,149.2098493201029,1.8954779312212293,2.531340405014465,122.28571428571429,6.67315445572084,False,수요비례,0,21.0,8.177570093457943
충청남도|홍성군,B01,재가노인복지시설 방문요양,충청남도,홍성군,44800,2026-06-10,22.0,0.0,27.0,0.0,0.0,0.0,0.0,620.0,True,3902,88,3990,4122.0,4254,101566,29222,13454,4438,9328,방문·복지용구형,False,0.4890829694323144,비적용,False,기관존재,5.513784461152882,,155.38847117794487,5.337214944201844,,150.41242115477922,5.171603196991067,,145.7451810061119,1.6352014270848818,2.3584905660377355,187.36363636363637,6.67315445572084,True,수요비례,0,22.0,5.337214944201844
충청북도|괴산군,B01,재가노인복지시설 방문요양,충청북도,괴산군,43760,2026-06-10,12.0,0.0,10.0,0.0,0.0,0.0,0.0,208.0,True,1319,110,1429,1594.0,1759,37415,16412,6859,2185,5875,방문·복지용구형,False,0.4890829694323144,비적용,False,기관존재,8.397480755773268,,145.55633310007,7.52823086574655,,130.48933500627354,6.822057987492894,,118.24900511654349,1.7495261699956262,2.0425531914893615,132.83333333333334,6.67315445572084,False,수요비례,0,12.0,7.52823086574655
충청북도|단양군,B01,재가노인복지시설 방문요양,충청북도,단양군,43800,2026-06-10,7.0,14.0,9.0,0.0,0.0,0.0,0.0,167.0,True,876,89,965,1098.5,1232,26628,11286,4582,1306,4144,방문·복지용구형,False,0.4890829694323144,비적용,False,기관존재,7.253886010362694,,173.05699481865287,6.372325898953117,,152.0254893035958,5.681818181818182,,135.55194805194807,1.5277171540811874,1.6891891891891893,156.92857142857142,6.67315445572084,True,수요비례,0,7.0,6.372325898953117
충청북도|보은군,B01,재가노인복지시설 방문요양,충청북도,보은군,43720,2026-06-10,10.0,0.0,15.0,0.0,0.0,0.0,0.0,377.0,True,1601,101,1702,1853.5,2005,31181,13525,6040,2117,4769,방문·복지용구형,False,0.4890829694323144,비적용,False,기관존재,5.875440658049354,,221.50411280846063,5.395198273536552,,203.39897491232801,4.987531172069826,,188.02992518703243,1.6556291390728477,2.0968756552736423,185.35,6.67315445572084,True,수요비례,0,10.0,5.395198273536552
충청북도|영동군,B01,재가노인복지시설 방문요양,충청북도,영동군,43740,2026-06-10,10.0,80.0,15.0,0.0,0.0,0.0,0.0,303.0,True,2380,105,2485,2642.5,2800,43011,17768,7907,2438,6398,방문·복지용구형,False,0.4890829694323144,비적용,False,기관존재,4.024144869215292,,121.93158953722335,3.7842951750236518,,114.66414380321666,3.571428571428571,,108.21428571428572,1.2647021626406982,1.5629884338855893,264.25,6.67315445572084,True,수요비례,0,10.0,3.7842951750236518
충청북도|옥천군,B01,재가노인복지시설 방문요양,충청북도,옥천군,43730,2026-06-10,12.0,0.0,15.0,0.0,0.0,0.0,0.0,460.0,True,2232,105,2337,2494.5,2652,50547,18901,8024,2510,6548,방문·복지용구형,False,0.4890829694323144,비적용,False,기관존재,5.134788189987162,,196.83354728284124,4.810583283223091,,184.40569252355183,4.524886877828055,,173.45399698340873,1.4955134596211366,1.832620647525962,207.875,6.67315445572084,True,수요비례,0,12.0,4.810583283223091
충청북도|음성군,B01,재가노인복지시설 방문요양,충청북도,음성군,43770,2026-06-10,13.0,10.0,14.0,0.0,0.0,0.0,0.0,368.0,True,2567,81,2648,2769.5,2891,95954,26403,10169,3192,9003,방문·복지용구형,False,0.4890829694323144,비적용,False,기관존재,4.909365558912387,,138.97280966767372,4.693988084491785,,132.87597039176745,4.496713939813214,,127.29159460394327,1.2783951224309176,1.4439631234033101,213.03846153846155,6.67315445572084,True,수요비례,0,13.0,4.693988084491785
충청북도|제천시,B01,재가노인복지시설 방문요양,충청북도,제천시,43150,2026-06-10,39.0,168.0,55.0,0.0,0.0,0.0,0.0,1125.0,True,4413,85,4498,4625.5,4753,128192,38381,15030,4366,13017,방문·복지용구형,False,0.4890829694323144,비적용,False,기관존재,8.670520231213873,,250.1111605157848,8.431520916657659,,243.21694951897092,8.205343993267409,,236.69261519040606,2.594810379241517,2.9960820465545055,118.6025641025641,6.67315445572084,False,수요비례,0,39.0,8.431520916657659
충청북도|증평군,B01,재가노인복지시설 방문요양,충청북도,증평군,43745,2026-06-10,7.0,0.0,11.0,0.0,0.0,0.0,0.0,254.0,True,916,117,1033,1208.5,1384,36741,8781,3437,1017,3173,방문·복지용구형,False,0.4890829694323144,비적용,False,기관존재,6.7763794772507255,,245.88576960309777,5.792304509722797,,210.17790649565578,5.057803468208093,,183.52601156069366,2.0366598778004072,2.206114087614245,172.64285714285714,6.67315445572084,True,수요비례,0,7.0,5.792304509722797
충청북도|진천군,B01,재가노인복지시설 방문요양,충청북도,진천군,43750,2026-06-10,13.0,0.0,8.0,0.0,0.0,0.0,0.0,166.0,True,1705,105,1810,1967.5,2125,85569,18464,7278,2457,5943,방문·복지용구형,False,0.4890829694323144,비적용,False,기관존재,7.18232044198895,,91.71270718232044,6.6073697585768745,,84.3710292249047,6.11764705882353,,78.11764705882352,1.7862050013740038,2.187447417129396,151.34615384615384,6.67315445572084,True,수요비례,0,13.0,6.6073697585768745
충청북도|청주시,B01,재가노인복지시설 방문요양,충청북도,청주시,43111|43112|43113|43114,2026-06-10,159.0,89.0,137.0,0.0,0.0,0.0,0.0,3931.0,True,20499,39,20538,20596.5,20655,859571,157589,58507,16628,47494,방문·복지용구형,False,0.4890829694323144,비적용,False,기관존재,7.741747005550687,,191.4013048982374,7.719758211346588,,190.85766999247446,7.697893972403777,,190.31711450012105,2.717623532226913,3.3477912999536783,129.53773584905662,6.67315445572084,False,수요비례,0,159.0,7.719758211346588
충청북도|충주시,B01,재가노인복지시설 방문요양,충청북도,충주시,43130,2026-06-10,50.0,16.0,52.0,0.0,0.0,0.0,0.0,1646.0,True,6294,72,6366,6474.0,6582,205978,54980,21862,6879,17685,방문·복지용구형,False,0.4890829694323144,비적용,False,기관존재,7.854225573358466,,258.56110587496073,7.723200494284831,,254.24776027185663,7.596475235490732,,250.07596475235488,2.287073460799561,2.827254735651682,129.48,6.67315445572084,False,수요비례,0,50.0,7.723200494284831
강원특별자치도|강릉시,B01,재가노인복지시설 방문요양,강원특별자치도,강릉시,51150,2026-06-10,75.0,12.0,112.0,0.0,0.0,0.0,0.0,2485.0,True,7060,72,7132,7240.0,7348,205666,58369,24461,7119,19502,방문·복지용구형,False,0.4890829694323144,비적용,False,기관존재,10.515984296130117,,348.42961301177786,10.359116022099448,,343.23204419889504,10.20685900925422,,338.1872618399565,3.06610522873145,3.8457594092913547,96.53333333333333,6.67315445572084,False,취약지역우선,0,75.0,10.359116022099448
강원특별자치도|고성군,B01,재가노인복지시설 방문요양,강원특별자치도,고성군,51820,2026-06-10,5.0,0.0,9.0,0.0,0.0,0.0,0.0,152.0,True,573,106,679,838.0,997,27204,9753,4272,1315,3771,방문·복지용구형,False,0.4890829694323144,비적용,False,기관존재,7.363770250368188,,223.85861561119293,5.966587112171838,,181.38424821002386,5.015045135406218,,152.45737211634906,1.1704119850187267,1.3259082471492973,167.6,6.67315445572084,True,취약지역우선,0,5.0,5.966587112171838
강원특별자치도|동해시,B01,재가노인복지시설 방문요양,강원특별자치도,동해시,51170,2026-06-10,30.0,200.0,53.0,1.0,0.0,0.0,0.0,1154.0,True,2467,97,2564,2709.5,2855,85589,23433,9519,2573,8150,방문·복지용구형,False,0.4890829694323144,비적용,False,기관존재,11.700468018720748,,450.0780031201248,11.072153533862336,,425.9088392692379,10.507880910683012,,404.2031523642732,3.1515915537346357,3.6809815950920246,90.31666666666666,6.67315445572084,False,취약지역우선,0,30.0,11.072153533862336
강원특별자치도|삼척시,B01,재가노인복지시설 방문요양,강원특별자치도,삼척시,51230,2026-06-10,27.0,0.0,47.0,0.0,0.0,0.0,0.0,876.0,True,1749,99,1848,1996.5,2145,60294,19952,8733,2675,7413,방문·복지용구형,False,0.4890829694323144,비적용,False,기관존재,14.61038961038961,,474.025974025974,13.5236664162284,,438.7678437265214,12.587412587412588,,408.3916083916084,3.091721058055651,3.6422501011736137,73.94444444444444,6.67315445572084,False,취약지역우선,0,27.0,13.5236664162284
강원특별자치도|속초시,B01,재가노인복지시설 방문요양,강원특별자치도,속초시,51210,2026-06-10,23.0,0.0,31.0,1.0,0.0,0.0,0.0,622.0,True,1619,101,1720,1871.5,2023,78893,21146,8109,2208,7604,방문·복지용구형,False,0.4890829694323144,비적용,False,기관존재,13.372093023255815,,361.62790697674416,12.289607266898209,,332.3537269569864,11.369253583786456,,307.4641621354424,2.8363546676532247,3.0247238295633876,81.3695652173913,6.67315445572084,False,취약지역우선,0,23.0,12.289607266898209
강원특별자치도|양구군,B01,재가노인복지시설 방문요양,강원특별자치도,양구군,51800,2026-06-10,2.0,100.0,4.0,0.0,0.0,0.0,0.0,65.0,True,295,104,399,555.0,711,20372,5891,2428,770,1993,방문·복지용구형,False,0.4890829694323144,비적용,False,기관존재,5.012531328320802,,162.90726817042605,3.6036036036036037,,117.11711711711712,2.8129395218002813,,91.42053445850914,0.8237232289950577,1.0035122930255895,277.5,6.67315445572084,True,취약지역우선,0,2.0,3.6036036036036037
강원특별자치도|양양군,B01,재가노인복지시설 방문요양,강원특별자치도,양양군,51830,2026-06-10,8.0,0.0,20.0,0.0,0.0,0.0,0.0,290.0,True,752,104,856,1012.0,1168,27326,10299,4516,1330,3708,방문·복지용구형,False,0.4890829694323144,비적용,False,기관존재,9.345794392523365,,338.78504672897196,7.905138339920948,,286.5612648221344,6.8493150684931505,,248.2876712328767,1.7714791851195748,2.157497303128371,126.5,6.67315445572084,False,취약지역우선,0,8.0,7.905138339920948
강원특별자치도|영월군,B01,재가노인복지시설 방문요양,강원특별자치도,영월군,51750,2026-06-10,11.0,0.0,24.0,0.0,0.0,0.0,0.0,428.0,True,1118,104,1222,1378.0,1534,35714,14054,5789,1736,5502,방문·복지용구형,False,0.4890829694323144,비적용,False,기관존재,9.00163666121113,,350.2454991816694,7.982583454281567,,310.5950653120465,7.170795306388526,,279.00912646675357,1.9001554672655037,1.9992729916394036,125.27272727272727,6.67315445572084,False,취약지역우선,0,11.0,7.982583454281567
강원특별자치도|원주시,B01,재가노인복지시설 방문요양,강원특별자치도,원주시,51130,2026-06-10,98.0,0.0,128.0,0.0,0.0,0.0,0.0,3055.0,True,9086,57,9143,9228.5,9314,364811,76544,28432,9014,23947,방문·복지용구형,False,0.4890829694323144,비적용,False,기관존재,10.718582522148091,,334.1354041343104,10.619277238987918,,331.03971392967435,10.521795147090401,,328.0008589220528,3.446820483961733,4.092370651856182,94.16836734693878,6.67315445572084,False,취약지역우선,0,98.0,10.619277238987918
강원특별자치도|인제군,B01,재가노인복지시설 방문요양,강원특별자치도,인제군,51810,2026-06-10,5.0,0.0,9.0,0.0,0.0,0.0,0.0,179.0,True,366,98,464,611.0,758,30771,8679,3266,1044,3008,방문·복지용구형,False,0.4890829694323144,비적용,False,기관존재,10.775862068965518,,385.7758620689655,8.183306055646481,,292.9623567921441,6.596306068601583,,236.14775725593668,1.5309246785058175,1.6622340425531914,122.2,6.67315445572084,False,취약지역우선,0,5.0,8.183306055646481
강원특별자치도|정선군,B01,재가노인복지시설 방문요양,강원특별자치도,정선군,51770,2026-06-10,6.0,160.0,10.0,0.0,0.0,0.0,0.0,228.0,True,828,94,922,1063.0,1204,35128,12956,5166,1434,4985,방문·복지용구형,False,0.4890829694323144,비적용,False,기관존재,6.507592190889371,,247.28850325379608,5.644402634054563,,214.4873000940734,4.983388704318936,,189.3687707641196,1.1614401858304297,1.2036108324974926,177.16666666666666,6.67315445572084,True,취약지역우선,0,6.0,5.644402634054563
강원특별자치도|철원군,B01,재가노인복지시설 방문요양,강원특별자치도,철원군,51780,2026-06-10,11.0,10.0,9.0,0.0,0.0,0.0,0.0,425.0,True,910,99,1009,1157.5,1306,39711,12246,5474,1544,4022,방문·복지용구형,False,0.4890829694323144,비적용,False,기관존재,10.901883052527255,,421.20911793855305,9.503239740820735,,367.170626349892,8.422664624808576,,325.42113323124045,2.009499451954695,2.7349577324714076,105.22727272727273,6.67315445572084,False,취약지역우선,0,11.0,9.503239740820735
강원특별자치도|춘천시,B01,재가노인복지시설 방문요양,강원특별자치도,춘천시,51110,2026-06-10,109.0,100.0,133.0,1.0,0.0,0.0,0.0,3710.0,True,8583,47,8630,8700.5,8771,285027,66488,27039,8591,19960,방문·복지용구형,False,0.4890829694323144,비적용,False,기관존재,12.630359212050985,,429.8957126303592,12.528015631285559,,426.4122751566002,12.427317295633337,,422.9848363926576,4.03121417212175,5.460921843687375,79.8211009174312,6.67315445572084,False,취약지역우선,0,109.0,12.528015631285559
강원특별자치도|태백시,B01,재가노인복지시설 방문요양,강원특별자치도,태백시,51190,2026-06-10,8.0,70.0,18.0,1.0,0.0,0.0,0.0,242.0,True,751,109,860,1023.5,1187,36811,12421,5202,1310,4911,방문·복지용구형,False,0.4890829694323144,비적용,False,기관존재,9.30232558139535,,281.39534883720927,7.816316560820713,,236.44357596482658,6.739679865206402,,203.87531592249368,1.5378700499807767,1.6289961311341885,127.9375,6.67315445572084,False,취약지역우선,0,8.0,7.816316560820713
강원특별자치도|평창군,B01,재가노인복지시설 방문요양,강원특별자치도,평창군,51760,2026-06-10,11.0,80.0,20.0,0.0,0.0,0.0,0.0,438.0,True,935,99,1034,1182.5,1331,39897,15356,6017,1801,5414,방문·복지용구형,False,0.4890829694323144,비적용,False,기관존재,10.638297872340425,,423.5976789168279,9.30232558139535,,370.4016913319239,8.264462809917356,,329.0758827948911,1.8281535648994516,2.031769486516439,107.5,6.67315445572084,False,취약지역우선,0,11.0,9.30232558139535
강원특별자치도|홍천군,B01,재가노인복지시설 방문요양,강원특별자치도,홍천군,51720,2026-06-10,17.0,50.0,24.0,0.0,0.0,0.0,0.0,489.0,True,1921,97,2018,2163.5,2309,65849,24363,9432,3072,8014,방문·복지용구형,False,0.4890829694323144,비적용,False,기관존재,8.424182358771061,,242.3191278493558,7.85763808643402,,226.02264848624915,7.36249458640104,,211.77999133824164,1.8023748939779474,2.1212877464437234,127.26470588235294,6.67315445572084,False,취약지역우선,0,17.0,7.85763808643402
강원특별자치도|화천군,B01,재가노인복지시설 방문요양,강원특별자치도,화천군,51790,2026-06-10,4.0,42.0,8.0,0.0,0.0,0.0,0.0,145.0,True,382,77,459,574.5,690,22579,6942,2935,954,2460,방문·복지용구형,False,0.4890829694323144,비적용,False,기관존재,8.71459694989107,,315.9041394335512,6.962576153176675,,252.3933855526545,5.797101449275362,,210.14492753623188,1.362862010221465,1.6260162601626016,143.625,6.67315445572084,False,취약지역우선,0,4.0,6.962576153176675
강원특별자치도|횡성군,B01,재가노인복지시설 방문요양,강원특별자치도,횡성군,51730,2026-06-10,18.0,0.0,26.0,0.0,0.0,0.0,0.0,435.0,True,1424,102,1526,1679.0,1832,45575,18436,7219,2265,5901,방문·복지용구형,False,0.4890829694323144,비적용,False,기관존재,11.795543905635649,,285.05897771952823,10.72066706372841,,259.0827873734366,9.825327510917031,,237.44541484716157,2.4934201412938077,3.050330452465684,93.27777777777777,6.67315445572084,False,취약지역우선,0,18.0,10.72066706372841
경기도|가평군,B01,재가노인복지시설 방문요양,경기도,가평군,41820,2026-06-10,22.0,0.0,26.0,0.0,0.0,0.0,0.0,630.0,True,2270,91,2361,2497.5,2634,62041,21597,8526,2458,7681,방문·복지용구형,False,0.4890829694323144,비적용,False,기관존재,9.318085556967388,,266.83608640406607,8.80880880880881,,252.25225225225222,8.352315869400151,,239.17995444191345,2.5803424818203142,2.8642103892722304,113.52272727272727,6.67315445572084,False,취약지역우선,0,22.0,8.80880880880881
경기도|고양시,B01,재가노인복지시설 방문요양,경기도,고양시,41281|41285|41287,2026-06-10,211.0,66.0,180.0,0.0,0.0,0.0,0.0,6541.0,True,25265,26,25291,25330.0,25369,1057438,204878,81672,25410,51307,방문·복지용구형,False,0.4890829694323144,비적용,False,기관존재,8.342888774662924,,258.6295520145506,8.33004342676668,,258.23134622976704,8.317237573416374,,257.8343647759076,2.5835047507101576,4.11249926910558,120.04739336492891,6.67315445572084,False,취약지역우선,0,211.0,8.33004342676668
경기도|과천시,B01,재가노인복지시설 방문요양,경기도,과천시,41290,2026-06-10,9.0,0.0,12.0,0.0,0.0,0.0,0.0,343.0,True,760,95,855,997.5,1140,80832,13205,5013,1521,2189,방문·복지용구형,False,0.4890829694323144,비적용,False,기관존재,10.526315789473683,,401.16959064327483,9.022556390977444,,343.859649122807,7.894736842105264,,300.8771929824561,1.7953321364452424,4.111466423024212,110.83333333333333,6.67315445572084,False,취약지역우선,0,9.0,9.022556390977444
경기도|광명시,B01,재가노인복지시설 방문요양,경기도,광명시,41210,2026-06-10,43.0,0.0,37.0,0.0,0.0,0.0,0.0,1007.0,True,4747,81,4828,4949.5,5071,303666,57121,20401,5129,13017,방문·복지용구형,False,0.4890829694323144,비적용,False,기관존재,8.906379453189727,,208.57497928748964,8.687746236993636,,203.4548944337812,8.47958982449221,,198.58016170380597,2.1077398166756534,3.303372512867788,115.1046511627907,6.67315445572084,False,취약지역우선,0,43.0,8.687746236993636
경기도|광주시,B01,재가노인복지시설 방문요양,경기도,광주시,41610,2026-06-10,59.0,0.0,62.0,0.0,0.0,0.0,0.0,1800.0,True,8595,62,8657,8750.0,8843,399111,78180,27202,6649,18574,방문·복지용구형,False,0.4890829694323144,비적용,False,기관존재,6.815293981748874,,207.92422317199956,6.742857142857143,,205.71428571428572,6.671943910437634,,203.55083116589392,2.1689581648408205,3.176483256164531,148.3050847457627,6.67315445572084,False,취약지역우선,0,59.0,6.742857142857143
경기도|구리시,B01,재가노인복지시설 방문요양,경기도,구리시,41310,2026-06-10,34.0,0.0,43.0,0.0,0.0,0.0,0.0,1048.0,True,3416,93,3509,3648.5,3788,187782,37208,13378,3317,9574,방문·복지용구형,False,0.4890829694323144,비적용,False,기관존재,9.68937019093759,,298.66058706184094,9.31889817733315,,287.24133205426887,8.975712777191129,,276.663146779303,2.54148602182688,3.551284729475663,107.30882352941177,6.67315445572084,False,취약지역우선,0,34.0,9.31889817733315
경기도|군포시,B01,재가노인복지시설 방문요양,경기도,군포시,41410,2026-06-10,41.0,10014.0,44.0,1.0,0.0,0.0,0.0,1072.0,True,5054,76,5130,5244.0,5358,249462,51815,19157,5680,13614,방문·복지용구형,False,0.4890829694323144,비적용,False,기관존재,7.992202729044833,,208.96686159844054,7.818459191456904,,204.4241037376049,7.65210899589399,,200.07465472191117,2.1402098449652867,3.011605700014691,127.90243902439025,6.67315445572084,False,취약지역우선,0,41.0,7.818459191456904
경기도|김포시,B01,재가노인복지시설 방문요양,경기도,김포시,41570,2026-06-10,58.0,2014.0,59.0,0.0,0.0,0.0,0.0,1787.0,True,9358,45,9403,9470.5,9538,484042,84689,32663,8228,21093,방문·복지용구형,False,0.4890829694323144,비적용,False,기관존재,6.168244177390195,,190.04573008614273,6.124280660999947,,188.69119898632596,6.080939400293563,,187.35583979869995,1.7757095184153322,2.749727397714882,163.2844827586207,6.67315445572084,True,취약지역우선,0,58.0,6.124280660999947
경기도|남양주시,B01,재가노인복지시설 방문요양,경기도,남양주시,41360,2026-06-10,173.0,0.0,143.0,0.0,0.0,0.0,0.0,4640.0,True,19300,36,19336,19390.0,19444,727440,142550,55935,14449,36643,방문·복지용구형,False,0.4890829694323144,비적용,False,기관존재,8.947041787339677,,239.9669011170873,8.92212480660134,,239.29860752965445,8.897346225056573,,238.63402592059245,3.0928756592473405,4.7212291570013365,112.08092485549133,6.67315445572084,False,취약지역우선,0,173.0,8.92212480660134
경기도|동두천시,B01,재가노인복지시설 방문요양,경기도,동두천시,41250,2026-06-10,38.0,0.0,19.0,0.0,0.0,0.0,0.0,707.0,True,3254,93,3347,3486.5,3626,86265,24403,10864,3155,8895,방문·복지용구형,False,0.4890829694323144,비적용,False,기관존재,11.353450851508814,,211.23394084254556,10.899182561307901,,202.7821597590707,10.479867622724766,,194.98069498069498,3.4977908689248896,4.2720629567172566,91.75,6.67315445572084,False,취약지역우선,0,38.0,10.899182561307901
경기도|부천시,B01,재가노인복지시설 방문요양,경기도,부천시,41192|41194|41196,2026-06-10,197.0,2099.0,199.0,1.0,0.0,0.0,0.0,5152.0,True,17378,34,17412,17463.0,17514,755453,161363,54847,14003,42429,방문·복지용구형,False,0.4890829694323144,비적용,False,기관존재,11.3140362968068,,295.8878934068458,11.280994101815267,,295.0237645307221,11.248144341669523,,294.16466826538766,3.591809944026109,4.643050743595183,88.64467005076142,6.67315445572084,False,취약지역우선,0,197.0,11.280994101815267
경기도|성남시,B01,재가노인복지시설 방문요양,경기도,성남시,41131|41133|41135,2026-06-10,137.0,0.0,189.0,0.0,0.0,0.0,0.0,4841.0,True,16976,42,17018,17081.0,17144,902344,175877,67836,17917,44640,방문·복지용구형,False,0.4890829694323144,비적용,False,기관존재,8.050299682688918,,284.4635092255259,8.020607692758036,,283.4143200046836,7.991133924405039,,282.37284181054594,2.019576625980305,3.0689964157706093,124.67883211678833,6.67315445572084,False,취약지역우선,0,137.0,8.020607692758036
경기도|수원시,B01,재가노인복지시설 방문요양,경기도,수원시,41111|41113|41115|41117,2026-06-10,195.0,15.0,170.0,0.0,0.0,0.0,0.0,4761.0,True,21473,37,21510,21565.5,21621,1185770,188782,68732,18284,49895,방문·복지용구형,False,0.4890829694323144,비적용,False,기관존재,9.06555090655509,,221.3389121338912,9.042220212839952,,220.7692842734924,9.019009296517275,,220.2025808241987,2.8371064424140138,3.9082072351939074,110.5923076923077,6.67315445572084,False,취약지역우선,0,195.0,9.042220212839952
경기도|시흥시,B01,재가노인복지시설 방문요양,경기도,시흥시,41390,2026-06-10,100.0,0.0,96.0,0.0,0.0,0.0,0.0,2428.0,True,8871,53,8924,9003.5,9083,514831,74706,25108,6985,21444,방문·복지용구형,False,0.4890829694323144,비적용,False,기관존재,11.205737337516808,,272.07530255490815,11.10679180318765,,269.67290498139613,11.00957833314984,,267.31256192887815,3.9827943285008764,4.663309084126096,90.035,6.67315445572084,False,취약지역우선,0,100.0,11.10679180318765
경기도|안산시,B01,재가노인복지시설 방문요양,경기도,안산시,41271|41273,2026-06-10,103.0,0.0,86.0,0.0,0.0,0.0,0.0,2472.0,True,12742,38,12780,12837.0,12894,609240,107655,36645,10484,31622,방문·복지용구형,False,0.4890829694323144,비적용,False,기관존재,8.059467918622849,,193.42723004694838,8.023681545532446,,192.56835709277868,7.988211571273461,,191.71707771056307,2.8107518078864784,3.257225981911328,124.63106796116504,6.67315445572084,False,취약지역우선,0,103.0,8.023681545532446
경기도|안성시,B01,재가노인복지시설 방문요양,경기도,안성시,41550,2026-06-10,64.0,0.0,73.0,0.0,0.0,0.0,0.0,1871.0,True,5935,68,6003,6105.0,6207,198785,45277,17890,5403,13707,방문·복지용구형,False,0.4890829694323144,비적용,False,기관존재,10.661335998667333,,311.6774945860403,10.483210483210483,,306.4701064701065,10.31093926212341,,301.43386499113905,3.577417551704863,4.669147151090684,95.390625,6.67315445572084,False,취약지역우선,0,64.0,10.483210483210483
경기도|안양시,B01,재가노인복지시설 방문요양,경기도,안양시,41171|41173,2026-06-10,105.0,47.0,110.0,0.0,0.0,0.0,0.0,3178.0,True,9680,49,9729,9802.5,9876,562305,108783,38564,10316,24350,방문·복지용구형,False,0.4890829694323144,비적용,False,기관존재,10.792476102374344,,326.65227669853016,10.711553175210405,,324.20300943636823,10.6318347509113,,321.79019846091535,2.722746603049476,4.31211498973306,93.35714285714286,6.67315445572084,False,취약지역우선,0,105.0,10.711553175210405
경기도|양주시,B01,재가노인복지시설 방문요양,경기도,양주시,41630,2026-06-10,75.0,15.0,47.0,0.0,0.0,0.0,0.0,1182.0,True,9094,56,9150,9234.0,9318,297226,56892,22416,6052,16680,방문·복지용구형,False,0.4890829694323144,비적용,False,기관존재,8.196721311475411,,129.18032786885246,8.122157244964262,,128.00519818063677,8.048937540244689,,126.85125563425628,3.345824411134904,4.496402877697841,123.12,6.67315445572084,False,취약지역우선,0,75.0,8.122157244964262
경기도|양평군,B01,재가노인복지시설 방문요양,경기도,양평군,41830,2026-06-10,45.0,120.0,42.0,0.0,0.0,0.0,0.0,1391.0,True,4623,75,4698,4810.5,4923,126822,43216,16980,4765,13464,방문·복지용구형,False,0.4890829694323144,비적용,False,기관존재,9.578544061302681,,296.0834397616007,9.354536950420954,,289.1591310674566,9.140767824497258,,282.5512898639041,2.65017667844523,3.342245989304813,106.9,6.67315445572084,False,취약지역우선,0,45.0,9.354536950420954
경기도|여주시,B01,재가노인복지시설 방문요양,경기도,여주시,41670,2026-06-10,36.0,0.0,30.0,0.0,0.0,0.0,0.0,825.0,True,3827,85,3912,4039.5,4167,113506,33425,13013,3794,10180,방문·복지용구형,False,0.4890829694323144,비적용,False,기관존재,9.202453987730062,,210.88957055214723,8.911994058670627,,204.23319717786856,8.639308855291578,,197.98416126709864,2.7664643049258433,3.536345776031434,112.20833333333333,6.67315445572084,False,취약지역우선,0,36.0,8.911994058670627
경기도|연천군,B01,재가노인복지시설 방문요양,경기도,연천군,41800,2026-06-10,13.0,610.0,9.0,0.0,0.0,0.0,0.0,269.0,True,1452,97,1549,1694.5,1840,42977,14788,6386,1960,5073,방문·복지용구형,False,0.4890829694323144,비적용,False,기관존재,8.392511297611362,,173.6604260813428,7.671879610504574,,158.74889347890235,7.065217391304348,,146.19565217391303,2.0357031005324147,2.562586240883107,130.34615384615384,6.67315445572084,False,취약지역우선,0,13.0,7.671879610504574
경기도|오산시,B01,재가노인복지시설 방문요양,경기도,오산시,41370,2026-06-10,31.0,0.0,38.0,0.0,0.0,0.0,0.0,1029.0,True,4017,77,4094,4209.5,4325,253590,34066,12293,3098,9517,방문·복지용구형,False,0.4890829694323144,비적용,False,기관존재,7.572056668295065,,251.34342940889104,7.364295046917687,,244.4470839767193,7.167630057803468,,237.91907514450867,2.521760351419507,3.257328990228013,135.79032258064515,6.67315445572084,False,취약지역우선,0,31.0,7.364295046917687
경기도|용인시,B01,재가노인복지시설 방문요양,경기도,용인시,41461|41463|41465,2026-06-10,170.0,0.0,200.0,0.0,0.0,0.0,0.0,5554.0,True,22448,50,22498,22573.0,22648,1090211,191254,82252,21919,38961,방문·복지용구형,False,0.4890829694323144,비적용,False,기관존재,7.556227220197351,,246.86638812338873,7.5311212510521415,,246.0461613431976,7.506181561285765,,245.23136700812435,2.0668190439138256,4.36333769667103,132.78235294117647,6.67315445572084,False,취약지역우선,0,170.0,7.5311212510521415
경기도|의왕시,B01,재가노인복지시설 방문요양,경기도,의왕시,41430,2026-06-10,26.0,0.0,17.0,0.0,0.0,0.0,0.0,457.0,True,2726,102,2828,2981.0,3134,164221,32901,11412,3180,6390,방문·복지용구형,False,0.4890829694323144,비적용,False,기관존재,9.193776520509195,,161.5983026874116,8.72190540087219,,153.30426031533042,8.296107211231652,,145.8200382897256,2.278303540133193,4.068857589984351,114.65384615384616,6.67315445572084,False,취약지역우선,0,26.0,8.72190540087219
경기도|의정부시,B01,재가노인복지시설 방문요양,경기도,의정부시,41150,2026-06-10,129.0,0.0,137.0,1.0,0.0,0.0,0.0,3734.0,True,12584,45,12629,12696.5,12764,461917,96398,38158,10181,28208,방문·복지용구형,False,0.4890829694323144,비적용,False,기관존재,10.214585477868397,,295.6686990260511,10.160280392234082,,294.0967983302485,10.106549670949546,,292.5415230335318,3.380680329157713,4.573170731707317,98.42248062015504,6.67315445572084,False,취약지역우선,0,129.0,10.160280392234082
경기도|이천시,B01,재가노인복지시설 방문요양,경기도,이천시,41500,2026-06-10,28.0,0.0,24.0,0.0,0.0,0.0,0.0,639.0,True,4608,68,4676,4778.0,4880,224740,43697,16253,4591,12181,방문·복지용구형,False,0.4890829694323144,비적용,False,기관존재,5.9880239520958085,,136.65526090675792,5.8601925491837585,,133.73796567601505,5.737704918032787,,130.94262295081967,1.7227588752845628,2.2986618504227896,170.64285714285714,6.67315445572084,True,취약지역우선,0,28.0,5.8601925491837585
경기도|파주시,B01,재가노인복지시설 방문요양,경기도,파주시,41480,2026-06-10,105.0,0.0,102.0,0.0,0.0,0.0,0.0,2598.0,True,12190,36,12226,12280.0,12334,533387,94456,38870,11379,26366,방문·복지용구형,False,0.4890829694323144,비적용,False,기관존재,8.588254539505972,,212.49795517749058,8.550488599348535,,211.56351791530943,8.51305334846765,,210.63726285065673,2.7013120658605607,3.9824015777895774,116.95238095238095,6.67315445572084,False,취약지역우선,0,105.0,8.550488599348535
경기도|평택시,B01,재가노인복지시설 방문요양,경기도,평택시,41220,2026-06-10,104.0,92.0,112.0,0.0,1.0,0.0,0.0,2925.0,True,11646,49,11695,11768.5,11842,619670,93532,35511,9930,28221,방문·복지용구형,False,0.4890829694323144,비적용,False,기관존재,8.892689183411715,,250.1068832834545,8.837150019118834,,248.5448442877172,8.782300287113662,,247.00219557507177,2.9286699895806936,3.6851989653095214,113.15865384615384,6.67315445572084,False,취약지역우선,0,104.0,8.837150019118834
경기도|포천시,B01,재가노인복지시설 방문요양,경기도,포천시,41650,2026-06-10,50.0,6.0,35.0,0.0,0.0,0.0,0.0,1003.0,True,5666,80,5746,5866.0,5986,140468,41261,15819,4887,14562,방문·복지용구형,False,0.4890829694323144,비적용,False,기관존재,8.70170553428472,,174.55621301775147,8.523695874531198,,170.9853392430958,8.35282325425994,,167.55763448045437,3.1607560528478413,3.4335942864991074,117.32,6.67315445572084,False,취약지역우선,0,50.0,8.523695874531198
경기도|하남시,B01,재가노인복지시설 방문요양,경기도,하남시,41450,2026-06-10,56.0,0.0,69.0,0.0,0.0,0.0,0.0,1524.0,True,5245,75,5320,5432.5,5545,327495,56386,19754,4441,12738,방문·복지용구형,False,0.4890829694323144,비적용,False,기관존재,10.526315789473683,,286.4661654135338,10.308329498389325,,280.53382420616657,10.099188458070333,,274.8422001803427,2.834868887313962,4.396294551734966,97.00892857142857,6.67315445572084,False,취약지역우선,0,56.0,10.308329498389325
경기도|화성시,B01,재가노인복지시설 방문요양,경기도,화성시,41591|41593|41595|41597,2026-06-10,136.0,10000.0,146.0,2.0,1.0,0.0,0.0,3928.0,True,11601,47,11648,11718.5,11789,998746,121090,42228,11494,31319,방문·복지용구형,False,0.4890829694323144,비적용,False,기관존재,11.675824175824175,,337.22527472527474,11.605580919059607,,335.19648419166276,11.536177792857748,,333.19195860547967,3.2206119162640903,4.342411954404675,86.1654411764706,6.67315445572084,False,취약지역우선,0,136.0,11.605580919059607
경상남도|거제시,B01,재가노인복지시설 방문요양,경상남도,거제시,48310,2026-06-10,42.0,164.0,55.0,0.0,0.0,0.0,0.0,1425.0,True,4094,84,4178,4304.0,4430,229029,40573,13259,3380,12066,방문·복지용구형,False,0.4890829694323144,비적용,False,기관존재,10.052656773575874,,341.07228338918145,9.758364312267657,,331.08736059479554,9.48081264108352,,321.6704288939052,3.167659702843352,3.4808552958727,102.47619047619048,6.67315445572084,False,취약지역우선,0,42.0,9.758364312267657
경상남도|거창군,B01,재가노인복지시설 방문요양,경상남도,거창군,48880,2026-06-10,22.0,100.0,31.0,0.0,0.0,0.0,0.0,494.0,True,2821,95,2916,3058.5,3201,58846,20343,9532,3395,7663,방문·복지용구형,False,0.4890829694323144,비적용,False,기관존재,7.544581618655693,,169.41015089163236,7.1930684976295565,,161.51708353768188,6.8728522336769755,,154.3267728834739,2.3080151070079733,2.870938274827091,139.02272727272728,6.67315445572084,False,취약지역우선,0,22.0,7.1930684976295565
경상남도|고성군,B01,재가노인복지시설 방문요양,경상남도,고성군,48820,2026-06-10,20.0,12.0,37.0,0.0,0.0,0.0,0.0,785.0,True,2584,89,2673,2806.5,2940,46808,18942,8671,2788,7481,방문·복지용구형,False,0.4890829694323144,비적용,False,기관존재,7.482229704451926,,293.6775158997381,7.126313914127917,,279.70782112952077,6.802721088435374,,267.00680272108843,2.306539038173221,2.673439379762064,140.325,6.67315445572084,False,취약지역우선,0,20.0,7.126313914127917
경상남도|김해시,B01,재가노인복지시설 방문요양,경상남도,김해시,48250,2026-06-10,149.0,20.0,100.0,0.0,0.0,0.0,0.0,3686.0,True,11055,45,11100,11167.5,11235,532777,90747,31523,7868,27323,방문·복지용구형,False,0.4890829694323144,비적용,False,기관존재,13.423423423423424,,332.07207207207205,13.34228788896351,,330.06492052831874,13.26212728081887,,328.08188696039167,4.726707483424801,5.453281118471617,74.9496644295302,6.67315445572084,False,취약지역우선,0,149.0,13.34228788896351
경상남도|남해군,B01,재가노인복지시설 방문요양,경상남도,남해군,48840,2026-06-10,15.0,80.0,17.0,0.0,0.0,0.0,0.0,329.0,True,2787,100,2887,3037.0,3187,41143,18171,9229,3330,6564,방문·복지용구형,False,0.4890829694323144,비적용,False,기관존재,5.195704883962591,,113.95912712157948,4.9390846229832075,,108.33058939743168,4.706620646375902,,103.23187951051145,1.6253115180409579,2.2851919561243146,202.46666666666667,6.67315445572084,True,취약지역우선,0,15.0,4.9390846229832075
경상남도|밀양시,B01,재가노인복지시설 방문요양,경상남도,밀양시,48270,2026-06-10,31.0,0.0,37.0,0.0,0.0,0.0,0.0,1059.0,True,4877,87,4964,5094.5,5225,98591,37055,15496,4419,14003,방문·복지용구형,False,0.4890829694323144,비적용,False,기관존재,6.244963738920226,,213.33601933924254,6.084993620571204,,207.87123368338402,5.9330143540669855,,202.67942583732057,2.000516262261229,2.2138113261443975,164.33870967741936,6.67315445572084,True,취약지역우선,0,31.0,6.084993620571204
경상남도|사천시,B01,재가노인복지시설 방문요양,경상남도,사천시,48240,2026-06-10,37.0,100.0,28.0,0.0,0.0,0.0,0.0,813.0,True,4517,91,4608,4744.5,4881,107882,30096,13271,3846,11282,방문·복지용구형,False,0.4890829694323144,비적용,False,기관존재,8.029513888888888,,176.43229166666666,7.798503530403625,,171.35630730319318,7.58041384962098,,166.56422864167178,2.7880340592268857,3.279560361638007,128.22972972972974,6.67315445572084,False,취약지역우선,0,37.0,7.798503530403625
경상남도|산청군,B01,재가노인복지시설 방문요양,경상남도,산청군,48860,2026-06-10,14.0,80.0,26.0,0.0,0.0,0.0,0.0,419.0,True,2354,98,2452,2599.0,2746,32638,15044,7047,2513,6314,방문·복지용구형,False,0.4890829694323144,비적용,False,기관존재,5.709624796084829,,170.88091353996737,5.386687187379761,,161.2158522508657,5.098324836125273,,152.58557902403496,1.986660990492408,2.2172949002217295,185.64285714285714,6.67315445572084,True,취약지역우선,0,14.0,5.386687187379761
경상남도|양산시,B01,재가노인복지시설 방문요양,경상남도,양산시,48330,2026-06-10,83.0,4046.0,89.0,0.0,0.0,0.0,0.0,2265.0,True,8110,71,8181,8287.5,8394,361389,71786,26027,6409,22020,방문·복지용구형,False,0.4890829694323144,비적용,False,기관존재,10.145458990343478,,276.86101943527683,10.015082956259427,,273.3031674208145,9.888015248987372,,269.8355968548963,3.1889960425711763,3.7693006357856493,99.84939759036145,6.67315445572084,False,취약지역우선,0,83.0,10.015082956259427
경상남도|의령군,B01,재가노인복지시설 방문요양,경상남도,의령군,48720,2026-06-10,13.0,15.0,13.0,0.0,0.0,0.0,0.0,322.0,True,1391,107,1498,1658.5,1819,24531,11216,5372,1959,5012,방문·복지용구형,False,0.4890829694323144,비적용,False,기관존재,8.678237650200266,,214.9532710280374,7.8384082001808855,,194.1513415737112,7.146783947223749,,177.02034084661904,2.4199553239017124,2.593774940143655,127.57692307692308,6.67315445572084,False,취약지역우선,0,13.0,7.8384082001808855
경상남도|진주시,B01,재가노인복지시설 방문요양,경상남도,진주시,48170,2026-06-10,110.0,70.0,86.0,0.0,0.0,0.0,0.0,2731.0,True,10326,49,10375,10448.5,10522,334651,76620,30985,8419,25086,방문·복지용구형,False,0.4890829694323144,비적용,False,기관존재,10.602409638554217,,263.2289156626506,10.52782696080777,,261.3772311815093,10.454286257365519,,259.55141608059307,3.5501048894626432,4.384915889340668,94.98636363636363,6.67315445572084,False,취약지역우선,0,110.0,10.52782696080777
경상남도|창녕군,B01,재가노인복지시설 방문요양,경상남도,창녕군,48740,2026-06-10,25.0,62.0,18.0,0.0,0.0,0.0,0.0,669.0,True,3294,84,3378,3504.0,3630,54445,22415,9993,3145,9213,방문·복지용구형,False,0.4890829694323144,비적용,False,기관존재,7.400828892835998,,198.0461811722913,7.134703196347032,,190.9246575342466,6.887052341597796,,184.29752066115705,2.5017512258581007,2.7135569304244007,140.16,6.67315445572084,False,취약지역우선,0,25.0,7.134703196347032
경상남도|창원시,B01,재가노인복지시설 방문요양,경상남도,창원시,48121|48123|48125|48127|48129,2026-06-10,247.0,290.0,219.0,0.0,0.0,1.0,0.0,7047.0,True,23132,45,23177,23244.5,23312,986273,213013,74177,17864,62438,방문·복지용구형,False,0.4890829694323144,비적용,False,기관존재,10.657116969409328,,304.0514302972775,10.626169631525737,,303.1684914711007,10.595401509951957,,302.2906657515443,3.329873141270205,3.9559242768826675,94.10728744939271,6.67315445572084,False,취약지역우선,0,247.0,10.626169631525737
경상남도|통영시,B01,재가노인복지시설 방문요양,경상남도,통영시,48220,2026-06-10,27.0,0.0,32.0,0.0,0.0,0.0,0.0,859.0,True,3417,97,3514,3659.5,3805,115890,32906,12781,3146,11593,방문·복지용구형,False,0.4890829694323144,비적용,False,기관존재,7.6835515082527035,,244.45076835515084,7.378057111627271,,234.73152069954912,7.09592641261498,,225.75558475689883,2.1125107581566387,2.3289916328819116,135.53703703703704,6.67315445572084,False,취약지역우선,0,27.0,7.378057111627271
경상남도|하동군,B01,재가노인복지시설 방문요양,경상남도,하동군,48850,2026-06-10,16.0,0.0,16.0,0.0,0.0,0.0,0.0,298.0,True,2936,93,3029,3168.5,3308,39596,17739,8446,2926,7003,방문·복지용구형,False,0.4890829694323144,비적용,False,기관존재,5.282271376691978,,98.38230439088808,5.049708063752564,,94.05081268739151,4.836759371221281,,90.08464328899638,1.894387875917594,2.2847351135227756,198.03125,6.67315445572084,True,취약지역우선,0,16.0,5.049708063752564
경상남도|함안군,B01,재가노인복지시설 방문요양,경상남도,함안군,48730,2026-06-10,28.0,10.0,16.0,0.0,0.0,0.0,0.0,555.0,True,2870,99,2969,3117.5,3266,56867,19771,8367,2675,7483,방문·복지용구형,False,0.4890829694323144,비적용,False,기관존재,9.43078477601886,,186.93162681037387,8.981555733761027,,178.02726543704892,8.57317819963258,,169.93263931414575,3.3464802199115575,3.7418147801683816,111.33928571428571,6.67315445572084,False,취약지역우선,0,28.0,8.981555733761027
경상남도|함양군,B01,재가노인복지시설 방문요양,경상남도,함양군,48870,2026-06-10,14.0,80.0,10.0,0.0,0.0,0.0,0.0,268.0,True,2029,98,2127,2274.0,2421,35141,14871,7232,2579,6012,방문·복지용구형,False,0.4890829694323144,비적용,False,기관존재,6.582040432534086,,125.99905970850963,6.156552330694811,,117.85400175901495,5.782734407269723,,110.698058653449,1.9358407079646018,2.328675981370592,162.42857142857142,6.67315445572084,True,취약지역우선,0,14.0,6.156552330694811
경상남도|합천군,B01,재가노인복지시설 방문요양,경상남도,합천군,48890,2026-06-10,14.0,44.0,19.0,0.0,0.0,0.0,0.0,318.0,True,2158,96,2254,2398.0,2542,38854,18921,9335,3313,8049,방문·복지용구형,False,0.4890829694323144,비적용,False,기관존재,6.211180124223602,,141.08251996450755,5.838198498748957,,132.61050875729774,5.507474429583006,,125.09834775767112,1.4997321906802357,1.7393465026711392,171.28571428571428,6.67315445572084,True,취약지역우선,0,14.0,5.838198498748957
경상북도|경산시,B01,재가노인복지시설 방문요양,경상북도,경산시,47290,2026-06-10,101.0,0.0,72.0,0.0,0.0,0.0,0.0,2588.0,True,8262,71,8333,8439.5,8546,263406,59813,24184,6478,18602,방문·복지용구형,False,0.4890829694323144,비적용,False,기관존재,12.120484819392775,,310.5724228969159,11.967533621660051,,306.65323775105156,11.818394570559327,,302.831734144629,4.176314918954681,5.429523707128266,83.55940594059406,6.67315445572084,False,취약지역우선,0,101.0,11.967533621660051
경상북도|경주시,B01,재가노인복지시설 방문요양,경상북도,경주시,47130,2026-06-10,41.0,16.0,33.0,0.0,0.0,0.0,0.0,929.0,True,8983,82,9065,9188.0,9311,243051,72258,30357,8721,25247,방문·복지용구형,False,0.4890829694323144,비적용,False,기관존재,4.522890237175951,,102.48207391064534,4.462342185459295,,101.11014366565085,4.403393835248631,,99.77446031575556,1.3505945910333694,1.6239553214243276,224.09756097560975,6.67315445572084,True,취약지역우선,0,41.0,4.462342185459295
경상북도|고령군,B01,재가노인복지시설 방문요양,경상북도,고령군,47830,2026-06-10,10.0,0.0,6.0,0.0,0.0,0.0,0.0,179.0,True,1064,108,1172,1334.0,1496,29545,12167,5359,1745,5151,방문·복지용구형,False,0.4890829694323144,비적용,False,기관존재,8.532423208191126,,152.73037542662115,7.496251874062969,,134.18290854572714,6.684491978609626,,119.6524064171123,1.866019779809666,1.941370607649,133.4,6.67315445572084,False,취약지역우선,0,10.0,7.496251874062969
경상북도|구미시,B01,재가노인복지시설 방문요양,경상북도,구미시,47190,2026-06-10,69.0,0.0,48.0,0.0,0.0,0.0,0.0,1339.0,True,7358,67,7425,7525.5,7626,402726,60057,19862,5689,18095,방문·복지용구형,False,0.4890829694323144,비적용,False,기관존재,9.292929292929294,,180.33670033670032,9.168825991628463,,177.92837685203642,9.04799370574351,,175.58353002884868,3.473970395730541,3.8132080685272176,109.06521739130434,6.67315445572084,False,취약지역우선,0,69.0,9.168825991628463
경상북도|김천시,B01,재가노인복지시설 방문요양,경상북도,김천시,47150,2026-06-10,32.0,17.0,35.0,0.0,0.0,0.0,0.0,918.0,True,5136,86,5222,5351.0,5480,132740,39731,17160,5598,13629,방문·복지용구형,False,0.4890829694323144,비적용,False,기관존재,6.127920337035619,,175.7947146687093,5.980190618575967,,171.55671837039807,5.839416058394161,,167.5182481751825,1.8648018648018647,2.3479345513243817,167.21875,6.67315445572084,True,취약지역우선,0,32.0,5.980190618575967
경상북도|문경시,B01,재가노인복지시설 방문요양,경상북도,문경시,47280,2026-06-10,34.0,720.0,30.0,0.0,0.0,0.0,0.0,1043.0,True,3572,94,3666,3807.0,3948,64774,25279,11615,3747,9526,방문·복지용구형,False,0.4890829694323144,비적용,False,기관존재,9.274413529732678,,284.506273867976,8.930916732335172,,273.96900446545834,8.611955420466058,,264.1843971631206,2.9272492466637967,3.569179088809574,111.97058823529412,6.67315445572084,False,취약지역우선,0,34.0,8.930916732335172
경상북도|봉화군,B01,재가노인복지시설 방문요양,경상북도,봉화군,47920,2026-06-10,6.0,0.0,10.0,0.0,0.0,0.0,0.0,158.0,True,944,93,1037,1176.5,1316,28122,13123,6085,2164,4923,방문·복지용구형,False,0.4890829694323144,비적용,False,기관존재,5.785920925747349,,152.3625843780135,5.099872503187421,,134.29664258393538,4.559270516717325,,120.06079027355624,0.9860312243221034,1.2187690432663012,196.08333333333334,6.67315445572084,True,취약지역우선,0,6.0,5.099872503187421
경상북도|상주시,B01,재가노인복지시설 방문요양,경상북도,상주시,47250,2026-06-10,26.0,0.0,37.0,0.0,0.0,0.0,0.0,824.0,True,4974,84,5058,5184.0,5310,89228,35206,16410,5626,12767,방문·복지용구형,False,0.4890829694323144,비적용,False,기관존재,5.140371688414393,,162.91024120205617,5.015432098765432,,158.95061728395063,4.896421845574388,,155.1789077212806,1.5843997562461913,2.0365003524712146,199.3846153846154,6.67315445572084,True,취약지역우선,0,26.0,5.015432098765432
경상북도|성주군,B01,재가노인복지시설 방문요양,경상북도,성주군,47840,2026-06-10,12.0,0.0,12.0,0.0,0.0,0.0,0.0,476.0,True,1798,98,1896,2043.0,2190,40461,17243,7310,2229,6602,방문·복지용구형,False,0.4890829694323144,비적용,False,기관존재,6.329113924050633,,251.05485232067508,5.873715124816446,,232.99069995105236,5.47945205479452,,217.35159817351598,1.6415868673050615,1.8176310209027569,170.25,6.67315445572084,True,취약지역우선,0,12.0,5.873715124816446
경상북도|안동시,B01,재가노인복지시설 방문요양,경상북도,안동시,47170,2026-06-10,40.0,0.0,54.0,0.0,0.0,0.0,0.0,1250.0,True,6303,66,6369,6468.0,6567,151864,46593,20677,6449,16561,방문·복지용구형,False,0.4890829694323144,비적용,False,기관존재,6.280420788192809,,196.26314963102527,6.184291898577613,,193.2591218305504,6.091061367443277,,190.3456677326024,1.9345166126614113,2.4153130849586377,161.7,6.67315445572084,True,취약지역우선,0,40.0,6.184291898577613
경상북도|영덕군,B01,재가노인복지시설 방문요양,경상북도,영덕군,47770,2026-06-10,13.0,0.0,16.0,0.0,0.0,0.0,0.0,371.0,True,1928,102,2030,2183.0,2336,32560,14945,7437,2478,6213,방문·복지용구형,False,0.4890829694323144,비적용,False,기관존재,6.403940886699507,,182.75862068965517,5.955107650022904,,169.94961062757673,5.565068493150685,,158.81849315068493,1.7480166733898077,2.0923869306293255,167.92307692307693,6.67315445572084,True,취약지역우선,0,13.0,5.955107650022904
경상북도|영양군,B01,재가노인복지시설 방문요양,경상북도,영양군,47760,2026-06-10,4.0,0.0,2.0,0.0,0.0,0.0,0.0,99.0,True,589,66,655,754.0,853,15972,7035,3353,1144,2596,방문·복지용구형,False,0.4890829694323144,비적용,False,기관존재,6.106870229007633,,151.14503816793894,5.305039787798409,,131.2997347480106,4.689331770222743,,116.0609613130129,1.1929615269907545,1.5408320493066257,188.5,6.67315445572084,True,취약지역우선,0,4.0,5.305039787798409
경상북도|영주시,B01,재가노인복지시설 방문요양,경상북도,영주시,47210,2026-06-10,21.0,47.0,32.0,0.0,0.0,0.0,0.0,643.0,True,3270,86,3356,3485.0,3614,96440,33229,14825,4638,11569,방문·복지용구형,False,0.4890829694323144,비적용,False,기관존재,6.257449344457688,,191.59713945172822,6.025824964131995,,184.50502152080344,5.810736026563364,,177.91920309905922,1.4165261382799326,1.8151957818307545,165.95238095238096,6.67315445572084,True,취약지역우선,0,21.0,6.025824964131995
경상북도|영천시,B01,재가노인복지시설 방문요양,경상북도,영천시,47230,2026-06-10,36.0,25.0,30.0,0.0,0.0,0.0,0.0,825.0,True,4631,83,4714,4838.5,4963,94107,34662,15402,4452,13744,방문·복지용구형,False,0.4890829694323144,비적용,False,기관존재,7.636826474331778,,175.01060670343657,7.4403224139712725,,170.50738865350831,7.253677211364095,,166.23010276042714,2.337358784573432,2.619324796274738,134.40277777777777,6.67315445572084,False,취약지역우선,0,36.0,7.4403224139712725
경상북도|예천군,B01,재가노인복지시설 방문요양,경상북도,예천군,47900,2026-06-10,18.0,0.0,16.0,0.0,0.0,0.0,0.0,533.0,True,2434,97,2531,2676.5,2822,53422,18847,9057,3296,6875,방문·복지용구형,False,0.4890829694323144,비적용,False,기관존재,7.111813512445673,,210.58870011853023,6.725200821968989,,199.14066878385952,6.378454996456414,,188.8731396172927,1.987413050679033,2.618181818181818,148.69444444444446,6.67315445572084,False,취약지역우선,0,18.0,6.725200821968989
경상북도|울릉군,B01,재가노인복지시설 방문요양,경상북도,울릉군,47940,2026-06-10,1.0,0.0,0.0,0.0,0.0,0.0,0.0,3.0,True,30,43,73,137.5,202,8768,2900,1152,309,1202,방문·복지용구형,False,0.4890829694323144,비적용,False,기관존재,13.698630136986301,,41.0958904109589,7.2727272727272725,,21.81818181818182,4.9504950495049505,,14.85148514851485,0.8680555555555555,0.831946755407654,137.5,6.67315445572084,False,취약지역우선,0,1.0,7.2727272727272725
경상북도|울진군,B01,재가노인복지시설 방문요양,경상북도,울진군,47930,2026-06-10,15.0,14.0,22.0,0.0,0.0,0.0,0.0,405.0,True,2154,89,2243,2376.5,2510,46195,15934,7380,2609,6622,방문·복지용구형,False,0.4890829694323144,비적용,False,기관존재,6.687472135532769,,180.56174765938476,6.311803071744161,,170.41868293709237,5.9760956175298805,,161.35458167330677,2.032520325203252,2.265176683781335,158.43333333333334,6.67315445572084,True,취약지역우선,0,15.0,6.311803071744161
경상북도|의성군,B01,재가노인복지시설 방문요양,경상북도,의성군,47730,2026-06-10,24.0,0.0,31.0,0.0,0.0,0.0,0.0,806.0,True,3354,97,3451,3596.5,3742,47952,24027,11469,3893,9445,방문·복지용구형,False,0.4890829694323144,비적용,False,기관존재,6.954505940307158,,233.55549116198205,6.67315445572084,,224.10677047129155,6.413682522715126,,215.39283805451632,2.09259743656814,2.541026998411858,149.85416666666666,6.67315445572084,True,취약지역우선,0,24.0,6.67315445572084
경상북도|청도군,B01,재가노인복지시설 방문요양,경상북도,청도군,47820,2026-06-10,24.0,100.0,22.0,0.0,0.0,0.0,0.0,622.0,True,2502,87,2589,2719.5,2850,40021,19045,8707,2839,7497,방문·복지용구형,False,0.4890829694323144,비적용,False,기관존재,9.269988412514484,,240.2471996910004,8.82515168229454,,228.71851443280013,8.421052631578947,,218.24561403508773,2.7564028942230387,3.201280512204882,113.3125,6.67315445572084,False,취약지역우선,0,24.0,8.82515168229454
경상북도|청송군,B01,재가노인복지시설 방문요양,경상북도,청송군,47750,2026-06-10,5.0,0.0,9.0,0.0,0.0,0.0,0.0,147.0,True,828,103,931,1085.5,1240,24020,10843,5107,1679,3986,방문·복지용구형,False,0.4890829694323144,비적용,False,기관존재,5.370569280343717,,157.89473684210526,4.606172270842929,,135.42146476278214,4.032258064516129,,118.54838709677419,0.9790483649892304,1.2543903662819869,217.1,6.67315445572084,True,취약지역우선,0,5.0,4.606172270842929
경상북도|칠곡군,B01,재가노인복지시설 방문요양,경상북도,칠곡군,47850,2026-06-10,26.0,0.0,21.0,0.0,0.0,0.0,0.0,611.0,True,2966,92,3058,3196.0,3334,103537,23770,9677,2999,8446,방문·복지용구형,False,0.4890829694323144,비적용,False,기관존재,8.502289077828646,,199.8037933289732,8.135168961201503,,191.17647058823528,7.798440311937612,,183.2633473305339,2.6867830939340704,3.0783802983660906,122.92307692307692,6.67315445572084,False,취약지역우선,0,26.0,8.135168961201503
경상북도|포항시,B01,재가노인복지시설 방문요양,경상북도,포항시,47111|47113,2026-06-10,124.0,31.0,119.0,0.0,0.0,0.0,0.0,3821.0,True,12435,46,12481,12550.0,12619,487008,120800,43357,10550,38144,방문·복지용구형,False,0.4890829694323144,비적용,False,기관존재,9.935101354058169,,306.1453409181957,9.880478087649402,,304.4621513944223,9.826452175291227,,302.79736904667567,2.8599764743870653,3.2508389261744965,101.20967741935483,6.67315445572084,False,취약지역우선,0,124.0,9.880478087649402
광주광역시|광산구,B01,재가노인복지시설 방문요양,광주광역시,광산구,29200,2026-06-10,112.0,162.0,109.0,0.0,0.0,0.0,0.0,3678.0,True,7753,79,7832,7950.5,8069,383206,52385,20011,5252,16333,방문·복지용구형,False,0.4890829694323144,비적용,False,기관존재,14.300306435137896,,469.61184882533195,14.087164329287466,,462.6124143135652,13.88028256289503,,455.8185648779279,5.596921693068812,6.85728280168983,70.98660714285714,6.67315445572084,False,취약지역우선,0,112.0,14.087164329287466
광주광역시|남구,B01,재가노인복지시설 방문요양,광주광역시,남구,29155,2026-06-10,107.0,266.0,138.0,0.0,0.0,0.0,0.0,4458.0,True,5629,79,5708,5826.5,5945,205647,47751,20807,5248,14649,방문·복지용구형,False,0.4890829694323144,비적용,False,기관존재,18.74562018220042,,781.0091100210232,18.36436969020853,,765.1248605509311,17.998317914213626,,749.8738435660218,5.1425001201518725,7.304252850023892,54.453271028037385,6.67315445572084,False,취약지역우선,0,107.0,18.36436969020853
광주광역시|동구,B01,재가노인복지시설 방문요양,광주광역시,동구,29110,2026-06-10,39.0,0.0,46.0,0.0,0.0,0.0,0.0,1121.0,True,3208,100,3308,3458.0,3608,105200,26334,12276,3258,8933,방문·복지용구형,False,0.4890829694323144,비적용,False,기관존재,11.789600967351875,,338.8754534461911,11.278195488721805,,324.1758241758242,10.80931263858093,,310.69844789356983,3.1769305962854353,4.365834546065151,88.66666666666667,6.67315445572084,False,취약지역우선,0,39.0,11.278195488721805
광주광역시|북구,B01,재가노인복지시설 방문요양,광주광역시,북구,29170,2026-06-10,143.0,80.0,145.0,0.0,0.0,0.0,0.0,4066.0,True,11287,56,11343,11427.0,11511,416783,86558,34917,8653,28428,방문·복지용구형,False,0.4890829694323144,비적용,False,기관존재,12.606894119721414,,358.4589614740368,12.514220705346986,,355.8239257897961,12.422899834940491,,353.22734775432195,4.095426296646332,5.030251864359083,79.9090909090909,6.67315445572084,False,취약지역우선,0,143.0,12.514220705346986
광주광역시|서구,B01,재가노인복지시설 방문요양,광주광역시,서구,29140,2026-06-10,96.0,113.0,118.0,1.0,0.0,0.0,0.0,3495.0,True,6416,86,6502,6631.0,6760,274624,55087,22523,5632,16451,방문·복지용구형,False,0.4890829694323144,비적용,False,기관존재,14.76468778837281,,537.5269147954475,14.477454380938019,,527.0698235560247,14.201183431952662,,517.0118343195265,4.262309639035652,5.835511519056593,69.07291666666667,6.67315445572084,False,취약지역우선,0,96.0,14.477454380938019
대구광역시|군위군,B01,재가노인복지시설 방문요양,대구광역시,군위군,27720,2026-06-10,7.0,15.0,3.0,0.0,0.0,0.0,0.0,89.0,True,980,104,1084,1240.0,1396,22622,11296,5204,1687,4152,방문·복지용구형,False,0.4890829694323144,비적용,False,기관존재,6.4575645756457565,,82.10332103321034,5.64516129032258,,71.7741935483871,5.01432664756447,,63.75358166189112,1.345119139123751,1.6859344894026975,177.14285714285714,6.67315445572084,True,취약지역우선,0,7.0,5.64516129032258
대구광역시|남구,B01,재가노인복지시설 방문요양,대구광역시,남구,27200,2026-06-10,55.0,999.0,66.0,0.0,0.0,0.0,0.0,2212.0,True,5169,84,5253,5379.0,5505,141344,40203,17730,4946,14740,방문·복지용구형,False,0.4890829694323144,비적용,False,기관존재,10.470207500475919,,421.09270892823145,10.224948875255624,,411.22885294664434,9.990917347865576,,401.81653042688464,3.102086858432036,3.7313432835820897,97.8,6.67315445572084,False,취약지역우선,0,55.0,10.224948875255624
대구광역시|달서구,B01,재가노인복지시설 방문요양,대구광역시,달서구,27290,2026-06-10,135.0,15.0,119.0,0.0,1.0,0.0,0.0,3706.0,True,12249,59,12308,12396.5,12485,513399,111111,40606,10276,33044,방문·복지용구형,False,0.4890829694323144,비적용,False,기관존재,10.968475788105298,,301.10497237569064,10.890170612672932,,298.955350300488,10.812975570684822,,296.836203444133,3.324631827808698,4.085461808497761,91.82592592592593,6.67315445572084,False,취약지역우선,0,135.0,10.890170612672932
대구광역시|달성군,B01,재가노인복지시설 방문요양,대구광역시,달성군,27710,2026-06-10,43.0,0.0,41.0,0.0,0.0,0.0,0.0,1063.0,True,5200,88,5288,5420.0,5552,252000,47722,17137,4386,14058,방문·복지용구형,False,0.4890829694323144,비적용,False,기관존재,8.131618759455371,,201.02118003025717,7.933579335793358,,196.12546125461256,7.744956772334294,,191.46253602305475,2.5091906401353796,3.0587565798833403,126.04651162790698,6.67315445572084,False,취약지역우선,0,43.0,7.933579335793358
대구광역시|동구,B01,재가노인복지시설 방문요양,대구광역시,동구,27140,2026-06-10,88.0,0.0,60.0,0.0,0.0,0.0,0.0,1703.0,True,10268,66,10334,10433.0,10532,338476,86908,36014,9221,27726,방문·복지용구형,False,0.4890829694323144,비적용,False,기관존재,8.515579640023224,,164.79581962454034,8.434774273938464,,163.23205214224095,8.355488036460311,,161.69768325104445,2.443494196701283,3.173916179759071,118.55681818181819,6.67315445572084,False,취약지역우선,0,88.0,8.434774273938464
대구광역시|북구,B01,재가노인복지시설 방문요양,대구광역시,북구,27230,2026-06-10,91.0,15.0,87.0,0.0,0.0,0.0,0.0,2355.0,True,11175,51,11226,11302.5,11379,406915,85869,33577,8560,25851,방문·복지용구형,False,0.4890829694323144,비적용,False,기관존재,8.106182077320506,,209.78086584714057,8.051316080513162,,208.36098208360983,7.997187802091571,,206.9601898233588,2.7101885219048754,3.520173300839426,124.2032967032967,6.67315445572084,False,취약지역우선,0,91.0,8.051316080513162
대구광역시|서구,B01,재가노인복지시설 방문요양,대구광역시,서구,27170,2026-06-10,59.0,0.0,73.0,1.0,0.0,0.0,0.0,1994.0,True,6149,81,6230,6351.5,6473,163508,48739,19245,4604,17364,방문·복지용구형,False,0.4890829694323144,비적용,False,기관존재,9.470304975922954,,320.0642054574639,9.289144296622846,,313.94158860111787,9.11478448941758,,308.04881816777385,3.065731358794492,3.3978346003225064,107.65254237288136,6.67315445572084,False,취약지역우선,0,59.0,9.289144296622846
대구광역시|수성구,B01,재가노인복지시설 방문요양,대구광역시,수성구,27260,2026-06-10,114.0,25.0,109.0,0.0,0.0,0.0,0.0,2728.0,True,9571,72,9643,9751.0,9859,408147,85343,35377,9743,22833,방문·복지용구형,False,0.4890829694323144,비적용,False,기관존재,11.822047080783987,,282.8995125998133,11.691108604245718,,279.7661778279151,11.563038847753322,,276.7014910234304,3.2224326539842267,4.992773617133097,85.53508771929825,6.67315445572084,False,취약지역우선,0,114.0,11.691108604245718
대구광역시|중구,B01,재가노인복지시설 방문요양,대구광역시,중구,27110,2026-06-10,21.0,20.0,22.0,0.0,0.0,0.0,0.0,604.0,True,1998,101,2099,2250.5,2402,101754,18811,8634,2333,6092,방문·복지용구형,False,0.4890829694323144,비적용,False,기관존재,10.004764173415913,,287.7560743211053,9.33125972006221,,268.3848033770273,8.742714404662781,,251.45711906744378,2.432244614315497,3.447143795141169,107.16666666666667,6.67315445572084,False,취약지역우선,0,21.0,9.33125972006221
대전광역시|대덕구,B01,재가노인복지시설 방문요양,대전광역시,대덕구,30230,2026-06-10,58.0,0.0,47.0,0.0,0.0,0.0,0.0,1659.0,True,4426,88,4514,4646.0,4778,164047,38941,14457,3756,12162,방문·복지용구형,False,0.4890829694323144,비적용,False,기관존재,12.848914488258751,,367.5232609658839,12.483857081360311,,357.08136030994405,12.138970280452073,,347.2164085391377,4.011897350764335,4.768952474921888,80.10344827586206,6.67315445572084,False,취약지역우선,0,58.0,12.483857081360311
대전광역시|동구,B01,재가노인복지시설 방문요양,대전광역시,동구,30110,2026-06-10,61.0,229.0,44.0,0.0,0.0,0.0,0.0,1388.0,True,7087,70,7157,7262.0,7367,218251,54207,22308,5769,18452,방문·복지용구형,False,0.4890829694323144,비적용,False,기관존재,8.52312421405617,,193.9360067067207,8.399889837510328,,191.13191958138253,8.280168318175647,,188.40776435455408,2.73444504213735,3.30587470192933,119.04918032786885,6.67315445572084,False,취약지역우선,0,61.0,8.399889837510328
대전광역시|서구,B01,재가노인복지시설 방문요양,대전광역시,서구,30170,2026-06-10,103.0,0.0,106.0,0.0,0.0,0.0,0.0,2964.0,True,9458,49,9507,9580.5,9654,464359,84043,30981,7979,22143,방문·복지용구형,False,0.4890829694323144,비적용,False,기관존재,10.83412222572841,,311.7702745345535,10.751004644851522,,309.37842492563016,10.669152682825771,,307.02299564947174,3.324618314450792,4.651582893013593,93.01456310679612,6.67315445572084,False,취약지역우선,0,103.0,10.751004644851522
대전광역시|유성구,B01,재가노인복지시설 방문요양,대전광역시,유성구,30200,2026-06-10,53.0,57.0,48.0,1.0,0.0,0.0,0.0,1566.0,True,5825,76,5901,6015.0,6129,371104,51566,17233,4753,12426,방문·복지용구형,False,0.4890829694323144,비적용,False,기관존재,8.98152855448229,,265.3787493645145,8.81130507065669,,260.34912718204487,8.647413933757546,,255.5066079295154,3.0754946904195437,4.2652502816674716,113.49056603773585,6.67315445572084,False,취약지역우선,0,53.0,8.81130507065669
대전광역시|중구,B01,재가노인복지시설 방문요양,대전광역시,중구,30140,2026-06-10,77.0,198.0,78.0,0.0,0.0,0.0,0.0,2519.0,True,7735,66,7801,7900.0,7999,224273,56540,24439,6489,17851,방문·복지용구형,False,0.4890829694323144,비적용,False,기관존재,9.870529419305218,,322.9073195744135,9.746835443037975,,318.86075949367086,9.626203275409425,,314.9143642955369,3.1507017472073326,4.3134838384404235,102.59740259740259,6.67315445572084,False,취약지역우선,0,77.0,9.746835443037975
부산광역시|강서구,B01,재가노인복지시설 방문요양,부산광역시,강서구,26440,2026-06-10,20.0,0.0,16.0,0.0,0.0,0.0,0.0,391.0,True,1578,96,1674,1818.0,1962,153555,23798,7889,1837,6722,방문·복지용구형,False,0.4890829694323144,비적용,False,기관존재,11.947431302270013,,233.57228195937873,11.001100110011002,,215.07150715071506,10.193679918450561,,199.28644240570844,2.5351755609075926,2.9753049687592976,90.9,6.67315445572084,False,취약지역우선,0,20.0,11.001100110011002
부산광역시|금정구,B01,재가노인복지시설 방문요양,부산광역시,금정구,26410,2026-06-10,36.0,0.0,25.0,0.0,0.0,0.0,0.0,768.0,True,5934,82,6016,6139.0,6262,205672,60192,24324,5938,18171,방문·복지용구형,False,0.4890829694323144,비적용,False,기관존재,5.98404255319149,,127.6595744680851,5.8641472552532985,,125.10180811207036,5.748961992973491,,122.64452251676781,1.4800197335964478,1.981178801386825,170.52777777777777,6.67315445572084,True,취약지역우선,0,36.0,5.8641472552532985
부산광역시|기장군,B01,재가노인복지시설 방문요양,부산광역시,기장군,26710,2026-06-10,46.0,50.0,48.0,0.0,0.0,0.0,0.0,1273.0,True,4297,81,4378,4499.5,4621,175262,37583,15299,3700,12149,방문·복지용구형,False,0.4890829694323144,비적용,False,기관존재,10.507080858839652,,290.7720420283235,10.223358150905655,,282.9203244804978,9.95455529106254,,275.48149751136117,3.0067324661742596,3.786319861717014,97.81521739130434,6.67315445572084,False,취약지역우선,0,46.0,10.223358150905655
부산광역시|남구,B01,재가노인복지시설 방문요양,부산광역시,남구,26290,2026-06-10,37.0,0.0,49.0,1.0,0.0,0.0,0.0,1245.0,True,6300,81,6381,6502.5,6624,254413,65555,27486,6373,17452,방문·복지용구형,False,0.4890829694323144,비적용,False,기관존재,5.798464190565742,,195.11048425011754,5.690119184928874,,191.4648212226067,5.585748792270531,,187.95289855072463,1.3461398530160809,2.120100848040339,175.74324324324326,6.67315445572084,True,취약지역우선,0,37.0,5.690119184928874
부산광역시|동구,B01,재가노인복지시설 방문요양,부산광역시,동구,26170,2026-06-10,19.0,0.0,20.0,0.0,0.0,0.0,0.0,423.0,True,2786,97,2883,3028.5,3174,83354,26547,11763,2939,10159,방문·복지용구형,False,0.4890829694323144,비적용,False,기관존재,6.590357266736039,,146.72216441207075,6.27373287105828,,139.6731054977712,5.986137366099559,,133.2703213610586,1.6152342089602993,1.8702628211438135,159.39473684210526,6.67315445572084,True,취약지역우선,0,19.0,6.27373287105828
부산광역시|동래구,B01,재가노인복지시설 방문요양,부산광역시,동래구,26260,2026-06-10,72.0,0.0,80.0,0.0,0.0,0.0,0.0,2316.0,True,6754,66,6820,6919.0,7018,271097,65555,25755,5830,17869,방문·복지용구형,False,0.4890829694323144,비적용,False,기관존재,10.557184750733137,,339.5894428152493,10.406128053186878,,334.7304523775112,10.259333143345684,,330.00854944428613,2.7955736750145603,4.029324528513067,96.09722222222223,6.67315445572084,False,취약지역우선,0,72.0,10.406128053186878
부산광역시|부산진구,B01,재가노인복지시설 방문요양,부산광역시,부산진구,26230,2026-06-10,53.0,0.0,77.0,0.0,0.0,0.0,0.0,2294.0,True,9123,58,9181,9268.0,9355,364912,89706,35849,8527,27302,방문·복지용구형,False,0.4890829694323144,비적용,False,기관존재,5.77279163489816,,249.8638492538939,5.718601640051792,,247.51834268450582,5.665419561731695,,245.21646178514163,1.4784233869842953,1.9412497252948502,174.8679245283019,6.67315445572084,True,취약지역우선,0,53.0,5.718601640051792
부산광역시|북구,B01,재가노인복지시설 방문요양,부산광역시,북구,26320,2026-06-10,56.0,0.0,56.0,0.0,0.0,0.0,0.0,1521.0,True,6699,60,6759,6849.0,6939,260736,69412,24590,5600,20793,방문·복지용구형,False,0.4890829694323144,비적용,False,기관존재,8.28524929723332,,225.03328894806924,8.176376113301211,,222.07621550591327,8.070327136474997,,219.1958495460441,2.277348515656771,2.6932140624248544,122.30357142857143,6.67315445572084,False,취약지역우선,0,56.0,8.176376113301211
부산광역시|사상구,B01,재가노인복지시설 방문요양,부산광역시,사상구,26530,2026-06-10,40.0,0.0,26.0,0.0,0.0,0.0,0.0,857.0,True,5219,73,5292,5401.5,5511,192475,53336,18442,3774,16883,방문·복지용구형,False,0.4890829694323144,비적용,False,기관존재,7.558578987150416,,161.94255479969766,7.405350365639174,,158.65963158381933,7.258210851025223,,155.5071674832154,2.168962151610454,2.369247171711189,135.0375,6.67315445572084,False,취약지역우선,0,40.0,7.405350365639174
부산광역시|사하구,B01,재가노인복지시설 방문요양,부산광역시,사하구,26380,2026-06-10,48.0,0.0,70.0,0.0,1.0,0.0,0.0,1765.0,True,8031,70,8101,8206.0,8311,282159,78434,29222,6430,24254,방문·복지용구형,False,0.4890829694323144,비적용,False,기관존재,5.925194420441921,,217.87433650166645,5.849378503534,,215.08652205703143,5.775478281795211,,212.36914932017808,1.6425980425706659,1.9790550012369095,170.95833333333334,6.67315445572084,True,취약지역우선,0,48.0,5.849378503534
부산광역시|서구,B01,재가노인복지시설 방문요양,부산광역시,서구,26140,2026-06-10,18.0,0.0,16.0,0.0,0.0,0.0,0.0,579.0,True,3072,92,3164,3302.0,3440,101216,32261,13890,3495,11387,방문·복지용구형,False,0.4890829694323144,비적용,False,기관존재,5.689001264222504,,182.99620733249054,5.451241671714113,,175.34827377347062,5.232558139534883,,168.31395348837208,1.2958963282937366,1.5807499780451393,183.44444444444446,6.67315445572084,True,취약지역우선,0,18.0,5.451241671714113
부산광역시|수영구,B01,재가노인복지시설 방문요양,부산광역시,수영구,26500,2026-06-10,44.0,17.0,53.0,0.0,0.0,0.0,0.0,1501.0,True,4884,84,4968,5094.0,5220,168440,46555,19601,4674,13344,방문·복지용구형,False,0.4890829694323144,비적용,False,기관존재,8.856682769726248,,302.13365539452496,8.637612877895563,,294.6603847663918,8.42911877394636,,287.5478927203065,2.2447834294168665,3.2973621103117505,115.77272727272727,6.67315445572084,False,취약지역우선,0,44.0,8.637612877895563
부산광역시|연제구,B01,재가노인복지시설 방문요양,부산광역시,연제구,26470,2026-06-10,48.0,331.0,39.0,0.0,0.0,0.0,0.0,1135.0,True,5326,78,5404,5521.0,5638,211464,52516,20954,4842,14970,방문·복지용구형,False,0.4890829694323144,비적용,False,기관존재,8.882309400444115,,210.02960769800146,8.694077159934794,,205.57869951095816,8.513657325292657,,201.31252217098262,2.290732079793834,3.2064128256513027,115.02083333333333,6.67315445572084,False,취약지역우선,0,48.0,8.694077159934794
부산광역시|영도구,B01,재가노인복지시설 방문요양,부산광역시,영도구,26200,2026-06-10,22.0,0.0,19.0,0.0,0.0,0.0,0.0,553.0,True,3449,86,3535,3664.0,3793,100570,36257,15766,3672,12550,방문·복지용구형,False,0.4890829694323144,비적용,False,기관존재,6.223479490806223,,156.43564356435644,6.004366812227074,,150.9279475982533,5.800158186132349,,145.79488531505405,1.3954078396549536,1.752988047808765,166.54545454545453,6.67315445572084,True,취약지역우선,0,22.0,6.004366812227074
부산광역시|중구,B01,재가노인복지시설 방문요양,부산광역시,중구,26110,2026-06-10,13.0,100.0,24.0,0.0,0.0,0.0,0.0,511.0,True,1088,105,1193,1350.5,1508,36306,12724,5452,1324,5538,방문·복지용구형,False,0.4890829694323144,비적용,False,기관존재,10.896898575020955,,428.3319362950545,9.626064420584967,,378.3783783783784,8.620689655172413,,338.85941644562337,2.384446074834923,2.347417840375587,103.88461538461539,6.67315445572084,False,취약지역우선,0,13.0,9.626064420584967
부산광역시|해운대구,B01,재가노인복지시설 방문요양,부산광역시,해운대구,26350,2026-06-10,62.0,0.0,74.0,0.0,0.0,0.0,0.0,1663.0,True,9585,63,9648,9742.5,9837,370739,89956,35195,8753,24946,방문·복지용구형,False,0.4890829694323144,비적용,False,기관존재,6.42620232172471,,172.36733001658374,6.363869643315371,,170.69540672312033,6.302734573548847,,169.05560638406018,1.76161386560591,2.4853683957347874,157.13709677419354,6.67315445572084,True,취약지역우선,0,62.0,6.363869643315371
서울특별시|강남구,B01,재가노인복지시설 방문요양,서울특별시,강남구,11680,2026-06-10,43.0,111.0,65.0,0.0,0.0,0.0,0.0,2359.0,True,6381,74,6455,6566.0,6677,552830,97588,39659,8979,19616,방문·복지용구형,False,0.4890829694323144,비적용,False,기관존재,6.661502711076685,,365.45313710302094,6.548888212001219,,359.2750533049041,6.440017972143178,,353.30238130897106,1.0842431730502533,2.192088091353997,152.69767441860466,6.67315445572084,True,취약지역우선,0,43.0,6.548888212001219
서울특별시|강동구,B01,재가노인복지시설 방문요양,서울특별시,강동구,11740,2026-06-10,74.0,0.0,66.0,0.0,0.0,0.0,0.0,1910.0,True,7919,73,7992,8101.5,8211,499011,100813,36154,7773,23359,방문·복지용구형,False,0.4890829694323144,비적용,False,기관존재,9.25925925925926,,238.98898898898898,9.134110967104856,,235.75881009689564,9.012300572402875,,232.61478504445256,2.0467998008519115,3.167943833212038,109.47972972972973,6.67315445572084,False,취약지역우선,0,74.0,9.134110967104856
서울특별시|강북구,B01,재가노인복지시설 방문요양,서울특별시,강북구,11305,2026-06-10,76.0,0.0,88.0,0.0,0.0,0.0,0.0,2662.0,True,6658,69,6727,6830.5,6934,278041,75944,32936,8006,23901,방문·복지용구형,False,0.4890829694323144,비적용,False,기관존재,11.297755314404638,,395.7187453545414,11.126564673157162,,389.72256789400484,10.960484568791463,,383.90539371214305,2.307505465144523,3.1797832726664157,89.875,6.67315445572084,False,취약지역우선,0,76.0,11.126564673157162
서울특별시|강서구,B01,재가노인복지시설 방문요양,서울특별시,강서구,11500,2026-06-10,96.0,0.0,100.0,0.0,0.0,0.0,0.0,3175.0,True,11322,51,11373,11449.5,11526,548515,116416,44664,10778,31448,방문·복지용구형,False,0.4890829694323144,비적용,False,기관존재,8.441044579266684,,279.16996394970545,8.384645617712565,,277.30468579413946,8.328995314940135,,275.46416796807216,2.1493820526598606,3.0526583566522514,119.265625,6.67315445572084,False,취약지역우선,0,96.0,8.384645617712565
서울특별시|관악구,B01,재가노인복지시설 방문요양,서울특별시,관악구,11620,2026-06-10,76.0,224.0,76.0,0.0,0.0,0.0,0.0,3648.0,True,7708,65,7773,7870.5,7968,477797,94060,40246,9061,26602,방문·복지용구형,False,0.4890829694323144,비적용,False,기관존재,9.777434709893221,,469.31686607487455,9.656311543103996,,463.50295406899176,9.538152610441768,,457.8313253012048,1.8883864234955028,2.856928050522517,103.5592105263158,6.67315445572084,False,취약지역우선,0,76.0,9.656311543103996
서울특별시|광진구,B01,재가노인복지시설 방문요양,서울특별시,광진구,11215,2026-06-10,45.0,0.0,41.0,0.0,0.0,0.0,0.0,1305.0,True,4966,76,5042,5156.0,5270,330905,64022,25146,6268,16228,방문·복지용구형,False,0.4890829694323144,비적용,False,기관존재,8.925029750099167,,258.8258627528758,8.727695888285492,,253.10318076027926,8.538899430740038,,247.6280834914611,1.7895490336435218,2.772984964259305,114.57777777777778,6.67315445572084,False,취약지역우선,0,45.0,8.727695888285492
서울특별시|구로구,B01,재가노인복지시설 방문요양,서울특별시,구로구,11530,2026-06-10,61.0,36.0,53.0,1.0,0.0,0.0,0.0,1585.0,True,8222,53,8275,8354.5,8434,382633,88085,35535,7910,21962,방문·복지용구형,False,0.4890829694323144,비적용,False,기관존재,7.371601208459214,,191.54078549848944,7.301454306062602,,189.71811598539708,7.232629831633863,,187.9298079203225,1.716617419445617,2.7775248155905654,136.95901639344262,6.67315445572084,False,취약지역우선,0,61.0,7.301454306062602
서울특별시|금천구,B01,재가노인복지시설 방문요양,서울특별시,금천구,11545,2026-06-10,33.0,101.0,24.0,0.0,0.0,0.0,0.0,907.0,True,4429,68,4497,4599.0,4701,222503,51091,19833,4484,15195,방문·복지용구형,False,0.4890829694323144,비적용,False,기관존재,7.33822548365577,,201.69001556593287,7.175472928897586,,197.21678625788215,7.019783024888321,,192.9376728355669,1.663893510815308,2.1717670286278383,139.36363636363637,6.67315445572084,False,취약지역우선,0,33.0,7.175472928897586
서울특별시|노원구,B01,재가노인복지시설 방문요양,서울특별시,노원구,11350,2026-06-10,107.0,45.0,131.0,0.0,0.0,0.0,0.0,3354.0,True,9765,46,9811,9880.0,9949,481053,107095,43371,11332,29970,방문·복지용구형,False,0.4890829694323144,비적용,False,기관존재,10.906125777188869,,341.8611762307614,10.82995951417004,,339.4736842105263,10.75484973364157,,337.1193084732134,2.467086301906804,3.570236903570237,92.33644859813084,6.67315445572084,False,취약지역우선,0,107.0,10.82995951417004
서울특별시|도봉구,B01,재가노인복지시설 방문요양,서울특별시,도봉구,11320,2026-06-10,88.0,0.0,93.0,0.0,0.0,0.0,0.0,3101.0,True,7135,60,7195,7285.0,7375,298225,80304,32606,8458,20803,방문·복지용구형,False,0.4890829694323144,비적용,False,기관존재,12.230715774843642,,430.99374565670604,12.079615648592998,,425.66918325326014,11.932203389830509,,420.47457627118644,2.698889774888057,4.230159111666587,82.7840909090909,6.67315445572084,False,취약지역우선,0,88.0,12.079615648592998
서울특별시|동대문구,B01,재가노인복지시설 방문요양,서울특별시,동대문구,11230,2026-06-10,56.0,0.0,47.0,0.0,0.0,0.0,0.0,1655.0,True,6464,54,6518,6599.0,6680,352848,74629,31112,7770,20808,방문·복지용구형,False,0.4890829694323144,비적용,False,기관존재,8.59159251304081,,253.91224301933107,8.486134262767084,,250.7955750871344,8.383233532934131,,247.75449101796406,1.7999485728979172,2.6912725874663592,117.83928571428571,6.67315445572084,False,취약지역우선,0,56.0,8.486134262767084
서울특별시|동작구,B01,재가노인복지시설 방문요양,서울특별시,동작구,11590,2026-06-10,50.0,155.0,52.0,0.0,0.0,0.0,0.0,1422.0,True,5566,84,5650,5776.0,5902,371999,77106,33011,8182,18193,방문·복지용구형,False,0.4890829694323144,비적용,False,기관존재,8.849557522123893,,251.68141592920358,8.65650969529086,,246.19113573407202,8.471704506946796,,240.93527617756695,1.514646632940535,2.74830978947947,115.52,6.67315445572084,False,취약지역우선,0,50.0,8.65650969529086
서울특별시|마포구,B01,재가노인복지시설 방문요양,서울특별시,마포구,11440,2026-06-10,34.0,0.0,44.0,0.0,0.0,0.0,0.0,1006.0,True,4720,90,4810,4945.0,5080,356487,62999,27185,7487,15832,방문·복지용구형,False,0.4890829694323144,비적용,False,기관존재,7.0686070686070686,,209.14760914760916,6.8756319514661275,,203.43781597573306,6.692913385826771,,198.03149606299212,1.2506897185948134,2.1475492673067205,145.44117647058823,6.67315445572084,False,취약지역우선,0,34.0,6.8756319514661275
서울특별시|서대문구,B01,재가노인복지시설 방문요양,서울특별시,서대문구,11410,2026-06-10,40.0,0.0,32.0,0.0,0.0,0.0,0.0,1111.0,True,5149,83,5232,5356.5,5481,299810,63351,27591,7587,16249,방문·복지용구형,False,0.4890829694323144,비적용,False,기관존재,7.6452599388379205,,212.34709480122325,7.46756277419957,,207.41155605339307,7.297938332421091,,202.70023718299578,1.4497481062665363,2.4616899501507783,133.9125,6.67315445572084,False,취약지역우선,0,40.0,7.46756277419957
서울특별시|서초구,B01,재가노인복지시설 방문요양,서울특별시,서초구,11650,2026-06-10,32.0,0.0,51.0,0.0,0.0,0.0,0.0,1566.0,True,4454,94,4548,4689.0,4830,414383,73931,30626,7172,12915,방문·복지용구형,False,0.4890829694323144,비적용,False,기관존재,7.036059806508356,,344.32717678100266,6.824482832160375,,333.97312859884835,6.625258799171843,,324.22360248447205,1.044863841180696,2.4777390631049165,146.53125,6.67315445572084,False,취약지역우선,0,32.0,6.824482832160375
서울특별시|성동구,B01,재가노인복지시설 방문요양,서울특별시,성동구,11200,2026-06-10,16.0,156.0,20.0,0.0,0.0,0.0,0.0,768.0,True,3755,89,3844,3977.5,4111,274517,54447,22326,5711,13523,방문·복지용구형,False,0.4890829694323144,비적용,False,기관존재,4.162330905306972,,199.79188345473463,4.022627278441232,,193.08610936517914,3.8919970810021893,,186.81585988810508,0.7166532294186151,1.1831694150706205,248.59375,6.67315445572084,True,취약지역우선,0,16.0,4.022627278441232
서울특별시|성북구,B01,재가노인복지시설 방문요양,서울특별시,성북구,11290,2026-06-10,79.0,4086.0,103.0,0.0,0.0,0.0,0.0,3188.0,True,8363,62,8425,8518.0,8611,421762,89110,38011,9838,22573,방문·복지용구형,False,0.4890829694323144,비적용,False,기관존재,9.376854599406528,,378.3976261127596,9.274477576895986,,374.2662596853721,9.174311926605505,,370.22413192428286,2.078345742022046,3.499756346077172,107.82278481012658,6.67315445572084,False,취약지역우선,0,79.0,9.274477576895986
서울특별시|송파구,B01,재가노인복지시설 방문요양,서울특별시,송파구,11710,2026-06-10,83.0,0.0,93.0,0.0,0.0,0.0,0.0,3944.0,True,8650,63,8713,8807.5,8902,650258,123327,45315,10104,24417,방문·복지용구형,False,0.4890829694323144,비적용,False,기관존재,9.525995638700792,,452.656949385975,9.423786545557764,,447.8001703093954,9.323747472478095,,443.0465064030555,1.8316230828643936,3.3992709997133144,106.1144578313253,6.67315445572084,False,취약지역우선,0,83.0,9.423786545557764
서울특별시|양천구,B01,재가노인복지시설 방문요양,서울특별시,양천구,11470,2026-06-10,103.0,0.0,97.0,0.0,0.0,0.0,0.0,2940.0,True,7513,63,7576,7670.5,7765,421247,86569,32094,7356,20914,방문·복지용구형,False,0.4890829694323144,비적용,False,기관존재,13.59556494192186,,388.0675818373812,13.428068574408448,,383.2866175607848,13.264649066323246,,378.6220218931101,3.2093226148189693,4.924930668451755,74.47087378640776,6.67315445572084,False,취약지역우선,0,103.0,13.428068574408448
서울특별시|영등포구,B01,재가노인복지시설 방문요양,서울특별시,영등포구,11560,2026-06-10,56.0,385.0,53.0,0.0,0.0,0.0,0.0,1879.0,True,6326,66,6392,6491.0,6590,371867,72898,30420,7681,18755,방문·복지용구형,False,0.4890829694323144,비적용,False,기관존재,8.760951188986233,,293.9612015018773,8.627330149437684,,289.47773840702513,8.497723823975722,,285.1289833080425,1.8408941485864563,2.9858704345507863,115.91071428571429,6.67315445572084,False,취약지역우선,0,56.0,8.627330149437684
서울특별시|용산구,B01,재가노인복지시설 방문요양,서울특별시,용산구,11170,2026-06-10,15.0,0.0,16.0,0.0,0.0,0.0,0.0,503.0,True,2624,99,2723,2871.5,3020,199648,40120,17010,5091,10652,방문·복지용구형,False,0.4890829694323144,비적용,False,기관존재,5.508630187293426,,184.7227322805729,5.223750652968832,,175.16977189622148,4.966887417218543,,166.55629139072846,0.8818342151675485,1.4081862561021405,191.43333333333334,6.67315445572084,True,취약지역우선,0,15.0,5.223750652968832
서울특별시|은평구,B01,재가노인복지시설 방문요양,서울특별시,은평구,11380,2026-06-10,99.0,0.0,128.0,0.0,0.0,0.0,0.0,3603.0,True,9895,57,9952,10037.5,10123,453212,104893,44060,11007,27403,방문·복지용구형,False,0.4890829694323144,비적용,False,기관존재,9.947749196141478,,362.0377813504823,9.863013698630137,,358.95392278953926,9.779709572261188,,355.9221574632026,2.246935996368588,3.612743130314199,101.38888888888889,6.67315445572084,False,취약지역우선,0,99.0,9.863013698630137
서울특별시|종로구,B01,재가노인복지시설 방문요양,서울특별시,종로구,11110,2026-06-10,19.0,0.0,24.0,0.0,0.0,0.0,0.0,491.0,True,2383,93,2476,2615.5,2755,136318,31263,13561,3984,9786,방문·복지용구형,False,0.4890829694323144,비적용,False,기관존재,7.673667205169628,,198.3037156704362,7.264385394761995,,187.7270120435863,6.896551724137931,,178.22141560798548,1.4010766167686748,1.9415491518495809,137.6578947368421,6.67315445572084,False,취약지역우선,0,19.0,7.264385394761995
서울특별시|중구,B01,재가노인복지시설 방문요양,서울특별시,중구,11140,2026-06-10,18.0,0.0,19.0,0.0,0.0,0.0,0.0,634.0,True,1695,95,1790,1932.5,2075,117558,27701,11832,3259,8852,방문·복지용구형,False,0.4890829694323144,비적용,False,기관존재,10.05586592178771,,354.18994413407825,9.314359637774903,,328.07244501940494,8.674698795180722,,305.5421686746988,1.5212981744421907,2.033438770899232,107.36111111111111,6.67315445572084,False,취약지역우선,0,18.0,9.314359637774903
서울특별시|중랑구,B01,재가노인복지시설 방문요양,서울특별시,중랑구,11260,2026-06-10,100.0,39.0,110.0,0.0,0.0,0.0,0.0,3287.0,True,8110,62,8172,8265.0,8358,376386,90782,35164,8335,26742,방문·복지용구형,False,0.4890829694323144,비적용,False,기관존재,12.236906510034263,,402.22711698482624,12.099213551119178,,397.7011494252873,11.964584828906437,,393.2759033261546,2.8438175406665906,3.73943609303717,82.65,6.67315445572084,False,취약지역우선,0,100.0,12.099213551119178
세종특별자치시|세종특별자치시,B01,재가노인복지시설 방문요양,세종특별자치시,세종특별자치시,36110,2026-06-10,43.0,0.0,37.0,0.0,0.0,0.0,0.0,939.0,True,4431,85,4516,4643.5,4771,390923,49871,18092,5163,12263,방문·복지용구형,False,0.4890829694323144,비적용,False,기관존재,9.521700620017715,,207.9273693534101,9.260256272208464,,202.21815440938948,9.012785579543072,,196.81408509746385,2.376741101039133,3.5064829160890483,107.98837209302326,6.67315445572084,False,취약지역우선,0,43.0,9.260256272208464
울산광역시|남구,B01,재가노인복지시설 방문요양,울산광역시,남구,31140,2026-06-10,53.0,0.0,50.0,0.0,0.0,0.0,0.0,1537.0,True,4886,71,4957,5063.5,5170,304337,56898,18115,3772,15536,방문·복지용구형,False,0.4890829694323144,비적용,False,기관존재,10.691950776679443,,310.0665725237038,10.467068233435372,,303.5449787696258,10.251450676982593,,297.29206963249516,2.9257521391112338,3.4114315139031923,95.5377358490566,6.67315445572084,False,취약지역우선,0,53.0,10.467068233435372
울산광역시|동구,B01,재가노인복지시설 방문요양,울산광역시,동구,31170,2026-06-10,13.0,126.0,20.0,0.0,0.0,0.0,0.0,580.0,True,2156,95,2251,2393.5,2536,147756,30798,9112,1649,7615,방문·복지용구형,False,0.4890829694323144,비적용,False,기관존재,5.775211017325633,,257.6632607729898,5.431376645080427,,242.32295801128058,5.126182965299685,,228.70662460567823,1.4266900790166812,1.7071569271175313,184.1153846153846,6.67315445572084,True,취약지역우선,0,13.0,5.431376645080427
울산광역시|북구,B01,재가노인복지시설 방문요양,울산광역시,북구,31200,2026-06-10,34.0,20.0,28.0,0.0,0.0,0.0,0.0,873.0,True,2609,100,2709,2859.0,3009,213685,29555,9031,2140,7137,방문·복지용구형,False,0.4890829694323144,비적용,False,기관존재,12.550756736803248,,322.2591362126246,11.892270024484084,,305.35152151101784,11.299435028248588,,290.12961116650047,3.764810098549441,4.763906403250665,84.08823529411765,6.67315445572084,False,취약지역우선,0,34.0,11.892270024484084
울산광역시|울주군,B01,재가노인복지시설 방문요양,울산광역시,울주군,31710,2026-06-10,57.0,10.0,43.0,0.0,0.0,0.0,0.0,1475.0,True,5192,79,5271,5389.5,5508,218285,48168,16982,4523,15126,방문·복지용구형,False,0.4890829694323144,비적용,False,기관존재,10.813887307911212,,279.83304875735155,10.57612023378792,,273.6803042953892,10.348583877995644,,267.7923021060276,3.3564951124720293,3.7683458944863153,94.55263157894737,6.67315445572084,False,취약지역우선,0,57.0,10.57612023378792
울산광역시|중구,B01,재가노인복지시설 방문요양,울산광역시,중구,31110,2026-06-10,43.0,0.0,27.0,0.0,0.0,0.0,0.0,825.0,True,3912,85,3997,4124.5,4252,203026,46142,15901,3395,13840,방문·복지용구형,False,0.4890829694323144,비적용,False,기관존재,10.75806855141356,,206.40480360270203,10.425506121954177,,200.0242453630743,10.112888052681091,,194.0263405456256,2.704232438211433,3.106936416184971,95.9186046511628,6.67315445572084,False,취약지역우선,0,43.0,10.425506121954177
인천광역시|강화군,B01,재가노인복지시설 방문요양,인천광역시,강화군,28710,2026-06-10,18.0,6.0,18.0,0.0,0.0,0.0,0.0,398.0,True,3024,88,3112,3244.0,3376,69681,29163,13138,4054,8842,방문·복지용구형,False,0.4890829694323144,비적용,False,기관존재,5.784061696658098,,127.89203084832904,5.548705302096177,,122.68803945745994,5.33175355450237,,117.8909952606635,1.3700715481808494,2.035738520696675,180.22222222222223,6.67315445572084,True,취약지역우선,0,18.0,5.548705302096177
인천광역시|계양구,B01,재가노인복지시설 방문요양,인천광역시,계양구,28245,2026-06-10,77.0,0.0,89.0,0.0,0.0,0.0,0.0,2590.0,True,7179,59,7238,7326.5,7415,276309,58847,19525,5494,16883,방문·복지용구형,False,0.4890829694323144,비적용,False,기관존재,10.638297872340425,,357.83365570599614,10.509793216406196,,353.51122637002663,10.38435603506406,,349.29197572488204,3.9436619718309855,4.560800805544038,95.14935064935065,6.67315445572084,False,취약지역우선,0,77.0,10.509793216406196
인천광역시|남동구,B01,재가노인복지시설 방문요양,인천광역시,남동구,28200,2026-06-10,144.0,14.0,122.0,0.0,0.0,0.0,0.0,3022.0,True,14229,41,14270,14331.5,14393,479149,102290,37187,9525,30785,방문·복지용구형,False,0.4890829694323144,비적용,False,기관존재,10.091100210231255,,211.77295024526978,10.04779681122004,,210.86418030213167,10.004863475300493,,209.9631765441534,3.872320972382822,4.677602728601592,99.52430555555556,6.67315445572084,False,취약지역우선,0,144.0,10.04779681122004
인천광역시|동구,B01,재가노인복지시설 방문요양,인천광역시,동구,28140,2026-06-10,19.0,0.0,12.0,0.0,0.0,0.0,0.0,251.0,True,1867,96,1963,2107.0,2251,57926,16881,7340,1844,5377,방문·복지용구형,False,0.4890829694323144,비적용,False,기관존재,9.679062659195111,,127.86551197147222,9.017560512577123,,119.12672045562411,8.440693025322078,,111.50599733451799,2.588555858310627,3.5335689045936394,110.89473684210526,6.67315445572084,False,취약지역우선,0,19.0,9.017560512577123
인천광역시|미추홀구,B01,재가노인복지시설 방문요양,인천광역시,미추홀구,28170|28177,2026-06-10,136.0,0.0,151.0,0.0,0.0,0.0,0.0,3850.0,True,11547,56,11603,11687.0,11771,418211,92292,36936,9360,28578,방문·복지용구형,False,0.4890829694323144,비적용,False,기관존재,11.72110661035939,,331.8107386020857,11.636861470009412,,329.4258577907076,11.553818706991759,,327.07501486704615,3.6820446177171324,4.758905451746099,85.93382352941177,6.67315445572084,False,취약지역우선,0,136.0,11.636861470009412
인천광역시|부평구,B01,재가노인복지시설 방문요양,인천광역시,부평구,28237,2026-06-10,97.0,0.0,107.0,0.0,0.0,0.0,0.0,2869.0,True,12002,50,12052,12127.0,12202,488191,103325,37942,10185,28881,방문·복지용구형,False,0.4890829694323144,비적용,False,기관존재,8.048456687686691,,238.0517756388981,7.998680629999176,,236.57953327286222,7.9495164727093925,,235.12538928044583,2.5565336566338095,3.3586094664312176,125.02061855670104,6.67315445572084,False,취약지역우선,0,97.0,7.998680629999176
인천광역시|서구,B01,재가노인복지시설 방문요양,인천광역시,서구,28260,2026-06-10,146.0,0.0,111.0,1.0,0.0,0.0,0.0,3059.0,True,12367,48,12415,12487.0,12559,662875,98623,32986,8505,25967,방문·복지용구형,False,0.4890829694323144,비적용,False,기관존재,11.75996778091019,,246.3954893274265,11.69215984624009,,244.9747737647153,11.625129389282586,,243.57034795763994,4.426120172194264,5.622520891901259,85.52739726027397,6.67315445572084,False,취약지역우선,0,146.0,11.69215984624009
인천광역시|연수구,B01,재가노인복지시설 방문요양,인천광역시,연수구,28185,2026-06-10,62.0,15.0,55.0,0.0,0.0,0.0,0.0,1294.0,True,5594,78,5672,5789.0,5906,410290,60007,19906,5568,13029,방문·복지용구형,False,0.4890829694323144,비적용,False,기관존재,10.930888575458393,,228.13822284908323,10.709967179132837,,223.52737951286923,10.497798848628515,,219.09922113105318,3.1146388023711444,4.758615396423363,93.37096774193549,6.67315445572084,False,취약지역우선,0,62.0,10.709967179132837
인천광역시|옹진군,B01,재가노인복지시설 방문요양,인천광역시,옹진군,28720,2026-06-10,2.0,0.0,4.0,0.0,0.0,0.0,0.0,110.0,True,232,79,311,429.5,548,19340,7265,2909,852,2899,방문·복지용구형,False,0.4890829694323144,비적용,False,기관존재,6.430868167202572,,353.6977491961415,4.656577415599534,,256.1117578579744,3.6496350364963503,,200.72992700729927,0.6875214850464078,0.6898930665746809,214.75,6.67315445572084,True,취약지역우선,0,2.0,4.656577415599534
인천광역시|중구,B01,재가노인복지시설 방문요양,인천광역시,중구,28110,2026-06-10,34.0,0.0,26.0,0.0,0.0,0.0,0.0,700.0,True,3550,91,3641,3777.5,3914,179030,30100,11792,2945,9821,방문·복지용구형,False,0.4890829694323144,비적용,False,기관존재,9.338093930238946,,192.25487503433123,9.00066181336863,,185.30774321641297,8.686765457332651,,178.84517118037812,2.8833107191316145,3.461969249567254,111.1029411764706,6.67315445572084,False,취약지역우선,0,34.0,9.00066181336863
전라남도|강진군,B01,재가노인복지시설 방문요양,전라남도,강진군,46810,2026-06-10,8.0,0.0,14.0,0.0,0.0,0.0,0.0,247.0,True,1869,90,1959,2094.0,2229,31666,13064,6745,2318,5353,방문·복지용구형,False,0.4890829694323144,비적용,False,기관존재,4.083716181725371,,126.08473711077082,3.8204393505253105,,117.95606494746896,3.589053387169134,,110.81202332884702,1.1860637509266123,1.4944890715486643,261.75,6.67315445572084,True,취약지역우선,0,8.0,3.8204393505253105
전라남도|고흥군,B01,재가노인복지시설 방문요양,전라남도,고흥군,46770,2026-06-10,30.0,0.0,37.0,0.0,0.0,0.0,0.0,720.0,True,3601,101,3702,3853.5,4005,58976,28413,15132,5222,11626,방문·복지용구형,False,0.4890829694323144,비적용,False,기관존재,8.103727714748784,,194.48946515397083,7.785130400934216,,186.84312962242117,7.49063670411985,,179.7752808988764,1.9825535289452814,2.580423189403062,128.45,6.67315445572084,False,취약지역우선,0,30.0,7.785130400934216
전라남도|곡성군,B01,재가노인복지시설 방문요양,전라남도,곡성군,46720,2026-06-10,12.0,150.0,22.0,0.0,0.0,0.0,0.0,333.0,True,1551,87,1638,1768.5,1899,27657,11583,5962,2261,4598,방문·복지용구형,False,0.4890829694323144,비적용,False,기관존재,7.326007326007326,,203.2967032967033,6.785411365564038,,188.29516539440203,6.3191153238546605,,175.35545023696682,2.0127474002012744,2.609830361026533,147.375,6.67315445572084,False,취약지역우선,0,12.0,6.785411365564038
전라남도|광양시,B01,재가노인복지시설 방문요양,전라남도,광양시,46230,2026-06-10,35.0,50.0,31.0,0.0,0.0,0.0,0.0,768.0,True,3221,94,3315,3456.0,3597,155975,28148,10712,3253,9357,방문·복지용구형,False,0.4890829694323144,비적용,False,기관존재,10.558069381598793,,231.67420814479638,10.127314814814815,,222.2222222222222,9.730330831248262,,213.51125938281902,3.267363704256908,3.74051512236828,98.74285714285715,6.67315445572084,False,취약지역우선,0,35.0,10.127314814814815
전라남도|구례군,B01,재가노인복지시설 방문요양,전라남도,구례군,46730,2026-06-10,9.0,0.0,14.0,1.0,0.0,0.0,0.0,269.0,True,1541,94,1635,1776.0,1917,24337,10138,5148,1769,3929,방문·복지용구형,False,0.4890829694323144,비적용,False,기관존재,5.5045871559633035,,164.52599388379204,5.0675675675675675,,151.46396396396398,4.694835680751174,,140.32342201356286,1.7482517482517483,2.290659200814457,197.33333333333334,6.67315445572084,True,취약지역우선,0,9.0,5.0675675675675675
전라남도|나주시,B01,재가노인복지시설 방문요양,전라남도,나주시,46170,2026-06-10,45.0,95.0,48.0,0.0,0.0,0.0,0.0,1702.0,True,4619,110,4729,4894.0,5059,116691,30728,14290,4443,11896,방문·복지용구형,False,0.4890829694323144,비적용,False,기관존재,9.515753859166844,,359.90695707337704,9.194932570494483,,347.77278299959136,8.89503854516703,,336.4301245305396,3.1490552834149756,3.7827841291190314,108.75555555555556,6.67315445572084,False,취약지역우선,0,45.0,9.194932570494483
전라남도|담양군,B01,재가노인복지시설 방문요양,전라남도,담양군,46710,2026-06-10,15.0,80.0,15.0,0.0,0.0,0.0,0.0,329.0,True,2233,97,2330,2475.5,2621,44031,16914,8169,2684,5979,방문·복지용구형,False,0.4890829694323144,비적용,False,기관존재,6.437768240343348,,141.20171673819743,6.059381943041809,,132.90244395071701,5.723006486074018,,125.52460892789011,1.8362100624311422,2.5087807325639737,165.03333333333333,6.67315445572084,True,취약지역우선,0,15.0,6.059381943041809
전라남도|목포시,B01,재가노인복지시설 방문요양,전라남도,목포시,46110,2026-06-10,67.0,0.0,59.0,0.0,0.0,0.0,0.0,1696.0,True,6637,66,6703,6802.0,6901,199524,47425,19933,4793,18153,방문·복지용구형,False,0.4890829694323144,비적용,False,기관존재,9.995524392063256,,253.02103535730268,9.850044104675096,,249.3384298735666,9.70873786407767,,245.7614838429213,3.3612602217428384,3.690849997245634,101.5223880597015,6.67315445572084,False,취약지역우선,0,67.0,9.850044104675096
전라남도|무안군,B01,재가노인복지시설 방문요양,전라남도,무안군,46840,2026-06-10,22.0,34.0,21.0,0.0,0.0,0.0,0.0,473.0,True,2690,102,2792,2945.0,3098,95659,20837,9454,2740,7613,방문·복지용구형,False,0.4890829694323144,비적용,False,기관존재,7.8796561604584525,,169.41260744985672,7.470288624787775,,160.6112054329372,7.101355713363461,,152.6791478373144,2.3270573302305904,2.88979377380796,133.86363636363637,6.67315445572084,False,취약지역우선,0,22.0,7.470288624787775
전라남도|보성군,B01,재가노인복지시설 방문요양,전라남도,보성군,46780,2026-06-10,25.0,89.0,30.0,0.0,0.0,0.0,0.0,785.0,True,1887,109,1996,2159.5,2323,37559,16869,8935,3223,7049,방문·복지용구형,False,0.4890829694323144,비적용,False,기관존재,12.525050100200401,,393.28657314629254,11.57675387821255,,363.510071775874,10.76194575979337,,337.92509685751185,2.7979854504756574,3.5466023549439636,86.38,6.67315445572084,False,취약지역우선,0,25.0,11.57675387821255
전라남도|순천시,B01,재가노인복지시설 방문요양,전라남도,순천시,46150,2026-06-10,63.0,34.0,51.0,0.0,0.0,0.0,0.0,1787.0,True,7397,79,7476,7594.5,7713,274131,58612,24185,7216,19036,방문·복지용구형,False,0.4890829694323144,비적용,False,기관존재,8.426966292134832,,239.03156768325306,8.295476989926922,,235.30186319046678,8.168028004667445,,231.68676260858294,2.6049204052098407,3.3095188064719476,120.54761904761905,6.67315445572084,False,취약지역우선,0,63.0,8.295476989926922
전라남도|신안군,B01,재가노인복지시설 방문요양,전라남도,신안군,46910,2026-06-10,11.0,0.0,14.0,0.0,0.0,0.0,0.0,346.0,True,1722,87,1809,1939.5,2070,42319,16501,7936,2533,5513,방문·복지용구형,False,0.4890829694323144,비적용,False,기관존재,6.0807075732448865,,191.26589275843006,5.671564836298015,,178.39649394173756,5.314009661835749,,167.1497584541063,1.3860887096774195,1.9952838744785053,176.3181818181818,6.67315445572084,True,취약지역우선,0,11.0,5.671564836298015
전라남도|여수시,B01,재가노인복지시설 방문요양,전라남도,여수시,46130,2026-06-10,55.0,54.0,56.0,0.0,1.0,0.0,0.0,1541.0,True,7578,74,7652,7763.0,7874,260502,68279,28759,7275,21795,방문·복지용구형,False,0.4890829694323144,비적용,False,기관존재,7.187663355985363,,201.3852587558808,7.084889862166689,,198.5057323199794,6.98501397002794,,195.70739141478282,1.9124447998887304,2.5235145675613673,141.14545454545456,6.67315445572084,False,취약지역우선,0,55.0,7.084889862166689
전라남도|영광군,B01,재가노인복지시설 방문요양,전라남도,영광군,46870,2026-06-10,28.0,250.0,36.0,1.0,1.0,0.0,0.0,1107.0,True,2406,109,2515,2678.5,2842,53902,17674,8772,2681,6755,방문·복지용구형,False,0.4890829694323144,비적용,False,기관존재,11.133200795228628,,440.15904572564614,10.45361209632257,,413.29102109389584,9.852216748768473,,389.51442646023924,3.191974464204286,4.1450777202072535,95.66071428571429,6.67315445572084,False,취약지역우선,0,28.0,10.45361209632257
전라남도|영암군,B01,재가노인복지시설 방문요양,전라남도,영암군,46830,2026-06-10,10.0,0.0,16.0,0.0,0.0,0.0,0.0,450.0,True,2087,105,2192,2349.5,2507,50076,16430,8031,2651,6607,방문·복지용구형,False,0.4890829694323144,비적용,False,기관존재,4.562043795620437,,205.2919708029197,4.256224728665673,,191.5301127899553,3.988831272437176,,179.4974072596729,1.2451749470800646,1.5135462388375966,234.95,6.67315445572084,True,취약지역우선,0,10.0,4.256224728665673
전라남도|완도군,B01,재가노인복지시설 방문요양,전라남도,완도군,46890,2026-06-10,28.0,2178.0,40.0,0.0,0.0,0.0,0.0,698.0,True,2305,108,2413,2575.0,2737,44175,17538,9040,2813,6739,방문·복지용구형,False,0.4890829694323144,비적용,False,기관존재,11.603812681309574,,289.26647326978866,10.87378640776699,,271.06796116504853,10.230179028132993,,255.02374862988674,3.0973451327433628,4.154919127466983,91.96428571428571,6.67315445572084,False,취약지역우선,0,28.0,10.87378640776699
전라남도|장성군,B01,재가노인복지시설 방문요양,전라남도,장성군,46880,2026-06-10,19.0,11.0,34.0,0.0,0.0,0.0,0.0,833.0,True,2225,107,2332,2492.5,2653,43095,15429,7598,2493,5869,방문·복지용구형,False,0.4890829694323144,비적용,False,기관존재,8.147512864493997,,357.20411663807886,7.622868605817453,,334.2026078234704,7.161703731624576,,313.9841688654353,2.5006580679126085,3.2373487817345374,131.18421052631578,6.67315445572084,False,취약지역우선,0,19.0,7.622868605817453
전라남도|장흥군,B01,재가노인복지시설 방문요양,전라남도,장흥군,46800,2026-06-10,13.0,470.0,20.0,0.0,0.0,0.0,0.0,356.0,True,2204,101,2305,2456.5,2608,33952,13971,7241,2591,5826,방문·복지용구형,False,0.4890829694323144,비적용,False,기관존재,5.639913232104122,,154.4468546637744,5.292082230816202,,144.92163647465907,4.984662576687116,,136.50306748466255,1.7953321364452424,2.2313765877102645,188.96153846153845,6.67315445572084,True,취약지역우선,0,13.0,5.292082230816202
전라남도|진도군,B01,재가노인복지시설 방문요양,전라남도,진도군,46900,2026-06-10,13.0,0.0,18.0,0.0,0.0,0.0,0.0,413.0,True,1274,95,1369,1511.5,1654,27882,11249,5822,1935,4772,방문·복지용구형,False,0.4890829694323144,비적용,False,기관존재,9.495982468955443,,301.68005843681516,8.600727753886867,,273.2385047965597,7.8597339782345825,,249.6977025392987,2.232909653040192,2.724224643755239,116.26923076923077,6.67315445572084,False,취약지역우선,0,13.0,8.600727753886867
전라남도|함평군,B01,재가노인복지시설 방문요양,전라남도,함평군,46860,2026-06-10,18.0,383.0,17.0,0.0,0.0,0.0,0.0,355.0,True,1883,106,1989,2148.0,2307,29601,12736,6551,2301,5471,방문·복지용구형,False,0.4890829694323144,비적용,False,기관존재,9.04977375565611,,178.48164906988436,8.379888268156424,,165.27001862197395,7.802340702210663,,153.87949718248808,2.747672111128072,3.290074940595869,119.33333333333333,6.67315445572084,False,취약지역우선,0,18.0,8.379888268156424
전라남도|해남군,B01,재가노인복지시설 방문요양,전라남도,해남군,46820,2026-06-10,23.0,0.0,24.0,0.0,0.0,0.0,0.0,440.0,True,3024,100,3124,3274.0,3424,62027,24626,12186,3845,9400,방문·복지용구형,False,0.4890829694323144,비적용,False,기관존재,7.36235595390525,,140.84507042253523,7.025045815516188,,134.39218081857055,6.7172897196261685,,128.50467289719626,1.8874117840144429,2.4468085106382977,142.34782608695653,6.67315445572084,False,취약지역우선,0,23.0,7.025045815516188
전라남도|화순군,B01,재가노인복지시설 방문요양,전라남도,화순군,46790,2026-06-10,34.0,0.0,42.0,0.0,0.0,0.0,0.0,1092.0,True,2598,108,2706,2868.0,3030,59909,19853,9720,3287,7960,방문·복지용구형,False,0.4890829694323144,비적용,False,기관존재,12.564671101256469,,403.5476718403548,11.854951185495118,,380.7531380753138,11.221122112211221,,360.3960396039604,3.4979423868312756,4.2713567839195985,84.3529411764706,6.67315445572084,False,취약지역우선,0,34.0,11.854951185495118
전북특별자치도|고창군,B01,재가노인복지시설 방문요양,전북특별자치도,고창군,52790,2026-06-10,13.0,99.0,20.0,0.0,0.0,0.0,0.0,331.0,True,3225,93,3318,3457.5,3597,50071,20870,10809,3513,8300,방문·복지용구형,False,0.4890829694323144,비적용,False,기관존재,3.9180229053646776,,99.75889089813141,3.759942154736081,,95.73391178597252,3.614122880177926,,92.02112871837642,1.2027014524932926,1.5662650602409638,265.96153846153845,6.67315445572084,True,취약지역우선,0,13.0,3.759942154736081
전북특별자치도|군산시,B01,재가노인복지시설 방문요양,전북특별자치도,군산시,52130,2026-06-10,64.0,0.0,56.0,0.0,0.0,0.0,0.0,1509.0,True,8155,72,8227,8335.0,8443,255591,64219,27084,6918,21796,방문·복지용구형,False,0.4890829694323144,비적용,False,기관존재,7.779263400996718,,183.42044487662574,7.678464307138572,,181.04379124175165,7.5802439891033995,,178.72794030557858,2.363018756461379,2.9363185905670766,130.234375,6.67315445572084,False,취약지역우선,0,64.0,7.678464307138572
전북특별자치도|김제시,B01,재가노인복지시설 방문요양,전북특별자치도,김제시,52210,2026-06-10,29.0,0.0,36.0,0.0,0.0,0.0,0.0,670.0,True,4039,99,4138,4286.5,4435,81631,30000,14820,4894,11803,방문·복지용구형,False,0.4890829694323144,비적용,False,기관존재,7.008216529724505,,161.91396810053166,6.765426338504608,,156.3046774757961,6.538895152198422,,151.07102593010146,1.9568151147098516,2.457002457002457,147.81034482758622,6.67315445572084,False,취약지역우선,0,29.0,6.765426338504608
전북특별자치도|남원시,B01,재가노인복지시설 방문요양,전북특별자치도,남원시,52190,2026-06-10,34.0,0.0,43.0,0.0,0.0,0.0,0.0,943.0,True,3774,102,3876,4029.0,4182,73812,26161,12932,4320,9910,방문·복지용구형,False,0.4890829694323144,비적용,False,기관존재,8.771929824561402,,243.29205366357067,8.438818565400844,,234.05311491685282,8.130081300813009,,225.49019607843138,2.629137024435509,3.43087790110999,118.5,6.67315445572084,False,취약지역우선,0,34.0,8.438818565400844
전북특별자치도|무주군,B01,재가노인복지시설 방문요양,전북특별자치도,무주군,52730,2026-06-10,12.0,110.0,13.0,0.0,0.0,0.0,0.0,352.0,True,860,94,954,1095.0,1236,23326,9356,4527,1606,3691,방문·복지용구형,False,0.4890829694323144,비적용,False,기관존재,12.578616352201259,,368.97274633123686,10.95890410958904,,321.46118721461187,9.70873786407767,,284.78964401294496,2.6507620941020544,3.251151449471688,91.25,6.67315445572084,False,취약지역우선,0,12.0,10.95890410958904
전북특별자치도|부안군,B01,재가노인복지시설 방문요양,전북특별자치도,부안군,52800,2026-06-10,18.0,10.0,20.0,0.0,0.0,0.0,0.0,347.0,True,2335,97,2432,2577.5,2723,46946,19234,9604,2995,8057,방문·복지용구형,False,0.4890829694323144,비적용,False,기관존재,7.401315789473684,,142.6809210526316,6.9835111542192045,,134.62657613967022,6.6103562247521115,,127.43297833272126,1.8742190753852561,2.2340821645773863,143.19444444444446,6.67315445572084,False,취약지역우선,0,18.0,6.9835111542192045
전북특별자치도|순창군,B01,재가노인복지시설 방문요양,전북특별자치도,순창군,52770,2026-06-10,4.0,0.0,4.0,0.0,0.0,0.0,0.0,51.0,True,1211,96,1307,1451.0,1595,27584,10831,5487,1893,4119,방문·복지용구형,False,0.4890829694323144,비적용,False,기관존재,3.06044376434583,,39.02065799540933,2.7567195037904892,,35.148173673328735,2.5078369905956115,,31.97492163009404,0.7289958082741025,0.9711094925952901,362.75,6.67315445572084,True,취약지역우선,0,4.0,2.7567195037904892
전북특별자치도|완주군,B01,재가노인복지시설 방문요양,전북특별자치도,완주군,52710,2026-06-10,34.0,0.0,35.0,0.0,0.0,0.0,0.0,804.0,True,3721,88,3809,3941.0,4073,100102,27560,12072,3663,9016,방문·복지용구형,False,0.4890829694323144,비적용,False,기관존재,8.926227356261485,,211.0790233657128,8.627251966505963,,204.0091347373763,8.347655290940338,,197.39749570341272,2.8164347249834325,3.771073646850044,115.91176470588235,6.67315445572084,False,취약지역우선,0,34.0,8.627251966505963
전북특별자치도|익산시,B01,재가노인복지시설 방문요양,전북특별자치도,익산시,52140,2026-06-10,74.0,55.0,74.0,0.0,0.0,0.0,0.0,2102.0,True,9546,66,9612,9711.0,9810,266758,70191,30008,8377,23906,방문·복지용구형,False,0.4890829694323144,비적용,False,기관존재,7.698709945900958,,218.6849771119434,7.620224487694368,,216.4555658531562,7.543323139653415,,214.2711518858308,2.4660090642495334,3.0954572073956332,131.22972972972974,6.67315445572084,False,취약지역우선,0,74.0,7.620224487694368
전북특별자치도|임실군,B01,재가노인복지시설 방문요양,전북특별자치도,임실군,52750,2026-06-10,11.0,30.0,10.0,0.0,0.0,0.0,0.0,189.0,True,1367,92,1459,1597.0,1735,25342,11198,5797,2069,4625,방문·복지용구형,False,0.4890829694323144,비적용,False,기관존재,7.539410555174777,,129.5407813570939,6.88791484032561,,118.34690043832185,6.340057636887608,,108.93371757925071,1.8975332068311195,2.3783783783783785,145.1818181818182,6.67315445572084,False,취약지역우선,0,11.0,6.88791484032561
전북특별자치도|장수군,B01,재가노인복지시설 방문요양,전북특별자치도,장수군,52740,2026-06-10,6.0,0.0,8.0,0.0,0.0,0.0,0.0,131.0,True,630,82,712,835.0,958,21169,8755,4227,1457,3301,방문·복지용구형,False,0.4890829694323144,비적용,False,기관존재,8.426966292134832,,183.98876404494382,7.18562874251497,,156.88622754491018,6.263048016701462,,136.74321503131523,1.4194464158978,1.8176310209027569,139.16666666666666,6.67315445572084,False,취약지역우선,0,6.0,7.18562874251497
전북특별자치도|전주시,B01,재가노인복지시설 방문요양,전북특별자치도,전주시,52111|52113,2026-06-10,152.0,0.0,157.0,1.0,0.0,0.0,0.0,3490.0,True,17659,42,17701,17764.0,17827,620874,126989,53201,13900,39699,방문·복지용구형,False,0.4890829694323144,비적용,False,기관존재,8.58708547539687,,197.1640020337834,8.556631389326727,,196.46476018914657,8.526392550625456,,195.77046053738712,2.8570891524595403,3.8288118088616843,116.86842105263158,6.67315445572084,False,취약지역우선,0,152.0,8.556631389326727
전북특별자치도|정읍시,B01,재가노인복지시설 방문요양,전북특별자치도,정읍시,52180,2026-06-10,40.0,44.0,38.0,0.0,0.0,0.0,0.0,810.0,True,5149,99,5248,5396.5,5545,100738,34282,16976,5535,13435,방문·복지용구형,False,0.4890829694323144,비적용,False,기관존재,7.621951219512195,,154.34451219512195,7.412211618641712,,150.09728527749468,7.213706041478809,,146.0775473399459,2.3562676720075397,2.97729810197246,134.9125,6.67315445572084,False,취약지역우선,0,40.0,7.412211618641712
전북특별자치도|진안군,B01,재가노인복지시설 방문요양,전북특별자치도,진안군,52720,2026-06-10,10.0,20.0,10.0,0.0,0.0,0.0,0.0,153.0,True,1111,91,1202,1338.5,1475,24689,10514,5098,1720,4020,방문·복지용구형,False,0.4890829694323144,비적용,False,기관존재,8.319467554076539,,127.28785357737105,7.4710496824803885,,114.30706014194995,6.779661016949152,,103.72881355932203,1.9615535504119261,2.487562189054726,133.85,6.67315445572084,False,취약지역우선,0,10.0,7.4710496824803885
제주특별자치도|서귀포시,B01,재가노인복지시설 방문요양,제주특별자치도,서귀포시,50130,2026-06-10,21.0,0.0,26.0,0.0,0.0,0.0,0.0,444.0,True,3209,90,3299,3434.0,3569,178669,44626,19711,6127,14483,방문·복지용구형,False,0.4890829694323144,비적용,False,기관존재,6.365565322825098,,134.58623825401637,6.11531741409435,,129.2952824694234,5.884001120762118,,124.40459512468479,1.0653949571305361,1.4499758337361044,163.52380952380952,6.67315445572084,True,취약지역우선,0,21.0,6.11531741409435
제주특별자치도|제주시,B01,재가노인복지시설 방문요양,제주특별자치도,제주시,50110,2026-06-10,73.0,0.0,76.0,0.0,0.0,0.0,0.0,1876.0,True,9181,48,9229,9301.0,9373,484123,92096,38161,11631,28560,방문·복지용구형,False,0.4890829694323144,비적용,False,기관존재,7.909849387799327,,203.27229385632245,7.8486184281260085,,201.69874207074508,7.788328176677691,,200.14936519790888,1.9129477739052958,2.5560224089635857,127.41095890410959,6.67315445572084,False,취약지역우선,0,73.0,7.8486184281260085
충청남도|계룡시,B01,재가노인복지시설 방문요양,충청남도,계룡시,44250,2026-06-10,8.0,14.0,7.0,0.0,0.0,0.0,0.0,151.0,True,570,99,669,817.5,966,45959,7812,2778,802,2137,방문·복지용구형,False,0.4890829694323144,비적용,False,기관존재,11.958146487294469,,225.7100149476831,9.785932721712538,,184.70948012232415,8.281573498964804,,156.31469979296068,2.8797696184305255,3.743565746373421,102.1875,6.67315445572084,False,취약지역우선,0,8.0,9.785932721712538
충청남도|공주시,B01,재가노인복지시설 방문요양,충청남도,공주시,44150,2026-06-10,27.0,0.0,16.0,0.0,0.0,0.0,0.0,566.0,True,4646,78,4724,4841.0,4958,99757,34013,14950,4871,10962,방문·복지용구형,False,0.4890829694323144,비적용,False,기관존재,5.71549534292972,,119.81371718882302,5.577360049576534,,116.91799215038215,5.445744251714401,,114.15893505445744,1.806020066889632,2.4630541871921183,179.2962962962963,6.67315445572084,True,취약지역우선,0,27.0,5.577360049576534
충청남도|금산군,B01,재가노인복지시설 방문요양,충청남도,금산군,44710,2026-06-10,21.0,0.0,19.0,0.0,0.0,0.0,0.0,535.0,True,2718,90,2808,2943.0,3078,48939,19220,8672,2741,6934,방문·복지용구형,False,0.4890829694323144,비적용,False,기관존재,7.478632478632479,,190.52706552706553,7.135575942915392,,181.787291879035,6.82261208576998,,173.8141650422352,2.421586715867159,3.0285549466397463,140.14285714285714,6.67315445572084,False,취약지역우선,0,21.0,7.135575942915392
충청남도|논산시,B01,재가노인복지시설 방문요양,충청남도,논산시,44230,2026-06-10,41.0,14.0,42.0,0.0,0.0,0.0,0.0,1344.0,True,5702,74,5776,5887.0,5998,105977,36530,16482,5319,13123,방문·복지용구형,False,0.4890829694323144,비적용,False,기관존재,7.098337950138504,,232.68698060941827,6.9644980465432305,,228.2996432818074,6.835611870623541,,224.07469156385463,2.487562189054726,3.1242856054255888,143.58536585365854,6.67315445572084,False,취약지역우선,0,41.0,6.9644980465432305
충청남도|당진시,B01,재가노인복지시설 방문요양,충청남도,당진시,44270,2026-06-10,43.0,0.0,44.0,0.0,0.0,0.0,0.0,1111.0,True,5566,94,5660,5801.0,5942,172400,40186,17520,5599,12923,방문·복지용구형,False,0.4890829694323144,비적용,False,기관존재,7.597173144876325,,196.28975265017667,7.412515083606275,,191.5187036717807,7.236620666442276,,186.9740828004039,2.454337899543379,3.327400758337847,134.90697674418604,6.67315445572084,False,취약지역우선,0,43.0,7.412515083606275
충청남도|보령시,B01,재가노인복지시설 방문요양,충청남도,보령시,44180,2026-06-10,36.0,9999.0,39.0,1.0,0.0,0.0,0.0,1099.0,True,3655,84,3739,3865.0,3991,91260,31418,14017,4166,10884,방문·복지용구형,False,0.4890829694323144,비적용,False,기관존재,9.628242845680663,,293.928857983418,9.314359637774903,,284.3467011642949,9.020295665246804,,275.36958155850664,2.5683099093957336,3.3076074972436604,107.36111111111111,6.67315445572084,False,취약지역우선,0,36.0,9.314359637774903
충청남도|부여군,B01,재가노인복지시설 방문요양,충청남도,부여군,44760,2026-06-10,21.0,40.0,25.0,0.0,1.0,0.0,0.0,552.0,True,3223,88,3311,3443.0,3575,57762,25613,12293,4226,8850,방문·복지용구형,False,0.4890829694323144,비적용,False,기관존재,6.342494714587738,,166.71700392630626,6.099331977926227,,160.3252977054894,5.874125874125874,,154.4055944055944,1.7082892703164403,2.3728813559322033,163.95238095238096,6.67315445572084,True,취약지역우선,0,21.0,6.099331977926227
충청남도|서산시,B01,재가노인복지시설 방문요양,충청남도,서산시,44210,2026-06-10,59.0,30.0,74.0,0.0,0.0,0.0,0.0,2015.0,True,6145,80,6225,6345.0,6465,171136,41975,18609,5961,12444,방문·복지용구형,False,0.4890829694323144,비적용,False,기관존재,9.477911646586346,,323.6947791164659,9.29866036249015,,317.57289204097714,9.126063418406806,,311.67826759474093,3.1705088935461334,4.741240758598521,107.54237288135593,6.67315445572084,False,취약지역우선,0,59.0,9.29866036249015
충청남도|서천군,B01,재가노인복지시설 방문요양,충청남도,서천군,44770,2026-06-10,29.0,83.0,31.0,0.0,0.0,0.0,0.0,725.0,True,2942,89,3031,3164.5,3298,46761,20945,10411,3506,7437,방문·복지용구형,False,0.4890829694323144,비적용,False,기관존재,9.567799406136588,,239.19498515341473,9.16416495496919,,229.10412387422974,8.793208004851426,,219.83020012128563,2.785515320334262,3.8994218098695708,109.12068965517241,6.67315445572084,False,취약지역우선,0,29.0,9.16416495496919
충청남도|아산시,B01,재가노인복지시설 방문요양,충청남도,아산시,44200,2026-06-10,57.0,0.0,57.0,0.0,0.0,0.0,0.0,1735.0,True,6933,57,6990,7075.5,7161,363678,59018,23699,6956,18666,방문·복지용구형,False,0.4890829694323144,비적용,False,기관존재,8.15450643776824,,248.21173104434908,8.055967776128897,,245.21235248392338,7.959782153330542,,242.2845971233068,2.4051647748850162,3.053680488588878,124.13157894736842,6.67315445572084,False,취약지역우선,0,57.0,8.055967776128897
충청남도|예산군,B01,재가노인복지시설 방문요양,충청남도,예산군,44810,2026-06-10,24.0,428.0,26.0,0.0,0.0,0.0,0.0,607.0,True,3281,94,3375,3516.0,3657,78318,29283,13548,4468,9243,방문·복지용구형,False,0.4890829694323144,비적용,False,기관존재,7.111111111111112,,179.85185185185185,6.825938566552901,,172.63936291240046,6.562756357670222,,165.9830462127427,1.7714791851195748,2.596559558584875,146.5,6.67315445572084,False,취약지역우선,0,24.0,6.825938566552901
충청남도|천안시,B01,재가노인복지시설 방문요양,충청남도,천안시,44131|44133,2026-06-10,90.0,0.0,84.0,0.0,0.0,0.0,0.0,2792.0,True,11957,33,11990,12039.5,12089,666182,105051,38353,10924,30856,방문·복지용구형,False,0.4890829694323144,비적용,False,기관존재,7.506255212677231,,232.86071726438698,7.4753934964076585,,231.9033182441131,7.44478451484821,,230.95375961618,2.3466221677574115,2.916774695359087,133.7722222222222,6.67315445572084,False,취약지역우선,0,90.0,7.4753934964076585
충청남도|청양군,B01,재가노인복지시설 방문요양,충청남도,청양군,44790,2026-06-10,7.0,0.0,6.0,0.0,0.0,0.0,0.0,174.0,True,1360,94,1454,1595.0,1736,30051,12963,6170,2203,4309,방문·복지용구형,False,0.4890829694323144,비적용,False,기관존재,4.814305364511692,,119.66987620357635,4.38871473354232,,109.09090909090908,4.032258064516129,,100.23041474654377,1.13452188006483,1.6245068461359944,227.85714285714286,6.67315445572084,True,취약지역우선,0,7.0,4.38871473354232
충청남도|태안군,B01,재가노인복지시설 방문요양,충청남도,태안군,44825,2026-06-10,21.0,5.0,15.0,0.0,0.0,0.0,0.0,406.0,True,2313,102,2415,2568.0,2721,59039,24025,11079,3204,8296,방문·복지용구형,False,0.4890829694323144,비적용,False,기관존재,8.695652173913043,,168.1159420289855,8.177570093457943,,158.09968847352025,7.717750826901874,,149.2098493201029,1.8954779312212293,2.531340405014465,122.28571428571429,6.67315445572084,False,취약지역우선,0,21.0,8.177570093457943
충청남도|홍성군,B01,재가노인복지시설 방문요양,충청남도,홍성군,44800,2026-06-10,22.0,0.0,27.0,0.0,0.0,0.0,0.0,620.0,True,3902,88,3990,4122.0,4254,101566,29222,13454,4438,9328,방문·복지용구형,False,0.4890829694323144,비적용,False,기관존재,5.513784461152882,,155.38847117794487,5.337214944201844,,150.41242115477922,5.171603196991067,,145.7451810061119,1.6352014270848818,2.3584905660377355,187.36363636363637,6.67315445572084,True,취약지역우선,0,22.0,5.337214944201844
충청북도|괴산군,B01,재가노인복지시설 방문요양,충청북도,괴산군,43760,2026-06-10,12.0,0.0,10.0,0.0,0.0,0.0,0.0,208.0,True,1319,110,1429,1594.0,1759,37415,16412,6859,2185,5875,방문·복지용구형,False,0.4890829694323144,비적용,False,기관존재,8.397480755773268,,145.55633310007,7.52823086574655,,130.48933500627354,6.822057987492894,,118.24900511654349,1.7495261699956262,2.0425531914893615,132.83333333333334,6.67315445572084,False,취약지역우선,0,12.0,7.52823086574655
충청북도|단양군,B01,재가노인복지시설 방문요양,충청북도,단양군,43800,2026-06-10,7.0,14.0,9.0,0.0,0.0,0.0,0.0,167.0,True,876,89,965,1098.5,1232,26628,11286,4582,1306,4144,방문·복지용구형,False,0.4890829694323144,비적용,False,기관존재,7.253886010362694,,173.05699481865287,6.372325898953117,,152.0254893035958,5.681818181818182,,135.55194805194807,1.5277171540811874,1.6891891891891893,156.92857142857142,6.67315445572084,True,취약지역우선,0,7.0,6.372325898953117
충청북도|보은군,B01,재가노인복지시설 방문요양,충청북도,보은군,43720,2026-06-10,10.0,0.0,15.0,0.0,0.0,0.0,0.0,377.0,True,1601,101,1702,1853.5,2005,31181,13525,6040,2117,4769,방문·복지용구형,False,0.4890829694323144,비적용,False,기관존재,5.875440658049354,,221.50411280846063,5.395198273536552,,203.39897491232801,4.987531172069826,,188.02992518703243,1.6556291390728477,2.0968756552736423,185.35,6.67315445572084,True,취약지역우선,0,10.0,5.395198273536552
충청북도|영동군,B01,재가노인복지시설 방문요양,충청북도,영동군,43740,2026-06-10,10.0,80.0,15.0,0.0,0.0,0.0,0.0,303.0,True,2380,105,2485,2642.5,2800,43011,17768,7907,2438,6398,방문·복지용구형,False,0.4890829694323144,비적용,False,기관존재,4.024144869215292,,121.93158953722335,3.7842951750236518,,114.66414380321666,3.571428571428571,,108.21428571428572,1.2647021626406982,1.5629884338855893,264.25,6.67315445572084,True,취약지역우선,0,10.0,3.7842951750236518
충청북도|옥천군,B01,재가노인복지시설 방문요양,충청북도,옥천군,43730,2026-06-10,12.0,0.0,15.0,0.0,0.0,0.0,0.0,460.0,True,2232,105,2337,2494.5,2652,50547,18901,8024,2510,6548,방문·복지용구형,False,0.4890829694323144,비적용,False,기관존재,5.134788189987162,,196.83354728284124,4.810583283223091,,184.40569252355183,4.524886877828055,,173.45399698340873,1.4955134596211366,1.832620647525962,207.875,6.67315445572084,True,취약지역우선,0,12.0,4.810583283223091
충청북도|음성군,B01,재가노인복지시설 방문요양,충청북도,음성군,43770,2026-06-10,13.0,10.0,14.0,0.0,0.0,0.0,0.0,368.0,True,2567,81,2648,2769.5,2891,95954,26403,10169,3192,9003,방문·복지용구형,False,0.4890829694323144,비적용,False,기관존재,4.909365558912387,,138.97280966767372,4.693988084491785,,132.87597039176745,4.496713939813214,,127.29159460394327,1.2783951224309176,1.4439631234033101,213.03846153846155,6.67315445572084,True,취약지역우선,0,13.0,4.693988084491785
충청북도|제천시,B01,재가노인복지시설 방문요양,충청북도,제천시,43150,2026-06-10,39.0,168.0,55.0,0.0,0.0,0.0,0.0,1125.0,True,4413,85,4498,4625.5,4753,128192,38381,15030,4366,13017,방문·복지용구형,False,0.4890829694323144,비적용,False,기관존재,8.670520231213873,,250.1111605157848,8.431520916657659,,243.21694951897092,8.205343993267409,,236.69261519040606,2.594810379241517,2.9960820465545055,118.6025641025641,6.67315445572084,False,취약지역우선,0,39.0,8.431520916657659
충청북도|증평군,B01,재가노인복지시설 방문요양,충청북도,증평군,43745,2026-06-10,7.0,0.0,11.0,0.0,0.0,0.0,0.0,254.0,True,916,117,1033,1208.5,1384,36741,8781,3437,1017,3173,방문·복지용구형,False,0.4890829694323144,비적용,False,기관존재,6.7763794772507255,,245.88576960309777,5.792304509722797,,210.17790649565578,5.057803468208093,,183.52601156069366,2.0366598778004072,2.206114087614245,172.64285714285714,6.67315445572084,True,취약지역우선,0,7.0,5.792304509722797
충청북도|진천군,B01,재가노인복지시설 방문요양,충청북도,진천군,43750,2026-06-10,13.0,0.0,8.0,0.0,0.0,0.0,0.0,166.0,True,1705,105,1810,1967.5,2125,85569,18464,7278,2457,5943,방문·복지용구형,False,0.4890829694323144,비적용,False,기관존재,7.18232044198895,,91.71270718232044,6.6073697585768745,,84.3710292249047,6.11764705882353,,78.11764705882352,1.7862050013740038,2.187447417129396,151.34615384615384,6.67315445572084,True,취약지역우선,0,13.0,6.6073697585768745
충청북도|청주시,B01,재가노인복지시설 방문요양,충청북도,청주시,43111|43112|43113|43114,2026-06-10,159.0,89.0,137.0,0.0,0.0,0.0,0.0,3931.0,True,20499,39,20538,20596.5,20655,859571,157589,58507,16628,47494,방문·복지용구형,False,0.4890829694323144,비적용,False,기관존재,7.741747005550687,,191.4013048982374,7.719758211346588,,190.85766999247446,7.697893972403777,,190.31711450012105,2.717623532226913,3.3477912999536783,129.53773584905662,6.67315445572084,False,취약지역우선,0,159.0,7.719758211346588
충청북도|충주시,B01,재가노인복지시설 방문요양,충청북도,충주시,43130,2026-06-10,50.0,16.0,52.0,0.0,0.0,0.0,0.0,1646.0,True,6294,72,6366,6474.0,6582,205978,54980,21862,6879,17685,방문·복지용구형,False,0.4890829694323144,비적용,False,기관존재,7.854225573358466,,258.56110587496073,7.723200494284831,,254.24776027185663,7.596475235490732,,250.07596475235488,2.287073460799561,2.827254735651682,129.48,6.67315445572084,False,취약지역우선,0,50.0,7.723200494284831
강원특별자치도|강릉시,B01,재가노인복지시설 방문요양,강원특별자치도,강릉시,51150,2026-06-10,75.0,12.0,112.0,0.0,0.0,0.0,0.0,2485.0,True,7060,72,7132,7240.0,7348,205666,58369,24461,7119,19502,방문·복지용구형,False,0.4890829694323144,비적용,False,기관존재,10.515984296130117,,348.42961301177786,10.359116022099448,,343.23204419889504,10.20685900925422,,338.1872618399565,3.06610522873145,3.8457594092913547,96.53333333333333,6.67315445572084,False,형평성최소화_탐욕기준,0,75.0,10.359116022099448
강원특별자치도|고성군,B01,재가노인복지시설 방문요양,강원특별자치도,고성군,51820,2026-06-10,5.0,0.0,9.0,0.0,0.0,0.0,0.0,152.0,True,573,106,679,838.0,997,27204,9753,4272,1315,3771,방문·복지용구형,False,0.4890829694323144,비적용,False,기관존재,7.363770250368188,,223.85861561119293,5.966587112171838,,181.38424821002386,5.015045135406218,,152.45737211634906,1.1704119850187267,1.3259082471492973,167.6,6.67315445572084,True,형평성최소화_탐욕기준,0,5.0,5.966587112171838
강원특별자치도|동해시,B01,재가노인복지시설 방문요양,강원특별자치도,동해시,51170,2026-06-10,30.0,200.0,53.0,1.0,0.0,0.0,0.0,1154.0,True,2467,97,2564,2709.5,2855,85589,23433,9519,2573,8150,방문·복지용구형,False,0.4890829694323144,비적용,False,기관존재,11.700468018720748,,450.0780031201248,11.072153533862336,,425.9088392692379,10.507880910683012,,404.2031523642732,3.1515915537346357,3.6809815950920246,90.31666666666666,6.67315445572084,False,형평성최소화_탐욕기준,0,30.0,11.072153533862336
강원특별자치도|삼척시,B01,재가노인복지시설 방문요양,강원특별자치도,삼척시,51230,2026-06-10,27.0,0.0,47.0,0.0,0.0,0.0,0.0,876.0,True,1749,99,1848,1996.5,2145,60294,19952,8733,2675,7413,방문·복지용구형,False,0.4890829694323144,비적용,False,기관존재,14.61038961038961,,474.025974025974,13.5236664162284,,438.7678437265214,12.587412587412588,,408.3916083916084,3.091721058055651,3.6422501011736137,73.94444444444444,6.67315445572084,False,형평성최소화_탐욕기준,0,27.0,13.5236664162284
강원특별자치도|속초시,B01,재가노인복지시설 방문요양,강원특별자치도,속초시,51210,2026-06-10,23.0,0.0,31.0,1.0,0.0,0.0,0.0,622.0,True,1619,101,1720,1871.5,2023,78893,21146,8109,2208,7604,방문·복지용구형,False,0.4890829694323144,비적용,False,기관존재,13.372093023255815,,361.62790697674416,12.289607266898209,,332.3537269569864,11.369253583786456,,307.4641621354424,2.8363546676532247,3.0247238295633876,81.3695652173913,6.67315445572084,False,형평성최소화_탐욕기준,0,23.0,12.289607266898209
강원특별자치도|양구군,B01,재가노인복지시설 방문요양,강원특별자치도,양구군,51800,2026-06-10,2.0,100.0,4.0,0.0,0.0,0.0,0.0,65.0,True,295,104,399,555.0,711,20372,5891,2428,770,1993,방문·복지용구형,False,0.4890829694323144,비적용,False,기관존재,5.012531328320802,,162.90726817042605,3.6036036036036037,,117.11711711711712,2.8129395218002813,,91.42053445850914,0.8237232289950577,1.0035122930255895,277.5,6.67315445572084,True,형평성최소화_탐욕기준,0,2.0,3.6036036036036037
강원특별자치도|양양군,B01,재가노인복지시설 방문요양,강원특별자치도,양양군,51830,2026-06-10,8.0,0.0,20.0,0.0,0.0,0.0,0.0,290.0,True,752,104,856,1012.0,1168,27326,10299,4516,1330,3708,방문·복지용구형,False,0.4890829694323144,비적용,False,기관존재,9.345794392523365,,338.78504672897196,7.905138339920948,,286.5612648221344,6.8493150684931505,,248.2876712328767,1.7714791851195748,2.157497303128371,126.5,6.67315445572084,False,형평성최소화_탐욕기준,0,8.0,7.905138339920948
강원특별자치도|영월군,B01,재가노인복지시설 방문요양,강원특별자치도,영월군,51750,2026-06-10,11.0,0.0,24.0,0.0,0.0,0.0,0.0,428.0,True,1118,104,1222,1378.0,1534,35714,14054,5789,1736,5502,방문·복지용구형,False,0.4890829694323144,비적용,False,기관존재,9.00163666121113,,350.2454991816694,7.982583454281567,,310.5950653120465,7.170795306388526,,279.00912646675357,1.9001554672655037,1.9992729916394036,125.27272727272727,6.67315445572084,False,형평성최소화_탐욕기준,0,11.0,7.982583454281567
강원특별자치도|원주시,B01,재가노인복지시설 방문요양,강원특별자치도,원주시,51130,2026-06-10,98.0,0.0,128.0,0.0,0.0,0.0,0.0,3055.0,True,9086,57,9143,9228.5,9314,364811,76544,28432,9014,23947,방문·복지용구형,False,0.4890829694323144,비적용,False,기관존재,10.718582522148091,,334.1354041343104,10.619277238987918,,331.03971392967435,10.521795147090401,,328.0008589220528,3.446820483961733,4.092370651856182,94.16836734693878,6.67315445572084,False,형평성최소화_탐욕기준,0,98.0,10.619277238987918
강원특별자치도|인제군,B01,재가노인복지시설 방문요양,강원특별자치도,인제군,51810,2026-06-10,5.0,0.0,9.0,0.0,0.0,0.0,0.0,179.0,True,366,98,464,611.0,758,30771,8679,3266,1044,3008,방문·복지용구형,False,0.4890829694323144,비적용,False,기관존재,10.775862068965518,,385.7758620689655,8.183306055646481,,292.9623567921441,6.596306068601583,,236.14775725593668,1.5309246785058175,1.6622340425531914,122.2,6.67315445572084,False,형평성최소화_탐욕기준,0,5.0,8.183306055646481
강원특별자치도|정선군,B01,재가노인복지시설 방문요양,강원특별자치도,정선군,51770,2026-06-10,6.0,160.0,10.0,0.0,0.0,0.0,0.0,228.0,True,828,94,922,1063.0,1204,35128,12956,5166,1434,4985,방문·복지용구형,False,0.4890829694323144,비적용,False,기관존재,6.507592190889371,,247.28850325379608,5.644402634054563,,214.4873000940734,4.983388704318936,,189.3687707641196,1.1614401858304297,1.2036108324974926,177.16666666666666,6.67315445572084,True,형평성최소화_탐욕기준,0,6.0,5.644402634054563
강원특별자치도|철원군,B01,재가노인복지시설 방문요양,강원특별자치도,철원군,51780,2026-06-10,11.0,10.0,9.0,0.0,0.0,0.0,0.0,425.0,True,910,99,1009,1157.5,1306,39711,12246,5474,1544,4022,방문·복지용구형,False,0.4890829694323144,비적용,False,기관존재,10.901883052527255,,421.20911793855305,9.503239740820735,,367.170626349892,8.422664624808576,,325.42113323124045,2.009499451954695,2.7349577324714076,105.22727272727273,6.67315445572084,False,형평성최소화_탐욕기준,0,11.0,9.503239740820735
강원특별자치도|춘천시,B01,재가노인복지시설 방문요양,강원특별자치도,춘천시,51110,2026-06-10,109.0,100.0,133.0,1.0,0.0,0.0,0.0,3710.0,True,8583,47,8630,8700.5,8771,285027,66488,27039,8591,19960,방문·복지용구형,False,0.4890829694323144,비적용,False,기관존재,12.630359212050985,,429.8957126303592,12.528015631285559,,426.4122751566002,12.427317295633337,,422.9848363926576,4.03121417212175,5.460921843687375,79.8211009174312,6.67315445572084,False,형평성최소화_탐욕기준,0,109.0,12.528015631285559
강원특별자치도|태백시,B01,재가노인복지시설 방문요양,강원특별자치도,태백시,51190,2026-06-10,8.0,70.0,18.0,1.0,0.0,0.0,0.0,242.0,True,751,109,860,1023.5,1187,36811,12421,5202,1310,4911,방문·복지용구형,False,0.4890829694323144,비적용,False,기관존재,9.30232558139535,,281.39534883720927,7.816316560820713,,236.44357596482658,6.739679865206402,,203.87531592249368,1.5378700499807767,1.6289961311341885,127.9375,6.67315445572084,False,형평성최소화_탐욕기준,0,8.0,7.816316560820713
강원특별자치도|평창군,B01,재가노인복지시설 방문요양,강원특별자치도,평창군,51760,2026-06-10,11.0,80.0,20.0,0.0,0.0,0.0,0.0,438.0,True,935,99,1034,1182.5,1331,39897,15356,6017,1801,5414,방문·복지용구형,False,0.4890829694323144,비적용,False,기관존재,10.638297872340425,,423.5976789168279,9.30232558139535,,370.4016913319239,8.264462809917356,,329.0758827948911,1.8281535648994516,2.031769486516439,107.5,6.67315445572084,False,형평성최소화_탐욕기준,0,11.0,9.30232558139535
강원특별자치도|홍천군,B01,재가노인복지시설 방문요양,강원특별자치도,홍천군,51720,2026-06-10,17.0,50.0,24.0,0.0,0.0,0.0,0.0,489.0,True,1921,97,2018,2163.5,2309,65849,24363,9432,3072,8014,방문·복지용구형,False,0.4890829694323144,비적용,False,기관존재,8.424182358771061,,242.3191278493558,7.85763808643402,,226.02264848624915,7.36249458640104,,211.77999133824164,1.8023748939779474,2.1212877464437234,127.26470588235294,6.67315445572084,False,형평성최소화_탐욕기준,0,17.0,7.85763808643402
강원특별자치도|화천군,B01,재가노인복지시설 방문요양,강원특별자치도,화천군,51790,2026-06-10,4.0,42.0,8.0,0.0,0.0,0.0,0.0,145.0,True,382,77,459,574.5,690,22579,6942,2935,954,2460,방문·복지용구형,False,0.4890829694323144,비적용,False,기관존재,8.71459694989107,,315.9041394335512,6.962576153176675,,252.3933855526545,5.797101449275362,,210.14492753623188,1.362862010221465,1.6260162601626016,143.625,6.67315445572084,False,형평성최소화_탐욕기준,0,4.0,6.962576153176675
강원특별자치도|횡성군,B01,재가노인복지시설 방문요양,강원특별자치도,횡성군,51730,2026-06-10,18.0,0.0,26.0,0.0,0.0,0.0,0.0,435.0,True,1424,102,1526,1679.0,1832,45575,18436,7219,2265,5901,방문·복지용구형,False,0.4890829694323144,비적용,False,기관존재,11.795543905635649,,285.05897771952823,10.72066706372841,,259.0827873734366,9.825327510917031,,237.44541484716157,2.4934201412938077,3.050330452465684,93.27777777777777,6.67315445572084,False,형평성최소화_탐욕기준,0,18.0,10.72066706372841
경기도|가평군,B01,재가노인복지시설 방문요양,경기도,가평군,41820,2026-06-10,22.0,0.0,26.0,0.0,0.0,0.0,0.0,630.0,True,2270,91,2361,2497.5,2634,62041,21597,8526,2458,7681,방문·복지용구형,False,0.4890829694323144,비적용,False,기관존재,9.318085556967388,,266.83608640406607,8.80880880880881,,252.25225225225222,8.352315869400151,,239.17995444191345,2.5803424818203142,2.8642103892722304,113.52272727272727,6.67315445572084,False,형평성최소화_탐욕기준,0,22.0,8.80880880880881
경기도|고양시,B01,재가노인복지시설 방문요양,경기도,고양시,41281|41285|41287,2026-06-10,211.0,66.0,180.0,0.0,0.0,0.0,0.0,6541.0,True,25265,26,25291,25330.0,25369,1057438,204878,81672,25410,51307,방문·복지용구형,False,0.4890829694323144,비적용,False,기관존재,8.342888774662924,,258.6295520145506,8.33004342676668,,258.23134622976704,8.317237573416374,,257.8343647759076,2.5835047507101576,4.11249926910558,120.04739336492891,6.67315445572084,False,형평성최소화_탐욕기준,0,211.0,8.33004342676668
경기도|과천시,B01,재가노인복지시설 방문요양,경기도,과천시,41290,2026-06-10,9.0,0.0,12.0,0.0,0.0,0.0,0.0,343.0,True,760,95,855,997.5,1140,80832,13205,5013,1521,2189,방문·복지용구형,False,0.4890829694323144,비적용,False,기관존재,10.526315789473683,,401.16959064327483,9.022556390977444,,343.859649122807,7.894736842105264,,300.8771929824561,1.7953321364452424,4.111466423024212,110.83333333333333,6.67315445572084,False,형평성최소화_탐욕기준,0,9.0,9.022556390977444
경기도|광명시,B01,재가노인복지시설 방문요양,경기도,광명시,41210,2026-06-10,43.0,0.0,37.0,0.0,0.0,0.0,0.0,1007.0,True,4747,81,4828,4949.5,5071,303666,57121,20401,5129,13017,방문·복지용구형,False,0.4890829694323144,비적용,False,기관존재,8.906379453189727,,208.57497928748964,8.687746236993636,,203.4548944337812,8.47958982449221,,198.58016170380597,2.1077398166756534,3.303372512867788,115.1046511627907,6.67315445572084,False,형평성최소화_탐욕기준,0,43.0,8.687746236993636
경기도|광주시,B01,재가노인복지시설 방문요양,경기도,광주시,41610,2026-06-10,59.0,0.0,62.0,0.0,0.0,0.0,0.0,1800.0,True,8595,62,8657,8750.0,8843,399111,78180,27202,6649,18574,방문·복지용구형,False,0.4890829694323144,비적용,False,기관존재,6.815293981748874,,207.92422317199956,6.742857142857143,,205.71428571428572,6.671943910437634,,203.55083116589392,2.1689581648408205,3.176483256164531,148.3050847457627,6.67315445572084,False,형평성최소화_탐욕기준,0,59.0,6.742857142857143
경기도|구리시,B01,재가노인복지시설 방문요양,경기도,구리시,41310,2026-06-10,34.0,0.0,43.0,0.0,0.0,0.0,0.0,1048.0,True,3416,93,3509,3648.5,3788,187782,37208,13378,3317,9574,방문·복지용구형,False,0.4890829694323144,비적용,False,기관존재,9.68937019093759,,298.66058706184094,9.31889817733315,,287.24133205426887,8.975712777191129,,276.663146779303,2.54148602182688,3.551284729475663,107.30882352941177,6.67315445572084,False,형평성최소화_탐욕기준,0,34.0,9.31889817733315
경기도|군포시,B01,재가노인복지시설 방문요양,경기도,군포시,41410,2026-06-10,41.0,10014.0,44.0,1.0,0.0,0.0,0.0,1072.0,True,5054,76,5130,5244.0,5358,249462,51815,19157,5680,13614,방문·복지용구형,False,0.4890829694323144,비적용,False,기관존재,7.992202729044833,,208.96686159844054,7.818459191456904,,204.4241037376049,7.65210899589399,,200.07465472191117,2.1402098449652867,3.011605700014691,127.90243902439025,6.67315445572084,False,형평성최소화_탐욕기준,0,41.0,7.818459191456904
경기도|김포시,B01,재가노인복지시설 방문요양,경기도,김포시,41570,2026-06-10,58.0,2014.0,59.0,0.0,0.0,0.0,0.0,1787.0,True,9358,45,9403,9470.5,9538,484042,84689,32663,8228,21093,방문·복지용구형,False,0.4890829694323144,비적용,False,기관존재,6.168244177390195,,190.04573008614273,6.124280660999947,,188.69119898632596,6.080939400293563,,187.35583979869995,1.7757095184153322,2.749727397714882,163.2844827586207,6.67315445572084,True,형평성최소화_탐욕기준,0,58.0,6.124280660999947
경기도|남양주시,B01,재가노인복지시설 방문요양,경기도,남양주시,41360,2026-06-10,173.0,0.0,143.0,0.0,0.0,0.0,0.0,4640.0,True,19300,36,19336,19390.0,19444,727440,142550,55935,14449,36643,방문·복지용구형,False,0.4890829694323144,비적용,False,기관존재,8.947041787339677,,239.9669011170873,8.92212480660134,,239.29860752965445,8.897346225056573,,238.63402592059245,3.0928756592473405,4.7212291570013365,112.08092485549133,6.67315445572084,False,형평성최소화_탐욕기준,0,173.0,8.92212480660134
경기도|동두천시,B01,재가노인복지시설 방문요양,경기도,동두천시,41250,2026-06-10,38.0,0.0,19.0,0.0,0.0,0.0,0.0,707.0,True,3254,93,3347,3486.5,3626,86265,24403,10864,3155,8895,방문·복지용구형,False,0.4890829694323144,비적용,False,기관존재,11.353450851508814,,211.23394084254556,10.899182561307901,,202.7821597590707,10.479867622724766,,194.98069498069498,3.4977908689248896,4.2720629567172566,91.75,6.67315445572084,False,형평성최소화_탐욕기준,0,38.0,10.899182561307901
경기도|부천시,B01,재가노인복지시설 방문요양,경기도,부천시,41192|41194|41196,2026-06-10,197.0,2099.0,199.0,1.0,0.0,0.0,0.0,5152.0,True,17378,34,17412,17463.0,17514,755453,161363,54847,14003,42429,방문·복지용구형,False,0.4890829694323144,비적용,False,기관존재,11.3140362968068,,295.8878934068458,11.280994101815267,,295.0237645307221,11.248144341669523,,294.16466826538766,3.591809944026109,4.643050743595183,88.64467005076142,6.67315445572084,False,형평성최소화_탐욕기준,0,197.0,11.280994101815267
경기도|성남시,B01,재가노인복지시설 방문요양,경기도,성남시,41131|41133|41135,2026-06-10,137.0,0.0,189.0,0.0,0.0,0.0,0.0,4841.0,True,16976,42,17018,17081.0,17144,902344,175877,67836,17917,44640,방문·복지용구형,False,0.4890829694323144,비적용,False,기관존재,8.050299682688918,,284.4635092255259,8.020607692758036,,283.4143200046836,7.991133924405039,,282.37284181054594,2.019576625980305,3.0689964157706093,124.67883211678833,6.67315445572084,False,형평성최소화_탐욕기준,0,137.0,8.020607692758036
경기도|수원시,B01,재가노인복지시설 방문요양,경기도,수원시,41111|41113|41115|41117,2026-06-10,195.0,15.0,170.0,0.0,0.0,0.0,0.0,4761.0,True,21473,37,21510,21565.5,21621,1185770,188782,68732,18284,49895,방문·복지용구형,False,0.4890829694323144,비적용,False,기관존재,9.06555090655509,,221.3389121338912,9.042220212839952,,220.7692842734924,9.019009296517275,,220.2025808241987,2.8371064424140138,3.9082072351939074,110.5923076923077,6.67315445572084,False,형평성최소화_탐욕기준,0,195.0,9.042220212839952
경기도|시흥시,B01,재가노인복지시설 방문요양,경기도,시흥시,41390,2026-06-10,100.0,0.0,96.0,0.0,0.0,0.0,0.0,2428.0,True,8871,53,8924,9003.5,9083,514831,74706,25108,6985,21444,방문·복지용구형,False,0.4890829694323144,비적용,False,기관존재,11.205737337516808,,272.07530255490815,11.10679180318765,,269.67290498139613,11.00957833314984,,267.31256192887815,3.9827943285008764,4.663309084126096,90.035,6.67315445572084,False,형평성최소화_탐욕기준,0,100.0,11.10679180318765
경기도|안산시,B01,재가노인복지시설 방문요양,경기도,안산시,41271|41273,2026-06-10,103.0,0.0,86.0,0.0,0.0,0.0,0.0,2472.0,True,12742,38,12780,12837.0,12894,609240,107655,36645,10484,31622,방문·복지용구형,False,0.4890829694323144,비적용,False,기관존재,8.059467918622849,,193.42723004694838,8.023681545532446,,192.56835709277868,7.988211571273461,,191.71707771056307,2.8107518078864784,3.257225981911328,124.63106796116504,6.67315445572084,False,형평성최소화_탐욕기준,0,103.0,8.023681545532446
경기도|안성시,B01,재가노인복지시설 방문요양,경기도,안성시,41550,2026-06-10,64.0,0.0,73.0,0.0,0.0,0.0,0.0,1871.0,True,5935,68,6003,6105.0,6207,198785,45277,17890,5403,13707,방문·복지용구형,False,0.4890829694323144,비적용,False,기관존재,10.661335998667333,,311.6774945860403,10.483210483210483,,306.4701064701065,10.31093926212341,,301.43386499113905,3.577417551704863,4.669147151090684,95.390625,6.67315445572084,False,형평성최소화_탐욕기준,0,64.0,10.483210483210483
경기도|안양시,B01,재가노인복지시설 방문요양,경기도,안양시,41171|41173,2026-06-10,105.0,47.0,110.0,0.0,0.0,0.0,0.0,3178.0,True,9680,49,9729,9802.5,9876,562305,108783,38564,10316,24350,방문·복지용구형,False,0.4890829694323144,비적용,False,기관존재,10.792476102374344,,326.65227669853016,10.711553175210405,,324.20300943636823,10.6318347509113,,321.79019846091535,2.722746603049476,4.31211498973306,93.35714285714286,6.67315445572084,False,형평성최소화_탐욕기준,0,105.0,10.711553175210405
경기도|양주시,B01,재가노인복지시설 방문요양,경기도,양주시,41630,2026-06-10,75.0,15.0,47.0,0.0,0.0,0.0,0.0,1182.0,True,9094,56,9150,9234.0,9318,297226,56892,22416,6052,16680,방문·복지용구형,False,0.4890829694323144,비적용,False,기관존재,8.196721311475411,,129.18032786885246,8.122157244964262,,128.00519818063677,8.048937540244689,,126.85125563425628,3.345824411134904,4.496402877697841,123.12,6.67315445572084,False,형평성최소화_탐욕기준,0,75.0,8.122157244964262
경기도|양평군,B01,재가노인복지시설 방문요양,경기도,양평군,41830,2026-06-10,45.0,120.0,42.0,0.0,0.0,0.0,0.0,1391.0,True,4623,75,4698,4810.5,4923,126822,43216,16980,4765,13464,방문·복지용구형,False,0.4890829694323144,비적용,False,기관존재,9.578544061302681,,296.0834397616007,9.354536950420954,,289.1591310674566,9.140767824497258,,282.5512898639041,2.65017667844523,3.342245989304813,106.9,6.67315445572084,False,형평성최소화_탐욕기준,0,45.0,9.354536950420954
경기도|여주시,B01,재가노인복지시설 방문요양,경기도,여주시,41670,2026-06-10,36.0,0.0,30.0,0.0,0.0,0.0,0.0,825.0,True,3827,85,3912,4039.5,4167,113506,33425,13013,3794,10180,방문·복지용구형,False,0.4890829694323144,비적용,False,기관존재,9.202453987730062,,210.88957055214723,8.911994058670627,,204.23319717786856,8.639308855291578,,197.98416126709864,2.7664643049258433,3.536345776031434,112.20833333333333,6.67315445572084,False,형평성최소화_탐욕기준,0,36.0,8.911994058670627
경기도|연천군,B01,재가노인복지시설 방문요양,경기도,연천군,41800,2026-06-10,13.0,610.0,9.0,0.0,0.0,0.0,0.0,269.0,True,1452,97,1549,1694.5,1840,42977,14788,6386,1960,5073,방문·복지용구형,False,0.4890829694323144,비적용,False,기관존재,8.392511297611362,,173.6604260813428,7.671879610504574,,158.74889347890235,7.065217391304348,,146.19565217391303,2.0357031005324147,2.562586240883107,130.34615384615384,6.67315445572084,False,형평성최소화_탐욕기준,0,13.0,7.671879610504574
경기도|오산시,B01,재가노인복지시설 방문요양,경기도,오산시,41370,2026-06-10,31.0,0.0,38.0,0.0,0.0,0.0,0.0,1029.0,True,4017,77,4094,4209.5,4325,253590,34066,12293,3098,9517,방문·복지용구형,False,0.4890829694323144,비적용,False,기관존재,7.572056668295065,,251.34342940889104,7.364295046917687,,244.4470839767193,7.167630057803468,,237.91907514450867,2.521760351419507,3.257328990228013,135.79032258064515,6.67315445572084,False,형평성최소화_탐욕기준,0,31.0,7.364295046917687
경기도|용인시,B01,재가노인복지시설 방문요양,경기도,용인시,41461|41463|41465,2026-06-10,170.0,0.0,200.0,0.0,0.0,0.0,0.0,5554.0,True,22448,50,22498,22573.0,22648,1090211,191254,82252,21919,38961,방문·복지용구형,False,0.4890829694323144,비적용,False,기관존재,7.556227220197351,,246.86638812338873,7.5311212510521415,,246.0461613431976,7.506181561285765,,245.23136700812435,2.0668190439138256,4.36333769667103,132.78235294117647,6.67315445572084,False,형평성최소화_탐욕기준,0,170.0,7.5311212510521415
경기도|의왕시,B01,재가노인복지시설 방문요양,경기도,의왕시,41430,2026-06-10,26.0,0.0,17.0,0.0,0.0,0.0,0.0,457.0,True,2726,102,2828,2981.0,3134,164221,32901,11412,3180,6390,방문·복지용구형,False,0.4890829694323144,비적용,False,기관존재,9.193776520509195,,161.5983026874116,8.72190540087219,,153.30426031533042,8.296107211231652,,145.8200382897256,2.278303540133193,4.068857589984351,114.65384615384616,6.67315445572084,False,형평성최소화_탐욕기준,0,26.0,8.72190540087219
경기도|의정부시,B01,재가노인복지시설 방문요양,경기도,의정부시,41150,2026-06-10,129.0,0.0,137.0,1.0,0.0,0.0,0.0,3734.0,True,12584,45,12629,12696.5,12764,461917,96398,38158,10181,28208,방문·복지용구형,False,0.4890829694323144,비적용,False,기관존재,10.214585477868397,,295.6686990260511,10.160280392234082,,294.0967983302485,10.106549670949546,,292.5415230335318,3.380680329157713,4.573170731707317,98.42248062015504,6.67315445572084,False,형평성최소화_탐욕기준,0,129.0,10.160280392234082
경기도|이천시,B01,재가노인복지시설 방문요양,경기도,이천시,41500,2026-06-10,28.0,0.0,24.0,0.0,0.0,0.0,0.0,639.0,True,4608,68,4676,4778.0,4880,224740,43697,16253,4591,12181,방문·복지용구형,False,0.4890829694323144,비적용,False,기관존재,5.9880239520958085,,136.65526090675792,5.8601925491837585,,133.73796567601505,5.737704918032787,,130.94262295081967,1.7227588752845628,2.2986618504227896,170.64285714285714,6.67315445572084,True,형평성최소화_탐욕기준,0,28.0,5.8601925491837585
경기도|파주시,B01,재가노인복지시설 방문요양,경기도,파주시,41480,2026-06-10,105.0,0.0,102.0,0.0,0.0,0.0,0.0,2598.0,True,12190,36,12226,12280.0,12334,533387,94456,38870,11379,26366,방문·복지용구형,False,0.4890829694323144,비적용,False,기관존재,8.588254539505972,,212.49795517749058,8.550488599348535,,211.56351791530943,8.51305334846765,,210.63726285065673,2.7013120658605607,3.9824015777895774,116.95238095238095,6.67315445572084,False,형평성최소화_탐욕기준,0,105.0,8.550488599348535
경기도|평택시,B01,재가노인복지시설 방문요양,경기도,평택시,41220,2026-06-10,104.0,92.0,112.0,0.0,1.0,0.0,0.0,2925.0,True,11646,49,11695,11768.5,11842,619670,93532,35511,9930,28221,방문·복지용구형,False,0.4890829694323144,비적용,False,기관존재,8.892689183411715,,250.1068832834545,8.837150019118834,,248.5448442877172,8.782300287113662,,247.00219557507177,2.9286699895806936,3.6851989653095214,113.15865384615384,6.67315445572084,False,형평성최소화_탐욕기준,0,104.0,8.837150019118834
경기도|포천시,B01,재가노인복지시설 방문요양,경기도,포천시,41650,2026-06-10,50.0,6.0,35.0,0.0,0.0,0.0,0.0,1003.0,True,5666,80,5746,5866.0,5986,140468,41261,15819,4887,14562,방문·복지용구형,False,0.4890829694323144,비적용,False,기관존재,8.70170553428472,,174.55621301775147,8.523695874531198,,170.9853392430958,8.35282325425994,,167.55763448045437,3.1607560528478413,3.4335942864991074,117.32,6.67315445572084,False,형평성최소화_탐욕기준,0,50.0,8.523695874531198
경기도|하남시,B01,재가노인복지시설 방문요양,경기도,하남시,41450,2026-06-10,56.0,0.0,69.0,0.0,0.0,0.0,0.0,1524.0,True,5245,75,5320,5432.5,5545,327495,56386,19754,4441,12738,방문·복지용구형,False,0.4890829694323144,비적용,False,기관존재,10.526315789473683,,286.4661654135338,10.308329498389325,,280.53382420616657,10.099188458070333,,274.8422001803427,2.834868887313962,4.396294551734966,97.00892857142857,6.67315445572084,False,형평성최소화_탐욕기준,0,56.0,10.308329498389325
경기도|화성시,B01,재가노인복지시설 방문요양,경기도,화성시,41591|41593|41595|41597,2026-06-10,136.0,10000.0,146.0,2.0,1.0,0.0,0.0,3928.0,True,11601,47,11648,11718.5,11789,998746,121090,42228,11494,31319,방문·복지용구형,False,0.4890829694323144,비적용,False,기관존재,11.675824175824175,,337.22527472527474,11.605580919059607,,335.19648419166276,11.536177792857748,,333.19195860547967,3.2206119162640903,4.342411954404675,86.1654411764706,6.67315445572084,False,형평성최소화_탐욕기준,0,136.0,11.605580919059607
경상남도|거제시,B01,재가노인복지시설 방문요양,경상남도,거제시,48310,2026-06-10,42.0,164.0,55.0,0.0,0.0,0.0,0.0,1425.0,True,4094,84,4178,4304.0,4430,229029,40573,13259,3380,12066,방문·복지용구형,False,0.4890829694323144,비적용,False,기관존재,10.052656773575874,,341.07228338918145,9.758364312267657,,331.08736059479554,9.48081264108352,,321.6704288939052,3.167659702843352,3.4808552958727,102.47619047619048,6.67315445572084,False,형평성최소화_탐욕기준,0,42.0,9.758364312267657
경상남도|거창군,B01,재가노인복지시설 방문요양,경상남도,거창군,48880,2026-06-10,22.0,100.0,31.0,0.0,0.0,0.0,0.0,494.0,True,2821,95,2916,3058.5,3201,58846,20343,9532,3395,7663,방문·복지용구형,False,0.4890829694323144,비적용,False,기관존재,7.544581618655693,,169.41015089163236,7.1930684976295565,,161.51708353768188,6.8728522336769755,,154.3267728834739,2.3080151070079733,2.870938274827091,139.02272727272728,6.67315445572084,False,형평성최소화_탐욕기준,0,22.0,7.1930684976295565
경상남도|고성군,B01,재가노인복지시설 방문요양,경상남도,고성군,48820,2026-06-10,20.0,12.0,37.0,0.0,0.0,0.0,0.0,785.0,True,2584,89,2673,2806.5,2940,46808,18942,8671,2788,7481,방문·복지용구형,False,0.4890829694323144,비적용,False,기관존재,7.482229704451926,,293.6775158997381,7.126313914127917,,279.70782112952077,6.802721088435374,,267.00680272108843,2.306539038173221,2.673439379762064,140.325,6.67315445572084,False,형평성최소화_탐욕기준,0,20.0,7.126313914127917
경상남도|김해시,B01,재가노인복지시설 방문요양,경상남도,김해시,48250,2026-06-10,149.0,20.0,100.0,0.0,0.0,0.0,0.0,3686.0,True,11055,45,11100,11167.5,11235,532777,90747,31523,7868,27323,방문·복지용구형,False,0.4890829694323144,비적용,False,기관존재,13.423423423423424,,332.07207207207205,13.34228788896351,,330.06492052831874,13.26212728081887,,328.08188696039167,4.726707483424801,5.453281118471617,74.9496644295302,6.67315445572084,False,형평성최소화_탐욕기준,0,149.0,13.34228788896351
경상남도|남해군,B01,재가노인복지시설 방문요양,경상남도,남해군,48840,2026-06-10,15.0,80.0,17.0,0.0,0.0,0.0,0.0,329.0,True,2787,100,2887,3037.0,3187,41143,18171,9229,3330,6564,방문·복지용구형,False,0.4890829694323144,비적용,False,기관존재,5.195704883962591,,113.95912712157948,4.9390846229832075,,108.33058939743168,4.706620646375902,,103.23187951051145,1.6253115180409579,2.2851919561243146,202.46666666666667,6.67315445572084,True,형평성최소화_탐욕기준,0,15.0,4.9390846229832075
경상남도|밀양시,B01,재가노인복지시설 방문요양,경상남도,밀양시,48270,2026-06-10,31.0,0.0,37.0,0.0,0.0,0.0,0.0,1059.0,True,4877,87,4964,5094.5,5225,98591,37055,15496,4419,14003,방문·복지용구형,False,0.4890829694323144,비적용,False,기관존재,6.244963738920226,,213.33601933924254,6.084993620571204,,207.87123368338402,5.9330143540669855,,202.67942583732057,2.000516262261229,2.2138113261443975,164.33870967741936,6.67315445572084,True,형평성최소화_탐욕기준,0,31.0,6.084993620571204
경상남도|사천시,B01,재가노인복지시설 방문요양,경상남도,사천시,48240,2026-06-10,37.0,100.0,28.0,0.0,0.0,0.0,0.0,813.0,True,4517,91,4608,4744.5,4881,107882,30096,13271,3846,11282,방문·복지용구형,False,0.4890829694323144,비적용,False,기관존재,8.029513888888888,,176.43229166666666,7.798503530403625,,171.35630730319318,7.58041384962098,,166.56422864167178,2.7880340592268857,3.279560361638007,128.22972972972974,6.67315445572084,False,형평성최소화_탐욕기준,0,37.0,7.798503530403625
경상남도|산청군,B01,재가노인복지시설 방문요양,경상남도,산청군,48860,2026-06-10,14.0,80.0,26.0,0.0,0.0,0.0,0.0,419.0,True,2354,98,2452,2599.0,2746,32638,15044,7047,2513,6314,방문·복지용구형,False,0.4890829694323144,비적용,False,기관존재,5.709624796084829,,170.88091353996737,5.386687187379761,,161.2158522508657,5.098324836125273,,152.58557902403496,1.986660990492408,2.2172949002217295,185.64285714285714,6.67315445572084,True,형평성최소화_탐욕기준,0,14.0,5.386687187379761
경상남도|양산시,B01,재가노인복지시설 방문요양,경상남도,양산시,48330,2026-06-10,83.0,4046.0,89.0,0.0,0.0,0.0,0.0,2265.0,True,8110,71,8181,8287.5,8394,361389,71786,26027,6409,22020,방문·복지용구형,False,0.4890829694323144,비적용,False,기관존재,10.145458990343478,,276.86101943527683,10.015082956259427,,273.3031674208145,9.888015248987372,,269.8355968548963,3.1889960425711763,3.7693006357856493,99.84939759036145,6.67315445572084,False,형평성최소화_탐욕기준,0,83.0,10.015082956259427
경상남도|의령군,B01,재가노인복지시설 방문요양,경상남도,의령군,48720,2026-06-10,13.0,15.0,13.0,0.0,0.0,0.0,0.0,322.0,True,1391,107,1498,1658.5,1819,24531,11216,5372,1959,5012,방문·복지용구형,False,0.4890829694323144,비적용,False,기관존재,8.678237650200266,,214.9532710280374,7.8384082001808855,,194.1513415737112,7.146783947223749,,177.02034084661904,2.4199553239017124,2.593774940143655,127.57692307692308,6.67315445572084,False,형평성최소화_탐욕기준,0,13.0,7.8384082001808855
경상남도|진주시,B01,재가노인복지시설 방문요양,경상남도,진주시,48170,2026-06-10,110.0,70.0,86.0,0.0,0.0,0.0,0.0,2731.0,True,10326,49,10375,10448.5,10522,334651,76620,30985,8419,25086,방문·복지용구형,False,0.4890829694323144,비적용,False,기관존재,10.602409638554217,,263.2289156626506,10.52782696080777,,261.3772311815093,10.454286257365519,,259.55141608059307,3.5501048894626432,4.384915889340668,94.98636363636363,6.67315445572084,False,형평성최소화_탐욕기준,0,110.0,10.52782696080777
경상남도|창녕군,B01,재가노인복지시설 방문요양,경상남도,창녕군,48740,2026-06-10,25.0,62.0,18.0,0.0,0.0,0.0,0.0,669.0,True,3294,84,3378,3504.0,3630,54445,22415,9993,3145,9213,방문·복지용구형,False,0.4890829694323144,비적용,False,기관존재,7.400828892835998,,198.0461811722913,7.134703196347032,,190.9246575342466,6.887052341597796,,184.29752066115705,2.5017512258581007,2.7135569304244007,140.16,6.67315445572084,False,형평성최소화_탐욕기준,0,25.0,7.134703196347032
경상남도|창원시,B01,재가노인복지시설 방문요양,경상남도,창원시,48121|48123|48125|48127|48129,2026-06-10,247.0,290.0,219.0,0.0,0.0,1.0,0.0,7047.0,True,23132,45,23177,23244.5,23312,986273,213013,74177,17864,62438,방문·복지용구형,False,0.4890829694323144,비적용,False,기관존재,10.657116969409328,,304.0514302972775,10.626169631525737,,303.1684914711007,10.595401509951957,,302.2906657515443,3.329873141270205,3.9559242768826675,94.10728744939271,6.67315445572084,False,형평성최소화_탐욕기준,0,247.0,10.626169631525737
경상남도|통영시,B01,재가노인복지시설 방문요양,경상남도,통영시,48220,2026-06-10,27.0,0.0,32.0,0.0,0.0,0.0,0.0,859.0,True,3417,97,3514,3659.5,3805,115890,32906,12781,3146,11593,방문·복지용구형,False,0.4890829694323144,비적용,False,기관존재,7.6835515082527035,,244.45076835515084,7.378057111627271,,234.73152069954912,7.09592641261498,,225.75558475689883,2.1125107581566387,2.3289916328819116,135.53703703703704,6.67315445572084,False,형평성최소화_탐욕기준,0,27.0,7.378057111627271
경상남도|하동군,B01,재가노인복지시설 방문요양,경상남도,하동군,48850,2026-06-10,16.0,0.0,16.0,0.0,0.0,0.0,0.0,298.0,True,2936,93,3029,3168.5,3308,39596,17739,8446,2926,7003,방문·복지용구형,False,0.4890829694323144,비적용,False,기관존재,5.282271376691978,,98.38230439088808,5.049708063752564,,94.05081268739151,4.836759371221281,,90.08464328899638,1.894387875917594,2.2847351135227756,198.03125,6.67315445572084,True,형평성최소화_탐욕기준,0,16.0,5.049708063752564
경상남도|함안군,B01,재가노인복지시설 방문요양,경상남도,함안군,48730,2026-06-10,28.0,10.0,16.0,0.0,0.0,0.0,0.0,555.0,True,2870,99,2969,3117.5,3266,56867,19771,8367,2675,7483,방문·복지용구형,False,0.4890829694323144,비적용,False,기관존재,9.43078477601886,,186.93162681037387,8.981555733761027,,178.02726543704892,8.57317819963258,,169.93263931414575,3.3464802199115575,3.7418147801683816,111.33928571428571,6.67315445572084,False,형평성최소화_탐욕기준,0,28.0,8.981555733761027
경상남도|함양군,B01,재가노인복지시설 방문요양,경상남도,함양군,48870,2026-06-10,14.0,80.0,10.0,0.0,0.0,0.0,0.0,268.0,True,2029,98,2127,2274.0,2421,35141,14871,7232,2579,6012,방문·복지용구형,False,0.4890829694323144,비적용,False,기관존재,6.582040432534086,,125.99905970850963,6.156552330694811,,117.85400175901495,5.782734407269723,,110.698058653449,1.9358407079646018,2.328675981370592,162.42857142857142,6.67315445572084,True,형평성최소화_탐욕기준,0,14.0,6.156552330694811
경상남도|합천군,B01,재가노인복지시설 방문요양,경상남도,합천군,48890,2026-06-10,14.0,44.0,19.0,0.0,0.0,0.0,0.0,318.0,True,2158,96,2254,2398.0,2542,38854,18921,9335,3313,8049,방문·복지용구형,False,0.4890829694323144,비적용,False,기관존재,6.211180124223602,,141.08251996450755,5.838198498748957,,132.61050875729774,5.507474429583006,,125.09834775767112,1.4997321906802357,1.7393465026711392,171.28571428571428,6.67315445572084,True,형평성최소화_탐욕기준,0,14.0,5.838198498748957
경상북도|경산시,B01,재가노인복지시설 방문요양,경상북도,경산시,47290,2026-06-10,101.0,0.0,72.0,0.0,0.0,0.0,0.0,2588.0,True,8262,71,8333,8439.5,8546,263406,59813,24184,6478,18602,방문·복지용구형,False,0.4890829694323144,비적용,False,기관존재,12.120484819392775,,310.5724228969159,11.967533621660051,,306.65323775105156,11.818394570559327,,302.831734144629,4.176314918954681,5.429523707128266,83.55940594059406,6.67315445572084,False,형평성최소화_탐욕기준,0,101.0,11.967533621660051
경상북도|경주시,B01,재가노인복지시설 방문요양,경상북도,경주시,47130,2026-06-10,41.0,16.0,33.0,0.0,0.0,0.0,0.0,929.0,True,8983,82,9065,9188.0,9311,243051,72258,30357,8721,25247,방문·복지용구형,False,0.4890829694323144,비적용,False,기관존재,4.522890237175951,,102.48207391064534,4.462342185459295,,101.11014366565085,4.403393835248631,,99.77446031575556,1.3505945910333694,1.6239553214243276,224.09756097560975,6.67315445572084,True,형평성최소화_탐욕기준,0,41.0,4.462342185459295
경상북도|고령군,B01,재가노인복지시설 방문요양,경상북도,고령군,47830,2026-06-10,10.0,0.0,6.0,0.0,0.0,0.0,0.0,179.0,True,1064,108,1172,1334.0,1496,29545,12167,5359,1745,5151,방문·복지용구형,False,0.4890829694323144,비적용,False,기관존재,8.532423208191126,,152.73037542662115,7.496251874062969,,134.18290854572714,6.684491978609626,,119.6524064171123,1.866019779809666,1.941370607649,133.4,6.67315445572084,False,형평성최소화_탐욕기준,0,10.0,7.496251874062969
경상북도|구미시,B01,재가노인복지시설 방문요양,경상북도,구미시,47190,2026-06-10,69.0,0.0,48.0,0.0,0.0,0.0,0.0,1339.0,True,7358,67,7425,7525.5,7626,402726,60057,19862,5689,18095,방문·복지용구형,False,0.4890829694323144,비적용,False,기관존재,9.292929292929294,,180.33670033670032,9.168825991628463,,177.92837685203642,9.04799370574351,,175.58353002884868,3.473970395730541,3.8132080685272176,109.06521739130434,6.67315445572084,False,형평성최소화_탐욕기준,0,69.0,9.168825991628463
경상북도|김천시,B01,재가노인복지시설 방문요양,경상북도,김천시,47150,2026-06-10,32.0,17.0,35.0,0.0,0.0,0.0,0.0,918.0,True,5136,86,5222,5351.0,5480,132740,39731,17160,5598,13629,방문·복지용구형,False,0.4890829694323144,비적용,False,기관존재,6.127920337035619,,175.7947146687093,5.980190618575967,,171.55671837039807,5.839416058394161,,167.5182481751825,1.8648018648018647,2.3479345513243817,167.21875,6.67315445572084,True,형평성최소화_탐욕기준,0,32.0,5.980190618575967
경상북도|문경시,B01,재가노인복지시설 방문요양,경상북도,문경시,47280,2026-06-10,34.0,720.0,30.0,0.0,0.0,0.0,0.0,1043.0,True,3572,94,3666,3807.0,3948,64774,25279,11615,3747,9526,방문·복지용구형,False,0.4890829694323144,비적용,False,기관존재,9.274413529732678,,284.506273867976,8.930916732335172,,273.96900446545834,8.611955420466058,,264.1843971631206,2.9272492466637967,3.569179088809574,111.97058823529412,6.67315445572084,False,형평성최소화_탐욕기준,0,34.0,8.930916732335172
경상북도|봉화군,B01,재가노인복지시설 방문요양,경상북도,봉화군,47920,2026-06-10,6.0,0.0,10.0,0.0,0.0,0.0,0.0,158.0,True,944,93,1037,1176.5,1316,28122,13123,6085,2164,4923,방문·복지용구형,False,0.4890829694323144,비적용,False,기관존재,5.785920925747349,,152.3625843780135,5.099872503187421,,134.29664258393538,4.559270516717325,,120.06079027355624,0.9860312243221034,1.2187690432663012,196.08333333333334,6.67315445572084,True,형평성최소화_탐욕기준,0,6.0,5.099872503187421
경상북도|상주시,B01,재가노인복지시설 방문요양,경상북도,상주시,47250,2026-06-10,26.0,0.0,37.0,0.0,0.0,0.0,0.0,824.0,True,4974,84,5058,5184.0,5310,89228,35206,16410,5626,12767,방문·복지용구형,False,0.4890829694323144,비적용,False,기관존재,5.140371688414393,,162.91024120205617,5.015432098765432,,158.95061728395063,4.896421845574388,,155.1789077212806,1.5843997562461913,2.0365003524712146,199.3846153846154,6.67315445572084,True,형평성최소화_탐욕기준,0,26.0,5.015432098765432
경상북도|성주군,B01,재가노인복지시설 방문요양,경상북도,성주군,47840,2026-06-10,12.0,0.0,12.0,0.0,0.0,0.0,0.0,476.0,True,1798,98,1896,2043.0,2190,40461,17243,7310,2229,6602,방문·복지용구형,False,0.4890829694323144,비적용,False,기관존재,6.329113924050633,,251.05485232067508,5.873715124816446,,232.99069995105236,5.47945205479452,,217.35159817351598,1.6415868673050615,1.8176310209027569,170.25,6.67315445572084,True,형평성최소화_탐욕기준,0,12.0,5.873715124816446
경상북도|안동시,B01,재가노인복지시설 방문요양,경상북도,안동시,47170,2026-06-10,40.0,0.0,54.0,0.0,0.0,0.0,0.0,1250.0,True,6303,66,6369,6468.0,6567,151864,46593,20677,6449,16561,방문·복지용구형,False,0.4890829694323144,비적용,False,기관존재,6.280420788192809,,196.26314963102527,6.184291898577613,,193.2591218305504,6.091061367443277,,190.3456677326024,1.9345166126614113,2.4153130849586377,161.7,6.67315445572084,True,형평성최소화_탐욕기준,0,40.0,6.184291898577613
경상북도|영덕군,B01,재가노인복지시설 방문요양,경상북도,영덕군,47770,2026-06-10,13.0,0.0,16.0,0.0,0.0,0.0,0.0,371.0,True,1928,102,2030,2183.0,2336,32560,14945,7437,2478,6213,방문·복지용구형,False,0.4890829694323144,비적용,False,기관존재,6.403940886699507,,182.75862068965517,5.955107650022904,,169.94961062757673,5.565068493150685,,158.81849315068493,1.7480166733898077,2.0923869306293255,167.92307692307693,6.67315445572084,True,형평성최소화_탐욕기준,0,13.0,5.955107650022904
경상북도|영양군,B01,재가노인복지시설 방문요양,경상북도,영양군,47760,2026-06-10,4.0,0.0,2.0,0.0,0.0,0.0,0.0,99.0,True,589,66,655,754.0,853,15972,7035,3353,1144,2596,방문·복지용구형,False,0.4890829694323144,비적용,False,기관존재,6.106870229007633,,151.14503816793894,5.305039787798409,,131.2997347480106,4.689331770222743,,116.0609613130129,1.1929615269907545,1.5408320493066257,188.5,6.67315445572084,True,형평성최소화_탐욕기준,0,4.0,5.305039787798409
경상북도|영주시,B01,재가노인복지시설 방문요양,경상북도,영주시,47210,2026-06-10,21.0,47.0,32.0,0.0,0.0,0.0,0.0,643.0,True,3270,86,3356,3485.0,3614,96440,33229,14825,4638,11569,방문·복지용구형,False,0.4890829694323144,비적용,False,기관존재,6.257449344457688,,191.59713945172822,6.025824964131995,,184.50502152080344,5.810736026563364,,177.91920309905922,1.4165261382799326,1.8151957818307545,165.95238095238096,6.67315445572084,True,형평성최소화_탐욕기준,0,21.0,6.025824964131995
경상북도|영천시,B01,재가노인복지시설 방문요양,경상북도,영천시,47230,2026-06-10,36.0,25.0,30.0,0.0,0.0,0.0,0.0,825.0,True,4631,83,4714,4838.5,4963,94107,34662,15402,4452,13744,방문·복지용구형,False,0.4890829694323144,비적용,False,기관존재,7.636826474331778,,175.01060670343657,7.4403224139712725,,170.50738865350831,7.253677211364095,,166.23010276042714,2.337358784573432,2.619324796274738,134.40277777777777,6.67315445572084,False,형평성최소화_탐욕기준,0,36.0,7.4403224139712725
경상북도|예천군,B01,재가노인복지시설 방문요양,경상북도,예천군,47900,2026-06-10,18.0,0.0,16.0,0.0,0.0,0.0,0.0,533.0,True,2434,97,2531,2676.5,2822,53422,18847,9057,3296,6875,방문·복지용구형,False,0.4890829694323144,비적용,False,기관존재,7.111813512445673,,210.58870011853023,6.725200821968989,,199.14066878385952,6.378454996456414,,188.8731396172927,1.987413050679033,2.618181818181818,148.69444444444446,6.67315445572084,False,형평성최소화_탐욕기준,0,18.0,6.725200821968989
경상북도|울릉군,B01,재가노인복지시설 방문요양,경상북도,울릉군,47940,2026-06-10,1.0,0.0,0.0,0.0,0.0,0.0,0.0,3.0,True,30,43,73,137.5,202,8768,2900,1152,309,1202,방문·복지용구형,False,0.4890829694323144,비적용,False,기관존재,13.698630136986301,,41.0958904109589,7.2727272727272725,,21.81818181818182,4.9504950495049505,,14.85148514851485,0.8680555555555555,0.831946755407654,137.5,6.67315445572084,False,형평성최소화_탐욕기준,0,1.0,7.2727272727272725
경상북도|울진군,B01,재가노인복지시설 방문요양,경상북도,울진군,47930,2026-06-10,15.0,14.0,22.0,0.0,0.0,0.0,0.0,405.0,True,2154,89,2243,2376.5,2510,46195,15934,7380,2609,6622,방문·복지용구형,False,0.4890829694323144,비적용,False,기관존재,6.687472135532769,,180.56174765938476,6.311803071744161,,170.41868293709237,5.9760956175298805,,161.35458167330677,2.032520325203252,2.265176683781335,158.43333333333334,6.67315445572084,True,형평성최소화_탐욕기준,0,15.0,6.311803071744161
경상북도|의성군,B01,재가노인복지시설 방문요양,경상북도,의성군,47730,2026-06-10,24.0,0.0,31.0,0.0,0.0,0.0,0.0,806.0,True,3354,97,3451,3596.5,3742,47952,24027,11469,3893,9445,방문·복지용구형,False,0.4890829694323144,비적용,False,기관존재,6.954505940307158,,233.55549116198205,6.67315445572084,,224.10677047129155,6.413682522715126,,215.39283805451632,2.09259743656814,2.541026998411858,149.85416666666666,6.67315445572084,True,형평성최소화_탐욕기준,0,24.0,6.67315445572084
경상북도|청도군,B01,재가노인복지시설 방문요양,경상북도,청도군,47820,2026-06-10,24.0,100.0,22.0,0.0,0.0,0.0,0.0,622.0,True,2502,87,2589,2719.5,2850,40021,19045,8707,2839,7497,방문·복지용구형,False,0.4890829694323144,비적용,False,기관존재,9.269988412514484,,240.2471996910004,8.82515168229454,,228.71851443280013,8.421052631578947,,218.24561403508773,2.7564028942230387,3.201280512204882,113.3125,6.67315445572084,False,형평성최소화_탐욕기준,0,24.0,8.82515168229454
경상북도|청송군,B01,재가노인복지시설 방문요양,경상북도,청송군,47750,2026-06-10,5.0,0.0,9.0,0.0,0.0,0.0,0.0,147.0,True,828,103,931,1085.5,1240,24020,10843,5107,1679,3986,방문·복지용구형,False,0.4890829694323144,비적용,False,기관존재,5.370569280343717,,157.89473684210526,4.606172270842929,,135.42146476278214,4.032258064516129,,118.54838709677419,0.9790483649892304,1.2543903662819869,217.1,6.67315445572084,True,형평성최소화_탐욕기준,0,5.0,4.606172270842929
경상북도|칠곡군,B01,재가노인복지시설 방문요양,경상북도,칠곡군,47850,2026-06-10,26.0,0.0,21.0,0.0,0.0,0.0,0.0,611.0,True,2966,92,3058,3196.0,3334,103537,23770,9677,2999,8446,방문·복지용구형,False,0.4890829694323144,비적용,False,기관존재,8.502289077828646,,199.8037933289732,8.135168961201503,,191.17647058823528,7.798440311937612,,183.2633473305339,2.6867830939340704,3.0783802983660906,122.92307692307692,6.67315445572084,False,형평성최소화_탐욕기준,0,26.0,8.135168961201503
경상북도|포항시,B01,재가노인복지시설 방문요양,경상북도,포항시,47111|47113,2026-06-10,124.0,31.0,119.0,0.0,0.0,0.0,0.0,3821.0,True,12435,46,12481,12550.0,12619,487008,120800,43357,10550,38144,방문·복지용구형,False,0.4890829694323144,비적용,False,기관존재,9.935101354058169,,306.1453409181957,9.880478087649402,,304.4621513944223,9.826452175291227,,302.79736904667567,2.8599764743870653,3.2508389261744965,101.20967741935483,6.67315445572084,False,형평성최소화_탐욕기준,0,124.0,9.880478087649402
광주광역시|광산구,B01,재가노인복지시설 방문요양,광주광역시,광산구,29200,2026-06-10,112.0,162.0,109.0,0.0,0.0,0.0,0.0,3678.0,True,7753,79,7832,7950.5,8069,383206,52385,20011,5252,16333,방문·복지용구형,False,0.4890829694323144,비적용,False,기관존재,14.300306435137896,,469.61184882533195,14.087164329287466,,462.6124143135652,13.88028256289503,,455.8185648779279,5.596921693068812,6.85728280168983,70.98660714285714,6.67315445572084,False,형평성최소화_탐욕기준,0,112.0,14.087164329287466
광주광역시|남구,B01,재가노인복지시설 방문요양,광주광역시,남구,29155,2026-06-10,107.0,266.0,138.0,0.0,0.0,0.0,0.0,4458.0,True,5629,79,5708,5826.5,5945,205647,47751,20807,5248,14649,방문·복지용구형,False,0.4890829694323144,비적용,False,기관존재,18.74562018220042,,781.0091100210232,18.36436969020853,,765.1248605509311,17.998317914213626,,749.8738435660218,5.1425001201518725,7.304252850023892,54.453271028037385,6.67315445572084,False,형평성최소화_탐욕기준,0,107.0,18.36436969020853
광주광역시|동구,B01,재가노인복지시설 방문요양,광주광역시,동구,29110,2026-06-10,39.0,0.0,46.0,0.0,0.0,0.0,0.0,1121.0,True,3208,100,3308,3458.0,3608,105200,26334,12276,3258,8933,방문·복지용구형,False,0.4890829694323144,비적용,False,기관존재,11.789600967351875,,338.8754534461911,11.278195488721805,,324.1758241758242,10.80931263858093,,310.69844789356983,3.1769305962854353,4.365834546065151,88.66666666666667,6.67315445572084,False,형평성최소화_탐욕기준,0,39.0,11.278195488721805
광주광역시|북구,B01,재가노인복지시설 방문요양,광주광역시,북구,29170,2026-06-10,143.0,80.0,145.0,0.0,0.0,0.0,0.0,4066.0,True,11287,56,11343,11427.0,11511,416783,86558,34917,8653,28428,방문·복지용구형,False,0.4890829694323144,비적용,False,기관존재,12.606894119721414,,358.4589614740368,12.514220705346986,,355.8239257897961,12.422899834940491,,353.22734775432195,4.095426296646332,5.030251864359083,79.9090909090909,6.67315445572084,False,형평성최소화_탐욕기준,0,143.0,12.514220705346986
광주광역시|서구,B01,재가노인복지시설 방문요양,광주광역시,서구,29140,2026-06-10,96.0,113.0,118.0,1.0,0.0,0.0,0.0,3495.0,True,6416,86,6502,6631.0,6760,274624,55087,22523,5632,16451,방문·복지용구형,False,0.4890829694323144,비적용,False,기관존재,14.76468778837281,,537.5269147954475,14.477454380938019,,527.0698235560247,14.201183431952662,,517.0118343195265,4.262309639035652,5.835511519056593,69.07291666666667,6.67315445572084,False,형평성최소화_탐욕기준,0,96.0,14.477454380938019
대구광역시|군위군,B01,재가노인복지시설 방문요양,대구광역시,군위군,27720,2026-06-10,7.0,15.0,3.0,0.0,0.0,0.0,0.0,89.0,True,980,104,1084,1240.0,1396,22622,11296,5204,1687,4152,방문·복지용구형,False,0.4890829694323144,비적용,False,기관존재,6.4575645756457565,,82.10332103321034,5.64516129032258,,71.7741935483871,5.01432664756447,,63.75358166189112,1.345119139123751,1.6859344894026975,177.14285714285714,6.67315445572084,True,형평성최소화_탐욕기준,0,7.0,5.64516129032258
대구광역시|남구,B01,재가노인복지시설 방문요양,대구광역시,남구,27200,2026-06-10,55.0,999.0,66.0,0.0,0.0,0.0,0.0,2212.0,True,5169,84,5253,5379.0,5505,141344,40203,17730,4946,14740,방문·복지용구형,False,0.4890829694323144,비적용,False,기관존재,10.470207500475919,,421.09270892823145,10.224948875255624,,411.22885294664434,9.990917347865576,,401.81653042688464,3.102086858432036,3.7313432835820897,97.8,6.67315445572084,False,형평성최소화_탐욕기준,0,55.0,10.224948875255624
대구광역시|달서구,B01,재가노인복지시설 방문요양,대구광역시,달서구,27290,2026-06-10,135.0,15.0,119.0,0.0,1.0,0.0,0.0,3706.0,True,12249,59,12308,12396.5,12485,513399,111111,40606,10276,33044,방문·복지용구형,False,0.4890829694323144,비적용,False,기관존재,10.968475788105298,,301.10497237569064,10.890170612672932,,298.955350300488,10.812975570684822,,296.836203444133,3.324631827808698,4.085461808497761,91.82592592592593,6.67315445572084,False,형평성최소화_탐욕기준,0,135.0,10.890170612672932
대구광역시|달성군,B01,재가노인복지시설 방문요양,대구광역시,달성군,27710,2026-06-10,43.0,0.0,41.0,0.0,0.0,0.0,0.0,1063.0,True,5200,88,5288,5420.0,5552,252000,47722,17137,4386,14058,방문·복지용구형,False,0.4890829694323144,비적용,False,기관존재,8.131618759455371,,201.02118003025717,7.933579335793358,,196.12546125461256,7.744956772334294,,191.46253602305475,2.5091906401353796,3.0587565798833403,126.04651162790698,6.67315445572084,False,형평성최소화_탐욕기준,0,43.0,7.933579335793358
대구광역시|동구,B01,재가노인복지시설 방문요양,대구광역시,동구,27140,2026-06-10,88.0,0.0,60.0,0.0,0.0,0.0,0.0,1703.0,True,10268,66,10334,10433.0,10532,338476,86908,36014,9221,27726,방문·복지용구형,False,0.4890829694323144,비적용,False,기관존재,8.515579640023224,,164.79581962454034,8.434774273938464,,163.23205214224095,8.355488036460311,,161.69768325104445,2.443494196701283,3.173916179759071,118.55681818181819,6.67315445572084,False,형평성최소화_탐욕기준,0,88.0,8.434774273938464
대구광역시|북구,B01,재가노인복지시설 방문요양,대구광역시,북구,27230,2026-06-10,91.0,15.0,87.0,0.0,0.0,0.0,0.0,2355.0,True,11175,51,11226,11302.5,11379,406915,85869,33577,8560,25851,방문·복지용구형,False,0.4890829694323144,비적용,False,기관존재,8.106182077320506,,209.78086584714057,8.051316080513162,,208.36098208360983,7.997187802091571,,206.9601898233588,2.7101885219048754,3.520173300839426,124.2032967032967,6.67315445572084,False,형평성최소화_탐욕기준,0,91.0,8.051316080513162
대구광역시|서구,B01,재가노인복지시설 방문요양,대구광역시,서구,27170,2026-06-10,59.0,0.0,73.0,1.0,0.0,0.0,0.0,1994.0,True,6149,81,6230,6351.5,6473,163508,48739,19245,4604,17364,방문·복지용구형,False,0.4890829694323144,비적용,False,기관존재,9.470304975922954,,320.0642054574639,9.289144296622846,,313.94158860111787,9.11478448941758,,308.04881816777385,3.065731358794492,3.3978346003225064,107.65254237288136,6.67315445572084,False,형평성최소화_탐욕기준,0,59.0,9.289144296622846
대구광역시|수성구,B01,재가노인복지시설 방문요양,대구광역시,수성구,27260,2026-06-10,114.0,25.0,109.0,0.0,0.0,0.0,0.0,2728.0,True,9571,72,9643,9751.0,9859,408147,85343,35377,9743,22833,방문·복지용구형,False,0.4890829694323144,비적용,False,기관존재,11.822047080783987,,282.8995125998133,11.691108604245718,,279.7661778279151,11.563038847753322,,276.7014910234304,3.2224326539842267,4.992773617133097,85.53508771929825,6.67315445572084,False,형평성최소화_탐욕기준,0,114.0,11.691108604245718
대구광역시|중구,B01,재가노인복지시설 방문요양,대구광역시,중구,27110,2026-06-10,21.0,20.0,22.0,0.0,0.0,0.0,0.0,604.0,True,1998,101,2099,2250.5,2402,101754,18811,8634,2333,6092,방문·복지용구형,False,0.4890829694323144,비적용,False,기관존재,10.004764173415913,,287.7560743211053,9.33125972006221,,268.3848033770273,8.742714404662781,,251.45711906744378,2.432244614315497,3.447143795141169,107.16666666666667,6.67315445572084,False,형평성최소화_탐욕기준,0,21.0,9.33125972006221
대전광역시|대덕구,B01,재가노인복지시설 방문요양,대전광역시,대덕구,30230,2026-06-10,58.0,0.0,47.0,0.0,0.0,0.0,0.0,1659.0,True,4426,88,4514,4646.0,4778,164047,38941,14457,3756,12162,방문·복지용구형,False,0.4890829694323144,비적용,False,기관존재,12.848914488258751,,367.5232609658839,12.483857081360311,,357.08136030994405,12.138970280452073,,347.2164085391377,4.011897350764335,4.768952474921888,80.10344827586206,6.67315445572084,False,형평성최소화_탐욕기준,0,58.0,12.483857081360311
대전광역시|동구,B01,재가노인복지시설 방문요양,대전광역시,동구,30110,2026-06-10,61.0,229.0,44.0,0.0,0.0,0.0,0.0,1388.0,True,7087,70,7157,7262.0,7367,218251,54207,22308,5769,18452,방문·복지용구형,False,0.4890829694323144,비적용,False,기관존재,8.52312421405617,,193.9360067067207,8.399889837510328,,191.13191958138253,8.280168318175647,,188.40776435455408,2.73444504213735,3.30587470192933,119.04918032786885,6.67315445572084,False,형평성최소화_탐욕기준,0,61.0,8.399889837510328
대전광역시|서구,B01,재가노인복지시설 방문요양,대전광역시,서구,30170,2026-06-10,103.0,0.0,106.0,0.0,0.0,0.0,0.0,2964.0,True,9458,49,9507,9580.5,9654,464359,84043,30981,7979,22143,방문·복지용구형,False,0.4890829694323144,비적용,False,기관존재,10.83412222572841,,311.7702745345535,10.751004644851522,,309.37842492563016,10.669152682825771,,307.02299564947174,3.324618314450792,4.651582893013593,93.01456310679612,6.67315445572084,False,형평성최소화_탐욕기준,0,103.0,10.751004644851522
대전광역시|유성구,B01,재가노인복지시설 방문요양,대전광역시,유성구,30200,2026-06-10,53.0,57.0,48.0,1.0,0.0,0.0,0.0,1566.0,True,5825,76,5901,6015.0,6129,371104,51566,17233,4753,12426,방문·복지용구형,False,0.4890829694323144,비적용,False,기관존재,8.98152855448229,,265.3787493645145,8.81130507065669,,260.34912718204487,8.647413933757546,,255.5066079295154,3.0754946904195437,4.2652502816674716,113.49056603773585,6.67315445572084,False,형평성최소화_탐욕기준,0,53.0,8.81130507065669
대전광역시|중구,B01,재가노인복지시설 방문요양,대전광역시,중구,30140,2026-06-10,77.0,198.0,78.0,0.0,0.0,0.0,0.0,2519.0,True,7735,66,7801,7900.0,7999,224273,56540,24439,6489,17851,방문·복지용구형,False,0.4890829694323144,비적용,False,기관존재,9.870529419305218,,322.9073195744135,9.746835443037975,,318.86075949367086,9.626203275409425,,314.9143642955369,3.1507017472073326,4.3134838384404235,102.59740259740259,6.67315445572084,False,형평성최소화_탐욕기준,0,77.0,9.746835443037975
부산광역시|강서구,B01,재가노인복지시설 방문요양,부산광역시,강서구,26440,2026-06-10,20.0,0.0,16.0,0.0,0.0,0.0,0.0,391.0,True,1578,96,1674,1818.0,1962,153555,23798,7889,1837,6722,방문·복지용구형,False,0.4890829694323144,비적용,False,기관존재,11.947431302270013,,233.57228195937873,11.001100110011002,,215.07150715071506,10.193679918450561,,199.28644240570844,2.5351755609075926,2.9753049687592976,90.9,6.67315445572084,False,형평성최소화_탐욕기준,0,20.0,11.001100110011002
부산광역시|금정구,B01,재가노인복지시설 방문요양,부산광역시,금정구,26410,2026-06-10,36.0,0.0,25.0,0.0,0.0,0.0,0.0,768.0,True,5934,82,6016,6139.0,6262,205672,60192,24324,5938,18171,방문·복지용구형,False,0.4890829694323144,비적용,False,기관존재,5.98404255319149,,127.6595744680851,5.8641472552532985,,125.10180811207036,5.748961992973491,,122.64452251676781,1.4800197335964478,1.981178801386825,170.52777777777777,6.67315445572084,True,형평성최소화_탐욕기준,0,36.0,5.8641472552532985
부산광역시|기장군,B01,재가노인복지시설 방문요양,부산광역시,기장군,26710,2026-06-10,46.0,50.0,48.0,0.0,0.0,0.0,0.0,1273.0,True,4297,81,4378,4499.5,4621,175262,37583,15299,3700,12149,방문·복지용구형,False,0.4890829694323144,비적용,False,기관존재,10.507080858839652,,290.7720420283235,10.223358150905655,,282.9203244804978,9.95455529106254,,275.48149751136117,3.0067324661742596,3.786319861717014,97.81521739130434,6.67315445572084,False,형평성최소화_탐욕기준,0,46.0,10.223358150905655
부산광역시|남구,B01,재가노인복지시설 방문요양,부산광역시,남구,26290,2026-06-10,37.0,0.0,49.0,1.0,0.0,0.0,0.0,1245.0,True,6300,81,6381,6502.5,6624,254413,65555,27486,6373,17452,방문·복지용구형,False,0.4890829694323144,비적용,False,기관존재,5.798464190565742,,195.11048425011754,5.690119184928874,,191.4648212226067,5.585748792270531,,187.95289855072463,1.3461398530160809,2.120100848040339,175.74324324324326,6.67315445572084,True,형평성최소화_탐욕기준,0,37.0,5.690119184928874
부산광역시|동구,B01,재가노인복지시설 방문요양,부산광역시,동구,26170,2026-06-10,19.0,0.0,20.0,0.0,0.0,0.0,0.0,423.0,True,2786,97,2883,3028.5,3174,83354,26547,11763,2939,10159,방문·복지용구형,False,0.4890829694323144,비적용,False,기관존재,6.590357266736039,,146.72216441207075,6.27373287105828,,139.6731054977712,5.986137366099559,,133.2703213610586,1.6152342089602993,1.8702628211438135,159.39473684210526,6.67315445572084,True,형평성최소화_탐욕기준,0,19.0,6.27373287105828
부산광역시|동래구,B01,재가노인복지시설 방문요양,부산광역시,동래구,26260,2026-06-10,72.0,0.0,80.0,0.0,0.0,0.0,0.0,2316.0,True,6754,66,6820,6919.0,7018,271097,65555,25755,5830,17869,방문·복지용구형,False,0.4890829694323144,비적용,False,기관존재,10.557184750733137,,339.5894428152493,10.406128053186878,,334.7304523775112,10.259333143345684,,330.00854944428613,2.7955736750145603,4.029324528513067,96.09722222222223,6.67315445572084,False,형평성최소화_탐욕기준,0,72.0,10.406128053186878
부산광역시|부산진구,B01,재가노인복지시설 방문요양,부산광역시,부산진구,26230,2026-06-10,53.0,0.0,77.0,0.0,0.0,0.0,0.0,2294.0,True,9123,58,9181,9268.0,9355,364912,89706,35849,8527,27302,방문·복지용구형,False,0.4890829694323144,비적용,False,기관존재,5.77279163489816,,249.8638492538939,5.718601640051792,,247.51834268450582,5.665419561731695,,245.21646178514163,1.4784233869842953,1.9412497252948502,174.8679245283019,6.67315445572084,True,형평성최소화_탐욕기준,0,53.0,5.718601640051792
부산광역시|북구,B01,재가노인복지시설 방문요양,부산광역시,북구,26320,2026-06-10,56.0,0.0,56.0,0.0,0.0,0.0,0.0,1521.0,True,6699,60,6759,6849.0,6939,260736,69412,24590,5600,20793,방문·복지용구형,False,0.4890829694323144,비적용,False,기관존재,8.28524929723332,,225.03328894806924,8.176376113301211,,222.07621550591327,8.070327136474997,,219.1958495460441,2.277348515656771,2.6932140624248544,122.30357142857143,6.67315445572084,False,형평성최소화_탐욕기준,0,56.0,8.176376113301211
부산광역시|사상구,B01,재가노인복지시설 방문요양,부산광역시,사상구,26530,2026-06-10,40.0,0.0,26.0,0.0,0.0,0.0,0.0,857.0,True,5219,73,5292,5401.5,5511,192475,53336,18442,3774,16883,방문·복지용구형,False,0.4890829694323144,비적용,False,기관존재,7.558578987150416,,161.94255479969766,7.405350365639174,,158.65963158381933,7.258210851025223,,155.5071674832154,2.168962151610454,2.369247171711189,135.0375,6.67315445572084,False,형평성최소화_탐욕기준,0,40.0,7.405350365639174
부산광역시|사하구,B01,재가노인복지시설 방문요양,부산광역시,사하구,26380,2026-06-10,48.0,0.0,70.0,0.0,1.0,0.0,0.0,1765.0,True,8031,70,8101,8206.0,8311,282159,78434,29222,6430,24254,방문·복지용구형,False,0.4890829694323144,비적용,False,기관존재,5.925194420441921,,217.87433650166645,5.849378503534,,215.08652205703143,5.775478281795211,,212.36914932017808,1.6425980425706659,1.9790550012369095,170.95833333333334,6.67315445572084,True,형평성최소화_탐욕기준,0,48.0,5.849378503534
부산광역시|서구,B01,재가노인복지시설 방문요양,부산광역시,서구,26140,2026-06-10,18.0,0.0,16.0,0.0,0.0,0.0,0.0,579.0,True,3072,92,3164,3302.0,3440,101216,32261,13890,3495,11387,방문·복지용구형,False,0.4890829694323144,비적용,False,기관존재,5.689001264222504,,182.99620733249054,5.451241671714113,,175.34827377347062,5.232558139534883,,168.31395348837208,1.2958963282937366,1.5807499780451393,183.44444444444446,6.67315445572084,True,형평성최소화_탐욕기준,0,18.0,5.451241671714113
부산광역시|수영구,B01,재가노인복지시설 방문요양,부산광역시,수영구,26500,2026-06-10,44.0,17.0,53.0,0.0,0.0,0.0,0.0,1501.0,True,4884,84,4968,5094.0,5220,168440,46555,19601,4674,13344,방문·복지용구형,False,0.4890829694323144,비적용,False,기관존재,8.856682769726248,,302.13365539452496,8.637612877895563,,294.6603847663918,8.42911877394636,,287.5478927203065,2.2447834294168665,3.2973621103117505,115.77272727272727,6.67315445572084,False,형평성최소화_탐욕기준,0,44.0,8.637612877895563
부산광역시|연제구,B01,재가노인복지시설 방문요양,부산광역시,연제구,26470,2026-06-10,48.0,331.0,39.0,0.0,0.0,0.0,0.0,1135.0,True,5326,78,5404,5521.0,5638,211464,52516,20954,4842,14970,방문·복지용구형,False,0.4890829694323144,비적용,False,기관존재,8.882309400444115,,210.02960769800146,8.694077159934794,,205.57869951095816,8.513657325292657,,201.31252217098262,2.290732079793834,3.2064128256513027,115.02083333333333,6.67315445572084,False,형평성최소화_탐욕기준,0,48.0,8.694077159934794
부산광역시|영도구,B01,재가노인복지시설 방문요양,부산광역시,영도구,26200,2026-06-10,22.0,0.0,19.0,0.0,0.0,0.0,0.0,553.0,True,3449,86,3535,3664.0,3793,100570,36257,15766,3672,12550,방문·복지용구형,False,0.4890829694323144,비적용,False,기관존재,6.223479490806223,,156.43564356435644,6.004366812227074,,150.9279475982533,5.800158186132349,,145.79488531505405,1.3954078396549536,1.752988047808765,166.54545454545453,6.67315445572084,True,형평성최소화_탐욕기준,0,22.0,6.004366812227074
부산광역시|중구,B01,재가노인복지시설 방문요양,부산광역시,중구,26110,2026-06-10,13.0,100.0,24.0,0.0,0.0,0.0,0.0,511.0,True,1088,105,1193,1350.5,1508,36306,12724,5452,1324,5538,방문·복지용구형,False,0.4890829694323144,비적용,False,기관존재,10.896898575020955,,428.3319362950545,9.626064420584967,,378.3783783783784,8.620689655172413,,338.85941644562337,2.384446074834923,2.347417840375587,103.88461538461539,6.67315445572084,False,형평성최소화_탐욕기준,0,13.0,9.626064420584967
부산광역시|해운대구,B01,재가노인복지시설 방문요양,부산광역시,해운대구,26350,2026-06-10,62.0,0.0,74.0,0.0,0.0,0.0,0.0,1663.0,True,9585,63,9648,9742.5,9837,370739,89956,35195,8753,24946,방문·복지용구형,False,0.4890829694323144,비적용,False,기관존재,6.42620232172471,,172.36733001658374,6.363869643315371,,170.69540672312033,6.302734573548847,,169.05560638406018,1.76161386560591,2.4853683957347874,157.13709677419354,6.67315445572084,True,형평성최소화_탐욕기준,0,62.0,6.363869643315371
서울특별시|강남구,B01,재가노인복지시설 방문요양,서울특별시,강남구,11680,2026-06-10,43.0,111.0,65.0,0.0,0.0,0.0,0.0,2359.0,True,6381,74,6455,6566.0,6677,552830,97588,39659,8979,19616,방문·복지용구형,False,0.4890829694323144,비적용,False,기관존재,6.661502711076685,,365.45313710302094,6.548888212001219,,359.2750533049041,6.440017972143178,,353.30238130897106,1.0842431730502533,2.192088091353997,152.69767441860466,6.67315445572084,True,형평성최소화_탐욕기준,0,43.0,6.548888212001219
서울특별시|강동구,B01,재가노인복지시설 방문요양,서울특별시,강동구,11740,2026-06-10,74.0,0.0,66.0,0.0,0.0,0.0,0.0,1910.0,True,7919,73,7992,8101.5,8211,499011,100813,36154,7773,23359,방문·복지용구형,False,0.4890829694323144,비적용,False,기관존재,9.25925925925926,,238.98898898898898,9.134110967104856,,235.75881009689564,9.012300572402875,,232.61478504445256,2.0467998008519115,3.167943833212038,109.47972972972973,6.67315445572084,False,형평성최소화_탐욕기준,0,74.0,9.134110967104856
서울특별시|강북구,B01,재가노인복지시설 방문요양,서울특별시,강북구,11305,2026-06-10,76.0,0.0,88.0,0.0,0.0,0.0,0.0,2662.0,True,6658,69,6727,6830.5,6934,278041,75944,32936,8006,23901,방문·복지용구형,False,0.4890829694323144,비적용,False,기관존재,11.297755314404638,,395.7187453545414,11.126564673157162,,389.72256789400484,10.960484568791463,,383.90539371214305,2.307505465144523,3.1797832726664157,89.875,6.67315445572084,False,형평성최소화_탐욕기준,0,76.0,11.126564673157162
서울특별시|강서구,B01,재가노인복지시설 방문요양,서울특별시,강서구,11500,2026-06-10,96.0,0.0,100.0,0.0,0.0,0.0,0.0,3175.0,True,11322,51,11373,11449.5,11526,548515,116416,44664,10778,31448,방문·복지용구형,False,0.4890829694323144,비적용,False,기관존재,8.441044579266684,,279.16996394970545,8.384645617712565,,277.30468579413946,8.328995314940135,,275.46416796807216,2.1493820526598606,3.0526583566522514,119.265625,6.67315445572084,False,형평성최소화_탐욕기준,0,96.0,8.384645617712565
서울특별시|관악구,B01,재가노인복지시설 방문요양,서울특별시,관악구,11620,2026-06-10,76.0,224.0,76.0,0.0,0.0,0.0,0.0,3648.0,True,7708,65,7773,7870.5,7968,477797,94060,40246,9061,26602,방문·복지용구형,False,0.4890829694323144,비적용,False,기관존재,9.777434709893221,,469.31686607487455,9.656311543103996,,463.50295406899176,9.538152610441768,,457.8313253012048,1.8883864234955028,2.856928050522517,103.5592105263158,6.67315445572084,False,형평성최소화_탐욕기준,0,76.0,9.656311543103996
서울특별시|광진구,B01,재가노인복지시설 방문요양,서울특별시,광진구,11215,2026-06-10,45.0,0.0,41.0,0.0,0.0,0.0,0.0,1305.0,True,4966,76,5042,5156.0,5270,330905,64022,25146,6268,16228,방문·복지용구형,False,0.4890829694323144,비적용,False,기관존재,8.925029750099167,,258.8258627528758,8.727695888285492,,253.10318076027926,8.538899430740038,,247.6280834914611,1.7895490336435218,2.772984964259305,114.57777777777778,6.67315445572084,False,형평성최소화_탐욕기준,0,45.0,8.727695888285492
서울특별시|구로구,B01,재가노인복지시설 방문요양,서울특별시,구로구,11530,2026-06-10,61.0,36.0,53.0,1.0,0.0,0.0,0.0,1585.0,True,8222,53,8275,8354.5,8434,382633,88085,35535,7910,21962,방문·복지용구형,False,0.4890829694323144,비적용,False,기관존재,7.371601208459214,,191.54078549848944,7.301454306062602,,189.71811598539708,7.232629831633863,,187.9298079203225,1.716617419445617,2.7775248155905654,136.95901639344262,6.67315445572084,False,형평성최소화_탐욕기준,0,61.0,7.301454306062602
서울특별시|금천구,B01,재가노인복지시설 방문요양,서울특별시,금천구,11545,2026-06-10,33.0,101.0,24.0,0.0,0.0,0.0,0.0,907.0,True,4429,68,4497,4599.0,4701,222503,51091,19833,4484,15195,방문·복지용구형,False,0.4890829694323144,비적용,False,기관존재,7.33822548365577,,201.69001556593287,7.175472928897586,,197.21678625788215,7.019783024888321,,192.9376728355669,1.663893510815308,2.1717670286278383,139.36363636363637,6.67315445572084,False,형평성최소화_탐욕기준,0,33.0,7.175472928897586
서울특별시|노원구,B01,재가노인복지시설 방문요양,서울특별시,노원구,11350,2026-06-10,107.0,45.0,131.0,0.0,0.0,0.0,0.0,3354.0,True,9765,46,9811,9880.0,9949,481053,107095,43371,11332,29970,방문·복지용구형,False,0.4890829694323144,비적용,False,기관존재,10.906125777188869,,341.8611762307614,10.82995951417004,,339.4736842105263,10.75484973364157,,337.1193084732134,2.467086301906804,3.570236903570237,92.33644859813084,6.67315445572084,False,형평성최소화_탐욕기준,0,107.0,10.82995951417004
서울특별시|도봉구,B01,재가노인복지시설 방문요양,서울특별시,도봉구,11320,2026-06-10,88.0,0.0,93.0,0.0,0.0,0.0,0.0,3101.0,True,7135,60,7195,7285.0,7375,298225,80304,32606,8458,20803,방문·복지용구형,False,0.4890829694323144,비적용,False,기관존재,12.230715774843642,,430.99374565670604,12.079615648592998,,425.66918325326014,11.932203389830509,,420.47457627118644,2.698889774888057,4.230159111666587,82.7840909090909,6.67315445572084,False,형평성최소화_탐욕기준,0,88.0,12.079615648592998
서울특별시|동대문구,B01,재가노인복지시설 방문요양,서울특별시,동대문구,11230,2026-06-10,56.0,0.0,47.0,0.0,0.0,0.0,0.0,1655.0,True,6464,54,6518,6599.0,6680,352848,74629,31112,7770,20808,방문·복지용구형,False,0.4890829694323144,비적용,False,기관존재,8.59159251304081,,253.91224301933107,8.486134262767084,,250.7955750871344,8.383233532934131,,247.75449101796406,1.7999485728979172,2.6912725874663592,117.83928571428571,6.67315445572084,False,형평성최소화_탐욕기준,0,56.0,8.486134262767084
서울특별시|동작구,B01,재가노인복지시설 방문요양,서울특별시,동작구,11590,2026-06-10,50.0,155.0,52.0,0.0,0.0,0.0,0.0,1422.0,True,5566,84,5650,5776.0,5902,371999,77106,33011,8182,18193,방문·복지용구형,False,0.4890829694323144,비적용,False,기관존재,8.849557522123893,,251.68141592920358,8.65650969529086,,246.19113573407202,8.471704506946796,,240.93527617756695,1.514646632940535,2.74830978947947,115.52,6.67315445572084,False,형평성최소화_탐욕기준,0,50.0,8.65650969529086
서울특별시|마포구,B01,재가노인복지시설 방문요양,서울특별시,마포구,11440,2026-06-10,34.0,0.0,44.0,0.0,0.0,0.0,0.0,1006.0,True,4720,90,4810,4945.0,5080,356487,62999,27185,7487,15832,방문·복지용구형,False,0.4890829694323144,비적용,False,기관존재,7.0686070686070686,,209.14760914760916,6.8756319514661275,,203.43781597573306,6.692913385826771,,198.03149606299212,1.2506897185948134,2.1475492673067205,145.44117647058823,6.67315445572084,False,형평성최소화_탐욕기준,0,34.0,6.8756319514661275
서울특별시|서대문구,B01,재가노인복지시설 방문요양,서울특별시,서대문구,11410,2026-06-10,40.0,0.0,32.0,0.0,0.0,0.0,0.0,1111.0,True,5149,83,5232,5356.5,5481,299810,63351,27591,7587,16249,방문·복지용구형,False,0.4890829694323144,비적용,False,기관존재,7.6452599388379205,,212.34709480122325,7.46756277419957,,207.41155605339307,7.297938332421091,,202.70023718299578,1.4497481062665363,2.4616899501507783,133.9125,6.67315445572084,False,형평성최소화_탐욕기준,0,40.0,7.46756277419957
서울특별시|서초구,B01,재가노인복지시설 방문요양,서울특별시,서초구,11650,2026-06-10,32.0,0.0,51.0,0.0,0.0,0.0,0.0,1566.0,True,4454,94,4548,4689.0,4830,414383,73931,30626,7172,12915,방문·복지용구형,False,0.4890829694323144,비적용,False,기관존재,7.036059806508356,,344.32717678100266,6.824482832160375,,333.97312859884835,6.625258799171843,,324.22360248447205,1.044863841180696,2.4777390631049165,146.53125,6.67315445572084,False,형평성최소화_탐욕기준,0,32.0,6.824482832160375
서울특별시|성동구,B01,재가노인복지시설 방문요양,서울특별시,성동구,11200,2026-06-10,16.0,156.0,20.0,0.0,0.0,0.0,0.0,768.0,True,3755,89,3844,3977.5,4111,274517,54447,22326,5711,13523,방문·복지용구형,False,0.4890829694323144,비적용,False,기관존재,4.162330905306972,,199.79188345473463,4.022627278441232,,193.08610936517914,3.8919970810021893,,186.81585988810508,0.7166532294186151,1.1831694150706205,248.59375,6.67315445572084,True,형평성최소화_탐욕기준,0,16.0,4.022627278441232
서울특별시|성북구,B01,재가노인복지시설 방문요양,서울특별시,성북구,11290,2026-06-10,79.0,4086.0,103.0,0.0,0.0,0.0,0.0,3188.0,True,8363,62,8425,8518.0,8611,421762,89110,38011,9838,22573,방문·복지용구형,False,0.4890829694323144,비적용,False,기관존재,9.376854599406528,,378.3976261127596,9.274477576895986,,374.2662596853721,9.174311926605505,,370.22413192428286,2.078345742022046,3.499756346077172,107.82278481012658,6.67315445572084,False,형평성최소화_탐욕기준,0,79.0,9.274477576895986
서울특별시|송파구,B01,재가노인복지시설 방문요양,서울특별시,송파구,11710,2026-06-10,83.0,0.0,93.0,0.0,0.0,0.0,0.0,3944.0,True,8650,63,8713,8807.5,8902,650258,123327,45315,10104,24417,방문·복지용구형,False,0.4890829694323144,비적용,False,기관존재,9.525995638700792,,452.656949385975,9.423786545557764,,447.8001703093954,9.323747472478095,,443.0465064030555,1.8316230828643936,3.3992709997133144,106.1144578313253,6.67315445572084,False,형평성최소화_탐욕기준,0,83.0,9.423786545557764
서울특별시|양천구,B01,재가노인복지시설 방문요양,서울특별시,양천구,11470,2026-06-10,103.0,0.0,97.0,0.0,0.0,0.0,0.0,2940.0,True,7513,63,7576,7670.5,7765,421247,86569,32094,7356,20914,방문·복지용구형,False,0.4890829694323144,비적용,False,기관존재,13.59556494192186,,388.0675818373812,13.428068574408448,,383.2866175607848,13.264649066323246,,378.6220218931101,3.2093226148189693,4.924930668451755,74.47087378640776,6.67315445572084,False,형평성최소화_탐욕기준,0,103.0,13.428068574408448
서울특별시|영등포구,B01,재가노인복지시설 방문요양,서울특별시,영등포구,11560,2026-06-10,56.0,385.0,53.0,0.0,0.0,0.0,0.0,1879.0,True,6326,66,6392,6491.0,6590,371867,72898,30420,7681,18755,방문·복지용구형,False,0.4890829694323144,비적용,False,기관존재,8.760951188986233,,293.9612015018773,8.627330149437684,,289.47773840702513,8.497723823975722,,285.1289833080425,1.8408941485864563,2.9858704345507863,115.91071428571429,6.67315445572084,False,형평성최소화_탐욕기준,0,56.0,8.627330149437684
서울특별시|용산구,B01,재가노인복지시설 방문요양,서울특별시,용산구,11170,2026-06-10,15.0,0.0,16.0,0.0,0.0,0.0,0.0,503.0,True,2624,99,2723,2871.5,3020,199648,40120,17010,5091,10652,방문·복지용구형,False,0.4890829694323144,비적용,False,기관존재,5.508630187293426,,184.7227322805729,5.223750652968832,,175.16977189622148,4.966887417218543,,166.55629139072846,0.8818342151675485,1.4081862561021405,191.43333333333334,6.67315445572084,True,형평성최소화_탐욕기준,0,15.0,5.223750652968832
서울특별시|은평구,B01,재가노인복지시설 방문요양,서울특별시,은평구,11380,2026-06-10,99.0,0.0,128.0,0.0,0.0,0.0,0.0,3603.0,True,9895,57,9952,10037.5,10123,453212,104893,44060,11007,27403,방문·복지용구형,False,0.4890829694323144,비적용,False,기관존재,9.947749196141478,,362.0377813504823,9.863013698630137,,358.95392278953926,9.779709572261188,,355.9221574632026,2.246935996368588,3.612743130314199,101.38888888888889,6.67315445572084,False,형평성최소화_탐욕기준,0,99.0,9.863013698630137
서울특별시|종로구,B01,재가노인복지시설 방문요양,서울특별시,종로구,11110,2026-06-10,19.0,0.0,24.0,0.0,0.0,0.0,0.0,491.0,True,2383,93,2476,2615.5,2755,136318,31263,13561,3984,9786,방문·복지용구형,False,0.4890829694323144,비적용,False,기관존재,7.673667205169628,,198.3037156704362,7.264385394761995,,187.7270120435863,6.896551724137931,,178.22141560798548,1.4010766167686748,1.9415491518495809,137.6578947368421,6.67315445572084,False,형평성최소화_탐욕기준,0,19.0,7.264385394761995
서울특별시|중구,B01,재가노인복지시설 방문요양,서울특별시,중구,11140,2026-06-10,18.0,0.0,19.0,0.0,0.0,0.0,0.0,634.0,True,1695,95,1790,1932.5,2075,117558,27701,11832,3259,8852,방문·복지용구형,False,0.4890829694323144,비적용,False,기관존재,10.05586592178771,,354.18994413407825,9.314359637774903,,328.07244501940494,8.674698795180722,,305.5421686746988,1.5212981744421907,2.033438770899232,107.36111111111111,6.67315445572084,False,형평성최소화_탐욕기준,0,18.0,9.314359637774903
서울특별시|중랑구,B01,재가노인복지시설 방문요양,서울특별시,중랑구,11260,2026-06-10,100.0,39.0,110.0,0.0,0.0,0.0,0.0,3287.0,True,8110,62,8172,8265.0,8358,376386,90782,35164,8335,26742,방문·복지용구형,False,0.4890829694323144,비적용,False,기관존재,12.236906510034263,,402.22711698482624,12.099213551119178,,397.7011494252873,11.964584828906437,,393.2759033261546,2.8438175406665906,3.73943609303717,82.65,6.67315445572084,False,형평성최소화_탐욕기준,0,100.0,12.099213551119178
세종특별자치시|세종특별자치시,B01,재가노인복지시설 방문요양,세종특별자치시,세종특별자치시,36110,2026-06-10,43.0,0.0,37.0,0.0,0.0,0.0,0.0,939.0,True,4431,85,4516,4643.5,4771,390923,49871,18092,5163,12263,방문·복지용구형,False,0.4890829694323144,비적용,False,기관존재,9.521700620017715,,207.9273693534101,9.260256272208464,,202.21815440938948,9.012785579543072,,196.81408509746385,2.376741101039133,3.5064829160890483,107.98837209302326,6.67315445572084,False,형평성최소화_탐욕기준,0,43.0,9.260256272208464
울산광역시|남구,B01,재가노인복지시설 방문요양,울산광역시,남구,31140,2026-06-10,53.0,0.0,50.0,0.0,0.0,0.0,0.0,1537.0,True,4886,71,4957,5063.5,5170,304337,56898,18115,3772,15536,방문·복지용구형,False,0.4890829694323144,비적용,False,기관존재,10.691950776679443,,310.0665725237038,10.467068233435372,,303.5449787696258,10.251450676982593,,297.29206963249516,2.9257521391112338,3.4114315139031923,95.5377358490566,6.67315445572084,False,형평성최소화_탐욕기준,0,53.0,10.467068233435372
울산광역시|동구,B01,재가노인복지시설 방문요양,울산광역시,동구,31170,2026-06-10,13.0,126.0,20.0,0.0,0.0,0.0,0.0,580.0,True,2156,95,2251,2393.5,2536,147756,30798,9112,1649,7615,방문·복지용구형,False,0.4890829694323144,비적용,False,기관존재,5.775211017325633,,257.6632607729898,5.431376645080427,,242.32295801128058,5.126182965299685,,228.70662460567823,1.4266900790166812,1.7071569271175313,184.1153846153846,6.67315445572084,True,형평성최소화_탐욕기준,0,13.0,5.431376645080427
울산광역시|북구,B01,재가노인복지시설 방문요양,울산광역시,북구,31200,2026-06-10,34.0,20.0,28.0,0.0,0.0,0.0,0.0,873.0,True,2609,100,2709,2859.0,3009,213685,29555,9031,2140,7137,방문·복지용구형,False,0.4890829694323144,비적용,False,기관존재,12.550756736803248,,322.2591362126246,11.892270024484084,,305.35152151101784,11.299435028248588,,290.12961116650047,3.764810098549441,4.763906403250665,84.08823529411765,6.67315445572084,False,형평성최소화_탐욕기준,0,34.0,11.892270024484084
울산광역시|울주군,B01,재가노인복지시설 방문요양,울산광역시,울주군,31710,2026-06-10,57.0,10.0,43.0,0.0,0.0,0.0,0.0,1475.0,True,5192,79,5271,5389.5,5508,218285,48168,16982,4523,15126,방문·복지용구형,False,0.4890829694323144,비적용,False,기관존재,10.813887307911212,,279.83304875735155,10.57612023378792,,273.6803042953892,10.348583877995644,,267.7923021060276,3.3564951124720293,3.7683458944863153,94.55263157894737,6.67315445572084,False,형평성최소화_탐욕기준,0,57.0,10.57612023378792
울산광역시|중구,B01,재가노인복지시설 방문요양,울산광역시,중구,31110,2026-06-10,43.0,0.0,27.0,0.0,0.0,0.0,0.0,825.0,True,3912,85,3997,4124.5,4252,203026,46142,15901,3395,13840,방문·복지용구형,False,0.4890829694323144,비적용,False,기관존재,10.75806855141356,,206.40480360270203,10.425506121954177,,200.0242453630743,10.112888052681091,,194.0263405456256,2.704232438211433,3.106936416184971,95.9186046511628,6.67315445572084,False,형평성최소화_탐욕기준,0,43.0,10.425506121954177
인천광역시|강화군,B01,재가노인복지시설 방문요양,인천광역시,강화군,28710,2026-06-10,18.0,6.0,18.0,0.0,0.0,0.0,0.0,398.0,True,3024,88,3112,3244.0,3376,69681,29163,13138,4054,8842,방문·복지용구형,False,0.4890829694323144,비적용,False,기관존재,5.784061696658098,,127.89203084832904,5.548705302096177,,122.68803945745994,5.33175355450237,,117.8909952606635,1.3700715481808494,2.035738520696675,180.22222222222223,6.67315445572084,True,형평성최소화_탐욕기준,0,18.0,5.548705302096177
인천광역시|계양구,B01,재가노인복지시설 방문요양,인천광역시,계양구,28245,2026-06-10,77.0,0.0,89.0,0.0,0.0,0.0,0.0,2590.0,True,7179,59,7238,7326.5,7415,276309,58847,19525,5494,16883,방문·복지용구형,False,0.4890829694323144,비적용,False,기관존재,10.638297872340425,,357.83365570599614,10.509793216406196,,353.51122637002663,10.38435603506406,,349.29197572488204,3.9436619718309855,4.560800805544038,95.14935064935065,6.67315445572084,False,형평성최소화_탐욕기준,0,77.0,10.509793216406196
인천광역시|남동구,B01,재가노인복지시설 방문요양,인천광역시,남동구,28200,2026-06-10,144.0,14.0,122.0,0.0,0.0,0.0,0.0,3022.0,True,14229,41,14270,14331.5,14393,479149,102290,37187,9525,30785,방문·복지용구형,False,0.4890829694323144,비적용,False,기관존재,10.091100210231255,,211.77295024526978,10.04779681122004,,210.86418030213167,10.004863475300493,,209.9631765441534,3.872320972382822,4.677602728601592,99.52430555555556,6.67315445572084,False,형평성최소화_탐욕기준,0,144.0,10.04779681122004
인천광역시|동구,B01,재가노인복지시설 방문요양,인천광역시,동구,28140,2026-06-10,19.0,0.0,12.0,0.0,0.0,0.0,0.0,251.0,True,1867,96,1963,2107.0,2251,57926,16881,7340,1844,5377,방문·복지용구형,False,0.4890829694323144,비적용,False,기관존재,9.679062659195111,,127.86551197147222,9.017560512577123,,119.12672045562411,8.440693025322078,,111.50599733451799,2.588555858310627,3.5335689045936394,110.89473684210526,6.67315445572084,False,형평성최소화_탐욕기준,0,19.0,9.017560512577123
인천광역시|미추홀구,B01,재가노인복지시설 방문요양,인천광역시,미추홀구,28170|28177,2026-06-10,136.0,0.0,151.0,0.0,0.0,0.0,0.0,3850.0,True,11547,56,11603,11687.0,11771,418211,92292,36936,9360,28578,방문·복지용구형,False,0.4890829694323144,비적용,False,기관존재,11.72110661035939,,331.8107386020857,11.636861470009412,,329.4258577907076,11.553818706991759,,327.07501486704615,3.6820446177171324,4.758905451746099,85.93382352941177,6.67315445572084,False,형평성최소화_탐욕기준,0,136.0,11.636861470009412
인천광역시|부평구,B01,재가노인복지시설 방문요양,인천광역시,부평구,28237,2026-06-10,97.0,0.0,107.0,0.0,0.0,0.0,0.0,2869.0,True,12002,50,12052,12127.0,12202,488191,103325,37942,10185,28881,방문·복지용구형,False,0.4890829694323144,비적용,False,기관존재,8.048456687686691,,238.0517756388981,7.998680629999176,,236.57953327286222,7.9495164727093925,,235.12538928044583,2.5565336566338095,3.3586094664312176,125.02061855670104,6.67315445572084,False,형평성최소화_탐욕기준,0,97.0,7.998680629999176
인천광역시|서구,B01,재가노인복지시설 방문요양,인천광역시,서구,28260,2026-06-10,146.0,0.0,111.0,1.0,0.0,0.0,0.0,3059.0,True,12367,48,12415,12487.0,12559,662875,98623,32986,8505,25967,방문·복지용구형,False,0.4890829694323144,비적용,False,기관존재,11.75996778091019,,246.3954893274265,11.69215984624009,,244.9747737647153,11.625129389282586,,243.57034795763994,4.426120172194264,5.622520891901259,85.52739726027397,6.67315445572084,False,형평성최소화_탐욕기준,0,146.0,11.69215984624009
인천광역시|연수구,B01,재가노인복지시설 방문요양,인천광역시,연수구,28185,2026-06-10,62.0,15.0,55.0,0.0,0.0,0.0,0.0,1294.0,True,5594,78,5672,5789.0,5906,410290,60007,19906,5568,13029,방문·복지용구형,False,0.4890829694323144,비적용,False,기관존재,10.930888575458393,,228.13822284908323,10.709967179132837,,223.52737951286923,10.497798848628515,,219.09922113105318,3.1146388023711444,4.758615396423363,93.37096774193549,6.67315445572084,False,형평성최소화_탐욕기준,0,62.0,10.709967179132837
인천광역시|옹진군,B01,재가노인복지시설 방문요양,인천광역시,옹진군,28720,2026-06-10,2.0,0.0,4.0,0.0,0.0,0.0,0.0,110.0,True,232,79,311,429.5,548,19340,7265,2909,852,2899,방문·복지용구형,False,0.4890829694323144,비적용,False,기관존재,6.430868167202572,,353.6977491961415,4.656577415599534,,256.1117578579744,3.6496350364963503,,200.72992700729927,0.6875214850464078,0.6898930665746809,214.75,6.67315445572084,True,형평성최소화_탐욕기준,0,2.0,4.656577415599534
인천광역시|중구,B01,재가노인복지시설 방문요양,인천광역시,중구,28110,2026-06-10,34.0,0.0,26.0,0.0,0.0,0.0,0.0,700.0,True,3550,91,3641,3777.5,3914,179030,30100,11792,2945,9821,방문·복지용구형,False,0.4890829694323144,비적용,False,기관존재,9.338093930238946,,192.25487503433123,9.00066181336863,,185.30774321641297,8.686765457332651,,178.84517118037812,2.8833107191316145,3.461969249567254,111.1029411764706,6.67315445572084,False,형평성최소화_탐욕기준,0,34.0,9.00066181336863
전라남도|강진군,B01,재가노인복지시설 방문요양,전라남도,강진군,46810,2026-06-10,8.0,0.0,14.0,0.0,0.0,0.0,0.0,247.0,True,1869,90,1959,2094.0,2229,31666,13064,6745,2318,5353,방문·복지용구형,False,0.4890829694323144,비적용,False,기관존재,4.083716181725371,,126.08473711077082,3.8204393505253105,,117.95606494746896,3.589053387169134,,110.81202332884702,1.1860637509266123,1.4944890715486643,261.75,6.67315445572084,True,형평성최소화_탐욕기준,0,8.0,3.8204393505253105
전라남도|고흥군,B01,재가노인복지시설 방문요양,전라남도,고흥군,46770,2026-06-10,30.0,0.0,37.0,0.0,0.0,0.0,0.0,720.0,True,3601,101,3702,3853.5,4005,58976,28413,15132,5222,11626,방문·복지용구형,False,0.4890829694323144,비적용,False,기관존재,8.103727714748784,,194.48946515397083,7.785130400934216,,186.84312962242117,7.49063670411985,,179.7752808988764,1.9825535289452814,2.580423189403062,128.45,6.67315445572084,False,형평성최소화_탐욕기준,0,30.0,7.785130400934216
전라남도|곡성군,B01,재가노인복지시설 방문요양,전라남도,곡성군,46720,2026-06-10,12.0,150.0,22.0,0.0,0.0,0.0,0.0,333.0,True,1551,87,1638,1768.5,1899,27657,11583,5962,2261,4598,방문·복지용구형,False,0.4890829694323144,비적용,False,기관존재,7.326007326007326,,203.2967032967033,6.785411365564038,,188.29516539440203,6.3191153238546605,,175.35545023696682,2.0127474002012744,2.609830361026533,147.375,6.67315445572084,False,형평성최소화_탐욕기준,0,12.0,6.785411365564038
전라남도|광양시,B01,재가노인복지시설 방문요양,전라남도,광양시,46230,2026-06-10,35.0,50.0,31.0,0.0,0.0,0.0,0.0,768.0,True,3221,94,3315,3456.0,3597,155975,28148,10712,3253,9357,방문·복지용구형,False,0.4890829694323144,비적용,False,기관존재,10.558069381598793,,231.67420814479638,10.127314814814815,,222.2222222222222,9.730330831248262,,213.51125938281902,3.267363704256908,3.74051512236828,98.74285714285715,6.67315445572084,False,형평성최소화_탐욕기준,0,35.0,10.127314814814815
전라남도|구례군,B01,재가노인복지시설 방문요양,전라남도,구례군,46730,2026-06-10,9.0,0.0,14.0,1.0,0.0,0.0,0.0,269.0,True,1541,94,1635,1776.0,1917,24337,10138,5148,1769,3929,방문·복지용구형,False,0.4890829694323144,비적용,False,기관존재,5.5045871559633035,,164.52599388379204,5.0675675675675675,,151.46396396396398,4.694835680751174,,140.32342201356286,1.7482517482517483,2.290659200814457,197.33333333333334,6.67315445572084,True,형평성최소화_탐욕기준,0,9.0,5.0675675675675675
전라남도|나주시,B01,재가노인복지시설 방문요양,전라남도,나주시,46170,2026-06-10,45.0,95.0,48.0,0.0,0.0,0.0,0.0,1702.0,True,4619,110,4729,4894.0,5059,116691,30728,14290,4443,11896,방문·복지용구형,False,0.4890829694323144,비적용,False,기관존재,9.515753859166844,,359.90695707337704,9.194932570494483,,347.77278299959136,8.89503854516703,,336.4301245305396,3.1490552834149756,3.7827841291190314,108.75555555555556,6.67315445572084,False,형평성최소화_탐욕기준,0,45.0,9.194932570494483
전라남도|담양군,B01,재가노인복지시설 방문요양,전라남도,담양군,46710,2026-06-10,15.0,80.0,15.0,0.0,0.0,0.0,0.0,329.0,True,2233,97,2330,2475.5,2621,44031,16914,8169,2684,5979,방문·복지용구형,False,0.4890829694323144,비적용,False,기관존재,6.437768240343348,,141.20171673819743,6.059381943041809,,132.90244395071701,5.723006486074018,,125.52460892789011,1.8362100624311422,2.5087807325639737,165.03333333333333,6.67315445572084,True,형평성최소화_탐욕기준,0,15.0,6.059381943041809
전라남도|목포시,B01,재가노인복지시설 방문요양,전라남도,목포시,46110,2026-06-10,67.0,0.0,59.0,0.0,0.0,0.0,0.0,1696.0,True,6637,66,6703,6802.0,6901,199524,47425,19933,4793,18153,방문·복지용구형,False,0.4890829694323144,비적용,False,기관존재,9.995524392063256,,253.02103535730268,9.850044104675096,,249.3384298735666,9.70873786407767,,245.7614838429213,3.3612602217428384,3.690849997245634,101.5223880597015,6.67315445572084,False,형평성최소화_탐욕기준,0,67.0,9.850044104675096
전라남도|무안군,B01,재가노인복지시설 방문요양,전라남도,무안군,46840,2026-06-10,22.0,34.0,21.0,0.0,0.0,0.0,0.0,473.0,True,2690,102,2792,2945.0,3098,95659,20837,9454,2740,7613,방문·복지용구형,False,0.4890829694323144,비적용,False,기관존재,7.8796561604584525,,169.41260744985672,7.470288624787775,,160.6112054329372,7.101355713363461,,152.6791478373144,2.3270573302305904,2.88979377380796,133.86363636363637,6.67315445572084,False,형평성최소화_탐욕기준,0,22.0,7.470288624787775
전라남도|보성군,B01,재가노인복지시설 방문요양,전라남도,보성군,46780,2026-06-10,25.0,89.0,30.0,0.0,0.0,0.0,0.0,785.0,True,1887,109,1996,2159.5,2323,37559,16869,8935,3223,7049,방문·복지용구형,False,0.4890829694323144,비적용,False,기관존재,12.525050100200401,,393.28657314629254,11.57675387821255,,363.510071775874,10.76194575979337,,337.92509685751185,2.7979854504756574,3.5466023549439636,86.38,6.67315445572084,False,형평성최소화_탐욕기준,0,25.0,11.57675387821255
전라남도|순천시,B01,재가노인복지시설 방문요양,전라남도,순천시,46150,2026-06-10,63.0,34.0,51.0,0.0,0.0,0.0,0.0,1787.0,True,7397,79,7476,7594.5,7713,274131,58612,24185,7216,19036,방문·복지용구형,False,0.4890829694323144,비적용,False,기관존재,8.426966292134832,,239.03156768325306,8.295476989926922,,235.30186319046678,8.168028004667445,,231.68676260858294,2.6049204052098407,3.3095188064719476,120.54761904761905,6.67315445572084,False,형평성최소화_탐욕기준,0,63.0,8.295476989926922
전라남도|신안군,B01,재가노인복지시설 방문요양,전라남도,신안군,46910,2026-06-10,11.0,0.0,14.0,0.0,0.0,0.0,0.0,346.0,True,1722,87,1809,1939.5,2070,42319,16501,7936,2533,5513,방문·복지용구형,False,0.4890829694323144,비적용,False,기관존재,6.0807075732448865,,191.26589275843006,5.671564836298015,,178.39649394173756,5.314009661835749,,167.1497584541063,1.3860887096774195,1.9952838744785053,176.3181818181818,6.67315445572084,True,형평성최소화_탐욕기준,0,11.0,5.671564836298015
전라남도|여수시,B01,재가노인복지시설 방문요양,전라남도,여수시,46130,2026-06-10,55.0,54.0,56.0,0.0,1.0,0.0,0.0,1541.0,True,7578,74,7652,7763.0,7874,260502,68279,28759,7275,21795,방문·복지용구형,False,0.4890829694323144,비적용,False,기관존재,7.187663355985363,,201.3852587558808,7.084889862166689,,198.5057323199794,6.98501397002794,,195.70739141478282,1.9124447998887304,2.5235145675613673,141.14545454545456,6.67315445572084,False,형평성최소화_탐욕기준,0,55.0,7.084889862166689
전라남도|영광군,B01,재가노인복지시설 방문요양,전라남도,영광군,46870,2026-06-10,28.0,250.0,36.0,1.0,1.0,0.0,0.0,1107.0,True,2406,109,2515,2678.5,2842,53902,17674,8772,2681,6755,방문·복지용구형,False,0.4890829694323144,비적용,False,기관존재,11.133200795228628,,440.15904572564614,10.45361209632257,,413.29102109389584,9.852216748768473,,389.51442646023924,3.191974464204286,4.1450777202072535,95.66071428571429,6.67315445572084,False,형평성최소화_탐욕기준,0,28.0,10.45361209632257
전라남도|영암군,B01,재가노인복지시설 방문요양,전라남도,영암군,46830,2026-06-10,10.0,0.0,16.0,0.0,0.0,0.0,0.0,450.0,True,2087,105,2192,2349.5,2507,50076,16430,8031,2651,6607,방문·복지용구형,False,0.4890829694323144,비적용,False,기관존재,4.562043795620437,,205.2919708029197,4.256224728665673,,191.5301127899553,3.988831272437176,,179.4974072596729,1.2451749470800646,1.5135462388375966,234.95,6.67315445572084,True,형평성최소화_탐욕기준,0,10.0,4.256224728665673
전라남도|완도군,B01,재가노인복지시설 방문요양,전라남도,완도군,46890,2026-06-10,28.0,2178.0,40.0,0.0,0.0,0.0,0.0,698.0,True,2305,108,2413,2575.0,2737,44175,17538,9040,2813,6739,방문·복지용구형,False,0.4890829694323144,비적용,False,기관존재,11.603812681309574,,289.26647326978866,10.87378640776699,,271.06796116504853,10.230179028132993,,255.02374862988674,3.0973451327433628,4.154919127466983,91.96428571428571,6.67315445572084,False,형평성최소화_탐욕기준,0,28.0,10.87378640776699
전라남도|장성군,B01,재가노인복지시설 방문요양,전라남도,장성군,46880,2026-06-10,19.0,11.0,34.0,0.0,0.0,0.0,0.0,833.0,True,2225,107,2332,2492.5,2653,43095,15429,7598,2493,5869,방문·복지용구형,False,0.4890829694323144,비적용,False,기관존재,8.147512864493997,,357.20411663807886,7.622868605817453,,334.2026078234704,7.161703731624576,,313.9841688654353,2.5006580679126085,3.2373487817345374,131.18421052631578,6.67315445572084,False,형평성최소화_탐욕기준,0,19.0,7.622868605817453
전라남도|장흥군,B01,재가노인복지시설 방문요양,전라남도,장흥군,46800,2026-06-10,13.0,470.0,20.0,0.0,0.0,0.0,0.0,356.0,True,2204,101,2305,2456.5,2608,33952,13971,7241,2591,5826,방문·복지용구형,False,0.4890829694323144,비적용,False,기관존재,5.639913232104122,,154.4468546637744,5.292082230816202,,144.92163647465907,4.984662576687116,,136.50306748466255,1.7953321364452424,2.2313765877102645,188.96153846153845,6.67315445572084,True,형평성최소화_탐욕기준,0,13.0,5.292082230816202
전라남도|진도군,B01,재가노인복지시설 방문요양,전라남도,진도군,46900,2026-06-10,13.0,0.0,18.0,0.0,0.0,0.0,0.0,413.0,True,1274,95,1369,1511.5,1654,27882,11249,5822,1935,4772,방문·복지용구형,False,0.4890829694323144,비적용,False,기관존재,9.495982468955443,,301.68005843681516,8.600727753886867,,273.2385047965597,7.8597339782345825,,249.6977025392987,2.232909653040192,2.724224643755239,116.26923076923077,6.67315445572084,False,형평성최소화_탐욕기준,0,13.0,8.600727753886867
전라남도|함평군,B01,재가노인복지시설 방문요양,전라남도,함평군,46860,2026-06-10,18.0,383.0,17.0,0.0,0.0,0.0,0.0,355.0,True,1883,106,1989,2148.0,2307,29601,12736,6551,2301,5471,방문·복지용구형,False,0.4890829694323144,비적용,False,기관존재,9.04977375565611,,178.48164906988436,8.379888268156424,,165.27001862197395,7.802340702210663,,153.87949718248808,2.747672111128072,3.290074940595869,119.33333333333333,6.67315445572084,False,형평성최소화_탐욕기준,0,18.0,8.379888268156424
전라남도|해남군,B01,재가노인복지시설 방문요양,전라남도,해남군,46820,2026-06-10,23.0,0.0,24.0,0.0,0.0,0.0,0.0,440.0,True,3024,100,3124,3274.0,3424,62027,24626,12186,3845,9400,방문·복지용구형,False,0.4890829694323144,비적용,False,기관존재,7.36235595390525,,140.84507042253523,7.025045815516188,,134.39218081857055,6.7172897196261685,,128.50467289719626,1.8874117840144429,2.4468085106382977,142.34782608695653,6.67315445572084,False,형평성최소화_탐욕기준,0,23.0,7.025045815516188
전라남도|화순군,B01,재가노인복지시설 방문요양,전라남도,화순군,46790,2026-06-10,34.0,0.0,42.0,0.0,0.0,0.0,0.0,1092.0,True,2598,108,2706,2868.0,3030,59909,19853,9720,3287,7960,방문·복지용구형,False,0.4890829694323144,비적용,False,기관존재,12.564671101256469,,403.5476718403548,11.854951185495118,,380.7531380753138,11.221122112211221,,360.3960396039604,3.4979423868312756,4.2713567839195985,84.3529411764706,6.67315445572084,False,형평성최소화_탐욕기준,0,34.0,11.854951185495118
전북특별자치도|고창군,B01,재가노인복지시설 방문요양,전북특별자치도,고창군,52790,2026-06-10,13.0,99.0,20.0,0.0,0.0,0.0,0.0,331.0,True,3225,93,3318,3457.5,3597,50071,20870,10809,3513,8300,방문·복지용구형,False,0.4890829694323144,비적용,False,기관존재,3.9180229053646776,,99.75889089813141,3.759942154736081,,95.73391178597252,3.614122880177926,,92.02112871837642,1.2027014524932926,1.5662650602409638,265.96153846153845,6.67315445572084,True,형평성최소화_탐욕기준,0,13.0,3.759942154736081
전북특별자치도|군산시,B01,재가노인복지시설 방문요양,전북특별자치도,군산시,52130,2026-06-10,64.0,0.0,56.0,0.0,0.0,0.0,0.0,1509.0,True,8155,72,8227,8335.0,8443,255591,64219,27084,6918,21796,방문·복지용구형,False,0.4890829694323144,비적용,False,기관존재,7.779263400996718,,183.42044487662574,7.678464307138572,,181.04379124175165,7.5802439891033995,,178.72794030557858,2.363018756461379,2.9363185905670766,130.234375,6.67315445572084,False,형평성최소화_탐욕기준,0,64.0,7.678464307138572
전북특별자치도|김제시,B01,재가노인복지시설 방문요양,전북특별자치도,김제시,52210,2026-06-10,29.0,0.0,36.0,0.0,0.0,0.0,0.0,670.0,True,4039,99,4138,4286.5,4435,81631,30000,14820,4894,11803,방문·복지용구형,False,0.4890829694323144,비적용,False,기관존재,7.008216529724505,,161.91396810053166,6.765426338504608,,156.3046774757961,6.538895152198422,,151.07102593010146,1.9568151147098516,2.457002457002457,147.81034482758622,6.67315445572084,False,형평성최소화_탐욕기준,0,29.0,6.765426338504608
전북특별자치도|남원시,B01,재가노인복지시설 방문요양,전북특별자치도,남원시,52190,2026-06-10,34.0,0.0,43.0,0.0,0.0,0.0,0.0,943.0,True,3774,102,3876,4029.0,4182,73812,26161,12932,4320,9910,방문·복지용구형,False,0.4890829694323144,비적용,False,기관존재,8.771929824561402,,243.29205366357067,8.438818565400844,,234.05311491685282,8.130081300813009,,225.49019607843138,2.629137024435509,3.43087790110999,118.5,6.67315445572084,False,형평성최소화_탐욕기준,0,34.0,8.438818565400844
전북특별자치도|무주군,B01,재가노인복지시설 방문요양,전북특별자치도,무주군,52730,2026-06-10,12.0,110.0,13.0,0.0,0.0,0.0,0.0,352.0,True,860,94,954,1095.0,1236,23326,9356,4527,1606,3691,방문·복지용구형,False,0.4890829694323144,비적용,False,기관존재,12.578616352201259,,368.97274633123686,10.95890410958904,,321.46118721461187,9.70873786407767,,284.78964401294496,2.6507620941020544,3.251151449471688,91.25,6.67315445572084,False,형평성최소화_탐욕기준,0,12.0,10.95890410958904
전북특별자치도|부안군,B01,재가노인복지시설 방문요양,전북특별자치도,부안군,52800,2026-06-10,18.0,10.0,20.0,0.0,0.0,0.0,0.0,347.0,True,2335,97,2432,2577.5,2723,46946,19234,9604,2995,8057,방문·복지용구형,False,0.4890829694323144,비적용,False,기관존재,7.401315789473684,,142.6809210526316,6.9835111542192045,,134.62657613967022,6.6103562247521115,,127.43297833272126,1.8742190753852561,2.2340821645773863,143.19444444444446,6.67315445572084,False,형평성최소화_탐욕기준,0,18.0,6.9835111542192045
전북특별자치도|순창군,B01,재가노인복지시설 방문요양,전북특별자치도,순창군,52770,2026-06-10,4.0,0.0,4.0,0.0,0.0,0.0,0.0,51.0,True,1211,96,1307,1451.0,1595,27584,10831,5487,1893,4119,방문·복지용구형,False,0.4890829694323144,비적용,False,기관존재,3.06044376434583,,39.02065799540933,2.7567195037904892,,35.148173673328735,2.5078369905956115,,31.97492163009404,0.7289958082741025,0.9711094925952901,362.75,6.67315445572084,True,형평성최소화_탐욕기준,0,4.0,2.7567195037904892
전북특별자치도|완주군,B01,재가노인복지시설 방문요양,전북특별자치도,완주군,52710,2026-06-10,34.0,0.0,35.0,0.0,0.0,0.0,0.0,804.0,True,3721,88,3809,3941.0,4073,100102,27560,12072,3663,9016,방문·복지용구형,False,0.4890829694323144,비적용,False,기관존재,8.926227356261485,,211.0790233657128,8.627251966505963,,204.0091347373763,8.347655290940338,,197.39749570341272,2.8164347249834325,3.771073646850044,115.91176470588235,6.67315445572084,False,형평성최소화_탐욕기준,0,34.0,8.627251966505963
전북특별자치도|익산시,B01,재가노인복지시설 방문요양,전북특별자치도,익산시,52140,2026-06-10,74.0,55.0,74.0,0.0,0.0,0.0,0.0,2102.0,True,9546,66,9612,9711.0,9810,266758,70191,30008,8377,23906,방문·복지용구형,False,0.4890829694323144,비적용,False,기관존재,7.698709945900958,,218.6849771119434,7.620224487694368,,216.4555658531562,7.543323139653415,,214.2711518858308,2.4660090642495334,3.0954572073956332,131.22972972972974,6.67315445572084,False,형평성최소화_탐욕기준,0,74.0,7.620224487694368
전북특별자치도|임실군,B01,재가노인복지시설 방문요양,전북특별자치도,임실군,52750,2026-06-10,11.0,30.0,10.0,0.0,0.0,0.0,0.0,189.0,True,1367,92,1459,1597.0,1735,25342,11198,5797,2069,4625,방문·복지용구형,False,0.4890829694323144,비적용,False,기관존재,7.539410555174777,,129.5407813570939,6.88791484032561,,118.34690043832185,6.340057636887608,,108.93371757925071,1.8975332068311195,2.3783783783783785,145.1818181818182,6.67315445572084,False,형평성최소화_탐욕기준,0,11.0,6.88791484032561
전북특별자치도|장수군,B01,재가노인복지시설 방문요양,전북특별자치도,장수군,52740,2026-06-10,6.0,0.0,8.0,0.0,0.0,0.0,0.0,131.0,True,630,82,712,835.0,958,21169,8755,4227,1457,3301,방문·복지용구형,False,0.4890829694323144,비적용,False,기관존재,8.426966292134832,,183.98876404494382,7.18562874251497,,156.88622754491018,6.263048016701462,,136.74321503131523,1.4194464158978,1.8176310209027569,139.16666666666666,6.67315445572084,False,형평성최소화_탐욕기준,0,6.0,7.18562874251497
전북특별자치도|전주시,B01,재가노인복지시설 방문요양,전북특별자치도,전주시,52111|52113,2026-06-10,152.0,0.0,157.0,1.0,0.0,0.0,0.0,3490.0,True,17659,42,17701,17764.0,17827,620874,126989,53201,13900,39699,방문·복지용구형,False,0.4890829694323144,비적용,False,기관존재,8.58708547539687,,197.1640020337834,8.556631389326727,,196.46476018914657,8.526392550625456,,195.77046053738712,2.8570891524595403,3.8288118088616843,116.86842105263158,6.67315445572084,False,형평성최소화_탐욕기준,0,152.0,8.556631389326727
전북특별자치도|정읍시,B01,재가노인복지시설 방문요양,전북특별자치도,정읍시,52180,2026-06-10,40.0,44.0,38.0,0.0,0.0,0.0,0.0,810.0,True,5149,99,5248,5396.5,5545,100738,34282,16976,5535,13435,방문·복지용구형,False,0.4890829694323144,비적용,False,기관존재,7.621951219512195,,154.34451219512195,7.412211618641712,,150.09728527749468,7.213706041478809,,146.0775473399459,2.3562676720075397,2.97729810197246,134.9125,6.67315445572084,False,형평성최소화_탐욕기준,0,40.0,7.412211618641712
전북특별자치도|진안군,B01,재가노인복지시설 방문요양,전북특별자치도,진안군,52720,2026-06-10,10.0,20.0,10.0,0.0,0.0,0.0,0.0,153.0,True,1111,91,1202,1338.5,1475,24689,10514,5098,1720,4020,방문·복지용구형,False,0.4890829694323144,비적용,False,기관존재,8.319467554076539,,127.28785357737105,7.4710496824803885,,114.30706014194995,6.779661016949152,,103.72881355932203,1.9615535504119261,2.487562189054726,133.85,6.67315445572084,False,형평성최소화_탐욕기준,0,10.0,7.4710496824803885
제주특별자치도|서귀포시,B01,재가노인복지시설 방문요양,제주특별자치도,서귀포시,50130,2026-06-10,21.0,0.0,26.0,0.0,0.0,0.0,0.0,444.0,True,3209,90,3299,3434.0,3569,178669,44626,19711,6127,14483,방문·복지용구형,False,0.4890829694323144,비적용,False,기관존재,6.365565322825098,,134.58623825401637,6.11531741409435,,129.2952824694234,5.884001120762118,,124.40459512468479,1.0653949571305361,1.4499758337361044,163.52380952380952,6.67315445572084,True,형평성최소화_탐욕기준,0,21.0,6.11531741409435
제주특별자치도|제주시,B01,재가노인복지시설 방문요양,제주특별자치도,제주시,50110,2026-06-10,73.0,0.0,76.0,0.0,0.0,0.0,0.0,1876.0,True,9181,48,9229,9301.0,9373,484123,92096,38161,11631,28560,방문·복지용구형,False,0.4890829694323144,비적용,False,기관존재,7.909849387799327,,203.27229385632245,7.8486184281260085,,201.69874207074508,7.788328176677691,,200.14936519790888,1.9129477739052958,2.5560224089635857,127.41095890410959,6.67315445572084,False,형평성최소화_탐욕기준,0,73.0,7.8486184281260085
충청남도|계룡시,B01,재가노인복지시설 방문요양,충청남도,계룡시,44250,2026-06-10,8.0,14.0,7.0,0.0,0.0,0.0,0.0,151.0,True,570,99,669,817.5,966,45959,7812,2778,802,2137,방문·복지용구형,False,0.4890829694323144,비적용,False,기관존재,11.958146487294469,,225.7100149476831,9.785932721712538,,184.70948012232415,8.281573498964804,,156.31469979296068,2.8797696184305255,3.743565746373421,102.1875,6.67315445572084,False,형평성최소화_탐욕기준,0,8.0,9.785932721712538
충청남도|공주시,B01,재가노인복지시설 방문요양,충청남도,공주시,44150,2026-06-10,27.0,0.0,16.0,0.0,0.0,0.0,0.0,566.0,True,4646,78,4724,4841.0,4958,99757,34013,14950,4871,10962,방문·복지용구형,False,0.4890829694323144,비적용,False,기관존재,5.71549534292972,,119.81371718882302,5.577360049576534,,116.91799215038215,5.445744251714401,,114.15893505445744,1.806020066889632,2.4630541871921183,179.2962962962963,6.67315445572084,True,형평성최소화_탐욕기준,0,27.0,5.577360049576534
충청남도|금산군,B01,재가노인복지시설 방문요양,충청남도,금산군,44710,2026-06-10,21.0,0.0,19.0,0.0,0.0,0.0,0.0,535.0,True,2718,90,2808,2943.0,3078,48939,19220,8672,2741,6934,방문·복지용구형,False,0.4890829694323144,비적용,False,기관존재,7.478632478632479,,190.52706552706553,7.135575942915392,,181.787291879035,6.82261208576998,,173.8141650422352,2.421586715867159,3.0285549466397463,140.14285714285714,6.67315445572084,False,형평성최소화_탐욕기준,0,21.0,7.135575942915392
충청남도|논산시,B01,재가노인복지시설 방문요양,충청남도,논산시,44230,2026-06-10,41.0,14.0,42.0,0.0,0.0,0.0,0.0,1344.0,True,5702,74,5776,5887.0,5998,105977,36530,16482,5319,13123,방문·복지용구형,False,0.4890829694323144,비적용,False,기관존재,7.098337950138504,,232.68698060941827,6.9644980465432305,,228.2996432818074,6.835611870623541,,224.07469156385463,2.487562189054726,3.1242856054255888,143.58536585365854,6.67315445572084,False,형평성최소화_탐욕기준,0,41.0,6.9644980465432305
충청남도|당진시,B01,재가노인복지시설 방문요양,충청남도,당진시,44270,2026-06-10,43.0,0.0,44.0,0.0,0.0,0.0,0.0,1111.0,True,5566,94,5660,5801.0,5942,172400,40186,17520,5599,12923,방문·복지용구형,False,0.4890829694323144,비적용,False,기관존재,7.597173144876325,,196.28975265017667,7.412515083606275,,191.5187036717807,7.236620666442276,,186.9740828004039,2.454337899543379,3.327400758337847,134.90697674418604,6.67315445572084,False,형평성최소화_탐욕기준,0,43.0,7.412515083606275
충청남도|보령시,B01,재가노인복지시설 방문요양,충청남도,보령시,44180,2026-06-10,36.0,9999.0,39.0,1.0,0.0,0.0,0.0,1099.0,True,3655,84,3739,3865.0,3991,91260,31418,14017,4166,10884,방문·복지용구형,False,0.4890829694323144,비적용,False,기관존재,9.628242845680663,,293.928857983418,9.314359637774903,,284.3467011642949,9.020295665246804,,275.36958155850664,2.5683099093957336,3.3076074972436604,107.36111111111111,6.67315445572084,False,형평성최소화_탐욕기준,0,36.0,9.314359637774903
충청남도|부여군,B01,재가노인복지시설 방문요양,충청남도,부여군,44760,2026-06-10,21.0,40.0,25.0,0.0,1.0,0.0,0.0,552.0,True,3223,88,3311,3443.0,3575,57762,25613,12293,4226,8850,방문·복지용구형,False,0.4890829694323144,비적용,False,기관존재,6.342494714587738,,166.71700392630626,6.099331977926227,,160.3252977054894,5.874125874125874,,154.4055944055944,1.7082892703164403,2.3728813559322033,163.95238095238096,6.67315445572084,True,형평성최소화_탐욕기준,0,21.0,6.099331977926227
충청남도|서산시,B01,재가노인복지시설 방문요양,충청남도,서산시,44210,2026-06-10,59.0,30.0,74.0,0.0,0.0,0.0,0.0,2015.0,True,6145,80,6225,6345.0,6465,171136,41975,18609,5961,12444,방문·복지용구형,False,0.4890829694323144,비적용,False,기관존재,9.477911646586346,,323.6947791164659,9.29866036249015,,317.57289204097714,9.126063418406806,,311.67826759474093,3.1705088935461334,4.741240758598521,107.54237288135593,6.67315445572084,False,형평성최소화_탐욕기준,0,59.0,9.29866036249015
충청남도|서천군,B01,재가노인복지시설 방문요양,충청남도,서천군,44770,2026-06-10,29.0,83.0,31.0,0.0,0.0,0.0,0.0,725.0,True,2942,89,3031,3164.5,3298,46761,20945,10411,3506,7437,방문·복지용구형,False,0.4890829694323144,비적용,False,기관존재,9.567799406136588,,239.19498515341473,9.16416495496919,,229.10412387422974,8.793208004851426,,219.83020012128563,2.785515320334262,3.8994218098695708,109.12068965517241,6.67315445572084,False,형평성최소화_탐욕기준,0,29.0,9.16416495496919
충청남도|아산시,B01,재가노인복지시설 방문요양,충청남도,아산시,44200,2026-06-10,57.0,0.0,57.0,0.0,0.0,0.0,0.0,1735.0,True,6933,57,6990,7075.5,7161,363678,59018,23699,6956,18666,방문·복지용구형,False,0.4890829694323144,비적용,False,기관존재,8.15450643776824,,248.21173104434908,8.055967776128897,,245.21235248392338,7.959782153330542,,242.2845971233068,2.4051647748850162,3.053680488588878,124.13157894736842,6.67315445572084,False,형평성최소화_탐욕기준,0,57.0,8.055967776128897
충청남도|예산군,B01,재가노인복지시설 방문요양,충청남도,예산군,44810,2026-06-10,24.0,428.0,26.0,0.0,0.0,0.0,0.0,607.0,True,3281,94,3375,3516.0,3657,78318,29283,13548,4468,9243,방문·복지용구형,False,0.4890829694323144,비적용,False,기관존재,7.111111111111112,,179.85185185185185,6.825938566552901,,172.63936291240046,6.562756357670222,,165.9830462127427,1.7714791851195748,2.596559558584875,146.5,6.67315445572084,False,형평성최소화_탐욕기준,0,24.0,6.825938566552901
충청남도|천안시,B01,재가노인복지시설 방문요양,충청남도,천안시,44131|44133,2026-06-10,90.0,0.0,84.0,0.0,0.0,0.0,0.0,2792.0,True,11957,33,11990,12039.5,12089,666182,105051,38353,10924,30856,방문·복지용구형,False,0.4890829694323144,비적용,False,기관존재,7.506255212677231,,232.86071726438698,7.4753934964076585,,231.9033182441131,7.44478451484821,,230.95375961618,2.3466221677574115,2.916774695359087,133.7722222222222,6.67315445572084,False,형평성최소화_탐욕기준,0,90.0,7.4753934964076585
충청남도|청양군,B01,재가노인복지시설 방문요양,충청남도,청양군,44790,2026-06-10,7.0,0.0,6.0,0.0,0.0,0.0,0.0,174.0,True,1360,94,1454,1595.0,1736,30051,12963,6170,2203,4309,방문·복지용구형,False,0.4890829694323144,비적용,False,기관존재,4.814305364511692,,119.66987620357635,4.38871473354232,,109.09090909090908,4.032258064516129,,100.23041474654377,1.13452188006483,1.6245068461359944,227.85714285714286,6.67315445572084,True,형평성최소화_탐욕기준,0,7.0,4.38871473354232
충청남도|태안군,B01,재가노인복지시설 방문요양,충청남도,태안군,44825,2026-06-10,21.0,5.0,15.0,0.0,0.0,0.0,0.0,406.0,True,2313,102,2415,2568.0,2721,59039,24025,11079,3204,8296,방문·복지용구형,False,0.4890829694323144,비적용,False,기관존재,8.695652173913043,,168.1159420289855,8.177570093457943,,158.09968847352025,7.717750826901874,,149.2098493201029,1.8954779312212293,2.531340405014465,122.28571428571429,6.67315445572084,False,형평성최소화_탐욕기준,0,21.0,8.177570093457943
충청남도|홍성군,B01,재가노인복지시설 방문요양,충청남도,홍성군,44800,2026-06-10,22.0,0.0,27.0,0.0,0.0,0.0,0.0,620.0,True,3902,88,3990,4122.0,4254,101566,29222,13454,4438,9328,방문·복지용구형,False,0.4890829694323144,비적용,False,기관존재,5.513784461152882,,155.38847117794487,5.337214944201844,,150.41242115477922,5.171603196991067,,145.7451810061119,1.6352014270848818,2.3584905660377355,187.36363636363637,6.67315445572084,True,형평성최소화_탐욕기준,0,22.0,5.337214944201844
충청북도|괴산군,B01,재가노인복지시설 방문요양,충청북도,괴산군,43760,2026-06-10,12.0,0.0,10.0,0.0,0.0,0.0,0.0,208.0,True,1319,110,1429,1594.0,1759,37415,16412,6859,2185,5875,방문·복지용구형,False,0.4890829694323144,비적용,False,기관존재,8.397480755773268,,145.55633310007,7.52823086574655,,130.48933500627354,6.822057987492894,,118.24900511654349,1.7495261699956262,2.0425531914893615,132.83333333333334,6.67315445572084,False,형평성최소화_탐욕기준,0,12.0,7.52823086574655
충청북도|단양군,B01,재가노인복지시설 방문요양,충청북도,단양군,43800,2026-06-10,7.0,14.0,9.0,0.0,0.0,0.0,0.0,167.0,True,876,89,965,1098.5,1232,26628,11286,4582,1306,4144,방문·복지용구형,False,0.4890829694323144,비적용,False,기관존재,7.253886010362694,,173.05699481865287,6.372325898953117,,152.0254893035958,5.681818181818182,,135.55194805194807,1.5277171540811874,1.6891891891891893,156.92857142857142,6.67315445572084,True,형평성최소화_탐욕기준,0,7.0,6.372325898953117
충청북도|보은군,B01,재가노인복지시설 방문요양,충청북도,보은군,43720,2026-06-10,10.0,0.0,15.0,0.0,0.0,0.0,0.0,377.0,True,1601,101,1702,1853.5,2005,31181,13525,6040,2117,4769,방문·복지용구형,False,0.4890829694323144,비적용,False,기관존재,5.875440658049354,,221.50411280846063,5.395198273536552,,203.39897491232801,4.987531172069826,,188.02992518703243,1.6556291390728477,2.0968756552736423,185.35,6.67315445572084,True,형평성최소화_탐욕기준,0,10.0,5.395198273536552
충청북도|영동군,B01,재가노인복지시설 방문요양,충청북도,영동군,43740,2026-06-10,10.0,80.0,15.0,0.0,0.0,0.0,0.0,303.0,True,2380,105,2485,2642.5,2800,43011,17768,7907,2438,6398,방문·복지용구형,False,0.4890829694323144,비적용,False,기관존재,4.024144869215292,,121.93158953722335,3.7842951750236518,,114.66414380321666,3.571428571428571,,108.21428571428572,1.2647021626406982,1.5629884338855893,264.25,6.67315445572084,True,형평성최소화_탐욕기준,0,10.0,3.7842951750236518
충청북도|옥천군,B01,재가노인복지시설 방문요양,충청북도,옥천군,43730,2026-06-10,12.0,0.0,15.0,0.0,0.0,0.0,0.0,460.0,True,2232,105,2337,2494.5,2652,50547,18901,8024,2510,6548,방문·복지용구형,False,0.4890829694323144,비적용,False,기관존재,5.134788189987162,,196.83354728284124,4.810583283223091,,184.40569252355183,4.524886877828055,,173.45399698340873,1.4955134596211366,1.832620647525962,207.875,6.67315445572084,True,형평성최소화_탐욕기준,0,12.0,4.810583283223091
충청북도|음성군,B01,재가노인복지시설 방문요양,충청북도,음성군,43770,2026-06-10,13.0,10.0,14.0,0.0,0.0,0.0,0.0,368.0,True,2567,81,2648,2769.5,2891,95954,26403,10169,3192,9003,방문·복지용구형,False,0.4890829694323144,비적용,False,기관존재,4.909365558912387,,138.97280966767372,4.693988084491785,,132.87597039176745,4.496713939813214,,127.29159460394327,1.2783951224309176,1.4439631234033101,213.03846153846155,6.67315445572084,True,형평성최소화_탐욕기준,0,13.0,4.693988084491785
충청북도|제천시,B01,재가노인복지시설 방문요양,충청북도,제천시,43150,2026-06-10,39.0,168.0,55.0,0.0,0.0,0.0,0.0,1125.0,True,4413,85,4498,4625.5,4753,128192,38381,15030,4366,13017,방문·복지용구형,False,0.4890829694323144,비적용,False,기관존재,8.670520231213873,,250.1111605157848,8.431520916657659,,243.21694951897092,8.205343993267409,,236.69261519040606,2.594810379241517,2.9960820465545055,118.6025641025641,6.67315445572084,False,형평성최소화_탐욕기준,0,39.0,8.431520916657659
충청북도|증평군,B01,재가노인복지시설 방문요양,충청북도,증평군,43745,2026-06-10,7.0,0.0,11.0,0.0,0.0,0.0,0.0,254.0,True,916,117,1033,1208.5,1384,36741,8781,3437,1017,3173,방문·복지용구형,False,0.4890829694323144,비적용,False,기관존재,6.7763794772507255,,245.88576960309777,5.792304509722797,,210.17790649565578,5.057803468208093,,183.52601156069366,2.0366598778004072,2.206114087614245,172.64285714285714,6.67315445572084,True,형평성최소화_탐욕기준,0,7.0,5.792304509722797
충청북도|진천군,B01,재가노인복지시설 방문요양,충청북도,진천군,43750,2026-06-10,13.0,0.0,8.0,0.0,0.0,0.0,0.0,166.0,True,1705,105,1810,1967.5,2125,85569,18464,7278,2457,5943,방문·복지용구형,False,0.4890829694323144,비적용,False,기관존재,7.18232044198895,,91.71270718232044,6.6073697585768745,,84.3710292249047,6.11764705882353,,78.11764705882352,1.7862050013740038,2.187447417129396,151.34615384615384,6.67315445572084,True,형평성최소화_탐욕기준,0,13.0,6.6073697585768745
충청북도|청주시,B01,재가노인복지시설 방문요양,충청북도,청주시,43111|43112|43113|43114,2026-06-10,159.0,89.0,137.0,0.0,0.0,0.0,0.0,3931.0,True,20499,39,20538,20596.5,20655,859571,157589,58507,16628,47494,방문·복지용구형,False,0.4890829694323144,비적용,False,기관존재,7.741747005550687,,191.4013048982374,7.719758211346588,,190.85766999247446,7.697893972403777,,190.31711450012105,2.717623532226913,3.3477912999536783,129.53773584905662,6.67315445572084,False,형평성최소화_탐욕기준,0,159.0,7.719758211346588
충청북도|충주시,B01,재가노인복지시설 방문요양,충청북도,충주시,43130,2026-06-10,50.0,16.0,52.0,0.0,0.0,0.0,0.0,1646.0,True,6294,72,6366,6474.0,6582,205978,54980,21862,6879,17685,방문·복지용구형,False,0.4890829694323144,비적용,False,기관존재,7.854225573358466,,258.56110587496073,7.723200494284831,,254.24776027185663,7.596475235490732,,250.07596475235488,2.287073460799561,2.827254735651682,129.48,6.67315445572084,False,형평성최소화_탐욕기준,0,50.0,7.723200494284831
