치매안심센터명,종류,가족교실명,운영시작일,운영종료일,운영시작시간,운영종료시간,정원,강사구분,운영회기,수료기준,보호서비스제공여부,만족도조사여부
서울특별시강남구치매안심센터,헤아림,2025년 치매가족교실 '헤아림'-2기,2025-09-11,2025-11-13,13:30,15:30,8,내부인력,10,6,N,N
서울특별시강남구치매안심센터,헤아림,2025년 치매가족교실 '헤아림'-1기,2025-08-29,2025-10-31,15:00,17:00,9,내부인력,8,6,N,Y
서울특별시강남구치매안심센터,희망다이어리,2025년 상반기 치매가족교실 '오프라인 희망다이어리ver2.0',2025-05-26,2025-07-14,14:00,16:00,10,내부인력,8,6,N,Y
서울특별시강남구치매안심센터,희망다이어리,2024년 하반기 치매가족교실 ‘오프라인 희망다이어리ver2.0’-오전반,2024-08-05,2024-09-25,09:30,11:30,7,내부인력,8,5,N,Y
서울특별시강남구치매안심센터,희망다이어리,2024년 하반기 치매가족교실 ‘오프라인 희망다이어리ver2.0’-오후반,2024-08-02,2024-09-23,13:30,15:30,7,내부인력,8,5,N,Y
서울특별시강남구치매안심센터,희망다이어리,2024년 세곡동 치매안심마을 가족교실 희망다이어리 2.0,2024-04-24,2024-06-26,09:30,11:30,7,내부인력,8,5,N,Y
서울특별시강남구치매안심센터,희망다이어리,2023년 하반기 치매가족교실 ‘오프라인 희망다이어리ver2.0’-오전반,2023-09-06,2023-10-25,09:30,11:30,5,내부인력,8,5,N,Y
서울특별시강남구치매안심센터,희망다이어리,2023년 하반기 치매가족교실 ‘오프라인 희망다이어리ver2.0’-오후반,2023-09-05,2023-10-31,14:30,16:30,5,내부인력,8,5,N,Y
서울특별시강남구치매안심센터,희망다이어리,2023년 치매가족교실 '희망다이어리ver2.0' 오프라인 프로그램,2023-06-12,2023-07-31,13:30,15:30,6,내부인력,8,5,N,Y
서울특별시강남구치매안심센터,헤아림,2023 가족교실 헤아림,2023-04-04,2023-05-23,10:00,12:00,7,내부인력,8,5,N,Y
서울특별시강남구치매안심센터,희망다이어리,2022년 치매가족교실 '희망다이어리ver2.0' 오프라인 프로그램,2022-08-29,2022-10-28,16:00,18:00,7,내부인력,8,6,N,Y
서울특별시강남구치매안심센터,헤아림,2022년 가족교실 '헤아림',2022-05-13,2022-07-08,10:00,12:00,8,내부인력,8,6,N,Y
서울특별시강남구치매안심센터,희망다이어리,2021~2022년 치매가족교실 '희망다이어리 ver2.0'_온라인 프로그램,2021-12-09,2022-02-10,14:00,16:00,6,내부인력,8,6,N,Y
서울특별시강남구치매안심센터,희망다이어리,2021년 희망다이어리 ver2.0,2021-09-03,2021-10-22,14:00,15:30,4,내부인력,8,8,N,Y
서울특별시강남구치매안심센터,기타,2021년 일상의 회복 시범운영,2021-06-25,2021-07-09,10:00,12:00,6,내부인력,4,3,Y,N
서울특별시강남구치매안심센터,헤아림,2021년 비대면 가족교실 '헤아림',2021-06-08,2021-07-27,10:00,11:00,6,내부인력,8,4,N,Y
서울특별시강남구치매안심센터,헤아림,치매가족교육 '헤아림',2019-09-10,2019-10-29,10:00,11:30,15,내부인력,8,4,Y,Y
서울특별시강남구치매안심센터,희망다이어리,치매가족교육 '희망다이어리',2019-04-02,2019-06-14,10:00,11:30,12,내부인력,11,4,Y,N
서울특별시강남구치매안심센터,헤아림,헤아림가족교실,2018-09-07,2018-10-31,14:00,15:30,15,내부인력,8,4,Y,Y
서울특별시강남구치매안심센터,희망다이어리,희망다이어리가족교실,2018-03-06,2018-05-29,14:00,15:30,10,내부인력,11,6,Y,Y
서울특별시강동구치매안심센터,희망다이어리,2025 희망다이어리2기,2025-10-10,2025-12-05,14:00,15:30,7,내부인력,8,6,N,N
서울특별시강동구치매안심센터,헤아림,2025 헤아림 2기,2025-03-31,2025-05-26,14:00,16:00,10,내부인력,8,6,Y,Y
서울특별시강동구치매안심센터,희망다이어리,2025 희망다이어리1기,2025-03-10,2025-04-28,10:00,12:00,8,내부인력,8,6,N,Y
서울특별시강동구치매안심센터,헤아림,2025 헤아림 1기,2025-02-03,2025-03-24,14:00,16:00,8,내부인력,8,6,N,Y
서울특별시강동구치매안심센터,희망다이어리,2024년 희망다이어리 3기,2024-08-14,2024-10-23,14:00,15:30,8,내부인력,11,6,N,Y
서울특별시강동구치매안심센터,희망다이어리,2024년  희망다이어리 2기,2024-03-28,2024-05-31,10:00,11:30,8,내부인력,8,6,N,Y
서울특별시강동구치매안심센터,희망다이어리,2024년 희망다이어리 1기,2024-02-20,2024-04-09,14:00,15:30,8,내부인력,8,6,N,Y
서울특별시강동구치매안심센터,헤아림,2023 헤아림,2023-08-29,2023-10-31,10:00,11:30,10,내부인력,8,6,Y,Y
서울특별시강동구치매안심센터,기타,2023 가치돌봄,2023-06-14,2023-08-11,14:00,15:30,8,내부인력,9,6,N,Y
서울특별시강동구치매안심센터,희망다이어리,2023 희망다이어리 2기,2023-06-13,2023-08-03,10:00,11:30,8,내부인력,8,6,Y,Y
서울특별시강동구치매안심센터,희망다이어리,2023 희망다이어리,2023-04-10,2023-05-31,10:00,11:30,8,내부인력,8,6,N,Y
서울특별시강동구치매안심센터,희망다이어리,2022 희망다이어리,2022-08-23,2022-10-14,10:00,11:30,6,내부인력,8,6,Y,Y
서울특별시강동구치매안심센터,헤아림,22년 헤아림,2022-06-15,2022-08-05,14:00,15:30,6,내부인력,8,6,N,Y
서울특별시강동구치매안심센터,희망다이어리,2022년 온라인 희망다이어리,2022-01-04,2022-02-25,10:00,11:20,7,내부인력,8,6,N,Y
서울특별시강동구치매안심센터,희망다이어리,21'년 희망다이어리 가족교실,2021-05-04,2021-06-22,14:00,16:00,5,내부인력,8,4,N,Y
서울특별시강동구치매안심센터,헤아림,21'년 헤아림 가족교실,2021-02-23,2021-04-13,10:00,12:00,5,내부인력,8,4,N,Y
서울특별시강동구치매안심센터,헤아림,20'년 헤아림 가족교실,2020-11-03,2020-12-22,10:00,12:00,5,내부인력,8,4,Y,Y
서울특별시강동구치매안심센터,희망다이어리,2019년 희망다이어리,2019-08-19,2019-10-21,10:00,12:00,13,내부인력,10,5,Y,Y
서울특별시강동구치매안심센터,헤아림,헤아림 가족교실 2기,2019-08-20,2019-10-08,10:00,12:00,7,내부인력,8,4,Y,Y
서울특별시강동구치매안심센터,헤아림,헤아림 가족교실 1기,2019-03-05,2019-04-23,10:00,12:00,8,내부인력,8,4,Y,Y
서울특별시강동구치매안심센터,헤아림,헤아림 가족교실 3기,2018-09-04,2018-10-30,10:00,12:00,7,내부인력,8,4,Y,Y
서울특별시강동구치매안심센터,헤아림,헤아림 가족교실 2기,2018-07-17,2018-09-04,10:00,12:00,6,내부인력,8,4,Y,Y
서울특별시강동구치매안심센터,헤아림,헤아림 가족교실 1기,2018-02-20,2018-04-10,10:00,12:00,5,내부인력,8,4,Y,Y
서울특별시강북구치매안심센터,희망다이어리,2025 희망다이어리 교육 2,2025-11-04,2025-11-28,14:00,15:00,10,내부인력,8,6,N,N
서울특별시강북구치매안심센터,희망다이어리,2025 희망다이어리 교육 1,2025-03-06,2025-04-24,14:00,15:30,6,내부인력,8,6,N,Y
서울특별시강북구치매안심센터,희망다이어리,2024 희망다이어리 교육 3,2024-10-08,2024-10-31,14:00,16:00,6,내부인력,8,6,N,Y
서울특별시강북구치매안심센터,희망다이어리,2024 희망다이어리 교육 2,2024-08-29,2024-10-24,14:00,16:00,5,내부인력,8,6,N,Y
서울특별시강북구치매안심센터,희망다이어리,2024 희망다이어리 교육 1,2024-04-04,2024-05-23,14:00,16:00,6,내부인력,8,6,N,Y
서울특별시강북구치매안심센터,헤아림,2023 헤아림2,2023-10-04,2023-10-30,14:00,17:00,5,내부인력,4,6,N,Y
서울특별시강북구치매안심센터,헤아림,2023 헤아림1,2023-09-05,2023-09-26,15:00,17:50,5,내부인력,8,6,N,Y
서울특별시강북구치매안심센터,희망다이어리,2023 오프라인 희망다이어리 ver2.0 2,2023-08-01,2023-09-19,14:00,15:30,5,내부인력,8,6,N,Y
서울특별시강북구치매안심센터,희망다이어리,2023 오프라인 희망다이어리 ver2.0 1,2023-04-04,2023-05-23,14:00,15:30,5,내부인력,8,6,N,N
서울특별시강북구치매안심센터,희망다이어리,2022 희망다이어리 ver 2.0,2022-09-22,2022-10-31,14:00,15:30,5,내부인력,8,5,N,Y
서울특별시강북구치매안심센터,헤아림,2022 헤아림,2022-06-16,2022-07-07,14:00,17:00,6,내부인력,8,5,N,Y
서울특별시강북구치매안심센터,희망다이어리,2022 온라인 희망다이어리 ver 2.0,2022-02-03,2022-03-10,14:00,16:00,4,내부인력,8,5,N,N
서울특별시강북구치매안심센터,희망다이어리,2021 희망다이어리,2021-06-08,2021-07-27,14:00,16:00,4,내부인력,8,4,N,N
서울특별시강북구치매안심센터,희망다이어리,희망다이어리,2019-07-16,2019-09-03,14:00,16:00,8,내부인력,10,5,Y,Y
서울특별시강북구치매안심센터,헤아림,두번째 헤아림,2019-05-07,2019-06-25,14:00,16:00,7,내부인력,8,4,Y,Y
서울특별시강북구치매안심센터,헤아림,첫 번째 헤아림,2019-02-26,2019-04-16,14:00,16:00,11,내부인력,8,4,Y,Y
서울특별시강북구치매안심센터,희망다이어리,두번째 희망다이어리,2018-05-30,2018-07-18,14:00,16:00,8,내부인력,10,5,Y,Y
서울특별시강북구치매안심센터,헤아림,헤아림,2018-09-07,2018-10-26,14:00,16:00,5,내부인력,8,4,Y,Y
서울특별시강북구치매안심센터,희망다이어리,첫번째 희망다이어리,2018-02-21,2018-05-02,14:00,16:00,10,내부인력,10,5,Y,Y
서울특별시강서구치매안심센터,헤아림,헤아림 16기(MCI),2025-09-03,2025-09-26,14:30,16:30,10,내부인력,8,6,N,Y
서울특별시강서구치매안심센터,일상의 회복,일상의 회복 6기,2025-06-20,2025-07-11,14:30,16:30,10,내부인력,4,3,N,Y
서울특별시강서구치매안심센터,희망다이어리,희망다이어리 25기,2025-04-18,2025-06-13,14:00,16:00,10,내부인력,9,6,N,Y
서울특별시강서구치매안심센터,헤아림,헤아림 15기,2025-02-21,2025-04-11,14:30,16:30,10,내부인력,8,6,N,Y
서울특별시강서구치매안심센터,일상의 회복,일상의 회복 5기,2024-07-17,2024-08-07,14:30,16:00,10,내부인력,4,3,N,Y
서울특별시강서구치매안심센터,희망다이어리,희망다이어리 24기,2024-05-22,2024-07-10,14:30,16:30,10,내부인력,8,6,N,Y
서울특별시강서구치매안심센터,희망다이어리,희망다이어리 23기,2024-05-10,2024-06-28,13:30,15:30,10,내부인력,8,6,N,Y
서울특별시강서구치매안심센터,헤아림,헤아림 14기,2024-03-08,2024-04-26,13:30,15:30,11,내부인력,8,6,N,Y
서울특별시강서구치매안심센터,헤아림,헤아림 13기,2024-03-06,2024-05-08,14:30,16:30,10,내부인력,8,6,N,Y
서울특별시강서구치매안심센터,기타,2023토닥토닥 10기,2023-10-30,2023-10-30,00:00,00:00,12,내부인력,1,1,Y,Y
서울특별시강서구치매안심센터,기타,2023토닥토닥 9기,2023-09-13,2023-09-13,00:00,00:00,15,내부인력,1,1,Y,Y
서울특별시강서구치매안심센터,기타,2023 토닥토닥 8기,2023-08-23,2023-08-23,00:00,00:00,15,내부인력,1,1,N,Y
서울특별시강서구치매안심센터,일상의 회복,2023년 일상의 회복 2기,2023-08-11,2023-09-01,14:00,14:00,5,내부인력,4,2,Y,Y
서울특별시강서구치매안심센터,기타,단계별치매환자돌봄을위한 가족프로그램(실험군),2023-07-21,2023-09-08,13:30,15:30,9,내부인력,8,6,N,N
서울특별시강서구치매안심센터,기타,2023 토닥토닥 7기,2023-07-19,2023-07-19,00:00,00:00,10,내부인력,1,1,Y,Y
서울특별시강서구치매안심센터,기타,2023 토닥토닥 6기,2023-06-28,2023-06-28,00:00,00:00,6,내부인력,1,1,Y,Y
서울특별시강서구치매안심센터,기타,2023 토닥토닥 5기,2023-05-17,2023-05-17,00:00,00:00,9,내부인력,1,1,Y,Y
서울특별시강서구치매안심센터,희망다이어리,22기 희망다이어리,2023-05-12,2023-06-30,13:30,15:30,7,내부인력,8,6,N,N
서울특별시강서구치매안심센터,일상의 회복,2023년 일상의회복 1기,2023-04-17,2023-05-15,13:30,15:30,5,내부인력,4,2,Y,Y
서울특별시강서구치매안심센터,기타,2023토닥토닥 4기,2023-04-19,2023-04-19,00:00,00:00,10,내부인력,1,1,N,Y
서울특별시강서구치매안심센터,기타,2023 토닥토닥 3기,2023-03-22,2023-03-22,00:00,00:00,6,내부인력,1,1,Y,Y
서울특별시강서구치매안심센터,헤아림,헤아림 12기 (등촌3동),2023-02-17,2023-04-07,14:00,16:00,8,내부인력,8,6,N,Y
서울특별시강서구치매안심센터,기타,2023 토닥토닥 2기,2023-02-15,2023-02-15,15:30,17:30,14,내부인력,1,1,Y,Y
서울특별시강서구치매안심센터,희망다이어리,21기 희망다이어리(등촌3동),2023-02-13,2023-04-03,14:00,16:00,7,내부인력,8,6,Y,N
서울특별시강서구치매안심센터,기타,2023 토닥토닥 1기,2023-01-18,2023-01-18,00:00,00:00,13,내부인력,1,1,Y,Y
서울특별시강서구치매안심센터,일상의 회복,2022 일상의 회복 2기,2022-11-25,2022-12-23,11:00,13:00,5,내부인력,5,3,Y,Y
서울특별시강서구치매안심센터,희망다이어리,20기 희망다이어리(등촌3동),2022-08-25,2022-09-22,14:00,16:00,5,내부인력,8,4,Y,Y
서울특별시강서구치매안심센터,기타,2022 토닥토닥 4기,2022-07-20,2022-07-20,15:30,17:00,8,내부인력,1,1,Y,Y
서울특별시강서구치매안심센터,기타,2022 토닥토닥 3기,2022-05-25,2022-05-25,00:00,00:00,18,내부인력,1,1,Y,Y
서울특별시강서구치매안심센터,기타,2022 토닥토닥 2기,2022-04-27,2022-04-27,15:00,16:30,11,내부인력,1,1,Y,N
서울특별시강서구치매안심센터,기타,2022 일상의 회복 1기,2022-04-13,2022-05-04,15:00,17:00,5,내부인력,4,3,Y,Y
서울특별시강서구치매안심센터,기타,2022 토닥토닥 1기,2022-03-30,2022-03-30,15:00,16:30,11,내부인력,1,1,Y,Y
서울특별시강서구치매안심센터,헤아림,헤아림11기,2022-04-01,2022-05-27,15:00,16:00,5,내부인력,8,6,Y,Y
서울특별시강서구치매안심센터,희망다이어리,온라인희망다이어리19기,2022-01-05,2022-02-18,14:00,15:30,8,내부인력,14,4,N,Y
서울특별시강서구치매안심센터,휴식공간,아이러브우드캠페인-산림청,2021-06-16,2021-06-18,10:00,11:30,15,내부인력,1,1,N,N
서울특별시강서구치매안심센터,기타,온라인토닥토닥3회,2021-09-24,2021-09-28,16:00,16:40,30,내부인력,1,1,N,N
서울특별시강서구치매안심센터,기타,온라인 토닥토닥2기,2021-09-09,2021-09-09,17:00,17:40,60,내부인력,1,1,N,N
서울특별시강서구치매안심센터,기타,온라인 토닥토닥 1기,2021-08-27,2021-08-31,12:00,13:00,20,내부인력,1,1,N,N
서울특별시강서구치매안심센터,희망다이어리,온라인희망다이어리18기,2021-07-06,2021-08-05,14:00,15:30,8,내부인력,8,4,N,Y
서울특별시강서구치매안심센터,휴식공간,토닥토닥3기,2021-06-23,2021-06-28,16:00,18:00,13,내부인력,1,1,Y,Y
서울특별시강서구치매안심센터,휴식공간,토닥토닥2기,2021-06-11,2021-06-11,16:00,17:00,10,내부인력,1,1,Y,Y
서울특별시강서구치매안심센터,기타,2021 일상의 회복 시범 운영,2021-05-27,2021-06-18,09:30,11:30,5,내부인력,4,3,Y,N
서울특별시강서구치매안심센터,휴식공간,토닥토닥1기,2021-05-24,2021-05-24,16:00,17:00,20,내부인력,1,1,Y,Y
서울특별시강서구치매안심센터,희망다이어리,희망다이어리17기,2021-05-12,2021-07-28,13:30,15:30,5,내부인력,8,4,Y,Y
서울특별시강서구치매안심센터,헤아림,21헤아림10기,2021-02-17,2021-04-28,13:30,15:30,8,내부인력,11,4,N,Y
서울특별시강서구치매안심센터,희망다이어리,희망다이어리16기-시범교육,2020-11-05,2020-12-18,09:30,11:30,10,내부인력,8,4,N,N
서울특별시강서구치매안심센터,헤아림,헤아림 9기,2020-01-16,2020-09-15,13:30,15:30,15,내부인력,35,4,N,Y
서울특별시강서구치매안심센터,희망다이어리,희망다이어리 15기,2019-10-10,2019-12-12,13:30,15:20,12,내부인력,10,5,Y,Y
서울특별시강서구치매안심센터,헤아림,헤아림8기,2019-07-18,2019-09-12,13:30,15:30,12,내부인력,1,4,Y,N
서울특별시강서구치매안심센터,희망다이어리,희망다이어리 14기,2019-04-18,2019-07-11,13:30,15:20,12,내부인력,10,5,Y,Y
서울특별시강서구치매안심센터,휴식공간,토닥토닥,2019-03-25,2019-12-31,14:00,16:00,100,내부인력,10,1,Y,N
서울특별시강서구치매안심센터,헤아림,헤아림7기,2019-02-21,2019-04-11,13:30,15:30,12,내부인력,8,4,Y,Y
서울특별시강서구치매안심센터,헤아림,헤아림6기,2018-10-30,2018-12-18,14:00,15:00,12,내부인력,8,5,Y,Y
서울특별시강서구치매안심센터,희망다이어리,희망다이어리 13기,2018-07-17,2018-09-18,14:00,15:00,12,내부인력,10,7,Y,Y
서울특별시강서구치매안심센터,헤아림,헤아림5기,2018-04-17,2018-07-03,13:30,14:30,12,내부인력,10,7,Y,Y
서울특별시강서구치매안심센터,희망다이어리,희망다이어리 12기,2018-02-06,2018-04-10,13:30,14:30,12,내부인력,10,7,Y,N
서울특별시관악구치매안심센터,희망다이어리,2025 하반기 희망다이어리 가족교육,2025-09-10,2025-11-05,14:00,15:30,10,내부인력,8,6,N,N
서울특별시관악구치매안심센터,헤아림,2025년 하반기 헤아림 가족교실,2025-08-06,2025-09-24,10:00,12:00,15,내부인력,8,6,Y,Y
서울특별시관악구치매안심센터,헤아림,2025년 상반기 헤아림 가족교실,2025-04-01,2025-05-27,14:00,16:00,8,내부인력,8,6,N,Y
서울특별시관악구치매안심센터,희망다이어리,2024 하반기 희망다이어리 가족교육,2024-08-28,2024-10-30,14:00,15:30,8,내부인력,8,6,N,Y
서울특별시관악구치매안심센터,헤아림,2024년 하반기 헤아림 가족교실,2024-08-07,2024-08-28,09:00,12:00,9,내부인력,8,6,N,Y
서울특별시관악구치매안심센터,헤아림,2024년 상반기 헤아림 가족교실,2024-05-07,2024-06-25,10:00,12:00,9,내부인력,8,6,N,Y
서울특별시관악구치매안심센터,희망다이어리,2024 상반기 희망다이어리 가족교육,2024-04-24,2024-06-19,14:00,15:30,10,내부인력,8,6,N,Y
서울특별시관악구치매안심센터,희망다이어리,희망다이어리 ver2.0(하반기),2023-09-12,2023-10-12,14:00,15:30,9,내부인력,8,7,N,Y
서울특별시관악구치매안심센터,헤아림,2023 하반기 헤아림 가족교실,2023-08-17,2023-09-07,13:20,16:00,9,내부인력,8,6,N,Y
서울특별시관악구치매안심센터,헤아림,2023 상반기 헤아림 가족교실,2023-06-01,2023-07-20,10:00,12:00,7,내부인력,8,6,N,Y
서울특별시관악구치매안심센터,희망다이어리,희망다이어리 ver2.0(상반기),2023-05-12,2023-06-30,14:00,15:30,8,내부인력,8,7,N,Y
서울특별시관악구치매안심센터,헤아림,2022 헤아림가족교실,2022-05-20,2022-07-08,13:30,15:30,8,내부인력,8,6,Y,Y
서울특별시관악구치매안심센터,희망다이어리,희망다이어리ver2.0,2022-03-18,2022-05-06,13:30,15:00,7,내부인력,8,7,Y,Y
서울특별시관악구치매안심센터,희망다이어리,온라인희망다이어리 ver2.0,2022-01-11,2022-02-11,14:00,15:30,7,내부인력,8,7,Y,N
서울특별시관악구치매안심센터,희망다이어리,희망다이어리ver2.0,2021-08-24,2021-10-19,14:00,15:30,4,내부인력,8,7,N,Y
서울특별시관악구치매안심센터,헤아림,헤아림가족교실,2021-08-27,2021-10-22,13:30,15:30,4,내부인력,8,6,Y,Y
서울특별시관악구치매안심센터,희망다이어리,2019 하반기 희망다이어리,2019-10-08,2019-12-03,13:30,15:30,10,내부인력,10,7,Y,N
서울특별시관악구치매안심센터,헤아림,2019. 헤아림 하반기,2019-08-13,2019-10-01,13:30,15:30,10,내부인력,8,6,Y,Y
서울특별시관악구치매안심센터,희망다이어리,2019 상반기 희망다이어리,2019-05-07,2019-07-09,13:30,15:30,12,내부인력,10,7,Y,Y
서울특별시관악구치매안심센터,헤아림,2019 헤아림 상반기,2019-03-12,2019-05-07,13:30,15:30,13,내부인력,8,4,Y,Y
서울특별시관악구치매안심센터,헤아림,2018 헤아림 상반기,2018-03-06,2018-04-24,14:30,16:30,9,내부인력,8,4,Y,N
서울특별시관악구치매안심센터,헤아림,2018 헤아림 하반기,2018-09-04,2018-11-06,14:30,16:30,9,내부인력,8,6,Y,Y
서울특별시관악구치매안심센터,희망다이어리,상반기 희망다이어리,2018-03-19,2018-05-28,13:00,14:30,12,내부인력,10,7,Y,Y
서울특별시광진구치매안심센터,가치돌봄(집중),2025 자양동 치매안심마을 가치돌봄(1차),2025-09-03,2025-10-29,14:00,15:30,10,내부인력,8,6,N,N
서울특별시광진구치매안심센터,희망다이어리,2025 자양동 치매안심마을 오프라인 희망다이어리 (1차),2025-03-18,2025-05-13,09:30,11:30,10,내부인력,8,6,N,Y
서울특별시광진구치매안심센터,희망다이어리,2024 중곡동 치매안심마을 오프라인 희망다이어리 (3차),2024-08-27,2024-10-29,14:00,16:00,12,내부인력,8,6,N,Y
서울특별시광진구치매안심센터,희망다이어리,2024 자양동 치매안심마을 오프라인 희망다이어리 (2차),2024-06-19,2024-08-07,09:30,11:30,13,내부인력,8,6,N,Y
서울특별시광진구치매안심센터,희망다이어리,2024 중곡동 치매안심마을 오프라인 희망다이어리 (1차),2024-04-02,2024-05-21,14:00,16:00,11,내부인력,8,6,N,Y
서울특별시광진구치매안심센터,희망다이어리,2023 중곡동 치매안심마을 오프라인 희망다이어리(3차),2023-08-10,2023-10-05,14:00,16:00,12,내부인력,8,6,N,N
서울특별시광진구치매안심센터,희망다이어리,23년 자양동 치매안심마을 오프라인 희망다이어리 (2차),2023-05-17,2023-07-05,09:30,11:00,10,내부인력,8,5,N,Y
서울특별시광진구치매안심센터,기타,23년 자양동 치매안심마을 신규가족을 위한 희망네비게이션 1차,2023-05-12,2023-05-12,09:30,11:30,10,내부인력,1,1,N,N
서울특별시광진구치매안심센터,희망다이어리,2023 자양동 치매안심마을 오프라인 희망다이어리 (1차),2023-02-02,2023-03-23,14:00,16:00,10,내부인력,9,6,N,N
서울특별시광진구치매안심센터,기타,22년 자양동 치매안심마을 신규가족을 위한 희망네비게이션 3차,2022-09-20,2022-09-20,14:30,16:30,4,내부인력,1,1,N,N
서울특별시광진구치매안심센터,희망다이어리,22년 중곡동 치매안심마을 희망다이어리 교육 (오프라인),2022-08-30,2022-10-18,14:00,16:00,8,내부인력,8,6,Y,N
서울특별시광진구치매안심센터,기타,22년 중곡동 치매안심마을 희망메신저(YOUYOU),2022-08-01,2022-10-31,15:00,16:30,1,내부인력,12,10,Y,Y
서울특별시광진구치매안심센터,기타,22년 신규가족을 위한 희망네비게이션 2차,2022-06-24,2022-07-15,17:00,18:00,10,내부인력,4,1,N,N
서울특별시광진구치매안심센터,희망다이어리,광진구 희망다이어리 교육(온라인),2022-05-24,2022-06-24,14:00,16:00,10,내부인력,10,4,Y,N
서울특별시광진구치매안심센터,기타,22년 자양동 치매안심마을 신규가족을 위한 희망네비게이션,2022-05-04,2022-05-11,00:00,00:00,10,내부인력,1,1,N,N
서울특별시광진구치매안심센터,기타,중곡동 치매안심마을 보호자맞춤형 일대일 프로그램(YOU YOU),2022-03-29,2022-06-14,14:00,15:00,1,내부인력,12,10,Y,Y
서울특별시광진구치매안심센터,희망다이어리,광진구 희망다이어리 교육(온라인),2021-12-16,2022-02-03,10:00,12:00,10,내부인력,8,4,Y,N
서울특별시광진구치매안심센터,기타,신규치매가족교육프로그램 ' 희망네비게이션',2021-01-01,2021-12-31,09:00,18:00,15,내부인력,3,1,N,N
서울특별시광진구치매안심센터,희망다이어리,광진구 희망다이어리 교육,2021-05-13,2021-07-01,14:00,16:00,6,내부인력,8,4,Y,N
서울특별시광진구치매안심센터,헤아림,광진구 헤아림 교육,2021-01-26,2021-03-16,14:00,16:00,6,내부인력,8,6,Y,N
서울특별시광진구치매안심센터,희망다이어리,광진구 희망다이어리 가족교실,2019-07-18,2019-08-23,16:00,17:00,9,내부인력,10,7,Y,Y
서울특별시광진구치매안심센터,헤아림,광진구 헤아림 가족교실,2019-05-08,2019-05-31,15:30,17:30,7,내부인력,8,6,Y,Y
서울특별시광진구치매안심센터,희망다이어리,광진구 희망다이어리 가족교실,2018-08-02,2018-08-31,16:00,17:30,7,내부인력,10,7,Y,Y
서울특별시광진구치매안심센터,헤아림,광진구 헤아림 가족교실,2018-06-11,2018-07-03,10:00,12:00,7,내부인력,8,6,Y,Y
서울특별시구로구치매안심센터,헤아림,2025년 헤아림가족교실 2기,2025-09-08,2025-09-29,13:00,16:00,8,내부인력,8,6,Y,Y
서울특별시구로구치매안심센터,헤아림,2025년 헤아림 가족 교실 1기,2025-05-12,2025-06-30,13:30,15:00,8,내부인력,8,6,N,Y
서울특별시구로구치매안심센터,희망다이어리,2025년 희망다이어리 가족교실 1기,2025-02-17,2025-04-14,13:30,15:00,6,내부인력,8,6,N,Y
서울특별시구로구치매안심센터,희망다이어리,2024년 희망다이어리 3기 가족교실,2024-07-10,2024-08-28,14:00,15:30,8,내부인력,8,6,N,Y
서울특별시구로구치매안심센터,희망다이어리,2024년 희망다이어리 2기 가족교실,2024-05-02,2024-05-23,13:00,16:00,8,내부인력,8,6,Y,Y
서울특별시구로구치매안심센터,희망다이어리,2024년 희망다이어리 가족교육,2024-02-22,2024-04-11,13:30,15:00,8,내부인력,8,6,N,Y
서울특별시구로구치매안심센터,헤아림,2023년 헤아림 가족교실 2기,2023-09-14,2023-10-12,13:00,16:00,8,내부인력,8,6,N,Y
서울특별시구로구치매안심센터,희망다이어리,2023년 희망다이어리 2기 가족 교육,2023-06-22,2023-07-20,13:00,15:00,8,내부인력,8,6,N,N
서울특별시구로구치매안심센터,희망다이어리,2023년 희망다이어리 가족 교육,2023-04-13,2023-06-08,13:30,15:30,8,내부인력,8,6,N,Y
서울특별시구로구치매안심센터,헤아림,2023년 헤아림 가족교실,2023-02-01,2023-03-29,13:30,15:30,8,내부인력,8,6,N,Y
서울특별시구로구치매안심센터,희망다이어리,희망다이어리2.0,2022-07-13,2022-08-31,13:00,15:00,8,내부인력,8,6,N,N
서울특별시구로구치매안심센터,헤아림,2022년 헤아림 가족교실,2022-04-13,2022-06-08,13:00,15:00,5,내부인력,8,6,N,Y
서울특별시구로구치매안심센터,희망다이어리,2022 희망다이어리(온라인),2022-01-25,2022-02-22,14:00,15:30,9,내부인력,8,6,Y,Y
서울특별시구로구치매안심센터,희망다이어리,2021년 희망다이어리,2021-08-24,2021-10-19,14:00,15:30,5,내부인력,8,5,N,Y
서울특별시구로구치매안심센터,헤아림,2021년 헤아림,2021-04-20,2021-06-08,14:00,15:30,10,내부인력,8,5,N,Y
서울특별시구로구치매안심센터,헤아림,2020년 헤아림,2020-09-21,2020-10-19,14:00,16:00,7,내부인력,8,6,N,Y
서울특별시구로구치매안심센터,헤아림,2019헤아림2기,2019-08-23,2019-10-18,10:00,12:00,10,내부인력,8,6,Y,N
서울특별시구로구치매안심센터,희망다이어리,희망다이어리,2019-04-17,2019-06-26,14:00,16:00,15,내부인력,10,7,Y,N
서울특별시구로구치매안심센터,헤아림,2019헤아림1기,2019-03-08,2019-04-26,10:00,12:00,10,내부인력,8,6,Y,Y
서울특별시구로구치매안심센터,헤아림,헤아림,2018-08-29,2018-10-31,13:30,15:30,10,내부인력,8,7,Y,Y
서울특별시구로구치매안심센터,희망다이어리,희망다이어리,2018-04-04,2018-06-20,10:00,11:30,15,내부인력,10,7,Y,Y
서울특별시금천구치매안심센터,희망다이어리,(2025) 희망다이어리,2025-09-05,2025-11-07,13:00,15:00,12,내부인력,8,6,Y,N
서울특별시금천구치매안심센터,일상의 회복,(2025) 일상의 회복,2025-06-27,2025-07-25,13:00,15:00,12,내부인력,5,3,Y,N
서울특별시금천구치매안심센터,헤아림,(2025) 헤아림,2025-03-06,2025-04-24,13:00,15:00,15,내부인력,8,7,N,Y
서울특별시금천구치매안심센터,일상의 회복,(2024) 일상의 회복 B,2024-08-01,2024-09-05,15:00,17:00,15,내부인력,4,3,N,Y
서울특별시금천구치매안심센터,일상의 회복,(2024) 일상의 회복 A,2024-08-01,2024-09-05,13:00,15:00,15,내부인력,4,3,N,Y
서울특별시금천구치매안심센터,헤아림,(2024) 헤아림,2024-05-30,2024-07-25,13:00,15:00,13,내부인력,8,6,Y,Y
서울특별시금천구치매안심센터,희망다이어리,(2024) 희망다이어리 B,2024-02-15,2024-04-04,15:00,17:00,12,내부인력,8,6,Y,Y
서울특별시금천구치매안심센터,희망다이어리,(2024) 희망다이어리 A,2024-02-15,2024-04-04,13:00,15:00,13,내부인력,8,6,N,Y
서울특별시금천구치매안심센터,희망다이어리,(2023) 희망다이어리,2023-08-17,2023-10-12,13:00,15:00,13,내부인력,8,6,Y,Y
서울특별시금천구치매안심센터,기타,(2023) 가치돌봄,2023-06-15,2023-08-03,13:00,15:00,15,내부인력,8,6,N,Y
서울특별시금천구치매안심센터,희망다이어리,(2023) On-line 희망다이어리,2023-05-31,2023-07-19,13:00,15:00,15,내부인력,8,6,N,Y
서울특별시금천구치매안심센터,일상의 회복,(2023)일상의 회복,2023-04-20,2023-05-11,13:00,15:00,9,내부인력,4,4,Y,Y
서울특별시금천구치매안심센터,헤아림,(2023) 헤아림,2023-02-09,2023-03-30,13:00,15:00,10,내부인력,8,6,Y,Y
서울특별시금천구치매안심센터,희망다이어리,(2022)희망다이어리Ver 2.0,2022-08-25,2022-10-13,13:00,15:00,12,내부인력,8,4,N,Y
서울특별시금천구치매안심센터,일상의 회복,(2022) 일상의 회복,2022-07-22,2022-08-12,13:00,15:00,12,내부인력,4,2,N,Y
서울특별시금천구치매안심센터,헤아림,(2022)헤아림,2022-05-12,2022-06-30,13:00,15:00,10,내부인력,8,4,N,Y
서울특별시금천구치매안심센터,희망다이어리,희망다이어리 온라인 프로그램(일반과정),2022-01-18,2022-02-17,13:00,15:00,6,내부인력,2,4,Y,Y
서울특별시금천구치매안심센터,희망다이어리,희망다이어리 기본과정,2021-10-21,2021-10-28,13:00,15:00,7,내부인력,2,1,Y,N
서울특별시금천구치매안심센터,희망다이어리,희망다이어리 일반과정,2021-07-01,2021-10-14,13:00,15:00,9,내부인력,16,5,Y,N
서울특별시금천구치매안심센터,기타,2021년 일상의 회복 시범운영,2021-06-03,2021-06-24,13:30,15:30,7,내부인력,4,3,Y,N
서울특별시금천구치매안심센터,헤아림,헤아림,2021-04-01,2021-05-20,13:00,15:00,11,내부인력,8,4,Y,N
서울특별시금천구치매안심센터,희망다이어리,희망다이어리,2020-08-06,2020-10-30,15:00,16:30,20,내부인력,12,5,Y,Y
서울특별시금천구치매안심센터,헤아림,헤아림,2020-08-06,2020-10-30,15:00,16:30,20,내부인력,8,4,Y,Y
서울특별시금천구치매안심센터,헤아림,헤아림B,2019-06-20,2019-08-29,14:00,16:00,20,내부인력,8,4,Y,Y
서울특별시금천구치매안심센터,헤아림,헤아림A,2019-06-20,2019-08-29,14:00,16:00,20,내부인력,8,4,Y,Y
서울특별시금천구치매안심센터,희망다이어리,희망다이어리 가족교실,2019-02-21,2019-05-16,14:00,16:00,30,내부인력,10,5,Y,Y
서울특별시금천구치매안심센터,헤아림,헤아림,2018-05-15,2018-07-10,13:00,15:00,15,내부인력,8,6,Y,N
서울특별시금천구치매안심센터,희망다이어리,희망다이어리,2018-03-14,2018-05-16,13:00,15:00,10,내부인력,10,8,Y,N
서울특별시노원구치매안심센터,헤아림,2025년 가족교육-헤아림(2기),2025-10-14,2025-12-02,14:00,15:30,10,내부인력,8,4,N,N
서울특별시노원구치매안심센터,희망다이어리,2025년 희망다이어리,2025-05-13,2025-07-08,14:00,15:30,10,내부인력,8,4,N,Y
서울특별시노원구치매안심센터,헤아림,2025년 헤아림 1기,2025-03-04,2025-04-22,14:00,15:30,10,내부인력,8,4,Y,Y
서울특별시노원구치매안심센터,희망다이어리,2024년 희망다이어리(2기),2024-09-03,2024-10-29,13:30,15:30,7,내부인력,8,6,N,Y
서울특별시노원구치매안심센터,희망다이어리,2024년 희망다이어리(1기),2024-05-21,2024-07-09,14:00,15:30,6,내부인력,8,6,N,Y
서울특별시노원구치매안심센터,헤아림,2024년 헤아림(MCI 가족 대상),2024-05-20,2024-07-08,14:00,16:00,8,내부인력,8,6,Y,Y
서울특별시노원구치매안심센터,헤아림,24년 헤아림,2024-03-11,2024-04-29,14:00,15:40,10,내부인력,8,6,N,Y
서울특별시노원구치매안심센터,희망다이어리,2023년 희망다이어리 하반기,2023-09-05,2023-10-31,14:00,15:30,7,내부인력,8,6,N,Y
서울특별시노원구치매안심센터,기타,단계별 치매환자 돌봄을 위한 가족프로그램(실험군),2023-07-04,2023-07-25,13:30,16:30,6,내부인력,8,6,N,Y
서울특별시노원구치매안심센터,기타,[마음치유 봄처럼] 기억을 우려내는 예술 찻집,2023-06-08,2023-09-14,09:30,11:30,11,내부인력,14,10,Y,Y
서울특별시노원구치매안심센터,일상의 회복,2023년 일상의 회복,2023-05-11,2023-06-01,10:00,11:30,9,내부인력,4,3,Y,Y
서울특별시노원구치매안심센터,희망다이어리,2023년 희망다이어리,2023-05-02,2023-06-27,14:00,15:30,9,내부인력,8,6,N,Y
서울특별시노원구치매안심센터,헤아림,23년 헤아림,2023-03-07,2023-04-25,14:00,16:00,7,내부인력,8,6,N,Y
서울특별시노원구치매안심센터,일상의 회복,"일상의회복, 더하기",2022-10-04,2022-11-04,15:00,17:00,8,외부인력,10,4,N,Y
서울특별시노원구치매안심센터,희망다이어리,2022 희망다이어리,2022-07-05,2022-07-28,15:00,16:00,8,내부인력,8,4,N,Y
서울특별시노원구치매안심센터,헤아림,2022 헤아림,2022-03-16,2022-05-04,15:00,16:00,6,내부인력,8,4,N,Y
서울특별시노원구치매안심센터,희망다이어리,2022 희망다이어리(온라인),2022-01-12,2022-02-10,10:00,11:00,6,내부인력,8,4,N,Y
서울특별시노원구치매안심센터,희망다이어리,2021년 희망다이어리,2021-06-29,2021-08-17,14:00,16:00,8,내부인력,8,4,Y,Y
서울특별시노원구치매안심센터,기타,2021년 일상의 회복 시범운영,2021-05-25,2021-06-15,14:00,16:00,6,내부인력,4,3,Y,N
서울특별시노원구치매안심센터,헤아림,2021년 헤아림,2021-03-23,2021-05-11,14:00,16:00,8,내부인력,8,4,Y,Y
서울특별시노원구치매안심센터,헤아림,2020 헤아림,2020-10-28,2020-12-16,14:00,15:00,10,내부인력,8,5,Y,N
서울특별시노원구치매안심센터,희망다이어리,2019년 희망다이어리 (하반기),2019-08-14,2019-10-16,14:00,16:00,10,내부인력,10,5,Y,N
서울특별시노원구치매안심센터,헤아림,2019년 헤아림 (공릉보건지소),2019-08-19,2019-10-07,10:00,12:00,5,내부인력,8,4,Y,Y
서울특별시노원구치매안심센터,헤아림,2019 헤아림,2019-06-26,2019-08-14,14:00,16:00,9,내부인력,8,4,Y,Y
서울특별시노원구치매안심센터,희망다이어리,2019 희망다이어리,2019-04-10,2019-06-12,14:00,15:30,10,내부인력,10,5,Y,N
서울특별시노원구치매안심센터,희망다이어리,2018 희망다이어리,2018-04-25,2018-07-11,13:30,15:00,10,내부인력,10,5,Y,N
서울특별시노원구치매안심센터,헤아림,2018 헤아림,2018-08-29,2018-10-31,13:30,15:30,8,내부인력,8,4,Y,Y
서울특별시도봉구치매안심센터,헤아림,2025년 하반기 헤아림가족교실(본소),2025-10-17,2025-12-05,14:00,16:00,11,내부인력,8,6,N,N
서울특별시도봉구치매안심센터,헤아림,2025년 하반기 헤아림(분소),2025-10-21,2025-12-09,14:00,16:00,10,내부인력,8,6,N,N
서울특별시도봉구치매안심센터,헤아림,2025년 상반기 헤아림 가족교실,2025-06-11,2025-07-30,10:00,12:00,10,내부인력,8,4,N,Y
서울특별시도봉구치매안심센터,희망다이어리,2025년 상반기 희망다이어리,2025-04-08,2025-06-10,14:00,16:00,10,내부인력,10,6,N,N
서울특별시도봉구치매안심센터,가치돌봄(집중),2025년 가치돌봄,2025-02-14,2025-04-04,14:00,16:00,10,내부인력,8,6,N,Y
서울특별시도봉구치매안심센터,헤아림,2024년 하반기 헤아림,2024-11-05,2024-12-24,14:00,16:00,10,내부인력,8,6,Y,Y
서울특별시도봉구치매안심센터,희망다이어리,2024년 하반기 희망다이어리II,2024-11-04,2024-12-23,14:00,16:00,15,내부인력,8,6,N,Y
서울특별시도봉구치매안심센터,희망다이어리,2024년 하반기 희망다이어리,2024-06-11,2024-07-30,10:00,12:00,15,내부인력,8,6,N,Y
서울특별시도봉구치매안심센터,헤아림,2024 상반기 헤아림,2024-05-07,2024-06-25,10:00,12:00,15,내부인력,8,6,N,Y
서울특별시도봉구치매안심센터,희망다이어리,2024 상반기 희망다이어리,2024-02-13,2024-04-02,10:00,12:00,15,내부인력,8,6,N,Y
서울특별시도봉구치매안심센터,헤아림,2023 헤아림(하반기),2023-11-03,2023-12-22,13:30,15:30,15,내부인력,8,6,N,Y
서울특별시도봉구치매안심센터,희망다이어리,2023년 희망다이어리교실(하반기),2023-06-30,2023-09-01,13:00,15:00,10,내부인력,10,6,N,N
서울특별시도봉구치매안심센터,기타,일상의 회복,2023-07-07,2023-08-04,10:00,12:00,10,내부인력,5,3,N,Y
서울특별시도봉구치매안심센터,희망다이어리,2023년 희망다이어리교실(상반기),2023-04-28,2023-06-23,13:00,15:00,10,내부인력,8,6,N,Y
서울특별시도봉구치매안심센터,헤아림,2023 헤아림,2023-04-28,2023-06-23,10:00,12:00,10,내부인력,8,6,N,N
서울특별시도봉구치매안심센터,희망다이어리,2022년 하반기 희망다이어리 가족교실,2022-08-10,2022-09-28,10:00,12:00,9,내부인력,8,6,N,Y
서울특별시도봉구치매안심센터,헤아림,2022년 헤아림 가족교실,2022-06-08,2022-07-27,10:00,12:00,8,내부인력,8,6,N,Y
서울특별시도봉구치매안심센터,희망다이어리,2022 온라인 희망다이어리 가족교실,2021-12-29,2022-02-23,10:00,12:00,11,내부인력,8,4,N,Y
서울특별시도봉구치매안심센터,희망다이어리,2021 하반기 희망다이어리 가족교실,2021-08-18,2021-10-13,10:00,12:00,10,내부인력,8,4,N,N
서울특별시도봉구치매안심센터,헤아림,2021 헤아림 가족교실,2021-04-28,2021-06-30,10:00,12:00,9,내부인력,8,4,N,Y
서울특별시도봉구치매안심센터,희망다이어리,2021 상반기 희망다이어리 가족교실,2021-02-03,2021-04-21,10:00,12:00,15,내부인력,10,5,N,Y
서울특별시도봉구치매안심센터,헤아림,2020하반기 헤아림 가족교실,2020-07-20,2020-10-30,13:00,15:00,10,내부인력,8,4,Y,Y
서울특별시도봉구치매안심센터,헤아림,2020상반기 헤아림 가족교실,2020-02-17,2020-02-24,10:00,12:00,8,내부인력,2,4,Y,N
서울특별시도봉구치매안심센터,희망다이어리,2019년 희망다이어리 가족교육,2019-03-27,2019-06-05,10:00,12:00,12,내부인력,10,8,Y,N
서울특별시도봉구치매안심센터,헤아림,2019 헤아림 가족교육,2019-02-01,2019-04-05,10:00,12:00,8,내부인력,8,5,Y,Y
서울특별시도봉구치매안심센터,희망다이어리,2018년 희망다이어리 가족교실 1기,2018-03-07,2018-05-09,14:00,16:00,12,내부인력,10,8,Y,N
서울특별시도봉구치매안심센터,헤아림,2018년 헤아림가족교육,2018-06-25,2018-08-27,14:00,16:00,8,내부인력,8,5,Y,Y
서울특별시동대문구치매안심센터,희망다이어리,[안심마을 답십리2동] 2025 희망다이어리,2025-08-22,2025-10-17,10:30,11:30,15,내부인력,8,6,N,Y
서울특별시동대문구치매안심센터,희망다이어리,[안심마을 청량리동] 2025 희망다이어리,2025-08-19,2025-10-14,10:30,11:30,15,내부인력,8,6,N,Y
서울특별시동대문구치매안심센터,가치돌봄(집중),[안심마을 청량리동] 2025 가치돌봄,2025-05-15,2025-07-03,10:30,11:30,10,내부인력,8,6,N,Y
서울특별시동대문구치매안심센터,헤아림,[안심마을 청량리동]2025 헤아림,2025-02-20,2025-04-10,10:30,11:30,10,내부인력,8,6,N,Y
서울특별시동대문구치매안심센터,희망다이어리,[안심마을 답십리2동]2024 희망다이어리,2024-08-22,2024-10-17,14:00,15:00,15,내부인력,8,6,N,Y
서울특별시동대문구치매안심센터,희망다이어리,[안심마을 청량리동] 2024 희망다이어리,2024-08-20,2024-10-15,10:00,11:00,15,내부인력,8,6,N,Y
서울특별시동대문구치매안심센터,헤아림,2024 헤아림,2024-05-23,2024-07-18,10:00,11:00,10,내부인력,8,6,N,Y
서울특별시동대문구치매안심센터,기타,2024 가치돌봄,2024-03-21,2024-05-09,10:00,12:00,10,내부인력,8,6,N,Y
서울특별시동대문구치매안심센터,희망다이어리,2024 희망다이어리 ver 2.0 온라인,2024-02-06,2024-02-29,10:00,11:00,10,내부인력,8,6,N,Y
서울특별시동대문구치매안심센터,헤아림,(안심마을 답십리2동) 2023 헤아림,2023-08-23,2023-10-23,10:00,11:00,20,내부인력,8,6,N,N
서울특별시동대문구치매안심센터,헤아림,(안심마을 전농1동) 2023 헤아림,2023-08-23,2023-10-19,10:00,11:00,20,내부인력,8,6,N,Y
서울특별시동대문구치매안심센터,기타,'가치돌봄' 시범운영프로그램,2023-06-21,2023-08-09,15:00,17:00,15,내부인력,8,6,N,N
서울특별시동대문구치매안심센터,희망다이어리,[안심마을 장안2동]2023년 온라인 희망다이어리,2023-05-17,2023-06-09,10:00,11:00,20,내부인력,8,6,N,Y
서울특별시동대문구치매안심센터,희망다이어리,[안심마을 청량리동] 2023 희망다이어리 2월-4월,2023-02-08,2023-04-05,14:00,15:00,17,내부인력,8,5,N,Y
서울특별시동대문구치매안심센터,희망다이어리,[안심마을 청량리동]2022년 온라인 희망다이어리,2022-11-07,2022-11-30,14:00,14:50,20,내부인력,8,5,N,Y
서울특별시동대문구치매안심센터,희망다이어리,[안심마을 청량리동]2022 희망다이어리 8월-9월,2022-08-03,2022-09-28,10:00,11:30,12,외부인력,8,5,N,Y
서울특별시동대문구치매안심센터,헤아림,[안심마을 장안2동]2022헤아림 2-4월,2022-02-23,2022-04-13,14:00,14:00,10,내부인력,8,4,N,Y
서울특별시동대문구치매안심센터,희망다이어리,희망다이어리 ver 2.0 온라인 (11-12월),2021-11-09,2021-12-28,15:00,16:00,10,내부인력,8,4,N,N
서울특별시동대문구치매안심센터,희망다이어리,2021년 희망다이어리 ver2.0,2021-09-14,2021-10-12,14:00,16:00,6,내부인력,8,6,N,Y
서울특별시동대문구치매안심센터,헤아림,헤아림(5-6월센터),2021-05-12,2021-06-30,14:00,15:20,10,외부인력,8,4,N,Y
서울특별시동대문구치매안심센터,희망다이어리,희망다이어리 기본과정,2021-04-28,2021-05-06,14:00,15:20,10,외부인력,2,1,N,N
서울특별시동대문구치매안심센터,헤아림,2021 헤아림(1월-3월),2021-01-26,2021-03-16,14:00,15:30,12,외부인력,8,4,Y,Y
서울특별시동대문구치매안심센터,헤아림,토닥토닥 e돌봄-분소 헤아림,2020-09-15,2020-10-20,00:00,00:00,8,내부인력,8,4,N,Y
서울특별시동대문구치매안심센터,헤아림,토닥토닥 e돌봄 헤아림,2020-07-20,2020-08-13,14:00,15:30,12,내부인력,8,4,N,Y
서울특별시동대문구치매안심센터,희망다이어리,2020 희망다이어리 토닥토닥 e돌봄,2020-05-22,2020-06-23,14:00,15:30,15,내부인력,10,5,Y,Y
서울특별시동대문구치매안심센터,희망다이어리,2019 희망다이어리 2기,2019-08-20,2019-09-26,13:30,15:30,35,내부인력,10,5,Y,N
서울특별시동대문구치매안심센터,헤아림,분소 헤아림,2019-07-05,2019-08-02,11:30,13:30,20,내부인력,8,4,Y,N
서울특별시동대문구치매안심센터,헤아림,헤아림,2019-05-31,2019-06-26,13:30,16:00,20,내부인력,8,4,Y,N
서울특별시동대문구치매안심센터,희망다이어리,2019 희망다이어리 1기,2019-03-20,2019-05-29,13:30,15:30,25,내부인력,10,5,Y,N
서울특별시동대문구치매안심센터,희망다이어리,희망다이어리 2기,2018-07-31,2018-10-10,11:00,13:00,20,내부인력,10,5,Y,Y
서울특별시동대문구치매안심센터,헤아림,헤아림,2018-07-17,2018-08-10,14:00,16:00,12,내부인력,8,4,Y,Y
서울특별시동대문구치매안심센터,희망다이어리,희망다이어리1기,2018-04-10,2018-06-26,14:00,16:00,20,내부인력,10,5,Y,Y
서울특별시동작구치매안심센터,희망다이어리,희망다이어리 ver 2.0 가족교실 2차,2025-09-23,2025-12-02,14:00,16:00,8,내부인력,10,7,N,N
서울특별시동작구치매안심센터,헤아림,2025년 헤아림 2차,2025-07-22,2025-09-09,14:00,16:00,9,내부인력,8,6,Y,Y
서울특별시동작구치매안심센터,희망다이어리,희망다이어리 ver.2.0,2025-04-22,2025-07-08,14:30,16:00,9,내부인력,10,7,N,Y
서울특별시동작구치매안심센터,헤아림,2025년 헤아림 1차,2025-02-18,2025-04-08,14:00,16:00,8,내부인력,8,6,N,Y
서울특별시동작구치매안심센터,희망다이어리,희망다이어리 ver 2.0(2차),2024-09-05,2024-10-31,14:00,15:30,9,내부인력,8,6,N,Y
서울특별시동작구치매안심센터,헤아림,헤아림 가족교실(2차),2024-07-04,2024-08-29,14:00,16:00,8,외부인력,8,6,N,Y
서울특별시동작구치매안심센터,희망다이어리,희망다이어리 ver 2.0,2024-04-18,2024-06-27,14:00,16:00,8,내부인력,10,7,Y,Y
서울특별시동작구치매안심센터,헤아림,헤아림 가족교실,2024-02-15,2024-04-04,14:00,16:00,9,내부인력,8,6,N,Y
서울특별시동작구치매안심센터,헤아림,헤아림(2차),2023-09-06,2023-10-25,14:00,16:00,7,내부인력,8,6,N,Y
서울특별시동작구치매안심센터,기타,단계별 치매환자 돌봄을 위한 가족 프로그램,2023-06-21,2023-08-09,14:00,15:30,6,내부인력,8,6,N,Y
서울특별시동작구치매안심센터,희망다이어리,희망다이어리 - 금요일 반,2023-04-14,2023-06-09,10:00,11:30,6,내부인력,8,6,N,Y
서울특별시동작구치매안심센터,희망다이어리,희망다이어리 - 수요일 반,2023-04-12,2023-05-31,14:00,15:30,9,내부인력,8,6,N,Y
서울특별시동작구치매안심센터,헤아림,사당1동 치매안심마을 - 헤아림,2023-02-03,2023-03-24,10:00,12:00,8,내부인력,8,6,N,Y
서울특별시동작구치매안심센터,희망다이어리,온라인 희망다이어리(ver2.0) 가족교실 Ⅱ,2022-07-28,2022-09-22,10:00,12:00,6,내부인력,9,5,N,Y
서울특별시동작구치매안심센터,희망다이어리,희망다이어리 가족교실,2022-06-07,2022-08-02,10:00,12:00,7,내부인력,9,5,N,Y
서울특별시동작구치매안심센터,헤아림,헤아림,2022-02-15,2022-04-19,10:00,12:00,6,내부인력,8,4,N,Y
서울특별시동작구치매안심센터,희망다이어리,온라인 희망다이어리(ver2.0) 가족교실,2021-11-16,2022-01-11,10:00,11:00,10,내부인력,9,5,N,Y
서울특별시동작구치매안심센터,희망다이어리,희망다이어리 가족교실,2021-06-15,2021-10-05,10:30,12:00,6,내부인력,10,5,N,Y
서울특별시동작구치매안심센터,헤아림,헤아림,2021-02-15,2021-04-12,09:00,11:00,6,내부인력,9,4,N,Y
서울특별시동작구치매안심센터,희망다이어리,2020년 2기 희망다이어리,2020-08-03,2020-11-16,13:30,15:30,10,내부인력,10,5,Y,Y
서울특별시동작구치매안심센터,희망다이어리,2020년 1기 희망다이어리,2020-07-10,2020-09-25,14:00,16:00,5,내부인력,8,5,Y,Y
서울특별시동작구치매안심센터,SAVVY Caregiver Program,세비 치매가족교실,2019-06-17,2019-07-22,14:00,16:00,10,외부인력,6,3,Y,Y
서울특별시동작구치매안심센터,헤아림,헤아림,2019-06-07,2019-07-26,10:00,12:00,10,내부인력,8,4,Y,Y
서울특별시동작구치매안심센터,희망다이어리,희망다이어리가족교실,2019-03-08,2019-05-10,14:00,15:00,10,내부인력,10,7,Y,Y
서울특별시동작구치매안심센터,SAVVY Caregiver Program,SAVVY 프로그램,2018-10-26,2018-12-06,14:30,16:00,9,외부인력,7,4,Y,Y
서울특별시동작구치매안심센터,SAVVY Caregiver Program,SAVVYV프로그램,2018-07-27,2018-09-07,16:00,17:30,4,외부인력,7,5,Y,N
서울특별시동작구치매안심센터,희망다이어리,희망다이어리가족교육,2018-06-12,2018-08-14,14:00,16:00,10,내부인력,10,7,Y,N
서울특별시동작구치매안심센터,헤아림,헤아림,2018-05-11,2018-06-29,14:00,16:00,8,내부인력,8,8,Y,Y
서울특별시마포구치매안심센터,가치돌봄(집중),25년 가치돌봄(오프라인) 2차,2025-10-17,2025-12-05,10:00,11:00,8,내부인력,8,6,Y,N
서울특별시마포구치매안심센터,가치돌봄(집중),25년 가치돌봄(오프라인) 1차,2025-07-15,2025-09-09,10:00,11:30,10,내부인력,9,6,N,Y
서울특별시마포구치매안심센터,일상의 회복,25년 일상의회복(오프라인) 1차,2025-04-22,2025-05-15,10:30,11:30,7,내부인력,4,3,N,Y
서울특별시마포구치매안심센터,희망다이어리,25년 희망다이어리(오프라인) 1차,2025-06-12,2025-07-03,10:00,11:30,10,내부인력,8,6,Y,Y
서울특별시마포구치매안심센터,헤아림,25년 헤아림(오프라인) 1차,2025-02-10,2025-04-07,10:00,11:30,10,내부인력,8,6,Y,Y
서울특별시마포구치매안심센터,희망다이어리,24년 희망다이어리(오프라인) 2차,2024-11-04,2024-12-23,10:00,11:30,6,내부인력,8,6,N,Y
서울특별시마포구치매안심센터,헤아림,24년 헤아림 (오프라인) 3차,2024-08-12,2024-10-07,10:00,11:30,8,내부인력,8,6,N,Y
서울특별시마포구치매안심센터,헤아림,24년 헤아림(오프라인) 2차,2024-05-13,2024-07-01,10:00,11:30,8,내부인력,8,6,N,Y
서울특별시마포구치매안심센터,희망다이어리,24년 희망다이어리(오프라인) 1차,2024-04-02,2024-05-28,14:00,15:30,6,내부인력,7,5,Y,Y
서울특별시마포구치매안심센터,헤아림,24년 헤아림 (오프라인)1차,2024-01-23,2024-03-12,14:00,15:30,10,내부인력,8,6,N,Y
서울특별시마포구치매안심센터,희망다이어리,23년 희망다이어리 (오프라인)2차,2023-11-13,2023-12-18,10:00,12:00,9,내부인력,6,4,N,Y
서울특별시마포구치매안심센터,헤아림,23년 헤아림 2차,2023-09-11,2023-10-09,10:00,11:30,9,내부인력,5,3,N,Y
서울특별시마포구치매안심센터,기타,23년 일상의 회복 1차,2023-07-14,2023-08-04,13:30,15:00,9,내부인력,4,3,Y,Y
서울특별시마포구치매안심센터,기타,23년 단계별 치매환자돌봄을 위한 가족프로그램(실험군)  가치돌봄 시범사업,2023-06-05,2023-07-24,14:00,15:30,5,내부인력,8,6,N,Y
서울특별시마포구치매안심센터,희망다이어리,23년 희망다이어리 (오프라인) 1차,2023-05-10,2023-07-07,13:30,15:00,7,내부인력,8,6,N,Y
서울특별시마포구치매안심센터,헤아림,23년 헤아림 1차,2023-02-20,2023-04-17,10:00,11:30,7,내부인력,8,5,N,Y
서울특별시마포구치매안심센터,헤아림,22년도 가족교실 헤아림3차,2022-09-26,2022-11-14,10:00,11:30,6,내부인력,8,6,N,Y
서울특별시마포구치매안심센터,희망다이어리,22년 대면 희망다이어리 1차,2022-07-22,2022-09-16,15:00,16:00,6,내부인력,8,5,Y,N
서울특별시마포구치매안심센터,헤아림,2022년 비대면 헤아림 2차,2022-06-15,2022-07-13,13:30,15:00,7,내부인력,8,6,N,Y
서울특별시마포구치매안심센터,헤아림,2022년 비대면 헤아림 1차,2022-03-01,2022-04-30,14:00,15:00,10,내부인력,8,4,N,Y
서울특별시마포구치매안심센터,희망다이어리,2021년 온라인 희망다이어리 2차,2021-12-01,2022-01-26,14:00,15:30,15,내부인력,9,8,N,N
서울특별시마포구치매안심센터,헤아림,2021년 비대면 헤아림 4차,2021-09-08,2021-10-27,10:30,11:30,10,내부인력,8,4,N,Y
서울특별시마포구치매안심센터,희망다이어리,2021년 대면 희망다이어리 1차,2021-07-07,2021-08-25,13:30,14:30,10,내부인력,8,8,Y,N
서울특별시마포구치매안심센터,헤아림,2021년 대면 헤아림 3차,2021-05-03,2021-06-22,13:30,14:30,6,내부인력,8,4,N,Y
서울특별시마포구치매안심센터,헤아림,2021년 온라인헤아림 2차,2021-03-03,2021-04-28,10:00,11:00,6,내부인력,8,4,N,Y
서울특별시마포구치매안심센터,헤아림,2021년 온라인헤아림 1차,2021-01-01,2021-02-28,10:00,11:30,6,내부인력,8,4,N,Y
서울특별시마포구치매안심센터,헤아림,2020년 헤아림2(온라인),2020-09-01,2020-10-20,10:00,11:00,4,내부인력,8,4,N,Y
서울특별시마포구치매안심센터,헤아림,2020년 헤아림1(온라인),2020-06-26,2020-08-14,10:00,11:00,4,내부인력,8,4,N,Y
서울특별시마포구치매안심센터,헤아림,19-헤아림-9(장소:마포구치매안심센터 내 가족카페(주 1회 진행)),2019-10-15,2019-12-03,11:00,12:00,15,내부인력,8,4,Y,Y
서울특별시마포구치매안심센터,헤아림,19-헤아림-8(장소:마포구치매안심센터 내 가족카페(주 1회 진행)),2019-09-04,2019-10-30,11:00,12:00,15,내부인력,8,4,Y,Y
서울특별시마포구치매안심센터,헤아림,19-헤아림-7(장소:마포구치매안심센터 내 가족카페(주 1회 진행)),2019-09-09,2019-10-07,10:00,12:00,15,내부인력,8,4,Y,Y
서울특별시마포구치매안심센터,헤아림,19-헤아림-6(장소:마포구보건소 2층 보건교육실(주 1회 진행)),2019-08-07,2019-09-30,10:30,11:30,15,내부인력,8,4,Y,Y
서울특별시마포구치매안심센터,헤아림,19-헤아림-5(장소:마포구치매안심센터 내 가족카페(주 1회 진행)),2019-06-12,2019-07-31,10:00,11:00,15,내부인력,8,4,Y,Y
서울특별시마포구치매안심센터,헤아림,19-헤아림-4((장소:마포구치매안심센터 내 가족카페(주 1회 진행)),2019-06-10,2019-08-05,10:30,11:30,15,내부인력,8,4,Y,Y
서울특별시마포구치매안심센터,헤아림,19-헤아림-3(장소:마포구보건소 2층 보건교육실(주 1회 진행)),2019-04-01,2019-05-31,10:30,11:30,15,내부인력,8,4,Y,Y
서울특별시마포구치매안심센터,헤아림,19-헤아림-2(장소:마포구치매안심센터 내 가족카페(주 1회 진행)),2019-03-15,2019-05-31,10:00,11:00,15,내부인력,8,4,Y,N
서울특별시마포구치매안심센터,헤아림,19-헤아림-1(장소:마포구치매안심센터 내 가족카페(주 1회 진행)),2019-03-11,2019-04-30,10:30,11:30,15,내부인력,8,4,Y,Y
서울특별시마포구치매안심센터,헤아림,헤아림가족교실 5기,2018-11-01,2018-11-30,10:00,12:00,10,내부인력,4,4,Y,Y
서울특별시마포구치매안심센터,헤아림,헤아림가족교실4기,2018-08-09,2018-09-27,10:30,11:30,10,내부인력,8,4,Y,Y
서울특별시마포구치매안심센터,헤아림,헤아림가족교실3기,2018-06-07,2018-07-26,10:30,11:30,8,내부인력,8,4,Y,Y
서울특별시마포구치매안심센터,헤아림,헤아림가족교실2기,2018-04-11,2018-05-30,10:30,11:30,8,내부인력,8,4,Y,Y
서울특별시마포구치매안심센터,희망다이어리,희망다이어리2기,2018-07-17,2018-09-18,13:30,14:30,8,내부인력,10,5,Y,Y
서울특별시마포구치매안심센터,희망다이어리,희망다이어리1기,2018-04-10,2018-07-20,13:30,14:30,8,내부인력,10,5,Y,Y
서울특별시마포구치매안심센터,헤아림,헤아림가족교실1기,2018-02-07,2018-04-04,10:30,11:30,8,내부인력,8,4,Y,Y
서울특별시서대문구치매안심센터,희망다이어리,2025년 희망다이어리 2기,2025-09-04,2025-10-16,10:00,12:00,10,내부인력,8,6,N,N
서울특별시서대문구치매안심센터,헤아림,2025년 헤아림 3기,2025-07-02,2025-07-30,13:20,16:00,10,내부인력,8,6,N,Y
서울특별시서대문구치매안심센터,헤아림,2025년 헤아림 2기,2025-05-29,2025-06-26,09:20,12:00,10,내부인력,8,6,N,Y
서울특별시서대문구치매안심센터,헤아림,2025년 헤아림 1기,2025-04-03,2025-04-24,09:20,12:00,10,내부인력,8,6,N,Y
서울특별시서대문구치매안심센터,희망다이어리,2025년 희망다이어리 1기,2025-02-06,2025-03-27,10:00,12:00,10,내부인력,8,6,N,Y
서울특별시서대문구치매안심센터,헤아림,2024 헤아림(2기),2024-08-21,2024-10-10,10:00,12:00,10,내부인력,8,6,N,Y
서울특별시서대문구치매안심센터,희망다이어리,2024년 희망다이어리 (2기),2024-06-26,2024-08-14,10:00,12:00,10,내부인력,8,6,N,Y
서울특별시서대문구치매안심센터,희망다이어리,2024년 희망다이어리 (1기),2024-04-17,2024-06-19,10:00,12:00,8,내부인력,8,6,N,Y
서울특별시서대문구치매안심센터,헤아림,2024년  헤아림(1기),2024-02-07,2024-03-27,10:00,12:00,8,내부인력,8,6,N,Y
서울특별시서대문구치매안심센터,희망다이어리,2023 희망다이어리 (4기),2023-08-02,2023-09-20,10:00,12:00,8,내부인력,8,6,N,Y
서울특별시서대문구치매안심센터,희망다이어리,2023 희망다이어리 (3기)(천연분소),2023-06-02,2023-07-26,13:00,15:00,6,내부인력,8,6,N,Y
서울특별시서대문구치매안심센터,기타,단계별 치매환자 돌봄을 위한 가족프로그램(실험군),2023-05-10,2023-06-28,14:00,15:30,5,내부인력,8,6,N,Y
서울특별시서대문구치매안심센터,희망다이어리,2023 희망다이어리 (2기),2023-04-05,2023-05-24,10:00,11:30,8,내부인력,8,5,N,Y
서울특별시서대문구치매안심센터,희망다이어리,2023 희망다이어리(1기),2023-02-01,2023-03-29,10:00,12:00,8,내부인력,8,6,Y,Y
서울특별시서대문구치매안심센터,희망다이어리,2022 희망다이어리,2022-07-06,2022-08-24,10:00,12:00,8,내부인력,8,5,Y,Y
서울특별시서대문구치매안심센터,헤아림,2022 헤아림 교실,2022-05-04,2022-06-29,10:00,12:00,8,내부인력,8,5,N,Y
서울특별시서대문구치매안심센터,희망다이어리,2022온라인 희망다이어리,2022-01-05,2022-02-24,10:00,12:00,5,내부인력,8,5,N,N
서울특별시서대문구치매안심센터,헤아림,2021온라인 헤아림,2021-09-29,2021-10-27,10:00,12:00,7,내부인력,8,5,N,Y
서울특별시서대문구치매안심센터,희망다이어리,2021 희망다이어리,2021-03-10,2021-04-28,14:00,16:00,5,내부인력,8,5,Y,Y
서울특별시서대문구치매안심센터,희망다이어리,희망다이어리,2020-11-10,2020-12-01,14:00,16:00,4,내부인력,8,3,Y,N
서울특별시서대문구치매안심센터,헤아림,헤아림교실,2019-06-03,2019-07-22,10:00,12:00,10,내부인력,8,5,Y,Y
서울특별시서대문구치매안심센터,헤아림,헤아림교실(북아현 안심마을),2019-05-24,2019-07-19,13:00,15:00,5,내부인력,8,5,Y,Y
서울특별시서대문구치매안심센터,헤아림,헤아림교실,2019-03-04,2019-04-22,10:00,12:00,6,내부인력,8,5,Y,Y
서울특별시서대문구치매안심센터,헤아림,헤아림교실,2018-07-03,2018-08-21,10:00,12:00,10,내부인력,8,5,Y,Y
서울특별시서대문구치매안심센터,헤아림,헤아림교실,2018-04-24,2018-06-12,10:00,12:00,10,내부인력,8,4,Y,Y
서울특별시서초구치매안심센터,희망다이어리,<내곡동 치매안심마을> 2025 COOL 희망다이어리,2025-07-22,2025-08-14,10:00,11:30,7,내부인력,8,6,Y,Y
서울특별시서초구치매안심센터,기타,2025 희망메신저,2025-03-04,2025-10-31,14:00,15:30,2,내부인력,12,12,N,N
서울특별시서초구치매안심센터,희망다이어리,<내곡동 치매안심마을> 2025 희망다이어리 1,2025-04-02,2025-05-21,14:00,15:30,7,내부인력,8,6,N,Y
서울특별시서초구치매안심센터,SAVVY Caregiver Program,2024 SAVVY Caregiver Program 2,2024-08-23,2024-09-27,10:00,12:00,8,외부인력,6,5,N,Y
서울특별시서초구치매안심센터,희망다이어리,2024 희망다이어리 2,2024-07-23,2024-08-20,10:00,11:30,7,내부인력,8,6,N,Y
서울특별시서초구치매안심센터,SAVVY Caregiver Program,2024 SAVVY Caregiver Program 1,2024-06-12,2024-07-17,10:00,12:00,7,외부인력,6,5,N,Y
서울특별시서초구치매안심센터,기타,2024 희망메신저,2024-03-04,2024-10-31,14:00,15:30,3,내부인력,12,12,N,N
서울특별시서초구치매안심센터,희망다이어리,2024 희망다이어리 1,2024-03-12,2024-04-30,14:00,15:30,5,내부인력,8,6,N,Y
서울특별시서초구치매안심센터,헤아림,2023 헤아림,2023-10-04,2023-10-25,14:00,17:00,5,내부인력,8,6,N,Y
서울특별시서초구치매안심센터,SAVVY Caregiver Program,2023 SAVVY Caregiver Program 2,2023-07-05,2023-08-09,10:00,12:00,11,외부인력,6,5,N,Y
서울특별시서초구치매안심센터,희망다이어리,2023 희망다이어리,2023-05-04,2023-06-22,10:00,11:30,7,내부인력,8,6,N,Y
서울특별시서초구치매안심센터,SAVVY Caregiver Program,2023 SAVVY Caregiver Program 1,2023-04-19,2023-05-24,14:00,16:00,6,외부인력,6,5,N,Y
서울특별시서초구치매안심센터,기타,2023 희망메신저,2023-02-14,2023-12-29,14:00,15:30,3,내부인력,12,12,N,N
서울특별시서초구치매안심센터,SAVVY Caregiver Program,2022 SAVVY Caregiver Program,2022-08-17,2022-09-21,10:00,11:30,10,외부인력,6,5,N,Y
서울특별시서초구치매안심센터,희망다이어리,2022년도 희망다이어리,2022-06-08,2022-08-03,14:00,15:30,10,내부인력,8,6,N,Y
서울특별시서초구치매안심센터,희망다이어리,2022년도 온라인 희망다이어리,2022-01-04,2022-02-22,13:30,15:00,10,내부인력,8,4,N,Y
서울특별시서초구치매안심센터,헤아림,2021년도 헤아림,2021-08-10,2021-10-05,14:00,16:00,10,내부인력,8,4,N,Y
서울특별시서초구치매안심센터,희망다이어리,2021년도 희망다이어리,2021-08-31,2021-10-26,13:30,15:30,10,내부인력,8,4,N,Y
서울특별시서초구치매안심센터,SAVVY Caregiver Program,2020 SAVVY Caregiver Program,2020-11-05,2020-12-10,14:00,16:00,6,외부인력,6,4,Y,N
서울특별시서초구치매안심센터,SAVVY Caregiver Program,SAVVY Caregiver Program,2019-09-04,2019-10-16,14:00,15:30,10,외부인력,6,5,Y,N
서울특별시서초구치매안심센터,헤아림,헤아림2,2019-07-09,2019-08-27,14:00,16:00,12,내부인력,8,4,Y,Y
서울특별시서초구치매안심센터,SAVVY Caregiver Program,SAVVY Caregiver Program,2019-06-05,2019-07-10,14:00,16:00,10,외부인력,6,3,Y,N
서울특별시서초구치매안심센터,SAVVY Caregiver Program,SAVVY Caregiver Program,2019-03-20,2019-05-08,14:00,16:00,10,외부인력,6,6,Y,N
서울특별시서초구치매안심센터,헤아림,헤아림1,2019-03-12,2019-05-07,14:00,16:00,10,내부인력,8,4,Y,Y
서울특별시서초구치매안심센터,희망다이어리,희망다이어리 2,2018-10-16,2018-12-04,14:00,15:30,10,외부인력,8,4,Y,Y
서울특별시서초구치매안심센터,헤아림,헤아림2,2018-08-07,2018-10-02,14:00,16:00,10,외부인력,8,4,Y,N
서울특별시서초구치매안심센터,SAVVY Caregiver Program,SAVVY 가족교육2,2018-08-10,2018-09-28,10:00,12:00,10,외부인력,7,3,Y,N
서울특별시서초구치매안심센터,희망다이어리,희망다이어리1,2018-06-12,2018-07-17,14:00,15:30,10,내부인력,8,4,Y,N
서울특별시서초구치매안심센터,헤아림,헤아림1,2018-03-27,2018-05-29,13:00,14:50,10,내부인력,8,4,Y,N
서울특별시서초구치매안심센터,SAVVY Caregiver Program,SAVVY 가족교육,2018-04-06,2018-05-18,10:00,12:00,10,외부인력,7,3,Y,N
서울특별시성동구치매안심센터,헤아림,[성수1가제2동 치매안심마을] 2025년 헤아림,2025-09-02,2025-10-28,14:00,16:00,10,내부인력,8,6,N,Y
서울특별시성동구치매안심센터,가치돌봄(집중),2025 가치돌봄,2025-06-24,2025-08-12,14:00,16:00,7,내부인력,8,6,N,Y
서울특별시성동구치매안심센터,희망다이어리,[성수1가제2동 치매안심마을] 25년 희망다이어리ver2.0- 1기(오프라인),2025-01-07,2025-03-04,14:00,16:00,7,내부인력,8,6,Y,Y
서울특별시성동구치매안심센터,가치돌봄(집중),24년 가치돌봄,2024-07-09,2024-08-27,14:00,16:00,8,내부인력,8,6,N,Y
서울특별시성동구치매안심센터,희망다이어리,[성수1가제2동 치매안심마을] 24년 희망다이어리ver2.0- 2기(오프라인),2024-05-09,2024-07-04,09:30,11:30,7,내부인력,8,6,N,Y
서울특별시성동구치매안심센터,헤아림,24년 헤아림,2024-03-07,2024-04-25,14:00,16:00,7,내부인력,8,6,N,Y
서울특별시성동구치매안심센터,희망다이어리,[성수1가제2동 치매안심마을] 24년 희망다이어리ver2.0-1기(오프라인),2024-01-09,2024-02-27,14:00,16:00,7,내부인력,8,6,N,Y
서울특별시성동구치매안심센터,희망다이어리,[성수1가제2동 치매안심마을] 23년 희망다이어리ver2.0-2기(오프라인),2023-08-03,2023-09-21,10:00,12:00,7,내부인력,8,6,N,Y
서울특별시성동구치매안심센터,기타,23년 단계별 치매환자 돌봄을 위한 가족프로그램(실험군),2023-06-01,2023-07-20,10:00,11:30,5,내부인력,8,6,N,N
서울특별시성동구치매안심센터,헤아림,23년 헤아림-1기(오프라인),2023-04-11,2023-05-25,10:00,12:00,6,내부인력,8,6,N,Y
서울특별시성동구치매안심센터,희망다이어리,23년 희망다이어리ver2.0-1기(오프라인),2023-01-31,2023-03-21,10:00,11:30,6,내부인력,8,6,N,Y
서울특별시성동구치매안심센터,희망다이어리,22년 희망다이어리ver2.0-3기(온라인 과정),2022-08-04,2022-09-22,14:00,16:00,5,내부인력,8,8,N,Y
서울특별시성동구치매안심센터,희망다이어리,[성수1가제2동 치매안심마을] 22년 희망다이어리ver2.0-2기(오프라인 과정),2022-06-07,2022-07-26,14:00,16:00,7,내부인력,8,5,N,Y
서울특별시성동구치매안심센터,헤아림,[성수1가제2동 치매안심마을] 22년 헤아림-1기(온라인과정),2022-03-08,2022-04-26,14:00,16:00,6,내부인력,8,5,N,Y
서울특별시성동구치매안심센터,희망다이어리,22년 희망다이어리 ver2.0 온라인 과정,2022-01-06,2022-02-24,14:00,16:00,5,내부인력,8,5,N,N
서울특별시성동구치매안심센터,희망다이어리,21년 희망다이어리ver2.0 교실,2021-09-07,2021-10-07,10:00,12:00,4,내부인력,8,8,N,Y
서울특별시성동구치매안심센터,헤아림,21-2기 헤아림(온라인 zoom-class),2021-04-06,2021-05-25,14:00,16:00,6,내부인력,8,4,Y,Y
서울특별시성동구치매안심센터,헤아림,21-1기 헤아림(온라인 zoom-class),2021-01-19,2021-03-09,14:00,15:30,5,내부인력,8,4,Y,Y
서울특별시성동구치매안심센터,헤아림,20-2기 헤아림(온라인 zoom-class),2020-09-22,2020-11-10,14:00,16:00,5,내부인력,8,4,Y,N
서울특별시성동구치매안심센터,헤아림,20-1기 헤아림(온라인 zoom-class),2020-07-07,2020-08-25,14:00,16:00,7,내부인력,8,4,Y,N
서울특별시성동구치매안심센터,헤아림,19-4기 헤아림,2019-09-03,2019-10-22,13:30,15:30,10,내부인력,8,4,Y,N
서울특별시성동구치매안심센터,헤아림,19-3기 헤아림,2019-08-22,2019-10-31,09:30,12:00,10,내부인력,8,5,Y,N
서울특별시성동구치매안심센터,헤아림,19-2기 헤아림,2019-06-04,2019-07-23,13:30,15:30,10,내부인력,8,4,Y,Y
서울특별시성동구치매안심센터,헤아림,19-1기 헤아림,2019-03-05,2019-05-07,13:30,15:30,10,내부인력,8,6,Y,Y
서울특별시성동구치매안심센터,헤아림,헤아림7기,2018-09-18,2018-09-18,09:00,12:00,6,내부인력,8,4,Y,Y
서울특별시성동구치매안심센터,헤아림,헤아림7기,2018-09-11,2018-09-11,10:00,12:00,6,내부인력,7,4,Y,N
서울특별시성동구치매안심센터,헤아림,헤아림7기,2018-09-04,2018-09-04,10:00,12:00,6,내부인력,6,4,Y,N
서울특별시성동구치매안심센터,헤아림,헤아림7기,2018-08-28,2018-08-28,10:00,12:00,7,내부인력,5,4,Y,Y
서울특별시성동구치매안심센터,헤아림,헤아림7기,2018-08-21,2018-08-21,10:00,12:00,7,내부인력,4,5,Y,Y
서울특별시성동구치매안심센터,헤아림,헤아림7기,2018-08-14,2018-08-14,10:00,12:00,8,내부인력,3,5,Y,Y
서울특별시성동구치매안심센터,헤아림,헤아림7기,2018-08-09,2018-08-09,10:00,12:00,7,내부인력,2,5,Y,Y
서울특별시성동구치매안심센터,헤아림,헤아림7기,2018-07-31,2018-07-31,10:00,12:00,7,내부인력,1,5,Y,Y
서울특별시성동구치매안심센터,헤아림,헤아림5기,2018-06-26,2018-06-26,10:00,12:00,5,내부인력,8,5,Y,Y
서울특별시성동구치매안심센터,헤아림,헤아림5기,2018-06-19,2018-06-19,10:00,12:00,6,내부인력,7,5,Y,Y
서울특별시성동구치매안심센터,헤아림,헤아림 5기,2018-06-12,2018-06-12,10:00,12:00,7,내부인력,6,5,Y,Y
서울특별시성동구치매안심센터,헤아림,헤아림5기,2018-06-05,2018-06-05,10:00,12:00,6,내부인력,5,5,Y,Y
서울특별시성동구치매안심센터,헤아림,헤아림6기,2018-05-28,2018-05-28,14:00,16:00,7,내부인력,7,5,Y,Y
서울특별시성동구치매안심센터,헤아림,헤아림6기,2018-05-11,2018-05-11,14:00,16:00,7,내부인력,4,5,Y,Y
서울특별시성동구치매안심센터,헤아림,헤아림6기,2018-05-04,2018-05-04,14:00,16:00,7,내부인력,2,5,Y,Y
서울특별시성동구치매안심센터,헤아림,헤아림6기,2018-05-30,2018-05-30,14:00,16:00,7,내부인력,8,5,Y,Y
서울특별시성동구치매안심센터,헤아림,헤아림5기,2018-05-29,2018-05-29,10:00,12:00,7,내부인력,4,7,Y,Y
서울특별시성동구치매안심센터,헤아림,헤아림6기,2018-05-25,2018-05-25,14:00,16:00,7,내부인력,6,5,Y,Y
서울특별시성동구치매안심센터,헤아림,헤아림6기,2018-05-16,2018-05-16,14:00,16:00,7,내부인력,5,5,Y,Y
서울특별시성동구치매안심센터,헤아림,헤아림5기,2018-05-15,2018-05-15,05:15,05:15,6,내부인력,3,5,Y,Y
서울특별시성동구치매안심센터,헤아림,헤아림6기,2018-05-09,2018-05-09,14:00,17:00,7,내부인력,3,5,Y,Y
서울특별시성동구치매안심센터,헤아림,헤아림5기,2018-05-08,2018-05-08,10:00,12:00,7,내부인력,2,5,Y,Y
서울특별시성동구치매안심센터,헤아림,헤아림6기,2018-05-02,2018-05-02,14:00,16:00,7,내부인력,1,5,Y,Y
서울특별시성동구치매안심센터,헤아림,헤아림5기,2018-04-24,2018-04-24,10:00,12:00,6,내부인력,1,6,Y,Y
서울특별시성동구치매안심센터,헤아림,헤아림4기,2018-03-20,2018-03-20,10:00,12:00,6,내부인력,8,4,Y,Y
서울특별시성동구치매안심센터,헤아림,헤아림4기,2018-03-13,2018-03-13,10:00,12:00,5,내부인력,7,4,Y,Y
서울특별시성동구치매안심센터,헤아림,헤아림4기,2018-03-06,2018-03-06,10:00,12:00,5,내부인력,6,6,Y,Y
서울특별시성동구치매안심센터,헤아림,헤아림4기,2018-02-27,2018-02-27,10:00,12:00,6,내부인력,5,6,Y,Y
서울특별시성동구치매안심센터,헤아림,헤아림4기,2018-02-20,2018-02-20,10:00,12:00,5,내부인력,4,6,Y,Y
서울특별시성동구치매안심센터,헤아림,헤아림4기,2018-02-06,2018-02-06,10:00,12:00,6,내부인력,3,6,Y,Y
서울특별시성동구치매안심센터,헤아림,헤아림4기,2018-01-29,2018-01-29,10:00,12:00,5,내부인력,2,6,Y,Y
서울특별시성동구치매안심센터,헤아림,헤아림4기,2018-01-23,2018-01-23,10:00,12:00,5,내부인력,1,6,Y,Y
서울특별시성북구치매안심센터,헤아림,2025년 치매가족교실 헤아림 C,2025-09-02,2025-10-28,10:00,12:00,8,내부인력,8,4,N,Y
서울특별시성북구치매안심센터,헤아림,2025년 치매가족교실 헤아림 B,2025-05-13,2025-07-08,10:00,12:00,7,내부인력,8,4,N,Y
서울특별시성북구치매안심센터,헤아림,2025년 치매가족교실 헤아림 A,2025-03-11,2025-04-29,10:00,12:00,7,내부인력,8,4,N,Y
서울특별시성북구치매안심센터,헤아림,2024년 치매가족교실 헤아림 C,2024-08-06,2024-10-08,14:00,16:00,8,내부인력,8,6,N,Y
서울특별시성북구치매안심센터,희망다이어리,2024년 치매가족교실 희망다이어리B,2024-07-26,2024-09-13,10:00,12:00,6,내부인력,8,6,N,Y
서울특별시성북구치매안심센터,헤아림,2024년 치매가족교실 헤아림 B,2024-05-24,2024-07-12,10:00,12:00,8,내부인력,8,6,N,Y
서울특별시성북구치매안심센터,희망다이어리,2024년 치매가족교실 희망다이어리A,2024-03-08,2024-05-03,10:00,12:00,6,내부인력,8,6,N,Y
서울특별시성북구치매안심센터,헤아림,2024년 치매가족교실 헤아림 A,2024-01-12,2024-03-15,10:00,12:00,8,내부인력,8,6,N,Y
서울특별시성북구치매안심센터,헤아림,치매 가족교실 헤아림 C,2023-11-07,2023-12-26,10:00,12:00,8,내부인력,8,6,N,Y
서울특별시성북구치매안심센터,희망다이어리,치매가족교실 희망다이어리 B,2023-07-28,2023-09-15,10:00,12:00,7,내부인력,8,6,N,Y
서울특별시성북구치매안심센터,헤아림,치매 가족교실 헤아림 B,2023-06-02,2023-07-21,10:00,12:00,8,내부인력,8,6,N,Y
서울특별시성북구치매안심센터,헤아림,MCI 가족교실  헤아림 D,2023-05-02,2023-05-30,10:00,12:00,6,내부인력,8,6,N,Y
서울특별시성북구치매안심센터,희망다이어리,치매 가족교실 희망다이어리 A,2023-02-09,2023-03-30,09:30,11:00,7,내부인력,8,6,N,Y
서울특별시성북구치매안심센터,헤아림,치매가족교실 헤아림 A,2022-12-08,2023-02-02,10:00,12:00,8,내부인력,9,5,N,Y
서울특별시성북구치매안심센터,희망다이어리,2022 치매 가족교실 - '희망 다이어리',2022-07-26,2022-08-23,10:00,12:00,6,내부인력,8,4,N,Y
서울특별시성북구치매안심센터,헤아림,2022 치매 가족교실 - '헤아림',2022-05-10,2022-05-31,09:30,12:30,6,내부인력,8,4,N,Y
서울특별시성북구치매안심센터,헤아림,2022 MCI 가족 프로그램 위드U - '헤아림 플러스',2022-03-03,2022-03-24,09:30,12:30,8,내부인력,8,4,N,Y
서울특별시성북구치매안심센터,희망다이어리,2021년 치매가족교실 온라인 희망 다이어리,2021-11-29,2021-12-23,10:00,12:00,6,내부인력,8,4,Y,Y
서울특별시성북구치매안심센터,헤아림,2021년 오프라인 헤아림 2기,2021-08-24,2021-09-14,09:30,13:00,7,내부인력,8,4,Y,Y
서울특별시성북구치매안심센터,희망다이어리,2021년 치매가족교실 희망 다이어리,2021-07-08,2021-07-30,10:00,12:00,7,내부인력,8,4,Y,Y
서울특별시성북구치매안심센터,헤아림,2021년 오프라인 헤아림 1기,2021-05-06,2021-06-24,10:00,12:00,7,내부인력,8,4,Y,Y
서울특별시성북구치매안심센터,헤아림,2021년 온라인 헤아림 1,2021-04-05,2021-04-29,00:00,00:00,8,내부인력,8,4,Y,Y
서울특별시성북구치매안심센터,희망다이어리,2020년 치매가족교실 희망다이어리,2020-11-09,2020-12-02,14:00,15:00,5,내부인력,8,4,Y,N
서울특별시성북구치매안심센터,헤아림,2020년 헤아림2(온라인),2020-10-06,2020-10-29,00:00,00:00,5,내부인력,8,4,Y,Y
서울특별시성북구치매안심센터,헤아림,2020년 헤아림1(온라인),2020-07-21,2020-08-13,09:30,10:30,5,내부인력,8,4,Y,Y
서울특별시성북구치매안심센터,헤아림,2020년 헤아림1,2020-01-29,2020-03-18,14:00,16:00,5,내부인력,8,4,Y,N
서울특별시성북구치매안심센터,SAVVY Caregiver Program,2019년 SAVVY 3,2019-10-31,2019-12-05,10:00,12:00,7,외부인력,6,4,Y,Y
서울특별시성북구치매안심센터,헤아림,2019년 헤아림4,2019-10-21,2019-12-09,14:00,16:00,6,내부인력,8,4,Y,Y
서울특별시성북구치매안심센터,헤아림,2019년 헤아림3,2019-07-16,2019-09-03,14:00,16:00,6,내부인력,8,4,Y,Y
서울특별시성북구치매안심센터,SAVVY Caregiver Program,2019년 SAVVY 2,2019-07-10,2019-08-14,10:00,12:00,8,외부인력,6,6,Y,Y
서울특별시성북구치매안심센터,SAVVY Caregiver Program,2019년 SAVVY 1,2019-05-03,2019-06-14,10:00,11:30,8,외부인력,6,6,Y,Y
서울특별시성북구치매안심센터,헤아림,2019년 헤아림2,2019-05-03,2019-06-28,14:00,16:00,7,내부인력,8,4,Y,Y
서울특별시성북구치매안심센터,헤아림,2019년 헤아림1,2019-01-22,2019-03-19,10:00,12:00,10,내부인력,8,4,Y,Y
서울특별시성북구치매안심센터,헤아림,헤아림2,2018-09-03,2018-10-29,15:00,17:00,6,내부인력,8,4,Y,Y
서울특별시성북구치매안심센터,희망다이어리,희망다이어리1,2018-06-11,2018-08-27,15:00,17:00,10,내부인력,10,6,Y,Y
서울특별시성북구치매안심센터,헤아림,헤아림1,2018-04-02,2018-06-04,15:00,17:00,10,내부인력,8,6,Y,Y
서울특별시송파구치매안심센터,희망다이어리,2025년 희망다이어리 1기,2025-09-11,2025-11-13,09:00,11:00,14,내부인력,8,6,Y,N
서울특별시송파구치매안심센터,희망다이어리,2024년 희망다이어리교육 3기,2024-09-24,2024-10-24,14:00,16:00,10,내부인력,8,4,Y,Y
서울특별시송파구치매안심센터,희망다이어리,2024년 희망다이어리교육 2기,2024-06-19,2024-08-07,14:00,16:00,10,내부인력,8,4,Y,Y
서울특별시송파구치매안심센터,희망다이어리,2024년 희망다이어리 교육 1기,2024-04-16,2024-06-04,10:00,12:00,8,내부인력,8,6,Y,Y
서울특별시송파구치매안심센터,희망다이어리,2023년 하반기 희망다이어리교육,2023-08-23,2023-10-11,14:00,16:00,10,내부인력,8,4,Y,Y
서울특별시송파구치매안심센터,기타,2023년 가치돌봄,2023-06-28,2023-08-16,14:00,15:30,8,내부인력,8,6,Y,Y
서울특별시송파구치매안심센터,희망다이어리,2023년 상반기 희망다이어리 교육,2023-04-25,2023-06-20,10:30,12:30,10,내부인력,8,4,Y,Y
서울특별시송파구치매안심센터,헤아림,2023년 헤아림 가족교육,2023-03-08,2023-04-26,10:00,12:00,15,내부인력,8,4,Y,Y
서울특별시송파구치매안심센터,헤아림,2022년 헤아림 가족교실,2022-06-15,2022-08-03,10:30,12:00,10,내부인력,8,4,Y,Y
서울특별시송파구치매안심센터,희망다이어리,2022년 희망다이어리(오프라인),2022-02-09,2022-04-20,10:30,12:30,10,내부인력,10,5,Y,Y
서울특별시송파구치매안심센터,헤아림,2021년 헤아림가족교실,2021-03-04,2021-05-06,10:30,12:00,10,내부인력,9,4,Y,Y
서울특별시송파구치매안심센터,헤아림,헤아림 가족교실 3기,2019-08-14,2019-10-16,10:30,11:30,10,내부인력,8,4,Y,Y
서울특별시송파구치매안심센터,희망다이어리,2019년 희망다이어리,2019-06-20,2019-08-29,13:30,15:00,15,내부인력,10,5,Y,Y
서울특별시송파구치매안심센터,SAVVY Caregiver Program,savvy 가족교실,2019-04-16,2019-06-04,10:00,11:30,10,외부인력,7,4,Y,Y
서울특별시송파구치매안심센터,헤아림,헤아림 가족교실 2기,2019-02-21,2019-04-18,13:30,14:30,10,내부인력,8,4,Y,Y
서울특별시송파구치매안심센터,헤아림,헤아림 가족교실 1기,2019-02-01,2019-03-29,10:30,11:30,10,내부인력,8,4,Y,Y
서울특별시송파구치매안심센터,헤아림,헤아림 가족교실 2기,2018-09-13,2018-11-01,10:30,12:00,9,내부인력,8,4,Y,Y
서울특별시송파구치매안심센터,헤아림,헤아림 가족교실 1기,2018-08-07,2018-09-20,10:30,12:00,9,내부인력,8,4,Y,Y
서울특별시송파구치매안심센터,SAVVY Caregiver Program,savvy 가족교실,2018-04-12,2018-05-24,10:30,12:00,10,외부인력,7,6,Y,Y
서울특별시양천구치매안심센터,희망다이어리,2025년 희망다이어리 ver2.0,2025-09-02,2025-09-30,14:00,15:00,6,내부인력,9,6,N,Y
서울특별시양천구치매안심센터,헤아림,2025년 헤아림 가족교실 1기,2025-03-07,2025-03-28,14:00,17:00,6,내부인력,8,6,Y,Y
서울특별시양천구치매안심센터,희망다이어리,2024년 희망다이어리 2기 가족교실 (목3동 치매안심마을),2024-08-07,2024-08-28,09:00,12:00,6,내부인력,8,6,N,Y
서울특별시양천구치매안심센터,헤아림,2024년 헤아림 2기 가족교실(목3동 치매안심마을),2024-07-10,2024-07-31,09:00,12:00,8,내부인력,8,6,Y,Y
서울특별시양천구치매안심센터,희망다이어리,2024년 희망다이어리 1기,2024-04-09,2024-05-02,10:00,12:00,6,내부인력,8,6,Y,Y
서울특별시양천구치매안심센터,헤아림,2024년 헤아림 가족교실 1기,2024-03-05,2024-03-26,13:30,16:30,7,외부인력,8,6,Y,Y
서울특별시양천구치매안심센터,헤아림,2023년 헤아림 가족교실,2023-08-28,2023-09-21,14:00,16:00,10,내부인력,8,6,Y,Y
서울특별시양천구치매안심센터,희망다이어리,2023년 2기 희망다이어리ver2.0 오프라인,2023-06-26,2023-07-20,14:00,16:00,6,내부인력,8,4,Y,Y
서울특별시양천구치매안심센터,희망다이어리,2023년 희망다이어리ver 2.0,2023-04-06,2023-05-04,14:00,16:00,6,내부인력,8,4,N,Y
서울특별시양천구치매안심센터,일상의 회복,2023년 헤아림- 일상의 회복,2023-02-06,2023-02-27,10:00,12:00,6,내부인력,4,3,Y,Y
서울특별시양천구치매안심센터,희망다이어리,2022년 희망다이어리ver2.0,2022-09-13,2022-10-06,14:00,15:30,6,내부인력,8,6,Y,Y
서울특별시양천구치매안심센터,희망다이어리,2022년 희망다이어리ver2.0 온라인,2022-08-02,2022-08-25,14:00,15:30,5,내부인력,8,6,Y,Y
서울특별시양천구치매안심센터,일상의 회복,2022년 헤아림-일상의회복 1기,2022-05-09,2022-05-30,10:00,12:00,5,내부인력,4,3,Y,Y
서울특별시양천구치매안심센터,헤아림,2022년 헤아림 1기,2022-04-05,2022-04-26,14:00,17:00,6,내부인력,8,4,Y,Y
서울특별시양천구치매안심센터,희망다이어리,2021희망다이어리ver2.0 온라인,2021-12-07,2021-12-31,14:00,16:00,6,내부인력,8,4,N,Y
서울특별시양천구치매안심센터,희망다이어리,2021희망다이어리 ver 2.0,2021-09-02,2021-09-30,10:00,12:00,5,내부인력,8,4,Y,Y
서울특별시양천구치매안심센터,기타,2021 일상의 회복 2기,2021-05-03,2021-05-25,14:00,16:00,2,내부인력,4,3,Y,N
서울특별시양천구치매안심센터,기타,2021 일상의 회복 1기,2021-05-03,2021-06-01,14:00,16:00,2,내부인력,4,3,Y,N
서울특별시양천구치매안심센터,헤아림,2021 헤아림(줌),2021-04-06,2021-04-29,14:00,16:00,6,내부인력,8,4,Y,Y
서울특별시양천구치매안심센터,헤아림,2020 헤아림 2기,2020-08-04,2020-08-28,14:00,16:00,8,내부인력,8,4,Y,N
서울특별시양천구치매안심센터,헤아림,2020 헤아림 1기,2020-07-06,2020-07-31,13:00,17:00,5,내부인력,8,4,Y,Y
서울특별시양천구치매안심센터,희망다이어리,2019년 희망다이어리,2019-09-26,2019-10-31,14:00,15:00,10,외부인력,10,5,Y,Y
서울특별시양천구치매안심센터,헤아림,2019년 헤아림 가족교실 3분기,2019-08-01,2019-08-29,14:00,16:00,12,내부인력,8,4,Y,Y
서울특별시양천구치매안심센터,헤아림,2019년 헤아림 가족교실 2분기,2019-06-11,2019-07-04,14:00,16:00,10,내부인력,8,4,Y,Y
서울특별시양천구치매안심센터,헤아림,2019년 헤아림 가족교실 1분기,2019-03-05,2019-03-28,14:00,16:00,10,내부인력,8,4,Y,Y
서울특별시양천구치매안심센터,헤아림,2018 하반기 헤아림 가족교실,2018-09-04,2018-10-02,14:00,16:00,12,내부인력,8,4,Y,Y
서울특별시양천구치매안심센터,헤아림,2018 상반기 헤아림 가족교실,2018-05-15,2018-06-12,14:00,16:00,12,내부인력,8,4,Y,Y
서울특별시영등포구치매안심센터,헤아림,25헤아림2,2025-06-05,2025-07-31,14:00,15:30,8,내부인력,8,6,Y,Y
서울특별시영등포구치매안심센터,헤아림,25헤아림1,2025-06-10,2025-07-29,10:00,11:30,8,내부인력,8,6,Y,Y
서울특별시영등포구치매안심센터,희망다이어리,25희망다이어리2,2025-03-13,2025-05-08,14:00,15:20,8,내부인력,8,6,Y,Y
서울특별시영등포구치매안심센터,희망다이어리,25희망다이어리1,2025-03-11,2025-04-29,10:00,11:20,8,내부인력,8,6,Y,Y
서울특별시영등포구치매안심센터,헤아림,24 헤아림,2024-06-13,2024-08-01,14:00,15:30,8,내부인력,8,6,N,Y
서울특별시영등포구치매안심센터,희망다이어리,24 희망다이어리,2024-06-04,2024-07-23,10:00,11:30,7,내부인력,8,6,N,Y
서울특별시영등포구치매안심센터,헤아림,24 헤아림 플러스,2024-03-21,2024-05-09,10:30,11:30,7,내부인력,8,6,Y,Y
서울특별시영등포구치매안심센터,희망다이어리,24 희망다이어리 플러스,2024-03-18,2024-05-13,14:00,15:30,7,내부인력,8,6,Y,Y
서울특별시영등포구치매안심센터,희망다이어리,23 희망다이어리3,2023-06-15,2023-08-17,10:00,11:00,9,내부인력,10,6,N,Y
서울특별시영등포구치매안심센터,희망다이어리,23 희망다이어리2,2023-03-09,2023-04-27,10:30,11:30,9,내부인력,8,6,N,Y
서울특별시영등포구치매안심센터,희망다이어리,23 희망다이어리1 (일반),2023-03-20,2023-05-22,14:00,15:00,9,내부인력,8,6,N,Y
서울특별시영등포구치매안심센터,희망다이어리,23 희망다이어리1 (기본),2023-03-06,2023-03-13,14:00,15:00,9,내부인력,2,1,N,N
서울특별시영등포구치매안심센터,희망다이어리,22년도 온라인 희망다이어리(B),2022-06-23,2022-09-01,14:30,15:30,15,내부인력,10,8,N,Y
서울특별시영등포구치매안심센터,희망다이어리,22년도 오프라인 희망 다이어리 (A),2022-05-11,2022-07-20,10:30,11:30,5,내부인력,10,7,N,Y
서울특별시영등포구치매안심센터,헤아림,22년도 온라인 헤아림 가족교실(A),2022-03-02,2022-05-04,10:30,12:00,8,내부인력,8,6,N,Y
서울특별시영등포구치매안심센터,희망다이어리,22년도 온라인 희망 다이어리(A),2021-12-20,2022-03-07,10:30,12:00,7,내부인력,10,6,N,Y
서울특별시영등포구치매안심센터,희망다이어리,2021 희망다이어리 가족교실,2021-09-02,2021-10-28,13:30,15:00,4,내부인력,8,4,N,Y
서울특별시영등포구치매안심센터,헤아림,2021 헤아림 가족교실(B),2021-04-08,2021-05-27,13:30,15:00,8,내부인력,8,4,N,Y
서울특별시영등포구치매안심센터,헤아림,2021 헤아림 가족교실(A),2021-03-03,2021-04-28,10:00,11:30,8,내부인력,8,4,N,Y
서울특별시영등포구치매안심센터,헤아림,헤아림 2 가족교실,2020-11-04,2021-01-06,14:00,15:30,8,내부인력,10,4,N,N
서울특별시영등포구치매안심센터,희망다이어리,희망다이어리(온라인),2020-08-04,2020-10-27,10:00,11:00,5,내부인력,10,5,N,N
서울특별시영등포구치매안심센터,헤아림,헤아림 가족교실 (온라인),2020-07-20,2020-09-14,10:00,11:00,5,내부인력,8,4,N,N
서울특별시영등포구치매안심센터,헤아림,헤아림,2019-06-04,2019-07-23,14:00,15:30,7,내부인력,8,5,Y,N
서울특별시영등포구치매안심센터,헤아림,헤아림,2019-03-05,2019-04-23,13:30,15:00,10,내부인력,8,4,Y,N
서울특별시영등포구치매안심센터,헤아림,헤아림,2018-08-07,2018-10-02,14:00,15:30,8,내부인력,8,4,Y,Y
서울특별시영등포구치매안심센터,헤아림,헤아림,2018-06-12,2018-07-31,14:30,16:30,8,내부인력,8,4,Y,Y
서울특별시용산구치매안심센터,희망다이어리,2025 하반기 희망다이어리,2025-08-14,2025-10-02,10:00,12:00,15,내부인력,8,6,N,Y
서울특별시용산구치매안심센터,헤아림,2025 헤아림,2025-05-22,2025-07-10,14:00,16:00,15,내부인력,8,6,N,Y
서울특별시용산구치매안심센터,희망다이어리,2025 희망다이어리,2025-02-06,2025-03-27,10:00,11:50,12,내부인력,8,6,N,Y
서울특별시용산구치매안심센터,가치돌봄(기본),2024가치돌봄,2024-09-06,2024-10-25,10:00,12:00,11,내부인력,1,6,N,Y
서울특별시용산구치매안심센터,헤아림,2024헤아림2,2024-07-25,2024-09-19,14:00,16:00,13,내부인력,8,6,N,Y
서울특별시용산구치매안심센터,일상의 회복,2024 일상의회복,2024-07-22,2024-08-02,10:00,12:00,10,내부인력,4,3,Y,Y
서울특별시용산구치매안심센터,희망다이어리,2024 희망다이어리(5월),2024-05-02,2024-06-20,14:00,16:00,15,내부인력,8,6,N,Y
서울특별시용산구치매안심센터,헤아림,2024 헤아림,2024-03-07,2024-04-25,14:00,16:00,15,내부인력,8,6,Y,Y
서울특별시용산구치매안심센터,희망다이어리,2023 오프라인 희망다이어리(11월),2023-11-09,2023-12-28,14:00,16:00,8,내부인력,8,6,N,Y
서울특별시용산구치매안심센터,일상의 회복,2023 일상의 회복,2023-08-03,2023-08-31,10:00,12:00,9,내부인력,4,3,N,N
서울특별시용산구치매안심센터,기타,단계별 치매환자 돌봄을 위한 가족프로그램(실험군) <2023 가치돌봄>,2023-07-04,2023-08-30,14:00,15:30,7,내부인력,8,6,N,Y
서울특별시용산구치매안심센터,희망다이어리,2023 오프라인 희망다이어리,2023-04-12,2023-05-31,10:00,11:30,10,내부인력,8,6,N,N
서울특별시용산구치매안심센터,헤아림,2023 헤아림1,2023-01-11,2023-03-08,10:00,12:00,11,내부인력,8,6,N,Y
서울특별시용산구치매안심센터,희망다이어리,2022년 온라인 희망다이어리,2022-11-03,2022-12-22,10:00,14:00,8,내부인력,8,6,N,Y
서울특별시용산구치매안심센터,희망다이어리,2022년 오프라인 희망다이어리,2022-08-04,2022-09-22,10:00,12:00,8,내부인력,8,6,N,N
서울특별시용산구치매안심센터,일상의 회복,2022 일상의회복,2022-04-19,2022-04-28,14:00,15:00,7,내부인력,4,4,N,N
서울특별시용산구치매안심센터,헤아림,2022 헤아림2,2022-05-12,2022-06-30,10:00,12:00,6,내부인력,8,6,N,N
서울특별시용산구치매안심센터,헤아림,2022 헤아림1,2022-02-17,2022-04-07,10:00,12:00,10,내부인력,8,6,N,Y
서울특별시용산구치매안심센터,희망다이어리,2021 온라인 희망다이어리,2021-12-16,2022-02-03,10:00,12:00,7,내부인력,8,4,N,N
서울특별시용산구치매안심센터,헤아림,2021 헤아림3,2021-08-12,2021-09-30,10:00,12:00,8,내부인력,8,4,N,Y
서울특별시용산구치매안심센터,희망다이어리,2021 희망다이어리,2021-05-06,2021-06-24,10:00,12:00,4,내부인력,8,4,Y,Y
서울특별시용산구치매안심센터,기타,2021 일상의 회복 시범운영,2021-06-02,2021-06-23,10:00,12:00,7,내부인력,4,3,N,N
서울특별시용산구치매안심센터,헤아림,2021 헤아림2,2021-03-11,2021-04-29,10:00,12:00,6,내부인력,8,4,N,Y
서울특별시용산구치매안심센터,헤아림,2021 헤아림,2021-01-07,2021-03-04,10:00,12:00,6,내부인력,8,4,N,Y
서울특별시용산구치매안심센터,헤아림,2020 헤아림2,2020-11-19,2020-12-17,10:00,11:00,6,내부인력,8,4,N,Y
서울특별시용산구치매안심센터,헤아림,2020 헤아림,2020-08-06,2020-10-29,10:00,12:00,6,내부인력,8,4,Y,Y
서울특별시용산구치매안심센터,헤아림,2019 헤아림4,2019-11-08,2019-12-26,10:00,12:00,10,내부인력,7,4,Y,Y
서울특별시용산구치매안심센터,희망다이어리,2019 희망다이어리,2019-08-01,2019-10-24,10:00,12:00,10,내부인력,13,5,Y,Y
서울특별시용산구치매안심센터,헤아림,2019 헤아림3,2019-05-23,2019-07-18,10:00,12:00,10,내부인력,9,4,Y,Y
서울특별시용산구치매안심센터,헤아림,2019 헤아림2,2019-03-14,2019-05-02,10:00,12:00,15,내부인력,8,4,Y,Y
서울특별시용산구치매안심센터,헤아림,2019 헤아림1,2019-01-03,2019-02-21,10:00,12:00,10,내부인력,8,4,Y,Y
서울특별시용산구치매안심센터,희망다이어리,2018 희망다이어리,2017-11-16,2018-01-18,14:00,15:00,15,내부인력,10,5,Y,Y
서울특별시용산구치매안심센터,헤아림,2018 헤아림3,2018-10-04,2018-11-22,10:00,12:00,15,내부인력,8,4,Y,Y
서울특별시용산구치매안심센터,희망다이어리,2018 희망다이어리2,2018-06-28,2018-08-30,10:00,12:00,15,내부인력,10,5,Y,Y
서울특별시용산구치매안심센터,헤아림,2018 헤아림2,2018-05-03,2018-06-21,10:00,12:00,15,내부인력,8,4,Y,Y
서울특별시용산구치매안심센터,헤아림,2018 헤아림,2018-03-08,2018-04-26,10:00,12:00,15,내부인력,8,4,Y,Y
서울특별시은평구치매안심센터,가치돌봄(집중),2025년 가치돌봄,2025-09-17,2025-11-12,10:00,11:30,10,내부인력,8,6,N,N
서울특별시은평구치매안심센터,헤아림,2025년 헤아림 2기,2025-08-28,2025-11-20,14:00,16:00,10,내부인력,10,6,N,N
서울특별시은평구치매안심센터,희망다이어리,2025년 희망다이어리 1,2025-05-14,2025-07-02,00:00,00:00,10,내부인력,8,6,N,N
서울특별시은평구치매안심센터,헤아림,2025년 헤아림 1기,2025-03-04,2025-05-06,13:30,15:00,8,내부인력,9,5,N,N
서울특별시은평구치매안심센터,헤아림,2024년 헤아림 2기,2024-08-29,2024-10-31,13:00,15:00,20,내부인력,8,5,N,Y
서울특별시은평구치매안심센터,희망다이어리,2024년 희망다이어리 2기,2024-09-03,2024-10-31,13:30,15:00,6,내부인력,8,6,N,Y
서울특별시은평구치매안심센터,희망다이어리,2024년 희망다이어리 1기,2024-02-27,2024-05-02,13:30,15:00,10,내부인력,9,6,Y,Y
서울특별시은평구치매안심센터,헤아림,2024년 헤아림 1기,2024-04-18,2024-07-04,13:30,15:00,8,내부인력,2,6,Y,Y
서울특별시은평구치매안심센터,헤아림,2023년 헤아림 2기,2023-07-27,2023-09-28,10:00,12:00,8,내부인력,10,7,N,Y
서울특별시은평구치매안심센터,희망다이어리,2023년 희망다이어리 2기,2023-08-28,2023-10-30,14:00,16:00,10,내부인력,8,6,Y,Y
서울특별시은평구치매안심센터,헤아림,(불광2동 치매안심마을) 2023년 헤아림 1기,2023-02-07,2023-03-15,09:30,11:30,8,내부인력,9,6,Y,Y
서울특별시은평구치매안심센터,희망다이어리,2023년 희망다이어리 1기,2023-02-07,2023-03-28,13:30,15:30,9,내부인력,8,6,Y,Y
서울특별시은평구치매안심센터,헤아림,헤아림 2기,2022-09-19,2022-10-24,14:00,16:00,15,내부인력,8,6,N,Y
서울특별시은평구치매안심센터,희망다이어리,희망다이어리(오프라인),2022-09-06,2022-09-29,10:00,12:00,7,내부인력,8,5,N,Y
서울특별시은평구치매안심센터,헤아림,헤아림 (온라인) 1기,2022-03-30,2022-05-18,10:00,12:00,8,내부인력,8,4,N,Y
서울특별시은평구치매안심센터,희망다이어리,희망다이어리(온라인),2022-01-18,2022-02-09,10:00,12:00,5,내부인력,8,4,N,Y
서울특별시은평구치매안심센터,희망다이어리,희망다이어리,2021-06-25,2021-08-13,10:00,11:00,5,내부인력,8,4,N,Y
서울특별시은평구치매안심센터,헤아림,헤아림2,2021-06-02,2021-07-21,10:00,12:00,8,내부인력,8,4,Y,Y
서울특별시은평구치매안심센터,헤아림,헤아림 1,2021-02-23,2021-04-13,10:00,12:00,7,내부인력,8,4,Y,Y
서울특별시은평구치매안심센터,헤아림,헤아림,2020-07-14,2020-09-07,10:00,12:00,5,내부인력,8,4,Y,Y
서울특별시은평구치매안심센터,희망다이어리,희망다이어리,2020-03-17,2020-05-19,10:00,11:00,5,내부인력,10,4,Y,N
서울특별시은평구치매안심센터,헤아림,헤아림2,2019-08-14,2019-10-09,10:00,11:00,10,내부인력,8,4,Y,Y
서울특별시은평구치매안심센터,헤아림,헤아림1,2019-06-13,2019-08-01,10:00,12:00,10,내부인력,8,4,Y,Y
서울특별시은평구치매안심센터,희망다이어리,희망다이어리,2019-03-14,2019-05-16,10:00,11:00,10,내부인력,10,7,Y,Y
서울특별시은평구치매안심센터,헤아림,헤아림,2018-07-17,2018-09-11,10:00,12:00,10,내부인력,8,4,Y,Y
서울특별시은평구치매안심센터,헤아림,헤아림 1,2018-05-15,2018-07-03,10:00,12:00,10,내부인력,8,5,Y,Y
서울특별시은평구치매안심센터,희망다이어리,희망다이어리,2018-03-06,2018-05-08,10:30,11:30,8,내부인력,10,4,Y,Y
서울특별시종로구치매안심센터,희망다이어리,희망다이어리(오프라인),2025-06-11,2025-07-30,13:30,15:00,10,내부인력,8,6,N,Y
서울특별시종로구치매안심센터,헤아림,헤아림(오프라인),2025-03-31,2025-04-23,13:30,15:00,10,내부인력,8,6,N,Y
서울특별시종로구치매안심센터,희망다이어리,희망다이어리2기(오프라인),2024-08-20,2024-09-13,15:00,16:30,9,내부인력,8,6,N,Y
서울특별시종로구치매안심센터,헤아림,헤아림(오프라인),2024-06-12,2024-07-10,13:00,14:30,9,내부인력,8,4,N,Y
서울특별시종로구치매안심센터,희망다이어리,희망다이어리1기(오프라인),2024-03-25,2024-04-22,14:30,15:30,6,내부인력,8,6,N,Y
서울특별시종로구치매안심센터,희망다이어리,희망다이어리2기(오프라인),2023-09-11,2023-10-23,13:30,15:00,10,내부인력,8,6,N,Y
서울특별시종로구치매안심센터,헤아림,헤아림(오프라인),2023-08-07,2023-09-04,13:30,15:00,8,내부인력,8,6,N,Y
서울특별시종로구치매안심센터,희망다이어리,희망다이어리1기(오프라인),2023-06-05,2023-06-30,10:00,11:30,5,내부인력,8,6,N,Y
서울특별시종로구치매안심센터,헤아림,헤아림(온라인),2022-08-24,2022-10-12,15:00,16:30,6,내부인력,6,5,N,Y
서울특별시종로구치매안심센터,희망다이어리,희망다이어리(오프라인),2022-08-18,2022-10-20,15:00,16:30,6,내부인력,8,6,Y,Y
서울특별시종로구치매안심센터,희망다이어리,희망다이어리(온라인),2022-01-19,2022-02-16,14:00,15:30,6,내부인력,8,4,N,Y
서울특별시종로구치매안심센터,헤아림,헤아림 가족교실,2021-06-01,2021-06-25,10:00,11:00,10,내부인력,8,4,N,Y
서울특별시종로구치매안심센터,헤아림,헤아림 가족교실,2020-11-26,2020-12-17,10:00,11:30,8,내부인력,4,2,N,N
서울특별시종로구치매안심센터,헤아림,헤아림가족교실,2019-08-01,2019-08-29,14:30,15:30,8,내부인력,8,3,Y,Y
서울특별시종로구치매안심센터,헤아림,헤아림가족교실,2019-06-10,2019-07-03,14:30,15:30,8,내부인력,8,4,Y,Y
서울특별시종로구치매안심센터,헤아림,헤아림가족교실,2018-07-27,2018-09-14,14:30,15:30,10,내부인력,8,4,Y,Y
서울특별시종로구치매안심센터,헤아림,헤아림가족교실,2018-04-19,2018-06-07,14:30,15:30,10,내부인력,8,4,Y,Y
서울특별시중구치매안심센터,가치돌봄(집중),가치돌봄,2025-06-10,2025-08-05,10:00,12:00,8,내부인력,8,6,N,Y
서울특별시중구치매안심센터,희망다이어리,희망다이어리 ver2.0 가족교실,2025-02-24,2025-04-15,10:00,12:00,8,내부인력,8,6,N,Y
서울특별시중구치매안심센터,희망다이어리,3기 희망다이어리 ver2.0 가족교실,2024-08-13,2024-10-15,10:00,12:00,9,내부인력,8,6,N,Y
서울특별시중구치매안심센터,기타,일상의 회복,2024-06-25,2024-07-16,10:00,12:00,6,내부인력,4,3,N,Y
서울특별시중구치매안심센터,희망다이어리,2기 희망다이어리 ver2.0 가족교실,2024-05-23,2024-07-18,10:00,12:00,9,내부인력,8,6,N,Y
서울특별시중구치매안심센터,희망다이어리,희망다이어리 ver2.0 가족교실,2024-02-29,2024-04-18,10:00,12:00,9,내부인력,8,6,N,Y
서울특별시중구치매안심센터,희망다이어리,2기 희망다이어리 Ver 2.0 가족교실,2023-08-30,2023-10-18,10:00,12:00,10,내부인력,8,6,N,Y
서울특별시중구치매안심센터,헤아림,2023 2기 헤아림 가족교실,2023-07-13,2023-09-07,10:00,12:00,9,내부인력,8,6,N,Y
서울특별시중구치매안심센터,희망다이어리,희망다이어리 ver2.0  가족교실,2023-05-18,2023-07-06,10:00,12:00,8,내부인력,8,6,N,N
서울특별시중구치매안심센터,헤아림,2023 헤아림 가족교실,2023-03-09,2023-04-27,10:30,12:30,6,내부인력,8,6,N,Y
서울특별시중구치매안심센터,희망다이어리,2기 희망다이어리 ver 2.0 가족교실,2022-08-17,2022-09-07,15:00,16:30,6,내부인력,4,6,N,N
서울특별시중구치매안심센터,헤아림,6기 헤아림 가족교실,2022-05-04,2022-06-22,14:30,16:30,10,내부인력,8,6,N,Y
서울특별시중구치매안심센터,희망다이어리,"""희망 온에어"" (온라인 희망다이어리 ver2.0 가족교실)",2022-01-25,2022-02-24,14:00,15:30,5,내부인력,8,4,N,Y
서울특별시중구치매안심센터,기타,하고 3!!! (VR 가상현실 이용한 가족교실)-B(대조군),2021-11-30,2022-01-21,10:00,17:00,5,내부인력,15,2,N,Y
서울특별시중구치매안심센터,기타,하고 3!!! (VR 가상현실 이용한 가족교실)-A(실험군),2021-11-30,2022-01-21,10:00,17:00,8,내부인력,24,2,N,Y
서울특별시중구치매안심센터,희망다이어리,1기  희망다이어리 ver.2.0  가족교실,2021-07-14,2021-09-23,14:30,16:30,4,내부인력,8,4,N,N
서울특별시중구치매안심센터,기타,2021년 일상의 회복 시범 가족교실,2021-06-02,2021-06-23,14:30,16:30,4,내부인력,4,3,N,N
서울특별시중구치매안심센터,헤아림,5기 헤아림 가족교실,2021-02-24,2021-03-17,14:00,15:30,4,내부인력,8,4,N,N
서울특별시중구치매안심센터,희망다이어리,희망다이어리 ver.2.0 시범 가족교실,2020-11-09,2020-11-30,13:30,15:00,5,내부인력,4,3,N,N
서울특별시중구치매안심센터,헤아림,4기 헤아림 가족교실,2020-01-29,2020-03-18,13:30,14:50,5,내부인력,8,4,Y,N
서울특별시중구치매안심센터,헤아림,3기 헤아림 가족교실,2019-10-02,2019-12-26,13:30,14:30,7,내부인력,8,4,Y,N
서울특별시중구치매안심센터,희망다이어리,희망다이어리 가족교육,2019-06-21,2019-08-28,13:30,14:30,6,내부인력,10,4,Y,Y
서울특별시중구치매안심센터,헤아림,2기 헤아림 가족교실,2019-02-20,2019-04-24,13:30,14:30,8,내부인력,8,4,Y,Y
서울특별시중구치매안심센터,희망다이어리,희망다이어리 가족모임,2018-09-03,2018-10-31,13:00,14:30,6,내부인력,10,4,Y,Y
서울특별시중구치매안심센터,휴식공간,치매가족 한방침진료,2018-01-01,2018-12-31,13:30,15:00,20,외부인력,9,5,Y,Y
서울특별시중구치매안심센터,헤아림,헤아림 가족교실,2018-05-16,2018-09-26,13:00,14:30,5,내부인력,4,4,Y,N
서울특별시중구치매안심센터,휴식공간,행복동네 가족모임(이미용서비스),2018-04-26,2018-12-27,13:00,15:00,15,외부인력,7,5,Y,Y
서울특별시중구치매안심센터,휴식공간,행복동네 가족모임(드림하티 가족원예),2018-01-22,2018-12-31,11:00,12:00,10,외부인력,6,10,Y,Y
서울특별시중구치매안심센터,휴식공간,행복동네 가족모임(이화여대 음악치료),2018-01-01,2018-12-24,13:00,13:50,5,외부인력,10,10,Y,N
서울특별시중랑구치매안심센터,희망다이어리,2025 희망다이어리 가족교실,2025-09-02,2025-10-28,10:00,11:30,10,내부인력,8,6,N,N
서울특별시중랑구치매안심센터,헤아림,2025 헤아림 가족교실,2025-02-11,2025-04-01,10:00,11:30,10,내부인력,8,6,N,Y
서울특별시중랑구치매안심센터,가치돌봄(집중),2024 가치돌봄 가족교실,2024-08-27,2024-10-29,10:00,11:30,10,내부인력,10,6,N,Y
서울특별시중랑구치매안심센터,희망다이어리,2024 희망다이어리2 가족교실,2024-06-11,2024-07-30,10:00,11:30,10,내부인력,8,6,N,Y
서울특별시중랑구치매안심센터,희망다이어리,2024 희망다이어리1 가족교실,2024-04-16,2024-06-04,10:00,11:30,10,내부인력,8,6,N,Y
서울특별시중랑구치매안심센터,헤아림,2024 헤아림 가족교실,2024-02-20,2024-04-09,10:00,11:30,10,내부인력,8,6,N,Y
서울특별시중랑구치매안심센터,희망다이어리,2023 희망다이어리2 가족교실,2023-09-05,2023-10-31,09:30,11:00,10,내부인력,8,6,N,Y
서울특별시중랑구치매안심센터,희망다이어리,2023 희망다이어리1 가족교실,2023-07-04,2023-08-29,09:30,11:00,10,내부인력,8,6,N,Y
서울특별시중랑구치매안심센터,기타,단계별 치매환자 돌봄 가족프로그램,2023-05-02,2023-06-27,10:00,11:30,10,내부인력,8,6,N,Y
서울특별시중랑구치매안심센터,헤아림,2023 헤아림 가족교실,2023-02-21,2023-04-11,10:00,11:30,10,내부인력,8,6,N,Y
서울특별시중랑구치매안심센터,희망다이어리,2022 희망다이어리 가족교실,2022-08-26,2022-10-21,10:00,11:30,7,내부인력,8,6,N,Y
서울특별시중랑구치매안심센터,희망다이어리,2022 온라인 희망다이어리 가족교실,2022-07-27,2022-09-14,10:00,11:30,8,내부인력,8,6,N,Y
서울특별시중랑구치매안심센터,헤아림,2022 헤아림 가족교실,2022-05-04,2022-06-29,10:00,11:30,8,내부인력,8,5,N,Y
서울특별시중랑구치매안심센터,희망다이어리,2022 희망다이어리 가족교실 (온라인),2022-01-17,2022-02-17,10:00,11:30,7,내부인력,8,5,N,Y
서울특별시중랑구치매안심센터,희망다이어리,2021 희망다이어리 가족교실,2021-08-06,2021-10-08,10:00,11:30,7,내부인력,10,8,N,Y
서울특별시중랑구치매안심센터,헤아림,2021 헤아림 가족교실,2021-05-31,2021-07-19,10:00,11:30,8,내부인력,8,6,N,Y
서울특별시중랑구치매안심센터,헤아림,2020년 헤아림,2020-09-01,2020-10-20,10:00,11:30,7,내부인력,8,6,Y,Y
서울특별시중랑구치매안심센터,헤아림,2019 헤아림,2019-09-03,2019-10-22,10:00,11:30,8,내부인력,8,6,Y,Y
서울특별시중랑구치매안심센터,희망다이어리,2019년 희망다이어리,2019-03-15,2019-05-17,10:00,11:30,15,내부인력,10,6,Y,Y
서울특별시중랑구치매안심센터,희망다이어리,2018 희망다이어리,2018-05-25,2018-07-27,13:30,15:00,8,내부인력,10,6,Y,Y
서울특별시중랑구치매안심센터,헤아림,2018 헤아림,2018-03-09,2018-04-27,14:00,16:00,9,내부인력,8,6,Y,Y
부산광역시강서구치매안심센터,헤아림,2025년 치매환자 헤아림 가족교실[1기],2025-06-13,2025-07-04,13:00,16:00,10,내부인력,8,6,Y,Y
부산광역시강서구치매안심센터,헤아림,2024년 치매환자 헤아림 가족교실[1기],2024-04-12,2024-05-03,13:00,13:40,11,외부인력,8,2,Y,Y
부산광역시강서구치매안심센터,헤아림,2023 가족교실 1기,2023-04-07,2023-04-28,13:00,15:40,10,외부인력,4,2,Y,Y
부산광역시강서구치매안심센터,헤아림,2022 헤아림 가족교실 1기,2022-06-24,2022-08-12,14:00,16:00,4,내부인력,8,4,Y,Y
부산광역시강서구치매안심센터,헤아림,헤아림가족교실,2021-06-08,2021-07-27,14:00,16:00,8,내부인력,8,5,Y,Y
부산광역시강서구치매안심센터,헤아림,헤아림가족교실,2021-03-09,2021-04-27,14:00,16:00,5,내부인력,8,5,Y,Y
부산광역시강서구치매안심센터,헤아림,헤아림가족교실,2020-07-06,2020-07-29,13:30,15:30,8,내부인력,8,5,Y,N
부산광역시강서구치매안심센터,헤아림,헤아림 가족교실,2019-05-23,2019-07-18,14:00,16:00,12,내부인력,8,5,Y,Y
부산광역시강서구치매안심센터,헤아림,헤아림 가족교실,2019-05-07,2019-06-25,14:00,16:00,14,내부인력,8,5,Y,Y
부산광역시강서구치매안심센터,헤아림,헤아림 가족교실,2018-09-05,2018-10-24,14:00,16:00,8,내부인력,8,4,Y,Y
부산광역시강서구치매안심센터,헤아림,헤아림가족교실,2018-06-04,2018-07-09,14:00,16:00,7,내부인력,8,5,Y,Y
부산광역시금정구치매안심센터,헤아림,25년 치매환자가족교실 헤아림 2기,2025-09-01,2025-10-27,09:30,11:30,10,내부인력,8,4,N,Y
부산광역시금정구치매안심센터,헤아림,25년 치매환자가족교실 헤아림 1기,2025-02-17,2025-04-14,00:00,00:00,10,내부인력,8,4,N,Y
부산광역시금정구치매안심센터,헤아림,24년 치매환자가족교실 헤아림 2기,2024-10-07,2024-11-25,09:30,11:30,10,내부인력,8,4,N,Y
부산광역시금정구치매안심센터,헤아림,24년 치매환자가족교실 헤아림 1기,2024-02-19,2024-04-08,09:30,11:00,10,내부인력,8,1,N,Y
부산광역시금정구치매안심센터,헤아림,2023년 치매환자가족교실 헤아림 2기,2023-11-08,2023-11-29,09:30,12:30,10,내부인력,8,1,N,Y
부산광역시금정구치매안심센터,기타,2023년 치매환자가족교실 헤아림 1기,2023-05-17,2023-07-05,09:30,11:30,12,내부인력,8,4,N,Y
부산광역시금정구치매안심센터,헤아림,2022년 치매환자가족교실 헤아림 1기,2022-06-08,2022-07-27,09:30,11:30,8,내부인력,8,2,N,Y
부산광역시금정구치매안심센터,기타,"치매가족 자기 돌봄 프로그램 ""일상의 회복""",2021-06-01,2021-06-15,10:00,12:00,7,내부인력,4,3,N,N
부산광역시금정구치매안심센터,헤아림,"2020년 치매가족교실""헤아림""1기",2020-10-19,2020-10-30,10:00,12:00,8,내부인력,8,4,Y,Y
부산광역시금정구치매안심센터,헤아림,2019년 가족교실 헤아림3기,2019-11-04,2019-11-27,10:00,12:00,10,내부인력,8,4,Y,Y
부산광역시금정구치매안심센터,헤아림,2019년 가족교실 헤아림 2기,2019-06-12,2019-07-31,10:00,12:00,10,내부인력,8,4,Y,Y
부산광역시금정구치매안심센터,헤아림,2019년 가족 교실 헤아림 1기,2019-03-05,2019-04-23,10:00,12:00,12,내부인력,8,4,Y,Y
부산광역시금정구치매안심센터,헤아림,헤아림 가족교실 2기,2018-09-05,2018-10-30,10:00,12:00,10,내부인력,8,4,Y,Y
부산광역시금정구치매안심센터,헤아림,헤아림 가족교실 1기,2018-05-14,2018-07-02,13:00,15:00,15,내부인력,8,4,Y,Y
부산광역시기장군치매안심센터,헤아림,2025년 하반기 헤아림 가족교실,2025-10-16,2025-12-04,14:00,16:00,8,내부인력,8,1,N,N
부산광역시기장군치매안심센터,헤아림,2025년 상반기 헤아림 가족교실,2025-05-15,2025-07-03,14:00,16:00,9,내부인력,8,1,N,Y
부산광역시기장군치매안심센터,헤아림,2024년 헤아림 가족교실 하반기,2024-10-08,2024-11-28,14:00,16:00,7,내부인력,8,1,N,Y
부산광역시기장군치매안심센터,헤아림,24년 헤아림 가족교실(상반기),2024-05-07,2024-06-26,14:00,15:30,6,내부인력,8,1,N,Y
부산광역시기장군치매안심센터,헤아림,2023 헤아림가족교실 2기(정관),2023-09-14,2023-11-03,14:00,16:00,7,내부인력,8,1,N,Y
부산광역시기장군치매안심센터,헤아림,2023 헤아림가족교실 1기(기장),2023-03-16,2023-05-25,10:00,12:00,10,내부인력,8,1,N,Y
부산광역시기장군치매안심센터,헤아림,헤아림 가족교실 8기,2022-05-31,2022-07-01,14:00,16:00,7,내부인력,8,1,N,Y
부산광역시기장군치매안심센터,헤아림,헤아림 가족교실 7기,2021-06-22,2021-07-15,10:00,12:00,8,내부인력,8,4,Y,Y
부산광역시기장군치매안심센터,헤아림,헤아림 가족교실 6기,2019-09-19,2019-11-14,10:00,12:00,10,내부인력,8,6,Y,Y
부산광역시기장군치매안심센터,헤아림,헤아림 가족교실 5기,2019-06-13,2019-08-01,10:00,12:00,10,내부인력,8,6,Y,N
부산광역시기장군치매안심센터,헤아림,헤아림 가족교실 4기,2019-04-11,2019-05-30,10:00,12:00,10,내부인력,8,6,Y,N
부산광역시기장군치매안심센터,헤아림,헤아림 가족교실 3기,2019-02-14,2019-04-04,10:00,12:00,10,내부인력,8,4,Y,Y
부산광역시기장군치매안심센터,휴식공간,희망돌보미,2018-11-23,2018-11-23,10:00,11:30,30,내부인력,1,1,Y,Y
부산광역시기장군치매안심센터,헤아림,헤아림가족교실 2기,2018-09-06,2018-10-25,10:00,12:00,8,내부인력,8,4,Y,Y
부산광역시기장군치매안심센터,헤아림,헤아림가족교실 1기,2018-05-10,2018-07-26,14:00,16:00,8,내부인력,8,4,Y,Y
부산광역시남구치매안심센터,헤아림,2025년 하반기 헤아림,2025-11-05,2025-12-01,10:00,12:00,10,내부인력,8,4,Y,N
부산광역시남구치매안심센터,헤아림,2025년 상반기 헤아림,2025-05-22,2025-06-19,10:00,12:00,10,내부인력,8,4,Y,Y
부산광역시남구치매안심센터,헤아림,2024년 하반기 헤아림,2024-10-22,2024-11-14,10:00,12:00,11,내부인력,8,4,Y,Y
부산광역시남구치매안심센터,헤아림,2024년 상반기 헤아림,2024-06-03,2024-06-28,10:00,12:00,11,내부인력,8,4,Y,Y
부산광역시남구치매안심센터,헤아림,2023년 헤아림,2023-09-04,2023-11-06,10:00,12:00,10,내부인력,8,4,Y,Y
부산광역시남구치매안심센터,기타,단계별 치매환자 돌봄을 위한 가족프로그램(실험군),2023-05-22,2023-07-17,10:00,12:00,4,내부인력,8,6,N,Y
부산광역시남구치매안심센터,헤아림,2020년 헤아림1기(화),2020-06-10,2020-07-29,10:00,12:00,7,내부인력,8,4,Y,Y
부산광역시남구치매안심센터,헤아림,2019년 헤아림2 기 (화),2019-06-04,2019-07-23,14:00,16:00,18,내부인력,8,6,Y,N
부산광역시남구치매안심센터,헤아림,2019년 헤아림 1기(화),2019-04-02,2019-05-21,14:00,16:00,15,내부인력,8,6,Y,Y
부산광역시남구치매안심센터,헤아림,"2차 헤아림(매주 월, 목)",2018-09-03,2018-10-04,10:00,12:00,15,내부인력,8,4,Y,Y
부산광역시남구치매안심센터,헤아림,헤아림(매주 목),2018-05-24,2018-07-12,10:00,12:00,15,내부인력,8,4,Y,Y
부산광역시동구치매안심센터,헤아림,"2025년 치매가족교실""헤아림""2기",2025-10-16,2025-12-04,14:00,16:00,10,내부인력,8,4,N,N
부산광역시동구치매안심센터,헤아림,"2025년 치매가족교실""헤아림""1기",2025-03-10,2025-04-28,14:00,16:00,10,내부인력,8,4,N,Y
부산광역시동구치매안심센터,헤아림,"2024년 하반기  치매가족""헤아림""2기",2024-10-08,2024-11-26,14:00,16:00,10,내부인력,8,4,N,Y
부산광역시동구치매안심센터,헤아림,"2024년 상반기 가족교실""헤아림""1기",2024-04-19,2024-06-07,14:00,16:00,10,내부인력,8,4,N,Y
부산광역시동구치매안심센터,헤아림,2023년 헤아림 2기,2023-06-05,2023-09-11,15:30,17:30,10,내부인력,8,4,N,Y
부산광역시동구치매안심센터,헤아림,2023년 헤아림 1기,2023-03-08,2023-04-26,14:00,16:00,11,내부인력,8,4,N,Y
부산광역시동구치매안심센터,헤아림,2022년 헤아림 2기,2022-09-28,2022-11-16,14:00,16:00,10,내부인력,8,4,N,Y
부산광역시동구치매안심센터,헤아림,2022년 헤아림,2022-05-12,2022-06-30,14:00,16:00,10,내부인력,8,4,Y,Y
부산광역시동구치매안심센터,헤아림,2019. 헤아림2기,2019-06-13,2019-08-01,14:00,16:00,10,내부인력,8,6,Y,Y
부산광역시동구치매안심센터,헤아림,2019. 헤아림1기,2019-04-04,2019-05-30,14:00,16:00,7,내부인력,8,4,Y,Y
부산광역시동구치매안심센터,헤아림,2018. 헤아림2기,2018-09-06,2018-10-25,10:00,12:00,11,내부인력,8,6,Y,Y
부산광역시동구치매안심센터,헤아림,2018. 헤아림 1기,2018-06-04,2018-07-23,14:00,16:00,15,내부인력,8,4,Y,N
부산광역시동래구치매안심센터,헤아림,2025 헤아림가족교실 2기,2025-08-05,2025-09-23,14:00,15:00,10,내부인력,8,1,Y,Y
부산광역시동래구치매안심센터,헤아림,2025 헤아림가족교실 1기,2025-03-05,2025-04-30,14:00,16:00,10,내부인력,8,1,Y,Y
부산광역시동래구치매안심센터,헤아림,2024 헤아림가족교실 2기,2024-09-26,2024-11-21,14:00,16:00,10,내부인력,8,3,Y,Y
부산광역시동래구치매안심센터,헤아림,2024 헤아림가족교실 1기,2024-04-04,2024-05-23,14:00,16:00,10,내부인력,8,3,Y,Y
부산광역시동래구치매안심센터,헤아림,2023 헤아림가족교실 2기,2023-11-02,2023-11-23,13:00,16:00,10,내부인력,8,1,Y,Y
부산광역시동래구치매안심센터,헤아림,2023 헤아림가족교실 1기,2023-03-30,2023-05-18,14:00,16:00,10,내부인력,8,3,Y,Y
부산광역시동래구치매안심센터,헤아림,2022 헤아림가족교실 2기,2022-07-19,2022-08-12,15:00,17:00,5,내부인력,8,3,Y,Y
부산광역시동래구치매안심센터,헤아림,2022 헤아림가족교실 1기,2022-07-19,2022-08-12,13:00,15:00,5,내부인력,8,3,Y,Y
부산광역시동래구치매안심센터,헤아림,2021 헤아림가족교실 2기,2021-04-05,2021-05-24,14:00,16:00,6,내부인력,8,3,Y,Y
부산광역시동래구치매안심센터,헤아림,2021 헤아림가족교실 1기,2021-04-05,2021-05-24,09:00,11:00,6,내부인력,8,3,Y,Y
부산광역시동래구치매안심센터,헤아림,2020 헤아림가족교실 2기,2020-07-07,2020-07-30,14:00,16:00,6,외부인력,8,3,Y,Y
부산광역시동래구치매안심센터,헤아림,2020 헤아림가족교실 1기,2020-01-07,2020-02-04,09:00,11:00,12,외부인력,5,3,Y,Y
부산광역시동래구치매안심센터,헤아림,2019 헤아림가족교실 3기,2019-12-17,2019-12-31,09:00,11:00,12,외부인력,3,1,Y,Y
부산광역시동래구치매안심센터,헤아림,2019 헤아림가족교실 2기,2019-05-23,2019-07-18,14:00,16:00,14,내부인력,8,4,Y,Y
부산광역시동래구치매안심센터,헤아림,2019 헤아림가족교실 1기,2019-02-14,2019-04-04,14:00,16:00,12,내부인력,8,4,Y,Y
부산광역시동래구치매안심센터,헤아림,2018 헤아림가족교실 2기,2018-07-26,2018-09-11,15:00,17:00,10,내부인력,8,6,Y,Y
부산광역시동래구치매안심센터,헤아림,2018 헤아림가족교실 1기,2018-05-24,2018-07-12,10:00,12:00,12,내부인력,8,6,Y,Y
부산광역시부산진구치매안심센터,헤아림,2025년 헤아림 가족교실 2기,2025-10-23,2025-12-11,13:30,15:30,10,내부인력,8,3,N,N
부산광역시부산진구치매안심센터,헤아림,2025년 헤아림 가족교실 1기,2025-03-11,2025-04-29,10:00,12:00,10,내부인력,8,3,Y,Y
부산광역시부산진구치매안심센터,헤아림,2024년 헤아림 가족교실 (3기),2024-10-24,2024-12-12,10:00,12:00,12,내부인력,8,4,N,Y
부산광역시부산진구치매안심센터,헤아림,2024년 헤아림 가족교실 (2기),2024-05-07,2024-06-18,13:30,15:30,6,내부인력,8,6,N,Y
부산광역시부산진구치매안심센터,헤아림,2024년 헤아림 가족교실  (1기),2024-01-18,2024-02-15,14:00,16:00,12,내부인력,8,2,N,N
부산광역시부산진구치매안심센터,헤아림,2023년 헤아림 가족교실(3기),2023-09-12,2023-10-31,10:00,12:00,13,내부인력,8,7,N,N
부산광역시부산진구치매안심센터,헤아림,2023년 헤아림 가족교실(2기),2023-04-14,2023-05-26,14:00,16:30,18,내부인력,9,6,Y,N
부산광역시부산진구치매안심센터,헤아림,2023 헤아림 가족교실 1기,2023-03-09,2023-03-30,10:00,12:00,10,내부인력,8,6,Y,Y
부산광역시부산진구치매안심센터,헤아림,2022 헤아림 가족교실 2기,2022-09-23,2022-10-28,14:00,16:30,14,내부인력,9,8,Y,Y
부산광역시부산진구치매안심센터,헤아림,2022 헤아림 가족교실 1기,2022-05-11,2022-06-15,14:00,16:30,15,내부인력,9,6,Y,Y
부산광역시부산진구치매안심센터,헤아림,야외(기타-2021년 헤아림 가족교실 원예체험),2021-11-17,2021-11-17,10:00,12:00,4,외부인력,9,1,Y,N
부산광역시부산진구치매안심센터,헤아림,2021  헤아림가족교실2기,2021-10-13,2021-11-17,14:00,16:30,8,내부인력,8,4,Y,Y
부산광역시부산진구치매안심센터,헤아림,야외(기타-2021년 헤아림 가족교실 도예체험),2021-06-11,2021-06-11,14:00,15:00,8,내부인력,1,1,Y,N
부산광역시부산진구치매안심센터,헤아림,2021년 헤아림 가족교실(1기),2021-05-06,2021-06-11,14:00,17:00,8,내부인력,9,4,Y,Y
부산광역시부산진구치매안심센터,헤아림,2020년 헤아림 가족교실(2기),2020-08-05,2020-11-04,14:00,16:00,8,내부인력,8,4,Y,Y
부산광역시부산진구치매안심센터,헤아림,2020년 헤아림 가족교실(1기),2020-02-12,2020-06-24,14:00,16:00,9,내부인력,8,4,Y,Y
부산광역시부산진구치매안심센터,헤아림,2019 가족교실(2기),2019-06-12,2019-08-02,14:00,16:00,8,내부인력,8,6,Y,Y
부산광역시부산진구치매안심센터,헤아림,2019 가족교실(1기),2019-02-13,2019-04-10,14:00,16:00,8,내부인력,8,6,Y,Y
부산광역시부산진구치매안심센터,헤아림,헤아림 가족교실,2018-09-05,2018-11-14,10:00,12:00,8,내부인력,8,4,Y,Y
부산광역시부산진구치매안심센터,헤아림,헤아림 마음알아주기,2018-03-21,2018-05-09,14:00,16:00,8,외부인력,8,4,Y,Y
부산광역시북구치매안심센터,헤아림,2025년 치매 가족교실(헤아림 가족교실) - 하반기,2025-09-15,2025-11-10,10:00,12:00,8,내부인력,8,5,Y,N
부산광역시북구치매안심센터,헤아림,2025년 치매 가족교실(헤아림 가족교실) - 상반기,2025-05-12,2025-06-30,09:00,12:00,8,내부인력,8,5,Y,Y
부산광역시북구치매안심센터,헤아림,2024 하반기 헤아림 가족교실,2024-10-10,2024-11-28,10:00,12:00,10,내부인력,8,5,Y,Y
부산광역시북구치매안심센터,헤아림,2024 상반기 헤아림 가족교실,2024-05-16,2024-07-11,10:00,12:00,10,내부인력,8,5,N,Y
부산광역시북구치매안심센터,헤아림,2023년 하반기 헤아림 가족교실,2023-10-12,2023-11-30,10:00,12:00,10,내부인력,8,7,Y,Y
부산광역시북구치매안심센터,헤아림,2023 상반기 헤아림 가족 교실,2023-05-18,2023-07-06,10:00,12:00,9,내부인력,8,6,Y,Y
부산광역시북구치매안심센터,헤아림,덕천동 치매안심마을 - 2022 헤아림 가족교실(C반),2022-09-13,2022-10-06,13:30,15:30,7,내부인력,8,4,Y,Y
부산광역시북구치매안심센터,헤아림,덕천동 치매안심마을 - 2022 헤아림 가족교실(B반),2022-05-04,2022-07-06,10:00,12:00,5,내부인력,8,4,N,Y
부산광역시북구치매안심센터,헤아림,덕천동 치매안심마을 - 2022 헤아림 가족교실(A반),2022-05-03,2022-06-28,10:00,12:00,5,내부인력,8,4,N,Y
부산광역시북구치매안심센터,헤아림,2021년 헤아림 가족 교실,2021-06-16,2021-08-24,09:00,12:00,5,내부인력,8,4,N,Y
부산광역시북구치매안심센터,헤아림,2020 행복한 동행1,2020-07-22,2020-11-25,09:00,11:00,10,내부인력,8,4,Y,Y
부산광역시북구치매안심센터,헤아림,2019 행복한동행2,2019-09-19,2019-11-14,09:00,12:00,8,내부인력,8,4,Y,Y
부산광역시북구치매안심센터,헤아림,2019 행복한 동행1,2019-06-20,2019-08-08,13:30,15:30,5,내부인력,8,4,Y,Y
부산광역시북구치매안심센터,헤아림,행복한 동행2,2018-09-04,2018-09-21,10:00,12:00,6,내부인력,8,2,Y,N
부산광역시북구치매안심센터,헤아림,행복한 동행,2018-05-09,2018-05-31,10:00,12:00,8,내부인력,8,4,Y,N
부산광역시사상구치매안심센터,헤아림,25년 2기  치매가족교실 헤아림,2025-09-03,2025-10-29,13:00,15:00,11,내부인력,8,4,N,N
부산광역시사상구치매안심센터,헤아림,25년 1기  치매가족교실 헤아림,2025-03-11,2025-04-29,13:00,15:00,10,내부인력,8,4,N,Y
부산광역시사상구치매안심센터,헤아림,2024년 2기 치매가족교실 헤아림,2024-06-18,2024-08-06,13:00,15:00,15,내부인력,8,4,N,Y
부산광역시사상구치매안심센터,헤아림,2024년 1기 치매가족교실 헤아림,2024-03-12,2024-04-29,13:00,15:00,10,내부인력,8,4,N,Y
부산광역시사상구치매안심센터,헤아림,2023년 헤아림 2기 치매 가족교실,2023-09-07,2023-11-23,13:00,15:00,9,내부인력,8,8,Y,Y
부산광역시사상구치매안심센터,헤아림,2023년  헤아림 1기 치매 가족교실,2023-03-09,2023-04-13,13:00,15:40,8,내부인력,8,8,Y,Y
부산광역시사상구치매안심센터,헤아림,2022년 2기 헤아림 가족교실,2022-09-15,2022-11-03,14:00,16:00,8,내부인력,8,5,Y,Y
부산광역시사상구치매안심센터,헤아림,2022년 1기 헤아림 가족교실,2022-05-10,2022-06-28,13:00,15:00,8,내부인력,8,6,Y,Y
부산광역시사상구치매안심센터,헤아림,2021 헤아림 가족교실( 2차),2021-07-15,2021-09-02,13:00,15:00,5,내부인력,8,5,Y,Y
부산광역시사상구치매안심센터,헤아림,2021 헤아림 가족교실(1차),2021-03-24,2021-06-08,13:30,15:30,5,내부인력,8,4,Y,N
부산광역시사상구치매안심센터,헤아림,2020 가족 헤아림 교실,2020-10-12,2020-10-23,13:00,15:40,8,내부인력,8,4,Y,Y
부산광역시사상구치매안심센터,헤아림,4분기 헤아림 가족교실,2019-11-04,2019-11-27,14:00,16:00,10,내부인력,8,4,Y,Y
부산광역시사상구치매안심센터,헤아림,3분기 헤아림 가족교실,2019-09-04,2019-09-27,10:00,12:00,10,내부인력,8,4,Y,Y
부산광역시사상구치매안심센터,헤아림,2분기 헤아림 가족교실,2019-06-05,2019-06-28,10:00,12:00,5,내부인력,8,4,Y,Y
부산광역시사상구치매안심센터,헤아림,1분기 헤아림 가족교실,2019-03-06,2019-03-29,10:00,12:00,5,내부인력,8,4,Y,Y
부산광역시사상구치매안심센터,헤아림,4분기 헤아림 가족교실,2018-11-07,2018-11-30,10:00,12:00,5,내부인력,8,4,Y,Y
부산광역시사상구치매안심센터,헤아림,3분기 헤아림 가족교실,2018-09-05,2018-09-28,10:00,12:00,5,내부인력,8,4,Y,Y
부산광역시사상구치매안심센터,헤아림,2분기 헤아림 가족교실,2018-05-02,2018-06-01,10:00,12:00,5,내부인력,8,4,Y,Y
부산광역시사상구치매안심센터,헤아림,1분기 헤아림 가족교실,2018-03-07,2018-03-30,10:00,12:00,5,내부인력,8,4,Y,Y
부산광역시사하구치매안심센터,헤아림,2025년 헤아림 치매가족교실 2기,2025-09-24,2025-11-19,14:30,16:30,8,내부인력,8,5,Y,N
부산광역시사하구치매안심센터,헤아림,2025년 헤아림 치매가족교실 1기,2025-04-02,2025-05-21,14:30,16:30,8,내부인력,8,5,Y,Y
부산광역시사하구치매안심센터,헤아림,2024년 헤아림 치매 가족교실 2기,2024-10-02,2024-11-27,14:00,16:00,8,내부인력,8,5,Y,Y
부산광역시사하구치매안심센터,헤아림,2024년 헤아림 치매 가족교실 1기,2024-03-13,2024-05-08,14:00,16:00,8,내부인력,8,5,Y,Y
부산광역시사하구치매안심센터,헤아림,2023년 헤아림 치매 가족교실 2기,2023-09-13,2023-11-01,14:00,16:00,8,내부인력,8,5,Y,Y
부산광역시사하구치매안심센터,헤아림,2023년 헤아림 치매 가족교실 1기,2023-05-31,2023-07-26,14:00,16:00,8,내부인력,8,5,Y,Y
부산광역시사하구치매안심센터,헤아림,2022년 헤아림 치매가족교실,2022-10-12,2022-11-30,13:30,15:30,10,내부인력,8,4,Y,Y
부산광역시사하구치매안심센터,헤아림,2019 헤아림 가족교실 3기,2019-09-04,2019-10-30,13:30,15:30,10,내부인력,8,4,Y,Y
부산광역시사하구치매안심센터,헤아림,2019 헤아림 가족교실 2기,2019-06-05,2019-07-24,13:00,15:00,10,내부인력,8,4,Y,N
부산광역시사하구치매안심센터,헤아림,2019 헤아림 가족교실 1기,2019-02-13,2019-03-14,15:30,16:30,10,내부인력,8,4,Y,Y
부산광역시사하구치매안심센터,헤아림,헤아림 가족교실,2018-10-01,2018-10-29,10:00,12:00,10,내부인력,8,4,Y,Y
부산광역시사하구치매안심센터,헤아림,헤아림 가족교실,2018-09-10,2018-10-08,14:00,16:00,10,내부인력,8,4,Y,Y
부산광역시서구치매안심센터,가치돌봄(기본),2025 돌봄나침반(2),2025-10-23,2025-12-11,14:00,16:00,12,내부인력,8,6,N,N
부산광역시서구치매안심센터,헤아림,2025 돌봄나침반(1),2025-05-20,2025-07-08,14:00,16:00,12,내부인력,9,4,N,Y
부산광역시서구치매안심센터,헤아림,2024 돌봄나침반(2),2024-10-15,2024-12-03,14:00,16:00,12,내부인력,8,7,N,Y
부산광역시서구치매안심센터,헤아림,2024 돌봄 나침반(1),2024-03-28,2024-05-16,14:00,16:00,15,내부인력,8,6,Y,Y
부산광역시서구치매안심센터,헤아림,2023년 헤아림,2023-03-30,2023-05-18,14:00,16:00,10,내부인력,8,4,Y,Y
부산광역시서구치매안심센터,헤아림,2021 헤아림 가족교실,2021-05-26,2021-07-14,14:00,16:00,10,내부인력,8,6,Y,Y
부산광역시서구치매안심센터,헤아림,2020 헤아림 가족교실,2020-06-10,2020-07-31,14:00,16:00,10,내부인력,8,6,Y,Y
부산광역시서구치매안심센터,헤아림,2019년 헤아림 가족교실 2과정,2019-07-01,2019-07-22,13:00,17:00,10,외부인력,8,3,Y,Y
부산광역시서구치매안심센터,헤아림,2019년 헤아림 가족교실 1과정,2019-04-12,2019-05-31,10:00,12:00,10,내부인력,8,5,Y,N
부산광역시서구치매안심센터,헤아림,서대신,2018-09-07,2018-10-26,10:00,12:00,10,내부인력,8,5,Y,Y
부산광역시서구치매안심센터,헤아림,남부민1동 주민센터,2018-09-06,2018-10-26,10:00,12:00,10,내부인력,8,5,Y,Y
부산광역시수영구치매안심센터,헤아림,2025년 2기 헤아림 가족교실,2025-09-19,2025-10-17,13:00,15:00,8,내부인력,8,8,N,Y
부산광역시수영구치매안심센터,헤아림,2025년 1기 헤아림 가족교실,2025-03-07,2025-03-28,09:30,11:30,10,내부인력,8,6,N,Y
부산광역시수영구치매안심센터,헤아림,2024년 2기 헤아림 가족교실,2024-09-06,2024-10-25,09:00,11:00,6,내부인력,8,6,N,Y
부산광역시수영구치매안심센터,헤아림,2024년 1기 헤아림 가족교실,2024-09-05,2024-10-31,13:30,15:30,4,내부인력,8,6,N,Y
부산광역시수영구치매안심센터,헤아림,2023년 1기 헤아림 가족교실,2023-08-24,2023-09-14,13:00,15:30,4,내부인력,8,7,N,Y
부산광역시수영구치매안심센터,헤아림,2023년 2기 헤아림 가족교실,2023-09-27,2023-10-18,13:00,15:40,5,내부인력,8,6,N,Y
부산광역시수영구치매안심센터,헤아림,2022년 헤아림 가족교실,2022-11-10,2022-12-01,13:00,15:00,8,내부인력,4,3,Y,Y
부산광역시수영구치매안심센터,휴식공간,2021년 치유의 숲 야외힐링 가족교실,2021-09-01,2021-10-27,09:00,12:00,10,외부인력,8,6,Y,Y
부산광역시수영구치매안심센터,헤아림,2021년 헤아림 가족교실,2021-08-04,2021-08-25,09:00,16:00,10,내부인력,4,3,Y,Y
부산광역시수영구치매안심센터,헤아림,2020년 1차 헤아림,2020-10-14,2020-11-04,13:00,16:00,15,내부인력,4,3,Y,Y
부산광역시수영구치매안심센터,헤아림,2019년 1차 헤아림,2019-03-06,2019-04-26,13:30,15:30,10,내부인력,8,6,Y,Y
부산광역시수영구치매안심센터,헤아림,2019년 4차 헤아림,2019-10-22,2019-12-10,14:00,16:00,10,내부인력,8,6,Y,Y
부산광역시수영구치매안심센터,헤아림,2019년 3차 헤아림,2019-08-06,2019-09-27,14:00,16:00,20,내부인력,8,6,Y,Y
부산광역시수영구치매안심센터,헤아림,2019년 2차 헤아림,2019-06-04,2019-07-23,13:30,15:30,8,내부인력,8,6,Y,Y
부산광역시수영구치매안심센터,헤아림,18년 2기 헤아림,2018-09-04,2018-11-06,13:00,14:30,20,외부인력,8,6,Y,Y
부산광역시수영구치매안심센터,헤아림,헤아림,2018-03-15,2018-05-03,10:00,12:00,20,,8,6,Y,Y
부산광역시연제구치매안심센터,헤아림,2025 헤아림 가족교실(하),2025-09-10,2025-11-05,14:00,16:00,10,내부인력,8,5,Y,N
부산광역시연제구치매안심센터,헤아림,2025 헤아림 가족교실(상),2025-03-12,2025-04-30,10:00,12:00,10,내부인력,8,5,Y,Y
부산광역시연제구치매안심센터,헤아림,2024 헤아림 가족교실(하),2024-09-25,2024-11-27,14:00,16:00,15,내부인력,8,5,Y,Y
부산광역시연제구치매안심센터,헤아림,2024 헤아림 가족교실(상),2024-04-17,2024-06-12,14:00,16:00,15,내부인력,8,2,Y,Y
부산광역시연제구치매안심센터,헤아림,2023 헤아림 가족교실(하),2023-09-07,2023-11-02,10:00,12:00,15,내부인력,8,3,Y,Y
부산광역시연제구치매안심센터,기타,2023 기억마루 가족카페,2023-06-28,2023-12-20,14:00,16:00,10,내부인력,7,1,Y,N
부산광역시연제구치매안심센터,헤아림,2023 헤아림 가족교실(상),2023-04-05,2023-05-24,14:00,16:00,20,내부인력,8,1,Y,Y
부산광역시연제구치매안심센터,헤아림,2022 헤아림 가족교실(하),2022-09-14,2022-11-02,15:00,17:00,10,내부인력,8,7,Y,Y
부산광역시연제구치매안심센터,헤아림,2022 헤아림 가족교실(상),2022-09-14,2022-11-02,13:00,15:00,10,내부인력,8,7,Y,N
부산광역시연제구치매안심센터,기타,2022 도란도란 가족카페,2022-07-18,2022-12-23,13:00,16:00,10,내부인력,46,1,Y,Y
부산광역시연제구치매안심센터,헤아림,2021 헤아림 가족교실,2021-05-13,2021-07-01,14:00,16:00,12,내부인력,8,7,Y,Y
부산광역시연제구치매안심센터,헤아림,2021 마음챙김 가족교실,2021-05-12,2021-07-21,10:00,12:00,6,내부인력,10,8,Y,Y
부산광역시연제구치매안심센터,기타,2020 마음치유 가족교실,2020-07-20,2020-11-23,15:30,16:30,10,내부인력,20,6,Y,N
부산광역시연제구치매안심센터,헤아림,2020 헤아림가족교실(오전반),2020-06-02,2020-07-21,10:00,12:00,6,내부인력,8,6,Y,Y
부산광역시연제구치매안심센터,헤아림,2020 헤아림가족교실(오후반),2020-06-03,2020-07-22,14:00,16:00,10,내부인력,8,5,Y,N
부산광역시연제구치매안심센터,헤아림,2019 헤아림가족교실(하),2019-05-21,2019-07-09,14:00,16:00,10,내부인력,8,7,Y,N
부산광역시연제구치매안심센터,헤아림,2019 헤아림 가족교실(상),2019-03-05,2019-04-23,14:00,16:00,10,내부인력,8,7,Y,N
부산광역시연제구치매안심센터,헤아림,2018 헤아림 가족교실(하),2018-10-02,2018-11-20,14:00,16:00,8,내부인력,8,7,Y,N
부산광역시연제구치매안심센터,헤아림,2018 헤아림 가족교실(상),2018-08-21,2018-09-12,10:00,12:00,8,내부인력,8,7,Y,Y
부산광역시영도구치매안심센터,가치돌봄(기본),2025 '가치돌봄' 치매가족교실(하반기),2025-09-01,2025-10-27,14:00,16:00,6,내부인력,8,1,Y,Y
부산광역시영도구치매안심센터,헤아림,2025 '헤아림' 치매가족교실(상반기),2025-05-12,2025-06-30,14:00,16:00,5,내부인력,8,1,N,Y
부산광역시영도구치매안심센터,헤아림,2024 '헤아림' 치매가족교실(하반기),2024-09-05,2024-10-31,14:00,16:00,6,내부인력,8,1,N,Y
부산광역시영도구치매안심센터,헤아림,2024 '헤아림' 치매가족교실(상반기),2024-05-02,2024-06-27,14:00,16:00,10,내부인력,8,2,Y,Y
부산광역시영도구치매안심센터,헤아림,2023 '헤아림' 치매가족교실(상반기),2023-04-12,2023-06-07,15:00,16:00,10,내부인력,8,4,N,Y
부산광역시영도구치매안심센터,헤아림,2022 '헤아림'치매가족교실(하반기),2022-10-13,2022-12-01,14:00,16:00,8,내부인력,8,5,N,Y
부산광역시영도구치매안심센터,헤아림,2022 '헤아림'치매가족교실(상반기),2022-05-13,2022-07-01,15:00,17:00,7,내부인력,8,5,Y,Y
부산광역시영도구치매안심센터,헤아림,2021 '헤아림'치매가족교실(하반기),2021-10-07,2021-11-25,15:00,17:00,7,내부인력,8,6,Y,Y
부산광역시영도구치매안심센터,헤아림,2021 '헤아림'치매가족교실(상반기),2021-05-07,2021-06-25,10:00,12:00,7,내부인력,8,5,Y,Y
부산광역시영도구치매안심센터,헤아림,2020 헤아림 가족교실,2020-10-07,2020-11-25,13:00,15:00,6,내부인력,8,4,Y,Y
부산광역시영도구치매안심센터,헤아림,2019 헤아림 가족교실 2기,2019-07-18,2019-09-19,13:00,15:00,10,내부인력,9,6,Y,Y
부산광역시영도구치매안심센터,헤아림,2019 헤아림 가족교실 1기,2019-04-05,2019-05-30,13:00,15:00,10,내부인력,8,6,Y,Y
부산광역시영도구치매안심센터,헤아림,헤아림 가족교실,2018-09-07,2018-10-26,14:00,16:00,6,내부인력,8,6,Y,Y
부산광역시중구치매안심센터,헤아림,2025 헤아림 가족교실,2025-09-03,2025-10-29,09:00,11:00,6,내부인력,8,1,N,N
부산광역시중구치매안심센터,헤아림,2024 헤아림 가족교실,2024-10-10,2024-11-28,10:00,11:00,6,외부인력,8,3,N,Y
부산광역시중구치매안심센터,헤아림,2023년 헤아림 가족교실,2023-09-07,2023-11-02,09:00,11:00,8,내부인력,8,4,Y,Y
부산광역시중구치매안심센터,헤아림,2022년 헤아림 가족교실,2022-11-22,2022-12-15,09:00,11:00,10,내부인력,8,4,Y,Y
부산광역시중구치매안심센터,헤아림,2021년 헤아림가족교실,2021-11-02,2021-11-25,09:00,12:00,8,내부인력,8,4,Y,Y
부산광역시중구치매안심센터,헤아림,2020년 헤아림가족교실 - 코로나19로 조기종료 (2020년 12월2일),2020-11-18,2020-12-10,09:00,11:00,10,내부인력,8,4,Y,N
부산광역시중구치매안심센터,헤아림,2019년 헤아림가족교실,2019-06-04,2019-06-28,09:00,11:00,10,내부인력,8,4,Y,Y
부산광역시중구치매안심센터,헤아림,헤아림가족교실 - 2기,2018-05-15,2018-06-12,14:00,16:00,10,내부인력,8,4,Y,Y
부산광역시중구치매안심센터,헤아림,헤아림가족교실 -1기,2018-04-10,2018-05-04,14:00,16:00,10,내부인력,8,4,Y,Y
부산광역시해운대구치매안심센터,헤아림,2025년 헤아림 가족교실 3기,2025-07-16,2025-09-03,10:00,12:00,6,내부인력,8,1,N,Y
부산광역시해운대구치매안심센터,헤아림,2025년 헤아림 가족교실 2기,2025-04-23,2025-06-11,10:00,12:00,7,내부인력,8,1,N,Y
부산광역시해운대구치매안심센터,헤아림,2025년 헤아림 가족교실 1기,2025-01-22,2025-03-12,10:00,12:00,7,내부인력,8,1,N,Y
부산광역시해운대구치매안심센터,헤아림,2024년 헤아림 가족교실 3기,2024-10-16,2024-12-04,10:00,12:00,8,내부인력,8,4,N,Y
부산광역시해운대구치매안심센터,헤아림,2024년 헤아림 가족교실 2기,2024-07-24,2024-09-11,10:00,12:00,8,내부인력,8,4,N,Y
부산광역시해운대구치매안심센터,헤아림,2024년 헤아림 가족교실 1기,2024-01-30,2024-03-20,10:00,12:00,6,외부인력,8,1,N,Y
부산광역시해운대구치매안심센터,헤아림,2023년 헤아림 가족교실 3기,2023-10-18,2023-12-06,10:00,12:00,7,외부인력,8,4,N,Y
부산광역시해운대구치매안심센터,헤아림,2023년 헤아림 가족교실 2기,2023-07-19,2023-09-06,10:00,12:00,7,내부인력,8,4,N,Y
부산광역시해운대구치매안심센터,헤아림,2023년 헤아림 가족교실 1기,2023-01-31,2023-02-23,10:00,12:00,8,내부인력,8,4,N,Y
부산광역시해운대구치매안심센터,헤아림,(반송2동기억지킴마을)2022년 헤아림가족교실(반송지소)/행복했던 지난날 & 아름다운 오늘,2022-06-13,2022-07-07,13:00,15:00,5,내부인력,8,4,N,Y
부산광역시해운대구치매안심센터,헤아림,2022년 헤아림 가족교실(본소),2022-05-27,2022-07-15,10:00,12:00,5,내부인력,8,4,Y,Y
부산광역시해운대구치매안심센터,헤아림,2021년 헤아림가족교실 2기,2021-07-01,2021-08-19,10:00,11:00,5,내부인력,8,4,Y,N
부산광역시해운대구치매안심센터,헤아림,2021년 헤아림가족교실 1기,2021-03-16,2021-04-08,10:00,11:00,4,내부인력,8,4,Y,N
부산광역시해운대구치매안심센터,헤아림,2020년 헤아림 가족교실 2기,2020-06-17,2020-08-05,09:00,11:00,7,내부인력,8,4,Y,Y
부산광역시해운대구치매안심센터,헤아림,2020년헤아림가족교실1기,2019-11-12,2019-12-04,10:00,12:00,7,내부인력,8,6,Y,Y
부산광역시해운대구치매안심센터,헤아림,2019년 헤아림 가족교실 2기,2019-06-10,2019-06-26,10:00,12:00,7,외부인력,8,6,Y,Y
부산광역시해운대구치매안심센터,헤아림,2019년 헤아림 가족교실 1기,2019-05-20,2019-06-05,10:00,12:00,5,내부인력,8,6,Y,Y
부산광역시해운대구치매안심센터,헤아림,헤아림 가족교실-2,2018-10-01,2018-10-18,14:00,15:00,5,내부인력,8,6,Y,Y
부산광역시해운대구치매안심센터,헤아림,헤아림 가족교실,2018-07-09,2018-07-25,14:00,15:00,10,내부인력,8,6,Y,Y
대구광역시남구치매안심센터,헤아림,2025년 제 3기 '헤아림' 가족교실,2025-09-08,2025-10-01,14:00,15:20,10,내부인력,2,4,Y,Y
대구광역시남구치매안심센터,헤아림,2025년 제2기 비대면'헤아림'가족교실,2025-06-09,2025-07-28,14:00,16:00,10,내부인력,9,4,N,Y
대구광역시남구치매안심센터,헤아림,2025년 제 1기 '헤아림' 가족교실,2025-04-07,2025-04-30,14:00,15:20,10,내부인력,8,4,Y,Y
대구광역시남구치매안심센터,헤아림,2024년 제3기 '헤아림' 가족교실,2024-07-02,2024-07-23,14:00,16:40,10,내부인력,8,4,Y,Y
대구광역시남구치매안심센터,헤아림,2024년 제2기 비대면'헤아림'가족교실,2024-04-29,2024-06-24,14:00,16:00,10,내부인력,9,4,N,Y
대구광역시남구치매안심센터,헤아림,2024년 제1기 '헤아림' 가족교실,2024-03-13,2024-04-03,14:00,16:40,10,내부인력,8,4,Y,Y
대구광역시남구치매안심센터,헤아림,2023년 제3기 '헤아림' 가족교실,2023-07-11,2023-08-01,14:00,16:00,10,내부인력,8,4,Y,Y
대구광역시남구치매안심센터,헤아림,2023년 제2기 비대면 '헤아림' 가족교실,2023-06-13,2023-08-08,14:00,15:00,10,내부인력,9,5,Y,Y
대구광역시남구치매안심센터,헤아림,2023년 제1기 '헤아림' 가족교실,2023-03-07,2023-03-30,14:00,15:00,10,내부인력,8,4,Y,Y
대구광역시남구치매안심센터,헤아림,2022년 제 2기 비대면 치매돌봄 가족교실(슬기로운 가족생활),2022-08-16,2022-10-11,14:00,16:00,4,내부인력,9,5,Y,Y
대구광역시남구치매안심센터,헤아림,2022년 제 1기 비대면 치매돌봄 가족교실(슬기로운 가족생활),2022-06-07,2022-08-09,14:00,16:00,8,내부인력,10,5,Y,Y
대구광역시남구치매안심센터,헤아림,2019년 헤아림 4기,2019-09-20,2019-10-25,10:00,11:00,10,내부인력,6,4,Y,N
대구광역시남구치매안심센터,헤아림,2019년 헤아림 2기,2019-05-09,2019-07-04,10:00,11:30,10,내부인력,8,6,Y,Y
대구광역시남구치매안심센터,헤아림,2019년 헤아림 3기,2019-07-26,2019-08-30,10:00,11:00,12,내부인력,6,4,Y,N
대구광역시남구치매안심센터,헤아림,2019년 헤아림 1기,2019-05-09,2019-07-04,10:00,11:30,10,내부인력,8,6,Y,Y
대구광역시남구치매안심센터,헤아림,2018년 헤아림3기,2018-09-07,2018-10-12,10:00,12:00,10,내부인력,12,3,Y,Y
대구광역시남구치매안심센터,헤아림,2018년 헤아림 2기,2018-04-27,2018-06-01,10:00,11:00,11,내부인력,6,4,Y,Y
대구광역시남구치매안심센터,헤아림,2018년 헤아림 1기,2018-02-23,2018-03-30,10:00,11:00,10,내부인력,6,4,Y,Y
대구광역시달서구치매안심센터,헤아림,"2025년 ""헤아림""가족교실(5기)",2025-10-14,2025-11-04,14:00,16:00,15,내부인력,8,4,Y,Y
대구광역시달서구치매안심센터,헤아림,"2025년 ""헤아림""가족교실 (4기)",2025-09-02,2025-09-23,14:00,16:00,15,내부인력,8,4,Y,Y
대구광역시달서구치매안심센터,헤아림,"2025년 ""헤아림""가족교실 (3기) - 찾아가는 치매가족교실(경일신경과내과의원)",2025-06-10,2025-07-01,14:00,16:00,15,내부인력,8,4,Y,Y
대구광역시달서구치매안심센터,헤아림,"2025년 ""헤아림""가족교실 (2기)",2025-04-08,2025-04-29,14:00,16:00,15,내부인력,8,4,Y,Y
대구광역시달서구치매안심센터,헤아림,"2025년 ""헤아림""가족교실 (1기)",2025-03-04,2025-03-25,14:00,16:00,15,내부인력,8,4,Y,Y
대구광역시달서구치매안심센터,헤아림,2024년 걱정말아요 그대!! 헤아림 치매가족교실(5기),2024-10-08,2024-10-29,14:00,16:40,20,내부인력,8,6,Y,N
대구광역시달서구치매안심센터,헤아림,2024년 찾아가는 치매가족교실 헤아림_경일신경과내과의원,2024-06-05,2024-06-26,14:30,16:40,10,내부인력,8,6,Y,N
대구광역시달서구치매안심센터,헤아림,2024년 찾아가는 치매가족교실 헤아림_라인정신건강의학과,2024-05-10,2024-05-31,14:00,16:40,20,내부인력,8,2,Y,N
대구광역시달서구치매안심센터,헤아림,2024년 걱정말아요 그대!! 헤아림 치매가족교실(2기),2024-04-09,2024-04-30,14:00,16:40,15,내부인력,8,2,Y,Y
대구광역시달서구치매안심센터,헤아림,2024년 걱정말아요 그대!! 헤아림 치매가족교실(1기),2024-03-05,2024-03-26,14:00,16:40,15,내부인력,8,2,Y,Y
대구광역시달서구치매안심센터,헤아림,2023년 걱정말아요 그대!! 헤아림 치매가족교실(5기),2023-10-10,2023-10-31,14:00,16:40,15,내부인력,8,2,Y,Y
대구광역시달서구치매안심센터,헤아림,2023년 걱정말아요 그대!! 헤아림 치매가족교실(4기),2023-09-05,2023-09-26,14:00,16:40,15,내부인력,8,2,Y,N
대구광역시달서구치매안심센터,헤아림,2023년 걱정말아요 그대!! 헤아림 치매가족교실(3기),2023-05-09,2023-05-30,14:00,16:40,15,내부인력,8,4,Y,N
대구광역시달서구치매안심센터,헤아림,2023년 걱정말아요 그대!! 헤아림 치매가족교실(2기),2023-04-04,2023-04-25,14:00,16:40,15,내부인력,8,3,Y,N
대구광역시달서구치매안심센터,헤아림,2023년 걱정말아요 그대 !! 헤아림 치매가족교실 (1기),2023-03-07,2023-03-28,14:00,16:40,15,내부인력,8,4,Y,N
대구광역시달서구치매안심센터,헤아림,"2022년 ""걱정말아요! 그대"" 헤아림 가족교실(3기)",2022-11-15,2022-12-06,14:00,16:40,15,외부인력,8,4,Y,Y
대구광역시달서구치매안심센터,헤아림,"2022년 ""걱정말아요! 그대"" 헤아림 가족교실(2기)",2022-09-20,2022-10-11,14:00,16:40,15,외부인력,8,4,Y,Y
대구광역시달서구치매안심센터,헤아림,"2022년  ""걱정말아요! 그대""  헤아림 가족교실 (1기)",2022-06-14,2022-07-05,14:00,16:40,15,외부인력,8,4,Y,Y
대구광역시달서구치매안심센터,헤아림,"2021년 하반기 ""걱정말아요! 그대"" 헤아림 가족교실 (3기)",2021-11-23,2021-12-14,14:00,16:40,12,외부인력,8,4,Y,Y
대구광역시달서구치매안심센터,헤아림,"2021년 하반기 ""걱정말아요! 그대"" 헤아림 가족교실 (2기)",2021-10-12,2021-11-02,14:00,16:40,12,외부인력,8,4,Y,Y
대구광역시달서구치매안심센터,헤아림,"2021년 하반기 ""걱정말아요! 그대"" 헤아림 가족교실 (1기)",2021-08-24,2021-09-14,14:00,16:40,12,외부인력,8,4,Y,Y
대구광역시달서구치매안심센터,헤아림,"2021년 상반기 ""걱정말아요! 그대"" 헤아림 가족교실 (2기)",2021-05-04,2021-05-25,13:30,16:10,10,외부인력,8,4,Y,Y
대구광역시달서구치매안심센터,헤아림,"2021년 상반기 ""걱정말아요! 그대"" 헤아림 가족교실 (1기)",2021-04-02,2021-04-23,13:30,16:10,10,외부인력,8,4,Y,Y
대구광역시달서구치매안심센터,헤아림,"2020년 하반기 ""걱정말아요! 그대"" 헤아림 가족교실",2020-11-17,2020-12-08,14:00,16:00,10,외부인력,8,4,Y,Y
대구광역시달서구치매안심센터,헤아림,2019년 하반기 '걱정말아요!그대' 헤아림 가족교실 6기,2019-11-18,2019-11-22,14:00,16:00,5,내부인력,5,2,Y,Y
대구광역시달서구치매안심센터,헤아림,2019년 하반기 '걱정말아요! 그대' 헤아림 가족교실 5기,2019-11-07,2019-11-28,10:00,12:00,15,외부인력,4,2,Y,Y
대구광역시달서구치매안심센터,헤아림,2019년 하반기 '걱정말아요!그대' 헤아림 가족교실 4기,2019-10-22,2019-10-31,14:00,16:00,15,외부인력,4,2,Y,Y
대구광역시달서구치매안심센터,헤아림,2019년 하반기 '걱정말아요!그대' 헤아림 가족교실 3기,2019-10-05,2019-10-26,13:30,15:30,15,외부인력,4,2,Y,Y
대구광역시달서구치매안심센터,헤아림,2019년 하반기 '걱정말아요!그대' 헤아림 가족교실 2기,2019-10-02,2019-11-08,14:00,16:00,15,외부인력,8,4,Y,Y
대구광역시달서구치매안심센터,헤아림,2019년 하반기 '걱정말아요! 그대' 헤아림 가족교실 1기,2019-09-24,2019-09-27,14:00,16:00,15,외부인력,4,2,Y,Y
대구광역시달서구치매안심센터,헤아림,2019년 '걱정말아요!그대' 헤아림 가족교실 3기,2019-05-11,2019-06-01,13:30,15:30,20,외부인력,8,2,Y,Y
대구광역시달서구치매안심센터,헤아림,2019년 '걱정말아요! 그대' 헤아림 가족교실 2기,2019-04-16,2019-04-18,14:00,16:00,20,외부인력,6,2,Y,Y
대구광역시달서구치매안심센터,헤아림,2019년 '걱정말아요! 그대' 헤아림 가족교실 1기,2019-03-11,2019-03-21,14:00,16:00,20,외부인력,8,4,Y,Y
대구광역시달서구치매안심센터,헤아림,'걱정말아요! 그대' 헤아림 가족교실 3기,2018-11-05,2018-11-26,14:00,16:00,20,내부인력,8,4,Y,Y
대구광역시달서구치매안심센터,헤아림,'걱정말아요! 그대' 헤아림 가족교실 2기,2018-10-13,2018-11-03,13:30,15:30,20,외부인력,8,2,Y,Y
대구광역시달서구치매안심센터,헤아림,'걱정말아요 !그대' 헤아림 가족교실 1기,2018-08-27,2018-09-17,14:00,16:00,20,외부인력,8,4,Y,Y
대구광역시달서구치매안심센터,헤아림,‘걱정말아요! 그대’ 헤아림 가족교실 3기,2018-06-19,2018-06-30,13:00,16:00,20,외부인력,6,4,Y,Y
대구광역시달서구치매안심센터,헤아림,‘걱정말아요! 그대’ 헤아림 가족교실 2기,2018-05-17,2018-06-29,14:00,17:00,20,내부인력,8,4,Y,Y
대구광역시달서구치매안심센터,헤아림,‘걱정말아요! 그대’ 헤아림 가족교실 1기,2018-05-12,2018-05-26,13:00,16:00,20,외부인력,6,4,Y,Y
대구광역시달성군치매안심센터,헤아림,2025년 가족교실 프로그램「헤아림」대면 2기,2025-09-02,2025-10-16,10:00,12:00,2,내부인력,8,2,N,Y
대구광역시달성군치매안심센터,헤아림,2025년 가족교실 프로그램 「헤아림」비대면,2025-07-02,2025-08-13,09:30,11:30,18,내부인력,8,4,N,Y
대구광역시달성군치매안심센터,헤아림,2025년 가족교실 프로그램「헤아림」대면 1기,2025-03-12,2025-04-09,09:30,11:30,2,내부인력,8,4,N,Y
대구광역시달성군치매안심센터,헤아림,2024년 가족교실 프로그램 「헤아림」 대면 2기,2024-09-24,2024-10-29,10:00,12:00,2,내부인력,8,1,N,Y
대구광역시달성군치매안심센터,헤아림,2024년 가족교실 프로그램 「헤아림」 비대면 1기,2024-06-10,2024-07-31,10:00,12:00,17,내부인력,8,4,N,Y
대구광역시달성군치매안심센터,헤아림,2024년 가족교실 프로그램 「헤아림」 대면 1기,2024-03-14,2024-05-09,09:30,11:30,5,내부인력,8,1,N,Y
대구광역시달성군치매안심센터,헤아림,2023년 가족교실 프로그램 「헤아림」 3기,2023-09-18,2023-11-10,10:00,12:00,11,내부인력,8,4,N,Y
대구광역시달성군치매안심센터,헤아림,2023년 가족교실 프로그램 「헤아림」 2기,2023-06-15,2023-08-03,09:30,11:30,10,내부인력,8,2,N,Y
대구광역시달성군치매안심센터,헤아림,2023년 가족교실 프로그램 「헤아림」 1기,2023-05-01,2023-05-31,10:00,12:00,11,내부인력,8,4,N,Y
대구광역시달성군치매안심센터,기타,2022년 나눔으로 행복한 동행(주2회),2022-10-11,2022-11-11,13:00,15:00,5,내부인력,10,4,N,Y
대구광역시달성군치매안심센터,기타,2022년 나눔으로 행복한 동행(주1회),2022-09-19,2022-11-11,13:00,15:00,15,내부인력,8,4,N,Y
대구광역시달성군치매안심센터,기타,2021년 나눔으로 행복한 동행,2021-11-15,2021-12-10,15:00,17:00,15,내부인력,8,4,N,Y
대구광역시달성군치매안심센터,헤아림,2019 나눔으로 행복한 동행 4기,2019-10-14,2019-12-02,10:00,11:00,15,내부인력,8,4,Y,N
대구광역시달성군치매안심센터,헤아림,2019 나눔으로 행복한 동행 3기,2019-09-23,2019-10-02,10:00,11:00,15,내부인력,8,4,Y,N
대구광역시달성군치매안심센터,헤아림,2019 나눔으로 행복한 동행 2기,2019-06-04,2019-06-27,14:30,16:00,15,내부인력,8,4,Y,Y
대구광역시달성군치매안심센터,헤아림,2019 나눔으로 행복한 동행 1기,2019-03-19,2019-04-11,16:00,17:00,15,내부인력,8,4,Y,Y
대구광역시달성군치매안심센터,헤아림,2018 나눔으로 행복한 동행 4기,2018-08-22,2018-09-27,15:30,16:30,30,내부인력,6,1,Y,N
대구광역시달성군치매안심센터,헤아림,2018 나눔으로 행복한 동행 1기,2018-02-21,2018-04-04,15:30,16:30,30,내부인력,6,1,Y,N
대구광역시달성군치매안심센터,헤아림,2018 나눔으로 행복한 동행 3기,2018-06-20,2018-07-25,15:30,16:30,20,내부인력,6,1,Y,N
대구광역시달성군치매안심센터,헤아림,2018 나눔으로 행복한 동행 2기,2018-04-18,2018-05-23,15:30,16:30,20,내부인력,6,1,Y,N
대구광역시달성군치매안심센터,헤아림,2018 나눔으로 행복한 동행 5기,2018-10-31,2018-12-05,14:30,15:30,20,내부인력,6,1,Y,N
대구광역시동구치매안심센터,헤아림,2025 헤아림 치매가족교실 3기,2025-09-12,2025-11-07,10:00,11:00,10,내부인력,8,4,Y,N
대구광역시동구치매안심센터,헤아림,2025 헤아림 치매가족교실 2기,2025-03-10,2025-04-28,10:00,11:00,10,내부인력,8,4,N,Y
대구광역시동구치매안심센터,헤아림,2025 헤아림 치매가족교실 1기,2025-03-07,2025-04-25,10:00,11:00,13,내부인력,8,4,Y,Y
대구광역시동구치매안심센터,헤아림,치유농업 프로그램과 연계한 2024 헤아림 가족교실 3기,2024-08-02,2024-09-20,10:00,12:00,10,내부인력,8,4,Y,Y
대구광역시동구치매안심센터,헤아림,24년도 헤아림 치매가족교실2기,2024-03-08,2024-04-26,10:00,12:00,10,내부인력,8,4,N,Y
대구광역시동구치매안심센터,헤아림,2024 헤아림 가족교실 1기,2024-03-08,2024-04-26,10:00,12:00,10,내부인력,8,4,Y,Y
대구광역시동구치매안심센터,헤아림,헤아림가족교실3기(2023),2023-10-11,2023-11-29,10:00,12:00,10,내부인력,8,4,N,Y
대구광역시동구치매안심센터,헤아림,치유농업프로그램과 연계한 헤아림 가족교실2기(2023),2023-04-17,2023-06-26,14:00,16:00,17,내부인력,10,5,N,Y
대구광역시동구치매안심센터,헤아림,헤아림가족교실1기(2023),2023-03-10,2023-04-28,10:00,12:00,10,내부인력,8,4,Y,Y
대구광역시동구치매안심센터,헤아림,마음토닥radio가족교실4기(2022),2022-09-06,2022-10-25,10:00,11:30,22,내부인력,8,4,N,Y
대구광역시동구치매안심센터,헤아림,마음토닥radio가족교실3기(2022),2022-07-05,2022-08-23,10:00,11:30,12,내부인력,8,4,N,Y
대구광역시동구치매안심센터,헤아림,마음토닥radio가족교실2기(2022),2022-05-10,2022-06-02,10:00,11:30,10,내부인력,8,4,N,Y
대구광역시동구치매안심센터,헤아림,마음토닥radio가족교실1기(2022),2022-01-18,2022-02-11,10:00,11:30,15,내부인력,8,4,N,Y
대구광역시동구치매안심센터,헤아림,"2021년 비대면가족교실""가로수""",2021-10-08,2021-11-26,10:00,11:30,11,내부인력,8,4,N,Y
대구광역시동구치매안심센터,헤아림,2020 헤아림 가족교실 1기 [쉼터],2020-01-10,2020-02-14,10:00,11:30,12,내부인력,6,5,Y,N
대구광역시동구치매안심센터,헤아림,2019 헤아림 가족교실 3기 센터,2019-09-27,2019-11-15,14:00,16:00,10,내부인력,8,5,Y,N
대구광역시동구치매안심센터,헤아림,2019 헤아림 가족교실 쉼터1기,2019-09-27,2019-11-15,10:00,11:30,15,내부인력,8,5,Y,Y
대구광역시동구치매안심센터,헤아림,2019 헤아림 가족교실 2기,2019-06-13,2019-08-01,14:00,15:30,10,내부인력,8,6,Y,N
대구광역시동구치매안심센터,헤아림,2019 헤아림 가족교실 1기,2019-04-04,2019-05-23,14:00,15:30,15,내부인력,8,5,Y,N
대구광역시동구치매안심센터,헤아림,2018 헤아림 가족교실 하반기,2018-10-04,2018-11-22,14:00,16:00,10,내부인력,8,5,Y,Y
대구광역시동구치매안심센터,헤아림,2018 헤아림 가족교실 상반기,2018-04-05,2018-05-31,14:00,15:30,12,외부인력,8,5,Y,N
대구광역시북구치매안심센터,헤아림,[2025] 헤아림 가족교실 2기,2025-11-05,2025-11-26,14:00,16:00,15,내부인력,4,2,Y,N
대구광역시북구치매안심센터,헤아림,[2025] 헤아림 가족교실 1기,2025-07-02,2025-07-23,14:00,16:00,15,내부인력,4,3,Y,Y
대구광역시북구치매안심센터,헤아림,[2024] 헤아림 가족교실 2기,2024-09-06,2024-09-27,14:00,16:00,15,내부인력,4,2,Y,Y
대구광역시북구치매안심센터,헤아림,[2024] 헤아림 가족교실 1기,2024-08-06,2024-08-27,14:00,16:00,15,내부인력,4,2,Y,Y
대구광역시북구치매안심센터,헤아림,[2023] 헤아림 가족교실 2기,2023-09-01,2023-09-22,14:00,16:00,10,내부인력,4,4,Y,N
대구광역시북구치매안심센터,헤아림,[2023] 헤아림 가족교실 1기,2023-06-16,2023-07-07,14:00,16:00,10,내부인력,4,3,Y,Y
대구광역시북구치매안심센터,헤아림,(대현동 치매안심마을)2022 헤아림 가족교실2기,2022-08-25,2022-10-13,13:00,15:00,10,내부인력,8,4,Y,Y
대구광역시북구치매안심센터,헤아림,(칠성동 치매안심마을)2022 헤아림 가족교실1기,2022-06-09,2022-07-28,13:00,15:00,10,내부인력,8,4,Y,Y
대구광역시북구치매안심센터,헤아림,2021 헤아림 가족교실 1기,2021-09-07,2021-11-02,14:00,16:00,10,내부인력,8,4,Y,Y
대구광역시북구치매안심센터,헤아림,[2019] 헤아림 가족교실 4기,2019-11-20,2019-12-12,14:00,15:00,10,내부인력,8,4,Y,Y
대구광역시북구치매안심센터,헤아림,[2019] 헤아림 가족교실 3기,2019-10-08,2019-11-26,15:00,16:00,10,내부인력,8,4,Y,Y
대구광역시북구치매안심센터,헤아림,[2019] 헤아림 가족교실 2기,2019-08-05,2019-09-23,10:00,11:00,10,내부인력,8,4,Y,Y
대구광역시북구치매안심센터,헤아림,[2019] 헤아림 가족교실 1기,2019-04-04,2019-06-10,10:00,11:00,10,내부인력,6,4,Y,Y
대구광역시북구치매안심센터,헤아림,［2018］헤아림 가족교실 2기,2018-08-27,2018-10-22,15:00,16:00,7,내부인력,8,3,Y,Y
대구광역시북구치매안심센터,헤아림,［2018］헤아림 가족교실 1기,2018-03-28,2018-05-30,14:00,15:00,10,내부인력,9,3,Y,Y
대구광역시서구치매안심센터,헤아림,2025-3 헤아림,2025-09-01,2025-10-27,13:30,15:00,12,내부인력,8,4,Y,Y
대구광역시서구치매안심센터,헤아림,2025-2 헤아림,2025-05-21,2025-06-12,13:30,15:00,10,내부인력,8,4,Y,Y
대구광역시서구치매안심센터,헤아림,2025-1 헤아림B(오후반),2025-03-10,2025-03-31,13:30,15:30,10,내부인력,4,2,Y,Y
대구광역시서구치매안심센터,헤아림,2025-1 헤아림A(오전반),2025-03-05,2025-03-26,10:00,12:00,10,내부인력,4,3,Y,Y
대구광역시서구치매안심센터,헤아림,헤아림(2024-3),2024-09-23,2024-11-18,13:30,15:00,15,내부인력,8,4,Y,Y
대구광역시서구치매안심센터,헤아림,헤아림(2024-2),2024-06-03,2024-07-22,13:30,15:00,15,내부인력,8,4,Y,Y
대구광역시서구치매안심센터,헤아림,헤아림(2024-1),2024-03-11,2024-04-29,10:00,11:30,10,내부인력,8,5,Y,Y
대구광역시서구치매안심센터,헤아림,헤아림 (2023-3),2023-10-18,2023-12-06,10:00,11:30,9,내부인력,8,4,Y,Y
대구광역시서구치매안심센터,헤아림,헤아림 (2023-2),2023-06-14,2023-08-02,10:00,11:30,10,내부인력,8,5,Y,Y
대구광역시서구치매안심센터,헤아림,헤아림 (2023-1),2023-02-15,2023-04-12,10:00,11:30,10,내부인력,8,4,Y,Y
대구광역시서구치매안심센터,헤아림,헤아림 (2022-2),2022-09-21,2022-11-09,10:00,11:30,10,내부인력,8,5,Y,Y
대구광역시서구치매안심센터,헤아림,헤아림 (2022-1),2022-06-15,2022-08-03,10:00,11:30,10,내부인력,8,5,Y,Y
대구광역시서구치매안심센터,헤아림,2020년 헤아림1기,2020-02-04,2020-02-18,10:00,11:30,10,내부인력,12,7,Y,N
대구광역시서구치매안심센터,헤아림,2019년헤아림3기,2019-09-10,2019-10-29,09:30,11:00,10,내부인력,8,5,Y,Y
대구광역시서구치매안심센터,헤아림,2019년헤아림2기,2019-06-04,2019-07-23,09:30,11:00,11,내부인력,8,5,Y,Y
대구광역시서구치매안심센터,헤아림,2019년헤아림1기,2019-04-02,2019-05-21,09:30,11:00,10,내부인력,8,5,Y,Y
대구광역시서구치매안심센터,헤아림,2018년헤아림 2기,2018-08-02,2018-08-28,09:30,11:00,10,내부인력,8,5,Y,Y
대구광역시서구치매안심센터,헤아림,2018년헤아림 1기,2018-04-03,2018-05-29,09:30,11:00,10,내부인력,8,6,Y,Y
대구광역시수성구치매안심센터,헤아림,2025 하반기 치매환자보호자프로그램,2025-08-26,2025-11-04,14:00,15:00,15,내부인력,10,1,Y,N
대구광역시수성구치매안심센터,헤아림,2025 상반기 치매환자보호자프로그램,2025-02-25,2025-04-29,14:00,15:00,15,내부인력,10,1,Y,Y
대구광역시수성구치매안심센터,가치돌봄(집중),2024 나침반이 되어줄께,2024-09-11,2024-11-27,14:00,15:00,15,내부인력,10,1,N,Y
대구광역시수성구치매안심센터,헤아림,2024 도란도란 마음나눔,2024-03-06,2024-05-22,14:00,15:00,15,내부인력,10,1,N,N
대구광역시수성구치매안심센터,헤아림,2023 나침반이 되어줄께,2023-08-30,2023-11-01,14:00,15:00,15,내부인력,10,1,Y,Y
대구광역시수성구치매안심센터,헤아림,2023년 도란도란 마음나눔,2023-04-04,2023-05-03,14:00,15:00,20,내부인력,10,1,Y,Y
대구광역시수성구치매안심센터,기타,나침반이 되어줄께,2022-10-12,2022-12-13,14:00,15:00,15,내부인력,6,2,Y,N
대구광역시수성구치매안심센터,헤아림,도란도란 마음나눔,2022-05-10,2022-07-01,14:00,15:00,20,내부인력,16,10,Y,Y
대구광역시수성구치매안심센터,기타,영상으로 배우는 치매환자가족교실,2021-06-09,2021-10-27,10:00,11:00,9,내부인력,20,1,Y,N
대구광역시수성구치매안심센터,헤아림,2019 치매가족지지 프로그램 헤아림2기(건강운동교실),2019-08-20,2019-10-29,15:00,16:00,15,내부인력,18,4,Y,Y
대구광역시수성구치매안심센터,헤아림,2019 치매가족지지 프로그램 헤아림 1기,2019-04-04,2019-05-09,15:30,16:30,15,내부인력,6,4,Y,Y
대구광역시수성구치매안심센터,헤아림,2018 하반기 치매가족지지프로그램 헤아림,2018-11-01,2018-11-29,10:00,11:00,10,내부인력,5,4,Y,Y
대구광역시수성구치매안심센터,헤아림,2018 상반기 치매가족지지프로그램 헤아림,2018-05-08,2018-06-19,10:00,11:30,10,외부인력,6,5,Y,Y
대구광역시중구치매안심센터,헤아림,2025년 가족교실 '민들레' _2기,2025-10-13,2025-11-03,10:00,12:00,10,내부인력,4,1,N,N
대구광역시중구치매안심센터,헤아림,2025년 가족교실 '민들레' _1기,2025-04-03,2025-04-24,10:00,11:00,10,내부인력,4,1,Y,N
대구광역시중구치매안심센터,헤아림,2024 하반기 가족교실 <민들레>,2024-10-02,2024-11-06,10:00,12:00,10,내부인력,8,1,Y,Y
대구광역시중구치매안심센터,헤아림,2024년 상반기 가족교실,2024-04-03,2024-06-12,10:00,12:00,4,내부인력,8,1,Y,Y
대구광역시중구치매안심센터,헤아림,2023 민들레 두번째,2023-12-12,2023-12-19,14:00,16:00,3,내부인력,8,1,Y,Y
대구광역시중구치매안심센터,헤아림,2023 민들레 첫번째,2023-03-07,2023-04-25,10:00,12:00,7,내부인력,8,5,Y,Y
대구광역시중구치매안심센터,헤아림,2022년도 헤아림-가족교실-제2기,2022-10-18,2022-12-20,10:00,12:00,5,내부인력,8,5,Y,Y
대구광역시중구치매안심센터,헤아림,2022 헤아림 가족교실 (대면) 1기,2022-05-30,2022-07-18,14:00,15:00,6,내부인력,8,5,Y,Y
대구광역시중구치매안심센터,헤아림,2021 헤아림 가족교실 대면 2기,2021-05-24,2021-07-12,14:00,15:00,9,내부인력,8,4,Y,N
대구광역시중구치매안심센터,헤아림,2021 헤아림 가족교실 대면 1기,2021-03-31,2021-05-20,10:00,11:00,3,내부인력,8,4,Y,Y
대구광역시중구치매안심센터,헤아림,2019년도 가족교실 헤아림 3기,2019-09-03,2019-10-22,10:00,11:00,10,내부인력,8,4,Y,Y
대구광역시중구치매안심센터,헤아림,2019년도 가족교실 헤아림 2기,2019-04-02,2019-05-28,10:00,11:00,5,내부인력,8,5,Y,Y
대구광역시중구치매안심센터,헤아림,2019년도 가족교실 헤아림 1기,2019-03-05,2019-04-23,10:00,11:00,5,내부인력,8,5,Y,N
대구광역시중구치매안심센터,헤아림,2018년도 가족교실 헤아림 3기,2018-11-07,2018-11-28,10:00,12:00,5,내부인력,8,4,Y,N
대구광역시중구치매안심센터,헤아림,2018년도 가족교실 헤아림 2기,2018-09-05,2018-10-31,10:00,11:00,5,내부인력,8,5,Y,N
대구광역시중구치매안심센터,헤아림,2018년도 가족교실 헤아림 1기,2018-04-11,2018-05-30,10:00,11:00,5,내부인력,8,5,Y,N
대구광역시군위군치매안심센터,헤아림,2025년 헤아림 가족교실,2025-07-15,2025-09-02,14:00,16:00,10,내부인력,8,4,Y,Y
대구광역시군위군치매안심센터,헤아림,2024 헤아림 가족교실,2024-05-07,2024-06-25,14:00,16:00,10,내부인력,8,4,Y,Y
대구광역시군위군치매안심센터,헤아림,2023 헤아림 가족교실,2023-04-20,2023-06-08,14:00,16:00,10,내부인력,8,4,Y,Y
대구광역시군위군치매안심센터,헤아림,2022 헤아림 가족교실,2022-07-21,2022-09-08,14:00,16:00,10,내부인력,8,4,Y,Y
대구광역시군위군치매안심센터,헤아림,2021 헤아림 가족교실,2021-07-22,2021-09-09,14:00,16:00,10,내부인력,8,6,Y,Y
대구광역시군위군치매안심센터,헤아림,2019 하반기 헤아림 가족교실,2019-10-10,2019-12-12,14:00,16:00,10,내부인력,8,6,Y,N
대구광역시군위군치매안심센터,헤아림,2019 헤아림 가족교실,2019-04-08,2019-06-03,14:00,16:00,10,내부인력,8,6,Y,N
대구광역시군위군치매안심센터,헤아림,헤아림 가족교실,2018-08-08,2018-10-18,13:00,15:00,8,내부인력,8,4,Y,Y
대구광역시군위군치매안심센터,헤아림,헤아림,2018-05-02,2018-06-20,14:00,16:00,8,내부인력,8,4,Y,Y
인천광역시강화군치매안심센터,기타,가치함께 일상누림 가족프로그램,2025-11-04,2025-11-13,14:00,16:00,10,내부인력,4,4,Y,N
인천광역시강화군치매안심센터,가치돌봄(집중),'가치돌봄 가족교실',2025-04-01,2025-04-24,14:00,16:00,10,내부인력,8,6,Y,Y
인천광역시강화군치매안심센터,기타,치매환자 개별 가족교실,2024-12-02,2024-12-30,00:00,00:00,1,내부인력,9,1,N,N
인천광역시강화군치매안심센터,휴식공간,2024년 남부인지건강센터 휴식공간 프로그램 운영,2024-11-12,2024-12-03,14:00,16:00,12,내부인력,4,1,Y,Y
인천광역시강화군치매안심센터,기타,'가치함께 일상누림'  가족교실,2024-10-21,2024-10-30,14:00,16:00,20,내부인력,4,4,Y,Y
인천광역시강화군치매안심센터,가치돌봄(집중),2024 치매환자 가족교실 가치돌봄,2024-06-04,2024-07-02,14:00,15:30,10,내부인력,8,6,Y,Y
인천광역시강화군치매안심센터,헤아림,헤아림 가족교실,2023-11-22,2023-12-21,14:30,16:30,10,내부인력,9,6,Y,Y
인천광역시강화군치매안심센터,휴식공간,'휴식공간 가족교실' (남부),2023-11-03,2023-12-15,14:30,16:30,10,내부인력,9,6,Y,Y
인천광역시강화군치매안심센터,휴식공간,'휴식공간 가족교실' (북부),2023-10-30,2023-11-27,14:30,16:30,10,내부인력,9,6,Y,Y
인천광역시강화군치매안심센터,기타,'가치돌봄' 가족교실,2023-08-24,2023-09-19,15:30,17:00,10,내부인력,8,6,Y,Y
인천광역시강화군치매안심센터,기타,가족교실,2022-08-24,2022-11-02,15:30,16:30,6,외부인력,6,6,Y,N
인천광역시강화군치매안심센터,헤아림,헤아림가족교실,2022-06-14,2022-07-12,10:00,12:00,6,내부인력,9,2,Y,Y
인천광역시강화군치매안심센터,헤아림,헤아림 가족교실 3기,2020-12-07,2020-12-31,00:00,00:00,15,내부인력,8,4,Y,N
인천광역시강화군치매안심센터,헤아림,헤아림 가족교실 2기,2020-12-03,2020-12-28,14:00,16:00,10,내부인력,8,4,Y,N
인천광역시강화군치매안심센터,헤아림,헤아림 가족교실 1기,2020-11-30,2020-12-25,09:30,11:30,5,내부인력,8,4,Y,N
인천광역시강화군치매안심센터,헤아림,가족교실 헤아림,2019-07-25,2019-08-16,13:00,15:00,6,외부인력,4,4,Y,N
인천광역시강화군치매안심센터,휴식공간,휴식공간4기,2019-06-13,2019-07-04,13:00,15:00,10,외부인력,4,4,Y,N
인천광역시강화군치매안심센터,휴식공간,휴식공간3기 가족교실,2019-03-11,2019-03-11,10:00,12:00,15,외부인력,1,1,Y,N
인천광역시강화군치매안심센터,휴식공간,휴식공간 2기 가족교실,2018-09-19,2018-09-19,10:00,12:00,9,외부인력,1,1,Y,N
인천광역시강화군치매안심센터,휴식공간,휴식공간 1기 가족교실,2018-08-23,2018-10-25,10:30,12:00,11,외부인력,8,4,Y,N
인천광역시계양구치매안심센터,기타,2025년 4기 '가치함께 일상누림' 가족지원 프로그램(계산),2025-09-01,2025-10-27,14:00,15:00,10,내부인력,8,1,N,Y
인천광역시계양구치매안심센터,기타,2025년 3기 '가치함께 일상누림' 가족지원 프로그램(효성),2025-07-07,2025-08-25,09:30,10:30,8,내부인력,8,1,N,Y
인천광역시계양구치매안심센터,기타,2025년 2기 '가치함께 일상누림' 가족지원 프로그램(계산),2025-05-12,2025-06-30,09:30,10:30,8,내부인력,8,1,N,Y
인천광역시계양구치매안심센터,기타,2025년 1기 '가치함께 일상누림' 가족지원 프로그램(효성),2025-02-17,2025-04-14,14:00,15:00,10,내부인력,8,1,N,Y
인천광역시계양구치매안심센터,한국치매협회 치매가족지지프로그램,2024년 4기 가족지지 프로그램(효성),2024-10-08,2024-11-26,14:30,15:30,9,내부인력,8,1,N,Y
인천광역시계양구치매안심센터,한국치매협회 치매가족지지프로그램,2024년 3기 가족지지 프로그램(계산),2024-07-17,2024-09-04,11:00,12:00,8,내부인력,8,1,N,Y
인천광역시계양구치매안심센터,한국치매협회 치매가족지지프로그램,2024년 2기 가족지지 프로그램(효성),2024-05-08,2024-07-03,14:00,15:00,8,내부인력,8,1,N,Y
인천광역시계양구치매안심센터,한국치매협회 치매가족지지프로그램,2024년 1기 가족지지 프로그램(계산),2024-03-07,2024-04-25,11:00,12:00,8,내부인력,8,1,N,Y
인천광역시계양구치매안심센터,한국치매협회 치매가족지지프로그램,2023년 4기 한국치매협회 가족지지프로그램(효성),2023-09-06,2023-10-25,14:00,15:00,8,내부인력,8,1,N,Y
인천광역시계양구치매안심센터,한국치매협회 치매가족지지프로그램,2023년 3기 한국치매협회 가족지지프로그램(계산),2023-07-10,2023-08-28,14:00,15:00,12,내부인력,8,1,N,Y
인천광역시계양구치매안심센터,한국치매협회 치매가족지지프로그램,2023년 2기 한국치매협회 가족지지프로그램(효성),2023-05-08,2023-07-03,14:00,15:00,4,내부인력,8,1,N,Y
인천광역시계양구치매안심센터,한국치매협회 치매가족지지프로그램,2023년 1기 한국치매협회 가족지지프로그램 가족교실,2023-03-06,2023-05-01,14:00,15:00,6,내부인력,8,1,N,Y
인천광역시계양구치매안심센터,한국치매협회 치매가족지지프로그램,'한국치매협회 치매가족지지프로그램' 2022년도 3기 가족교실,2022-10-11,2022-11-29,14:00,16:30,6,내부인력,8,1,N,Y
인천광역시계양구치매안심센터,한국치매협회 치매가족지지프로그램,효성 치매안심센터 '한국치매협회 치매가족지지프로그램' 2022년도 2기 가족교실,2022-09-15,2022-11-03,14:00,15:00,6,내부인력,8,1,N,Y
인천광역시계양구치매안심센터,헤아림,2022년 헤아림 1기,2022-06-03,2022-07-29,10:00,12:00,4,내부인력,9,4,N,Y
인천광역시계양구치매안심센터,헤아림,2021년 헤아림 2기(효성),2021-06-08,2021-08-24,14:00,15:00,3,내부인력,8,6,Y,Y
인천광역시계양구치매안심센터,헤아림,2021년 헤아림 1기(효성),2021-03-18,2021-05-06,14:00,15:00,3,내부인력,8,5,Y,Y
인천광역시계양구치매안심센터,헤아림,2019년 헤아림 3기,2019-11-05,2019-12-24,14:00,15:00,9,내부인력,8,5,Y,Y
인천광역시계양구치매안심센터,헤아림,2019년 헤아림 2기,2019-07-09,2019-08-27,14:00,15:00,10,내부인력,8,5,Y,Y
인천광역시계양구치매안심센터,헤아림,2019년 헤아림 1기,2019-04-02,2019-05-21,14:00,15:00,9,내부인력,8,5,Y,N
인천광역시계양구치매안심센터,헤아림,헤아림가족교실,2018-05-14,2018-07-02,14:00,16:00,13,내부인력,8,5,Y,Y
인천광역시미추홀구치매안심센터,헤아림,2025년 하반기 헤아림,2025-09-05,2025-10-17,13:30,15:30,8,내부인력,8,4,N,N
인천광역시미추홀구치매안심센터,헤아림,2025년 상반기 헤아림,2025-03-07,2025-04-25,13:30,15:30,8,내부인력,8,4,N,Y
인천광역시미추홀구치매안심센터,휴식공간,2024년 하반기 휴식공간,2024-09-30,2024-11-18,14:00,16:00,8,내부인력,8,4,Y,Y
인천광역시미추홀구치매안심센터,헤아림,2024년 상반기 헤아림,2024-03-08,2024-04-26,13:30,15:30,8,내부인력,8,4,N,Y
인천광역시미추홀구치매안심센터,일상의 회복,일상의 회복 2023년 10월,2023-10-02,2023-10-30,00:00,00:00,8,내부인력,4,3,N,Y
인천광역시미추홀구치매안심센터,일상의 회복,일상의 회복 2023년 9월,2023-09-05,2023-09-26,00:00,00:00,8,내부인력,4,3,N,Y
인천광역시미추홀구치매안심센터,휴식공간,휴식공간 2023년 7월,2023-07-03,2023-07-28,09:30,11:30,8,내부인력,8,4,Y,Y
인천광역시미추홀구치매안심센터,휴식공간,휴식공간 2023년 6월,2023-06-01,2023-06-29,13:30,15:30,8,내부인력,8,4,N,Y
인천광역시미추홀구치매안심센터,헤아림,헤아림 2023-3,2023-03-03,2023-03-27,09:30,11:30,10,내부인력,8,4,Y,Y
인천광역시미추홀구치매안심센터,헤아림,헤아림 2023-2,2023-02-02,2023-02-28,13:30,15:30,7,내부인력,8,4,N,Y
인천광역시미추홀구치매안심센터,기타,일상의 회복 2022-12,2022-12-23,2022-12-23,14:00,16:00,8,내부인력,4,2,Y,Y
인천광역시미추홀구치매안심센터,휴식공간,휴식공간 2022-10,2022-10-12,2022-10-28,09:30,11:30,8,내부인력,6,3,N,Y
인천광역시미추홀구치매안심센터,헤아림,헤아림 2022-9,2022-09-06,2022-09-29,14:00,16:00,8,내부인력,8,4,N,Y
인천광역시미추홀구치매안심센터,휴식공간,휴식공간 2022-7,2022-07-07,2022-07-25,09:30,11:30,6,내부인력,6,3,N,N
인천광역시미추홀구치매안심센터,휴식공간,휴식공간 2022-6,2022-06-16,2022-07-04,14:00,16:00,2,내부인력,6,3,N,N
인천광역시미추홀구치매안심센터,헤아림,헤아림 2022-3,2022-03-17,2022-05-12,09:30,11:30,5,내부인력,8,4,N,Y
인천광역시미추홀구치매안심센터,헤아림,헤아림 2021-10,2021-10-08,2021-11-05,09:30,12:00,3,내부인력,8,4,N,Y
인천광역시미추홀구치매안심센터,헤아림,헤아림 2021-9,2021-09-10,2021-10-01,09:30,12:00,4,내부인력,8,4,N,Y
인천광역시미추홀구치매안심센터,기타,"일상의회복 시범운영 2021-6  (사전, 사후 별도 서면준비)",2021-06-14,2021-07-05,10:00,12:00,4,내부인력,4,3,N,N
인천광역시미추홀구치매안심센터,헤아림,헤아림 2021-3,2021-03-19,2021-04-19,10:00,12:00,5,내부인력,8,4,N,Y
인천광역시미추홀구치매안심센터,헤아림,헤아림 2020-11,2020-11-16,2020-12-14,10:00,12:00,5,내부인력,8,4,N,Y
인천광역시미추홀구치매안심센터,헤아림,헤아림 2019-3,2019-09-02,2019-09-30,09:30,12:00,20,내부인력,2,4,Y,Y
인천광역시미추홀구치매안심센터,헤아림,헤아림2019-2,2019-06-03,2019-06-28,09:30,12:00,20,내부인력,8,4,Y,Y
인천광역시미추홀구치매안심센터,헤아림,헤아림2019-1,2019-03-04,2019-03-29,09:30,12:00,15,내부인력,8,4,Y,Y
인천광역시미추홀구치매안심센터,헤아림,헤아림가족교실,2018-08-29,2018-10-17,10:00,12:00,22,내부인력,8,4,Y,Y
인천광역시미추홀구치매안심센터,헤아림,헤아림가족교실,2018-04-11,2018-05-30,10:00,12:00,11,내부인력,8,5,Y,Y
인천광역시남동구치매안심센터,기타,2025 가치함께 일상누림 2기,2025-10-29,2025-11-19,10:00,12:00,5,내부인력,4,2,Y,N
인천광역시남동구치매안심센터,기타,2025 가치함께 일상누림 1기,2025-06-11,2025-06-30,10:00,12:00,7,내부인력,4,2,N,N
인천광역시남동구치매안심센터,헤아림,(만수2동 치매안심마을 대상)2024 헤아림 2기,2024-07-01,2024-07-29,10:00,12:00,5,내부인력,8,4,N,Y
인천광역시남동구치매안심센터,헤아림,(논현2동 치매안심마을 대상)2024 헤아림 1기,2024-03-27,2024-04-30,10:00,12:00,8,내부인력,8,4,N,Y
인천광역시남동구치매안심센터,휴식공간,2023휴식공간1기,2023-09-04,2023-09-21,10:00,12:00,10,외부인력,6,3,N,Y
인천광역시남동구치매안심센터,헤아림,2023헤아림3기,2023-06-07,2023-06-27,10:30,12:30,8,내부인력,4,2,Y,Y
인천광역시남동구치매안심센터,헤아림,(2023 만수2동 치매안심마을)2023헤아림2기,2023-04-04,2023-04-25,10:30,12:30,8,내부인력,4,2,Y,Y
인천광역시남동구치매안심센터,헤아림,(2023 간석4동 치매안심마을)2023헤아림 1기,2023-02-07,2023-02-28,10:30,12:30,6,내부인력,4,2,Y,Y
인천광역시남동구치매안심센터,헤아림,2022헤아림 2기,2022-09-02,2022-10-21,10:30,15:30,8,내부인력,8,4,Y,Y
인천광역시남동구치매안심센터,헤아림,2022 헤아림,2022-04-12,2022-05-31,13:00,15:00,8,내부인력,8,4,Y,N
인천광역시남동구치매안심센터,헤아림,2021헤아림 2기,2021-10-08,2021-11-26,13:00,15:00,6,내부인력,8,4,Y,Y
인천광역시남동구치매안심센터,헤아림,2021헤아림,2021-02-03,2021-02-24,10:00,16:00,8,내부인력,8,4,Y,Y
인천광역시남동구치매안심센터,헤아림,2020헤아림,2020-09-16,2020-09-25,10:00,16:00,8,내부인력,4,4,Y,Y
인천광역시남동구치매안심센터,헤아림,헤아림2기,2019-02-11,2019-04-08,14:00,16:00,8,내부인력,8,4,Y,Y
인천광역시남동구치매안심센터,헤아림,헤아림1기,2018-09-03,2018-10-29,10:00,12:00,8,내부인력,8,5,Y,Y
인천광역시동구치매안심센터,헤아림,2025 가족교실 3기,2025-09-04,2025-11-06,14:00,15:00,12,외부인력,9,5,N,N
인천광역시동구치매안심센터,헤아림,2025 가족교실 2기,2025-05-01,2025-06-19,14:00,15:00,15,외부인력,8,4,N,Y
인천광역시동구치매안심센터,헤아림,2025 가족교실 1기,2025-03-06,2025-04-24,14:00,15:00,12,외부인력,8,6,N,Y
인천광역시동구치매안심센터,헤아림,2024 가족교실 4기,2024-10-10,2024-11-28,14:00,15:00,12,외부인력,8,4,N,Y
인천광역시동구치매안심센터,헤아림,2024 가족교실 3기,2024-08-01,2024-09-26,14:00,15:00,13,외부인력,8,4,N,Y
인천광역시동구치매안심센터,헤아림,2024 가족교실 2기,2024-05-02,2024-06-27,14:00,15:00,13,외부인력,9,4,N,Y
인천광역시동구치매안심센터,헤아림,2024 가족교실 1기,2024-03-07,2024-04-25,14:00,15:00,11,외부인력,8,6,N,Y
인천광역시동구치매안심센터,헤아림,2023 가족교실 4기,2023-10-19,2023-12-07,14:00,15:00,12,외부인력,8,6,N,Y
인천광역시동구치매안심센터,헤아림,2023 가족교실 3기,2023-08-17,2023-10-12,14:00,15:00,10,외부인력,8,6,N,N
인천광역시동구치매안심센터,헤아림,2023 가족교실 2기,2023-04-27,2023-06-15,14:00,15:00,10,외부인력,8,5,N,N
인천광역시동구치매안심센터,헤아림,2023 가족교실 1기,2023-03-02,2023-04-20,14:00,15:00,10,외부인력,8,4,N,Y
인천광역시동구치매안심센터,헤아림,2022 가족교실 1기,2022-02-10,2022-12-31,14:00,15:00,10,외부인력,8,1,N,N
인천광역시동구치매안심센터,헤아림,2022 가족교실 4기,2022-10-20,2022-12-08,14:00,16:00,10,외부인력,8,1,N,Y
인천광역시동구치매안심센터,헤아림,2022 가족교실 3기,2022-08-18,2022-10-13,15:00,15:00,10,외부인력,8,1,N,N
인천광역시동구치매안심센터,헤아림,2022 가족교실 2기,2022-06-23,2022-08-11,14:00,15:00,20,외부인력,8,1,N,N
인천광역시동구치매안심센터,한국치매협회 치매가족지지프로그램,2021 가족교실 4기,2021-09-02,2021-10-21,14:00,15:00,5,외부인력,8,4,N,Y
인천광역시동구치매안심센터,한국치매협회 치매가족지지프로그램,2021 가족교실 3기,2021-07-01,2021-08-19,14:00,15:00,5,외부인력,8,4,N,Y
인천광역시동구치매안심센터,한국치매협회 치매가족지지프로그램,2021 가족교실 2기,2021-04-29,2021-06-17,14:00,15:00,5,외부인력,8,4,N,Y
인천광역시동구치매안심센터,한국치매협회 치매가족지지프로그램,2021 가족교실 1기,2021-02-18,2021-04-08,14:00,15:00,10,외부인력,8,4,Y,Y
인천광역시동구치매안심센터,한국치매협회 치매가족지지프로그램,2020 가족교실,2020-11-05,2020-12-24,14:00,16:00,10,내부인력,8,4,Y,N
인천광역시동구치매안심센터,헤아림,헤아림 4회기,2019-11-07,2019-12-26,14:00,16:00,15,내부인력,8,4,Y,N
인천광역시동구치매안심센터,헤아림,헤아림 3회기,2019-08-08,2019-10-17,14:00,16:00,15,내부인력,8,4,Y,N
인천광역시동구치매안심센터,헤아림,헤아림 2회기,2019-04-25,2019-06-20,14:00,16:00,15,내부인력,8,4,Y,N
인천광역시동구치매안심센터,헤아림,헤아림 1회기,2019-02-14,2019-04-04,14:00,16:00,10,내부인력,8,4,Y,N
인천광역시동구치매안심센터,휴식공간,"동구치매안심센터,중구치매안심센터와 함께하는 휴식공간",2018-10-24,2018-12-26,14:00,16:00,8,외부인력,8,3,Y,Y
인천광역시부평구치매안심센터,휴식공간,"2025년 가족교실 휴식공간 2기 (11,12월)",2025-11-06,2025-12-18,09:30,10:30,18,내부인력,7,1,Y,N
인천광역시부평구치매안심센터,헤아림,"2025년 가족교실 헤아림 2기 (9,10월)",2025-09-04,2025-10-30,09:30,10:30,10,내부인력,8,1,Y,Y
인천광역시부평구치매안심센터,기타,"2025년 가치함께 일상누림 (7,8월)",2025-07-10,2025-08-28,09:30,10:30,10,내부인력,8,1,Y,Y
인천광역시부평구치매안심센터,휴식공간,"2025년 가족교실 휴식공간 1기 (5,6월)",2025-05-01,2025-06-26,09:30,10:30,10,내부인력,8,1,Y,Y
인천광역시부평구치매안심센터,헤아림,"2025년 가족교실 헤아림 1기 (3,4월)",2025-03-06,2025-04-24,09:30,10:30,10,내부인력,8,1,Y,Y
인천광역시부평구치매안심센터,가치돌봄(집중),"2025년 가족교실 가치돌봄 1기 (1,2월)",2025-01-09,2025-02-27,09:30,10:30,10,내부인력,8,1,Y,Y
인천광역시부평구치매안심센터,헤아림,2024년 가족교실 헤아림 (4기),2024-11-06,2024-12-18,09:30,10:30,10,내부인력,7,1,Y,Y
인천광역시부평구치매안심센터,헤아림,2024년 가족교실 헤아림 (3기),2024-09-04,2024-10-30,09:30,10:30,10,내부인력,8,4,Y,Y
인천광역시부평구치매안심센터,가치돌봄(기본),2024년 가족교실 가치돌봄,2024-07-03,2024-08-28,09:30,10:30,12,내부인력,8,5,Y,Y
인천광역시부평구치매안심센터,헤아림,2024년 가족교실 헤아림 (2기),2024-05-01,2024-06-26,09:30,10:30,10,내부인력,8,6,Y,Y
인천광역시부평구치매안심센터,휴식공간,2024년 가족교실 휴식공간,2024-04-02,2024-04-24,09:00,10:30,15,내부인력,6,3,Y,Y
인천광역시부평구치매안심센터,헤아림,2024년 가족교실 헤아림 (1기),2024-02-07,2024-03-27,09:30,10:30,8,내부인력,8,5,Y,Y
인천광역시부평구치매안심센터,헤아림,2023년 가족교실 헤아림 (8기),2023-11-08,2023-12-27,09:30,10:30,10,외부인력,8,3,Y,Y
인천광역시부평구치매안심센터,헤아림,2023년 가족교실 헤아림 (7기),2023-09-06,2023-10-25,10:30,11:30,20,외부인력,8,3,Y,Y
인천광역시부평구치매안심센터,휴식공간,찾아가는 휴식공간,2023-08-16,2023-08-31,10:30,12:00,10,외부인력,6,4,N,Y
인천광역시부평구치매안심센터,헤아림,2023년 가족교실 헤아림 (6기),2023-07-05,2023-08-23,09:30,10:30,15,외부인력,8,4,Y,Y
인천광역시부평구치매안심센터,기타,단계별 치매환자 돌봄을 위한 가족프로그램(신규),2023-06-13,2023-07-06,10:30,12:00,8,내부인력,8,6,N,Y
인천광역시부평구치매안심센터,헤아림,2023년 가족교실 헤아림 (5기),2023-06-08,2023-06-29,14:00,16:00,10,외부인력,1,1,Y,Y
인천광역시부평구치매안심센터,헤아림,2023년 가족교실 헤아림 (4기),2023-05-04,2023-05-25,14:00,16:00,10,외부인력,4,1,Y,Y
인천광역시부평구치매안심센터,헤아림,2023년 가족교실 헤아림 (3기),2023-04-06,2023-04-27,13:30,16:00,10,외부인력,4,1,Y,Y
인천광역시부평구치매안심센터,헤아림,2023년 가족교실 헤아림 (2기),2023-03-09,2023-03-30,14:00,16:00,10,외부인력,4,1,Y,Y
인천광역시부평구치매안심센터,헤아림,2023년 가족교실 헤아림 (1기),2023-02-02,2023-02-23,14:00,16:00,15,외부인력,4,2,Y,Y
인천광역시부평구치매안심센터,헤아림,2022년 5기 가족교실(헤아림),2022-11-24,2022-12-22,14:00,16:00,20,외부인력,5,1,Y,Y
인천광역시부평구치매안심센터,헤아림,2022년 4기 가족교실(헤아림),2022-09-22,2022-10-20,13:00,16:00,10,외부인력,5,1,Y,Y
인천광역시부평구치매안심센터,헤아림,2022년 3기 가족교실(헤아림),2022-08-04,2022-08-27,14:00,16:00,10,외부인력,4,1,Y,Y
인천광역시부평구치매안심센터,헤아림,2022년 2기 가족교실(헤아림),2022-06-30,2024-07-01,14:00,16:00,12,외부인력,105,4,Y,Y
인천광역시부평구치매안심센터,헤아림,2022년 1기 가족교실(헤아림),2022-05-26,2022-06-16,14:00,16:00,10,외부인력,4,4,Y,Y
인천광역시부평구치매안심센터,기타,'일상의 회복' 시범운영,2021-06-04,2021-06-25,10:00,12:00,3,내부인력,4,3,N,N
인천광역시부평구치매안심센터,헤아림,헤아림(2019년 1기),2019-02-13,2019-04-03,14:00,16:00,7,내부인력,8,8,Y,Y
인천광역시부평구치매안심센터,헤아림,헤아림(2017년),2017-05-11,2017-06-29,14:00,16:00,9,내부인력,8,8,Y,N
인천광역시부평구치매안심센터,헤아림,헤아림(2기),2018-07-06,2018-08-24,14:00,16:00,9,내부인력,8,6,Y,N
인천광역시부평구치매안심센터,헤아림,헤아림(2018년 1기),2018-02-21,2018-04-11,14:00,16:00,8,내부인력,8,8,Y,Y
인천광역시서구치매안심센터,헤아림,2025년 제 2기 헤아림 가족교실,2025-07-02,2025-07-23,10:00,12:00,20,외부인력,8,4,Y,Y
인천광역시서구치매안심센터,헤아림,2025년 제 1기 헤아림 가족교실,2025-03-05,2025-03-26,14:00,16:00,15,외부인력,8,4,N,Y
인천광역시서구치매안심센터,헤아림,2024년 제4기 헤아림 가족교실,2024-12-03,2024-12-12,14:00,16:00,10,외부인력,8,4,Y,Y
인천광역시서구치매안심센터,기타,치매돌봄 가족 교육프로그램 '가치함께 일상누림',2024-10-22,2024-10-31,10:00,12:00,20,외부인력,4,2,Y,Y
인천광역시서구치매안심센터,헤아림,2024년 제3기 헤아림 가족교실,2024-09-05,2024-09-26,10:00,12:00,15,외부인력,8,4,Y,Y
인천광역시서구치매안심센터,헤아림,2024년 제2기 헤아림 가족교실,2024-06-12,2024-07-03,14:00,16:00,15,외부인력,8,4,Y,Y
인천광역시서구치매안심센터,헤아림,2024년 제1기 헤아림 가족교실,2024-02-21,2024-03-13,14:00,16:00,15,외부인력,8,4,Y,Y
인천광역시서구치매안심센터,헤아림,2023년 제3기 헤아림 가족교실,2023-11-27,2023-12-18,00:00,00:00,20,외부인력,8,4,Y,Y
인천광역시서구치매안심센터,휴식공간,치매환자 가족지원 통합프로그램 휴식공간,2023-09-05,2023-09-22,10:30,12:00,15,외부인력,6,3,Y,Y
인천광역시서구치매안심센터,헤아림,2023년 제2기 헤아림 가족교실,2023-06-23,2023-07-14,13:30,15:30,20,외부인력,8,4,Y,Y
인천광역시서구치매안심센터,헤아림,2023년 제1기 헤아림 가족교실,2023-03-09,2023-03-30,10:00,12:00,15,외부인력,8,4,Y,Y
인천광역시서구치매안심센터,헤아림,2022년 제3기 헤아림 가족교실,2022-11-30,2022-12-21,14:00,16:00,15,외부인력,8,4,Y,Y
인천광역시서구치매안심센터,헤아림,2022년 제2기 헤아림 가족교실,2022-07-06,2022-07-27,13:30,15:30,15,외부인력,8,4,Y,Y
인천광역시서구치매안심센터,헤아림,2022년 제1기 헤아림 가족교실,2022-05-03,2022-05-24,10:00,12:00,10,외부인력,8,4,Y,Y
인천광역시서구치매안심센터,헤아림,2021년 제2기 헤아림 가족교실,2021-05-07,2021-05-28,10:00,12:00,10,외부인력,8,2,Y,Y
인천광역시서구치매안심센터,헤아림,2021년 제1기 헤아림 가족교실,2021-03-10,2021-03-31,10:00,12:00,8,외부인력,8,4,Y,Y
인천광역시서구치매안심센터,헤아림,7기 가족교실,2019-12-04,2019-12-12,14:00,16:00,10,내부인력,4,2,Y,Y
인천광역시서구치매안심센터,헤아림,6기 가족교실,2019-09-02,2019-09-24,10:00,12:00,8,내부인력,8,4,Y,Y
인천광역시서구치매안심센터,헤아림,5기 가족교실,2019-06-04,2019-06-27,14:00,16:00,10,내부인력,8,4,Y,Y
인천광역시서구치매안심센터,헤아림,4기 가족교실,2019-03-05,2019-03-28,14:00,16:00,10,내부인력,8,4,Y,Y
인천광역시서구치매안심센터,헤아림,3기 가족교실,2018-10-04,2018-10-26,13:00,15:00,13,내부인력,8,4,Y,Y
인천광역시서구치매안심센터,헤아림,2기 가족교실,2018-07-03,2018-07-26,14:00,16:00,13,내부인력,8,4,Y,Y
인천광역시서구치매안심센터,헤아림,1기 가족교실,2018-03-09,2018-04-27,14:00,16:00,12,내부인력,8,6,Y,Y
인천광역시연수구치매안심센터,휴식공간,도란도란 가족교실(2025년 선학),2025-09-05,2025-09-26,14:00,16:00,20,외부인력,8,2,N,Y
인천광역시연수구치매안심센터,휴식공간,도란도란 가족교실(2025년 송도),2025-05-09,2025-05-30,10:00,12:00,10,외부인력,8,2,N,Y
인천광역시연수구치매안심센터,헤아림,도란도란 가족교실(2024년 송도 2기),2024-10-04,2024-11-01,10:00,12:00,10,외부인력,8,2,N,Y
인천광역시연수구치매안심센터,헤아림,도란도란 가족교실(2024년 선학 2기),2024-10-04,2024-11-01,14:00,16:00,10,외부인력,4,2,N,Y
인천광역시연수구치매안심센터,헤아림,도란도란 가족교실(2024년 송도1기),2024-05-10,2024-05-31,10:00,12:00,10,외부인력,8,2,N,Y
인천광역시연수구치매안심센터,헤아림,도란도란 가족교실(2024년 선학 1기),2024-05-03,2024-05-24,14:00,16:00,10,외부인력,8,2,N,Y
인천광역시연수구치매안심센터,한국치매협회 치매가족지지프로그램,도란도란 가족교실(2023년 송도 2기),2023-10-20,2023-12-08,13:30,14:30,10,외부인력,8,4,N,Y
인천광역시연수구치매안심센터,한국치매협회 치매가족지지프로그램,도란도란 가족교실(2023년 선학 2기),2023-10-20,2023-12-08,10:00,11:00,10,외부인력,8,2,N,Y
인천광역시연수구치매안심센터,한국치매협회 치매가족지지프로그램,도란도란 가족교실(2023년 송도 1기),2023-03-03,2023-04-21,10:00,11:00,10,외부인력,8,2,N,Y
인천광역시연수구치매안심센터,한국치매협회 치매가족지지프로그램,도란도란 가족교실(2023년 선학 1기),2023-03-03,2023-04-21,13:00,14:00,10,외부인력,8,2,N,Y
인천광역시연수구치매안심센터,한국치매협회 치매가족지지프로그램,도란도란 가족교실(2022년 송도),2022-08-09,2022-09-27,10:00,11:00,10,외부인력,8,4,N,Y
인천광역시연수구치매안심센터,한국치매협회 치매가족지지프로그램,도란도란 가족교실(2022년 선학),2022-08-12,2022-10-07,14:00,15:00,10,외부인력,8,1,N,Y
인천광역시연수구치매안심센터,한국치매협회 치매가족지지프로그램,토닥토닥 가족보듬교실 2기,2019-08-06,2019-09-10,10:00,11:00,10,외부인력,6,4,Y,Y
인천광역시연수구치매안심센터,한국치매협회 치매가족지지프로그램,토닥토닥 가족보듬교실,2019-05-09,2019-06-27,10:00,11:00,10,외부인력,6,4,Y,N
인천광역시연수구치매안심센터,헤아림,헤아림,2018-04-12,2018-05-31,13:30,15:30,15,내부인력,8,4,Y,Y
인천광역시옹진군치매안심센터,기타,2025 가족교실,2025-10-24,2025-12-26,14:00,15:00,50,내부인력,8,1,Y,N
인천광역시옹진군치매안심센터,기타,2025년 대청면 '가치함께 일상누림',2025-08-25,2025-09-02,13:00,16:00,5,내부인력,4,2,Y,Y
인천광역시옹진군치매안심센터,기타,2025년 백령면  '가치함께 일상누림',2025-07-30,2025-08-20,13:00,16:00,5,내부인력,4,2,N,Y
인천광역시옹진군치매안심센터,기타,2025년 소청도 '가치함께 일상누림',2025-04-21,2025-05-16,13:00,16:00,5,내부인력,4,2,Y,Y
인천광역시옹진군치매안심센터,기타,2024 가족교실,2024-01-01,2024-12-31,15:00,16:00,30,내부인력,262,1,N,Y
인천광역시옹진군치매안심센터,헤아림,백령가족교실,2019-10-16,2019-12-18,14:00,15:00,10,내부인력,8,4,Y,Y
인천광역시중구치매안심센터,헤아림,헤아림(2025),2025-08-06,2025-08-27,14:00,16:00,10,내부인력,8,8,Y,N
인천광역시중구치매안심센터,휴식공간,마음더하기(2025년 1기),2025-05-01,2025-05-29,10:00,12:00,6,외부인력,5,3,Y,Y
인천광역시중구치매안심센터,휴식공간,마음더하기(2024년 2기),2024-11-21,2024-12-19,10:00,11:00,6,외부인력,5,2,N,Y
인천광역시중구치매안심센터,휴식공간,마음더하기(2024년 1기),2024-08-29,2024-09-26,10:00,11:00,10,외부인력,5,2,Y,Y
인천광역시중구치매안심센터,헤아림,또바기,2024-08-07,2024-08-28,14:00,16:00,10,내부인력,4,3,Y,Y
인천광역시중구치매안심센터,헤아림,'헤아림(2023),2023-07-20,2023-08-31,13:30,15:30,4,내부인력,4,3,N,Y
인천광역시중구치매안심센터,휴식공간,마음더하기 2023-2(휴식공간),2023-11-03,2023-11-28,14:00,15:00,10,내부인력,5,3,Y,Y
인천광역시중구치매안심센터,휴식공간,마음더하기 2023-1(휴식공간),2023-06-02,2023-06-27,14:00,16:00,10,내부인력,5,3,Y,Y
인천광역시중구치매안심센터,휴식공간,마음더하기2022-2(휴식공간),2022-10-11,2022-10-28,13:30,15:30,20,내부인력,5,3,Y,Y
인천광역시중구치매안심센터,휴식공간,마음더하기2022-1(휴식공간),2022-06-03,2022-07-01,13:30,15:30,20,내부인력,5,3,Y,Y
인천광역시중구치매안심센터,휴식공간,마음더하기(2021-휴식공간),2021-11-15,2021-12-01,14:00,16:00,5,내부인력,6,3,Y,Y
인천광역시중구치매안심센터,휴식공간,마음더하기(2019-2휴식공간),2019-10-01,2019-11-19,14:00,16:00,20,내부인력,8,4,Y,N
인천광역시중구치매안심센터,휴식공간,마음더하기(2019-1휴식공간),2019-06-04,2019-07-23,14:00,16:00,10,내부인력,8,4,Y,Y
인천광역시중구치매안심센터,휴식공간,2018 치매가족교육프로그램 휴식공간,2018-10-24,2018-12-26,14:00,16:00,9,외부인력,8,4,Y,Y
광주광역시광산구치매안심센터,헤아림,2025년 가족교실 헤아림 2기,2025-10-15,2025-10-29,13:30,15:30,10,내부인력,6,3,N,Y
광주광역시광산구치매안심센터,헤아림,2025년 가족교실 헤아림 1기,2025-05-14,2025-07-02,13:30,15:30,10,내부인력,8,3,N,Y
광주광역시광산구치매안심센터,헤아림,2025 '마음챙김' 1기  치매가족교실(비대면),2025-02-10,2025-04-03,09:00,12:00,10,내부인력,8,4,N,Y
광주광역시광산구치매안심센터,헤아림,2024'마음챙김' 2기  치매가족교실(비대면),2024-10-16,2024-12-13,09:00,12:00,10,내부인력,8,4,N,Y
광주광역시광산구치매안심센터,헤아림,2024년 가족교실 헤아림 2기,2024-09-06,2024-10-11,13:30,15:30,10,내부인력,6,3,N,Y
광주광역시광산구치매안심센터,헤아림,2024마음챙김 1기  가족교육 (비대면),2024-06-03,2024-08-09,10:00,12:00,10,내부인력,8,4,N,Y
광주광역시광산구치매안심센터,헤아림,2024년 가족교실 헤아림 1기,2024-03-14,2024-04-18,13:30,15:30,10,내부인력,6,3,N,Y
광주광역시광산구치매안심센터,헤아림,2023년 헤아림 2기 송정아틀리에,2023-10-18,2023-11-22,14:00,16:00,10,내부인력,6,1,N,Y
광주광역시광산구치매안심센터,헤아림,2023년 행복온 1기,2023-06-26,2023-08-31,09:00,10:00,10,내부인력,8,2,N,Y
광주광역시광산구치매안심센터,헤아림,2023년 헤아림1기,2023-02-16,2023-04-06,14:00,16:00,9,내부인력,8,3,N,Y
광주광역시광산구치매안심센터,헤아림,2022년 헤아림 2기,2022-09-29,2022-11-17,13:00,15:00,9,내부인력,8,3,Y,Y
광주광역시광산구치매안심센터,기타,2022년 '행복온' 2기(비대면가족교육),2022-09-19,2022-11-11,10:00,12:00,18,내부인력,8,4,N,Y
광주광역시광산구치매안심센터,헤아림,2022년 헤아림 1기,2022-05-18,2022-07-13,13:00,15:00,8,내부인력,8,4,Y,Y
광주광역시광산구치매안심센터,헤아림,2022년 '행복온' 1기(비대면가족교육),2022-02-21,2022-04-15,09:00,11:00,10,내부인력,8,4,N,Y
광주광역시광산구치매안심센터,헤아림,2021년 헤아림 2기,2021-10-19,2021-11-23,13:30,15:30,6,내부인력,6,3,Y,Y
광주광역시광산구치매안심센터,헤아림,2021년 행복 ON 2기(비대면 치매가족교육),2021-08-23,2021-10-01,09:00,10:00,11,내부인력,6,4,N,Y
광주광역시광산구치매안심센터,헤아림,2021년 헤아림1기,2021-04-29,2021-06-03,13:30,15:00,15,내부인력,6,3,Y,Y
광주광역시광산구치매안심센터,헤아림,행복 ON(비대면 치매가족교육),2021-01-29,2021-03-05,10:00,11:00,10,내부인력,6,4,N,Y
광주광역시광산구치매안심센터,헤아림,행복 ON(비대면 치매가족교육),2020-09-21,2020-10-21,10:00,12:00,10,내부인력,5,3,N,Y
광주광역시광산구치매안심센터,헤아림,헤아림 1기,2020-08-11,2020-10-30,10:00,12:00,10,내부인력,6,3,N,Y
광주광역시광산구치매안심센터,헤아림,헤아림 4기,2019-10-29,2019-11-26,10:00,12:00,10,내부인력,5,3,Y,N
광주광역시광산구치매안심센터,헤아림,헤아림3기,2019-09-09,2019-10-07,10:00,12:00,15,내부인력,5,3,Y,N
광주광역시광산구치매안심센터,헤아림,헤아림2기,2019-05-22,2019-07-10,10:00,12:00,15,내부인력,8,4,Y,Y
광주광역시광산구치매안심센터,헤아림,헤아림1기,2019-03-06,2019-04-24,10:00,12:00,15,내부인력,8,4,Y,N
광주광역시광산구치매안심센터,헤아림,헤아림 2기,2018-09-14,2018-11-02,13:30,15:30,12,내부인력,8,4,Y,N
광주광역시광산구치매안심센터,헤아림,헤아림 1기,2018-04-11,2018-05-30,14:00,16:00,10,내부인력,8,5,Y,Y
광주광역시남구치매안심센터,가치돌봄(집중),2025년 3기 치매환자 가족교실 프로그램,2025-10-14,2025-11-06,13:30,16:30,11,내부인력,8,4,Y,N
광주광역시남구치매안심센터,가치돌봄(집중),2025년 2기 치매환자 가족교실 프로그램,2025-06-02,2025-06-26,14:00,15:30,7,내부인력,8,4,Y,Y
광주광역시남구치매안심센터,가치돌봄(집중),2025년 1기 치매환자 가족교실 프로그램,2025-03-25,2025-04-24,13:30,16:30,10,내부인력,8,4,Y,Y
광주광역시남구치매안심센터,헤아림,2024년 하반기 헤아림 가족교실,2024-07-10,2024-12-13,10:00,11:00,5,내부인력,23,1,N,Y
광주광역시남구치매안심센터,헤아림,2024년 상반기 헤아림 가족교실,2024-02-20,2024-04-30,10:00,11:20,5,내부인력,8,1,N,Y
광주광역시남구치매안심센터,헤아림,2023년 하반기 헤아림 가족교실(2차),2023-12-05,2023-12-14,13:40,15:00,1,내부인력,4,1,N,N
광주광역시남구치매안심센터,헤아림,2023년 가정방문 헤아림(3차),2023-11-09,2023-11-21,13:30,15:00,1,내부인력,4,1,N,N
광주광역시남구치매안심센터,헤아림,2023년 하반기 헤아림 가족교실,2023-09-19,2023-10-05,14:00,15:20,5,내부인력,8,1,N,Y
광주광역시남구치매안심센터,헤아림,2023년 가정방문 헤아림(2차),2023-08-22,2023-09-01,10:00,11:20,1,내부인력,4,1,N,Y
광주광역시남구치매안심센터,헤아림,2023년 상반기 헤아림 가족교실,2023-05-09,2023-05-19,14:00,15:20,5,내부인력,8,4,N,Y
광주광역시남구치매안심센터,헤아림,2023년 가정방문 헤아림(1차),2023-03-13,2023-03-30,13:30,16:10,1,내부인력,8,4,N,Y
광주광역시남구치매안심센터,헤아림,2022년 헤아림 가족교실 1기,2022-09-29,2022-12-16,09:00,17:00,5,내부인력,8,6,Y,Y
광주광역시남구치매안심센터,헤아림,가족교실 헤아림 3기,2021-09-14,2021-10-29,10:00,11:00,1,내부인력,8,4,Y,N
광주광역시남구치매안심센터,헤아림,하반기 헤아림교실 2기,2021-07-06,2021-08-25,13:00,14:30,1,내부인력,4,4,Y,Y
광주광역시남구치매안심센터,헤아림,2021년 1기 헤아림 가족교실,2021-06-04,2021-06-14,14:00,16:00,8,내부인력,6,4,Y,Y
광주광역시남구치매안심센터,헤아림,2020 가정방문 헤아림3,2020-10-23,2020-11-09,09:30,11:30,1,내부인력,8,4,Y,Y
광주광역시남구치매안심센터,헤아림,2020 가정방문 헤아림2,2020-08-27,2020-09-17,14:00,16:00,1,내부인력,8,4,Y,Y
광주광역시남구치매안심센터,헤아림,2020 가정방문 헤아림 1,2020-08-27,2020-09-17,14:00,16:00,1,내부인력,8,4,Y,Y
광주광역시남구치매안심센터,헤아림,헤아림4기,2019-09-24,2019-11-12,14:00,16:00,10,외부인력,8,5,Y,Y
광주광역시남구치매안심센터,헤아림,헤아림3기,2019-04-24,2019-06-12,14:00,16:00,12,외부인력,8,5,Y,N
광주광역시남구치매안심센터,헤아림,헤아림2기,2018-10-16,2018-12-04,14:00,16:00,8,외부인력,8,6,Y,N
광주광역시남구치매안심센터,헤아림,헤아림1기,2018-04-27,2018-06-15,14:00,16:00,11,외부인력,7,6,Y,N
광주광역시동구치매안심센터,가치돌봄(기본),2025년 하반기 도란도란 마음 나눔,2025-09-15,2025-10-08,14:00,16:00,10,내부인력,8,8,N,Y
광주광역시동구치매안심센터,헤아림,도란도란  마음나눔,2025-03-17,2025-04-16,15:00,16:00,10,내부인력,10,5,Y,Y
광주광역시동구치매안심센터,헤아림,2024 하반기 도란도란 마음나눔,2024-10-07,2024-11-25,14:00,15:00,10,내부인력,8,6,Y,Y
광주광역시동구치매안심센터,헤아림,2024 상반기 도란도란 마음나눔,2024-03-20,2024-06-19,15:00,16:00,13,외부인력,10,4,N,Y
광주광역시동구치매안심센터,헤아림,2023 하반기 도란도란 마음나눔,2023-09-06,2023-11-22,15:00,16:00,16,외부인력,10,5,N,Y
광주광역시동구치매안심센터,헤아림,2023 상반기 도란도란 마음나눔,2023-03-13,2023-05-12,14:00,16:00,8,내부인력,8,4,N,Y
광주광역시동구치매안심센터,헤아림,2022 하반기 도란도란 마음나눔,2022-09-14,2022-11-30,14:00,16:00,10,외부인력,9,4,N,Y
광주광역시동구치매안심센터,기타,2022 상반기 비대면 가족교실,2022-04-13,2022-06-22,10:00,11:00,15,내부인력,10,6,N,Y
광주광역시동구치매안심센터,헤아림,2021 하반기 도란도란 마음나눔,2021-09-29,2021-12-08,14:00,16:00,10,외부인력,11,4,N,Y
광주광역시동구치매안심센터,헤아림,2021 상반기 도란도란마음나눔,2021-05-03,2021-06-30,14:00,16:00,8,외부인력,8,4,N,Y
광주광역시동구치매안심센터,헤아림,2020 도란도란 마음나눔,2020-10-07,2020-11-25,14:00,16:00,8,내부인력,8,5,Y,Y
광주광역시동구치매안심센터,헤아림,2019 하반기 도란도란 마음나눔,2019-09-18,2019-12-11,14:00,16:00,15,외부인력,13,6,Y,N
광주광역시동구치매안심센터,헤아림,2019 상반기 도란도란 마음나눔,2019-04-04,2019-06-20,14:00,16:00,16,외부인력,12,5,Y,N
광주광역시동구치매안심센터,희망다이어리,2018 하반기 도란도란 마음나눔,2018-11-08,2018-11-29,14:00,16:00,20,외부인력,3,4,Y,Y
광주광역시동구치매안심센터,헤아림,2018 상반기 도란도란 마음나눔,2018-03-16,2018-03-27,14:00,16:00,10,외부인력,8,6,Y,Y
광주광역시북구치매안심센터,가치돌봄(기본),2025 하반기 가족교실,2025-09-03,2025-11-20,14:00,16:00,15,내부인력,12,8,N,N
광주광역시북구치매안심센터,가치돌봄(기본),2025 상반기 가족교실,2025-05-08,2025-06-26,14:00,16:00,15,내부인력,8,8,Y,Y
광주광역시북구치매안심센터,헤아림,2024년 헤아림 가족교실,2024-05-09,2024-10-31,14:00,16:00,40,내부인력,16,1,N,Y
광주광역시북구치매안심센터,헤아림,2023년 헤아림 가족교실,2023-04-19,2023-11-16,14:00,16:00,40,내부인력,16,1,Y,Y
광주광역시북구치매안심센터,헤아림,2022년 헤아림 가족교실(하반기),2022-09-15,2022-12-22,14:00,16:00,30,내부인력,8,4,Y,Y
광주광역시북구치매안심센터,헤아림,2022년 헤아림 가족교실(상반기),2022-05-11,2022-08-31,14:00,14:30,20,내부인력,8,4,Y,Y
광주광역시북구치매안심센터,헤아림,2021년 헤아려봄 가족교실,2021-03-24,2021-12-07,15:00,16:00,20,내부인력,10,6,Y,Y
광주광역시북구치매안심센터,헤아림,2020헤아림(하),2020-07-23,2020-12-24,13:00,15:00,20,내부인력,6,4,Y,N
광주광역시북구치매안심센터,헤아림,2020헤아림(상),2020-01-30,2020-06-25,13:00,15:00,20,내부인력,6,4,Y,N
광주광역시북구치매안심센터,헤아림,헤아려봄 가족교실(2019-3),2019-09-26,2019-12-12,14:00,16:00,30,내부인력,4,2,Y,Y
광주광역시북구치매안심센터,헤아림,헤아려봄 가족교실(2019-2),2019-05-23,2019-08-22,14:00,16:00,30,내부인력,4,2,Y,Y
광주광역시북구치매안심센터,헤아림,헤아려봄 가족교실(2019-1),2019-01-24,2019-04-18,14:00,16:00,30,내부인력,4,8,Y,Y
광주광역시북구치매안심센터,헤아림,가족교실 헤아림(2018-2),2018-05-10,2018-06-28,13:30,15:30,15,내부인력,8,6,Y,N
광주광역시북구치매안심센터,헤아림,가족교실 헤아림(2018-1),2018-03-15,2018-05-03,13:30,15:30,15,내부인력,8,6,Y,Y
광주광역시서구치매안심센터,헤아림,2025년 헤아림 가족교실 4기-금호1동,2025-10-20,2025-12-10,14:00,16:00,12,내부인력,16,1,Y,N
광주광역시서구치매안심센터,가치돌봄(집중),"2025년 하반기 야간 치매환자 가족교실 ""달빛교실 ""(2기)",2025-09-02,2025-10-28,19:00,20:00,8,내부인력,8,1,N,N
광주광역시서구치매안심센터,헤아림,2025년 헤아림 가족교실 3기-내소,2025-08-11,2025-09-29,14:00,16:00,10,내부인력,15,1,Y,Y
광주광역시서구치매안심센터,헤아림,2025년 헤아림 가족교실 2기-내소,2025-05-12,2025-06-30,14:00,17:00,8,내부인력,15,1,Y,Y
광주광역시서구치매안심센터,가치돌봄(기본),"2025년 상반기 야간 치매환자 가족교실 ""달빛교실 ""(1기)",2025-04-01,2025-05-27,19:00,20:00,8,내부인력,8,2,N,Y
광주광역시서구치매안심센터,헤아림,2025년 헤아림 가족교실 1기-내소,2025-03-17,2025-05-07,14:00,16:00,10,내부인력,15,1,Y,Y
광주광역시서구치매안심센터,헤아림,2024년 헤아림 가족교실 4기-내소,2024-10-14,2024-12-04,14:00,16:00,10,내부인력,16,1,Y,Y
광주광역시서구치매안심센터,헤아림,2024년 헤아림 가족교실 3기-내소,2024-08-12,2024-10-07,14:00,16:00,8,내부인력,15,8,Y,Y
광주광역시서구치매안심센터,헤아림,2024년 찾아가는 헤아림 가족교실 2기-상무2동,2024-05-20,2024-07-24,10:00,12:00,10,내부인력,20,10,Y,Y
광주광역시서구치매안심센터,헤아림,2024년 헤아림 가족교실 1기-내소,2024-03-04,2024-04-24,14:00,16:00,10,내부인력,16,4,Y,Y
광주광역시서구치매안심센터,헤아림,2023년 헤아림 가족교실(4기)-내소,2023-10-16,2023-12-06,14:00,16:00,10,내부인력,16,10,Y,Y
광주광역시서구치매안심센터,헤아림,[치매안심마을]2023년 헤아림 가족교실(3기)-찾아가는 헤아림 가족교실,2023-09-04,2023-10-30,09:30,11:30,10,내부인력,9,4,Y,Y
광주광역시서구치매안심센터,헤아림,2023년 헤아림 가족교실(2기)-내소,2023-05-15,2023-07-19,14:00,16:00,10,내부인력,20,10,Y,Y
광주광역시서구치매안심센터,헤아림,2023년 헤아림 가족교실(1기)-내소,2023-03-06,2023-05-10,14:00,16:00,9,내부인력,20,10,Y,Y
광주광역시서구치매안심센터,헤아림,2022년 헤아림 가족교실(3기)-내소,2022-10-17,2022-12-07,14:00,16:00,9,내부인력,16,8,Y,Y
광주광역시서구치매안심센터,헤아림,2022년 헤아림 가족교실(2기)-찾아가는 헤아림 가족교실,2022-08-23,2022-10-13,14:00,16:00,4,내부인력,16,8,Y,Y
광주광역시서구치매안심센터,헤아림,2022년 헤아림 가족교실(1기),2022-04-20,2022-06-15,13:30,15:30,6,내부인력,8,3,Y,Y
광주광역시서구치매안심센터,헤아림,2021 헤아림가족교실 1기,2021-06-16,2021-07-07,14:00,17:00,5,내부인력,8,4,N,Y
광주광역시서구치매안심센터,헤아림,2019년 가족교실 3기,2019-10-01,2019-11-19,14:00,16:00,7,내부인력,8,6,Y,Y
광주광역시서구치매안심센터,헤아림,2019년 가족교실2기,2019-05-14,2019-07-02,14:00,16:00,8,내부인력,8,6,Y,Y
광주광역시서구치매안심센터,헤아림,2019년 가족교실1기,2019-03-05,2019-04-23,14:00,16:00,10,내부인력,8,6,Y,Y
광주광역시서구치매안심센터,헤아림,가족교실 3기,2018-08-28,2018-10-30,14:00,16:00,10,내부인력,8,4,Y,N
광주광역시서구치매안심센터,헤아림,가족교실 2기,2018-05-08,2018-06-26,14:00,16:00,10,내부인력,8,4,Y,Y
광주광역시서구치매안심센터,헤아림,가족교실 1기,2018-02-27,2018-04-17,14:00,16:00,10,내부인력,8,4,Y,Y
대전광역시대덕구치매안심센터,헤아림,2025년 헤아림 가족교실,2025-09-02,2025-10-28,14:00,16:00,7,내부인력,8,4,N,Y
대전광역시대덕구치매안심센터,희망다이어리,2025년 가족교실 희망다이어리 1기,2025-04-16,2025-07-02,14:00,16:00,7,내부인력,12,6,Y,Y
대전광역시대덕구치매안심센터,헤아림,2024년 헤아림 가죡교실 2기,2024-10-02,2024-11-27,14:00,16:00,10,내부인력,8,4,N,Y
대전광역시대덕구치매안심센터,헤아림,2024년 헤아림 가족교실 1기,2024-03-06,2024-05-01,14:00,16:00,7,내부인력,8,4,Y,Y
대전광역시대덕구치매안심센터,헤아림,2023년 헤아림 가족교실 2기,2023-09-06,2023-10-25,14:00,16:00,7,내부인력,8,4,Y,Y
대전광역시대덕구치매안심센터,헤아림,2023년 헤아림 가족교실 1기,2023-04-04,2023-05-24,14:00,16:00,10,내부인력,8,4,N,Y
대전광역시대덕구치매안심센터,헤아림,2022년 헤아림 가족교실 2기,2022-10-05,2022-11-23,10:00,12:00,7,내부인력,8,4,N,Y
대전광역시대덕구치매안심센터,헤아림,2022년 헤아림 가족교실 1기,2022-06-08,2022-07-27,14:00,16:00,5,내부인력,8,4,N,Y
대전광역시대덕구치매안심센터,헤아림,2021년 헤아림 (일상의 회복) 1기,2021-06-22,2021-07-02,10:00,12:00,3,내부인력,4,3,N,Y
대전광역시대덕구치매안심센터,헤아림,2020년 가족교실 헤아림 1기,2020-01-22,2020-03-11,14:00,16:00,10,내부인력,2,2,Y,N
대전광역시대덕구치매안심센터,헤아림,2019행복나무학교 가족교실헤아림6기,2019-10-30,2019-12-18,10:00,12:00,10,내부인력,8,4,Y,Y
대전광역시대덕구치매안심센터,헤아림,2019행복나무학교 가족교실헤아림5기,2019-09-04,2019-10-23,10:00,12:00,10,내부인력,8,4,Y,N
대전광역시대덕구치매안심센터,헤아림,2019행복나무학교 가족교실헤아림4기,2019-06-26,2019-08-14,10:00,12:00,10,내부인력,8,4,Y,Y
대전광역시대덕구치매안심센터,헤아림,2019행복나무학교 가족교실헤아림3기,2019-05-01,2019-06-19,10:00,12:00,11,내부인력,8,4,Y,Y
대전광역시대덕구치매안심센터,헤아림,2019행복나무학교 가족교실헤아림2기,2019-03-06,2019-04-24,10:00,12:00,10,내부인력,8,4,Y,Y
대전광역시대덕구치매안심센터,헤아림,2019행복나무학교 가족교실헤아림 1기,2019-01-09,2019-02-27,10:00,12:00,10,내부인력,8,4,Y,Y
대전광역시대덕구치매안심센터,헤아림,대덕구헤아림3기,2018-11-01,2018-12-20,10:00,12:00,10,내부인력,8,4,Y,Y
대전광역시대덕구치매안심센터,헤아림,대덕구 헤아림2기,2018-08-30,2018-10-18,10:00,12:00,8,내부인력,8,4,Y,Y
대전광역시대덕구치매안심센터,헤아림,대덕구 헤아림1기,2018-05-24,2018-07-12,15:00,17:00,7,내부인력,8,4,Y,Y
대전광역시동구치매안심센터,희망다이어리,2025 희망다이어리,2025-03-28,2025-10-31,13:00,15:00,17,내부인력,8,4,Y,Y
대전광역시동구치매안심센터,가치돌봄(기본),2024 가치돌봄 1기,2024-06-28,2024-09-27,13:00,15:00,17,내부인력,4,2,Y,Y
대전광역시동구치매안심센터,헤아림,2024 헤아림 1기,2024-05-28,2024-07-16,14:00,16:00,5,내부인력,8,4,Y,Y
대전광역시동구치매안심센터,헤아림,2023 헤아림 3기,2023-09-13,2023-11-15,14:00,16:00,5,내부인력,10,5,Y,Y
대전광역시동구치매안심센터,헤아림,2023 헤아림2기,2023-09-07,2023-11-09,00:00,00:00,5,내부인력,10,5,Y,Y
대전광역시동구치매안심센터,헤아림,2023 헤아림 1기,2023-06-29,2023-08-31,14:00,16:00,10,내부인력,8,4,Y,Y
대전광역시동구치매안심센터,헤아림,2022 헤아림2기,2022-09-29,2022-11-28,14:00,15:30,5,내부인력,8,4,N,Y
대전광역시동구치매안심센터,헤아림,2022 헤아림1기,2022-06-07,2022-07-15,13:30,15:30,10,내부인력,8,4,Y,Y
대전광역시동구치매안심센터,헤아림,2021헤아림 가족교실1기,2021-06-17,2021-11-04,10:00,12:00,5,내부인력,8,4,N,Y
대전광역시동구치매안심센터,헤아림,대전동구2019헤아림가족교육3기,2019-09-18,2019-11-13,14:00,16:00,10,내부인력,8,4,Y,Y
대전광역시동구치매안심센터,헤아림,대전동구2019헤아림가족교실2기,2019-09-18,2019-11-13,10:00,12:00,10,내부인력,8,4,Y,Y
대전광역시동구치매안심센터,헤아림,대전동구 2019 헤아림 가족교실 1기,2019-03-20,2019-05-08,14:00,16:00,10,내부인력,8,4,Y,Y
대전광역시동구치매안심센터,헤아림,대전동구2018 헤아림가족교실 2기,2018-09-03,2018-10-29,14:00,16:00,10,내부인력,8,4,Y,Y
대전광역시동구치매안심센터,헤아림,대전동구2018 헤아림가족교실1기,2018-05-28,2018-07-23,14:00,16:00,10,내부인력,8,4,Y,Y
대전광역시서구치매안심센터,헤아림,2025 서구 헤아림 5기,2025-10-14,2025-12-02,14:00,16:00,6,내부인력,8,4,Y,N
대전광역시서구치매안심센터,헤아림,2025 서구 헤아림 4기,2025-09-11,2025-11-27,14:00,16:00,8,내부인력,12,5,Y,N
대전광역시서구치매안심센터,헤아림,2025 서구 헤아림 3기,2025-08-05,2025-09-23,14:00,14:00,6,내부인력,8,4,Y,Y
대전광역시서구치매안심센터,헤아림,2025 서구 헤아림 2기,2025-05-13,2025-07-08,14:00,16:00,6,내부인력,8,4,Y,Y
대전광역시서구치매안심센터,헤아림,2025 서구 헤아림 1기,2025-03-04,2025-04-22,14:00,16:00,6,내부인력,8,4,Y,Y
대전광역시서구치매안심센터,헤아림,2024 서구 헤아림5기,2024-10-16,2024-12-11,14:00,16:00,6,내부인력,8,4,Y,Y
대전광역시서구치매안심센터,헤아림,2024 서구 헤아림4기,2024-08-07,2024-10-02,14:00,16:00,6,내부인력,8,4,Y,Y
대전광역시서구치매안심센터,헤아림,2024 서구 헤아림 3기 토요반,2024-06-08,2024-06-29,09:30,12:30,6,내부인력,8,4,N,Y
대전광역시서구치매안심센터,헤아림,2024 서구 헤아림2기,2024-05-22,2024-07-10,14:00,16:00,6,내부인력,8,4,Y,Y
대전광역시서구치매안심센터,헤아림,2024 서구 헤아림1기,2024-03-13,2024-05-08,14:00,16:00,6,내부인력,8,4,Y,Y
대전광역시서구치매안심센터,헤아림,2023 서구 헤아림 4기,2023-10-11,2023-11-29,14:00,16:00,6,내부인력,8,4,Y,Y
대전광역시서구치매안심센터,헤아림,2023 서구 헤아림 3기,2023-08-09,2023-09-27,14:00,16:00,6,내부인력,8,4,Y,Y
대전광역시서구치매안심센터,헤아림,2023 서구 헤아림 2기,2023-05-17,2023-07-05,14:00,16:00,6,내부인력,8,4,Y,Y
대전광역시서구치매안심센터,헤아림,2023 서구 헤아림 1기,2023-03-08,2023-04-26,14:00,16:00,6,내부인력,8,4,Y,Y
대전광역시서구치매안심센터,헤아림,2022 서구 헤아림 4기,2022-11-09,2022-11-30,13:30,16:00,5,내부인력,8,3,Y,Y
대전광역시서구치매안심센터,헤아림,2022 서구 헤아림 3기,2022-08-17,2022-10-05,14:00,16:00,5,내부인력,8,4,Y,Y
대전광역시서구치매안심센터,헤아림,2022 서구 헤아림 2기,2022-05-24,2022-07-12,10:00,12:00,5,내부인력,8,4,Y,Y
대전광역시서구치매안심센터,헤아림,2022 서구 헤아림 1기((보건소 운영 방침으로 코로나 업무 투입으로 중단 )),2022-03-08,2022-04-26,10:00,12:00,5,내부인력,8,4,Y,N
대전광역시서구치매안심센터,헤아림,2021 서구 헤아림 4기,2021-10-12,2021-11-30,10:00,12:00,4,내부인력,8,4,Y,Y
대전광역시서구치매안심센터,헤아림,2021 서구 헤아림 3기(코로나 확산으로 보건소 역학조사 지원 업무로 교육 중단),2021-08-03,2021-09-28,10:00,12:00,4,내부인력,8,4,Y,N
대전광역시서구치매안심센터,헤아림,2021 서구 헤아림 2기,2021-05-04,2021-06-22,10:00,12:00,5,내부인력,8,4,Y,Y
대전광역시서구치매안심센터,헤아림,2021 서구 헤아림 1기,2021-03-02,2021-04-20,10:00,12:00,4,내부인력,8,4,Y,Y
대전광역시서구치매안심센터,휴식공간,언택트 가족교실 지원사업,2020-10-13,2020-11-24,09:00,17:00,10,내부인력,4,2,Y,N
대전광역시서구치매안심센터,헤아림,코대응 가족교실 헤아림,2020-05-04,2020-09-29,09:00,17:00,20,내부인력,1,1,N,N
대전광역시서구치매안심센터,헤아림,2020-서구 헤아림4기,2020-09-01,2020-10-20,13:30,15:30,8,내부인력,8,4,Y,N
대전광역시서구치매안심센터,헤아림,2020-서구 헤아림 3기,2020-05-19,2020-07-07,09:30,11:30,8,내부인력,8,4,Y,N
대전광역시서구치매안심센터,헤아림,2020-서구 헤아림 2기,2020-04-21,2020-06-16,09:30,11:30,8,내부인력,9,4,Y,N
대전광역시서구치매안심센터,헤아림,2020-서구 헤아림1기,2020-02-18,2020-04-07,13:30,15:30,8,내부인력,8,4,Y,N
대전광역시서구치매안심센터,헤아림,2019-서구헤아림가족 5기,2019-08-29,2019-10-24,10:00,12:00,8,내부인력,8,4,Y,Y
대전광역시서구치매안심센터,헤아림,2019-서구헤아림가족 4기,2019-08-27,2019-10-24,10:00,12:00,8,내부인력,8,4,Y,Y
대전광역시서구치매안심센터,헤아림,2019-서구헤아림가족 3기,2019-04-23,2019-06-11,10:00,12:00,8,내부인력,8,4,Y,Y
대전광역시서구치매안심센터,헤아림,2019-서구헤아림가족 2기,2019-02-14,2019-04-18,10:00,12:00,8,내부인력,8,4,Y,Y
대전광역시서구치매안심센터,헤아림,2019-서구헤아림가족 1기,2019-02-12,2019-04-02,10:00,12:00,8,내부인력,8,4,Y,Y
대전광역시서구치매안심센터,헤아림,서구 헤아림가족교실3기,2018-10-02,2018-11-27,10:00,12:00,8,내부인력,8,5,Y,Y
대전광역시서구치매안심센터,헤아림,서구 헤아림가족교실 2기,2018-07-31,2018-09-18,10:00,12:00,8,내부인력,8,4,Y,Y
대전광역시서구치매안심센터,헤아림,서구 헤아림가족교실1기,2018-06-05,2018-07-24,10:00,12:00,8,내부인력,8,5,Y,Y
대전광역시유성구치매안심센터,헤아림,2025년 가족교실 헤아림 2기,2025-09-02,2025-10-28,13:30,15:30,10,내부인력,8,4,N,N
대전광역시유성구치매안심센터,헤아림,2025년 가족교실 헤아림 1기,2025-04-29,2025-06-24,13:30,15:30,10,내부인력,8,4,N,Y
대전광역시유성구치매안심센터,헤아림,2024년 가족교실 헤아림 2기,2024-09-25,2024-11-06,13:30,16:30,10,내부인력,8,4,N,Y
대전광역시유성구치매안심센터,헤아림,2024년 가족교실 헤아림 1기,2024-03-12,2024-04-30,13:30,15:30,10,내부인력,8,4,N,Y
대전광역시유성구치매안심센터,헤아림,2023년 헤아림 가족교실 4기,2023-11-01,2023-11-22,13:30,15:30,6,내부인력,8,4,N,Y
대전광역시유성구치매안심센터,헤아림,2023년 헤아림 가족교실 3기,2023-09-06,2023-10-25,10:00,12:00,6,내부인력,8,4,N,Y
대전광역시유성구치매안심센터,헤아림,2023년 헤아림 가족교실 2기,2023-05-24,2023-07-12,14:00,16:00,8,내부인력,8,4,N,Y
대전광역시유성구치매안심센터,헤아림,2023년 헤아림 가족교실 1기,2023-03-08,2023-04-26,14:00,16:00,9,내부인력,8,4,N,Y
대전광역시유성구치매안심센터,헤아림,유성구 2022헤아림1기,2022-06-07,2022-07-26,14:00,16:00,9,내부인력,8,4,N,Y
대전광역시유성구치매안심센터,헤아림,유성구 2021 헤아림 1기,2021-03-12,2021-04-05,13:30,15:30,3,내부인력,4,4,N,N
대전광역시유성구치매안심센터,헤아림,유성구 2019 헤아림 3기,2019-09-04,2019-10-30,13:30,15:30,11,내부인력,8,4,Y,Y
대전광역시유성구치매안심센터,헤아림,유성구 2019 헤아림 2기,2019-05-22,2019-07-17,09:30,11:30,10,내부인력,8,4,Y,N
대전광역시유성구치매안심센터,헤아림,유성구 2019 헤아림 1기,2019-02-20,2019-04-10,13:30,15:30,11,내부인력,8,4,Y,Y
대전광역시유성구치매안심센터,헤아림,유성구 2018 헤아림 3기,2018-11-05,2018-12-07,09:30,11:30,6,내부인력,8,4,Y,Y
대전광역시유성구치매안심센터,헤아림,유성구 2018 헤아림 2기,2018-09-05,2018-11-02,09:30,11:30,6,내부인력,8,4,Y,Y
대전광역시유성구치매안심센터,헤아림,유성구 2018 헤아림 1기,2018-07-04,2018-08-29,09:30,11:30,6,내부인력,8,4,Y,Y
대전광역시중구치매안심센터,헤아림,2025년 2기 헤아림 가족교실,2025-09-04,2025-09-25,14:00,16:00,10,내부인력,8,1,Y,Y
대전광역시중구치매안심센터,헤아림,2025년 1기 헤아림 가족교실,2025-06-26,2025-07-17,14:00,16:00,10,내부인력,8,1,Y,Y
대전광역시중구치매안심센터,헤아림,2024년 3기 헤아림가족교실,2024-10-02,2024-10-22,14:00,16:00,6,내부인력,8,1,Y,Y
대전광역시중구치매안심센터,헤아림,2024년 2기 헤아림가족교실,2024-06-04,2024-06-25,14:00,16:00,8,내부인력,8,1,Y,Y
대전광역시중구치매안심센터,헤아림,2024년 1기 헤아림가족교실,2024-04-16,2024-05-07,14:00,16:00,9,내부인력,8,1,Y,Y
대전광역시중구치매안심센터,헤아림,2023년 헤아림가족교실(3기),2023-11-07,2023-11-28,14:00,15:50,8,내부인력,4,1,Y,Y
대전광역시중구치매안심센터,헤아림,2023년 헤아림가족교실 (2기),2023-06-07,2023-06-28,10:00,12:00,10,내부인력,8,1,Y,Y
대전광역시중구치매안심센터,헤아림,2023년 헤아림 가족교실(1기),2023-03-06,2023-03-27,09:30,12:00,10,내부인력,8,1,Y,Y
대전광역시중구치매안심센터,헤아림,2022년 헤아림 가족교실 (2기),2022-09-14,2022-10-05,14:00,16:30,10,내부인력,8,1,Y,Y
대전광역시중구치매안심센터,헤아림,2022년 헤아림 가족교실 (1기),2022-05-11,2022-06-29,14:00,15:30,10,내부인력,8,1,Y,Y
대전광역시중구치매안심센터,헤아림,2021년 헤아림 가족교실(1기),2021-03-04,2021-04-22,09:30,11:30,5,내부인력,8,6,Y,Y
대전광역시중구치매안심센터,헤아림,2020 헤아림 가족교실(기억숲1),2020-10-13,2020-11-06,10:00,12:00,5,내부인력,8,6,Y,Y
대전광역시중구치매안심센터,헤아림,대전 중구 치매안신센터(기억숲4),2019-09-26,2019-11-07,13:30,16:00,10,내부인력,8,5,Y,Y
대전광역시중구치매안심센터,헤아림,대전 중구치매안심센터(기억숲3),2019-05-09,2019-06-27,10:00,12:00,10,내부인력,8,5,Y,Y
대전광역시중구치매안심센터,헤아림,대전 중구 치매안심센터(기억숲2),2019-03-22,2019-05-10,13:30,15:30,10,내부인력,8,5,Y,Y
대전광역시중구치매안심센터,헤아림,대전 중구 치매안심센터(기억숲1),2019-02-07,2019-03-28,09:30,11:30,8,내부인력,8,5,Y,Y
대전광역시중구치매안심센터,헤아림,대전중구치매안심센터(기억숲),2018-09-13,2018-11-01,09:30,11:30,8,내부인력,8,4,Y,Y
울산광역시남구치매안심센터,가치돌봄(집중),2025년 치매환자 가족교실 가치돌봄 4기,2025-09-23,2025-10-23,10:00,12:00,11,내부인력,8,4,N,Y
울산광역시남구치매안심센터,가치돌봄(집중),2025년 치매환자 가족교실 가치돌봄 3기,2025-07-15,2025-07-24,09:00,12:00,11,내부인력,8,4,N,Y
울산광역시남구치매안심센터,가치돌봄(집중),2025년 치매환자 가족교실 가치돌봄 2기,2025-06-10,2025-06-19,09:00,12:00,11,내부인력,8,4,N,Y
울산광역시남구치매안심센터,가치돌봄(집중),2025년 치매환자 가족교실 가치돌봄 1기,2025-04-22,2025-05-01,09:00,12:00,10,내부인력,8,4,N,Y
울산광역시남구치매안심센터,헤아림,2024년 열린 헤아림 4기,2024-10-15,2024-10-24,09:00,12:00,5,내부인력,8,4,N,Y
울산광역시남구치매안심센터,헤아림,2024년 열린 헤아림 3기,2024-09-03,2024-09-12,09:00,12:00,5,내부인력,8,4,N,Y
울산광역시남구치매안심센터,헤아림,2024년 열린 헤아림 2기,2024-06-11,2024-06-20,09:00,12:00,6,내부인력,8,4,Y,Y
울산광역시남구치매안심센터,헤아림,2024년 열린 헤아림 1기,2024-04-15,2024-04-24,09:10,12:00,5,내부인력,8,4,Y,Y
울산광역시남구치매안심센터,헤아림,2023년 열린 헤아림 4기,2023-11-20,2023-12-01,09:10,12:00,5,내부인력,8,4,Y,Y
울산광역시남구치매안심센터,헤아림,2023년 열린 헤아림 3기,2023-09-18,2023-09-27,09:10,12:00,6,내부인력,8,4,Y,Y
울산광역시남구치매안심센터,헤아림,2023년 열린 헤아림 2기,2023-06-13,2023-06-22,09:20,12:00,6,내부인력,8,4,Y,Y
울산광역시남구치매안심센터,헤아림,2023년 열린 헤아림 1기,2023-05-09,2023-05-18,09:20,12:00,5,내부인력,8,4,Y,Y
울산광역시남구치매안심센터,헤아림,2022 열린 헤아림 3기,2022-11-29,2022-12-08,10:00,12:00,5,내부인력,8,4,Y,Y
울산광역시남구치매안심센터,헤아림,2022 열린 헤아림 2기,2022-07-04,2022-07-13,10:00,12:00,6,내부인력,8,4,Y,Y
울산광역시남구치매안심센터,헤아림,2022 열린 헤아림 1기,2022-06-08,2022-06-20,10:00,12:00,5,내부인력,8,4,Y,Y
울산광역시남구치매안심센터,헤아림,열린 헤아림 가족교실 3기,2021-08-03,2021-08-27,15:00,16:00,5,내부인력,8,4,N,N
울산광역시남구치매안심센터,헤아림,열린 헤아림 가족교실 2기,2021-05-07,2021-06-07,15:00,16:00,5,내부인력,8,4,N,Y
울산광역시남구치매안심센터,헤아림,열린 헤아림 가족교실 1기,2021-03-09,2021-04-01,15:00,16:00,5,내부인력,8,4,N,Y
울산광역시남구치매안심센터,헤아림,찾아가는 가족교실 1기(12),2020-11-20,2020-12-18,00:00,00:00,1,내부인력,8,4,N,N
울산광역시남구치매안심센터,헤아림,찾아가는 가족교실 1기(11),2020-11-18,2020-12-18,00:00,00:00,1,내부인력,8,4,N,N
울산광역시남구치매안심센터,헤아림,찾아가는 가족교실 1기(10),2020-11-13,2020-12-18,00:00,00:00,1,내부인력,8,4,N,Y
울산광역시남구치매안심센터,헤아림,찾아가는 가족교실 1기(9),2020-11-13,2020-12-18,00:00,00:00,1,내부인력,8,4,N,Y
울산광역시남구치매안심센터,헤아림,찾아가는 가족교실 1기(8),2020-11-13,2020-12-18,00:00,00:00,1,내부인력,8,4,N,Y
울산광역시남구치매안심센터,헤아림,찾아가는 가족교실 1기(7),2020-10-22,2020-11-30,00:00,00:00,1,내부인력,8,4,N,N
울산광역시남구치매안심센터,헤아림,찾아가는 가족교실 1기(6),2020-10-22,2020-11-30,00:00,00:00,1,내부인력,8,4,N,Y
울산광역시남구치매안심센터,헤아림,찾아가는 가족교실 1기(5),2020-10-16,2020-11-30,00:00,00:00,1,내부인력,8,4,N,Y
울산광역시남구치매안심센터,헤아림,찾아가는 가족교실 1기(4),2020-10-15,2020-11-30,00:00,00:00,1,내부인력,8,4,N,Y
울산광역시남구치매안심센터,헤아림,찾아가는 가족교실 1기(3),2020-10-15,2020-11-30,00:00,00:00,1,내부인력,8,4,N,Y
울산광역시남구치매안심센터,헤아림,찾아가는 가족교실 1기(2),2020-10-15,2020-11-30,00:00,00:00,1,내부인력,8,4,N,Y
울산광역시남구치매안심센터,헤아림,찾아가는 가족교실 1기(1),2020-10-15,2020-11-20,00:00,00:00,1,내부인력,8,4,N,Y
울산광역시남구치매안심센터,헤아림,너도나도 헤아림,2019-10-25,2019-11-18,14:30,15:30,5,내부인력,8,4,Y,Y
울산광역시남구치매안심센터,헤아림,너도나도 헤아림,2019-08-16,2019-09-16,14:30,15:30,9,내부인력,8,4,Y,Y
울산광역시남구치매안심센터,헤아림,너도나도 헤아림,2019-06-17,2019-07-22,14:30,15:30,6,내부인력,8,4,Y,Y
울산광역시남구치매안심센터,헤아림,너도나도 헤아림,2019-04-15,2019-05-13,14:30,15:30,6,내부인력,8,4,Y,Y
울산광역시남구치매안심센터,헤아림,너도나도헤아림,2019-02-15,2019-03-18,14:30,15:30,5,내부인력,8,4,Y,Y
울산광역시남구치매안심센터,헤아림,너도나도헤아림,2018-10-15,2018-11-09,14:30,15:30,6,내부인력,8,4,Y,Y
울산광역시남구치매안심센터,헤아림,너도나도 헤아림,2018-07-27,2018-08-20,14:00,15:00,7,내부인력,8,4,Y,N
울산광역시남구치매안심센터,헤아림,너도나도 헤아림,2018-05-18,2018-06-11,13:30,14:30,6,내부인력,8,4,Y,N
울산광역시남구치매안심센터,헤아림,너도나도 헤아림,2018-03-26,2018-04-20,14:10,15:10,6,내부인력,8,4,Y,Y
울산광역시동구치매안심센터,가치돌봄(기본),2025년 가족교실 헤아림 2기-심층과정(가치돌봄),2025-11-04,2025-11-13,10:00,12:00,7,내부인력,4,2,Y,N
울산광역시동구치매안심센터,헤아림,2025년 가족교실 헤아림 2기-기본과정,2025-10-14,2025-11-13,10:00,12:00,6,내부인력,6,3,Y,Y
울산광역시동구치매안심센터,가치돌봄(기본),2025년 가족교실 헤아림 1기-심층과정(가치돌봄),2025-06-05,2025-06-17,10:00,12:00,5,내부인력,4,2,Y,Y
울산광역시동구치매안심센터,헤아림,2025년 가족교실 헤아림 1기-기본과정,2025-05-13,2025-05-29,10:00,12:00,5,내부인력,6,3,Y,Y
울산광역시동구치매안심센터,헤아림,가족교실 헤아림3기,2024-10-16,2024-11-13,13:00,15:00,10,내부인력,5,2,Y,Y
울산광역시동구치매안심센터,헤아림,가족교실 헤아림 2기,2024-06-12,2024-07-10,13:00,15:00,9,내부인력,5,2,Y,Y
울산광역시동구치매안심센터,헤아림,가족교실 헤아림 1기,2024-03-22,2024-04-19,13:00,15:00,6,내부인력,5,2,Y,Y
울산광역시동구치매안심센터,헤아림,2023년 헤아림3기,2023-10-18,2023-11-15,13:30,15:30,6,내부인력,5,2,Y,Y
울산광역시동구치매안심센터,헤아림,2023년 헤아림 2기,2023-09-06,2023-10-04,14:00,16:00,5,내부인력,5,2,N,Y
울산광역시동구치매안심센터,헤아림,2023년 헤아림 1기,2023-05-03,2023-05-31,10:00,12:00,10,내부인력,5,2,Y,Y
울산광역시동구치매안심센터,헤아림,2022년 헤아림 2기,2022-10-07,2022-11-04,09:30,11:00,10,내부인력,5,2,Y,Y
울산광역시동구치매안심센터,헤아림,2022년 헤아림 1기,2022-06-17,2022-07-15,09:30,11:00,10,내부인력,5,3,Y,Y
울산광역시동구치매안심센터,헤아림,헤아림 1기,2020-01-16,2020-04-02,13:30,15:00,10,내부인력,12,1,Y,N
울산광역시동구치매안심센터,헤아림,헤아림 4기,2019-10-10,2019-11-14,13:30,15:00,8,외부인력,6,1,Y,Y
울산광역시동구치매안심센터,헤아림,헤아림 3기,2019-07-25,2019-09-05,13:30,15:00,6,내부인력,6,1,Y,Y
울산광역시동구치매안심센터,헤아림,헤아림 2기,2019-05-30,2019-07-11,13:30,15:00,11,내부인력,6,1,Y,Y
울산광역시동구치매안심센터,헤아림,헤아림 1기,2019-04-04,2019-05-09,13:30,15:00,9,내부인력,6,1,Y,Y
울산광역시북구치매안심센터,가치돌봄(집중),2025년 가족교실 2기 가치-잇는-시간,2025-10-13,2025-12-09,14:00,15:30,10,내부인력,8,4,Y,N
울산광역시북구치매안심센터,기타,"온(ON-line, 溫, ) 가족교실",2025-04-01,2025-12-31,14:00,15:00,15,내부인력,16,1,N,N
울산광역시북구치매안심센터,가치돌봄(집중),2025년 가족교실 1기 가치-잇는-시간,2025-04-08,2025-06-03,13:30,15:30,10,내부인력,8,4,Y,Y
울산광역시북구치매안심센터,가치돌봄(집중),2024년「가치돌봄」치매환자 가족교실 2기,2024-11-06,2024-12-17,14:00,16:00,7,내부인력,6,5,Y,Y
울산광역시북구치매안심센터,가치돌봄(집중),2024년「가치돌봄」치매환자 가족교실 1기,2024-05-29,2024-07-31,11:00,12:00,6,내부인력,8,8,Y,Y
울산광역시북구치매안심센터,헤아림,2023년 따뜻한 동행 치매환자 가족교실 2기,2023-11-27,2023-12-29,15:00,16:00,10,내부인력,9,4,Y,Y
울산광역시북구치매안심센터,헤아림,2023년 따뜻한 동행 치매환자 가족교실 1기,2023-04-03,2023-04-30,09:00,10:00,4,내부인력,9,4,N,Y
울산광역시북구치매안심센터,헤아림,2022년 따뜻한 동행 치매환자 가족교실 2기,2022-09-08,2022-10-31,00:00,00:00,3,내부인력,9,4,Y,Y
울산광역시북구치매안심센터,헤아림,2022년 따뜻한 동행 치매환자 가족교실 1기,2022-03-16,2022-04-30,10:00,11:00,3,내부인력,10,4,Y,Y
울산광역시북구치매안심센터,헤아림,2021년 따뜻한 동행 치매환자 가족교실 2기,2021-09-01,2021-10-31,10:00,10:40,3,내부인력,9,4,Y,Y
울산광역시북구치매안심센터,헤아림,2021따뜻한 동행 치매환자 가족교실,2021-03-25,2021-05-20,10:00,10:40,3,내부인력,9,4,Y,Y
울산광역시북구치매안심센터,헤아림,2020년 따뜻한 동행 치매환자 가족교실 1기,2020-01-09,2020-12-31,10:00,11:00,10,내부인력,52,4,Y,Y
울산광역시북구치매안심센터,헤아림,2019년 하반기 따뜻한 동행 치매환자가족교실,2019-12-03,2019-12-24,10:00,11:00,15,내부인력,8,1,Y,N
울산광역시북구치매안심센터,헤아림,2019년 하반기 따뜻한 동행 치매환자가족교실,2019-10-31,2019-11-21,10:00,11:00,15,내부인력,8,1,Y,N
울산광역시북구치매안심센터,헤아림,2019년 하반기 따뜻한 동행 치매환자가족교실,2019-10-30,2019-11-20,10:00,11:00,15,내부인력,8,1,Y,N
울산광역시북구치매안심센터,헤아림,2019년 하반기 따뜻한 동행 치매환자가족교실,2019-09-26,2019-10-24,10:00,12:00,15,내부인력,8,1,Y,N
울산광역시북구치매안심센터,헤아림,2019년 하반기 따뜻한 동행 치매환자가족교실,2019-09-18,2019-10-23,10:00,12:00,15,내부인력,8,1,Y,Y
울산광역시북구치매안심센터,헤아림,2019 상반기 따뜻한 동행 치매환자 가족교실,2019-04-03,2019-06-05,10:00,12:00,15,내부인력,10,1,Y,N
울산광역시북구치매안심센터,헤아림,2018년 하반기 따뜻한 동행 치매가족교실,2018-10-10,2018-12-12,10:00,12:00,16,내부인력,10,9,Y,Y
울산광역시북구치매안심센터,헤아림,2018년 따뜻한 동행 치매환자 가족교실,2018-03-28,2018-06-27,10:00,12:00,17,내부인력,4,1,Y,N
울산광역시울주군치매안심센터,헤아림,2025년 헤아림 가족교실,2025-03-25,2025-10-31,15:00,17:00,15,내부인력,8,1,Y,N
울산광역시울주군치매안심센터,헤아림,2024년 헤아림 교실,2024-02-27,2024-12-30,13:00,15:00,10,내부인력,8,2,Y,Y
울산광역시울주군치매안심센터,헤아림,23년 헤아림가족교실(서부권),2023-09-14,2023-11-23,10:00,12:00,20,내부인력,4,1,Y,N
울산광역시울주군치매안심센터,헤아림,2023년 헤아림 가족교실(남부권),2023-07-24,2023-08-18,09:00,12:10,10,내부인력,4,2,Y,N
울산광역시울주군치매안심센터,헤아림,2022년 헤아림 가족교실(남부반),2022-10-04,2022-10-27,14:00,17:00,5,내부인력,8,1,Y,Y
울산광역시울주군치매안심센터,헤아림,2022년 헤아림가족교실(중부반),2022-07-26,2022-08-12,13:00,16:00,5,내부인력,8,1,Y,Y
울산광역시울주군치매안심센터,헤아림,2021동행,2021-07-12,2021-11-30,10:00,13:00,50,내부인력,8,2,Y,Y
울산광역시울주군치매안심센터,헤아림,헤아림 1기,2020-03-02,2020-09-30,09:00,12:00,10,내부인력,8,2,Y,N
울산광역시울주군치매안심센터,헤아림,따뜻한동행3,2019-09-26,2019-11-29,10:00,12:00,15,내부인력,4,4,Y,N
울산광역시울주군치매안심센터,헤아림,따뜻한동행2,2019-07-02,2019-07-25,14:00,16:00,5,내부인력,4,4,Y,N
울산광역시울주군치매안심센터,헤아림,따뜻한동행,2019-05-22,2019-08-02,10:00,12:00,10,내부인력,4,4,Y,N
울산광역시울주군치매안심센터,헤아림,동행,2018-10-24,2018-11-28,14:00,16:00,10,내부인력,8,4,Y,Y
울산광역시중구치매안심센터,가치돌봄(집중),2025년 가치돌봄 2기,2025-11-11,2025-12-09,10:00,11:00,6,내부인력,8,4,N,N
울산광역시중구치매안심센터,가치돌봄(집중),2025년 가치돌봄 1기,2025-09-23,2025-10-30,10:00,11:00,10,내부인력,8,4,N,Y
울산광역시중구치매안심센터,헤아림,2025년 헤아림 2기,2025-04-23,2025-06-11,13:30,15:30,10,내부인력,8,5,N,Y
울산광역시중구치매안심센터,헤아림,2025년 헤아림 1기,2025-03-26,2025-04-11,09:30,11:30,10,내부인력,8,5,N,Y
울산광역시중구치매안심센터,헤아림,2024년 헤아림 4기,2024-08-09,2024-09-27,13:30,15:00,10,내부인력,8,4,N,Y
울산광역시중구치매안심센터,헤아림,2024년 헤아림 3기,2024-06-14,2024-08-02,13:30,15:00,10,내부인력,8,4,N,Y
울산광역시중구치매안심센터,헤아림,2024년 헤아림 2기,2024-06-13,2024-08-01,13:30,15:00,10,내부인력,8,4,N,Y
울산광역시중구치매안심센터,헤아림,2024년 헤아림 1기,2024-04-12,2024-05-31,13:30,15:00,10,내부인력,8,4,N,Y
울산광역시중구치매안심센터,헤아림,2023년 헤아림 4기,2023-11-08,2023-11-29,13:00,16:00,10,내부인력,8,4,N,Y
울산광역시중구치매안심센터,헤아림,2023년 헤아림 3기,2023-10-11,2023-11-01,13:00,16:00,13,내부인력,8,4,N,Y
울산광역시중구치매안심센터,헤아림,2023년 헤아림 2기,2023-03-23,2023-05-11,13:30,15:00,10,내부인력,8,4,N,Y
울산광역시중구치매안심센터,헤아림,2023년 헤아림 1기,2023-03-21,2023-05-09,13:30,15:00,11,내부인력,8,4,N,Y
울산광역시중구치매안심센터,헤아림,2022년 헤아림4기,2022-09-26,2022-11-11,10:00,11:30,1,내부인력,8,4,N,Y
울산광역시중구치매안심센터,헤아림,2022년 헤아림3기,2022-04-28,2022-06-29,10:00,12:00,1,내부인력,8,4,Y,Y
울산광역시중구치매안심센터,헤아림,2022년 헤아림2기,2022-04-27,2022-06-24,10:30,12:00,1,내부인력,8,4,Y,Y
울산광역시중구치매안심센터,헤아림,2022년 헤아림1기,2022-04-26,2022-06-24,10:00,11:30,1,내부인력,8,4,Y,Y
울산광역시중구치매안심센터,헤아림,2021년 헤아림 4기,2021-11-03,2021-12-19,13:30,14:40,2,내부인력,8,4,Y,Y
울산광역시중구치매안심센터,헤아림,2021년 헤아림 3기,2021-10-06,2021-11-16,13:20,14:40,1,내부인력,8,4,Y,Y
울산광역시중구치매안심센터,헤아림,2021년 헤아림 2기,2021-06-01,2021-07-20,10:00,11:20,1,내부인력,8,4,N,Y
울산광역시중구치매안심센터,헤아림,2021년 헤아림 1기,2021-03-23,2021-05-14,10:00,11:20,1,내부인력,8,4,N,Y
울산광역시중구치매안심센터,헤아림,2020년 헤아림 2기,2020-07-23,2020-08-20,10:00,11:20,1,내부인력,8,4,Y,Y
울산광역시중구치매안심센터,헤아림,2020년 헤아림 1기,2020-07-22,2020-08-19,13:30,14:50,2,내부인력,8,4,Y,Y
울산광역시중구치매안심센터,헤아림,2019년 헤아림 6기,2019-11-05,2019-12-24,13:30,15:30,10,내부인력,8,4,Y,Y
울산광역시중구치매안심센터,헤아림,2019년 헤아림 5기,2019-09-20,2019-11-08,09:30,11:30,10,내부인력,8,4,Y,Y
울산광역시중구치매안심센터,헤아림,2019년 헤아림 4기,2019-09-17,2019-11-05,13:30,15:30,10,내부인력,8,4,Y,Y
울산광역시중구치매안심센터,헤아림,2019년 헤아림 3기,2019-05-07,2019-06-25,13:29,15:30,15,내부인력,8,4,Y,Y
울산광역시중구치매안심센터,헤아림,2019년 헤아림 2기,2019-02-22,2019-03-29,09:30,11:30,10,내부인력,6,4,Y,Y
울산광역시중구치매안심센터,헤아림,2019년 헤아림 1기,2019-02-19,2019-03-26,13:30,15:30,10,내부인력,6,4,Y,Y
울산광역시중구치매안심센터,헤아림,헤아림2기,2018-11-27,2018-12-21,14:00,16:00,12,외부인력,8,4,Y,Y
울산광역시중구치매안심센터,헤아림,헤아림1기,2018-09-07,2018-10-26,14:00,16:00,6,내부인력,8,4,Y,Y
세종특별자치시치매안심센터,헤아림,2025년 가족교실(헤아림 3기),2025-08-29,2025-10-03,10:00,12:00,10,내부인력,6,3,Y,Y
세종특별자치시치매안심센터,헤아림,2025년 가족교실(헤아림 2기),2025-05-02,2025-06-13,10:00,12:00,7,내부인력,6,3,Y,Y
세종특별자치시치매안심센터,헤아림,2025년 가족교실(헤아림 1기),2025-03-07,2025-04-11,10:00,12:00,9,내부인력,6,3,Y,Y
세종특별자치시치매안심센터,헤아림,2024년 가족교실(헤아림 3기),2024-08-30,2024-10-04,10:00,12:00,11,내부인력,6,3,Y,Y
세종특별자치시치매안심센터,헤아림,2024 가족교실 (헤아림2기),2024-05-10,2024-06-14,10:00,12:00,11,내부인력,6,3,Y,Y
세종특별자치시치매안심센터,헤아림,2024년  가족교실 (헤아림1기),2024-03-29,2024-05-03,10:00,12:00,10,내부인력,6,3,Y,Y
세종특별자치시치매안심센터,헤아림,2023년 가족교실(헤아림2기),2023-09-01,2023-10-13,10:00,12:00,10,내부인력,6,3,Y,Y
세종특별자치시치매안심센터,헤아림,2023년 가족교실 (헤아림1기),2023-05-12,2023-06-16,10:00,12:00,8,내부인력,6,3,Y,Y
세종특별자치시치매안심센터,헤아림,품격있는 요리교실,2022-10-07,2022-11-25,10:00,12:00,9,내부인력,8,4,Y,Y
세종특별자치시치매안심센터,헤아림,어진동 헤아림 1기,2019-08-28,2019-10-23,14:00,16:00,10,내부인력,8,6,Y,Y
세종특별자치시치매안심센터,헤아림,19-가족교실(헤아림4기),2019-09-20,2019-11-15,14:00,16:00,10,내부인력,8,6,Y,N
세종특별자치시치매안심센터,헤아림,19-가족교실(헤아림3기),2019-07-19,2019-09-06,14:00,16:00,8,내부인력,8,6,Y,Y
세종특별자치시치매안심센터,헤아림,19-가족교실(헤아림2기),2019-05-24,2019-07-12,14:00,16:00,8,내부인력,8,6,Y,Y
세종특별자치시치매안심센터,헤아림,19-가족교실(헤아림1기),2019-03-29,2019-05-17,14:00,16:00,8,내부인력,8,6,Y,Y
세종특별자치시치매안심센터,헤아림,가족교실 - 헤아림 3기,2018-09-04,2018-11-06,14:00,16:00,8,외부인력,8,6,Y,Y
세종특별자치시치매안심센터,헤아림,한솔동 가족교실,2018-06-12,2018-07-31,14:00,16:00,10,내부인력,8,6,Y,Y
세종특별자치시치매안심센터,헤아림,가족교실 - 헤아림 2기,2018-05-17,2018-07-11,14:00,16:00,8,내부인력,8,6,Y,Y
세종특별자치시치매안심센터,헤아림,가족교실 - 헤아림1기,2018-03-20,2018-05-10,14:00,16:00,8,내부인력,8,6,Y,Y
경기도가평군치매안심센터,헤아림,205년 하반기 가족교실,2025-10-27,2025-11-19,14:00,16:00,6,내부인력,8,4,Y,N
경기도가평군치매안심센터,헤아림,2025년 찾아가는 가족교실 E,2025-05-29,2025-07-31,13:30,15:00,1,내부인력,10,4,N,N
경기도가평군치매안심센터,헤아림,2025년 찾아가는 가족교실 D,2025-05-29,2025-07-31,10:30,12:30,1,내부인력,10,4,N,N
경기도가평군치매안심센터,헤아림,2025년 찾아가는 가족교실 C,2025-05-19,2025-07-11,13:30,15:00,1,내부인력,8,4,N,N
경기도가평군치매안심센터,헤아림,2025년 찾아가는 가족교실 B,2025-05-19,2025-07-11,10:30,12:00,1,내부인력,8,4,N,Y
경기도가평군치매안심센터,헤아림,2025년 찾아가는 가족교실 A,2025-03-10,2025-04-03,13:30,15:00,1,내부인력,8,4,N,Y
경기도가평군치매안심센터,헤아림,찾아가는 가족교실(2024년),2024-04-09,2024-12-30,10:00,12:00,10,내부인력,190,4,N,Y
경기도가평군치매안심센터,헤아림,"가족교실(헤아림, 힐링드림)",2024-04-16,2024-06-04,09:00,12:00,6,내부인력,8,4,Y,Y
경기도가평군치매안심센터,기타,가족교실(2023 하반기),2023-08-29,2023-11-07,10:00,12:00,8,내부인력,8,4,Y,Y
경기도가평군치매안심센터,헤아림,찾아가는 가족교실-헤아림D(치매안심마을),2023-05-11,2023-06-30,10:00,12:00,1,내부인력,8,4,Y,Y
경기도가평군치매안심센터,헤아림,찾아가는 가족교실-헤아림C(치매안심마을),2023-05-11,2023-06-30,14:00,16:00,1,내부인력,8,4,Y,Y
경기도가평군치매안심센터,헤아림,찾아가는 가족교실-헤아림B(치매안심마을),2023-05-12,2023-06-30,10:00,12:00,1,내부인력,8,4,Y,Y
경기도가평군치매안심센터,헤아림,찾아가는 가족교실-헤아림A(치매안심마을),2023-05-11,2023-06-30,10:00,12:00,1,내부인력,8,4,Y,Y
경기도가평군치매안심센터,헤아림,가족교실(2023 상반기),2023-04-11,2023-07-31,09:00,12:00,8,내부인력,8,4,Y,Y
경기도가평군치매안심센터,헤아림,가족교실(헤아림),2022-10-26,2022-11-30,09:30,12:30,6,내부인력,8,4,N,Y
경기도가평군치매안심센터,헤아림,헤아림(하반기),2019-06-11,2019-07-11,10:00,12:00,10,내부인력,8,4,Y,Y
경기도가평군치매안심센터,헤아림,헤아림(상반기),2019-02-19,2019-04-09,10:00,12:00,10,내부인력,8,4,Y,Y
경기도가평군치매안심센터,헤아림,헤아림,2018-09-06,2018-10-25,10:30,12:00,6,내부인력,8,4,Y,Y
경기도가평군치매안심센터,헤아림,헤아림,2018-05-09,2018-06-27,10:30,12:00,6,내부인력,8,4,Y,Y
경기도고양시덕양구치매안심센터,헤아림,25년 헤아림 3기(오후),2025-10-21,2025-11-19,13:30,15:30,20,내부인력,8,4,N,N
경기도고양시덕양구치매안심센터,헤아림,25년 헤아림3기(오전),2025-10-21,2025-11-19,09:30,11:30,20,내부인력,8,4,N,N
경기도고양시덕양구치매안심센터,헤아림,2025 헤아림 2기,2025-05-13,2025-06-11,13:30,15:30,15,내부인력,10,4,N,Y
경기도고양시덕양구치매안심센터,가치돌봄(집중),2025년 가치돌봄,2025-03-19,2025-04-10,13:30,15:30,25,내부인력,8,4,N,Y
경기도고양시덕양구치매안심센터,헤아림,25년 헤아림1기,2025-02-19,2025-03-13,00:00,00:00,20,내부인력,8,4,N,Y
경기도고양시덕양구치매안심센터,헤아림,2024 헤아림 5기 오후,2024-09-04,2024-10-02,13:00,16:00,10,내부인력,4,4,N,Y
경기도고양시덕양구치매안심센터,헤아림,2024 헤아림 5기 오전,2024-09-04,2024-10-02,09:00,12:00,10,내부인력,4,4,N,Y
경기도고양시덕양구치매안심센터,헤아림,2024 MCI가족 헤아림(오후),2024-06-12,2024-07-03,13:00,16:00,15,내부인력,4,4,N,Y
경기도고양시덕양구치매안심센터,헤아림,2024 MCI가족 헤아림(오전),2024-06-12,2024-07-03,09:00,12:00,15,내부인력,4,4,N,Y
경기도고양시덕양구치매안심센터,헤아림,2024 헤아림 4기,2024-04-03,2024-05-08,13:00,16:00,15,내부인력,4,4,N,Y
경기도고양시덕양구치매안심센터,헤아림,2024 헤아림3기,2024-04-03,2024-04-08,09:00,11:30,10,내부인력,4,4,N,Y
경기도고양시덕양구치매안심센터,일상의 회복,2024 헤아림-일상의 회복,2024-02-21,2024-03-13,09:30,11:30,9,내부인력,4,4,N,Y
경기도고양시덕양구치매안심센터,헤아림,2024 헤아림 2기,2024-01-24,2024-02-14,13:30,15:30,15,내부인력,4,4,N,Y
경기도고양시덕양구치매안심센터,헤아림,2024 헤아림 1기,2024-01-24,2024-02-14,09:30,11:30,6,내부인력,4,4,N,Y
경기도고양시덕양구치매안심센터,기타,2023 헤아림 6기,2023-09-06,2023-09-27,09:30,11:30,2,내부인력,4,4,N,Y
경기도고양시덕양구치매안심센터,기타,2023 헤아림 5기,2023-08-09,2023-08-30,00:00,00:00,6,내부인력,4,4,N,Y
경기도고양시덕양구치매안심센터,기타,2023 헤아림 4기,2023-08-08,2023-09-05,09:00,10:30,7,내부인력,4,4,N,Y
경기도고양시덕양구치매안심센터,기타,2023 치매를 맞이하는 첫 걸음(공단/안시스 미입력),2023-03-06,2023-03-06,10:30,12:00,15,내부인력,1,1,N,N
경기도고양시덕양구치매안심센터,기타,2023 헤아림(요양기관/주은 주관보호센터)가족 및 보호자(직원),2023-07-04,2023-07-25,13:00,15:30,15,내부인력,4,4,N,Y
경기도고양시덕양구치매안심센터,기타,2023 헤아림 2기(수요일 오전반),2023-07-05,2023-07-26,09:30,11:30,6,내부인력,4,4,N,Y
경기도고양시덕양구치매안심센터,기타,2023 헤아림3기(수요일 오후반),2023-07-05,2023-07-26,13:30,15:30,5,내부인력,4,4,N,Y
경기도고양시덕양구치매안심센터,기타,2023 숨은마음 찾기,2023-06-07,2023-06-28,09:30,11:30,11,내부인력,4,4,N,Y
경기도고양시덕양구치매안심센터,기타,2023 치매를 맞이하는  첫 걸음(0516),2023-05-16,2023-05-16,09:30,11:30,5,내부인력,1,1,N,Y
경기도고양시덕양구치매안심센터,기타,2023 치매를 맞이하는 첫걸음 2,2023-05-10,2023-05-10,13:00,15:00,2,내부인력,1,1,N,Y
경기도고양시덕양구치매안심센터,헤아림,2023 헤아림 1기,2023-04-05,2023-05-24,09:30,10:30,15,내부인력,8,4,Y,Y
경기도고양시덕양구치매안심센터,기타,2023 치매를 맞이하는 첫 걸음 1,2023-02-22,2023-02-22,13:30,15:30,12,내부인력,1,1,N,Y
경기도고양시덕양구치매안심센터,기타,2023 국민건강보험공단과 함께하는 치매를 맞이하는 첫 걸음(1회),2023-01-25,2023-01-25,10:00,12:00,24,내부인력,1,1,N,N
경기도고양시덕양구치매안심센터,기타,치매를 맞이하는 첫 걸음(공단),2022-12-26,2022-12-26,10:30,12:00,17,내부인력,1,1,N,N
경기도고양시덕양구치매안심센터,기타,치매를 맞이하는 첫 걸음,2022-12-21,2022-12-21,09:30,11:30,3,내부인력,1,1,N,Y
경기도고양시덕양구치매안심센터,기타,치매를 맞이하는 첫 걸음,2022-11-24,2022-11-24,09:30,12:00,10,내부인력,1,1,N,Y
경기도고양시덕양구치매안심센터,기타,치매를 맞이하는 첫걸음,2022-11-18,2022-11-18,09:30,11:30,6,내부인력,1,1,N,Y
경기도고양시덕양구치매안심센터,기타,2022 숨은마음 찾기,2022-11-09,2022-11-30,09:30,11:30,5,내부인력,4,3,N,Y
경기도고양시덕양구치매안심센터,기타,치매를 맞이하는 첫 걸음,2022-10-27,2022-10-27,09:30,11:30,2,내부인력,1,1,N,Y
경기도고양시덕양구치매안심센터,기타,치매를 맞이하는 첫 걸음(국민건강보험공단),2022-10-14,2022-10-14,13:30,15:30,7,내부인력,11,1,N,Y
경기도고양시덕양구치매안심센터,기타,치매를 맞이하는 첫 걸음,2022-10-12,2022-10-12,09:30,11:30,4,내부인력,1,1,N,Y
경기도고양시덕양구치매안심센터,헤아림,비대면 유투브 헤아림 8회기,2021-03-02,2022-10-11,09:00,12:00,300,내부인력,21,4,N,N
경기도고양시덕양구치매안심센터,헤아림,2022 헤아림 가족교실,2022-10-05,2022-11-23,14:30,16:30,11,내부인력,8,4,N,Y
경기도고양시덕양구치매안심센터,기타,치매를 맞이하는 첫 걸음,2022-09-15,2022-09-15,10:00,12:00,1,내부인력,1,1,Y,Y
경기도고양시덕양구치매안심센터,기타,국민건강보험공단 치매를 맞이하는 첫 걸음,2022-07-13,2022-07-13,13:30,15:30,6,내부인력,1,1,N,Y
경기도고양시덕양구치매안심센터,기타,치매를 맞이하는 첫 걸음2기,2022-07-13,2022-07-13,09:30,12:00,10,내부인력,1,1,Y,Y
경기도고양시덕양구치매안심센터,기타,치매를 맞이하는 첫 걸음 1기,2022-06-27,2022-06-27,09:30,12:00,5,내부인력,1,1,N,Y
경기도고양시덕양구치매안심센터,기타,숨은마음찾기 프로그램 시범운영(고양시 덕양구 치매안심센터),2021-09-07,2021-09-15,10:00,12:00,5,내부인력,4,3,Y,Y
경기도고양시덕양구치매안심센터,기타,2021년 일상의 회복 시범운영,2021-06-04,2021-06-25,10:00,12:00,1,내부인력,4,3,Y,Y
경기도고양시덕양구치매안심센터,헤아림,헤아림6기,2019-09-18,2019-11-13,10:00,12:00,11,내부인력,8,4,Y,Y
경기도고양시덕양구치매안심센터,헤아림,헤아림 5기,2019-08-07,2019-09-11,10:00,12:00,15,내부인력,6,4,Y,Y
경기도고양시덕양구치매안심센터,헤아림,헤아림 4기,2019-07-23,2019-11-19,09:00,10:00,12,내부인력,9,4,Y,Y
경기도고양시덕양구치매안심센터,헤아림,2019년 헤아림3기,2019-04-18,2019-06-07,10:00,12:00,12,내부인력,6,4,Y,Y
경기도고양시덕양구치매안심센터,헤아림,2019년 헤아림 2기,2019-04-17,2019-06-05,10:00,12:00,12,내부인력,6,4,Y,Y
경기도고양시덕양구치매안심센터,헤아림,헤아림,2019-02-20,2019-04-10,10:00,12:00,8,내부인력,8,4,Y,Y
경기도고양시덕양구치매안심센터,헤아림,헤아림교실,2018-08-21,2018-10-23,10:00,12:00,8,내부인력,8,6,Y,Y
경기도고양시덕양구치매안심센터,헤아림,헤아림교실,2018-04-09,2018-06-04,14:00,16:00,9,내부인력,8,6,Y,Y
경기도고양시일산동구치매안심센터,일상의 회복,2025년 가족교실 '일상의 회복',2025-07-04,2025-07-25,13:00,15:00,13,내부인력,4,4,Y,Y
경기도고양시일산동구치매안심센터,헤아림,2025년헤아림 가족교실,2025-03-06,2025-04-17,14:00,16:00,31,내부인력,8,4,N,Y
경기도고양시일산동구치매안심센터,헤아림,헤아림가족교실 2기,2024-07-04,2024-07-25,14:00,16:00,10,내부인력,4,4,N,Y
경기도고양시일산동구치매안심센터,일상의 회복,일상의 회복,2024-06-05,2024-06-26,14:00,16:00,13,내부인력,4,4,Y,Y
경기도고양시일산동구치매안심센터,기타,치매를 맞이하는 첫걸음,2024-05-09,2024-05-09,14:00,16:00,15,내부인력,1,1,N,Y
경기도고양시일산동구치매안심센터,헤아림,헤아림가족교실1기,2024-03-13,2024-05-08,14:00,16:00,17,내부인력,8,4,N,Y
경기도고양시일산동구치매안심센터,기타,숨은마음찾기,2023-07-17,2023-08-07,10:00,12:00,10,내부인력,4,3,Y,Y
경기도고양시일산동구치매안심센터,헤아림,2023 헤아림B,2023-07-06,2023-07-27,15:00,17:00,21,내부인력,4,4,Y,Y
경기도고양시일산동구치매안심센터,기타,치매를 맞이하는 첫걸음,2023-05-30,2023-05-30,14:00,16:00,10,내부인력,1,1,Y,Y
경기도고양시일산동구치매안심센터,헤아림,2023년 헤아림A,2023-03-28,2023-05-16,10:00,12:00,10,내부인력,8,4,Y,Y
경기도고양시일산동구치매안심센터,기타,치매를 맞이하는 첫걸음,2023-03-17,2023-03-17,14:00,16:00,5,내부인력,1,1,Y,Y
경기도고양시일산동구치매안심센터,기타,치매를 맞이하는 첫걸음,2023-02-24,2023-02-24,14:00,16:00,5,내부인력,1,1,Y,Y
경기도고양시일산동구치매안심센터,기타,치매를 맞이하는 첫걸음,2023-01-27,2023-01-27,14:00,16:00,10,내부인력,1,1,Y,Y
경기도고양시일산동구치매안심센터,기타,치매를 맞이하는 첫걸음,2022-12-23,2022-12-23,10:00,12:00,5,내부인력,1,1,Y,Y
경기도고양시일산동구치매안심센터,기타,치매를 맞이하는 첫걸음,2022-11-30,2022-11-30,14:00,16:00,5,내부인력,1,1,Y,Y
경기도고양시일산동구치매안심센터,기타,숨은마음찾기,2022-11-29,2022-12-20,10:00,12:00,11,내부인력,4,3,Y,Y
경기도고양시일산동구치매안심센터,헤아림,2022년 헤아림,2022-10-04,2022-11-22,10:00,12:00,11,내부인력,8,4,Y,Y
경기도고양시일산동구치매안심센터,기타,치매를 맞이하는 첫걸음,2022-06-29,2022-06-29,10:00,12:00,12,내부인력,1,1,Y,Y
경기도고양시일산동구치매안심센터,기타,치매를 맞이하는 첫걸음,2022-05-25,2022-05-25,10:00,12:00,10,내부인력,1,1,Y,Y
경기도고양시일산동구치매안심센터,기타,숨은 마음찾기,2021-09-10,2021-10-15,10:00,12:00,6,내부인력,4,3,Y,Y
경기도고양시일산동구치매안심센터,헤아림,2021년 헤아림 B,2021-09-06,2021-10-11,10:00,12:00,5,내부인력,5,4,Y,Y
경기도고양시일산동구치매안심센터,헤아림,2021년 헤아림 A,2021-05-31,2021-06-23,14:00,16:00,2,내부인력,8,4,Y,Y
경기도고양시일산동구치매안심센터,헤아림,헤아림A,2020-09-01,2020-10-20,10:00,12:00,11,내부인력,8,4,Y,N
경기도고양시일산동구치매안심센터,헤아림,헤아림C,2019-08-20,2019-10-08,10:00,12:00,10,내부인력,8,4,Y,Y
경기도고양시일산동구치매안심센터,헤아림,헤아림B,2019-04-19,2019-06-07,14:00,16:00,10,내부인력,8,4,Y,Y
경기도고양시일산동구치매안심센터,헤아림,헤아림A,2019-03-19,2019-05-07,10:00,12:00,10,내부인력,8,4,Y,Y
경기도고양시일산동구치매안심센터,헤아림,2019중산 헤아림,2019-03-13,2019-05-08,10:00,12:00,7,내부인력,8,4,Y,Y
경기도고양시일산동구치매안심센터,헤아림,헤아림2,2018-08-21,2018-10-23,10:00,12:00,9,내부인력,8,4,Y,Y
경기도고양시일산동구치매안심센터,헤아림,헤아림1,2018-05-08,2018-07-03,10:00,12:00,11,내부인력,8,4,Y,Y
경기도고양시일산서구치매안심센터,헤아림,헤아림3기,2025-09-02,2025-10-28,13:30,15:30,16,외부인력,8,1,N,Y
경기도고양시일산서구치매안심센터,기타,유관기관 종사자 교육 '치매를 맞이하는 첫걸음',2025-07-29,2025-07-29,10:00,11:30,50,내부인력,1,0,N,N
경기도고양시일산서구치매안심센터,기타,유관기관 종사자 교육 '치매를 맞이하는 첫걸음',2025-07-16,2025-07-16,12:30,12:30,15,내부인력,1,0,N,N
경기도고양시일산서구치매안심센터,기타,유관기관 종사자 교육 '치매를 맞이하는 첫걸음',2024-10-08,2024-10-08,12:30,13:30,32,외부인력,1,0,N,N
경기도고양시일산서구치매안심센터,기타,유관기관 종사자 교육 '치매를 맞이하는 첫걸음',2024-08-30,2024-08-30,13:30,14:30,13,외부인력,1,0,N,N
경기도고양시일산서구치매안심센터,기타,유관기관 종사자 교육 '치매를 맞이하는 첫걸음',2024-08-30,2024-08-30,09:00,10:00,24,외부인력,1,0,N,N
경기도고양시일산서구치매안심센터,기타,유관기관 종사자 교육 '치매를 맞이하는 첫걸음',2024-08-29,2024-08-29,13:00,14:00,7,외부인력,1,0,N,N
경기도고양시일산서구치매안심센터,헤아림,헤아림가족교실2기,2025-05-20,2025-07-01,13:30,16:30,14,외부인력,6,4,N,Y
경기도고양시일산서구치매안심센터,헤아림,헤아림가족교실1기,2025-02-18,2025-04-08,13:30,15:30,14,외부인력,8,4,N,Y
경기도고양시일산서구치매안심센터,헤아림,헤아림가족교실3기,2024-09-03,2024-10-15,13:30,16:30,14,외부인력,6,4,N,Y
경기도고양시일산서구치매안심센터,헤아림,헤아림가족교실2기,2024-06-04,2024-07-09,13:30,16:30,13,외부인력,6,4,N,Y
경기도고양시일산서구치매안심센터,헤아림,헤아림 가족교실1기,2024-03-05,2024-04-23,13:30,15:30,10,외부인력,8,4,N,Y
경기도고양시일산서구치매안심센터,기타,"찾아가는 진단후 가족교육 '치매를 맞이하는 첫걸음,",2023-06-27,2023-06-27,13:00,16:00,3,내부인력,1,1,N,N
경기도고양시일산서구치매안심센터,헤아림,헤아림가족교실 2기,2023-06-28,2023-08-02,13:30,16:30,15,내부인력,6,4,N,Y
경기도고양시일산서구치매안심센터,기타,치매환자 진단후 교육 '치매를 맞이하는 첫걸음',2023-03-30,2023-03-30,10:00,12:00,12,내부인력,1,1,N,Y
경기도고양시일산서구치매안심센터,헤아림,헤아림가족교실1기,2023-03-08,2023-04-26,13:30,15:30,17,내부인력,8,6,N,Y
경기도고양시일산서구치매안심센터,기타,치매환자 진단 후 가족교육 '치매를 맞이하는 첫걸음',2023-02-24,2023-02-24,13:30,15:30,2,내부인력,1,1,N,Y
경기도고양시일산서구치매안심센터,기타,치매진단 후 교육 치매를 맞이하는 첫걸음,2023-02-23,2023-02-23,14:00,15:00,1,내부인력,1,1,N,Y
경기도고양시일산서구치매안심센터,기타,치매진단 후 교육 '치매를 맞이하는 첫걸음',2023-02-15,2023-02-15,14:00,15:00,5,내부인력,1,1,N,Y
경기도고양시일산서구치매안심센터,기타,숨은마음찾기 (고양시 일산서구),2022-11-24,2022-12-15,14:00,16:00,5,내부인력,4,3,N,Y
경기도고양시일산서구치매안심센터,헤아림,헤아림 교실,2022-10-04,2022-11-22,13:30,15:30,8,내부인력,8,4,Y,Y
경기도고양시일산서구치매안심센터,기타,치매를 맞이하는 첫걸음,2022-08-09,2022-08-09,13:30,15:30,14,내부인력,1,1,N,Y
경기도고양시일산서구치매안심센터,기타,치매를 맞이하는 첫 걸음,2022-06-29,2022-06-29,13:30,15:30,14,내부인력,1,1,N,Y
경기도고양시일산서구치매안심센터,기타,숨은마음찾기 프로그램 시범운영 (고양시 일산서구),2021-09-16,2021-10-07,14:00,16:00,5,내부인력,4,3,Y,N
경기도고양시일산서구치매안심센터,헤아림,헤아림4기,2019-07-19,2019-09-20,10:00,12:00,7,내부인력,8,4,Y,Y
경기도고양시일산서구치매안심센터,헤아림,헤아림3기,2019-06-26,2019-08-12,14:00,16:00,5,내부인력,8,4,Y,Y
경기도고양시일산서구치매안심센터,헤아림,헤아림 2기,2019-05-17,2019-07-05,10:00,12:00,11,내부인력,8,4,Y,Y
경기도고양시일산서구치매안심센터,헤아림,헤아림 1기,2019-02-15,2019-04-19,10:00,12:00,10,내부인력,8,4,Y,Y
경기도고양시일산서구치매안심센터,헤아림,헤아림B,2018-08-17,2018-10-11,10:00,12:00,9,내부인력,8,4,Y,Y
경기도고양시일산서구치매안심센터,헤아림,헤아림 A,2018-06-01,2018-07-20,10:00,12:00,8,내부인력,8,4,Y,Y
경기도과천시치매안심센터,헤아림,2025년 제4기 '헤아림' 가족교실,2025-10-13,2025-11-03,14:00,16:00,10,외부인력,7,4,Y,N
경기도과천시치매안심센터,헤아림,2025년 제3기 '헤아림' 가족교실,2025-09-08,2025-09-29,14:00,16:00,10,내부인력,7,4,Y,N
경기도과천시치매안심센터,헤아림,2025년 제2기 '헤아림' 가족교실,2025-05-16,2025-06-13,14:00,16:00,8,내부인력,7,4,Y,Y
경기도과천시치매안심센터,헤아림,2025년 제1기 '헤아림' 가족교실,2025-03-07,2025-03-28,14:00,16:00,8,내부인력,7,4,Y,Y
경기도과천시치매안심센터,일상의 회복,2024년 제4기 '일상의 회복' 가족교실,2024-12-03,2024-12-31,14:00,16:00,8,내부인력,4,2,Y,Y
경기도과천시치매안심센터,헤아림,2024년 제4기 '헤아림' 가족교실,2024-10-23,2024-12-11,14:00,16:00,8,내부인력,8,4,Y,Y
경기도과천시치매안심센터,일상의 회복,2024년 제3기 '일상의 회복' 가족교실,2024-10-01,2024-10-22,14:00,16:00,8,내부인력,4,2,Y,Y
경기도과천시치매안심센터,헤아림,2024년 제3기 '헤아림' 가족교실,2024-08-13,2024-10-01,14:00,16:00,8,내부인력,8,4,Y,Y
경기도과천시치매안심센터,일상의 회복,제2기 '일상의 회복',2024-06-11,2024-07-02,14:00,14:00,8,내부인력,4,3,Y,N
경기도과천시치매안심센터,헤아림,제2기 '헤아림' 가족교실,2024-04-16,2024-06-04,14:00,16:00,6,내부인력,8,6,Y,Y
경기도과천시치매안심센터,일상의 회복,제1기 '일상의 회복',2024-04-17,2024-05-08,14:00,16:00,7,내부인력,4,3,Y,N
경기도과천시치매안심센터,헤아림,제1기 '헤아림' 가족교실,2024-02-14,2024-04-03,14:00,16:00,8,내부인력,8,6,Y,Y
경기도과천시치매안심센터,기타,숨은마음찾기,2023-11-02,2023-11-23,14:00,16:00,3,내부인력,4,4,Y,N
경기도과천시치매안심센터,헤아림,헤아림,2023-08-31,2023-10-26,14:00,16:00,4,내부인력,8,4,Y,Y
경기도과천시치매안심센터,기타,숨은마음찾기,2023-07-13,2023-08-03,13:30,15:30,10,내부인력,4,4,Y,N
경기도과천시치매안심센터,헤아림,헤아림,2023-06-08,2023-07-06,13:20,16:00,7,내부인력,5,4,Y,N
경기도과천시치매안심센터,기타,치매를 맞이하는 첫걸음,2023-06-01,2023-06-01,13:30,15:30,7,내부인력,1,1,Y,Y
경기도과천시치매안심센터,헤아림,2022년 헤아림(오전반),2022-10-07,2022-11-25,09:30,11:30,7,내부인력,8,6,Y,Y
경기도과천시치매안심센터,기타,치매를 맞이하는 첫걸음,2022-08-19,2022-08-19,09:30,11:30,6,내부인력,1,1,Y,Y
경기도과천시치매안심센터,기타,치매를 맞이하는 첫걸음,2022-07-25,2022-07-25,09:30,11:30,5,내부인력,1,1,N,Y
경기도과천시치매안심센터,기타,숨은 마음 찾기,2021-09-27,2021-10-18,16:00,18:00,5,내부인력,4,3,N,Y
경기도과천시치매안심센터,헤아림,2021 헤아림(상반기),2021-05-03,2021-05-31,14:00,16:00,4,내부인력,8,4,N,N
경기도과천시치매안심센터,희망다이어리,희망다이어리,2019-06-07,2019-08-16,14:00,16:00,4,내부인력,10,7,Y,Y
경기도과천시치매안심센터,헤아림,헤아림(하반기),2018-09-06,2018-10-25,10:00,12:00,3,내부인력,8,4,Y,Y
경기도과천시치매안심센터,헤아림,헤아림(상반기),2018-03-08,2018-04-26,10:00,12:00,4,내부인력,8,4,Y,Y
경기도광명시치매안심센터,기타,숨은 마음 찾기 3기,2025-10-30,2025-11-11,10:00,12:00,10,내부인력,4,3,N,N
경기도광명시치매안심센터,헤아림,2025년 헤아림 가족교실 3기,2025-09-11,2025-09-30,10:00,12:00,10,내부인력,4,4,N,Y
경기도광명시치매안심센터,가치돌봄(선택),가치돌봄(심화과정),2025-05-22,2025-06-17,10:00,12:00,6,내부인력,4,4,N,Y
경기도광명시치매안심센터,기타,2025년 숨은마음찾기 2기 프로그램,2025-05-08,2025-05-29,10:00,12:00,8,내부인력,4,4,N,Y
경기도광명시치매안심센터,헤아림,2025년 헤아림가족교실 2기(하안2동),2025-05-01,2025-05-15,10:00,12:00,6,내부인력,4,4,N,Y
경기도광명시치매안심센터,기타,숨은마음찾기 1기 프로그램(광명 2동 안심마을),2025-03-05,2025-03-26,10:00,12:00,11,내부인력,4,4,N,Y
경기도광명시치매안심센터,헤아림,2025년 헤아림 가족교실 1기,2025-02-25,2025-03-18,14:00,16:00,10,내부인력,4,4,N,Y
경기도광명시치매안심센터,헤아림,2024년 헤아림 가족교실 3기(소하동),2024-10-10,2024-10-31,14:00,16:00,10,내부인력,4,4,N,Y
경기도광명시치매안심센터,기타,숨은마음찾기 3기 프로그램,2024-09-06,2024-09-27,10:00,12:00,8,내부인력,4,4,N,Y
경기도광명시치매안심센터,헤아림,2024년 헤아림 가족교실 2기(소하동),2024-05-28,2024-05-28,10:00,12:00,10,외부인력,4,4,N,Y
경기도광명시치매안심센터,기타,2024년 숨은마음찾기 2기 프로그램,2024-05-22,2024-06-12,10:00,12:00,10,내부인력,4,4,N,Y
경기도광명시치매안심센터,기타,2024년 숨은마음찾기 1기 프로그램(광명2동 기품안심마을),2024-03-06,2024-03-27,10:00,12:00,8,내부인력,4,4,N,Y
경기도광명시치매안심센터,헤아림,2024년 헤아림 가족교실 1기,2024-01-22,2024-01-31,10:00,12:00,10,내부인력,4,4,N,Y
경기도광명시치매안심센터,기타,숨은마음찾기 3기 프로그램,2023-09-05,2023-09-26,10:00,12:00,10,내부인력,4,4,N,Y
경기도광명시치매안심센터,헤아림,2023년 헤아림 가족교실 4기,2023-09-07,2023-09-19,10:10,12:00,10,내부인력,4,4,N,Y
경기도광명시치매안심센터,헤아림,2023년 헤아림 가족교실 3기,2023-08-22,2023-09-12,14:00,16:00,11,내부인력,4,4,N,Y
경기도광명시치매안심센터,기타,2023년 5월 치매를 맞이하는 첫걸음(하안동 센터),2023-05-30,2023-05-30,14:00,16:00,10,내부인력,1,1,N,Y
경기도광명시치매안심센터,기타,숨은마음찾기 2기 프로그램,2023-05-09,2023-05-30,14:00,16:00,10,내부인력,4,3,N,Y
경기도광명시치매안심센터,기타,2023년 5월 치매를 맞이하는 첫걸음,2023-05-02,2023-05-02,14:00,16:00,10,내부인력,1,1,N,N
경기도광명시치매안심센터,헤아림,2023년 헤아림 가족교실 2기,2023-04-11,2023-04-11,14:00,16:00,10,내부인력,4,4,N,Y
경기도광명시치매안심센터,기타,2023년 3월 치매를 맞이하는 첫걸음,2023-03-14,2023-03-14,14:00,16:00,10,내부인력,1,1,N,Y
경기도광명시치매안심센터,기타,2023년 숨은마음찾기 1기 프로그램,2023-03-07,2023-03-28,14:00,16:00,10,내부인력,4,3,N,Y
경기도광명시치매안심센터,기타,"치매를 맞이하는 첫걸음(2월, 치매안심마을)",2023-02-21,2023-02-21,14:00,16:00,10,내부인력,1,1,N,Y
경기도광명시치매안심센터,헤아림,2023년 헤아림 가족교실 1기,2023-02-07,2023-02-28,14:00,16:00,10,내부인력,4,4,N,Y
경기도광명시치매안심센터,기타,치매를 맞이 하는 첫걸음(12월),2022-12-13,2022-12-13,14:00,16:00,7,내부인력,1,1,N,Y
경기도광명시치매안심센터,기타,치매를 맞이 하는 첫걸음(11월),2022-11-15,2022-11-15,10:00,12:00,9,내부인력,1,1,N,Y
경기도광명시치매안심센터,기타,숨은마음찾기 3기 프로그램(22년 개정),2022-11-11,2022-12-02,10:00,12:00,7,내부인력,4,3,N,Y
경기도광명시치매안심센터,헤아림,2022년  헤아림 가족교실 3기,2022-11-14,2022-11-23,14:00,16:00,9,내부인력,2,3,Y,Y
경기도광명시치매안심센터,기타,치매를 맞이 하는 첫걸음(10월),2022-10-12,2022-10-12,10:00,12:00,10,내부인력,1,1,N,Y
경기도광명시치매안심센터,기타,치매를 맞이 하는 첫걸음(9월),2022-09-14,2022-09-14,10:00,12:00,8,내부인력,1,1,N,Y
경기도광명시치매안심센터,기타,치매를 맞이 하는 첫걸음(8월),2022-08-30,2022-08-30,10:00,12:00,7,내부인력,1,1,N,Y
경기도광명시치매안심센터,기타,숨은마음찾기 2기 프로그램,2022-10-04,2022-10-25,14:00,16:00,8,내부인력,4,3,N,N
경기도광명시치매안심센터,헤아림,2022년 2기 헤아림가족교실,2022-09-19,2022-09-28,14:00,16:00,6,내부인력,4,3,N,Y
경기도광명시치매안심센터,기타,숨은마음찾기 1기 프로그램,2022-07-05,2022-07-26,14:00,16:00,7,내부인력,4,3,N,N
경기도광명시치매안심센터,기타,치매를 맞이 하는 첫걸음(7월),2022-07-19,2022-07-19,10:00,12:00,10,내부인력,1,1,N,Y
경기도광명시치매안심센터,기타,치매를 맞이 하는 첫걸음,2022-06-14,2022-06-14,14:00,16:00,9,내부인력,1,1,N,Y
경기도광명시치매안심센터,헤아림,헤아림가족교실(치매안심마을),2022-06-14,2022-06-23,10:00,12:00,8,내부인력,4,3,N,Y
경기도광명시치매안심센터,기타,치매를 맞이하는 첫걸음,2022-05-31,2022-05-31,10:00,12:00,8,내부인력,1,1,N,Y
경기도광명시치매안심센터,헤아림,헤아림 가족교실4,2021-10-05,2021-10-14,14:00,16:00,4,내부인력,4,3,Y,Y
경기도광명시치매안심센터,헤아림,헤아림 가족교실3,2021-08-30,2021-09-09,14:00,16:00,4,내부인력,4,3,N,Y
경기도광명시치매안심센터,기타,숨은마음찾기,2021-08-10,2021-08-31,10:00,12:00,4,내부인력,4,3,N,N
경기도광명시치매안심센터,헤아림,헤아림가족교실2,2021-05-13,2021-06-10,10:00,12:00,4,내부인력,4,3,N,Y
경기도광명시치매안심센터,헤아림,헤아림 가족교실 1,2021-03-25,2021-04-22,10:00,12:00,4,내부인력,5,3,N,Y
경기도광명시치매안심센터,헤아림,[광명동 치매안심센터] 헤아림 가족교실 3기,2019-09-09,2019-09-17,10:00,12:00,10,내부인력,5,4,Y,Y
경기도광명시치매안심센터,헤아림,보건소 헤아림 가족교실 3,2019-06-18,2019-07-16,14:00,16:00,8,내부인력,5,4,Y,N
경기도광명시치매안심센터,헤아림,[광명동 치매안심센터] 헤아림 가족교실 2기,2019-05-03,2019-05-31,14:30,16:30,10,내부인력,5,4,Y,Y
경기도광명시치매안심센터,헤아림,보건소 헤아림 가족교실 2,2019-04-23,2019-05-21,14:00,16:00,10,내부인력,5,4,Y,N
경기도광명시치매안심센터,헤아림,[광명동 치매안심센터] 헤아림 가족교실 1기,2019-03-08,2019-04-12,14:30,16:30,10,내부인력,5,4,Y,Y
경기도광명시치매안심센터,헤아림,보건소 헤아림 가족교실 1,2019-02-19,2019-04-09,14:00,16:00,10,내부인력,8,4,Y,N
경기도광명시치매안심센터,헤아림,시민건강증진센터 2기 헤아림가족교실,2018-09-06,2018-11-01,14:00,16:00,8,내부인력,8,4,Y,N
경기도광명시치매안심센터,헤아림,헤아림가족교실2,2018-08-21,2018-10-23,14:00,16:00,8,내부인력,8,5,Y,N
경기도광명시치매안심센터,헤아림,시민건강증진센터 1기 헤아림가족교실,2018-07-05,2018-08-23,14:00,16:00,8,내부인력,8,4,Y,N
경기도광명시치매안심센터,헤아림,헤아림가족교실,2018-03-27,2018-05-29,10:00,12:00,8,내부인력,8,4,Y,N
경기도광주시치매안심센터,헤아림,헤아림 2025-3,2025-10-15,2025-11-26,13:00,14:30,15,내부인력,7,3,N,N
경기도광주시치매안심센터,헤아림,헤아림 2025-2,2025-05-14,2025-06-25,13:00,14:30,20,내부인력,7,3,N,Y
경기도광주시치매안심센터,헤아림,헤아림 2025-1,2025-02-12,2025-03-26,13:00,14:30,15,내부인력,7,3,N,Y
경기도광주시치매안심센터,헤아림,25년 가족교실 대기자,2025-01-01,2025-12-31,10:00,12:00,20,내부인력,53,1,Y,N
경기도광주시치매안심센터,헤아림,24년 헤아림 가족교실 3기,2024-09-05,2024-10-24,13:00,15:00,10,내부인력,7,4,N,Y
경기도광주시치매안심센터,헤아림,24년 헤아림 가족교실 2기,2024-06-05,2024-07-17,13:00,15:00,20,내부인력,7,4,N,Y
경기도광주시치매안심센터,헤아림,24년 헤아림 가족교실 1기,2024-03-20,2024-05-08,13:00,15:00,20,내부인력,7,4,N,Y
경기도광주시치매안심센터,기타,23년 숨은마음찾기,2023-10-04,2023-10-25,10:00,12:00,7,내부인력,4,3,N,Y
경기도광주시치매안심센터,헤아림,23년도 헤아림 가족교실 2기,2023-05-25,2023-07-13,13:00,15:00,20,내부인력,8,4,N,Y
경기도광주시치매안심센터,헤아림,23년도 헤아림 가족교실 1기,2023-03-22,2023-05-17,13:00,15:00,20,내부인력,8,4,N,Y
경기도광주시치매안심센터,헤아림,22년도 헤아림 가족교실 1기,2022-09-06,2022-11-03,13:00,15:00,12,내부인력,8,6,Y,Y
경기도광주시치매안심센터,기타,숨은마음찾기 프로그램 시범운영(광주시),2021-11-05,2021-11-26,14:00,16:00,7,내부인력,4,3,N,N
경기도광주시치매안심센터,헤아림,2021년  비대면 헤아림 가족교실,2021-05-21,2021-06-11,13:00,14:30,20,내부인력,4,3,N,Y
경기도광주시치매안심센터,헤아림,헤아림2,2020-04-20,2020-06-08,13:00,15:00,10,내부인력,8,4,Y,N
경기도광주시치매안심센터,헤아림,헤아림1,2020-03-02,2020-04-20,13:00,15:00,10,내부인력,8,4,Y,N
경기도광주시치매안심센터,헤아림,공감가족 E반,2019-09-17,2019-11-05,13:00,16:00,10,내부인력,8,4,Y,Y
경기도광주시치매안심센터,헤아림,공감가족D반,2019-01-29,2019-08-27,13:00,15:00,10,내부인력,8,4,Y,Y
경기도광주시치매안심센터,헤아림,공감가족 C반,2019-01-29,2019-08-27,10:00,12:00,10,내부인력,8,4,Y,Y
경기도광주시치매안심센터,헤아림,공감가족 A반,2019-01-15,2019-08-06,13:00,15:00,10,내부인력,8,4,Y,Y
경기도광주시치매안심센터,헤아림,공감가족B반,2019-01-15,2019-08-06,10:00,12:00,10,내부인력,8,4,Y,Y
경기도광주시치매안심센터,헤아림,공감가족2,2018-03-27,2018-09-07,13:00,15:00,7,내부인력,8,8,Y,Y
경기도광주시치매안심센터,헤아림,공감가족1,2018-03-27,2018-09-07,10:00,12:00,9,내부인력,8,8,Y,Y
경기도구리시치매안심센터,헤아림,24기 헤아림 가족교실(2025년),2025-10-17,2025-12-05,10:00,12:00,8,내부인력,8,4,Y,N
경기도구리시치매안심센터,헤아림,23기 헤아림 가족교실(2025년),2025-07-30,2025-09-17,10:00,12:00,12,내부인력,8,4,Y,Y
경기도구리시치매안심센터,헤아림,22기 헤아림 가족교실(2025년),2025-04-23,2025-06-11,10:00,12:00,20,내부인력,8,4,Y,Y
경기도구리시치매안심센터,헤아림,21기 헤아림 가족교실(2025년),2025-01-22,2025-03-05,10:00,12:00,11,내부인력,8,4,Y,Y
경기도구리시치매안심센터,기타,20기 숨은마음찾기 가족교실(2024년),2024-10-23,2024-11-13,10:00,12:00,8,내부인력,4,4,Y,Y
경기도구리시치매안심센터,헤아림,19기 헤아림 가족교실(2024년),2024-07-31,2024-09-04,10:00,12:00,12,내부인력,6,4,Y,Y
경기도구리시치매안심센터,헤아림,18기 헤아림 가족교실(2024년),2024-04-17,2024-06-05,10:00,12:00,10,내부인력,6,4,Y,Y
경기도구리시치매안심센터,헤아림,17기 헤아림 가족교실(2024년),2024-01-31,2024-03-06,10:00,12:00,10,내부인력,6,4,Y,Y
경기도구리시치매안심센터,기타,16기 숨은마음찾기 가족교실(2023년),2023-10-24,2023-11-14,14:00,16:00,10,내부인력,4,4,Y,Y
경기도구리시치매안심센터,헤아림,15기 헤아림 가족교실(2023년),2023-08-08,2023-09-19,14:00,16:00,10,내부인력,6,4,Y,Y
경기도구리시치매안심센터,기타,제12회 치매를 맞이하는 첫걸음(2023년 6월),2023-06-16,2023-06-16,14:00,16:00,6,내부인력,1,1,Y,Y
경기도구리시치매안심센터,기타,제11회 치매를 맞이하는 첫걸음(2023년 5월),2023-05-19,2023-05-19,14:00,16:00,7,내부인력,1,1,Y,Y
경기도구리시치매안심센터,헤아림,14기 헤아림 가족교실(2023년),2023-05-09,2023-07-04,14:00,16:00,14,내부인력,8,4,Y,Y
경기도구리시치매안심센터,기타,제10회 치매를 맞이하는 첫걸음(2023년 4월),2023-04-21,2023-04-21,14:00,16:00,7,내부인력,1,1,Y,Y
경기도구리시치매안심센터,기타,제9회 치매를 맞이하는 첫걸음(2023년 3월),2023-03-17,2023-03-17,14:00,16:00,9,내부인력,1,1,Y,Y
경기도구리시치매안심센터,기타,제8회 치매를 맞이하는 첫걸음(2023년 2월),2023-02-17,2023-02-17,14:00,16:00,10,내부인력,1,1,Y,Y
경기도구리시치매안심센터,헤아림,13기 헤아림 가족교실(2023년),2023-01-31,2023-03-21,14:00,16:00,12,내부인력,8,4,Y,Y
경기도구리시치매안심센터,기타,제7회 치매를 맞이하는 첫걸음(2023년 1월),2023-01-20,2023-01-20,14:00,16:00,9,내부인력,1,1,Y,Y
경기도구리시치매안심센터,기타,제6회 치매를 맞이하는 첫걸음(2022년 12월),2022-12-16,2022-12-16,14:00,16:00,6,내부인력,1,1,Y,Y
경기도구리시치매안심센터,기타,12기 숨은마음찾기 가족교실(2022년),2022-11-15,2022-12-06,09:30,11:30,6,내부인력,4,4,Y,Y
경기도구리시치매안심센터,기타,제5회 치매를 맞이하는 첫걸음(2022년 11월),2022-11-18,2022-11-18,14:00,16:00,6,내부인력,1,1,Y,Y
경기도구리시치매안심센터,기타,제4회 치매를 맞이하는 첫걸음(2022년 10월),2022-10-21,2022-10-21,14:00,16:00,10,내부인력,1,1,Y,Y
경기도구리시치매안심센터,기타,제3회 치매를 맞이하는 첫걸음(2022년 9월),2022-09-16,2022-09-16,14:00,16:00,5,내부인력,1,1,Y,Y
경기도구리시치매안심센터,헤아림,11기 헤아림 가족교실(2022년),2022-08-30,2022-10-18,14:00,16:00,6,내부인력,8,4,Y,Y
경기도구리시치매안심센터,기타,제2회 치매를 맞이하는 첫걸음(2022년 8월),2022-08-22,2022-08-22,14:00,16:00,8,내부인력,1,1,Y,Y
경기도구리시치매안심센터,기타,제1회 치매를 맞이하는 첫걸음(2022년 7월),2022-07-19,2022-07-19,14:00,16:00,11,내부인력,1,1,Y,Y
경기도구리시치매안심센터,헤아림,10기 헤아림 가족교실(2022년),2022-06-22,2022-08-10,10:00,12:00,8,내부인력,8,4,Y,Y
경기도구리시치매안심센터,기타,숨은마음찾기 프로그램 시범운영(구리시),2021-10-26,2021-11-05,10:00,12:00,6,내부인력,4,3,Y,Y
경기도구리시치매안심센터,헤아림,2021년 온라인 치매가족교실 제 1기<다함께 차차차>,2021-08-30,2021-09-17,09:00,12:00,10,내부인력,6,4,N,Y
경기도구리시치매안심센터,헤아림,2020년 헤아림 1기,2020-02-24,2020-04-13,14:00,16:00,7,내부인력,8,4,Y,Y
경기도구리시치매안심센터,헤아림,2019년 헤아림 4기,2019-09-17,2019-10-29,10:00,12:00,10,내부인력,6,4,Y,Y
경기도구리시치매안심센터,헤아림,2019년 헤아림 3기,2019-09-03,2019-10-08,14:00,16:00,13,내부인력,6,4,Y,Y
경기도구리시치매안심센터,헤아림,헤아림 2기(19년),2019-08-06,2019-09-10,10:00,12:00,10,내부인력,6,4,Y,Y
경기도구리시치매안심센터,헤아림,헤아림 1기 (19년),2019-04-23,2019-07-30,10:00,12:00,10,내부인력,8,4,Y,Y
경기도구리시치매안심센터,헤아림,헤아림 2기,2018-08-22,2018-10-24,10:00,12:00,10,외부인력,8,4,Y,Y
경기도구리시치매안심센터,헤아림,헤아림 1기,2018-06-20,2018-08-08,10:00,12:00,10,외부인력,8,4,Y,Y
경기도군포시치매안심센터,헤아림,2025년 헤아림가족교실 4기,2025-10-28,2025-12-02,10:00,12:00,10,내부인력,6,4,N,N
경기도군포시치매안심센터,기타,2025년 숨은마음찾기-2기,2025-09-17,2025-10-15,10:00,12:00,10,내부인력,4,3,N,Y
경기도군포시치매안심센터,헤아림,2025년 헤아림가족교실 3기,2025-07-15,2025-08-19,10:00,12:00,11,내부인력,6,4,N,Y
경기도군포시치매안심센터,헤아림,2025년 헤아림가족교실2기,2025-05-20,2025-06-24,10:00,12:00,10,내부인력,5,4,N,Y
경기도군포시치매안심센터,기타,2025년 숨은마음찾기-1기,2025-04-23,2025-05-14,10:00,12:00,10,내부인력,4,3,Y,Y
경기도군포시치매안심센터,헤아림,2025년 헤아림가족교실 1기,2025-02-11,2025-04-01,10:00,12:00,11,내부인력,8,4,Y,Y
경기도군포시치매안심센터,헤아림,2024년 헤아림 가족교실 - 5기수,2024-11-26,2024-12-24,10:00,12:00,8,내부인력,4,3,Y,Y
경기도군포시치매안심센터,기타,2024년 숨은마음찾기 - 3기수,2024-09-25,2024-10-23,10:00,12:00,7,내부인력,4,3,Y,Y
경기도군포시치매안심센터,헤아림,2024년 헤아림 가족교실 - 4기수,2024-08-27,2024-10-22,10:00,12:00,11,내부인력,7,4,Y,Y
경기도군포시치매안심센터,기타,2024년 숨은마음찾기 - 2기수,2024-06-12,2024-07-03,10:00,12:00,5,내부인력,4,3,Y,Y
경기도군포시치매안심센터,헤아림,2024년 헤아림 가족교실 - 3기수,2024-06-11,2024-07-23,14:00,16:00,10,내부인력,6,4,Y,Y
경기도군포시치매안심센터,기타,2024년 숨은마음찾기-1기수,2024-04-17,2024-05-22,10:00,12:00,5,내부인력,4,3,Y,Y
경기도군포시치매안심센터,헤아림,2024년 헤아림 가족교실 - 2기수,2024-04-02,2024-05-21,10:00,12:00,10,내부인력,1,4,Y,Y
경기도군포시치매안심센터,헤아림,2024년 헤아림 가족교실 - 1기수,2024-02-06,2024-03-12,10:00,12:00,10,내부인력,6,4,Y,Y
경기도군포시치매안심센터,헤아림,2023년 헤아림가족교실- 4기수,2023-10-24,2023-12-12,10:00,11:30,10,내부인력,8,4,Y,Y
경기도군포시치매안심센터,헤아림,2023년 헤아림가족교실 - 3기수,2023-08-01,2023-09-19,10:00,12:00,7,내부인력,7,4,Y,Y
경기도군포시치매안심센터,기타,치매를 맞이하는 첫걸음-8(6월집단교육),2023-06-29,2023-06-29,10:00,12:00,5,내부인력,1,1,N,Y
경기도군포시치매안심센터,헤아림,2023년 헤아림가족교실 - 2기수,2023-06-13,2023-07-18,10:00,12:00,6,내부인력,6,4,Y,Y
경기도군포시치매안심센터,기타,치매를 맞이하는 첫걸음-7(5월집단교육),2023-05-25,2023-05-25,10:00,11:30,6,내부인력,1,1,Y,Y
경기도군포시치매안심센터,기타,치매를 맞이하는 첫걸음-6(4월집단교육),2023-04-27,2023-04-27,10:00,11:30,4,내부인력,1,1,Y,Y
경기도군포시치매안심센터,기타,치매를 맞이하는 첫걸음-5,2023-03-31,2023-03-31,16:30,18:00,1,내부인력,1,1,N,Y
경기도군포시치매안심센터,기타,치매를 맞이하는 첫걸음-4(3월집단교육),2023-03-30,2023-03-30,10:00,11:30,4,내부인력,1,1,N,Y
경기도군포시치매안심센터,기타,치매를 맞이하는 첫걸음-3(2월집단교육),2023-02-23,2023-02-23,10:00,11:30,4,내부인력,1,1,Y,Y
경기도군포시치매안심센터,헤아림,2023년 헤아림 가족교실 - 1기수,2023-02-14,2023-04-04,10:00,12:00,9,내부인력,8,4,Y,Y
경기도군포시치매안심센터,기타,치매를 맞이하는 첫걸음-2,2023-02-13,2023-02-13,14:30,16:00,1,내부인력,1,1,N,Y
경기도군포시치매안심센터,기타,치매를 맞이하는 첫걸음-1(1월집단교육),2023-01-26,2023-01-26,10:00,11:30,2,내부인력,1,1,N,Y
경기도군포시치매안심센터,기타,치매를 맞이하는 첫걸음-36,2022-12-27,2022-12-27,14:00,15:30,1,내부인력,1,1,N,Y
경기도군포시치매안심센터,기타,치매를 맞이하는 첫걸음-35,2022-12-22,2022-12-22,14:00,15:30,1,내부인력,1,1,N,Y
경기도군포시치매안심센터,기타,치매를 맞이하는 첫걸음-34 (12월 집단교육),2022-12-19,2022-12-19,10:00,11:30,2,내부인력,1,1,N,Y
경기도군포시치매안심센터,기타,치매를 맞이하는 첫걸음-33,2022-12-05,2022-12-05,10:30,12:00,1,내부인력,1,1,N,Y
경기도군포시치매안심센터,기타,치매를 맞이하는 첫걸음-32,2022-12-02,2022-12-02,15:30,17:00,1,내부인력,1,1,N,Y
경기도군포시치매안심센터,기타,치매를 맞이하는 첫걸음-31,2022-11-15,2022-11-15,16:00,17:30,1,내부인력,1,1,N,Y
경기도군포시치매안심센터,기타,치매를 맞이하는 첫걸음-30(11월 집단교육),2022-11-15,2022-11-15,10:00,11:30,3,내부인력,1,1,N,Y
경기도군포시치매안심센터,기타,치매를 맞이하는 첫걸음-29,2022-11-14,2022-11-14,15:30,17:00,1,내부인력,1,1,N,Y
경기도군포시치매안심센터,기타,치매를 맞이하는 첫걸음-28,2022-11-11,2022-11-11,10:30,12:00,1,내부인력,1,1,N,Y
경기도군포시치매안심센터,헤아림,2022년 헤아림 가족교실 - 3기수,2022-11-03,2022-11-24,09:30,12:10,8,내부인력,8,4,Y,Y
경기도군포시치매안심센터,기타,치매를 맞이하는 첫걸음-27,2022-10-21,2022-10-21,14:00,15:30,1,내부인력,1,1,N,Y
경기도군포시치매안심센터,기타,치매를 맞이하는 첫걸음-26(10월 집단교육),2022-10-13,2022-10-13,10:00,12:00,6,내부인력,1,1,N,Y
경기도군포시치매안심센터,기타,치매를 맞이하는 첫걸음-25,2022-10-12,2022-10-12,16:30,18:00,1,내부인력,1,1,N,Y
경기도군포시치매안심센터,헤아림,2022년 헤아림 가족교실 - 2기수,2022-09-27,2022-10-18,13:20,16:00,5,내부인력,8,4,Y,Y
경기도군포시치매안심센터,기타,치매를 맞이하는 첫걸음-24(9월 집단교육),2022-09-23,2022-09-23,10:00,12:00,7,내부인력,1,1,N,Y
경기도군포시치매안심센터,기타,치매를 맞이하는 첫걸음-23(8월 집단교육-2),2022-08-26,2022-08-26,15:00,16:30,2,내부인력,1,1,N,Y
경기도군포시치매안심센터,기타,치매를 맞이하는 첫걸음-22(8월 집단교육-1),2022-08-23,2022-08-23,14:00,16:00,4,내부인력,1,1,Y,Y
경기도군포시치매안심센터,기타,치매를 맞이하는 첫걸음-21,2022-08-22,2022-08-22,15:30,17:00,1,내부인력,1,1,N,Y
경기도군포시치매안심센터,기타,치매를 맞이하는 첫걸음-20,2022-08-22,2022-08-22,10:00,11:30,1,내부인력,1,1,N,Y
경기도군포시치매안심센터,기타,치매를 맞이하는 첫걸음-19,2022-08-01,2022-08-01,15:00,16:30,1,내부인력,1,1,N,Y
경기도군포시치매안심센터,기타,치매를 맞이하는 첫걸음-18,2022-08-01,2022-08-01,13:00,14:30,1,내부인력,1,1,N,Y
경기도군포시치매안심센터,기타,치매를 맞이하는 첫걸음-17,2022-07-29,2022-07-29,14:00,15:30,1,내부인력,1,1,N,Y
경기도군포시치매안심센터,기타,치매를 맞이하는 첫걸음-16(7월 집단교육),2022-07-15,2022-07-15,10:00,12:00,4,내부인력,1,1,Y,Y
경기도군포시치매안심센터,기타,치매를 맞이하는 첫걸음-15,2022-07-04,2022-07-04,14:30,16:00,1,내부인력,1,1,N,Y
경기도군포시치매안심센터,기타,치매를 맞이하는 첫걸음-14,2022-06-29,2022-06-29,10:00,11:30,1,내부인력,1,1,N,Y
경기도군포시치매안심센터,기타,치매를 맞이하는 첫걸음-13,2022-06-23,2022-06-23,10:30,12:00,1,내부인력,1,1,N,Y
경기도군포시치매안심센터,기타,치매를 맞이하는 첫걸음-12,2022-06-22,2022-06-22,13:00,14:30,1,내부인력,1,1,N,Y
경기도군포시치매안심센터,헤아림,2022년 헤아림 가족교실 - 1기수,2022-06-17,2022-07-08,10:00,12:00,6,내부인력,4,3,Y,Y
경기도군포시치매안심센터,기타,치매를 맞이하는 첫걸음-11,2022-06-15,2022-06-15,15:30,17:00,1,내부인력,1,1,N,Y
경기도군포시치매안심센터,기타,치매를 맞이하는 첫걸음-10(6월 집단교육),2022-06-10,2022-06-10,10:00,12:00,6,내부인력,1,1,Y,Y
경기도군포시치매안심센터,기타,치매를 맞이하는 첫걸음-9,2022-06-07,2022-06-07,13:30,15:00,1,내부인력,1,1,N,N
경기도군포시치매안심센터,기타,치매를 맞이하는 첫걸음-8,2022-06-02,2022-06-02,09:30,11:00,1,내부인력,1,1,N,Y
경기도군포시치매안심센터,기타,치매를 맞이하는 첫걸음-7,2022-05-31,2022-05-31,13:30,15:00,1,내부인력,1,1,N,N
경기도군포시치매안심센터,기타,치매를 맞이하는 첫걸음-6,2022-05-26,2022-05-26,15:30,17:00,1,내부인력,1,1,N,Y
경기도군포시치매안심센터,기타,치매를 맞이하는 첫걸음-5,2022-05-25,2022-05-25,10:30,12:00,2,내부인력,1,1,N,Y
경기도군포시치매안심센터,기타,치매를 맞이하는 첫걸음-4,2022-05-18,2022-05-18,10:30,12:00,1,내부인력,1,1,N,Y
경기도군포시치매안심센터,기타,치매를 맞이하는 첫걸음-3,2022-05-17,2022-05-17,15:00,16:30,1,내부인력,1,1,N,Y
경기도군포시치매안심센터,기타,치매를 맞이하는 첫걸음-2,2022-05-17,2022-05-17,13:30,15:00,1,내부인력,1,1,N,Y
경기도군포시치매안심센터,기타,치매를 맞이하는 첫걸음-1,2022-05-11,2022-05-11,10:40,12:10,1,내부인력,1,1,N,Y
경기도군포시치매안심센터,헤아림,2021년 헤아림 가족교실,2021-11-08,2021-11-29,14:00,16:00,6,내부인력,4,3,N,Y
경기도군포시치매안심센터,기타,숨은마음찾기 프로그램 시범운영(군포시),2021-09-01,2021-09-29,15:00,16:30,5,내부인력,4,3,N,N
경기도군포시치매안심센터,기타,2021년 일상의 회복 시범운영,2021-06-04,2021-06-25,10:00,12:00,7,내부인력,4,3,N,N
경기도군포시치매안심센터,헤아림,2020 방문형 헤아림 가족교실 3기수,2020-10-06,2020-12-03,11:00,12:00,1,내부인력,8,4,N,Y
경기도군포시치매안심센터,헤아림,2020 방문형 헤아림 가족교실 2기수,2020-10-06,2020-11-24,10:00,11:00,1,내부인력,8,4,N,N
경기도군포시치매안심센터,헤아림,2020 방문형 헤아림 가족교실 1기수,2020-09-22,2020-11-10,14:00,17:00,3,내부인력,8,4,N,Y
경기도군포시치매안심센터,헤아림,2019 헤아림 가족교실 오후반 - 4기수,2019-06-11,2019-07-30,14:00,16:00,10,내부인력,8,4,Y,Y
경기도군포시치매안심센터,헤아림,2019 헤아림 가족교실 오전반 - 3기수,2019-06-11,2019-07-30,10:00,12:00,12,내부인력,8,4,Y,Y
경기도군포시치매안심센터,헤아림,2019 헤아림 가족교실 오후반 - 2기수,2019-03-05,2019-04-30,14:00,16:00,10,내부인력,8,4,Y,Y
경기도군포시치매안심센터,헤아림,2019 헤아림 가족교실 오전반 - 1기수,2019-03-05,2019-04-30,10:00,12:00,12,내부인력,8,4,Y,Y
경기도군포시치매안심센터,헤아림,헤아림 가족교실 오후반 - 4기수,2018-08-28,2018-10-30,14:00,16:00,10,내부인력,8,4,Y,Y
경기도군포시치매안심센터,헤아림,헤아림 가족교실 오전반 - 3기수,2018-08-28,2018-10-30,10:00,12:00,10,내부인력,8,4,Y,Y
경기도군포시치매안심센터,헤아림,헤아림 가족교실 오후반 - 2기수,2018-05-21,2018-07-10,14:00,16:00,10,내부인력,8,4,Y,Y
경기도군포시치매안심센터,헤아림,헤아림 가족교실 오전반 - 1기수,2018-05-21,2018-07-10,10:00,12:00,15,내부인력,8,4,Y,Y
경기도김포시치매안심센터,헤아림,헤아림 3기 (2025),2025-08-07,2025-10-02,10:00,12:00,12,내부인력,8,4,Y,N
경기도김포시치매안심센터,헤아림,헤아림 2기(2025),2025-03-06,2025-04-24,13:00,15:00,9,내부인력,8,4,Y,Y
경기도김포시치매안심센터,헤아림,헤아림 1기(2025),2025-03-06,2025-03-27,10:00,12:00,9,내부인력,4,4,Y,Y
경기도김포시치매안심센터,헤아림,헤아림 6기 (2024),2024-10-08,2024-10-29,13:00,15:00,4,내부인력,4,4,Y,Y
경기도김포시치매안심센터,헤아림,헤아림 5기 (2024),2024-08-28,2024-09-11,11:00,15:00,18,내부인력,4,4,Y,Y
경기도김포시치매안심센터,헤아림,헤아림 4기 (2024),2024-08-22,2024-09-12,13:00,15:00,5,내부인력,4,4,Y,Y
경기도김포시치매안심센터,헤아림,헤아림 3기 (2024),2024-08-19,2024-09-09,10:00,12:00,4,내부인력,4,4,Y,Y
경기도김포시치매안심센터,헤아림,헤아림 2기 (2024),2024-04-25,2024-06-20,10:00,12:00,10,내부인력,8,4,Y,Y
경기도김포시치매안심센터,헤아림,헤아림 1기 (2024),2024-02-22,2024-04-11,10:00,12:00,9,내부인력,8,4,Y,Y
경기도김포시치매안심센터,헤아림,헤아림 5기,2023-10-05,2023-10-26,10:00,12:00,11,내부인력,4,4,Y,Y
경기도김포시치매안심센터,헤아림,헤아림 4기,2023-09-18,2023-10-23,10:00,11:30,3,내부인력,4,4,Y,Y
경기도김포시치매안심센터,헤아림,헤아림 3기,2023-08-17,2023-09-07,10:00,12:00,7,내부인력,4,4,Y,Y
경기도김포시치매안심센터,헤아림,헤아림 2기,2023-07-13,2023-08-03,10:00,12:00,12,내부인력,4,4,Y,Y
경기도김포시치매안심센터,기타,치매를 맞이하는 첫걸음,2023-05-31,2023-05-31,13:00,15:00,1,내부인력,1,1,Y,Y
경기도김포시치매안심센터,기타,치매를 맞이하는 첫걸음,2023-05-25,2023-05-25,14:00,16:00,1,내부인력,1,1,Y,Y
경기도김포시치매안심센터,기타,단계별 치매환자 돌봄을 위한 가족프로그램(실험군),2023-05-18,2023-07-06,10:00,11:30,8,내부인력,8,6,Y,Y
경기도김포시치매안심센터,헤아림,헤아림 1기,2023-03-16,2023-05-04,10:00,12:00,7,내부인력,8,4,Y,Y
경기도김포시치매안심센터,기타,치매를 맞이하는 첫걸음 1기,2023-03-09,2023-03-09,10:00,12:00,6,내부인력,1,1,Y,N
경기도김포시치매안심센터,헤아림,헤아림 2기,2022-09-22,2022-11-10,10:00,12:00,8,내부인력,8,4,Y,Y
경기도김포시치매안심센터,기타,치매를 맞이하는 첫걸음 - 2기,2022-09-15,2022-09-15,10:00,12:00,5,내부인력,1,1,Y,N
경기도김포시치매안심센터,기타,치매를 맞이하는 첫걸음,2022-07-07,2022-07-07,10:00,12:00,12,내부인력,1,1,Y,Y
경기도김포시치매안심센터,헤아림,헤아림 1기,2022-07-21,2022-09-08,10:00,12:00,9,내부인력,8,4,Y,Y
경기도김포시치매안심센터,헤아림,헤아림 가족교실,2021-09-14,2021-11-09,13:30,15:30,4,내부인력,8,4,Y,Y
경기도김포시치매안심센터,기타,숨은마음찾기 프로그램 시범운영 (김포시치매안심센터),2021-09-09,2021-09-30,10:00,12:00,8,내부인력,4,3,Y,N
경기도김포시치매안심센터,헤아림,헤아림1기(북부),2020-10-23,2020-12-18,10:00,12:00,4,내부인력,8,4,Y,Y
경기도김포시치매안심센터,헤아림,헤아림1기,2020-08-06,2020-10-29,10:00,12:00,9,내부인력,8,4,Y,Y
경기도김포시치매안심센터,헤아림,헤아림5기(치매안심마을)-오후,2019-10-07,2019-10-28,11:00,15:00,2,내부인력,4,4,Y,Y
경기도김포시치매안심센터,헤아림,헤아림5기(치매안심마을)-오전,2019-10-07,2019-10-28,11:00,15:00,2,내부인력,4,4,Y,Y
경기도김포시치매안심센터,헤아림,헤아림4기,2019-08-29,2019-10-31,10:00,12:00,10,내부인력,8,4,Y,Y
경기도김포시치매안심센터,헤아림,헤아림3기,2019-06-20,2019-08-08,06:20,08:08,9,내부인력,8,4,Y,Y
경기도김포시치매안심센터,헤아림,헤이림2기,2019-04-18,2019-06-13,10:00,12:00,10,내부인력,8,4,Y,Y
경기도김포시치매안심센터,헤아림,헤아림 1기,2019-02-14,2019-04-04,10:00,12:00,10,내부인력,8,4,Y,Y
경기도김포시치매안심센터,헤아림,헤아림 2기,2018-09-06,2018-10-25,10:00,12:00,8,내부인력,8,4,Y,Y
경기도김포시치매안심센터,헤아림,헤아림 1기,2018-06-21,2018-07-26,10:00,12:00,8,내부인력,8,4,Y,Y
경기도남양주시치매안심센터,헤아림,2025년 치매가족교실 헤아림 3기,2025-09-01,2025-09-29,10:00,11:30,13,내부인력,5,1,Y,Y
경기도남양주시치매안심센터,헤아림,2025년 동부 가족교실 헤아림 1기,2025-08-14,2025-09-11,14:00,15:30,13,내부인력,5,1,N,Y
경기도남양주시치매안심센터,헤아림,2025년 치매가족교실 헤아림 2기,2025-05-19,2025-06-16,10:30,12:00,10,내부인력,5,1,N,Y
경기도남양주시치매안심센터,헤아림,2025년 치매가족교실 헤아림 1기,2025-03-10,2025-04-07,10:30,11:50,10,내부인력,5,1,N,Y
경기도남양주시치매안심센터,헤아림,2024년 치매가족교실 헤아림7기,2024-11-22,2024-12-13,14:00,15:00,10,내부인력,4,2,Y,Y
경기도남양주시치매안심센터,헤아림,2024년 찾아가는 치매가족교실 헤아림 6기,2024-11-14,2024-11-19,14:00,16:00,10,내부인력,4,2,N,Y
경기도남양주시치매안심센터,헤아림,2024년 치매가족교실 헤아림 4기,2024-09-23,2024-10-28,14:00,16:00,20,내부인력,6,3,Y,Y
경기도남양주시치매안심센터,헤아림,2024년 치매가족교실 헤아림5기(동부권역),2024-09-05,2024-09-27,13:00,15:00,10,외부인력,5,4,N,N
경기도남양주시치매안심센터,헤아림,2024년 찾아가는 치매가족교실 헤아림 3기,2024-08-13,2024-08-16,18:00,20:00,10,내부인력,6,3,Y,Y
경기도남양주시치매안심센터,헤아림,2024년 치매가족교실 헤아림 2기,2024-06-11,2024-07-02,14:00,16:00,10,내부인력,4,3,Y,Y
경기도남양주시치매안심센터,헤아림,2024년 치매가족교실 헤아림 1기,2024-04-09,2024-05-14,10:00,12:00,10,내부인력,6,4,Y,Y
경기도남양주시치매안심센터,헤아림,2023년 치매가족교실 헤아림 4기,2023-09-04,2023-10-23,13:30,15:30,11,내부인력,6,4,Y,Y
경기도남양주시치매안심센터,헤아림,2023년 치매가족교실 헤아림 3기(동부권역),2023-08-10,2023-09-14,10:00,11:00,11,내부인력,6,4,N,Y
경기도남양주시치매안심센터,헤아림,2023년 치매가족교실 헤아림 2기,2023-07-03,2023-08-07,09:30,11:30,16,내부인력,6,4,N,Y
경기도남양주시치매안심센터,헤아림,2023년 치매가족교실 헤아림 1기,2023-03-09,2023-04-06,09:00,12:00,15,내부인력,5,3,Y,Y
경기도남양주시치매안심센터,기타,치매를 맞이하는  첫걸음,2022-10-06,2022-10-06,10:00,12:00,20,내부인력,1,1,N,Y
경기도남양주시치매안심센터,헤아림,2022 헤아림 가족교실,2022-09-06,2022-10-25,10:00,12:00,15,내부인력,8,4,Y,N
경기도남양주시치매안심센터,기타,숨은마음찾기,2021-09-29,2021-10-20,14:00,16:00,4,내부인력,4,3,N,Y
경기도남양주시치매안심센터,헤아림,남양주보건소 치매안심센터 2021년 헤아림 1기,2020-01-14,2021-07-13,15:00,17:00,5,내부인력,8,4,N,Y
경기도남양주시치매안심센터,헤아림,남양주보건소 치매안심센터 2020년 헤아림2기,2020-01-16,2020-01-31,14:00,16:00,10,내부인력,3,4,N,N
경기도남양주시치매안심센터,헤아림,남양주보건소 치매안심센터 2020년 헤아림1기,2020-01-14,2020-01-31,09:30,11:30,10,내부인력,3,4,N,N
경기도남양주시치매안심센터,헤아림,남양주보건소 치매안심센터 2019년 헤아림 7기,2019-10-31,2019-12-19,14:00,16:00,10,내부인력,8,4,Y,Y
경기도남양주시치매안심센터,헤아림,남양주보건소 동부치매안심센터 2019년 헤아림,2019-09-04,2019-10-30,14:00,16:00,10,내부인력,8,4,Y,Y
경기도남양주시치매안심센터,헤아림,남양주보건소 치매안심센터 2019년 헤아림 6기,2019-08-02,2019-10-11,13:00,15:00,10,내부인력,8,4,Y,N
경기도남양주시치매안심센터,헤아림,남양주보건소 치매안심센터 2019년 헤아림 5기,2019-08-05,2019-09-30,14:00,16:00,10,내부인력,8,4,Y,Y
경기도남양주시치매안심센터,헤아림,남양주보건소 치매안심센터 2019년 헤아림 4기,2019-04-18,2019-06-13,14:00,16:00,10,내부인력,8,4,Y,Y
경기도남양주시치매안심센터,헤아림,남양주보건소 치매안심센터 2019년 헤아림 3기,2019-04-15,2019-06-13,14:30,16:30,10,내부인력,8,4,Y,Y
경기도남양주시치매안심센터,헤아림,남양주보건소 치매안심센터 2019년 헤아림 2기,2019-01-30,2019-03-27,14:00,16:00,10,내부인력,8,4,Y,Y
경기도남양주시치매안심센터,헤아림,남양주보건소 치매안심센터 2019년 헤아림 1기,2019-02-01,2019-04-05,14:00,16:00,10,내부인력,8,4,Y,Y
경기도남양주시치매안심센터,헤아림,남양주보건소 치매안심센터 가족교실 헤아림 2기,2018-06-14,2018-08-23,10:00,12:00,10,내부인력,11,4,Y,Y
경기도남양주시치매안심센터,헤아림,남양주보건소 치매안심센터 가족교실 헤아림 1기,2018-04-19,2018-06-07,14:00,16:00,10,내부인력,8,4,Y,Y
경기도남양주시풍양치매안심센터,일상의 회복,2025년 하반기 『일상의 회복 2기』,2025-09-08,2025-09-18,15:00,17:00,8,내부인력,4,1,N,Y
경기도남양주시풍양치매안심센터,헤아림,2025년 하반기 『헤아림  2기』,2025-08-25,2025-09-18,13:00,15:00,9,내부인력,8,2,N,Y
경기도남양주시풍양치매안심센터,일상의 회복,2025년 가족교실 일상의 회복(1기),2025-03-10,2025-03-31,15:00,17:00,10,내부인력,4,1,Y,Y
경기도남양주시풍양치매안심센터,헤아림,2025년 가족교실 헤아림(1기),2025-03-10,2025-03-31,13:00,16:00,11,내부인력,8,1,Y,Y
경기도남양주시풍양치매안심센터,기타,2024년 숨은마음찾기,2024-11-14,2024-12-05,14:00,16:00,12,내부인력,4,1,N,Y
경기도남양주시풍양치매안심센터,일상의 회복,2024년 일상의 회복 2기(10월의 멋진날),2024-10-17,2024-11-07,14:00,16:00,12,내부인력,4,1,N,Y
경기도남양주시풍양치매안심센터,일상의 회복,2024년 일상의 회복 1기,2024-06-24,2024-07-04,13:30,15:30,11,내부인력,4,1,N,Y
경기도남양주시풍양치매안심센터,헤아림,2024년 헤아림(2기),2024-04-18,2024-06-13,13:30,15:30,11,내부인력,8,1,Y,Y
경기도남양주시풍양치매안심센터,헤아림,2024년 헤아림(1기),2024-03-07,2024-03-28,13:00,16:00,15,내부인력,8,1,Y,Y
경기도남양주시풍양치매안심센터,기타,2023년 치매를 맞이하는 첫걸음(1기)-수정,2023-04-24,2023-04-24,14:00,16:00,23,내부인력,1,1,Y,Y
경기도남양주시풍양치매안심센터,기타,2023년 치매를 맞이하는 첫걸음(4기),2023-11-23,2023-11-23,13:00,15:00,15,내부인력,1,1,Y,Y
경기도남양주시풍양치매안심센터,기타,2023년 치매를 맞이하는 첫걸음(3기),2023-11-09,2023-11-09,14:00,16:00,15,내부인력,1,1,Y,Y
경기도남양주시풍양치매안심센터,기타,2023년 치매를 맞이하는 첫걸음(2기),2023-10-24,2023-10-24,14:00,16:00,10,내부인력,1,1,Y,Y
경기도남양주시풍양치매안심센터,헤아림,2023년 헤아림(2기),2023-09-07,2023-09-19,13:00,16:00,7,내부인력,4,4,Y,Y
경기도남양주시풍양치매안심센터,기타,2023년 숨은마음 찾기(2기),2023-07-18,2023-07-26,13:30,15:30,11,내부인력,4,4,Y,Y
경기도남양주시풍양치매안심센터,기타,2023년 숨은마음 찾기(1기),2023-05-22,2023-06-19,14:00,16:00,8,내부인력,4,3,N,N
경기도남양주시풍양치매안심센터,기타,2023년 치매를 맞이하는 첫걸음(1기),2023-04-24,2023-04-24,14:00,16:00,23,내부인력,1,1,Y,Y
경기도남양주시풍양치매안심센터,헤아림,2023년 헤아림(1기),2023-04-13,2023-06-01,14:00,16:00,8,내부인력,8,5,N,Y
경기도남양주시풍양치매안심센터,기타,치매를 맞이하는 첫걸음,2022-11-22,2022-11-22,10:00,11:00,21,내부인력,1,1,Y,N
경기도남양주시풍양치매안심센터,기타,치매를 맞이하는 첫걸음 교육,2022-07-12,2022-07-12,10:00,11:30,19,내부인력,1,1,Y,Y
경기도남양주시풍양치매안심센터,기타,숨은마음찾기,2021-09-15,2021-10-13,14:00,16:00,4,내부인력,4,3,N,N
경기도남양주시풍양치매안심센터,헤아림,2019 헤아림 3기,2019-07-02,2019-08-20,14:00,16:00,10,내부인력,8,4,Y,Y
경기도남양주시풍양치매안심센터,헤아림,2019 헤아림 2기,2019-05-10,2019-06-28,14:00,16:00,10,내부인력,8,4,Y,Y
경기도남양주시풍양치매안심센터,헤아림,2019 헤아림 1기,2019-02-14,2019-04-04,13:00,15:00,10,내부인력,8,5,Y,Y
경기도남양주시풍양치매안심센터,헤아림,헤아림2,2018-10-01,2018-10-29,10:00,12:00,6,내부인력,8,5,Y,Y
경기도남양주시풍양치매안심센터,헤아림,헤아림,2018-08-31,2018-10-19,10:00,12:00,10,내부인력,8,5,Y,Y
경기도동두천시치매안심센터,헤아림,2025년 헤아림 가족교실 3기,2025-09-01,2025-09-23,14:00,16:00,7,내부인력,8,4,N,Y
경기도동두천시치매안심센터,헤아림,2025년 헤아림 가족교실 2기,2025-06-10,2025-07-29,14:00,16:00,9,내부인력,8,4,N,Y
경기도동두천시치매안심센터,헤아림,2025년 헤아림 가족교실 1기,2025-04-01,2025-05-27,14:00,16:00,8,내부인력,8,4,Y,Y
경기도동두천시치매안심센터,헤아림,2024년 헤아림 가족교실 3기,2024-09-06,2024-09-27,14:00,15:30,8,내부인력,8,4,N,Y
경기도동두천시치매안심센터,헤아림,2024년 헤아림 가족교실 2기,2024-07-09,2024-07-30,14:00,15:30,9,내부인력,8,4,N,Y
경기도동두천시치매안심센터,헤아림,2024년 헤아림 가족교실 1기,2024-04-02,2024-04-23,14:00,15:30,8,내부인력,8,1,Y,N
경기도동두천시치매안심센터,헤아림,2023년 헤아림 가족교실 3기,2023-08-08,2023-08-29,14:00,15:30,6,내부인력,8,4,Y,Y
경기도동두천시치매안심센터,헤아림,2023년 헤아림 가족교실 2기,2023-06-05,2023-06-27,14:00,15:30,8,내부인력,8,4,Y,Y
경기도동두천시치매안심센터,헤아림,2023년 헤아림 가족교실 1기,2023-04-04,2023-04-25,14:00,15:30,8,내부인력,8,4,Y,N
경기도동두천시치매안심센터,헤아림,2022년 헤아림 가족교실 3기,2022-09-06,2022-09-30,00:00,00:00,8,내부인력,8,4,Y,N
경기도동두천시치매안심센터,헤아림,2022년 헤아림 가족교실 2기,2022-07-05,2022-07-29,00:00,00:00,8,내부인력,8,4,N,N
경기도동두천시치매안심센터,헤아림,2022년 헤아림 가족교실(비대면) 1기,2022-05-11,2022-06-03,10:00,11:00,10,내부인력,8,4,N,N
경기도동두천시치매안심센터,헤아림,2021년 헤아림 가족교실(2기:비대면),2021-08-09,2021-09-30,00:00,00:00,10,내부인력,8,4,N,N
경기도동두천시치매안심센터,헤아림,2021년 헤아림 가족교실(1기:비대면),2021-04-05,2021-05-28,17:00,18:00,9,내부인력,8,4,N,Y
경기도동두천시치매안심센터,헤아림,헤아림 가족교실 5기,2019-10-01,2019-11-19,13:00,15:00,8,내부인력,8,4,Y,N
경기도동두천시치매안심센터,헤아림,헤아림 가족교실 4기,2019-07-30,2019-09-17,13:00,15:00,4,내부인력,8,4,Y,N
경기도동두천시치매안심센터,헤아림,헤아림 가족교실 3기,2019-05-14,2019-07-02,14:00,16:00,4,내부인력,8,4,Y,Y
경기도동두천시치매안심센터,헤아림,헤아림 가족교실 2기,2019-03-12,2019-04-30,14:00,15:00,8,내부인력,8,4,Y,Y
경기도동두천시치매안심센터,헤아림,헤아림 가족교실 1기,2019-01-08,2019-03-05,14:00,16:00,10,내부인력,8,6,Y,N
경기도동두천시치매안심센터,헤아림,헤아림 가족교실 2기,2018-07-31,2018-09-18,14:00,16:00,10,내부인력,8,5,Y,N
경기도동두천시치매안심센터,헤아림,헤아림 가족교실 1기,2018-04-13,2018-06-08,14:00,16:00,8,내부인력,8,6,Y,Y
경기도부천시원미치매안심센터,헤아림,2025년 헤아림 가족교실 4기,2025-10-14,2025-12-02,13:00,15:00,15,내부인력,8,4,Y,Y
경기도부천시원미치매안심센터,헤아림,2025년 헤아림 가족교실 3기,2025-08-12,2025-09-30,13:00,15:00,15,내부인력,8,4,Y,Y
경기도부천시원미치매안심센터,일상의 회복,(심층과정) 2025년 일상의 회복 가족 교실,2025-07-01,2025-07-22,13:00,15:00,10,내부인력,4,4,Y,Y
경기도부천시원미치매안심센터,헤아림,2025년 헤아림 가족교실 2기,2025-04-15,2025-06-17,13:00,15:00,15,내부인력,10,4,Y,Y
경기도부천시원미치매안심센터,헤아림,2025년 헤아림 가족교실 1기,2025-02-18,2025-04-08,13:00,15:00,12,내부인력,8,4,Y,Y
경기도부천시원미치매안심센터,헤아림,2024년 헤아림 가족교실 4기,2024-11-12,2024-12-03,13:20,16:00,10,내부인력,4,4,N,Y
경기도부천시원미치매안심센터,헤아림,2024년 헤아림 가족교실 3기,2024-08-20,2024-10-23,13:30,15:30,15,내부인력,8,4,N,Y
경기도부천시원미치매안심센터,가치돌봄(집중),2024년 야간 치매가족교실 <가치돌봄>,2024-08-08,2024-09-26,18:30,21:10,10,내부인력,4,4,N,Y
경기도부천시원미치매안심센터,헤아림,2024년 헤아림 가족교실 2기,2024-05-06,2024-06-28,13:30,15:30,20,내부인력,8,4,N,Y
경기도부천시원미치매안심센터,기타,2024년 치매가족교실 <치매를 맞이하는 첫걸음>  4월,2024-04-01,2024-04-30,14:00,15:00,5,내부인력,1,1,N,N
경기도부천시원미치매안심센터,기타,2024년 치매가족교실 <치매를 맞이하는 첫걸음>  3월,2024-03-01,2024-03-31,14:00,15:00,5,내부인력,2,1,N,N
경기도부천시원미치매안심센터,헤아림,2024년 헤아림 가족교실 1기,2024-02-20,2024-04-12,13:30,15:30,15,내부인력,8,4,N,Y
경기도부천시원미치매안심센터,기타,2023년 치매가족교실 <치매를 맞이하는 첫걸음> 10월,2023-10-01,2023-10-31,14:00,15:00,5,내부인력,1,1,N,N
경기도부천시원미치매안심센터,기타,2023년 치매가족교실 <치매를 맞이하는 첫걸음> 9월,2023-09-01,2023-09-30,14:00,15:00,5,내부인력,1,1,N,N
경기도부천시원미치매안심센터,헤아림,2023년 헤아림 가족교실 2기,2023-08-29,2023-10-24,13:30,15:30,15,내부인력,8,4,N,Y
경기도부천시원미치매안심센터,기타,2023년 치매가족교실 <치매를 맞이하는 첫걸음> 8월,2023-08-01,2023-08-31,14:00,15:00,5,내부인력,1,1,N,N
경기도부천시원미치매안심센터,기타,2023년 치매가족교실 <치매를 맞이하는 첫걸음> 7월,2023-07-01,2023-07-31,13:00,15:00,5,내부인력,1,1,N,Y
경기도부천시원미치매안심센터,기타,2023년 치매가족교실 <치매를 맞이하는 첫걸음> 6월,2023-06-01,2023-06-30,13:00,15:00,5,내부인력,1,1,Y,N
경기도부천시원미치매안심센터,기타,2023년 단계별 치매환자 돌봄을 위한 가족프로그램 <가치돌봄>-실험군,2023-05-17,2023-07-05,14:00,15:30,6,내부인력,8,6,N,Y
경기도부천시원미치매안심센터,기타,2023년 치매가족교실 <치매를 맞이하는 첫걸음> 5월,2023-05-01,2023-05-31,13:00,15:00,5,내부인력,1,1,N,Y
경기도부천시원미치매안심센터,기타,2023년 치매가족교실 <치매를 맞이하는 첫걸음> 4월,2023-04-26,2023-04-26,14:00,16:00,5,내부인력,1,1,N,Y
경기도부천시원미치매안심센터,헤아림,2023년 헤아림 가족교실 1기,2023-02-21,2023-04-11,13:30,15:30,9,내부인력,8,4,N,Y
경기도부천시원미치매안심센터,기타,2022년 치매가족교실「숨은 마음 찾기」,2022-11-01,2022-11-29,13:30,15:30,8,내부인력,5,1,Y,Y
경기도부천시원미치매안심센터,헤아림,2022년 치매가족교실 「헤아림」,2022-09-01,2022-10-31,13:30,15:30,8,내부인력,8,1,Y,Y
경기도부천시원미치매안심센터,기타,2022년 치매가족교실「치매를 맞이하는 첫걸음」,2022-07-14,2022-07-14,13:30,15:30,8,내부인력,1,1,Y,Y
경기도부천시원미치매안심센터,헤아림,헤아림 가족교실 3기,2019-08-05,2019-09-30,09:00,11:00,20,내부인력,8,4,Y,Y
경기도부천시원미치매안심센터,헤아림,헤아림 가족교실 2기,2019-05-20,2019-07-29,09:00,11:00,20,내부인력,8,4,Y,Y
경기도부천시원미치매안심센터,헤아림,헤아림 가족교실 1기,2019-03-20,2019-05-15,09:00,11:00,20,내부인력,8,4,Y,Y
경기도성남시분당구치매안심센터,헤아림,가족교실 8기(2025년)-헤아림,2025-09-03,2025-10-01,13:30,15:00,7,내부인력,5,1,Y,Y
경기도성남시분당구치매안심센터,헤아림,가족교실7기(2025년)-헤아림,2025-08-26,2025-09-16,09:30,11:00,10,내부인력,4,1,Y,Y
경기도성남시분당구치매안심센터,가치돌봄(기본),가족교실 6기(2025년)-가치돌봄,2025-07-08,2025-07-29,10:00,11:30,10,내부인력,4,1,Y,Y
경기도성남시분당구치매안심센터,헤아림,가족교실5기(2025년)-헤아림,2025-05-21,2025-06-18,13:30,15:00,10,내부인력,4,1,Y,Y
경기도성남시분당구치매안심센터,헤아림,가족교실4기(2025년)-헤아림,2025-05-15,2025-06-05,09:40,11:10,10,내부인력,4,1,Y,Y
경기도성남시분당구치매안심센터,가치돌봄(기본),가족교실 3기(2025년)- 가치돌봄,2025-04-18,2025-04-28,13:30,15:00,10,내부인력,4,1,Y,Y
경기도성남시분당구치매안심센터,헤아림,가족교실2기(2025년)-헤아림,2025-03-06,2025-03-27,09:30,11:00,8,내부인력,4,2,Y,Y
경기도성남시분당구치매안심센터,헤아림,가족교실1기(2025년)-헤아림,2025-02-26,2025-03-19,13:30,15:00,10,내부인력,4,2,Y,Y
경기도성남시분당구치매안심센터,헤아림,헤아림7기(2024년),2024-10-30,2024-11-20,14:00,15:30,12,내부인력,4,2,Y,Y
경기도성남시분당구치매안심센터,헤아림,헤아림6기(2024년),2024-09-19,2024-10-17,10:00,11:30,10,내부인력,4,2,Y,Y
경기도성남시분당구치매안심센터,헤아림,헤아림5기(2024년),2024-08-07,2024-09-04,14:00,15:30,13,내부인력,5,2,Y,Y
경기도성남시분당구치매안심센터,헤아림,헤아림4기(2024년)_한솔주간보호센터,2024-07-03,2024-07-24,10:00,11:30,10,내부인력,4,2,Y,Y
경기도성남시분당구치매안심센터,헤아림,헤아림3기(2024년),2024-05-13,2024-06-03,14:00,15:30,12,내부인력,4,2,Y,Y
경기도성남시분당구치매안심센터,헤아림,헤아림2기(2024년),2024-03-13,2024-04-03,10:00,11:30,6,내부인력,4,2,Y,Y
경기도성남시분당구치매안심센터,헤아림,헤아림1기(2024년),2024-02-07,2024-02-28,13:30,15:00,10,내부인력,4,2,Y,Y
경기도성남시분당구치매안심센터,기타,치매를 맞이하는 첫걸음3기(가족교실10기),2023-11-14,2023-11-14,13:30,16:00,8,내부인력,1,1,N,Y
경기도성남시분당구치매안심센터,헤아림,헤아림 7기(2023년),2023-10-05,2023-10-26,10:00,11:30,5,내부인력,4,2,Y,Y
경기도성남시분당구치매안심센터,헤아림,헤아림 6기(2023년),2023-08-30,2023-09-20,10:00,11:30,10,내부인력,4,2,Y,Y
경기도성남시분당구치매안심센터,헤아림,헤아림5기(2023년),2023-07-18,2023-08-08,10:00,11:30,10,내부인력,4,2,Y,Y
경기도성남시분당구치매안심센터,헤아림,헤아림4기(2023년),2023-07-13,2023-08-03,10:00,11:30,10,내부인력,4,2,Y,Y
경기도성남시분당구치매안심센터,기타,치매를 맞이하는 첫걸음2기(가족교실5기)- 한솔주간보호센터,2023-06-19,2023-06-19,10:00,11:30,15,내부인력,1,1,N,Y
경기도성남시분당구치매안심센터,기타,치매를 맞이하는 첫걸음1기(가족교실4기),2023-04-24,2023-04-24,15:00,16:30,5,내부인력,1,1,N,Y
경기도성남시분당구치매안심센터,헤아림,헤아림 3기(2023년),2023-04-20,2023-05-11,10:00,12:00,8,내부인력,4,2,Y,Y
경기도성남시분당구치매안심센터,헤아림,헤아림2기(2023),2023-02-23,2023-03-16,14:00,15:40,8,내부인력,4,2,Y,Y
경기도성남시분당구치매안심센터,헤아림,헤아림1기(2023),2023-02-23,2023-03-16,10:00,11:40,8,내부인력,4,2,N,Y
경기도성남시분당구치매안심센터,기타,치매를 맞이하는 첫걸음5기(하얀마을 복지회관 주야간보호센터),2022-12-19,2022-12-19,10:30,12:00,6,내부인력,1,1,N,N
경기도성남시분당구치매안심센터,기타,치매를 맞이하는 첫걸음4기(성남독거노인종합지원센터),2022-12-08,2022-12-08,10:00,11:30,8,내부인력,1,1,N,Y
경기도성남시분당구치매안심센터,기타,치매를 맞이하는 첫걸음3기,2022-09-20,2022-09-20,09:30,11:30,7,내부인력,1,1,N,Y
경기도성남시분당구치매안심센터,기타,치매를 맞이하는 첫걸음2기(분당노인주간보호센터),2022-06-30,2022-06-30,10:00,11:30,7,내부인력,1,1,N,Y
경기도성남시분당구치매안심센터,기타,치매를 맞이하는 첫걸음 1기,2022-06-28,2022-06-28,09:30,11:30,10,내부인력,1,1,Y,Y
경기도성남시분당구치매안심센터,헤아림,헤아림4기(2022년),2022-05-03,2022-05-25,13:30,15:00,4,내부인력,4,2,Y,Y
경기도성남시분당구치매안심센터,헤아림,헤아림3기(2022년),2022-05-03,2022-05-26,10:00,11:30,8,내부인력,4,2,Y,Y
경기도성남시분당구치매안심센터,헤아림,헤아림2기(2022년),2022-01-18,2022-02-17,13:30,15:00,7,내부인력,4,2,N,Y
경기도성남시분당구치매안심센터,헤아림,헤아림1기(2022년),2022-01-18,2022-02-16,10:30,12:00,5,내부인력,4,2,Y,Y
경기도성남시분당구치매안심센터,헤아림,헤아림7기(2021년),2021-11-02,2021-11-23,13:30,15:00,2,내부인력,4,2,Y,Y
경기도성남시분당구치매안심센터,헤아림,헤아림 6기(2021년),2021-11-02,2021-11-23,10:00,12:00,7,내부인력,4,2,N,Y
경기도성남시분당구치매안심센터,헤아림,헤아림5기(2021년),2021-09-07,2021-10-05,13:30,15:00,4,내부인력,4,2,Y,Y
경기도성남시분당구치매안심센터,기타,숨은마음찾기 프로그램 시범운영(성남시 분당구),2021-09-09,2021-09-30,10:00,12:00,4,내부인력,4,3,N,Y
경기도성남시분당구치매안심센터,헤아림,헤아림 4기(2021년),2021-09-07,2021-10-05,00:00,00:00,4,내부인력,4,2,Y,Y
경기도성남시분당구치매안심센터,헤아림,헤아림 3기(2021년),2021-06-15,2021-07-13,10:00,12:00,5,내부인력,4,2,Y,Y
경기도성남시분당구치매안심센터,헤아림,헤아림 2기(2021년),2021-05-04,2021-05-25,13:30,15:00,3,내부인력,4,2,Y,Y
경기도성남시분당구치매안심센터,헤아림,헤아림 1기(2021년),2021-03-17,2021-04-07,10:00,12:00,4,내부인력,4,2,Y,Y
경기도성남시분당구치매안심센터,헤아림,헤아림 2기(2020년),2020-01-15,2020-02-05,10:00,12:00,10,내부인력,4,4,Y,N
경기도성남시분당구치매안심센터,헤아림,헤아림 1기(2020년),2020-01-14,2020-02-04,10:00,12:00,10,내부인력,4,4,Y,N
경기도성남시분당구치매안심센터,헤아림,헤아림10기(2019년),2019-08-14,2019-09-18,10:00,12:00,8,내부인력,6,4,Y,N
경기도성남시분당구치매안심센터,헤아림,헤아림9기(2019년),2019-06-13,2019-08-01,14:00,16:00,8,내부인력,8,6,Y,Y
경기도성남시분당구치매안심센터,헤아림,헤아림8기(2019년),2019-06-12,2019-07-31,10:00,12:00,8,내부인력,8,6,Y,Y
경기도성남시분당구치매안심센터,헤아림,헤아림7기(2019년),2019-05-08,2019-05-27,13:00,16:00,8,내부인력,8,6,Y,Y
경기도성남시분당구치매안심센터,헤아림,헤아림 6기(2019년),2019-05-07,2019-05-28,13:30,16:30,14,내부인력,8,4,Y,Y
경기도성남시분당구치매안심센터,헤아림,헤아림5기(2019년),2019-04-30,2019-05-21,09:00,12:00,8,내부인력,8,4,Y,Y
경기도성남시분당구치매안심센터,헤아림,헤아림 4기(2019년),2019-04-04,2019-04-25,10:00,13:00,10,내부인력,8,4,Y,Y
경기도성남시분당구치매안심센터,헤아림,헤아림3기(2019년),2019-03-19,2019-04-09,13:30,16:30,10,내부인력,8,4,Y,Y
경기도성남시분당구치매안심센터,헤아림,헤아림2기(2019년),2019-01-22,2019-02-19,13:30,16:30,4,내부인력,8,4,Y,Y
경기도성남시분당구치매안심센터,헤아림,헤아림1기(2019년),2019-01-22,2019-02-19,09:00,12:00,6,내부인력,8,4,Y,Y
경기도성남시분당구치매안심센터,헤아림,헤아림 2기(2018),2018-10-23,2018-11-15,14:00,16:00,5,내부인력,8,5,Y,Y
경기도성남시분당구치매안심센터,헤아림,헤아림 1기(2018),2018-08-28,2018-09-20,10:00,11:30,6,내부인력,8,5,Y,Y
경기도성남시수정구치매안심센터,가치돌봄(기본),2025가치돌봄,2025-11-04,2025-11-25,09:30,11:30,8,내부인력,4,4,Y,N
경기도성남시수정구치매안심센터,헤아림,2025헤아림3기,2025-09-02,2025-11-03,09:30,11:30,9,내부인력,9,4,Y,N
경기도성남시수정구치매안심센터,헤아림,2025헤아림2기,2025-05-21,2025-06-04,09:30,11:30,7,외부인력,4,4,Y,Y
경기도성남시수정구치매안심센터,헤아림,2025헤아림1기,2025-03-07,2025-03-28,13:30,15:30,8,내부인력,4,4,Y,N
경기도성남시수정구치매안심센터,가치돌봄(선택),2024가치돌봄,2024-10-17,2024-11-07,13:30,15:30,6,내부인력,4,4,Y,Y
경기도성남시수정구치매안심센터,헤아림,2024헤아림3기,2024-08-22,2024-11-08,09:30,11:30,7,내부인력,4,4,Y,N
경기도성남시수정구치매안심센터,헤아림,2024헤아림2기,2024-04-25,2024-05-23,09:30,11:30,7,내부인력,5,4,Y,Y
경기도성남시수정구치매안심센터,헤아림,2024헤아림1기,2024-02-29,2024-03-21,09:30,11:30,8,내부인력,4,4,Y,Y
경기도성남시수정구치매안심센터,헤아림,2023헤아림3기,2023-10-05,2023-10-12,13:00,15:40,5,내부인력,4,4,Y,Y
경기도성남시수정구치매안심센터,헤아림,2023헤아림2기,2023-09-13,2023-09-20,09:00,11:40,10,내부인력,4,4,Y,Y
경기도성남시수정구치매안심센터,헤아림,2023헤아림1기,2023-08-24,2023-09-01,13:00,15:40,10,내부인력,4,4,Y,Y
경기도성남시수정구치매안심센터,기타,치매를 맞이하는 첫걸음,2023-05-23,2023-05-23,13:00,15:00,11,내부인력,1,1,Y,Y
경기도성남시수정구치매안심센터,기타,치매를 맞이하는 첫걸음,2023-03-22,2023-03-22,09:00,11:00,12,내부인력,1,1,Y,Y
경기도성남시수정구치매안심센터,헤아림,2022헤아림A,2022-07-12,2022-07-21,09:00,12:00,10,내부인력,8,4,Y,Y
경기도성남시수정구치매안심센터,기타,치매를 맞이하는 첫걸음,2022-05-25,2022-05-25,13:00,15:00,6,내부인력,1,1,Y,Y
경기도성남시수정구치매안심센터,기타,치매를 맞이하는 첫걸음,2022-05-19,2022-05-19,10:00,12:00,7,내부인력,1,1,Y,Y
경기도성남시수정구치매안심센터,기타,치매를 맞이하는 첫걸음,2022-05-17,2022-05-17,10:00,12:00,5,내부인력,1,1,Y,Y
경기도성남시수정구치매안심센터,한국치매협회 치매가족지지프로그램,2019치매길벗잡이1기,2019-07-23,2019-08-27,10:00,11:30,12,외부인력,6,3,Y,Y
경기도성남시수정구치매안심센터,헤아림,2019헤아림2기,2019-05-21,2019-06-18,10:00,12:00,8,내부인력,8,4,Y,Y
경기도성남시수정구치매안심센터,헤아림,2019헤아림1기,2019-03-12,2019-05-07,10:00,12:00,10,내부인력,8,4,Y,Y
경기도성남시수정구치매안심센터,헤아림,2018헤아림B,2018-07-25,2018-09-19,10:00,12:00,10,내부인력,8,4,Y,Y
경기도성남시수정구치매안심센터,헤아림,2018헤아림A,2018-07-24,2018-09-11,10:00,12:00,9,내부인력,8,4,Y,Y
경기도성남시중원구치매안심센터,가치돌봄(기본),2025년 가족교실 2기 (가치돌봄),2025-07-24,2025-10-23,14:00,16:00,13,내부인력,7,4,N,Y
경기도성남시중원구치매안심센터,헤아림,2025년 가족교실 1기(헤아림),2025-02-06,2025-05-22,14:00,16:00,13,내부인력,8,4,N,Y
경기도성남시중원구치매안심센터,가치돌봄(집중),2024년 가족교실 2기 (가치돌봄),2024-07-25,2024-11-07,14:00,15:30,15,내부인력,8,1,N,Y
경기도성남시중원구치매안심센터,헤아림,2024년 가족교실 1기 (헤아림),2024-02-15,2024-05-23,14:00,16:00,7,내부인력,8,1,N,Y
경기도성남시중원구치매안심센터,기타,2023년 가족교실 3기(숨은마음찾기),2023-11-09,2023-11-30,14:00,16:00,7,내부인력,4,1,N,Y
경기도성남시중원구치매안심센터,기타,단계별 치매환자 돌봄을 위한 가족프로그램(실험군),2023-06-08,2023-07-27,14:00,16:00,7,내부인력,8,6,N,Y
경기도성남시중원구치매안심센터,헤아림,2023년 가족교실 헤아림 1기,2023-01-27,2023-05-04,14:00,16:00,10,내부인력,8,1,N,Y
경기도성남시중원구치매안심센터,기타,2022년 가족교실 숨은마음찾기,2022-10-21,2022-12-09,14:00,16:00,10,내부인력,4,1,Y,Y
경기도성남시중원구치매안심센터,헤아림,2022년 가족교실 헤아림 1기,2022-05-20,2022-08-26,14:00,16:00,7,내부인력,8,7,N,Y
경기도성남시중원구치매안심센터,기타,2021년 일상의 회복 시범운영,2021-05-14,2021-07-02,10:00,12:00,5,내부인력,4,3,N,N
경기도성남시중원구치매안심센터,헤아림,2021년 가족교실 헤아림 1기,2021-03-05,2021-04-30,10:00,12:00,5,내부인력,4,3,N,Y
경기도성남시중원구치매안심센터,한국치매협회 치매가족지지프로그램,2019년 길벗잡이 2기,2019-05-21,2019-10-31,14:00,16:00,8,외부인력,8,4,Y,N
경기도성남시중원구치매안심센터,한국치매협회 치매가족지지프로그램,2019년 길벗잡이 1기,2019-05-07,2019-10-31,14:00,16:00,8,외부인력,6,4,Y,Y
경기도성남시중원구치매안심센터,헤아림,2019년 가족교실 1기,2019-03-12,2019-06-27,14:00,16:00,8,내부인력,8,4,Y,N
경기도성남시중원구치매안심센터,헤아림,2018년 가족교실 2기,2018-08-07,2018-11-20,14:00,16:00,10,내부인력,8,4,Y,Y
경기도성남시중원구치매안심센터,헤아림,2018년 가족교실 1기,2018-03-06,2018-06-19,14:00,16:00,8,내부인력,8,1,Y,Y
경기도수원시권선구치매안심센터,헤아림,2025년도 헤아림 3기,2025-09-16,2025-11-18,09:30,11:30,12,내부인력,8,4,Y,N
경기도수원시권선구치매안심센터,일상의 회복,2025년도 일상의 회복 2기,2025-08-19,2025-09-09,09:30,11:30,12,내부인력,4,2,Y,Y
경기도수원시권선구치매안심센터,헤아림,2025년도 헤아림 2기,2025-05-13,2025-07-10,00:00,00:00,14,내부인력,8,2,N,Y
경기도수원시권선구치매안심센터,일상의 회복,2025년도 일상의 회복 1기,2025-04-08,2025-04-29,09:30,11:30,12,내부인력,4,1,N,Y
경기도수원시권선구치매안심센터,헤아림,2025년도 헤아림 1기,2025-02-13,2025-04-03,09:30,11:30,14,내부인력,8,2,N,Y
경기도수원시권선구치매안심센터,헤아림,2024년 헤아림 가족교실 5기,2024-10-17,2024-12-03,09:30,11:30,6,내부인력,6,2,N,Y
경기도수원시권선구치매안심센터,헤아림,2024년 헤아림 가족교실 4기[오전반],2024-07-18,2024-09-26,09:00,12:00,12,내부인력,7,2,N,Y
경기도수원시권선구치매안심센터,헤아림,2024년 헤아림 가족교실 3기[오후반],2024-07-17,2024-09-25,13:30,15:30,12,내부인력,7,2,N,Y
경기도수원시권선구치매안심센터,일상의 회복,2024년 일상의 회복 2기,2024-04-18,2024-06-20,09:30,11:30,12,내부인력,4,1,N,Y
경기도수원시권선구치매안심센터,일상의 회복,2024년 일상의 회복 1기,2024-04-17,2024-06-19,13:30,15:30,12,내부인력,4,1,N,Y
경기도수원시권선구치매안심센터,헤아림,2024년 헤아림 가족교실 2기,2024-01-25,2024-03-21,09:30,11:30,12,내부인력,8,2,N,Y
경기도수원시권선구치매안심센터,헤아림,2024년 헤아림 가족교실 1기,2024-01-24,2024-03-20,13:30,15:30,12,내부인력,8,2,N,Y
경기도수원시권선구치매안심센터,기타,2023 숨은 마음 찾기,2023-09-21,2023-11-02,09:30,11:30,10,내부인력,4,3,Y,Y
경기도수원시권선구치매안심센터,기타,2023 숨은 마음 찾기 (오후),2023-09-20,2023-11-01,13:30,15:30,10,내부인력,4,3,Y,Y
경기도수원시권선구치매안심센터,기타,단계별 치매환자 돌봄을 위한 가족프로그램(실험군),2023-06-14,2023-08-02,13:30,15:30,10,내부인력,8,6,Y,Y
경기도수원시권선구치매안심센터,헤아림,2023년 헤아림 가족교실 1기,2023-03-21,2023-05-09,14:00,16:00,10,내부인력,8,4,Y,Y
경기도수원시권선구치매안심센터,헤아림,2019년 헤아림 가족교실 8기,2019-11-06,2019-12-24,14:00,16:00,10,내부인력,8,4,Y,Y
경기도수원시권선구치매안심센터,헤아림,2019년 헤아림 가족교실 7기,2019-09-24,2019-11-12,10:00,12:00,10,내부인력,8,4,Y,Y
경기도수원시권선구치매안심센터,헤아림,2019년 헤아림 가족교실 6기,2019-09-04,2019-10-30,14:00,16:00,10,내부인력,8,4,Y,Y
경기도수원시권선구치매안심센터,헤아림,2019년 헤아림 가족교실 5기,2019-07-10,2019-08-28,14:00,16:00,10,내부인력,8,4,Y,Y
경기도수원시권선구치매안심센터,헤아림,2019년 헤아림 가족교실 4기,2019-05-21,2019-07-09,10:00,12:00,8,내부인력,8,4,Y,N
경기도수원시권선구치매안심센터,헤아림,2019년 헤아림 가족교실 3기,2019-04-12,2019-06-07,14:00,16:00,8,내부인력,8,4,Y,Y
경기도수원시권선구치매안심센터,헤아림,2019년 헤아림 가족교실 2기,2019-03-12,2019-04-30,10:00,12:00,8,내부인력,8,4,Y,Y
경기도수원시권선구치매안심센터,헤아림,2019년 헤아림 가족교실 1기,2019-01-25,2019-03-29,14:00,16:00,8,내부인력,8,4,Y,Y
경기도수원시권선구치매안심센터,헤아림,2018년 헤아림 가족교실 3기,2018-11-19,2018-12-17,10:00,11:30,6,내부인력,8,4,Y,Y
경기도수원시권선구치매안심센터,헤아림,2018년 헤아림 가족교실 2기,2018-09-07,2018-11-16,14:30,16:00,6,내부인력,10,5,Y,Y
경기도수원시권선구치매안심센터,헤아림,2018년 헤아림 가족교실 1기,2018-05-17,2018-07-12,14:30,16:00,6,내부인력,10,4,Y,Y
경기도수원시영통구치매안심센터,기타,2025년 숨은마음찾기,2025-10-15,2025-11-19,10:00,11:30,8,내부인력,6,3,Y,N
경기도수원시영통구치매안심센터,가치돌봄(집중),2025년 가치돌봄 가족교실,2025-08-06,2025-09-24,10:00,11:30,8,내부인력,8,4,Y,Y
경기도수원시영통구치매안심센터,헤아림,2025년 헤아림가족교실,2025-03-19,2025-05-07,10:00,12:00,10,내부인력,8,4,Y,Y
경기도수원시영통구치매안심센터,헤아림,24년 헤아림가족교실,2024-08-28,2024-10-29,10:00,12:00,13,내부인력,8,4,Y,Y
경기도수원시영통구치매안심센터,기타,24년도 숨은마음찾기 오후반,2024-03-06,2024-04-03,14:00,16:00,7,내부인력,5,3,Y,Y
경기도수원시영통구치매안심센터,기타,24년도 숨은마음찾기 오전반,2024-03-05,2024-04-02,10:00,12:00,5,내부인력,5,3,Y,Y
경기도수원시영통구치매안심센터,헤아림,2023년 헤아림 가족교실 2기,2023-06-21,2023-10-12,14:00,16:00,8,내부인력,10,4,Y,Y
경기도수원시영통구치매안심센터,헤아림,2023년 헤아림가족교실 1기,2023-03-07,2023-04-25,10:00,12:00,6,내부인력,8,6,Y,Y
경기도수원시영통구치매안심센터,헤아림,2019년 헤아림 3기,2019-08-19,2019-09-17,10:00,12:00,15,내부인력,8,4,Y,Y
경기도수원시영통구치매안심센터,헤아림,2019년 헤아림 2기,2019-05-27,2019-06-24,10:00,12:00,10,내부인력,8,4,Y,Y
경기도수원시영통구치매안심센터,헤아림,2019년 헤아림 1기,2019-02-07,2019-03-28,14:00,16:00,10,내부인력,8,4,Y,Y
경기도수원시영통구치매안심센터,헤아림,2018년 헤아림 4기,2018-10-10,2018-11-28,09:30,11:30,10,내부인력,8,4,Y,N
경기도수원시영통구치매안심센터,헤아림,2018년 헤아림 3기,2018-10-08,2018-11-26,13:30,15:30,10,내부인력,8,4,Y,N
경기도수원시영통구치매안심센터,헤아림,2018년 헤아림 2기,2018-06-07,2018-07-26,10:00,12:00,8,내부인력,8,4,Y,Y
경기도수원시영통구치매안심센터,헤아림,2018년 헤아림 1기,2018-03-06,2018-04-30,14:00,16:00,8,내부인력,8,4,Y,Y
경기도수원시장안구치매안심센터,헤아림,2025년 헤아림 가족교실 2기,2025-10-15,2025-12-10,09:30,11:30,10,내부인력,9,4,Y,N
경기도수원시장안구치매안심센터,헤아림,2025년 헤아림 가족교실 1기,2025-06-25,2025-08-13,13:30,15:30,15,내부인력,8,4,Y,Y
경기도수원시장안구치매안심센터,가치돌봄(선택),2025년 가치돌봄 가족교실 2기,2025-03-18,2025-04-22,14:00,16:10,10,내부인력,4,2,N,Y
경기도수원시장안구치매안심센터,가치돌봄(기본),2025년 가치돌봄 가족교실 1기,2025-02-25,2025-04-15,09:30,11:30,6,내부인력,8,4,N,Y
경기도수원시장안구치매안심센터,헤아림,2024년 헤아림 가족교실  1기,2024-09-24,2024-11-19,09:30,11:30,10,내부인력,8,4,Y,Y
경기도수원시장안구치매안심센터,가치돌봄(집중),2024년 찾아가는 가족교실(가치돌봄) 2기,2024-05-22,2024-07-10,15:00,17:00,5,내부인력,8,5,Y,Y
경기도수원시장안구치매안심센터,가치돌봄(집중),2024년  찾아가는  가족교실(가치돌봄) 1기,2024-05-20,2024-07-08,15:00,17:00,5,내부인력,8,4,Y,Y
경기도수원시장안구치매안심센터,희망다이어리,2024년 희망다이어리 1기,2024-03-06,2024-05-22,10:00,12:00,12,내부인력,10,5,Y,Y
경기도수원시장안구치매안심센터,기타,2024년 숨은마음 찾기,2024-03-05,2024-03-26,14:00,16:00,12,내부인력,4,2,Y,Y
경기도수원시장안구치매안심센터,헤아림,2023년 헤아림 3기,2023-07-13,2023-09-07,09:30,11:30,10,내부인력,8,4,Y,Y
경기도수원시장안구치매안심센터,헤아림,2023년 헤아림 2기,2023-05-25,2023-07-20,14:00,16:00,8,내부인력,8,4,Y,Y
경기도수원시장안구치매안심센터,희망다이어리,2023년 희망다이어리 1기,2023-03-21,2023-05-30,14:00,16:00,10,내부인력,11,5,Y,Y
경기도수원시장안구치매안심센터,헤아림,2023년 헤아림 1기,2023-03-08,2023-04-26,09:30,11:30,8,내부인력,8,4,Y,Y
경기도수원시장안구치매안심센터,희망다이어리,2020년 장안가족교실 희망다이어리 1기,2020-01-21,2020-03-24,14:00,16:00,10,내부인력,10,5,Y,N
경기도수원시장안구치매안심센터,헤아림,2020년 장안가족교실 헤아림 1기,2020-01-31,2020-03-20,14:00,16:00,8,내부인력,8,4,Y,N
경기도수원시장안구치매안심센터,헤아림,가족교실 헤아림(2019년 5기),2019-08-22,2019-10-17,14:00,16:00,8,내부인력,9,4,Y,Y
경기도수원시장안구치매안심센터,헤아림,가족교실 헤아림(2019년 4기),2019-07-24,2019-09-11,14:00,16:00,8,내부인력,8,4,Y,N
경기도수원시장안구치매안심센터,헤아림,가족교실 헤아림 (2019년 3기),2019-06-13,2019-08-08,14:00,16:00,10,내부인력,8,4,Y,N
경기도수원시장안구치매안심센터,헤아림,가족교실 헤아림 (2019년 2기),2019-04-04,2019-05-30,14:00,16:00,8,내부인력,8,4,Y,Y
경기도수원시장안구치매안심센터,헤아림,가족교실 헤아림 (2019년 1기),2019-01-15,2019-03-12,14:00,16:00,8,내부인력,8,4,Y,Y
경기도수원시장안구치매안심센터,헤아림,가족교실(안심센터오후반),2018-09-11,2018-10-19,14:00,16:00,8,내부인력,8,4,Y,N
경기도수원시장안구치매안심센터,헤아림,가족교실(안심센터오전반),2018-09-11,2018-10-19,10:00,12:00,8,내부인력,8,4,Y,N
경기도수원시팔달구치매안심센터,헤아림,2025년 가족교실 헤아림(5기),2025-09-01,2025-10-31,09:00,11:00,10,내부인력,8,4,Y,N
경기도수원시팔달구치매안심센터,헤아림,2025년 가족교실 헤아림(4기),2025-07-01,2025-08-19,09:00,11:00,10,내부인력,8,4,N,N
경기도수원시팔달구치매안심센터,헤아림,2025년 가족교실 헤아림(3기),2025-05-06,2025-06-24,09:00,11:00,0,내부인력,8,4,N,N
경기도수원시팔달구치매안심센터,헤아림,2025년 가족교실 헤아림(2기),2025-03-05,2025-04-30,09:00,11:00,10,내부인력,8,4,N,Y
경기도수원시팔달구치매안심센터,헤아림,2025년 가족교실 헤아림(1기),2025-01-07,2025-02-25,09:00,11:00,10,내부인력,8,4,N,Y
경기도수원시팔달구치매안심센터,헤아림,2024년도 가족교실 헤아림(하반기 3기),2024-11-07,2024-12-26,13:00,15:00,10,내부인력,8,4,N,Y
경기도수원시팔달구치매안심센터,헤아림,2024년도 가족교실 헤아림(하반기 2기),2024-09-05,2024-10-31,13:00,15:00,10,내부인력,9,4,N,Y
경기도수원시팔달구치매안심센터,헤아림,2024년도 가족교실 헤아림(하반기 1기),2024-07-04,2024-08-29,13:00,15:00,10,내부인력,8,4,N,Y
경기도수원시팔달구치매안심센터,헤아림,2024년도 헤아림 가족교실  2기,2024-05-07,2024-06-25,10:00,12:00,10,내부인력,8,4,Y,Y
경기도수원시팔달구치매안심센터,헤아림,(행궁동 치매안심마을) 2024년도 찾아가는 가족교실 헤아림 1기,2024-05-13,2024-06-07,13:00,15:00,10,내부인력,8,4,N,Y
경기도수원시팔달구치매안심센터,헤아림,2024년도 헤아림 가족교실 1기,2024-03-05,2024-04-23,10:00,12:00,10,내부인력,8,4,Y,Y
경기도수원시팔달구치매안심센터,헤아림,(지동 치매안심마을) 2023년 제 3기 헤아림 가족교실,2023-08-30,2023-09-27,10:00,11:00,10,내부인력,5,4,Y,N
경기도수원시팔달구치매안심센터,헤아림,(지동 치매안심마을) 2023년 제 2기 헤아림 가족교실,2023-07-17,2023-09-04,10:00,12:00,10,내부인력,8,4,Y,N
경기도수원시팔달구치매안심센터,헤아림,(지동 치매안심마을) 2023년 제 1기 헤아림 가족교실,2023-06-19,2023-07-12,10:00,12:00,10,내부인력,8,4,Y,Y
경기도수원시팔달구치매안심센터,헤아림,2023년 제 1기 헤아림(목),2023-03-23,2023-05-11,10:00,12:00,10,내부인력,8,4,Y,Y
경기도수원시팔달구치매안심센터,헤아림,2023년 제1기 헤아림 (금),2023-02-03,2023-03-31,10:00,12:00,10,내부인력,8,4,Y,Y
경기도수원시팔달구치매안심센터,휴식공간,2023년 휴식공간(休識共看),2023-02-02,2023-03-09,10:00,12:00,10,내부인력,6,3,Y,Y
경기도수원시팔달구치매안심센터,기타,2022 숨은마음찾기,2022-10-20,2022-11-29,10:00,12:00,10,내부인력,6,2,Y,Y
경기도수원시팔달구치매안심센터,희망다이어리,2019 희망다이어리,2019-11-06,2020-01-08,10:00,12:00,10,내부인력,10,4,Y,Y
경기도수원시팔달구치매안심센터,한국치매협회 치매가족지지프로그램,2019 치매가족지지교실,2019-08-06,2019-10-08,10:00,11:00,10,내부인력,10,4,Y,Y
경기도수원시팔달구치매안심센터,헤아림,2019년 제4기 (목),2019-08-01,2019-10-10,14:00,16:00,10,내부인력,8,4,Y,Y
경기도수원시팔달구치매안심센터,헤아림,2019년 제3기 (수),2019-06-05,2019-07-31,10:00,11:30,10,내부인력,8,4,Y,Y
경기도수원시팔달구치매안심센터,헤아림,2019년 제2기 (월),2019-04-15,2019-06-10,14:00,16:00,10,내부인력,8,4,Y,Y
경기도수원시팔달구치매안심센터,헤아림,2019년 제1기 (월),2019-02-11,2019-04-08,14:00,16:00,10,내부인력,9,4,Y,Y
경기도수원시팔달구치매안심센터,헤아림,2018년 제 3기 헤아림,2018-12-03,2018-12-31,14:00,16:00,10,내부인력,8,4,Y,Y
경기도수원시팔달구치매안심센터,헤아림,2018년 제 2기 헤아림,2018-10-02,2018-10-30,10:00,12:00,10,내부인력,8,4,Y,Y
경기도수원시팔달구치매안심센터,헤아림,2018년 제 1기 헤아림,2018-10-01,2018-11-19,14:00,16:00,10,내부인력,8,4,Y,Y
경기도시흥시치매안심센터,가치돌봄(기본),2025년 치매가족교실 심화과정 '가치돌봄'(중부),2025-09-25,2025-10-23,14:00,16:00,6,내부인력,4,2,Y,Y
경기도시흥시치매안심센터,기타,2025년 치매가족교실 심화과정 '숨은마음찾기'(북부),2025-09-15,2025-10-13,10:00,12:00,9,내부인력,4,2,Y,Y
경기도시흥시치매안심센터,기타,[교육]2025년 치매가족 심화과정'숨은마음찾기'(남부),2025-09-10,2025-10-01,14:00,16:00,8,내부인력,4,2,N,Y
경기도시흥시치매안심센터,헤아림,2025년 치매가족교실 '헤아림'(정왕),2025-06-04,2025-06-25,14:00,16:00,15,내부인력,8,4,Y,Y
경기도시흥시치매안심센터,헤아림,2025년 치매가족교실 '헤아림' (대야),2025-04-10,2025-05-29,14:00,15:30,11,내부인력,8,4,Y,Y
경기도시흥시치매안심센터,헤아림,2025년 치매가족교실 '헤아림'(연성),2025-04-04,2025-04-30,10:00,11:00,11,내부인력,8,4,Y,Y
경기도시흥시치매안심센터,일상의 회복,2024년 치매가족교육 심화과정 '일상의 회복'(정왕),2024-10-02,2024-10-30,14:00,16:00,8,내부인력,4,2,Y,Y
경기도시흥시치매안심센터,헤아림,2024년 치매가족교실 '헤아림'(대야)2회차,2024-09-04,2024-09-13,09:00,12:00,8,내부인력,8,4,Y,Y
경기도시흥시치매안심센터,가치돌봄(선택),2024년 치매가족교실 심화과정 '가치돌봄'(연성),2024-07-15,2024-07-22,14:00,16:00,8,내부인력,4,2,Y,Y
경기도시흥시치매안심센터,헤아림,2024년 치매가족교실 '헤아림'(정왕),2024-06-05,2024-06-26,14:00,16:00,8,내부인력,8,4,Y,Y
경기도시흥시치매안심센터,일상의 회복,2024년 가족교실 '일상의회복' (대야) 심화 1회차,2024-03-20,2024-03-27,09:00,12:00,8,내부인력,4,2,Y,Y
경기도시흥시치매안심센터,헤아림,2024년 치매가족교실 '헤아림'(대야)1회차,2024-02-07,2024-02-28,09:00,12:00,7,내부인력,8,4,N,Y
경기도시흥시치매안심센터,헤아림,2024년 치매가족교실 '헤아림'(연성),2024-06-03,2024-06-24,14:00,17:00,10,내부인력,8,4,Y,Y
경기도시흥시치매안심센터,헤아림,2023년 치매가족교실'헤아림'(정왕)2회차,2023-09-06,2023-09-27,14:00,16:00,8,내부인력,8,4,Y,Y
경기도시흥시치매안심센터,기타,숨은마음찾기(연성),2023-11-06,2023-11-27,14:30,15:30,5,내부인력,4,3,Y,Y
경기도시흥시치매안심센터,헤아림,2023년 치매가족교실 '헤아림'(대야) 3회차,2023-09-01,2023-09-22,09:00,12:00,6,내부인력,8,4,N,Y
경기도시흥시치매안심센터,헤아림,2023년 치매가족교실 '헤아림'(대야) 2회차,2023-06-28,2023-07-07,09:00,12:00,8,내부인력,8,2,N,Y
경기도시흥시치매안심센터,기타,2023년 치매를 맞이하는 첫걸음 (연성)5회차,2023-06-20,2023-06-20,14:00,16:00,5,내부인력,1,1,N,Y
경기도시흥시치매안심센터,기타,2023년 치매를 맞이하는 첫걸음 (대야 5월),2023-05-31,2023-05-31,16:00,18:00,5,내부인력,1,1,Y,Y
경기도시흥시치매안심센터,헤아림,2023년 치매가족교실 '헤아림'(정왕),2023-06-05,2023-06-26,10:00,12:00,8,내부인력,8,4,Y,Y
경기도시흥시치매안심센터,헤아림,2023년 치매가족교실 '헤아림'(연성),2023-06-05,2023-06-26,14:30,17:30,9,내부인력,8,4,Y,Y
경기도시흥시치매안심센터,기타,2023년 치매를 맞이하는 첫걸음 (연성)4회차,2023-05-22,2023-05-22,14:00,15:00,4,내부인력,1,1,Y,Y
경기도시흥시치매안심센터,기타,2023년 치매를 맞이하는 첫걸음(정왕4월),2023-04-24,2023-04-24,14:00,16:00,9,내부인력,1,1,N,Y
경기도시흥시치매안심센터,기타,2023년 치매를 맞이하는 첫걸음 (대야 4월),2023-04-24,2023-04-24,16:00,18:00,7,내부인력,1,1,Y,Y
경기도시흥시치매안심센터,기타,2023년 치매를 맞이하는 첫걸음 (연성)3회차,2023-03-20,2023-03-20,13:00,16:00,3,내부인력,1,1,N,Y
경기도시흥시치매안심센터,기타,2023년 치매를 맞이하는 첫걸음 (대야 3월),2023-03-27,2023-03-27,10:00,11:00,5,내부인력,1,1,Y,Y
경기도시흥시치매안심센터,기타,2023년 치매를 맞이하는 첫걸음 (연성)2회차_군자동치매안심마을 가족교육,2023-02-27,2023-02-27,14:00,16:00,8,내부인력,1,1,N,Y
경기도시흥시치매안심센터,기타,2023년 치매를 맞이하는 첫걸음 (대야 2월),2023-02-27,2023-02-27,10:00,11:00,5,내부인력,1,1,Y,N
경기도시흥시치매안심센터,기타,2023년 치매를 맞이하는 첫걸음(연성) 1회차,2023-01-30,2023-01-30,13:30,16:00,10,내부인력,1,1,N,Y
경기도시흥시치매안심센터,기타,2023년 매화동 찾아가는 치매가족교실 - '치매를 맞이하는 첫걸음' 가족교육,2023-01-27,2023-01-27,10:00,12:00,10,내부인력,1,1,Y,Y
경기도시흥시치매안심센터,헤아림,2023년 매화동 찾아가는 치매가족교실 - '헤아림' 가족교육 (대야)1회차,2023-02-03,2023-02-24,10:00,12:00,10,내부인력,1,2,Y,Y
경기도시흥시치매안심센터,기타,2023년 치매를 맞이하는 첫걸음 (대야 1월),2023-01-30,2023-01-30,10:00,12:00,5,내부인력,1,1,Y,Y
경기도시흥시치매안심센터,기타,2022년 12월 찾아가는 '치매를 맞이하는 첫걸음',2022-12-22,2022-12-22,19:00,21:00,10,내부인력,1,1,Y,Y
경기도시흥시치매안심센터,기타,치매를 맞이하는 첫걸음(정왕),2022-11-21,2022-11-21,14:00,16:00,10,내부인력,1,1,Y,N
경기도시흥시치매안심센터,기타,치매를 맞이하는 첫걸음(대야 8기),2022-11-28,2022-11-28,10:00,12:00,10,내부인력,1,1,Y,Y
경기도시흥시치매안심센터,기타,치매를 맞이하는 첫걸음(대야 7기),2022-11-03,2022-11-03,10:00,11:30,2,내부인력,1,1,Y,N
경기도시흥시치매안심센터,기타,치매를 맞이하는 첫걸음(대야 6기),2022-09-26,2022-09-26,10:00,12:00,5,내부인력,1,1,Y,Y
경기도시흥시치매안심센터,기타,치매를 맞이하는 첫걸음(정왕),2022-09-02,2022-09-02,14:00,15:00,10,내부인력,1,1,Y,Y
경기도시흥시치매안심센터,헤아림,2022년 헤아림 가족교실(정왕),2022-09-23,2022-10-14,14:00,16:00,10,내부인력,1,4,Y,Y
경기도시흥시치매안심센터,기타,치매를 맞이하는 첫걸음(대야 5기),2022-08-26,2022-08-26,10:00,12:00,5,내부인력,1,1,Y,Y
경기도시흥시치매안심센터,헤아림,찾아가는 치매가족교실 - '헤아림' 가족교육,2022-09-06,2022-09-27,10:00,12:00,6,내부인력,4,2,Y,Y
경기도시흥시치매안심센터,기타,치매를 맞이하는 첫걸음(대야 4기),2022-08-22,2022-08-22,14:00,15:30,5,내부인력,1,1,Y,Y
경기도시흥시치매안심센터,기타,치매를 맞이하는 첫걸음(대야 3기),2022-07-25,2022-07-25,14:00,15:00,5,내부인력,1,1,Y,N
경기도시흥시치매안심센터,기타,치매를 맞이하는 첫걸음(대야 2기),2022-07-11,2022-07-11,10:00,12:00,5,내부인력,1,1,Y,Y
경기도시흥시치매안심센터,기타,치매를 맞이하는 첫걸음(연성),2022-06-08,2022-12-31,09:00,15:00,50,내부인력,29,1,Y,Y
경기도시흥시치매안심센터,기타,치매를 맞이하는 첫걸음(대야 1기),2022-05-19,2022-05-19,10:30,12:00,5,내부인력,1,1,Y,Y
경기도시흥시치매안심센터,기타,치매를 맞이하는 첫걸음,2022-05-25,2022-05-25,14:00,16:00,3,내부인력,1,1,Y,Y
경기도시흥시치매안심센터,헤아림,2022년 연성 헤아림 가족교실,2022-05-10,2022-05-31,14:00,16:00,8,내부인력,8,4,N,Y
경기도시흥시치매안심센터,기타,숨은마음찾기 프로그램 시범운영 (시흥시),2021-09-06,2021-09-17,00:00,00:00,10,내부인력,4,3,Y,Y
경기도시흥시치매안심센터,SAVVY Caregiver Program,연성 초로기 치매가족 교육프로그램[Savvy],2021-04-08,2021-05-13,14:00,16:00,6,내부인력,6,4,Y,Y
경기도시흥시치매안심센터,헤아림,2021년 연성 헤아림(비대면 ),2021-04-02,2021-04-23,00:00,23:00,6,내부인력,4,4,N,N
경기도시흥시치매안심센터,헤아림,2021년 연성헤아림(대면),2021-04-02,2021-04-23,10:00,11:30,6,내부인력,4,4,Y,N
경기도시흥시치매안심센터,헤아림,대야헤아림(비대면),2021-03-23,2021-04-27,15:00,16:00,10,내부인력,5,3,Y,Y
경기도시흥시치매안심센터,헤아림,헤아림가족교실,2020-10-27,2020-11-04,00:00,00:00,5,내부인력,8,4,N,N
경기도시흥시치매안심센터,헤아림,헤아림 가족교실,2020-07-14,2020-10-31,09:00,12:00,10,내부인력,8,7,Y,N
경기도시흥시치매안심센터,헤아림,2020 대야헤아림 1기,2020-07-27,2020-11-02,13:00,15:00,10,내부인력,8,5,Y,Y
경기도시흥시치매안심센터,헤아림,헤아리(정왕)2기,2019-10-01,2019-10-22,14:00,16:00,6,내부인력,8,4,Y,Y
경기도시흥시치매안심센터,희망다이어리,대야 희망다이어리 2기,2019-10-01,2019-10-29,09:00,11:00,10,내부인력,10,4,Y,Y
경기도시흥시치매안심센터,헤아림,헤아림(정왕),2019-06-18,2019-07-09,14:00,16:00,6,내부인력,8,4,Y,Y
경기도시흥시치매안심센터,희망다이어리,대야 희망다이어리 1기,2019-06-20,2019-09-05,10:00,12:00,10,내부인력,10,4,Y,Y
경기도시흥시치매안심센터,헤아림,연성 헤아림 1기,2019-04-01,2019-06-05,10:00,12:00,10,내부인력,8,7,Y,Y
경기도시흥시치매안심센터,헤아림,대야 헤아림1기,2019-01-08,2019-03-05,10:00,12:00,10,내부인력,8,4,Y,Y
경기도시흥시치매안심센터,헤아림,정왕 헤아림1기,2018-11-02,2019-01-11,14:00,16:00,10,내부인력,8,5,Y,N
경기도시흥시치매안심센터,헤아림,헤아림 2기,2018-06-22,2018-08-10,14:00,16:00,13,내부인력,8,5,Y,Y
경기도시흥시치매안심센터,헤아림,헤아림,2018-03-16,2018-05-04,14:00,16:00,12,내부인력,8,5,Y,N
경기도안산시단원구치매안심센터,기타,2025년 1기 '숨은마음찾기',2025-09-10,2025-10-01,10:00,12:00,10,내부인력,4,1,N,Y
경기도안산시단원구치매안심센터,가치돌봄(기본),2025년 2기 '가치돌봄',2025-06-04,2025-07-23,10:00,12:00,10,내부인력,8,1,N,Y
경기도안산시단원구치매안심센터,가치돌봄(기본),2025년 1기 '가치돌봄',2025-04-10,2025-06-12,10:00,12:00,10,내부인력,8,1,N,Y
경기도안산시단원구치매안심센터,일상의 회복,2025년 2기 '일상의 회복',2025-03-05,2025-03-26,10:00,12:00,10,내부인력,4,1,N,Y
경기도안산시단원구치매안심센터,헤아림,2025년 2기 '헤아림',2025-03-11,2025-04-01,10:00,12:00,10,내부인력,4,1,N,Y
경기도안산시단원구치매안심센터,헤아림,2025년 1기 '헤아림',2025-02-05,2025-02-26,10:00,12:00,10,내부인력,4,1,N,Y
경기도안산시단원구치매안심센터,일상의 회복,2025년 1기 '일상의 회복',2025-02-04,2025-02-25,10:00,12:00,10,내부인력,4,1,N,Y
경기도안산시단원구치매안심센터,헤아림,2024년 3기 '헤아림',2024-09-04,2024-11-06,10:00,12:00,10,내부인력,10,4,N,Y
경기도안산시단원구치매안심센터,일상의 회복,2024년 2기 '일상의 회복',2024-07-02,2024-07-23,10:00,12:00,10,내부인력,4,1,N,Y
경기도안산시단원구치매안심센터,헤아림,2024년 2기 '헤아림',2024-05-07,2024-06-25,10:00,12:00,10,내부인력,8,1,N,Y
경기도안산시단원구치매안심센터,일상의 회복,2024년 1기 '일상의 회복',2024-04-16,2024-04-25,10:00,12:00,10,내부인력,4,1,N,Y
경기도안산시단원구치매안심센터,헤아림,2024년 1기 '헤아림',2024-02-06,2024-03-26,10:00,12:00,5,내부인력,8,1,N,Y
경기도안산시단원구치매안심센터,희망다이어리,2023년 '희망다이어리',2023-09-12,2023-10-31,14:00,16:00,10,내부인력,7,4,Y,Y
경기도안산시단원구치매안심센터,기타,2023년 '숨은마음찾기',2023-07-07,2023-07-28,10:00,11:30,13,내부인력,4,1,N,Y
경기도안산시단원구치매안심센터,기타,단계별 치매환자 돌봄을 위한 가족프로그램(실험군),2023-06-01,2023-07-20,13:30,15:30,10,내부인력,8,6,N,Y
경기도안산시단원구치매안심센터,기타,2023년'치매를 맞이하는 첫걸음'7기,2023-05-19,2023-05-19,13:30,15:30,10,내부인력,1,1,N,Y
경기도안산시단원구치매안심센터,기타,2023년'치매를 맞이하는 첫걸음'6기,2023-05-19,2023-05-19,09:30,11:30,10,내부인력,1,1,N,Y
경기도안산시단원구치매안심센터,기타,2023년'치매를 맞이하는 첫걸음'5기,2023-04-21,2023-04-21,13:30,15:30,10,내부인력,1,1,N,Y
경기도안산시단원구치매안심센터,기타,2023년'치매를 맞이하는 첫걸음'4기,2023-04-21,2023-04-21,09:30,11:30,10,내부인력,1,1,N,Y
경기도안산시단원구치매안심센터,기타,2023년'치매를 맞이하는 첫걸음'3기,2023-03-17,2023-03-17,13:00,15:30,10,내부인력,1,1,Y,Y
경기도안산시단원구치매안심센터,기타,2023년'치매를 맞이하는 첫걸음'2기,2023-03-17,2023-03-17,09:30,11:30,10,내부인력,1,1,Y,Y
경기도안산시단원구치매안심센터,기타,2023년'치매를 맞이하는 첫걸음'1기,2023-02-17,2023-02-17,13:30,15:30,10,내부인력,1,1,Y,Y
경기도안산시단원구치매안심센터,기타,2022년'치매를 맞이하는 첫걸음'1기,2022-12-13,2022-12-13,09:30,11:30,10,내부인력,1,1,Y,Y
경기도안산시단원구치매안심센터,기타,2022년숨은마음찾기(경기도광역치매센터 2022년개정),2022-11-08,2022-11-29,10:00,11:30,5,내부인력,4,3,Y,Y
경기도안산시단원구치매안심센터,헤아림,2022년 헤아림 가족교실 2-2기(비대면),2022-08-24,2022-10-19,10:00,11:00,3,내부인력,8,4,N,Y
경기도안산시단원구치매안심센터,헤아림,2022년 헤아림 가족교실 2-1기(대면),2022-08-23,2022-10-18,10:00,11:30,6,내부인력,8,4,N,Y
경기도안산시단원구치매안심센터,헤아림,2022년 헤아림 가족교실 1기,2022-05-31,2022-07-19,10:00,11:30,6,내부인력,8,4,Y,Y
경기도안산시단원구치매안심센터,헤아림,2021년 헤아림 가족교실 7기,2022-01-21,2022-02-23,11:00,12:00,1,내부인력,8,4,N,Y
경기도안산시단원구치매안심센터,헤아림,2021년 헤아림 가족교실 6기,2021-12-13,2022-01-12,10:00,11:00,1,내부인력,8,4,N,Y
경기도안산시단원구치매안심센터,기타,2021년숨은마음찾기(경기도광역치매센터 시범 사업),2021-09-28,2021-10-21,16:00,17:30,3,내부인력,4,3,N,N
경기도안산시단원구치매안심센터,헤아림,2021년 헤아림 가족교실 5기,2021-06-22,2021-08-20,10:00,11:00,1,내부인력,8,4,N,Y
경기도안산시단원구치매안심센터,헤아림,2021년 헤아림 가족교실 4기,2021-05-24,2021-06-18,10:00,11:00,1,내부인력,8,4,N,Y
경기도안산시단원구치매안심센터,헤아림,2021년 헤아림 가족교실 3기,2021-04-26,2021-05-26,09:00,10:00,1,내부인력,8,4,N,Y
경기도안산시단원구치매안심센터,헤아림,2021년 헤아림 가족교실 2기,2021-03-16,2021-04-14,10:00,11:00,1,내부인력,8,4,N,Y
경기도안산시단원구치매안심센터,헤아림,2021년 헤아림 가족교실 1기,2021-02-16,2021-03-12,10:00,11:00,1,내부인력,8,4,N,Y
경기도안산시단원구치매안심센터,헤아림,2020년 헤아림 가족교실 5기,2020-12-21,2021-01-14,10:00,11:00,1,내부인력,8,4,N,N
경기도안산시단원구치매안심센터,헤아림,2020년 헤아림 가족교실 4기,2020-11-24,2020-12-11,10:00,11:00,1,내부인력,8,4,N,N
경기도안산시단원구치매안심센터,헤아림,2020년 헤아림 가족교실 3기,2020-10-08,2020-11-17,10:00,11:00,2,내부인력,8,4,N,N
경기도안산시단원구치매안심센터,헤아림,2020년 헤아림 가족교실 2기,2020-09-01,2020-09-24,10:00,11:00,1,내부인력,8,4,N,N
경기도안산시단원구치매안심센터,헤아림,2020년 헤아림 가족교실 1기,2020-02-04,2020-08-26,10:00,11:30,15,내부인력,8,4,Y,N
경기도안산시단원구치매안심센터,헤아림,2019년 헤아림 가족교실 3기,2019-09-19,2019-11-14,10:00,11:30,15,내부인력,8,4,Y,Y
경기도안산시단원구치매안심센터,헤아림,2019년 헤아림 가족교실 2기,2019-05-16,2019-07-11,10:00,11:30,15,내부인력,8,4,Y,Y
경기도안산시단원구치매안심센터,헤아림,2019년 헤아림 가족교실 1기,2019-01-29,2019-03-26,10:00,11:30,15,내부인력,8,4,Y,Y
경기도안산시단원구치매안심센터,헤아림,2018년 헤아림 가족교실 2기,2018-09-07,2018-10-26,09:30,11:00,20,내부인력,8,4,Y,Y
경기도안산시단원구치매안심센터,헤아림,2018년 헤아림 가족교실 1기,2018-06-01,2018-07-24,09:30,11:00,20,내부인력,8,4,Y,Y
경기도안산시상록구치매안심센터,헤아림,2025 헤아림 4기,2025-10-16,2025-12-04,13:30,13:30,10,내부인력,8,4,N,N
경기도안산시상록구치매안심센터,헤아림,2025 헤아림 3기,2025-07-17,2025-09-04,00:00,00:00,10,내부인력,8,4,N,Y
경기도안산시상록구치매안심센터,헤아림,2025 헤아림 2기,2025-07-16,2025-09-03,13:30,15:30,10,내부인력,8,4,N,Y
경기도안산시상록구치매안심센터,헤아림,2025 헤아림 1기,2025-03-31,2025-05-26,13:30,15:30,10,내부인력,8,4,N,Y
경기도안산시상록구치매안심센터,헤아림,2024 헤아림 6기,2024-09-06,2024-11-01,13:30,15:30,8,내부인력,8,4,N,Y
경기도안산시상록구치매안심센터,헤아림,2024 헤아림 5기,2024-09-04,2024-11-06,13:30,15:30,8,내부인력,8,4,N,Y
경기도안산시상록구치매안심센터,헤아림,2024 헤아림 4기,2024-05-31,2024-07-19,13:30,15:30,8,내부인력,8,4,N,Y
경기도안산시상록구치매안심센터,헤아림,2024 헤아림 3기,2024-05-29,2024-07-17,13:30,15:30,8,내부인력,8,4,N,Y
경기도안산시상록구치매안심센터,헤아림,2024 헤아림 2기,2024-03-08,2024-04-26,13:30,15:30,10,내부인력,8,4,N,Y
경기도안산시상록구치매안심센터,헤아림,2024 헤아림 1기,2024-02-28,2024-04-24,13:30,15:30,10,내부인력,8,4,N,Y
경기도안산시상록구치매안심센터,헤아림,2023년 가족교실 헤아림 4기,2023-09-04,2023-11-06,13:30,15:30,8,내부인력,8,4,N,Y
경기도안산시상록구치매안심센터,기타,단계별 치매환자 돌봄을 위한가족프로그램 (실험군),2023-06-05,2023-07-24,13:30,15:30,8,내부인력,8,6,N,N
경기도안산시상록구치매안심센터,헤아림,2023년 가족교실 헤아림 3기,2023-06-01,2023-07-20,13:30,15:30,8,내부인력,8,4,Y,Y
경기도안산시상록구치매안심센터,헤아림,2023년 가족교실 헤아림 2기,2023-03-06,2023-04-20,13:30,15:30,10,내부인력,8,4,Y,Y
경기도안산시상록구치매안심센터,헤아림,2023년 가족교실 헤아림 1기,2023-02-16,2023-04-06,14:00,16:00,10,내부인력,8,4,Y,Y
경기도안산시상록구치매안심센터,헤아림,2022 2기,2022-09-21,2022-11-09,14:00,16:00,10,내부인력,8,4,N,Y
경기도안산시상록구치매안심센터,헤아림,2022 1기,2022-06-13,2022-08-01,10:00,12:00,10,내부인력,8,4,N,Y
경기도안산시상록구치매안심센터,기타,숨은마음찾기 프로그램 시범운영(안산시 상록구),2021-08-26,2021-09-16,13:00,14:30,10,내부인력,4,3,N,N
경기도안산시상록구치매안심센터,헤아림,2021년 1기,2021-06-22,2021-08-10,10:00,12:00,10,내부인력,8,4,N,Y
경기도안산시상록구치매안심센터,헤아림,2019년 7기,2019-10-10,2019-11-28,13:30,15:30,10,내부인력,8,4,Y,Y
경기도안산시상록구치매안심센터,헤아림,2019년 6기,2019-10-08,2019-11-26,13:30,15:30,10,내부인력,8,4,Y,Y
경기도안산시상록구치매안심센터,헤아림,2019년 5기,2019-09-02,2019-10-21,14:30,16:30,10,내부인력,8,4,Y,Y
경기도안산시상록구치매안심센터,헤아림,2019년 4기,2019-09-02,2019-10-21,10:00,12:00,10,내부인력,8,4,Y,Y
경기도안산시상록구치매안심센터,헤아림,2019년 3기,2019-04-22,2019-06-17,14:30,16:30,16,내부인력,8,4,Y,Y
경기도안산시상록구치매안심센터,헤아림,2019년 2기,2019-04-22,2019-06-17,10:00,12:00,16,내부인력,8,4,Y,Y
경기도안산시상록구치매안심센터,헤아림,2019년 1기,2019-01-16,2019-02-20,10:00,12:00,10,내부인력,8,4,Y,Y
경기도안산시상록구치매안심센터,헤아림,2018년 2기,2018-07-03,2018-08-21,14:30,16:30,16,내부인력,8,4,Y,Y
경기도안산시상록구치매안심센터,헤아림,2018년 1기,2018-07-03,2018-08-21,10:00,12:00,16,내부인력,8,4,Y,Y
경기도안성시치매안심센터,헤아림,2025. 헤아림 3기,2025-09-02,2025-10-28,00:00,00:00,10,내부인력,8,4,Y,Y
경기도안성시치매안심센터,기타,2025. 숨은마음찾기 1기,2025-05-20,2025-06-17,14:00,16:00,9,내부인력,4,4,Y,Y
경기도안성시치매안심센터,헤아림,2025. 헤아림 2기(야간반),2025-04-10,2025-05-15,18:30,20:30,9,내부인력,6,4,N,Y
경기도안성시치매안심센터,헤아림,2025. 헤아림 1기,2025-02-25,2025-04-15,14:00,16:00,11,내부인력,8,4,Y,Y
경기도안성시치매안심센터,헤아림,2024. 헤아림 4기,2024-09-03,2024-10-22,14:00,16:00,10,내부인력,8,4,N,Y
경기도안성시치매안심센터,헤아림,2024. 헤아림3기(야간반),2024-05-01,2024-06-12,18:30,20:30,11,내부인력,6,4,N,Y
경기도안성시치매안심센터,헤아림,2024. 헤아림2기,2024-04-16,2024-06-04,14:00,16:00,10,내부인력,8,4,Y,Y
경기도안성시치매안심센터,헤아림,2024. 헤아림1기,2024-02-14,2024-04-03,13:30,15:30,8,내부인력,8,4,Y,Y
경기도안성시치매안심센터,헤아림,황금빛16,2023-08-22,2023-10-17,10:00,12:00,12,내부인력,8,4,Y,Y
경기도안성시치매안심센터,헤아림,황금빛15,2023-08-16,2023-09-21,10:00,12:00,15,내부인력,6,4,Y,Y
경기도안성시치매안심센터,헤아림,황금빛14,2023-06-20,2023-08-08,10:00,12:00,12,내부인력,8,4,Y,Y
경기도안성시치매안심센터,기타,치매를 맞이하는 첫걸음3,2023-04-19,2023-04-19,13:00,15:00,2,내부인력,1,1,Y,Y
경기도안성시치매안심센터,기타,치매를 맞이하는 첫걸음2,2023-04-06,2023-04-06,10:00,11:30,10,내부인력,1,1,Y,Y
경기도안성시치매안심센터,기타,치매를 맞이하는 첫걸음1,2023-03-30,2023-03-30,10:00,11:30,10,내부인력,1,1,Y,Y
경기도안성시치매안심센터,헤아림,황금빛13,2023-02-21,2023-04-11,14:00,16:00,10,내부인력,8,4,Y,Y
경기도안성시치매안심센터,기타,치매를 맞이하는 첫걸음3,2022-12-20,2022-12-20,10:00,11:30,10,내부인력,1,1,Y,Y
경기도안성시치매안심센터,기타,숨은마음찾기(안성시 치매안심센터),2022-11-22,2022-12-14,10:00,12:00,6,내부인력,4,3,Y,Y
경기도안성시치매안심센터,헤아림,황금빛12,2022-09-27,2022-11-15,10:00,12:00,10,내부인력,8,4,Y,Y
경기도안성시치매안심센터,기타,치매를 맞이하는 첫걸음 2,2022-08-31,2022-08-31,10:00,11:30,10,내부인력,1,1,Y,Y
경기도안성시치매안심센터,헤아림,황금빛11,2022-06-21,2022-08-17,10:00,12:00,10,내부인력,9,4,Y,Y
경기도안성시치매안심센터,기타,치매를 맞이하는 첫걸음 1,2022-05-17,2022-05-17,13:30,15:30,10,내부인력,1,1,Y,Y
경기도안성시치매안심센터,기타,숨은마음찾기프로그램시범운영(안성시),2021-09-02,2021-09-24,14:00,16:00,7,내부인력,4,3,Y,N
경기도안성시치매안심센터,헤아림,황금빛10,2021-04-28,2021-07-13,14:00,15:30,4,내부인력,11,4,Y,Y
경기도안성시치매안심센터,희망다이어리,희망교실2기,2020-07-08,2020-11-18,13:30,15:00,5,내부인력,10,5,Y,Y
경기도안성시치매안심센터,헤아림,황금빛9,2020-02-05,2020-08-31,10:00,12:00,8,내부인력,8,4,Y,N
경기도안성시치매안심센터,희망다이어리,희망교실1기,2020-02-04,2020-04-07,14:00,15:30,15,내부인력,10,5,Y,N
경기도안성시치매안심센터,헤아림,황금빛8,2019-09-03,2019-10-23,14:00,16:00,7,내부인력,8,4,Y,Y
경기도안성시치매안심센터,헤아림,황금빛7,2019-08-28,2019-10-23,10:00,12:00,7,내부인력,8,4,Y,Y
경기도안성시치매안심센터,헤아림,황금빛6,2019-06-25,2019-08-13,14:00,16:00,9,내부인력,8,4,Y,Y
경기도안성시치매안심센터,헤아림,황금빛5,2019-04-23,2019-06-11,14:00,16:00,12,내부인력,8,4,Y,Y
경기도안성시치매안심센터,헤아림,황금빛4,2019-04-18,2019-06-07,10:00,12:00,6,내부인력,8,4,Y,Y
경기도안성시치매안심센터,헤아림,황금빛3,2019-02-12,2019-04-02,14:00,16:00,9,내부인력,8,4,Y,Y
경기도안성시치매안심센터,헤아림,황금빛 2,2018-09-06,2018-10-25,14:00,16:00,10,내부인력,8,6,Y,Y
경기도안성시치매안심센터,헤아림,황금빛,2018-05-02,2018-07-04,14:00,16:00,8,내부인력,8,6,Y,Y
경기도안양시동안구치매안심센터,가치돌봄(집중),2025년 4기(가치돌봄),2025-09-04,2025-10-30,14:00,16:00,18,내부인력,8,4,Y,Y
경기도안양시동안구치매안심센터,헤아림,2025년 헤아림 3기,2025-05-29,2025-07-17,14:00,16:00,23,내부인력,8,4,Y,Y
경기도안양시동안구치매안심센터,헤아림,2025년 헤아림2기,2025-03-27,2025-05-15,14:00,16:00,20,내부인력,8,4,Y,Y
경기도안양시동안구치매안심센터,헤아림,2025년 헤아림1기,2025-02-26,2025-03-20,10:00,12:00,17,내부인력,8,4,N,Y
경기도안양시동안구치매안심센터,헤아림,2024년 헤아림 4기 (비대면),2024-08-14,2024-10-04,14:00,15:00,5,내부인력,8,4,Y,Y
경기도안양시동안구치매안심센터,헤아림,2024년 헤아림4기,2024-08-29,2024-10-04,14:00,16:00,23,내부인력,6,4,Y,Y
경기도안양시동안구치매안심센터,헤아림,2024년 헤아림 3기(부흥동 치매안심마을),2024-04-18,2024-05-23,14:00,16:00,15,내부인력,6,4,N,Y
경기도안양시동안구치매안심센터,헤아림,2024년 헤아림3기(비대면),2024-04-09,2024-05-16,15:00,17:00,31,내부인력,7,4,N,Y
경기도안양시동안구치매안심센터,헤아림,2024년 헤아림1기(비대면),2024-02-29,2024-03-22,15:00,17:00,16,내부인력,7,4,N,Y
경기도안양시동안구치매안심센터,헤아림,2024년 헤아림2기,2024-02-22,2024-04-04,14:00,16:00,19,내부인력,7,4,Y,Y
경기도안양시동안구치매안심센터,헤아림,2024년 헤아림1기(쉼터 보호자),2024-02-20,2024-03-13,10:00,12:00,6,내부인력,7,4,N,Y
경기도안양시동안구치매안심센터,기타,치매를 맞이하는 첫걸음(비대면),2023-12-08,2023-12-08,09:30,10:30,4,내부인력,1,1,N,N
경기도안양시동안구치매안심센터,기타,치매를 맞이하는 첫걸음(비대면),2023-11-10,2023-11-10,09:00,10:30,2,내부인력,1,1,N,Y
경기도안양시동안구치매안심센터,기타,치매를 맞이하는 첫걸음(비대면),2023-10-20,2023-10-20,10:00,11:00,5,내부인력,1,1,N,Y
경기도안양시동안구치매안심센터,기타,치매를 맞이하는 첫걸음(비대면),2023-09-22,2023-09-26,10:00,11:00,10,내부인력,1,1,N,Y
경기도안양시동안구치매안심센터,헤아림,2023 헤아림 4기,2023-09-14,2023-10-25,00:00,00:00,15,내부인력,6,4,Y,Y
경기도안양시동안구치매안심센터,헤아림,2023 헤아림 4기(비대면),2023-08-17,2023-11-30,09:00,10:30,6,내부인력,6,4,N,Y
경기도안양시동안구치매안심센터,기타,치매를 맞이하는 첫걸음(비대면),2023-08-11,2023-08-11,10:00,11:00,12,내부인력,1,1,N,Y
경기도안양시동안구치매안심센터,기타,치매를 맞이하는 첫걸음(비대면),2023-07-07,2023-07-07,10:00,11:00,6,내부인력,1,1,N,Y
경기도안양시동안구치매안심센터,헤아림,2023 헤아림 3기,2023-06-15,2023-07-27,14:00,15:30,15,내부인력,6,4,Y,Y
경기도안양시동안구치매안심센터,기타,치매를 맞이하는 첫걸음(비대면),2023-06-02,2023-06-02,10:00,11:00,10,내부인력,1,1,N,Y
경기도안양시동안구치매안심센터,기타,치매를 맞이하는 첫걸음(비대면),2023-05-12,2023-05-12,10:00,11:00,6,내부인력,1,1,N,Y
경기도안양시동안구치매안심센터,기타,치매를 맞이하는 첫걸음(1:1 교육),2023-05-04,2023-05-11,10:00,11:00,1,내부인력,1,1,N,Y
경기도안양시동안구치매안심센터,기타,치매를 맞이하는 첫걸음(1:1 교육),2023-04-26,2023-04-26,10:00,11:00,2,내부인력,1,2,N,N
경기도안양시동안구치매안심센터,헤아림,2023 헤아림 2기,2023-04-13,2023-05-26,14:00,15:30,16,내부인력,7,4,Y,Y
경기도안양시동안구치매안심센터,기타,치매를 맞이하는 첫걸음(비대면),2023-04-06,2023-04-14,14:00,15:00,12,내부인력,1,1,N,N
경기도안양시동안구치매안심센터,헤아림,2023 헤아림 1기,2023-02-16,2023-03-29,14:00,15:30,18,내부인력,6,3,Y,Y
경기도안양시동안구치매안심센터,기타,치매를 맞이하는 첫걸음(비대면),2023-03-01,2023-03-07,14:00,15:00,20,내부인력,1,1,N,Y
경기도안양시동안구치매안심센터,기타,치매를 맞이하는 첫걸음(비대면),2023-02-03,2023-02-06,10:00,11:00,20,내부인력,1,1,Y,Y
경기도안양시동안구치매안심센터,헤아림,2022년 헤아림 3기,2022-10-25,2022-12-12,00:00,00:00,15,내부인력,7,3,Y,Y
경기도안양시동안구치매안심센터,기타,치매첫걸음,2022-10-25,2022-10-28,14:00,15:00,15,내부인력,1,1,Y,Y
경기도안양시동안구치매안심센터,헤아림,2022 헤아림 2기,2022-08-23,2022-10-06,14:00,15:00,12,내부인력,7,3,Y,N
경기도안양시동안구치매안심센터,기타,치매첫걸음,2022-08-23,2022-09-27,15:00,16:00,12,내부인력,1,1,Y,N
경기도안양시동안구치매안심센터,기타,치매첫걸음,2022-06-21,2022-07-21,15:00,16:00,6,내부인력,1,1,Y,Y
경기도안양시동안구치매안심센터,헤아림,2022 헤아림 1기,2022-05-10,2022-06-21,14:00,15:00,10,내부인력,7,3,Y,Y
경기도안양시동안구치매안심센터,헤아림,2021헤아림 2기,2021-06-16,2021-07-21,14:00,15:00,6,내부인력,6,4,Y,N
경기도안양시동안구치매안심센터,헤아림,2021 헤아림 1기,2021-04-20,2021-05-25,14:00,16:00,6,내부인력,6,4,Y,N
경기도안양시동안구치매안심센터,헤아림,헤아림 3기,2019-09-03,2019-09-26,14:00,17:00,6,내부인력,6,4,Y,Y
경기도안양시동안구치매안심센터,헤아림,헤아림2기,2019-06-11,2019-07-16,13:00,17:00,13,내부인력,6,4,Y,Y
경기도안양시동안구치매안심센터,헤아림,헤아림1기,2019-05-07,2019-05-28,13:00,17:00,11,내부인력,4,4,Y,Y
경기도안양시만안구치매안심센터,휴식공간,2025년 가족지원 통합프로그램 휴식공간 4기(오후),2025-09-03,2025-10-22,14:00,15:00,10,내부인력,7,4,Y,Y
경기도안양시만안구치매안심센터,휴식공간,2025년 가족지원 통합프로그램 휴식공간 3기(오전),2025-09-03,2025-10-22,10:00,11:00,20,내부인력,7,4,Y,Y
경기도안양시만안구치매안심센터,휴식공간,2025년 가족지원 통합프로그램 휴식공간 2기,2025-05-14,2025-06-25,10:00,11:00,10,내부인력,7,4,Y,Y
경기도안양시만안구치매안심센터,휴식공간,2025년 가족지원 통합프로그램 휴식공간 1기,2025-03-12,2025-04-23,10:00,11:00,10,내부인력,7,4,Y,Y
경기도안양시만안구치매안심센터,휴식공간,2024년 백세행복마을 가족교실,2024-10-16,2024-11-20,14:00,15:00,20,내부인력,6,4,Y,Y
경기도안양시만안구치매안심센터,헤아림,2024년 헤아림 가족교실(비대면) 5기,2024-10-08,2024-10-24,14:00,15:00,20,내부인력,6,4,N,Y
경기도안양시만안구치매안심센터,헤아림,2024년 헤아림 가족교실(비대면) 4기,2024-09-03,2024-09-24,14:00,15:00,20,내부인력,6,4,N,Y
경기도안양시만안구치매안심센터,헤아림,2024년 헤아림 가족교실(비대면) 3기,2024-08-06,2024-08-22,14:00,15:00,20,내부인력,6,4,N,Y
경기도안양시만안구치매안심센터,휴식공간,2024년 상반기 가족지원 통합프로그램 휴식공간,2024-05-20,2024-06-24,14:00,15:30,20,내부인력,6,4,Y,Y
경기도안양시만안구치매안심센터,헤아림,2024년 헤아림 가족교실(비대면) 2기,2024-03-26,2024-04-11,14:00,15:30,10,내부인력,6,4,N,Y
경기도안양시만안구치매안심센터,헤아림,2024년  헤아림 가족교실(비대면) 1기,2024-02-20,2024-03-07,14:00,15:30,10,내부인력,6,4,N,Y
경기도안양시만안구치매안심센터,헤아림,2023년 대면 헤아림 가족교실 1기,2023-06-30,2023-08-11,14:00,16:00,20,내부인력,6,3,N,Y
경기도안양시만안구치매안심센터,헤아림,2023년 비대면 헤아림 가족교실 4기,2023-06-29,2023-08-03,14:00,16:00,15,내부인력,6,4,N,Y
경기도안양시만안구치매안심센터,헤아림,2023년 비대면 헤아림 가족교실 3기,2023-06-27,2023-08-01,14:00,16:00,15,내부인력,6,4,N,Y
경기도안양시만안구치매안심센터,기타,찾아가는 1:1가족교실<치매를 맞이하는 첫걸음>,2023-06-14,2023-06-14,09:30,11:30,2,내부인력,1,1,N,Y
경기도안양시만안구치매안심센터,기타,찾아가는 1:1 가족교실 <치매를 맞이하는 첫걸음>,2023-05-09,2023-05-09,15:00,16:00,1,내부인력,1,1,N,Y
경기도안양시만안구치매안심센터,기타,찾아가는 1:1 가족교실 <치매를 맞이하는 첫걸음>,2023-05-09,2023-05-09,13:30,14:50,1,내부인력,1,1,N,Y
경기도안양시만안구치매안심센터,기타,찾아가는 1:1 가족교실 <치매를 맞이하는 첫걸음>,2023-03-29,2023-03-29,14:00,15:30,2,내부인력,1,1,N,Y
경기도안양시만안구치매안심센터,기타,찾아가는 1:1 가족교실 <치매를 맞이하는 첫걸음>,2023-03-27,2023-03-27,13:30,17:30,1,내부인력,1,1,N,Y
경기도안양시만안구치매안심센터,헤아림,2023년 비대면가족교실 헤아림2기,2023-03-23,2023-04-27,14:00,15:00,17,내부인력,6,1,N,Y
경기도안양시만안구치매안심센터,헤아림,2023년 비대면가족교실 헤아림 1기,2023-03-21,2023-04-25,14:00,15:00,16,내부인력,6,3,N,Y
경기도안양시만안구치매안심센터,기타,찾아가는 1:1 가족교실 <치매를 맞이하는 첫걸음>,2023-03-15,2023-03-15,13:30,14:30,1,내부인력,1,1,N,Y
경기도안양시만안구치매안심센터,기타,찾아가는 1:1 가족교실 <치매를 맞이하는 첫걸음>,2023-03-15,2023-03-15,15:00,15:30,1,내부인력,1,1,N,Y
경기도안양시만안구치매안심센터,기타,찾아가는 1:1 가족교실 <치매를 맞이하는 첫걸음>,2023-03-15,2023-03-15,13:30,14:00,1,내부인력,1,1,N,Y
경기도안양시만안구치매안심센터,기타,찾아가는 1:1 가족교실 <치매를 맞이하는 첫걸음>,2023-03-13,2023-03-13,14:30,15:00,1,내부인력,1,1,N,Y
경기도안양시만안구치매안심센터,기타,찾아가는 1:1 가족교실 <치매를 맞이하는 첫걸음>,2023-03-09,2023-03-09,10:00,10:30,1,내부인력,1,1,N,Y
경기도안양시만안구치매안심센터,기타,찾아가는 1:1 가족교실 <치매를 맞이하는 첫걸음>,2023-03-08,2023-03-08,10:00,10:30,1,내부인력,1,1,N,Y
경기도안양시만안구치매안심센터,기타,찾아가는 1:1 가족교실 <치매를 맞이하는 첫걸음>,2023-03-08,2023-03-08,10:30,11:00,1,내부인력,1,1,N,Y
경기도안양시만안구치매안심센터,기타,찾아가는 1:1 가족교실 <치매를 맞이하는 첫걸음>,2023-03-07,2023-03-07,11:00,11:30,1,내부인력,1,1,N,Y
경기도안양시만안구치매안심센터,기타,찾아가는 1:1 가족교실 <치매를 맞이하는 첫걸음>,2023-03-07,2023-03-07,11:00,11:30,1,내부인력,1,1,N,Y
경기도안양시만안구치매안심센터,기타,찾아가는 1:1 가족교실 <치매를 맞이하는 첫걸음>,2023-03-07,2023-03-07,10:30,11:30,1,내부인력,1,1,N,Y
경기도안양시만안구치매안심센터,기타,찾아가는 1:1 가족교실 <치매를 맞이하는 첫걸음>,2023-03-07,2023-03-07,10:00,10:30,1,내부인력,1,1,N,Y
경기도안양시만안구치매안심센터,기타,찾아가는 1:1 가족교실 <치매를 맞이하는 첫걸음>,2023-02-10,2023-02-10,10:00,11:00,1,내부인력,1,1,N,Y
경기도안양시만안구치매안심센터,기타,찾아가는 1:1 가족교실 <치매를 맞이하는 첫걸음>,2023-02-09,2023-02-09,09:30,10:00,1,내부인력,1,1,N,Y
경기도안양시만안구치매안심센터,기타,찾아가는 1:1 가족교실 <치매를 맞이하는 첫걸음>,2023-02-09,2023-02-09,10:30,11:30,1,내부인력,1,1,N,Y
경기도안양시만안구치매안심센터,기타,찾아가는 1:1 가족교실 <치매를 맞이하는 첫걸음>,2023-02-03,2023-02-03,10:00,11:00,1,내부인력,1,1,N,Y
경기도안양시만안구치매안심센터,기타,찾아가는 1:1 가족교실 <치매를 맞이하는 첫걸음>,2023-01-26,2023-01-26,11:00,12:00,1,내부인력,1,1,N,Y
경기도안양시만안구치매안심센터,기타,찾아가는 1:1 가족교실 <치매를 맞이하는 첫걸음>,2023-01-26,2023-01-26,10:00,11:00,1,내부인력,1,1,N,Y
경기도안양시만안구치매안심센터,기타,찾아가는 1:1 가족교실 <치매를 맞이하는 첫걸음>,2023-01-18,2023-01-18,10:30,11:30,1,내부인력,1,1,N,Y
경기도안양시만안구치매안심센터,기타,찾아가는 1:1 가족교실 <치매를 맞이하는 첫걸음>,2023-01-04,2023-01-04,10:30,11:30,1,내부인력,1,1,N,Y
경기도안양시만안구치매안심센터,기타,찾아가는 1:1 가족교실 <치매를 맞이하는 첫걸음>,2022-12-16,2022-12-16,10:30,11:10,1,내부인력,1,1,N,Y
경기도안양시만안구치매안심센터,기타,찾아가는 1:1 가족교실 <치매를 맞이하는 첫걸음>,2022-12-16,2022-12-16,10:00,11:00,1,내부인력,1,1,N,Y
경기도안양시만안구치매안심센터,기타,찾아가는 1:1 가족교실 <치매를 맞이하는 첫걸음>,2022-12-15,2022-12-15,10:00,11:00,1,내부인력,1,1,N,Y
경기도안양시만안구치매안심센터,기타,찾아가는 1:1 가족교실 <치매를 맞이하는 첫걸음>,2022-12-07,2022-12-07,14:30,15:30,1,내부인력,1,1,N,Y
경기도안양시만안구치매안심센터,기타,찾아가는 1:1 가족교실 <치매를 맞이하는 첫걸음>,2022-12-07,2022-12-07,14:00,14:50,1,내부인력,1,1,N,Y
경기도안양시만안구치매안심센터,기타,찾아가는 1:1 가족교실 <치매를 맞이하는 첫걸음>,2022-11-16,2022-11-16,09:30,10:30,1,내부인력,1,1,N,Y
경기도안양시만안구치매안심센터,기타,찾아가는 1:1 가족교실 <치매를 맞이하는 첫걸음>,2022-11-16,2022-11-16,10:30,11:30,1,내부인력,1,1,N,Y
경기도안양시만안구치매안심센터,기타,찾아가는 1:1 가족교실 <치매를 맞이하는 첫걸음>,2022-11-07,2022-11-07,10:00,11:00,1,내부인력,1,1,N,N
경기도안양시만안구치매안심센터,기타,찾아가는 1:1 가족교실 <치매를 맞이하는 첫걸음>,2022-11-03,2022-11-03,10:00,11:00,1,내부인력,1,1,N,N
경기도안양시만안구치매안심센터,헤아림,2022년 비대면 가족교실 헤아림 3기,2022-11-03,2022-12-08,14:00,16:00,17,내부인력,6,3,N,Y
경기도안양시만안구치매안심센터,기타,찾아가는 1:1 가족교실 <치매를 맞이하는 첫걸음>,2022-11-01,2022-11-01,10:30,11:30,1,내부인력,1,1,N,Y
경기도안양시만안구치매안심센터,기타,찾아가는 1:1 가족교실 <치매를 맞이하는 첫걸음>,2022-11-01,2022-11-01,10:00,11:00,1,내부인력,1,1,N,Y
경기도안양시만안구치매안심센터,기타,찾아가는 1:1 가족교실 <치매를 맞이하는 첫걸음>,2022-10-25,2022-10-25,17:00,18:00,1,내부인력,1,1,N,Y
경기도안양시만안구치매안심센터,기타,찾아가는 1:1 가족교실 <치매를 맞이하는 첫걸음>,2022-10-06,2022-10-06,10:00,11:00,1,내부인력,1,1,N,Y
경기도안양시만안구치매안심센터,기타,찾아가는 1:1 가족교실 <치매를 맞이하는 첫걸음>,2022-09-26,2022-09-26,10:00,11:00,1,내부인력,1,1,N,Y
경기도안양시만안구치매안심센터,기타,찾아가는 1:1 가족교실 <치매를 맞이하는 첫걸음>,2022-09-07,2022-09-07,10:00,11:00,1,내부인력,1,1,N,Y
경기도안양시만안구치매안심센터,기타,찾아가는 1:1 가족교실 <치매를 맞이하는 첫걸음>,2022-09-06,2022-09-06,14:00,15:00,1,내부인력,1,1,N,Y
경기도안양시만안구치매안심센터,기타,찾아가는 1:1 가족교실 <치매를 맞이하는 첫걸음>,2022-09-02,2022-09-02,14:00,15:00,1,내부인력,1,1,N,N
경기도안양시만안구치매안심센터,헤아림,2022년 비대면 가족교실 헤아림 2기,2022-08-25,2022-09-29,14:00,15:00,11,내부인력,6,3,N,Y
경기도안양시만안구치매안심센터,기타,찾아가는 1:1 가족교실 <치매를 맞이하는 첫걸음>,2022-08-26,2022-08-26,10:00,11:00,1,내부인력,1,1,N,Y
경기도안양시만안구치매안심센터,기타,찾아가는 1:1 가족교실 <치매를 맞이하는 첫걸음>,2022-08-19,2022-08-19,10:20,11:00,1,내부인력,1,1,N,N
경기도안양시만안구치매안심센터,기타,찾아가는 1:1 가족교실 <치매를 맞이하는 첫걸음>,2022-08-17,2022-08-17,10:30,11:30,1,내부인력,1,1,N,Y
경기도안양시만안구치매안심센터,기타,찾아가는 1:1 가족교실 <치매를 맞이하는 첫걸음>,2022-08-16,2022-08-16,10:00,11:30,1,내부인력,1,1,N,N
경기도안양시만안구치매안심센터,기타,찾아가는 1:1 가족교실 <치매를 맞이하는 첫걸음>,2022-08-03,2022-08-03,13:30,14:30,1,내부인력,1,1,N,Y
경기도안양시만안구치매안심센터,기타,찾아가는 1:1 가족교실 <치매를 맞이하는 첫걸음>,2022-07-27,2022-07-27,10:00,11:00,1,내부인력,1,1,N,Y
경기도안양시만안구치매안심센터,기타,찾아가는 1:1 가족교실 <치매를 맞이하는 첫걸음>,2022-07-25,2022-07-25,09:20,13:20,1,내부인력,1,1,N,Y
경기도안양시만안구치매안심센터,기타,찾아가는 1:1 가족교실 <치매를 맞이하는 첫걸음>,2022-07-19,2022-07-19,10:00,11:30,1,내부인력,1,1,N,Y
경기도안양시만안구치매안심센터,기타,찾아가는 1:1 가족교실 <치매를 맞이하는 첫걸음>,2022-07-15,2022-07-15,10:00,11:00,1,내부인력,1,1,N,Y
경기도안양시만안구치매안심센터,기타,찾아가는 1:1 가족교실 <치매를 맞이하는 첫걸음>,2022-07-08,2022-07-08,10:00,11:00,1,내부인력,1,1,N,Y
경기도안양시만안구치매안심센터,헤아림,2022년 대면 가족교실 헤아림 1기,2022-07-01,2022-08-05,14:00,16:00,7,내부인력,6,3,N,Y
경기도안양시만안구치매안심센터,기타,치매를 맞이하는 첫걸음,2022-06-24,2022-06-24,14:00,16:00,6,내부인력,1,1,N,Y
경기도안양시만안구치매안심센터,헤아림,2022년 비대면 가족교실 헤아림 1기,2022-06-24,2022-07-29,14:00,16:00,12,내부인력,6,4,N,Y
경기도안양시만안구치매안심센터,헤아림,비대면 가족교실 헤아림 2기,2021-06-03,2021-07-08,14:00,16:00,9,내부인력,6,4,N,Y
경기도안양시만안구치매안심센터,헤아림,비대면 가족교실 헤아림 1기,2021-04-08,2021-05-13,10:00,12:00,9,내부인력,6,4,N,Y
경기도안양시만안구치매안심센터,헤아림,치매가족교실4기,2019-09-23,2019-10-28,09:30,11:30,10,내부인력,6,4,Y,Y
경기도안양시만안구치매안심센터,헤아림,치매가족교실 3기,2019-08-07,2019-09-10,13:30,15:30,10,내부인력,6,4,Y,Y
경기도안양시만안구치매안심센터,헤아림,치매가족교실 2기,2019-06-05,2019-06-28,14:00,16:00,10,내부인력,8,4,Y,Y
경기도안양시만안구치매안심센터,헤아림,치매가족교실 1기,2019-05-03,2019-05-29,14:00,16:00,10,내부인력,8,4,Y,Y
경기도안양시만안구치매안심센터,헤아림,치매환자 '헤아림' 가족교실,2018-10-04,2018-10-30,14:00,16:00,10,내부인력,8,4,Y,Y
경기도양주시치매안심센터,헤아림,2025년 헤아림 가족교실 (서부),2025-07-04,2025-08-29,14:00,16:00,7,내부인력,8,4,N,Y
경기도양주시치매안심센터,헤아림,2025년도 마음정원가족교실 3기 (동부),2025-05-07,2025-06-25,10:00,12:00,10,내부인력,8,1,Y,Y
경기도양주시치매안심센터,가치돌봄(집중),2025년 헤아림 가족교실  2기 (동부),2025-04-08,2025-06-10,14:00,16:00,15,내부인력,8,1,N,Y
경기도양주시치매안심센터,헤아림,2025년 헤아림가족교실 1기(동부),2025-02-25,2025-03-21,14:00,16:00,10,내부인력,8,1,N,Y
경기도양주시치매안심센터,헤아림,2024년 헤아림 가족교실 5기 (동부),2024-10-15,2024-11-07,14:00,17:00,10,내부인력,8,1,Y,Y
경기도양주시치매안심센터,헤아림,2024년 헤아림 가족교실 4기 (동부),2024-08-29,2024-09-19,14:00,17:00,10,내부인력,8,1,Y,Y
경기도양주시치매안심센터,헤아림,2024년 헤아림 가족교실 3기 (동부),2024-05-09,2024-05-30,14:00,17:00,10,내부인력,8,4,Y,Y
경기도양주시치매안심센터,헤아림,2024년 헤아림 가족교실 2기(동부),2024-03-28,2024-04-18,14:00,17:00,6,내부인력,8,4,Y,Y
경기도양주시치매안심센터,헤아림,2024년 헤아림 가족교실 1기(동부),2024-02-15,2024-03-07,14:00,17:00,6,내부인력,8,4,N,Y
경기도양주시치매안심센터,헤아림,2023년 헤아림 가족교실 4기(동부),2023-08-31,2023-09-21,14:00,17:00,15,내부인력,8,4,Y,N
경기도양주시치매안심센터,헤아림,2023년 헤아림 가족교실 3기(동부),2023-07-20,2023-08-18,14:00,17:00,10,내부인력,8,4,Y,Y
경기도양주시치매안심센터,헤아림,2023년 헤아림 가족교실 (서부),2023-07-07,2023-07-28,14:00,17:00,7,내부인력,8,4,N,Y
경기도양주시치매안심센터,헤아림,2023년 헤아림 가족교실 2기(동부),2023-06-08,2023-06-29,14:00,17:00,6,내부인력,8,4,Y,Y
경기도양주시치매안심센터,기타,2023년 치매를 맞이하는 첫걸음(동부),2023-05-15,2023-05-15,13:00,15:00,1,내부인력,1,1,Y,Y
경기도양주시치매안심센터,기타,2023년 치매를 맞이하는 첫걸음(동부),2023-05-15,2023-05-15,09:00,11:00,1,내부인력,1,1,N,Y
경기도양주시치매안심센터,기타,2023년 치매를 맞이하는 첫걸음(동부),2023-05-08,2023-05-08,14:00,16:00,1,내부인력,1,1,N,Y
경기도양주시치매안심센터,기타,2023년 치매를 맞이하는 첫걸음(동부),2023-03-21,2023-03-21,16:00,18:00,1,내부인력,1,1,N,Y
경기도양주시치매안심센터,기타,2023년 치매를 맞이하는 첫걸음(동부),2023-03-16,2023-03-16,10:00,12:00,1,내부인력,1,1,N,Y
경기도양주시치매안심센터,기타,2023년 치매를 맞이하는 첫걸음(동부),2023-03-14,2023-03-14,14:00,16:00,1,내부인력,1,1,Y,Y
경기도양주시치매안심센터,기타,2023년 치매를 맞이하는 첫걸음(동부),2023-03-10,2023-03-10,13:00,15:00,1,내부인력,1,1,Y,Y
경기도양주시치매안심센터,헤아림,2023년 헤아림 가족교실 1기(동부),2023-03-09,2023-03-30,14:00,17:00,7,내부인력,8,4,N,Y
경기도양주시치매안심센터,기타,2023년 치매를 맞이하는 첫걸음(동부),2023-03-08,2023-03-08,09:00,11:00,1,내부인력,1,1,Y,Y
경기도양주시치매안심센터,기타,2023년 치매를 맞이하는 첫걸음(동부),2023-03-07,2023-03-07,13:00,15:00,1,내부인력,1,1,Y,Y
경기도양주시치매안심센터,기타,2023년 치매를 맞이하는 첫걸음(동부),2023-02-09,2023-02-09,13:00,15:00,1,내부인력,1,1,N,Y
경기도양주시치매안심센터,기타,2023년 치매를 맞이하는 첫걸음(동부),2023-02-07,2023-02-07,10:00,12:00,1,내부인력,1,1,N,Y
경기도양주시치매안심센터,기타,2023년 치매를 맞이하는 첫걸음(동부),2023-02-03,2023-02-03,10:00,12:00,1,내부인력,1,1,Y,Y
경기도양주시치매안심센터,기타,2022년 치매를 맞이하는 첫걸음(동부),2022-12-21,2022-12-21,16:00,18:00,1,내부인력,1,1,N,Y
경기도양주시치매안심센터,기타,2022년 치매를 맞이하는 첫걸음(동부),2022-12-20,2022-12-20,13:00,15:00,1,내부인력,1,1,N,Y
경기도양주시치매안심센터,기타,2022년 치매를 맞이하는 첫걸음(동부),2022-12-06,2022-12-06,14:00,16:00,1,내부인력,1,1,N,Y
경기도양주시치매안심센터,기타,2022년 치매를 맞이하는 첫걸음(동부),2022-11-25,2022-11-25,10:00,12:00,1,내부인력,1,1,N,Y
경기도양주시치매안심센터,기타,2022년 치매를 맞이하는 첫걸음(동부),2022-11-22,2022-11-22,13:00,15:00,1,내부인력,1,1,N,Y
경기도양주시치매안심센터,기타,2022년 치매를 맞이하는 첫걸음(동부),2022-10-27,2022-10-27,13:00,15:00,1,내부인력,1,1,Y,Y
경기도양주시치매안심센터,기타,2022년 치매를 맞이하는 첫걸음(동부),2022-09-21,2022-09-21,13:00,15:00,1,내부인력,1,1,Y,Y
경기도양주시치매안심센터,기타,2022년 치매를 맞이하는 첫걸음(동부),2022-10-06,2022-10-06,13:00,15:00,1,내부인력,1,1,N,Y
경기도양주시치매안심센터,기타,2022년 치매를 맞이하는 첫걸음(동부),2022-09-27,2022-09-27,14:00,16:00,1,내부인력,1,1,N,Y
경기도양주시치매안심센터,기타,2022년 치매를 맞이하는 첫걸음(동부),2022-09-30,2022-09-30,13:00,15:00,1,내부인력,1,1,N,Y
경기도양주시치매안심센터,기타,2022년 치매를 맞이하는 첫걸음(동부),2022-09-16,2022-09-16,09:00,11:00,1,내부인력,1,1,N,Y
경기도양주시치매안심센터,기타,2022년 치매를 맞이하는 첫걸음(동부),2022-09-15,2022-09-15,09:00,11:00,1,내부인력,1,1,Y,Y
경기도양주시치매안심센터,기타,2022년 치매를 맞이하는 첫걸음(동부),2022-09-13,2022-09-13,14:00,16:00,1,내부인력,1,1,Y,Y
경기도양주시치매안심센터,기타,2022년 치매를 맞이하는 첫걸음(동부),2022-08-19,2022-08-19,16:00,18:00,1,내부인력,1,1,Y,Y
경기도양주시치매안심센터,기타,2022년 치매를 맞이하는 첫걸음(동부),2022-08-18,2022-08-18,13:30,15:30,1,내부인력,1,1,N,Y
경기도양주시치매안심센터,기타,2022년 치매를 맞이하는 첫걸음(동부),2022-07-21,2022-07-21,10:00,12:00,1,내부인력,1,1,Y,Y
경기도양주시치매안심센터,기타,2022년 치매를 맞이하는 첫걸음(동부),2022-06-30,2022-06-30,10:00,12:00,1,내부인력,1,1,Y,Y
경기도양주시치매안심센터,기타,2022년 치매를 맞이하는 첫걸음(동부),2022-05-24,2022-05-24,14:00,16:00,1,내부인력,1,1,Y,Y
경기도양주시치매안심센터,기타,2022년 치매를 맞이하는 첫걸음(동부),2022-06-03,2022-06-03,10:00,12:00,1,내부인력,1,1,Y,Y
경기도양주시치매안심센터,기타,2022년 치매를 맞이하는 첫걸음(동부),2022-05-16,2022-05-16,09:00,11:00,1,내부인력,1,1,Y,Y
경기도양주시치매안심센터,헤아림,2019헤아림가족교실4기,2019-08-12,2019-09-06,09:30,11:30,8,내부인력,8,4,Y,Y
경기도양주시치매안심센터,헤아림,2019헤아림가족교실3기,2019-07-10,2019-08-02,09:30,11:30,8,내부인력,8,4,Y,Y
경기도양주시치매안심센터,헤아림,2019헤아림가족교실2기,2019-06-07,2019-07-01,14:00,16:00,10,내부인력,8,4,Y,N
경기도양주시치매안심센터,헤아림,2019헤아림가족교실,2019-04-19,2019-05-17,14:00,16:00,10,내부인력,8,4,Y,Y
경기도양주시치매안심센터,헤아림,헤아림가족교실2기,2018-10-02,2018-10-30,10:00,11:00,5,내부인력,8,5,Y,Y
경기도양주시치매안심센터,헤아림,헤아림가족교실,2018-06-05,2018-06-28,10:00,11:00,6,내부인력,8,5,Y,Y
경기도양평군치매안심센터,기타,2025년 「숨은 마음 찾기」가족교실 (3기),2025-10-13,2025-11-03,14:00,15:30,5,내부인력,4,1,Y,Y
경기도양평군치매안심센터,기타,2025년 「숨은 마음 찾기」가족교실 (2기),2025-08-04,2025-08-25,14:00,15:30,10,내부인력,4,1,Y,Y
경기도양평군치매안심센터,헤아림,2025 「헤아림」가족교실 (1기),2025-04-07,2025-04-28,14:00,16:30,5,내부인력,8,1,Y,Y
경기도양평군치매안심센터,기타,신규등록 치매환자 가족교육(치매를 맞이하는 첫걸음),2024-09-26,2024-09-26,14:00,16:00,9,내부인력,1,1,Y,N
경기도양평군치매안심센터,기타,2024년 치매가족교실 숨은마음찾기(2차),2024-09-23,2024-09-30,13:00,17:00,10,내부인력,4,3,Y,Y
경기도양평군치매안심센터,기타,2024년 치매가족교실 숨은마음찾기(1차),2024-06-20,2024-06-27,09:00,12:00,10,내부인력,4,3,Y,Y
경기도양평군치매안심센터,기타,신규등록 치매환자 가족교육(치매를 맞이하는 첫걸음),2023-12-21,2023-12-21,14:00,16:00,2,내부인력,1,1,Y,Y
경기도양평군치매안심센터,기타,2023년 치매가족지지프로그램 숨은마음찾기(2차),2023-10-05,2023-10-26,14:00,16:00,5,내부인력,4,3,Y,Y
경기도양평군치매안심센터,기타,신규등록 치매환자 가족교육(치매를 맞이하는 첫걸음),2023-09-22,2023-09-22,14:00,16:00,4,내부인력,1,1,Y,Y
경기도양평군치매안심센터,기타,신규등록 치매환자 가족교육(치매를 맞이하는 첫걸음),2023-03-29,2023-03-29,14:00,16:00,8,내부인력,1,1,Y,Y
경기도양평군치매안심센터,기타,2023년 치매가족지지프로그램 숨은마음찾기(1차),2023-06-07,2023-06-28,10:00,12:00,10,내부인력,4,3,Y,Y
경기도양평군치매안심센터,기타,신규등록 치매환자 가족교육(치매를 맞이하는 첫걸음),2023-06-29,2023-06-29,10:00,12:00,8,내부인력,1,1,Y,N
경기도양평군치매안심센터,기타,신규등록 치매환자 가족교육(치매를 맞이하는 첫걸음),2022-11-30,2022-11-30,14:00,16:00,5,내부인력,1,1,Y,Y
경기도양평군치매안심센터,기타,숨은마음찾기(22년 개정) 프로그램 시범운영(양평군),2022-10-28,2022-11-18,10:00,12:00,10,내부인력,4,3,Y,Y
경기도양평군치매안심센터,기타,신규등록 치매환자가족교육(치매를 맞이하는 첫걸음),2022-09-28,2022-09-28,14:00,16:00,2,내부인력,1,1,Y,Y
경기도양평군치매안심센터,기타,경기도 광역치매센터 보급 치매가족 프로그램 '숨은마음찾기',2022-05-20,2022-06-10,10:00,12:00,5,내부인력,4,3,Y,Y
경기도양평군치매안심센터,기타,숨은마음찾기 프로그램 시범운영(양평군),2021-08-23,2021-09-13,14:00,16:00,6,내부인력,4,3,Y,N
경기도양평군치매안심센터,기타,2021년 일상의 회복 시범운영,2021-06-16,2021-07-07,10:00,12:00,5,내부인력,4,3,Y,N
경기도양평군치매안심센터,헤아림,헤아림,2019-08-26,2019-10-14,14:00,16:00,10,내부인력,8,4,Y,N
경기도양평군치매안심센터,헤아림,헤아림,2019-06-24,2019-08-19,13:30,15:30,8,내부인력,8,4,Y,N
경기도양평군치매안심센터,헤아림,헤아림,2019-05-07,2019-06-25,14:00,16:00,10,내부인력,8,4,Y,Y
경기도양평군치매안심센터,헤아림,헤아림,2018-07-04,2018-08-29,14:00,16:00,4,내부인력,8,6,Y,N
경기도양평군치매안심센터,헤아림,헤아림,2018-04-12,2018-06-07,14:00,16:00,7,내부인력,8,6,Y,Y
경기도여주시치매안심센터,기타,2025년 돌봄자를 돌보는 프로그램   '가치돌봄',2025-10-13,2025-11-05,14:00,16:00,7,내부인력,8,5,Y,N
경기도여주시치매안심센터,휴식공간,2025년 가족교실『휴(休)식(識)공(共)간(看)』 3기,2025-06-18,2025-07-23,14:00,16:00,10,내부인력,6,4,Y,Y
경기도여주시치매안심센터,휴식공간,2025년 가족교실『휴(休)식(識)공(共)간(看)』 2기,2025-04-02,2025-05-07,14:00,16:00,7,내부인력,6,4,Y,N
경기도여주시치매안심센터,휴식공간,2025년 가족교실『휴(休)식(識)공(共)간(看)』 1기,2025-02-05,2025-03-12,14:00,16:00,7,내부인력,6,4,Y,Y
경기도여주시치매안심센터,휴식공간,2024년 치매환자 가족지원 통합프로그램『휴(休)식(識)공(共)간(看)』 3기,2024-08-07,2024-09-11,13:30,15:30,9,내부인력,6,4,Y,Y
경기도여주시치매안심센터,기타,2024년 가족교실 심화과정 <숨은 마음 찾기>,2024-07-09,2024-07-30,13:30,15:30,9,내부인력,4,4,Y,Y
경기도여주시치매안심센터,휴식공간,2024년 치매환자 가족지원 통합프로그램『휴(休)식(識)공(共)간(看)』 2기,2024-06-12,2024-07-17,14:00,16:00,4,내부인력,6,4,Y,Y
경기도여주시치매안심센터,헤아림,2024년 공립병원연계 가족교실 「헤아림」,2024-04-19,2024-06-01,10:00,12:00,5,내부인력,5,5,N,Y
경기도여주시치매안심센터,휴식공간,2024년 치매환자 가족지원 통합프로그램『휴(休)식(識)공(共)간(看)』 1기,2024-03-19,2024-04-23,13:30,15:30,4,내부인력,6,4,Y,Y
경기도여주시치매안심센터,휴식공간,2023년 치매환자 가족지원 통합프로그램『휴(休)식(識)공(共)간(看)』 5기,2023-09-27,2023-10-30,13:30,15:30,5,내부인력,6,4,Y,Y
경기도여주시치매안심센터,휴식공간,2023년 치매환자 가족지원 통합프로그램『휴(休)식(識)공(共)간(看)』 4기,2023-08-07,2023-09-29,13:00,15:00,4,내부인력,6,4,N,Y
경기도여주시치매안심센터,휴식공간,2023년 치매환자 가족지원 통합프로그램『휴(休)식(識)공(共)간(看)』 3기,2023-08-09,2023-09-20,13:30,15:30,4,내부인력,6,4,Y,Y
경기도여주시치매안심센터,휴식공간,2023년 치매환자 가족지원 통합프로그램『휴(休)식(識)공(共)간(看)』 2기,2023-06-08,2023-07-13,13:30,15:30,3,내부인력,6,4,Y,N
경기도여주시치매안심센터,휴식공간,2023년 치매환자 가족지원 통합프로그램『휴(休)식(識)공(共)간(看)』 1기,2023-06-07,2023-07-12,13:30,15:30,3,내부인력,6,4,Y,Y
경기도여주시치매안심센터,기타,치매를 맞이하는 첫걸음,2023-04-28,2023-04-28,14:00,16:00,12,내부인력,1,1,Y,Y
경기도여주시치매안심센터,기타,치매를 맞이하는 첫걸음,2023-03-24,2023-03-24,14:00,16:00,5,내부인력,1,1,N,Y
경기도여주시치매안심센터,기타,치매를 맞이하는 첫걸음,2023-02-24,2023-02-24,14:00,16:00,5,내부인력,1,1,N,Y
경기도여주시치매안심센터,기타,치매를 맞이하는 첫걸음,2023-01-25,2023-01-25,14:00,16:00,5,내부인력,1,1,N,Y
경기도여주시치매안심센터,헤아림,2022년 희망가득 가족지지프로그램 가족교실,2022-11-02,2022-12-27,14:00,16:00,5,내부인력,8,6,Y,Y
경기도여주시치매안심센터,헤아림,2020년 헤아림 치매가족교실,2020-11-03,2021-04-06,13:30,14:30,2,내부인력,8,4,N,Y
경기도여주시치매안심센터,헤아림,2020년 남부 <헤아림> 가족교실,2020-11-03,2021-03-26,10:30,14:30,2,내부인력,11,4,N,Y
경기도여주시치매안심센터,헤아림,2020년 북부 헤아림 치매가족교실,2020-11-03,2021-03-25,13:30,14:30,2,내부인력,8,8,N,Y
경기도여주시치매안심센터,헤아림,2019년 하반기 헤아림 가족교실,2019-09-19,2019-10-31,09:00,11:00,9,내부인력,8,4,Y,Y
경기도여주시치매안심센터,헤아림,2019년 헤아림 가족교실,2019-04-18,2019-06-13,10:00,12:00,10,내부인력,8,4,Y,N
경기도여주시치매안심센터,헤아림,헤아림 가족교실 B,2018-10-05,2018-10-31,10:00,11:00,10,내부인력,8,3,Y,N
경기도여주시치매안심센터,헤아림,헤아림 가족교실 A,2018-10-01,2018-10-25,10:00,11:00,10,내부인력,8,3,Y,N
경기도연천군치매안심센터,헤아림,2025 하반기 헤아림,2025-10-23,2025-11-13,09:00,12:00,8,외부인력,4,2,N,N
경기도연천군치매안심센터,헤아림,2025 상반기 헤아림,2025-03-13,2025-04-03,09:00,12:00,6,외부인력,4,2,Y,Y
경기도연천군치매안심센터,헤아림,2024 헤아림 가족교실 1기,2024-07-16,2024-08-02,09:30,12:00,10,외부인력,5,3,N,Y
경기도연천군치매안심센터,헤아림,2023 헤아림 가족교실,2023-07-06,2023-08-03,09:00,12:00,10,외부인력,4,3,N,Y
경기도연천군치매안심센터,헤아림,2019년 헤아림2기,2019-08-14,2019-10-02,10:00,12:00,10,내부인력,8,4,Y,Y
경기도연천군치매안심센터,헤아림,2019년 헤아림 1기수,2019-01-29,2019-03-26,14:00,15:30,10,내부인력,8,5,Y,Y
경기도오산시치매안심센터,가치돌봄(집중),25년 가치돌봄 가족교실 3기,2025-10-15,2025-12-03,14:00,15:00,10,내부인력,8,4,Y,N
경기도오산시치매안심센터,가치돌봄(집중),25년 가치돌봄 가족교실 2기,2025-05-22,2025-07-10,14:00,15:00,10,내부인력,8,4,Y,Y
경기도오산시치매안심센터,헤아림,25년 헤아림 가족교실 1기,2025-03-05,2025-04-23,14:00,15:00,12,내부인력,8,4,Y,Y
경기도오산시치매안심센터,가치돌봄(선택),2024년 가치돌봄 가족교실 4기,2024-11-20,2024-12-11,14:00,15:00,10,내부인력,4,4,Y,Y
경기도오산시치매안심센터,헤아림,2024년 치매가족교실 3기,2024-09-04,2024-11-06,14:00,15:00,10,내부인력,8,4,Y,Y
경기도오산시치매안심센터,헤아림,2024년 치매가족교실 2기,2024-06-10,2024-07-03,14:00,15:00,10,내부인력,8,4,Y,Y
경기도오산시치매안심센터,헤아림,2024년 치매가족교실 1기,2024-03-26,2024-04-18,14:00,15:00,10,내부인력,8,4,Y,Y
경기도오산시치매안심센터,헤아림,2023년 치매가족교실 3기(헤아림),2023-10-12,2023-11-02,13:30,16:00,7,내부인력,4,2,Y,Y
경기도오산시치매안심센터,헤아림,2023년 가족교실 2기(헤아림),2023-07-06,2023-07-27,14:00,15:00,10,내부인력,4,2,N,Y
경기도오산시치매안심센터,헤아림,2023 가족교실 1기,2023-03-08,2023-03-29,14:00,15:00,10,외부인력,1,4,N,Y
경기도오산시치매안심센터,기타,2022 치매가족교실 3기 (숨은마음찾기),2022-09-02,2022-09-30,13:00,15:00,7,내부인력,4,4,Y,Y
경기도오산시치매안심센터,헤아림,2022년 가족교실 '헤아림교실' 2차,2022-06-08,2022-06-29,14:00,16:00,8,내부인력,4,4,Y,Y
경기도오산시치매안심센터,헤아림,2022년 비대면 가족교실 '헤아림교실' 1차,2022-04-13,2022-05-04,14:00,16:00,8,내부인력,4,4,N,Y
경기도오산시치매안심센터,기타,숨은마음찾기 프로그램 시범운영 (오산시),2021-09-28,2021-10-07,09:30,11:30,5,내부인력,4,3,Y,N
경기도오산시치매안심센터,헤아림,온라인 헤아림교실 2차,2021-06-09,2021-06-30,14:00,16:00,13,내부인력,4,0,N,Y
경기도오산시치매안심센터,헤아림,온라인 헤아림교실 1차,2021-04-07,2021-04-28,14:00,16:00,12,내부인력,4,4,N,Y
경기도오산시치매안심센터,희망다이어리,희망다이어리,2019-10-08,2019-10-24,14:30,15:30,7,내부인력,6,4,Y,N
경기도오산시치매안심센터,헤아림,헤아림 가족교실(4월반),2019-04-08,2019-04-30,10:00,12:00,9,내부인력,8,5,Y,Y
경기도오산시치매안심센터,헤아림,헤아림 가족교실(3월반),2019-03-05,2019-03-28,14:00,15:00,8,내부인력,8,4,Y,Y
경기도오산시치매안심센터,헤아림,헤아림교실(기억반),2018-08-06,2018-08-31,13:30,14:30,6,내부인력,8,3,Y,Y
경기도오산시치매안심센터,헤아림,헤아림교실(마음반),2018-08-06,2018-08-31,13:30,14:30,6,내부인력,8,3,Y,Y
경기도용인시기흥구치매안심센터,기타,2025년 치매가족교실 '숨은마음찾기' 2기,2025-10-21,2025-11-11,10:00,12:00,14,내부인력,4,2,Y,N
경기도용인시기흥구치매안심센터,헤아림,2025년 치매가족교실 헤아림 2기,2025-08-27,2025-10-29,14:00,16:00,13,내부인력,8,4,Y,Y
경기도용인시기흥구치매안심센터,기타,2025년 치매가족교실 '숨은마음찾기' 1기,2025-04-08,2025-04-29,10:00,12:00,12,내부인력,4,2,Y,Y
경기도용인시기흥구치매안심센터,헤아림,2025년 치매가족교실 헤아림 1기,2025-02-12,2025-04-02,14:00,16:00,12,내부인력,8,4,Y,Y
경기도용인시기흥구치매안심센터,헤아림,2024년 치매가족교실 헤아림 4기,2024-09-24,2024-11-19,14:00,16:00,13,내부인력,8,4,Y,Y
경기도용인시기흥구치매안심센터,헤아림,2024년 치매가족교실 헤아림 3기,2024-06-18,2024-08-06,14:00,16:00,14,내부인력,8,4,Y,Y
경기도용인시기흥구치매안심센터,헤아림,2024년 치매가족교실 헤아림 2기,2024-04-09,2024-05-28,14:00,16:00,19,내부인력,8,4,Y,Y
경기도용인시기흥구치매안심센터,헤아림,2024년 치매가족교실 헤아림 1기,2024-01-23,2024-03-12,14:00,16:00,8,내부인력,8,4,Y,Y
경기도용인시기흥구치매안심센터,헤아림,2023년 가족교실 헤아림 2기,2023-08-21,2023-10-23,14:00,16:00,10,내부인력,8,4,Y,Y
경기도용인시기흥구치매안심센터,기타,2023년 치매가족교육,2023-05-01,2023-05-31,13:30,15:30,15,내부인력,6,1,Y,N
경기도용인시기흥구치매안심센터,기타,숨은마음찾기 1기,2023-06-20,2023-07-11,14:00,16:00,11,내부인력,4,2,Y,Y
경기도용인시기흥구치매안심센터,기타,단계별 치매환자 돌봄을 위한 가족프로그램(실험군),2023-06-12,2023-07-31,14:00,15:30,5,내부인력,8,6,Y,Y
경기도용인시기흥구치매안심센터,헤아림,2023년 가족교실 헤아림 1기,2023-03-09,2023-04-27,14:00,16:00,7,내부인력,8,4,Y,Y
경기도용인시기흥구치매안심센터,헤아림,2022년 가족교실  3기,2022-12-08,2023-01-26,14:00,16:00,8,내부인력,8,4,Y,Y
경기도용인시기흥구치매안심센터,기타,숨은마음찾기 프로그램(22년 개정) 시범운영(용인시 기흥구),2022-11-03,2022-11-24,14:00,16:00,9,내부인력,4,3,Y,Y
경기도용인시기흥구치매안심센터,헤아림,2022년 가족교실 2기,2022-09-01,2022-10-20,14:00,16:00,8,내부인력,8,4,Y,Y
경기도용인시기흥구치매안심센터,헤아림,2022년 가족교실 1기,2022-06-09,2022-07-28,14:00,16:00,8,내부인력,8,4,Y,Y
경기도용인시기흥구치매안심센터,기타,숨은마음찾기 프로그램 시범운영(용인시 기흥구),2021-09-09,2021-09-30,14:00,16:00,7,내부인력,4,3,Y,N
경기도용인시기흥구치매안심센터,헤아림,2021년 가족교실 2기,2021-07-08,2021-08-26,14:00,16:00,8,내부인력,8,4,Y,Y
경기도용인시기흥구치매안심센터,기타,가족교실 '헤아림-일상의 회복' 시범운영,2021-05-12,2021-06-09,10:00,12:00,7,내부인력,4,3,Y,N
경기도용인시기흥구치매안심센터,헤아림,2021년 가족교실 1기,2021-04-22,2021-06-10,14:00,16:00,7,내부인력,8,4,Y,Y
경기도용인시기흥구치매안심센터,헤아림,기억동행 2기,2020-10-22,2020-12-10,10:00,12:00,8,내부인력,8,4,Y,Y
경기도용인시기흥구치매안심센터,헤아림,기억동행 1기,2020-07-16,2020-09-24,10:00,12:00,7,내부인력,8,4,Y,Y
경기도용인시기흥구치매안심센터,헤아림,보듬 - 오후반,2019-12-12,2020-01-30,14:00,16:00,13,내부인력,8,4,Y,N
경기도용인시기흥구치매안심센터,헤아림,보듬 - 오전반,2019-12-12,2020-01-30,10:00,12:00,13,내부인력,8,4,Y,N
경기도용인시기흥구치매안심센터,헤아림,푸른벗-오후반,2019-08-01,2019-10-10,14:00,16:00,10,내부인력,8,4,Y,N
경기도용인시기흥구치매안심센터,헤아림,푸른벗-오전반,2019-08-01,2019-10-10,10:00,12:00,10,내부인력,8,4,Y,N
경기도용인시기흥구치매안심센터,헤아림,수채화 오후반,2019-04-11,2019-05-30,14:00,16:00,12,내부인력,8,4,Y,Y
경기도용인시기흥구치매안심센터,헤아림,수채화 오전반,2019-04-11,2019-05-30,10:00,12:00,12,내부인력,8,4,Y,Y
경기도용인시기흥구치매안심센터,헤아림,파랑새,2019-01-11,2019-03-08,10:00,12:00,15,내부인력,8,4,Y,Y
경기도용인시기흥구치매안심센터,헤아림,마중,2018-11-02,2018-12-21,10:00,12:00,10,내부인력,8,4,Y,Y
경기도용인시기흥구치매안심센터,헤아림,해바라기,2018-08-31,2018-10-19,10:00,12:00,15,내부인력,8,4,Y,Y
경기도용인시기흥구치매안심센터,헤아림,언제나봄날,2018-06-29,2018-08-17,10:00,12:00,15,내부인력,8,4,Y,Y
경기도용인시기흥구치매안심센터,헤아림,둥지,2018-04-20,2018-06-08,10:00,12:00,15,내부인력,8,6,Y,Y
경기도용인시수지구치매안심센터,헤아림,2025년 헤아림4기,2025-08-19,2025-10-21,13:30,15:00,15,내부인력,8,4,N,Y
경기도용인시수지구치매안심센터,헤아림,2025년 헤아림3기,2025-07-07,2025-07-22,13:30,15:30,15,내부인력,6,2,N,Y
경기도용인시수지구치매안심센터,헤아림,2025년 헤아림2기,2025-04-15,2025-06-17,13:30,15:30,17,내부인력,8,4,N,Y
경기도용인시수지구치매안심센터,헤아림,2025년 헤아림1기,2025-02-04,2025-04-01,13:30,15:30,15,내부인력,8,3,N,Y
경기도용인시수지구치매안심센터,헤아림,2024년 헤아림3기,2024-08-27,2024-11-05,13:30,15:30,15,내부인력,8,3,Y,Y
경기도용인시수지구치매안심센터,헤아림,2024년 헤아림2기,2024-04-23,2024-06-11,13:30,15:30,11,내부인력,8,4,N,Y
경기도용인시수지구치매안심센터,헤아림,2024 헤아림 1기,2024-02-13,2024-04-02,13:30,15:30,10,내부인력,8,4,N,Y
경기도용인시수지구치매안심센터,헤아림,2023년 헤아림3기,2023-08-03,2023-10-12,13:30,15:30,10,내부인력,8,1,N,Y
경기도용인시수지구치매안심센터,헤아림,23년 헤아림2기,2023-04-24,2023-07-03,13:30,15:30,8,내부인력,8,4,Y,Y
경기도용인시수지구치매안심센터,기타,치매를 맞이하는 첫걸음3기,2023-03-30,2023-03-30,00:00,00:00,6,내부인력,1,1,N,N
경기도용인시수지구치매안심센터,기타,치매를 맞이하는 첫걸음2기,2023-02-14,2023-02-14,00:00,00:00,3,내부인력,1,1,N,N
경기도용인시수지구치매안심센터,기타,치매를 맞이하는 첫걸음,2023-01-27,2023-01-31,13:00,15:00,2,내부인력,1,1,N,Y
경기도용인시수지구치매안심센터,헤아림,2023년 헤아림 1기,2023-02-13,2023-04-10,13:30,15:30,12,내부인력,8,4,N,Y
경기도용인시수지구치매안심센터,헤아림,2022 헤아림 2기,2022-09-27,2022-11-15,14:00,16:00,12,내부인력,8,4,Y,Y
경기도용인시수지구치매안심센터,헤아림,2022 헤아림 1기,2022-06-27,2022-08-22,14:00,16:00,13,내부인력,8,4,Y,Y
경기도용인시수지구치매안심센터,기타,숨은마음찾기 프로그램 시범운영(용인시 수지구),2021-09-08,2021-10-06,14:00,16:00,5,내부인력,4,3,Y,Y
경기도용인시수지구치매안심센터,헤아림,헤아림 가족교실 2기,2021-03-19,2021-04-09,14:00,17:00,15,내부인력,8,4,Y,Y
경기도용인시수지구치매안심센터,헤아림,헤아림 가족교실 1기,2021-03-19,2021-04-09,09:00,12:00,15,내부인력,8,4,Y,Y
경기도용인시수지구치매안심센터,헤아림,헤아림 가족교실,2019-08-30,2019-10-25,14:00,16:00,12,내부인력,8,4,Y,Y
경기도용인시수지구치매안심센터,헤아림,헤아림 가족교실,2019-05-17,2019-07-12,14:00,16:00,12,내부인력,8,4,Y,Y
경기도용인시수지구치매안심센터,헤아림,헤아림 가족교실,2019-03-08,2019-04-26,14:00,16:00,14,내부인력,8,4,Y,Y
경기도용인시수지구치매안심센터,헤아림,헤아림,2018-08-31,2018-10-29,14:00,16:00,14,내부인력,8,4,Y,Y
경기도용인시수지구치매안심센터,헤아림,헤아림,2018-05-03,2018-06-21,14:00,16:00,10,내부인력,8,4,Y,Y
경기도용인시처인구치매안심센터,기타,숨은마음찾기 2025년 3기,2025-09-03,2025-09-24,13:30,15:30,10,내부인력,4,1,Y,Y
경기도용인시처인구치매안심센터,기타,숨은마음찾기 2025년 2기,2025-06-05,2025-06-26,13:30,15:30,12,내부인력,4,1,Y,Y
경기도용인시처인구치매안심센터,기타,숨은마음찾기 2025년 1기,2025-03-06,2025-03-27,13:30,15:30,13,내부인력,4,1,Y,Y
경기도용인시처인구치매안심센터,기타,숨은마음찾기 2024년 3기,2024-09-05,2024-09-26,13:30,15:30,11,내부인력,4,1,Y,Y
경기도용인시처인구치매안심센터,기타,숨은마음찾기 2024년 2기,2024-06-26,2024-07-17,13:30,15:30,11,내부인력,4,1,Y,Y
경기도용인시처인구치매안심센터,기타,숨은마음찾기 2024년 1기,2024-05-08,2024-05-29,13:30,15:30,11,내부인력,4,1,N,Y
경기도용인시처인구치매안심센터,헤아림,2023년 하반기 헤아림 가족교실,2023-09-06,2023-10-25,13:30,15:30,10,내부인력,8,4,N,Y
경기도용인시처인구치매안심센터,기타,치매첫걸음,2023-03-30,2023-04-03,00:00,00:00,9,외부인력,1,1,Y,Y
경기도용인시처인구치매안심센터,헤아림,2023년 상반기 헤아림 가족교실,2023-03-08,2023-04-26,13:30,15:30,10,내부인력,8,4,N,Y
경기도용인시처인구치매안심센터,헤아림,2022년 헤아림 가족교실,2022-10-06,2022-11-24,13:30,15:30,9,내부인력,8,4,N,Y
경기도용인시처인구치매안심센터,기타,숨은마음찾기 시범운영(용인시 처인구),2021-10-05,2021-10-13,14:00,15:30,4,내부인력,4,3,Y,Y
경기도용인시처인구치매안심센터,헤아림,헤아림가족교실(2019-3기),2019-09-04,2019-09-27,13:30,15:30,15,내부인력,8,4,Y,Y
경기도용인시처인구치매안심센터,헤아림,헤아림가족교실(2019-2기),2019-05-22,2019-07-17,13:30,15:30,10,내부인력,8,4,Y,Y
경기도용인시처인구치매안심센터,헤아림,헤아림가족교실(2019-1기),2019-03-06,2019-03-29,13:30,15:30,10,내부인력,8,4,Y,Y
경기도용인시처인구치매안심센터,헤아림,헤아림가족교실(2018-2기),2018-08-10,2018-09-28,14:00,16:00,7,내부인력,8,4,Y,Y
경기도용인시처인구치매안심센터,헤아림,헤아림가족교실(2018-1기),2018-05-11,2018-06-29,14:00,16:00,10,내부인력,8,4,Y,Y
경기도의왕시치매안심센터,기타,숨은마음찾기,2025-10-22,2025-11-19,14:00,16:00,10,내부인력,4,4,N,N
경기도의왕시치매안심센터,가치돌봄(집중),가치돌봄(집중),2025-07-02,2025-07-23,13:30,16:30,10,내부인력,4,4,N,Y
경기도의왕시치매안심센터,헤아림,헤아림가족교실,2025-03-19,2025-04-09,13:30,16:30,11,내부인력,4,4,N,Y
경기도의왕시치매안심센터,가치돌봄(기본),가치돌봄(기본),2024-11-15,2024-12-13,14:00,16:00,6,내부인력,4,4,N,Y
경기도의왕시치매안심센터,기타,숨은마음 찾기,2024-10-04,2024-11-01,14:00,16:00,11,내부인력,4,3,N,Y
경기도의왕시치매안심센터,헤아림,헤아림가족교실,2024-07-05,2024-07-26,13:30,16:30,14,내부인력,4,4,N,Y
경기도의왕시치매안심센터,헤아림,헤아림가족교실,2024-03-22,2024-04-26,13:30,16:30,12,내부인력,6,4,N,Y
경기도의왕시치매안심센터,기타,숨은마음 찾기,2023-10-23,2023-11-13,14:00,16:00,15,내부인력,4,3,N,Y
경기도의왕시치매안심센터,헤아림,헤아림가족교실,2023-08-16,2023-09-20,13:30,16:30,15,내부인력,6,4,N,Y
경기도의왕시치매안심센터,기타,치매를 맞이하는 첫걸음,2023-07-24,2023-07-24,14:00,16:00,10,내부인력,1,1,N,Y
경기도의왕시치매안심센터,기타,치매를 맞이하는 첫걸음,2023-06-12,2023-06-12,14:00,16:00,20,내부인력,1,1,N,Y
경기도의왕시치매안심센터,헤아림,2023년 헤아림가족교실 (상반기),2023-03-09,2023-03-30,13:30,17:30,15,내부인력,4,4,Y,Y
경기도의왕시치매안심센터,헤아림,2022년 헤아림 가족교실,2022-09-01,2022-09-22,14:00,17:30,13,내부인력,4,4,Y,Y
경기도의왕시치매안심센터,기타,숨은마음찾기프로그램시범운영(의왕시),2021-10-05,2021-10-26,14:00,16:00,6,내부인력,4,3,Y,Y
경기도의왕시치매안심센터,헤아림,헤아림가족교실(치매안심마을),2019-11-15,2019-12-06,14:00,18:00,10,내부인력,4,3,Y,Y
경기도의왕시치매안심센터,헤아림,헤아림가족교실2차,2019-07-04,2019-08-29,14:00,16:00,15,내부인력,8,4,Y,Y
경기도의왕시치매안심센터,헤아림,헤아림가족교실 1차,2019-04-02,2019-05-21,14:00,16:00,12,내부인력,8,4,Y,Y
경기도의왕시치매안심센터,헤아림,헤아림 가족교실,2018-10-23,2018-12-18,14:00,16:00,10,내부인력,8,6,Y,Y
경기도의왕시치매안심센터,헤아림,헤아림 가족교실,2018-08-22,2018-10-24,14:00,15:30,12,내부인력,8,6,Y,Y
경기도의왕시치매안심센터,헤아림,헤아림가족교실,2018-04-04,2018-05-23,14:00,15:30,15,내부인력,8,6,Y,Y
경기도의정부시치매안심센터,헤아림,2025 헤아림 가족교실 『동행의 봄 2기』(흥선),2025-09-04,2025-09-30,13:30,16:00,8,내부인력,4,1,N,Y
경기도의정부시치매안심센터,헤아림,2025 헤아림 가족교실 『동행의 봄』(송산),2025-04-01,2025-04-24,14:00,16:00,15,내부인력,8,4,Y,Y
경기도의정부시치매안심센터,헤아림,2025 헤아림 가족교실 『동행의 봄』(신곡),2025-04-01,2025-04-24,10:00,12:00,15,내부인력,8,4,N,Y
경기도의정부시치매안심센터,헤아림,2025 헤아림 가족교실 『동행의 봄』(호원),2025-04-02,2025-05-21,14:00,16:00,15,내부인력,8,4,Y,Y
경기도의정부시치매안심센터,헤아림,2025 헤아림 가족교실 『동행의 봄』(흥선),2025-04-03,2025-05-22,14:00,16:00,15,내부인력,8,4,N,Y
경기도의정부시치매안심센터,헤아림,2024 헤아림 가족교실 『동반자』(신곡),2024-06-03,2024-06-25,10:00,12:00,18,내부인력,8,4,Y,Y
경기도의정부시치매안심센터,헤아림,2024 헤아림 가족교실 『동반자』(흥선),2024-05-02,2024-06-20,14:00,16:00,12,내부인력,8,4,N,Y
경기도의정부시치매안심센터,헤아림,2024 헤아림 가족교실 『동반자』(송산),2024-05-07,2024-05-30,14:00,16:00,12,내부인력,8,4,Y,Y
경기도의정부시치매안심센터,헤아림,2024 헤아림 가족교실 『동반자』(호원),2024-03-05,2024-07-11,14:00,16:00,15,내부인력,8,4,Y,Y
경기도의정부시치매안심센터,헤아림,2023 헤아림 가족교실 『동반자』(호원),2023-10-10,2023-10-18,10:00,12:00,12,내부인력,4,1,Y,Y
경기도의정부시치매안심센터,헤아림,2023 헤아림 가족교실 『동반자』(신곡),2023-04-06,2023-04-28,10:00,12:00,10,내부인력,8,6,Y,Y
경기도의정부시치매안심센터,헤아림,2023 헤아림 가족교실『동반자』(흥선),2023-04-03,2023-04-25,14:00,16:00,10,내부인력,8,6,N,Y
경기도의정부시치매안심센터,헤아림,2023 헤아림 가족교실 『동반자』(호원),2023-04-03,2023-04-25,14:00,16:00,10,내부인력,8,7,Y,Y
경기도의정부시치매안심센터,헤아림,2023 헤아림 가족교실 『동반자』(송산),2023-04-03,2023-04-26,14:00,16:00,10,내부인력,8,6,Y,Y
경기도의정부시치매안심센터,헤아림,"2022 『꽃,만나요』 헤아림 가족교실 (흥선)",2022-08-11,2022-10-06,14:00,16:30,15,내부인력,8,4,N,N
경기도의정부시치매안심센터,헤아림,2019 『지혜공방 : 지혜를 공유하는 방법』 3기(송산),2019-08-02,2019-09-27,09:00,12:00,8,내부인력,8,4,Y,Y
경기도의정부시치매안심센터,헤아림,2019 『지혜공방 : 지혜를 공유하는 방법』 3기(흥선 치매안심마을),2019-07-24,2019-09-15,14:00,16:00,8,내부인력,8,4,Y,Y
경기도의정부시치매안심센터,헤아림,2019 『지혜공방 : 지혜를 공유하는 방법』 3기(신곡),2019-07-16,2019-09-10,14:00,16:00,8,내부인력,8,4,Y,Y
경기도의정부시치매안심센터,헤아림,2019 『지혜공방 : 지혜를 공유하는 방법』 3기(호원),2019-07-16,2019-09-03,10:00,11:00,15,내부인력,8,4,Y,Y
경기도의정부시치매안심센터,헤아림,2019 『지혜공방 : 지혜를 공유하는 방법』 2기(송산),2019-05-17,2019-07-05,10:00,12:00,8,내부인력,8,4,Y,Y
경기도의정부시치매안심센터,헤아림,2019 『지혜공방 : 지혜를 공유하는 방법』 2기(흥선),2019-05-15,2019-07-10,14:00,16:00,8,내부인력,8,4,Y,Y
경기도의정부시치매안심센터,헤아림,2019 『지혜공방 : 지혜를 공유하는 방법』 2기(신곡),2019-05-14,2019-07-02,14:00,16:00,6,내부인력,8,4,Y,Y
경기도의정부시치매안심센터,헤아림,2019 『지혜공방 : 지혜를 공유하는 방법』 2기(호원),2019-05-14,2019-07-02,10:00,12:00,10,내부인력,8,4,Y,Y
경기도의정부시치매안심센터,헤아림,2019 『지혜공방 : 지혜를 공유하는 방법』 1기(송산),2019-03-15,2019-05-03,10:00,12:00,8,내부인력,8,4,Y,Y
경기도의정부시치매안심센터,헤아림,2019 『지혜공방 : 지혜를 공유하는 방법』 1기(흥선),2019-03-13,2019-05-01,14:00,16:00,8,외부인력,8,4,Y,Y
경기도의정부시치매안심센터,헤아림,2019 『지혜공방 : 지혜를 공유하는 방법』 1기(신곡),2019-03-12,2019-04-30,14:00,16:00,10,내부인력,8,4,Y,Y
경기도의정부시치매안심센터,헤아림,2019 『지혜공방 : 지혜를 공유하는 방법』 1기(호원),2019-03-12,2019-04-30,10:00,12:00,15,내부인력,8,4,Y,Y
경기도의정부시치매안심센터,헤아림,의정부 헤아림가족교실2,2018-07-02,2018-10-31,14:00,16:00,22,내부인력,8,4,Y,Y
경기도의정부시치매안심센터,헤아림,의정부 헤아림가족교실1,2018-03-09,2018-06-29,14:00,16:00,18,내부인력,8,4,Y,Y
경기도이천시치매안심센터,헤아림,2025년 헤아림 2기(남부),2025-11-04,2025-11-28,14:00,16:00,8,내부인력,8,4,N,N
경기도이천시치매안심센터,헤아림,2025년 헤아림 3기,2025-08-21,2025-09-16,14:00,16:00,7,내부인력,8,4,N,Y
경기도이천시치매안심센터,헤아림,2025년 헤아림1기(남부),2025-05-12,2025-06-05,14:00,16:00,10,내부인력,7,4,N,Y
경기도이천시치매안심센터,헤아림,2025년 헤아림 2기,2025-03-10,2025-03-31,14:00,16:00,8,내부인력,4,4,Y,Y
경기도이천시치매안심센터,헤아림,2025년 헤아림 1기,2025-03-08,2025-03-29,10:00,12:00,3,내부인력,4,4,N,Y
경기도이천시치매안심센터,헤아림,2024년 헤아림 3기,2024-11-04,2024-11-25,14:00,16:00,9,내부인력,4,4,N,Y
경기도이천시치매안심센터,헤아림,2024년 헤아림 2기,2024-08-05,2024-08-26,14:00,16:00,11,내부인력,4,4,Y,Y
경기도이천시치매안심센터,기타,2024년 숨은마음찾기 1기,2024-05-13,2024-06-03,14:00,16:00,8,내부인력,4,4,N,Y
경기도이천시치매안심센터,헤아림,2024년 헤아림 1기 (온&오프라인),2024-03-11,2024-04-03,14:00,16:00,8,내부인력,8,4,N,Y
경기도이천시치매안심센터,헤아림,2023년 헤아림4기(온&오프라인),2023-11-02,2023-11-28,14:00,16:00,10,내부인력,8,4,N,Y
경기도이천시치매안심센터,헤아림,2023년 헤아림3기(온&오프라인),2023-08-01,2023-08-29,14:00,16:00,10,내부인력,8,5,N,Y
경기도이천시치매안심센터,헤아림,2023 헤아림2기(온&오프라인),2023-05-02,2023-05-25,14:00,16:00,11,내부인력,8,5,N,Y
경기도이천시치매안심센터,헤아림,2023 헤아림1기(온&오프라인),2023-03-02,2023-03-28,14:00,16:00,10,내부인력,8,5,N,Y
경기도이천시치매안심센터,헤아림,2022 헤아림3기(온&오프라인),2022-10-05,2022-10-28,14:00,16:00,8,내부인력,8,5,Y,Y
경기도이천시치매안심센터,헤아림,2022 헤아림2기(오프라인),2022-08-10,2022-09-02,14:00,16:00,11,내부인력,8,5,Y,Y
경기도이천시치매안심센터,헤아림,2022 헤아림1기(온&오프라인),2022-05-11,2022-06-03,13:30,15:30,11,내부인력,8,5,N,Y
경기도이천시치매안심센터,헤아림,2021 헤아림2기(온&오프라인),2021-07-01,2021-08-19,00:00,00:00,10,내부인력,8,5,N,Y
경기도이천시치매안심센터,헤아림,2021 헤아림1기(온라인),2021-03-08,2021-05-03,00:00,00:00,10,내부인력,9,5,N,Y
경기도이천시치매안심센터,헤아림,2019 헤아림3기,2019-10-02,2019-10-30,13:30,15:30,10,내부인력,8,5,Y,Y
경기도이천시치매안심센터,헤아림,2019 헤아림2기,2019-09-24,2019-10-22,13:30,15:30,10,내부인력,8,5,Y,Y
경기도이천시치매안심센터,헤아림,2019헤아림1기,2019-07-15,2019-08-07,13:30,15:30,10,내부인력,8,5,Y,Y
경기도이천시치매안심센터,헤아림,헤아림3기,2018-07-13,2018-08-07,10:00,12:00,5,내부인력,8,5,Y,Y
경기도이천시치매안심센터,헤아림,헤아림 2기,2018-08-03,2018-09-21,10:00,12:00,15,내부인력,8,5,Y,Y
경기도이천시치매안심센터,헤아림,헤아림 1기,2018-06-07,2018-07-26,14:00,16:00,12,내부인력,8,5,Y,Y
경기도파주시치매안심센터,헤아림,25년 파주 가족교실 6기 헤아림(운정),2025-11-03,2025-11-24,09:00,12:00,12,내부인력,4,2,Y,N
경기도파주시치매안심센터,헤아림,25년 파주 가족교실 5기 헤아림 (문산),2025-09-08,2025-09-29,09:00,12:00,10,내부인력,4,2,Y,Y
경기도파주시치매안심센터,헤아림,25년 파주 가족교실 4기 헤아림 (조리),2025-09-05,2025-09-26,09:00,12:00,10,내부인력,4,2,N,Y
경기도파주시치매안심센터,헤아림,25년 파주 가족교실 3기 헤아림,2025-05-09,2025-05-30,13:00,16:00,10,내부인력,4,2,N,Y
경기도파주시치매안심센터,헤아림,운정 헤아림(상반기),2025-04-03,2025-04-24,10:00,12:00,15,외부인력,4,2,N,Y
경기도파주시치매안심센터,헤아림,25년 파주 가족교실 2기 헤아림,2025-04-04,2025-04-25,10:00,12:00,11,내부인력,4,2,N,Y
경기도파주시치매안심센터,헤아림,25년 파주 가족교실 1기 헤아림,2025-03-07,2025-03-28,09:00,12:00,8,내부인력,4,2,N,Y
경기도파주시치매안심센터,헤아림,24년 하반기 헤아림 6기 가족교실,2024-10-07,2024-10-21,14:00,16:00,8,내부인력,3,2,Y,Y
경기도파주시치매안심센터,헤아림,24년 하반기 헤아림 5기 가족교실,2024-09-06,2024-09-27,10:00,12:00,8,내부인력,4,2,N,Y
경기도파주시치매안심센터,헤아림,24년 하반기 헤아림 4기 가족교실,2024-08-09,2024-08-30,10:00,12:00,12,내부인력,4,2,N,Y
경기도파주시치매안심센터,헤아림,운정 '헤아림' 2기,2024-06-18,2024-07-09,10:00,12:00,12,외부인력,4,2,N,Y
경기도파주시치매안심센터,헤아림,24년 상반기 헤아림 3기 가족교실,2024-05-02,2024-05-23,14:00,16:00,8,외부인력,4,2,Y,Y
경기도파주시치매안심센터,헤아림,운정 '헤아림' 1기,2024-04-18,2024-05-09,10:00,12:00,10,외부인력,4,3,N,N
경기도파주시치매안심센터,헤아림,24년 상반기 헤아림 2기 가족교실,2024-04-04,2024-04-25,14:00,16:00,8,외부인력,4,2,Y,Y
경기도파주시치매안심센터,헤아림,24년 상반기 헤아림 1기 가족교실,2024-03-07,2024-03-28,14:00,16:00,8,외부인력,4,2,Y,Y
경기도파주시치매안심센터,헤아림,2023년 하반기 치매가족교실 '헤아림' 3기,2023-10-05,2023-10-26,14:00,16:00,13,외부인력,4,4,Y,N
경기도파주시치매안심센터,헤아림,2023년 하반기 치매가족교실 '헤아림' 2기,2023-08-31,2023-09-21,14:00,16:00,12,외부인력,4,4,N,Y
경기도파주시치매안심센터,헤아림,2023년 하반기 치매가족교실 '헤아림' 1기,2023-08-03,2023-08-24,14:00,16:00,10,외부인력,4,4,N,N
경기도파주시치매안심센터,헤아림,2023년 상반기 치매가족교실 '헤아림',2023-03-23,2023-05-11,10:00,12:00,9,외부인력,8,4,Y,Y
경기도파주시치매안심센터,헤아림,2022년 치매가족교실 헤아림,2022-09-15,2022-11-10,10:00,12:00,5,내부인력,8,4,N,Y
경기도파주시치매안심센터,헤아림,2020 헤아림 2기,2020-03-05,2020-04-23,00:00,00:00,15,내부인력,8,4,Y,N
경기도파주시치매안심센터,헤아림,2020 헤아림 1기,2020-03-03,2020-04-21,10:00,11:30,15,내부인력,8,4,Y,N
경기도파주시치매안심센터,헤아림,2019헤아림5기,2019-08-06,2019-09-24,10:00,12:00,16,내부인력,8,4,Y,Y
경기도파주시치매안심센터,헤아림,2019 헤아림4기,2019-08-01,2019-10-10,10:00,12:00,15,내부인력,8,4,Y,Y
경기도파주시치매안심센터,헤아림,2019헤아림3기,2019-06-04,2019-07-23,10:00,12:00,12,내부인력,8,4,Y,Y
경기도파주시치매안심센터,헤아림,2019헤아림2기,2019-05-09,2019-07-04,10:00,12:00,5,내부인력,8,4,Y,Y
경기도파주시치매안심센터,헤아림,2019헤아림1기,2019-03-26,2019-05-14,10:00,12:00,9,내부인력,8,4,Y,Y
경기도파주시치매안심센터,헤아림,헤아림 2기,2018-10-08,2018-11-26,10:00,12:00,6,내부인력,8,4,Y,Y
경기도파주시치매안심센터,헤아림,헤아림,2018-08-06,2018-10-01,10:00,12:00,9,내부인력,8,4,Y,Y
경기도평택시송탄치매안심센터,헤아림,2025년 치매가족교실「헤아림 2기」,2025-10-14,2025-10-29,13:30,15:30,15,외부인력,2,1,Y,Y
경기도평택시송탄치매안심센터,헤아림,2025년 치매가족교실「헤아림 1기」,2025-05-13,2025-05-28,13:30,15:30,15,외부인력,6,1,Y,Y
경기도평택시송탄치매안심센터,헤아림,2024년 치매가족교실 '헤아림 2기',2024-10-07,2024-10-28,15:00,17:00,10,외부인력,4,1,Y,Y
경기도평택시송탄치매안심센터,헤아림,2024년 치매가족교실 '헤아림 1기',2024-06-11,2024-07-09,14:00,16:00,10,외부인력,4,1,Y,Y
경기도평택시송탄치매안심센터,헤아림,2023년 치매가족교실 '헤아림 2기',2023-09-05,2023-09-26,14:00,16:00,25,외부인력,4,1,Y,Y
경기도평택시송탄치매안심센터,헤아림,2023년 치매가족교실 '헤아림 1기',2023-07-04,2023-07-25,14:00,16:00,15,외부인력,4,1,Y,Y
경기도평택시송탄치매안심센터,기타,치매를맞이하는 첫걸음(2023년 2기),2023-05-26,2023-05-26,14:00,16:00,10,내부인력,1,1,Y,Y
경기도평택시송탄치매안심센터,기타,치매를 맞이하는 첫걸음(2023년 1기),2023-03-24,2023-03-24,14:00,16:00,10,내부인력,1,1,Y,Y
경기도평택시송탄치매안심센터,기타,치매를 맞이하는 첫걸음-경기광역치매센터 프로그램,2022-05-06,2022-05-06,15:00,17:00,20,내부인력,1,1,Y,Y
경기도평택시송탄치매안심센터,기타,치매를 맞이하는 첫걸음-경기광역치매센터 프로그램,2022-05-04,2022-05-04,15:00,17:00,20,내부인력,1,1,Y,Y
경기도평택시송탄치매안심센터,헤아림,헤아림 가족교실,2020-05-19,2020-06-09,10:00,12:00,8,외부인력,4,4,Y,N
경기도평택시송탄치매안심센터,헤아림,헤아림 가족교실,2019-09-05,2019-11-14,10:00,12:00,13,외부인력,6,4,Y,N
경기도평택시송탄치매안심센터,희망다이어리,치매가족을 위한 희망다이어리,2019-09-03,2019-10-22,10:00,12:00,10,내부인력,8,6,Y,N
경기도평택시송탄치매안심센터,헤아림,헤아림 가족교실,2019-02-12,2019-04-02,10:00,12:00,17,외부인력,8,4,Y,N
경기도평택시송탄치매안심센터,헤아림,헤아림 가족교실,2018-10-02,2018-10-30,10:00,12:00,8,외부인력,8,4,Y,N
경기도평택시송탄치매안심센터,헤아림,헤아림 가족교실,2018-05-08,2018-06-05,10:00,11:30,8,외부인력,8,5,Y,Y
경기도평택시치매안심센터,헤아림,2025년 헤아림 가족교실 2기,2025-11-04,2025-11-27,10:00,12:00,10,외부인력,8,4,Y,N
경기도평택시치매안심센터,헤아림,2025년 치매환자 가족교실 헤아림 1기,2025-05-28,2025-06-18,09:30,11:30,10,외부인력,4,1,Y,Y
경기도평택시치매안심센터,헤아림,2025 헤아림 가족교실 1기,2025-04-08,2025-04-30,10:00,12:00,11,외부인력,8,2,Y,Y
경기도평택시치매안심센터,헤아림,2024 헤아림 가족교실 2기,2024-10-08,2024-11-05,14:00,15:30,10,외부인력,4,2,Y,Y
경기도평택시치매안심센터,헤아림,(안중) 2024년 헤아림 가족교실 2기,2024-09-06,2024-09-27,10:00,12:00,12,외부인력,4,3,Y,Y
경기도평택시치매안심센터,헤아림,(안중) 2024년 헤아림 가족교실 1기,2024-05-13,2024-06-03,10:00,12:00,10,외부인력,4,2,Y,Y
경기도평택시치매안심센터,헤아림,2024 헤아림 가족교실 1기,2024-05-06,2024-05-27,14:00,16:00,12,외부인력,4,2,Y,N
경기도평택시치매안심센터,기타,치매를 맞이하는 첫걸음 1기 <우리가치 첫걸음>,2024-04-25,2024-04-25,14:00,14:00,10,내부인력,1,1,Y,N
경기도평택시치매안심센터,헤아림,(안중) 2023년 헤아림 가족교실 2기,2023-11-07,2023-11-28,10:00,12:00,13,외부인력,4,2,Y,Y
경기도평택시치매안심센터,기타,치매를 맞이하는 첫걸음 2기 <우리가치 첫걸음>,2023-09-22,2023-09-22,14:00,16:30,10,내부인력,1,1,Y,N
경기도평택시치매안심센터,헤아림,2023년 헤아림 가족교실2기,2023-10-10,2023-10-31,14:00,16:00,10,외부인력,8,4,Y,Y
경기도평택시치매안심센터,헤아림,(안중) 2023년 헤아림 가족교실,2023-05-04,2023-05-25,10:00,12:00,10,외부인력,4,1,Y,N
경기도평택시치매안심센터,헤아림,2023년 헤아림 가족교실 1기,2023-05-01,2023-06-26,14:00,16:00,10,외부인력,8,4,Y,Y
경기도평택시치매안심센터,기타,치매를 맞이하는 첫걸음 1기,2023-04-04,2023-04-04,14:00,16:30,10,내부인력,1,1,Y,Y
경기도평택시치매안심센터,헤아림,2022년 헤아림 가족교실 2기,2022-10-11,2022-11-29,14:00,16:00,10,내부인력,8,4,Y,N
경기도평택시치매안심센터,헤아림,2022년 헤아림 가족교실 1기,2022-07-05,2022-07-28,14:00,16:00,10,외부인력,8,4,Y,Y
경기도평택시치매안심센터,헤아림,2020 제2차 치매 가족교실 헤아림(화요일반),2020-06-09,2020-07-28,10:00,12:00,7,내부인력,8,4,Y,Y
경기도평택시치매안심센터,헤아림,2020 제1차 치매 가족교실 헤아림(목요일반),2020-06-04,2020-07-30,14:00,16:00,7,내부인력,8,4,Y,Y
경기도평택시치매안심센터,헤아림,2019 제3차 치매 가족교실 헤아림,2019-09-10,2019-10-29,10:00,12:00,10,내부인력,8,4,Y,Y
경기도평택시치매안심센터,헤아림,2019 제2차 치매 가족교실 헤아림,2019-06-04,2019-06-27,14:00,16:00,10,외부인력,8,4,Y,Y
경기도평택시치매안심센터,헤아림,2019년 안중보건지소 헤아림교실,2019-03-07,2019-04-25,14:00,16:00,10,외부인력,8,4,Y,Y
경기도평택시치매안심센터,헤아림,2019 제1차 치매 가족교실 헤아림,2019-03-07,2019-04-25,10:00,12:00,10,외부인력,8,4,Y,Y
경기도평택시치매안심센터,헤아림,치매가족 헤아림 교실 2기,2018-07-03,2018-07-26,14:00,16:00,10,외부인력,8,5,Y,Y
경기도평택시치매안심센터,헤아림,치매가족교실 헤아림,2018-05-29,2018-06-21,14:00,16:00,10,외부인력,8,5,Y,Y
경기도포천시치매안심센터,헤아림,2025년 하반기 '헤아림' 가족교실,2025-09-26,2025-11-14,13:00,15:00,15,외부인력,8,1,Y,N
경기도포천시치매안심센터,헤아림,2025년 상반기 '헤아림' 가족교실,2025-03-21,2025-05-09,13:00,15:00,15,외부인력,8,1,Y,Y
경기도포천시치매안심센터,기타,2024년 비대면 가족교실 2기,2024-07-01,2024-12-31,00:00,00:00,100,내부인력,1,1,N,N
경기도포천시치매안심센터,헤아림,"2024년 하반기 ""헤아림"" 가족교실",2024-09-20,2024-11-08,13:00,15:00,15,외부인력,4,1,Y,Y
경기도포천시치매안심센터,헤아림,"2024년 상반기 ""헤아림"" 가족교실",2024-03-22,2024-05-10,13:00,16:00,15,외부인력,4,1,Y,Y
경기도포천시치매안심센터,기타,2024년 비대면 가족교실 1기,2024-01-01,2024-06-30,00:00,00:00,50,내부인력,1,1,N,N
경기도포천시치매안심센터,기타,2023년 비대면 가족교실 2기,2023-09-01,2023-12-31,13:00,15:00,30,내부인력,1,1,N,N
경기도포천시치매안심센터,헤아림,2023년 하반기 헤아림 가족교실,2023-09-08,2023-11-03,13:00,15:00,15,외부인력,8,4,Y,Y
경기도포천시치매안심센터,기타,2023년 비대면 가족교실 1기,2023-06-01,2023-08-31,13:00,15:00,100,내부인력,1,1,N,N
경기도포천시치매안심센터,헤아림,2023년 상반기 헤아림 가족교실,2023-03-24,2023-05-19,14:00,16:00,15,외부인력,8,5,Y,Y
경기도포천시치매안심센터,기타,숨은마음찾기(포천시치매안심센터),2022-11-09,2022-11-30,14:00,16:00,8,내부인력,4,3,Y,Y
경기도포천시치매안심센터,헤아림,포근히 천천히 가족교실,2022-09-07,2022-11-02,14:00,16:00,10,외부인력,8,6,Y,Y
경기도포천시치매안심센터,기타,2022년 상반기 가족교실(비대면) -2기,2022-04-01,2022-04-29,13:00,14:00,10,내부인력,1,1,N,N
경기도포천시치매안심센터,기타,2022년 상반기 가족교실(비대면) -1기,2022-02-07,2022-03-28,13:00,17:00,10,내부인력,1,1,N,N
경기도포천시치매안심센터,헤아림,2021 비대면 헤아림 가족교실,2021-10-11,2021-11-29,10:00,11:30,5,내부인력,8,4,Y,N
경기도포천시치매안심센터,헤아림,2019 하반기 헤아림가족교실,2019-09-04,2019-10-30,14:00,16:00,15,외부인력,8,4,Y,Y
경기도포천시치매안심센터,헤아림,2019 상반기 헤아림 가족교실,2019-04-03,2019-05-29,10:00,12:00,15,외부인력,8,4,Y,Y
경기도포천시치매안심센터,헤아림,내민손2기,2018-10-02,2018-11-27,14:00,15:30,15,외부인력,8,6,Y,Y
경기도포천시치매안심센터,헤아림,내민손,2018-04-02,2018-06-04,14:00,15:30,14,외부인력,8,6,Y,Y
경기도하남시치매안심센터,헤아림,2025년 헤아림 가족교실 3기,2025-08-28,2025-10-23,10:30,12:00,10,내부인력,8,6,N,Y
경기도하남시치매안심센터,헤아림,2025년 헤아림 가족교실 2기,2025-06-05,2025-07-24,10:30,12:00,10,내부인력,8,6,N,Y
경기도하남시치매안심센터,헤아림,2025년 헤아림 가족교실 1기,2025-03-27,2025-05-15,09:50,10:30,10,내부인력,8,6,N,Y
경기도하남시치매안심센터,헤아림,2024년 헤아림 가족교실 3기,2024-09-05,2024-10-31,10:30,11:10,10,내부인력,8,4,Y,Y
경기도하남시치매안심센터,헤아림,2024년 헤아림 가족교실  2기,2024-05-30,2024-07-25,10:30,11:10,10,내부인력,8,4,Y,Y
경기도하남시치매안심센터,헤아림,2024년 헤아림 가족교실 1기,2024-03-07,2024-04-25,10:30,11:10,10,내부인력,8,4,N,Y
경기도하남시치매안심센터,헤아림,가족을 살리는 마음 '헤아림' 2기,2023-08-30,2023-09-20,09:00,09:40,11,내부인력,8,4,N,Y
경기도하남시치매안심센터,헤아림,가족을 헤아리는 마음 '헤아림',2023-06-28,2023-07-19,09:00,10:30,15,내부인력,8,4,N,Y
경기도하남시치매안심센터,헤아림,2022년 헤아림,2022-07-08,2022-08-17,10:00,11:30,12,외부인력,8,1,N,Y
경기도하남시치매안심센터,헤아림,2021년 가족교실,2021-10-13,2021-11-05,09:00,11:00,5,내부인력,8,8,N,Y
경기도하남시치매안심센터,헤아림,헤아림,2019-08-23,2019-10-18,15:00,17:00,15,외부인력,8,4,Y,Y
경기도하남시치매안심센터,헤아림,헤아림 가족교실,2019-03-08,2019-04-26,14:30,16:00,15,외부인력,8,4,Y,Y
경기도하남시치매안심센터,헤아림,아름다운가족,2018-10-04,2018-11-22,13:30,15:30,10,내부인력,8,5,Y,Y
경기도하남시치매안심센터,헤아림,새로운 가족 ♥,2018-05-15,2018-06-19,10:00,12:00,5,내부인력,8,4,Y,Y
경기도화성시치매안심센터,기타,숨은마음찾기(동탄/2025년 하반기),2025-10-24,2025-11-14,09:30,11:30,11,내부인력,4,2,N,N
경기도화성시치매안심센터,기타,숨은마음찾기(2025년 3기 서부종합사회복지관 비봉센터),2025-10-17,2025-11-07,10:00,12:00,10,내부인력,4,1,Y,N
경기도화성시치매안심센터,기타,숨은마음찾기(2025년 2기 남부노인복지관),2025-08-22,2025-09-12,13:30,15:30,15,내부인력,4,1,Y,Y
경기도화성시치매안심센터,기타,숨은마음찾기(동탄/ 2025년 상반기),2025-05-09,2025-05-30,09:30,11:30,8,내부인력,4,2,Y,Y
경기도화성시치매안심센터,기타,"숨은마음찾기(2025년 1기, 서부노인복지관)",2025-03-14,2025-04-04,10:00,12:00,17,내부인력,4,1,Y,Y
경기도화성시치매안심센터,기타,숨은마음찾기(오전),2024-11-01,2024-11-22,10:00,12:00,8,내부인력,4,2,N,Y
경기도화성시치매안심센터,기타,숨은마음찾기(오후),2024-11-01,2024-11-22,13:00,15:00,5,내부인력,4,2,N,Y
경기도화성시치매안심센터,헤아림,동부케어 보호자교육,2024-10-25,2024-11-27,16:00,17:00,25,내부인력,4,2,N,Y
경기도화성시치매안심센터,헤아림,시니어클럽 보호자교육,2024-07-23,2024-08-13,10:00,11:00,20,내부인력,4,2,N,Y
경기도화성시치매안심센터,헤아림,2024 향남 헤아림,2024-07-24,2024-08-14,14:00,16:00,10,내부인력,4,2,N,Y
경기도화성시치매안심센터,기타,숨은마음찾기(오후),2024-05-31,2024-06-21,13:00,15:00,7,내부인력,4,2,N,Y
경기도화성시치매안심센터,기타,숨은마음찾기(오전),2024-05-31,2024-06-21,10:00,12:00,8,내부인력,4,2,N,Y
경기도화성시치매안심센터,헤아림,치매 보호자교육,2023-08-04,2023-08-25,10:00,12:00,15,내부인력,4,3,N,Y
경기도화성시치매안심센터,헤아림,헤아림(동탄),2023-07-28,2023-08-18,14:00,16:00,8,내부인력,4,3,Y,N
경기도화성시치매안심센터,헤아림,치매가족 행복하기,2023-07-05,2023-07-26,14:00,16:00,15,내부인력,4,4,Y,Y
경기도화성시치매안심센터,헤아림,가족 사랑,2023-07-03,2023-07-24,14:00,16:00,15,내부인력,4,4,Y,Y
경기도화성시치매안심센터,헤아림,행복해 헤아림,2019-09-17,2019-10-15,14:00,16:00,5,내부인력,6,5,Y,Y
경기도화성시치매안심센터,헤아림,반짝반짝(봉담),2019-09-04,2019-10-08,14:00,16:00,7,내부인력,6,4,Y,N
경기도화성시치매안심센터,헤아림,함께 하자(헤아림),2019-06-05,2019-07-17,14:00,15:00,8,내부인력,6,4,Y,Y
경기도화성시치매안심센터,헤아림,알자(여울),2019-05-28,2019-07-16,14:00,16:00,8,내부인력,8,4,Y,N
경기도화성시치매안심센터,헤아림,헤아림(동부),2019-05-29,2019-07-24,14:00,16:00,10,내부인력,7,5,Y,Y
경기도화성시치매안심센터,헤아림,헤아림(동탄),2019-03-20,2019-05-08,13:00,15:00,8,내부인력,8,4,Y,Y
경기도화성시치매안심센터,헤아림,함께여서 행복해(헤아림),2018-09-06,2018-10-25,14:00,16:00,10,내부인력,8,6,Y,Y
경기도화성시치매안심센터,헤아림,가족지지프로그램 [헤아림],2018-09-11,2018-10-12,14:00,16:00,10,내부인력,8,4,Y,Y
경기도화성시치매안심센터,헤아림,어울림,2018-04-23,2018-05-28,14:00,16:00,10,내부인력,8,6,Y,Y
경기도부천시오정치매안심센터,가치돌봄(집중),2025 가치돌봄교실 2기,2025-09-09,2025-11-04,14:00,16:00,10,내부인력,8,4,Y,N
경기도부천시오정치매안심센터,가치돌봄(집중),2025 가치돌봄교실 1기,2025-02-27,2025-04-24,14:00,16:00,15,내부인력,8,4,Y,Y
경기도부천시오정치매안심센터,헤아림,2024 <헤아림 가족교실> 2기,2024-09-10,2024-11-05,14:00,16:00,10,외부인력,8,4,Y,Y
경기도부천시오정치매안심센터,헤아림,2024 <헤아림 가족교실> 1기,2024-02-21,2024-03-27,14:00,17:00,13,외부인력,6,4,Y,Y
경기도부천시오정치매안심센터,헤아림,2023하반기<공감>헤아림 가족교실,2023-09-20,2023-10-18,14:00,17:00,10,외부인력,4,4,Y,Y
경기도부천시오정치매안심센터,기타,치매를 맞이하는 첫걸음,2023-05-02,2023-05-31,10:00,12:00,10,내부인력,5,1,N,N
경기도부천시오정치매안심센터,기타,치매를 맞이하는 첫걸음,2023-04-03,2023-04-28,10:00,12:00,10,내부인력,1,1,Y,Y
경기도부천시오정치매안심센터,기타,치매를  맞이하는 첫걸음,2023-03-02,2023-03-31,10:00,12:00,10,내부인력,1,1,Y,Y
경기도부천시오정치매안심센터,헤아림,2023상반기 <공감>헤아림 가족교실,2023-03-22,2023-06-30,14:30,16:30,12,외부인력,8,4,Y,Y
경기도부천시오정치매안심센터,헤아림,2022<공감>  헤아림 가족교실,2022-07-20,2022-11-16,14:30,16:30,10,내부인력,8,4,Y,Y
경기도부천시오정치매안심센터,헤아림,2019 하반기 헤아림가족교실,2019-08-22,2019-10-24,14:00,16:00,10,내부인력,8,4,Y,Y
경기도부천시오정치매안심센터,헤아림,2019년 상반기 헤아림가족교실,2019-03-14,2019-05-02,14:30,15:30,20,외부인력,8,4,Y,Y
경기도부천시오정치매안심센터,헤아림,2018년 하반기 '헤아림'가족 교실,2018-08-27,2018-10-22,15:00,17:00,20,외부인력,8,3,Y,Y
경기도부천시오정치매안심센터,헤아림,헤아림 가족교실,2018-05-14,2018-07-02,15:00,17:00,20,외부인력,8,3,Y,N
경기도부천시소사치매안심센터,헤아림,2025년 헤아림 가족교실 2기,2025-08-26,2025-09-30,14:00,16:00,18,외부인력,6,4,Y,Y
경기도부천시소사치매안심센터,헤아림,2025년 헤아림 가족교실 1기,2025-03-18,2025-04-22,14:00,16:00,20,내부인력,6,4,Y,Y
경기도부천시소사치매안심센터,헤아림,2024년 헤아림 가족교실 2기,2024-09-05,2024-10-31,13:30,15:30,14,외부인력,8,4,Y,Y
경기도부천시소사치매안심센터,헤아림,2024년 헤아림 가족교실 1기,2024-03-21,2024-05-09,13:30,15:30,12,외부인력,8,4,Y,Y
경기도부천시소사치매안심센터,헤아림,2023년 헤아림가족교실2기,2023-09-11,2023-10-23,09:00,12:00,12,외부인력,5,4,Y,Y
경기도부천시소사치매안심센터,기타,2023년 치매를 맞이하는 첫걸음 5기,2023-06-14,2023-06-14,14:00,16:00,1,내부인력,1,1,N,Y
경기도부천시소사치매안심센터,기타,2023년 치매를 맞이하는 첫걸음 4기,2023-05-03,2023-05-03,13:00,15:00,6,내부인력,1,1,N,Y
경기도부천시소사치매안심센터,기타,2023년 치매를 맞이하는 첫걸음 3기,2023-04-26,2023-04-26,14:00,16:00,2,내부인력,1,1,N,Y
경기도부천시소사치매안심센터,기타,2023년 치매를 맞이하는 첫걸음 2기,2023-04-19,2023-04-19,14:00,16:00,4,내부인력,1,1,N,Y
경기도부천시소사치매안심센터,기타,2023년 치매를 맞이하는 첫걸음 1기,2023-03-22,2023-03-22,14:00,16:00,2,내부인력,1,1,N,Y
경기도부천시소사치매안심센터,헤아림,2023년 소사치매안심센터 헤아림 가족교실1기,2023-03-29,2023-06-21,14:00,16:00,11,외부인력,8,4,Y,Y
경기도부천시소사치매안심센터,헤아림,2022년 소사치매안심센터 헤아림가족교실,2022-09-15,2022-11-02,14:00,16:00,9,내부인력,8,4,Y,Y
경기도부천시소사치매안심센터,헤아림,2019년 소사치매안심센터 헤아림 가족교실 2기,2019-06-04,2019-07-30,10:00,12:00,20,내부인력,8,4,Y,Y
경기도부천시소사치매안심센터,헤아림,2019년 소사치매안심센터 헤아림 가족교실 1기,2019-03-05,2019-04-30,10:00,12:00,20,내부인력,8,4,Y,Y
경기도부천시소사치매안심센터,헤아림,소사 헤아림 가족교실 2기,2018-11-01,2018-12-27,10:00,12:00,10,내부인력,8,4,Y,Y
경기도부천시소사치매안심센터,헤아림,소사 헤아림 가족교실 1기,2018-08-30,2018-10-25,10:00,12:00,15,내부인력,8,4,Y,Y
강원특별자치도강릉시치매안심센터,헤아림,2025 헤아림 가족교실(2기),2025-10-01,2025-11-26,10:00,11:00,20,외부인력,8,4,N,N
강원특별자치도강릉시치매안심센터,헤아림,2025 헤아림 가족교실(1기),2025-05-07,2025-06-25,10:00,11:00,30,외부인력,8,4,N,Y
강원특별자치도강릉시치매안심센터,헤아림,2024년 헤아림 가족교실(2기),2024-10-02,2024-12-04,10:00,11:00,30,외부인력,10,4,N,Y
강원특별자치도강릉시치매안심센터,헤아림,2024년 헤아림 가족교실(1기),2024-06-19,2024-08-14,10:00,11:00,30,외부인력,8,4,N,Y
강원특별자치도강릉시치매안심센터,헤아림,2023년 헤아림 가족교실(2기),2023-10-12,2023-12-07,14:00,15:00,20,외부인력,8,4,N,Y
강원특별자치도강릉시치매안심센터,헤아림,2023년 헤아림 가족교실(1기),2023-07-06,2023-08-31,14:00,15:00,30,외부인력,8,3,N,Y
강원특별자치도강릉시치매안심센터,헤아림,2022년 헤아림 가족교실(하반기),2022-08-25,2022-10-13,14:00,15:00,15,외부인력,8,4,N,Y
강원특별자치도강릉시치매안심센터,헤아림,2022년 헤아림 가족교실(상반기),2022-06-14,2022-07-07,14:00,15:00,12,외부인력,8,4,N,Y
강원특별자치도강릉시치매안심센터,기타,치매환자 보호자 집단상담,2021-10-19,2021-11-23,10:00,12:00,15,외부인력,6,3,N,Y
강원특별자치도강릉시치매안심센터,헤아림,2021년 강릉시 치매 가족교실,2021-05-18,2021-07-06,11:00,12:00,20,내부인력,8,5,N,Y
강원특별자치도강릉시치매안심센터,헤아림,"2020년 ""헤아림"" 가족교실",2020-10-16,2020-11-06,14:00,16:00,9,외부인력,4,2,Y,Y
강원특별자치도강릉시치매안심센터,헤아림,"""헤아림""2019년 하반기",2019-09-06,2019-11-01,14:00,16:00,15,외부인력,8,5,Y,Y
강원특별자치도강릉시치매안심센터,헤아림,"""헤아림""2019년 상반기",2019-04-05,2019-05-24,14:00,16:00,10,외부인력,8,6,Y,Y
강원특별자치도강릉시치매안심센터,헤아림,헤아림 치매가족교실,2018-09-07,2018-10-26,14:00,15:30,8,외부인력,8,6,Y,Y
강원특별자치도고성군치매안심센터,헤아림,2025년 치매가족교실 헤아림,2025-09-25,2025-10-31,14:00,16:00,6,외부인력,8,4,Y,N
강원특별자치도고성군치매안심센터,기타,2024년 가족교실 프로그램,2024-10-07,2024-11-25,14:00,16:00,8,외부인력,8,6,Y,Y
강원특별자치도고성군치매안심센터,헤아림,2023년 가족교실 프로그램,2023-10-25,2023-11-30,13:00,15:00,4,내부인력,8,4,N,Y
강원특별자치도고성군치매안심센터,헤아림,2022년 가족교실 프로그램 2,2022-08-11,2022-09-16,16:00,18:00,10,내부인력,11,8,N,Y
강원특별자치도고성군치매안심센터,헤아림,2022년 가족지지 프로그램,2022-07-05,2022-08-04,16:00,18:00,10,내부인력,10,7,N,Y
강원특별자치도고성군치매안심센터,헤아림,2021년 가족교실 프로그램 Ⅱ,2021-08-24,2021-09-16,13:00,15:00,9,외부인력,8,5,N,N
강원특별자치도고성군치매안심센터,헤아림,2021년 가족교실 프로그램,2021-07-01,2021-07-30,14:00,16:00,9,외부인력,8,4,N,Y
강원특별자치도고성군치매안심센터,헤아림,2020년 치매 가족 모임,2020-06-16,2020-08-14,14:00,16:00,10,외부인력,10,8,N,Y
강원특별자치도고성군치매안심센터,헤아림,2019년 치매가족 지지 프로그램,2019-04-12,2019-05-31,16:00,18:00,12,외부인력,16,6,Y,Y
강원특별자치도고성군치매안심센터,헤아림,치매 어르신 가족지지 프로그램,2018-11-05,2018-12-21,13:00,14:00,10,외부인력,21,5,Y,N
강원특별자치도동해시치매안심센터,헤아림,가족교실 26-1,2026-03-02,2026-04-30,09:00,12:00,10,내부인력,8,4,N,N
강원특별자치도동해시치매안심센터,헤아림,헤아림가족교실25-2기,2025-09-12,2025-11-07,10:00,12:00,5,외부인력,8,4,Y,N
강원특별자치도동해시치매안심센터,헤아림,헤아림가족교실25-1기,2025-04-02,2025-05-21,09:30,11:30,10,내부인력,8,4,Y,Y
강원특별자치도동해시치매안심센터,헤아림,헤아림가족교실24-2기,2024-09-04,2024-11-06,09:30,11:30,10,내부인력,10,4,Y,Y
강원특별자치도동해시치매안심센터,헤아림,헤아림가족교실24-1기,2024-03-13,2024-05-22,09:30,11:30,7,내부인력,11,4,Y,Y
강원특별자치도동해시치매안심센터,헤아림,헤아림가족교실23-2기,2023-09-06,2023-11-08,10:00,11:00,10,내부인력,10,4,Y,Y
강원특별자치도동해시치매안심센터,헤아림,헤아림가족교실23-1기,2023-03-08,2023-04-26,10:00,11:00,7,내부인력,8,4,Y,Y
강원특별자치도동해시치매안심센터,헤아림,늘푸름교실(가족지지프로그램) 22-2기,2022-09-15,2022-11-10,10:00,12:00,10,내부인력,9,4,Y,Y
강원특별자치도동해시치매안심센터,헤아림,헤아림 가족교실 22-2기,2022-09-15,2022-11-10,10:00,11:00,10,내부인력,9,4,Y,Y
강원특별자치도동해시치매안심센터,헤아림,늘푸름교실(가족지지프로그램) 22-1기,2022-05-12,2022-06-30,11:00,12:00,7,외부인력,8,4,Y,Y
강원특별자치도동해시치매안심센터,헤아림,헤아림 가족교실 22-1기,2022-05-12,2022-06-30,10:00,11:00,7,내부인력,8,4,Y,Y
강원특별자치도동해시치매안심센터,헤아림,늘푸름교실(가족지지프로그램) 21-2기,2021-10-07,2021-11-25,10:30,11:30,6,외부인력,8,6,N,Y
강원특별자치도동해시치매안심센터,헤아림,헤아림가족교실 21-2기,2021-10-07,2021-11-25,10:00,10:30,6,내부인력,8,6,N,Y
강원특별자치도동해시치매안심센터,헤아림,헤아림가족교실,2021-07-01,2021-08-19,10:00,11:00,5,내부인력,8,4,Y,Y
강원특별자치도동해시치매안심센터,헤아림,늘푸름교실(가족지지프로그램) 21-1기,2021-07-01,2021-08-19,11:00,12:00,5,외부인력,8,4,Y,Y
강원특별자치도동해시치매안심센터,헤아림,늘푸름교실(가족지지프로그램) 20-1기,2020-10-15,2020-12-03,11:00,12:00,6,외부인력,8,4,Y,Y
강원특별자치도동해시치매안심센터,헤아림,헤아림가족교실 20-1기,2020-10-15,2020-12-03,10:00,11:00,6,내부인력,8,4,Y,Y
강원특별자치도동해시치매안심센터,헤아림,늘푸름교실(가족지지프로그램) 3기,2019-10-01,2019-11-19,11:00,12:00,12,외부인력,8,6,Y,Y
강원특별자치도동해시치매안심센터,헤아림,헤아림 가족교실 3기,2019-10-01,2019-11-19,10:00,11:00,12,내부인력,8,6,Y,Y
강원특별자치도동해시치매안심센터,헤아림,늘푸름교실(가족지지프로그램) 2기,2019-07-02,2019-08-20,11:00,12:00,12,외부인력,8,6,Y,Y
강원특별자치도동해시치매안심센터,헤아림,헤아림 가족교실 2기,2019-07-02,2019-08-20,10:00,11:00,12,내부인력,8,6,Y,Y
강원특별자치도동해시치매안심센터,헤아림,늘푸름교실(가족지지프로그램) 1기,2019-04-02,2019-05-21,11:00,12:00,15,외부인력,8,5,Y,Y
강원특별자치도동해시치매안심센터,헤아림,헤아림가족교실 1기,2019-04-02,2019-05-21,10:00,11:00,15,내부인력,8,5,Y,Y
강원특별자치도삼척시치매안심센터,헤아림,헤아림 가족교실,2025-05-02,2025-05-30,14:00,16:00,11,내부인력,8,4,N,Y
강원특별자치도삼척시치매안심센터,헤아림,헤아림 가족교실(2024년 하반기),2024-10-07,2024-10-07,14:00,16:00,11,내부인력,8,4,Y,N
강원특별자치도삼척시치매안심센터,헤아림,헤아림 가족교실(2024년 상반기),2024-06-14,2024-07-15,14:00,16:00,7,내부인력,8,4,N,Y
강원특별자치도삼척시치매안심센터,헤아림,헤아림 가족교실(2023년 하반기),2023-08-31,2023-09-25,14:00,16:00,7,내부인력,8,4,N,Y
강원특별자치도삼척시치매안심센터,헤아림,헤아림가족교실(2023년 상반기),2023-04-03,2023-04-27,14:00,18:00,7,내부인력,8,4,N,Y
강원특별자치도삼척시치매안심센터,헤아림,헤아림가족교실,2022-09-14,2022-10-07,14:00,16:00,7,내부인력,8,4,Y,Y
강원특별자치도삼척시치매안심센터,헤아림,헤아림 가족교실,2022-06-29,2022-07-22,14:00,16:00,6,내부인력,8,4,Y,Y
강원특별자치도삼척시치매안심센터,헤아림,헤아림 가족교실,2019-09-02,2019-09-30,14:00,16:00,8,내부인력,8,5,Y,Y
강원특별자치도삼척시치매안심센터,헤아림,헤아림 가족교실,2019-05-23,2019-06-24,14:00,16:00,7,내부인력,8,5,Y,Y
강원특별자치도삼척시치매안심센터,헤아림,헤아림 가족교실,2018-04-11,2018-06-20,15:00,17:00,8,내부인력,8,4,Y,Y
강원특별자치도속초시치매안심센터,헤아림,2025년 헤아림(하반기),2025-09-09,2025-11-04,14:00,16:00,5,내부인력,8,4,Y,N
강원특별자치도속초시치매안심센터,헤아림,2025년 헤아림(상반기),2025-03-25,2025-05-20,14:00,16:00,5,내부인력,8,4,Y,Y
강원특별자치도속초시치매안심센터,헤아림,2024년 헤아림(하반기),2024-10-02,2024-11-20,14:00,16:00,5,내부인력,8,4,Y,Y
강원특별자치도속초시치매안심센터,헤아림,2024년 헤아림(상반기),2024-04-17,2024-06-12,14:00,16:00,5,내부인력,8,4,Y,Y
강원특별자치도속초시치매안심센터,헤아림,2023년 헤아림(하반기),2023-10-04,2023-11-22,14:00,16:00,5,내부인력,8,4,Y,Y
강원특별자치도속초시치매안심센터,헤아림,2023년 헤아림(상반기),2023-04-26,2023-06-14,14:00,16:00,5,내부인력,8,3,Y,Y
강원특별자치도속초시치매안심센터,헤아림,2022년헤아림1기,2022-06-28,2022-08-17,14:00,16:00,5,내부인력,8,2,Y,Y
강원특별자치도속초시치매안심센터,헤아림,헤아림(1기),2021-04-27,2021-06-15,14:00,16:00,6,내부인력,8,4,Y,Y
강원특별자치도속초시치매안심센터,헤아림,헤아림 (2기),2020-10-13,2020-11-04,14:00,16:00,6,내부인력,8,4,Y,Y
강원특별자치도속초시치매안심센터,헤아림,헤아림 (1기),2020-07-21,2020-08-12,14:00,16:00,6,내부인력,8,4,Y,Y
강원특별자치도속초시치매안심센터,헤아림,헤아림,2019-09-17,2019-11-05,14:00,16:00,5,내부인력,8,4,Y,Y
강원특별자치도속초시치매안심센터,헤아림,헤아림,2019-04-30,2019-06-18,14:00,16:00,6,내부인력,8,4,Y,Y
강원특별자치도속초시치매안심센터,헤아림,헤아림,2018-04-26,2018-06-14,14:00,16:00,8,내부인력,8,4,Y,Y
강원특별자치도양구군치매안심센터,헤아림,2024 가족교실 헤아림,2024-11-05,2024-11-28,10:00,11:30,10,내부인력,8,1,Y,Y
강원특별자치도양구군치매안심센터,헤아림,2023 가족교실 ' 가까운 나로부터 ',2023-09-07,2023-11-02,15:00,16:30,10,외부인력,8,4,Y,Y
강원특별자치도양구군치매안심센터,헤아림,2022년 치매 가족교실 헤아림 2기,2022-08-17,2022-10-05,10:00,11:30,10,외부인력,8,2,Y,Y
강원특별자치도양구군치매안심센터,헤아림,2022년 치매 가족교실 헤아림 1기,2022-03-22,2022-05-10,14:00,16:00,10,외부인력,8,8,Y,Y
강원특별자치도양구군치매안심센터,헤아림,2021 치매 가족교실 헤아림 2기,2021-07-19,2021-09-27,10:00,11:30,10,외부인력,8,4,Y,Y
강원특별자치도양구군치매안심센터,헤아림,2021 치매 가족교실 헤아림 1기,2021-02-15,2021-04-19,10:30,12:00,5,외부인력,8,6,Y,Y
강원특별자치도양구군치매안심센터,헤아림,2020 치매 가족교실 헤아림 2기,2020-10-08,2020-11-19,13:30,15:00,10,외부인력,6,5,Y,N
강원특별자치도양구군치매안심센터,헤아림,2020 치매 가족교실 헤아림 1기,2020-07-21,2020-09-08,13:00,14:30,10,외부인력,8,6,Y,Y
강원특별자치도양구군치매안심센터,헤아림,2019 치매 가족교실 헤아림 1기,2019-04-02,2019-05-21,14:00,15:30,8,내부인력,8,5,Y,Y
강원특별자치도양구군치매안심센터,헤아림,2018 치매 가족교실 헤아림 2기,2018-10-16,2018-11-16,14:00,15:30,8,내부인력,8,5,Y,Y
강원특별자치도양구군치매안심센터,헤아림,2018 치매 가족교실 헤아림 1기,2018-08-03,2018-09-21,13:00,14:30,10,내부인력,8,6,Y,Y
강원특별자치도양양군치매안심센터,헤아림,2025년 헤아림 교실,2025-04-08,2025-04-29,09:00,12:00,10,내부인력,8,2,Y,Y
강원특별자치도양양군치매안심센터,헤아림,2024년 헤아림 가족교실,2024-09-03,2024-10-08,09:00,12:00,15,내부인력,8,1,Y,Y
강원특별자치도양양군치매안심센터,헤아림,23년 헤아림 가족교실,2023-06-13,2023-08-01,10:00,12:00,15,내부인력,8,1,N,Y
강원특별자치도양양군치매안심센터,일상의 회복,22년 헤아림(심층과정),2022-11-08,2022-11-29,10:00,12:00,10,내부인력,4,1,N,N
강원특별자치도양양군치매안심센터,헤아림,22년 헤아림(기본과정),2022-09-13,2022-11-01,10:00,12:00,15,내부인력,8,1,N,N
강원특별자치도양양군치매안심센터,헤아림,찾아가는 헤아림(노현숙),2020-06-03,2020-07-21,14:00,17:00,3,내부인력,8,4,N,N
강원특별자치도양양군치매안심센터,헤아림,찾아가는 헤아림(박재희),2020-06-04,2020-07-31,09:00,18:00,5,내부인력,8,4,N,N
강원특별자치도양양군치매안심센터,헤아림,헤아림 교육(조민경),2020-06-04,2020-07-31,13:00,17:00,4,내부인력,8,4,N,Y
강원특별자치도양양군치매안심센터,헤아림,헤아림(오전),2019-09-25,2019-11-20,10:00,12:00,10,내부인력,8,4,Y,N
강원특별자치도양양군치매안심센터,헤아림,헤아림(오후),2019-09-18,2019-11-13,15:00,17:00,10,내부인력,8,4,Y,N
강원특별자치도영월군치매안심센터,헤아림,2025 헤아림 가족교실,2025-07-09,2025-07-31,13:00,15:00,10,내부인력,8,4,Y,Y
강원특별자치도영월군치매안심센터,헤아림,24년 헤아림,2024-07-02,2024-07-23,14:00,15:00,4,내부인력,8,2,Y,Y
강원특별자치도영월군치매안심센터,헤아림,가족돌봄- 헤아림,2023-10-24,2023-11-21,14:00,15:00,4,내부인력,8,5,Y,Y
강원특별자치도영월군치매안심센터,헤아림,2022헤아림2,2022-07-25,2022-08-19,00:00,00:00,10,내부인력,8,5,N,Y
강원특별자치도영월군치매안심센터,헤아림,2022 헤아림 1,2022-07-25,2022-08-19,00:00,00:00,5,내부인력,8,5,N,Y
강원특별자치도영월군치매안심센터,헤아림,헤아림 5기,2021-10-12,2021-11-04,17:00,18:00,5,내부인력,8,5,Y,Y
강원특별자치도영월군치매안심센터,헤아림,헤아림 4기,2021-09-02,2021-09-30,13:00,14:00,5,내부인력,9,5,Y,Y
강원특별자치도영월군치매안심센터,헤아림,헤아림(오전),2019-06-20,2019-08-08,10:00,12:00,8,내부인력,8,5,Y,Y
강원특별자치도영월군치매안심센터,헤아림,헤아림(오후),2019-06-20,2019-08-08,15:00,17:00,8,내부인력,8,5,Y,Y
강원특별자치도영월군치매안심센터,헤아림,헤아림,2018-10-04,2018-11-29,13:30,15:30,7,내부인력,8,5,Y,N
강원특별자치도원주시치매안심센터,가치돌봄(기본),2025년 헤아림 가족교실 4기,2025-09-11,2025-11-13,09:30,10:30,10,내부인력,8,1,N,N
강원특별자치도원주시치매안심센터,일상의 회복,2025년 헤아림 가족교실 3기,2025-07-21,2025-07-31,09:30,11:30,15,내부인력,8,1,N,Y
강원특별자치도원주시치매안심센터,헤아림,2025년 헤아림 가족교실 2기,2025-04-03,2025-05-22,09:30,11:30,20,내부인력,8,1,N,Y
강원특별자치도원주시치매안심센터,헤아림,2025년 헤아림 가족 교실 1기,2025-01-21,2025-03-20,09:30,11:30,22,내부인력,8,1,N,Y
강원특별자치도원주시치매안심센터,헤아림,2024년 5기 헤아림 가족교실,2024-10-15,2024-12-10,09:00,12:00,35,내부인력,17,1,N,Y
강원특별자치도원주시치매안심센터,헤아림,2024년 4기 헤아림 가족교실,2024-08-14,2024-10-14,09:00,12:00,30,내부인력,10,1,N,Y
강원특별자치도원주시치매안심센터,헤아림,2024년 3기 헤아림 가족교실,2024-04-25,2024-07-09,09:00,12:00,19,내부인력,15,1,N,Y
강원특별자치도원주시치매안심센터,헤아림,2024년 2기 헤아림 가족교실,2024-02-28,2024-05-22,09:00,12:00,15,내부인력,8,1,N,Y
강원특별자치도원주시치매안심센터,헤아림,2024년 1기_헤아림가족교실,2024-01-23,2024-03-26,09:00,12:00,20,내부인력,10,1,N,Y
강원특별자치도원주시치매안심센터,헤아림,헤아림 가족교실(2023년 4기),2023-09-12,2023-11-14,09:00,11:00,10,내부인력,10,1,N,Y
강원특별자치도원주시치매안심센터,헤아림,헤아림 가족교실(2023년 3기),2023-07-26,2023-09-20,09:00,11:00,10,내부인력,8,1,Y,Y
강원특별자치도원주시치매안심센터,일상의 회복,헤아림 가족교실(2023년 2기),2023-07-04,2023-08-08,09:30,11:30,5,내부인력,6,1,Y,Y
강원특별자치도원주시치매안심센터,헤아림,헤아림 가족교실(23년 1기(화)),2023-01-17,2023-03-07,09:30,11:30,5,내부인력,8,1,Y,Y
강원특별자치도원주시치매안심센터,헤아림,"헤아림가족교실(화,목)오후반",2022-10-04,2022-11-24,13:30,15:30,3,내부인력,16,4,Y,N
강원특별자치도원주시치매안심센터,헤아림,"헤아림가족교실(화,목)오전반",2022-10-04,2022-11-24,09:30,11:30,3,내부인력,16,4,Y,Y
강원특별자치도원주시치매안심센터,헤아림,2022년 헤아림 가족교실,2022-05-27,2022-07-15,10:00,12:00,6,내부인력,8,5,Y,Y
강원특별자치도원주시치매안심센터,헤아림,2022년 찾아가는헤아림 가족교실,2022-01-10,2022-03-11,00:00,00:00,20,내부인력,32,4,Y,N
강원특별자치도원주시치매안심센터,헤아림,2021 헤아림 가족교실 3기,2021-10-05,2021-11-24,09:30,11:30,10,내부인력,8,4,N,N
강원특별자치도원주시치매안심센터,헤아림,대기자,2021-07-05,2022-12-30,10:00,12:00,20,내부인력,78,5,Y,N
강원특별자치도원주시치매안심센터,헤아림,헤아림 가족교실(21년 2기),2021-06-15,2021-08-24,10:00,11:30,20,내부인력,11,4,Y,Y
강원특별자치도원주시치매안심센터,헤아림,찾아가는 헤아림 가족교실(21년 1기),2021-02-22,2021-04-19,09:30,11:30,4,내부인력,8,5,Y,Y
강원특별자치도원주시치매안심센터,헤아림,헤아림가족교실(19년 2기),2019-07-04,2019-09-03,10:00,12:00,10,내부인력,9,6,Y,N
강원특별자치도원주시치매안심센터,헤아림,헤아림가족교실(19년 1기),2019-04-02,2019-05-21,09:30,11:30,10,내부인력,8,6,Y,Y
강원특별자치도원주시치매안심센터,헤아림,헤아림가족교실,2018-03-07,2018-05-09,01:30,03:30,10,내부인력,9,6,Y,Y
강원특별자치도인제군치매안심센터,가치돌봄(기본),가족교실- 가치돌봄(집중),2025-03-17,2025-10-20,14:00,16:00,10,내부인력,8,4,Y,N
강원특별자치도인제군치매안심센터,헤아림,2024년 헤아림 프로그램,2024-04-01,2024-11-29,14:00,15:00,5,내부인력,8,4,Y,Y
강원특별자치도인제군치매안심센터,일상의 회복,일상의 회복 - B반,2024-07-01,2024-10-31,13:30,15:30,5,내부인력,4,4,Y,N
강원특별자치도인제군치매안심센터,일상의 회복,일상의 회복 - A반,2024-03-01,2024-06-28,13:30,15:30,5,내부인력,4,4,Y,Y
강원특별자치도인제군치매안심센터,헤아림,2023 가족교실 헤아림 프로그램(B반),2023-03-01,2023-10-31,14:00,16:00,5,내부인력,8,4,Y,Y
강원특별자치도인제군치매안심센터,헤아림,2023 가족교실 헤아림 프로그램(A반),2023-03-20,2023-11-27,14:30,16:30,6,내부인력,8,4,Y,Y
강원특별자치도인제군치매안심센터,헤아림,야외치유프로그램(사과따기 체험),2022-10-18,2022-10-19,12:30,16:00,10,내부인력,2,1,N,N
강원특별자치도인제군치매안심센터,헤아림,야외치유프로그램(꽃축제),2022-10-11,2022-10-12,13:00,17:00,10,내부인력,2,1,N,N
강원특별자치도인제군치매안심센터,헤아림,헤아림,2022-04-11,2022-11-22,14:30,16:30,10,내부인력,8,5,Y,Y
강원특별자치도인제군치매안심센터,헤아림,헤아림,2021-04-05,2021-07-12,14:30,16:00,11,내부인력,8,4,Y,Y
강원특별자치도인제군치매안심센터,헤아림,해바라기,2019-08-08,2019-10-24,10:30,11:30,6,외부인력,8,3,Y,Y
강원특별자치도인제군치매안심센터,헤아림,헤아림,2018-09-14,2018-10-31,11:00,12:00,10,외부인력,8,4,Y,Y
강원특별자치도정선군치매안심센터,헤아림,2025년 헤아림 가족교실,2025-04-18,2025-06-13,13:00,14:00,5,내부인력,8,6,N,N
강원특별자치도정선군치매안심센터,헤아림,2024년 헤아림 가족교실,2024-04-04,2024-12-05,14:00,15:00,10,내부인력,9,4,Y,Y
강원특별자치도정선군치매안심센터,헤아림,헤아림 가족교실,2023-03-02,2023-11-02,14:00,15:00,20,내부인력,8,7,Y,Y
강원특별자치도정선군치매안심센터,헤아림,아리아리!(A반),2022-02-03,2022-11-03,14:00,15:00,10,내부인력,10,6,Y,Y
강원특별자치도정선군치매안심센터,헤아림,아리아리!(B반),2022-03-17,2022-11-03,14:00,15:30,10,내부인력,9,6,Y,Y
강원특별자치도정선군치매안심센터,헤아림,아리아리!,2021-09-02,2021-12-09,11:00,14:00,10,내부인력,8,6,Y,Y
강원특별자치도정선군치매안심센터,헤아림,아리아리!,2021-04-29,2021-08-05,14:00,15:00,20,내부인력,8,6,Y,Y
강원특별자치도정선군치매안심센터,헤아림,아리아리!,2020-07-01,2020-10-31,14:00,15:00,10,내부인력,5,3,Y,Y
강원특별자치도정선군치매안심센터,헤아림,아리아리!,2019-04-09,2019-04-19,11:00,14:00,10,내부인력,8,4,Y,Y
강원특별자치도정선군치매안심센터,헤아림,아리아리!,2018-07-16,2018-07-27,10:00,12:00,6,내부인력,8,4,Y,Y
강원특별자치도철원군치매안심센터,헤아림,2025 헤아림 가족교실,2025-07-02,2025-07-24,14:00,15:30,18,내부인력,8,1,N,Y
강원특별자치도철원군치매안심센터,헤아림,2024 하반기 헤아림 가족교실,2024-10-04,2024-10-25,10:00,12:00,10,내부인력,8,1,N,Y
강원특별자치도철원군치매안심센터,헤아림,2024상반기 헤아림 가족교실,2024-04-04,2024-04-25,14:00,16:00,10,내부인력,8,1,N,Y
강원특별자치도철원군치매안심센터,헤아림,2023 하반기 헤아림가족교실,2023-08-17,2023-09-07,14:00,16:00,10,내부인력,8,1,N,Y
강원특별자치도철원군치매안심센터,헤아림,2023 상반기 헤아림가족교실,2023-04-06,2023-04-28,14:00,15:00,6,내부인력,8,1,N,Y
강원특별자치도철원군치매안심센터,헤아림,2022 하반기 헤아림가족교실,2022-10-06,2022-10-28,10:00,11:00,7,내부인력,8,1,N,Y
강원특별자치도철원군치매안심센터,헤아림,2022 상반기 헤아림가족교실,2022-04-20,2022-05-31,14:00,15:30,8,내부인력,8,1,N,Y
강원특별자치도철원군치매안심센터,헤아림,헤아림 2021하반기,2021-09-09,2021-11-04,14:00,15:00,7,내부인력,8,1,N,Y
강원특별자치도철원군치매안심센터,헤아림,헤아림4기,2021-04-07,2021-06-09,14:00,15:00,10,외부인력,8,3,N,Y
강원특별자치도철원군치매안심센터,헤아림,헤아림3기(2020년),2020-08-11,2020-11-10,14:00,16:00,7,내부인력,8,3,Y,Y
강원특별자치도철원군치매안심센터,헤아림,헤아림 2기,2019-10-15,2019-11-07,15:00,17:00,4,내부인력,8,4,Y,Y
강원특별자치도철원군치매안심센터,헤아림,헤아림,2019-04-02,2019-04-30,02:00,04:00,4,내부인력,8,8,Y,Y
강원특별자치도춘천시치매안심센터,헤아림,2025. 3기 헤아림,2025-08-01,2025-09-26,14:00,16:00,9,내부인력,8,4,Y,Y
강원특별자치도춘천시치매안심센터,헤아림,2025. 2기 헤아림,2025-04-04,2025-04-25,13:30,16:30,10,내부인력,8,4,Y,Y
강원특별자치도춘천시치매안심센터,헤아림,2025. 1기 헤아림(노인전문병원),2025-03-28,2025-06-20,09:30,12:30,4,내부인력,8,4,N,Y
강원특별자치도춘천시치매안심센터,헤아림,2024. 3기 헤아림,2024-08-23,2024-09-13,13:30,16:30,7,내부인력,8,4,Y,Y
강원특별자치도춘천시치매안심센터,헤아림,2024. 2기 헤아림,2024-04-12,2024-05-31,14:00,16:00,6,내부인력,8,4,Y,Y
강원특별자치도춘천시치매안심센터,헤아림,2024. 1기 헤아림 (노인전문병원),2024-03-22,2024-06-28,10:00,12:00,5,내부인력,8,4,N,Y
강원특별자치도춘천시치매안심센터,헤아림,2023. 4기 헤아림,2023-10-11,2023-11-29,14:00,16:00,8,내부인력,8,4,Y,Y
강원특별자치도춘천시치매안심센터,일상의 회복,2023. 3기 헤아림 (일상의 회복),2023-07-31,2023-09-18,14:00,16:00,6,내부인력,8,5,N,Y
강원특별자치도춘천시치매안심센터,헤아림,2023. 2기 헤아림,2023-05-10,2023-07-05,14:00,16:00,8,내부인력,8,3,Y,Y
강원특별자치도춘천시치매안심센터,헤아림,2023. 1기 헤아림,2023-02-01,2023-02-28,14:00,15:00,8,내부인력,8,4,N,Y
강원특별자치도춘천시치매안심센터,헤아림,2022. 4기 헤아림,2022-11-21,2022-12-16,14:00,16:00,8,내부인력,8,4,N,Y
강원특별자치도춘천시치매안심센터,헤아림,2022.  3기 헤아림,2022-10-06,2022-10-31,14:00,16:00,8,내부인력,8,4,N,Y
강원특별자치도춘천시치매안심센터,헤아림,"2022.  2기 헤아림 (너영나영, 우리함께)",2022-09-07,2022-10-26,14:00,16:00,8,내부인력,8,2,N,Y
강원특별자치도춘천시치매안심센터,헤아림,2022. 1기 헤아림 (기억의 둥지),2022-05-18,2022-07-13,15:00,17:00,8,내부인력,8,5,Y,Y
강원특별자치도춘천시치매안심센터,헤아림,2021  헤아림 2차,2021-09-29,2021-10-22,14:00,16:00,10,내부인력,8,4,Y,Y
강원특별자치도춘천시치매안심센터,헤아림,2021헤아림1차,2021-02-24,2021-04-14,14:00,16:00,10,내부인력,8,5,Y,Y
강원특별자치도춘천시치매안심센터,헤아림,2020년 1차 헤아림,2020-01-29,2020-07-31,14:00,16:00,10,내부인력,8,4,Y,Y
강원특별자치도춘천시치매안심센터,헤아림,2019년 2차 헤아림,2019-10-02,2019-11-27,14:00,16:00,10,내부인력,8,5,Y,Y
강원특별자치도춘천시치매안심센터,헤아림,2019년 1차 헤아림,2019-07-24,2019-09-18,14:00,16:00,10,내부인력,8,4,Y,Y
강원특별자치도춘천시치매안심센터,헤아림,2018 헤아림,2018-09-27,2018-11-22,09:00,11:00,10,내부인력,8,5,Y,Y
강원특별자치도태백시치매안심센터,헤아림,2025 가족교실(헤아림),2025-04-25,2025-05-26,13:30,17:00,10,내부인력,8,4,Y,Y
강원특별자치도태백시치매안심센터,헤아림,헤아림2024-1,2024-05-10,2024-05-31,13:30,16:10,10,외부인력,4,1,Y,Y
강원특별자치도태백시치매안심센터,헤아림,헤아림2023-2,2023-10-06,2023-10-27,14:00,16:40,10,내부인력,4,1,Y,N
강원특별자치도태백시치매안심센터,헤아림,헤아림2023-1,2023-06-16,2023-07-14,13:30,16:20,15,내부인력,5,1,Y,Y
강원특별자치도태백시치매안심센터,헤아림,헤아림22-1,2022-09-28,2022-11-16,14:00,15:30,7,내부인력,8,8,Y,Y
강원특별자치도태백시치매안심센터,헤아림,헤아림22-2,2022-09-29,2022-11-17,14:00,15:30,10,내부인력,8,8,Y,Y
강원특별자치도태백시치매안심센터,헤아림,2021 헤아림,2021-03-11,2021-04-15,14:00,16:00,8,내부인력,8,6,Y,Y
강원특별자치도태백시치매안심센터,헤아림,목요 헤아림,2019-07-25,2019-08-29,14:00,16:00,12,내부인력,6,4,Y,Y
강원특별자치도태백시치매안심센터,헤아림,화요 헤아림,2019-07-23,2019-08-27,14:00,16:00,12,외부인력,6,4,Y,Y
강원특별자치도태백시치매안심센터,헤아림,시원한 헤아림,2018-07-25,2018-09-12,14:00,16:00,12,외부인력,8,5,Y,Y
강원특별자치도태백시치매안심센터,헤아림,따뜻한 헤아림,2018-07-24,2018-09-11,14:00,16:00,12,외부인력,8,5,Y,Y
강원특별자치도평창군치매안심센터,헤아림,올리사랑14기(북부권),2025-07-09,2025-09-03,14:00,16:00,12,내부인력,8,1,N,Y
강원특별자치도평창군치매안심센터,헤아림,올리사랑 13기(남부권),2025-07-07,2025-09-01,14:00,16:00,12,내부인력,8,1,N,Y
강원특별자치도평창군치매안심센터,헤아림,올리사랑 12 (북부),2024-06-13,2024-08-22,14:00,15:00,15,내부인력,8,2,N,Y
강원특별자치도평창군치매안심센터,헤아림,올리사랑 11 (남부),2024-06-10,2024-08-19,14:00,16:00,15,내부인력,8,2,N,Y
강원특별자치도평창군치매안심센터,헤아림,올리사랑10,2023-08-01,2023-09-01,14:00,16:00,14,내부인력,8,3,Y,Y
강원특별자치도평창군치매안심센터,헤아림,올리사랑9,2023-08-03,2023-08-31,14:00,16:00,14,내부인력,8,3,Y,Y
강원특별자치도평창군치매안심센터,헤아림,올리사랑8,2022-07-05,2022-08-30,14:00,16:30,12,내부인력,8,3,Y,Y
강원특별자치도평창군치매안심센터,헤아림,올리사랑7,2022-02-15,2022-04-12,15:00,16:30,12,내부인력,8,2,Y,Y
강원특별자치도평창군치매안심센터,헤아림,올리사랑6,2021-07-05,2021-09-06,15:00,16:30,10,내부인력,8,2,Y,Y
강원특별자치도평창군치매안심센터,헤아림,올리사랑5,2021-02-22,2021-05-17,15:00,16:30,12,내부인력,8,1,Y,Y
강원특별자치도평창군치매안심센터,헤아림,올리사랑4,2020-07-14,2020-09-23,14:00,16:00,10,내부인력,8,4,Y,Y
강원특별자치도평창군치매안심센터,헤아림,올리사랑3,2019-07-03,2019-08-21,14:00,16:00,15,내부인력,8,4,Y,Y
강원특별자치도평창군치매안심센터,헤아림,올리사랑2,2019-01-17,2019-03-07,10:00,12:00,15,내부인력,8,4,Y,Y
강원특별자치도평창군치매안심센터,헤아림,올리사랑,2018-08-09,2018-10-04,13:30,15:30,15,내부인력,8,4,Y,Y
강원특별자치도홍천군치매안심센터,가치돌봄(집중),2025하반기_가치돌봄 가족교실,2025-10-10,2025-11-28,14:00,16:00,7,내부인력,8,6,N,N
강원특별자치도홍천군치매안심센터,일상의 회복,2025하반기_'일상의 회복'  (내면 분소),2025-09-08,2025-09-29,13:00,15:00,7,내부인력,4,3,N,Y
강원특별자치도홍천군치매안심센터,헤아림,2025상반기_헤아림1 가족교실,2025-04-18,2025-06-13,09:00,11:00,12,내부인력,8,5,N,Y
강원특별자치도홍천군치매안심센터,일상의 회복,2025상반기_'일상의 회복' (화촌면 분소),2025-03-10,2025-03-31,15:00,17:00,6,내부인력,4,3,N,Y
강원특별자치도홍천군치매안심센터,헤아림,2024헤아림2 가족교실,2024-09-06,2024-11-01,09:30,11:30,9,내부인력,8,5,N,Y
강원특별자치도홍천군치매안심센터,일상의 회복,2024일상의 회복 (남면 분소),2024-04-08,2024-04-29,15:00,17:00,4,내부인력,4,3,N,Y
강원특별자치도홍천군치매안심센터,헤아림,2024헤아림1 가족교실,2024-03-08,2024-04-26,04:00,16:00,12,내부인력,8,5,N,Y
강원특별자치도홍천군치매안심센터,헤아림,2023헤아림2 가족교실,2023-09-11,2023-10-30,14:00,16:00,11,내부인력,8,6,N,Y
강원특별자치도홍천군치매안심센터,헤아림,2023헤아림1 가족교실,2023-02-20,2023-04-10,14:00,16:00,10,내부인력,8,5,N,Y
강원특별자치도홍천군치매안심센터,일상의 회복,2022헤아림-일상의 회복,2022-08-29,2022-09-23,14:00,16:00,10,외부인력,4,3,N,Y
강원특별자치도홍천군치매안심센터,헤아림,2022헤아림 가족교실,2022-06-13,2022-08-01,14:00,16:00,9,내부인력,8,6,N,Y
강원특별자치도홍천군치매안심센터,헤아림,2021헤아림 가족교실,2021-09-02,2021-10-21,09:30,11:30,8,내부인력,8,6,N,Y
강원특별자치도홍천군치매안심센터,일상의 회복,2021헤아림-일상의 회복,2021-06-01,2021-06-22,09:30,11:30,6,내부인력,4,3,N,Y
강원특별자치도홍천군치매안심센터,헤아림,2020헤아림 가족교실,2020-06-11,2020-07-31,09:30,11:30,7,내부인력,8,6,N,Y
강원특별자치도홍천군치매안심센터,헤아림,2019헤아림가족교실2,2019-08-09,2019-10-03,09:30,11:30,8,내부인력,8,6,N,Y
강원특별자치도홍천군치매안심센터,헤아림,2019헤아림가족교실1,2019-04-05,2019-05-31,09:30,11:30,7,내부인력,8,6,N,Y
강원특별자치도홍천군치매안심센터,헤아림,2018헤아림 가족교실,2018-04-26,2018-06-14,09:30,11:30,10,내부인력,8,6,N,Y
강원특별자치도화천군치매안심센터,헤아림,2025 올리사랑 헤아림 12기(사내분소),2025-09-01,2025-09-25,13:00,14:30,5,내부인력,8,4,N,Y
강원특별자치도화천군치매안심센터,헤아림,올리사랑헤아림 11기,2024-09-09,2024-11-04,13:30,15:00,6,내부인력,8,4,N,Y
강원특별자치도화천군치매안심센터,헤아림,올리사랑 헤아림 10기(사내분소),2024-09-03,2024-11-05,13:30,15:00,6,내부인력,8,4,N,Y
강원특별자치도화천군치매안심센터,헤아림,올리사랑헤아림 9기,2023-10-10,2023-11-28,14:00,16:00,5,내부인력,8,4,N,Y
강원특별자치도화천군치매안심센터,헤아림,올리사랑헤아림 8기(사내분소),2023-05-02,2023-06-27,13:30,15:30,5,내부인력,8,4,Y,Y
강원특별자치도화천군치매안심센터,헤아림,올리사랑 헤아림 7기,2022-09-23,2022-11-01,13:30,15:00,3,내부인력,8,4,N,Y
강원특별자치도화천군치매안심센터,헤아림,올리사랑 헤아림 6기,2022-06-08,2022-07-27,14:00,16:00,3,내부인력,8,4,N,Y
강원특별자치도화천군치매안심센터,헤아림,올리사랑 헤아림 5기,2021-11-09,2021-12-22,14:00,16:00,3,내부인력,8,4,N,Y
강원특별자치도화천군치매안심센터,기타,일상의 회복,2021-05-18,2021-06-08,14:00,16:00,3,내부인력,4,3,N,N
강원특별자치도화천군치매안심센터,헤아림,올리사랑 헤아림 4기,2020-10-27,2020-11-17,14:00,17:00,5,내부인력,8,4,N,Y
강원특별자치도화천군치매안심센터,헤아림,올리사랑 헤아림 3기,2019-10-15,2019-11-08,13:30,15:00,6,내부인력,8,5,Y,N
강원특별자치도화천군치매안심센터,헤아림,올리사랑 헤아림 2기,2019-04-02,2019-05-21,14:00,16:00,6,내부인력,8,5,Y,Y
강원특별자치도화천군치매안심센터,헤아림,올리사랑 헤아림,2018-08-28,2018-10-23,10:00,12:00,8,내부인력,8,6,Y,Y
강원특별자치도횡성군치매안심센터,헤아림,2025년 헤아림가족교실 2기,2025-09-03,2025-10-29,13:30,15:30,6,내부인력,8,6,Y,Y
강원특별자치도횡성군치매안심센터,헤아림,2025년 헤아림가족교실 1기,2025-07-02,2025-08-20,14:00,16:00,6,내부인력,8,5,Y,Y
강원특별자치도횡성군치매안심센터,헤아림,2024 헤아림 가족교실,2024-09-04,2024-10-02,14:00,16:00,10,내부인력,8,5,Y,Y
강원특별자치도횡성군치매안심센터,일상의 회복,2024년 일상의 회복,2024-02-15,2024-02-28,13:30,15:00,8,내부인력,4,3,N,Y
강원특별자치도횡성군치매안심센터,헤아림,2023 헤아림 가족교실 2기,2023-11-06,2023-11-29,14:00,16:00,10,내부인력,8,4,N,Y
강원특별자치도횡성군치매안심센터,헤아림,2023 헤아림 가족교실 1기,2023-02-07,2023-03-28,10:00,12:00,10,내부인력,8,5,Y,Y
강원특별자치도횡성군치매안심센터,일상의 회복,2022년 일상의 회복,2022-08-10,2022-08-31,14:00,16:00,10,내부인력,4,3,Y,N
강원특별자치도횡성군치매안심센터,헤아림,2022년헤아림가족교실,2022-08-16,2022-10-04,14:00,16:00,10,내부인력,8,5,Y,Y
강원특별자치도횡성군치매안심센터,헤아림,2021 헤아림 가족교실 2기,2021-10-06,2021-11-24,14:00,15:00,10,내부인력,8,1,Y,Y
강원특별자치도횡성군치매안심센터,헤아림,2021년 헤아림 가족교실,2021-07-08,2021-08-26,10:00,12:00,10,내부인력,8,5,Y,Y
강원특별자치도횡성군치매안심센터,헤아림,2020년 헤아림 가족교실 1기,2020-06-11,2020-07-30,14:00,16:00,8,내부인력,8,5,Y,Y
강원특별자치도횡성군치매안심센터,헤아림,2019 헤아림 가족교실 2기,2019-09-17,2019-10-15,10:00,12:00,7,내부인력,8,6,Y,Y
강원특별자치도횡성군치매안심센터,헤아림,2019 헤아림 가족교실,2019-03-08,2019-04-26,10:00,12:00,8,내부인력,8,5,Y,Y
강원특별자치도횡성군치매안심센터,헤아림,2018 헤아림 가족교실 1기,2018-03-02,2018-04-20,10:00,12:00,10,내부인력,8,6,Y,Y
충청북도괴산군치매안심센터,기타,2025년 치매가족교실 이정표,2025-06-03,2025-07-03,14:00,16:00,15,내부인력,8,4,Y,Y
충청북도괴산군치매안심센터,헤아림,2024 치매가족 이정표-야외체험프로그램,2024-06-13,2024-08-01,13:30,15:30,11,내부인력,8,4,Y,Y
충청북도괴산군치매안심센터,헤아림,2023년 치매가족 이정표,2023-06-08,2023-08-03,14:00,16:00,10,내부인력,9,8,Y,Y
충청북도괴산군치매안심센터,헤아림,2022 가족교실 헤아림,2022-10-27,2022-12-15,13:30,15:30,15,외부인력,8,2,Y,Y
충청북도괴산군치매안심센터,헤아림,헤아림,2021-10-14,2021-11-05,14:00,16:00,14,외부인력,8,2,Y,Y
충청북도괴산군치매안심센터,헤아림,충북 괴산군_치매가족교실_헤아림1기_2019,2019-04-11,2019-05-30,14:00,16:00,8,내부인력,8,5,Y,N
충청북도괴산군치매안심센터,헤아림,충북괴산군_치매가족교실 [헤아림]_18-1기,2018-08-28,2018-10-16,14:00,16:00,10,외부인력,8,5,Y,Y
충청북도단양군치매안심센터,기타,치매가족 이정표,2025-08-22,2025-09-26,10:00,12:00,10,외부인력,6,5,N,Y
충청북도단양군치매안심센터,기타,가족 프로그램 마중(마음의 중심),2024-09-06,2024-10-25,10:00,12:00,7,외부인력,8,4,N,Y
충청북도단양군치매안심센터,기타,가족교실 마중,2023-09-06,2023-11-01,10:00,12:00,5,내부인력,8,4,Y,Y
충청북도단양군치매안심센터,헤아림,단양군_토닥토닥 가족교실,2019-07-04,2019-08-08,13:30,15:00,9,외부인력,8,6,Y,Y
충청북도단양군치매안심센터,헤아림,단양군_헤아림 치매가족교실,2018-07-04,2018-08-29,14:00,16:00,8,내부인력,8,4,Y,Y
충청북도보은군치매안심센터,가치돌봄(집중),"따로 또 같이, 치매가족교실 및 자조모임 2기",2025-09-02,2025-09-25,13:30,15:30,10,외부인력,2,1,Y,Y
충청북도보은군치매안심센터,헤아림,"따로 또 같이, 치매가족교실 및 자조모임 1기",2025-06-02,2025-06-25,14:00,16:00,15,내부인력,8,1,Y,Y
충청북도보은군치매안심센터,기타,"토닥토닥 마음나눔, 함께서기 2기",2024-09-03,2024-10-02,14:00,16:00,15,내부인력,8,1,Y,Y
충청북도보은군치매안심센터,기타,"토닥토닥 마음나눔, 함께서기 1기",2024-03-12,2024-04-04,14:00,16:00,14,내부인력,2,1,Y,Y
충청북도보은군치매안심센터,헤아림,"마주앉아 도란도란, 행복충전 2기",2023-10-24,2023-11-17,13:30,15:00,17,외부인력,2,1,Y,Y
충청북도보은군치매안심센터,헤아림,"마주앉아 도란도란, 행복충전",2023-09-04,2023-09-26,09:30,11:30,16,외부인력,8,1,Y,Y
충청북도보은군치매안심센터,일상의 회복,충북_보은군_일상의 회복(2022년 센터내 가족교실),2022-11-02,2022-11-25,13:00,15:00,10,내부인력,8,1,Y,Y
충청북도보은군치매안심센터,헤아림,2022년 방문형 가족교실 프로그램 2차,2022-09-01,2022-10-31,10:00,11:00,20,내부인력,8,1,Y,Y
충청북도보은군치매안심센터,헤아림,2022년 1:1 방문 가족교실- 1차,2022-06-01,2022-08-31,10:00,12:00,15,내부인력,8,1,Y,Y
충청북도보은군치매안심센터,헤아림,충북_보은군_헤아림(2021년 센터내 가족교실),2021-10-26,2021-11-18,14:00,16:00,10,내부인력,8,1,Y,Y
충청북도보은군치매안심센터,헤아림,충북_보은군_헤아림(2021년 1:1 방문 가족교실),2021-09-06,2021-11-30,09:00,10:00,30,내부인력,8,1,Y,Y
충청북도보은군치매안심센터,헤아림,충북_보은군_헤아림(2020년 2차 가족교실),2020-11-11,2020-11-30,14:00,16:00,20,내부인력,4,3,Y,Y
충청북도보은군치매안심센터,헤아림,"충북_보은군_헤아림(두 손을 살포시, 아름다운 동행)",2020-10-07,2020-10-29,14:00,15:00,10,내부인력,8,4,Y,Y
충청북도보은군치매안심센터,헤아림,충북_보은군_헤아림(토닥토닥 내마음),2019-04-09,2019-05-02,10:00,11:00,10,내부인력,8,5,Y,Y
충청북도보은군치매안심센터,헤아림,충북_보은군_헤아림가족교실,2018-10-22,2018-10-31,09:30,11:00,10,내부인력,8,4,Y,N
충청북도보은군치매안심센터,헤아림,충북_보은군_헤아림가족교실,2018-07-05,2018-08-03,13:30,15:30,10,내부인력,8,6,Y,N
충청북도영동군치매안심센터,기타,2025년 하반기 이정표 가족교실,2025-08-20,2025-09-10,13:30,15:30,10,외부인력,5,1,Y,N
충청북도영동군치매안심센터,기타,2025년 상반기 치매환자 가족교실(이정표),2025-04-03,2025-05-01,13:30,15:30,10,외부인력,5,1,Y,Y
충청북도영동군치매안심센터,기타,2024년 치매환자 가족교실(이정표),2024-09-09,2024-09-27,13:30,15:00,11,외부인력,5,1,Y,Y
충청북도영동군치매안심센터,헤아림,2024년 상반기 헤아림 가족교실,2024-03-28,2024-04-19,13:30,13:30,10,외부인력,8,4,Y,Y
충청북도영동군치매안심센터,기타,2023년 하반기 마음의 중심,2023-10-12,2023-11-16,13:30,15:00,7,외부인력,6,1,Y,Y
충청북도영동군치매안심센터,헤아림,2023년 하반기 헤아림 가족교실,2023-08-31,2023-09-22,13:30,15:30,10,외부인력,8,4,Y,Y
충청북도영동군치매안심센터,기타,2023년 상반기 마음의 중심,2023-05-26,2023-07-31,09:30,11:30,12,외부인력,10,1,Y,Y
충청북도영동군치매안심센터,헤아림,2023년 상반기 헤아림 가족교실,2023-03-24,2023-05-19,09:30,11:30,10,외부인력,8,4,Y,Y
충청북도영동군치매안심센터,기타,2022년 하반기 마음의 중심,2022-10-21,2022-11-25,14:00,16:00,15,외부인력,1,1,N,Y
충청북도영동군치매안심센터,헤아림,2022년 하반기 헤아림 가족교실,2022-11-07,2022-11-30,10:00,12:00,15,외부인력,8,4,Y,N
충청북도영동군치매안심센터,기타,2022년 상반기 마음의 중심,2022-06-08,2022-07-13,14:00,16:00,10,외부인력,1,1,Y,Y
충청북도영동군치매안심센터,헤아림,영동군_치매환자가족 마음 보듬기 운영,2022-05-02,2022-05-25,10:00,12:00,15,외부인력,8,4,Y,Y
충청북도영동군치매안심센터,헤아림,영동군_치매환자가족 마음 보듬기 운영,2019-03-25,2019-04-16,10:00,12:00,12,외부인력,8,5,Y,Y
충청북도영동군치매안심센터,헤아림,영동군_치매환자가족 마음 보듬기 운영,2018-04-09,2018-05-14,10:00,12:00,14,외부인력,8,4,Y,Y
충청북도옥천군치매안심센터,기타,2025년 청산분소 치매가족교실 '이정표',2025-02-17,2025-04-14,15:00,16:00,10,외부인력,8,1,Y,Y
충청북도옥천군치매안심센터,기타,2025년 치매가족교실 '이정표',2025-02-17,2025-04-14,13:00,14:00,10,외부인력,8,1,Y,Y
충청북도옥천군치매안심센터,기타,2024 청성분소 가족교실 '이정표',2024-02-15,2024-04-04,13:00,14:00,15,외부인력,8,3,Y,Y
충청북도옥천군치매안심센터,기타,2024 치매가족교실 이정표,2024-02-15,2024-04-04,15:00,16:00,11,내부인력,8,1,Y,Y
충청북도옥천군치매안심센터,기타,청성분소 가족교실 '이정표'(2023),2023-08-18,2023-10-20,10:00,11:00,8,내부인력,8,5,Y,N
충청북도옥천군치매안심센터,기타,가족교실 이정표,2023-07-05,2023-08-23,14:00,15:00,9,내부인력,8,1,Y,Y
충청북도옥천군치매안심센터,헤아림,청성분소 가족교실 '헤아림'(2022),2022-10-14,2022-12-02,10:00,12:00,5,내부인력,8,3,Y,Y
충청북도옥천군치매안심센터,기타,이정표(센터-2022),2022-09-30,2022-10-28,14:00,15:00,8,외부인력,5,1,Y,N
충청북도옥천군치매안심센터,헤아림,헤아림(2022),2022-05-24,2022-07-12,14:00,16:00,10,외부인력,8,1,Y,Y
충청북도옥천군치매안심센터,헤아림,헤아림가족교실,2021-10-06,2021-11-24,13:30,15:00,10,외부인력,8,8,Y,Y
충청북도옥천군치매안심센터,헤아림,청성분소 가족교실 '헤아림',2021-07-13,2021-08-31,10:00,12:00,5,외부인력,8,1,Y,N
충청북도옥천군치매안심센터,헤아림,헤아림 가족 교실,2020-11-04,2020-11-25,14:00,16:00,12,외부인력,8,4,Y,N
충청북도옥천군치매안심센터,헤아림,헤아림 2기 (치매센터),2019-08-20,2019-10-08,13:30,15:30,8,외부인력,6,6,Y,Y
충청북도옥천군치매안심센터,헤아림,헤아림 1기(안남지소),2019-04-04,2019-05-23,14:00,16:00,6,외부인력,8,6,Y,N
충청북도옥천군치매안심센터,헤아림,헤아림 1기(보건소),2019-04-08,2019-06-17,14:00,16:00,8,외부인력,8,6,Y,Y
충청북도옥천군치매안심센터,헤아림,옥천_치매가족교실,2018-01-17,2018-02-22,09:00,12:00,10,외부인력,8,6,Y,Y
충청북도음성군치매안심센터,기타,충북음성-2024년 치매환자 가족교실 '마음의 중심',2024-10-07,2024-11-11,14:00,15:30,10,외부인력,6,4,Y,Y
충청북도음성군치매안심센터,기타,충북음성-2023년 치매환자 가족교실 '마중',2023-04-10,2023-05-15,09:30,11:00,10,외부인력,6,4,N,Y
충청북도음성군치매안심센터,헤아림,충북 음성-2022년 치매환자 가족교실 '헤아림',2022-09-29,2022-11-24,14:00,16:30,7,외부인력,8,6,N,Y
충청북도음성군치매안심센터,기타,2021년 치매가족교실 ‘일상의 회복’,2021-05-03,2021-06-28,13:00,17:00,10,내부인력,9,4,N,N
충청북도음성군치매안심센터,헤아림,충북 음성 - 치매환자 가족교실 '헤아림',2020-06-09,2020-07-28,14:00,16:00,8,외부인력,8,4,N,Y
충청북도음성군치매안심센터,헤아림,충북 음성 - 치매환자 가족교실 '헤아림',2019-10-10,2019-11-28,14:00,15:30,8,외부인력,8,6,Y,Y
충청북도음성군치매안심센터,헤아림,충북 음성-치매가족교실 '헤아림',2018-06-12,2018-07-31,14:00,15:30,7,내부인력,8,6,Y,Y
충청북도제천시치매안심센터,기타,2025년 치매가족교실(마중프로그램),2025-05-14,2025-05-30,13:30,14:30,8,내부인력,6,2,Y,Y
충청북도제천시치매안심센터,기타,2024년 마중 치매환자 가족교실,2024-05-09,2024-05-23,14:00,16:00,8,내부인력,6,2,Y,Y
충청북도제천시치매안심센터,기타,2023년 마중 치매환자 가족교실 2기,2023-10-10,2023-10-31,14:00,16:00,12,내부인력,6,2,Y,N
충청북도제천시치매안심센터,기타,마중 치매환자 가족교실,2023-04-20,2023-05-04,14:00,16:00,8,내부인력,6,2,Y,Y
충청북도제천시치매안심센터,헤아림,충북-제천시-치매가족교실(헤아림2019-2기),2019-05-30,2019-07-05,14:00,15:00,10,내부인력,8,1,Y,Y
충청북도제천시치매안심센터,헤아림,충북-제천시-치매가족교실(헤아림2019-1기),2019-03-21,2019-05-09,14:00,16:00,15,내부인력,8,1,Y,Y
충청북도제천시치매안심센터,헤아림,충북-제천시-치매가족교실(헤아림2기),2018-09-07,2018-10-26,13:30,15:00,10,내부인력,8,4,Y,N
충청북도제천시치매안심센터,헤아림,충북-제천시-치매가족교실(헤아림),2018-04-05,2018-05-24,13:00,15:00,11,내부인력,8,4,Y,Y
충청북도증평군치매안심센터,가치돌봄(기본),치매가족교실(가치돌봄),2025-11-04,2025-12-04,14:00,16:00,10,외부인력,8,10,Y,N
충청북도증평군치매안심센터,헤아림,2025년 제2기 치매가족교실,2025-06-19,2025-08-14,10:00,11:00,10,외부인력,9,10,Y,Y
충청북도증평군치매안심센터,헤아림,2025년 제1기 치매가족교실,2025-04-03,2025-06-05,10:30,11:30,10,외부인력,8,8,Y,Y
충청북도증평군치매안심센터,기타,치매가족이정표,2024-09-03,2024-10-29,14:00,16:00,6,외부인력,8,8,Y,Y
충청북도증평군치매안심센터,기타,치매 가족 이정표,2023-06-01,2023-06-29,14:00,16:00,4,외부인력,8,8,Y,Y
충청북도증평군치매안심센터,기타,'마음충전여행' 가족교실,2022-06-02,2022-06-30,14:00,16:00,10,외부인력,8,1,Y,Y
충청북도증평군치매안심센터,헤아림,헤아림 2기,2019-07-11,2019-09-05,09:30,10:30,8,외부인력,8,4,Y,Y
충청북도증평군치매안심센터,헤아림,헤아림 1기,2019-05-03,2019-06-21,14:00,15:30,7,외부인력,8,5,Y,Y
충청북도증평군치매안심센터,헤아림,충북_증평군_치매가족 헤아림교실_1기,2018-04-19,2018-06-12,14:00,16:00,12,내부인력,8,4,Y,N
충청북도진천군치매안심센터,기타,2025 이정표,2025-09-04,2025-10-02,10:00,12:00,15,외부인력,5,3,Y,Y
충청북도진천군치매안심센터,기타,2024년 이정표,2024-09-11,2024-10-30,14:00,16:00,8,외부인력,6,1,Y,Y
충청북도진천군치매안심센터,헤아림,헤아림,2024-05-07,2024-06-25,14:00,16:00,10,외부인력,8,4,N,Y
충청북도진천군치매안심센터,기타,이정표,2023-10-11,2023-11-15,10:00,12:00,10,외부인력,6,5,N,Y
충청북도진천군치매안심센터,헤아림,2022 헤아림,2022-09-26,2022-10-21,10:00,12:00,4,외부인력,8,6,N,Y
충청북도진천군치매안심센터,헤아림,2021 헤아림 2기,2021-11-08,2021-12-02,14:00,16:00,5,외부인력,8,5,N,Y
충청북도진천군치매안심센터,헤아림,2021 헤아림,2021-04-07,2021-04-30,14:00,16:00,6,외부인력,8,4,N,Y
충청북도진천군치매안심센터,헤아림,헤아림-보건소,2019-10-10,2019-11-28,14:00,16:00,8,외부인력,8,6,Y,N
충청북도진천군치매안심센터,헤아림,헤아림-혁신,2019-03-06,2019-04-24,14:00,16:00,7,외부인력,8,6,Y,Y
충청북도진천군치매안심센터,헤아림,헤아림_진천,2018-10-10,2018-11-28,14:00,16:00,8,외부인력,8,6,Y,Y
충청북도진천군치매안심센터,헤아림,헤아림_진천,2018-03-14,2018-04-30,10:00,11:30,8,내부인력,8,6,Y,Y
충청북도청주시상당구치매안심센터,기타,2025. 치매가족 및 보호자 프로그램 '치매가족 이정표',2025-09-04,2025-09-30,10:00,11:00,10,외부인력,8,5,Y,N
충청북도청주시상당구치매안심센터,기타,2024년 치매안심센터 치매가족교실 '치매가족이정표',2024-10-02,2024-10-30,09:30,10:30,10,외부인력,8,1,Y,Y
충청북도청주시상당구치매안심센터,헤아림,2023년 치매안심센터 치매가족 및 보호자 프로그램 '가족교실',2023-08-02,2023-08-25,09:30,11:30,8,외부인력,8,2,Y,Y
충청북도청주시상당구치매안심센터,헤아림,토닥토닥 마을열기,2022-06-08,2022-07-27,10:00,11:30,5,내부인력,8,5,Y,Y
충청북도청주시상당구치매안심센터,헤아림,청주상당 산림농림치유 가족교실 21-1기,2021-05-07,2021-07-23,09:30,11:00,10,내부인력,12,8,Y,N
충청북도청주시상당구치매안심센터,헤아림,청주상당 찾아가는 치매가족교실 <마음두드림> 20-1기,2020-11-01,2020-11-30,10:00,11:00,14,내부인력,21,4,N,N
충청북도청주시상당구치매안심센터,헤아림,청주상당 치매가족교실 <헤아림> 19-2기,2019-05-02,2019-07-11,10:00,12:00,8,외부인력,8,4,Y,Y
충청북도청주시상당구치매안심센터,헤아림,청주상당 치매가족교실 <헤아림> 19-1기,2019-03-07,2019-04-25,10:00,12:00,8,외부인력,8,4,Y,Y
충청북도청주시상당구치매안심센터,헤아림,청주상당_치매가족교실 <헤아림>_18-1기,2018-06-11,2018-07-05,13:30,15:30,10,내부인력,8,4,Y,Y
충청북도청주시서원구치매안심센터,기타,2025년 치매가족교실 [치매가족  이정표],2025-10-13,2025-10-28,09:30,11:30,9,내부인력,6,3,Y,Y
충청북도청주시서원구치매안심센터,기타,2024년 가족교실 '마음의 중심',2024-09-06,2024-10-11,09:30,10:30,6,외부인력,6,3,Y,Y
충청북도청주시서원구치매안심센터,기타,2023년 치매가족 자조모임 시작을 위한  지원프로그램 '마음의 중심',2023-10-10,2023-10-24,09:30,11:30,4,외부인력,6,4,Y,N
충청북도청주시서원구치매안심센터,헤아림,2022년 치매환자 가족 프로그램 헤아림,2022-05-24,2022-06-16,09:30,11:30,9,외부인력,8,5,Y,Y
충청북도청주시서원구치매안심센터,헤아림,배움더하기 마음보듬기,2021-06-07,2021-07-26,09:30,10:30,8,내부인력,8,5,Y,Y
충청북도청주시서원구치매안심센터,헤아림,2019 헤아림 2기,2019-06-19,2019-08-07,09:30,11:30,9,외부인력,8,6,Y,Y
충청북도청주시서원구치매안심센터,헤아림,2019 헤아림 1기,2019-03-06,2019-04-24,09:30,11:30,9,내부인력,8,6,Y,Y
충청북도청주시서원구치매안심센터,헤아림,서원보건소 치매안심센터 치매환자 가족교실,2018-08-27,2018-10-22,10:00,12:00,10,내부인력,8,1,Y,N
충청북도청주시청원구치매안심센터,기타,2025년 치매환자 가족 지지 프로그램「마중 · 치매가족 이정표」,2025-09-30,2025-11-25,09:30,11:30,10,외부인력,8,5,Y,N
충청북도청주시청원구치매안심센터,기타,2024년 치매환자 가족 지지 프로그램 「마음의 중심·이정표」,2024-10-08,2024-11-26,09:30,11:30,9,외부인력,8,4,Y,Y
충청북도청주시청원구치매안심센터,기타,2023년 가족 지지 프로그램 [이정표],2023-08-17,2023-08-17,10:30,11:30,9,외부인력,8,4,Y,Y
충청북도청주시청원구치매안심센터,헤아림,"2022 가족교실 ""헤아림'",2022-06-09,2022-07-28,09:30,11:30,8,외부인력,8,1,Y,Y
충청북도청주시청원구치매안심센터,헤아림,2021 가족교실「헤아림」,2021-10-20,2021-12-08,09:30,10:30,6,외부인력,8,6,Y,Y
충청북도청주시청원구치매안심센터,헤아림,행복나누리II,2019-04-10,2019-05-29,09:30,11:30,8,내부인력,8,6,Y,Y
충청북도청주시청원구치매안심센터,헤아림,행복나누리,2019-02-13,2019-04-03,09:30,11:30,8,내부인력,8,6,Y,Y
충청북도청주시청원구치매안심센터,헤아림,청주시 청원 헤아림 가족교실 ll,2018-10-19,2018-12-07,13:30,15:30,8,내부인력,8,6,Y,Y
충청북도청주시청원구치매안심센터,헤아림,청주시 청원-헤아림 가족교실,2018-07-27,2018-09-14,13:30,15:30,6,내부인력,8,3,Y,Y
충청북도청주시흥덕구치매안심센터,기타,2025 치매가족 이정표(야외치유 협업),2025-09-30,2025-11-06,13:00,16:00,10,내부인력,10,7,N,N
충청북도청주시흥덕구치매안심센터,기타,2024 치매가족 이정표,2024-09-03,2024-10-29,09:20,12:00,10,내부인력,8,6,N,Y
충청북도청주시흥덕구치매안심센터,기타,2023년 치매가족 이정표,2023-09-14,2023-10-26,10:30,11:30,10,내부인력,6,4,Y,Y
충청북도청주시흥덕구치매안심센터,기타,단계별 치매환자 돌봄을 위한 가족프로그램(실험군),2023-06-01,2023-07-20,09:30,11:00,5,내부인력,8,6,N,N
충청북도청주시흥덕구치매안심센터,헤아림,2022년 헤아림가족교실,2022-05-24,2022-07-29,09:30,11:30,7,내부인력,8,6,Y,Y
충청북도청주시흥덕구치매안심센터,기타,2021년 가족교실 산림치유,2021-10-06,2021-11-24,13:30,15:30,3,내부인력,8,8,Y,Y
충청북도청주시흥덕구치매안심센터,헤아림,2021년 헤아림 가족교실,2021-08-16,2021-10-21,10:00,12:00,5,내부인력,8,6,Y,Y
충청북도청주시흥덕구치매안심센터,헤아림,2019년 헤아림가족교실 2기,2019-07-02,2019-08-27,10:00,12:00,10,내부인력,8,6,Y,N
충청북도청주시흥덕구치매안심센터,헤아림,2019년 헤아림가족교실 1기,2019-05-03,2019-06-28,10:00,12:00,10,외부인력,8,6,Y,N
충청북도청주시흥덕구치매안심센터,헤아림,청주시 흥덕 헤아림,2018-07-11,2018-08-29,10:30,12:00,8,외부인력,8,5,Y,N
충청북도충주시치매안심센터,헤아림,2024 헤아림,2024-04-01,2024-05-03,14:00,16:00,10,외부인력,8,6,Y,Y
충청북도충주시치매안심센터,헤아림,2023 헤아림,2023-02-14,2023-12-31,09:00,18:00,20,외부인력,8,7,Y,N
충청북도충주시치매안심센터,헤아림,2022 헤아림,2022-02-08,2022-12-01,08:00,18:00,15,외부인력,54,6,Y,N
충청북도충주시치매안심센터,헤아림,하반기 치매가족교실(치매산림농림치유프로그램),2021-10-06,2021-11-22,14:00,16:00,10,내부인력,8,3,Y,N
충청북도충주시치매안심센터,헤아림,헤아림 2기(산림농림치유프로그램),2021-04-21,2021-06-23,09:30,11:30,10,내부인력,8,3,Y,N
충청북도충주시치매안심센터,헤아림,헤아림 가족교실,2021-03-10,2021-04-07,09:30,11:30,10,외부인력,8,3,Y,Y
충청북도충주시치매안심센터,헤아림,헤아림,2020-08-03,2020-09-07,13:30,15:30,10,외부인력,8,5,Y,Y
충청북도충주시치매안심센터,희망다이어리,희망다이어리,2019-04-25,2019-06-25,14:00,16:00,10,내부인력,8,6,Y,Y
충청북도충주시치매안심센터,헤아림,충주시_헤아림 가족교실운영,2018-06-28,2018-08-16,14:00,16:00,10,외부인력,8,4,Y,Y
충청남도계룡시치매안심센터,헤아림,2025년 헤아림 가족교실,2025-09-24,2025-11-19,14:00,16:00,10,내부인력,8,4,N,N
충청남도계룡시치매안심센터,헤아림,2024 헤아림 가족교실,2024-04-03,2024-05-29,13:30,15:00,12,내부인력,8,4,Y,Y
충청남도계룡시치매안심센터,헤아림,2023 가족교실  프로그램,2023-03-07,2023-03-31,18:00,21:00,12,내부인력,8,4,Y,Y
충청남도계룡시치매안심센터,헤아림,2022 '일상' 헤아림 가족교실,2022-05-04,2022-06-29,13:20,14:20,10,내부인력,8,4,Y,Y
충청남도계룡시치매안심센터,헤아림,2021 오손도손 가족교실,2021-10-06,2021-11-24,14:00,15:00,10,내부인력,8,4,Y,Y
충청남도계룡시치매안심센터,헤아림,2020 헤아림 가족교실,2020-10-21,2020-12-09,14:00,15:30,12,내부인력,8,4,Y,Y
충청남도계룡시치매안심센터,헤아림,2019년 헤아림 2기,2019-09-04,2019-10-30,10:00,11:30,10,내부인력,8,4,Y,Y
충청남도계룡시치매안심센터,헤아림,2019년 헤아림 1기,2019-03-08,2019-04-26,16:00,17:00,10,내부인력,8,4,Y,Y
충청남도계룡시치매안심센터,헤아림,헤아림가족교실 3기,2018-11-27,2018-12-13,14:30,16:00,10,외부인력,6,5,Y,N
충청남도계룡시치매안심센터,헤아림,헤아림 가족교실 2기,2018-07-06,2018-08-24,10:00,11:00,15,내부인력,8,5,Y,Y
충청남도계룡시치매안심센터,헤아림,헤아림 가족교실,2018-05-03,2018-06-22,10:00,11:00,10,내부인력,8,3,Y,Y
충청남도계룡시치매안심센터,헤아림,알콩달콩가족교실,2018-03-05,2018-03-07,10:00,11:30,8,외부인력,2,1,Y,Y
충청남도공주시치매안심센터,헤아림,2025년 헤아림 가족교실 (4회기),2025-10-14,2025-12-02,13:00,15:00,10,내부인력,8,4,Y,N
충청남도공주시치매안심센터,헤아림,2025년 헤아림 가족교실(3회기),2025-07-15,2025-09-02,13:00,15:00,30,내부인력,8,4,N,Y
충청남도공주시치매안심센터,헤아림,2025년 헤아림 가족교실(2회기),2025-05-13,2025-07-08,13:00,15:00,20,내부인력,8,4,N,Y
충청남도공주시치매안심센터,헤아림,2025년 헤아림 가족교실(1회기),2025-03-04,2025-04-22,13:00,15:00,14,내부인력,8,4,N,Y
충청남도공주시치매안심센터,헤아림,2024년 헤아림 가족교실(4회기),2024-10-08,2024-11-26,14:00,16:00,8,내부인력,8,4,N,Y
충청남도공주시치매안심센터,헤아림,2024년 헤아림 가족교실(3회기),2024-07-09,2024-08-29,14:00,16:00,11,내부인력,8,4,N,Y
충청남도공주시치매안심센터,헤아림,2024년 헤아림 가족교실(2회기),2024-05-07,2024-06-25,14:00,16:00,24,내부인력,8,4,N,Y
충청남도공주시치매안심센터,헤아림,2024년 헤아림 가족교실(1회기),2024-03-05,2024-04-24,14:00,16:00,12,내부인력,8,4,N,Y
충청남도공주시치매안심센터,헤아림,2023년 헤아림 가족교실 4회기,2023-10-24,2023-12-13,14:00,16:00,10,내부인력,8,4,N,N
충청남도공주시치매안심센터,헤아림,2023년 헤아림 가족교실 3회기,2023-08-22,2023-10-17,14:00,16:00,9,내부인력,8,4,Y,N
충청남도공주시치매안심센터,헤아림,2023년 헤아림가족교실 2회기,2023-05-16,2023-07-14,14:00,16:00,5,내부인력,8,4,Y,Y
충청남도공주시치매안심센터,헤아림,2023년 헤아림 가족교실  1회기,2023-03-06,2023-05-02,14:00,16:00,5,내부인력,8,4,Y,Y
충청남도공주시치매안심센터,헤아림,2022년 헤아림 가족교실 4회기,2022-11-01,2022-12-13,14:00,16:00,7,내부인력,8,4,Y,Y
충청남도공주시치매안심센터,헤아림,2022년 헤아림 가족교실 3회기,2022-08-16,2022-10-04,14:00,16:00,5,내부인력,8,4,Y,Y
충청남도공주시치매안심센터,헤아림,2022년 헤아림 가족교실 2회기,2022-05-24,2022-07-07,14:00,16:00,5,내부인력,8,4,Y,Y
충청남도공주시치매안심센터,헤아림,2022년 헤아림 가족교실 1회기,2022-03-08,2022-04-26,14:00,16:00,5,내부인력,8,4,Y,Y
충청남도공주시치매안심센터,헤아림,2021년 헤아림 가족교실 3회기,2021-11-23,2021-12-16,14:00,16:00,5,내부인력,8,4,Y,Y
충청남도공주시치매안심센터,헤아림,2021년 치매안심마을 헤아림 가족교실,2021-11-19,2021-12-10,13:30,15:00,5,내부인력,7,4,Y,Y
충청남도공주시치매안심센터,헤아림,2021년 헤아림 가족교실 2회기,2021-05-25,2021-07-13,13:30,15:30,5,내부인력,8,4,Y,Y
충청남도공주시치매안심센터,헤아림,2021년 헤아림 가족교실,2021-03-09,2021-04-27,13:30,15:30,5,내부인력,8,4,Y,Y
충청남도공주시치매안심센터,헤아림,2020년 치매여행2,2020-10-20,2020-12-08,13:30,15:30,5,내부인력,8,4,Y,Y
충청남도공주시치매안심센터,헤아림,2020년 치매여행,2020-07-14,2020-08-25,09:30,11:30,4,내부인력,7,4,Y,Y
충청남도공주시치매안심센터,헤아림,치매여행2,2019-10-02,2019-10-02,09:30,11:30,4,내부인력,8,4,Y,Y
충청남도공주시치매안심센터,헤아림,치매여행,2019-07-17,2019-09-04,09:30,11:30,4,내부인력,8,4,Y,Y
충청남도공주시치매안심센터,헤아림,치매넌누구니?,2019-05-15,2019-07-03,09:30,11:30,4,내부인력,8,4,Y,N
충청남도공주시치매안심센터,헤아림,치매네이놈!!!,2019-03-07,2019-04-25,09:30,11:30,4,내부인력,8,4,Y,Y
충청남도공주시치매안심센터,헤아림,치매탈출,2018-07-30,2018-09-21,09:00,11:00,4,내부인력,8,4,Y,Y
충청남도공주시치매안심센터,헤아림,치매극복교실,2018-05-28,2018-07-16,09:00,11:00,4,내부인력,8,4,Y,Y
충청남도공주시치매안심센터,헤아림,치매알자,2018-03-26,2018-05-14,09:00,11:00,7,내부인력,8,4,Y,Y
충청남도금산군치매안심센터,헤아림,2025년 가족교실(헤아림 9기),2025-07-21,2025-08-11,14:00,16:00,12,내부인력,8,1,Y,Y
충청남도금산군치매안심센터,헤아림,2024년 가족교실 (헤아림 8기),2024-04-08,2024-04-29,14:00,16:00,10,내부인력,4,1,Y,Y
충청남도금산군치매안심센터,헤아림,헤아림 7기 가족교실,2023-09-11,2023-11-13,14:00,16:00,7,내부인력,8,2,Y,Y
충청남도금산군치매안심센터,기타,단계별 치매환자 돌봄을 위한 가족프로그램(실험군),2023-05-15,2023-07-10,14:00,16:00,6,내부인력,8,2,Y,N
충청남도금산군치매안심센터,헤아림,헤아림 6기 가족교실,2022-09-13,2022-11-01,14:00,16:00,8,내부인력,8,3,Y,N
충청남도금산군치매안심센터,헤아림,치매가족교실 헤아림 5기,2022-04-05,2022-05-24,14:00,16:00,10,외부인력,8,1,Y,Y
충청남도금산군치매안심센터,헤아림,헤아림4기 가족교실,2021-03-03,2021-04-21,10:00,12:00,15,내부인력,8,1,Y,Y
충청남도금산군치매안심센터,헤아림,헤아림3기가족교실,2019-10-10,2019-11-28,10:00,12:00,15,내부인력,8,1,Y,Y
충청남도금산군치매안심센터,헤아림,헤아림2기가족교실,2019-04-03,2019-05-31,10:00,12:00,20,내부인력,9,1,Y,Y
충청남도금산군치매안심센터,헤아림,헤아림 가족교실,2018-09-05,2018-09-05,10:00,12:00,15,외부인력,2,1,Y,N
충청남도금산군치매안심센터,헤아림,헤아림 가족교실,2018-08-22,2018-08-22,10:00,12:00,15,외부인력,2,1,Y,N
충청남도금산군치매안심센터,헤아림,헤아림 가족교실,2018-08-08,2018-08-08,10:00,12:00,15,외부인력,8,1,Y,N
충청남도금산군치매안심센터,헤아림,헤아림 가족교실,2018-07-25,2018-07-25,10:00,12:00,15,외부인력,2,1,Y,N
충청남도금산군치매안심센터,헤아림,헤아림 가족교실,2018-07-11,2018-07-11,10:00,12:00,15,외부인력,2,1,Y,N
충청남도금산군치매안심센터,헤아림,헤아림 가족교실,2018-06-27,2018-06-27,10:00,12:00,15,내부인력,1,1,Y,N
충청남도금산군치매안심센터,헤아림,헤아림 가족교실,2018-05-30,2018-05-30,10:00,12:00,15,외부인력,10,1,Y,N
충청남도금산군치매안심센터,헤아림,헤아림 가족교실,2018-04-25,2018-04-25,10:00,12:00,15,외부인력,10,1,Y,N
충청남도금산군치매안심센터,헤아림,헤아림 가족교실,2018-03-28,2018-03-28,10:00,12:00,15,외부인력,1,1,Y,N
충청남도논산시치매안심센터,헤아림,2025치매!함께 알아보아 you!,2025-04-30,2025-07-16,10:00,11:00,8,내부인력,12,8,Y,Y
충청남도논산시치매안심센터,헤아림,2025 치매!함께알아보야you!,2025-03-05,2025-04-23,10:00,11:00,7,내부인력,8,8,Y,Y
충청남도논산시치매안심센터,헤아림,2024 치매! 함께 알아 you!,2024-11-04,2024-12-10,11:00,12:00,8,내부인력,8,8,N,Y
충청남도논산시치매안심센터,헤아림,2024 치매! 함께 알아 you!,2024-09-02,2024-10-28,11:00,12:00,8,내부인력,8,8,N,Y
충청남도논산시치매안심센터,헤아림,2024 치매! 함께 알아 you!,2024-07-08,2024-08-26,11:00,12:00,8,내부인력,8,8,N,Y
충청남도논산시치매안심센터,헤아림,2024 치매! 함께 알아 you!,2024-03-11,2024-06-24,11:00,12:00,15,내부인력,16,1,Y,Y
충청남도논산시치매안심센터,헤아림,2023 치매! 함께 알아 you!,2023-09-01,2023-12-15,11:00,12:00,14,내부인력,15,1,Y,Y
충청남도논산시치매안심센터,헤아림,2023 치매! 함께 알아 you!,2023-03-03,2023-08-25,11:00,12:00,14,내부인력,25,1,Y,Y
충청남도논산시치매안심센터,헤아림,2022 치매! 함께 알아 you(가족교실 4기),2022-10-25,2022-12-13,11:00,12:00,10,내부인력,8,1,Y,Y
충청남도논산시치매안심센터,헤아림,2022 치매! 함께 알아 you(가족교실 3기),2022-08-23,2022-10-11,11:00,12:00,10,내부인력,8,1,Y,Y
충청남도논산시치매안심센터,헤아림,2022 치매! 함께 알아 you(가족교실 2기),2022-06-28,2022-08-16,11:00,12:00,11,내부인력,8,1,Y,N
충청남도논산시치매안심센터,헤아림,2022 치매! 함께 알아 you(가족교실 1기),2022-05-04,2022-06-21,09:00,10:00,10,내부인력,8,4,Y,N
충청남도논산시치매안심센터,헤아림,2021 치매! 함께 알아 you! (가족교실 5기),2021-11-16,2021-12-28,00:00,00:00,8,내부인력,7,1,Y,N
충청남도논산시치매안심센터,헤아림,2021 치매! 함께 알아 you! (가족교실 4기),2021-08-03,2021-11-09,10:30,11:30,6,내부인력,8,8,Y,N
충청남도논산시치매안심센터,헤아림,2021 치매! 함께 알아 you! (가족교실 3기),2021-06-08,2021-07-27,10:30,11:30,8,내부인력,8,8,Y,N
충청남도논산시치매안심센터,헤아림,2021 치매! 함께 알아 you! (가족교실 2기),2021-04-13,2021-06-01,10:30,11:30,8,내부인력,8,8,Y,N
충청남도논산시치매안심센터,헤아림,2021 치매! 함께 알아 you(가족교실 1기),2021-02-16,2021-04-06,10:30,11:30,10,내부인력,8,4,Y,Y
충청남도논산시치매안심센터,헤아림,2020 치매! 함께 알아 you! (헤아림  1기),2020-10-15,2020-11-30,10:00,11:20,10,외부인력,8,4,Y,Y
충청남도논산시치매안심센터,헤아림,2019 치매가족교실 헤아림 6차,2019-10-11,2019-11-29,09:00,10:00,8,내부인력,8,4,Y,Y
충청남도논산시치매안심센터,헤아림,2019 치매가족교실 헤아림 5차,2019-10-08,2019-12-10,09:00,10:00,8,내부인력,8,4,Y,Y
충청남도논산시치매안심센터,헤아림,2019 치매가족교실 헤아림 4차,2019-06-19,2019-09-25,09:00,10:00,8,내부인력,8,4,Y,Y
충청남도논산시치매안심센터,헤아림,2019 치매가족교실 헤아림 3차,2019-06-28,2019-10-16,09:00,10:00,8,내부인력,8,4,Y,Y
충청남도논산시치매안심센터,헤아림,2019 치매가족교실 헤아림 2차,2019-05-02,2019-05-30,16:30,17:30,8,내부인력,8,4,Y,Y
충청남도논산시치매안심센터,헤아림,2019 치매가족교실 헤아림 1차,2019-03-05,2019-04-23,15:30,16:30,8,내부인력,8,4,Y,Y
충청남도논산시치매안심센터,헤아림,4차 헤아림가족교실,2018-08-31,2018-10-19,11:00,12:00,8,내부인력,8,4,Y,N
충청남도논산시치매안심센터,헤아림,2차 헤아림가족교실,2018-03-16,2018-05-04,10:00,11:00,6,내부인력,8,4,Y,N
충청남도논산시치매안심센터,헤아림,1차 헤아림가족교실,2018-03-05,2018-04-23,10:00,11:30,8,내부인력,8,4,Y,Y
충청남도논산시치매안심센터,헤아림,3차 헤아림 가족교실,2018-06-11,2018-07-30,13:30,14:30,8,내부인력,8,1,Y,N
충청남도당진시치매안심센터,헤아림,"2025년 2차 가족교실 ""우리가족 행복 챙김""",2025-07-02,2025-07-25,09:00,11:00,10,내부인력,2,4,Y,Y
충청남도당진시치매안심센터,헤아림,"2025년 1차 가족교실 ""우리가족 행복 챙김""",2025-04-09,2025-05-02,09:00,11:00,10,내부인력,2,4,Y,Y
충청남도당진시치매안심센터,일상의 회복,"하반기 심화과정 가족교실 ""우리가족 행복담기""",2024-09-02,2024-09-13,09:30,11:30,10,내부인력,4,3,Y,Y
충청남도당진시치매안심센터,헤아림,"하반기 기본과정 가족교실 ""우리가족 행복담기""",2024-08-05,2024-08-26,09:30,11:30,10,내부인력,6,4,Y,Y
충청남도당진시치매안심센터,일상의 회복,"상반기 심화과정 가족교실 ""우리가족 행복담기""",2024-05-21,2024-05-30,09:30,11:30,10,내부인력,4,3,Y,Y
충청남도당진시치매안심센터,헤아림,"상반기 기본과정 가족교실 ""우리 가족 행복 담기""",2024-04-02,2024-04-18,09:30,11:30,10,내부인력,6,4,Y,Y
충청남도당진시치매안심센터,일상의 회복,"2차 치매환자 가족교실 ""우리 가족 행복을 더하다.""",2023-08-08,2023-08-24,09:30,11:30,15,내부인력,4,3,Y,Y
충청남도당진시치매안심센터,일상의 회복,2023년 1차 가족교실 '우리 가족 행복을 더하다',2023-05-12,2023-06-02,09:30,11:30,15,내부인력,4,3,Y,Y
충청남도당진시치매안심센터,일상의 회복,일상의회복 2022년(오후) - 마음나눔,2022-06-20,2022-06-29,13:30,14:30,12,내부인력,4,3,Y,Y
충청남도당진시치매안심센터,일상의 회복,일상의회복 2022년(오전) - 도란도란,2022-06-20,2022-06-29,10:00,11:00,9,내부인력,4,3,Y,Y
충청남도당진시치매안심센터,기타,2021년 일상의 회복 시범운영(햇님반),2021-06-01,2021-06-11,13:00,15:00,9,내부인력,4,3,Y,N
충청남도당진시치매안심센터,기타,2021년 일상의 회복 시범운영(달님반),2021-06-01,2021-06-11,09:00,11:00,7,내부인력,4,3,Y,N
충청남도당진시치매안심센터,기타,2021년 일상의 회복 시범운영(별님반),2021-06-01,2021-06-11,09:00,11:00,9,내부인력,4,3,Y,N
충청남도당진시치매안심센터,헤아림,헤아림 가족교실,2019-12-04,2019-12-26,09:30,11:00,13,내부인력,4,4,Y,Y
충청남도당진시치매안심센터,헤아림,헤아림 가족교실,2019-07-16,2019-08-20,10:00,12:00,12,내부인력,6,4,Y,Y
충청남도당진시치매안심센터,헤아림,헤아림 가족교실,2019-04-17,2019-06-05,10:00,11:30,15,내부인력,8,4,Y,Y
충청남도당진시치매안심센터,헤아림,헤아림 가족교실,2019-01-09,2019-03-06,10:00,11:30,15,내부인력,8,4,Y,Y
충청남도당진시치매안심센터,헤아림,헤아림가족교실,2018-06-20,2018-08-08,15:00,17:00,12,내부인력,8,4,Y,N
충청남도보령시치매안심센터,헤아림,헤아림 가족교실 4기(2025년),2025-09-02,2025-11-11,13:00,15:00,7,내부인력,10,4,Y,N
충청남도보령시치매안심센터,헤아림,"헤아림 가족교실 3기(2025년, 웅천 분소)",2025-07-10,2025-09-04,14:00,15:00,12,내부인력,8,4,Y,Y
충청남도보령시치매안심센터,헤아림,헤아림 가족교실 2기(2025년),2025-04-29,2025-06-24,13:00,15:00,6,내부인력,6,4,Y,Y
충청남도보령시치매안심센터,헤아림,헤아림 가족교실 1기(2025년),2025-03-04,2025-04-22,13:00,15:00,10,내부인력,8,4,Y,Y
충청남도보령시치매안심센터,헤아림,헤아림 가족교실 4기(2024년),2024-09-24,2024-11-19,13:00,15:00,10,내부인력,8,4,N,Y
충청남도보령시치매안심센터,헤아림,헤아림 가족교실 3기(2024년),2024-07-02,2024-08-27,13:00,15:00,10,내부인력,9,4,N,Y
충청남도보령시치매안심센터,헤아림,헤아림 가족교실 2기(2024년),2024-05-07,2024-06-25,13:00,15:00,10,내부인력,8,4,N,Y
충청남도보령시치매안심센터,헤아림,헤아림 가족교실1기(2024년),2024-03-12,2024-04-30,13:00,15:00,9,내부인력,8,4,Y,Y
충청남도보령시치매안심센터,헤아림,헤아림 가족교실 4기(2023년),2023-09-05,2023-10-31,13:00,15:00,6,내부인력,8,4,Y,N
충청남도보령시치매안심센터,헤아림,헤아림 가족교실 3기(2023년),2023-07-04,2023-08-29,13:00,15:00,6,내부인력,9,4,Y,Y
충청남도보령시치매안심센터,헤아림,헤아림 가족교실 2기(2023년),2023-04-25,2023-06-20,13:00,15:00,5,내부인력,9,4,Y,N
충청남도보령시치매안심센터,헤아림,헤아림 가족교실1기 (2023년),2023-02-21,2023-04-11,13:00,15:00,5,내부인력,8,4,Y,N
충청남도보령시치매안심센터,헤아림,헤아림 가족교실4기 (2022년),2022-10-25,2022-12-13,13:00,15:00,5,내부인력,8,4,Y,N
충청남도보령시치매안심센터,헤아림,헤아림 가족교실3기 (2022년),2022-08-30,2022-10-18,13:00,15:00,4,내부인력,8,4,Y,Y
충청남도보령시치매안심센터,헤아림,헤아림 가족교실2기 (2022년),2022-07-05,2022-08-23,13:00,15:00,4,내부인력,8,4,Y,N
충청남도보령시치매안심센터,헤아림,헤아림 가족교실1기 (2022년),2022-05-10,2022-06-28,13:00,15:00,4,내부인력,8,4,Y,Y
충청남도보령시치매안심센터,헤아림,헤아림 가족교실 4기(2021),2021-10-19,2021-12-07,13:00,15:00,6,내부인력,8,4,Y,Y
충청남도보령시치매안심센터,헤아림,헤아림 가족교실 3기(2021년),2021-08-17,2021-10-12,13:30,15:30,8,내부인력,9,4,Y,Y
충청남도보령시치매안심센터,헤아림,헤아림가족교실 2기(2021년),2021-06-23,2021-08-11,10:00,12:00,10,내부인력,8,4,Y,Y
충청남도보령시치매안심센터,헤아림,헤아림가족교실 1기(2021년),2021-04-07,2021-06-09,10:00,12:00,10,내부인력,10,4,Y,N
충청남도보령시치매안심센터,헤아림,헤아림교실 1기 (2020),2020-01-14,2020-02-18,09:30,11:30,18,내부인력,6,4,Y,N
충청남도보령시치매안심센터,헤아림,헤아림교실 6기 (2019),2019-10-22,2019-12-10,13:30,15:30,12,내부인력,8,4,Y,Y
충청남도보령시치매안심센터,헤아림,헤아림 교실 5기(2019),2019-08-27,2019-10-15,13:30,15:30,14,내부인력,8,4,Y,Y
충청남도보령시치매안심센터,헤아림,헤아림교실 4기(2019),2019-07-02,2019-08-20,13:30,15:30,20,내부인력,8,4,Y,N
충청남도보령시치매안심센터,헤아림,헤아림 교실 3기(2019),2019-05-07,2019-06-25,13:30,15:30,20,내부인력,8,4,Y,N
충청남도보령시치매안심센터,헤아림,헤아림 교실 2기(2019),2019-03-12,2019-04-30,13:30,15:30,20,내부인력,8,4,Y,N
충청남도보령시치매안심센터,헤아림,헤아림 교실 1기(2019),2019-01-08,2019-03-05,10:00,12:00,20,내부인력,8,4,Y,Y
충청남도보령시치매안심센터,헤아림,헤아림 교실 4기,2018-11-06,2018-12-26,10:00,12:00,20,내부인력,8,4,Y,Y
충청남도보령시치매안심센터,헤아림,헤아림 교실 3기,2018-09-04,2018-10-30,10:00,12:00,20,내부인력,8,4,Y,Y
충청남도보령시치매안심센터,헤아림,헤아림 교실 2기,2018-04-10,2018-06-12,13:30,14:30,20,내부인력,8,4,Y,Y
충청남도보령시치매안심센터,헤아림,헤아림 교실 1기,2018-02-06,2018-03-27,13:30,14:30,20,내부인력,8,4,Y,Y
충청남도부여군치매안심센터,가치돌봄(집중),2025년 2기 이심전심 치매가족교실(치유농업 연계),2025-07-02,2025-08-20,14:00,16:00,8,내부인력,8,1,N,Y
충청남도부여군치매안심센터,가치돌봄(집중),2025년 이심전심 서부분소 치매 가족교실,2025-07-01,2025-07-24,14:00,16:00,6,내부인력,8,4,N,Y
충청남도부여군치매안심센터,가치돌봄(집중),2025년 이심전심 남부분소 치매 가족교실,2025-04-10,2025-06-12,14:00,15:30,8,내부인력,8,4,N,Y
충청남도부여군치매안심센터,가치돌봄(집중),2025년 1기 이심전심 헤아림 치매가족교실,2025-01-07,2025-03-04,14:00,16:00,5,내부인력,9,1,Y,Y
충청남도부여군치매안심센터,가치돌봄(집중),2024년 3기 이심전심 헤아림 치매가족교실,2024-10-22,2024-12-17,14:00,16:00,10,내부인력,8,2,Y,Y
충청남도부여군치매안심센터,가치돌봄(집중),2024년 이심전심 헤아림 치매가족교실 및 힐링프로그램(서부분소),2024-07-10,2024-08-28,15:30,17:00,6,내부인력,8,4,Y,Y
충청남도부여군치매안심센터,가치돌봄(집중),2024년 이심전심 헤아림 치매가족교실 및 힐링프로그램(남부분소),2024-07-25,2024-09-05,14:00,15:30,6,내부인력,5,4,Y,Y
충청남도부여군치매안심센터,헤아림,2024년 2기 이심전심 헤아림 치매가족교실,2024-05-01,2024-06-26,14:00,16:00,5,내부인력,8,4,Y,Y
충청남도부여군치매안심센터,헤아림,2024년 1기 이심전심 헤아림 치매가족교실,2024-02-07,2024-03-27,14:00,15:00,4,내부인력,8,4,Y,Y
충청남도부여군치매안심센터,헤아림,(홍산면 북촌리 치매안심마을) 2023년 이심전심 치매가족교실 1기 (서부분소),2023-11-02,2023-11-28,14:00,16:00,4,내부인력,8,4,Y,N
충청남도부여군치매안심센터,헤아림,세도면 청송리 치매안심마을 우수선도사업( 치매가족 헤아림 집단심리상담),2023-09-14,2023-11-23,10:00,11:30,5,외부인력,10,1,Y,Y
충청남도부여군치매안심센터,기타,2023년 2기 치매안심센터 치매 가족교실,2023-06-15,2023-08-10,14:00,15:30,6,내부인력,9,4,N,Y
충청남도부여군치매안심센터,헤아림,2023년 1기 치매안심센터 치매 가족교실,2023-02-23,2023-04-13,13:00,15:30,8,내부인력,8,4,N,Y
충청남도부여군치매안심센터,헤아림,2023년 이심전심 가족교실(남부분소),2023-02-01,2023-03-29,14:00,16:00,6,내부인력,9,4,N,Y
충청남도부여군치매안심센터,헤아림,2022년 이심전심 치매가족교실 3기(보건소),2022-11-01,2022-11-24,10:00,11:30,7,내부인력,8,4,N,Y
충청남도부여군치매안심센터,헤아림,(북촌리 치매안심마을)2022 이심전심 2기 치매가족교실-서부분소,2022-11-02,2022-11-28,14:00,16:00,4,내부인력,8,4,N,Y
충청남도부여군치매안심센터,헤아림,2022 이심전심 치매가족교실 2기(남부분소),2022-09-07,2022-10-26,14:00,16:00,6,내부인력,8,4,N,Y
충청남도부여군치매안심센터,헤아림,2022년이심전심1기치매가족교실(보건소치매안심센터),2022-04-14,2022-06-09,14:00,16:00,5,내부인력,8,5,N,Y
충청남도부여군치매안심센터,헤아림,2022년 이심전심 2기 치매가족교실(보건소 치매안심센터),2022-07-14,2022-09-01,14:00,16:00,6,내부인력,8,5,N,Y
충청남도부여군치매안심센터,헤아림,(북촌리 치매안심마을)2022이심전심 1기 치매가족교실(서부분소),2022-04-27,2022-06-22,14:00,16:00,7,내부인력,8,4,N,Y
충청남도부여군치매안심센터,헤아림,2022이심전심 1기 치매가족교실(남부분소),2022-04-06,2022-06-08,14:00,16:00,6,내부인력,8,4,N,Y
충청남도부여군치매안심센터,헤아림,2021년 이심전심 치매가족교실 3기(서부분소),2021-10-12,2021-11-30,10:00,12:00,5,내부인력,8,4,Y,Y
충청남도부여군치매안심센터,헤아림,2021년 2기 이심전심 치매가족교실(치매안심센터),2021-07-15,2021-10-21,14:00,16:00,8,내부인력,8,4,N,Y
충청남도부여군치매안심센터,헤아림,2021년 이심전심 치매가족교실 2기(서부분소),2021-06-01,2021-07-27,13:30,15:30,6,내부인력,8,4,N,Y
충청남도부여군치매안심센터,헤아림,2021년 1기 이심전심 치매가족교실 (치매안심센터),2021-03-19,2021-06-11,10:00,12:00,7,내부인력,8,4,N,Y
충청남도부여군치매안심센터,헤아림,2021년 이심전심 치매가족교실 1기(서부분소),2021-03-09,2021-04-27,13:30,15:30,5,내부인력,8,4,N,Y
충청남도부여군치매안심센터,헤아림,2기 이심전심(서부분소),2020-10-21,2020-12-09,13:30,15:30,6,내부인력,8,5,N,Y
충청남도부여군치매안심센터,헤아림,2기 가족교실(치매안심센터),2020-10-13,2020-12-01,14:00,15:30,6,내부인력,8,4,N,Y
충청남도부여군치매안심센터,헤아림,1기  이심전심(서부분소),2020-06-17,2020-08-05,10:00,12:00,6,내부인력,8,4,Y,Y
충청남도부여군치매안심센터,헤아림,1기 이심전심(치매안심센터),2020-06-09,2020-07-28,14:00,15:30,7,내부인력,8,4,N,Y
충청남도부여군치매안심센터,헤아림,이심전심 4기,2019-10-23,2019-12-11,14:00,16:00,7,내부인력,8,5,Y,Y
충청남도부여군치매안심센터,헤아림,이심전심 3기(치매안심마을),2019-08-05,2019-09-23,14:00,16:00,8,내부인력,8,5,Y,Y
충청남도부여군치매안심센터,헤아림,이심전심 2기,2019-05-10,2019-07-05,10:00,12:00,8,내부인력,8,5,Y,Y
충청남도부여군치매안심센터,헤아림,이심전심-1기,2019-02-20,2019-04-10,14:00,16:00,7,내부인력,8,4,Y,Y
충청남도부여군치매안심센터,헤아림,이심전심-4기,2018-10-22,2018-12-10,14:00,16:00,10,내부인력,8,5,Y,Y
충청남도부여군치매안심센터,헤아림,이심전심-3기,2018-07-27,2018-09-14,10:00,12:00,7,내부인력,8,5,Y,Y
충청남도부여군치매안심센터,헤아림,이심전심-2기,2018-05-03,2018-06-28,14:00,16:00,8,내부인력,8,6,Y,Y
충청남도부여군치매안심센터,헤아림,이심전심-1기,2018-02-20,2018-04-10,14:00,16:00,9,내부인력,8,6,Y,Y
충청남도서산시치매안심센터,헤아림,2025년 3기 가족행복 헤아림 교실,2025-09-02,2025-11-18,09:30,11:30,10,외부인력,12,7,N,N
충청남도서산시치매안심센터,헤아림,2025년 2기 가족행복 헤아림 교실,2025-05-13,2025-07-29,09:30,11:00,10,외부인력,11,7,N,Y
충청남도서산시치매안심센터,헤아림,2025년 1기 가족행복 헤아림 교실,2025-02-04,2025-04-15,09:30,11:00,10,외부인력,11,8,N,Y
충청남도서산시치매안심센터,헤아림,2024년 3기 가족행복 헤아림 교실,2024-09-03,2024-11-19,09:30,11:00,10,외부인력,11,8,N,Y
충청남도서산시치매안심센터,헤아림,2024년 2기 가족행복 헤아림 교실,2024-06-25,2024-07-30,09:30,11:00,12,내부인력,11,8,N,Y
충청남도서산시치매안심센터,헤아림,2024년 1기 가족행복 헤아림 교실,2024-02-06,2024-04-16,09:30,11:00,10,외부인력,11,8,N,Y
충청남도서산시치매안심센터,헤아림,2023년 3기 가족행복 헤아림 교실,2023-08-29,2023-11-21,09:30,11:00,10,외부인력,12,8,N,Y
충청남도서산시치매안심센터,헤아림,2023년 2기 가족행복 헤아림 교실,2023-05-16,2023-08-08,09:30,11:00,10,외부인력,12,8,N,Y
충청남도서산시치매안심센터,헤아림,2023년 1기 사랑 한 줌 비대면 헤아림 교실,2023-01-27,2023-04-26,09:30,11:30,12,외부인력,14,8,N,Y
충청남도서산시치매안심센터,헤아림,2022년 3기 사랑 한 줌 비대면 헤아림 교실,2022-09-13,2022-11-01,09:00,10:30,10,외부인력,8,1,N,Y
충청남도서산시치매안심센터,헤아림,2022년 2기 사랑 한 줌 비대면 헤아림 교실,2022-05-10,2022-06-28,09:00,10:30,10,외부인력,8,8,N,Y
충청남도서산시치매안심센터,헤아림,2022년 1기 사랑 한 줌 비대면 헤아림 교실,2022-01-25,2022-03-29,09:00,10:30,12,외부인력,10,8,N,Y
충청남도서산시치매안심센터,헤아림,2020년 1기 가족행복 헤아림 교실,2020-01-08,2020-03-25,10:00,11:30,10,외부인력,7,8,N,Y
충청남도서산시치매안심센터,헤아림,2019년 2기 가족행복 헤아림 교실,2019-07-03,2019-09-18,10:00,12:00,10,외부인력,12,8,Y,Y
충청남도서산시치매안심센터,헤아림,2019년 1기 가족행복 헤아림 교실,2019-01-09,2019-04-03,10:00,12:00,11,외부인력,12,8,Y,Y
충청남도서산시치매안심센터,헤아림,2018년 가족행복 헤아림 프로그램,2018-05-18,2018-07-06,14:30,16:00,11,외부인력,8,5,Y,Y
충청남도서천군치매안심센터,헤아림,2025년 헤아림 치매가족 교실,2025-09-04,2025-11-06,14:00,16:00,9,내부인력,10,4,N,N
충청남도서천군치매안심센터,헤아림,2024 치매안심마을 가족교실,2024-07-09,2024-07-26,10:00,11:00,4,내부인력,8,8,N,Y
충청남도서천군치매안심센터,헤아림,2024년 헤아림 치매 가족교실,2024-09-05,2024-10-31,14:00,16:00,10,내부인력,8,1,N,Y
충청남도서천군치매안심센터,헤아림,2023년 헤아림 치매가족교실,2023-11-03,2023-11-24,09:00,12:00,7,내부인력,8,1,N,Y
충청남도서천군치매안심센터,헤아림,2022 치매환자 가족교실 모임,2022-09-16,2022-11-04,09:00,11:00,6,내부인력,8,4,N,N
충청남도서천군치매안심센터,헤아림,치매환자 가족교실,2020-07-30,2020-09-17,09:30,11:30,10,내부인력,8,4,N,N
충청남도서천군치매안심센터,헤아림,치매환자 가족교실,2019-07-11,2019-09-05,09:00,11:00,10,내부인력,8,4,N,N
충청남도서천군치매안심센터,헤아림,치매환자 가족교실,2019-04-04,2019-05-30,09:30,11:30,15,내부인력,8,4,N,N
충청남도서천군치매안심센터,헤아림,치매환자가족교실,2018-07-12,2018-09-07,09:30,11:30,12,내부인력,8,5,N,N
충청남도서천군치매안심센터,헤아림,치매환자 가족교실,2018-03-15,2018-05-10,09:30,11:30,12,내부인력,8,5,N,N
충청남도아산시치매안심센터,헤아림,2025 도란도란 하반기 가족교실,2025-09-04,2025-11-20,00:00,00:00,10,내부인력,8,4,Y,N
충청남도아산시치매안심센터,헤아림,2025 도란도란 상반기 가족교실,2025-02-06,2025-03-27,13:00,15:00,20,내부인력,8,4,Y,Y
충청남도아산시치매안심센터,헤아림,2024 도란도란 하반기 가족교실,2024-09-23,2024-11-11,15:30,16:30,15,내부인력,8,5,Y,Y
충청남도아산시치매안심센터,헤아림,2024 도란도란 상반기 가족교실,2024-02-19,2024-03-12,13:00,15:00,10,내부인력,8,5,Y,Y
충청남도아산시치매안심센터,헤아림,도란도란8,2023-08-21,2023-09-12,13:00,15:00,10,내부인력,8,8,Y,Y
충청남도아산시치매안심센터,헤아림,도란도란Ⅶ,2023-02-13,2023-03-09,09:00,11:00,10,내부인력,4,1,Y,Y
충청남도아산시치매안심센터,헤아림,도란도란Ⅵ,2022-07-04,2022-11-30,10:00,16:00,10,내부인력,108,4,Y,Y
충청남도아산시치매안심센터,헤아림,가족교실(송악지소),2022-06-20,2022-06-24,14:00,16:00,5,내부인력,8,4,Y,Y
충청남도아산시치매안심센터,헤아림,가족교실(도고지소),2022-06-13,2022-06-16,14:00,16:00,5,내부인력,8,4,Y,Y
충청남도아산시치매안심센터,헤아림,도란도란Ⅴ,2021-02-08,2021-04-30,13:00,15:00,8,내부인력,8,4,Y,Y
충청남도아산시치매안심센터,헤아림,도란도란Ⅳ,2020-08-04,2020-08-25,14:00,16:00,10,내부인력,4,4,N,N
충청남도아산시치매안심센터,헤아림,도란도란Ⅲ,2019-09-03,2019-11-19,14:00,15:00,20,외부인력,8,4,Y,Y
충청남도아산시치매안심센터,헤아림,도란도란 Ⅱ,2019-03-07,2019-05-23,14:00,15:30,12,내부인력,12,6,Y,Y
충청남도아산시치매안심센터,헤아림,도란도란,2018-03-09,2018-04-27,15:00,17:00,12,내부인력,8,4,Y,Y
충청남도예산군치매안심센터,헤아림,2025년 토닥토닥 헤아림 가족교실,2025-08-04,2025-08-25,13:00,15:00,20,내부인력,4,2,Y,Y
충청남도예산군치매안심센터,헤아림,2024년 토닥토닥 헤아림 가족교실,2024-08-07,2024-08-28,13:00,15:00,20,내부인력,4,2,Y,Y
충청남도예산군치매안심센터,헤아림,토닥 토닥 헤아림 - (삽교읍),2023-10-05,2023-10-26,14:00,16:00,11,내부인력,8,4,N,Y
충청남도예산군치매안심센터,헤아림,토닥 토닥 헤아림 - (응봉면),2023-08-03,2023-08-31,14:00,16:00,12,내부인력,8,4,N,Y
충청남도예산군치매안심센터,헤아림,토닥 토닥 헤아림 - (대술면 장복리),2023-06-09,2023-06-30,14:00,16:00,10,내부인력,8,4,Y,Y
충청남도예산군치매안심센터,헤아림,2022년 헤아림 가족교실(고덕면),2022-09-22,2022-10-13,14:00,16:00,14,내부인력,4,2,Y,Y
충청남도예산군치매안심센터,헤아림,"2022년 헤아림 가족교실(덕산면, 봉산면)",2022-09-21,2022-10-12,14:00,16:00,19,내부인력,4,2,Y,Y
충청남도예산군치매안심센터,헤아림,2022년 헤아림가족교실(예산읍),2022-08-11,2022-09-01,10:00,12:00,13,내부인력,4,2,Y,Y
충청남도예산군치매안심센터,헤아림,2022년 헤아림가족교실(대흥면),2022-07-06,2022-07-27,10:00,12:00,12,내부인력,4,2,Y,Y
충청남도예산군치매안심센터,헤아림,"2022년 헤아림가족교실(대술면, 신양면)",2022-07-05,2022-07-26,10:00,12:00,11,내부인력,4,2,Y,Y
충청남도예산군치매안심센터,헤아림,헤아림 가족교실,2020-11-04,2020-11-13,14:00,16:00,6,내부인력,4,4,Y,Y
충청남도예산군치매안심센터,헤아림,헤아림가족교실,2019-04-05,2019-04-26,14:00,16:00,12,내부인력,4,4,Y,Y
충청남도예산군치매안심센터,헤아림,헤아림가족교실,2019-04-03,2019-04-24,14:00,16:00,12,내부인력,4,4,Y,Y
충청남도예산군치매안심센터,헤아림,헤아림가족교실,2018-08-06,2018-08-31,14:00,16:00,15,내부인력,6,4,Y,N
충청남도예산군치매안심센터,헤아림,행복충전교실,2018-08-14,2018-08-30,14:00,16:00,15,내부인력,6,4,Y,Y
충청남도천안시동남구치매안심센터,헤아림,2025 2기 헤아림 가족교실,2025-07-02,2025-07-23,10:00,12:00,15,내부인력,8,4,Y,Y
충청남도천안시동남구치매안심센터,헤아림,2025 1기 헤아림 가족교실,2025-03-12,2025-04-04,10:00,11:30,15,내부인력,2,4,Y,Y
충청남도천안시동남구치매안심센터,헤아림,2024 하반기 헤아림 가족교실,2024-10-07,2024-10-30,10:00,12:00,8,내부인력,8,6,Y,Y
충청남도천안시동남구치매안심센터,헤아림,2024 상반기 헤아림 가족교실,2024-03-19,2024-04-09,10:00,12:00,20,내부인력,8,4,Y,Y
충청남도천안시동남구치매안심센터,헤아림,2023 헤아림 가족교실 3기,2023-08-03,2023-08-24,10:00,12:00,15,내부인력,8,6,Y,Y
충청남도천안시동남구치매안심센터,헤아림,2023 헤아림 가족교실 2기,2023-03-16,2023-04-06,14:00,16:00,20,내부인력,8,4,Y,Y
충청남도천안시동남구치매안심센터,헤아림,2023 헤아림 가족교실 1기,2023-03-14,2023-04-04,14:00,16:00,20,내부인력,8,4,Y,Y
충청남도천안시동남구치매안심센터,헤아림,2022 헤아림 가족교실 1기,2022-10-31,2022-11-21,10:00,12:00,20,내부인력,4,3,Y,Y
충청남도천안시동남구치매안심센터,헤아림,2020년 헤아림 가족교실 1기,2020-01-08,2020-02-26,10:00,12:00,20,내부인력,8,4,Y,Y
충청남도천안시동남구치매안심센터,헤아림,2019 헤아림 가족교실 5기,2019-08-28,2019-10-23,10:00,12:00,20,내부인력,8,4,Y,Y
충청남도천안시동남구치매안심센터,헤아림,2019 헤아림 가족교실 4기,2019-07-03,2019-08-21,10:00,12:00,15,내부인력,8,4,Y,Y
충청남도천안시동남구치매안심센터,헤아림,2019 헤아림 가족교실 3기,2019-05-08,2019-06-26,10:00,12:00,15,내부인력,8,5,Y,Y
충청남도천안시동남구치매안심센터,헤아림,2019 헤아림 가족교실 2기,2019-04-01,2019-04-29,14:00,16:00,15,내부인력,5,4,Y,Y
충청남도천안시동남구치매안심센터,헤아림,2019 헤아림 가족교실 1기,2019-02-11,2019-03-11,10:00,12:00,11,내부인력,5,4,Y,Y
충청남도천안시동남구치매안심센터,헤아림,2018 헤아림가족교실 1기,2018-11-06,2018-11-29,10:00,12:00,10,내부인력,8,4,Y,Y
충청남도천안시서북구치매안심센터,헤아림,2025년 헤아림 가족교실 (4기),2025-11-06,2025-12-04,10:00,12:00,10,내부인력,5,3,Y,N
충청남도천안시서북구치매안심센터,헤아림,2025년 헤아림 가족교실 (3기),2025-08-21,2025-09-18,10:00,12:00,12,내부인력,5,3,Y,Y
충청남도천안시서북구치매안심센터,헤아림,2025년 헤아림 가족교실 (2기),2025-06-05,2025-07-03,10:00,12:00,12,내부인력,5,3,Y,Y
충청남도천안시서북구치매안심센터,헤아림,2025년 헤아림 가족교실(1기),2025-03-06,2025-04-03,09:00,12:00,12,내부인력,5,3,Y,Y
충청남도천안시서북구치매안심센터,헤아림,2024년 헤아림 가족교실 3기,2024-08-29,2024-09-26,10:00,12:00,12,내부인력,5,3,Y,Y
충청남도천안시서북구치매안심센터,헤아림,2024년 헤아림 가족교실  2기,2024-05-02,2024-05-30,10:00,12:00,10,내부인력,5,3,Y,Y
충청남도천안시서북구치매안심센터,헤아림,2024년 헤아림 가족교실 1기,2024-02-01,2024-02-29,10:00,12:00,15,내부인력,5,3,Y,Y
충청남도천안시서북구치매안심센터,헤아림,2023년 헤아림 가족교실 2기,2023-06-29,2023-07-27,09:00,12:00,10,내부인력,5,4,Y,Y
충청남도천안시서북구치매안심센터,헤아림,2023년 헤아림 가족교실 1기,2023-05-02,2023-05-30,09:00,12:00,8,내부인력,5,4,Y,Y
충청남도천안시서북구치매안심센터,헤아림,헤아림가족교실,2022-10-04,2022-11-01,09:30,11:30,5,외부인력,5,4,Y,Y
충청남도천안시서북구치매안심센터,헤아림,헤아림가족교실3기,2019-07-02,2019-07-30,10:00,12:00,15,내부인력,5,4,Y,N
충청남도천안시서북구치매안심센터,헤아림,헤아림가족교실2기,2019-04-17,2019-06-12,14:00,16:00,10,내부인력,8,4,Y,N
충청남도천안시서북구치매안심센터,헤아림,헤아림가족교실1기,2019-02-13,2019-04-03,10:00,12:00,10,내부인력,8,4,Y,N
충청남도천안시서북구치매안심센터,헤아림,헤아림가족교실 5기,2018-11-06,2018-11-29,10:00,12:00,10,내부인력,8,4,Y,Y
충청남도천안시서북구치매안심센터,헤아림,헤아림가족교실 4기,2018-09-05,2018-10-25,10:00,12:00,10,내부인력,8,4,Y,Y
충청남도천안시서북구치매안심센터,헤아림,헤아림가족교실 3기,2018-07-11,2018-08-29,10:00,12:00,10,외부인력,8,5,Y,N
충청남도천안시서북구치매안심센터,헤아림,헤아림가족교실 2기,2018-05-09,2018-06-27,10:00,12:00,17,내부인력,8,4,Y,N
충청남도천안시서북구치매안심센터,헤아림,헤아림가족교실 1기,2018-02-21,2018-04-11,10:00,12:00,10,외부인력,8,4,Y,N
충청남도청양군치매안심센터,가치돌봄(선택),2025년 하반기 가치돌봄 치매가족교실,2025-10-15,2025-11-12,14:00,16:00,12,내부인력,5,3,N,N
충청남도청양군치매안심센터,헤아림,2025년 상반기 헤아림 치매가족교실,2025-03-27,2025-04-25,13:30,15:30,10,내부인력,5,3,N,Y
충청남도청양군치매안심센터,가치돌봄(집중),2024년 하반기 가치돌봄 치매가족교실,2024-10-10,2024-11-07,14:00,16:00,10,내부인력,5,3,N,Y
충청남도청양군치매안심센터,헤아림,2024년 상반기 헤아림 가족교실,2024-04-18,2024-05-16,14:00,16:00,10,내부인력,5,3,N,Y
충청남도청양군치매안심센터,헤아림,2023년 2차 헤아림 가족교실,2023-10-11,2023-11-08,15:00,17:00,10,내부인력,5,3,N,Y
충청남도청양군치매안심센터,헤아림,2023헤아림가족교실,2023-03-16,2023-04-13,14:00,15:30,11,내부인력,5,3,N,Y
충청남도청양군치매안심센터,헤아림,2022헤아림가족교실 (와촌보건진료소),2022-10-05,2022-11-02,14:00,15:30,7,내부인력,1,3,N,Y
충청남도청양군치매안심센터,헤아림,2022헤아림가족교실,2022-06-09,2022-07-07,14:00,16:00,10,내부인력,1,3,N,Y
충청남도청양군치매안심센터,헤아림,2021헤아림가족교실,2021-06-22,2021-07-15,14:00,15:00,10,외부인력,8,5,N,Y
충청남도청양군치매안심센터,헤아림,2020헤아림가족교실,2020-07-08,2020-08-05,14:00,15:30,10,내부인력,1,3,N,Y
충청남도청양군치매안심센터,헤아림,2019헤아림가족교실,2019-03-05,2019-04-23,14:00,17:00,9,내부인력,8,5,Y,Y
충청남도청양군치매안심센터,헤아림,"우리모두, 어깨동무",2018-04-11,2018-05-30,14:00,15:00,10,외부인력,8,8,Y,Y
충청남도태안군치매안심센터,가치돌봄(집중),2025년 치매안심센터 하반기 가족교실 및 자조모임 프로그램(원예&쿠킹) - 4분기,2025-08-04,2025-08-26,09:00,11:00,10,외부인력,8,8,Y,Y
충청남도태안군치매안심센터,가치돌봄(집중),2025년 치매안심센터 하반기 가족교실 및 자조모임 프로그램(원예&쿠킹) - 3분기,2025-06-30,2025-07-22,09:00,12:00,10,외부인력,8,7,Y,Y
충청남도태안군치매안심센터,헤아림,2025년 치매안심센터 상반기 가족교실 및 자조모임 프로그램(원예&쿠킹)-2분기,2025-04-02,2025-04-24,09:00,12:00,10,외부인력,8,7,Y,Y
충청남도태안군치매안심센터,헤아림,2025년 치매안심센터 상반기 가족교실 및 자조모임 프로그램(원예&쿠킹)-1분기,2025-02-03,2025-02-25,09:00,12:00,10,외부인력,8,7,Y,Y
충청남도태안군치매안심센터,헤아림,2024년 치매안심센터 하반기 가족교실 및 자조모임 프로그램(쿠킹클래스)-4분기,2024-10-07,2024-10-29,09:30,11:30,10,외부인력,8,4,Y,Y
충청남도태안군치매안심센터,헤아림,2024년 치매안심센터 하반기 가족교실 및 자조모임 프로그램(쿠킹클래스)-3분기,2024-09-02,2024-10-02,09:30,11:30,10,외부인력,8,4,Y,Y
충청남도태안군치매안심센터,헤아림,2024년 치매안심센터 상반기 가족교실 및 자조모임 프로그램(쿠킹클래스)-2분기,2024-03-08,2024-04-01,13:30,15:00,10,외부인력,8,4,N,Y
충청남도태안군치매안심센터,헤아림,2024년 치매안심센터 상반기 가족교실 및 자조모임 프로그램(쿠킹클래스)-1분기,2024-01-29,2024-03-04,13:30,16:00,10,외부인력,8,4,N,Y
충청남도태안군치매안심센터,헤아림,2023년 치매안심센터 하반기 가족교실 및 자조모임 프로그램(쿠킹클래스)-4분기,2023-10-12,2023-11-03,13:30,16:00,10,외부인력,8,4,N,Y
충청남도태안군치매안심센터,헤아림,2023년 치매안심센터 하반기 가족교실 및 자조모임 프로그램(쿠킹클래스)-3분기,2023-09-06,2023-10-06,13:30,16:00,10,외부인력,8,4,N,Y
충청남도태안군치매안심센터,헤아림,2023년 치매안심센터 상반기 가족교실 및 자조모임 프로그램(쿠킹클래스)-2분기,2023-03-06,2023-03-28,09:30,11:30,10,외부인력,8,4,N,Y
충청남도태안군치매안심센터,헤아림,2023년 치매안심센터 상반기 가족교실 및 자조모임 프로그램(쿠킹클래스)-1분기,2023-02-06,2023-02-28,09:30,11:30,10,외부인력,8,4,N,Y
충청남도태안군치매안심센터,헤아림,"2022년 안면읍 치매거점센터 가족교실 및 자조모임 프로그램(아로마테라피,제빵,헤아림)",2022-10-11,2022-11-03,09:00,12:00,10,외부인력,8,4,N,Y
충청남도태안군치매안심센터,헤아림,"2022년 헤아림 가족교실(아로마테라피, 라탄)-3분기",2022-08-16,2022-08-31,13:00,16:00,10,외부인력,8,4,N,Y
충청남도태안군치매안심센터,헤아림,"2022년 헤아림 가족교실(쿠킹클래스,헤아림)-2분기",2022-06-10,2022-07-04,13:00,16:00,10,외부인력,8,4,N,Y
충청남도태안군치매안심센터,헤아림,"2022년 헤아림 가족교실(쿠킹클래스,헤아림)-1분기",2022-03-04,2022-04-08,13:00,16:00,10,외부인력,8,4,N,Y
충청남도태안군치매안심센터,헤아림,2021년 헤아림 가족교실 (등공예),2021-06-07,2021-07-26,14:00,16:00,8,내부인력,8,4,Y,Y
충청남도태안군치매안심센터,헤아림,헤아림 가족교실(요리),2020-11-04,2020-11-18,14:00,16:00,10,내부인력,3,3,Y,Y
충청남도태안군치매안심센터,헤아림,헤아림 가족교실(원격 요리수업),2020-10-16,2020-10-16,14:00,16:00,5,내부인력,1,1,Y,N
충청남도태안군치매안심센터,헤아림,헤아림(원예),2019-09-20,2019-11-08,15:00,16:00,10,내부인력,3,3,Y,N
충청남도태안군치매안심센터,헤아림,헤아림교실(행복빵빵),2019-06-07,2019-07-26,14:00,16:00,10,내부인력,8,6,Y,N
충청남도태안군치매안심센터,헤아림,헤아림가족교실(소행성),2018-10-11,2018-11-29,13:30,15:30,10,내부인력,8,6,Y,Y
충청남도홍성군치매안심센터,가치돌봄(집중),2025년 가족교실(가치돌봄)-금마,2025-04-29,2025-09-23,14:00,16:00,3,내부인력,8,4,N,Y
충청남도홍성군치매안심센터,가치돌봄(집중),2025년 가족교실(가치돌봄)-광천,2025-06-02,2025-07-30,13:30,15:30,4,내부인력,9,6,N,Y
충청남도홍성군치매안심센터,가치돌봄(집중),2025년 가족교실(가치돌봄)-서부,2025-05-01,2025-10-01,09:00,20:00,3,내부인력,55,8,N,Y
충청남도홍성군치매안심센터,가치돌봄(집중),2025년 가족교실(가치돌봄)-홍동,2025-04-23,2025-07-30,13:00,14:30,3,내부인력,8,4,N,Y
충청남도홍성군치매안심센터,가치돌봄(집중),2025년 가족교실(가치돌봄)-홍북,2025-04-07,2025-07-14,10:00,12:00,5,내부인력,8,4,N,Y
충청남도홍성군치매안심센터,가치돌봄(집중),2025년 가족교실(가치돌봄)-구항,2025-03-28,2025-09-08,10:00,12:00,3,내부인력,8,4,N,Y
충청남도홍성군치매안심센터,가치돌봄(집중),2025년 가족교실 (가치돌봄),2025-02-26,2025-10-29,13:30,15:30,20,내부인력,9,4,Y,N
충청남도홍성군치매안심센터,헤아림,2024년 헤아림 가족교실 운영,2024-02-21,2024-10-23,14:00,16:00,20,내부인력,8,5,Y,Y
충청남도홍성군치매안심센터,헤아림,2023년 헤아림 가족교실 운영,2023-01-18,2023-09-25,13:00,15:00,20,내부인력,8,4,Y,Y
충청남도홍성군치매안심센터,헤아림,헤아림 가족교실,2021-07-29,2021-09-02,14:00,16:00,11,내부인력,5,4,Y,Y
충청남도홍성군치매안심센터,헤아림,헤아림 가족교실(장곡),2020-07-14,2020-07-28,14:00,16:00,5,내부인력,5,4,Y,Y
충청남도홍성군치매안심센터,헤아림,헤아림 가족교실,2020-06-26,2020-07-24,10:00,12:00,15,내부인력,5,4,Y,Y
충청남도홍성군치매안심센터,헤아림,헤아림 치매가족 교육 (장곡),2019-10-18,2019-11-15,14:00,15:30,15,내부인력,5,3,Y,Y
충청남도홍성군치매안심센터,헤아림,헤아림 치매가족 교육 (갈산),2019-09-17,2019-10-15,14:00,15:30,10,내부인력,5,3,Y,Y
충청남도홍성군치매안심센터,헤아림,헤아림 치매가족 교육 (결성),2019-09-17,2019-10-15,10:00,11:30,10,내부인력,5,3,Y,Y
충청남도홍성군치매안심센터,헤아림,헤아림 치매가족교육,2019-04-18,2019-06-13,14:00,15:30,15,내부인력,8,4,Y,Y
충청남도홍성군치매안심센터,헤아림,헤아림 치매가족교육,2018-06-29,2018-09-07,13:00,15:00,15,내부인력,8,4,Y,Y
전북특별자치도고창군치매안심센터,가치돌봄(집중),"2025년 ""헤아림"" 가족교실",2025-06-11,2025-07-30,13:30,15:30,10,내부인력,8,5,N,Y
전북특별자치도고창군치매안심센터,가치돌봄(집중),"2024년 ""헤아림"" 가족교실 2기",2024-10-08,2024-11-12,10:00,12:00,8,내부인력,6,5,N,Y
전북특별자치도고창군치매안심센터,헤아림,"2024년 ""헤아림"" 가족교실 1기",2024-05-21,2024-06-25,14:00,16:00,8,외부인력,6,4,N,Y
전북특별자치도고창군치매안심센터,헤아림,"""헤아림"" 가족교실2기",2023-08-01,2023-08-29,10:00,12:00,8,내부인력,4,4,N,Y
전북특별자치도고창군치매안심센터,헤아림,'헤아림' 가족교실,2023-03-22,2023-06-28,10:00,12:00,8,내부인력,5,1,Y,Y
전북특별자치도고창군치매안심센터,헤아림,2022년도'헤아림'가족교실&자조모임,2022-09-22,2022-12-08,00:00,00:00,8,내부인력,4,1,Y,Y
전북특별자치도고창군치매안심센터,헤아림,구암마을 교실,2021-09-03,2021-09-15,15:00,17:00,13,내부인력,4,2,Y,Y
전북특별자치도고창군치매안심센터,헤아림,용현마을 가족교실,2021-03-09,2021-03-18,09:30,11:30,8,내부인력,4,4,N,Y
전북특별자치도고창군치매안심센터,헤아림,2021헤아림교육,2021-03-02,2021-03-09,13:00,15:00,4,내부인력,4,1,N,Y
전북특별자치도고창군치매안심센터,헤아림,2020헤아림,2020-06-17,2020-07-23,13:30,14:30,8,내부인력,8,4,N,Y
전북특별자치도고창군치매안심센터,헤아림,하반기 헤아림,2019-08-06,2019-09-03,13:30,15:30,8,내부인력,8,5,Y,Y
전북특별자치도고창군치매안심센터,헤아림,상반기 헤아림,2019-03-12,2019-04-30,14:00,16:00,7,내부인력,7,4,Y,Y
전북특별자치도고창군치매안심센터,헤아림,"고창군 ""헤아림""교실",2018-10-11,2018-10-16,10:00,15:00,10,내부인력,8,6,Y,Y
전북특별자치도군산시치매안심센터,가치돌봄(집중),[2025] 하반기 가족교실 프로그램,2025-11-11,2025-11-27,14:00,16:00,10,내부인력,6,4,N,N
전북특별자치도군산시치매안심센터,가치돌봄(집중),[2025] 상반기 가족교실 프로그램,2025-03-18,2025-04-03,14:00,15:00,10,내부인력,6,4,N,Y
전북특별자치도군산시치매안심센터,가치돌봄(집중),[2024] 하반기 가족교실 프로그램,2024-09-23,2024-10-21,14:00,15:00,10,내부인력,8,1,Y,Y
전북특별자치도군산시치매안심센터,가치돌봄(집중),[2024] 상반기 가족교실 프로그램,2024-05-20,2024-06-12,14:00,16:00,10,내부인력,8,1,N,Y
전북특별자치도군산시치매안심센터,헤아림,[2023] 하반기 가족교실 프로그램,2023-11-06,2023-11-29,14:00,15:00,10,내부인력,8,4,N,Y
전북특별자치도군산시치매안심센터,헤아림,2023 상반기 가족교실,2023-02-13,2023-03-13,14:00,15:00,10,내부인력,8,1,N,Y
전북특별자치도군산시치매안심센터,헤아림,(2022) 치매가족교실,2022-03-08,2022-03-29,14:00,15:00,5,내부인력,8,4,N,Y
전북특별자치도군산시치매안심센터,헤아림,(2021) 치매가족교실,2021-11-09,2021-12-09,14:00,15:00,7,내부인력,8,4,N,Y
전북특별자치도군산시치매안심센터,헤아림,(2019 하반기) 헤아림 가족교실 및 스트레스해소 프로그램,2019-10-08,2019-10-31,14:00,16:00,10,내부인력,8,4,Y,Y
전북특별자치도군산시치매안심센터,헤아림,(2019 상반기) 헤아림 가족교실 및 스트레스해소 프로그램,2019-04-02,2019-04-25,14:00,16:00,13,내부인력,8,4,Y,Y
전북특별자치도군산시치매안심센터,헤아림,(2018) 헤아림 가족교실 및 스트레스해소 프로그램,2018-07-03,2018-07-26,14:00,16:00,12,내부인력,8,4,Y,Y
전북특별자치도김제시치매안심센터,일상의 회복,2025년 일상의 회복 (심화),2025-05-09,2025-05-30,13:30,15:30,8,내부인력,4,2,Y,N
전북특별자치도김제시치매안심센터,헤아림,2025년 헤아림 치매가족 교실,2025-03-14,2025-05-02,13:30,15:30,10,내부인력,8,2,N,Y
전북특별자치도김제시치매안심센터,일상의 회복,2024년 자기돌봄 프로그램 일상의 회복,2024-05-22,2024-06-12,14:00,16:00,8,내부인력,4,2,N,Y
전북특별자치도김제시치매안심센터,헤아림,2024 헤아림 치매가족 교실,2024-03-13,2024-05-08,14:00,16:00,10,내부인력,8,4,N,Y
전북특별자치도김제시치매안심센터,기타,단계별 치매환자 돌봄을 위한 가족프로그램(실험군),2023-06-21,2023-08-09,14:00,16:00,7,내부인력,8,6,N,N
전북특별자치도김제시치매안심센터,헤아림,2023 헤아림 치매가족교실,2023-04-05,2023-05-31,14:30,16:30,10,내부인력,8,4,N,Y
전북특별자치도김제시치매안심센터,헤아림,2022 헤아림 치매가족교실,2022-04-06,2022-05-25,14:30,16:30,10,내부인력,8,4,N,Y
전북특별자치도김제시치매안심센터,기타,2021년 일상의 회복 시범운영,2021-06-17,2021-06-25,09:30,11:30,15,내부인력,4,3,N,N
전북특별자치도김제시치매안심센터,헤아림,2021 헤아림 치매가족교실,2021-03-08,2021-03-30,09:30,11:30,10,내부인력,8,1,Y,Y
전북특별자치도김제시치매안심센터,헤아림,2020년 헤아림 가족교실,2020-06-12,2020-07-31,09:30,11:30,10,내부인력,8,4,Y,Y
전북특별자치도김제시치매안심센터,헤아림,치매가족 헤아림교실,2019-05-13,2019-06-05,14:00,16:00,10,내부인력,8,6,Y,Y
전북특별자치도김제시치매안심센터,헤아림,헤아림가족교실,2018-05-16,2018-06-08,14:00,16:00,10,내부인력,8,6,Y,Y
전북특별자치도남원시치매안심센터,헤아림,2025년 치매가족 지지『헤아림』프로그램,2025-06-26,2025-07-15,14:00,16:00,8,내부인력,5,3,N,Y
전북특별자치도남원시치매안심센터,헤아림,2024년 치매가족 지지 『헤아림』 프로그램,2024-08-27,2024-09-12,14:00,16:00,8,내부인력,5,3,N,Y
전북특별자치도남원시치매안심센터,헤아림,2023년 치매가족지지 헤아림 가족교실 운영,2023-08-22,2023-08-31,14:00,16:00,9,내부인력,4,2,N,Y
전북특별자치도남원시치매안심센터,헤아림,2022년 치매 가족지지 헤아림 가족교실 운영,2022-09-13,2022-09-22,14:00,16:00,7,내부인력,4,2,N,N
전북특별자치도남원시치매안심센터,헤아림,2021년 치매환자가족 「헤아림」 가족교실 운영,2021-09-02,2021-09-28,14:00,16:00,4,내부인력,4,2,N,Y
전북특별자치도남원시치매안심센터,헤아림,2020년 치매환자가족 「헤아림」 가족교실 운영,2020-08-06,2020-10-15,14:00,16:00,4,내부인력,4,2,N,N
전북특별자치도남원시치매안심센터,헤아림,2019년 치매환자가족 헤아림 프로그램 운영(하반기),2019-10-08,2019-11-26,14:00,16:00,11,내부인력,8,6,Y,N
전북특별자치도남원시치매안심센터,헤아림,2019년 치매환자가족 헤아림 프로그램 운영(상반기),2019-03-14,2019-04-11,14:00,16:00,10,내부인력,8,6,Y,N
전북특별자치도남원시치매안심센터,헤아림,헤아림 가족교실,2018-08-28,2018-09-19,10:00,12:00,15,내부인력,8,3,Y,Y
전북특별자치도무주군치매안심센터,가치돌봄(집중),2025년 가치돌봄 프로그램,2025-07-01,2025-08-19,13:30,15:30,10,내부인력,8,6,N,Y
전북특별자치도무주군치매안심센터,헤아림,"2024년 치매가족을 위한 가족지원 프로그램 ""헤아림""",2024-02-06,2024-03-26,14:00,16:00,8,내부인력,8,4,Y,Y
전북특별자치도무주군치매안심센터,헤아림,"2023 마음공감, 치매환자 가족교실",2023-02-23,2023-04-13,13:30,15:30,10,내부인력,8,4,Y,Y
전북특별자치도무주군치매안심센터,헤아림,2022년 마음공감 치매환자 가족교실,2022-05-17,2022-08-24,13:30,15:30,6,외부인력,8,4,N,Y
전북특별자치도무주군치매안심센터,헤아림,"2021년 무주군 치매안심센터와 함께하는 가족교실 ""헤아림""",2021-01-20,2021-03-10,14:00,16:00,3,내부인력,8,5,N,Y
전북특별자치도무주군치매안심센터,헤아림,2020년 무주군치매안심센터와 함께하는 가족교실 헤아림,2020-08-10,2020-09-16,09:30,11:40,4,내부인력,3,4,N,Y
전북특별자치도무주군치매안심센터,헤아림,"2019년 치매가족 지원 프로그램  ""헤아림""",2019-04-16,2019-06-04,09:30,12:00,9,내부인력,8,5,Y,N
전북특별자치도무주군치매안심센터,헤아림,"2018년 치매가족 지원 프로그램  "" 헤아림:",2018-08-27,2018-10-22,09:30,11:30,10,내부인력,8,4,Y,Y
전북특별자치도부안군치매안심센터,헤아림,'25 가족교실  헤아림,2025-02-18,2025-03-13,14:00,16:00,8,내부인력,8,1,N,Y
전북특별자치도부안군치매안심센터,헤아림,' 24 가족교실 헤아림,2024-02-06,2024-03-26,13:30,15:30,8,내부인력,8,4,Y,Y
전북특별자치도부안군치매안심센터,헤아림,' 23 가족교실 헤아림,2023-03-06,2023-03-29,14:00,16:00,6,내부인력,8,1,Y,Y
전북특별자치도부안군치매안심센터,헤아림,'22 가족교실 헤아림,2022-05-11,2022-07-06,09:30,11:30,7,내부인력,8,4,Y,Y
전북특별자치도부안군치매안심센터,헤아림,' 21 가족교실 헤아림,2021-03-05,2021-04-15,09:30,17:30,4,내부인력,8,4,Y,Y
전북특별자치도부안군치매안심센터,헤아림,`20 헤아림 가족교실,2020-07-14,2020-09-01,14:20,16:20,10,내부인력,8,4,N,Y
전북특별자치도부안군치매안심센터,헤아림,`19 헤아림 가족교실,2019-03-19,2019-05-07,10:00,12:00,13,내부인력,8,4,Y,N
전북특별자치도부안군치매안심센터,헤아림,`18 헤아림 가족교실,2018-07-24,2018-09-21,14:00,16:00,7,내부인력,8,4,Y,Y
전북특별자치도순창군치매안심센터,헤아림,2025년도 가족교실 '헤아림',2025-01-06,2025-01-14,14:00,17:00,10,내부인력,8,4,Y,Y
전북특별자치도순창군치매안심센터,헤아림,2024년도 가족교실 헤아림,2024-03-08,2024-03-28,14:00,17:00,10,내부인력,8,4,Y,Y
전북특별자치도순창군치매안심센터,헤아림,2023년 찾아가는 헤아림,2023-02-02,2023-02-24,09:00,13:00,7,내부인력,8,4,Y,Y
전북특별자치도순창군치매안심센터,헤아림,2022년 찾아가는 헤아림,2022-06-07,2022-06-29,09:00,12:00,6,내부인력,8,4,Y,Y
전북특별자치도순창군치매안심센터,헤아림,2021 가족교실 헤아림,2021-02-19,2021-04-08,14:00,16:00,7,내부인력,8,4,Y,Y
전북특별자치도순창군치매안심센터,헤아림,2020 헤아림(2기),2020-08-13,2020-10-08,14:00,16:00,7,내부인력,8,4,Y,Y
전북특별자치도순창군치매안심센터,헤아림,2020 헤아림,2020-06-04,2020-07-09,14:00,16:00,7,내부인력,6,4,Y,N
전북특별자치도순창군치매안심센터,헤아림,2020 헤아림,2020-01-30,2020-02-20,14:00,16:00,7,내부인력,2,4,Y,N
전북특별자치도순창군치매안심센터,헤아림,2019 헤아림,2019-08-30,2019-10-24,10:00,12:00,7,내부인력,8,4,Y,Y
전북특별자치도순창군치매안심센터,헤아림,헤아림 가족교실,2018-08-07,2018-09-04,14:00,16:00,7,내부인력,8,4,Y,Y
전북특별자치도완주군치매안심센터,헤아림,2025년 헤아림 가족교실(2기),2025-09-01,2025-09-22,13:00,15:00,10,내부인력,8,4,Y,Y
전북특별자치도완주군치매안심센터,헤아림,2025년 헤아림 가족교실(1기),2025-06-04,2025-06-25,13:00,15:00,15,내부인력,8,4,Y,Y
전북특별자치도완주군치매안심센터,헤아림,2024년 헤아림 가족교실(2기),2024-09-25,2024-10-23,13:00,15:00,10,내부인력,8,4,Y,Y
전북특별자치도완주군치매안심센터,헤아림,2024년 헤아림 가족교실(1기),2024-06-05,2024-06-26,13:00,15:00,15,내부인력,8,4,Y,Y
전북특별자치도완주군치매안심센터,헤아림,2023년 헤아림 교실,2023-10-04,2023-10-30,13:00,15:00,20,내부인력,8,4,Y,Y
전북특별자치도완주군치매안심센터,헤아림,2022년 헤아림,2022-10-13,2022-11-03,13:00,14:30,20,내부인력,4,2,Y,Y
전북특별자치도완주군치매안심센터,헤아림,2021년 헤아림가족교실,2021-09-08,2021-10-08,13:00,15:00,10,내부인력,4,3,Y,Y
전북특별자치도완주군치매안심센터,헤아림,2020년 헤아림 가족교실,2020-08-07,2020-08-29,13:30,15:00,8,내부인력,4,4,Y,Y
전북특별자치도완주군치매안심센터,헤아림,2019년 헤아림 가족교실,2019-04-19,2019-06-07,16:00,18:00,15,내부인력,8,4,Y,Y
전북특별자치도완주군치매안심센터,헤아림,1기 헤아림 교실,2018-05-03,2018-06-21,10:00,12:00,10,내부인력,8,5,Y,Y
전북특별자치도익산시치매안심센터,가치돌봄(집중),2025년 가치돌봄 가족교실 3기,2025-09-11,2025-11-06,13:30,15:30,8,내부인력,8,4,Y,N
전북특별자치도익산시치매안심센터,가치돌봄(집중),2025년 가치돌봄 가족교실 2기,2025-06-19,2025-08-07,13:30,15:30,8,내부인력,8,4,Y,Y
전북특별자치도익산시치매안심센터,가치돌봄(집중),2025년 가치돌봄 가족교실 1기,2025-03-27,2025-05-15,13:30,15:30,8,내부인력,8,4,Y,Y
전북특별자치도익산시치매안심센터,헤아림,2024년 헤아림 가족교실 3기,2024-09-12,2024-11-07,13:30,15:30,8,내부인력,8,4,Y,Y
전북특별자치도익산시치매안심센터,헤아림,2024년 헤아림 가족교실  2기,2024-06-20,2024-08-08,13:30,15:30,8,내부인력,8,4,Y,Y
전북특별자치도익산시치매안심센터,헤아림,2024년 헤아림 가족교실 1기,2024-03-28,2024-05-16,13:30,15:30,8,내부인력,8,4,N,Y
전북특별자치도익산시치매안심센터,헤아림,23년 헤아림(3기),2023-09-13,2023-11-08,14:00,15:00,10,내부인력,9,4,N,Y
전북특별자치도익산시치매안심센터,헤아림,23년 헤아림(2기),2023-06-21,2023-08-09,14:00,16:00,10,내부인력,8,4,N,Y
전북특별자치도익산시치매안심센터,헤아림,23년 헤아림(1기),2023-03-29,2023-05-17,14:00,16:00,10,내부인력,8,4,Y,Y
전북특별자치도익산시치매안심센터,헤아림,2022 헤아림 가족교실 10기,2022-06-20,2022-06-28,14:00,16:00,3,내부인력,6,4,Y,Y
전북특별자치도익산시치매안심센터,헤아림,2022 헤아림 가족교실 9기,2022-06-20,2022-06-28,14:00,16:00,3,내부인력,6,4,Y,Y
전북특별자치도익산시치매안심센터,헤아림,2022 헤아림 가족교실 8기,2022-05-30,2022-06-14,14:00,16:00,5,내부인력,6,4,Y,Y
전북특별자치도익산시치매안심센터,헤아림,2022 헤아림 가족교실 7기,2022-05-30,2022-06-14,14:00,16:00,4,내부인력,6,4,Y,Y
전북특별자치도익산시치매안심센터,헤아림,2022 헤아림 가족교실 6기,2022-05-16,2022-05-24,14:00,16:00,4,내부인력,6,4,Y,Y
전북특별자치도익산시치매안심센터,헤아림,2022 헤아림 가족교실 5기,2022-05-16,2022-05-24,14:00,16:00,5,내부인력,6,4,Y,Y
전북특별자치도익산시치매안심센터,헤아림,2022 헤아림 가족교실 4기,2022-05-02,2022-05-10,14:00,16:00,4,내부인력,6,4,Y,Y
전북특별자치도익산시치매안심센터,헤아림,2022 헤아림 가족교실 3기,2022-05-02,2022-05-10,14:00,16:00,4,내부인력,6,4,Y,Y
전북특별자치도익산시치매안심센터,헤아림,2022 헤아림 가족교실 2기,2022-04-12,2022-04-28,14:00,16:00,5,내부인력,6,4,Y,Y
전북특별자치도익산시치매안심센터,헤아림,2022 헤아림 가족교실 1기,2022-03-16,2022-03-31,09:00,17:00,5,내부인력,6,4,Y,Y
전북특별자치도익산시치매안심센터,헤아림,2021 헤아림 가족교실,2021-05-26,2021-07-21,14:00,16:00,5,내부인력,8,4,Y,Y
전북특별자치도익산시치매안심센터,기타,2021 일상의회복,2021-05-17,2021-06-07,14:00,16:00,5,내부인력,4,3,Y,N
전북특별자치도익산시치매안심센터,헤아림,2020 헤아림 가족교실,2020-06-16,2020-07-30,14:00,16:00,6,내부인력,14,4,Y,Y
전북특별자치도익산시치매안심센터,헤아림,2019 헤아림 가족교실,2019-05-10,2019-06-04,10:00,12:00,9,내부인력,8,6,Y,Y
전북특별자치도익산시치매안심센터,헤아림,헤아림 가족교실,2018-05-02,2018-06-29,09:30,11:30,6,내부인력,8,6,Y,Y
전북특별자치도임실군치매안심센터,기타,2025년 헤아림가족교실,2025-10-16,2025-11-11,13:30,15:30,15,내부인력,8,4,Y,N
전북특별자치도임실군치매안심센터,헤아림,2024년 헤아림교실,2024-09-24,2024-10-15,13:30,15:00,15,내부인력,4,2,Y,Y
전북특별자치도임실군치매안심센터,헤아림,2023년 헤아림 가족교실,2023-10-04,2023-10-25,13:30,15:30,10,내부인력,4,4,Y,Y
전북특별자치도임실군치매안심센터,헤아림,2022년 헤아림 가족교실,2022-03-22,2022-04-12,13:30,15:00,15,내부인력,4,4,Y,Y
전북특별자치도임실군치매안심센터,헤아림,2021년 헤아림교실,2021-10-12,2021-11-02,14:00,16:00,15,내부인력,4,4,Y,Y
전북특별자치도임실군치매안심센터,헤아림,2020년도 헤아림교실,2020-10-06,2020-10-16,13:30,15:30,15,내부인력,4,3,Y,Y
전북특별자치도임실군치매안심센터,헤아림,헤아림교실,2019-10-08,2019-10-31,14:00,16:00,20,내부인력,8,4,Y,N
전북특별자치도임실군치매안심센터,헤아림,가족지지 프로그램 헤아림교실,2018-03-19,2018-05-04,14:00,16:00,25,내부인력,8,4,Y,Y
전북특별자치도장수군치매안심센터,가치돌봄(기본),2025년 가족교실,2025-06-24,2025-07-29,14:00,15:00,8,내부인력,6,6,N,Y
전북특별자치도장수군치매안심센터,헤아림,2024년 치매가족교실,2024-03-21,2024-04-26,14:00,16:00,8,내부인력,6,6,N,Y
전북특별자치도장수군치매안심센터,헤아림,가족교실,2023-03-24,2023-04-28,14:00,16:00,10,내부인력,6,4,N,Y
전북특별자치도장수군치매안심센터,헤아림,아.우.림_가족교실 '헤아림',2022-10-26,2022-11-30,09:30,10:30,9,내부인력,6,4,Y,Y
전북특별자치도장수군치매안심센터,헤아림,헤아림 가족교실,2021-05-07,2021-07-02,14:00,16:00,9,내부인력,6,4,Y,Y
전북특별자치도장수군치매안심센터,헤아림,헤아림 가족교실,2020-05-22,2020-06-26,13:30,15:30,7,내부인력,6,4,Y,Y
전북특별자치도장수군치매안심센터,헤아림,치매가족헤아림교실,2019-04-09,2019-05-09,13:30,15:30,13,내부인력,5,4,Y,Y
전북특별자치도장수군치매안심센터,헤아림,헤아림 가족교실,2018-05-14,2018-07-02,14:00,16:00,8,내부인력,8,5,Y,Y
전북특별자치도전주시치매안심센터,가치돌봄(집중),2025년 가치돌봄,2025-08-05,2025-08-14,13:00,16:00,10,내부인력,8,2,Y,Y
전북특별자치도전주시치매안심센터,가치돌봄(선택),2024년 가족교실 - 가치돌봄,2024-11-13,2024-11-20,13:00,16:00,10,내부인력,4,2,N,Y
전북특별자치도전주시치매안심센터,헤아림,2024년 헤아림 가족교실,2024-08-07,2024-08-28,13:00,16:00,10,내부인력,8,4,Y,Y
전북특별자치도전주시치매안심센터,헤아림,2023헤아림가족교실,2023-08-17,2023-09-07,13:00,16:00,10,내부인력,8,2,N,Y
전북특별자치도전주시치매안심센터,헤아림,2022헤아림가족교실,2022-06-14,2022-06-23,13:00,16:00,5,내부인력,8,4,N,Y
전북특별자치도전주시치매안심센터,헤아림,2021헤아림 (2기),2021-08-17,2021-08-20,09:00,12:00,5,내부인력,4,2,N,Y
전북특별자치도전주시치매안심센터,헤아림,2021 헤아림 (1기),2021-08-09,2021-08-13,13:00,16:00,5,내부인력,4,2,N,Y
전북특별자치도전주시치매안심센터,헤아림,2020 헤아림교실,2020-08-04,2020-09-15,09:00,12:00,5,내부인력,4,2,N,Y
전북특별자치도전주시치매안심센터,헤아림,2019년 헤아림 교실-1,2019-04-02,2019-04-30,14:00,16:00,20,내부인력,8,4,Y,Y
전북특별자치도전주시치매안심센터,헤아림,헤아림교실(2회차),2018-11-06,2018-11-27,10:00,12:00,15,외부인력,4,2,Y,N
전북특별자치도전주시치매안심센터,헤아림,2018년 헤아림교실(1차),2018-03-08,2018-04-26,10:00,12:00,12,외부인력,8,4,Y,Y
전북특별자치도정읍시치매안심센터,헤아림,헤아림가족교실11기,2025-05-14,2025-07-02,13:00,15:00,15,내부인력,8,4,Y,Y
전북특별자치도정읍시치매안심센터,헤아림,헤아림교실 10기,2024-05-30,2024-07-25,13:00,15:00,10,내부인력,8,4,Y,Y
전북특별자치도정읍시치매안심센터,헤아림,헤아림 교실 9기,2023-04-20,2023-06-08,13:00,14:00,8,내부인력,8,4,Y,Y
전북특별자치도정읍시치매안심센터,헤아림,헤아림 교실 8기,2022-08-31,2022-10-05,13:00,14:00,8,내부인력,6,4,Y,Y
전북특별자치도정읍시치매안심센터,헤아림,헤아림 교실 7기,2022-03-09,2022-04-29,13:00,15:00,10,내부인력,8,4,Y,Y
전북특별자치도정읍시치매안심센터,헤아림,헤아림교실 6기,2021-03-10,2021-04-28,14:00,16:00,8,내부인력,8,4,Y,Y
전북특별자치도정읍시치매안심센터,헤아림,헤아림교실  5기,2020-05-20,2020-07-08,10:00,12:00,7,내부인력,8,5,Y,Y
전북특별자치도정읍시치매안심센터,헤아림,헤아림교실 4기,2019-09-03,2019-10-01,10:00,12:00,8,내부인력,8,5,Y,Y
전북특별자치도정읍시치매안심센터,헤아림,헤아림교실 3기,2019-03-06,2019-03-29,10:00,12:00,10,내부인력,8,5,Y,Y
전북특별자치도정읍시치매안심센터,헤아림,헤아림교실 2기,2018-09-05,2018-10-05,10:00,12:00,10,내부인력,8,5,Y,Y
전북특별자치도정읍시치매안심센터,헤아림,헤아림교실 1기,2018-03-27,2018-04-19,10:00,12:00,10,외부인력,8,5,Y,Y
전북특별자치도진안군치매안심센터,가치돌봄(집중),2025년 치매가족지지 '가치돌봄 교실',2025-10-16,2025-12-04,13:30,15:30,8,내부인력,8,5,N,N
전북특별자치도진안군치매안심센터,헤아림,2024년 치매가족지지프로그램 헤아림교실 2기,2024-10-10,2024-11-28,13:30,15:30,8,내부인력,8,5,Y,Y
전북특별자치도진안군치매안심센터,헤아림,2024년 치매가족지지프로그램  헤아림교실 1기,2024-03-21,2024-05-09,13:30,15:30,8,내부인력,8,6,Y,Y
전북특별자치도진안군치매안심센터,헤아림,2023년 헤아림교실,2023-05-12,2023-06-16,13:00,15:00,15,외부인력,8,6,Y,Y
전북특별자치도진안군치매안심센터,기타,2023년 일상의 회복(백운면 원반마을),2023-05-16,2023-06-01,13:00,15:00,18,외부인력,4,3,Y,Y
전북특별자치도진안군치매안심센터,헤아림,2022년 헤아림교실,2022-06-22,2022-08-10,13:30,15:30,10,내부인력,8,6,N,Y
전북특별자치도진안군치매안심센터,기타,일상의 회복2기(2022년),2022-05-23,2022-05-31,13:30,15:30,10,내부인력,4,4,N,N
전북특별자치도진안군치매안심센터,기타,일상의 회복1기(2021년),2021-06-01,2021-06-10,14:00,16:00,10,내부인력,4,3,Y,N
전북특별자치도진안군치매안심센터,헤아림,21년 헤아림교실 1기,2021-03-16,2021-05-11,14:00,16:00,10,내부인력,9,4,Y,Y
전북특별자치도진안군치매안심센터,헤아림,헤아림교실2기,2020-02-04,2020-02-04,09:30,12:00,10,내부인력,1,6,Y,N
전북특별자치도진안군치매안심센터,헤아림,헤아림교실1기,2020-02-03,2020-07-13,09:30,12:00,10,내부인력,8,6,Y,Y
전북특별자치도진안군치매안심센터,헤아림,가족지지'헤아림교실' 5기,2019-09-23,2019-11-25,10:00,12:00,10,내부인력,10,7,Y,Y
전북특별자치도진안군치매안심센터,헤아림,가족지지'헤아림교실' 4기,2019-07-01,2019-09-02,10:00,12:00,10,내부인력,10,6,Y,Y
전북특별자치도진안군치매안심센터,헤아림,가족지지'헤아림교실' 3기,2019-04-15,2019-06-24,10:00,12:00,11,내부인력,10,8,Y,N
전북특별자치도진안군치매안심센터,헤아림,가족지지 '헤아림 교실' 1기,2019-02-11,2019-04-08,10:00,12:00,11,내부인력,9,6,Y,Y
전북특별자치도진안군치매안심센터,헤아림,가족지지 '헤아림 교실' 2기,2019-02-12,2019-04-09,14:00,16:00,10,내부인력,9,6,Y,Y
전북특별자치도진안군치매안심센터,헤아림,헤아림가족교실6기-주천면 괴정마을,2018-09-05,2018-11-07,13:30,15:30,20,외부인력,8,6,Y,Y
전북특별자치도진안군치매안심센터,헤아림,헤아림가족교실5기-상전면 금지마을,2018-09-03,2018-10-29,13:30,15:30,20,외부인력,8,6,Y,Y
전북특별자치도진안군치매안심센터,헤아림,헤아림가족교실4기-마령 원강정마을,2018-07-04,2018-08-29,13:30,15:30,20,외부인력,8,6,Y,Y
전북특별자치도진안군치매안심센터,헤아림,헤아림가족교실3-진안군치매안심센터 쉼터 프로그램실,2018-04-11,2018-07-10,13:00,15:00,8,내부인력,8,6,Y,Y
전북특별자치도진안군치매안심센터,헤아림,헤아림 가족 교실2-상전내송,2018-02-23,2018-04-13,13:30,15:30,15,내부인력,8,6,Y,Y
전북특별자치도진안군치매안심센터,헤아림,헤아림 가족 교실1-정천갈거,2018-01-15,2018-03-05,13:30,15:30,15,내부인력,8,6,Y,Y
전라남도강진군치매안심센터,헤아림,2025. 치매가족교실 '헤아림',2025-05-07,2025-06-25,10:00,12:00,10,내부인력,8,5,Y,Y
전라남도강진군치매안심센터,헤아림,2024 치매 가족교실  '헤아림',2024-06-05,2024-07-24,10:00,12:00,10,내부인력,8,5,Y,Y
전라남도강진군치매안심센터,헤아림,2023 치매가족교실 '헤아림',2023-05-10,2023-06-28,10:00,12:00,6,내부인력,8,5,Y,Y
전라남도강진군치매안심센터,헤아림,2022 치매 가족교실 '헤아림',2022-05-12,2022-06-30,09:00,11:30,6,내부인력,8,5,Y,Y
전라남도강진군치매안심센터,헤아림,2021 치매 가족교실 '헤아림',2021-10-07,2021-11-25,10:00,12:00,7,내부인력,8,5,Y,Y
전라남도강진군치매안심센터,헤아림,2021 치매 가족교실 '헤아림',2021-04-15,2021-06-03,10:00,12:00,7,내부인력,8,5,Y,N
전라남도강진군치매안심센터,헤아림,2020 치매가족교실 '헤아림',2020-08-27,2020-10-22,10:00,12:00,7,내부인력,8,5,Y,Y
전라남도강진군치매안심센터,헤아림,치매환자 가족교실,2019-09-17,2019-10-08,10:00,12:00,15,내부인력,8,8,Y,Y
전라남도강진군치매안심센터,헤아림,치매예방 헤아림 교실,2018-09-04,2018-10-05,14:00,16:00,15,내부인력,8,8,Y,Y
전라남도고흥군치매안심센터,헤아림,2025년 치매환자 가족교실,2025-07-18,2025-08-21,14:00,17:00,7,내부인력,11,5,Y,Y
전라남도고흥군치매안심센터,헤아림,2024년 치매환자 가족교실(풍양면 당두마을/치매안심마을),2024-10-18,2024-11-06,13:30,16:30,6,외부인력,8,1,N,Y
전라남도고흥군치매안심센터,헤아림,2024년 치매환자 가족교실(도양읍 대봉마을/치매안심마을),2024-08-26,2024-09-13,14:00,17:00,7,외부인력,3,1,N,Y
전라남도고흥군치매안심센터,헤아림,2024년 치매환자 가족교실,2024-02-19,2024-07-31,14:00,17:00,10,내부인력,40,10,Y,Y
전라남도고흥군치매안심센터,헤아림,2023년 치매환자 가족교실(대봉마을),2023-06-08,2023-06-30,09:00,12:00,5,내부인력,8,4,N,Y
전라남도고흥군치매안심센터,헤아림,2023년 치매환자 가족교실(동촌마을),2023-06-07,2023-06-28,09:00,12:00,5,내부인력,8,4,N,Y
전라남도고흥군치매안심센터,헤아림,2023년 치매환자 가족교실(신기마을),2023-05-04,2023-05-31,09:00,12:00,5,내부인력,8,4,N,Y
전라남도고흥군치매안심센터,헤아림,2023년 치매환자 가족교실,2023-02-20,2023-07-05,13:30,16:30,10,내부인력,40,20,N,Y
전라남도고흥군치매안심센터,헤아림,2022 치매환자 가족교실,2022-06-07,2022-10-13,13:30,16:30,10,내부인력,50,25,N,Y
전라남도고흥군치매안심센터,헤아림,2021치매환자 가족교실,2021-03-15,2021-12-30,14:00,17:00,12,내부인력,48,8,Y,Y
전라남도고흥군치매안심센터,헤아림,2020년 헤아림 가족교실  1기,2020-06-15,2020-12-03,14:00,17:00,8,내부인력,3,5,Y,Y
전라남도고흥군치매안심센터,헤아림,헤아림 가족교실 8기(치매안심마을),2019-06-19,2019-08-07,14:00,17:00,5,내부인력,8,4,Y,Y
전라남도고흥군치매안심센터,헤아림,헤아림 가족교실 7기,2019-05-13,2019-06-05,13:30,16:30,5,내부인력,8,4,Y,Y
전라남도고흥군치매안심센터,헤아림,헤아림 가족교실 6기,2019-05-07,2019-05-31,13:30,16:30,5,내부인력,8,4,Y,Y
전라남도고흥군치매안심센터,헤아림,헤아림 가족교실 5기,2019-04-04,2019-04-30,13:30,16:30,5,내부인력,8,4,Y,Y
전라남도고흥군치매안심센터,헤아림,헤아림 가족교실 4기,2019-04-04,2019-04-30,09:00,12:00,5,내부인력,8,4,Y,Y
전라남도고흥군치매안심센터,헤아림,헤아림 가족교실 3기,2019-01-28,2019-02-27,09:30,11:30,3,내부인력,8,4,Y,Y
전라남도고흥군치매안심센터,헤아림,헤아림 가족교실 2기,2018-08-22,2018-09-17,13:00,15:00,5,외부인력,8,4,Y,Y
전라남도고흥군치매안심센터,헤아림,헤아림 가족교실 1기,2018-06-05,2018-06-29,09:50,10:50,11,내부인력,8,4,Y,Y
전라남도곡성군치매안심센터,헤아림,2025.가족헤아림,2025-08-14,2025-10-16,14:00,16:00,4,내부인력,8,2,Y,Y
전라남도곡성군치매안심센터,헤아림,2024 가족헤아림,2024-07-03,2024-08-21,14:00,16:00,6,내부인력,8,4,Y,Y
전라남도곡성군치매안심센터,헤아림,2023 가족헤아림,2023-06-14,2023-08-02,14:00,16:00,5,내부인력,8,4,Y,Y
전라남도곡성군치매안심센터,헤아림,2022 가족헤아림,2022-04-05,2022-04-28,09:30,11:30,6,내부인력,8,6,Y,Y
전라남도곡성군치매안심센터,헤아림,가족 헤아림 6,2019-10-01,2019-11-12,14:00,16:00,5,내부인력,8,4,Y,Y
전라남도곡성군치매안심센터,헤아림,가족 헤아림 5,2019-08-29,2019-10-17,14:00,16:00,5,내부인력,8,4,Y,Y
전라남도곡성군치매안심센터,헤아림,가족 헤아림4 (안심마을),2019-04-30,2019-08-06,14:00,16:00,4,내부인력,8,6,Y,Y
전라남도곡성군치매안심센터,헤아림,가족 헤아림 3,2019-04-26,2019-06-14,15:00,17:00,4,외부인력,8,6,Y,Y
전라남도곡성군치매안심센터,헤아림,가족 헤아림2,2019-04-08,2019-05-27,15:00,17:00,4,외부인력,8,6,Y,Y
전라남도곡성군치매안심센터,헤아림,헤아림 가족교실,2018-09-07,2018-10-26,14:00,16:00,8,외부인력,8,6,Y,Y
전라남도광양시치매안심센터,헤아림,25년 헤아림 가족교실 5기,2025-10-30,2025-12-18,14:00,16:00,10,내부인력,8,4,N,N
전라남도광양시치매안심센터,헤아림,25년 헤아림 가족교실 4기,2025-08-28,2025-10-23,14:00,16:00,10,내부인력,8,4,N,Y
전라남도광양시치매안심센터,헤아림,25년 헤아림 가족교실 3기,2025-06-05,2025-07-24,14:00,16:00,10,내부인력,8,4,N,Y
전라남도광양시치매안심센터,헤아림,25년 헤아림 가족교실 2기,2025-04-03,2025-05-29,14:00,16:00,10,내부인력,8,4,N,Y
전라남도광양시치매안심센터,헤아림,25년 헤아림 가족교실1기,2025-02-06,2025-03-27,14:00,16:00,10,내부인력,8,4,N,Y
전라남도광양시치매안심센터,헤아림,24년 헤아림 가족교실 5기,2024-10-24,2024-12-12,14:00,16:00,10,내부인력,8,4,N,Y
전라남도광양시치매안심센터,헤아림,24년 혜아림 가족교실 4기,2024-08-22,2024-10-17,14:00,16:00,10,내부인력,8,4,N,Y
전라남도광양시치매안심센터,헤아림,24년 헤아림 가족교실 3기,2024-05-23,2024-07-18,14:00,16:00,10,내부인력,8,4,N,Y
전라남도광양시치매안심센터,헤아림,24년 헤아림 가족교실 2기,2024-03-28,2024-05-16,14:00,16:00,10,내부인력,8,4,N,Y
전라남도광양시치매안심센터,헤아림,24년 헤아림 가족교실 1기,2024-02-01,2024-03-21,14:00,16:00,9,내부인력,8,4,N,Y
전라남도광양시치매안심센터,헤아림,23년 헤아림 가족교실 5기,2023-10-26,2023-12-14,13:30,15:30,9,내부인력,8,4,N,Y
전라남도광양시치매안심센터,헤아림,23년 헤아림 가족교실 4기,2023-08-24,2023-10-19,13:30,15:30,9,내부인력,8,4,Y,Y
전라남도광양시치매안심센터,기타,가족교실3기:단계별 치매환자 돌봄을 위한 가족프로그램(실험군),2023-05-25,2023-07-13,13:30,15:30,9,내부인력,8,4,N,Y
전라남도광양시치매안심센터,헤아림,23년 헤아림 가족교실 2기,2023-03-30,2023-05-18,13:30,15:30,8,내부인력,8,4,N,Y
전라남도광양시치매안심센터,헤아림,23년 헤아림 가족교실 1기,2023-02-02,2023-03-23,13:30,15:30,8,내부인력,8,4,N,Y
전라남도광양시치매안심센터,헤아림,22년 헤아림 가족교실 3,2022-10-06,2022-11-24,14:00,16:00,8,내부인력,8,4,Y,Y
전라남도광양시치매안심센터,헤아림,22년 헤아림 가족교실2,2022-07-14,2022-09-29,14:00,16:00,8,내부인력,8,4,N,Y
전라남도광양시치매안심센터,헤아림,22년 헤아림 가족교실 1,2022-05-18,2022-07-08,14:00,16:00,8,내부인력,8,4,Y,Y
전라남도광양시치매안심센터,휴식공간,2021 희망모아 가족교실 (1반),2021-07-20,2021-08-31,15:00,16:00,4,내부인력,10,6,Y,N
전라남도광양시치매안심센터,휴식공간,2020년 희망모아 가족교실,2020-02-18,2020-12-23,14:00,16:00,7,내부인력,8,4,Y,Y
전라남도광양시치매안심센터,한국치매협회 치매가족지지프로그램,희망모아 가족교실 4,2019-10-30,2019-12-18,14:30,16:00,6,내부인력,1,4,Y,N
전라남도광양시치매안심센터,한국치매협회 치매가족지지프로그램,희망모아 가족교실 3,2019-07-01,2019-10-23,14:30,16:00,6,내부인력,8,4,Y,Y
전라남도광양시치매안심센터,한국치매협회 치매가족지지프로그램,희망모아 가족교실 2,2019-04-24,2019-06-19,14:00,15:30,6,내부인력,8,4,Y,Y
전라남도광양시치매안심센터,한국치매협회 치매가족지지프로그램,희망모아 가족교실 1,2019-02-27,2019-04-17,14:00,15:30,6,내부인력,8,4,Y,Y
전라남도광양시치매안심센터,한국치매협회 치매가족지지프로그램,치매가족교실,2018-05-10,2018-07-03,14:00,15:30,8,내부인력,8,7,Y,N
전라남도구례군치매안심센터,헤아림,곰돌이가족교실,2025-09-17,2025-11-19,14:00,15:30,5,내부인력,8,4,Y,N
전라남도구례군치매안심센터,헤아림,동행 가족교실,2025-05-21,2025-07-09,14:00,16:00,4,내부인력,8,4,N,N
전라남도구례군치매안심센터,헤아림,늘해랑 가족교실,2025-03-12,2025-04-30,14:00,16:00,5,내부인력,8,4,Y,Y
전라남도구례군치매안심센터,헤아림,반달곰가족교실,2024-11-06,2024-12-26,14:00,16:00,6,내부인력,8,4,N,N
전라남도구례군치매안심센터,헤아림,꿀벌가족교실,2024-08-28,2024-10-30,14:00,16:00,5,내부인력,8,4,Y,Y
전라남도구례군치매안심센터,헤아림,무지개 가족교실,2024-05-20,2024-07-10,14:00,16:30,5,내부인력,8,4,Y,Y
전라남도구례군치매안심센터,헤아림,한아름 가족교실,2024-02-28,2024-04-17,14:00,15:30,5,내부인력,8,4,Y,Y
전라남도구례군치매안심센터,헤아림,솔방울 가족교실,2023-11-01,2023-12-20,14:00,15:30,5,내부인력,8,4,Y,Y
전라남도구례군치매안심센터,헤아림,한여름 가족교실,2023-08-16,2023-10-11,14:00,15:30,5,내부인력,8,4,Y,Y
전라남도구례군치매안심센터,헤아림,진달래 가족교실,2023-05-10,2023-07-05,14:00,15:30,6,내부인력,8,4,Y,Y
전라남도구례군치매안심센터,헤아림,산수유 가족교실,2023-02-22,2023-04-19,14:00,16:00,4,내부인력,8,4,Y,Y
전라남도구례군치매안심센터,헤아림,힐링 가족교실,2023-02-22,2023-04-19,14:00,16:00,4,내부인력,8,4,Y,Y
전라남도구례군치매안심센터,헤아림,가을하늘 가족교실,2022-10-05,2022-11-23,14:00,15:30,4,내부인력,8,4,Y,Y
전라남도구례군치매안심센터,헤아림,가을 가족교실,2022-10-05,2022-11-23,14:00,15:30,4,내부인력,8,4,Y,Y
전라남도구례군치매안심센터,헤아림,여름가족교실,2022-07-20,2022-09-21,14:00,15:30,4,내부인력,8,4,Y,Y
전라남도구례군치매안심센터,헤아림,봄 봄 가족교실,2022-05-04,2022-06-29,14:00,15:30,4,내부인력,8,4,Y,Y
전라남도구례군치매안심센터,헤아림,초롱가족교실,2021-10-13,2021-12-08,14:00,15:00,4,내부인력,8,4,Y,Y
전라남도구례군치매안심센터,헤아림,마음 가족교실,2021-05-19,2021-07-07,14:00,16:00,5,내부인력,8,4,Y,Y
전라남도구례군치매안심센터,헤아림,즐거운 가족교실,2021-02-24,2021-04-14,14:00,15:00,5,내부인력,8,4,Y,Y
전라남도구례군치매안심센터,헤아림,공감 가족교실,2020-08-05,2020-09-23,14:00,16:00,5,내부인력,8,4,Y,Y
전라남도구례군치매안심센터,헤아림,소중한 가족교실,2020-06-03,2020-07-22,14:00,15:00,5,내부인력,8,4,Y,Y
전라남도구례군치매안심센터,헤아림,단비 가족교실,2019-10-02,2019-12-18,14:30,15:30,5,내부인력,9,4,Y,Y
전라남도구례군치매안심센터,헤아림,문척 안심교실,2019-08-08,2019-08-29,14:00,15:00,8,내부인력,8,4,Y,Y
전라남도구례군치매안심센터,헤아림,헤아림 나눔2,2019-07-10,2019-08-28,10:30,12:00,5,내부인력,8,4,Y,Y
전라남도구례군치매안심센터,헤아림,헤아림 나눔1,2019-07-10,2019-08-28,10:30,12:00,3,내부인력,8,4,Y,Y
전라남도구례군치매안심센터,헤아림,사랑교실,2019-04-24,2019-06-26,10:00,12:00,6,내부인력,9,4,Y,Y
전라남도구례군치매안심센터,헤아림,행복교실,2019-02-20,2019-04-17,10:00,12:00,8,내부인력,9,4,Y,Y
전라남도구례군치매안심센터,헤아림,헤아림,2018-06-27,2018-10-24,10:00,14:00,9,내부인력,9,4,Y,Y
전라남도나주시치매안심센터,일상의 회복,자기돌봄 프로그램(심화),2025-05-19,2025-05-28,09:30,11:30,5,내부인력,4,2,Y,N
전라남도나주시치매안심센터,헤아림,2025년 헤아림가족교실,2025-03-10,2025-05-12,09:30,11:30,5,내부인력,8,4,Y,Y
전라남도나주시치매안심센터,헤아림,헤아림가족교실2,2024-08-12,2024-10-21,16:00,17:00,4,내부인력,8,6,Y,Y
전라남도나주시치매안심센터,헤아림,헤아림 가족교실,2024-02-26,2024-04-01,15:30,16:30,4,내부인력,8,3,Y,Y
전라남도나주시치매안심센터,헤아림,헤아림 가족교실 2기,2023-09-04,2023-11-06,13:00,15:00,6,내부인력,8,4,Y,Y
전라남도나주시치매안심센터,기타,가치돌봄 가족교실 2기,2023-09-06,2023-10-25,14:00,16:00,15,내부인력,8,4,Y,Y
전라남도나주시치매안심센터,기타,단계별 치매환자 돌봄을 위한 가족프로그램(실험군),2023-05-03,2023-06-21,13:30,15:00,10,내부인력,8,6,N,Y
전라남도나주시치매안심센터,헤아림,단계별 치매환자 돌봄을 위한 가족프로그램(대조군),2023-05-01,2023-06-26,14:00,16:00,5,내부인력,8,6,N,Y
전라남도나주시치매안심센터,헤아림,마음나눔 가족교실,2022-08-17,2022-09-21,14:30,16:30,4,내부인력,11,3,Y,Y
전라남도나주시치매안심센터,헤아림,헤아림 가족교실,2022-07-04,2022-08-10,14:30,16:30,4,내부인력,12,3,Y,Y
전라남도나주시치매안심센터,헤아림,헤아림 가족교실,2021-07-12,2021-10-04,13:30,15:30,4,내부인력,13,3,Y,N
전라남도나주시치매안심센터,헤아림,일상의 회복 가족교실,2021-05-26,2021-07-14,02:00,04:00,4,내부인력,8,3,Y,N
전라남도나주시치매안심센터,헤아림,헤아림 가족교실,2021-05-24,2021-07-12,02:00,04:00,4,내부인력,8,3,Y,N
전라남도나주시치매안심센터,헤아림,헤아림 가족교실,2020-10-27,2020-11-19,14:00,16:00,8,내부인력,8,4,Y,Y
전라남도나주시치매안심센터,헤아림,돌봄나무 가족교실5반,2019-09-24,2019-10-17,13:00,15:00,15,내부인력,8,6,Y,Y
전라남도나주시치매안심센터,헤아림,돌봄나무 가족교실4반,2019-07-31,2019-08-30,14:00,16:00,20,내부인력,8,6,Y,Y
전라남도나주시치매안심센터,헤아림,돌봄나무 가족교실 3반,2019-05-30,2019-07-18,09:00,11:00,12,내부인력,8,6,Y,Y
전라남도나주시치매안심센터,헤아림,돌봄나무 가족교실 2반,2019-03-19,2019-04-23,14:00,16:00,5,내부인력,8,5,Y,Y
전라남도나주시치매안심센터,헤아림,돌봄나무 가족교실 1반,2019-03-18,2019-04-22,14:00,16:00,5,내부인력,8,5,Y,Y
전라남도나주시치매안심센터,휴식공간,나주시 치매환자가족교실,2018-02-12,2018-12-31,10:00,18:00,10,내부인력,4,1,Y,N
전라남도담양군치매안심센터,가치돌봄(집중),2025년 치매환자 가족교실 운영(가치돌봄),2025-09-19,2025-11-14,14:00,15:00,11,내부인력,8,4,N,N
전라남도담양군치매안심센터,헤아림,2025년 제1기 헤아림 가족교실,2025-05-14,2025-06-05,10:00,11:30,14,내부인력,2,4,Y,Y
전라남도담양군치매안심센터,헤아림,2024년 제3기 헤아림 가족교실,2024-10-04,2024-11-22,13:30,16:30,10,내부인력,1,5,N,Y
전라남도담양군치매안심센터,가치돌봄(기본),2024년 제2기 가치돌봄 가족교실,2024-05-17,2024-07-05,13:30,16:30,10,내부인력,8,4,N,Y
전라남도담양군치매안심센터,헤아림,2024년 제1기 헤아림 가족교실,2024-03-08,2024-04-26,13:30,13:30,6,내부인력,8,4,N,Y
전라남도담양군치매안심센터,헤아림,2023년 제3기 헤아림 가족교실,2023-10-31,2023-11-23,14:00,16:00,13,내부인력,8,4,Y,Y
전라남도담양군치매안심센터,기타,2023년 제 2기 가치돌봄 가족교실,2023-05-18,2023-07-06,14:00,16:00,5,내부인력,8,6,Y,Y
전라남도담양군치매안심센터,헤아림,2023년 제1기 헤아림 가족교실,2023-02-09,2023-04-06,13:00,16:00,10,내부인력,8,4,Y,Y
전라남도담양군치매안심센터,헤아림,2022년 제 4기 헤아림 가족교실,2022-06-15,2022-07-27,14:00,16:00,9,내부인력,7,4,Y,Y
전라남도담양군치매안심센터,헤아림,2022년 제 3기 헤아림 가족교실,2022-06-14,2022-07-26,10:00,12:00,8,내부인력,7,4,Y,Y
전라남도담양군치매안심센터,헤아림,2022년 제 1기 헤아림 가족교실,2022-05-17,2022-06-07,09:00,12:00,10,내부인력,8,4,Y,Y
전라남도담양군치매안심센터,헤아림,2022년 제 2기 헤아림 가족교실,2022-05-18,2022-06-08,13:00,16:00,5,내부인력,8,4,Y,Y
전라남도담양군치매안심센터,헤아림,2021년 제4기 헤아림 가족교실,2021-11-04,2021-11-18,13:00,17:00,10,내부인력,3,4,Y,Y
전라남도담양군치매안심센터,헤아림,2021년 제3기 헤아림 가족교실,2021-10-21,2021-11-04,13:00,17:00,10,내부인력,8,4,Y,Y
전라남도담양군치매안심센터,헤아림,2021년 제2기 헤아림 가족교실,2021-10-07,2021-11-03,13:00,16:00,15,내부인력,4,4,Y,Y
전라남도담양군치매안심센터,헤아림,2021년 제1기 헤아림 가족교실,2021-09-09,2021-10-28,13:00,17:00,20,내부인력,4,4,Y,Y
전라남도담양군치매안심센터,헤아림,2020년 제4기 헤아림 가족교실,2020-11-06,2020-11-27,13:00,16:30,10,내부인력,2,4,Y,Y
전라남도담양군치매안심센터,헤아림,2020년 제3기 헤아림 가족교실,2020-11-06,2020-11-27,09:00,12:00,10,내부인력,2,4,Y,Y
전라남도담양군치매안심센터,헤아림,다문화가족 치매공감프로젝트 헤아림 가족교실,2020-10-12,2020-10-29,09:00,17:00,16,내부인력,8,4,Y,Y
전라남도담양군치매안심센터,헤아림,2020년 제1기 헤아림 가족교실,2020-05-21,2020-09-30,09:00,12:00,8,내부인력,19,4,Y,N
전라남도담양군치매안심센터,헤아림,2019년 제8기 헤아림 가족교실,2019-08-26,2019-11-07,13:00,14:00,10,내부인력,8,4,Y,Y
전라남도담양군치매안심센터,헤아림,2019년 제7기 헤아림가족교실 운영,2019-08-12,2019-11-07,13:00,14:00,10,내부인력,8,4,Y,Y
전라남도담양군치매안심센터,헤아림,2019년 제6기 헤아림 가족교실 운영,2019-07-24,2019-10-02,13:00,14:00,10,내부인력,8,4,Y,Y
전라남도담양군치매안심센터,헤아림,2019년 제5기 헤아림 가족교실,2019-06-13,2019-08-08,13:00,14:00,4,내부인력,8,4,Y,Y
전라남도담양군치매안심센터,헤아림,2019년 제4기 헤아림 가족교실,2019-06-11,2019-07-30,13:00,14:00,10,내부인력,8,4,Y,Y
전라남도담양군치매안심센터,헤아림,2019년 제3기 헤아림 가족교실,2019-05-29,2019-07-17,13:00,14:00,10,내부인력,8,4,Y,Y
전라남도담양군치매안심센터,헤아림,2019년 제2기 헤아림 가족교실,2019-04-16,2019-06-04,13:00,14:00,7,내부인력,8,4,Y,Y
전라남도담양군치매안심센터,헤아림,2019년 제1기 헤아림 가족교실,2019-03-27,2019-05-15,14:00,15:00,10,내부인력,8,4,Y,Y
전라남도담양군치매안심센터,헤아림,제 2기 헤아림 가족교실,2018-09-21,2018-11-16,09:00,16:00,10,내부인력,8,6,Y,Y
전라남도담양군치매안심센터,헤아림,헤아림 가족교실,2018-05-11,2018-07-20,14:00,16:00,10,내부인력,8,6,Y,Y
전라남도목포시치매안심센터,헤아림,25년 헤아림 가족교실,2025-05-29,2025-06-26,09:00,11:00,5,내부인력,8,4,Y,Y
전라남도목포시치매안심센터,헤아림,2024 헤아림 가족교실,2024-09-24,2024-10-24,10:00,12:00,10,내부인력,8,4,Y,Y
전라남도목포시치매안심센터,헤아림,2023 헤아림 가족교실,2023-03-28,2023-05-16,14:00,15:00,9,내부인력,8,4,N,Y
전라남도목포시치매안심센터,헤아림,2022 헤아림 가족교실(목포시치매안심센터),2022-10-06,2022-10-28,14:00,15:00,8,내부인력,8,5,N,Y
전라남도목포시치매안심센터,헤아림,2022 헤아림 가족교실(목포이랜드노인복지관),2022-09-13,2022-10-05,15:00,16:00,3,내부인력,8,5,N,Y
전라남도목포시치매안심센터,헤아림,21헤아림 가족교실,2021-07-06,2021-09-15,11:00,12:00,6,내부인력,8,4,N,Y
전라남도목포시치매안심센터,기타,일상의 회복,2021-06-03,2021-11-29,14:00,16:00,2,내부인력,4,3,N,Y
전라남도목포시치매안심센터,헤아림,20 헤아림,2020-10-13,2020-11-05,13:00,14:00,6,내부인력,8,4,Y,Y
전라남도목포시치매안심센터,헤아림,19 헤아림 3-2,2019-09-04,2019-10-30,10:00,11:00,7,내부인력,8,6,Y,Y
전라남도목포시치매안심센터,헤아림,19 헤아림 3-1,2019-09-04,2019-10-30,09:00,10:00,6,내부인력,8,6,Y,Y
전라남도목포시치매안심센터,헤아림,19 헤아림 2기,2019-07-05,2019-08-02,10:00,11:00,10,내부인력,8,6,Y,N
전라남도목포시치매안심센터,헤아림,19' 치매안심마을 가족교실1,2019-06-14,2019-08-02,11:00,12:00,5,내부인력,8,6,Y,Y
전라남도목포시치매안심센터,헤아림,19' 치매안심마을가족교실1-1,2019-06-14,2019-08-02,10:00,11:00,5,내부인력,8,6,Y,Y
전라남도목포시치매안심센터,헤아림,헤아림2회기,2018-10-04,2018-11-22,10:00,12:00,11,내부인력,8,6,Y,Y
전라남도목포시치매안심센터,헤아림,헤아림,2018-06-29,2018-08-03,13:30,15:30,10,내부인력,6,6,Y,Y
전라남도무안군치매안심센터,헤아림,2025년 사랑으로 기억채움 '헤아림'가족교실&자조모임,2025-11-06,2025-12-22,14:00,16:00,7,내부인력,8,4,Y,N
전라남도무안군치매안심센터,헤아림,2024년 사랑으로 기억채움 가족교실&자조모임,2024-05-07,2024-05-28,13:30,17:30,7,내부인력,8,6,Y,Y
전라남도무안군치매안심센터,헤아림,2023년 사랑으로 기억채움 '헤아림'가족교실&자조모임,2023-02-08,2023-03-08,13:30,17:30,7,내부인력,8,4,Y,Y
전라남도무안군치매안심센터,헤아림,2022년 사랑으로 기억채움,2022-08-05,2022-08-26,14:00,17:00,6,내부인력,8,4,Y,Y
전라남도무안군치매안심센터,기타,2021년 헤아림.일상의 회복 가족교실 1반(일상의 회복 시범운영),2021-06-29,2021-07-20,13:00,17:00,10,내부인력,4,3,Y,Y
전라남도무안군치매안심센터,헤아림,2020년 헤아림 치매가족교실 1반,2020-01-28,2020-11-03,13:30,15:30,10,내부인력,41,4,Y,Y
전라남도무안군치매안심센터,헤아림,가족교실6반,2019-10-17,2019-12-05,09:30,11:30,4,내부인력,8,4,Y,Y
전라남도무안군치매안심센터,헤아림,가을반,2019-09-10,2019-10-29,09:30,11:30,7,내부인력,8,4,Y,Y
전라남도무안군치매안심센터,헤아림,여름반,2019-07-09,2019-08-27,09:30,11:30,7,내부인력,8,4,Y,Y
전라남도무안군치매안심센터,헤아림,수박,2019-06-13,2019-08-01,13:30,15:30,5,내부인력,8,4,Y,Y
전라남도무안군치매안심센터,헤아림,장미,2019-05-07,2019-06-25,09:30,11:30,7,내부인력,8,4,Y,Y
전라남도무안군치매안심센터,헤아림,봄,2019-03-12,2019-04-30,09:30,11:30,8,내부인력,8,4,Y,Y
전라남도보성군치매안심센터,헤아림,25년 치매가족 및 보호자 프로그램(헤아림/조성면 석부마을),2025-08-27,2025-09-18,13:30,15:30,14,내부인력,8,4,N,Y
전라남도보성군치매안심센터,헤아림,2024년 헤아림 가족교실(복내면),2024-06-10,2024-07-01,13:00,15:00,10,내부인력,8,4,N,Y
전라남도보성군치매안심센터,헤아림,2023년 헤아림 가족교실(안심마을-두슬마을 회관),2023-04-19,2023-05-17,13:00,15:00,10,내부인력,8,1,N,Y
전라남도보성군치매안심센터,헤아림,2023년 헤아림 가족교실(안심마을-능묵마을 회관),2023-03-15,2023-04-07,13:00,15:00,20,내부인력,8,1,N,Y
전라남도보성군치매안심센터,헤아림,2022년 헤아림 가족교실(안심마을 -호동마을 회관),2022-06-20,2022-07-14,10:00,11:00,20,내부인력,8,4,Y,Y
전라남도보성군치매안심센터,헤아림,2022년 헤아림 가족교실(안심마을 -택촌마을 회관),2022-06-20,2022-07-13,16:00,17:00,20,내부인력,8,4,Y,Y
전라남도보성군치매안심센터,기타,2021년 일상의 회복 시범운영,2021-06-23,2021-07-09,14:00,16:00,4,내부인력,6,3,Y,N
전라남도보성군치매안심센터,헤아림,2021 헤아림교실,2021-07-19,2021-08-09,14:00,16:00,4,내부인력,8,4,N,N
전라남도보성군치매안심센터,헤아림,2020 헤아림교실,2020-10-27,2020-11-05,13:00,16:00,10,내부인력,8,4,Y,Y
전라남도보성군치매안심센터,한국치매협회 치매가족지지프로그램,치매안심마을 가족교실(득량면),2020-10-22,2020-10-23,12:30,16:30,10,내부인력,2,2,Y,Y
전라남도보성군치매안심센터,헤아림,함께하는 희망이야기 5팀,2020-01-30,2020-09-30,10:00,12:00,4,내부인력,9,4,Y,N
전라남도보성군치매안심센터,헤아림,함께하는 희망이야기 4팀,2020-01-30,2020-09-30,10:00,12:00,5,내부인력,9,4,Y,N
전라남도보성군치매안심센터,헤아림,함께하는 희망이야기 3팀,2020-01-30,2020-09-30,10:00,12:00,5,내부인력,9,4,Y,N
전라남도보성군치매안심센터,헤아림,함께하는 희망이야기 2팀,2020-01-30,2020-09-30,10:00,12:00,5,내부인력,9,4,Y,N
전라남도보성군치매안심센터,헤아림,함께하는 희망이야기 1팀,2020-01-30,2020-09-30,10:00,12:00,5,내부인력,9,4,Y,N
전라남도보성군치매안심센터,헤아림,노동면 헤아림,2019-08-08,2019-09-05,14:00,16:00,5,내부인력,8,6,Y,Y
전라남도보성군치매안심센터,헤아림,헤아림1기-벌교읍B반,2019-02-21,2019-05-30,14:00,16:00,3,내부인력,8,4,Y,Y
전라남도보성군치매안심센터,헤아림,헤아림1기-벌교읍 A반,2019-02-21,2019-05-30,10:00,12:00,3,내부인력,8,4,Y,Y
전라남도보성군치매안심센터,헤아림,헤아림 1기-보성읍 B반,2019-02-19,2019-05-28,14:00,16:00,4,내부인력,8,4,Y,Y
전라남도보성군치매안심센터,헤아림,헤아림 1기-보성읍A반,2019-02-19,2019-05-28,10:00,12:00,3,내부인력,8,4,Y,Y
전라남도보성군치매안심센터,헤아림,가족튼튼 기억지킴이,2018-09-04,2018-10-16,10:00,13:00,10,내부인력,8,6,Y,Y
전라남도순천시치매안심센터,기타,2025 '기억해줘' 웰다잉 프로그램,2025-09-19,2025-11-28,14:00,16:00,12,외부인력,11,5,N,N
전라남도순천시치매안심센터,헤아림,2025년 헤아림 가족교실,2025-03-17,2025-05-12,13:30,15:30,8,내부인력,8,4,Y,Y
전라남도순천시치매안심센터,기타,2024 치매환자 가족 웰다잉 프로그램 개발,2024-09-24,2024-11-05,14:00,16:00,8,외부인력,6,4,N,Y
전라남도순천시치매안심센터,헤아림,2024 헤아림가족교실,2024-03-06,2024-05-22,13:30,15:30,10,내부인력,8,4,Y,Y
전라남도순천시치매안심센터,헤아림,2023년 헤아림 가족교실 2기,2023-06-13,2023-07-04,14:00,17:00,10,내부인력,8,4,Y,Y
전라남도순천시치매안심센터,헤아림,2023년 헤아림 가족교실 1기,2023-04-26,2023-05-17,14:00,17:00,10,내부인력,8,2,Y,Y
전라남도순천시치매안심센터,헤아림,치매를 알고 돌봄기술을 터득하는 헤아림 가족교실,2022-08-17,2022-10-19,13:30,15:30,10,내부인력,8,4,Y,Y
전라남도순천시치매안심센터,헤아림,치매를 알고 돌봄기술을 터득하는 헤아림 가족교실,2022-05-04,2022-06-29,00:00,00:00,10,내부인력,8,4,Y,Y
전라남도순천시치매안심센터,헤아림,치매를 알고 돌봄기술을 터득하는 헤아림 가족교실,2021-12-08,2022-04-27,13:30,15:30,10,내부인력,21,4,Y,Y
전라남도순천시치매안심센터,헤아림,"치매를 알고, 돌봄의 지혜를 배우는 '헤아림' 가족교실",2021-10-06,2021-11-24,13:30,13:30,10,내부인력,8,4,Y,Y
전라남도순천시치매안심센터,헤아림,"치매를 알고, 돌봄의 지혜를 배우는 '헤아림' 가족교실",2021-07-28,2021-09-15,14:00,16:00,5,내부인력,8,4,Y,Y
전라남도순천시치매안심센터,헤아림,"치매를 알고, 돌봄의 지혜를 배우는 '헤아림' 가족교실 치매안심마을 서면판교",2021-02-26,2021-04-16,10:00,16:00,5,내부인력,8,4,Y,Y
전라남도순천시치매안심센터,헤아림,"치매를 알고, 돌봄의 지혜를 배우는 '헤아림' 가족교실",2021-02-25,2021-04-15,10:00,16:00,5,내부인력,8,4,Y,Y
전라남도순천시치매안심센터,헤아림,"치매를 알고, 돌봄의 지혜를 배우는 '헤아림' 가족교실 치매안심마을 서면판교",2020-09-22,2020-10-22,14:00,16:00,3,내부인력,8,3,Y,Y
전라남도순천시치매안심센터,헤아림,"치매를 알고, 돌봄의 지혜를 배우는 '헤아림' 가족교실 치매안심마을 별량용두",2020-09-22,2020-10-22,10:00,12:00,3,내부인력,8,3,Y,Y
전라남도순천시치매안심센터,헤아림,"치매를 알고, 돌봄의 지혜를 배우는 '헤아림' 가족교실",2020-08-19,2020-11-18,14:00,16:00,5,내부인력,14,4,Y,Y
전라남도순천시치매안심센터,헤아림,"치매를 알고, 돌봄의 지혜를 배우는 '헤아림' 가족교실",2020-01-29,2020-11-18,10:00,12:00,11,내부인력,43,4,Y,Y
전라남도순천시치매안심센터,헤아림,"치매를 알고, 돌봄의 지혜를 배우는 '헤아림' 가족교실",2019-11-06,2019-12-24,14:00,16:00,10,내부인력,8,4,Y,Y
전라남도순천시치매안심센터,헤아림,"치매를 알고, 돌봄의 지혜를 배우는 '헤아림' 가족교실",2019-09-04,2019-10-30,14:00,16:00,10,내부인력,8,4,Y,Y
전라남도순천시치매안심센터,헤아림,"치매를 알고, 돌봄의 지혜를 배우는 '헤아림' 가족교실",2019-07-10,2019-08-28,14:30,16:30,10,내부인력,8,4,Y,Y
전라남도순천시치매안심센터,헤아림,"치매를 알고, 돌봄의 지혜를 배우는 '헤아림' 가족교실",2019-05-15,2019-07-03,14:30,16:30,10,내부인력,8,4,Y,Y
전라남도순천시치매안심센터,헤아림,"치매를 알고, 돌봄의 지혜를 배우는 '헤아림' 가족교실",2019-03-13,2019-05-08,14:30,16:30,10,내부인력,8,4,Y,Y
전라남도순천시치매안심센터,헤아림,"치매를 알고, 돌봄의 지혜를 배우는 '헤아림' 가족교실",2019-01-09,2019-03-06,14:30,16:30,10,내부인력,8,4,Y,Y
전라남도순천시치매안심센터,헤아림,"치매를 알고, 돌봄의 지혜를 배우는 '헤아림' 가족교실",2018-11-14,2019-01-02,14:30,16:30,10,내부인력,4,4,Y,Y
전라남도순천시치매안심센터,헤아림,"치매를 알고, 돌봄의 지혜를 배우는 '헤아림' 가족교실",2018-09-05,2018-11-07,14:00,16:00,10,내부인력,8,4,Y,Y
전라남도순천시치매안심센터,헤아림,"치매를 알고, 돌봄의 지혜를 배우는 '헤아림' 가족교실",2018-07-04,2018-08-29,14:30,16:30,10,내부인력,8,6,Y,Y
전라남도순천시치매안심센터,헤아림,"치매를 알고, 돌봄의 지혜를 배우는 '헤아림' 가족교실",2018-04-18,2018-06-20,14:30,16:30,10,내부인력,8,6,Y,Y
전라남도신안군치매안심센터,헤아림,2025 안좌면 향목리 경로당 헤아림 가족 프로그램,2025-09-15,2025-09-23,13:00,15:00,5,내부인력,4,3,N,Y
전라남도신안군치매안심센터,헤아림,2025 암태분소 프로그램 걱정내림행복오름,2025-09-03,2025-09-26,13:20,15:20,6,내부인력,4,3,N,Y
전라남도신안군치매안심센터,헤아림,2025 팔금면 치매안심마을 걱정내림 행복오름,2025-07-03,2025-07-30,13:00,15:00,5,내부인력,4,3,N,Y
전라남도신안군치매안심센터,헤아림,2025 증도면 치매안심마을 걱정내림 행복오름,2025-04-07,2025-04-29,13:00,15:00,4,내부인력,4,3,N,Y
전라남도신안군치매안심센터,헤아림,2025년 암태면 도창리 힐링가족교실,2025-03-07,2025-04-11,13:00,15:00,6,내부인력,4,3,N,Y
전라남도신안군치매안심센터,헤아림,2024 암태면 분소 헤아림 가족 프로그램,2024-07-04,2024-07-30,13:00,16:00,6,내부인력,8,8,N,Y
전라남도신안군치매안심센터,헤아림,2024 자은면 대율리 경로당 헤아림 가족 프로그램,2024-05-02,2024-05-31,14:00,16:00,4,내부인력,8,8,N,Y
전라남도신안군치매안심센터,헤아림,2024 안좌면 향목리 경로당 헤아림 가족 프로그램,2024-04-01,2024-04-29,13:00,15:00,5,내부인력,8,8,Y,Y
전라남도신안군치매안심센터,헤아림,2024년 증도면 치매안심마을 힐링가족교실,2024-03-19,2024-03-28,13:00,15:00,5,내부인력,8,7,N,Y
전라남도신안군치매안심센터,헤아림,찾아가는 분소 힐링가족교실(도창마을),2024-03-04,2024-03-15,13:00,15:00,5,내부인력,8,6,N,Y
전라남도신안군치매안심센터,헤아림,2023년 암태면 도창리 경로당 헤아림 가족힐링프로그램,2023-05-23,2023-06-20,14:00,15:10,5,내부인력,8,7,N,Y
전라남도신안군치매안심센터,헤아림,2023년 안좌면 향목 헤아림 가족힐링프로그램,2023-03-20,2023-04-05,13:00,14:20,5,내부인력,8,7,N,Y
전라남도신안군치매안심센터,헤아림,2023년 팔금면 헤아림 가족힐링프로그램,2023-04-07,2023-04-27,13:00,14:30,5,내부인력,7,6,N,Y
전라남도신안군치매안심센터,헤아림,2023년 증도면 헤아림 가족힐링프로그램,2023-03-07,2023-03-30,13:00,14:30,5,내부인력,8,6,N,Y
전라남도신안군치매안심센터,헤아림,암태면 분소 헤아림 가족 프로그램,2022-08-01,2022-08-26,15:00,16:00,10,내부인력,8,5,N,Y
전라남도신안군치매안심센터,헤아림,증도면 치매안심마을 헤아림 가족 프로그램,2022-09-01,2022-10-06,13:00,13:30,5,내부인력,8,5,N,Y
전라남도신안군치매안심센터,헤아림,팔금면 이목리 치매안심마을 헤아림 가족 프로그램,2022-06-29,2022-07-12,13:00,15:00,4,내부인력,8,5,N,Y
전라남도신안군치매안심센터,헤아림,안좌면 향목리 경로당 헤아림 가족 프로그램,2022-06-23,2022-07-18,13:00,15:00,8,내부인력,8,5,Y,Y
전라남도신안군치매안심센터,헤아림,2021년 행복오름 걱정내림(치매안심센터),2021-04-07,2021-04-22,13:00,14:00,4,내부인력,8,5,Y,Y
전라남도신안군치매안심센터,헤아림,행복오름 걱정내림 (치매안심센터),2020-06-23,2020-07-09,14:00,17:00,5,내부인력,9,5,Y,Y
전라남도신안군치매안심센터,헤아림,행복오름 걱정내림 (암태면),2020-06-15,2020-07-02,14:00,17:00,5,내부인력,9,6,Y,Y
전라남도신안군치매안심센터,헤아림,행복오름 걱정내림 (구황2리),2019-09-19,2019-11-14,14:00,16:00,10,내부인력,8,5,Y,Y
전라남도신안군치매안심센터,헤아림,행복오름 걱정내림 (팔금면 치매안심마을),2019-06-27,2019-08-22,13:00,15:00,10,내부인력,8,5,Y,Y
전라남도신안군치매안심센터,헤아림,행복오름 걱정내림 (압해도),2019-09-03,2019-10-22,14:00,16:00,4,내부인력,8,4,Y,Y
전라남도신안군치매안심센터,헤아림,2019 상반기 치매가족 헤아림 걱정내림 행복오름 (암태면),2019-05-13,2019-07-08,13:00,15:00,10,내부인력,8,5,Y,Y
전라남도신안군치매안심센터,헤아림,2019 상반기 치매가족 헤아림 걱정내림 행복오름 (팔금면),2019-05-13,2019-07-08,15:00,17:00,10,내부인력,8,5,Y,Y
전라남도신안군치매안심센터,헤아림,행복오름 걱정내림 - 압해읍(하),2018-10-02,2018-11-27,13:30,15:00,20,내부인력,8,6,Y,N
전라남도신안군치매안심센터,헤아림,헤아림 치매가족교실,2018-05-03,2018-06-28,13:30,15:30,10,내부인력,8,6,Y,Y
전라남도여수시치매안심센터,헤아림,2025년 치매공감 가족교실 6기,2025-09-18,2025-11-13,14:00,16:00,8,내부인력,8,4,N,N
전라남도여수시치매안심센터,헤아림,2025년 치매공감 가족교실 5기,2025-09-16,2025-11-11,14:00,16:00,8,내부인력,8,4,N,N
전라남도여수시치매안심센터,헤아림,2025년 치매공감 가족교실 4기,2025-05-29,2025-07-17,14:00,16:00,8,내부인력,8,4,N,Y
전라남도여수시치매안심센터,헤아림,2025년 치매공감 가족교실 3기,2025-05-27,2025-07-15,14:00,16:00,8,내부인력,8,4,N,Y
전라남도여수시치매안심센터,헤아림,2025년 치매공감 가족교실 2기,2025-03-06,2025-04-24,14:00,16:00,8,내부인력,8,4,N,Y
전라남도여수시치매안심센터,헤아림,2025년 치매공감 가족교실 1기,2025-03-04,2025-04-22,14:00,16:00,8,내부인력,8,4,N,Y
전라남도여수시치매안심센터,헤아림,2024년 치매공감 가족교실 6기,2024-09-04,2024-10-30,14:00,16:00,8,내부인력,8,4,N,Y
전라남도여수시치매안심센터,헤아림,2024년 치매공감 가족교실 5기,2024-09-03,2024-10-29,14:00,16:00,8,내부인력,8,4,N,Y
전라남도여수시치매안심센터,헤아림,2024년 치매공감 가족교실 2기,2024-03-07,2024-05-09,14:00,16:00,8,내부인력,8,4,N,Y
전라남도여수시치매안심센터,헤아림,2024년 치매공감 가족교실 1기,2024-03-06,2024-05-08,14:00,16:00,8,내부인력,8,4,N,Y
전라남도여수시치매안심센터,헤아림,2024년 치매공감 가족교실 4기,2024-06-05,2024-07-24,14:00,16:00,8,내부인력,8,4,N,Y
전라남도여수시치매안심센터,헤아림,2024년 치매공감 가족교실 3기,2024-06-04,2024-07-25,14:00,16:00,8,내부인력,8,4,N,Y
전라남도여수시치매안심센터,헤아림,2023년 치매공감 가족교실 6기,2023-09-20,2023-11-15,14:00,14:20,8,내부인력,8,4,N,N
전라남도여수시치매안심센터,헤아림,2023년 치매공감 가족교실 5기,2023-09-19,2023-11-14,14:00,15:20,8,내부인력,8,4,N,N
전라남도여수시치매안심센터,헤아림,2023년 치매공감 가족교실 4기,2023-06-14,2023-08-02,14:00,15:20,8,내부인력,8,6,N,Y
전라남도여수시치매안심센터,기타,단계별 치매환자 돌봄을 위한 가족 프로그램(실험군),2023-06-13,2023-08-01,14:00,15:30,8,내부인력,8,6,N,N
전라남도여수시치매안심센터,헤아림,2023년 치매공감 가족교실 2기,2023-03-08,2023-04-26,14:00,15:20,8,내부인력,8,4,N,Y
전라남도여수시치매안심센터,헤아림,2023년 치매공감 가족교실 1기,2023-03-07,2023-04-25,14:00,15:20,8,내부인력,8,4,N,Y
전라남도여수시치매안심센터,헤아림,2022 치매공감 가족교실 6기,2022-10-12,2022-11-30,14:00,15:20,8,내부인력,8,4,N,Y
전라남도여수시치매안심센터,헤아림,2022 치매공감 가족교실 5기,2022-10-11,2022-11-29,14:00,15:20,8,내부인력,8,4,N,Y
전라남도여수시치매안심센터,헤아림,2022 치매공감 가족교실 4기,2022-08-03,2022-09-21,14:00,15:20,8,내부인력,8,4,N,Y
전라남도여수시치매안심센터,헤아림,2022 치매공감 가족교실 3기,2022-07-26,2022-09-13,14:00,15:20,8,내부인력,8,4,N,Y
전라남도여수시치매안심센터,헤아림,2022치매공감 가족교실2기,2022-05-04,2022-06-29,14:00,15:30,8,내부인력,8,4,Y,Y
전라남도여수시치매안심센터,헤아림,2022치매공감 가족교실1기,2022-05-03,2022-06-28,14:00,15:30,8,내부인력,8,4,Y,Y
전라남도여수시치매안심센터,헤아림,2021치매공감 가족교실 6기,2021-09-29,2021-11-18,14:00,15:20,10,내부인력,8,4,Y,Y
전라남도여수시치매안심센터,헤아림,2021치매공감 가족교실 5기,2021-09-28,2021-11-16,02:00,03:20,10,내부인력,8,4,Y,Y
전라남도여수시치매안심센터,헤아림,2021 치매공감 가족교실 4기,2021-06-02,2021-07-21,14:00,15:20,10,내부인력,8,4,Y,Y
전라남도여수시치매안심센터,헤아림,2021치매공감 가족교실 3기,2021-06-01,2021-07-20,14:00,15:20,10,내부인력,8,4,Y,Y
전라남도여수시치매안심센터,헤아림,2021치매공감 가족교실 2기,2021-03-04,2021-04-22,14:00,15:30,10,내부인력,8,4,Y,Y
전라남도여수시치매안심센터,헤아림,2021치매공감 가족교실 1기,2021-03-02,2021-04-20,14:00,15:30,10,내부인력,8,4,Y,Y
전라남도여수시치매안심센터,헤아림,2020치매공감 가족교실 4기,2020-10-08,2020-10-15,14:00,15:20,10,내부인력,2,2,Y,Y
전라남도여수시치매안심센터,헤아림,2020치매공감 가족교실 3기,2020-10-08,2020-10-15,10:00,11:20,10,내부인력,2,2,Y,Y
전라남도여수시치매안심센터,헤아림,2020 치매공감 가족교실 2기,2020-06-18,2020-08-20,14:00,15:30,10,내부인력,8,4,Y,Y
전라남도여수시치매안심센터,헤아림,2020 치매공감 가족교실 1기,2020-06-17,2020-08-19,10:00,11:30,10,내부인력,8,4,Y,Y
전라남도여수시치매안심센터,헤아림,치매공감 가족교실 5기,2019-09-17,2019-10-15,13:00,14:30,10,내부인력,8,5,Y,Y
전라남도여수시치매안심센터,헤아림,치매공감 가족교실 4기,2019-07-09,2019-08-27,09:00,10:30,9,내부인력,8,5,Y,Y
전라남도여수시치매안심센터,헤아림,치매공감 가족교실 3기,2019-07-04,2019-08-29,13:00,14:30,10,내부인력,8,5,Y,Y
전라남도여수시치매안심센터,헤아림,치매공감 가족교실 2기,2019-02-14,2019-04-04,14:00,16:00,8,내부인력,8,3,Y,Y
전라남도여수시치매안심센터,헤아림,치매공감 가족교실 1기,2019-02-14,2019-04-04,10:00,12:00,4,내부인력,8,4,Y,Y
전라남도여수시치매안심센터,헤아림,치(매와)통(하는)소통 가족교실 3기,2018-07-23,2018-09-10,09:30,17:30,10,내부인력,8,4,Y,Y
전라남도여수시치매안심센터,헤아림,치(매와)통(하는)소통 가족교실 1기,2018-02-19,2018-04-23,14:00,16:00,10,내부인력,8,4,Y,Y
전라남도여수시치매안심센터,헤아림,치(매와)통(하는)소통 가족교실 2기,2018-05-21,2018-07-09,14:00,16:00,10,내부인력,8,4,Y,Y
전라남도영광군치매안심센터,헤아림,2025년 제7기 가족교실 (군남분소),2025-09-04,2025-09-30,13:30,16:30,5,내부인력,8,8,Y,Y
전라남도영광군치매안심센터,헤아림,2025년 제5기 가족교실,2025-07-03,2025-07-29,13:30,16:30,5,내부인력,8,1,Y,Y
전라남도영광군치매안심센터,헤아림,2025년 제4기 가족교실,2025-06-02,2025-06-25,13:30,16:30,10,내부인력,8,1,Y,Y
전라남도영광군치매안심센터,헤아림,2025년 제3기 가족교실,2025-04-03,2025-04-29,13:30,16:30,10,내부인력,8,1,Y,Y
전라남도영광군치매안심센터,헤아림,2025년 제2기 가족교실 (군남분소),2025-03-04,2025-03-27,13:30,16:30,20,내부인력,8,1,Y,Y
전라남도영광군치매안심센터,헤아림,2025년 제1기 가족교실,2025-02-04,2025-02-27,13:30,16:30,10,내부인력,8,1,Y,Y
전라남도영광군치매안심센터,기타,2024년 제11기 가족교실 치매야 가거라(군남분소),2024-11-05,2024-11-26,13:00,15:00,20,내부인력,8,1,Y,Y
전라남도영광군치매안심센터,헤아림,2024년 치매야가거라 가족교실 10기,2024-10-08,2024-10-31,13:00,16:00,20,내부인력,8,1,Y,Y
전라남도영광군치매안심센터,기타,2024년 제9기 가족교실 치매야 가거라 (군남분소),2024-09-05,2024-09-26,13:00,15:00,10,내부인력,8,1,Y,Y
전라남도영광군치매안심센터,헤아림,2024년 치매야가거라 가족교실 8기,2024-08-01,2024-08-29,13:00,16:00,10,내부인력,8,1,Y,Y
전라남도영광군치매안심센터,헤아림,2024년 치매야가거라 가족교실 7기,2024-07-04,2024-07-30,13:00,16:00,10,내부인력,8,1,Y,Y
전라남도영광군치매안심센터,헤아림,2024년 치매야가거라 가족교실 5기,2024-05-07,2024-05-30,13:00,16:00,10,내부인력,8,1,Y,Y
전라남도영광군치매안심센터,기타,2024년  치매야가거라 가족교실 6기 (군남분소),2024-06-04,2024-06-25,13:30,15:30,10,내부인력,8,1,Y,Y
전라남도영광군치매안심센터,헤아림,2024년 치매야가거라 가족교실 4기,2024-04-04,2024-04-30,13:30,16:30,10,내부인력,8,1,Y,Y
전라남도영광군치매안심센터,헤아림,2024년 치매야가거라 가족교실 3기,2024-03-05,2024-03-28,13:30,16:30,10,내부인력,8,1,Y,Y
전라남도영광군치매안심센터,헤아림,2024년 치매야가거라 가족교실 2기,2024-02-06,2024-02-29,13:00,15:00,10,내부인력,8,1,Y,Y
전라남도영광군치매안심센터,기타,2024년 치매야가거라 가족교실 1기,2024-01-09,2024-01-30,13:30,15:30,10,내부인력,8,1,Y,Y
전라남도영광군치매안심센터,헤아림,2023년 헤아림가족교실 9기,2023-11-02,2023-11-28,13:00,16:00,5,내부인력,8,1,Y,Y
전라남도영광군치매안심센터,헤아림,2023년 헤아림가족교실 8기,2023-10-05,2023-10-31,13:00,16:00,5,내부인력,8,1,Y,Y
전라남도영광군치매안심센터,헤아림,2023년 헤아림가족교실 7기,2023-08-31,2023-09-26,13:00,15:00,6,내부인력,8,1,Y,Y
전라남도영광군치매안심센터,헤아림,2023년 헤아림가족교실 6기,2023-08-01,2023-08-29,13:00,15:00,5,내부인력,8,1,Y,Y
전라남도영광군치매안심센터,헤아림,2023년 헤아림가족교실 5기,2023-07-04,2023-07-27,13:00,16:00,5,내부인력,8,1,Y,Y
전라남도영광군치매안심센터,헤아림,2023년 헤아림가족교실 4기,2023-06-01,2023-06-29,13:00,16:00,5,내부인력,8,4,Y,Y
전라남도영광군치매안심센터,헤아림,2023년 헤아림가족교실 3기,2023-05-02,2023-05-25,14:00,16:00,4,내부인력,8,1,Y,Y
전라남도영광군치매안심센터,헤아림,2023년 헤아림가족교실 2기,2023-04-04,2023-04-27,14:00,16:00,5,내부인력,8,1,Y,Y
전라남도영광군치매안심센터,헤아림,2023년 헤아림가족교실 1기,2023-03-07,2023-03-30,10:00,12:00,4,내부인력,8,1,Y,Y
전라남도영광군치매안심센터,헤아림,2022년 헤아림4기,2022-11-03,2022-11-16,13:00,15:00,8,외부인력,8,1,Y,N
전라남도영광군치매안심센터,헤아림,2022년도 헤아림3기,2022-10-20,2022-11-01,13:00,15:00,10,외부인력,8,5,Y,Y
전라남도영광군치매안심센터,헤아림,2022년도 헤아림 2기,2022-10-06,2022-10-14,13:00,15:00,5,외부인력,8,4,Y,Y
전라남도영광군치매안심센터,헤아림,2022년도 헤아림 가족교실,2022-07-11,2022-07-27,10:00,12:00,10,내부인력,8,4,Y,Y
전라남도영광군치매안심센터,헤아림,2021년 헤아림 가족교실 3기,2021-08-09,2021-08-27,13:30,17:30,4,내부인력,9,4,Y,Y
전라남도영광군치매안심센터,헤아림,2021년 헤아림 가족교실 2기,2021-06-21,2021-06-30,13:30,14:50,4,내부인력,8,4,Y,Y
전라남도영광군치매안심센터,헤아림,2021년 헤아림 가족교실,2021-04-26,2021-05-10,15:00,17:00,5,내부인력,8,4,Y,Y
전라남도영광군치매안심센터,헤아림,2020년 헤아림 가족 교실 1기,2020-10-05,2020-10-14,10:00,11:20,5,내부인력,8,4,Y,Y
전라남도영광군치매안심센터,헤아림,2019년 헤아림 가족 교실 5기,2019-10-01,2019-10-29,10:00,11:30,4,내부인력,8,5,Y,Y
전라남도영광군치매안심센터,헤아림,2019년 헤아림 가족 교실 4기,2019-10-01,2019-10-29,13:00,14:30,4,내부인력,8,5,Y,Y
전라남도영광군치매안심센터,헤아림,2019년 헤아림 가족 교실 3기,2019-10-01,2019-10-29,10:00,11:30,4,내부인력,8,5,Y,Y
전라남도영광군치매안심센터,헤아림,2019년 헤아림 가족 교실 2기,2019-10-01,2019-10-29,14:00,15:30,4,내부인력,8,5,Y,Y
전라남도영광군치매안심센터,헤아림,2019년 헤아림 가족 교실 1기,2019-04-18,2019-06-13,14:00,16:00,12,내부인력,8,5,Y,Y
전라남도영암군치매안심센터,헤아림,2025년 헤아림 가족교실,2025-10-14,2025-12-02,13:00,15:00,10,내부인력,8,4,N,N
전라남도영암군치매안심센터,헤아림,2024년 헤아림 가족교실,2024-10-14,2024-11-04,09:00,11:00,7,내부인력,8,4,N,Y
전라남도영암군치매안심센터,헤아림,2023 헤아림 가족교실 삼호분소,2023-10-19,2023-11-15,13:00,15:00,4,내부인력,8,1,Y,N
전라남도영암군치매안심센터,헤아림,2023 헤아림 가족교실  본소 2기-B,2023-10-19,2023-11-15,13:00,15:00,4,내부인력,8,1,Y,N
전라남도영암군치매안심센터,헤아림,2023 헤아림 가족교실 본소 2기-A,2023-10-19,2023-11-15,13:00,15:00,4,내부인력,8,1,Y,N
전라남도영암군치매안심센터,헤아림,2023 헤아림 가족교실,2023-04-06,2023-04-27,13:00,15:00,7,내부인력,8,4,Y,Y
전라남도영암군치매안심센터,헤아림,2022 헤아림 가족교실,2022-05-16,2022-07-11,13:00,15:00,6,내부인력,8,4,Y,N
전라남도영암군치매안심센터,헤아림,2021헤아림 치매가족교실,2021-06-14,2021-06-24,09:00,11:00,10,내부인력,8,4,Y,Y
전라남도영암군치매안심센터,헤아림,2020 헤아림 가족 교실,2020-10-21,2020-11-25,09:00,11:00,5,내부인력,8,3,Y,N
전라남도영암군치매안심센터,한국치매협회 치매가족지지프로그램,도란도란,2019-07-01,2019-11-07,14:00,16:00,7,내부인력,30,3,Y,Y
전라남도영암군치매안심센터,헤아림,헤아림,2019-04-29,2019-06-05,14:00,16:00,7,내부인력,10,3,Y,Y
전라남도완도군치매안심센터,일상의 회복,"일상의 회복, 가치돌봄",2025-09-02,2025-09-23,14:00,15:00,15,내부인력,4,3,N,Y
전라남도완도군치매안심센터,헤아림,2025년 제4호 우수치매안심마을 (고금가교리) 가족교실,2025-06-04,2025-07-23,14:00,15:30,5,내부인력,8,6,Y,Y
전라남도완도군치매안심센터,헤아림,2025년 제1기 한울타리 가족교실,2025-03-18,2025-05-20,14:00,16:00,8,내부인력,8,4,Y,N
전라남도완도군치매안심센터,헤아림,2025년 찾아가는 가족교실(금일읍),2025-02-26,2025-04-16,15:00,16:00,5,내부인력,8,4,N,Y
전라남도완도군치매안심센터,헤아림,2024년 한울타리 가족교실 4기,2024-10-02,2024-11-27,13:00,16:00,10,내부인력,8,6,N,Y
전라남도완도군치매안심센터,헤아림,찾아가는 치매 가족교실,2024-07-08,2024-08-19,14:00,16:00,5,내부인력,7,6,N,Y
전라남도완도군치매안심센터,헤아림,2024년 한울타리 가족교실 3기,2024-07-04,2024-08-22,14:00,16:00,10,내부인력,8,6,N,Y
전라남도완도군치매안심센터,헤아림,2024년 한울타리 가족교실 2기,2024-06-12,2024-09-18,14:00,17:00,10,내부인력,8,6,Y,Y
전라남도완도군치매안심센터,헤아림,2024년 치매가족교실 '한울타리',2024-02-15,2024-04-04,13:00,16:00,10,내부인력,8,6,N,Y
전라남도완도군치매안심센터,헤아림,한울타리 가족교실 2기,2023-11-16,2023-12-12,13:00,16:00,10,내부인력,8,6,N,Y
전라남도완도군치매안심센터,헤아림,한울타리 가족교실,2023-09-06,2023-11-02,14:00,16:00,10,내부인력,8,4,Y,Y
전라남도완도군치매안심센터,헤아림,"가족교실 ""한울타리""",2022-06-27,2022-08-22,13:30,15:30,4,내부인력,8,5,Y,Y
전라남도완도군치매안심센터,헤아림,2021 치매가족교실 한울타리(하반기),2021-11-10,2021-12-01,13:30,15:30,5,내부인력,8,7,Y,Y
전라남도완도군치매안심센터,헤아림,2021 치매가족교실 한울타리,2021-03-24,2021-05-26,10:00,11:30,4,내부인력,8,7,Y,Y
전라남도완도군치매안심센터,헤아림,2020년 치매가족교실 한울타리,2020-10-19,2020-12-08,14:00,17:00,5,내부인력,8,8,Y,Y
전라남도완도군치매안심센터,헤아림,2019 치매가족교실 한울타리 5기,2019-08-14,2019-10-30,09:00,12:00,4,내부인력,8,8,Y,Y
전라남도완도군치매안심센터,헤아림,2019 치매가족교실 한울타리(치매안심마을) 4기,2019-08-07,2019-09-25,14:00,17:00,4,내부인력,8,8,Y,Y
전라남도완도군치매안심센터,헤아림,2019 치매가족교실 한울타리 3기,2019-06-21,2019-08-30,09:00,12:00,5,내부인력,10,8,Y,Y
전라남도완도군치매안심센터,헤아림,2019 치매가족교실 한울타리 2기,2019-04-29,2019-07-29,09:00,12:00,4,내부인력,10,8,Y,Y
전라남도완도군치매안심센터,헤아림,2019 치매가족교실 한울타리 1기,2019-02-18,2019-04-22,09:00,12:00,4,내부인력,10,8,Y,Y
전라남도완도군치매안심센터,헤아림,치매가족교실 한울타리,2018-07-10,2018-09-18,09:30,11:30,2,내부인력,12,8,Y,Y
전라남도장성군치매안심센터,헤아림,2025년 가족교실,2025-08-05,2025-08-28,14:00,17:00,20,내부인력,8,2,Y,Y
전라남도장성군치매안심센터,헤아림,2024 헤아림가족교실,2024-08-07,2024-08-30,14:00,17:00,12,내부인력,8,2,Y,Y
전라남도장성군치매안심센터,헤아림,2023 헤아림가족교실(2),2023-11-07,2023-11-30,13:30,17:30,15,내부인력,8,2,Y,Y
전라남도장성군치매안심센터,헤아림,2023 헤아림가족교실,2023-07-05,2023-07-28,14:00,17:00,10,내부인력,8,4,Y,Y
전라남도장성군치매안심센터,헤아림,2022 헤아림 가족교실,2022-09-01,2022-11-08,14:00,16:00,4,내부인력,8,4,Y,Y
전라남도장성군치매안심센터,헤아림,2021 헤아림 가족교실,2021-03-30,2021-05-27,10:00,11:00,5,내부인력,9,7,N,Y
전라남도장성군치매안심센터,헤아림,2020 헤아림 가족교실,2020-11-03,2020-11-20,11:00,12:00,4,내부인력,8,4,N,Y
전라남도장성군치매안심센터,헤아림,헤아림 치매가족교실,2019-06-13,2019-10-24,14:00,15:00,6,내부인력,8,8,Y,Y
전라남도장성군치매안심센터,헤아림,「권역별 치매안심마을 :삼서면 화해경로당」 헤아림 치매가족교실,2019-06-13,2019-10-24,15:30,16:30,4,내부인력,8,8,Y,Y
전라남도장성군치매안심센터,헤아림,「권역별 치매안심마을 :북일면 원신흥경로당」 헤아림 치매가족교실,2019-06-05,2019-10-16,15:30,16:30,4,내부인력,8,8,Y,Y
전라남도장성군치매안심센터,헤아림,「권역별 치매안심마을 :장성읍 유탕경로당」헤아림 치매가족교실,2019-06-05,2019-10-16,15:30,16:30,5,내부인력,8,8,Y,Y
전라남도장성군치매안심센터,헤아림,「권역별 치매안심마을 :진원면 고산경로당」헤아림 치매가족교실,2019-06-04,2019-10-15,15:30,16:30,4,내부인력,8,8,Y,Y
전라남도장성군치매안심센터,헤아림,헤아림 가족교실,2018-10-10,2018-10-24,14:00,16:00,10,내부인력,8,5,Y,Y
전라남도장흥군치매안심센터,헤아림,헤아림 가족교실(안곡마을),2025-07-31,2025-09-02,14:00,16:00,10,내부인력,8,6,Y,Y
전라남도장흥군치매안심센터,헤아림,헤아림 가족교실 (대덕지소),2024-03-08,2024-04-26,16:00,17:00,10,내부인력,8,4,Y,Y
전라남도장흥군치매안심센터,헤아림,헤아림 가족교실 (관산지소),2024-03-06,2024-04-24,16:30,17:30,10,내부인력,8,4,Y,Y
전라남도장흥군치매안심센터,헤아림,헤아림 가족교실 (북부통합지소),2024-03-11,2024-04-29,16:00,17:00,10,내부인력,8,4,Y,Y
전라남도장흥군치매안심센터,헤아림,건강한 동행_원도,2023-11-09,2023-12-01,15:00,16:00,6,내부인력,8,4,N,Y
전라남도장흥군치매안심센터,헤아림,건강한 동행_향양,2023-11-06,2023-11-29,14:00,15:00,10,내부인력,8,4,N,Y
전라남도장흥군치매안심센터,헤아림,건강한 동행_영전2구,2023-10-31,2023-11-23,14:00,16:00,8,내부인력,8,4,N,Y
전라남도장흥군치매안심센터,헤아림,마음나누기,2022-10-12,2022-11-30,15:00,16:00,10,내부인력,8,4,Y,Y
전라남도장흥군치매안심센터,헤아림,2019 헤아림 치매가족교실 5기,2019-08-30,2019-10-25,11:00,12:00,4,내부인력,8,7,Y,Y
전라남도장흥군치매안심센터,헤아림,치매안심마을 거점쉼터-2019 헤아림 치매가족교실 4기,2019-08-26,2019-10-14,15:00,16:00,4,내부인력,8,7,Y,Y
전라남도장흥군치매안심센터,헤아림,2019 헤아림 치매가족교실 3기,2019-06-04,2019-07-02,14:00,15:00,5,내부인력,8,7,Y,Y
전라남도장흥군치매안심센터,헤아림,2019 헤아림 치매가족교실 2기,2019-05-24,2019-07-12,09:00,10:00,5,내부인력,8,7,Y,Y
전라남도장흥군치매안심센터,헤아림,2019 헤아림 치매가족교실 1기,2019-02-21,2019-04-11,10:00,12:00,6,내부인력,8,7,Y,Y
전라남도장흥군치매안심센터,헤아림,2018 헤아림 치매가족교실,2018-07-17,2018-09-11,15:00,16:00,5,내부인력,8,5,Y,Y
전라남도진도군치매안심센터,헤아림,함께 돌봄 가족교실4반,2025-10-13,2025-11-06,14:00,15:00,5,내부인력,8,4,N,N
전라남도진도군치매안심센터,헤아림,함께 돌봄 가족교실3반,2025-10-13,2025-11-06,10:00,11:00,4,내부인력,8,4,N,N
전라남도진도군치매안심센터,헤아림,함께돌봄 가족교실 2반,2025-06-09,2025-06-23,15:00,16:30,5,내부인력,7,4,N,Y
전라남도진도군치매안심센터,헤아림,함께돌봄 가족교실 1반,2025-06-09,2025-06-23,13:00,14:30,6,내부인력,7,4,N,Y
전라남도진도군치매안심센터,헤아림,2024년 헤아림 가족교실 3기  2반,2024-09-12,2024-10-31,10:00,11:00,8,내부인력,8,4,N,N
전라남도진도군치매안심센터,헤아림,2024년 헤아림 가족교실 3기 1반,2024-09-12,2024-10-31,15:00,16:00,10,내부인력,8,4,N,Y
전라남도진도군치매안심센터,헤아림,2024 헤아림 가족교실 2기,2024-05-28,2024-07-16,13:30,14:30,4,내부인력,8,4,N,Y
전라남도진도군치매안심센터,헤아림,2024년 헤아림 가족교실 1기,2024-04-02,2024-04-25,14:00,15:00,8,내부인력,8,4,N,Y
전라남도진도군치매안심센터,헤아림,2023 행복더하기,2023-04-18,2023-06-06,10:00,11:00,3,내부인력,8,4,N,Y
전라남도진도군치매안심센터,헤아림,2023 행복곱하기,2023-04-05,2023-05-24,10:00,11:00,5,내부인력,8,4,N,Y
전라남도진도군치매안심센터,헤아림,2022 행복나누기 3기,2022-09-16,2022-11-04,14:30,16:00,4,내부인력,8,4,N,Y
전라남도진도군치매안심센터,헤아림,2022 행복나누기 2기,2022-09-15,2022-11-03,14:30,16:00,4,내부인력,8,4,N,Y
전라남도진도군치매안심센터,헤아림,2022 행복나누기 1기,2022-09-14,2022-11-02,14:30,16:00,4,내부인력,8,4,N,Y
전라남도진도군치매안심센터,헤아림,2022 행복더하기,2022-09-13,2022-11-01,10:00,11:30,4,내부인력,8,4,N,Y
전라남도진도군치매안심센터,헤아림,2021 나눔3기,2021-05-07,2021-05-31,14:00,17:00,4,내부인력,8,5,Y,Y
전라남도진도군치매안심센터,헤아림,2021 나눔2기,2021-05-07,2021-05-31,09:30,12:00,5,내부인력,8,5,Y,Y
전라남도진도군치매안심센터,헤아림,2021 나눔1기,2021-05-06,2021-07-21,14:00,15:00,3,내부인력,8,5,Y,Y
전라남도진도군치매안심센터,헤아림,"치매안심마을""또바기1기""",2020-07-27,2020-10-27,15:00,16:00,5,내부인력,8,5,Y,N
전라남도진도군치매안심센터,헤아림,"치매안심마을 ""공감""",2019-07-11,2019-09-05,14:00,15:00,11,내부인력,8,4,Y,Y
전라남도진도군치매안심센터,헤아림,"치매안심마을""울타리""",2019-06-11,2019-08-27,14:00,15:00,10,내부인력,8,4,Y,Y
전라남도진도군치매안심센터,헤아림,동행,2019-05-09,2019-06-27,14:00,15:00,8,내부인력,8,4,Y,Y
전라남도진도군치매안심센터,헤아림,도란도란,2019-04-08,2019-05-27,14:00,15:00,8,내부인력,8,4,Y,Y
전라남도진도군치매안심센터,헤아림,헤아림 가족교실,2019-01-23,2019-03-20,14:00,15:00,15,내부인력,8,4,Y,Y
전라남도진도군치매안심센터,헤아림,헤아림 가족교실,2018-10-10,2018-12-31,15:00,16:00,15,내부인력,9,4,Y,Y
전라남도함평군치매안심센터,헤아림,2025년 돌보는 지혜 헤아림 가족교실,2025-08-05,2025-08-28,09:00,12:00,10,내부인력,8,6,Y,Y
전라남도함평군치매안심센터,가치돌봄(기본),2024 돌보는 지혜  『헤아림』 가족교실,2024-06-10,2024-07-04,09:00,12:00,6,내부인력,8,6,Y,Y
전라남도함평군치매안심센터,기타,단계별 치매환자 돌봄을 위한 가족프로그램(실험군),2023-06-20,2023-07-13,08:00,12:00,6,내부인력,8,8,Y,Y
전라남도함평군치매안심센터,헤아림,2022 돌보는 지혜 헤아림 가족교실,2022-09-05,2022-10-06,09:00,12:00,4,내부인력,8,6,N,Y
전라남도함평군치매안심센터,기타,2021년 일상의 회복 시범운영,2021-06-29,2021-07-08,09:00,12:00,4,내부인력,4,3,N,N
전라남도함평군치매안심센터,헤아림,"든든한 동반자 ""헤아림"" 가족교실",2021-06-29,2021-07-08,09:00,12:00,4,내부인력,8,4,N,Y
전라남도함평군치매안심센터,헤아림,"든든한 동반자 ""헤아림"" 가족교실-제 1기",2020-10-27,2020-11-20,15:00,17:30,10,내부인력,4,4,Y,Y
전라남도함평군치매안심센터,헤아림,행복한 동행 「헤아림」 가족교실 - 2019년 4기(금요반),2019-09-06,2019-10-04,13:00,17:00,10,내부인력,4,3,Y,Y
전라남도함평군치매안심센터,헤아림,행복한 동행 「헤아림」 가족교실 - 2019년 3기(수요반),2019-09-04,2019-10-02,13:00,17:00,10,내부인력,4,3,Y,Y
전라남도함평군치매안심센터,헤아림,행복한 어울림 힐링 가족교실,2019-07-12,2019-09-06,13:30,16:20,20,내부인력,8,4,Y,Y
전라남도함평군치매안심센터,헤아림,행복한 동행 치매가족『헤아림』교실-2019년 2기(오후반),2019-05-29,2019-06-21,14:00,16:00,10,내부인력,8,4,Y,Y
전라남도함평군치매안심센터,헤아림,행복한 동행 치매가족『헤아림』교실-2019년 1기(오전반),2019-05-29,2019-06-21,10:00,12:00,10,내부인력,8,4,Y,Y
전라남도함평군치매안심센터,헤아림,행복한 동행 「헤아림」 가족교실,2018-11-29,2018-12-20,14:00,16:00,20,내부인력,4,3,Y,N
전라남도함평군치매안심센터,헤아림,다가가는 '세잎클로버' 치매가족교실,2018-04-13,2018-06-15,14:00,15:00,30,내부인력,10,1,Y,N
전라남도해남군치매안심센터,헤아림,2025년따뜻한 동행‘헤아림’가족교실,2025-07-09,2025-07-30,14:00,16:00,13,내부인력,8,4,Y,Y
전라남도해남군치매안심센터,헤아림,2024년 제2기 헤아림 가족교실,2024-04-03,2024-06-28,10:00,11:00,2,내부인력,16,4,Y,N
전라남도해남군치매안심센터,헤아림,2024년 제3기 헤아림 가족교실,2024-08-20,2024-09-10,14:00,16:00,5,내부인력,8,4,Y,Y
전라남도해남군치매안심센터,헤아림,2024년 제1기 헤아림 가족교실,2024-03-06,2024-04-26,10:00,11:00,8,내부인력,16,4,Y,Y
전라남도해남군치매안심센터,헤아림,2023년제4기헤아림가족교실,2023-10-06,2023-11-29,09:00,12:00,10,내부인력,16,4,Y,Y
전라남도해남군치매안심센터,헤아림,2023년제3기헤아림가족교실,2023-08-04,2023-09-27,09:00,11:00,10,내부인력,16,4,Y,N
전라남도해남군치매안심센터,헤아림,2023년제2기헤아림가족교실,2023-05-19,2023-07-12,09:00,11:00,10,내부인력,16,4,Y,Y
전라남도해남군치매안심센터,헤아림,2023년제1기헤아림가족교실,2023-03-08,2023-04-28,09:00,11:00,10,내부인력,16,4,Y,Y
전라남도해남군치매안심센터,헤아림,제3기 기억키움 치매환자가족교실,2022-07-18,2022-09-14,09:00,11:00,10,내부인력,16,4,Y,Y
전라남도해남군치매안심센터,헤아림,제2기 기억 키움 치매환자 가족교실,2022-05-02,2022-06-29,09:00,11:00,10,내부인력,16,4,Y,Y
전라남도해남군치매안심센터,헤아림,가족교실-다정다감,2021-04-19,2021-07-13,09:00,11:00,10,내부인력,26,4,Y,Y
전라남도해남군치매안심센터,헤아림,헤아림 가족교실,2020-11-02,2020-11-18,14:00,15:00,3,내부인력,8,4,Y,Y
전라남도해남군치매안심센터,헤아림,'우리함께' 가족반 (오전),2020-06-01,2020-07-31,09:00,11:00,5,내부인력,2,8,Y,N
전라남도해남군치매안심센터,헤아림,2020년 가족교실-제1기(오후반),2020-02-03,2020-03-23,13:00,15:00,8,내부인력,8,5,Y,N
전라남도해남군치매안심센터,헤아림,2020년 가족교실-제1기(오전반),2020-02-03,2020-03-31,09:00,11:00,8,내부인력,9,5,Y,Y
전라남도해남군치매안심센터,헤아림,2019년 가족교실-제4기(오후반),2019-11-05,2019-12-31,13:30,15:30,10,내부인력,9,5,Y,Y
전라남도해남군치매안심센터,헤아림,2019년 가족교실-제4기(오전반),2019-11-04,2019-12-30,09:30,11:30,10,내부인력,9,5,Y,Y
전라남도해남군치매안심센터,헤아림,2019년 가족교실-제3기(오후반),2019-08-13,2019-10-29,13:30,15:30,8,내부인력,12,8,Y,Y
전라남도해남군치매안심센터,헤아림,2019년 가족교실-제3기(오전반),2019-08-12,2019-10-28,09:30,11:30,8,내부인력,12,8,Y,Y
전라남도해남군치매안심센터,한국치매협회 치매가족지지프로그램,2019년 가족교실-제2기(오전반),2019-05-13,2019-08-05,09:30,11:30,10,내부인력,13,5,Y,Y
전라남도해남군치매안심센터,한국치매협회 치매가족지지프로그램,2019년 가족교실-제2기(오후반),2019-05-07,2019-08-06,13:30,15:30,10,내부인력,13,7,Y,Y
전라남도해남군치매안심센터,헤아림,2019년 가족교실-제1기(오후반),2019-02-12,2019-04-30,13:30,15:30,8,내부인력,12,5,Y,Y
전라남도해남군치매안심센터,헤아림,2019년 가족교실-제1기(오전반),2019-02-11,2019-04-30,09:30,11:30,8,내부인력,12,5,Y,Y
전라남도해남군치매안심센터,헤아림,치매환자 가족교실,2019-02-11,2019-02-11,09:30,11:30,8,내부인력,8,5,Y,N
전라남도해남군치매안심센터,헤아림,동백꽃,2018-10-01,2018-11-19,10:00,12:00,10,내부인력,8,6,Y,Y
전라남도해남군치매안심센터,한국치매협회 치매가족지지프로그램,치매안심마을 환자 가족교실,2018-06-04,2018-09-14,10:00,12:00,15,내부인력,6,4,Y,Y
전라남도해남군치매안심센터,헤아림,동백꽃,2018-04-02,2018-05-31,10:00,11:00,15,내부인력,8,3,Y,Y
전라남도화순군치매안심센터,헤아림,2025년 치매가족프로그램 '헤아림'(4기),2025-06-09,2025-07-28,13:30,15:00,5,내부인력,8,4,N,Y
전라남도화순군치매안심센터,헤아림,2025년 치매가족프로그램 '헤아림'(3기),2025-06-04,2025-06-26,13:00,16:00,5,내부인력,8,4,N,Y
전라남도화순군치매안심센터,헤아림,2025년 치매가족프로그램 '헤아림'(1기),2025-04-07,2025-06-02,10:00,11:30,5,내부인력,8,5,N,Y
전라남도화순군치매안심센터,헤아림,2025년 치매가족프로그램 '헤아림'(2기),2025-04-07,2025-06-02,13:30,15:00,5,내부인력,8,5,N,Y
전라남도화순군치매안심센터,헤아림,2024년 치매가족프로그램 '헤아림'(3기),2024-06-25,2024-07-18,13:00,16:00,5,내부인력,8,4,Y,Y
전라남도화순군치매안심센터,헤아림,2024 초롱 초롱 숲마실(2기),2024-06-19,2024-07-19,13:00,15:00,5,내부인력,8,4,Y,Y
전라남도화순군치매안심센터,헤아림,2024 초롱 초롱 숲마실 (1기),2024-04-09,2024-05-09,13:00,16:00,5,내부인력,8,4,Y,Y
전라남도화순군치매안심센터,헤아림,2023년 치매가족프로그램 '헤아림'(3기),2023-10-18,2023-11-22,14:30,16:30,5,내부인력,6,4,Y,N
전라남도화순군치매안심센터,헤아림,2023년 치매가족 프로그램 '헤아림'(2기),2023-05-09,2023-06-27,13:30,15:30,5,내부인력,8,5,N,Y
전라남도화순군치매안심센터,헤아림,2023년 치매가족 프로그램 '헤아림'(1기),2023-02-21,2023-04-11,13:30,15:30,5,내부인력,8,5,Y,N
전라남도화순군치매안심센터,헤아림,2022년 치매가족 프로그램 '헤아림'(3기),2022-09-22,2022-11-10,13:30,15:30,5,내부인력,8,5,Y,Y
전라남도화순군치매안심센터,헤아림,2022년 치매가족교실 헤아림 2기,2022-06-13,2022-08-08,14:00,16:00,8,내부인력,8,5,Y,Y
전라남도화순군치매안심센터,헤아림,2022년 치매가족교실 헤아림 1기,2022-05-24,2022-07-12,14:00,16:00,4,내부인력,8,5,Y,Y
전라남도화순군치매안심센터,헤아림,2021년 치매 가족교실 “헤아림”   2기,2021-05-24,2021-07-19,14:00,16:00,6,내부인력,8,5,Y,Y
전라남도화순군치매안심센터,헤아림,"2021년 치매 가족교실 ""헤아림"" 1기",2021-03-22,2021-05-10,14:00,16:00,5,내부인력,8,4,Y,Y
전라남도화순군치매안심센터,헤아림,"2020년 치매 가족교실 ""헤아림 "" 1기",2020-10-12,2020-11-04,14:00,16:00,4,내부인력,8,4,Y,Y
전라남도화순군치매안심센터,헤아림,2019년 치매 가족교실 헤아림 3기,2019-09-09,2019-10-28,14:00,16:00,4,내부인력,8,4,Y,Y
전라남도화순군치매안심센터,헤아림,2019년 치매가족교실 헤아림2기,2019-07-04,2019-09-05,14:00,16:00,5,내부인력,8,4,Y,Y
전라남도화순군치매안심센터,헤아림,2019년 가족교실 헤아림(1기),2019-05-02,2019-06-27,14:00,16:00,5,내부인력,8,4,Y,Y
전라남도화순군치매안심센터,헤아림,헤아림 가족교실(2기),2018-07-26,2018-11-01,14:30,16:30,20,내부인력,8,4,Y,N
전라남도화순군치매안심센터,헤아림,헤아림가족교실,2018-04-12,2018-05-31,14:00,16:00,7,내부인력,8,6,Y,N
경상북도경산시치매안심센터,헤아림,2025년 하반기 헤아림 가족교실,2025-07-23,2025-08-20,14:00,16:00,15,내부인력,8,4,Y,Y
경상북도경산시치매안심센터,헤아림,2025년 상반기 헤아림 가족교실,2025-02-20,2025-03-13,13:30,16:00,10,내부인력,8,4,N,Y
경상북도경산시치매안심센터,헤아림,2024년 하반기(2) 헤아림 가족교실,2024-10-10,2024-11-07,13:30,16:00,10,내부인력,8,4,N,Y
경상북도경산시치매안심센터,헤아림,2024년 하반기(1) 헤아림 가족교실,2024-08-22,2024-09-12,13:30,16:00,10,내부인력,8,4,N,Y
경상북도경산시치매안심센터,헤아림,2024년 상반기(2) 헤아림 가족교실,2024-04-18,2024-05-09,13:30,16:00,10,내부인력,8,4,N,Y
경상북도경산시치매안심센터,헤아림,2024년 상반기(1) 헤아림 가족교실,2024-02-29,2024-03-21,13:30,16:00,12,내부인력,8,4,N,Y
경상북도경산시치매안심센터,헤아림,2023년 하반기 헤아림 가족교실,2023-09-14,2023-11-09,13:30,15:30,12,내부인력,8,4,N,Y
경상북도경산시치매안심센터,헤아림,2023년 상반기 헤아림 가족교실 (남산면 하대1리 포함),2023-03-22,2023-05-10,14:00,16:00,10,내부인력,8,4,N,Y
경상북도경산시치매안심센터,헤아림,헤아림 가족교실,2022-10-25,2022-12-20,10:00,11:30,12,내부인력,8,4,N,Y
경상북도경산시치매안심센터,헤아림,헤아림가족교실2 (1:1가정방문),2022-06-13,2022-07-08,13:00,15:00,1,내부인력,8,4,Y,Y
경상북도경산시치매안심센터,헤아림,헤아림가족교실(1:1가정방문),2022-05-30,2022-06-30,09:30,11:30,5,내부인력,8,4,Y,Y
경상북도경산시치매안심센터,헤아림,울타리(하반기),2019-09-03,2019-10-22,10:00,12:00,15,내부인력,8,4,Y,Y
경상북도경산시치매안심센터,헤아림,울타리(상반기),2019-03-12,2019-04-30,10:00,12:00,12,내부인력,8,5,Y,Y
경상북도경산시치매안심센터,헤아림,가족사랑방 2기,2018-09-04,2018-11-06,10:00,12:00,11,내부인력,8,4,Y,Y
경상북도경산시치매안심센터,헤아림,가족사랑방,2018-03-06,2018-04-24,10:00,12:00,15,내부인력,8,4,Y,Y
경상북도경주시치매안심센터,가치돌봄(집중),2025년 '가치돌봄' 가족교실2기,2025-08-27,2025-10-22,10:00,12:00,7,내부인력,8,4,Y,Y
경상북도경주시치매안심센터,가치돌봄(집중),2025년 '가치돌봄' 가족교실1기,2025-03-12,2025-04-30,10:00,12:00,7,내부인력,8,4,Y,Y
경상북도경주시치매안심센터,가치돌봄(집중),2024년 '가치돌봄' 가족교실,2024-08-21,2024-10-23,10:00,12:00,8,내부인력,8,4,Y,Y
경상북도경주시치매안심센터,헤아림,2024년 헤아림 가족교실 1기,2024-04-24,2024-06-19,09:30,11:30,8,내부인력,8,4,Y,Y
경상북도경주시치매안심센터,헤아림,2023년 헤아림 가족교실 2기,2023-07-25,2023-09-19,10:00,12:00,6,내부인력,8,4,N,Y
경상북도경주시치매안심센터,헤아림,2023년 헤아림 가족교실 1기,2023-04-05,2023-05-24,13:30,15:30,6,내부인력,8,4,N,Y
경상북도경주시치매안심센터,헤아림,2022헤아림가족교실 2기,2022-09-02,2022-10-28,13:30,15:30,5,내부인력,8,4,N,Y
경상북도경주시치매안심센터,헤아림,2022 헤아림가족교실,2022-07-05,2022-08-30,13:30,15:30,7,내부인력,8,5,N,Y
경상북도경주시치매안심센터,헤아림,2021 온라인헤아림가족교실,2021-09-09,2021-11-04,14:00,16:00,10,내부인력,8,5,N,Y
경상북도경주시치매안심센터,헤아림,2021 헤아림 가족교실,2021-04-06,2021-05-25,14:00,16:00,5,내부인력,8,4,Y,Y
경상북도경주시치매안심센터,헤아림,두대보듬마을,2019-05-14,2019-07-09,14:00,16:00,3,내부인력,8,4,Y,Y
경상북도경주시치매안심센터,헤아림,희망나누리,2019-03-28,2019-06-19,14:00,16:00,6,내부인력,8,4,Y,Y
경상북도경주시치매안심센터,헤아림,경주시 치매가족교실,2018-06-07,2018-07-26,14:00,16:00,6,내부인력,8,4,Y,Y
경상북도고령군치매안심센터,헤아림,2025년 치매안심센터 「함께하는 헤아림 가족교실」,2025-07-08,2025-08-26,13:30,15:30,13,내부인력,8,5,N,Y
경상북도고령군치매안심센터,헤아림,"2025년 치매가족교실 "" 함께하는 돌봄 더 나은 내일 "" 다산단기쉼터",2025-06-16,2025-08-04,13:30,15:30,6,내부인력,8,4,N,Y
경상북도고령군치매안심센터,일상의 회복,"2024년 하반기 찾아가는 치매가족교실  『갑진년 값진 돌봄, 개진면, 일상의회복』",2024-09-02,2024-10-25,10:00,12:00,4,내부인력,4,3,N,Y
경상북도고령군치매안심센터,일상의 회복,"2024년 하반기 찾아가는 치매가족교실  『갑진년 값진 돌봄, 운수면, 일상의 회복』",2024-09-02,2024-10-25,13:00,15:00,5,내부인력,4,3,N,Y
경상북도고령군치매안심센터,일상의 회복,"2024년 하반기 찾아가는 치매가족교실  『갑진년 값진 돌봄, 우곡면, 일상의 회복』",2024-09-02,2024-10-26,09:00,11:00,5,내부인력,4,3,N,Y
경상북도고령군치매안심센터,일상의 회복,"2024년 하반기 찾아가는 치매가족교실  『갑진년 값진 돌봄, 덕곡면, 일상의 회복』",2024-09-02,2024-10-26,09:00,11:00,5,내부인력,4,3,N,Y
경상북도고령군치매안심센터,일상의 회복,"2024년 하반기 치매가족교실  『갑진년 값진 돌봄, 일상의회복』치매안심센터",2024-09-07,2024-10-05,09:30,11:30,7,내부인력,4,3,N,Y
경상북도고령군치매안심센터,헤아림,"2024년 치매가족교실 『갑진년 값진 돌봄』,  쌍림분소",2024-03-05,2024-04-02,13:30,15:30,3,내부인력,5,4,Y,Y
경상북도고령군치매안심센터,헤아림,"2024년 치매가족교실 『갑진년 값진 돌봄』,  성산분소",2024-03-06,2024-04-03,13:30,16:30,4,내부인력,5,4,Y,Y
경상북도고령군치매안심센터,헤아림,"2024년 치매가족교실 『갑진년 값진 돌봄』,  다산단기치매쉼터",2024-03-05,2024-04-05,13:30,15:30,6,내부인력,8,4,Y,Y
경상북도고령군치매안심센터,헤아림,"2024년 치매가족교실 『갑진년 값진 돌봄』,  치매안심센터",2024-03-07,2024-05-01,18:00,20:00,7,내부인력,8,4,Y,Y
경상북도고령군치매안심센터,헤아림,"2023년 찾아가는 치매가족 헤아림 교실 『지금, 만나러 갑니다』, 다산면",2023-10-04,2023-10-25,13:00,16:00,2,내부인력,5,4,N,Y
경상북도고령군치매안심센터,헤아림,"2023년 찾아가는 치매가족 헤아림 교실 『지금, 만나러 갑니다』,우곡면",2023-10-05,2023-10-24,13:00,16:00,2,내부인력,5,4,N,Y
경상북도고령군치매안심센터,헤아림,"2023년 찾아가는 치매가족 헤아림 교실 『지금, 만나러 갑니다』, 개진면",2023-10-04,2023-10-25,13:00,16:00,2,내부인력,5,4,N,Y
경상북도고령군치매안심센터,헤아림,"2023년 찾아가는 치매가족  헤아림 교실 『지금, 만나러 갑니다』, 성산면",2023-10-04,2023-10-25,13:00,16:00,2,내부인력,5,4,N,Y
경상북도고령군치매안심센터,헤아림,"2023년 찾아가는 치매가족 헤아림 교실 『지금, 만나러 갑니다』, 운수면",2023-10-04,2023-10-23,13:00,16:00,3,내부인력,5,4,N,Y
경상북도고령군치매안심센터,헤아림,"2023년 찾아가는 치매가족 헤아림 교실『지금, 만나러 갑니다』, 쌍림면",2023-10-04,2023-10-31,13:00,16:00,2,내부인력,5,4,N,Y
경상북도고령군치매안심센터,헤아림,"2023년 찾아가는 치매가족 헤아림 교실 『지금, 만나러 갑니다』, 덕곡면",2023-10-04,2023-10-31,13:00,16:00,2,내부인력,5,4,N,Y
경상북도고령군치매안심센터,헤아림,"2023년 찾아가는 치매가족 헤아림 교실 『지금, 만나러 갑니다』, 대가야읍",2023-10-04,2023-10-31,13:00,16:00,2,내부인력,5,4,N,Y
경상북도고령군치매안심센터,헤아림,"2023년 찾아가는 치매가족 헤아림 교실 『지금, 만나러 갑니다』, 치매안심센터",2023-10-06,2023-10-20,13:00,16:00,5,내부인력,5,4,Y,Y
경상북도고령군치매안심센터,헤아림,2023년 치매가족교실 '행복한 돌봄',2023-07-26,2023-09-13,10:00,12:00,9,내부인력,8,4,Y,Y
경상북도고령군치매안심센터,기타,2023년 단계별 치매환자 돌봄을 위한 가족프로그램[가치돌봄]_대조군,2023-06-01,2023-07-31,00:00,00:00,5,내부인력,2,2,N,Y
경상북도고령군치매안심센터,기타,2023년 단계별 치매환자 돌봄을 위한 가족프로그램[가치돌봄] 실험군,2023-06-07,2023-07-26,13:30,15:00,5,내부인력,8,6,Y,Y
경상북도고령군치매안심센터,기타,"2022년 가족교실 ""나누go 힐링하go""",2022-06-13,2022-07-26,14:00,16:00,5,내부인력,8,6,N,Y
경상북도고령군치매안심센터,헤아림,"2022년 가족교실 ""행복한 동행""",2022-06-01,2022-07-15,13:30,15:30,12,내부인력,8,4,Y,Y
경상북도고령군치매안심센터,헤아림,"2021년 가족교실 ""행복한 동행""",2021-07-07,2021-09-07,09:00,11:00,10,내부인력,8,4,Y,Y
경상북도고령군치매안심센터,헤아림,행복한동행(단기쉼터),2019-03-06,2019-05-08,14:00,15:30,8,내부인력,8,3,Y,Y
경상북도고령군치매안심센터,헤아림,행복한 동행(안심센터),2019-03-06,2019-04-24,10:00,11:30,8,내부인력,8,4,Y,Y
경상북도고령군치매안심센터,헤아림,치매가족지지(단기쉼터),2018-03-27,2018-05-15,10:00,12:00,7,내부인력,8,4,Y,Y
경상북도고령군치매안심센터,헤아림,치매가족지지교실,2018-03-27,2018-05-15,10:00,12:00,8,내부인력,8,4,Y,Y
경상북도구미시치매안심센터,헤아림,2025마음이음 헤아림 가족교실,2025-04-02,2025-05-21,10:00,12:00,9,내부인력,8,6,N,Y
경상북도구미시치매안심센터,헤아림,2024 마음이음 헤아림 가족교실(보듬마을대상자포함),2024-05-07,2024-06-25,10:00,12:00,9,내부인력,8,6,N,Y
경상북도구미시치매안심센터,헤아림,구미대  보듬쉼터 연계 헤아림 가족교실,2023-04-28,2023-06-08,14:00,15:30,1,내부인력,6,6,Y,N
경상북도구미시치매안심센터,헤아림,2023 마음이음-2(보듬마을대상자포함),2023-06-07,2023-08-23,14:00,16:00,6,내부인력,8,6,Y,Y
경상북도구미시치매안심센터,헤아림,2023년 마음이음(보듬마을대상자포함),2023-03-08,2023-04-26,14:00,16:00,6,내부인력,8,6,Y,Y
경상북도구미시치매안심센터,헤아림,2022 마음이음 (보듬마을 대상자포함),2022-05-09,2022-07-06,09:00,18:00,10,내부인력,8,6,N,Y
경상북도구미시치매안심센터,헤아림,2021마음이음,2021-05-03,2021-07-02,09:00,17:00,7,내부인력,8,6,N,Y
경상북도구미시치매안심센터,헤아림,2020마음이음,2020-09-23,2020-11-25,14:00,16:00,6,내부인력,8,6,N,Y
경상북도구미시치매안심센터,헤아림,2019 마음이음,2019-05-08,2019-06-26,10:00,12:00,14,내부인력,8,6,Y,N
경상북도구미시치매안심센터,헤아림,마음이음,2018-05-11,2018-06-29,14:00,16:00,10,내부인력,8,4,Y,Y
경상북도구미시선산치매안심센터,가치돌봄(집중),2025년 가족교실(하반기),2025-09-09,2025-09-30,10:00,12:00,10,내부인력,8,4,Y,Y
경상북도구미시선산치매안심센터,가치돌봄(집중),2025 가족교실 (상반기),2025-04-24,2025-05-15,14:00,15:30,10,내부인력,8,4,N,Y
경상북도구미시선산치매안심센터,헤아림,2024 가족교실 (하반기),2024-08-13,2024-09-10,14:00,15:30,10,내부인력,8,4,N,Y
경상북도구미시선산치매안심센터,헤아림,2024 가족교실 (상반기),2024-03-26,2024-05-14,14:00,15:30,10,내부인력,8,5,Y,Y
경상북도구미시선산치매안심센터,헤아림,2023 가족교실 (하반기),2023-08-01,2023-09-27,10:00,12:00,10,내부인력,8,4,Y,Y
경상북도구미시선산치매안심센터,헤아림,2023 가족교실 (상반기),2023-02-06,2023-03-27,14:00,16:00,10,내부인력,8,4,Y,Y
경상북도구미시선산치매안심센터,헤아림,2022 가족교실(3회기),2022-10-25,2022-12-13,09:30,11:30,10,내부인력,8,1,Y,Y
경상북도구미시선산치매안심센터,헤아림,"2022 가족교실(1회기, 2회기)",2022-05-04,2022-09-27,09:30,11:30,10,내부인력,16,1,N,Y
경상북도구미시선산치매안심센터,기타,힐링 헤아림 가족교실,2021-09-06,2021-10-29,00:00,00:00,15,내부인력,8,8,N,N
경상북도구미시선산치매안심센터,기타,일상의 회복 프로그램,2021-05-10,2021-06-11,13:00,15:00,3,내부인력,4,3,N,Y
경상북도구미시선산치매안심센터,헤아림,더(The) 헤아림,2019-05-01,2019-06-19,14:00,16:00,13,내부인력,8,4,Y,Y
경상북도구미시선산치매안심센터,헤아림,The 헤아림,2018-05-03,2018-06-21,14:00,16:00,9,내부인력,8,4,Y,Y
경상북도김천시치매안심센터,가치돌봄(집중),2025년 하반기 『치매가족지원사업』,2025-08-26,2025-09-19,14:00,16:00,4,내부인력,8,4,Y,Y
경상북도김천시치매안심센터,헤아림,2025년 상반기 헤아림 가족교실,2025-02-11,2025-04-15,14:00,16:00,5,내부인력,8,2,Y,Y
경상북도김천시치매안심센터,가치돌봄(선택),2024년 하반기 가치돌봄 가족교실(심화과정),2024-09-19,2024-10-01,14:00,16:00,5,내부인력,4,2,N,Y
경상북도김천시치매안심센터,헤아림,2024년 하반기 헤아림가족교실,2024-08-01,2024-09-12,14:00,16:00,6,내부인력,8,4,N,Y
경상북도김천시치매안심센터,헤아림,2024년 찾아가는 일대일 맞춤형 「헤아림 가족교실」,2024-02-14,2024-12-20,13:00,15:00,15,내부인력,6,4,N,Y
경상북도김천시치매안심센터,헤아림,2024년 상반기 헤아림가족교실,2024-01-23,2024-03-05,14:00,16:00,6,내부인력,8,4,N,Y
경상북도김천시치매안심센터,기타,단계별 치매환자 돌봄을 위한 가족프로그램  [가치돌봄] 2기,2023-08-31,2023-10-26,14:00,15:30,4,내부인력,8,5,N,Y
경상북도김천시치매안심센터,기타,단계별 치매환자 돌봄을 위한 가족프로그램 [가치돌봄] 1기 (실험군),2023-06-12,2023-06-28,14:00,15:30,4,내부인력,8,6,N,Y
경상북도김천시치매안심센터,헤아림,2023년 헤아림 가족교실,2023-05-08,2023-06-09,14:00,16:00,5,내부인력,8,4,N,Y
경상북도김천시치매안심센터,헤아림,2022년 헤아림 가족교실,2022-05-04,2022-06-29,14:00,16:00,10,내부인력,8,4,N,Y
경상북도김천시치매안심센터,헤아림,'너나들이' 온라인 소통 공간 -헤아림 가족교실-,2021-04-02,2021-05-21,10:00,12:00,10,내부인력,8,6,Y,Y
경상북도김천시치매안심센터,헤아림,희망나누기 가족교실,2019-07-17,2019-09-04,09:00,11:00,9,내부인력,8,4,Y,Y
경상북도김천시치매안심센터,헤아림,헤아림 가족교실,2018-06-08,2018-08-10,14:00,16:00,15,내부인력,10,5,Y,Y
경상북도문경시치매안심센터,헤아림,한마음가족교실,2025-04-03,2025-05-29,14:00,16:00,8,내부인력,8,4,Y,Y
경상북도문경시치매안심센터,헤아림,마음을 잇는 가족교실,2024-04-19,2024-06-07,13:30,15:30,11,내부인력,8,4,N,Y
경상북도문경시치매안심센터,헤아림,토닥토닥 마음나눔 가족교실,2023-04-13,2023-06-01,13:30,15:30,11,내부인력,8,4,N,Y
경상북도문경시치매안심센터,헤아림,2022년 가족교실 사례관리반(진단초기 치매환자 집중관리 패키지 서비스 홈스쿨링),2022-07-11,2022-09-19,00:00,00:00,10,내부인력,6,4,N,Y
경상북도문경시치매안심센터,헤아림,2022 가족교실 보듬반(비대면),2022-06-15,2022-08-03,14:00,15:00,6,내부인력,8,4,N,Y
경상북도문경시치매안심센터,헤아림,2022 가족교실 헤아림반(대면),2022-06-14,2022-08-02,14:00,16:00,10,내부인력,8,4,Y,Y
경상북도문경시치매안심센터,헤아림,2021 치매가족교실 헤아림,2021-06-16,2021-08-04,14:00,16:00,10,외부인력,8,6,Y,Y
경상북도문경시치매안심센터,헤아림,울타리,2019-04-12,2019-05-31,14:00,16:00,8,내부인력,8,4,Y,Y
경상북도문경시치매안심센터,헤아림,헤아림,2018-04-26,2018-06-15,14:00,16:00,9,내부인력,8,4,Y,Y
경상북도봉화군치매안심센터,헤아림,2025 마음챙김 가족교실 2기,2025-09-10,2025-11-12,14:00,16:00,10,내부인력,10,4,Y,N
경상북도봉화군치매안심센터,헤아림,2025 마음챙김 가족교실 1기,2025-03-18,2025-05-13,14:00,16:00,10,내부인력,8,4,N,Y
경상북도봉화군치매안심센터,헤아림,2024 하반기 마음챙김 가족교실 2기,2024-11-14,2024-12-05,14:00,16:00,10,내부인력,8,4,N,Y
경상북도봉화군치매안심센터,헤아림,2024 마음챙김 가족교실 1기(온라인),2024-03-25,2024-05-20,14:00,16:00,5,내부인력,8,4,N,Y
경상북도봉화군치매안심센터,헤아림,2024 마음챙김 가족교실 1기,2024-03-25,2024-05-20,14:00,16:00,5,내부인력,8,4,N,Y
경상북도봉화군치매안심센터,헤아림,2023 마음챙김 가족교실 2기(온라인),2023-09-06,2023-10-25,14:00,16:00,6,내부인력,8,4,N,Y
경상북도봉화군치매안심센터,헤아림,2023 마음챙김 가족교실 2기,2023-09-06,2023-10-25,14:00,16:00,5,내부인력,8,4,N,Y
경상북도봉화군치매안심센터,헤아림,2023 마음챙김 가족교실 1기,2023-03-23,2023-05-18,13:30,15:30,10,내부인력,8,4,N,Y
경상북도봉화군치매안심센터,헤아림,마음챙김 가족교실 2기,2022-09-06,2022-10-25,14:00,16:00,10,내부인력,8,4,N,Y
경상북도봉화군치매안심센터,헤아림,마음챙김 가족교실 1기,2022-05-10,2022-06-28,10:00,12:00,10,내부인력,8,4,N,Y
경상북도봉화군치매안심센터,헤아림,헤아림 가족교실,2021-09-13,2021-10-08,10:00,12:00,10,내부인력,8,4,N,Y
경상북도봉화군치매안심센터,헤아림,헤아림 가족교실,2021-04-13,2021-06-01,14:00,16:00,10,내부인력,8,4,N,Y
경상북도봉화군치매안심센터,헤아림,헤아림 가족교실,2019-09-03,2019-10-29,10:00,12:00,8,내부인력,8,6,Y,Y
경상북도봉화군치매안심센터,헤아림,헤아림 가족교실,2019-04-16,2019-06-04,14:00,16:00,8,내부인력,8,6,Y,Y
경상북도봉화군치매안심센터,헤아림,헤아림 가족교실,2018-04-19,2018-06-07,14:00,16:00,5,내부인력,8,6,Y,Y
경상북도상주시치매안심센터,헤아림,2025년 헤아림 가족교실,2025-06-19,2025-08-07,14:00,16:00,6,내부인력,8,5,N,Y
경상북도상주시치매안심센터,헤아림,2024년 헤아림 가족교실,2024-02-20,2024-04-09,14:00,16:00,6,내부인력,8,4,Y,Y
경상북도상주시치매안심센터,헤아림,2023년 상주시 치매안심센터  헤아림 가족교실 (온라인 밴드),2023-05-03,2023-06-21,10:00,12:00,6,내부인력,8,4,N,Y
경상북도상주시치매안심센터,헤아림,헤아림 가족교실(2022년 온라인 밴드),2022-06-07,2022-07-26,14:00,16:00,9,내부인력,8,4,N,Y
경상북도상주시치매안심센터,헤아림,헤아림 가족교실(2021)- 온라인밴드,2021-07-05,2021-10-29,09:00,18:00,7,내부인력,8,8,N,Y
경상북도상주시치매안심센터,헤아림,헤아림 가족교실(2019),2019-05-15,2019-07-03,14:00,16:00,10,내부인력,8,4,Y,Y
경상북도상주시치매안심센터,헤아림,헤아림 가족교실(2018),2018-05-03,2018-06-05,14:00,16:00,5,내부인력,8,4,Y,Y
경상북도성주군치매안심센터,가치돌봄(집중),2025 보듬마을 가족교실,2025-05-20,2025-07-15,14:00,16:00,2,내부인력,9,4,Y,Y
경상북도성주군치매안심센터,가치돌봄(집중),2025 가치돌봄 가족교실,2025-05-22,2025-07-10,14:00,16:00,6,내부인력,8,4,Y,Y
경상북도성주군치매안심센터,가치돌봄(집중),2024 가치돌봄(가족교실),2024-08-01,2024-08-30,14:00,16:00,8,내부인력,8,4,Y,Y
경상북도성주군치매안심센터,헤아림,2023 헤아림,2023-04-10,2023-06-30,09:00,17:00,5,내부인력,8,4,Y,Y
경상북도성주군치매안심센터,헤아림,2022 헤아림 가족교실,2022-05-23,2022-07-15,13:00,17:00,5,내부인력,8,4,Y,Y
경상북도성주군치매안심센터,기타,심층 가족교실 2021년,2021-07-22,2021-09-09,13:00,17:00,3,내부인력,8,4,N,N
경상북도성주군치매안심센터,기타,2021년 일상의 회복,2021-05-24,2021-06-14,14:00,15:30,2,내부인력,4,4,N,N
경상북도성주군치매안심센터,헤아림,두드림4기,2021-05-24,2021-07-05,13:00,14:30,3,내부인력,8,4,N,Y
경상북도성주군치매안심센터,헤아림,두드림 3기,2019-09-19,2019-11-14,14:00,16:00,7,내부인력,8,4,Y,Y
경상북도성주군치매안심센터,헤아림,두드림 2기,2019-04-18,2019-06-21,14:00,16:00,11,내부인력,8,4,Y,Y
경상북도성주군치매안심센터,헤아림,두드림 1기,2018-04-06,2018-06-01,14:00,16:00,6,외부인력,8,4,Y,Y
경상북도안동시치매안심센터,일상의 회복,보고 또보고 (심화반),2025-07-09,2025-07-30,09:00,11:00,10,내부인력,7,2,Y,N
경상북도안동시치매안심센터,헤아림,25년 가족교실 (헤아림-기본),2025-03-04,2025-04-30,14:00,16:00,10,내부인력,8,4,Y,Y
경상북도안동시치매안심센터,헤아림,하반기 가족교실 (센터),2024-08-12,2024-10-02,10:00,12:00,10,내부인력,8,4,Y,Y
경상북도안동시치매안심센터,헤아림,2024 안동시 치매가족교실 2 (예안),2024-04-04,2024-05-23,14:00,16:00,10,내부인력,8,4,Y,Y
경상북도안동시치매안심센터,헤아림,2024 안동시 치매가족교실 1 (시내),2024-04-02,2024-05-21,14:00,16:00,10,내부인력,8,4,Y,Y
경상북도안동시치매안심센터,헤아림,2023 안동시 치매가족교실 2 (풍산),2023-04-06,2023-05-25,14:00,16:00,10,내부인력,8,4,Y,Y
경상북도안동시치매안심센터,헤아림,2023 안동시 치매가족교실 1 (시내),2023-04-04,2023-05-23,14:00,16:00,10,내부인력,8,4,Y,Y
경상북도안동시치매안심센터,헤아림,2022 안동시 치매가족교실 3 (길안),2022-08-03,2022-08-26,14:00,16:00,10,내부인력,8,4,Y,Y
경상북도안동시치매안심센터,헤아림,2022 안동시 치매가족교실 2 (시내),2022-08-02,2022-08-25,14:00,16:00,10,내부인력,8,4,Y,Y
경상북도안동시치매안심센터,헤아림,2022 안동시 치매가족교실 1 (시내),2022-03-07,2022-05-23,14:00,16:00,3,내부인력,8,4,Y,Y
경상북도안동시치매안심센터,헤아림,2021 안동시 치매가족교실 2,2021-10-05,2021-10-27,14:00,16:00,3,내부인력,8,4,Y,Y
경상북도안동시치매안심센터,기타,2021년 일상의회복 시범운영,2021-06-09,2021-06-30,14:00,16:00,3,내부인력,4,3,Y,N
경상북도안동시치매안심센터,헤아림,2021 안동시 치매가족교실 1,2021-05-11,2021-06-29,14:00,16:00,3,내부인력,8,4,Y,Y
경상북도안동시치매안심센터,헤아림,2019 치매환자 가족교실 소나무(소중한 나눔 무한행복),2019-04-08,2019-05-02,14:00,16:00,10,내부인력,8,4,Y,Y
경상북도안동시치매안심센터,헤아림,2018 치매환자 가족교실,2018-04-18,2018-06-07,10:00,12:00,10,내부인력,8,4,Y,Y
경상북도영덕군치매안심센터,헤아림,2025년 헤아림 가족교실,2025-02-03,2025-02-26,10:30,12:00,5,내부인력,8,4,Y,Y
경상북도영덕군치매안심센터,헤아림,2024년 [ 헤아림 ] 치매가족교실,2024-03-05,2024-03-28,10:30,12:00,11,내부인력,8,4,Y,Y
경상북도영덕군치매안심센터,헤아림,2023년 「헤아림」 가족교실,2023-04-12,2023-05-31,10:00,12:00,10,내부인력,8,4,Y,Y
경상북도영덕군치매안심센터,헤아림,2022년 영덕군 치매가족교실(비대면),2022-03-07,2022-04-25,11:00,12:00,10,내부인력,8,4,N,Y
경상북도영덕군치매안심센터,헤아림,영덕군 치매가족교실 (헤아림6기),2021-03-30,2021-05-18,11:00,12:00,10,내부인력,8,4,N,Y
경상북도영덕군치매안심센터,헤아림,치매가족교실(헤아림5기),2020-04-08,2020-04-29,09:30,12:00,10,내부인력,8,3,Y,N
경상북도영덕군치매안심센터,헤아림,영덕군 헤아림 4기,2019-03-13,2019-05-08,10:00,12:00,9,내부인력,8,6,Y,Y
경상북도영덕군치매안심센터,헤아림,치매가족교실 헤아림3,2018-06-18,2018-08-08,10:00,12:00,8,내부인력,8,4,Y,Y
경상북도영양군치매안심센터,가치돌봄(집중),가치돌봄,2025-06-18,2025-08-13,14:00,16:00,8,내부인력,8,4,N,Y
경상북도영양군치매안심센터,헤아림,동행,2024-06-04,2024-07-23,14:00,16:00,10,내부인력,8,4,N,Y
경상북도영양군치매안심센터,기타,단계별 치매환자 돌봄을 위한 가족프로그램(실헙군),2023-05-16,2023-06-16,14:00,15:30,4,내부인력,8,6,N,Y
경상북도영양군치매안심센터,헤아림,속닥속닥,2022-05-12,2022-06-30,14:00,16:00,4,내부인력,8,4,N,Y
경상북도영양군치매안심센터,헤아림,도란도란,2021-04-22,2021-06-10,14:00,16:00,5,내부인력,8,6,N,Y
경상북도영양군치매안심센터,헤아림,토닥토닥,2019-06-12,2019-07-04,14:00,16:00,6,내부인력,8,6,Y,Y
경상북도영양군치매안심센터,헤아림,행복한 어울림,2018-08-14,2018-10-16,10:00,12:00,6,내부인력,8,4,Y,Y
경상북도영주시치매안심센터,헤아림,2025년 치매환자 가족 교실,2025-09-02,2025-09-25,10:00,12:00,10,내부인력,8,6,Y,Y
경상북도영주시치매안심센터,헤아림,2024년 치매환자 가족 프로그램,2024-05-22,2024-07-10,14:00,16:00,10,내부인력,8,6,Y,Y
경상북도영주시치매안심센터,헤아림,2023년 보듬쉼터 가족교실 (2),2023-04-28,2023-06-23,13:00,15:00,5,내부인력,8,4,N,Y
경상북도영주시치매안심센터,헤아림,2023년 보듬쉼터 가족교실(1),2023-03-22,2023-05-10,14:00,14:00,3,내부인력,8,4,N,Y
경상북도영주시치매안심센터,헤아림,2023년 치매가족교실,2023-03-30,2023-05-18,14:00,16:00,10,내부인력,8,4,N,Y
경상북도영주시치매안심센터,헤아림,2022년 보듬쉼터 가족교실,2022-05-23,2022-10-31,00:00,00:00,5,내부인력,9,4,N,Y
경상북도영주시치매안심센터,헤아림,"2022년 치매가족교실(비대면, 1:1대면교육, 센터 집합교육-목요일오후 2~4시)",2022-04-18,2022-06-10,00:00,00:00,10,내부인력,8,7,N,Y
경상북도영주시치매안심센터,기타,일상의 회복 가족교실,2021-06-10,2021-07-01,14:00,16:00,5,내부인력,4,3,N,Y
경상북도영주시치매안심센터,기타,온라인 영주시 치매안심센터 밴드,2021-02-05,2021-11-17,09:00,17:00,0,내부인력,41,0,N,N
경상북도영주시치매안심센터,헤아림,2020 토닥토닥 헤아림 가족교실,2020-09-02,2020-09-23,14:00,16:00,5,내부인력,4,2,Y,Y
경상북도영주시치매안심센터,헤아림,희망찾기 헤아림교실,2019-06-10,2019-07-29,14:30,16:00,10,내부인력,8,4,Y,N
경상북도영주시치매안심센터,헤아림,함께하는 사랑반,2018-10-01,2018-11-19,14:00,16:00,7,내부인력,8,4,Y,Y
경상북도영천시치매안심센터,가치돌봄(집중),2025년 가치돌봄교실 2기,2025-04-14,2025-05-12,09:30,10:30,8,내부인력,8,4,N,Y
경상북도영천시치매안심센터,가치돌봄(집중),2025년 가치돌봄교실 1기,2025-03-04,2025-03-27,13:30,14:30,25,내부인력,8,4,N,Y
경상북도영천시치매안심센터,헤아림,치매환자 가족을 위로하는 작은 쉼표 (2기),2024-05-02,2024-06-27,13:30,14:30,15,내부인력,8,4,N,Y
경상북도영천시치매안심센터,헤아림,치매환자 가족을 위로하는 작은 쉼표 (1기),2024-04-29,2024-05-27,09:30,10:30,20,내부인력,8,4,N,Y
경상북도영천시치매안심센터,헤아림,치매환자 가족을 위로하는 작은 쉼표 (2기),2023-09-27,2023-10-31,10:00,11:30,20,내부인력,8,4,Y,Y
경상북도영천시치매안심센터,기타,단계별 치매환자 돌봄을 위한 가족프로그램(실험군),2023-06-14,2023-07-12,13:30,15:30,5,내부인력,8,4,Y,Y
경상북도영천시치매안심센터,헤아림,"치매환자 가족을 위로하는 작은 쉼표(헤아림, 웰다잉)",2023-05-02,2023-05-25,09:30,11:30,20,내부인력,8,4,Y,Y
경상북도영천시치매안심센터,헤아림,"너와 나, 우리들의 행복 더하기 (헤아림)",2022-07-04,2022-09-19,14:30,15:30,5,내부인력,12,4,Y,Y
경상북도영천시치매안심센터,헤아림,1:1 헤아림 가족교실 (헤아림),2022-04-04,2022-10-31,14:00,16:00,20,내부인력,8,4,N,Y
경상북도영천시치매안심센터,헤아림,헤아림 가족교실(비대면),2021-06-07,2021-07-30,00:00,00:00,5,내부인력,8,4,Y,N
경상북도영천시치매안심센터,헤아림,가족교실 홈스쿨링,2020-10-05,2020-10-30,10:00,11:00,10,내부인력,2,1,N,Y
경상북도영천시치매안심센터,헤아림,징검다리,2019-04-10,2019-05-31,10:00,12:00,7,내부인력,8,4,Y,Y
경상북도영천시치매안심센터,헤아림,징검다리,2018-05-11,2018-06-29,10:00,12:00,10,내부인력,8,4,Y,Y
경상북도예천군치매안심센터,헤아림,따뜻한 동행(1기),2025-06-04,2025-07-23,13:30,15:30,10,내부인력,8,4,Y,Y
경상북도예천군치매안심센터,가치돌봄(기본),가치돌봄 (1기),2024-06-04,2024-07-23,14:00,16:00,10,외부인력,8,4,Y,Y
경상북도예천군치매안심센터,헤아림,아름다운 동행(3기),2023-06-07,2023-07-26,14:00,16:00,10,내부인력,8,4,Y,Y
경상북도예천군치매안심센터,헤아림,아름다운 동행(2기),2022-06-08,2022-07-27,14:00,16:00,9,내부인력,8,4,Y,Y
경상북도예천군치매안심센터,헤아림,아름다운 동행(1기),2021-06-02,2021-07-21,14:00,16:00,4,내부인력,8,4,Y,Y
경상북도예천군치매안심센터,헤아림,행복동행(2기),2019-05-09,2019-07-04,14:00,15:00,10,내부인력,8,6,Y,Y
경상북도예천군치매안심센터,헤아림,행복동행(1기),2018-08-13,2018-10-08,10:00,11:00,10,내부인력,8,4,Y,Y
경상북도울릉군치매안심센터,헤아림,2025 가족교실,2025-08-26,2025-09-18,13:00,13:30,4,내부인력,8,4,Y,Y
경상북도울릉군치매안심센터,헤아림,2023 가족교실,2023-07-26,2023-08-18,14:00,16:00,5,내부인력,8,4,Y,Y
경상북도울릉군치매안심센터,헤아림,헤아림의 향기,2019-05-22,2019-07-17,14:00,16:00,5,내부인력,8,4,Y,Y
경상북도울진군치매안심센터,헤아림,2025년 헤아림 가족교실,2025-08-12,2025-09-30,13:30,15:30,10,내부인력,8,4,N,Y
경상북도울진군치매안심센터,헤아림,2024년 헤아림 가족교실,2024-03-25,2024-05-13,13:30,15:30,8,내부인력,8,4,Y,Y
경상북도울진군치매안심센터,헤아림,2023년 헤아림 가족교실,2023-03-13,2023-05-08,09:00,11:00,8,내부인력,8,4,Y,Y
경상북도울진군치매안심센터,헤아림,2022년 헤아림 가족교실,2022-06-17,2022-08-05,10:00,12:00,10,내부인력,8,4,Y,Y
경상북도울진군치매안심센터,헤아림,［경북］울진군 헤아림,2021-05-18,2021-07-06,10:00,12:00,6,내부인력,8,4,N,Y
경상북도울진군치매안심센터,헤아림,2019년 헤아림가족교실,2019-06-04,2019-07-31,14:00,16:00,11,내부인력,8,4,Y,Y
경상북도울진군치매안심센터,헤아림,헤아림가족교실,2018-06-05,2018-07-31,14:00,16:00,15,내부인력,8,4,Y,Y
경상북도의성군치매안심센터,가치돌봄(집중),2025년 마음 헤아림 가치돌봄 가족교실,2025-08-06,2025-09-24,14:00,16:00,10,내부인력,8,6,Y,Y
경상북도의성군치매안심센터,헤아림,마음튼튼 헤아림 가족교실,2024-07-12,2024-08-30,14:00,16:00,10,내부인력,8,5,Y,Y
경상북도의성군치매안심센터,헤아림,마음토닥 헤아림 가족교실,2024-04-02,2024-05-28,14:00,15:00,4,내부인력,8,8,Y,Y
경상북도의성군치매안심센터,헤아림,찾아가는 마음나눔 가족교실,2024-04-01,2024-10-31,14:00,16:00,10,내부인력,8,8,Y,Y
경상북도의성군치매안심센터,헤아림,마음헤아림 가족교실,2023-04-04,2023-04-27,10:00,12:00,9,내부인력,8,6,Y,Y
경상북도의성군치매안심센터,헤아림,쓰담쓰담 헤아림 가족교실,2022-06-22,2022-08-31,13:30,15:30,5,내부인력,8,4,N,Y
경상북도의성군치매안심센터,헤아림,봄꽃 헤아림 가족교실 (온라인),2022-05-13,2022-07-31,00:00,00:00,10,내부인력,8,4,N,Y
경상북도의성군치매안심센터,기타,토닥토닥 가족교실,2021-06-01,2021-07-30,09:30,11:00,5,내부인력,17,10,N,Y
경상북도의성군치매안심센터,헤아림,온라인 파란장미 톡톡방 가족교실,2021-05-07,2021-06-30,00:00,00:00,10,내부인력,8,4,N,Y
경상북도의성군치매안심센터,헤아림,마음헤아림 치매환자 가족교실,2020-09-18,2020-10-23,14:00,16:30,7,내부인력,4,3,Y,Y
경상북도의성군치매안심센터,헤아림,「마음헤아림」치매환자가족교실,2019-04-12,2019-05-31,10:00,12:00,11,내부인력,8,4,Y,Y
경상북도의성군치매안심센터,헤아림,치매 환자 헤아림 가족교실,2018-04-25,2018-06-15,10:00,12:00,11,내부인력,8,4,Y,Y
경상북도청도군치매안심센터,헤아림,다가치 가족교실,2025-02-21,2025-04-25,14:00,16:00,10,내부인력,10,4,Y,Y
경상북도청도군치매안심센터,헤아림,밝은 미소! 환한 웃음!,2024-01-23,2024-03-12,10:00,12:00,13,내부인력,8,4,Y,Y
경상북도청도군치매안심센터,헤아림,공감지대 2기,2023-05-11,2023-08-03,09:00,12:00,4,내부인력,13,4,N,Y
경상북도청도군치매안심센터,헤아림,공감지대,2023-02-08,2023-04-05,09:00,12:00,8,내부인력,9,4,Y,Y
경상북도청도군치매안심센터,헤아림,초기치매환자 집중관리,2022-04-18,2022-12-30,14:00,16:00,1,외부인력,8,4,Y,Y
경상북도청도군치매안심센터,헤아림,공감소통 가족교실,2022-02-10,2022-07-07,09:00,12:00,8,내부인력,8,4,Y,Y
경상북도청도군치매안심센터,헤아림,고향의 봄 가족교실,2021-07-14,2021-09-15,10:00,12:00,8,내부인력,8,4,Y,Y
경상북도청도군치매안심센터,헤아림,헤아림 가족교실,2020-01-07,2020-03-03,10:00,12:00,10,내부인력,9,4,Y,N
경상북도청도군치매안심센터,헤아림,늘봄날 가족교실,2019-03-19,2019-05-07,10:00,12:00,8,내부인력,8,4,Y,Y
경상북도청도군치매안심센터,헤아림,늘봄날 가족교실,2018-09-13,2018-11-15,10:00,12:00,8,내부인력,8,4,Y,Y
경상북도청도군치매안심센터,헤아림,늘봄날,2018-04-03,2018-05-29,10:00,12:00,7,내부인력,8,4,Y,Y
경상북도청송군치매안심센터,헤아림,헤이림 가족교실,2025-05-29,2025-07-17,14:00,16:00,3,내부인력,8,4,N,Y
경상북도청송군치매안심센터,헤아림,가치돌봄,2024-07-09,2024-08-02,02:00,04:00,5,내부인력,2,3,Y,Y
경상북도청송군치매안심센터,헤아림,헤아림 가족교실,2023-07-05,2023-08-23,14:00,16:00,5,외부인력,8,2,N,Y
경상북도청송군치매안심센터,헤아림,헤아림 가족교실,2022-07-01,2022-09-06,14:00,15:30,5,내부인력,1,4,N,Y
경상북도청송군치매안심센터,헤아림,헤아림 가족교실,2021-08-10,2021-09-02,12:00,13:20,5,내부인력,8,4,N,Y
경상북도청송군치매안심센터,헤아림,헤아림가족교실,2019-04-18,2019-06-05,14:00,16:00,8,내부인력,8,4,Y,Y
경상북도청송군치매안심센터,헤아림,마음의 기지개를 켜요,2018-05-16,2018-07-04,14:00,16:00,5,내부인력,8,4,Y,Y
경상북도칠곡군치매안심센터,헤아림,"2025년 치매애[愛] 행복 더하기, 헤아림 가족교실[1:1 가정방문]",2025-04-02,2025-05-23,09:00,17:00,3,내부인력,8,4,Y,Y
경상북도칠곡군치매안심센터,헤아림,"2024년 치매애[愛] 행복 더하기, 헤아림 가족교실[1:1 가정방문]",2024-03-11,2024-04-26,09:00,17:00,5,내부인력,8,4,Y,Y
경상북도칠곡군치매안심센터,헤아림,"[1:1 가정방문] 2023년 치매애[愛] 행복 더하기, 헤아림 가족교실",2023-03-20,2023-05-19,09:00,17:00,10,내부인력,8,4,N,Y
경상북도칠곡군치매안심센터,헤아림,"[소규모 대면] 2022년 치매애[愛] 행복 더하기, 헤아림 가족모임",2022-05-02,2022-07-18,10:00,12:00,4,내부인력,8,4,Y,Y
경상북도칠곡군치매안심센터,헤아림,"[1:1 가정방문] 2022년 치매애[愛] 행복 더하기, 헤아림 가족교실",2022-05-02,2022-07-18,09:00,17:00,5,내부인력,8,4,Y,Y
경상북도칠곡군치매안심센터,헤아림,헤아림 가족교실,2021-04-06,2021-06-22,10:00,16:00,5,내부인력,56,4,Y,Y
경상북도칠곡군치매안심센터,헤아림,헤아림 가족교실,2019-04-16,2019-06-04,10:00,12:00,8,내부인력,8,4,Y,Y
경상북도칠곡군치매안심센터,헤아림,가족지지프로그램 (헤아림),2018-07-03,2018-07-26,10:00,12:00,8,내부인력,8,4,Y,Y
경상북도포항시남구치매안심센터,헤아림,"2025년 치매가족교실 [헤아림, 센터방문]",2025-03-04,2025-04-22,10:00,12:00,10,내부인력,8,4,Y,Y
경상북도포항시남구치매안심센터,헤아림,"2024년 치매가족교실 <헤아림, 가정방문>",2024-06-01,2024-10-31,14:00,15:30,5,내부인력,4,4,N,Y
경상북도포항시남구치매안심센터,헤아림,"2024년 치매가족교실 <헤아림, 센터방문>",2024-03-05,2024-05-01,10:00,11:00,10,내부인력,9,4,Y,Y
경상북도포항시남구치매안심센터,헤아림,2022년 치매가족교실(제내3리),2022-05-16,2022-08-29,10:00,11:00,1,내부인력,8,4,N,Y
경상북도포항시남구치매안심센터,헤아림,2023년 치매가족교실 - 헤아림,2023-04-05,2023-07-21,00:00,00:00,10,내부인력,8,4,Y,Y
경상북도포항시남구치매안심센터,헤아림,"2023년 칩거 치매환자(보듬쉼터)- 헤아림, 웰다잉 자서전",2023-03-13,2023-06-30,09:00,17:00,5,내부인력,8,4,Y,Y
경상북도포항시남구치매안심센터,헤아림,2022년 치매가족교실(1:1가정방문),2022-05-16,2022-08-29,10:00,11:00,3,내부인력,8,4,N,Y
경상북도포항시남구치매안심센터,헤아림,2022년 치매가족교실(센터방문),2022-05-16,2022-08-29,10:00,11:00,5,내부인력,16,4,Y,Y
경상북도포항시남구치매안심센터,헤아림,2021년 치매가족교실 [헤아림],2021-05-03,2021-07-12,10:00,11:00,7,내부인력,8,4,Y,Y
경상북도포항시남구치매안심센터,헤아림,2019년 헤아림 가족교실,2019-05-10,2019-06-28,10:00,12:00,10,내부인력,8,4,Y,Y
경상북도포항시남구치매안심센터,헤아림,아름다운 동행,2018-05-04,2018-06-22,10:00,12:00,8,내부인력,8,4,Y,Y
경상북도포항시북구치매안심센터,가치돌봄(집중),2025년 흥해가족교실,2025-09-05,2025-10-31,10:00,12:00,6,내부인력,8,4,N,Y
경상북도포항시북구치매안심센터,가치돌봄(집중),2025 방문가족교실,2025-07-01,2025-09-02,10:00,12:00,3,내부인력,8,4,N,Y
경상북도포항시북구치매안심센터,가치돌봄(집중),2025 가치돌봄 가족교실,2025-03-11,2025-04-29,09:00,12:00,10,내부인력,1,4,N,Y
경상북도포항시북구치매안심센터,일상의 회복,2024 헤아림 가족교실 자기돌봄프로그램,2024-09-02,2024-09-30,09:00,12:00,10,내부인력,4,2,N,Y
경상북도포항시북구치매안심센터,헤아림,2024년 가족교실 「헤아림」_치매가족(1:1),2024-06-01,2024-10-31,14:00,15:00,4,내부인력,21,4,N,Y
경상북도포항시북구치매안심센터,헤아림,2024년 가족교실 「치매를 이겨내는 첫걸음」_초로기가족,2024-04-05,2024-05-24,10:00,11:00,4,내부인력,6,3,Y,Y
경상북도포항시북구치매안심센터,헤아림,2024년 가족교실 「헤아림」_치매가족,2024-03-04,2024-04-22,10:00,12:00,10,내부인력,8,4,Y,Y
경상북도포항시북구치매안심센터,기타,2023년 단계별 치매환자 돌봄을 위한 가족프로그램(실험군),2023-05-18,2023-07-13,10:00,12:00,15,내부인력,8,6,N,Y
경상북도포항시북구치매안심센터,기타,2023년 가족교실_웰다잉 자서전 「쓰담」,2023-03-02,2023-05-04,10:00,12:00,10,내부인력,8,4,Y,Y
경상북도포항시북구치매안심센터,헤아림,2023년 가족교실 「헤아림」,2023-03-02,2023-04-20,09:00,10:00,3,내부인력,8,4,Y,Y
경상북도포항시북구치매안심센터,헤아림,2022년 「헤아림」 가족교실,2022-06-24,2022-08-12,10:00,12:00,10,내부인력,8,4,N,Y
경상북도포항시북구치매안심센터,헤아림,온라인 소통 「헤아림」가족교실,2021-07-16,2021-09-03,11:00,12:00,5,내부인력,8,4,N,Y
경상북도포항시북구치매안심센터,헤아림,2021년 「헤아림」 가족교실,2021-04-20,2021-06-08,10:00,12:00,5,내부인력,8,4,N,Y
경상북도포항시북구치매안심센터,헤아림,2019년 헤아림,2019-05-14,2019-07-02,10:00,12:00,15,내부인력,8,4,Y,Y
경상북도포항시북구치매안심센터,헤아림,헤아림 가족교실,2018-05-03,2018-06-28,14:00,16:00,10,내부인력,8,4,Y,Y
경상남도거제시치매안심센터,헤아림,2025년 '헤아림 가족교실' 2기,2025-08-12,2025-09-30,14:00,17:00,10,내부인력,8,4,Y,Y
경상남도거제시치매안심센터,헤아림,2025년 '헤아림 가족교실' 1기,2025-02-18,2025-04-08,14:00,17:00,10,내부인력,8,4,N,Y
경상남도거제시치매안심센터,헤아림,2024년 '헤아림 가족교실' 4기,2024-09-24,2024-11-19,14:00,16:00,10,내부인력,8,4,Y,Y
경상남도거제시치매안심센터,헤아림,2024년 '헤아림 가족교실' 3기,2024-07-09,2024-08-27,14:00,17:00,10,내부인력,8,4,Y,Y
경상남도거제시치매안심센터,헤아림,2024년 '헤아림 가족교실' 2기,2024-04-23,2024-06-11,14:00,17:00,10,내부인력,8,4,Y,Y
경상남도거제시치매안심센터,헤아림,2024년 '헤아림 가족교실' 1기,2024-02-20,2024-04-09,14:00,17:00,10,내부인력,8,5,Y,Y
경상남도거제시치매안심센터,헤아림,2023년 헤아림 치매환자 가족교실 4기,2023-08-24,2023-10-19,14:00,16:00,15,내부인력,8,4,Y,Y
경상남도거제시치매안심센터,기타,2023년 '가치돌봄' 치매환자 가족교실 3기,2023-06-15,2023-08-10,14:00,17:00,15,내부인력,9,4,Y,Y
경상남도거제시치매안심센터,헤아림,2023년 헤아림 가족교실 2기,2023-04-06,2023-05-25,14:00,16:00,15,내부인력,8,4,Y,Y
경상남도거제시치매안심센터,헤아림,2023년 헤아림 치매환자 가족교실 1기 (거제면 건강증진형 보건지소),2023-02-09,2023-03-30,14:00,16:00,15,내부인력,8,4,Y,N
경상남도거제시치매안심센터,헤아림,2022년 '헤아림'  치매환자 가족교실 2기,2022-09-15,2022-11-03,14:00,16:00,15,내부인력,8,4,Y,Y
경상남도거제시치매안심센터,헤아림,2022년 '헤아림' 치매환자 가족교실,2022-07-14,2022-09-01,14:00,17:00,15,내부인력,8,4,Y,Y
경상남도거제시치매안심센터,헤아림,2021 헤아림 가족교실2기(나를 찾아가는 길),2021-04-20,2021-06-08,14:00,17:00,5,외부인력,8,4,Y,Y
경상남도거제시치매안심센터,헤아림,2021 헤아림 가족교실 1기(방문프로그램),2021-04-12,2021-06-04,10:00,12:00,5,내부인력,8,4,Y,Y
경상남도거제시치매안심센터,헤아림,2020 헤아림 가족교실,2020-10-27,2020-12-15,14:00,16:00,8,내부인력,8,4,Y,N
경상남도거제시치매안심센터,헤아림,헤아림-2기,2019-03-25,2019-05-20,14:00,16:00,15,내부인력,8,4,Y,Y
경상남도거제시치매안심센터,헤아림,2019 헤아림 1기,2019-01-01,2019-02-28,10:00,12:00,15,내부인력,8,4,Y,Y
경상남도거제시치매안심센터,헤아림,치매가족자조모임대상자 가족교실,2018-01-01,2018-12-31,10:00,12:00,30,내부인력,12,8,Y,N
경상남도거창군치매안심센터,기타,2025년 치매가족교실 2기(마음모아),2025-09-04,2025-10-30,14:00,16:00,10,내부인력,8,6,Y,Y
경상남도거창군치매안심센터,기타,2025년 치매가족교실1기(마음모아),2025-04-10,2025-05-29,14:00,16:00,10,내부인력,8,4,N,Y
경상남도거창군치매안심센터,헤아림,2024년 '따뜻한 어울림 ' 치매가족교실(2기),2024-09-05,2024-10-31,10:00,12:00,10,내부인력,8,4,Y,Y
경상남도거창군치매안심센터,헤아림,2024년 '따뜻한 어울림' 치매가족교실(1기),2024-04-11,2024-05-30,10:00,12:00,10,내부인력,8,4,N,Y
경상남도거창군치매안심센터,헤아림,2023년 '따뜻한 쉼표 ' 치매가족교실(2기),2023-10-12,2023-11-30,10:00,12:00,10,내부인력,8,5,N,Y
경상남도거창군치매안심센터,헤아림,2023년 '따뜻한 쉼표' 치매가족 교실(1기),2023-04-20,2023-06-08,10:00,12:00,8,내부인력,8,5,Y,Y
경상남도거창군치매안심센터,헤아림,2022 헤아림 가족교실 2기,2022-09-13,2022-10-14,10:00,12:00,10,외부인력,10,6,Y,Y
경상남도거창군치매안심센터,헤아림,2022 헤아림 가족교실 1기,2022-05-30,2022-06-30,13:00,17:00,12,내부인력,10,4,Y,Y
경상남도거창군치매안심센터,헤아림,2021 헤아림 가족교실 2기,2021-07-06,2021-07-29,12:00,13:00,10,내부인력,8,6,N,N
경상남도거창군치매안심센터,헤아림,2021 헤아림 가족교실 1기,2021-03-29,2021-04-22,12:00,13:00,10,내부인력,8,6,N,Y
경상남도거창군치매안심센터,헤아림,2020 가족교실,2020-09-24,2020-10-22,13:00,15:00,8,내부인력,8,2,N,Y
경상남도거창군치매안심센터,헤아림,2019 헤아림 가족교실,2019-10-07,2019-11-25,14:00,16:00,8,내부인력,16,4,Y,N
경상남도거창군치매안심센터,헤아림,제2기 가족교실,2018-10-08,2018-11-30,15:00,17:00,10,내부인력,8,6,Y,N
경상남도거창군치매안심센터,헤아림,'헤아림'가족교실,2018-06-08,2018-07-27,10:00,12:00,10,내부인력,8,6,Y,Y
경상남도고성군치매안심센터,기타,2025. 치매가족교실 '마음모아',2025-10-22,2025-11-26,14:00,16:00,10,내부인력,6,4,N,N
경상남도고성군치매안심센터,헤아림,2024 가족교실 헤아림,2024-06-05,2024-07-24,14:00,16:00,11,외부인력,8,4,Y,Y
경상남도고성군치매안심센터,헤아림,2023년 가족교실 '헤아림',2023-08-09,2023-09-27,14:00,16:00,10,외부인력,8,4,N,Y
경상남도고성군치매안심센터,헤아림,2022년 가족교실 '헤아림',2022-06-14,2022-08-02,14:00,16:00,10,외부인력,8,4,N,Y
경상남도고성군치매안심센터,헤아림,2021년 가족교실 '헤아림' 1기,2021-04-01,2021-05-20,14:00,16:00,15,외부인력,8,4,Y,Y
경상남도고성군치매안심센터,헤아림,가족교실헤아림(2020),2020-07-15,2020-09-16,14:00,16:00,15,외부인력,8,4,Y,Y
경상남도고성군치매안심센터,헤아림,가족교실헤아림2기,2019-09-18,2019-11-13,14:00,16:00,15,외부인력,9,4,Y,Y
경상남도고성군치매안심센터,헤아림,가족교실헤아림1기,2019-04-04,2019-05-23,14:00,16:00,15,외부인력,8,4,Y,Y
경상남도김해시치매안심센터,일상의 회복,2025년헤아림가족교실12기(심화),2025-03-06,2025-03-27,10:00,12:00,10,내부인력,4,2,Y,Y
경상남도김해시치매안심센터,헤아림,2025년헤아림가족교실12기(기본),2025-02-06,2025-02-27,10:00,12:00,10,내부인력,4,2,Y,Y
경상남도김해시치매안심센터,헤아림,2024년  헤아림 가족교실 11기,2024-03-07,2024-04-25,14:00,16:00,7,내부인력,8,4,Y,Y
경상남도김해시치매안심센터,헤아림,2023년 헤아림 가족교실 10기,2023-02-07,2023-03-28,14:00,16:00,3,내부인력,8,4,Y,Y
경상남도김해시치매안심센터,헤아림,2022년 헤아림 가족교실 9기,2022-06-07,2022-07-26,14:00,16:00,3,내부인력,8,4,Y,Y
경상남도김해시치매안심센터,헤아림,2021년  헤아림 가족교실 8기,2021-11-03,2021-12-22,14:00,16:00,5,내부인력,8,4,Y,Y
경상남도김해시치매안심센터,헤아림,2020년  헤아림 가족교실 7기,2020-11-04,2020-12-23,14:00,16:00,6,내부인력,8,4,Y,Y
경상남도김해시치매안심센터,헤아림,2020년 헤아림가족교실 6기,2020-01-09,2020-06-18,14:00,16:00,8,내부인력,24,4,Y,Y
경상남도김해시치매안심센터,헤아림,2019년 헤아림 가족교실 5기,2019-08-08,2019-10-17,14:00,16:30,5,내부인력,11,4,Y,Y
경상남도김해시치매안심센터,헤아림,2019년 헤아림 가족교실 4기,2019-05-30,2019-07-25,14:00,16:00,10,내부인력,9,4,Y,N
경상남도김해시치매안심센터,헤아림,2019년 헤아림 가족교실 3기,2019-03-21,2019-05-09,14:00,16:00,9,내부인력,8,4,Y,N
경상남도김해시치매안심센터,헤아림,2019년 헤아림가족교실2기,2019-01-10,2019-02-28,14:00,16:00,7,내부인력,8,6,Y,Y
경상남도김해시치매안심센터,헤아림,2018년 헤아림 가족교실 1기,2018-09-06,2018-10-25,14:00,16:00,6,내부인력,8,6,Y,Y
경상남도남해군치매안심센터,헤아림,2025 찾아가는 치매환자 가족교실(헤아림6기),2025-10-02,2025-11-27,14:00,16:00,6,내부인력,8,4,Y,N
경상남도남해군치매안심센터,헤아림,2025년 찾아가는 가족교실(헤아림5기),2025-09-02,2025-09-30,14:00,16:40,8,내부인력,4,2,N,Y
경상남도남해군치매안심센터,헤아림,2025년 헤아림 [4기],2025-07-02,2025-07-22,14:00,16:40,7,내부인력,4,2,Y,Y
경상남도남해군치매안심센터,헤아림,2025년 헤아림 [3기],2025-06-05,2025-06-26,14:00,16:40,7,내부인력,4,2,Y,Y
경상남도남해군치매안심센터,헤아림,2025년 헤아림 [2기],2025-04-01,2025-04-29,14:00,16:40,6,내부인력,4,2,Y,Y
경상남도남해군치매안심센터,헤아림,2025년 헤아림 [1기],2025-03-06,2025-03-27,14:00,16:40,11,내부인력,4,2,Y,Y
경상남도남해군치매안심센터,헤아림,2024년 가족교실 헤아림 4기,2024-11-08,2024-11-29,14:00,16:30,12,내부인력,4,2,Y,Y
경상남도남해군치매안심센터,헤아림,2024년 가족교실 헤아림 3기,2024-09-05,2024-09-26,14:00,16:40,9,내부인력,4,2,Y,Y
경상남도남해군치매안심센터,헤아림,2024년 가족교실 헤아림 2기,2024-06-05,2024-06-27,14:00,16:30,10,내부인력,4,2,Y,Y
경상남도남해군치매안심센터,헤아림,2024년 가족교실 헤아림 1기,2024-03-07,2024-03-28,14:00,16:30,6,내부인력,4,2,Y,Y
경상남도남해군치매안심센터,헤아림,2023년 헤아림 가족교실 2기,2023-10-24,2023-11-14,14:00,16:00,4,내부인력,4,2,Y,Y
경상남도남해군치매안심센터,헤아림,2023년 헤아림 가족교실 1기,2023-03-09,2023-03-30,14:00,16:00,8,내부인력,4,2,Y,Y
경상남도남해군치매안심센터,헤아림,2022년 가족교실 3기 「헤아림 3기」,2022-10-06,2022-10-27,14:00,16:00,3,내부인력,4,2,Y,N
경상남도남해군치매안심센터,헤아림,2022년 가족교실 2기 「헤아림 2기」,2022-07-14,2022-08-18,14:00,16:00,4,내부인력,4,2,Y,Y
경상남도남해군치매안심센터,헤아림,2022년 비대면 가족교실 「헤아림 1기」,2022-02-07,2022-03-04,14:00,16:40,10,내부인력,4,2,N,N
경상남도남해군치매안심센터,헤아림,2021년 가족교실 1기 [헤아림 1기],2021-11-11,2021-12-02,14:00,16:10,8,내부인력,4,4,Y,Y
경상남도남해군치매안심센터,헤아림,2020년 치매가족교실(헤아림 1기),2020-02-07,2020-05-26,14:00,16:00,8,내부인력,16,4,Y,Y
경상남도남해군치매안심센터,헤아림,2019년 가족교실 2기(헤아림 2기),2019-11-08,2019-11-29,14:00,16:00,4,내부인력,4,4,Y,Y
경상남도남해군치매안심센터,헤아림,2019년 가족교실 1기(헤아림 1기),2019-06-21,2019-07-12,14:00,16:00,4,내부인력,4,4,Y,Y
경상남도남해군치매안심센터,헤아림,헤아림 가족교실 2기,2018-07-04,2018-08-22,14:00,16:01,10,내부인력,8,6,Y,Y
경상남도남해군치매안심센터,헤아림,헤아림 가족교실1기,2018-05-02,2018-06-27,14:00,16:00,10,내부인력,8,6,Y,Y
경상남도창원시마산치매안심센터,헤아림,2025년 3기 헤아림 가족교실,2025-09-03,2025-10-29,10:00,12:00,7,내부인력,8,3,Y,Y
경상남도창원시마산치매안심센터,헤아림,2025년 2기 헤아림 가족교실,2025-06-05,2025-07-24,10:00,12:00,7,내부인력,8,3,N,Y
경상남도창원시마산치매안심센터,헤아림,2025년 1기 헤아림 가족교실,2025-03-06,2025-04-24,10:00,12:00,7,내부인력,8,3,N,Y
경상남도창원시마산치매안심센터,헤아림,2024년 3기 헤아림  가족교실,2024-09-25,2024-11-20,10:00,12:00,7,내부인력,8,4,N,Y
경상남도창원시마산치매안심센터,헤아림,2024년 2기 헤아림 가족교실,2024-05-22,2024-07-10,10:00,12:00,7,내부인력,8,4,N,Y
경상남도창원시마산치매안심센터,헤아림,2024년 1기 헤아림  가족교실,2024-03-06,2024-04-24,10:00,12:00,6,내부인력,8,3,N,Y
경상남도창원시마산치매안심센터,헤아림,2023년 3기 헤아림가족 교실,2023-10-12,2023-11-30,10:00,12:00,8,내부인력,8,5,N,N
경상남도창원시마산치매안심센터,기타,2023년 2기 단계별 치매환자 돌봄을 위한 가족프로그램,2023-05-24,2023-07-14,10:00,12:00,10,내부인력,8,6,N,Y
경상남도창원시마산치매안심센터,헤아림,2023년 1기 헤아림가족교실,2023-03-08,2023-04-26,10:00,12:00,8,내부인력,8,4,N,Y
경상남도창원시마산치매안심센터,헤아림,2022년 3기 헤아림,2022-09-15,2022-10-11,10:00,12:00,8,내부인력,8,2,Y,Y
경상남도창원시마산치매안심센터,헤아림,찾아가는 초기 치매가족교실 '헤아림' 운영,2022-06-22,2022-08-05,10:00,16:00,6,내부인력,33,4,N,Y
경상남도창원시마산치매안심센터,헤아림,2022년 1기 치매가족교실 '헤아림',2022-06-08,2022-07-01,10:00,12:00,6,내부인력,8,4,N,Y
경상남도창원시마산치매안심센터,헤아림,당신을 헤아리는 시간 2기,2021-09-07,2021-10-07,10:00,12:00,5,내부인력,8,4,N,Y
경상남도창원시마산치매안심센터,헤아림,당신을 헤아리는 시간1,2021-03-09,2021-04-27,10:00,12:00,8,내부인력,8,4,N,Y
경상남도창원시마산치매안심센터,헤아림,2020 치매환자 가족교실,2020-11-04,2020-11-25,13:00,15:00,10,내부인력,4,1,N,Y
경상남도창원시마산치매안심센터,헤아림,제4기 헤아림 가족교실,2019-10-16,2019-11-08,10:00,12:00,6,내부인력,8,4,Y,Y
경상남도창원시마산치매안심센터,헤아림,제3기 헤아림 가족교실,2019-08-20,2019-09-19,10:00,12:00,6,내부인력,8,4,Y,Y
경상남도창원시마산치매안심센터,헤아림,제2기 헤아림가족교실,2019-04-04,2019-05-23,10:00,12:00,6,내부인력,8,6,Y,Y
경상남도창원시마산치매안심센터,헤아림,제1기 헤아림 가족교실,2018-07-10,2018-08-02,10:00,12:00,5,내부인력,8,5,Y,Y
경상남도밀양시치매안심센터,헤아림,25. 2. 치매가족교실(헤아림),2025-10-15,2025-12-03,14:00,16:00,10,내부인력,8,1,Y,N
경상남도밀양시치매안심센터,기타,25년 찾아가는 치매가족교실(마음모아),2025-06-10,2025-07-11,14:00,15:00,3,내부인력,8,1,Y,Y
경상남도밀양시치매안심센터,헤아림,25. 1. 치매가족교실(헤아림),2025-05-20,2025-07-15,14:00,16:00,10,내부인력,9,1,Y,Y
경상남도밀양시치매안심센터,기타,24. 2기 가족교실(마음모아),2024-10-17,2024-11-21,14:00,16:00,10,내부인력,6,1,Y,Y
경상남도밀양시치매안심센터,기타,찾아가는 치매가족교실,2024-07-08,2024-08-23,10:30,14:30,7,내부인력,35,2,Y,Y
경상남도밀양시치매안심센터,기타,24.1 가족교실(마음모아),2024-04-18,2024-05-23,13:30,15:00,10,내부인력,6,1,Y,Y
경상남도밀양시치매안심센터,헤아림,23.2 헤아림 가족교실,2023-09-07,2023-10-19,14:00,15:30,10,내부인력,6,1,Y,Y
경상남도밀양시치매안심센터,헤아림,23.1 헤아림 가족교실,2023-05-11,2023-06-29,13:30,15:30,10,내부인력,8,1,Y,Y
경상남도밀양시치매안심센터,헤아림,22.1 헤아림 가족교실,2022-10-13,2022-12-01,13:30,15:30,10,내부인력,8,1,Y,Y
경상남도밀양시치매안심센터,헤아림,20.1 헤아림 가족교실,2020-08-20,2020-12-31,13:30,15:30,10,내부인력,20,1,Y,N
경상남도밀양시치매안심센터,헤아림,19.3 헤아림교실,2019-10-10,2019-11-28,14:00,16:00,10,내부인력,8,2,Y,Y
경상남도밀양시치매안심센터,헤아림,헤아림 가족교실,2019-05-09,2019-06-27,14:00,16:00,10,내부인력,8,2,Y,Y
경상남도밀양시치매안심센터,헤아림,헤아림 가족교실,2019-02-21,2019-04-11,14:00,16:00,10,내부인력,8,2,Y,Y
경상남도밀양시치매안심센터,헤아림,헤아림 가족교실,2018-07-17,2018-09-04,19:00,21:00,9,내부인력,8,8,Y,Y
경상남도밀양시치매안심센터,헤아림,헤아림가족교실,2018-02-19,2018-03-14,14:00,16:00,10,내부인력,8,5,Y,Y
경상남도사천시치매안심센터,헤아림,2025년 찾아가는 치매가족 및 보호자 가족교실 헤아림 4기,2025-09-01,2025-11-03,13:00,15:00,5,내부인력,8,6,Y,N
경상남도사천시치매안심센터,헤아림,2025년 찾아가는 치매가족 및 보호자 가족교실 헤아림 3기,2025-09-01,2025-11-03,10:00,12:00,5,내부인력,8,6,Y,N
경상남도사천시치매안심센터,헤아림,2025년 찾아가는 치매가족 및 보호자 가족교실 헤아림 2기,2025-04-09,2025-05-28,13:00,16:00,3,내부인력,8,8,Y,Y
경상남도사천시치매안심센터,헤아림,2025년 찾아가는 치매가족 및 보호자 가족교실 헤아림 1기,2025-04-09,2025-05-28,10:00,13:00,3,내부인력,8,8,Y,Y
경상남도사천시치매안심센터,헤아림,2024년 찾아가는 치매가족 및 보호자 가족교실 헤아림 4기,2024-09-06,2024-10-25,10:00,14:00,3,내부인력,8,8,Y,Y
경상남도사천시치매안심센터,헤아림,2024년 찾아가는 치매가족 및 보호자 가족교실 헤아림 3기,2024-09-02,2024-10-28,10:00,14:00,3,내부인력,8,8,Y,Y
경상남도사천시치매안심센터,헤아림,2024년 찾아가는 치매 가족 및 보호자 가족교실 헤아림 2기,2024-05-10,2024-06-28,09:00,13:00,3,내부인력,8,8,Y,Y
경상남도사천시치매안심센터,헤아림,2024년 찾아가는 치매가족 및 보호자 가족교실 헤아림 1기,2024-05-07,2024-06-25,09:00,13:00,3,내부인력,8,8,Y,Y
경상남도사천시치매안심센터,헤아림,2023년 찾아가는 슬기로운 돌봄 헤아림가족교실 4기,2023-10-16,2023-12-04,13:00,17:00,4,내부인력,8,8,Y,Y
경상남도사천시치매안심센터,헤아림,2023년 찾아가는 슬기로운 돌봄 헤아림가족교실 3기,2023-10-10,2023-11-28,14:00,17:00,5,내부인력,8,8,Y,Y
경상남도사천시치매안심센터,헤아림,2023년 찾아가는 슬기로운 돌봄 헤아림가족교실 2기,2023-02-24,2023-04-14,09:00,17:00,4,내부인력,8,4,Y,Y
경상남도사천시치매안심센터,헤아림,2023년 찾아가는 슬기로운 돌봄 헤아림가족교실 1기,2023-02-20,2023-04-10,09:00,17:00,5,내부인력,8,4,Y,Y
경상남도사천시치매안심센터,헤아림,돌봄의 클라쓰 1기,2022-08-09,2022-09-01,14:00,16:00,7,내부인력,8,4,Y,Y
경상남도사천시치매안심센터,헤아림,2022년 '찾아가는 헤아림' 3기,2022-04-05,2022-04-28,09:00,17:00,7,내부인력,8,4,Y,Y
경상남도사천시치매안심센터,헤아림,2022년 '찾아가는 헤아림' 2기,2022-03-08,2022-03-31,09:00,16:00,10,내부인력,8,4,Y,Y
경상남도사천시치매안심센터,헤아림,2022년 '찾아가는 헤아림' 1기,2022-01-18,2022-01-28,09:00,17:00,6,내부인력,8,4,Y,Y
경상남도사천시치매안심센터,헤아림,치매안심마을(휴먼시아)내 '마음튼튼' 헤아림가족교실,2021-08-05,2021-09-30,10:00,12:00,14,내부인력,8,4,Y,Y
경상남도사천시치매안심센터,헤아림,'마음튼튼' 헤아림 방문가족교실 4기,2021-04-05,2021-04-16,09:00,17:00,5,내부인력,8,4,Y,Y
경상남도사천시치매안심센터,헤아림,'마음튼튼' 헤아림 방문가족교실 3기,2021-03-15,2021-03-26,09:00,17:00,5,내부인력,8,4,Y,Y
경상남도사천시치매안심센터,헤아림,'마음튼튼' 헤아림 방문가족교실 2기,2021-02-22,2021-03-04,09:00,17:00,6,내부인력,8,4,Y,Y
경상남도사천시치매안심센터,헤아림,'마음튼튼' 헤아림 방문가족교실 1기,2021-02-08,2021-02-19,09:00,17:00,4,내부인력,8,4,Y,Y
경상남도사천시치매안심센터,헤아림,나무,2020-07-02,2020-08-20,14:00,16:00,11,내부인력,8,4,Y,Y
경상남도사천시치매안심센터,헤아림,따사로운 가족愛,2019-07-18,2019-09-19,14:00,16:00,10,내부인력,8,4,Y,Y
경상남도사천시치매안심센터,헤아림,가족튼튼 지킴이 2기,2018-09-28,2018-11-16,14:00,16:00,8,내부인력,7,6,Y,Y
경상남도사천시치매안심센터,헤아림,가족튼튼 지킴이,2018-06-05,2018-07-24,14:00,16:00,9,내부인력,7,6,Y,Y
경상남도산청군치매안심센터,헤아림,2025년 하반기 헤아림 가족교실,2025-10-16,2025-11-06,10:00,12:00,8,내부인력,8,8,N,N
경상남도산청군치매안심센터,헤아림,2025년 상반기 헤아림 가족교실,2025-05-26,2025-06-16,13:30,15:30,5,내부인력,8,8,N,Y
경상남도산청군치매안심센터,헤아림,2024년 하반기 노은마을회관 헤아림 가족교실,2024-08-02,2024-08-23,15:00,17:00,4,내부인력,8,4,N,Y
경상남도산청군치매안심센터,헤아림,2024년 하반기 관정마을회관 헤아림 가족교실,2024-08-07,2024-08-28,15:00,17:00,4,내부인력,8,4,N,Y
경상남도산청군치매안심센터,헤아림,2024년 상반기 헤아림 가족교실,2024-04-01,2024-04-29,13:30,15:30,5,내부인력,8,4,N,Y
경상남도산청군치매안심센터,헤아림,2023 4월(수) 헤아림 가족교실,2023-04-05,2023-04-26,10:00,12:00,2,내부인력,4,4,N,Y
경상남도산청군치매안심센터,헤아림,2023 4월(화) 헤아림 가족교실,2023-04-04,2023-04-25,10:00,12:00,2,내부인력,4,4,N,Y
경상남도산청군치매안심센터,헤아림,2023 3월(수) 헤아림 가족교실,2023-03-08,2023-03-29,10:00,12:00,2,내부인력,4,4,N,Y
경상남도산청군치매안심센터,헤아림,2023 3월(화) 헤아림 가족교실,2023-03-07,2023-03-28,10:00,12:00,2,내부인력,4,4,N,Y
경상남도산청군치매안심센터,헤아림,찾아가는 헤아림(상반기)1-1,2022-01-11,2022-02-08,13:00,16:00,1,외부인력,4,4,N,Y
경상남도산청군치매안심센터,헤아림,찾아가는 헤아림3-2,2022-01-13,2022-02-10,13:00,16:00,1,내부인력,4,4,N,Y
경상남도산청군치매안심센터,헤아림,찾아가는 헤아림3-1,2022-01-13,2022-02-10,09:00,12:00,1,내부인력,4,4,N,Y
경상남도산청군치매안심센터,헤아림,찾아가는 헤아림(상반기)2-2,2022-01-12,2022-02-09,13:00,16:00,1,내부인력,4,4,N,Y
경상남도산청군치매안심센터,헤아림,찾아가는 헤아림(상반기)2-1,2022-01-12,2022-02-09,09:00,12:00,1,내부인력,4,4,N,Y
경상남도산청군치매안심센터,헤아림,찾아가는 헤아림(상반기)1-2,2022-01-11,2022-02-08,13:00,16:00,1,내부인력,4,4,N,Y
경상남도산청군치매안심센터,헤아림,비대면 헤아림 가족교실,2021-11-24,2021-12-17,09:00,12:00,2,내부인력,8,4,N,Y
경상남도산청군치매안심센터,헤아림,함께 알아가는 치매 2,2020-01-07,2020-11-25,13:30,15:30,15,내부인력,8,4,N,Y
경상남도산청군치매안심센터,헤아림,함께 알아가는 치매,2019-08-02,2019-10-25,09:30,11:30,10,내부인력,13,4,N,Y
경상남도양산시치매안심센터,기타,2025년 치매가족 교육프로그램 마음모아(MORE)- 하반기,2025-11-10,2025-11-27,14:00,16:00,10,내부인력,6,3,N,N
경상남도양산시치매안심센터,기타,2025년 치매가족 교육프로그램 마음모아(MORE)- 상반기,2025-04-15,2025-05-27,14:00,16:00,10,내부인력,6,3,Y,Y
경상남도양산시치매안심센터,헤아림,2024년 가족교실 헤아림,2024-03-20,2024-04-24,14:00,16:00,10,내부인력,5,1,N,Y
경상남도양산시치매안심센터,헤아림,2023년 치매 가족교실,2023-04-04,2023-05-09,14:00,16:00,10,내부인력,6,4,Y,Y
경상남도양산시치매안심센터,헤아림,2022년 치매 가족교실,2022-05-18,2022-06-30,18:00,20:00,10,내부인력,6,4,Y,Y
경상남도양산시치매안심센터,헤아림,치매어르신을 섬기기 위해 애쓰는 모든 가족들에게 '헤아림 가족교실',2021-04-06,2021-05-25,14:00,16:00,10,내부인력,8,4,Y,Y
경상남도양산시치매안심센터,헤아림,"더큰사랑, 함께하는 마음",2020-06-16,2020-06-30,14:00,16:00,11,내부인력,5,3,Y,Y
경상남도양산시치매안심센터,헤아림,"마음나누기, 희망더하기",2019-04-04,2019-05-09,14:00,16:00,11,내부인력,6,4,Y,Y
경상남도양산시치매안심센터,헤아림,가족튼튼 마음지킴이 헤아림 가족교실,2018-05-25,2018-07-13,14:00,16:00,9,내부인력,8,6,Y,Y
경상남도의령군치매안심센터,헤아림,2025년 마음동행 가족교실,2025-04-01,2025-05-27,09:30,12:00,10,외부인력,8,4,Y,Y
경상남도의령군치매안심센터,헤아림,2024년 마음동행 가족교실,2024-09-02,2024-10-28,13:30,16:30,13,외부인력,8,4,Y,Y
경상남도의령군치매안심센터,헤아림,2023년 치매환자 가족교실,2023-09-11,2023-11-13,14:00,16:00,12,외부인력,8,8,Y,Y
경상남도의령군치매안심센터,헤아림,2022년 치매환자 가족교실,2022-10-07,2022-11-25,10:00,12:00,11,내부인력,8,8,Y,Y
경상남도의령군치매안심센터,헤아림,2021년 기억보듬이 헤아림 가족교실,2021-10-18,2021-12-06,09:00,17:00,6,내부인력,8,8,Y,Y
경상남도의령군치매안심센터,헤아림,기억보듬이 가족교실,2019-09-17,2019-10-15,09:00,11:00,4,내부인력,5,4,Y,Y
경상남도진주시치매안심센터,가치돌봄(집중),2025 가치돌봄 2기,2025-06-24,2025-07-15,13:30,15:30,20,내부인력,4,2,Y,Y
경상남도진주시치매안심센터,가치돌봄(기본),2025 가치돌봄 1기,2025-03-13,2025-04-24,14:00,16:00,15,내부인력,7,4,Y,Y
경상남도진주시치매안심센터,헤아림,2024 헤아림 28기,2024-05-22,2024-07-12,14:00,16:00,10,내부인력,8,2,Y,Y
경상남도진주시치매안심센터,헤아림,2024 헤아림 27기,2024-01-10,2024-02-28,14:00,16:00,10,내부인력,8,4,Y,Y
경상남도진주시치매안심센터,헤아림,2023 헤아림 26기,2023-11-08,2023-12-27,09:30,11:30,15,내부인력,8,4,Y,Y
경상남도진주시치매안심센터,헤아림,2023 헤아림 25기,2023-09-06,2023-10-25,00:00,00:00,8,내부인력,8,1,Y,Y
경상남도진주시치매안심센터,헤아림,2023 헤아림 24기,2023-07-12,2023-08-30,09:30,11:30,8,내부인력,8,4,Y,Y
경상남도진주시치매안심센터,헤아림,2023 헤아림 23기,2023-05-03,2023-06-21,09:30,11:30,8,내부인력,1,1,Y,Y
경상남도진주시치매안심센터,헤아림,2023 헤아림 22기 (오전반),2023-01-11,2023-03-03,10:00,12:00,5,내부인력,8,3,Y,Y
경상남도진주시치매안심센터,헤아림,2023 헤아림 22기 (오후반),2023-01-03,2023-03-02,14:00,16:00,5,내부인력,9,3,Y,Y
경상남도진주시치매안심센터,헤아림,2022 헤아림 21기,2022-10-06,2022-10-27,09:00,12:00,12,내부인력,8,1,Y,Y
경상남도진주시치매안심센터,헤아림,2022 헤아림 20기(1),2022-09-01,2022-09-30,09:00,12:00,10,내부인력,8,1,Y,Y
경상남도진주시치매안심센터,헤아림,2022 헤아림 19기(1),2022-08-04,2022-08-25,09:00,12:00,10,내부인력,8,1,Y,Y
경상남도진주시치매안심센터,헤아림,2022 헤아림 18기(1:1방문),2022-06-07,2022-06-28,13:30,16:30,5,내부인력,8,1,N,Y
경상남도진주시치매안심센터,헤아림,2022 헤아림 17기,2022-06-02,2022-07-21,09:30,11:30,10,내부인력,8,1,Y,Y
경상남도진주시치매안심센터,헤아림,헤아림 가족교실 15기(1:1 방문),2021-10-01,2021-10-29,13:00,16:00,5,내부인력,5,1,Y,Y
경상남도진주시치매안심센터,헤아림,헤아림 가족교실 16기,2021-10-13,2021-11-19,09:00,12:00,10,내부인력,6,1,Y,Y
경상남도진주시치매안심센터,헤아림,헤아림 가족교실 14기(1:1),2021-08-04,2021-08-31,09:00,12:00,10,내부인력,8,1,Y,Y
경상남도진주시치매안심센터,헤아림,헤아림 가족교실 13기,2021-07-09,2021-09-29,09:00,12:00,10,내부인력,8,1,Y,Y
경상남도진주시치매안심센터,헤아림,헤아림 가족교실 12기(1:1),2021-06-09,2021-06-30,09:00,12:00,10,내부인력,8,1,Y,N
경상남도진주시치매안심센터,기타,일상의 회복,2021-06-08,2021-06-08,10:00,12:00,5,내부인력,4,1,Y,N
경상남도진주시치매안심센터,헤아림,헤아림가족교실 11기(1:1),2021-03-05,2021-03-26,09:00,12:00,10,내부인력,8,1,Y,Y
경상남도진주시치매안심센터,헤아림,헤아림 가족교실 10기,2020-11-04,2020-11-27,10:00,12:00,10,내부인력,8,1,Y,N
경상남도진주시치매안심센터,헤아림,헤아림 가족교실 9기,2019-11-19,2019-12-31,10:00,12:00,15,내부인력,8,1,Y,N
경상남도진주시치매안심센터,헤아림,헤아림 가족교실 8기,2019-09-24,2019-11-12,10:00,12:00,15,내부인력,8,1,Y,Y
경상남도진주시치매안심센터,헤아림,헤아림가족교실 7시,2019-07-29,2019-09-17,10:00,12:00,10,내부인력,8,1,Y,Y
경상남도진주시치매안심센터,헤아림,헤아림가족교실 6기,2019-06-04,2019-07-23,10:00,12:00,10,내부인력,8,1,Y,Y
경상남도진주시치매안심센터,헤아림,헤아림 가족교실 5기,2019-04-02,2019-05-21,14:30,16:30,10,내부인력,8,1,Y,Y
경상남도진주시치매안심센터,헤아림,헤아림 가족교실 4기,2019-02-01,2019-03-29,14:30,16:30,10,내부인력,8,1,Y,Y
경상남도진주시치매안심센터,헤아림,헤아림 가족교실 3기,2018-12-07,2019-01-25,14:30,16:30,10,내부인력,8,1,Y,Y
경상남도진주시치매안심센터,헤아림,헤아림 가족교실 2기,2018-10-05,2018-11-23,14:30,16:30,10,내부인력,8,1,Y,Y
경상남도진주시치매안심센터,헤아림,헤아림 가족교실 1기,2018-08-10,2018-09-28,14:30,16:30,10,내부인력,8,1,Y,Y
경상남도창원시진해치매안심센터,헤아림,2025년 찾아가는 헤아림 가족교실 3기(진해노인종합복지관),2025-10-15,2025-12-17,10:00,12:00,15,내부인력,10,5,N,N
경상남도창원시진해치매안심센터,헤아림,2025년 찾아가는 헤아림 가족교실 2기(진해서부노인종합복지관),2025-10-02,2025-10-30,13:00,15:00,15,내부인력,4,2,N,Y
경상남도창원시진해치매안심센터,헤아림,2025년 찾아가는 헤아림 가족교실 1기,2025-03-19,2025-05-21,10:00,12:00,15,내부인력,10,5,Y,Y
경상남도창원시진해치매안심센터,헤아림,2025년 헤아림 가족교실,2025-02-12,2025-04-23,13:30,15:30,15,내부인력,10,3,N,Y
경상남도창원시진해치매안심센터,헤아림,2024년 찾아가는 가족교실 3기,2024-10-16,2024-12-11,10:00,12:00,10,내부인력,9,6,N,Y
경상남도창원시진해치매안심센터,헤아림,2024년 찾아가는 가족교실 2기,2024-07-03,2024-08-21,10:00,12:00,12,내부인력,8,5,N,Y
경상남도창원시진해치매안심센터,헤아림,2024년 찾아가는 가족교실 1기,2024-03-08,2024-04-26,10:00,12:00,12,내부인력,8,5,N,Y
경상남도창원시진해치매안심센터,헤아림,2024년 헤아림 가족교실,2024-02-14,2024-04-03,13:30,15:30,10,내부인력,8,6,N,Y
경상남도창원시진해치매안심센터,헤아림,23년 찾아가는 가족교실 2기,2023-10-13,2023-12-01,10:00,12:00,15,내부인력,8,6,N,Y
경상남도창원시진해치매안심센터,기타,단계별 치매환자를 위한 가족프로그램(실험군),2023-07-05,2023-08-23,14:00,15:30,5,내부인력,8,6,N,Y
경상남도창원시진해치매안심센터,헤아림,2023년 찾아가는 가족교실  1기,2023-05-12,2023-07-07,10:00,12:00,10,내부인력,8,6,N,Y
경상남도창원시진해치매안심센터,헤아림,2023년 헤아림 가족교실 1기,2023-02-08,2023-05-10,14:00,16:00,12,내부인력,14,8,Y,Y
경상남도창원시진해치매안심센터,헤아림,2022년 헤아림 가족교실 1기,2022-09-20,2022-11-08,10:00,12:00,20,내부인력,8,6,N,Y
경상남도창원시진해치매안심센터,헤아림,2021년 헤아림 가족교실 2기,2021-10-19,2021-12-21,10:00,12:00,8,내부인력,10,5,Y,N
경상남도창원시진해치매안심센터,헤아림,2021년 헤아림 가족교실 1기,2021-05-04,2021-07-06,10:00,12:00,6,내부인력,10,7,N,N
경상남도창원시진해치매안심센터,헤아림,2020년 헤아림가족교실 1기,2020-01-28,2020-04-14,13:00,15:00,10,내부인력,12,8,Y,N
경상남도창원시진해치매안심센터,헤아림,2019년 헤아림가족교실 3기,2019-10-01,2019-11-19,13:00,15:00,10,내부인력,8,8,Y,Y
경상남도창원시진해치매안심센터,헤아림,2019년 헤아림가족교실 2기,2019-07-16,2019-09-03,13:00,15:00,8,내부인력,8,6,Y,Y
경상남도창원시진해치매안심센터,헤아림,2019년 헤아림가족교실 1기,2019-04-19,2019-06-21,13:00,15:00,8,내부인력,8,6,Y,Y
경상남도창원시진해치매안심센터,헤아림,2018년 헤아림가족교실 1기,2018-07-13,2018-08-31,14:00,16:00,12,내부인력,8,6,Y,Y
경상남도창녕군치매안심센터,기타,창녕 마음모아(MORE)5기,2025-06-17,2025-07-01,14:00,15:30,5,내부인력,3,4,N,Y
경상남도창녕군치매안심센터,기타,남지 마음모아(MORE) 5기,2025-06-16,2025-06-30,14:00,17:00,7,내부인력,6,4,N,Y
경상남도창녕군치매안심센터,기타,창녕 마음모아(MORE)4기,2024-11-11,2024-12-16,09:00,12:00,5,내부인력,6,4,Y,Y
경상남도창녕군치매안심센터,기타,남지 마음모아(MORE) 4기,2024-11-15,2024-12-20,09:00,12:00,7,내부인력,6,4,Y,Y
경상남도창녕군치매안심센터,기타,창녕 마음모아(MORE) 3기,2024-04-30,2024-05-13,14:00,17:00,5,내부인력,6,4,N,Y
경상남도창녕군치매안심센터,기타,남지 마음모아(MORE) 3기,2024-05-20,2024-06-03,14:00,17:00,8,내부인력,6,4,N,Y
경상남도창녕군치매안심센터,기타,남지 마음모아(MORE) 2기,2023-11-16,2023-11-30,14:00,17:00,8,내부인력,6,4,N,Y
경상남도창녕군치매안심센터,기타,창녕 마음모아(MORE) 2기,2023-11-16,2023-11-30,14:00,17:00,4,내부인력,6,4,N,Y
경상남도창녕군치매안심센터,기타,단계별 치매환자 돌봄을 위한 가족프로그램(실험군-남지),2023-06-01,2023-07-13,14:00,16:00,8,내부인력,8,6,Y,Y
경상남도창녕군치매안심센터,기타,창녕 단계별 치매환자 돌봄을 위한 가족프로그램(실험군),2023-05-18,2023-07-06,14:00,16:00,6,내부인력,7,6,Y,Y
경상남도창녕군치매안심센터,기타,창녕 마음모아(MORE)  1기,2022-12-01,2022-12-15,14:00,17:00,5,내부인력,6,4,N,Y
경상남도창녕군치매안심센터,기타,남지 마음모아(MORE) 1기,2022-11-21,2022-12-05,14:00,17:00,8,내부인력,6,4,N,Y
경상남도창녕군치매안심센터,헤아림,남지 헤아림 7기,2022-05-12,2022-06-02,14:00,17:00,8,내부인력,8,6,N,Y
경상남도창녕군치매안심센터,헤아림,창녕 헤아림 8기,2022-05-12,2022-06-09,14:00,17:00,8,내부인력,8,6,N,Y
경상남도창녕군치매안심센터,헤아림,창녕 헤아림 7기,2021-10-22,2021-11-12,14:00,17:00,8,내부인력,8,6,N,Y
경상남도창녕군치매안심센터,헤아림,남지 헤아림 6기,2021-10-21,2021-11-11,14:00,17:00,8,내부인력,8,6,N,Y
경상남도창녕군치매안심센터,헤아림,남지 헤아림 5기,2021-05-13,2021-07-01,14:00,16:00,8,내부인력,8,6,N,Y
경상남도창녕군치매안심센터,헤아림,창녕 헤아림 6기,2021-05-10,2021-07-12,14:00,16:00,8,내부인력,8,6,Y,Y
경상남도창녕군치매안심센터,헤아림,남지 헤아림 4기,2020-07-08,2020-09-09,14:00,16:00,8,내부인력,8,6,N,Y
경상남도창녕군치매안심센터,헤아림,창녕 헤아림 5기,2020-07-01,2020-08-19,14:00,16:00,8,내부인력,8,6,Y,Y
경상남도창녕군치매안심센터,헤아림,남지 헤아림 3기,2019-09-03,2019-10-22,14:00,16:00,8,내부인력,8,6,Y,Y
경상남도창녕군치매안심센터,헤아림,창녕 헤아림 4기,2019-09-04,2019-10-30,14:00,16:00,8,내부인력,8,6,Y,Y
경상남도창녕군치매안심센터,헤아림,창녕 헤아림 3기,2019-03-06,2019-04-24,14:00,16:00,6,내부인력,8,6,Y,Y
경상남도창녕군치매안심센터,헤아림,남지 헤아림 2기,2019-03-05,2019-04-23,14:00,16:00,6,내부인력,8,6,Y,N
경상남도창녕군치매안심센터,헤아림,창녕 헤아림 2기,2018-10-02,2018-11-27,14:00,16:00,10,내부인력,8,6,Y,Y
경상남도창녕군치매안심센터,헤아림,남지 헤아림 1기,2018-10-10,2018-11-28,14:00,16:00,7,내부인력,8,6,Y,N
경상남도창녕군치매안심센터,헤아림,창녕 헤아림 1기,2018-03-27,2018-05-29,14:00,16:00,10,내부인력,8,4,Y,Y
경상남도창원시치매안심센터,가치돌봄(집중),2025년 하반기 가치돌봄 가족교실,2025-07-03,2025-09-18,09:30,11:00,10,내부인력,10,5,N,Y
경상남도창원시치매안심센터,가치돌봄(집중),2025년 상반기 가치돌봄 가족교실,2025-03-12,2025-05-14,10:00,11:30,10,내부인력,10,5,N,Y
경상남도창원시치매안심센터,헤아림,2024년 하반기 헤아림가족교실 (공감),2024-09-04,2024-11-13,10:00,11:30,10,내부인력,10,5,N,Y
경상남도창원시치매안심센터,헤아림,2024년 상반기 헤아림가족교실 (공감),2024-02-21,2024-05-01,10:00,11:20,10,내부인력,10,5,N,Y
경상남도창원시치매안심센터,헤아림,2023년 하반기 헤아림가족교실(공감),2023-10-11,2023-12-13,10:30,11:50,10,내부인력,10,5,N,Y
경상남도창원시치매안심센터,헤아림,2023년 상반기 헤아림가족교실 (공감),2023-02-01,2023-04-12,10:00,11:20,10,내부인력,10,5,N,N
경상남도창원시치매안심센터,헤아림,2022년 온라인 가족교실 : 다같이 함께해요(하반기),2022-09-05,2022-12-16,09:00,17:00,15,내부인력,60,40,N,Y
경상남도창원시치매안심센터,헤아림,2022년 헤아림 가족교실 2기 : 다같이 함께,2022-09-06,2022-11-08,10:00,11:30,8,내부인력,10,5,N,Y
경상남도창원시치매안심센터,헤아림,2022년 온라인으로 다함께 가족교실 (상반기),2022-01-17,2022-06-30,10:00,16:00,15,내부인력,60,35,N,N
경상남도창원시치매안심센터,헤아림,2022년 헤아림가족교실 1기(다같이 함께),2022-01-18,2022-04-05,10:00,11:20,10,내부인력,10,6,N,Y
경상남도창원시치매안심센터,헤아림,2021년 溫(온)라인으로 행복한 (가)家III,2021-09-01,2021-12-10,09:00,18:00,15,내부인력,40,10,N,N
경상남도창원시치매안심센터,헤아림,2021년 3기 줌 헤아림 가족교실,2021-09-01,2021-10-08,10:00,11:30,10,내부인력,11,4,N,Y
경상남도창원시치매안심센터,헤아림,2021년 2기 줌(zoom)헤아림 가족교실,2021-05-27,2021-06-30,14:00,15:30,4,내부인력,10,6,N,Y
경상남도창원시치매안심센터,헤아림,2021년 溫(온)라인으로 행복한 (가)家II,2021-05-03,2021-06-30,09:00,16:00,10,내부인력,43,7,N,Y
경상남도창원시치매안심센터,헤아림,2021년 溫(온)기종기 가족교실 제1기,2021-04-19,2021-05-26,10:00,11:20,8,내부인력,10,4,Y,Y
경상남도창원시치매안심센터,헤아림,2021년 溫(온)라인으로 행복한 (가)家I,2021-02-01,2021-04-09,09:00,17:00,10,내부인력,47,20,N,Y
경상남도창원시치매안심센터,헤아림,2020년 제2기 나도함께 밴드,2020-09-14,2020-11-27,10:00,12:00,10,내부인력,55,5,N,Y
경상남도창원시치매안심센터,헤아림,2020년 헤아림 가족교실 1기,2020-01-15,2020-03-04,10:00,12:00,10,내부인력,8,4,Y,N
경상남도창원시치매안심센터,헤아림,제3기 헤아림가족교실,2019-09-19,2019-11-07,10:00,12:00,10,내부인력,8,5,Y,N
경상남도창원시치매안심센터,헤아림,19년 헤아림 2기,2019-06-13,2019-07-25,10:00,12:00,10,내부인력,8,4,Y,Y
경상남도창원시치매안심센터,헤아림,19년 헤아림1기,2019-02-07,2019-03-28,10:00,12:00,8,내부인력,8,4,Y,Y
경상남도창원시치매안심센터,헤아림,헤아림2기,2018-09-06,2018-10-25,10:00,12:00,8,내부인력,8,6,Y,N
경상남도창원시치매안심센터,헤아림,헤아림1기,2018-04-12,2018-05-31,10:00,12:00,8,내부인력,8,6,Y,N
경상남도통영시치매안심센터,가치돌봄(집중),2025년 가치돌봄 가족교실,2025-11-03,2025-11-26,14:00,16:00,10,내부인력,8,6,Y,N
경상남도통영시치매안심센터,헤아림,헤아림 가족교실,2024-11-06,2024-11-27,14:00,17:00,12,내부인력,8,4,Y,Y
경상남도통영시치매안심센터,헤아림,헤아림 가족교실,2023-10-18,2023-10-27,10:00,12:00,10,내부인력,4,6,Y,Y
경상남도통영시치매안심센터,헤아림,치매안심마을 기억채움 청춘사진관 운영(창포마을),2022-09-28,2022-09-28,14:00,16:00,20,내부인력,1,1,Y,N
경상남도통영시치매안심센터,헤아림,헤아림가족교실,2022-08-05,2022-08-26,10:00,12:00,15,내부인력,8,6,Y,Y
경상남도통영시치매안심센터,한국치매협회 치매가족지지프로그램,2021 치매가족교실,2021-09-10,2021-10-08,10:00,12:00,10,외부인력,8,6,Y,Y
경상남도통영시치매안심센터,한국치매협회 치매가족지지프로그램,도란도란 가족교실 2,2019-10-04,2019-10-25,10:00,12:00,6,외부인력,8,6,Y,Y
경상남도통영시치매안심센터,한국치매협회 치매가족지지프로그램,도란도란 가족교실 1,2019-03-08,2019-03-29,10:00,12:00,10,외부인력,8,6,Y,Y
경상남도통영시치매안심센터,한국치매협회 치매가족지지프로그램,도란도란 가족교실,2018-09-07,2018-09-28,14:00,16:00,12,외부인력,8,6,Y,Y
경상남도하동군치매안심센터,일상의 회복,2025 하반기 일상의 회복 가족교실,2025-09-03,2025-09-24,13:30,16:30,13,내부인력,1,1,Y,Y
경상남도하동군치매안심센터,헤아림,2025 상반기 헤아림 가족교실,2025-04-01,2025-04-22,13:30,16:30,18,내부인력,8,1,Y,Y
경상남도하동군치매안심센터,기타,2024 하반기 마음모아 가족교실,2024-10-29,2024-11-19,13:00,16:00,25,내부인력,8,1,Y,Y
경상남도하동군치매안심센터,헤아림,2024 치매환자 가족교실 '헤아림',2024-04-05,2024-04-26,13:30,16:30,15,내부인력,8,1,Y,Y
경상남도하동군치매안심센터,헤아림,2023 하반기 치매환자 가족교실,2023-08-29,2023-09-19,13:30,14:30,10,내부인력,8,3,Y,Y
경상남도하동군치매안심센터,헤아림,2023년 치매환자 가족교실 '헤아림',2023-03-31,2023-04-28,13:30,16:30,12,내부인력,8,2,Y,Y
경상남도하동군치매안심센터,헤아림,2022년 제1기 헤아림 가족교실 운영,2022-11-08,2022-12-27,00:00,00:00,12,내부인력,8,6,Y,Y
경상남도하동군치매안심센터,헤아림,2021년 제1기 헤아림가족교실 운영,2021-08-20,2021-09-24,13:00,17:00,10,내부인력,4,6,Y,N
경상남도하동군치매안심센터,헤아림,2020년 제1기 헤아림 가족교실 운영,2020-11-09,2020-12-28,10:00,12:00,10,내부인력,8,6,Y,N
경상남도하동군치매안심센터,헤아림,2019년 제2기 헤아림가족교실,2019-10-31,2019-12-19,10:00,12:00,10,내부인력,8,5,Y,N
경상남도하동군치매안심센터,헤아림,2019년 제1기 헤아림가족교실,2019-04-11,2019-06-20,10:00,12:00,10,내부인력,10,5,Y,Y
경상남도하동군치매안심센터,헤아림,헤아림 치매가족지지모임(하동군보건소),2018-06-25,2018-07-04,13:30,15:30,8,내부인력,8,6,Y,Y
경상남도함안군치매안심센터,기타,마음모아 가족교실(2025년),2025-07-21,2025-09-01,09:00,10:30,12,내부인력,6,4,N,Y
경상남도함안군치매안심센터,헤아림,헤아림(2024년 1기),2024-06-13,2024-08-08,13:00,15:00,12,내부인력,9,4,Y,Y
경상남도함안군치매안심센터,헤아림,헤아림(2023년 1기),2023-10-06,2023-11-24,13:00,15:00,10,내부인력,8,4,N,Y
경상남도함안군치매안심센터,헤아림,헤아림(2022년 1기),2022-06-03,2022-06-24,14:30,17:30,10,내부인력,8,3,Y,Y
경상남도함안군치매안심센터,한국치매협회 치매가족지지프로그램,치매가족교실(강사 서승아),2021-10-08,2021-10-29,13:00,17:30,10,외부인력,4,3,Y,Y
경상남도함안군치매안심센터,헤아림,헤아림 3기,2019-04-25,2019-06-20,16:00,18:00,13,외부인력,8,4,Y,Y
경상남도함안군치매안심센터,헤아림,헤아림2기,2018-11-07,2018-12-12,14:00,16:00,10,외부인력,8,6,Y,Y
경상남도함안군치매안심센터,헤아림,헤아림,2018-05-10,2018-06-28,16:00,18:00,12,내부인력,8,6,Y,Y
경상남도함양군치매안심센터,기타,2025년 가족교실(마음MORE모아),2025-03-11,2025-04-03,09:00,12:00,10,내부인력,8,5,Y,Y
경상남도함양군치매안심센터,기타,2024년 가족교실(마음MORE모아),2024-08-05,2024-08-30,09:00,12:00,10,내부인력,8,3,Y,Y
경상남도함양군치매안심센터,헤아림,찾아가는 알콩달콩 가족교실,2023-07-03,2023-07-28,13:00,15:00,10,내부인력,8,3,Y,Y
경상남도함양군치매안심센터,헤아림,알콩달콩 함께하는 헤아림교실,2022-09-06,2022-11-24,13:00,16:00,20,내부인력,8,2,Y,Y
경상남도함양군치매안심센터,헤아림,찾아가는 가족교실,2021-10-06,2021-11-25,13:30,15:30,5,내부인력,2,8,Y,Y
경상남도함양군치매안심센터,헤아림,알콩달콩가족이야기,2019-05-07,2019-05-29,09:30,11:30,10,내부인력,8,6,Y,Y
경상남도합천군치매안심센터,기타,치매가족교실 (마음모아),2025-06-10,2025-07-29,12:00,14:00,9,내부인력,8,4,Y,N
경상남도합천군치매안심센터,헤아림,2024년 가족교실 헤아림,2024-06-10,2024-07-29,13:00,15:00,10,내부인력,1,4,Y,Y
경상남도합천군치매안심센터,헤아림,가족교실(헤아림),2023-10-31,2023-11-23,13:00,15:00,10,내부인력,8,4,Y,Y
경상남도합천군치매안심센터,헤아림,2022년 하반기 치매가족교실,2022-11-18,2022-12-09,13:00,14:00,5,내부인력,4,2,Y,N
경상남도합천군치매안심센터,헤아림,2022년 상반기 치매가족교실,2022-05-09,2022-06-08,09:00,10:00,4,내부인력,8,4,Y,Y
경상남도합천군치매안심센터,헤아림,21년 상반기 가족교실,2021-06-08,2021-07-02,09:00,10:00,5,내부인력,8,3,Y,Y
경상남도합천군치매안심센터,헤아림,20년 하반기 가족교실,2020-11-11,2021-12-31,10:00,12:00,10,내부인력,59,6,Y,N
경상남도합천군치매안심센터,헤아림,헤아림,2020-02-04,2020-02-28,10:00,12:00,10,내부인력,2,4,Y,N
경상남도합천군치매안심센터,헤아림,헤아림,2019-10-22,2019-11-15,09:30,11:30,10,내부인력,4,4,Y,N
경상남도합천군치매안심센터,헤아림,헤아림,2019-05-03,2019-06-21,10:00,12:00,11,내부인력,8,4,Y,N
경상남도합천군치매안심센터,헤아림,가족교실 '헤아림',2018-11-07,2018-12-26,10:00,11:40,8,내부인력,8,3,Y,Y
경상남도합천군치매안심센터,헤아림,치매환자 가족을 위한 가족교실,2018-06-22,2018-08-10,14:00,16:00,7,내부인력,1,3,Y,N
경상남도합천군치매안심센터,한국치매협회 치매가족지지프로그램,2018년 치매환자 가족을 위한 가족교실,2018-05-11,2018-05-25,10:00,12:00,7,외부인력,1,3,Y,N
제주도서귀포시동부치매안심센터,헤아림,2025년 가족교실 [헤아림],2025-06-04,2025-06-25,10:00,12:00,10,외부인력,8,4,Y,Y
제주도서귀포시동부치매안심센터,헤아림,2024년 헤아림 가족교실,2024-10-08,2024-10-29,15:00,17:00,10,외부인력,8,3,Y,Y
제주도서귀포시동부치매안심센터,헤아림,헤아림 가족교실,2023-10-16,2023-11-06,14:00,16:00,10,외부인력,8,3,N,N
제주도서귀포시동부치매안심센터,헤아림,찾아가는 가족교실( 개별),2022-08-22,2022-09-26,09:00,18:00,10,내부인력,8,4,N,Y
제주도서귀포시동부치매안심센터,헤아림,찾아가는 가족교실(개별),2021-08-01,2021-09-30,10:00,18:00,10,내부인력,4,4,N,Y
제주도서귀포시동부치매안심센터,헤아림,헤아림가족교실,2020-10-05,2020-11-30,10:00,12:00,10,내부인력,4,4,Y,Y
제주도서귀포시동부치매안심센터,헤아림,헤아림 가족교실(1기),2019-07-22,2019-08-02,14:00,16:00,10,외부인력,8,4,Y,Y
제주도서귀포시치매안심센터,헤아림,2025년 헤아림 치매가족교실 프로그램운영,2025-03-11,2025-04-01,14:00,16:00,8,외부인력,8,4,Y,Y
제주도서귀포시치매안심센터,헤아림,2024년 헤아림 치매가족교실 운영,2024-03-07,2024-03-28,14:00,16:00,10,외부인력,4,4,Y,Y
제주도서귀포시치매안심센터,헤아림,2023년 헤아림 치매가족교실,2023-03-06,2023-03-29,10:00,12:00,20,외부인력,8,4,Y,Y
제주도서귀포시치매안심센터,기타,"2022 ""똑똑한 돌봄"" 소리함(비대면가족교실)",2022-02-21,2022-09-30,09:00,18:00,200,내부인력,50,1,N,N
제주도서귀포시치매안심센터,헤아림,"2021 ""똑똑한 돌봄"" 소리함(비대면가족교실)",2021-04-01,2021-11-08,09:00,18:00,113,내부인력,46,1,N,N
제주도서귀포시치매안심센터,헤아림,2019 헤아림 치매가족교실&자조모임2,2019-10-28,2019-11-22,14:00,16:00,10,외부인력,8,0,Y,N
제주도서귀포시치매안심센터,헤아림,2019 헤아림 치매가족교실,2019-09-23,2019-10-18,14:00,16:00,10,외부인력,8,0,Y,N
제주도서귀포시치매안심센터,헤아림,2018년 하반기 치매가족교실 (헤아림),2018-11-06,2018-11-29,18:30,20:30,10,내부인력,8,6,Y,Y
제주도서귀포시치매안심센터,헤아림,헤아림가족교실,2018-05-01,2018-07-10,14:00,16:00,10,외부인력,8,6,Y,Y
제주도서귀포시서부치매안심센터,헤아림,2025 헤아림 가족교실,2025-06-09,2025-06-30,14:00,16:00,10,외부인력,8,4,Y,Y
제주도서귀포시서부치매안심센터,헤아림,2024 헤아림 가족교실,2024-06-18,2024-06-28,14:00,16:00,10,외부인력,8,4,Y,Y
제주도서귀포시서부치매안심센터,헤아림,2023 헤아림 가족교실,2023-10-05,2023-10-26,14:00,16:00,6,외부인력,8,4,N,Y
제주도서귀포시서부치매안심센터,헤아림,2022 헤아림가족교실,2022-10-17,2022-10-25,09:00,10:20,5,내부인력,8,4,N,Y
제주도서귀포시서부치매안심센터,헤아림,2021 헤아림 치매가족교실 - 조영0님,2021-09-01,2021-10-08,10:00,12:00,1,내부인력,8,4,Y,Y
제주도서귀포시서부치매안심센터,헤아림,2021 헤아림 치매가족교실 - 변순0님,2021-09-01,2021-10-08,13:00,15:00,1,내부인력,8,4,Y,Y
제주도서귀포시서부치매안심센터,헤아림,2021 헤아림 치매가족교실 - 김경0님,2021-09-01,2021-10-08,10:00,12:00,1,내부인력,8,4,Y,Y
제주도서귀포시서부치매안심센터,헤아림,2021 헤아림 치매가족교실 - 강순0님,2021-09-01,2021-10-08,13:00,15:00,1,내부인력,8,4,Y,Y
제주도서귀포시서부치매안심센터,헤아림,2021 헤아림 치매가족교실 - 송정0님,2021-09-01,2021-10-08,10:00,12:00,1,내부인력,8,4,Y,Y
제주도서귀포시서부치매안심센터,헤아림,토닥토닥 헤아림 (치매안심마을 사계),2020-08-11,2020-09-29,13:00,15:00,10,내부인력,8,4,Y,Y
제주도서귀포시서부치매안심센터,헤아림,"토닥토닥 헤아림 (치매안심마을 신평, 보성)",2020-07-07,2020-08-25,10:00,12:00,10,내부인력,8,4,Y,Y
제주도서귀포시서부치매안심센터,헤아림,신평안심마을 치매 가족교실 헤아림,2019-11-12,2019-12-03,18:00,20:00,10,내부인력,8,4,Y,Y
제주도서귀포시서부치매안심센터,헤아림,쓰담쓰담헤아림,2019-04-06,2019-04-27,10:00,11:20,10,내부인력,8,4,Y,Y
제주도제주시동부치매안심센터,헤아림,헤아림,2025-05-12,2025-06-04,09:00,11:00,10,외부인력,8,4,Y,Y
제주도제주시동부치매안심센터,헤아림,헤아림,2024-05-02,2024-05-30,09:00,11:00,10,외부인력,8,4,Y,Y
제주도제주시동부치매안심센터,헤아림,헤아림,2023-06-08,2023-06-29,09:00,11:00,10,외부인력,8,4,Y,Y
제주도제주시동부치매안심센터,헤아림,헤아림,2022-07-06,2022-07-27,13:00,15:00,9,외부인력,8,4,Y,Y
제주도제주시동부치매안심센터,헤아림,헤아림,2021-07-16,2021-08-06,10:00,12:00,9,외부인력,8,4,Y,Y
제주도제주시동부치매안심센터,헤아림,헤아림,2020-07-16,2020-08-07,10:00,12:00,9,외부인력,8,4,Y,Y
제주도제주시동부치매안심센터,헤아림,헤아림,2019-06-10,2019-07-02,10:00,12:00,8,외부인력,8,6,Y,Y
제주도제주시동부치매안심센터,헤아림,헤아림,2018-10-30,2018-11-28,10:00,12:00,5,외부인력,9,5,Y,Y
제주도제주시치매안심센터,헤아림,2025년 가족교실,2025-06-05,2025-06-26,09:00,11:00,10,내부인력,8,2,Y,Y
제주도제주시치매안심센터,헤아림,2024년 치매가족교실 헤아림,2024-05-13,2024-06-03,09:00,11:00,10,외부인력,8,2,Y,Y
제주도제주시치매안심센터,헤아림,2023년 치매가족교실 헤아림,2023-06-22,2023-07-13,09:00,11:00,10,외부인력,8,2,Y,Y
제주도제주시치매안심센터,헤아림,2022년 치매가족교실 『헤아림』,2022-06-16,2022-07-07,10:00,12:00,8,외부인력,8,2,Y,Y
제주도제주시치매안심센터,헤아림,2021년 치매가족교실 헤아림,2021-05-10,2021-05-31,10:00,12:00,6,외부인력,8,2,Y,Y
제주도제주시치매안심센터,헤아림,2020년 치매가족교실 『돌봄의 지혜 배움터』,2020-07-15,2020-08-05,10:00,12:00,10,외부인력,8,2,Y,Y
제주도제주시치매안심센터,헤아림,2019 하반기 돌봄의지혜 배움터 헤아림 가족교실,2019-09-18,2019-11-20,13:30,15:00,10,외부인력,8,8,Y,Y
제주도제주시치매안심센터,헤아림,2019 상반기 치매가족교실,2019-04-24,2019-06-19,10:00,11:00,10,외부인력,8,6,Y,Y
제주도제주시치매안심센터,헤아림,헤아림 가족교실,2018-09-03,2018-10-29,14:00,16:00,10,외부인력,8,4,Y,Y
제주도제주시서부치매안심센터,헤아림,2025 내소형 헤아림 가족교실,2025-10-14,2025-11-06,10:00,12:00,10,내부인력,8,4,N,Y
제주도제주시서부치매안심센터,헤아림,2024 내소형 헤아림 가족교실 및 자조모임,2024-10-10,2024-11-19,10:00,12:00,10,내부인력,7,5,N,Y
제주도제주시서부치매안심센터,헤아림,2024년 치매안심센터 찾아가는 헤아림 가족교실,2024-04-16,2024-06-11,14:00,16:00,10,내부인력,8,4,N,N
제주도제주시서부치매안심센터,헤아림,2023년 헤아림 가족교실,2023-05-09,2023-05-30,10:00,12:00,15,내부인력,8,4,N,Y
제주도제주시서부치매안심센터,헤아림,2022년 헤아림 가족교실,2022-11-08,2022-11-29,09:00,10:00,10,내부인력,8,2,Y,Y
제주도제주시서부치매안심센터,헤아림,치매안심센터 헤아림 가족교실,2021-07-01,2021-12-31,13:00,15:00,10,내부인력,8,4,Y,N
제주도제주시서부치매안심센터,헤아림,헤아림 가족교실,2019-06-28,2019-08-16,13:10,16:40,10,외부인력,8,4,Y,Y
제주도제주시서부치매안심센터,헤아림,헤아림 가족교실,2018-10-04,2018-11-07,14:00,15:00,10,외부인력,10,5,Y,N
