"연도","성별","연령대","응시지역","합격여부","학교소재지","응시자수"
"2020","남","10","""수원","화성""","결시","1"
"2020","남","10","""수원","화성""","불합격","2"
"2020","남","10","""수원","화성""","합격","1"
"2020","남","20","""수원","화성""","결시","6"
"2020","남","20","""수원","화성""","불합격","13"
"2020","남","20","""수원","화성""","합격","65"
"2020","남","30","""수원","화성""","결시","8"
"2020","남","30","""수원","화성""","불합격","15"
"2020","남","30","""수원","화성""","합격","81"
"2020","남","40","""수원","화성""","결시","8"
"2020","남","40","""수원","화성""","불합격","14"
"2020","남","40","""수원","화성""","합격","180"
"2020","남","50","""수원","화성""","결시","32"
"2020","남","50","""수원","화성""","불합격","50"
"2020","남","50","""수원","화성""","합격","501"
"2020","남","60","""수원","화성""","결시","26"
"2020","남","60","""수원","화성""","불합격","154"
"2020","남","60","""수원","화성""","응시결격","2"
"2020","남","60","""수원","화성""","합격","948"
"2020","남","70","""수원","화성""","결시","11"
"2020","남","70","""수원","화성""","불합격","72"
"2020","남","70","""수원","화성""","합격","212"
"2020","남","80","""수원","화성""","결시","3"
"2020","남","80","""수원","화성""","불합격","19"
"2020","남","80","""수원","화성""","합격","36"
"2020","여","10","""수원","화성""","합격","3"
"2020","여","20","""수원","화성""","결시","6"
"2020","여","20","""수원","화성""","불합격","29"
"2020","여","20","""수원","화성""","합격","128"
"2020","여","30","""수원","화성""","결시","23"
"2020","여","30","""수원","화성""","불합격","61"
"2020","여","30","""수원","화성""","합격","507"
"2020","여","40","""수원","화성""","결시","117"
"2020","여","40","""수원","화성""","불합격","176"
"2020","여","40","""수원","화성""","응시결격","2"
"2020","여","40","""수원","화성""","합격","3118"
"2020","여","50","""수원","화성""","결시","278"
"2020","여","50","""수원","화성""","불합격","700"
"2020","여","50","""수원","화성""","응시결격","3"
"2020","여","50","""수원","화성""","합격","7559"
"2020","여","60","""수원","화성""","결시","210"
"2020","여","60","""수원","화성""","불합격","1090"
"2020","여","60","""수원","화성""","응시결격","4"
"2020","여","60","""수원","화성""","합격","4936"
"2020","여","70","""수원","화성""","결시","22"
"2020","여","70","""수원","화성""","불합격","186"
"2020","여","70","""수원","화성""","합격","445"
"2020","여","80","""수원","화성""","결시","1"
"2020","여","80","""수원","화성""","불합격","3"
"2020","여","80","""수원","화성""","합격","8"
"2020","남","10","""의정부","양주""","불합격","1"
"2020","남","20","""의정부","양주""","결시","7"
"2020","남","20","""의정부","양주""","불합격","20"
"2020","남","20","""의정부","양주""","합격","40"
"2020","남","30","""의정부","양주""","결시","6"
"2020","남","30","""의정부","양주""","불합격","14"
"2020","남","30","""의정부","양주""","합격","55"
"2020","남","40","""의정부","양주""","결시","4"
"2020","남","40","""의정부","양주""","불합격","16"
"2020","남","40","""의정부","양주""","합격","137"
"2020","남","50","""의정부","양주""","결시","18"
"2020","남","50","""의정부","양주""","불합격","45"
"2020","남","50","""의정부","양주""","응시결격","1"
"2020","남","50","""의정부","양주""","합격","405"
"2020","남","60","""의정부","양주""","결시","28"
"2020","남","60","""의정부","양주""","불합격","103"
"2020","남","60","""의정부","양주""","응시결격","1"
"2020","남","60","""의정부","양주""","합격","716"
"2020","남","70","""의정부","양주""","결시","10"
"2020","남","70","""의정부","양주""","불합격","66"
"2020","남","70","""의정부","양주""","합격","149"
"2020","남","80","""의정부","양주""","결시","1"
"2020","남","80","""의정부","양주""","불합격","16"
"2020","남","80","""의정부","양주""","합격","25"
"2020","남","90","""의정부","양주""","결시","1"
"2020","남","90","""의정부","양주""","합격","1"
"2020","여","10","""의정부","양주""","불합격","1"
"2020","여","20","""의정부","양주""","결시","6"
"2020","여","20","""의정부","양주""","불합격","15"
"2020","여","20","""의정부","양주""","합격","108"
"2020","여","30","""의정부","양주""","결시","19"
"2020","여","30","""의정부","양주""","불합격","38"
"2020","여","30","""의정부","양주""","합격","271"
"2020","여","40","""의정부","양주""","결시","62"
"2020","여","40","""의정부","양주""","불합격","112"
"2020","여","40","""의정부","양주""","합격","1675"
"2020","여","50","""의정부","양주""","결시","140"
"2020","여","50","""의정부","양주""","불합격","392"
"2020","여","50","""의정부","양주""","응시결격","1"
"2020","여","50","""의정부","양주""","합격","4648"
"2020","여","60","""의정부","양주""","결시","152"
"2020","여","60","""의정부","양주""","불합격","768"
"2020","여","60","""의정부","양주""","합격","3110"
"2020","여","70","""의정부","양주""","결시","25"
"2020","여","70","""의정부","양주""","불합격","155"
"2020","여","70","""의정부","양주""","합격","272"
"2020","여","80","""의정부","양주""","결시","2"
"2020","여","80","""의정부","양주""","불합격","11"
"2020","여","80","""의정부","양주""","합격","6"
"2020","남","20","광주광역시","결시","광주광역시","4"
"2020","남","20","광주광역시","결시","전북특별자치도","1"
"2020","남","20","광주광역시","불합격","광주광역시","8"
"2020","남","20","광주광역시","합격","광주광역시","27"
"2020","남","20","광주광역시","합격","전라남도","4"
"2020","남","20","광주광역시","합격","전북특별자치도","2"
"2020","남","30","광주광역시","결시","광주광역시","8"
"2020","남","30","광주광역시","결시","전라남도","1"
"2020","남","30","광주광역시","불합격","광주광역시","6"
"2020","남","30","광주광역시","합격","광주광역시","53"
"2020","남","30","광주광역시","합격","수원","1"
"2020","남","30","광주광역시","합격","전라남도","6"
"2020","남","40","광주광역시","결시","광주광역시","11"
"2020","남","40","광주광역시","결시","전라남도","2"
"2020","남","40","광주광역시","불합격","광주광역시","18"
"2020","남","40","광주광역시","불합격","전라남도","1"
"2020","남","40","광주광역시","합격","광주광역시","105"
"2020","남","40","광주광역시","합격","전라남도","12"
"2020","남","40","광주광역시","합격","전북특별자치도","2"
"2020","남","50","광주광역시","결시","광주광역시","17"
"2020","남","50","광주광역시","결시","기타","1"
"2020","남","50","광주광역시","결시","전라남도","2"
"2020","남","50","광주광역시","결시","전북특별자치도","1"
"2020","남","50","광주광역시","불합격","광주광역시","46"
"2020","남","50","광주광역시","불합격","전라남도","4"
"2020","남","50","광주광역시","불합격","전북특별자치도","1"
"2020","남","50","광주광역시","응시결격","광주광역시","2"
"2020","남","50","광주광역시","합격","경상북도","1"
"2020","남","50","광주광역시","합격","광주광역시","279"
"2020","남","50","광주광역시","합격","의정부","1"
"2020","남","50","광주광역시","합격","전라남도","29"
"2020","남","50","광주광역시","합격","전북특별자치도","6"
"2020","남","60","광주광역시","결시","광주광역시","20"
"2020","남","60","광주광역시","결시","전라남도","2"
"2020","남","60","광주광역시","불합격","광주광역시","68"
"2020","남","60","광주광역시","불합격","서울특별시","2"
"2020","남","60","광주광역시","불합격","전라남도","14"
"2020","남","60","광주광역시","불합격","전북특별자치도","4"
"2020","남","60","광주광역시","응시결격","전라남도","2"
"2020","남","60","광주광역시","합격","광주광역시","391"
"2020","남","60","광주광역시","합격","전라남도","42"
"2020","남","60","광주광역시","합격","전북특별자치도","8"
"2020","남","70","광주광역시","결시","광주광역시","10"
"2020","남","70","광주광역시","결시","전라남도","4"
"2020","남","70","광주광역시","결시","전북특별자치도","1"
"2020","남","70","광주광역시","불합격","광주광역시","50"
"2020","남","70","광주광역시","불합격","서울특별시","1"
"2020","남","70","광주광역시","불합격","전라남도","7"
"2020","남","70","광주광역시","불합격","전북특별자치도","2"
"2020","남","70","광주광역시","합격","광주광역시","96"
"2020","남","70","광주광역시","합격","전라남도","12"
"2020","남","70","광주광역시","합격","전북특별자치도","1"
"2020","남","80","광주광역시","결시","광주광역시","3"
"2020","남","80","광주광역시","불합격","광주광역시","17"
"2020","남","80","광주광역시","불합격","전라남도","3"
"2020","남","80","광주광역시","합격","광주광역시","11"
"2020","남","80","광주광역시","합격","전라남도","4"
"2020","여","10","광주광역시","합격","광주광역시","1"
"2020","여","20","광주광역시","결시","광주광역시","13"
"2020","여","20","광주광역시","불합격","광주광역시","14"
"2020","여","20","광주광역시","합격","광주광역시","106"
"2020","여","20","광주광역시","합격","전라남도","7"
"2020","여","20","광주광역시","합격","전북특별자치도","2"
"2020","여","30","광주광역시","결시","광주광역시","27"
"2020","여","30","광주광역시","결시","전라남도","5"
"2020","여","30","광주광역시","결시","전북특별자치도","1"
"2020","여","30","광주광역시","불합격","광주광역시","51"
"2020","여","30","광주광역시","불합격","전라남도","23"
"2020","여","30","광주광역시","불합격","전북특별자치도","5"
"2020","여","30","광주광역시","합격","강원특별자치도","1"
"2020","여","30","광주광역시","합격","광주광역시","337"
"2020","여","30","광주광역시","합격","서울특별시","2"
"2020","여","30","광주광역시","합격","전라남도","43"
"2020","여","30","광주광역시","합격","전북특별자치도","1"
"2020","여","40","광주광역시","결시","경상남도","1"
"2020","여","40","광주광역시","결시","광주광역시","105"
"2020","여","40","광주광역시","결시","수원","1"
"2020","여","40","광주광역시","결시","전라남도","7"
"2020","여","40","광주광역시","결시","전북특별자치도","5"
"2020","여","40","광주광역시","불합격","광주광역시","139"
"2020","여","40","광주광역시","불합격","전라남도","21"
"2020","여","40","광주광역시","불합격","전북특별자치도","1"
"2020","여","40","광주광역시","합격","광주광역시","1603"
"2020","여","40","광주광역시","합격","대전광역시","1"
"2020","여","40","광주광역시","합격","전라남도","136"
"2020","여","40","광주광역시","합격","전북특별자치도","19"
"2020","여","50","광주광역시","결시","경상남도","1"
"2020","여","50","광주광역시","결시","광주광역시","178"
"2020","여","50","광주광역시","결시","기타","1"
"2020","여","50","광주광역시","결시","서울특별시","1"
"2020","여","50","광주광역시","결시","수원","1"
"2020","여","50","광주광역시","결시","전라남도","25"
"2020","여","50","광주광역시","결시","전북특별자치도","12"
"2020","여","50","광주광역시","불합격","경상남도","1"
"2020","여","50","광주광역시","불합격","광주광역시","373"
"2020","여","50","광주광역시","불합격","수원","1"
"2020","여","50","광주광역시","불합격","전라남도","55"
"2020","여","50","광주광역시","불합격","전북특별자치도","5"
"2020","여","50","광주광역시","합격","경상남도","4"
"2020","여","50","광주광역시","합격","광주광역시","2688"
"2020","여","50","광주광역시","합격","기타","1"
"2020","여","50","광주광역시","합격","부산광역시","1"
"2020","여","50","광주광역시","합격","서울특별시","2"
"2020","여","50","광주광역시","합격","전라남도","224"
"2020","여","50","광주광역시","합격","전북특별자치도","33"
"2020","여","50","광주광역시","합격","충청남도","2"
"2020","여","60","광주광역시","결시","경상남도","2"
"2020","여","60","광주광역시","결시","광주광역시","120"
"2020","여","60","광주광역시","결시","전라남도","17"
"2020","여","60","광주광역시","결시","전북특별자치도","6"
"2020","여","60","광주광역시","불합격","경상남도","2"
"2020","여","60","광주광역시","불합격","광주광역시","448"
"2020","여","60","광주광역시","불합격","서울특별시","1"
"2020","여","60","광주광역시","불합격","전라남도","74"
"2020","여","60","광주광역시","불합격","전북특별자치도","19"
"2020","여","60","광주광역시","합격","광주광역시","1219"
"2020","여","60","광주광역시","합격","인천광역시","1"
"2020","여","60","광주광역시","합격","전라남도","136"
"2020","여","60","광주광역시","합격","전북특별자치도","30"
"2020","여","70","광주광역시","결시","광주광역시","19"
"2020","여","70","광주광역시","결시","전라남도","1"
"2020","여","70","광주광역시","불합격","광주광역시","109"
"2020","여","70","광주광역시","불합격","전라남도","7"
"2020","여","70","광주광역시","불합격","전북특별자치도","3"
"2020","여","70","광주광역시","합격","광주광역시","109"
"2020","여","70","광주광역시","합격","전라남도","10"
"2020","여","70","광주광역시","합격","전북특별자치도","1"
"2020","여","80","광주광역시","불합격","광주광역시","2"
"2020","여","80","광주광역시","합격","광주광역시","2"
"2020","남","20","대구광역시","결시","경상북도","2"
"2020","남","20","대구광역시","결시","대구광역시","2"
"2020","남","20","대구광역시","불합격","경상북도","6"
"2020","남","20","대구광역시","불합격","대구광역시","12"
"2020","남","20","대구광역시","합격","경상남도","3"
"2020","남","20","대구광역시","합격","경상북도","13"
"2020","남","20","대구광역시","합격","대구광역시","43"
"2020","남","30","대구광역시","결시","경상남도","1"
"2020","남","30","대구광역시","결시","경상북도","1"
"2020","남","30","대구광역시","결시","기타","3"
"2020","남","30","대구광역시","결시","대구광역시","3"
"2020","남","30","대구광역시","불합격","경상북도","6"
"2020","남","30","대구광역시","불합격","대구광역시","10"
"2020","남","30","대구광역시","응시결격","대구광역시","1"
"2020","남","30","대구광역시","합격","경상남도","1"
"2020","남","30","대구광역시","합격","경상북도","19"
"2020","남","30","대구광역시","합격","대구광역시","32"
"2020","남","40","대구광역시","결시","경상북도","5"
"2020","남","40","대구광역시","결시","대구광역시","7"
"2020","남","40","대구광역시","불합격","경상북도","9"
"2020","남","40","대구광역시","불합격","대구광역시","5"
"2020","남","40","대구광역시","합격","경상남도","4"
"2020","남","40","대구광역시","합격","경상북도","65"
"2020","남","40","대구광역시","합격","대구광역시","73"
"2020","남","40","대구광역시","합격","충청남도","1"
"2020","남","50","대구광역시","결시","경상북도","9"
"2020","남","50","대구광역시","결시","대구광역시","14"
"2020","남","50","대구광역시","결시","수원","1"
"2020","남","50","대구광역시","불합격","경상북도","13"
"2020","남","50","대구광역시","불합격","대구광역시","21"
"2020","남","50","대구광역시","합격","경상남도","7"
"2020","남","50","대구광역시","합격","경상북도","127"
"2020","남","50","대구광역시","합격","대구광역시","180"
"2020","남","50","대구광역시","합격","수원","1"
"2020","남","50","대구광역시","합격","충청남도","1"
"2020","남","60","대구광역시","결시","경상남도","1"
"2020","남","60","대구광역시","결시","경상북도","6"
"2020","남","60","대구광역시","결시","대구광역시","8"
"2020","남","60","대구광역시","불합격","경상북도","8"
"2020","남","60","대구광역시","불합격","대구광역시","27"
"2020","남","60","대구광역시","응시결격","대구광역시","2"
"2020","남","60","대구광역시","합격","경상남도","12"
"2020","남","60","대구광역시","합격","경상북도","170"
"2020","남","60","대구광역시","합격","대구광역시","278"
"2020","남","60","대구광역시","합격","수원","2"
"2020","남","70","대구광역시","결시","경상북도","1"
"2020","남","70","대구광역시","결시","대구광역시","1"
"2020","남","70","대구광역시","불합격","경상남도","2"
"2020","남","70","대구광역시","불합격","경상북도","4"
"2020","남","70","대구광역시","불합격","대구광역시","23"
"2020","남","70","대구광역시","합격","경상남도","3"
"2020","남","70","대구광역시","합격","경상북도","40"
"2020","남","70","대구광역시","합격","대구광역시","38"
"2020","남","80","대구광역시","결시","경상북도","1"
"2020","남","80","대구광역시","불합격","경상북도","8"
"2020","남","80","대구광역시","불합격","대구광역시","5"
"2020","남","80","대구광역시","합격","경상북도","6"
"2020","남","80","대구광역시","합격","대구광역시","11"
"2020","여","10","대구광역시","불합격","대구광역시","1"
"2020","여","10","대구광역시","합격","대구광역시","1"
"2020","여","20","대구광역시","결시","경상북도","6"
"2020","여","20","대구광역시","결시","대구광역시","2"
"2020","여","20","대구광역시","불합격","경상북도","14"
"2020","여","20","대구광역시","불합격","대구광역시","8"
"2020","여","20","대구광역시","합격","경상남도","3"
"2020","여","20","대구광역시","합격","경상북도","51"
"2020","여","20","대구광역시","합격","대구광역시","56"
"2020","여","30","대구광역시","결시","경상남도","5"
"2020","여","30","대구광역시","결시","경상북도","18"
"2020","여","30","대구광역시","결시","대구광역시","9"
"2020","여","30","대구광역시","불합격","경상남도","9"
"2020","여","30","대구광역시","불합격","경상북도","25"
"2020","여","30","대구광역시","불합격","대구광역시","31"
"2020","여","30","대구광역시","합격","경상남도","11"
"2020","여","30","대구광역시","합격","경상북도","224"
"2020","여","30","대구광역시","합격","대구광역시","186"
"2020","여","30","대구광역시","합격","서울특별시","2"
"2020","여","40","대구광역시","결시","경상남도","5"
"2020","여","40","대구광역시","결시","경상북도","64"
"2020","여","40","대구광역시","결시","대구광역시","32"
"2020","여","40","대구광역시","결시","서울특별시","2"
"2020","여","40","대구광역시","결시","울산광역시","1"
"2020","여","40","대구광역시","결시","충청남도","1"
"2020","여","40","대구광역시","불합격","경상남도","5"
"2020","여","40","대구광역시","불합격","경상북도","63"
"2020","여","40","대구광역시","불합격","대구광역시","28"
"2020","여","40","대구광역시","불합격","울산광역시","1"
"2020","여","40","대구광역시","응시결격","대구광역시","1"
"2020","여","40","대구광역시","합격","경상남도","51"
"2020","여","40","대구광역시","합격","경상북도","1196"
"2020","여","40","대구광역시","합격","대구광역시","1225"
"2020","여","40","대구광역시","합격","서울특별시","1"
"2020","여","40","대구광역시","합격","충청남도","2"
"2020","여","50","대구광역시","결시","경상남도","9"
"2020","여","50","대구광역시","결시","경상북도","55"
"2020","여","50","대구광역시","결시","대구광역시","85"
"2020","여","50","대구광역시","결시","서울특별시","1"
"2020","여","50","대구광역시","불합격","경상남도","10"
"2020","여","50","대구광역시","불합격","경상북도","155"
"2020","여","50","대구광역시","불합격","대구광역시","252"
"2020","여","50","대구광역시","불합격","서울특별시","1"
"2020","여","50","대구광역시","합격","경상남도","79"
"2020","여","50","대구광역시","합격","경상북도","2113"
"2020","여","50","대구광역시","합격","광주광역시","1"
"2020","여","50","대구광역시","합격","대구광역시","3352"
"2020","여","50","대구광역시","합격","서울특별시","2"
"2020","여","50","대구광역시","합격","수원","3"
"2020","여","50","대구광역시","합격","의정부","1"
"2020","여","50","대구광역시","합격","충청남도","1"
"2020","여","60","대구광역시","결시","경상남도","4"
"2020","여","60","대구광역시","결시","경상북도","46"
"2020","여","60","대구광역시","결시","대구광역시","81"
"2020","여","60","대구광역시","결시","부산광역시","1"
"2020","여","60","대구광역시","결시","수원","1"
"2020","여","60","대구광역시","불합격","경상남도","8"
"2020","여","60","대구광역시","불합격","경상북도","166"
"2020","여","60","대구광역시","불합격","대구광역시","326"
"2020","여","60","대구광역시","합격","강원특별자치도","1"
"2020","여","60","대구광역시","합격","경상남도","58"
"2020","여","60","대구광역시","합격","경상북도","954"
"2020","여","60","대구광역시","합격","대구광역시","1956"
"2020","여","60","대구광역시","합격","서울특별시","2"
"2020","여","60","대구광역시","합격","수원","3"
"2020","여","60","대구광역시","합격","충청북도","1"
"2020","여","70","대구광역시","결시","경상북도","1"
"2020","여","70","대구광역시","결시","대구광역시","13"
"2020","여","70","대구광역시","불합격","경상북도","27"
"2020","여","70","대구광역시","불합격","대구광역시","67"
"2020","여","70","대구광역시","합격","경상남도","1"
"2020","여","70","대구광역시","합격","경상북도","78"
"2020","여","70","대구광역시","합격","대구광역시","134"
"2020","여","80","대구광역시","불합격","경상북도","5"
"2020","여","80","대구광역시","불합격","대구광역시","2"
"2020","여","80","대구광역시","합격","경상북도","1"
"2020","여","80","대구광역시","합격","대구광역시","2"
"2020","남","20","대전광역시","결시","대전광역시","4"
"2020","남","20","대전광역시","불합격","대전광역시","10"
"2020","남","20","대전광역시","불합격","충청남도","3"
"2020","남","20","대전광역시","불합격","충청북도","1"
"2020","남","20","대전광역시","합격","대전광역시","31"
"2020","남","20","대전광역시","합격","충청남도","6"
"2020","남","20","대전광역시","합격","충청북도","1"
"2020","남","30","대전광역시","결시","강원특별자치도","1"
"2020","남","30","대전광역시","결시","대전광역시","6"
"2020","남","30","대전광역시","결시","충청남도","1"
"2020","남","30","대전광역시","불합격","대전광역시","3"
"2020","남","30","대전광역시","불합격","충청남도","1"
"2020","남","30","대전광역시","합격","강원특별자치도","1"
"2020","남","30","대전광역시","합격","대전광역시","32"
"2020","남","30","대전광역시","합격","충청남도","3"
"2020","남","30","대전광역시","합격","충청북도","3"
"2020","남","40","대전광역시","결시","대전광역시","8"
"2020","남","40","대전광역시","불합격","대전광역시","9"
"2020","남","40","대전광역시","불합격","충청북도","1"
"2020","남","40","대전광역시","합격","대전광역시","68"
"2020","남","40","대전광역시","합격","세종특별자치시","1"
"2020","남","40","대전광역시","합격","충청남도","8"
"2020","남","40","대전광역시","합격","충청북도","9"
"2020","남","50","대전광역시","결시","대전광역시","15"
"2020","남","50","대전광역시","결시","서울특별시","1"
"2020","남","50","대전광역시","결시","충청남도","5"
"2020","남","50","대전광역시","결시","충청북도","1"
"2020","남","50","대전광역시","불합격","대전광역시","25"
"2020","남","50","대전광역시","불합격","충청남도","5"
"2020","남","50","대전광역시","불합격","충청북도","3"
"2020","남","50","대전광역시","합격","대전광역시","179"
"2020","남","50","대전광역시","합격","전라남도","1"
"2020","남","50","대전광역시","합격","충청남도","25"
"2020","남","50","대전광역시","합격","충청북도","24"
"2020","남","60","대전광역시","결시","대전광역시","17"
"2020","남","60","대전광역시","결시","충청남도","3"
"2020","남","60","대전광역시","결시","충청북도","6"
"2020","남","60","대전광역시","불합격","대전광역시","36"
"2020","남","60","대전광역시","불합격","충청남도","6"
"2020","남","60","대전광역시","불합격","충청북도","5"
"2020","남","60","대전광역시","합격","경상남도","1"
"2020","남","60","대전광역시","합격","광주광역시","2"
"2020","남","60","대전광역시","합격","대전광역시","295"
"2020","남","60","대전광역시","합격","부산광역시","1"
"2020","남","60","대전광역시","합격","서울특별시","1"
"2020","남","60","대전광역시","합격","충청남도","35"
"2020","남","60","대전광역시","합격","충청북도","27"
"2020","남","70","대전광역시","결시","대전광역시","5"
"2020","남","70","대전광역시","결시","충청남도","2"
"2020","남","70","대전광역시","결시","충청북도","3"
"2020","남","70","대전광역시","불합격","대전광역시","31"
"2020","남","70","대전광역시","불합격","충청남도","1"
"2020","남","70","대전광역시","불합격","충청북도","2"
"2020","남","70","대전광역시","합격","대전광역시","82"
"2020","남","70","대전광역시","합격","충청남도","7"
"2020","남","70","대전광역시","합격","충청북도","6"
"2020","남","80","대전광역시","결시","대전광역시","1"
"2020","남","80","대전광역시","불합격","대전광역시","8"
"2020","남","80","대전광역시","불합격","충청남도","3"
"2020","남","80","대전광역시","합격","대전광역시","9"
"2020","남","80","대전광역시","합격","충청남도","1"
"2020","남","80","대전광역시","합격","충청북도","1"
"2020","여","20","대전광역시","결시","대전광역시","4"
"2020","여","20","대전광역시","결시","충청남도","1"
"2020","여","20","대전광역시","불합격","대전광역시","17"
"2020","여","20","대전광역시","불합격","충청남도","1"
"2020","여","20","대전광역시","합격","대전광역시","70"
"2020","여","20","대전광역시","합격","충청남도","8"
"2020","여","20","대전광역시","합격","충청북도","1"
"2020","여","30","대전광역시","결시","대전광역시","22"
"2020","여","30","대전광역시","결시","충청남도","3"
"2020","여","30","대전광역시","결시","충청북도","4"
"2020","여","30","대전광역시","불합격","대전광역시","27"
"2020","여","30","대전광역시","불합격","충청남도","10"
"2020","여","30","대전광역시","불합격","충청북도","2"
"2020","여","30","대전광역시","합격","경상남도","1"
"2020","여","30","대전광역시","합격","대전광역시","188"
"2020","여","30","대전광역시","합격","세종특별자치시","2"
"2020","여","30","대전광역시","합격","충청남도","29"
"2020","여","30","대전광역시","합격","충청북도","13"
"2020","여","40","대전광역시","결시","대전광역시","63"
"2020","여","40","대전광역시","결시","충청남도","15"
"2020","여","40","대전광역시","결시","충청북도","4"
"2020","여","40","대전광역시","불합격","대전광역시","90"
"2020","여","40","대전광역시","불합격","충청남도","21"
"2020","여","40","대전광역시","불합격","충청북도","8"
"2020","여","40","대전광역시","응시결격","대전광역시","1"
"2020","여","40","대전광역시","합격","경상남도","1"
"2020","여","40","대전광역시","합격","대전광역시","1071"
"2020","여","40","대전광역시","합격","서울특별시","1"
"2020","여","40","대전광역시","합격","세종특별자치시","5"
"2020","여","40","대전광역시","합격","수원","2"
"2020","여","40","대전광역시","합격","전라남도","1"
"2020","여","40","대전광역시","합격","충청남도","156"
"2020","여","40","대전광역시","합격","충청북도","83"
"2020","여","50","대전광역시","결시","대전광역시","145"
"2020","여","50","대전광역시","결시","의정부","1"
"2020","여","50","대전광역시","결시","충청남도","21"
"2020","여","50","대전광역시","결시","충청북도","11"
"2020","여","50","대전광역시","불합격","대전광역시","218"
"2020","여","50","대전광역시","불합격","의정부","1"
"2020","여","50","대전광역시","불합격","충청남도","35"
"2020","여","50","대전광역시","불합격","충청북도","18"
"2020","여","50","대전광역시","합격","강원특별자치도","1"
"2020","여","50","대전광역시","합격","경상남도","4"
"2020","여","50","대전광역시","합격","광주광역시","4"
"2020","여","50","대전광역시","합격","대전광역시","2362"
"2020","여","50","대전광역시","합격","서울특별시","1"
"2020","여","50","대전광역시","합격","세종특별자치시","3"
"2020","여","50","대전광역시","합격","울산광역시","1"
"2020","여","50","대전광역시","합격","인천광역시","1"
"2020","여","50","대전광역시","합격","전라남도","1"
"2020","여","50","대전광역시","합격","충청남도","229"
"2020","여","50","대전광역시","합격","충청북도","167"
"2020","여","60","대전광역시","결시","대전광역시","87"
"2020","여","60","대전광역시","결시","전라남도","1"
"2020","여","60","대전광역시","결시","충청남도","22"
"2020","여","60","대전광역시","결시","충청북도","16"
"2020","여","60","대전광역시","불합격","대전광역시","300"
"2020","여","60","대전광역시","불합격","전라남도","2"
"2020","여","60","대전광역시","불합격","충청남도","43"
"2020","여","60","대전광역시","불합격","충청북도","37"
"2020","여","60","대전광역시","합격","대전광역시","1293"
"2020","여","60","대전광역시","합격","전라남도","1"
"2020","여","60","대전광역시","합격","충청남도","163"
"2020","여","60","대전광역시","합격","충청북도","131"
"2020","여","70","대전광역시","결시","대전광역시","16"
"2020","여","70","대전광역시","결시","충청남도","4"
"2020","여","70","대전광역시","결시","충청북도","1"
"2020","여","70","대전광역시","불합격","대전광역시","70"
"2020","여","70","대전광역시","불합격","충청남도","15"
"2020","여","70","대전광역시","불합격","충청북도","9"
"2020","여","70","대전광역시","합격","대전광역시","106"
"2020","여","70","대전광역시","합격","충청남도","14"
"2020","여","70","대전광역시","합격","충청북도","17"
"2020","여","80","대전광역시","불합격","대전광역시","10"
"2020","여","80","대전광역시","합격","대전광역시","4"
"2020","여","80","대전광역시","합격","충청남도","1"
"2020","남","10","목포","합격","전라남도","2"
"2020","남","20","목포","결시","전라남도","2"
"2020","남","20","목포","불합격","전라남도","10"
"2020","남","20","목포","합격","전라남도","11"
"2020","남","30","목포","결시","전라남도","2"
"2020","남","30","목포","불합격","전라남도","4"
"2020","남","30","목포","합격","전라남도","10"
"2020","남","40","목포","결시","전라남도","7"
"2020","남","40","목포","불합격","전라남도","7"
"2020","남","40","목포","응시결격","전라남도","1"
"2020","남","40","목포","합격","광주광역시","2"
"2020","남","40","목포","합격","전라남도","34"
"2020","남","50","목포","결시","전라남도","17"
"2020","남","50","목포","불합격","전라남도","40"
"2020","남","50","목포","합격","광주광역시","4"
"2020","남","50","목포","합격","전라남도","85"
"2020","남","60","목포","결시","전라남도","14"
"2020","남","60","목포","불합격","서울특별시","1"
"2020","남","60","목포","불합격","전라남도","23"
"2020","남","60","목포","합격","광주광역시","1"
"2020","남","60","목포","합격","기타","1"
"2020","남","60","목포","합격","서울특별시","1"
"2020","남","60","목포","합격","전라남도","121"
"2020","남","70","목포","결시","전라남도","3"
"2020","남","70","목포","불합격","전라남도","17"
"2020","남","70","목포","합격","광주광역시","1"
"2020","남","70","목포","합격","전라남도","29"
"2020","남","80","목포","결시","전라남도","1"
"2020","남","80","목포","불합격","전라남도","3"
"2020","남","80","목포","합격","전라남도","3"
"2020","여","20","목포","결시","전라남도","5"
"2020","여","20","목포","불합격","전라남도","17"
"2020","여","20","목포","합격","전라남도","38"
"2020","여","30","목포","결시","광주광역시","1"
"2020","여","30","목포","결시","전라남도","16"
"2020","여","30","목포","불합격","전라남도","69"
"2020","여","30","목포","합격","광주광역시","1"
"2020","여","30","목포","합격","전라남도","198"
"2020","여","30","목포","합격","전북특별자치도","1"
"2020","여","40","목포","결시","수원","1"
"2020","여","40","목포","결시","전라남도","44"
"2020","여","40","목포","불합격","광주광역시","2"
"2020","여","40","목포","불합격","전라남도","118"
"2020","여","40","목포","합격","광주광역시","10"
"2020","여","40","목포","합격","수원","1"
"2020","여","40","목포","합격","전라남도","633"
"2020","여","40","목포","합격","전북특별자치도","1"
"2020","여","50","목포","결시","광주광역시","1"
"2020","여","50","목포","결시","전라남도","79"
"2020","여","50","목포","불합격","광주광역시","3"
"2020","여","50","목포","불합격","전라남도","238"
"2020","여","50","목포","합격","광주광역시","13"
"2020","여","50","목포","합격","의정부","1"
"2020","여","50","목포","합격","전라남도","918"
"2020","여","60","목포","결시","전라남도","57"
"2020","여","60","목포","결시","전북특별자치도","1"
"2020","여","60","목포","불합격","광주광역시","3"
"2020","여","60","목포","불합격","서울특별시","1"
"2020","여","60","목포","불합격","전라남도","294"
"2020","여","60","목포","합격","광주광역시","5"
"2020","여","60","목포","합격","서울특별시","1"
"2020","여","60","목포","합격","전라남도","534"
"2020","여","60","목포","합격","전북특별자치도","1"
"2020","여","70","목포","결시","전라남도","4"
"2020","여","70","목포","불합격","전라남도","69"
"2020","여","70","목포","합격","전라남도","51"
"2020","여","80","목포","불합격","전라남도","5"
"2020","여","80","목포","합격","전라남도","1"
"2020","남","20","부산광역시","결시","부산광역시","2"
"2020","남","20","부산광역시","불합격","부산광역시","11"
"2020","남","20","부산광역시","합격","경상남도","4"
"2020","남","20","부산광역시","합격","부산광역시","37"
"2020","남","30","부산광역시","결시","부산광역시","6"
"2020","남","30","부산광역시","불합격","경상남도","3"
"2020","남","30","부산광역시","불합격","부산광역시","8"
"2020","남","30","부산광역시","합격","경상남도","6"
"2020","남","30","부산광역시","합격","부산광역시","60"
"2020","남","30","부산광역시","합격","서울특별시","1"
"2020","남","40","부산광역시","결시","경상남도","1"
"2020","남","40","부산광역시","결시","부산광역시","8"
"2020","남","40","부산광역시","불합격","부산광역시","9"
"2020","남","40","부산광역시","합격","경상남도","18"
"2020","남","40","부산광역시","합격","부산광역시","117"
"2020","남","40","부산광역시","합격","충청남도","1"
"2020","남","50","부산광역시","결시","경상남도","1"
"2020","남","50","부산광역시","결시","부산광역시","12"
"2020","남","50","부산광역시","불합격","경상남도","4"
"2020","남","50","부산광역시","불합격","부산광역시","28"
"2020","남","50","부산광역시","응시결격","경상남도","1"
"2020","남","50","부산광역시","합격","경상남도","47"
"2020","남","50","부산광역시","합격","경상북도","1"
"2020","남","50","부산광역시","합격","부산광역시","308"
"2020","남","60","부산광역시","결시","경상남도","3"
"2020","남","60","부산광역시","결시","부산광역시","13"
"2020","남","60","부산광역시","불합격","경상남도","7"
"2020","남","60","부산광역시","불합격","부산광역시","47"
"2020","남","60","부산광역시","불합격","의정부","2"
"2020","남","60","부산광역시","응시결격","부산광역시","1"
"2020","남","60","부산광역시","합격","경상남도","47"
"2020","남","60","부산광역시","합격","부산광역시","490"
"2020","남","60","부산광역시","합격","서울특별시","1"
"2020","남","60","부산광역시","합격","수원","1"
"2020","남","70","부산광역시","결시","부산광역시","7"
"2020","남","70","부산광역시","불합격","경상남도","1"
"2020","남","70","부산광역시","불합격","부산광역시","40"
"2020","남","70","부산광역시","불합격","서울특별시","2"
"2020","남","70","부산광역시","응시결격","부산광역시","1"
"2020","남","70","부산광역시","합격","경상남도","7"
"2020","남","70","부산광역시","합격","부산광역시","131"
"2020","남","80","부산광역시","불합격","부산광역시","8"
"2020","남","80","부산광역시","불합격","수원","1"
"2020","남","80","부산광역시","합격","경상남도","1"
"2020","남","80","부산광역시","합격","부산광역시","10"
"2020","여","20","부산광역시","결시","경상남도","2"
"2020","여","20","부산광역시","결시","부산광역시","7"
"2020","여","20","부산광역시","불합격","경상남도","4"
"2020","여","20","부산광역시","불합격","부산광역시","13"
"2020","여","20","부산광역시","응시결격","부산광역시","1"
"2020","여","20","부산광역시","합격","경상남도","11"
"2020","여","20","부산광역시","합격","부산광역시","76"
"2020","여","20","부산광역시","합격","서울특별시","1"
"2020","여","30","부산광역시","결시","경상남도","4"
"2020","여","30","부산광역시","결시","부산광역시","15"
"2020","여","30","부산광역시","불합격","경상남도","2"
"2020","여","30","부산광역시","불합격","부산광역시","22"
"2020","여","30","부산광역시","합격","경상남도","63"
"2020","여","30","부산광역시","합격","경상북도","1"
"2020","여","30","부산광역시","합격","부산광역시","288"
"2020","여","30","부산광역시","합격","서울특별시","1"
"2020","여","30","부산광역시","합격","인천광역시","1"
"2020","여","30","부산광역시","합격","전라남도","3"
"2020","여","40","부산광역시","결시","경상남도","16"
"2020","여","40","부산광역시","결시","기타","1"
"2020","여","40","부산광역시","결시","부산광역시","56"
"2020","여","40","부산광역시","결시","수원","1"
"2020","여","40","부산광역시","결시","울산광역시","1"
"2020","여","40","부산광역시","결시","전라남도","1"
"2020","여","40","부산광역시","불합격","경상남도","8"
"2020","여","40","부산광역시","불합격","부산광역시","75"
"2020","여","40","부산광역시","합격","강원특별자치도","1"
"2020","여","40","부산광역시","합격","경상남도","378"
"2020","여","40","부산광역시","합격","광주광역시","1"
"2020","여","40","부산광역시","합격","부산광역시","1706"
"2020","여","40","부산광역시","합격","세종특별자치시","1"
"2020","여","40","부산광역시","합격","수원","1"
"2020","여","40","부산광역시","합격","울산광역시","1"
"2020","여","40","부산광역시","합격","전라남도","1"
"2020","여","40","부산광역시","합격","충청남도","2"
"2020","여","50","부산광역시","결시","경상남도","24"
"2020","여","50","부산광역시","결시","기타","1"
"2020","여","50","부산광역시","결시","부산광역시","115"
"2020","여","50","부산광역시","결시","의정부","1"
"2020","여","50","부산광역시","결시","제주특별자치도","1"
"2020","여","50","부산광역시","불합격","강원특별자치도","1"
"2020","여","50","부산광역시","불합격","경상남도","32"
"2020","여","50","부산광역시","불합격","기타","1"
"2020","여","50","부산광역시","불합격","부산광역시","312"
"2020","여","50","부산광역시","불합격","서울특별시","1"
"2020","여","50","부산광역시","불합격","전라남도","3"
"2020","여","50","부산광역시","불합격","충청남도","1"
"2020","여","50","부산광역시","응시결격","경상남도","1"
"2020","여","50","부산광역시","합격","강원특별자치도","1"
"2020","여","50","부산광역시","합격","경상남도","622"
"2020","여","50","부산광역시","합격","경상북도","3"
"2020","여","50","부산광역시","합격","광주광역시","1"
"2020","여","50","부산광역시","합격","부산광역시","4722"
"2020","여","50","부산광역시","합격","서울특별시","4"
"2020","여","50","부산광역시","합격","수원","6"
"2020","여","50","부산광역시","합격","울산광역시","1"
"2020","여","50","부산광역시","합격","전라남도","4"
"2020","여","50","부산광역시","합격","충청북도","1"
"2020","여","60","부산광역시","결시","경상남도","18"
"2020","여","60","부산광역시","결시","부산광역시","123"
"2020","여","60","부산광역시","결시","서울특별시","1"
"2020","여","60","부산광역시","결시","전라남도","2"
"2020","여","60","부산광역시","불합격","경상남도","58"
"2020","여","60","부산광역시","불합격","광주광역시","1"
"2020","여","60","부산광역시","불합격","부산광역시","681"
"2020","여","60","부산광역시","불합격","인천광역시","1"
"2020","여","60","부산광역시","불합격","전라남도","1"
"2020","여","60","부산광역시","합격","경상남도","336"
"2020","여","60","부산광역시","합격","부산광역시","3536"
"2020","여","60","부산광역시","합격","수원","1"
"2020","여","60","부산광역시","합격","의정부","1"
"2020","여","60","부산광역시","합격","전라남도","2"
"2020","여","70","부산광역시","결시","부산광역시","20"
"2020","여","70","부산광역시","불합격","경상남도","16"
"2020","여","70","부산광역시","불합격","부산광역시","143"
"2020","여","70","부산광역시","합격","경상남도","24"
"2020","여","70","부산광역시","합격","부산광역시","297"
"2020","여","70","부산광역시","합격","서울특별시","1"
"2020","여","70","부산광역시","합격","충청북도","1"
"2020","여","80","부산광역시","결시","서울특별시","1"
"2020","여","80","부산광역시","불합격","부산광역시","7"
"2020","여","80","부산광역시","불합격","서울특별시","1"
"2020","여","80","부산광역시","합격","부산광역시","16"
"2020","남","10","서울특별시","불합격","서울특별시","3"
"2020","남","10","서울특별시","불합격","의정부","1"
"2020","남","10","서울특별시","합격","서울특별시","2"
"2020","남","20","서울특별시","결시","서울특별시","11"
"2020","남","20","서울특별시","결시","수원","5"
"2020","남","20","서울특별시","결시","의정부","1"
"2020","남","20","서울특별시","불합격","서울특별시","23"
"2020","남","20","서울특별시","불합격","수원","3"
"2020","남","20","서울특별시","불합격","의정부","5"
"2020","남","20","서울특별시","불합격","인천광역시","1"
"2020","남","20","서울특별시","합격","서울특별시","70"
"2020","남","20","서울특별시","합격","수원","7"
"2020","남","20","서울특별시","합격","의정부","7"
"2020","남","30","서울특별시","결시","기타","1"
"2020","남","30","서울특별시","결시","서울특별시","10"
"2020","남","30","서울특별시","결시","수원","3"
"2020","남","30","서울특별시","결시","의정부","1"
"2020","남","30","서울특별시","결시","전북특별자치도","1"
"2020","남","30","서울특별시","불합격","서울특별시","34"
"2020","남","30","서울특별시","불합격","수원","5"
"2020","남","30","서울특별시","불합격","의정부","2"
"2020","남","30","서울특별시","합격","경상남도","1"
"2020","남","30","서울특별시","합격","경상북도","2"
"2020","남","30","서울특별시","합격","광주광역시","1"
"2020","남","30","서울특별시","합격","서울특별시","131"
"2020","남","30","서울특별시","합격","수원","16"
"2020","남","30","서울특별시","합격","의정부","10"
"2020","남","30","서울특별시","합격","인천광역시","2"
"2020","남","40","서울특별시","결시","대전광역시","1"
"2020","남","40","서울특별시","결시","서울특별시","33"
"2020","남","40","서울특별시","결시","수원","4"
"2020","남","40","서울특별시","결시","충청북도","1"
"2020","남","40","서울특별시","불합격","서울특별시","38"
"2020","남","40","서울특별시","불합격","수원","5"
"2020","남","40","서울특별시","불합격","의정부","9"
"2020","남","40","서울특별시","합격","경상남도","1"
"2020","남","40","서울특별시","합격","서울특별시","278"
"2020","남","40","서울특별시","합격","수원","35"
"2020","남","40","서울특별시","합격","의정부","30"
"2020","남","40","서울특별시","합격","전북특별자치도","1"
"2020","남","40","서울특별시","합격","충청남도","1"
"2020","남","40","서울특별시","합격","충청북도","1"
"2020","남","50","서울특별시","결시","경상남도","1"
"2020","남","50","서울특별시","결시","경상북도","1"
"2020","남","50","서울특별시","결시","기타","1"
"2020","남","50","서울특별시","결시","대전광역시","1"
"2020","남","50","서울특별시","결시","서울특별시","55"
"2020","남","50","서울특별시","결시","수원","2"
"2020","남","50","서울특별시","결시","의정부","9"
"2020","남","50","서울특별시","결시","전북특별자치도","1"
"2020","남","50","서울특별시","불합격","대전광역시","1"
"2020","남","50","서울특별시","불합격","서울특별시","79"
"2020","남","50","서울특별시","불합격","수원","12"
"2020","남","50","서울특별시","불합격","의정부","8"
"2020","남","50","서울특별시","불합격","전북특별자치도","1"
"2020","남","50","서울특별시","합격","경상남도","1"
"2020","남","50","서울특별시","합격","서울특별시","770"
"2020","남","50","서울특별시","합격","세종특별자치시","1"
"2020","남","50","서울특별시","합격","수원","83"
"2020","남","50","서울특별시","합격","의정부","106"
"2020","남","50","서울특별시","합격","인천광역시","2"
"2020","남","50","서울특별시","합격","전라남도","1"
"2020","남","50","서울특별시","합격","전북특별자치도","1"
"2020","남","50","서울특별시","합격","충청남도","2"
"2020","남","60","서울특별시","결시","서울특별시","62"
"2020","남","60","서울특별시","결시","수원","9"
"2020","남","60","서울특별시","결시","의정부","7"
"2020","남","60","서울특별시","결시","전북특별자치도","1"
"2020","남","60","서울특별시","결시","제주특별자치도","1"
"2020","남","60","서울특별시","불합격","서울특별시","184"
"2020","남","60","서울특별시","불합격","수원","21"
"2020","남","60","서울특별시","불합격","의정부","19"
"2020","남","60","서울특별시","불합격","전라남도","1"
"2020","남","60","서울특별시","불합격","제주특별자치도","1"
"2020","남","60","서울특별시","불합격","충청남도","1"
"2020","남","60","서울특별시","합격","강원특별자치도","1"
"2020","남","60","서울특별시","합격","경상남도","1"
"2020","남","60","서울특별시","합격","기타","1"
"2020","남","60","서울특별시","합격","서울특별시","1323"
"2020","남","60","서울특별시","합격","수원","174"
"2020","남","60","서울특별시","합격","의정부","163"
"2020","남","60","서울특별시","합격","인천광역시","2"
"2020","남","60","서울특별시","합격","전라남도","1"
"2020","남","60","서울특별시","합격","전북특별자치도","1"
"2020","남","60","서울특별시","합격","충청남도","2"
"2020","남","60","서울특별시","합격","충청북도","1"
"2020","남","70","서울특별시","결시","서울특별시","16"
"2020","남","70","서울특별시","결시","수원","3"
"2020","남","70","서울특별시","결시","의정부","2"
"2020","남","70","서울특별시","불합격","서울특별시","131"
"2020","남","70","서울특별시","불합격","수원","20"
"2020","남","70","서울특별시","불합격","의정부","9"
"2020","남","70","서울특별시","합격","서울특별시","345"
"2020","남","70","서울특별시","합격","수원","53"
"2020","남","70","서울특별시","합격","의정부","38"
"2020","남","80","서울특별시","결시","서울특별시","7"
"2020","남","80","서울특별시","결시","수원","1"
"2020","남","80","서울특별시","불합격","서울특별시","45"
"2020","남","80","서울특별시","불합격","수원","3"
"2020","남","80","서울특별시","불합격","의정부","4"
"2020","남","80","서울특별시","합격","서울특별시","50"
"2020","남","80","서울특별시","합격","수원","5"
"2020","남","80","서울특별시","합격","의정부","5"
"2020","여","10","서울특별시","결시","서울특별시","1"
"2020","여","10","서울특별시","불합격","서울특별시","7"
"2020","여","10","서울특별시","합격","서울특별시","14"
"2020","여","20","서울특별시","결시","경상남도","1"
"2020","여","20","서울특별시","결시","기타","1"
"2020","여","20","서울특별시","결시","서울특별시","10"
"2020","여","20","서울특별시","결시","수원","1"
"2020","여","20","서울특별시","결시","전라남도","1"
"2020","여","20","서울특별시","불합격","서울특별시","14"
"2020","여","20","서울특별시","불합격","수원","4"
"2020","여","20","서울특별시","불합격","의정부","4"
"2020","여","20","서울특별시","불합격","충청남도","1"
"2020","여","20","서울특별시","합격","서울특별시","163"
"2020","여","20","서울특별시","합격","수원","21"
"2020","여","20","서울특별시","합격","의정부","18"
"2020","여","20","서울특별시","합격","인천광역시","1"
"2020","여","30","서울특별시","결시","서울특별시","37"
"2020","여","30","서울특별시","결시","수원","4"
"2020","여","30","서울특별시","결시","의정부","2"
"2020","여","30","서울특별시","결시","충청남도","1"
"2020","여","30","서울특별시","불합격","서울특별시","39"
"2020","여","30","서울특별시","불합격","수원","5"
"2020","여","30","서울특별시","불합격","의정부","4"
"2020","여","30","서울특별시","합격","경상남도","2"
"2020","여","30","서울특별시","합격","광주광역시","1"
"2020","여","30","서울특별시","합격","기타","2"
"2020","여","30","서울특별시","합격","서울특별시","599"
"2020","여","30","서울특별시","합격","수원","72"
"2020","여","30","서울특별시","합격","의정부","30"
"2020","여","30","서울특별시","합격","인천광역시","2"
"2020","여","30","서울특별시","합격","전라남도","1"
"2020","여","30","서울특별시","합격","충청남도","1"
"2020","여","30","서울특별시","합격","충청북도","1"
"2020","여","40","서울특별시","결시","경상남도","2"
"2020","여","40","서울특별시","결시","광주광역시","1"
"2020","여","40","서울특별시","결시","서울특별시","114"
"2020","여","40","서울특별시","결시","수원","16"
"2020","여","40","서울특별시","결시","의정부","5"
"2020","여","40","서울특별시","결시","전라남도","3"
"2020","여","40","서울특별시","결시","전북특별자치도","1"
"2020","여","40","서울특별시","결시","충청남도","2"
"2020","여","40","서울특별시","불합격","서울특별시","144"
"2020","여","40","서울특별시","불합격","수원","29"
"2020","여","40","서울특별시","불합격","의정부","12"
"2020","여","40","서울특별시","불합격","충청남도","2"
"2020","여","40","서울특별시","응시결격","의정부","1"
"2020","여","40","서울특별시","합격","강원특별자치도","3"
"2020","여","40","서울특별시","합격","경상남도","4"
"2020","여","40","서울특별시","합격","광주광역시","3"
"2020","여","40","서울특별시","합격","대전광역시","2"
"2020","여","40","서울특별시","합격","서울특별시","3000"
"2020","여","40","서울특별시","합격","수원","400"
"2020","여","40","서울특별시","합격","울산광역시","1"
"2020","여","40","서울특별시","합격","의정부","306"
"2020","여","40","서울특별시","합격","인천광역시","3"
"2020","여","40","서울특별시","합격","전라남도","7"
"2020","여","40","서울특별시","합격","전북특별자치도","1"
"2020","여","40","서울특별시","합격","충청남도","5"
"2020","여","50","서울특별시","결시","경상남도","2"
"2020","여","50","서울특별시","결시","광주광역시","1"
"2020","여","50","서울특별시","결시","기타","2"
"2020","여","50","서울특별시","결시","대전광역시","1"
"2020","여","50","서울특별시","결시","서울특별시","280"
"2020","여","50","서울특별시","결시","수원","66"
"2020","여","50","서울특별시","결시","의정부","34"
"2020","여","50","서울특별시","결시","전라남도","1"
"2020","여","50","서울특별시","불합격","강원특별자치도","1"
"2020","여","50","서울특별시","불합격","서울특별시","864"
"2020","여","50","서울특별시","불합격","수원","142"
"2020","여","50","서울특별시","불합격","의정부","71"
"2020","여","50","서울특별시","불합격","전라남도","6"
"2020","여","50","서울특별시","불합격","전북특별자치도","2"
"2020","여","50","서울특별시","불합격","충청남도","1"
"2020","여","50","서울특별시","응시결격","서울특별시","1"
"2020","여","50","서울특별시","합격","강원특별자치도","4"
"2020","여","50","서울특별시","합격","경상남도","18"
"2020","여","50","서울특별시","합격","경상북도","1"
"2020","여","50","서울특별시","합격","광주광역시","4"
"2020","여","50","서울특별시","합격","기타","1"
"2020","여","50","서울특별시","합격","대구광역시","1"
"2020","여","50","서울특별시","합격","서울특별시","8964"
"2020","여","50","서울특별시","합격","수원","1259"
"2020","여","50","서울특별시","합격","의정부","1037"
"2020","여","50","서울특별시","합격","인천광역시","4"
"2020","여","50","서울특별시","합격","전라남도","11"
"2020","여","50","서울특별시","합격","전북특별자치도","1"
"2020","여","50","서울특별시","합격","충청남도","2"
"2020","여","50","서울특별시","합격","충청북도","1"
"2020","여","60","서울특별시","결시","경상남도","3"
"2020","여","60","서울특별시","결시","경상북도","1"
"2020","여","60","서울특별시","결시","기타","3"
"2020","여","60","서울특별시","결시","대전광역시","1"
"2020","여","60","서울특별시","결시","서울특별시","313"
"2020","여","60","서울특별시","결시","수원","48"
"2020","여","60","서울특별시","결시","의정부","27"
"2020","여","60","서울특별시","결시","인천광역시","1"
"2020","여","60","서울특별시","불합격","경상남도","2"
"2020","여","60","서울특별시","불합격","광주광역시","2"
"2020","여","60","서울특별시","불합격","기타","1"
"2020","여","60","서울특별시","불합격","대전광역시","1"
"2020","여","60","서울특별시","불합격","서울특별시","1750"
"2020","여","60","서울특별시","불합격","수원","216"
"2020","여","60","서울특별시","불합격","의정부","130"
"2020","여","60","서울특별시","불합격","전라남도","4"
"2020","여","60","서울특별시","불합격","전북특별자치도","1"
"2020","여","60","서울특별시","불합격","충청남도","2"
"2020","여","60","서울특별시","응시결격","수원","2"
"2020","여","60","서울특별시","합격","강원특별자치도","3"
"2020","여","60","서울특별시","합격","경상남도","4"
"2020","여","60","서울특별시","합격","광주광역시","3"
"2020","여","60","서울특별시","합격","기타","1"
"2020","여","60","서울특별시","합격","대전광역시","1"
"2020","여","60","서울특별시","합격","부산광역시","1"
"2020","여","60","서울특별시","합격","서울특별시","7337"
"2020","여","60","서울특별시","합격","수원","901"
"2020","여","60","서울특별시","합격","의정부","726"
"2020","여","60","서울특별시","합격","전라남도","2"
"2020","여","60","서울특별시","합격","전북특별자치도","3"
"2020","여","60","서울특별시","합격","충청남도","1"
"2020","여","70","서울특별시","결시","서울특별시","54"
"2020","여","70","서울특별시","결시","수원","12"
"2020","여","70","서울특별시","결시","의정부","8"
"2020","여","70","서울특별시","결시","충청남도","1"
"2020","여","70","서울특별시","불합격","서울특별시","485"
"2020","여","70","서울특별시","불합격","수원","50"
"2020","여","70","서울특별시","불합격","의정부","39"
"2020","여","70","서울특별시","합격","서울특별시","793"
"2020","여","70","서울특별시","합격","수원","99"
"2020","여","70","서울특별시","합격","의정부","68"
"2020","여","80","서울특별시","결시","기타","1"
"2020","여","80","서울특별시","결시","서울특별시","8"
"2020","여","80","서울특별시","불합격","서울특별시","25"
"2020","여","80","서울특별시","불합격","수원","1"
"2020","여","80","서울특별시","불합격","의정부","5"
"2020","여","80","서울특별시","합격","서울특별시","22"
"2020","여","80","서울특별시","합격","수원","3"
"2020","여","80","서울특별시","합격","의정부","6"
"2020","남","20","세종특별자치시","결시","충청남도","1"
"2020","남","20","세종특별자치시","불합격","충청남도","6"
"2020","남","20","세종특별자치시","합격","세종특별자치시","1"
"2020","남","20","세종특별자치시","합격","충청남도","6"
"2020","남","20","세종특별자치시","합격","충청북도","1"
"2020","남","30","세종특별자치시","결시","충청남도","2"
"2020","남","30","세종특별자치시","불합격","충청남도","1"
"2020","남","30","세종특별자치시","합격","세종특별자치시","1"
"2020","남","30","세종특별자치시","합격","충청남도","11"
"2020","남","40","세종특별자치시","결시","대전광역시","1"
"2020","남","40","세종특별자치시","불합격","대전광역시","1"
"2020","남","40","세종특별자치시","불합격","충청남도","1"
"2020","남","40","세종특별자치시","합격","세종특별자치시","8"
"2020","남","40","세종특별자치시","합격","충청남도","26"
"2020","남","50","세종특별자치시","결시","충청남도","5"
"2020","남","50","세종특별자치시","불합격","충청남도","7"
"2020","남","50","세종특별자치시","합격","대전광역시","1"
"2020","남","50","세종특별자치시","합격","서울특별시","1"
"2020","남","50","세종특별자치시","합격","세종특별자치시","27"
"2020","남","50","세종특별자치시","합격","충청남도","68"
"2020","남","60","세종특별자치시","결시","세종특별자치시","1"
"2020","남","60","세종특별자치시","결시","충청남도","6"
"2020","남","60","세종특별자치시","불합격","세종특별자치시","7"
"2020","남","60","세종특별자치시","불합격","충청남도","12"
"2020","남","60","세종특별자치시","합격","대전광역시","1"
"2020","남","60","세종특별자치시","합격","세종특별자치시","48"
"2020","남","60","세종특별자치시","합격","전북특별자치도","1"
"2020","남","60","세종특별자치시","합격","충청남도","114"
"2020","남","70","세종특별자치시","결시","충청남도","2"
"2020","남","70","세종특별자치시","불합격","세종특별자치시","1"
"2020","남","70","세종특별자치시","불합격","충청남도","4"
"2020","남","70","세종특별자치시","합격","세종특별자치시","16"
"2020","남","70","세종특별자치시","합격","충청남도","18"
"2020","남","80","세종특별자치시","결시","충청남도","1"
"2020","남","80","세종특별자치시","불합격","세종특별자치시","3"
"2020","남","80","세종특별자치시","불합격","충청남도","4"
"2020","남","80","세종특별자치시","합격","세종특별자치시","2"
"2020","남","80","세종특별자치시","합격","충청남도","3"
"2020","여","20","세종특별자치시","불합격","세종특별자치시","2"
"2020","여","20","세종특별자치시","불합격","충청남도","2"
"2020","여","20","세종특별자치시","합격","대전광역시","1"
"2020","여","20","세종특별자치시","합격","세종특별자치시","3"
"2020","여","20","세종특별자치시","합격","충청남도","27"
"2020","여","30","세종특별자치시","결시","경상남도","1"
"2020","여","30","세종특별자치시","결시","대전광역시","1"
"2020","여","30","세종특별자치시","결시","충청남도","8"
"2020","여","30","세종특별자치시","불합격","세종특별자치시","2"
"2020","여","30","세종특별자치시","불합격","충청남도","9"
"2020","여","30","세종특별자치시","합격","경상남도","1"
"2020","여","30","세종특별자치시","합격","대전광역시","1"
"2020","여","30","세종특별자치시","합격","서울특별시","2"
"2020","여","30","세종특별자치시","합격","세종특별자치시","39"
"2020","여","30","세종특별자치시","합격","전라남도","1"
"2020","여","30","세종특별자치시","합격","충청남도","100"
"2020","여","40","세종특별자치시","결시","경상남도","1"
"2020","여","40","세종특별자치시","결시","세종특별자치시","1"
"2020","여","40","세종특별자치시","결시","충청남도","20"
"2020","여","40","세종특별자치시","결시","충청북도","2"
"2020","여","40","세종특별자치시","불합격","세종특별자치시","3"
"2020","여","40","세종특별자치시","불합격","충청남도","16"
"2020","여","40","세종특별자치시","불합격","충청북도","1"
"2020","여","40","세종특별자치시","합격","대전광역시","14"
"2020","여","40","세종특별자치시","합격","서울특별시","1"
"2020","여","40","세종특별자치시","합격","세종특별자치시","191"
"2020","여","40","세종특별자치시","합격","전라남도","1"
"2020","여","40","세종특별자치시","합격","충청남도","451"
"2020","여","40","세종특별자치시","합격","충청북도","8"
"2020","여","50","세종특별자치시","결시","기타","1"
"2020","여","50","세종특별자치시","결시","대전광역시","2"
"2020","여","50","세종특별자치시","결시","세종특별자치시","2"
"2020","여","50","세종특별자치시","결시","전북특별자치도","1"
"2020","여","50","세종특별자치시","결시","충청남도","31"
"2020","여","50","세종특별자치시","불합격","세종특별자치시","7"
"2020","여","50","세종특별자치시","불합격","충청남도","68"
"2020","여","50","세종특별자치시","응시결격","대전광역시","1"
"2020","여","50","세종특별자치시","응시결격","충청남도","1"
"2020","여","50","세종특별자치시","합격","경상남도","1"
"2020","여","50","세종특별자치시","합격","대전광역시","5"
"2020","여","50","세종특별자치시","합격","서울특별시","1"
"2020","여","50","세종특별자치시","합격","세종특별자치시","274"
"2020","여","50","세종특별자치시","합격","수원","1"
"2020","여","50","세종특별자치시","합격","전북특별자치도","1"
"2020","여","50","세종특별자치시","합격","충청남도","897"
"2020","여","50","세종특별자치시","합격","충청북도","4"
"2020","여","60","세종특별자치시","결시","세종특별자치시","1"
"2020","여","60","세종특별자치시","결시","충청남도","39"
"2020","여","60","세종특별자치시","불합격","대전광역시","3"
"2020","여","60","세종특별자치시","불합격","세종특별자치시","25"
"2020","여","60","세종특별자치시","불합격","충청남도","102"
"2020","여","60","세종특별자치시","합격","대전광역시","4"
"2020","여","60","세종특별자치시","합격","서울특별시","1"
"2020","여","60","세종특별자치시","합격","세종특별자치시","162"
"2020","여","60","세종특별자치시","합격","충청남도","511"
"2020","여","70","세종특별자치시","결시","충청남도","1"
"2020","여","70","세종특별자치시","불합격","세종특별자치시","6"
"2020","여","70","세종특별자치시","불합격","충청남도","15"
"2020","여","70","세종특별자치시","합격","세종특별자치시","17"
"2020","여","70","세종특별자치시","합격","충청남도","39"
"2020","여","80","세종특별자치시","불합격","세종특별자치시","2"
"2020","여","80","세종특별자치시","불합격","충청남도","2"
"2020","여","80","세종특별자치시","합격","세종특별자치시","1"
"2020","여","80","세종특별자치시","합격","충청남도","1"
"2020","남","10","순천","불합격","전라남도","1"
"2020","남","10","순천","합격","전라남도","2"
"2020","남","20","순천","결시","전라남도","3"
"2020","남","20","순천","불합격","전라남도","5"
"2020","남","20","순천","합격","전라남도","13"
"2020","남","30","순천","불합격","전라남도","4"
"2020","남","30","순천","합격","전라남도","6"
"2020","남","40","순천","결시","전라남도","4"
"2020","남","40","순천","불합격","전라남도","9"
"2020","남","40","순천","합격","전라남도","28"
"2020","남","50","순천","결시","전라남도","8"
"2020","남","50","순천","불합격","전라남도","7"
"2020","남","50","순천","합격","전라남도","64"
"2020","남","60","순천","결시","전라남도","11"
"2020","남","60","순천","불합격","전라남도","19"
"2020","남","60","순천","합격","광주광역시","1"
"2020","남","60","순천","합격","전라남도","107"
"2020","남","70","순천","결시","전라남도","2"
"2020","남","70","순천","불합격","광주광역시","1"
"2020","남","70","순천","불합격","전라남도","15"
"2020","남","70","순천","합격","전라남도","13"
"2020","남","80","순천","불합격","전라남도","2"
"2020","남","80","순천","합격","전라남도","1"
"2020","여","10","순천","불합격","전라남도","1"
"2020","여","20","순천","결시","전라남도","4"
"2020","여","20","순천","불합격","광주광역시","1"
"2020","여","20","순천","불합격","전라남도","7"
"2020","여","20","순천","합격","전라남도","23"
"2020","여","30","순천","결시","전라남도","10"
"2020","여","30","순천","불합격","광주광역시","2"
"2020","여","30","순천","불합격","전라남도","26"
"2020","여","30","순천","합격","경상남도","2"
"2020","여","30","순천","합격","서울특별시","1"
"2020","여","30","순천","합격","전라남도","122"
"2020","여","40","순천","결시","경상남도","4"
"2020","여","40","순천","결시","전라남도","42"
"2020","여","40","순천","결시","전북특별자치도","3"
"2020","여","40","순천","불합격","전라남도","68"
"2020","여","40","순천","불합격","전북특별자치도","1"
"2020","여","40","순천","합격","강원특별자치도","1"
"2020","여","40","순천","합격","경상남도","4"
"2020","여","40","순천","합격","광주광역시","1"
"2020","여","40","순천","합격","전라남도","614"
"2020","여","40","순천","합격","전북특별자치도","2"
"2020","여","50","순천","결시","경상남도","1"
"2020","여","50","순천","결시","전라남도","69"
"2020","여","50","순천","불합격","경상남도","3"
"2020","여","50","순천","불합격","전라남도","189"
"2020","여","50","순천","응시결격","전라남도","1"
"2020","여","50","순천","합격","경상남도","7"
"2020","여","50","순천","합격","광주광역시","3"
"2020","여","50","순천","합격","서울특별시","1"
"2020","여","50","순천","합격","전라남도","974"
"2020","여","60","순천","결시","광주광역시","2"
"2020","여","60","순천","결시","전라남도","48"
"2020","여","60","순천","불합격","경상남도","2"
"2020","여","60","순천","불합격","전라남도","212"
"2020","여","60","순천","불합격","충청남도","1"
"2020","여","60","순천","합격","경상남도","2"
"2020","여","60","순천","합격","광주광역시","1"
"2020","여","60","순천","합격","서울특별시","1"
"2020","여","60","순천","합격","전라남도","428"
"2020","여","70","순천","결시","전라남도","10"
"2020","여","70","순천","불합격","부산광역시","1"
"2020","여","70","순천","불합격","전라남도","30"
"2020","여","70","순천","합격","광주광역시","3"
"2020","여","70","순천","합격","전라남도","35"
"2020","여","80","순천","합격","전라남도","2"
"2020","남","20","안동","결시","경상북도","1"
"2020","남","20","안동","불합격","경상북도","1"
"2020","남","20","안동","합격","경상북도","11"
"2020","남","30","안동","결시","경상북도","2"
"2020","남","30","안동","불합격","경상북도","6"
"2020","남","30","안동","합격","경상북도","18"
"2020","남","30","안동","합격","서울특별시","1"
"2020","남","40","안동","결시","경상북도","7"
"2020","남","40","안동","불합격","경상북도","7"
"2020","남","40","안동","합격","경상북도","34"
"2020","남","50","안동","결시","경상북도","4"
"2020","남","50","안동","불합격","경상북도","8"
"2020","남","50","안동","합격","경상북도","68"
"2020","남","50","안동","합격","충청북도","1"
"2020","남","60","안동","결시","경상북도","2"
"2020","남","60","안동","결시","충청북도","1"
"2020","남","60","안동","불합격","경상북도","11"
"2020","남","60","안동","합격","경상북도","121"
"2020","남","70","안동","결시","경상북도","3"
"2020","남","70","안동","불합격","경상북도","8"
"2020","남","70","안동","합격","경상북도","15"
"2020","남","80","안동","합격","경상북도","1"
"2020","여","20","안동","결시","경상북도","4"
"2020","여","20","안동","불합격","경상북도","16"
"2020","여","20","안동","불합격","충청북도","1"
"2020","여","20","안동","합격","강원특별자치도","1"
"2020","여","20","안동","합격","경상북도","19"
"2020","여","30","안동","결시","경상북도","8"
"2020","여","30","안동","불합격","경상북도","42"
"2020","여","30","안동","합격","경상북도","82"
"2020","여","30","안동","합격","충청북도","3"
"2020","여","40","안동","결시","경상남도","1"
"2020","여","40","안동","결시","경상북도","23"
"2020","여","40","안동","결시","충청북도","1"
"2020","여","40","안동","불합격","경상북도","39"
"2020","여","40","안동","불합격","충청북도","3"
"2020","여","40","안동","합격","강원특별자치도","2"
"2020","여","40","안동","합격","경상남도","5"
"2020","여","40","안동","합격","경상북도","442"
"2020","여","40","안동","합격","인천광역시","1"
"2020","여","40","안동","합격","충청북도","15"
"2020","여","50","안동","결시","경상남도","3"
"2020","여","50","안동","결시","경상북도","37"
"2020","여","50","안동","결시","충청북도","1"
"2020","여","50","안동","불합격","경상남도","1"
"2020","여","50","안동","불합격","경상북도","97"
"2020","여","50","안동","불합격","대구광역시","1"
"2020","여","50","안동","불합격","충청북도","4"
"2020","여","50","안동","응시결격","경상북도","1"
"2020","여","50","안동","합격","강원특별자치도","3"
"2020","여","50","안동","합격","경상남도","5"
"2020","여","50","안동","합격","경상북도","774"
"2020","여","50","안동","합격","대구광역시","1"
"2020","여","50","안동","합격","서울특별시","2"
"2020","여","50","안동","합격","전라남도","1"
"2020","여","50","안동","합격","충청북도","38"
"2020","여","60","안동","결시","경상남도","1"
"2020","여","60","안동","결시","경상북도","44"
"2020","여","60","안동","결시","대구광역시","2"
"2020","여","60","안동","불합격","경상북도","154"
"2020","여","60","안동","불합격","충청북도","7"
"2020","여","60","안동","합격","경상북도","615"
"2020","여","60","안동","합격","서울특별시","1"
"2020","여","60","안동","합격","충청남도","1"
"2020","여","60","안동","합격","충청북도","17"
"2020","여","70","안동","결시","경상북도","3"
"2020","여","70","안동","불합격","경상북도","29"
"2020","여","70","안동","합격","경상북도","30"
"2020","여","80","안동","불합격","경상북도","5"
"2020","남","10","여수","불합격","전라남도","1"
"2020","남","20","여수","합격","전라남도","6"
"2020","남","30","여수","결시","전라남도","1"
"2020","남","30","여수","합격","전라남도","4"
"2020","남","40","여수","결시","전라남도","3"
"2020","남","40","여수","불합격","전라남도","4"
"2020","남","40","여수","합격","전라남도","19"
"2020","남","50","여수","결시","전라남도","5"
"2020","남","50","여수","불합격","전라남도","11"
"2020","남","50","여수","합격","의정부","1"
"2020","남","50","여수","합격","전라남도","52"
"2020","남","60","여수","결시","전라남도","18"
"2020","남","60","여수","불합격","전라남도","20"
"2020","남","60","여수","합격","서울특별시","1"
"2020","남","60","여수","합격","전라남도","108"
"2020","남","70","여수","결시","전라남도","3"
"2020","남","70","여수","불합격","전라남도","18"
"2020","남","70","여수","합격","전라남도","21"
"2020","남","80","여수","불합격","전라남도","3"
"2020","남","80","여수","합격","전라남도","1"
"2020","여","10","여수","결시","전라남도","1"
"2020","여","10","여수","불합격","전라남도","7"
"2020","여","10","여수","합격","전라남도","7"
"2020","여","20","여수","결시","전라남도","3"
"2020","여","20","여수","불합격","전라남도","6"
"2020","여","20","여수","합격","전라남도","35"
"2020","여","30","여수","결시","전라남도","12"
"2020","여","30","여수","불합격","전라남도","18"
"2020","여","30","여수","합격","전라남도","107"
"2020","여","40","여수","결시","전라남도","45"
"2020","여","40","여수","불합격","전라남도","33"
"2020","여","40","여수","합격","전라남도","357"
"2020","여","50","여수","결시","전라남도","43"
"2020","여","50","여수","불합격","전라남도","94"
"2020","여","50","여수","불합격","충청남도","1"
"2020","여","50","여수","응시결격","전라남도","1"
"2020","여","50","여수","합격","전라남도","557"
"2020","여","60","여수","결시","전라남도","37"
"2020","여","60","여수","불합격","대전광역시","1"
"2020","여","60","여수","불합격","전라남도","145"
"2020","여","60","여수","합격","전라남도","277"
"2020","여","70","여수","결시","부산광역시","2"
"2020","여","70","여수","결시","전라남도","7"
"2020","여","70","여수","불합격","전라남도","38"
"2020","여","70","여수","합격","전라남도","27"
"2020","여","80","여수","불합격","전라남도","1"
"2020","여","80","여수","합격","전라남도","1"
"2020","남","20","울산광역시","결시","경상북도","1"
"2020","남","20","울산광역시","불합격","경상북도","2"
"2020","남","20","울산광역시","불합격","울산광역시","3"
"2020","남","20","울산광역시","합격","경상남도","1"
"2020","남","20","울산광역시","합격","경상북도","2"
"2020","남","20","울산광역시","합격","울산광역시","14"
"2020","남","30","울산광역시","결시","울산광역시","3"
"2020","남","30","울산광역시","불합격","울산광역시","5"
"2020","남","30","울산광역시","합격","경상북도","6"
"2020","남","30","울산광역시","합격","울산광역시","13"
"2020","남","40","울산광역시","결시","울산광역시","2"
"2020","남","40","울산광역시","불합격","경상북도","3"
"2020","남","40","울산광역시","불합격","울산광역시","2"
"2020","남","40","울산광역시","합격","경상북도","17"
"2020","남","40","울산광역시","합격","울산광역시","29"
"2020","남","50","울산광역시","결시","울산광역시","2"
"2020","남","50","울산광역시","불합격","경상북도","2"
"2020","남","50","울산광역시","불합격","울산광역시","6"
"2020","남","50","울산광역시","합격","경상남도","2"
"2020","남","50","울산광역시","합격","경상북도","36"
"2020","남","50","울산광역시","합격","울산광역시","83"
"2020","남","60","울산광역시","결시","경상북도","2"
"2020","남","60","울산광역시","결시","울산광역시","4"
"2020","남","60","울산광역시","불합격","경상남도","1"
"2020","남","60","울산광역시","불합격","경상북도","3"
"2020","남","60","울산광역시","불합격","울산광역시","28"
"2020","남","60","울산광역시","합격","경상남도","2"
"2020","남","60","울산광역시","합격","경상북도","66"
"2020","남","60","울산광역시","합격","울산광역시","214"
"2020","남","60","울산광역시","합격","전라남도","1"
"2020","남","70","울산광역시","결시","경상북도","1"
"2020","남","70","울산광역시","불합격","경상북도","7"
"2020","남","70","울산광역시","불합격","울산광역시","14"
"2020","남","70","울산광역시","합격","경상북도","20"
"2020","남","70","울산광역시","합격","울산광역시","32"
"2020","남","80","울산광역시","결시","경상북도","1"
"2020","남","80","울산광역시","불합격","울산광역시","6"
"2020","남","80","울산광역시","합격","울산광역시","2"
"2020","여","20","울산광역시","결시","경상북도","3"
"2020","여","20","울산광역시","불합격","경상북도","3"
"2020","여","20","울산광역시","불합격","울산광역시","2"
"2020","여","20","울산광역시","합격","경상북도","21"
"2020","여","20","울산광역시","합격","울산광역시","40"
"2020","여","30","울산광역시","결시","경상남도","1"
"2020","여","30","울산광역시","결시","경상북도","3"
"2020","여","30","울산광역시","결시","울산광역시","8"
"2020","여","30","울산광역시","불합격","경상남도","1"
"2020","여","30","울산광역시","불합격","경상북도","7"
"2020","여","30","울산광역시","불합격","기타","1"
"2020","여","30","울산광역시","불합격","울산광역시","19"
"2020","여","30","울산광역시","합격","경상남도","1"
"2020","여","30","울산광역시","합격","경상북도","64"
"2020","여","30","울산광역시","합격","수원","1"
"2020","여","30","울산광역시","합격","울산광역시","191"
"2020","여","40","울산광역시","결시","경상남도","2"
"2020","여","40","울산광역시","결시","경상북도","12"
"2020","여","40","울산광역시","결시","기타","1"
"2020","여","40","울산광역시","결시","울산광역시","27"
"2020","여","40","울산광역시","결시","충청남도","1"
"2020","여","40","울산광역시","불합격","경상북도","13"
"2020","여","40","울산광역시","불합격","울산광역시","42"
"2020","여","40","울산광역시","합격","경상남도","4"
"2020","여","40","울산광역시","합격","경상북도","392"
"2020","여","40","울산광역시","합격","광주광역시","1"
"2020","여","40","울산광역시","합격","서울특별시","1"
"2020","여","40","울산광역시","합격","울산광역시","934"
"2020","여","40","울산광역시","합격","전라남도","2"
"2020","여","50","울산광역시","결시","강원특별자치도","1"
"2020","여","50","울산광역시","결시","경상남도","1"
"2020","여","50","울산광역시","결시","경상북도","25"
"2020","여","50","울산광역시","결시","울산광역시","56"
"2020","여","50","울산광역시","불합격","경상남도","1"
"2020","여","50","울산광역시","불합격","경상북도","51"
"2020","여","50","울산광역시","불합격","울산광역시","110"
"2020","여","50","울산광역시","응시결격","경상북도","1"
"2020","여","50","울산광역시","응시결격","울산광역시","1"
"2020","여","50","울산광역시","합격","경상남도","4"
"2020","여","50","울산광역시","합격","경상북도","697"
"2020","여","50","울산광역시","합격","기타","1"
"2020","여","50","울산광역시","합격","부산광역시","2"
"2020","여","50","울산광역시","합격","수원","1"
"2020","여","50","울산광역시","합격","울산광역시","1986"
"2020","여","50","울산광역시","합격","충청남도","1"
"2020","여","50","울산광역시","합격","충청북도","2"
"2020","여","60","울산광역시","결시","경상북도","6"
"2020","여","60","울산광역시","결시","광주광역시","1"
"2020","여","60","울산광역시","결시","수원","1"
"2020","여","60","울산광역시","결시","울산광역시","42"
"2020","여","60","울산광역시","결시","충청북도","1"
"2020","여","60","울산광역시","불합격","경상남도","2"
"2020","여","60","울산광역시","불합격","경상북도","64"
"2020","여","60","울산광역시","불합격","수원","1"
"2020","여","60","울산광역시","불합격","울산광역시","218"
"2020","여","60","울산광역시","불합격","충청북도","2"
"2020","여","60","울산광역시","합격","경상남도","4"
"2020","여","60","울산광역시","합격","경상북도","367"
"2020","여","60","울산광역시","합격","서울특별시","1"
"2020","여","60","울산광역시","합격","울산광역시","1012"
"2020","여","70","울산광역시","결시","경상북도","1"
"2020","여","70","울산광역시","결시","울산광역시","6"
"2020","여","70","울산광역시","불합격","경상북도","8"
"2020","여","70","울산광역시","불합격","울산광역시","27"
"2020","여","70","울산광역시","합격","경상북도","12"
"2020","여","70","울산광역시","합격","울산광역시","59"
"2020","여","80","울산광역시","불합격","울산광역시","3"
"2020","여","80","울산광역시","합격","울산광역시","2"
"2020","남","10","인천광역시","합격","수원","1"
"2020","남","20","인천광역시","결시","수원","2"
"2020","남","20","인천광역시","불합격","수원","3"
"2020","남","20","인천광역시","불합격","인천광역시","9"
"2020","남","20","인천광역시","합격","경상남도","1"
"2020","남","20","인천광역시","합격","서울특별시","2"
"2020","남","20","인천광역시","합격","수원","8"
"2020","남","20","인천광역시","합격","인천광역시","14"
"2020","남","20","인천광역시","합격","충청남도","1"
"2020","남","30","인천광역시","결시","기타","1"
"2020","남","30","인천광역시","결시","수원","2"
"2020","남","30","인천광역시","결시","인천광역시","3"
"2020","남","30","인천광역시","불합격","수원","2"
"2020","남","30","인천광역시","불합격","인천광역시","8"
"2020","남","30","인천광역시","합격","서울특별시","2"
"2020","남","30","인천광역시","합격","수원","18"
"2020","남","30","인천광역시","합격","인천광역시","23"
"2020","남","40","인천광역시","결시","수원","3"
"2020","남","40","인천광역시","결시","인천광역시","2"
"2020","남","40","인천광역시","불합격","수원","3"
"2020","남","40","인천광역시","불합격","인천광역시","14"
"2020","남","40","인천광역시","합격","강원특별자치도","1"
"2020","남","40","인천광역시","합격","수원","36"
"2020","남","40","인천광역시","합격","의정부","1"
"2020","남","40","인천광역시","합격","인천광역시","66"
"2020","남","50","인천광역시","결시","수원","4"
"2020","남","50","인천광역시","결시","인천광역시","7"
"2020","남","50","인천광역시","불합격","수원","18"
"2020","남","50","인천광역시","불합격","인천광역시","25"
"2020","남","50","인천광역시","합격","경상남도","1"
"2020","남","50","인천광역시","합격","서울특별시","3"
"2020","남","50","인천광역시","합격","수원","112"
"2020","남","50","인천광역시","합격","인천광역시","223"
"2020","남","60","인천광역시","결시","경상남도","1"
"2020","남","60","인천광역시","결시","기타","1"
"2020","남","60","인천광역시","결시","서울특별시","1"
"2020","남","60","인천광역시","결시","수원","12"
"2020","남","60","인천광역시","결시","인천광역시","12"
"2020","남","60","인천광역시","불합격","수원","44"
"2020","남","60","인천광역시","불합격","인천광역시","44"
"2020","남","60","인천광역시","합격","서울특별시","5"
"2020","남","60","인천광역시","합격","수원","250"
"2020","남","60","인천광역시","합격","의정부","1"
"2020","남","60","인천광역시","합격","인천광역시","415"
"2020","남","60","인천광역시","합격","전라남도","1"
"2020","남","70","인천광역시","결시","수원","4"
"2020","남","70","인천광역시","불합격","수원","25"
"2020","남","70","인천광역시","불합격","인천광역시","21"
"2020","남","70","인천광역시","합격","수원","44"
"2020","남","70","인천광역시","합격","인천광역시","52"
"2020","남","80","인천광역시","결시","수원","1"
"2020","남","80","인천광역시","불합격","수원","3"
"2020","남","80","인천광역시","불합격","인천광역시","14"
"2020","남","80","인천광역시","합격","수원","5"
"2020","남","80","인천광역시","합격","인천광역시","6"
"2020","여","10","인천광역시","결시","인천광역시","1"
"2020","여","10","인천광역시","합격","수원","2"
"2020","여","20","인천광역시","결시","수원","1"
"2020","여","20","인천광역시","결시","인천광역시","1"
"2020","여","20","인천광역시","불합격","서울특별시","1"
"2020","여","20","인천광역시","불합격","수원","1"
"2020","여","20","인천광역시","불합격","인천광역시","11"
"2020","여","20","인천광역시","합격","서울특별시","1"
"2020","여","20","인천광역시","합격","수원","25"
"2020","여","20","인천광역시","합격","인천광역시","46"
"2020","여","20","인천광역시","합격","충청남도","1"
"2020","여","30","인천광역시","결시","수원","9"
"2020","여","30","인천광역시","결시","인천광역시","9"
"2020","여","30","인천광역시","불합격","수원","15"
"2020","여","30","인천광역시","불합격","인천광역시","20"
"2020","여","30","인천광역시","불합격","충청남도","1"
"2020","여","30","인천광역시","응시결격","인천광역시","1"
"2020","여","30","인천광역시","합격","경상남도","3"
"2020","여","30","인천광역시","합격","서울특별시","6"
"2020","여","30","인천광역시","합격","수원","108"
"2020","여","30","인천광역시","합격","인천광역시","182"
"2020","여","30","인천광역시","합격","전북특별자치도","1"
"2020","여","30","인천광역시","합격","충청남도","1"
"2020","여","40","인천광역시","결시","광주광역시","1"
"2020","여","40","인천광역시","결시","수원","16"
"2020","여","40","인천광역시","결시","인천광역시","46"
"2020","여","40","인천광역시","불합격","수원","41"
"2020","여","40","인천광역시","불합격","인천광역시","78"
"2020","여","40","인천광역시","합격","경상남도","9"
"2020","여","40","인천광역시","합격","부산광역시","1"
"2020","여","40","인천광역시","합격","서울특별시","12"
"2020","여","40","인천광역시","합격","수원","662"
"2020","여","40","인천광역시","합격","인천광역시","1131"
"2020","여","40","인천광역시","합격","전라남도","4"
"2020","여","40","인천광역시","합격","충청남도","4"
"2020","여","50","인천광역시","결시","경상남도","2"
"2020","여","50","인천광역시","결시","서울특별시","1"
"2020","여","50","인천광역시","결시","수원","54"
"2020","여","50","인천광역시","결시","인천광역시","85"
"2020","여","50","인천광역시","결시","전라남도","2"
"2020","여","50","인천광역시","결시","충청남도","1"
"2020","여","50","인천광역시","불합격","경상남도","1"
"2020","여","50","인천광역시","불합격","서울특별시","4"
"2020","여","50","인천광역시","불합격","수원","230"
"2020","여","50","인천광역시","불합격","인천광역시","342"
"2020","여","50","인천광역시","불합격","충청남도","1"
"2020","여","50","인천광역시","불합격","충청북도","2"
"2020","여","50","인천광역시","응시결격","수원","1"
"2020","여","50","인천광역시","응시결격","인천광역시","1"
"2020","여","50","인천광역시","합격","강원특별자치도","1"
"2020","여","50","인천광역시","합격","경상남도","19"
"2020","여","50","인천광역시","합격","경상북도","1"
"2020","여","50","인천광역시","합격","광주광역시","1"
"2020","여","50","인천광역시","합격","부산광역시","1"
"2020","여","50","인천광역시","합격","서울특별시","22"
"2020","여","50","인천광역시","합격","수원","2192"
"2020","여","50","인천광역시","합격","의정부","2"
"2020","여","50","인천광역시","합격","인천광역시","3751"
"2020","여","50","인천광역시","합격","전라남도","4"
"2020","여","50","인천광역시","합격","충청남도","5"
"2020","여","60","인천광역시","결시","서울특별시","1"
"2020","여","60","인천광역시","결시","수원","55"
"2020","여","60","인천광역시","결시","인천광역시","73"
"2020","여","60","인천광역시","불합격","경상남도","1"
"2020","여","60","인천광역시","불합격","경상북도","1"
"2020","여","60","인천광역시","불합격","대전광역시","2"
"2020","여","60","인천광역시","불합격","서울특별시","3"
"2020","여","60","인천광역시","불합격","수원","334"
"2020","여","60","인천광역시","불합격","의정부","1"
"2020","여","60","인천광역시","불합격","인천광역시","561"
"2020","여","60","인천광역시","응시결격","인천광역시","2"
"2020","여","60","인천광역시","합격","경상남도","6"
"2020","여","60","인천광역시","합격","경상북도","2"
"2020","여","60","인천광역시","합격","광주광역시","1"
"2020","여","60","인천광역시","합격","기타","2"
"2020","여","60","인천광역시","합격","서울특별시","11"
"2020","여","60","인천광역시","합격","수원","1423"
"2020","여","60","인천광역시","합격","의정부","2"
"2020","여","60","인천광역시","합격","인천광역시","2476"
"2020","여","60","인천광역시","합격","전라남도","1"
"2020","여","60","인천광역시","합격","충청남도","1"
"2020","여","70","인천광역시","결시","수원","6"
"2020","여","70","인천광역시","결시","인천광역시","13"
"2020","여","70","인천광역시","불합격","서울특별시","1"
"2020","여","70","인천광역시","불합격","수원","52"
"2020","여","70","인천광역시","불합격","의정부","2"
"2020","여","70","인천광역시","불합격","인천광역시","73"
"2020","여","70","인천광역시","합격","수원","102"
"2020","여","70","인천광역시","합격","인천광역시","105"
"2020","여","70","인천광역시","합격","충청남도","1"
"2020","여","80","인천광역시","결시","수원","1"
"2020","여","80","인천광역시","불합격","인천광역시","1"
"2020","여","80","인천광역시","합격","수원","3"
"2020","여","80","인천광역시","합격","인천광역시","1"
"2020","남","10","전주","합격","전북특별자치도","1"
"2020","남","20","전주","결시","전북특별자치도","9"
"2020","남","20","전주","불합격","전북특별자치도","11"
"2020","남","20","전주","합격","전북특별자치도","20"
"2020","남","20","전주","합격","충청남도","1"
"2020","남","30","전주","결시","전북특별자치도","4"
"2020","남","30","전주","불합격","전북특별자치도","3"
"2020","남","30","전주","응시결격","전북특별자치도","1"
"2020","남","30","전주","합격","전라남도","1"
"2020","남","30","전주","합격","전북특별자치도","35"
"2020","남","40","전주","결시","전북특별자치도","7"
"2020","남","40","전주","불합격","전북특별자치도","10"
"2020","남","40","전주","불합격","충청남도","1"
"2020","남","40","전주","합격","광주광역시","2"
"2020","남","40","전주","합격","전라남도","1"
"2020","남","40","전주","합격","전북특별자치도","101"
"2020","남","40","전주","합격","충청남도","4"
"2020","남","50","전주","결시","전북특별자치도","22"
"2020","남","50","전주","결시","충청남도","2"
"2020","남","50","전주","불합격","전북특별자치도","22"
"2020","남","50","전주","합격","강원특별자치도","1"
"2020","남","50","전주","합격","전북특별자치도","216"
"2020","남","50","전주","합격","충청남도","7"
"2020","남","60","전주","결시","전북특별자치도","15"
"2020","남","60","전주","결시","충청남도","2"
"2020","남","60","전주","불합격","대전광역시","2"
"2020","남","60","전주","불합격","전북특별자치도","32"
"2020","남","60","전주","불합격","충청남도","3"
"2020","남","60","전주","응시결격","전라남도","1"
"2020","남","60","전주","합격","전라남도","1"
"2020","남","60","전주","합격","전북특별자치도","384"
"2020","남","60","전주","합격","충청남도","6"
"2020","남","70","전주","결시","전북특별자치도","3"
"2020","남","70","전주","불합격","전북특별자치도","29"
"2020","남","70","전주","불합격","충청남도","3"
"2020","남","70","전주","합격","광주광역시","1"
"2020","남","70","전주","합격","전북특별자치도","82"
"2020","남","70","전주","합격","충청남도","3"
"2020","남","80","전주","결시","전북특별자치도","1"
"2020","남","80","전주","불합격","전북특별자치도","11"
"2020","남","80","전주","합격","전북특별자치도","11"
"2020","여","10","전주","합격","전북특별자치도","1"
"2020","여","20","전주","결시","전북특별자치도","3"
"2020","여","20","전주","불합격","전북특별자치도","28"
"2020","여","20","전주","합격","광주광역시","1"
"2020","여","20","전주","합격","전라남도","1"
"2020","여","20","전주","합격","전북특별자치도","56"
"2020","여","20","전주","합격","충청남도","1"
"2020","여","30","전주","결시","전북특별자치도","27"
"2020","여","30","전주","결시","충청남도","1"
"2020","여","30","전주","불합격","전북특별자치도","69"
"2020","여","30","전주","합격","광주광역시","2"
"2020","여","30","전주","합격","수원","2"
"2020","여","30","전주","합격","전라남도","1"
"2020","여","30","전주","합격","전북특별자치도","307"
"2020","여","30","전주","합격","충청남도","4"
"2020","여","40","전주","결시","경상북도","1"
"2020","여","40","전주","결시","전라남도","2"
"2020","여","40","전주","결시","전북특별자치도","88"
"2020","여","40","전주","결시","충청남도","3"
"2020","여","40","전주","불합격","경상남도","1"
"2020","여","40","전주","불합격","수원","1"
"2020","여","40","전주","불합격","전북특별자치도","123"
"2020","여","40","전주","불합격","충청남도","4"
"2020","여","40","전주","합격","광주광역시","3"
"2020","여","40","전주","합격","의정부","1"
"2020","여","40","전주","합격","전라남도","12"
"2020","여","40","전주","합격","전북특별자치도","1420"
"2020","여","40","전주","합격","충청남도","35"
"2020","여","50","전주","결시","기타","1"
"2020","여","50","전주","결시","서울특별시","1"
"2020","여","50","전주","결시","전라남도","1"
"2020","여","50","전주","결시","전북특별자치도","112"
"2020","여","50","전주","결시","충청남도","6"
"2020","여","50","전주","불합격","대전광역시","1"
"2020","여","50","전주","불합격","전라남도","1"
"2020","여","50","전주","불합격","전북특별자치도","242"
"2020","여","50","전주","불합격","충청남도","9"
"2020","여","50","전주","응시결격","전북특별자치도","1"
"2020","여","50","전주","합격","강원특별자치도","1"
"2020","여","50","전주","합격","경상남도","3"
"2020","여","50","전주","합격","대전광역시","3"
"2020","여","50","전주","합격","서울특별시","1"
"2020","여","50","전주","합격","수원","4"
"2020","여","50","전주","합격","전라남도","8"
"2020","여","50","전주","합격","전북특별자치도","2639"
"2020","여","50","전주","합격","충청남도","64"
"2020","여","60","전주","결시","전라남도","2"
"2020","여","60","전주","결시","전북특별자치도","93"
"2020","여","60","전주","결시","충청남도","4"
"2020","여","60","전주","불합격","전라남도","1"
"2020","여","60","전주","불합격","전북특별자치도","383"
"2020","여","60","전주","불합격","충청남도","9"
"2020","여","60","전주","합격","경상남도","1"
"2020","여","60","전주","합격","광주광역시","1"
"2020","여","60","전주","합격","서울특별시","1"
"2020","여","60","전주","합격","전라남도","1"
"2020","여","60","전주","합격","전북특별자치도","1731"
"2020","여","60","전주","합격","충청남도","76"
"2020","여","70","전주","결시","전북특별자치도","5"
"2020","여","70","전주","불합격","전북특별자치도","86"
"2020","여","70","전주","불합격","충청남도","8"
"2020","여","70","전주","합격","전북특별자치도","147"
"2020","여","70","전주","합격","충청남도","6"
"2020","여","80","전주","결시","전북특별자치도","4"
"2020","여","80","전주","결시","충청남도","1"
"2020","여","80","전주","불합격","전북특별자치도","4"
"2020","여","80","전주","불합격","충청남도","1"
"2020","여","80","전주","합격","전북특별자치도","2"
"2020","남","10","제주특별자치도","불합격","제주특별자치도","2"
"2020","남","10","제주특별자치도","합격","제주특별자치도","2"
"2020","남","20","제주특별자치도","결시","제주특별자치도","6"
"2020","남","20","제주특별자치도","불합격","제주특별자치도","10"
"2020","남","20","제주특별자치도","합격","제주특별자치도","15"
"2020","남","30","제주특별자치도","결시","제주특별자치도","4"
"2020","남","30","제주특별자치도","불합격","제주특별자치도","3"
"2020","남","30","제주특별자치도","합격","제주특별자치도","14"
"2020","남","40","제주특별자치도","결시","전라남도","1"
"2020","남","40","제주특별자치도","불합격","제주특별자치도","4"
"2020","남","40","제주특별자치도","합격","제주특별자치도","20"
"2020","남","50","제주특별자치도","결시","제주특별자치도","7"
"2020","남","50","제주특별자치도","불합격","제주특별자치도","8"
"2020","남","50","제주특별자치도","합격","광주광역시","1"
"2020","남","50","제주특별자치도","합격","인천광역시","1"
"2020","남","50","제주특별자치도","합격","제주특별자치도","59"
"2020","남","60","제주특별자치도","결시","제주특별자치도","7"
"2020","남","60","제주특별자치도","불합격","서울특별시","1"
"2020","남","60","제주특별자치도","불합격","제주특별자치도","11"
"2020","남","60","제주특별자치도","합격","서울특별시","1"
"2020","남","60","제주특별자치도","합격","제주특별자치도","61"
"2020","남","70","제주특별자치도","불합격","제주특별자치도","1"
"2020","남","70","제주특별자치도","합격","제주특별자치도","12"
"2020","남","80","제주특별자치도","불합격","제주특별자치도","1"
"2020","남","80","제주특별자치도","합격","제주특별자치도","1"
"2020","여","10","제주특별자치도","합격","제주특별자치도","3"
"2020","여","20","제주특별자치도","결시","제주특별자치도","1"
"2020","여","20","제주특별자치도","불합격","제주특별자치도","7"
"2020","여","20","제주특별자치도","합격","제주특별자치도","25"
"2020","여","30","제주특별자치도","결시","서울특별시","1"
"2020","여","30","제주특별자치도","결시","제주특별자치도","6"
"2020","여","30","제주특별자치도","불합격","제주특별자치도","21"
"2020","여","30","제주특별자치도","합격","서울특별시","1"
"2020","여","30","제주특별자치도","합격","제주특별자치도","51"
"2020","여","40","제주특별자치도","결시","경상북도","1"
"2020","여","40","제주특별자치도","결시","제주특별자치도","23"
"2020","여","40","제주특별자치도","불합격","제주특별자치도","17"
"2020","여","40","제주특별자치도","합격","서울특별시","2"
"2020","여","40","제주특별자치도","합격","전라남도","1"
"2020","여","40","제주특별자치도","합격","제주특별자치도","278"
"2020","여","40","제주특별자치도","합격","충청남도","1"
"2020","여","50","제주특별자치도","결시","제주특별자치도","28"
"2020","여","50","제주특별자치도","불합격","제주특별자치도","67"
"2020","여","50","제주특별자치도","불합격","충청북도","1"
"2020","여","50","제주특별자치도","합격","경상남도","2"
"2020","여","50","제주특별자치도","합격","서울특별시","2"
"2020","여","50","제주특별자치도","합격","수원","1"
"2020","여","50","제주특별자치도","합격","인천광역시","1"
"2020","여","50","제주특별자치도","합격","제주특별자치도","631"
"2020","여","50","제주특별자치도","합격","충청북도","1"
"2020","여","60","제주특별자치도","결시","경상남도","1"
"2020","여","60","제주특별자치도","결시","제주특별자치도","17"
"2020","여","60","제주특별자치도","불합격","제주특별자치도","76"
"2020","여","60","제주특별자치도","합격","경상남도","1"
"2020","여","60","제주특별자치도","합격","서울특별시","2"
"2020","여","60","제주특별자치도","합격","제주특별자치도","326"
"2020","여","70","제주특별자치도","결시","제주특별자치도","3"
"2020","여","70","제주특별자치도","불합격","제주특별자치도","11"
"2020","여","70","제주특별자치도","합격","제주특별자치도","19"
"2020","남","10","진주","합격","경상남도","1"
"2020","남","20","진주","결시","경상남도","2"
"2020","남","20","진주","불합격","경상남도","14"
"2020","남","20","진주","불합격","대구광역시","1"
"2020","남","20","진주","합격","경상남도","12"
"2020","남","30","진주","결시","경상남도","3"
"2020","남","30","진주","불합격","경상남도","5"
"2020","남","30","진주","합격","경상남도","26"
"2020","남","40","진주","결시","경상남도","11"
"2020","남","40","진주","불합격","경상남도","10"
"2020","남","40","진주","합격","경상남도","56"
"2020","남","50","진주","결시","경상남도","15"
"2020","남","50","진주","불합격","경상남도","32"
"2020","남","50","진주","응시결격","경상남도","1"
"2020","남","50","진주","합격","경상남도","168"
"2020","남","60","진주","결시","경상남도","14"
"2020","남","60","진주","불합격","경상남도","43"
"2020","남","60","진주","합격","경상남도","243"
"2020","남","70","진주","결시","경상남도","3"
"2020","남","70","진주","불합격","경상남도","12"
"2020","남","70","진주","합격","경상남도","43"
"2020","남","80","진주","결시","경상남도","2"
"2020","남","80","진주","불합격","경상남도","1"
"2020","남","80","진주","합격","경상남도","2"
"2020","여","20","진주","결시","경상남도","6"
"2020","여","20","진주","불합격","경상남도","19"
"2020","여","20","진주","합격","경상남도","48"
"2020","여","30","진주","결시","경상남도","33"
"2020","여","30","진주","결시","부산광역시","1"
"2020","여","30","진주","불합격","경상남도","65"
"2020","여","30","진주","합격","경상남도","294"
"2020","여","40","진주","결시","경상남도","109"
"2020","여","40","진주","결시","기타","1"
"2020","여","40","진주","불합격","경상남도","101"
"2020","여","40","진주","응시결격","경상남도","2"
"2020","여","40","진주","합격","경상남도","1180"
"2020","여","40","진주","합격","수원","1"
"2020","여","50","진주","결시","경상남도","129"
"2020","여","50","진주","불합격","경상남도","220"
"2020","여","50","진주","응시결격","경상남도","2"
"2020","여","50","진주","합격","경상남도","1721"
"2020","여","50","진주","합격","기타","1"
"2020","여","50","진주","합격","충청남도","2"
"2020","여","50","진주","합격","충청북도","1"
"2020","여","60","진주","결시","경상남도","103"
"2020","여","60","진주","불합격","경상남도","287"
"2020","여","60","진주","불합격","경상북도","1"
"2020","여","60","진주","합격","경상남도","892"
"2020","여","70","진주","결시","경상남도","9"
"2020","여","70","진주","불합격","경상남도","51"
"2020","여","70","진주","합격","경상남도","74"
"2020","여","80","진주","불합격","경상남도","2"
"2020","여","80","진주","합격","경상남도","3"
"2020","남","20","창원","결시","경상남도","8"
"2020","남","20","창원","불합격","경상남도","13"
"2020","남","20","창원","합격","경상남도","32"
"2020","남","30","창원","결시","경상남도","4"
"2020","남","30","창원","불합격","경상남도","10"
"2020","남","30","창원","합격","경상남도","47"
"2020","남","40","창원","결시","경상남도","11"
"2020","남","40","창원","불합격","경상남도","16"
"2020","남","40","창원","합격","경상남도","96"
"2020","남","50","창원","결시","경상남도","27"
"2020","남","50","창원","불합격","경상남도","32"
"2020","남","50","창원","합격","경상남도","334"
"2020","남","50","창원","합격","경상북도","1"
"2020","남","50","창원","합격","전라남도","1"
"2020","남","60","창원","결시","경상남도","36"
"2020","남","60","창원","결시","수원","1"
"2020","남","60","창원","불합격","경상남도","78"
"2020","남","60","창원","응시결격","경상남도","2"
"2020","남","60","창원","합격","경상남도","532"
"2020","남","60","창원","합격","경상북도","1"
"2020","남","70","창원","결시","경상남도","6"
"2020","남","70","창원","불합격","경상남도","23"
"2020","남","70","창원","합격","경상남도","78"
"2020","남","80","창원","결시","경상남도","1"
"2020","남","80","창원","불합격","경상남도","18"
"2020","남","80","창원","합격","경상남도","7"
"2020","여","10","창원","불합격","경상남도","1"
"2020","여","10","창원","합격","경상남도","1"
"2020","여","20","창원","결시","경상남도","8"
"2020","여","20","창원","불합격","경상남도","20"
"2020","여","20","창원","합격","경상남도","73"
"2020","여","30","창원","결시","경상남도","55"
"2020","여","30","창원","결시","충청남도","1"
"2020","여","30","창원","불합격","경상남도","66"
"2020","여","30","창원","합격","경상남도","461"
"2020","여","40","창원","결시","경상남도","208"
"2020","여","40","창원","불합격","경상남도","180"
"2020","여","40","창원","응시결격","경상남도","6"
"2020","여","40","창원","합격","경상남도","2676"
"2020","여","40","창원","합격","수원","1"
"2020","여","40","창원","합격","전라남도","1"
"2020","여","50","창원","결시","경상남도","302"
"2020","여","50","창원","불합격","경상남도","439"
"2020","여","50","창원","불합격","전라남도","1"
"2020","여","50","창원","응시결격","경상남도","4"
"2020","여","50","창원","합격","경상남도","4445"
"2020","여","50","창원","합격","대전광역시","1"
"2020","여","50","창원","합격","전라남도","1"
"2020","여","60","창원","결시","경상남도","179"
"2020","여","60","창원","결시","부산광역시","1"
"2020","여","60","창원","불합격","경상남도","583"
"2020","여","60","창원","불합격","부산광역시","2"
"2020","여","60","창원","합격","경상남도","2270"
"2020","여","60","창원","합격","경상북도","1"
"2020","여","70","창원","결시","경상남도","28"
"2020","여","70","창원","불합격","경상남도","75"
"2020","여","70","창원","불합격","수원","1"
"2020","여","70","창원","합격","경상남도","145"
"2020","여","70","창원","합격","수원","1"
"2020","여","80","창원","불합격","경상남도","6"
"2020","남","20","청주","결시","충청북도","1"
"2020","남","20","청주","불합격","충청북도","8"
"2020","남","20","청주","합격","충청북도","19"
"2020","남","30","청주","결시","충청북도","1"
"2020","남","30","청주","불합격","충청북도","4"
"2020","남","30","청주","합격","충청북도","20"
"2020","남","40","청주","결시","충청북도","4"
"2020","남","40","청주","불합격","충청북도","5"
"2020","남","40","청주","합격","충청북도","45"
"2020","남","50","청주","결시","수원","1"
"2020","남","50","청주","결시","충청북도","10"
"2020","남","50","청주","불합격","수원","1"
"2020","남","50","청주","불합격","충청북도","17"
"2020","남","50","청주","합격","수원","1"
"2020","남","50","청주","합격","충청남도","3"
"2020","남","50","청주","합격","충청북도","132"
"2020","남","60","청주","결시","충청북도","10"
"2020","남","60","청주","불합격","충청북도","31"
"2020","남","60","청주","응시결격","충청북도","1"
"2020","남","60","청주","합격","광주광역시","1"
"2020","남","60","청주","합격","수원","2"
"2020","남","60","청주","합격","충청남도","6"
"2020","남","60","청주","합격","충청북도","237"
"2020","남","70","청주","결시","충청북도","4"
"2020","남","70","청주","불합격","충청북도","8"
"2020","남","70","청주","합격","서울특별시","1"
"2020","남","70","청주","합격","울산광역시","1"
"2020","남","70","청주","합격","충청북도","41"
"2020","남","80","청주","결시","충청북도","2"
"2020","남","80","청주","불합격","충청북도","6"
"2020","남","80","청주","합격","충청남도","1"
"2020","남","80","청주","합격","충청북도","5"
"2020","여","10","청주","합격","충청북도","1"
"2020","여","20","청주","결시","충청북도","5"
"2020","여","20","청주","불합격","충청북도","5"
"2020","여","20","청주","합격","서울특별시","1"
"2020","여","20","청주","합격","충청북도","25"
"2020","여","30","청주","결시","기타","1"
"2020","여","30","청주","결시","충청북도","12"
"2020","여","30","청주","불합격","충청북도","15"
"2020","여","30","청주","합격","경상북도","1"
"2020","여","30","청주","합격","대전광역시","1"
"2020","여","30","청주","합격","충청남도","3"
"2020","여","30","청주","합격","충청북도","158"
"2020","여","40","청주","결시","광주광역시","1"
"2020","여","40","청주","결시","서울특별시","1"
"2020","여","40","청주","결시","인천광역시","1"
"2020","여","40","청주","결시","충청북도","44"
"2020","여","40","청주","불합격","서울특별시","1"
"2020","여","40","청주","불합격","충청북도","47"
"2020","여","40","청주","합격","서울특별시","2"
"2020","여","40","청주","합격","수원","1"
"2020","여","40","청주","합격","인천광역시","1"
"2020","여","40","청주","합격","전라남도","1"
"2020","여","40","청주","합격","충청남도","13"
"2020","여","40","청주","합격","충청북도","832"
"2020","여","50","청주","결시","경상북도","1"
"2020","여","50","청주","결시","충청남도","2"
"2020","여","50","청주","결시","충청북도","69"
"2020","여","50","청주","불합격","경상북도","1"
"2020","여","50","청주","불합격","수원","1"
"2020","여","50","청주","불합격","충청남도","2"
"2020","여","50","청주","불합격","충청북도","140"
"2020","여","50","청주","합격","경상남도","1"
"2020","여","50","청주","합격","경상북도","1"
"2020","여","50","청주","합격","대전광역시","2"
"2020","여","50","청주","합격","세종특별자치시","1"
"2020","여","50","청주","합격","수원","4"
"2020","여","50","청주","합격","충청남도","26"
"2020","여","50","청주","합격","충청북도","1816"
"2020","여","60","청주","결시","수원","1"
"2020","여","60","청주","결시","충청남도","1"
"2020","여","60","청주","결시","충청북도","68"
"2020","여","60","청주","불합격","대전광역시","1"
"2020","여","60","청주","불합격","부산광역시","1"
"2020","여","60","청주","불합격","수원","2"
"2020","여","60","청주","불합격","충청남도","5"
"2020","여","60","청주","불합격","충청북도","248"
"2020","여","60","청주","응시결격","충청북도","1"
"2020","여","60","청주","합격","대전광역시","1"
"2020","여","60","청주","합격","서울특별시","2"
"2020","여","60","청주","합격","충청남도","9"
"2020","여","60","청주","합격","충청북도","1142"
"2020","여","70","청주","결시","충청북도","3"
"2020","여","70","청주","불합격","충청북도","47"
"2020","여","70","청주","합격","광주광역시","1"
"2020","여","70","청주","합격","충청북도","64"
"2020","여","80","청주","합격","충청북도","2"
"2020","남","20","춘천","결시","강원특별자치도","2"
"2020","남","20","춘천","불합격","강원특별자치도","11"
"2020","남","20","춘천","불합격","의정부","2"
"2020","남","20","춘천","합격","강원특별자치도","24"
"2020","남","30","춘천","불합격","강원특별자치도","4"
"2020","남","30","춘천","합격","강원특별자치도","22"
"2020","남","40","춘천","결시","강원특별자치도","5"
"2020","남","40","춘천","결시","서울특별시","1"
"2020","남","40","춘천","불합격","강원특별자치도","6"
"2020","남","40","춘천","합격","강원특별자치도","54"
"2020","남","40","춘천","합격","의정부","2"
"2020","남","50","춘천","결시","강원특별자치도","11"
"2020","남","50","춘천","불합격","강원특별자치도","10"
"2020","남","50","춘천","합격","강원특별자치도","159"
"2020","남","50","춘천","합격","의정부","5"
"2020","남","50","춘천","합격","인천광역시","1"
"2020","남","60","춘천","결시","강원특별자치도","6"
"2020","남","60","춘천","불합격","강원특별자치도","11"
"2020","남","60","춘천","합격","강원특별자치도","247"
"2020","남","60","춘천","합격","경상남도","1"
"2020","남","60","춘천","합격","수원","1"
"2020","남","60","춘천","합격","의정부","7"
"2020","남","70","춘천","결시","강원특별자치도","5"
"2020","남","70","춘천","결시","서울특별시","1"
"2020","남","70","춘천","불합격","강원특별자치도","22"
"2020","남","70","춘천","합격","강원특별자치도","33"
"2020","남","80","춘천","불합격","강원특별자치도","2"
"2020","남","80","춘천","불합격","의정부","1"
"2020","남","80","춘천","합격","강원특별자치도","4"
"2020","남","80","춘천","합격","의정부","2"
"2020","여","10","춘천","합격","의정부","1"
"2020","여","20","춘천","결시","강원특별자치도","6"
"2020","여","20","춘천","불합격","강원특별자치도","5"
"2020","여","20","춘천","합격","강원특별자치도","56"
"2020","여","20","춘천","합격","부산광역시","1"
"2020","여","20","춘천","합격","서울특별시","1"
"2020","여","30","춘천","결시","강원특별자치도","18"
"2020","여","30","춘천","결시","의정부","1"
"2020","여","30","춘천","불합격","강원특별자치도","46"
"2020","여","30","춘천","불합격","의정부","2"
"2020","여","30","춘천","응시결격","강원특별자치도","1"
"2020","여","30","춘천","합격","강원특별자치도","129"
"2020","여","30","춘천","합격","의정부","4"
"2020","여","30","춘천","합격","충청남도","1"
"2020","여","40","춘천","결시","강원특별자치도","57"
"2020","여","40","춘천","결시","의정부","2"
"2020","여","40","춘천","불합격","강원특별자치도","50"
"2020","여","40","춘천","불합격","의정부","2"
"2020","여","40","춘천","합격","강원특별자치도","836"
"2020","여","40","춘천","합격","광주광역시","1"
"2020","여","40","춘천","합격","수원","3"
"2020","여","40","춘천","합격","의정부","18"
"2020","여","40","춘천","합격","전라남도","1"
"2020","여","50","춘천","결시","강원특별자치도","76"
"2020","여","50","춘천","결시","의정부","5"
"2020","여","50","춘천","불합격","강원특별자치도","156"
"2020","여","50","춘천","불합격","의정부","8"
"2020","여","50","춘천","응시결격","강원특별자치도","1"
"2020","여","50","춘천","합격","강원특별자치도","1675"
"2020","여","50","춘천","합격","경상남도","1"
"2020","여","50","춘천","합격","광주광역시","1"
"2020","여","50","춘천","합격","서울특별시","1"
"2020","여","50","춘천","합격","수원","3"
"2020","여","50","춘천","합격","의정부","48"
"2020","여","50","춘천","합격","전북특별자치도","1"
"2020","여","60","춘천","결시","강원특별자치도","49"
"2020","여","60","춘천","결시","서울특별시","1"
"2020","여","60","춘천","결시","수원","1"
"2020","여","60","춘천","결시","의정부","3"
"2020","여","60","춘천","불합격","강원특별자치도","221"
"2020","여","60","춘천","불합격","경상북도","1"
"2020","여","60","춘천","불합격","수원","1"
"2020","여","60","춘천","불합격","의정부","10"
"2020","여","60","춘천","합격","강원특별자치도","1057"
"2020","여","60","춘천","합격","서울특별시","2"
"2020","여","60","춘천","합격","의정부","45"
"2020","여","70","춘천","결시","강원특별자치도","5"
"2020","여","70","춘천","결시","의정부","1"
"2020","여","70","춘천","불합격","강원특별자치도","33"
"2020","여","70","춘천","합격","강원특별자치도","70"
"2020","여","70","춘천","합격","의정부","8"
"2020","여","80","춘천","불합격","강원특별자치도","1"
"2020","여","80","춘천","합격","강원특별자치도","4"
"2020","남","20","홍성(충남)","결시","충청남도","1"
"2020","남","20","홍성(충남)","불합격","충청남도","1"
"2020","남","20","홍성(충남)","합격","충청남도","8"
"2020","남","30","홍성(충남)","결시","충청남도","4"
"2020","남","30","홍성(충남)","불합격","충청남도","3"
"2020","남","30","홍성(충남)","합격","충청남도","22"
"2020","남","40","홍성(충남)","결시","충청남도","7"
"2020","남","40","홍성(충남)","불합격","충청남도","6"
"2020","남","40","홍성(충남)","합격","서울특별시","1"
"2020","남","40","홍성(충남)","합격","의정부","1"
"2020","남","40","홍성(충남)","합격","충청남도","53"
"2020","남","50","홍성(충남)","결시","충청남도","13"
"2020","남","50","홍성(충남)","불합격","충청남도","19"
"2020","남","50","홍성(충남)","합격","수원","1"
"2020","남","50","홍성(충남)","합격","의정부","1"
"2020","남","50","홍성(충남)","합격","충청남도","156"
"2020","남","60","홍성(충남)","결시","수원","1"
"2020","남","60","홍성(충남)","결시","충청남도","10"
"2020","남","60","홍성(충남)","불합격","충청남도","29"
"2020","남","60","홍성(충남)","합격","충청남도","259"
"2020","남","70","홍성(충남)","결시","충청남도","6"
"2020","남","70","홍성(충남)","불합격","충청남도","22"
"2020","남","70","홍성(충남)","합격","충청남도","56"
"2020","남","80","홍성(충남)","결시","충청남도","2"
"2020","남","80","홍성(충남)","불합격","충청남도","13"
"2020","남","80","홍성(충남)","합격","충청남도","11"
"2020","여","20","홍성(충남)","불합격","충청남도","4"
"2020","여","20","홍성(충남)","합격","충청남도","29"
"2020","여","30","홍성(충남)","결시","충청남도","19"
"2020","여","30","홍성(충남)","불합격","충청남도","34"
"2020","여","30","홍성(충남)","합격","수원","1"
"2020","여","30","홍성(충남)","합격","충청남도","181"
"2020","여","40","홍성(충남)","결시","강원특별자치도","1"
"2020","여","40","홍성(충남)","결시","충청남도","42"
"2020","여","40","홍성(충남)","불합격","충청남도","55"
"2020","여","40","홍성(충남)","합격","전라남도","1"
"2020","여","40","홍성(충남)","합격","충청남도","826"
"2020","여","50","홍성(충남)","결시","광주광역시","1"
"2020","여","50","홍성(충남)","결시","전라남도","1"
"2020","여","50","홍성(충남)","결시","충청남도","75"
"2020","여","50","홍성(충남)","불합격","의정부","1"
"2020","여","50","홍성(충남)","불합격","충청남도","147"
"2020","여","50","홍성(충남)","합격","강원특별자치도","1"
"2020","여","50","홍성(충남)","합격","광주광역시","1"
"2020","여","50","홍성(충남)","합격","서울특별시","3"
"2020","여","50","홍성(충남)","합격","수원","3"
"2020","여","50","홍성(충남)","합격","인천광역시","1"
"2020","여","50","홍성(충남)","합격","전라남도","2"
"2020","여","50","홍성(충남)","합격","충청남도","1437"
"2020","여","60","홍성(충남)","결시","수원","1"
"2020","여","60","홍성(충남)","결시","충청남도","58"
"2020","여","60","홍성(충남)","불합격","서울특별시","1"
"2020","여","60","홍성(충남)","불합격","충청남도","270"
"2020","여","60","홍성(충남)","합격","경상남도","1"
"2020","여","60","홍성(충남)","합격","수원","1"
"2020","여","60","홍성(충남)","합격","울산광역시","1"
"2020","여","60","홍성(충남)","합격","충청남도","963"
"2020","여","70","홍성(충남)","결시","충청남도","13"
"2020","여","70","홍성(충남)","불합격","서울특별시","3"
"2020","여","70","홍성(충남)","불합격","충청남도","68"
"2020","여","70","홍성(충남)","합격","서울특별시","1"
"2020","여","70","홍성(충남)","합격","의정부","1"
"2020","여","70","홍성(충남)","합격","충청남도","100"
"2020","여","80","홍성(충남)","결시","충청남도","1"
"2020","여","80","홍성(충남)","합격","충청남도","1"
"2021","남","10","""수원","화성""","합격","2"
"2021","남","20","""수원","화성""","결시","10"
"2021","남","20","""수원","화성""","불합격","23"
"2021","남","20","""수원","화성""","합격","88"
"2021","남","30","""수원","화성""","결시","6"
"2021","남","30","""수원","화성""","불합격","20"
"2021","남","30","""수원","화성""","합격","117"
"2021","남","40","""수원","화성""","결시","19"
"2021","남","40","""수원","화성""","불합격","21"
"2021","남","40","""수원","화성""","합격","283"
"2021","남","50","""수원","화성""","결시","37"
"2021","남","50","""수원","화성""","불합격","32"
"2021","남","50","""수원","화성""","합격","757"
"2021","남","60","""수원","화성""","결시","44"
"2021","남","60","""수원","화성""","불합격","135"
"2021","남","60","""수원","화성""","응시결격","1"
"2021","남","60","""수원","화성""","합격","1375"
"2021","남","70","""수원","화성""","결시","10"
"2021","남","70","""수원","화성""","불합격","52"
"2021","남","70","""수원","화성""","합격","323"
"2021","남","80","""수원","화성""","결시","6"
"2021","남","80","""수원","화성""","불합격","13"
"2021","남","80","""수원","화성""","합격","25"
"2021","남","90","""수원","화성""","불합격","1"
"2021","남","90","""수원","화성""","합격","1"
"2021","여","10","""수원","화성""","결시","2"
"2021","여","10","""수원","화성""","합격","3"
"2021","여","20","""수원","화성""","결시","11"
"2021","여","20","""수원","화성""","불합격","43"
"2021","여","20","""수원","화성""","응시결격","1"
"2021","여","20","""수원","화성""","합격","253"
"2021","여","30","""수원","화성""","결시","31"
"2021","여","30","""수원","화성""","불합격","68"
"2021","여","30","""수원","화성""","응시결격","1"
"2021","여","30","""수원","화성""","합격","1006"
"2021","여","40","""수원","화성""","결시","149"
"2021","여","40","""수원","화성""","불합격","160"
"2021","여","40","""수원","화성""","응시결격","5"
"2021","여","40","""수원","화성""","합격","5603"
"2021","여","50","""수원","화성""","결시","283"
"2021","여","50","""수원","화성""","불합격","459"
"2021","여","50","""수원","화성""","응시결격","3"
"2021","여","50","""수원","화성""","합격","11533"
"2021","여","60","""수원","화성""","결시","232"
"2021","여","60","""수원","화성""","불합격","899"
"2021","여","60","""수원","화성""","응시결격","1"
"2021","여","60","""수원","화성""","합격","7217"
"2021","여","70","""수원","화성""","결시","40"
"2021","여","70","""수원","화성""","불합격","227"
"2021","여","70","""수원","화성""","합격","660"
"2021","여","80","""수원","화성""","결시","1"
"2021","여","80","""수원","화성""","불합격","10"
"2021","여","80","""수원","화성""","합격","14"
"2021","남","10","""의정부","양주""","합격","2"
"2021","남","20","""의정부","양주""","결시","6"
"2021","남","20","""의정부","양주""","불합격","21"
"2021","남","20","""의정부","양주""","합격","66"
"2021","남","30","""의정부","양주""","결시","9"
"2021","남","30","""의정부","양주""","불합격","7"
"2021","남","30","""의정부","양주""","합격","74"
"2021","남","40","""의정부","양주""","결시","16"
"2021","남","40","""의정부","양주""","불합격","15"
"2021","남","40","""의정부","양주""","합격","202"
"2021","남","50","""의정부","양주""","결시","27"
"2021","남","50","""의정부","양주""","불합격","30"
"2021","남","50","""의정부","양주""","합격","551"
"2021","남","60","""의정부","양주""","결시","18"
"2021","남","60","""의정부","양주""","불합격","52"
"2021","남","60","""의정부","양주""","합격","863"
"2021","남","70","""의정부","양주""","결시","16"
"2021","남","70","""의정부","양주""","불합격","71"
"2021","남","70","""의정부","양주""","합격","180"
"2021","남","80","""의정부","양주""","결시","1"
"2021","남","80","""의정부","양주""","불합격","15"
"2021","남","80","""의정부","양주""","합격","27"
"2021","여","10","""의정부","양주""","합격","2"
"2021","여","20","""의정부","양주""","결시","8"
"2021","여","20","""의정부","양주""","불합격","24"
"2021","여","20","""의정부","양주""","합격","139"
"2021","여","30","""의정부","양주""","결시","27"
"2021","여","30","""의정부","양주""","불합격","42"
"2021","여","30","""의정부","양주""","합격","529"
"2021","여","40","""의정부","양주""","결시","97"
"2021","여","40","""의정부","양주""","불합격","100"
"2021","여","40","""의정부","양주""","응시결격","3"
"2021","여","40","""의정부","양주""","합격","2734"
"2021","여","50","""의정부","양주""","결시","174"
"2021","여","50","""의정부","양주""","불합격","286"
"2021","여","50","""의정부","양주""","응시결격","1"
"2021","여","50","""의정부","양주""","합격","6398"
"2021","여","60","""의정부","양주""","결시","173"
"2021","여","60","""의정부","양주""","불합격","644"
"2021","여","60","""의정부","양주""","합격","4505"
"2021","여","70","""의정부","양주""","결시","37"
"2021","여","70","""의정부","양주""","불합격","164"
"2021","여","70","""의정부","양주""","응시결격","1"
"2021","여","70","""의정부","양주""","합격","450"
"2021","여","80","""의정부","양주""","결시","2"
"2021","여","80","""의정부","양주""","불합격","10"
"2021","여","80","""의정부","양주""","합격","12"
"2021","남","10","광주광역시","결시","전라남도","1"
"2021","남","10","광주광역시","불합격","전북특별자치도","1"
"2021","남","20","광주광역시","결시","광주광역시","4"
"2021","남","20","광주광역시","결시","대구광역시","1"
"2021","남","20","광주광역시","결시","전라남도","1"
"2021","남","20","광주광역시","불합격","광주광역시","20"
"2021","남","20","광주광역시","불합격","전라남도","3"
"2021","남","20","광주광역시","합격","광주광역시","41"
"2021","남","20","광주광역시","합격","전라남도","9"
"2021","남","20","광주광역시","합격","전북특별자치도","1"
"2021","남","30","광주광역시","결시","광주광역시","6"
"2021","남","30","광주광역시","불합격","광주광역시","11"
"2021","남","30","광주광역시","불합격","전라남도","1"
"2021","남","30","광주광역시","합격","광주광역시","47"
"2021","남","30","광주광역시","합격","서울특별시","1"
"2021","남","30","광주광역시","합격","전라남도","15"
"2021","남","30","광주광역시","합격","전북특별자치도","1"
"2021","남","40","광주광역시","결시","광주광역시","18"
"2021","남","40","광주광역시","결시","전라남도","5"
"2021","남","40","광주광역시","불합격","광주광역시","23"
"2021","남","40","광주광역시","불합격","전라남도","5"
"2021","남","40","광주광역시","합격","광주광역시","172"
"2021","남","40","광주광역시","합격","서울특별시","1"
"2021","남","40","광주광역시","합격","수원","1"
"2021","남","40","광주광역시","합격","전라남도","39"
"2021","남","40","광주광역시","합격","전북특별자치도","1"
"2021","남","40","광주광역시","합격","충청남도","1"
"2021","남","50","광주광역시","결시","광주광역시","27"
"2021","남","50","광주광역시","결시","전라남도","5"
"2021","남","50","광주광역시","결시","전북특별자치도","1"
"2021","남","50","광주광역시","불합격","광주광역시","59"
"2021","남","50","광주광역시","불합격","전라남도","7"
"2021","남","50","광주광역시","합격","강원특별자치도","1"
"2021","남","50","광주광역시","합격","경상북도","1"
"2021","남","50","광주광역시","합격","광주광역시","371"
"2021","남","50","광주광역시","합격","기타","1"
"2021","남","50","광주광역시","합격","수원","1"
"2021","남","50","광주광역시","합격","전라남도","88"
"2021","남","50","광주광역시","합격","전북특별자치도","4"
"2021","남","60","광주광역시","결시","광주광역시","38"
"2021","남","60","광주광역시","결시","기타","1"
"2021","남","60","광주광역시","결시","전라남도","6"
"2021","남","60","광주광역시","불합격","광주광역시","94"
"2021","남","60","광주광역시","불합격","전라남도","12"
"2021","남","60","광주광역시","불합격","전북특별자치도","1"
"2021","남","60","광주광역시","합격","광주광역시","520"
"2021","남","60","광주광역시","합격","서울특별시","3"
"2021","남","60","광주광역시","합격","수원","2"
"2021","남","60","광주광역시","합격","전라남도","95"
"2021","남","60","광주광역시","합격","전북특별자치도","10"
"2021","남","70","광주광역시","결시","광주광역시","5"
"2021","남","70","광주광역시","결시","서울특별시","2"
"2021","남","70","광주광역시","결시","전라남도","2"
"2021","남","70","광주광역시","불합격","광주광역시","44"
"2021","남","70","광주광역시","불합격","서울특별시","2"
"2021","남","70","광주광역시","불합격","전라남도","11"
"2021","남","70","광주광역시","불합격","전북특별자치도","1"
"2021","남","70","광주광역시","합격","광주광역시","148"
"2021","남","70","광주광역시","합격","전라남도","25"
"2021","남","80","광주광역시","결시","광주광역시","1"
"2021","남","80","광주광역시","불합격","광주광역시","23"
"2021","남","80","광주광역시","불합격","전라남도","5"
"2021","남","80","광주광역시","합격","광주광역시","27"
"2021","남","80","광주광역시","합격","전라남도","1"
"2021","여","20","광주광역시","결시","광주광역시","5"
"2021","여","20","광주광역시","불합격","광주광역시","11"
"2021","여","20","광주광역시","불합격","전라남도","7"
"2021","여","20","광주광역시","합격","광주광역시","135"
"2021","여","20","광주광역시","합격","서울특별시","1"
"2021","여","20","광주광역시","합격","전라남도","28"
"2021","여","20","광주광역시","합격","전북특별자치도","1"
"2021","여","30","광주광역시","결시","광주광역시","23"
"2021","여","30","광주광역시","결시","전라남도","8"
"2021","여","30","광주광역시","불합격","광주광역시","63"
"2021","여","30","광주광역시","불합격","전라남도","25"
"2021","여","30","광주광역시","불합격","전북특별자치도","2"
"2021","여","30","광주광역시","불합격","충청남도","2"
"2021","여","30","광주광역시","합격","광주광역시","545"
"2021","여","30","광주광역시","합격","서울특별시","1"
"2021","여","30","광주광역시","합격","수원","1"
"2021","여","30","광주광역시","합격","전라남도","136"
"2021","여","30","광주광역시","합격","전북특별자치도","4"
"2021","여","40","광주광역시","결시","경상남도","1"
"2021","여","40","광주광역시","결시","광주광역시","119"
"2021","여","40","광주광역시","결시","전라남도","32"
"2021","여","40","광주광역시","불합격","광주광역시","143"
"2021","여","40","광주광역시","불합격","전라남도","29"
"2021","여","40","광주광역시","불합격","전북특별자치도","5"
"2021","여","40","광주광역시","응시결격","전라남도","1"
"2021","여","40","광주광역시","합격","강원특별자치도","2"
"2021","여","40","광주광역시","합격","경상북도","1"
"2021","여","40","광주광역시","합격","광주광역시","2667"
"2021","여","40","광주광역시","합격","기타","1"
"2021","여","40","광주광역시","합격","서울특별시","3"
"2021","여","40","광주광역시","합격","수원","2"
"2021","여","40","광주광역시","합격","의정부","1"
"2021","여","40","광주광역시","합격","전라남도","490"
"2021","여","40","광주광역시","합격","전북특별자치도","12"
"2021","여","40","광주광역시","합격","제주특별자치도","1"
"2021","여","50","광주광역시","결시","경상남도","3"
"2021","여","50","광주광역시","결시","광주광역시","237"
"2021","여","50","광주광역시","결시","기타","2"
"2021","여","50","광주광역시","결시","수원","1"
"2021","여","50","광주광역시","결시","전라남도","41"
"2021","여","50","광주광역시","결시","전북특별자치도","1"
"2021","여","50","광주광역시","불합격","경상남도","3"
"2021","여","50","광주광역시","불합격","광주광역시","374"
"2021","여","50","광주광역시","불합격","서울특별시","2"
"2021","여","50","광주광역시","불합격","수원","3"
"2021","여","50","광주광역시","불합격","전라남도","75"
"2021","여","50","광주광역시","불합격","전북특별자치도","4"
"2021","여","50","광주광역시","응시결격","광주광역시","1"
"2021","여","50","광주광역시","합격","경상남도","3"
"2021","여","50","광주광역시","합격","광주광역시","3789"
"2021","여","50","광주광역시","합격","기타","2"
"2021","여","50","광주광역시","합격","서울특별시","4"
"2021","여","50","광주광역시","합격","수원","1"
"2021","여","50","광주광역시","합격","인천광역시","1"
"2021","여","50","광주광역시","합격","전라남도","581"
"2021","여","50","광주광역시","합격","전북특별자치도","24"
"2021","여","50","광주광역시","합격","제주특별자치도","1"
"2021","여","60","광주광역시","결시","경상남도","3"
"2021","여","60","광주광역시","결시","광주광역시","121"
"2021","여","60","광주광역시","결시","기타","1"
"2021","여","60","광주광역시","결시","서울특별시","1"
"2021","여","60","광주광역시","결시","전라남도","25"
"2021","여","60","광주광역시","결시","전북특별자치도","6"
"2021","여","60","광주광역시","불합격","광주광역시","535"
"2021","여","60","광주광역시","불합격","전라남도","115"
"2021","여","60","광주광역시","불합격","전북특별자치도","9"
"2021","여","60","광주광역시","합격","경상남도","3"
"2021","여","60","광주광역시","합격","광주광역시","2001"
"2021","여","60","광주광역시","합격","서울특별시","3"
"2021","여","60","광주광역시","합격","수원","1"
"2021","여","60","광주광역시","합격","전라남도","341"
"2021","여","60","광주광역시","합격","전북특별자치도","13"
"2021","여","70","광주광역시","결시","광주광역시","15"
"2021","여","70","광주광역시","결시","전라남도","5"
"2021","여","70","광주광역시","불합격","광주광역시","121"
"2021","여","70","광주광역시","불합격","전라남도","34"
"2021","여","70","광주광역시","불합격","전북특별자치도","1"
"2021","여","70","광주광역시","합격","광주광역시","214"
"2021","여","70","광주광역시","합격","부산광역시","1"
"2021","여","70","광주광역시","합격","전라남도","36"
"2021","여","80","광주광역시","결시","광주광역시","2"
"2021","여","80","광주광역시","불합격","광주광역시","3"
"2021","여","80","광주광역시","합격","광주광역시","5"
"2021","여","80","광주광역시","합격","전라남도","1"
"2021","남","20","대구광역시","결시","경상남도","1"
"2021","남","20","대구광역시","결시","경상북도","4"
"2021","남","20","대구광역시","결시","대구광역시","1"
"2021","남","20","대구광역시","불합격","경상북도","5"
"2021","남","20","대구광역시","불합격","대구광역시","19"
"2021","남","20","대구광역시","합격","경상남도","2"
"2021","남","20","대구광역시","합격","경상북도","27"
"2021","남","20","대구광역시","합격","대구광역시","29"
"2021","남","20","대구광역시","합격","서울특별시","1"
"2021","남","20","대구광역시","합격","세종특별자치시","1"
"2021","남","30","대구광역시","결시","경상북도","6"
"2021","남","30","대구광역시","결시","대구광역시","2"
"2021","남","30","대구광역시","불합격","경상남도","3"
"2021","남","30","대구광역시","불합격","경상북도","9"
"2021","남","30","대구광역시","불합격","대구광역시","3"
"2021","남","30","대구광역시","합격","경상남도","1"
"2021","남","30","대구광역시","합격","경상북도","38"
"2021","남","30","대구광역시","합격","대구광역시","60"
"2021","남","30","대구광역시","합격","충청남도","1"
"2021","남","40","대구광역시","결시","경상북도","4"
"2021","남","40","대구광역시","결시","대구광역시","4"
"2021","남","40","대구광역시","불합격","경상북도","3"
"2021","남","40","대구광역시","불합격","대구광역시","6"
"2021","남","40","대구광역시","합격","경상남도","3"
"2021","남","40","대구광역시","합격","경상북도","88"
"2021","남","40","대구광역시","합격","대구광역시","83"
"2021","남","40","대구광역시","합격","서울특별시","1"
"2021","남","50","대구광역시","결시","경상북도","15"
"2021","남","50","대구광역시","결시","대구광역시","16"
"2021","남","50","대구광역시","불합격","경상북도","8"
"2021","남","50","대구광역시","불합격","대구광역시","17"
"2021","남","50","대구광역시","합격","경상남도","8"
"2021","남","50","대구광역시","합격","경상북도","203"
"2021","남","50","대구광역시","합격","대구광역시","229"
"2021","남","50","대구광역시","합격","수원","3"
"2021","남","50","대구광역시","합격","의정부","2"
"2021","남","60","대구광역시","결시","경상남도","1"
"2021","남","60","대구광역시","결시","경상북도","6"
"2021","남","60","대구광역시","결시","대구광역시","16"
"2021","남","60","대구광역시","불합격","경상북도","24"
"2021","남","60","대구광역시","불합격","대구광역시","22"
"2021","남","60","대구광역시","불합격","울산광역시","1"
"2021","남","60","대구광역시","합격","경상남도","16"
"2021","남","60","대구광역시","합격","경상북도","271"
"2021","남","60","대구광역시","합격","대구광역시","314"
"2021","남","60","대구광역시","합격","서울특별시","2"
"2021","남","60","대구광역시","합격","수원","1"
"2021","남","60","대구광역시","합격","전라남도","1"
"2021","남","70","대구광역시","결시","경상남도","1"
"2021","남","70","대구광역시","결시","경상북도","3"
"2021","남","70","대구광역시","결시","대구광역시","2"
"2021","남","70","대구광역시","불합격","경상북도","12"
"2021","남","70","대구광역시","불합격","대구광역시","19"
"2021","남","70","대구광역시","불합격","서울특별시","1"
"2021","남","70","대구광역시","불합격","울산광역시","1"
"2021","남","70","대구광역시","합격","경상남도","1"
"2021","남","70","대구광역시","합격","경상북도","55"
"2021","남","70","대구광역시","합격","대구광역시","76"
"2021","남","80","대구광역시","결시","대구광역시","2"
"2021","남","80","대구광역시","불합격","경상북도","6"
"2021","남","80","대구광역시","불합격","대구광역시","9"
"2021","남","80","대구광역시","합격","경상남도","1"
"2021","남","80","대구광역시","합격","경상북도","4"
"2021","남","80","대구광역시","합격","대구광역시","14"
"2021","여","20","대구광역시","결시","경상북도","4"
"2021","여","20","대구광역시","결시","기타","1"
"2021","여","20","대구광역시","결시","대구광역시","2"
"2021","여","20","대구광역시","불합격","경상남도","2"
"2021","여","20","대구광역시","불합격","경상북도","15"
"2021","여","20","대구광역시","불합격","대구광역시","13"
"2021","여","20","대구광역시","합격","경상남도","7"
"2021","여","20","대구광역시","합격","경상북도","77"
"2021","여","20","대구광역시","합격","대구광역시","79"
"2021","여","20","대구광역시","합격","부산광역시","1"
"2021","여","20","대구광역시","합격","울산광역시","1"
"2021","여","30","대구광역시","결시","경상남도","4"
"2021","여","30","대구광역시","결시","경상북도","12"
"2021","여","30","대구광역시","결시","대구광역시","1"
"2021","여","30","대구광역시","불합격","경상남도","5"
"2021","여","30","대구광역시","불합격","경상북도","19"
"2021","여","30","대구광역시","불합격","대구광역시","22"
"2021","여","30","대구광역시","불합격","서울특별시","1"
"2021","여","30","대구광역시","합격","강원특별자치도","1"
"2021","여","30","대구광역시","합격","경상남도","15"
"2021","여","30","대구광역시","합격","경상북도","345"
"2021","여","30","대구광역시","합격","대구광역시","250"
"2021","여","30","대구광역시","합격","세종특별자치시","1"
"2021","여","40","대구광역시","결시","경상남도","6"
"2021","여","40","대구광역시","결시","경상북도","61"
"2021","여","40","대구광역시","결시","기타","2"
"2021","여","40","대구광역시","결시","대구광역시","25"
"2021","여","40","대구광역시","불합격","경상남도","5"
"2021","여","40","대구광역시","불합격","경상북도","49"
"2021","여","40","대구광역시","불합격","대구광역시","60"
"2021","여","40","대구광역시","합격","강원특별자치도","2"
"2021","여","40","대구광역시","합격","경상남도","73"
"2021","여","40","대구광역시","합격","경상북도","1730"
"2021","여","40","대구광역시","합격","대구광역시","1767"
"2021","여","40","대구광역시","합격","서울특별시","4"
"2021","여","40","대구광역시","합격","세종특별자치시","2"
"2021","여","40","대구광역시","합격","수원","6"
"2021","여","40","대구광역시","합격","울산광역시","1"
"2021","여","40","대구광역시","합격","의정부","1"
"2021","여","40","대구광역시","합격","인천광역시","1"
"2021","여","50","대구광역시","결시","강원특별자치도","1"
"2021","여","50","대구광역시","결시","경상남도","7"
"2021","여","50","대구광역시","결시","경상북도","62"
"2021","여","50","대구광역시","결시","기타","2"
"2021","여","50","대구광역시","결시","대구광역시","78"
"2021","여","50","대구광역시","결시","서울특별시","1"
"2021","여","50","대구광역시","결시","수원","1"
"2021","여","50","대구광역시","불합격","경상남도","22"
"2021","여","50","대구광역시","불합격","경상북도","161"
"2021","여","50","대구광역시","불합격","대구광역시","233"
"2021","여","50","대구광역시","응시결격","경상북도","2"
"2021","여","50","대구광역시","합격","강원특별자치도","2"
"2021","여","50","대구광역시","합격","경상남도","120"
"2021","여","50","대구광역시","합격","경상북도","2808"
"2021","여","50","대구광역시","합격","기타","1"
"2021","여","50","대구광역시","합격","대구광역시","3944"
"2021","여","50","대구광역시","합격","부산광역시","1"
"2021","여","50","대구광역시","합격","서울특별시","8"
"2021","여","50","대구광역시","합격","수원","6"
"2021","여","50","대구광역시","합격","의정부","2"
"2021","여","50","대구광역시","합격","전라남도","2"
"2021","여","50","대구광역시","합격","전북특별자치도","1"
"2021","여","50","대구광역시","합격","제주특별자치도","1"
"2021","여","50","대구광역시","합격","충청남도","1"
"2021","여","50","대구광역시","합격","충청북도","1"
"2021","여","60","대구광역시","결시","경상남도","3"
"2021","여","60","대구광역시","결시","경상북도","56"
"2021","여","60","대구광역시","결시","대구광역시","77"
"2021","여","60","대구광역시","불합격","경상남도","12"
"2021","여","60","대구광역시","불합격","경상북도","204"
"2021","여","60","대구광역시","불합격","대구광역시","334"
"2021","여","60","대구광역시","불합격","서울특별시","1"
"2021","여","60","대구광역시","불합격","수원","1"
"2021","여","60","대구광역시","합격","경상남도","69"
"2021","여","60","대구광역시","합격","경상북도","1397"
"2021","여","60","대구광역시","합격","대구광역시","2388"
"2021","여","60","대구광역시","합격","대전광역시","2"
"2021","여","60","대구광역시","합격","서울특별시","3"
"2021","여","60","대구광역시","합격","수원","2"
"2021","여","60","대구광역시","합격","충청남도","2"
"2021","여","70","대구광역시","결시","경상남도","1"
"2021","여","70","대구광역시","결시","경상북도","2"
"2021","여","70","대구광역시","결시","대구광역시","13"
"2021","여","70","대구광역시","불합격","경상북도","59"
"2021","여","70","대구광역시","불합격","대구광역시","79"
"2021","여","70","대구광역시","불합격","수원","1"
"2021","여","70","대구광역시","합격","경상남도","2"
"2021","여","70","대구광역시","합격","경상북도","85"
"2021","여","70","대구광역시","합격","대구광역시","174"
"2021","여","70","대구광역시","합격","서울특별시","1"
"2021","여","70","대구광역시","합격","수원","1"
"2021","여","80","대구광역시","결시","경상북도","1"
"2021","여","80","대구광역시","결시","대구광역시","1"
"2021","여","80","대구광역시","결시","수원","1"
"2021","여","80","대구광역시","불합격","대구광역시","4"
"2021","여","80","대구광역시","합격","경상북도","5"
"2021","여","80","대구광역시","합격","대구광역시","2"
"2021","남","20","대전광역시","결시","대전광역시","2"
"2021","남","20","대전광역시","불합격","대전광역시","11"
"2021","남","20","대전광역시","불합격","충청북도","1"
"2021","남","20","대전광역시","합격","대전광역시","23"
"2021","남","20","대전광역시","합격","서울특별시","1"
"2021","남","20","대전광역시","합격","세종특별자치시","1"
"2021","남","20","대전광역시","합격","의정부","1"
"2021","남","20","대전광역시","합격","충청남도","2"
"2021","남","20","대전광역시","합격","충청북도","1"
"2021","남","30","대전광역시","결시","대전광역시","4"
"2021","남","30","대전광역시","결시","세종특별자치시","1"
"2021","남","30","대전광역시","불합격","대전광역시","7"
"2021","남","30","대전광역시","불합격","충청북도","1"
"2021","남","30","대전광역시","합격","대전광역시","52"
"2021","남","30","대전광역시","합격","세종특별자치시","1"
"2021","남","30","대전광역시","합격","충청남도","4"
"2021","남","30","대전광역시","합격","충청북도","5"
"2021","남","40","대전광역시","결시","대전광역시","8"
"2021","남","40","대전광역시","결시","충청남도","2"
"2021","남","40","대전광역시","불합격","대전광역시","11"
"2021","남","40","대전광역시","불합격","충청남도","1"
"2021","남","40","대전광역시","불합격","충청북도","1"
"2021","남","40","대전광역시","합격","강원특별자치도","1"
"2021","남","40","대전광역시","합격","경상남도","1"
"2021","남","40","대전광역시","합격","대전광역시","73"
"2021","남","40","대전광역시","합격","세종특별자치시","2"
"2021","남","40","대전광역시","합격","충청남도","11"
"2021","남","40","대전광역시","합격","충청북도","9"
"2021","남","50","대전광역시","결시","대전광역시","15"
"2021","남","50","대전광역시","결시","충청남도","4"
"2021","남","50","대전광역시","결시","충청북도","3"
"2021","남","50","대전광역시","불합격","경상남도","1"
"2021","남","50","대전광역시","불합격","대전광역시","13"
"2021","남","50","대전광역시","불합격","충청남도","1"
"2021","남","50","대전광역시","불합격","충청북도","7"
"2021","남","50","대전광역시","합격","경상남도","2"
"2021","남","50","대전광역시","합격","대전광역시","200"
"2021","남","50","대전광역시","합격","서울특별시","1"
"2021","남","50","대전광역시","합격","세종특별자치시","1"
"2021","남","50","대전광역시","합격","충청남도","36"
"2021","남","50","대전광역시","합격","충청북도","18"
"2021","남","60","대전광역시","결시","대전광역시","19"
"2021","남","60","대전광역시","결시","서울특별시","1"
"2021","남","60","대전광역시","결시","충청남도","8"
"2021","남","60","대전광역시","결시","충청북도","4"
"2021","남","60","대전광역시","불합격","대전광역시","26"
"2021","남","60","대전광역시","불합격","충청남도","10"
"2021","남","60","대전광역시","불합격","충청북도","3"
"2021","남","60","대전광역시","합격","경상남도","1"
"2021","남","60","대전광역시","합격","대전광역시","392"
"2021","남","60","대전광역시","합격","세종특별자치시","4"
"2021","남","60","대전광역시","합격","수원","2"
"2021","남","60","대전광역시","합격","의정부","1"
"2021","남","60","대전광역시","합격","전북특별자치도","1"
"2021","남","60","대전광역시","합격","충청남도","64"
"2021","남","60","대전광역시","합격","충청북도","36"
"2021","남","70","대전광역시","결시","대전광역시","9"
"2021","남","70","대전광역시","결시","충청남도","1"
"2021","남","70","대전광역시","불합격","대전광역시","30"
"2021","남","70","대전광역시","불합격","충청남도","1"
"2021","남","70","대전광역시","합격","대전광역시","85"
"2021","남","70","대전광역시","합격","충청남도","9"
"2021","남","70","대전광역시","합격","충청북도","6"
"2021","남","80","대전광역시","결시","대전광역시","2"
"2021","남","80","대전광역시","불합격","대전광역시","11"
"2021","남","80","대전광역시","불합격","충청남도","3"
"2021","남","80","대전광역시","합격","대전광역시","17"
"2021","남","80","대전광역시","합격","충청남도","1"
"2021","남","80","대전광역시","합격","충청북도","1"
"2021","여","20","대전광역시","결시","대전광역시","5"
"2021","여","20","대전광역시","결시","충청북도","2"
"2021","여","20","대전광역시","불합격","대전광역시","21"
"2021","여","20","대전광역시","불합격","서울특별시","1"
"2021","여","20","대전광역시","합격","경상북도","1"
"2021","여","20","대전광역시","합격","광주광역시","1"
"2021","여","20","대전광역시","합격","대전광역시","80"
"2021","여","20","대전광역시","합격","세종특별자치시","1"
"2021","여","20","대전광역시","합격","수원","1"
"2021","여","20","대전광역시","합격","의정부","1"
"2021","여","20","대전광역시","합격","충청남도","12"
"2021","여","20","대전광역시","합격","충청북도","8"
"2021","여","30","대전광역시","결시","대전광역시","13"
"2021","여","30","대전광역시","결시","충청남도","2"
"2021","여","30","대전광역시","결시","충청북도","1"
"2021","여","30","대전광역시","불합격","대전광역시","36"
"2021","여","30","대전광역시","불합격","충청남도","5"
"2021","여","30","대전광역시","불합격","충청북도","5"
"2021","여","30","대전광역시","합격","광주광역시","4"
"2021","여","30","대전광역시","합격","대전광역시","309"
"2021","여","30","대전광역시","합격","서울특별시","3"
"2021","여","30","대전광역시","합격","세종특별자치시","4"
"2021","여","30","대전광역시","합격","수원","3"
"2021","여","30","대전광역시","합격","전라남도","6"
"2021","여","30","대전광역시","합격","전북특별자치도","1"
"2021","여","30","대전광역시","합격","충청남도","36"
"2021","여","30","대전광역시","합격","충청북도","22"
"2021","여","40","대전광역시","결시","대전광역시","48"
"2021","여","40","대전광역시","결시","서울특별시","1"
"2021","여","40","대전광역시","결시","세종특별자치시","1"
"2021","여","40","대전광역시","결시","충청남도","16"
"2021","여","40","대전광역시","결시","충청북도","4"
"2021","여","40","대전광역시","불합격","대전광역시","66"
"2021","여","40","대전광역시","불합격","세종특별자치시","1"
"2021","여","40","대전광역시","불합격","충청남도","13"
"2021","여","40","대전광역시","불합격","충청북도","8"
"2021","여","40","대전광역시","합격","강원특별자치도","2"
"2021","여","40","대전광역시","합격","경상남도","7"
"2021","여","40","대전광역시","합격","광주광역시","3"
"2021","여","40","대전광역시","합격","대전광역시","1473"
"2021","여","40","대전광역시","합격","서울특별시","6"
"2021","여","40","대전광역시","합격","세종특별자치시","12"
"2021","여","40","대전광역시","합격","수원","7"
"2021","여","40","대전광역시","합격","전라남도","3"
"2021","여","40","대전광역시","합격","전북특별자치도","2"
"2021","여","40","대전광역시","합격","충청남도","220"
"2021","여","40","대전광역시","합격","충청북도","110"
"2021","여","50","대전광역시","결시","광주광역시","1"
"2021","여","50","대전광역시","결시","기타","2"
"2021","여","50","대전광역시","결시","대전광역시","102"
"2021","여","50","대전광역시","결시","서울특별시","1"
"2021","여","50","대전광역시","결시","충청남도","28"
"2021","여","50","대전광역시","결시","충청북도","4"
"2021","여","50","대전광역시","불합격","경상남도","1"
"2021","여","50","대전광역시","불합격","대전광역시","191"
"2021","여","50","대전광역시","불합격","서울특별시","2"
"2021","여","50","대전광역시","불합격","인천광역시","1"
"2021","여","50","대전광역시","불합격","전라남도","1"
"2021","여","50","대전광역시","불합격","충청남도","39"
"2021","여","50","대전광역시","불합격","충청북도","11"
"2021","여","50","대전광역시","합격","강원특별자치도","1"
"2021","여","50","대전광역시","합격","경상남도","7"
"2021","여","50","대전광역시","합격","광주광역시","2"
"2021","여","50","대전광역시","합격","대전광역시","2867"
"2021","여","50","대전광역시","합격","서울특별시","5"
"2021","여","50","대전광역시","합격","세종특별자치시","25"
"2021","여","50","대전광역시","합격","수원","9"
"2021","여","50","대전광역시","합격","의정부","1"
"2021","여","50","대전광역시","합격","전라남도","3"
"2021","여","50","대전광역시","합격","충청남도","380"
"2021","여","50","대전광역시","합격","충청북도","158"
"2021","여","60","대전광역시","결시","대전광역시","70"
"2021","여","60","대전광역시","결시","충청남도","25"
"2021","여","60","대전광역시","결시","충청북도","13"
"2021","여","60","대전광역시","불합격","강원특별자치도","1"
"2021","여","60","대전광역시","불합격","대전광역시","296"
"2021","여","60","대전광역시","불합격","충청남도","66"
"2021","여","60","대전광역시","불합격","충청북도","22"
"2021","여","60","대전광역시","합격","대전광역시","1768"
"2021","여","60","대전광역시","합격","서울특별시","4"
"2021","여","60","대전광역시","합격","세종특별자치시","7"
"2021","여","60","대전광역시","합격","전라남도","2"
"2021","여","60","대전광역시","합격","충청남도","223"
"2021","여","60","대전광역시","합격","충청북도","152"
"2021","여","70","대전광역시","결시","대전광역시","10"
"2021","여","70","대전광역시","결시","충청남도","7"
"2021","여","70","대전광역시","불합격","대전광역시","65"
"2021","여","70","대전광역시","불합격","서울특별시","2"
"2021","여","70","대전광역시","불합격","충청남도","9"
"2021","여","70","대전광역시","불합격","충청북도","6"
"2021","여","70","대전광역시","합격","경상남도","1"
"2021","여","70","대전광역시","합격","대전광역시","163"
"2021","여","70","대전광역시","합격","전북특별자치도","1"
"2021","여","70","대전광역시","합격","충청남도","24"
"2021","여","70","대전광역시","합격","충청북도","15"
"2021","여","80","대전광역시","결시","대전광역시","5"
"2021","여","80","대전광역시","불합격","대전광역시","9"
"2021","여","80","대전광역시","불합격","충청남도","1"
"2021","여","80","대전광역시","합격","대전광역시","7"
"2021","남","20","목포","결시","전라남도","2"
"2021","남","20","목포","불합격","전라남도","3"
"2021","남","20","목포","합격","전라남도","10"
"2021","남","30","목포","결시","전라남도","3"
"2021","남","30","목포","불합격","전라남도","5"
"2021","남","30","목포","합격","전라남도","25"
"2021","남","40","목포","결시","광주광역시","1"
"2021","남","40","목포","결시","전라남도","3"
"2021","남","40","목포","불합격","전라남도","14"
"2021","남","40","목포","합격","광주광역시","1"
"2021","남","40","목포","합격","수원","1"
"2021","남","40","목포","합격","전라남도","80"
"2021","남","50","목포","결시","전라남도","15"
"2021","남","50","목포","불합격","전라남도","30"
"2021","남","50","목포","합격","광주광역시","8"
"2021","남","50","목포","합격","전라남도","159"
"2021","남","60","목포","결시","광주광역시","1"
"2021","남","60","목포","결시","전라남도","14"
"2021","남","60","목포","불합격","전라남도","44"
"2021","남","60","목포","응시결격","전라남도","1"
"2021","남","60","목포","합격","광주광역시","12"
"2021","남","60","목포","합격","서울특별시","1"
"2021","남","60","목포","합격","수원","1"
"2021","남","60","목포","합격","전라남도","211"
"2021","남","70","목포","결시","광주광역시","1"
"2021","남","70","목포","결시","전라남도","9"
"2021","남","70","목포","불합격","전라남도","35"
"2021","남","70","목포","합격","광주광역시","1"
"2021","남","70","목포","합격","서울특별시","1"
"2021","남","70","목포","합격","전라남도","43"
"2021","남","80","목포","불합격","전라남도","4"
"2021","남","80","목포","합격","전라남도","10"
"2021","여","10","목포","불합격","전라남도","1"
"2021","여","10","목포","합격","전라남도","1"
"2021","여","20","목포","결시","전라남도","7"
"2021","여","20","목포","불합격","전라남도","22"
"2021","여","20","목포","합격","전라남도","59"
"2021","여","30","목포","결시","전라남도","32"
"2021","여","30","목포","불합격","전라남도","90"
"2021","여","30","목포","응시결격","전라남도","1"
"2021","여","30","목포","합격","광주광역시","3"
"2021","여","30","목포","합격","전라남도","313"
"2021","여","40","목포","결시","서울특별시","1"
"2021","여","40","목포","결시","전라남도","76"
"2021","여","40","목포","결시","제주특별자치도","1"
"2021","여","40","목포","불합격","광주광역시","5"
"2021","여","40","목포","불합격","전라남도","106"
"2021","여","40","목포","합격","광주광역시","11"
"2021","여","40","목포","합격","서울특별시","1"
"2021","여","40","목포","합격","수원","1"
"2021","여","40","목포","합격","전라남도","1137"
"2021","여","50","목포","결시","전라남도","93"
"2021","여","50","목포","불합격","광주광역시","5"
"2021","여","50","목포","불합격","전라남도","237"
"2021","여","50","목포","응시결격","전라남도","1"
"2021","여","50","목포","합격","광주광역시","18"
"2021","여","50","목포","합격","서울특별시","2"
"2021","여","50","목포","합격","수원","1"
"2021","여","50","목포","합격","전라남도","1410"
"2021","여","50","목포","합격","충청남도","2"
"2021","여","60","목포","결시","광주광역시","1"
"2021","여","60","목포","결시","수원","1"
"2021","여","60","목포","결시","전라남도","83"
"2021","여","60","목포","불합격","경상남도","1"
"2021","여","60","목포","불합격","광주광역시","7"
"2021","여","60","목포","불합격","전라남도","315"
"2021","여","60","목포","합격","광주광역시","10"
"2021","여","60","목포","합격","수원","2"
"2021","여","60","목포","합격","전라남도","721"
"2021","여","70","목포","결시","전라남도","10"
"2021","여","70","목포","불합격","광주광역시","2"
"2021","여","70","목포","불합격","전라남도","75"
"2021","여","70","목포","합격","광주광역시","1"
"2021","여","70","목포","합격","전라남도","69"
"2021","여","80","목포","결시","전라남도","1"
"2021","여","80","목포","불합격","전라남도","4"
"2021","남","20","부산광역시","결시","부산광역시","2"
"2021","남","20","부산광역시","결시","수원","1"
"2021","남","20","부산광역시","불합격","경상남도","4"
"2021","남","20","부산광역시","불합격","부산광역시","4"
"2021","남","20","부산광역시","합격","경상남도","8"
"2021","남","20","부산광역시","합격","부산광역시","31"
"2021","남","30","부산광역시","결시","부산광역시","5"
"2021","남","30","부산광역시","결시","수원","1"
"2021","남","30","부산광역시","불합격","경상남도","1"
"2021","남","30","부산광역시","불합격","부산광역시","10"
"2021","남","30","부산광역시","합격","경상남도","12"
"2021","남","30","부산광역시","합격","부산광역시","60"
"2021","남","30","부산광역시","합격","서울특별시","1"
"2021","남","30","부산광역시","합격","수원","1"
"2021","남","30","부산광역시","합격","울산광역시","1"
"2021","남","40","부산광역시","결시","경상남도","1"
"2021","남","40","부산광역시","결시","부산광역시","10"
"2021","남","40","부산광역시","불합격","경상남도","1"
"2021","남","40","부산광역시","불합격","부산광역시","12"
"2021","남","40","부산광역시","합격","경상남도","29"
"2021","남","40","부산광역시","합격","부산광역시","137"
"2021","남","40","부산광역시","합격","인천광역시","1"
"2021","남","40","부산광역시","합격","전라남도","1"
"2021","남","50","부산광역시","결시","부산광역시","11"
"2021","남","50","부산광역시","불합격","경상남도","2"
"2021","남","50","부산광역시","불합격","부산광역시","11"
"2021","남","50","부산광역시","합격","강원특별자치도","2"
"2021","남","50","부산광역시","합격","경상남도","78"
"2021","남","50","부산광역시","합격","부산광역시","293"
"2021","남","50","부산광역시","합격","세종특별자치시","1"
"2021","남","50","부산광역시","합격","수원","1"
"2021","남","60","부산광역시","결시","경상남도","3"
"2021","남","60","부산광역시","결시","부산광역시","18"
"2021","남","60","부산광역시","결시","서울특별시","1"
"2021","남","60","부산광역시","불합격","경상남도","7"
"2021","남","60","부산광역시","불합격","부산광역시","42"
"2021","남","60","부산광역시","불합격","서울특별시","6"
"2021","남","60","부산광역시","합격","경상남도","86"
"2021","남","60","부산광역시","합격","경상북도","1"
"2021","남","60","부산광역시","합격","광주광역시","1"
"2021","남","60","부산광역시","합격","기타","1"
"2021","남","60","부산광역시","합격","부산광역시","621"
"2021","남","60","부산광역시","합격","울산광역시","1"
"2021","남","60","부산광역시","합격","의정부","1"
"2021","남","60","부산광역시","합격","전라남도","2"
"2021","남","70","부산광역시","결시","경상남도","2"
"2021","남","70","부산광역시","결시","부산광역시","6"
"2021","남","70","부산광역시","불합격","경상남도","6"
"2021","남","70","부산광역시","불합격","부산광역시","36"
"2021","남","70","부산광역시","불합격","서울특별시","2"
"2021","남","70","부산광역시","합격","경상남도","28"
"2021","남","70","부산광역시","합격","부산광역시","180"
"2021","남","80","부산광역시","결시","부산광역시","4"
"2021","남","80","부산광역시","불합격","부산광역시","16"
"2021","남","80","부산광역시","합격","경상남도","1"
"2021","남","80","부산광역시","합격","부산광역시","20"
"2021","남","80","부산광역시","합격","수원","1"
"2021","여","10","부산광역시","합격","부산광역시","1"
"2021","여","20","부산광역시","결시","경상남도","1"
"2021","여","20","부산광역시","결시","경상북도","1"
"2021","여","20","부산광역시","결시","부산광역시","4"
"2021","여","20","부산광역시","결시","서울특별시","1"
"2021","여","20","부산광역시","불합격","경상남도","1"
"2021","여","20","부산광역시","불합격","부산광역시","18"
"2021","여","20","부산광역시","합격","경상남도","23"
"2021","여","20","부산광역시","합격","경상북도","1"
"2021","여","20","부산광역시","합격","부산광역시","95"
"2021","여","20","부산광역시","합격","수원","1"
"2021","여","20","부산광역시","합격","인천광역시","1"
"2021","여","30","부산광역시","결시","경상남도","2"
"2021","여","30","부산광역시","결시","부산광역시","14"
"2021","여","30","부산광역시","불합격","경상남도","5"
"2021","여","30","부산광역시","불합격","부산광역시","26"
"2021","여","30","부산광역시","합격","경상남도","130"
"2021","여","30","부산광역시","합격","대전광역시","1"
"2021","여","30","부산광역시","합격","부산광역시","442"
"2021","여","30","부산광역시","합격","서울특별시","3"
"2021","여","30","부산광역시","합격","수원","1"
"2021","여","30","부산광역시","합격","울산광역시","2"
"2021","여","40","부산광역시","결시","경상남도","17"
"2021","여","40","부산광역시","결시","부산광역시","56"
"2021","여","40","부산광역시","결시","서울특별시","1"
"2021","여","40","부산광역시","결시","울산광역시","1"
"2021","여","40","부산광역시","결시","전라남도","1"
"2021","여","40","부산광역시","불합격","경상남도","22"
"2021","여","40","부산광역시","불합격","부산광역시","78"
"2021","여","40","부산광역시","불합격","수원","2"
"2021","여","40","부산광역시","합격","강원특별자치도","2"
"2021","여","40","부산광역시","합격","경상남도","806"
"2021","여","40","부산광역시","합격","경상북도","2"
"2021","여","40","부산광역시","합격","광주광역시","3"
"2021","여","40","부산광역시","합격","기타","1"
"2021","여","40","부산광역시","합격","부산광역시","2431"
"2021","여","40","부산광역시","합격","서울특별시","10"
"2021","여","40","부산광역시","합격","세종특별자치시","1"
"2021","여","40","부산광역시","합격","수원","4"
"2021","여","40","부산광역시","합격","인천광역시","1"
"2021","여","40","부산광역시","합격","전라남도","8"
"2021","여","50","부산광역시","결시","경상남도","51"
"2021","여","50","부산광역시","결시","기타","1"
"2021","여","50","부산광역시","결시","부산광역시","118"
"2021","여","50","부산광역시","결시","서울특별시","2"
"2021","여","50","부산광역시","결시","전라남도","1"
"2021","여","50","부산광역시","불합격","경상남도","74"
"2021","여","50","부산광역시","불합격","부산광역시","287"
"2021","여","50","부산광역시","불합격","서울특별시","1"
"2021","여","50","부산광역시","불합격","수원","2"
"2021","여","50","부산광역시","불합격","전라남도","3"
"2021","여","50","부산광역시","합격","강원특별자치도","6"
"2021","여","50","부산광역시","합격","경상남도","1280"
"2021","여","50","부산광역시","합격","부산광역시","5728"
"2021","여","50","부산광역시","합격","서울특별시","9"
"2021","여","50","부산광역시","합격","수원","5"
"2021","여","50","부산광역시","합격","울산광역시","1"
"2021","여","50","부산광역시","합격","전라남도","10"
"2021","여","50","부산광역시","합격","전북특별자치도","1"
"2021","여","50","부산광역시","합격","충청남도","1"
"2021","여","60","부산광역시","결시","경상남도","36"
"2021","여","60","부산광역시","결시","부산광역시","161"
"2021","여","60","부산광역시","결시","서울특별시","1"
"2021","여","60","부산광역시","결시","울산광역시","1"
"2021","여","60","부산광역시","결시","전라남도","1"
"2021","여","60","부산광역시","불합격","강원특별자치도","2"
"2021","여","60","부산광역시","불합격","경상남도","94"
"2021","여","60","부산광역시","불합격","경상북도","2"
"2021","여","60","부산광역시","불합격","부산광역시","718"
"2021","여","60","부산광역시","불합격","울산광역시","1"
"2021","여","60","부산광역시","불합격","전라남도","2"
"2021","여","60","부산광역시","합격","강원특별자치도","4"
"2021","여","60","부산광역시","합격","경상남도","647"
"2021","여","60","부산광역시","합격","광주광역시","1"
"2021","여","60","부산광역시","합격","부산광역시","4508"
"2021","여","60","부산광역시","합격","서울특별시","1"
"2021","여","60","부산광역시","합격","수원","2"
"2021","여","60","부산광역시","합격","울산광역시","2"
"2021","여","60","부산광역시","합격","의정부","1"
"2021","여","60","부산광역시","합격","인천광역시","2"
"2021","여","60","부산광역시","합격","전라남도","5"
"2021","여","70","부산광역시","결시","경상남도","5"
"2021","여","70","부산광역시","결시","부산광역시","35"
"2021","여","70","부산광역시","결시","서울특별시","1"
"2021","여","70","부산광역시","불합격","경상남도","9"
"2021","여","70","부산광역시","불합격","경상북도","2"
"2021","여","70","부산광역시","불합격","부산광역시","170"
"2021","여","70","부산광역시","합격","경상남도","48"
"2021","여","70","부산광역시","합격","부산광역시","383"
"2021","여","80","부산광역시","결시","부산광역시","1"
"2021","여","80","부산광역시","불합격","경상남도","4"
"2021","여","80","부산광역시","불합격","부산광역시","6"
"2021","여","80","부산광역시","합격","부산광역시","8"
"2021","남","10","서울특별시","결시","기타","1"
"2021","남","10","서울특별시","결시","서울특별시","1"
"2021","남","10","서울특별시","불합격","서울특별시","1"
"2021","남","10","서울특별시","불합격","의정부","3"
"2021","남","10","서울특별시","합격","서울특별시","2"
"2021","남","10","서울특별시","합격","의정부","1"
"2021","남","20","서울특별시","결시","서울특별시","10"
"2021","남","20","서울특별시","결시","수원","1"
"2021","남","20","서울특별시","결시","충청남도","1"
"2021","남","20","서울특별시","불합격","경상남도","1"
"2021","남","20","서울특별시","불합격","서울특별시","44"
"2021","남","20","서울특별시","불합격","수원","7"
"2021","남","20","서울특별시","불합격","인천광역시","1"
"2021","남","20","서울특별시","합격","경상남도","1"
"2021","남","20","서울특별시","합격","서울특별시","107"
"2021","남","20","서울특별시","합격","수원","27"
"2021","남","20","서울특별시","합격","의정부","11"
"2021","남","30","서울특별시","결시","광주광역시","1"
"2021","남","30","서울특별시","결시","기타","1"
"2021","남","30","서울특별시","결시","서울특별시","12"
"2021","남","30","서울특별시","결시","수원","3"
"2021","남","30","서울특별시","결시","의정부","1"
"2021","남","30","서울특별시","불합격","강원특별자치도","1"
"2021","남","30","서울특별시","불합격","서울특별시","28"
"2021","남","30","서울특별시","불합격","수원","5"
"2021","남","30","서울특별시","불합격","의정부","1"
"2021","남","30","서울특별시","합격","강원특별자치도","2"
"2021","남","30","서울특별시","합격","경상남도","1"
"2021","남","30","서울특별시","합격","기타","1"
"2021","남","30","서울특별시","합격","서울특별시","246"
"2021","남","30","서울특별시","합격","수원","28"
"2021","남","30","서울특별시","합격","의정부","17"
"2021","남","30","서울특별시","합격","인천광역시","1"
"2021","남","30","서울특별시","합격","충청남도","1"
"2021","남","40","서울특별시","결시","서울특별시","27"
"2021","남","40","서울특별시","결시","수원","10"
"2021","남","40","서울특별시","결시","의정부","2"
"2021","남","40","서울특별시","불합격","서울특별시","28"
"2021","남","40","서울특별시","불합격","수원","6"
"2021","남","40","서울특별시","불합격","의정부","4"
"2021","남","40","서울특별시","불합격","충청남도","1"
"2021","남","40","서울특별시","합격","강원특별자치도","2"
"2021","남","40","서울특별시","합격","광주광역시","2"
"2021","남","40","서울특별시","합격","서울특별시","485"
"2021","남","40","서울특별시","합격","수원","75"
"2021","남","40","서울특별시","합격","의정부","24"
"2021","남","40","서울특별시","합격","인천광역시","2"
"2021","남","40","서울특별시","합격","전라남도","1"
"2021","남","40","서울특별시","합격","충청남도","2"
"2021","남","50","서울특별시","결시","광주광역시","2"
"2021","남","50","서울특별시","결시","서울특별시","54"
"2021","남","50","서울특별시","결시","수원","17"
"2021","남","50","서울특별시","결시","의정부","12"
"2021","남","50","서울특별시","결시","충청남도","1"
"2021","남","50","서울특별시","불합격","광주광역시","1"
"2021","남","50","서울특별시","불합격","서울특별시","80"
"2021","남","50","서울특별시","불합격","수원","15"
"2021","남","50","서울특별시","불합격","의정부","7"
"2021","남","50","서울특별시","불합격","전라남도","1"
"2021","남","50","서울특별시","응시결격","수원","1"
"2021","남","50","서울특별시","합격","강원특별자치도","1"
"2021","남","50","서울특별시","합격","경상남도","4"
"2021","남","50","서울특별시","합격","경상북도","1"
"2021","남","50","서울특별시","합격","광주광역시","3"
"2021","남","50","서울특별시","합격","기타","1"
"2021","남","50","서울특별시","합격","대전광역시","1"
"2021","남","50","서울특별시","합격","서울특별시","1226"
"2021","남","50","서울특별시","합격","수원","176"
"2021","남","50","서울특별시","합격","의정부","114"
"2021","남","50","서울특별시","합격","인천광역시","2"
"2021","남","50","서울특별시","합격","전라남도","3"
"2021","남","50","서울특별시","합격","전북특별자치도","2"
"2021","남","50","서울특별시","합격","충청남도","3"
"2021","남","50","서울특별시","합격","충청북도","1"
"2021","남","60","서울특별시","결시","강원특별자치도","2"
"2021","남","60","서울특별시","결시","경상북도","1"
"2021","남","60","서울특별시","결시","기타","1"
"2021","남","60","서울특별시","결시","서울특별시","69"
"2021","남","60","서울특별시","결시","수원","10"
"2021","남","60","서울특별시","결시","의정부","1"
"2021","남","60","서울특별시","결시","제주특별자치도","1"
"2021","남","60","서울특별시","불합격","강원특별자치도","1"
"2021","남","60","서울특별시","불합격","서울특별시","161"
"2021","남","60","서울특별시","불합격","수원","24"
"2021","남","60","서울특별시","불합격","의정부","21"
"2021","남","60","서울특별시","합격","강원특별자치도","4"
"2021","남","60","서울특별시","합격","경상남도","6"
"2021","남","60","서울특별시","합격","경상북도","1"
"2021","남","60","서울특별시","합격","광주광역시","3"
"2021","남","60","서울특별시","합격","기타","1"
"2021","남","60","서울특별시","합격","서울특별시","2097"
"2021","남","60","서울특별시","합격","수원","309"
"2021","남","60","서울특별시","합격","의정부","201"
"2021","남","60","서울특별시","합격","전라남도","6"
"2021","남","60","서울특별시","합격","충청남도","3"
"2021","남","60","서울특별시","합격","충청북도","2"
"2021","남","70","서울특별시","결시","강원특별자치도","1"
"2021","남","70","서울특별시","결시","광주광역시","1"
"2021","남","70","서울특별시","결시","서울특별시","29"
"2021","남","70","서울특별시","결시","수원","9"
"2021","남","70","서울특별시","결시","의정부","3"
"2021","남","70","서울특별시","불합격","강원특별자치도","1"
"2021","남","70","서울특별시","불합격","기타","1"
"2021","남","70","서울특별시","불합격","서울특별시","118"
"2021","남","70","서울특별시","불합격","수원","17"
"2021","남","70","서울특별시","불합격","의정부","4"
"2021","남","70","서울특별시","합격","경상남도","1"
"2021","남","70","서울특별시","합격","서울특별시","551"
"2021","남","70","서울특별시","합격","수원","78"
"2021","남","70","서울특별시","합격","의정부","43"
"2021","남","70","서울특별시","합격","전북특별자치도","1"
"2021","남","80","서울특별시","결시","서울특별시","11"
"2021","남","80","서울특별시","결시","수원","2"
"2021","남","80","서울특별시","결시","의정부","2"
"2021","남","80","서울특별시","불합격","서울특별시","55"
"2021","남","80","서울특별시","불합격","수원","2"
"2021","남","80","서울특별시","불합격","의정부","6"
"2021","남","80","서울특별시","합격","서울특별시","50"
"2021","남","80","서울특별시","합격","수원","12"
"2021","남","80","서울특별시","합격","의정부","7"
"2021","남","90","서울특별시","불합격","수원","1"
"2021","여","10","서울특별시","불합격","서울특별시","3"
"2021","여","10","서울특별시","합격","서울특별시","3"
"2021","여","10","서울특별시","합격","의정부","1"
"2021","여","20","서울특별시","결시","기타","2"
"2021","여","20","서울특별시","결시","서울특별시","15"
"2021","여","20","서울특별시","결시","수원","3"
"2021","여","20","서울특별시","불합격","서울특별시","37"
"2021","여","20","서울특별시","불합격","수원","10"
"2021","여","20","서울특별시","불합격","의정부","1"
"2021","여","20","서울특별시","합격","강원특별자치도","2"
"2021","여","20","서울특별시","합격","경상남도","2"
"2021","여","20","서울특별시","합격","광주광역시","1"
"2021","여","20","서울특별시","합격","서울특별시","295"
"2021","여","20","서울특별시","합격","수원","64"
"2021","여","20","서울특별시","합격","의정부","21"
"2021","여","20","서울특별시","합격","충청남도","4"
"2021","여","30","서울특별시","결시","경상남도","1"
"2021","여","30","서울특별시","결시","기타","6"
"2021","여","30","서울특별시","결시","서울특별시","51"
"2021","여","30","서울특별시","결시","수원","6"
"2021","여","30","서울특별시","결시","의정부","9"
"2021","여","30","서울특별시","결시","충청남도","2"
"2021","여","30","서울특별시","불합격","서울특별시","75"
"2021","여","30","서울특별시","불합격","수원","11"
"2021","여","30","서울특별시","불합격","의정부","7"
"2021","여","30","서울특별시","합격","강원특별자치도","4"
"2021","여","30","서울특별시","합격","경상남도","9"
"2021","여","30","서울특별시","합격","경상북도","2"
"2021","여","30","서울특별시","합격","기타","3"
"2021","여","30","서울특별시","합격","서울특별시","1102"
"2021","여","30","서울특별시","합격","수원","203"
"2021","여","30","서울특별시","합격","의정부","67"
"2021","여","30","서울특별시","합격","인천광역시","4"
"2021","여","30","서울특별시","합격","전라남도","8"
"2021","여","30","서울특별시","합격","충청남도","6"
"2021","여","40","서울특별시","결시","경상남도","1"
"2021","여","40","서울특별시","결시","광주광역시","1"
"2021","여","40","서울특별시","결시","기타","3"
"2021","여","40","서울특별시","결시","서울특별시","134"
"2021","여","40","서울특별시","결시","수원","41"
"2021","여","40","서울특별시","결시","의정부","6"
"2021","여","40","서울특별시","결시","충청남도","1"
"2021","여","40","서울특별시","불합격","기타","1"
"2021","여","40","서울특별시","불합격","서울특별시","171"
"2021","여","40","서울특별시","불합격","수원","34"
"2021","여","40","서울특별시","불합격","의정부","12"
"2021","여","40","서울특별시","불합격","전북특별자치도","1"
"2021","여","40","서울특별시","불합격","충청남도","4"
"2021","여","40","서울특별시","응시결격","의정부","1"
"2021","여","40","서울특별시","합격","강원특별자치도","9"
"2021","여","40","서울특별시","합격","경상남도","10"
"2021","여","40","서울특별시","합격","경상북도","4"
"2021","여","40","서울특별시","합격","광주광역시","8"
"2021","여","40","서울특별시","합격","기타","5"
"2021","여","40","서울특별시","합격","대구광역시","1"
"2021","여","40","서울특별시","합격","서울특별시","5390"
"2021","여","40","서울특별시","합격","세종특별자치시","2"
"2021","여","40","서울특별시","합격","수원","987"
"2021","여","40","서울특별시","합격","의정부","491"
"2021","여","40","서울특별시","합격","인천광역시","2"
"2021","여","40","서울특별시","합격","전라남도","20"
"2021","여","40","서울특별시","합격","전북특별자치도","2"
"2021","여","40","서울특별시","합격","충청남도","9"
"2021","여","40","서울특별시","합격","충청북도","1"
"2021","여","50","서울특별시","결시","경상남도","4"
"2021","여","50","서울특별시","결시","경상북도","1"
"2021","여","50","서울특별시","결시","광주광역시","1"
"2021","여","50","서울특별시","결시","기타","6"
"2021","여","50","서울특별시","결시","서울특별시","404"
"2021","여","50","서울특별시","결시","수원","55"
"2021","여","50","서울특별시","결시","의정부","25"
"2021","여","50","서울특별시","결시","인천광역시","1"
"2021","여","50","서울특별시","결시","전라남도","4"
"2021","여","50","서울특별시","결시","전북특별자치도","1"
"2021","여","50","서울특별시","결시","충청남도","1"
"2021","여","50","서울특별시","불합격","강원특별자치도","1"
"2021","여","50","서울특별시","불합격","광주광역시","1"
"2021","여","50","서울특별시","불합격","기타","2"
"2021","여","50","서울특별시","불합격","서울특별시","753"
"2021","여","50","서울특별시","불합격","수원","117"
"2021","여","50","서울특별시","불합격","의정부","35"
"2021","여","50","서울특별시","불합격","전라남도","2"
"2021","여","50","서울특별시","불합격","충청남도","2"
"2021","여","50","서울특별시","응시결격","수원","1"
"2021","여","50","서울특별시","합격","강원특별자치도","16"
"2021","여","50","서울특별시","합격","경상남도","32"
"2021","여","50","서울특별시","합격","광주광역시","20"
"2021","여","50","서울특별시","합격","기타","5"
"2021","여","50","서울특별시","합격","대전광역시","1"
"2021","여","50","서울특별시","합격","서울특별시","14391"
"2021","여","50","서울특별시","합격","수원","2415"
"2021","여","50","서울특별시","합격","의정부","1366"
"2021","여","50","서울특별시","합격","인천광역시","10"
"2021","여","50","서울특별시","합격","전라남도","36"
"2021","여","50","서울특별시","합격","전북특별자치도","6"
"2021","여","50","서울특별시","합격","충청남도","7"
"2021","여","60","서울특별시","결시","강원특별자치도","1"
"2021","여","60","서울특별시","결시","경상남도","1"
"2021","여","60","서울특별시","결시","광주광역시","1"
"2021","여","60","서울특별시","결시","기타","2"
"2021","여","60","서울특별시","결시","대전광역시","1"
"2021","여","60","서울특별시","결시","서울특별시","421"
"2021","여","60","서울특별시","결시","수원","77"
"2021","여","60","서울특별시","결시","의정부","22"
"2021","여","60","서울특별시","결시","전북특별자치도","1"
"2021","여","60","서울특별시","불합격","강원특별자치도","2"
"2021","여","60","서울특별시","불합격","광주광역시","3"
"2021","여","60","서울특별시","불합격","대전광역시","3"
"2021","여","60","서울특별시","불합격","서울특별시","1793"
"2021","여","60","서울특별시","불합격","수원","246"
"2021","여","60","서울특별시","불합격","의정부","101"
"2021","여","60","서울특별시","불합격","인천광역시","1"
"2021","여","60","서울특별시","불합격","전라남도","6"
"2021","여","60","서울특별시","불합격","전북특별자치도","1"
"2021","여","60","서울특별시","합격","강원특별자치도","7"
"2021","여","60","서울특별시","합격","경상남도","14"
"2021","여","60","서울특별시","합격","경상북도","2"
"2021","여","60","서울특별시","합격","광주광역시","10"
"2021","여","60","서울특별시","합격","기타","3"
"2021","여","60","서울특별시","합격","대전광역시","1"
"2021","여","60","서울특별시","합격","서울특별시","11743"
"2021","여","60","서울특별시","합격","수원","1679"
"2021","여","60","서울특별시","합격","울산광역시","1"
"2021","여","60","서울특별시","합격","의정부","919"
"2021","여","60","서울특별시","합격","인천광역시","4"
"2021","여","60","서울특별시","합격","전라남도","15"
"2021","여","60","서울특별시","합격","전북특별자치도","1"
"2021","여","60","서울특별시","합격","제주특별자치도","1"
"2021","여","60","서울특별시","합격","충청남도","11"
"2021","여","60","서울특별시","합격","충청북도","3"
"2021","여","70","서울특별시","결시","서울특별시","73"
"2021","여","70","서울특별시","결시","수원","15"
"2021","여","70","서울특별시","결시","의정부","7"
"2021","여","70","서울특별시","결시","전라남도","1"
"2021","여","70","서울특별시","불합격","강원특별자치도","1"
"2021","여","70","서울특별시","불합격","서울특별시","466"
"2021","여","70","서울특별시","불합격","수원","69"
"2021","여","70","서울특별시","불합격","의정부","26"
"2021","여","70","서울특별시","불합격","전북특별자치도","2"
"2021","여","70","서울특별시","합격","경상남도","2"
"2021","여","70","서울특별시","합격","광주광역시","1"
"2021","여","70","서울특별시","합격","서울특별시","1303"
"2021","여","70","서울특별시","합격","수원","196"
"2021","여","70","서울특별시","합격","의정부","86"
"2021","여","70","서울특별시","합격","전북특별자치도","1"
"2021","여","70","서울특별시","합격","충청북도","1"
"2021","여","80","서울특별시","결시","강원특별자치도","1"
"2021","여","80","서울특별시","결시","서울특별시","7"
"2021","여","80","서울특별시","결시","수원","2"
"2021","여","80","서울특별시","결시","의정부","1"
"2021","여","80","서울특별시","불합격","서울특별시","44"
"2021","여","80","서울특별시","불합격","수원","3"
"2021","여","80","서울특별시","불합격","의정부","2"
"2021","여","80","서울특별시","합격","서울특별시","31"
"2021","여","80","서울특별시","합격","수원","4"
"2021","여","80","서울특별시","합격","의정부","2"
"2021","남","20","세종특별자치시","결시","충청남도","2"
"2021","남","20","세종특별자치시","불합격","세종특별자치시","1"
"2021","남","20","세종특별자치시","불합격","충청남도","2"
"2021","남","20","세종특별자치시","합격","세종특별자치시","9"
"2021","남","20","세종특별자치시","합격","수원","1"
"2021","남","20","세종특별자치시","합격","충청남도","7"
"2021","남","30","세종특별자치시","결시","세종특별자치시","1"
"2021","남","30","세종특별자치시","결시","충청남도","4"
"2021","남","30","세종특별자치시","불합격","세종특별자치시","1"
"2021","남","30","세종특별자치시","불합격","충청남도","2"
"2021","남","30","세종특별자치시","합격","서울특별시","1"
"2021","남","30","세종특별자치시","합격","세종특별자치시","10"
"2021","남","30","세종특별자치시","합격","수원","2"
"2021","남","30","세종특별자치시","합격","충청남도","9"
"2021","남","40","세종특별자치시","결시","충청남도","1"
"2021","남","40","세종특별자치시","불합격","세종특별자치시","6"
"2021","남","40","세종특별자치시","불합격","충청남도","4"
"2021","남","40","세종특별자치시","합격","경상남도","1"
"2021","남","40","세종특별자치시","합격","대전광역시","1"
"2021","남","40","세종특별자치시","합격","서울특별시","2"
"2021","남","40","세종특별자치시","합격","세종특별자치시","28"
"2021","남","40","세종특별자치시","합격","충청남도","28"
"2021","남","50","세종특별자치시","결시","강원특별자치도","1"
"2021","남","50","세종특별자치시","결시","전북특별자치도","1"
"2021","남","50","세종특별자치시","결시","충청남도","4"
"2021","남","50","세종특별자치시","불합격","광주광역시","1"
"2021","남","50","세종특별자치시","불합격","충청남도","6"
"2021","남","50","세종특별자치시","합격","강원특별자치도","2"
"2021","남","50","세종특별자치시","합격","광주광역시","1"
"2021","남","50","세종특별자치시","합격","대전광역시","3"
"2021","남","50","세종특별자치시","합격","서울특별시","1"
"2021","남","50","세종특별자치시","합격","세종특별자치시","47"
"2021","남","50","세종특별자치시","합격","의정부","1"
"2021","남","50","세종특별자치시","합격","충청남도","88"
"2021","남","60","세종특별자치시","결시","세종특별자치시","1"
"2021","남","60","세종특별자치시","결시","충청남도","5"
"2021","남","60","세종특별자치시","불합격","세종특별자치시","2"
"2021","남","60","세종특별자치시","불합격","충청남도","7"
"2021","남","60","세종특별자치시","합격","대전광역시","1"
"2021","남","60","세종특별자치시","합격","세종특별자치시","98"
"2021","남","60","세종특별자치시","합격","의정부","1"
"2021","남","60","세종특별자치시","합격","충청남도","131"
"2021","남","60","세종특별자치시","합격","충청북도","1"
"2021","남","70","세종특별자치시","불합격","세종특별자치시","3"
"2021","남","70","세종특별자치시","불합격","충청남도","2"
"2021","남","70","세종특별자치시","합격","세종특별자치시","32"
"2021","남","70","세종특별자치시","합격","충청남도","26"
"2021","남","80","세종특별자치시","불합격","세종특별자치시","1"
"2021","남","80","세종특별자치시","불합격","충청남도","5"
"2021","남","80","세종특별자치시","합격","충청남도","1"
"2021","여","10","세종특별자치시","합격","충청남도","2"
"2021","여","20","세종특별자치시","결시","충청남도","1"
"2021","여","20","세종특별자치시","불합격","수원","1"
"2021","여","20","세종특별자치시","불합격","충청남도","6"
"2021","여","20","세종특별자치시","합격","세종특별자치시","23"
"2021","여","20","세종특별자치시","합격","수원","1"
"2021","여","20","세종특별자치시","합격","충청남도","37"
"2021","여","30","세종특별자치시","결시","기타","1"
"2021","여","30","세종특별자치시","결시","세종특별자치시","2"
"2021","여","30","세종특별자치시","결시","충청남도","10"
"2021","여","30","세종특별자치시","불합격","경상남도","2"
"2021","여","30","세종특별자치시","불합격","세종특별자치시","1"
"2021","여","30","세종특별자치시","불합격","충청남도","11"
"2021","여","30","세종특별자치시","합격","강원특별자치도","1"
"2021","여","30","세종특별자치시","합격","경상남도","1"
"2021","여","30","세종특별자치시","합격","대전광역시","2"
"2021","여","30","세종특별자치시","합격","서울특별시","1"
"2021","여","30","세종특별자치시","합격","세종특별자치시","89"
"2021","여","30","세종특별자치시","합격","수원","2"
"2021","여","30","세종특별자치시","합격","충청남도","136"
"2021","여","40","세종특별자치시","결시","대전광역시","3"
"2021","여","40","세종특별자치시","결시","세종특별자치시","6"
"2021","여","40","세종특별자치시","결시","충청남도","10"
"2021","여","40","세종특별자치시","결시","충청북도","1"
"2021","여","40","세종특별자치시","불합격","세종특별자치시","11"
"2021","여","40","세종특별자치시","불합격","충청남도","27"
"2021","여","40","세종특별자치시","합격","강원특별자치도","1"
"2021","여","40","세종특별자치시","합격","경상남도","1"
"2021","여","40","세종특별자치시","합격","광주광역시","1"
"2021","여","40","세종특별자치시","합격","대전광역시","7"
"2021","여","40","세종특별자치시","합격","서울특별시","4"
"2021","여","40","세종특별자치시","합격","세종특별자치시","467"
"2021","여","40","세종특별자치시","합격","수원","6"
"2021","여","40","세종특별자치시","합격","전북특별자치도","1"
"2021","여","40","세종특별자치시","합격","충청남도","617"
"2021","여","40","세종특별자치시","합격","충청북도","4"
"2021","여","50","세종특별자치시","결시","세종특별자치시","8"
"2021","여","50","세종특별자치시","결시","수원","1"
"2021","여","50","세종특별자치시","결시","충청남도","30"
"2021","여","50","세종특별자치시","결시","충청북도","1"
"2021","여","50","세종특별자치시","불합격","대전광역시","3"
"2021","여","50","세종특별자치시","불합격","세종특별자치시","11"
"2021","여","50","세종특별자치시","불합격","수원","1"
"2021","여","50","세종특별자치시","불합격","충청남도","60"
"2021","여","50","세종특별자치시","합격","강원특별자치도","1"
"2021","여","50","세종특별자치시","합격","경상남도","4"
"2021","여","50","세종특별자치시","합격","광주광역시","3"
"2021","여","50","세종특별자치시","합격","대전광역시","18"
"2021","여","50","세종특별자치시","합격","서울특별시","2"
"2021","여","50","세종특별자치시","합격","세종특별자치시","509"
"2021","여","50","세종특별자치시","합격","수원","4"
"2021","여","50","세종특별자치시","합격","의정부","2"
"2021","여","50","세종특별자치시","합격","인천광역시","1"
"2021","여","50","세종특별자치시","합격","충청남도","1142"
"2021","여","50","세종특별자치시","합격","충청북도","1"
"2021","여","60","세종특별자치시","결시","서울특별시","1"
"2021","여","60","세종특별자치시","결시","세종특별자치시","7"
"2021","여","60","세종특별자치시","결시","충청남도","39"
"2021","여","60","세종특별자치시","불합격","세종특별자치시","22"
"2021","여","60","세종특별자치시","불합격","충청남도","93"
"2021","여","60","세종특별자치시","합격","경상남도","1"
"2021","여","60","세종특별자치시","합격","광주광역시","1"
"2021","여","60","세종특별자치시","합격","대전광역시","4"
"2021","여","60","세종특별자치시","합격","서울특별시","1"
"2021","여","60","세종특별자치시","합격","세종특별자치시","314"
"2021","여","60","세종특별자치시","합격","수원","4"
"2021","여","60","세종특별자치시","합격","충청남도","677"
"2021","여","60","세종특별자치시","합격","충청북도","3"
"2021","여","70","세종특별자치시","결시","수원","1"
"2021","여","70","세종특별자치시","결시","충청남도","6"
"2021","여","70","세종특별자치시","불합격","세종특별자치시","6"
"2021","여","70","세종특별자치시","불합격","충청남도","7"
"2021","여","70","세종특별자치시","합격","대전광역시","1"
"2021","여","70","세종특별자치시","합격","세종특별자치시","33"
"2021","여","70","세종특별자치시","합격","충청남도","58"
"2021","여","80","세종특별자치시","합격","충청남도","4"
"2021","남","10","순천","결시","전라남도","2"
"2021","남","10","순천","불합격","전라남도","8"
"2021","남","10","순천","합격","전라남도","1"
"2021","남","20","순천","결시","전라남도","1"
"2021","남","20","순천","불합격","전라남도","11"
"2021","남","20","순천","합격","전라남도","8"
"2021","남","30","순천","결시","전라남도","2"
"2021","남","30","순천","불합격","전라남도","6"
"2021","남","30","순천","합격","전라남도","25"
"2021","남","40","순천","결시","광주광역시","1"
"2021","남","40","순천","결시","전라남도","6"
"2021","남","40","순천","불합격","전라남도","5"
"2021","남","40","순천","합격","경상남도","1"
"2021","남","40","순천","합격","광주광역시","2"
"2021","남","40","순천","합격","전라남도","44"
"2021","남","50","순천","결시","광주광역시","3"
"2021","남","50","순천","결시","전라남도","12"
"2021","남","50","순천","불합격","전라남도","13"
"2021","남","50","순천","합격","광주광역시","3"
"2021","남","50","순천","합격","전라남도","166"
"2021","남","60","순천","결시","광주광역시","6"
"2021","남","60","순천","결시","전라남도","16"
"2021","남","60","순천","불합격","광주광역시","5"
"2021","남","60","순천","불합격","전라남도","30"
"2021","남","60","순천","합격","경상남도","2"
"2021","남","60","순천","합격","광주광역시","2"
"2021","남","60","순천","합격","서울특별시","1"
"2021","남","60","순천","합격","전라남도","220"
"2021","남","70","순천","결시","광주광역시","4"
"2021","남","70","순천","결시","전라남도","1"
"2021","남","70","순천","불합격","광주광역시","3"
"2021","남","70","순천","불합격","전라남도","7"
"2021","남","70","순천","합격","광주광역시","6"
"2021","남","70","순천","합격","전라남도","41"
"2021","남","80","순천","결시","전라남도","2"
"2021","남","80","순천","합격","전라남도","3"
"2021","여","10","순천","불합격","전라남도","1"
"2021","여","10","순천","합격","전라남도","1"
"2021","여","20","순천","결시","광주광역시","1"
"2021","여","20","순천","불합격","전라남도","6"
"2021","여","20","순천","합격","광주광역시","1"
"2021","여","20","순천","합격","수원","3"
"2021","여","20","순천","합격","전라남도","72"
"2021","여","30","순천","결시","광주광역시","1"
"2021","여","30","순천","결시","전라남도","16"
"2021","여","30","순천","불합격","광주광역시","2"
"2021","여","30","순천","불합격","전라남도","57"
"2021","여","30","순천","합격","경상남도","1"
"2021","여","30","순천","합격","광주광역시","3"
"2021","여","30","순천","합격","서울특별시","1"
"2021","여","30","순천","합격","전라남도","315"
"2021","여","30","순천","합격","전북특별자치도","1"
"2021","여","40","순천","결시","경상남도","1"
"2021","여","40","순천","결시","광주광역시","4"
"2021","여","40","순천","결시","기타","1"
"2021","여","40","순천","결시","전라남도","57"
"2021","여","40","순천","결시","전북특별자치도","2"
"2021","여","40","순천","불합격","전라남도","79"
"2021","여","40","순천","불합격","전북특별자치도","1"
"2021","여","40","순천","합격","경상남도","2"
"2021","여","40","순천","합격","광주광역시","12"
"2021","여","40","순천","합격","전라남도","1222"
"2021","여","40","순천","합격","전북특별자치도","1"
"2021","여","50","순천","결시","경상남도","1"
"2021","여","50","순천","결시","광주광역시","6"
"2021","여","50","순천","결시","전라남도","106"
"2021","여","50","순천","불합격","광주광역시","2"
"2021","여","50","순천","불합격","수원","1"
"2021","여","50","순천","불합격","전라남도","197"
"2021","여","50","순천","합격","경상남도","1"
"2021","여","50","순천","합격","광주광역시","13"
"2021","여","50","순천","합격","서울특별시","2"
"2021","여","50","순천","합격","전라남도","1629"
"2021","여","60","순천","결시","광주광역시","10"
"2021","여","60","순천","결시","전라남도","55"
"2021","여","60","순천","결시","충청남도","1"
"2021","여","60","순천","불합격","광주광역시","4"
"2021","여","60","순천","불합격","전라남도","250"
"2021","여","60","순천","합격","경상남도","5"
"2021","여","60","순천","합격","광주광역시","11"
"2021","여","60","순천","합격","서울특별시","1"
"2021","여","60","순천","합격","전라남도","712"
"2021","여","70","순천","결시","광주광역시","1"
"2021","여","70","순천","결시","전라남도","6"
"2021","여","70","순천","불합격","광주광역시","1"
"2021","여","70","순천","불합격","전라남도","42"
"2021","여","70","순천","합격","광주광역시","2"
"2021","여","70","순천","합격","전라남도","46"
"2021","여","80","순천","결시","전라남도","1"
"2021","여","80","순천","합격","전라남도","1"
"2021","남","20","안동","결시","경상북도","1"
"2021","남","20","안동","불합격","경상북도","4"
"2021","남","20","안동","합격","경상북도","12"
"2021","남","30","안동","결시","경상북도","2"
"2021","남","30","안동","불합격","경상북도","10"
"2021","남","30","안동","합격","경상남도","1"
"2021","남","30","안동","합격","경상북도","15"
"2021","남","40","안동","결시","경상북도","1"
"2021","남","40","안동","불합격","경상북도","9"
"2021","남","40","안동","합격","경상북도","56"
"2021","남","40","안동","합격","의정부","1"
"2021","남","50","안동","결시","경상북도","4"
"2021","남","50","안동","불합격","경상북도","6"
"2021","남","50","안동","합격","강원특별자치도","2"
"2021","남","50","안동","합격","경상북도","108"
"2021","남","50","안동","합격","서울특별시","1"
"2021","남","50","안동","합격","수원","1"
"2021","남","50","안동","합격","충청북도","3"
"2021","남","60","안동","결시","경상북도","5"
"2021","남","60","안동","불합격","경상북도","17"
"2021","남","60","안동","불합격","의정부","1"
"2021","남","60","안동","합격","경상북도","191"
"2021","남","60","안동","합격","충청북도","5"
"2021","남","70","안동","결시","경상북도","3"
"2021","남","70","안동","불합격","경상북도","10"
"2021","남","70","안동","합격","경상북도","25"
"2021","남","70","안동","합격","의정부","1"
"2021","남","80","안동","결시","경상북도","2"
"2021","남","80","안동","합격","경상북도","2"
"2021","남","80","안동","합격","충청북도","1"
"2021","여","20","안동","결시","경상북도","3"
"2021","여","20","안동","불합격","경상북도","8"
"2021","여","20","안동","불합격","충청북도","2"
"2021","여","20","안동","합격","경상북도","23"
"2021","여","30","안동","결시","경상북도","10"
"2021","여","30","안동","불합격","경상북도","38"
"2021","여","30","안동","합격","강원특별자치도","3"
"2021","여","30","안동","합격","경상남도","2"
"2021","여","30","안동","합격","경상북도","114"
"2021","여","30","안동","합격","대구광역시","1"
"2021","여","30","안동","합격","서울특별시","1"
"2021","여","40","안동","결시","강원특별자치도","1"
"2021","여","40","안동","결시","경상북도","22"
"2021","여","40","안동","결시","충청남도","1"
"2021","여","40","안동","결시","충청북도","1"
"2021","여","40","안동","불합격","경상북도","42"
"2021","여","40","안동","불합격","서울특별시","1"
"2021","여","40","안동","불합격","충청북도","2"
"2021","여","40","안동","합격","강원특별자치도","2"
"2021","여","40","안동","합격","경상북도","599"
"2021","여","40","안동","합격","광주광역시","2"
"2021","여","40","안동","합격","서울특별시","1"
"2021","여","40","안동","합격","충청북도","11"
"2021","여","50","안동","결시","경상북도","44"
"2021","여","50","안동","결시","서울특별시","1"
"2021","여","50","안동","결시","수원","1"
"2021","여","50","안동","결시","충청북도","2"
"2021","여","50","안동","불합격","강원특별자치도","2"
"2021","여","50","안동","불합격","경상북도","82"
"2021","여","50","안동","불합격","충청북도","4"
"2021","여","50","안동","합격","강원특별자치도","7"
"2021","여","50","안동","합격","경상남도","2"
"2021","여","50","안동","합격","경상북도","1093"
"2021","여","50","안동","합격","대구광역시","1"
"2021","여","50","안동","합격","대전광역시","1"
"2021","여","50","안동","합격","부산광역시","1"
"2021","여","50","안동","합격","서울특별시","2"
"2021","여","50","안동","합격","의정부","1"
"2021","여","50","안동","합격","전라남도","1"
"2021","여","50","안동","합격","충청북도","40"
"2021","여","60","안동","결시","경상북도","51"
"2021","여","60","안동","결시","전북특별자치도","1"
"2021","여","60","안동","결시","충청북도","2"
"2021","여","60","안동","불합격","경상북도","176"
"2021","여","60","안동","불합격","전북특별자치도","2"
"2021","여","60","안동","불합격","충청북도","4"
"2021","여","60","안동","합격","강원특별자치도","2"
"2021","여","60","안동","합격","경상남도","1"
"2021","여","60","안동","합격","경상북도","813"
"2021","여","60","안동","합격","대구광역시","1"
"2021","여","60","안동","합격","수원","1"
"2021","여","60","안동","합격","의정부","1"
"2021","여","60","안동","합격","충청북도","40"
"2021","여","70","안동","결시","경상북도","7"
"2021","여","70","안동","불합격","경상북도","56"
"2021","여","70","안동","합격","경상북도","55"
"2021","여","70","안동","합격","충청북도","2"
"2021","여","80","안동","불합격","경상북도","4"
"2021","여","80","안동","합격","경상북도","1"
"2021","남","20","여수","결시","전라남도","1"
"2021","남","20","여수","합격","전라남도","2"
"2021","남","30","여수","결시","전라남도","2"
"2021","남","30","여수","불합격","전라남도","4"
"2021","남","30","여수","합격","전라남도","11"
"2021","남","40","여수","결시","전라남도","9"
"2021","남","40","여수","불합격","전라남도","4"
"2021","남","40","여수","합격","전라남도","28"
"2021","남","50","여수","결시","전라남도","10"
"2021","남","50","여수","불합격","전라남도","8"
"2021","남","50","여수","합격","강원특별자치도","1"
"2021","남","50","여수","합격","전라남도","84"
"2021","남","60","여수","결시","광주광역시","2"
"2021","남","60","여수","결시","전라남도","8"
"2021","남","60","여수","불합격","전라남도","21"
"2021","남","60","여수","합격","광주광역시","1"
"2021","남","60","여수","합격","서울특별시","1"
"2021","남","60","여수","합격","수원","1"
"2021","남","60","여수","합격","전라남도","141"
"2021","남","70","여수","결시","광주광역시","1"
"2021","남","70","여수","결시","전라남도","5"
"2021","남","70","여수","불합격","광주광역시","4"
"2021","남","70","여수","불합격","전라남도","15"
"2021","남","70","여수","합격","경상남도","1"
"2021","남","70","여수","합격","광주광역시","1"
"2021","남","70","여수","합격","전라남도","28"
"2021","남","80","여수","불합격","전라남도","5"
"2021","남","80","여수","합격","전라남도","4"
"2021","여","10","여수","합격","전라남도","1"
"2021","여","20","여수","결시","전라남도","4"
"2021","여","20","여수","불합격","전라남도","5"
"2021","여","20","여수","합격","전라남도","38"
"2021","여","30","여수","결시","전라남도","5"
"2021","여","30","여수","불합격","전라남도","23"
"2021","여","30","여수","합격","광주광역시","1"
"2021","여","30","여수","합격","전라남도","154"
"2021","여","40","여수","결시","광주광역시","1"
"2021","여","40","여수","결시","전라남도","46"
"2021","여","40","여수","불합격","전라남도","30"
"2021","여","40","여수","합격","강원특별자치도","2"
"2021","여","40","여수","합격","경상남도","1"
"2021","여","40","여수","합격","광주광역시","1"
"2021","여","40","여수","합격","전라남도","658"
"2021","여","50","여수","결시","전라남도","62"
"2021","여","50","여수","불합격","전라남도","95"
"2021","여","50","여수","합격","강원특별자치도","1"
"2021","여","50","여수","합격","경상남도","1"
"2021","여","50","여수","합격","광주광역시","1"
"2021","여","50","여수","합격","전라남도","843"
"2021","여","50","여수","합격","충청남도","1"
"2021","여","60","여수","결시","광주광역시","2"
"2021","여","60","여수","결시","전라남도","53"
"2021","여","60","여수","불합격","광주광역시","3"
"2021","여","60","여수","불합격","대전광역시","2"
"2021","여","60","여수","불합격","전라남도","175"
"2021","여","60","여수","합격","경상남도","2"
"2021","여","60","여수","합격","광주광역시","2"
"2021","여","60","여수","합격","대전광역시","1"
"2021","여","60","여수","합격","전라남도","443"
"2021","여","70","여수","결시","광주광역시","2"
"2021","여","70","여수","결시","부산광역시","1"
"2021","여","70","여수","결시","전라남도","13"
"2021","여","70","여수","불합격","광주광역시","1"
"2021","여","70","여수","불합격","부산광역시","2"
"2021","여","70","여수","불합격","전라남도","36"
"2021","여","70","여수","합격","광주광역시","2"
"2021","여","70","여수","합격","부산광역시","1"
"2021","여","70","여수","합격","전라남도","41"
"2021","남","20","울산광역시","결시","울산광역시","1"
"2021","남","20","울산광역시","불합격","경상북도","2"
"2021","남","20","울산광역시","불합격","울산광역시","1"
"2021","남","20","울산광역시","합격","경상북도","4"
"2021","남","20","울산광역시","합격","수원","1"
"2021","남","20","울산광역시","합격","울산광역시","16"
"2021","남","30","울산광역시","결시","경상북도","1"
"2021","남","30","울산광역시","결시","울산광역시","7"
"2021","남","30","울산광역시","불합격","경상북도","1"
"2021","남","30","울산광역시","불합격","울산광역시","8"
"2021","남","30","울산광역시","불합격","충청남도","1"
"2021","남","30","울산광역시","합격","경상남도","1"
"2021","남","30","울산광역시","합격","경상북도","8"
"2021","남","30","울산광역시","합격","울산광역시","21"
"2021","남","40","울산광역시","결시","경상북도","1"
"2021","남","40","울산광역시","결시","울산광역시","2"
"2021","남","40","울산광역시","불합격","울산광역시","2"
"2021","남","40","울산광역시","합격","경상남도","3"
"2021","남","40","울산광역시","합격","경상북도","18"
"2021","남","40","울산광역시","합격","울산광역시","54"
"2021","남","40","울산광역시","합격","의정부","1"
"2021","남","40","울산광역시","합격","전라남도","1"
"2021","남","50","울산광역시","결시","경상북도","4"
"2021","남","50","울산광역시","결시","울산광역시","6"
"2021","남","50","울산광역시","불합격","경상북도","2"
"2021","남","50","울산광역시","불합격","대구광역시","1"
"2021","남","50","울산광역시","불합격","울산광역시","5"
"2021","남","50","울산광역시","합격","경상남도","3"
"2021","남","50","울산광역시","합격","경상북도","50"
"2021","남","50","울산광역시","합격","울산광역시","121"
"2021","남","50","울산광역시","합격","전라남도","1"
"2021","남","60","울산광역시","결시","경상북도","2"
"2021","남","60","울산광역시","결시","울산광역시","12"
"2021","남","60","울산광역시","불합격","경상북도","3"
"2021","남","60","울산광역시","불합격","울산광역시","27"
"2021","남","60","울산광역시","응시결격","울산광역시","1"
"2021","남","60","울산광역시","합격","경상남도","3"
"2021","남","60","울산광역시","합격","경상북도","59"
"2021","남","60","울산광역시","합격","서울특별시","1"
"2021","남","60","울산광역시","합격","울산광역시","338"
"2021","남","70","울산광역시","결시","경상북도","1"
"2021","남","70","울산광역시","결시","울산광역시","4"
"2021","남","70","울산광역시","불합격","경상남도","2"
"2021","남","70","울산광역시","불합격","경상북도","3"
"2021","남","70","울산광역시","불합격","울산광역시","17"
"2021","남","70","울산광역시","합격","경상북도","8"
"2021","남","70","울산광역시","합격","울산광역시","61"
"2021","남","80","울산광역시","결시","울산광역시","2"
"2021","남","80","울산광역시","불합격","울산광역시","8"
"2021","남","80","울산광역시","합격","경상북도","1"
"2021","남","80","울산광역시","합격","울산광역시","5"
"2021","여","20","울산광역시","결시","울산광역시","3"
"2021","여","20","울산광역시","불합격","경상북도","2"
"2021","여","20","울산광역시","불합격","울산광역시","13"
"2021","여","20","울산광역시","합격","경상남도","1"
"2021","여","20","울산광역시","합격","경상북도","20"
"2021","여","20","울산광역시","합격","울산광역시","85"
"2021","여","30","울산광역시","결시","경상북도","2"
"2021","여","30","울산광역시","결시","울산광역시","14"
"2021","여","30","울산광역시","불합격","경상북도","9"
"2021","여","30","울산광역시","불합격","부산광역시","2"
"2021","여","30","울산광역시","불합격","울산광역시","16"
"2021","여","30","울산광역시","합격","경상남도","1"
"2021","여","30","울산광역시","합격","경상북도","99"
"2021","여","30","울산광역시","합격","대전광역시","1"
"2021","여","30","울산광역시","합격","부산광역시","1"
"2021","여","30","울산광역시","합격","수원","1"
"2021","여","30","울산광역시","합격","울산광역시","303"
"2021","여","40","울산광역시","결시","경상북도","24"
"2021","여","40","울산광역시","결시","울산광역시","25"
"2021","여","40","울산광역시","불합격","경상북도","4"
"2021","여","40","울산광역시","불합격","울산광역시","44"
"2021","여","40","울산광역시","합격","경상남도","19"
"2021","여","40","울산광역시","합격","경상북도","605"
"2021","여","40","울산광역시","합격","부산광역시","1"
"2021","여","40","울산광역시","합격","서울특별시","1"
"2021","여","40","울산광역시","합격","수원","1"
"2021","여","40","울산광역시","합격","울산광역시","1657"
"2021","여","50","울산광역시","결시","경상북도","22"
"2021","여","50","울산광역시","결시","울산광역시","63"
"2021","여","50","울산광역시","불합격","경상남도","1"
"2021","여","50","울산광역시","불합격","경상북도","27"
"2021","여","50","울산광역시","불합격","울산광역시","112"
"2021","여","50","울산광역시","합격","경상남도","16"
"2021","여","50","울산광역시","합격","경상북도","789"
"2021","여","50","울산광역시","합격","부산광역시","2"
"2021","여","50","울산광역시","합격","수원","3"
"2021","여","50","울산광역시","합격","울산광역시","2775"
"2021","여","50","울산광역시","합격","전라남도","2"
"2021","여","60","울산광역시","결시","경상남도","1"
"2021","여","60","울산광역시","결시","경상북도","12"
"2021","여","60","울산광역시","결시","울산광역시","63"
"2021","여","60","울산광역시","결시","충청북도","1"
"2021","여","60","울산광역시","불합격","경상남도","2"
"2021","여","60","울산광역시","불합격","경상북도","32"
"2021","여","60","울산광역시","불합격","수원","1"
"2021","여","60","울산광역시","불합격","울산광역시","258"
"2021","여","60","울산광역시","응시결격","울산광역시","1"
"2021","여","60","울산광역시","합격","경상남도","10"
"2021","여","60","울산광역시","합격","경상북도","380"
"2021","여","60","울산광역시","합격","서울특별시","1"
"2021","여","60","울산광역시","합격","수원","2"
"2021","여","60","울산광역시","합격","울산광역시","1539"
"2021","여","70","울산광역시","결시","경상북도","5"
"2021","여","70","울산광역시","결시","울산광역시","10"
"2021","여","70","울산광역시","불합격","경상북도","13"
"2021","여","70","울산광역시","불합격","울산광역시","40"
"2021","여","70","울산광역시","합격","경상남도","1"
"2021","여","70","울산광역시","합격","경상북도","21"
"2021","여","70","울산광역시","합격","울산광역시","89"
"2021","여","80","울산광역시","결시","울산광역시","1"
"2021","여","80","울산광역시","불합격","경상북도","1"
"2021","여","80","울산광역시","불합격","울산광역시","4"
"2021","남","20","인천광역시","결시","수원","1"
"2021","남","20","인천광역시","결시","인천광역시","3"
"2021","남","20","인천광역시","불합격","수원","1"
"2021","남","20","인천광역시","불합격","인천광역시","5"
"2021","남","20","인천광역시","불합격","전라남도","1"
"2021","남","20","인천광역시","합격","경상남도","1"
"2021","남","20","인천광역시","합격","수원","17"
"2021","남","20","인천광역시","합격","인천광역시","32"
"2021","남","30","인천광역시","결시","수원","3"
"2021","남","30","인천광역시","결시","인천광역시","2"
"2021","남","30","인천광역시","불합격","수원","7"
"2021","남","30","인천광역시","불합격","인천광역시","3"
"2021","남","30","인천광역시","합격","서울특별시","4"
"2021","남","30","인천광역시","합격","수원","29"
"2021","남","30","인천광역시","합격","의정부","1"
"2021","남","30","인천광역시","합격","인천광역시","39"
"2021","남","40","인천광역시","결시","수원","1"
"2021","남","40","인천광역시","결시","인천광역시","8"
"2021","남","40","인천광역시","불합격","수원","5"
"2021","남","40","인천광역시","불합격","인천광역시","15"
"2021","남","40","인천광역시","합격","부산광역시","2"
"2021","남","40","인천광역시","합격","서울특별시","1"
"2021","남","40","인천광역시","합격","수원","70"
"2021","남","40","인천광역시","합격","울산광역시","1"
"2021","남","40","인천광역시","합격","인천광역시","100"
"2021","남","50","인천광역시","결시","강원특별자치도","1"
"2021","남","50","인천광역시","결시","수원","9"
"2021","남","50","인천광역시","결시","의정부","1"
"2021","남","50","인천광역시","결시","인천광역시","11"
"2021","남","50","인천광역시","결시","전라남도","1"
"2021","남","50","인천광역시","불합격","수원","15"
"2021","남","50","인천광역시","불합격","인천광역시","15"
"2021","남","50","인천광역시","합격","강원특별자치도","1"
"2021","남","50","인천광역시","합격","서울특별시","9"
"2021","남","50","인천광역시","합격","수원","221"
"2021","남","50","인천광역시","합격","의정부","1"
"2021","남","50","인천광역시","합격","인천광역시","250"
"2021","남","50","인천광역시","합격","충청북도","1"
"2021","남","60","인천광역시","결시","기타","1"
"2021","남","60","인천광역시","결시","수원","7"
"2021","남","60","인천광역시","결시","인천광역시","16"
"2021","남","60","인천광역시","불합격","서울특별시","1"
"2021","남","60","인천광역시","불합격","수원","33"
"2021","남","60","인천광역시","불합격","인천광역시","36"
"2021","남","60","인천광역시","합격","경상남도","2"
"2021","남","60","인천광역시","합격","광주광역시","1"
"2021","남","60","인천광역시","합격","서울특별시","1"
"2021","남","60","인천광역시","합격","수원","356"
"2021","남","60","인천광역시","합격","의정부","1"
"2021","남","60","인천광역시","합격","인천광역시","547"
"2021","남","60","인천광역시","합격","전라남도","1"
"2021","남","70","인천광역시","결시","수원","3"
"2021","남","70","인천광역시","결시","인천광역시","3"
"2021","남","70","인천광역시","불합격","경상남도","4"
"2021","남","70","인천광역시","불합격","수원","19"
"2021","남","70","인천광역시","불합격","인천광역시","10"
"2021","남","70","인천광역시","합격","경상남도","1"
"2021","남","70","인천광역시","합격","서울특별시","1"
"2021","남","70","인천광역시","합격","수원","71"
"2021","남","70","인천광역시","합격","인천광역시","101"
"2021","남","80","인천광역시","결시","수원","1"
"2021","남","80","인천광역시","결시","인천광역시","2"
"2021","남","80","인천광역시","불합격","수원","2"
"2021","남","80","인천광역시","불합격","인천광역시","8"
"2021","남","80","인천광역시","불합격","충청남도","1"
"2021","남","80","인천광역시","합격","수원","11"
"2021","남","80","인천광역시","합격","인천광역시","9"
"2021","남","80","인천광역시","합격","충청남도","1"
"2021","여","10","인천광역시","결시","수원","1"
"2021","여","10","인천광역시","합격","서울특별시","1"
"2021","여","10","인천광역시","합격","인천광역시","1"
"2021","여","20","인천광역시","결시","수원","2"
"2021","여","20","인천광역시","결시","인천광역시","3"
"2021","여","20","인천광역시","불합격","서울특별시","1"
"2021","여","20","인천광역시","불합격","수원","9"
"2021","여","20","인천광역시","불합격","인천광역시","16"
"2021","여","20","인천광역시","합격","경상남도","2"
"2021","여","20","인천광역시","합격","서울특별시","5"
"2021","여","20","인천광역시","합격","수원","51"
"2021","여","20","인천광역시","합격","의정부","1"
"2021","여","20","인천광역시","합격","인천광역시","66"
"2021","여","30","인천광역시","결시","수원","9"
"2021","여","30","인천광역시","결시","인천광역시","9"
"2021","여","30","인천광역시","불합격","서울특별시","1"
"2021","여","30","인천광역시","불합격","수원","18"
"2021","여","30","인천광역시","불합격","인천광역시","23"
"2021","여","30","인천광역시","응시결격","수원","1"
"2021","여","30","인천광역시","합격","강원특별자치도","1"
"2021","여","30","인천광역시","합격","경상남도","7"
"2021","여","30","인천광역시","합격","경상북도","1"
"2021","여","30","인천광역시","합격","광주광역시","2"
"2021","여","30","인천광역시","합격","기타","1"
"2021","여","30","인천광역시","합격","서울특별시","21"
"2021","여","30","인천광역시","합격","수원","251"
"2021","여","30","인천광역시","합격","의정부","5"
"2021","여","30","인천광역시","합격","인천광역시","313"
"2021","여","30","인천광역시","합격","충청남도","1"
"2021","여","30","인천광역시","합격","충청북도","1"
"2021","여","40","인천광역시","결시","광주광역시","4"
"2021","여","40","인천광역시","결시","기타","1"
"2021","여","40","인천광역시","결시","서울특별시","1"
"2021","여","40","인천광역시","결시","수원","30"
"2021","여","40","인천광역시","결시","인천광역시","44"
"2021","여","40","인천광역시","불합격","경상남도","2"
"2021","여","40","인천광역시","불합격","서울특별시","2"
"2021","여","40","인천광역시","불합격","수원","35"
"2021","여","40","인천광역시","불합격","인천광역시","56"
"2021","여","40","인천광역시","응시결격","인천광역시","3"
"2021","여","40","인천광역시","합격","강원특별자치도","5"
"2021","여","40","인천광역시","합격","경상남도","16"
"2021","여","40","인천광역시","합격","광주광역시","4"
"2021","여","40","인천광역시","합격","부산광역시","1"
"2021","여","40","인천광역시","합격","서울특별시","39"
"2021","여","40","인천광역시","합격","수원","1333"
"2021","여","40","인천광역시","합격","울산광역시","1"
"2021","여","40","인천광역시","합격","의정부","5"
"2021","여","40","인천광역시","합격","인천광역시","1825"
"2021","여","40","인천광역시","합격","전라남도","7"
"2021","여","40","인천광역시","합격","충청남도","2"
"2021","여","50","인천광역시","결시","경상남도","4"
"2021","여","50","인천광역시","결시","기타","2"
"2021","여","50","인천광역시","결시","서울특별시","5"
"2021","여","50","인천광역시","결시","수원","62"
"2021","여","50","인천광역시","결시","인천광역시","118"
"2021","여","50","인천광역시","결시","충청북도","1"
"2021","여","50","인천광역시","불합격","경상남도","1"
"2021","여","50","인천광역시","불합격","경상북도","1"
"2021","여","50","인천광역시","불합격","서울특별시","3"
"2021","여","50","인천광역시","불합격","수원","206"
"2021","여","50","인천광역시","불합격","인천광역시","258"
"2021","여","50","인천광역시","불합격","충청남도","3"
"2021","여","50","인천광역시","불합격","충청북도","4"
"2021","여","50","인천광역시","응시결격","인천광역시","1"
"2021","여","50","인천광역시","합격","강원특별자치도","4"
"2021","여","50","인천광역시","합격","경상남도","35"
"2021","여","50","인천광역시","합격","광주광역시","6"
"2021","여","50","인천광역시","합격","기타","1"
"2021","여","50","인천광역시","합격","서울특별시","54"
"2021","여","50","인천광역시","합격","수원","3237"
"2021","여","50","인천광역시","합격","의정부","3"
"2021","여","50","인천광역시","합격","인천광역시","4765"
"2021","여","50","인천광역시","합격","전라남도","5"
"2021","여","50","인천광역시","합격","전북특별자치도","2"
"2021","여","50","인천광역시","합격","충청남도","7"
"2021","여","60","인천광역시","결시","대전광역시","1"
"2021","여","60","인천광역시","결시","서울특별시","2"
"2021","여","60","인천광역시","결시","수원","45"
"2021","여","60","인천광역시","결시","인천광역시","90"
"2021","여","60","인천광역시","결시","전라남도","1"
"2021","여","60","인천광역시","불합격","경상남도","2"
"2021","여","60","인천광역시","불합격","기타","2"
"2021","여","60","인천광역시","불합격","서울특별시","2"
"2021","여","60","인천광역시","불합격","수원","322"
"2021","여","60","인천광역시","불합격","인천광역시","536"
"2021","여","60","인천광역시","응시결격","수원","2"
"2021","여","60","인천광역시","응시결격","인천광역시","1"
"2021","여","60","인천광역시","합격","강원특별자치도","1"
"2021","여","60","인천광역시","합격","경상남도","7"
"2021","여","60","인천광역시","합격","광주광역시","4"
"2021","여","60","인천광역시","합격","대전광역시","2"
"2021","여","60","인천광역시","합격","서울특별시","27"
"2021","여","60","인천광역시","합격","수원","2088"
"2021","여","60","인천광역시","합격","의정부","1"
"2021","여","60","인천광역시","합격","인천광역시","3394"
"2021","여","60","인천광역시","합격","전라남도","6"
"2021","여","60","인천광역시","합격","전북특별자치도","1"
"2021","여","70","인천광역시","결시","서울특별시","1"
"2021","여","70","인천광역시","결시","수원","12"
"2021","여","70","인천광역시","결시","인천광역시","13"
"2021","여","70","인천광역시","불합격","서울특별시","1"
"2021","여","70","인천광역시","불합격","수원","60"
"2021","여","70","인천광역시","불합격","의정부","2"
"2021","여","70","인천광역시","불합격","인천광역시","80"
"2021","여","70","인천광역시","합격","서울특별시","5"
"2021","여","70","인천광역시","합격","수원","178"
"2021","여","70","인천광역시","합격","의정부","1"
"2021","여","70","인천광역시","합격","인천광역시","226"
"2021","여","80","인천광역시","결시","수원","1"
"2021","여","80","인천광역시","불합격","수원","1"
"2021","여","80","인천광역시","불합격","인천광역시","3"
"2021","여","80","인천광역시","합격","수원","3"
"2021","여","80","인천광역시","합격","인천광역시","2"
"2021","남","20","전주","결시","기타","1"
"2021","남","20","전주","결시","전북특별자치도","8"
"2021","남","20","전주","불합격","전북특별자치도","12"
"2021","남","20","전주","합격","전북특별자치도","37"
"2021","남","20","전주","합격","충청남도","3"
"2021","남","30","전주","결시","전북특별자치도","4"
"2021","남","30","전주","불합격","전북특별자치도","11"
"2021","남","30","전주","응시결격","전북특별자치도","1"
"2021","남","30","전주","합격","전북특별자치도","46"
"2021","남","40","전주","결시","전북특별자치도","10"
"2021","남","40","전주","불합격","기타","1"
"2021","남","40","전주","불합격","전북특별자치도","8"
"2021","남","40","전주","합격","전라남도","1"
"2021","남","40","전주","합격","전북특별자치도","138"
"2021","남","40","전주","합격","충청남도","3"
"2021","남","50","전주","결시","경상남도","2"
"2021","남","50","전주","결시","전북특별자치도","13"
"2021","남","50","전주","불합격","경상남도","1"
"2021","남","50","전주","불합격","전북특별자치도","33"
"2021","남","50","전주","불합격","충청남도","1"
"2021","남","50","전주","합격","경상남도","2"
"2021","남","50","전주","합격","광주광역시","4"
"2021","남","50","전주","합격","서울특별시","2"
"2021","남","50","전주","합격","세종특별자치시","1"
"2021","남","50","전주","합격","수원","1"
"2021","남","50","전주","합격","전라남도","2"
"2021","남","50","전주","합격","전북특별자치도","367"
"2021","남","50","전주","합격","제주특별자치도","1"
"2021","남","50","전주","합격","충청남도","6"
"2021","남","60","전주","결시","전북특별자치도","25"
"2021","남","60","전주","불합격","대전광역시","1"
"2021","남","60","전주","불합격","전북특별자치도","47"
"2021","남","60","전주","불합격","충청남도","2"
"2021","남","60","전주","합격","경상남도","4"
"2021","남","60","전주","합격","광주광역시","3"
"2021","남","60","전주","합격","대전광역시","1"
"2021","남","60","전주","합격","전라남도","3"
"2021","남","60","전주","합격","전북특별자치도","657"
"2021","남","60","전주","합격","충청남도","25"
"2021","남","70","전주","결시","전북특별자치도","12"
"2021","남","70","전주","불합격","서울특별시","1"
"2021","남","70","전주","불합격","전북특별자치도","38"
"2021","남","70","전주","불합격","충청남도","1"
"2021","남","70","전주","합격","광주광역시","1"
"2021","남","70","전주","합격","전북특별자치도","148"
"2021","남","70","전주","합격","충청남도","11"
"2021","남","80","전주","결시","전북특별자치도","2"
"2021","남","80","전주","불합격","전북특별자치도","8"
"2021","남","80","전주","불합격","충청남도","3"
"2021","남","80","전주","합격","수원","1"
"2021","남","80","전주","합격","전북특별자치도","18"
"2021","남","90","전주","합격","전북특별자치도","1"
"2021","여","10","전주","불합격","전북특별자치도","1"
"2021","여","10","전주","합격","전북특별자치도","1"
"2021","여","20","전주","결시","기타","1"
"2021","여","20","전주","결시","전북특별자치도","9"
"2021","여","20","전주","불합격","광주광역시","2"
"2021","여","20","전주","불합격","전북특별자치도","22"
"2021","여","20","전주","합격","광주광역시","1"
"2021","여","20","전주","합격","서울특별시","1"
"2021","여","20","전주","합격","인천광역시","1"
"2021","여","20","전주","합격","전라남도","1"
"2021","여","20","전주","합격","전북특별자치도","88"
"2021","여","20","전주","합격","충청남도","3"
"2021","여","30","전주","결시","전북특별자치도","30"
"2021","여","30","전주","불합격","전북특별자치도","69"
"2021","여","30","전주","합격","경상남도","1"
"2021","여","30","전주","합격","전라남도","5"
"2021","여","30","전주","합격","전북특별자치도","465"
"2021","여","30","전주","합격","충청남도","5"
"2021","여","40","전주","결시","기타","1"
"2021","여","40","전주","결시","전라남도","1"
"2021","여","40","전주","결시","전북특별자치도","97"
"2021","여","40","전주","불합격","광주광역시","2"
"2021","여","40","전주","불합격","전북특별자치도","149"
"2021","여","40","전주","불합격","충청남도","4"
"2021","여","40","전주","응시결격","전북특별자치도","3"
"2021","여","40","전주","합격","경상남도","3"
"2021","여","40","전주","합격","광주광역시","6"
"2021","여","40","전주","합격","서울특별시","4"
"2021","여","40","전주","합격","수원","1"
"2021","여","40","전주","합격","전라남도","31"
"2021","여","40","전주","합격","전북특별자치도","2411"
"2021","여","40","전주","합격","충청남도","37"
"2021","여","50","전주","결시","기타","1"
"2021","여","50","전주","결시","전북특별자치도","116"
"2021","여","50","전주","결시","충청남도","6"
"2021","여","50","전주","불합격","경상남도","1"
"2021","여","50","전주","불합격","서울특별시","2"
"2021","여","50","전주","불합격","수원","2"
"2021","여","50","전주","불합격","인천광역시","1"
"2021","여","50","전주","불합격","전라남도","4"
"2021","여","50","전주","불합격","전북특별자치도","252"
"2021","여","50","전주","불합격","충청남도","4"
"2021","여","50","전주","합격","경상남도","1"
"2021","여","50","전주","합격","광주광역시","7"
"2021","여","50","전주","합격","대전광역시","1"
"2021","여","50","전주","합격","서울특별시","9"
"2021","여","50","전주","합격","세종특별자치시","2"
"2021","여","50","전주","합격","수원","2"
"2021","여","50","전주","합격","의정부","1"
"2021","여","50","전주","합격","전라남도","13"
"2021","여","50","전주","합격","전북특별자치도","3784"
"2021","여","50","전주","합격","충청남도","71"
"2021","여","60","전주","결시","경상남도","1"
"2021","여","60","전주","결시","전북특별자치도","124"
"2021","여","60","전주","결시","충청남도","10"
"2021","여","60","전주","불합격","기타","1"
"2021","여","60","전주","불합격","전라남도","4"
"2021","여","60","전주","불합격","전북특별자치도","447"
"2021","여","60","전주","불합격","충청남도","13"
"2021","여","60","전주","응시결격","전북특별자치도","1"
"2021","여","60","전주","합격","경상남도","4"
"2021","여","60","전주","합격","경상북도","1"
"2021","여","60","전주","합격","대전광역시","1"
"2021","여","60","전주","합격","서울특별시","3"
"2021","여","60","전주","합격","수원","4"
"2021","여","60","전주","합격","의정부","1"
"2021","여","60","전주","합격","전라남도","8"
"2021","여","60","전주","합격","전북특별자치도","2370"
"2021","여","60","전주","합격","충청남도","75"
"2021","여","70","전주","결시","전북특별자치도","21"
"2021","여","70","전주","결시","충청남도","2"
"2021","여","70","전주","발표보류","전북특별자치도","1"
"2021","여","70","전주","불합격","전북특별자치도","128"
"2021","여","70","전주","불합격","충청남도","6"
"2021","여","70","전주","합격","광주광역시","1"
"2021","여","70","전주","합격","전라남도","1"
"2021","여","70","전주","합격","전북특별자치도","243"
"2021","여","70","전주","합격","충청남도","13"
"2021","여","80","전주","결시","전북특별자치도","3"
"2021","여","80","전주","불합격","전북특별자치도","5"
"2021","여","80","전주","불합격","충청남도","1"
"2021","여","80","전주","합격","전북특별자치도","5"
"2021","여","80","전주","합격","충청남도","1"
"2021","남","10","제주특별자치도","합격","제주특별자치도","4"
"2021","남","20","제주특별자치도","불합격","제주특별자치도","7"
"2021","남","20","제주특별자치도","합격","제주특별자치도","8"
"2021","남","30","제주특별자치도","불합격","제주특별자치도","3"
"2021","남","30","제주특별자치도","합격","제주특별자치도","7"
"2021","남","40","제주특별자치도","결시","기타","1"
"2021","남","40","제주특별자치도","결시","제주특별자치도","3"
"2021","남","40","제주특별자치도","불합격","제주특별자치도","1"
"2021","남","40","제주특별자치도","응시결격","제주특별자치도","1"
"2021","남","40","제주특별자치도","합격","서울특별시","1"
"2021","남","40","제주특별자치도","합격","제주특별자치도","29"
"2021","남","50","제주특별자치도","결시","제주특별자치도","3"
"2021","남","50","제주특별자치도","불합격","제주특별자치도","3"
"2021","남","50","제주특별자치도","응시결격","제주특별자치도","1"
"2021","남","50","제주특별자치도","합격","서울특별시","1"
"2021","남","50","제주특별자치도","합격","제주특별자치도","53"
"2021","남","50","제주특별자치도","합격","충청남도","2"
"2021","남","60","제주특별자치도","결시","제주특별자치도","1"
"2021","남","60","제주특별자치도","불합격","제주특별자치도","5"
"2021","남","60","제주특별자치도","합격","부산광역시","1"
"2021","남","60","제주특별자치도","합격","서울특별시","1"
"2021","남","60","제주특별자치도","합격","수원","1"
"2021","남","60","제주특별자치도","합격","제주특별자치도","76"
"2021","남","70","제주특별자치도","결시","제주특별자치도","1"
"2021","남","70","제주특별자치도","불합격","제주특별자치도","6"
"2021","남","70","제주특별자치도","합격","부산광역시","1"
"2021","남","70","제주특별자치도","합격","제주특별자치도","19"
"2021","남","80","제주특별자치도","합격","제주특별자치도","2"
"2021","여","10","제주특별자치도","불합격","제주특별자치도","2"
"2021","여","20","제주특별자치도","결시","제주특별자치도","1"
"2021","여","20","제주특별자치도","불합격","제주특별자치도","4"
"2021","여","20","제주특별자치도","합격","경상북도","1"
"2021","여","20","제주특별자치도","합격","제주특별자치도","13"
"2021","여","30","제주특별자치도","결시","제주특별자치도","4"
"2021","여","30","제주특별자치도","불합격","제주특별자치도","21"
"2021","여","30","제주특별자치도","합격","인천광역시","1"
"2021","여","30","제주특별자치도","합격","제주특별자치도","49"
"2021","여","40","제주특별자치도","결시","경상남도","1"
"2021","여","40","제주특별자치도","결시","울산광역시","1"
"2021","여","40","제주특별자치도","결시","제주특별자치도","16"
"2021","여","40","제주특별자치도","불합격","제주특별자치도","14"
"2021","여","40","제주특별자치도","응시결격","제주특별자치도","2"
"2021","여","40","제주특별자치도","합격","경상남도","1"
"2021","여","40","제주특별자치도","합격","경상북도","2"
"2021","여","40","제주특별자치도","합격","광주광역시","2"
"2021","여","40","제주특별자치도","합격","서울특별시","4"
"2021","여","40","제주특별자치도","합격","수원","1"
"2021","여","40","제주특별자치도","합격","의정부","1"
"2021","여","40","제주특별자치도","합격","인천광역시","1"
"2021","여","40","제주특별자치도","합격","전라남도","2"
"2021","여","40","제주특별자치도","합격","제주특별자치도","272"
"2021","여","50","제주특별자치도","결시","대구광역시","1"
"2021","여","50","제주특별자치도","결시","제주특별자치도","18"
"2021","여","50","제주특별자치도","불합격","제주특별자치도","51"
"2021","여","50","제주특별자치도","응시결격","제주특별자치도","1"
"2021","여","50","제주특별자치도","합격","경상남도","2"
"2021","여","50","제주특별자치도","합격","대구광역시","2"
"2021","여","50","제주특별자치도","합격","서울특별시","4"
"2021","여","50","제주특별자치도","합격","수원","1"
"2021","여","50","제주특별자치도","합격","전북특별자치도","1"
"2021","여","50","제주특별자치도","합격","제주특별자치도","582"
"2021","여","50","제주특별자치도","합격","충청남도","1"
"2021","여","60","제주특별자치도","결시","서울특별시","1"
"2021","여","60","제주특별자치도","결시","수원","1"
"2021","여","60","제주특별자치도","결시","제주특별자치도","32"
"2021","여","60","제주특별자치도","불합격","제주특별자치도","54"
"2021","여","60","제주특별자치도","응시결격","제주특별자치도","1"
"2021","여","60","제주특별자치도","합격","강원특별자치도","1"
"2021","여","60","제주특별자치도","합격","경상남도","1"
"2021","여","60","제주특별자치도","합격","서울특별시","4"
"2021","여","60","제주특별자치도","합격","수원","1"
"2021","여","60","제주특별자치도","합격","의정부","1"
"2021","여","60","제주특별자치도","합격","제주특별자치도","291"
"2021","여","70","제주특별자치도","결시","제주특별자치도","2"
"2021","여","70","제주특별자치도","불합격","제주특별자치도","14"
"2021","여","70","제주특별자치도","합격","제주특별자치도","33"
"2021","여","80","제주특별자치도","합격","제주특별자치도","2"
"2021","남","10","진주","합격","경상남도","2"
"2021","남","20","진주","결시","경상남도","2"
"2021","남","20","진주","불합격","경상남도","13"
"2021","남","20","진주","합격","경상남도","31"
"2021","남","30","진주","결시","경상남도","3"
"2021","남","30","진주","불합격","경상남도","9"
"2021","남","30","진주","합격","강원특별자치도","1"
"2021","남","30","진주","합격","경상남도","43"
"2021","남","40","진주","결시","경상남도","12"
"2021","남","40","진주","불합격","경상남도","17"
"2021","남","40","진주","합격","경상남도","101"
"2021","남","50","진주","결시","경상남도","18"
"2021","남","50","진주","불합격","경상남도","38"
"2021","남","50","진주","합격","강원특별자치도","1"
"2021","남","50","진주","합격","경상남도","241"
"2021","남","60","진주","결시","경상남도","21"
"2021","남","60","진주","결시","기타","1"
"2021","남","60","진주","불합격","경상남도","52"
"2021","남","60","진주","합격","경상남도","293"
"2021","남","60","진주","합격","서울특별시","1"
"2021","남","70","진주","결시","경상남도","3"
"2021","남","70","진주","불합격","경상남도","18"
"2021","남","70","진주","합격","경상남도","39"
"2021","남","80","진주","불합격","경상남도","6"
"2021","남","80","진주","합격","경상남도","4"
"2021","여","20","진주","결시","경상남도","7"
"2021","여","20","진주","불합격","경상남도","16"
"2021","여","20","진주","응시결격","경상남도","1"
"2021","여","20","진주","합격","경상남도","96"
"2021","여","20","진주","합격","부산광역시","1"
"2021","여","30","진주","결시","경상남도","25"
"2021","여","30","진주","불합격","경상남도","67"
"2021","여","30","진주","합격","경상남도","503"
"2021","여","30","진주","합격","부산광역시","1"
"2021","여","40","진주","결시","경상남도","97"
"2021","여","40","진주","불합격","경상남도","129"
"2021","여","40","진주","응시결격","경상남도","2"
"2021","여","40","진주","합격","경상남도","2183"
"2021","여","40","진주","합격","경상북도","1"
"2021","여","40","진주","합격","수원","1"
"2021","여","50","진주","결시","경상남도","163"
"2021","여","50","진주","불합격","경상남도","226"
"2021","여","50","진주","합격","경상남도","2414"
"2021","여","50","진주","합격","전라남도","2"
"2021","여","60","진주","결시","경상남도","102"
"2021","여","60","진주","불합격","경상남도","367"
"2021","여","60","진주","합격","경상남도","1243"
"2021","여","60","진주","합격","대구광역시","1"
"2021","여","60","진주","합격","서울특별시","1"
"2021","여","60","진주","합격","수원","1"
"2021","여","60","진주","합격","의정부","1"
"2021","여","70","진주","결시","경상남도","18"
"2021","여","70","진주","불합격","경상남도","58"
"2021","여","70","진주","합격","경상남도","103"
"2021","여","80","진주","불합격","경상남도","1"
"2021","여","80","진주","합격","경상남도","2"
"2021","남","10","창원","불합격","경상남도","1"
"2021","남","20","창원","결시","경상남도","7"
"2021","남","20","창원","불합격","경상남도","11"
"2021","남","20","창원","합격","경상남도","36"
"2021","남","30","창원","결시","경상남도","6"
"2021","남","30","창원","불합격","경상남도","11"
"2021","남","30","창원","합격","경상남도","61"
"2021","남","30","창원","합격","기타","1"
"2021","남","40","창원","결시","경상남도","20"
"2021","남","40","창원","불합격","경상남도","16"
"2021","남","40","창원","합격","경상남도","196"
"2021","남","40","창원","합격","울산광역시","1"
"2021","남","50","창원","결시","경상남도","32"
"2021","남","50","창원","불합격","경상남도","31"
"2021","남","50","창원","합격","경상남도","491"
"2021","남","50","창원","합격","수원","1"
"2021","남","60","창원","결시","경상남도","44"
"2021","남","60","창원","불합격","경상남도","81"
"2021","남","60","창원","합격","경상남도","732"
"2021","남","60","창원","합격","전라남도","1"
"2021","남","70","창원","결시","경상남도","5"
"2021","남","70","창원","불합격","경상남도","31"
"2021","남","70","창원","합격","경상남도","125"
"2021","남","70","창원","합격","부산광역시","1"
"2021","남","80","창원","결시","경상남도","4"
"2021","남","80","창원","불합격","경상남도","17"
"2021","남","80","창원","합격","경상남도","12"
"2021","여","20","창원","결시","경상남도","7"
"2021","여","20","창원","불합격","경상남도","25"
"2021","여","20","창원","합격","경상남도","139"
"2021","여","20","창원","합격","울산광역시","1"
"2021","여","30","창원","결시","경상남도","37"
"2021","여","30","창원","불합격","경상남도","72"
"2021","여","30","창원","불합격","기타","1"
"2021","여","30","창원","합격","경상남도","863"
"2021","여","30","창원","합격","서울특별시","1"
"2021","여","30","창원","합격","충청남도","1"
"2021","여","40","창원","결시","경상남도","203"
"2021","여","40","창원","불합격","경상남도","200"
"2021","여","40","창원","합격","강원특별자치도","1"
"2021","여","40","창원","합격","경상남도","4359"
"2021","여","40","창원","합격","경상북도","1"
"2021","여","40","창원","합격","부산광역시","3"
"2021","여","40","창원","합격","서울특별시","3"
"2021","여","40","창원","합격","수원","2"
"2021","여","40","창원","합격","울산광역시","1"
"2021","여","40","창원","합격","전라남도","2"
"2021","여","50","창원","결시","강원특별자치도","1"
"2021","여","50","창원","결시","경상남도","329"
"2021","여","50","창원","결시","기타","1"
"2021","여","50","창원","불합격","경상남도","449"
"2021","여","50","창원","불합격","부산광역시","1"
"2021","여","50","창원","합격","경상남도","6503"
"2021","여","50","창원","합격","경상북도","4"
"2021","여","50","창원","합격","대구광역시","1"
"2021","여","50","창원","합격","서울특별시","5"
"2021","여","50","창원","합격","수원","1"
"2021","여","50","창원","합격","전라남도","2"
"2021","여","60","창원","결시","경상남도","245"
"2021","여","60","창원","불합격","경상남도","701"
"2021","여","60","창원","불합격","수원","1"
"2021","여","60","창원","합격","경상남도","3256"
"2021","여","60","창원","합격","부산광역시","2"
"2021","여","60","창원","합격","서울특별시","1"
"2021","여","60","창원","합격","의정부","1"
"2021","여","70","창원","결시","경상남도","43"
"2021","여","70","창원","불합격","경상남도","118"
"2021","여","70","창원","합격","경상남도","219"
"2021","여","70","창원","합격","부산광역시","1"
"2021","여","80","창원","불합격","경상남도","6"
"2021","여","80","창원","합격","경상남도","4"
"2021","남","10","청주","합격","충청북도","1"
"2021","남","20","청주","결시","충청북도","5"
"2021","남","20","청주","불합격","충청북도","4"
"2021","남","20","청주","합격","서울특별시","1"
"2021","남","20","청주","합격","세종특별자치시","2"
"2021","남","20","청주","합격","충청북도","13"
"2021","남","30","청주","결시","수원","1"
"2021","남","30","청주","불합격","충청북도","3"
"2021","남","30","청주","합격","세종특별자치시","2"
"2021","남","30","청주","합격","충청남도","1"
"2021","남","30","청주","합격","충청북도","23"
"2021","남","40","청주","결시","충청북도","3"
"2021","남","40","청주","불합격","충청북도","4"
"2021","남","40","청주","합격","세종특별자치시","1"
"2021","남","40","청주","합격","충청남도","2"
"2021","남","40","청주","합격","충청북도","46"
"2021","남","50","청주","결시","경상남도","2"
"2021","남","50","청주","결시","충청북도","4"
"2021","남","50","청주","불합격","경상남도","1"
"2021","남","50","청주","불합격","충청북도","6"
"2021","남","50","청주","합격","경상남도","1"
"2021","남","50","청주","합격","경상북도","1"
"2021","남","50","청주","합격","서울특별시","2"
"2021","남","50","청주","합격","세종특별자치시","4"
"2021","남","50","청주","합격","수원","3"
"2021","남","50","청주","합격","인천광역시","1"
"2021","남","50","청주","합격","충청남도","9"
"2021","남","50","청주","합격","충청북도","120"
"2021","남","60","청주","결시","서울특별시","2"
"2021","남","60","청주","결시","충청남도","2"
"2021","남","60","청주","결시","충청북도","20"
"2021","남","60","청주","불합격","서울특별시","2"
"2021","남","60","청주","불합격","의정부","1"
"2021","남","60","청주","불합격","충청북도","23"
"2021","남","60","청주","합격","강원특별자치도","1"
"2021","남","60","청주","합격","서울특별시","2"
"2021","남","60","청주","합격","세종특별자치시","1"
"2021","남","60","청주","합격","수원","2"
"2021","남","60","청주","합격","의정부","2"
"2021","남","60","청주","합격","충청남도","3"
"2021","남","60","청주","합격","충청북도","238"
"2021","남","70","청주","불합격","충청북도","15"
"2021","남","70","청주","합격","충청남도","2"
"2021","남","70","청주","합격","충청북도","38"
"2021","남","80","청주","결시","충청북도","1"
"2021","남","80","청주","불합격","충청북도","2"
"2021","남","80","청주","합격","충청북도","2"
"2021","여","20","청주","결시","충청북도","6"
"2021","여","20","청주","불합격","충청북도","1"
"2021","여","20","청주","합격","서울특별시","1"
"2021","여","20","청주","합격","세종특별자치시","5"
"2021","여","20","청주","합격","충청남도","2"
"2021","여","20","청주","합격","충청북도","41"
"2021","여","30","청주","결시","충청북도","6"
"2021","여","30","청주","불합격","충청북도","18"
"2021","여","30","청주","합격","강원특별자치도","1"
"2021","여","30","청주","합격","경상남도","1"
"2021","여","30","청주","합격","광주광역시","1"
"2021","여","30","청주","합격","대전광역시","1"
"2021","여","30","청주","합격","서울특별시","1"
"2021","여","30","청주","합격","세종특별자치시","13"
"2021","여","30","청주","합격","수원","4"
"2021","여","30","청주","합격","충청남도","3"
"2021","여","30","청주","합격","충청북도","172"
"2021","여","40","청주","결시","수원","1"
"2021","여","40","청주","결시","충청북도","30"
"2021","여","40","청주","불합격","세종특별자치시","1"
"2021","여","40","청주","불합격","수원","1"
"2021","여","40","청주","불합격","전북특별자치도","1"
"2021","여","40","청주","불합격","충청남도","1"
"2021","여","40","청주","불합격","충청북도","45"
"2021","여","40","청주","합격","강원특별자치도","2"
"2021","여","40","청주","합격","경상남도","3"
"2021","여","40","청주","합격","경상북도","1"
"2021","여","40","청주","합격","기타","1"
"2021","여","40","청주","합격","대전광역시","1"
"2021","여","40","청주","합격","부산광역시","1"
"2021","여","40","청주","합격","서울특별시","5"
"2021","여","40","청주","합격","세종특별자치시","40"
"2021","여","40","청주","합격","수원","7"
"2021","여","40","청주","합격","의정부","1"
"2021","여","40","청주","합격","전라남도","1"
"2021","여","40","청주","합격","충청남도","12"
"2021","여","40","청주","합격","충청북도","1052"
"2021","여","50","청주","결시","대전광역시","1"
"2021","여","50","청주","결시","수원","1"
"2021","여","50","청주","결시","충청남도","2"
"2021","여","50","청주","결시","충청북도","62"
"2021","여","50","청주","불합격","강원특별자치도","1"
"2021","여","50","청주","불합격","기타","1"
"2021","여","50","청주","불합격","대전광역시","1"
"2021","여","50","청주","불합격","세종특별자치시","6"
"2021","여","50","청주","불합격","전라남도","1"
"2021","여","50","청주","불합격","충청남도","4"
"2021","여","50","청주","불합격","충청북도","134"
"2021","여","50","청주","합격","강원특별자치도","6"
"2021","여","50","청주","합격","경상남도","1"
"2021","여","50","청주","합격","기타","1"
"2021","여","50","청주","합격","대전광역시","1"
"2021","여","50","청주","합격","서울특별시","7"
"2021","여","50","청주","합격","세종특별자치시","46"
"2021","여","50","청주","합격","수원","12"
"2021","여","50","청주","합격","전라남도","1"
"2021","여","50","청주","합격","충청남도","24"
"2021","여","50","청주","합격","충청북도","1888"
"2021","여","60","청주","결시","서울특별시","2"
"2021","여","60","청주","결시","세종특별자치시","2"
"2021","여","60","청주","결시","충청남도","2"
"2021","여","60","청주","결시","충청북도","77"
"2021","여","60","청주","불합격","대전광역시","1"
"2021","여","60","청주","불합격","서울특별시","1"
"2021","여","60","청주","불합격","세종특별자치시","3"
"2021","여","60","청주","불합격","수원","8"
"2021","여","60","청주","불합격","충청남도","2"
"2021","여","60","청주","불합격","충청북도","231"
"2021","여","60","청주","합격","경상남도","1"
"2021","여","60","청주","합격","대전광역시","3"
"2021","여","60","청주","합격","부산광역시","1"
"2021","여","60","청주","합격","서울특별시","1"
"2021","여","60","청주","합격","세종특별자치시","14"
"2021","여","60","청주","합격","수원","6"
"2021","여","60","청주","합격","의정부","1"
"2021","여","60","청주","합격","충청남도","14"
"2021","여","60","청주","합격","충청북도","1283"
"2021","여","70","청주","결시","충청남도","1"
"2021","여","70","청주","결시","충청북도","18"
"2021","여","70","청주","불합격","충청남도","1"
"2021","여","70","청주","불합격","충청북도","39"
"2021","여","70","청주","합격","서울특별시","1"
"2021","여","70","청주","합격","충청북도","97"
"2021","여","80","청주","불합격","충청북도","1"
"2021","여","80","청주","합격","충청북도","1"
"2021","남","10","춘천","불합격","의정부","4"
"2021","남","10","춘천","합격","의정부","2"
"2021","남","20","춘천","결시","강원특별자치도","5"
"2021","남","20","춘천","결시","의정부","1"
"2021","남","20","춘천","불합격","강원특별자치도","7"
"2021","남","20","춘천","불합격","의정부","12"
"2021","남","20","춘천","합격","강원특별자치도","21"
"2021","남","20","춘천","합격","경상북도","1"
"2021","남","20","춘천","합격","세종특별자치시","1"
"2021","남","20","춘천","합격","의정부","3"
"2021","남","30","춘천","결시","강원특별자치도","2"
"2021","남","30","춘천","불합격","강원특별자치도","8"
"2021","남","30","춘천","합격","강원특별자치도","21"
"2021","남","30","춘천","합격","경상북도","1"
"2021","남","30","춘천","합격","의정부","2"
"2021","남","40","춘천","결시","강원특별자치도","6"
"2021","남","40","춘천","결시","서울특별시","1"
"2021","남","40","춘천","불합격","강원특별자치도","2"
"2021","남","40","춘천","불합격","의정부","4"
"2021","남","40","춘천","합격","강원특별자치도","71"
"2021","남","40","춘천","합격","대전광역시","1"
"2021","남","40","춘천","합격","서울특별시","3"
"2021","남","40","춘천","합격","의정부","4"
"2021","남","50","춘천","결시","강원특별자치도","8"
"2021","남","50","춘천","결시","서울특별시","1"
"2021","남","50","춘천","불합격","강원특별자치도","9"
"2021","남","50","춘천","합격","강원특별자치도","183"
"2021","남","50","춘천","합격","경상남도","1"
"2021","남","50","춘천","합격","광주광역시","1"
"2021","남","50","춘천","합격","서울특별시","3"
"2021","남","50","춘천","합격","수원","1"
"2021","남","50","춘천","합격","의정부","8"
"2021","남","60","춘천","결시","강원특별자치도","8"
"2021","남","60","춘천","결시","의정부","1"
"2021","남","60","춘천","불합격","강원특별자치도","29"
"2021","남","60","춘천","합격","강원특별자치도","326"
"2021","남","60","춘천","합격","서울특별시","2"
"2021","남","60","춘천","합격","의정부","6"
"2021","남","70","춘천","결시","강원특별자치도","3"
"2021","남","70","춘천","불합격","강원특별자치도","11"
"2021","남","70","춘천","합격","강원특별자치도","59"
"2021","남","70","춘천","합격","의정부","1"
"2021","남","80","춘천","불합격","강원특별자치도","3"
"2021","남","80","춘천","합격","강원특별자치도","2"
"2021","남","80","춘천","합격","의정부","1"
"2021","여","10","춘천","불합격","의정부","3"
"2021","여","10","춘천","합격","의정부","1"
"2021","여","20","춘천","결시","강원특별자치도","7"
"2021","여","20","춘천","결시","의정부","1"
"2021","여","20","춘천","불합격","강원특별자치도","13"
"2021","여","20","춘천","불합격","의정부","2"
"2021","여","20","춘천","합격","강원특별자치도","63"
"2021","여","20","춘천","합격","서울특별시","1"
"2021","여","20","춘천","합격","수원","2"
"2021","여","20","춘천","합격","의정부","2"
"2021","여","30","춘천","결시","강원특별자치도","19"
"2021","여","30","춘천","결시","충청남도","2"
"2021","여","30","춘천","불합격","강원특별자치도","46"
"2021","여","30","춘천","합격","강원특별자치도","240"
"2021","여","30","춘천","합격","광주광역시","1"
"2021","여","30","춘천","합격","서울특별시","3"
"2021","여","30","춘천","합격","수원","2"
"2021","여","30","춘천","합격","의정부","7"
"2021","여","30","춘천","합격","전북특별자치도","1"
"2021","여","30","춘천","합격","충청남도","1"
"2021","여","30","춘천","합격","충청북도","2"
"2021","여","40","춘천","결시","강원특별자치도","51"
"2021","여","40","춘천","결시","의정부","2"
"2021","여","40","춘천","불합격","강원특별자치도","57"
"2021","여","40","춘천","불합격","의정부","2"
"2021","여","40","춘천","합격","강원특별자치도","1286"
"2021","여","40","춘천","합격","경상남도","2"
"2021","여","40","춘천","합격","광주광역시","1"
"2021","여","40","춘천","합격","대전광역시","1"
"2021","여","40","춘천","합격","서울특별시","10"
"2021","여","40","춘천","합격","수원","5"
"2021","여","40","춘천","합격","의정부","21"
"2021","여","40","춘천","합격","전라남도","1"
"2021","여","40","춘천","합격","전북특별자치도","1"
"2021","여","50","춘천","결시","강원특별자치도","81"
"2021","여","50","춘천","결시","서울특별시","3"
"2021","여","50","춘천","결시","의정부","3"
"2021","여","50","춘천","불합격","강원특별자치도","119"
"2021","여","50","춘천","불합격","서울특별시","1"
"2021","여","50","춘천","불합격","의정부","6"
"2021","여","50","춘천","합격","강원특별자치도","2279"
"2021","여","50","춘천","합격","경상남도","2"
"2021","여","50","춘천","합격","서울특별시","7"
"2021","여","50","춘천","합격","수원","4"
"2021","여","50","춘천","합격","의정부","45"
"2021","여","60","춘천","결시","강원특별자치도","64"
"2021","여","60","춘천","결시","수원","3"
"2021","여","60","춘천","결시","의정부","1"
"2021","여","60","춘천","불합격","강원특별자치도","232"
"2021","여","60","춘천","불합격","수원","2"
"2021","여","60","춘천","불합격","의정부","13"
"2021","여","60","춘천","합격","강원특별자치도","1581"
"2021","여","60","춘천","합격","경상남도","2"
"2021","여","60","춘천","합격","부산광역시","1"
"2021","여","60","춘천","합격","서울특별시","1"
"2021","여","60","춘천","합격","수원","3"
"2021","여","60","춘천","합격","의정부","54"
"2021","여","60","춘천","합격","전북특별자치도","1"
"2021","여","60","춘천","합격","제주특별자치도","1"
"2021","여","70","춘천","결시","강원특별자치도","15"
"2021","여","70","춘천","불합격","강원특별자치도","58"
"2021","여","70","춘천","불합격","의정부","4"
"2021","여","70","춘천","합격","강원특별자치도","129"
"2021","여","70","춘천","합격","서울특별시","1"
"2021","여","70","춘천","합격","의정부","9"
"2021","여","80","춘천","불합격","강원특별자치도","3"
"2021","여","80","춘천","합격","강원특별자치도","2"
"2021","남","10","홍성(충남)","불합격","충청남도","1"
"2021","남","20","홍성(충남)","불합격","충청남도","2"
"2021","남","20","홍성(충남)","합격","충청남도","17"
"2021","남","30","홍성(충남)","결시","충청남도","4"
"2021","남","30","홍성(충남)","불합격","수원","1"
"2021","남","30","홍성(충남)","불합격","충청남도","11"
"2021","남","30","홍성(충남)","합격","광주광역시","1"
"2021","남","30","홍성(충남)","합격","서울특별시","1"
"2021","남","30","홍성(충남)","합격","충청남도","20"
"2021","남","40","홍성(충남)","결시","경상남도","1"
"2021","남","40","홍성(충남)","결시","수원","1"
"2021","남","40","홍성(충남)","결시","충청남도","4"
"2021","남","40","홍성(충남)","불합격","충청남도","7"
"2021","남","40","홍성(충남)","합격","경상남도","1"
"2021","남","40","홍성(충남)","합격","충청남도","98"
"2021","남","50","홍성(충남)","결시","충청남도","10"
"2021","남","50","홍성(충남)","불합격","서울특별시","1"
"2021","남","50","홍성(충남)","불합격","수원","1"
"2021","남","50","홍성(충남)","불합격","충청남도","16"
"2021","남","50","홍성(충남)","합격","수원","3"
"2021","남","50","홍성(충남)","합격","충청남도","208"
"2021","남","60","홍성(충남)","결시","충청남도","20"
"2021","남","60","홍성(충남)","불합격","충청남도","28"
"2021","남","60","홍성(충남)","합격","서울특별시","1"
"2021","남","60","홍성(충남)","합격","세종특별자치시","1"
"2021","남","60","홍성(충남)","합격","수원","1"
"2021","남","60","홍성(충남)","합격","의정부","1"
"2021","남","60","홍성(충남)","합격","전라남도","2"
"2021","남","60","홍성(충남)","합격","충청남도","354"
"2021","남","70","홍성(충남)","결시","충청남도","6"
"2021","남","70","홍성(충남)","불합격","충청남도","25"
"2021","남","70","홍성(충남)","합격","전라남도","1"
"2021","남","70","홍성(충남)","합격","충청남도","100"
"2021","남","80","홍성(충남)","결시","충청남도","3"
"2021","남","80","홍성(충남)","불합격","충청남도","17"
"2021","남","80","홍성(충남)","합격","충청남도","11"
"2021","여","10","홍성(충남)","합격","충청남도","4"
"2021","여","20","홍성(충남)","결시","수원","1"
"2021","여","20","홍성(충남)","결시","충청남도","4"
"2021","여","20","홍성(충남)","불합격","충청남도","12"
"2021","여","20","홍성(충남)","합격","수원","1"
"2021","여","20","홍성(충남)","합격","의정부","1"
"2021","여","20","홍성(충남)","합격","충청남도","69"
"2021","여","30","홍성(충남)","결시","충청남도","16"
"2021","여","30","홍성(충남)","불합격","충청남도","29"
"2021","여","30","홍성(충남)","합격","서울특별시","3"
"2021","여","30","홍성(충남)","합격","세종특별자치시","1"
"2021","여","30","홍성(충남)","합격","수원","1"
"2021","여","30","홍성(충남)","합격","충청남도","302"
"2021","여","30","홍성(충남)","합격","충청북도","1"
"2021","여","40","홍성(충남)","결시","수원","1"
"2021","여","40","홍성(충남)","결시","충청남도","42"
"2021","여","40","홍성(충남)","불합격","충청남도","90"
"2021","여","40","홍성(충남)","합격","경상남도","1"
"2021","여","40","홍성(충남)","합격","광주광역시","1"
"2021","여","40","홍성(충남)","합격","대구광역시","1"
"2021","여","40","홍성(충남)","합격","서울특별시","4"
"2021","여","40","홍성(충남)","합격","세종특별자치시","3"
"2021","여","40","홍성(충남)","합격","수원","7"
"2021","여","40","홍성(충남)","합격","충청남도","1415"
"2021","여","50","홍성(충남)","결시","수원","3"
"2021","여","50","홍성(충남)","결시","인천광역시","1"
"2021","여","50","홍성(충남)","결시","충청남도","81"
"2021","여","50","홍성(충남)","불합격","전라남도","1"
"2021","여","50","홍성(충남)","불합격","충청남도","129"
"2021","여","50","홍성(충남)","합격","경상남도","1"
"2021","여","50","홍성(충남)","합격","서울특별시","3"
"2021","여","50","홍성(충남)","합격","세종특별자치시","1"
"2021","여","50","홍성(충남)","합격","수원","9"
"2021","여","50","홍성(충남)","합격","의정부","1"
"2021","여","50","홍성(충남)","합격","인천광역시","1"
"2021","여","50","홍성(충남)","합격","전라남도","3"
"2021","여","50","홍성(충남)","합격","충청남도","2034"
"2021","여","60","홍성(충남)","결시","충청남도","64"
"2021","여","60","홍성(충남)","불합격","서울특별시","2"
"2021","여","60","홍성(충남)","불합격","충청남도","264"
"2021","여","60","홍성(충남)","합격","서울특별시","1"
"2021","여","60","홍성(충남)","합격","수원","2"
"2021","여","60","홍성(충남)","합격","의정부","1"
"2021","여","60","홍성(충남)","합격","충청남도","1349"
"2021","여","70","홍성(충남)","결시","충청남도","21"
"2021","여","70","홍성(충남)","불합격","서울특별시","3"
"2021","여","70","홍성(충남)","불합격","충청남도","81"
"2021","여","70","홍성(충남)","합격","충청남도","163"
"2021","여","80","홍성(충남)","결시","충청남도","3"
"2021","여","80","홍성(충남)","불합격","충청남도","4"
"2021","여","80","홍성(충남)","합격","충청남도","3"
"2022","남","10","""수원","화성""","불합격","1"
"2022","남","10","""수원","화성""","합격","1"
"2022","남","20","""수원","화성""","결시","11"
"2022","남","20","""수원","화성""","불합격","34"
"2022","남","20","""수원","화성""","합격","103"
"2022","남","30","""수원","화성""","결시","25"
"2022","남","30","""수원","화성""","불합격","34"
"2022","남","30","""수원","화성""","합격","174"
"2022","남","40","""수원","화성""","결시","18"
"2022","남","40","""수원","화성""","불합격","43"
"2022","남","40","""수원","화성""","합격","423"
"2022","남","50","""수원","화성""","결시","65"
"2022","남","50","""수원","화성""","불합격","76"
"2022","남","50","""수원","화성""","합격","1099"
"2022","남","60","""수원","화성""","결시","70"
"2022","남","60","""수원","화성""","불합격","195"
"2022","남","60","""수원","화성""","응시결격","1"
"2022","남","60","""수원","화성""","합격","2062"
"2022","남","70","""수원","화성""","결시","21"
"2022","남","70","""수원","화성""","불합격","89"
"2022","남","70","""수원","화성""","합격","508"
"2022","남","80","""수원","화성""","결시","6"
"2022","남","80","""수원","화성""","불합격","36"
"2022","남","80","""수원","화성""","합격","59"
"2022","여","10","""수원","화성""","결시","1"
"2022","여","10","""수원","화성""","합격","4"
"2022","여","20","""수원","화성""","결시","29"
"2022","여","20","""수원","화성""","불합격","34"
"2022","여","20","""수원","화성""","응시결격","2"
"2022","여","20","""수원","화성""","합격","321"
"2022","여","30","""수원","화성""","결시","55"
"2022","여","30","""수원","화성""","불합격","122"
"2022","여","30","""수원","화성""","응시결격","1"
"2022","여","30","""수원","화성""","합격","1633"
"2022","여","40","""수원","화성""","결시","269"
"2022","여","40","""수원","화성""","불합격","308"
"2022","여","40","""수원","화성""","응시결격","6"
"2022","여","40","""수원","화성""","합격","8079"
"2022","여","50","""수원","화성""","결시","454"
"2022","여","50","""수원","화성""","불합격","681"
"2022","여","50","""수원","화성""","응시결격","7"
"2022","여","50","""수원","화성""","합격","14651"
"2022","여","60","""수원","화성""","결시","364"
"2022","여","60","""수원","화성""","발표보류","1"
"2022","여","60","""수원","화성""","불합격","1216"
"2022","여","60","""수원","화성""","응시결격","2"
"2022","여","60","""수원","화성""","합격","9501"
"2022","여","70","""수원","화성""","결시","74"
"2022","여","70","""수원","화성""","불합격","312"
"2022","여","70","""수원","화성""","합격","1132"
"2022","여","80","""수원","화성""","결시","5"
"2022","여","80","""수원","화성""","불합격","17"
"2022","여","80","""수원","화성""","합격","27"
"2022","남","20","""의정부","양주""","결시","10"
"2022","남","20","""의정부","양주""","불합격","27"
"2022","남","20","""의정부","양주""","합격","53"
"2022","남","30","""의정부","양주""","결시","8"
"2022","남","30","""의정부","양주""","불합격","29"
"2022","남","30","""의정부","양주""","합격","86"
"2022","남","40","""의정부","양주""","결시","30"
"2022","남","40","""의정부","양주""","불합격","35"
"2022","남","40","""의정부","양주""","합격","233"
"2022","남","50","""의정부","양주""","결시","32"
"2022","남","50","""의정부","양주""","불합격","49"
"2022","남","50","""의정부","양주""","합격","650"
"2022","남","60","""의정부","양주""","결시","43"
"2022","남","60","""의정부","양주""","불합격","102"
"2022","남","60","""의정부","양주""","합격","1195"
"2022","남","70","""의정부","양주""","결시","10"
"2022","남","70","""의정부","양주""","불합격","88"
"2022","남","70","""의정부","양주""","합격","292"
"2022","남","80","""의정부","양주""","결시","7"
"2022","남","80","""의정부","양주""","불합격","33"
"2022","남","80","""의정부","양주""","합격","37"
"2022","여","10","""의정부","양주""","합격","2"
"2022","여","20","""의정부","양주""","결시","15"
"2022","여","20","""의정부","양주""","불합격","28"
"2022","여","20","""의정부","양주""","합격","160"
"2022","여","30","""의정부","양주""","결시","39"
"2022","여","30","""의정부","양주""","불합격","69"
"2022","여","30","""의정부","양주""","합격","741"
"2022","여","40","""의정부","양주""","결시","139"
"2022","여","40","""의정부","양주""","불합격","134"
"2022","여","40","""의정부","양주""","응시결격","3"
"2022","여","40","""의정부","양주""","합격","3756"
"2022","여","50","""의정부","양주""","결시","240"
"2022","여","50","""의정부","양주""","불합격","362"
"2022","여","50","""의정부","양주""","응시결격","5"
"2022","여","50","""의정부","양주""","합격","7102"
"2022","여","60","""의정부","양주""","결시","197"
"2022","여","60","""의정부","양주""","불합격","686"
"2022","여","60","""의정부","양주""","합격","5047"
"2022","여","70","""의정부","양주""","결시","42"
"2022","여","70","""의정부","양주""","불합격","221"
"2022","여","70","""의정부","양주""","합격","669"
"2022","여","80","""의정부","양주""","결시","3"
"2022","여","80","""의정부","양주""","불합격","15"
"2022","여","80","""의정부","양주""","합격","15"
"2022","남","10","광주광역시","결시","전북특별자치도","1"
"2022","남","10","광주광역시","합격","전라남도","1"
"2022","남","20","광주광역시","결시","광주광역시","5"
"2022","남","20","광주광역시","결시","전라남도","3"
"2022","남","20","광주광역시","결시","전북특별자치도","1"
"2022","남","20","광주광역시","불합격","광주광역시","17"
"2022","남","20","광주광역시","불합격","서울특별시","1"
"2022","남","20","광주광역시","불합격","전라남도","6"
"2022","남","20","광주광역시","합격","광주광역시","34"
"2022","남","20","광주광역시","합격","서울특별시","2"
"2022","남","20","광주광역시","합격","전라남도","9"
"2022","남","30","광주광역시","결시","광주광역시","9"
"2022","남","30","광주광역시","결시","전라남도","5"
"2022","남","30","광주광역시","불합격","광주광역시","16"
"2022","남","30","광주광역시","불합격","전라남도","5"
"2022","남","30","광주광역시","불합격","충청남도","4"
"2022","남","30","광주광역시","합격","광주광역시","74"
"2022","남","30","광주광역시","합격","수원","1"
"2022","남","30","광주광역시","합격","전라남도","28"
"2022","남","30","광주광역시","합격","전북특별자치도","2"
"2022","남","40","광주광역시","결시","광주광역시","20"
"2022","남","40","광주광역시","결시","수원","1"
"2022","남","40","광주광역시","결시","전라남도","12"
"2022","남","40","광주광역시","불합격","광주광역시","43"
"2022","남","40","광주광역시","불합격","기타","1"
"2022","남","40","광주광역시","불합격","수원","2"
"2022","남","40","광주광역시","불합격","전라남도","21"
"2022","남","40","광주광역시","합격","광주광역시","179"
"2022","남","40","광주광역시","합격","대전광역시","1"
"2022","남","40","광주광역시","합격","서울특별시","1"
"2022","남","40","광주광역시","합격","수원","2"
"2022","남","40","광주광역시","합격","전라남도","76"
"2022","남","40","광주광역시","합격","전북특별자치도","3"
"2022","남","50","광주광역시","결시","광주광역시","48"
"2022","남","50","광주광역시","결시","기타","1"
"2022","남","50","광주광역시","결시","세종특별자치시","1"
"2022","남","50","광주광역시","결시","전라남도","21"
"2022","남","50","광주광역시","결시","전북특별자치도","1"
"2022","남","50","광주광역시","불합격","광주광역시","71"
"2022","남","50","광주광역시","불합격","전라남도","21"
"2022","남","50","광주광역시","불합격","전북특별자치도","1"
"2022","남","50","광주광역시","합격","경상남도","2"
"2022","남","50","광주광역시","합격","광주광역시","443"
"2022","남","50","광주광역시","합격","서울특별시","3"
"2022","남","50","광주광역시","합격","의정부","3"
"2022","남","50","광주광역시","합격","전라남도","196"
"2022","남","50","광주광역시","합격","전북특별자치도","17"
"2022","남","60","광주광역시","결시","광주광역시","48"
"2022","남","60","광주광역시","결시","서울특별시","1"
"2022","남","60","광주광역시","결시","의정부","2"
"2022","남","60","광주광역시","결시","전라남도","19"
"2022","남","60","광주광역시","결시","전북특별자치도","5"
"2022","남","60","광주광역시","불합격","광주광역시","118"
"2022","남","60","광주광역시","불합격","전라남도","55"
"2022","남","60","광주광역시","불합격","전북특별자치도","3"
"2022","남","60","광주광역시","합격","경상남도","1"
"2022","남","60","광주광역시","합격","광주광역시","756"
"2022","남","60","광주광역시","합격","대전광역시","1"
"2022","남","60","광주광역시","합격","서울특별시","3"
"2022","남","60","광주광역시","합격","수원","5"
"2022","남","60","광주광역시","합격","전라남도","268"
"2022","남","60","광주광역시","합격","전북특별자치도","22"
"2022","남","70","광주광역시","결시","광주광역시","8"
"2022","남","70","광주광역시","결시","서울특별시","1"
"2022","남","70","광주광역시","결시","전라남도","8"
"2022","남","70","광주광역시","결시","전북특별자치도","1"
"2022","남","70","광주광역시","불합격","광주광역시","35"
"2022","남","70","광주광역시","불합격","전라남도","16"
"2022","남","70","광주광역시","불합격","전북특별자치도","1"
"2022","남","70","광주광역시","합격","경상남도","1"
"2022","남","70","광주광역시","합격","광주광역시","182"
"2022","남","70","광주광역시","합격","서울특별시","1"
"2022","남","70","광주광역시","합격","전라남도","59"
"2022","남","70","광주광역시","합격","전북특별자치도","8"
"2022","남","80","광주광역시","결시","광주광역시","4"
"2022","남","80","광주광역시","결시","전라남도","1"
"2022","남","80","광주광역시","결시","전북특별자치도","2"
"2022","남","80","광주광역시","불합격","광주광역시","19"
"2022","남","80","광주광역시","불합격","전라남도","13"
"2022","남","80","광주광역시","불합격","전북특별자치도","2"
"2022","남","80","광주광역시","합격","광주광역시","28"
"2022","남","80","광주광역시","합격","전라남도","7"
"2022","남","80","광주광역시","합격","전북특별자치도","1"
"2022","남","90","광주광역시","불합격","광주광역시","1"
"2022","여","10","광주광역시","불합격","광주광역시","1"
"2022","여","10","광주광역시","불합격","전라남도","1"
"2022","여","20","광주광역시","결시","광주광역시","11"
"2022","여","20","광주광역시","결시","기타","1"
"2022","여","20","광주광역시","결시","서울특별시","3"
"2022","여","20","광주광역시","결시","전라남도","8"
"2022","여","20","광주광역시","불합격","광주광역시","25"
"2022","여","20","광주광역시","불합격","수원","1"
"2022","여","20","광주광역시","불합격","전라남도","8"
"2022","여","20","광주광역시","합격","광주광역시","163"
"2022","여","20","광주광역시","합격","서울특별시","4"
"2022","여","20","광주광역시","합격","전라남도","56"
"2022","여","20","광주광역시","합격","전북특별자치도","3"
"2022","여","20","광주광역시","합격","충청남도","1"
"2022","여","30","광주광역시","결시","광주광역시","31"
"2022","여","30","광주광역시","결시","기타","2"
"2022","여","30","광주광역시","결시","서울특별시","1"
"2022","여","30","광주광역시","결시","수원","1"
"2022","여","30","광주광역시","결시","전라남도","19"
"2022","여","30","광주광역시","결시","전북특별자치도","3"
"2022","여","30","광주광역시","불합격","광주광역시","71"
"2022","여","30","광주광역시","불합격","수원","1"
"2022","여","30","광주광역시","불합격","전라남도","39"
"2022","여","30","광주광역시","불합격","전북특별자치도","13"
"2022","여","30","광주광역시","불합격","충청남도","1"
"2022","여","30","광주광역시","응시결격","전라남도","1"
"2022","여","30","광주광역시","합격","경상남도","2"
"2022","여","30","광주광역시","합격","광주광역시","631"
"2022","여","30","광주광역시","합격","대전광역시","2"
"2022","여","30","광주광역시","합격","서울특별시","7"
"2022","여","30","광주광역시","합격","수원","5"
"2022","여","30","광주광역시","합격","의정부","2"
"2022","여","30","광주광역시","합격","전라남도","251"
"2022","여","30","광주광역시","합격","전북특별자치도","10"
"2022","여","30","광주광역시","합격","충청남도","1"
"2022","여","40","광주광역시","결시","경상남도","1"
"2022","여","40","광주광역시","결시","광주광역시","155"
"2022","여","40","광주광역시","결시","울산광역시","1"
"2022","여","40","광주광역시","결시","전라남도","59"
"2022","여","40","광주광역시","결시","전북특별자치도","4"
"2022","여","40","광주광역시","불합격","경상남도","1"
"2022","여","40","광주광역시","불합격","광주광역시","218"
"2022","여","40","광주광역시","불합격","대전광역시","1"
"2022","여","40","광주광역시","불합격","서울특별시","2"
"2022","여","40","광주광역시","불합격","수원","1"
"2022","여","40","광주광역시","불합격","의정부","1"
"2022","여","40","광주광역시","불합격","전라남도","79"
"2022","여","40","광주광역시","불합격","전북특별자치도","10"
"2022","여","40","광주광역시","응시결격","전라남도","2"
"2022","여","40","광주광역시","합격","경상남도","2"
"2022","여","40","광주광역시","합격","광주광역시","2673"
"2022","여","40","광주광역시","합격","대전광역시","8"
"2022","여","40","광주광역시","합격","서울특별시","15"
"2022","여","40","광주광역시","합격","세종특별자치시","1"
"2022","여","40","광주광역시","합격","수원","22"
"2022","여","40","광주광역시","합격","의정부","3"
"2022","여","40","광주광역시","합격","인천광역시","1"
"2022","여","40","광주광역시","합격","전라남도","849"
"2022","여","40","광주광역시","합격","전북특별자치도","49"
"2022","여","40","광주광역시","합격","충청북도","1"
"2022","여","50","광주광역시","결시","경상남도","1"
"2022","여","50","광주광역시","결시","광주광역시","249"
"2022","여","50","광주광역시","결시","기타","1"
"2022","여","50","광주광역시","결시","서울특별시","2"
"2022","여","50","광주광역시","결시","수원","5"
"2022","여","50","광주광역시","결시","전라남도","107"
"2022","여","50","광주광역시","결시","전북특별자치도","4"
"2022","여","50","광주광역시","불합격","경상남도","1"
"2022","여","50","광주광역시","불합격","광주광역시","384"
"2022","여","50","광주광역시","불합격","서울특별시","1"
"2022","여","50","광주광역시","불합격","수원","3"
"2022","여","50","광주광역시","불합격","전라남도","137"
"2022","여","50","광주광역시","불합격","전북특별자치도","15"
"2022","여","50","광주광역시","응시결격","전라남도","1"
"2022","여","50","광주광역시","합격","강원특별자치도","1"
"2022","여","50","광주광역시","합격","경상남도","6"
"2022","여","50","광주광역시","합격","광주광역시","4100"
"2022","여","50","광주광역시","합격","대전광역시","3"
"2022","여","50","광주광역시","합격","서울특별시","12"
"2022","여","50","광주광역시","합격","세종특별자치시","2"
"2022","여","50","광주광역시","합격","수원","16"
"2022","여","50","광주광역시","합격","인천광역시","2"
"2022","여","50","광주광역시","합격","전라남도","1224"
"2022","여","50","광주광역시","합격","전북특별자치도","70"
"2022","여","50","광주광역시","합격","제주특별자치도","1"
"2022","여","50","광주광역시","합격","충청남도","1"
"2022","여","60","광주광역시","결시","경상남도","1"
"2022","여","60","광주광역시","결시","광주광역시","199"
"2022","여","60","광주광역시","결시","기타","1"
"2022","여","60","광주광역시","결시","서울특별시","1"
"2022","여","60","광주광역시","결시","전라남도","65"
"2022","여","60","광주광역시","결시","전북특별자치도","15"
"2022","여","60","광주광역시","불합격","강원특별자치도","1"
"2022","여","60","광주광역시","불합격","경상남도","1"
"2022","여","60","광주광역시","불합격","광주광역시","558"
"2022","여","60","광주광역시","불합격","대전광역시","1"
"2022","여","60","광주광역시","불합격","수원","1"
"2022","여","60","광주광역시","불합격","전라남도","187"
"2022","여","60","광주광역시","불합격","전북특별자치도","23"
"2022","여","60","광주광역시","합격","강원특별자치도","1"
"2022","여","60","광주광역시","합격","경상남도","1"
"2022","여","60","광주광역시","합격","광주광역시","2261"
"2022","여","60","광주광역시","합격","대전광역시","4"
"2022","여","60","광주광역시","합격","서울특별시","6"
"2022","여","60","광주광역시","합격","수원","4"
"2022","여","60","광주광역시","합격","의정부","1"
"2022","여","60","광주광역시","합격","전라남도","655"
"2022","여","60","광주광역시","합격","전북특별자치도","57"
"2022","여","60","광주광역시","합격","충청남도","1"
"2022","여","70","광주광역시","결시","광주광역시","41"
"2022","여","70","광주광역시","결시","기타","1"
"2022","여","70","광주광역시","결시","전라남도","13"
"2022","여","70","광주광역시","불합격","광주광역시","164"
"2022","여","70","광주광역시","불합격","전라남도","53"
"2022","여","70","광주광역시","불합격","전북특별자치도","9"
"2022","여","70","광주광역시","합격","광주광역시","270"
"2022","여","70","광주광역시","합격","대전광역시","1"
"2022","여","70","광주광역시","합격","수원","1"
"2022","여","70","광주광역시","합격","전라남도","97"
"2022","여","70","광주광역시","합격","전북특별자치도","9"
"2022","여","80","광주광역시","결시","광주광역시","1"
"2022","여","80","광주광역시","불합격","광주광역시","12"
"2022","여","80","광주광역시","불합격","전라남도","3"
"2022","여","80","광주광역시","합격","광주광역시","5"
"2022","남","20","대구광역시","결시","경상북도","1"
"2022","남","20","대구광역시","결시","대구광역시","1"
"2022","남","20","대구광역시","불합격","경상남도","1"
"2022","남","20","대구광역시","불합격","경상북도","8"
"2022","남","20","대구광역시","불합격","대구광역시","8"
"2022","남","20","대구광역시","불합격","전라남도","2"
"2022","남","20","대구광역시","합격","경상남도","2"
"2022","남","20","대구광역시","합격","경상북도","24"
"2022","남","20","대구광역시","합격","대구광역시","26"
"2022","남","20","대구광역시","합격","충청남도","1"
"2022","남","30","대구광역시","결시","경상북도","5"
"2022","남","30","대구광역시","결시","대구광역시","2"
"2022","남","30","대구광역시","불합격","경상북도","5"
"2022","남","30","대구광역시","불합격","대구광역시","6"
"2022","남","30","대구광역시","불합격","충청남도","1"
"2022","남","30","대구광역시","합격","경상남도","5"
"2022","남","30","대구광역시","합격","경상북도","25"
"2022","남","30","대구광역시","합격","대구광역시","45"
"2022","남","30","대구광역시","합격","서울특별시","2"
"2022","남","30","대구광역시","합격","수원","1"
"2022","남","30","대구광역시","합격","전라남도","1"
"2022","남","40","대구광역시","결시","경상남도","5"
"2022","남","40","대구광역시","결시","경상북도","9"
"2022","남","40","대구광역시","결시","기타","1"
"2022","남","40","대구광역시","결시","대구광역시","3"
"2022","남","40","대구광역시","결시","대전광역시","1"
"2022","남","40","대구광역시","결시","서울특별시","1"
"2022","남","40","대구광역시","불합격","경상남도","5"
"2022","남","40","대구광역시","불합격","경상북도","9"
"2022","남","40","대구광역시","불합격","대구광역시","8"
"2022","남","40","대구광역시","불합격","서울특별시","1"
"2022","남","40","대구광역시","합격","경상남도","18"
"2022","남","40","대구광역시","합격","경상북도","87"
"2022","남","40","대구광역시","합격","대구광역시","104"
"2022","남","40","대구광역시","합격","대전광역시","2"
"2022","남","40","대구광역시","합격","서울특별시","4"
"2022","남","40","대구광역시","합격","세종특별자치시","1"
"2022","남","40","대구광역시","합격","수원","2"
"2022","남","40","대구광역시","합격","충청남도","1"
"2022","남","50","대구광역시","결시","경상남도","4"
"2022","남","50","대구광역시","결시","경상북도","11"
"2022","남","50","대구광역시","결시","대구광역시","14"
"2022","남","50","대구광역시","불합격","경상남도","2"
"2022","남","50","대구광역시","불합격","경상북도","9"
"2022","남","50","대구광역시","불합격","대구광역시","11"
"2022","남","50","대구광역시","불합격","서울특별시","2"
"2022","남","50","대구광역시","불합격","수원","1"
"2022","남","50","대구광역시","합격","경상남도","24"
"2022","남","50","대구광역시","합격","경상북도","202"
"2022","남","50","대구광역시","합격","대구광역시","230"
"2022","남","50","대구광역시","합격","대전광역시","1"
"2022","남","50","대구광역시","합격","서울특별시","6"
"2022","남","50","대구광역시","합격","수원","2"
"2022","남","50","대구광역시","합격","의정부","1"
"2022","남","50","대구광역시","합격","전라남도","1"
"2022","남","60","대구광역시","결시","경상남도","3"
"2022","남","60","대구광역시","결시","경상북도","12"
"2022","남","60","대구광역시","결시","대구광역시","9"
"2022","남","60","대구광역시","결시","서울특별시","1"
"2022","남","60","대구광역시","결시","울산광역시","1"
"2022","남","60","대구광역시","결시","전라남도","1"
"2022","남","60","대구광역시","불합격","경상남도","7"
"2022","남","60","대구광역시","불합격","경상북도","30"
"2022","남","60","대구광역시","불합격","대구광역시","23"
"2022","남","60","대구광역시","합격","경상남도","24"
"2022","남","60","대구광역시","합격","경상북도","341"
"2022","남","60","대구광역시","합격","대구광역시","445"
"2022","남","60","대구광역시","합격","대전광역시","1"
"2022","남","60","대구광역시","합격","부산광역시","1"
"2022","남","60","대구광역시","합격","서울특별시","4"
"2022","남","60","대구광역시","합격","수원","2"
"2022","남","60","대구광역시","합격","울산광역시","1"
"2022","남","60","대구광역시","합격","전라남도","3"
"2022","남","70","대구광역시","결시","경상북도","10"
"2022","남","70","대구광역시","결시","대구광역시","10"
"2022","남","70","대구광역시","결시","울산광역시","1"
"2022","남","70","대구광역시","불합격","경상남도","5"
"2022","남","70","대구광역시","불합격","경상북도","21"
"2022","남","70","대구광역시","불합격","대구광역시","16"
"2022","남","70","대구광역시","불합격","서울특별시","3"
"2022","남","70","대구광역시","불합격","수원","1"
"2022","남","70","대구광역시","합격","경상남도","7"
"2022","남","70","대구광역시","합격","경상북도","80"
"2022","남","70","대구광역시","합격","대구광역시","88"
"2022","남","70","대구광역시","합격","서울특별시","1"
"2022","남","80","대구광역시","결시","경상북도","1"
"2022","남","80","대구광역시","결시","기타","1"
"2022","남","80","대구광역시","결시","대구광역시","1"
"2022","남","80","대구광역시","불합격","경상북도","15"
"2022","남","80","대구광역시","불합격","대구광역시","11"
"2022","남","80","대구광역시","합격","경상북도","10"
"2022","남","80","대구광역시","합격","대구광역시","11"
"2022","여","10","대구광역시","합격","대구광역시","1"
"2022","여","20","대구광역시","결시","경상북도","10"
"2022","여","20","대구광역시","결시","대구광역시","6"
"2022","여","20","대구광역시","불합격","경상남도","4"
"2022","여","20","대구광역시","불합격","경상북도","22"
"2022","여","20","대구광역시","불합격","대구광역시","16"
"2022","여","20","대구광역시","합격","경상남도","2"
"2022","여","20","대구광역시","합격","경상북도","55"
"2022","여","20","대구광역시","합격","대구광역시","86"
"2022","여","20","대구광역시","합격","대전광역시","3"
"2022","여","20","대구광역시","합격","부산광역시","1"
"2022","여","20","대구광역시","합격","서울특별시","3"
"2022","여","20","대구광역시","합격","울산광역시","1"
"2022","여","20","대구광역시","합격","충청남도","2"
"2022","여","30","대구광역시","결시","경상남도","2"
"2022","여","30","대구광역시","결시","경상북도","17"
"2022","여","30","대구광역시","결시","대구광역시","7"
"2022","여","30","대구광역시","결시","전라남도","1"
"2022","여","30","대구광역시","불합격","경상남도","10"
"2022","여","30","대구광역시","불합격","경상북도","26"
"2022","여","30","대구광역시","불합격","대구광역시","30"
"2022","여","30","대구광역시","불합격","대전광역시","1"
"2022","여","30","대구광역시","합격","경상남도","36"
"2022","여","30","대구광역시","합격","경상북도","306"
"2022","여","30","대구광역시","합격","대구광역시","234"
"2022","여","30","대구광역시","합격","대전광역시","6"
"2022","여","30","대구광역시","합격","서울특별시","9"
"2022","여","30","대구광역시","합격","세종특별자치시","1"
"2022","여","30","대구광역시","합격","수원","20"
"2022","여","30","대구광역시","합격","울산광역시","1"
"2022","여","30","대구광역시","합격","의정부","1"
"2022","여","30","대구광역시","합격","전라남도","2"
"2022","여","30","대구광역시","합격","전북특별자치도","1"
"2022","여","30","대구광역시","합격","충청남도","1"
"2022","여","40","대구광역시","결시","경상남도","10"
"2022","여","40","대구광역시","결시","경상북도","53"
"2022","여","40","대구광역시","결시","기타","1"
"2022","여","40","대구광역시","결시","대구광역시","36"
"2022","여","40","대구광역시","결시","대전광역시","1"
"2022","여","40","대구광역시","결시","서울특별시","1"
"2022","여","40","대구광역시","결시","수원","2"
"2022","여","40","대구광역시","결시","울산광역시","1"
"2022","여","40","대구광역시","결시","의정부","1"
"2022","여","40","대구광역시","불합격","경상남도","8"
"2022","여","40","대구광역시","불합격","경상북도","97"
"2022","여","40","대구광역시","불합격","대구광역시","75"
"2022","여","40","대구광역시","불합격","대전광역시","1"
"2022","여","40","대구광역시","불합격","부산광역시","2"
"2022","여","40","대구광역시","불합격","수원","1"
"2022","여","40","대구광역시","불합격","의정부","3"
"2022","여","40","대구광역시","불합격","전라남도","1"
"2022","여","40","대구광역시","합격","강원특별자치도","1"
"2022","여","40","대구광역시","합격","경상남도","158"
"2022","여","40","대구광역시","합격","경상북도","1596"
"2022","여","40","대구광역시","합격","대구광역시","1698"
"2022","여","40","대구광역시","합격","대전광역시","13"
"2022","여","40","대구광역시","합격","부산광역시","6"
"2022","여","40","대구광역시","합격","서울특별시","37"
"2022","여","40","대구광역시","합격","세종특별자치시","4"
"2022","여","40","대구광역시","합격","수원","36"
"2022","여","40","대구광역시","합격","울산광역시","4"
"2022","여","40","대구광역시","합격","의정부","4"
"2022","여","40","대구광역시","합격","전라남도","5"
"2022","여","40","대구광역시","합격","전북특별자치도","1"
"2022","여","40","대구광역시","합격","충청남도","5"
"2022","여","40","대구광역시","합격","충청북도","3"
"2022","여","50","대구광역시","결시","경상남도","18"
"2022","여","50","대구광역시","결시","경상북도","102"
"2022","여","50","대구광역시","결시","광주광역시","1"
"2022","여","50","대구광역시","결시","기타","1"
"2022","여","50","대구광역시","결시","대구광역시","123"
"2022","여","50","대구광역시","결시","서울특별시","3"
"2022","여","50","대구광역시","결시","수원","1"
"2022","여","50","대구광역시","결시","충청남도","1"
"2022","여","50","대구광역시","발표보류","경상북도","1"
"2022","여","50","대구광역시","불합격","경상남도","21"
"2022","여","50","대구광역시","불합격","경상북도","158"
"2022","여","50","대구광역시","불합격","대구광역시","156"
"2022","여","50","대구광역시","불합격","대전광역시","1"
"2022","여","50","대구광역시","불합격","서울특별시","1"
"2022","여","50","대구광역시","불합격","수원","3"
"2022","여","50","대구광역시","불합격","제주특별자치도","1"
"2022","여","50","대구광역시","합격","경상남도","225"
"2022","여","50","대구광역시","합격","경상북도","2864"
"2022","여","50","대구광역시","합격","광주광역시","1"
"2022","여","50","대구광역시","합격","대구광역시","4169"
"2022","여","50","대구광역시","합격","대전광역시","11"
"2022","여","50","대구광역시","합격","부산광역시","3"
"2022","여","50","대구광역시","합격","서울특별시","57"
"2022","여","50","대구광역시","합격","세종특별자치시","2"
"2022","여","50","대구광역시","합격","수원","30"
"2022","여","50","대구광역시","합격","울산광역시","5"
"2022","여","50","대구광역시","합격","의정부","1"
"2022","여","50","대구광역시","합격","인천광역시","1"
"2022","여","50","대구광역시","합격","전라남도","7"
"2022","여","50","대구광역시","합격","전북특별자치도","1"
"2022","여","50","대구광역시","합격","충청남도","6"
"2022","여","60","대구광역시","결시","경상남도","5"
"2022","여","60","대구광역시","결시","경상북도","68"
"2022","여","60","대구광역시","결시","대구광역시","87"
"2022","여","60","대구광역시","결시","서울특별시","2"
"2022","여","60","대구광역시","결시","세종특별자치시","1"
"2022","여","60","대구광역시","불합격","경상남도","29"
"2022","여","60","대구광역시","불합격","경상북도","233"
"2022","여","60","대구광역시","불합격","대구광역시","395"
"2022","여","60","대구광역시","불합격","서울특별시","1"
"2022","여","60","대구광역시","불합격","세종특별자치시","3"
"2022","여","60","대구광역시","불합격","전라남도","3"
"2022","여","60","대구광역시","합격","강원특별자치도","3"
"2022","여","60","대구광역시","합격","경상남도","90"
"2022","여","60","대구광역시","합격","경상북도","1642"
"2022","여","60","대구광역시","합격","대구광역시","2922"
"2022","여","60","대구광역시","합격","대전광역시","4"
"2022","여","60","대구광역시","합격","부산광역시","3"
"2022","여","60","대구광역시","합격","서울특별시","11"
"2022","여","60","대구광역시","합격","세종특별자치시","1"
"2022","여","60","대구광역시","합격","수원","18"
"2022","여","60","대구광역시","합격","의정부","1"
"2022","여","60","대구광역시","합격","전라남도","3"
"2022","여","60","대구광역시","합격","충청남도","7"
"2022","여","70","대구광역시","결시","경상남도","3"
"2022","여","70","대구광역시","결시","경상북도","8"
"2022","여","70","대구광역시","결시","대구광역시","21"
"2022","여","70","대구광역시","불합격","경상남도","1"
"2022","여","70","대구광역시","불합격","경상북도","69"
"2022","여","70","대구광역시","불합격","기타","1"
"2022","여","70","대구광역시","불합격","대구광역시","109"
"2022","여","70","대구광역시","합격","경상남도","6"
"2022","여","70","대구광역시","합격","경상북도","179"
"2022","여","70","대구광역시","합격","대구광역시","239"
"2022","여","70","대구광역시","합격","부산광역시","1"
"2022","여","70","대구광역시","합격","서울특별시","4"
"2022","여","70","대구광역시","합격","수원","2"
"2022","여","80","대구광역시","불합격","경상남도","1"
"2022","여","80","대구광역시","불합격","경상북도","6"
"2022","여","80","대구광역시","불합격","대구광역시","7"
"2022","여","80","대구광역시","합격","경상북도","1"
"2022","여","80","대구광역시","합격","대구광역시","10"
"2022","남","10","대전광역시","불합격","대전광역시","3"
"2022","남","10","대전광역시","합격","대전광역시","1"
"2022","남","20","대전광역시","결시","대전광역시","4"
"2022","남","20","대전광역시","결시","충청남도","2"
"2022","남","20","대전광역시","불합격","대전광역시","12"
"2022","남","20","대전광역시","불합격","세종특별자치시","3"
"2022","남","20","대전광역시","불합격","충청북도","1"
"2022","남","20","대전광역시","합격","경상남도","1"
"2022","남","20","대전광역시","합격","경상북도","1"
"2022","남","20","대전광역시","합격","대전광역시","27"
"2022","남","20","대전광역시","합격","수원","1"
"2022","남","20","대전광역시","합격","충청남도","4"
"2022","남","20","대전광역시","합격","충청북도","3"
"2022","남","30","대전광역시","결시","대전광역시","7"
"2022","남","30","대전광역시","결시","세종특별자치시","1"
"2022","남","30","대전광역시","불합격","대전광역시","9"
"2022","남","30","대전광역시","합격","경상남도","1"
"2022","남","30","대전광역시","합격","광주광역시","1"
"2022","남","30","대전광역시","합격","대전광역시","48"
"2022","남","30","대전광역시","합격","서울특별시","1"
"2022","남","30","대전광역시","합격","세종특별자치시","2"
"2022","남","30","대전광역시","합격","수원","3"
"2022","남","30","대전광역시","합격","충청남도","10"
"2022","남","30","대전광역시","합격","충청북도","2"
"2022","남","40","대전광역시","결시","대전광역시","7"
"2022","남","40","대전광역시","결시","충청남도","1"
"2022","남","40","대전광역시","불합격","대전광역시","11"
"2022","남","40","대전광역시","불합격","서울특별시","1"
"2022","남","40","대전광역시","불합격","전라남도","1"
"2022","남","40","대전광역시","불합격","충청남도","1"
"2022","남","40","대전광역시","불합격","충청북도","5"
"2022","남","40","대전광역시","합격","대전광역시","85"
"2022","남","40","대전광역시","합격","서울특별시","4"
"2022","남","40","대전광역시","합격","세종특별자치시","1"
"2022","남","40","대전광역시","합격","수원","3"
"2022","남","40","대전광역시","합격","의정부","1"
"2022","남","40","대전광역시","합격","인천광역시","1"
"2022","남","40","대전광역시","합격","전라남도","2"
"2022","남","40","대전광역시","합격","전북특별자치도","1"
"2022","남","40","대전광역시","합격","충청남도","15"
"2022","남","40","대전광역시","합격","충청북도","6"
"2022","남","50","대전광역시","결시","대전광역시","12"
"2022","남","50","대전광역시","결시","충청남도","5"
"2022","남","50","대전광역시","결시","충청북도","2"
"2022","남","50","대전광역시","불합격","대전광역시","22"
"2022","남","50","대전광역시","불합격","수원","3"
"2022","남","50","대전광역시","불합격","충청남도","7"
"2022","남","50","대전광역시","불합격","충청북도","8"
"2022","남","50","대전광역시","합격","경상남도","3"
"2022","남","50","대전광역시","합격","경상북도","1"
"2022","남","50","대전광역시","합격","대전광역시","296"
"2022","남","50","대전광역시","합격","서울특별시","4"
"2022","남","50","대전광역시","합격","세종특별자치시","4"
"2022","남","50","대전광역시","합격","수원","2"
"2022","남","50","대전광역시","합격","의정부","1"
"2022","남","50","대전광역시","합격","전라남도","3"
"2022","남","50","대전광역시","합격","충청남도","40"
"2022","남","50","대전광역시","합격","충청북도","16"
"2022","남","60","대전광역시","결시","경상남도","1"
"2022","남","60","대전광역시","결시","대전광역시","26"
"2022","남","60","대전광역시","결시","세종특별자치시","1"
"2022","남","60","대전광역시","결시","충청남도","8"
"2022","남","60","대전광역시","결시","충청북도","2"
"2022","남","60","대전광역시","불합격","경상남도","1"
"2022","남","60","대전광역시","불합격","대전광역시","36"
"2022","남","60","대전광역시","불합격","세종특별자치시","3"
"2022","남","60","대전광역시","불합격","충청남도","10"
"2022","남","60","대전광역시","불합격","충청북도","4"
"2022","남","60","대전광역시","응시결격","대전광역시","1"
"2022","남","60","대전광역시","합격","경상남도","3"
"2022","남","60","대전광역시","합격","광주광역시","2"
"2022","남","60","대전광역시","합격","대전광역시","518"
"2022","남","60","대전광역시","합격","서울특별시","6"
"2022","남","60","대전광역시","합격","세종특별자치시","5"
"2022","남","60","대전광역시","합격","수원","6"
"2022","남","60","대전광역시","합격","인천광역시","1"
"2022","남","60","대전광역시","합격","전라남도","1"
"2022","남","60","대전광역시","합격","충청남도","65"
"2022","남","60","대전광역시","합격","충청북도","48"
"2022","남","70","대전광역시","결시","기타","1"
"2022","남","70","대전광역시","결시","대전광역시","6"
"2022","남","70","대전광역시","결시","충청남도","1"
"2022","남","70","대전광역시","결시","충청북도","1"
"2022","남","70","대전광역시","불합격","대전광역시","26"
"2022","남","70","대전광역시","불합격","충청남도","4"
"2022","남","70","대전광역시","불합격","충청북도","9"
"2022","남","70","대전광역시","합격","대전광역시","162"
"2022","남","70","대전광역시","합격","세종특별자치시","1"
"2022","남","70","대전광역시","합격","수원","1"
"2022","남","70","대전광역시","합격","충청남도","16"
"2022","남","70","대전광역시","합격","충청북도","29"
"2022","남","80","대전광역시","결시","대전광역시","2"
"2022","남","80","대전광역시","결시","충청남도","1"
"2022","남","80","대전광역시","불합격","대전광역시","8"
"2022","남","80","대전광역시","불합격","서울특별시","1"
"2022","남","80","대전광역시","불합격","수원","1"
"2022","남","80","대전광역시","불합격","충청남도","1"
"2022","남","80","대전광역시","합격","대전광역시","15"
"2022","남","80","대전광역시","합격","수원","1"
"2022","남","80","대전광역시","합격","충청남도","2"
"2022","남","80","대전광역시","합격","충청북도","3"
"2022","여","10","대전광역시","결시","충청북도","1"
"2022","여","20","대전광역시","결시","대전광역시","7"
"2022","여","20","대전광역시","결시","세종특별자치시","1"
"2022","여","20","대전광역시","결시","충청남도","2"
"2022","여","20","대전광역시","불합격","대전광역시","25"
"2022","여","20","대전광역시","불합격","서울특별시","1"
"2022","여","20","대전광역시","불합격","충청북도","1"
"2022","여","20","대전광역시","합격","경상남도","1"
"2022","여","20","대전광역시","합격","대전광역시","94"
"2022","여","20","대전광역시","합격","서울특별시","1"
"2022","여","20","대전광역시","합격","세종특별자치시","2"
"2022","여","20","대전광역시","합격","수원","1"
"2022","여","20","대전광역시","합격","전라남도","1"
"2022","여","20","대전광역시","합격","충청남도","4"
"2022","여","20","대전광역시","합격","충청북도","10"
"2022","여","30","대전광역시","결시","기타","1"
"2022","여","30","대전광역시","결시","대전광역시","15"
"2022","여","30","대전광역시","결시","인천광역시","1"
"2022","여","30","대전광역시","결시","충청남도","4"
"2022","여","30","대전광역시","결시","충청북도","4"
"2022","여","30","대전광역시","불합격","대전광역시","37"
"2022","여","30","대전광역시","불합격","세종특별자치시","1"
"2022","여","30","대전광역시","불합격","충청남도","4"
"2022","여","30","대전광역시","불합격","충청북도","8"
"2022","여","30","대전광역시","응시결격","대전광역시","2"
"2022","여","30","대전광역시","합격","강원특별자치도","1"
"2022","여","30","대전광역시","합격","경상남도","2"
"2022","여","30","대전광역시","합격","광주광역시","1"
"2022","여","30","대전광역시","합격","대구광역시","1"
"2022","여","30","대전광역시","합격","대전광역시","283"
"2022","여","30","대전광역시","합격","서울특별시","10"
"2022","여","30","대전광역시","합격","세종특별자치시","24"
"2022","여","30","대전광역시","합격","수원","4"
"2022","여","30","대전광역시","합격","의정부","3"
"2022","여","30","대전광역시","합격","전라남도","2"
"2022","여","30","대전광역시","합격","충청남도","61"
"2022","여","30","대전광역시","합격","충청북도","7"
"2022","여","40","대전광역시","결시","경상남도","1"
"2022","여","40","대전광역시","결시","대전광역시","52"
"2022","여","40","대전광역시","결시","서울특별시","1"
"2022","여","40","대전광역시","결시","세종특별자치시","2"
"2022","여","40","대전광역시","결시","수원","1"
"2022","여","40","대전광역시","결시","전라남도","2"
"2022","여","40","대전광역시","결시","충청남도","12"
"2022","여","40","대전광역시","결시","충청북도","6"
"2022","여","40","대전광역시","불합격","대전광역시","93"
"2022","여","40","대전광역시","불합격","서울특별시","2"
"2022","여","40","대전광역시","불합격","수원","2"
"2022","여","40","대전광역시","불합격","전라남도","3"
"2022","여","40","대전광역시","불합격","충청남도","16"
"2022","여","40","대전광역시","불합격","충청북도","20"
"2022","여","40","대전광역시","응시결격","대전광역시","3"
"2022","여","40","대전광역시","합격","강원특별자치도","2"
"2022","여","40","대전광역시","합격","경상남도","14"
"2022","여","40","대전광역시","합격","경상북도","1"
"2022","여","40","대전광역시","합격","광주광역시","2"
"2022","여","40","대전광역시","합격","대전광역시","1554"
"2022","여","40","대전광역시","합격","서울특별시","17"
"2022","여","40","대전광역시","합격","세종특별자치시","64"
"2022","여","40","대전광역시","합격","수원","19"
"2022","여","40","대전광역시","합격","울산광역시","1"
"2022","여","40","대전광역시","합격","의정부","2"
"2022","여","40","대전광역시","합격","인천광역시","1"
"2022","여","40","대전광역시","합격","전라남도","16"
"2022","여","40","대전광역시","합격","전북특별자치도","1"
"2022","여","40","대전광역시","합격","충청남도","230"
"2022","여","40","대전광역시","합격","충청북도","53"
"2022","여","50","대전광역시","결시","경상남도","2"
"2022","여","50","대전광역시","결시","기타","1"
"2022","여","50","대전광역시","결시","대전광역시","107"
"2022","여","50","대전광역시","결시","서울특별시","3"
"2022","여","50","대전광역시","결시","수원","4"
"2022","여","50","대전광역시","결시","충청남도","26"
"2022","여","50","대전광역시","결시","충청북도","5"
"2022","여","50","대전광역시","불합격","기타","1"
"2022","여","50","대전광역시","불합격","대전광역시","192"
"2022","여","50","대전광역시","불합격","서울특별시","5"
"2022","여","50","대전광역시","불합격","세종특별자치시","1"
"2022","여","50","대전광역시","불합격","수원","2"
"2022","여","50","대전광역시","불합격","충청남도","51"
"2022","여","50","대전광역시","불합격","충청북도","18"
"2022","여","50","대전광역시","응시결격","대전광역시","4"
"2022","여","50","대전광역시","합격","강원특별자치도","1"
"2022","여","50","대전광역시","합격","경상남도","18"
"2022","여","50","대전광역시","합격","경상북도","2"
"2022","여","50","대전광역시","합격","광주광역시","1"
"2022","여","50","대전광역시","합격","대전광역시","3007"
"2022","여","50","대전광역시","합격","서울특별시","23"
"2022","여","50","대전광역시","합격","세종특별자치시","45"
"2022","여","50","대전광역시","합격","수원","31"
"2022","여","50","대전광역시","합격","의정부","1"
"2022","여","50","대전광역시","합격","전라남도","12"
"2022","여","50","대전광역시","합격","전북특별자치도","1"
"2022","여","50","대전광역시","합격","충청남도","411"
"2022","여","50","대전광역시","합격","충청북도","141"
"2022","여","60","대전광역시","결시","대전광역시","102"
"2022","여","60","대전광역시","결시","서울특별시","1"
"2022","여","60","대전광역시","결시","세종특별자치시","1"
"2022","여","60","대전광역시","결시","충청남도","36"
"2022","여","60","대전광역시","결시","충청북도","20"
"2022","여","60","대전광역시","불합격","대전광역시","358"
"2022","여","60","대전광역시","불합격","서울특별시","1"
"2022","여","60","대전광역시","불합격","세종특별자치시","1"
"2022","여","60","대전광역시","불합격","수원","2"
"2022","여","60","대전광역시","불합격","충청남도","79"
"2022","여","60","대전광역시","불합격","충청북도","46"
"2022","여","60","대전광역시","응시결격","대전광역시","2"
"2022","여","60","대전광역시","합격","경상남도","7"
"2022","여","60","대전광역시","합격","경상북도","1"
"2022","여","60","대전광역시","합격","광주광역시","2"
"2022","여","60","대전광역시","합격","대전광역시","2041"
"2022","여","60","대전광역시","합격","서울특별시","14"
"2022","여","60","대전광역시","합격","세종특별자치시","15"
"2022","여","60","대전광역시","합격","수원","17"
"2022","여","60","대전광역시","합격","전라남도","5"
"2022","여","60","대전광역시","합격","전북특별자치도","1"
"2022","여","60","대전광역시","합격","충청남도","218"
"2022","여","60","대전광역시","합격","충청북도","173"
"2022","여","70","대전광역시","결시","대전광역시","22"
"2022","여","70","대전광역시","결시","충청남도","5"
"2022","여","70","대전광역시","결시","충청북도","1"
"2022","여","70","대전광역시","불합격","대전광역시","86"
"2022","여","70","대전광역시","불합격","수원","1"
"2022","여","70","대전광역시","불합격","충청남도","4"
"2022","여","70","대전광역시","불합격","충청북도","16"
"2022","여","70","대전광역시","합격","대전광역시","288"
"2022","여","70","대전광역시","합격","수원","3"
"2022","여","70","대전광역시","합격","충청남도","17"
"2022","여","70","대전광역시","합격","충청북도","23"
"2022","여","80","대전광역시","결시","대전광역시","1"
"2022","여","80","대전광역시","불합격","대전광역시","4"
"2022","여","80","대전광역시","불합격","충청남도","2"
"2022","여","80","대전광역시","불합격","충청북도","2"
"2022","여","80","대전광역시","합격","대전광역시","13"
"2022","여","80","대전광역시","합격","충청남도","1"
"2022","여","80","대전광역시","합격","충청북도","1"
"2022","여","90","대전광역시","불합격","대전광역시","1"
"2022","남","10","목포","불합격","전라남도","1"
"2022","남","20","목포","결시","전라남도","7"
"2022","남","20","목포","불합격","전라남도","9"
"2022","남","20","목포","합격","전라남도","21"
"2022","남","30","목포","결시","전라남도","6"
"2022","남","30","목포","불합격","전라남도","20"
"2022","남","30","목포","합격","수원","1"
"2022","남","30","목포","합격","전라남도","46"
"2022","남","40","목포","결시","전라남도","13"
"2022","남","40","목포","결시","전북특별자치도","1"
"2022","남","40","목포","불합격","전라남도","22"
"2022","남","40","목포","합격","광주광역시","2"
"2022","남","40","목포","합격","대전광역시","1"
"2022","남","40","목포","합격","전라남도","124"
"2022","남","50","목포","결시","전라남도","29"
"2022","남","50","목포","불합격","광주광역시","1"
"2022","남","50","목포","불합격","대전광역시","1"
"2022","남","50","목포","불합격","전라남도","47"
"2022","남","50","목포","합격","광주광역시","2"
"2022","남","50","목포","합격","서울특별시","1"
"2022","남","50","목포","합격","수원","1"
"2022","남","50","목포","합격","전라남도","279"
"2022","남","60","목포","결시","광주광역시","2"
"2022","남","60","목포","결시","기타","1"
"2022","남","60","목포","결시","전라남도","25"
"2022","남","60","목포","불합격","광주광역시","6"
"2022","남","60","목포","불합격","전라남도","49"
"2022","남","60","목포","합격","광주광역시","5"
"2022","남","60","목포","합격","수원","1"
"2022","남","60","목포","합격","의정부","2"
"2022","남","60","목포","합격","전라남도","308"
"2022","남","70","목포","결시","전라남도","4"
"2022","남","70","목포","불합격","광주광역시","2"
"2022","남","70","목포","불합격","전라남도","29"
"2022","남","70","목포","합격","경상남도","1"
"2022","남","70","목포","합격","광주광역시","1"
"2022","남","70","목포","합격","서울특별시","1"
"2022","남","70","목포","합격","전라남도","85"
"2022","남","80","목포","결시","전라남도","3"
"2022","남","80","목포","불합격","전라남도","20"
"2022","남","80","목포","합격","전라남도","16"
"2022","여","10","목포","합격","전라남도","1"
"2022","여","20","목포","결시","전라남도","3"
"2022","여","20","목포","불합격","전라남도","20"
"2022","여","20","목포","합격","광주광역시","1"
"2022","여","20","목포","합격","수원","1"
"2022","여","20","목포","합격","전라남도","59"
"2022","여","30","목포","결시","경상남도","1"
"2022","여","30","목포","결시","경상북도","1"
"2022","여","30","목포","결시","전라남도","36"
"2022","여","30","목포","불합격","전라남도","112"
"2022","여","30","목포","합격","경상남도","1"
"2022","여","30","목포","합격","광주광역시","4"
"2022","여","30","목포","합격","수원","2"
"2022","여","30","목포","합격","전라남도","375"
"2022","여","30","목포","합격","전북특별자치도","1"
"2022","여","40","목포","결시","광주광역시","1"
"2022","여","40","목포","결시","기타","1"
"2022","여","40","목포","결시","전라남도","112"
"2022","여","40","목포","불합격","광주광역시","2"
"2022","여","40","목포","불합격","전라남도","205"
"2022","여","40","목포","합격","광주광역시","21"
"2022","여","40","목포","합격","대전광역시","1"
"2022","여","40","목포","합격","서울특별시","1"
"2022","여","40","목포","합격","수원","1"
"2022","여","40","목포","합격","전라남도","1449"
"2022","여","50","목포","결시","광주광역시","5"
"2022","여","50","목포","결시","전라남도","189"
"2022","여","50","목포","불합격","광주광역시","2"
"2022","여","50","목포","불합격","수원","3"
"2022","여","50","목포","불합격","전라남도","301"
"2022","여","50","목포","합격","광주광역시","20"
"2022","여","50","목포","합격","서울특별시","1"
"2022","여","50","목포","합격","수원","3"
"2022","여","50","목포","합격","전라남도","1741"
"2022","여","60","목포","결시","광주광역시","6"
"2022","여","60","목포","결시","전라남도","145"
"2022","여","60","목포","불합격","경상남도","2"
"2022","여","60","목포","불합격","광주광역시","2"
"2022","여","60","목포","불합격","의정부","1"
"2022","여","60","목포","불합격","전라남도","432"
"2022","여","60","목포","합격","경상남도","4"
"2022","여","60","목포","합격","경상북도","1"
"2022","여","60","목포","합격","광주광역시","13"
"2022","여","60","목포","합격","서울특별시","1"
"2022","여","60","목포","합격","수원","1"
"2022","여","60","목포","합격","전라남도","1040"
"2022","여","70","목포","결시","경상남도","1"
"2022","여","70","목포","결시","전라남도","22"
"2022","여","70","목포","불합격","광주광역시","1"
"2022","여","70","목포","불합격","전라남도","74"
"2022","여","70","목포","합격","경상남도","1"
"2022","여","70","목포","합격","광주광역시","1"
"2022","여","70","목포","합격","전라남도","128"
"2022","여","80","목포","결시","전라남도","4"
"2022","여","80","목포","불합격","전라남도","12"
"2022","여","80","목포","합격","전라남도","4"
"2022","남","10","부산광역시","결시","부산광역시","1"
"2022","남","10","부산광역시","불합격","부산광역시","2"
"2022","남","10","부산광역시","합격","경상남도","1"
"2022","남","10","부산광역시","합격","부산광역시","2"
"2022","남","20","부산광역시","결시","부산광역시","5"
"2022","남","20","부산광역시","불합격","경상남도","7"
"2022","남","20","부산광역시","불합격","부산광역시","19"
"2022","남","20","부산광역시","합격","경상남도","12"
"2022","남","20","부산광역시","합격","부산광역시","50"
"2022","남","20","부산광역시","합격","수원","1"
"2022","남","30","부산광역시","결시","경상남도","1"
"2022","남","30","부산광역시","결시","기타","1"
"2022","남","30","부산광역시","결시","부산광역시","4"
"2022","남","30","부산광역시","불합격","경상남도","2"
"2022","남","30","부산광역시","불합격","부산광역시","15"
"2022","남","30","부산광역시","합격","경상남도","17"
"2022","남","30","부산광역시","합격","부산광역시","73"
"2022","남","30","부산광역시","합격","서울특별시","1"
"2022","남","30","부산광역시","합격","울산광역시","1"
"2022","남","40","부산광역시","결시","경상남도","3"
"2022","남","40","부산광역시","결시","부산광역시","7"
"2022","남","40","부산광역시","불합격","경상남도","4"
"2022","남","40","부산광역시","불합격","대전광역시","1"
"2022","남","40","부산광역시","불합격","부산광역시","9"
"2022","남","40","부산광역시","불합격","서울특별시","1"
"2022","남","40","부산광역시","합격","경상남도","58"
"2022","남","40","부산광역시","합격","부산광역시","182"
"2022","남","40","부산광역시","합격","서울특별시","5"
"2022","남","40","부산광역시","합격","의정부","1"
"2022","남","40","부산광역시","합격","전라남도","1"
"2022","남","50","부산광역시","결시","경상남도","5"
"2022","남","50","부산광역시","결시","부산광역시","23"
"2022","남","50","부산광역시","결시","전라남도","1"
"2022","남","50","부산광역시","불합격","경상남도","4"
"2022","남","50","부산광역시","불합격","경상북도","3"
"2022","남","50","부산광역시","불합격","부산광역시","31"
"2022","남","50","부산광역시","합격","경상남도","116"
"2022","남","50","부산광역시","합격","경상북도","1"
"2022","남","50","부산광역시","합격","부산광역시","405"
"2022","남","50","부산광역시","합격","서울특별시","2"
"2022","남","50","부산광역시","합격","전라남도","2"
"2022","남","60","부산광역시","결시","경상남도","17"
"2022","남","60","부산광역시","결시","기타","1"
"2022","남","60","부산광역시","결시","부산광역시","24"
"2022","남","60","부산광역시","결시","서울특별시","2"
"2022","남","60","부산광역시","불합격","경상남도","16"
"2022","남","60","부산광역시","불합격","부산광역시","91"
"2022","남","60","부산광역시","불합격","서울특별시","4"
"2022","남","60","부산광역시","합격","강원특별자치도","1"
"2022","남","60","부산광역시","합격","경상남도","173"
"2022","남","60","부산광역시","합격","경상북도","1"
"2022","남","60","부산광역시","합격","대전광역시","1"
"2022","남","60","부산광역시","합격","부산광역시","925"
"2022","남","60","부산광역시","합격","서울특별시","11"
"2022","남","60","부산광역시","합격","수원","1"
"2022","남","60","부산광역시","합격","울산광역시","3"
"2022","남","60","부산광역시","합격","의정부","1"
"2022","남","60","부산광역시","합격","전라남도","1"
"2022","남","60","부산광역시","합격","충청남도","1"
"2022","남","70","부산광역시","결시","경상남도","1"
"2022","남","70","부산광역시","결시","부산광역시","9"
"2022","남","70","부산광역시","불합격","경상남도","14"
"2022","남","70","부산광역시","불합격","부산광역시","62"
"2022","남","70","부산광역시","합격","경상남도","37"
"2022","남","70","부산광역시","합격","부산광역시","310"
"2022","남","70","부산광역시","합격","서울특별시","1"
"2022","남","70","부산광역시","합격","수원","1"
"2022","남","70","부산광역시","합격","충청남도","1"
"2022","남","80","부산광역시","결시","부산광역시","3"
"2022","남","80","부산광역시","불합격","경상남도","2"
"2022","남","80","부산광역시","불합격","부산광역시","23"
"2022","남","80","부산광역시","합격","경상남도","6"
"2022","남","80","부산광역시","합격","부산광역시","29"
"2022","여","10","부산광역시","합격","경상남도","1"
"2022","여","10","부산광역시","합격","부산광역시","1"
"2022","여","20","부산광역시","결시","경상남도","1"
"2022","여","20","부산광역시","결시","부산광역시","9"
"2022","여","20","부산광역시","불합격","경상남도","2"
"2022","여","20","부산광역시","불합격","경상북도","1"
"2022","여","20","부산광역시","불합격","부산광역시","30"
"2022","여","20","부산광역시","합격","경상남도","37"
"2022","여","20","부산광역시","합격","부산광역시","120"
"2022","여","20","부산광역시","합격","서울특별시","5"
"2022","여","20","부산광역시","합격","수원","1"
"2022","여","30","부산광역시","결시","경상남도","11"
"2022","여","30","부산광역시","결시","기타","2"
"2022","여","30","부산광역시","결시","부산광역시","22"
"2022","여","30","부산광역시","결시","서울특별시","1"
"2022","여","30","부산광역시","불합격","경상남도","18"
"2022","여","30","부산광역시","불합격","부산광역시","44"
"2022","여","30","부산광역시","불합격","서울특별시","2"
"2022","여","30","부산광역시","합격","경상남도","216"
"2022","여","30","부산광역시","합격","기타","1"
"2022","여","30","부산광역시","합격","대전광역시","2"
"2022","여","30","부산광역시","합격","부산광역시","487"
"2022","여","30","부산광역시","합격","서울특별시","13"
"2022","여","30","부산광역시","합격","수원","9"
"2022","여","30","부산광역시","합격","울산광역시","5"
"2022","여","30","부산광역시","합격","전라남도","1"
"2022","여","30","부산광역시","합격","충청남도","1"
"2022","여","40","부산광역시","결시","경상남도","35"
"2022","여","40","부산광역시","결시","기타","1"
"2022","여","40","부산광역시","결시","부산광역시","81"
"2022","여","40","부산광역시","결시","서울특별시","1"
"2022","여","40","부산광역시","결시","수원","1"
"2022","여","40","부산광역시","결시","전라남도","3"
"2022","여","40","부산광역시","불합격","경상남도","41"
"2022","여","40","부산광역시","불합격","기타","1"
"2022","여","40","부산광역시","불합격","부산광역시","124"
"2022","여","40","부산광역시","불합격","수원","2"
"2022","여","40","부산광역시","합격","강원특별자치도","1"
"2022","여","40","부산광역시","합격","경상남도","1213"
"2022","여","40","부산광역시","합격","경상북도","4"
"2022","여","40","부산광역시","합격","대전광역시","6"
"2022","여","40","부산광역시","합격","부산광역시","2883"
"2022","여","40","부산광역시","합격","서울특별시","24"
"2022","여","40","부산광역시","합격","수원","7"
"2022","여","40","부산광역시","합격","울산광역시","11"
"2022","여","40","부산광역시","합격","전라남도","11"
"2022","여","40","부산광역시","합격","전북특별자치도","1"
"2022","여","40","부산광역시","합격","제주특별자치도","1"
"2022","여","40","부산광역시","합격","충청남도","1"
"2022","여","50","부산광역시","결시","경상남도","75"
"2022","여","50","부산광역시","결시","기타","4"
"2022","여","50","부산광역시","결시","대전광역시","1"
"2022","여","50","부산광역시","결시","부산광역시","136"
"2022","여","50","부산광역시","결시","서울특별시","2"
"2022","여","50","부산광역시","결시","수원","3"
"2022","여","50","부산광역시","결시","전라남도","1"
"2022","여","50","부산광역시","불합격","경상남도","97"
"2022","여","50","부산광역시","불합격","부산광역시","337"
"2022","여","50","부산광역시","불합격","서울특별시","1"
"2022","여","50","부산광역시","불합격","수원","3"
"2022","여","50","부산광역시","불합격","전라남도","7"
"2022","여","50","부산광역시","응시결격","부산광역시","1"
"2022","여","50","부산광역시","합격","강원특별자치도","1"
"2022","여","50","부산광역시","합격","경상남도","1800"
"2022","여","50","부산광역시","합격","경상북도","5"
"2022","여","50","부산광역시","합격","광주광역시","2"
"2022","여","50","부산광역시","합격","대구광역시","1"
"2022","여","50","부산광역시","합격","대전광역시","5"
"2022","여","50","부산광역시","합격","부산광역시","6452"
"2022","여","50","부산광역시","합격","서울특별시","27"
"2022","여","50","부산광역시","합격","세종특별자치시","1"
"2022","여","50","부산광역시","합격","수원","17"
"2022","여","50","부산광역시","합격","울산광역시","5"
"2022","여","50","부산광역시","합격","의정부","1"
"2022","여","50","부산광역시","합격","전라남도","27"
"2022","여","50","부산광역시","합격","제주특별자치도","2"
"2022","여","50","부산광역시","합격","충청남도","1"
"2022","여","50","부산광역시","합격","충청북도","1"
"2022","여","60","부산광역시","결시","경상남도","58"
"2022","여","60","부산광역시","결시","기타","3"
"2022","여","60","부산광역시","결시","부산광역시","169"
"2022","여","60","부산광역시","결시","서울특별시","1"
"2022","여","60","부산광역시","결시","전라남도","4"
"2022","여","60","부산광역시","불합격","경상남도","181"
"2022","여","60","부산광역시","불합격","경상북도","2"
"2022","여","60","부산광역시","불합격","부산광역시","915"
"2022","여","60","부산광역시","불합격","서울특별시","1"
"2022","여","60","부산광역시","불합격","전라남도","4"
"2022","여","60","부산광역시","불합격","충청남도","2"
"2022","여","60","부산광역시","합격","경상남도","923"
"2022","여","60","부산광역시","합격","경상북도","1"
"2022","여","60","부산광역시","합격","광주광역시","1"
"2022","여","60","부산광역시","합격","대전광역시","1"
"2022","여","60","부산광역시","합격","부산광역시","5596"
"2022","여","60","부산광역시","합격","서울특별시","13"
"2022","여","60","부산광역시","합격","세종특별자치시","1"
"2022","여","60","부산광역시","합격","수원","8"
"2022","여","60","부산광역시","합격","울산광역시","4"
"2022","여","60","부산광역시","합격","의정부","1"
"2022","여","60","부산광역시","합격","전라남도","10"
"2022","여","60","부산광역시","합격","충청남도","2"
"2022","여","70","부산광역시","결시","경상남도","10"
"2022","여","70","부산광역시","결시","부산광역시","47"
"2022","여","70","부산광역시","결시","서울특별시","1"
"2022","여","70","부산광역시","결시","의정부","1"
"2022","여","70","부산광역시","불합격","경상남도","49"
"2022","여","70","부산광역시","불합격","경상북도","1"
"2022","여","70","부산광역시","불합격","부산광역시","264"
"2022","여","70","부산광역시","합격","경상남도","103"
"2022","여","70","부산광역시","합격","경상북도","1"
"2022","여","70","부산광역시","합격","부산광역시","639"
"2022","여","70","부산광역시","합격","서울특별시","2"
"2022","여","80","부산광역시","결시","경상남도","1"
"2022","여","80","부산광역시","결시","부산광역시","2"
"2022","여","80","부산광역시","불합격","경상남도","2"
"2022","여","80","부산광역시","불합격","부산광역시","11"
"2022","여","80","부산광역시","합격","경상남도","3"
"2022","여","80","부산광역시","합격","부산광역시","13"
"2022","남","10","서울특별시","결시","서울특별시","1"
"2022","남","10","서울특별시","불합격","서울특별시","3"
"2022","남","10","서울특별시","불합격","수원","2"
"2022","남","10","서울특별시","불합격","의정부","1"
"2022","남","10","서울특별시","합격","서울특별시","8"
"2022","남","10","서울특별시","합격","수원","1"
"2022","남","10","서울특별시","합격","의정부","1"
"2022","남","20","서울특별시","결시","서울특별시","18"
"2022","남","20","서울특별시","결시","의정부","1"
"2022","남","20","서울특별시","불합격","경상남도","2"
"2022","남","20","서울특별시","불합격","서울특별시","53"
"2022","남","20","서울특별시","불합격","수원","19"
"2022","남","20","서울특별시","불합격","의정부","14"
"2022","남","20","서울특별시","불합격","인천광역시","1"
"2022","남","20","서울특별시","합격","강원특별자치도","3"
"2022","남","20","서울특별시","합격","서울특별시","131"
"2022","남","20","서울특별시","합격","수원","33"
"2022","남","20","서울특별시","합격","의정부","12"
"2022","남","20","서울특별시","합격","전라남도","1"
"2022","남","30","서울특별시","결시","강원특별자치도","1"
"2022","남","30","서울특별시","결시","기타","1"
"2022","남","30","서울특별시","결시","서울특별시","37"
"2022","남","30","서울특별시","결시","수원","2"
"2022","남","30","서울특별시","불합격","대구광역시","3"
"2022","남","30","서울특별시","불합격","서울특별시","51"
"2022","남","30","서울특별시","불합격","수원","7"
"2022","남","30","서울특별시","불합격","의정부","8"
"2022","남","30","서울특별시","불합격","충청남도","1"
"2022","남","30","서울특별시","합격","강원특별자치도","2"
"2022","남","30","서울특별시","합격","경상남도","2"
"2022","남","30","서울특별시","합격","광주광역시","1"
"2022","남","30","서울특별시","합격","대구광역시","1"
"2022","남","30","서울특별시","합격","대전광역시","1"
"2022","남","30","서울특별시","합격","서울특별시","270"
"2022","남","30","서울특별시","합격","세종특별자치시","1"
"2022","남","30","서울특별시","합격","수원","50"
"2022","남","30","서울특별시","합격","의정부","23"
"2022","남","30","서울특별시","합격","인천광역시","1"
"2022","남","30","서울특별시","합격","전라남도","5"
"2022","남","30","서울특별시","합격","전북특별자치도","1"
"2022","남","30","서울특별시","합격","충청북도","1"
"2022","남","40","서울특별시","결시","경상남도","1"
"2022","남","40","서울특별시","결시","광주광역시","1"
"2022","남","40","서울특별시","결시","서울특별시","37"
"2022","남","40","서울특별시","결시","수원","17"
"2022","남","40","서울특별시","결시","의정부","6"
"2022","남","40","서울특별시","불합격","서울특별시","88"
"2022","남","40","서울특별시","불합격","수원","20"
"2022","남","40","서울특별시","불합격","의정부","3"
"2022","남","40","서울특별시","불합격","충청남도","1"
"2022","남","40","서울특별시","합격","경상남도","5"
"2022","남","40","서울특별시","합격","경상북도","1"
"2022","남","40","서울특별시","합격","광주광역시","3"
"2022","남","40","서울특별시","합격","서울특별시","691"
"2022","남","40","서울특별시","합격","세종특별자치시","1"
"2022","남","40","서울특별시","합격","수원","105"
"2022","남","40","서울특별시","합격","의정부","48"
"2022","남","40","서울특별시","합격","인천광역시","1"
"2022","남","40","서울특별시","합격","전라남도","2"
"2022","남","40","서울특별시","합격","충청남도","3"
"2022","남","50","서울특별시","결시","경상남도","1"
"2022","남","50","서울특별시","결시","광주광역시","1"
"2022","남","50","서울특별시","결시","기타","1"
"2022","남","50","서울특별시","결시","서울특별시","88"
"2022","남","50","서울특별시","결시","수원","22"
"2022","남","50","서울특별시","결시","의정부","7"
"2022","남","50","서울특별시","결시","전라남도","1"
"2022","남","50","서울특별시","불합격","광주광역시","1"
"2022","남","50","서울특별시","불합격","서울특별시","110"
"2022","남","50","서울특별시","불합격","세종특별자치시","1"
"2022","남","50","서울특별시","불합격","수원","23"
"2022","남","50","서울특별시","불합격","의정부","12"
"2022","남","50","서울특별시","불합격","전라남도","5"
"2022","남","50","서울특별시","합격","강원특별자치도","2"
"2022","남","50","서울특별시","합격","경상남도","1"
"2022","남","50","서울특별시","합격","광주광역시","8"
"2022","남","50","서울특별시","합격","서울특별시","1724"
"2022","남","50","서울특별시","합격","세종특별자치시","1"
"2022","남","50","서울특별시","합격","수원","254"
"2022","남","50","서울특별시","합격","의정부","122"
"2022","남","50","서울특별시","합격","전라남도","9"
"2022","남","50","서울특별시","합격","전북특별자치도","1"
"2022","남","50","서울특별시","합격","충청남도","4"
"2022","남","50","서울특별시","합격","충청북도","2"
"2022","남","60","서울특별시","결시","강원특별자치도","1"
"2022","남","60","서울특별시","결시","경상북도","1"
"2022","남","60","서울특별시","결시","기타","1"
"2022","남","60","서울특별시","결시","서울특별시","121"
"2022","남","60","서울특별시","결시","세종특별자치시","1"
"2022","남","60","서울특별시","결시","수원","27"
"2022","남","60","서울특별시","결시","의정부","10"
"2022","남","60","서울특별시","결시","전라남도","3"
"2022","남","60","서울특별시","결시","전북특별자치도","1"
"2022","남","60","서울특별시","결시","충청남도","6"
"2022","남","60","서울특별시","불합격","경상남도","2"
"2022","남","60","서울특별시","불합격","기타","1"
"2022","남","60","서울특별시","불합격","서울특별시","237"
"2022","남","60","서울특별시","불합격","세종특별자치시","1"
"2022","남","60","서울특별시","불합격","수원","51"
"2022","남","60","서울특별시","불합격","의정부","29"
"2022","남","60","서울특별시","불합격","전라남도","1"
"2022","남","60","서울특별시","불합격","제주특별자치도","1"
"2022","남","60","서울특별시","불합격","충청남도","2"
"2022","남","60","서울특별시","합격","강원특별자치도","4"
"2022","남","60","서울특별시","합격","경상남도","5"
"2022","남","60","서울특별시","합격","광주광역시","4"
"2022","남","60","서울특별시","합격","대전광역시","2"
"2022","남","60","서울특별시","합격","서울특별시","2781"
"2022","남","60","서울특별시","합격","수원","448"
"2022","남","60","서울특별시","합격","의정부","276"
"2022","남","60","서울특별시","합격","인천광역시","6"
"2022","남","60","서울특별시","합격","전라남도","8"
"2022","남","60","서울특별시","합격","전북특별자치도","1"
"2022","남","60","서울특별시","합격","충청남도","7"
"2022","남","60","서울특별시","합격","충청북도","2"
"2022","남","70","서울특별시","결시","서울특별시","48"
"2022","남","70","서울특별시","결시","수원","10"
"2022","남","70","서울특별시","결시","의정부","3"
"2022","남","70","서울특별시","결시","충청남도","1"
"2022","남","70","서울특별시","불합격","강원특별자치도","2"
"2022","남","70","서울특별시","불합격","서울특별시","181"
"2022","남","70","서울특별시","불합격","수원","40"
"2022","남","70","서울특별시","불합격","의정부","7"
"2022","남","70","서울특별시","불합격","충청남도","1"
"2022","남","70","서울특별시","합격","강원특별자치도","1"
"2022","남","70","서울특별시","합격","경상남도","1"
"2022","남","70","서울특별시","합격","광주광역시","1"
"2022","남","70","서울특별시","합격","서울특별시","950"
"2022","남","70","서울특별시","합격","수원","160"
"2022","남","70","서울특별시","합격","울산광역시","1"
"2022","남","70","서울특별시","합격","의정부","62"
"2022","남","70","서울특별시","합격","전라남도","2"
"2022","남","70","서울특별시","합격","전북특별자치도","1"
"2022","남","70","서울특별시","합격","충청남도","3"
"2022","남","80","서울특별시","결시","서울특별시","15"
"2022","남","80","서울특별시","결시","수원","3"
"2022","남","80","서울특별시","불합격","서울특별시","58"
"2022","남","80","서울특별시","불합격","수원","8"
"2022","남","80","서울특별시","불합격","의정부","6"
"2022","남","80","서울특별시","불합격","전라남도","3"
"2022","남","80","서울특별시","합격","서울특별시","90"
"2022","남","80","서울특별시","합격","수원","9"
"2022","남","80","서울특별시","합격","의정부","12"
"2022","남","90","서울특별시","불합격","서울특별시","3"
"2022","여","10","서울특별시","결시","서울특별시","3"
"2022","여","10","서울특별시","불합격","강원특별자치도","1"
"2022","여","10","서울특별시","불합격","서울특별시","5"
"2022","여","10","서울특별시","합격","서울특별시","13"
"2022","여","20","서울특별시","결시","경상남도","1"
"2022","여","20","서울특별시","결시","기타","1"
"2022","여","20","서울특별시","결시","서울특별시","19"
"2022","여","20","서울특별시","결시","수원","5"
"2022","여","20","서울특별시","결시","울산광역시","1"
"2022","여","20","서울특별시","결시","의정부","2"
"2022","여","20","서울특별시","결시","전라남도","1"
"2022","여","20","서울특별시","불합격","서울특별시","71"
"2022","여","20","서울특별시","불합격","수원","9"
"2022","여","20","서울특별시","불합격","의정부","5"
"2022","여","20","서울특별시","합격","강원특별자치도","2"
"2022","여","20","서울특별시","합격","경상남도","10"
"2022","여","20","서울특별시","합격","부산광역시","1"
"2022","여","20","서울특별시","합격","서울특별시","442"
"2022","여","20","서울특별시","합격","수원","89"
"2022","여","20","서울특별시","합격","의정부","31"
"2022","여","20","서울특별시","합격","전라남도","4"
"2022","여","20","서울특별시","합격","충청남도","3"
"2022","여","30","서울특별시","결시","강원특별자치도","1"
"2022","여","30","서울특별시","결시","기타","4"
"2022","여","30","서울특별시","결시","서울특별시","91"
"2022","여","30","서울특별시","결시","수원","15"
"2022","여","30","서울특별시","결시","의정부","6"
"2022","여","30","서울특별시","결시","충청남도","2"
"2022","여","30","서울특별시","결시","충청북도","1"
"2022","여","30","서울특별시","불합격","광주광역시","1"
"2022","여","30","서울특별시","불합격","기타","1"
"2022","여","30","서울특별시","불합격","서울특별시","126"
"2022","여","30","서울특별시","불합격","수원","27"
"2022","여","30","서울특별시","불합격","의정부","12"
"2022","여","30","서울특별시","불합격","인천광역시","2"
"2022","여","30","서울특별시","불합격","충청남도","1"
"2022","여","30","서울특별시","불합격","충청북도","1"
"2022","여","30","서울특별시","합격","강원특별자치도","5"
"2022","여","30","서울특별시","합격","경상남도","22"
"2022","여","30","서울특별시","합격","경상북도","2"
"2022","여","30","서울특별시","합격","광주광역시","5"
"2022","여","30","서울특별시","합격","기타","1"
"2022","여","30","서울특별시","합격","대전광역시","1"
"2022","여","30","서울특별시","합격","서울특별시","1885"
"2022","여","30","서울특별시","합격","세종특별자치시","1"
"2022","여","30","서울특별시","합격","수원","361"
"2022","여","30","서울특별시","합격","의정부","106"
"2022","여","30","서울특별시","합격","인천광역시","4"
"2022","여","30","서울특별시","합격","전라남도","5"
"2022","여","30","서울특별시","합격","전북특별자치도","2"
"2022","여","30","서울특별시","합격","충청남도","6"
"2022","여","30","서울특별시","합격","충청북도","2"
"2022","여","40","서울특별시","결시","강원특별자치도","1"
"2022","여","40","서울특별시","결시","경상남도","3"
"2022","여","40","서울특별시","결시","기타","6"
"2022","여","40","서울특별시","결시","서울특별시","236"
"2022","여","40","서울특별시","결시","세종특별자치시","1"
"2022","여","40","서울특별시","결시","수원","52"
"2022","여","40","서울특별시","결시","의정부","20"
"2022","여","40","서울특별시","결시","인천광역시","2"
"2022","여","40","서울특별시","결시","전라남도","4"
"2022","여","40","서울특별시","결시","충청남도","2"
"2022","여","40","서울특별시","불합격","경상남도","3"
"2022","여","40","서울특별시","불합격","서울특별시","331"
"2022","여","40","서울특별시","불합격","수원","83"
"2022","여","40","서울특별시","불합격","의정부","21"
"2022","여","40","서울특별시","불합격","인천광역시","1"
"2022","여","40","서울특별시","불합격","전라남도","2"
"2022","여","40","서울특별시","불합격","전북특별자치도","5"
"2022","여","40","서울특별시","불합격","충청남도","1"
"2022","여","40","서울특별시","응시결격","수원","2"
"2022","여","40","서울특별시","합격","강원특별자치도","9"
"2022","여","40","서울특별시","합격","경상남도","41"
"2022","여","40","서울특별시","합격","경상북도","2"
"2022","여","40","서울특별시","합격","광주광역시","12"
"2022","여","40","서울특별시","합격","기타","2"
"2022","여","40","서울특별시","합격","대전광역시","6"
"2022","여","40","서울특별시","합격","부산광역시","2"
"2022","여","40","서울특별시","합격","서울특별시","8188"
"2022","여","40","서울특별시","합격","세종특별자치시","3"
"2022","여","40","서울특별시","합격","수원","1732"
"2022","여","40","서울특별시","합격","울산광역시","1"
"2022","여","40","서울특별시","합격","의정부","661"
"2022","여","40","서울특별시","합격","인천광역시","16"
"2022","여","40","서울특별시","합격","전라남도","36"
"2022","여","40","서울특별시","합격","전북특별자치도","3"
"2022","여","40","서울특별시","합격","충청남도","22"
"2022","여","40","서울특별시","합격","충청북도","2"
"2022","여","50","서울특별시","결시","경상남도","3"
"2022","여","50","서울특별시","결시","광주광역시","2"
"2022","여","50","서울특별시","결시","기타","10"
"2022","여","50","서울특별시","결시","서울특별시","559"
"2022","여","50","서울특별시","결시","세종특별자치시","1"
"2022","여","50","서울특별시","결시","수원","135"
"2022","여","50","서울특별시","결시","울산광역시","1"
"2022","여","50","서울특별시","결시","의정부","33"
"2022","여","50","서울특별시","결시","전라남도","6"
"2022","여","50","서울특별시","결시","제주특별자치도","1"
"2022","여","50","서울특별시","결시","충청남도","6"
"2022","여","50","서울특별시","결시","충청북도","1"
"2022","여","50","서울특별시","불합격","경상남도","5"
"2022","여","50","서울특별시","불합격","광주광역시","5"
"2022","여","50","서울특별시","불합격","서울특별시","965"
"2022","여","50","서울특별시","불합격","세종특별자치시","1"
"2022","여","50","서울특별시","불합격","수원","187"
"2022","여","50","서울특별시","불합격","의정부","70"
"2022","여","50","서울특별시","불합격","전라남도","12"
"2022","여","50","서울특별시","불합격","충청남도","9"
"2022","여","50","서울특별시","불합격","충청북도","1"
"2022","여","50","서울특별시","응시결격","수원","5"
"2022","여","50","서울특별시","응시결격","의정부","1"
"2022","여","50","서울특별시","합격","강원특별자치도","17"
"2022","여","50","서울특별시","합격","경상남도","59"
"2022","여","50","서울특별시","합격","경상북도","3"
"2022","여","50","서울특별시","합격","광주광역시","22"
"2022","여","50","서울특별시","합격","기타","2"
"2022","여","50","서울특별시","합격","대구광역시","1"
"2022","여","50","서울특별시","합격","대전광역시","3"
"2022","여","50","서울특별시","합격","부산광역시","3"
"2022","여","50","서울특별시","합격","서울특별시","17736"
"2022","여","50","서울특별시","합격","세종특별자치시","1"
"2022","여","50","서울특별시","합격","수원","3372"
"2022","여","50","서울특별시","합격","울산광역시","1"
"2022","여","50","서울특별시","합격","의정부","1478"
"2022","여","50","서울특별시","합격","인천광역시","9"
"2022","여","50","서울특별시","합격","전라남도","47"
"2022","여","50","서울특별시","합격","전북특별자치도","3"
"2022","여","50","서울특별시","합격","충청남도","24"
"2022","여","50","서울특별시","합격","충청북도","6"
"2022","여","60","서울특별시","결시","강원특별자치도","1"
"2022","여","60","서울특별시","결시","경상남도","4"
"2022","여","60","서울특별시","결시","광주광역시","1"
"2022","여","60","서울특별시","결시","기타","12"
"2022","여","60","서울특별시","결시","대전광역시","1"
"2022","여","60","서울특별시","결시","서울특별시","600"
"2022","여","60","서울특별시","결시","수원","128"
"2022","여","60","서울특별시","결시","의정부","51"
"2022","여","60","서울특별시","결시","전라남도","5"
"2022","여","60","서울특별시","결시","전북특별자치도","1"
"2022","여","60","서울특별시","결시","충청남도","1"
"2022","여","60","서울특별시","불합격","광주광역시","1"
"2022","여","60","서울특별시","불합격","서울특별시","2269"
"2022","여","60","서울특별시","불합격","수원","367"
"2022","여","60","서울특별시","불합격","의정부","115"
"2022","여","60","서울특별시","불합격","인천광역시","1"
"2022","여","60","서울특별시","불합격","전라남도","16"
"2022","여","60","서울특별시","불합격","충청남도","2"
"2022","여","60","서울특별시","합격","강원특별자치도","6"
"2022","여","60","서울특별시","합격","경상남도","28"
"2022","여","60","서울특별시","합격","광주광역시","11"
"2022","여","60","서울특별시","합격","기타","1"
"2022","여","60","서울특별시","합격","대구광역시","1"
"2022","여","60","서울특별시","합격","대전광역시","1"
"2022","여","60","서울특별시","합격","서울특별시","14035"
"2022","여","60","서울특별시","합격","세종특별자치시","2"
"2022","여","60","서울특별시","합격","수원","2594"
"2022","여","60","서울특별시","합격","울산광역시","2"
"2022","여","60","서울특별시","합격","의정부","1098"
"2022","여","60","서울특별시","합격","인천광역시","2"
"2022","여","60","서울특별시","합격","전라남도","37"
"2022","여","60","서울특별시","합격","전북특별자치도","3"
"2022","여","60","서울특별시","합격","제주특별자치도","1"
"2022","여","60","서울특별시","합격","충청남도","23"
"2022","여","60","서울특별시","합격","충청북도","1"
"2022","여","70","서울특별시","결시","강원특별자치도","2"
"2022","여","70","서울특별시","결시","서울특별시","126"
"2022","여","70","서울특별시","결시","수원","20"
"2022","여","70","서울특별시","결시","의정부","7"
"2022","여","70","서울특별시","결시","전라남도","1"
"2022","여","70","서울특별시","결시","충청남도","1"
"2022","여","70","서울특별시","불합격","강원특별자치도","3"
"2022","여","70","서울특별시","불합격","서울특별시","746"
"2022","여","70","서울특별시","불합격","수원","98"
"2022","여","70","서울특별시","불합격","의정부","31"
"2022","여","70","서울특별시","불합격","전라남도","5"
"2022","여","70","서울특별시","불합격","전북특별자치도","3"
"2022","여","70","서울특별시","불합격","충청남도","2"
"2022","여","70","서울특별시","합격","경상남도","2"
"2022","여","70","서울특별시","합격","광주광역시","1"
"2022","여","70","서울특별시","합격","대전광역시","1"
"2022","여","70","서울특별시","합격","서울특별시","2047"
"2022","여","70","서울특별시","합격","수원","307"
"2022","여","70","서울특별시","합격","의정부","149"
"2022","여","70","서울특별시","합격","인천광역시","1"
"2022","여","70","서울특별시","합격","전라남도","3"
"2022","여","70","서울특별시","합격","전북특별자치도","1"
"2022","여","80","서울특별시","결시","서울특별시","9"
"2022","여","80","서울특별시","결시","수원","4"
"2022","여","80","서울특별시","결시","의정부","1"
"2022","여","80","서울특별시","불합격","서울특별시","42"
"2022","여","80","서울특별시","불합격","수원","8"
"2022","여","80","서울특별시","불합격","의정부","2"
"2022","여","80","서울특별시","합격","서울특별시","67"
"2022","여","80","서울특별시","합격","수원","6"
"2022","여","80","서울특별시","합격","의정부","2"
"2022","남","20","세종특별자치시","결시","충청남도","2"
"2022","남","20","세종특별자치시","불합격","세종특별자치시","3"
"2022","남","20","세종특별자치시","불합격","전라남도","1"
"2022","남","20","세종특별자치시","불합격","충청남도","1"
"2022","남","20","세종특별자치시","합격","서울특별시","1"
"2022","남","20","세종특별자치시","합격","세종특별자치시","4"
"2022","남","20","세종특별자치시","합격","수원","1"
"2022","남","20","세종특별자치시","합격","충청남도","10"
"2022","남","30","세종특별자치시","결시","대전광역시","1"
"2022","남","30","세종특별자치시","결시","세종특별자치시","3"
"2022","남","30","세종특별자치시","결시","충청남도","2"
"2022","남","30","세종특별자치시","불합격","세종특별자치시","1"
"2022","남","30","세종특별자치시","불합격","충청남도","7"
"2022","남","30","세종특별자치시","합격","경상남도","1"
"2022","남","30","세종특별자치시","합격","대전광역시","2"
"2022","남","30","세종특별자치시","합격","세종특별자치시","17"
"2022","남","30","세종특별자치시","합격","수원","1"
"2022","남","30","세종특별자치시","합격","충청남도","16"
"2022","남","40","세종특별자치시","결시","충청남도","2"
"2022","남","40","세종특별자치시","불합격","대전광역시","1"
"2022","남","40","세종특별자치시","불합격","충청남도","6"
"2022","남","40","세종특별자치시","불합격","충청북도","1"
"2022","남","40","세종특별자치시","합격","대전광역시","1"
"2022","남","40","세종특별자치시","합격","세종특별자치시","29"
"2022","남","40","세종특별자치시","합격","수원","1"
"2022","남","40","세종특별자치시","합격","전라남도","1"
"2022","남","40","세종특별자치시","합격","전북특별자치도","1"
"2022","남","40","세종특별자치시","합격","충청남도","41"
"2022","남","50","세종특별자치시","결시","광주광역시","2"
"2022","남","50","세종특별자치시","결시","세종특별자치시","2"
"2022","남","50","세종특별자치시","결시","충청남도","4"
"2022","남","50","세종특별자치시","불합격","서울특별시","2"
"2022","남","50","세종특별자치시","불합격","세종특별자치시","1"
"2022","남","50","세종특별자치시","불합격","충청남도","1"
"2022","남","50","세종특별자치시","합격","대전광역시","3"
"2022","남","50","세종특별자치시","합격","서울특별시","2"
"2022","남","50","세종특별자치시","합격","세종특별자치시","55"
"2022","남","50","세종특별자치시","합격","수원","2"
"2022","남","50","세종특별자치시","합격","의정부","1"
"2022","남","50","세종특별자치시","합격","전북특별자치도","1"
"2022","남","50","세종특별자치시","합격","충청남도","86"
"2022","남","60","세종특별자치시","결시","세종특별자치시","2"
"2022","남","60","세종특별자치시","결시","충청남도","3"
"2022","남","60","세종특별자치시","불합격","충청남도","13"
"2022","남","60","세종특별자치시","합격","경상남도","1"
"2022","남","60","세종특별자치시","합격","광주광역시","1"
"2022","남","60","세종특별자치시","합격","대전광역시","1"
"2022","남","60","세종특별자치시","합격","서울특별시","1"
"2022","남","60","세종특별자치시","합격","세종특별자치시","135"
"2022","남","60","세종특별자치시","합격","수원","3"
"2022","남","60","세종특별자치시","합격","제주특별자치도","1"
"2022","남","60","세종특별자치시","합격","충청남도","179"
"2022","남","60","세종특별자치시","합격","충청북도","1"
"2022","남","70","세종특별자치시","결시","충청남도","1"
"2022","남","70","세종특별자치시","불합격","서울특별시","1"
"2022","남","70","세종특별자치시","불합격","세종특별자치시","5"
"2022","남","70","세종특별자치시","불합격","전라남도","1"
"2022","남","70","세종특별자치시","불합격","충청남도","7"
"2022","남","70","세종특별자치시","합격","서울특별시","1"
"2022","남","70","세종특별자치시","합격","세종특별자치시","37"
"2022","남","70","세종특별자치시","합격","충청남도","29"
"2022","남","80","세종특별자치시","결시","세종특별자치시","1"
"2022","남","80","세종특별자치시","불합격","세종특별자치시","2"
"2022","남","80","세종특별자치시","불합격","충청남도","7"
"2022","남","80","세종특별자치시","합격","세종특별자치시","2"
"2022","남","80","세종특별자치시","합격","충청남도","3"
"2022","여","20","세종특별자치시","결시","대전광역시","1"
"2022","여","20","세종특별자치시","결시","세종특별자치시","1"
"2022","여","20","세종특별자치시","결시","충청남도","3"
"2022","여","20","세종특별자치시","불합격","대전광역시","4"
"2022","여","20","세종특별자치시","불합격","세종특별자치시","1"
"2022","여","20","세종특별자치시","불합격","충청남도","13"
"2022","여","20","세종특별자치시","합격","대전광역시","1"
"2022","여","20","세종특별자치시","합격","세종특별자치시","15"
"2022","여","20","세종특별자치시","합격","의정부","1"
"2022","여","20","세종특별자치시","합격","충청남도","28"
"2022","여","30","세종특별자치시","결시","대전광역시","1"
"2022","여","30","세종특별자치시","결시","서울특별시","1"
"2022","여","30","세종특별자치시","결시","세종특별자치시","5"
"2022","여","30","세종특별자치시","결시","충청남도","10"
"2022","여","30","세종특별자치시","불합격","광주광역시","1"
"2022","여","30","세종특별자치시","불합격","세종특별자치시","10"
"2022","여","30","세종특별자치시","불합격","충청남도","5"
"2022","여","30","세종특별자치시","합격","광주광역시","1"
"2022","여","30","세종특별자치시","합격","대전광역시","4"
"2022","여","30","세종특별자치시","합격","서울특별시","3"
"2022","여","30","세종특별자치시","합격","세종특별자치시","95"
"2022","여","30","세종특별자치시","합격","수원","3"
"2022","여","30","세종특별자치시","합격","전북특별자치도","1"
"2022","여","30","세종특별자치시","합격","충청남도","135"
"2022","여","40","세종특별자치시","결시","대전광역시","1"
"2022","여","40","세종특별자치시","결시","서울특별시","2"
"2022","여","40","세종특별자치시","결시","세종특별자치시","14"
"2022","여","40","세종특별자치시","결시","수원","1"
"2022","여","40","세종특별자치시","결시","전라남도","1"
"2022","여","40","세종특별자치시","결시","충청남도","27"
"2022","여","40","세종특별자치시","불합격","경상북도","1"
"2022","여","40","세종특별자치시","불합격","대전광역시","1"
"2022","여","40","세종특별자치시","불합격","세종특별자치시","14"
"2022","여","40","세종특별자치시","불합격","수원","2"
"2022","여","40","세종특별자치시","불합격","충청남도","25"
"2022","여","40","세종특별자치시","합격","경상남도","5"
"2022","여","40","세종특별자치시","합격","경상북도","1"
"2022","여","40","세종특별자치시","합격","광주광역시","1"
"2022","여","40","세종특별자치시","합격","대전광역시","29"
"2022","여","40","세종특별자치시","합격","서울특별시","17"
"2022","여","40","세종특별자치시","합격","세종특별자치시","506"
"2022","여","40","세종특별자치시","합격","수원","18"
"2022","여","40","세종특별자치시","합격","의정부","2"
"2022","여","40","세종특별자치시","합격","전라남도","3"
"2022","여","40","세종특별자치시","합격","전북특별자치도","1"
"2022","여","40","세종특별자치시","합격","충청남도","701"
"2022","여","40","세종특별자치시","합격","충청북도","3"
"2022","여","50","세종특별자치시","결시","대전광역시","1"
"2022","여","50","세종특별자치시","결시","세종특별자치시","8"
"2022","여","50","세종특별자치시","결시","충청남도","42"
"2022","여","50","세종특별자치시","결시","충청북도","2"
"2022","여","50","세종특별자치시","불합격","대전광역시","1"
"2022","여","50","세종특별자치시","불합격","세종특별자치시","21"
"2022","여","50","세종특별자치시","불합격","수원","2"
"2022","여","50","세종특별자치시","불합격","충청남도","62"
"2022","여","50","세종특별자치시","불합격","충청북도","1"
"2022","여","50","세종특별자치시","응시결격","대전광역시","1"
"2022","여","50","세종특별자치시","합격","경상남도","3"
"2022","여","50","세종특별자치시","합격","광주광역시","1"
"2022","여","50","세종특별자치시","합격","대전광역시","19"
"2022","여","50","세종특별자치시","합격","서울특별시","15"
"2022","여","50","세종특별자치시","합격","세종특별자치시","558"
"2022","여","50","세종특별자치시","합격","수원","14"
"2022","여","50","세종특별자치시","합격","의정부","4"
"2022","여","50","세종특별자치시","합격","전라남도","4"
"2022","여","50","세종특별자치시","합격","전북특별자치도","1"
"2022","여","50","세종특별자치시","합격","충청남도","1174"
"2022","여","50","세종특별자치시","합격","충청북도","2"
"2022","여","60","세종특별자치시","결시","서울특별시","1"
"2022","여","60","세종특별자치시","결시","세종특별자치시","9"
"2022","여","60","세종특별자치시","결시","수원","1"
"2022","여","60","세종특별자치시","결시","전라남도","1"
"2022","여","60","세종특별자치시","결시","충청남도","33"
"2022","여","60","세종특별자치시","불합격","세종특별자치시","29"
"2022","여","60","세종특별자치시","불합격","수원","2"
"2022","여","60","세종특별자치시","불합격","충청남도","100"
"2022","여","60","세종특별자치시","합격","경상남도","1"
"2022","여","60","세종특별자치시","합격","광주광역시","2"
"2022","여","60","세종특별자치시","합격","대전광역시","8"
"2022","여","60","세종특별자치시","합격","서울특별시","6"
"2022","여","60","세종특별자치시","합격","세종특별자치시","379"
"2022","여","60","세종특별자치시","합격","수원","7"
"2022","여","60","세종특별자치시","합격","의정부","2"
"2022","여","60","세종특별자치시","합격","전라남도","1"
"2022","여","60","세종특별자치시","합격","충청남도","746"
"2022","여","60","세종특별자치시","합격","충청북도","1"
"2022","여","70","세종특별자치시","결시","세종특별자치시","2"
"2022","여","70","세종특별자치시","결시","충청남도","5"
"2022","여","70","세종특별자치시","불합격","대전광역시","1"
"2022","여","70","세종특별자치시","불합격","서울특별시","1"
"2022","여","70","세종특별자치시","불합격","세종특별자치시","23"
"2022","여","70","세종특별자치시","불합격","충청남도","15"
"2022","여","70","세종특별자치시","합격","경상남도","1"
"2022","여","70","세종특별자치시","합격","대전광역시","1"
"2022","여","70","세종특별자치시","합격","세종특별자치시","52"
"2022","여","70","세종특별자치시","합격","의정부","1"
"2022","여","70","세종특별자치시","합격","충청남도","72"
"2022","여","70","세종특별자치시","합격","충청북도","1"
"2022","여","80","세종특별자치시","결시","세종특별자치시","1"
"2022","여","80","세종특별자치시","불합격","세종특별자치시","5"
"2022","여","80","세종특별자치시","불합격","충청남도","2"
"2022","여","80","세종특별자치시","합격","세종특별자치시","1"
"2022","여","80","세종특별자치시","합격","충청남도","3"
"2022","남","10","순천","불합격","전라남도","4"
"2022","남","10","순천","합격","전라남도","1"
"2022","남","20","순천","결시","전라남도","5"
"2022","남","20","순천","불합격","전라남도","5"
"2022","남","20","순천","합격","서울특별시","1"
"2022","남","20","순천","합격","전라남도","17"
"2022","남","30","순천","결시","기타","1"
"2022","남","30","순천","결시","전라남도","1"
"2022","남","30","순천","불합격","전라남도","9"
"2022","남","30","순천","합격","광주광역시","2"
"2022","남","30","순천","합격","전라남도","31"
"2022","남","40","순천","결시","전라남도","4"
"2022","남","40","순천","불합격","전라남도","11"
"2022","남","40","순천","합격","광주광역시","2"
"2022","남","40","순천","합격","서울특별시","1"
"2022","남","40","순천","합격","전라남도","105"
"2022","남","50","순천","결시","광주광역시","1"
"2022","남","50","순천","결시","전라남도","25"
"2022","남","50","순천","불합격","전라남도","40"
"2022","남","50","순천","응시결격","전라남도","1"
"2022","남","50","순천","합격","광주광역시","2"
"2022","남","50","순천","합격","서울특별시","1"
"2022","남","50","순천","합격","전라남도","254"
"2022","남","60","순천","결시","광주광역시","1"
"2022","남","60","순천","결시","전라남도","36"
"2022","남","60","순천","불합격","광주광역시","2"
"2022","남","60","순천","불합격","전라남도","51"
"2022","남","60","순천","합격","경상남도","1"
"2022","남","60","순천","합격","광주광역시","1"
"2022","남","60","순천","합격","의정부","1"
"2022","남","60","순천","합격","전라남도","358"
"2022","남","70","순천","결시","광주광역시","1"
"2022","남","70","순천","결시","전라남도","6"
"2022","남","70","순천","불합격","전라남도","23"
"2022","남","70","순천","합격","광주광역시","2"
"2022","남","70","순천","합격","전라남도","91"
"2022","남","80","순천","불합격","전라남도","4"
"2022","남","80","순천","합격","전라남도","6"
"2022","여","20","순천","결시","전라남도","5"
"2022","여","20","순천","불합격","전라남도","16"
"2022","여","20","순천","합격","인천광역시","1"
"2022","여","20","순천","합격","전라남도","76"
"2022","여","30","순천","결시","기타","1"
"2022","여","30","순천","결시","전라남도","29"
"2022","여","30","순천","불합격","전라남도","58"
"2022","여","30","순천","합격","경상남도","2"
"2022","여","30","순천","합격","광주광역시","1"
"2022","여","30","순천","합격","대구광역시","1"
"2022","여","30","순천","합격","서울특별시","2"
"2022","여","30","순천","합격","수원","1"
"2022","여","30","순천","합격","울산광역시","1"
"2022","여","30","순천","합격","의정부","1"
"2022","여","30","순천","합격","전라남도","446"
"2022","여","40","순천","결시","경상남도","3"
"2022","여","40","순천","결시","기타","1"
"2022","여","40","순천","결시","전라남도","91"
"2022","여","40","순천","불합격","경상남도","1"
"2022","여","40","순천","불합격","광주광역시","1"
"2022","여","40","순천","불합격","전라남도","124"
"2022","여","40","순천","합격","경상남도","4"
"2022","여","40","순천","합격","광주광역시","1"
"2022","여","40","순천","합격","대전광역시","1"
"2022","여","40","순천","합격","서울특별시","3"
"2022","여","40","순천","합격","수원","2"
"2022","여","40","순천","합격","의정부","1"
"2022","여","40","순천","합격","전라남도","1616"
"2022","여","40","순천","합격","충청남도","1"
"2022","여","50","순천","결시","광주광역시","4"
"2022","여","50","순천","결시","서울특별시","1"
"2022","여","50","순천","결시","전라남도","161"
"2022","여","50","순천","불합격","전라남도","271"
"2022","여","50","순천","합격","경상남도","4"
"2022","여","50","순천","합격","광주광역시","7"
"2022","여","50","순천","합격","부산광역시","1"
"2022","여","50","순천","합격","서울특별시","3"
"2022","여","50","순천","합격","수원","1"
"2022","여","50","순천","합격","전라남도","2184"
"2022","여","50","순천","합격","충청남도","1"
"2022","여","60","순천","결시","광주광역시","2"
"2022","여","60","순천","결시","부산광역시","1"
"2022","여","60","순천","결시","전라남도","81"
"2022","여","60","순천","결시","충청남도","1"
"2022","여","60","순천","불합격","경상남도","2"
"2022","여","60","순천","불합격","광주광역시","10"
"2022","여","60","순천","불합격","부산광역시","1"
"2022","여","60","순천","불합격","수원","1"
"2022","여","60","순천","불합격","전라남도","320"
"2022","여","60","순천","불합격","충청남도","1"
"2022","여","60","순천","합격","광주광역시","4"
"2022","여","60","순천","합격","서울특별시","2"
"2022","여","60","순천","합격","수원","3"
"2022","여","60","순천","합격","의정부","1"
"2022","여","60","순천","합격","전라남도","1013"
"2022","여","70","순천","결시","전라남도","15"
"2022","여","70","순천","불합격","전라남도","76"
"2022","여","70","순천","합격","광주광역시","1"
"2022","여","70","순천","합격","전라남도","107"
"2022","여","80","순천","불합격","전라남도","1"
"2022","여","80","순천","합격","전라남도","2"
"2022","남","20","안동","결시","경상북도","1"
"2022","남","20","안동","불합격","경상북도","4"
"2022","남","20","안동","합격","경상북도","6"
"2022","남","30","안동","불합격","경상북도","3"
"2022","남","30","안동","합격","경상북도","16"
"2022","남","40","안동","결시","경상북도","2"
"2022","남","40","안동","불합격","경상북도","10"
"2022","남","40","안동","합격","경상남도","1"
"2022","남","40","안동","합격","경상북도","49"
"2022","남","40","안동","합격","수원","1"
"2022","남","40","안동","합격","충청북도","3"
"2022","남","50","안동","결시","경상북도","12"
"2022","남","50","안동","결시","서울특별시","2"
"2022","남","50","안동","결시","충청북도","2"
"2022","남","50","안동","불합격","경상북도","5"
"2022","남","50","안동","불합격","대구광역시","1"
"2022","남","50","안동","불합격","서울특별시","1"
"2022","남","50","안동","불합격","의정부","1"
"2022","남","50","안동","불합격","충청북도","1"
"2022","남","50","안동","합격","강원특별자치도","1"
"2022","남","50","안동","합격","경상북도","107"
"2022","남","50","안동","합격","서울특별시","1"
"2022","남","50","안동","합격","수원","5"
"2022","남","50","안동","합격","충청북도","1"
"2022","남","60","안동","결시","경상북도","12"
"2022","남","60","안동","불합격","경상북도","26"
"2022","남","60","안동","합격","경상북도","271"
"2022","남","60","안동","합격","서울특별시","2"
"2022","남","60","안동","합격","의정부","1"
"2022","남","60","안동","합격","충청북도","2"
"2022","남","70","안동","결시","경상북도","1"
"2022","남","70","안동","결시","울산광역시","2"
"2022","남","70","안동","불합격","경상북도","10"
"2022","남","70","안동","합격","경상북도","31"
"2022","남","70","안동","합격","수원","1"
"2022","남","70","안동","합격","충청북도","1"
"2022","남","80","안동","불합격","경상북도","3"
"2022","남","80","안동","합격","경상북도","6"
"2022","여","20","안동","결시","경상북도","2"
"2022","여","20","안동","불합격","강원특별자치도","1"
"2022","여","20","안동","불합격","경상북도","5"
"2022","여","20","안동","불합격","충청북도","3"
"2022","여","20","안동","합격","경상북도","20"
"2022","여","30","안동","결시","경상북도","8"
"2022","여","30","안동","불합격","경상북도","46"
"2022","여","30","안동","합격","강원특별자치도","5"
"2022","여","30","안동","합격","경상남도","1"
"2022","여","30","안동","합격","경상북도","127"
"2022","여","30","안동","합격","대전광역시","1"
"2022","여","30","안동","합격","서울특별시","1"
"2022","여","30","안동","합격","수원","4"
"2022","여","40","안동","결시","강원특별자치도","4"
"2022","여","40","안동","결시","경상북도","34"
"2022","여","40","안동","결시","대구광역시","1"
"2022","여","40","안동","불합격","강원특별자치도","2"
"2022","여","40","안동","불합격","경상북도","39"
"2022","여","40","안동","합격","강원특별자치도","26"
"2022","여","40","안동","합격","경상남도","2"
"2022","여","40","안동","합격","경상북도","599"
"2022","여","40","안동","합격","대전광역시","4"
"2022","여","40","안동","합격","서울특별시","5"
"2022","여","40","안동","합격","수원","4"
"2022","여","40","안동","합격","의정부","2"
"2022","여","40","안동","합격","충청북도","8"
"2022","여","50","안동","결시","강원특별자치도","1"
"2022","여","50","안동","결시","경상북도","36"
"2022","여","50","안동","결시","충청북도","1"
"2022","여","50","안동","불합격","경상북도","97"
"2022","여","50","안동","불합격","서울특별시","1"
"2022","여","50","안동","불합격","충청북도","2"
"2022","여","50","안동","합격","강원특별자치도","23"
"2022","여","50","안동","합격","경상남도","2"
"2022","여","50","안동","합격","경상북도","1097"
"2022","여","50","안동","합격","대전광역시","2"
"2022","여","50","안동","합격","서울특별시","5"
"2022","여","50","안동","합격","세종특별자치시","1"
"2022","여","50","안동","합격","수원","9"
"2022","여","50","안동","합격","울산광역시","1"
"2022","여","50","안동","합격","의정부","1"
"2022","여","50","안동","합격","전라남도","1"
"2022","여","50","안동","합격","전북특별자치도","1"
"2022","여","50","안동","합격","충청북도","26"
"2022","여","60","안동","결시","경상북도","57"
"2022","여","60","안동","불합격","경상북도","181"
"2022","여","60","안동","불합격","충청북도","4"
"2022","여","60","안동","합격","강원특별자치도","3"
"2022","여","60","안동","합격","경상남도","2"
"2022","여","60","안동","합격","경상북도","833"
"2022","여","60","안동","합격","서울특별시","3"
"2022","여","60","안동","합격","수원","5"
"2022","여","60","안동","합격","의정부","2"
"2022","여","60","안동","합격","충청북도","20"
"2022","여","70","안동","결시","경상북도","7"
"2022","여","70","안동","결시","의정부","1"
"2022","여","70","안동","불합격","강원특별자치도","2"
"2022","여","70","안동","불합격","경상남도","1"
"2022","여","70","안동","불합격","경상북도","40"
"2022","여","70","안동","불합격","수원","1"
"2022","여","70","안동","합격","강원특별자치도","2"
"2022","여","70","안동","합격","경상북도","98"
"2022","여","70","안동","합격","수원","2"
"2022","여","70","안동","합격","충청북도","1"
"2022","여","80","안동","결시","경상북도","2"
"2022","여","80","안동","불합격","경상북도","4"
"2022","남","10","여수","합격","전라남도","1"
"2022","남","20","여수","결시","전라남도","1"
"2022","남","20","여수","불합격","전라남도","2"
"2022","남","20","여수","합격","전라남도","5"
"2022","남","30","여수","불합격","전라남도","4"
"2022","남","30","여수","합격","전라남도","9"
"2022","남","40","여수","결시","전라남도","9"
"2022","남","40","여수","불합격","전라남도","13"
"2022","남","40","여수","합격","전라남도","38"
"2022","남","50","여수","결시","전라남도","12"
"2022","남","50","여수","불합격","전라남도","17"
"2022","남","50","여수","합격","전라남도","125"
"2022","남","60","여수","결시","전라남도","10"
"2022","남","60","여수","불합격","전라남도","26"
"2022","남","60","여수","합격","전라남도","160"
"2022","남","70","여수","결시","광주광역시","1"
"2022","남","70","여수","결시","전라남도","8"
"2022","남","70","여수","불합격","전라남도","27"
"2022","남","70","여수","합격","전라남도","51"
"2022","남","80","여수","불합격","전라남도","4"
"2022","남","80","여수","합격","전라남도","4"
"2022","여","10","여수","결시","전라남도","2"
"2022","여","10","여수","불합격","전라남도","2"
"2022","여","10","여수","합격","전라남도","10"
"2022","여","20","여수","결시","전라남도","4"
"2022","여","20","여수","발표보류","전라남도","1"
"2022","여","20","여수","불합격","전라남도","12"
"2022","여","20","여수","합격","서울특별시","2"
"2022","여","20","여수","합격","전라남도","32"
"2022","여","30","여수","결시","수원","1"
"2022","여","30","여수","결시","전라남도","15"
"2022","여","30","여수","불합격","전라남도","21"
"2022","여","30","여수","합격","경상남도","1"
"2022","여","30","여수","합격","서울특별시","2"
"2022","여","30","여수","합격","수원","1"
"2022","여","30","여수","합격","전라남도","199"
"2022","여","40","여수","결시","전라남도","39"
"2022","여","40","여수","결시","충청남도","1"
"2022","여","40","여수","불합격","전라남도","56"
"2022","여","40","여수","합격","강원특별자치도","1"
"2022","여","40","여수","합격","서울특별시","1"
"2022","여","40","여수","합격","수원","1"
"2022","여","40","여수","합격","전라남도","715"
"2022","여","50","여수","결시","전라남도","74"
"2022","여","50","여수","발표보류","전라남도","1"
"2022","여","50","여수","불합격","전라남도","147"
"2022","여","50","여수","합격","광주광역시","3"
"2022","여","50","여수","합격","부산광역시","1"
"2022","여","50","여수","합격","수원","2"
"2022","여","50","여수","합격","전라남도","852"
"2022","여","60","여수","결시","전라남도","75"
"2022","여","60","여수","불합격","경상남도","4"
"2022","여","60","여수","불합격","전라남도","208"
"2022","여","60","여수","합격","광주광역시","1"
"2022","여","60","여수","합격","서울특별시","1"
"2022","여","60","여수","합격","전라남도","462"
"2022","여","70","여수","결시","전라남도","13"
"2022","여","70","여수","불합격","전라남도","47"
"2022","여","70","여수","합격","전라남도","58"
"2022","여","80","여수","결시","전라남도","1"
"2022","여","80","여수","불합격","전라남도","1"
"2022","여","80","여수","합격","전라남도","2"
"2022","남","20","울산광역시","결시","울산광역시","3"
"2022","남","20","울산광역시","불합격","경상남도","1"
"2022","남","20","울산광역시","불합격","경상북도","2"
"2022","남","20","울산광역시","불합격","울산광역시","10"
"2022","남","20","울산광역시","합격","경상북도","5"
"2022","남","20","울산광역시","합격","울산광역시","18"
"2022","남","30","울산광역시","결시","울산광역시","4"
"2022","남","30","울산광역시","불합격","경상북도","2"
"2022","남","30","울산광역시","불합격","울산광역시","4"
"2022","남","30","울산광역시","합격","경상남도","1"
"2022","남","30","울산광역시","합격","경상북도","8"
"2022","남","30","울산광역시","합격","울산광역시","34"
"2022","남","40","울산광역시","결시","경상남도","1"
"2022","남","40","울산광역시","결시","경상북도","4"
"2022","남","40","울산광역시","결시","울산광역시","1"
"2022","남","40","울산광역시","불합격","경상북도","3"
"2022","남","40","울산광역시","합격","경상남도","5"
"2022","남","40","울산광역시","합격","경상북도","26"
"2022","남","40","울산광역시","합격","울산광역시","59"
"2022","남","50","울산광역시","결시","경상북도","1"
"2022","남","50","울산광역시","결시","울산광역시","4"
"2022","남","50","울산광역시","불합격","경상남도","1"
"2022","남","50","울산광역시","불합격","울산광역시","8"
"2022","남","50","울산광역시","합격","경상남도","5"
"2022","남","50","울산광역시","합격","경상북도","56"
"2022","남","50","울산광역시","합격","서울특별시","1"
"2022","남","50","울산광역시","합격","울산광역시","136"
"2022","남","50","울산광역시","합격","인천광역시","1"
"2022","남","50","울산광역시","합격","전라남도","1"
"2022","남","60","울산광역시","결시","경상북도","3"
"2022","남","60","울산광역시","결시","울산광역시","18"
"2022","남","60","울산광역시","불합격","경상북도","3"
"2022","남","60","울산광역시","불합격","울산광역시","42"
"2022","남","60","울산광역시","합격","경상남도","9"
"2022","남","60","울산광역시","합격","경상북도","74"
"2022","남","60","울산광역시","합격","수원","1"
"2022","남","60","울산광역시","합격","울산광역시","529"
"2022","남","70","울산광역시","결시","경상북도","1"
"2022","남","70","울산광역시","결시","울산광역시","6"
"2022","남","70","울산광역시","불합격","울산광역시","30"
"2022","남","70","울산광역시","합격","경상남도","1"
"2022","남","70","울산광역시","합격","경상북도","19"
"2022","남","70","울산광역시","합격","울산광역시","138"
"2022","남","80","울산광역시","불합격","울산광역시","7"
"2022","남","80","울산광역시","합격","울산광역시","4"
"2022","여","10","울산광역시","불합격","경상북도","1"
"2022","여","10","울산광역시","합격","울산광역시","1"
"2022","여","20","울산광역시","결시","울산광역시","9"
"2022","여","20","울산광역시","불합격","경상남도","2"
"2022","여","20","울산광역시","불합격","경상북도","5"
"2022","여","20","울산광역시","불합격","울산광역시","18"
"2022","여","20","울산광역시","합격","경상남도","3"
"2022","여","20","울산광역시","합격","경상북도","20"
"2022","여","20","울산광역시","합격","서울특별시","1"
"2022","여","20","울산광역시","합격","울산광역시","85"
"2022","여","30","울산광역시","결시","경상남도","1"
"2022","여","30","울산광역시","결시","경상북도","6"
"2022","여","30","울산광역시","결시","울산광역시","11"
"2022","여","30","울산광역시","불합격","경상남도","1"
"2022","여","30","울산광역시","불합격","경상북도","17"
"2022","여","30","울산광역시","불합격","울산광역시","25"
"2022","여","30","울산광역시","합격","경상남도","17"
"2022","여","30","울산광역시","합격","경상북도","113"
"2022","여","30","울산광역시","합격","부산광역시","1"
"2022","여","30","울산광역시","합격","서울특별시","2"
"2022","여","30","울산광역시","합격","수원","1"
"2022","여","30","울산광역시","합격","울산광역시","363"
"2022","여","30","울산광역시","합격","의정부","1"
"2022","여","30","울산광역시","합격","전라남도","1"
"2022","여","40","울산광역시","결시","경상남도","5"
"2022","여","40","울산광역시","결시","경상북도","31"
"2022","여","40","울산광역시","결시","기타","1"
"2022","여","40","울산광역시","결시","울산광역시","41"
"2022","여","40","울산광역시","결시","전라남도","3"
"2022","여","40","울산광역시","불합격","경상남도","4"
"2022","여","40","울산광역시","불합격","경상북도","32"
"2022","여","40","울산광역시","불합격","수원","1"
"2022","여","40","울산광역시","불합격","울산광역시","74"
"2022","여","40","울산광역시","불합격","전라남도","2"
"2022","여","40","울산광역시","응시결격","울산광역시","1"
"2022","여","40","울산광역시","합격","강원특별자치도","1"
"2022","여","40","울산광역시","합격","경상남도","69"
"2022","여","40","울산광역시","합격","경상북도","656"
"2022","여","40","울산광역시","합격","광주광역시","2"
"2022","여","40","울산광역시","합격","대전광역시","1"
"2022","여","40","울산광역시","합격","부산광역시","1"
"2022","여","40","울산광역시","합격","서울특별시","8"
"2022","여","40","울산광역시","합격","수원","8"
"2022","여","40","울산광역시","합격","울산광역시","1831"
"2022","여","40","울산광역시","합격","의정부","1"
"2022","여","40","울산광역시","합격","전라남도","3"
"2022","여","50","울산광역시","결시","경상남도","1"
"2022","여","50","울산광역시","결시","경상북도","35"
"2022","여","50","울산광역시","결시","서울특별시","1"
"2022","여","50","울산광역시","결시","울산광역시","69"
"2022","여","50","울산광역시","불합격","경상북도","27"
"2022","여","50","울산광역시","불합격","광주광역시","3"
"2022","여","50","울산광역시","불합격","울산광역시","142"
"2022","여","50","울산광역시","합격","강원특별자치도","1"
"2022","여","50","울산광역시","합격","경상남도","50"
"2022","여","50","울산광역시","합격","경상북도","984"
"2022","여","50","울산광역시","합격","광주광역시","2"
"2022","여","50","울산광역시","합격","대전광역시","1"
"2022","여","50","울산광역시","합격","부산광역시","1"
"2022","여","50","울산광역시","합격","서울특별시","11"
"2022","여","50","울산광역시","합격","수원","6"
"2022","여","50","울산광역시","합격","울산광역시","3118"
"2022","여","50","울산광역시","합격","의정부","1"
"2022","여","50","울산광역시","합격","전라남도","10"
"2022","여","50","울산광역시","합격","충청남도","1"
"2022","여","60","울산광역시","결시","경상남도","9"
"2022","여","60","울산광역시","결시","경상북도","21"
"2022","여","60","울산광역시","결시","부산광역시","1"
"2022","여","60","울산광역시","결시","수원","2"
"2022","여","60","울산광역시","결시","울산광역시","64"
"2022","여","60","울산광역시","결시","제주특별자치도","1"
"2022","여","60","울산광역시","불합격","경상남도","10"
"2022","여","60","울산광역시","불합격","경상북도","51"
"2022","여","60","울산광역시","불합격","광주광역시","1"
"2022","여","60","울산광역시","불합격","서울특별시","2"
"2022","여","60","울산광역시","불합격","울산광역시","298"
"2022","여","60","울산광역시","불합격","전라남도","1"
"2022","여","60","울산광역시","합격","경상남도","24"
"2022","여","60","울산광역시","합격","경상북도","483"
"2022","여","60","울산광역시","합격","대전광역시","1"
"2022","여","60","울산광역시","합격","부산광역시","1"
"2022","여","60","울산광역시","합격","서울특별시","5"
"2022","여","60","울산광역시","합격","수원","2"
"2022","여","60","울산광역시","합격","울산광역시","2040"
"2022","여","60","울산광역시","합격","의정부","2"
"2022","여","60","울산광역시","합격","전라남도","5"
"2022","여","60","울산광역시","합격","충청남도","1"
"2022","여","70","울산광역시","결시","경상북도","5"
"2022","여","70","울산광역시","결시","울산광역시","4"
"2022","여","70","울산광역시","불합격","경상남도","4"
"2022","여","70","울산광역시","불합격","경상북도","14"
"2022","여","70","울산광역시","불합격","울산광역시","88"
"2022","여","70","울산광역시","합격","경상북도","50"
"2022","여","70","울산광역시","합격","울산광역시","175"
"2022","여","70","울산광역시","합격","전라남도","1"
"2022","여","80","울산광역시","불합격","경상북도","1"
"2022","여","80","울산광역시","불합격","울산광역시","3"
"2022","여","80","울산광역시","합격","경상북도","1"
"2022","여","80","울산광역시","합격","울산광역시","3"
"2022","남","10","인천광역시","합격","수원","1"
"2022","남","20","인천광역시","결시","인천광역시","1"
"2022","남","20","인천광역시","결시","충청남도","1"
"2022","남","20","인천광역시","불합격","수원","4"
"2022","남","20","인천광역시","불합격","인천광역시","8"
"2022","남","20","인천광역시","불합격","전라남도","1"
"2022","남","20","인천광역시","합격","서울특별시","1"
"2022","남","20","인천광역시","합격","수원","24"
"2022","남","20","인천광역시","합격","의정부","1"
"2022","남","20","인천광역시","합격","인천광역시","17"
"2022","남","20","인천광역시","합격","전라남도","1"
"2022","남","30","인천광역시","결시","경상남도","1"
"2022","남","30","인천광역시","결시","서울특별시","3"
"2022","남","30","인천광역시","결시","수원","6"
"2022","남","30","인천광역시","결시","인천광역시","1"
"2022","남","30","인천광역시","불합격","서울특별시","2"
"2022","남","30","인천광역시","불합격","수원","10"
"2022","남","30","인천광역시","불합격","인천광역시","11"
"2022","남","30","인천광역시","응시결격","인천광역시","2"
"2022","남","30","인천광역시","합격","경상남도","1"
"2022","남","30","인천광역시","합격","광주광역시","1"
"2022","남","30","인천광역시","합격","서울특별시","4"
"2022","남","30","인천광역시","합격","수원","43"
"2022","남","30","인천광역시","합격","의정부","1"
"2022","남","30","인천광역시","합격","인천광역시","65"
"2022","남","30","인천광역시","합격","전라남도","1"
"2022","남","40","인천광역시","결시","경상북도","1"
"2022","남","40","인천광역시","결시","수원","5"
"2022","남","40","인천광역시","결시","의정부","1"
"2022","남","40","인천광역시","결시","인천광역시","2"
"2022","남","40","인천광역시","불합격","경상북도","1"
"2022","남","40","인천광역시","불합격","서울특별시","1"
"2022","남","40","인천광역시","불합격","수원","13"
"2022","남","40","인천광역시","불합격","의정부","1"
"2022","남","40","인천광역시","불합격","인천광역시","21"
"2022","남","40","인천광역시","합격","경상남도","1"
"2022","남","40","인천광역시","합격","서울특별시","19"
"2022","남","40","인천광역시","합격","세종특별자치시","1"
"2022","남","40","인천광역시","합격","수원","130"
"2022","남","40","인천광역시","합격","의정부","2"
"2022","남","40","인천광역시","합격","인천광역시","114"
"2022","남","40","인천광역시","합격","전라남도","2"
"2022","남","40","인천광역시","합격","충청남도","1"
"2022","남","50","인천광역시","결시","경상남도","1"
"2022","남","50","인천광역시","결시","서울특별시","1"
"2022","남","50","인천광역시","결시","수원","15"
"2022","남","50","인천광역시","결시","인천광역시","9"
"2022","남","50","인천광역시","불합격","광주광역시","2"
"2022","남","50","인천광역시","불합격","서울특별시","7"
"2022","남","50","인천광역시","불합격","수원","19"
"2022","남","50","인천광역시","불합격","의정부","1"
"2022","남","50","인천광역시","불합격","인천광역시","28"
"2022","남","50","인천광역시","응시결격","인천광역시","2"
"2022","남","50","인천광역시","합격","경상남도","1"
"2022","남","50","인천광역시","합격","대전광역시","1"
"2022","남","50","인천광역시","합격","부산광역시","1"
"2022","남","50","인천광역시","합격","서울특별시","30"
"2022","남","50","인천광역시","합격","수원","266"
"2022","남","50","인천광역시","합격","의정부","3"
"2022","남","50","인천광역시","합격","인천광역시","306"
"2022","남","50","인천광역시","합격","전라남도","3"
"2022","남","50","인천광역시","합격","충청남도","1"
"2022","남","60","인천광역시","결시","기타","1"
"2022","남","60","인천광역시","결시","서울특별시","2"
"2022","남","60","인천광역시","결시","수원","22"
"2022","남","60","인천광역시","결시","의정부","1"
"2022","남","60","인천광역시","결시","인천광역시","13"
"2022","남","60","인천광역시","불합격","강원특별자치도","1"
"2022","남","60","인천광역시","불합격","경상남도","3"
"2022","남","60","인천광역시","불합격","서울특별시","2"
"2022","남","60","인천광역시","불합격","수원","36"
"2022","남","60","인천광역시","불합격","인천광역시","26"
"2022","남","60","인천광역시","불합격","전라남도","2"
"2022","남","60","인천광역시","합격","강원특별자치도","1"
"2022","남","60","인천광역시","합격","경상남도","2"
"2022","남","60","인천광역시","합격","서울특별시","24"
"2022","남","60","인천광역시","합격","수원","478"
"2022","남","60","인천광역시","합격","의정부","2"
"2022","남","60","인천광역시","합격","인천광역시","688"
"2022","남","60","인천광역시","합격","전라남도","2"
"2022","남","60","인천광역시","합격","충청남도","1"
"2022","남","70","인천광역시","결시","기타","1"
"2022","남","70","인천광역시","결시","수원","3"
"2022","남","70","인천광역시","결시","인천광역시","2"
"2022","남","70","인천광역시","불합격","경상남도","2"
"2022","남","70","인천광역시","불합격","서울특별시","1"
"2022","남","70","인천광역시","불합격","수원","22"
"2022","남","70","인천광역시","불합격","인천광역시","31"
"2022","남","70","인천광역시","합격","경상남도","1"
"2022","남","70","인천광역시","합격","서울특별시","2"
"2022","남","70","인천광역시","합격","수원","133"
"2022","남","70","인천광역시","합격","인천광역시","170"
"2022","남","70","인천광역시","합격","전라남도","1"
"2022","남","80","인천광역시","결시","수원","2"
"2022","남","80","인천광역시","불합격","수원","8"
"2022","남","80","인천광역시","불합격","인천광역시","10"
"2022","남","80","인천광역시","합격","수원","7"
"2022","남","80","인천광역시","합격","인천광역시","18"
"2022","남","90","인천광역시","합격","인천광역시","1"
"2022","여","10","인천광역시","합격","수원","1"
"2022","여","20","인천광역시","결시","수원","3"
"2022","여","20","인천광역시","결시","인천광역시","3"
"2022","여","20","인천광역시","불합격","서울특별시","1"
"2022","여","20","인천광역시","불합격","수원","12"
"2022","여","20","인천광역시","불합격","인천광역시","9"
"2022","여","20","인천광역시","합격","기타","1"
"2022","여","20","인천광역시","합격","서울특별시","11"
"2022","여","20","인천광역시","합격","수원","92"
"2022","여","20","인천광역시","합격","의정부","1"
"2022","여","20","인천광역시","합격","인천광역시","78"
"2022","여","20","인천광역시","합격","충청남도","1"
"2022","여","30","인천광역시","결시","기타","2"
"2022","여","30","인천광역시","결시","서울특별시","1"
"2022","여","30","인천광역시","결시","수원","24"
"2022","여","30","인천광역시","결시","인천광역시","13"
"2022","여","30","인천광역시","불합격","서울특별시","7"
"2022","여","30","인천광역시","불합격","수원","41"
"2022","여","30","인천광역시","불합격","의정부","1"
"2022","여","30","인천광역시","불합격","인천광역시","33"
"2022","여","30","인천광역시","합격","강원특별자치도","1"
"2022","여","30","인천광역시","합격","경상남도","5"
"2022","여","30","인천광역시","합격","광주광역시","1"
"2022","여","30","인천광역시","합격","기타","1"
"2022","여","30","인천광역시","합격","대전광역시","1"
"2022","여","30","인천광역시","합격","서울특별시","61"
"2022","여","30","인천광역시","합격","수원","430"
"2022","여","30","인천광역시","합격","의정부","10"
"2022","여","30","인천광역시","합격","인천광역시","401"
"2022","여","30","인천광역시","합격","전라남도","5"
"2022","여","30","인천광역시","합격","충청남도","5"
"2022","여","40","인천광역시","결시","광주광역시","1"
"2022","여","40","인천광역시","결시","기타","3"
"2022","여","40","인천광역시","결시","서울특별시","7"
"2022","여","40","인천광역시","결시","수원","59"
"2022","여","40","인천광역시","결시","의정부","1"
"2022","여","40","인천광역시","결시","인천광역시","65"
"2022","여","40","인천광역시","불합격","강원특별자치도","1"
"2022","여","40","인천광역시","불합격","경상남도","1"
"2022","여","40","인천광역시","불합격","서울특별시","17"
"2022","여","40","인천광역시","불합격","수원","82"
"2022","여","40","인천광역시","불합격","인천광역시","81"
"2022","여","40","인천광역시","불합격","전라남도","1"
"2022","여","40","인천광역시","응시결격","인천광역시","4"
"2022","여","40","인천광역시","합격","강원특별자치도","5"
"2022","여","40","인천광역시","합격","경상남도","14"
"2022","여","40","인천광역시","합격","광주광역시","6"
"2022","여","40","인천광역시","합격","기타","2"
"2022","여","40","인천광역시","합격","대전광역시","1"
"2022","여","40","인천광역시","합격","서울특별시","181"
"2022","여","40","인천광역시","합격","세종특별자치시","1"
"2022","여","40","인천광역시","합격","수원","2180"
"2022","여","40","인천광역시","합격","의정부","37"
"2022","여","40","인천광역시","합격","인천광역시","2097"
"2022","여","40","인천광역시","합격","전라남도","12"
"2022","여","40","인천광역시","합격","전북특별자치도","1"
"2022","여","40","인천광역시","합격","충청남도","2"
"2022","여","50","인천광역시","결시","강원특별자치도","1"
"2022","여","50","인천광역시","결시","경상남도","3"
"2022","여","50","인천광역시","결시","기타","6"
"2022","여","50","인천광역시","결시","서울특별시","18"
"2022","여","50","인천광역시","결시","수원","112"
"2022","여","50","인천광역시","결시","의정부","2"
"2022","여","50","인천광역시","결시","인천광역시","112"
"2022","여","50","인천광역시","결시","전라남도","3"
"2022","여","50","인천광역시","결시","충청남도","3"
"2022","여","50","인천광역시","불합격","강원특별자치도","1"
"2022","여","50","인천광역시","불합격","경상남도","5"
"2022","여","50","인천광역시","불합격","광주광역시","1"
"2022","여","50","인천광역시","불합격","부산광역시","2"
"2022","여","50","인천광역시","불합격","서울특별시","18"
"2022","여","50","인천광역시","불합격","수원","252"
"2022","여","50","인천광역시","불합격","인천광역시","273"
"2022","여","50","인천광역시","불합격","전라남도","6"
"2022","여","50","인천광역시","불합격","충청남도","2"
"2022","여","50","인천광역시","응시결격","수원","1"
"2022","여","50","인천광역시","합격","강원특별자치도","6"
"2022","여","50","인천광역시","합격","경상남도","27"
"2022","여","50","인천광역시","합격","경상북도","1"
"2022","여","50","인천광역시","합격","광주광역시","4"
"2022","여","50","인천광역시","합격","기타","2"
"2022","여","50","인천광역시","합격","대전광역시","1"
"2022","여","50","인천광역시","합격","서울특별시","254"
"2022","여","50","인천광역시","합격","세종특별자치시","1"
"2022","여","50","인천광역시","합격","수원","4118"
"2022","여","50","인천광역시","합격","의정부","23"
"2022","여","50","인천광역시","합격","인천광역시","5071"
"2022","여","50","인천광역시","합격","전라남도","14"
"2022","여","50","인천광역시","합격","충청남도","13"
"2022","여","50","인천광역시","합격","충청북도","1"
"2022","여","60","인천광역시","결시","경상남도","2"
"2022","여","60","인천광역시","결시","경상북도","1"
"2022","여","60","인천광역시","결시","기타","4"
"2022","여","60","인천광역시","결시","서울특별시","8"
"2022","여","60","인천광역시","결시","수원","95"
"2022","여","60","인천광역시","결시","인천광역시","134"
"2022","여","60","인천광역시","결시","전라남도","1"
"2022","여","60","인천광역시","결시","충청북도","1"
"2022","여","60","인천광역시","불합격","경상남도","3"
"2022","여","60","인천광역시","불합격","광주광역시","1"
"2022","여","60","인천광역시","불합격","서울특별시","15"
"2022","여","60","인천광역시","불합격","수원","431"
"2022","여","60","인천광역시","불합격","인천광역시","543"
"2022","여","60","인천광역시","불합격","전라남도","2"
"2022","여","60","인천광역시","불합격","충청북도","1"
"2022","여","60","인천광역시","응시결격","수원","1"
"2022","여","60","인천광역시","응시결격","인천광역시","1"
"2022","여","60","인천광역시","합격","강원특별자치도","1"
"2022","여","60","인천광역시","합격","경상남도","12"
"2022","여","60","인천광역시","합격","경상북도","2"
"2022","여","60","인천광역시","합격","광주광역시","5"
"2022","여","60","인천광역시","합격","대전광역시","1"
"2022","여","60","인천광역시","합격","서울특별시","75"
"2022","여","60","인천광역시","합격","수원","2611"
"2022","여","60","인천광역시","합격","의정부","3"
"2022","여","60","인천광역시","합격","인천광역시","3989"
"2022","여","60","인천광역시","합격","전라남도","14"
"2022","여","60","인천광역시","합격","전북특별자치도","1"
"2022","여","60","인천광역시","합격","충청남도","3"
"2022","여","70","인천광역시","결시","서울특별시","1"
"2022","여","70","인천광역시","결시","수원","16"
"2022","여","70","인천광역시","결시","인천광역시","21"
"2022","여","70","인천광역시","불합격","경상남도","3"
"2022","여","70","인천광역시","불합격","서울특별시","1"
"2022","여","70","인천광역시","불합격","수원","76"
"2022","여","70","인천광역시","불합격","의정부","3"
"2022","여","70","인천광역시","불합격","인천광역시","106"
"2022","여","70","인천광역시","합격","경상남도","1"
"2022","여","70","인천광역시","합격","서울특별시","6"
"2022","여","70","인천광역시","합격","수원","268"
"2022","여","70","인천광역시","합격","인천광역시","347"
"2022","여","80","인천광역시","불합격","수원","5"
"2022","여","80","인천광역시","불합격","인천광역시","4"
"2022","여","80","인천광역시","합격","수원","3"
"2022","여","80","인천광역시","합격","인천광역시","6"
"2022","여","80","인천광역시","합격","전라남도","1"
"2022","여","90","인천광역시","결시","인천광역시","1"
"2022","남","20","전주","결시","전북특별자치도","8"
"2022","남","20","전주","불합격","전라남도","2"
"2022","남","20","전주","불합격","전북특별자치도","15"
"2022","남","20","전주","응시결격","전북특별자치도","1"
"2022","남","20","전주","합격","의정부","1"
"2022","남","20","전주","합격","전북특별자치도","31"
"2022","남","20","전주","합격","충청남도","1"
"2022","남","30","전주","결시","전북특별자치도","4"
"2022","남","30","전주","불합격","전북특별자치도","17"
"2022","남","30","전주","합격","강원특별자치도","1"
"2022","남","30","전주","합격","광주광역시","1"
"2022","남","30","전주","합격","수원","1"
"2022","남","30","전주","합격","전라남도","3"
"2022","남","30","전주","합격","전북특별자치도","56"
"2022","남","40","전주","결시","전라남도","1"
"2022","남","40","전주","결시","전북특별자치도","6"
"2022","남","40","전주","불합격","전라남도","2"
"2022","남","40","전주","불합격","전북특별자치도","28"
"2022","남","40","전주","불합격","충청남도","3"
"2022","남","40","전주","합격","경상남도","1"
"2022","남","40","전주","합격","광주광역시","1"
"2022","남","40","전주","합격","서울특별시","8"
"2022","남","40","전주","합격","수원","2"
"2022","남","40","전주","합격","전라남도","10"
"2022","남","40","전주","합격","전북특별자치도","146"
"2022","남","50","전주","결시","서울특별시","1"
"2022","남","50","전주","결시","전북특별자치도","17"
"2022","남","50","전주","불합격","서울특별시","1"
"2022","남","50","전주","불합격","의정부","1"
"2022","남","50","전주","불합격","전북특별자치도","33"
"2022","남","50","전주","불합격","충청남도","2"
"2022","남","50","전주","합격","광주광역시","4"
"2022","남","50","전주","합격","대전광역시","1"
"2022","남","50","전주","합격","서울특별시","9"
"2022","남","50","전주","합격","수원","1"
"2022","남","50","전주","합격","전라남도","12"
"2022","남","50","전주","합격","전북특별자치도","399"
"2022","남","50","전주","합격","충청남도","5"
"2022","남","60","전주","결시","광주광역시","1"
"2022","남","60","전주","결시","전라남도","2"
"2022","남","60","전주","결시","전북특별자치도","30"
"2022","남","60","전주","결시","충청남도","3"
"2022","남","60","전주","불합격","광주광역시","1"
"2022","남","60","전주","불합격","수원","2"
"2022","남","60","전주","불합격","전라남도","2"
"2022","남","60","전주","불합격","전북특별자치도","52"
"2022","남","60","전주","불합격","충청남도","6"
"2022","남","60","전주","응시결격","전북특별자치도","2"
"2022","남","60","전주","합격","경상남도","1"
"2022","남","60","전주","합격","광주광역시","5"
"2022","남","60","전주","합격","대전광역시","2"
"2022","남","60","전주","합격","서울특별시","4"
"2022","남","60","전주","합격","수원","5"
"2022","남","60","전주","합격","전라남도","4"
"2022","남","60","전주","합격","전북특별자치도","799"
"2022","남","60","전주","합격","충청남도","16"
"2022","남","70","전주","결시","서울특별시","1"
"2022","남","70","전주","결시","전북특별자치도","13"
"2022","남","70","전주","불합격","전북특별자치도","78"
"2022","남","70","전주","합격","서울특별시","1"
"2022","남","70","전주","합격","전라남도","1"
"2022","남","70","전주","합격","전북특별자치도","245"
"2022","남","70","전주","합격","충청남도","6"
"2022","남","80","전주","결시","전북특별자치도","3"
"2022","남","80","전주","불합격","전북특별자치도","6"
"2022","남","80","전주","합격","전북특별자치도","26"
"2022","남","80","전주","합격","충청남도","1"
"2022","여","20","전주","결시","전북특별자치도","7"
"2022","여","20","전주","불합격","전라남도","4"
"2022","여","20","전주","불합격","전북특별자치도","26"
"2022","여","20","전주","합격","광주광역시","2"
"2022","여","20","전주","합격","서울특별시","1"
"2022","여","20","전주","합격","전라남도","2"
"2022","여","20","전주","합격","전북특별자치도","131"
"2022","여","20","전주","합격","충청남도","1"
"2022","여","30","전주","결시","광주광역시","1"
"2022","여","30","전주","결시","전북특별자치도","32"
"2022","여","30","전주","불합격","광주광역시","1"
"2022","여","30","전주","불합격","대전광역시","2"
"2022","여","30","전주","불합격","수원","1"
"2022","여","30","전주","불합격","전북특별자치도","79"
"2022","여","30","전주","합격","경상남도","4"
"2022","여","30","전주","합격","광주광역시","4"
"2022","여","30","전주","합격","대전광역시","2"
"2022","여","30","전주","합격","서울특별시","8"
"2022","여","30","전주","합격","수원","4"
"2022","여","30","전주","합격","전라남도","20"
"2022","여","30","전주","합격","전북특별자치도","487"
"2022","여","30","전주","합격","충청남도","1"
"2022","여","30","전주","합격","충청북도","1"
"2022","여","40","전주","결시","경상남도","3"
"2022","여","40","전주","결시","광주광역시","2"
"2022","여","40","전주","결시","전라남도","3"
"2022","여","40","전주","결시","전북특별자치도","126"
"2022","여","40","전주","결시","충청남도","1"
"2022","여","40","전주","불합격","경상남도","1"
"2022","여","40","전주","불합격","광주광역시","1"
"2022","여","40","전주","불합격","서울특별시","1"
"2022","여","40","전주","불합격","전라남도","5"
"2022","여","40","전주","불합격","전북특별자치도","174"
"2022","여","40","전주","불합격","충청남도","4"
"2022","여","40","전주","응시결격","전북특별자치도","1"
"2022","여","40","전주","합격","경상남도","11"
"2022","여","40","전주","합격","경상북도","1"
"2022","여","40","전주","합격","광주광역시","6"
"2022","여","40","전주","합격","대전광역시","6"
"2022","여","40","전주","합격","서울특별시","17"
"2022","여","40","전주","합격","수원","11"
"2022","여","40","전주","합격","전라남도","71"
"2022","여","40","전주","합격","전북특별자치도","2298"
"2022","여","40","전주","합격","충청남도","24"
"2022","여","40","전주","합격","충청북도","1"
"2022","여","50","전주","결시","경상남도","2"
"2022","여","50","전주","결시","서울특별시","2"
"2022","여","50","전주","결시","전라남도","1"
"2022","여","50","전주","결시","전북특별자치도","165"
"2022","여","50","전주","결시","충청남도","3"
"2022","여","50","전주","불합격","경상남도","1"
"2022","여","50","전주","불합격","광주광역시","1"
"2022","여","50","전주","불합격","대전광역시","2"
"2022","여","50","전주","불합격","전라남도","7"
"2022","여","50","전주","불합격","전북특별자치도","252"
"2022","여","50","전주","불합격","충청남도","4"
"2022","여","50","전주","응시결격","전북특별자치도","4"
"2022","여","50","전주","합격","경상남도","5"
"2022","여","50","전주","합격","광주광역시","14"
"2022","여","50","전주","합격","대구광역시","1"
"2022","여","50","전주","합격","대전광역시","1"
"2022","여","50","전주","합격","서울특별시","31"
"2022","여","50","전주","합격","수원","10"
"2022","여","50","전주","합격","의정부","1"
"2022","여","50","전주","합격","인천광역시","1"
"2022","여","50","전주","합격","전라남도","58"
"2022","여","50","전주","합격","전북특별자치도","3743"
"2022","여","50","전주","합격","충청남도","81"
"2022","여","50","전주","합격","충청북도","1"
"2022","여","60","전주","결시","수원","1"
"2022","여","60","전주","결시","전라남도","3"
"2022","여","60","전주","결시","전북특별자치도","126"
"2022","여","60","전주","결시","충청남도","2"
"2022","여","60","전주","불합격","경상남도","1"
"2022","여","60","전주","불합격","서울특별시","3"
"2022","여","60","전주","불합격","수원","4"
"2022","여","60","전주","불합격","울산광역시","2"
"2022","여","60","전주","불합격","인천광역시","1"
"2022","여","60","전주","불합격","전라남도","11"
"2022","여","60","전주","불합격","전북특별자치도","455"
"2022","여","60","전주","불합격","충청남도","13"
"2022","여","60","전주","응시결격","전북특별자치도","2"
"2022","여","60","전주","합격","경상남도","6"
"2022","여","60","전주","합격","광주광역시","10"
"2022","여","60","전주","합격","대전광역시","2"
"2022","여","60","전주","합격","서울특별시","8"
"2022","여","60","전주","합격","세종특별자치시","1"
"2022","여","60","전주","합격","수원","10"
"2022","여","60","전주","합격","전라남도","20"
"2022","여","60","전주","합격","전북특별자치도","2615"
"2022","여","60","전주","합격","충청남도","58"
"2022","여","70","전주","결시","경상남도","1"
"2022","여","70","전주","결시","전북특별자치도","27"
"2022","여","70","전주","결시","충청남도","1"
"2022","여","70","전주","불합격","전라남도","1"
"2022","여","70","전주","불합격","전북특별자치도","141"
"2022","여","70","전주","불합격","충청남도","3"
"2022","여","70","전주","합격","수원","2"
"2022","여","70","전주","합격","전라남도","4"
"2022","여","70","전주","합격","전북특별자치도","415"
"2022","여","70","전주","합격","충청남도","4"
"2022","여","80","전주","결시","전북특별자치도","3"
"2022","여","80","전주","불합격","전북특별자치도","15"
"2022","여","80","전주","합격","전북특별자치도","8"
"2022","남","10","제주특별자치도","합격","제주특별자치도","3"
"2022","남","20","제주특별자치도","결시","제주특별자치도","3"
"2022","남","20","제주특별자치도","불합격","제주특별자치도","7"
"2022","남","20","제주특별자치도","합격","수원","1"
"2022","남","20","제주특별자치도","합격","제주특별자치도","16"
"2022","남","30","제주특별자치도","결시","제주특별자치도","1"
"2022","남","30","제주특별자치도","불합격","제주특별자치도","4"
"2022","남","30","제주특별자치도","합격","제주특별자치도","16"
"2022","남","40","제주특별자치도","결시","제주특별자치도","2"
"2022","남","40","제주특별자치도","불합격","제주특별자치도","1"
"2022","남","40","제주특별자치도","합격","경상남도","1"
"2022","남","40","제주특별자치도","합격","대구광역시","1"
"2022","남","40","제주특별자치도","합격","서울특별시","1"
"2022","남","40","제주특별자치도","합격","제주특별자치도","42"
"2022","남","50","제주특별자치도","결시","제주특별자치도","3"
"2022","남","50","제주특별자치도","불합격","제주특별자치도","7"
"2022","남","50","제주특별자치도","합격","경상남도","2"
"2022","남","50","제주특별자치도","합격","서울특별시","2"
"2022","남","50","제주특별자치도","합격","수원","1"
"2022","남","50","제주특별자치도","합격","제주특별자치도","96"
"2022","남","60","제주특별자치도","결시","전라남도","1"
"2022","남","60","제주특별자치도","결시","제주특별자치도","3"
"2022","남","60","제주특별자치도","불합격","서울특별시","1"
"2022","남","60","제주특별자치도","불합격","제주특별자치도","9"
"2022","남","60","제주특별자치도","합격","강원특별자치도","1"
"2022","남","60","제주특별자치도","합격","서울특별시","3"
"2022","남","60","제주특별자치도","합격","의정부","1"
"2022","남","60","제주특별자치도","합격","전북특별자치도","1"
"2022","남","60","제주특별자치도","합격","제주특별자치도","116"
"2022","남","60","제주특별자치도","합격","충청남도","1"
"2022","남","70","제주특별자치도","결시","제주특별자치도","1"
"2022","남","70","제주특별자치도","불합격","제주특별자치도","1"
"2022","남","70","제주특별자치도","합격","제주특별자치도","10"
"2022","남","80","제주특별자치도","불합격","제주특별자치도","2"
"2022","남","80","제주특별자치도","합격","제주특별자치도","4"
"2022","여","20","제주특별자치도","결시","광주광역시","1"
"2022","여","20","제주특별자치도","결시","제주특별자치도","1"
"2022","여","20","제주특별자치도","불합격","제주특별자치도","2"
"2022","여","20","제주특별자치도","합격","서울특별시","1"
"2022","여","20","제주특별자치도","합격","제주특별자치도","22"
"2022","여","30","제주특별자치도","결시","광주광역시","1"
"2022","여","30","제주특별자치도","결시","기타","1"
"2022","여","30","제주특별자치도","결시","제주특별자치도","1"
"2022","여","30","제주특별자치도","불합격","제주특별자치도","9"
"2022","여","30","제주특별자치도","합격","대구광역시","1"
"2022","여","30","제주특별자치도","합격","서울특별시","2"
"2022","여","30","제주특별자치도","합격","의정부","2"
"2022","여","30","제주특별자치도","합격","전라남도","1"
"2022","여","30","제주특별자치도","합격","제주특별자치도","72"
"2022","여","40","제주특별자치도","결시","경상북도","1"
"2022","여","40","제주특별자치도","결시","서울특별시","3"
"2022","여","40","제주특별자치도","결시","수원","4"
"2022","여","40","제주특별자치도","결시","제주특별자치도","12"
"2022","여","40","제주특별자치도","불합격","수원","3"
"2022","여","40","제주특별자치도","불합격","의정부","1"
"2022","여","40","제주특별자치도","불합격","제주특별자치도","27"
"2022","여","40","제주특별자치도","응시결격","수원","2"
"2022","여","40","제주특별자치도","합격","강원특별자치도","1"
"2022","여","40","제주특별자치도","합격","경상남도","5"
"2022","여","40","제주특별자치도","합격","경상북도","1"
"2022","여","40","제주특별자치도","합격","대구광역시","1"
"2022","여","40","제주특별자치도","합격","서울특별시","11"
"2022","여","40","제주특별자치도","합격","수원","9"
"2022","여","40","제주특별자치도","합격","의정부","2"
"2022","여","40","제주특별자치도","합격","전라남도","1"
"2022","여","40","제주특별자치도","합격","제주특별자치도","341"
"2022","여","50","제주특별자치도","결시","서울특별시","1"
"2022","여","50","제주특별자치도","결시","전라남도","1"
"2022","여","50","제주특별자치도","결시","제주특별자치도","23"
"2022","여","50","제주특별자치도","불합격","제주특별자치도","25"
"2022","여","50","제주특별자치도","합격","경상남도","1"
"2022","여","50","제주특별자치도","합격","광주광역시","1"
"2022","여","50","제주특별자치도","합격","서울특별시","12"
"2022","여","50","제주특별자치도","합격","수원","7"
"2022","여","50","제주특별자치도","합격","울산광역시","3"
"2022","여","50","제주특별자치도","합격","의정부","2"
"2022","여","50","제주특별자치도","합격","전라남도","7"
"2022","여","50","제주특별자치도","합격","전북특별자치도","1"
"2022","여","50","제주특별자치도","합격","제주특별자치도","693"
"2022","여","60","제주특별자치도","결시","경상남도","1"
"2022","여","60","제주특별자치도","결시","경상북도","1"
"2022","여","60","제주특별자치도","결시","제주특별자치도","15"
"2022","여","60","제주특별자치도","불합격","수원","1"
"2022","여","60","제주특별자치도","불합격","제주특별자치도","62"
"2022","여","60","제주특별자치도","합격","광주광역시","2"
"2022","여","60","제주특별자치도","합격","대구광역시","1"
"2022","여","60","제주특별자치도","합격","대전광역시","1"
"2022","여","60","제주특별자치도","합격","서울특별시","12"
"2022","여","60","제주특별자치도","합격","수원","2"
"2022","여","60","제주특별자치도","합격","울산광역시","1"
"2022","여","60","제주특별자치도","합격","의정부","2"
"2022","여","60","제주특별자치도","합격","인천광역시","1"
"2022","여","60","제주특별자치도","합격","제주특별자치도","470"
"2022","여","70","제주특별자치도","결시","제주특별자치도","4"
"2022","여","70","제주특별자치도","불합격","제주특별자치도","8"
"2022","여","70","제주특별자치도","합격","수원","1"
"2022","여","70","제주특별자치도","합격","제주특별자치도","37"
"2022","여","80","제주특별자치도","결시","제주특별자치도","1"
"2022","여","80","제주특별자치도","불합격","제주특별자치도","1"
"2022","여","80","제주특별자치도","합격","제주특별자치도","1"
"2022","남","10","진주","불합격","경상남도","1"
"2022","남","20","진주","결시","경상남도","5"
"2022","남","20","진주","불합격","경상남도","31"
"2022","남","20","진주","합격","경상남도","38"
"2022","남","30","진주","결시","경상남도","5"
"2022","남","30","진주","불합격","경상남도","14"
"2022","남","30","진주","불합격","부산광역시","1"
"2022","남","30","진주","합격","경상남도","55"
"2022","남","30","진주","합격","경상북도","1"
"2022","남","40","진주","결시","경상남도","8"
"2022","남","40","진주","불합격","경상남도","34"
"2022","남","40","진주","합격","경상남도","156"
"2022","남","50","진주","결시","경상남도","45"
"2022","남","50","진주","불합격","경상남도","43"
"2022","남","50","진주","합격","경상남도","370"
"2022","남","50","진주","합격","서울특별시","1"
"2022","남","60","진주","결시","경상남도","34"
"2022","남","60","진주","불합격","경상남도","111"
"2022","남","60","진주","합격","경상남도","604"
"2022","남","60","진주","합격","서울특별시","1"
"2022","남","70","진주","결시","경상남도","9"
"2022","남","70","진주","불합격","경상남도","27"
"2022","남","70","진주","합격","경상남도","107"
"2022","남","70","진주","합격","부산광역시","1"
"2022","남","70","진주","합격","서울특별시","1"
"2022","남","80","진주","결시","경상남도","2"
"2022","남","80","진주","불합격","경상남도","9"
"2022","남","80","진주","합격","경상남도","4"
"2022","여","10","진주","합격","경상남도","1"
"2022","여","20","진주","결시","경상남도","9"
"2022","여","20","진주","불합격","경상남도","27"
"2022","여","20","진주","합격","경상남도","114"
"2022","여","30","진주","결시","경상남도","55"
"2022","여","30","진주","결시","기타","1"
"2022","여","30","진주","결시","의정부","1"
"2022","여","30","진주","불합격","경상남도","107"
"2022","여","30","진주","합격","경상남도","781"
"2022","여","30","진주","합격","광주광역시","1"
"2022","여","30","진주","합격","대전광역시","1"
"2022","여","30","진주","합격","수원","1"
"2022","여","30","진주","합격","전라남도","2"
"2022","여","30","진주","합격","충청남도","1"
"2022","여","40","진주","결시","경상남도","134"
"2022","여","40","진주","결시","전라남도","2"
"2022","여","40","진주","불합격","경상남도","201"
"2022","여","40","진주","합격","경상남도","2753"
"2022","여","40","진주","합격","광주광역시","1"
"2022","여","40","진주","합격","대전광역시","1"
"2022","여","40","진주","합격","부산광역시","2"
"2022","여","40","진주","합격","수원","2"
"2022","여","40","진주","합격","의정부","2"
"2022","여","40","진주","합격","전라남도","9"
"2022","여","40","진주","합격","충청남도","1"
"2022","여","50","진주","결시","경상남도","210"
"2022","여","50","진주","불합격","경상남도","344"
"2022","여","50","진주","합격","경상남도","3271"
"2022","여","50","진주","합격","대전광역시","1"
"2022","여","50","진주","합격","서울특별시","3"
"2022","여","50","진주","합격","수원","1"
"2022","여","50","진주","합격","전라남도","6"
"2022","여","60","진주","결시","경상남도","152"
"2022","여","60","진주","불합격","경상남도","536"
"2022","여","60","진주","합격","경상남도","1802"
"2022","여","60","진주","합격","서울특별시","3"
"2022","여","60","진주","합격","전라남도","1"
"2022","여","70","진주","결시","경상남도","27"
"2022","여","70","진주","결시","전라남도","1"
"2022","여","70","진주","불합격","경상남도","114"
"2022","여","70","진주","합격","경상남도","165"
"2022","여","80","진주","불합격","경상남도","5"
"2022","여","80","진주","합격","경상남도","2"
"2022","남","10","창원","불합격","경상남도","1"
"2022","남","10","창원","합격","경상남도","1"
"2022","남","20","창원","결시","경상남도","9"
"2022","남","20","창원","불합격","경상남도","24"
"2022","남","20","창원","합격","경상남도","52"
"2022","남","20","창원","합격","대구광역시","1"
"2022","남","20","창원","합격","전라남도","1"
"2022","남","30","창원","결시","경상남도","7"
"2022","남","30","창원","불합격","경상남도","34"
"2022","남","30","창원","합격","경상남도","103"
"2022","남","40","창원","결시","경상남도","27"
"2022","남","40","창원","불합격","경상남도","54"
"2022","남","40","창원","합격","경상남도","293"
"2022","남","40","창원","합격","서울특별시","1"
"2022","남","40","창원","합격","수원","1"
"2022","남","50","창원","결시","경상남도","56"
"2022","남","50","창원","불합격","경상남도","93"
"2022","남","50","창원","합격","경상남도","723"
"2022","남","50","창원","합격","수원","1"
"2022","남","60","창원","결시","경상남도","67"
"2022","남","60","창원","결시","기타","1"
"2022","남","60","창원","불합격","경상남도","151"
"2022","남","60","창원","불합격","전라남도","1"
"2022","남","60","창원","합격","경상남도","1160"
"2022","남","60","창원","합격","부산광역시","1"
"2022","남","60","창원","합격","서울특별시","1"
"2022","남","60","창원","합격","전라남도","1"
"2022","남","70","창원","결시","경상남도","23"
"2022","남","70","창원","불합격","경상남도","82"
"2022","남","70","창원","합격","경상남도","238"
"2022","남","70","창원","합격","부산광역시","1"
"2022","남","70","창원","합격","서울특별시","1"
"2022","남","80","창원","결시","경상남도","2"
"2022","남","80","창원","불합격","경상남도","21"
"2022","남","80","창원","합격","경상남도","24"
"2022","여","20","창원","결시","경상남도","19"
"2022","여","20","창원","불합격","경상남도","36"
"2022","여","20","창원","응시결격","경상남도","1"
"2022","여","20","창원","합격","경상남도","183"
"2022","여","20","창원","합격","부산광역시","1"
"2022","여","20","창원","합격","수원","1"
"2022","여","30","창원","결시","경상남도","55"
"2022","여","30","창원","불합격","경상남도","113"
"2022","여","30","창원","합격","경상남도","1073"
"2022","여","30","창원","합격","대전광역시","1"
"2022","여","30","창원","합격","부산광역시","2"
"2022","여","30","창원","합격","서울특별시","1"
"2022","여","30","창원","합격","수원","1"
"2022","여","30","창원","합격","울산광역시","1"
"2022","여","30","창원","합격","전라남도","2"
"2022","여","40","창원","결시","경상남도","234"
"2022","여","40","창원","결시","전라남도","2"
"2022","여","40","창원","불합격","경상남도","289"
"2022","여","40","창원","불합격","서울특별시","1"
"2022","여","40","창원","불합격","전라남도","1"
"2022","여","40","창원","합격","경상남도","5057"
"2022","여","40","창원","합격","부산광역시","2"
"2022","여","40","창원","합격","서울특별시","5"
"2022","여","40","창원","합격","수원","7"
"2022","여","40","창원","합격","전라남도","1"
"2022","여","40","창원","합격","제주특별자치도","1"
"2022","여","40","창원","합격","충청남도","1"
"2022","여","50","창원","결시","경상남도","485"
"2022","여","50","창원","결시","기타","2"
"2022","여","50","창원","결시","전라남도","1"
"2022","여","50","창원","불합격","경상남도","637"
"2022","여","50","창원","불합격","경상북도","1"
"2022","여","50","창원","응시결격","경상남도","1"
"2022","여","50","창원","합격","경상남도","7889"
"2022","여","50","창원","합격","부산광역시","3"
"2022","여","50","창원","합격","서울특별시","6"
"2022","여","50","창원","합격","수원","5"
"2022","여","50","창원","합격","전라남도","1"
"2022","여","50","창원","합격","제주특별자치도","1"
"2022","여","60","창원","결시","경상남도","371"
"2022","여","60","창원","결시","기타","2"
"2022","여","60","창원","불합격","경상남도","977"
"2022","여","60","창원","합격","경상남도","4148"
"2022","여","60","창원","합격","서울특별시","2"
"2022","여","60","창원","합격","수원","2"
"2022","여","60","창원","합격","의정부","1"
"2022","여","60","창원","합격","전라남도","1"
"2022","여","70","창원","결시","경상남도","47"
"2022","여","70","창원","결시","부산광역시","1"
"2022","여","70","창원","불합격","경상남도","205"
"2022","여","70","창원","불합격","부산광역시","2"
"2022","여","70","창원","합격","경상남도","382"
"2022","여","80","창원","결시","경상남도","2"
"2022","여","80","창원","불합격","경상남도","7"
"2022","여","80","창원","합격","경상남도","6"
"2022","남","20","청주","결시","충청북도","4"
"2022","남","20","청주","불합격","충청북도","7"
"2022","남","20","청주","합격","강원특별자치도","1"
"2022","남","20","청주","합격","서울특별시","1"
"2022","남","20","청주","합격","세종특별자치시","2"
"2022","남","20","청주","합격","충청북도","17"
"2022","남","30","청주","불합격","충청북도","8"
"2022","남","30","청주","합격","강원특별자치도","3"
"2022","남","30","청주","합격","서울특별시","3"
"2022","남","30","청주","합격","수원","1"
"2022","남","30","청주","합격","충청남도","1"
"2022","남","30","청주","합격","충청북도","22"
"2022","남","40","청주","결시","충청북도","5"
"2022","남","40","청주","불합격","서울특별시","1"
"2022","남","40","청주","불합격","충청북도","12"
"2022","남","40","청주","합격","강원특별자치도","1"
"2022","남","40","청주","합격","서울특별시","1"
"2022","남","40","청주","합격","세종특별자치시","2"
"2022","남","40","청주","합격","수원","1"
"2022","남","40","청주","합격","충청북도","63"
"2022","남","50","청주","결시","서울특별시","1"
"2022","남","50","청주","결시","세종특별자치시","1"
"2022","남","50","청주","결시","수원","1"
"2022","남","50","청주","결시","충청북도","10"
"2022","남","50","청주","불합격","수원","1"
"2022","남","50","청주","불합격","충청북도","17"
"2022","남","50","청주","합격","경상남도","1"
"2022","남","50","청주","합격","광주광역시","1"
"2022","남","50","청주","합격","대전광역시","2"
"2022","남","50","청주","합격","서울특별시","8"
"2022","남","50","청주","합격","세종특별자치시","10"
"2022","남","50","청주","합격","수원","2"
"2022","남","50","청주","합격","전라남도","1"
"2022","남","50","청주","합격","충청남도","2"
"2022","남","50","청주","합격","충청북도","144"
"2022","남","60","청주","결시","충청남도","1"
"2022","남","60","청주","결시","충청북도","16"
"2022","남","60","청주","불합격","강원특별자치도","1"
"2022","남","60","청주","불합격","충청남도","1"
"2022","남","60","청주","불합격","충청북도","22"
"2022","남","60","청주","합격","강원특별자치도","5"
"2022","남","60","청주","합격","광주광역시","1"
"2022","남","60","청주","합격","대전광역시","2"
"2022","남","60","청주","합격","서울특별시","9"
"2022","남","60","청주","합격","세종특별자치시","2"
"2022","남","60","청주","합격","수원","6"
"2022","남","60","청주","합격","충청남도","9"
"2022","남","60","청주","합격","충청북도","331"
"2022","남","70","청주","결시","서울특별시","1"
"2022","남","70","청주","결시","충청북도","4"
"2022","남","70","청주","불합격","충청북도","21"
"2022","남","70","청주","합격","강원특별자치도","1"
"2022","남","70","청주","합격","충청남도","1"
"2022","남","70","청주","합격","충청북도","70"
"2022","남","80","청주","결시","충청북도","1"
"2022","남","80","청주","불합격","충청북도","4"
"2022","남","80","청주","합격","충청남도","1"
"2022","남","80","청주","합격","충청북도","6"
"2022","여","10","청주","불합격","수원","3"
"2022","여","20","청주","결시","대전광역시","1"
"2022","여","20","청주","결시","수원","1"
"2022","여","20","청주","결시","충청북도","3"
"2022","여","20","청주","불합격","서울특별시","3"
"2022","여","20","청주","불합격","충청북도","4"
"2022","여","20","청주","합격","강원특별자치도","1"
"2022","여","20","청주","합격","대전광역시","4"
"2022","여","20","청주","합격","서울특별시","3"
"2022","여","20","청주","합격","세종특별자치시","4"
"2022","여","20","청주","합격","수원","1"
"2022","여","20","청주","합격","충청남도","1"
"2022","여","20","청주","합격","충청북도","32"
"2022","여","30","청주","결시","기타","1"
"2022","여","30","청주","결시","대전광역시","1"
"2022","여","30","청주","결시","서울특별시","4"
"2022","여","30","청주","결시","충청북도","15"
"2022","여","30","청주","불합격","경상남도","1"
"2022","여","30","청주","불합격","서울특별시","1"
"2022","여","30","청주","불합격","세종특별자치시","1"
"2022","여","30","청주","불합격","수원","2"
"2022","여","30","청주","불합격","충청북도","45"
"2022","여","30","청주","합격","강원특별자치도","8"
"2022","여","30","청주","합격","경상남도","2"
"2022","여","30","청주","합격","광주광역시","2"
"2022","여","30","청주","합격","대전광역시","2"
"2022","여","30","청주","합격","서울특별시","8"
"2022","여","30","청주","합격","세종특별자치시","13"
"2022","여","30","청주","합격","수원","12"
"2022","여","30","청주","합격","의정부","1"
"2022","여","30","청주","합격","전라남도","4"
"2022","여","30","청주","합격","충청남도","5"
"2022","여","30","청주","합격","충청북도","190"
"2022","여","40","청주","결시","강원특별자치도","3"
"2022","여","40","청주","결시","광주광역시","1"
"2022","여","40","청주","결시","대전광역시","1"
"2022","여","40","청주","결시","서울특별시","3"
"2022","여","40","청주","결시","세종특별자치시","4"
"2022","여","40","청주","결시","수원","5"
"2022","여","40","청주","결시","의정부","1"
"2022","여","40","청주","결시","전라남도","1"
"2022","여","40","청주","결시","충청북도","43"
"2022","여","40","청주","불합격","강원특별자치도","4"
"2022","여","40","청주","불합격","대전광역시","2"
"2022","여","40","청주","불합격","서울특별시","2"
"2022","여","40","청주","불합격","세종특별자치시","4"
"2022","여","40","청주","불합격","수원","3"
"2022","여","40","청주","불합격","충청남도","2"
"2022","여","40","청주","불합격","충청북도","66"
"2022","여","40","청주","합격","강원특별자치도","23"
"2022","여","40","청주","합격","경상남도","5"
"2022","여","40","청주","합격","경상북도","2"
"2022","여","40","청주","합격","광주광역시","1"
"2022","여","40","청주","합격","대전광역시","17"
"2022","여","40","청주","합격","서울특별시","33"
"2022","여","40","청주","합격","세종특별자치시","65"
"2022","여","40","청주","합격","수원","28"
"2022","여","40","청주","합격","의정부","4"
"2022","여","40","청주","합격","전라남도","5"
"2022","여","40","청주","합격","충청남도","20"
"2022","여","40","청주","합격","충청북도","1054"
"2022","여","50","청주","결시","경상남도","1"
"2022","여","50","청주","결시","기타","1"
"2022","여","50","청주","결시","대전광역시","1"
"2022","여","50","청주","결시","서울특별시","1"
"2022","여","50","청주","결시","세종특별자치시","1"
"2022","여","50","청주","결시","수원","2"
"2022","여","50","청주","결시","전라남도","1"
"2022","여","50","청주","결시","충청남도","4"
"2022","여","50","청주","결시","충청북도","93"
"2022","여","50","청주","불합격","강원특별자치도","1"
"2022","여","50","청주","불합격","경상북도","2"
"2022","여","50","청주","불합격","대전광역시","2"
"2022","여","50","청주","불합격","서울특별시","1"
"2022","여","50","청주","불합격","세종특별자치시","11"
"2022","여","50","청주","불합격","수원","2"
"2022","여","50","청주","불합격","충청남도","2"
"2022","여","50","청주","불합격","충청북도","137"
"2022","여","50","청주","합격","강원특별자치도","29"
"2022","여","50","청주","합격","경상남도","12"
"2022","여","50","청주","합격","경상북도","1"
"2022","여","50","청주","합격","광주광역시","1"
"2022","여","50","청주","합격","기타","1"
"2022","여","50","청주","합격","대전광역시","11"
"2022","여","50","청주","합격","서울특별시","45"
"2022","여","50","청주","합격","세종특별자치시","93"
"2022","여","50","청주","합격","수원","49"
"2022","여","50","청주","합격","의정부","3"
"2022","여","50","청주","합격","전라남도","10"
"2022","여","50","청주","합격","전북특별자치도","1"
"2022","여","50","청주","합격","충청남도","50"
"2022","여","50","청주","합격","충청북도","2124"
"2022","여","60","청주","결시","강원특별자치도","1"
"2022","여","60","청주","결시","경상북도","1"
"2022","여","60","청주","결시","광주광역시","1"
"2022","여","60","청주","결시","서울특별시","2"
"2022","여","60","청주","결시","수원","1"
"2022","여","60","청주","결시","충청남도","3"
"2022","여","60","청주","결시","충청북도","83"
"2022","여","60","청주","불합격","대전광역시","2"
"2022","여","60","청주","불합격","서울특별시","1"
"2022","여","60","청주","불합격","세종특별자치시","1"
"2022","여","60","청주","불합격","수원","2"
"2022","여","60","청주","불합격","전라남도","1"
"2022","여","60","청주","불합격","충청남도","7"
"2022","여","60","청주","불합격","충청북도","344"
"2022","여","60","청주","합격","강원특별자치도","5"
"2022","여","60","청주","합격","경상남도","2"
"2022","여","60","청주","합격","경상북도","1"
"2022","여","60","청주","합격","대전광역시","3"
"2022","여","60","청주","합격","서울특별시","11"
"2022","여","60","청주","합격","세종특별자치시","26"
"2022","여","60","청주","합격","수원","12"
"2022","여","60","청주","합격","의정부","1"
"2022","여","60","청주","합격","전라남도","1"
"2022","여","60","청주","합격","충청남도","25"
"2022","여","60","청주","합격","충청북도","1716"
"2022","여","70","청주","결시","충청북도","12"
"2022","여","70","청주","불합격","충청남도","1"
"2022","여","70","청주","불합격","충청북도","82"
"2022","여","70","청주","합격","경상남도","1"
"2022","여","70","청주","합격","서울특별시","1"
"2022","여","70","청주","합격","세종특별자치시","1"
"2022","여","70","청주","합격","수원","2"
"2022","여","70","청주","합격","충청남도","1"
"2022","여","70","청주","합격","충청북도","163"
"2022","여","80","청주","결시","충청북도","1"
"2022","여","80","청주","불합격","충청북도","9"
"2022","여","80","청주","합격","충청북도","5"
"2022","남","10","춘천","합격","강원특별자치도","2"
"2022","남","20","춘천","결시","강원특별자치도","3"
"2022","남","20","춘천","불합격","강원특별자치도","13"
"2022","남","20","춘천","불합격","의정부","7"
"2022","남","20","춘천","합격","강원특별자치도","33"
"2022","남","20","춘천","합격","수원","1"
"2022","남","20","춘천","합격","의정부","2"
"2022","남","30","춘천","결시","강원특별자치도","3"
"2022","남","30","춘천","불합격","강원특별자치도","11"
"2022","남","30","춘천","합격","강원특별자치도","45"
"2022","남","30","춘천","합격","경상남도","1"
"2022","남","30","춘천","합격","서울특별시","4"
"2022","남","30","춘천","합격","의정부","1"
"2022","남","40","춘천","결시","강원특별자치도","11"
"2022","남","40","춘천","불합격","강원특별자치도","14"
"2022","남","40","춘천","불합격","의정부","2"
"2022","남","40","춘천","합격","강원특별자치도","118"
"2022","남","40","춘천","합격","경상남도","1"
"2022","남","40","춘천","합격","서울특별시","6"
"2022","남","40","춘천","합격","수원","1"
"2022","남","40","춘천","합격","의정부","2"
"2022","남","40","춘천","합격","충청북도","1"
"2022","남","50","춘천","결시","강원특별자치도","18"
"2022","남","50","춘천","불합격","강원특별자치도","12"
"2022","남","50","춘천","불합격","서울특별시","1"
"2022","남","50","춘천","합격","강원특별자치도","263"
"2022","남","50","춘천","합격","경상남도","1"
"2022","남","50","춘천","합격","서울특별시","6"
"2022","남","50","춘천","합격","수원","2"
"2022","남","50","춘천","합격","의정부","9"
"2022","남","50","춘천","합격","인천광역시","1"
"2022","남","50","춘천","합격","전라남도","1"
"2022","남","50","춘천","합격","충청남도","1"
"2022","남","60","춘천","결시","강원특별자치도","9"
"2022","남","60","춘천","결시","기타","1"
"2022","남","60","춘천","불합격","강원특별자치도","21"
"2022","남","60","춘천","불합격","경상남도","1"
"2022","남","60","춘천","불합격","서울특별시","1"
"2022","남","60","춘천","응시결격","강원특별자치도","1"
"2022","남","60","춘천","합격","강원특별자치도","425"
"2022","남","60","춘천","합격","경상남도","1"
"2022","남","60","춘천","합격","서울특별시","4"
"2022","남","60","춘천","합격","수원","5"
"2022","남","60","춘천","합격","울산광역시","1"
"2022","남","60","춘천","합격","의정부","5"
"2022","남","70","춘천","결시","강원특별자치도","3"
"2022","남","70","춘천","결시","서울특별시","1"
"2022","남","70","춘천","불합격","강원특별자치도","18"
"2022","남","70","춘천","불합격","서울특별시","1"
"2022","남","70","춘천","불합격","수원","1"
"2022","남","70","춘천","불합격","의정부","1"
"2022","남","70","춘천","합격","강원특별자치도","80"
"2022","남","70","춘천","합격","서울특별시","1"
"2022","남","70","춘천","합격","수원","1"
"2022","남","70","춘천","합격","의정부","3"
"2022","남","70","춘천","합격","충청남도","1"
"2022","남","80","춘천","결시","강원특별자치도","1"
"2022","남","80","춘천","불합격","강원특별자치도","4"
"2022","남","80","춘천","합격","강원특별자치도","8"
"2022","남","80","춘천","합격","의정부","1"
"2022","여","10","춘천","불합격","강원특별자치도","2"
"2022","여","10","춘천","합격","강원특별자치도","2"
"2022","여","20","춘천","결시","강원특별자치도","10"
"2022","여","20","춘천","불합격","강원특별자치도","18"
"2022","여","20","춘천","불합격","제주특별자치도","1"
"2022","여","20","춘천","합격","강원특별자치도","88"
"2022","여","20","춘천","합격","서울특별시","2"
"2022","여","20","춘천","합격","수원","1"
"2022","여","20","춘천","합격","의정부","2"
"2022","여","30","춘천","결시","강원특별자치도","5"
"2022","여","30","춘천","결시","기타","1"
"2022","여","30","춘천","결시","서울특별시","1"
"2022","여","30","춘천","결시","충청남도","2"
"2022","여","30","춘천","불합격","강원특별자치도","56"
"2022","여","30","춘천","불합격","서울특별시","1"
"2022","여","30","춘천","불합격","의정부","2"
"2022","여","30","춘천","불합격","충청남도","1"
"2022","여","30","춘천","합격","강원특별자치도","268"
"2022","여","30","춘천","합격","경상남도","1"
"2022","여","30","춘천","합격","서울특별시","11"
"2022","여","30","춘천","합격","수원","5"
"2022","여","30","춘천","합격","의정부","9"
"2022","여","40","춘천","결시","강원특별자치도","65"
"2022","여","40","춘천","결시","서울특별시","3"
"2022","여","40","춘천","결시","수원","3"
"2022","여","40","춘천","결시","의정부","4"
"2022","여","40","춘천","불합격","강원특별자치도","78"
"2022","여","40","춘천","불합격","서울특별시","1"
"2022","여","40","춘천","불합격","의정부","6"
"2022","여","40","춘천","합격","강원특별자치도","1321"
"2022","여","40","춘천","합격","경상남도","2"
"2022","여","40","춘천","합격","기타","1"
"2022","여","40","춘천","합격","서울특별시","41"
"2022","여","40","춘천","합격","수원","22"
"2022","여","40","춘천","합격","의정부","33"
"2022","여","40","춘천","합격","전라남도","1"
"2022","여","40","춘천","합격","충청남도","2"
"2022","여","50","춘천","결시","강원특별자치도","91"
"2022","여","50","춘천","결시","경상남도","2"
"2022","여","50","춘천","결시","광주광역시","1"
"2022","여","50","춘천","결시","기타","1"
"2022","여","50","춘천","결시","서울특별시","3"
"2022","여","50","춘천","결시","의정부","7"
"2022","여","50","춘천","불합격","강원특별자치도","162"
"2022","여","50","춘천","불합격","경상남도","2"
"2022","여","50","춘천","불합격","광주광역시","1"
"2022","여","50","춘천","불합격","대전광역시","1"
"2022","여","50","춘천","불합격","서울특별시","4"
"2022","여","50","춘천","불합격","의정부","9"
"2022","여","50","춘천","응시결격","강원특별자치도","4"
"2022","여","50","춘천","합격","강원특별자치도","2515"
"2022","여","50","춘천","합격","경상남도","3"
"2022","여","50","춘천","합격","광주광역시","2"
"2022","여","50","춘천","합격","서울특별시","39"
"2022","여","50","춘천","합격","수원","28"
"2022","여","50","춘천","합격","의정부","45"
"2022","여","50","춘천","합격","충청남도","1"
"2022","여","50","춘천","합격","충청북도","1"
"2022","여","60","춘천","결시","강원특별자치도","99"
"2022","여","60","춘천","결시","서울특별시","1"
"2022","여","60","춘천","결시","수원","2"
"2022","여","60","춘천","결시","의정부","4"
"2022","여","60","춘천","결시","인천광역시","1"
"2022","여","60","춘천","결시","충청남도","1"
"2022","여","60","춘천","불합격","강원특별자치도","285"
"2022","여","60","춘천","불합격","경상남도","3"
"2022","여","60","춘천","불합격","의정부","11"
"2022","여","60","춘천","응시결격","강원특별자치도","1"
"2022","여","60","춘천","합격","강원특별자치도","1733"
"2022","여","60","춘천","합격","경상남도","3"
"2022","여","60","춘천","합격","서울특별시","18"
"2022","여","60","춘천","합격","수원","10"
"2022","여","60","춘천","합격","의정부","63"
"2022","여","60","춘천","합격","제주특별자치도","1"
"2022","여","60","춘천","합격","충청북도","1"
"2022","여","70","춘천","결시","강원특별자치도","11"
"2022","여","70","춘천","불합격","강원특별자치도","86"
"2022","여","70","춘천","불합격","의정부","3"
"2022","여","70","춘천","합격","강원특별자치도","206"
"2022","여","70","춘천","합격","의정부","12"
"2022","여","80","춘천","불합격","강원특별자치도","3"
"2022","여","80","춘천","합격","강원특별자치도","3"
"2022","남","10","홍성(충남)","합격","충청남도","1"
"2022","남","20","홍성(충남)","불합격","대전광역시","1"
"2022","남","20","홍성(충남)","불합격","서울특별시","1"
"2022","남","20","홍성(충남)","불합격","충청남도","6"
"2022","남","20","홍성(충남)","합격","대전광역시","1"
"2022","남","20","홍성(충남)","합격","수원","1"
"2022","남","20","홍성(충남)","합격","충청남도","24"
"2022","남","30","홍성(충남)","결시","충청남도","3"
"2022","남","30","홍성(충남)","불합격","충청남도","10"
"2022","남","30","홍성(충남)","합격","수원","2"
"2022","남","30","홍성(충남)","합격","인천광역시","1"
"2022","남","30","홍성(충남)","합격","충청남도","28"
"2022","남","40","홍성(충남)","결시","충청남도","5"
"2022","남","40","홍성(충남)","불합격","충청남도","14"
"2022","남","40","홍성(충남)","합격","강원특별자치도","1"
"2022","남","40","홍성(충남)","합격","광주광역시","1"
"2022","남","40","홍성(충남)","합격","서울특별시","2"
"2022","남","40","홍성(충남)","합격","수원","4"
"2022","남","40","홍성(충남)","합격","충청남도","90"
"2022","남","50","홍성(충남)","결시","수원","2"
"2022","남","50","홍성(충남)","결시","충청남도","28"
"2022","남","50","홍성(충남)","불합격","서울특별시","1"
"2022","남","50","홍성(충남)","불합격","수원","1"
"2022","남","50","홍성(충남)","불합격","충청남도","17"
"2022","남","50","홍성(충남)","합격","경상남도","1"
"2022","남","50","홍성(충남)","합격","광주광역시","2"
"2022","남","50","홍성(충남)","합격","대전광역시","1"
"2022","남","50","홍성(충남)","합격","서울특별시","4"
"2022","남","50","홍성(충남)","합격","수원","6"
"2022","남","50","홍성(충남)","합격","전라남도","1"
"2022","남","50","홍성(충남)","합격","충청남도","236"
"2022","남","60","홍성(충남)","결시","충청남도","25"
"2022","남","60","홍성(충남)","불합격","서울특별시","1"
"2022","남","60","홍성(충남)","불합격","수원","2"
"2022","남","60","홍성(충남)","불합격","충청남도","51"
"2022","남","60","홍성(충남)","합격","강원특별자치도","1"
"2022","남","60","홍성(충남)","합격","수원","2"
"2022","남","60","홍성(충남)","합격","의정부","1"
"2022","남","60","홍성(충남)","합격","전라남도","1"
"2022","남","60","홍성(충남)","합격","충청남도","406"
"2022","남","70","홍성(충남)","결시","충청남도","9"
"2022","남","70","홍성(충남)","불합격","충청남도","25"
"2022","남","70","홍성(충남)","합격","경상남도","1"
"2022","남","70","홍성(충남)","합격","충청남도","105"
"2022","남","80","홍성(충남)","결시","충청남도","5"
"2022","남","80","홍성(충남)","불합격","수원","2"
"2022","남","80","홍성(충남)","불합격","충청남도","13"
"2022","남","80","홍성(충남)","합격","수원","1"
"2022","남","80","홍성(충남)","합격","충청남도","14"
"2022","여","20","홍성(충남)","결시","충청남도","2"
"2022","여","20","홍성(충남)","불합격","충청남도","5"
"2022","여","20","홍성(충남)","합격","서울특별시","2"
"2022","여","20","홍성(충남)","합격","충청남도","62"
"2022","여","30","홍성(충남)","결시","충청남도","28"
"2022","여","30","홍성(충남)","불합격","서울특별시","1"
"2022","여","30","홍성(충남)","불합격","충청남도","52"
"2022","여","30","홍성(충남)","합격","광주광역시","2"
"2022","여","30","홍성(충남)","합격","대전광역시","1"
"2022","여","30","홍성(충남)","합격","서울특별시","4"
"2022","여","30","홍성(충남)","합격","세종특별자치시","1"
"2022","여","30","홍성(충남)","합격","수원","3"
"2022","여","30","홍성(충남)","합격","전라남도","2"
"2022","여","30","홍성(충남)","합격","충청남도","308"
"2022","여","40","홍성(충남)","결시","기타","1"
"2022","여","40","홍성(충남)","결시","대전광역시","1"
"2022","여","40","홍성(충남)","결시","서울특별시","1"
"2022","여","40","홍성(충남)","결시","수원","1"
"2022","여","40","홍성(충남)","결시","충청남도","78"
"2022","여","40","홍성(충남)","불합격","광주광역시","1"
"2022","여","40","홍성(충남)","불합격","서울특별시","1"
"2022","여","40","홍성(충남)","불합격","울산광역시","1"
"2022","여","40","홍성(충남)","불합격","충청남도","94"
"2022","여","40","홍성(충남)","합격","경상남도","4"
"2022","여","40","홍성(충남)","합격","경상북도","1"
"2022","여","40","홍성(충남)","합격","광주광역시","1"
"2022","여","40","홍성(충남)","합격","대전광역시","4"
"2022","여","40","홍성(충남)","합격","서울특별시","14"
"2022","여","40","홍성(충남)","합격","수원","22"
"2022","여","40","홍성(충남)","합격","울산광역시","1"
"2022","여","40","홍성(충남)","합격","전라남도","3"
"2022","여","40","홍성(충남)","합격","충청남도","1538"
"2022","여","50","홍성(충남)","결시","광주광역시","1"
"2022","여","50","홍성(충남)","결시","기타","1"
"2022","여","50","홍성(충남)","결시","서울특별시","1"
"2022","여","50","홍성(충남)","결시","충청남도","99"
"2022","여","50","홍성(충남)","불합격","서울특별시","4"
"2022","여","50","홍성(충남)","불합격","수원","1"
"2022","여","50","홍성(충남)","불합격","충청남도","170"
"2022","여","50","홍성(충남)","합격","경상남도","2"
"2022","여","50","홍성(충남)","합격","광주광역시","3"
"2022","여","50","홍성(충남)","합격","대전광역시","1"
"2022","여","50","홍성(충남)","합격","부산광역시","1"
"2022","여","50","홍성(충남)","합격","서울특별시","25"
"2022","여","50","홍성(충남)","합격","수원","13"
"2022","여","50","홍성(충남)","합격","인천광역시","1"
"2022","여","50","홍성(충남)","합격","전라남도","2"
"2022","여","50","홍성(충남)","합격","충청남도","2020"
"2022","여","60","홍성(충남)","결시","기타","1"
"2022","여","60","홍성(충남)","결시","서울특별시","1"
"2022","여","60","홍성(충남)","결시","수원","1"
"2022","여","60","홍성(충남)","결시","인천광역시","1"
"2022","여","60","홍성(충남)","결시","충청남도","121"
"2022","여","60","홍성(충남)","불합격","서울특별시","4"
"2022","여","60","홍성(충남)","불합격","수원","2"
"2022","여","60","홍성(충남)","불합격","인천광역시","1"
"2022","여","60","홍성(충남)","불합격","전라남도","1"
"2022","여","60","홍성(충남)","불합격","충청남도","354"
"2022","여","60","홍성(충남)","합격","대전광역시","1"
"2022","여","60","홍성(충남)","합격","서울특별시","9"
"2022","여","60","홍성(충남)","합격","세종특별자치시","2"
"2022","여","60","홍성(충남)","합격","수원","7"
"2022","여","60","홍성(충남)","합격","의정부","1"
"2022","여","60","홍성(충남)","합격","인천광역시","1"
"2022","여","60","홍성(충남)","합격","전라남도","1"
"2022","여","60","홍성(충남)","합격","충청남도","1450"
"2022","여","70","홍성(충남)","결시","충청남도","27"
"2022","여","70","홍성(충남)","불합격","충청남도","123"
"2022","여","70","홍성(충남)","합격","충청남도","191"
"2022","여","80","홍성(충남)","결시","충청남도","1"
"2022","여","80","홍성(충남)","불합격","충청남도","9"
"2022","여","80","홍성(충남)","합격","서울특별시","1"
"2022","여","80","홍성(충남)","합격","충청남도","6"
"2023","남","20","강원원주","결시","강원특별자치도","5"
"2023","남","20","강원원주","결시","서울특별시","1"
"2023","남","20","강원원주","결시","수원","2"
"2023","남","20","강원원주","불합격","강원특별자치도","18"
"2023","남","20","강원원주","불합격","수원","2"
"2023","남","20","강원원주","불합격","충청북도","3"
"2023","남","20","강원원주","합격","강원특별자치도","28"
"2023","남","20","강원원주","합격","경상남도","1"
"2023","남","20","강원원주","합격","서울특별시","1"
"2023","남","20","강원원주","합격","수원","6"
"2023","남","20","강원원주","합격","의정부","4"
"2023","남","20","강원원주","합격","인천광역시","1"
"2023","남","20","강원원주","합격","충청북도","3"
"2023","남","30","강원원주","결시","강원특별자치도","2"
"2023","남","30","강원원주","불합격","강원특별자치도","7"
"2023","남","30","강원원주","불합격","부산광역시","1"
"2023","남","30","강원원주","불합격","충청북도","3"
"2023","남","30","강원원주","합격","강원특별자치도","54"
"2023","남","30","강원원주","합격","서울특별시","1"
"2023","남","30","강원원주","합격","수원","8"
"2023","남","30","강원원주","합격","의정부","2"
"2023","남","30","강원원주","합격","충청남도","1"
"2023","남","30","강원원주","합격","충청북도","7"
"2023","남","40","강원원주","결시","강원특별자치도","14"
"2023","남","40","강원원주","결시","서울특별시","3"
"2023","남","40","강원원주","결시","전라남도","2"
"2023","남","40","강원원주","불합격","강원특별자치도","17"
"2023","남","40","강원원주","불합격","경상북도","2"
"2023","남","40","강원원주","불합격","수원","2"
"2023","남","40","강원원주","불합격","의정부","1"
"2023","남","40","강원원주","불합격","전라남도","1"
"2023","남","40","강원원주","합격","강원특별자치도","93"
"2023","남","40","강원원주","합격","경상남도","1"
"2023","남","40","강원원주","합격","경상북도","3"
"2023","남","40","강원원주","합격","서울특별시","1"
"2023","남","40","강원원주","합격","수원","14"
"2023","남","40","강원원주","합격","의정부","2"
"2023","남","40","강원원주","합격","충청북도","13"
"2023","남","50","강원원주","결시","강원특별자치도","7"
"2023","남","50","강원원주","결시","경상남도","1"
"2023","남","50","강원원주","결시","서울특별시","1"
"2023","남","50","강원원주","결시","수원","4"
"2023","남","50","강원원주","결시","의정부","1"
"2023","남","50","강원원주","결시","충청북도","3"
"2023","남","50","강원원주","불합격","강원특별자치도","17"
"2023","남","50","강원원주","불합격","서울특별시","1"
"2023","남","50","강원원주","불합격","수원","3"
"2023","남","50","강원원주","불합격","의정부","3"
"2023","남","50","강원원주","불합격","충청북도","6"
"2023","남","50","강원원주","합격","강원특별자치도","233"
"2023","남","50","강원원주","합격","경상남도","3"
"2023","남","50","강원원주","합격","경상북도","5"
"2023","남","50","강원원주","합격","서울특별시","10"
"2023","남","50","강원원주","합격","수원","39"
"2023","남","50","강원원주","합격","의정부","11"
"2023","남","50","강원원주","합격","전라남도","2"
"2023","남","50","강원원주","합격","충청북도","51"
"2023","남","60","강원원주","결시","강원특별자치도","11"
"2023","남","60","강원원주","결시","수원","3"
"2023","남","60","강원원주","결시","충청북도","3"
"2023","남","60","강원원주","불합격","강원특별자치도","20"
"2023","남","60","강원원주","불합격","경상남도","1"
"2023","남","60","강원원주","불합격","서울특별시","1"
"2023","남","60","강원원주","불합격","수원","5"
"2023","남","60","강원원주","불합격","의정부","3"
"2023","남","60","강원원주","불합격","충청북도","7"
"2023","남","60","강원원주","합격","강원특별자치도","435"
"2023","남","60","강원원주","합격","경상남도","2"
"2023","남","60","강원원주","합격","경상북도","6"
"2023","남","60","강원원주","합격","서울특별시","15"
"2023","남","60","강원원주","합격","수원","71"
"2023","남","60","강원원주","합격","의정부","22"
"2023","남","60","강원원주","합격","전라남도","1"
"2023","남","60","강원원주","합격","충청북도","80"
"2023","남","70","강원원주","결시","강원특별자치도","6"
"2023","남","70","강원원주","결시","의정부","1"
"2023","남","70","강원원주","불합격","강원특별자치도","14"
"2023","남","70","강원원주","불합격","서울특별시","1"
"2023","남","70","강원원주","불합격","의정부","1"
"2023","남","70","강원원주","불합격","충청북도","13"
"2023","남","70","강원원주","합격","강원특별자치도","118"
"2023","남","70","강원원주","합격","서울특별시","4"
"2023","남","70","강원원주","합격","수원","23"
"2023","남","70","강원원주","합격","의정부","7"
"2023","남","70","강원원주","합격","전라남도","3"
"2023","남","70","강원원주","합격","충청북도","33"
"2023","남","80","강원원주","불합격","강원특별자치도","5"
"2023","남","80","강원원주","불합격","서울특별시","1"
"2023","남","80","강원원주","불합격","의정부","1"
"2023","남","80","강원원주","합격","강원특별자치도","9"
"2023","남","80","강원원주","합격","수원","3"
"2023","남","80","강원원주","합격","의정부","2"
"2023","남","80","강원원주","합격","충청북도","4"
"2023","남","90","강원원주","불합격","의정부","1"
"2023","남","90","강원원주","합격","의정부","1"
"2023","여","10","강원원주","불합격","수원","1"
"2023","여","10","강원원주","불합격","충청북도","2"
"2023","여","20","강원원주","결시","강원특별자치도","6"
"2023","여","20","강원원주","결시","경상북도","1"
"2023","여","20","강원원주","결시","기타","2"
"2023","여","20","강원원주","결시","수원","2"
"2023","여","20","강원원주","불합격","강원특별자치도","16"
"2023","여","20","강원원주","불합격","경상북도","4"
"2023","여","20","강원원주","불합격","서울특별시","1"
"2023","여","20","강원원주","불합격","수원","1"
"2023","여","20","강원원주","불합격","충청북도","3"
"2023","여","20","강원원주","합격","강원특별자치도","53"
"2023","여","20","강원원주","합격","경상남도","1"
"2023","여","20","강원원주","합격","경상북도","1"
"2023","여","20","강원원주","합격","서울특별시","4"
"2023","여","20","강원원주","합격","수원","14"
"2023","여","20","강원원주","합격","의정부","3"
"2023","여","20","강원원주","합격","전라남도","1"
"2023","여","20","강원원주","합격","충청북도","13"
"2023","여","30","강원원주","결시","강원특별자치도","9"
"2023","여","30","강원원주","결시","수원","6"
"2023","여","30","강원원주","결시","의정부","1"
"2023","여","30","강원원주","결시","충청북도","2"
"2023","여","30","강원원주","불합격","강원특별자치도","33"
"2023","여","30","강원원주","불합격","대전광역시","2"
"2023","여","30","강원원주","불합격","서울특별시","1"
"2023","여","30","강원원주","불합격","수원","14"
"2023","여","30","강원원주","불합격","의정부","1"
"2023","여","30","강원원주","불합격","충청북도","18"
"2023","여","30","강원원주","합격","강원특별자치도","237"
"2023","여","30","강원원주","합격","경상남도","2"
"2023","여","30","강원원주","합격","경상북도","8"
"2023","여","30","강원원주","합격","부산광역시","1"
"2023","여","30","강원원주","합격","서울특별시","12"
"2023","여","30","강원원주","합격","수원","69"
"2023","여","30","강원원주","합격","의정부","14"
"2023","여","30","강원원주","합격","인천광역시","1"
"2023","여","30","강원원주","합격","충청남도","1"
"2023","여","30","강원원주","합격","충청북도","51"
"2023","여","40","강원원주","결시","강원특별자치도","42"
"2023","여","40","강원원주","결시","경상남도","1"
"2023","여","40","강원원주","결시","서울특별시","4"
"2023","여","40","강원원주","결시","수원","6"
"2023","여","40","강원원주","결시","의정부","1"
"2023","여","40","강원원주","결시","전라남도","1"
"2023","여","40","강원원주","결시","충청남도","5"
"2023","여","40","강원원주","결시","충청북도","3"
"2023","여","40","강원원주","불합격","강원특별자치도","78"
"2023","여","40","강원원주","불합격","경상남도","1"
"2023","여","40","강원원주","불합격","경상북도","2"
"2023","여","40","강원원주","불합격","서울특별시","4"
"2023","여","40","강원원주","불합격","수원","28"
"2023","여","40","강원원주","불합격","의정부","4"
"2023","여","40","강원원주","불합격","충청남도","3"
"2023","여","40","강원원주","불합격","충청북도","30"
"2023","여","40","강원원주","응시결격","강원특별자치도","3"
"2023","여","40","강원원주","합격","강원특별자치도","1080"
"2023","여","40","강원원주","합격","경상남도","12"
"2023","여","40","강원원주","합격","경상북도","22"
"2023","여","40","강원원주","합격","서울특별시","41"
"2023","여","40","강원원주","합격","세종특별자치시","1"
"2023","여","40","강원원주","합격","수원","212"
"2023","여","40","강원원주","합격","의정부","35"
"2023","여","40","강원원주","합격","인천광역시","3"
"2023","여","40","강원원주","합격","전라남도","5"
"2023","여","40","강원원주","합격","충청남도","1"
"2023","여","40","강원원주","합격","충청북도","325"
"2023","여","50","강원원주","결시","강원특별자치도","36"
"2023","여","50","강원원주","결시","경상북도","1"
"2023","여","50","강원원주","결시","서울특별시","10"
"2023","여","50","강원원주","결시","수원","15"
"2023","여","50","강원원주","결시","의정부","2"
"2023","여","50","강원원주","결시","인천광역시","1"
"2023","여","50","강원원주","결시","충청북도","14"
"2023","여","50","강원원주","불합격","강원특별자치도","140"
"2023","여","50","강원원주","불합격","경상북도","9"
"2023","여","50","강원원주","불합격","대구광역시","4"
"2023","여","50","강원원주","불합격","대전광역시","1"
"2023","여","50","강원원주","불합격","서울특별시","2"
"2023","여","50","강원원주","불합격","수원","28"
"2023","여","50","강원원주","불합격","의정부","2"
"2023","여","50","강원원주","불합격","전라남도","1"
"2023","여","50","강원원주","불합격","충청북도","59"
"2023","여","50","강원원주","응시결격","강원특별자치도","4"
"2023","여","50","강원원주","응시결격","수원","1"
"2023","여","50","강원원주","합격","강원특별자치도","1924"
"2023","여","50","강원원주","합격","경상남도","13"
"2023","여","50","강원원주","합격","경상북도","40"
"2023","여","50","강원원주","합격","대전광역시","3"
"2023","여","50","강원원주","합격","서울특별시","60"
"2023","여","50","강원원주","합격","수원","372"
"2023","여","50","강원원주","합격","의정부","92"
"2023","여","50","강원원주","합격","인천광역시","17"
"2023","여","50","강원원주","합격","전라남도","10"
"2023","여","50","강원원주","합격","전북특별자치도","1"
"2023","여","50","강원원주","합격","충청남도","1"
"2023","여","50","강원원주","합격","충청북도","711"
"2023","여","60","강원원주","결시","강원특별자치도","43"
"2023","여","60","강원원주","결시","서울특별시","2"
"2023","여","60","강원원주","결시","수원","12"
"2023","여","60","강원원주","결시","의정부","3"
"2023","여","60","강원원주","결시","전라남도","2"
"2023","여","60","강원원주","결시","충청북도","15"
"2023","여","60","강원원주","불합격","강원특별자치도","245"
"2023","여","60","강원원주","불합격","경상남도","2"
"2023","여","60","강원원주","불합격","경상북도","11"
"2023","여","60","강원원주","불합격","서울특별시","7"
"2023","여","60","강원원주","불합격","수원","45"
"2023","여","60","강원원주","불합격","울산광역시","3"
"2023","여","60","강원원주","불합격","의정부","10"
"2023","여","60","강원원주","불합격","인천광역시","1"
"2023","여","60","강원원주","불합격","전라남도","1"
"2023","여","60","강원원주","불합격","충청북도","109"
"2023","여","60","강원원주","응시결격","강원특별자치도","1"
"2023","여","60","강원원주","합격","강원특별자치도","1558"
"2023","여","60","강원원주","합격","경상남도","4"
"2023","여","60","강원원주","합격","경상북도","21"
"2023","여","60","강원원주","합격","서울특별시","27"
"2023","여","60","강원원주","합격","수원","278"
"2023","여","60","강원원주","합격","울산광역시","1"
"2023","여","60","강원원주","합격","의정부","76"
"2023","여","60","강원원주","합격","인천광역시","13"
"2023","여","60","강원원주","합격","전라남도","2"
"2023","여","60","강원원주","합격","충청남도","2"
"2023","여","60","강원원주","합격","충청북도","565"
"2023","여","70","강원원주","결시","강원특별자치도","7"
"2023","여","70","강원원주","결시","서울특별시","1"
"2023","여","70","강원원주","결시","수원","4"
"2023","여","70","강원원주","결시","의정부","1"
"2023","여","70","강원원주","결시","충청북도","1"
"2023","여","70","강원원주","불합격","강원특별자치도","91"
"2023","여","70","강원원주","불합격","경상남도","1"
"2023","여","70","강원원주","불합격","경상북도","3"
"2023","여","70","강원원주","불합격","서울특별시","1"
"2023","여","70","강원원주","불합격","수원","26"
"2023","여","70","강원원주","불합격","의정부","14"
"2023","여","70","강원원주","불합격","충청북도","39"
"2023","여","70","강원원주","합격","강원특별자치도","229"
"2023","여","70","강원원주","합격","경상남도","1"
"2023","여","70","강원원주","합격","경상북도","1"
"2023","여","70","강원원주","합격","서울특별시","4"
"2023","여","70","강원원주","합격","수원","53"
"2023","여","70","강원원주","합격","의정부","13"
"2023","여","70","강원원주","합격","전라남도","2"
"2023","여","70","강원원주","합격","충청북도","71"
"2023","여","80","강원원주","결시","강원특별자치도","1"
"2023","여","80","강원원주","결시","수원","1"
"2023","여","80","강원원주","결시","충청북도","1"
"2023","여","80","강원원주","불합격","강원특별자치도","3"
"2023","여","80","강원원주","불합격","충청북도","4"
"2023","여","80","강원원주","합격","수원","2"
"2023","여","80","강원원주","합격","의정부","2"
"2023","여","80","강원원주","합격","충청북도","1"
"2023","남","10","경기성남","결시","서울특별시","1"
"2023","남","10","경기성남","불합격","수원","1"
"2023","남","10","경기성남","합격","수원","1"
"2023","남","20","경기성남","결시","서울특별시","4"
"2023","남","20","경기성남","결시","수원","26"
"2023","남","20","경기성남","결시","의정부","4"
"2023","남","20","경기성남","불합격","기타","1"
"2023","남","20","경기성남","불합격","서울특별시","32"
"2023","남","20","경기성남","불합격","수원","78"
"2023","남","20","경기성남","불합격","의정부","18"
"2023","남","20","경기성남","불합격","인천광역시","3"
"2023","남","20","경기성남","불합격","충청남도","1"
"2023","남","20","경기성남","응시결격","수원","1"
"2023","남","20","경기성남","합격","강원특별자치도","1"
"2023","남","20","경기성남","합격","경상남도","1"
"2023","남","20","경기성남","합격","서울특별시","38"
"2023","남","20","경기성남","합격","수원","108"
"2023","남","20","경기성남","합격","의정부","41"
"2023","남","20","경기성남","합격","인천광역시","2"
"2023","남","20","경기성남","합격","충청남도","3"
"2023","남","30","경기성남","결시","대구광역시","1"
"2023","남","30","경기성남","결시","서울특별시","17"
"2023","남","30","경기성남","결시","수원","17"
"2023","남","30","경기성남","결시","의정부","6"
"2023","남","30","경기성남","결시","인천광역시","3"
"2023","남","30","경기성남","불합격","광주광역시","1"
"2023","남","30","경기성남","불합격","서울특별시","16"
"2023","남","30","경기성남","불합격","수원","69"
"2023","남","30","경기성남","불합격","울산광역시","1"
"2023","남","30","경기성남","불합격","의정부","19"
"2023","남","30","경기성남","불합격","인천광역시","1"
"2023","남","30","경기성남","불합격","전라남도","3"
"2023","남","30","경기성남","불합격","충청남도","3"
"2023","남","30","경기성남","합격","경상남도","3"
"2023","남","30","경기성남","합격","광주광역시","1"
"2023","남","30","경기성남","합격","대구광역시","1"
"2023","남","30","경기성남","합격","서울특별시","82"
"2023","남","30","경기성남","합격","수원","194"
"2023","남","30","경기성남","합격","울산광역시","1"
"2023","남","30","경기성남","합격","의정부","71"
"2023","남","30","경기성남","합격","인천광역시","4"
"2023","남","30","경기성남","합격","전라남도","3"
"2023","남","40","경기성남","결시","경상남도","1"
"2023","남","40","경기성남","결시","서울특별시","13"
"2023","남","40","경기성남","결시","세종특별자치시","1"
"2023","남","40","경기성남","결시","수원","47"
"2023","남","40","경기성남","결시","의정부","11"
"2023","남","40","경기성남","결시","충청북도","1"
"2023","남","40","경기성남","불합격","경상남도","1"
"2023","남","40","경기성남","불합격","서울특별시","40"
"2023","남","40","경기성남","불합격","수원","79"
"2023","남","40","경기성남","불합격","의정부","16"
"2023","남","40","경기성남","불합격","인천광역시","3"
"2023","남","40","경기성남","불합격","전라남도","1"
"2023","남","40","경기성남","응시결격","서울특별시","1"
"2023","남","40","경기성남","응시결격","수원","1"
"2023","남","40","경기성남","합격","강원특별자치도","5"
"2023","남","40","경기성남","합격","경상남도","7"
"2023","남","40","경기성남","합격","광주광역시","1"
"2023","남","40","경기성남","합격","대전광역시","1"
"2023","남","40","경기성남","합격","서울특별시","213"
"2023","남","40","경기성남","합격","수원","489"
"2023","남","40","경기성남","합격","의정부","131"
"2023","남","40","경기성남","합격","인천광역시","5"
"2023","남","40","경기성남","합격","전라남도","10"
"2023","남","40","경기성남","합격","전북특별자치도","2"
"2023","남","40","경기성남","합격","충청남도","2"
"2023","남","50","경기성남","결시","대전광역시","1"
"2023","남","50","경기성남","결시","서울특별시","32"
"2023","남","50","경기성남","결시","수원","69"
"2023","남","50","경기성남","결시","의정부","26"
"2023","남","50","경기성남","결시","인천광역시","1"
"2023","남","50","경기성남","결시","충청남도","4"
"2023","남","50","경기성남","결시","충청북도","1"
"2023","남","50","경기성남","불합격","강원특별자치도","2"
"2023","남","50","경기성남","불합격","경상남도","2"
"2023","남","50","경기성남","불합격","대전광역시","1"
"2023","남","50","경기성남","불합격","서울특별시","61"
"2023","남","50","경기성남","불합격","수원","119"
"2023","남","50","경기성남","불합격","의정부","43"
"2023","남","50","경기성남","불합격","인천광역시","1"
"2023","남","50","경기성남","응시결격","기타","1"
"2023","남","50","경기성남","응시결격","서울특별시","2"
"2023","남","50","경기성남","응시결격","수원","3"
"2023","남","50","경기성남","합격","강원특별자치도","8"
"2023","남","50","경기성남","합격","경상남도","14"
"2023","남","50","경기성남","합격","광주광역시","1"
"2023","남","50","경기성남","합격","대전광역시","1"
"2023","남","50","경기성남","합격","서울특별시","451"
"2023","남","50","경기성남","합격","수원","1228"
"2023","남","50","경기성남","합격","의정부","370"
"2023","남","50","경기성남","합격","인천광역시","19"
"2023","남","50","경기성남","합격","전라남도","15"
"2023","남","50","경기성남","합격","전북특별자치도","1"
"2023","남","50","경기성남","합격","충청남도","9"
"2023","남","50","경기성남","합격","충청북도","2"
"2023","남","60","경기성남","결시","강원특별자치도","1"
"2023","남","60","경기성남","결시","경상남도","3"
"2023","남","60","경기성남","결시","서울특별시","29"
"2023","남","60","경기성남","결시","수원","70"
"2023","남","60","경기성남","결시","의정부","24"
"2023","남","60","경기성남","결시","인천광역시","2"
"2023","남","60","경기성남","결시","전라남도","1"
"2023","남","60","경기성남","결시","충청남도","2"
"2023","남","60","경기성남","불합격","강원특별자치도","2"
"2023","남","60","경기성남","불합격","경상남도","2"
"2023","남","60","경기성남","불합격","서울특별시","125"
"2023","남","60","경기성남","불합격","수원","230"
"2023","남","60","경기성남","불합격","의정부","89"
"2023","남","60","경기성남","불합격","인천광역시","14"
"2023","남","60","경기성남","불합격","전라남도","4"
"2023","남","60","경기성남","불합격","전북특별자치도","1"
"2023","남","60","경기성남","불합격","충청남도","4"
"2023","남","60","경기성남","응시결격","수원","9"
"2023","남","60","경기성남","응시결격","의정부","1"
"2023","남","60","경기성남","합격","강원특별자치도","3"
"2023","남","60","경기성남","합격","경상남도","11"
"2023","남","60","경기성남","합격","광주광역시","1"
"2023","남","60","경기성남","합격","부산광역시","1"
"2023","남","60","경기성남","합격","서울특별시","857"
"2023","남","60","경기성남","합격","수원","2481"
"2023","남","60","경기성남","합격","울산광역시","1"
"2023","남","60","경기성남","합격","의정부","694"
"2023","남","60","경기성남","합격","인천광역시","56"
"2023","남","60","경기성남","합격","전라남도","13"
"2023","남","60","경기성남","합격","전북특별자치도","2"
"2023","남","60","경기성남","합격","충청남도","12"
"2023","남","60","경기성남","합격","충청북도","1"
"2023","남","70","경기성남","결시","서울특별시","8"
"2023","남","70","경기성남","결시","수원","24"
"2023","남","70","경기성남","결시","의정부","9"
"2023","남","70","경기성남","결시","전라남도","1"
"2023","남","70","경기성남","불합격","강원특별자치도","1"
"2023","남","70","경기성남","불합격","경상남도","2"
"2023","남","70","경기성남","불합격","서울특별시","77"
"2023","남","70","경기성남","불합격","수원","151"
"2023","남","70","경기성남","불합격","의정부","46"
"2023","남","70","경기성남","불합격","인천광역시","1"
"2023","남","70","경기성남","응시결격","수원","6"
"2023","남","70","경기성남","합격","강원특별자치도","1"
"2023","남","70","경기성남","합격","경상남도","3"
"2023","남","70","경기성남","합격","서울특별시","363"
"2023","남","70","경기성남","합격","수원","827"
"2023","남","70","경기성남","합격","의정부","223"
"2023","남","70","경기성남","합격","인천광역시","8"
"2023","남","70","경기성남","합격","전라남도","5"
"2023","남","70","경기성남","합격","전북특별자치도","1"
"2023","남","70","경기성남","합격","충청남도","1"
"2023","남","80","경기성남","결시","대전광역시","1"
"2023","남","80","경기성남","결시","서울특별시","6"
"2023","남","80","경기성남","결시","수원","9"
"2023","남","80","경기성남","결시","의정부","1"
"2023","남","80","경기성남","불합격","광주광역시","1"
"2023","남","80","경기성남","불합격","서울특별시","16"
"2023","남","80","경기성남","불합격","수원","69"
"2023","남","80","경기성남","불합격","의정부","11"
"2023","남","80","경기성남","합격","광주광역시","1"
"2023","남","80","경기성남","합격","서울특별시","28"
"2023","남","80","경기성남","합격","수원","78"
"2023","남","80","경기성남","합격","의정부","23"
"2023","남","80","경기성남","합격","인천광역시","3"
"2023","남","80","경기성남","합격","전라남도","1"
"2023","남","90","경기성남","불합격","서울특별시","1"
"2023","남","90","경기성남","불합격","의정부","1"
"2023","여","10","경기성남","결시","서울특별시","1"
"2023","여","10","경기성남","결시","수원","1"
"2023","여","10","경기성남","불합격","서울특별시","1"
"2023","여","10","경기성남","불합격","수원","1"
"2023","여","10","경기성남","합격","수원","3"
"2023","여","20","경기성남","결시","경상남도","1"
"2023","여","20","경기성남","결시","기타","1"
"2023","여","20","경기성남","결시","서울특별시","12"
"2023","여","20","경기성남","결시","수원","35"
"2023","여","20","경기성남","결시","의정부","12"
"2023","여","20","경기성남","결시","제주특별자치도","1"
"2023","여","20","경기성남","불합격","서울특별시","35"
"2023","여","20","경기성남","불합격","수원","84"
"2023","여","20","경기성남","불합격","의정부","18"
"2023","여","20","경기성남","불합격","인천광역시","1"
"2023","여","20","경기성남","불합격","전라남도","2"
"2023","여","20","경기성남","불합격","충청남도","1"
"2023","여","20","경기성남","합격","경상남도","1"
"2023","여","20","경기성남","합격","대전광역시","1"
"2023","여","20","경기성남","합격","서울특별시","137"
"2023","여","20","경기성남","합격","수원","320"
"2023","여","20","경기성남","합격","의정부","80"
"2023","여","20","경기성남","합격","인천광역시","7"
"2023","여","20","경기성남","합격","전라남도","5"
"2023","여","20","경기성남","합격","충청남도","6"
"2023","여","20","경기성남","합격","충청북도","1"
"2023","여","30","경기성남","결시","경상남도","5"
"2023","여","30","경기성남","결시","광주광역시","1"
"2023","여","30","경기성남","결시","서울특별시","30"
"2023","여","30","경기성남","결시","수원","68"
"2023","여","30","경기성남","결시","의정부","15"
"2023","여","30","경기성남","결시","인천광역시","1"
"2023","여","30","경기성남","결시","전라남도","1"
"2023","여","30","경기성남","결시","충청북도","1"
"2023","여","30","경기성남","불합격","강원특별자치도","2"
"2023","여","30","경기성남","불합격","경상남도","1"
"2023","여","30","경기성남","불합격","광주광역시","1"
"2023","여","30","경기성남","불합격","서울특별시","57"
"2023","여","30","경기성남","불합격","수원","167"
"2023","여","30","경기성남","불합격","의정부","31"
"2023","여","30","경기성남","불합격","인천광역시","6"
"2023","여","30","경기성남","불합격","충청남도","1"
"2023","여","30","경기성남","응시결격","수원","1"
"2023","여","30","경기성남","합격","강원특별자치도","1"
"2023","여","30","경기성남","합격","경상남도","22"
"2023","여","30","경기성남","합격","광주광역시","2"
"2023","여","30","경기성남","합격","대전광역시","4"
"2023","여","30","경기성남","합격","부산광역시","1"
"2023","여","30","경기성남","합격","서울특별시","444"
"2023","여","30","경기성남","합격","수원","1446"
"2023","여","30","경기성남","합격","의정부","324"
"2023","여","30","경기성남","합격","인천광역시","22"
"2023","여","30","경기성남","합격","전라남도","15"
"2023","여","30","경기성남","합격","충청남도","12"
"2023","여","30","경기성남","합격","충청북도","1"
"2023","여","40","경기성남","결시","강원특별자치도","2"
"2023","여","40","경기성남","결시","경상남도","7"
"2023","여","40","경기성남","결시","기타","1"
"2023","여","40","경기성남","결시","서울특별시","83"
"2023","여","40","경기성남","결시","수원","285"
"2023","여","40","경기성남","결시","의정부","62"
"2023","여","40","경기성남","결시","인천광역시","5"
"2023","여","40","경기성남","결시","전라남도","2"
"2023","여","40","경기성남","결시","전북특별자치도","1"
"2023","여","40","경기성남","결시","충청남도","3"
"2023","여","40","경기성남","불합격","강원특별자치도","5"
"2023","여","40","경기성남","불합격","경상남도","3"
"2023","여","40","경기성남","불합격","경상북도","1"
"2023","여","40","경기성남","불합격","광주광역시","1"
"2023","여","40","경기성남","불합격","서울특별시","108"
"2023","여","40","경기성남","불합격","수원","359"
"2023","여","40","경기성남","불합격","의정부","103"
"2023","여","40","경기성남","불합격","인천광역시","18"
"2023","여","40","경기성남","불합격","전라남도","8"
"2023","여","40","경기성남","불합격","전북특별자치도","3"
"2023","여","40","경기성남","응시결격","서울특별시","3"
"2023","여","40","경기성남","응시결격","수원","13"
"2023","여","40","경기성남","응시결격","의정부","3"
"2023","여","40","경기성남","합격","강원특별자치도","23"
"2023","여","40","경기성남","합격","경상남도","75"
"2023","여","40","경기성남","합격","경상북도","2"
"2023","여","40","경기성남","합격","광주광역시","8"
"2023","여","40","경기성남","합격","대전광역시","5"
"2023","여","40","경기성남","합격","부산광역시","1"
"2023","여","40","경기성남","합격","서울특별시","2087"
"2023","여","40","경기성남","합격","수원","7675"
"2023","여","40","경기성남","합격","울산광역시","1"
"2023","여","40","경기성남","합격","의정부","1805"
"2023","여","40","경기성남","합격","인천광역시","113"
"2023","여","40","경기성남","합격","전라남도","74"
"2023","여","40","경기성남","합격","전북특별자치도","2"
"2023","여","40","경기성남","합격","충청남도","30"
"2023","여","40","경기성남","합격","충청북도","6"
"2023","여","50","경기성남","결시","강원특별자치도","2"
"2023","여","50","경기성남","결시","경상남도","12"
"2023","여","50","경기성남","결시","부산광역시","2"
"2023","여","50","경기성남","결시","서울특별시","147"
"2023","여","50","경기성남","결시","수원","358"
"2023","여","50","경기성남","결시","의정부","98"
"2023","여","50","경기성남","결시","인천광역시","8"
"2023","여","50","경기성남","결시","전라남도","5"
"2023","여","50","경기성남","결시","충청남도","5"
"2023","여","50","경기성남","결시","충청북도","2"
"2023","여","50","경기성남","불합격","강원특별자치도","1"
"2023","여","50","경기성남","불합격","경상남도","8"
"2023","여","50","경기성남","불합격","경상북도","1"
"2023","여","50","경기성남","불합격","서울특별시","260"
"2023","여","50","경기성남","불합격","수원","735"
"2023","여","50","경기성남","불합격","의정부","218"
"2023","여","50","경기성남","불합격","인천광역시","14"
"2023","여","50","경기성남","불합격","전라남도","7"
"2023","여","50","경기성남","불합격","전북특별자치도","1"
"2023","여","50","경기성남","불합격","충청남도","2"
"2023","여","50","경기성남","불합격","충청북도","2"
"2023","여","50","경기성남","응시결격","서울특별시","8"
"2023","여","50","경기성남","응시결격","수원","25"
"2023","여","50","경기성남","응시결격","의정부","2"
"2023","여","50","경기성남","합격","강원특별자치도","28"
"2023","여","50","경기성남","합격","경상남도","63"
"2023","여","50","경기성남","합격","경상북도","5"
"2023","여","50","경기성남","합격","광주광역시","19"
"2023","여","50","경기성남","합격","기타","2"
"2023","여","50","경기성남","합격","대전광역시","8"
"2023","여","50","경기성남","합격","부산광역시","1"
"2023","여","50","경기성남","합격","서울특별시","4166"
"2023","여","50","경기성남","합격","세종특별자치시","1"
"2023","여","50","경기성남","합격","수원","14000"
"2023","여","50","경기성남","합격","울산광역시","3"
"2023","여","50","경기성남","합격","의정부","3429"
"2023","여","50","경기성남","합격","인천광역시","222"
"2023","여","50","경기성남","합격","전라남도","82"
"2023","여","50","경기성남","합격","전북특별자치도","5"
"2023","여","50","경기성남","합격","충청남도","56"
"2023","여","50","경기성남","합격","충청북도","5"
"2023","여","60","경기성남","결시","강원특별자치도","1"
"2023","여","60","경기성남","결시","경상남도","7"
"2023","여","60","경기성남","결시","경상북도","1"
"2023","여","60","경기성남","결시","광주광역시","1"
"2023","여","60","경기성남","결시","서울특별시","103"
"2023","여","60","경기성남","결시","수원","290"
"2023","여","60","경기성남","결시","의정부","72"
"2023","여","60","경기성남","결시","인천광역시","2"
"2023","여","60","경기성남","결시","전라남도","7"
"2023","여","60","경기성남","결시","충청남도","3"
"2023","여","60","경기성남","결시","충청북도","1"
"2023","여","60","경기성남","불합격","경상남도","7"
"2023","여","60","경기성남","불합격","광주광역시","2"
"2023","여","60","경기성남","불합격","기타","1"
"2023","여","60","경기성남","불합격","대전광역시","1"
"2023","여","60","경기성남","불합격","서울특별시","495"
"2023","여","60","경기성남","불합격","수원","1339"
"2023","여","60","경기성남","불합격","의정부","355"
"2023","여","60","경기성남","불합격","인천광역시","42"
"2023","여","60","경기성남","불합격","전라남도","6"
"2023","여","60","경기성남","불합격","전북특별자치도","1"
"2023","여","60","경기성남","불합격","충청남도","6"
"2023","여","60","경기성남","응시결격","서울특별시","2"
"2023","여","60","경기성남","응시결격","수원","24"
"2023","여","60","경기성남","응시결격","의정부","3"
"2023","여","60","경기성남","합격","강원특별자치도","16"
"2023","여","60","경기성남","합격","경상남도","29"
"2023","여","60","경기성남","합격","경상북도","2"
"2023","여","60","경기성남","합격","광주광역시","5"
"2023","여","60","경기성남","합격","대전광역시","3"
"2023","여","60","경기성남","합격","부산광역시","1"
"2023","여","60","경기성남","합격","서울특별시","3285"
"2023","여","60","경기성남","합격","수원","9482"
"2023","여","60","경기성남","합격","울산광역시","2"
"2023","여","60","경기성남","합격","의정부","2486"
"2023","여","60","경기성남","합격","인천광역시","174"
"2023","여","60","경기성남","합격","전라남도","41"
"2023","여","60","경기성남","합격","전북특별자치도","2"
"2023","여","60","경기성남","합격","제주특별자치도","1"
"2023","여","60","경기성남","합격","충청남도","23"
"2023","여","60","경기성남","합격","충청북도","1"
"2023","여","70","경기성남","결시","강원특별자치도","1"
"2023","여","70","경기성남","결시","대전광역시","1"
"2023","여","70","경기성남","결시","서울특별시","34"
"2023","여","70","경기성남","결시","수원","44"
"2023","여","70","경기성남","결시","의정부","18"
"2023","여","70","경기성남","결시","인천광역시","2"
"2023","여","70","경기성남","결시","전라남도","1"
"2023","여","70","경기성남","불합격","강원특별자치도","9"
"2023","여","70","경기성남","불합격","광주광역시","1"
"2023","여","70","경기성남","불합격","기타","1"
"2023","여","70","경기성남","불합격","서울특별시","244"
"2023","여","70","경기성남","불합격","수원","479"
"2023","여","70","경기성남","불합격","의정부","188"
"2023","여","70","경기성남","불합격","인천광역시","19"
"2023","여","70","경기성남","응시결격","수원","9"
"2023","여","70","경기성남","응시결격","의정부","3"
"2023","여","70","경기성남","합격","강원특별자치도","9"
"2023","여","70","경기성남","합격","경상남도","5"
"2023","여","70","경기성남","합격","광주광역시","1"
"2023","여","70","경기성남","합격","대전광역시","2"
"2023","여","70","경기성남","합격","서울특별시","726"
"2023","여","70","경기성남","합격","수원","1529"
"2023","여","70","경기성남","합격","의정부","391"
"2023","여","70","경기성남","합격","인천광역시","21"
"2023","여","70","경기성남","합격","전라남도","6"
"2023","여","70","경기성남","합격","전북특별자치도","1"
"2023","여","70","경기성남","합격","충청남도","1"
"2023","여","80","경기성남","결시","서울특별시","4"
"2023","여","80","경기성남","결시","수원","6"
"2023","여","80","경기성남","결시","의정부","2"
"2023","여","80","경기성남","결시","인천광역시","1"
"2023","여","80","경기성남","불합격","서울특별시","20"
"2023","여","80","경기성남","불합격","수원","45"
"2023","여","80","경기성남","불합격","의정부","18"
"2023","여","80","경기성남","불합격","인천광역시","3"
"2023","여","80","경기성남","합격","서울특별시","29"
"2023","여","80","경기성남","합격","수원","74"
"2023","여","80","경기성남","합격","의정부","18"
"2023","남","10","광주전남","불합격","전라남도","1"
"2023","남","10","광주전남","합격","광주광역시","1"
"2023","남","20","광주전남","결시","광주광역시","10"
"2023","남","20","광주전남","결시","전라남도","7"
"2023","남","20","광주전남","불합격","광주광역시","19"
"2023","남","20","광주전남","불합격","전라남도","41"
"2023","남","20","광주전남","불합격","전북특별자치도","1"
"2023","남","20","광주전남","응시결격","전라남도","1"
"2023","남","20","광주전남","합격","강원특별자치도","1"
"2023","남","20","광주전남","합격","광주광역시","34"
"2023","남","20","광주전남","합격","서울특별시","1"
"2023","남","20","광주전남","합격","수원","1"
"2023","남","20","광주전남","합격","전라남도","47"
"2023","남","30","광주전남","결시","광주광역시","15"
"2023","남","30","광주전남","결시","전라남도","20"
"2023","남","30","광주전남","불합격","경상남도","1"
"2023","남","30","광주전남","불합격","광주광역시","14"
"2023","남","30","광주전남","불합격","전라남도","60"
"2023","남","30","광주전남","불합격","전북특별자치도","3"
"2023","남","30","광주전남","합격","광주광역시","65"
"2023","남","30","광주전남","합격","서울특별시","1"
"2023","남","30","광주전남","합격","수원","2"
"2023","남","30","광주전남","합격","전라남도","117"
"2023","남","30","광주전남","합격","전북특별자치도","1"
"2023","남","40","광주전남","결시","광주광역시","24"
"2023","남","40","광주전남","결시","전라남도","43"
"2023","남","40","광주전남","불합격","광주광역시","64"
"2023","남","40","광주전남","불합격","서울특별시","1"
"2023","남","40","광주전남","불합격","수원","1"
"2023","남","40","광주전남","불합격","전라남도","51"
"2023","남","40","광주전남","불합격","전북특별자치도","2"
"2023","남","40","광주전남","응시결격","광주광역시","2"
"2023","남","40","광주전남","합격","강원특별자치도","1"
"2023","남","40","광주전남","합격","경상남도","2"
"2023","남","40","광주전남","합격","광주광역시","198"
"2023","남","40","광주전남","합격","서울특별시","1"
"2023","남","40","광주전남","합격","수원","2"
"2023","남","40","광주전남","합격","전라남도","320"
"2023","남","40","광주전남","합격","전북특별자치도","7"
"2023","남","50","광주전남","결시","광주광역시","52"
"2023","남","50","광주전남","결시","전라남도","93"
"2023","남","50","광주전남","결시","전북특별자치도","1"
"2023","남","50","광주전남","불합격","경상남도","3"
"2023","남","50","광주전남","불합격","광주광역시","75"
"2023","남","50","광주전남","불합격","서울특별시","1"
"2023","남","50","광주전남","불합격","전라남도","119"
"2023","남","50","광주전남","불합격","전북특별자치도","5"
"2023","남","50","광주전남","응시결격","광주광역시","10"
"2023","남","50","광주전남","응시결격","전라남도","1"
"2023","남","50","광주전남","합격","경상남도","8"
"2023","남","50","광주전남","합격","경상북도","1"
"2023","남","50","광주전남","합격","광주광역시","476"
"2023","남","50","광주전남","합격","대전광역시","1"
"2023","남","50","광주전남","합격","부산광역시","1"
"2023","남","50","광주전남","합격","서울특별시","4"
"2023","남","50","광주전남","합격","수원","3"
"2023","남","50","광주전남","합격","울산광역시","1"
"2023","남","50","광주전남","합격","의정부","2"
"2023","남","50","광주전남","합격","전라남도","859"
"2023","남","50","광주전남","합격","전북특별자치도","19"
"2023","남","50","광주전남","합격","충청남도","2"
"2023","남","60","광주전남","결시","경상남도","5"
"2023","남","60","광주전남","결시","광주광역시","41"
"2023","남","60","광주전남","결시","전라남도","90"
"2023","남","60","광주전남","불합격","경상남도","5"
"2023","남","60","광주전남","불합격","광주광역시","130"
"2023","남","60","광주전남","불합격","수원","1"
"2023","남","60","광주전남","불합격","전라남도","209"
"2023","남","60","광주전남","불합격","전북특별자치도","4"
"2023","남","60","광주전남","응시결격","광주광역시","5"
"2023","남","60","광주전남","응시결격","대전광역시","1"
"2023","남","60","광주전남","응시결격","전라남도","5"
"2023","남","60","광주전남","합격","경상남도","11"
"2023","남","60","광주전남","합격","광주광역시","715"
"2023","남","60","광주전남","합격","대전광역시","1"
"2023","남","60","광주전남","합격","서울특별시","3"
"2023","남","60","광주전남","합격","수원","6"
"2023","남","60","광주전남","합격","인천광역시","1"
"2023","남","60","광주전남","합격","전라남도","1219"
"2023","남","60","광주전남","합격","전북특별자치도","31"
"2023","남","60","광주전남","합격","충청남도","1"
"2023","남","70","광주전남","결시","광주광역시","7"
"2023","남","70","광주전남","결시","전라남도","29"
"2023","남","70","광주전남","불합격","광주광역시","67"
"2023","남","70","광주전남","불합격","전라남도","151"
"2023","남","70","광주전남","불합격","전북특별자치도","1"
"2023","남","70","광주전남","응시결격","광주광역시","1"
"2023","남","70","광주전남","응시결격","전라남도","1"
"2023","남","70","광주전남","합격","광주광역시","229"
"2023","남","70","광주전남","합격","서울특별시","1"
"2023","남","70","광주전남","합격","전라남도","333"
"2023","남","70","광주전남","합격","전북특별자치도","10"
"2023","남","80","광주전남","결시","광주광역시","1"
"2023","남","80","광주전남","결시","전라남도","11"
"2023","남","80","광주전남","불합격","광주광역시","24"
"2023","남","80","광주전남","불합격","전라남도","68"
"2023","남","80","광주전남","합격","광주광역시","30"
"2023","남","80","광주전남","합격","전라남도","38"
"2023","남","90","광주전남","불합격","전라남도","1"
"2023","남","90","광주전남","합격","전라남도","1"
"2023","여","10","광주전남","불합격","전라남도","14"
"2023","여","10","광주전남","합격","전라남도","5"
"2023","여","20","광주전남","결시","광주광역시","16"
"2023","여","20","광주전남","결시","전라남도","27"
"2023","여","20","광주전남","불합격","광주광역시","36"
"2023","여","20","광주전남","불합격","대전광역시","1"
"2023","여","20","광주전남","불합격","전라남도","57"
"2023","여","20","광주전남","불합격","전북특별자치도","2"
"2023","여","20","광주전남","응시결격","전라남도","1"
"2023","여","20","광주전남","합격","광주광역시","156"
"2023","여","20","광주전남","합격","대전광역시","1"
"2023","여","20","광주전남","합격","수원","2"
"2023","여","20","광주전남","합격","전라남도","203"
"2023","여","20","광주전남","합격","전북특별자치도","1"
"2023","여","30","광주전남","결시","경상남도","1"
"2023","여","30","광주전남","결시","광주광역시","48"
"2023","여","30","광주전남","결시","전라남도","115"
"2023","여","30","광주전남","결시","충청남도","1"
"2023","여","30","광주전남","불합격","광주광역시","97"
"2023","여","30","광주전남","불합격","전라남도","238"
"2023","여","30","광주전남","불합격","전북특별자치도","6"
"2023","여","30","광주전남","응시결격","광주광역시","5"
"2023","여","30","광주전남","합격","경상남도","4"
"2023","여","30","광주전남","합격","광주광역시","674"
"2023","여","30","광주전남","합격","서울특별시","7"
"2023","여","30","광주전남","합격","수원","6"
"2023","여","30","광주전남","합격","전라남도","1140"
"2023","여","30","광주전남","합격","전북특별자치도","16"
"2023","여","30","광주전남","합격","충청남도","1"
"2023","여","40","광주전남","결시","경상남도","1"
"2023","여","40","광주전남","결시","광주광역시","152"
"2023","여","40","광주전남","결시","수원","2"
"2023","여","40","광주전남","결시","전라남도","321"
"2023","여","40","광주전남","결시","전북특별자치도","1"
"2023","여","40","광주전남","불합격","경상남도","3"
"2023","여","40","광주전남","불합격","광주광역시","310"
"2023","여","40","광주전남","불합격","부산광역시","1"
"2023","여","40","광주전남","불합격","수원","2"
"2023","여","40","광주전남","불합격","의정부","1"
"2023","여","40","광주전남","불합격","전라남도","600"
"2023","여","40","광주전남","불합격","전북특별자치도","11"
"2023","여","40","광주전남","응시결격","광주광역시","11"
"2023","여","40","광주전남","응시결격","기타","1"
"2023","여","40","광주전남","응시결격","전라남도","4"
"2023","여","40","광주전남","합격","강원특별자치도","1"
"2023","여","40","광주전남","합격","경상남도","15"
"2023","여","40","광주전남","합격","광주광역시","2623"
"2023","여","40","광주전남","합격","기타","1"
"2023","여","40","광주전남","합격","대전광역시","1"
"2023","여","40","광주전남","합격","서울특별시","30"
"2023","여","40","광주전남","합격","세종특별자치시","1"
"2023","여","40","광주전남","합격","수원","10"
"2023","여","40","광주전남","합격","의정부","2"
"2023","여","40","광주전남","합격","인천광역시","1"
"2023","여","40","광주전남","합격","전라남도","3967"
"2023","여","40","광주전남","합격","전북특별자치도","45"
"2023","여","40","광주전남","합격","충청남도","1"
"2023","여","40","광주전남","합격","충청북도","1"
"2023","여","50","광주전남","결시","경상남도","3"
"2023","여","50","광주전남","결시","광주광역시","225"
"2023","여","50","광주전남","결시","수원","5"
"2023","여","50","광주전남","결시","전라남도","418"
"2023","여","50","광주전남","결시","전북특별자치도","4"
"2023","여","50","광주전남","불합격","경상남도","4"
"2023","여","50","광주전남","불합격","광주광역시","423"
"2023","여","50","광주전남","불합격","서울특별시","1"
"2023","여","50","광주전남","불합격","수원","5"
"2023","여","50","광주전남","불합격","전라남도","700"
"2023","여","50","광주전남","불합격","전북특별자치도","20"
"2023","여","50","광주전남","응시결격","광주광역시","24"
"2023","여","50","광주전남","응시결격","전라남도","9"
"2023","여","50","광주전남","합격","경상남도","13"
"2023","여","50","광주전남","합격","광주광역시","3452"
"2023","여","50","광주전남","합격","기타","1"
"2023","여","50","광주전남","합격","대전광역시","1"
"2023","여","50","광주전남","합격","서울특별시","21"
"2023","여","50","광주전남","합격","수원","18"
"2023","여","50","광주전남","합격","의정부","4"
"2023","여","50","광주전남","합격","인천광역시","4"
"2023","여","50","광주전남","합격","전라남도","5020"
"2023","여","50","광주전남","합격","전북특별자치도","59"
"2023","여","50","광주전남","합격","충청남도","2"
"2023","여","60","광주전남","결시","경상남도","1"
"2023","여","60","광주전남","결시","광주광역시","145"
"2023","여","60","광주전남","결시","전라남도","279"
"2023","여","60","광주전남","결시","전북특별자치도","3"
"2023","여","60","광주전남","불합격","경상남도","4"
"2023","여","60","광주전남","불합격","광주광역시","534"
"2023","여","60","광주전남","불합격","대전광역시","1"
"2023","여","60","광주전남","불합격","수원","2"
"2023","여","60","광주전남","불합격","전라남도","1110"
"2023","여","60","광주전남","불합격","전북특별자치도","19"
"2023","여","60","광주전남","불합격","충청북도","2"
"2023","여","60","광주전남","응시결격","광주광역시","4"
"2023","여","60","광주전남","응시결격","전라남도","10"
"2023","여","60","광주전남","합격","경상남도","10"
"2023","여","60","광주전남","합격","경상북도","2"
"2023","여","60","광주전남","합격","광주광역시","1920"
"2023","여","60","광주전남","합격","대전광역시","1"
"2023","여","60","광주전남","합격","서울특별시","1"
"2023","여","60","광주전남","합격","수원","7"
"2023","여","60","광주전남","합격","의정부","2"
"2023","여","60","광주전남","합격","인천광역시","4"
"2023","여","60","광주전남","합격","전라남도","2892"
"2023","여","60","광주전남","합격","전북특별자치도","58"
"2023","여","60","광주전남","합격","충청남도","1"
"2023","여","70","광주전남","결시","경상남도","1"
"2023","여","70","광주전남","결시","광주광역시","24"
"2023","여","70","광주전남","결시","기타","1"
"2023","여","70","광주전남","결시","전라남도","60"
"2023","여","70","광주전남","불합격","경상남도","3"
"2023","여","70","광주전남","불합격","광주광역시","194"
"2023","여","70","광주전남","불합격","서울특별시","4"
"2023","여","70","광주전남","불합격","울산광역시","4"
"2023","여","70","광주전남","불합격","전라남도","303"
"2023","여","70","광주전남","불합격","전북특별자치도","7"
"2023","여","70","광주전남","응시결격","전라남도","1"
"2023","여","70","광주전남","합격","광주광역시","350"
"2023","여","70","광주전남","합격","전라남도","428"
"2023","여","70","광주전남","합격","전북특별자치도","6"
"2023","여","80","광주전남","결시","광주광역시","1"
"2023","여","80","광주전남","결시","전라남도","1"
"2023","여","80","광주전남","불합격","광주광역시","17"
"2023","여","80","광주전남","불합격","전라남도","18"
"2023","여","80","광주전남","합격","광주광역시","12"
"2023","여","80","광주전남","합격","전라남도","13"
"2023","남","10","대구경북","불합격","경상북도","1"
"2023","남","10","대구경북","합격","경상북도","1"
"2023","남","20","대구경북","결시","경상북도","4"
"2023","남","20","대구경북","결시","대구광역시","4"
"2023","남","20","대구경북","결시","부산광역시","1"
"2023","남","20","대구경북","불합격","경상남도","5"
"2023","남","20","대구경북","불합격","경상북도","25"
"2023","남","20","대구경북","불합격","대구광역시","13"
"2023","남","20","대구경북","불합격","수원","1"
"2023","남","20","대구경북","합격","경상남도","7"
"2023","남","20","대구경북","합격","경상북도","41"
"2023","남","20","대구경북","합격","대구광역시","31"
"2023","남","30","대구경북","결시","경상남도","3"
"2023","남","30","대구경북","결시","경상북도","5"
"2023","남","30","대구경북","결시","대구광역시","4"
"2023","남","30","대구경북","불합격","경상남도","7"
"2023","남","30","대구경북","불합격","경상북도","18"
"2023","남","30","대구경북","불합격","대구광역시","41"
"2023","남","30","대구경북","불합격","대전광역시","1"
"2023","남","30","대구경북","응시결격","경상북도","1"
"2023","남","30","대구경북","합격","경상남도","8"
"2023","남","30","대구경북","합격","경상북도","60"
"2023","남","30","대구경북","합격","대구광역시","71"
"2023","남","30","대구경북","합격","대전광역시","1"
"2023","남","30","대구경북","합격","서울특별시","1"
"2023","남","30","대구경북","합격","세종특별자치시","1"
"2023","남","30","대구경북","합격","수원","1"
"2023","남","30","대구경북","합격","울산광역시","4"
"2023","남","30","대구경북","합격","의정부","1"
"2023","남","30","대구경북","합격","전라남도","2"
"2023","남","30","대구경북","합격","충청남도","1"
"2023","남","40","대구경북","결시","경상남도","2"
"2023","남","40","대구경북","결시","경상북도","10"
"2023","남","40","대구경북","결시","대구광역시","5"
"2023","남","40","대구경북","결시","서울특별시","1"
"2023","남","40","대구경북","결시","전라남도","2"
"2023","남","40","대구경북","결시","충청남도","1"
"2023","남","40","대구경북","불합격","경상남도","9"
"2023","남","40","대구경북","불합격","경상북도","21"
"2023","남","40","대구경북","불합격","대구광역시","12"
"2023","남","40","대구경북","불합격","대전광역시","2"
"2023","남","40","대구경북","불합격","수원","3"
"2023","남","40","대구경북","불합격","울산광역시","2"
"2023","남","40","대구경북","합격","경상남도","54"
"2023","남","40","대구경북","합격","경상북도","141"
"2023","남","40","대구경북","합격","대구광역시","108"
"2023","남","40","대구경북","합격","서울특별시","4"
"2023","남","40","대구경북","합격","수원","6"
"2023","남","40","대구경북","합격","울산광역시","5"
"2023","남","40","대구경북","합격","전라남도","2"
"2023","남","50","대구경북","결시","경상남도","7"
"2023","남","50","대구경북","결시","경상북도","16"
"2023","남","50","대구경북","결시","대구광역시","11"
"2023","남","50","대구경북","결시","서울특별시","3"
"2023","남","50","대구경북","결시","울산광역시","3"
"2023","남","50","대구경북","불합격","경상남도","13"
"2023","남","50","대구경북","불합격","경상북도","35"
"2023","남","50","대구경북","불합격","대구광역시","19"
"2023","남","50","대구경북","불합격","서울특별시","1"
"2023","남","50","대구경북","불합격","수원","3"
"2023","남","50","대구경북","불합격","울산광역시","1"
"2023","남","50","대구경북","합격","경상남도","107"
"2023","남","50","대구경북","합격","경상북도","370"
"2023","남","50","대구경북","합격","대구광역시","266"
"2023","남","50","대구경북","합격","대전광역시","1"
"2023","남","50","대구경북","합격","서울특별시","5"
"2023","남","50","대구경북","합격","수원","5"
"2023","남","50","대구경북","합격","울산광역시","10"
"2023","남","50","대구경북","합격","의정부","1"
"2023","남","50","대구경북","합격","전라남도","4"
"2023","남","60","대구경북","결시","경상남도","12"
"2023","남","60","대구경북","결시","경상북도","17"
"2023","남","60","대구경북","결시","대구광역시","7"
"2023","남","60","대구경북","결시","수원","1"
"2023","남","60","대구경북","결시","전라남도","1"
"2023","남","60","대구경북","불합격","경상남도","30"
"2023","남","60","대구경북","불합격","경상북도","59"
"2023","남","60","대구경북","불합격","대구광역시","46"
"2023","남","60","대구경북","불합격","전라남도","1"
"2023","남","60","대구경북","응시결격","경상북도","1"
"2023","남","60","대구경북","합격","강원특별자치도","1"
"2023","남","60","대구경북","합격","경상남도","149"
"2023","남","60","대구경북","합격","경상북도","687"
"2023","남","60","대구경북","합격","광주광역시","1"
"2023","남","60","대구경북","합격","대구광역시","550"
"2023","남","60","대구경북","합격","부산광역시","1"
"2023","남","60","대구경북","합격","서울특별시","5"
"2023","남","60","대구경북","합격","세종특별자치시","1"
"2023","남","60","대구경북","합격","수원","4"
"2023","남","60","대구경북","합격","울산광역시","30"
"2023","남","60","대구경북","합격","인천광역시","2"
"2023","남","60","대구경북","합격","전라남도","1"
"2023","남","70","대구경북","결시","경상남도","1"
"2023","남","70","대구경북","결시","경상북도","12"
"2023","남","70","대구경북","결시","대구광역시","3"
"2023","남","70","대구경북","결시","수원","1"
"2023","남","70","대구경북","불합격","경상남도","13"
"2023","남","70","대구경북","불합격","경상북도","54"
"2023","남","70","대구경북","불합격","대구광역시","33"
"2023","남","70","대구경북","불합격","서울특별시","1"
"2023","남","70","대구경북","불합격","울산광역시","2"
"2023","남","70","대구경북","응시결격","경상북도","1"
"2023","남","70","대구경북","합격","경상남도","31"
"2023","남","70","대구경북","합격","경상북도","226"
"2023","남","70","대구경북","합격","대구광역시","161"
"2023","남","70","대구경북","합격","대전광역시","2"
"2023","남","70","대구경북","합격","서울특별시","3"
"2023","남","70","대구경북","합격","수원","1"
"2023","남","70","대구경북","합격","울산광역시","2"
"2023","남","70","대구경북","합격","전라남도","3"
"2023","남","80","대구경북","결시","경상남도","1"
"2023","남","80","대구경북","결시","경상북도","2"
"2023","남","80","대구경북","결시","대구광역시","1"
"2023","남","80","대구경북","불합격","경상남도","1"
"2023","남","80","대구경북","불합격","경상북도","29"
"2023","남","80","대구경북","불합격","대구광역시","19"
"2023","남","80","대구경북","불합격","수원","1"
"2023","남","80","대구경북","합격","경상남도","3"
"2023","남","80","대구경북","합격","경상북도","20"
"2023","남","80","대구경북","합격","대구광역시","24"
"2023","남","80","대구경북","합격","대전광역시","1"
"2023","남","90","대구경북","결시","경상남도","1"
"2023","남","90","대구경북","불합격","경상남도","1"
"2023","남","90","대구경북","합격","대구광역시","1"
"2023","여","10","대구경북","불합격","경상북도","2"
"2023","여","10","대구경북","합격","경상북도","11"
"2023","여","20","대구경북","결시","경상남도","2"
"2023","여","20","대구경북","결시","경상북도","9"
"2023","여","20","대구경북","결시","대구광역시","7"
"2023","여","20","대구경북","불합격","경상남도","9"
"2023","여","20","대구경북","불합격","경상북도","37"
"2023","여","20","대구경북","불합격","대구광역시","9"
"2023","여","20","대구경북","불합격","대전광역시","1"
"2023","여","20","대구경북","합격","강원특별자치도","1"
"2023","여","20","대구경북","합격","경상남도","36"
"2023","여","20","대구경북","합격","경상북도","119"
"2023","여","20","대구경북","합격","대구광역시","73"
"2023","여","20","대구경북","합격","부산광역시","2"
"2023","여","20","대구경북","합격","수원","6"
"2023","여","20","대구경북","합격","울산광역시","5"
"2023","여","20","대구경북","합격","의정부","1"
"2023","여","20","대구경북","합격","전라남도","3"
"2023","여","20","대구경북","합격","충청북도","1"
"2023","여","30","대구경북","결시","경상남도","10"
"2023","여","30","대구경북","결시","경상북도","24"
"2023","여","30","대구경북","결시","대구광역시","8"
"2023","여","30","대구경북","결시","대전광역시","1"
"2023","여","30","대구경북","결시","서울특별시","1"
"2023","여","30","대구경북","결시","수원","3"
"2023","여","30","대구경북","결시","울산광역시","1"
"2023","여","30","대구경북","불합격","경상남도","33"
"2023","여","30","대구경북","불합격","경상북도","88"
"2023","여","30","대구경북","불합격","대구광역시","44"
"2023","여","30","대구경북","불합격","대전광역시","2"
"2023","여","30","대구경북","불합격","서울특별시","5"
"2023","여","30","대구경북","불합격","울산광역시","3"
"2023","여","30","대구경북","응시결격","경상북도","1"
"2023","여","30","대구경북","합격","경상남도","126"
"2023","여","30","대구경북","합격","경상북도","521"
"2023","여","30","대구경북","합격","대구광역시","323"
"2023","여","30","대구경북","합격","대전광역시","3"
"2023","여","30","대구경북","합격","부산광역시","2"
"2023","여","30","대구경북","합격","서울특별시","6"
"2023","여","30","대구경북","합격","수원","8"
"2023","여","30","대구경북","합격","울산광역시","22"
"2023","여","30","대구경북","합격","의정부","3"
"2023","여","30","대구경북","합격","인천광역시","1"
"2023","여","30","대구경북","합격","전라남도","4"
"2023","여","40","대구경북","결시","경상남도","39"
"2023","여","40","대구경북","결시","경상북도","73"
"2023","여","40","대구경북","결시","대구광역시","50"
"2023","여","40","대구경북","결시","부산광역시","2"
"2023","여","40","대구경북","결시","서울특별시","3"
"2023","여","40","대구경북","결시","수원","4"
"2023","여","40","대구경북","결시","울산광역시","1"
"2023","여","40","대구경북","결시","의정부","1"
"2023","여","40","대구경북","불합격","경상남도","72"
"2023","여","40","대구경북","불합격","경상북도","228"
"2023","여","40","대구경북","불합격","대구광역시","99"
"2023","여","40","대구경북","불합격","대전광역시","2"
"2023","여","40","대구경북","불합격","수원","3"
"2023","여","40","대구경북","불합격","울산광역시","13"
"2023","여","40","대구경북","불합격","전라남도","1"
"2023","여","40","대구경북","응시결격","경상북도","5"
"2023","여","40","대구경북","합격","강원특별자치도","3"
"2023","여","40","대구경북","합격","경상남도","508"
"2023","여","40","대구경북","합격","경상북도","2631"
"2023","여","40","대구경북","합격","광주광역시","1"
"2023","여","40","대구경북","합격","대구광역시","1899"
"2023","여","40","대구경북","합격","대전광역시","13"
"2023","여","40","대구경북","합격","부산광역시","2"
"2023","여","40","대구경북","합격","서울특별시","8"
"2023","여","40","대구경북","합격","세종특별자치시","3"
"2023","여","40","대구경북","합격","수원","29"
"2023","여","40","대구경북","합격","울산광역시","118"
"2023","여","40","대구경북","합격","의정부","4"
"2023","여","40","대구경북","합격","인천광역시","2"
"2023","여","40","대구경북","합격","전라남도","13"
"2023","여","40","대구경북","합격","충청남도","4"
"2023","여","40","대구경북","합격","충청북도","3"
"2023","여","50","대구경북","결시","경상남도","45"
"2023","여","50","대구경북","결시","경상북도","106"
"2023","여","50","대구경북","결시","대구광역시","72"
"2023","여","50","대구경북","결시","서울특별시","2"
"2023","여","50","대구경북","결시","울산광역시","3"
"2023","여","50","대구경북","결시","의정부","2"
"2023","여","50","대구경북","결시","전라남도","3"
"2023","여","50","대구경북","불합격","경상남도","80"
"2023","여","50","대구경북","불합격","경상북도","296"
"2023","여","50","대구경북","불합격","대구광역시","220"
"2023","여","50","대구경북","불합격","대전광역시","1"
"2023","여","50","대구경북","불합격","서울특별시","1"
"2023","여","50","대구경북","불합격","수원","7"
"2023","여","50","대구경북","불합격","울산광역시","8"
"2023","여","50","대구경북","불합격","전라남도","1"
"2023","여","50","대구경북","응시결격","경상북도","2"
"2023","여","50","대구경북","합격","강원특별자치도","3"
"2023","여","50","대구경북","합격","경상남도","647"
"2023","여","50","대구경북","합격","경상북도","4234"
"2023","여","50","대구경북","합격","광주광역시","2"
"2023","여","50","대구경북","합격","대구광역시","4247"
"2023","여","50","대구경북","합격","대전광역시","9"
"2023","여","50","대구경북","합격","부산광역시","3"
"2023","여","50","대구경북","합격","서울특별시","29"
"2023","여","50","대구경북","합격","세종특별자치시","1"
"2023","여","50","대구경북","합격","수원","31"
"2023","여","50","대구경북","합격","울산광역시","156"
"2023","여","50","대구경북","합격","의정부","1"
"2023","여","50","대구경북","합격","인천광역시","2"
"2023","여","50","대구경북","합격","전라남도","32"
"2023","여","50","대구경북","합격","충청남도","2"
"2023","여","50","대구경북","합격","충청북도","3"
"2023","여","60","대구경북","결시","경상남도","31"
"2023","여","60","대구경북","결시","경상북도","90"
"2023","여","60","대구경북","결시","대구광역시","54"
"2023","여","60","대구경북","결시","세종특별자치시","1"
"2023","여","60","대구경북","결시","수원","2"
"2023","여","60","대구경북","결시","울산광역시","3"
"2023","여","60","대구경북","결시","전라남도","2"
"2023","여","60","대구경북","불합격","경상남도","155"
"2023","여","60","대구경북","불합격","경상북도","591"
"2023","여","60","대구경북","불합격","광주광역시","1"
"2023","여","60","대구경북","불합격","대구광역시","515"
"2023","여","60","대구경북","불합격","울산광역시","12"
"2023","여","60","대구경북","응시결격","경상북도","4"
"2023","여","60","대구경북","응시결격","울산광역시","1"
"2023","여","60","대구경북","합격","경상남도","411"
"2023","여","60","대구경북","합격","경상북도","2845"
"2023","여","60","대구경북","합격","광주광역시","1"
"2023","여","60","대구경북","합격","대구광역시","3011"
"2023","여","60","대구경북","합격","서울특별시","9"
"2023","여","60","대구경북","합격","세종특별자치시","2"
"2023","여","60","대구경북","합격","수원","12"
"2023","여","60","대구경북","합격","울산광역시","98"
"2023","여","60","대구경북","합격","의정부","1"
"2023","여","60","대구경북","합격","전라남도","12"
"2023","여","60","대구경북","합격","충청남도","2"
"2023","여","60","대구경북","합격","충청북도","1"
"2023","여","70","대구경북","결시","경상남도","6"
"2023","여","70","대구경북","결시","경상북도","23"
"2023","여","70","대구경북","결시","대구광역시","26"
"2023","여","70","대구경북","결시","울산광역시","1"
"2023","여","70","대구경북","결시","전라남도","2"
"2023","여","70","대구경북","불합격","경상남도","48"
"2023","여","70","대구경북","불합격","경상북도","218"
"2023","여","70","대구경북","불합격","대구광역시","221"
"2023","여","70","대구경북","불합격","대전광역시","1"
"2023","여","70","대구경북","불합격","부산광역시","1"
"2023","여","70","대구경북","불합격","울산광역시","5"
"2023","여","70","대구경북","불합격","인천광역시","2"
"2023","여","70","대구경북","불합격","전라남도","3"
"2023","여","70","대구경북","응시결격","경상북도","1"
"2023","여","70","대구경북","합격","경상남도","60"
"2023","여","70","대구경북","합격","경상북도","378"
"2023","여","70","대구경북","합격","대구광역시","387"
"2023","여","70","대구경북","합격","대전광역시","2"
"2023","여","70","대구경북","합격","서울특별시","1"
"2023","여","70","대구경북","합격","수원","2"
"2023","여","70","대구경북","합격","울산광역시","6"
"2023","여","70","대구경북","합격","의정부","1"
"2023","여","70","대구경북","합격","전라남도","1"
"2023","여","80","대구경북","결시","대구광역시","1"
"2023","여","80","대구경북","불합격","경상북도","25"
"2023","여","80","대구경북","불합격","대구광역시","25"
"2023","여","80","대구경북","합격","경상남도","2"
"2023","여","80","대구경북","합격","경상북도","10"
"2023","여","80","대구경북","합격","대구광역시","16"
"2023","남","10","대전충청","불합격","충청남도","2"
"2023","남","10","대전충청","합격","충청남도","1"
"2023","남","20","대전충청","결시","대전광역시","5"
"2023","남","20","대전충청","결시","서울특별시","1"
"2023","남","20","대전충청","결시","세종특별자치시","3"
"2023","남","20","대전충청","결시","충청북도","1"
"2023","남","20","대전충청","불합격","경상남도","1"
"2023","남","20","대전충청","불합격","대전광역시","19"
"2023","남","20","대전충청","불합격","서울특별시","8"
"2023","남","20","대전충청","불합격","세종특별자치시","5"
"2023","남","20","대전충청","불합격","수원","1"
"2023","남","20","대전충청","불합격","충청남도","12"
"2023","남","20","대전충청","불합격","충청북도","8"
"2023","남","20","대전충청","응시결격","수원","1"
"2023","남","20","대전충청","합격","경상남도","2"
"2023","남","20","대전충청","합격","대전광역시","28"
"2023","남","20","대전충청","합격","서울특별시","1"
"2023","남","20","대전충청","합격","세종특별자치시","6"
"2023","남","20","대전충청","합격","수원","3"
"2023","남","20","대전충청","합격","전라남도","1"
"2023","남","20","대전충청","합격","충청남도","27"
"2023","남","20","대전충청","합격","충청북도","13"
"2023","남","30","대전충청","결시","대전광역시","9"
"2023","남","30","대전충청","결시","수원","2"
"2023","남","30","대전충청","결시","충청남도","4"
"2023","남","30","대전충청","결시","충청북도","1"
"2023","남","30","대전충청","불합격","강원특별자치도","2"
"2023","남","30","대전충청","불합격","경상남도","2"
"2023","남","30","대전충청","불합격","대전광역시","9"
"2023","남","30","대전충청","불합격","서울특별시","3"
"2023","남","30","대전충청","불합격","세종특별자치시","1"
"2023","남","30","대전충청","불합격","충청남도","14"
"2023","남","30","대전충청","불합격","충청북도","5"
"2023","남","30","대전충청","합격","경상남도","1"
"2023","남","30","대전충청","합격","경상북도","1"
"2023","남","30","대전충청","합격","대전광역시","55"
"2023","남","30","대전충청","합격","서울특별시","4"
"2023","남","30","대전충청","합격","세종특별자치시","15"
"2023","남","30","대전충청","합격","수원","4"
"2023","남","30","대전충청","합격","전라남도","1"
"2023","남","30","대전충청","합격","전북특별자치도","2"
"2023","남","30","대전충청","합격","충청남도","44"
"2023","남","30","대전충청","합격","충청북도","25"
"2023","남","40","대전충청","결시","경상남도","1"
"2023","남","40","대전충청","결시","대전광역시","5"
"2023","남","40","대전충청","결시","세종특별자치시","2"
"2023","남","40","대전충청","결시","수원","1"
"2023","남","40","대전충청","결시","의정부","1"
"2023","남","40","대전충청","결시","충청남도","8"
"2023","남","40","대전충청","결시","충청북도","15"
"2023","남","40","대전충청","불합격","경상남도","2"
"2023","남","40","대전충청","불합격","대전광역시","24"
"2023","남","40","대전충청","불합격","서울특별시","2"
"2023","남","40","대전충청","불합격","세종특별자치시","3"
"2023","남","40","대전충청","불합격","수원","2"
"2023","남","40","대전충청","불합격","울산광역시","1"
"2023","남","40","대전충청","불합격","전라남도","3"
"2023","남","40","대전충청","불합격","충청남도","19"
"2023","남","40","대전충청","불합격","충청북도","9"
"2023","남","40","대전충청","응시결격","수원","1"
"2023","남","40","대전충청","합격","경상남도","7"
"2023","남","40","대전충청","합격","대전광역시","131"
"2023","남","40","대전충청","합격","서울특별시","6"
"2023","남","40","대전충청","합격","세종특별자치시","22"
"2023","남","40","대전충청","합격","수원","19"
"2023","남","40","대전충청","합격","울산광역시","1"
"2023","남","40","대전충청","합격","인천광역시","1"
"2023","남","40","대전충청","합격","전라남도","7"
"2023","남","40","대전충청","합격","전북특별자치도","1"
"2023","남","40","대전충청","합격","충청남도","113"
"2023","남","40","대전충청","합격","충청북도","62"
"2023","남","50","대전충청","결시","경상남도","3"
"2023","남","50","대전충청","결시","대전광역시","19"
"2023","남","50","대전충청","결시","서울특별시","3"
"2023","남","50","대전충청","결시","세종특별자치시","1"
"2023","남","50","대전충청","결시","수원","4"
"2023","남","50","대전충청","결시","울산광역시","1"
"2023","남","50","대전충청","결시","충청남도","32"
"2023","남","50","대전충청","결시","충청북도","10"
"2023","남","50","대전충청","불합격","경상남도","1"
"2023","남","50","대전충청","불합격","대전광역시","48"
"2023","남","50","대전충청","불합격","서울특별시","3"
"2023","남","50","대전충청","불합격","세종특별자치시","4"
"2023","남","50","대전충청","불합격","수원","6"
"2023","남","50","대전충청","불합격","전북특별자치도","1"
"2023","남","50","대전충청","불합격","충청남도","43"
"2023","남","50","대전충청","불합격","충청북도","15"
"2023","남","50","대전충청","합격","경상남도","19"
"2023","남","50","대전충청","합격","경상북도","4"
"2023","남","50","대전충청","합격","대전광역시","355"
"2023","남","50","대전충청","합격","부산광역시","1"
"2023","남","50","대전충청","합격","서울특별시","23"
"2023","남","50","대전충청","합격","세종특별자치시","51"
"2023","남","50","대전충청","합격","수원","46"
"2023","남","50","대전충청","합격","의정부","2"
"2023","남","50","대전충청","합격","인천광역시","2"
"2023","남","50","대전충청","합격","전라남도","5"
"2023","남","50","대전충청","합격","전북특별자치도","1"
"2023","남","50","대전충청","합격","충청남도","315"
"2023","남","50","대전충청","합격","충청북도","179"
"2023","남","60","대전충청","결시","경상남도","2"
"2023","남","60","대전충청","결시","대전광역시","26"
"2023","남","60","대전충청","결시","서울특별시","8"
"2023","남","60","대전충청","결시","세종특별자치시","1"
"2023","남","60","대전충청","결시","수원","2"
"2023","남","60","대전충청","결시","전라남도","1"
"2023","남","60","대전충청","결시","충청남도","25"
"2023","남","60","대전충청","결시","충청북도","18"
"2023","남","60","대전충청","불합격","경상남도","8"
"2023","남","60","대전충청","불합격","경상북도","1"
"2023","남","60","대전충청","불합격","대전광역시","94"
"2023","남","60","대전충청","불합격","서울특별시","5"
"2023","남","60","대전충청","불합격","세종특별자치시","1"
"2023","남","60","대전충청","불합격","수원","14"
"2023","남","60","대전충청","불합격","인천광역시","1"
"2023","남","60","대전충청","불합격","충청남도","73"
"2023","남","60","대전충청","불합격","충청북도","50"
"2023","남","60","대전충청","응시결격","대전광역시","1"
"2023","남","60","대전충청","합격","강원특별자치도","2"
"2023","남","60","대전충청","합격","경상남도","31"
"2023","남","60","대전충청","합격","경상북도","2"
"2023","남","60","대전충청","합격","광주광역시","1"
"2023","남","60","대전충청","합격","기타","1"
"2023","남","60","대전충청","합격","대전광역시","653"
"2023","남","60","대전충청","합격","부산광역시","1"
"2023","남","60","대전충청","합격","서울특별시","22"
"2023","남","60","대전충청","합격","세종특별자치시","126"
"2023","남","60","대전충청","합격","수원","85"
"2023","남","60","대전충청","합격","의정부","13"
"2023","남","60","대전충청","합격","인천광역시","8"
"2023","남","60","대전충청","합격","전라남도","4"
"2023","남","60","대전충청","합격","전북특별자치도","1"
"2023","남","60","대전충청","합격","충청남도","670"
"2023","남","60","대전충청","합격","충청북도","400"
"2023","남","70","대전충청","결시","대전광역시","11"
"2023","남","70","대전충청","결시","서울특별시","1"
"2023","남","70","대전충청","결시","수원","2"
"2023","남","70","대전충청","결시","충청남도","6"
"2023","남","70","대전충청","결시","충청북도","2"
"2023","남","70","대전충청","불합격","경상남도","4"
"2023","남","70","대전충청","불합격","기타","1"
"2023","남","70","대전충청","불합격","대전광역시","62"
"2023","남","70","대전충청","불합격","부산광역시","1"
"2023","남","70","대전충청","불합격","세종특별자치시","16"
"2023","남","70","대전충청","불합격","수원","4"
"2023","남","70","대전충청","불합격","인천광역시","1"
"2023","남","70","대전충청","불합격","충청남도","54"
"2023","남","70","대전충청","불합격","충청북도","21"
"2023","남","70","대전충청","합격","강원특별자치도","1"
"2023","남","70","대전충청","합격","경상남도","8"
"2023","남","70","대전충청","합격","광주광역시","1"
"2023","남","70","대전충청","합격","대전광역시","201"
"2023","남","70","대전충청","합격","서울특별시","8"
"2023","남","70","대전충청","합격","세종특별자치시","48"
"2023","남","70","대전충청","합격","수원","32"
"2023","남","70","대전충청","합격","의정부","2"
"2023","남","70","대전충청","합격","인천광역시","7"
"2023","남","70","대전충청","합격","전라남도","1"
"2023","남","70","대전충청","합격","전북특별자치도","1"
"2023","남","70","대전충청","합격","충청남도","175"
"2023","남","70","대전충청","합격","충청북도","89"
"2023","남","80","대전충청","결시","경상남도","1"
"2023","남","80","대전충청","결시","대전광역시","2"
"2023","남","80","대전충청","결시","수원","1"
"2023","남","80","대전충청","결시","충청남도","4"
"2023","남","80","대전충청","결시","충청북도","3"
"2023","남","80","대전충청","불합격","대전광역시","16"
"2023","남","80","대전충청","불합격","수원","1"
"2023","남","80","대전충청","불합격","의정부","1"
"2023","남","80","대전충청","불합격","충청남도","18"
"2023","남","80","대전충청","불합격","충청북도","9"
"2023","남","80","대전충청","합격","경상남도","1"
"2023","남","80","대전충청","합격","대전광역시","28"
"2023","남","80","대전충청","합격","서울특별시","1"
"2023","남","80","대전충청","합격","세종특별자치시","2"
"2023","남","80","대전충청","합격","수원","4"
"2023","남","80","대전충청","합격","충청남도","27"
"2023","남","80","대전충청","합격","충청북도","6"
"2023","남","90","대전충청","결시","충청남도","1"
"2023","남","90","대전충청","합격","대전광역시","1"
"2023","여","10","대전충청","불합격","대전광역시","3"
"2023","여","10","대전충청","불합격","수원","1"
"2023","여","10","대전충청","합격","경상북도","1"
"2023","여","10","대전충청","합격","대전광역시","16"
"2023","여","10","대전충청","합격","수원","1"
"2023","여","10","대전충청","합격","충청남도","1"
"2023","여","10","대전충청","합격","충청북도","1"
"2023","여","20","대전충청","결시","대전광역시","9"
"2023","여","20","대전충청","결시","서울특별시","1"
"2023","여","20","대전충청","결시","충청남도","6"
"2023","여","20","대전충청","결시","충청북도","3"
"2023","여","20","대전충청","불합격","경상남도","1"
"2023","여","20","대전충청","불합격","기타","1"
"2023","여","20","대전충청","불합격","대전광역시","40"
"2023","여","20","대전충청","불합격","서울특별시","2"
"2023","여","20","대전충청","불합격","수원","1"
"2023","여","20","대전충청","불합격","의정부","1"
"2023","여","20","대전충청","불합격","충청남도","36"
"2023","여","20","대전충청","불합격","충청북도","10"
"2023","여","20","대전충청","합격","경상남도","3"
"2023","여","20","대전충청","합격","대전광역시","105"
"2023","여","20","대전충청","합격","서울특별시","4"
"2023","여","20","대전충청","합격","세종특별자치시","19"
"2023","여","20","대전충청","합격","수원","18"
"2023","여","20","대전충청","합격","전라남도","2"
"2023","여","20","대전충청","합격","충청남도","100"
"2023","여","20","대전충청","합격","충청북도","46"
"2023","여","30","대전충청","결시","경상북도","1"
"2023","여","30","대전충청","결시","기타","1"
"2023","여","30","대전충청","결시","대전광역시","19"
"2023","여","30","대전충청","결시","세종특별자치시","6"
"2023","여","30","대전충청","결시","수원","3"
"2023","여","30","대전충청","결시","의정부","1"
"2023","여","30","대전충청","결시","충청남도","23"
"2023","여","30","대전충청","결시","충청북도","5"
"2023","여","30","대전충청","불합격","경상남도","5"
"2023","여","30","대전충청","불합격","경상북도","2"
"2023","여","30","대전충청","불합격","광주광역시","1"
"2023","여","30","대전충청","불합격","대전광역시","77"
"2023","여","30","대전충청","불합격","세종특별자치시","7"
"2023","여","30","대전충청","불합격","수원","9"
"2023","여","30","대전충청","불합격","울산광역시","1"
"2023","여","30","대전충청","불합격","충청남도","61"
"2023","여","30","대전충청","불합격","충청북도","26"
"2023","여","30","대전충청","응시결격","대전광역시","1"
"2023","여","30","대전충청","합격","강원특별자치도","2"
"2023","여","30","대전충청","합격","경상남도","10"
"2023","여","30","대전충청","합격","경상북도","4"
"2023","여","30","대전충청","합격","광주광역시","1"
"2023","여","30","대전충청","합격","대전광역시","367"
"2023","여","30","대전충청","합격","서울특별시","15"
"2023","여","30","대전충청","합격","세종특별자치시","91"
"2023","여","30","대전충청","합격","수원","70"
"2023","여","30","대전충청","합격","울산광역시","4"
"2023","여","30","대전충청","합격","의정부","6"
"2023","여","30","대전충청","합격","인천광역시","1"
"2023","여","30","대전충청","합격","전라남도","8"
"2023","여","30","대전충청","합격","전북특별자치도","2"
"2023","여","30","대전충청","합격","충청남도","481"
"2023","여","30","대전충청","합격","충청북도","186"
"2023","여","40","대전충청","결시","경상남도","1"
"2023","여","40","대전충청","결시","광주광역시","1"
"2023","여","40","대전충청","결시","대전광역시","65"
"2023","여","40","대전충청","결시","서울특별시","2"
"2023","여","40","대전충청","결시","세종특별자치시","16"
"2023","여","40","대전충청","결시","수원","15"
"2023","여","40","대전충청","결시","의정부","1"
"2023","여","40","대전충청","결시","인천광역시","1"
"2023","여","40","대전충청","결시","충청남도","85"
"2023","여","40","대전충청","결시","충청북도","30"
"2023","여","40","대전충청","불합격","강원특별자치도","2"
"2023","여","40","대전충청","불합격","경상남도","4"
"2023","여","40","대전충청","불합격","경상북도","2"
"2023","여","40","대전충청","불합격","광주광역시","2"
"2023","여","40","대전충청","불합격","대전광역시","147"
"2023","여","40","대전충청","불합격","서울특별시","2"
"2023","여","40","대전충청","불합격","세종특별자치시","16"
"2023","여","40","대전충청","불합격","수원","12"
"2023","여","40","대전충청","불합격","전라남도","1"
"2023","여","40","대전충청","불합격","충청남도","172"
"2023","여","40","대전충청","불합격","충청북도","95"
"2023","여","40","대전충청","응시결격","대전광역시","2"
"2023","여","40","대전충청","응시결격","수원","1"
"2023","여","40","대전충청","합격","강원특별자치도","4"
"2023","여","40","대전충청","합격","경상남도","53"
"2023","여","40","대전충청","합격","경상북도","19"
"2023","여","40","대전충청","합격","광주광역시","7"
"2023","여","40","대전충청","합격","대전광역시","1788"
"2023","여","40","대전충청","합격","서울특별시","42"
"2023","여","40","대전충청","합격","세종특별자치시","453"
"2023","여","40","대전충청","합격","수원","282"
"2023","여","40","대전충청","합격","울산광역시","4"
"2023","여","40","대전충청","합격","의정부","16"
"2023","여","40","대전충청","합격","인천광역시","11"
"2023","여","40","대전충청","합격","전라남도","40"
"2023","여","40","대전충청","합격","전북특별자치도","4"
"2023","여","40","대전충청","합격","충청남도","2097"
"2023","여","40","대전충청","합격","충청북도","855"
"2023","여","50","대전충청","결시","경상남도","4"
"2023","여","50","대전충청","결시","경상북도","1"
"2023","여","50","대전충청","결시","광주광역시","3"
"2023","여","50","대전충청","결시","대전광역시","109"
"2023","여","50","대전충청","결시","서울특별시","5"
"2023","여","50","대전충청","결시","세종특별자치시","19"
"2023","여","50","대전충청","결시","수원","24"
"2023","여","50","대전충청","결시","의정부","2"
"2023","여","50","대전충청","결시","전라남도","3"
"2023","여","50","대전충청","결시","충청남도","149"
"2023","여","50","대전충청","결시","충청북도","58"
"2023","여","50","대전충청","불합격","경상남도","8"
"2023","여","50","대전충청","불합격","경상북도","2"
"2023","여","50","대전충청","불합격","대전광역시","281"
"2023","여","50","대전충청","불합격","서울특별시","9"
"2023","여","50","대전충청","불합격","세종특별자치시","11"
"2023","여","50","대전충청","불합격","수원","17"
"2023","여","50","대전충청","불합격","의정부","5"
"2023","여","50","대전충청","불합격","인천광역시","1"
"2023","여","50","대전충청","불합격","전라남도","2"
"2023","여","50","대전충청","불합격","충청남도","242"
"2023","여","50","대전충청","불합격","충청북도","222"
"2023","여","50","대전충청","응시결격","대전광역시","3"
"2023","여","50","대전충청","응시결격","세종특별자치시","1"
"2023","여","50","대전충청","응시결격","충청남도","2"
"2023","여","50","대전충청","합격","강원특별자치도","3"
"2023","여","50","대전충청","합격","경상남도","101"
"2023","여","50","대전충청","합격","경상북도","53"
"2023","여","50","대전충청","합격","광주광역시","7"
"2023","여","50","대전충청","합격","대구광역시","1"
"2023","여","50","대전충청","합격","대전광역시","3097"
"2023","여","50","대전충청","합격","서울특별시","85"
"2023","여","50","대전충청","합격","세종특별자치시","580"
"2023","여","50","대전충청","합격","수원","451"
"2023","여","50","대전충청","합격","울산광역시","9"
"2023","여","50","대전충청","합격","의정부","34"
"2023","여","50","대전충청","합격","인천광역시","16"
"2023","여","50","대전충청","합격","전라남도","35"
"2023","여","50","대전충청","합격","전북특별자치도","3"
"2023","여","50","대전충청","합격","충청남도","2934"
"2023","여","50","대전충청","합격","충청북도","1734"
"2023","여","60","대전충청","결시","경상남도","8"
"2023","여","60","대전충청","결시","경상북도","2"
"2023","여","60","대전충청","결시","대전광역시","80"
"2023","여","60","대전충청","결시","서울특별시","3"
"2023","여","60","대전충청","결시","세종특별자치시","5"
"2023","여","60","대전충청","결시","수원","12"
"2023","여","60","대전충청","결시","충청남도","96"
"2023","여","60","대전충청","결시","충청북도","49"
"2023","여","60","대전충청","불합격","경상남도","24"
"2023","여","60","대전충청","불합격","경상북도","6"
"2023","여","60","대전충청","불합격","대전광역시","370"
"2023","여","60","대전충청","불합격","서울특별시","9"
"2023","여","60","대전충청","불합격","세종특별자치시","56"
"2023","여","60","대전충청","불합격","수원","32"
"2023","여","60","대전충청","불합격","울산광역시","2"
"2023","여","60","대전충청","불합격","의정부","3"
"2023","여","60","대전충청","불합격","인천광역시","3"
"2023","여","60","대전충청","불합격","전라남도","10"
"2023","여","60","대전충청","불합격","충청남도","511"
"2023","여","60","대전충청","불합격","충청북도","348"
"2023","여","60","대전충청","응시결격","수원","1"
"2023","여","60","대전충청","합격","강원특별자치도","2"
"2023","여","60","대전충청","합격","경상남도","60"
"2023","여","60","대전충청","합격","경상북도","24"
"2023","여","60","대전충청","합격","대전광역시","2103"
"2023","여","60","대전충청","합격","서울특별시","38"
"2023","여","60","대전충청","합격","세종특별자치시","366"
"2023","여","60","대전충청","합격","수원","332"
"2023","여","60","대전충청","합격","울산광역시","8"
"2023","여","60","대전충청","합격","의정부","22"
"2023","여","60","대전충청","합격","인천광역시","25"
"2023","여","60","대전충청","합격","전라남도","14"
"2023","여","60","대전충청","합격","전북특별자치도","4"
"2023","여","60","대전충청","합격","충청남도","2162"
"2023","여","60","대전충청","합격","충청북도","1346"
"2023","여","70","대전충청","결시","경상북도","1"
"2023","여","70","대전충청","결시","대전광역시","17"
"2023","여","70","대전충청","결시","서울특별시","1"
"2023","여","70","대전충청","결시","세종특별자치시","2"
"2023","여","70","대전충청","결시","수원","4"
"2023","여","70","대전충청","결시","충청남도","16"
"2023","여","70","대전충청","결시","충청북도","21"
"2023","여","70","대전충청","불합격","경상남도","6"
"2023","여","70","대전충청","불합격","대구광역시","1"
"2023","여","70","대전충청","불합격","대전광역시","146"
"2023","여","70","대전충청","불합격","서울특별시","3"
"2023","여","70","대전충청","불합격","세종특별자치시","10"
"2023","여","70","대전충청","불합격","수원","23"
"2023","여","70","대전충청","불합격","전라남도","1"
"2023","여","70","대전충청","불합격","충청남도","149"
"2023","여","70","대전충청","불합격","충청북도","114"
"2023","여","70","대전충청","합격","경상남도","16"
"2023","여","70","대전충청","합격","경상북도","3"
"2023","여","70","대전충청","합격","광주광역시","1"
"2023","여","70","대전충청","합격","대구광역시","1"
"2023","여","70","대전충청","합격","대전광역시","322"
"2023","여","70","대전충청","합격","서울특별시","12"
"2023","여","70","대전충청","합격","세종특별자치시","41"
"2023","여","70","대전충청","합격","수원","49"
"2023","여","70","대전충청","합격","의정부","6"
"2023","여","70","대전충청","합격","인천광역시","1"
"2023","여","70","대전충청","합격","전라남도","2"
"2023","여","70","대전충청","합격","충청남도","284"
"2023","여","70","대전충청","합격","충청북도","196"
"2023","여","80","대전충청","결시","수원","1"
"2023","여","80","대전충청","결시","충청남도","1"
"2023","여","80","대전충청","결시","충청북도","1"
"2023","여","80","대전충청","불합격","대전광역시","5"
"2023","여","80","대전충청","불합격","세종특별자치시","12"
"2023","여","80","대전충청","불합격","수원","3"
"2023","여","80","대전충청","불합격","충청남도","6"
"2023","여","80","대전충청","불합격","충청북도","7"
"2023","여","80","대전충청","합격","대전광역시","7"
"2023","여","80","대전충청","합격","서울특별시","1"
"2023","여","80","대전충청","합격","세종특별자치시","4"
"2023","여","80","대전충청","합격","수원","2"
"2023","여","80","대전충청","합격","의정부","1"
"2023","여","80","대전충청","합격","인천광역시","1"
"2023","여","80","대전충청","합격","충청남도","5"
"2023","여","80","대전충청","합격","충청북도","5"
"2023","남","10","부산경남","불합격","경상남도","1"
"2023","남","10","부산경남","불합격","부산광역시","1"
"2023","남","10","부산경남","합격","경상남도","1"
"2023","남","10","부산경남","합격","부산광역시","1"
"2023","남","20","부산경남","결시","경상남도","10"
"2023","남","20","부산경남","결시","부산광역시","7"
"2023","남","20","부산경남","결시","서울특별시","1"
"2023","남","20","부산경남","결시","울산광역시","1"
"2023","남","20","부산경남","불합격","경상남도","70"
"2023","남","20","부산경남","불합격","부산광역시","47"
"2023","남","20","부산경남","불합격","울산광역시","4"
"2023","남","20","부산경남","불합격","충청북도","1"
"2023","남","20","부산경남","합격","경상남도","88"
"2023","남","20","부산경남","합격","부산광역시","29"
"2023","남","20","부산경남","합격","울산광역시","16"
"2023","남","20","부산경남","합격","충청북도","1"
"2023","남","30","부산경남","결시","경상남도","20"
"2023","남","30","부산경남","결시","부산광역시","8"
"2023","남","30","부산경남","결시","울산광역시","2"
"2023","남","30","부산경남","불합격","경상남도","86"
"2023","남","30","부산경남","불합격","부산광역시","27"
"2023","남","30","부산경남","불합격","수원","1"
"2023","남","30","부산경남","불합격","울산광역시","5"
"2023","남","30","부산경남","합격","경상남도","164"
"2023","남","30","부산경남","합격","부산광역시","74"
"2023","남","30","부산경남","합격","수원","1"
"2023","남","30","부산경남","합격","울산광역시","14"
"2023","남","30","부산경남","합격","의정부","1"
"2023","남","30","부산경남","합격","전라남도","1"
"2023","남","40","부산경남","결시","경상남도","50"
"2023","남","40","부산경남","결시","대전광역시","2"
"2023","남","40","부산경남","결시","부산광역시","17"
"2023","남","40","부산경남","결시","울산광역시","2"
"2023","남","40","부산경남","불합격","경상남도","82"
"2023","남","40","부산경남","불합격","대전광역시","3"
"2023","남","40","부산경남","불합격","부산광역시","25"
"2023","남","40","부산경남","불합격","울산광역시","7"
"2023","남","40","부산경남","응시결격","경상남도","1"
"2023","남","40","부산경남","합격","경상남도","371"
"2023","남","40","부산경남","합격","경상북도","1"
"2023","남","40","부산경남","합격","대전광역시","1"
"2023","남","40","부산경남","합격","부산광역시","198"
"2023","남","40","부산경남","합격","서울특별시","2"
"2023","남","40","부산경남","합격","수원","1"
"2023","남","40","부산경남","합격","울산광역시","48"
"2023","남","40","부산경남","합격","전라남도","2"
"2023","남","40","부산경남","합격","충청남도","1"
"2023","남","50","부산경남","결시","경상남도","72"
"2023","남","50","부산경남","결시","경상북도","2"
"2023","남","50","부산경남","결시","부산광역시","21"
"2023","남","50","부산경남","결시","서울특별시","1"
"2023","남","50","부산경남","결시","울산광역시","3"
"2023","남","50","부산경남","결시","의정부","1"
"2023","남","50","부산경남","결시","전라남도","2"
"2023","남","50","부산경남","불합격","경상남도","142"
"2023","남","50","부산경남","불합격","부산광역시","30"
"2023","남","50","부산경남","불합격","울산광역시","6"
"2023","남","50","부산경남","불합격","전라남도","1"
"2023","남","50","부산경남","합격","경상남도","962"
"2023","남","50","부산경남","합격","경상북도","2"
"2023","남","50","부산경남","합격","광주광역시","1"
"2023","남","50","부산경남","합격","부산광역시","441"
"2023","남","50","부산경남","합격","서울특별시","2"
"2023","남","50","부산경남","합격","수원","2"
"2023","남","50","부산경남","합격","울산광역시","113"
"2023","남","50","부산경남","합격","의정부","2"
"2023","남","50","부산경남","합격","전라남도","17"
"2023","남","50","부산경남","합격","충청남도","1"
"2023","남","60","부산경남","결시","경상남도","105"
"2023","남","60","부산경남","결시","부산광역시","17"
"2023","남","60","부산경남","결시","울산광역시","11"
"2023","남","60","부산경남","불합격","경상남도","250"
"2023","남","60","부산경남","불합격","부산광역시","113"
"2023","남","60","부산경남","불합격","울산광역시","23"
"2023","남","60","부산경남","응시결격","경상남도","1"
"2023","남","60","부산경남","응시결격","울산광역시","2"
"2023","남","60","부산경남","합격","경상남도","1767"
"2023","남","60","부산경남","합격","경상북도","2"
"2023","남","60","부산경남","합격","부산광역시","1092"
"2023","남","60","부산경남","합격","서울특별시","3"
"2023","남","60","부산경남","합격","수원","1"
"2023","남","60","부산경남","합격","울산광역시","422"
"2023","남","60","부산경남","합격","전라남도","13"
"2023","남","60","부산경남","합격","제주특별자치도","1"
"2023","남","70","부산경남","결시","경상남도","21"
"2023","남","70","부산경남","결시","부산광역시","13"
"2023","남","70","부산경남","결시","서울특별시","1"
"2023","남","70","부산경남","불합격","경상남도","157"
"2023","남","70","부산경남","불합격","부산광역시","127"
"2023","남","70","부산경남","불합격","서울특별시","1"
"2023","남","70","부산경남","불합격","울산광역시","23"
"2023","남","70","부산경남","응시결격","부산광역시","1"
"2023","남","70","부산경남","응시결격","울산광역시","1"
"2023","남","70","부산경남","합격","경상남도","493"
"2023","남","70","부산경남","합격","경상북도","2"
"2023","남","70","부산경남","합격","부산광역시","409"
"2023","남","70","부산경남","합격","수원","2"
"2023","남","70","부산경남","합격","울산광역시","118"
"2023","남","80","부산경남","결시","경상남도","6"
"2023","남","80","부산경남","결시","부산광역시","6"
"2023","남","80","부산경남","결시","울산광역시","1"
"2023","남","80","부산경남","불합격","경상남도","42"
"2023","남","80","부산경남","불합격","부산광역시","50"
"2023","남","80","부산경남","불합격","울산광역시","5"
"2023","남","80","부산경남","응시결격","울산광역시","1"
"2023","남","80","부산경남","합격","경상남도","42"
"2023","남","80","부산경남","합격","부산광역시","52"
"2023","남","80","부산경남","합격","울산광역시","10"
"2023","여","10","부산경남","결시","경상남도","1"
"2023","여","10","부산경남","합격","경상남도","1"
"2023","여","20","부산경남","결시","경상남도","16"
"2023","여","20","부산경남","결시","기타","1"
"2023","여","20","부산경남","결시","부산광역시","7"
"2023","여","20","부산경남","결시","울산광역시","1"
"2023","여","20","부산경남","불합격","경상남도","68"
"2023","여","20","부산경남","불합격","경상북도","2"
"2023","여","20","부산경남","불합격","부산광역시","30"
"2023","여","20","부산경남","불합격","울산광역시","4"
"2023","여","20","부산경남","합격","경상남도","266"
"2023","여","20","부산경남","합격","경상북도","4"
"2023","여","20","부산경남","합격","부산광역시","108"
"2023","여","20","부산경남","합격","서울특별시","1"
"2023","여","20","부산경남","합격","울산광역시","50"
"2023","여","20","부산경남","합격","전라남도","1"
"2023","여","30","부산경남","결시","경상남도","110"
"2023","여","30","부산경남","결시","부산광역시","12"
"2023","여","30","부산경남","결시","서울특별시","1"
"2023","여","30","부산경남","결시","울산광역시","7"
"2023","여","30","부산경남","결시","의정부","1"
"2023","여","30","부산경남","결시","전라남도","1"
"2023","여","30","부산경남","불합격","경상남도","207"
"2023","여","30","부산경남","불합격","경상북도","1"
"2023","여","30","부산경남","불합격","부산광역시","49"
"2023","여","30","부산경남","불합격","서울특별시","1"
"2023","여","30","부산경남","불합격","울산광역시","41"
"2023","여","30","부산경남","응시결격","울산광역시","1"
"2023","여","30","부산경남","합격","경상남도","1527"
"2023","여","30","부산경남","합격","경상북도","2"
"2023","여","30","부산경남","합격","광주광역시","2"
"2023","여","30","부산경남","합격","부산광역시","559"
"2023","여","30","부산경남","합격","서울특별시","11"
"2023","여","30","부산경남","합격","수원","2"
"2023","여","30","부산경남","합격","울산광역시","303"
"2023","여","30","부산경남","합격","의정부","3"
"2023","여","30","부산경남","합격","인천광역시","1"
"2023","여","30","부산경남","합격","전라남도","10"
"2023","여","40","부산경남","결시","강원특별자치도","1"
"2023","여","40","부산경남","결시","경상남도","344"
"2023","여","40","부산경남","결시","기타","1"
"2023","여","40","부산경남","결시","부산광역시","79"
"2023","여","40","부산경남","결시","서울특별시","1"
"2023","여","40","부산경남","결시","수원","3"
"2023","여","40","부산경남","결시","울산광역시","25"
"2023","여","40","부산경남","결시","인천광역시","1"
"2023","여","40","부산경남","결시","전라남도","3"
"2023","여","40","부산경남","결시","충청남도","1"
"2023","여","40","부산경남","불합격","경상남도","525"
"2023","여","40","부산경남","불합격","대전광역시","1"
"2023","여","40","부산경남","불합격","부산광역시","130"
"2023","여","40","부산경남","불합격","서울특별시","6"
"2023","여","40","부산경남","불합격","울산광역시","55"
"2023","여","40","부산경남","불합격","의정부","1"
"2023","여","40","부산경남","불합격","전라남도","1"
"2023","여","40","부산경남","응시결격","경상남도","14"
"2023","여","40","부산경남","응시결격","울산광역시","1"
"2023","여","40","부산경남","합격","강원특별자치도","1"
"2023","여","40","부산경남","합격","경상남도","7035"
"2023","여","40","부산경남","합격","경상북도","11"
"2023","여","40","부산경남","합격","광주광역시","2"
"2023","여","40","부산경남","합격","기타","1"
"2023","여","40","부산경남","합격","대전광역시","4"
"2023","여","40","부산경남","합격","부산광역시","2885"
"2023","여","40","부산경남","합격","서울특별시","16"
"2023","여","40","부산경남","합격","수원","12"
"2023","여","40","부산경남","합격","울산광역시","1378"
"2023","여","40","부산경남","합격","의정부","4"
"2023","여","40","부산경남","합격","인천광역시","2"
"2023","여","40","부산경남","합격","전라남도","42"
"2023","여","40","부산경남","합격","충청남도","5"
"2023","여","50","부산경남","결시","강원특별자치도","1"
"2023","여","50","부산경남","결시","경상남도","553"
"2023","여","50","부산경남","결시","대전광역시","2"
"2023","여","50","부산경남","결시","부산광역시","100"
"2023","여","50","부산경남","결시","서울특별시","1"
"2023","여","50","부산경남","결시","수원","2"
"2023","여","50","부산경남","결시","울산광역시","40"
"2023","여","50","부산경남","결시","전라남도","7"
"2023","여","50","부산경남","불합격","경상남도","954"
"2023","여","50","부산경남","불합격","경상북도","1"
"2023","여","50","부산경남","불합격","기타","1"
"2023","여","50","부산경남","불합격","부산광역시","298"
"2023","여","50","부산경남","불합격","서울특별시","1"
"2023","여","50","부산경남","불합격","수원","5"
"2023","여","50","부산경남","불합격","울산광역시","95"
"2023","여","50","부산경남","불합격","전라남도","17"
"2023","여","50","부산경남","응시결격","경상남도","10"
"2023","여","50","부산경남","응시결격","부산광역시","1"
"2023","여","50","부산경남","응시결격","수원","1"
"2023","여","50","부산경남","응시결격","울산광역시","6"
"2023","여","50","부산경남","합격","강원특별자치도","2"
"2023","여","50","부산경남","합격","경상남도","9919"
"2023","여","50","부산경남","합격","경상북도","23"
"2023","여","50","부산경남","합격","광주광역시","1"
"2023","여","50","부산경남","합격","대구광역시","1"
"2023","여","50","부산경남","합격","대전광역시","4"
"2023","여","50","부산경남","합격","부산광역시","5660"
"2023","여","50","부산경남","합격","서울특별시","18"
"2023","여","50","부산경남","합격","세종특별자치시","1"
"2023","여","50","부산경남","합격","수원","15"
"2023","여","50","부산경남","합격","울산광역시","2231"
"2023","여","50","부산경남","합격","인천광역시","1"
"2023","여","50","부산경남","합격","전라남도","100"
"2023","여","50","부산경남","합격","전북특별자치도","2"
"2023","여","50","부산경남","합격","제주특별자치도","1"
"2023","여","50","부산경남","합격","충청남도","1"
"2023","여","60","부산경남","결시","경상남도","353"
"2023","여","60","부산경남","결시","부산광역시","123"
"2023","여","60","부산경남","결시","서울특별시","1"
"2023","여","60","부산경남","결시","수원","1"
"2023","여","60","부산경남","결시","울산광역시","23"
"2023","여","60","부산경남","불합격","경상남도","1337"
"2023","여","60","부산경남","불합격","경상북도","6"
"2023","여","60","부산경남","불합격","광주광역시","1"
"2023","여","60","부산경남","불합격","기타","1"
"2023","여","60","부산경남","불합격","부산광역시","952"
"2023","여","60","부산경남","불합격","서울특별시","3"
"2023","여","60","부산경남","불합격","수원","3"
"2023","여","60","부산경남","불합격","울산광역시","218"
"2023","여","60","부산경남","불합격","전라남도","8"
"2023","여","60","부산경남","불합격","충청남도","1"
"2023","여","60","부산경남","응시결격","경상남도","8"
"2023","여","60","부산경남","응시결격","수원","1"
"2023","여","60","부산경남","응시결격","울산광역시","3"
"2023","여","60","부산경남","합격","경상남도","5847"
"2023","여","60","부산경남","합격","경상북도","12"
"2023","여","60","부산경남","합격","광주광역시","1"
"2023","여","60","부산경남","합격","부산광역시","4946"
"2023","여","60","부산경남","합격","서울특별시","15"
"2023","여","60","부산경남","합격","수원","12"
"2023","여","60","부산경남","합격","울산광역시","1496"
"2023","여","60","부산경남","합격","의정부","1"
"2023","여","60","부산경남","합격","전라남도","55"
"2023","여","60","부산경남","합격","전북특별자치도","1"
"2023","여","60","부산경남","합격","제주특별자치도","1"
"2023","여","60","부산경남","합격","충청남도","1"
"2023","여","70","부산경남","결시","경상남도","60"
"2023","여","70","부산경남","결시","부산광역시","30"
"2023","여","70","부산경남","결시","울산광역시","8"
"2023","여","70","부산경남","결시","전라남도","2"
"2023","여","70","부산경남","불합격","경상남도","323"
"2023","여","70","부산경남","불합격","경상북도","2"
"2023","여","70","부산경남","불합격","부산광역시","390"
"2023","여","70","부산경남","불합격","울산광역시","65"
"2023","여","70","부산경남","불합격","인천광역시","1"
"2023","여","70","부산경남","불합격","전라남도","4"
"2023","여","70","부산경남","응시결격","경상남도","2"
"2023","여","70","부산경남","응시결격","울산광역시","2"
"2023","여","70","부산경남","합격","경상남도","728"
"2023","여","70","부산경남","합격","경상북도","1"
"2023","여","70","부산경남","합격","부산광역시","870"
"2023","여","70","부산경남","합격","서울특별시","1"
"2023","여","70","부산경남","합격","수원","2"
"2023","여","70","부산경남","합격","울산광역시","175"
"2023","여","70","부산경남","합격","인천광역시","1"
"2023","여","70","부산경남","합격","전라남도","1"
"2023","여","80","부산경남","결시","경상남도","2"
"2023","여","80","부산경남","결시","부산광역시","2"
"2023","여","80","부산경남","불합격","경상남도","6"
"2023","여","80","부산경남","불합격","부산광역시","17"
"2023","여","80","부산경남","합격","경상남도","16"
"2023","여","80","부산경남","합격","부산광역시","17"
"2023","여","80","부산경남","합격","울산광역시","2"
"2023","남","10","서울구로","불합격","서울특별시","2"
"2023","남","10","서울구로","합격","서울특별시","1"
"2023","남","10","서울구로","합격","수원","1"
"2023","남","20","서울구로","결시","서울특별시","14"
"2023","남","20","서울구로","결시","수원","4"
"2023","남","20","서울구로","결시","의정부","2"
"2023","남","20","서울구로","결시","인천광역시","5"
"2023","남","20","서울구로","결시","전라남도","1"
"2023","남","20","서울구로","결시","충청남도","1"
"2023","남","20","서울구로","불합격","광주광역시","1"
"2023","남","20","서울구로","불합격","기타","1"
"2023","남","20","서울구로","불합격","서울특별시","85"
"2023","남","20","서울구로","불합격","수원","34"
"2023","남","20","서울구로","불합격","의정부","13"
"2023","남","20","서울구로","불합격","인천광역시","16"
"2023","남","20","서울구로","합격","서울특별시","80"
"2023","남","20","서울구로","합격","수원","41"
"2023","남","20","서울구로","합격","의정부","38"
"2023","남","20","서울구로","합격","인천광역시","17"
"2023","남","20","서울구로","합격","전라남도","2"
"2023","남","20","서울구로","합격","충청남도","3"
"2023","남","30","서울구로","결시","경상남도","2"
"2023","남","30","서울구로","결시","서울특별시","14"
"2023","남","30","서울구로","결시","수원","9"
"2023","남","30","서울구로","결시","의정부","3"
"2023","남","30","서울구로","결시","인천광역시","5"
"2023","남","30","서울구로","결시","전라남도","1"
"2023","남","30","서울구로","불합격","서울특별시","49"
"2023","남","30","서울구로","불합격","수원","29"
"2023","남","30","서울구로","불합격","의정부","17"
"2023","남","30","서울구로","불합격","인천광역시","15"
"2023","남","30","서울구로","불합격","전라남도","13"
"2023","남","30","서울구로","불합격","충청남도","1"
"2023","남","30","서울구로","합격","강원특별자치도","3"
"2023","남","30","서울구로","합격","경상남도","4"
"2023","남","30","서울구로","합격","광주광역시","3"
"2023","남","30","서울구로","합격","대전광역시","1"
"2023","남","30","서울구로","합격","서울특별시","209"
"2023","남","30","서울구로","합격","수원","91"
"2023","남","30","서울구로","합격","의정부","42"
"2023","남","30","서울구로","합격","인천광역시","46"
"2023","남","30","서울구로","합격","전라남도","2"
"2023","남","40","서울구로","결시","강원특별자치도","1"
"2023","남","40","서울구로","결시","기타","1"
"2023","남","40","서울구로","결시","부산광역시","1"
"2023","남","40","서울구로","결시","서울특별시","34"
"2023","남","40","서울구로","결시","세종특별자치시","1"
"2023","남","40","서울구로","결시","수원","16"
"2023","남","40","서울구로","결시","의정부","8"
"2023","남","40","서울구로","결시","인천광역시","5"
"2023","남","40","서울구로","결시","전라남도","1"
"2023","남","40","서울구로","불합격","경상남도","2"
"2023","남","40","서울구로","불합격","광주광역시","1"
"2023","남","40","서울구로","불합격","서울특별시","88"
"2023","남","40","서울구로","불합격","세종특별자치시","1"
"2023","남","40","서울구로","불합격","수원","36"
"2023","남","40","서울구로","불합격","의정부","19"
"2023","남","40","서울구로","불합격","인천광역시","10"
"2023","남","40","서울구로","응시결격","서울특별시","1"
"2023","남","40","서울구로","응시결격","인천광역시","1"
"2023","남","40","서울구로","합격","강원특별자치도","1"
"2023","남","40","서울구로","합격","경상남도","5"
"2023","남","40","서울구로","합격","광주광역시","2"
"2023","남","40","서울구로","합격","대전광역시","1"
"2023","남","40","서울구로","합격","서울특별시","454"
"2023","남","40","서울구로","합격","수원","216"
"2023","남","40","서울구로","합격","의정부","102"
"2023","남","40","서울구로","합격","인천광역시","110"
"2023","남","40","서울구로","합격","전라남도","5"
"2023","남","40","서울구로","합격","충청남도","1"
"2023","남","40","서울구로","합격","충청북도","2"
"2023","남","50","서울구로","결시","강원특별자치도","1"
"2023","남","50","서울구로","결시","경상남도","2"
"2023","남","50","서울구로","결시","광주광역시","1"
"2023","남","50","서울구로","결시","서울특별시","60"
"2023","남","50","서울구로","결시","수원","32"
"2023","남","50","서울구로","결시","의정부","13"
"2023","남","50","서울구로","결시","인천광역시","12"
"2023","남","50","서울구로","결시","전라남도","2"
"2023","남","50","서울구로","불합격","강원특별자치도","1"
"2023","남","50","서울구로","불합격","경상남도","1"
"2023","남","50","서울구로","불합격","대전광역시","1"
"2023","남","50","서울구로","불합격","서울특별시","100"
"2023","남","50","서울구로","불합격","수원","49"
"2023","남","50","서울구로","불합격","의정부","24"
"2023","남","50","서울구로","불합격","인천광역시","39"
"2023","남","50","서울구로","불합격","전라남도","1"
"2023","남","50","서울구로","응시결격","서울특별시","1"
"2023","남","50","서울구로","응시결격","인천광역시","2"
"2023","남","50","서울구로","합격","경상남도","8"
"2023","남","50","서울구로","합격","광주광역시","2"
"2023","남","50","서울구로","합격","부산광역시","1"
"2023","남","50","서울구로","합격","서울특별시","1177"
"2023","남","50","서울구로","합격","세종특별자치시","3"
"2023","남","50","서울구로","합격","수원","550"
"2023","남","50","서울구로","합격","울산광역시","1"
"2023","남","50","서울구로","합격","의정부","302"
"2023","남","50","서울구로","합격","인천광역시","292"
"2023","남","50","서울구로","합격","전라남도","13"
"2023","남","50","서울구로","합격","충청남도","4"
"2023","남","60","서울구로","결시","경상남도","1"
"2023","남","60","서울구로","결시","서울특별시","72"
"2023","남","60","서울구로","결시","수원","28"
"2023","남","60","서울구로","결시","의정부","18"
"2023","남","60","서울구로","결시","인천광역시","14"
"2023","남","60","서울구로","결시","전라남도","4"
"2023","남","60","서울구로","불합격","경상남도","3"
"2023","남","60","서울구로","불합격","서울특별시","217"
"2023","남","60","서울구로","불합격","수원","120"
"2023","남","60","서울구로","불합격","의정부","49"
"2023","남","60","서울구로","불합격","인천광역시","100"
"2023","남","60","서울구로","불합격","전라남도","7"
"2023","남","60","서울구로","불합격","충청남도","1"
"2023","남","60","서울구로","응시결격","서울특별시","1"
"2023","남","60","서울구로","응시결격","의정부","3"
"2023","남","60","서울구로","응시결격","인천광역시","4"
"2023","남","60","서울구로","합격","강원특별자치도","2"
"2023","남","60","서울구로","합격","경상남도","15"
"2023","남","60","서울구로","합격","광주광역시","1"
"2023","남","60","서울구로","합격","기타","1"
"2023","남","60","서울구로","합격","대전광역시","1"
"2023","남","60","서울구로","합격","서울특별시","2224"
"2023","남","60","서울구로","합격","수원","1016"
"2023","남","60","서울구로","합격","의정부","658"
"2023","남","60","서울구로","합격","인천광역시","753"
"2023","남","60","서울구로","합격","전라남도","23"
"2023","남","60","서울구로","합격","전북특별자치도","1"
"2023","남","60","서울구로","합격","충청남도","7"
"2023","남","70","서울구로","결시","서울특별시","34"
"2023","남","70","서울구로","결시","수원","12"
"2023","남","70","서울구로","결시","의정부","9"
"2023","남","70","서울구로","결시","인천광역시","5"
"2023","남","70","서울구로","불합격","서울특별시","183"
"2023","남","70","서울구로","불합격","수원","85"
"2023","남","70","서울구로","불합격","의정부","22"
"2023","남","70","서울구로","불합격","인천광역시","58"
"2023","남","70","서울구로","응시결격","서울특별시","1"
"2023","남","70","서울구로","응시결격","인천광역시","1"
"2023","남","70","서울구로","합격","경상남도","4"
"2023","남","70","서울구로","합격","광주광역시","2"
"2023","남","70","서울구로","합격","서울특별시","793"
"2023","남","70","서울구로","합격","수원","349"
"2023","남","70","서울구로","합격","의정부","167"
"2023","남","70","서울구로","합격","인천광역시","221"
"2023","남","70","서울구로","합격","전라남도","3"
"2023","남","70","서울구로","합격","충청남도","2"
"2023","남","80","서울구로","결시","서울특별시","9"
"2023","남","80","서울구로","결시","수원","1"
"2023","남","80","서울구로","결시","의정부","6"
"2023","남","80","서울구로","결시","인천광역시","1"
"2023","남","80","서울구로","불합격","서울특별시","65"
"2023","남","80","서울구로","불합격","수원","19"
"2023","남","80","서울구로","불합격","의정부","18"
"2023","남","80","서울구로","불합격","인천광역시","8"
"2023","남","80","서울구로","합격","서울특별시","97"
"2023","남","80","서울구로","합격","수원","36"
"2023","남","80","서울구로","합격","의정부","24"
"2023","남","80","서울구로","합격","인천광역시","24"
"2023","여","10","서울구로","결시","서울특별시","1"
"2023","여","10","서울구로","불합격","의정부","1"
"2023","여","10","서울구로","합격","서울특별시","2"
"2023","여","10","서울구로","합격","수원","1"
"2023","여","10","서울구로","합격","인천광역시","1"
"2023","여","20","서울구로","결시","강원특별자치도","1"
"2023","여","20","서울구로","결시","기타","1"
"2023","여","20","서울구로","결시","서울특별시","32"
"2023","여","20","서울구로","결시","수원","17"
"2023","여","20","서울구로","결시","의정부","7"
"2023","여","20","서울구로","결시","인천광역시","4"
"2023","여","20","서울구로","결시","전라남도","2"
"2023","여","20","서울구로","불합격","서울특별시","62"
"2023","여","20","서울구로","불합격","수원","35"
"2023","여","20","서울구로","불합격","의정부","12"
"2023","여","20","서울구로","불합격","인천광역시","18"
"2023","여","20","서울구로","불합격","전라남도","4"
"2023","여","20","서울구로","불합격","충청남도","1"
"2023","여","20","서울구로","응시결격","수원","1"
"2023","여","20","서울구로","합격","경상남도","3"
"2023","여","20","서울구로","합격","기타","1"
"2023","여","20","서울구로","합격","대구광역시","1"
"2023","여","20","서울구로","합격","서울특별시","280"
"2023","여","20","서울구로","합격","수원","157"
"2023","여","20","서울구로","합격","의정부","72"
"2023","여","20","서울구로","합격","인천광역시","81"
"2023","여","20","서울구로","합격","전라남도","6"
"2023","여","20","서울구로","합격","전북특별자치도","1"
"2023","여","20","서울구로","합격","충청남도","5"
"2023","여","30","서울구로","결시","강원특별자치도","1"
"2023","여","30","서울구로","결시","경상남도","3"
"2023","여","30","서울구로","결시","기타","1"
"2023","여","30","서울구로","결시","서울특별시","62"
"2023","여","30","서울구로","결시","세종특별자치시","1"
"2023","여","30","서울구로","결시","수원","32"
"2023","여","30","서울구로","결시","의정부","14"
"2023","여","30","서울구로","결시","인천광역시","25"
"2023","여","30","서울구로","결시","전라남도","1"
"2023","여","30","서울구로","결시","충청남도","2"
"2023","여","30","서울구로","불합격","경상남도","5"
"2023","여","30","서울구로","불합격","서울특별시","148"
"2023","여","30","서울구로","불합격","수원","93"
"2023","여","30","서울구로","불합격","의정부","32"
"2023","여","30","서울구로","불합격","인천광역시","58"
"2023","여","30","서울구로","불합격","전라남도","1"
"2023","여","30","서울구로","불합격","충청남도","1"
"2023","여","30","서울구로","응시결격","서울특별시","1"
"2023","여","30","서울구로","응시결격","수원","1"
"2023","여","30","서울구로","응시결격","인천광역시","2"
"2023","여","30","서울구로","합격","강원특별자치도","3"
"2023","여","30","서울구로","합격","경상남도","16"
"2023","여","30","서울구로","합격","경상북도","1"
"2023","여","30","서울구로","합격","광주광역시","5"
"2023","여","30","서울구로","합격","대전광역시","3"
"2023","여","30","서울구로","합격","부산광역시","1"
"2023","여","30","서울구로","합격","서울특별시","1254"
"2023","여","30","서울구로","합격","수원","781"
"2023","여","30","서울구로","합격","의정부","322"
"2023","여","30","서울구로","합격","인천광역시","371"
"2023","여","30","서울구로","합격","전라남도","34"
"2023","여","30","서울구로","합격","전북특별자치도","1"
"2023","여","30","서울구로","합격","충청남도","8"
"2023","여","30","서울구로","합격","충청북도","1"
"2023","여","40","서울구로","결시","강원특별자치도","1"
"2023","여","40","서울구로","결시","경상남도","3"
"2023","여","40","서울구로","결시","광주광역시","1"
"2023","여","40","서울구로","결시","서울특별시","189"
"2023","여","40","서울구로","결시","수원","128"
"2023","여","40","서울구로","결시","의정부","56"
"2023","여","40","서울구로","결시","인천광역시","38"
"2023","여","40","서울구로","결시","전라남도","6"
"2023","여","40","서울구로","결시","전북특별자치도","1"
"2023","여","40","서울구로","결시","충청남도","2"
"2023","여","40","서울구로","결시","충청북도","1"
"2023","여","40","서울구로","불합격","경상남도","2"
"2023","여","40","서울구로","불합격","대전광역시","1"
"2023","여","40","서울구로","불합격","서울특별시","278"
"2023","여","40","서울구로","불합격","수원","189"
"2023","여","40","서울구로","불합격","의정부","66"
"2023","여","40","서울구로","불합격","인천광역시","113"
"2023","여","40","서울구로","불합격","전라남도","14"
"2023","여","40","서울구로","불합격","충청남도","3"
"2023","여","40","서울구로","응시결격","서울특별시","2"
"2023","여","40","서울구로","응시결격","수원","4"
"2023","여","40","서울구로","응시결격","의정부","2"
"2023","여","40","서울구로","응시결격","인천광역시","1"
"2023","여","40","서울구로","합격","강원특별자치도","4"
"2023","여","40","서울구로","합격","경상남도","58"
"2023","여","40","서울구로","합격","경상북도","4"
"2023","여","40","서울구로","합격","광주광역시","6"
"2023","여","40","서울구로","합격","기타","1"
"2023","여","40","서울구로","합격","대전광역시","7"
"2023","여","40","서울구로","합격","부산광역시","1"
"2023","여","40","서울구로","합격","서울특별시","5149"
"2023","여","40","서울구로","합격","세종특별자치시","1"
"2023","여","40","서울구로","합격","수원","3589"
"2023","여","40","서울구로","합격","울산광역시","1"
"2023","여","40","서울구로","합격","의정부","1535"
"2023","여","40","서울구로","합격","인천광역시","1856"
"2023","여","40","서울구로","합격","전라남도","113"
"2023","여","40","서울구로","합격","전북특별자치도","1"
"2023","여","40","서울구로","합격","충청남도","31"
"2023","여","40","서울구로","합격","충청북도","4"
"2023","여","50","서울구로","결시","경상남도","4"
"2023","여","50","서울구로","결시","광주광역시","1"
"2023","여","50","서울구로","결시","부산광역시","1"
"2023","여","50","서울구로","결시","서울특별시","324"
"2023","여","50","서울구로","결시","수원","156"
"2023","여","50","서울구로","결시","울산광역시","2"
"2023","여","50","서울구로","결시","의정부","86"
"2023","여","50","서울구로","결시","인천광역시","90"
"2023","여","50","서울구로","결시","전라남도","16"
"2023","여","50","서울구로","결시","전북특별자치도","1"
"2023","여","50","서울구로","결시","충청남도","1"
"2023","여","50","서울구로","결시","충청북도","1"
"2023","여","50","서울구로","불합격","경상남도","13"
"2023","여","50","서울구로","불합격","경상북도","3"
"2023","여","50","서울구로","불합격","광주광역시","2"
"2023","여","50","서울구로","불합격","기타","3"
"2023","여","50","서울구로","불합격","서울특별시","714"
"2023","여","50","서울구로","불합격","수원","404"
"2023","여","50","서울구로","불합격","울산광역시","1"
"2023","여","50","서울구로","불합격","의정부","118"
"2023","여","50","서울구로","불합격","인천광역시","311"
"2023","여","50","서울구로","불합격","전라남도","15"
"2023","여","50","서울구로","불합격","충청남도","5"
"2023","여","50","서울구로","응시결격","서울특별시","8"
"2023","여","50","서울구로","응시결격","수원","6"
"2023","여","50","서울구로","응시결격","의정부","8"
"2023","여","50","서울구로","응시결격","인천광역시","15"
"2023","여","50","서울구로","합격","강원특별자치도","4"
"2023","여","50","서울구로","합격","경상남도","62"
"2023","여","50","서울구로","합격","경상북도","3"
"2023","여","50","서울구로","합격","광주광역시","16"
"2023","여","50","서울구로","합격","기타","1"
"2023","여","50","서울구로","합격","대전광역시","9"
"2023","여","50","서울구로","합격","부산광역시","2"
"2023","여","50","서울구로","합격","서울특별시","11328"
"2023","여","50","서울구로","합격","세종특별자치시","1"
"2023","여","50","서울구로","합격","수원","6487"
"2023","여","50","서울구로","합격","울산광역시","2"
"2023","여","50","서울구로","합격","의정부","3120"
"2023","여","50","서울구로","합격","인천광역시","4264"
"2023","여","50","서울구로","합격","전라남도","171"
"2023","여","50","서울구로","합격","전북특별자치도","4"
"2023","여","50","서울구로","합격","제주특별자치도","1"
"2023","여","50","서울구로","합격","충청남도","42"
"2023","여","50","서울구로","합격","충청북도","4"
"2023","여","60","서울구로","결시","강원특별자치도","1"
"2023","여","60","서울구로","결시","경상남도","8"
"2023","여","60","서울구로","결시","서울특별시","336"
"2023","여","60","서울구로","결시","수원","125"
"2023","여","60","서울구로","결시","울산광역시","1"
"2023","여","60","서울구로","결시","의정부","73"
"2023","여","60","서울구로","결시","인천광역시","84"
"2023","여","60","서울구로","결시","전라남도","12"
"2023","여","60","서울구로","결시","충청남도","7"
"2023","여","60","서울구로","불합격","강원특별자치도","1"
"2023","여","60","서울구로","불합격","경상남도","10"
"2023","여","60","서울구로","불합격","광주광역시","5"
"2023","여","60","서울구로","불합격","기타","2"
"2023","여","60","서울구로","불합격","서울특별시","1576"
"2023","여","60","서울구로","불합격","수원","708"
"2023","여","60","서울구로","불합격","의정부","248"
"2023","여","60","서울구로","불합격","인천광역시","499"
"2023","여","60","서울구로","불합격","전라남도","22"
"2023","여","60","서울구로","불합격","전북특별자치도","1"
"2023","여","60","서울구로","불합격","충청남도","7"
"2023","여","60","서울구로","응시결격","광주광역시","1"
"2023","여","60","서울구로","응시결격","서울특별시","6"
"2023","여","60","서울구로","응시결격","수원","3"
"2023","여","60","서울구로","응시결격","의정부","7"
"2023","여","60","서울구로","응시결격","인천광역시","15"
"2023","여","60","서울구로","합격","강원특별자치도","3"
"2023","여","60","서울구로","합격","경상남도","45"
"2023","여","60","서울구로","합격","광주광역시","11"
"2023","여","60","서울구로","합격","대전광역시","5"
"2023","여","60","서울구로","합격","서울특별시","9191"
"2023","여","60","서울구로","합격","수원","4529"
"2023","여","60","서울구로","합격","울산광역시","2"
"2023","여","60","서울구로","합격","의정부","2167"
"2023","여","60","서울구로","합격","인천광역시","3467"
"2023","여","60","서울구로","합격","전라남도","75"
"2023","여","60","서울구로","합격","전북특별자치도","4"
"2023","여","60","서울구로","합격","충청남도","28"
"2023","여","60","서울구로","합격","충청북도","7"
"2023","여","70","서울구로","결시","경상남도","1"
"2023","여","70","서울구로","결시","기타","1"
"2023","여","70","서울구로","결시","부산광역시","1"
"2023","여","70","서울구로","결시","서울특별시","70"
"2023","여","70","서울구로","결시","수원","29"
"2023","여","70","서울구로","결시","의정부","16"
"2023","여","70","서울구로","결시","인천광역시","15"
"2023","여","70","서울구로","결시","전라남도","3"
"2023","여","70","서울구로","불합격","기타","4"
"2023","여","70","서울구로","불합격","부산광역시","3"
"2023","여","70","서울구로","불합격","서울특별시","649"
"2023","여","70","서울구로","불합격","수원","244"
"2023","여","70","서울구로","불합격","의정부","104"
"2023","여","70","서울구로","불합격","인천광역시","153"
"2023","여","70","서울구로","불합격","전라남도","1"
"2023","여","70","서울구로","불합격","충청남도","1"
"2023","여","70","서울구로","응시결격","서울특별시","2"
"2023","여","70","서울구로","응시결격","의정부","1"
"2023","여","70","서울구로","응시결격","인천광역시","2"
"2023","여","70","서울구로","합격","경상남도","2"
"2023","여","70","서울구로","합격","광주광역시","1"
"2023","여","70","서울구로","합격","대전광역시","2"
"2023","여","70","서울구로","합격","부산광역시","1"
"2023","여","70","서울구로","합격","서울특별시","1739"
"2023","여","70","서울구로","합격","수원","587"
"2023","여","70","서울구로","합격","의정부","296"
"2023","여","70","서울구로","합격","인천광역시","415"
"2023","여","70","서울구로","합격","전라남도","4"
"2023","여","70","서울구로","합격","충청남도","3"
"2023","여","70","서울구로","합격","충청북도","1"
"2023","여","80","서울구로","결시","경상남도","1"
"2023","여","80","서울구로","결시","서울특별시","9"
"2023","여","80","서울구로","결시","의정부","1"
"2023","여","80","서울구로","결시","인천광역시","1"
"2023","여","80","서울구로","결시","충청남도","1"
"2023","여","80","서울구로","불합격","서울특별시","58"
"2023","여","80","서울구로","불합격","수원","6"
"2023","여","80","서울구로","불합격","의정부","8"
"2023","여","80","서울구로","불합격","인천광역시","10"
"2023","여","80","서울구로","불합격","충청남도","2"
"2023","여","80","서울구로","합격","서울특별시","70"
"2023","여","80","서울구로","합격","수원","20"
"2023","여","80","서울구로","합격","의정부","13"
"2023","여","80","서울구로","합격","인천광역시","7"
"2023","남","10","전북전주","불합격","전북특별자치도","2"
"2023","남","10","전북전주","합격","수원","1"
"2023","남","20","전북전주","결시","서울특별시","1"
"2023","남","20","전북전주","결시","전북특별자치도","9"
"2023","남","20","전북전주","불합격","전라남도","2"
"2023","남","20","전북전주","불합격","전북특별자치도","30"
"2023","남","20","전북전주","불합격","충청남도","1"
"2023","남","20","전북전주","합격","의정부","1"
"2023","남","20","전북전주","합격","전라남도","2"
"2023","남","20","전북전주","합격","전북특별자치도","29"
"2023","남","20","전북전주","합격","충청남도","2"
"2023","남","20","전북전주","합격","충청북도","1"
"2023","남","30","전북전주","결시","수원","1"
"2023","남","30","전북전주","결시","전북특별자치도","6"
"2023","남","30","전북전주","불합격","경상남도","2"
"2023","남","30","전북전주","불합격","전라남도","1"
"2023","남","30","전북전주","불합격","전북특별자치도","10"
"2023","남","30","전북전주","불합격","충청남도","2"
"2023","남","30","전북전주","합격","경상남도","1"
"2023","남","30","전북전주","합격","수원","1"
"2023","남","30","전북전주","합격","전라남도","4"
"2023","남","30","전북전주","합격","전북특별자치도","64"
"2023","남","30","전북전주","합격","충청남도","7"
"2023","남","40","전북전주","결시","서울특별시","1"
"2023","남","40","전북전주","결시","수원","1"
"2023","남","40","전북전주","결시","전라남도","2"
"2023","남","40","전북전주","결시","전북특별자치도","7"
"2023","남","40","전북전주","불합격","경상남도","2"
"2023","남","40","전북전주","불합격","수원","1"
"2023","남","40","전북전주","불합격","전라남도","2"
"2023","남","40","전북전주","불합격","전북특별자치도","26"
"2023","남","40","전북전주","불합격","충청남도","1"
"2023","남","40","전북전주","응시결격","대전광역시","1"
"2023","남","40","전북전주","합격","경상남도","5"
"2023","남","40","전북전주","합격","대전광역시","1"
"2023","남","40","전북전주","합격","서울특별시","2"
"2023","남","40","전북전주","합격","수원","4"
"2023","남","40","전북전주","합격","전라남도","16"
"2023","남","40","전북전주","합격","전북특별자치도","151"
"2023","남","40","전북전주","합격","충청남도","8"
"2023","남","50","전북전주","결시","경상남도","4"
"2023","남","50","전북전주","결시","서울특별시","1"
"2023","남","50","전북전주","결시","수원","1"
"2023","남","50","전북전주","결시","전라남도","4"
"2023","남","50","전북전주","결시","전북특별자치도","7"
"2023","남","50","전북전주","결시","충청남도","1"
"2023","남","50","전북전주","불합격","경상남도","3"
"2023","남","50","전북전주","불합격","서울특별시","3"
"2023","남","50","전북전주","불합격","의정부","1"
"2023","남","50","전북전주","불합격","전라남도","3"
"2023","남","50","전북전주","불합격","전북특별자치도","45"
"2023","남","50","전북전주","불합격","충청남도","1"
"2023","남","50","전북전주","응시결격","전북특별자치도","2"
"2023","남","50","전북전주","합격","경상남도","3"
"2023","남","50","전북전주","합격","광주광역시","3"
"2023","남","50","전북전주","합격","대전광역시","2"
"2023","남","50","전북전주","합격","서울특별시","8"
"2023","남","50","전북전주","합격","세종특별자치시","2"
"2023","남","50","전북전주","합격","수원","4"
"2023","남","50","전북전주","합격","의정부","2"
"2023","남","50","전북전주","합격","전라남도","31"
"2023","남","50","전북전주","합격","전북특별자치도","448"
"2023","남","50","전북전주","합격","충청남도","21"
"2023","남","60","전북전주","결시","경상남도","2"
"2023","남","60","전북전주","결시","수원","1"
"2023","남","60","전북전주","결시","전북특별자치도","16"
"2023","남","60","전북전주","결시","충청남도","1"
"2023","남","60","전북전주","불합격","경상남도","4"
"2023","남","60","전북전주","불합격","수원","1"
"2023","남","60","전북전주","불합격","의정부","1"
"2023","남","60","전북전주","불합격","인천광역시","1"
"2023","남","60","전북전주","불합격","전라남도","11"
"2023","남","60","전북전주","불합격","전북특별자치도","91"
"2023","남","60","전북전주","불합격","충청남도","7"
"2023","남","60","전북전주","응시결격","전북특별자치도","1"
"2023","남","60","전북전주","합격","경상남도","10"
"2023","남","60","전북전주","합격","경상북도","1"
"2023","남","60","전북전주","합격","광주광역시","1"
"2023","남","60","전북전주","합격","대구광역시","1"
"2023","남","60","전북전주","합격","대전광역시","5"
"2023","남","60","전북전주","합격","서울특별시","12"
"2023","남","60","전북전주","합격","수원","3"
"2023","남","60","전북전주","합격","의정부","1"
"2023","남","60","전북전주","합격","전라남도","24"
"2023","남","60","전북전주","합격","전북특별자치도","930"
"2023","남","60","전북전주","합격","충청남도","56"
"2023","남","70","전북전주","결시","서울특별시","1"
"2023","남","70","전북전주","결시","전북특별자치도","7"
"2023","남","70","전북전주","불합격","수원","3"
"2023","남","70","전북전주","불합격","의정부","1"
"2023","남","70","전북전주","불합격","전라남도","4"
"2023","남","70","전북전주","불합격","전북특별자치도","67"
"2023","남","70","전북전주","불합격","충청남도","2"
"2023","남","70","전북전주","응시결격","전북특별자치도","1"
"2023","남","70","전북전주","합격","경상남도","1"
"2023","남","70","전북전주","합격","광주광역시","1"
"2023","남","70","전북전주","합격","대전광역시","1"
"2023","남","70","전북전주","합격","서울특별시","1"
"2023","남","70","전북전주","합격","수원","4"
"2023","남","70","전북전주","합격","전라남도","6"
"2023","남","70","전북전주","합격","전북특별자치도","329"
"2023","남","70","전북전주","합격","충청남도","21"
"2023","남","80","전북전주","결시","전북특별자치도","2"
"2023","남","80","전북전주","불합격","수원","2"
"2023","남","80","전북전주","불합격","전북특별자치도","15"
"2023","남","80","전북전주","합격","수원","1"
"2023","남","80","전북전주","합격","전북특별자치도","29"
"2023","남","80","전북전주","합격","충청남도","3"
"2023","여","10","전북전주","결시","전북특별자치도","1"
"2023","여","10","전북전주","불합격","전라남도","3"
"2023","여","10","전북전주","합격","수원","1"
"2023","여","10","전북전주","합격","전라남도","2"
"2023","여","20","전북전주","결시","경상남도","1"
"2023","여","20","전북전주","결시","서울특별시","1"
"2023","여","20","전북전주","결시","수원","2"
"2023","여","20","전북전주","결시","의정부","3"
"2023","여","20","전북전주","결시","전라남도","1"
"2023","여","20","전북전주","결시","전북특별자치도","2"
"2023","여","20","전북전주","불합격","경상남도","2"
"2023","여","20","전북전주","불합격","광주광역시","1"
"2023","여","20","전북전주","불합격","수원","1"
"2023","여","20","전북전주","불합격","전라남도","1"
"2023","여","20","전북전주","불합격","전북특별자치도","40"
"2023","여","20","전북전주","합격","경상남도","2"
"2023","여","20","전북전주","합격","서울특별시","3"
"2023","여","20","전북전주","합격","수원","2"
"2023","여","20","전북전주","합격","의정부","2"
"2023","여","20","전북전주","합격","인천광역시","1"
"2023","여","20","전북전주","합격","전라남도","14"
"2023","여","20","전북전주","합격","전북특별자치도","122"
"2023","여","20","전북전주","합격","충청북도","3"
"2023","여","30","전북전주","결시","경상남도","2"
"2023","여","30","전북전주","결시","대전광역시","2"
"2023","여","30","전북전주","결시","서울특별시","1"
"2023","여","30","전북전주","결시","의정부","2"
"2023","여","30","전북전주","결시","인천광역시","1"
"2023","여","30","전북전주","결시","전라남도","7"
"2023","여","30","전북전주","결시","전북특별자치도","22"
"2023","여","30","전북전주","불합격","경상남도","2"
"2023","여","30","전북전주","불합격","대전광역시","1"
"2023","여","30","전북전주","불합격","전라남도","13"
"2023","여","30","전북전주","불합격","전북특별자치도","116"
"2023","여","30","전북전주","불합격","충청남도","5"
"2023","여","30","전북전주","불합격","충청북도","1"
"2023","여","30","전북전주","응시결격","광주광역시","1"
"2023","여","30","전북전주","합격","경상남도","7"
"2023","여","30","전북전주","합격","광주광역시","2"
"2023","여","30","전북전주","합격","대전광역시","2"
"2023","여","30","전북전주","합격","서울특별시","6"
"2023","여","30","전북전주","합격","세종특별자치시","1"
"2023","여","30","전북전주","합격","수원","4"
"2023","여","30","전북전주","합격","의정부","2"
"2023","여","30","전북전주","합격","인천광역시","1"
"2023","여","30","전북전주","합격","전라남도","47"
"2023","여","30","전북전주","합격","전북특별자치도","557"
"2023","여","30","전북전주","합격","충청남도","22"
"2023","여","30","전북전주","합격","충청북도","1"
"2023","여","40","전북전주","결시","경상남도","3"
"2023","여","40","전북전주","결시","경상북도","1"
"2023","여","40","전북전주","결시","광주광역시","1"
"2023","여","40","전북전주","결시","대전광역시","2"
"2023","여","40","전북전주","결시","수원","3"
"2023","여","40","전북전주","결시","의정부","1"
"2023","여","40","전북전주","결시","인천광역시","1"
"2023","여","40","전북전주","결시","전라남도","15"
"2023","여","40","전북전주","결시","전북특별자치도","77"
"2023","여","40","전북전주","결시","충청남도","1"
"2023","여","40","전북전주","불합격","경상남도","14"
"2023","여","40","전북전주","불합격","광주광역시","2"
"2023","여","40","전북전주","불합격","서울특별시","1"
"2023","여","40","전북전주","불합격","수원","1"
"2023","여","40","전북전주","불합격","전라남도","16"
"2023","여","40","전북전주","불합격","전북특별자치도","227"
"2023","여","40","전북전주","불합격","충청남도","6"
"2023","여","40","전북전주","응시결격","전북특별자치도","4"
"2023","여","40","전북전주","합격","경상남도","22"
"2023","여","40","전북전주","합격","광주광역시","6"
"2023","여","40","전북전주","합격","대전광역시","3"
"2023","여","40","전북전주","합격","서울특별시","20"
"2023","여","40","전북전주","합격","세종특별자치시","3"
"2023","여","40","전북전주","합격","수원","26"
"2023","여","40","전북전주","합격","인천광역시","10"
"2023","여","40","전북전주","합격","전라남도","170"
"2023","여","40","전북전주","합격","전북특별자치도","2198"
"2023","여","40","전북전주","합격","충청남도","93"
"2023","여","50","전북전주","결시","경상남도","8"
"2023","여","50","전북전주","결시","광주광역시","1"
"2023","여","50","전북전주","결시","대전광역시","2"
"2023","여","50","전북전주","결시","서울특별시","2"
"2023","여","50","전북전주","결시","수원","2"
"2023","여","50","전북전주","결시","전라남도","16"
"2023","여","50","전북전주","결시","전북특별자치도","87"
"2023","여","50","전북전주","결시","충청남도","5"
"2023","여","50","전북전주","불합격","경상남도","9"
"2023","여","50","전북전주","불합격","수원","2"
"2023","여","50","전북전주","불합격","전라남도","27"
"2023","여","50","전북전주","불합격","전북특별자치도","252"
"2023","여","50","전북전주","불합격","충청남도","16"
"2023","여","50","전북전주","응시결격","전북특별자치도","3"
"2023","여","50","전북전주","합격","경상남도","28"
"2023","여","50","전북전주","합격","경상북도","4"
"2023","여","50","전북전주","합격","광주광역시","12"
"2023","여","50","전북전주","합격","대전광역시","9"
"2023","여","50","전북전주","합격","서울특별시","23"
"2023","여","50","전북전주","합격","세종특별자치시","3"
"2023","여","50","전북전주","합격","수원","29"
"2023","여","50","전북전주","합격","울산광역시","1"
"2023","여","50","전북전주","합격","의정부","3"
"2023","여","50","전북전주","합격","인천광역시","9"
"2023","여","50","전북전주","합격","전라남도","216"
"2023","여","50","전북전주","합격","전북특별자치도","3629"
"2023","여","50","전북전주","합격","충청남도","172"
"2023","여","50","전북전주","합격","충청북도","2"
"2023","여","60","전북전주","결시","경상남도","10"
"2023","여","60","전북전주","결시","수원","3"
"2023","여","60","전북전주","결시","전라남도","6"
"2023","여","60","전북전주","결시","전북특별자치도","53"
"2023","여","60","전북전주","결시","충청남도","4"
"2023","여","60","전북전주","불합격","경상남도","15"
"2023","여","60","전북전주","불합격","광주광역시","3"
"2023","여","60","전북전주","불합격","기타","1"
"2023","여","60","전북전주","불합격","대전광역시","1"
"2023","여","60","전북전주","불합격","서울특별시","1"
"2023","여","60","전북전주","불합격","수원","9"
"2023","여","60","전북전주","불합격","전라남도","28"
"2023","여","60","전북전주","불합격","전북특별자치도","474"
"2023","여","60","전북전주","불합격","충청남도","50"
"2023","여","60","전북전주","불합격","충청북도","1"
"2023","여","60","전북전주","응시결격","전북특별자치도","3"
"2023","여","60","전북전주","합격","경상남도","19"
"2023","여","60","전북전주","합격","광주광역시","7"
"2023","여","60","전북전주","합격","대전광역시","3"
"2023","여","60","전북전주","합격","부산광역시","1"
"2023","여","60","전북전주","합격","서울특별시","15"
"2023","여","60","전북전주","합격","세종특별자치시","1"
"2023","여","60","전북전주","합격","수원","16"
"2023","여","60","전북전주","합격","울산광역시","2"
"2023","여","60","전북전주","합격","의정부","1"
"2023","여","60","전북전주","합격","인천광역시","5"
"2023","여","60","전북전주","합격","전라남도","94"
"2023","여","60","전북전주","합격","전북특별자치도","2454"
"2023","여","60","전북전주","합격","충청남도","166"
"2023","여","60","전북전주","합격","충청북도","1"
"2023","여","70","전북전주","결시","경상남도","4"
"2023","여","70","전북전주","결시","전북특별자치도","15"
"2023","여","70","전북전주","결시","충청남도","1"
"2023","여","70","전북전주","불합격","경상남도","3"
"2023","여","70","전북전주","불합격","광주광역시","1"
"2023","여","70","전북전주","불합격","세종특별자치시","1"
"2023","여","70","전북전주","불합격","수원","2"
"2023","여","70","전북전주","불합격","인천광역시","1"
"2023","여","70","전북전주","불합격","전라남도","6"
"2023","여","70","전북전주","불합격","전북특별자치도","213"
"2023","여","70","전북전주","불합격","충청남도","14"
"2023","여","70","전북전주","불합격","충청북도","1"
"2023","여","70","전북전주","응시결격","전북특별자치도","1"
"2023","여","70","전북전주","합격","경상남도","1"
"2023","여","70","전북전주","합격","대전광역시","3"
"2023","여","70","전북전주","합격","부산광역시","1"
"2023","여","70","전북전주","합격","서울특별시","1"
"2023","여","70","전북전주","합격","수원","1"
"2023","여","70","전북전주","합격","전라남도","11"
"2023","여","70","전북전주","합격","전북특별자치도","460"
"2023","여","70","전북전주","합격","충청남도","19"
"2023","여","80","전북전주","결시","전북특별자치도","2"
"2023","여","80","전북전주","불합격","전북특별자치도","9"
"2023","여","80","전북전주","합격","전북특별자치도","13"
"2023","여","80","전북전주","합격","충청남도","1"
"2023","남","10","제주","불합격","제주특별자치도","1"
"2023","남","10","제주","합격","제주특별자치도","3"
"2023","남","20","제주","결시","제주특별자치도","2"
"2023","남","20","제주","불합격","제주특별자치도","7"
"2023","남","20","제주","합격","제주특별자치도","10"
"2023","남","30","제주","결시","제주특별자치도","4"
"2023","남","30","제주","불합격","제주특별자치도","10"
"2023","남","30","제주","응시결격","제주특별자치도","1"
"2023","남","30","제주","합격","제주특별자치도","13"
"2023","남","40","제주","불합격","제주특별자치도","8"
"2023","남","40","제주","합격","서울특별시","2"
"2023","남","40","제주","합격","수원","1"
"2023","남","40","제주","합격","제주특별자치도","26"
"2023","남","50","제주","결시","제주특별자치도","4"
"2023","남","50","제주","불합격","대구광역시","1"
"2023","남","50","제주","불합격","제주특별자치도","5"
"2023","남","50","제주","응시결격","서울특별시","1"
"2023","남","50","제주","응시결격","제주특별자치도","3"
"2023","남","50","제주","합격","경상남도","2"
"2023","남","50","제주","합격","서울특별시","1"
"2023","남","50","제주","합격","수원","1"
"2023","남","50","제주","합격","의정부","1"
"2023","남","50","제주","합격","제주특별자치도","77"
"2023","남","60","제주","결시","제주특별자치도","2"
"2023","남","60","제주","불합격","제주특별자치도","14"
"2023","남","60","제주","응시결격","제주특별자치도","2"
"2023","남","60","제주","합격","경상남도","1"
"2023","남","60","제주","합격","대구광역시","1"
"2023","남","60","제주","합격","서울특별시","2"
"2023","남","60","제주","합격","의정부","1"
"2023","남","60","제주","합격","인천광역시","1"
"2023","남","60","제주","합격","전라남도","2"
"2023","남","60","제주","합격","제주특별자치도","103"
"2023","남","70","제주","결시","서울특별시","1"
"2023","남","70","제주","불합격","제주특별자치도","11"
"2023","남","70","제주","합격","서울특별시","2"
"2023","남","70","제주","합격","수원","1"
"2023","남","70","제주","합격","제주특별자치도","26"
"2023","남","80","제주","결시","제주특별자치도","1"
"2023","남","80","제주","불합격","제주특별자치도","1"
"2023","남","80","제주","합격","서울특별시","1"
"2023","남","80","제주","합격","제주특별자치도","3"
"2023","여","10","제주","불합격","제주특별자치도","1"
"2023","여","10","제주","합격","제주특별자치도","6"
"2023","여","20","제주","결시","제주특별자치도","3"
"2023","여","20","제주","불합격","제주특별자치도","9"
"2023","여","20","제주","응시결격","제주특별자치도","1"
"2023","여","20","제주","합격","서울특별시","1"
"2023","여","20","제주","합격","울산광역시","1"
"2023","여","20","제주","합격","제주특별자치도","10"
"2023","여","30","제주","결시","전라남도","1"
"2023","여","30","제주","결시","제주특별자치도","4"
"2023","여","30","제주","불합격","경상남도","1"
"2023","여","30","제주","불합격","제주특별자치도","17"
"2023","여","30","제주","합격","경상북도","1"
"2023","여","30","제주","합격","세종특별자치시","1"
"2023","여","30","제주","합격","수원","2"
"2023","여","30","제주","합격","전라남도","1"
"2023","여","30","제주","합격","제주특별자치도","72"
"2023","여","40","제주","결시","수원","1"
"2023","여","40","제주","결시","의정부","2"
"2023","여","40","제주","결시","제주특별자치도","7"
"2023","여","40","제주","결시","충청남도","1"
"2023","여","40","제주","불합격","경상남도","2"
"2023","여","40","제주","불합격","수원","1"
"2023","여","40","제주","불합격","제주특별자치도","20"
"2023","여","40","제주","응시결격","제주특별자치도","7"
"2023","여","40","제주","합격","경상남도","4"
"2023","여","40","제주","합격","서울특별시","6"
"2023","여","40","제주","합격","수원","4"
"2023","여","40","제주","합격","의정부","1"
"2023","여","40","제주","합격","전라남도","2"
"2023","여","40","제주","합격","제주특별자치도","347"
"2023","여","50","제주","결시","서울특별시","4"
"2023","여","50","제주","결시","제주특별자치도","15"
"2023","여","50","제주","불합격","서울특별시","2"
"2023","여","50","제주","불합격","수원","6"
"2023","여","50","제주","불합격","제주특별자치도","44"
"2023","여","50","제주","응시결격","제주특별자치도","6"
"2023","여","50","제주","합격","경상남도","6"
"2023","여","50","제주","합격","경상북도","3"
"2023","여","50","제주","합격","대전광역시","1"
"2023","여","50","제주","합격","서울특별시","10"
"2023","여","50","제주","합격","수원","4"
"2023","여","50","제주","합격","인천광역시","5"
"2023","여","50","제주","합격","전라남도","6"
"2023","여","50","제주","합격","제주특별자치도","622"
"2023","여","50","제주","합격","충청남도","1"
"2023","여","60","제주","결시","수원","1"
"2023","여","60","제주","결시","전라남도","4"
"2023","여","60","제주","결시","제주특별자치도","17"
"2023","여","60","제주","불합격","경상남도","1"
"2023","여","60","제주","불합격","경상북도","2"
"2023","여","60","제주","불합격","서울특별시","1"
"2023","여","60","제주","불합격","수원","2"
"2023","여","60","제주","불합격","전라남도","1"
"2023","여","60","제주","불합격","제주특별자치도","68"
"2023","여","60","제주","응시결격","제주특별자치도","4"
"2023","여","60","제주","합격","경상북도","1"
"2023","여","60","제주","합격","대구광역시","1"
"2023","여","60","제주","합격","서울특별시","10"
"2023","여","60","제주","합격","수원","5"
"2023","여","60","제주","합격","의정부","1"
"2023","여","60","제주","합격","전북특별자치도","1"
"2023","여","60","제주","합격","제주특별자치도","466"
"2023","여","60","제주","합격","충청남도","1"
"2023","여","60","제주","합격","충청북도","1"
"2023","여","70","제주","결시","제주특별자치도","3"
"2023","여","70","제주","불합격","서울특별시","1"
"2023","여","70","제주","불합격","제주특별자치도","33"
"2023","여","70","제주","합격","서울특별시","1"
"2023","여","70","제주","합격","제주특별자치도","46"
"2023","여","80","제주","합격","제주특별자치도","1"
"2024","남","20","강원원주","결시","강원특별자치도","1"
"2024","남","20","강원원주","불합격","강원특별자치도","28"
"2024","남","20","강원원주","불합격","수원","1"
"2024","남","20","강원원주","불합격","의정부","3"
"2024","남","20","강원원주","불합격","충청북도","2"
"2024","남","20","강원원주","합격","강원특별자치도","15"
"2024","남","20","강원원주","합격","수원","5"
"2024","남","20","강원원주","합격","의정부","4"
"2024","남","20","강원원주","합격","충청북도","1"
"2024","남","30","강원원주","결시","강원특별자치도","1"
"2024","남","30","강원원주","결시","서울특별시","1"
"2024","남","30","강원원주","결시","수원","2"
"2024","남","30","강원원주","결시","의정부","1"
"2024","남","30","강원원주","결시","충청북도","1"
"2024","남","30","강원원주","불합격","강원특별자치도","4"
"2024","남","30","강원원주","불합격","수원","1"
"2024","남","30","강원원주","불합격","충청북도","8"
"2024","남","30","강원원주","합격","강원특별자치도","25"
"2024","남","30","강원원주","합격","경상북도","2"
"2024","남","30","강원원주","합격","대전광역시","1"
"2024","남","30","강원원주","합격","서울특별시","2"
"2024","남","30","강원원주","합격","수원","7"
"2024","남","30","강원원주","합격","의정부","1"
"2024","남","30","강원원주","합격","충청북도","5"
"2024","남","40","강원원주","결시","강원특별자치도","1"
"2024","남","40","강원원주","결시","의정부","1"
"2024","남","40","강원원주","결시","전라남도","1"
"2024","남","40","강원원주","불합격","강원특별자치도","7"
"2024","남","40","강원원주","불합격","수원","1"
"2024","남","40","강원원주","불합격","의정부","2"
"2024","남","40","강원원주","합격","강원특별자치도","53"
"2024","남","40","강원원주","합격","경상북도","2"
"2024","남","40","강원원주","합격","서울특별시","1"
"2024","남","40","강원원주","합격","수원","10"
"2024","남","40","강원원주","합격","의정부","1"
"2024","남","40","강원원주","합격","충청북도","9"
"2024","남","50","강원원주","결시","강원특별자치도","2"
"2024","남","50","강원원주","결시","서울특별시","1"
"2024","남","50","강원원주","결시","수원","6"
"2024","남","50","강원원주","결시","충청북도","1"
"2024","남","50","강원원주","불합격","강원특별자치도","9"
"2024","남","50","강원원주","불합격","수원","1"
"2024","남","50","강원원주","합격","강원특별자치도","144"
"2024","남","50","강원원주","합격","경상남도","1"
"2024","남","50","강원원주","합격","경상북도","2"
"2024","남","50","강원원주","합격","대전광역시","1"
"2024","남","50","강원원주","합격","서울특별시","4"
"2024","남","50","강원원주","합격","수원","27"
"2024","남","50","강원원주","합격","의정부","7"
"2024","남","50","강원원주","합격","인천광역시","1"
"2024","남","50","강원원주","합격","충청북도","16"
"2024","남","60","강원원주","결시","강원특별자치도","5"
"2024","남","60","강원원주","결시","수원","6"
"2024","남","60","강원원주","결시","의정부","1"
"2024","남","60","강원원주","불합격","강원특별자치도","26"
"2024","남","60","강원원주","불합격","수원","20"
"2024","남","60","강원원주","합격","강원특별자치도","288"
"2024","남","60","강원원주","합격","경상남도","2"
"2024","남","60","강원원주","합격","경상북도","6"
"2024","남","60","강원원주","합격","서울특별시","5"
"2024","남","60","강원원주","합격","수원","66"
"2024","남","60","강원원주","합격","의정부","15"
"2024","남","60","강원원주","합격","전라남도","1"
"2024","남","60","강원원주","합격","제주특별자치도","1"
"2024","남","60","강원원주","합격","충청북도","51"
"2024","남","70","강원원주","결시","강원특별자치도","3"
"2024","남","70","강원원주","불합격","강원특별자치도","23"
"2024","남","70","강원원주","불합격","의정부","2"
"2024","남","70","강원원주","불합격","충청남도","1"
"2024","남","70","강원원주","불합격","충청북도","6"
"2024","남","70","강원원주","합격","강원특별자치도","79"
"2024","남","70","강원원주","합격","경상북도","3"
"2024","남","70","강원원주","합격","수원","11"
"2024","남","70","강원원주","합격","의정부","4"
"2024","남","70","강원원주","합격","충청북도","25"
"2024","남","80","강원원주","결시","충청북도","1"
"2024","남","80","강원원주","불합격","강원특별자치도","1"
"2024","남","80","강원원주","불합격","경상북도","1"
"2024","남","80","강원원주","합격","강원특별자치도","8"
"2024","남","80","강원원주","합격","수원","3"
"2024","남","80","강원원주","합격","의정부","2"
"2024","남","80","강원원주","합격","충청북도","2"
"2024","여","10","강원원주","합격","강원특별자치도","1"
"2024","여","10","강원원주","합격","충청북도","1"
"2024","여","20","강원원주","결시","강원특별자치도","1"
"2024","여","20","강원원주","결시","경상북도","1"
"2024","여","20","강원원주","결시","수원","4"
"2024","여","20","강원원주","결시","충청북도","1"
"2024","여","20","강원원주","불합격","강원특별자치도","5"
"2024","여","20","강원원주","불합격","경상북도","1"
"2024","여","20","강원원주","불합격","의정부","3"
"2024","여","20","강원원주","불합격","충청북도","4"
"2024","여","20","강원원주","합격","강원특별자치도","36"
"2024","여","20","강원원주","합격","경상남도","1"
"2024","여","20","강원원주","합격","경상북도","2"
"2024","여","20","강원원주","합격","서울특별시","2"
"2024","여","20","강원원주","합격","수원","10"
"2024","여","20","강원원주","합격","충청남도","1"
"2024","여","20","강원원주","합격","충청북도","9"
"2024","여","30","강원원주","결시","강원특별자치도","7"
"2024","여","30","강원원주","결시","수원","1"
"2024","여","30","강원원주","결시","충청북도","6"
"2024","여","30","강원원주","불합격","강원특별자치도","14"
"2024","여","30","강원원주","불합격","경상남도","1"
"2024","여","30","강원원주","불합격","충청북도","18"
"2024","여","30","강원원주","합격","강원특별자치도","138"
"2024","여","30","강원원주","합격","경상북도","8"
"2024","여","30","강원원주","합격","대구광역시","1"
"2024","여","30","강원원주","합격","대전광역시","2"
"2024","여","30","강원원주","합격","서울특별시","2"
"2024","여","30","강원원주","합격","수원","22"
"2024","여","30","강원원주","합격","의정부","6"
"2024","여","30","강원원주","합격","전라남도","1"
"2024","여","30","강원원주","합격","충청북도","38"
"2024","여","40","강원원주","결시","강원특별자치도","23"
"2024","여","40","강원원주","결시","경상북도","1"
"2024","여","40","강원원주","결시","수원","10"
"2024","여","40","강원원주","결시","의정부","2"
"2024","여","40","강원원주","결시","인천광역시","1"
"2024","여","40","강원원주","결시","충청남도","8"
"2024","여","40","강원원주","결시","충청북도","3"
"2024","여","40","강원원주","불합격","강원특별자치도","46"
"2024","여","40","강원원주","불합격","경상북도","7"
"2024","여","40","강원원주","불합격","서울특별시","1"
"2024","여","40","강원원주","불합격","수원","13"
"2024","여","40","강원원주","불합격","의정부","6"
"2024","여","40","강원원주","불합격","충청남도","1"
"2024","여","40","강원원주","불합격","충청북도","31"
"2024","여","40","강원원주","합격","강원특별자치도","535"
"2024","여","40","강원원주","합격","경상북도","14"
"2024","여","40","강원원주","합격","서울특별시","5"
"2024","여","40","강원원주","합격","수원","93"
"2024","여","40","강원원주","합격","의정부","21"
"2024","여","40","강원원주","합격","인천광역시","1"
"2024","여","40","강원원주","합격","전라남도","1"
"2024","여","40","강원원주","합격","충청북도","139"
"2024","여","50","강원원주","결시","강원특별자치도","17"
"2024","여","50","강원원주","결시","경상북도","6"
"2024","여","50","강원원주","결시","기타","1"
"2024","여","50","강원원주","결시","서울특별시","4"
"2024","여","50","강원원주","결시","수원","7"
"2024","여","50","강원원주","결시","의정부","1"
"2024","여","50","강원원주","결시","충청남도","1"
"2024","여","50","강원원주","결시","충청북도","3"
"2024","여","50","강원원주","불합격","강원특별자치도","101"
"2024","여","50","강원원주","불합격","경상북도","6"
"2024","여","50","강원원주","불합격","서울특별시","1"
"2024","여","50","강원원주","불합격","수원","37"
"2024","여","50","강원원주","불합격","의정부","2"
"2024","여","50","강원원주","불합격","충청북도","30"
"2024","여","50","강원원주","응시결격","강원특별자치도","1"
"2024","여","50","강원원주","응시결격","수원","1"
"2024","여","50","강원원주","응시결격","충청북도","1"
"2024","여","50","강원원주","합격","강원특별자치도","1005"
"2024","여","50","강원원주","합격","경상남도","2"
"2024","여","50","강원원주","합격","경상북도","10"
"2024","여","50","강원원주","합격","서울특별시","17"
"2024","여","50","강원원주","합격","수원","240"
"2024","여","50","강원원주","합격","울산광역시","2"
"2024","여","50","강원원주","합격","의정부","31"
"2024","여","50","강원원주","합격","인천광역시","1"
"2024","여","50","강원원주","합격","전라남도","4"
"2024","여","50","강원원주","합격","전북특별자치도","1"
"2024","여","50","강원원주","합격","충청남도","1"
"2024","여","50","강원원주","합격","충청북도","330"
"2024","여","60","강원원주","결시","강원특별자치도","25"
"2024","여","60","강원원주","결시","경상북도","2"
"2024","여","60","강원원주","결시","수원","11"
"2024","여","60","강원원주","결시","충청북도","7"
"2024","여","60","강원원주","불합격","강원특별자치도","150"
"2024","여","60","강원원주","불합격","경상북도","15"
"2024","여","60","강원원주","불합격","서울특별시","2"
"2024","여","60","강원원주","불합격","수원","64"
"2024","여","60","강원원주","불합격","의정부","9"
"2024","여","60","강원원주","불합격","인천광역시","1"
"2024","여","60","강원원주","불합격","충청북도","50"
"2024","여","60","강원원주","응시결격","수원","1"
"2024","여","60","강원원주","합격","강원특별자치도","920"
"2024","여","60","강원원주","합격","경상남도","2"
"2024","여","60","강원원주","합격","경상북도","21"
"2024","여","60","강원원주","합격","서울특별시","8"
"2024","여","60","강원원주","합격","수원","245"
"2024","여","60","강원원주","합격","의정부","60"
"2024","여","60","강원원주","합격","전라남도","1"
"2024","여","60","강원원주","합격","전북특별자치도","1"
"2024","여","60","강원원주","합격","충청북도","284"
"2024","여","70","강원원주","결시","강원특별자치도","6"
"2024","여","70","강원원주","결시","서울특별시","2"
"2024","여","70","강원원주","결시","수원","3"
"2024","여","70","강원원주","결시","의정부","1"
"2024","여","70","강원원주","결시","충청북도","2"
"2024","여","70","강원원주","불합격","강원특별자치도","55"
"2024","여","70","강원원주","불합격","경상북도","1"
"2024","여","70","강원원주","불합격","서울특별시","1"
"2024","여","70","강원원주","불합격","수원","19"
"2024","여","70","강원원주","불합격","의정부","4"
"2024","여","70","강원원주","불합격","충청북도","11"
"2024","여","70","강원원주","응시결격","수원","1"
"2024","여","70","강원원주","합격","강원특별자치도","156"
"2024","여","70","강원원주","합격","경상남도","1"
"2024","여","70","강원원주","합격","경상북도","6"
"2024","여","70","강원원주","합격","서울특별시","1"
"2024","여","70","강원원주","합격","수원","62"
"2024","여","70","강원원주","합격","의정부","13"
"2024","여","70","강원원주","합격","충청북도","43"
"2024","여","80","강원원주","불합격","수원","1"
"2024","여","80","강원원주","불합격","충청북도","1"
"2024","여","80","강원원주","합격","강원특별자치도","2"
"2024","여","80","강원원주","합격","수원","5"
"2024","여","80","강원원주","합격","충청북도","5"
"2024","남","10","경기성남","불합격","수원","3"
"2024","남","10","경기성남","합격","수원","2"
"2024","남","20","경기성남","결시","서울특별시","6"
"2024","남","20","경기성남","결시","수원","12"
"2024","남","20","경기성남","결시","의정부","3"
"2024","남","20","경기성남","불합격","강원특별자치도","1"
"2024","남","20","경기성남","불합격","기타","1"
"2024","남","20","경기성남","불합격","서울특별시","21"
"2024","남","20","경기성남","불합격","수원","31"
"2024","남","20","경기성남","불합격","의정부","13"
"2024","남","20","경기성남","불합격","충청북도","1"
"2024","남","20","경기성남","합격","강원특별자치도","2"
"2024","남","20","경기성남","합격","광주광역시","1"
"2024","남","20","경기성남","합격","서울특별시","30"
"2024","남","20","경기성남","합격","수원","69"
"2024","남","20","경기성남","합격","의정부","24"
"2024","남","20","경기성남","합격","인천광역시","3"
"2024","남","30","경기성남","결시","광주광역시","1"
"2024","남","30","경기성남","결시","서울특별시","1"
"2024","남","30","경기성남","결시","수원","10"
"2024","남","30","경기성남","결시","의정부","6"
"2024","남","30","경기성남","결시","전라남도","1"
"2024","남","30","경기성남","불합격","광주광역시","2"
"2024","남","30","경기성남","불합격","서울특별시","20"
"2024","남","30","경기성남","불합격","수원","38"
"2024","남","30","경기성남","불합격","의정부","13"
"2024","남","30","경기성남","불합격","인천광역시","3"
"2024","남","30","경기성남","불합격","전라남도","4"
"2024","남","30","경기성남","불합격","충청북도","1"
"2024","남","30","경기성남","합격","서울특별시","60"
"2024","남","30","경기성남","합격","수원","119"
"2024","남","30","경기성남","합격","의정부","41"
"2024","남","30","경기성남","합격","인천광역시","9"
"2024","남","30","경기성남","합격","전라남도","5"
"2024","남","30","경기성남","합격","충청남도","4"
"2024","남","40","경기성남","결시","경상남도","2"
"2024","남","40","경기성남","결시","기타","1"
"2024","남","40","경기성남","결시","서울특별시","5"
"2024","남","40","경기성남","결시","수원","11"
"2024","남","40","경기성남","결시","의정부","10"
"2024","남","40","경기성남","결시","인천광역시","2"
"2024","남","40","경기성남","결시","충청남도","1"
"2024","남","40","경기성남","불합격","서울특별시","19"
"2024","남","40","경기성남","불합격","수원","55"
"2024","남","40","경기성남","불합격","의정부","17"
"2024","남","40","경기성남","불합격","인천광역시","2"
"2024","남","40","경기성남","불합격","전라남도","1"
"2024","남","40","경기성남","불합격","충청남도","1"
"2024","남","40","경기성남","합격","강원특별자치도","4"
"2024","남","40","경기성남","합격","경상남도","5"
"2024","남","40","경기성남","합격","서울특별시","117"
"2024","남","40","경기성남","합격","수원","235"
"2024","남","40","경기성남","합격","의정부","84"
"2024","남","40","경기성남","합격","인천광역시","5"
"2024","남","40","경기성남","합격","전라남도","4"
"2024","남","40","경기성남","합격","전북특별자치도","1"
"2024","남","40","경기성남","합격","충청북도","2"
"2024","남","50","경기성남","결시","경상남도","1"
"2024","남","50","경기성남","결시","경상북도","1"
"2024","남","50","경기성남","결시","서울특별시","16"
"2024","남","50","경기성남","결시","수원","39"
"2024","남","50","경기성남","결시","의정부","12"
"2024","남","50","경기성남","결시","전라남도","1"
"2024","남","50","경기성남","결시","충청남도","1"
"2024","남","50","경기성남","불합격","서울특별시","37"
"2024","남","50","경기성남","불합격","수원","69"
"2024","남","50","경기성남","불합격","의정부","34"
"2024","남","50","경기성남","불합격","인천광역시","5"
"2024","남","50","경기성남","합격","강원특별자치도","4"
"2024","남","50","경기성남","합격","경상남도","6"
"2024","남","50","경기성남","합격","서울특별시","259"
"2024","남","50","경기성남","합격","수원","583"
"2024","남","50","경기성남","합격","의정부","248"
"2024","남","50","경기성남","합격","인천광역시","20"
"2024","남","50","경기성남","합격","전라남도","10"
"2024","남","50","경기성남","합격","충청남도","2"
"2024","남","50","경기성남","합격","충청북도","4"
"2024","남","60","경기성남","결시","경상남도","2"
"2024","남","60","경기성남","결시","서울특별시","7"
"2024","남","60","경기성남","결시","수원","35"
"2024","남","60","경기성남","결시","의정부","17"
"2024","남","60","경기성남","결시","전라남도","1"
"2024","남","60","경기성남","결시","전북특별자치도","1"
"2024","남","60","경기성남","불합격","경상남도","4"
"2024","남","60","경기성남","불합격","서울특별시","63"
"2024","남","60","경기성남","불합격","수원","154"
"2024","남","60","경기성남","불합격","의정부","54"
"2024","남","60","경기성남","불합격","인천광역시","10"
"2024","남","60","경기성남","불합격","충청남도","2"
"2024","남","60","경기성남","응시결격","수원","1"
"2024","남","60","경기성남","합격","강원특별자치도","2"
"2024","남","60","경기성남","합격","경상남도","8"
"2024","남","60","경기성남","합격","경상북도","2"
"2024","남","60","경기성남","합격","광주광역시","3"
"2024","남","60","경기성남","합격","대전광역시","1"
"2024","남","60","경기성남","합격","서울특별시","476"
"2024","남","60","경기성남","합격","수원","1358"
"2024","남","60","경기성남","합격","의정부","500"
"2024","남","60","경기성남","합격","인천광역시","23"
"2024","남","60","경기성남","합격","전라남도","10"
"2024","남","60","경기성남","합격","전북특별자치도","1"
"2024","남","60","경기성남","합격","제주특별자치도","1"
"2024","남","60","경기성남","합격","충청남도","2"
"2024","남","60","경기성남","합격","충청북도","5"
"2024","남","70","경기성남","결시","서울특별시","6"
"2024","남","70","경기성남","결시","수원","10"
"2024","남","70","경기성남","결시","의정부","6"
"2024","남","70","경기성남","결시","인천광역시","1"
"2024","남","70","경기성남","불합격","서울특별시","54"
"2024","남","70","경기성남","불합격","수원","136"
"2024","남","70","경기성남","불합격","의정부","45"
"2024","남","70","경기성남","불합격","인천광역시","5"
"2024","남","70","경기성남","불합격","충청남도","1"
"2024","남","70","경기성남","합격","강원특별자치도","3"
"2024","남","70","경기성남","합격","부산광역시","1"
"2024","남","70","경기성남","합격","서울특별시","222"
"2024","남","70","경기성남","합격","수원","472"
"2024","남","70","경기성남","합격","의정부","153"
"2024","남","70","경기성남","합격","인천광역시","12"
"2024","남","70","경기성남","합격","충청남도","1"
"2024","남","70","경기성남","합격","충청북도","1"
"2024","남","80","경기성남","결시","서울특별시","1"
"2024","남","80","경기성남","결시","수원","2"
"2024","남","80","경기성남","결시","의정부","1"
"2024","남","80","경기성남","불합격","서울특별시","33"
"2024","남","80","경기성남","불합격","수원","37"
"2024","남","80","경기성남","불합격","의정부","19"
"2024","남","80","경기성남","불합격","인천광역시","1"
"2024","남","80","경기성남","불합격","충청남도","2"
"2024","남","80","경기성남","합격","서울특별시","33"
"2024","남","80","경기성남","합격","수원","70"
"2024","남","80","경기성남","합격","의정부","25"
"2024","남","80","경기성남","합격","인천광역시","2"
"2024","남","90","경기성남","합격","수원","1"
"2024","여","10","경기성남","결시","수원","1"
"2024","여","10","경기성남","합격","수원","3"
"2024","여","20","경기성남","결시","서울특별시","6"
"2024","여","20","경기성남","결시","수원","8"
"2024","여","20","경기성남","결시","의정부","2"
"2024","여","20","경기성남","결시","충청남도","1"
"2024","여","20","경기성남","불합격","부산광역시","2"
"2024","여","20","경기성남","불합격","서울특별시","25"
"2024","여","20","경기성남","불합격","수원","44"
"2024","여","20","경기성남","불합격","의정부","14"
"2024","여","20","경기성남","불합격","충청남도","1"
"2024","여","20","경기성남","합격","강원특별자치도","2"
"2024","여","20","경기성남","합격","광주광역시","1"
"2024","여","20","경기성남","합격","서울특별시","61"
"2024","여","20","경기성남","합격","수원","171"
"2024","여","20","경기성남","합격","의정부","46"
"2024","여","20","경기성남","합격","인천광역시","2"
"2024","여","20","경기성남","합격","전라남도","3"
"2024","여","20","경기성남","합격","충청남도","1"
"2024","여","20","경기성남","합격","충청북도","1"
"2024","여","30","경기성남","결시","경상남도","1"
"2024","여","30","경기성남","결시","대전광역시","1"
"2024","여","30","경기성남","결시","서울특별시","18"
"2024","여","30","경기성남","결시","수원","44"
"2024","여","30","경기성남","결시","의정부","7"
"2024","여","30","경기성남","결시","전라남도","1"
"2024","여","30","경기성남","불합격","강원특별자치도","2"
"2024","여","30","경기성남","불합격","경상남도","2"
"2024","여","30","경기성남","불합격","서울특별시","40"
"2024","여","30","경기성남","불합격","수원","77"
"2024","여","30","경기성남","불합격","의정부","36"
"2024","여","30","경기성남","불합격","인천광역시","6"
"2024","여","30","경기성남","응시결격","수원","2"
"2024","여","30","경기성남","합격","강원특별자치도","13"
"2024","여","30","경기성남","합격","경상남도","10"
"2024","여","30","경기성남","합격","광주광역시","1"
"2024","여","30","경기성남","합격","대구광역시","1"
"2024","여","30","경기성남","합격","대전광역시","1"
"2024","여","30","경기성남","합격","서울특별시","256"
"2024","여","30","경기성남","합격","수원","718"
"2024","여","30","경기성남","합격","의정부","185"
"2024","여","30","경기성남","합격","인천광역시","31"
"2024","여","30","경기성남","합격","전라남도","10"
"2024","여","30","경기성남","합격","전북특별자치도","1"
"2024","여","30","경기성남","합격","충청남도","2"
"2024","여","30","경기성남","합격","충청북도","1"
"2024","여","40","경기성남","결시","강원특별자치도","1"
"2024","여","40","경기성남","결시","경상남도","2"
"2024","여","40","경기성남","결시","부산광역시","4"
"2024","여","40","경기성남","결시","서울특별시","49"
"2024","여","40","경기성남","결시","수원","99"
"2024","여","40","경기성남","결시","의정부","31"
"2024","여","40","경기성남","결시","인천광역시","7"
"2024","여","40","경기성남","결시","전라남도","4"
"2024","여","40","경기성남","결시","충청남도","1"
"2024","여","40","경기성남","불합격","강원특별자치도","3"
"2024","여","40","경기성남","불합격","경상남도","1"
"2024","여","40","경기성남","불합격","경상북도","4"
"2024","여","40","경기성남","불합격","서울특별시","64"
"2024","여","40","경기성남","불합격","수원","192"
"2024","여","40","경기성남","불합격","의정부","65"
"2024","여","40","경기성남","불합격","인천광역시","17"
"2024","여","40","경기성남","불합격","전라남도","2"
"2024","여","40","경기성남","불합격","제주특별자치도","1"
"2024","여","40","경기성남","불합격","충청남도","3"
"2024","여","40","경기성남","불합격","충청북도","3"
"2024","여","40","경기성남","응시결격","서울특별시","1"
"2024","여","40","경기성남","응시결격","수원","1"
"2024","여","40","경기성남","합격","강원특별자치도","21"
"2024","여","40","경기성남","합격","경상남도","18"
"2024","여","40","경기성남","합격","경상북도","1"
"2024","여","40","경기성남","합격","대전광역시","1"
"2024","여","40","경기성남","합격","부산광역시","2"
"2024","여","40","경기성남","합격","서울특별시","840"
"2024","여","40","경기성남","합격","수원","3015"
"2024","여","40","경기성남","합격","의정부","851"
"2024","여","40","경기성남","합격","인천광역시","92"
"2024","여","40","경기성남","합격","전라남도","24"
"2024","여","40","경기성남","합격","전북특별자치도","2"
"2024","여","40","경기성남","합격","제주특별자치도","1"
"2024","여","40","경기성남","합격","충청남도","14"
"2024","여","40","경기성남","합격","충청북도","6"
"2024","여","50","경기성남","결시","경상남도","6"
"2024","여","50","경기성남","결시","광주광역시","1"
"2024","여","50","경기성남","결시","서울특별시","92"
"2024","여","50","경기성남","결시","수원","192"
"2024","여","50","경기성남","결시","의정부","47"
"2024","여","50","경기성남","결시","인천광역시","4"
"2024","여","50","경기성남","결시","전라남도","2"
"2024","여","50","경기성남","결시","충청남도","3"
"2024","여","50","경기성남","불합격","강원특별자치도","2"
"2024","여","50","경기성남","불합격","경상남도","6"
"2024","여","50","경기성남","불합격","서울특별시","129"
"2024","여","50","경기성남","불합격","수원","417"
"2024","여","50","경기성남","불합격","의정부","156"
"2024","여","50","경기성남","불합격","인천광역시","19"
"2024","여","50","경기성남","불합격","전라남도","8"
"2024","여","50","경기성남","불합격","충청남도","3"
"2024","여","50","경기성남","불합격","충청북도","7"
"2024","여","50","경기성남","응시결격","기타","1"
"2024","여","50","경기성남","응시결격","서울특별시","1"
"2024","여","50","경기성남","합격","강원특별자치도","31"
"2024","여","50","경기성남","합격","경상남도","23"
"2024","여","50","경기성남","합격","경상북도","3"
"2024","여","50","경기성남","합격","광주광역시","6"
"2024","여","50","경기성남","합격","대전광역시","1"
"2024","여","50","경기성남","합격","서울특별시","1906"
"2024","여","50","경기성남","합격","수원","6229"
"2024","여","50","경기성남","합격","의정부","1776"
"2024","여","50","경기성남","합격","인천광역시","145"
"2024","여","50","경기성남","합격","전라남도","31"
"2024","여","50","경기성남","합격","전북특별자치도","6"
"2024","여","50","경기성남","합격","충청남도","9"
"2024","여","50","경기성남","합격","충청북도","22"
"2024","여","60","경기성남","결시","강원특별자치도","2"
"2024","여","60","경기성남","결시","경상남도","6"
"2024","여","60","경기성남","결시","부산광역시","3"
"2024","여","60","경기성남","결시","서울특별시","46"
"2024","여","60","경기성남","결시","수원","133"
"2024","여","60","경기성남","결시","의정부","51"
"2024","여","60","경기성남","결시","인천광역시","8"
"2024","여","60","경기성남","결시","전라남도","2"
"2024","여","60","경기성남","결시","전북특별자치도","1"
"2024","여","60","경기성남","결시","충청남도","2"
"2024","여","60","경기성남","불합격","강원특별자치도","6"
"2024","여","60","경기성남","불합격","경상남도","8"
"2024","여","60","경기성남","불합격","부산광역시","1"
"2024","여","60","경기성남","불합격","서울특별시","300"
"2024","여","60","경기성남","불합격","수원","862"
"2024","여","60","경기성남","불합격","의정부","282"
"2024","여","60","경기성남","불합격","인천광역시","41"
"2024","여","60","경기성남","불합격","전라남도","6"
"2024","여","60","경기성남","불합격","충청남도","2"
"2024","여","60","경기성남","불합격","충청북도","2"
"2024","여","60","경기성남","응시결격","서울특별시","1"
"2024","여","60","경기성남","응시결격","의정부","1"
"2024","여","60","경기성남","합격","강원특별자치도","27"
"2024","여","60","경기성남","합격","경상남도","19"
"2024","여","60","경기성남","합격","광주광역시","2"
"2024","여","60","경기성남","합격","기타","1"
"2024","여","60","경기성남","합격","대전광역시","1"
"2024","여","60","경기성남","합격","부산광역시","1"
"2024","여","60","경기성남","합격","서울특별시","1745"
"2024","여","60","경기성남","합격","수원","5062"
"2024","여","60","경기성남","합격","울산광역시","1"
"2024","여","60","경기성남","합격","의정부","1514"
"2024","여","60","경기성남","합격","인천광역시","111"
"2024","여","60","경기성남","합격","전라남도","23"
"2024","여","60","경기성남","합격","전북특별자치도","3"
"2024","여","60","경기성남","합격","충청남도","9"
"2024","여","60","경기성남","합격","충청북도","17"
"2024","여","70","경기성남","결시","경상남도","1"
"2024","여","70","경기성남","결시","서울특별시","17"
"2024","여","70","경기성남","결시","수원","27"
"2024","여","70","경기성남","결시","의정부","13"
"2024","여","70","경기성남","결시","인천광역시","1"
"2024","여","70","경기성남","불합격","강원특별자치도","5"
"2024","여","70","경기성남","불합격","경상남도","1"
"2024","여","70","경기성남","불합격","경상북도","1"
"2024","여","70","경기성남","불합격","서울특별시","180"
"2024","여","70","경기성남","불합격","수원","345"
"2024","여","70","경기성남","불합격","의정부","114"
"2024","여","70","경기성남","불합격","인천광역시","12"
"2024","여","70","경기성남","불합격","충청남도","2"
"2024","여","70","경기성남","응시결격","수원","1"
"2024","여","70","경기성남","합격","강원특별자치도","6"
"2024","여","70","경기성남","합격","서울특별시","444"
"2024","여","70","경기성남","합격","수원","1001"
"2024","여","70","경기성남","합격","의정부","280"
"2024","여","70","경기성남","합격","인천광역시","20"
"2024","여","70","경기성남","합격","전라남도","2"
"2024","여","70","경기성남","합격","충청남도","2"
"2024","여","70","경기성남","합격","충청북도","4"
"2024","여","80","경기성남","결시","서울특별시","2"
"2024","여","80","경기성남","결시","수원","4"
"2024","여","80","경기성남","불합격","서울특별시","19"
"2024","여","80","경기성남","불합격","수원","36"
"2024","여","80","경기성남","불합격","의정부","5"
"2024","여","80","경기성남","합격","서울특별시","17"
"2024","여","80","경기성남","합격","수원","37"
"2024","여","80","경기성남","합격","의정부","7"
"2024","여","80","경기성남","합격","인천광역시","1"
"2024","여","90","경기성남","불합격","의정부","2"
"2024","여","90","경기성남","합격","의정부","1"
"2024","남","10","광주전남","결시","전라남도","3"
"2024","남","10","광주전남","불합격","전라남도","9"
"2024","남","10","광주전남","합격","전라남도","2"
"2024","남","20","광주전남","결시","광주광역시","7"
"2024","남","20","광주전남","결시","전라남도","9"
"2024","남","20","광주전남","불합격","광주광역시","22"
"2024","남","20","광주전남","불합격","인천광역시","1"
"2024","남","20","광주전남","불합격","전라남도","26"
"2024","남","20","광주전남","합격","강원특별자치도","1"
"2024","남","20","광주전남","합격","광주광역시","27"
"2024","남","20","광주전남","합격","서울특별시","1"
"2024","남","20","광주전남","합격","전라남도","32"
"2024","남","30","광주전남","결시","광주광역시","2"
"2024","남","30","광주전남","결시","인천광역시","1"
"2024","남","30","광주전남","결시","전라남도","16"
"2024","남","30","광주전남","불합격","광주광역시","20"
"2024","남","30","광주전남","불합격","전라남도","50"
"2024","남","30","광주전남","합격","광주광역시","43"
"2024","남","30","광주전남","합격","전라남도","62"
"2024","남","40","광주전남","결시","광주광역시","16"
"2024","남","40","광주전남","결시","전라남도","41"
"2024","남","40","광주전남","결시","전북특별자치도","1"
"2024","남","40","광주전남","불합격","광주광역시","47"
"2024","남","40","광주전남","불합격","전라남도","39"
"2024","남","40","광주전남","합격","경상남도","1"
"2024","남","40","광주전남","합격","광주광역시","93"
"2024","남","40","광주전남","합격","서울특별시","1"
"2024","남","40","광주전남","합격","수원","1"
"2024","남","40","광주전남","합격","전라남도","157"
"2024","남","40","광주전남","합격","전북특별자치도","2"
"2024","남","50","광주전남","결시","광주광역시","28"
"2024","남","50","광주전남","결시","전라남도","62"
"2024","남","50","광주전남","결시","전북특별자치도","1"
"2024","남","50","광주전남","불합격","경상남도","1"
"2024","남","50","광주전남","불합격","광주광역시","46"
"2024","남","50","광주전남","불합격","수원","1"
"2024","남","50","광주전남","불합격","전라남도","94"
"2024","남","50","광주전남","합격","경상남도","4"
"2024","남","50","광주전남","합격","경상북도","1"
"2024","남","50","광주전남","합격","광주광역시","209"
"2024","남","50","광주전남","합격","서울특별시","1"
"2024","남","50","광주전남","합격","수원","1"
"2024","남","50","광주전남","합격","전라남도","345"
"2024","남","50","광주전남","합격","전북특별자치도","5"
"2024","남","50","광주전남","합격","충청북도","1"
"2024","남","60","광주전남","결시","경상남도","5"
"2024","남","60","광주전남","결시","광주광역시","46"
"2024","남","60","광주전남","결시","전라남도","60"
"2024","남","60","광주전남","결시","충청남도","1"
"2024","남","60","광주전남","불합격","광주광역시","74"
"2024","남","60","광주전남","불합격","부산광역시","1"
"2024","남","60","광주전남","불합격","전라남도","143"
"2024","남","60","광주전남","불합격","전북특별자치도","2"
"2024","남","60","광주전남","합격","경상남도","4"
"2024","남","60","광주전남","합격","광주광역시","387"
"2024","남","60","광주전남","합격","대구광역시","1"
"2024","남","60","광주전남","합격","서울특별시","1"
"2024","남","60","광주전남","합격","수원","1"
"2024","남","60","광주전남","합격","전라남도","629"
"2024","남","60","광주전남","합격","전북특별자치도","9"
"2024","남","70","광주전남","결시","광주광역시","5"
"2024","남","70","광주전남","결시","전라남도","20"
"2024","남","70","광주전남","결시","전북특별자치도","1"
"2024","남","70","광주전남","불합격","광주광역시","31"
"2024","남","70","광주전남","불합격","전라남도","75"
"2024","남","70","광주전남","합격","경상남도","2"
"2024","남","70","광주전남","합격","광주광역시","144"
"2024","남","70","광주전남","합격","전라남도","188"
"2024","남","70","광주전남","합격","전북특별자치도","3"
"2024","남","70","광주전남","합격","충청북도","2"
"2024","남","80","광주전남","결시","광주광역시","1"
"2024","남","80","광주전남","결시","전라남도","1"
"2024","남","80","광주전남","불합격","광주광역시","13"
"2024","남","80","광주전남","불합격","전라남도","24"
"2024","남","80","광주전남","합격","광주광역시","21"
"2024","남","80","광주전남","합격","전라남도","19"
"2024","남","90","광주전남","결시","광주광역시","1"
"2024","여","10","광주전남","결시","전라남도","1"
"2024","여","10","광주전남","불합격","전라남도","1"
"2024","여","10","광주전남","합격","전라남도","2"
"2024","여","20","광주전남","결시","광주광역시","9"
"2024","여","20","광주전남","결시","대구광역시","1"
"2024","여","20","광주전남","결시","전라남도","13"
"2024","여","20","광주전남","결시","전북특별자치도","1"
"2024","여","20","광주전남","불합격","경상남도","1"
"2024","여","20","광주전남","불합격","광주광역시","29"
"2024","여","20","광주전남","불합격","전라남도","36"
"2024","여","20","광주전남","불합격","전북특별자치도","1"
"2024","여","20","광주전남","합격","광주광역시","75"
"2024","여","20","광주전남","합격","울산광역시","2"
"2024","여","20","광주전남","합격","전라남도","131"
"2024","여","20","광주전남","합격","전북특별자치도","3"
"2024","여","30","광주전남","결시","광주광역시","23"
"2024","여","30","광주전남","결시","서울특별시","1"
"2024","여","30","광주전남","결시","수원","1"
"2024","여","30","광주전남","결시","울산광역시","1"
"2024","여","30","광주전남","결시","전라남도","55"
"2024","여","30","광주전남","결시","전북특별자치도","1"
"2024","여","30","광주전남","불합격","광주광역시","72"
"2024","여","30","광주전남","불합격","서울특별시","1"
"2024","여","30","광주전남","불합격","수원","4"
"2024","여","30","광주전남","불합격","인천광역시","1"
"2024","여","30","광주전남","불합격","전라남도","153"
"2024","여","30","광주전남","불합격","전북특별자치도","3"
"2024","여","30","광주전남","합격","경상남도","1"
"2024","여","30","광주전남","합격","경상북도","1"
"2024","여","30","광주전남","합격","광주광역시","336"
"2024","여","30","광주전남","합격","기타","1"
"2024","여","30","광주전남","합격","서울특별시","2"
"2024","여","30","광주전남","합격","수원","3"
"2024","여","30","광주전남","합격","울산광역시","2"
"2024","여","30","광주전남","합격","의정부","1"
"2024","여","30","광주전남","합격","인천광역시","2"
"2024","여","30","광주전남","합격","전라남도","608"
"2024","여","30","광주전남","합격","전북특별자치도","5"
"2024","여","40","광주전남","결시","경상남도","2"
"2024","여","40","광주전남","결시","광주광역시","90"
"2024","여","40","광주전남","결시","서울특별시","1"
"2024","여","40","광주전남","결시","전라남도","204"
"2024","여","40","광주전남","불합격","경상남도","3"
"2024","여","40","광주전남","불합격","광주광역시","207"
"2024","여","40","광주전남","불합격","서울특별시","2"
"2024","여","40","광주전남","불합격","수원","3"
"2024","여","40","광주전남","불합격","전라남도","329"
"2024","여","40","광주전남","불합격","전북특별자치도","3"
"2024","여","40","광주전남","응시결격","광주광역시","1"
"2024","여","40","광주전남","합격","경상남도","12"
"2024","여","40","광주전남","합격","광주광역시","1041"
"2024","여","40","광주전남","합격","서울특별시","6"
"2024","여","40","광주전남","합격","수원","4"
"2024","여","40","광주전남","합격","의정부","4"
"2024","여","40","광주전남","합격","전라남도","1740"
"2024","여","40","광주전남","합격","전북특별자치도","21"
"2024","여","40","광주전남","합격","충청남도","2"
"2024","여","50","광주전남","결시","경상남도","1"
"2024","여","50","광주전남","결시","광주광역시","132"
"2024","여","50","광주전남","결시","수원","1"
"2024","여","50","광주전남","결시","인천광역시","1"
"2024","여","50","광주전남","결시","전라남도","201"
"2024","여","50","광주전남","결시","전북특별자치도","1"
"2024","여","50","광주전남","불합격","경상남도","4"
"2024","여","50","광주전남","불합격","광주광역시","194"
"2024","여","50","광주전남","불합격","전라남도","316"
"2024","여","50","광주전남","불합격","전북특별자치도","1"
"2024","여","50","광주전남","불합격","제주특별자치도","1"
"2024","여","50","광주전남","응시결격","광주광역시","2"
"2024","여","50","광주전남","합격","경상남도","12"
"2024","여","50","광주전남","합격","경상북도","3"
"2024","여","50","광주전남","합격","광주광역시","1521"
"2024","여","50","광주전남","합격","서울특별시","6"
"2024","여","50","광주전남","합격","수원","4"
"2024","여","50","광주전남","합격","전라남도","2299"
"2024","여","50","광주전남","합격","전북특별자치도","15"
"2024","여","60","광주전남","결시","경상남도","2"
"2024","여","60","광주전남","결시","광주광역시","81"
"2024","여","60","광주전남","결시","서울특별시","1"
"2024","여","60","광주전남","결시","수원","1"
"2024","여","60","광주전남","결시","전라남도","166"
"2024","여","60","광주전남","불합격","경상남도","2"
"2024","여","60","광주전남","불합격","광주광역시","328"
"2024","여","60","광주전남","불합격","서울특별시","2"
"2024","여","60","광주전남","불합격","수원","1"
"2024","여","60","광주전남","불합격","의정부","1"
"2024","여","60","광주전남","불합격","전라남도","583"
"2024","여","60","광주전남","불합격","전북특별자치도","5"
"2024","여","60","광주전남","불합격","충청북도","3"
"2024","여","60","광주전남","합격","경상남도","8"
"2024","여","60","광주전남","합격","경상북도","1"
"2024","여","60","광주전남","합격","광주광역시","915"
"2024","여","60","광주전남","합격","서울특별시","1"
"2024","여","60","광주전남","합격","수원","2"
"2024","여","60","광주전남","합격","의정부","1"
"2024","여","60","광주전남","합격","전라남도","1541"
"2024","여","60","광주전남","합격","전북특별자치도","23"
"2024","여","60","광주전남","합격","충청북도","1"
"2024","여","70","광주전남","결시","광주광역시","18"
"2024","여","70","광주전남","결시","전라남도","31"
"2024","여","70","광주전남","불합격","광주광역시","93"
"2024","여","70","광주전남","불합격","울산광역시","1"
"2024","여","70","광주전남","불합격","전라남도","192"
"2024","여","70","광주전남","불합격","전북특별자치도","1"
"2024","여","70","광주전남","합격","경상남도","3"
"2024","여","70","광주전남","합격","광주광역시","198"
"2024","여","70","광주전남","합격","전라남도","244"
"2024","여","70","광주전남","합격","전북특별자치도","4"
"2024","여","80","광주전남","결시","광주광역시","1"
"2024","여","80","광주전남","결시","전라남도","2"
"2024","여","80","광주전남","불합격","광주광역시","3"
"2024","여","80","광주전남","불합격","전라남도","6"
"2024","여","80","광주전남","합격","광주광역시","6"
"2024","여","80","광주전남","합격","전라남도","8"
"2024","여","80","광주전남","합격","전북특별자치도","1"
"2024","남","10","대구경북","합격","대구광역시","1"
"2024","남","20","대구경북","결시","경상북도","3"
"2024","남","20","대구경북","결시","대구광역시","3"
"2024","남","20","대구경북","불합격","경상남도","3"
"2024","남","20","대구경북","불합격","경상북도","13"
"2024","남","20","대구경북","불합격","대구광역시","31"
"2024","남","20","대구경북","불합격","서울특별시","1"
"2024","남","20","대구경북","불합격","수원","1"
"2024","남","20","대구경북","불합격","울산광역시","1"
"2024","남","20","대구경북","합격","경상남도","3"
"2024","남","20","대구경북","합격","경상북도","24"
"2024","남","20","대구경북","합격","대구광역시","22"
"2024","남","20","대구경북","합격","의정부","1"
"2024","남","30","대구경북","결시","경상남도","4"
"2024","남","30","대구경북","결시","경상북도","5"
"2024","남","30","대구경북","결시","대구광역시","4"
"2024","남","30","대구경북","불합격","경상남도","2"
"2024","남","30","대구경북","불합격","경상북도","17"
"2024","남","30","대구경북","불합격","대구광역시","23"
"2024","남","30","대구경북","불합격","서울특별시","1"
"2024","남","30","대구경북","합격","경상남도","9"
"2024","남","30","대구경북","합격","경상북도","34"
"2024","남","30","대구경북","합격","대구광역시","44"
"2024","남","30","대구경북","합격","부산광역시","1"
"2024","남","30","대구경북","합격","수원","3"
"2024","남","30","대구경북","합격","울산광역시","1"
"2024","남","40","대구경북","결시","경상남도","2"
"2024","남","40","대구경북","결시","경상북도","4"
"2024","남","40","대구경북","결시","대구광역시","13"
"2024","남","40","대구경북","결시","부산광역시","1"
"2024","남","40","대구경북","결시","서울특별시","1"
"2024","남","40","대구경북","결시","울산광역시","1"
"2024","남","40","대구경북","불합격","경상남도","10"
"2024","남","40","대구경북","불합격","경상북도","19"
"2024","남","40","대구경북","불합격","대구광역시","13"
"2024","남","40","대구경북","불합격","서울특별시","1"
"2024","남","40","대구경북","합격","경상남도","13"
"2024","남","40","대구경북","합격","경상북도","67"
"2024","남","40","대구경북","합격","대구광역시","70"
"2024","남","40","대구경북","합격","부산광역시","1"
"2024","남","40","대구경북","합격","울산광역시","4"
"2024","남","50","대구경북","결시","경상남도","9"
"2024","남","50","대구경북","결시","경상북도","12"
"2024","남","50","대구경북","결시","대구광역시","5"
"2024","남","50","대구경북","불합격","경상남도","9"
"2024","남","50","대구경북","불합격","경상북도","22"
"2024","남","50","대구경북","불합격","대구광역시","25"
"2024","남","50","대구경북","불합격","울산광역시","1"
"2024","남","50","대구경북","합격","경상남도","38"
"2024","남","50","대구경북","합격","경상북도","181"
"2024","남","50","대구경북","합격","대구광역시","183"
"2024","남","50","대구경북","합격","부산광역시","1"
"2024","남","50","대구경북","합격","서울특별시","1"
"2024","남","50","대구경북","합격","수원","2"
"2024","남","50","대구경북","합격","울산광역시","7"
"2024","남","50","대구경북","합격","의정부","1"
"2024","남","50","대구경북","합격","전라남도","1"
"2024","남","50","대구경북","합격","충청남도","1"
"2024","남","60","대구경북","결시","경상남도","4"
"2024","남","60","대구경북","결시","경상북도","8"
"2024","남","60","대구경북","결시","대구광역시","9"
"2024","남","60","대구경북","불합격","경상남도","12"
"2024","남","60","대구경북","불합격","경상북도","62"
"2024","남","60","대구경북","불합격","대구광역시","26"
"2024","남","60","대구경북","불합격","서울특별시","3"
"2024","남","60","대구경북","불합격","울산광역시","2"
"2024","남","60","대구경북","불합격","전라남도","1"
"2024","남","60","대구경북","합격","강원특별자치도","2"
"2024","남","60","대구경북","합격","경상남도","54"
"2024","남","60","대구경북","합격","경상북도","445"
"2024","남","60","대구경북","합격","대구광역시","408"
"2024","남","60","대구경북","합격","부산광역시","1"
"2024","남","60","대구경북","합격","서울특별시","3"
"2024","남","60","대구경북","합격","수원","1"
"2024","남","60","대구경북","합격","울산광역시","22"
"2024","남","60","대구경북","합격","전라남도","2"
"2024","남","70","대구경북","결시","경상남도","3"
"2024","남","70","대구경북","결시","경상북도","4"
"2024","남","70","대구경북","결시","대구광역시","5"
"2024","남","70","대구경북","결시","서울특별시","1"
"2024","남","70","대구경북","불합격","경상남도","11"
"2024","남","70","대구경북","불합격","경상북도","47"
"2024","남","70","대구경북","불합격","대구광역시","21"
"2024","남","70","대구경북","합격","경상남도","25"
"2024","남","70","대구경북","합격","경상북도","128"
"2024","남","70","대구경북","합격","대구광역시","119"
"2024","남","70","대구경북","합격","서울특별시","1"
"2024","남","70","대구경북","합격","울산광역시","5"
"2024","남","80","대구경북","결시","경상남도","1"
"2024","남","80","대구경북","결시","경상북도","2"
"2024","남","80","대구경북","불합격","경상북도","26"
"2024","남","80","대구경북","불합격","대구광역시","9"
"2024","남","80","대구경북","불합격","울산광역시","1"
"2024","남","80","대구경북","합격","경상남도","1"
"2024","남","80","대구경북","합격","경상북도","16"
"2024","남","80","대구경북","합격","대구광역시","21"
"2024","남","80","대구경북","합격","울산광역시","1"
"2024","여","20","대구경북","결시","경상북도","3"
"2024","여","20","대구경북","결시","대구광역시","11"
"2024","여","20","대구경북","결시","수원","1"
"2024","여","20","대구경북","불합격","경상남도","6"
"2024","여","20","대구경북","불합격","경상북도","21"
"2024","여","20","대구경북","불합격","대구광역시","16"
"2024","여","20","대구경북","불합격","울산광역시","2"
"2024","여","20","대구경북","불합격","충청북도","1"
"2024","여","20","대구경북","합격","경상남도","10"
"2024","여","20","대구경북","합격","경상북도","73"
"2024","여","20","대구경북","합격","대구광역시","63"
"2024","여","20","대구경북","합격","부산광역시","1"
"2024","여","20","대구경북","합격","울산광역시","2"
"2024","여","20","대구경북","합격","전라남도","1"
"2024","여","30","대구경북","결시","경상남도","10"
"2024","여","30","대구경북","결시","경상북도","18"
"2024","여","30","대구경북","결시","기타","1"
"2024","여","30","대구경북","결시","대구광역시","11"
"2024","여","30","대구경북","결시","대전광역시","2"
"2024","여","30","대구경북","결시","울산광역시","1"
"2024","여","30","대구경북","불합격","강원특별자치도","1"
"2024","여","30","대구경북","불합격","경상남도","10"
"2024","여","30","대구경북","불합격","경상북도","54"
"2024","여","30","대구경북","불합격","대구광역시","42"
"2024","여","30","대구경북","불합격","대전광역시","1"
"2024","여","30","대구경북","불합격","서울특별시","2"
"2024","여","30","대구경북","불합격","울산광역시","1"
"2024","여","30","대구경북","합격","경상남도","59"
"2024","여","30","대구경북","합격","경상북도","238"
"2024","여","30","대구경북","합격","대구광역시","238"
"2024","여","30","대구경북","합격","대전광역시","2"
"2024","여","30","대구경북","합격","부산광역시","2"
"2024","여","30","대구경북","합격","서울특별시","2"
"2024","여","30","대구경북","합격","수원","3"
"2024","여","30","대구경북","합격","울산광역시","8"
"2024","여","30","대구경북","합격","의정부","1"
"2024","여","30","대구경북","합격","충청북도","1"
"2024","여","40","대구경북","결시","경상남도","22"
"2024","여","40","대구경북","결시","경상북도","47"
"2024","여","40","대구경북","결시","광주광역시","1"
"2024","여","40","대구경북","결시","대구광역시","25"
"2024","여","40","대구경북","결시","부산광역시","1"
"2024","여","40","대구경북","결시","서울특별시","1"
"2024","여","40","대구경북","결시","울산광역시","2"
"2024","여","40","대구경북","결시","전북특별자치도","1"
"2024","여","40","대구경북","결시","제주특별자치도","2"
"2024","여","40","대구경북","불합격","경상남도","28"
"2024","여","40","대구경북","불합격","경상북도","139"
"2024","여","40","대구경북","불합격","대구광역시","95"
"2024","여","40","대구경북","불합격","대전광역시","1"
"2024","여","40","대구경북","불합격","울산광역시","1"
"2024","여","40","대구경북","불합격","의정부","1"
"2024","여","40","대구경북","응시결격","경상북도","2"
"2024","여","40","대구경북","합격","강원특별자치도","2"
"2024","여","40","대구경북","합격","경상남도","182"
"2024","여","40","대구경북","합격","경상북도","1207"
"2024","여","40","대구경북","합격","대구광역시","1227"
"2024","여","40","대구경북","합격","대전광역시","2"
"2024","여","40","대구경북","합격","서울특별시","4"
"2024","여","40","대구경북","합격","수원","4"
"2024","여","40","대구경북","합격","울산광역시","39"
"2024","여","40","대구경북","합격","전라남도","7"
"2024","여","50","대구경북","결시","경상남도","44"
"2024","여","50","대구경북","결시","경상북도","72"
"2024","여","50","대구경북","결시","대구광역시","44"
"2024","여","50","대구경북","결시","부산광역시","1"
"2024","여","50","대구경북","결시","서울특별시","1"
"2024","여","50","대구경북","결시","수원","1"
"2024","여","50","대구경북","결시","울산광역시","2"
"2024","여","50","대구경북","결시","전라남도","3"
"2024","여","50","대구경북","불합격","경상남도","50"
"2024","여","50","대구경북","불합격","경상북도","146"
"2024","여","50","대구경북","불합격","대구광역시","190"
"2024","여","50","대구경북","불합격","부산광역시","1"
"2024","여","50","대구경북","불합격","서울특별시","1"
"2024","여","50","대구경북","불합격","수원","3"
"2024","여","50","대구경북","불합격","울산광역시","12"
"2024","여","50","대구경북","불합격","전라남도","2"
"2024","여","50","대구경북","불합격","제주특별자치도","1"
"2024","여","50","대구경북","합격","강원특별자치도","6"
"2024","여","50","대구경북","합격","경상남도","281"
"2024","여","50","대구경북","합격","경상북도","2316"
"2024","여","50","대구경북","합격","대구광역시","2741"
"2024","여","50","대구경북","합격","서울특별시","6"
"2024","여","50","대구경북","합격","수원","8"
"2024","여","50","대구경북","합격","울산광역시","70"
"2024","여","50","대구경북","합격","전라남도","7"
"2024","여","50","대구경북","합격","전북특별자치도","3"
"2024","여","50","대구경북","합격","충청북도","1"
"2024","여","60","대구경북","결시","경상남도","28"
"2024","여","60","대구경북","결시","경상북도","48"
"2024","여","60","대구경북","결시","대구광역시","35"
"2024","여","60","대구경북","결시","부산광역시","1"
"2024","여","60","대구경북","결시","수원","1"
"2024","여","60","대구경북","결시","울산광역시","2"
"2024","여","60","대구경북","결시","의정부","2"
"2024","여","60","대구경북","불합격","경상남도","122"
"2024","여","60","대구경북","불합격","경상북도","349"
"2024","여","60","대구경북","불합격","대구광역시","301"
"2024","여","60","대구경북","불합격","수원","1"
"2024","여","60","대구경북","불합격","울산광역시","17"
"2024","여","60","대구경북","불합격","전라남도","3"
"2024","여","60","대구경북","합격","경상남도","220"
"2024","여","60","대구경북","합격","경상북도","1789"
"2024","여","60","대구경북","합격","대구광역시","2106"
"2024","여","60","대구경북","합격","서울특별시","2"
"2024","여","60","대구경북","합격","수원","5"
"2024","여","60","대구경북","합격","울산광역시","62"
"2024","여","60","대구경북","합격","의정부","1"
"2024","여","60","대구경북","합격","전라남도","6"
"2024","여","70","대구경북","결시","경상남도","4"
"2024","여","70","대구경북","결시","경상북도","16"
"2024","여","70","대구경북","결시","대구광역시","9"
"2024","여","70","대구경북","결시","울산광역시","1"
"2024","여","70","대구경북","불합격","경상남도","43"
"2024","여","70","대구경북","불합격","경상북도","161"
"2024","여","70","대구경북","불합격","대구광역시","218"
"2024","여","70","대구경북","불합격","울산광역시","7"
"2024","여","70","대구경북","불합격","전라남도","1"
"2024","여","70","대구경북","불합격","충청남도","1"
"2024","여","70","대구경북","합격","경상남도","36"
"2024","여","70","대구경북","합격","경상북도","312"
"2024","여","70","대구경북","합격","대구광역시","370"
"2024","여","70","대구경북","합격","부산광역시","1"
"2024","여","70","대구경북","합격","서울특별시","2"
"2024","여","70","대구경북","합격","수원","1"
"2024","여","70","대구경북","합격","울산광역시","12"
"2024","여","70","대구경북","합격","충청남도","1"
"2024","여","80","대구경북","불합격","경상남도","1"
"2024","여","80","대구경북","불합격","경상북도","11"
"2024","여","80","대구경북","불합격","대구광역시","11"
"2024","여","80","대구경북","합격","경상북도","13"
"2024","여","80","대구경북","합격","대구광역시","12"
"2024","남","10","대전충청","합격","충청남도","1"
"2024","남","20","대전충청","결시","대전광역시","2"
"2024","남","20","대전충청","결시","충청북도","2"
"2024","남","20","대전충청","불합격","강원특별자치도","1"
"2024","남","20","대전충청","불합격","경상남도","1"
"2024","남","20","대전충청","불합격","대전광역시","25"
"2024","남","20","대전충청","불합격","세종특별자치시","13"
"2024","남","20","대전충청","불합격","수원","5"
"2024","남","20","대전충청","불합격","충청남도","10"
"2024","남","20","대전충청","불합격","충청북도","16"
"2024","남","20","대전충청","합격","경상북도","2"
"2024","남","20","대전충청","합격","대전광역시","19"
"2024","남","20","대전충청","합격","세종특별자치시","1"
"2024","남","20","대전충청","합격","수원","11"
"2024","남","20","대전충청","합격","충청남도","14"
"2024","남","20","대전충청","합격","충청북도","14"
"2024","남","30","대전충청","결시","대전광역시","3"
"2024","남","30","대전충청","결시","서울특별시","1"
"2024","남","30","대전충청","결시","충청남도","1"
"2024","남","30","대전충청","불합격","강원특별자치도","1"
"2024","남","30","대전충청","불합격","경상남도","1"
"2024","남","30","대전충청","불합격","광주광역시","1"
"2024","남","30","대전충청","불합격","대전광역시","11"
"2024","남","30","대전충청","불합격","수원","2"
"2024","남","30","대전충청","불합격","인천광역시","1"
"2024","남","30","대전충청","불합격","충청남도","17"
"2024","남","30","대전충청","불합격","충청북도","11"
"2024","남","30","대전충청","합격","강원특별자치도","1"
"2024","남","30","대전충청","합격","경상남도","1"
"2024","남","30","대전충청","합격","경상북도","2"
"2024","남","30","대전충청","합격","광주광역시","1"
"2024","남","30","대전충청","합격","대구광역시","1"
"2024","남","30","대전충청","합격","대전광역시","46"
"2024","남","30","대전충청","합격","서울특별시","2"
"2024","남","30","대전충청","합격","세종특별자치시","3"
"2024","남","30","대전충청","합격","수원","10"
"2024","남","30","대전충청","합격","의정부","1"
"2024","남","30","대전충청","합격","전북특별자치도","1"
"2024","남","30","대전충청","합격","충청남도","26"
"2024","남","30","대전충청","합격","충청북도","16"
"2024","남","40","대전충청","결시","대구광역시","1"
"2024","남","40","대전충청","결시","대전광역시","3"
"2024","남","40","대전충청","결시","세종특별자치시","2"
"2024","남","40","대전충청","결시","수원","1"
"2024","남","40","대전충청","결시","충청남도","5"
"2024","남","40","대전충청","결시","충청북도","3"
"2024","남","40","대전충청","불합격","경상북도","1"
"2024","남","40","대전충청","불합격","대전광역시","18"
"2024","남","40","대전충청","불합격","세종특별자치시","8"
"2024","남","40","대전충청","불합격","인천광역시","1"
"2024","남","40","대전충청","불합격","충청남도","12"
"2024","남","40","대전충청","불합격","충청북도","24"
"2024","남","40","대전충청","합격","경상남도","4"
"2024","남","40","대전충청","합격","경상북도","5"
"2024","남","40","대전충청","합격","대전광역시","53"
"2024","남","40","대전충청","합격","서울특별시","3"
"2024","남","40","대전충청","합격","세종특별자치시","11"
"2024","남","40","대전충청","합격","수원","10"
"2024","남","40","대전충청","합격","전라남도","3"
"2024","남","40","대전충청","합격","전북특별자치도","1"
"2024","남","40","대전충청","합격","충청남도","55"
"2024","남","40","대전충청","합격","충청북도","46"
"2024","남","50","대전충청","결시","경상남도","2"
"2024","남","50","대전충청","결시","대전광역시","5"
"2024","남","50","대전충청","결시","수원","1"
"2024","남","50","대전충청","결시","충청남도","20"
"2024","남","50","대전충청","결시","충청북도","10"
"2024","남","50","대전충청","불합격","경상남도","2"
"2024","남","50","대전충청","불합격","경상북도","3"
"2024","남","50","대전충청","불합격","대전광역시","27"
"2024","남","50","대전충청","불합격","서울특별시","1"
"2024","남","50","대전충청","불합격","세종특별자치시","3"
"2024","남","50","대전충청","불합격","수원","5"
"2024","남","50","대전충청","불합격","의정부","1"
"2024","남","50","대전충청","불합격","전라남도","1"
"2024","남","50","대전충청","불합격","충청남도","25"
"2024","남","50","대전충청","불합격","충청북도","12"
"2024","남","50","대전충청","합격","강원특별자치도","1"
"2024","남","50","대전충청","합격","경상남도","9"
"2024","남","50","대전충청","합격","경상북도","9"
"2024","남","50","대전충청","합격","광주광역시","1"
"2024","남","50","대전충청","합격","대구광역시","2"
"2024","남","50","대전충청","합격","대전광역시","171"
"2024","남","50","대전충청","합격","서울특별시","5"
"2024","남","50","대전충청","합격","세종특별자치시","25"
"2024","남","50","대전충청","합격","수원","30"
"2024","남","50","대전충청","합격","의정부","1"
"2024","남","50","대전충청","합격","충청남도","163"
"2024","남","50","대전충청","합격","충청북도","112"
"2024","남","60","대전충청","결시","강원특별자치도","1"
"2024","남","60","대전충청","결시","경상남도","1"
"2024","남","60","대전충청","결시","대전광역시","14"
"2024","남","60","대전충청","결시","서울특별시","6"
"2024","남","60","대전충청","결시","수원","1"
"2024","남","60","대전충청","결시","의정부","1"
"2024","남","60","대전충청","결시","충청남도","18"
"2024","남","60","대전충청","결시","충청북도","4"
"2024","남","60","대전충청","불합격","경상남도","5"
"2024","남","60","대전충청","불합격","경상북도","1"
"2024","남","60","대전충청","불합격","대전광역시","47"
"2024","남","60","대전충청","불합격","서울특별시","3"
"2024","남","60","대전충청","불합격","세종특별자치시","2"
"2024","남","60","대전충청","불합격","수원","1"
"2024","남","60","대전충청","불합격","전라남도","1"
"2024","남","60","대전충청","불합격","충청남도","59"
"2024","남","60","대전충청","불합격","충청북도","31"
"2024","남","60","대전충청","합격","강원특별자치도","1"
"2024","남","60","대전충청","합격","경상남도","28"
"2024","남","60","대전충청","합격","경상북도","19"
"2024","남","60","대전충청","합격","대구광역시","1"
"2024","남","60","대전충청","합격","대전광역시","386"
"2024","남","60","대전충청","합격","서울특별시","7"
"2024","남","60","대전충청","합격","세종특별자치시","70"
"2024","남","60","대전충청","합격","수원","40"
"2024","남","60","대전충청","합격","인천광역시","4"
"2024","남","60","대전충청","합격","전라남도","3"
"2024","남","60","대전충청","합격","전북특별자치도","1"
"2024","남","60","대전충청","합격","충청남도","388"
"2024","남","60","대전충청","합격","충청북도","225"
"2024","남","70","대전충청","결시","대전광역시","12"
"2024","남","70","대전충청","결시","세종특별자치시","1"
"2024","남","70","대전충청","결시","충청남도","10"
"2024","남","70","대전충청","결시","충청북도","2"
"2024","남","70","대전충청","불합격","경상북도","1"
"2024","남","70","대전충청","불합격","대전광역시","25"
"2024","남","70","대전충청","불합격","서울특별시","1"
"2024","남","70","대전충청","불합격","세종특별자치시","4"
"2024","남","70","대전충청","불합격","수원","2"
"2024","남","70","대전충청","불합격","충청남도","60"
"2024","남","70","대전충청","불합격","충청북도","30"
"2024","남","70","대전충청","합격","경상남도","3"
"2024","남","70","대전충청","합격","경상북도","4"
"2024","남","70","대전충청","합격","대전광역시","174"
"2024","남","70","대전충청","합격","세종특별자치시","26"
"2024","남","70","대전충청","합격","수원","5"
"2024","남","70","대전충청","합격","충청남도","142"
"2024","남","70","대전충청","합격","충청북도","79"
"2024","남","80","대전충청","결시","대전광역시","4"
"2024","남","80","대전충청","결시","충청남도","2"
"2024","남","80","대전충청","불합격","대전광역시","15"
"2024","남","80","대전충청","불합격","세종특별자치시","3"
"2024","남","80","대전충청","불합격","수원","3"
"2024","남","80","대전충청","불합격","충청남도","34"
"2024","남","80","대전충청","불합격","충청북도","3"
"2024","남","80","대전충청","합격","경상북도","1"
"2024","남","80","대전충청","합격","대전광역시","25"
"2024","남","80","대전충청","합격","세종특별자치시","2"
"2024","남","80","대전충청","합격","수원","3"
"2024","남","80","대전충청","합격","충청남도","17"
"2024","남","80","대전충청","합격","충청북도","4"
"2024","남","90","대전충청","불합격","충청남도","2"
"2024","여","10","대전충청","불합격","대전광역시","4"
"2024","여","10","대전충청","합격","대전광역시","10"
"2024","여","20","대전충청","결시","대전광역시","6"
"2024","여","20","대전충청","결시","세종특별자치시","1"
"2024","여","20","대전충청","결시","수원","3"
"2024","여","20","대전충청","결시","충청남도","5"
"2024","여","20","대전충청","결시","충청북도","3"
"2024","여","20","대전충청","불합격","경상남도","1"
"2024","여","20","대전충청","불합격","경상북도","1"
"2024","여","20","대전충청","불합격","대전광역시","16"
"2024","여","20","대전충청","불합격","세종특별자치시","2"
"2024","여","20","대전충청","불합격","수원","4"
"2024","여","20","대전충청","불합격","전북특별자치도","2"
"2024","여","20","대전충청","불합격","충청남도","23"
"2024","여","20","대전충청","불합격","충청북도","13"
"2024","여","20","대전충청","합격","경상남도","1"
"2024","여","20","대전충청","합격","경상북도","1"
"2024","여","20","대전충청","합격","대구광역시","1"
"2024","여","20","대전충청","합격","대전광역시","66"
"2024","여","20","대전충청","합격","서울특별시","2"
"2024","여","20","대전충청","합격","세종특별자치시","6"
"2024","여","20","대전충청","합격","수원","8"
"2024","여","20","대전충청","합격","전라남도","3"
"2024","여","20","대전충청","합격","전북특별자치도","1"
"2024","여","20","대전충청","합격","충청남도","62"
"2024","여","20","대전충청","합격","충청북도","32"
"2024","여","30","대전충청","결시","광주광역시","1"
"2024","여","30","대전충청","결시","대전광역시","16"
"2024","여","30","대전충청","결시","수원","5"
"2024","여","30","대전충청","결시","충청남도","18"
"2024","여","30","대전충청","결시","충청북도","8"
"2024","여","30","대전충청","불합격","경상남도","3"
"2024","여","30","대전충청","불합격","경상북도","2"
"2024","여","30","대전충청","불합격","대전광역시","73"
"2024","여","30","대전충청","불합격","서울특별시","1"
"2024","여","30","대전충청","불합격","세종특별자치시","2"
"2024","여","30","대전충청","불합격","수원","9"
"2024","여","30","대전충청","불합격","충청남도","39"
"2024","여","30","대전충청","불합격","충청북도","38"
"2024","여","30","대전충청","합격","경상남도","8"
"2024","여","30","대전충청","합격","경상북도","11"
"2024","여","30","대전충청","합격","대구광역시","3"
"2024","여","30","대전충청","합격","대전광역시","208"
"2024","여","30","대전충청","합격","서울특별시","10"
"2024","여","30","대전충청","합격","세종특별자치시","36"
"2024","여","30","대전충청","합격","수원","39"
"2024","여","30","대전충청","합격","울산광역시","1"
"2024","여","30","대전충청","합격","전라남도","4"
"2024","여","30","대전충청","합격","충청남도","205"
"2024","여","30","대전충청","합격","충청북도","125"
"2024","여","40","대전충청","결시","경상남도","1"
"2024","여","40","대전충청","결시","경상북도","2"
"2024","여","40","대전충청","결시","광주광역시","2"
"2024","여","40","대전충청","결시","대전광역시","30"
"2024","여","40","대전충청","결시","서울특별시","3"
"2024","여","40","대전충청","결시","세종특별자치시","4"
"2024","여","40","대전충청","결시","수원","8"
"2024","여","40","대전충청","결시","의정부","1"
"2024","여","40","대전충청","결시","전라남도","3"
"2024","여","40","대전충청","결시","충청남도","53"
"2024","여","40","대전충청","결시","충청북도","21"
"2024","여","40","대전충청","불합격","경상남도","4"
"2024","여","40","대전충청","불합격","경상북도","7"
"2024","여","40","대전충청","불합격","대전광역시","111"
"2024","여","40","대전충청","불합격","서울특별시","3"
"2024","여","40","대전충청","불합격","세종특별자치시","6"
"2024","여","40","대전충청","불합격","수원","13"
"2024","여","40","대전충청","불합격","인천광역시","1"
"2024","여","40","대전충청","불합격","전라남도","1"
"2024","여","40","대전충청","불합격","전북특별자치도","1"
"2024","여","40","대전충청","불합격","충청남도","105"
"2024","여","40","대전충청","불합격","충청북도","64"
"2024","여","40","대전충청","합격","강원특별자치도","7"
"2024","여","40","대전충청","합격","경상남도","39"
"2024","여","40","대전충청","합격","경상북도","57"
"2024","여","40","대전충청","합격","대구광역시","3"
"2024","여","40","대전충청","합격","대전광역시","735"
"2024","여","40","대전충청","합격","부산광역시","2"
"2024","여","40","대전충청","합격","서울특별시","15"
"2024","여","40","대전충청","합격","세종특별자치시","173"
"2024","여","40","대전충청","합격","수원","114"
"2024","여","40","대전충청","합격","의정부","3"
"2024","여","40","대전충청","합격","인천광역시","2"
"2024","여","40","대전충청","합격","전라남도","22"
"2024","여","40","대전충청","합격","전북특별자치도","2"
"2024","여","40","대전충청","합격","충청남도","940"
"2024","여","40","대전충청","합격","충청북도","547"
"2024","여","50","대전충청","결시","경상북도","4"
"2024","여","50","대전충청","결시","광주광역시","2"
"2024","여","50","대전충청","결시","대전광역시","59"
"2024","여","50","대전충청","결시","서울특별시","2"
"2024","여","50","대전충청","결시","세종특별자치시","4"
"2024","여","50","대전충청","결시","수원","11"
"2024","여","50","대전충청","결시","전라남도","1"
"2024","여","50","대전충청","결시","전북특별자치도","1"
"2024","여","50","대전충청","결시","충청남도","66"
"2024","여","50","대전충청","결시","충청북도","38"
"2024","여","50","대전충청","불합격","강원특별자치도","1"
"2024","여","50","대전충청","불합격","경상남도","7"
"2024","여","50","대전충청","불합격","경상북도","12"
"2024","여","50","대전충청","불합격","대전광역시","119"
"2024","여","50","대전충청","불합격","서울특별시","4"
"2024","여","50","대전충청","불합격","세종특별자치시","13"
"2024","여","50","대전충청","불합격","수원","7"
"2024","여","50","대전충청","불합격","충청남도","107"
"2024","여","50","대전충청","불합격","충청북도","85"
"2024","여","50","대전충청","응시결격","수원","1"
"2024","여","50","대전충청","합격","강원특별자치도","5"
"2024","여","50","대전충청","합격","경상남도","41"
"2024","여","50","대전충청","합격","경상북도","109"
"2024","여","50","대전충청","합격","광주광역시","2"
"2024","여","50","대전충청","합격","대구광역시","6"
"2024","여","50","대전충청","합격","대전광역시","1436"
"2024","여","50","대전충청","합격","부산광역시","1"
"2024","여","50","대전충청","합격","서울특별시","30"
"2024","여","50","대전충청","합격","세종특별자치시","248"
"2024","여","50","대전충청","합격","수원","227"
"2024","여","50","대전충청","합격","의정부","8"
"2024","여","50","대전충청","합격","인천광역시","2"
"2024","여","50","대전충청","합격","전라남도","7"
"2024","여","50","대전충청","합격","전북특별자치도","1"
"2024","여","50","대전충청","합격","충청남도","1558"
"2024","여","50","대전충청","합격","충청북도","1041"
"2024","여","60","대전충청","결시","경상남도","1"
"2024","여","60","대전충청","결시","경상북도","3"
"2024","여","60","대전충청","결시","대전광역시","57"
"2024","여","60","대전충청","결시","서울특별시","2"
"2024","여","60","대전충청","결시","세종특별자치시","5"
"2024","여","60","대전충청","결시","수원","2"
"2024","여","60","대전충청","결시","인천광역시","1"
"2024","여","60","대전충청","결시","전라남도","1"
"2024","여","60","대전충청","결시","충청남도","50"
"2024","여","60","대전충청","결시","충청북도","35"
"2024","여","60","대전충청","불합격","경상남도","15"
"2024","여","60","대전충청","불합격","경상북도","9"
"2024","여","60","대전충청","불합격","기타","1"
"2024","여","60","대전충청","불합격","대전광역시","235"
"2024","여","60","대전충청","불합격","서울특별시","10"
"2024","여","60","대전충청","불합격","세종특별자치시","34"
"2024","여","60","대전충청","불합격","수원","32"
"2024","여","60","대전충청","불합격","의정부","1"
"2024","여","60","대전충청","불합격","전북특별자치도","1"
"2024","여","60","대전충청","불합격","충청남도","289"
"2024","여","60","대전충청","불합격","충청북도","209"
"2024","여","60","대전충청","합격","강원특별자치도","1"
"2024","여","60","대전충청","합격","경상남도","23"
"2024","여","60","대전충청","합격","경상북도","65"
"2024","여","60","대전충청","합격","대구광역시","2"
"2024","여","60","대전충청","합격","대전광역시","1090"
"2024","여","60","대전충청","합격","서울특별시","15"
"2024","여","60","대전충청","합격","세종특별자치시","180"
"2024","여","60","대전충청","합격","수원","174"
"2024","여","60","대전충청","합격","울산광역시","1"
"2024","여","60","대전충청","합격","의정부","3"
"2024","여","60","대전충청","합격","인천광역시","2"
"2024","여","60","대전충청","합격","전라남도","5"
"2024","여","60","대전충청","합격","전북특별자치도","1"
"2024","여","60","대전충청","합격","충청남도","1237"
"2024","여","60","대전충청","합격","충청북도","928"
"2024","여","70","대전충청","결시","경상북도","1"
"2024","여","70","대전충청","결시","대전광역시","12"
"2024","여","70","대전충청","결시","세종특별자치시","1"
"2024","여","70","대전충청","결시","수원","1"
"2024","여","70","대전충청","결시","충청남도","15"
"2024","여","70","대전충청","결시","충청북도","10"
"2024","여","70","대전충청","불합격","경상북도","7"
"2024","여","70","대전충청","불합격","대전광역시","123"
"2024","여","70","대전충청","불합격","세종특별자치시","18"
"2024","여","70","대전충청","불합격","수원","18"
"2024","여","70","대전충청","불합격","충청남도","129"
"2024","여","70","대전충청","불합격","충청북도","57"
"2024","여","70","대전충청","합격","경상남도","4"
"2024","여","70","대전충청","합격","경상북도","8"
"2024","여","70","대전충청","합격","대구광역시","1"
"2024","여","70","대전충청","합격","대전광역시","234"
"2024","여","70","대전충청","합격","서울특별시","5"
"2024","여","70","대전충청","합격","세종특별자치시","31"
"2024","여","70","대전충청","합격","수원","23"
"2024","여","70","대전충청","합격","울산광역시","1"
"2024","여","70","대전충청","합격","인천광역시","1"
"2024","여","70","대전충청","합격","충청남도","235"
"2024","여","70","대전충청","합격","충청북도","144"
"2024","여","80","대전충청","결시","대전광역시","1"
"2024","여","80","대전충청","결시","세종특별자치시","1"
"2024","여","80","대전충청","결시","충청남도","1"
"2024","여","80","대전충청","불합격","대전광역시","10"
"2024","여","80","대전충청","불합격","세종특별자치시","2"
"2024","여","80","대전충청","불합격","충청남도","13"
"2024","여","80","대전충청","불합격","충청북도","6"
"2024","여","80","대전충청","합격","대전광역시","12"
"2024","여","80","대전충청","합격","세종특별자치시","1"
"2024","여","80","대전충청","합격","의정부","1"
"2024","여","80","대전충청","합격","전라남도","1"
"2024","여","80","대전충청","합격","충청남도","10"
"2024","여","80","대전충청","합격","충청북도","5"
"2024","남","20","부산경남","결시","경상남도","8"
"2024","남","20","부산경남","결시","경상북도","1"
"2024","남","20","부산경남","결시","부산광역시","1"
"2024","남","20","부산경남","결시","서울특별시","2"
"2024","남","20","부산경남","결시","울산광역시","1"
"2024","남","20","부산경남","결시","전라남도","1"
"2024","남","20","부산경남","불합격","경상남도","51"
"2024","남","20","부산경남","불합격","부산광역시","12"
"2024","남","20","부산경남","불합격","울산광역시","5"
"2024","남","20","부산경남","합격","경상남도","58"
"2024","남","20","부산경남","합격","경상북도","1"
"2024","남","20","부산경남","합격","부산광역시","36"
"2024","남","20","부산경남","합격","울산광역시","11"
"2024","남","20","부산경남","합격","전라남도","1"
"2024","남","30","부산경남","결시","경상남도","6"
"2024","남","30","부산경남","결시","경상북도","1"
"2024","남","30","부산경남","결시","부산광역시","2"
"2024","남","30","부산경남","결시","서울특별시","2"
"2024","남","30","부산경남","결시","울산광역시","1"
"2024","남","30","부산경남","불합격","경상남도","51"
"2024","남","30","부산경남","불합격","부산광역시","30"
"2024","남","30","부산경남","불합격","울산광역시","7"
"2024","남","30","부산경남","합격","경상남도","97"
"2024","남","30","부산경남","합격","경상북도","1"
"2024","남","30","부산경남","합격","부산광역시","60"
"2024","남","30","부산경남","합격","울산광역시","19"
"2024","남","30","부산경남","합격","의정부","1"
"2024","남","30","부산경남","합격","전라남도","1"
"2024","남","40","부산경남","결시","경상남도","29"
"2024","남","40","부산경남","결시","부산광역시","9"
"2024","남","40","부산경남","결시","서울특별시","1"
"2024","남","40","부산경남","결시","울산광역시","2"
"2024","남","40","부산경남","결시","전라남도","3"
"2024","남","40","부산경남","불합격","경상남도","66"
"2024","남","40","부산경남","불합격","부산광역시","17"
"2024","남","40","부산경남","불합격","울산광역시","5"
"2024","남","40","부산경남","합격","강원특별자치도","1"
"2024","남","40","부산경남","합격","경상남도","221"
"2024","남","40","부산경남","합격","경상북도","2"
"2024","남","40","부산경남","합격","부산광역시","131"
"2024","남","40","부산경남","합격","울산광역시","26"
"2024","남","40","부산경남","합격","전라남도","3"
"2024","남","50","부산경남","결시","경상남도","48"
"2024","남","50","부산경남","결시","부산광역시","10"
"2024","남","50","부산경남","결시","울산광역시","1"
"2024","남","50","부산경남","결시","전라남도","3"
"2024","남","50","부산경남","결시","충청북도","1"
"2024","남","50","부산경남","불합격","경상남도","95"
"2024","남","50","부산경남","불합격","경상북도","1"
"2024","남","50","부산경남","불합격","대구광역시","1"
"2024","남","50","부산경남","불합격","부산광역시","33"
"2024","남","50","부산경남","불합격","울산광역시","2"
"2024","남","50","부산경남","불합격","의정부","2"
"2024","남","50","부산경남","합격","경상남도","513"
"2024","남","50","부산경남","합격","경상북도","2"
"2024","남","50","부산경남","합격","광주광역시","2"
"2024","남","50","부산경남","합격","대구광역시","2"
"2024","남","50","부산경남","합격","부산광역시","295"
"2024","남","50","부산경남","합격","서울특별시","4"
"2024","남","50","부산경남","합격","수원","1"
"2024","남","50","부산경남","합격","울산광역시","49"
"2024","남","50","부산경남","합격","전라남도","7"
"2024","남","60","부산경남","결시","경상남도","47"
"2024","남","60","부산경남","결시","부산광역시","15"
"2024","남","60","부산경남","결시","서울특별시","6"
"2024","남","60","부산경남","결시","울산광역시","5"
"2024","남","60","부산경남","불합격","경상남도","140"
"2024","남","60","부산경남","불합격","부산광역시","49"
"2024","남","60","부산경남","불합격","울산광역시","18"
"2024","남","60","부산경남","합격","경상남도","938"
"2024","남","60","부산경남","합격","경상북도","6"
"2024","남","60","부산경남","합격","대구광역시","1"
"2024","남","60","부산경남","합격","부산광역시","596"
"2024","남","60","부산경남","합격","서울특별시","2"
"2024","남","60","부산경남","합격","수원","3"
"2024","남","60","부산경남","합격","울산광역시","218"
"2024","남","60","부산경남","합격","전라남도","6"
"2024","남","70","부산경남","결시","경상남도","22"
"2024","남","70","부산경남","결시","부산광역시","7"
"2024","남","70","부산경남","불합격","경상남도","119"
"2024","남","70","부산경남","불합격","부산광역시","90"
"2024","남","70","부산경남","불합격","울산광역시","31"
"2024","남","70","부산경남","합격","경상남도","358"
"2024","남","70","부산경남","합격","경상북도","3"
"2024","남","70","부산경남","합격","부산광역시","279"
"2024","남","70","부산경남","합격","울산광역시","75"
"2024","남","70","부산경남","합격","전라남도","1"
"2024","남","80","부산경남","결시","경상남도","5"
"2024","남","80","부산경남","결시","부산광역시","1"
"2024","남","80","부산경남","불합격","경상남도","25"
"2024","남","80","부산경남","불합격","부산광역시","31"
"2024","남","80","부산경남","불합격","울산광역시","3"
"2024","남","80","부산경남","합격","경상남도","31"
"2024","남","80","부산경남","합격","부산광역시","40"
"2024","남","80","부산경남","합격","울산광역시","4"
"2024","여","20","부산경남","결시","경상남도","20"
"2024","여","20","부산경남","결시","부산광역시","4"
"2024","여","20","부산경남","결시","전라남도","2"
"2024","여","20","부산경남","불합격","경상남도","64"
"2024","여","20","부산경남","불합격","부산광역시","14"
"2024","여","20","부산경남","불합격","울산광역시","4"
"2024","여","20","부산경남","불합격","전라남도","1"
"2024","여","20","부산경남","합격","강원특별자치도","1"
"2024","여","20","부산경남","합격","경상남도","141"
"2024","여","20","부산경남","합격","경상북도","1"
"2024","여","20","부산경남","합격","부산광역시","108"
"2024","여","20","부산경남","합격","울산광역시","53"
"2024","여","30","부산경남","결시","경상남도","57"
"2024","여","30","부산경남","결시","부산광역시","14"
"2024","여","30","부산경남","결시","서울특별시","1"
"2024","여","30","부산경남","결시","울산광역시","11"
"2024","여","30","부산경남","불합격","경상남도","114"
"2024","여","30","부산경남","불합격","경상북도","2"
"2024","여","30","부산경남","불합격","부산광역시","43"
"2024","여","30","부산경남","불합격","서울특별시","1"
"2024","여","30","부산경남","불합격","울산광역시","11"
"2024","여","30","부산경남","불합격","전라남도","1"
"2024","여","30","부산경남","합격","경상남도","735"
"2024","여","30","부산경남","합격","경상북도","8"
"2024","여","30","부산경남","합격","대전광역시","3"
"2024","여","30","부산경남","합격","부산광역시","343"
"2024","여","30","부산경남","합격","서울특별시","1"
"2024","여","30","부산경남","합격","수원","2"
"2024","여","30","부산경남","합격","울산광역시","146"
"2024","여","30","부산경남","합격","인천광역시","1"
"2024","여","30","부산경남","합격","전라남도","3"
"2024","여","30","부산경남","합격","충청남도","1"
"2024","여","30","부산경남","합격","충청북도","1"
"2024","여","40","부산경남","결시","경상남도","197"
"2024","여","40","부산경남","결시","경상북도","2"
"2024","여","40","부산경남","결시","부산광역시","53"
"2024","여","40","부산경남","결시","서울특별시","1"
"2024","여","40","부산경남","결시","울산광역시","24"
"2024","여","40","부산경남","결시","의정부","2"
"2024","여","40","부산경남","결시","전라남도","5"
"2024","여","40","부산경남","결시","충청남도","2"
"2024","여","40","부산경남","불합격","경상남도","276"
"2024","여","40","부산경남","불합격","경상북도","1"
"2024","여","40","부산경남","불합격","부산광역시","81"
"2024","여","40","부산경남","불합격","서울특별시","2"
"2024","여","40","부산경남","불합격","울산광역시","23"
"2024","여","40","부산경남","불합격","의정부","4"
"2024","여","40","부산경남","불합격","전라남도","5"
"2024","여","40","부산경남","불합격","충청남도","1"
"2024","여","40","부산경남","응시결격","경상남도","3"
"2024","여","40","부산경남","합격","강원특별자치도","2"
"2024","여","40","부산경남","합격","경상남도","2868"
"2024","여","40","부산경남","합격","경상북도","24"
"2024","여","40","부산경남","합격","대구광역시","2"
"2024","여","40","부산경남","합격","부산광역시","1566"
"2024","여","40","부산경남","합격","서울특별시","3"
"2024","여","40","부산경남","합격","울산광역시","551"
"2024","여","40","부산경남","합격","의정부","4"
"2024","여","40","부산경남","합격","전라남도","15"
"2024","여","40","부산경남","합격","충청남도","2"
"2024","여","40","부산경남","합격","충청북도","1"
"2024","여","50","부산경남","결시","경상남도","313"
"2024","여","50","부산경남","결시","광주광역시","1"
"2024","여","50","부산경남","결시","부산광역시","36"
"2024","여","50","부산경남","결시","서울특별시","6"
"2024","여","50","부산경남","결시","수원","1"
"2024","여","50","부산경남","결시","울산광역시","17"
"2024","여","50","부산경남","결시","전라남도","4"
"2024","여","50","부산경남","불합격","경상남도","546"
"2024","여","50","부산경남","불합격","광주광역시","3"
"2024","여","50","부산경남","불합격","부산광역시","185"
"2024","여","50","부산경남","불합격","서울특별시","3"
"2024","여","50","부산경남","불합격","수원","3"
"2024","여","50","부산경남","불합격","울산광역시","36"
"2024","여","50","부산경남","불합격","전라남도","9"
"2024","여","50","부산경남","불합격","전북특별자치도","1"
"2024","여","50","부산경남","응시결격","경상남도","1"
"2024","여","50","부산경남","합격","경상남도","4675"
"2024","여","50","부산경남","합격","경상북도","40"
"2024","여","50","부산경남","합격","광주광역시","4"
"2024","여","50","부산경남","합격","대전광역시","1"
"2024","여","50","부산경남","합격","부산광역시","3037"
"2024","여","50","부산경남","합격","서울특별시","18"
"2024","여","50","부산경남","합격","수원","9"
"2024","여","50","부산경남","합격","울산광역시","933"
"2024","여","50","부산경남","합격","인천광역시","2"
"2024","여","50","부산경남","합격","전라남도","39"
"2024","여","50","부산경남","합격","충청북도","1"
"2024","여","60","부산경남","결시","경상남도","207"
"2024","여","60","부산경남","결시","부산광역시","60"
"2024","여","60","부산경남","결시","서울특별시","6"
"2024","여","60","부산경남","결시","수원","1"
"2024","여","60","부산경남","결시","울산광역시","20"
"2024","여","60","부산경남","결시","의정부","2"
"2024","여","60","부산경남","결시","전라남도","1"
"2024","여","60","부산경남","불합격","경상남도","749"
"2024","여","60","부산경남","불합격","경상북도","18"
"2024","여","60","부산경남","불합격","부산광역시","568"
"2024","여","60","부산경남","불합격","서울특별시","1"
"2024","여","60","부산경남","불합격","수원","1"
"2024","여","60","부산경남","불합격","울산광역시","142"
"2024","여","60","부산경남","불합격","의정부","1"
"2024","여","60","부산경남","불합격","전라남도","5"
"2024","여","60","부산경남","합격","경상남도","3276"
"2024","여","60","부산경남","합격","경상북도","40"
"2024","여","60","부산경남","합격","광주광역시","2"
"2024","여","60","부산경남","합격","부산광역시","2786"
"2024","여","60","부산경남","합격","서울특별시","7"
"2024","여","60","부산경남","합격","수원","5"
"2024","여","60","부산경남","합격","울산광역시","691"
"2024","여","60","부산경남","합격","의정부","1"
"2024","여","60","부산경남","합격","인천광역시","1"
"2024","여","60","부산경남","합격","전라남도","17"
"2024","여","60","부산경남","합격","전북특별자치도","1"
"2024","여","60","부산경남","합격","충청남도","1"
"2024","여","70","부산경남","결시","경상남도","32"
"2024","여","70","부산경남","결시","대구광역시","1"
"2024","여","70","부산경남","결시","부산광역시","15"
"2024","여","70","부산경남","결시","서울특별시","1"
"2024","여","70","부산경남","결시","울산광역시","1"
"2024","여","70","부산경남","불합격","경상남도","246"
"2024","여","70","부산경남","불합격","경상북도","13"
"2024","여","70","부산경남","불합격","부산광역시","314"
"2024","여","70","부산경남","불합격","울산광역시","47"
"2024","여","70","부산경남","합격","경상남도","544"
"2024","여","70","부산경남","합격","경상북도","9"
"2024","여","70","부산경남","합격","부산광역시","610"
"2024","여","70","부산경남","합격","울산광역시","114"
"2024","여","70","부산경남","합격","전라남도","1"
"2024","여","80","부산경남","결시","경상남도","2"
"2024","여","80","부산경남","불합격","경상남도","18"
"2024","여","80","부산경남","불합격","부산광역시","16"
"2024","여","80","부산경남","합격","경상남도","13"
"2024","여","80","부산경남","합격","경상북도","1"
"2024","여","80","부산경남","합격","부산광역시","25"
"2024","여","80","부산경남","합격","울산광역시","1"
"2024","남","10","서울구로","합격","의정부","1"
"2024","남","20","서울구로","결시","서울특별시","11"
"2024","남","20","서울구로","결시","수원","11"
"2024","남","20","서울구로","결시","의정부","4"
"2024","남","20","서울구로","결시","인천광역시","2"
"2024","남","20","서울구로","결시","전라남도","1"
"2024","남","20","서울구로","결시","충청남도","1"
"2024","남","20","서울구로","불합격","서울특별시","54"
"2024","남","20","서울구로","불합격","수원","38"
"2024","남","20","서울구로","불합격","의정부","12"
"2024","남","20","서울구로","불합격","인천광역시","18"
"2024","남","20","서울구로","불합격","전라남도","3"
"2024","남","20","서울구로","응시결격","인천광역시","1"
"2024","남","20","서울구로","합격","서울특별시","62"
"2024","남","20","서울구로","합격","수원","33"
"2024","남","20","서울구로","합격","의정부","33"
"2024","남","20","서울구로","합격","인천광역시","22"
"2024","남","20","서울구로","합격","충청남도","1"
"2024","남","30","서울구로","결시","강원특별자치도","1"
"2024","남","30","서울구로","결시","서울특별시","8"
"2024","남","30","서울구로","결시","수원","6"
"2024","남","30","서울구로","결시","의정부","4"
"2024","남","30","서울구로","결시","인천광역시","5"
"2024","남","30","서울구로","결시","전라남도","2"
"2024","남","30","서울구로","불합격","광주광역시","1"
"2024","남","30","서울구로","불합격","서울특별시","46"
"2024","남","30","서울구로","불합격","수원","26"
"2024","남","30","서울구로","불합격","의정부","17"
"2024","남","30","서울구로","불합격","인천광역시","12"
"2024","남","30","서울구로","불합격","전라남도","1"
"2024","남","30","서울구로","합격","경상남도","5"
"2024","남","30","서울구로","합격","서울특별시","145"
"2024","남","30","서울구로","합격","수원","62"
"2024","남","30","서울구로","합격","의정부","33"
"2024","남","30","서울구로","합격","인천광역시","37"
"2024","남","30","서울구로","합격","전라남도","2"
"2024","남","30","서울구로","합격","충청남도","1"
"2024","남","40","서울구로","결시","경상북도","1"
"2024","남","40","서울구로","결시","서울특별시","18"
"2024","남","40","서울구로","결시","수원","10"
"2024","남","40","서울구로","결시","의정부","5"
"2024","남","40","서울구로","결시","인천광역시","8"
"2024","남","40","서울구로","결시","충청남도","2"
"2024","남","40","서울구로","불합격","부산광역시","1"
"2024","남","40","서울구로","불합격","서울특별시","61"
"2024","남","40","서울구로","불합격","수원","23"
"2024","남","40","서울구로","불합격","의정부","12"
"2024","남","40","서울구로","불합격","인천광역시","20"
"2024","남","40","서울구로","불합격","전라남도","2"
"2024","남","40","서울구로","합격","경상남도","5"
"2024","남","40","서울구로","합격","경상북도","1"
"2024","남","40","서울구로","합격","서울특별시","243"
"2024","남","40","서울구로","합격","수원","102"
"2024","남","40","서울구로","합격","의정부","58"
"2024","남","40","서울구로","합격","인천광역시","79"
"2024","남","40","서울구로","합격","전라남도","3"
"2024","남","40","서울구로","합격","충청남도","1"
"2024","남","50","서울구로","결시","서울특별시","34"
"2024","남","50","서울구로","결시","수원","16"
"2024","남","50","서울구로","결시","의정부","14"
"2024","남","50","서울구로","결시","인천광역시","8"
"2024","남","50","서울구로","불합격","서울특별시","75"
"2024","남","50","서울구로","불합격","수원","39"
"2024","남","50","서울구로","불합격","의정부","28"
"2024","남","50","서울구로","불합격","인천광역시","16"
"2024","남","50","서울구로","불합격","전라남도","1"
"2024","남","50","서울구로","불합격","충청남도","1"
"2024","남","50","서울구로","합격","강원특별자치도","1"
"2024","남","50","서울구로","합격","경상남도","7"
"2024","남","50","서울구로","합격","광주광역시","2"
"2024","남","50","서울구로","합격","서울특별시","653"
"2024","남","50","서울구로","합격","수원","230"
"2024","남","50","서울구로","합격","의정부","197"
"2024","남","50","서울구로","합격","인천광역시","168"
"2024","남","50","서울구로","합격","전라남도","12"
"2024","남","50","서울구로","합격","충청남도","4"
"2024","남","60","서울구로","결시","경상남도","2"
"2024","남","60","서울구로","결시","광주광역시","1"
"2024","남","60","서울구로","결시","서울특별시","30"
"2024","남","60","서울구로","결시","수원","23"
"2024","남","60","서울구로","결시","의정부","12"
"2024","남","60","서울구로","결시","인천광역시","20"
"2024","남","60","서울구로","불합격","경상남도","3"
"2024","남","60","서울구로","불합격","서울특별시","193"
"2024","남","60","서울구로","불합격","수원","84"
"2024","남","60","서울구로","불합격","의정부","42"
"2024","남","60","서울구로","불합격","인천광역시","73"
"2024","남","60","서울구로","불합격","전라남도","1"
"2024","남","60","서울구로","합격","경상남도","9"
"2024","남","60","서울구로","합격","광주광역시","2"
"2024","남","60","서울구로","합격","서울특별시","1250"
"2024","남","60","서울구로","합격","수원","538"
"2024","남","60","서울구로","합격","의정부","437"
"2024","남","60","서울구로","합격","인천광역시","482"
"2024","남","60","서울구로","합격","전라남도","4"
"2024","남","60","서울구로","합격","충청남도","3"
"2024","남","60","서울구로","합격","충청북도","1"
"2024","남","70","서울구로","결시","대구광역시","1"
"2024","남","70","서울구로","결시","서울특별시","16"
"2024","남","70","서울구로","결시","수원","8"
"2024","남","70","서울구로","결시","의정부","8"
"2024","남","70","서울구로","결시","인천광역시","10"
"2024","남","70","서울구로","불합격","부산광역시","4"
"2024","남","70","서울구로","불합격","서울특별시","162"
"2024","남","70","서울구로","불합격","수원","46"
"2024","남","70","서울구로","불합격","의정부","34"
"2024","남","70","서울구로","불합격","인천광역시","43"
"2024","남","70","서울구로","불합격","충청남도","1"
"2024","남","70","서울구로","합격","경상남도","2"
"2024","남","70","서울구로","합격","경상북도","1"
"2024","남","70","서울구로","합격","서울특별시","538"
"2024","남","70","서울구로","합격","수원","192"
"2024","남","70","서울구로","합격","의정부","146"
"2024","남","70","서울구로","합격","인천광역시","145"
"2024","남","70","서울구로","합격","전라남도","2"
"2024","남","80","서울구로","결시","서울특별시","3"
"2024","남","80","서울구로","결시","수원","4"
"2024","남","80","서울구로","결시","인천광역시","1"
"2024","남","80","서울구로","불합격","서울특별시","63"
"2024","남","80","서울구로","불합격","수원","36"
"2024","남","80","서울구로","불합격","의정부","4"
"2024","남","80","서울구로","불합격","인천광역시","13"
"2024","남","80","서울구로","합격","서울특별시","63"
"2024","남","80","서울구로","합격","수원","30"
"2024","남","80","서울구로","합격","의정부","22"
"2024","남","80","서울구로","합격","인천광역시","18"
"2024","남","90","서울구로","불합격","서울특별시","1"
"2024","남","90","서울구로","합격","서울특별시","1"
"2024","남","90","서울구로","합격","수원","1"
"2024","여","10","서울구로","합격","수원","1"
"2024","여","20","서울구로","결시","서울특별시","11"
"2024","여","20","서울구로","결시","수원","5"
"2024","여","20","서울구로","결시","의정부","9"
"2024","여","20","서울구로","결시","인천광역시","2"
"2024","여","20","서울구로","결시","전라남도","1"
"2024","여","20","서울구로","불합격","경상남도","5"
"2024","여","20","서울구로","불합격","서울특별시","40"
"2024","여","20","서울구로","불합격","수원","29"
"2024","여","20","서울구로","불합격","의정부","16"
"2024","여","20","서울구로","불합격","인천광역시","9"
"2024","여","20","서울구로","불합격","전라남도","3"
"2024","여","20","서울구로","합격","강원특별자치도","1"
"2024","여","20","서울구로","합격","경상남도","1"
"2024","여","20","서울구로","합격","대구광역시","1"
"2024","여","20","서울구로","합격","서울특별시","160"
"2024","여","20","서울구로","합격","수원","87"
"2024","여","20","서울구로","합격","의정부","52"
"2024","여","20","서울구로","합격","인천광역시","53"
"2024","여","20","서울구로","합격","전라남도","3"
"2024","여","20","서울구로","합격","충청남도","3"
"2024","여","30","서울구로","결시","경상남도","4"
"2024","여","30","서울구로","결시","서울특별시","42"
"2024","여","30","서울구로","결시","수원","36"
"2024","여","30","서울구로","결시","의정부","13"
"2024","여","30","서울구로","결시","인천광역시","9"
"2024","여","30","서울구로","결시","전라남도","1"
"2024","여","30","서울구로","결시","충청남도","1"
"2024","여","30","서울구로","불합격","경상남도","1"
"2024","여","30","서울구로","불합격","광주광역시","2"
"2024","여","30","서울구로","불합격","기타","1"
"2024","여","30","서울구로","불합격","서울특별시","87"
"2024","여","30","서울구로","불합격","수원","57"
"2024","여","30","서울구로","불합격","의정부","29"
"2024","여","30","서울구로","불합격","인천광역시","49"
"2024","여","30","서울구로","불합격","전라남도","1"
"2024","여","30","서울구로","불합격","제주특별자치도","1"
"2024","여","30","서울구로","불합격","충청남도","2"
"2024","여","30","서울구로","불합격","충청북도","1"
"2024","여","30","서울구로","응시결격","수원","1"
"2024","여","30","서울구로","합격","강원특별자치도","1"
"2024","여","30","서울구로","합격","경상남도","11"
"2024","여","30","서울구로","합격","광주광역시","2"
"2024","여","30","서울구로","합격","대전광역시","6"
"2024","여","30","서울구로","합격","서울특별시","600"
"2024","여","30","서울구로","합격","수원","318"
"2024","여","30","서울구로","합격","의정부","178"
"2024","여","30","서울구로","합격","인천광역시","230"
"2024","여","30","서울구로","합격","전라남도","15"
"2024","여","30","서울구로","합격","전북특별자치도","1"
"2024","여","30","서울구로","합격","충청남도","3"
"2024","여","40","서울구로","결시","경상남도","3"
"2024","여","40","서울구로","결시","광주광역시","3"
"2024","여","40","서울구로","결시","대전광역시","1"
"2024","여","40","서울구로","결시","서울특별시","92"
"2024","여","40","서울구로","결시","수원","72"
"2024","여","40","서울구로","결시","의정부","38"
"2024","여","40","서울구로","결시","인천광역시","43"
"2024","여","40","서울구로","결시","전라남도","4"
"2024","여","40","서울구로","불합격","경상남도","9"
"2024","여","40","서울구로","불합격","광주광역시","1"
"2024","여","40","서울구로","불합격","대전광역시","1"
"2024","여","40","서울구로","불합격","서울특별시","189"
"2024","여","40","서울구로","불합격","수원","132"
"2024","여","40","서울구로","불합격","의정부","51"
"2024","여","40","서울구로","불합격","인천광역시","74"
"2024","여","40","서울구로","불합격","전라남도","2"
"2024","여","40","서울구로","응시결격","서울특별시","2"
"2024","여","40","서울구로","응시결격","수원","2"
"2024","여","40","서울구로","합격","강원특별자치도","2"
"2024","여","40","서울구로","합격","경상남도","25"
"2024","여","40","서울구로","합격","광주광역시","5"
"2024","여","40","서울구로","합격","기타","1"
"2024","여","40","서울구로","합격","대전광역시","2"
"2024","여","40","서울구로","합격","부산광역시","2"
"2024","여","40","서울구로","합격","서울특별시","2280"
"2024","여","40","서울구로","합격","수원","1243"
"2024","여","40","서울구로","합격","울산광역시","1"
"2024","여","40","서울구로","합격","의정부","700"
"2024","여","40","서울구로","합격","인천광역시","880"
"2024","여","40","서울구로","합격","전라남도","37"
"2024","여","40","서울구로","합격","전북특별자치도","1"
"2024","여","40","서울구로","합격","제주특별자치도","1"
"2024","여","40","서울구로","합격","충청남도","12"
"2024","여","40","서울구로","합격","충청북도","3"
"2024","여","50","서울구로","결시","경상남도","10"
"2024","여","50","서울구로","결시","광주광역시","2"
"2024","여","50","서울구로","결시","서울특별시","184"
"2024","여","50","서울구로","결시","수원","78"
"2024","여","50","서울구로","결시","의정부","49"
"2024","여","50","서울구로","결시","인천광역시","54"
"2024","여","50","서울구로","결시","전라남도","6"
"2024","여","50","서울구로","결시","전북특별자치도","1"
"2024","여","50","서울구로","결시","충청남도","1"
"2024","여","50","서울구로","불합격","경상남도","5"
"2024","여","50","서울구로","불합격","광주광역시","1"
"2024","여","50","서울구로","불합격","서울특별시","389"
"2024","여","50","서울구로","불합격","수원","211"
"2024","여","50","서울구로","불합격","울산광역시","1"
"2024","여","50","서울구로","불합격","의정부","78"
"2024","여","50","서울구로","불합격","인천광역시","166"
"2024","여","50","서울구로","불합격","전라남도","7"
"2024","여","50","서울구로","응시결격","서울특별시","1"
"2024","여","50","서울구로","응시결격","수원","1"
"2024","여","50","서울구로","응시결격","인천광역시","1"
"2024","여","50","서울구로","합격","강원특별자치도","8"
"2024","여","50","서울구로","합격","경상남도","38"
"2024","여","50","서울구로","합격","경상북도","2"
"2024","여","50","서울구로","합격","광주광역시","12"
"2024","여","50","서울구로","합격","대전광역시","1"
"2024","여","50","서울구로","합격","부산광역시","1"
"2024","여","50","서울구로","합격","서울특별시","5471"
"2024","여","50","서울구로","합격","수원","2538"
"2024","여","50","서울구로","합격","울산광역시","1"
"2024","여","50","서울구로","합격","의정부","1639"
"2024","여","50","서울구로","합격","인천광역시","2181"
"2024","여","50","서울구로","합격","전라남도","54"
"2024","여","50","서울구로","합격","전북특별자치도","5"
"2024","여","50","서울구로","합격","제주특별자치도","1"
"2024","여","50","서울구로","합격","충청남도","25"
"2024","여","50","서울구로","합격","충청북도","2"
"2024","여","60","서울구로","결시","경상남도","7"
"2024","여","60","서울구로","결시","광주광역시","2"
"2024","여","60","서울구로","결시","서울특별시","121"
"2024","여","60","서울구로","결시","수원","52"
"2024","여","60","서울구로","결시","의정부","35"
"2024","여","60","서울구로","결시","인천광역시","54"
"2024","여","60","서울구로","결시","전라남도","7"
"2024","여","60","서울구로","결시","전북특별자치도","1"
"2024","여","60","서울구로","결시","충청남도","1"
"2024","여","60","서울구로","불합격","경상남도","4"
"2024","여","60","서울구로","불합격","광주광역시","5"
"2024","여","60","서울구로","불합격","서울특별시","943"
"2024","여","60","서울구로","불합격","세종특별자치시","2"
"2024","여","60","서울구로","불합격","수원","380"
"2024","여","60","서울구로","불합격","의정부","199"
"2024","여","60","서울구로","불합격","인천광역시","338"
"2024","여","60","서울구로","불합격","전라남도","7"
"2024","여","60","서울구로","불합격","전북특별자치도","3"
"2024","여","60","서울구로","불합격","충청남도","5"
"2024","여","60","서울구로","응시결격","서울특별시","2"
"2024","여","60","서울구로","합격","강원특별자치도","1"
"2024","여","60","서울구로","합격","경상남도","27"
"2024","여","60","서울구로","합격","광주광역시","4"
"2024","여","60","서울구로","합격","대전광역시","1"
"2024","여","60","서울구로","합격","서울특별시","4959"
"2024","여","60","서울구로","합격","세종특별자치시","1"
"2024","여","60","서울구로","합격","수원","2288"
"2024","여","60","서울구로","합격","의정부","1353"
"2024","여","60","서울구로","합격","인천광역시","1998"
"2024","여","60","서울구로","합격","전라남도","31"
"2024","여","60","서울구로","합격","전북특별자치도","3"
"2024","여","60","서울구로","합격","충청남도","6"
"2024","여","60","서울구로","합격","충청북도","2"
"2024","여","70","서울구로","결시","서울특별시","39"
"2024","여","70","서울구로","결시","수원","19"
"2024","여","70","서울구로","결시","의정부","12"
"2024","여","70","서울구로","결시","인천광역시","11"
"2024","여","70","서울구로","결시","전라남도","1"
"2024","여","70","서울구로","결시","충청남도","1"
"2024","여","70","서울구로","불합격","경상남도","1"
"2024","여","70","서울구로","불합격","경상북도","1"
"2024","여","70","서울구로","불합격","광주광역시","3"
"2024","여","70","서울구로","불합격","서울특별시","510"
"2024","여","70","서울구로","불합격","수원","176"
"2024","여","70","서울구로","불합격","의정부","68"
"2024","여","70","서울구로","불합격","인천광역시","114"
"2024","여","70","서울구로","불합격","전라남도","4"
"2024","여","70","서울구로","합격","경상남도","2"
"2024","여","70","서울구로","합격","서울특별시","1202"
"2024","여","70","서울구로","합격","수원","385"
"2024","여","70","서울구로","합격","의정부","213"
"2024","여","70","서울구로","합격","인천광역시","320"
"2024","여","70","서울구로","합격","전라남도","6"
"2024","여","70","서울구로","합격","전북특별자치도","1"
"2024","여","70","서울구로","합격","충청남도","3"
"2024","여","80","서울구로","결시","서울특별시","1"
"2024","여","80","서울구로","결시","수원","1"
"2024","여","80","서울구로","결시","의정부","1"
"2024","여","80","서울구로","불합격","경상남도","1"
"2024","여","80","서울구로","불합격","서울특별시","40"
"2024","여","80","서울구로","불합격","수원","7"
"2024","여","80","서울구로","불합격","의정부","6"
"2024","여","80","서울구로","불합격","인천광역시","6"
"2024","여","80","서울구로","합격","경상남도","1"
"2024","여","80","서울구로","합격","서울특별시","59"
"2024","여","80","서울구로","합격","수원","12"
"2024","여","80","서울구로","합격","의정부","9"
"2024","여","80","서울구로","합격","인천광역시","7"
"2024","여","90","서울구로","결시","의정부","1"
"2024","여","90","서울구로","불합격","의정부","4"
"2024","남","10","전북전주","불합격","전라남도","1"
"2024","남","20","전북전주","결시","전북특별자치도","12"
"2024","남","20","전북전주","불합격","전라남도","5"
"2024","남","20","전북전주","불합격","전북특별자치도","23"
"2024","남","20","전북전주","합격","경상남도","1"
"2024","남","20","전북전주","합격","전라남도","2"
"2024","남","20","전북전주","합격","전북특별자치도","22"
"2024","남","20","전북전주","합격","충청남도","3"
"2024","남","30","전북전주","결시","서울특별시","1"
"2024","남","30","전북전주","결시","수원","1"
"2024","남","30","전북전주","결시","전북특별자치도","5"
"2024","남","30","전북전주","불합격","경상남도","1"
"2024","남","30","전북전주","불합격","의정부","1"
"2024","남","30","전북전주","불합격","전라남도","7"
"2024","남","30","전북전주","불합격","전북특별자치도","11"
"2024","남","30","전북전주","불합격","충청북도","1"
"2024","남","30","전북전주","합격","경상남도","1"
"2024","남","30","전북전주","합격","광주광역시","1"
"2024","남","30","전북전주","합격","수원","1"
"2024","남","30","전북전주","합격","전라남도","4"
"2024","남","30","전북전주","합격","전북특별자치도","36"
"2024","남","30","전북전주","합격","충청남도","3"
"2024","남","40","전북전주","결시","전라남도","2"
"2024","남","40","전북전주","결시","전북특별자치도","8"
"2024","남","40","전북전주","결시","충청남도","1"
"2024","남","40","전북전주","불합격","경상남도","1"
"2024","남","40","전북전주","불합격","광주광역시","1"
"2024","남","40","전북전주","불합격","전라남도","4"
"2024","남","40","전북전주","불합격","전북특별자치도","29"
"2024","남","40","전북전주","불합격","충청남도","4"
"2024","남","40","전북전주","합격","경상남도","3"
"2024","남","40","전북전주","합격","광주광역시","1"
"2024","남","40","전북전주","합격","수원","1"
"2024","남","40","전북전주","합격","전라남도","13"
"2024","남","40","전북전주","합격","전북특별자치도","92"
"2024","남","40","전북전주","합격","충청남도","9"
"2024","남","40","전북전주","합격","충청북도","1"
"2024","남","50","전북전주","결시","광주광역시","1"
"2024","남","50","전북전주","결시","전라남도","5"
"2024","남","50","전북전주","결시","전북특별자치도","9"
"2024","남","50","전북전주","결시","충청남도","2"
"2024","남","50","전북전주","불합격","경상남도","1"
"2024","남","50","전북전주","불합격","서울특별시","2"
"2024","남","50","전북전주","불합격","전라남도","12"
"2024","남","50","전북전주","불합격","전북특별자치도","22"
"2024","남","50","전북전주","불합격","충청남도","2"
"2024","남","50","전북전주","합격","강원특별자치도","1"
"2024","남","50","전북전주","합격","경상남도","7"
"2024","남","50","전북전주","합격","광주광역시","1"
"2024","남","50","전북전주","합격","서울특별시","1"
"2024","남","50","전북전주","합격","수원","1"
"2024","남","50","전북전주","합격","의정부","3"
"2024","남","50","전북전주","합격","전라남도","33"
"2024","남","50","전북전주","합격","전북특별자치도","232"
"2024","남","50","전북전주","합격","충청남도","18"
"2024","남","60","전북전주","결시","서울특별시","1"
"2024","남","60","전북전주","결시","전라남도","7"
"2024","남","60","전북전주","결시","전북특별자치도","16"
"2024","남","60","전북전주","결시","충청남도","2"
"2024","남","60","전북전주","불합격","광주광역시","3"
"2024","남","60","전북전주","불합격","수원","1"
"2024","남","60","전북전주","불합격","전라남도","7"
"2024","남","60","전북전주","불합격","전북특별자치도","55"
"2024","남","60","전북전주","불합격","제주특별자치도","1"
"2024","남","60","전북전주","불합격","충청남도","11"
"2024","남","60","전북전주","합격","경상남도","21"
"2024","남","60","전북전주","합격","광주광역시","2"
"2024","남","60","전북전주","합격","대전광역시","7"
"2024","남","60","전북전주","합격","부산광역시","1"
"2024","남","60","전북전주","합격","수원","2"
"2024","남","60","전북전주","합격","의정부","1"
"2024","남","60","전북전주","합격","전라남도","51"
"2024","남","60","전북전주","합격","전북특별자치도","529"
"2024","남","60","전북전주","합격","충청남도","55"
"2024","남","70","전북전주","결시","수원","1"
"2024","남","70","전북전주","결시","전라남도","1"
"2024","남","70","전북전주","결시","전북특별자치도","11"
"2024","남","70","전북전주","불합격","경상남도","4"
"2024","남","70","전북전주","불합격","대전광역시","1"
"2024","남","70","전북전주","불합격","수원","4"
"2024","남","70","전북전주","불합격","전라남도","1"
"2024","남","70","전북전주","불합격","전북특별자치도","50"
"2024","남","70","전북전주","불합격","충청남도","2"
"2024","남","70","전북전주","합격","경상남도","6"
"2024","남","70","전북전주","합격","서울특별시","2"
"2024","남","70","전북전주","합격","수원","2"
"2024","남","70","전북전주","합격","전라남도","12"
"2024","남","70","전북전주","합격","전북특별자치도","202"
"2024","남","70","전북전주","합격","충청남도","18"
"2024","남","80","전북전주","결시","전북특별자치도","2"
"2024","남","80","전북전주","불합격","전북특별자치도","14"
"2024","남","80","전북전주","불합격","충청남도","2"
"2024","남","80","전북전주","합격","경상남도","1"
"2024","남","80","전북전주","합격","대전광역시","1"
"2024","남","80","전북전주","합격","전라남도","2"
"2024","남","80","전북전주","합격","전북특별자치도","22"
"2024","남","90","전북전주","합격","전북특별자치도","1"
"2024","여","10","전북전주","불합격","전라남도","1"
"2024","여","10","전북전주","불합격","전북특별자치도","3"
"2024","여","10","전북전주","합격","전북특별자치도","1"
"2024","여","20","전북전주","결시","경상남도","2"
"2024","여","20","전북전주","결시","서울특별시","1"
"2024","여","20","전북전주","결시","의정부","1"
"2024","여","20","전북전주","결시","전라남도","1"
"2024","여","20","전북전주","결시","전북특별자치도","4"
"2024","여","20","전북전주","결시","충청남도","1"
"2024","여","20","전북전주","불합격","경상남도","2"
"2024","여","20","전북전주","불합격","광주광역시","1"
"2024","여","20","전북전주","불합격","수원","1"
"2024","여","20","전북전주","불합격","전라남도","9"
"2024","여","20","전북전주","불합격","전북특별자치도","30"
"2024","여","20","전북전주","불합격","충청북도","1"
"2024","여","20","전북전주","합격","경상남도","3"
"2024","여","20","전북전주","합격","경상북도","1"
"2024","여","20","전북전주","합격","광주광역시","2"
"2024","여","20","전북전주","합격","수원","2"
"2024","여","20","전북전주","합격","울산광역시","1"
"2024","여","20","전북전주","합격","전라남도","6"
"2024","여","20","전북전주","합격","전북특별자치도","98"
"2024","여","20","전북전주","합격","충청남도","4"
"2024","여","30","전북전주","결시","경상남도","3"
"2024","여","30","전북전주","결시","광주광역시","1"
"2024","여","30","전북전주","결시","대전광역시","1"
"2024","여","30","전북전주","결시","수원","1"
"2024","여","30","전북전주","결시","인천광역시","1"
"2024","여","30","전북전주","결시","전라남도","6"
"2024","여","30","전북전주","결시","전북특별자치도","25"
"2024","여","30","전북전주","결시","충청남도","1"
"2024","여","30","전북전주","불합격","경상남도","4"
"2024","여","30","전북전주","불합격","경상북도","1"
"2024","여","30","전북전주","불합격","광주광역시","1"
"2024","여","30","전북전주","불합격","대전광역시","3"
"2024","여","30","전북전주","불합격","수원","2"
"2024","여","30","전북전주","불합격","전라남도","21"
"2024","여","30","전북전주","불합격","전북특별자치도","78"
"2024","여","30","전북전주","불합격","충청남도","7"
"2024","여","30","전북전주","응시결격","전북특별자치도","1"
"2024","여","30","전북전주","합격","경상남도","13"
"2024","여","30","전북전주","합격","광주광역시","3"
"2024","여","30","전북전주","합격","대전광역시","2"
"2024","여","30","전북전주","합격","부산광역시","2"
"2024","여","30","전북전주","합격","서울특별시","1"
"2024","여","30","전북전주","합격","수원","5"
"2024","여","30","전북전주","합격","인천광역시","1"
"2024","여","30","전북전주","합격","전라남도","54"
"2024","여","30","전북전주","합격","전북특별자치도","283"
"2024","여","30","전북전주","합격","충청남도","15"
"2024","여","40","전북전주","결시","경상남도","2"
"2024","여","40","전북전주","결시","광주광역시","3"
"2024","여","40","전북전주","결시","수원","1"
"2024","여","40","전북전주","결시","전라남도","13"
"2024","여","40","전북전주","결시","전북특별자치도","34"
"2024","여","40","전북전주","결시","충청남도","5"
"2024","여","40","전북전주","불합격","경상남도","10"
"2024","여","40","전북전주","불합격","광주광역시","1"
"2024","여","40","전북전주","불합격","수원","1"
"2024","여","40","전북전주","불합격","의정부","1"
"2024","여","40","전북전주","불합격","전라남도","33"
"2024","여","40","전북전주","불합격","전북특별자치도","128"
"2024","여","40","전북전주","불합격","충청남도","4"
"2024","여","40","전북전주","합격","강원특별자치도","1"
"2024","여","40","전북전주","합격","경상남도","36"
"2024","여","40","전북전주","합격","경상북도","1"
"2024","여","40","전북전주","합격","광주광역시","5"
"2024","여","40","전북전주","합격","대전광역시","4"
"2024","여","40","전북전주","합격","서울특별시","3"
"2024","여","40","전북전주","합격","세종특별자치시","1"
"2024","여","40","전북전주","합격","수원","10"
"2024","여","40","전북전주","합격","울산광역시","1"
"2024","여","40","전북전주","합격","전라남도","145"
"2024","여","40","전북전주","합격","전북특별자치도","961"
"2024","여","40","전북전주","합격","충청남도","68"
"2024","여","40","전북전주","합격","충청북도","1"
"2024","여","50","전북전주","결시","경상남도","4"
"2024","여","50","전북전주","결시","광주광역시","2"
"2024","여","50","전북전주","결시","수원","2"
"2024","여","50","전북전주","결시","전라남도","20"
"2024","여","50","전북전주","결시","전북특별자치도","50"
"2024","여","50","전북전주","결시","충청남도","2"
"2024","여","50","전북전주","불합격","경상남도","6"
"2024","여","50","전북전주","불합격","광주광역시","1"
"2024","여","50","전북전주","불합격","대전광역시","1"
"2024","여","50","전북전주","불합격","전라남도","40"
"2024","여","50","전북전주","불합격","전북특별자치도","126"
"2024","여","50","전북전주","불합격","충청남도","18"
"2024","여","50","전북전주","응시결격","전북특별자치도","1"
"2024","여","50","전북전주","합격","경상남도","70"
"2024","여","50","전북전주","합격","광주광역시","3"
"2024","여","50","전북전주","합격","대전광역시","8"
"2024","여","50","전북전주","합격","서울특별시","6"
"2024","여","50","전북전주","합격","세종특별자치시","2"
"2024","여","50","전북전주","합격","수원","11"
"2024","여","50","전북전주","합격","의정부","3"
"2024","여","50","전북전주","합격","인천광역시","1"
"2024","여","50","전북전주","합격","전라남도","190"
"2024","여","50","전북전주","합격","전북특별자치도","1711"
"2024","여","50","전북전주","합격","충청남도","148"
"2024","여","50","전북전주","합격","충청북도","2"
"2024","여","60","전북전주","결시","경상남도","2"
"2024","여","60","전북전주","결시","광주광역시","2"
"2024","여","60","전북전주","결시","대전광역시","2"
"2024","여","60","전북전주","결시","수원","1"
"2024","여","60","전북전주","결시","전라남도","18"
"2024","여","60","전북전주","결시","전북특별자치도","33"
"2024","여","60","전북전주","결시","충청남도","2"
"2024","여","60","전북전주","불합격","경상남도","28"
"2024","여","60","전북전주","불합격","대전광역시","1"
"2024","여","60","전북전주","불합격","수원","1"
"2024","여","60","전북전주","불합격","인천광역시","1"
"2024","여","60","전북전주","불합격","전라남도","49"
"2024","여","60","전북전주","불합격","전북특별자치도","281"
"2024","여","60","전북전주","불합격","충청남도","21"
"2024","여","60","전북전주","합격","경상남도","64"
"2024","여","60","전북전주","합격","광주광역시","3"
"2024","여","60","전북전주","합격","대전광역시","7"
"2024","여","60","전북전주","합격","부산광역시","1"
"2024","여","60","전북전주","합격","서울특별시","8"
"2024","여","60","전북전주","합격","수원","8"
"2024","여","60","전북전주","합격","의정부","2"
"2024","여","60","전북전주","합격","인천광역시","1"
"2024","여","60","전북전주","합격","전라남도","122"
"2024","여","60","전북전주","합격","전북특별자치도","1341"
"2024","여","60","전북전주","합격","충청남도","153"
"2024","여","60","전북전주","합격","충청북도","1"
"2024","여","70","전북전주","결시","전라남도","4"
"2024","여","70","전북전주","결시","전북특별자치도","14"
"2024","여","70","전북전주","결시","충청남도","3"
"2024","여","70","전북전주","불합격","경상남도","2"
"2024","여","70","전북전주","불합격","전라남도","16"
"2024","여","70","전북전주","불합격","전북특별자치도","193"
"2024","여","70","전북전주","불합격","충청남도","7"
"2024","여","70","전북전주","합격","경상남도","6"
"2024","여","70","전북전주","합격","서울특별시","2"
"2024","여","70","전북전주","합격","수원","1"
"2024","여","70","전북전주","합격","전라남도","15"
"2024","여","70","전북전주","합격","전북특별자치도","312"
"2024","여","70","전북전주","합격","충청남도","29"
"2024","여","80","전북전주","결시","전북특별자치도","3"
"2024","여","80","전북전주","불합격","전북특별자치도","12"
"2024","여","80","전북전주","불합격","충청남도","2"
"2024","여","80","전북전주","합격","전북특별자치도","8"
"2024","여","80","전북전주","합격","충청남도","2"
"2024","남","10","제주","합격","제주특별자치도","2"
"2024","남","20","제주","결시","제주특별자치도","3"
"2024","남","20","제주","불합격","의정부","2"
"2024","남","20","제주","불합격","제주특별자치도","3"
"2024","남","20","제주","합격","인천광역시","1"
"2024","남","20","제주","합격","제주특별자치도","10"
"2024","남","30","제주","결시","제주특별자치도","2"
"2024","남","30","제주","불합격","제주특별자치도","2"
"2024","남","30","제주","합격","제주특별자치도","16"
"2024","남","40","제주","결시","의정부","1"
"2024","남","40","제주","결시","제주특별자치도","7"
"2024","남","40","제주","불합격","제주특별자치도","14"
"2024","남","40","제주","합격","대전광역시","1"
"2024","남","40","제주","합격","서울특별시","1"
"2024","남","40","제주","합격","수원","2"
"2024","남","40","제주","합격","제주특별자치도","22"
"2024","남","50","제주","결시","제주특별자치도","1"
"2024","남","50","제주","불합격","제주특별자치도","8"
"2024","남","50","제주","합격","서울특별시","1"
"2024","남","50","제주","합격","인천광역시","1"
"2024","남","50","제주","합격","제주특별자치도","55"
"2024","남","60","제주","결시","제주특별자치도","1"
"2024","남","60","제주","불합격","제주특별자치도","12"
"2024","남","60","제주","합격","경상남도","1"
"2024","남","60","제주","합격","서울특별시","2"
"2024","남","60","제주","합격","의정부","2"
"2024","남","60","제주","합격","전북특별자치도","1"
"2024","남","60","제주","합격","제주특별자치도","90"
"2024","남","70","제주","합격","제주특별자치도","21"
"2024","남","80","제주","합격","제주특별자치도","3"
"2024","여","10","제주","불합격","제주특별자치도","4"
"2024","여","10","제주","합격","제주특별자치도","11"
"2024","여","20","제주","결시","제주특별자치도","3"
"2024","여","20","제주","불합격","제주특별자치도","9"
"2024","여","20","제주","합격","제주특별자치도","13"
"2024","여","30","제주","결시","제주특별자치도","4"
"2024","여","30","제주","불합격","서울특별시","3"
"2024","여","30","제주","불합격","제주특별자치도","6"
"2024","여","30","제주","합격","대구광역시","1"
"2024","여","30","제주","합격","수원","1"
"2024","여","30","제주","합격","울산광역시","1"
"2024","여","30","제주","합격","의정부","1"
"2024","여","30","제주","합격","제주특별자치도","41"
"2024","여","40","제주","결시","경상남도","2"
"2024","여","40","제주","결시","서울특별시","1"
"2024","여","40","제주","결시","수원","3"
"2024","여","40","제주","결시","제주특별자치도","21"
"2024","여","40","제주","불합격","경상남도","2"
"2024","여","40","제주","불합격","광주광역시","1"
"2024","여","40","제주","불합격","기타","1"
"2024","여","40","제주","불합격","수원","1"
"2024","여","40","제주","불합격","전북특별자치도","1"
"2024","여","40","제주","불합격","제주특별자치도","24"
"2024","여","40","제주","합격","경상남도","3"
"2024","여","40","제주","합격","광주광역시","2"
"2024","여","40","제주","합격","대전광역시","1"
"2024","여","40","제주","합격","서울특별시","3"
"2024","여","40","제주","합격","울산광역시","1"
"2024","여","40","제주","합격","의정부","1"
"2024","여","40","제주","합격","전북특별자치도","1"
"2024","여","40","제주","합격","제주특별자치도","171"
"2024","여","50","제주","결시","경상남도","1"
"2024","여","50","제주","결시","전북특별자치도","1"
"2024","여","50","제주","결시","제주특별자치도","6"
"2024","여","50","제주","불합격","경상남도","4"
"2024","여","50","제주","불합격","제주특별자치도","29"
"2024","여","50","제주","응시결격","제주특별자치도","1"
"2024","여","50","제주","합격","경상남도","4"
"2024","여","50","제주","합격","서울특별시","1"
"2024","여","50","제주","합격","수원","6"
"2024","여","50","제주","합격","전북특별자치도","1"
"2024","여","50","제주","합격","제주특별자치도","395"
"2024","여","60","제주","결시","전라남도","1"
"2024","여","60","제주","결시","제주특별자치도","8"
"2024","여","60","제주","불합격","경상남도","2"
"2024","여","60","제주","불합격","제주특별자치도","27"
"2024","여","60","제주","합격","경상남도","1"
"2024","여","60","제주","합격","경상북도","1"
"2024","여","60","제주","합격","대전광역시","1"
"2024","여","60","제주","합격","서울특별시","4"
"2024","여","60","제주","합격","수원","4"
"2024","여","60","제주","합격","의정부","1"
"2024","여","60","제주","합격","인천광역시","2"
"2024","여","60","제주","합격","제주특별자치도","277"
"2024","여","70","제주","결시","제주특별자치도","1"
"2024","여","70","제주","불합격","수원","1"
"2024","여","70","제주","불합격","제주특별자치도","34"
"2024","여","70","제주","합격","수원","1"
"2024","여","70","제주","합격","제주특별자치도","37"
"2025","남","20","강원원주","결시","강원특별자치도","6"
"2025","남","20","강원원주","결시","대구광역시","1"
"2025","남","20","강원원주","불합격","강원특별자치도","11"
"2025","남","20","강원원주","불합격","경상북도","2"
"2025","남","20","강원원주","불합격","충청북도","1"
"2025","남","20","강원원주","합격","강원특별자치도","11"
"2025","남","20","강원원주","합격","경기도(수원)","3"
"2025","남","20","강원원주","합격","충청북도","1"
"2025","남","30","강원원주","결시","강원특별자치도","2"
"2025","남","30","강원원주","결시","경기도(수원)","1"
"2025","남","30","강원원주","불합격","강원특별자치도","9"
"2025","남","30","강원원주","불합격","경기도(수원)","2"
"2025","남","30","강원원주","불합격","경상북도","2"
"2025","남","30","강원원주","불합격","서울특별시","1"
"2025","남","30","강원원주","합격","강원특별자치도","34"
"2025","남","30","강원원주","합격","경기도(수원)","4"
"2025","남","30","강원원주","합격","경상북도","1"
"2025","남","30","강원원주","합격","전라남도","1"
"2025","남","30","강원원주","합격","충청북도","2"
"2025","남","40","강원원주","결시","강원특별자치도","4"
"2025","남","40","강원원주","결시","경기도(수원)","1"
"2025","남","40","강원원주","불합격","강원특별자치도","16"
"2025","남","40","강원원주","불합격","경기도(수원)","5"
"2025","남","40","강원원주","합격","강원특별자치도","48"
"2025","남","40","강원원주","합격","경기도(수원)","12"
"2025","남","40","강원원주","합격","경기도(의정부)","1"
"2025","남","40","강원원주","합격","경상남도","1"
"2025","남","40","강원원주","합격","서울특별시","2"
"2025","남","40","강원원주","합격","충청북도","4"
"2025","남","50","강원원주","결시","강원특별자치도","5"
"2025","남","50","강원원주","결시","경기도(의정부)","3"
"2025","남","50","강원원주","결시","충청북도","2"
"2025","남","50","강원원주","불합격","강원특별자치도","18"
"2025","남","50","강원원주","불합격","경기도(수원)","1"
"2025","남","50","강원원주","불합격","경기도(의정부)","1"
"2025","남","50","강원원주","불합격","서울특별시","2"
"2025","남","50","강원원주","합격","강원특별자치도","159"
"2025","남","50","강원원주","합격","경기도(수원)","22"
"2025","남","50","강원원주","합격","경기도(의정부)","4"
"2025","남","50","강원원주","합격","경상북도","2"
"2025","남","50","강원원주","합격","서울특별시","3"
"2025","남","50","강원원주","합격","충청북도","24"
"2025","남","60","강원원주","결시","강원특별자치도","1"
"2025","남","60","강원원주","결시","충청북도","1"
"2025","남","60","강원원주","불합격","강원특별자치도","9"
"2025","남","60","강원원주","불합격","경기도(수원)","6"
"2025","남","60","강원원주","불합격","경상북도","3"
"2025","남","60","강원원주","불합격","인천광역시","1"
"2025","남","60","강원원주","불합격","충청북도","7"
"2025","남","60","강원원주","합격","강원특별자치도","276"
"2025","남","60","강원원주","합격","경기도(수원)","34"
"2025","남","60","강원원주","합격","경기도(의정부)","4"
"2025","남","60","강원원주","합격","경상북도","8"
"2025","남","60","강원원주","합격","서울특별시","6"
"2025","남","60","강원원주","합격","세종특별자치시","1"
"2025","남","60","강원원주","합격","충청남도","1"
"2025","남","60","강원원주","합격","충청북도","52"
"2025","남","70","강원원주","결시","강원특별자치도","1"
"2025","남","70","강원원주","결시","충청북도","3"
"2025","남","70","강원원주","불합격","강원특별자치도","27"
"2025","남","70","강원원주","불합격","경기도(수원)","1"
"2025","남","70","강원원주","불합격","경기도(의정부)","1"
"2025","남","70","강원원주","불합격","경상북도","2"
"2025","남","70","강원원주","불합격","충청북도","6"
"2025","남","70","강원원주","합격","강원특별자치도","105"
"2025","남","70","강원원주","합격","경기도(수원)","19"
"2025","남","70","강원원주","합격","경상북도","4"
"2025","남","70","강원원주","합격","서울특별시","2"
"2025","남","70","강원원주","합격","충청북도","29"
"2025","남","80","강원원주","불합격","강원특별자치도","11"
"2025","남","80","강원원주","불합격","경기도(수원)","3"
"2025","남","80","강원원주","합격","강원특별자치도","10"
"2025","남","80","강원원주","합격","경기도(수원)","3"
"2025","남","80","강원원주","합격","경상북도","1"
"2025","남","80","강원원주","합격","서울특별시","1"
"2025","남","80","강원원주","합격","충청북도","1"
"2025","여","20","강원원주","결시","강원특별자치도","5"
"2025","여","20","강원원주","불합격","강원특별자치도","13"
"2025","여","20","강원원주","불합격","경상북도","1"
"2025","여","20","강원원주","불합격","충청북도","3"
"2025","여","20","강원원주","합격","강원특별자치도","31"
"2025","여","20","강원원주","합격","경기도(수원)","5"
"2025","여","20","강원원주","합격","경상북도","2"
"2025","여","20","강원원주","합격","서울특별시","1"
"2025","여","20","강원원주","합격","전라남도","1"
"2025","여","20","강원원주","합격","충청북도","2"
"2025","여","30","강원원주","결시","강원특별자치도","4"
"2025","여","30","강원원주","결시","경상북도","1"
"2025","여","30","강원원주","결시","충청북도","1"
"2025","여","30","강원원주","불합격","강원특별자치도","17"
"2025","여","30","강원원주","불합격","경기도(수원)","8"
"2025","여","30","강원원주","불합격","충청북도","11"
"2025","여","30","강원원주","합격","강원특별자치도","147"
"2025","여","30","강원원주","합격","경기도(수원)","12"
"2025","여","30","강원원주","합격","경기도(의정부)","4"
"2025","여","30","강원원주","합격","경상북도","8"
"2025","여","30","강원원주","합격","서울특별시","3"
"2025","여","30","강원원주","합격","전라남도","1"
"2025","여","30","강원원주","합격","충청북도","23"
"2025","여","40","강원원주","결시","강원특별자치도","6"
"2025","여","40","강원원주","결시","경기도(수원)","4"
"2025","여","40","강원원주","결시","충청북도","1"
"2025","여","40","강원원주","불합격","강원특별자치도","33"
"2025","여","40","강원원주","불합격","경기도(수원)","13"
"2025","여","40","강원원주","불합격","경상북도","4"
"2025","여","40","강원원주","불합격","충청북도","6"
"2025","여","40","강원원주","합격","강원특별자치도","512"
"2025","여","40","강원원주","합격","경기도(수원)","57"
"2025","여","40","강원원주","합격","경기도(의정부)","12"
"2025","여","40","강원원주","합격","경상남도","3"
"2025","여","40","강원원주","합격","경상북도","23"
"2025","여","40","강원원주","합격","대전광역시","1"
"2025","여","40","강원원주","합격","서울특별시","10"
"2025","여","40","강원원주","합격","울산광역시","1"
"2025","여","40","강원원주","합격","충청북도","113"
"2025","여","50","강원원주","결시","강원특별자치도","20"
"2025","여","50","강원원주","결시","경기도(수원)","3"
"2025","여","50","강원원주","결시","전라남도","1"
"2025","여","50","강원원주","결시","충청북도","4"
"2025","여","50","강원원주","불합격","강원특별자치도","30"
"2025","여","50","강원원주","불합격","경기도(수원)","14"
"2025","여","50","강원원주","불합격","경상북도","1"
"2025","여","50","강원원주","불합격","대전광역시","1"
"2025","여","50","강원원주","불합격","전라남도","1"
"2025","여","50","강원원주","불합격","충청북도","13"
"2025","여","50","강원원주","합격","강원특별자치도","1084"
"2025","여","50","강원원주","합격","경기도(수원)","166"
"2025","여","50","강원원주","합격","경기도(의정부)","14"
"2025","여","50","강원원주","합격","경상북도","41"
"2025","여","50","강원원주","합격","광주광역시","1"
"2025","여","50","강원원주","합격","대전광역시","2"
"2025","여","50","강원원주","합격","서울특별시","27"
"2025","여","50","강원원주","합격","인천광역시","1"
"2025","여","50","강원원주","합격","전라남도","3"
"2025","여","50","강원원주","합격","충청북도","297"
"2025","여","60","강원원주","결시","강원특별자치도","10"
"2025","여","60","강원원주","결시","경기도(수원)","3"
"2025","여","60","강원원주","결시","경상북도","1"
"2025","여","60","강원원주","결시","충청북도","1"
"2025","여","60","강원원주","불합격","강원특별자치도","104"
"2025","여","60","강원원주","불합격","경기도(수원)","40"
"2025","여","60","강원원주","불합격","경기도(의정부)","3"
"2025","여","60","강원원주","불합격","경상북도","6"
"2025","여","60","강원원주","불합격","서울특별시","2"
"2025","여","60","강원원주","불합격","인천광역시","1"
"2025","여","60","강원원주","불합격","충청북도","30"
"2025","여","60","강원원주","합격","강원특별자치도","987"
"2025","여","60","강원원주","합격","경기도(수원)","155"
"2025","여","60","강원원주","합격","경기도(의정부)","14"
"2025","여","60","강원원주","합격","경상북도","23"
"2025","여","60","강원원주","합격","서울특별시","14"
"2025","여","60","강원원주","합격","전라남도","5"
"2025","여","60","강원원주","합격","전북특별자치도","1"
"2025","여","60","강원원주","합격","충청남도","2"
"2025","여","60","강원원주","합격","충청북도","284"
"2025","여","70","강원원주","결시","강원특별자치도","2"
"2025","여","70","강원원주","결시","경기도(수원)","1"
"2025","여","70","강원원주","불합격","강원특별자치도","58"
"2025","여","70","강원원주","불합격","경기도(수원)","9"
"2025","여","70","강원원주","불합격","경상북도","4"
"2025","여","70","강원원주","불합격","충청북도","18"
"2025","여","70","강원원주","합격","강원특별자치도","162"
"2025","여","70","강원원주","합격","경기도(수원)","24"
"2025","여","70","강원원주","합격","경기도(의정부)","4"
"2025","여","70","강원원주","합격","경상북도","4"
"2025","여","70","강원원주","합격","서울특별시","4"
"2025","여","70","강원원주","합격","울산광역시","1"
"2025","여","70","강원원주","합격","충청북도","50"
"2025","여","80","강원원주","결시","강원특별자치도","3"
"2025","여","80","강원원주","불합격","강원특별자치도","9"
"2025","여","80","강원원주","불합격","충청북도","6"
"2025","여","80","강원원주","합격","강원특별자치도","9"
"2025","여","80","강원원주","합격","경기도(수원)","2"
"2025","여","80","강원원주","합격","충청북도","1"
"2025","남","10","경기성남","결시","경기도(수원)","1"
"2025","남","10","경기성남","불합격","서울특별시","1"
"2025","남","10","경기성남","합격","경기도(수원)","1"
"2025","남","20","경기성남","결시","경기도(수원)","12"
"2025","남","20","경기성남","결시","경기도(의정부)","1"
"2025","남","20","경기성남","결시","서울특별시","3"
"2025","남","20","경기성남","불합격","경기도(수원)","29"
"2025","남","20","경기성남","불합격","경기도(의정부)","17"
"2025","남","20","경기성남","불합격","경상남도","1"
"2025","남","20","경기성남","불합격","서울특별시","3"
"2025","남","20","경기성남","불합격","전라남도","1"
"2025","남","20","경기성남","불합격","충청남도","1"
"2025","남","20","경기성남","응시결격","충청남도","2"
"2025","남","20","경기성남","합격","경기도(수원)","71"
"2025","남","20","경기성남","합격","경기도(의정부)","33"
"2025","남","20","경기성남","합격","경상남도","1"
"2025","남","20","경기성남","합격","서울특별시","18"
"2025","남","20","경기성남","합격","전라남도","1"
"2025","남","20","경기성남","합격","충청남도","1"
"2025","남","30","경기성남","결시","경기도(수원)","12"
"2025","남","30","경기성남","결시","부산광역시","1"
"2025","남","30","경기성남","불합격","경기도(수원)","36"
"2025","남","30","경기성남","불합격","경기도(의정부)","13"
"2025","남","30","경기성남","불합격","경상북도","1"
"2025","남","30","경기성남","불합격","서울특별시","16"
"2025","남","30","경기성남","불합격","전라남도","1"
"2025","남","30","경기성남","합격","강원특별자치도","1"
"2025","남","30","경기성남","합격","경기도(수원)","104"
"2025","남","30","경기성남","합격","경기도(의정부)","43"
"2025","남","30","경기성남","합격","서울특별시","45"
"2025","남","30","경기성남","합격","인천광역시","3"
"2025","남","30","경기성남","합격","전라남도","2"
"2025","남","30","경기성남","합격","충청북도","1"
"2025","남","40","경기성남","결시","경기도(수원)","8"
"2025","남","40","경기성남","결시","경기도(의정부)","2"
"2025","남","40","경기성남","결시","서울특별시","9"
"2025","남","40","경기성남","불합격","경기도(수원)","26"
"2025","남","40","경기성남","불합격","경기도(의정부)","8"
"2025","남","40","경기성남","불합격","서울특별시","13"
"2025","남","40","경기성남","불합격","인천광역시","1"
"2025","남","40","경기성남","불합격","전라남도","1"
"2025","남","40","경기성남","합격","강원특별자치도","1"
"2025","남","40","경기성남","합격","경기도(수원)","232"
"2025","남","40","경기성남","합격","경기도(의정부)","96"
"2025","남","40","경기성남","합격","경상북도","1"
"2025","남","40","경기성남","합격","서울특별시","63"
"2025","남","40","경기성남","합격","인천광역시","7"
"2025","남","40","경기성남","합격","전라남도","3"
"2025","남","40","경기성남","합격","충청남도","2"
"2025","남","40","경기성남","합격","충청북도","2"
"2025","남","50","경기성남","결시","경기도(수원)","14"
"2025","남","50","경기성남","결시","경기도(의정부)","4"
"2025","남","50","경기성남","결시","서울특별시","3"
"2025","남","50","경기성남","결시","인천광역시","1"
"2025","남","50","경기성남","결시","전라남도","1"
"2025","남","50","경기성남","불합격","경기도(수원)","30"
"2025","남","50","경기성남","불합격","경기도(의정부)","28"
"2025","남","50","경기성남","불합격","서울특별시","11"
"2025","남","50","경기성남","불합격","전라남도","1"
"2025","남","50","경기성남","불합격","충청북도","1"
"2025","남","50","경기성남","응시결격","경기도(수원)","1"
"2025","남","50","경기성남","합격","강원특별자치도","5"
"2025","남","50","경기성남","합격","경기도(수원)","593"
"2025","남","50","경기성남","합격","경기도(의정부)","249"
"2025","남","50","경기성남","합격","경상남도","2"
"2025","남","50","경기성남","합격","서울특별시","199"
"2025","남","50","경기성남","합격","인천광역시","10"
"2025","남","50","경기성남","합격","전라남도","5"
"2025","남","50","경기성남","합격","전북특별자치도","1"
"2025","남","50","경기성남","합격","제주특별자치도","1"
"2025","남","50","경기성남","합격","충청남도","4"
"2025","남","50","경기성남","합격","충청북도","2"
"2025","남","60","경기성남","결시","경기도(수원)","32"
"2025","남","60","경기성남","결시","경기도(의정부)","7"
"2025","남","60","경기성남","결시","서울특별시","10"
"2025","남","60","경기성남","결시","인천광역시","1"
"2025","남","60","경기성남","결시","전라남도","1"
"2025","남","60","경기성남","불합격","경기도(수원)","124"
"2025","남","60","경기성남","불합격","경기도(의정부)","38"
"2025","남","60","경기성남","불합격","서울특별시","41"
"2025","남","60","경기성남","불합격","인천광역시","3"
"2025","남","60","경기성남","불합격","전라남도","1"
"2025","남","60","경기성남","불합격","충청남도","1"
"2025","남","60","경기성남","불합격","충청북도","2"
"2025","남","60","경기성남","응시결격","경기도(수원)","1"
"2025","남","60","경기성남","합격","강원특별자치도","6"
"2025","남","60","경기성남","합격","경기도(수원)","1453"
"2025","남","60","경기성남","합격","경기도(의정부)","507"
"2025","남","60","경기성남","합격","경상남도","2"
"2025","남","60","경기성남","합격","경상북도","1"
"2025","남","60","경기성남","합격","대전광역시","3"
"2025","남","60","경기성남","합격","부산광역시","1"
"2025","남","60","경기성남","합격","서울특별시","410"
"2025","남","60","경기성남","합격","인천광역시","20"
"2025","남","60","경기성남","합격","전라남도","3"
"2025","남","60","경기성남","합격","충청남도","2"
"2025","남","60","경기성남","합격","충청북도","9"
"2025","남","70","경기성남","결시","경기도(수원)","13"
"2025","남","70","경기성남","결시","경기도(의정부)","2"
"2025","남","70","경기성남","결시","서울특별시","4"
"2025","남","70","경기성남","불합격","경기도(수원)","91"
"2025","남","70","경기성남","불합격","경기도(의정부)","44"
"2025","남","70","경기성남","불합격","서울특별시","24"
"2025","남","70","경기성남","불합격","인천광역시","1"
"2025","남","70","경기성남","불합격","전라남도","1"
"2025","남","70","경기성남","합격","강원특별자치도","2"
"2025","남","70","경기성남","합격","경기도(수원)","535"
"2025","남","70","경기성남","합격","경기도(의정부)","192"
"2025","남","70","경기성남","합격","경상남도","2"
"2025","남","70","경기성남","합격","광주광역시","1"
"2025","남","70","경기성남","합격","대전광역시","1"
"2025","남","70","경기성남","합격","서울특별시","203"
"2025","남","70","경기성남","합격","인천광역시","8"
"2025","남","70","경기성남","합격","전라남도","3"
"2025","남","70","경기성남","합격","충청남도","1"
"2025","남","70","경기성남","합격","충청북도","3"
"2025","남","80","경기성남","결시","경기도(수원)","4"
"2025","남","80","경기성남","결시","서울특별시","2"
"2025","남","80","경기성남","불합격","경기도(수원)","47"
"2025","남","80","경기성남","불합격","경기도(의정부)","14"
"2025","남","80","경기성남","불합격","대전광역시","1"
"2025","남","80","경기성남","불합격","서울특별시","20"
"2025","남","80","경기성남","불합격","인천광역시","2"
"2025","남","80","경기성남","합격","강원특별자치도","2"
"2025","남","80","경기성남","합격","경기도(수원)","83"
"2025","남","80","경기성남","합격","경기도(의정부)","26"
"2025","남","80","경기성남","합격","서울특별시","25"
"2025","남","90","경기성남","불합격","경기도(수원)","6"
"2025","남","90","경기성남","합격","경기도(수원)","4"
"2025","남","90","경기성남","합격","경기도(의정부)","1"
"2025","남","90","경기성남","합격","서울특별시","1"
"2025","여","10","경기성남","결시","서울특별시","1"
"2025","여","10","경기성남","불합격","서울특별시","5"
"2025","여","10","경기성남","합격","경기도(수원)","3"
"2025","여","10","경기성남","합격","경기도(의정부)","1"
"2025","여","20","경기성남","결시","경기도(수원)","10"
"2025","여","20","경기성남","결시","경기도(의정부)","1"
"2025","여","20","경기성남","결시","서울특별시","6"
"2025","여","20","경기성남","결시","인천광역시","1"
"2025","여","20","경기성남","결시","충청남도","1"
"2025","여","20","경기성남","불합격","강원특별자치도","3"
"2025","여","20","경기성남","불합격","경기도(수원)","31"
"2025","여","20","경기성남","불합격","경기도(의정부)","15"
"2025","여","20","경기성남","불합격","서울특별시","17"
"2025","여","20","경기성남","불합격","충청북도","1"
"2025","여","20","경기성남","합격","강원특별자치도","3"
"2025","여","20","경기성남","합격","경기도(수원)","135"
"2025","여","20","경기성남","합격","경기도(의정부)","52"
"2025","여","20","경기성남","합격","서울특별시","54"
"2025","여","20","경기성남","합격","인천광역시","5"
"2025","여","20","경기성남","합격","충청남도","1"
"2025","여","30","경기성남","결시","강원특별자치도","1"
"2025","여","30","경기성남","결시","경기도(수원)","33"
"2025","여","30","경기성남","결시","경기도(의정부)","5"
"2025","여","30","경기성남","결시","서울특별시","10"
"2025","여","30","경기성남","결시","인천광역시","1"
"2025","여","30","경기성남","결시","충청남도","1"
"2025","여","30","경기성남","불합격","강원특별자치도","1"
"2025","여","30","경기성남","불합격","경기도(수원)","78"
"2025","여","30","경기성남","불합격","경기도(의정부)","18"
"2025","여","30","경기성남","불합격","서울특별시","18"
"2025","여","30","경기성남","불합격","인천광역시","3"
"2025","여","30","경기성남","불합격","전라남도","1"
"2025","여","30","경기성남","불합격","충청북도","4"
"2025","여","30","경기성남","응시결격","경기도(수원)","1"
"2025","여","30","경기성남","합격","강원특별자치도","5"
"2025","여","30","경기성남","합격","경기도(수원)","639"
"2025","여","30","경기성남","합격","경기도(의정부)","221"
"2025","여","30","경기성남","합격","경상남도","1"
"2025","여","30","경기성남","합격","서울특별시","178"
"2025","여","30","경기성남","합격","울산광역시","1"
"2025","여","30","경기성남","합격","인천광역시","15"
"2025","여","30","경기성남","합격","전라남도","12"
"2025","여","30","경기성남","합격","충청남도","5"
"2025","여","30","경기성남","합격","충청북도","4"
"2025","여","40","경기성남","결시","강원특별자치도","1"
"2025","여","40","경기성남","결시","경기도(수원)","76"
"2025","여","40","경기성남","결시","경기도(의정부)","13"
"2025","여","40","경기성남","결시","기타","1"
"2025","여","40","경기성남","결시","서울특별시","21"
"2025","여","40","경기성남","결시","인천광역시","2"
"2025","여","40","경기성남","결시","전라남도","5"
"2025","여","40","경기성남","결시","전북특별자치도","1"
"2025","여","40","경기성남","결시","충청북도","2"
"2025","여","40","경기성남","불합격","강원특별자치도","5"
"2025","여","40","경기성남","불합격","경기도(수원)","141"
"2025","여","40","경기성남","불합격","경기도(의정부)","34"
"2025","여","40","경기성남","불합격","서울특별시","31"
"2025","여","40","경기성남","불합격","인천광역시","3"
"2025","여","40","경기성남","불합격","전북특별자치도","1"
"2025","여","40","경기성남","불합격","충청북도","8"
"2025","여","40","경기성남","응시결격","경기도(수원)","2"
"2025","여","40","경기성남","합격","강원특별자치도","11"
"2025","여","40","경기성남","합격","경기도(수원)","2696"
"2025","여","40","경기성남","합격","경기도(의정부)","744"
"2025","여","40","경기성남","합격","경상남도","14"
"2025","여","40","경기성남","합격","경상북도","2"
"2025","여","40","경기성남","합격","대전광역시","1"
"2025","여","40","경기성남","합격","부산광역시","1"
"2025","여","40","경기성남","합격","서울특별시","743"
"2025","여","40","경기성남","합격","울산광역시","1"
"2025","여","40","경기성남","합격","인천광역시","60"
"2025","여","40","경기성남","합격","전라남도","30"
"2025","여","40","경기성남","합격","전북특별자치도","1"
"2025","여","40","경기성남","합격","충청남도","13"
"2025","여","40","경기성남","합격","충청북도","18"
"2025","여","50","경기성남","결시","경기도(수원)","98"
"2025","여","50","경기성남","결시","경기도(의정부)","36"
"2025","여","50","경기성남","결시","서울특별시","31"
"2025","여","50","경기성남","결시","인천광역시","7"
"2025","여","50","경기성남","결시","전라남도","1"
"2025","여","50","경기성남","불합격","강원특별자치도","1"
"2025","여","50","경기성남","불합격","경기도(수원)","284"
"2025","여","50","경기성남","불합격","경기도(의정부)","98"
"2025","여","50","경기성남","불합격","서울특별시","40"
"2025","여","50","경기성남","불합격","인천광역시","5"
"2025","여","50","경기성남","불합격","전라남도","10"
"2025","여","50","경기성남","불합격","전북특별자치도","1"
"2025","여","50","경기성남","응시결격","경기도(수원)","6"
"2025","여","50","경기성남","응시결격","경기도(의정부)","1"
"2025","여","50","경기성남","합격","강원특별자치도","22"
"2025","여","50","경기성남","합격","경기도(수원)","6010"
"2025","여","50","경기성남","합격","경기도(의정부)","1815"
"2025","여","50","경기성남","합격","경상남도","21"
"2025","여","50","경기성남","합격","경상북도","3"
"2025","여","50","경기성남","합격","광주광역시","3"
"2025","여","50","경기성남","합격","대전광역시","2"
"2025","여","50","경기성남","합격","서울특별시","1687"
"2025","여","50","경기성남","합격","울산광역시","1"
"2025","여","50","경기성남","합격","인천광역시","94"
"2025","여","50","경기성남","합격","전라남도","44"
"2025","여","50","경기성남","합격","전북특별자치도","5"
"2025","여","50","경기성남","합격","충청남도","13"
"2025","여","50","경기성남","합격","충청북도","38"
"2025","여","60","경기성남","결시","강원특별자치도","1"
"2025","여","60","경기성남","결시","경기도(수원)","91"
"2025","여","60","경기성남","결시","경기도(의정부)","16"
"2025","여","60","경기성남","결시","서울특별시","33"
"2025","여","60","경기성남","결시","인천광역시","3"
"2025","여","60","경기성남","결시","전라남도","2"
"2025","여","60","경기성남","불합격","강원특별자치도","6"
"2025","여","60","경기성남","불합격","경기도(수원)","686"
"2025","여","60","경기성남","불합격","경기도(의정부)","238"
"2025","여","60","경기성남","불합격","광주광역시","1"
"2025","여","60","경기성남","불합격","서울특별시","178"
"2025","여","60","경기성남","불합격","인천광역시","10"
"2025","여","60","경기성남","불합격","전라남도","6"
"2025","여","60","경기성남","불합격","충청남도","2"
"2025","여","60","경기성남","불합격","충청북도","4"
"2025","여","60","경기성남","응시결격","경기도(수원)","1"
"2025","여","60","경기성남","응시결격","서울특별시","1"
"2025","여","60","경기성남","합격","강원특별자치도","33"
"2025","여","60","경기성남","합격","경기도(수원)","5301"
"2025","여","60","경기성남","합격","경기도(의정부)","1677"
"2025","여","60","경기성남","합격","경상남도","18"
"2025","여","60","경기성남","합격","경상북도","1"
"2025","여","60","경기성남","합격","광주광역시","2"
"2025","여","60","경기성남","합격","대전광역시","2"
"2025","여","60","경기성남","합격","서울특별시","1468"
"2025","여","60","경기성남","합격","울산광역시","1"
"2025","여","60","경기성남","합격","인천광역시","66"
"2025","여","60","경기성남","합격","전라남도","26"
"2025","여","60","경기성남","합격","전북특별자치도","1"
"2025","여","60","경기성남","합격","충청남도","5"
"2025","여","60","경기성남","합격","충청북도","30"
"2025","여","70","경기성남","결시","강원특별자치도","1"
"2025","여","70","경기성남","결시","경기도(수원)","29"
"2025","여","70","경기성남","결시","경기도(의정부)","3"
"2025","여","70","경기성남","결시","서울특별시","7"
"2025","여","70","경기성남","불합격","강원특별자치도","4"
"2025","여","70","경기성남","불합격","경기도(수원)","333"
"2025","여","70","경기성남","불합격","경기도(의정부)","107"
"2025","여","70","경기성남","불합격","서울특별시","101"
"2025","여","70","경기성남","불합격","인천광역시","7"
"2025","여","70","경기성남","불합격","전라남도","2"
"2025","여","70","경기성남","불합격","충청북도","3"
"2025","여","70","경기성남","합격","강원특별자치도","4"
"2025","여","70","경기성남","합격","경기도(수원)","976"
"2025","여","70","경기성남","합격","경기도(의정부)","370"
"2025","여","70","경기성남","합격","경상남도","2"
"2025","여","70","경기성남","합격","서울특별시","429"
"2025","여","70","경기성남","합격","인천광역시","4"
"2025","여","70","경기성남","합격","전라남도","3"
"2025","여","70","경기성남","합격","충청북도","5"
"2025","여","80","경기성남","결시","경기도(수원)","2"
"2025","여","80","경기성남","결시","경기도(의정부)","2"
"2025","여","80","경기성남","불합격","강원특별자치도","3"
"2025","여","80","경기성남","불합격","경기도(수원)","24"
"2025","여","80","경기성남","불합격","경기도(의정부)","38"
"2025","여","80","경기성남","불합격","서울특별시","8"
"2025","여","80","경기성남","합격","강원특별자치도","2"
"2025","여","80","경기성남","합격","경기도(수원)","56"
"2025","여","80","경기성남","합격","경기도(의정부)","25"
"2025","여","80","경기성남","합격","서울특별시","16"
"2025","남","10","광주전남","결시","전라남도","1"
"2025","남","10","광주전남","불합격","전라남도","1"
"2025","남","10","광주전남","합격","전라남도","2"
"2025","남","20","광주전남","결시","광주광역시","3"
"2025","남","20","광주전남","결시","전라남도","2"
"2025","남","20","광주전남","불합격","광주광역시","4"
"2025","남","20","광주전남","불합격","전라남도","21"
"2025","남","20","광주전남","합격","광주광역시","25"
"2025","남","20","광주전남","합격","전라남도","34"
"2025","남","20","광주전남","합격","전북특별자치도","2"
"2025","남","30","광주전남","결시","광주광역시","2"
"2025","남","30","광주전남","결시","인천광역시","1"
"2025","남","30","광주전남","결시","전라남도","14"
"2025","남","30","광주전남","불합격","광주광역시","6"
"2025","남","30","광주전남","불합격","전라남도","29"
"2025","남","30","광주전남","합격","광주광역시","35"
"2025","남","30","광주전남","합격","전라남도","60"
"2025","남","30","광주전남","합격","전북특별자치도","1"
"2025","남","40","광주전남","결시","광주광역시","7"
"2025","남","40","광주전남","결시","전라남도","14"
"2025","남","40","광주전남","불합격","광주광역시","12"
"2025","남","40","광주전남","불합격","전라남도","38"
"2025","남","40","광주전남","응시결격","광주광역시","1"
"2025","남","40","광주전남","합격","경상남도","1"
"2025","남","40","광주전남","합격","광주광역시","89"
"2025","남","40","광주전남","합격","대전광역시","1"
"2025","남","40","광주전남","합격","전라남도","169"
"2025","남","40","광주전남","합격","전북특별자치도","2"
"2025","남","50","광주전남","결시","경상남도","1"
"2025","남","50","광주전남","결시","광주광역시","18"
"2025","남","50","광주전남","결시","전라남도","47"
"2025","남","50","광주전남","불합격","광주광역시","33"
"2025","남","50","광주전남","불합격","전라남도","56"
"2025","남","50","광주전남","불합격","전북특별자치도","1"
"2025","남","50","광주전남","응시결격","전라남도","1"
"2025","남","50","광주전남","합격","경기도(수원)","1"
"2025","남","50","광주전남","합격","광주광역시","154"
"2025","남","50","광주전남","합격","서울특별시","1"
"2025","남","50","광주전남","합격","전라남도","411"
"2025","남","50","광주전남","합격","전북특별자치도","12"
"2025","남","50","광주전남","합격","충청북도","1"
"2025","남","60","광주전남","결시","경상남도","1"
"2025","남","60","광주전남","결시","광주광역시","8"
"2025","남","60","광주전남","결시","서울특별시","1"
"2025","남","60","광주전남","결시","전라남도","38"
"2025","남","60","광주전남","결시","전북특별자치도","1"
"2025","남","60","광주전남","불합격","광주광역시","50"
"2025","남","60","광주전남","불합격","서울특별시","1"
"2025","남","60","광주전남","불합격","전라남도","123"
"2025","남","60","광주전남","불합격","전북특별자치도","3"
"2025","남","60","광주전남","불합격","충청남도","2"
"2025","남","60","광주전남","합격","경상남도","2"
"2025","남","60","광주전남","합격","경상북도","1"
"2025","남","60","광주전남","합격","광주광역시","329"
"2025","남","60","광주전남","합격","서울특별시","2"
"2025","남","60","광주전남","합격","인천광역시","1"
"2025","남","60","광주전남","합격","전라남도","745"
"2025","남","60","광주전남","합격","전북특별자치도","18"
"2025","남","60","광주전남","합격","충청북도","1"
"2025","남","70","광주전남","결시","광주광역시","4"
"2025","남","70","광주전남","결시","전라남도","10"
"2025","남","70","광주전남","결시","전북특별자치도","1"
"2025","남","70","광주전남","불합격","광주광역시","10"
"2025","남","70","광주전남","불합격","전라남도","73"
"2025","남","70","광주전남","불합격","전북특별자치도","2"
"2025","남","70","광주전남","불합격","충청남도","1"
"2025","남","70","광주전남","합격","경상남도","1"
"2025","남","70","광주전남","합격","광주광역시","113"
"2025","남","70","광주전남","합격","전라남도","280"
"2025","남","70","광주전남","합격","전북특별자치도","6"
"2025","남","80","광주전남","결시","광주광역시","2"
"2025","남","80","광주전남","결시","전라남도","2"
"2025","남","80","광주전남","불합격","광주광역시","15"
"2025","남","80","광주전남","불합격","전라남도","22"
"2025","남","80","광주전남","합격","광주광역시","30"
"2025","남","80","광주전남","합격","전라남도","48"
"2025","남","80","광주전남","합격","전북특별자치도","1"
"2025","여","10","광주전남","불합격","전라남도","1"
"2025","여","10","광주전남","합격","전라남도","1"
"2025","여","20","광주전남","결시","광주광역시","4"
"2025","여","20","광주전남","결시","전라남도","8"
"2025","여","20","광주전남","불합격","경기도(수원)","1"
"2025","여","20","광주전남","불합격","광주광역시","16"
"2025","여","20","광주전남","불합격","전라남도","35"
"2025","여","20","광주전남","합격","경기도(수원)","1"
"2025","여","20","광주전남","합격","광주광역시","81"
"2025","여","20","광주전남","합격","서울특별시","1"
"2025","여","20","광주전남","합격","전라남도","119"
"2025","여","20","광주전남","합격","전북특별자치도","2"
"2025","여","30","광주전남","결시","광주광역시","12"
"2025","여","30","광주전남","결시","전라남도","40"
"2025","여","30","광주전남","불합격","경기도(의정부)","7"
"2025","여","30","광주전남","불합격","광주광역시","48"
"2025","여","30","광주전남","불합격","전라남도","86"
"2025","여","30","광주전남","응시결격","전라남도","2"
"2025","여","30","광주전남","합격","경기도(수원)","1"
"2025","여","30","광주전남","합격","경기도(의정부)","1"
"2025","여","30","광주전남","합격","경상남도","2"
"2025","여","30","광주전남","합격","광주광역시","235"
"2025","여","30","광주전남","합격","서울특별시","3"
"2025","여","30","광주전남","합격","전라남도","523"
"2025","여","30","광주전남","합격","전북특별자치도","9"
"2025","여","30","광주전남","합격","충청남도","1"
"2025","여","40","광주전남","결시","광주광역시","28"
"2025","여","40","광주전남","결시","부산광역시","1"
"2025","여","40","광주전남","결시","서울특별시","1"
"2025","여","40","광주전남","결시","전라남도","108"
"2025","여","40","광주전남","결시","전북특별자치도","1"
"2025","여","40","광주전남","불합격","경상남도","2"
"2025","여","40","광주전남","불합격","광주광역시","79"
"2025","여","40","광주전남","불합격","전라남도","215"
"2025","여","40","광주전남","불합격","전북특별자치도","2"
"2025","여","40","광주전남","불합격","충청남도","1"
"2025","여","40","광주전남","합격","경기도(수원)","3"
"2025","여","40","광주전남","합격","경기도(의정부)","1"
"2025","여","40","광주전남","합격","경상남도","2"
"2025","여","40","광주전남","합격","광주광역시","857"
"2025","여","40","광주전남","합격","서울특별시","3"
"2025","여","40","광주전남","합격","전라남도","1517"
"2025","여","40","광주전남","합격","전북특별자치도","19"
"2025","여","40","광주전남","합격","충청남도","1"
"2025","여","50","광주전남","결시","경상남도","2"
"2025","여","50","광주전남","결시","광주광역시","31"
"2025","여","50","광주전남","결시","전라남도","146"
"2025","여","50","광주전남","결시","전북특별자치도","3"
"2025","여","50","광주전남","불합격","광주광역시","79"
"2025","여","50","광주전남","불합격","전라남도","251"
"2025","여","50","광주전남","불합격","전북특별자치도","2"
"2025","여","50","광주전남","응시결격","전라남도","1"
"2025","여","50","광주전남","합격","경기도(수원)","1"
"2025","여","50","광주전남","합격","경상남도","4"
"2025","여","50","광주전남","합격","광주광역시","1337"
"2025","여","50","광주전남","합격","서울특별시","7"
"2025","여","50","광주전남","합격","인천광역시","1"
"2025","여","50","광주전남","합격","전라남도","2347"
"2025","여","50","광주전남","합격","전북특별자치도","40"
"2025","여","50","광주전남","합격","충청남도","1"
"2025","여","50","광주전남","합격","충청북도","2"
"2025","여","60","광주전남","결시","경상남도","3"
"2025","여","60","광주전남","결시","광주광역시","22"
"2025","여","60","광주전남","결시","전라남도","103"
"2025","여","60","광주전남","결시","전북특별자치도","6"
"2025","여","60","광주전남","결시","제주특별자치도","1"
"2025","여","60","광주전남","불합격","광주광역시","140"
"2025","여","60","광주전남","불합격","대구광역시","2"
"2025","여","60","광주전남","불합격","부산광역시","1"
"2025","여","60","광주전남","불합격","전라남도","470"
"2025","여","60","광주전남","불합격","전북특별자치도","15"
"2025","여","60","광주전남","응시결격","전라남도","1"
"2025","여","60","광주전남","합격","경상남도","9"
"2025","여","60","광주전남","합격","광주광역시","889"
"2025","여","60","광주전남","합격","서울특별시","4"
"2025","여","60","광주전남","합격","전라남도","1629"
"2025","여","60","광주전남","합격","전북특별자치도","34"
"2025","여","70","광주전남","결시","광주광역시","6"
"2025","여","70","광주전남","결시","서울특별시","1"
"2025","여","70","광주전남","결시","전라남도","27"
"2025","여","70","광주전남","결시","전북특별자치도","2"
"2025","여","70","광주전남","불합격","경상남도","1"
"2025","여","70","광주전남","불합격","광주광역시","71"
"2025","여","70","광주전남","불합격","서울특별시","5"
"2025","여","70","광주전남","불합격","전라남도","188"
"2025","여","70","광주전남","불합격","전북특별자치도","3"
"2025","여","70","광주전남","합격","경상남도","1"
"2025","여","70","광주전남","합격","광주광역시","166"
"2025","여","70","광주전남","합격","전라남도","303"
"2025","여","70","광주전남","합격","전북특별자치도","11"
"2025","여","70","광주전남","합격","충청남도","1"
"2025","여","80","광주전남","불합격","광주광역시","4"
"2025","여","80","광주전남","불합격","전라남도","7"
"2025","여","80","광주전남","불합격","전북특별자치도","1"
"2025","여","80","광주전남","합격","광주광역시","5"
"2025","여","80","광주전남","합격","전라남도","26"
"2025","여","80","광주전남","합격","전북특별자치도","1"
"2025","여","90","광주전남","불합격","전라남도","1"
"2025","남","20","대구경북","결시","경상남도","1"
"2025","남","20","대구경북","결시","경상북도","2"
"2025","남","20","대구경북","결시","대구광역시","3"
"2025","남","20","대구경북","불합격","강원특별자치도","1"
"2025","남","20","대구경북","불합격","경기도(수원)","1"
"2025","남","20","대구경북","불합격","경상북도","10"
"2025","남","20","대구경북","불합격","대구광역시","14"
"2025","남","20","대구경북","불합격","부산광역시","1"
"2025","남","20","대구경북","합격","경기도(수원)","1"
"2025","남","20","대구경북","합격","경상남도","2"
"2025","남","20","대구경북","합격","경상북도","19"
"2025","남","20","대구경북","합격","대구광역시","20"
"2025","남","20","대구경북","합격","인천광역시","1"
"2025","남","30","대구경북","결시","경상북도","6"
"2025","남","30","대구경북","결시","대구광역시","7"
"2025","남","30","대구경북","불합격","경상남도","1"
"2025","남","30","대구경북","불합격","경상북도","13"
"2025","남","30","대구경북","불합격","대구광역시","16"
"2025","남","30","대구경북","합격","경상남도","1"
"2025","남","30","대구경북","합격","경상북도","27"
"2025","남","30","대구경북","합격","대구광역시","64"
"2025","남","30","대구경북","합격","서울특별시","1"
"2025","남","30","대구경북","합격","울산광역시","1"
"2025","남","40","대구경북","결시","경상남도","3"
"2025","남","40","대구경북","결시","대구광역시","2"
"2025","남","40","대구경북","불합격","경상남도","3"
"2025","남","40","대구경북","불합격","경상북도","8"
"2025","남","40","대구경북","불합격","대구광역시","14"
"2025","남","40","대구경북","불합격","대전광역시","1"
"2025","남","40","대구경북","불합격","울산광역시","1"
"2025","남","40","대구경북","합격","경상남도","19"
"2025","남","40","대구경북","합격","경상북도","70"
"2025","남","40","대구경북","합격","대구광역시","86"
"2025","남","40","대구경북","합격","부산광역시","1"
"2025","남","40","대구경북","합격","서울특별시","2"
"2025","남","40","대구경북","합격","울산광역시","1"
"2025","남","50","대구경북","결시","경상남도","8"
"2025","남","50","대구경북","결시","경상북도","11"
"2025","남","50","대구경북","결시","대구광역시","7"
"2025","남","50","대구경북","불합격","경상남도","6"
"2025","남","50","대구경북","불합격","경상북도","18"
"2025","남","50","대구경북","불합격","대구광역시","23"
"2025","남","50","대구경북","불합격","서울특별시","1"
"2025","남","50","대구경북","합격","경기도(수원)","1"
"2025","남","50","대구경북","합격","경상남도","31"
"2025","남","50","대구경북","합격","경상북도","243"
"2025","남","50","대구경북","합격","대구광역시","244"
"2025","남","50","대구경북","합격","서울특별시","1"
"2025","남","50","대구경북","합격","울산광역시","2"
"2025","남","60","대구경북","결시","경상남도","3"
"2025","남","60","대구경북","결시","경상북도","8"
"2025","남","60","대구경북","결시","대구광역시","4"
"2025","남","60","대구경북","불합격","경상남도","11"
"2025","남","60","대구경북","불합격","경상북도","47"
"2025","남","60","대구경북","불합격","대구광역시","23"
"2025","남","60","대구경북","불합격","울산광역시","1"
"2025","남","60","대구경북","합격","경상남도","69"
"2025","남","60","대구경북","합격","경상북도","517"
"2025","남","60","대구경북","합격","대구광역시","503"
"2025","남","60","대구경북","합격","울산광역시","8"
"2025","남","60","대구경북","합격","전라남도","1"
"2025","남","60","대구경북","합격","충청북도","1"
"2025","남","70","대구경북","결시","경상남도","1"
"2025","남","70","대구경북","결시","경상북도","3"
"2025","남","70","대구경북","결시","대구광역시","1"
"2025","남","70","대구경북","불합격","경기도(수원)","1"
"2025","남","70","대구경북","불합격","경상남도","11"
"2025","남","70","대구경북","불합격","경상북도","23"
"2025","남","70","대구경북","불합격","대구광역시","37"
"2025","남","70","대구경북","합격","경기도(수원)","1"
"2025","남","70","대구경북","합격","경상남도","27"
"2025","남","70","대구경북","합격","경상북도","183"
"2025","남","70","대구경북","합격","대구광역시","181"
"2025","남","70","대구경북","합격","울산광역시","3"
"2025","남","80","대구경북","결시","경상북도","1"
"2025","남","80","대구경북","불합격","경상남도","1"
"2025","남","80","대구경북","불합격","경상북도","16"
"2025","남","80","대구경북","불합격","대구광역시","45"
"2025","남","80","대구경북","합격","경상남도","4"
"2025","남","80","대구경북","합격","경상북도","16"
"2025","남","80","대구경북","합격","대구광역시","26"
"2025","여","20","대구경북","결시","경상북도","4"
"2025","여","20","대구경북","결시","대구광역시","6"
"2025","여","20","대구경북","불합격","경상남도","1"
"2025","여","20","대구경북","불합격","경상북도","20"
"2025","여","20","대구경북","불합격","대구광역시","8"
"2025","여","20","대구경북","합격","경기도(수원)","1"
"2025","여","20","대구경북","합격","경상남도","5"
"2025","여","20","대구경북","합격","경상북도","61"
"2025","여","20","대구경북","합격","대구광역시","68"
"2025","여","20","대구경북","합격","울산광역시","4"
"2025","여","30","대구경북","결시","경상남도","1"
"2025","여","30","대구경북","결시","경상북도","5"
"2025","여","30","대구경북","결시","대구광역시","12"
"2025","여","30","대구경북","불합격","경상남도","7"
"2025","여","30","대구경북","불합격","경상북도","37"
"2025","여","30","대구경북","불합격","대구광역시","40"
"2025","여","30","대구경북","불합격","울산광역시","1"
"2025","여","30","대구경북","응시결격","경상남도","1"
"2025","여","30","대구경북","합격","강원특별자치도","1"
"2025","여","30","대구경북","합격","경상남도","32"
"2025","여","30","대구경북","합격","경상북도","258"
"2025","여","30","대구경북","합격","광주광역시","1"
"2025","여","30","대구경북","합격","대구광역시","322"
"2025","여","30","대구경북","합격","부산광역시","3"
"2025","여","30","대구경북","합격","서울특별시","5"
"2025","여","30","대구경북","합격","울산광역시","6"
"2025","여","30","대구경북","합격","전라남도","2"
"2025","여","40","대구경북","결시","경상남도","17"
"2025","여","40","대구경북","결시","경상북도","19"
"2025","여","40","대구경북","결시","대구광역시","23"
"2025","여","40","대구경북","불합격","강원특별자치도","1"
"2025","여","40","대구경북","불합격","경기도(수원)","2"
"2025","여","40","대구경북","불합격","경상남도","20"
"2025","여","40","대구경북","불합격","경상북도","91"
"2025","여","40","대구경북","불합격","광주광역시","1"
"2025","여","40","대구경북","불합격","대구광역시","64"
"2025","여","40","대구경북","불합격","울산광역시","3"
"2025","여","40","대구경북","응시결격","경상북도","1"
"2025","여","40","대구경북","응시결격","대구광역시","1"
"2025","여","40","대구경북","합격","경기도(수원)","3"
"2025","여","40","대구경북","합격","경기도(의정부)","1"
"2025","여","40","대구경북","합격","경상남도","153"
"2025","여","40","대구경북","합격","경상북도","1140"
"2025","여","40","대구경북","합격","광주광역시","7"
"2025","여","40","대구경북","합격","대구광역시","1353"
"2025","여","40","대구경북","합격","부산광역시","3"
"2025","여","40","대구경북","합격","서울특별시","2"
"2025","여","40","대구경북","합격","울산광역시","25"
"2025","여","40","대구경북","합격","인천광역시","1"
"2025","여","40","대구경북","합격","전라남도","7"
"2025","여","40","대구경북","합격","충청남도","2"
"2025","여","50","대구경북","결시","경기도(수원)","1"
"2025","여","50","대구경북","결시","경상남도","23"
"2025","여","50","대구경북","결시","경상북도","32"
"2025","여","50","대구경북","결시","대구광역시","52"
"2025","여","50","대구경북","불합격","경기도(수원)","1"
"2025","여","50","대구경북","불합격","경상남도","33"
"2025","여","50","대구경북","불합격","경상북도","122"
"2025","여","50","대구경북","불합격","대구광역시","122"
"2025","여","50","대구경북","불합격","부산광역시","1"
"2025","여","50","대구경북","불합격","서울특별시","1"
"2025","여","50","대구경북","불합격","울산광역시","1"
"2025","여","50","대구경북","합격","강원특별자치도","1"
"2025","여","50","대구경북","합격","경기도(수원)","2"
"2025","여","50","대구경북","합격","경상남도","289"
"2025","여","50","대구경북","합격","경상북도","2224"
"2025","여","50","대구경북","합격","광주광역시","1"
"2025","여","50","대구경북","합격","대구광역시","3014"
"2025","여","50","대구경북","합격","부산광역시","1"
"2025","여","50","대구경북","합격","서울특별시","3"
"2025","여","50","대구경북","합격","울산광역시","15"
"2025","여","50","대구경북","합격","전라남도","7"
"2025","여","50","대구경북","합격","충청북도","1"
"2025","여","60","대구경북","결시","경기도(수원)","1"
"2025","여","60","대구경북","결시","경상남도","23"
"2025","여","60","대구경북","결시","경상북도","17"
"2025","여","60","대구경북","결시","대구광역시","43"
"2025","여","60","대구경북","불합격","경기도(수원)","4"
"2025","여","60","대구경북","불합격","경상남도","64"
"2025","여","60","대구경북","불합격","경상북도","263"
"2025","여","60","대구경북","불합격","대구광역시","241"
"2025","여","60","대구경북","불합격","서울특별시","3"
"2025","여","60","대구경북","불합격","울산광역시","1"
"2025","여","60","대구경북","합격","강원특별자치도","2"
"2025","여","60","대구경북","합격","경기도(수원)","3"
"2025","여","60","대구경북","합격","경상남도","252"
"2025","여","60","대구경북","합격","경상북도","1856"
"2025","여","60","대구경북","합격","광주광역시","2"
"2025","여","60","대구경북","합격","대구광역시","2391"
"2025","여","60","대구경북","합격","서울특별시","2"
"2025","여","60","대구경북","합격","울산광역시","14"
"2025","여","60","대구경북","합격","전라남도","4"
"2025","여","70","대구경북","결시","경상남도","12"
"2025","여","70","대구경북","결시","경상북도","12"
"2025","여","70","대구경북","결시","대구광역시","12"
"2025","여","70","대구경북","불합격","경기도(수원)","1"
"2025","여","70","대구경북","불합격","경상남도","33"
"2025","여","70","대구경북","불합격","경상북도","142"
"2025","여","70","대구경북","불합격","대구광역시","168"
"2025","여","70","대구경북","불합격","울산광역시","4"
"2025","여","70","대구경북","합격","경상남도","46"
"2025","여","70","대구경북","합격","경상북도","381"
"2025","여","70","대구경북","합격","대구광역시","443"
"2025","여","70","대구경북","합격","울산광역시","2"
"2025","여","70","대구경북","합격","충청북도","1"
"2025","여","80","대구경북","결시","경상남도","2"
"2025","여","80","대구경북","불합격","경상남도","1"
"2025","여","80","대구경북","불합격","경상북도","10"
"2025","여","80","대구경북","불합격","대구광역시","18"
"2025","여","80","대구경북","불합격","울산광역시","2"
"2025","여","80","대구경북","합격","경상남도","3"
"2025","여","80","대구경북","합격","경상북도","12"
"2025","여","80","대구경북","합격","대구광역시","23"
"2025","여","80","대구경북","합격","울산광역시","1"
"2025","남","20","대전충청","결시","세종특별자치시","1"
"2025","남","20","대전충청","결시","충청남도","1"
"2025","남","20","대전충청","불합격","경기도(수원)","2"
"2025","남","20","대전충청","불합격","경상북도","1"
"2025","남","20","대전충청","불합격","대전광역시","5"
"2025","남","20","대전충청","불합격","전라남도","1"
"2025","남","20","대전충청","불합격","충청남도","3"
"2025","남","20","대전충청","불합격","충청북도","12"
"2025","남","20","대전충청","응시결격","충청남도","1"
"2025","남","20","대전충청","합격","경기도(수원)","1"
"2025","남","20","대전충청","합격","경기도(의정부)","1"
"2025","남","20","대전충청","합격","경상북도","2"
"2025","남","20","대전충청","합격","대전광역시","26"
"2025","남","20","대전충청","합격","서울특별시","1"
"2025","남","20","대전충청","합격","세종특별자치시","3"
"2025","남","20","대전충청","합격","인천광역시","1"
"2025","남","20","대전충청","합격","충청남도","23"
"2025","남","20","대전충청","합격","충청북도","11"
"2025","남","30","대전충청","결시","대구광역시","1"
"2025","남","30","대전충청","결시","대전광역시","1"
"2025","남","30","대전충청","결시","인천광역시","1"
"2025","남","30","대전충청","결시","충청남도","2"
"2025","남","30","대전충청","결시","충청북도","1"
"2025","남","30","대전충청","불합격","경기도(수원)","1"
"2025","남","30","대전충청","불합격","경상북도","2"
"2025","남","30","대전충청","불합격","대구광역시","1"
"2025","남","30","대전충청","불합격","대전광역시","8"
"2025","남","30","대전충청","불합격","세종특별자치시","2"
"2025","남","30","대전충청","불합격","충청남도","8"
"2025","남","30","대전충청","불합격","충청북도","4"
"2025","남","30","대전충청","합격","경기도(수원)","4"
"2025","남","30","대전충청","합격","경상북도","4"
"2025","남","30","대전충청","합격","대전광역시","25"
"2025","남","30","대전충청","합격","세종특별자치시","4"
"2025","남","30","대전충청","합격","전라남도","2"
"2025","남","30","대전충청","합격","충청남도","28"
"2025","남","30","대전충청","합격","충청북도","18"
"2025","남","40","대전충청","결시","울산광역시","1"
"2025","남","40","대전충청","결시","인천광역시","1"
"2025","남","40","대전충청","결시","전라남도","1"
"2025","남","40","대전충청","결시","충청남도","1"
"2025","남","40","대전충청","결시","충청북도","1"
"2025","남","40","대전충청","불합격","경기도(수원)","1"
"2025","남","40","대전충청","불합격","경상북도","1"
"2025","남","40","대전충청","불합격","대전광역시","11"
"2025","남","40","대전충청","불합격","세종특별자치시","5"
"2025","남","40","대전충청","불합격","충청남도","11"
"2025","남","40","대전충청","불합격","충청북도","4"
"2025","남","40","대전충청","합격","경기도(수원)","5"
"2025","남","40","대전충청","합격","경상남도","1"
"2025","남","40","대전충청","합격","경상북도","8"
"2025","남","40","대전충청","합격","대전광역시","60"
"2025","남","40","대전충청","합격","세종특별자치시","9"
"2025","남","40","대전충청","합격","전라남도","1"
"2025","남","40","대전충청","합격","충청남도","54"
"2025","남","40","대전충청","합격","충청북도","33"
"2025","남","50","대전충청","결시","강원특별자치도","1"
"2025","남","50","대전충청","결시","경기도(수원)","1"
"2025","남","50","대전충청","결시","경상남도","1"
"2025","남","50","대전충청","결시","대전광역시","3"
"2025","남","50","대전충청","결시","서울특별시","1"
"2025","남","50","대전충청","결시","세종특별자치시","1"
"2025","남","50","대전충청","결시","충청남도","7"
"2025","남","50","대전충청","결시","충청북도","4"
"2025","남","50","대전충청","불합격","경상남도","1"
"2025","남","50","대전충청","불합격","경상북도","1"
"2025","남","50","대전충청","불합격","대전광역시","13"
"2025","남","50","대전충청","불합격","세종특별자치시","4"
"2025","남","50","대전충청","불합격","충청남도","10"
"2025","남","50","대전충청","불합격","충청북도","12"
"2025","남","50","대전충청","합격","경기도(수원)","14"
"2025","남","50","대전충청","합격","경기도(의정부)","1"
"2025","남","50","대전충청","합격","경상남도","3"
"2025","남","50","대전충청","합격","경상북도","21"
"2025","남","50","대전충청","합격","대구광역시","2"
"2025","남","50","대전충청","합격","대전광역시","166"
"2025","남","50","대전충청","합격","서울특별시","3"
"2025","남","50","대전충청","합격","세종특별자치시","25"
"2025","남","50","대전충청","합격","전라남도","4"
"2025","남","50","대전충청","합격","전북특별자치도","3"
"2025","남","50","대전충청","합격","충청남도","158"
"2025","남","50","대전충청","합격","충청북도","89"
"2025","남","60","대전충청","결시","경상남도","2"
"2025","남","60","대전충청","결시","대전광역시","8"
"2025","남","60","대전충청","결시","세종특별자치시","1"
"2025","남","60","대전충청","결시","충청남도","15"
"2025","남","60","대전충청","결시","충청북도","6"
"2025","남","60","대전충청","불합격","경기도(수원)","9"
"2025","남","60","대전충청","불합격","경상남도","2"
"2025","남","60","대전충청","불합격","경상북도","2"
"2025","남","60","대전충청","불합격","대전광역시","37"
"2025","남","60","대전충청","불합격","세종특별자치시","2"
"2025","남","60","대전충청","불합격","전라남도","2"
"2025","남","60","대전충청","불합격","충청남도","51"
"2025","남","60","대전충청","불합격","충청북도","33"
"2025","남","60","대전충청","응시결격","충청남도","1"
"2025","남","60","대전충청","합격","강원특별자치도","1"
"2025","남","60","대전충청","합격","경기도(수원)","30"
"2025","남","60","대전충청","합격","경기도(의정부)","1"
"2025","남","60","대전충청","합격","경상남도","19"
"2025","남","60","대전충청","합격","경상북도","40"
"2025","남","60","대전충청","합격","대전광역시","378"
"2025","남","60","대전충청","합격","서울특별시","5"
"2025","남","60","대전충청","합격","세종특별자치시","62"
"2025","남","60","대전충청","합격","전라남도","5"
"2025","남","60","대전충청","합격","전북특별자치도","1"
"2025","남","60","대전충청","합격","충청남도","427"
"2025","남","60","대전충청","합격","충청북도","298"
"2025","남","70","대전충청","결시","대전광역시","3"
"2025","남","70","대전충청","결시","세종특별자치시","1"
"2025","남","70","대전충청","결시","전라남도","2"
"2025","남","70","대전충청","결시","충청남도","1"
"2025","남","70","대전충청","결시","충청북도","2"
"2025","남","70","대전충청","불합격","경기도(수원)","2"
"2025","남","70","대전충청","불합격","경상남도","4"
"2025","남","70","대전충청","불합격","경상북도","3"
"2025","남","70","대전충청","불합격","대전광역시","50"
"2025","남","70","대전충청","불합격","전라남도","1"
"2025","남","70","대전충청","불합격","충청남도","52"
"2025","남","70","대전충청","불합격","충청북도","13"
"2025","남","70","대전충청","합격","경기도(수원)","11"
"2025","남","70","대전충청","합격","경상남도","7"
"2025","남","70","대전충청","합격","경상북도","24"
"2025","남","70","대전충청","합격","대전광역시","214"
"2025","남","70","대전충청","합격","세종특별자치시","27"
"2025","남","70","대전충청","합격","전라남도","1"
"2025","남","70","대전충청","합격","충청남도","148"
"2025","남","70","대전충청","합격","충청북도","95"
"2025","남","80","대전충청","결시","대전광역시","1"
"2025","남","80","대전충청","불합격","경상북도","2"
"2025","남","80","대전충청","불합격","대전광역시","21"
"2025","남","80","대전충청","불합격","세종특별자치시","3"
"2025","남","80","대전충청","불합격","충청남도","7"
"2025","남","80","대전충청","불합격","충청북도","1"
"2025","남","80","대전충청","합격","경상남도","1"
"2025","남","80","대전충청","합격","경상북도","1"
"2025","남","80","대전충청","합격","대전광역시","22"
"2025","남","80","대전충청","합격","세종특별자치시","2"
"2025","남","80","대전충청","합격","충청남도","26"
"2025","남","80","대전충청","합격","충청북도","11"
"2025","여","10","대전충청","불합격","대전광역시","1"
"2025","여","10","대전충청","합격","대전광역시","15"
"2025","여","20","대전충청","결시","경기도(수원)","1"
"2025","여","20","대전충청","결시","경상남도","1"
"2025","여","20","대전충청","결시","경상북도","1"
"2025","여","20","대전충청","결시","대전광역시","4"
"2025","여","20","대전충청","결시","충청남도","2"
"2025","여","20","대전충청","결시","충청북도","1"
"2025","여","20","대전충청","불합격","경기도(수원)","1"
"2025","여","20","대전충청","불합격","대전광역시","19"
"2025","여","20","대전충청","불합격","세종특별자치시","1"
"2025","여","20","대전충청","불합격","전라남도","1"
"2025","여","20","대전충청","불합격","충청남도","19"
"2025","여","20","대전충청","불합격","충청북도","9"
"2025","여","20","대전충청","응시결격","충청남도","3"
"2025","여","20","대전충청","합격","경기도(수원)","6"
"2025","여","20","대전충청","합격","경상남도","4"
"2025","여","20","대전충청","합격","경상북도","5"
"2025","여","20","대전충청","합격","대구광역시","2"
"2025","여","20","대전충청","합격","대전광역시","39"
"2025","여","20","대전충청","합격","서울특별시","1"
"2025","여","20","대전충청","합격","세종특별자치시","5"
"2025","여","20","대전충청","합격","전라남도","1"
"2025","여","20","대전충청","합격","전북특별자치도","1"
"2025","여","20","대전충청","합격","충청남도","47"
"2025","여","20","대전충청","합격","충청북도","36"
"2025","여","30","대전충청","결시","강원특별자치도","1"
"2025","여","30","대전충청","결시","경기도(수원)","2"
"2025","여","30","대전충청","결시","대전광역시","6"
"2025","여","30","대전충청","결시","세종특별자치시","1"
"2025","여","30","대전충청","결시","전라남도","1"
"2025","여","30","대전충청","결시","충청남도","9"
"2025","여","30","대전충청","결시","충청북도","7"
"2025","여","30","대전충청","불합격","경기도(수원)","2"
"2025","여","30","대전충청","불합격","경상남도","1"
"2025","여","30","대전충청","불합격","경상북도","2"
"2025","여","30","대전충청","불합격","대전광역시","32"
"2025","여","30","대전충청","불합격","서울특별시","1"
"2025","여","30","대전충청","불합격","세종특별자치시","5"
"2025","여","30","대전충청","불합격","전라남도","1"
"2025","여","30","대전충청","불합격","충청남도","38"
"2025","여","30","대전충청","불합격","충청북도","13"
"2025","여","30","대전충청","합격","강원특별자치도","3"
"2025","여","30","대전충청","합격","경기도(수원)","20"
"2025","여","30","대전충청","합격","경기도(의정부)","2"
"2025","여","30","대전충청","합격","경상남도","4"
"2025","여","30","대전충청","합격","경상북도","14"
"2025","여","30","대전충청","합격","대구광역시","1"
"2025","여","30","대전충청","합격","대전광역시","174"
"2025","여","30","대전충청","합격","서울특별시","7"
"2025","여","30","대전충청","합격","세종특별자치시","31"
"2025","여","30","대전충청","합격","전라남도","5"
"2025","여","30","대전충청","합격","충청남도","172"
"2025","여","30","대전충청","합격","충청북도","92"
"2025","여","40","대전충청","결시","강원특별자치도","1"
"2025","여","40","대전충청","결시","경기도(수원)","3"
"2025","여","40","대전충청","결시","대전광역시","11"
"2025","여","40","대전충청","결시","서울특별시","1"
"2025","여","40","대전충청","결시","충청남도","22"
"2025","여","40","대전충청","결시","충청북도","22"
"2025","여","40","대전충청","불합격","경기도(수원)","7"
"2025","여","40","대전충청","불합격","경상남도","3"
"2025","여","40","대전충청","불합격","대전광역시","37"
"2025","여","40","대전충청","불합격","서울특별시","2"
"2025","여","40","대전충청","불합격","세종특별자치시","10"
"2025","여","40","대전충청","불합격","충청남도","58"
"2025","여","40","대전충청","불합격","충청북도","29"
"2025","여","40","대전충청","합격","경기도(수원)","80"
"2025","여","40","대전충청","합격","경기도(의정부)","9"
"2025","여","40","대전충청","합격","경상남도","21"
"2025","여","40","대전충청","합격","경상북도","79"
"2025","여","40","대전충청","합격","광주광역시","1"
"2025","여","40","대전충청","합격","대구광역시","1"
"2025","여","40","대전충청","합격","대전광역시","743"
"2025","여","40","대전충청","합격","서울특별시","7"
"2025","여","40","대전충청","합격","세종특별자치시","178"
"2025","여","40","대전충청","합격","울산광역시","1"
"2025","여","40","대전충청","합격","전라남도","21"
"2025","여","40","대전충청","합격","충청남도","813"
"2025","여","40","대전충청","합격","충청북도","442"
"2025","여","50","대전충청","결시","경기도(수원)","3"
"2025","여","50","대전충청","결시","경상남도","1"
"2025","여","50","대전충청","결시","경상북도","4"
"2025","여","50","대전충청","결시","광주광역시","2"
"2025","여","50","대전충청","결시","대전광역시","17"
"2025","여","50","대전충청","결시","세종특별자치시","2"
"2025","여","50","대전충청","결시","전라남도","3"
"2025","여","50","대전충청","결시","충청남도","34"
"2025","여","50","대전충청","결시","충청북도","19"
"2025","여","50","대전충청","불합격","경기도(수원)","13"
"2025","여","50","대전충청","불합격","경상남도","6"
"2025","여","50","대전충청","불합격","경상북도","7"
"2025","여","50","대전충청","불합격","대전광역시","87"
"2025","여","50","대전충청","불합격","서울특별시","4"
"2025","여","50","대전충청","불합격","세종특별자치시","5"
"2025","여","50","대전충청","불합격","인천광역시","2"
"2025","여","50","대전충청","불합격","전라남도","4"
"2025","여","50","대전충청","불합격","충청남도","74"
"2025","여","50","대전충청","불합격","충청북도","53"
"2025","여","50","대전충청","응시결격","충청남도","2"
"2025","여","50","대전충청","합격","강원특별자치도","1"
"2025","여","50","대전충청","합격","경기도(수원)","140"
"2025","여","50","대전충청","합격","경기도(의정부)","4"
"2025","여","50","대전충청","합격","경상남도","40"
"2025","여","50","대전충청","합격","경상북도","140"
"2025","여","50","대전충청","합격","광주광역시","5"
"2025","여","50","대전충청","합격","대구광역시","5"
"2025","여","50","대전충청","합격","대전광역시","1434"
"2025","여","50","대전충청","합격","서울특별시","13"
"2025","여","50","대전충청","합격","세종특별자치시","242"
"2025","여","50","대전충청","합격","울산광역시","2"
"2025","여","50","대전충청","합격","인천광역시","2"
"2025","여","50","대전충청","합격","전라남도","25"
"2025","여","50","대전충청","합격","전북특별자치도","3"
"2025","여","50","대전충청","합격","충청남도","1545"
"2025","여","50","대전충청","합격","충청북도","1101"
"2025","여","60","대전충청","결시","경기도(수원)","3"
"2025","여","60","대전충청","결시","경상남도","2"
"2025","여","60","대전충청","결시","경상북도","2"
"2025","여","60","대전충청","결시","대전광역시","13"
"2025","여","60","대전충청","결시","세종특별자치시","3"
"2025","여","60","대전충청","결시","전라남도","2"
"2025","여","60","대전충청","결시","충청남도","40"
"2025","여","60","대전충청","결시","충청북도","25"
"2025","여","60","대전충청","불합격","강원특별자치도","1"
"2025","여","60","대전충청","불합격","경기도(수원)","16"
"2025","여","60","대전충청","불합격","경기도(의정부)","1"
"2025","여","60","대전충청","불합격","경상남도","9"
"2025","여","60","대전충청","불합격","경상북도","12"
"2025","여","60","대전충청","불합격","광주광역시","1"
"2025","여","60","대전충청","불합격","대구광역시","2"
"2025","여","60","대전충청","불합격","대전광역시","157"
"2025","여","60","대전충청","불합격","세종특별자치시","40"
"2025","여","60","대전충청","불합격","전라남도","1"
"2025","여","60","대전충청","불합격","충청남도","260"
"2025","여","60","대전충청","불합격","충청북도","156"
"2025","여","60","대전충청","합격","경기도(수원)","107"
"2025","여","60","대전충청","합격","경기도(의정부)","1"
"2025","여","60","대전충청","합격","경상남도","34"
"2025","여","60","대전충청","합격","경상북도","124"
"2025","여","60","대전충청","합격","광주광역시","1"
"2025","여","60","대전충청","합격","대구광역시","1"
"2025","여","60","대전충청","합격","대전광역시","1104"
"2025","여","60","대전충청","합격","서울특별시","7"
"2025","여","60","대전충청","합격","세종특별자치시","187"
"2025","여","60","대전충청","합격","인천광역시","2"
"2025","여","60","대전충청","합격","전라남도","17"
"2025","여","60","대전충청","합격","전북특별자치도","2"
"2025","여","60","대전충청","합격","충청남도","1314"
"2025","여","60","대전충청","합격","충청북도","932"
"2025","여","70","대전충청","결시","대전광역시","11"
"2025","여","70","대전충청","결시","서울특별시","1"
"2025","여","70","대전충청","결시","충청남도","18"
"2025","여","70","대전충청","결시","충청북도","13"
"2025","여","70","대전충청","불합격","경기도(수원)","3"
"2025","여","70","대전충청","불합격","경상남도","2"
"2025","여","70","대전충청","불합격","경상북도","5"
"2025","여","70","대전충청","불합격","대전광역시","93"
"2025","여","70","대전충청","불합격","세종특별자치시","15"
"2025","여","70","대전충청","불합격","전북특별자치도","1"
"2025","여","70","대전충청","불합격","충청남도","122"
"2025","여","70","대전충청","불합격","충청북도","75"
"2025","여","70","대전충청","응시결격","충청남도","1"
"2025","여","70","대전충청","합격","경기도(수원)","25"
"2025","여","70","대전충청","합격","경상남도","4"
"2025","여","70","대전충청","합격","경상북도","29"
"2025","여","70","대전충청","합격","대전광역시","264"
"2025","여","70","대전충청","합격","세종특별자치시","51"
"2025","여","70","대전충청","합격","전라남도","2"
"2025","여","70","대전충청","합격","충청남도","267"
"2025","여","70","대전충청","합격","충청북도","181"
"2025","여","80","대전충청","결시","대전광역시","1"
"2025","여","80","대전충청","결시","충청남도","2"
"2025","여","80","대전충청","불합격","경상북도","2"
"2025","여","80","대전충청","불합격","대전광역시","13"
"2025","여","80","대전충청","불합격","세종특별자치시","1"
"2025","여","80","대전충청","불합격","충청남도","13"
"2025","여","80","대전충청","불합격","충청북도","3"
"2025","여","80","대전충청","합격","경상남도","1"
"2025","여","80","대전충청","합격","경상북도","1"
"2025","여","80","대전충청","합격","대전광역시","11"
"2025","여","80","대전충청","합격","세종특별자치시","3"
"2025","여","80","대전충청","합격","충청남도","7"
"2025","여","80","대전충청","합격","충청북도","1"
"2025","남","20","부산경남","결시","경상남도","5"
"2025","남","20","부산경남","결시","기타","1"
"2025","남","20","부산경남","결시","부산광역시","7"
"2025","남","20","부산경남","불합격","경상남도","38"
"2025","남","20","부산경남","불합격","경상북도","1"
"2025","남","20","부산경남","불합격","부산광역시","14"
"2025","남","20","부산경남","불합격","울산광역시","6"
"2025","남","20","부산경남","합격","경상남도","36"
"2025","남","20","부산경남","합격","경상북도","1"
"2025","남","20","부산경남","합격","부산광역시","27"
"2025","남","20","부산경남","합격","울산광역시","5"
"2025","남","30","부산경남","결시","경상남도","4"
"2025","남","30","부산경남","결시","부산광역시","3"
"2025","남","30","부산경남","결시","서울특별시","1"
"2025","남","30","부산경남","결시","울산광역시","2"
"2025","남","30","부산경남","불합격","경상남도","16"
"2025","남","30","부산경남","불합격","부산광역시","14"
"2025","남","30","부산경남","불합격","울산광역시","10"
"2025","남","30","부산경남","합격","강원특별자치도","1"
"2025","남","30","부산경남","합격","경기도(의정부)","1"
"2025","남","30","부산경남","합격","경상남도","73"
"2025","남","30","부산경남","합격","경상북도","1"
"2025","남","30","부산경남","합격","부산광역시","75"
"2025","남","30","부산경남","합격","울산광역시","20"
"2025","남","40","부산경남","결시","경상남도","5"
"2025","남","40","부산경남","결시","부산광역시","2"
"2025","남","40","부산경남","결시","전라남도","1"
"2025","남","40","부산경남","불합격","경상남도","17"
"2025","남","40","부산경남","불합격","부산광역시","9"
"2025","남","40","부산경남","불합격","울산광역시","3"
"2025","남","40","부산경남","합격","경기도(수원)","2"
"2025","남","40","부산경남","합격","경상남도","149"
"2025","남","40","부산경남","합격","경상북도","1"
"2025","남","40","부산경남","합격","부산광역시","145"
"2025","남","40","부산경남","합격","울산광역시","29"
"2025","남","40","부산경남","합격","전라남도","1"
"2025","남","50","부산경남","결시","경상남도","21"
"2025","남","50","부산경남","결시","경상북도","1"
"2025","남","50","부산경남","결시","부산광역시","8"
"2025","남","50","부산경남","결시","울산광역시","1"
"2025","남","50","부산경남","결시","충청북도","1"
"2025","남","50","부산경남","불합격","경기도(의정부)","3"
"2025","남","50","부산경남","불합격","경상남도","63"
"2025","남","50","부산경남","불합격","경상북도","1"
"2025","남","50","부산경남","불합격","대구광역시","2"
"2025","남","50","부산경남","불합격","부산광역시","21"
"2025","남","50","부산경남","불합격","울산광역시","4"
"2025","남","50","부산경남","합격","경기도(수원)","1"
"2025","남","50","부산경남","합격","경기도(의정부)","1"
"2025","남","50","부산경남","합격","경상남도","383"
"2025","남","50","부산경남","합격","경상북도","7"
"2025","남","50","부산경남","합격","대구광역시","7"
"2025","남","50","부산경남","합격","부산광역시","337"
"2025","남","50","부산경남","합격","서울특별시","1"
"2025","남","50","부산경남","합격","울산광역시","45"
"2025","남","50","부산경남","합격","전라남도","4"
"2025","남","60","부산경남","결시","경기도(의정부)","1"
"2025","남","60","부산경남","결시","경상남도","32"
"2025","남","60","부산경남","결시","경상북도","1"
"2025","남","60","부산경남","결시","부산광역시","9"
"2025","남","60","부산경남","결시","울산광역시","7"
"2025","남","60","부산경남","결시","충청북도","2"
"2025","남","60","부산경남","불합격","경상남도","81"
"2025","남","60","부산경남","불합격","경상북도","1"
"2025","남","60","부산경남","불합격","대구광역시","1"
"2025","남","60","부산경남","불합격","부산광역시","49"
"2025","남","60","부산경남","불합격","울산광역시","16"
"2025","남","60","부산경남","합격","경기도(수원)","5"
"2025","남","60","부산경남","합격","경상남도","881"
"2025","남","60","부산경남","합격","경상북도","8"
"2025","남","60","부산경남","합격","대구광역시","1"
"2025","남","60","부산경남","합격","부산광역시","606"
"2025","남","60","부산경남","합격","서울특별시","2"
"2025","남","60","부산경남","합격","울산광역시","247"
"2025","남","60","부산경남","합격","전라남도","5"
"2025","남","60","부산경남","합격","충청북도","1"
"2025","남","70","부산경남","결시","경상남도","12"
"2025","남","70","부산경남","결시","부산광역시","12"
"2025","남","70","부산경남","불합격","경상남도","59"
"2025","남","70","부산경남","불합격","경상북도","1"
"2025","남","70","부산경남","불합격","대구광역시","1"
"2025","남","70","부산경남","불합격","부산광역시","100"
"2025","남","70","부산경남","불합격","울산광역시","11"
"2025","남","70","부산경남","합격","경상남도","326"
"2025","남","70","부산경남","합격","경상북도","2"
"2025","남","70","부산경남","합격","대구광역시","1"
"2025","남","70","부산경남","합격","부산광역시","354"
"2025","남","70","부산경남","합격","울산광역시","82"
"2025","남","80","부산경남","결시","경상남도","2"
"2025","남","80","부산경남","결시","부산광역시","1"
"2025","남","80","부산경남","불합격","경상남도","27"
"2025","남","80","부산경남","불합격","부산광역시","20"
"2025","남","80","부산경남","합격","경상남도","31"
"2025","남","80","부산경남","합격","경상북도","1"
"2025","남","80","부산경남","합격","부산광역시","50"
"2025","남","80","부산경남","합격","울산광역시","5"
"2025","여","10","부산경남","합격","경상남도","1"
"2025","여","10","부산경남","합격","울산광역시","1"
"2025","여","20","부산경남","결시","경상남도","11"
"2025","여","20","부산경남","결시","부산광역시","3"
"2025","여","20","부산경남","결시","전라남도","1"
"2025","여","20","부산경남","불합격","경상남도","18"
"2025","여","20","부산경남","불합격","부산광역시","16"
"2025","여","20","부산경남","불합격","울산광역시","11"
"2025","여","20","부산경남","합격","경상남도","117"
"2025","여","20","부산경남","합격","경상북도","1"
"2025","여","20","부산경남","합격","대구광역시","1"
"2025","여","20","부산경남","합격","부산광역시","71"
"2025","여","20","부산경남","합격","울산광역시","35"
"2025","여","20","부산경남","합격","전라남도","2"
"2025","여","30","부산경남","결시","경기도(수원)","1"
"2025","여","30","부산경남","결시","경상남도","33"
"2025","여","30","부산경남","결시","부산광역시","5"
"2025","여","30","부산경남","결시","울산광역시","3"
"2025","여","30","부산경남","불합격","경상남도","69"
"2025","여","30","부산경남","불합격","부산광역시","26"
"2025","여","30","부산경남","불합격","울산광역시","24"
"2025","여","30","부산경남","합격","경기도(수원)","4"
"2025","여","30","부산경남","합격","경상남도","554"
"2025","여","30","부산경남","합격","경상북도","1"
"2025","여","30","부산경남","합격","부산광역시","432"
"2025","여","30","부산경남","합격","서울특별시","4"
"2025","여","30","부산경남","합격","울산광역시","135"
"2025","여","30","부산경남","합격","전라남도","7"
"2025","여","30","부산경남","합격","충청남도","1"
"2025","여","40","부산경남","결시","경상남도","99"
"2025","여","40","부산경남","결시","부산광역시","31"
"2025","여","40","부산경남","결시","울산광역시","7"
"2025","여","40","부산경남","결시","전라남도","1"
"2025","여","40","부산경남","불합격","경상남도","128"
"2025","여","40","부산경남","불합격","경상북도","1"
"2025","여","40","부산경남","불합격","부산광역시","81"
"2025","여","40","부산경남","불합격","울산광역시","18"
"2025","여","40","부산경남","응시결격","경상남도","1"
"2025","여","40","부산경남","합격","경기도(수원)","4"
"2025","여","40","부산경남","합격","경기도(의정부)","5"
"2025","여","40","부산경남","합격","경상남도","1969"
"2025","여","40","부산경남","합격","경상북도","27"
"2025","여","40","부산경남","합격","대구광역시","2"
"2025","여","40","부산경남","합격","대전광역시","1"
"2025","여","40","부산경남","합격","부산광역시","1571"
"2025","여","40","부산경남","합격","서울특별시","3"
"2025","여","40","부산경남","합격","울산광역시","538"
"2025","여","40","부산경남","합격","전라남도","24"
"2025","여","50","부산경남","결시","경기도(수원)","1"
"2025","여","50","부산경남","결시","경상남도","174"
"2025","여","50","부산경남","결시","경상북도","3"
"2025","여","50","부산경남","결시","대구광역시","1"
"2025","여","50","부산경남","결시","부산광역시","35"
"2025","여","50","부산경남","결시","울산광역시","18"
"2025","여","50","부산경남","결시","전라남도","1"
"2025","여","50","부산경남","불합격","경기도(수원)","1"
"2025","여","50","부산경남","불합격","경상남도","236"
"2025","여","50","부산경남","불합격","경상북도","2"
"2025","여","50","부산경남","불합격","대구광역시","3"
"2025","여","50","부산경남","불합격","부산광역시","92"
"2025","여","50","부산경남","불합격","울산광역시","57"
"2025","여","50","부산경남","불합격","전라남도","2"
"2025","여","50","부산경남","응시결격","경상남도","1"
"2025","여","50","부산경남","합격","강원특별자치도","1"
"2025","여","50","부산경남","합격","경기도(수원)","5"
"2025","여","50","부산경남","합격","경기도(의정부)","2"
"2025","여","50","부산경남","합격","경상남도","3768"
"2025","여","50","부산경남","합격","경상북도","54"
"2025","여","50","부산경남","합격","광주광역시","5"
"2025","여","50","부산경남","합격","대구광역시","20"
"2025","여","50","부산경남","합격","부산광역시","3030"
"2025","여","50","부산경남","합격","서울특별시","7"
"2025","여","50","부산경남","합격","울산광역시","922"
"2025","여","50","부산경남","합격","전라남도","23"
"2025","여","60","부산경남","결시","경기도(의정부)","2"
"2025","여","60","부산경남","결시","경상남도","126"
"2025","여","60","부산경남","결시","부산광역시","26"
"2025","여","60","부산경남","결시","울산광역시","11"
"2025","여","60","부산경남","결시","전라남도","1"
"2025","여","60","부산경남","불합격","경상남도","466"
"2025","여","60","부산경남","불합격","경상북도","3"
"2025","여","60","부산경남","불합격","대구광역시","1"
"2025","여","60","부산경남","불합격","부산광역시","408"
"2025","여","60","부산경남","불합격","울산광역시","61"
"2025","여","60","부산경남","불합격","전라남도","7"
"2025","여","60","부산경남","합격","경기도(수원)","3"
"2025","여","60","부산경남","합격","경기도(의정부)","1"
"2025","여","60","부산경남","합격","경상남도","3019"
"2025","여","60","부산경남","합격","경상북도","31"
"2025","여","60","부산경남","합격","광주광역시","1"
"2025","여","60","부산경남","합격","대구광역시","19"
"2025","여","60","부산경남","합격","부산광역시","2832"
"2025","여","60","부산경남","합격","서울특별시","2"
"2025","여","60","부산경남","합격","울산광역시","665"
"2025","여","60","부산경남","합격","전라남도","17"
"2025","여","60","부산경남","합격","전북특별자치도","1"
"2025","여","70","부산경남","결시","경상남도","35"
"2025","여","70","부산경남","결시","부산광역시","12"
"2025","여","70","부산경남","결시","서울특별시","1"
"2025","여","70","부산경남","결시","울산광역시","5"
"2025","여","70","부산경남","불합격","경상남도","291"
"2025","여","70","부산경남","불합격","경상북도","4"
"2025","여","70","부산경남","불합격","부산광역시","245"
"2025","여","70","부산경남","불합격","울산광역시","40"
"2025","여","70","부산경남","불합격","전라남도","3"
"2025","여","70","부산경남","응시결격","부산광역시","1"
"2025","여","70","부산경남","합격","경기도(수원)","2"
"2025","여","70","부산경남","합격","경상남도","593"
"2025","여","70","부산경남","합격","경상북도","7"
"2025","여","70","부산경남","합격","대구광역시","1"
"2025","여","70","부산경남","합격","부산광역시","693"
"2025","여","70","부산경남","합격","울산광역시","110"
"2025","여","70","부산경남","합격","전라남도","2"
"2025","여","80","부산경남","결시","경상남도","2"
"2025","여","80","부산경남","결시","부산광역시","1"
"2025","여","80","부산경남","불합격","경상남도","14"
"2025","여","80","부산경남","불합격","경상북도","2"
"2025","여","80","부산경남","불합격","부산광역시","12"
"2025","여","80","부산경남","불합격","울산광역시","13"
"2025","여","80","부산경남","합격","경상남도","15"
"2025","여","80","부산경남","합격","부산광역시","18"
"2025","여","80","부산경남","합격","울산광역시","4"
"2025","남","10","서울구로","합격","서울특별시","1"
"2025","남","10","서울구로","합격","인천광역시","1"
"2025","남","20","서울구로","결시","경기도(수원)","2"
"2025","남","20","서울구로","결시","경기도(의정부)","1"
"2025","남","20","서울구로","결시","기타","2"
"2025","남","20","서울구로","결시","서울특별시","3"
"2025","남","20","서울구로","불합격","경기도(수원)","24"
"2025","남","20","서울구로","불합격","경기도(의정부)","12"
"2025","남","20","서울구로","불합격","서울특별시","45"
"2025","남","20","서울구로","불합격","인천광역시","6"
"2025","남","20","서울구로","응시결격","인천광역시","1"
"2025","남","20","서울구로","합격","경기도(수원)","28"
"2025","남","20","서울구로","합격","경기도(의정부)","20"
"2025","남","20","서울구로","합격","경상북도","1"
"2025","남","20","서울구로","합격","서울특별시","64"
"2025","남","20","서울구로","합격","인천광역시","18"
"2025","남","20","서울구로","합격","전라남도","2"
"2025","남","20","서울구로","합격","충청남도","1"
"2025","남","30","서울구로","결시","경기도(수원)","3"
"2025","남","30","서울구로","결시","경기도(의정부)","5"
"2025","남","30","서울구로","결시","기타","1"
"2025","남","30","서울구로","결시","서울특별시","11"
"2025","남","30","서울구로","결시","인천광역시","1"
"2025","남","30","서울구로","불합격","경기도(수원)","15"
"2025","남","30","서울구로","불합격","경기도(의정부)","13"
"2025","남","30","서울구로","불합격","경상남도","1"
"2025","남","30","서울구로","불합격","서울특별시","43"
"2025","남","30","서울구로","불합격","인천광역시","20"
"2025","남","30","서울구로","합격","경기도(수원)","57"
"2025","남","30","서울구로","합격","경기도(의정부)","40"
"2025","남","30","서울구로","합격","경상남도","2"
"2025","남","30","서울구로","합격","광주광역시","1"
"2025","남","30","서울구로","합격","서울특별시","136"
"2025","남","30","서울구로","합격","인천광역시","50"
"2025","남","30","서울구로","합격","전라남도","2"
"2025","남","30","서울구로","합격","충청북도","1"
"2025","남","40","서울구로","결시","강원특별자치도","1"
"2025","남","40","서울구로","결시","경기도(수원)","5"
"2025","남","40","서울구로","결시","경기도(의정부)","5"
"2025","남","40","서울구로","결시","경상남도","1"
"2025","남","40","서울구로","결시","서울특별시","16"
"2025","남","40","서울구로","결시","인천광역시","3"
"2025","남","40","서울구로","불합격","경기도(수원)","27"
"2025","남","40","서울구로","불합격","경기도(의정부)","16"
"2025","남","40","서울구로","불합격","경상남도","1"
"2025","남","40","서울구로","불합격","서울특별시","30"
"2025","남","40","서울구로","불합격","인천광역시","19"
"2025","남","40","서울구로","불합격","전라남도","1"
"2025","남","40","서울구로","합격","경기도(수원)","113"
"2025","남","40","서울구로","합격","경기도(의정부)","69"
"2025","남","40","서울구로","합격","경상남도","3"
"2025","남","40","서울구로","합격","서울특별시","265"
"2025","남","40","서울구로","합격","인천광역시","90"
"2025","남","40","서울구로","합격","전라남도","5"
"2025","남","40","서울구로","합격","충청남도","1"
"2025","남","40","서울구로","합격","충청북도","1"
"2025","남","50","서울구로","결시","강원특별자치도","1"
"2025","남","50","서울구로","결시","경기도(수원)","11"
"2025","남","50","서울구로","결시","경기도(의정부)","5"
"2025","남","50","서울구로","결시","경상남도","1"
"2025","남","50","서울구로","결시","서울특별시","24"
"2025","남","50","서울구로","결시","인천광역시","5"
"2025","남","50","서울구로","불합격","경기도(수원)","29"
"2025","남","50","서울구로","불합격","경기도(의정부)","16"
"2025","남","50","서울구로","불합격","경상남도","1"
"2025","남","50","서울구로","불합격","서울특별시","75"
"2025","남","50","서울구로","불합격","인천광역시","17"
"2025","남","50","서울구로","불합격","전라남도","1"
"2025","남","50","서울구로","합격","경기도(수원)","251"
"2025","남","50","서울구로","합격","경기도(의정부)","225"
"2025","남","50","서울구로","합격","경상남도","5"
"2025","남","50","서울구로","합격","서울특별시","760"
"2025","남","50","서울구로","합격","인천광역시","200"
"2025","남","50","서울구로","합격","전라남도","10"
"2025","남","50","서울구로","합격","충청남도","1"
"2025","남","60","서울구로","결시","경기도(수원)","17"
"2025","남","60","서울구로","결시","경기도(의정부)","11"
"2025","남","60","서울구로","결시","서울특별시","27"
"2025","남","60","서울구로","결시","인천광역시","10"
"2025","남","60","서울구로","결시","전라남도","2"
"2025","남","60","서울구로","불합격","강원특별자치도","1"
"2025","남","60","서울구로","불합격","경기도(수원)","74"
"2025","남","60","서울구로","불합격","경기도(의정부)","28"
"2025","남","60","서울구로","불합격","경상남도","1"
"2025","남","60","서울구로","불합격","서울특별시","117"
"2025","남","60","서울구로","불합격","인천광역시","68"
"2025","남","60","서울구로","불합격","전라남도","1"
"2025","남","60","서울구로","합격","경기도(수원)","609"
"2025","남","60","서울구로","합격","경기도(의정부)","441"
"2025","남","60","서울구로","합격","경상남도","7"
"2025","남","60","서울구로","합격","광주광역시","2"
"2025","남","60","서울구로","합격","대구광역시","1"
"2025","남","60","서울구로","합격","서울특별시","1380"
"2025","남","60","서울구로","합격","인천광역시","633"
"2025","남","60","서울구로","합격","전라남도","13"
"2025","남","60","서울구로","합격","전북특별자치도","1"
"2025","남","60","서울구로","합격","충청남도","4"
"2025","남","60","서울구로","합격","충청북도","1"
"2025","남","70","서울구로","결시","경기도(수원)","4"
"2025","남","70","서울구로","결시","경기도(의정부)","2"
"2025","남","70","서울구로","결시","서울특별시","8"
"2025","남","70","서울구로","결시","인천광역시","3"
"2025","남","70","서울구로","결시","전라남도","2"
"2025","남","70","서울구로","불합격","경기도(수원)","30"
"2025","남","70","서울구로","불합격","경기도(의정부)","28"
"2025","남","70","서울구로","불합격","경상남도","1"
"2025","남","70","서울구로","불합격","서울특별시","112"
"2025","남","70","서울구로","불합격","인천광역시","55"
"2025","남","70","서울구로","불합격","전라남도","1"
"2025","남","70","서울구로","응시결격","경기도(수원)","1"
"2025","남","70","서울구로","합격","강원특별자치도","1"
"2025","남","70","서울구로","합격","경기도(수원)","239"
"2025","남","70","서울구로","합격","경기도(의정부)","141"
"2025","남","70","서울구로","합격","경상남도","2"
"2025","남","70","서울구로","합격","경상북도","1"
"2025","남","70","서울구로","합격","서울특별시","549"
"2025","남","70","서울구로","합격","인천광역시","200"
"2025","남","70","서울구로","합격","전라남도","4"
"2025","남","80","서울구로","결시","경기도(수원)","4"
"2025","남","80","서울구로","결시","경기도(의정부)","1"
"2025","남","80","서울구로","결시","서울특별시","3"
"2025","남","80","서울구로","불합격","경기도(수원)","18"
"2025","남","80","서울구로","불합격","경기도(의정부)","20"
"2025","남","80","서울구로","불합격","서울특별시","55"
"2025","남","80","서울구로","불합격","인천광역시","50"
"2025","남","80","서울구로","합격","경기도(수원)","34"
"2025","남","80","서울구로","합격","경기도(의정부)","24"
"2025","남","80","서울구로","합격","서울특별시","82"
"2025","남","80","서울구로","합격","인천광역시","26"
"2025","남","90","서울구로","결시","서울특별시","1"
"2025","남","90","서울구로","불합격","경기도(수원)","1"
"2025","남","90","서울구로","불합격","서울특별시","4"
"2025","남","90","서울구로","합격","서울특별시","1"
"2025","여","20","서울구로","결시","경기도(수원)","6"
"2025","여","20","서울구로","결시","경기도(의정부)","2"
"2025","여","20","서울구로","결시","서울특별시","9"
"2025","여","20","서울구로","결시","인천광역시","2"
"2025","여","20","서울구로","결시","전라남도","1"
"2025","여","20","서울구로","불합격","경기도(수원)","15"
"2025","여","20","서울구로","불합격","경기도(의정부)","21"
"2025","여","20","서울구로","불합격","서울특별시","27"
"2025","여","20","서울구로","불합격","인천광역시","2"
"2025","여","20","서울구로","합격","강원특별자치도","3"
"2025","여","20","서울구로","합격","경기도(수원)","59"
"2025","여","20","서울구로","합격","경기도(의정부)","50"
"2025","여","20","서울구로","합격","경상남도","2"
"2025","여","20","서울구로","합격","서울특별시","173"
"2025","여","20","서울구로","합격","인천광역시","52"
"2025","여","20","서울구로","합격","전라남도","5"
"2025","여","20","서울구로","합격","충청남도","6"
"2025","여","30","서울구로","결시","경기도(수원)","19"
"2025","여","30","서울구로","결시","경기도(의정부)","10"
"2025","여","30","서울구로","결시","경상남도","1"
"2025","여","30","서울구로","결시","서울특별시","36"
"2025","여","30","서울구로","결시","인천광역시","12"
"2025","여","30","서울구로","불합격","경기도(수원)","30"
"2025","여","30","서울구로","불합격","경기도(의정부)","38"
"2025","여","30","서울구로","불합격","경상남도","2"
"2025","여","30","서울구로","불합격","서울특별시","83"
"2025","여","30","서울구로","불합격","인천광역시","52"
"2025","여","30","서울구로","불합격","충청북도","1"
"2025","여","30","서울구로","응시결격","경기도(수원)","1"
"2025","여","30","서울구로","합격","강원특별자치도","7"
"2025","여","30","서울구로","합격","경기도(수원)","292"
"2025","여","30","서울구로","합격","경기도(의정부)","223"
"2025","여","30","서울구로","합격","경상남도","7"
"2025","여","30","서울구로","합격","광주광역시","1"
"2025","여","30","서울구로","합격","서울특별시","646"
"2025","여","30","서울구로","합격","인천광역시","244"
"2025","여","30","서울구로","합격","전라남도","12"
"2025","여","30","서울구로","합격","충청남도","2"
"2025","여","40","서울구로","결시","경기도(수원)","47"
"2025","여","40","서울구로","결시","경기도(의정부)","15"
"2025","여","40","서울구로","결시","경상남도","1"
"2025","여","40","서울구로","결시","서울특별시","69"
"2025","여","40","서울구로","결시","인천광역시","27"
"2025","여","40","서울구로","결시","전라남도","7"
"2025","여","40","서울구로","결시","전북특별자치도","1"
"2025","여","40","서울구로","결시","충청남도","1"
"2025","여","40","서울구로","불합격","강원특별자치도","1"
"2025","여","40","서울구로","불합격","경기도(수원)","84"
"2025","여","40","서울구로","불합격","경기도(의정부)","35"
"2025","여","40","서울구로","불합격","경상남도","1"
"2025","여","40","서울구로","불합격","서울특별시","135"
"2025","여","40","서울구로","불합격","인천광역시","53"
"2025","여","40","서울구로","불합격","전라남도","2"
"2025","여","40","서울구로","불합격","충청남도","1"
"2025","여","40","서울구로","응시결격","인천광역시","2"
"2025","여","40","서울구로","합격","강원특별자치도","6"
"2025","여","40","서울구로","합격","경기도(수원)","1200"
"2025","여","40","서울구로","합격","경기도(의정부)","745"
"2025","여","40","서울구로","합격","경상남도","12"
"2025","여","40","서울구로","합격","경상북도","1"
"2025","여","40","서울구로","합격","광주광역시","2"
"2025","여","40","서울구로","합격","서울특별시","2193"
"2025","여","40","서울구로","합격","울산광역시","1"
"2025","여","40","서울구로","합격","인천광역시","974"
"2025","여","40","서울구로","합격","전라남도","44"
"2025","여","40","서울구로","합격","충청남도","16"
"2025","여","40","서울구로","합격","충청북도","1"
"2025","여","50","서울구로","결시","경기도(수원)","53"
"2025","여","50","서울구로","결시","경기도(의정부)","40"
"2025","여","50","서울구로","결시","경상남도","2"
"2025","여","50","서울구로","결시","광주광역시","1"
"2025","여","50","서울구로","결시","서울특별시","105"
"2025","여","50","서울구로","결시","인천광역시","31"
"2025","여","50","서울구로","결시","전라남도","5"
"2025","여","50","서울구로","결시","충청북도","1"
"2025","여","50","서울구로","불합격","경기도(수원)","148"
"2025","여","50","서울구로","불합격","경기도(의정부)","74"
"2025","여","50","서울구로","불합격","경상남도","1"
"2025","여","50","서울구로","불합격","광주광역시","2"
"2025","여","50","서울구로","불합격","기타","1"
"2025","여","50","서울구로","불합격","서울특별시","307"
"2025","여","50","서울구로","불합격","인천광역시","105"
"2025","여","50","서울구로","불합격","전라남도","4"
"2025","여","50","서울구로","불합격","충청남도","2"
"2025","여","50","서울구로","응시결격","서울특별시","3"
"2025","여","50","서울구로","응시결격","인천광역시","2"
"2025","여","50","서울구로","합격","강원특별자치도","6"
"2025","여","50","서울구로","합격","경기도(수원)","2740"
"2025","여","50","서울구로","합격","경기도(의정부)","1762"
"2025","여","50","서울구로","합격","경상남도","32"
"2025","여","50","서울구로","합격","경상북도","3"
"2025","여","50","서울구로","합격","광주광역시","3"
"2025","여","50","서울구로","합격","부산광역시","1"
"2025","여","50","서울구로","합격","서울특별시","5425"
"2025","여","50","서울구로","합격","세종특별자치시","1"
"2025","여","50","서울구로","합격","울산광역시","1"
"2025","여","50","서울구로","합격","인천광역시","2362"
"2025","여","50","서울구로","합격","전라남도","76"
"2025","여","50","서울구로","합격","전북특별자치도","2"
"2025","여","50","서울구로","합격","충청남도","15"
"2025","여","60","서울구로","결시","경기도(수원)","43"
"2025","여","60","서울구로","결시","경기도(의정부)","36"
"2025","여","60","서울구로","결시","경상남도","3"
"2025","여","60","서울구로","결시","서울특별시","107"
"2025","여","60","서울구로","결시","인천광역시","20"
"2025","여","60","서울구로","결시","전라남도","4"
"2025","여","60","서울구로","결시","충청남도","1"
"2025","여","60","서울구로","불합격","강원특별자치도","2"
"2025","여","60","서울구로","불합격","경기도(수원)","332"
"2025","여","60","서울구로","불합격","경기도(의정부)","148"
"2025","여","60","서울구로","불합격","경상남도","5"
"2025","여","60","서울구로","불합격","서울특별시","700"
"2025","여","60","서울구로","불합격","인천광역시","300"
"2025","여","60","서울구로","불합격","전라남도","11"
"2025","여","60","서울구로","불합격","충청남도","3"
"2025","여","60","서울구로","응시결격","서울특별시","1"
"2025","여","60","서울구로","합격","강원특별자치도","6"
"2025","여","60","서울구로","합격","경기도(수원)","2268"
"2025","여","60","서울구로","합격","경기도(의정부)","1448"
"2025","여","60","서울구로","합격","경상남도","31"
"2025","여","60","서울구로","합격","광주광역시","1"
"2025","여","60","서울구로","합격","대전광역시","1"
"2025","여","60","서울구로","합격","서울특별시","4994"
"2025","여","60","서울구로","합격","세종특별자치시","1"
"2025","여","60","서울구로","합격","인천광역시","2406"
"2025","여","60","서울구로","합격","전라남도","56"
"2025","여","60","서울구로","합격","전북특별자치도","5"
"2025","여","60","서울구로","합격","충청남도","7"
"2025","여","60","서울구로","합격","충청북도","1"
"2025","여","70","서울구로","결시","경기도(수원)","11"
"2025","여","70","서울구로","결시","경기도(의정부)","8"
"2025","여","70","서울구로","결시","서울특별시","37"
"2025","여","70","서울구로","결시","인천광역시","12"
"2025","여","70","서울구로","불합격","경기도(수원)","164"
"2025","여","70","서울구로","불합격","경기도(의정부)","84"
"2025","여","70","서울구로","불합격","서울특별시","473"
"2025","여","70","서울구로","불합격","인천광역시","163"
"2025","여","70","서울구로","불합격","전라남도","4"
"2025","여","70","서울구로","불합격","충청남도","4"
"2025","여","70","서울구로","합격","경기도(수원)","436"
"2025","여","70","서울구로","합격","경기도(의정부)","258"
"2025","여","70","서울구로","합격","경상남도","1"
"2025","여","70","서울구로","합격","대전광역시","1"
"2025","여","70","서울구로","합격","서울특별시","1184"
"2025","여","70","서울구로","합격","인천광역시","415"
"2025","여","70","서울구로","합격","전라남도","5"
"2025","여","80","서울구로","결시","경기도(수원)","2"
"2025","여","80","서울구로","결시","경기도(의정부)","1"
"2025","여","80","서울구로","결시","서울특별시","4"
"2025","여","80","서울구로","불합격","경기도(수원)","9"
"2025","여","80","서울구로","불합격","경기도(의정부)","7"
"2025","여","80","서울구로","불합격","광주광역시","2"
"2025","여","80","서울구로","불합격","서울특별시","38"
"2025","여","80","서울구로","불합격","인천광역시","3"
"2025","여","80","서울구로","합격","경기도(수원)","23"
"2025","여","80","서울구로","합격","경기도(의정부)","13"
"2025","여","80","서울구로","합격","서울특별시","46"
"2025","여","80","서울구로","합격","인천광역시","8"
"2025","여","80","서울구로","합격","전라남도","1"
"2025","남","10","전북전주","불합격","전북특별자치도","3"
"2025","남","10","전북전주","합격","전북특별자치도","2"
"2025","남","20","전북전주","결시","경기도(수원)","1"
"2025","남","20","전북전주","결시","경상남도","1"
"2025","남","20","전북전주","결시","전북특별자치도","2"
"2025","남","20","전북전주","불합격","경기도(수원)","1"
"2025","남","20","전북전주","불합격","대구광역시","1"
"2025","남","20","전북전주","불합격","전라남도","2"
"2025","남","20","전북전주","불합격","전북특별자치도","11"
"2025","남","20","전북전주","불합격","충청남도","1"
"2025","남","20","전북전주","합격","경상남도","1"
"2025","남","20","전북전주","합격","전라남도","1"
"2025","남","20","전북전주","합격","전북특별자치도","22"
"2025","남","20","전북전주","합격","충청남도","1"
"2025","남","30","전북전주","결시","전북특별자치도","4"
"2025","남","30","전북전주","불합격","서울특별시","1"
"2025","남","30","전북전주","불합격","전북특별자치도","14"
"2025","남","30","전북전주","합격","광주광역시","1"
"2025","남","30","전북전주","합격","서울특별시","1"
"2025","남","30","전북전주","합격","전라남도","2"
"2025","남","30","전북전주","합격","전북특별자치도","44"
"2025","남","30","전북전주","합격","충청남도","2"
"2025","남","40","전북전주","결시","전라남도","1"
"2025","남","40","전북전주","결시","전북특별자치도","4"
"2025","남","40","전북전주","불합격","대전광역시","1"
"2025","남","40","전북전주","불합격","전라남도","1"
"2025","남","40","전북전주","불합격","전북특별자치도","16"
"2025","남","40","전북전주","불합격","충청남도","1"
"2025","남","40","전북전주","합격","경상남도","1"
"2025","남","40","전북전주","합격","전라남도","3"
"2025","남","40","전북전주","합격","전북특별자치도","90"
"2025","남","40","전북전주","합격","충청남도","4"
"2025","남","50","전북전주","결시","전라남도","1"
"2025","남","50","전북전주","결시","전북특별자치도","10"
"2025","남","50","전북전주","불합격","전라남도","5"
"2025","남","50","전북전주","불합격","전북특별자치도","21"
"2025","남","50","전북전주","불합격","충청남도","1"
"2025","남","50","전북전주","합격","경기도(수원)","1"
"2025","남","50","전북전주","합격","경상남도","6"
"2025","남","50","전북전주","합격","대전광역시","2"
"2025","남","50","전북전주","합격","부산광역시","2"
"2025","남","50","전북전주","합격","인천광역시","1"
"2025","남","50","전북전주","합격","전라남도","19"
"2025","남","50","전북전주","합격","전북특별자치도","225"
"2025","남","50","전북전주","합격","제주특별자치도","1"
"2025","남","50","전북전주","합격","충청남도","15"
"2025","남","60","전북전주","결시","강원특별자치도","1"
"2025","남","60","전북전주","결시","경상남도","1"
"2025","남","60","전북전주","결시","경상북도","1"
"2025","남","60","전북전주","결시","전라남도","4"
"2025","남","60","전북전주","결시","전북특별자치도","8"
"2025","남","60","전북전주","결시","충청남도","1"
"2025","남","60","전북전주","불합격","경기도(수원)","1"
"2025","남","60","전북전주","불합격","경상북도","1"
"2025","남","60","전북전주","불합격","전라남도","9"
"2025","남","60","전북전주","불합격","전북특별자치도","48"
"2025","남","60","전북전주","불합격","충청남도","6"
"2025","남","60","전북전주","합격","경기도(수원)","5"
"2025","남","60","전북전주","합격","경상남도","7"
"2025","남","60","전북전주","합격","대전광역시","2"
"2025","남","60","전북전주","합격","서울특별시","1"
"2025","남","60","전북전주","합격","전라남도","47"
"2025","남","60","전북전주","합격","전북특별자치도","502"
"2025","남","60","전북전주","합격","충청남도","47"
"2025","남","70","전북전주","결시","경상남도","1"
"2025","남","70","전북전주","결시","전북특별자치도","10"
"2025","남","70","전북전주","결시","충청남도","1"
"2025","남","70","전북전주","불합격","경기도(수원)","4"
"2025","남","70","전북전주","불합격","경상남도","1"
"2025","남","70","전북전주","불합격","광주광역시","1"
"2025","남","70","전북전주","불합격","서울특별시","1"
"2025","남","70","전북전주","불합격","전라남도","8"
"2025","남","70","전북전주","불합격","전북특별자치도","43"
"2025","남","70","전북전주","불합격","충청남도","5"
"2025","남","70","전북전주","합격","경기도(수원)","1"
"2025","남","70","전북전주","합격","경상남도","9"
"2025","남","70","전북전주","합격","대전광역시","1"
"2025","남","70","전북전주","합격","전라남도","13"
"2025","남","70","전북전주","합격","전북특별자치도","191"
"2025","남","70","전북전주","합격","충청남도","12"
"2025","남","70","전북전주","합격","충청북도","1"
"2025","남","80","전북전주","불합격","전북특별자치도","10"
"2025","남","80","전북전주","불합격","충청남도","1"
"2025","남","80","전북전주","합격","전북특별자치도","32"
"2025","남","80","전북전주","합격","충청남도","1"
"2025","여","10","전북전주","결시","전북특별자치도","1"
"2025","여","10","전북전주","불합격","전북특별자치도","1"
"2025","여","10","전북전주","합격","전북특별자치도","37"
"2025","여","20","전북전주","결시","경기도(수원)","1"
"2025","여","20","전북전주","결시","전라남도","1"
"2025","여","20","전북전주","결시","전북특별자치도","7"
"2025","여","20","전북전주","결시","충청남도","1"
"2025","여","20","전북전주","불합격","전북특별자치도","11"
"2025","여","20","전북전주","불합격","충청남도","3"
"2025","여","20","전북전주","합격","경기도(의정부)","1"
"2025","여","20","전북전주","합격","경상남도","1"
"2025","여","20","전북전주","합격","서울특별시","2"
"2025","여","20","전북전주","합격","인천광역시","1"
"2025","여","20","전북전주","합격","전라남도","7"
"2025","여","20","전북전주","합격","전북특별자치도","83"
"2025","여","30","전북전주","결시","서울특별시","2"
"2025","여","30","전북전주","결시","전북특별자치도","12"
"2025","여","30","전북전주","결시","충청남도","1"
"2025","여","30","전북전주","불합격","경상남도","6"
"2025","여","30","전북전주","불합격","전라남도","5"
"2025","여","30","전북전주","불합격","전북특별자치도","54"
"2025","여","30","전북전주","불합격","충청남도","2"
"2025","여","30","전북전주","합격","강원특별자치도","1"
"2025","여","30","전북전주","합격","경상남도","4"
"2025","여","30","전북전주","합격","경상북도","2"
"2025","여","30","전북전주","합격","광주광역시","2"
"2025","여","30","전북전주","합격","서울특별시","1"
"2025","여","30","전북전주","합격","세종특별자치시","1"
"2025","여","30","전북전주","합격","전라남도","23"
"2025","여","30","전북전주","합격","전북특별자치도","297"
"2025","여","30","전북전주","합격","충청남도","12"
"2025","여","40","전북전주","결시","강원특별자치도","1"
"2025","여","40","전북전주","결시","대전광역시","1"
"2025","여","40","전북전주","결시","전라남도","6"
"2025","여","40","전북전주","결시","전북특별자치도","18"
"2025","여","40","전북전주","결시","충청남도","3"
"2025","여","40","전북전주","불합격","경기도(수원)","2"
"2025","여","40","전북전주","불합격","전라남도","17"
"2025","여","40","전북전주","불합격","전북특별자치도","89"
"2025","여","40","전북전주","불합격","충청남도","4"
"2025","여","40","전북전주","합격","경기도(수원)","1"
"2025","여","40","전북전주","합격","경상남도","10"
"2025","여","40","전북전주","합격","경상북도","1"
"2025","여","40","전북전주","합격","광주광역시","1"
"2025","여","40","전북전주","합격","대전광역시","1"
"2025","여","40","전북전주","합격","서울특별시","2"
"2025","여","40","전북전주","합격","인천광역시","2"
"2025","여","40","전북전주","합격","전라남도","71"
"2025","여","40","전북전주","합격","전북특별자치도","878"
"2025","여","40","전북전주","합격","충청남도","52"
"2025","여","40","전북전주","합격","충청북도","3"
"2025","여","50","전북전주","결시","경상남도","3"
"2025","여","50","전북전주","결시","부산광역시","1"
"2025","여","50","전북전주","결시","전라남도","11"
"2025","여","50","전북전주","결시","전북특별자치도","22"
"2025","여","50","전북전주","불합격","경기도(수원)","1"
"2025","여","50","전북전주","불합격","경상남도","2"
"2025","여","50","전북전주","불합격","서울특별시","1"
"2025","여","50","전북전주","불합격","전라남도","28"
"2025","여","50","전북전주","불합격","전북특별자치도","99"
"2025","여","50","전북전주","불합격","충청남도","9"
"2025","여","50","전북전주","합격","경기도(수원)","7"
"2025","여","50","전북전주","합격","경기도(의정부)","1"
"2025","여","50","전북전주","합격","경상남도","23"
"2025","여","50","전북전주","합격","경상북도","2"
"2025","여","50","전북전주","합격","광주광역시","9"
"2025","여","50","전북전주","합격","대전광역시","7"
"2025","여","50","전북전주","합격","서울특별시","5"
"2025","여","50","전북전주","합격","전라남도","160"
"2025","여","50","전북전주","합격","전북특별자치도","1617"
"2025","여","50","전북전주","합격","제주특별자치도","2"
"2025","여","50","전북전주","합격","충청남도","101"
"2025","여","50","전북전주","합격","충청북도","1"
"2025","여","60","전북전주","결시","경상남도","1"
"2025","여","60","전북전주","결시","경상북도","1"
"2025","여","60","전북전주","결시","광주광역시","1"
"2025","여","60","전북전주","결시","전라남도","4"
"2025","여","60","전북전주","결시","전북특별자치도","18"
"2025","여","60","전북전주","불합격","강원특별자치도","1"
"2025","여","60","전북전주","불합격","경기도(수원)","1"
"2025","여","60","전북전주","불합격","경기도(의정부)","1"
"2025","여","60","전북전주","불합격","경상남도","9"
"2025","여","60","전북전주","불합격","광주광역시","2"
"2025","여","60","전북전주","불합격","대전광역시","3"
"2025","여","60","전북전주","불합격","전라남도","42"
"2025","여","60","전북전주","불합격","전북특별자치도","219"
"2025","여","60","전북전주","불합격","충청남도","36"
"2025","여","60","전북전주","불합격","충청북도","1"
"2025","여","60","전북전주","합격","경기도(수원)","6"
"2025","여","60","전북전주","합격","경기도(의정부)","1"
"2025","여","60","전북전주","합격","경상남도","32"
"2025","여","60","전북전주","합격","광주광역시","5"
"2025","여","60","전북전주","합격","대전광역시","5"
"2025","여","60","전북전주","합격","서울특별시","2"
"2025","여","60","전북전주","합격","세종특별자치시","1"
"2025","여","60","전북전주","합격","인천광역시","2"
"2025","여","60","전북전주","합격","전라남도","126"
"2025","여","60","전북전주","합격","전북특별자치도","1378"
"2025","여","60","전북전주","합격","충청남도","121"
"2025","여","60","전북전주","합격","충청북도","1"
"2025","여","70","전북전주","결시","울산광역시","1"
"2025","여","70","전북전주","결시","전라남도","1"
"2025","여","70","전북전주","결시","전북특별자치도","6"
"2025","여","70","전북전주","결시","충청남도","1"
"2025","여","70","전북전주","결시","충청북도","1"
"2025","여","70","전북전주","불합격","경기도(수원)","1"
"2025","여","70","전북전주","불합격","경상남도","2"
"2025","여","70","전북전주","불합격","전라남도","5"
"2025","여","70","전북전주","불합격","전북특별자치도","111"
"2025","여","70","전북전주","불합격","충청남도","22"
"2025","여","70","전북전주","합격","경기도(수원)","1"
"2025","여","70","전북전주","합격","경상남도","15"
"2025","여","70","전북전주","합격","대전광역시","1"
"2025","여","70","전북전주","합격","서울특별시","1"
"2025","여","70","전북전주","합격","전라남도","15"
"2025","여","70","전북전주","합격","전북특별자치도","288"
"2025","여","70","전북전주","합격","충청남도","18"
"2025","여","80","전북전주","결시","전북특별자치도","1"
"2025","여","80","전북전주","불합격","전라남도","1"
"2025","여","80","전북전주","불합격","전북특별자치도","13"
"2025","여","80","전북전주","불합격","충청남도","6"
"2025","여","80","전북전주","합격","전라남도","1"
"2025","여","80","전북전주","합격","전북특별자치도","9"
"2025","여","80","전북전주","합격","충청남도","1"
"2025","남","10","제주","불합격","제주특별자치도","1"
"2025","남","10","제주","합격","제주특별자치도","3"
"2025","남","20","제주","결시","제주특별자치도","1"
"2025","남","20","제주","불합격","제주특별자치도","1"
"2025","남","20","제주","합격","광주광역시","1"
"2025","남","20","제주","합격","제주특별자치도","6"
"2025","남","30","제주","결시","인천광역시","1"
"2025","남","30","제주","결시","제주특별자치도","4"
"2025","남","30","제주","불합격","제주특별자치도","6"
"2025","남","30","제주","합격","제주특별자치도","11"
"2025","남","40","제주","결시","경기도(수원)","1"
"2025","남","40","제주","불합격","제주특별자치도","3"
"2025","남","40","제주","합격","전라남도","1"
"2025","남","40","제주","합격","제주특별자치도","26"
"2025","남","50","제주","결시","제주특별자치도","3"
"2025","남","50","제주","불합격","전라남도","1"
"2025","남","50","제주","불합격","제주특별자치도","6"
"2025","남","50","제주","합격","서울특별시","1"
"2025","남","50","제주","합격","전라남도","2"
"2025","남","50","제주","합격","제주특별자치도","74"
"2025","남","60","제주","결시","경상남도","1"
"2025","남","60","제주","결시","제주특별자치도","2"
"2025","남","60","제주","불합격","제주특별자치도","5"
"2025","남","60","제주","합격","서울특별시","1"
"2025","남","60","제주","합격","전라남도","4"
"2025","남","60","제주","합격","제주특별자치도","99"
"2025","남","70","제주","불합격","제주특별자치도","3"
"2025","남","70","제주","합격","제주특별자치도","44"
"2025","남","80","제주","합격","전라남도","1"
"2025","남","80","제주","합격","제주특별자치도","1"
"2025","여","10","제주","불합격","제주특별자치도","1"
"2025","여","10","제주","합격","제주특별자치도","15"
"2025","여","20","제주","결시","제주특별자치도","3"
"2025","여","20","제주","불합격","제주특별자치도","12"
"2025","여","20","제주","합격","서울특별시","2"
"2025","여","20","제주","합격","제주특별자치도","15"
"2025","여","30","제주","결시","강원특별자치도","1"
"2025","여","30","제주","결시","제주특별자치도","3"
"2025","여","30","제주","불합격","제주특별자치도","22"
"2025","여","30","제주","합격","경상남도","1"
"2025","여","30","제주","합격","경상북도","1"
"2025","여","30","제주","합격","서울특별시","1"
"2025","여","30","제주","합격","인천광역시","1"
"2025","여","30","제주","합격","제주특별자치도","61"
"2025","여","40","제주","결시","경상남도","2"
"2025","여","40","제주","결시","제주특별자치도","6"
"2025","여","40","제주","불합격","전라남도","1"
"2025","여","40","제주","불합격","제주특별자치도","19"
"2025","여","40","제주","응시결격","제주특별자치도","1"
"2025","여","40","제주","합격","경기도(의정부)","1"
"2025","여","40","제주","합격","대구광역시","1"
"2025","여","40","제주","합격","서울특별시","4"
"2025","여","40","제주","합격","전라남도","3"
"2025","여","40","제주","합격","제주특별자치도","201"
"2025","여","40","제주","합격","충청남도","2"
"2025","여","50","제주","결시","경상남도","2"
"2025","여","50","제주","결시","울산광역시","1"
"2025","여","50","제주","결시","제주특별자치도","7"
"2025","여","50","제주","불합격","제주특별자치도","29"
"2025","여","50","제주","응시결격","제주특별자치도","1"
"2025","여","50","제주","합격","경기도(수원)","2"
"2025","여","50","제주","합격","경상남도","2"
"2025","여","50","제주","합격","부산광역시","2"
"2025","여","50","제주","합격","서울특별시","1"
"2025","여","50","제주","합격","인천광역시","1"
"2025","여","50","제주","합격","전라남도","6"
"2025","여","50","제주","합격","제주특별자치도","446"
"2025","여","60","제주","결시","서울특별시","1"
"2025","여","60","제주","결시","제주특별자치도","11"
"2025","여","60","제주","불합격","인천광역시","1"
"2025","여","60","제주","불합격","전라남도","1"
"2025","여","60","제주","불합격","제주특별자치도","30"
"2025","여","60","제주","합격","경기도(수원)","1"
"2025","여","60","제주","합격","경상남도","2"
"2025","여","60","제주","합격","전라남도","7"
"2025","여","60","제주","합격","제주특별자치도","443"
"2025","여","70","제주","불합격","전라남도","1"
"2025","여","70","제주","불합격","제주특별자치도","6"
"2025","여","70","제주","합격","경기도(수원)","1"
"2025","여","70","제주","합격","제주특별자치도","59"
"2026","남","20","강원원주","결시","강원특별자치도","1"
"2026","남","20","강원원주","불합격","강원특별자치도","3"
"2026","남","20","강원원주","합격","강원특별자치도","3"
"2026","남","20","강원원주","합격","경상북도","1"
"2026","남","30","강원원주","불합격","강원특별자치도","2"
"2026","남","30","강원원주","불합격","경상북도","2"
"2026","남","30","강원원주","불합격","충청북도","1"
"2026","남","30","강원원주","합격","강원특별자치도","11"
"2026","남","30","강원원주","합격","경기도(수원)","1"
"2026","남","40","강원원주","불합격","강원특별자치도","3"
"2026","남","40","강원원주","합격","강원특별자치도","16"
"2026","남","40","강원원주","합격","경기도(수원)","6"
"2026","남","40","강원원주","합격","경기도(의정부)","1"
"2026","남","40","강원원주","합격","경상북도","1"
"2026","남","40","강원원주","합격","전라남도","1"
"2026","남","40","강원원주","합격","충청북도","2"
"2026","남","50","강원원주","결시","강원특별자치도","2"
"2026","남","50","강원원주","불합격","강원특별자치도","4"
"2026","남","50","강원원주","불합격","충청북도","3"
"2026","남","50","강원원주","합격","강원특별자치도","69"
"2026","남","50","강원원주","합격","경기도(수원)","4"
"2026","남","50","강원원주","합격","서울특별시","2"
"2026","남","50","강원원주","합격","충청북도","9"
"2026","남","60","강원원주","불합격","강원특별자치도","14"
"2026","남","60","강원원주","불합격","경기도(수원)","1"
"2026","남","60","강원원주","불합격","충청북도","4"
"2026","남","60","강원원주","합격","강원특별자치도","138"
"2026","남","60","강원원주","합격","경기도(수원)","12"
"2026","남","60","강원원주","합격","경기도(의정부)","1"
"2026","남","60","강원원주","합격","경상북도","1"
"2026","남","60","강원원주","합격","서울특별시","2"
"2026","남","60","강원원주","합격","충청북도","10"
"2026","남","70","강원원주","불합격","강원특별자치도","6"
"2026","남","70","강원원주","불합격","경기도(수원)","6"
"2026","남","70","강원원주","불합격","충청북도","2"
"2026","남","70","강원원주","합격","강원특별자치도","59"
"2026","남","70","강원원주","합격","경기도(수원)","14"
"2026","남","70","강원원주","합격","경상남도","1"
"2026","남","70","강원원주","합격","경상북도","1"
"2026","남","70","강원원주","합격","충청북도","14"
"2026","남","80","강원원주","불합격","강원특별자치도","1"
"2026","남","80","강원원주","불합격","충청북도","1"
"2026","남","80","강원원주","합격","강원특별자치도","5"
"2026","남","80","강원원주","합격","경기도(수원)","1"
"2026","남","80","강원원주","합격","충청북도","1"
"2026","여","20","강원원주","불합격","강원특별자치도","5"
"2026","여","20","강원원주","불합격","충청북도","2"
"2026","여","20","강원원주","합격","강원특별자치도","11"
"2026","여","20","강원원주","합격","충청북도","2"
"2026","여","30","강원원주","결시","강원특별자치도","4"
"2026","여","30","강원원주","불합격","강원특별자치도","7"
"2026","여","30","강원원주","불합격","경기도(수원)","2"
"2026","여","30","강원원주","불합격","경기도(의정부)","1"
"2026","여","30","강원원주","불합격","충청북도","1"
"2026","여","30","강원원주","합격","강원특별자치도","48"
"2026","여","30","강원원주","합격","경기도(수원)","2"
"2026","여","30","강원원주","합격","경기도(의정부)","3"
"2026","여","30","강원원주","합격","경상북도","1"
"2026","여","30","강원원주","합격","서울특별시","2"
"2026","여","30","강원원주","합격","인천광역시","1"
"2026","여","30","강원원주","합격","충청북도","9"
"2026","여","40","강원원주","결시","강원특별자치도","1"
"2026","여","40","강원원주","결시","경기도(수원)","1"
"2026","여","40","강원원주","결시","충청북도","2"
"2026","여","40","강원원주","불합격","강원특별자치도","19"
"2026","여","40","강원원주","불합격","경상북도","1"
"2026","여","40","강원원주","불합격","충청북도","4"
"2026","여","40","강원원주","합격","강원특별자치도","205"
"2026","여","40","강원원주","합격","경기도(수원)","21"
"2026","여","40","강원원주","합격","경기도(의정부)","9"
"2026","여","40","강원원주","합격","경상남도","1"
"2026","여","40","강원원주","합격","경상북도","9"
"2026","여","40","강원원주","합격","대구광역시","1"
"2026","여","40","강원원주","합격","서울특별시","3"
"2026","여","40","강원원주","합격","충청북도","31"
"2026","여","50","강원원주","결시","강원특별자치도","6"
"2026","여","50","강원원주","불합격","강원특별자치도","15"
"2026","여","50","강원원주","불합격","경기도(의정부)","1"
"2026","여","50","강원원주","불합격","경상북도","1"
"2026","여","50","강원원주","불합격","충청북도","2"
"2026","여","50","강원원주","합격","강원특별자치도","480"
"2026","여","50","강원원주","합격","경기도(수원)","56"
"2026","여","50","강원원주","합격","경기도(의정부)","6"
"2026","여","50","강원원주","합격","경상북도","11"
"2026","여","50","강원원주","합격","서울특별시","3"
"2026","여","50","강원원주","합격","인천광역시","1"
"2026","여","50","강원원주","합격","전라남도","3"
"2026","여","50","강원원주","합격","충청남도","3"
"2026","여","50","강원원주","합격","충청북도","69"
"2026","여","60","강원원주","결시","강원특별자치도","3"
"2026","여","60","강원원주","결시","경기도(수원)","2"
"2026","여","60","강원원주","결시","경기도(의정부)","1"
"2026","여","60","강원원주","결시","충청북도","3"
"2026","여","60","강원원주","불합격","강원특별자치도","55"
"2026","여","60","강원원주","불합격","경기도(수원)","11"
"2026","여","60","강원원주","불합격","경기도(의정부)","1"
"2026","여","60","강원원주","불합격","경상북도","1"
"2026","여","60","강원원주","불합격","충청북도","15"
"2026","여","60","강원원주","합격","강원특별자치도","459"
"2026","여","60","강원원주","합격","경기도(수원)","70"
"2026","여","60","강원원주","합격","경기도(의정부)","4"
"2026","여","60","강원원주","합격","경상남도","1"
"2026","여","60","강원원주","합격","경상북도","6"
"2026","여","60","강원원주","합격","서울특별시","1"
"2026","여","60","강원원주","합격","제주특별자치도","1"
"2026","여","60","강원원주","합격","충청남도","2"
"2026","여","60","강원원주","합격","충청북도","98"
"2026","여","70","강원원주","결시","강원특별자치도","3"
"2026","여","70","강원원주","결시","경기도(수원)","1"
"2026","여","70","강원원주","결시","충청북도","1"
"2026","여","70","강원원주","불합격","강원특별자치도","24"
"2026","여","70","강원원주","불합격","경기도(수원)","14"
"2026","여","70","강원원주","불합격","충청북도","9"
"2026","여","70","강원원주","합격","강원특별자치도","121"
"2026","여","70","강원원주","합격","경기도(수원)","20"
"2026","여","70","강원원주","합격","경기도(의정부)","1"
"2026","여","70","강원원주","합격","충청북도","14"
"2026","여","80","강원원주","합격","강원특별자치도","2"
"2026","여","80","강원원주","합격","경기도(수원)","1"
"2026","여","80","강원원주","합격","충청북도","1"
"2026","남","20","경기성남","결시","경기도(수원)","2"
"2026","남","20","경기성남","결시","경기도(의정부)","1"
"2026","남","20","경기성남","결시","충청남도","1"
"2026","남","20","경기성남","불합격","경기도(수원)","11"
"2026","남","20","경기성남","불합격","경기도(의정부)","10"
"2026","남","20","경기성남","불합격","서울특별시","6"
"2026","남","20","경기성남","불합격","인천광역시","1"
"2026","남","20","경기성남","불합격","충청북도","1"
"2026","남","20","경기성남","합격","강원특별자치도","1"
"2026","남","20","경기성남","합격","경기도(수원)","27"
"2026","남","20","경기성남","합격","경기도(의정부)","13"
"2026","남","20","경기성남","합격","서울특별시","14"
"2026","남","20","경기성남","합격","인천광역시","1"
"2026","남","30","경기성남","결시","경기도(수원)","6"
"2026","남","30","경기성남","결시","경기도(의정부)","2"
"2026","남","30","경기성남","결시","인천광역시","1"
"2026","남","30","경기성남","불합격","경기도(수원)","13"
"2026","남","30","경기성남","불합격","경기도(의정부)","7"
"2026","남","30","경기성남","불합격","서울특별시","6"
"2026","남","30","경기성남","불합격","인천광역시","1"
"2026","남","30","경기성남","불합격","전라남도","2"
"2026","남","30","경기성남","합격","경기도(수원)","49"
"2026","남","30","경기성남","합격","경기도(의정부)","20"
"2026","남","30","경기성남","합격","서울특별시","22"
"2026","남","30","경기성남","합격","인천광역시","1"
"2026","남","30","경기성남","합격","전라남도","4"
"2026","남","40","경기성남","결시","경기도(수원)","5"
"2026","남","40","경기성남","결시","서울특별시","7"
"2026","남","40","경기성남","결시","전라남도","1"
"2026","남","40","경기성남","불합격","경기도(수원)","18"
"2026","남","40","경기성남","불합격","경기도(의정부)","5"
"2026","남","40","경기성남","불합격","서울특별시","7"
"2026","남","40","경기성남","불합격","전라남도","1"
"2026","남","40","경기성남","합격","경기도(수원)","101"
"2026","남","40","경기성남","합격","경기도(의정부)","35"
"2026","남","40","경기성남","합격","경상북도","1"
"2026","남","40","경기성남","합격","서울특별시","50"
"2026","남","40","경기성남","합격","인천광역시","3"
"2026","남","40","경기성남","합격","전라남도","2"
"2026","남","40","경기성남","합격","충청북도","2"
"2026","남","50","경기성남","결시","경기도(수원)","9"
"2026","남","50","경기성남","결시","경기도(의정부)","1"
"2026","남","50","경기성남","결시","서울특별시","4"
"2026","남","50","경기성남","결시","전라남도","1"
"2026","남","50","경기성남","불합격","경기도(수원)","23"
"2026","남","50","경기성남","불합격","경기도(의정부)","11"
"2026","남","50","경기성남","불합격","서울특별시","12"
"2026","남","50","경기성남","불합격","인천광역시","1"
"2026","남","50","경기성남","불합격","충청북도","1"
"2026","남","50","경기성남","합격","강원특별자치도","7"
"2026","남","50","경기성남","합격","경기도(수원)","262"
"2026","남","50","경기성남","합격","경기도(의정부)","109"
"2026","남","50","경기성남","합격","경상남도","2"
"2026","남","50","경기성남","합격","경상북도","1"
"2026","남","50","경기성남","합격","서울특별시","114"
"2026","남","50","경기성남","합격","인천광역시","5"
"2026","남","50","경기성남","합격","전라남도","1"
"2026","남","50","경기성남","합격","충청남도","1"
"2026","남","50","경기성남","합격","충청북도","2"
"2026","남","60","경기성남","결시","강원특별자치도","1"
"2026","남","60","경기성남","결시","경기도(수원)","4"
"2026","남","60","경기성남","결시","경기도(의정부)","5"
"2026","남","60","경기성남","결시","서울특별시","4"
"2026","남","60","경기성남","결시","인천광역시","1"
"2026","남","60","경기성남","결시","전라남도","1"
"2026","남","60","경기성남","불합격","강원특별자치도","1"
"2026","남","60","경기성남","불합격","경기도(수원)","66"
"2026","남","60","경기성남","불합격","경기도(의정부)","21"
"2026","남","60","경기성남","불합격","경상북도","1"
"2026","남","60","경기성남","불합격","서울특별시","23"
"2026","남","60","경기성남","불합격","전라남도","3"
"2026","남","60","경기성남","불합격","충청북도","1"
"2026","남","60","경기성남","합격","강원특별자치도","8"
"2026","남","60","경기성남","합격","경기도(수원)","706"
"2026","남","60","경기성남","합격","경기도(의정부)","251"
"2026","남","60","경기성남","합격","경상남도","2"
"2026","남","60","경기성남","합격","경상북도","1"
"2026","남","60","경기성남","합격","대전광역시","1"
"2026","남","60","경기성남","합격","서울특별시","240"
"2026","남","60","경기성남","합격","인천광역시","14"
"2026","남","60","경기성남","합격","전라남도","5"
"2026","남","60","경기성남","합격","충청남도","3"
"2026","남","60","경기성남","합격","충청북도","3"
"2026","남","70","경기성남","결시","경기도(수원)","7"
"2026","남","70","경기성남","결시","서울특별시","1"
"2026","남","70","경기성남","불합격","경기도(수원)","54"
"2026","남","70","경기성남","불합격","경기도(의정부)","22"
"2026","남","70","경기성남","불합격","경상북도","2"
"2026","남","70","경기성남","불합격","서울특별시","19"
"2026","남","70","경기성남","불합격","인천광역시","1"
"2026","남","70","경기성남","합격","강원특별자치도","3"
"2026","남","70","경기성남","합격","경기도(수원)","290"
"2026","남","70","경기성남","합격","경기도(의정부)","102"
"2026","남","70","경기성남","합격","경상북도","2"
"2026","남","70","경기성남","합격","대전광역시","1"
"2026","남","70","경기성남","합격","서울특별시","104"
"2026","남","70","경기성남","합격","인천광역시","5"
"2026","남","70","경기성남","합격","충청남도","3"
"2026","남","70","경기성남","합격","충청북도","2"
"2026","남","80","경기성남","결시","경기도(수원)","4"
"2026","남","80","경기성남","결시","서울특별시","1"
"2026","남","80","경기성남","불합격","경기도(수원)","32"
"2026","남","80","경기성남","불합격","경기도(의정부)","5"
"2026","남","80","경기성남","불합격","대전광역시","1"
"2026","남","80","경기성남","불합격","서울특별시","8"
"2026","남","80","경기성남","불합격","인천광역시","1"
"2026","남","80","경기성남","합격","강원특별자치도","1"
"2026","남","80","경기성남","합격","경기도(수원)","41"
"2026","남","80","경기성남","합격","경기도(의정부)","19"
"2026","남","80","경기성남","합격","대전광역시","1"
"2026","남","80","경기성남","합격","서울특별시","19"
"2026","남","90","경기성남","합격","경기도(수원)","2"
"2026","여","10","경기성남","합격","경기도(수원)","1"
"2026","여","20","경기성남","결시","경기도(수원)","1"
"2026","여","20","경기성남","결시","경기도(의정부)","1"
"2026","여","20","경기성남","결시","서울특별시","3"
"2026","여","20","경기성남","불합격","경기도(수원)","17"
"2026","여","20","경기성남","불합격","경기도(의정부)","1"
"2026","여","20","경기성남","불합격","서울특별시","10"
"2026","여","20","경기성남","합격","경기도(수원)","54"
"2026","여","20","경기성남","합격","경기도(의정부)","15"
"2026","여","20","경기성남","합격","경상남도","1"
"2026","여","20","경기성남","합격","부산광역시","1"
"2026","여","20","경기성남","합격","서울특별시","15"
"2026","여","20","경기성남","합격","전라남도","1"
"2026","여","20","경기성남","합격","전북특별자치도","1"
"2026","여","20","경기성남","합격","충청남도","1"
"2026","여","30","경기성남","결시","경기도(수원)","10"
"2026","여","30","경기성남","결시","경상남도","1"
"2026","여","30","경기성남","결시","서울특별시","3"
"2026","여","30","경기성남","결시","인천광역시","1"
"2026","여","30","경기성남","불합격","경기도(수원)","28"
"2026","여","30","경기성남","불합격","경기도(의정부)","5"
"2026","여","30","경기성남","불합격","대전광역시","1"
"2026","여","30","경기성남","불합격","서울특별시","3"
"2026","여","30","경기성남","불합격","전라남도","1"
"2026","여","30","경기성남","응시결격","경기도(수원)","1"
"2026","여","30","경기성남","합격","강원특별자치도","6"
"2026","여","30","경기성남","합격","경기도(수원)","217"
"2026","여","30","경기성남","합격","경기도(의정부)","81"
"2026","여","30","경기성남","합격","경상남도","1"
"2026","여","30","경기성남","합격","부산광역시","2"
"2026","여","30","경기성남","합격","서울특별시","97"
"2026","여","30","경기성남","합격","인천광역시","2"
"2026","여","30","경기성남","합격","전라남도","7"
"2026","여","30","경기성남","합격","충청남도","3"
"2026","여","40","경기성남","결시","강원특별자치도","1"
"2026","여","40","경기성남","결시","경기도(수원)","33"
"2026","여","40","경기성남","결시","경기도(의정부)","7"
"2026","여","40","경기성남","결시","서울특별시","14"
"2026","여","40","경기성남","결시","인천광역시","1"
"2026","여","40","경기성남","결시","전라남도","1"
"2026","여","40","경기성남","결시","충청남도","1"
"2026","여","40","경기성남","불합격","강원특별자치도","1"
"2026","여","40","경기성남","불합격","경기도(수원)","58"
"2026","여","40","경기성남","불합격","경기도(의정부)","28"
"2026","여","40","경기성남","불합격","서울특별시","19"
"2026","여","40","경기성남","불합격","인천광역시","2"
"2026","여","40","경기성남","불합격","전라남도","2"
"2026","여","40","경기성남","불합격","충청북도","1"
"2026","여","40","경기성남","합격","강원특별자치도","15"
"2026","여","40","경기성남","합격","경기도(수원)","1067"
"2026","여","40","경기성남","합격","경기도(의정부)","297"
"2026","여","40","경기성남","합격","경상남도","6"
"2026","여","40","경기성남","합격","경상북도","1"
"2026","여","40","경기성남","합격","광주광역시","1"
"2026","여","40","경기성남","합격","대구광역시","1"
"2026","여","40","경기성남","합격","서울특별시","282"
"2026","여","40","경기성남","합격","인천광역시","15"
"2026","여","40","경기성남","합격","전라남도","17"
"2026","여","40","경기성남","합격","충청남도","9"
"2026","여","40","경기성남","합격","충청북도","3"
"2026","여","50","경기성남","결시","강원특별자치도","1"
"2026","여","50","경기성남","결시","경기도(수원)","41"
"2026","여","50","경기성남","결시","경기도(의정부)","17"
"2026","여","50","경기성남","결시","경상남도","2"
"2026","여","50","경기성남","결시","서울특별시","15"
"2026","여","50","경기성남","결시","충청남도","1"
"2026","여","50","경기성남","불합격","강원특별자치도","2"
"2026","여","50","경기성남","불합격","경기도(수원)","108"
"2026","여","50","경기성남","불합격","경기도(의정부)","35"
"2026","여","50","경기성남","불합격","경상남도","1"
"2026","여","50","경기성남","불합격","서울특별시","28"
"2026","여","50","경기성남","불합격","인천광역시","1"
"2026","여","50","경기성남","불합격","전라남도","3"
"2026","여","50","경기성남","합격","강원특별자치도","33"
"2026","여","50","경기성남","합격","경기도(수원)","2597"
"2026","여","50","경기성남","합격","경기도(의정부)","823"
"2026","여","50","경기성남","합격","경상남도","13"
"2026","여","50","경기성남","합격","경상북도","2"
"2026","여","50","경기성남","합격","광주광역시","2"
"2026","여","50","경기성남","합격","기타","1"
"2026","여","50","경기성남","합격","대전광역시","1"
"2026","여","50","경기성남","합격","서울특별시","738"
"2026","여","50","경기성남","합격","인천광역시","27"
"2026","여","50","경기성남","합격","전라남도","21"
"2026","여","50","경기성남","합격","전북특별자치도","2"
"2026","여","50","경기성남","합격","충청남도","7"
"2026","여","50","경기성남","합격","충청북도","10"
"2026","여","60","경기성남","결시","강원특별자치도","1"
"2026","여","60","경기성남","결시","경기도(수원)","44"
"2026","여","60","경기성남","결시","경기도(의정부)","12"
"2026","여","60","경기성남","결시","경상남도","2"
"2026","여","60","경기성남","결시","서울특별시","20"
"2026","여","60","경기성남","결시","전라남도","1"
"2026","여","60","경기성남","불합격","강원특별자치도","3"
"2026","여","60","경기성남","불합격","경기도(수원)","249"
"2026","여","60","경기성남","불합격","경기도(의정부)","89"
"2026","여","60","경기성남","불합격","경상남도","1"
"2026","여","60","경기성남","불합격","경상북도","2"
"2026","여","60","경기성남","불합격","서울특별시","93"
"2026","여","60","경기성남","불합격","인천광역시","1"
"2026","여","60","경기성남","불합격","전라남도","1"
"2026","여","60","경기성남","불합격","충청남도","2"
"2026","여","60","경기성남","불합격","충청북도","2"
"2026","여","60","경기성남","응시결격","경기도(수원)","1"
"2026","여","60","경기성남","합격","강원특별자치도","32"
"2026","여","60","경기성남","합격","경기도(수원)","2512"
"2026","여","60","경기성남","합격","경기도(의정부)","883"
"2026","여","60","경기성남","합격","경상남도","8"
"2026","여","60","경기성남","합격","경상북도","8"
"2026","여","60","경기성남","합격","대전광역시","2"
"2026","여","60","경기성남","합격","서울특별시","800"
"2026","여","60","경기성남","합격","인천광역시","15"
"2026","여","60","경기성남","합격","전라남도","5"
"2026","여","60","경기성남","합격","충청남도","16"
"2026","여","60","경기성남","합격","충청북도","16"
"2026","여","70","경기성남","결시","경기도(수원)","22"
"2026","여","70","경기성남","결시","경기도(의정부)","1"
"2026","여","70","경기성남","결시","서울특별시","3"
"2026","여","70","경기성남","결시","충청남도","1"
"2026","여","70","경기성남","결시","충청북도","2"
"2026","여","70","경기성남","불합격","강원특별자치도","2"
"2026","여","70","경기성남","불합격","경기도(수원)","198"
"2026","여","70","경기성남","불합격","경기도(의정부)","56"
"2026","여","70","경기성남","불합격","서울특별시","67"
"2026","여","70","경기성남","불합격","인천광역시","1"
"2026","여","70","경기성남","불합격","전라남도","2"
"2026","여","70","경기성남","불합격","충청남도","1"
"2026","여","70","경기성남","불합격","충청북도","3"
"2026","여","70","경기성남","합격","강원특별자치도","4"
"2026","여","70","경기성남","합격","경기도(수원)","541"
"2026","여","70","경기성남","합격","경기도(의정부)","202"
"2026","여","70","경기성남","합격","서울특별시","223"
"2026","여","70","경기성남","합격","인천광역시","2"
"2026","여","70","경기성남","합격","전라남도","3"
"2026","여","70","경기성남","합격","충청남도","3"
"2026","여","70","경기성남","합격","충청북도","2"
"2026","여","80","경기성남","결시","경기도(수원)","1"
"2026","여","80","경기성남","불합격","경기도(수원)","18"
"2026","여","80","경기성남","불합격","경기도(의정부)","6"
"2026","여","80","경기성남","불합격","서울특별시","5"
"2026","여","80","경기성남","불합격","인천광역시","1"
"2026","여","80","경기성남","합격","경기도(수원)","33"
"2026","여","80","경기성남","합격","경기도(의정부)","12"
"2026","여","80","경기성남","합격","서울특별시","10"
"2026","여","80","경기성남","합격","인천광역시","2"
"2026","여","80","경기성남","합격","충청남도","1"
"2026","남","10","광주전남","결시","전라남도","1"
"2026","남","10","광주전남","합격","광주광역시","1"
"2026","남","20","광주전남","결시","전라남도","1"
"2026","남","20","광주전남","불합격","경상북도","3"
"2026","남","20","광주전남","불합격","광주광역시","8"
"2026","남","20","광주전남","불합격","전라남도","9"
"2026","남","20","광주전남","합격","광주광역시","6"
"2026","남","20","광주전남","합격","전라남도","9"
"2026","남","30","광주전남","결시","광주광역시","2"
"2026","남","30","광주전남","결시","전라남도","2"
"2026","남","30","광주전남","불합격","광주광역시","3"
"2026","남","30","광주전남","불합격","전라남도","11"
"2026","남","30","광주전남","합격","광주광역시","19"
"2026","남","30","광주전남","합격","전라남도","33"
"2026","남","40","광주전남","결시","광주광역시","2"
"2026","남","40","광주전남","결시","전라남도","9"
"2026","남","40","광주전남","불합격","광주광역시","8"
"2026","남","40","광주전남","불합격","전라남도","11"
"2026","남","40","광주전남","합격","광주광역시","40"
"2026","남","40","광주전남","합격","전라남도","67"
"2026","남","40","광주전남","합격","전북특별자치도","3"
"2026","남","40","광주전남","합격","충청남도","1"
"2026","남","50","광주전남","결시","경기도(수원)","1"
"2026","남","50","광주전남","결시","경상남도","1"
"2026","남","50","광주전남","결시","광주광역시","2"
"2026","남","50","광주전남","결시","전라남도","23"
"2026","남","50","광주전남","불합격","광주광역시","9"
"2026","남","50","광주전남","불합격","전라남도","35"
"2026","남","50","광주전남","불합격","전북특별자치도","2"
"2026","남","50","광주전남","합격","경상남도","2"
"2026","남","50","광주전남","합격","광주광역시","101"
"2026","남","50","광주전남","합격","전라남도","177"
"2026","남","50","광주전남","합격","전북특별자치도","7"
"2026","남","50","광주전남","합격","충청남도","1"
"2026","남","60","광주전남","결시","광주광역시","3"
"2026","남","60","광주전남","결시","전라남도","33"
"2026","남","60","광주전남","불합격","경기도(수원)","1"
"2026","남","60","광주전남","불합격","광주광역시","16"
"2026","남","60","광주전남","불합격","서울특별시","3"
"2026","남","60","광주전남","불합격","전라남도","78"
"2026","남","60","광주전남","불합격","전북특별자치도","4"
"2026","남","60","광주전남","불합격","충청남도","1"
"2026","남","60","광주전남","합격","경기도(수원)","1"
"2026","남","60","광주전남","합격","경상남도","7"
"2026","남","60","광주전남","합격","경상북도","1"
"2026","남","60","광주전남","합격","광주광역시","199"
"2026","남","60","광주전남","합격","인천광역시","1"
"2026","남","60","광주전남","합격","전라남도","406"
"2026","남","60","광주전남","합격","전북특별자치도","11"
"2026","남","60","광주전남","합격","충청남도","1"
"2026","남","70","광주전남","결시","전라남도","5"
"2026","남","70","광주전남","결시","전북특별자치도","2"
"2026","남","70","광주전남","불합격","광주광역시","8"
"2026","남","70","광주전남","불합격","전라남도","32"
"2026","남","70","광주전남","불합격","전북특별자치도","2"
"2026","남","70","광주전남","합격","경상남도","2"
"2026","남","70","광주전남","합격","광주광역시","77"
"2026","남","70","광주전남","합격","전라남도","150"
"2026","남","70","광주전남","합격","전북특별자치도","2"
"2026","남","70","광주전남","합격","충청남도","2"
"2026","남","80","광주전남","결시","전라남도","3"
"2026","남","80","광주전남","불합격","광주광역시","2"
"2026","남","80","광주전남","불합격","전라남도","11"
"2026","남","80","광주전남","불합격","전북특별자치도","2"
"2026","남","80","광주전남","합격","광주광역시","10"
"2026","남","80","광주전남","합격","전라남도","23"
"2026","여","20","광주전남","결시","전라남도","1"
"2026","여","20","광주전남","불합격","광주광역시","5"
"2026","여","20","광주전남","불합격","전라남도","11"
"2026","여","20","광주전남","합격","경상남도","1"
"2026","여","20","광주전남","합격","광주광역시","29"
"2026","여","20","광주전남","합격","전라남도","35"
"2026","여","20","광주전남","합격","전북특별자치도","1"
"2026","여","30","광주전남","결시","광주광역시","5"
"2026","여","30","광주전남","결시","전라남도","14"
"2026","여","30","광주전남","불합격","경상남도","2"
"2026","여","30","광주전남","불합격","광주광역시","13"
"2026","여","30","광주전남","불합격","서울특별시","1"
"2026","여","30","광주전남","불합격","전라남도","32"
"2026","여","30","광주전남","불합격","전북특별자치도","1"
"2026","여","30","광주전남","합격","경기도(의정부)","1"
"2026","여","30","광주전남","합격","광주광역시","123"
"2026","여","30","광주전남","합격","서울특별시","2"
"2026","여","30","광주전남","합격","전라남도","166"
"2026","여","30","광주전남","합격","전북특별자치도","3"
"2026","여","30","광주전남","합격","충청남도","1"
"2026","여","40","광주전남","결시","광주광역시","12"
"2026","여","40","광주전남","결시","부산광역시","1"
"2026","여","40","광주전남","결시","전라남도","48"
"2026","여","40","광주전남","결시","전북특별자치도","2"
"2026","여","40","광주전남","불합격","경상남도","2"
"2026","여","40","광주전남","불합격","광주광역시","33"
"2026","여","40","광주전남","불합격","전라남도","99"
"2026","여","40","광주전남","합격","경기도(수원)","1"
"2026","여","40","광주전남","합격","경상남도","7"
"2026","여","40","광주전남","합격","경상북도","1"
"2026","여","40","광주전남","합격","광주광역시","355"
"2026","여","40","광주전남","합격","대구광역시","2"
"2026","여","40","광주전남","합격","부산광역시","1"
"2026","여","40","광주전남","합격","서울특별시","1"
"2026","여","40","광주전남","합격","전라남도","577"
"2026","여","40","광주전남","합격","전북특별자치도","5"
"2026","여","40","광주전남","합격","충청남도","2"
"2026","여","50","광주전남","결시","광주광역시","21"
"2026","여","50","광주전남","결시","인천광역시","1"
"2026","여","50","광주전남","결시","전라남도","93"
"2026","여","50","광주전남","결시","전북특별자치도","2"
"2026","여","50","광주전남","불합격","광주광역시","50"
"2026","여","50","광주전남","불합격","전라남도","150"
"2026","여","50","광주전남","합격","경기도(수원)","2"
"2026","여","50","광주전남","합격","경기도(의정부)","2"
"2026","여","50","광주전남","합격","경상남도","9"
"2026","여","50","광주전남","합격","광주광역시","654"
"2026","여","50","광주전남","합격","서울특별시","6"
"2026","여","50","광주전남","합격","전라남도","1246"
"2026","여","50","광주전남","합격","전북특별자치도","17"
"2026","여","50","광주전남","합격","충청남도","11"
"2026","여","60","광주전남","결시","경상남도","1"
"2026","여","60","광주전남","결시","광주광역시","9"
"2026","여","60","광주전남","결시","전라남도","54"
"2026","여","60","광주전남","결시","전북특별자치도","1"
"2026","여","60","광주전남","불합격","경기도(수원)","6"
"2026","여","60","광주전남","불합격","경상남도","1"
"2026","여","60","광주전남","불합격","광주광역시","53"
"2026","여","60","광주전남","불합격","전라남도","222"
"2026","여","60","광주전남","불합격","전북특별자치도","6"
"2026","여","60","광주전남","불합격","충청남도","1"
"2026","여","60","광주전남","합격","경기도(수원)","2"
"2026","여","60","광주전남","합격","경기도(의정부)","1"
"2026","여","60","광주전남","합격","경상남도","14"
"2026","여","60","광주전남","합격","광주광역시","494"
"2026","여","60","광주전남","합격","대구광역시","5"
"2026","여","60","광주전남","합격","전라남도","865"
"2026","여","60","광주전남","합격","전북특별자치도","22"
"2026","여","60","광주전남","합격","충청남도","8"
"2026","여","70","광주전남","결시","광주광역시","4"
"2026","여","70","광주전남","결시","전라남도","16"
"2026","여","70","광주전남","불합격","경상남도","1"
"2026","여","70","광주전남","불합격","광주광역시","46"
"2026","여","70","광주전남","불합격","전라남도","123"
"2026","여","70","광주전남","불합격","전북특별자치도","3"
"2026","여","70","광주전남","합격","경기도(수원)","1"
"2026","여","70","광주전남","합격","경상남도","5"
"2026","여","70","광주전남","합격","광주광역시","119"
"2026","여","70","광주전남","합격","전라남도","172"
"2026","여","70","광주전남","합격","전북특별자치도","4"
"2026","여","70","광주전남","합격","충청남도","5"
"2026","여","80","광주전남","결시","전라남도","1"
"2026","여","80","광주전남","불합격","경상남도","1"
"2026","여","80","광주전남","불합격","광주광역시","4"
"2026","여","80","광주전남","불합격","전라남도","21"
"2026","여","80","광주전남","합격","광주광역시","5"
"2026","여","80","광주전남","합격","전라남도","15"
"2026","남","20","대구경북","결시","경상북도","2"
"2026","남","20","대구경북","불합격","경상남도","3"
"2026","남","20","대구경북","불합격","경상북도","3"
"2026","남","20","대구경북","불합격","대구광역시","4"
"2026","남","20","대구경북","합격","경상남도","1"
"2026","남","20","대구경북","합격","경상북도","9"
"2026","남","20","대구경북","합격","대구광역시","4"
"2026","남","30","대구경북","결시","경상북도","2"
"2026","남","30","대구경북","결시","대구광역시","1"
"2026","남","30","대구경북","결시","부산광역시","1"
"2026","남","30","대구경북","불합격","경상북도","4"
"2026","남","30","대구경북","불합격","대구광역시","9"
"2026","남","30","대구경북","합격","경상남도","4"
"2026","남","30","대구경북","합격","경상북도","20"
"2026","남","30","대구경북","합격","대구광역시","26"
"2026","남","40","대구경북","결시","경상북도","3"
"2026","남","40","대구경북","결시","대구광역시","1"
"2026","남","40","대구경북","불합격","경상남도","3"
"2026","남","40","대구경북","불합격","경상북도","8"
"2026","남","40","대구경북","불합격","대구광역시","11"
"2026","남","40","대구경북","합격","경상남도","6"
"2026","남","40","대구경북","합격","경상북도","39"
"2026","남","40","대구경북","합격","대구광역시","42"
"2026","남","50","대구경북","결시","경상북도","2"
"2026","남","50","대구경북","결시","대구광역시","2"
"2026","남","50","대구경북","불합격","경상남도","4"
"2026","남","50","대구경북","불합격","경상북도","6"
"2026","남","50","대구경북","불합격","대구광역시","4"
"2026","남","50","대구경북","합격","경상남도","30"
"2026","남","50","대구경북","합격","경상북도","102"
"2026","남","50","대구경북","합격","대구광역시","125"
"2026","남","50","대구경북","합격","부산광역시","1"
"2026","남","50","대구경북","합격","울산광역시","2"
"2026","남","60","대구경북","결시","경상남도","3"
"2026","남","60","대구경북","결시","경상북도","5"
"2026","남","60","대구경북","결시","대구광역시","8"
"2026","남","60","대구경북","불합격","경상남도","6"
"2026","남","60","대구경북","불합격","경상북도","13"
"2026","남","60","대구경북","불합격","대구광역시","17"
"2026","남","60","대구경북","합격","경상남도","52"
"2026","남","60","대구경북","합격","경상북도","257"
"2026","남","60","대구경북","합격","대구광역시","268"
"2026","남","60","대구경북","합격","울산광역시","7"
"2026","남","60","대구경북","합격","제주특별자치도","1"
"2026","남","70","대구경북","결시","경상북도","1"
"2026","남","70","대구경북","결시","대구광역시","1"
"2026","남","70","대구경북","불합격","경상남도","6"
"2026","남","70","대구경북","불합격","경상북도","21"
"2026","남","70","대구경북","불합격","대구광역시","11"
"2026","남","70","대구경북","합격","경상남도","21"
"2026","남","70","대구경북","합격","경상북도","120"
"2026","남","70","대구경북","합격","대구광역시","101"
"2026","남","70","대구경북","합격","울산광역시","2"
"2026","남","80","대구경북","결시","경상남도","1"
"2026","남","80","대구경북","결시","경상북도","1"
"2026","남","80","대구경북","결시","대구광역시","1"
"2026","남","80","대구경북","불합격","경상북도","4"
"2026","남","80","대구경북","불합격","대구광역시","19"
"2026","남","80","대구경북","합격","경상남도","6"
"2026","남","80","대구경북","합격","경상북도","14"
"2026","남","80","대구경북","합격","대구광역시","17"
"2026","여","20","대구경북","결시","경상북도","4"
"2026","여","20","대구경북","불합격","경상남도","1"
"2026","여","20","대구경북","불합격","경상북도","13"
"2026","여","20","대구경북","불합격","대구광역시","6"
"2026","여","20","대구경북","합격","경상남도","3"
"2026","여","20","대구경북","합격","경상북도","23"
"2026","여","20","대구경북","합격","대구광역시","29"
"2026","여","20","대구경북","합격","부산광역시","1"
"2026","여","30","대구경북","결시","경상남도","1"
"2026","여","30","대구경북","결시","경상북도","6"
"2026","여","30","대구경북","결시","대구광역시","4"
"2026","여","30","대구경북","불합격","경상남도","1"
"2026","여","30","대구경북","불합격","경상북도","27"
"2026","여","30","대구경북","불합격","대구광역시","12"
"2026","여","30","대구경북","불합격","울산광역시","1"
"2026","여","30","대구경북","합격","경상남도","18"
"2026","여","30","대구경북","합격","경상북도","108"
"2026","여","30","대구경북","합격","대구광역시","113"
"2026","여","30","대구경북","합격","울산광역시","1"
"2026","여","30","대구경북","합격","전라남도","2"
"2026","여","40","대구경북","결시","경상남도","4"
"2026","여","40","대구경북","결시","경상북도","11"
"2026","여","40","대구경북","결시","대구광역시","8"
"2026","여","40","대구경북","불합격","경기도(수원)","1"
"2026","여","40","대구경북","불합격","경상남도","10"
"2026","여","40","대구경북","불합격","경상북도","23"
"2026","여","40","대구경북","불합격","대구광역시","14"
"2026","여","40","대구경북","불합격","울산광역시","1"
"2026","여","40","대구경북","불합격","전라남도","1"
"2026","여","40","대구경북","합격","강원특별자치도","2"
"2026","여","40","대구경북","합격","경상남도","89"
"2026","여","40","대구경북","합격","경상북도","444"
"2026","여","40","대구경북","합격","대구광역시","490"
"2026","여","40","대구경북","합격","울산광역시","14"
"2026","여","40","대구경북","합격","전라남도","11"
"2026","여","40","대구경북","합격","충청남도","1"
"2026","여","50","대구경북","결시","경상남도","7"
"2026","여","50","대구경북","결시","경상북도","7"
"2026","여","50","대구경북","결시","대구광역시","12"
"2026","여","50","대구경북","불합격","경상남도","14"
"2026","여","50","대구경북","불합격","경상북도","36"
"2026","여","50","대구경북","불합격","대구광역시","39"
"2026","여","50","대구경북","불합격","전라남도","1"
"2026","여","50","대구경북","합격","강원특별자치도","2"
"2026","여","50","대구경북","합격","경기도(수원)","1"
"2026","여","50","대구경북","합격","경기도(의정부)","1"
"2026","여","50","대구경북","합격","경상남도","187"
"2026","여","50","대구경북","합격","경상북도","976"
"2026","여","50","대구경북","합격","대구광역시","1300"
"2026","여","50","대구경북","합격","부산광역시","2"
"2026","여","50","대구경북","합격","서울특별시","5"
"2026","여","50","대구경북","합격","울산광역시","21"
"2026","여","50","대구경북","합격","전라남도","7"
"2026","여","50","대구경북","합격","충청남도","1"
"2026","여","60","대구경북","결시","경상남도","10"
"2026","여","60","대구경북","결시","경상북도","15"
"2026","여","60","대구경북","결시","대구광역시","11"
"2026","여","60","대구경북","불합격","경기도(수원)","3"
"2026","여","60","대구경북","불합격","경상남도","34"
"2026","여","60","대구경북","불합격","경상북도","99"
"2026","여","60","대구경북","불합격","대구광역시","107"
"2026","여","60","대구경북","불합격","서울특별시","2"
"2026","여","60","대구경북","합격","강원특별자치도","1"
"2026","여","60","대구경북","합격","경상남도","166"
"2026","여","60","대구경북","합격","경상북도","902"
"2026","여","60","대구경북","합격","기타","1"
"2026","여","60","대구경북","합격","대구광역시","1068"
"2026","여","60","대구경북","합격","서울특별시","1"
"2026","여","60","대구경북","합격","울산광역시","17"
"2026","여","60","대구경북","합격","인천광역시","1"
"2026","여","60","대구경북","합격","전라남도","3"
"2026","여","70","대구경북","결시","경상남도","6"
"2026","여","70","대구경북","결시","경상북도","2"
"2026","여","70","대구경북","결시","대구광역시","5"
"2026","여","70","대구경북","불합격","경상남도","33"
"2026","여","70","대구경북","불합격","경상북도","67"
"2026","여","70","대구경북","불합격","대구광역시","74"
"2026","여","70","대구경북","불합격","서울특별시","1"
"2026","여","70","대구경북","합격","강원특별자치도","1"
"2026","여","70","대구경북","합격","경상남도","42"
"2026","여","70","대구경북","합격","경상북도","244"
"2026","여","70","대구경북","합격","대구광역시","219"
"2026","여","70","대구경북","합격","울산광역시","8"
"2026","여","80","대구경북","불합격","경상북도","10"
"2026","여","80","대구경북","불합격","대구광역시","6"
"2026","여","80","대구경북","합격","경상남도","3"
"2026","여","80","대구경북","합격","경상북도","4"
"2026","여","80","대구경북","합격","대구광역시","8"
"2026","남","10","대전충청","합격","충청남도","1"
"2026","남","20","대전충청","결시","충청남도","1"
"2026","남","20","대전충청","불합격","경기도(수원)","1"
"2026","남","20","대전충청","불합격","대전광역시","1"
"2026","남","20","대전충청","불합격","충청남도","3"
"2026","남","20","대전충청","불합격","충청북도","7"
"2026","남","20","대전충청","합격","대전광역시","7"
"2026","남","20","대전충청","합격","서울특별시","1"
"2026","남","20","대전충청","합격","세종특별자치시","3"
"2026","남","20","대전충청","합격","충청남도","8"
"2026","남","20","대전충청","합격","충청북도","7"
"2026","남","30","대전충청","결시","경기도(수원)","1"
"2026","남","30","대전충청","결시","대전광역시","1"
"2026","남","30","대전충청","결시","부산광역시","1"
"2026","남","30","대전충청","불합격","대전광역시","4"
"2026","남","30","대전충청","불합격","세종특별자치시","1"
"2026","남","30","대전충청","불합격","충청남도","2"
"2026","남","30","대전충청","불합격","충청북도","3"
"2026","남","30","대전충청","합격","경기도(수원)","2"
"2026","남","30","대전충청","합격","경상북도","2"
"2026","남","30","대전충청","합격","대구광역시","2"
"2026","남","30","대전충청","합격","대전광역시","10"
"2026","남","30","대전충청","합격","세종특별자치시","4"
"2026","남","30","대전충청","합격","충청남도","8"
"2026","남","30","대전충청","합격","충청북도","7"
"2026","남","40","대전충청","결시","경상북도","1"
"2026","남","40","대전충청","결시","세종특별자치시","1"
"2026","남","40","대전충청","결시","전북특별자치도","3"
"2026","남","40","대전충청","결시","충청북도","1"
"2026","남","40","대전충청","불합격","대전광역시","1"
"2026","남","40","대전충청","불합격","서울특별시","1"
"2026","남","40","대전충청","불합격","전북특별자치도","1"
"2026","남","40","대전충청","불합격","충청남도","4"
"2026","남","40","대전충청","불합격","충청북도","3"
"2026","남","40","대전충청","합격","경기도(수원)","3"
"2026","남","40","대전충청","합격","경상남도","3"
"2026","남","40","대전충청","합격","경상북도","2"
"2026","남","40","대전충청","합격","대전광역시","26"
"2026","남","40","대전충청","합격","세종특별자치시","7"
"2026","남","40","대전충청","합격","전라남도","3"
"2026","남","40","대전충청","합격","충청남도","33"
"2026","남","40","대전충청","합격","충청북도","13"
"2026","남","50","대전충청","결시","대전광역시","3"
"2026","남","50","대전충청","결시","서울특별시","1"
"2026","남","50","대전충청","결시","전라남도","2"
"2026","남","50","대전충청","결시","충청남도","3"
"2026","남","50","대전충청","결시","충청북도","1"
"2026","남","50","대전충청","불합격","경상남도","2"
"2026","남","50","대전충청","불합격","대전광역시","10"
"2026","남","50","대전충청","불합격","세종특별자치시","1"
"2026","남","50","대전충청","불합격","충청남도","8"
"2026","남","50","대전충청","불합격","충청북도","6"
"2026","남","50","대전충청","합격","강원특별자치도","1"
"2026","남","50","대전충청","합격","경기도(수원)","7"
"2026","남","50","대전충청","합격","경상남도","1"
"2026","남","50","대전충청","합격","경상북도","10"
"2026","남","50","대전충청","합격","대전광역시","76"
"2026","남","50","대전충청","합격","서울특별시","3"
"2026","남","50","대전충청","합격","세종특별자치시","18"
"2026","남","50","대전충청","합격","전라남도","1"
"2026","남","50","대전충청","합격","충청남도","95"
"2026","남","50","대전충청","합격","충청북도","59"
"2026","남","60","대전충청","결시","경상남도","1"
"2026","남","60","대전충청","결시","대전광역시","5"
"2026","남","60","대전충청","결시","충청남도","8"
"2026","남","60","대전충청","결시","충청북도","2"
"2026","남","60","대전충청","불합격","경기도(수원)","1"
"2026","남","60","대전충청","불합격","경상북도","1"
"2026","남","60","대전충청","불합격","대전광역시","8"
"2026","남","60","대전충청","불합격","충청남도","27"
"2026","남","60","대전충청","불합격","충청북도","12"
"2026","남","60","대전충청","합격","강원특별자치도","3"
"2026","남","60","대전충청","합격","경기도(수원)","18"
"2026","남","60","대전충청","합격","경상남도","4"
"2026","남","60","대전충청","합격","경상북도","27"
"2026","남","60","대전충청","합격","광주광역시","1"
"2026","남","60","대전충청","합격","기타","1"
"2026","남","60","대전충청","합격","대구광역시","2"
"2026","남","60","대전충청","합격","대전광역시","202"
"2026","남","60","대전충청","합격","서울특별시","5"
"2026","남","60","대전충청","합격","세종특별자치시","52"
"2026","남","60","대전충청","합격","인천광역시","1"
"2026","남","60","대전충청","합격","전라남도","1"
"2026","남","60","대전충청","합격","충청남도","216"
"2026","남","60","대전충청","합격","충청북도","140"
"2026","남","70","대전충청","결시","경상북도","1"
"2026","남","70","대전충청","결시","대전광역시","1"
"2026","남","70","대전충청","결시","세종특별자치시","1"
"2026","남","70","대전충청","결시","충청남도","1"
"2026","남","70","대전충청","불합격","경기도(수원)","4"
"2026","남","70","대전충청","불합격","경상북도","2"
"2026","남","70","대전충청","불합격","대전광역시","39"
"2026","남","70","대전충청","불합격","서울특별시","2"
"2026","남","70","대전충청","불합격","세종특별자치시","2"
"2026","남","70","대전충청","불합격","인천광역시","1"
"2026","남","70","대전충청","불합격","전라남도","1"
"2026","남","70","대전충청","불합격","충청남도","25"
"2026","남","70","대전충청","불합격","충청북도","10"
"2026","남","70","대전충청","합격","경기도(수원)","12"
"2026","남","70","대전충청","합격","경상남도","1"
"2026","남","70","대전충청","합격","경상북도","19"
"2026","남","70","대전충청","합격","대구광역시","2"
"2026","남","70","대전충청","합격","대전광역시","111"
"2026","남","70","대전충청","합격","세종특별자치시","14"
"2026","남","70","대전충청","합격","전라남도","3"
"2026","남","70","대전충청","합격","충청남도","106"
"2026","남","70","대전충청","합격","충청북도","58"
"2026","남","80","대전충청","결시","대전광역시","2"
"2026","남","80","대전충청","불합격","대전광역시","7"
"2026","남","80","대전충청","불합격","세종특별자치시","2"
"2026","남","80","대전충청","불합격","충청남도","3"
"2026","남","80","대전충청","불합격","충청북도","7"
"2026","남","80","대전충청","합격","대전광역시","20"
"2026","남","80","대전충청","합격","세종특별자치시","5"
"2026","남","80","대전충청","합격","충청남도","13"
"2026","남","80","대전충청","합격","충청북도","10"
"2026","여","10","대전충청","불합격","대전광역시","1"
"2026","여","10","대전충청","합격","대전광역시","2"
"2026","여","20","대전충청","결시","대전광역시","1"
"2026","여","20","대전충청","결시","세종특별자치시","1"
"2026","여","20","대전충청","결시","충청남도","2"
"2026","여","20","대전충청","불합격","대전광역시","4"
"2026","여","20","대전충청","불합격","서울특별시","1"
"2026","여","20","대전충청","불합격","세종특별자치시","2"
"2026","여","20","대전충청","불합격","충청남도","1"
"2026","여","20","대전충청","불합격","충청북도","5"
"2026","여","20","대전충청","합격","경기도(수원)","2"
"2026","여","20","대전충청","합격","경상북도","1"
"2026","여","20","대전충청","합격","대구광역시","3"
"2026","여","20","대전충청","합격","대전광역시","26"
"2026","여","20","대전충청","합격","서울특별시","1"
"2026","여","20","대전충청","합격","세종특별자치시","3"
"2026","여","20","대전충청","합격","충청남도","18"
"2026","여","20","대전충청","합격","충청북도","15"
"2026","여","30","대전충청","결시","대전광역시","2"
"2026","여","30","대전충청","결시","전라남도","2"
"2026","여","30","대전충청","결시","충청남도","1"
"2026","여","30","대전충청","결시","충청북도","1"
"2026","여","30","대전충청","불합격","대전광역시","13"
"2026","여","30","대전충청","불합격","세종특별자치시","1"
"2026","여","30","대전충청","불합격","전라남도","1"
"2026","여","30","대전충청","불합격","충청남도","17"
"2026","여","30","대전충청","불합격","충청북도","13"
"2026","여","30","대전충청","합격","경기도(수원)","7"
"2026","여","30","대전충청","합격","경상북도","10"
"2026","여","30","대전충청","합격","광주광역시","2"
"2026","여","30","대전충청","합격","대전광역시","61"
"2026","여","30","대전충청","합격","서울특별시","2"
"2026","여","30","대전충청","합격","세종특별자치시","15"
"2026","여","30","대전충청","합격","인천광역시","1"
"2026","여","30","대전충청","합격","전라남도","1"
"2026","여","30","대전충청","합격","충청남도","76"
"2026","여","30","대전충청","합격","충청북도","45"
"2026","여","40","대전충청","결시","대전광역시","3"
"2026","여","40","대전충청","결시","세종특별자치시","1"
"2026","여","40","대전충청","결시","충청남도","7"
"2026","여","40","대전충청","결시","충청북도","10"
"2026","여","40","대전충청","불합격","경기도(수원)","2"
"2026","여","40","대전충청","불합격","경상북도","1"
"2026","여","40","대전충청","불합격","대전광역시","21"
"2026","여","40","대전충청","불합격","세종특별자치시","8"
"2026","여","40","대전충청","불합격","충청남도","21"
"2026","여","40","대전충청","불합격","충청북도","26"
"2026","여","40","대전충청","합격","강원특별자치도","1"
"2026","여","40","대전충청","합격","경기도(수원)","19"
"2026","여","40","대전충청","합격","경기도(의정부)","1"
"2026","여","40","대전충청","합격","경상남도","6"
"2026","여","40","대전충청","합격","경상북도","37"
"2026","여","40","대전충청","합격","광주광역시","1"
"2026","여","40","대전충청","합격","대전광역시","252"
"2026","여","40","대전충청","합격","서울특별시","2"
"2026","여","40","대전충청","합격","세종특별자치시","88"
"2026","여","40","대전충청","합격","인천광역시","1"
"2026","여","40","대전충청","합격","전라남도","7"
"2026","여","40","대전충청","합격","전북특별자치도","1"
"2026","여","40","대전충청","합격","충청남도","375"
"2026","여","40","대전충청","합격","충청북도","196"
"2026","여","50","대전충청","결시","강원특별자치도","1"
"2026","여","50","대전충청","결시","경상남도","2"
"2026","여","50","대전충청","결시","광주광역시","2"
"2026","여","50","대전충청","결시","대전광역시","9"
"2026","여","50","대전충청","결시","서울특별시","1"
"2026","여","50","대전충청","결시","세종특별자치시","1"
"2026","여","50","대전충청","결시","충청남도","16"
"2026","여","50","대전충청","결시","충청북도","4"
"2026","여","50","대전충청","불합격","경기도(수원)","5"
"2026","여","50","대전충청","불합격","경상남도","4"
"2026","여","50","대전충청","불합격","경상북도","5"
"2026","여","50","대전충청","불합격","대전광역시","11"
"2026","여","50","대전충청","불합격","세종특별자치시","6"
"2026","여","50","대전충청","불합격","전라남도","1"
"2026","여","50","대전충청","불합격","전북특별자치도","1"
"2026","여","50","대전충청","불합격","충청남도","28"
"2026","여","50","대전충청","불합격","충청북도","20"
"2026","여","50","대전충청","합격","강원특별자치도","3"
"2026","여","50","대전충청","합격","경기도(수원)","57"
"2026","여","50","대전충청","합격","경기도(의정부)","4"
"2026","여","50","대전충청","합격","경상남도","8"
"2026","여","50","대전충청","합격","경상북도","94"
"2026","여","50","대전충청","합격","대구광역시","10"
"2026","여","50","대전충청","합격","대전광역시","623"
"2026","여","50","대전충청","합격","부산광역시","1"
"2026","여","50","대전충청","합격","서울특별시","12"
"2026","여","50","대전충청","합격","세종특별자치시","135"
"2026","여","50","대전충청","합격","울산광역시","1"
"2026","여","50","대전충청","합격","전라남도","15"
"2026","여","50","대전충청","합격","충청남도","764"
"2026","여","50","대전충청","합격","충청북도","467"
"2026","여","60","대전충청","결시","경기도(수원)","3"
"2026","여","60","대전충청","결시","대전광역시","11"
"2026","여","60","대전충청","결시","울산광역시","1"
"2026","여","60","대전충청","결시","충청남도","10"
"2026","여","60","대전충청","결시","충청북도","13"
"2026","여","60","대전충청","불합격","경기도(수원)","1"
"2026","여","60","대전충청","불합격","경상남도","3"
"2026","여","60","대전충청","불합격","경상북도","8"
"2026","여","60","대전충청","불합격","대구광역시","5"
"2026","여","60","대전충청","불합격","대전광역시","59"
"2026","여","60","대전충청","불합격","서울특별시","1"
"2026","여","60","대전충청","불합격","세종특별자치시","4"
"2026","여","60","대전충청","불합격","충청남도","102"
"2026","여","60","대전충청","불합격","충청북도","65"
"2026","여","60","대전충청","응시결격","대전광역시","1"
"2026","여","60","대전충청","합격","강원특별자치도","2"
"2026","여","60","대전충청","합격","경기도(수원)","66"
"2026","여","60","대전충청","합격","경기도(의정부)","1"
"2026","여","60","대전충청","합격","경상남도","11"
"2026","여","60","대전충청","합격","경상북도","106"
"2026","여","60","대전충청","합격","광주광역시","2"
"2026","여","60","대전충청","합격","대구광역시","13"
"2026","여","60","대전충청","합격","대전광역시","554"
"2026","여","60","대전충청","합격","부산광역시","1"
"2026","여","60","대전충청","합격","서울특별시","13"
"2026","여","60","대전충청","합격","세종특별자치시","102"
"2026","여","60","대전충청","합격","전라남도","11"
"2026","여","60","대전충청","합격","전북특별자치도","2"
"2026","여","60","대전충청","합격","충청남도","730"
"2026","여","60","대전충청","합격","충청북도","458"
"2026","여","70","대전충청","결시","대전광역시","2"
"2026","여","70","대전충청","결시","서울특별시","1"
"2026","여","70","대전충청","결시","전라남도","1"
"2026","여","70","대전충청","결시","충청남도","2"
"2026","여","70","대전충청","결시","충청북도","2"
"2026","여","70","대전충청","불합격","경기도(수원)","7"
"2026","여","70","대전충청","불합격","경상남도","4"
"2026","여","70","대전충청","불합격","경상북도","12"
"2026","여","70","대전충청","불합격","대구광역시","3"
"2026","여","70","대전충청","불합격","대전광역시","48"
"2026","여","70","대전충청","불합격","서울특별시","1"
"2026","여","70","대전충청","불합격","세종특별자치시","20"
"2026","여","70","대전충청","불합격","충청남도","64"
"2026","여","70","대전충청","불합격","충청북도","25"
"2026","여","70","대전충청","합격","경기도(수원)","11"
"2026","여","70","대전충청","합격","경상남도","2"
"2026","여","70","대전충청","합격","경상북도","24"
"2026","여","70","대전충청","합격","대구광역시","7"
"2026","여","70","대전충청","합격","대전광역시","127"
"2026","여","70","대전충청","합격","서울특별시","4"
"2026","여","70","대전충청","합격","세종특별자치시","28"
"2026","여","70","대전충청","합격","충청남도","146"
"2026","여","70","대전충청","합격","충청북도","106"
"2026","여","80","대전충청","결시","대전광역시","3"
"2026","여","80","대전충청","결시","충청남도","1"
"2026","여","80","대전충청","불합격","기타","1"
"2026","여","80","대전충청","불합격","대전광역시","13"
"2026","여","80","대전충청","불합격","충청남도","8"
"2026","여","80","대전충청","불합격","충청북도","3"
"2026","여","80","대전충청","합격","대전광역시","10"
"2026","여","80","대전충청","합격","충청남도","8"
"2026","여","80","대전충청","합격","충청북도","3"
"2026","남","20","부산경남","결시","경상남도","1"
"2026","남","20","부산경남","결시","경상북도","1"
"2026","남","20","부산경남","결시","부산광역시","3"
"2026","남","20","부산경남","불합격","경상남도","12"
"2026","남","20","부산경남","불합격","부산광역시","2"
"2026","남","20","부산경남","불합격","울산광역시","2"
"2026","남","20","부산경남","합격","강원특별자치도","1"
"2026","남","20","부산경남","합격","경상남도","15"
"2026","남","20","부산경남","합격","부산광역시","9"
"2026","남","20","부산경남","합격","울산광역시","6"
"2026","남","30","부산경남","결시","경상남도","6"
"2026","남","30","부산경남","결시","부산광역시","4"
"2026","남","30","부산경남","결시","서울특별시","1"
"2026","남","30","부산경남","결시","울산광역시","1"
"2026","남","30","부산경남","불합격","경상남도","11"
"2026","남","30","부산경남","불합격","부산광역시","3"
"2026","남","30","부산경남","불합격","울산광역시","1"
"2026","남","30","부산경남","합격","경상남도","31"
"2026","남","30","부산경남","합격","대구광역시","1"
"2026","남","30","부산경남","합격","부산광역시","38"
"2026","남","30","부산경남","합격","울산광역시","9"
"2026","남","30","부산경남","합격","충청남도","1"
"2026","남","40","부산경남","결시","경상남도","3"
"2026","남","40","부산경남","결시","부산광역시","3"
"2026","남","40","부산경남","불합격","경상남도","7"
"2026","남","40","부산경남","불합격","부산광역시","10"
"2026","남","40","부산경남","합격","경상남도","61"
"2026","남","40","부산경남","합격","부산광역시","59"
"2026","남","40","부산경남","합격","울산광역시","8"
"2026","남","40","부산경남","합격","전라남도","1"
"2026","남","50","부산경남","결시","경상남도","15"
"2026","남","50","부산경남","결시","부산광역시","2"
"2026","남","50","부산경남","결시","울산광역시","1"
"2026","남","50","부산경남","불합격","경상남도","21"
"2026","남","50","부산경남","불합격","경상북도","1"
"2026","남","50","부산경남","불합격","부산광역시","15"
"2026","남","50","부산경남","불합격","울산광역시","7"
"2026","남","50","부산경남","합격","강원특별자치도","1"
"2026","남","50","부산경남","합격","경상남도","162"
"2026","남","50","부산경남","합격","부산광역시","132"
"2026","남","50","부산경남","합격","서울특별시","1"
"2026","남","50","부산경남","합격","울산광역시","22"
"2026","남","60","부산경남","결시","경상남도","14"
"2026","남","60","부산경남","결시","부산광역시","5"
"2026","남","60","부산경남","결시","울산광역시","1"
"2026","남","60","부산경남","불합격","경상남도","53"
"2026","남","60","부산경남","불합격","대구광역시","1"
"2026","남","60","부산경남","불합격","부산광역시","28"
"2026","남","60","부산경남","불합격","울산광역시","2"
"2026","남","60","부산경남","합격","강원특별자치도","1"
"2026","남","60","부산경남","합격","경상남도","411"
"2026","남","60","부산경남","합격","경상북도","5"
"2026","남","60","부산경남","합격","부산광역시","276"
"2026","남","60","부산경남","합격","서울특별시","2"
"2026","남","60","부산경남","합격","울산광역시","121"
"2026","남","60","부산경남","합격","전라남도","1"
"2026","남","70","부산경남","결시","경상남도","2"
"2026","남","70","부산경남","결시","부산광역시","3"
"2026","남","70","부산경남","결시","울산광역시","2"
"2026","남","70","부산경남","불합격","경상남도","38"
"2026","남","70","부산경남","불합격","경상북도","1"
"2026","남","70","부산경남","불합격","부산광역시","41"
"2026","남","70","부산경남","불합격","울산광역시","8"
"2026","남","70","부산경남","합격","경기도(수원)","1"
"2026","남","70","부산경남","합격","경상남도","194"
"2026","남","70","부산경남","합격","경상북도","5"
"2026","남","70","부산경남","합격","부산광역시","161"
"2026","남","70","부산경남","합격","울산광역시","35"
"2026","남","80","부산경남","불합격","경상남도","10"
"2026","남","80","부산경남","불합격","부산광역시","10"
"2026","남","80","부산경남","불합격","울산광역시","3"
"2026","남","80","부산경남","합격","경상남도","31"
"2026","남","80","부산경남","합격","경상북도","1"
"2026","남","80","부산경남","합격","부산광역시","18"
"2026","남","80","부산경남","합격","울산광역시","5"
"2026","남","90","부산경남","합격","전라남도","1"
"2026","여","20","부산경남","결시","경상남도","5"
"2026","여","20","부산경남","결시","경상북도","1"
"2026","여","20","부산경남","결시","부산광역시","1"
"2026","여","20","부산경남","결시","울산광역시","4"
"2026","여","20","부산경남","결시","전라남도","2"
"2026","여","20","부산경남","불합격","경상남도","6"
"2026","여","20","부산경남","불합격","경상북도","1"
"2026","여","20","부산경남","불합격","부산광역시","2"
"2026","여","20","부산경남","불합격","울산광역시","3"
"2026","여","20","부산경남","불합격","전라남도","1"
"2026","여","20","부산경남","합격","강원특별자치도","1"
"2026","여","20","부산경남","합격","경상남도","38"
"2026","여","20","부산경남","합격","경상북도","2"
"2026","여","20","부산경남","합격","대구광역시","1"
"2026","여","20","부산경남","합격","부산광역시","33"
"2026","여","20","부산경남","합격","울산광역시","7"
"2026","여","30","부산경남","결시","경상남도","11"
"2026","여","30","부산경남","결시","경상북도","2"
"2026","여","30","부산경남","결시","부산광역시","1"
"2026","여","30","부산경남","결시","울산광역시","1"
"2026","여","30","부산경남","불합격","경상남도","24"
"2026","여","30","부산경남","불합격","경상북도","1"
"2026","여","30","부산경남","불합격","부산광역시","18"
"2026","여","30","부산경남","불합격","울산광역시","10"
"2026","여","30","부산경남","합격","경상남도","203"
"2026","여","30","부산경남","합격","경상북도","3"
"2026","여","30","부산경남","합격","부산광역시","125"
"2026","여","30","부산경남","합격","울산광역시","48"
"2026","여","30","부산경남","합격","전라남도","5"
"2026","여","40","부산경남","결시","경상남도","36"
"2026","여","40","부산경남","결시","부산광역시","10"
"2026","여","40","부산경남","결시","울산광역시","6"
"2026","여","40","부산경남","결시","전라남도","1"
"2026","여","40","부산경남","불합격","경상남도","51"
"2026","여","40","부산경남","불합격","부산광역시","42"
"2026","여","40","부산경남","불합격","울산광역시","8"
"2026","여","40","부산경남","합격","경상남도","854"
"2026","여","40","부산경남","합격","경상북도","11"
"2026","여","40","부산경남","합격","대구광역시","3"
"2026","여","40","부산경남","합격","부산광역시","579"
"2026","여","40","부산경남","합격","울산광역시","192"
"2026","여","40","부산경남","합격","인천광역시","1"
"2026","여","40","부산경남","합격","전라남도","16"
"2026","여","50","부산경남","결시","경상남도","64"
"2026","여","50","부산경남","결시","부산광역시","18"
"2026","여","50","부산경남","결시","울산광역시","8"
"2026","여","50","부산경남","결시","전라남도","1"
"2026","여","50","부산경남","불합격","경상남도","114"
"2026","여","50","부산경남","불합격","부산광역시","40"
"2026","여","50","부산경남","불합격","울산광역시","23"
"2026","여","50","부산경남","불합격","전라남도","2"
"2026","여","50","부산경남","합격","경기도(수원)","1"
"2026","여","50","부산경남","합격","경기도(의정부)","2"
"2026","여","50","부산경남","합격","경상남도","1733"
"2026","여","50","부산경남","합격","경상북도","39"
"2026","여","50","부산경남","합격","대구광역시","5"
"2026","여","50","부산경남","합격","부산광역시","1210"
"2026","여","50","부산경남","합격","서울특별시","3"
"2026","여","50","부산경남","합격","울산광역시","403"
"2026","여","50","부산경남","합격","전라남도","10"
"2026","여","60","부산경남","결시","경상남도","56"
"2026","여","60","부산경남","결시","부산광역시","10"
"2026","여","60","부산경남","결시","울산광역시","5"
"2026","여","60","부산경남","불합격","경상남도","264"
"2026","여","60","부산경남","불합격","경상북도","2"
"2026","여","60","부산경남","불합격","대구광역시","2"
"2026","여","60","부산경남","불합격","부산광역시","153"
"2026","여","60","부산경남","불합격","울산광역시","52"
"2026","여","60","부산경남","불합격","전라남도","6"
"2026","여","60","부산경남","합격","경기도(수원)","1"
"2026","여","60","부산경남","합격","경상남도","1453"
"2026","여","60","부산경남","합격","경상북도","36"
"2026","여","60","부산경남","합격","대구광역시","11"
"2026","여","60","부산경남","합격","부산광역시","1221"
"2026","여","60","부산경남","합격","울산광역시","407"
"2026","여","60","부산경남","합격","전라남도","4"
"2026","여","70","부산경남","결시","경상남도","14"
"2026","여","70","부산경남","결시","부산광역시","9"
"2026","여","70","부산경남","결시","서울특별시","1"
"2026","여","70","부산경남","결시","울산광역시","2"
"2026","여","70","부산경남","불합격","경상남도","148"
"2026","여","70","부산경남","불합격","경상북도","3"
"2026","여","70","부산경남","불합격","대구광역시","1"
"2026","여","70","부산경남","불합격","부산광역시","111"
"2026","여","70","부산경남","불합격","울산광역시","32"
"2026","여","70","부산경남","합격","경기도(수원)","1"
"2026","여","70","부산경남","합격","경상남도","370"
"2026","여","70","부산경남","합격","경상북도","13"
"2026","여","70","부산경남","합격","대구광역시","2"
"2026","여","70","부산경남","합격","부산광역시","351"
"2026","여","70","부산경남","합격","울산광역시","90"
"2026","여","70","부산경남","합격","전라남도","1"
"2026","여","80","부산경남","결시","경상남도","1"
"2026","여","80","부산경남","결시","서울특별시","1"
"2026","여","80","부산경남","불합격","경상남도","7"
"2026","여","80","부산경남","불합격","부산광역시","6"
"2026","여","80","부산경남","불합격","울산광역시","5"
"2026","여","80","부산경남","합격","경상남도","15"
"2026","여","80","부산경남","합격","부산광역시","19"
"2026","여","80","부산경남","합격","울산광역시","4"
"2026","남","10","서울구로","합격","경기도(수원)","1"
"2026","남","20","서울구로","결시","경기도(수원)","1"
"2026","남","20","서울구로","결시","서울특별시","4"
"2026","남","20","서울구로","불합격","경기도(수원)","17"
"2026","남","20","서울구로","불합격","경기도(의정부)","5"
"2026","남","20","서울구로","불합격","서울특별시","21"
"2026","남","20","서울구로","불합격","충청남도","1"
"2026","남","20","서울구로","합격","경기도(수원)","9"
"2026","남","20","서울구로","합격","경기도(의정부)","5"
"2026","남","20","서울구로","합격","서울특별시","27"
"2026","남","20","서울구로","합격","인천광역시","11"
"2026","남","30","서울구로","결시","경기도(수원)","1"
"2026","남","30","서울구로","결시","경기도(의정부)","3"
"2026","남","30","서울구로","결시","서울특별시","6"
"2026","남","30","서울구로","결시","인천광역시","3"
"2026","남","30","서울구로","결시","전라남도","1"
"2026","남","30","서울구로","불합격","경기도(수원)","13"
"2026","남","30","서울구로","불합격","경기도(의정부)","7"
"2026","남","30","서울구로","불합격","서울특별시","17"
"2026","남","30","서울구로","불합격","인천광역시","6"
"2026","남","30","서울구로","불합격","전라남도","1"
"2026","남","30","서울구로","합격","경기도(수원)","21"
"2026","남","30","서울구로","합격","경기도(의정부)","23"
"2026","남","30","서울구로","합격","서울특별시","58"
"2026","남","30","서울구로","합격","인천광역시","22"
"2026","남","30","서울구로","합격","전라남도","2"
"2026","남","40","서울구로","결시","경기도(수원)","4"
"2026","남","40","서울구로","결시","경기도(의정부)","1"
"2026","남","40","서울구로","결시","서울특별시","4"
"2026","남","40","서울구로","결시","인천광역시","1"
"2026","남","40","서울구로","불합격","경기도(수원)","14"
"2026","남","40","서울구로","불합격","경기도(의정부)","9"
"2026","남","40","서울구로","불합격","서울특별시","14"
"2026","남","40","서울구로","불합격","인천광역시","9"
"2026","남","40","서울구로","합격","경기도(수원)","52"
"2026","남","40","서울구로","합격","경기도(의정부)","33"
"2026","남","40","서울구로","합격","경상남도","4"
"2026","남","40","서울구로","합격","광주광역시","1"
"2026","남","40","서울구로","합격","서울특별시","121"
"2026","남","40","서울구로","합격","인천광역시","34"
"2026","남","40","서울구로","합격","전라남도","4"
"2026","남","40","서울구로","합격","전북특별자치도","1"
"2026","남","40","서울구로","합격","충청남도","1"
"2026","남","50","서울구로","결시","경기도(수원)","5"
"2026","남","50","서울구로","결시","경기도(의정부)","1"
"2026","남","50","서울구로","결시","서울특별시","10"
"2026","남","50","서울구로","결시","인천광역시","2"
"2026","남","50","서울구로","불합격","경기도(수원)","10"
"2026","남","50","서울구로","불합격","경기도(의정부)","6"
"2026","남","50","서울구로","불합격","서울특별시","24"
"2026","남","50","서울구로","불합격","인천광역시","7"
"2026","남","50","서울구로","불합격","전라남도","2"
"2026","남","50","서울구로","합격","경기도(수원)","128"
"2026","남","50","서울구로","합격","경기도(의정부)","64"
"2026","남","50","서울구로","합격","경상남도","1"
"2026","남","50","서울구로","합격","경상북도","1"
"2026","남","50","서울구로","합격","서울특별시","326"
"2026","남","50","서울구로","합격","인천광역시","97"
"2026","남","50","서울구로","합격","전라남도","5"
"2026","남","50","서울구로","합격","충청남도","1"
"2026","남","60","서울구로","결시","경기도(수원)","8"
"2026","남","60","서울구로","결시","경기도(의정부)","3"
"2026","남","60","서울구로","결시","서울특별시","12"
"2026","남","60","서울구로","결시","인천광역시","3"
"2026","남","60","서울구로","불합격","경기도(수원)","31"
"2026","남","60","서울구로","불합격","경기도(의정부)","9"
"2026","남","60","서울구로","불합격","서울특별시","77"
"2026","남","60","서울구로","불합격","인천광역시","33"
"2026","남","60","서울구로","불합격","전라남도","2"
"2026","남","60","서울구로","불합격","충청남도","1"
"2026","남","60","서울구로","합격","강원특별자치도","3"
"2026","남","60","서울구로","합격","경기도(수원)","299"
"2026","남","60","서울구로","합격","경기도(의정부)","212"
"2026","남","60","서울구로","합격","경상남도","2"
"2026","남","60","서울구로","합격","경상북도","1"
"2026","남","60","서울구로","합격","광주광역시","2"
"2026","남","60","서울구로","합격","서울특별시","637"
"2026","남","60","서울구로","합격","인천광역시","309"
"2026","남","60","서울구로","합격","전라남도","10"
"2026","남","60","서울구로","합격","제주특별자치도","1"
"2026","남","70","서울구로","결시","경기도(수원)","2"
"2026","남","70","서울구로","결시","경기도(의정부)","1"
"2026","남","70","서울구로","결시","서울특별시","8"
"2026","남","70","서울구로","불합격","경기도(수원)","25"
"2026","남","70","서울구로","불합격","경기도(의정부)","14"
"2026","남","70","서울구로","불합격","서울특별시","49"
"2026","남","70","서울구로","불합격","인천광역시","27"
"2026","남","70","서울구로","합격","강원특별자치도","2"
"2026","남","70","서울구로","합격","경기도(수원)","140"
"2026","남","70","서울구로","합격","경기도(의정부)","59"
"2026","남","70","서울구로","합격","경상북도","1"
"2026","남","70","서울구로","합격","대구광역시","1"
"2026","남","70","서울구로","합격","서울특별시","274"
"2026","남","70","서울구로","합격","인천광역시","113"
"2026","남","80","서울구로","결시","경기도(의정부)","1"
"2026","남","80","서울구로","결시","서울특별시","3"
"2026","남","80","서울구로","불합격","경기도(수원)","10"
"2026","남","80","서울구로","불합격","경기도(의정부)","7"
"2026","남","80","서울구로","불합격","서울특별시","35"
"2026","남","80","서울구로","불합격","인천광역시","6"
"2026","남","80","서울구로","합격","경기도(수원)","12"
"2026","남","80","서울구로","합격","경기도(의정부)","14"
"2026","남","80","서울구로","합격","서울특별시","43"
"2026","남","80","서울구로","합격","인천광역시","12"
"2026","남","90","서울구로","결시","서울특별시","1"
"2026","남","90","서울구로","불합격","서울특별시","1"
"2026","남","90","서울구로","합격","경기도(의정부)","1"
"2026","여","20","서울구로","결시","경기도(수원)","1"
"2026","여","20","서울구로","결시","서울특별시","5"
"2026","여","20","서울구로","결시","충청남도","1"
"2026","여","20","서울구로","불합격","경기도(수원)","16"
"2026","여","20","서울구로","불합격","경기도(의정부)","5"
"2026","여","20","서울구로","불합격","서울특별시","10"
"2026","여","20","서울구로","합격","경기도(수원)","38"
"2026","여","20","서울구로","합격","경기도(의정부)","14"
"2026","여","20","서울구로","합격","경상남도","1"
"2026","여","20","서울구로","합격","경상북도","1"
"2026","여","20","서울구로","합격","기타","1"
"2026","여","20","서울구로","합격","부산광역시","1"
"2026","여","20","서울구로","합격","서울특별시","72"
"2026","여","20","서울구로","합격","인천광역시","17"
"2026","여","20","서울구로","합격","전라남도","2"
"2026","여","30","서울구로","결시","경기도(수원)","9"
"2026","여","30","서울구로","결시","경기도(의정부)","6"
"2026","여","30","서울구로","결시","경상남도","2"
"2026","여","30","서울구로","결시","서울특별시","3"
"2026","여","30","서울구로","불합격","경기도(수원)","17"
"2026","여","30","서울구로","불합격","경기도(의정부)","7"
"2026","여","30","서울구로","불합격","경상남도","1"
"2026","여","30","서울구로","불합격","서울특별시","29"
"2026","여","30","서울구로","불합격","인천광역시","11"
"2026","여","30","서울구로","합격","강원특별자치도","6"
"2026","여","30","서울구로","합격","경기도(수원)","125"
"2026","여","30","서울구로","합격","경기도(의정부)","94"
"2026","여","30","서울구로","합격","경상남도","2"
"2026","여","30","서울구로","합격","서울특별시","234"
"2026","여","30","서울구로","합격","인천광역시","101"
"2026","여","30","서울구로","합격","전라남도","13"
"2026","여","30","서울구로","합격","충청남도","2"
"2026","여","40","서울구로","결시","경기도(수원)","16"
"2026","여","40","서울구로","결시","경기도(의정부)","15"
"2026","여","40","서울구로","결시","서울특별시","23"
"2026","여","40","서울구로","결시","인천광역시","5"
"2026","여","40","서울구로","불합격","경기도(수원)","27"
"2026","여","40","서울구로","불합격","경기도(의정부)","16"
"2026","여","40","서울구로","불합격","경상남도","1"
"2026","여","40","서울구로","불합격","서울특별시","50"
"2026","여","40","서울구로","불합격","인천광역시","24"
"2026","여","40","서울구로","불합격","전라남도","1"
"2026","여","40","서울구로","합격","강원특별자치도","6"
"2026","여","40","서울구로","합격","경기도(수원)","458"
"2026","여","40","서울구로","합격","경기도(의정부)","276"
"2026","여","40","서울구로","합격","경상남도","4"
"2026","여","40","서울구로","합격","경상북도","1"
"2026","여","40","서울구로","합격","광주광역시","1"
"2026","여","40","서울구로","합격","부산광역시","1"
"2026","여","40","서울구로","합격","서울특별시","863"
"2026","여","40","서울구로","합격","인천광역시","418"
"2026","여","40","서울구로","합격","전라남도","20"
"2026","여","40","서울구로","합격","전북특별자치도","1"
"2026","여","40","서울구로","합격","충청남도","3"
"2026","여","40","서울구로","합격","충청북도","1"
"2026","여","50","서울구로","결시","경기도(수원)","21"
"2026","여","50","서울구로","결시","경기도(의정부)","20"
"2026","여","50","서울구로","결시","경상남도","1"
"2026","여","50","서울구로","결시","경상북도","1"
"2026","여","50","서울구로","결시","서울특별시","52"
"2026","여","50","서울구로","결시","인천광역시","19"
"2026","여","50","서울구로","결시","전라남도","1"
"2026","여","50","서울구로","결시","충청남도","1"
"2026","여","50","서울구로","불합격","경기도(수원)","55"
"2026","여","50","서울구로","불합격","경기도(의정부)","29"
"2026","여","50","서울구로","불합격","경상남도","1"
"2026","여","50","서울구로","불합격","경상북도","1"
"2026","여","50","서울구로","불합격","서울특별시","99"
"2026","여","50","서울구로","불합격","인천광역시","38"
"2026","여","50","서울구로","불합격","전라남도","2"
"2026","여","50","서울구로","합격","강원특별자치도","4"
"2026","여","50","서울구로","합격","경기도(수원)","1233"
"2026","여","50","서울구로","합격","경기도(의정부)","674"
"2026","여","50","서울구로","합격","경상남도","11"
"2026","여","50","서울구로","합격","경상북도","4"
"2026","여","50","서울구로","합격","대구광역시","1"
"2026","여","50","서울구로","합격","서울특별시","2232"
"2026","여","50","서울구로","합격","인천광역시","1050"
"2026","여","50","서울구로","합격","전라남도","37"
"2026","여","50","서울구로","합격","충청남도","13"
"2026","여","60","서울구로","결시","강원특별자치도","1"
"2026","여","60","서울구로","결시","경기도(수원)","21"
"2026","여","60","서울구로","결시","경기도(의정부)","12"
"2026","여","60","서울구로","결시","경상북도","2"
"2026","여","60","서울구로","결시","서울특별시","50"
"2026","여","60","서울구로","결시","인천광역시","5"
"2026","여","60","서울구로","결시","전라남도","2"
"2026","여","60","서울구로","결시","충청남도","1"
"2026","여","60","서울구로","발표보류","서울특별시","1"
"2026","여","60","서울구로","발표보류","인천광역시","1"
"2026","여","60","서울구로","불합격","경기도(수원)","139"
"2026","여","60","서울구로","불합격","경기도(의정부)","64"
"2026","여","60","서울구로","불합격","경상남도","1"
"2026","여","60","서울구로","불합격","서울특별시","302"
"2026","여","60","서울구로","불합격","인천광역시","122"
"2026","여","60","서울구로","불합격","전라남도","11"
"2026","여","60","서울구로","불합격","전북특별자치도","1"
"2026","여","60","서울구로","합격","강원특별자치도","4"
"2026","여","60","서울구로","합격","경기도(수원)","1171"
"2026","여","60","서울구로","합격","경기도(의정부)","589"
"2026","여","60","서울구로","합격","경상남도","6"
"2026","여","60","서울구로","합격","경상북도","7"
"2026","여","60","서울구로","합격","광주광역시","2"
"2026","여","60","서울구로","합격","대전광역시","1"
"2026","여","60","서울구로","합격","서울특별시","2141"
"2026","여","60","서울구로","합격","인천광역시","1139"
"2026","여","60","서울구로","합격","전라남도","28"
"2026","여","60","서울구로","합격","전북특별자치도","1"
"2026","여","60","서울구로","합격","충청남도","8"
"2026","여","60","서울구로","합격","충청북도","1"
"2026","여","70","서울구로","결시","경기도(수원)","7"
"2026","여","70","서울구로","결시","경기도(의정부)","2"
"2026","여","70","서울구로","결시","서울특별시","22"
"2026","여","70","서울구로","결시","인천광역시","10"
"2026","여","70","서울구로","발표보류","서울특별시","1"
"2026","여","70","서울구로","불합격","강원특별자치도","2"
"2026","여","70","서울구로","불합격","경기도(수원)","96"
"2026","여","70","서울구로","불합격","경기도(의정부)","52"
"2026","여","70","서울구로","불합격","서울특별시","201"
"2026","여","70","서울구로","불합격","인천광역시","90"
"2026","여","70","서울구로","불합격","전라남도","1"
"2026","여","70","서울구로","불합격","충청남도","1"
"2026","여","70","서울구로","합격","강원특별자치도","1"
"2026","여","70","서울구로","합격","경기도(수원)","224"
"2026","여","70","서울구로","합격","경기도(의정부)","131"
"2026","여","70","서울구로","합격","경상남도","1"
"2026","여","70","서울구로","합격","서울특별시","603"
"2026","여","70","서울구로","합격","인천광역시","261"
"2026","여","70","서울구로","합격","전라남도","4"
"2026","여","70","서울구로","합격","충청북도","1"
"2026","여","80","서울구로","결시","경기도(의정부)","1"
"2026","여","80","서울구로","결시","서울특별시","2"
"2026","여","80","서울구로","불합격","경기도(수원)","7"
"2026","여","80","서울구로","불합격","경기도(의정부)","3"
"2026","여","80","서울구로","불합격","서울특별시","25"
"2026","여","80","서울구로","불합격","인천광역시","4"
"2026","여","80","서울구로","합격","경기도(수원)","7"
"2026","여","80","서울구로","합격","경기도(의정부)","7"
"2026","여","80","서울구로","합격","경상남도","1"
"2026","여","80","서울구로","합격","서울특별시","29"
"2026","여","80","서울구로","합격","인천광역시","11"
"2026","남","10","전북전주","불합격","전북특별자치도","1"
"2026","남","10","전북전주","합격","전북특별자치도","6"
"2026","남","20","전북전주","결시","전북특별자치도","1"
"2026","남","20","전북전주","불합격","전라남도","1"
"2026","남","20","전북전주","불합격","전북특별자치도","9"
"2026","남","20","전북전주","불합격","충청남도","2"
"2026","남","20","전북전주","합격","경상남도","1"
"2026","남","20","전북전주","합격","경상북도","1"
"2026","남","20","전북전주","합격","전라남도","1"
"2026","남","20","전북전주","합격","전북특별자치도","11"
"2026","남","30","전북전주","결시","경상남도","1"
"2026","남","30","전북전주","불합격","경상북도","1"
"2026","남","30","전북전주","불합격","전라남도","2"
"2026","남","30","전북전주","불합격","전북특별자치도","6"
"2026","남","30","전북전주","합격","경상남도","2"
"2026","남","30","전북전주","합격","전라남도","1"
"2026","남","30","전북전주","합격","전북특별자치도","17"
"2026","남","30","전북전주","합격","충청남도","1"
"2026","남","40","전북전주","결시","전라남도","1"
"2026","남","40","전북전주","결시","전북특별자치도","4"
"2026","남","40","전북전주","불합격","전라남도","3"
"2026","남","40","전북전주","불합격","전북특별자치도","6"
"2026","남","40","전북전주","합격","경기도(의정부)","1"
"2026","남","40","전북전주","합격","경상남도","4"
"2026","남","40","전북전주","합격","경상북도","1"
"2026","남","40","전북전주","합격","광주광역시","1"
"2026","남","40","전북전주","합격","전라남도","4"
"2026","남","40","전북전주","합격","전북특별자치도","41"
"2026","남","40","전북전주","합격","충청남도","5"
"2026","남","50","전북전주","결시","경기도(수원)","1"
"2026","남","50","전북전주","결시","전북특별자치도","4"
"2026","남","50","전북전주","불합격","전라남도","4"
"2026","남","50","전북전주","불합격","전북특별자치도","17"
"2026","남","50","전북전주","불합격","충청남도","1"
"2026","남","50","전북전주","합격","경상남도","10"
"2026","남","50","전북전주","합격","경상북도","1"
"2026","남","50","전북전주","합격","대전광역시","1"
"2026","남","50","전북전주","합격","서울특별시","1"
"2026","남","50","전북전주","합격","전라남도","6"
"2026","남","50","전북전주","합격","전북특별자치도","109"
"2026","남","50","전북전주","합격","충청남도","5"
"2026","남","60","전북전주","결시","경상남도","2"
"2026","남","60","전북전주","결시","전북특별자치도","2"
"2026","남","60","전북전주","결시","충청남도","2"
"2026","남","60","전북전주","불합격","경상남도","2"
"2026","남","60","전북전주","불합격","전라남도","4"
"2026","남","60","전북전주","불합격","전북특별자치도","21"
"2026","남","60","전북전주","불합격","충청남도","3"
"2026","남","60","전북전주","합격","경상남도","25"
"2026","남","60","전북전주","합격","경상북도","3"
"2026","남","60","전북전주","합격","광주광역시","2"
"2026","남","60","전북전주","합격","대전광역시","1"
"2026","남","60","전북전주","합격","전라남도","29"
"2026","남","60","전북전주","합격","전북특별자치도","247"
"2026","남","60","전북전주","합격","충청남도","33"
"2026","남","70","전북전주","결시","전라남도","1"
"2026","남","70","전북전주","결시","전북특별자치도","3"
"2026","남","70","전북전주","결시","충청남도","1"
"2026","남","70","전북전주","불합격","경상남도","1"
"2026","남","70","전북전주","불합격","전라남도","2"
"2026","남","70","전북전주","불합격","전북특별자치도","37"
"2026","남","70","전북전주","불합격","충청남도","3"
"2026","남","70","전북전주","합격","경상남도","8"
"2026","남","70","전북전주","합격","경상북도","1"
"2026","남","70","전북전주","합격","서울특별시","1"
"2026","남","70","전북전주","합격","전라남도","18"
"2026","남","70","전북전주","합격","전북특별자치도","118"
"2026","남","70","전북전주","합격","충청남도","11"
"2026","남","80","전북전주","결시","경상남도","2"
"2026","남","80","전북전주","불합격","경상남도","2"
"2026","남","80","전북전주","불합격","전라남도","2"
"2026","남","80","전북전주","불합격","전북특별자치도","14"
"2026","남","80","전북전주","합격","경상남도","1"
"2026","남","80","전북전주","합격","전북특별자치도","20"
"2026","남","90","전북전주","불합격","충청남도","1"
"2026","여","10","전북전주","불합격","전북특별자치도","1"
"2026","여","10","전북전주","합격","전북특별자치도","6"
"2026","여","20","전북전주","불합격","전북특별자치도","2"
"2026","여","20","전북전주","합격","경상남도","1"
"2026","여","20","전북전주","합격","전라남도","1"
"2026","여","20","전북전주","합격","전북특별자치도","27"
"2026","여","30","전북전주","결시","경상북도","1"
"2026","여","30","전북전주","결시","광주광역시","1"
"2026","여","30","전북전주","결시","전북특별자치도","3"
"2026","여","30","전북전주","결시","충청남도","1"
"2026","여","30","전북전주","불합격","서울특별시","1"
"2026","여","30","전북전주","불합격","전라남도","1"
"2026","여","30","전북전주","불합격","전북특별자치도","20"
"2026","여","30","전북전주","불합격","충청남도","2"
"2026","여","30","전북전주","합격","경기도(의정부)","1"
"2026","여","30","전북전주","합격","경상남도","8"
"2026","여","30","전북전주","합격","경상북도","1"
"2026","여","30","전북전주","합격","광주광역시","1"
"2026","여","30","전북전주","합격","부산광역시","1"
"2026","여","30","전북전주","합격","서울특별시","1"
"2026","여","30","전북전주","합격","전라남도","18"
"2026","여","30","전북전주","합격","전북특별자치도","79"
"2026","여","30","전북전주","합격","충청남도","3"
"2026","여","30","전북전주","합격","충청북도","2"
"2026","여","40","전북전주","결시","경기도(수원)","1"
"2026","여","40","전북전주","결시","전라남도","1"
"2026","여","40","전북전주","결시","전북특별자치도","10"
"2026","여","40","전북전주","불합격","경기도(수원)","1"
"2026","여","40","전북전주","불합격","경상남도","2"
"2026","여","40","전북전주","불합격","전라남도","8"
"2026","여","40","전북전주","불합격","전북특별자치도","35"
"2026","여","40","전북전주","불합격","충청남도","8"
"2026","여","40","전북전주","합격","경기도(수원)","1"
"2026","여","40","전북전주","합격","경상남도","29"
"2026","여","40","전북전주","합격","경상북도","4"
"2026","여","40","전북전주","합격","광주광역시","1"
"2026","여","40","전북전주","합격","부산광역시","1"
"2026","여","40","전북전주","합격","서울특별시","2"
"2026","여","40","전북전주","합격","인천광역시","2"
"2026","여","40","전북전주","합격","전라남도","44"
"2026","여","40","전북전주","합격","전북특별자치도","297"
"2026","여","40","전북전주","합격","충청남도","18"
"2026","여","40","전북전주","합격","충청북도","3"
"2026","여","50","전북전주","결시","광주광역시","1"
"2026","여","50","전북전주","결시","전라남도","5"
"2026","여","50","전북전주","결시","전북특별자치도","9"
"2026","여","50","전북전주","결시","충청남도","2"
"2026","여","50","전북전주","불합격","경상남도","2"
"2026","여","50","전북전주","불합격","전라남도","16"
"2026","여","50","전북전주","불합격","전북특별자치도","46"
"2026","여","50","전북전주","불합격","충청남도","2"
"2026","여","50","전북전주","합격","강원특별자치도","1"
"2026","여","50","전북전주","합격","경기도(수원)","8"
"2026","여","50","전북전주","합격","경기도(의정부)","1"
"2026","여","50","전북전주","합격","경상남도","77"
"2026","여","50","전북전주","합격","경상북도","19"
"2026","여","50","전북전주","합격","대전광역시","3"
"2026","여","50","전북전주","합격","서울특별시","2"
"2026","여","50","전북전주","합격","세종특별자치시","1"
"2026","여","50","전북전주","합격","전라남도","88"
"2026","여","50","전북전주","합격","전북특별자치도","639"
"2026","여","50","전북전주","합격","제주특별자치도","1"
"2026","여","50","전북전주","합격","충청남도","54"
"2026","여","50","전북전주","합격","충청북도","5"
"2026","여","60","전북전주","결시","경상남도","3"
"2026","여","60","전북전주","결시","광주광역시","1"
"2026","여","60","전북전주","결시","서울특별시","2"
"2026","여","60","전북전주","결시","전라남도","6"
"2026","여","60","전북전주","결시","전북특별자치도","14"
"2026","여","60","전북전주","결시","충청남도","1"
"2026","여","60","전북전주","불합격","경기도(수원)","1"
"2026","여","60","전북전주","불합격","경상남도","9"
"2026","여","60","전북전주","불합격","전라남도","26"
"2026","여","60","전북전주","불합격","전북특별자치도","103"
"2026","여","60","전북전주","불합격","충청남도","15"
"2026","여","60","전북전주","합격","경기도(수원)","1"
"2026","여","60","전북전주","합격","경기도(의정부)","1"
"2026","여","60","전북전주","합격","경상남도","65"
"2026","여","60","전북전주","합격","경상북도","5"
"2026","여","60","전북전주","합격","광주광역시","1"
"2026","여","60","전북전주","합격","대전광역시","7"
"2026","여","60","전북전주","합격","전라남도","68"
"2026","여","60","전북전주","합격","전북특별자치도","685"
"2026","여","60","전북전주","합격","충청남도","63"
"2026","여","70","전북전주","결시","전라남도","1"
"2026","여","70","전북전주","결시","전북특별자치도","7"
"2026","여","70","전북전주","불합격","경상남도","9"
"2026","여","70","전북전주","불합격","전라남도","5"
"2026","여","70","전북전주","불합격","전북특별자치도","63"
"2026","여","70","전북전주","불합격","충청남도","11"
"2026","여","70","전북전주","합격","경기도(의정부)","1"
"2026","여","70","전북전주","합격","경상남도","19"
"2026","여","70","전북전주","합격","경상북도","1"
"2026","여","70","전북전주","합격","대전광역시","2"
"2026","여","70","전북전주","합격","전라남도","20"
"2026","여","70","전북전주","합격","전북특별자치도","176"
"2026","여","70","전북전주","합격","충청남도","18"
"2026","여","80","전북전주","결시","전북특별자치도","1"
"2026","여","80","전북전주","불합격","경상남도","1"
"2026","여","80","전북전주","불합격","전라남도","1"
"2026","여","80","전북전주","불합격","전북특별자치도","13"
"2026","여","80","전북전주","합격","경상남도","1"
"2026","여","80","전북전주","합격","전라남도","1"
"2026","여","80","전북전주","합격","전북특별자치도","6"
"2026","여","80","전북전주","합격","충청남도","2"
"2026","남","20","제주","결시","제주특별자치도","1"
"2026","남","20","제주","불합격","제주특별자치도","2"
"2026","남","20","제주","합격","제주특별자치도","2"
"2026","남","20","제주","합격","충청남도","1"
"2026","남","30","제주","불합격","제주특별자치도","4"
"2026","남","30","제주","합격","인천광역시","1"
"2026","남","30","제주","합격","제주특별자치도","5"
"2026","남","40","제주","결시","제주특별자치도","2"
"2026","남","40","제주","불합격","제주특별자치도","3"
"2026","남","40","제주","합격","제주특별자치도","9"
"2026","남","50","제주","불합격","제주특별자치도","1"
"2026","남","50","제주","합격","경상북도","1"
"2026","남","50","제주","합격","제주특별자치도","36"
"2026","남","60","제주","결시","제주특별자치도","1"
"2026","남","60","제주","불합격","제주특별자치도","10"
"2026","남","60","제주","합격","경상남도","1"
"2026","남","60","제주","합격","제주특별자치도","53"
"2026","남","70","제주","합격","경상남도","1"
"2026","남","70","제주","합격","제주특별자치도","16"
"2026","남","80","제주","합격","제주특별자치도","3"
"2026","여","20","제주","결시","제주특별자치도","2"
"2026","여","20","제주","불합격","제주특별자치도","1"
"2026","여","20","제주","합격","제주특별자치도","2"
"2026","여","30","제주","합격","경기도(의정부)","1"
"2026","여","30","제주","합격","울산광역시","1"
"2026","여","30","제주","합격","제주특별자치도","18"
"2026","여","40","제주","결시","경상남도","1"
"2026","여","40","제주","결시","제주특별자치도","5"
"2026","여","40","제주","불합격","제주특별자치도","8"
"2026","여","40","제주","합격","경기도(의정부)","1"
"2026","여","40","제주","합격","전라남도","1"
"2026","여","40","제주","합격","제주특별자치도","93"
"2026","여","50","제주","결시","제주특별자치도","11"
"2026","여","50","제주","불합격","제주특별자치도","6"
"2026","여","50","제주","합격","경기도(의정부)","1"
"2026","여","50","제주","합격","서울특별시","1"
"2026","여","50","제주","합격","제주특별자치도","192"
"2026","여","60","제주","결시","제주특별자치도","3"
"2026","여","60","제주","불합격","제주특별자치도","10"
"2026","여","60","제주","합격","경기도(수원)","2"
"2026","여","60","제주","합격","서울특별시","1"
"2026","여","60","제주","합격","제주특별자치도","175"
"2026","여","70","제주","결시","경상남도","1"
"2026","여","70","제주","불합격","제주특별자치도","4"
"2026","여","70","제주","합격","제주특별자치도","25"
"2026","여","80","제주","합격","제주특별자치도","1"
