행정기관코드,기준연월,시도명,시군구명,읍면동명,총인구,65세이상인구,75세이상인구,85세이상인구,65세이상남자,65세이상여자,고령화율
1111051500,2026-06-30,서울특별시,종로구,청운효자동,10682,2299,1099,320,948,1351,21.522186856393937
1111053000,2026-06-30,서울특별시,종로구,사직동,8874,2008,948,331,859,1149,22.627901735406805
1111054000,2026-06-30,서울특별시,종로구,삼청동,2048,606,285,85,259,347,29.58984375
1111055000,2026-06-30,서울특별시,종로구,부암동,8868,2055,906,277,886,1169,23.17320703653586
1111056000,2026-06-30,서울특별시,종로구,평창동,16938,4139,1770,632,1814,2325,24.436179005785807
1111057000,2026-06-30,서울특별시,종로구,무악동,7694,1648,725,219,702,946,21.419287756693528
1111058000,2026-06-30,서울특별시,종로구,교남동,9473,1846,796,217,752,1094,19.486962947323974
1111060000,2026-06-30,서울특별시,종로구,가회동,3532,905,427,119,382,523,25.622876557191393
1111061500,2026-06-30,서울특별시,종로구,종로1.2.3.4가동,6625,1882,746,176,1166,716,28.40754716981132
1111063000,2026-06-30,서울특별시,종로구,종로5.6가동,5388,1147,507,130,583,564,21.288047512991835
1111064000,2026-06-30,서울특별시,종로구,이화동,7061,1508,679,203,642,866,21.356748335929755
1111065000,2026-06-30,서울특별시,종로구,혜화동,15719,2867,1430,429,1194,1673,18.239073732425727
1111067000,2026-06-30,서울특별시,종로구,창신제1동,4372,1378,502,139,682,696,31.51875571820677
1111068000,2026-06-30,서울특별시,종로구,창신제2동,7078,2084,812,213,948,1136,29.44334557784685
1111069000,2026-06-30,서울특별시,종로구,창신제3동,6048,1515,588,159,684,831,25.049603174603174
1111070000,2026-06-30,서울특별시,종로구,숭인제1동,5678,1435,594,155,626,809,25.272983444874956
1111071000,2026-06-30,서울특별시,종로구,숭인제2동,10240,1941,747,180,958,983,18.955078125
1114052000,2026-06-30,서울특별시,중구,소공동,2207,287,110,31,139,148,13.00407793384685
1114054000,2026-06-30,서울특별시,중구,회현동,4042,1330,549,156,679,651,32.90450272142504
1114055000,2026-06-30,서울특별시,중구,명동,2494,749,329,96,257,492,30.032076984763435
1114057000,2026-06-30,서울특별시,중구,필동,4311,974,418,143,446,528,22.593365808397124
1114058000,2026-06-30,서울특별시,중구,장충동,4589,972,462,130,443,529,21.181085203748093
1114059000,2026-06-30,서울특별시,중구,광희동,5722,1275,530,124,594,681,22.282418734708145
1114060500,2026-06-30,서울특별시,중구,을지로동,3050,523,194,55,317,206,17.147540983606557
1114061500,2026-06-30,서울특별시,중구,신당동,7276,1737,724,181,809,928,23.873007146783948
1114062500,2026-06-30,서울특별시,중구,다산동,12837,3248,1372,357,1422,1826,25.301861805717845
1114063500,2026-06-30,서울특별시,중구,약수동,15633,4475,2040,615,1858,2617,28.62534382396213
1114064500,2026-06-30,서울특별시,중구,청구동,10631,2769,1201,351,1157,1612,26.046467876963597
1114065000,2026-06-30,서울특별시,중구,신당제5동,9945,2175,914,230,953,1222,21.87028657616893
1114066500,2026-06-30,서울특별시,중구,동화동,9737,2410,995,296,1092,1318,24.750949984594843
1114067000,2026-06-30,서울특별시,중구,황학동,13198,2426,960,214,1079,1347,18.38157296560085
1114068000,2026-06-30,서울특별시,중구,중림동,11886,2351,1034,280,1095,1256,19.77957260642773
1117051000,2026-06-30,서울특별시,용산구,후암동,15573,3357,1402,387,1408,1949,21.556540165671354
1117052000,2026-06-30,서울특별시,용산구,용산2가동,8405,2165,987,270,903,1262,25.758477096966093
1117053000,2026-06-30,서울특별시,용산구,남영동,7029,1701,586,162,1065,636,24.199743918053777
1117055500,2026-06-30,서울특별시,용산구,청파동,18775,3659,1543,406,1564,2095,19.488681757656458
1117056000,2026-06-30,서울특별시,용산구,원효로제1동,17021,2276,877,215,1013,1263,13.371717290405968
1117057000,2026-06-30,서울특별시,용산구,원효로제2동,13321,2626,1115,334,1146,1480,19.713234742136475
1117058000,2026-06-30,서울특별시,용산구,효창동,10377,1802,801,229,765,1037,17.365327165847546
1117059000,2026-06-30,서울특별시,용산구,용문동,11024,2481,1092,278,1037,1444,22.50544267053701
1117062500,2026-06-30,서울특별시,용산구,한강로동,20860,3579,1395,411,1701,1878,17.15723873441994
1117063000,2026-06-30,서울특별시,용산구,이촌제1동,24926,4822,2240,847,2114,2708,19.345261975447325
1117064000,2026-06-30,서울특별시,용산구,이촌제2동,7695,1935,806,228,823,1112,25.146198830409354
1117065000,2026-06-30,서울특별시,용산구,이태원제1동,5398,1362,582,189,593,769,25.231567247128567
1117066000,2026-06-30,서울특별시,용산구,이태원제2동,8336,1871,867,258,772,1099,22.44481765834933
1117068500,2026-06-30,서울특별시,용산구,한남동,13698,2758,1165,337,1213,1545,20.134326179004233
1117069000,2026-06-30,서울특별시,용산구,서빙고동,12167,2459,1033,407,1085,1374,20.210405194378236
1117070000,2026-06-30,서울특별시,용산구,보광동,5043,1267,519,133,525,742,25.12393416617093
1120052000,2026-06-30,서울특별시,성동구,왕십리제2동,15630,3001,1233,283,1315,1686,19.20025591810621
1120053500,2026-06-30,서울특별시,성동구,왕십리도선동,25497,4609,1925,533,2045,2564,18.076636467035335
1120054000,2026-06-30,서울특별시,성동구,마장동,21369,4577,1948,493,2061,2516,21.418877813655296
1120055000,2026-06-30,서울특별시,성동구,사근동,12151,1672,833,201,721,951,13.760184346967327
1120056000,2026-06-30,서울특별시,성동구,행당제1동,15695,2748,1169,307,1213,1535,17.508760751831794
1120057000,2026-06-30,서울특별시,성동구,행당제2동,22265,4552,1983,511,1945,2607,20.444644060184146
1120058000,2026-06-30,서울특별시,성동구,응봉동,14363,2716,1236,327,1151,1565,18.909698530947576
1120059000,2026-06-30,서울특별시,성동구,금호1가동,14227,3118,1228,354,1306,1812,21.916075068531665
1120061500,2026-06-30,서울특별시,성동구,금호2.3가동,20564,4299,1798,458,1803,2496,20.90546586267263
1120062000,2026-06-30,서울특별시,성동구,금호4가동,13743,2918,1211,314,1197,1721,21.232627519464454
1120064500,2026-06-30,서울특별시,성동구,옥수동,25166,4919,1977,539,2099,2820,19.546213144719065
1120065000,2026-06-30,서울특별시,성동구,성수1가제1동,14776,2817,947,232,1345,1472,19.064699512723333
1120066000,2026-06-30,서울특별시,성동구,성수1가제2동,14275,2591,973,227,1185,1406,18.15061295971979
1120067000,2026-06-30,서울특별시,성동구,성수2가제1동,13300,3294,1127,259,1593,1701,24.76691729323308
1120069000,2026-06-30,서울특별시,성동구,성수2가제3동,9330,2047,879,231,956,1091,21.939978563772776
1120072000,2026-06-30,서울특별시,성동구,송정동,9005,2055,745,161,993,1062,22.820655191560242
1120079000,2026-06-30,서울특별시,성동구,용답동,13161,2514,1114,281,1205,1309,19.101891953498974
1121571000,2026-06-30,서울특별시,광진구,화양동,22998,2570,1107,272,1181,1389,11.174884772588921
1121573000,2026-06-30,서울특별시,광진구,군자동,18475,3614,1503,353,1607,2007,19.561569688768607
1121574000,2026-06-30,서울특별시,광진구,중곡제1동,14776,3092,1232,293,1363,1729,20.92582566323768
1121575000,2026-06-30,서울특별시,광진구,중곡제2동,19686,4178,1576,341,1858,2320,21.223204307629786
1121576000,2026-06-30,서울특별시,광진구,중곡제3동,15204,3615,1433,329,1611,2004,23.77663772691397
1121577000,2026-06-30,서울특별시,광진구,중곡제4동,26778,6657,2523,542,3017,3640,24.859959668384494
1121578000,2026-06-30,서울특별시,광진구,능동,10614,1906,789,184,837,1069,17.957414735255323
1121581000,2026-06-30,서울특별시,광진구,광장동,32836,4676,1821,579,2161,2515,14.240467779266657
1121582000,2026-06-30,서울특별시,광진구,자양제1동,21442,4299,1715,431,1837,2462,20.0494356869695
1121583000,2026-06-30,서울특별시,광진구,자양제2동,26275,5036,1792,404,2304,2732,19.16650808753568
1121584000,2026-06-30,서울특별시,광진구,자양제3동,26564,5307,2086,633,2447,2860,19.978165938864628
1121584700,2026-06-30,서울특별시,광진구,자양제4동,19873,4524,1820,444,2007,2517,22.764554923765914
1121585000,2026-06-30,서울특별시,광진구,구의제1동,23190,3948,1579,400,1735,2213,17.02457956015524
1121586000,2026-06-30,서울특별시,광진구,구의제2동,24774,5426,2180,533,2344,3082,21.901994025994995
1121587000,2026-06-30,서울특별시,광진구,구의제3동,27420,5174,1990,530,2364,2810,18.869438366156093
1123051500,2026-06-30,서울특별시,동대문구,신설동,16383,2689,1051,266,1299,1390,16.41335530733077
1123053300,2026-06-30,서울특별시,동대문구,용두동,22698,4812,2056,551,2177,2635,21.20010573618821
1123054500,2026-06-30,서울특별시,동대문구,제기동,22176,5921,2646,701,2648,3273,26.700036075036078
1123056000,2026-06-30,서울특별시,동대문구,전농제1동,32499,6819,2826,726,3096,3723,20.982184067202066
1123057000,2026-06-30,서울특별시,동대문구,전농제2동,17148,4317,1794,473,1851,2466,25.174947515745277
1123060000,2026-06-30,서울특별시,동대문구,답십리제1동,27536,4894,1966,491,2191,2703,17.773097036606625
1123061000,2026-06-30,서울특별시,동대문구,답십리제2동,27164,6694,2775,697,2902,3792,24.64290973347077
1123065000,2026-06-30,서울특별시,동대문구,장안제1동,37060,8171,3165,668,3734,4437,22.048030221262817
1123066000,2026-06-30,서울특별시,동대문구,장안제2동,32945,6522,2492,519,2946,3576,19.796630748216725
1123070500,2026-06-30,서울특별시,동대문구,청량리동,18173,6097,2604,675,2690,3407,33.54977163924504
1123071000,2026-06-30,서울특별시,동대문구,회기동,10311,1635,812,250,653,982,15.856851905731743
1123072000,2026-06-30,서울특별시,동대문구,휘경제1동,16799,2658,1169,298,1177,1481,15.822370379189238
1123073000,2026-06-30,서울특별시,동대문구,휘경제2동,23520,4715,1988,476,2087,2628,20.046768707482993
1123074000,2026-06-30,서울특별시,동대문구,이문제1동,30528,4305,1809,508,1848,2457,14.101808176100631
1123075000,2026-06-30,서울특별시,동대문구,이문제2동,17908,4380,1959,471,1903,2477,24.458342640160822
1126052000,2026-06-30,서울특별시,중랑구,면목제2동,22849,5808,2316,530,2584,3224,25.419055538535602
1126054000,2026-06-30,서울특별시,중랑구,면목제4동,17451,4552,1882,355,2009,2543,26.08446507363475
1126055000,2026-06-30,서울특별시,중랑구,면목제5동,13753,2874,1066,221,1311,1563,20.897258779902568
1126056500,2026-06-30,서울특별시,중랑구,면목본동,31534,7576,2963,667,3377,4199,24.02486205365637
1126057000,2026-06-30,서울특별시,중랑구,면목제7동,20402,5346,2052,448,2445,2901,26.203313400646994
1126057500,2026-06-30,서울특별시,중랑구,면목제3.8동,23424,6270,2419,563,2788,3482,26.767418032786882
1126058000,2026-06-30,서울특별시,중랑구,상봉제1동,22746,5048,1860,456,2254,2794,22.192913039655323
1126059000,2026-06-30,서울특별시,중랑구,상봉제2동,21862,3751,1483,340,1713,2038,17.157625102918306
1126060000,2026-06-30,서울특별시,중랑구,중화제1동,17843,4541,1692,376,2080,2461,25.44975620691588
1126061000,2026-06-30,서울특별시,중랑구,중화제2동,25530,6453,2500,622,3028,3425,25.276145710928322
1126062000,2026-06-30,서울특별시,중랑구,묵제1동,32844,7328,2880,685,3280,4048,22.311533308975765
1126063000,2026-06-30,서울특별시,중랑구,묵제2동,17541,4431,1762,414,1992,2439,25.260817513254665
1126065500,2026-06-30,서울특별시,중랑구,망우본동,37965,8583,3218,801,3943,4640,22.607664954563415
1126066000,2026-06-30,서울특별시,중랑구,망우제3동,15146,4252,1664,397,2000,2252,28.07341872441569
1126068000,2026-06-30,서울특별시,중랑구,신내1동,36588,8901,3462,932,3970,4931,24.327648409314527
1126069000,2026-06-30,서울특별시,중랑구,신내2동,18908,5068,1945,528,2138,2930,26.803469430928708
1129052500,2026-06-30,서울특별시,성북구,성북동,15513,3386,1563,495,1442,1944,21.826854895893767
1129055500,2026-06-30,서울특별시,성북구,삼선동,21574,4531,2073,581,1932,2599,21.002132196162044
1129057500,2026-06-30,서울특별시,성북구,동선동,14889,2370,1114,307,981,1389,15.917791658271208
1129058000,2026-06-30,서울특별시,성북구,돈암제1동,13651,3417,1437,381,1446,1971,25.03113325031133
1129059000,2026-06-30,서울특별시,성북구,돈암제2동,22781,4262,1738,511,1846,2416,18.708572933585003
1129060000,2026-06-30,서울특별시,성북구,안암동,15621,2382,1102,305,1011,1371,15.248703668139044
1129061000,2026-06-30,서울특별시,성북구,보문동,15700,2983,1254,319,1282,1701,19.0
1129062000,2026-06-30,서울특별시,성북구,정릉제1동,17474,3689,1620,410,1568,2121,21.111365457250773
1129063000,2026-06-30,서울특별시,성북구,정릉제2동,21445,5292,2242,572,2285,3007,24.677080904639777
1129064000,2026-06-30,서울특별시,성북구,정릉제3동,13856,3403,1531,410,1366,2037,24.55975750577367
1129065000,2026-06-30,서울특별시,성북구,정릉제4동,23406,5800,2504,625,2431,3369,24.77997094762027
1129066000,2026-06-30,서울특별시,성북구,길음제1동,35307,5392,2366,571,2240,3152,15.271759141246779
1129068500,2026-06-30,서울특별시,성북구,길음제2동,21358,3578,1417,332,1581,1997,16.752504916190656
1129070500,2026-06-30,서울특별시,성북구,종암동,36707,8147,3621,1067,3547,4600,22.194676764649795
1129071500,2026-06-30,서울특별시,성북구,월곡제1동,24433,5688,2387,552,2493,3195,23.279990177219332
1129072500,2026-06-30,서울특별시,성북구,월곡제2동,18413,4277,1857,507,1897,2380,23.228154021615165
1129076000,2026-06-30,서울특별시,성북구,장위제1동,22526,4974,1885,462,2180,2794,22.0811506703365
1129077000,2026-06-30,서울특별시,성북구,장위제2동,15678,3847,1614,381,1662,2185,24.537568567419314
1129078000,2026-06-30,서울특별시,성북구,장위제3동,18710,3148,1104,249,1427,1721,16.825227151256016
1129081000,2026-06-30,서울특별시,성북구,석관동,32720,8544,3582,801,3816,4728,26.112469437652813
1130553400,2026-06-30,서울특별시,강북구,삼양동,24226,6183,2575,596,2730,3453,25.52216626764633
1130553500,2026-06-30,서울특별시,강북구,미아동,20128,5465,2305,581,2392,3073,27.151232114467412
1130554500,2026-06-30,서울특별시,강북구,송중동,27189,7045,2859,661,3065,3980,25.911214093935047
1130555500,2026-06-30,서울특별시,강북구,송천동,22649,6715,2818,643,3000,3715,29.648108084242132
1130557500,2026-06-30,서울특별시,강북구,삼각산동,29803,5533,2318,571,2313,3220,18.56524510955273
1130559500,2026-06-30,서울특별시,강북구,번1동,15932,3882,1690,381,1705,2177,24.366055736881748
1130560300,2026-06-30,서울특별시,강북구,번2동,14155,4706,2202,492,1915,2791,33.24620275521018
1130560800,2026-06-30,서울특별시,강북구,번3동,15343,5274,2707,544,2074,3200,34.37398162028287
1130561500,2026-06-30,서울특별시,강북구,수유1동,19241,5360,2197,537,2365,2995,27.857179980250507
1130562500,2026-06-30,서울특별시,강북구,수유2동,19775,5954,2647,712,2516,3438,30.10872313527181
1130563500,2026-06-30,서울특별시,강북구,수유3동,22303,5651,2381,571,2399,3252,25.337398556248036
1130564500,2026-06-30,서울특별시,강북구,우이동,19364,5798,2590,717,2469,3329,29.942160710596983
1130566000,2026-06-30,서울특별시,강북구,인수동,27933,8378,3647,1000,3642,4736,29.993198009522786
1132051100,2026-06-30,서울특별시,도봉구,창제1동,22638,5545,2296,624,2367,3178,24.494213269723474
1132051200,2026-06-30,서울특별시,도봉구,창제2동,27471,6793,2754,678,3006,3787,24.727894870954824
1132051300,2026-06-30,서울특별시,도봉구,창제3동,12554,3542,1493,338,1560,1982,28.214115023100206
1132051400,2026-06-30,서울특별시,도봉구,창제4동,25856,5528,2139,644,2475,3053,21.379950495049506
1132051500,2026-06-30,서울특별시,도봉구,창제5동,23234,5604,2195,613,2490,3114,24.119824395282773
1132052100,2026-06-30,서울특별시,도봉구,도봉제1동,19352,6879,3120,724,3130,3749,35.54671351798264
1132052200,2026-06-30,서울특별시,도봉구,도봉제2동,25568,7941,3291,836,3523,4418,31.05835419274093
1132066000,2026-06-30,서울특별시,도봉구,쌍문제1동,20495,5692,2473,650,2502,3190,27.772627470114664
1132067000,2026-06-30,서울특별시,도봉구,쌍문제2동,17257,4831,1921,525,2043,2788,27.99443704004172
1132068000,2026-06-30,서울특별시,도봉구,쌍문제3동,15893,4218,1815,417,1832,2386,26.539986157427798
1132068100,2026-06-30,서울특별시,도봉구,쌍문제4동,17534,4226,1481,432,1874,2352,24.101745180791607
1132069000,2026-06-30,서울특별시,도봉구,방학제1동,27706,7405,2993,708,3430,3975,26.727062730094563
1132070000,2026-06-30,서울특별시,도봉구,방학제2동,17426,5400,2200,533,2467,2933,30.988178583725468
1132071000,2026-06-30,서울특별시,도봉구,방학제3동,25241,6700,2435,736,2925,3775,26.54411473396458
1135056000,2026-06-30,서울특별시,노원구,월계1동,20226,4778,2055,479,2137,2641,23.623059428458422
1135057000,2026-06-30,서울특별시,노원구,월계2동,24513,6976,2836,685,2927,4049,28.45836902867866
1135058000,2026-06-30,서울특별시,노원구,월계3동,27597,7209,3011,777,3048,4161,26.122404609196654
1135059500,2026-06-30,서울특별시,노원구,공릉1동,35241,8080,3084,707,3529,4551,22.927839732130188
1135060000,2026-06-30,서울특별시,노원구,공릉2동,40662,7095,2685,693,3164,3931,17.448723624022428
1135061100,2026-06-30,서울특별시,노원구,하계1동,25321,5559,2181,637,2213,3346,21.95410923739189
1135061200,2026-06-30,서울특별시,노원구,하계2동,19450,3604,1346,415,1544,2060,18.52956298200514
1135061900,2026-06-30,서울특별시,노원구,중계본동,21967,2983,1118,304,1369,1614,13.579460099239768
1135062100,2026-06-30,서울특별시,노원구,중계1동,25735,3188,1159,325,1384,1804,12.387798717699631
1135062400,2026-06-30,서울특별시,노원구,중계4동,18526,4619,2162,535,1891,2728,24.93252725898737
1135062500,2026-06-30,서울특별시,노원구,중계2.3동,31117,8613,4041,1098,3200,5413,27.679403541472507
1135063000,2026-06-30,서울특별시,노원구,상계1동,35842,9273,3557,916,4167,5106,25.871882149433624
1135064000,2026-06-30,서울특별시,노원구,상계2동,18534,4372,1682,434,2002,2370,23.589079529513327
1135066500,2026-06-30,서울특별시,노원구,상계3.4동,26412,7303,3101,764,3228,4075,27.65031046494018
1135067000,2026-06-30,서울특별시,노원구,상계5동,21990,6142,2671,695,2607,3535,27.93087767166894
1135069500,2026-06-30,서울특별시,노원구,상계6.7동,30043,6042,2405,703,2444,3598,20.11117398395633
1135070000,2026-06-30,서울특별시,노원구,상계8동,21217,3544,1401,369,1444,2100,16.70358674647688
1135071000,2026-06-30,서울특별시,노원구,상계9동,18840,4308,1658,457,1798,2510,22.866242038216562
1135072000,2026-06-30,서울특별시,노원구,상계10동,17820,3407,1218,339,1417,1990,19.118967452300787
1138051000,2026-06-30,서울특별시,은평구,녹번동,35083,8584,3703,928,3608,4976,24.467690904426647
1138052000,2026-06-30,서울특별시,은평구,불광제1동,33687,8384,3611,987,3540,4844,24.88793896755425
1138053000,2026-06-30,서울특별시,은평구,불광제2동,26127,7343,3108,748,3208,4135,28.105025452596934
1138055100,2026-06-30,서울특별시,은평구,갈현제1동,13930,3566,1494,342,1551,2015,25.59942569992821
1138055200,2026-06-30,서울특별시,은평구,갈현제2동,26568,6267,2621,627,2657,3610,23.58852755194219
1138056000,2026-06-30,서울특별시,은평구,구산동,30565,7607,3109,768,3471,4136,24.88794372648454
1138057000,2026-06-30,서울특별시,은평구,대조동,26878,6077,2758,684,2584,3493,22.60956916437235
1138058000,2026-06-30,서울특별시,은평구,응암제1동,31935,6359,2754,678,2641,3718,19.91232190386723
1138059000,2026-06-30,서울특별시,은평구,응암제2동,26751,4749,1964,496,2009,2740,17.752607379163397
1138060000,2026-06-30,서울특별시,은평구,응암제3동,22707,6558,3015,808,2715,3843,28.880961817941603
1138062500,2026-06-30,서울특별시,은평구,역촌동,44223,10616,4406,1014,4492,6124,24.005607941568865
1138063100,2026-06-30,서울특별시,은평구,신사제1동,25594,6342,2587,589,2741,3601,24.779245135578652
1138063200,2026-06-30,서울특별시,은평구,신사제2동,19371,4704,1825,453,2111,2593,24.28372309121883
1138064000,2026-06-30,서울특별시,은평구,증산동,15140,3451,1395,339,1544,1907,22.793923381770146
1138065000,2026-06-30,서울특별시,은평구,수색동,21088,3769,1451,412,1628,2141,17.87272382397572
1138069000,2026-06-30,서울특별시,은평구,진관동,53565,10517,4259,1134,4659,5858,19.63408942406422
1141052000,2026-06-30,서울특별시,서대문구,천연동,16246,3659,1669,508,1524,2135,22.52246706881694
1141055500,2026-06-30,서울특별시,서대문구,북아현동,15076,2587,1033,304,1111,1476,17.159724064738658
1141056500,2026-06-30,서울특별시,서대문구,충현동,19097,3913,1605,479,1742,2171,20.49012933968686
1141058500,2026-06-30,서울특별시,서대문구,신촌동,20650,2310,1102,338,984,1326,11.186440677966102
1141061500,2026-06-30,서울특별시,서대문구,연희동,33030,6641,3081,858,2776,3865,20.105964274901606
1141062000,2026-06-30,서울특별시,서대문구,홍제제1동,24256,5637,2441,655,2421,3216,23.23961081794195
1141064000,2026-06-30,서울특별시,서대문구,홍제제3동,17157,4414,2037,582,1820,2594,25.72710846884653
1141065500,2026-06-30,서울특별시,서대문구,홍제제2동,11803,2975,1239,340,1247,1728,25.205456239939
1141066000,2026-06-30,서울특별시,서대문구,홍은제1동,23322,5682,2372,666,2492,3190,24.363262155904298
1141068500,2026-06-30,서울특별시,서대문구,홍은제2동,27047,6188,2586,713,2661,3527,22.878692646134507
1141069000,2026-06-30,서울특별시,서대문구,남가좌제1동,17264,2663,1136,322,1139,1524,15.42516218721038
1141070000,2026-06-30,서울특별시,서대문구,남가좌제2동,28277,5569,2523,652,2367,3202,19.69445132086148
1141071000,2026-06-30,서울특별시,서대문구,북가좌제1동,17095,3527,1491,392,1509,2018,20.631763673588768
1141072000,2026-06-30,서울특별시,서대문구,북가좌제2동,29490,7586,3276,778,3304,4282,25.72397422855205
1144055500,2026-06-30,서울특별시,마포구,아현동,28566,4137,1543,454,1792,2345,14.482251627809283
1144056500,2026-06-30,서울특별시,마포구,공덕동,35843,6924,2925,872,2928,3996,19.31757944368496
1144058500,2026-06-30,서울특별시,마포구,도화동,20213,4178,1798,582,1791,2387,20.6698659278682
1144059000,2026-06-30,서울특별시,마포구,용강동,21165,3412,1476,437,1456,1956,16.12095440585873
1144060000,2026-06-30,서울특별시,마포구,대흥동,14221,2118,925,268,910,1208,14.89346740735532
1144061000,2026-06-30,서울특별시,마포구,염리동,16740,2333,1002,283,970,1363,13.93667861409797
1144063000,2026-06-30,서울특별시,마포구,신수동,21955,3869,1679,477,1678,2191,17.622409473923938
1144065500,2026-06-30,서울특별시,마포구,서강동,24345,3955,1693,498,1727,2228,16.245635654138425
1144066000,2026-06-30,서울특별시,마포구,서교동,23436,3619,1702,469,1529,2090,15.44205495818399
1144068000,2026-06-30,서울특별시,마포구,합정동,15446,2851,1295,332,1187,1664,18.457853165868183
1144069000,2026-06-30,서울특별시,마포구,망원제1동,18336,3834,1706,403,1553,2281,20.909685863874344
1144070000,2026-06-30,서울특별시,마포구,망원제2동,17062,3525,1566,355,1472,2053,20.659946079005977
1144071000,2026-06-30,서울특별시,마포구,연남동,13825,2568,1150,309,1067,1501,18.5750452079566
1144072000,2026-06-30,서울특별시,마포구,성산제1동,18300,3460,1438,357,1410,2050,18.907103825136613
1144073000,2026-06-30,서울특별시,마포구,성산제2동,37924,7196,3243,836,2944,4252,18.974791688640437
1144074000,2026-06-30,서울특별시,마포구,상암동,29110,5020,2044,555,2128,2892,17.24493301271041
1147051000,2026-06-30,서울특별시,양천구,목1동,29799,4131,1491,341,1914,2217,13.86288130474177
1147052000,2026-06-30,서울특별시,양천구,목2동,27731,5381,1878,442,2406,2975,19.404276802134795
1147053000,2026-06-30,서울특별시,양천구,목3동,20469,4442,1611,395,1967,2475,21.70110899408862
1147054000,2026-06-30,서울특별시,양천구,목4동,23485,4023,1572,368,1756,2267,17.130083031722375
1147055000,2026-06-30,서울특별시,양천구,목5동,40354,6036,2022,502,2945,3091,14.957625018585519
1147056000,2026-06-30,서울특별시,양천구,신월1동,18426,5372,2007,388,2522,2850,29.154455660479755
1147057000,2026-06-30,서울특별시,양천구,신월2동,20385,5086,1883,370,2264,2822,24.94971792985038
1147058000,2026-06-30,서울특별시,양천구,신월3동,13463,3730,1460,316,1793,1937,27.705563395974153
1147059000,2026-06-30,서울특별시,양천구,신월4동,16571,4158,1584,335,1828,2330,25.09202824210971
1147060000,2026-06-30,서울특별시,양천구,신월5동,13608,3152,1134,246,1422,1730,23.162845385067605
1147061000,2026-06-30,서울특별시,양천구,신월6동,13574,2444,864,168,1090,1354,18.005009577132753
1147061100,2026-06-30,서울특별시,양천구,신월7동,17819,5235,2032,518,2207,3028,29.37875301644312
1147062000,2026-06-30,서울특별시,양천구,신정1동,19342,3311,1243,329,1479,1832,17.118188398304206
1147063000,2026-06-30,서울특별시,양천구,신정2동,18612,3339,1240,285,1550,1789,17.940038684719536
1147064000,2026-06-30,서울특별시,양천구,신정3동,45089,9324,3517,803,4098,5226,20.679101332919338
1147065000,2026-06-30,서울특별시,양천구,신정4동,31091,7384,2870,583,3246,4138,23.749638158952752
1147067000,2026-06-30,서울특별시,양천구,신정6동,23826,3732,1222,303,1763,1969,15.663560815915387
1147068000,2026-06-30,서울특별시,양천구,신정7동,27603,6289,2464,664,2677,3612,22.783755388907004
1150051000,2026-06-30,서울특별시,강서구,염창동,40993,5803,1996,464,2695,3108,14.156075427512013
1150052000,2026-06-30,서울특별시,강서구,등촌제1동,24846,3729,1533,541,1583,2146,15.008452064718666
1150053000,2026-06-30,서울특별시,강서구,등촌제2동,18886,4065,1445,335,1850,2215,21.523880122842318
1150053500,2026-06-30,서울특별시,강서구,등촌제3동,28460,8409,3365,1038,3621,4788,29.546732255797608
1150054000,2026-06-30,서울특별시,강서구,화곡제1동,49621,10632,4055,823,4653,5979,21.426412204510186
1150055000,2026-06-30,서울특별시,강서구,화곡제2동,16671,3562,1370,273,1494,2068,21.366444724371664
1150056000,2026-06-30,서울특별시,강서구,화곡제3동,20440,5175,1989,420,2310,2865,25.318003913894326
1150057000,2026-06-30,서울특별시,강서구,화곡제4동,18975,4840,1887,408,2045,2795,25.507246376811594
1150059000,2026-06-30,서울특별시,강서구,화곡본동,31632,6302,2285,481,2707,3595,19.922862923621647
1150059100,2026-06-30,서울특별시,강서구,화곡제6동,25262,5081,1754,408,2301,2780,20.11321352228644
1150059300,2026-06-30,서울특별시,강서구,화곡제8동,22275,5412,2135,419,2318,3094,24.296296296296298
1150060300,2026-06-30,서울특별시,강서구,가양제1동,33337,4266,1298,334,2020,2246,12.796592374838767
1150060400,2026-06-30,서울특별시,강서구,가양제2동,12833,5045,2030,585,2273,2772,39.312709421023925
1150060500,2026-06-30,서울특별시,강서구,가양제3동,13315,4207,1731,427,1678,2529,31.595944423582427
1150061100,2026-06-30,서울특별시,강서구,발산제1동,34552,6251,2534,604,2590,3661,18.09157212317666
1150061500,2026-06-30,서울특별시,강서구,우장산동,43623,7595,2821,546,3460,4135,17.41054031130367
1150062000,2026-06-30,서울특별시,강서구,공항동,28549,5026,1907,456,2289,2737,17.604819783530072
1150063000,2026-06-30,서울특별시,강서구,방화제1동,40479,8607,3411,866,3896,4711,21.26287704735789
1150064000,2026-06-30,서울특별시,강서구,방화제2동,22537,6003,2454,630,2600,3403,26.636198251763766
1150064100,2026-06-30,서울특별시,강서구,방화제3동,21229,6406,2664,720,2727,3679,30.175703047717743
1153051000,2026-06-30,서울특별시,구로구,신도림동,35683,5853,2193,495,2730,3123,16.40276882549113
1153052000,2026-06-30,서울특별시,구로구,구로제1동,20001,3575,1140,292,1618,1957,17.874106294685266
1153053000,2026-06-30,서울특별시,구로구,구로제2동,21641,6472,2812,623,2842,3630,29.90619657132295
1153054000,2026-06-30,서울특별시,구로구,구로제3동,22656,4127,1739,389,1816,2311,18.215925141242938
1153055000,2026-06-30,서울특별시,구로구,구로제4동,17563,5224,2356,570,2202,3022,29.744348915333376
1153056000,2026-06-30,서울특별시,구로구,구로제5동,28476,5861,2451,543,2676,3185,20.582244697288946
1153059500,2026-06-30,서울특별시,구로구,가리봉동,8855,2231,891,239,1081,1150,25.19480519480519
1153072000,2026-06-30,서울특별시,구로구,고척제1동,26227,5424,2087,455,2487,2937,20.680977618484768
1153073000,2026-06-30,서울특별시,구로구,고척제2동,24759,6498,2666,600,2970,3528,26.2450018175209
1153074000,2026-06-30,서울특별시,구로구,개봉제1동,33189,8087,3195,697,3703,4384,24.36650697520263
1153075000,2026-06-30,서울특별시,구로구,개봉제2동,29050,7899,3201,634,3513,4386,27.191049913941477
1153076000,2026-06-30,서울특별시,구로구,개봉제3동,18530,5251,2049,440,2306,2945,28.337830545062058
1153077000,2026-06-30,서울특별시,구로구,오류제1동,22994,4841,2040,475,2179,2662,21.053318256936592
1153078000,2026-06-30,서울특별시,구로구,오류제2동,35376,8676,3718,824,3669,5007,24.525101763907735
1153079000,2026-06-30,서울특별시,구로구,수궁동,21687,5702,2210,471,2543,3159,26.29224881265274
1153080000,2026-06-30,서울특별시,구로구,항동,15946,2364,787,163,1056,1308,14.825034491408504
1154551000,2026-06-30,서울특별시,금천구,가산동,25532,3448,1287,270,1703,1745,13.50462165126116
1154561000,2026-06-30,서울특별시,금천구,독산제1동,47669,7569,2884,633,3529,4040,15.87824372233527
1154562000,2026-06-30,서울특별시,금천구,독산제2동,17067,4445,1628,360,2035,2410,26.044413195054783
1154563000,2026-06-30,서울특별시,금천구,독산제3동,22557,5906,2207,539,2747,3159,26.182559737553753
1154564000,2026-06-30,서울특별시,금천구,독산제4동,13779,3644,1357,248,1704,1940,26.44604107700123
1154567000,2026-06-30,서울특별시,금천구,시흥제1동,30956,7604,3090,740,3375,4229,24.563897144333893
1154568000,2026-06-30,서울특별시,금천구,시흥제2동,19705,5151,2030,487,2319,2832,26.140573458513067
1154569000,2026-06-30,서울특별시,금천구,시흥제3동,9904,2883,1087,227,1308,1575,29.109450726979
1154570000,2026-06-30,서울특별시,금천구,시흥제4동,18232,5296,2008,433,2471,2825,29.047827994734533
1154571000,2026-06-30,서울특별시,금천구,시흥제5동,17102,5145,2255,547,2269,2876,30.084200678283242
1156051500,2026-06-30,서울특별시,영등포구,영등포본동,20241,4921,1953,456,2368,2553,24.312039918976335
1156053500,2026-06-30,서울특별시,영등포구,영등포동,31197,3895,1447,360,2081,1814,12.48517485655672
1156054000,2026-06-30,서울특별시,영등포구,여의동,33980,7133,3314,1059,3212,3921,20.991759858740437
1156055000,2026-06-30,서울특별시,영등포구,당산제1동,21026,3853,1599,411,1704,2149,18.32493103776277
1156056000,2026-06-30,서울특별시,영등포구,당산제2동,36343,5508,2231,583,2554,2954,15.155600803455963
1156058500,2026-06-30,서울특별시,영등포구,도림동,17543,3875,1616,402,1783,2092,22.088582340534685
1156060500,2026-06-30,서울특별시,영등포구,문래동,31047,5299,2280,593,2379,2920,17.067671594679034
1156061000,2026-06-30,서울특별시,영등포구,양평제1동,19453,2813,1211,298,1199,1614,14.460494525266027
1156062000,2026-06-30,서울특별시,영등포구,양평제2동,22415,3227,1254,314,1473,1754,14.39660941333928
1156063000,2026-06-30,서울특별시,영등포구,신길제1동,18934,4084,1773,472,1826,2258,21.569663040033802
1156065000,2026-06-30,서울특별시,영등포구,신길제3동,16042,3808,1548,340,1697,2111,23.737688567510283
1156066000,2026-06-30,서울특별시,영등포구,신길제4동,11778,2807,1121,266,1218,1589,23.832569196807608
1156067000,2026-06-30,서울특별시,영등포구,신길제5동,9497,2379,935,194,1026,1353,25.050015794461412
1156068000,2026-06-30,서울특별시,영등포구,신길제6동,17698,3797,1544,391,1678,2119,21.45440162730252
1156069000,2026-06-30,서울특별시,영등포구,신길제7동,19341,3137,1243,300,1411,1726,16.219430225944883
1156070000,2026-06-30,서울특별시,영등포구,대림제1동,13186,3701,1668,394,1622,2079,28.06764750492947
1156071000,2026-06-30,서울특별시,영등포구,대림제2동,11457,3134,1489,326,1336,1798,27.35445579121934
1156072000,2026-06-30,서울특별시,영등포구,대림제3동,20689,5527,2194,522,2541,2986,26.714679298177774
1159051000,2026-06-30,서울특별시,동작구,노량진제1동,33529,6835,2917,811,2969,3866,20.385338065555192
1159052000,2026-06-30,서울특별시,동작구,노량진제2동,7615,1847,752,196,852,995,24.254760341431385
1159053000,2026-06-30,서울특별시,동작구,상도제1동,43968,8563,3687,978,3692,4871,19.475527656477436
1159054000,2026-06-30,서울특별시,동작구,상도제2동,26716,5079,2124,597,2219,2860,19.011079502919596
1159055000,2026-06-30,서울특별시,동작구,상도제3동,23331,5419,2377,538,2315,3104,23.226608375123227
1159056000,2026-06-30,서울특별시,동작구,상도제4동,28647,6289,2641,620,2722,3567,21.95343316926729
1159060500,2026-06-30,서울특별시,동작구,흑석동,29844,5833,2534,715,2516,3317,19.544967162578743
1159062000,2026-06-30,서울특별시,동작구,사당제1동,22100,4388,1797,349,1902,2486,19.855203619909503
1159063000,2026-06-30,서울특별시,동작구,사당제2동,27594,6557,2891,661,2827,3730,23.7624121185765
1159064000,2026-06-30,서울특별시,동작구,사당제3동,23223,5399,2265,476,2447,2952,23.248503638634112
1159065000,2026-06-30,서울특별시,동작구,사당제4동,13549,3241,1401,311,1382,1859,23.92058454498487
1159065100,2026-06-30,서울특별시,동작구,사당제5동,13631,2758,1161,260,1179,1579,20.233291761426162
1159066000,2026-06-30,서울특별시,동작구,대방동,33466,6204,2685,707,2601,3603,18.538217892786708
1159067000,2026-06-30,서울특별시,동작구,신대방제1동,22795,4705,1936,483,2103,2602,20.64049133581926
1159068000,2026-06-30,서울특별시,동작구,신대방제2동,21991,3989,1843,480,1736,2253,18.139238779500705
1162052500,2026-06-30,서울특별시,관악구,보라매동,22892,5264,2317,528,2260,3004,22.994932727590424
1162054500,2026-06-30,서울특별시,관악구,청림동,14155,3149,1399,384,1336,1813,22.246555987283646
1162056500,2026-06-30,서울특별시,관악구,성현동,29398,6455,2822,656,2712,3743,21.95727600517042
1162057500,2026-06-30,서울특별시,관악구,행운동,28378,5018,2203,473,2182,2836,17.68271195996899
1162058500,2026-06-30,서울특별시,관악구,낙성대동,17739,2265,1028,259,983,1282,12.768476238795873
1162059500,2026-06-30,서울특별시,관악구,청룡동,36060,5419,2401,513,2396,3023,15.027731558513588
1162060500,2026-06-30,서울특별시,관악구,은천동,31284,6857,2963,628,2983,3874,21.918552614755146
1162061500,2026-06-30,서울특별시,관악구,중앙동,15147,2710,1220,288,1212,1498,17.891331616821812
1162062500,2026-06-30,서울특별시,관악구,인헌동,24971,4757,2025,446,2046,2711,19.050098113812023
1162063000,2026-06-30,서울특별시,관악구,남현동,17157,3418,1427,300,1510,1908,19.921897767675002
1162064500,2026-06-30,서울특별시,관악구,서원동,22797,3891,1627,345,1723,2168,17.068035267798397
1162065500,2026-06-30,서울특별시,관악구,신원동,17153,3673,1678,391,1535,2138,21.413163878038826
1162066500,2026-06-30,서울특별시,관악구,서림동,23572,4280,1744,400,1965,2315,18.157135584591888
1162068500,2026-06-30,서울특별시,관악구,신사동,22073,4109,1780,383,1839,2270,18.61550310333892
1162069500,2026-06-30,서울특별시,관악구,신림동,23533,2228,966,195,1037,1191,9.467556197679853
1162071500,2026-06-30,서울특별시,관악구,난향동,14266,3321,1349,299,1457,1864,23.279125192766017
1162072500,2026-06-30,서울특별시,관악구,조원동,19910,3558,1409,324,1643,1915,17.87041687594174
1162073500,2026-06-30,서울특별시,관악구,대학동,25069,3665,1530,387,1765,1900,14.619649766644063
1162074500,2026-06-30,서울특별시,관악구,삼성동,19909,6391,2758,678,2770,3621,32.10105982219097
1162076500,2026-06-30,서울특별시,관악구,미성동,28303,7169,2877,591,3187,3982,25.32947037416528
1162077500,2026-06-30,서울특별시,관악구,난곡동,24031,6463,2723,593,2907,3556,26.894428030460656
1165051000,2026-06-30,서울특별시,서초구,서초1동,20034,3647,1531,372,1688,1959,18.204053109713485
1165052000,2026-06-30,서울특별시,서초구,서초2동,24832,3462,1473,314,1600,1862,13.941688144329897
1165053000,2026-06-30,서울특별시,서초구,서초3동,32113,5811,2526,589,2668,3143,18.095475352660916
1165053100,2026-06-30,서울특별시,서초구,서초4동,29962,4921,2159,513,2320,2601,16.42413724050464
1165054000,2026-06-30,서울특별시,서초구,잠원동,34069,5186,2006,517,2366,2820,15.222049370395375
1165055000,2026-06-30,서울특별시,서초구,반포본동,204,40,16,2,22,18,19.607843137254903
1165056000,2026-06-30,서울특별시,서초구,반포1동,33083,4588,1865,400,2032,2556,13.868149805035818
1165057000,2026-06-30,서울특별시,서초구,반포2동,26533,4034,1807,395,1799,2235,15.203708589303885
1165058000,2026-06-30,서울특별시,서초구,반포3동,23580,3723,1582,389,1652,2071,15.78880407124682
1165058100,2026-06-30,서울특별시,서초구,반포4동,17878,3337,1297,308,1499,1838,18.665398814185032
1165059000,2026-06-30,서울특별시,서초구,방배본동,19822,3634,1571,458,1603,2031,18.333165170013118
1165060000,2026-06-30,서울특별시,서초구,방배1동,16309,3452,1507,357,1532,1920,21.166227236495185
1165061000,2026-06-30,서울특별시,서초구,방배2동,17377,4056,1692,344,1744,2312,23.34119813546642
1165062000,2026-06-30,서울특별시,서초구,방배3동,15372,3364,1335,321,1585,1779,21.883944834764506
1165062100,2026-06-30,서울특별시,서초구,방배4동,25660,4358,1984,519,1893,2465,16.983632112236947
1165065100,2026-06-30,서울특별시,서초구,양재1동,40218,8692,3354,749,3722,4970,21.612213436769608
1165065200,2026-06-30,서울특별시,서초구,양재2동,20774,3693,1333,259,1670,2023,17.777028978530858
1165066000,2026-06-30,서울특별시,서초구,내곡동,16563,3933,1588,366,1781,2152,23.745698243071907
1168051000,2026-06-30,서울특별시,강남구,신사동,14969,3275,1648,438,1470,1805,21.878549001269292
1168052100,2026-06-30,서울특별시,강남구,논현1동,20589,3311,1422,342,1437,1874,16.0814026907572
1168053100,2026-06-30,서울특별시,강남구,논현2동,20085,3447,1546,358,1495,1952,17.162061239731145
1168054500,2026-06-30,서울특별시,강남구,압구정동,25429,5664,2761,728,2527,3137,22.2737819025522
1168056500,2026-06-30,서울특별시,강남구,청담동,26344,4932,2010,455,2247,2685,18.721530519283327
1168058000,2026-06-30,서울특별시,강남구,삼성1동,12752,2712,1119,247,1240,1472,21.267252195734002
1168059000,2026-06-30,서울특별시,강남구,삼성2동,30171,4381,2011,430,1920,2461,14.520566106526134
1168060000,2026-06-30,서울특별시,강남구,대치1동,23509,3058,1180,248,1476,1582,13.007784252839338
1168061000,2026-06-30,서울특별시,강남구,대치2동,38227,6350,2275,415,3024,3326,16.611295681063122
1168063000,2026-06-30,서울특별시,강남구,대치4동,18018,2361,1075,208,1003,1358,13.103563103563104
1168064000,2026-06-30,서울특별시,강남구,역삼1동,34228,4252,1735,397,1995,2257,12.422578006310623
1168065000,2026-06-30,서울특별시,강남구,역삼2동,35942,4188,1913,409,1840,2348,11.652106171053363
1168065500,2026-06-30,서울특별시,강남구,도곡1동,20764,3558,1340,312,1630,1928,17.135426700057792
1168065600,2026-06-30,서울특별시,강남구,도곡2동,31502,5805,2547,611,2744,3061,18.427401434829534
1168066000,2026-06-30,서울특별시,강남구,개포1동,26479,4628,1562,290,2194,2434,17.478001435099515
1168067000,2026-06-30,서울특별시,강남구,개포2동,40040,5836,1995,373,2720,3116,14.575424575424575
1168067500,2026-06-30,서울특별시,강남구,개포3동,15404,3761,1549,303,1439,2322,24.415736172422747
1168069000,2026-06-30,서울특별시,강남구,개포4동,22999,4247,1485,320,1910,2337,18.46602026175051
1168070000,2026-06-30,서울특별시,강남구,세곡동,45640,8372,3387,923,3630,4742,18.343558282208587
1168072000,2026-06-30,서울특별시,강남구,일원본동,22246,4021,1275,303,1824,2197,18.0751595792502
1168073000,2026-06-30,서울특별시,강남구,일원1동,14039,3891,1515,350,1644,2247,27.715649262768004
1168075000,2026-06-30,서울특별시,강남구,수서동,13454,5538,2309,519,2187,3351,41.16247955998216
1171051000,2026-06-30,서울특별시,송파구,풍납1동,10596,3062,1122,268,1363,1699,28.89769724424311
1171052000,2026-06-30,서울특별시,송파구,풍납2동,22954,4697,1808,411,2148,2549,20.462664459353487
1171053100,2026-06-30,서울특별시,송파구,거여1동,11770,3089,1229,287,1415,1674,26.244689889549704
1171053200,2026-06-30,서울특별시,송파구,거여2동,22906,5317,2065,466,2337,2980,23.212258796821793
1171054000,2026-06-30,서울특별시,송파구,마천1동,15079,4356,1755,392,2021,2335,28.887857284965847
1171055000,2026-06-30,서울특별시,송파구,마천2동,16863,5140,1965,426,2352,2788,30.480934590523635
1171056100,2026-06-30,서울특별시,송파구,방이1동,14748,2832,973,248,1316,1516,19.202603742880388
1171056200,2026-06-30,서울특별시,송파구,방이2동,26301,4320,1603,323,1895,2425,16.425230979810653
1171056600,2026-06-30,서울특별시,송파구,오륜동,17369,3622,1244,258,1766,1856,20.853244285796535
1171057000,2026-06-30,서울특별시,송파구,오금동,36911,8250,2986,714,3747,4503,22.35106065942402
1171058000,2026-06-30,서울특별시,송파구,송파1동,22839,4140,1514,322,1839,2301,18.12688821752266
1171059000,2026-06-30,서울특별시,송파구,송파2동,17616,3247,1126,254,1506,1741,18.432107175295187
1171060000,2026-06-30,서울특별시,송파구,석촌동,29872,5529,2070,406,2471,3058,18.508971612212104
1171061000,2026-06-30,서울특별시,송파구,삼전동,28062,4841,1792,368,2062,2779,17.251086879053524
1171062000,2026-06-30,서울특별시,송파구,가락본동,24530,4884,1677,424,2293,2591,19.91031390134529
1171063100,2026-06-30,서울특별시,송파구,가락1동,27053,4597,1479,224,2169,2428,16.992570140095367
1171063200,2026-06-30,서울특별시,송파구,가락2동,28431,5023,1685,416,2314,2709,17.667334951285568
1171064100,2026-06-30,서울특별시,송파구,문정1동,19611,3917,1282,293,1859,2058,19.973484269032685
1171064200,2026-06-30,서울특별시,송파구,문정2동,28548,4767,1959,507,2253,2514,16.698192517864648
1171064600,2026-06-30,서울특별시,송파구,장지동,30689,5992,2130,505,2623,3369,19.524911205969566
1171064700,2026-06-30,서울특별시,송파구,위례동,44859,4703,1539,363,2059,2644,10.483960855123833
1171065000,2026-06-30,서울특별시,송파구,잠실본동,26925,4572,1669,347,2028,2544,16.98050139275766
1171067000,2026-06-30,서울특별시,송파구,잠실2동,34460,4396,1760,370,1961,2435,12.756819500870575
1171068000,2026-06-30,서울특별시,송파구,잠실3동,33358,6884,2640,480,3195,3689,20.636728820672705
1171069000,2026-06-30,서울특별시,송파구,잠실4동,32554,5318,1889,416,2479,2839,16.335934140197825
1171071000,2026-06-30,서울특별시,송파구,잠실6동,16060,3348,1251,313,1560,1788,20.846824408468244
1171072000,2026-06-30,서울특별시,송파구,잠실7동,9294,2484,1103,303,1161,1323,26.72692059393157
1174051500,2026-06-30,서울특별시,강동구,강일동,34223,7237,2620,633,3109,4128,21.146597317593432
1174052500,2026-06-30,서울특별시,강동구,상일제1동,38853,6142,1809,337,2944,3198,15.808303091138393
1174052600,2026-06-30,서울특별시,강동구,상일제2동,13130,2295,967,246,944,1351,17.47905559786748
1174053000,2026-06-30,서울특별시,강동구,명일제1동,24707,5112,1751,361,2303,2809,20.690492572955034
1174054000,2026-06-30,서울특별시,강동구,명일제2동,16804,3285,1047,235,1582,1703,19.548916924541775
1174055000,2026-06-30,서울특별시,강동구,고덕제1동,23603,3572,1168,283,1696,1876,15.13366944879888
1174056000,2026-06-30,서울특별시,강동구,고덕제2동,26176,4091,1398,301,1934,2157,15.628820293398531
1174057000,2026-06-30,서울특별시,강동구,암사제1동,32502,7733,2988,641,3445,4288,23.792382007261093
1174058000,2026-06-30,서울특별시,강동구,암사제2동,14472,2934,1169,242,1306,1628,20.273631840796018
1174059000,2026-06-30,서울특별시,강동구,암사제3동,16821,3330,1163,258,1549,1781,19.796682718031033
1174060000,2026-06-30,서울특별시,강동구,천호제1동,23858,6298,2407,488,2778,3520,26.39785396931847
1174061000,2026-06-30,서울특별시,강동구,천호제2동,36019,7720,2971,644,3499,4221,21.43313251339571
1174062000,2026-06-30,서울특별시,강동구,천호제3동,27670,5905,2228,498,2700,3205,21.34080231297434
1174064000,2026-06-30,서울특별시,강동구,성내제1동,18834,3826,1454,274,1710,2116,20.314325156631625
1174065000,2026-06-30,서울특별시,강동구,성내제2동,23832,5338,2108,488,2431,2907,22.39845585767036
1174066000,2026-06-30,서울특별시,강동구,성내제3동,21516,4827,1844,391,2056,2771,22.43446737311768
1174068500,2026-06-30,서울특별시,강동구,길동,47898,10725,3852,789,4833,5892,22.391331579606664
1174069000,2026-06-30,서울특별시,강동구,둔촌제1동,32933,5033,1299,225,2437,2596,15.282543345580422
1174070000,2026-06-30,서울특별시,강동구,둔촌제2동,25160,5410,1911,439,2486,2924,21.502384737678856
2611051000,2026-06-30,부산광역시,중구,중앙동,3131,534,214,52,255,279,17.055253912488023
2611052000,2026-06-30,부산광역시,중구,동광동,2252,988,448,108,447,541,43.87211367673179
2611053000,2026-06-30,부산광역시,중구,대청동,5463,1914,828,198,809,1105,35.03569467325645
2611054500,2026-06-30,부산광역시,중구,보수동,9750,3298,1394,351,1357,1941,33.825641025641026
2611056000,2026-06-30,부산광역시,중구,부평동,3972,1616,678,157,664,952,40.684793554884195
2611057000,2026-06-30,부산광역시,중구,광복동,837,343,132,37,155,188,40.97968936678614
2611058000,2026-06-30,부산광역시,중구,남포동,738,363,134,29,196,167,49.1869918699187
2611059000,2026-06-30,부산광역시,중구,영주제1동,4185,1255,540,129,550,705,29.988052568697732
2611060000,2026-06-30,부산광역시,중구,영주제2동,5978,2413,1084,263,1017,1396,40.36467045834728
2614051000,2026-06-30,부산광역시,서구,동대신제1동,4996,1576,703,202,649,927,31.545236188951158
2614052000,2026-06-30,부산광역시,서구,동대신제2동,6144,2430,1123,297,1054,1376,39.55078125
2614053000,2026-06-30,부산광역시,서구,동대신제3동,6911,2128,945,252,854,1274,30.791491824627403
2614054000,2026-06-30,부산광역시,서구,서대신제1동,14452,3554,1563,382,1494,2060,24.59175200664268
2614056000,2026-06-30,부산광역시,서구,서대신제3동,7148,1935,828,221,815,1120,27.070509233351984
2614057000,2026-06-30,부산광역시,서구,서대신제4동,6798,1800,716,182,783,1017,26.478375992939103
2614059000,2026-06-30,부산광역시,서구,부민동,7272,1798,729,205,781,1017,24.724972497249727
2614061500,2026-06-30,부산광역시,서구,아미동,5993,2540,1183,332,1098,1442,42.38277990989488
2614063000,2026-06-30,부산광역시,서구,초장동,3444,1601,763,207,687,914,46.48664343786295
2614064000,2026-06-30,부산광역시,서구,충무동,9242,3011,1297,292,1258,1753,32.579528240640556
2614065000,2026-06-30,부산광역시,서구,남부민제1동,4128,1842,811,190,779,1063,44.622093023255815
2614066000,2026-06-30,부산광역시,서구,남부민제2동,7183,3193,1460,324,1324,1869,44.452178755394684
2614068000,2026-06-30,부산광역시,서구,암남동,17505,4853,1769,409,2096,2757,27.723507569265927
2617051000,2026-06-30,부산광역시,동구,초량제1동,4808,1469,638,136,628,841,30.55324459234609
2617052000,2026-06-30,부산광역시,동구,초량제2동,4877,2002,921,220,856,1146,41.04982571252819
2617053000,2026-06-30,부산광역시,동구,초량제3동,13030,2138,802,201,962,1176,16.408288564850345
2617055000,2026-06-30,부산광역시,동구,초량제6동,4802,2045,988,275,844,1201,42.58642232403165
2617056000,2026-06-30,부산광역시,동구,수정제1동,3931,1261,594,132,510,751,32.078351564487406
2617057000,2026-06-30,부산광역시,동구,수정제2동,8546,3151,1428,322,1306,1845,36.87105078399251
2617059000,2026-06-30,부산광역시,동구,수정제4동,3177,1477,758,215,591,886,46.490399748190114
2617060000,2026-06-30,부산광역시,동구,수정제5동,4384,1949,958,243,783,1166,44.457116788321166
2617064500,2026-06-30,부산광역시,동구,좌천동,10589,3707,1686,430,1563,2144,35.0080271980357
2617065000,2026-06-30,부산광역시,동구,범일제1동,10128,4135,1778,457,1763,2372,40.827409162717224
2617066000,2026-06-30,부산광역시,동구,범일제2동,6114,1604,604,153,760,844,26.2348707883546
2617068000,2026-06-30,부산광역시,동구,범일제5동,8968,1609,608,155,704,905,17.94157002676182
2620053000,2026-06-30,부산광역시,영도구,남항동,9758,3859,1737,404,1658,2201,39.54703832752614
2620054000,2026-06-30,부산광역시,영도구,영선제1동,3514,1427,625,134,620,807,40.608992601024475
2620055000,2026-06-30,부산광역시,영도구,영선제2동,6924,2700,1254,276,1170,1530,38.9948006932409
2620058500,2026-06-30,부산광역시,영도구,신선동,6374,2997,1497,392,1226,1771,47.01914025729526
2620059000,2026-06-30,부산광역시,영도구,봉래제1동,6353,2361,1006,246,1015,1346,37.163544781992755
2620060500,2026-06-30,부산광역시,영도구,봉래제2동,6892,2233,1040,243,946,1287,32.39988392338944
2620063000,2026-06-30,부산광역시,영도구,청학제1동,5023,1883,859,203,796,1087,37.487557236711126
2620064000,2026-06-30,부산광역시,영도구,청학제2동,15458,5241,2163,500,2281,2960,33.904774226937505
2620065000,2026-06-30,부산광역시,영도구,동삼제1동,26931,8604,3480,809,3781,4823,31.94831235379303
2620066000,2026-06-30,부산광역시,영도구,동삼제2동,5272,1233,507,95,564,669,23.38770864946889
2620067000,2026-06-30,부산광역시,영도구,동삼제3동,8071,3719,1598,370,1593,2126,46.07855284351381
2623051000,2026-06-30,부산광역시,부산진구,부전제1동,13940,2663,1012,222,1308,1355,19.10329985652798
2623052000,2026-06-30,부산광역시,부산진구,부전제2동,12431,1763,580,133,785,978,14.182286219934037
2623054000,2026-06-30,부산광역시,부산진구,연지동,25245,6492,2568,596,2781,3711,25.715983363042188
2623055000,2026-06-30,부산광역시,부산진구,초읍동,21395,6951,3096,737,2931,4020,32.488899275531665
2623056000,2026-06-30,부산광역시,부산진구,양정제1동,18775,4966,2091,524,2078,2888,26.450066577896138
2623057000,2026-06-30,부산광역시,부산진구,양정제2동,20981,3086,1260,310,1334,1752,14.70854582717697
2623060000,2026-06-30,부산광역시,부산진구,전포제1동,20377,3286,1413,366,1403,1883,16.12602443931884
2623061000,2026-06-30,부산광역시,부산진구,전포제2동,22867,6012,2600,612,2497,3515,26.29116193641492
2623064000,2026-06-30,부산광역시,부산진구,부암제1동,23914,5197,2088,455,2273,2924,21.73203980931672
2623066000,2026-06-30,부산광역시,부산진구,부암제3동,23703,5023,1833,429,2237,2786,21.19141036999536
2623067000,2026-06-30,부산광역시,부산진구,당감제1동,19923,6360,2519,659,2661,3699,31.922903177232342
2623068000,2026-06-30,부산광역시,부산진구,당감제2동,11442,2836,1142,255,1204,1632,24.785876595000875
2623070000,2026-06-30,부산광역시,부산진구,당감제4동,9692,2951,1173,270,1276,1675,30.447791993396617
2623071000,2026-06-30,부산광역시,부산진구,가야제1동,15854,4669,1846,392,2018,2651,29.449981077330644
2623072000,2026-06-30,부산광역시,부산진구,가야제2동,17548,5026,2000,425,2219,2807,28.641440620013675
2623074000,2026-06-30,부산광역시,부산진구,개금제1동,18204,3626,1453,358,1567,2059,19.91869918699187
2623075000,2026-06-30,부산광역시,부산진구,개금제2동,9496,2945,1211,277,1239,1706,31.013058129738834
2623076000,2026-06-30,부산광역시,부산진구,개금제3동,25297,7472,2649,682,3297,4175,29.53709926078191
2623077000,2026-06-30,부산광역시,부산진구,범천제1동,12349,2605,1077,274,1093,1512,21.094825491942668
2623078000,2026-06-30,부산광역시,부산진구,범천제2동,21479,5777,2238,551,2472,3305,26.896037990595467
2626051000,2026-06-30,부산광역시,동래구,수민동,28854,7713,3081,683,3318,4395,26.731129132875857
2626052000,2026-06-30,부산광역시,동래구,복산동,7753,3121,1395,353,1334,1787,40.25538501225332
2626054500,2026-06-30,부산광역시,동래구,명륜동,24963,4136,1714,404,1847,2289,16.5685214116893
2626055000,2026-06-30,부산광역시,동래구,온천제1동,34011,6173,2530,615,2619,3554,18.150010290788273
2626056000,2026-06-30,부산광역시,동래구,온천제2동,23798,5086,2123,570,2219,2867,21.37154382721237
2626057000,2026-06-30,부산광역시,동래구,온천제3동,35440,9055,3415,749,4000,5055,25.550225733634313
2626058000,2026-06-30,부산광역시,동래구,사직제1동,11661,2703,1146,299,1121,1582,23.179830203241576
2626059000,2026-06-30,부산광역시,동래구,사직제2동,24211,4070,1394,291,1836,2234,16.810540663334848
2626060000,2026-06-30,부산광역시,동래구,사직제3동,16383,3948,1614,335,1659,2289,24.098150521882438
2626074000,2026-06-30,부산광역시,동래구,안락제1동,12866,4435,1749,386,1924,2511,34.47069796362506
2626075000,2026-06-30,부산광역시,동래구,안락제2동,25217,6749,2512,529,3009,3740,26.763691160724907
2626076100,2026-06-30,부산광역시,동래구,명장제1동,12869,4003,1565,321,1766,2237,31.105758023156422
2626076200,2026-06-30,부산광역시,동래구,명장제2동,13071,4363,1517,295,1913,2450,33.37923647769872
2629051000,2026-06-30,부산광역시,남구,대연제1동,15079,4028,1897,454,1679,2349,26.712646727236557
2629053000,2026-06-30,부산광역시,남구,대연제3동,36566,5746,2302,551,2477,3269,15.714051304490512
2629054000,2026-06-30,부산광역시,남구,대연제4동,13505,3628,1616,392,1519,2109,26.864124398370976
2629055000,2026-06-30,부산광역시,남구,대연제5동,15760,3961,1732,406,1680,2281,25.133248730964468
2629056000,2026-06-30,부산광역시,남구,대연제6동,15611,2902,1169,256,1264,1638,18.58945615271283
2629057000,2026-06-30,부산광역시,남구,용호제1동,41658,10403,4248,1057,4568,5835,24.972394258005664
2629058000,2026-06-30,부산광역시,남구,용호제2동,18896,4965,1916,394,2181,2784,26.275402201524134
2629059000,2026-06-30,부산광역시,남구,용호제3동,9874,3740,1571,343,1591,2149,37.877253392748635
2629060000,2026-06-30,부산광역시,남구,용호제4동,7436,2443,983,213,1010,1433,32.853684776761696
2629061000,2026-06-30,부산광역시,남구,용당동,7465,2132,861,193,987,1145,28.55994641661085
2629062000,2026-06-30,부산광역시,남구,감만제1동,7388,2249,845,172,1041,1208,30.441256090958312
2629063000,2026-06-30,부산광역시,남구,감만제2동,5959,2434,1128,271,986,1448,40.84577949320356
2629064500,2026-06-30,부산광역시,남구,우암동,17030,4911,2054,435,2077,2834,28.83734586024662
2629068000,2026-06-30,부산광역시,남구,문현제1동,10103,3141,1312,287,1338,1803,31.08977531426309
2629069000,2026-06-30,부산광역시,남구,문현제2동,8031,2228,1043,280,960,1268,27.74249782094384
2629070000,2026-06-30,부산광역시,남구,문현제3동,15745,3944,1635,374,1688,2256,25.04922197523023
2629071000,2026-06-30,부산광역시,남구,문현제4동,8307,2700,1174,295,1122,1578,32.50270855904659
2632051000,2026-06-30,부산광역시,북구,구포제1동,14449,4396,1584,385,1987,2409,30.424250813205067
2632052000,2026-06-30,부산광역시,북구,구포제2동,22301,6371,2148,446,2996,3375,28.568225640105826
2632052100,2026-06-30,부산광역시,북구,구포제3동,16616,5035,1669,315,2358,2677,30.302118440057775
2632053000,2026-06-30,부산광역시,북구,금곡동,33498,11049,4535,1270,4790,6259,32.98405874977611
2632054100,2026-06-30,부산광역시,북구,화명제1동,38534,6935,1881,376,3422,3513,17.997093475891422
2632054200,2026-06-30,부산광역시,북구,화명제2동,16460,3846,1364,321,1734,2112,23.36573511543135
2632054300,2026-06-30,부산광역시,북구,화명제3동,27550,5211,2051,508,2347,2864,18.914700544464612
2632055000,2026-06-30,부산광역시,북구,덕천제1동,13884,4199,1623,393,1802,2397,30.243445692883896
2632056000,2026-06-30,부산광역시,북구,덕천제2동,10523,3510,1296,303,1529,1981,33.35550698470018
2632056100,2026-06-30,부산광역시,북구,덕천제3동,9206,3219,1332,289,1336,1883,34.966326308928956
2632057100,2026-06-30,부산광역시,북구,만덕제1동,15729,3910,1279,229,1786,2124,24.858541547460106
2632057200,2026-06-30,부산광역시,북구,만덕제2동,25260,6522,2171,444,2943,3579,25.81947743467933
2632057300,2026-06-30,부산광역시,북구,만덕제3동,16726,5209,1657,321,2332,2877,31.143130455578145
2635051000,2026-06-30,부산광역시,해운대구,우제1동,23816,5610,2237,503,2483,3127,23.555592878736984
2635052000,2026-06-30,부산광역시,해운대구,우제2동,29591,6069,2400,620,2648,3421,20.509614409786757
2635052500,2026-06-30,부산광역시,해운대구,우제3동,27952,5948,2218,582,2751,3197,21.27933600457928
2635053000,2026-06-30,부산광역시,해운대구,중제1동,27320,5385,2136,519,2388,2997,19.710834553440705
2635054000,2026-06-30,부산광역시,해운대구,중제2동,15240,3571,1229,276,1564,2007,23.43175853018373
2635055100,2026-06-30,부산광역시,해운대구,좌제1동,16905,3279,1471,460,1365,1914,19.39662821650399
2635055200,2026-06-30,부산광역시,해운대구,좌제2동,29819,6290,2458,705,2743,3547,21.09393339816895
2635055300,2026-06-30,부산광역시,해운대구,좌제3동,14816,3867,1619,534,1593,2274,26.100161987041037
2635055400,2026-06-30,부산광역시,해운대구,좌제4동,21498,4259,1726,504,1835,2424,19.811145222811426
2635056000,2026-06-30,부산광역시,해운대구,송정동,8970,3106,1204,316,1289,1817,34.62653288740245
2635057000,2026-06-30,부산광역시,해운대구,반여제1동,34765,7101,2606,621,3241,3860,20.42571551848123
2635058000,2026-06-30,부산광역시,해운대구,반여제2동,10743,3902,1643,375,1589,2313,36.321325514288375
2635059000,2026-06-30,부산광역시,해운대구,반여제3동,6975,2881,1143,266,1187,1694,41.30465949820788
2635059500,2026-06-30,부산광역시,해운대구,반여제4동,14192,3380,1099,221,1553,1827,23.816234498308905
2635061000,2026-06-30,부산광역시,해운대구,반송제1동,11209,4742,2236,531,1989,2753,42.30529039164957
2635062000,2026-06-30,부산광역시,해운대구,반송제2동,19723,8201,3482,804,3387,4814,41.58089540130811
2635065000,2026-06-30,부산광역시,해운대구,재송제1동,35899,6123,2157,429,2819,3304,17.05618540906432
2635066000,2026-06-30,부산광역시,해운대구,재송제2동,21306,6242,2131,487,2712,3530,29.29691166807472
2638051000,2026-06-30,부산광역시,사하구,괴정제1동,16271,5431,2322,579,2283,3148,33.37840329420441
2638052000,2026-06-30,부산광역시,사하구,괴정제2동,14253,4310,1693,331,1876,2434,30.239247877639798
2638053000,2026-06-30,부산광역시,사하구,괴정제3동,11127,4051,1653,361,1667,2384,36.40693807854768
2638054000,2026-06-30,부산광역시,사하구,괴정제4동,11720,2870,1011,195,1286,1584,24.488054607508534
2638055000,2026-06-30,부산광역시,사하구,당리동,23000,6912,2565,592,3130,3782,30.05217391304348
2638056100,2026-06-30,부산광역시,사하구,하단제1동,20536,5246,1940,428,2367,2879,25.545383716400465
2638056200,2026-06-30,부산광역시,사하구,하단제2동,25264,5505,2023,449,2391,3114,21.789898670044334
2638057100,2026-06-30,부산광역시,사하구,신평제1동,14650,4511,1685,344,2012,2499,30.79180887372014
2638057200,2026-06-30,부산광역시,사하구,신평제2동,16502,3882,1189,264,1804,2078,23.524421282268815
2638058000,2026-06-30,부산광역시,사하구,장림제1동,13340,2663,997,176,1183,1480,19.962518740629683
2638059000,2026-06-30,부산광역시,사하구,장림제2동,24368,6272,2126,389,2878,3394,25.738673670387392
2638060100,2026-06-30,부산광역시,사하구,다대제1동,34306,9137,3367,790,4226,4911,26.633824986882757
2638060200,2026-06-30,부산광역시,사하구,다대제2동,24320,7453,2703,633,3334,4119,30.64555921052631
2638061000,2026-06-30,부산광역시,사하구,구평동,12070,2376,776,159,1106,1270,19.68516984258492
2638062000,2026-06-30,부산광역시,사하구,감천제1동,15684,5572,2070,453,2468,3104,35.52665136444785
2638063000,2026-06-30,부산광역시,사하구,감천제2동,4748,2243,1102,287,937,1306,47.24094355518113
2641051000,2026-06-30,부산광역시,금정구,서제1동,3881,1722,712,190,774,948,44.3700077299665
2641052000,2026-06-30,부산광역시,금정구,서제2동,7525,2930,1072,224,1319,1611,38.93687707641196
2641053000,2026-06-30,부산광역시,금정구,서제3동,9533,3906,1587,347,1709,2197,40.973460610510855
2641055500,2026-06-30,부산광역시,금정구,금사회동동,6573,2727,1019,208,1293,1434,41.48790506617983
2641057000,2026-06-30,부산광역시,금정구,부곡제1동,6846,2869,1275,297,1150,1719,41.907683318726264
2641058000,2026-06-30,부산광역시,금정구,부곡제2동,16454,4352,1754,437,1876,2476,26.44949556338884
2641059000,2026-06-30,부산광역시,금정구,부곡제3동,14308,3861,1520,421,1643,2218,26.984903550461283
2641059100,2026-06-30,부산광역시,금정구,부곡제4동,10973,3930,1567,310,1638,2292,35.81518272122482
2641060000,2026-06-30,부산광역시,금정구,장전제1동,18227,3107,1316,330,1352,1755,17.046140341251988
2641061000,2026-06-30,부산광역시,금정구,장전제2동,26199,5579,2379,627,2334,3245,21.29470590480553
2641063500,2026-06-30,부산광역시,금정구,선두구동,1922,860,360,101,424,436,44.74505723204995
2641066500,2026-06-30,부산광역시,금정구,청룡노포동,8856,3278,1441,371,1461,1817,37.014453477868116
2641067000,2026-06-30,부산광역시,금정구,남산동,25206,8132,3374,810,3536,4596,32.26215980322146
2641068000,2026-06-30,부산광역시,금정구,구서제1동,18219,4504,1728,424,1968,2536,24.721444645699545
2641069000,2026-06-30,부산광역시,금정구,구서제2동,30089,8105,3096,805,3608,4497,26.93675429558975
2641070000,2026-06-30,부산광역시,금정구,금성동,861,330,124,36,149,181,38.32752613240418
2644051000,2026-06-30,부산광역시,강서구,대저1동,5332,2475,1017,239,1259,1216,46.4178544636159
2644052000,2026-06-30,부산광역시,강서구,대저2동,5833,1951,782,214,958,993,33.44762557860449
2644053000,2026-06-30,부산광역시,강서구,강동동,20571,2380,816,209,1137,1243,11.569685479558602
2644053500,2026-06-30,부산광역시,강서구,명지1동,54395,5362,1567,323,2509,2853,9.857523669454913
2644054500,2026-06-30,부산광역시,강서구,명지2동,29448,3295,942,177,1538,1757,11.189214887258897
2644055000,2026-06-30,부산광역시,강서구,가락동,1974,1036,464,128,504,532,52.4822695035461
2644056000,2026-06-30,부산광역시,강서구,녹산동,17008,2987,1010,253,1391,1596,17.562323612417686
2644058000,2026-06-30,부산광역시,강서구,가덕도동,4025,1631,565,144,799,832,40.52173913043478
2644059000,2026-06-30,부산광역시,강서구,신호동,14969,2681,726,150,1243,1438,17.910348052642128
2647061000,2026-06-30,부산광역시,연제구,거제제1동,27538,6100,2644,619,2580,3520,22.151209238143657
2647062000,2026-06-30,부산광역시,연제구,거제제2동,24973,3389,1281,290,1502,1887,13.57065630881352
2647063000,2026-06-30,부산광역시,연제구,거제제3동,8837,3162,1471,405,1305,1857,35.781373769378746
2647064000,2026-06-30,부산광역시,연제구,거제제4동,9188,2644,1040,258,1138,1506,28.776665215498475
2647065000,2026-06-30,부산광역시,연제구,연산제1동,15242,4096,1551,321,1809,2287,26.87311376459782
2647066000,2026-06-30,부산광역시,연제구,연산제2동,22624,4835,2029,469,2061,2774,21.371110325318245
2647067000,2026-06-30,부산광역시,연제구,연산제3동,9937,2879,1150,258,1209,1670,28.972526919593438
2647068000,2026-06-30,부산광역시,연제구,연산제4동,17378,5075,1937,432,2241,2834,29.203590746921392
2647069000,2026-06-30,부산광역시,연제구,연산제5동,17000,3519,1438,314,1554,1965,20.7
2647070000,2026-06-30,부산광역시,연제구,연산제6동,14977,4898,2092,509,1996,2902,32.70347866728984
2647072000,2026-06-30,부산광역시,연제구,연산제8동,12670,3375,1197,242,1490,1885,26.637726913970006
2647073000,2026-06-30,부산광역시,연제구,연산제9동,31100,8544,3124,725,3733,4811,27.47266881028939
2650066000,2026-06-30,부산광역시,수영구,남천제1동,16435,3782,1633,443,1526,2256,23.01186492242166
2650067000,2026-06-30,부산광역시,수영구,남천제2동,13291,3281,1282,308,1444,1837,24.685877661575503
2650073000,2026-06-30,부산광역시,수영구,수영동,13407,4991,2262,547,2119,2872,37.226821809502496
2650074000,2026-06-30,부산광역시,수영구,망미제1동,24845,8360,3553,906,3596,4764,33.64862145300865
2650075000,2026-06-30,부산광역시,수영구,망미제2동,9443,3003,1246,247,1292,1711,31.801334321719793
2650076000,2026-06-30,부산광역시,수영구,광안제1동,24318,6073,2540,579,2523,3550,24.973270828193108
2650077000,2026-06-30,부산광역시,수영구,광안제2동,17759,4326,1943,441,1768,2558,24.359479700433585
2650078000,2026-06-30,부산광역시,수영구,광안제3동,8900,2482,1068,245,1045,1437,27.8876404494382
2650079000,2026-06-30,부산광역시,수영구,광안제4동,13088,3416,1512,403,1350,2066,26.10024449877751
2650080000,2026-06-30,부산광역시,수영구,민락동,26954,6841,2562,555,2928,3913,25.38027750983157
2653058000,2026-06-30,부산광역시,사상구,삼락동,4708,1778,683,151,820,958,37.76550552251487
2653059100,2026-06-30,부산광역시,사상구,모라제1동,25040,7470,2539,523,3388,4082,29.83226837060703
2653059300,2026-06-30,부산광역시,사상구,모라제3동,8500,4045,1804,441,1552,2493,47.588235294117645
2653060000,2026-06-30,부산광역시,사상구,덕포제1동,11431,2789,1031,218,1240,1549,24.398565304872715
2653061000,2026-06-30,부산광역시,사상구,덕포제2동,11492,3423,1107,184,1625,1798,29.785938043856596
2653062000,2026-06-30,부산광역시,사상구,괘법동,24139,5478,1697,290,2646,2832,22.693566427772485
2653064500,2026-06-30,부산광역시,사상구,감전동,11190,3794,1363,261,1757,2037,33.90527256478999
2653065000,2026-06-30,부산광역시,사상구,주례제1동,15933,3960,1264,252,1907,2053,24.854076445113915
2653066000,2026-06-30,부산광역시,사상구,주례제2동,20586,4868,1716,350,2224,2644,23.64713883221607
2653066100,2026-06-30,부산광역시,사상구,주례제3동,11484,3404,1235,295,1517,1887,29.641239986067575
2653067000,2026-06-30,부산광역시,사상구,학장동,24993,7282,2462,504,3206,4076,29.136158124274797
2653068000,2026-06-30,부산광역시,사상구,엄궁동,22979,5045,1541,305,2318,2727,21.954828321510945
2671025000,2026-06-30,부산광역시,기장군,기장읍,50698,14522,6175,1574,6147,8375,28.64412797349008
2671025300,2026-06-30,부산광역시,기장군,장안읍,8398,2908,1203,358,1342,1566,34.627292212431534
2671025600,2026-06-30,부산광역시,기장군,정관읍,77217,11389,4524,973,4832,6557,14.74934276130904
2671025900,2026-06-30,부산광역시,기장군,일광읍,31853,5695,2101,466,2584,3111,17.87900668696826
2671033000,2026-06-30,부산광역시,기장군,철마면,7096,3069,1296,329,1418,1651,43.24971815107103
2711051700,2026-06-30,대구광역시,중구,동인동,10987,2075,963,282,883,1192,18.885956129971785
2711054500,2026-06-30,대구광역시,중구,삼덕동,7469,982,443,133,378,604,13.14767706520284
2711056500,2026-06-30,대구광역시,중구,성내1동,5523,943,465,130,396,547,17.07405395618323
2711057500,2026-06-30,대구광역시,중구,성내2동,9213,1381,609,143,613,768,14.989688483664388
2711058500,2026-06-30,대구광역시,중구,성내3동,13605,1499,594,147,674,825,11.018008085262771
2711059500,2026-06-30,대구광역시,중구,대신동,7263,1701,718,179,720,981,23.42007434944238
2711064000,2026-06-30,대구광역시,중구,남산1동,5067,1041,483,124,429,612,20.54470100651273
2711065000,2026-06-30,대구광역시,중구,남산2동,7388,1264,607,159,514,750,17.108825121819166
2711066000,2026-06-30,대구광역시,중구,남산3동,5765,1648,784,217,612,1036,28.586296617519512
2711067000,2026-06-30,대구광역시,중구,남산4동,15836,3567,1630,433,1391,2176,22.524627431169485
2711068000,2026-06-30,대구광역시,중구,대봉1동,7692,1681,884,292,693,988,21.8538741549662
2711069000,2026-06-30,대구광역시,중구,대봉2동,5946,1029,454,94,444,585,17.30575176589304
2714051000,2026-06-30,대구광역시,동구,신암1동,10784,2839,1359,387,1170,1669,26.326038575667653
2714052000,2026-06-30,대구광역시,동구,신암2동,11443,2715,1239,333,1007,1708,23.72629555186577
2714053000,2026-06-30,대구광역시,동구,신암3동,11130,2281,982,245,964,1317,20.49415992812219
2714054000,2026-06-30,대구광역시,동구,신암4동,18431,3933,1534,349,1689,2244,21.339048342466498
2714054100,2026-06-30,대구광역시,동구,신암5동,7330,2244,926,237,919,1325,30.613915416098227
2714055500,2026-06-30,대구광역시,동구,신천1.2동,11022,3830,1772,475,1498,2332,34.74868444928325
2714057000,2026-06-30,대구광역시,동구,신천3동,14711,2726,1138,326,1162,1564,18.53035143769968
2714058000,2026-06-30,대구광역시,동구,신천4동,12699,2285,963,255,986,1299,17.993542798645564
2714059000,2026-06-30,대구광역시,동구,효목1동,11494,4391,1933,456,1886,2505,38.20254045589003
2714060000,2026-06-30,대구광역시,동구,효목2동,14137,3942,1646,433,1617,2325,27.88427530593478
2714061500,2026-06-30,대구광역시,동구,도평동,3381,1214,540,143,553,661,35.906536527654545
2714062000,2026-06-30,대구광역시,동구,불로.봉무동,19408,4291,1625,394,1898,2393,22.109439406430337
2714064000,2026-06-30,대구광역시,동구,지저동,12351,4374,1683,393,1919,2455,35.41413650716541
2714065500,2026-06-30,대구광역시,동구,동촌동,13831,4454,1818,457,1977,2477,32.20302219651507
2714067000,2026-06-30,대구광역시,동구,방촌동,16744,5768,2430,683,2444,3324,34.448160535117054
2714068500,2026-06-30,대구광역시,동구,해안동,12949,4506,1937,475,1931,2575,34.798053903776356
2714072000,2026-06-30,대구광역시,동구,안심1동,37224,9788,3800,983,4100,5688,26.29486352890608
2714073000,2026-06-30,대구광역시,동구,안심2동,16986,3653,1394,316,1626,2027,21.505946073236785
2714074200,2026-06-30,대구광역시,동구,안심3동,19897,3521,1582,401,1468,2053,17.696135095743077
2714074700,2026-06-30,대구광역시,동구,안심4동,26329,5616,2160,518,2431,3185,21.330092293668578
2714075500,2026-06-30,대구광역시,동구,혁신동,16510,2258,802,170,973,1285,13.67655966081163
2714076000,2026-06-30,대구광역시,동구,공산동,19685,6279,2751,792,2811,3468,31.897383794767592
2717051000,2026-06-30,대구광역시,서구,내당1동,14642,2968,1135,285,1313,1655,20.270454855894005
2717052500,2026-06-30,대구광역시,서구,내당2.3동,8062,3013,1290,331,1179,1834,37.37286033242372
2717054000,2026-06-30,대구광역시,서구,내당4동,14158,4517,1798,461,1871,2646,31.904223760418137
2717055000,2026-06-30,대구광역시,서구,비산1동,7771,2774,1147,263,1178,1596,35.69682151589242
2717056500,2026-06-30,대구광역시,서구,비산2.3동,7542,3197,1446,389,1272,1925,42.38928666136304
2717058000,2026-06-30,대구광역시,서구,비산4동,8153,2875,1139,267,1173,1702,35.26309333987489
2717059000,2026-06-30,대구광역시,서구,비산5동,4747,1964,871,210,813,1151,41.37349905203286
2717060000,2026-06-30,대구광역시,서구,비산6동,6331,2314,936,226,960,1354,36.55030800821355
2717061000,2026-06-30,대구광역시,서구,비산7동,9144,2910,1163,267,1329,1581,31.8241469816273
2717062000,2026-06-30,대구광역시,서구,평리1동,6160,2259,912,228,953,1306,36.672077922077925
2717063000,2026-06-30,대구광역시,서구,평리2동,6853,2010,738,145,877,1133,29.330220341456297
2717064000,2026-06-30,대구광역시,서구,평리3동,12104,3227,1233,301,1408,1819,26.6606080634501
2717065000,2026-06-30,대구광역시,서구,평리4동,15047,4298,1576,340,1882,2416,28.563833322256926
2717066000,2026-06-30,대구광역시,서구,평리5동,10517,1367,487,86,608,759,12.998003232861082
2717066100,2026-06-30,대구광역시,서구,평리6동,5406,1292,426,82,615,677,23.89937106918239
2717067500,2026-06-30,대구광역시,서구,상중이동,16903,4972,1802,443,2164,2808,29.414896763888066
2717069500,2026-06-30,대구광역시,서구,원대동,9968,2782,1146,280,1201,1581,27.909309791332266
2720051500,2026-06-30,대구광역시,남구,이천동,14239,3642,1832,566,1392,2250,25.577638879134774
2720053000,2026-06-30,대구광역시,남구,봉덕1동,7709,2562,1167,400,1058,1504,33.23388247502918
2720054000,2026-06-30,대구광역시,남구,봉덕2동,12804,3463,1557,467,1495,1968,27.04623555139019
2720055000,2026-06-30,대구광역시,남구,봉덕3동,14069,4500,2016,600,1848,2652,31.985215722510485
2720056000,2026-06-30,대구광역시,남구,대명1동,9270,2785,1167,292,1195,1590,30.04314994606257
2720057100,2026-06-30,대구광역시,남구,대명2동,15176,3039,1356,345,1232,1807,20.025039536109645
2720058600,2026-06-30,대구광역시,남구,대명3동,11752,3291,1459,369,1344,1947,28.003744043567053
2720059000,2026-06-30,대구광역시,남구,대명4동,9057,3187,1304,344,1320,1867,35.18825218063377
2720060000,2026-06-30,대구광역시,남구,대명5동,8812,1721,748,204,708,1013,19.530186109850202
2720061000,2026-06-30,대구광역시,남구,대명6동,10324,2729,1128,306,1158,1571,26.433552886478108
2720064000,2026-06-30,대구광역시,남구,대명9동,13115,3838,1635,406,1678,2160,29.264201296225696
2720065000,2026-06-30,대구광역시,남구,대명10동,7846,2744,1209,337,1115,1629,34.9732347693092
2720066000,2026-06-30,대구광역시,남구,대명11동,7171,2702,1152,310,1077,1625,37.679542602147535
2723051000,2026-06-30,대구광역시,북구,고성동,14564,1541,602,133,615,926,10.580884372425157
2723052600,2026-06-30,대구광역시,북구,칠성동,23366,4398,1886,559,1874,2524,18.822220320123257
2723055000,2026-06-30,대구광역시,북구,침산1동,3455,1287,469,124,616,671,37.250361794500726
2723056000,2026-06-30,대구광역시,북구,침산2동,17872,2945,1201,330,1224,1721,16.47829006266786
2723057000,2026-06-30,대구광역시,북구,침산3동,17714,4050,1742,437,1710,2340,22.863271988257875
2723061000,2026-06-30,대구광역시,북구,산격1동,7389,3237,1475,370,1328,1909,43.80836378400325
2723062000,2026-06-30,대구광역시,북구,산격2동,9393,2717,1082,253,1176,1541,28.92579580538699
2723063000,2026-06-30,대구광역시,북구,산격3동,8423,1962,844,210,828,1134,23.293363409711503
2723063100,2026-06-30,대구광역시,북구,산격4동,6965,2364,983,230,1032,1332,33.94113424264178
2723064500,2026-06-30,대구광역시,북구,대현동,15654,4372,1990,560,1772,2600,27.92896384310719
2723067100,2026-06-30,대구광역시,북구,복현1동,7153,1226,443,92,568,658,17.139661680413813
2723067200,2026-06-30,대구광역시,북구,복현2동,28765,5530,1897,466,2478,3052,19.224752303146182
2723068000,2026-06-30,대구광역시,북구,검단동,5422,2031,827,217,825,1206,37.45850239763925
2723069500,2026-06-30,대구광역시,북구,무태조야동,32558,6371,2421,529,2910,3461,19.568155292094108
2723071500,2026-06-30,대구광역시,북구,관문동,32010,6098,2099,478,2711,3387,19.050296782255547
2723072500,2026-06-30,대구광역시,북구,태전1동,21133,4899,1889,505,2165,2734,23.18175365542043
2723073500,2026-06-30,대구광역시,북구,태전2동,21662,5182,1920,458,2213,2969,23.92207552395901
2723074500,2026-06-30,대구광역시,북구,구암동,30294,5302,2025,541,2283,3019,17.501815541031227
2723075000,2026-06-30,대구광역시,북구,관음동,13674,3815,1370,376,1718,2097,27.89966359514407
2723077000,2026-06-30,대구광역시,북구,읍내동,24632,5576,2063,571,2529,3047,22.637219876583305
2723078000,2026-06-30,대구광역시,북구,동천동,24674,3557,1502,432,1468,2089,14.415984437059254
2723079000,2026-06-30,대구광역시,북구,노원동,10970,3315,1268,226,1535,1780,30.21877848678213
2723080000,2026-06-30,대구광역시,북구,국우동,29173,4094,1579,463,1780,2314,14.033524149041924
2726051000,2026-06-30,대구광역시,수성구,범어1동,22697,3104,1343,358,1376,1728,13.675816187161299
2726052000,2026-06-30,대구광역시,수성구,범어2동,15179,2682,1130,311,1202,1480,17.669148165228275
2726053000,2026-06-30,대구광역시,수성구,범어3동,17060,2005,812,208,883,1122,11.752637749120751
2726054000,2026-06-30,대구광역시,수성구,범어4동,18451,2107,878,206,881,1226,11.419435260961466
2726055000,2026-06-30,대구광역시,수성구,만촌1동,20218,4958,2172,629,2169,2789,24.52270254228905
2726056000,2026-06-30,대구광역시,수성구,만촌2동,13123,2453,1013,271,1064,1389,18.692372170997483
2726056100,2026-06-30,대구광역시,수성구,만촌3동,20600,2539,1032,257,1084,1455,12.325242718446603
2726057000,2026-06-30,대구광역시,수성구,수성1가동,16976,4105,2019,582,1640,2465,24.18119698397738
2726058000,2026-06-30,대구광역시,수성구,수성2.3가동,10171,2160,941,239,943,1217,21.23684986726969
2726059000,2026-06-30,대구광역시,수성구,수성4가동,12840,3477,1533,463,1472,2005,27.079439252336453
2726060100,2026-06-30,대구광역시,수성구,황금1동,20862,3600,1398,386,1551,2049,17.25625539257981
2726060200,2026-06-30,대구광역시,수성구,황금2동,11789,2564,1112,251,1100,1464,21.749088133005344
2726061000,2026-06-30,대구광역시,수성구,중동,14426,2792,1178,303,1200,1592,19.353944267295162
2726062000,2026-06-30,대구광역시,수성구,상동,13962,4155,1745,468,1845,2310,29.759346798452945
2726063000,2026-06-30,대구광역시,수성구,파동,17086,4097,1685,448,1753,2344,23.978696008427953
2726064000,2026-06-30,대구광역시,수성구,두산동,14835,2657,962,239,1186,1471,17.910347152005393
2726065100,2026-06-30,대구광역시,수성구,지산1동,18643,5791,2519,690,2393,3398,31.06259722147723
2726065200,2026-06-30,대구광역시,수성구,지산2동,18161,4996,1995,603,2118,2878,27.509498375640106
2726066100,2026-06-30,대구광역시,수성구,범물1동,9658,4313,1985,560,1671,2642,44.65727893973907
2726066200,2026-06-30,대구광역시,수성구,범물2동,15546,3807,1320,326,1692,2115,24.488614434581244
2726067000,2026-06-30,대구광역시,수성구,고산1동,31119,5541,2074,581,2532,3009,17.805842090041455
2726068000,2026-06-30,대구광역시,수성구,고산2동,25542,5272,2056,590,2359,2913,20.64051366376948
2726069000,2026-06-30,대구광역시,수성구,고산3동,29203,6168,2475,774,2701,3467,21.121117693387664
2729051500,2026-06-30,대구광역시,달서구,성당동,19950,5796,2279,568,2514,3282,29.05263157894737
2729053500,2026-06-30,대구광역시,달서구,두류1.2동,15677,4077,1670,405,1742,2335,26.006251196019647
2729055000,2026-06-30,대구광역시,달서구,두류3동,8919,2475,1067,258,1055,1420,27.749747729566092
2729055500,2026-06-30,대구광역시,달서구,감삼동,31110,5135,1702,372,2325,2810,16.505946640951464
2729056300,2026-06-30,대구광역시,달서구,죽전동,14342,3230,1126,273,1422,1808,22.521266211128154
2729056800,2026-06-30,대구광역시,달서구,장기동,15338,3301,1205,306,1408,1893,21.521710783674532
2729057100,2026-06-30,대구광역시,달서구,용산1동,27831,5279,1824,418,2463,2816,18.968057202400203
2729057200,2026-06-30,대구광역시,달서구,용산2동,24650,5090,1708,461,2361,2729,20.649087221095336
2729057600,2026-06-30,대구광역시,달서구,이곡1동,19674,3803,1303,333,1760,2043,19.33008030903731
2729057700,2026-06-30,대구광역시,달서구,이곡2동,14113,3541,1078,228,1669,1872,25.09034223765323
2729058500,2026-06-30,대구광역시,달서구,신당동,27982,5827,2273,605,2548,3279,20.824101207919377
2729059000,2026-06-30,대구광역시,달서구,본리동,22963,3878,1261,288,1762,2116,16.88803727735923
2729060100,2026-06-30,대구광역시,달서구,월성1동,39431,3859,1380,339,1699,2160,9.786716035606503
2729060200,2026-06-30,대구광역시,달서구,월성2동,13486,5244,2336,580,2081,3163,38.884769390479015
2729061500,2026-06-30,대구광역시,달서구,진천동,49312,10372,3760,1007,4577,5795,21.03341985723556
2729061700,2026-06-30,대구광역시,달서구,유천동,32906,2392,703,125,1100,1292,7.269191028991672
2729062400,2026-06-30,대구광역시,달서구,상인1동,31952,7086,2525,675,3136,3950,22.177015523284926
2729062500,2026-06-30,대구광역시,달서구,상인2동,16708,4077,1381,358,1771,2306,24.401484318889153
2729062600,2026-06-30,대구광역시,달서구,상인3동,9479,4283,1691,451,1802,2481,45.184091148855366
2729062800,2026-06-30,대구광역시,달서구,도원동,30888,8501,2843,775,3777,4724,27.522015022015022
2729063000,2026-06-30,대구광역시,달서구,송현1동,15948,4941,1962,499,2193,2748,30.981941309255077
2729064000,2026-06-30,대구광역시,달서구,송현2동,17655,5614,2263,622,2346,3268,31.798357405834043
2729065000,2026-06-30,대구광역시,달서구,본동,13085,3310,1266,330,1382,1928,25.296140619029423
2771025000,2026-06-30,대구광역시,달성군,화원읍,45368,11195,3914,919,5024,6171,24.67598307176865
2771025300,2026-06-30,대구광역시,달성군,논공읍,4126,1463,604,181,713,750,35.45807077072225
2771025400,2026-06-30,대구광역시,달성군,논공읍공단출장소,10663,2283,812,228,1036,1247,21.410484854168622
2771025600,2026-06-30,대구광역시,달성군,다사읍,51390,8301,2877,625,3756,4545,16.152948044366607
2771025700,2026-06-30,대구광역시,달성군,다사읍서재출장소,37414,4298,1222,238,1955,2343,11.487678409151654
2771025900,2026-06-30,대구광역시,달성군,유가읍,31228,3125,1007,256,1431,1694,10.007044959651596
2771026200,2026-06-30,대구광역시,달성군,옥포읍,22164,5687,2028,477,2630,3057,25.6587258617578
2771026500,2026-06-30,대구광역시,달성군,현풍읍,20950,4168,1600,425,1787,2381,19.894988066825775
2771031000,2026-06-30,대구광역시,달성군,가창면,6747,3005,1385,469,1344,1661,44.538313324440495
2771033000,2026-06-30,대구광역시,달성군,하빈면,3112,1488,669,250,708,780,47.81491002570694
2771038000,2026-06-30,대구광역시,달성군,구지면,18838,2709,1019,318,1218,1491,14.380507484871005
2772025000,2026-06-30,대구광역시,군위군,군위읍,7907,2914,1330,412,1355,1559,36.85342101934994
2772031000,2026-06-30,대구광역시,군위군,소보면,2227,1272,627,227,618,654,57.11719802424786
2772032000,2026-06-30,대구광역시,군위군,효령면,3659,1981,855,258,957,1024,54.140475539764964
2772033000,2026-06-30,대구광역시,군위군,부계면,2111,1126,507,176,542,584,53.339649455234486
2772034000,2026-06-30,대구광역시,군위군,우보면,1953,1147,528,176,539,608,58.730158730158735
2772035000,2026-06-30,대구광역시,군위군,의흥면,2227,1329,648,214,591,738,59.67669510552312
2772036000,2026-06-30,대구광역시,군위군,산성면,1202,726,353,127,328,398,60.39933444259567
2772037000,2026-06-30,대구광역시,군위군,삼국유사면,1336,801,356,97,406,395,59.955089820359284
2811052000,2026-06-30,인천광역시,중구,연안동,4945,1795,707,205,835,960,36.29929221435793
2811053000,2026-06-30,인천광역시,중구,신포동,4398,1478,777,240,624,854,33.60618462937699
2811054000,2026-06-30,인천광역시,중구,신흥동,14062,3453,1423,369,1522,1931,24.555539752524535
2811056000,2026-06-30,인천광역시,중구,도원동,3374,1389,627,142,615,774,41.167753408417305
2811057000,2026-06-30,인천광역시,중구,율목동,3036,1058,478,99,457,601,34.84848484848485
2811058500,2026-06-30,인천광역시,중구,동인천동,5168,1969,921,315,873,1096,38.099845201238395
2811061500,2026-06-30,인천광역시,중구,개항동,6426,2285,998,217,993,1292,35.558667911609085
2811062000,2026-06-30,인천광역시,중구,영종동,30702,4958,1583,429,2483,2475,16.14878509543352
2811062200,2026-06-30,인천광역시,중구,영종1동,35752,3565,1209,240,1563,2002,9.971470127545313
2811062300,2026-06-30,인천광역시,중구,영종2동,27549,2411,753,165,1126,1285,8.75167882681767
2811063000,2026-06-30,인천광역시,중구,용유동,3339,1558,610,142,776,782,46.66067684935609
2811063800,2026-06-30,인천광역시,중구,운서1동,17500,2312,1039,240,1064,1248,13.211428571428572
2811064800,2026-06-30,인천광역시,중구,운서2동,22779,1869,667,142,876,993,8.20492558935862
2814051000,2026-06-30,인천광역시,동구,만석동,6027,1852,750,202,817,1035,30.728388916542226
2814052500,2026-06-30,인천광역시,동구,화수1.화평동,5112,1894,853,204,853,1041,37.05007824726135
2814053000,2026-06-30,인천광역시,동구,화수2동,6548,2493,1153,329,1002,1491,38.07269395235187
2814055500,2026-06-30,인천광역시,동구,송현1.2동,9341,2600,1105,230,1125,1475,27.834278985119365
2814057000,2026-06-30,인천광역시,동구,송현3동,2554,1040,481,118,463,577,40.72043852779953
2814058000,2026-06-30,인천광역시,동구,송림1동,6586,1207,499,124,548,659,18.32675372001215
2814059000,2026-06-30,인천광역시,동구,송림2동,1136,538,270,94,224,314,47.359154929577464
2814060500,2026-06-30,인천광역시,동구,송림3.5동,5058,1427,633,158,613,814,28.212732305258996
2814061000,2026-06-30,인천광역시,동구,송림4동,5857,1061,361,61,499,562,18.115075977462865
2814063000,2026-06-30,인천광역시,동구,송림6동,7618,1833,771,193,776,1057,24.061433447098977
2814064000,2026-06-30,인천광역시,동구,금창동,2089,936,464,131,392,544,44.80612733365247
2817751000,2026-06-30,인천광역시,미추홀구,숭의2동,13423,3389,1434,370,1439,1950,25.247709155926394
2817752000,2026-06-30,인천광역시,미추홀구,숭의1.3동,17508,3382,1378,413,1498,1884,19.316883710303863
2817753000,2026-06-30,인천광역시,미추홀구,숭의4동,16543,4009,1646,431,1768,2241,24.233814906607023
2817754000,2026-06-30,인천광역시,미추홀구,용현1.4동,17361,4422,1992,500,1982,2440,25.470883013651285
2817755000,2026-06-30,인천광역시,미추홀구,용현2동,22597,4360,1824,418,1922,2438,19.294596627870956
2817756000,2026-06-30,인천광역시,미추홀구,용현3동,6548,2210,999,267,969,1241,33.75076359193647
2817757000,2026-06-30,인천광역시,미추홀구,용현5동,44052,8363,3214,834,3727,4636,18.98438209388904
2817758000,2026-06-30,인천광역시,미추홀구,학익1동,41454,6791,2536,609,3066,3725,16.382013798427174
2817759000,2026-06-30,인천광역시,미추홀구,학익2동,17396,4657,1991,566,1972,2685,26.770521959071054
2817760000,2026-06-30,인천광역시,미추홀구,도화1동,20330,4843,2063,541,2077,2766,23.82193802262666
2817761000,2026-06-30,인천광역시,미추홀구,도화2.3동,28961,5561,1997,470,2530,3031,19.201685024688373
2817762000,2026-06-30,인천광역시,미추홀구,주안1동,19885,3156,1070,276,1475,1681,15.87125974352527
2817763000,2026-06-30,인천광역시,미추홀구,주안2동,22421,5247,2094,504,2295,2952,23.402167610722092
2817764000,2026-06-30,인천광역시,미추홀구,주안3동,12081,2894,1236,270,1240,1654,23.954970615015313
2817765000,2026-06-30,인천광역시,미추홀구,주안4동,19715,4897,1990,487,2099,2798,24.83895511032209
2817766000,2026-06-30,인천광역시,미추홀구,주안5동,18956,4683,1858,481,1987,2696,24.70457902511078
2817767000,2026-06-30,인천광역시,미추홀구,주안6동,20862,4569,1808,493,1958,2611,21.90106413574921
2817768000,2026-06-30,인천광역시,미추홀구,주안7동,12067,3693,1534,383,1530,2163,30.604126957818846
2817769000,2026-06-30,인천광역시,미추홀구,주안8동,18427,4918,1928,473,2111,2807,26.689097519943562
2817770000,2026-06-30,인천광역시,미추홀구,관교동,13770,3732,1418,343,1688,2044,27.10239651416122
2817771000,2026-06-30,인천광역시,미추홀구,문학동,13854,2516,926,231,1176,1340,18.16081997978923
2818563000,2026-06-30,인천광역시,연수구,옥련1동,17155,4092,1671,514,1775,2317,23.853104051297
2818564000,2026-06-30,인천광역시,연수구,옥련2동,19591,4009,1459,378,1826,2183,20.463478127711703
2818575000,2026-06-30,인천광역시,연수구,선학동,17435,4470,1546,436,2084,2386,25.63808431316318
2818576100,2026-06-30,인천광역시,연수구,연수1동,16032,3632,1300,330,1774,1858,22.654690618762473
2818576200,2026-06-30,인천광역시,연수구,연수2동,19037,4201,1517,473,1845,2356,22.06755266060829
2818576300,2026-06-30,인천광역시,연수구,연수3동,14237,3915,1551,502,1663,2252,27.49877080845684
2818576600,2026-06-30,인천광역시,연수구,청학동,21669,5769,2171,643,2614,3155,26.6232867229683
2818578000,2026-06-30,인천광역시,연수구,동춘1동,25304,4025,1148,307,1967,2058,15.906576035409422
2818579000,2026-06-30,인천광역시,연수구,동춘2동,16368,3210,1045,326,1460,1750,19.611436950146626
2818579500,2026-06-30,인천광역시,연수구,동춘3동,17290,2988,1077,306,1430,1558,17.281665702718335
2818582000,2026-06-30,인천광역시,연수구,송도1동,36150,4809,1461,392,2352,2457,13.302904564315352
2818583000,2026-06-30,인천광역시,연수구,송도2동,37352,3080,903,243,1481,1599,8.245877061469265
2818584000,2026-06-30,인천광역시,연수구,송도3동,49880,4181,1217,274,1979,2202,8.382117080994385
2818585000,2026-06-30,인천광역시,연수구,송도4동,56032,3881,964,236,1877,2004,6.926399200456881
2818586000,2026-06-30,인천광역시,연수구,송도5동,46758,3745,876,208,1801,1944,8.009324607553788
2820051000,2026-06-30,인천광역시,남동구,구월1동,30030,5755,1999,517,2549,3206,19.164169164169166
2820052000,2026-06-30,인천광역시,남동구,구월2동,36517,6425,2147,472,2902,3523,17.594545006435357
2820052100,2026-06-30,인천광역시,남동구,구월3동,28008,4312,1536,339,1927,2385,15.395601256783776
2820052200,2026-06-30,인천광역시,남동구,구월4동,12577,3679,1467,366,1585,2094,29.25180885743818
2820053000,2026-06-30,인천광역시,남동구,간석1동,18417,4419,1782,450,1858,2561,23.994135852744748
2820054000,2026-06-30,인천광역시,남동구,간석2동,20355,4612,1788,432,2076,2536,22.6578236305576
2820055000,2026-06-30,인천광역시,남동구,간석3동,24732,6210,2279,551,2797,3413,25.109170305676855
2820055100,2026-06-30,인천광역시,남동구,간석4동,27677,6229,2275,569,2838,3391,22.506051956498176
2820056000,2026-06-30,인천광역시,남동구,만수1동,15055,4610,1874,575,1866,2744,30.62105612753238
2820057000,2026-06-30,인천광역시,남동구,만수2동,21934,5013,1721,388,2226,2787,22.85492842162852
2820058000,2026-06-30,인천광역시,남동구,만수3동,15552,3570,1251,291,1624,1946,22.955246913580247
2820058100,2026-06-30,인천광역시,남동구,만수4동,18052,4643,1663,448,1984,2659,25.72014181254155
2820058200,2026-06-30,인천광역시,남동구,만수5동,13893,4191,1651,367,1829,2362,30.16627078384798
2820058300,2026-06-30,인천광역시,남동구,만수6동,21627,5762,2204,690,2491,3271,26.642622647616403
2820065000,2026-06-30,인천광역시,남동구,장수서창동,18118,4424,1530,398,2021,2403,24.417706148581523
2820065500,2026-06-30,인천광역시,남동구,서창2동,37307,6068,1897,413,2779,3289,16.265044093601738
2820066000,2026-06-30,인천광역시,남동구,남촌도림동,18594,4842,1758,490,2226,2616,26.040658276863503
2820069000,2026-06-30,인천광역시,남동구,논현1동,30990,5739,2067,592,2480,3259,18.518877057115198
2820070000,2026-06-30,인천광역시,남동구,논현2동,30616,6461,2508,701,2763,3698,21.103344656388817
2820071000,2026-06-30,인천광역시,남동구,논현고잔동,39098,5326,1790,476,2481,2845,13.622180162668169
2823751000,2026-06-30,인천광역시,부평구,부평1동,34433,7177,2754,799,3120,4057,20.843376993000902
2823752000,2026-06-30,인천광역시,부평구,부평2동,16750,3580,1346,310,1534,2046,21.37313432835821
2823753000,2026-06-30,인천광역시,부평구,부평3동,14210,3390,1333,359,1474,1916,23.856439127375086
2823754000,2026-06-30,인천광역시,부평구,부평4동,32903,6681,2570,671,2905,3776,20.30513934899553
2823755000,2026-06-30,인천광역시,부평구,부평5동,32878,5496,1974,520,2329,3167,16.71634527647667
2823756000,2026-06-30,인천광역시,부평구,부평6동,19118,3748,1387,382,1655,2093,19.604561146563448
2823757000,2026-06-30,인천광역시,부평구,산곡1동,14167,2692,989,279,1140,1552,19.001905837509707
2823758000,2026-06-30,인천광역시,부평구,산곡2동,28506,5551,1951,472,2538,3013,19.47309338384901
2823758100,2026-06-30,인천광역시,부평구,산곡3동,19591,5742,2378,716,2485,3257,29.309376754632225
2823758200,2026-06-30,인천광역시,부평구,산곡4동,16132,3657,1400,411,1583,2074,22.66922886188941
2823759100,2026-06-30,인천광역시,부평구,청천1동,22713,3093,943,205,1421,1672,13.617751948223484
2823759200,2026-06-30,인천광역시,부평구,청천2동,32609,6644,2252,616,3001,3643,20.374743169063755
2823764100,2026-06-30,인천광역시,부평구,갈산1동,13902,3249,1122,300,1464,1785,23.370738023305996
2823764200,2026-06-30,인천광역시,부평구,갈산2동,16989,4676,1671,425,2100,2576,27.523691800576845
2823764600,2026-06-30,인천광역시,부평구,삼산1동,30964,6617,2392,737,2853,3764,21.369978039013045
2823764800,2026-06-30,인천광역시,부평구,삼산2동,26748,4480,1637,477,1948,2532,16.748915806789295
2823765000,2026-06-30,인천광역시,부평구,부개1동,14679,4489,1756,405,1964,2525,30.581102254921998
2823766000,2026-06-30,인천광역시,부평구,부개2동,18726,4017,1441,352,1775,2242,21.45145786606857
2823766100,2026-06-30,인천광역시,부평구,부개3동,27092,5553,2009,563,2466,3087,20.496825631182634
2823767000,2026-06-30,인천광역시,부평구,일신동,11079,2864,987,266,1308,1556,25.85070854770286
2823768000,2026-06-30,인천광역시,부평구,십정1동,23630,4341,1614,423,1964,2377,18.370715192551838
2823769000,2026-06-30,인천광역시,부평구,십정2동,20372,5588,2036,497,2658,2930,27.429805615550755
2824560100,2026-06-30,인천광역시,계양구,효성1동,25432,5821,1937,521,2705,3116,22.88848694558037
2824560200,2026-06-30,인천광역시,계양구,효성2동,29093,6322,2076,542,2967,3355,21.73031313374351
2824561100,2026-06-30,인천광역시,계양구,계산1동,17220,4466,1498,383,2157,2309,25.934959349593495
2824561200,2026-06-30,인천광역시,계양구,계산2동,13779,3792,1222,321,1733,2059,27.520139342477684
2824561300,2026-06-30,인천광역시,계양구,계산3동,16842,3628,1003,318,1638,1990,21.54138463365396
2824561400,2026-06-30,인천광역시,계양구,계산4동,22079,3595,1121,468,1756,1839,16.282440327913402
2824562100,2026-06-30,인천광역시,계양구,작전1동,25417,5220,1655,429,2370,2850,20.537435574615415
2824562200,2026-06-30,인천광역시,계양구,작전2동,23331,5096,1656,443,2266,2830,21.842184218421842
2824564000,2026-06-30,인천광역시,계양구,작전서운동,31670,5313,1795,561,2399,2914,16.776128828544365
2824571000,2026-06-30,인천광역시,계양구,계양1동,18478,4386,1522,447,2040,2346,23.736335101201426
2824572000,2026-06-30,인천광역시,계양구,계양2동,30155,7049,2642,748,3095,3954,23.375891228651966
2824573000,2026-06-30,인천광역시,계양구,계양3동,22813,4159,1398,313,1843,2316,18.23083329680445
2826051500,2026-06-30,인천광역시,서구,검암경서동,43333,5971,1991,458,2789,3182,13.779336764128955
2826053000,2026-06-30,인천광역시,서구,연희동,36003,8145,3009,950,3721,4424,22.623114740438297
2826053600,2026-06-30,인천광역시,서구,청라1동,30445,2606,818,228,1185,1421,8.55969781573329
2826053700,2026-06-30,인천광역시,서구,청라2동,47814,4868,1405,306,2294,2574,10.181118500857488
2826053900,2026-06-30,인천광역시,서구,청라3동,36919,2915,731,184,1430,1485,7.895663479509196
2826054200,2026-06-30,인천광역시,서구,가정1동,42301,5765,1782,422,2618,3147,13.628519420344674
2826054300,2026-06-30,인천광역시,서구,가정2동,17131,1944,470,117,962,982,11.34784892884245
2826054400,2026-06-30,인천광역시,서구,가정3동,8264,1884,568,153,897,987,22.797676669893512
2826055000,2026-06-30,인천광역시,서구,석남1동,19693,4978,1684,402,2287,2691,25.278017569694818
2826056000,2026-06-30,인천광역시,서구,석남2동,11594,3219,1161,262,1540,1679,27.764360876315337
2826056100,2026-06-30,인천광역시,서구,석남3동,12747,3058,1075,292,1348,1710,23.989958421589392
2826057500,2026-06-30,인천광역시,서구,신현원창동,28521,5850,1700,356,2774,3076,20.5112022720101
2826058000,2026-06-30,인천광역시,서구,가좌1동,12296,2810,982,242,1324,1486,22.852960312296684
2826059000,2026-06-30,인천광역시,서구,가좌2동,17887,4154,1355,379,1891,2263,23.223570190641247
2826060000,2026-06-30,인천광역시,서구,가좌3동,14773,4179,1519,380,1934,2245,28.288093142895825
2826061000,2026-06-30,인천광역시,서구,가좌4동,12133,2789,905,242,1352,1437,22.986895244374843
2826068000,2026-06-30,인천광역시,서구,검단동,32218,5494,1913,517,2556,2938,17.05257930349494
2826069000,2026-06-30,인천광역시,서구,불로대곡동,48409,5404,2188,619,2418,2986,11.163213452044042
2826070000,2026-06-30,인천광역시,서구,원당동,22794,3235,1355,383,1384,1851,14.192331315258402
2826071000,2026-06-30,인천광역시,서구,당하동,43306,6045,2042,542,2720,3325,13.958804784556412
2826072000,2026-06-30,인천광역시,서구,오류왕길동,25498,4612,1620,461,2250,2362,18.08769315240411
2826073000,2026-06-30,인천광역시,서구,마전동,21012,3183,1200,308,1456,1727,15.148486579097659
2826075000,2026-06-30,인천광역시,서구,아라1동,46901,3209,883,173,1478,1731,6.842071597620519
2826076000,2026-06-30,인천광역시,서구,아라2동,30883,2306,630,129,1099,1207,7.466891169899298
2871025000,2026-06-30,인천광역시,강화군,강화읍,21381,6960,3139,905,3053,3907,32.55226603058791
2871031000,2026-06-30,인천광역시,강화군,선원면,10204,3185,1284,380,1497,1688,31.213249705997647
2871032000,2026-06-30,인천광역시,강화군,불은면,4964,2487,1068,352,1198,1289,50.10072522159549
2871033000,2026-06-30,인천광역시,강화군,길상면,7217,3092,1212,341,1490,1602,42.843286684217816
2871034000,2026-06-30,인천광역시,강화군,화도면,4484,2242,972,282,1089,1153,50.0
2871035000,2026-06-30,인천광역시,강화군,양도면,4200,2106,974,340,983,1123,50.142857142857146
2871036000,2026-06-30,인천광역시,강화군,내가면,2887,1530,714,197,699,831,52.99618981641843
2871037000,2026-06-30,인천광역시,강화군,하점면,4012,2125,1090,390,1004,1121,52.96610169491526
2871038000,2026-06-30,인천광역시,강화군,양사면,1928,1003,503,167,466,537,52.02282157676349
2871039000,2026-06-30,인천광역시,강화군,송해면,3185,1554,772,258,703,851,48.79120879120879
2871040000,2026-06-30,인천광역시,강화군,교동면,2628,1461,759,239,682,779,55.593607305936075
2871041000,2026-06-30,인천광역시,강화군,삼산면,1970,1057,488,148,512,545,53.65482233502538
2871042000,2026-06-30,인천광역시,강화군,서도면,355,195,86,32,94,101,54.929577464788736
2871042500,2026-06-30,인천광역시,강화군,서도면볼음출장소,266,166,77,23,89,77,62.40601503759399
2872031000,2026-06-30,인천광역시,옹진군,북도면,1135,558,217,64,280,278,49.16299559471366
2872031500,2026-06-30,인천광역시,옹진군,북도면장봉출장소,948,469,184,51,214,255,49.472573839662445
2872033000,2026-06-30,인천광역시,옹진군,백령면,4442,1327,539,188,632,695,29.873930661864023
2872034000,2026-06-30,인천광역시,옹진군,대청면,1123,427,192,51,207,220,38.02315227070348
2872034500,2026-06-30,인천광역시,옹진군,대청면소청출장소,233,115,58,9,60,55,49.35622317596567
2872035000,2026-06-30,인천광역시,옹진군,덕적면,1836,949,419,123,469,480,51.688453159041394
2872036000,2026-06-30,인천광역시,옹진군,영흥면,6451,2295,848,207,1168,1127,35.575879708572316
2872037000,2026-06-30,인천광역시,옹진군,자월면,927,454,199,73,211,243,48.975188781014026
2872037500,2026-06-30,인천광역시,옹진군,자월면이작출장소,358,176,79,30,80,96,49.162011173184354
2872038000,2026-06-30,인천광역시,옹진군,연평면,1887,495,174,56,247,248,26.232114467408586
2911052500,2026-06-30,광주광역시,동구,충장동,5929,1176,514,128,610,566,19.834710743801654
2911054500,2026-06-30,광주광역시,동구,동명동,3421,1027,565,146,453,574,30.020461853259278
2911056000,2026-06-30,광주광역시,동구,계림1동,9717,2172,953,229,1013,1159,22.35257795615931
2911057000,2026-06-30,광주광역시,동구,계림2동,14117,2556,1228,332,1048,1508,18.105829850534818
2911059000,2026-06-30,광주광역시,동구,산수1동,7466,2021,970,243,879,1142,27.069381194749532
2911060000,2026-06-30,광주광역시,동구,산수2동,9136,2923,1384,348,1249,1674,31.99430823117338
2911062000,2026-06-30,광주광역시,동구,지산1동,3896,1033,513,152,429,604,26.514373716632445
2911063000,2026-06-30,광주광역시,동구,지산2동,4015,1148,576,171,508,640,28.59277708592777
2911065500,2026-06-30,광주광역시,동구,서남동,3514,694,347,97,309,385,19.74957313602732
2911068500,2026-06-30,광주광역시,동구,학동,6948,1775,879,208,735,1040,25.54691997697179
2911071000,2026-06-30,광주광역시,동구,학운동,10326,3870,1950,585,1639,2231,37.47821034282394
2911073000,2026-06-30,광주광역시,동구,지원1동,8680,2317,981,228,1016,1301,26.693548387096772
2911074000,2026-06-30,광주광역시,동구,지원2동,18035,3622,1416,391,1576,2046,20.08317161075686
2914057500,2026-06-30,광주광역시,서구,양동,2662,1274,694,187,508,766,47.858752817430506
2914059000,2026-06-30,광주광역시,서구,양3동,4000,1273,578,121,503,770,31.825
2914065000,2026-06-30,광주광역시,서구,농성1동,11241,2848,1400,338,1207,1641,25.3358242149275
2914066000,2026-06-30,광주광역시,서구,농성2동,4164,1270,581,163,599,671,30.499519692603265
2914073000,2026-06-30,광주광역시,서구,광천동,4926,927,372,92,420,507,18.81851400730816
2914074000,2026-06-30,광주광역시,서구,유덕동,9809,1705,772,195,698,1007,17.38199612600673
2914074500,2026-06-30,광주광역시,서구,치평동,28774,4631,1915,543,2037,2594,16.09439076944464
2914075100,2026-06-30,광주광역시,서구,상무1동,24478,4056,1566,311,1841,2215,16.569981207615
2914075200,2026-06-30,광주광역시,서구,상무2동,21782,5609,2424,609,2369,3240,25.750619777798185
2914076000,2026-06-30,광주광역시,서구,화정1동,15451,3384,1599,466,1382,2002,21.90149504886415
2914077000,2026-06-30,광주광역시,서구,화정2동,19019,3547,1353,266,1539,2008,18.649771281350226
2914078000,2026-06-30,광주광역시,서구,화정3동,8502,2457,999,260,1072,1385,28.899082568807337
2914079000,2026-06-30,광주광역시,서구,화정4동,18772,4309,1499,349,1877,2432,22.954400170466652
2914080000,2026-06-30,광주광역시,서구,서창동,7170,1565,631,191,759,806,21.827057182705715
2914082100,2026-06-30,광주광역시,서구,금호1동,20863,4657,1739,461,1998,2659,22.321813737238173
2914082400,2026-06-30,광주광역시,서구,금호2동,25488,3636,1366,345,1622,2014,14.26553672316384
2914083000,2026-06-30,광주광역시,서구,풍암동,32740,5351,2125,551,2340,3011,16.343921808185705
2914084000,2026-06-30,광주광역시,서구,동천동,14783,2588,910,184,1047,1541,17.506595413650818
2915551000,2026-06-30,광주광역시,남구,양림동,6077,1956,1024,254,787,1169,32.18693434260326
2915552000,2026-06-30,광주광역시,남구,방림1동,6114,1503,711,169,617,886,24.582924435721296
2915553000,2026-06-30,광주광역시,남구,방림2동,8853,2601,1271,310,1059,1542,29.379871230091492
2915553700,2026-06-30,광주광역시,남구,봉선1동,13356,3264,1473,435,1266,1998,24.438454627133872
2915553800,2026-06-30,광주광역시,남구,봉선2동,27220,4385,1756,512,1820,2565,16.109478324761206
2915554500,2026-06-30,광주광역시,남구,사직동,4336,1466,756,183,657,809,33.809963099631
2915560500,2026-06-30,광주광역시,남구,월산동,10963,2646,1293,310,1143,1503,24.135729271184893
2915563000,2026-06-30,광주광역시,남구,월산4동,7475,2404,1053,253,1052,1352,32.16053511705685
2915564000,2026-06-30,광주광역시,남구,월산5동,5440,1905,831,191,824,1081,35.018382352941174
2915567000,2026-06-30,광주광역시,남구,백운1동,11101,3137,1364,333,1300,1837,28.258715431042248
2915568000,2026-06-30,광주광역시,남구,백운2동,6688,1563,707,171,711,852,23.370215311004785
2915569000,2026-06-30,광주광역시,남구,주월1동,20013,4377,1741,383,1890,2487,21.870783990406238
2915570000,2026-06-30,광주광역시,남구,주월2동,6880,2312,978,221,1032,1280,33.6046511627907
2915570500,2026-06-30,광주광역시,남구,진월동,26921,5639,2450,632,2405,3234,20.94647301363248
2915571000,2026-06-30,광주광역시,남구,효덕동,14736,3386,1364,310,1480,1906,22.977741585233442
2915572000,2026-06-30,광주광역시,남구,송암동,20443,2721,901,220,1176,1545,13.310179523553295
2915573000,2026-06-30,광주광역시,남구,대촌동,9031,2486,1134,361,1078,1408,27.527405602923267
2917051000,2026-06-30,광주광역시,북구,중흥1동,4034,1049,470,107,495,554,26.003966286564207
2917053500,2026-06-30,광주광역시,북구,중흥동,14830,3094,1507,349,1347,1747,20.86311530681052
2917055500,2026-06-30,광주광역시,북구,중앙동,3409,711,304,72,337,374,20.85655617483133
2917057000,2026-06-30,광주광역시,북구,임동,13895,2627,1125,259,1151,1476,18.906081324217343
2917058000,2026-06-30,광주광역시,북구,신안동,11751,2848,1257,324,1327,1521,24.236235214024337
2917059000,2026-06-30,광주광역시,북구,용봉동,35707,6893,2746,641,3037,3856,19.304338084969334
2917060100,2026-06-30,광주광역시,북구,운암1동,17439,3844,1431,294,1736,2108,22.04254831125638
2917060200,2026-06-30,광주광역시,북구,운암2동,10295,3228,1359,339,1436,1792,31.355026711996114
2917060300,2026-06-30,광주광역시,북구,운암3동,19282,3334,1165,290,1450,1884,17.290737475365624
2917061500,2026-06-30,광주광역시,북구,동림동,20857,4157,1559,329,1737,2420,19.93095843122213
2917062000,2026-06-30,광주광역시,북구,우산동,15263,3919,1741,422,1623,2296,25.676472515232916
2917063500,2026-06-30,광주광역시,북구,풍향동,4855,1134,501,134,496,638,23.357363542739442
2917065000,2026-06-30,광주광역시,북구,문화동,22111,5030,2004,477,2190,2840,22.748858034462486
2917065600,2026-06-30,광주광역시,북구,문흥1동,14094,3315,1281,327,1506,1809,23.520647083865477
2917065700,2026-06-30,광주광역시,북구,문흥2동,13899,3476,1460,404,1369,2107,25.008993452766386
2917066100,2026-06-30,광주광역시,북구,두암1동,6662,2217,1024,226,963,1254,33.27829480636446
2917066200,2026-06-30,광주광역시,북구,두암2동,13932,4222,1737,380,1854,2368,30.304335343095033
2917066300,2026-06-30,광주광역시,북구,두암3동,11449,4529,1987,557,1855,2674,39.55804000349376
2917066600,2026-06-30,광주광역시,북구,삼각동,12733,2263,836,201,1032,1231,17.77271656326082
2917066900,2026-06-30,광주광역시,북구,일곡동,26644,3831,1517,454,1618,2213,14.378471700945806
2917067300,2026-06-30,광주광역시,북구,매곡동,12521,2485,945,268,1107,1378,19.846657615206453
2917067600,2026-06-30,광주광역시,북구,오치1동,9669,2366,906,223,1075,1291,24.469955527976005
2917067700,2026-06-30,광주광역시,북구,오치2동,10968,3427,1427,407,1464,1963,31.2454412837345
2917068500,2026-06-30,광주광역시,북구,석곡동,2119,964,443,138,442,522,45.493157149598865
2917069500,2026-06-30,광주광역시,북구,건국동,22234,3122,1137,318,1412,1710,14.041557974273635
2917069600,2026-06-30,광주광역시,북구,양산동,34630,5618,2147,501,2450,3168,16.222928097025697
2917069700,2026-06-30,광주광역시,북구,신용동,31501,2855,901,212,1223,1632,9.06320434271928
2920051500,2026-06-30,광주광역시,광산구,송정1동,9674,2199,940,214,920,1279,22.73103163117635
2920052500,2026-06-30,광주광역시,광산구,송정2동,5811,1673,842,206,709,964,28.79022543452074
2920054000,2026-06-30,광주광역시,광산구,도산동,13825,2611,1104,256,1094,1517,18.88607594936709
2920055000,2026-06-30,광주광역시,광산구,신흥동,3948,1091,504,116,481,610,27.63424518743668
2920056500,2026-06-30,광주광역시,광산구,어룡동,36253,4668,1622,405,2102,2566,12.876175764764294
2920058000,2026-06-30,광주광역시,광산구,우산동,27509,5235,1903,550,2366,2869,19.030135591988078
2920060000,2026-06-30,광주광역시,광산구,월곡1동,9021,1971,670,180,905,1066,21.849018955769868
2920061000,2026-06-30,광주광역시,광산구,월곡2동,13768,2485,887,221,1128,1357,18.049099360836724
2920062000,2026-06-30,광주광역시,광산구,비아동,7062,1224,493,147,550,674,17.332200509770605
2920062400,2026-06-30,광주광역시,광산구,첨단1동,26761,3222,1011,305,1560,1662,12.039908822540264
2920062600,2026-06-30,광주광역시,광산구,첨단2동,39981,4030,1420,403,1817,2213,10.079787899252144
2920063000,2026-06-30,광주광역시,광산구,신가동,18238,1773,681,143,776,997,9.72146068647878
2920063500,2026-06-30,광주광역시,광산구,운남동,27766,4076,1689,422,1653,2423,14.679824245480082
2920063700,2026-06-30,광주광역시,광산구,수완동,72079,5598,1839,347,2417,3181,7.766478447259257
2920064000,2026-06-30,광주광역시,광산구,하남동,26630,2640,750,192,1273,1367,9.913631242959069
2920065000,2026-06-30,광주광역시,광산구,임곡동,1811,894,447,163,407,487,49.36499171728327
2920066000,2026-06-30,광주광역시,광산구,동곡동,1538,783,401,111,342,441,50.91027308192457
2920067000,2026-06-30,광주광역시,광산구,평동,4900,1538,692,210,719,819,31.387755102040813
2920068000,2026-06-30,광주광역시,광산구,삼도동,1995,993,520,192,443,550,49.774436090225564
2920069000,2026-06-30,광주광역시,광산구,본량동,1770,908,521,206,398,510,51.29943502824859
2920070000,2026-06-30,광주광역시,광산구,신창동,32866,2773,1075,263,1242,1531,8.437290817257956
3011051500,2026-06-30,대전광역시,동구,중앙동,3218,1439,632,156,697,742,44.717215661901804
3011053000,2026-06-30,대전광역시,동구,효동,29279,5091,1947,471,2198,2893,17.387888930632876
3011054500,2026-06-30,대전광역시,동구,신인동,14621,3603,1469,352,1521,2082,24.64263730251009
3011055100,2026-06-30,대전광역시,동구,판암1동,11527,3610,1588,491,1509,2101,31.317775657152776
3011055200,2026-06-30,대전광역시,동구,판암2동,7567,3449,1595,457,1422,2027,45.579489890313205
3011056000,2026-06-30,대전광역시,동구,용운동,20743,4352,1585,347,2005,2347,20.980571759147665
3011058500,2026-06-30,대전광역시,동구,대동,13274,2970,1220,330,1302,1668,22.374566822359498
3011059000,2026-06-30,대전광역시,동구,자양동,10864,2420,1036,259,1107,1313,22.275405007363773
3011062000,2026-06-30,대전광역시,동구,가양1동,12660,3540,1457,360,1640,1900,27.96208530805687
3011063000,2026-06-30,대전광역시,동구,가양2동,18064,4340,1689,403,1917,2423,24.02568644818423
3011064000,2026-06-30,대전광역시,동구,용전동,19551,3952,1581,375,1765,2187,20.21379980563654
3011066500,2026-06-30,대전광역시,동구,성남동,10244,3045,1299,344,1305,1740,29.724716907458028
3011067000,2026-06-30,대전광역시,동구,홍도동,10766,2538,995,260,1108,1430,23.574215121679362
3011069500,2026-06-30,대전광역시,동구,삼성동,12999,4053,1773,467,1803,2250,31.179321486268176
3011072500,2026-06-30,대전광역시,동구,대청동,2067,984,428,160,457,527,47.60522496371553
3011074000,2026-06-30,대전광역시,동구,산내동,20807,4821,2014,537,2145,2676,23.170086989955305
3014053500,2026-06-30,대전광역시,중구,은행선화동,24127,3415,1305,327,1588,1827,14.154267003771709
3014055000,2026-06-30,대전광역시,중구,목동,17246,2141,894,234,890,1251,12.414472921257103
3014056000,2026-06-30,대전광역시,중구,중촌동,14885,3512,1491,386,1457,2055,23.59422237151495
3014057500,2026-06-30,대전광역시,중구,대흥동,11997,2537,1054,290,1080,1457,21.14695340501792
3014060500,2026-06-30,대전광역시,중구,문창동,4024,1533,727,212,658,875,38.09642147117297
3014062000,2026-06-30,대전광역시,중구,석교동,13394,4948,2067,480,2239,2709,36.94191428998059
3014063000,2026-06-30,대전광역시,중구,대사동,5135,1648,754,227,698,950,32.093476144109054
3014064000,2026-06-30,대전광역시,중구,부사동,5800,2037,866,239,903,1134,35.12068965517241
3014065500,2026-06-30,대전광역시,중구,용두동,9774,2002,970,270,847,1155,20.482913853079598
3014067000,2026-06-30,대전광역시,중구,오류동,9757,2642,1265,388,1088,1554,27.077995285436096
3014068000,2026-06-30,대전광역시,중구,태평1동,11965,2761,1247,295,1191,1570,23.075637275386544
3014069000,2026-06-30,대전광역시,중구,태평2동,23110,6042,2707,721,2605,3437,26.14452617914323
3014070000,2026-06-30,대전광역시,중구,유천1동,5721,1717,686,184,756,961,30.012235623142807
3014071000,2026-06-30,대전광역시,중구,유천2동,12302,3954,1777,481,1761,2193,32.14111526581044
3014072000,2026-06-30,대전광역시,중구,문화1동,20069,4418,2064,585,1927,2491,22.01405152224824
3014073000,2026-06-30,대전광역시,중구,문화2동,10855,3578,1587,484,1460,2118,32.961768770152005
3014074000,2026-06-30,대전광역시,중구,산성동,24112,7655,2978,686,3497,4158,31.747677504976775
3017051000,2026-06-30,대전광역시,서구,복수동,20306,3682,1367,357,1701,1981,18.132571653698413
3017052000,2026-06-30,대전광역시,서구,도마1동,17842,4594,1803,416,2017,2577,25.748234502858423
3017053000,2026-06-30,대전광역시,서구,도마2동,20020,5204,2050,488,2273,2931,25.99400599400599
3017053500,2026-06-30,대전광역시,서구,정림동,15145,4375,1635,444,1920,2455,28.88742159128425
3017054000,2026-06-30,대전광역시,서구,변동,12095,3456,1382,332,1540,1916,28.57379082265399
3017055000,2026-06-30,대전광역시,서구,용문동,19204,3192,1280,361,1344,1848,16.621537179754217
3017055500,2026-06-30,대전광역시,서구,탄방동,31199,4100,1423,353,1802,2298,13.14144684124491
3017056000,2026-06-30,대전광역시,서구,괴정동,18138,2730,1038,241,1204,1526,15.051273569302017
3017057000,2026-06-30,대전광역시,서구,가장동,10238,2667,1129,269,1126,1541,26.05000976753272
3017057500,2026-06-30,대전광역시,서구,내동,21411,4945,1948,448,2163,2782,23.095605062818176
3017058100,2026-06-30,대전광역시,서구,갈마1동,20566,4078,1338,327,1827,2251,19.82884372264903
3017058200,2026-06-30,대전광역시,서구,갈마2동,22992,3363,1029,274,1522,1841,14.626826722338205
3017058600,2026-06-30,대전광역시,서구,월평1동,11017,1820,653,180,830,990,16.519923754198057
3017058700,2026-06-30,대전광역시,서구,월평2동,13158,3944,1569,503,1710,2234,29.97416020671835
3017058800,2026-06-30,대전광역시,서구,월평3동,19545,3899,1149,305,1815,2084,19.94883601944231
3017059000,2026-06-30,대전광역시,서구,가수원동,9837,2855,1133,278,1234,1621,29.023076141099928
3017059300,2026-06-30,대전광역시,서구,도안동,36465,2935,770,172,1381,1554,8.048813931166872
3017059600,2026-06-30,대전광역시,서구,관저1동,14336,2532,964,273,1133,1399,17.661830357142858
3017059700,2026-06-30,대전광역시,서구,관저2동,46929,5663,2008,495,2447,3216,12.067165292249994
3017060000,2026-06-30,대전광역시,서구,기성동,3192,1493,758,276,683,810,46.77318295739348
3017063000,2026-06-30,대전광역시,서구,둔산1동,16268,2079,911,228,976,1103,12.779690189328743
3017064000,2026-06-30,대전광역시,서구,둔산2동,34065,4761,1455,382,2215,2546,13.976221928665785
3017065000,2026-06-30,대전광역시,서구,만년동,11852,1674,533,141,763,911,14.124198447519406
3017066000,2026-06-30,대전광역시,서구,둔산3동,18539,4002,1656,436,1708,2294,21.586924861103622
3020052000,2026-06-30,대전광역시,유성구,진잠동,24808,5075,1933,568,2281,2794,20.457110609480814
3020052600,2026-06-30,대전광역시,유성구,학하동,21421,3014,788,206,1528,1486,14.070304841043836
3020052700,2026-06-30,대전광역시,유성구,상대동,25066,3148,861,217,1470,1678,12.558844650123675
3020053000,2026-06-30,대전광역시,유성구,온천1동,26676,4636,1780,487,2136,2500,17.37891737891738
3020054000,2026-06-30,대전광역시,유성구,온천2동,40814,6071,2016,528,2888,3183,14.874797863478218
3020054600,2026-06-30,대전광역시,유성구,노은1동,20564,2807,1038,270,1272,1535,13.650068080140052
3020054700,2026-06-30,대전광역시,유성구,노은2동,22953,3618,1482,470,1598,2020,15.762645405829304
3020054800,2026-06-30,대전광역시,유성구,노은3동,35321,4987,1625,384,2300,2687,14.119079301265536
3020055000,2026-06-30,대전광역시,유성구,신성동,25320,2829,924,262,1366,1463,11.172985781990521
3020057000,2026-06-30,대전광역시,유성구,전민동,25343,3408,986,334,1650,1758,13.447500295939708
3020058000,2026-06-30,대전광역시,유성구,구즉동,32500,4434,1590,470,1951,2483,13.643076923076924
3020060000,2026-06-30,대전광역시,유성구,관평동,37759,3182,859,231,1532,1650,8.427129955772134
3020061000,2026-06-30,대전광역시,유성구,원신흥동,32559,4357,1351,326,1857,2500,13.381860622254985
3023051000,2026-06-30,대전광역시,대덕구,오정동,13000,3802,1400,314,1804,1998,29.246153846153845
3023052000,2026-06-30,대전광역시,대덕구,대화동,5206,1616,626,148,728,888,31.041106415674225
3023052500,2026-06-30,대전광역시,대덕구,회덕동,11989,3515,1336,381,1602,1913,29.318541996830426
3023053300,2026-06-30,대전광역시,대덕구,비래동,14192,3858,1458,363,1685,2173,27.18432919954904
3023054300,2026-06-30,대전광역시,대덕구,송촌동,26650,4217,1474,421,1949,2268,15.823639774859288
3023054600,2026-06-30,대전광역시,대덕구,중리동,17394,4511,1658,403,2071,2440,25.93423019431988
3023055000,2026-06-30,대전광역시,대덕구,신탄진동,15844,3623,1359,343,1653,1970,22.866700328199947
3023056000,2026-06-30,대전광역시,대덕구,석봉동,15622,2407,786,213,1119,1288,15.407758289591603
3023057000,2026-06-30,대전광역시,대덕구,덕암동,12203,3009,1242,346,1342,1667,24.6578710153241
3023058000,2026-06-30,대전광역시,대덕구,목상동,5751,1017,358,84,470,547,17.683881064162755
3023060000,2026-06-30,대전광역시,대덕구,법1동,12018,3300,1300,355,1326,1974,27.45881178232651
3023061000,2026-06-30,대전광역시,대덕구,법2동,14178,4066,1460,385,1789,2277,28.678233883481454
3111051000,2026-06-30,울산광역시,중구,학성동,10560,3366,1366,277,1481,1885,31.874999999999996
3111052000,2026-06-30,울산광역시,중구,반구1동,15260,3528,1115,228,1643,1885,23.119266055045873
3111053000,2026-06-30,울산광역시,중구,반구2동,7890,2316,872,188,1055,1261,29.35361216730038
3111055500,2026-06-30,울산광역시,중구,복산동,20954,3580,1222,249,1595,1985,17.085043428462345
3111058500,2026-06-30,울산광역시,중구,중앙동,8925,3033,1141,231,1383,1650,33.983193277310924
3111059000,2026-06-30,울산광역시,중구,우정동,18521,4677,1708,410,2048,2629,25.252416176232384
3111060000,2026-06-30,울산광역시,중구,태화동,30831,5913,1893,370,2693,3220,19.17874866206091
3111061000,2026-06-30,울산광역시,중구,다운동,21372,6048,2173,508,2726,3322,28.298708590679393
3111062000,2026-06-30,울산광역시,중구,병영1동,19868,4793,1511,304,2205,2588,24.124219851016708
3111063000,2026-06-30,울산광역시,중구,병영2동,18710,4000,1254,270,1779,2221,21.378941742383752
3111064000,2026-06-30,울산광역시,중구,약사동,10354,1442,444,91,690,752,13.926984740197026
3111065000,2026-06-30,울산광역시,중구,성안동,19781,3446,1202,269,1587,1859,17.420757292351247
3114051000,2026-06-30,울산광역시,남구,신정1동,18645,4973,1755,359,2170,2803,26.672030034861894
3114052000,2026-06-30,울산광역시,남구,신정2동,25603,3879,1335,251,1827,2052,15.15056829277819
3114053000,2026-06-30,울산광역시,남구,신정3동,15382,3622,1226,286,1652,1970,23.547002990508386
3114054000,2026-06-30,울산광역시,남구,신정4동,19950,3594,1178,216,1646,1948,18.01503759398496
3114055000,2026-06-30,울산광역시,남구,신정5동,9131,1828,639,132,863,965,20.019713065381666
3114056000,2026-06-30,울산광역시,남구,달동,25741,5389,1696,422,2425,2964,20.935472592362377
3114057000,2026-06-30,울산광역시,남구,삼산동,47027,7021,1901,366,3486,3535,14.929721223977715
3114058500,2026-06-30,울산광역시,남구,삼호동,19669,4417,1448,341,2025,2392,22.456657684681478
3114059500,2026-06-30,울산광역시,남구,무거동,30404,4847,1556,349,2250,2597,15.9419813182476
3114060000,2026-06-30,울산광역시,남구,옥동,24557,4332,1231,253,2076,2256,17.64059127743617
3114062500,2026-06-30,울산광역시,남구,대현동,31818,4847,1607,300,2216,2631,15.233515620089259
3114063500,2026-06-30,울산광역시,남구,수암동,15385,2790,774,140,1324,1466,18.134546636334093
3114064000,2026-06-30,울산광역시,남구,선암동,12792,2960,871,173,1404,1556,23.139462163852407
3114067000,2026-06-30,울산광역시,남구,야음장생포동,8233,2399,898,184,1085,1314,29.138831531640957
3117051000,2026-06-30,울산광역시,동구,방어동,36396,7301,2241,420,3412,3889,20.05989669194417
3117052000,2026-06-30,울산광역시,동구,일산동,5062,1597,547,109,745,852,31.54879494271039
3117053000,2026-06-30,울산광역시,동구,화정동,17513,3807,1175,241,1767,2040,21.738137383657854
3117054000,2026-06-30,울산광역시,동구,대송동,10264,2220,579,98,1094,1126,21.62899454403741
3117055000,2026-06-30,울산광역시,동구,전하1동,15101,3135,1003,160,1494,1641,20.76021455532746
3117056000,2026-06-30,울산광역시,동구,전하2동,18765,3703,1030,185,1817,1886,19.733546496136427
3117058000,2026-06-30,울산광역시,동구,남목1동,7801,2221,690,130,1024,1197,28.470708883476476
3117059000,2026-06-30,울산광역시,동구,남목2동,26260,4213,1052,145,2037,2176,16.043412033511043
3117060000,2026-06-30,울산광역시,동구,남목3동,10594,2601,795,161,1216,1385,24.55163299981121
3120051000,2026-06-30,울산광역시,북구,농소1동,34935,5437,1748,380,2606,2831,15.5631887791613
3120052000,2026-06-30,울산광역시,북구,농소2동,41738,4965,1506,368,2304,2661,11.895634673439073
3120053000,2026-06-30,울산광역시,북구,농소3동,35030,4238,1527,393,1958,2280,12.098201541535825
3120054000,2026-06-30,울산광역시,북구,강동동,15811,2642,849,235,1292,1350,16.709885522737338
3120056000,2026-06-30,울산광역시,북구,효문동,28879,4347,1164,262,2149,2198,15.05246026524464
3120057000,2026-06-30,울산광역시,북구,송정동,35646,4262,1206,289,2106,2156,11.956460752959659
3120058000,2026-06-30,울산광역시,북구,양정동,12064,1570,441,101,758,812,13.01392572944297
3120059000,2026-06-30,울산광역시,북구,염포동,9582,2094,590,112,989,1105,21.853475266123983
3171025000,2026-06-30,울산광역시,울주군,온산읍,18483,3660,1256,304,1750,1910,19.801980198019802
3171025300,2026-06-30,울산광역시,울주군,언양읍,29079,6458,2261,611,3025,3433,22.208466591010694
3171025600,2026-06-30,울산광역시,울주군,온양읍,27734,5239,1847,486,2497,2742,18.89017090935314
3171025900,2026-06-30,울산광역시,울주군,범서읍,66839,10034,3229,802,4749,5285,15.012193479854577
3171026200,2026-06-30,울산광역시,울주군,청량읍,22056,4133,1364,329,1994,2139,18.73866521581429
3171026500,2026-06-30,울산광역시,울주군,삼남읍,21926,5444,1862,468,2540,2904,24.828970172398066
3171031000,2026-06-30,울산광역시,울주군,서생면,8370,2754,1046,274,1299,1455,32.903225806451616
3171034000,2026-06-30,울산광역시,울주군,웅촌면,7162,2853,1118,325,1334,1519,39.83524155263893
3171036000,2026-06-30,울산광역시,울주군,두동면,4203,1885,710,227,927,958,44.848917439923866
3171037000,2026-06-30,울산광역시,울주군,두서면,2889,1570,688,230,760,810,54.34406368985808
3171038000,2026-06-30,울산광역시,울주군,상북면,7860,3259,1229,351,1558,1701,41.463104325699746
3171040000,2026-06-30,울산광역시,울주군,삼동면,1684,879,372,116,429,450,52.197149643705465
3611025000,2026-06-30,세종특별자치시, ,조치원읍,41023,9141,3763,1091,4116,5025,22.282621943787632
3611031000,2026-06-30,세종특별자치시, ,연기면,2384,810,319,101,375,435,33.9765100671141
3611032000,2026-06-30,세종특별자치시, ,연동면,2604,1239,561,214,562,677,47.58064516129033
3611033000,2026-06-30,세종특별자치시, ,부강면,5156,1794,781,256,826,968,34.7944142746315
3611034000,2026-06-30,세종특별자치시, ,금남면,8015,3224,1445,476,1513,1711,40.22457891453525
3611035000,2026-06-30,세종특별자치시, ,장군면,6552,1881,742,252,922,959,28.708791208791208
3611036000,2026-06-30,세종특별자치시, ,연서면,6322,2477,1161,395,1154,1323,39.180639038279025
3611037000,2026-06-30,세종특별자치시, ,전의면,4742,1911,904,321,878,1033,40.299451708140026
3611038000,2026-06-30,세종특별자치시, ,전동면,2911,1416,624,198,683,733,48.643077980075574
3611039000,2026-06-30,세종특별자치시, ,소정면,1865,727,333,117,331,396,38.98123324396783
3611051000,2026-06-30,세종특별자치시, ,한솔동,17646,1684,571,142,793,891,9.543239261022327
3611051500,2026-06-30,세종특별자치시,,새롬동,26257,1996,527,133,922,1074,7.601782381841033
3611051800,2026-06-30,세종특별자치시, ,나성동,12980,544,169,52,249,295,4.191063174114022
3611052000,2026-06-30,세종특별자치시, ,도담동,24406,2750,1006,248,1200,1550,11.26772105220028
3611052300,2026-06-30,세종특별자치시, ,어진동,11202,517,141,38,229,288,4.615247277271916
3611052500,2026-06-30,세종특별자치시, ,해밀동,24089,1139,344,82,511,628,4.728299223712068
3611053000,2026-06-30,세종특별자치시, ,아름동,22892,1755,514,116,819,936,7.666433688624847
3611054000,2026-06-30,세종특별자치시, ,종촌동,27232,2900,935,211,1264,1636,10.649236192714454
3611055000,2026-06-30,세종특별자치시, ,고운동,35172,3397,961,201,1561,1836,9.658250881382918
3611055500,2026-06-30,세종특별자치시,,소담동,21401,1838,505,96,852,986,8.588383720386899
3611055600,2026-06-30,세종특별자치시,,반곡동,28525,1622,398,99,751,871,5.68624014022787
3611056000,2026-06-30,세종특별자치시, ,보람동,18684,1685,456,103,800,885,9.018411475058874
3611057000,2026-06-30,세종특별자치시,,대평동,11019,1160,321,86,517,643,10.527271077230239
3611058000,2026-06-30,세종특별자치시,,다정동,27844,2264,611,135,990,1274,8.131015658669732
4111156000,2026-06-30,경기도,수원시 장안구,파장동,24541,5374,2048,578,2366,3008,21.898048164296483
4111156600,2026-06-30,경기도,수원시 장안구,율천동,39370,5743,2084,583,2636,3107,14.587249174498348
4111157100,2026-06-30,경기도,수원시 장안구,정자1동,33216,5359,2015,551,2306,3053,16.133790944123312
4111157200,2026-06-30,경기도,수원시 장안구,정자2동,38138,6209,2531,682,2631,3578,16.28035030678064
4111157300,2026-06-30,경기도,수원시 장안구,정자3동,38123,4501,1683,513,2086,2415,11.806520997822837
4111158000,2026-06-30,경기도,수원시 장안구,영화동,17643,5289,2010,495,2403,2886,29.97789491583064
4111159100,2026-06-30,경기도,수원시 장안구,송죽동,17892,3969,1455,405,1757,2212,22.183098591549296
4111159700,2026-06-30,경기도,수원시 장안구,조원1동,27094,6306,2494,664,2838,3468,23.274525725252822
4111159800,2026-06-30,경기도,수원시 장안구,조원2동,17063,3599,1534,544,1659,1940,21.092422200082048
4111160000,2026-06-30,경기도,수원시 장안구,연무동,16904,4531,1904,526,1964,2567,26.804306672976807
4111352000,2026-06-30,경기도,수원시 권선구,세류1동,9504,1909,732,163,849,1060,20.08627946127946
4111353000,2026-06-30,경기도,수원시 권선구,세류2동,21789,5105,1913,474,2315,2790,23.42925329294598
4111354000,2026-06-30,경기도,수원시 권선구,세류3동,16862,4213,1618,391,1921,2292,24.985173763491876
4111355000,2026-06-30,경기도,수원시 권선구,평동,40897,7880,2802,774,3574,4306,19.267916962124364
4111356000,2026-06-30,경기도,수원시 권선구,서둔동,36589,7554,2654,630,3357,4197,20.645549208778593
4111365000,2026-06-30,경기도,수원시 권선구,구운동,22441,4952,1710,477,2260,2692,22.06675281850185
4111366200,2026-06-30,경기도,수원시 권선구,금곡동,44262,6865,2504,642,3041,3824,15.509918214269577
4111366400,2026-06-30,경기도,수원시 권선구,호매실동,43689,5722,1886,464,2567,3155,13.097118267756185
4111367000,2026-06-30,경기도,수원시 권선구,권선1동,23936,4012,1299,299,1893,2119,16.761363636363637
4111368000,2026-06-30,경기도,수원시 권선구,권선2동,46151,6504,1870,464,2993,3511,14.092869060258717
4111369000,2026-06-30,경기도,수원시 권선구,곡선동,34505,3796,1145,327,1883,1913,11.001304158817563
4111370000,2026-06-30,경기도,수원시 권선구,입북동,19661,2982,1001,259,1409,1573,15.167082040587964
4111565000,2026-06-30,경기도,수원시 팔달구,매교동,21789,2688,1020,270,1178,1510,12.336500068842076
4111566000,2026-06-30,경기도,수원시 팔달구,매산동,9795,2376,874,206,1141,1235,24.2572741194487
4111567000,2026-06-30,경기도,수원시 팔달구,고등동,19110,3460,1376,315,1539,1921,18.105703819989536
4111568000,2026-06-30,경기도,수원시 팔달구,화서1동,20359,4870,1913,470,2131,2739,23.92062478510732
4111569000,2026-06-30,경기도,수원시 팔달구,화서2동,23685,3989,1467,418,1858,2131,16.841883048342833
4111570000,2026-06-30,경기도,수원시 팔달구,지동,11298,3398,1370,362,1473,1925,30.07611966719773
4111571000,2026-06-30,경기도,수원시 팔달구,우만1동,17791,4473,1775,442,1823,2650,25.141925692766005
4111572000,2026-06-30,경기도,수원시 팔달구,우만2동,15422,2448,918,255,1048,1400,15.873427571002463
4111573000,2026-06-30,경기도,수원시 팔달구,인계동,45225,6335,2309,644,2806,3529,14.007739082365948
4111574000,2026-06-30,경기도,수원시 팔달구,행궁동,8927,2725,1165,302,1269,1456,30.525372465553936
4111751000,2026-06-30,경기도,수원시 영통구,매탄1동,10051,1737,647,133,786,951,17.28186250124366
4111752000,2026-06-30,경기도,수원시 영통구,매탄2동,13283,2686,972,246,1225,1461,20.221335541669806
4111753000,2026-06-30,경기도,수원시 영통구,매탄3동,33729,4227,1527,450,1897,2330,12.532242284087877
4111754000,2026-06-30,경기도,수원시 영통구,매탄4동,19239,3521,1226,325,1491,2030,18.301367014917616
4111755000,2026-06-30,경기도,수원시 영통구,원천동,45513,4960,1750,445,2183,2777,10.897985191044317
4111757000,2026-06-30,경기도,수원시 영통구,영통1동,32302,3830,1380,406,1705,2125,11.85685096898025
4111758000,2026-06-30,경기도,수원시 영통구,영통2동,25012,1833,712,218,801,1032,7.328482328482329
4111758500,2026-06-30,경기도,수원시 영통구,영통3동,31282,3152,1045,334,1560,1592,10.076082091937856
4111759300,2026-06-30,경기도,수원시 영통구,망포1동,31243,3203,1030,297,1525,1678,10.251896424799154
4111759600,2026-06-30,경기도,수원시 영통구,망포2동,38209,2386,688,177,1108,1278,6.244602057106964
4111760000,2026-06-30,경기도,수원시 영통구,광교1동,53864,4266,1348,331,2090,2176,7.919946532006534
4111761000,2026-06-30,경기도,수원시 영통구,광교2동,28372,3845,1328,333,1676,2169,13.552093613421684
4113151000,2026-06-30,경기도,성남시 수정구,신흥1동,11914,3212,1155,268,1413,1799,26.959879133792175
4113152000,2026-06-30,경기도,성남시 수정구,신흥2동,31566,5467,1782,357,2509,2958,17.31926756636888
4113153000,2026-06-30,경기도,성남시 수정구,신흥3동,10616,2682,1008,208,1271,1411,25.263752825923135
4113154000,2026-06-30,경기도,성남시 수정구,태평1동,13475,3695,1565,358,1623,2072,27.421150278293133
4113155000,2026-06-30,경기도,성남시 수정구,태평2동,13560,3465,1417,353,1492,1973,25.55309734513274
4113156000,2026-06-30,경기도,성남시 수정구,태평3동,11457,3128,1158,264,1405,1723,27.302086060923454
4113156100,2026-06-30,경기도,성남시 수정구,태평4동,10767,2701,1112,282,1197,1504,25.085910652920962
4113157000,2026-06-30,경기도,성남시 수정구,수진1동,10605,3239,1181,253,1458,1781,30.54219707685054
4113158000,2026-06-30,경기도,성남시 수정구,수진2동,14273,4123,1631,350,1873,2250,28.886709171162334
4113159000,2026-06-30,경기도,성남시 수정구,단대동,14090,3415,1345,322,1473,1942,24.237047551454932
4113160000,2026-06-30,경기도,성남시 수정구,산성동,4367,1155,488,100,489,666,26.448362720403022
4113161000,2026-06-30,경기도,성남시 수정구,양지동,8866,2270,921,213,987,1283,25.60342882923528
4113162000,2026-06-30,경기도,성남시 수정구,복정동,13753,1552,558,116,728,824,11.284810586781067
4113162500,2026-06-30,경기도,성남시 수정구,위례동,45104,7504,2404,603,3455,4049,16.6371053565094
4113163000,2026-06-30,경기도,성남시 수정구,신촌동,4932,654,216,54,306,348,13.260340632603407
4113164000,2026-06-30,경기도,성남시 수정구,고등동,11688,1841,647,124,842,999,15.75119780971937
4113165000,2026-06-30,경기도,성남시 수정구,시흥동,3606,762,295,71,371,391,21.13144758735441
4113351000,2026-06-30,경기도,성남시 중원구,성남동,31834,7390,2960,722,3397,3993,23.214173525161776
4113352500,2026-06-30,경기도,성남시 중원구,중앙동,16519,3345,1274,258,1539,1806,20.249409770567226
4113353000,2026-06-30,경기도,성남시 중원구,금광1동,19629,3052,958,238,1386,1666,15.548423251311835
4113354000,2026-06-30,경기도,성남시 중원구,금광2동,22801,5414,1951,427,2417,2997,23.74457260646463
4113355000,2026-06-30,경기도,성남시 중원구,은행1동,9296,2009,763,190,875,1134,21.61144578313253
4113356000,2026-06-30,경기도,성남시 중원구,은행2동,18717,5037,2042,492,2158,2879,26.91136400064113
4113357000,2026-06-30,경기도,성남시 중원구,상대원1동,22297,5532,1950,445,2497,3035,24.810512625016816
4113358000,2026-06-30,경기도,성남시 중원구,상대원2동,2875,765,263,58,372,393,26.608695652173914
4113359000,2026-06-30,경기도,성남시 중원구,상대원3동,11041,3097,1110,238,1486,1611,28.049995471424687
4113366000,2026-06-30,경기도,성남시 중원구,하대원동,19480,4606,1478,356,2173,2433,23.64476386036961
4113367000,2026-06-30,경기도,성남시 중원구,도촌동,25575,4902,1844,476,2159,2743,19.167155425219942
4113551000,2026-06-30,경기도,성남시 분당구,분당동,24368,4519,1751,523,2073,2446,18.544812869336834
4113552000,2026-06-30,경기도,성남시 분당구,수내1동,17897,2616,1305,479,1072,1544,14.616974911996424
4113553000,2026-06-30,경기도,성남시 분당구,수내2동,10261,1270,592,180,579,691,12.376961309813858
4113554000,2026-06-30,경기도,성남시 분당구,수내3동,13204,1629,594,158,742,887,12.33717055437746
4113554500,2026-06-30,경기도,성남시 분당구,정자동,13707,2432,994,266,1146,1286,17.7427591741446
4113555000,2026-06-30,경기도,성남시 분당구,정자1동,30320,4459,2182,716,2058,2401,14.70646437994723
4113556000,2026-06-30,경기도,성남시 분당구,정자2동,12624,2654,1268,416,1042,1612,21.023447401774398
4113557000,2026-06-30,경기도,성남시 분당구,정자3동,16508,2620,1223,445,1132,1488,15.871092803489217
4113558000,2026-06-30,경기도,성남시 분당구,서현1동,30508,4629,1977,627,2128,2501,15.173069358856694
4113559000,2026-06-30,경기도,성남시 분당구,서현2동,17161,2911,1042,326,1358,1553,16.96288095099353
4113560000,2026-06-30,경기도,성남시 분당구,이매1동,24471,4089,1661,477,1878,2211,16.70957459850435
4113561000,2026-06-30,경기도,성남시 분당구,이매2동,12782,2476,957,279,1205,1271,19.370990455327807
4113562000,2026-06-30,경기도,성남시 분당구,야탑1동,16499,3556,1410,366,1643,1913,21.55282138311413
4113563000,2026-06-30,경기도,성남시 분당구,야탑2동,15494,3644,1521,452,1658,1986,23.518781463792436
4113564000,2026-06-30,경기도,성남시 분당구,야탑3동,26567,5662,2061,530,2481,3181,21.312154176233676
4113565000,2026-06-30,경기도,성남시 분당구,판교동,26293,3163,1065,285,1533,1630,12.029817822234055
4113565500,2026-06-30,경기도,성남시 분당구,삼평동,23486,3322,1122,298,1508,1814,14.144596781061058
4113565700,2026-06-30,경기도,성남시 분당구,백현동,26145,4307,1481,368,1921,2386,16.473513100019126
4113566200,2026-06-30,경기도,성남시 분당구,금곡동,26646,5901,2572,812,2554,3347,22.145913082639048
4113566500,2026-06-30,경기도,성남시 분당구,구미1동,16069,2930,1224,357,1334,1596,18.233866450930364
4113567000,2026-06-30,경기도,성남시 분당구,구미동,27830,6290,2895,976,2765,3525,22.601509162773986
4113568000,2026-06-30,경기도,성남시 분당구,운중동,38801,4784,1463,385,2279,2505,12.329579134558388
4115051000,2026-06-30,경기도,의정부시,의정부1동,38049,6812,2474,658,3115,3697,17.903230045467687
4115052000,2026-06-30,경기도,의정부시,의정부2동,29579,6230,2449,581,2737,3493,21.06224010277562
4115054500,2026-06-30,경기도,의정부시,호원1동,33078,9099,4043,945,3986,5113,27.50770905133321
4115055500,2026-06-30,경기도,의정부시,호원2동,32321,8132,3669,972,3472,4660,25.160112620277836
4115056100,2026-06-30,경기도,의정부시,장암동,18227,4755,2027,558,2011,2744,26.08767213474516
4115056700,2026-06-30,경기도,의정부시,신곡1동,41226,9189,3406,916,4163,5026,22.289331974967254
4115056800,2026-06-30,경기도,의정부시,신곡2동,43486,9505,3564,965,4152,5353,21.857609345536495
4115057300,2026-06-30,경기도,의정부시,송산1동,31377,6210,2339,698,2694,3516,19.791567071421742
4115057600,2026-06-30,경기도,의정부시,송산2동,30696,5398,2356,666,2364,3034,17.58535314047433
4115057800,2026-06-30,경기도,의정부시,송산3동,44544,6211,2207,595,2670,3541,13.943516522988505
4115058000,2026-06-30,경기도,의정부시,자금동,26458,6015,2431,715,2636,3379,22.734144682137728
4115059500,2026-06-30,경기도,의정부시,가능동,25663,6672,2626,694,2981,3691,25.99851926898648
4115061500,2026-06-30,경기도,의정부시,흥선동,17764,4251,1692,444,1929,2322,23.93042107633416
4115062000,2026-06-30,경기도,의정부시,녹양동,18730,4731,1851,508,2047,2684,25.25894287239722
4115063000,2026-06-30,경기도,의정부시,고산동,30719,3188,1024,266,1525,1663,10.377941990299163
4117151000,2026-06-30,경기도,안양시 만안구,안양1동,18887,3396,1158,255,1579,1817,17.980621591570923
4117152000,2026-06-30,경기도,안양시 만안구,안양2동,22069,5101,1895,481,2373,2728,23.113870134577915
4117153000,2026-06-30,경기도,안양시 만안구,안양3동,14673,3949,1383,316,1735,2214,26.913378313909902
4117154000,2026-06-30,경기도,안양시 만안구,안양4동,6606,1851,794,237,805,1046,28.019981834695727
4117155000,2026-06-30,경기도,안양시 만안구,안양5동,14560,3226,1291,368,1392,1834,22.156593406593405
4117156000,2026-06-30,경기도,안양시 만안구,안양6동,27170,4960,1734,441,2266,2694,18.25542878174457
4117157000,2026-06-30,경기도,안양시 만안구,안양7동,14611,2345,846,226,1036,1309,16.04955170761755
4117158000,2026-06-30,경기도,안양시 만안구,안양8동,7804,2221,751,178,1014,1207,28.459764223475144
4117158100,2026-06-30,경기도,안양시 만안구,안양9동,15493,4538,1707,425,2035,2503,29.29064738914348
4117159000,2026-06-30,경기도,안양시 만안구,석수1동,18106,4523,1673,436,2107,2416,24.980669391361978
4117160000,2026-06-30,경기도,안양시 만안구,석수2동,29063,6810,2623,704,3086,3724,23.43185493582906
4117161100,2026-06-30,경기도,안양시 만안구,충훈동,11557,2751,935,251,1274,1477,23.80375529981829
4117164000,2026-06-30,경기도,안양시 만안구,박달동,13220,3839,1538,397,1695,2144,29.039334341906205
4117165000,2026-06-30,경기도,안양시 만안구,호현동,19892,3667,1152,297,1733,1934,18.434546551377437
4117351000,2026-06-30,경기도,안양시 동안구,비산1동,28103,4896,1518,398,2263,2633,17.421627584243677
4117352000,2026-06-30,경기도,안양시 동안구,비산2동,12899,2190,743,179,1024,1166,16.978060314753083
4117353000,2026-06-30,경기도,안양시 동안구,비산3동,17839,3541,1216,323,1602,1939,19.84976736364146
4117354000,2026-06-30,경기도,안양시 동안구,부흥동,15778,3087,1136,298,1306,1781,19.565217391304348
4117354600,2026-06-30,경기도,안양시 동안구,달안동,9346,1922,782,256,667,1255,20.564947571153436
4117355200,2026-06-30,경기도,안양시 동안구,관양동,31816,8031,2829,741,3539,4492,25.24201659542369
4117355900,2026-06-30,경기도,안양시 동안구,인덕원동,17902,3431,1285,322,1591,1840,19.165456373589542
4117356600,2026-06-30,경기도,안양시 동안구,부림동,26430,3669,1349,426,1557,2112,13.881952326901247
4117357000,2026-06-30,경기도,안양시 동안구,평촌동,14764,2295,802,262,1078,1217,15.544567867786508
4117357600,2026-06-30,경기도,안양시 동안구,평안동,22269,2704,952,321,1190,1514,12.142440163455925
4117357800,2026-06-30,경기도,안양시 동안구,귀인동,15937,1833,695,223,845,988,11.501537303131078
4117358000,2026-06-30,경기도,안양시 동안구,호계1동,27070,2777,802,188,1283,1494,10.258588843738456
4117359000,2026-06-30,경기도,안양시 동안구,호계2동,27199,4478,1396,332,2031,2447,16.463840582374353
4117360000,2026-06-30,경기도,안양시 동안구,호계3동,23894,4331,1283,356,2119,2212,18.12588934460534
4117361000,2026-06-30,경기도,안양시 동안구,범계동,14892,2239,874,297,983,1256,15.03491807681977
4117362000,2026-06-30,경기도,안양시 동안구,신촌동,12186,2132,676,171,1004,1128,17.49548662399475
4117363000,2026-06-30,경기도,안양시 동안구,갈산동,10270,2050,746,211,956,1094,19.961051606621226
4119251000,2026-06-30,경기도,부천시 원미구,심곡1동,11921,2626,916,201,1206,1420,22.02835332606325
4119252000,2026-06-30,경기도,부천시 원미구,심곡2동,18229,3446,1210,305,1575,1871,18.903944264633278
4119253000,2026-06-30,경기도,부천시 원미구,심곡3동,10570,2499,865,182,1160,1339,23.642384105960264
4119254000,2026-06-30,경기도,부천시 원미구,원미1동,16171,3768,1278,292,1696,2072,23.300970873786408
4119255000,2026-06-30,경기도,부천시 원미구,원미2동,10965,3223,1166,266,1438,1785,29.393524851801185
4119256000,2026-06-30,경기도,부천시 원미구,소사동,5763,1942,778,193,801,1141,33.69772687836197
4119257000,2026-06-30,경기도,부천시 원미구,역곡1동,15976,4155,1549,372,1862,2293,26.007761642463695
4119258000,2026-06-30,경기도,부천시 원미구,역곡2동,16220,3980,1485,387,1697,2283,24.537607891491987
4119259000,2026-06-30,경기도,부천시 원미구,춘의동,13324,3300,1199,307,1482,1818,24.767337135995195
4119260000,2026-06-30,경기도,부천시 원미구,도당동,19630,4138,1298,327,1947,2191,21.07997962302598
4119261000,2026-06-30,경기도,부천시 원미구,약대동,16912,3048,834,190,1479,1569,18.022705771050145
4119262000,2026-06-30,경기도,부천시 원미구,중동,21046,4439,1432,367,2003,2436,21.091893946593178
4119263000,2026-06-30,경기도,부천시 원미구,중1동,40376,5974,1637,443,2879,3095,14.795918367346939
4119264000,2026-06-30,경기도,부천시 원미구,중2동,29125,6186,1855,480,2910,3276,21.239484978540773
4119265000,2026-06-30,경기도,부천시 원미구,중3동,21529,4584,1618,454,2025,2559,21.292210506758327
4119266000,2026-06-30,경기도,부천시 원미구,중4동,16480,3530,1210,315,1521,2009,21.419902912621357
4119267000,2026-06-30,경기도,부천시 원미구,상동,17345,4193,1520,446,1945,2248,24.17411357739983
4119268000,2026-06-30,경기도,부천시 원미구,상1동,23282,4675,1493,392,2095,2580,20.079890043810668
4119269000,2026-06-30,경기도,부천시 원미구,상2동,27525,3529,1086,335,1689,1840,12.821071752951863
4119270000,2026-06-30,경기도,부천시 원미구,상3동,29950,4009,1140,338,2008,2001,13.385642737896495
4119451000,2026-06-30,경기도,부천시 소사구,심곡본1동,15037,4238,1598,389,1893,2345,28.183813260623797
4119452000,2026-06-30,경기도,부천시 소사구,심곡본동,13845,4101,1610,391,1821,2280,29.62080173347779
4119453000,2026-06-30,경기도,부천시 소사구,소사본동,25844,6169,2142,504,2778,3391,23.870143940566475
4119454000,2026-06-30,경기도,부천시 소사구,소사본1동,27169,6870,2297,541,3137,3733,25.286171739850566
4119455000,2026-06-30,경기도,부천시 소사구,범박동,28267,4191,1319,337,1945,2246,14.826476102876146
4119456000,2026-06-30,경기도,부천시 소사구,옥길동,30935,4109,1369,301,1910,2199,13.282689510263456
4119457000,2026-06-30,경기도,부천시 소사구,괴안동,18073,4530,1670,503,2015,2515,25.065014109445027
4119458000,2026-06-30,경기도,부천시 소사구,역곡3동,21818,5665,2140,527,2406,3259,25.96479970666422
4119459000,2026-06-30,경기도,부천시 소사구,송내1동,19655,4689,1574,377,2093,2596,23.85652505723734
4119460000,2026-06-30,경기도,부천시 소사구,송내2동,23559,5201,1803,474,2295,2906,22.07648881531474
4119651000,2026-06-30,경기도,부천시 오정구,성곡동,36983,8753,2951,817,4011,4742,23.66763107373658
4119652000,2026-06-30,경기도,부천시 오정구,원종1동,23795,4952,1686,459,2204,2748,20.811094767808363
4119653000,2026-06-30,경기도,부천시 오정구,원종2동,17068,3820,1322,363,1682,2138,22.381063979376613
4119654000,2026-06-30,경기도,부천시 오정구,고강본동,24571,6034,2282,578,2630,3404,24.55740507101868
4119655000,2026-06-30,경기도,부천시 오정구,고강1동,11800,3033,1083,282,1336,1697,25.70338983050847
4119656000,2026-06-30,경기도,부천시 오정구,오정동,18326,4113,1276,301,1929,2184,22.44352286369093
4119657000,2026-06-30,경기도,부천시 오정구,신흥동,16369,3651,1156,267,1684,1967,22.304355794489584
4121051000,2026-06-30,경기도,광명시,광명1동,16103,1729,516,101,778,951,10.737129727379992
4121052000,2026-06-30,경기도,광명시,광명2동,7052,1452,540,107,624,828,20.589903573454336
4121054000,2026-06-30,경기도,광명시,광명3동,8886,2904,1131,269,1184,1720,32.68062120189062
4121055000,2026-06-30,경기도,광명시,광명4동,7122,2321,944,187,1022,1299,32.589160348216794
4121056000,2026-06-30,경기도,광명시,광명5동,11276,2899,1096,263,1267,1632,25.70947144377439
4121057000,2026-06-30,경기도,광명시,광명6동,12410,2553,906,202,1148,1405,20.57211925866237
4121058000,2026-06-30,경기도,광명시,광명7동,25172,4763,1633,364,2099,2664,18.92181789289687
4121059000,2026-06-30,경기도,광명시,철산1동,9888,1604,538,133,738,866,16.22168284789644
4121060000,2026-06-30,경기도,광명시,철산2동,19111,2956,851,198,1443,1513,15.467531787975512
4121061000,2026-06-30,경기도,광명시,철산3동,35116,5673,1903,508,2640,3033,16.15502904658845
4121062000,2026-06-30,경기도,광명시,철산4동,8877,1333,501,106,573,760,15.016334347189368
4121063100,2026-06-30,경기도,광명시,하안1동,24128,4437,1532,400,2050,2387,18.389423076923077
4121063200,2026-06-30,경기도,광명시,하안2동,12375,2661,1093,388,982,1679,21.503030303030304
4121063300,2026-06-30,경기도,광명시,하안3동,17929,4242,1810,547,1624,2618,23.65999219142172
4121063400,2026-06-30,경기도,광명시,하안4동,11175,1818,651,176,748,1070,16.268456375838927
4121064000,2026-06-30,경기도,광명시,소하1동,28933,5199,1792,420,2294,2905,17.96910102650952
4121065000,2026-06-30,경기도,광명시,소하2동,25401,6156,2307,541,2687,3469,24.235266328097318
4121065500,2026-06-30,경기도,광명시,일직동,21094,1744,398,118,866,878,8.267753863657912
4121066000,2026-06-30,경기도,광명시,학온동,1618,677,259,101,346,331,41.84177997527812
4122025000,2026-06-30,경기도,평택시,팽성읍,26999,7787,3359,1001,3439,4348,28.841808955887256
4122025300,2026-06-30,경기도,평택시,안중읍,40712,6567,2612,785,2974,3593,16.13037924936137
4122025600,2026-06-30,경기도,평택시,포승읍,21171,3988,1482,415,1995,1993,18.837088470076992
4122025900,2026-06-30,경기도,평택시,청북읍,25892,3595,1354,397,1716,1879,13.88459755909161
4122031000,2026-06-30,경기도,평택시,진위면,10639,3015,1229,327,1418,1597,28.339129617445245
4122032000,2026-06-30,경기도,평택시,서탄면,3300,1263,550,170,604,659,38.27272727272727
4122033000,2026-06-30,경기도,평택시,고덕면,12812,2555,1021,288,1193,1362,19.942241648454573
4122034000,2026-06-30,경기도,평택시,오성면,5987,2095,893,298,966,1129,34.99248371471522
4122037000,2026-06-30,경기도,평택시,현덕면,15865,2724,1097,332,1293,1431,17.169870784746298
4122051000,2026-06-30,경기도,평택시,중앙동,45272,7423,2820,785,3205,4218,16.396448135713023
4122052000,2026-06-30,경기도,평택시,서정동,24537,5086,2023,545,2140,2946,20.72788034397033
4122053500,2026-06-30,경기도,평택시,송탄동,25172,2780,887,253,1350,1430,11.04401716192595
4122055000,2026-06-30,경기도,평택시,지산동,12157,1926,782,191,839,1087,15.84272435633791
4122056000,2026-06-30,경기도,평택시,송북동,20334,4336,1655,443,1875,2461,21.32389101996656
4122057000,2026-06-30,경기도,평택시,신장1동,6636,1272,588,196,518,754,19.168173598553345
4122058000,2026-06-30,경기도,평택시,신장2동,4581,1426,681,198,614,812,31.12857454704213
4122059000,2026-06-30,경기도,평택시,신평동,19418,4205,1699,445,1892,2313,21.655165310536614
4122060000,2026-06-30,경기도,평택시,원평동,12627,2622,1053,295,1141,1481,20.76502732240437
4122061000,2026-06-30,경기도,평택시,통복동,6745,1342,528,142,603,739,19.89621942179392
4122062000,2026-06-30,경기도,평택시,비전1동,50406,6770,2408,642,3054,3716,13.430940761020512
4122063000,2026-06-30,경기도,평택시,비전2동,55821,8002,2813,733,3575,4427,14.335106859425665
4122063500,2026-06-30,경기도,평택시,용이동,25412,2100,646,166,998,1102,8.263812372107665
4122064000,2026-06-30,경기도,평택시,세교동,37460,4844,1711,496,2175,2669,12.931126534970636
4122065000,2026-06-30,경기도,평택시,동삭동,43388,2907,850,200,1342,1565,6.7000092191389315
4122066000,2026-06-30,경기도,평택시,고덕동,66327,2902,770,187,1371,1531,4.375292113317352
4125051000,2026-06-30,경기도,동두천시,생연1동,5982,1921,845,253,854,1067,32.11300568371782
4125052000,2026-06-30,경기도,동두천시,생연2동,10465,3136,1486,423,1285,1851,29.966555183946486
4125053500,2026-06-30,경기도,동두천시,중앙동,4240,1779,817,268,783,996,41.95754716981132
4125055000,2026-06-30,경기도,동두천시,보산동,2503,880,399,121,401,479,35.15781062724731
4125056500,2026-06-30,경기도,동두천시,불현동,25096,6611,2800,795,2923,3688,26.342843481032833
4125056600,2026-06-30,경기도,동두천시,송내동,25461,5526,2493,711,2270,3256,21.70378225521386
4125058000,2026-06-30,경기도,동두천시,소요동,8051,2935,1291,368,1378,1557,36.45509874549745
4125060000,2026-06-30,경기도,동두천시,상패동,4467,1615,733,216,767,848,36.15401835683904
4127151000,2026-06-30,경기도,안산시 상록구,일동,22086,4221,1666,454,1891,2330,19.11165444172779
4127151500,2026-06-30,경기도,안산시 상록구,이동,22230,4107,1560,442,1943,2164,18.47503373819163
4127152500,2026-06-30,경기도,안산시 상록구,사동,28697,5262,2249,889,2266,2996,18.336411471582394
4127153200,2026-06-30,경기도,안산시 상록구,사이동,29510,4943,1618,474,2264,2679,16.75025415113521
4127153700,2026-06-30,경기도,안산시 상록구,해양동,39152,4174,1011,249,2147,2027,10.661013485901103
4127154000,2026-06-30,경기도,안산시 상록구,본오1동,33820,5698,2097,578,2615,3083,16.848018923713777
4127155000,2026-06-30,경기도,안산시 상록구,본오2동,23639,4503,1736,503,2026,2477,19.049029146749017
4127156000,2026-06-30,경기도,안산시 상록구,본오3동,17620,3611,1393,400,1639,1972,20.493757094211123
4127157000,2026-06-30,경기도,안산시 상록구,부곡동,19691,3673,1316,392,1688,1985,18.653191813518866
4127158000,2026-06-30,경기도,안산시 상록구,월피동,34601,6080,1993,602,2857,3223,17.57174648131557
4127159000,2026-06-30,경기도,안산시 상록구,성포동,23972,4806,1422,410,2248,2558,20.0483897880861
4127160000,2026-06-30,경기도,안산시 상록구,반월동,17778,4950,1877,448,2265,2685,27.843401957475532
4127161000,2026-06-30,경기도,안산시 상록구,안산동,7977,2277,778,195,1080,1197,28.544565626175256
4127351000,2026-06-30,경기도,안산시 단원구,와동,34758,5675,1967,510,2581,3094,16.32717647735773
4127352500,2026-06-30,경기도,안산시 단원구,고잔동,19414,3528,1243,342,1526,2002,18.172452869063562
4127353200,2026-06-30,경기도,안산시 단원구,중앙동,23517,3413,930,238,1634,1779,14.512905557681677
4127353500,2026-06-30,경기도,안산시 단원구,호수동,41488,5780,1567,503,3006,2774,13.931739298110296
4127354500,2026-06-30,경기도,안산시 단원구,원곡동,5377,1553,652,155,761,792,28.882276362283804
4127355500,2026-06-30,경기도,안산시 단원구,백운동,23709,3953,1127,235,1903,2050,16.672993378042094
4127356500,2026-06-30,경기도,안산시 단원구,신길동,20231,3852,1175,288,1858,1994,19.040086995205378
4127357000,2026-06-30,경기도,안산시 단원구,초지동,46057,7141,2586,840,3167,3974,15.504700696962459
4127358000,2026-06-30,경기도,안산시 단원구,선부1동,16491,2958,940,275,1322,1636,17.937056576314355
4127359000,2026-06-30,경기도,안산시 단원구,선부2동,16950,2818,943,252,1394,1424,16.625368731563423
4127360000,2026-06-30,경기도,안산시 단원구,선부3동,31323,5036,1471,417,2374,2662,16.07764262682374
4127361000,2026-06-30,경기도,안산시 단원구,대부동,9152,3643,1328,393,1773,1870,39.80550699300699
4128151000,2026-06-30,경기도,고양시 덕양구,주교동,10113,2853,1106,330,1299,1554,28.211213289824975
4128152000,2026-06-30,경기도,고양시 덕양구,원신동,22278,4469,1652,401,1974,2495,20.060149025944877
4128153000,2026-06-30,경기도,고양시 덕양구,흥도동,29367,4365,1562,400,1971,2394,14.863622433343549
4128154000,2026-06-30,경기도,고양시 덕양구,성사1동,23675,5434,2126,651,2357,3077,22.95248152059134
4128155000,2026-06-30,경기도,고양시 덕양구,성사2동,10101,2866,1266,398,1222,1644,28.37342837342837
4128156000,2026-06-30,경기도,고양시 덕양구,효자동,26307,3233,1231,313,1484,1749,12.289504694567986
4128157600,2026-06-30,경기도,고양시 덕양구,삼송1동,22180,3259,1228,305,1527,1732,14.69341749323715
4128157700,2026-06-30,경기도,고양시 덕양구,삼송2동,27866,5566,2388,619,2318,3248,19.97416206129333
4128158000,2026-06-30,경기도,고양시 덕양구,창릉동,22708,3246,1203,306,1469,1777,14.294521754447773
4128159000,2026-06-30,경기도,고양시 덕양구,고양동,26927,7002,2971,814,3113,3889,26.003639469677275
4128160000,2026-06-30,경기도,고양시 덕양구,관산동,32905,9764,3832,1045,4387,5377,29.6733019297979
4128161000,2026-06-30,경기도,고양시 덕양구,능곡동,16886,3662,1351,382,1737,1925,21.686604287575506
4128162100,2026-06-30,경기도,고양시 덕양구,화정1동,34696,7687,3436,1141,3379,4308,22.155291676273922
4128162200,2026-06-30,경기도,고양시 덕양구,화정2동,31254,5589,2450,829,2425,3164,17.882511038587058
4128163000,2026-06-30,경기도,고양시 덕양구,행주동,11690,3243,1275,389,1539,1704,27.741659538066727
4128164000,2026-06-30,경기도,고양시 덕양구,행신1동,19679,4382,1669,499,1928,2454,22.26739163575385
4128165000,2026-06-30,경기도,고양시 덕양구,행신2동,29213,5722,2357,763,2510,3212,19.587170095505428
4128165500,2026-06-30,경기도,고양시 덕양구,행신3동,22024,4364,1816,614,1902,2462,19.814747548129315
4128165600,2026-06-30,경기도,고양시 덕양구,행신4동,18588,4305,1621,510,1892,2413,23.160103292446742
4128166000,2026-06-30,경기도,고양시 덕양구,화전동,27674,3780,1355,382,1724,2056,13.659030136590303
4128167000,2026-06-30,경기도,고양시 덕양구,대덕동,16917,1616,578,149,783,833,9.55252113258852
4128551000,2026-06-30,경기도,고양시 일산동구,식사동,40217,5198,1889,592,2383,2815,12.924882512370392
4128552500,2026-06-30,경기도,고양시 일산동구,중산1동,19790,5106,2107,756,2263,2843,25.800909550277918
4128552600,2026-06-30,경기도,고양시 일산동구,중산2동,22672,4554,1759,542,1945,2609,20.086450247000705
4128553000,2026-06-30,경기도,고양시 일산동구,정발산동,21012,4691,1815,520,2119,2572,22.32533790215115
4128554000,2026-06-30,경기도,고양시 일산동구,풍산동,42192,7701,2875,866,3431,4270,18.252275312855517
4128555100,2026-06-30,경기도,고양시 일산동구,백석1동,28015,5187,1933,608,2288,2899,18.515081206496518
4128555200,2026-06-30,경기도,고양시 일산동구,백석2동,19779,3922,1596,493,1755,2167,19.82911168410941
4128556000,2026-06-30,경기도,고양시 일산동구,마두1동,22255,4032,1581,535,1842,2190,18.11727701640081
4128557000,2026-06-30,경기도,고양시 일산동구,마두2동,15066,2756,1219,524,1188,1568,18.292844816142306
4128558000,2026-06-30,경기도,고양시 일산동구,장항1동,19921,1820,594,147,905,915,9.136087545805934
4128559000,2026-06-30,경기도,고양시 일산동구,장항2동,26597,4539,1950,701,2093,2446,17.06583449261195
4128560000,2026-06-30,경기도,고양시 일산동구,고봉동,20753,5719,2271,787,2684,3035,27.55746157182094
4128751000,2026-06-30,경기도,고양시 일산서구,일산1동,24385,5572,2284,678,2441,3131,22.850112774246465
4128752000,2026-06-30,경기도,고양시 일산서구,일산2동,18430,4529,1715,546,2060,2469,24.574064026044493
4128753000,2026-06-30,경기도,고양시 일산서구,일산3동,32852,4872,1813,619,2219,2653,14.830147327407769
4128754500,2026-06-30,경기도,고양시 일산서구,탄현1동,28836,4864,1988,698,2183,2681,16.867804133721737
4128754600,2026-06-30,경기도,고양시 일산서구,탄현2동,18300,3208,1321,423,1384,1824,17.530054644808743
4128755000,2026-06-30,경기도,고양시 일산서구,주엽1동,25681,5678,2613,961,2382,3296,22.10973092948094
4128756000,2026-06-30,경기도,고양시 일산서구,주엽2동,26123,6000,2799,1063,2519,3481,22.968265513149333
4128757000,2026-06-30,경기도,고양시 일산서구,대화동,33234,6284,2437,740,2809,3475,18.908346873683577
4128758000,2026-06-30,경기도,고양시 일산서구,송포동,19827,3604,1374,434,1732,1872,18.17723306602108
4128760000,2026-06-30,경기도,고양시 일산서구,덕이동,30433,5145,1830,525,2401,2744,16.9059902079979
4128761000,2026-06-30,경기도,고양시 일산서구,가좌동,18020,3490,1436,412,1601,1889,19.36736958934517
4129051000,2026-06-30,경기도,과천시,중앙동,11439,2533,975,342,1180,1353,22.143544016085322
4129051500,2026-06-30,경기도,과천시,원문동,16171,2423,940,295,1084,1339,14.983612639910952
4129052000,2026-06-30,경기도,과천시,갈현동,19429,1479,540,168,659,820,7.6123320809099795
4129053000,2026-06-30,경기도,과천시,별양동,12440,2159,775,231,986,1173,17.35530546623794
4129054000,2026-06-30,경기도,과천시,부림동,8833,1633,643,199,751,882,18.48749009396581
4129055000,2026-06-30,경기도,과천시,과천동,5876,1465,518,139,701,764,24.93192648059905
4129056000,2026-06-30,경기도,과천시,문원동,6644,1513,622,147,650,863,22.77242624924744
4131051000,2026-06-30,경기도,구리시,갈매동,30424,4769,1548,293,2184,2585,15.675124901393636
4131052000,2026-06-30,경기도,구리시,동구동,34630,6651,2469,682,3057,3594,19.205890846087208
4131053000,2026-06-30,경기도,구리시,인창동,26125,4582,1676,427,2048,2534,17.538755980861247
4131054100,2026-06-30,경기도,구리시,교문1동,14597,3771,1388,339,1775,1996,25.83407549496472
4131054200,2026-06-30,경기도,구리시,교문2동,20439,4034,1414,378,1847,2187,19.736777728851703
4131057000,2026-06-30,경기도,구리시,수택1동,16810,3564,1230,280,1654,1910,21.201665675193336
4131058000,2026-06-30,경기도,구리시,수택2동,23968,5794,2056,501,2584,3210,24.17389853137517
4131059000,2026-06-30,경기도,구리시,수택3동,20789,4043,1597,417,1865,2178,19.447784886237915
4136025000,2026-06-30,경기도,남양주시,와부읍,59381,13195,5553,1440,5976,7219,22.220912413061416
4136025300,2026-06-30,경기도,남양주시,진접읍,94400,19207,7575,2017,8691,10516,20.346398305084744
4136025600,2026-06-30,경기도,남양주시,화도읍,63405,13758,5545,1397,6060,7698,21.698604211024367
4136025700,2026-06-30,경기도,남양주시,화도읍동부출장소,12932,2655,950,290,1244,1411,20.530467058459635
4136025800,2026-06-30,경기도,남양주시,화도읍남부출장소,35150,6521,2608,625,2912,3609,18.551920341394027
4136025900,2026-06-30,경기도,남양주시,진건읍,19406,5584,2138,605,2589,2995,28.774605792023085
4136026200,2026-06-30,경기도,남양주시,오남읍,50310,10073,4302,1176,4363,5710,20.02186444046909
4136026500,2026-06-30,경기도,남양주시,퇴계원읍,26035,6916,2555,652,3179,3737,26.56424044555406
4136031000,2026-06-30,경기도,남양주시,별내면,17703,4817,2078,570,2160,2657,27.21007738801333
4136034000,2026-06-30,경기도,남양주시,수동면,8430,3347,1451,449,1608,1739,39.703440094899165
4136036000,2026-06-30,경기도,남양주시,조안면,3651,1361,516,146,676,685,37.27745823062175
4136051000,2026-06-30,경기도,남양주시,호평동,55313,9164,3827,926,3893,5271,16.56753385280133
4136052000,2026-06-30,경기도,남양주시,평내동,37275,6090,2445,655,2666,3424,16.338028169014084
4136053000,2026-06-30,경기도,남양주시,금곡동,16780,5562,2082,617,2550,3012,33.146603098927294
4136054000,2026-06-30,경기도,남양주시,양정동,2085,682,228,73,373,309,32.70983213429257
4136054500,2026-06-30,경기도,남양주시,다산1동,105647,14647,5468,1237,6500,8147,13.864094579117248
4136056500,2026-06-30,경기도,남양주시,다산2동,36574,5014,1730,398,2210,2804,13.709192322414832
4136057000,2026-06-30,경기도,남양주시,별내동,82963,13957,4884,1176,6358,7599,16.823162132516906
4137051000,2026-06-30,경기도,오산시,중앙동,32800,5218,1926,488,2335,2883,15.908536585365853
4137052300,2026-06-30,경기도,오산시,대원1동,44986,6737,2465,611,3014,3723,14.975770239630107
4137052600,2026-06-30,경기도,오산시,대원2동,24398,2532,924,216,1124,1408,10.377899827854742
4137053000,2026-06-30,경기도,오산시,남촌동,31708,3117,1095,273,1506,1611,9.830326731424247
4137054300,2026-06-30,경기도,오산시,신장1동,35330,5564,2095,523,2417,3147,15.748655533540902
4137054600,2026-06-30,경기도,오산시,신장2동,22559,3396,1179,265,1516,1880,15.053858770335566
4137055000,2026-06-30,경기도,오산시,세마동,31898,4095,1425,415,1888,2207,12.837795473070413
4137056000,2026-06-30,경기도,오산시,초평동,29911,3407,1184,307,1527,1880,11.390458359800743
4139051000,2026-06-30,경기도,시흥시,대야동,41235,7835,2613,765,3672,4163,19.000848793500666
4139052000,2026-06-30,경기도,시흥시,신천동,32113,7461,2441,644,3458,4003,23.23358141562607
4139053100,2026-06-30,경기도,시흥시,신현동,8748,2482,873,224,1225,1257,28.372199359853678
4139054000,2026-06-30,경기도,시흥시,은행동,57507,7573,2429,673,3476,4097,13.168831620498375
4139055000,2026-06-30,경기도,시흥시,매화동,10901,2753,1084,309,1285,1468,25.254563801486103
4139057000,2026-06-30,경기도,시흥시,목감동,40634,6652,2180,573,3168,3484,16.370527144755624
4139058100,2026-06-30,경기도,시흥시,군자동,21007,4353,1535,415,1956,2397,20.721664207169038
4139058200,2026-06-30,경기도,시흥시,월곶동,17593,3152,1176,337,1442,1710,17.91621667708748
4139058900,2026-06-30,경기도,시흥시,정왕본동,17095,2285,702,171,1211,1074,13.36648142731793
4139059100,2026-06-30,경기도,시흥시,정왕1동,20973,2674,856,238,1342,1332,12.749725837982167
4139059200,2026-06-30,경기도,시흥시,정왕2동,26271,3649,1279,386,1722,1927,13.889840508545545
4139059300,2026-06-30,경기도,시흥시,정왕3동,21241,3259,1035,282,1654,1605,15.342968786780284
4139059400,2026-06-30,경기도,시흥시,정왕4동,19139,2460,912,287,1137,1323,12.853336119964471
4139059600,2026-06-30,경기도,시흥시,배곧1동,35230,2648,742,212,1258,1390,7.516321317059324
4139059700,2026-06-30,경기도,시흥시,배곧2동,35388,2120,537,129,1024,1096,5.990731321351871
4139062100,2026-06-30,경기도,시흥시,과림동,1706,755,254,63,439,316,44.25556858147714
4139063000,2026-06-30,경기도,시흥시,연성동,23570,3596,1406,431,1671,1925,15.256682223165042
4139063100,2026-06-30,경기도,시흥시,장곡동,46719,4790,1601,430,2277,2513,10.252787944947451
4139064000,2026-06-30,경기도,시흥시,능곡동,25944,3665,1331,384,1663,2002,14.126580326857848
4139065000,2026-06-30,경기도,시흥시,거북섬동,11817,544,122,32,299,245,4.6035372768046035
4141051000,2026-06-30,경기도,군포시,군포1동,29980,6365,2213,582,3043,3322,21.230820547031353
4141052000,2026-06-30,경기도,군포시,군포2동,40293,7678,2591,736,3604,4074,19.05541905541906
4141054000,2026-06-30,경기도,군포시,산본1동,14134,4060,1507,384,1796,2264,28.725060138672703
4141055000,2026-06-30,경기도,군포시,산본2동,24599,5209,1843,540,2391,2818,21.175657547054758
4141056000,2026-06-30,경기도,군포시,금정동,18444,3912,1266,326,1839,2073,21.210149642160054
4141057000,2026-06-30,경기도,군포시,재궁동,16819,4100,1703,524,1646,2454,24.377192460907306
4141058000,2026-06-30,경기도,군포시,오금동,19460,3690,1427,446,1581,2109,18.96197327852004
4141059000,2026-06-30,경기도,군포시,수리동,14753,3652,1615,563,1499,2153,24.754287263607402
4141060000,2026-06-30,경기도,군포시,궁내동,19196,3183,1279,444,1411,1772,16.581579495728278
4141061000,2026-06-30,경기도,군포시,대야동,8904,2082,770,194,989,1093,23.382749326145554
4141062000,2026-06-30,경기도,군포시,광정동,22757,4730,1948,698,2020,2710,20.784813463989103
4141063000,2026-06-30,경기도,군포시,송부동,20123,3154,995,243,1446,1708,15.673607315012672
4143051000,2026-06-30,경기도,의왕시,고천동,17719,3013,1063,267,1401,1612,17.004345617698515
4143052000,2026-06-30,경기도,의왕시,부곡동,28551,6130,2482,726,2751,3379,21.470351301180344
4143053000,2026-06-30,경기도,의왕시,오전동,32595,7134,2337,569,3364,3770,21.88679245283019
4143054000,2026-06-30,경기도,의왕시,내손1동,19590,4065,1398,444,1885,2180,20.75038284839204
4143055000,2026-06-30,경기도,의왕시,내손2동,28131,4489,1406,430,2079,2410,15.957484625502117
4143056000,2026-06-30,경기도,의왕시,청계동,37635,8070,2726,744,3742,4328,21.442805898764448
4145051000,2026-06-30,경기도,하남시,천현동,5681,1840,613,187,915,925,32.388663967611336
4145052000,2026-06-30,경기도,하남시,신장1동,7020,1726,637,149,774,952,24.586894586894587
4145053000,2026-06-30,경기도,하남시,신장2동,44702,10834,4107,884,4954,5880,24.23605207820679
4145054000,2026-06-30,경기도,하남시,덕풍1동,13865,3936,1376,277,1844,2092,28.38802740714028
4145055000,2026-06-30,경기도,하남시,덕풍2동,17186,4861,1693,383,2198,2663,28.28465029675317
4145056000,2026-06-30,경기도,하남시,덕풍3동,27533,5959,2224,497,2641,3318,21.643119166091598
4145058000,2026-06-30,경기도,하남시,감북동,3227,830,311,101,422,408,25.720483421134183
4145058200,2026-06-30,경기도,하남시,감일동,39544,4459,1458,336,2114,2345,11.27604693505968
4145058500,2026-06-30,경기도,하남시,위례동,35235,3890,1068,259,1932,1958,11.040158932879239
4145059000,2026-06-30,경기도,하남시,춘궁동,728,240,95,31,133,107,32.967032967032964
4145060000,2026-06-30,경기도,하남시,초이동,2855,860,325,104,451,409,30.122591943957964
4145061000,2026-06-30,경기도,하남시,미사1동,54138,5988,2098,446,2750,3238,11.060622852709741
4145062000,2026-06-30,경기도,하남시,미사2동,46323,7179,2543,498,3253,3926,15.497700926105823
4145063000,2026-06-30,경기도,하남시,미사3동,29458,3784,1206,289,1789,1995,12.845407020164302
4146125000,2026-06-30,경기도,용인시 처인구,포곡읍,30921,6040,2356,665,2681,3359,19.53365027004301
4146125300,2026-06-30,경기도,용인시 처인구,모현읍,34670,6651,2392,623,3163,3488,19.18373233342948
4146125600,2026-06-30,경기도,용인시 처인구,이동읍,18609,4763,1834,564,2144,2619,25.595142135525823
4146125900,2026-06-30,경기도,용인시 처인구,남사읍,23431,4649,1751,423,2211,2438,19.84123596944219
4146126200,2026-06-30,경기도,용인시 처인구,양지읍,21920,4497,1558,459,2124,2373,20.51551094890511
4146134000,2026-06-30,경기도,용인시 처인구,원삼면,7657,2708,1061,309,1310,1398,35.36633146140786
4146135000,2026-06-30,경기도,용인시 처인구,백암면,7721,2971,1207,410,1429,1542,38.47947157104002
4146151000,2026-06-30,경기도,용인시 처인구,중앙동,26751,5274,2028,538,2333,2941,19.71515083548279
4146152500,2026-06-30,경기도,용인시 처인구,역북동,34587,4449,1618,376,2011,2438,12.863214502558765
4146152600,2026-06-30,경기도,용인시 처인구,삼가동,16248,2693,950,237,1266,1427,16.57434761201379
4146153500,2026-06-30,경기도,용인시 처인구,유림1동,13347,2551,944,244,1149,1402,19.1129092680003
4146153600,2026-06-30,경기도,용인시 처인구,유림2동,38270,4518,1637,397,2063,2455,11.805591847400052
4146154000,2026-06-30,경기도,용인시 처인구,동부동,12259,3199,1217,303,1473,1726,26.095113793947306
4146351000,2026-06-30,경기도,용인시 기흥구,신갈동,36053,6741,2902,772,3004,3737,18.69747316450781
4146351600,2026-06-30,경기도,용인시 기흥구,영덕1동,34242,4543,1548,372,2015,2528,13.267332515624087
4146351700,2026-06-30,경기도,용인시 기흥구,영덕2동,19118,3059,1282,499,1351,1708,16.000627680719738
4146352000,2026-06-30,경기도,용인시 기흥구,구갈동,39904,5682,2262,533,2630,3052,14.239174017642341
4146353000,2026-06-30,경기도,용인시 기흥구,상갈동,12491,2447,1141,314,1091,1356,19.590104875510367
4146353500,2026-06-30,경기도,용인시 기흥구,보라동,32352,6146,2772,735,2762,3384,18.997279920870426
4146354000,2026-06-30,경기도,용인시 기흥구,기흥동,20653,4528,1804,487,2048,2480,21.924175664552365
4146355000,2026-06-30,경기도,용인시 기흥구,서농동,24510,2910,992,233,1326,1584,11.872705018359852
4146356000,2026-06-30,경기도,용인시 기흥구,구성동,38279,8775,4178,1145,3757,5018,22.923796337417382
4146357000,2026-06-30,경기도,용인시 기흥구,마북동,33572,7211,3489,929,3247,3964,21.479208864529966
4146357200,2026-06-30,경기도,용인시 기흥구,동백1동,30796,4361,2031,575,1750,2611,14.160929990907912
4146357500,2026-06-30,경기도,용인시 기흥구,동백2동,25989,3825,1733,479,1690,2135,14.717765208357381
4146357700,2026-06-30,경기도,용인시 기흥구,동백3동,27683,4800,2602,776,2096,2704,17.339161218076075
4146358600,2026-06-30,경기도,용인시 기흥구,상하동,22794,4886,2003,549,2112,2774,21.435465473370186
4146359000,2026-06-30,경기도,용인시 기흥구,보정동,36154,6407,3201,843,2933,3474,17.721413951429994
4146551000,2026-06-30,경기도,용인시 수지구,풍덕천1동,30360,5219,2374,602,2311,2908,17.19038208168643
4146552000,2026-06-30,경기도,용인시 수지구,풍덕천2동,41237,4396,2135,658,1920,2476,10.660329315905619
4146553000,2026-06-30,경기도,용인시 수지구,신봉동,40975,6956,3376,862,3121,3835,16.97620500305064
4146554000,2026-06-30,경기도,용인시 수지구,죽전1동,28915,5334,2440,721,2389,2945,18.4471727477088
4146555000,2026-06-30,경기도,용인시 수지구,죽전2동,16998,2940,1302,367,1318,1622,17.29615248852806
4146555500,2026-06-30,경기도,용인시 수지구,죽전3동,26370,4248,1884,509,1871,2377,16.109215017064844
4146556000,2026-06-30,경기도,용인시 수지구,동천동,50868,7914,3201,725,3660,4254,15.557914602500588
4146557000,2026-06-30,경기도,용인시 수지구,상현1동,19571,3120,1540,412,1361,1759,15.941954933319707
4146558000,2026-06-30,경기도,용인시 수지구,상현2동,32390,5605,2786,714,2465,3140,17.304723680148193
4146558500,2026-06-30,경기도,용인시 수지구,상현3동,27144,3799,1653,394,1690,2109,13.995726495726496
4146559000,2026-06-30,경기도,용인시 수지구,성복동,54402,10439,5068,1166,4816,5623,19.188632770854014
4148025000,2026-06-30,경기도,파주시,문산읍,47934,9881,4328,1272,4296,5585,20.613760587474445
4148025300,2026-06-30,경기도,파주시,파주읍,13185,4179,1835,598,1924,2255,31.69510807736064
4148025600,2026-06-30,경기도,파주시,법원읍,9034,3426,1457,451,1607,1819,37.92340048704892
4148026200,2026-06-30,경기도,파주시,조리읍,27333,7682,3155,979,3495,4187,28.10522079537555
4148031000,2026-06-30,경기도,파주시,월롱면,7447,1870,756,226,949,921,25.11078286558346
4148032000,2026-06-30,경기도,파주시,탄현면,14263,3944,1652,565,1897,2047,27.65196662693683
4148035000,2026-06-30,경기도,파주시,광탄면,9962,3721,1583,524,1836,1885,37.35193736197551
4148036000,2026-06-30,경기도,파주시,파평면,3369,1514,727,232,689,825,44.939151083407545
4148037000,2026-06-30,경기도,파주시,적성면,6351,2204,1013,285,1055,1149,34.70319634703196
4148039000,2026-06-30,경기도,파주시,장단면,695,265,141,47,134,131,38.1294964028777
4148051000,2026-06-30,경기도,파주시,금촌1동,21970,5413,2198,658,2465,2948,24.63814292216659
4148052000,2026-06-30,경기도,파주시,금촌2동,29687,5628,2468,718,2307,3321,18.957792973355343
4148053000,2026-06-30,경기도,파주시,금촌3동,24029,5119,2087,606,2290,2829,21.303425028091056
4148054000,2026-06-30,경기도,파주시,교하동,6945,2109,869,254,1030,1079,30.367170626349893
4148055000,2026-06-30,경기도,파주시,운정1동,58509,7491,2849,780,3347,4144,12.803158488437678
4148056000,2026-06-30,경기도,파주시,운정2동,63961,7747,3219,851,3195,4552,12.112068291615204
4148057000,2026-06-30,경기도,파주시,운정3동,67087,8968,3517,970,3862,5106,13.367716547170092
4148058000,2026-06-30,경기도,파주시,운정4동,24321,3905,1537,437,1695,2210,16.056083220262323
4148059000,2026-06-30,경기도,파주시,운정5동,58459,5973,2256,651,2630,3343,10.217417335226397
4148060000,2026-06-30,경기도,파주시,운정6동,38846,3417,1223,275,1521,1896,8.796272460484992
4150025000,2026-06-30,경기도,이천시,장호원읍,13953,4387,1771,516,2021,2366,31.441267111015552
4150025300,2026-06-30,경기도,이천시,부발읍,36009,5485,1904,533,2582,2903,15.232303035352274
4150031000,2026-06-30,경기도,이천시,신둔면,13846,3454,1205,301,1702,1752,24.945832731474795
4150032000,2026-06-30,경기도,이천시,백사면,12639,3218,1227,355,1533,1685,25.46087506923016
4150033000,2026-06-30,경기도,이천시,호법면,5968,1751,695,205,827,924,29.33981233243968
4150034000,2026-06-30,경기도,이천시,마장면,16565,2721,1068,319,1303,1418,16.426199818895263
4150035000,2026-06-30,경기도,이천시,대월면,14876,2584,1020,282,1180,1404,17.37026082280183
4150036000,2026-06-30,경기도,이천시,모가면,3960,1702,737,245,815,887,42.97979797979798
4150037000,2026-06-30,경기도,이천시,설성면,4152,1896,847,278,907,989,45.664739884393065
4150038000,2026-06-30,경기도,이천시,율면,2394,1264,556,212,587,677,52.79866332497911
4150051000,2026-06-30,경기도,이천시,창전동,14995,3652,1312,319,1570,2082,24.354784928309435
4150051500,2026-06-30,경기도,이천시,증포동,56430,5985,1865,491,2764,3221,10.606060606060606
4150052000,2026-06-30,경기도,이천시,중리동,17717,3258,1208,316,1560,1698,18.38911779646667
4150053000,2026-06-30,경기도,이천시,관고동,11236,2340,838,219,1102,1238,20.825916696333216
4155025000,2026-06-30,경기도,안성시,공도읍,70901,10489,4011,1061,4519,5970,14.793867505394848
4155031000,2026-06-30,경기도,안성시,보개면,4707,2065,876,294,964,1101,43.870830677714046
4155032000,2026-06-30,경기도,안성시,금광면,6715,2419,968,324,1087,1332,36.023827252419956
4155033000,2026-06-30,경기도,안성시,서운면,2913,1360,612,225,628,732,46.68726398901476
4155034000,2026-06-30,경기도,안성시,미양면,5209,2052,834,265,1009,1043,39.39335765022077
4155035000,2026-06-30,경기도,안성시,대덕면,14188,2912,1072,298,1448,1464,20.524386805751337
4155036000,2026-06-30,경기도,안성시,양성면,4797,2133,928,352,1015,1118,44.46529080675422
4155038000,2026-06-30,경기도,안성시,원곡면,6308,1633,592,168,823,810,25.887761572606216
4155039000,2026-06-30,경기도,안성시,일죽면,6915,2950,1247,395,1400,1550,42.660882140274765
4155040000,2026-06-30,경기도,안성시,죽산면,6638,2584,1086,371,1227,1357,38.92738776739982
4155041000,2026-06-30,경기도,안성시,삼죽면,3813,1375,604,211,647,728,36.06084447941254
4155042000,2026-06-30,경기도,안성시,고삼면,1748,778,303,110,388,390,44.50800915331808
4155051000,2026-06-30,경기도,안성시,안성1동,10749,3261,1348,405,1455,1806,30.337705833100753
4155052000,2026-06-30,경기도,안성시,안성2동,26300,4460,1578,425,1990,2470,16.958174904942965
4155053000,2026-06-30,경기도,안성시,안성3동,26884,4806,1831,499,2098,2708,17.876804047016815
4157025000,2026-06-30,경기도,김포시,통진읍,34564,8626,3281,962,4041,4585,24.95660224511052
4157025300,2026-06-30,경기도,김포시,고촌읍,51937,7805,2657,625,3652,4153,15.027822169166491
4157025600,2026-06-30,경기도,김포시,양촌읍,30457,7509,2819,759,3543,3966,24.65443083691762
4157034000,2026-06-30,경기도,김포시,대곶면,8878,3219,1333,422,1685,1534,36.25816625366073
4157035000,2026-06-30,경기도,김포시,월곶면,5118,2189,909,274,1141,1048,42.7706135209066
4157036000,2026-06-30,경기도,김포시,하성면,7503,3055,1304,393,1498,1557,40.71704651472744
4157051500,2026-06-30,경기도,김포시,김포본동,56706,10770,4205,1124,4864,5906,18.992699185271398
4157052500,2026-06-30,경기도,김포시,장기본동,38492,5289,2147,520,2293,2996,13.740517510131975
4157054000,2026-06-30,경기도,김포시,사우동,20516,4524,1812,460,1989,2535,22.051082082277247
4157055000,2026-06-30,경기도,김포시,풍무동,59521,9696,3850,911,4383,5313,16.290048890307624
4157056000,2026-06-30,경기도,김포시,장기동,40257,5612,2179,473,2436,3176,13.940432719775442
4157057000,2026-06-30,경기도,김포시,구래동,45851,4942,1781,387,2190,2752,10.77839087479008
4157057500,2026-06-30,경기도,김포시,마산동,35467,5109,1998,408,2154,2955,14.404939803197339
4157058000,2026-06-30,경기도,김포시,운양동,48775,6344,2388,510,2802,3542,13.006663249615583
4159125000,2026-06-30,경기도,화성시 만세구,우정읍,16593,4828,1946,580,2261,2567,29.09660700295305
4159125300,2026-06-30,경기도,화성시 만세구,향남읍,84784,10427,3716,1022,4794,5633,12.298311002075863
4159125600,2026-06-30,경기도,화성시 만세구,남양읍,60444,9631,3315,934,4619,5012,15.933756865859309
4159131000,2026-06-30,경기도,화성시 만세구,마도면,6400,2089,840,239,1088,1001,32.640625
4159132000,2026-06-30,경기도,화성시 만세구,송산면,10170,3742,1613,542,1812,1930,36.7944936086529
4159133000,2026-06-30,경기도,화성시 만세구,서신면,6980,2900,1154,385,1463,1437,41.54727793696275
4159134000,2026-06-30,경기도,화성시 만세구,팔탄면,9163,3050,1124,390,1571,1479,33.286041689403035
4159135000,2026-06-30,경기도,화성시 만세구,장안면,9222,3322,1329,427,1674,1648,36.022554760355675
4159136000,2026-06-30,경기도,화성시 만세구,양감면,3669,1412,527,181,760,652,38.48460070863995
4159151000,2026-06-30,경기도,화성시 만세구,새솔동,27057,1895,402,101,969,926,7.0037328602579745
4159325000,2026-06-30,경기도,화성시 효행구,봉담읍,112251,14565,5116,1373,6616,7949,12.975385519950825
4159331000,2026-06-30,경기도,화성시 효행구,매송면,6163,2132,855,255,1020,1112,34.593542106117155
4159332000,2026-06-30,경기도,화성시 효행구,비봉면,16490,3162,1138,351,1647,1515,19.175257731958766
4159333000,2026-06-30,경기도,화성시 효행구,정남면,10097,3240,1252,412,1639,1601,32.0887392294741
4159351000,2026-06-30,경기도,화성시 효행구,기배동,15480,2528,918,221,1145,1383,16.330749354005167
4159551000,2026-06-30,경기도,화성시 병점구,진안동,50221,5575,1928,499,2528,3047,11.100933872284502
4159552000,2026-06-30,경기도,화성시 병점구,병점1동,36248,4551,1647,379,2038,2513,12.555175457956302
4159553000,2026-06-30,경기도,화성시 병점구,병점2동,21973,3089,1268,294,1239,1850,14.058162290083285
4159554000,2026-06-30,경기도,화성시 병점구,반월동,37268,3454,928,262,1647,1807,9.268004722550177
4159555000,2026-06-30,경기도,화성시 병점구,화산동,29084,5094,1805,453,2363,2731,17.514784761380827
4159751000,2026-06-30,경기도,화성시 동탄구,동탄1동,49944,3457,1114,279,1651,1806,6.9217523626461634
4159752000,2026-06-30,경기도,화성시 동탄구,동탄2동,33761,3242,1190,277,1409,1833,9.602796125707178
4159753000,2026-06-30,경기도,화성시 동탄구,동탄3동,39932,3418,1373,316,1453,1965,8.559551237103074
4159754000,2026-06-30,경기도,화성시 동탄구,동탄4동,52618,2558,717,165,1251,1307,4.861454255197841
4159755000,2026-06-30,경기도,화성시 동탄구,동탄5동,47852,4250,1433,323,1880,2370,8.881551450305107
4159756000,2026-06-30,경기도,화성시 동탄구,동탄6동,46875,2817,828,188,1345,1472,6.0096
4159757000,2026-06-30,경기도,화성시 동탄구,동탄7동,57365,4249,1117,253,1976,2273,7.406955460646736
4159758000,2026-06-30,경기도,화성시 동탄구,동탄8동,40509,2594,687,181,1189,1405,6.4035152682120025
4159759000,2026-06-30,경기도,화성시 동탄구,동탄9동,60133,3819,948,212,1826,1993,6.350922122628175
4161025300,2026-06-30,경기도,광주시,초월읍,51692,9733,3367,889,4702,5031,18.82883231447806
4161025900,2026-06-30,경기도,광주시,곤지암읍,20914,5438,1972,545,2706,2732,26.00172133499091
4161033000,2026-06-30,경기도,광주시,도척면,8940,2808,1047,330,1425,1383,31.409395973154364
4161034000,2026-06-30,경기도,광주시,퇴촌면,15421,5136,2037,491,2387,2749,33.30523312366254
4161035000,2026-06-30,경기도,광주시,남종면,1347,711,303,112,350,361,52.78396436525612
4161037000,2026-06-30,경기도,광주시,남한산성면,2185,849,363,121,430,419,38.8558352402746
4161051000,2026-06-30,경기도,광주시,경안동,31651,5372,1944,468,2434,2938,16.972607500552904
4161052000,2026-06-30,경기도,광주시,송정동,23046,4779,1600,359,2235,2544,20.73678729497527
4161054000,2026-06-30,경기도,광주시,쌍령동,17068,3124,1004,214,1467,1657,18.30325755800328
4161055000,2026-06-30,경기도,광주시,탄벌동,42295,8316,2563,544,3944,4372,19.66189856957087
4161056000,2026-06-30,경기도,광주시,광남1동,31036,6688,2182,492,3174,3514,21.549168707307643
4161057000,2026-06-30,경기도,광주시,광남2동,32954,4130,1418,294,1883,2247,12.532621229592767
4161058000,2026-06-30,경기도,광주시,오포1동,30373,4569,1603,390,2136,2433,15.042965791986305
4161059000,2026-06-30,경기도,광주시,오포2동,31971,5627,2073,514,2601,3026,17.60032529479841
4161060000,2026-06-30,경기도,광주시,신현동,35740,6329,2129,503,2827,3502,17.708449916060438
4161061000,2026-06-30,경기도,광주시,능평동,22478,4571,1597,383,2063,2508,20.335439096004983
4163025000,2026-06-30,경기도,양주시,백석읍,25507,7344,2967,908,3384,3960,28.792096287293685
4163031000,2026-06-30,경기도,양주시,은현면,4961,1952,771,244,965,987,39.34690586575287
4163032000,2026-06-30,경기도,양주시,남면,5795,2166,816,258,1098,1068,37.37704918032787
4163033000,2026-06-30,경기도,양주시,광적면,10301,3312,1232,341,1656,1656,32.15221823123969
4163034000,2026-06-30,경기도,양주시,장흥면,13550,4805,2069,683,2171,2634,35.46125461254613
4163051000,2026-06-30,경기도,양주시,양주1동,4457,1833,805,256,892,941,41.1263181512228
4163052000,2026-06-30,경기도,양주시,양주2동,49020,10019,4333,1057,4311,5708,20.43859649122807
4163053000,2026-06-30,경기도,양주시,회천1동,10587,2379,947,252,1120,1259,22.470954944743553
4163054000,2026-06-30,경기도,양주시,회천2동,46699,8159,2973,721,3731,4428,17.471466198419666
4163055000,2026-06-30,경기도,양주시,회천3동,24649,4755,2168,628,2009,2746,19.290843441924622
4163057000,2026-06-30,경기도,양주시,옥정1동,42601,5156,1745,384,2403,2753,12.103002276941856
4163058000,2026-06-30,경기도,양주시,옥정2동,59099,5012,1590,320,2259,2753,8.48068495236806
4165025000,2026-06-30,경기도,포천시,소흘읍,42791,9784,3553,1126,4571,5213,22.864621065177257
4165031000,2026-06-30,경기도,포천시,군내면,9763,2556,941,301,1299,1257,26.180477312301548
4165032000,2026-06-30,경기도,포천시,내촌면,4063,1629,594,183,884,745,40.09352695052917
4165033000,2026-06-30,경기도,포천시,가산면,7460,2545,882,296,1387,1158,34.11528150134048
4165034000,2026-06-30,경기도,포천시,신북면,10874,3612,1250,379,1842,1770,33.21684752620931
4165035000,2026-06-30,경기도,포천시,창수면,1902,983,403,125,475,508,51.68243953732913
4165036000,2026-06-30,경기도,포천시,영중면,4405,1969,837,248,967,1002,44.69920544835414
4165037000,2026-06-30,경기도,포천시,일동면,8655,3297,1410,447,1556,1741,38.09358752166378
4165038000,2026-06-30,경기도,포천시,이동면,5506,1884,823,258,878,1006,34.21721758082092
4165039000,2026-06-30,경기도,포천시,영북면,7212,2626,1193,383,1172,1454,36.411536328341654
4165040000,2026-06-30,경기도,포천시,관인면,2415,1214,567,165,586,628,50.26915113871636
4165041000,2026-06-30,경기도,포천시,화현면,2346,917,369,126,468,449,39.087809036658136
4165051000,2026-06-30,경기도,포천시,포천동,19139,4700,1761,481,2125,2575,24.557186895867076
4165052000,2026-06-30,경기도,포천시,선단동,13937,3545,1236,369,1728,1817,25.435890076774054
4167025000,2026-06-30,경기도,여주시,가남읍,13929,4238,1642,481,2036,2202,30.425730490343888
4167031000,2026-06-30,경기도,여주시,점동면,4575,2008,861,282,942,1066,43.89071038251366
4167032000,2026-06-30,경기도,여주시,흥천면,4821,2179,898,262,1077,1102,45.198091682223605
4167033000,2026-06-30,경기도,여주시,금사면,2790,1361,545,152,680,681,48.78136200716846
4167034500,2026-06-30,경기도,여주시,세종대왕면,5571,2442,1032,331,1163,1279,43.83414108777598
4167035000,2026-06-30,경기도,여주시,대신면,6386,2979,1264,432,1418,1561,46.64891951143126
4167036000,2026-06-30,경기도,여주시,북내면,4534,1918,815,277,909,1009,42.30260255844729
4167037000,2026-06-30,경기도,여주시,강천면,4260,1758,711,216,863,895,41.267605633802816
4167038000,2026-06-30,경기도,여주시,산북면,2354,1058,448,137,515,543,44.94477485131691
4167051000,2026-06-30,경기도,여주시,여흥동,20609,5362,1938,509,2510,2852,26.017759231403755
4167052000,2026-06-30,경기도,여주시,중앙동,25390,4680,1626,408,2135,2545,18.432453721937772
4167053000,2026-06-30,경기도,여주시,오학동,18287,3442,1233,307,1606,1836,18.822114070104444
4180025000,2026-06-30,경기도,연천군,연천읍,8242,2484,1156,360,1125,1359,30.138315942732348
4180025300,2026-06-30,경기도,연천군,전곡읍,19475,5119,2054,610,2361,2758,26.28498074454429
4180031000,2026-06-30,경기도,연천군,군남면,2940,1396,641,213,660,736,47.48299319727891
4180032000,2026-06-30,경기도,연천군,청산면,3909,1612,675,212,728,884,41.238168329496034
4180033000,2026-06-30,경기도,연천군,백학면,2465,1148,517,164,567,581,46.572008113590265
4180034000,2026-06-30,경기도,연천군,미산면,1698,830,310,98,433,397,48.88103651354535
4180035000,2026-06-30,경기도,연천군,왕징면,978,541,267,78,257,284,55.31697341513292
4180036000,2026-06-30,경기도,연천군,신서면,2381,1228,581,171,559,669,51.57496850062999
4180037000,2026-06-30,경기도,연천군,중면,158,64,26,7,35,29,40.50632911392405
4180038000,2026-06-30,경기도,연천군,장남면,731,366,159,47,181,185,50.06839945280438
4182025000,2026-06-30,경기도,가평군,가평읍,21142,6190,2511,749,2812,3378,29.278213981647905
4182031000,2026-06-30,경기도,가평군,설악면,10012,3629,1356,424,1795,1834,36.246504194966036
4182032500,2026-06-30,경기도,가평군,청평면,13115,4933,2059,555,2350,2583,37.61341974837972
4182033000,2026-06-30,경기도,가평군,상면,5344,2354,880,232,1164,1190,44.049401197604794
4182034500,2026-06-30,경기도,가평군,조종면,8965,2812,1042,283,1390,1422,31.36642498605689
4182035000,2026-06-30,경기도,가평군,북면,3463,1679,678,215,799,880,48.48397343343922
4183025000,2026-06-30,경기도,양평군,양평읍,38315,9215,3430,916,4291,4924,24.050632911392405
4183031000,2026-06-30,경기도,양평군,강상면,10088,3163,1193,303,1541,1622,31.354084060269628
4183032000,2026-06-30,경기도,양평군,강하면,4737,2174,813,198,1056,1118,45.89402575469707
4183033000,2026-06-30,경기도,양평군,양서면,13808,4994,1968,491,2385,2609,36.16743916570104
4183034000,2026-06-30,경기도,양평군,옥천면,7973,2921,1122,324,1404,1517,36.636146996111876
4183035000,2026-06-30,경기도,양평군,서종면,9794,3342,1225,299,1613,1729,34.12293240759649
4183036000,2026-06-30,경기도,양평군,단월면,3840,1750,681,199,863,887,45.57291666666667
4183037000,2026-06-30,경기도,양평군,청운면,3639,1844,790,267,898,946,50.67326188513328
4183038000,2026-06-30,경기도,양평군,양동면,4425,2177,904,289,1044,1133,49.197740112994346
4183039500,2026-06-30,경기도,양평군,지평면,6535,3120,1289,419,1494,1626,47.74292272379495
4183040000,2026-06-30,경기도,양평군,용문면,18651,6324,2689,821,2971,3353,33.90702911372044
4183041000,2026-06-30,경기도,양평군,개군면,5017,2192,876,239,1062,1130,43.69144907315128
4311131000,2026-06-30,충청북도,청주시 상당구,낭성면,2052,1087,468,171,531,556,52.97270955165692
4311132000,2026-06-30,충청북도,청주시 상당구,미원면,4402,2381,1008,341,1121,1260,54.089050431621985
4311133000,2026-06-30,충청북도,청주시 상당구,가덕면,3540,1697,708,230,815,882,47.93785310734463
4311134000,2026-06-30,충청북도,청주시 상당구,남일면,6325,2236,860,325,1044,1192,35.351778656126484
4311135000,2026-06-30,충청북도,청주시 상당구,문의면,3467,1721,837,307,812,909,49.639457744447654
4311152500,2026-06-30,충청북도,청주시 상당구,중앙동,6256,1687,792,243,723,964,26.966112531969312
4311154500,2026-06-30,충청북도,청주시 상당구,성안동,6115,2113,964,289,919,1194,34.55437448896157
4311162000,2026-06-30,충청북도,청주시 상당구,탑대성동,11052,3034,1333,354,1274,1760,27.45204487875498
4311167000,2026-06-30,충청북도,청주시 상당구,영운동,9434,2880,1152,296,1222,1658,30.527877888488447
4311168000,2026-06-30,충청북도,청주시 상당구,금천동,28230,5880,2280,572,2486,3394,20.828905419766205
4311169000,2026-06-30,충청북도,청주시 상당구,용담명암산성동,12294,1949,722,175,868,1081,15.853261753700993
4311172000,2026-06-30,충청북도,청주시 상당구,용암1동,55542,8374,2682,720,3800,4574,15.076878758417052
4311173000,2026-06-30,충청북도,청주시 상당구,용암2동,44370,5759,1751,446,2612,3147,12.979490646833447
4311231000,2026-06-30,충청북도,청주시 서원구,남이면,9579,2957,1088,359,1491,1466,30.86961060653513
4311232000,2026-06-30,충청북도,청주시 서원구,현도면,2885,1520,740,267,717,803,52.686308492201036
4311251000,2026-06-30,충청북도,청주시 서원구,사직1동,3841,1167,477,140,529,638,30.382712835199165
4311252000,2026-06-30,충청북도,청주시 서원구,사직2동,10646,2272,790,213,1071,1201,21.341348863422883
4311253000,2026-06-30,충청북도,청주시 서원구,사창동,13890,3118,1314,317,1328,1790,22.447804175665947
4311254000,2026-06-30,충청북도,청주시 서원구,모충동,21553,4346,1578,406,1914,2432,20.164246276620425
4311255000,2026-06-30,충청북도,청주시 서원구,산남동,24125,3421,1226,337,1560,1861,14.180310880829017
4311256000,2026-06-30,충청북도,청주시 서원구,분평동,26912,4899,1940,600,1961,2938,18.203775267538642
4311257000,2026-06-30,충청북도,청주시 서원구,수곡1동,12201,3825,1497,398,1703,2122,31.349889353331694
4311258000,2026-06-30,충청북도,청주시 서원구,수곡2동,14374,4260,1592,417,1893,2367,29.636844302212328
4311259000,2026-06-30,충청북도,청주시 서원구,성화개신죽림동,47773,7970,2694,705,3448,4522,16.68306365520273
4311325000,2026-06-30,충청북도,청주시 흥덕구,오송읍,49405,5281,1866,543,2387,2894,10.689201497824106
4311331000,2026-06-30,충청북도,청주시 흥덕구,강내면,10593,2612,996,302,1242,1370,24.657792882091947
4311332000,2026-06-30,충청북도,청주시 흥덕구,옥산면,16837,3294,1174,348,1520,1774,19.564055354279265
4311370000,2026-06-30,충청북도,청주시 흥덕구,운천신봉동,13330,3629,1353,394,1594,2035,27.224306076519127
4311374100,2026-06-30,충청북도,청주시 흥덕구,복대1동,49953,5045,1705,433,2246,2799,10.099493523912479
4311374200,2026-06-30,충청북도,청주시 흥덕구,복대2동,15225,3545,1337,326,1553,1992,23.284072249589492
4311374700,2026-06-30,충청북도,청주시 흥덕구,가경동,52518,8414,2617,651,3737,4677,16.021173692829123
4311375100,2026-06-30,충청북도,청주시 흥덕구,봉명1동,12700,2055,667,125,968,1087,16.181102362204726
4311375600,2026-06-30,충청북도,청주시 흥덕구,봉명2송정동,23984,3646,1164,303,1693,1953,15.201801200800533
4311376000,2026-06-30,충청북도,청주시 흥덕구,강서1동,30078,4771,1714,513,2122,2649,15.862091894407873
4311377000,2026-06-30,충청북도,청주시 흥덕구,강서2동,18002,1306,481,191,596,710,7.254749472280858
4311425000,2026-06-30,충청북도,청주시 청원구,내수읍,18487,4704,1881,621,2091,2613,25.44490723210905
4311425300,2026-06-30,충청북도,청주시 청원구,오창읍,67745,7129,2593,754,3250,3879,10.523285851354343
4311431000,2026-06-30,충청북도,청주시 청원구,북이면,3937,1993,903,332,913,1080,50.62230124460248
4311451000,2026-06-30,충청북도,청주시 청원구,우암동,12177,3361,1465,445,1432,1929,27.601215406093456
4311452000,2026-06-30,충청북도,청주시 청원구,내덕1동,7528,2642,1164,331,1109,1533,35.095642933049945
4311453000,2026-06-30,충청북도,청주시 청원구,내덕2동,12602,2961,1246,328,1327,1634,23.49627043326456
4311454000,2026-06-30,충청북도,청주시 청원구,율량사천동,46259,7942,2656,736,3516,4426,17.168550984673253
4311455000,2026-06-30,충청북도,청주시 청원구,오근장동,17353,2706,1032,324,1171,1535,15.593845444591715
4313025000,2026-06-30,충청북도,충주시,주덕읍,10409,2382,889,301,1096,1286,22.88404265539437
4313031000,2026-06-30,충청북도,충주시,살미면,1858,1025,419,132,513,512,55.16684607104413
4313032500,2026-06-30,충청북도,충주시,수안보면,2709,1402,581,189,635,767,51.75341454411222
4313033500,2026-06-30,충청북도,충주시,대소원면,9839,2122,778,284,1022,1100,21.567232442321373
4313035000,2026-06-30,충청북도,충주시,신니면,2595,1441,632,233,680,761,55.52986512524085
4313036000,2026-06-30,충청북도,충주시,노은면,2133,1233,517,179,583,650,57.80590717299579
4313037000,2026-06-30,충청북도,충주시,앙성면,3704,1961,813,273,935,1026,52.94276457883369
4313038500,2026-06-30,충청북도,충주시,중앙탑면,14600,1887,682,217,874,1013,12.924657534246576
4313039000,2026-06-30,충청북도,충주시,금가면,3713,1040,436,157,488,552,28.009695663883655
4313040000,2026-06-30,충청북도,충주시,동량면,3315,1640,745,276,784,856,49.47209653092006
4313041000,2026-06-30,충청북도,충주시,산척면,2092,1110,510,198,532,578,53.059273422562136
4313042000,2026-06-30,충청북도,충주시,엄정면,2889,1553,646,245,728,825,53.75562478366217
4313043000,2026-06-30,충청북도,충주시,소태면,1838,1012,423,151,507,505,55.05984766050055
4313051500,2026-06-30,충청북도,충주시,성내.충인동,2384,971,469,164,401,570,40.72986577181208
4313053500,2026-06-30,충청북도,충주시,교현.안림동,21334,5553,2205,703,2406,3147,26.028874097684447
4313054000,2026-06-30,충청북도,충주시,교현2동,5859,2130,974,269,914,1216,36.35432667690732
4313055000,2026-06-30,충청북도,충주시,용산동,13515,2798,1122,320,1196,1602,20.702922678505363
4313056000,2026-06-30,충청북도,충주시,지현동,4697,1566,699,216,685,881,33.340430061741536
4313057100,2026-06-30,충청북도,충주시,문화동,8437,3216,1308,380,1425,1791,38.117814389000834
4313058000,2026-06-30,충청북도,충주시,호암.직동,21960,2953,963,248,1313,1640,13.447176684881605
4313060500,2026-06-30,충청북도,충주시,달천동,4177,1431,604,197,689,742,34.25903758678477
4313061000,2026-06-30,충청북도,충주시,봉방동,8959,2515,973,220,1130,1385,28.072329501060384
4313062500,2026-06-30,충청북도,충주시,칠금.금릉동,13183,2957,1136,332,1272,1685,22.43040279147387
4313063000,2026-06-30,충청북도,충주시,연수동,33753,7793,2843,833,3390,4403,23.08831807543033
4313064000,2026-06-30,충청북도,충주시,목행.용탄동,6026,1289,495,162,591,698,21.390640557583804
4315025000,2026-06-30,충청북도,제천시,봉양읍,6419,2986,1185,397,1419,1567,46.518149244430596
4315031000,2026-06-30,충청북도,제천시,금성면,1675,898,358,135,452,446,53.61194029850746
4315032000,2026-06-30,충청북도,제천시,청풍면,1223,632,254,85,319,313,51.676206050695015
4315033000,2026-06-30,충청북도,제천시,수산면,1969,1096,446,140,554,542,55.66277298120873
4315034000,2026-06-30,충청북도,제천시,덕산면,2045,1065,468,141,515,550,52.07823960880196
4315035000,2026-06-30,충청북도,제천시,한수면,644,314,119,45,138,176,48.75776397515528
4315036000,2026-06-30,충청북도,제천시,백운면,3268,1768,673,235,875,893,54.100367197062425
4315038000,2026-06-30,충청북도,제천시,송학면,4545,2187,868,287,1075,1112,48.118811881188115
4315051000,2026-06-30,충청북도,제천시,교동,20129,3702,1324,348,1656,2046,18.391375627204532
4315051800,2026-06-30,충청북도,제천시,의림지동,9414,2172,794,234,972,1200,23.07202039515615
4315052800,2026-06-30,충청북도,제천시,중앙동,5020,1956,837,229,850,1106,38.964143426294825
4315053700,2026-06-30,충청북도,제천시,남현동,4393,1759,718,174,751,1008,40.04097427725928
4315054700,2026-06-30,충청북도,제천시,영서동,9426,2762,1129,320,1192,1570,29.301930829620197
4315056000,2026-06-30,충청북도,제천시,용두동,19977,3858,1407,427,1733,2125,19.312209040396453
4315057700,2026-06-30,충청북도,제천시,신백동,9977,2718,1095,284,1199,1519,27.24265811366142
4315059000,2026-06-30,충청북도,제천시,청전동,14029,5064,1923,480,2287,2777,36.09665692494119
4315060500,2026-06-30,충청북도,제천시,화산동,14039,3444,1432,405,1528,1916,24.53166179927345
4372025000,2026-06-30,충청북도,보은군,보은읍,14396,4750,2030,680,2111,2639,32.99527646568492
4372031500,2026-06-30,충청북도,보은군,속리산면,1753,884,387,105,404,480,50.42783799201369
4372032500,2026-06-30,충청북도,보은군,장안면,1440,565,266,97,260,305,39.23611111111111
4372033000,2026-06-30,충청북도,보은군,마로면,2122,1189,559,196,530,659,56.0320452403393
4372034000,2026-06-30,충청북도,보은군,탄부면,1614,929,478,181,409,520,57.55885997521685
4372035000,2026-06-30,충청북도,보은군,삼승면,2186,1060,489,178,464,596,48.4903934126258
4372036000,2026-06-30,충청북도,보은군,수한면,1834,1005,426,149,477,528,54.79825517993457
4372037000,2026-06-30,충청북도,보은군,회남면,729,423,162,56,222,201,58.0246913580247
4372038500,2026-06-30,충청북도,보은군,회인면,1705,942,440,163,433,509,55.24926686217009
4372039000,2026-06-30,충청북도,보은군,내북면,1661,893,419,162,418,475,53.76279349789284
4372040000,2026-06-30,충청북도,보은군,산외면,1741,885,384,150,451,434,50.83285468121769
4373025000,2026-06-30,충청북도,옥천군,옥천읍,30141,8049,3298,873,3616,4433,26.704488902159852
4373031000,2026-06-30,충청북도,옥천군,동이면,3066,1539,635,224,739,800,50.19569471624267
4373032000,2026-06-30,충청북도,옥천군,안남면,1325,725,325,108,357,368,54.71698113207547
4373033000,2026-06-30,충청북도,옥천군,안내면,1871,1058,485,185,502,556,56.547300908605024
4373034000,2026-06-30,충청북도,옥천군,청성면,2282,1349,602,242,640,709,59.1148115687993
4373035000,2026-06-30,충청북도,옥천군,청산면,2842,1613,728,246,704,909,56.755805770584104
4373036000,2026-06-30,충청북도,옥천군,이원면,3909,2022,910,285,942,1080,51.726784343821954
4373037000,2026-06-30,충청북도,옥천군,군서면,2148,1131,490,172,560,571,52.6536312849162
4373038000,2026-06-30,충청북도,옥천군,군북면,2963,1415,551,175,696,719,47.75565305433682
4374025000,2026-06-30,충청북도,영동군,영동읍,19218,5500,2372,664,2431,3069,28.61900301800395
4374031000,2026-06-30,충청북도,영동군,용산면,3135,1511,623,201,750,761,48.197767145135565
4374032000,2026-06-30,충청북도,영동군,황간면,3852,1822,796,234,828,994,47.30010384215992
4374033500,2026-06-30,충청북도,영동군,추풍령면,2077,1051,496,151,469,582,50.60182956186809
4374034000,2026-06-30,충청북도,영동군,매곡면,1743,921,422,153,428,493,52.83993115318416
4374035000,2026-06-30,충청북도,영동군,상촌면,2125,1236,566,171,562,674,58.16470588235294
4374036000,2026-06-30,충청북도,영동군,양강면,2880,1330,600,194,600,730,46.18055555555556
4374037000,2026-06-30,충청북도,영동군,용화면,881,464,228,82,210,254,52.667423382519864
4374038000,2026-06-30,충청북도,영동군,학산면,2561,1444,635,214,674,770,56.3842249121437
4374039000,2026-06-30,충청북도,영동군,양산면,1666,907,454,146,411,496,54.44177671068427
4374040000,2026-06-30,충청북도,영동군,심천면,2873,1582,715,228,752,830,55.064392620953704
4374525000,2026-06-30,충청북도,증평군,증평읍,35122,7955,3066,880,3606,4349,22.64962131997039
4374531000,2026-06-30,충청북도,증평군,도안면,1619,826,371,137,398,428,51.01914762198888
4375025000,2026-06-30,충청북도,진천군,진천읍,29968,6785,2683,827,3008,3777,22.640816871329417
4375025300,2026-06-30,충청북도,진천군,덕산읍,30641,3160,1114,373,1454,1706,10.312979341405306
4375032000,2026-06-30,충청북도,진천군,초평면,2859,1387,649,243,637,750,48.513466246939494
4375033000,2026-06-30,충청북도,진천군,문백면,3373,1513,650,262,732,781,44.85621108805218
4375034000,2026-06-30,충청북도,진천군,백곡면,2008,1080,463,177,498,582,53.78486055776892
4375035000,2026-06-30,충청북도,진천군,이월면,6356,2367,938,328,1141,1226,37.24040276903713
4375037000,2026-06-30,충청북도,진천군,광혜원면,10364,2172,781,247,1029,1143,20.957159397915863
4376025000,2026-06-30,충청북도,괴산군,괴산읍,9352,2728,1159,330,1241,1487,29.17023096663815
4376031000,2026-06-30,충청북도,괴산군,감물면,2046,1014,413,149,496,518,49.56011730205279
4376032000,2026-06-30,충청북도,괴산군,장연면,1971,993,378,137,480,513,50.38051750380518
4376033000,2026-06-30,충청북도,괴산군,연풍면,2243,1182,493,168,601,581,52.697280427998216
4376034000,2026-06-30,충청북도,괴산군,칠성면,3246,1404,621,202,655,749,43.253234750462106
4376035000,2026-06-30,충청북도,괴산군,문광면,2183,1029,426,133,510,519,47.13696747595053
4376036000,2026-06-30,충청북도,괴산군,청천면,5297,2654,1074,324,1287,1367,50.10383235793846
4376037000,2026-06-30,충청북도,괴산군,청안면,3420,1634,670,218,775,859,47.77777777777778
4376039000,2026-06-30,충청북도,괴산군,사리면,2649,1282,580,187,605,677,48.395620989052475
4376040000,2026-06-30,충청북도,괴산군,소수면,2309,1101,454,130,553,548,47.682979644867906
4376041000,2026-06-30,충청북도,괴산군,불정면,2699,1391,591,207,681,710,51.53760652093368
4377025000,2026-06-30,충청북도,음성군,음성읍,15344,5249,2107,626,2434,2815,34.20881126173097
4377025300,2026-06-30,충청북도,음성군,금왕읍,19218,4789,1746,526,2252,2537,24.919346446040173
4377025600,2026-06-30,충청북도,음성군,대소읍,21509,3560,1165,354,1754,1806,16.551211120926123
4377031000,2026-06-30,충청북도,음성군,소이면,2696,1445,681,228,687,758,53.597922848664695
4377032000,2026-06-30,충청북도,음성군,원남면,2958,1556,658,209,772,784,52.60311020960108
4377033000,2026-06-30,충청북도,음성군,맹동면,14497,2368,842,264,1144,1224,16.334414016693106
4377035000,2026-06-30,충청북도,음성군,삼성면,5990,2352,929,315,1160,1192,39.26544240400668
4377036000,2026-06-30,충청북도,음성군,생극면,4254,1818,759,273,874,944,42.73624823695346
4377037000,2026-06-30,충청북도,음성군,감곡면,9488,3266,1282,397,1559,1707,34.42242833052276
4380025000,2026-06-30,충청북도,단양군,단양읍,9911,2986,1177,330,1306,1680,30.12814045000505
4380025300,2026-06-30,충청북도,단양군,매포읍,4674,1874,839,216,839,1035,40.0941377834831
4380031000,2026-06-30,충청북도,단양군,대강면,2287,1216,519,157,555,661,53.17009182334937
4380032000,2026-06-30,충청북도,단양군,가곡면,1927,1013,404,111,514,499,52.5687597301505
4380033000,2026-06-30,충청북도,단양군,영춘면,3022,1545,641,175,698,847,51.12508272667108
4380034000,2026-06-30,충청북도,단양군,어상천면,1816,1011,380,116,547,464,55.67180616740088
4380035000,2026-06-30,충청북도,단양군,적성면,1450,826,326,102,407,419,56.96551724137932
4380036000,2026-06-30,충청북도,단양군,단성면,1541,815,296,99,383,432,52.88773523685918
4413125000,2026-06-30,충청남도,천안시 동남구,목천읍,21717,5384,2193,700,2427,2957,24.79163788736934
4413131000,2026-06-30,충청남도,천안시 동남구,풍세면,10557,2216,796,244,1047,1169,20.99081178365066
4413132000,2026-06-30,충청남도,천안시 동남구,광덕면,3950,1857,776,265,869,988,47.01265822784811
4413133000,2026-06-30,충청남도,천안시 동남구,북면,3976,1726,674,221,823,903,43.410462776659955
4413134000,2026-06-30,충청남도,천안시 동남구,성남면,2734,1328,575,182,647,681,48.57351865398683
4413135000,2026-06-30,충청남도,천안시 동남구,수신면,1982,946,436,142,447,499,47.72956609485368
4413136000,2026-06-30,충청남도,천안시 동남구,병천면,5837,2056,863,295,962,1094,35.22357375364057
4413137000,2026-06-30,충청남도,천안시 동남구,동면,1864,1020,476,169,491,529,54.72103004291845
4413151000,2026-06-30,충청남도,천안시 동남구,중앙동,4395,1660,720,187,757,903,37.770193401592714
4413152000,2026-06-30,충청남도,천안시 동남구,문성동,7785,1293,461,116,577,716,16.60886319845857
4413153000,2026-06-30,충청남도,천안시 동남구,원성1동,7469,2316,934,255,1043,1273,31.00816709064132
4413154000,2026-06-30,충청남도,천안시 동남구,원성2동,8493,2856,1221,365,1284,1572,33.627693394560225
4413155000,2026-06-30,충청남도,천안시 동남구,봉명동,17048,3498,1259,323,1568,1930,20.518535898639136
4413156000,2026-06-30,충청남도,천안시 동남구,일봉동,24213,4144,1476,396,1928,2216,17.114773055796473
4413157000,2026-06-30,충청남도,천안시 동남구,신방동,42607,5449,1858,517,2373,3076,12.788978336892997
4413158000,2026-06-30,충청남도,천안시 동남구,청룡동,59960,8386,2809,736,3820,4566,13.985990660440292
4413159000,2026-06-30,충청남도,천안시 동남구,신안동,39066,6486,2267,596,3008,3478,16.60267240055291
4413325000,2026-06-30,충청남도,천안시 서북구,성환읍,21430,6823,2981,882,3048,3775,31.838544097060193
4413325300,2026-06-30,충청남도,천안시 서북구,성거읍,21269,4218,1524,430,1988,2230,19.83167990972777
4413325600,2026-06-30,충청남도,천안시 서북구,직산읍,18957,3837,1466,450,1771,2066,20.240544389935117
4413331000,2026-06-30,충청남도,천안시 서북구,입장면,7328,2750,1128,355,1284,1466,37.527292576419214
4413351000,2026-06-30,충청남도,천안시 서북구,성정1동,16778,3727,1364,338,1742,1985,22.213613064727618
4413352000,2026-06-30,충청남도,천안시 서북구,성정2동,24417,3518,1123,273,1668,1850,14.407994430110168
4413353000,2026-06-30,충청남도,천안시 서북구,쌍용1동,12178,2848,957,266,1257,1591,23.386434554113976
4413354000,2026-06-30,충청남도,천안시 서북구,쌍용2동,33638,4947,1633,452,2208,2739,14.706581841964445
4413355000,2026-06-30,충청남도,천안시 서북구,쌍용3동,16753,3286,1254,370,1387,1899,19.614397421357367
4413356000,2026-06-30,충청남도,천안시 서북구,백석동,40263,3754,1118,306,1729,2025,9.323696694235402
4413356600,2026-06-30,충청남도,천안시 서북구,불당1동,31541,2234,647,180,1071,1163,7.082844551536096
4413356700,2026-06-30,충청남도,천안시 서북구,불당2동,37287,1528,438,117,680,848,4.0979429828090215
4413358000,2026-06-30,충청남도,천안시 서북구,부성1동,56813,5223,1808,475,2431,2792,9.193318430640876
4413359000,2026-06-30,충청남도,천안시 서북구,부성2동,63877,3737,1118,321,1720,2017,5.850306056953207
4415025000,2026-06-30,충청남도,공주시,유구읍,6748,3345,1484,493,1550,1795,49.57024303497333
4415031000,2026-06-30,충청남도,공주시,이인면,2851,1482,720,257,686,796,51.98176078568923
4415032000,2026-06-30,충청남도,공주시,탄천면,2656,1443,717,268,687,756,54.329819277108435
4415033000,2026-06-30,충청남도,공주시,계룡면,4982,2520,1137,364,1164,1356,50.582095543958246
4415034000,2026-06-30,충청남도,공주시,반포면,3941,1640,631,204,811,829,41.61380360314641
4415036000,2026-06-30,충청남도,공주시,의당면,4221,1597,672,231,765,832,37.834636342099024
4415037000,2026-06-30,충청남도,공주시,정안면,4457,2261,1030,388,1088,1173,50.72919003814225
4415038000,2026-06-30,충청남도,공주시,우성면,4780,2331,1090,385,1114,1217,48.76569037656904
4415039000,2026-06-30,충청남도,공주시,사곡면,2644,1361,670,244,631,730,51.47503782148261
4415040000,2026-06-30,충청남도,공주시,신풍면,3014,1563,664,200,714,849,51.857996018579954
4415051000,2026-06-30,충청남도,공주시,중학동,4150,1400,682,212,598,802,33.734939759036145
4415054000,2026-06-30,충청남도,공주시,웅진동,7103,2331,1038,305,991,1340,32.81711952696044
4415055000,2026-06-30,충청남도,공주시,금학동,5262,1408,547,171,671,737,26.75788673508172
4415056000,2026-06-30,충청남도,공주시,옥룡동,6900,2599,1156,353,1095,1504,37.666666666666664
4415057000,2026-06-30,충청남도,공주시,신관동,19711,3905,1578,441,1676,2229,19.811272893308303
4415059000,2026-06-30,충청남도,공주시,월송동,16337,2827,1134,355,1255,1572,17.30427863132766
4418025000,2026-06-30,충청남도,보령시,웅천읍,5366,2786,1273,389,1243,1543,51.919493104733505
4418031000,2026-06-30,충청남도,보령시,주포면,1464,725,332,92,325,400,49.52185792349727
4418032000,2026-06-30,충청남도,보령시,오천면,1928,949,441,128,454,495,49.22199170124482
4418032500,2026-06-30,충청남도,보령시,오천면어항출장소,1405,612,241,79,286,326,43.55871886120997
4418032900,2026-06-30,충청남도,보령시,원산출장소,986,478,238,74,207,271,48.478701825557806
4418033000,2026-06-30,충청남도,보령시,천북면,3057,1617,777,268,761,856,52.89499509322866
4418034000,2026-06-30,충청남도,보령시,청소면,2238,1287,702,261,567,720,57.506702412868634
4418035000,2026-06-30,충청남도,보령시,청라면,3376,1781,875,294,805,976,52.7547393364929
4418036000,2026-06-30,충청남도,보령시,남포면,4661,2339,1087,366,1065,1274,50.182364299506546
4418038000,2026-06-30,충청남도,보령시,주산면,2132,1300,701,261,580,720,60.97560975609756
4418039000,2026-06-30,충청남도,보령시,미산면,1601,945,471,160,447,498,59.02560899437851
4418040000,2026-06-30,충청남도,보령시,성주면,1858,884,402,106,371,513,47.57804090419806
4418041000,2026-06-30,충청남도,보령시,주교면,4730,2010,898,280,913,1097,42.49471458773784
4418051500,2026-06-30,충청남도,보령시,대천1동,12190,3349,1416,332,1456,1893,27.473338802296965
4418052500,2026-06-30,충청남도,보령시,대천2동,6477,1747,778,218,742,1005,26.972363748649066
4418053500,2026-06-30,충청남도,보령시,대천3동,15037,2811,1087,277,1204,1607,18.693888408592137
4418054500,2026-06-30,충청남도,보령시,대천4동,17112,3445,1317,319,1464,1981,20.132071061243572
4418056500,2026-06-30,충청남도,보령시,대천5동,5642,2353,981,262,1064,1289,41.705069124423964
4420025000,2026-06-30,충청남도,아산시,염치읍,5595,2139,956,334,970,1169,38.23056300268097
4420025300,2026-06-30,충청남도,아산시,배방읍,98941,10152,3576,882,4627,5525,10.260660393567884
4420031000,2026-06-30,충청남도,아산시,송악면,3899,1584,728,238,761,823,40.62580148756091
4420033000,2026-06-30,충청남도,아산시,탕정면,46324,2332,826,240,1100,1232,5.034107590018133
4420035000,2026-06-30,충청남도,아산시,음봉면,22910,3556,1292,401,1682,1874,15.521606285464863
4420036000,2026-06-30,충청남도,아산시,둔포면,23587,3916,1499,469,1864,2052,16.60236570992496
4420037000,2026-06-30,충청남도,아산시,영인면,5083,2357,1122,395,1118,1239,46.37025378713358
4420038000,2026-06-30,충청남도,아산시,인주면,5272,2023,898,324,938,1085,38.37253414264036
4420039000,2026-06-30,충청남도,아산시,선장면,2704,1511,765,277,689,822,55.8801775147929
4420040000,2026-06-30,충청남도,아산시,도고면,4133,2047,987,340,972,1075,49.528187757077184
4420041000,2026-06-30,충청남도,아산시,신창면,22620,4819,2025,597,2211,2608,21.30415561450044
4420057000,2026-06-30,충청남도,아산시,온양1동,9349,2001,819,226,929,1072,21.40335864798374
4420058000,2026-06-30,충청남도,아산시,온양2동,9579,2761,1146,307,1245,1516,28.823468002923057
4420059000,2026-06-30,충청남도,아산시,온양3동,41207,5965,2370,629,2554,3411,14.475695876914116
4420060000,2026-06-30,충청남도,아산시,온양4동,15074,3490,1411,366,1507,1983,23.15244792357702
4420061000,2026-06-30,충청남도,아산시,온양5동,22068,3538,1361,370,1559,1979,16.03226391154613
4420062000,2026-06-30,충청남도,아산시,온양6동,25333,4827,1918,561,2073,2754,19.054198081553704
4421025000,2026-06-30,충청남도,서산시,대산읍,11860,3198,1291,410,1523,1675,26.964586846543003
4421031000,2026-06-30,충청남도,서산시,인지면,6912,2346,1090,381,1073,1273,33.94097222222222
4421032000,2026-06-30,충청남도,서산시,부석면,4964,2793,1398,494,1281,1512,56.26510878323933
4421033000,2026-06-30,충청남도,서산시,팔봉면,3184,1818,886,272,856,962,57.09798994974874
4421034000,2026-06-30,충청남도,서산시,지곡면,7496,2377,1074,346,1125,1252,31.7102454642476
4421036000,2026-06-30,충청남도,서산시,성연면,17026,1780,675,220,840,940,10.454598848819453
4421037000,2026-06-30,충청남도,서산시,음암면,8810,3151,1501,527,1449,1702,35.76617480136209
4421038000,2026-06-30,충청남도,서산시,운산면,4828,2534,1283,460,1170,1364,52.48550124275062
4421039000,2026-06-30,충청남도,서산시,해미면,7049,2895,1378,408,1338,1557,41.0696552702511
4421040000,2026-06-30,충청남도,서산시,고북면,5420,2245,1124,417,997,1248,41.420664206642066
4421051000,2026-06-30,충청남도,서산시,부춘동,17309,3446,1421,430,1549,1897,19.90871800797273
4421052500,2026-06-30,충청남도,서산시,동문1동,16774,3673,1532,419,1663,2010,21.896983426731847
4421053500,2026-06-30,충청남도,서산시,동문2동,8022,2148,882,239,930,1218,26.776364996260284
4421054000,2026-06-30,충청남도,서산시,수석동,17206,3103,1310,387,1391,1712,18.034406602348017
4421055000,2026-06-30,충청남도,서산시,석남동,34276,4468,1764,551,1995,2473,13.035360018671957
4423025000,2026-06-30,충청남도,논산시,강경읍,6861,3009,1372,382,1310,1699,43.85658067337123
4423025300,2026-06-30,충청남도,논산시,연무읍,12151,4430,2093,684,1922,2508,36.45790469920171
4423031000,2026-06-30,충청남도,논산시,성동면,3629,1886,958,357,832,1054,51.97023973546432
4423032000,2026-06-30,충청남도,논산시,광석면,3696,1851,890,285,849,1002,50.08116883116883
4423033000,2026-06-30,충청남도,논산시,노성면,2625,1278,638,221,563,715,48.68571428571429
4423034000,2026-06-30,충청남도,논산시,상월면,3189,1585,710,245,729,856,49.702100972091564
4423035000,2026-06-30,충청남도,논산시,부적면,3188,1592,760,276,729,863,49.937264742785445
4423036000,2026-06-30,충청남도,논산시,연산면,5510,2723,1222,414,1300,1423,49.41923774954628
4423038000,2026-06-30,충청남도,논산시,벌곡면,2203,1231,574,207,570,661,55.87834770767136
4423039000,2026-06-30,충청남도,논산시,양촌면,5700,2301,1108,376,1052,1249,40.36842105263158
4423040000,2026-06-30,충청남도,논산시,가야곡면,3028,1653,778,280,763,890,54.59048877146632
4423041000,2026-06-30,충청남도,논산시,은진면,3647,1551,727,252,702,849,42.52810529202084
4423042000,2026-06-30,충청남도,논산시,채운면,1966,1018,487,163,443,575,51.78026449643948
4423051000,2026-06-30,충청남도,논산시,취암동,33116,6484,2538,712,2836,3648,19.579659379152073
4423052000,2026-06-30,충청남도,논산시,부창동,15468,3938,1627,465,1645,2293,25.459012154124643
4425031000,2026-06-30,충청남도,계룡시,두마면,14027,2075,661,174,964,1111,14.792899408284024
4425031500,2026-06-30,충청남도,계룡시,엄사면,16543,3886,1514,488,1652,2234,23.490298011243425
4425033000,2026-06-30,충청남도,계룡시,신도안면,7491,116,34,5,39,77,1.5485248965425178
4425051000,2026-06-30,충청남도,계룡시,금암동,7898,1735,569,135,814,921,21.967586730817928
4427025000,2026-06-30,충청남도,당진시,합덕읍,7441,3369,1667,551,1529,1840,45.27617255745196
4427025300,2026-06-30,충청남도,당진시,송악읍,29503,5712,2218,682,2798,2914,19.36074297529065
4427031000,2026-06-30,충청남도,당진시,고대면,5924,2669,1205,413,1294,1375,45.054017555705606
4427032000,2026-06-30,충청남도,당진시,석문면,7809,2927,1251,433,1425,1502,37.48239211166602
4427033000,2026-06-30,충청남도,당진시,대호지면,2134,1268,613,204,595,673,59.41893158388004
4427034000,2026-06-30,충청남도,당진시,정미면,3362,1673,811,286,791,882,49.76204640095182
4427035000,2026-06-30,충청남도,당진시,면천면,3184,1585,722,240,732,853,49.780150753768844
4427036000,2026-06-30,충청남도,당진시,순성면,4468,2178,1083,389,1013,1165,48.74664279319606
4427037000,2026-06-30,충청남도,당진시,우강면,5041,2285,1140,380,1005,1280,45.328307875421544
4427038000,2026-06-30,충청남도,당진시,신평면,13895,3776,1670,520,1712,2064,27.17524289312702
4427039000,2026-06-30,충청남도,당진시,송산면,10870,2608,1134,371,1277,1331,23.992640294388224
4427051000,2026-06-30,충청남도,당진시,당진1동,41577,4218,1600,411,1903,2315,10.14503210909878
4427052000,2026-06-30,충청남도,당진시,당진2동,21781,3546,1434,420,1601,1945,16.28024424957532
4427053000,2026-06-30,충청남도,당진시,당진3동,15411,2372,972,299,1070,1302,15.39160340016871
4471025000,2026-06-30,충청남도,금산군,금산읍,22230,6484,2924,806,2771,3713,29.167791273054434
4471031000,2026-06-30,충청남도,금산군,금성면,3011,1478,685,237,700,778,49.086682165393555
4471032000,2026-06-30,충청남도,금산군,제원면,2684,1378,621,203,653,725,51.34128166915052
4471033000,2026-06-30,충청남도,금산군,부리면,2291,1325,650,244,595,730,57.835006547359235
4471034000,2026-06-30,충청남도,금산군,군북면,2312,1192,539,175,563,629,51.55709342560554
4471035000,2026-06-30,충청남도,금산군,남일면,2793,1218,590,204,548,670,43.609022556390975
4471036000,2026-06-30,충청남도,금산군,남이면,1933,998,439,155,485,513,51.62959130884636
4471037000,2026-06-30,충청남도,금산군,진산면,3072,1529,729,223,714,815,49.77213541666667
4471038000,2026-06-30,충청남도,금산군,복수면,2800,1369,618,201,662,707,48.892857142857146
4471039000,2026-06-30,충청남도,금산군,추부면,5813,2249,877,293,1092,1157,38.68914501978325
4476025000,2026-06-30,충청남도,부여군,부여읍,17295,6098,2674,754,2695,3403,35.25874530211044
4476031000,2026-06-30,충청남도,부여군,규암면,11196,3250,1445,486,1414,1836,29.028224365844945
4476032000,2026-06-30,충청남도,부여군,은산면,3484,1824,820,283,847,977,52.35361653272101
4476033000,2026-06-30,충청남도,부여군,외산면,2114,1248,626,224,543,705,59.03500473036897
4476034000,2026-06-30,충청남도,부여군,내산면,1429,824,425,160,388,436,57.66270118964311
4476035000,2026-06-30,충청남도,부여군,구룡면,2128,1143,622,232,499,644,53.712406015037594
4476036000,2026-06-30,충청남도,부여군,홍산면,2504,1383,707,222,612,771,55.23162939297125
4476037000,2026-06-30,충청남도,부여군,옥산면,1305,777,391,136,340,437,59.54022988505747
4476038000,2026-06-30,충청남도,부여군,남면,1668,975,536,199,413,562,58.45323741007194
4476039000,2026-06-30,충청남도,부여군,충화면,1049,640,302,116,314,326,61.010486177311726
4476040000,2026-06-30,충청남도,부여군,양화면,1498,973,512,221,428,545,64.95327102803739
4476041000,2026-06-30,충청남도,부여군,임천면,2525,1421,758,262,619,802,56.277227722772274
4476042000,2026-06-30,충청남도,부여군,장암면,2415,1349,731,292,601,748,55.859213250517605
4476043000,2026-06-30,충청남도,부여군,세도면,2765,1506,738,254,708,798,54.46654611211573
4476044000,2026-06-30,충청남도,부여군,석성면,2545,1171,541,200,548,623,46.011787819253435
4476045000,2026-06-30,충청남도,부여군,초촌면,1842,1031,465,185,480,551,55.97176981541803
4477025000,2026-06-30,충청남도,서천군,장항읍,10354,3761,1740,488,1635,2126,36.32412594166506
4477025300,2026-06-30,충청남도,서천군,서천읍,12337,3980,1850,557,1728,2252,32.260679257518035
4477031000,2026-06-30,충청남도,서천군,마서면,4349,2238,1144,379,973,1265,51.46010577144171
4477032000,2026-06-30,충청남도,서천군,화양면,2007,1222,687,268,553,669,60.88689586447435
4477033000,2026-06-30,충청남도,서천군,기산면,1450,848,443,169,386,462,58.48275862068966
4477034000,2026-06-30,충청남도,서천군,한산면,2238,1254,698,286,527,727,56.03217158176944
4477035000,2026-06-30,충청남도,서천군,마산면,1365,788,417,167,354,434,57.72893772893772
4477036000,2026-06-30,충청남도,서천군,시초면,1117,673,365,158,302,371,60.250671441360794
4477037000,2026-06-30,충청남도,서천군,문산면,1159,716,399,148,325,391,61.77739430543572
4477038000,2026-06-30,충청남도,서천군,판교면,1871,1131,571,219,523,608,60.44895777659006
4477039000,2026-06-30,충청남도,서천군,종천면,1949,1133,594,222,498,635,58.132375577219086
4477040000,2026-06-30,충청남도,서천군,비인면,2686,1444,702,217,634,810,53.7602382725242
4477041000,2026-06-30,충청남도,서천군,서면,3879,1757,801,228,787,970,45.29517916988915
4479025000,2026-06-30,충청남도,청양군,청양읍,10370,3062,1372,430,1418,1644,29.527483124397303
4479031000,2026-06-30,충청남도,청양군,운곡면,2018,1083,541,225,500,583,53.66699702675917
4479032000,2026-06-30,충청남도,청양군,대치면,2166,1054,477,186,499,555,48.661126500461684
4479033000,2026-06-30,충청남도,청양군,정산면,3517,1435,688,235,653,782,40.801819732726756
4479034000,2026-06-30,충청남도,청양군,목면,1420,678,310,110,317,361,47.74647887323943
4479035000,2026-06-30,충청남도,청양군,청남면,1773,903,436,142,407,496,50.930626057529615
4479036000,2026-06-30,충청남도,청양군,장평면,2215,1194,598,199,540,654,53.90519187358917
4479037000,2026-06-30,충청남도,청양군,남양면,2559,1386,707,294,616,770,54.161781946072686
4479038000,2026-06-30,충청남도,청양군,화성면,1994,1101,539,196,506,595,55.215646940822474
4479039000,2026-06-30,충청남도,청양군,비봉면,2019,1067,502,186,471,596,52.847944526993565
4480025000,2026-06-30,충청남도,홍성군,홍성읍,33789,9099,3908,1121,3941,5158,26.92888218059132
4480025300,2026-06-30,충청남도,홍성군,광천읍,7076,3696,1903,600,1588,2108,52.23289994347089
4480025600,2026-06-30,충청남도,홍성군,홍북읍,38624,4387,1578,472,1997,2390,11.358222866611435
4480032000,2026-06-30,충청남도,홍성군,금마면,3183,1666,814,294,757,909,52.340559220860825
4480033000,2026-06-30,충청남도,홍성군,홍동면,3176,1545,788,313,707,838,48.64609571788413
4480034000,2026-06-30,충청남도,홍성군,장곡면,2647,1489,806,322,643,846,56.25236116358141
4480035000,2026-06-30,충청남도,홍성군,은하면,1943,1182,622,237,554,628,60.83376222336593
4480036000,2026-06-30,충청남도,홍성군,결성면,1890,1135,585,223,515,620,60.05291005291006
4480037000,2026-06-30,충청남도,홍성군,서부면,2888,1613,775,246,727,886,55.85180055401662
4480038000,2026-06-30,충청남도,홍성군,갈산면,3222,1799,921,341,796,1003,55.83488516449411
4480039000,2026-06-30,충청남도,홍성군,구항면,3128,1611,754,269,747,864,51.50255754475703
4481025000,2026-06-30,충청남도,예산군,예산읍,28919,9516,4082,1196,4116,5400,32.905702133545425
4481025300,2026-06-30,충청남도,예산군,삽교읍,19008,3982,1709,584,1811,2171,20.949074074074073
4481031000,2026-06-30,충청남도,예산군,대술면,2172,1236,617,212,561,675,56.9060773480663
4481032000,2026-06-30,충청남도,예산군,신양면,2799,1518,729,242,702,816,54.23365487674169
4481033000,2026-06-30,충청남도,예산군,광시면,2763,1500,778,276,691,809,54.28881650380022
4481034000,2026-06-30,충청남도,예산군,대흥면,1630,968,439,144,478,490,59.38650306748466
4481035000,2026-06-30,충청남도,예산군,응봉면,2192,1087,492,174,499,588,49.58941605839416
4481036000,2026-06-30,충청남도,예산군,덕산면,5929,2695,1231,418,1174,1521,45.45454545454545
4481037000,2026-06-30,충청남도,예산군,봉산면,2304,1175,588,226,539,636,50.998263888888886
4481038000,2026-06-30,충청남도,예산군,고덕면,3916,2030,1086,363,904,1126,51.83861082737488
4481039000,2026-06-30,충청남도,예산군,신암면,3042,1664,839,304,726,938,54.700854700854705
4481040000,2026-06-30,충청남도,예산군,오가면,3644,1912,958,329,870,1042,52.46981339187706
4482525000,2026-06-30,충청남도,태안군,태안읍,28497,8488,3714,996,3891,4597,29.785591465768324
4482525300,2026-06-30,충청남도,태안군,안면읍,7612,3543,1638,420,1580,1963,46.544929059379925
4482531000,2026-06-30,충청남도,태안군,고남면,2195,1138,583,193,487,651,51.84510250569476
4482532000,2026-06-30,충청남도,태안군,남면,4100,1995,939,293,906,1089,48.65853658536585
4482533000,2026-06-30,충청남도,태안군,근흥면,5242,2756,1244,359,1266,1490,52.57535291873331
4482534000,2026-06-30,충청남도,태안군,소원면,5103,2800,1316,394,1236,1564,54.86968449931413
4482535000,2026-06-30,충청남도,태안군,원북면,4169,2118,1041,337,975,1143,50.80355001199328
4482536000,2026-06-30,충청남도,태안군,이원면,2121,1187,604,212,546,641,55.96416784535596
4611051000,2026-06-30,전라남도,목포시,용당1동,8694,3434,1555,334,1467,1967,39.49850471589602
4611052000,2026-06-30,전라남도,목포시,용당2동,4266,1802,852,210,766,1036,42.240975152367554
4611053500,2026-06-30,전라남도,목포시,연동,3588,1588,811,187,629,959,44.25863991081383
4611054500,2026-06-30,전라남도,목포시,산정동,8406,2137,872,206,922,1215,25.422317392338805
4611055400,2026-06-30,전라남도,목포시,연산동,9514,1312,489,106,566,746,13.79020391002733
4611055800,2026-06-30,전라남도,목포시,원산동,10863,2567,1052,257,1035,1532,23.630672926447573
4611056500,2026-06-30,전라남도,목포시,대성동,4364,1156,501,129,509,647,26.48945921173236
4611059500,2026-06-30,전라남도,목포시,목원동,5837,2614,1294,316,1128,1486,44.78327908172006
4611064000,2026-06-30,전라남도,목포시,동명동,4284,1890,958,197,802,1088,44.11764705882353
4611064500,2026-06-30,전라남도,목포시,삼학동,5195,1657,745,154,712,945,31.896053897978828
4611065500,2026-06-30,전라남도,목포시,만호동,2239,1077,542,136,465,612,48.101831174631535
4611066000,2026-06-30,전라남도,목포시,유달동,3530,1435,734,201,620,815,40.65155807365439
4611069500,2026-06-30,전라남도,목포시,죽교동,2467,983,509,126,422,561,39.845966761248484
4611070500,2026-06-30,전라남도,목포시,북항동,7893,2147,863,211,893,1254,27.201317623210443
4611074500,2026-06-30,전라남도,목포시,용해동,14958,2999,1259,317,1241,1758,20.049471854526004
4611075000,2026-06-30,전라남도,목포시,이로동,9638,2302,948,248,1001,1301,23.884623365843535
4611075600,2026-06-30,전라남도,목포시,상동,20883,4558,1750,434,1957,2601,21.82636594359048
4611075700,2026-06-30,전라남도,목포시,하당동,14349,2171,751,167,1011,1160,15.129974214230957
4611075800,2026-06-30,전라남도,목포시,신흥동,15612,2950,1050,281,1335,1615,18.89572124007174
4611078000,2026-06-30,전라남도,목포시,삼향동,4122,1090,455,130,492,598,26.443474041727317
4611079000,2026-06-30,전라남도,목포시,옥암동,10055,1632,603,127,722,910,16.230730979612133
4611080000,2026-06-30,전라남도,목포시,부흥동,7470,1536,595,157,630,906,20.562248995983936
4611081000,2026-06-30,전라남도,목포시,부주동,21297,2388,745,162,1117,1271,11.212846879842232
4613025000,2026-06-30,전라남도,여수시,돌산읍,2256,1279,678,198,569,710,56.693262411347526
4613025100,2026-06-30,전라남도,여수시,돌산읍우두출장소,7840,2804,1232,368,1268,1536,35.76530612244898
4613025200,2026-06-30,전라남도,여수시,돌산읍죽포출장소,1714,986,488,159,435,551,57.526254375729295
4613031000,2026-06-30,전라남도,여수시,소라면,20858,4304,1736,498,1966,2338,20.63476843417394
4613032000,2026-06-30,전라남도,여수시,율촌면,6016,2589,1316,414,1120,1469,43.035239361702125
4613033000,2026-06-30,전라남도,여수시,화양면,5811,2855,1441,447,1280,1575,49.130958526931686
4613034000,2026-06-30,전라남도,여수시,남면,2500,1414,750,224,625,789,56.56
4613035000,2026-06-30,전라남도,여수시,화정면,1257,771,435,149,362,409,61.336515513126486
4613035600,2026-06-30,전라남도,여수시,화정면개도출장소,737,388,218,68,173,215,52.645861601085485
4613036000,2026-06-30,전라남도,여수시,삼산면,1944,856,365,101,432,424,44.03292181069959
4613051500,2026-06-30,전라남도,여수시,동문동,3899,1579,759,161,680,899,40.49756347781482
4613053500,2026-06-30,전라남도,여수시,한려동,2493,1053,555,118,442,611,42.238267148014444
4613057000,2026-06-30,전라남도,여수시,중앙동,3553,1574,739,150,645,929,44.30059104981706
4613060000,2026-06-30,전라남도,여수시,충무동,3242,1551,816,201,666,885,47.84083898827884
4613062500,2026-06-30,전라남도,여수시,광림동,5775,2177,1005,220,970,1207,37.696969696969695
4613063500,2026-06-30,전라남도,여수시,서강동,3677,1481,679,152,635,846,40.27740005439217
4613065500,2026-06-30,전라남도,여수시,대교동,4390,2057,1005,237,870,1187,46.85649202733485
4613067000,2026-06-30,전라남도,여수시,국동,9599,3425,1426,274,1522,1903,35.680800083342014
4613068500,2026-06-30,전라남도,여수시,월호동,6898,2194,862,173,1006,1188,31.806320672658746
4613070000,2026-06-30,전라남도,여수시,여서동,15106,4447,1686,441,1934,2513,29.43863365550112
4613071000,2026-06-30,전라남도,여수시,문수동,18029,4261,1693,381,1916,2345,23.63414498862943
4613073000,2026-06-30,전라남도,여수시,미평동,10974,2696,1049,245,1239,1457,24.567158738837254
4613074000,2026-06-30,전라남도,여수시,둔덕동,9114,2007,691,137,914,1093,22.021066491112574
4613076500,2026-06-30,전라남도,여수시,만덕동,9909,2586,1110,242,1157,1429,26.097487132909475
4613078000,2026-06-30,전라남도,여수시,쌍봉동,31061,5030,1747,389,2346,2684,16.193940954895204
4613079000,2026-06-30,전라남도,여수시,시전동,43102,5145,1566,373,2371,2774,11.93680107651617
4613080000,2026-06-30,전라남도,여수시,여천동,18456,4294,1547,423,1966,2328,23.266146510619855
4613081000,2026-06-30,전라남도,여수시,주삼동,7339,1165,504,116,499,666,15.874097288458918
4613082000,2026-06-30,전라남도,여수시,삼일동,1912,828,395,117,383,445,43.30543933054393
4613083000,2026-06-30,전라남도,여수시,묘도동,1041,483,266,99,198,285,46.39769452449568
4615025000,2026-06-30,전라남도,순천시,승주읍,2286,1260,634,258,558,702,55.118110236220474
4615031000,2026-06-30,전라남도,순천시,해룡면,4003,1932,967,332,850,1082,48.263802148388706
4615031500,2026-06-30,전라남도,순천시,해룡면상삼출장소,17574,2006,671,199,893,1113,11.414589734835552
4615031600,2026-06-30,전라남도,순천시,해룡면신대출장소,32642,1646,410,99,771,875,5.042583175050548
4615032000,2026-06-30,전라남도,순천시,서면,14978,3734,1584,478,1700,2034,24.929897182534383
4615033000,2026-06-30,전라남도,순천시,황전면,2531,1534,856,297,681,853,60.6084551560648
4615034000,2026-06-30,전라남도,순천시,월등면,1573,896,452,156,403,493,56.96122059758424
4615035000,2026-06-30,전라남도,순천시,주암면,2756,1585,864,315,696,889,57.51088534107402
4615036000,2026-06-30,전라남도,순천시,송광면,1315,776,440,166,356,420,59.01140684410646
4615037000,2026-06-30,전라남도,순천시,외서면,730,445,257,107,191,254,60.95890410958904
4615038000,2026-06-30,전라남도,순천시,낙안면,2772,1567,808,276,698,869,56.52958152958153
4615039000,2026-06-30,전라남도,순천시,별량면,4968,2560,1358,545,1114,1446,51.52979066022544
4615040000,2026-06-30,전라남도,순천시,상사면,2765,1283,643,246,583,700,46.40144665461121
4615051500,2026-06-30,전라남도,순천시,향동,3064,1342,684,180,566,776,43.79895561357702
4615054000,2026-06-30,전라남도,순천시,매곡동,6227,1666,839,246,696,970,26.754456399550346
4615055000,2026-06-30,전라남도,순천시,삼산동,28579,5600,1991,518,2508,3092,19.59480737604535
4615056000,2026-06-30,전라남도,순천시,조곡동,6967,1701,705,165,768,933,24.415099755992536
4615057000,2026-06-30,전라남도,순천시,덕연동,38788,7553,2450,591,3487,4066,19.47251727338352
4615058000,2026-06-30,전라남도,순천시,풍덕동,6635,2409,1111,280,1027,1382,36.30746043707611
4615059000,2026-06-30,전라남도,순천시,남제동,7302,2772,1247,317,1194,1578,37.96220213640098
4615060000,2026-06-30,전라남도,순천시,저전동,2480,1020,527,135,435,585,41.12903225806452
4615061000,2026-06-30,전라남도,순천시,장천동,1709,685,307,74,312,373,40.08191925102399
4615062000,2026-06-30,전라남도,순천시,중앙동,2394,922,420,114,412,510,38.512949039264825
4615063500,2026-06-30,전라남도,순천시,도사동,16637,3513,1403,406,1568,1945,21.115585742621867
4615066100,2026-06-30,전라남도,순천시,왕조1동,45992,6110,1948,565,2791,3319,13.284919116368062
4615066500,2026-06-30,전라남도,순천시,왕조2동,16464,2095,609,151,977,1118,12.724732750242953
4617025000,2026-06-30,전라남도,나주시,남평읍,11548,3369,1421,425,1528,1841,29.173882923449945
4617031000,2026-06-30,전라남도,나주시,세지면,2254,1171,600,199,508,663,51.952085181898845
4617032000,2026-06-30,전라남도,나주시,왕곡면,2527,1259,637,247,564,695,49.821923229125446
4617033000,2026-06-30,전라남도,나주시,반남면,1214,668,357,120,295,373,55.02471169686986
4617034000,2026-06-30,전라남도,나주시,공산면,1989,1038,544,189,463,575,52.1870286576169
4617035000,2026-06-30,전라남도,나주시,동강면,2162,1212,659,235,525,687,56.05920444033302
4617036000,2026-06-30,전라남도,나주시,다시면,3194,1680,838,293,746,934,52.59862241703194
4617037000,2026-06-30,전라남도,나주시,문평면,1666,951,495,191,416,535,57.082833133253295
4617038000,2026-06-30,전라남도,나주시,노안면,4060,2123,1031,375,962,1161,52.29064039408867
4617039000,2026-06-30,전라남도,나주시,금천면,6757,1878,890,250,850,1028,27.79339943762025
4617040000,2026-06-30,전라남도,나주시,산포면,2966,1388,679,225,620,768,46.79703304113284
4617042000,2026-06-30,전라남도,나주시,다도면,1735,896,454,161,410,486,51.64265129682997
4617043000,2026-06-30,전라남도,나주시,봉황면,3668,1905,958,292,866,1039,51.93565976008724
4617051000,2026-06-30,전라남도,나주시,송월동,11274,1714,692,184,695,1019,15.203122228135532
4617052000,2026-06-30,전라남도,나주시,영강동,2420,808,372,98,337,471,33.388429752066116
4617054000,2026-06-30,전라남도,나주시,금남동,4119,1626,835,231,691,935,39.475600873998545
4617055000,2026-06-30,전라남도,나주시,성북동,7837,1865,815,219,814,1051,23.79737144315427
4617058000,2026-06-30,전라남도,나주시,영산동,2667,1289,668,209,575,714,48.33145856767904
4617060000,2026-06-30,전라남도,나주시,이창동,3062,1175,545,156,539,636,38.373612018288696
4617062000,2026-06-30,전라남도,나주시,빛가람동,39572,2713,800,144,1232,1481,6.8558576771454565
4623025000,2026-06-30,전라남도,광양시,광양읍,49517,10025,3890,1156,4613,5412,20.245572227719773
4623031000,2026-06-30,전라남도,광양시,봉강면,1946,861,434,159,386,475,44.24460431654676
4623032000,2026-06-30,전라남도,광양시,옥룡면,2760,1366,703,264,616,750,49.492753623188406
4623033000,2026-06-30,전라남도,광양시,옥곡면,4690,1389,631,212,631,758,29.616204690831555
4623034000,2026-06-30,전라남도,광양시,진상면,2409,1300,714,254,578,722,53.964300539643006
4623035000,2026-06-30,전라남도,광양시,진월면,2415,1313,704,223,559,754,54.36853002070393
4623036000,2026-06-30,전라남도,광양시,다압면,1542,818,391,139,362,456,53.047989623865114
4623051500,2026-06-30,전라남도,광양시,골약동,13085,889,387,146,420,469,6.794038975926633
4623053000,2026-06-30,전라남도,광양시,중마동,56831,5458,1535,379,2682,2776,9.603913357146627
4623054000,2026-06-30,전라남도,광양시,광영동,9890,2169,646,163,1003,1166,21.931243680485338
4623055000,2026-06-30,전라남도,광양시,금호동,9501,1969,407,69,1018,951,20.72413430165246
4623057000,2026-06-30,전라남도,광양시,태인동,1389,591,270,89,263,328,42.54859611231102
4671025000,2026-06-30,전라남도,담양군,담양읍,15116,4363,2077,621,1941,2422,28.863455940725057
4671031000,2026-06-30,전라남도,담양군,봉산면,2546,1130,548,172,506,624,44.38334642576591
4671032000,2026-06-30,전라남도,담양군,고서면,2796,1316,608,180,609,707,47.06723891273247
4671033500,2026-06-30,전라남도,담양군,가사문학면,1161,572,259,104,268,304,49.26787252368648
4671034000,2026-06-30,전라남도,담양군,창평면,3340,1465,729,239,663,802,43.862275449101794
4671035000,2026-06-30,전라남도,담양군,대덕면,1822,806,357,119,384,422,44.2371020856202
4671036000,2026-06-30,전라남도,담양군,무정면,2268,1059,537,195,464,595,46.69312169312169
4671037000,2026-06-30,전라남도,담양군,금성면,2407,1128,591,211,492,636,46.86331533028667
4671038000,2026-06-30,전라남도,담양군,용면,1710,801,405,127,369,432,46.8421052631579
4671039000,2026-06-30,전라남도,담양군,월산면,2178,999,489,152,471,528,45.867768595041326
4671040000,2026-06-30,전라남도,담양군,수북면,4695,1720,796,282,771,949,36.63471778487753
4671041000,2026-06-30,전라남도,담양군,대전면,3992,1555,773,282,675,880,38.952905811623246
4672025000,2026-06-30,전라남도,곡성군,곡성읍,8049,2670,1349,476,1142,1528,33.17182258665673
4672031000,2026-06-30,전라남도,곡성군,오곡면,1748,858,449,170,369,489,49.084668192219674
4672032000,2026-06-30,전라남도,곡성군,삼기면,1664,882,491,196,390,492,53.004807692307686
4672033000,2026-06-30,전라남도,곡성군,석곡면,2171,1085,598,262,453,632,49.976969138645785
4672034000,2026-06-30,전라남도,곡성군,목사동면,1344,710,374,150,320,390,52.827380952380956
4672035000,2026-06-30,전라남도,곡성군,죽곡면,1960,1001,491,177,464,537,51.07142857142857
4672036000,2026-06-30,전라남도,곡성군,고달면,1071,575,331,117,259,316,53.68814192343604
4672037000,2026-06-30,전라남도,곡성군,옥과면,4117,1369,641,234,609,760,33.252368229293175
4672038000,2026-06-30,전라남도,곡성군,입면,2336,939,499,208,403,536,40.196917808219176
4672039000,2026-06-30,전라남도,곡성군,겸면,1669,784,424,155,338,446,46.974236069502695
4672040000,2026-06-30,전라남도,곡성군,오산면,1528,710,315,116,346,364,46.46596858638743
4673025000,2026-06-30,전라남도,구례군,구례읍,10639,3459,1663,518,1488,1971,32.51245417802425
4673031000,2026-06-30,전라남도,구례군,문척면,1307,580,286,102,276,304,44.376434583014536
4673032000,2026-06-30,전라남도,구례군,간전면,1389,684,384,124,297,387,49.24406047516199
4673033000,2026-06-30,전라남도,구례군,토지면,2420,1176,546,209,523,653,48.595041322314046
4673034000,2026-06-30,전라남도,구례군,마산면,2356,1072,551,196,436,636,45.50084889643464
4673035000,2026-06-30,전라남도,구례군,광의면,2160,1152,648,236,478,674,53.333333333333336
4673036000,2026-06-30,전라남도,구례군,용방면,1300,669,371,143,281,388,51.46153846153846
4673037000,2026-06-30,전라남도,구례군,산동면,2766,1346,699,241,564,782,48.66232827187274
4677025000,2026-06-30,전라남도,고흥군,고흥읍,12279,3362,1544,454,1435,1927,27.38007981105953
4677025300,2026-06-30,전라남도,고흥군,도양읍,9141,3729,1817,499,1624,2105,40.794223826714806
4677025400,2026-06-30,전라남도,고흥군,도양읍소록출장소,482,312,233,95,158,154,64.73029045643153
4677025500,2026-06-30,전라남도,고흥군,도양읍시산출장소,188,82,55,21,27,55,43.61702127659575
4677031000,2026-06-30,전라남도,고흥군,풍양면,2869,1711,976,350,732,979,59.63750435691879
4677032000,2026-06-30,전라남도,고흥군,도덕면,2654,1482,829,321,646,836,55.84024114544084
4677033000,2026-06-30,전라남도,고흥군,금산면,3876,2232,1238,429,954,1278,57.585139318885446
4677034000,2026-06-30,전라남도,고흥군,도화면,3487,1959,1083,393,853,1106,56.180097505018644
4677035000,2026-06-30,전라남도,고흥군,포두면,4424,2440,1334,455,1018,1422,55.15370705244123
4677036000,2026-06-30,전라남도,고흥군,봉래면,1770,983,537,184,419,564,55.536723163841806
4677037000,2026-06-30,전라남도,고흥군,점암면,2533,1460,787,292,624,836,57.63916304776945
4677038000,2026-06-30,전라남도,고흥군,과역면,2995,1640,880,341,683,957,54.757929883138566
4677039000,2026-06-30,전라남도,고흥군,남양면,2124,1209,594,202,517,692,56.92090395480226
4677040000,2026-06-30,전라남도,고흥군,동강면,2802,1505,789,288,630,875,53.71163454675232
4677041000,2026-06-30,전라남도,고흥군,대서면,2051,1198,639,247,503,695,58.41053144807411
4677042000,2026-06-30,전라남도,고흥군,두원면,2792,1694,1031,384,715,979,60.673352435530084
4677044000,2026-06-30,전라남도,고흥군,영남면,1147,670,392,128,274,396,58.413251961639055
4677045000,2026-06-30,전라남도,고흥군,동일면,1362,745,374,139,333,412,54.69897209985316
4678025000,2026-06-30,전라남도,보성군,보성읍,8640,2655,1282,418,1143,1512,30.729166666666668
4678025300,2026-06-30,전라남도,보성군,벌교읍,10875,4918,2610,862,2082,2836,45.222988505747125
4678031000,2026-06-30,전라남도,보성군,노동면,1104,589,328,142,254,335,53.35144927536232
4678032000,2026-06-30,전라남도,보성군,미력면,1374,664,358,128,290,374,48.32605531295487
4678033000,2026-06-30,전라남도,보성군,겸백면,1087,581,339,144,245,336,53.449862005519776
4678034000,2026-06-30,전라남도,보성군,율어면,1098,564,321,139,232,332,51.36612021857923
4678035000,2026-06-30,전라남도,보성군,복내면,1528,829,450,189,357,472,54.25392670157068
4678036000,2026-06-30,전라남도,보성군,문덕면,939,453,241,89,201,252,48.242811501597444
4678037000,2026-06-30,전라남도,보성군,조성면,3352,1773,982,355,721,1052,52.89379474940334
4678038000,2026-06-30,전라남도,보성군,득량면,2526,1347,708,278,574,773,53.32541567695962
4678038500,2026-06-30,전라남도,보성군,득량면예당출장소,1115,501,261,84,206,295,44.93273542600897
4678039000,2026-06-30,전라남도,보성군,회천면,2893,1423,726,266,639,784,49.18769443484272
4678040000,2026-06-30,전라남도,보성군,웅치면,1028,572,329,129,251,321,55.6420233463035
4679025000,2026-06-30,전라남도,화순군,화순읍,38859,9097,4162,1236,3895,5202,23.410278185233793
4679031000,2026-06-30,전라남도,화순군,한천면,917,450,223,72,210,240,49.07306434023992
4679031500,2026-06-30,전라남도,화순군,한천면영외출장소,400,245,134,39,98,147,61.25000000000001
4679032000,2026-06-30,전라남도,화순군,춘양면,1598,871,467,182,398,473,54.50563204005007
4679033000,2026-06-30,전라남도,화순군,청풍면,957,536,306,143,238,298,56.00835945663532
4679034000,2026-06-30,전라남도,화순군,이양면,1658,916,506,207,402,514,55.24728588661038
4679035000,2026-06-30,전라남도,화순군,능주면,2788,1253,597,192,546,707,44.942611190817786
4679036000,2026-06-30,전라남도,화순군,도곡면,2698,1280,604,239,583,697,47.44255003706449
4679037000,2026-06-30,전라남도,화순군,도암면,1297,717,391,142,330,387,55.28141865844256
4679038000,2026-06-30,전라남도,화순군,이서면,932,484,255,94,227,257,51.931330472103
4679039500,2026-06-30,전라남도,화순군,백아면,1457,837,460,154,373,464,57.446808510638306
4679040000,2026-06-30,전라남도,화순군,동복면,1435,783,430,154,334,449,54.56445993031359
4679041500,2026-06-30,전라남도,화순군,사평면,2000,1009,506,185,459,550,50.449999999999996
4679042000,2026-06-30,전라남도,화순군,동면,2913,1375,679,248,634,741,47.202197047717135
4680025000,2026-06-30,전라남도,장흥군,장흥읍,14635,3998,1848,590,1682,2316,27.318073112401777
4680025300,2026-06-30,전라남도,장흥군,관산읍,4266,2169,1176,415,910,1259,50.84388185654009
4680025600,2026-06-30,전라남도,장흥군,대덕읍,2856,1441,745,270,603,838,50.45518207282913
4680031000,2026-06-30,전라남도,장흥군,용산면,2055,1092,559,218,472,620,53.13868613138686
4680032000,2026-06-30,전라남도,장흥군,안양면,2552,1288,655,258,555,733,50.470219435736674
4680033000,2026-06-30,전라남도,장흥군,장동면,1099,617,348,150,262,355,56.14194722474978
4680034000,2026-06-30,전라남도,장흥군,장평면,1884,991,585,240,419,572,52.60084925690022
4680035000,2026-06-30,전라남도,장흥군,유치면,900,473,231,81,199,274,52.55555555555556
4680036000,2026-06-30,전라남도,장흥군,부산면,1315,693,426,184,289,404,52.69961977186311
4680037000,2026-06-30,전라남도,장흥군,회진면,2390,1209,668,185,510,699,50.58577405857741
4681025000,2026-06-30,전라남도,강진군,강진읍,12373,3755,1758,531,1599,2156,30.348339125515235
4681031000,2026-06-30,전라남도,강진군,군동면,4722,1654,844,288,719,935,35.0275307073274
4681032000,2026-06-30,전라남도,강진군,칠량면,1992,1046,590,202,448,598,52.51004016064257
4681033000,2026-06-30,전라남도,강진군,대구면,986,537,301,102,223,314,54.462474645030426
4681034000,2026-06-30,전라남도,강진군,도암면,2246,1270,672,245,563,707,56.54496883348175
4681035000,2026-06-30,전라남도,강진군,신전면,1589,853,444,185,372,481,53.68156073001889
4681036000,2026-06-30,전라남도,강진군,성전면,2556,1300,680,242,561,739,50.86071987480438
4681037000,2026-06-30,전라남도,강진군,작천면,1627,884,501,185,376,508,54.333128457283344
4681038000,2026-06-30,전라남도,강진군,병영면,1422,722,393,149,287,435,50.773558368495074
4681039000,2026-06-30,전라남도,강진군,옴천면,565,300,184,76,131,169,53.09734513274337
4681040000,2026-06-30,전라남도,강진군,마량면,1588,743,378,113,319,424,46.788413098236774
4682025000,2026-06-30,전라남도,해남군,해남읍,23483,5570,2356,610,2466,3104,23.719286292211386
4682031000,2026-06-30,전라남도,해남군,삼산면,2632,1264,636,183,570,694,48.02431610942249
4682032000,2026-06-30,전라남도,해남군,화산면,2798,1430,771,238,618,812,51.10793423874196
4682033000,2026-06-30,전라남도,해남군,현산면,2506,1361,709,233,594,767,54.30965682362331
4682034000,2026-06-30,전라남도,해남군,송지면,5339,2406,1188,378,1044,1362,45.06461884247987
4682035000,2026-06-30,전라남도,해남군,북평면,2416,1272,685,217,552,720,52.64900662251656
4682036000,2026-06-30,전라남도,해남군,북일면,1771,969,535,187,402,567,54.71485036702428
4682037000,2026-06-30,전라남도,해남군,옥천면,2724,1322,726,267,582,740,48.53157121879589
4682038000,2026-06-30,전라남도,해남군,계곡면,1999,1091,593,243,442,649,54.57728864432217
4682039000,2026-06-30,전라남도,해남군,마산면,2218,1079,613,211,452,627,48.647430117222726
4682040000,2026-06-30,전라남도,해남군,황산면,4154,2111,977,313,903,1208,50.818488204140586
4682041000,2026-06-30,전라남도,해남군,산이면,3376,1598,849,285,704,894,47.334123222748815
4682042000,2026-06-30,전라남도,해남군,문내면,3472,1701,842,259,754,947,48.99193548387097
4682043000,2026-06-30,전라남도,해남군,화원면,3139,1452,706,221,644,808,46.256769671870025
4683025000,2026-06-30,전라남도,영암군,영암읍,7659,2458,1172,348,1091,1367,32.09296252774514
4683025300,2026-06-30,전라남도,영암군,삼호읍,15075,2596,997,240,1242,1354,17.220563847429517
4683025400,2026-06-30,전라남도,영암군,삼호읍서부출장소,5803,763,298,95,372,391,13.148371531966225
4683031000,2026-06-30,전라남도,영암군,덕진면,1633,787,437,175,318,469,48.19350887936314
4683032000,2026-06-30,전라남도,영암군,금정면,1926,988,520,194,442,546,51.298026998961575
4683033000,2026-06-30,전라남도,영암군,신북면,3321,1636,806,268,722,914,49.26227040048178
4683034000,2026-06-30,전라남도,영암군,시종면,3162,1620,806,267,696,924,51.23339658444023
4683035000,2026-06-30,전라남도,영암군,도포면,2000,978,515,188,428,550,48.9
4683036000,2026-06-30,전라남도,영암군,군서면,2962,1427,800,272,577,850,48.176907494935854
4683037000,2026-06-30,전라남도,영암군,서호면,1745,932,517,189,384,548,53.409742120343836
4683038000,2026-06-30,전라남도,영암군,학산면,2754,1237,647,224,530,707,44.91648511256354
4683039000,2026-06-30,전라남도,영암군,미암면,2036,1008,516,191,439,569,49.50884086444008
4684025000,2026-06-30,전라남도,무안군,무안읍,10532,2901,1275,326,1250,1651,27.544625902012914
4684025300,2026-06-30,전라남도,무안군,일로읍,25627,3109,1404,393,1347,1762,12.131736059624615
4684025600,2026-06-30,전라남도,무안군,삼향읍,4885,2044,904,284,977,1067,41.84237461617196
4684025800,2026-06-30,전라남도,무안군,삼향읍남악출장소,32395,2471,794,177,1080,1391,7.627720327210989
4684032000,2026-06-30,전라남도,무안군,몽탄면,2726,1399,750,269,584,815,51.320616287600885
4684033000,2026-06-30,전라남도,무안군,청계면,6341,2385,1112,349,1080,1305,37.61236398044473
4684034000,2026-06-30,전라남도,무안군,현경면,4196,2102,1041,313,926,1176,50.09532888465205
4684035000,2026-06-30,전라남도,무안군,망운면,1822,895,430,107,402,493,49.1218441273326
4684036000,2026-06-30,전라남도,무안군,해제면,4384,2256,1151,347,1004,1252,51.45985401459854
4684037000,2026-06-30,전라남도,무안군,운남면,2751,1275,593,175,575,700,46.346782988004364
4686025000,2026-06-30,전라남도,함평군,함평읍,8103,2667,1353,464,1138,1529,32.91373565346168
4686031000,2026-06-30,전라남도,함평군,손불면,3053,1500,827,285,648,852,49.1320013101867
4686032000,2026-06-30,전라남도,함평군,신광면,1574,822,411,147,374,448,52.22363405336722
4686033000,2026-06-30,전라남도,함평군,학교면,3308,1640,861,329,711,929,49.57678355501814
4686034000,2026-06-30,전라남도,함평군,엄다면,1719,853,453,173,353,500,49.6218731820826
4686035000,2026-06-30,전라남도,함평군,대동면,3008,1312,691,246,578,734,43.61702127659575
4686036000,2026-06-30,전라남도,함평군,나산면,2562,1251,600,210,555,696,48.82903981264637
4686037000,2026-06-30,전라남도,함평군,해보면,2867,1183,559,195,527,656,41.26264387861877
4686038000,2026-06-30,전라남도,함평군,월야면,3407,1508,796,252,646,862,44.26181391253302
4687025000,2026-06-30,전라남도,영광군,영광읍,23605,5374,2348,627,2339,3035,22.76636305867401
4687025300,2026-06-30,전라남도,영광군,백수읍,4456,2076,1149,381,831,1245,46.58886894075404
4687025600,2026-06-30,전라남도,영광군,홍농읍,7097,1704,808,217,746,958,24.01014513174581
4687031000,2026-06-30,전라남도,영광군,대마면,1631,715,372,117,316,399,43.838136112814226
4687032000,2026-06-30,전라남도,영광군,묘량면,1732,812,440,180,367,445,46.88221709006928
4687033000,2026-06-30,전라남도,영광군,불갑면,1449,647,314,91,307,340,44.651483781918564
4687034000,2026-06-30,전라남도,영광군,군서면,2287,969,528,184,400,569,42.36991692173152
4687035000,2026-06-30,전라남도,영광군,군남면,2285,1224,719,274,488,736,53.56673960612691
4687036000,2026-06-30,전라남도,영광군,염산면,3814,1922,973,263,817,1105,50.393287886733084
4687037000,2026-06-30,전라남도,영광군,법성면,4864,1976,1036,331,841,1135,40.625
4687038000,2026-06-30,전라남도,영광군,낙월면,463,163,53,10,82,81,35.20518358531318
4687038500,2026-06-30,전라남도,영광군,낙월면안마출장소,219,92,32,6,48,44,42.00913242009132
4688025000,2026-06-30,전라남도,장성군,장성읍,15019,4390,2120,627,1904,2486,29.229642452893
4688031000,2026-06-30,전라남도,장성군,진원면,3582,1286,634,220,569,717,35.90173087660525
4688032000,2026-06-30,전라남도,장성군,남면,3584,1383,635,214,671,712,38.588169642857146
4688033000,2026-06-30,전라남도,장성군,동화면,1810,823,397,160,390,433,45.469613259668506
4688034000,2026-06-30,전라남도,장성군,삼서면,2942,1218,603,205,583,635,41.40040788579198
4688035000,2026-06-30,전라남도,장성군,삼계면,5169,1345,669,224,591,754,26.02050686786612
4688036000,2026-06-30,전라남도,장성군,황룡면,3723,1438,675,208,666,772,38.62476497448294
4688037000,2026-06-30,전라남도,장성군,서삼면,1475,637,313,100,292,345,43.186440677966104
4688038000,2026-06-30,전라남도,장성군,북일면,1299,672,354,121,307,365,51.73210161662818
4688039000,2026-06-30,전라남도,장성군,북이면,2583,1291,725,273,550,741,49.98064266356949
4688040000,2026-06-30,전라남도,장성군,북하면,1909,946,473,141,444,502,49.55474070193819
4689025000,2026-06-30,전라남도,완도군,완도읍,16704,4747,2022,508,2092,2655,28.418342911877392
4689025300,2026-06-30,전라남도,완도군,금일읍,3298,1461,750,243,621,840,44.29957550030321
4689025600,2026-06-30,전라남도,완도군,노화읍,3685,1419,799,261,604,815,38.50746268656716
4689029000,2026-06-30,전라남도,완도군,노화읍넙도출장소,674,289,141,28,128,161,42.87833827893175
4689031000,2026-06-30,전라남도,완도군,군외면,2842,1508,800,248,669,839,53.06122448979592
4689032000,2026-06-30,전라남도,완도군,신지면,3005,1409,754,258,611,798,46.88851913477537
4689033000,2026-06-30,전라남도,완도군,고금면,3688,1880,1147,370,784,1096,50.97613882863341
4689034000,2026-06-30,전라남도,완도군,약산면,2136,1102,601,195,473,629,51.59176029962546
4689035000,2026-06-30,전라남도,완도군,청산면,1835,928,501,191,396,532,50.572207084468666
4689035500,2026-06-30,전라남도,완도군,청산면모도출장소,218,114,67,27,51,63,52.293577981651374
4689036000,2026-06-30,전라남도,완도군,소안면,2207,1069,616,201,434,635,48.43679202537381
4689037000,2026-06-30,전라남도,완도군,금당면,793,385,214,72,165,220,48.54981084489281
4689038000,2026-06-30,전라남도,완도군,보길면,2377,899,455,158,395,504,37.820782498948255
4689039000,2026-06-30,전라남도,완도군,생일면,713,328,173,53,146,182,46.00280504908836
4690025000,2026-06-30,전라남도,진도군,진도읍,10156,2761,1262,363,1193,1568,27.185899960614414
4690031000,2026-06-30,전라남도,진도군,군내면,2743,1260,668,222,558,702,45.93510754648195
4690032000,2026-06-30,전라남도,진도군,고군면,3212,1454,701,241,618,836,45.26774595267746
4690033000,2026-06-30,전라남도,진도군,의신면,3219,1540,807,281,668,872,47.84094439266853
4690034000,2026-06-30,전라남도,진도군,임회면,3101,1537,872,299,651,886,49.56465656239923
4690035000,2026-06-30,전라남도,진도군,지산면,2799,1503,856,307,621,882,53.69774919614147
4690036000,2026-06-30,전라남도,진도군,조도면,2034,931,502,167,413,518,45.77187807276303
4690036500,2026-06-30,전라남도,진도군,조도면가사출장소,233,114,74,33,49,65,48.927038626609445
4690036600,2026-06-30,전라남도,진도군,조도면거차출장소,385,149,80,22,57,92,38.701298701298704
4691025000,2026-06-30,전라남도,신안군,지도읍,4819,1949,941,318,892,1057,40.44407553434323
4691025100,2026-06-30,전라남도,신안군,지도읍선도출장소,256,115,60,25,50,65,44.921875
4691025300,2026-06-30,전라남도,신안군,압해읍,6606,2410,1016,318,1170,1240,36.481986073266725
4691025400,2026-06-30,전라남도,신안군,압해읍매화출장소,288,141,62,18,63,78,48.95833333333333
4691025500,2026-06-30,전라남도,신안군,압해읍고이도출장소,265,104,55,14,53,51,39.24528301886793
4691031000,2026-06-30,전라남도,신안군,증도면,1590,638,351,106,281,357,40.125786163522015
4691031500,2026-06-30,전라남도,신안군,증도면병풍출장소,313,132,62,14,61,71,42.17252396166134
4691032000,2026-06-30,전라남도,신안군,임자면,3483,1228,580,162,541,687,35.256962388745336
4691033000,2026-06-30,전라남도,신안군,자은면,2717,1056,500,155,500,556,38.8663967611336
4691034000,2026-06-30,전라남도,신안군,비금면,3716,1474,706,204,690,784,39.66630785791173
4691034500,2026-06-30,전라남도,신안군,비금면수치도출장소,145,65,39,13,32,33,44.827586206896555
4691035000,2026-06-30,전라남도,신안군,도초면,2432,999,520,187,474,525,41.07730263157895
4691035500,2026-06-30,전라남도,신안군,도초면우이도출장소,236,84,39,10,39,45,35.59322033898305
4691036000,2026-06-30,전라남도,신안군,흑산면,2157,758,397,121,358,400,35.14140009272137
4691036500,2026-06-30,전라남도,신안군,흑산면가거도출장소,353,93,40,11,39,54,26.345609065155806
4691036600,2026-06-30,전라남도,신안군,흑산면태도출장소,206,67,32,11,28,39,32.5242718446602
4691036700,2026-06-30,전라남도,신안군,흑산면홍도출장소,475,115,54,23,44,71,24.210526315789473
4691036800,2026-06-30,전라남도,신안군,흑산면대둔도출장소,284,119,47,12,59,60,41.901408450704224
4691037000,2026-06-30,전라남도,신안군,하의면,1691,726,372,123,340,386,42.93317563571851
4691038000,2026-06-30,전라남도,신안군,신의면,1603,544,256,83,246,298,33.93636930754835
4691039000,2026-06-30,전라남도,신안군,장산면,1659,741,370,121,348,393,44.66546112115732
4691040000,2026-06-30,전라남도,신안군,안좌면,3828,1480,714,240,682,798,38.662486938349005
4691041000,2026-06-30,전라남도,신안군,팔금면,1023,504,274,84,229,275,49.266862170087975
4691042000,2026-06-30,전라남도,신안군,암태면,2174,959,449,160,449,510,44.11223551057958
4711125000,2026-06-30,경상북도,포항시 남구,구룡포읍,6521,3412,1520,454,1453,1959,52.32326330317436
4711125300,2026-06-30,경상북도,포항시 남구,연일읍,26713,6126,1991,450,2895,3231,22.932654512784037
4711125600,2026-06-30,경상북도,포항시 남구,오천읍,56123,9555,3153,818,4457,5098,17.02510557169075
4711131000,2026-06-30,경상북도,포항시 남구,대송면,2884,1462,584,148,698,764,50.69348127600555
4711132000,2026-06-30,경상북도,포항시 남구,동해면,8856,3171,1312,348,1441,1730,35.80623306233062
4711133000,2026-06-30,경상북도,포항시 남구,장기면,3576,2104,1091,384,916,1188,58.836689038031324
4711135000,2026-06-30,경상북도,포항시 남구,호미곶면,1616,911,467,135,370,541,56.37376237623762
4711152500,2026-06-30,경상북도,포항시 남구,상대동,21739,7243,2511,404,3314,3929,33.31799990799944
4711154500,2026-06-30,경상북도,포항시 남구,해도동,15011,6103,2261,392,2669,3434,40.656851642129105
4711155000,2026-06-30,경상북도,포항시 남구,송도동,10628,4808,1875,397,2073,2735,45.238991343620626
4711156000,2026-06-30,경상북도,포항시 남구,청림동,4415,1547,635,134,707,840,35.039637599094
4711157000,2026-06-30,경상북도,포항시 남구,제철동,2263,632,225,47,297,335,27.927529827662394
4711158000,2026-06-30,경상북도,포항시 남구,효곡동,28749,4163,954,162,2105,2058,14.48050366969286
4711159000,2026-06-30,경상북도,포항시 남구,대이동,23204,3582,1102,284,1682,1900,15.436993621789346
4711325000,2026-06-30,경상북도,포항시 북구,흥해읍,60384,10936,3886,1107,4965,5971,18.11075781664017
4711331000,2026-06-30,경상북도,포항시 북구,신광면,2704,1542,676,243,718,824,57.02662721893491
4711332000,2026-06-30,경상북도,포항시 북구,청하면,4177,2142,1031,330,914,1228,51.28082355757721
4711333000,2026-06-30,경상북도,포항시 북구,송라면,2283,1238,623,219,512,726,54.22689443714411
4711334000,2026-06-30,경상북도,포항시 북구,기계면,4654,2569,1203,408,1147,1422,55.19982810485604
4711335000,2026-06-30,경상북도,포항시 북구,죽장면,2002,1207,553,200,553,654,60.289710289710285
4711335500,2026-06-30,경상북도,포항시 북구,죽장면상옥출장소,616,384,151,46,192,192,62.33766233766234
4711336000,2026-06-30,경상북도,포항시 북구,기북면,1282,742,342,114,346,396,57.87831513260531
4711352000,2026-06-30,경상북도,포항시 북구,중앙동,13624,5107,2204,544,2174,2933,37.48532002348796
4711363000,2026-06-30,경상북도,포항시 북구,양학동,17907,3743,1157,220,1694,2049,20.902440386441057
4711365500,2026-06-30,경상북도,포항시 북구,죽도동,17621,6471,2552,504,2765,3706,36.72322796663072
4711366500,2026-06-30,경상북도,포항시 북구,용흥동,18824,6060,2173,466,2702,3358,32.19294517637059
4711368000,2026-06-30,경상북도,포항시 북구,우창동,29962,6426,2034,488,2791,3635,21.447166410787
4711369000,2026-06-30,경상북도,포항시 북구,두호동,20009,5012,1552,332,2327,2685,25.04872807236743
4711370000,2026-06-30,경상북도,포항시 북구,장량동,70530,10316,2826,640,4973,5343,14.62640011342691
4711371000,2026-06-30,경상북도,포항시 북구,환여동,8131,2086,713,132,927,1159,25.65490099618743
4713025000,2026-06-30,경상북도,경주시,감포읍,4998,2327,1099,319,983,1344,46.55862344937975
4713025300,2026-06-30,경상북도,경주시,안강읍,21469,8003,3594,1076,3463,4540,37.277004052354556
4713025600,2026-06-30,경상북도,경주시,건천읍,14827,4441,1901,564,1986,2455,29.952114385917582
4713025900,2026-06-30,경상북도,경주시,외동읍,21455,6464,2499,735,3043,3421,30.128175250524354
4713031500,2026-06-30,경상북도,경주시,문무대왕면,3951,1693,801,266,739,954,42.84991141483169
4713032000,2026-06-30,경상북도,경주시,양남면,6230,2390,936,287,1101,1289,38.362760834670944
4713033000,2026-06-30,경상북도,경주시,내남면,4270,2300,1090,369,1063,1237,53.86416861826698
4713034000,2026-06-30,경상북도,경주시,산내면,3106,1859,818,235,893,966,59.8518995492595
4713035000,2026-06-30,경상북도,경주시,서면,2884,1565,807,232,699,866,54.26490984743412
4713036000,2026-06-30,경상북도,경주시,현곡면,21418,4016,1458,418,1778,2238,18.750583621253153
4713037000,2026-06-30,경상북도,경주시,강동면,5704,2579,1162,382,1171,1408,45.21388499298738
4713038000,2026-06-30,경상북도,경주시,천북면,5353,2011,923,278,931,1080,37.56771903605455
4713053000,2026-06-30,경상북도,경주시,황오동,9487,4109,1917,500,1678,2431,43.311900495414775
4713055000,2026-06-30,경상북도,경주시,성건동,12232,4455,1979,440,1833,2622,36.42086330935252
4713057000,2026-06-30,경상북도,경주시,황남동,3557,1781,911,300,759,1022,50.07028394714648
4713059000,2026-06-30,경상북도,경주시,선도동,13482,3143,1281,383,1371,1772,23.312564901349948
4713060500,2026-06-30,경상북도,경주시,월성동,5179,2005,931,267,875,1130,38.71403745896892
4713061500,2026-06-30,경상북도,경주시,용강동,24719,3658,1264,345,1616,2042,14.798333265908814
4713062100,2026-06-30,경상북도,경주시,황성동,27937,4646,1597,415,2053,2593,16.630275262197085
4713063000,2026-06-30,경상북도,경주시,동천동,19791,5055,1769,421,2218,2837,25.541912990753374
4713065000,2026-06-30,경상북도,경주시,불국동,9445,3087,1326,405,1355,1732,32.68395976707252
4713066000,2026-06-30,경상북도,경주시,보덕동,1557,671,294,84,293,378,43.09569685292229
4715025000,2026-06-30,경상북도,김천시,아포읍,7879,2824,1183,385,1309,1515,35.84211194313999
4715031000,2026-06-30,경상북도,김천시,농소면,3005,1279,600,214,575,704,42.562396006655575
4715032000,2026-06-30,경상북도,김천시,남면,2849,1389,663,255,631,758,48.753948753948755
4715034000,2026-06-30,경상북도,김천시,개령면,2178,1151,522,184,520,631,52.84664830119375
4715035000,2026-06-30,경상북도,김천시,감문면,2978,1691,810,333,757,934,56.78307588985897
4715036000,2026-06-30,경상북도,김천시,어모면,3904,1760,807,274,803,957,45.08196721311475
4715037000,2026-06-30,경상북도,김천시,봉산면,2771,1361,590,182,643,718,49.11584265608084
4715038000,2026-06-30,경상북도,김천시,대항면,3020,1444,617,209,657,787,47.81456953642384
4715039000,2026-06-30,경상북도,김천시,감천면,1658,827,389,159,373,454,49.87937273823884
4715040000,2026-06-30,경상북도,김천시,조마면,1987,1051,473,178,491,560,52.89380976346251
4715041000,2026-06-30,경상북도,김천시,구성면,2542,1472,722,276,650,822,57.90715971675846
4715042000,2026-06-30,경상북도,김천시,지례면,1369,790,413,159,360,430,57.7063550036523
4715043000,2026-06-30,경상북도,김천시,부항면,1167,670,312,126,305,365,57.41216795201372
4715044000,2026-06-30,경상북도,김천시,대덕면,2063,1031,501,185,471,560,49.975763451284536
4715045000,2026-06-30,경상북도,김천시,증산면,940,538,233,100,243,295,57.234042553191486
4715051600,2026-06-30,경상북도,김천시,자산동,5642,2512,1112,310,1056,1456,44.523218716767104
4715053600,2026-06-30,경상북도,김천시,평화남산동,6692,2758,1268,378,1093,1665,41.21338912133891
4715056500,2026-06-30,경상북도,김천시,양금동,3288,1637,802,232,689,948,49.78710462287105
4715057500,2026-06-30,경상북도,김천시,대신동,22895,4585,1817,563,1997,2588,20.02620659532649
4715059500,2026-06-30,경상북도,김천시,대곡동,20242,5130,2006,587,2191,2939,25.34334551921747
4715061000,2026-06-30,경상북도,김천시,지좌동,10267,2338,896,207,1002,1336,22.77198792247005
4715064000,2026-06-30,경상북도,김천시,율곡동,23404,1493,424,102,672,821,6.3792514100153825
4717025000,2026-06-30,경상북도,안동시,풍산읍,7973,3020,1446,493,1336,1684,37.877837702245074
4717031000,2026-06-30,경상북도,안동시,와룡면,3605,1965,986,372,921,1044,54.50762829403606
4717032000,2026-06-30,경상북도,안동시,북후면,2705,1434,729,294,644,790,53.01293900184842
4717033000,2026-06-30,경상북도,안동시,서후면,3707,1642,741,268,777,865,44.29457782573509
4717034000,2026-06-30,경상북도,안동시,풍천면,7580,1943,923,307,866,1077,25.633245382585752
4717035000,2026-06-30,경상북도,안동시,일직면,2318,1329,701,236,575,754,57.33390854184643
4717036000,2026-06-30,경상북도,안동시,남후면,1569,916,481,195,394,522,58.38113448056087
4717037000,2026-06-30,경상북도,안동시,남선면,1923,950,411,137,447,503,49.401976079043166
4717038000,2026-06-30,경상북도,안동시,임하면,2491,1344,611,224,629,715,53.95423524688881
4717039000,2026-06-30,경상북도,안동시,길안면,2498,1428,692,243,680,748,57.16573258606885
4717040000,2026-06-30,경상북도,안동시,임동면,1525,916,428,152,424,492,60.065573770491795
4717041000,2026-06-30,경상북도,안동시,예안면,1612,964,445,149,448,516,59.801488833746895
4717042000,2026-06-30,경상북도,안동시,도산면,1336,826,407,134,405,421,61.82634730538922
4717043000,2026-06-30,경상북도,안동시,녹전면,1524,925,453,169,441,484,60.69553805774278
4717051000,2026-06-30,경상북도,안동시,중구동,4847,1675,842,227,695,980,34.55745822158036
4717052000,2026-06-30,경상북도,안동시,명륜동,4583,1567,686,184,654,913,34.19157756927776
4717055500,2026-06-30,경상북도,안동시,용상동,24742,4821,2011,561,2007,2814,19.485086088432624
4717058500,2026-06-30,경상북도,안동시,서구동,8113,2692,1231,349,1085,1607,33.18131394058918
4717060000,2026-06-30,경상북도,안동시,태화동,11822,3678,1604,392,1568,2110,31.111487058027404
4717062000,2026-06-30,경상북도,안동시,평화동,5749,2016,877,238,851,1165,35.06696816837711
4717063000,2026-06-30,경상북도,안동시,안기동,5666,1916,766,187,856,1060,33.8157430285916
4717065000,2026-06-30,경상북도,안동시,옥동,19538,4094,1526,460,1640,2454,20.954038284368924
4717066000,2026-06-30,경상북도,안동시,송하동,14501,2956,1049,304,1278,1678,20.38480104820357
4717069000,2026-06-30,경상북도,안동시,강남동,9937,1576,631,174,694,882,15.859917480124786
4719025000,2026-06-30,경상북도,구미시,선산읍,13008,4640,1909,641,2051,2589,35.67035670356704
4719025300,2026-06-30,경상북도,구미시,고아읍,40196,6873,2208,738,3243,3630,17.098716290178125
4719025600,2026-06-30,경상북도,구미시,산동읍,30960,1605,506,186,770,835,5.184108527131783
4719031000,2026-06-30,경상북도,구미시,무을면,1676,950,446,192,425,525,56.682577565632464
4719032000,2026-06-30,경상북도,구미시,옥성면,1577,864,406,155,393,471,54.78757133798351
4719033000,2026-06-30,경상북도,구미시,도개면,1956,1051,524,200,462,589,53.7321063394683
4719034000,2026-06-30,경상북도,구미시,해평면,3525,1792,877,304,813,979,50.836879432624116
4719036000,2026-06-30,경상북도,구미시,장천면,2659,1249,582,194,585,664,46.97254606995111
4719051000,2026-06-30,경상북도,구미시,송정동,22916,4601,1353,289,2049,2552,20.07767498690871
4719053500,2026-06-30,경상북도,구미시,원평동,9432,1951,730,175,928,1023,20.684902459711623
4719055100,2026-06-30,경상북도,구미시,도량동,25777,5342,1597,433,2384,2958,20.723901152189935
4719055500,2026-06-30,경상북도,구미시,지산동,1776,740,255,64,342,398,41.66666666666667
4719056500,2026-06-30,경상북도,구미시,선주원남동,35648,5240,1471,369,2534,2706,14.699281867145423
4719058200,2026-06-30,경상북도,구미시,형곡1동,12197,2498,770,163,1148,1350,20.480446011314257
4719058300,2026-06-30,경상북도,구미시,형곡2동,14506,2956,781,185,1372,1584,20.377774713911485
4719059000,2026-06-30,경상북도,구미시,신평1동,4534,831,317,84,368,463,18.328187031318922
4719060000,2026-06-30,경상북도,구미시,신평2동,2781,568,214,64,255,313,20.42430780294858
4719061000,2026-06-30,경상북도,구미시,비산동,13377,1333,346,78,651,682,9.964865066905883
4719063000,2026-06-30,경상북도,구미시,광평동,3929,688,239,52,330,358,17.51081700178162
4719064500,2026-06-30,경상북도,구미시,상모사곡동,29676,2995,860,233,1429,1566,10.092330502763176
4719066000,2026-06-30,경상북도,구미시,임오동,16537,1649,454,119,795,854,9.971578883715306
4719067000,2026-06-30,경상북도,구미시,인동동,46216,5047,1586,395,2215,2832,10.92046044659858
4719068000,2026-06-30,경상북도,구미시,진미동,15971,1177,358,86,535,642,7.369607413436855
4719069000,2026-06-30,경상북도,구미시,양포동,47919,3024,993,280,1326,1698,6.310649220559695
4719070000,2026-06-30,경상북도,구미시,공단동,3977,393,80,10,198,195,9.881820467689213
4721025000,2026-06-30,경상북도,영주시,풍기읍,9925,4113,1833,593,1829,2284,41.440806045340054
4721031000,2026-06-30,경상북도,영주시,이산면,2087,1057,476,199,501,556,50.64686152371826
4721032000,2026-06-30,경상북도,영주시,평은면,1326,766,397,153,352,414,57.76772247360482
4721033000,2026-06-30,경상북도,영주시,문수면,1806,949,440,164,444,505,52.54706533776301
4721034000,2026-06-30,경상북도,영주시,장수면,1945,1048,512,198,474,574,53.88174807197943
4721035000,2026-06-30,경상북도,영주시,안정면,2713,1503,756,287,658,845,55.399926280869884
4721036000,2026-06-30,경상북도,영주시,봉현면,2431,1232,513,163,590,642,50.678733031674206
4721037000,2026-06-30,경상북도,영주시,순흥면,1805,1034,454,153,485,549,57.285318559556785
4721038000,2026-06-30,경상북도,영주시,단산면,1673,965,467,172,434,531,57.68081291093844
4721039000,2026-06-30,경상북도,영주시,부석면,2703,1570,716,243,706,864,58.08361080281169
4721051000,2026-06-30,경상북도,영주시,상망동,6756,2133,949,278,923,1210,31.571936056838368
4721052500,2026-06-30,경상북도,영주시,하망동,5602,1872,884,259,752,1120,33.41663691538736
4721055000,2026-06-30,경상북도,영주시,영주1동,3353,1469,682,184,601,868,43.81151207873546
4721056000,2026-06-30,경상북도,영주시,영주2동,4355,1942,897,251,797,1145,44.592422502870264
4721059000,2026-06-30,경상북도,영주시,휴천1동,6884,1571,697,191,679,892,22.821034282393956
4721060000,2026-06-30,경상북도,영주시,휴천2동,9557,3240,1481,387,1371,1869,33.90185204562101
4721061000,2026-06-30,경상북도,영주시,휴천3동,6760,2288,918,244,983,1305,33.84615384615385
4721062000,2026-06-30,경상북도,영주시,가흥1동,14873,2212,812,221,913,1299,14.872587910979629
4721063000,2026-06-30,경상북도,영주시,가흥2동,9886,2265,941,298,949,1316,22.911187537932427
4723025000,2026-06-30,경상북도,영천시,금호읍,9813,4191,1880,524,1950,2241,42.7086517884439
4723031000,2026-06-30,경상북도,영천시,청통면,3756,1904,856,260,885,1019,50.69222577209798
4723032000,2026-06-30,경상북도,영천시,신녕면,3460,1788,852,254,771,1017,51.676300578034684
4723033000,2026-06-30,경상북도,영천시,화산면,2851,1565,788,250,726,839,54.89301999298492
4723034000,2026-06-30,경상북도,영천시,화북면,2124,1164,508,169,551,613,54.80225988700565
4723035000,2026-06-30,경상북도,영천시,화남면,3104,1631,745,222,775,856,52.545103092783506
4723036000,2026-06-30,경상북도,영천시,자양면,1227,638,290,90,318,320,51.99674001629992
4723037000,2026-06-30,경상북도,영천시,임고면,3935,2135,1060,304,988,1147,54.256670902160096
4723038000,2026-06-30,경상북도,영천시,고경면,5273,2384,1095,326,1141,1243,45.21145457993552
4723039000,2026-06-30,경상북도,영천시,북안면,4083,2231,1085,347,1070,1161,54.64119519960813
4723040000,2026-06-30,경상북도,영천시,대창면,2841,1480,623,178,709,771,52.09433298134459
4723051000,2026-06-30,경상북도,영천시,동부동,25290,5999,2277,596,2447,3552,23.720838275998418
4723052000,2026-06-30,경상북도,영천시,중앙동,8692,2263,956,257,1022,1241,26.035434882650716
4723053500,2026-06-30,경상북도,영천시,서부동,4216,1721,800,225,749,972,40.82068311195446
4723054000,2026-06-30,경상북도,영천시,완산동,9732,2209,948,254,960,1249,22.698314837648994
4723055500,2026-06-30,경상북도,영천시,남부동,3710,1359,639,196,631,728,36.63072776280323
4725025000,2026-06-30,경상북도,상주시,함창읍,5880,2625,1275,450,1097,1528,44.642857142857146
4725031000,2026-06-30,경상북도,상주시,중동면,1275,710,373,128,300,410,55.68627450980392
4725032500,2026-06-30,경상북도,상주시,사벌국면,3558,1891,970,394,783,1108,53.147835862844296
4725033000,2026-06-30,경상북도,상주시,낙동면,2730,1490,799,317,653,837,54.57875457875458
4725033500,2026-06-30,경상북도,상주시,낙동면동부출장소,886,465,228,102,195,270,52.48306997742663
4725034000,2026-06-30,경상북도,상주시,청리면,2344,1304,673,269,544,760,55.631399317406135
4725035000,2026-06-30,경상북도,상주시,공성면,3667,1988,977,328,870,1118,54.21325334060539
4725036000,2026-06-30,경상북도,상주시,외남면,1470,808,415,163,349,459,54.96598639455782
4725037000,2026-06-30,경상북도,상주시,내서면,1762,981,446,163,468,513,55.67536889897844
4725038000,2026-06-30,경상북도,상주시,모동면,2423,1138,470,134,529,609,46.966570367313246
4725039000,2026-06-30,경상북도,상주시,모서면,1549,814,370,139,352,462,52.5500322788896
4725039500,2026-06-30,경상북도,상주시,모서면서부출장소,679,353,152,62,159,194,51.98821796759942
4725040000,2026-06-30,경상북도,상주시,화동면,1793,891,415,133,411,480,49.693251533742334
4725041000,2026-06-30,경상북도,상주시,화서면,2682,1204,551,202,534,670,44.89187173750932
4725042000,2026-06-30,경상북도,상주시,화북면,1100,535,247,91,256,279,48.63636363636364
4725042600,2026-06-30,경상북도,상주시,화북면서부출장소,296,179,69,27,87,92,60.47297297297297
4725043000,2026-06-30,경상북도,상주시,외서면,2382,1269,625,215,531,738,53.274559193954666
4725044000,2026-06-30,경상북도,상주시,은척면,1098,675,347,133,287,388,61.47540983606557
4725044500,2026-06-30,경상북도,상주시,은척면북부출장소,340,196,119,50,85,111,57.647058823529406
4725045000,2026-06-30,경상북도,상주시,공검면,1890,1132,582,220,479,653,59.894179894179885
4725046000,2026-06-30,경상북도,상주시,이안면,1855,1041,579,217,456,585,56.118598382749326
4725047000,2026-06-30,경상북도,상주시,화남면,753,388,187,70,177,211,51.527224435590966
4725052000,2026-06-30,경상북도,상주시,남원동,10718,3082,1292,319,1314,1768,28.75536480686695
4725053000,2026-06-30,경상북도,상주시,북문동,9025,2333,873,255,1044,1289,25.850415512465375
4725054000,2026-06-30,경상북도,상주시,계림동,8639,2201,971,315,872,1329,25.47748582011807
4725055000,2026-06-30,경상북도,상주시,동문동,7187,2241,1018,302,928,1313,31.181299568665644
4725056000,2026-06-30,경상북도,상주시,동성동,3091,1235,557,163,496,739,39.95470721449369
4725057000,2026-06-30,경상북도,상주시,신흥동,8156,2037,830,265,902,1135,24.975478175576264
4728025000,2026-06-30,경상북도,문경시,문경읍,5453,2500,1206,384,1064,1436,45.84632312488539
4728025100,2026-06-30,경상북도,문경시,문경읍갈평출장소,1037,511,232,86,232,279,49.27675988428158
4728025300,2026-06-30,경상북도,문경시,가은읍,2911,1555,785,298,687,868,53.418069391961524
4728025400,2026-06-30,경상북도,문경시,가은읍북부출장소,817,412,184,55,212,200,50.42839657282742
4728031000,2026-06-30,경상북도,문경시,영순면,2231,1155,560,225,542,613,51.77050649932765
4728032000,2026-06-30,경상북도,문경시,산양면,2831,1495,718,259,677,818,52.80819498410456
4728033000,2026-06-30,경상북도,문경시,호계면,2164,1061,506,193,486,575,49.029574861367834
4728034000,2026-06-30,경상북도,문경시,산북면,2499,1380,700,273,608,772,55.22208883553421
4728035000,2026-06-30,경상북도,문경시,동로면,1817,964,413,148,468,496,53.05448541552009
4728036000,2026-06-30,경상북도,문경시,마성면,3231,1743,929,339,702,1041,53.946146703806875
4728037000,2026-06-30,경상북도,문경시,농암면,2404,1362,644,227,584,778,56.65557404326124
4728057000,2026-06-30,경상북도,문경시,점촌1동,5109,1919,838,201,784,1135,37.56116656880016
4728058000,2026-06-30,경상북도,문경시,점촌2동,6272,2402,1102,308,968,1434,38.297193877551024
4728059000,2026-06-30,경상북도,문경시,점촌3동,8031,2644,1123,312,1096,1548,32.92242560079691
4728060000,2026-06-30,경상북도,문경시,점촌4동,2796,1299,630,201,564,735,46.45922746781116
4728061000,2026-06-30,경상북도,문경시,점촌5동,15171,2877,1045,238,1243,1634,18.963812537077317
4729025000,2026-06-30,경상북도,경산시,하양읍,32861,6358,2734,733,2728,3630,19.34816347646146
4729025300,2026-06-30,경상북도,경산시,진량읍,32667,6925,2818,773,3144,3781,21.198763277925735
4729025600,2026-06-30,경상북도,경산시,압량읍,22080,3941,1532,435,1817,2124,17.848731884057973
4729031000,2026-06-30,경상북도,경산시,와촌면,5020,2274,969,314,1091,1183,45.298804780876495
4729033000,2026-06-30,경상북도,경산시,자인면,4970,2328,1035,303,1081,1247,46.841046277665995
4729034000,2026-06-30,경상북도,경산시,용성면,3113,1708,758,218,836,872,54.86668808223578
4729035000,2026-06-30,경상북도,경산시,남산면,3394,1721,790,270,814,907,50.707130229817324
4729037000,2026-06-30,경상북도,경산시,남천면,2580,1306,605,171,595,711,50.6201550387597
4729051000,2026-06-30,경상북도,경산시,중방동,10699,2675,961,221,1202,1473,25.00233666697822
4729052000,2026-06-30,경상북도,경산시,중앙동,5472,1795,741,202,758,1037,32.80336257309941
4729053000,2026-06-30,경상북도,경산시,남부동,18067,4374,1814,443,1822,2552,24.209885426468148
4729054100,2026-06-30,경상북도,경산시,서부1동,29562,7007,2752,715,2962,4045,23.702726473175023
4729054200,2026-06-30,경상북도,경산시,서부2동,41489,7560,2946,695,3282,4278,18.22169731736123
4729055000,2026-06-30,경상북도,경산시,북부동,16261,2813,1079,292,1341,1472,17.29905909845643
4729056000,2026-06-30,경상북도,경산시,동부동,35171,7028,2650,693,3016,4012,19.982371840436723
4773025000,2026-06-30,경상북도,의성군,의성읍,12011,4420,1971,552,1894,2526,36.799600366330864
4773031000,2026-06-30,경상북도,의성군,단촌면,1822,1046,472,168,451,595,57.409440175631175
4773032000,2026-06-30,경상북도,의성군,점곡면,1477,896,431,160,394,502,60.66350710900474
4773033000,2026-06-30,경상북도,의성군,옥산면,1650,925,417,131,416,509,56.060606060606055
4773034000,2026-06-30,경상북도,의성군,사곡면,1500,905,430,167,400,505,60.333333333333336
4773035000,2026-06-30,경상북도,의성군,춘산면,1463,859,360,121,438,421,58.71496924128503
4773036000,2026-06-30,경상북도,의성군,가음면,1437,830,364,123,413,417,57.75922059846903
4773037000,2026-06-30,경상북도,의성군,금성면,3966,2179,1095,365,983,1196,54.94200706001009
4773038000,2026-06-30,경상북도,의성군,봉양면,3828,1817,828,275,798,1019,47.466039707419014
4773039000,2026-06-30,경상북도,의성군,비안면,2483,1394,700,249,626,768,56.14176399516714
4773040000,2026-06-30,경상북도,의성군,구천면,1631,959,462,176,437,522,58.798283261802574
4773041000,2026-06-30,경상북도,의성군,단밀면,1597,858,459,176,374,484,53.72573575453976
4773042000,2026-06-30,경상북도,의성군,단북면,1623,917,467,172,375,542,56.50030807147258
4773043000,2026-06-30,경상북도,의성군,안계면,4232,1805,919,294,752,1053,42.651228733459355
4773044000,2026-06-30,경상북도,의성군,다인면,3551,2003,1012,352,892,1111,56.40664601520699
4773045000,2026-06-30,경상북도,의성군,신평면,797,474,247,83,224,250,59.47302383939774
4773046000,2026-06-30,경상북도,의성군,안평면,2053,1248,580,222,588,660,60.78908913784705
4773047000,2026-06-30,경상북도,의성군,안사면,831,492,255,107,222,270,59.205776173285194
4775025000,2026-06-30,경상북도,청송군,청송읍,5005,1798,824,272,780,1018,35.92407592407593
4775031500,2026-06-30,경상북도,청송군,주왕산면,1779,922,430,133,410,512,51.826869027543566
4775032000,2026-06-30,경상북도,청송군,부남면,2354,1263,602,188,564,699,53.65335598980459
4775033000,2026-06-30,경상북도,청송군,현동면,1994,916,464,160,406,510,45.937813440320966
4775034000,2026-06-30,경상북도,청송군,현서면,2454,1252,549,172,573,679,51.01874490627547
4775035000,2026-06-30,경상북도,청송군,안덕면,2450,1302,646,214,582,720,53.142857142857146
4775036000,2026-06-30,경상북도,청송군,파천면,1671,932,441,163,428,504,55.77498503889886
4775037000,2026-06-30,경상북도,청송군,진보면,6313,2458,1151,377,1043,1415,38.93552985902107
4776025000,2026-06-30,경상북도,영양군,영양읍,7112,2395,1093,351,1000,1395,33.67547806524184
4776031000,2026-06-30,경상북도,영양군,입암면,2038,1054,507,171,449,605,51.71736997055937
4776032000,2026-06-30,경상북도,영양군,청기면,1598,937,462,154,419,518,58.63579474342928
4776033000,2026-06-30,경상북도,영양군,일월면,1684,855,414,163,390,465,50.771971496437054
4776034000,2026-06-30,경상북도,영양군,수비면,1632,798,396,149,346,452,48.89705882352941
4776035000,2026-06-30,경상북도,영양군,석보면,1908,996,481,156,446,550,52.20125786163522
4777025000,2026-06-30,경상북도,영덕군,영덕읍,10062,3272,1469,448,1342,1930,32.5183860067581
4777031000,2026-06-30,경상북도,영덕군,강구면,5409,2581,1232,331,1030,1551,47.71676834904788
4777032000,2026-06-30,경상북도,영덕군,남정면,2171,1215,634,221,525,690,55.96499309074159
4777033000,2026-06-30,경상북도,영덕군,달산면,1055,639,324,132,264,375,60.568720379146924
4777034000,2026-06-30,경상북도,영덕군,지품면,1378,792,387,140,358,434,57.47460087082729
4777034500,2026-06-30,경상북도,영덕군,지품면원전출장소,509,316,160,50,134,182,62.082514734774065
4777035000,2026-06-30,경상북도,영덕군,축산면,854,478,262,99,200,278,55.97189695550351
4777035500,2026-06-30,경상북도,영덕군,축산면축산출장소,1476,794,417,119,324,470,53.794037940379404
4777036000,2026-06-30,경상북도,영덕군,영해면,5716,2517,1285,448,1001,1516,44.034289713086075
4777037000,2026-06-30,경상북도,영덕군,병곡면,2456,1397,770,306,562,835,56.881107491856675
4777038000,2026-06-30,경상북도,영덕군,창수면,1474,944,497,184,424,520,64.04341926729987
4782025000,2026-06-30,경상북도,청도군,화양읍,6819,2400,1062,349,1078,1322,35.19577650681918
4782025100,2026-06-30,경상북도,청도군,화양읍남성현출장소,1051,563,280,105,246,317,53.56803044719315
4782025300,2026-06-30,경상북도,청도군,청도읍,9422,3818,1631,486,1667,2151,40.522182126936954
4782025400,2026-06-30,경상북도,청도군,청도읍유호출장소,1475,829,382,110,374,455,56.20338983050848
4782031000,2026-06-30,경상북도,청도군,각남면,2105,1183,600,205,525,658,56.19952494061757
4782032000,2026-06-30,경상북도,청도군,풍각면,3647,1889,836,293,854,1035,51.79599670962435
4782033000,2026-06-30,경상북도,청도군,각북면,2274,1229,545,175,595,634,54.045734388742304
4782034000,2026-06-30,경상북도,청도군,이서면,4425,2187,1031,326,1003,1184,49.42372881355932
4782035000,2026-06-30,경상북도,청도군,운문면,1911,1050,488,180,487,563,54.94505494505495
4782036000,2026-06-30,경상북도,청도군,금천면,3189,1811,885,276,867,944,56.78896205707118
4782037000,2026-06-30,경상북도,청도군,매전면,3703,2086,967,334,956,1130,56.33270321361059
4783025300,2026-06-30,경상북도,고령군,대가야읍,9173,3081,1334,394,1337,1744,33.58770304153494
4783031000,2026-06-30,경상북도,고령군,덕곡면,1400,774,364,147,361,413,55.285714285714285
4783032000,2026-06-30,경상북도,고령군,운수면,1707,925,425,156,424,501,54.18863503222027
4783033000,2026-06-30,경상북도,고령군,성산면,2434,1161,503,160,585,576,47.699260476581756
4783034000,2026-06-30,경상북도,고령군,다산면,8406,2785,1082,308,1295,1490,33.131096835593624
4783035000,2026-06-30,경상북도,고령군,개진면,1787,923,435,139,443,480,51.65081141578064
4783036000,2026-06-30,경상북도,고령군,우곡면,1534,823,422,154,374,449,53.65058670143416
4783037000,2026-06-30,경상북도,고령군,쌍림면,3104,1695,794,287,767,928,54.60695876288659
4784025000,2026-06-30,경상북도,성주군,성주읍,13030,3718,1566,446,1643,2075,28.534151957022257
4784031000,2026-06-30,경상북도,성주군,선남면,5725,2580,1050,276,1269,1311,45.06550218340612
4784032000,2026-06-30,경상북도,성주군,용암면,3453,1695,662,199,843,852,49.087749782797566
4784033000,2026-06-30,경상북도,성주군,수륜면,3116,1618,713,248,785,833,51.92554557124519
4784034000,2026-06-30,경상북도,성주군,가천면,1867,1004,425,153,467,537,53.77611140867702
4784035500,2026-06-30,경상북도,성주군,금수강산면,1160,609,300,110,296,313,52.5
4784036000,2026-06-30,경상북도,성주군,대가면,2251,1165,536,170,546,619,51.75477565526433
4784037000,2026-06-30,경상북도,성주군,벽진면,2755,1475,615,176,722,753,53.53901996370236
4784038000,2026-06-30,경상북도,성주군,초전면,4018,1890,813,258,850,1040,47.038327526132406
4784039000,2026-06-30,경상북도,성주군,월항면,3086,1489,630,193,736,753,48.250162022035
4785025000,2026-06-30,경상북도,칠곡군,왜관읍,29627,7399,3063,978,3245,4154,24.973841428426773
4785025300,2026-06-30,경상북도,칠곡군,북삼읍,22092,3684,1339,358,1749,1935,16.675719717544812
4785025600,2026-06-30,경상북도,칠곡군,석적읍,29059,2663,897,249,1202,1461,9.164114387969304
4785031000,2026-06-30,경상북도,칠곡군,지천면,3633,1898,895,302,927,971,52.24332507569501
4785032000,2026-06-30,경상북도,칠곡군,동명면,4840,2418,1058,364,1113,1305,49.95867768595041
4785033000,2026-06-30,경상북도,칠곡군,가산면,3116,1538,652,190,756,782,49.35815147625161
4785036000,2026-06-30,경상북도,칠곡군,약목면,8355,3062,1292,384,1413,1649,36.64871334530221
4785037000,2026-06-30,경상북도,칠곡군,기산면,2815,1108,481,174,515,593,39.360568383658965
4790025000,2026-06-30,경상북도,예천군,예천읍,13383,5126,2281,696,2222,2904,38.30232384368229
4790025300,2026-06-30,경상북도,예천군,호명읍,20834,2453,950,308,1130,1323,11.7740232312566
4790031000,2026-06-30,경상북도,예천군,용문면,2038,1205,664,265,532,673,59.12659470068695
4790034000,2026-06-30,경상북도,예천군,감천면,2355,1438,719,289,658,780,61.06157112526539
4790035000,2026-06-30,경상북도,예천군,보문면,1475,878,443,181,392,486,59.525423728813564
4790037000,2026-06-30,경상북도,예천군,유천면,2315,1098,606,254,463,635,47.429805615550755
4790038000,2026-06-30,경상북도,예천군,용궁면,2147,1268,667,245,551,717,59.05915230554262
4790039000,2026-06-30,경상북도,예천군,개포면,1396,919,483,197,395,524,65.83094555873924
4790040000,2026-06-30,경상북도,예천군,지보면,2442,1501,793,302,675,826,61.46601146601146
4790041000,2026-06-30,경상북도,예천군,풍양면,2680,1598,830,328,674,924,59.626865671641795
4790042000,2026-06-30,경상북도,예천군,효자면,1143,652,262,100,317,335,57.042869641294836
4790043000,2026-06-30,경상북도,예천군,은풍면,1214,711,359,131,326,385,58.5667215815486
4792025000,2026-06-30,경상북도,봉화군,봉화읍,8798,3240,1537,531,1427,1813,36.826551488974765
4792031000,2026-06-30,경상북도,봉화군,물야면,2820,1550,698,240,735,815,54.96453900709219
4792032000,2026-06-30,경상북도,봉화군,봉성면,1859,1031,474,181,449,582,55.45992469069392
4792033000,2026-06-30,경상북도,봉화군,법전면,1815,1008,488,201,472,536,55.53719008264463
4792034000,2026-06-30,경상북도,봉화군,춘양면,4049,1945,916,334,883,1062,48.036552235119785
4792035000,2026-06-30,경상북도,봉화군,소천면,2021,1103,463,163,528,575,54.57694210786739
4792036000,2026-06-30,경상북도,봉화군,재산면,1349,678,300,114,326,352,50.259451445515204
4792037000,2026-06-30,경상북도,봉화군,명호면,2014,1063,489,158,505,558,52.780536246276064
4792038000,2026-06-30,경상북도,봉화군,상운면,1596,944,480,166,438,506,59.14786967418546
4792039000,2026-06-30,경상북도,봉화군,석포면,1801,561,240,76,253,308,31.149361465852305
4793025000,2026-06-30,경상북도,울진군,울진읍,13903,3190,1430,480,1400,1790,22.94468819679206
4793025300,2026-06-30,경상북도,울진군,평해읍,2466,1273,714,268,508,765,51.62206001622061
4793031000,2026-06-30,경상북도,울진군,북면,6946,1404,569,192,630,774,20.213072271811114
4793031500,2026-06-30,경상북도,울진군,북면하당출장소,603,329,170,75,136,193,54.56053067993366
4793033000,2026-06-30,경상북도,울진군,근남면,2679,1149,535,219,497,652,42.889137737961924
4793035000,2026-06-30,경상북도,울진군,기성면,2234,1239,638,264,528,711,55.4610564010743
4793036000,2026-06-30,경상북도,울진군,온정면,1515,911,493,191,399,512,60.132013201320134
4793037000,2026-06-30,경상북도,울진군,죽변면,5958,2079,845,277,906,1173,34.894259818731115
4793038000,2026-06-30,경상북도,울진군,후포면,6831,2695,1140,308,1129,1566,39.452495974235106
4793039000,2026-06-30,경상북도,울진군,금강송면,1202,632,298,105,295,337,52.57903494176372
4793040000,2026-06-30,경상북도,울진군,매화면,1858,1033,548,230,425,608,55.59741657696448
4794025000,2026-06-30,경상북도,울릉군,울릉읍,6075,1839,695,161,889,950,30.271604938271608
4794031000,2026-06-30,경상북도,울릉군,서면,921,355,148,49,172,183,38.54505971769815
4794031500,2026-06-30,경상북도,울릉군,서면태하출장소,456,226,113,42,110,116,49.56140350877193
4794032000,2026-06-30,경상북도,울릉군,북면,1316,480,196,57,229,251,36.474164133738604
4812125000,2026-06-30,경상남도,창원시 의창구,동읍,18123,5310,2013,543,2404,2906,29.299784803840424
4812131000,2026-06-30,경상남도,창원시 의창구,북면,44259,7295,2259,576,3497,3798,16.482523328588535
4812132000,2026-06-30,경상남도,창원시 의창구,대산면,6439,2749,1148,342,1240,1509,42.69296474607858
4812151000,2026-06-30,경상남도,창원시 의창구,의창동,46840,9094,2793,593,4216,4878,19.415029888983774
4812152000,2026-06-30,경상남도,창원시 의창구,팔룡동,28091,3905,1046,247,1856,2049,13.901249510519383
4812153000,2026-06-30,경상남도,창원시 의창구,명곡동,37562,8244,2537,550,3872,4372,21.94771311431766
4812154000,2026-06-30,경상남도,창원시 의창구,봉림동,28063,6828,2121,510,3246,3582,24.33096960410505
4812351000,2026-06-30,경상남도,창원시 성산구,반송동,37648,6507,1813,408,3174,3333,17.283786655333618
4812351500,2026-06-30,경상남도,창원시 성산구,용지동,24498,4279,1269,278,2034,2245,17.466731978120663
4812352000,2026-06-30,경상남도,창원시 성산구,중앙동,44123,5187,1372,312,2619,2568,11.75577363279922
4812353000,2026-06-30,경상남도,창원시 성산구,상남동,25350,3915,932,245,1953,1962,15.44378698224852
4812354000,2026-06-30,경상남도,창원시 성산구,사파동,42503,7017,1834,462,3368,3649,16.509422864268405
4812355000,2026-06-30,경상남도,창원시 성산구,가음정동,38141,5607,1376,331,2722,2885,14.70071576518707
4812356000,2026-06-30,경상남도,창원시 성산구,성주동,26444,3359,695,162,1768,1591,12.702314324610498
4812357000,2026-06-30,경상남도,창원시 성산구,웅남동,6585,1698,592,158,780,918,25.785876993166283
4812531000,2026-06-30,경상남도,창원시 마산합포구,구산면,3748,1980,844,242,887,1093,52.8281750266809
4812532000,2026-06-30,경상남도,창원시 마산합포구,진동면,11175,3335,1275,321,1511,1824,29.843400447427292
4812533000,2026-06-30,경상남도,창원시 마산합포구,진북면,2999,1507,667,204,731,776,50.25008336112038
4812534000,2026-06-30,경상남도,창원시 마산합포구,진전면,3548,2038,1005,364,897,1141,57.44081172491544
4812551000,2026-06-30,경상남도,창원시 마산합포구,현동,14683,2746,959,223,1214,1532,18.701900156643738
4812552000,2026-06-30,경상남도,창원시 마산합포구,가포동,5265,898,247,53,452,446,17.056030389363723
4812553000,2026-06-30,경상남도,창원시 마산합포구,월영동,40304,7878,2745,574,3452,4426,19.54644700277888
4812554000,2026-06-30,경상남도,창원시 마산합포구,문화동,10440,3302,1386,341,1405,1897,31.628352490421456
4812556500,2026-06-30,경상남도,창원시 마산합포구,반월중앙동,12681,4070,1772,461,1702,2368,32.09526062613359
4812557000,2026-06-30,경상남도,창원시 마산합포구,완월동,8005,2753,1085,310,1196,1557,34.39100562148657
4812558000,2026-06-30,경상남도,창원시 마산합포구,자산동,8555,3041,1207,263,1280,1761,35.54646405610754
4812561000,2026-06-30,경상남도,창원시 마산합포구,교방동,18435,4576,1801,413,1911,2665,24.822348793056687
4812563000,2026-06-30,경상남도,창원시 마산합포구,오동동,17482,5927,2467,616,2495,3432,33.90344354192884
4812564000,2026-06-30,경상남도,창원시 마산합포구,합포동,6232,1999,843,221,820,1179,32.07637997432606
4812565000,2026-06-30,경상남도,창원시 마산합포구,산호동,10935,3375,1301,260,1442,1933,30.864197530864196
4812725000,2026-06-30,경상남도,창원시 마산회원구,내서읍,56865,11637,4102,1017,5308,6329,20.46425745185967
4812751000,2026-06-30,경상남도,창원시 마산회원구,회원1동,9074,3758,1625,387,1566,2192,41.41503195944456
4812752000,2026-06-30,경상남도,창원시 마산회원구,회원2동,9163,2728,1069,232,1172,1556,29.7719087635054
4812754500,2026-06-30,경상남도,창원시 마산회원구,석전동,15154,4647,1771,350,1995,2652,30.665170911970435
4812755000,2026-06-30,경상남도,창원시 마산회원구,회성동,4940,2108,865,204,924,1184,42.67206477732793
4812756000,2026-06-30,경상남도,창원시 마산회원구,양덕1동,9896,3227,1173,230,1406,1821,32.60913500404204
4812757000,2026-06-30,경상남도,창원시 마산회원구,양덕2동,33725,6081,2005,400,2736,3345,18.031134173461822
4812758000,2026-06-30,경상남도,창원시 마산회원구,합성1동,8315,2402,892,187,1081,1321,28.887552615754657
4812759000,2026-06-30,경상남도,창원시 마산회원구,합성2동,8293,2430,954,194,1044,1386,29.30182081273363
4812760000,2026-06-30,경상남도,창원시 마산회원구,구암1동,7696,2753,949,189,1192,1561,35.771829521829524
4812761000,2026-06-30,경상남도,창원시 마산회원구,구암2동,8431,2486,874,173,1118,1368,29.48641916735856
4812762000,2026-06-30,경상남도,창원시 마산회원구,봉암동,2623,845,332,72,383,462,32.215020968356846
4812953000,2026-06-30,경상남도,창원시 진해구,충무동,14923,3722,1686,448,1589,2133,24.941365677142667
4812954000,2026-06-30,경상남도,창원시 진해구,여좌동,7503,2993,1513,446,1217,1776,39.89071038251366
4812955000,2026-06-30,경상남도,창원시 진해구,태백동,3350,1391,678,182,600,791,41.52238805970149
4812956000,2026-06-30,경상남도,창원시 진해구,경화동,9423,2444,913,219,1097,1347,25.93653825745516
4812957000,2026-06-30,경상남도,창원시 진해구,병암동,6671,1954,815,213,820,1134,29.290960875430972
4812958000,2026-06-30,경상남도,창원시 진해구,석동,16602,2907,906,201,1373,1534,17.50993856161908
4812959000,2026-06-30,경상남도,창원시 진해구,이동,8071,2563,960,234,1140,1423,31.755668442572173
4812960000,2026-06-30,경상남도,창원시 진해구,자은동,19399,3774,1197,299,1709,2065,19.454611062425897
4812961000,2026-06-30,경상남도,창원시 진해구,덕산동,8850,2090,804,200,830,1260,23.61581920903955
4812962000,2026-06-30,경상남도,창원시 진해구,풍호동,24073,4151,1344,331,1942,2209,17.243384704856062
4812963000,2026-06-30,경상남도,창원시 진해구,웅천동,14195,2333,827,253,1062,1271,16.435364564987673
4812964000,2026-06-30,경상남도,창원시 진해구,웅동1동,7439,1824,672,220,840,984,24.519424653851324
4812965000,2026-06-30,경상남도,창원시 진해구,웅동2동,42443,5346,1847,400,2492,2854,12.595716608156824
4817025000,2026-06-30,경상남도,진주시,문산읍,7379,2448,1050,338,1061,1387,33.17522699552785
4817031000,2026-06-30,경상남도,진주시,내동면,3840,993,410,133,458,535,25.859375
4817032000,2026-06-30,경상남도,진주시,정촌면,8649,1712,574,168,817,895,19.794195860793153
4817033000,2026-06-30,경상남도,진주시,금곡면,1998,1088,575,211,444,644,54.454454454454456
4817035000,2026-06-30,경상남도,진주시,진성면,1684,901,419,167,406,495,53.50356294536817
4817036000,2026-06-30,경상남도,진주시,일반성면,2270,987,485,173,416,571,43.480176211453745
4817037000,2026-06-30,경상남도,진주시,이반성면,1434,880,400,148,386,494,61.366806136680616
4817038000,2026-06-30,경상남도,진주시,사봉면,1324,776,405,148,335,441,58.610271903323266
4817039000,2026-06-30,경상남도,진주시,지수면,1301,684,372,143,301,383,52.57494235203689
4817040000,2026-06-30,경상남도,진주시,대곡면,2776,1571,807,316,668,903,56.592219020172905
4817041000,2026-06-30,경상남도,진주시,금산면,19263,4011,1444,393,1796,2215,20.822301822146084
4817042000,2026-06-30,경상남도,진주시,집현면,4208,1535,678,210,703,832,36.47813688212928
4817043000,2026-06-30,경상남도,진주시,미천면,1428,854,456,165,373,481,59.80392156862745
4817044000,2026-06-30,경상남도,진주시,명석면,3659,1756,724,219,798,958,47.991254441104125
4817045000,2026-06-30,경상남도,진주시,대평면,947,495,237,94,209,286,52.27032734952481
4817046000,2026-06-30,경상남도,진주시,수곡면,2003,1044,486,196,447,597,52.12181727408887
4817051500,2026-06-30,경상남도,진주시,천전동,26656,7131,3251,826,2966,4165,26.75195078031212
4817055500,2026-06-30,경상남도,진주시,성북동,9203,2936,1256,321,1246,1690,31.902640443333695
4817056500,2026-06-30,경상남도,진주시,중앙동,9821,4222,1938,467,1650,2572,42.98951226962631
4817059500,2026-06-30,경상남도,진주시,상봉동,12277,4196,1835,449,1718,2478,34.177730715972956
4817067300,2026-06-30,경상남도,진주시,상대동,17582,5020,2022,420,2193,2827,28.551928108292575
4817067800,2026-06-30,경상남도,진주시,하대동,21712,5229,1757,395,2277,2952,24.083456153279293
4817068000,2026-06-30,경상남도,진주시,상평동,10286,2726,1038,215,1216,1510,26.502041609955278
4817069500,2026-06-30,경상남도,진주시,초장동,27312,2900,974,236,1329,1571,10.618043350908026
4817071000,2026-06-30,경상남도,진주시,평거동,24777,4693,1803,499,1967,2726,18.940953303466927
4817071500,2026-06-30,경상남도,진주시,신안동,10748,3204,1310,370,1322,1882,29.810197245999255
4817072000,2026-06-30,경상남도,진주시,이현동,9631,2703,1029,236,1190,1513,28.06562143079639
4817073000,2026-06-30,경상남도,진주시,판문동,19682,3309,1135,277,1434,1875,16.812315821562848
4817074000,2026-06-30,경상남도,진주시,가호동,37105,4328,1516,366,1787,2541,11.66419619997305
4817075000,2026-06-30,경상남도,진주시,충무공동,33696,2288,599,120,1051,1237,6.790123456790123
4822025000,2026-06-30,경상남도,통영시,산양읍,4056,1846,811,251,853,993,45.51282051282051
4822031000,2026-06-30,경상남도,통영시,용남면,11210,2702,1097,291,1220,1482,24.103479036574488
4822033000,2026-06-30,경상남도,통영시,도산면,2557,1374,634,188,611,763,53.73484552209621
4822034000,2026-06-30,경상남도,통영시,광도면,31860,4741,1550,376,2212,2529,14.88072818581293
4822035000,2026-06-30,경상남도,통영시,욕지면,1883,819,357,112,423,396,43.49442379182156
4822036000,2026-06-30,경상남도,통영시,한산면,1796,1023,551,185,458,565,56.95991091314031
4822037000,2026-06-30,경상남도,통영시,사량면,1323,752,335,116,346,406,56.840513983371125
4822051000,2026-06-30,경상남도,통영시,도천동,7772,2788,1173,266,1214,1574,35.87236232629954
4822053000,2026-06-30,경상남도,통영시,명정동,2363,1150,535,127,465,685,48.66694879390605
4822055000,2026-06-30,경상남도,통영시,중앙동,3128,1404,591,146,592,812,44.8849104859335
4822059000,2026-06-30,경상남도,통영시,정량동,7530,2719,1032,231,1170,1549,36.10889774236388
4822060000,2026-06-30,경상남도,통영시,북신동,9397,3246,1231,246,1337,1909,34.54293923592636
4822066500,2026-06-30,경상남도,통영시,미수동,9715,2717,871,199,1220,1497,27.967061245496655
4822067000,2026-06-30,경상남도,통영시,봉평동,8616,2930,1138,262,1329,1601,34.006499535747444
4822070000,2026-06-30,경상남도,통영시,무전동,12684,2695,875,150,1220,1475,21.247240618101547
4824025000,2026-06-30,경상남도,사천시,사천읍,16505,3429,1435,436,1482,1947,20.775522568918507
4824031000,2026-06-30,경상남도,사천시,정동면,13304,2263,935,284,964,1299,17.00992182802165
4824032000,2026-06-30,경상남도,사천시,사남면,18252,2551,1057,317,1108,1443,13.976550515012054
4824033000,2026-06-30,경상남도,사천시,용현면,8651,2326,994,287,1046,1280,26.8870650791816
4824034000,2026-06-30,경상남도,사천시,축동면,1451,747,360,140,339,408,51.481736733287384
4824035000,2026-06-30,경상남도,사천시,곤양면,2955,1559,780,248,703,856,52.7580372250423
4824036000,2026-06-30,경상남도,사천시,곤명면,2579,1376,698,247,583,793,53.354013183404426
4824037000,2026-06-30,경상남도,사천시,서포면,3135,1619,809,274,680,939,51.64274322169059
4824051000,2026-06-30,경상남도,사천시,동서동,4922,2527,1191,298,1005,1522,51.34091832588379
4824052000,2026-06-30,경상남도,사천시,선구동,4407,1733,763,202,728,1005,39.3238030406172
4824053000,2026-06-30,경상남도,사천시,동서금동,6556,1958,870,191,794,1164,29.86577181208054
4824055000,2026-06-30,경상남도,사천시,벌용동,13991,4000,1636,407,1682,2318,28.589807733542994
4824057000,2026-06-30,경상남도,사천시,향촌동,6417,1987,798,216,901,1086,30.964625214274584
4824059500,2026-06-30,경상남도,사천시,남양동,4548,1894,876,284,806,1088,41.64467897977133
4824089000,2026-06-30,경상남도,사천시,신수출장소,209,127,69,15,48,79,60.76555023923444
4825025000,2026-06-30,경상남도,김해시,진영읍,52201,9172,3159,832,4196,4976,17.570544625581885
4825032000,2026-06-30,경상남도,김해시,주촌면,21646,2261,620,176,1149,1112,10.445347870276263
4825033000,2026-06-30,경상남도,김해시,진례면,5370,2200,905,250,1030,1170,40.9683426443203
4825034000,2026-06-30,경상남도,김해시,한림면,6310,2932,1230,376,1401,1531,46.46592709984152
4825035000,2026-06-30,경상남도,김해시,생림면,3294,1612,662,186,795,817,48.937462052216155
4825036000,2026-06-30,경상남도,김해시,상동면,2852,1228,430,103,630,598,43.05750350631136
4825037000,2026-06-30,경상남도,김해시,대동면,4848,2556,1020,282,1218,1338,52.722772277227726
4825051000,2026-06-30,경상남도,김해시,동상동,8231,2250,781,189,1056,1194,27.335682177135222
4825052000,2026-06-30,경상남도,김해시,회현동,7917,2460,970,232,1096,1364,31.072375899962108
4825053000,2026-06-30,경상남도,김해시,부원동,8722,2223,762,156,1028,1195,25.487273561109834
4825054000,2026-06-30,경상남도,김해시,내외동,66323,11643,3878,1027,5229,6414,17.554996004402696
4825055000,2026-06-30,경상남도,김해시,북부동,80471,11582,3809,910,5192,6390,14.392762610132841
4825056500,2026-06-30,경상남도,김해시,칠산서부동,8427,2467,866,223,1163,1304,29.274949566868397
4825058000,2026-06-30,경상남도,김해시,활천동,35394,7697,2589,638,3520,4177,21.746623721534725
4825059000,2026-06-30,경상남도,김해시,삼안동,34840,7077,2366,590,3324,3753,20.312858783008036
4825060000,2026-06-30,경상남도,김해시,불암동,6393,1570,542,119,743,827,24.558110433286405
4825061000,2026-06-30,경상남도,김해시,장유1동,71266,8187,2972,738,3600,4587,11.487946566385093
4825062000,2026-06-30,경상남도,김해시,장유2동,36659,4789,1733,396,2098,2691,13.063640579393873
4825063000,2026-06-30,경상남도,김해시,장유3동,71613,6841,2229,445,2996,3845,9.552734838646614
4827025000,2026-06-30,경상남도,밀양시,삼랑진읍,4844,2411,1044,289,1088,1323,49.77291494632535
4827025100,2026-06-30,경상남도,밀양시,삼랑진임천출장소,1387,627,282,85,283,344,45.20547945205479
4827025300,2026-06-30,경상남도,밀양시,하남읍,6413,2997,1341,398,1304,1693,46.73319819117418
4827031000,2026-06-30,경상남도,밀양시,부북면,5270,2477,1068,342,1138,1339,47.00189753320683
4827032000,2026-06-30,경상남도,밀양시,상동면,3052,1736,714,225,781,955,56.88073394495413
4827033000,2026-06-30,경상남도,밀양시,산외면,2712,1403,598,182,660,743,51.733038348082594
4827034000,2026-06-30,경상남도,밀양시,산내면,3585,1881,796,216,897,984,52.46861924686193
4827035000,2026-06-30,경상남도,밀양시,단장면,4179,2221,876,247,1042,1179,53.146685810002396
4827036000,2026-06-30,경상남도,밀양시,상남면,7466,3133,1353,372,1409,1724,41.963568175729975
4827037000,2026-06-30,경상남도,밀양시,초동면,3165,1746,803,251,778,968,55.165876777251185
4827038000,2026-06-30,경상남도,밀양시,무안면,4467,2398,1075,346,1085,1313,53.682561002910234
4827039000,2026-06-30,경상남도,밀양시,청도면,1652,1021,457,146,497,524,61.80387409200968
4827051000,2026-06-30,경상남도,밀양시,내일동,2373,1089,497,134,458,631,45.89127686472819
4827052000,2026-06-30,경상남도,밀양시,내이동,17068,3658,1280,311,1543,2115,21.431919381298336
4827053000,2026-06-30,경상남도,밀양시,삼문동,18476,4137,1638,442,1705,2432,22.391210218662046
4827054000,2026-06-30,경상남도,밀양시,가곡동,7213,2548,1093,300,1019,1529,35.32510744489117
4827055000,2026-06-30,경상남도,밀양시,교동,5269,1572,581,133,663,909,29.834883279559687
4831031000,2026-06-30,경상남도,거제시,일운면,7808,2385,826,229,1150,1235,30.545594262295083
4831032000,2026-06-30,경상남도,거제시,동부면,2741,1316,554,159,611,705,48.011674571324335
4831033000,2026-06-30,경상남도,거제시,남부면,1375,692,321,96,310,382,50.32727272727273
4831034000,2026-06-30,경상남도,거제시,거제면,6726,2535,1089,350,1145,1390,37.68956289027654
4831035000,2026-06-30,경상남도,거제시,둔덕면,2504,1272,588,179,594,678,50.798722044728436
4831036000,2026-06-30,경상남도,거제시,사등면,10559,2488,981,267,1152,1336,23.56283738990435
4831036600,2026-06-30,경상남도,거제시,사등면가조출장소,1013,483,195,47,226,257,47.680157946692994
4831037000,2026-06-30,경상남도,거제시,연초면,9495,2284,787,215,1109,1175,24.054765666140074
4831038000,2026-06-30,경상남도,거제시,하청면,2827,1212,529,160,565,647,42.87230279448178
4831038500,2026-06-30,경상남도,거제시,하청면칠천출장소,1016,540,249,77,249,291,53.14960629921261
4831039000,2026-06-30,경상남도,거제시,장목면,2634,1323,608,181,585,738,50.227790432801825
4831039500,2026-06-30,경상남도,거제시,장목면외포출장소,1187,561,253,77,251,310,47.262005054759896
4831051000,2026-06-30,경상남도,거제시,장승포동,5026,1274,432,110,601,673,25.348189415041784
4831053000,2026-06-30,경상남도,거제시,능포동,8014,2280,691,170,1097,1183,28.450212128774645
4831054000,2026-06-30,경상남도,거제시,아주동,24526,1773,432,88,864,909,7.229063035146376
4831055000,2026-06-30,경상남도,거제시,옥포1동,7159,1393,346,58,640,753,19.458024863807793
4831056000,2026-06-30,경상남도,거제시,옥포2동,23205,4371,1108,240,2126,2245,18.836457659987072
4831057000,2026-06-30,경상남도,거제시,장평동,19026,2348,527,99,1154,1194,12.341007042993798
4831058000,2026-06-30,경상남도,거제시,고현동,35600,5393,1472,303,2497,2896,15.148876404494382
4831059000,2026-06-30,경상남도,거제시,상문동,34432,2605,707,149,1251,1354,7.565636617100371
4831060000,2026-06-30,경상남도,거제시,수양동,22156,2045,564,126,1005,1040,9.230005416140097
4833025300,2026-06-30,경상남도,양산시,물금읍,117313,16214,5254,1223,7397,8817,13.821145141629657
4833031000,2026-06-30,경상남도,양산시,동면,57769,8605,2597,522,4093,4512,14.89553220585435
4833032000,2026-06-30,경상남도,양산시,원동면,3055,1707,714,197,809,898,55.875613747954176
4833033000,2026-06-30,경상남도,양산시,상북면,13588,4448,1640,440,2047,2401,32.73476596997351
4833034000,2026-06-30,경상남도,양산시,하북면,7378,3016,1177,360,1424,1592,40.8782867985904
4833051000,2026-06-30,경상남도,양산시,중앙동,10865,3363,1160,283,1551,1812,30.952600092038658
4833051500,2026-06-30,경상남도,양산시,양주동,29390,6099,2486,604,2582,3517,20.75195644777135
4833052000,2026-06-30,경상남도,양산시,삼성동,19406,4249,1402,352,1977,2272,21.895290116458828
4833053000,2026-06-30,경상남도,양산시,강서동,8075,1847,651,167,852,995,22.873065015479877
4833054000,2026-06-30,경상남도,양산시,서창동,25602,5416,1989,489,2504,2912,21.154597297086163
4833055000,2026-06-30,경상남도,양산시,소주동,19396,5027,1985,533,2135,2892,25.917714992782017
4833056000,2026-06-30,경상남도,양산시,평산동,28241,7626,3374,849,3098,4528,27.0032930845225
4833057000,2026-06-30,경상남도,양산시,덕계동,21311,4169,1598,390,1814,2355,19.562667167190654
4872025000,2026-06-30,경상남도,의령군,의령읍,8830,2496,1058,326,1050,1446,28.26727066817667
4872031000,2026-06-30,경상남도,의령군,가례면,1553,842,399,160,378,464,54.217643271088214
4872032000,2026-06-30,경상남도,의령군,칠곡면,1131,629,291,110,283,346,55.614500442086644
4872033000,2026-06-30,경상남도,의령군,대의면,1013,542,273,100,228,314,53.50444225074038
4872034000,2026-06-30,경상남도,의령군,화정면,1434,736,354,134,325,411,51.324965132496516
4872035000,2026-06-30,경상남도,의령군,용덕면,1366,736,338,134,352,384,53.879941434846266
4872036000,2026-06-30,경상남도,의령군,정곡면,1291,745,362,129,321,424,57.70720371804803
4872037000,2026-06-30,경상남도,의령군,지정면,1707,977,473,181,459,518,57.23491505565319
4872038000,2026-06-30,경상남도,의령군,낙서면,658,414,191,71,168,246,62.91793313069909
4872039000,2026-06-30,경상남도,의령군,부림면,2527,1230,642,201,498,732,48.67431737237831
4872040000,2026-06-30,경상남도,의령군,봉수면,938,538,286,102,256,282,57.356076759061835
4872041500,2026-06-30,경상남도,의령군,궁류면,1012,683,373,168,295,388,67.4901185770751
4872042000,2026-06-30,경상남도,의령군,유곡면,1071,648,332,143,286,362,60.50420168067227
4873025000,2026-06-30,경상남도,함안군,가야읍,16377,4642,1861,581,2031,2611,28.344629663552546
4873025300,2026-06-30,경상남도,함안군,칠원읍,17335,3932,1445,369,1846,2086,22.68243438130949
4873031000,2026-06-30,경상남도,함안군,함안면,2235,1155,533,188,543,612,51.67785234899329
4873032000,2026-06-30,경상남도,함안군,군북면,5519,2529,1177,428,1141,1388,45.82351875339735
4873033000,2026-06-30,경상남도,함안군,법수면,2578,1346,602,192,602,744,52.21101629169899
4873034000,2026-06-30,경상남도,함안군,대산면,2983,1708,864,304,750,958,57.25779416694603
4873035000,2026-06-30,경상남도,함안군,칠서면,4749,1736,755,229,816,920,36.555064224047165
4873036000,2026-06-30,경상남도,함안군,칠북면,1745,1017,465,155,482,535,58.28080229226361
4873038000,2026-06-30,경상남도,함안군,산인면,2469,1193,464,160,565,628,48.319157553665455
4873039000,2026-06-30,경상남도,함안군,여항면,877,513,201,69,254,259,58.49486887115165
4874025000,2026-06-30,경상남도,창녕군,창녕읍,14957,4585,1924,551,1979,2606,30.65454302333356
4874025300,2026-06-30,경상남도,창녕군,남지읍,11142,3822,1601,453,1640,2182,34.30263866451265
4874031000,2026-06-30,경상남도,창녕군,고암면,1742,932,468,159,425,507,53.50172215843858
4874032000,2026-06-30,경상남도,창녕군,성산면,1462,792,365,135,367,425,54.172366621067034
4874033000,2026-06-30,경상남도,창녕군,대합면,3428,1654,820,258,702,952,48.249708284714124
4874034000,2026-06-30,경상남도,창녕군,이방면,2261,1121,546,204,480,641,49.57983193277311
4874035000,2026-06-30,경상남도,창녕군,유어면,1567,899,461,144,372,527,57.37077217613273
4874036000,2026-06-30,경상남도,창녕군,대지면,2282,959,464,156,411,548,42.02453987730061
4874037000,2026-06-30,경상남도,창녕군,계성면,2048,1044,514,183,449,595,50.9765625
4874038000,2026-06-30,경상남도,창녕군,영산면,4738,2058,860,244,926,1132,43.43604896580836
4874039000,2026-06-30,경상남도,창녕군,장마면,1705,940,481,178,431,509,55.13196480938416
4874040000,2026-06-30,경상남도,창녕군,도천면,2394,1144,483,156,514,630,47.78613199665831
4874041000,2026-06-30,경상남도,창녕군,길곡면,1413,769,330,110,370,399,54.423213021939134
4874042000,2026-06-30,경상남도,창녕군,부곡면,3306,1696,676,214,768,928,51.30066545674531
4882025000,2026-06-30,경상남도,고성군,고성읍,22408,6475,2627,710,2764,3711,28.895930024991074
4882031000,2026-06-30,경상남도,고성군,삼산면,1678,906,425,137,422,484,53.99284862932062
4882032000,2026-06-30,경상남도,고성군,하일면,1695,936,473,147,412,524,55.2212389380531
4882033000,2026-06-30,경상남도,고성군,하이면,2407,1093,488,171,519,574,45.409223099293726
4882034000,2026-06-30,경상남도,고성군,상리면,1440,819,433,145,379,440,56.875
4882035000,2026-06-30,경상남도,고성군,대가면,1531,891,430,161,414,477,58.19725669497061
4882036000,2026-06-30,경상남도,고성군,영현면,821,514,282,108,225,289,62.606577344701584
4882037000,2026-06-30,경상남도,고성군,영오면,1273,688,342,134,306,382,54.045561665357425
4882038000,2026-06-30,경상남도,고성군,개천면,1018,592,286,130,270,322,58.153241650294696
4882039000,2026-06-30,경상남도,고성군,구만면,922,530,258,98,236,294,57.48373101952278
4882040000,2026-06-30,경상남도,고성군,회화면,3193,1429,612,180,669,760,44.75414970247416
4882041000,2026-06-30,경상남도,고성군,마암면,1596,879,450,158,397,482,55.07518796992481
4882042000,2026-06-30,경상남도,고성군,동해면,2896,1480,722,230,638,842,51.10497237569061
4882043000,2026-06-30,경상남도,고성군,거류면,3930,1710,843,279,751,959,43.51145038167939
4884025000,2026-06-30,경상남도,남해군,남해읍,12706,3619,1611,535,1537,2082,28.48260664253109
4884031000,2026-06-30,경상남도,남해군,이동면,3523,1841,976,364,772,1069,52.25659948907181
4884032000,2026-06-30,경상남도,남해군,상주면,1580,741,381,152,306,435,46.89873417721519
4884033000,2026-06-30,경상남도,남해군,삼동면,3806,1880,994,349,811,1069,49.395691014188124
4884034000,2026-06-30,경상남도,남해군,미조면,2106,904,386,106,416,488,42.92497625830959
4884035000,2026-06-30,경상남도,남해군,남면,3401,1701,962,345,702,999,50.01470155836518
4884036000,2026-06-30,경상남도,남해군,서면,2595,1362,775,328,556,806,52.48554913294797
4884037000,2026-06-30,경상남도,남해군,고현면,3228,1708,937,369,700,1008,52.91201982651796
4884038000,2026-06-30,경상남도,남해군,설천면,2647,1538,785,316,670,868,58.103513411409146
4884039000,2026-06-30,경상남도,남해군,창선면,5551,2877,1422,466,1214,1663,51.82849936948297
4885025000,2026-06-30,경상남도,하동군,하동읍,9003,3055,1384,388,1322,1733,33.933133399977784
4885031000,2026-06-30,경상남도,하동군,화개면,2695,1184,560,174,540,644,43.93320964749536
4885032000,2026-06-30,경상남도,하동군,악양면,3205,1592,770,273,717,875,49.67238689547582
4885033000,2026-06-30,경상남도,하동군,적량면,1768,905,447,183,403,502,51.18778280542986
4885034000,2026-06-30,경상남도,하동군,횡천면,1722,957,465,201,443,514,55.57491289198606
4885035000,2026-06-30,경상남도,하동군,고전면,1914,1019,500,188,440,579,53.239289446186
4885036000,2026-06-30,경상남도,하동군,금남면,3046,1539,764,250,690,849,50.52527905449771
4885037000,2026-06-30,경상남도,하동군,진교면,5398,2219,1026,357,1003,1216,41.10781771026306
4885038000,2026-06-30,경상남도,하동군,양보면,1545,908,499,187,402,506,58.77022653721683
4885039000,2026-06-30,경상남도,하동군,북천면,1443,800,412,156,360,440,55.44005544005544
4885040000,2026-06-30,경상남도,하동군,청암면,1275,654,251,82,325,329,51.294117647058826
4885041000,2026-06-30,경상남도,하동군,옥종면,3987,1846,854,317,842,1004,46.30047654878355
4885042000,2026-06-30,경상남도,하동군,금성면,2595,1061,514,170,430,631,40.886319845857415
4886025000,2026-06-30,경상남도,산청군,산청읍,6414,2329,1095,359,1014,1315,36.31119426255067
4886031000,2026-06-30,경상남도,산청군,차황면,1304,751,366,137,329,422,57.59202453987729
4886032000,2026-06-30,경상남도,산청군,오부면,945,549,295,122,226,323,58.0952380952381
4886033000,2026-06-30,경상남도,산청군,생초면,1801,1037,551,207,446,591,57.57912270960578
4886034000,2026-06-30,경상남도,산청군,금서면,2792,1314,688,254,551,763,47.06303724928367
4886035000,2026-06-30,경상남도,산청군,삼장면,1728,919,437,158,412,507,53.182870370370374
4886036000,2026-06-30,경상남도,산청군,시천면,3840,1757,761,254,810,947,45.755208333333336
4886037000,2026-06-30,경상남도,산청군,단성면,5430,2646,1179,417,1228,1418,48.729281767955804
4886038000,2026-06-30,경상남도,산청군,신안면,5407,2039,846,310,954,1085,37.710375439245425
4886039000,2026-06-30,경상남도,산청군,생비량면,1096,637,296,105,269,368,58.120437956204384
4886040000,2026-06-30,경상남도,산청군,신등면,1881,1066,533,190,468,598,56.67198298777246
4887025000,2026-06-30,경상남도,함양군,함양읍,16733,5026,2253,734,2096,2930,30.036454909460346
4887031000,2026-06-30,경상남도,함양군,마천면,1918,970,461,177,410,560,50.573514077163715
4887032000,2026-06-30,경상남도,함양군,휴천면,1406,751,403,146,324,427,53.41394025604552
4887033000,2026-06-30,경상남도,함양군,유림면,1498,855,458,184,374,481,57.07610146862483
4887034000,2026-06-30,경상남도,함양군,수동면,2104,1080,552,200,464,616,51.33079847908745
4887035000,2026-06-30,경상남도,함양군,지곡면,1890,1006,530,204,434,572,53.22751322751322
4887036000,2026-06-30,경상남도,함양군,안의면,3944,2114,1096,394,863,1251,53.60040567951319
4887037000,2026-06-30,경상남도,함양군,서하면,1275,726,352,132,303,423,56.94117647058824
4887038000,2026-06-30,경상남도,함양군,서상면,1646,914,450,158,412,502,55.52855407047388
4887039000,2026-06-30,경상남도,함양군,백전면,1522,807,358,113,378,429,53.022339027595265
4887040000,2026-06-30,경상남도,함양군,병곡면,1205,622,319,137,257,365,51.6182572614108
4888025000,2026-06-30,경상남도,거창군,거창읍,39646,9602,4033,1188,3969,5633,24.219341169348738
4888031000,2026-06-30,경상남도,거창군,주상면,1412,828,431,177,372,456,58.640226628895185
4888032000,2026-06-30,경상남도,거창군,웅양면,1730,940,515,209,378,562,54.33526011560693
4888033000,2026-06-30,경상남도,거창군,고제면,1279,715,350,141,326,389,55.90304925723222
4888034000,2026-06-30,경상남도,거창군,북상면,1493,820,420,169,351,469,54.92297387809779
4888035000,2026-06-30,경상남도,거창군,위천면,1812,953,475,196,416,537,52.59381898454746
4888036000,2026-06-30,경상남도,거창군,마리면,1856,1026,535,220,435,591,55.2801724137931
4888037000,2026-06-30,경상남도,거창군,남상면,2173,1179,587,239,511,668,54.25678785089738
4888038000,2026-06-30,경상남도,거창군,남하면,1333,801,405,173,348,453,60.09002250562641
4888039000,2026-06-30,경상남도,거창군,신원면,1444,880,474,165,377,503,60.94182825484764
4888040000,2026-06-30,경상남도,거창군,가조면,3383,1833,920,352,768,1065,54.18267809636418
4888041000,2026-06-30,경상남도,거창군,가북면,1285,766,387,166,338,428,59.61089494163424
4889025000,2026-06-30,경상남도,합천군,합천읍,10298,2999,1314,387,1285,1714,29.12215964264906
4889031000,2026-06-30,경상남도,합천군,봉산면,1327,792,365,141,383,409,59.68349660889224
4889032000,2026-06-30,경상남도,합천군,묘산면,1378,856,450,181,368,488,62.11901306240929
4889033000,2026-06-30,경상남도,합천군,가야면,3723,1898,927,293,789,1109,50.98039215686274
4889034000,2026-06-30,경상남도,합천군,야로면,2142,1149,559,212,489,660,53.641456582633054
4889035000,2026-06-30,경상남도,합천군,율곡면,1995,1133,565,196,499,634,56.79197994987468
4889036000,2026-06-30,경상남도,합천군,초계면,2074,1075,508,167,461,614,51.83220829315333
4889037000,2026-06-30,경상남도,합천군,쌍책면,1112,710,336,129,311,399,63.84892086330935
4889038000,2026-06-30,경상남도,합천군,덕곡면,765,453,234,97,196,257,59.21568627450981
4889039000,2026-06-30,경상남도,합천군,청덕면,1420,841,420,159,349,492,59.225352112676056
4889040000,2026-06-30,경상남도,합천군,적중면,1223,730,405,149,292,438,59.68928863450531
4889041000,2026-06-30,경상남도,합천군,대양면,1613,722,372,147,303,419,44.76131432114073
4889042000,2026-06-30,경상남도,합천군,쌍백면,1531,954,495,196,398,556,62.312214239059436
4889043000,2026-06-30,경상남도,합천군,삼가면,2832,1537,825,307,594,943,54.2725988700565
4889044000,2026-06-30,경상남도,합천군,가회면,1638,917,487,155,418,499,55.98290598290598
4889045000,2026-06-30,경상남도,합천군,대병면,1788,1012,472,182,446,566,56.59955257270693
4889046000,2026-06-30,경상남도,합천군,용주면,1995,1143,601,215,500,643,57.29323308270676
5011025000,2026-06-30,제주특별자치도,제주시,한림읍,19999,5497,2488,822,2429,3068,27.486374318715935
5011025300,2026-06-30,제주특별자치도,제주시,애월읍,38329,8235,3543,1236,3841,4394,21.485037439014846
5011025600,2026-06-30,제주특별자치도,제주시,구좌읍,14882,4588,2223,826,2007,2581,30.829189625050397
5011025900,2026-06-30,제주특별자치도,제주시,조천읍,25931,6027,2612,855,2776,3251,23.242451120280744
5011031000,2026-06-30,제주특별자치도,제주시,한경면,9494,3018,1418,539,1342,1676,31.78849799873604
5011032000,2026-06-30,제주특별자치도,제주시,추자면,1498,630,306,95,290,340,42.05607476635514
5011033000,2026-06-30,제주특별자치도,제주시,우도면,1496,473,225,85,218,255,31.61764705882353
5011051000,2026-06-30,제주특별자치도,제주시,일도1동,2052,726,285,82,318,408,35.38011695906433
5011052000,2026-06-30,제주특별자치도,제주시,일도2동,30585,6856,2830,768,2936,3920,22.416217099885564
5011053000,2026-06-30,제주특별자치도,제주시,이도1동,7544,1734,761,252,749,985,22.985153764581124
5011054000,2026-06-30,제주특별자치도,제주시,이도2동,45489,7633,3003,780,3313,4320,16.77988085031546
5011055000,2026-06-30,제주특별자치도,제주시,삼도1동,12593,3045,1515,409,1298,1747,24.180100055586436
5011056000,2026-06-30,제주특별자치도,제주시,삼도2동,7539,1898,808,247,826,1072,25.175752752354423
5011057000,2026-06-30,제주특별자치도,제주시,용담1동,6287,1758,809,246,805,953,27.962462223636074
5011058000,2026-06-30,제주특별자치도,제주시,용담2동,13425,3511,1555,442,1520,1991,26.15270018621974
5011059000,2026-06-30,제주특별자치도,제주시,건입동,8344,2436,1013,295,1076,1360,29.194630872483224
5011060000,2026-06-30,제주특별자치도,제주시,화북동,22781,4247,1631,450,1852,2395,18.64272858961415
5011061000,2026-06-30,제주특별자치도,제주시,삼양동,26662,3647,1455,446,1588,2059,13.678643762658465
5011062000,2026-06-30,제주특별자치도,제주시,봉개동,5181,1106,473,168,520,586,21.347230264427715
5011063000,2026-06-30,제주특별자치도,제주시,아라동,41097,4909,1807,540,2242,2667,11.944910820741175
5011064000,2026-06-30,제주특별자치도,제주시,오라동,16061,2148,834,267,976,1172,13.374011580848016
5011065000,2026-06-30,제주특별자치도,제주시,연동,42905,6497,2266,530,2877,3620,15.142757254399253
5011066000,2026-06-30,제주특별자치도,제주시,노형동,54215,7142,2554,681,3118,4024,13.173475975283594
5011067000,2026-06-30,제주특별자치도,제주시,외도동,22332,2769,1111,330,1197,1572,12.39924771628157
5011068000,2026-06-30,제주특별자치도,제주시,이호동,4230,942,387,141,442,500,22.26950354609929
5011069000,2026-06-30,제주특별자치도,제주시,도두동,3172,624,249,99,292,332,19.672131147540984
5013025000,2026-06-30,제주특별자치도,서귀포시,대정읍,21492,5221,2446,838,2271,2950,24.292760096780196
5013025300,2026-06-30,제주특별자치도,서귀포시,남원읍,17679,5558,2631,904,2494,3064,31.438429775439786
5013025900,2026-06-30,제주특별자치도,서귀포시,성산읍,14548,4734,2036,665,2246,2488,32.54055540280451
5013031000,2026-06-30,제주특별자치도,서귀포시,안덕면,12293,3139,1407,482,1447,1692,25.534857235825264
5013032000,2026-06-30,제주특별자치도,서귀포시,표선면,12820,3431,1486,446,1540,1891,26.76287051482059
5013051000,2026-06-30,제주특별자치도,서귀포시,송산동,3714,1163,561,150,516,647,31.31394722670975
5013052000,2026-06-30,제주특별자치도,서귀포시,정방동,2008,634,246,65,272,362,31.573705179282868
5013053000,2026-06-30,제주특별자치도,서귀포시,중앙동,2917,1068,441,123,415,653,36.61295851902639
5013054000,2026-06-30,제주특별자치도,서귀포시,천지동,3261,967,416,111,410,557,29.65348052744557
5013055000,2026-06-30,제주특별자치도,서귀포시,효돈동,5186,1523,739,239,677,846,29.367527959892016
5013056000,2026-06-30,제주특별자치도,서귀포시,영천동,4998,1539,775,266,698,841,30.792316926770706
5013057000,2026-06-30,제주특별자치도,서귀포시,동홍동,22416,4378,1774,439,1839,2539,19.530692362598145
5013058000,2026-06-30,제주특별자치도,서귀포시,서홍동,11004,1929,839,205,826,1103,17.52998909487459
5013059000,2026-06-30,제주특별자치도,서귀포시,대륜동,14798,3104,1279,357,1416,1688,20.97580754155967
5013060000,2026-06-30,제주특별자치도,서귀포시,대천동,13788,2665,1059,302,1215,1450,19.328401508558166
5013061000,2026-06-30,제주특별자치도,서귀포시,중문동,12023,2469,1060,343,1133,1336,20.535640023288696
5013062000,2026-06-30,제주특별자치도,서귀포시,예래동,3724,1104,516,192,491,613,29.64554242749731
5111025000,2026-06-30,강원특별자치도,춘천시,신북읍,6789,2804,1236,442,1286,1518,41.302106348504935
5111031000,2026-06-30,강원특별자치도,춘천시,동면,18539,3882,1383,452,1682,2200,20.9396407573224
5111032000,2026-06-30,강원특별자치도,춘천시,동산면,1326,687,272,106,346,341,51.80995475113123
5111033000,2026-06-30,강원특별자치도,춘천시,신동면,2520,1039,413,167,486,553,41.23015873015873
5111034000,2026-06-30,강원특별자치도,춘천시,남면,1006,549,245,81,283,266,54.57256461232605
5111035000,2026-06-30,강원특별자치도,춘천시,서면,3507,1757,774,279,851,906,50.0998003992016
5111036000,2026-06-30,강원특별자치도,춘천시,사북면,2236,1163,475,173,561,602,52.01252236135957
5111038000,2026-06-30,강원특별자치도,춘천시,북산면,918,542,223,62,294,248,59.04139433551199
5111039000,2026-06-30,강원특별자치도,춘천시,동내면,22904,4248,1528,501,1950,2298,18.54697869367796
5111040000,2026-06-30,강원특별자치도,춘천시,남산면,3232,1567,628,197,761,806,48.48391089108911
5111052000,2026-06-30,강원특별자치도,춘천시,교동,3865,953,423,129,425,528,24.65717981888745
5111053000,2026-06-30,강원특별자치도,춘천시,조운동,2408,868,434,142,350,518,36.04651162790697
5111054500,2026-06-30,강원특별자치도,춘천시,약사명동,5318,1135,506,148,460,675,21.34261000376081
5111057000,2026-06-30,강원특별자치도,춘천시,근화동,8838,1825,781,250,726,1099,20.649468205476353
5111058000,2026-06-30,강원특별자치도,춘천시,소양동,10680,2201,896,257,933,1268,20.60861423220974
5111060000,2026-06-30,강원특별자치도,춘천시,후평1동,10730,3147,1361,441,1344,1803,29.328984156570364
5111061000,2026-06-30,강원특별자치도,춘천시,후평2동,13538,2788,1230,412,1137,1651,20.59388388240508
5111061100,2026-06-30,강원특별자치도,춘천시,후평3동,18798,4539,1888,563,1871,2668,24.146185764443025
5111062000,2026-06-30,강원특별자치도,춘천시,효자1동,3891,1111,492,172,477,634,28.553071189925465
5111063000,2026-06-30,강원특별자치도,춘천시,효자2동,12349,2990,1382,413,1271,1719,24.21248684103976
5111064000,2026-06-30,강원특별자치도,춘천시,효자3동,4290,1081,484,171,466,615,25.198135198135198
5111065000,2026-06-30,강원특별자치도,춘천시,석사동,32078,6538,2700,845,2835,3703,20.381569923311925
5111066000,2026-06-30,강원특별자치도,춘천시,퇴계동,45084,9019,3447,1094,3843,5176,20.004879779966288
5111067500,2026-06-30,강원특별자치도,춘천시,강남동,25168,5095,1827,497,2268,2827,20.243960584869676
5111070500,2026-06-30,강원특별자치도,춘천시,신사우동,25015,4960,2011,597,2151,2809,19.82810313811713
5113025000,2026-06-30,강원특별자치도,원주시,문막읍,16770,4593,1840,578,2107,2486,27.388193202146688
5113031000,2026-06-30,강원특별자치도,원주시,소초면,7797,2981,1089,381,1488,1493,38.23265358471207
5113032000,2026-06-30,강원특별자치도,원주시,호저면,3162,1518,625,252,727,791,48.007590132827325
5113033000,2026-06-30,강원특별자치도,원주시,지정면,33081,3433,1039,350,1612,1821,10.37755811493002
5113035000,2026-06-30,강원특별자치도,원주시,부론면,2141,1197,509,176,576,621,55.908453993461
5113036000,2026-06-30,강원특별자치도,원주시,귀래면,2053,1097,448,140,519,578,53.43399902581588
5113037000,2026-06-30,강원특별자치도,원주시,흥업면,9553,2638,948,334,1286,1352,27.61436198052968
5113038000,2026-06-30,강원특별자치도,원주시,판부면,7811,1621,583,192,773,848,20.75278453463065
5113039000,2026-06-30,강원특별자치도,원주시,신림면,3501,1798,713,226,897,901,51.356755212796344
5113051500,2026-06-30,강원특별자치도,원주시,중앙동,2050,1019,472,193,456,563,49.70731707317073
5113052000,2026-06-30,강원특별자치도,원주시,원인동,5295,1341,499,168,557,784,25.325779036827196
5113053000,2026-06-30,강원특별자치도,원주시,개운동,11449,3448,1478,476,1453,1995,30.116167350860334
5113054100,2026-06-30,강원특별자치도,원주시,명륜1동,7402,2405,988,317,1039,1366,32.49121858957039
5113054200,2026-06-30,강원특별자치도,원주시,명륜2동,17776,3949,1458,461,1742,2207,22.215346534653467
5113055000,2026-06-30,강원특별자치도,원주시,단구동,40636,7266,2722,808,3021,4245,17.88069691898809
5113056000,2026-06-30,강원특별자치도,원주시,일산동,7951,2310,1000,327,966,1344,29.05294931455163
5113057500,2026-06-30,강원특별자치도,원주시,학성동,4018,1525,663,219,625,900,37.95420607267297
5113059000,2026-06-30,강원특별자치도,원주시,단계동,26244,5461,1743,505,2453,3008,20.808565767413505
5113060000,2026-06-30,강원특별자치도,원주시,우산동,12959,2849,1109,333,1344,1505,21.984721043290378
5113061000,2026-06-30,강원특별자치도,원주시,태장1동,12274,2850,1052,278,1286,1564,23.219814241486066
5113062000,2026-06-30,강원특별자치도,원주시,태장2동,24080,5731,2086,649,2510,3221,23.79983388704319
5113063500,2026-06-30,강원특별자치도,원주시,봉산동,6943,2666,1150,398,1127,1539,38.39838686446781
5113065000,2026-06-30,강원특별자치도,원주시,행구동,8163,1980,723,244,942,1038,24.255788313120178
5113066000,2026-06-30,강원특별자치도,원주시,무실동,38665,5449,1791,479,2413,3036,14.092848829690935
5113067500,2026-06-30,강원특별자치도,원주시,반곡관설동,53037,5419,1704,530,2546,2873,10.21739540320908
5115025000,2026-06-30,강원특별자치도,강릉시,주문진읍,15188,6184,2723,757,2611,3573,40.71635501711878
5115031000,2026-06-30,강원특별자치도,강릉시,성산면,3302,1435,621,233,670,765,43.45850999394307
5115032000,2026-06-30,강원특별자치도,강릉시,왕산면,1468,808,321,86,419,389,55.04087193460491
5115033000,2026-06-30,강원특별자치도,강릉시,구정면,4024,1636,661,228,754,882,40.656063618290254
5115034000,2026-06-30,강원특별자치도,강릉시,강동면,3629,1735,820,248,777,958,47.80931386056765
5115035000,2026-06-30,강원특별자치도,강릉시,옥계면,3163,1508,667,209,681,827,47.6762567183054
5115036000,2026-06-30,강원특별자치도,강릉시,사천면,5228,1909,726,225,918,991,36.514919663351186
5115037000,2026-06-30,강원특별자치도,강릉시,연곡면,6296,2418,984,263,1126,1292,38.405336721728084
5115051000,2026-06-30,강원특별자치도,강릉시,홍제동,13890,3250,1359,391,1394,1856,23.398128149748022
5115052000,2026-06-30,강원특별자치도,강릉시,중앙동,4000,1634,797,234,637,997,40.849999999999994
5115054000,2026-06-30,강원특별자치도,강릉시,옥천동,2892,1205,608,163,515,690,41.66666666666667
5115055000,2026-06-30,강원특별자치도,강릉시,교1동,27468,5581,2371,731,2356,3225,20.31818843745449
5115056000,2026-06-30,강원특별자치도,강릉시,교2동,10443,2466,981,272,1129,1337,23.613904050560183
5115057100,2026-06-30,강원특별자치도,강릉시,포남1동,10258,3353,1378,355,1399,1954,32.68668356404758
5115057200,2026-06-30,강원특별자치도,강릉시,포남2동,11025,3509,1345,378,1458,2051,31.82766439909297
5115058000,2026-06-30,강원특별자치도,강릉시,초당동,4079,1164,462,146,503,661,28.536405981858298
5115059000,2026-06-30,강원특별자치도,강릉시,송정동,9169,2149,785,228,969,1180,23.437670411168064
5115060000,2026-06-30,강원특별자치도,강릉시,내곡동,17950,3693,1402,386,1668,2025,20.573816155988858
5115061500,2026-06-30,강원특별자치도,강릉시,강남동,15512,5361,2530,752,2260,3101,34.56034038164002
5115064500,2026-06-30,강원특별자치도,강릉시,성덕동,25151,5413,2170,628,2298,3115,21.522007077253388
5115066500,2026-06-30,강원특별자치도,강릉시,경포동,11531,1958,750,206,931,1027,16.980313936345503
5117051000,2026-06-30,강원특별자치도,동해시,천곡동,28315,6757,2323,557,3036,3721,23.863676496556597
5117052000,2026-06-30,강원특별자치도,동해시,송정동,3296,1253,563,188,585,668,38.015776699029125
5117053000,2026-06-30,강원특별자치도,동해시,북삼동,21313,3944,1499,382,1792,2152,18.50513770937925
5117054000,2026-06-30,강원특별자치도,동해시,부곡동,4399,1817,814,202,767,1050,41.30484200954763
5117055000,2026-06-30,강원특별자치도,동해시,동호동,4522,1555,678,163,691,864,34.387439186200794
5117057000,2026-06-30,강원특별자치도,동해시,발한동,2760,1393,668,193,593,800,50.47101449275362
5117059000,2026-06-30,강원특별자치도,동해시,묵호동,2594,1252,637,178,506,746,48.26522744795682
5117060000,2026-06-30,강원특별자치도,동해시,북평동,12964,3021,1176,355,1372,1649,23.30299290342487
5117063000,2026-06-30,강원특별자치도,동해시,망상동,3068,1359,646,191,606,753,44.29595827900913
5117065000,2026-06-30,강원특별자치도,동해시,삼화동,2358,1082,515,164,463,619,45.886344359626804
5119051500,2026-06-30,강원특별자치도,태백시,황지동,7593,1925,747,178,799,1126,25.35229816936652
5119052500,2026-06-30,강원특별자치도,태백시,황연동,3553,1536,611,141,689,847,43.23107233323952
5119053500,2026-06-30,강원특별자치도,태백시,삼수동,4693,1812,809,209,758,1054,38.610696782441934
5119054000,2026-06-30,강원특별자치도,태백시,상장동,11287,2665,1031,239,1195,1470,23.6112341631966
5119058500,2026-06-30,강원특별자치도,태백시,문곡소도동,3148,1335,527,133,611,724,42.40787801778907
5119059500,2026-06-30,강원특별자치도,태백시,장성동,2901,1265,567,169,549,716,43.60565322302654
5119060500,2026-06-30,강원특별자치도,태백시,구문소동,2073,1080,503,133,471,609,52.098408104196814
5119061500,2026-06-30,강원특별자치도,태백시,철암동,1563,803,407,108,380,423,51.37555982085733
5121051000,2026-06-30,강원특별자치도,속초시,영랑동,4345,1594,613,172,723,871,36.68584579976985
5121052000,2026-06-30,강원특별자치도,속초시,동명동,5234,1361,525,139,623,738,26.003056935422244
5121054000,2026-06-30,강원특별자치도,속초시,금호동,5321,1999,838,232,854,1145,37.568126292050366
5121056000,2026-06-30,강원특별자치도,속초시,교동,8436,2612,995,271,1128,1484,30.962541488857276
5121057000,2026-06-30,강원특별자치도,속초시,노학동,19730,5236,1985,568,2380,2856,26.538266599087684
5121058000,2026-06-30,강원특별자치도,속초시,조양동,28448,5616,2048,509,2368,3248,19.741282339707535
5121059000,2026-06-30,강원특별자치도,속초시,청호동,4600,1463,583,186,641,822,31.804347826086953
5121060000,2026-06-30,강원특별자치도,속초시,대포동,2779,1265,522,131,594,671,45.51997121266643
5123025000,2026-06-30,강원특별자치도,삼척시,도계읍,8446,3082,1353,374,1380,1702,36.49064645986266
5123025300,2026-06-30,강원특별자치도,삼척시,원덕읍,3084,1420,693,248,623,797,46.04409857328145
5123025400,2026-06-30,강원특별자치도,삼척시,원덕읍임원출장소,1415,691,335,97,287,404,48.8339222614841
5123031000,2026-06-30,강원특별자치도,삼척시,근덕면,4524,2336,1126,429,1018,1318,51.63572060123784
5123032000,2026-06-30,강원특별자치도,삼척시,하장면,1149,607,227,77,306,301,52.82854656222803
5123033000,2026-06-30,강원특별자치도,삼척시,노곡면,682,398,178,65,191,207,58.35777126099707
5123034000,2026-06-30,강원특별자치도,삼척시,미로면,1678,888,420,147,420,468,52.92014302741359
5123035000,2026-06-30,강원특별자치도,삼척시,가곡면,632,330,150,47,150,180,52.21518987341772
5123036000,2026-06-30,강원특별자치도,삼척시,신기면,607,328,155,45,163,165,54.03624382207578
5123051000,2026-06-30,강원특별자치도,삼척시,남양동,6377,2692,1204,328,1155,1537,42.21420730751137
5123053000,2026-06-30,강원특별자치도,삼척시,교동,15159,2418,863,231,1114,1304,15.950920245398773
5123054000,2026-06-30,강원특별자치도,삼척시,정라동,9514,2344,989,266,1004,1340,24.637376497792726
5123057000,2026-06-30,강원특별자치도,삼척시,성내동,7027,2418,1040,321,1049,1369,34.41013234666287
5172025000,2026-06-30,강원특별자치도,홍천군,홍천읍,33298,8417,3244,1012,3754,4663,25.27779446212986
5172031000,2026-06-30,강원특별자치도,홍천군,화촌면,4099,2211,877,289,1086,1125,53.93998536228348
5172032000,2026-06-30,강원특별자치도,홍천군,두촌면,2386,1303,531,179,626,677,54.61022632020117
5172033000,2026-06-30,강원특별자치도,홍천군,내촌면,2368,1298,488,167,653,645,54.814189189189186
5172034000,2026-06-30,강원특별자치도,홍천군,서석면,3555,1671,636,213,806,865,47.0042194092827
5172035200,2026-06-30,강원특별자치도,홍천군,영귀미면,4023,2066,795,246,1020,1046,51.354710415113104
5172036000,2026-06-30,강원특별자치도,홍천군,남면,5472,2290,911,312,1132,1158,41.849415204678365
5172037000,2026-06-30,강원특별자치도,홍천군,서면,3789,1835,673,221,921,914,48.429664819213514
5172038000,2026-06-30,강원특별자치도,홍천군,북방면,4007,1914,788,281,949,965,47.766408784626904
5172039000,2026-06-30,강원특별자치도,홍천군,내면,2852,1358,489,152,698,660,47.61570827489481
5173025000,2026-06-30,강원특별자치도,횡성군,횡성읍,20265,5931,2420,778,2696,3235,29.267209474463364
5173031000,2026-06-30,강원특별자치도,횡성군,우천면,4295,2041,799,229,1038,1003,47.52037252619325
5173032000,2026-06-30,강원특별자치도,횡성군,안흥면,3145,1457,556,177,727,730,46.3275039745628
5173033000,2026-06-30,강원특별자치도,횡성군,둔내면,5906,2509,941,296,1225,1284,42.48222146969184
5173034000,2026-06-30,강원특별자치도,횡성군,갑천면,2481,1329,511,161,686,643,53.5671100362757
5173035000,2026-06-30,강원특별자치도,횡성군,청일면,2380,1325,527,169,655,670,55.67226890756303
5173036000,2026-06-30,강원특별자치도,횡성군,공근면,3354,1827,696,234,922,905,54.47227191413238
5173037000,2026-06-30,강원특별자치도,횡성군,서원면,2004,1057,396,125,539,518,52.74451097804391
5173038000,2026-06-30,강원특별자치도,횡성군,강림면,1745,960,373,96,479,481,55.014326647564474
5175025000,2026-06-30,강원특별자치도,영월군,영월읍,19163,5766,2477,699,2594,3172,30.089234462244953
5175025300,2026-06-30,강원특별자치도,영월군,상동읍,987,489,233,84,216,273,49.544072948328264
5175031200,2026-06-30,강원특별자치도,영월군,산솔면,1331,690,291,91,347,343,51.84072126220887
5175032500,2026-06-30,강원특별자치도,영월군,김삿갓면,1779,842,307,95,426,416,47.32996065205172
5175033000,2026-06-30,강원특별자치도,영월군,북면,1937,955,390,114,460,495,49.30304594734125
5175034000,2026-06-30,강원특별자치도,영월군,남면,2079,1061,418,127,501,560,51.03415103415103
5175035500,2026-06-30,강원특별자치도,영월군,한반도면,1115,526,202,60,263,263,47.17488789237668
5175035900,2026-06-30,강원특별자치도,영월군,한반도면쌍용출장소,1441,746,339,102,349,397,51.76960444136016
5175036000,2026-06-30,강원특별자치도,영월군,주천면,3784,1896,743,261,936,960,50.10570824524313
5175038000,2026-06-30,강원특별자치도,영월군,무릉도원면,2098,1083,389,103,549,534,51.62059103908484
5176025000,2026-06-30,강원특별자치도,평창군,평창읍,8274,2985,1185,373,1457,1528,36.076867295141405
5176031000,2026-06-30,강원특별자치도,평창군,미탄면,1459,721,280,77,357,364,49.41740918437286
5176032000,2026-06-30,강원특별자치도,평창군,방림면,786,400,160,46,209,191,50.89058524173028
5176032500,2026-06-30,강원특별자치도,평창군,방림면계촌출장소,1703,816,292,90,419,397,47.91544333529066
5176033000,2026-06-30,강원특별자치도,평창군,대화면,4919,2137,855,269,1022,1115,43.44378938808701
5176034000,2026-06-30,강원특별자치도,평창군,봉평면,5553,1994,730,209,994,1000,35.908517918242396
5176035000,2026-06-30,강원특별자치도,평창군,용평면,2960,1232,470,167,579,653,41.62162162162162
5176036000,2026-06-30,강원특별자치도,평창군,진부면,8388,3218,1346,379,1485,1733,38.36432999523128
5176038000,2026-06-30,강원특별자치도,평창군,대관령면,5855,1853,699,191,872,981,31.64816396242528
5177025000,2026-06-30,강원특별자치도,정선군,정선읍,10293,3168,1340,380,1457,1711,30.778198775867093
5177025300,2026-06-30,강원특별자치도,정선군,고한읍,4708,1324,503,109,577,747,28.122344944774852
5177025600,2026-06-30,강원특별자치도,정선군,사북읍,4381,1415,478,104,652,763,32.29856197215248
5177025900,2026-06-30,강원특별자치도,정선군,신동읍,1739,740,298,82,346,394,42.5531914893617
5177026000,2026-06-30,강원특별자치도,정선군,신동읍함백출장소,1522,658,266,63,293,365,43.23258869908016
5177032000,2026-06-30,강원특별자치도,정선군,남면,3193,1239,433,114,606,633,38.80363294707172
5177034000,2026-06-30,강원특별자치도,정선군,북평면,2501,1056,456,145,487,569,42.223110755697725
5177035000,2026-06-30,강원특별자치도,정선군,임계면,3359,1694,734,246,843,851,50.43167609407562
5177036000,2026-06-30,강원특별자치도,정선군,화암면,1536,714,270,75,353,361,46.484375
5177037000,2026-06-30,강원특별자치도,정선군,여량면,1896,948,388,116,453,495,50.0
5178025000,2026-06-30,강원특별자치도,철원군,철원읍,4707,1468,688,201,616,852,31.187592946675164
5178025300,2026-06-30,강원특별자치도,철원군,김화읍,2947,933,447,139,424,509,31.65931455717679
5178025600,2026-06-30,강원특별자치도,철원군,갈말읍,11373,3309,1386,374,1553,1756,29.09522553415985
5178025900,2026-06-30,강원특별자치도,철원군,동송읍,13828,4164,1854,504,1819,2345,30.11281457911484
5178031000,2026-06-30,강원특별자치도,철원군,서면,1607,541,263,82,233,308,33.665214685749845
5178031500,2026-06-30,강원특별자치도,철원군,서면와수출장소,3333,1034,470,150,436,598,31.02310231023102
5178032000,2026-06-30,강원특별자치도,철원군,근남면,1825,744,331,83,345,399,40.76712328767123
5178033000,2026-06-30,강원특별자치도,철원군,근북면,91,53,35,11,20,33,58.24175824175825
5179025000,2026-06-30,강원특별자치도,화천군,화천읍,8114,2074,925,294,939,1135,25.560759181661325
5179031000,2026-06-30,강원특별자치도,화천군,간동면,2514,1155,508,159,574,581,45.94272076372315
5179032000,2026-06-30,강원특별자치도,화천군,하남면,2830,969,414,147,472,497,34.24028268551237
5179033000,2026-06-30,강원특별자치도,화천군,상서면,3470,1100,473,163,520,580,31.70028818443804
5179034000,2026-06-30,강원특별자치도,화천군,사내면,5651,1644,615,191,778,866,29.09219607149177
5180025000,2026-06-30,강원특별자치도,양구군,양구읍,13035,2934,1128,354,1347,1587,22.508630609896432
5180031500,2026-06-30,강원특별자치도,양구군,국토정중앙면,3241,1289,573,179,609,680,39.771675408824436
5180032000,2026-06-30,강원특별자치도,양구군,동면,1782,707,323,100,337,370,39.674523007856344
5180033000,2026-06-30,강원특별자치도,양구군,방산면,1122,467,194,74,222,245,41.622103386809265
5180034000,2026-06-30,강원특별자치도,양구군,해안면,1192,494,210,63,248,246,41.442953020134226
5181025000,2026-06-30,강원특별자치도,인제군,인제읍,9740,2303,866,266,1112,1191,23.64476386036961
5181025100,2026-06-30,강원특별자치도,인제군,인제읍귀둔출장소,464,200,85,26,93,107,43.103448275862064
5181031000,2026-06-30,강원특별자치도,인제군,남면,3687,1142,420,147,551,591,30.973691347979386
5181032000,2026-06-30,강원특별자치도,인제군,북면,7571,2245,853,289,1095,1150,29.652621846519615
5181033000,2026-06-30,강원특별자치도,인제군,기린면,4957,1466,533,168,743,723,29.574339318135966
5181034000,2026-06-30,강원특별자치도,인제군,서화면,2354,638,249,72,298,340,27.102803738317753
5181035000,2026-06-30,강원특별자치도,인제군,상남면,1998,685,260,76,341,344,34.28428428428428
5182025000,2026-06-30,강원특별자치도,고성군,간성읍,7330,1890,842,285,848,1042,25.78444747612551
5182025300,2026-06-30,강원특별자치도,고성군,거진읍,5399,2572,1226,397,1092,1480,47.63845156510465
5182031000,2026-06-30,강원특별자치도,고성군,현내면,2028,1059,490,145,455,604,52.2189349112426
5182032000,2026-06-30,강원특별자치도,고성군,죽왕면,3212,1402,627,202,650,752,43.648816936488174
5182033000,2026-06-30,강원특별자치도,고성군,토성면,9235,2830,1087,286,1315,1515,30.644288034650785
5183025000,2026-06-30,강원특별자치도,양양군,양양읍,12622,3664,1537,430,1666,1998,29.02868008239582
5183031000,2026-06-30,강원특별자치도,양양군,서면,2565,1185,555,150,543,642,46.198830409356724
5183032000,2026-06-30,강원특별자치도,양양군,손양면,2146,963,461,155,437,526,44.87418452935694
5183033000,2026-06-30,강원특별자치도,양양군,현북면,2615,1199,512,142,580,619,45.85086042065009
5183034000,2026-06-30,강원특별자치도,양양군,현남면,2880,1405,662,225,654,751,48.78472222222222
5183035000,2026-06-30,강원특별자치도,양양군,강현면,4498,1883,789,228,871,1012,41.863050244553136
5211151000,2026-06-30,전북특별자치도,전주시 완산구,중앙동,9421,2763,1262,345,1204,1559,29.328096805010084
5211153000,2026-06-30,전북특별자치도,전주시 완산구,풍남동,3321,1521,777,226,636,885,45.799457994579946
5211160500,2026-06-30,전북특별자치도,전주시 완산구,노송동,9816,3405,1665,491,1429,1976,34.68826405867971
5211163500,2026-06-30,전북특별자치도,전주시 완산구,완산동,4673,1652,853,243,687,965,35.35202225551038
5211165000,2026-06-30,전북특별자치도,전주시 완산구,동서학동,5532,2237,1004,277,992,1245,40.437454808387564
5211166000,2026-06-30,전북특별자치도,전주시 완산구,서서학동,7569,2839,1265,312,1210,1629,37.50825736557009
5211167100,2026-06-30,전북특별자치도,전주시 완산구,중화산1동,13162,3422,1437,402,1482,1940,25.99908828445525
5211167200,2026-06-30,전북특별자치도,전주시 완산구,중화산2동,18549,2860,1075,291,1328,1532,15.418620949916436
5211168000,2026-06-30,전북특별자치도,전주시 완산구,서신동,37842,6525,2642,696,2847,3678,17.2427461550658
5211169100,2026-06-30,전북특별자치도,전주시 완산구,평화1동,11418,4260,2004,521,1691,2569,37.30951129795061
5211169200,2026-06-30,전북특별자치도,전주시 완산구,평화2동,41689,9549,3672,969,4112,5437,22.905322747007602
5211170100,2026-06-30,전북특별자치도,전주시 완산구,삼천1동,10581,2748,1043,249,1225,1523,25.97108023816275
5211170200,2026-06-30,전북특별자치도,전주시 완산구,삼천2동,11364,3361,1278,306,1485,1876,29.575853572685673
5211170300,2026-06-30,전북특별자치도,전주시 완산구,삼천3동,19931,4823,1933,565,2093,2730,24.198484772465005
5211171100,2026-06-30,전북특별자치도,전주시 완산구,효자1동,11668,3176,1459,334,1317,1859,27.21974631470689
5211171200,2026-06-30,전북특별자치도,전주시 완산구,효자2동,8538,2577,1103,226,1090,1487,30.18271257905833
5211171300,2026-06-30,전북특별자치도,전주시 완산구,효자3동,13466,3632,1544,396,1506,2126,26.971632259022726
5211171400,2026-06-30,전북특별자치도,전주시 완산구,효자4동,38823,5069,1647,385,2260,2809,13.056693197331478
5211173000,2026-06-30,전북특별자치도,전주시 완산구,효자5동,36166,3029,1087,305,1397,1632,8.375269590222862
5211352500,2026-06-30,전북특별자치도,전주시 덕진구,진북동,11878,4464,2381,706,1833,2631,37.582084526014484
5211354000,2026-06-30,전북특별자치도,전주시 덕진구,인후1동,16641,4025,1883,434,1730,2295,24.18724836247822
5211355000,2026-06-30,전북특별자치도,전주시 덕진구,인후2동,9869,3263,1533,390,1421,1842,33.06312696321816
5211356000,2026-06-30,전북특별자치도,전주시 덕진구,인후3동,29063,5098,2233,586,2171,2927,17.541203592196265
5211357000,2026-06-30,전북특별자치도,전주시 덕진구,덕진동,19776,3241,1412,364,1385,1856,16.388551779935277
5211357500,2026-06-30,전북특별자치도,전주시 덕진구,금암동,17943,4461,2176,552,1920,2541,24.862063200133758
5211360000,2026-06-30,전북특별자치도,전주시 덕진구,팔복동,7089,2295,1028,236,1023,1272,32.37410071942446
5211361100,2026-06-30,전북특별자치도,전주시 덕진구,우아1동,11406,2526,1004,255,1181,1345,22.146238821672803
5211361200,2026-06-30,전북특별자치도,전주시 덕진구,우아2동,13470,3064,1247,364,1439,1625,22.746844840386043
5211362000,2026-06-30,전북특별자치도,전주시 덕진구,호성동,17815,4409,1728,462,1905,2504,24.748807184956497
5211364100,2026-06-30,전북특별자치도,전주시 덕진구,송천1동,32242,4886,1850,462,2156,2730,15.154146765089013
5211364200,2026-06-30,전북특별자치도,전주시 덕진구,송천2동,23941,4995,2027,509,2222,2773,20.863790150787352
5211364300,2026-06-30,전북특별자치도,전주시 덕진구,송천3동,32937,1966,532,89,919,1047,5.968971065974436
5211365000,2026-06-30,전북특별자치도,전주시 덕진구,조촌동,12123,3123,1316,402,1400,1723,25.760950259836672
5211366500,2026-06-30,전북특별자치도,전주시 덕진구,여의동,15284,3372,1376,366,1507,1865,22.062287359330018
5211367000,2026-06-30,전북특별자치도,전주시 덕진구,혁신동,35868,2353,725,184,1087,1266,6.560165049626408
5213025000,2026-06-30,전북특별자치도,군산시,옥구읍,2777,1353,695,235,580,773,48.72164205977674
5213031000,2026-06-30,전북특별자치도,군산시,옥산면,4159,1072,467,146,515,557,25.77542678528492
5213032000,2026-06-30,전북특별자치도,군산시,회현면,2957,1177,597,202,527,650,39.80385525870815
5213033000,2026-06-30,전북특별자치도,군산시,임피면,2337,1180,543,186,530,650,50.492083868207104
5213034000,2026-06-30,전북특별자치도,군산시,서수면,2260,1188,575,215,519,669,52.56637168141592
5213035000,2026-06-30,전북특별자치도,군산시,대야면,4304,2212,1085,349,951,1261,51.39405204460966
5213036000,2026-06-30,전북특별자치도,군산시,개정면,2647,1285,580,173,591,694,48.54552323384964
5213037000,2026-06-30,전북특별자치도,군산시,성산면,2453,1193,544,156,555,638,48.63432531593966
5213038000,2026-06-30,전북특별자치도,군산시,나포면,1967,1065,529,172,507,558,54.143365531265886
5213039000,2026-06-30,전북특별자치도,군산시,옥도면,2672,1058,415,98,522,536,39.59580838323353
5213040000,2026-06-30,전북특별자치도,군산시,옥서면,2493,1175,604,172,505,670,47.13196951464099
5213051500,2026-06-30,전북특별자치도,군산시,해신동,1874,904,468,98,398,506,48.23906083244397
5213053000,2026-06-30,전북특별자치도,군산시,월명동,4349,1914,888,232,837,1077,44.01011726833755
5213055000,2026-06-30,전북특별자치도,군산시,신풍동,5667,2262,1084,264,965,1297,39.915299100052934
5213056000,2026-06-30,전북특별자치도,군산시,삼학동,4831,2298,1161,295,993,1305,47.567791347547086
5213060500,2026-06-30,전북특별자치도,군산시,중앙동,3886,1397,668,131,602,795,35.94956253216675
5213064000,2026-06-30,전북특별자치도,군산시,흥남동,10987,3168,1413,298,1361,1807,28.834076636024392
5213065000,2026-06-30,전북특별자치도,군산시,조촌동,26483,4327,1749,404,1936,2391,16.33878337046407
5213066000,2026-06-30,전북특별자치도,군산시,경암동,6502,2509,1165,265,1073,1436,38.58812673023685
5213067000,2026-06-30,전북특별자치도,군산시,구암동,16168,2614,859,167,1273,1341,16.167738743196438
5213068000,2026-06-30,전북특별자치도,군산시,개정동,2334,919,410,115,437,482,39.37446443873179
5213069000,2026-06-30,전북특별자치도,군산시,수송동,53497,7178,2603,582,3251,3927,13.417574817279473
5213070100,2026-06-30,전북특별자치도,군산시,나운1동,12335,3495,1292,291,1558,1937,28.33400891771382
5213070200,2026-06-30,전북특별자치도,군산시,나운2동,20162,5416,2172,551,2347,3069,26.862414443011605
5213070300,2026-06-30,전북특별자치도,군산시,나운3동,29516,5685,2179,547,2476,3209,19.26073993766093
5213071000,2026-06-30,전북특별자치도,군산시,소룡동,15544,3437,1216,263,1666,1771,22.111425630468347
5213072000,2026-06-30,전북특별자치도,군산시,미성동,10430,2738,1123,311,1321,1417,26.251198465963565
5214025000,2026-06-30,전북특별자치도,익산시,함열읍,5907,2455,1104,343,1043,1412,41.560859996614184
5214031000,2026-06-30,전북특별자치도,익산시,오산면,6461,2564,1115,360,1150,1414,39.68425940256926
5214032000,2026-06-30,전북특별자치도,익산시,황등면,6203,2641,1243,375,1160,1481,42.57617281960342
5214033000,2026-06-30,전북특별자치도,익산시,함라면,1933,979,509,156,437,542,50.646663217796174
5214034000,2026-06-30,전북특별자치도,익산시,웅포면,1383,767,384,136,343,424,55.459146782357195
5214035000,2026-06-30,전북특별자치도,익산시,성당면,1659,881,433,143,393,488,53.104279686558165
5214036000,2026-06-30,전북특별자치도,익산시,용안면,2287,1260,658,209,557,703,55.09400961958898
5214037000,2026-06-30,전북특별자치도,익산시,낭산면,2686,1279,617,187,596,683,47.61727475800447
5214038000,2026-06-30,전북특별자치도,익산시,망성면,2601,1458,733,228,656,802,56.05536332179931
5214039000,2026-06-30,전북특별자치도,익산시,여산면,2904,1319,642,210,578,741,45.42011019283746
5214040000,2026-06-30,전북특별자치도,익산시,금마면,4949,1791,744,213,821,970,36.18912911699333
5214041000,2026-06-30,전북특별자치도,익산시,왕궁면,4971,2047,1039,330,925,1122,41.178837256085295
5214042000,2026-06-30,전북특별자치도,익산시,춘포면,4181,1718,783,286,762,956,41.09064817029419
5214043000,2026-06-30,전북특별자치도,익산시,삼기면,2304,1051,512,187,464,587,45.61631944444444
5214044000,2026-06-30,전북특별자치도,익산시,용동면,1340,788,424,149,333,455,58.805970149253724
5214052000,2026-06-30,전북특별자치도,익산시,중앙동,2978,1135,567,155,523,612,38.11282740094023
5214053000,2026-06-30,전북특별자치도,익산시,평화동,5887,1500,561,127,740,760,25.47987090198743
5214056000,2026-06-30,전북특별자치도,익산시,인화동,5697,2177,1026,280,955,1222,38.213094611198876
5214057000,2026-06-30,전북특별자치도,익산시,동산동,19313,5554,2221,582,2339,3215,28.757831512452753
5214058000,2026-06-30,전북특별자치도,익산시,마동,18425,2850,1050,239,1323,1527,15.468113975576662
5214059500,2026-06-30,전북특별자치도,익산시,남중동,11096,3956,1942,464,1755,2201,35.65248738284066
5214061000,2026-06-30,전북특별자치도,익산시,모현동,35172,8110,3206,813,3552,4558,23.05811440918913
5214062000,2026-06-30,전북특별자치도,익산시,송학동,11428,1967,749,160,865,1102,17.212110605530277
5214064600,2026-06-30,전북특별자치도,익산시,영등1동,19350,4617,1584,397,2046,2571,23.86046511627907
5214064700,2026-06-30,전북특별자치도,익산시,영등2동,11912,1746,708,149,744,1002,14.657488247145736
5214065200,2026-06-30,전북특별자치도,익산시,어양동,21441,3335,1167,298,1405,1930,15.5543118324705
5214065600,2026-06-30,전북특별자치도,익산시,신동,15475,3714,1765,494,1591,2123,24.0
5214067000,2026-06-30,전북특별자치도,익산시,팔봉동,5915,1495,613,184,714,781,25.274725274725274
5214069000,2026-06-30,전북특별자치도,익산시,삼성동,30900,5037,1909,523,2254,2783,16.300970873786408
5218025000,2026-06-30,전북특별자치도,정읍시,신태인읍,4826,2200,1196,398,920,1280,45.586406962287604
5218031000,2026-06-30,전북특별자치도,정읍시,북면,3775,1576,764,255,708,868,41.74834437086093
5218032000,2026-06-30,전북특별자치도,정읍시,입암면,2536,1280,693,270,549,731,50.473186119873816
5218033000,2026-06-30,전북특별자치도,정읍시,소성면,1858,987,556,210,430,557,53.12163616792249
5218034000,2026-06-30,전북특별자치도,정읍시,고부면,2527,1320,709,257,565,755,52.235852789869405
5218035000,2026-06-30,전북특별자치도,정읍시,영원면,1568,862,464,150,376,486,54.974489795918366
5218036000,2026-06-30,전북특별자치도,정읍시,덕천면,1575,753,405,146,319,434,47.80952380952381
5218037000,2026-06-30,전북특별자치도,정읍시,이평면,1829,993,541,225,416,577,54.29196282121378
5218038000,2026-06-30,전북특별자치도,정읍시,정우면,2291,1166,619,229,508,658,50.89480576167612
5218039000,2026-06-30,전북특별자치도,정읍시,태인면,3092,1582,835,317,670,912,51.16429495472187
5218040000,2026-06-30,전북특별자치도,정읍시,감곡면,2581,1437,745,240,647,790,55.67609453700116
5218041000,2026-06-30,전북특별자치도,정읍시,옹동면,1549,798,434,153,358,440,51.51710781149128
5218042000,2026-06-30,전북특별자치도,정읍시,칠보면,2057,1000,559,201,432,568,48.61448711716091
5218043000,2026-06-30,전북특별자치도,정읍시,산내면,1159,620,313,113,269,351,53.49439171699741
5218044000,2026-06-30,전북특별자치도,정읍시,산외면,1904,1013,540,196,459,554,53.20378151260504
5218051000,2026-06-30,전북특별자치도,정읍시,수성동,15631,3302,1401,368,1428,1874,21.124688119762013
5218052000,2026-06-30,전북특별자치도,정읍시,장명동,2607,870,431,135,379,491,33.3716915995397
5218053500,2026-06-30,전북특별자치도,정읍시,내장상동,20196,4589,2016,581,1991,2598,22.722321251733018
5218054500,2026-06-30,전북특별자치도,정읍시,시기동,2899,1163,610,175,466,697,40.1172818213177
5218056500,2026-06-30,전북특별자치도,정읍시,초산동,9615,2072,897,221,904,1168,21.54966198647946
5218057000,2026-06-30,전북특별자치도,정읍시,연지동,5454,1744,837,198,773,971,31.976530986431978
5218058000,2026-06-30,전북특별자치도,정읍시,농소동,5245,1469,666,216,635,834,28.007626310772167
5218059500,2026-06-30,전북특별자치도,정읍시,상교동,3964,1486,745,281,678,808,37.48738647830474
5219025000,2026-06-30,전북특별자치도,남원시,운봉읍,3459,1701,882,326,730,971,49.17606244579358
5219031000,2026-06-30,전북특별자치도,남원시,주천면,2407,1076,516,170,495,581,44.7029497299543
5219032000,2026-06-30,전북특별자치도,남원시,수지면,1015,534,285,117,243,291,52.610837438423644
5219033000,2026-06-30,전북특별자치도,남원시,송동면,1774,908,450,172,412,496,51.18376550169109
5219034000,2026-06-30,전북특별자치도,남원시,주생면,1661,860,482,184,357,503,51.77603853100542
5219035000,2026-06-30,전북특별자치도,남원시,금지면,2017,1118,607,223,458,660,55.42885473475459
5219036000,2026-06-30,전북특별자치도,남원시,대강면,1357,822,447,185,343,479,60.574797347089174
5219037000,2026-06-30,전북특별자치도,남원시,대산면,1420,725,381,158,326,399,51.056338028169016
5219038000,2026-06-30,전북특별자치도,남원시,사매면,1404,726,423,169,325,401,51.70940170940172
5219039000,2026-06-30,전북특별자치도,남원시,덕과면,900,480,246,80,211,269,53.333333333333336
5219040000,2026-06-30,전북특별자치도,남원시,보절면,1253,709,420,171,298,411,56.58419792498005
5219041000,2026-06-30,전북특별자치도,남원시,산동면,1564,839,477,176,359,480,53.64450127877238
5219042000,2026-06-30,전북특별자치도,남원시,이백면,2054,964,500,196,417,547,46.93281402142161
5219045000,2026-06-30,전북특별자치도,남원시,아영면,1763,869,451,146,379,490,49.29098128190584
5219046000,2026-06-30,전북특별자치도,남원시,산내면,1965,765,387,135,343,422,38.93129770992366
5219047000,2026-06-30,전북특별자치도,남원시,인월면,2644,1155,557,163,495,660,43.68381240544629
5219051000,2026-06-30,전북특별자치도,남원시,동충동,2788,1009,529,165,410,599,36.19081779053085
5219052000,2026-06-30,전북특별자치도,남원시,죽항동,2788,1076,559,151,437,639,38.59397417503587
5219054000,2026-06-30,전북특별자치도,남원시,노암동,5751,1483,657,170,622,861,25.786819683533295
5219055000,2026-06-30,전북특별자치도,남원시,금동,5703,1750,822,211,709,1041,30.685604068034365
5219056000,2026-06-30,전북특별자치도,남원시,왕정동,5352,1496,692,191,625,871,27.95216741405082
5219057000,2026-06-30,전북특별자치도,남원시,향교동,6316,2119,996,336,947,1172,33.54971500949968
5219059000,2026-06-30,전북특별자치도,남원시,도통동,16457,2977,1166,325,1285,1692,18.08956674971137
5221025000,2026-06-30,전북특별자치도,김제시,만경읍,2529,1263,589,218,570,693,49.940688018979834
5221032000,2026-06-30,전북특별자치도,김제시,죽산면,2281,1250,657,238,531,719,54.800526085050414
5221033000,2026-06-30,전북특별자치도,김제시,백산면,3941,1220,592,180,551,669,30.956609997462575
5221034000,2026-06-30,전북특별자치도,김제시,용지면,3272,1635,873,299,750,885,49.969437652811735
5221035000,2026-06-30,전북특별자치도,김제시,백구면,3531,1584,825,273,672,912,44.85981308411215
5221036000,2026-06-30,전북특별자치도,김제시,부량면,1257,635,336,116,262,373,50.51710421638823
5221038000,2026-06-30,전북특별자치도,김제시,공덕면,2416,1127,536,200,535,592,46.647350993377486
5221039000,2026-06-30,전북특별자치도,김제시,청하면,1625,841,440,157,369,472,51.75384615384615
5221040000,2026-06-30,전북특별자치도,김제시,성덕면,1674,846,452,158,383,463,50.53763440860215
5221041000,2026-06-30,전북특별자치도,김제시,진봉면,2380,1329,740,255,540,789,55.840336134453786
5221042000,2026-06-30,전북특별자치도,김제시,금구면,5871,2097,968,276,951,1146,35.71793561573838
5221043000,2026-06-30,전북특별자치도,김제시,봉남면,2064,1099,601,228,452,647,53.246124031007746
5221044000,2026-06-30,전북특별자치도,김제시,황산면,1837,889,476,178,396,493,48.39412084921067
5221045000,2026-06-30,전북특별자치도,김제시,금산면,4352,2048,1030,355,877,1171,47.05882352941176
5221046000,2026-06-30,전북특별자치도,김제시,광활면,1220,602,335,104,256,346,49.34426229508197
5221051000,2026-06-30,전북특별자치도,김제시,요촌동,10824,3116,1431,417,1386,1730,28.78787878787879
5221052000,2026-06-30,전북특별자치도,김제시,신풍동,12269,3443,1638,537,1433,2010,28.062596788654332
5221054000,2026-06-30,전북특별자치도,김제시,검산동,11949,2796,1237,363,1161,1635,23.39944765252322
5221058000,2026-06-30,전북특별자치도,김제시,교월동,6339,2180,1064,342,935,1245,34.39028237892412
5271025000,2026-06-30,전북특별자치도,완주군,삼례읍,22332,4889,2150,663,2208,2681,21.892351782195952
5271025300,2026-06-30,전북특별자치도,완주군,봉동읍,24085,4888,2049,571,2252,2636,20.29478928793855
5271025600,2026-06-30,전북특별자치도,완주군,용진읍,10986,3043,1247,379,1413,1630,27.69888949572183
5271032000,2026-06-30,전북특별자치도,완주군,상관면,3962,1406,627,174,654,752,35.487127713276124
5271033000,2026-06-30,전북특별자치도,완주군,이서면,15371,2888,1191,317,1327,1561,18.788627935723117
5271034000,2026-06-30,전북특별자치도,완주군,소양면,5594,2493,1121,363,1183,1310,44.565606006435466
5271035000,2026-06-30,전북특별자치도,완주군,구이면,5508,2263,945,295,1100,1163,41.08569353667393
5271036000,2026-06-30,전북특별자치도,완주군,고산면,4236,1784,888,271,813,971,42.1152030217186
5271037000,2026-06-30,전북특별자치도,완주군,비봉면,1729,835,414,139,399,436,48.29381145170618
5271038000,2026-06-30,전북특별자치도,완주군,운주면,1858,966,443,131,445,521,51.991388589881595
5271039000,2026-06-30,전북특별자치도,완주군,화산면,2487,1127,568,194,530,597,45.315641334941695
5271040000,2026-06-30,전북특별자치도,완주군,동상면,1036,484,182,75,249,235,46.71814671814672
5271041000,2026-06-30,전북특별자치도,완주군,경천면,918,494,247,91,229,265,53.812636165577345
5272025000,2026-06-30,전북특별자치도,진안군,진안읍,9782,3427,1691,583,1558,1869,35.0337354324269
5272031000,2026-06-30,전북특별자치도,진안군,용담면,878,460,188,54,218,242,52.391799544419136
5272032000,2026-06-30,전북특별자치도,진안군,안천면,1037,524,259,94,243,281,50.53037608486017
5272033000,2026-06-30,전북특별자치도,진안군,동향면,1334,669,335,127,316,353,50.14992503748126
5272034000,2026-06-30,전북특별자치도,진안군,상전면,840,416,199,71,203,213,49.523809523809526
5272035000,2026-06-30,전북특별자치도,진안군,백운면,1992,890,424,145,427,463,44.678714859437754
5272036000,2026-06-30,전북특별자치도,진안군,성수면,1726,843,408,130,391,452,48.84125144843569
5272037000,2026-06-30,전북특별자치도,진안군,마령면,1698,852,465,143,386,466,50.17667844522968
5272038000,2026-06-30,전북특별자치도,진안군,부귀면,2915,1187,510,160,575,612,40.720411663807894
5272039000,2026-06-30,전북특별자치도,진안군,정천면,1085,468,213,76,240,228,43.13364055299539
5272040000,2026-06-30,전북특별자치도,진안군,주천면,1402,778,406,137,371,407,55.49215406562055
5273025000,2026-06-30,전북특별자치도,무주군,무주읍,9417,2730,1346,465,1181,1549,28.990124243389616
5273031000,2026-06-30,전북특별자치도,무주군,무풍면,2101,1042,490,177,476,566,49.59543074726321
5273032000,2026-06-30,전북특별자치도,무주군,설천면,3880,1545,703,224,694,851,39.819587628865975
5273033000,2026-06-30,전북특별자치도,무주군,적상면,2571,1316,679,261,592,724,51.18630882924931
5273034000,2026-06-30,전북특별자치도,무주군,안성면,4018,1962,960,359,870,1092,48.83026381284221
5273035000,2026-06-30,전북특별자치도,무주군,부남면,1339,761,349,120,347,414,56.83345780433159
5274025000,2026-06-30,전북특별자치도,장수군,장수읍,7263,2353,1103,350,1016,1337,32.39708109596585
5274031000,2026-06-30,전북특별자치도,장수군,산서면,1911,944,521,192,419,525,49.398220826792254
5274032000,2026-06-30,전북특별자치도,장수군,번암면,2182,1174,575,186,537,637,53.803849679193405
5274033500,2026-06-30,전북특별자치도,장수군,장계면,4194,1554,740,268,690,864,37.05293276108726
5274034000,2026-06-30,전북특별자치도,장수군,천천면,2008,1055,500,175,456,599,52.5398406374502
5274035000,2026-06-30,전북특별자치도,장수군,계남면,2098,917,455,148,403,514,43.708293612964724
5274036000,2026-06-30,전북특별자치도,장수군,계북면,1513,758,333,138,359,399,50.09914077990747
5275025000,2026-06-30,전북특별자치도,임실군,임실읍,7058,2054,1037,355,900,1154,29.10172853499575
5275031000,2026-06-30,전북특별자치도,임실군,청웅면,1211,642,377,152,271,371,53.014037985136255
5275032000,2026-06-30,전북특별자치도,임실군,운암면,1532,752,315,97,376,376,49.08616187989556
5275033000,2026-06-30,전북특별자치도,임실군,신평면,1370,707,371,135,326,381,51.605839416058394
5275034000,2026-06-30,전북특별자치도,임실군,성수면,1546,808,434,149,399,409,52.26390685640362
5275035500,2026-06-30,전북특별자치도,임실군,오수면,3347,1645,832,301,741,904,49.14849118613684
5275036000,2026-06-30,전북특별자치도,임실군,신덕면,1246,640,346,130,309,331,51.36436597110754
5275037000,2026-06-30,전북특별자치도,임실군,삼계면,1380,805,458,186,381,424,58.333333333333336
5275038000,2026-06-30,전북특별자치도,임실군,관촌면,3002,1351,662,213,623,728,45.0033311125916
5275039000,2026-06-30,전북특별자치도,임실군,강진면,1375,666,359,137,300,366,48.43636363636364
5275040000,2026-06-30,전북특별자치도,임실군,덕치면,1111,565,290,99,257,308,50.85508550855086
5275041000,2026-06-30,전북특별자치도,임실군,지사면,1164,563,316,115,260,303,48.36769759450172
5277025000,2026-06-30,전북특별자치도,순창군,순창읍,10847,2603,1192,362,1076,1527,23.99741864109892
5277031000,2026-06-30,전북특별자치도,순창군,인계면,1503,701,360,136,305,396,46.64005322687957
5277032000,2026-06-30,전북특별자치도,순창군,동계면,1932,981,544,194,423,558,50.77639751552795
5277033000,2026-06-30,전북특별자치도,순창군,풍산면,1584,805,457,153,349,456,50.82070707070707
5277034000,2026-06-30,전북특별자치도,순창군,금과면,1767,887,415,161,415,472,50.19807583474816
5277035000,2026-06-30,전북특별자치도,순창군,팔덕면,1438,672,341,137,301,371,46.73157162726008
5277036000,2026-06-30,전북특별자치도,순창군,쌍치면,1954,920,431,157,425,495,47.082906857727735
5277037000,2026-06-30,전북특별자치도,순창군,복흥면,2070,955,484,151,407,548,46.13526570048309
5277038000,2026-06-30,전북특별자치도,순창군,적성면,1241,624,343,131,257,367,50.28203062046737
5277039000,2026-06-30,전북특별자치도,순창군,유등면,1025,541,295,107,228,313,52.78048780487805
5277040000,2026-06-30,전북특별자치도,순창군,구림면,2223,1142,625,204,507,635,51.37201979307242
5279025000,2026-06-30,전북특별자치도,고창군,고창읍,20494,5535,2529,717,2404,3131,27.007904752610518
5279031000,2026-06-30,전북특별자치도,고창군,고수면,2194,1090,559,200,479,611,49.68094804010939
5279032000,2026-06-30,전북특별자치도,고창군,아산면,2393,1211,637,228,536,675,50.6059339740911
5279033000,2026-06-30,전북특별자치도,고창군,무장면,2610,1240,696,219,509,731,47.509578544061306
5279034000,2026-06-30,전북특별자치도,고창군,공음면,2175,1186,662,242,511,675,54.52873563218391
5279035000,2026-06-30,전북특별자치도,고창군,상하면,2150,1077,608,197,454,623,50.093023255813954
5279036000,2026-06-30,전북특별자치도,고창군,해리면,2415,1380,756,232,590,790,57.14285714285714
5279037000,2026-06-30,전북특별자치도,고창군,성송면,1589,898,486,183,383,515,56.51353052234109
5279038000,2026-06-30,전북특별자치도,고창군,대산면,2800,1515,822,261,654,861,54.107142857142854
5279039000,2026-06-30,전북특별자치도,고창군,심원면,2219,1044,527,165,447,597,47.04821991888238
5279040000,2026-06-30,전북특별자치도,고창군,흥덕면,2844,1396,716,252,608,788,49.08579465541491
5279041000,2026-06-30,전북특별자치도,고창군,성내면,1741,951,517,189,418,533,54.623779437105114
5279042000,2026-06-30,전북특별자치도,고창군,신림면,1983,1032,557,199,450,582,52.04236006051437
5279043000,2026-06-30,전북특별자치도,고창군,부안면,2464,1315,737,229,544,771,53.368506493506494
5280025000,2026-06-30,전북특별자치도,부안군,부안읍,19803,5517,2513,731,2380,3137,27.859415240115133
5280031000,2026-06-30,전북특별자치도,부안군,주산면,1688,940,489,173,402,538,55.687203791469194
5280032000,2026-06-30,전북특별자치도,부안군,동진면,2442,1295,719,244,557,738,53.03030303030303
5280033000,2026-06-30,전북특별자치도,부안군,행안면,1966,876,426,151,386,490,44.557477110885046
5280034000,2026-06-30,전북특별자치도,부안군,계화면,2898,1521,816,222,656,865,52.484472049689444
5280035000,2026-06-30,전북특별자치도,부안군,보안면,2140,1215,642,209,545,670,56.77570093457944
5280036000,2026-06-30,전북특별자치도,부안군,변산면,4037,1658,759,222,727,931,41.07010156056477
5280037000,2026-06-30,전북특별자치도,부안군,진서면,2058,1026,469,128,468,558,49.85422740524781
5280038000,2026-06-30,전북특별자치도,부안군,백산면,2221,1218,685,238,498,720,54.84016208914903
5280039000,2026-06-30,전북특별자치도,부안군,상서면,1939,1012,541,193,435,577,52.19185146982981
5280040000,2026-06-30,전북특별자치도,부안군,하서면,2328,1225,687,225,518,707,52.62027491408935
5280041000,2026-06-30,전북특별자치도,부안군,줄포면,2365,1187,587,173,520,667,50.190274841437635
5280042000,2026-06-30,전북특별자치도,부안군,위도면,1061,544,271,86,263,281,51.272384542884076
