longTermAdminSym_request,adminPttnCd_request,siDoCd_request,siGunGuCd_request,adminNm_request,resultCode,resultMsg,adminPttnCd,hmpgAddr,longTermAdminSym,pkngEquip,tfMth
11111000006,A03,11,110,청운노인요양원,00,NORMAL SERVICE.,A03,www.chungwoon.or.kr,11111000006,주차가능 (10대),"ㆍ시내버스 7212, 7730 이북5도청  하차7022, 7211  구기터널, 삼성출판박물관 하차 후 도보                   ㆍ지 하 철  3호선 경복궁역, 5호선 광화문역 (3번출구)  7212 버스이용 3호선 불광역 (2번출구) 7212, 7730 버스이용"
11111000056,A03,11,110,인자인케어센터,00,NORMAL SERVICE.,A03,http://injaincare.co.kr/,11111000056,주차 6대 가능,"승용차 이용시 : 서울예술고등학교 앞 육교전, 종로치매지원센터에서 좌회전 하여로 약800미터 진입, 작은형제회 수도원지나 오른쪽에 공터가 있고 왼쪽에 큰 돌이 있는 골목으로 들어서면 시설이 보입니다. (평창 17길 1~12)지하철 이용시 : 경복궁역 3번 출구에서 1020번, 1711번 승차후 서울예술고등학교 정류장 하차건널목 건너 스타벅스, 새마을금고 사이의 주택가 길로 15분 도보버스 이용시 : 1711번, 7211번, 110번, 1020번, 153번, 8153번 -북악터널방향에서 오실때: 외환은행평창동지점/상명대에서 오실때:서울예술고등학교 하차"
11111000060,A03,11,110,평창동시니어센터,00,NORMAL SERVICE.,A03,http://pcdsc.co.kr/,11111000060,있음,"대중교통 : 경복궁역 3번 출구 - 초록버스1020, 1711 - 서울예고, 평창동주민센터 하차 - 건널목 건너 300미터 진입                불광역 7번 출구 - 초록버스 7211 - 서울예고, 평창동주민센터 하차 - 건널목 건너 300미터 진입자가용 : 경복궁역, 홍제역, 불광역에서 세검정삼거리-북악터널 방향 3번째 신호등에서 좌회전 신호 받음             좌회전 신호시 올리브영과 새마을금고 사잇길로 진입하여 큰 길 따라 300미터 직진             좌측 모토 라이프와 우측 편한마디 사이 오르막길 진입, 흰 대리석 건물"
11111000068,A03,11,110,아름다운뜰안에 요양원,00,NORMAL SERVICE.,A03,https://ddoga.co.kr/search/detail/11111000068?categoryId=1&pttnCd=A03,11111000068,시설안에 주차 가능 대수: 2대시설주변에도 주차 가능합니다,"자동차로 오시는 경우  -  평창20길로 진입 (하나은행 끼고) -> 평창21길로 좌회전(그린하우스 직전) -> 삼불신문사 (정토사) 옆 오르막 골목으로 진입 -> 아름다운 뜰안에 도착 대중교통으로 오시는 경우 : 서울예술고등학교/평창동주민센터 정류소 하차1호선 종각역 1번출구 -> 지선버스 10201호선 서울역 9-2번 출구 -> 지선버스 17113호선 경복궁역 3번출구 -> 지선버스 1711, 10204호선 길음역 3번출구 -> 지선버스 72115호선 광화문역 2번출구 -> 지선버스 1711, 1020"
11111000076,A03,11,110,서울여자간호대학교 휴먼캐슬,00,NORMAL SERVICE.,A03,www.humancastle.co.kr,11111000076,주차 시설이 협소하오니 대중교통을 이용해 주시길 바랍니다.주차 4대 가능,"버스 이용시● 3호선 경복궁역 3번 출구 직진 200m 정류장 - 1020번, 1711번    5호선 광화문 KT지사 앞 정류장   -  1020번, 1711번● 153, 8153, 110번        정류장 : 평창동삼성아파트, 롯데아파트 앞 하차 승용차 이용시● 강서 방향 : 성산대교 > 내부순환로 진입 > 정동램프 > 교각 밑 U턴 > 북악터널 통과 > 첫번째 신호등 우회전 > 언덕길 직진 400m> 휴먼캐슬● 강북 방향 : 정릉입구 > 북악터널 통과 > 첫번째 신호등 우회전 > 언덕길 직진 400m> 휴먼캐슬● 강남, 강동방향 : 동부간선 방향 > 내부순환로 진입 > 국민대방향 > 북악터널 통과 > 첫번째 신호등 우회전 > 언덕길 직진 400m > 휴먼캐슬● 연희동 방향 : 연희동 > 유진상가 직진 > 세검정 방향 > 북악터널 방향 > 북악터널 진입전 비보호좌회전 > 언덕길 직진 400m > 휴먼캐슬"
11111000088,A04,11,110,아름다운실버홈,00,NORMAL SERVICE.,A04,http://blog.naver.com/arum_silver,11111000088,없음(주변 도로변 주가가능),"대중교통1호선 종각역 1번출구 - 지선버스(초록) 10202호선 신촌역 - 1633호선 경복궁역 3번출구 - 지선버스(초록) 1711,10204호선 길음역 3번출구 - 지선버스(초록) 7211, 길음뉴타운 1635호선 광화문역 2번출구 - 지선버스(초록) 1711,1020평창파출소 정류소 하차(세검정방면), 서울예술고등학교/평창동 주민센터 하차(국민대방면)평창파출소 맞은편에서 8003번 버스  승차 (평일 20분, 일요일, 공휴일 40분 배차)""아름다운 실버홈"" 앞에서 하차"
11120000056,A04,11,200,한마음너싱홈,00,NORMAL SERVICE.,A04,한마음너싱홈 밴드,11120000056,2대 주차가능,지하철로 오시는 방법2호선 용답역에 하차하여 1번 출구에서 엘리베이터 이용가능하며  로부터300m지점에 위치5호선 답십리 역에서 하차 하여 5번출구 500m 지점에 위치5호선 답십리 역에서 하차 하여 6번출구 엘리베이터 이용가능하며   500m 지점에 위치승용차 택시 -마장방면에서 오시면 신답사거리에서 명문예식장을 지나 500m 지점버스-도시철도공사.체육문화센터 옆 근린공원 145번 하차
11120000110,A04,11,200,서울숲 요양원,00,NORMAL SERVICE.,A04,없음,11120000110,건물앞 무료주차이용,"성수역3번출구에서 5분거리위치   출구에서 직진하면 경찰기동대주차장옆건물 뚝도시장 입구하차  버스노선: 2224. 2014,  2013.2012"
11120000126,A04,11,200,서울숲재활요양원,00,NORMAL SERVICE.,A04,http://blog.naver.com/1181kr,11120000126,"주차가능하오나 주차장이 협소하오니 가급적 대중교통을 이용하여 주시면, 편안하게 업무를 보실 수 있습니다.","지하철 : 2호선 성수역 3번출구-우측도로방향으로 직진(7-8분소요)-뚝도시장 사거리 좌측(경찰기동대 주차장 옆) 주황색 건물<일산빌딩>3층버  스 : 2412,2413,2224번 뚝도시장, 정류장하차, 정류장 5m거리"
11120000190,A04,11,200,금호무지개요양원,00,NORMAL SERVICE.,A04,https://blog.naver.com/anwlro-,11120000190,금호초등학교 공영 주차장,지하철이용  5호선 신금호역 1번출구 열린금호교육문화관 방향 직진 약 100m 버스이용2233 / 7212 (신금호역 정류장 하차)마을버스이용성동02번(금호1가동주민센터하차) / 성동03번(신금호역 하차) / 성동05번(신금호역 하차)
21111000001,B01,11,110,서울시 종로구 재가노인복지기관,00,NORMAL SERVICE.,B01,www.urimodoo.co.kr,21111000001,- 골목길 주차가능,- 전철 6호선 창신역 4번 출구 - 숭인동우체국 뒤쪽 - 삼거리슈퍼 맞은편
21111000123,B01,11,110,효성재가요양복지센터,00,NORMAL SERVICE.,B01,http://효성재가요양복지센터.kr,21111000123,없음,"지하철 4호선 3번 출구 150미터 직진 한국방송통신대학 건너편 위치 (시내버스 273번, 601번, 109번, 종로08번 : 방송통신대.이화장 정류장 하차)"
21111000126,B01,11,110,종로재가복지센터,00,NORMAL SERVICE.,B01,blog.naver.com/gcc0701,21111000126,1대,"3호선 경복궁역 1번출구방향 200미터/버스 171번.808번.272번.273번,7025번,606번,370번"
21111000127,B01,11,110,주민재가방문요양센터,00,NORMAL SERVICE.,B01,https://blog.naver.com/kseniorlab/223300535246,21111000127,없음,종로3가역 3번출구 인근
21111000130,B01,11,110,종로이화재가복지센터,00,NORMAL SERVICE.,B01,종로방문요양.한국,21111000130,없음,- 6호선 동묘역 9번 출구 종로창신초등학교 방향 155미터(도보 2분)- 6호선 창신역 1번 출구 종로창신초등학교 방향 536미터(도보 8분)
21111000123,B02,11,110,효성재가요양복지센터,00,NORMAL SERVICE.,B02,http://효성재가요양복지센터.kr,21111000123,없음,"지하철 4호선 3번 출구 150미터 직진 한국방송통신대학 건너편 위치 (시내버스 273번, 601번, 109번, 종로08번 : 방송통신대.이화장 정류장 하차)"
21111000126,B02,11,110,종로재가복지센터,00,NORMAL SERVICE.,B02,blog.naver.com/gcc0701,21111000126,1대,"3호선 경복궁역 1번출구방향 200미터/버스 171번.808번.272번.273번,7025번,606번,370번"
21111000130,B02,11,110,종로이화재가복지센터,00,NORMAL SERVICE.,B02,종로방문요양.한국,21111000130,없음,- 6호선 동묘역 9번 출구 종로창신초등학교 방향 155미터(도보 2분)- 6호선 창신역 1번 출구 종로창신초등학교 방향 536미터(도보 8분)
21111000132,B02,11,110,참터재가복지센터,00,NORMAL SERVICE.,B02,http://www.spark.or.kr/,21111000132,O 부근에  사설주차장이 있으나 주차가 어려우니 가급적 대중교통을 이용하시기 바랍니다.,"◀지하철:  1, 4호선 동대문역 3번 출구 도보3분거리 => 우리은행 옆 창신골목시장 내 위치 ◀버  스: 101,103,105 등 동대문(흥인지문) 역에서 하차"
21111000139,B02,11,110,우리재가복지센터,00,NORMAL SERVICE.,B02,http://종로방문요양.com,21111000139,,"지하철 1호선, 6호선 동묘앞역 9번 출구에서  직진 후 종로프라자에서  왼쪽방면으로  도보로  5분"
21111000008,B03,11,110,종로데이케어센터,00,NORMAL SERVICE.,B03,http://www.jongno.or.kr/daycare,21111000008,있음(종로종합사회복지관 내),"6호선 창신역 1번출구에서 도보 10분거리(창신역 앞 하차 지선버스 1014번, 간선버스 142번, 705번)1호선 동대문역 5번출구, 6호선 창신역 4번출구에서 마을버스 3번타고 낙산삼거리 하차 도보 10분거리"
21111000034,B03,11,110,청운실버데이케어센터,00,NORMAL SERVICE.,B03,https://cafe.daum.net/cwsc7304966,21111000034,주차는 1~2대정도 주차 가능합니다.,"지하철 이용시 3호선 경복궁역 3번출구로 나오셔서 나오신 방향으로 그대로 걸어가셔서 버스를 이용합니다.(중간 마을버스 정류장을 지나셔야 합니다.) 버스는 초록 1020, 7212, 7022번을 타셔서 경복고등학교에서 하차합니다. 하차하시면 버스 진행방향으로 조금 걸으시면 궁정교회가 보이고 바로 저희 청운실버데이케어센터가 보입니다."
21111000066,B03,11,110,보현데이케어센터,00,NORMAL SERVICE.,B03,http://cafe.daum.net/bhdaycare,21111000066,주차가능합니다.,"- 지하철 : 지하철 3호선 경복궁역 3번 출구 전방 100m버스정류소 일반버스 1711, 1020 환승 →               화정박물관앞 하차 → 서울부동산앞 마을버스 8003번→ 청련사 입구              지하철 5호선 광화문역 2번 출구 버스정류소 일반버스 1711, 1020 환승 →               화정박물관앞 하차 → 서울부동산앞 마을버스 8003번→ 청련사 입구- 버  스 : 7211, 1711, 1020, 153, 110, 8153 화정박물관(혹은 갑을씨티텔)앞 하차 →               서울부동산앞 마을버스 8003번 환승 → 청련사 입구"
21111000085,B03,11,110,혜화동성당데이케어센터,00,NORMAL SERVICE.,B03,http://cafe.naver.com/7420515,21111000085,2면,지하철 : 4호선 혜화역 1번 출구 → 도보 200m 마을버스 승강장(혜화동 로터리 방면) → 마을버스 08 탑승 → 국민 생활관 하차버  스  : 국민 생활관 하차(혜화동 로터리 지나 혜화초등학교 정류장 다음 순서)자가용 : 종로구 혜화로 12길 14-9(혜화동) / 구주소 : 종로구 혜화동 13-10
21111000136,B03,11,110,수석데이케어센터,00,NORMAL SERVICE.,B03,https://blog.naver.com/godswilling,21111000136,기계식,"1호선, 6호선 동묘앞역 10번출구 홈플러스 방향으로 나와서 직진으로 도보 7분,새마을금고 앞 마을버스(3번) 숭인1동 주민센터 앞 하차 소유시간 3분"
21120000122,B04,11,200,서울숲 단기보호센터,00,NORMAL SERVICE.,B04,없음,21120000122,요양원 앞 주차요양원 뒤 주차 타워이용,버스:2012.2013.2224 뚝도시장 하차 경찰기동대주차장 옆건물 4층전철: 성수역하차 3번출구 직진 200미터
21121500214,B04,11,215,더행복데이케어센터,00,NORMAL SERVICE.,B04,https://blog.naver.com/thehappy_9988,21121500214,1층 전체 주차장  동시20대 주차가능,"서울 광진구 뚝섬로56길 40 행복한교회 3,4층지하철 2호선 4번출구 잠실대교방향으로 800미터거리버스 322번 322-1"
21121500283,B04,11,215,광진늘푸른단기보호센타,00,NORMAL SERVICE.,B04,없음,21121500283,13대 주차가능,"건대입구역~~ 2호선은  5번 출구, 7호선은 3번 출구 나오셔서 롯데백화점앞 마을버스 5번 타고  미소약국앞에서 내리신 후길 건너편 오양빌딩 6층입니다."
21123000348,B04,11,230,맑은샘단기보호센터,00,NORMAL SERVICE.,B04,,21123000348,,"네비게이션 주소 : 서울시 동대문구 답십리동 1-548 (창승빌딩 A동 2층) 지하철 1호선 회기역 2번 출구 맞은편 버스정류장 (동대문03, 2211번) 배봉산입구 하차 -> 버스 145, 1218번 (전곡시장 하차) 지하철 7호선 사가정역 2번 출구 -> 버스 2015번 (배봉초교앞 하차)"
21123000372,B04,11,230,"소망재가복지 (단기보호, 방문요양)",00,NORMAL SERVICE.,B04,blog.naver.com/us567,21123000372,주차공간 5대가능,"- 버스 2233, 3220번 전곡시장 하차 행복충전소(가스충전소) 옆 골목으로 진입하여 직진하시면 동산교회 맞은편 창승빌딩A동 4층 으로 오세요. - 버스 2015번 배봉초등학교 앞 하차, 농협하나로 마트 골목에서 5분거리에 있습니다.- 지하철 이용 시 5호선 답십리역 2번출구에서 신답역앞 방향으로 145번을 타시고 전곡시장에서 하차하시거나, 2015번을 타셔서 배봉초등학교 앞에서 하차하셔서 오시면 됩니다."
21111000126,B05,11,110,종로재가복지센터,00,NORMAL SERVICE.,B05,blog.naver.com/gcc0701,21111000126,1대,"3호선 경복궁역 1번출구방향 200미터/버스 171번.808번.272번.273번,7025번,606번,370번"
21111000130,B05,11,110,종로이화재가복지센터,00,NORMAL SERVICE.,B05,종로방문요양.한국,21111000130,없음,- 6호선 동묘역 9번 출구 종로창신초등학교 방향 155미터(도보 2분)- 6호선 창신역 1번 출구 종로창신초등학교 방향 536미터(도보 8분)
21111000145,B05,11,110,행복이음재가복지센터,00,NORMAL SERVICE.,B05,,21111000145,,
21114000095,B05,11,140,나무방문간호센터,00,NORMAL SERVICE.,B05,없음,21114000095,없음,"[대중교통 이용 시]1. 지하철- 을지로3가역(2호선, 3호선) 7번 출구 → 도보 4분- 을지로4가역(2호선, 5호선) 10번 출구 → 도보 4분2. 버스- (을지로3가 방면) 152, 261, 100, 202 버스 '을지로4가' 정류장 하차 → 도보 3분- (을지로5가 방면) 152, 261, 105, 604, 202, 100, 7011 버스 '을지로4가, 베스트웨스턴국도' 정류장 하차 → 도보 3분"
21117000191,B05,11,170,아가페방문간호센터,00,NORMAL SERVICE.,B05,,21117000191,,
21111000126,B06,11,110,종로재가복지센터,00,NORMAL SERVICE.,B06,blog.naver.com/gcc0701,21111000126,1대,"3호선 경복궁역 1번출구방향 200미터/버스 171번.808번.272번.273번,7025번,606번,370번"
21117000172,B06,11,170,강원전자주식회사 복지용구센터 더돌봄,00,NORMAL SERVICE.,B06,http://thedolbom.kwshop.co.kr/main/index,21117000172,주차시설 완비,"서울특별시 용산구 원효로 153, 3층 301호(원효로3가, 원효빌딩)도보 이용효창공원앞역 3번출구 -> 우측 용문시장 사거리 방향 약 200m ->좌측 원효로 2가 사거리 방향 약 230m -> 우측 원효대교 방향 150m 버스 이용효창공원앞역 3번출구 도보 5m -> 400번, 2016번 버스 탑승 -> 원효로 2가 정류장에서 하차 -> 원효대교 방향 도보 370m"
21117000182,B06,11,170,엠에이디실버,00,NORMAL SERVICE.,B06,http://blog.naver.com/mad-silver,21117000182,주차장 있음,"- 지하철 1,4호선 서울역 도보 약 10분- 시내버스 605, 400, 202 후암삼거리 하차 바로"
21120000189,B06,11,200,빠른케어 성동사업소,00,NORMAL SERVICE.,B06,www.빠른케어.com,21120000189,사무실 앞 유료주차장 이용.,왕십리역과 상왕십리역의 중간 제일교회쪽으로 들어와서 이발소건물 지하에 위치하고 있습니다.
21120000194,B06,11,200,우리의료기,00,NORMAL SERVICE.,B06,-,21120000194,전화주시면 주차가능 장소 안내 드리겠습니다.,"왕십리역 11번출구에서 330m 도보3분 (2호선, 5호선, 경의중앙선, 수인분당선)상왕십리 4번출구 도보3분 (2호선)"
31111000035,C01,11,110,효사랑플러스홈케어,00,NORMAL SERVICE.,C01,없음.,31111000035,주차 가능,"하림각 하차  BUS_ 1711, 7016, 7018, 7022, 7212, 1020 상명대 하차  BUS_ 110, 153, 7730"
31111000048,C01,11,110,웃음드림방문요양센터,00,NORMAL SERVICE.,C01,http://cafe.daum.net/smile011,31111000048,주차시설없음.,1호선과 6호선이 환승되는 동묘역 10번출구로 나와서창신역 방향으로 300m직진. 창신명품가구점 2층!
31111000050,C01,11,110,돌보미실버센터,00,NORMAL SERVICE.,C01,blog.daum.net/reejs15,31111000050,,1호선 동대문 역에 하차하시어 제일 상호신용금고옆길로 도보로 6-7분 걸으시면 됩니다.동부여성문화센타 바로  옆 입니다.
31111000063,C01,11,110,행복한재가노인복지센터,00,NORMAL SERVICE.,C01,없음,31111000063,"주차시설 없음,  대중교통 이용 바람",지하철 동대문역 1호선 1번출구 창신2동주민센터근처
31111000074,C01,11,110,운화실버복지센터,00,NORMAL SERVICE.,C01,https://blog.naver.com/1964cks,31111000074,주차공간 없음 대중교통이용 바람,"지하철 6호선 창신역 2번출구 에서  좌회전 하여 첫번째 우측골목으로 10미터쯤 위치 버스는   142,1014, 창신역입구에서  하차  하여 지하철 1,2번출구 사이길로 10미터즘 위치 마을버스  03 창신역 하차 지하철 1,2번출구 사이길로 10미터쯤 위치"
31111000048,C02,11,110,웃음드림방문요양센터,00,NORMAL SERVICE.,C02,http://cafe.daum.net/smile011,31111000048,주차시설없음.,1호선과 6호선이 환승되는 동묘역 10번출구로 나와서창신역 방향으로 300m직진. 창신명품가구점 2층!
31111000086,C02,11,110,효자요양센터,00,NORMAL SERVICE.,C02,,31111000086,낮에 1대,시청역4번출구에서 종로 09번 마을버스 또는 경복궁역 3번출구에서 종로 09번 마을버스 수성동 계곡 하차.
31111000108,C02,11,110,정드림방문요양센터,00,NORMAL SERVICE.,C02,없음,31111000108,없음,3호선 독립문역 하차 - 2번출구(세란병원) 뒷골목 종로구 통일로 14길 22-8 2층 정드림방문요양센터
31111000117,C02,11,110,행복한동행재가노인복지센터,00,NORMAL SERVICE.,C02,http://happyfriend.imweb.me/,31111000117,주차 가능 (509 대 주차가능),창신역 3번 출구 도보 7분 거리문의 : 010-2752-9430
31111000118,C02,11,110,세종노인요양복지센터,00,NORMAL SERVICE.,C02,없음,31111000118,유동적(보통은 주차가능),지하철 - 경복궁역 3호선 7번출구로 나오셔서 사직공원 방향으로 직진 800m 정도 도보 5~6거리버스  - 사직공원 정류장 하차
31117000153,C03,11,170,시온사랑 데이케어센터,00,NORMAL SERVICE.,C03,http://sionlove.com,31117000153,10대 가량 주차 가능,삼각지역 1번 출구에서 3분 거리에 위치함1번 출구로 나오셔서 -> 우리은행 -> 뒷편 공영주차장을 지나서 왼쪽 GS편의점 -> 식당 바로 옆에 시온사랑데이케어센터 입구가 있습니다.
31123000235,C03,11,230,다솜데이케어센터,00,NORMAL SERVICE.,C03,blog.naver.com/dasom_daycare,31123000235,* 센터 정문 : 주차타워 및 지상 주차장 * 센터 후문 : 지상 주차장,"다솜데이케어센터는 시조사 삼거리에 위치하고 있습니다. (서울시 동대문구 이문로7 mj민족통일경희대캠퍼스2차 2,3층) 찾아오시는 길- 지하철 이용시 : 1호선, 경춘선 회기역 (1번출구) 청량리 방향으로 400m 직진.- 버스이용시  - 105, 202, 272, 270  (파랑, 간선) : 시조사삼거리 하차  - 1224,1227 (초록, 지선) : 시조사삼거리 하차  - 1222 (초록, 지선) : 회기시장 방면  - 120,147,201,261,n13 (파랑, 간선) : 회기시장 방면 다솜데이케어센터(주야간보호, 데이케어, 방문요양, 방문목욕) 02) 2217-7775"
31130500283,C03,11,305,강북광산데이케어센터,00,NORMAL SERVICE.,C03,http://m.blog.naver.com/white009988,31130500283,건물주차장 8대 (건물뒤주차장 이용하실수있습니다.),"마을버스 : 02, 03, 04지선버스 : 1119, 1126, 1165, 1218, 1128 간선버스 : 153, 120"
31132000114,C03,11,320,도봉늘푸른치매인지재활데이케어센터,00,NORMAL SERVICE.,C03,https://blog.naver.com/hjs1568,31132000114,건물 뒤편에 주차6대 가능,"130번, 1119번, 1144번, 노원15번, 141번 탑승 후 방학사거리 정류장 하차. 우이동 방향으로 20미터"
31132000157,C03,11,320,행복드림데이케어센터,00,NORMAL SERVICE.,C03,blog.naver.com/happydreamcare,31132000157,주차시설완비(본건물뒷쪽 차량10대정도 주차공간 있음),"-지하철1호선 방학역2번출구,  도봉중학교 후문앞-버스이용시 도봉구청앞 하차"
31121500164,C04,11,215,실버밸리노인단기보호센터,00,NORMAL SERVICE.,C04,없음,31121500164,주차타워 완비. 건불앞 주차 총 20대 가능,"일반버스 : 302, 303, 3215, 3216, 320번 잠실대교 북단, 2221, 2412번 자양아파트앞 하차 좌석버스 : 9403번 잠실대교 앞 하차 순환버스 : 2223번 ( 건대역 5번출구로 나오신 후 건너편에서 이용 자양아파트앞 하차) 지하철    : 2호선 구의역 4번출구 혜민병원 지나  잠실대교 북단 방향으로 도보 10분"
31121500197,C04,11,215,성동실버케어요양원,00,NORMAL SERVICE.,C04,없음,31121500197,13대 가능,"2호선 건대입구역 5번 출구,  7호선 4번출구,나와서  롯데백화점앞  청담대교 북단 끝에서 마을버스 5번 승차후,,,  4 정거장 후 미소약국앞  하차 건너편 2시방향   오양빌딩 4층"
31132000220,C04,11,320,동그라미 인지/재활 데이케어센터,00,NORMAL SERVICE.,C04,blog.naver.com/donguramidaycare,31132000220,"주차장은 건물 뒷편에 위치, 지상주차장(4대)과 지하 엘리베이터이용 (20대)","주소서울시 도봉구 방학로3길 103 춘광빌딩 3층 전화번호02-989-7582대중교통도봉구 보건소정류장에서 하차 후 (간선버스 106,107,108,130,140,141,142,150,160 / 일반버스 36,37,72,74,118,133)H-큐브병원 맞은편 길(바닥에 보건소 화살표 표시)로 오시다가 만나는 사거리에서 좌측(보건소방향)으로 40m 지점 춘광빌딩3,4층승용차도봉구 보건소 사거리에서 우이동 방향으로 오시다가 농협 끼고 우회전해서 보건소정문지나  100m 더 오시면 됩니다."
31132000294,C04,11,320,도봉효드림요양원,00,NORMAL SERVICE.,C04,없음,31132000294,1 층에 주차시설있음,지하철4호선 창동역 1번출구로 나오셔서  자운초등학교정문쪽으로 도보 10분거리젬스빌딩 6층
31132000320,C04,11,320,도봉요양원,00,NORMAL SERVICE.,C04,http://www.dobongcare.com,31132000320,타워주차 40대  (건물뒷편)지상주차 10대,"도봉구도봉로601 (쌍문동, 시그마팰리스401호)도봉로 도봉보건소 버스정류장 에이치큐브병원 맞은편4호선 쌍문역 의정부 방향으로 두번째정류장 (  도봉보건소 버스정류장)입니다   , 에이치큐브병원 맞은편시그마팰리스 4층 입니다"
31114000018,C05,11,140,우영요양센터,00,NORMAL SERVICE.,C05,www.wycare.co.kr,31114000018,주차시설 가능 함,"구 동대문운동장(동대문역사문화공원) 5호선 6,7번 출구 직진 넥서스타워 302호 14층건물)"
31117000098,C05,11,170,새봄간호요양센타,00,NORMAL SERVICE.,C05,없음,31117000098,본센터 앞에 잠시 주차 가능하고 신창동 공영 주차장 이용 가능,"원효로 3가 버스정류장에 하차후 뚱뚱이 보쌈 골목쪽 에 위치버스 노선:  162번,  503번 , 7016번, 262번, 2016번 이 옵니다."
31117000121,C05,11,170,고운손방문요양센터주식회사,00,NORMAL SERVICE.,C05,blog.naver.com/assaleh,31117000121,사무실 옆 주차장 이용 가능합니다,지하철 6호선 효창공원역에서 내리셔서 6번 출구 나와서 용문시장 용문새마을금고를 찾아오신 후 진로마트 쪽으로 올라오시면 진로마트에서 마주보이는  건물 1층에 고운손방문요양센터가 있습니다
31117000148,C05,11,170,참사랑복지센터,00,NORMAL SERVICE.,C05,http://blog.naver.com/schmaeil,31117000148,차량 10대 이상 주차 가능(유료),"서울특별시 용산구 이태원로 211 한남빌딩 806호(용산구 이태원역 2번 출구 도보 약 5분)110번, 405번, 400번 승차 후 이태원119 안전센터 하차 도보 3분"
31120000015,C05,11,200,(A+)성동구방문요양간호센터,00,NORMAL SERVICE.,C05,www.sdhomecare.or.kr,31120000015,* 주차는 삼성아파트 상가동 주차장을 이용하시면 됩니다.(무료이용: 주차장 입구 차단기로 주차장입구에서 연락주시면 내려가서 차단기 열어드리겠습니다.),"5호선 마장역 1번출구에서 도선사거리 방면으로  도보 3분 거리  마장역 근처 버스노선 : 121, 2013, 2(마을버스) 도선사거리 정류장 이용시 도선사거리 정류장에서 하차하여 마장지하차로 방면으로 도보 5분거리   도선사거리 정류장 버스노선 : 03, 110B, 141,145,148, 421"
31111000012,C06,11,110,(주)이원건강의료기,00,NORMAL SERVICE.,C06,www.eonemedical.com,31111000012,주차가능,"5호선 서대문역 4번출구로 나오시어 직진 후 파리바게트 골목으로 좌회전,중앙대학교 평동캠퍼스를 끼고 우회전하시어 조금만 걸어오시면 미산의료기 위치해있습니다."
31111000015,C06,11,110,(주)통일의료기,00,NORMAL SERVICE.,C06,www.tongil.co.kr,31111000015,"주차 시설이 없습니다. 대중교통 이용 부탁드립니다.복지 용구 임대 불가, 복지용구 판매만 하고 있습니다.","지하철 1호선, 4호선. 동대문역 9번출구 길건너."
31111000042,C06,11,110,제일복지용구,00,NORMAL SERVICE.,C06,없음,31111000042,매장 앞 도로 주차  (5분이내),종로구 창경궁로158   (원남동 사거리) 서울대학교 병원 정문옆   전화 02-745-8382    팩스 02-766-7828
31114000063,C06,11,140,명신,00,NORMAL SERVICE.,C06,blog.naver.com/help1004ms,31114000063,공영주차장이용 및 매장앞 잠시주차,신당역6번출구에서 신당파출소끼고 좌회전 50m앞 공영주차장지나 우측도로 30m앞 창호빌딩끼고 우회전 30m앞 하이아파트 바로전  회림빌라 106호
31117000029,C06,11,170,천사랑 노인복지센터,00,NORMAL SERVICE.,C06,chunsarang1429.modoo.at,31117000029,<< 주차 가능  >>건물내 주차장: 상시 5대 주차가능,"※ 용산구 원효로4가, 성신여자 중,고등학교 옆 건물(상원B/D) 202호 - 남영역(1호선) 버스 7016,262 승차후 풍전아파트에서 하차 - 신용산역(4호선) 5번출구에서 버스0017 원효2동 주민센터에서 하차 - 마포역(5호선) 1번출구에서 7016 승차후 현대차서비스에서 하차 - 효창공원역(6호선,중앙선) 3번출구에서 2016  풍전아파트에서 하차"
11120000010,G31,11,200,시립동부노인전문요양센터,00,NORMAL SERVICE.,G31,www.dbsc.or.kr,11120000010,장애인 지정 주차장 포함 총 88대 가능,상왕십리역 2번 출구에서 성동구보건소 방향으로 도보 7분거리
11123000381,G31,11,230,시립동대문실버케어센터,00,NORMAL SERVICE.,G31,동대문실버케어센터.com,11123000381,"15대, 장애인 주차 1대",청량리역 1호선 경춘선 6번 출구 도보 9분청량리역 경의중앙선 경춘선 2번 출구 도보 12분
11126000271,G31,11,260,서울시립중랑노인전문요양원,00,NORMAL SERVICE.,G31,www.jns-center.or.kr,11126000271,- 요양원 지하 1층(차단기 통과후 좌측으로 직진),"1) 승용차 - 망우사거리 지나 동부제일병원 삼거리 좌회전 300m 진입 후 오른쪽에 위치해 있습니다. - 북부간선도로 구리 방향으로 진행 -> 신내 I.C 내려서 -> 신내차량기지 방향으로 좌회전     하셔서 1km 직진 하시면 좌측편 송곡고등학교 지나 50m 앞에 위치하고 있습니다.2) 버스  - 북부병원이나 경남아파트 정류장에 하차하시면 바로 요양원(주황색 건물)이 보입니다. - 간선버스(파란색) : 262, 270 - 지선버스(초록색) : 2234 - 시외버스 : 703) 지하철 - 경의중앙선 승차 -> 양원역 하차 2번출구, 송곡고등학교 뒷편에 위치(주황색 건물)"
11129000365,G31,11,290,e포근한요양원,00,NORMAL SERVICE.,G31,e포근한요양원.com,11129000365,5대 가능,"우이신설 북한산보국문역 2번출구에서 500m(도보 10분)  버스 1114번, 1020번 삼덕단지 최만린미술관 정류장 도보 3분"
11130500172,G31,11,305,강북실버종합복지센터,00,NORMAL SERVICE.,G31,010-3526-0323(대표자 휴대전화번호),11130500172,1층 24대 주차공간 완비,"1. 지하철: 미아역 3번출구 도보 7분2. 버스- 강북실버종합복지센터 앞 하차: 마을버스 강북04- 미아역 신일중고 앞 하차: 간선 101, 102, 106, 107, 108, 120, 130, 140, 141, 142, 148, 150, 151, 153, 160, 710 / 도보 7분 거리                                        지선 1144 / 도보 7분 거리3. 자가용: 미아역(도봉로) -> 솔매로 300m -> 오패산로 50m -> 강북실버종합복지센터"
11120000010,G32,11,200,시립동부노인전문요양센터,00,NORMAL SERVICE.,G32,www.dbsc.or.kr,11120000010,장애인 지정 주차장 포함 총 88대 가능,상왕십리역 2번 출구에서 성동구보건소 방향으로 도보 7분거리
11123000381,G32,11,230,시립동대문실버케어센터,00,NORMAL SERVICE.,G32,동대문실버케어센터.com,11123000381,"15대, 장애인 주차 1대",청량리역 1호선 경춘선 6번 출구 도보 9분청량리역 경의중앙선 경춘선 2번 출구 도보 12분
11126000271,G32,11,260,서울시립중랑노인전문요양원,00,NORMAL SERVICE.,G32,www.jns-center.or.kr,11126000271,- 요양원 지하 1층(차단기 통과후 좌측으로 직진),"1) 승용차 - 망우사거리 지나 동부제일병원 삼거리 좌회전 300m 진입 후 오른쪽에 위치해 있습니다. - 북부간선도로 구리 방향으로 진행 -> 신내 I.C 내려서 -> 신내차량기지 방향으로 좌회전     하셔서 1km 직진 하시면 좌측편 송곡고등학교 지나 50m 앞에 위치하고 있습니다.2) 버스  - 북부병원이나 경남아파트 정류장에 하차하시면 바로 요양원(주황색 건물)이 보입니다. - 간선버스(파란색) : 262, 270 - 지선버스(초록색) : 2234 - 시외버스 : 703) 지하철 - 경의중앙선 승차 -> 양원역 하차 2번출구, 송곡고등학교 뒷편에 위치(주황색 건물)"
11138000065,G32,11,380,붓다마을,00,NORMAL SERVICE.,G32,www.idw.or.kr,11138000065,주차장 이용가능 (장애인 지정 주차장 포함)기계식 주차:  40대 주차 가능 공터 주차: 10-12대 주차 가능,"■ 대중교통 이용시 :  1. 지하철 3,6호선 연신내역 3번출구, 하나은행 앞 연서시장 버스정류소에서 701번,709번,7211번 버스 승차, 인덕원(하나고,삼천사 입구)하차, 도보 5분2. 지하철 3호선 구파발역 3번 출구 7211번,7723번 버스 승차 인덕원(하나고,삼천사 입구)하차, 도보 5분 ■ 자가용 이용시 :1. (시내 방향에서) 연신내 사거리 우회전->은평경찰서 방향 직진->진관사 방향으로 직진->진관사 입구에서 우회전2. (구파발 방향에서) 구파발역 방향으로 진입->뉴타운 · 북한산성 방향->삼천사 방향으로 우회전, 진관사 입구에서 좌회전."
11144000012,G32,11,440,시립서부노인전문요양센터,00,NORMAL SERVICE.,G32,www.seobusilver.or.kr,11144000012,54대 주차가능(지상/지하) - 환경친화적자동차 2면 / 가족배려주차장 5면 / 장애인 2면 / 전기차 충전소 1면 포함,◎ 대중교통 이용시[지하철] - 6호선 마포구청 1번출구 100M직진후 우회전 (도보4분) [버스] - 간선 : 271 710 - 지선 : 7011 - 순환 : 8777 (주말) - 마을 : 마포08◎ 자가용 이용시 강변북로 → 마포구청방향 → 좌측 월드컵경기장방향 진입로 → 월드컵경기장 삼거리 우회전 → 마포종합행정타운 주차장 진입(우측 본 센터 건물 지하주차장)내부순환 성산방향 → 성산IC → 마포구청역 사거리 우회전 → 마포종합행정타운 주차장 진입(우측 본 센터 건물 지하주차장)주차장 진입시 구청주차장과 본 센터 주차장은 별도 입니다. 이용에 착오 없으시길 바랍니다.
11120000010,G33,11,200,시립동부노인전문요양센터,00,NORMAL SERVICE.,G33,www.dbsc.or.kr,11120000010,장애인 지정 주차장 포함 총 88대 가능,상왕십리역 2번 출구에서 성동구보건소 방향으로 도보 7분거리
11123000381,G33,11,230,시립동대문실버케어센터,00,NORMAL SERVICE.,G33,동대문실버케어센터.com,11123000381,"15대, 장애인 주차 1대",청량리역 1호선 경춘선 6번 출구 도보 9분청량리역 경의중앙선 경춘선 2번 출구 도보 12분
11138000065,G33,11,380,붓다마을,00,NORMAL SERVICE.,G33,www.idw.or.kr,11138000065,주차장 이용가능 (장애인 지정 주차장 포함)기계식 주차:  40대 주차 가능 공터 주차: 10-12대 주차 가능,"■ 대중교통 이용시 :  1. 지하철 3,6호선 연신내역 3번출구, 하나은행 앞 연서시장 버스정류소에서 701번,709번,7211번 버스 승차, 인덕원(하나고,삼천사 입구)하차, 도보 5분2. 지하철 3호선 구파발역 3번 출구 7211번,7723번 버스 승차 인덕원(하나고,삼천사 입구)하차, 도보 5분 ■ 자가용 이용시 :1. (시내 방향에서) 연신내 사거리 우회전->은평경찰서 방향 직진->진관사 방향으로 직진->진관사 입구에서 우회전2. (구파발 방향에서) 구파발역 방향으로 진입->뉴타운 · 북한산성 방향->삼천사 방향으로 우회전, 진관사 입구에서 좌회전."
11144000012,G33,11,440,시립서부노인전문요양센터,00,NORMAL SERVICE.,G33,www.seobusilver.or.kr,11144000012,54대 주차가능(지상/지하) - 환경친화적자동차 2면 / 가족배려주차장 5면 / 장애인 2면 / 전기차 충전소 1면 포함,◎ 대중교통 이용시[지하철] - 6호선 마포구청 1번출구 100M직진후 우회전 (도보4분) [버스] - 간선 : 271 710 - 지선 : 7011 - 순환 : 8777 (주말) - 마을 : 마포08◎ 자가용 이용시 강변북로 → 마포구청방향 → 좌측 월드컵경기장방향 진입로 → 월드컵경기장 삼거리 우회전 → 마포종합행정타운 주차장 진입(우측 본 센터 건물 지하주차장)내부순환 성산방향 → 성산IC → 마포구청역 사거리 우회전 → 마포종합행정타운 주차장 진입(우측 본 센터 건물 지하주차장)주차장 진입시 구청주차장과 본 센터 주차장은 별도 입니다. 이용에 착오 없으시길 바랍니다.
11174000422,G33,11,740,시립강동실버케어센터,00,NORMAL SERVICE.,G33,http://www.gangdongcare.com,11174000422,주차시설: 총 20대(장애인전용포함) - 지상,"<대중교통 이용시>- 5호선 명일역 3번 출구에서 537m- 버스 340 동부기술교육원, 장애인종합복지관에서 하차"
11120000010,G34,11,200,시립동부노인전문요양센터,00,NORMAL SERVICE.,G34,www.dbsc.or.kr,11120000010,장애인 지정 주차장 포함 총 88대 가능,상왕십리역 2번 출구에서 성동구보건소 방향으로 도보 7분거리
11120000010,G35,11,200,시립동부노인전문요양센터,00,NORMAL SERVICE.,G35,www.dbsc.or.kr,11120000010,장애인 지정 주차장 포함 총 88대 가능,상왕십리역 2번 출구에서 성동구보건소 방향으로 도보 7분거리
11120000010,G36,11,200,시립동부노인전문요양센터,00,NORMAL SERVICE.,G36,www.dbsc.or.kr,11120000010,장애인 지정 주차장 포함 총 88대 가능,상왕십리역 2번 출구에서 성동구보건소 방향으로 도보 7분거리
11120000010,G37,11,200,시립동부노인전문요양센터,00,NORMAL SERVICE.,G37,www.dbsc.or.kr,11120000010,장애인 지정 주차장 포함 총 88대 가능,상왕십리역 2번 출구에서 성동구보건소 방향으로 도보 7분거리
11120000010,G38,11,200,시립동부노인전문요양센터,00,NORMAL SERVICE.,G38,www.dbsc.or.kr,11120000010,장애인 지정 주차장 포함 총 88대 가능,상왕십리역 2번 출구에서 성동구보건소 방향으로 도보 7분거리
21111000066,H31,11,110,보현데이케어센터,00,NORMAL SERVICE.,H31,http://cafe.daum.net/bhdaycare,21111000066,주차가능합니다.,"- 지하철 : 지하철 3호선 경복궁역 3번 출구 전방 100m버스정류소 일반버스 1711, 1020 환승 →               화정박물관앞 하차 → 서울부동산앞 마을버스 8003번→ 청련사 입구              지하철 5호선 광화문역 2번 출구 버스정류소 일반버스 1711, 1020 환승 →               화정박물관앞 하차 → 서울부동산앞 마을버스 8003번→ 청련사 입구- 버  스 : 7211, 1711, 1020, 153, 110, 8153 화정박물관(혹은 갑을씨티텔)앞 하차 →               서울부동산앞 마을버스 8003번 환승 → 청련사 입구"
21114000036,H31,11,140,신당데이케어센터,00,NORMAL SERVICE.,H31,www.borisudaycare.com,21114000036,- 건물 1층 주차장 이용가능하나 협소함- 주차장 이용 희망 시 사전에 연락 요망,"<지하철> 5, 6호선 이용시 : 청구역 1번 출구로 나와 약수역 방향으로 직진 200m 바우미우 동물병원과 GS주유소 사이 골목으로 우회전 (도보 5분) 3호선 이용 시 : 약수역 2번 출구로 나와 직진 300m / GS주유소 지나 좌회전 (도보 7분)<버 스>142번, 147번, 7212번, 6211번  신당동(청구역)하차"
21120000068,H31,11,200,구립성수1가2동서울숲데이케어센터,00,NORMAL SERVICE.,H31,http://www.tnv4488.co.kr,21120000068,센터 건물(공공복합청사) 지하 2층에 주차 이용 가능(공간 협소)센터 인근 거주자 공영주차장(방문주차-유료) 이용 가능,"지하철 : 2호선 뚝섬역 8번출구 도보 5분, 분당선 서울숲역 4번출구 도보 3분버   스 : 초록버스(간선) : 2413, 2224, 2012             파랑버스(지선) : 410(성동구민체육센터 앞에서 하차 도보 1분거리)"
21130500237,H31,11,305,사회복지법인 운가자비원 운가데이케어센터,00,NORMAL SERVICE.,H31,운가데이케어센터.com,21130500237,센터 입구 차량 1대 주차 가능합니다. 주차 공간이 협소하니 방문시 전화로 주차공간 문의 부탁드립니다,"지하철: 우이신설선 가오리역 1번 출구 -> 100m버스: 104번, 109번, 144번, 1120번, 1218번 가오리역 하차 -> 100m(가오리사거리 우이동 방향 100m 지점에서 세븐일레븐 편의점 뒷 건물)"
21141000342,H32,11,410,구립가재울데이케어센터,00,NORMAL SERVICE.,H32,https://blog.naver.com/gajaeuldaycare,21141000342,5면(장애인주차구역 1면 포함),경의중앙 가좌역 4번출구 도보 260m
21159000283,H32,11,590,굿모닝동작데이케어센터,00,NORMAL SERVICE.,H32,굿모닝동작데이케어센터.kr,21159000283,차량 1대 주차 가능,"1. 지하철 이용① 지하철7호선 신대방삼거리역 1번 출구 약 440m 직진방향 도보(7분)② 지하철7호선 장승배기역 5번 출구로 나와 신대방삼거리역 방면으로 직진 → 약 740m 직진방향 도보(15분)③ 지하철1,9호선 노량진역 5번 출구로 나와 장승배기 방면으로 1.6km 직진방향 도보(25분)2. 버스 이용① 동작02번, 동작11번 : 장승배기역 5번 출구로 나와 뒤쪽으로 직진(성약국 방면) → 7호선 장승배기역 5번출구[20851]승차 → 쌍용아파트[20862] 하차 후 맞은편 건물 4층② 152번, 504번, 753번, 5516번, 642번 : 장승배기역 4번 출구로 나와 신협방면으로 100m 도보(1분) → 장승배기역 정류장 [20151] → 성대시장 [20147] 하차 → 쌍용스윗닷홈아파트 방면으로 360m 도보(5분)③ 152번, 504번, 654번, 5516번, 5536번 :  노량진역 2번 출구로 나와 노량진역 정류장까지 200m 도보(3분) → 노량진역 정류장[20115] 승차 → 상도초등학교 입구[20150] 하차 후 280m 도보(4분)"
11138000217,M31,11,380,노블케어스,00,NORMAL SERVICE.,M31,어르신.kr//,11138000217,"전면, 후면 주차가능, 주차타워 및 건물뒤 주차장",역촌역 4번 출구에서 서부병원으로 400미터 도보 약 8분응암역 3번 출구에서 이마트 지나서 약 800미터 도보 13분서부경찰서 버스정류장 (12-203 ) 에서 20미터
11130500229,S41,11,305,사랑나눔요양원2,00,NORMAL SERVICE.,S41,http//:www.ymsilver.net,11130500229,주차 시설 있음,지하철: 미아역 8번 출입구에서 수유시장쪽으로 약500M에 위치버  스: 수유시장 하차 후 수유시장을 마주 보며 왼쪽에 위치 (파크랜드건물 4층)
11141000170,S41,11,410,중앙실버노인요양공동생활가정,00,NORMAL SERVICE.,S41,www.noin9191.com,11141000170,없음. 주차불가,"지하철 충정로역 2호선 (3번출구)지하철 충정로역 5호선 (9번출구)간선 172, 603, 외지선 7011,7017 외"
11168000127,S41,11,680,구립대치노인요양센터,00,NORMAL SERVICE.,S41,www.gndcsenior.org,11168000127,주차 2대 가능,선릉역 1번출구 → 던킨도너츠 선릉역점까지 약374m 이동(테헤란로) → 던킨도너츠선릉역점 앞에서 오른쪽 방향으로 우회전 → 서울특별시 강남구 대치동 901번지 4호 구립대치노인복지센터까지 약300m 직진 이동(역삼로69길)
12911000006,A03,12,210,아가페실버센터,00,NORMAL SERVICE.,A03,www.gjw.or.kr/agapesilver/,12911000006,법인 주차장 이용가능,"동구청:봉선37,수완49,지원52,운림54,,금남57,금남58,석곡87,518,1187,지원152 전남여고:봉선37,수완49,운림54,송암74,두암81,518,석곡87,지원52,지원152,419 살레시오고:순환01,지원15,진월17,봉선27,일곡28,운림35,금호36,금남55,문흥80,999아가페실버센터(동구노인종합복지관):송암74,두암81,1187"
12911000013,A03,12,210,꽃메요양원,00,NORMAL SERVICE.,A03,www.gjw.or.kr/hyoone,12911000013,마을입구 공용주차장과 시설주차장이 마련되어 있습니다.,"▶ 승용차 이용- 광주대쪽 → 효덕초교 → 리체아파트(직진) → 광주희망원 → 기독정신병원 앞(우회전) →   굴다리→본원- 봉선동쪽 → 용산터널(직진) → 지원동쪽(남구청)으로 순환도로진입로(순환도로를 타시      면  안됩니다) → 화산마을(우회전, 굴다리 반대편) → 본원- 지원동쪽 (소태역)→ 용산초교 → 호반아파트 → 기독정신병원(좌회전)→굴다리→본원▶버스이용봉선 27, 송정 98▶지하철이용- 소태역하차→ 용산초교 → 호반아파트 → 기독정신병원(좌회전)→굴다리 →본원"
12911000022,A03,12,210,천혜경로원,00,NORMAL SERVICE.,A03,http://cafe.daum.net/chunhyecafe,12911000022,종사자 및 방문객 차량 20대 주차 가능.,"동광주 톨게이트 진출후 문흥 IC 진출하, 제2순환도로 진입 후 학운IC로 진출 남광주방향으로 직진 (약15분소요)시외버스터미널 및 광주역에서 택시로 약20분소요시내버스 : 첨단09, 지원15, 지원25, 지원35, 지원45, 지원50, 지원51,                 지원52, 지원54, 지원150, 지원151, 지원152지하철 : 증심사입구역 학동삼거리하차  3번 출구"
12911000052,A03,12,210,용연실버빌,00,NORMAL SERVICE.,A03,http://gjw.or.kr/yysilvervill/,12911000052,차량10대 주차 할 수 있음.,"승용차 이용시- 광주에서 화순방향으로 진직 후 구 너릿재 터널 지나기 전 제2수원지, 용연정수장 방향으로 좌회전 진입 대중교통 이용시 - 버스 52  탑승 후 요양원 앞에서 하차 - 버스 52-1 탑승 용연마을에서 하차 후 492m 도보  - 버스 150,151,152 화순방면 버스 이용 후 선교 정류장에서 하차 후 전화(233-8575)"
12911000086,A03,12,210,나눔요양원,00,NORMAL SERVICE.,A03,http://www.gjw.or.kr/nanum/,12911000086,주차장 및 건물 주변 주차공간 충분,"버스정류장 광주고/419역사관: 문흥39, 송정98, 운림54, 228, 419, 518, 석곡87, 용전184, 매월06"
12911000256,A03,12,210,해피맘요양원,00,NORMAL SERVICE.,A03,http://www.gjw.or.kr/happymam/,12911000256,주차장 있음(50대주차가능),"버스 : 지원52, 지원151, 지원152,         화순217, 화순217-1, 화순218, 화순218-1"
12911000096,A04,12,210,효드림노인복지센터,00,NORMAL SERVICE.,A04,http://cafe.daum.net/hds9001,12911000096,"주차장은 별도 없어 대중교통 이용바라며, 차량방문시에는 건물인근에 있는 유료주차장 이용바랍니다.","자가용이용시 : 전대병원 건너편 광주.전남 병무청 끼고 남광주시장으로 우회전 한 후 첫 골목으로 우회전 100미터 직진, 광주.전남 병무청 정문 맞은편 영동빌딩 9층.버스이용시 : 09, 37, 45, 59, 49, 150, 151, 152, 51, 52, 54, 95 교통편 이용가능, 하차후  병무청 끼고 남광주시장으로 우회전 한 후 첫 골목으로 우회전 100미터 직진, 광주.전남 병무청 정문 맞은편 영동빌딩 9층. 버스하차후 도보 5분이내지하철이용시 : 남광주역에서 하차후 전남대병원 방면으로 횡단보도를 건너서 남광주시장으로 들어오셔서 광주.전남병무청 정문쪽으로 오시면 됩니다. 도보 10분이내."
12911000254,A04,12,210,엠마의집,00,NORMAL SERVICE.,A04,www.longtermcare.or.kr/npbs/r/a/201/selectLtcoSrchDetail.web?ltcAdminSym=1291100,12911000254,이용 가능 주차장 있습니다. (대아 아파트 주차장 확보),지원52     봉선 76    지원150    지원15    지원25     지원45지원151     지원152  광주지하철 1호선 소태역 1번출구에서 5분거리
12915500209,A04,12,270,알곡사랑요양원,00,NORMAL SERVICE.,A04,grains.modoo.at,12915500209,"장애인우대 주차시설, 일반 주차시설 있씀","버스노선 대촌 70, 송정99, 대촌 170 , 마을버스 715버스승강장에서 이장동 마을로 300미터 거리(도보 약10분 소요)"
12917000275,A04,12,300,현대실버빌,00,NORMAL SERVICE.,A04,http://cafe.daum.net/hdsilver,12917000275,현대아파트 주차장 이용,버스 15번 18번 35번 54번 현대아파트 하차버스 160번 청소년 수련관하차 5분거리
12917000295,A04,12,300,정드림케어하우스,00,NORMAL SERVICE.,A04,skguswh1005@naver.com,12917000295,"다움요양병원 주차타워 이용가능, 다움요양병원 뒤후문쪽 골목길 주차가능","대중교통 : 첨단30, 첨단95, 첨단193, 금남57, 용전84, 용전85자가운전 : 광주 북구 양산동 신흥택시 맞은편 다움요양병원 6층"
22911000007,B01,12,210,아가페실버센터,00,NORMAL SERVICE.,B01,www.agapesilver.or.kr,22911000007,기본주차시설 2대법인주차장 이용 가능,"동구청: 봉선37, 수완49, 지원52, 운림54, 금남57, 금남58, 석곡87, 518, 1187, 지원152 전남여고: 봉선37, 수완49, 운림54, 송암74, 두암81, 518, 석곡87, 지원52, 지원152, 419, 금남57, 금남58 살레시오고: 순환01, 지원15, 진월17, 봉선27, 일곡28, 운림35, 금호36, 금남55, 문흥80, 999, 수완03, 715 아가페실버센터(동구노인종합복지관): 송암74, 두암81, 1187"
22911000009,B01,12,210,C.C.C.동구노인복지센터,00,NORMAL SERVICE.,B01,www.noin.or.kr,22911000009,(주차장198㎡)-(24대 주차가능),"[버스노선 안내]◎ 살레시오여고(조선대방향) : 순환01, 지원15, 진월17, 봉선27, 일곡28, 운림35, 금호36, 금남55,  문흥80, 공1000◎ 살레시오여고(법원입구방향):순환01, 지원15, 진월17, 봉선27, 일곡28, 운림35, 금호36, 금남55, 문흥80, 공1000◎ 동구청(전남대병원오거리방향) : 봉선37, 수완49, 지원52, 운림54, 금남57, 금남58, 풍암61, 석곡87, 지원152, 419, 518, 1187◎ 동구청(전남여고방향): 봉선37, 수완49, 지원52, 운림54, 지원150, 지원152, 518, 1187◎ 동구노인복지회관(동구청방향) : 송암74, 두암81(하행), 1187◎ 동구노인복지회관(농장다리방향) : 송암74, 두암81(상행),1187"
22911000014,B01,12,210,꽃메요양원,00,NORMAL SERVICE.,B01,www.gjw.or.kr/hyoone,22911000014,＊화산마을 진입로 주차장(20대주차가능)＊시설주차장 (10대주차가능),"▶승용차 이용- 광주대쪽 → 효덕초교 → 리체아파트(직진) → 광주희망원 → 기독정신병원 앞(우회전) →    굴다리→본원- 봉선동쪽 → 용산터널(직진) → 지원동쪽(남구청)으로 순환도로진입로 우회전(순환도로를   타시면 안됩니다) → 화산마을(우회전, 굴다리 반대편) → 본원- 지원동쪽 (이화웨딩홀)→ 용산초교 → 호반아파트  → 기독정신병원 (좌회전)→굴다리 →본원▶버스이용봉선 27, 송정98▶지하철이용소태역에서 하차→지원동쪽 (이화웨딩홀)→ 용산초교 → 호반아파트 →  기독정신병원(좌회전)→굴다리 →본원"
22911000048,B01,12,210,대해노인복지센터,00,NORMAL SERVICE.,B01,https://blog.naver.com/dh2342213,22911000048,*센터주차장 5대 주차가 가능합니다*센터주위에 주차 공간이 많습니다.,"지원동 한센협회(구 나협회) 뒷쪽- 시내버스 학동방향, 화순방향지원15번, 25번, 45번, 52번, 53번, 150번, 151번, 152번, 봉선 76번화순버스(217,218)"
22911000287,B01,12,210,선인종합재가센터,00,NORMAL SERVICE.,B01,http://cafe.daum.net/chosunhome,22911000287,천변가 및 행정복지센터 근처 골목 주차,"- 지원2동행정복지센터입구 정류장 하차- 지원2동행정복지센터 정류장 하차- 버스편 : 지원 25번, 지원 45번, 지원 15번, 지원 52번, 지원 52-1번, 봉선 76번, 228번, 지원 152번, 228번,                화순 216번, 화순 217번, 화순 217-1번, 화순 218번, 화순 218-1번, 화순 200번, 화순 200-1번- 버스편 : 봉선 37번, 지원 56번"
22911000009,B02,12,210,C.C.C.동구노인복지센터,00,NORMAL SERVICE.,B02,www.noin.or.kr,22911000009,(주차장198㎡)-(24대 주차가능),"[버스노선 안내]◎ 살레시오여고(조선대방향) : 순환01, 지원15, 진월17, 봉선27, 일곡28, 운림35, 금호36, 금남55,  문흥80, 공1000◎ 살레시오여고(법원입구방향):순환01, 지원15, 진월17, 봉선27, 일곡28, 운림35, 금호36, 금남55, 문흥80, 공1000◎ 동구청(전남대병원오거리방향) : 봉선37, 수완49, 지원52, 운림54, 금남57, 금남58, 풍암61, 석곡87, 지원152, 419, 518, 1187◎ 동구청(전남여고방향): 봉선37, 수완49, 지원52, 운림54, 지원150, 지원152, 518, 1187◎ 동구노인복지회관(동구청방향) : 송암74, 두암81(하행), 1187◎ 동구노인복지회관(농장다리방향) : 송암74, 두암81(상행),1187"
22911000048,B02,12,210,대해노인복지센터,00,NORMAL SERVICE.,B02,https://blog.naver.com/dh2342213,22911000048,*센터주차장 5대 주차가 가능합니다*센터주위에 주차 공간이 많습니다.,"지원동 한센협회(구 나협회) 뒷쪽- 시내버스 학동방향, 화순방향지원15번, 25번, 45번, 52번, 53번, 150번, 151번, 152번, 봉선 76번화순버스(217,218)"
22911000312,B02,12,210,예향노인복지센터,00,NORMAL SERVICE.,B02,https://www.정나눔.kr,22911000312,사무실 앞 주차가능,"버스:지원15,지원25, 지원45, 봉선76, 지원52, 지원150, 지원151, 지원152        첨단09, 수완12, 수완49, 운림35, 운림50, 운림51,운림54 (동구문화센터앞 하차)지하철 :1호선"
22911000326,B02,12,210,동구천사노인복지센터,00,NORMAL SERVICE.,B02,https://www.longtermcare.or.kr/npbs/r/a/104/selectBlbdArtiList.web?ltcAdminSym=2,22911000326,평화맨션 내 주차장 이용센터 앞 학운동공영주차장 이용,"- 버스로 오실 때 : 첨단09, 수완12, 운림35, 수완49, 운림50, 운림51, 운림54, 봉선76                            학동 평화맨션 정류소(증심사방향)에서 하차 후                            승강장 맞은편 골목으로 20m  도보로1분 이내- 지하철로 오실때  : 학동증심사입구역에서 하차 후 도보로 7분                               증심사방향으로 150m , 평화맨션버스승강장 맞은편"
22911000339,B02,12,210,다정한노인재가복지센터,00,NORMAL SERVICE.,B02,http://m.blog.naver.com/bho7868,22911000339,도로변 주차가능,버 스: 일곡20  수완03  송암74  봉선27  지원15 순환01A  문흥80  (산수오거리정류장하차후 걸어서 5분거리)
22911000009,B03,12,210,C.C.C.동구노인복지센터,00,NORMAL SERVICE.,B03,www.noin.or.kr,22911000009,(주차장198㎡)-(24대 주차가능),"[버스노선 안내]◎ 살레시오여고(조선대방향) : 순환01, 지원15, 진월17, 봉선27, 일곡28, 운림35, 금호36, 금남55,  문흥80, 공1000◎ 살레시오여고(법원입구방향):순환01, 지원15, 진월17, 봉선27, 일곡28, 운림35, 금호36, 금남55, 문흥80, 공1000◎ 동구청(전남대병원오거리방향) : 봉선37, 수완49, 지원52, 운림54, 금남57, 금남58, 풍암61, 석곡87, 지원152, 419, 518, 1187◎ 동구청(전남여고방향): 봉선37, 수완49, 지원52, 운림54, 지원150, 지원152, 518, 1187◎ 동구노인복지회관(동구청방향) : 송암74, 두암81(하행), 1187◎ 동구노인복지회관(농장다리방향) : 송암74, 두암81(상행),1187"
22911000014,B03,12,210,꽃메요양원,00,NORMAL SERVICE.,B03,www.gjw.or.kr/hyoone,22911000014,＊화산마을 진입로 주차장(20대주차가능)＊시설주차장 (10대주차가능),"▶승용차 이용- 광주대쪽 → 효덕초교 → 리체아파트(직진) → 광주희망원 → 기독정신병원 앞(우회전) →    굴다리→본원- 봉선동쪽 → 용산터널(직진) → 지원동쪽(남구청)으로 순환도로진입로 우회전(순환도로를   타시면 안됩니다) → 화산마을(우회전, 굴다리 반대편) → 본원- 지원동쪽 (이화웨딩홀)→ 용산초교 → 호반아파트  → 기독정신병원 (좌회전)→굴다리 →본원▶버스이용봉선 27, 송정98▶지하철이용소태역에서 하차→지원동쪽 (이화웨딩홀)→ 용산초교 → 호반아파트 →  기독정신병원(좌회전)→굴다리 →본원"
22911000048,B03,12,210,대해노인복지센터,00,NORMAL SERVICE.,B03,https://blog.naver.com/dh2342213,22911000048,*센터주차장 5대 주차가 가능합니다*센터주위에 주차 공간이 많습니다.,"지원동 한센협회(구 나협회) 뒷쪽- 시내버스 학동방향, 화순방향지원15번, 25번, 45번, 52번, 53번, 150번, 151번, 152번, 봉선 76번화순버스(217,218)"
22911000327,B03,12,210,자연숲노인복지센터,00,NORMAL SERVICE.,B03,blog.naver.com/forest2338899,22911000327,기관 주변 공용주차장 및 센터 보유 주차장 이용 가능,"- 버스 이용: (지원15, 지원25, 지원45, 지원52,지원56,지원152,봉선37) : 주남 하차 후 주남마을 안쪽으로 100M 위치- 지하철 이용: 녹동역에서 하차 후 남문로 이동, 도로건너편 주남마을 안쪽 100M 위치"
22911000334,B03,12,210,계림노인주간보호센터,00,NORMAL SERVICE.,B03,blog.naver.com/rpfla3348,22911000334,1층 7대 주차가능,- 버스정류장 동진맨션 앞(동성교회 맞은편)- 버스 : 금남 55
24681000003,B04,12,780,강진노인복지센터,00,NORMAL SERVICE.,B04,www.jncsw.org/lovehouse,24681000003,*있음*지하주차장 100 평,대중교통편 강진버스터미널에서 도보로 5분 지점(영랑로1길 10) 승용차편목포 - 2번국도 - 강진 - 영랑로1길 10 (강진노인복지센터)순천 - 2번국도 - 장흥 - 강진 - 영랑로1길 10 (강진노인복지센터)
24687000001,B04,12,830,청람노인복지센터,00,NORMAL SERVICE.,B04,www.crw.or.kr,24687000001,지상 주차 30대 가능,"<승용차 이용시>1)서해안 고속도로 이용영광, 목포방면 영광IC→ 원흥검문소지나→ 북문주유소에서 우회전→ 300m지점 우측→영광종합병원 20m아래쪽2)광주에서 오실 때광주 →문장 →영광터미널직진→1km직진 좌측→영광종합병원 20m아래쪽<대중교통 이용시>영광공용터미널에서 대마쪽으로 1km직진 좌측→영광종합병원 20m아래쪽군내버스터미널 에서 도보 5분거리"
24689000091,B04,12,850,어르신케어 종합복지센터 효드림,00,NORMAL SERVICE.,B04,http://cafe.daum.net/bogilseom,24689000091,주차장 있음,"주소 : 전남 완도군 노화읍 노화서로 416-4교통편 : 도서(섬)지역. 보길면과 다리로 연결되어 있고 소안면이 인접해 있음, 내륙에서는 해남땅끝에서 30분 마다, 완도 50분마다 배편있음위치 : 노화북초등학교와 삼마리 사이에 있음"
22911000312,B05,12,210,예향노인복지센터,00,NORMAL SERVICE.,B05,https://www.정나눔.kr,22911000312,사무실 앞 주차가능,"버스:지원15,지원25, 지원45, 봉선76, 지원52, 지원150, 지원151, 지원152        첨단09, 수완12, 수완49, 운림35, 운림50, 운림51,운림54 (동구문화센터앞 하차)지하철 :1호선"
22911000349,B05,12,210,보라방문간호센터,00,NORMAL SERVICE.,B05,,22911000349,아파트 상가동에 가능,"광주 동구 남문로 377 (월남동, 월남호반베르디움1차)상가동 202호 보라방문간호센터 광주에서 화순가는 길목에 위치 버스 : 지원15, 지원25, 봉선37, 지원45, 지원52, 지원56, 지원152, 228, 200, 200-1, 216, 217, 217-1, 218, 218-1, 318   지하철 : 녹동역 1번 출구에서 604m"
22911000356,B05,12,210,뉴정나눔노인복지센터,00,NORMAL SERVICE.,B05,https://www.longtermcare.or.kr/npbs/r/a/104/selectMyBlog.web?ltcAdminSym=2291100,22911000356,"사무실 앞 골목 주차, 동구문화센터 주차장 주차가능","버스:지원15,지원25, 지원45, 봉선76, 지원52, 지원150, 지원151, 지원152        첨단09, 수완12, 수완49, 운림35, 운림50, 운림51,운림54 (동구문화센터앞 하차)지하철 :1호선"
22914000463,B05,12,240,동행노인재가복지센터,00,NORMAL SERVICE.,B05,donghaeng4409.modoo.at,22914000463,아파트 주차장 이용,화정역 2번출구에서 도보로 약 15분
22914000471,B05,12,240,최하현 방문간호 요양센터,00,NORMAL SERVICE.,B05,최하현방문간호요양센터.com,22914000471,센터 근처 이면도로와 농성공원 근처에 주차가능합니다.,"자차 이용시도로명: 광주 서구 화정로284-1(농성동)2층지번: 광주 서구 농성동 670-32번지,2층대중교통이용시지하철: 농성역 1번 출구에서 590m(도보10분)버스: 건강협회 : 수완12,지원25,송암73,지원56, 농어촌(1111,200,200-1,216,217,217-1,218,218-1,318,318-1)"
22911000331,B06,12,210,한국의료기기,00,NORMAL SERVICE.,B06,https://jhkorea1.modoo.at/,22911000331,골목 임시 주차 가능,대인시장 버스정류장에서 도보 200M
22911000333,B06,12,210,아이에스메티칼,00,NORMAL SERVICE.,B06,없음,22911000333,건물 뒤편 주차장 이용,"학동증심사역 3번출구 일반통행길 월간맥주 건물 지하1층, 5층버스편 학동증심사입구역정거장 12번, 50번, 51번, 54번, 15번, 25번, 45번, 228번, 49번, 35번, 52번,152번, 02번, 09번 등"
22911000338,B06,12,210,편한 의료기,00,NORMAL SERVICE.,B06,없음,22911000338,주변주차가능,광주광역시.동구.학소로76번길12-1소태역하차후모아미래도입구.편한의료기
22911000358,B06,12,210,100세동안 실버케어,00,NORMAL SERVICE.,B06,,22911000358,,
22911000371,B06,12,210,미래로의료기,00,NORMAL SERVICE.,B06,,22911000371,,
32911000065,C01,12,210,희망노인복지센터,00,NORMAL SERVICE.,C01,홈페이지 별도 운영하지 않고 롱텀케어에 공지사항과 게시판 이용중,32911000065,"주차장시설은 따로 없으므로,...맞은편 산수말씀교회 주차장에 주차하시거나, 센터 뒤편 충장 중학교 일방 통행길에 주차 하시면 됩니다.","(버스편)    순환01번, 지원15번, 봉선27, 일곡28, 송암74, 문흥80,55번 산수오거리에서 하차하신후 횡단보도쪽으로 올라오세요.산수우체국과 구경찰산수지구대가 있는 도로로 쭉 오세요~희망노인복지센터는 그 맞은편에 바로 있답니다~~^^(55번은 센터앞 정류장에 바로 하차)"
32911000079,C01,12,210,계림재가노인요양센터,00,NORMAL SERVICE.,C01,,32911000079,정문 및 후문에 주차시설이 있습니다.,"버스노선: 대인시장(북), 광주고, 계림초교후문 에서 하차하여 도보 5분여 거리"
32911000089,C01,12,210,효사랑계림 노인복지센터,00,NORMAL SERVICE.,C01,blog.naver.com/5392gho,32911000089,와이마트 그랜드센트럴점☞와이마트와 CU 사이길로 들어와서 차단기 지나고 우회전하시면 됩니다.,"대인시장(동) 문흥39, 송정98, 운림54, 매월06, 석곡87, 용전184, 228, 419, 518, 715☞ (예술의거리입구방면) 하차 후 그랜드센트럴 방면으로 도보 이동(3분) 대인시장(서)금남58, 봉선37, 대촌70, 대촌170, 두암81, 지원52, 지원152, 좌석02, 진월07☞ (동부소방서방면) 하차 후 대인주차장 방면으로 도보 이동(3분) 지하철 금남로4가역 하차(3번 출구, 4번 출구)후 대인시장 방면으로 도보로 7분"
32911000090,C01,12,210,한마음실버요양센터,00,NORMAL SERVICE.,C01,홈페이지 없음,32911000090,계림동 금수장호텔 주차장,"버스노선 계림동 홈플러스, [4.19기념관] 정류장송정19번.용봉83번.송정98번,금남55번.518번.228번(구151).160번,마을715번,마을715-1번"
32911000239,C01,12,210,광주여성노인재가센터,00,NORMAL SERVICE.,C01,,32911000239,,
32911000065,C02,12,210,희망노인복지센터,00,NORMAL SERVICE.,C02,홈페이지 별도 운영하지 않고 롱텀케어에 공지사항과 게시판 이용중,32911000065,"주차장시설은 따로 없으므로,...맞은편 산수말씀교회 주차장에 주차하시거나, 센터 뒤편 충장 중학교 일방 통행길에 주차 하시면 됩니다.","(버스편)    순환01번, 지원15번, 봉선27, 일곡28, 송암74, 문흥80,55번 산수오거리에서 하차하신후 횡단보도쪽으로 올라오세요.산수우체국과 구경찰산수지구대가 있는 도로로 쭉 오세요~희망노인복지센터는 그 맞은편에 바로 있답니다~~^^(55번은 센터앞 정류장에 바로 하차)"
32911000089,C02,12,210,효사랑계림 노인복지센터,00,NORMAL SERVICE.,C02,blog.naver.com/5392gho,32911000089,와이마트 그랜드센트럴점☞와이마트와 CU 사이길로 들어와서 차단기 지나고 우회전하시면 됩니다.,"대인시장(동) 문흥39, 송정98, 운림54, 매월06, 석곡87, 용전184, 228, 419, 518, 715☞ (예술의거리입구방면) 하차 후 그랜드센트럴 방면으로 도보 이동(3분) 대인시장(서)금남58, 봉선37, 대촌70, 대촌170, 두암81, 지원52, 지원152, 좌석02, 진월07☞ (동부소방서방면) 하차 후 대인주차장 방면으로 도보 이동(3분) 지하철 금남로4가역 하차(3번 출구, 4번 출구)후 대인시장 방면으로 도보로 7분"
32911000090,C02,12,210,한마음실버요양센터,00,NORMAL SERVICE.,C02,홈페이지 없음,32911000090,계림동 금수장호텔 주차장,"버스노선 계림동 홈플러스, [4.19기념관] 정류장송정19번.용봉83번.송정98번,금남55번.518번.228번(구151).160번,마을715번,마을715-1번"
32911000273,C02,12,210,한가족복지센터,00,NORMAL SERVICE.,C02,https://cafe.naver.com/hanf3,32911000273,장기요양기관 건물 우측에 주차장 완비,"계림오거리에서 계림교회 방향으로 왼쪽(20m)에 위치함버스 교통편 : 대인시장 - 문흥39, 송정98, 매월06, 518, 운림54"
32911000292,C02,12,210,조은재가복지센터,00,NORMAL SERVICE.,C02,blog.naver.com/kisaisen,32911000292,건물 주차장 이용(무료),시내버스 : 전남대학교병원(남광주시장)/남광주역하차 지하철 : 광주1호선 남광주역3번출구도보 : 병무청 정문에서 인쇄테마골목(구시청사거리까지의 도보)전남대학교병원금동주차장 옆 성보인쇄2층
32914000059,C03,12,240,광주재활센타,00,NORMAL SERVICE.,C03,,32914000059,파로스 오피스텔 건물 뒷편에 주차빌딩있습니다.,"김대중 컨벤션센터 옆 파로스오피스텔(마륵역 5번출구)순환01-A번, 순환01-B, 좌석 2번, 일곡 38번, 상무64번, 마을버스799번, 운림50번, 상무62번 대촌69번 송암73번, 대촌270번"
32914000373,C03,12,240,광주서구노인주간보호센터,00,NORMAL SERVICE.,C03,http://blog.naver.com/6536669,32914000373,시은빌딩 주차장 이용,"대중교통 -서구문화센터 정류장 하차 후 도보 2분 -매월26, 지원45, 진월17 -대촌270, 매월61(세하), 매월61(칠석), 송암72, 송암74, 진월75 -매월06, 순환01(운천저수지방향)네비게이션 -광주 서구 풍금로155(금호동 802-3) 시은빌딩 3층"
32914000392,C03,12,240,굿데이케어센터,00,NORMAL SERVICE.,C03,https://goodday.clickn.co.kr/,32914000392,"1층 옥외 주차장(7대), 바로 옆 공영주차장 이용시 1시간 무료주차 (초과시 주차권제공)","버스노선 - 동천동주민센터 하차 : 문흥39,첨단22, 상무62, 상무63, 지원151- 동천마을3단지 하차 : 문흥18,문흥39, 봉선37, 송정98, 첨단22, 상무62, 수완49,임곡89다이소 뒷편, 유유샤브 동천점 건물 4층"
32914000395,C03,12,240,더불어노인주간보호센터,00,NORMAL SERVICE.,C03,band.us/band/68867423,32914000395,정든요양병원 1층과 지하에 주차공간이 마련되어 있습니다.,"화정역 3번출구쪽으로 100m 직진하면 정든요양병원 3층에 더불어노인주간보호센터가 있습니다.주변 버스 정류장으로는 화정현대아파트, 화정사거리와 화정역, 잿등 등이 있으며 56,19, 26, 31, 500, 이 다니고 있습니다."
32914000399,C03,12,240,"상무노인복지학교(주간보호,치매예방교육)",00,NORMAL SERVICE.,C03,blog.naver.com/sangmu9948,32914000399,⊙ 지상10대 보유⊙ 주변이면도로 주차(단속없음),⊙  자가용 : 네비게이션-(도로명) 광주 서구 운천로 154번길 4 (3층)                                    (지번) 광주 서구 쌍촌동 877-1                                               상무중옆 타이어프로뒷건물⊙  버스 (상무중-->운천저수지 방향)      순환01   지원 45  운림50   금호46     첨단20   송암72   송암73   대촌270     마을 760⊙  지하철 : 운천역2번출구 금호지구쪽으로 도보5분거리
32911000323,C05,12,210,하늘빛방문간호센터,00,NORMAL SERVICE.,C05,,32911000323,,
32914000289,C05,12,240,365나눔노인장기요양기관,00,NORMAL SERVICE.,C05,홈페이지 없음.,32914000289,사무실 뒷쪽 이면도로 이용,"1. 시내버스 . 광주학생독립운동기념관(치평중방향) 하차 , 쌍촌시영방향 150미터 (도보2분소요) -> 금호36번, 운림50번, 매월61번, 송암73번, 진월77번, 첨단 20번. 서광주우체국하차(쌍촌시영3단지정문우측)-(도보 5분소요) ->매월16번, 송암47번. 상무중하차(백일주유소방향) (도보7분) -> 금호 46번, 지원45번, 대촌270번, 송암72번, 첨단20번, 순환01번, 760번2. 전철( 도보 17분소요)쌍촌역하차 2번출구이용 -> 우회전(일신아파트정문 )-> 서광주우체국 ->  우회전 -> 쌍촌시영3단지 ->  365나눔노인장기요양기관"
32914000442,C05,12,240,새로나재가노인요양복지센터,00,NORMAL SERVICE.,C05,,32914000442,,
32914000453,C05,12,240,구구팔팔재가복지센터,00,NORMAL SERVICE.,C05,,32914000453,,
32915500289,C05,12,270,사랑손통합재가센터,00,NORMAL SERVICE.,C05,홈페이지 없음.,32915500289,후문쪽에 주차장,남구 진월동에서 광주대학교 방면 금호아파트 정류장에서 하차 후 50m 거리
32911000034,C06,12,210,명성의료기,00,NORMAL SERVICE.,C06,,32911000034,금호 주차장 이용 가능,"전대병원 방면 노선버스:37번,54번,151번,09번,45번,51번,150번,95번,51번,52번,59번지하철 이용시: 남광주역에서 하차"
32911000047,C06,12,210,광주의료기,00,NORMAL SERVICE.,C06,2280492@hanmail.net,32911000047,가게앞 노면주차는 잠시 주정차는 가능.,전남대학교 의과대학 정문 앞  전대병원오거리 주차장과   뉴욕약국 사이  일방로로 200미터정도 직진하시면 훈이네식당간판이보입니다 그옆집입니다.
32911000074,C06,12,210,효도의료기,00,NORMAL SERVICE.,C06,http://www.longtermcare.or.kr/portal/site/nydev/MENUITEM_ORGINFREG,32911000074,사무실앞 노면에 잠시 주정차 가능,광주광역시 동구 제봉로 56 1층 전남대학교병원 쪽에서 동구청 방향 70~80M 지점에 우측에 위치 하고 있습니다
32911000275,C06,12,210,태광의료기,00,NORMAL SERVICE.,C06,61489,32911000275,,
32911000288,C06,12,210,믿음의료기,00,NORMAL SERVICE.,C06,없음,32911000288,주차가능 : 3~4대 가능합니다.,버스 : 금남55   - 계림초 -> 산수오거리 방향 : 동진멘션 하차   - 산수오거리 -> 계림초 방향 : 계림초후문 하차
12911000256,G31,12,210,해피맘요양원,00,NORMAL SERVICE.,G31,http://www.gjw.or.kr/happymam/,12911000256,주차장 있음(50대주차가능),"버스 : 지원52, 지원151, 지원152,         화순217, 화순217-1, 화순218, 화순218-1"
12920000003,G31,12,330,바라밀실버하우스,00,NORMAL SERVICE.,G31,http://www.baramilsilver.or.kr,12920000003,○ 승용차 기준 : 약20대 주차가능,"○ 광주시내버스 : 신창동 우체국 송정29, 일곡10, 첨단40, 첨단94, 첨단09, 보건대후문 운림51, 첨단40, 첨단94, 반촌마을 매월16, 봉선27, 송정29, 수완12, 운림51, 송암72, 첨단192○ 승용차 이용 : 보건대학정문 → 첨단방향 500m → 공무원연수원 좌회전 → 예향오리숯불구이 식당에서 좌회전 → WHO어린이집 에서 좌회전 → 바라밀실버하우스"
14611000358,G31,12,110,산책하는요양원,00,NORMAL SERVICE.,G31,http://cafe.naver.com/sanchek6658.cafe,14611000358,30대 가량 주차 가능,"버스: 77번 77-1번, 11번,11-1번버스이용시: 상동초등학교 정거장 하차후 초등학교 오르막길을 따라 도보후 왼쪽길(꿈나무어린이집 옆)정거장에서 도보로 5분거리 차량이용시 : 버스터미널 사거리에서 상동현대아파트, 주공아파트 방향으로 직진 후 상동초등학교 쪽으로 직진후 꿈나무어린이집에서 좌회전"
14615000134,G31,12,150,낙안효자실버빌,00,NORMAL SERVICE.,G31,http://www.nasilver.com/,14615000134,넓고 쾌적한 주차시설 완비!편안한 마음으로 방문하시기 바랍니다.,순천시내버스 이용시 : 63번(낙안효자실버빌 승강장 하차)자가용 이용시 : 낙안읍성민속마을에서 외서면 방향으로 1Km 올라온 지점.
14615000152,G31,12,150,효자노인복지센터,00,NORMAL SERVICE.,G31,blog.naver.com/hyoja_center,14615000152,아주 넓음 (자원봉사자나 보호자분이 주차하기에는 아무런 불편함을 느끼지 않음),시내버스- 순천 63번(낙안하송 또는 낙안효자실버빌 하차 도보 1분)                        68번 (낙안하송 하차 도보 1분)시외버스- 벌교행 (낙안 읍성하차) 도보 1km직행버스- 벌교행 (낙안읍성 하차)
14611000358,G32,12,110,산책하는요양원,00,NORMAL SERVICE.,G32,http://cafe.naver.com/sanchek6658.cafe,14611000358,30대 가량 주차 가능,"버스: 77번 77-1번, 11번,11-1번버스이용시: 상동초등학교 정거장 하차후 초등학교 오르막길을 따라 도보후 왼쪽길(꿈나무어린이집 옆)정거장에서 도보로 5분거리 차량이용시 : 버스터미널 사거리에서 상동현대아파트, 주공아파트 방향으로 직진 후 상동초등학교 쪽으로 직진후 꿈나무어린이집에서 좌회전"
14615000134,G32,12,150,낙안효자실버빌,00,NORMAL SERVICE.,G32,http://www.nasilver.com/,14615000134,넓고 쾌적한 주차시설 완비!편안한 마음으로 방문하시기 바랍니다.,순천시내버스 이용시 : 63번(낙안효자실버빌 승강장 하차)자가용 이용시 : 낙안읍성민속마을에서 외서면 방향으로 1Km 올라온 지점.
14617000005,G32,12,170,나주시노인요양원,00,NORMAL SERVICE.,G32,http://cafe.daum.net/NajuOldCare,14617000005,원내 주차 가능합니다,"광주에서 나주방면 광신교통160, 나주교통 180, 180-1-5, 나주터미널 경유영산포 삼거리 내림. 택시 기본요금(도보 25분 소요)"
14623000165,G32,12,190,마로현노인요양원,00,NORMAL SERVICE.,G32,https//www.maro.or.kr,14623000165,이용하기 편리한 주차시설이 마련되어 있습니다.*차량4대 주차 가능,"광양역사문화관 하차 : 77, 777, 990, 991"
14677000160,G32,12,740,도양노인건강복지타운 치매전문요양원,00,NORMAL SERVICE.,G32,https://blog.naver.com/sdsc1900,14677000160,일반주차 36대장애인주차 10대확장형주차 67대전기차충전 주차 1대대형 주차 1대,도양노인건강복지타운 노인복지관 셔틀버스 이용녹동현대병원 셔틀버스 이용녹동시외버스터미널에서 택시로 3분 거리
14611000358,G33,12,110,산책하는요양원,00,NORMAL SERVICE.,G33,http://cafe.naver.com/sanchek6658.cafe,14611000358,30대 가량 주차 가능,"버스: 77번 77-1번, 11번,11-1번버스이용시: 상동초등학교 정거장 하차후 초등학교 오르막길을 따라 도보후 왼쪽길(꿈나무어린이집 옆)정거장에서 도보로 5분거리 차량이용시 : 버스터미널 사거리에서 상동현대아파트, 주공아파트 방향으로 직진 후 상동초등학교 쪽으로 직진후 꿈나무어린이집에서 좌회전"
14677000160,G33,12,740,도양노인건강복지타운 치매전문요양원,00,NORMAL SERVICE.,G33,https://blog.naver.com/sdsc1900,14677000160,일반주차 36대장애인주차 10대확장형주차 67대전기차충전 주차 1대대형 주차 1대,도양노인건강복지타운 노인복지관 셔틀버스 이용녹동현대병원 셔틀버스 이용녹동시외버스터미널에서 택시로 3분 거리
14679000117,G33,12,760,현대노인요양원,00,NORMAL SERVICE.,G33,http://www.현대노인요양원.kr/,14679000117,"현대요양병원 암센터 앞, 현대노인요양원 앞 주차장 완비","버스 : 화순교통 200번, 217번, 217-1,  218번, 218-1          광주교통 150번 151번 등"
14681000051,G33,12,780,강진효요양원,00,NORMAL SERVICE.,G33,https://cafe.naver.com/hyosanatorium,14681000051,차량 동시 30대 수용가능,"시설주소 : 전라남도 강진군 강진읍 솔치로 291-21, 나동 201호"
14677000160,G34,12,740,도양노인건강복지타운 치매전문요양원,00,NORMAL SERVICE.,G34,https://blog.naver.com/sdsc1900,14677000160,일반주차 36대장애인주차 10대확장형주차 67대전기차충전 주차 1대대형 주차 1대,도양노인건강복지타운 노인복지관 셔틀버스 이용녹동현대병원 셔틀버스 이용녹동시외버스터미널에서 택시로 3분 거리
14679000117,G34,12,760,현대노인요양원,00,NORMAL SERVICE.,G34,http://www.현대노인요양원.kr/,14679000117,"현대요양병원 암센터 앞, 현대노인요양원 앞 주차장 완비","버스 : 화순교통 200번, 217번, 217-1,  218번, 218-1          광주교통 150번 151번 등"
14681000051,G34,12,780,강진효요양원,00,NORMAL SERVICE.,G34,https://cafe.naver.com/hyosanatorium,14681000051,차량 동시 30대 수용가능,"시설주소 : 전라남도 강진군 강진읍 솔치로 291-21, 나동 201호"
14677000160,G35,12,740,도양노인건강복지타운 치매전문요양원,00,NORMAL SERVICE.,G35,https://blog.naver.com/sdsc1900,14677000160,일반주차 36대장애인주차 10대확장형주차 67대전기차충전 주차 1대대형 주차 1대,도양노인건강복지타운 노인복지관 셔틀버스 이용녹동현대병원 셔틀버스 이용녹동시외버스터미널에서 택시로 3분 거리
14679000117,G35,12,760,현대노인요양원,00,NORMAL SERVICE.,G35,http://www.현대노인요양원.kr/,14679000117,"현대요양병원 암센터 앞, 현대노인요양원 앞 주차장 완비","버스 : 화순교통 200번, 217번, 217-1,  218번, 218-1          광주교통 150번 151번 등"
14679000117,G36,12,760,현대노인요양원,00,NORMAL SERVICE.,G36,http://www.현대노인요양원.kr/,14679000117,"현대요양병원 암센터 앞, 현대노인요양원 앞 주차장 완비","버스 : 화순교통 200번, 217번, 217-1,  218번, 218-1          광주교통 150번 151번 등"
22915500115,H31,12,270,인애W재가노인지원센터,00,NORMAL SERVICE.,H31,없음,22915500115,"지하 주차시설, 지상 주차시설 완비","<자차이용시 > 도로명 주소:광주 남구 용대로 91<대중교통이용>라인효친 하차 : 28번, 37번, 50번, 56번, 76번 ,도보 10분명지맨션, 유안초교 하차 : 713번, 도보 5분남구문화예술회관 하차 : 27번, 37번, 56번,76번, 98번,도보 10분"
22917000666,H31,12,300,사랑방주야간보호센터,00,NORMAL SERVICE.,H31,https://blog.naver.com/sarangbang65,22917000666,건물 뒤편에 주차시설 완비,"대중교통 첨단23.일곡38. 문흥53, 운림 54 (오치주공아파트 정류장)광주광역시 북구 서하로 193 3층 및 5층 사랑방주야간보호센터"
24613000316,H31,12,130,여수시 치매어르신 주야간보호센터 지혜마루,00,NORMAL SERVICE.,H31,blog.naver.com/jhmr9960,24613000316,"건물전면 : 장애인1대, 일반2대주차가능","시내버스: 92번,93번,95번택시: 여천죽림지구 출발 5분거리기차편: 여천역에서 승용차로 10분거리비행기편: 여수공항에서 승용차로 15분거리"
24615000385,H31,12,150,재단법인 전라남도사회서비스원 순천시 실버주야간보호센터,00,NORMAL SERVICE.,H31,blog.naver.com/silver8995/223117576055,24615000385,지상 주차면 14대 이상으로 충분하고 넓다.,"버스로 오시는길 : 22,52,56,59번 용당동아아파트 하차 후 도보 500m"
24615000419,H31,12,150,더편한데이케어,00,NORMAL SERVICE.,H31,0617523021.ok114.co.kr,24615000419,주차장 2대 주변 무료 주차 가능,"100번,  62번, 77번 등 버스편 다양도심서 제일고 방면 북부교회 입구 건너편, 양우내안에 아파트 진입로 방면, 연합물류 뒷편"
34623000025,I31,12,190,광양희망노인복지센터,00,NORMAL SERVICE.,I31,blog.naver.com/gold2462,34623000025,건물뒷편 주차장이용,"15번: 광양-시청-옥곡-진상-다압-하천리17,17-1번: 광양-옥곡-진상-망덕18번: 광양-옥곡-진상-하동30번: 광양-옥곡-진상-회두(내외)54번: 중마동터미널-광영-옥곡-진상-망덕-하동"
14611000001,M31,12,810,자혜요양원,00,NORMAL SERVICE.,M31,https://old2143.co.kr/,14611000001,◆시설내 주차시설현황-장애인전용주차장 및 일반주차장 11개 완비.,◆ 버스노선 : 목포역 출발 200번- 왕산 3거리 하차 후 도보 5~10분소요◆ 자 가  용 : 광주에서 오실 때 - 목포 지산부대 지나서 왕산 삼거리에서  좌회전 후 300m 지점                   목포에서 오실 때 - 중등포 저수지 지나서 왕산 삼거리에서 우회전 후 300m 지점
14613000009,M31,12,130,마니원(입소),00,NORMAL SERVICE.,M31,http://cafe.daum.net/mani6611,14613000009,승용차 50대 주차 가능대형버스 주차 가능,"버스이용 : 돌산 지역 운행하는 버스(100번,105번, 106번,109번, 111번 (102번 제외)알뜰주유소 하차 후 고인돌 공원 건너편 산길로 오시면 됨(30미터)승용차이용 : 여수로 나가는 방향으로 GS칼텍스 (나드리주유소) 뒤 올라가는 길에달마사  마니원 이정표가 있습니다."
14617000005,M31,12,170,나주시노인요양원,00,NORMAL SERVICE.,M31,http://cafe.daum.net/NajuOldCare,14617000005,원내 주차 가능합니다,"광주에서 나주방면 광신교통160, 나주교통 180, 180-1-5, 나주터미널 경유영산포 삼거리 내림. 택시 기본요금(도보 25분 소요)"
14611000001,M32,12,810,자혜요양원,00,NORMAL SERVICE.,M32,https://old2143.co.kr/,14611000001,◆시설내 주차시설현황-장애인전용주차장 및 일반주차장 11개 완비.,◆ 버스노선 : 목포역 출발 200번- 왕산 3거리 하차 후 도보 5~10분소요◆ 자 가  용 : 광주에서 오실 때 - 목포 지산부대 지나서 왕산 삼거리에서  좌회전 후 300m 지점                   목포에서 오실 때 - 중등포 저수지 지나서 왕산 삼거리에서 우회전 후 300m 지점
14613000122,M32,12,130,소나무노인요양시설,00,NORMAL SERVICE.,M32,http://cafe.daum.net/sonamu623,14613000122,주차가능(4대),"- 버스 이용시 -  윗길 버스이용시 : 장미맨션앞 하차후 아래 골목길로 150m  이동(666,34,,333)  아랫길 버스이용시 : 럭키광무아파트 정류장 하차 후 여수동성공업사길쪽 끝에서 우회전 도보로 7분거리(29,35,7)    ( 동성공업사 뒷길 소방도로로 360m 전방)- 택시이용시 -구 여수 소방도로 아람맨션 뒤쪽https://simg.pstatic.net/onetile/get/149/0/0/14/14538/6990/bl_vc_bg/ol_vc_an"
12917000530,S41,12,300,오손도손요양원,00,NORMAL SERVICE.,S41,https://osondoson.modoo.at/,12917000530,정문 ?대  후문 6대,용봉동 서부어린이공원 맞은편.
14613000008,S41,12,130,밀알노인요양공동생활가정,00,NORMAL SERVICE.,S41,www.miralhome.or.kr,14613000008,차량 (승용차) 10대 이상 주차할 수 있음.,"소라면 죽림저수지 사거리에서 순천방향으로 직진한 후 승용차로 2분거리이며, 시내버스는 섬달천방향 90,92번을 타고,  마륜마을 앞에서 하차하여,  건너편 죽림 저수지쪽에서 바라본  맞은 편 산 아래 건물."
14681000017,S41,12,780,도암 소망의집,00,NORMAL SERVICE.,S41,http://cafe.daum.net.도암소망의집,14681000017,30여평의 넓은 주차공간을 확보하고 있어 이용에 편리합니다.,강진에서 해남방향으로 10분 정도 오시면 도암면 개나리입니다. 거기에서 완도방향으로 5분정도 오시면 도암면 면소재지가 있는데 119소방지구대를 지나 소재지로 들어오시면 도암농협 맞은편 도암교회안에 도암 소망의집이 자리하고 있습니다.
14684000082,S41,12,810,다솜노인요양공동생활가정,00,NORMAL SERVICE.,S41,없음,14684000082,10대 주차 가능,200번 버스 이용 상마리 주유소 하차 후 도보로 10분 거리에 위치함
14684000116,S41,12,810,엄마의봄날 노인요양공동생활가정,00,NORMAL SERVICE.,S41,blog.naver.com/muan9369,14684000116,주차가능,"함평군청 6.5km (자동차8분), 무안군청 14km (자동차 15분), 광주광역시 45km (자동차 40분)."
12611000104,A03,26,110,굿모닝노인요양원,00,NORMAL SERVICE.,A03,https://gms5688.modoo.at,12611000104,건물 내 지하 1층 주차 타워,"버스 :  17,  43, 81,103, 167, 1000(급 행), 1004(급 행) 영주 동 정류장 하차 후 도보로 2분~7분 소요          85, 88A 중부 경찰서 정류장 하차 후 도보로 9분 소요지하철 : 부산 역 1번 출구로 나와서 도보로 7분 소요자가용 : 영주사거리 입구"
12614000008,A03,26,140,안나노인건강센터,00,NORMAL SERVICE.,A03,www.ahnnasscc.kr.,12614000008,20대 주차가능,"자가용 이용시 : 구덕운동장 뒷길( 부경고등학교 - 경성전자정보고등학교 - 남성한빛아파트-구덕문화공원)산길 - 꽃마을 - 일동이네집 옆 오르막길(2분) - 안나노인건강센터 도착지하철 이용시 : 서대신동 3번출구/동대신동8번출구(서대시장방면) - 마을버스 1번탑승 - 종점(꽃마을도착) -  안나노인건강센터 도착버스 이용시 : 15번, 161번, 8번, 67번, 81번, 16번 구덕운동장역하차 - 마을버스 1번탑승 - 종점(꽃마을도착) -  안나노인건강센터 도착 마을버스1번은 꽃마을을 출발하여 꽃마을로 돌아오는 버스기때문에 어느방향이든 버스에탑승하여 종점까지 올라오시면됩니다."
12614000053,A03,26,140,실버웰요양센터,00,NORMAL SERVICE.,A03,http://cafe.daum.net/bssilverwel,12614000053,"내부주차공간 : 28대 (주차 무료)외부주차공간 : 노상공영주차장 1일 주차비 2,500원 정도","1) 자가용:서대신동 로타리→위생병원→자유아파트(협성르네상스 아파트 뒤편)에서 100미터2) 지하철:1호선 서대신동역 3번 출구 협성아파트 108동 사이 도보 약 5분3)시내버스:위생병원(2번,96번,113번) 또는 서대신동 교차로(11번,103번,40번,167번) 하차 자유아파트 쪽 산복도로 도보 약 5분                 서구 마을버스 3번 시설 앞 하차"
12614000068,A03,26,140,송도사랑요양원,00,NORMAL SERVICE.,A03,https://songdosarang.com/,12614000068,"주차장 지하 1층, 2층 약 60대 주차가능","버스 이용시일반 6, 9, 16, 61, 96-1, 134, 161, 171지하철 이용시1호선 자갈치역 1번 출구 이용 16, 61, 161, 171 환승차량 이용시고신대학교복음병원을 지나 첫 좌회전 신호를 받고 다리를 건너 직진 150M 지점"
12617000001,A03,26,170,송원노인전문요양원,00,NORMAL SERVICE.,A03,www.송원노인전문요양원.kr.,12617000001,약 2~30대 주차가능,1. 대중교통 이용시 가. 29번버스 종점 - 동구종합복지관 밑 (송원노인전문요양원) 나. 범내골지하철 하차    1) 5번출구 -마을버스1번 또는 1-1번 -동구종합복지관하차 -복지관 밑(송원노인전문요양원)  2) 7번출구 - 29번버스 - 안창마을종점 - 복지관 밑(송원노인전문요양원)
12617000074,A03,26,170,인창동구노인요양원,00,NORMAL SERVICE.,A03,http://www.inchangsilver.com,12617000074,인창동구노인요양원 내 지하1층,"- 버스노선 : 82번, 139번, 22번, 1000번, 2번- 지하철 : 1호선 초량역 9번 출구- 주소 : 부산광역시 동구 고관로 34 (초량동, 인창동구노인요양원)- TEL : 051) 464-1004- FAX : 051) 464-1006- inchang1242@naver.com"
12620000004,A03,26,200,파랑새노인건강센터,00,NORMAL SERVICE.,A03,www.noinhome.org,12620000004,원내 지하 및 지상 주차시설 있음. 원내 만차시 유료 주차장(봉래산 공영주차장) 이용 가능함.,영도대교 입구(영도방면)에서 9번을 승차하시고 (구)쌍용자동차학원에서 하차롯데백화점 광복점 입구 마을버스 5번을 승차하시고 (구)쌍용자동차학원에서 하차
12617000090,A04,26,170,지혜실버홈,00,NORMAL SERVICE.,A04,blog.naver.com/doyun1115,12617000090,주차공간있음,"지하철:좌천역7번출구→기업은행→좌천파출소→새마을금고와 김안과의원 사이길80m→범일성당 위 →지혜실버홈버스 : 범일동 한성기린아파트 하차(59,67,66,17,61,85,88,103)→CHERISH 가구점 앞신호등→새마을금고와 김안과의원 사이길80m→범일성당 위→지혜실버홈데레사여고 하차(59,67,66,17,61,85,88,103)→세븐일레븐→새마을금고와 김안과의원 사이길80m→범일성당 위→지혜실버홈"
12623000091,A04,26,230,소망노인복지센터,00,NORMAL SERVICE.,A04,http://cafe.daum.net/somang6688,12623000091,주차장 있으나 협소하여 주차하기 어려움,"81번, 33번, 133번 종점(구)에서 사직구장 방향으로 50M사직구장에서 54번, 마을버스 17번 타고 초읍삼거리 에서 하차. 에이블 모터스 카센터 안쪽 골목입구."
12623000281,A04,26,230,새롬노인요양공동생활가정,00,NORMAL SERVICE.,A04,홈페이지없음,12623000281,-태우아파트 옆 개인전용주차장14번 주차가능,"- 버스 88번 ,179번 , 124번 마을 버스 사상6번 개성고등학교 하차후   태우아파트 정문쪽으로 이동 후 초록풀잎 건물 맞은편 임.- 서면 롯데백화점 맞은편  마을 버스 사상6번 이용가능"
12626000106,A04,26,260,성지노인요양원,00,NORMAL SERVICE.,A04,없음,12626000106,주차공간  :  3 대주차가능                  주차장이 협소하여 오시기 전 미리 연락을 주시면 감사하겠습니다.,지하철: 3호선 (사직역)하차 3번출구 -> 사직시장안을지나 유성빌라 지나 사거리에서(우측방향) ->송학빌라 골목 ->요양원도착버  스 : 10-1.12.19.44.50.57.80-1.111-2.120.131.189.189-1.210.1002(심야)        사직동(사직1치안센터)에서 하차하셔서 사직동교회옆 유성빌라를지나 송학빌라 사이 골목 안 위치
12629000165,A04,26,290,참사랑실버홈,00,NORMAL SERVICE.,A04,https://blog.naver.com/changhae_chamsarang,12629000165,장애 1대,지하철 2호선 문현역 4번출구 400m문현여자중학교옆
12632000284,A04,26,320,편안한노인공동요양원,00,NORMAL SERVICE.,A04,blog.naver.com/comfortablecenter,12632000284,완비,"지하철: 숙등역 2번 출구, 남산정역 4번 출구버스: 구포전화국 정류소: 110, 111, 121, 133, 148, 307, 33, 46, 북구2, 북구8-1"
12632000334,A04,26,320,화명은혜공동생활가정,00,NORMAL SERVICE.,A04,https://blog.naver.com/eh230707,12632000334,지하주차장,"부산북구 화명동 지하철2호선 화명역 1번출구버스노선 :126번, 111번. 59,15번"
22611000001,B01,26,110,중구재가노인지원서비스센터,00,NORMAL SERVICE.,B01,http://junggusilver.or.kr,22611000001,- 8대 주차가능- 도로가 가까우니 대중교통을 더 많이 이용해주세요.,"- 지하철 자갈치 역에서 내려서 보수동 책방골목방향 도보로 15분 거리- 버스 8/11/40/41/81/11/103/15/126  보수동 사거리 또는 보수초등학교, 중부산세무소 하차- 보수동 책방골목 내 위치- 택시이용 시 보수 4거리나 중부산세무서 뒷골목 대청동 가는 길을 안내시 이용가능"
22611000100,B01,26,110,우리재가복지센터,00,NORMAL SERVICE.,B01,sites.google.com/view/woorijaega,22611000100,지하 유료 주차장(주차비 부과),"토성역 1번 출구 도보 약 300m 거리15번, 40번, 81번 버스 영락교회 정거장에서 하차 후 약 1분 거리16번, 70번, 123번, 161번, 190번 부산대학병원(토성역) 정거장에서 하차 후 약 300m 거리"
22611000101,B01,26,110,(주)돌보미재가복지센터,00,NORMAL SERVICE.,B01,https://blog.naver.com/dolbomi4512,22611000101,"-기관의 주차시설은 없으나, 기관 옆 건물 사거리주차장(유료)이용가능함.","- <버스> :  8/11/40/41/81/11/103/15/126  보수동 사거리 또는 보수초등학교, 중부산세무소 하차 도보 2분 거리- <지하철> : 자갈치 역에서 내려서 보수동사거리 책방골목입구 방향 도보로 10분 거리- 보수동사거리 스웰커피숍 2층- 택시이용 시 보수사거리 책방골목입구에서 하차"
22611000102,B01,26,110,참벗재가복지센터,00,NORMAL SERVICE.,B01,blog.naver.com/chambut0601,22611000102,"주차시설 없음 ※근처 오르미 공영주차장 : 10분당 100원 / 1일주차 2,400원","[대중교통] 버스 8번, 11번, 96번, 103번, 113번, 126번 / 보수초등학교 정류장 하차 후 도보 2분거리[자차] 도착지 대우빵집으로 입력 후, 2층 참벗재가복지센터 방문"
22611000105,B01,26,110,선한데이케어센터,00,NORMAL SERVICE.,B01,kye7558@hanmail.net,22611000105,주차타워,지하철 1호선 중앙역 7번 출구 도보 500m 이내버스 40. 81. 186. 86  국제시장 또는 백산문화원 하차 도보 200m 이내        그 외 중앙동 하차하는 버스 내리시어 부산 근대 역사관 방향으로 도보 500m이내 거리
22611000106,B01,26,110,스마일재가노인복지센터,00,NORMAL SERVICE.,B01,,22611000106,근처에는 메리놀 병원 주차장이 있으나 주차료가 비싸고 중구청의 주차장을 이용하시기를 당부 드립니다.,"43번 버스와 86번 ,186번 버스의 '거북 맨션'정거장 또는 '메리놀 병원' 정거장에 하차하셔야 합니다."
22611000107,B01,26,110,성부재가노인복지센터,00,NORMAL SERVICE.,B01,없음,22611000107,인근 유료주차장,보수동 청과시장버스 15본 40번 81번
22611000100,B02,26,110,우리재가복지센터,00,NORMAL SERVICE.,B02,sites.google.com/view/woorijaega,22611000100,지하 유료 주차장(주차비 부과),"토성역 1번 출구 도보 약 300m 거리15번, 40번, 81번 버스 영락교회 정거장에서 하차 후 약 1분 거리16번, 70번, 123번, 161번, 190번 부산대학병원(토성역) 정거장에서 하차 후 약 300m 거리"
22611000101,B02,26,110,(주)돌보미재가복지센터,00,NORMAL SERVICE.,B02,https://blog.naver.com/dolbomi4512,22611000101,"-기관의 주차시설은 없으나, 기관 옆 건물 사거리주차장(유료)이용가능함.","- <버스> :  8/11/40/41/81/11/103/15/126  보수동 사거리 또는 보수초등학교, 중부산세무소 하차 도보 2분 거리- <지하철> : 자갈치 역에서 내려서 보수동사거리 책방골목입구 방향 도보로 10분 거리- 보수동사거리 스웰커피숍 2층- 택시이용 시 보수사거리 책방골목입구에서 하차"
22611000102,B02,26,110,참벗재가복지센터,00,NORMAL SERVICE.,B02,blog.naver.com/chambut0601,22611000102,"주차시설 없음 ※근처 오르미 공영주차장 : 10분당 100원 / 1일주차 2,400원","[대중교통] 버스 8번, 11번, 96번, 103번, 113번, 126번 / 보수초등학교 정류장 하차 후 도보 2분거리[자차] 도착지 대우빵집으로 입력 후, 2층 참벗재가복지센터 방문"
22611000105,B02,26,110,선한데이케어센터,00,NORMAL SERVICE.,B02,kye7558@hanmail.net,22611000105,주차타워,지하철 1호선 중앙역 7번 출구 도보 500m 이내버스 40. 81. 186. 86  국제시장 또는 백산문화원 하차 도보 200m 이내        그 외 중앙동 하차하는 버스 내리시어 부산 근대 역사관 방향으로 도보 500m이내 거리
22611000107,B02,26,110,성부재가노인복지센터,00,NORMAL SERVICE.,B02,없음,22611000107,인근 유료주차장,보수동 청과시장버스 15본 40번 81번
22611000109,B02,26,110,한울타리노인복지센터,00,NORMAL SERVICE.,B02,https://www.hanwooltary.com/,22611000109,직원용 주차장만 있음. (타워주차장),"일반버스 : 81번, 40번 이용가능좌석버스 : 58-1번 이용가능보수사거리에 내려서 보수초등학교 사거리쪽으로 올라오시면 됩니다."
22611000111,B02,26,110,신창통합재가복지센터,00,NORMAL SERVICE.,B02,,22611000111,없음.,"-부산 지하철 1호선 중앙역-부산데파트 방향 중앙역, 부산우체국 정거장 5-1,17,26,27,41,59,61,70,82,85,877,88,103,134,171,190,508번-부산역 방향 중앙역, 부산우체국 정거장 17,26,27,40,41,59,61,81,82,85,87,88,103,134,171,190,508번"
22611000001,B03,26,110,중구재가노인지원서비스센터,00,NORMAL SERVICE.,B03,http://junggusilver.or.kr,22611000001,- 8대 주차가능- 도로가 가까우니 대중교통을 더 많이 이용해주세요.,"- 지하철 자갈치 역에서 내려서 보수동 책방골목방향 도보로 15분 거리- 버스 8/11/40/41/81/11/103/15/126  보수동 사거리 또는 보수초등학교, 중부산세무소 하차- 보수동 책방골목 내 위치- 택시이용 시 보수 4거리나 중부산세무서 뒷골목 대청동 가는 길을 안내시 이용가능"
22611000103,B03,26,110,굿모닝주야간보호센터,00,NORMAL SERVICE.,B03,blog.naver.com/gms5688,22611000103,지하 주차장 있음.,"버스   17, 43, 67, 81, 103, 167, 1000(급행), 1004(급행) 영주동 정류장 하차 후 도보 2분~7분 소요              85, 88A 중부경찰서 정류장 하차 후 도보 9분 소요 지하철 부산역 1번출구로 나와서 도보 7분 소요"
22611000105,B03,26,110,선한데이케어센터,00,NORMAL SERVICE.,B03,kye7558@hanmail.net,22611000105,주차타워,지하철 1호선 중앙역 7번 출구 도보 500m 이내버스 40. 81. 186. 86  국제시장 또는 백산문화원 하차 도보 200m 이내        그 외 중앙동 하차하는 버스 내리시어 부산 근대 역사관 방향으로 도보 500m이내 거리
22611000117,B03,26,110,행복한재활주간보호센터,00,NORMAL SERVICE.,B03,,22611000117,기관내 주차가능,"토성역 1번 출구에서 하차 476m 대근하버빌타운아파트 3층 버 스: 15번,126번 부평시장에서 하차, 40번,81번 보수사거리에서 하차 도보 99m이내"
22614000050,B03,26,140,인창서구재가노인복지센터,00,NORMAL SERVICE.,B03,http://blog.naver.com/inchang0906,22614000050,있음.,"1) 지하철: 부산 지하철 1호선 동대신역 1번 출구에서 도보 10분2) 버스: 구덕운동장 정류장 하차(40, 81, 70, 16, 중구1)"
22614000084,B03,26,140,송도노인주간보호센터,00,NORMAL SERVICE.,B03,songdodaycare.com,22614000084,주차 가능,"버스 : 6, 9, 16, 17, 61, 96-1, 134, 161번 버스 이용하여 알로이시오기념병원 하차 후 도보 10분"
22614000093,B03,26,140,서구케어재가노인주간보호센터,00,NORMAL SERVICE.,B03,https://blog.naver.com/seogucare,22614000093,본 건물 입구 6대 주차가능,"부산시 서구 구덕로 249 (2,3,4층) 동대신역 8번출구에서 부민초등학교 방면으로 300M 위치.부민초등학교앞 버스정류장 15,40,70,81,126,121,190 정차"
22653000194,B04,26,530,부산광역시노인건강센터 단기보호,00,NORMAL SERVICE.,B04,http://bsdc.or.kr/,22653000194,30대 주차 가능,"-부산역에서 오실 경우 : 버스 67번 구학초등학교 정류장하차 (소요시간 15분) -사상터미널에서 오실 경우 : 버스 8, 15, 161번 구학초등학교 정류장 하차 (소요시간 15분) -하단방면에서 오실 경우 : 68번 승차 후 엄궁사거리에서 하차하여 67번으로 환승"
22611000111,B05,26,110,신창통합재가복지센터,00,NORMAL SERVICE.,B05,,22611000111,없음.,"-부산 지하철 1호선 중앙역-부산데파트 방향 중앙역, 부산우체국 정거장 5-1,17,26,27,41,59,61,70,82,85,877,88,103,134,171,190,508번-부산역 방향 중앙역, 부산우체국 정거장 17,26,27,40,41,59,61,81,82,85,87,88,103,134,171,190,508번"
22614000098,B05,26,140,더드림재가복지센터,00,NORMAL SERVICE.,B05,blog.naver.com/pusandream,22614000098,주차장 없음. 근처 공영주차장 이용,부산 1호선 토성역 9번출구좌석 1003번 또는 부산대학병원 앞 하차
22623000395,B05,26,230,푸른누리재가복지센터,00,NORMAL SERVICE.,B05,greennuri.modoo.at/,22623000395,인근 유료 공영주차장 이용.,"- 롯데백화점 부산본점에서 내려서 도보이동. / 서면역 11번출구로 나와서 시민공원 방면으로 도보이동.- 버스: 81번, 103번, 88번, 85번, 63번"
22623000405,B05,26,230,편안한실버케어재가센터,00,NORMAL SERVICE.,B05,https://blog.naver.com/human2218,22623000405,주차장이 없어서 근처 골목 주차애야함,지하철 2호선 동의대역 7번출구로 나와서 3분직진후 lg전자 골목으로 300m 직진 버스 개금삼거리역/동의대역 31.33.59.61.62.68.77.108.133.138.168.168-1.186번 버스
22623000417,B05,26,230,정샘간호재가센터,00,NORMAL SERVICE.,B05,blog.naver.com/jungsamcare,22623000417,협성피닉스타운 아파트 상가 주차장 이용(여러대 주차 가능),"167, 169번 버스 --> 협성피닉스타운 하차자차이용시 부산진구 부암동 협성피닉스타운 검색하여 목적지로 설정--> 협성피닉스타운 입구 상가 위쪽에서 두번째 1층"
22623000482,B05,26,230,부산에스엠방문요양간호센터,00,NORMAL SERVICE.,B05,blog.naver.com/smnurse25,22623000482,지하타워 주차장 (단 그랜져까지 타워주차장 들어감),지하철1호선 양정역 1번 출구 도보로 50보
22626000324,B05,26,260,간호돌봄재가복지센터,00,NORMAL SERVICE.,B05,blog.naver.com/ganhodolbom,22626000324,센터 앞 주차 가능석사로주차장 80m,부산지하철 3호선 3번 출구 170m사직1동 행정복지센터 버스 정류소 120m사직역 버스 정류소 250m
22611000108,B06,26,110,신기의료기 중구점,00,NORMAL SERVICE.,B06,https://singymall.kr,22611000108,없음(가게인근 잠시주차),"부산역167,2,67,43,168 하차 영주동도보 1분"
22611000112,B06,26,110,로뎀복지용구,00,NORMAL SERVICE.,B06,,22611000112,,
22611000118,B06,26,110,건강의료기,00,NORMAL SERVICE.,B06,,22611000118,,
22617000196,B06,26,170,건강한의료기,00,NORMAL SERVICE.,B06,,22617000196,,
22617000209,B06,26,170,민영복지용구,00,NORMAL SERVICE.,B06,https://blog.naver.com/minyoungcare,22617000209,기관 앞 잠시 주차가능,"정류장 : 수정2동22,38,86,186 하차 후 도보 5분"
22617000214,B06,26,170,희망복지노인재가센터,00,NORMAL SERVICE.,B06,,22617000214,,
32611000008,C01,26,110,로뎀나무아래요양보호사파견센터,00,NORMAL SERVICE.,C01,없음,32611000008,- 교육원 옆 주차빌딩 이용(유료)- 도로가 혼잡하니 대중교통을 이용바랍니다.,"버스편 : 17, 26, 27, 40, 41, 61, 81, 82, 85, 87, 88, 103, 134, 508, 190 (중앙역, 부산우체국 하차)지하철 : 1호선 중앙역 하차(8번출구)위치    : 지하철 중앙역 8번출구 좌측면 삼창빌딩 3층"
32611000029,C01,26,110,효자효녀노인복지센터,00,NORMAL SERVICE.,C01,http://ink-wrench-353.notion.site/25345d5cf56280c3878ee661173f91b4,32611000029,센터 근처 유료주차장이용바람.(보수주차장),"버스: 8번,11번,96번,103,번113번,135번 보수초등학교 앞 하차.        하차 후 보수초등학교 맞은편 대신동 방향으로 100m 도보 후        길매리의원 옆 성원비니루 2층"
32611000030,C01,26,110,예손은노인복지요양센터,00,NORMAL SERVICE.,C01,.,32611000030,육교옆 오른쪽골목 교회앞 공터.,"지하철 부산역 1번출구 -->중앙동방향으로 약 200m직진 -->영주터널방향으로 우회전하여 약50m 직진 육교 옆 건물 2층 (부산은행 맞은편) 옛날복국집옆건물  <<소요시간 3분>>버스 - 2번, 43번 , 67번, 167번, 1000번, 1001번 --영주동역 하차           (하차시 육교가 보임. 육교바로옆건물 2층)"
32611000040,C01,26,110,행복나눔재가복지센터,00,NORMAL SERVICE.,C01,,32611000040,,
32611000042,C01,26,110,현대종합복지센터,00,NORMAL SERVICE.,C01,,32611000042,,
32611000059,C01,26,110,대현재가노인복지센터,00,NORMAL SERVICE.,C01,http://sal8113@naver.com,32611000059,없음,중구 보수초등학교 뒷길버스편 : 113 . 8. 96. 103
32611000042,C02,26,110,현대종합복지센터,00,NORMAL SERVICE.,C02,,32611000042,,
32611000060,C02,26,110,한울타리재가노인복지센터,00,NORMAL SERVICE.,C02,www.hanwooltary.com/,32611000060,건물 뒷편에 타워주차장이 있습니다. 공간이 협소하여 외부 주차장을 이용하셔야 하는 경우도 있습니다,"[대중교통 이용시]일반버스 : 96, 40, 81, 86 , 126, 135번 이용가능좌석버스 : 58-1번 이용가능보수사거리에서 하차 후 물꽁아구찜 또는 중부산 세무서 방향으로 도보로 5분정도 이동1층 새마을금고를 찾으신다음 한웅베어스 2~3층으로 올라오시면 됩니다."
32611000083,C02,26,110,동행재가노인복지센터,00,NORMAL SERVICE.,C02,,32611000083,,
32614000023,C02,26,140,로드웨이 노인복지센터,00,NORMAL SERVICE.,C02,www.ilordway.co.kr,32614000023,있음,"134, 190번 버스  종점"
32614000031,C02,26,140,세광재가노인복지센터,00,NORMAL SERVICE.,C02,http://cafe.daum.net/sgc9988,32614000031,없음,☞지하철 : 1호선 토성동역 8번 출구  → 차길따라 위쪽으로 직진 - 부산은행을 지나 아미동 파출소 - 좌회전 도로 - 50m만 올라오면 - 감초탕 1층 건물에 위치☞버스1. 남포동에서 134번으로 환승 (아미동 치안센터에서 하차)- 하차 한 그 곳에서 아래로 내려오시면 - 감초탕 1층 건물
32614000057,C02,26,140,자애노인종합복지센터,00,NORMAL SERVICE.,C02,js840623@naver.com,32614000057,없음,"시내버스 - 7번, 9번, 16번, 61번, 171번, 172번"
32611000060,C03,26,110,한울타리재가노인복지센터,00,NORMAL SERVICE.,C03,www.hanwooltary.com/,32611000060,건물 뒷편에 타워주차장이 있습니다. 공간이 협소하여 외부 주차장을 이용하셔야 하는 경우도 있습니다,"[대중교통 이용시]일반버스 : 96, 40, 81, 86 , 126, 135번 이용가능좌석버스 : 58-1번 이용가능보수사거리에서 하차 후 물꽁아구찜 또는 중부산 세무서 방향으로 도보로 5분정도 이동1층 새마을금고를 찾으신다음 한웅베어스 2~3층으로 올라오시면 됩니다."
32614000071,C03,26,140,효송주야간보호센터,00,NORMAL SERVICE.,C03,blog.naver.com/gythdgkrry,32614000071,지상1층에 주차장이 있습니다.,"시내버스 30, 7번(송도초등학교),  6,9,17,134번(송도입구)에서 하차.부산은행 뒤쪽으로 조금만 올라오시면 효송 주야간 보호센터가 있습니다. 3층으로 올라오시면 됩니다."
32614000080,C03,26,140,소은노인주간보호센터,00,NORMAL SERVICE.,C03,blog.naver.com/soeunsilver/222653576685,32614000080,가능,"지하철 1호선 자갈치역 2번 출구→도보 약 621m(도보 약 10분 / 차량 1분)1호선 토성역 9번 출구→도보 약 911m(도보 약 15분 이내 / 차량 2분)버스7번, 9번, 16번, 61번, 171번, 172번"
32617000100,C03,26,170,예사랑노인복지센터,00,NORMAL SERVICE.,C03,카카오단체톡으로 운영합니다,32617000100,1층 주차장을 이용해 주세요,부산역에서 라마다 앙코르 부산역 호텔 방면으로 횡단보도 건넌 후 왼쪽 좌회전 후 직진 .초량역 부산지하철 1호선에서 승차 부산역 하차 4번 출구에서 260m 이동.부산진시장에서 1003번 승차 부산역 하차 도보 270m 이동.
32617000136,C03,26,170,대주 재가복지센터,00,NORMAL SERVICE.,C03,blog.naver.com/daejoo002,32617000136,인근 주차장 이용,"버스 : 17, 22, 26, 27, 40, 41, 59, 61, 66, 67, 81, 82, 85, 88, 101, 103, 134, 167, 1000번 이용하여 Y.M.C.A 정류장 하차지하철 : 부산진역 2번 출구 나와서 부산역 방향으로 210m  메리츠화재 건물 건너편, 금산빌딩 2층 4층에 있습니다."
32617000146,C03,26,170,동구케어 노인주간보호센터,00,NORMAL SERVICE.,C03,blog.naver.com/donggucare?suggestAddBuddy=true,32617000146,완비,"좌천역 8번 출구에서 도보 2분범일역 1번 출구에서 도보 10분버스로 좌천가구거리역 하차 17, 59, 61, 66, 85, 88, 103번"
32611000060,C05,26,110,한울타리재가노인복지센터,00,NORMAL SERVICE.,C05,www.hanwooltary.com/,32611000060,건물 뒷편에 타워주차장이 있습니다. 공간이 협소하여 외부 주차장을 이용하셔야 하는 경우도 있습니다,"[대중교통 이용시]일반버스 : 96, 40, 81, 86 , 126, 135번 이용가능좌석버스 : 58-1번 이용가능보수사거리에서 하차 후 물꽁아구찜 또는 중부산 세무서 방향으로 도보로 5분정도 이동1층 새마을금고를 찾으신다음 한웅베어스 2~3층으로 올라오시면 됩니다."
32617000059,C05,26,170,(주)간호박사종합재가센터,00,NORMAL SERVICE.,C05,없음,32617000059,수정초등학교 공영주차장에서 50m,"지하철 - 1호선 부산진역 하차 - 7번출구에서 왼쪽 시장쪽으로 쭉 도보 7분 (경남여고 정문)버스 - 22,38,86,186 동여 중 하차 (경남여고)"
32620000118,C05,26,200,부산사랑노인복지센터주식회사,00,NORMAL SERVICE.,C05,blog.naver.com/blove7080,32620000118,있음 (화화숯불갈비 쪽으로 뒤로 오시면 뒷편에 주차 가능합니다.),"남포역 6번출구(영도방면)에서 113번, 30번, 8번, 190번, 186번, 88번 타시고 청학주유소 정류장 하차"
32623000150,C05,26,230,사)부산진구노인요양센터부설 행복한재가,00,NORMAL SERVICE.,C05,http://www.medisilver.co.kr/,32623000150,센터 뒷편 전용주차장 구비주차가능대수 : 10대,"버   스 : 31, 33, 59-1, 61, 62, 67, 68, 77, 85, 108-1, 138, 186 ->가야전신전화국에서 하차.지하철 : 2호선 동의대역 8번 출구,             2호선 개금역    2번출구 (가야 컴퓨터 도매상가옆, 가야 홈플러스 맞은편 위치)"
32623000303,C05,26,230,정드림재가복지센터,00,NORMAL SERVICE.,C05,없음,32623000303,상가 건물 내 주차시설 이용 가능,지하철 이용시 [서면역]  8번 출구로 나와 토요코인호텔 (부산 서면) 옆 CU편의점 에서 횡단보도 건너기          -> 사잇길로  직진. 200m 직진후 왼쪽편에 테크노프라자 A동 4층 409호 [전포역] 7번 출구로 338m 버스 이용시 133번 전포사거리 에서 하차. 밑 나무계단으로 내려와서 50m 직진 테크노프라자 A동 409호
32626000218,C05,26,260,새원재가노인복지센터,00,NORMAL SERVICE.,C05,새원간호학원.com,32626000218,본 건물 뒷편에 주차장이 있습니다.,"지하철 : 4호선 명장역 2번 출구 전방버스 : 99, 148, 129-1, 42, 29, 155"
32611000015,C06,26,110,현대의료복지용구센터,00,NORMAL SERVICE.,C06,http://hdmedi.ohpy.com,32611000015,기관 앞 유료주차장 이용,자갈치 지하철 후미역에서 내려 부평동 족발골목입구 사거리 오른편
32611000061,C06,26,110,유창,00,NORMAL SERVICE.,C06,www.유창의료기.com,32611000061,공영주차장 주차가능,지하철1호선 중앙역(17번출구)에서 공영주차장 방면으로 도보5분
32611000097,C06,26,110,조은재가복지센터,00,NORMAL SERVICE.,C06,없음,32611000097,인근 유료주차장 및 중부산세무서무료(1시간),"충무동 방면 : 버스 8번, 11번,96번,103번, 113번 이용대신동 방면 : 버스 8번, 11번,96번,103번, 113번, 126번 이용 보수초등학교 정문 하차 대신동방면으로 200m 올라오면 그린빌 맞은편 2층"
32611000098,C06,26,110,효진재가노인복지센터,00,NORMAL SERVICE.,C06,없음.,32611000098,없음.,<지하철 이용시> 1호선 중앙역 7번 출구에서 도보 390m  <버스 이용시> 중앙역.부산우체국역 또는 중부산경찰서삼거리 하차
32614000036,C06,26,140,동진의료기,00,NORMAL SERVICE.,C06,blog.naver.com/dongjin-2009,32614000036,매장 오른편 1대 주차가능,"버스 :  167,190(동아대병원)하차           8,15,67,161 동아대병원입구 하차 동아대병원쪽으로 도보 1~2분 지하철 : 동대신동 역 하차 동아대병원순환버스 환승"
32614000076,C06,26,140,(주)가온누리종합복지센터,00,NORMAL SERVICE.,C06,없음.,32614000076,인근 사설 주차장 이용,"대중교통  버스-15번, 16번, 40번, 70번, 81번, 96번, 103번, 113번, 123번, 126번, 161번, 190번 이용, 서부교회 정류장 하차  지하철-1호선 동대신역 7번출구 방면자동차  부용사거리에서 구덕운동장 방면으로 330m가량 진행하다 정관장 동대신점에서 우회전"
12638000008,G31,26,380,평화노인요양원,00,NORMAL SERVICE.,G31,www.phnoin.co.kr,12638000008,12대 주차 가능,①부산 지하철 1호선 괴정역 하차 1번 출구로 나오셔서 도로보 약 10분거리임.  괴정자유 3차 아파트 정문 바로 위에 위치함.②부산 지하철 1호선 괴정역 하차 1번 출구로 나오셔서 마을버스2-2번 타시고 자유아파트 후문에서 하차하시면 바로 위치함.
12641000003,G31,26,410,애광노인치매전문요양원,00,NORMAL SERVICE.,G31,http://aekwang.or.kr,12641000003,주차 공간 확보(주차장표시된 곳에 주차),"1. 대중교통 이용시      1) 택시이용시 : 지하철1호선 온천장역에서 택시탑승(기본요금).    2) 버스이용시 : 지하철1호선 온천장역 육교건너 산성버스(203번)정류장 탑승- 광명사입구 하차 - 광명사 경내로 들어와 법당건물왼편 쪽문으로 출입.                             버스(50, 50-1, 80, 80-1, 77, 100, 100-1)이용시 (구)식물원사거리 또는 온천시장 하차하여 산성버스정류장에서 탑승 2. 자가용 이용시 : 온천장 식물원에서 산성방향으로 100m위 왼쪽 대원가스상사와 식당사이 골목길로 좌회전하여 직진-우회전하여 도로끝 일화그린빌라옆-> 애광원내에서 3번 건물"
12653000078,G31,26,530,부산광역시 노인건강센터,00,NORMAL SERVICE.,G31,http://www.bsdc.or.kr/,12653000078,주차 30대 가능,"-부산역에서 오실 경우 : 버스 67번 구학초등학교 정류장하차 (소요시간 15분)-사상터미널에서 오실 경우 : 버스 8, 15, 161번 구학초등학교 정류장 하차 (소요시간 15분)-하단방면에서 오실 경우 : 68번 승차 후 엄궁사거리에서 하차하여 67번으로 환승"
12638000008,G32,26,380,평화노인요양원,00,NORMAL SERVICE.,G32,www.phnoin.co.kr,12638000008,12대 주차 가능,①부산 지하철 1호선 괴정역 하차 1번 출구로 나오셔서 도로보 약 10분거리임.  괴정자유 3차 아파트 정문 바로 위에 위치함.②부산 지하철 1호선 괴정역 하차 1번 출구로 나오셔서 마을버스2-2번 타시고 자유아파트 후문에서 하차하시면 바로 위치함.
12641000003,G32,26,410,애광노인치매전문요양원,00,NORMAL SERVICE.,G32,http://aekwang.or.kr,12641000003,주차 공간 확보(주차장표시된 곳에 주차),"1. 대중교통 이용시      1) 택시이용시 : 지하철1호선 온천장역에서 택시탑승(기본요금).    2) 버스이용시 : 지하철1호선 온천장역 육교건너 산성버스(203번)정류장 탑승- 광명사입구 하차 - 광명사 경내로 들어와 법당건물왼편 쪽문으로 출입.                             버스(50, 50-1, 80, 80-1, 77, 100, 100-1)이용시 (구)식물원사거리 또는 온천시장 하차하여 산성버스정류장에서 탑승 2. 자가용 이용시 : 온천장 식물원에서 산성방향으로 100m위 왼쪽 대원가스상사와 식당사이 골목길로 좌회전하여 직진-우회전하여 도로끝 일화그린빌라옆-> 애광원내에서 3번 건물"
12653000078,G32,26,530,부산광역시 노인건강센터,00,NORMAL SERVICE.,G32,http://www.bsdc.or.kr/,12653000078,주차 30대 가능,"-부산역에서 오실 경우 : 버스 67번 구학초등학교 정류장하차 (소요시간 15분)-사상터미널에서 오실 경우 : 버스 8, 15, 161번 구학초등학교 정류장 하차 (소요시간 15분)-하단방면에서 오실 경우 : 68번 승차 후 엄궁사거리에서 하차하여 67번으로 환승"
12641000003,G33,26,410,애광노인치매전문요양원,00,NORMAL SERVICE.,G33,http://aekwang.or.kr,12641000003,주차 공간 확보(주차장표시된 곳에 주차),"1. 대중교통 이용시      1) 택시이용시 : 지하철1호선 온천장역에서 택시탑승(기본요금).    2) 버스이용시 : 지하철1호선 온천장역 육교건너 산성버스(203번)정류장 탑승- 광명사입구 하차 - 광명사 경내로 들어와 법당건물왼편 쪽문으로 출입.                             버스(50, 50-1, 80, 80-1, 77, 100, 100-1)이용시 (구)식물원사거리 또는 온천시장 하차하여 산성버스정류장에서 탑승 2. 자가용 이용시 : 온천장 식물원에서 산성방향으로 100m위 왼쪽 대원가스상사와 식당사이 골목길로 좌회전하여 직진-우회전하여 도로끝 일화그린빌라옆-> 애광원내에서 3번 건물"
12653000078,G33,26,530,부산광역시 노인건강센터,00,NORMAL SERVICE.,G33,http://www.bsdc.or.kr/,12653000078,주차 30대 가능,"-부산역에서 오실 경우 : 버스 67번 구학초등학교 정류장하차 (소요시간 15분)-사상터미널에서 오실 경우 : 버스 8, 15, 161번 구학초등학교 정류장 하차 (소요시간 15분)-하단방면에서 오실 경우 : 68번 승차 후 엄궁사거리에서 하차하여 67번으로 환승"
12641000003,G34,26,410,애광노인치매전문요양원,00,NORMAL SERVICE.,G34,http://aekwang.or.kr,12641000003,주차 공간 확보(주차장표시된 곳에 주차),"1. 대중교통 이용시      1) 택시이용시 : 지하철1호선 온천장역에서 택시탑승(기본요금).    2) 버스이용시 : 지하철1호선 온천장역 육교건너 산성버스(203번)정류장 탑승- 광명사입구 하차 - 광명사 경내로 들어와 법당건물왼편 쪽문으로 출입.                             버스(50, 50-1, 80, 80-1, 77, 100, 100-1)이용시 (구)식물원사거리 또는 온천시장 하차하여 산성버스정류장에서 탑승 2. 자가용 이용시 : 온천장 식물원에서 산성방향으로 100m위 왼쪽 대원가스상사와 식당사이 골목길로 좌회전하여 직진-우회전하여 도로끝 일화그린빌라옆-> 애광원내에서 3번 건물"
22623000393,H31,26,230,다사랑치매전문주간보호센터,00,NORMAL SERVICE.,H31,www.다사랑시니어.org,22623000393,건물 지하 주차장,"지　하　철▶ 2호선 동의대역 지하철 3번 출구버　　　스▶ 110-1번 (가남시장 정류소 하차)    마 을 버 스▶ 부산진6, 부산진9 (가남시장 정류소 하차)버 스 환 승▶ 31, 59, 61, 186, 67, 68 가야1치안센터 정류장 하차후, 110-1번으로 환승하여 가남시장정류장 하차"
22641000013,H31,26,410,애광재가노인복지기관,00,NORMAL SERVICE.,H31,www.aekwang.or.kr,22641000013,10대 가능,"버스: 100,100-1,77,80,80-1 식물원 사거리에서 하차하여 경보아파트앞 산성버스 정류소에서 산성버스 탑승하여 식물원에서 하차 함. 맞은편 대원가스 골목 300m 산쪽을 향해 올라오면 애광원 입니다. 지하철: 온천장역 하차 하여 택시로 (기본요금)"
22644000055,H31,26,440,공립명지치매전문주야간보호센터,00,NORMAL SERVICE.,H31,http://mjnoin.kr,22644000055,복지관내 주차장 : 27대(장애인1대/대형1대 포함)복지관외 주민자율주차장 :50대이상 주차가능,"버스이용시명지농협 하차 : 강서구 14번(도보 5분)경일고등학교 후문 하자: 3번, 1005번(도보 7분)명지노인종합복지관 하차: 58-2(도보1분)복지관 셔틀버스 2대 운영 중"
22647000264,H31,26,470,부산연제재활 주야간보호센터,00,NORMAL SERVICE.,H31,https://blog.naver.com/bsyjcare,22647000264,건물 내 지하 주차 시설 완비[주차 1시간 무료],"[버스]연동시장 앞 : 49번, 57번, 86번, 87번, 100번, 189-1번[지하철]동래역동해선 2번 출구에서 1.4km연산역 12번 출구에서 1.5km"
22650000151,H31,26,500,(주)케어링 주간보호센터 부산 수영점,00,NORMAL SERVICE.,H31,blog.naver.com/neul1211,22650000151,해저도시 건물과 본 건물 사이 주차시설 있음본 건물을 보는 방향에서 우측에 유료 주차장(민락주차장) 있음,"83-1번, 210번, 41번 민락수변공원 하차후 도보 1분"
22671000148,H31,26,710,"""(기장)효사랑데이케어센터2",00,NORMAL SERVICE.,H31,http://기장효사랑주간보호.com,22671000148,주차시설 안내-1층 장애인 주차장-1층 일반방문객 주차장-지하 장애인주차장-지하 20면 방문객 주차장,"1. 대중교통 이용시- .반송방면 : 지하철 4호선 고촌,안평역 하차.    183번, 188번, 36번 한신아파트 후분에서 하차 후 도보 5분(약400M).-. 해운대방면: 39번, 1003, 139번 교리초등학교앞에서 하차 후 도보.-. 울산방면 : 동부여객 울산~해운대노선 탑승.    기장중학교 하차.183번 188번 탑승 후 교리 주공 하차 도보 10분(약500M).2. 자가용 이용시-. 반송방면 : 한신아파트 후문(기장들어와 첫번째 사거리)에서 좌회전 후 직진. -. 해운대방면 : 대청초등학교서부터 계속 직진. 한신아파트 옆 사거리에서 직진. -. 울산방면 : 메가마트 지나 기장체육관 앞에서 좌회전. 계속 직진 후 세번째 사거리(한신아파트 후문)에서 우회전."
22641000013,H32,26,410,애광재가노인복지기관,00,NORMAL SERVICE.,H32,www.aekwang.or.kr,22641000013,10대 가능,"버스: 100,100-1,77,80,80-1 식물원 사거리에서 하차하여 경보아파트앞 산성버스 정류소에서 산성버스 탑승하여 식물원에서 하차 함. 맞은편 대원가스 골목 300m 산쪽을 향해 올라오면 애광원 입니다. 지하철: 온천장역 하차 하여 택시로 (기본요금)"
32647000158,I31,26,470,(주)부산데이케어 부산주간보호,00,NORMAL SERVICE.,I31,https://blog.naver.com/gfjhtfyijt,32647000158,"건물내 주차타워, 장애인주차장",연산로타리 연산터널 지나서 경상전문대서문앞 버스정류장 경상전문대학 서문앞노선버스번호54번 100-1번 버스
32653000106,I31,26,530,함께노인주간보호센터,00,NORMAL SERVICE.,I31,http://cafe.naver.com/togetherdaycare,32653000106,주차가능 - 일   반: 12대- 장애인: 2대,"지하철 : 2호선 주례역 6번출구일반버스주감초등학교 하차 (추천) : 129-1 , 133 , 169-1 주례1동주민센터 하차 : 31 , 33 , 61 , 62 , 138-1 , 160 , 169 , 186 주례사거리 하차 : 59 , 77 , 108 , 138  마을버스 (추천)주감초등학교 하차 : 사상구2-1  주감초교 하차 : 사상구2 좌석버스 : 1004  (주례1동주민센터 하차)"
32647000158,I32,26,470,(주)부산데이케어 부산주간보호,00,NORMAL SERVICE.,I32,https://blog.naver.com/gfjhtfyijt,32647000158,"건물내 주차타워, 장애인주차장",연산로타리 연산터널 지나서 경상전문대서문앞 버스정류장 경상전문대학 서문앞노선버스번호54번 100-1번 버스
12620000004,M31,26,200,파랑새노인건강센터,00,NORMAL SERVICE.,M31,www.noinhome.org,12620000004,원내 지하 및 지상 주차시설 있음. 원내 만차시 유료 주차장(봉래산 공영주차장) 이용 가능함.,영도대교 입구(영도방면)에서 9번을 승차하시고 (구)쌍용자동차학원에서 하차롯데백화점 광복점 입구 마을버스 5번을 승차하시고 (구)쌍용자동차학원에서 하차
12620000004,M32,26,200,파랑새노인건강센터,00,NORMAL SERVICE.,M32,www.noinhome.org,12620000004,원내 지하 및 지상 주차시설 있음. 원내 만차시 유료 주차장(봉래산 공영주차장) 이용 가능함.,영도대교 입구(영도방면)에서 9번을 승차하시고 (구)쌍용자동차학원에서 하차롯데백화점 광복점 입구 마을버스 5번을 승차하시고 (구)쌍용자동차학원에서 하차
12711000113,A03,27,110,닥터김노인요양센터,00,NORMAL SERVICE.,A03,www.10088.co.kr,12711000113,"-지상 6대, 지하 2대 (장애인 주차장 포함)","버스  : 425, 651 (신천교1 혹은 신천교 2 하차)         지하철 : 1호선 칠성시장역 3번 출구에서 도보 8분 (칠성시장역에서 신천교방향)"
12711000132,A03,27,110,보람요양원,00,NORMAL SERVICE.,A03,없음,12711000132,본요양원 뒷편 주차장 10대 주차가능,"[대구 3호선 남산역 옆 보람요양원] 남산역 버스 정류장 버스 : 509번, 650번, 706번, 805번, 순환2번 남산역 건너편 버스 정류장 버스 : 306번, 509번, 518번, 650번, 706번, 805번, 남구1번, 순환2-1번."
12711000154,A03,27,110,우리요양원,00,NORMAL SERVICE.,A03,https://blog.naver.com/58dododo,12711000154,"우리장기요양센터 앞, 또는 근처 유료주차장에 가능함.","지하철 1호선 칠성시장역 3번 출구에서 644m버스 305번, 403번, 650번, 156번, 북구3번"
12711000189,A03,27,110,청춘요양원,00,NORMAL SERVICE.,A03,2,12711000189,주차장 10대 이상 공간 보유,"칠성시장역 3번 출구에서 710m518, 724, 805, 가창2, 동구1-1, 급행3, 급행5 버스 이용 (중구청앞 하차)중구청에서 도보 3분"
12714000001,A03,27,140,성덕실버타운,00,NORMAL SERVICE.,A03,http://성덕실버타운.kr,12714000001,있음.요양원 건물 앞 두군데 있음,101/101-1중리삼거리 정류장에서 하차도보1키로
12714000003,A03,27,140,붓다의집,00,NORMAL SERVICE.,A03,www.gamchun.com,12714000003,"주차시설 확보 (장애인주차2대, 일반주차20대)","대구공항 앞 401번 승차 -> 갓바위 방향 진정마을 하차소요시간 : 승차 후 20~30여분, 하차 후 도보 5분"
12714000008,A03,27,140,마이홈노인전문요양원,00,NORMAL SERVICE.,A03,http://www.noin-lover.or.kr/myhome/,12714000008,일반주차구역 14대장애인주차구역 2대,"719번, 101번, 101-1번 하차 후 도보 1분 거리 지하철1호선 아양교역 출구 401번환승 대구공항하차 도보5분거리"
12711000079,A04,27,110,남산요양원,00,NORMAL SERVICE.,A04,없슴,12711000079,요양원앞 4대 주차가능,대구도시철도 3호선 남산역시내버스 대명동 계명네거리 통과노선남산4동 주민센터 뒤
12711000091,A04,27,110,문성요양복지센터,00,NORMAL SERVICE.,A04,http://www.msilver.kr,12711000091,"지하 8대, 지상 2대 주차 가능","지하철- 명덕역 5번 출구 건들바위네거리(상아맨션)방향으로 도보50m노선버스- 순환 2번, 402번, 414번, 509번, 400, 704번 400번  명덕역 하차"
12714000265,A04,27,140,팔공어르신요양원 동촌센터,00,NORMAL SERVICE.,A04,http://blog.naver.com/pkw8523,12714000265,"건물 뒷편, 전용 주차장 있음","대구시 동구 동촌로 35지하철 : 동촌역 5분거리버스 : 719, 805, 808, 836, 980, 동구1-1, 동구2, 동구3, 818"
12714000385,A04,27,140,효사랑요양원1,00,NORMAL SERVICE.,A04,밴드활용,12714000385,정욱빌딩 주차장,지하철 1호선 신기역 하차 율하 휴먼시아 7단지 앞 율하 광장쪽에 위치하고 있습니다.
12714000386,A04,27,140,효사랑요양원2,00,NORMAL SERVICE.,A04,밴드활용,12714000386,정욱빌딩 주차장,지하철 1호선 신기역에서 하차 율하휴먼시아 7단지 앞 율하광장 뒷편에 정욱빌딩3층에 위치하고 있습니다.
12714000465,A04,27,140,율하요양원,00,NORMAL SERVICE.,A04,https://band.us/@yulhagana,12714000465,지하주차장 또는 율하7단지 주차장,"대구 동구 안심로 22길 56 느티타워 303호지하철 신기역 3번 출구 , 북구 3번 버스"
22711000002,B01,27,110,삼덕노인복지센터,00,NORMAL SERVICE.,B01,www.samduk-welfare.org,22711000002,삼덕교회60주년 기념관 지하주차장,"○ 버스(정류장명)- 삼덕교회(노인복지센터 앞) : 240,309 - 삼덕성당앞(노인복지센터 건너편) : 240,309,707 (이후 3분거리 200m)- 경북대학교 치과병원 : 206,309,609,649,805,990,991,급행2 (이후 5분거리 378m)- 경대사대부설고등학교앞 :306,309,609,649,707,805,990,991,급행2 (이후 6분거리 350m)- 경북대학교병원건너 : 232-1,306,403,805 (이후 5분거리 336m)- 경북대학교병원앞 : 232,306,403,707,805 (이후 5분거리 388m)○ 지하철 2호선 경대병원역 1번출구 (이후 6분거리 488m)"
22711000005,B01,27,110,어르신마을 노인복지센터,00,NORMAL SERVICE.,B01,www.ershin.net,22711000005,주차타워 이용가능,"주변정류장 ① 경진테크빌 앞 ② 대구역센트럴자이 ③ 대구역(도보10분) ④ 달성공원역(도보10분)버스간선 234, 651, 653 / 1호선, 3호선"
22711000044,B01,27,110,성심노인복지센터,00,NORMAL SERVICE.,B01,www.sungsim.org,22711000044,"인근주차장 제휴 5대 주차가능, 센터앞 2대 주차가능(바로 옆 유료주차장 1시간무료이용가능,)","수성교지나서 반월당방향으로 가다가 경대장례식장 주차장쪽으로 우회전 하상동커피점끼고 우회전 하자마자 첫사거리서 우회전(해방촌식당쪽 우회전)하시면 오른쪽 1층에 있습니다.지하철2호선 경대병원역 4번출구에서 수성교쪽으로  100 m.동부교회뒷편가기전버스는 동부교회나 방천시장(김광석거리)에서 내리시면 됩니다이용가능 버스 309, 403, 609, 649,840."
22711000167,B01,27,110,비지팅엔젤스 대구중구방문요양지점,00,NORMAL SERVICE.,B01,http://visitingangels-dgg.com/,22711000167,방문시 1시간 주차무료,"지하철 이용시 : 2호선 경대병원역 1번출구 도보 2분버스 이용시 : 306, 323, 403, 805번 버스(삼덕동 경북대학교병원앞 정류장)자차 이용시 : 중구 동덕로 115, 진석타워"
22711000168,B01,27,110,우리재가복지센터,00,NORMAL SERVICE.,B01,blog.naver.com/jeseri,22711000168,주차는 길건너 무료주차장 이용,"지하철 2,3호선 청라언덕역 4번 출구에서 남산역 방향 300m 직진버스노선-300, 609, 651, 836  남산초등학교 하차"
22711000170,B01,27,110,9988어르신돌봄센터,00,NORMAL SERVICE.,B01,blog.naver.com/sss6319,22711000170,남산 향수길 공영주차장 3분거리,"지하철1,2호선 반월당역 도보5분거리지하철3호선 명덕역 도보 5분거리버스:동구2번 (남산2동 행정복지센터 하차)"
22711000002,B02,27,110,삼덕노인복지센터,00,NORMAL SERVICE.,B02,www.samduk-welfare.org,22711000002,삼덕교회60주년 기념관 지하주차장,"○ 버스(정류장명)- 삼덕교회(노인복지센터 앞) : 240,309 - 삼덕성당앞(노인복지센터 건너편) : 240,309,707 (이후 3분거리 200m)- 경북대학교 치과병원 : 206,309,609,649,805,990,991,급행2 (이후 5분거리 378m)- 경대사대부설고등학교앞 :306,309,609,649,707,805,990,991,급행2 (이후 6분거리 350m)- 경북대학교병원건너 : 232-1,306,403,805 (이후 5분거리 336m)- 경북대학교병원앞 : 232,306,403,707,805 (이후 5분거리 388m)○ 지하철 2호선 경대병원역 1번출구 (이후 6분거리 488m)"
22711000044,B02,27,110,성심노인복지센터,00,NORMAL SERVICE.,B02,www.sungsim.org,22711000044,"인근주차장 제휴 5대 주차가능, 센터앞 2대 주차가능(바로 옆 유료주차장 1시간무료이용가능,)","수성교지나서 반월당방향으로 가다가 경대장례식장 주차장쪽으로 우회전 하상동커피점끼고 우회전 하자마자 첫사거리서 우회전(해방촌식당쪽 우회전)하시면 오른쪽 1층에 있습니다.지하철2호선 경대병원역 4번출구에서 수성교쪽으로  100 m.동부교회뒷편가기전버스는 동부교회나 방천시장(김광석거리)에서 내리시면 됩니다이용가능 버스 309, 403, 609, 649,840."
22711000167,B02,27,110,비지팅엔젤스 대구중구방문요양지점,00,NORMAL SERVICE.,B02,http://visitingangels-dgg.com/,22711000167,방문시 1시간 주차무료,"지하철 이용시 : 2호선 경대병원역 1번출구 도보 2분버스 이용시 : 306, 323, 403, 805번 버스(삼덕동 경북대학교병원앞 정류장)자차 이용시 : 중구 동덕로 115, 진석타워"
22711000168,B02,27,110,우리재가복지센터,00,NORMAL SERVICE.,B02,blog.naver.com/jeseri,22711000168,주차는 길건너 무료주차장 이용,"지하철 2,3호선 청라언덕역 4번 출구에서 남산역 방향 300m 직진버스노선-300, 609, 651, 836  남산초등학교 하차"
22711000170,B02,27,110,9988어르신돌봄센터,00,NORMAL SERVICE.,B02,blog.naver.com/sss6319,22711000170,남산 향수길 공영주차장 3분거리,"지하철1,2호선 반월당역 도보5분거리지하철3호선 명덕역 도보 5분거리버스:동구2번 (남산2동 행정복지센터 하차)"
22711000172,B02,27,110,K베스트재가복지센터,00,NORMAL SERVICE.,B02,blog.naver.com/yayaya20000,22711000172,인근 시청옆 대형주차장(유료)50대주차가능,중앙로3번출구에서 759M
22711000002,B03,27,110,삼덕노인복지센터,00,NORMAL SERVICE.,B03,www.samduk-welfare.org,22711000002,삼덕교회60주년 기념관 지하주차장,"○ 버스(정류장명)- 삼덕교회(노인복지센터 앞) : 240,309 - 삼덕성당앞(노인복지센터 건너편) : 240,309,707 (이후 3분거리 200m)- 경북대학교 치과병원 : 206,309,609,649,805,990,991,급행2 (이후 5분거리 378m)- 경대사대부설고등학교앞 :306,309,609,649,707,805,990,991,급행2 (이후 6분거리 350m)- 경북대학교병원건너 : 232-1,306,403,805 (이후 5분거리 336m)- 경북대학교병원앞 : 232,306,403,707,805 (이후 5분거리 388m)○ 지하철 2호선 경대병원역 1번출구 (이후 6분거리 488m)"
22711000005,B03,27,110,어르신마을 노인복지센터,00,NORMAL SERVICE.,B03,www.ershin.net,22711000005,주차타워 이용가능,"주변정류장 ① 경진테크빌 앞 ② 대구역센트럴자이 ③ 대구역(도보10분) ④ 달성공원역(도보10분)버스간선 234, 651, 653 / 1호선, 3호선"
22711000159,B03,27,110,청춘재활주간보호센터,00,NORMAL SERVICE.,B03,blog.naver.com/2528383,22711000159,서문시장 앞 동산병원 지상주차장 사용가능,"대중교통(지상철) 3호선 서문시장역 1번출구 하차 → 동산병원 주차장 옆 대학약국 5층(버스) 405 651 990 991 북구2 → 동산의료원2 하차 → 대학약국 5층(버스) 300 405 651 808 836 성서2 급행6 250 606 → 서문시장 하차 → 맞은편 대학약국 5층자가용(동산병원 지상주차장 사용가능)대구광역시 중구 달성로 26, 대학약국 5층 청춘재활주간보호센터"
22711000190,B03,27,110,청춘주간보호센터,00,NORMAL SERVICE.,B03,blog.naver.com/ccb9981,22711000190,주차 안내 - 건물 안 주차 10대 가능,"-지하철1호선 칠성시장역 3번 출구 → 도보 약 12분2호선 경대병원역 4번 출구 → 도보 약 17분-버스 노선별 하차 안내ㅇ정류장: 동인찜갈비골목 앞 (도보 약 5분)노선: 156, 306, 403, 425, 650ㅇ정류장: 동인네거리1 (도보 약 5분)노선: 425, 651ㅇ정류장: 중구청 앞 (도보 약 5분)노선: 518, 724, 805, 가창2, 동구1-1, 급행3, 급행5"
22714000012,B03,27,140,진명해안노인복지센터,00,NORMAL SERVICE.,B03,http://www.hawelfare.or.kr/,22714000012,기관 정문 건너편 소방접근구역(빨간실선) 이외 인근 도로주변 인도근접 주차가능,"■ 버스노선  <방촌치안센터 하차> 618, 719, 805, 808, 836, 980, 동구1, 동구1-1, 동구 2 <백 자 맨 션   하 차>  508, 518, 618, 719, 805, 808, 814, 836, 980, 동구1, 동구 1-1, 동구2 ■ 지 하 철- 지하철 1호선 방촌역 4번 출구 용계역 방향 도보 5분- 지하철 1호선 용계역 1번 출구 방촌역 방향 도보 5분■ 엠스타웨딩 건너편, 동구노인회 뒷편"
22714000014,B03,27,140,진명재가노인복지센터,00,NORMAL SERVICE.,B03,www.hmwelfare.or.kr,22714000014,약 10대 주차공간 있음.,"간선버스 : 413지선버스 : 동구1, 동구1-1(동구시장 앞) 일반버스 : 399, 818"
22729000563,B04,27,290,더편한주간보호센터,00,NORMAL SERVICE.,B04,blog.naver.com/tph8899,22729000563,"건물 지하 1층, 2시간 무료","대구 1호선 송현역 1번 출구에서 도보 4분대구 1호선 월촌역 7번 출구에서 도보 10분버스 600, 649, 650, 726, 836, 달서4, 달성2, 606 송현1동치안센터 건너"
22729000617,B04,27,290,대구 신세계재가노인복지센터,00,NORMAL SERVICE.,B04,blog.naver.com/ssgcare,22729000617,주차가능,"주변 지하철  1호선 대곡역, 진천역주변 버스정류장삼성래미안1차건너 (600, 653, 달서1, 달서4, 달서4-1, 성서1, 성서1-1, 급행7, 급행8)삼성래미안1차앞 (653, 달서1, 달서4, 달서4-1, 급행7, 급행8)유천교(유천치안센터앞) (623, 650, 651, 836, 달서5, 달성2, 성서1, 성서1-1, 606)"
24772000033,B04,27,720,군위군재가노인지원센터,00,NORMAL SERVICE.,B04,없음,24772000033,"* 장애인 3대, 임산부 1대, 전기차 3대, 경차 8대, 민원주차 24대, 일반주차 39, 총 78대 주차가능.",대중교통 : 군위시외버스터미널하차  맞은편 보건소 건물 옆(도보 1분거리). 자가차량 : 중앙고속도로 군위IC진출 군위읍방면 3km 소재지 진입 오른쪽 위치.
22714000605,B05,27,140,손주간호사 재가노인복지센터,00,NORMAL SERVICE.,B05,blog.naver.com/thswnrksghtk777,22714000605,전화주시면 주차 도와 드립니다.,"네비게이션 : 주소 (동구 신암남로 27길 80 )                    동구청 지하철 역 1번 출구 동대구 역 방향 50m GS 25시 편의점까지  직진 후 우회전                   ---> 동보약국 맞은 편입니다 )<버스노선> ▷ 산림조합 중앙회 건너 > 401,101▷ 동대구역 지하도1 > 401,101, 급행1  <지하철노선> ▷1호선 동구청역 1번출구 : 동구청 지하철역1번출구 동대구역방향 50m GS25시편의점 까지 직진 후 우회전--->                                         동보약국 맞은 편입니다 ^^ )"
22714000620,B05,27,140,대구다은재가방문요양간호센터,00,NORMAL SERVICE.,B05,www.대구방문간호kr,22714000620,있음,대현동 농협중앙회 맞은편 신암동 우체국 뒷길버스250.232-1.403.405.413.503.706.708.719.730.802.101.707.309지하철 1호선 칠성시장역 4번 출구에서 파티마병원 방향 400m
22717000349,B05,27,170,대구미림재가방문요양간호센터,00,NORMAL SERVICE.,B05,ok114.co.kr/0535667540,22717000349,"센터앞 가능, 또는 서구치매안심센터 잠시이용","대구광역시 서구 북비산로71길9 북비산네거리 버스이용:204,250,309,521,527,724,750,순환2,순환2-1"
22717000474,B05,27,170,이로운재가복지센터,00,NORMAL SERVICE.,B05,blog.naver.com/eroun4335,22717000474,골목주차,"버스정류장: 한국폴리텍대학건너편232, 320, 356, 402, 726, 순환3"
22720000304,B05,27,200,가가호호재가복지센터,00,NORMAL SERVICE.,B05,https://blog.naver.com/gagahoho3151,22720000304,건물 앞 지정 주차 또는 인근 주택가,위치:영남대학교병원 네거리 인근 주소:대구광역시 남구 중앙대로 32길 62 무학빌딩 201호대중교통:지하철1호선 교대역2번 출구:그대로 나온 후 남쪽으로 500미터 직진-영남대병원 건너 네거리에 에그카페와 우리들연합의원 사이 도로에서                                                     동쪽으로 쭉400미터 정도 내려오면 송나라찜 건너 무학빌딩 2층 201호            :영남대병원역 3번 출구에서 300미터 정도아래 우리들연합의원을 끼고 동쪽으로 쭉400미터 정도 내려오면 송나라찜 건너 무학빌딩 2층 201호
22720000311,B05,27,200,'(A)비지팅엔젤스 대구남구방문요양지점,00,NORMAL SERVICE.,B05,http://visitingangels-dgn.com/,22720000311,대명중앙시장 공영 주차장 이용 가능,1호선 대명역 4번출구에서 도보 5분거리
22714000604,B06,27,140,신광메디칼,00,NORMAL SERVICE.,B06,없음,22714000604,2대가능,자가용 : 동화사 방면 백안삼거리 좌회전 50m 우측방면대중교통 : 1호선 아양교역 2번출구에서 급행1 승차ㅡ> 공산초등학교 하차 도보로 5분                1호선 아양교역 2번출구에서 401 승차 ㅡ> 백안삼거리 하차 도보로 10분
22714000626,B06,27,140,가호메디칼,00,NORMAL SERVICE.,B06,없음,22714000626,주차시설 : 총 1대지상 : 1대,<대중교통 이용시>버스 719 : 안심주공 1단지 건너에서 하차
22714000631,B06,27,140,대경메디칼,00,NORMAL SERVICE.,B06,없음,22714000631,우리마트 3층 주차공간 있음*-,"<대중교통>버스 : 급행5, 518, 808, 동구6   >  LH10단지아파트건너 정류장 하차  > CU편의점쪽으로 돌아서 우리마트 건물 3층"
22714000647,B06,27,140,삼성의료복지용구,00,NORMAL SERVICE.,B06,-,22714000647,- 건물 1층 골목에 주차 가능합니다.,"- 버스 이용 :  동구8, 북구2 / 팔공3차보성타운 건너 하차하여 파계교 방향(드림식자재마트 팔공점 입구)으로 걸어오시면 됩니다."
22714000652,B06,27,140,해와달365복지센터,00,NORMAL SERVICE.,B06,blog.naver.com/sunmoon0365,22714000652,해와달365복지센터 정문 앞 3대 주차가능.,"버스정류장 퀸벨호텔건너 하차 후 도보 4분, 대구1호선 해안역 하차 후 도보 8분."
22714000654,B06,27,140,안테나메디컬,00,NORMAL SERVICE.,B06,https://www.silvercarekorea.com/silver/detail.php?uid=34831,22714000654,매장 앞 주차가능,"1.율하역5번출구로 내린후,신기역 방향으로 200m내려와서 좌측햇님 어린이공원 방향으로 300m내려온후 삼거리에서 우측방향으로 20m내려오면 매장앞 2.버스노선:518,618,651,719 타고,율하역5번출구역으로 내린후,신기역 방향으로 200m내려와서 좌측햇님 어린이공원 방향으로 300m내려온후 삼거리에서 우측방향으로 20m내려오면 매장앞"
32711000016,C01,27,110,"나눔 충,효,예 복지라이프 요양보호사 파견센타",00,NORMAL SERVICE.,C01,,32711000016,남부교회 뒷편주차장 이용가능,지하철 1호선 명덕역 3번출구 100m(남문시장 대구은행 건너편 충효예빌딩 2층)
32711000019,C01,27,110,경북베델 재가장기요양기관,00,NORMAL SERVICE.,C01,https://allianceday.kr/1006113472/?zip=local&td,32711000019,건물뒤 주차시설 -  5층자리,"승용차 - 대구적십자병원 근처(현대백화점 맞은편)             반월당역19번출구 지하철 - 반월당역 19번 출구앞버스 -405,609,840,990,991"
32711000046,C01,27,110,동산홈케어,00,NORMAL SERVICE.,C01,,32711000046,10대,"▶ 지하철: 1번출구 달성공원 방향 (800m 도보 13분)▶ 버스: 달성공원 정류장 하차        300, 414, 939, 427, 836, 808(성당시장), 808(금호-망우공원),         북구2(시청경유), 동구2(신암지하도)지하철: 1번출구 달성공원 방향 (800m 도보 13분)버스: 달성공원 정류장 하차        300, 414, 939, 427, 836, 808(성당시장), 808(금호-망우공원),         북구3(시청경유), 동구2(신암지하도)"
32711000078,C01,27,110,우리장기요양센터,00,NORMAL SERVICE.,C01,https://blog.naver.com/58dododo,32711000078,"우리장기요양센터 앞, 또는 근처 유료주차장","대중교통 : 지하철1호선 칠성시장역 하차후 버스를 환승하실경우                 306번, 403번, 650번, 156번, 980번, 425번 하차하신뒤 길 건너편 찜갈비골목 안쪽, 도보로 3분 대구시 중구 동덕로 38길 21, 1층               ㅇ 지하철 및 버스로 칠성시장역에서 하차시 찜갈비 골목 방향으로 도보로 10분개인 차량 이용 : 대구시 중구 동덕로 38길 21, 1층 우리장기요양센터"
32711000087,C01,27,110,감나무 장기요양센터,00,NORMAL SERVICE.,C01,https://longtermcare.or.kr/npbs/r/a/201,32711000087,"건물내 1층 차고 4대주차 , 건물앞 이면도로 주차유도선 12면 제일여자중학교 주차장 개방 대구초등학교 주차장 개방","버스 : 대구 향교건너  401 , 420          남문시장앞  106 , 202 , 349 , 405 , 414-1 , 503 , 518 , 649 , 650 , 704 , 706 , 805지하철 : 1호선 , 2호선  반월당역 5번 출구"
32711000097,C01,27,110,(주)진명해피케어 중구지점,00,NORMAL SERVICE.,C01,http://www.jmhc.or.kr,32711000097,까치아파트 상가 및 아파트 주차장 이용.,"대명시장 맞은편 까치아파트 상가 107동 지하1호 시내버스 이용시 : 대명시장에서 하차(순환2, 달서2, 650, 706, 805, 836)지하철 2호선 : 지하철 2호선 반고개역 2번출구로 나와 서대구시장앞에서 환승                         대명시장까지 1정거장지하철 3호선 : 지하철 3호선 남산역 2번출구로 나와서 대명시장 건너편 까치아파트 상가                     평화루반점 지하"
32711000016,C02,27,110,"나눔 충,효,예 복지라이프 요양보호사 파견센타",00,NORMAL SERVICE.,C02,,32711000016,남부교회 뒷편주차장 이용가능,지하철 1호선 명덕역 3번출구 100m(남문시장 대구은행 건너편 충효예빌딩 2층)
32711000046,C02,27,110,동산홈케어,00,NORMAL SERVICE.,C02,,32711000046,10대,"▶ 지하철: 1번출구 달성공원 방향 (800m 도보 13분)▶ 버스: 달성공원 정류장 하차        300, 414, 939, 427, 836, 808(성당시장), 808(금호-망우공원),         북구2(시청경유), 동구2(신암지하도)지하철: 1번출구 달성공원 방향 (800m 도보 13분)버스: 달성공원 정류장 하차        300, 414, 939, 427, 836, 808(성당시장), 808(금호-망우공원),         북구3(시청경유), 동구2(신암지하도)"
32711000078,C02,27,110,우리장기요양센터,00,NORMAL SERVICE.,C02,https://blog.naver.com/58dododo,32711000078,"우리장기요양센터 앞, 또는 근처 유료주차장","대중교통 : 지하철1호선 칠성시장역 하차후 버스를 환승하실경우                 306번, 403번, 650번, 156번, 980번, 425번 하차하신뒤 길 건너편 찜갈비골목 안쪽, 도보로 3분 대구시 중구 동덕로 38길 21, 1층               ㅇ 지하철 및 버스로 칠성시장역에서 하차시 찜갈비 골목 방향으로 도보로 10분개인 차량 이용 : 대구시 중구 동덕로 38길 21, 1층 우리장기요양센터"
32711000087,C02,27,110,감나무 장기요양센터,00,NORMAL SERVICE.,C02,https://longtermcare.or.kr/npbs/r/a/201,32711000087,"건물내 1층 차고 4대주차 , 건물앞 이면도로 주차유도선 12면 제일여자중학교 주차장 개방 대구초등학교 주차장 개방","버스 : 대구 향교건너  401 , 420          남문시장앞  106 , 202 , 349 , 405 , 414-1 , 503 , 518 , 649 , 650 , 704 , 706 , 805지하철 : 1호선 , 2호선  반월당역 5번 출구"
32711000105,C02,27,110,동인재가복지센터,00,NORMAL SERVICE.,C02,대구방문요양.닷넷,32711000105,건물뒤쪽 주차시설 완비,"버스이용시동인네거리, 태평상가 건너, 동인치안센터 하차156, 306, 403, 425, 650, 651, 101-1, 401, 524, 618, 708, 980OK마트 건물 3층지하철이용시 칠성시장역 하차 3번 출구"
32711000112,C02,27,110,닥터김노인요양센터,00,NORMAL SERVICE.,C02,www.10088.co.kr,32711000112,-지상 6대 (장애인 주차장 포함),"- 버스 : 425번, 651번, 신천교 하차 - 지하철 : 1호선 칠성시장역 3번 출구에서 도보 8분(칠성시장역에서 신천교 방향)               1호선 신천역 3번출구에서 도보 10분 (신천교방향)- 기차 : 동대구역 하차 후 동대구고속버스터미널건너 정류장에서 425번, 651번 탑승 신천교 하차- 고속버스 : 동대구고속터미널 하차 후 터미널 앞 정류장에서 425번, 651번 탑승 신천교 하차- 차량 : 신천대로 신천교 지하차도 옆길"
32711000078,C03,27,110,우리장기요양센터,00,NORMAL SERVICE.,C03,https://blog.naver.com/58dododo,32711000078,"우리장기요양센터 앞, 또는 근처 유료주차장","대중교통 : 지하철1호선 칠성시장역 하차후 버스를 환승하실경우                 306번, 403번, 650번, 156번, 980번, 425번 하차하신뒤 길 건너편 찜갈비골목 안쪽, 도보로 3분 대구시 중구 동덕로 38길 21, 1층               ㅇ 지하철 및 버스로 칠성시장역에서 하차시 찜갈비 골목 방향으로 도보로 10분개인 차량 이용 : 대구시 중구 동덕로 38길 21, 1층 우리장기요양센터"
32711000112,C03,27,110,닥터김노인요양센터,00,NORMAL SERVICE.,C03,www.10088.co.kr,32711000112,-지상 6대 (장애인 주차장 포함),"- 버스 : 425번, 651번, 신천교 하차 - 지하철 : 1호선 칠성시장역 3번 출구에서 도보 8분(칠성시장역에서 신천교 방향)               1호선 신천역 3번출구에서 도보 10분 (신천교방향)- 기차 : 동대구역 하차 후 동대구고속버스터미널건너 정류장에서 425번, 651번 탑승 신천교 하차- 고속버스 : 동대구고속터미널 하차 후 터미널 앞 정류장에서 425번, 651번 탑승 신천교 하차- 차량 : 신천대로 신천교 지하차도 옆길"
32711000130,C03,27,110,문성주간보호센터,00,NORMAL SERVICE.,C03,www.msilver.kr,32711000130,"지하주자창보유, 지상2대 주차 가능",지하철 1호선 명덕역 5번출구에서 건들바위 방향으로  도보 100M지상철 3호선 명덕역 2번출구 건너 건들바위 방향으로 도보 150M
32711000133,C03,27,110,보람노인복지센터,00,NORMAL SERVICE.,C03,https://cafe.naver.com/boram51,32711000133,보람요양원 뒤편 주차장  10대주차,"대구지상철 3호선 남산역옆 보람요양원(대구광역시 중구 명덕로 125)전화번호:053-257-8001남산역 버스 정류장버스 : 509, 650, 706, 805, 순환2남산역 맞은편 버스정류장(프린스호텔)버스 : 306, 509, 518, 650, 706, 805, 남구1,순환2-1"
32711000142,C03,27,110,화목한재활주야간보호센터,00,NORMAL SERVICE.,C03,blog.naver.com/harmony2538026,32711000142,건물 뒤 주차장 이용,"지하철 이용 시 - 명덕역1호선, 3호선 하차 후 도보3분 (명덕역 계대네거리 방향 200M지점)버스 이용 시  - 명덕초교 앞 (306, 509, 518, 650, 706, 805, 남구1-1, 순환2) - 명덕초교 건너 (306, 509, 518, 650, 706, 805, 남구1, 순환2-1)"
32711000148,C03,27,110,현대복지센터,00,NORMAL SERVICE.,C03,https://blog.naver.com/hdwelfare11,32711000148,남대구정형외과 3층 뒤 주차장을 이용해주시면 됩니다.,"- 찾아오시는 길 지하철를 이용하시는 경우 : 2호선 - 반고개 역, 3호선 - 남산역, 3호선 - 청라언덕 역버스를 이용하시는 경우 : 대명시장 건너(509번, 650번, 706번, 805번, 836번, 달서 4-1번, 순환 2번, 606번)                                                                            대명시장 앞(509번, 650번, 706번, 805번, 836번, 달서 4번, 순환 2-1번)                                      계명대학교 대명캠퍼스 건너(509번, 650번, 706번, 805번, 836번, 달서 4-1번, 순환 2번, 606번)"
32723000554,C04,27,230,한마음주간보호센터,00,NORMAL SERVICE.,C04,blog.naver.com/love1234lee,32723000554,*본건물 지하1층 주차장,"지상철3호선: 팔거역3번출구에서 20M바로앞(칠곡홈플러스 주차장 입구앞)버스: 칠곡1,칠곡2, 칠곡4, 북구1, 706, 730"
32726000058,C04,27,260,엘레오스노인요양센터,00,NORMAL SERVICE.,C04,http://blog.naver.com/el0755,32726000058,15대 주차 가능,지하철 2호선 고산역 4번 출구 의송빌딩 2층
32729000217,C04,27,290,감동노인복지센터,00,NORMAL SERVICE.,C04,,32729000217,,"상인역 4번출구에서-보훈병원방향  버스로 한 코스 상인초등학교앞정류장 하차후 홈플러스, 원할머니보쌈 사이골목 도보 80m"
32714000263,C05,27,140,율하실버케어,00,NORMAL SERVICE.,C05,welfare1588@naver.com,32714000263,주차 50대 가능 (상가 전용주차장),"이마트 반야월점 바로 앞 롯데캐슬아파트 상가 2층지하철 1호선 각산역 4번 출구에서 도보 3분거리버스 518, 808, 814, 818, 동구4-1"
32714000311,C05,27,140,정다운실버센터,00,NORMAL SERVICE.,C05,없음,32714000311,기관앞 노상주차가능,"평화시장 앞156 , 401 , 414-1 , 521 , 618 , 708 , 808 , 937 , 980 ,급행 1 , 동구 3 , 순환 2-1 , 팔공 1 ,"
32714000390,C05,27,140,행운이365노인복지센터,00,NORMAL SERVICE.,C05,blog.naver.com/sunf6838,32714000390,주차시설 건물뒤쪽 6대,방촌시장 건너편 버스정류장 베스킨라빈스 3층719618.동구1동구2 808
32723000391,C05,27,230,호산재가방문간호센터,00,NORMAL SERVICE.,C05,https://blog.naver.com/yugihwa,32723000391,호산실버타운 내 4대,"1. 대구방면에서 칠곡동명 방면 : - 칠곡지하차도에서 400m 직진 - 목련아파트 교차로에서 좌회전하여 400m 직진 - 우회전하여 80m 직진 - 우회전하여 15m 직진 앞 호산실버타운(요양원), 호산재가방문간호센터 1층 사무실2. 칠곡동명에서 대구방면 :- 아시랑네거리에서 우회전하여 480m 직진- 세븐일레븐 사거리에서 좌회전하여 200m 직진- 좌회전하여 15m 직진 앞 호산실버타운(요양원) 1층 사무실"
32723000419,C05,27,230,엘림노인복지센터,00,NORMAL SERVICE.,C05,https://blog.naver.com/elim2022,32723000419,건물 옆 주차,버스 : 300번. 323-1번. 653번. 706번. 836번 장태문카시트 하차
32723000475,C05,27,230,예다함재가요양센터,00,NORMAL SERVICE.,C05,blog.naver.com/ydh010101,32723000475,"건물1층 옆 또는 대현공영주차장, 골목주변에 주차하시면 됩니다.","동대구 신시장 으로  들어오셔서 동대구 신시장 문화공간건물이 있는 골목에 분홍색 건물입니다^^ 노선버스: 동구2, 503, 306, 순환2, 403  ===> 동대구 시장 앞 정류장 하차노선버스: 156, 306, 401, 403, 524, 618, 650, 708, 808, 980, 동구3, 북구2, 팔공1 ===> 농협중앙회앞 정류장 하차지하철1호선: 칠성시장역 4번출구로 나와 칠성교다리 건너서 동대구시장 쪽으로 오시면 됩니다."
32711000024,C06,27,110,신진의료기,00,NORMAL SERVICE.,C06,없음,32711000024,주차시설 없음,"대구시 중구 국채보상로 480 , 4층에 복지용구 전시장이 마련되어 있습니다.대중교통이용시 버스로 오실때 156, 524,939 ,급행1,급행2  섬유회관에서 하차지상철3호선 서문시장역하차하셔서 동산네거리에서 시내방향30m 매장 앞 화물주차구역에 주차하시면됩니다"
32711000028,C06,27,110,이원건강의료기,00,NORMAL SERVICE.,C06,,32711000028,건물뒤편에 4대 주차가능.,"지하철 경대병원역에서 200m거리에 위치함.  (경대병원 응급실 앞)시내버스-305번, 323번, 425번, 805번, 북구2번 경대병원앞 하차."
32711000051,C06,27,110,영남메디칼,00,NORMAL SERVICE.,C06,,32711000051,,
32711000094,C06,27,110,해피데이 헬스케어,00,NORMAL SERVICE.,C06,,32711000094,,
32711000095,C06,27,110,장수메디칼,00,NORMAL SERVICE.,C06,www.jangsumedi.co.kr,32711000095,사무실앞 주차가능,동인네거리에서 신천교방향 닥터김요양원 우측
32711000119,C06,27,110,대구보조기상사,00,NORMAL SERVICE.,C06,,32711000119,대구보조기 건물 뒤쪽에 유료주차장 이용 이용시 주차하시고 주차장 입구에 전화번호로 전화하셔셔 대구보조기에 볼일 보러 오셨다고 하고 주차하시면됩니다.,대구 지하철2호선 경대병원역 4번출구로 내오셔서 경대병원 방향으로 큰길따라 오시면 100m 쯤 오른쪽에 대구보조기 간판이 보입니다.
12723000107,G31,27,230,효성실버타운,00,NORMAL SERVICE.,G31,www.hssilvertown.or.kr,12723000107,-승용차 50대,"대중교통편-버스정류장 도남동(20738) 칠곡5-버스정류장 대구제1,2예비군훈련장앞(22030) 칠곡5, 706-버스정류장 도남10(22019) 순환2, 순환2-1, 순환3, 순환3-1자가용 이용편-국우터널 통과 후 50사단 남문 / 도남동 방면으로 진입 ☞ 200m 직진 ☞  도남동으로 우회전 ☞ 1.5km 지점에서 우회전(해청식품 지난 후 솔밭 사이 길로)-국우터널 통과 후 도남지구우회전  ☞ 도남중앙로 방면 죄회전  ☞ 도남동 방면 계속직진  ☞ 대구국우초등학교 지나서 좌회전  ☞ 우회전"
12729000252,G31,27,290,상록수 실버타운,00,NORMAL SERVICE.,G31,www.slssilver.or.kr,12729000252,*승용차 10대 정도 주차가능,"버스: 시내-보람타운 하차-달서아트센터 방향  500m지점 장성교회 옆 상록수 실버타운지하철 2호선 용산역 하차-계명대성서캠퍼스방향으로 평화타운하차(상기 경로 참조)                      이곡역 하차-시내방향 평화타운 맞으편 버스 정류장 하차(상기 경로 참조)자가 이용시: 성주방향 성서IC에서 내려 달서대로 1차선 진입-150m지점 4거리에서 유턴                     -서울,경남권방향 도로 진입전(150m정도) 우회전(상록수실버타운 이정표 방향으로)                     -직진500m지점 장성교회옆 상록수 실버타운 위치"
12729000621,G31,27,290,대곡가톨릭요양원,00,NORMAL SERVICE.,G31,없음,12729000621,주차가능(6대),"대원주유소(s-oil) 맞은편- 지하철 1호선 진천역 3번출구 1km- 시내버스(649, 306, 달서3)"
12771000086,G31,27,710,대구보훈요양원,00,NORMAL SERVICE.,G31,http://dgcare.bohun.or.kr,12771000086,"대지면적 (6,037평) 으로 자가용 63대 주차가능",대중교통을 이용하실 경우지하철 2호선 문양역 하차 ->하산스무지(종점)행 성서2번 버스이용->요양원입구에서 하차성서2번 운행노선월배차량기지-조암네거리-달서구청-본리네거리-죽전네거리-계명대-강창교-대실역-문양역-봉촌1리-하산스무지자가용으로 오실경우계명대-강창교-대실역-문양-동곡사거리(직진 후 400m지나서)-왜관방향(으로 진출 후 400m지나서)-하빈방향으로 우측진출-안내이정표대로 진입
12771000214,G31,27,710,죽곡골든라이프케어,00,NORMAL SERVICE.,G31,http://jglcare.kr/,12771000214,주차시설 : 총9대지상 : 4대타워 : 5대,"지하철: 다사역 4번 출구에서 288m버스 : 매곡사거리1 하차<간선> 425, 520, 527, 564, 655, 725<지선> 달서1, 성서1, 성서1-1, 성서2, 성서3<급행> 급행1<농어촌> 250"
12723000107,G32,27,230,효성실버타운,00,NORMAL SERVICE.,G32,www.hssilvertown.or.kr,12723000107,-승용차 50대,"대중교통편-버스정류장 도남동(20738) 칠곡5-버스정류장 대구제1,2예비군훈련장앞(22030) 칠곡5, 706-버스정류장 도남10(22019) 순환2, 순환2-1, 순환3, 순환3-1자가용 이용편-국우터널 통과 후 50사단 남문 / 도남동 방면으로 진입 ☞ 200m 직진 ☞  도남동으로 우회전 ☞ 1.5km 지점에서 우회전(해청식품 지난 후 솔밭 사이 길로)-국우터널 통과 후 도남지구우회전  ☞ 도남중앙로 방면 죄회전  ☞ 도남동 방면 계속직진  ☞ 대구국우초등학교 지나서 좌회전  ☞ 우회전"
12729000252,G32,27,290,상록수 실버타운,00,NORMAL SERVICE.,G32,www.slssilver.or.kr,12729000252,*승용차 10대 정도 주차가능,"버스: 시내-보람타운 하차-달서아트센터 방향  500m지점 장성교회 옆 상록수 실버타운지하철 2호선 용산역 하차-계명대성서캠퍼스방향으로 평화타운하차(상기 경로 참조)                      이곡역 하차-시내방향 평화타운 맞으편 버스 정류장 하차(상기 경로 참조)자가 이용시: 성주방향 성서IC에서 내려 달서대로 1차선 진입-150m지점 4거리에서 유턴                     -서울,경남권방향 도로 진입전(150m정도) 우회전(상록수실버타운 이정표 방향으로)                     -직진500m지점 장성교회옆 상록수 실버타운 위치"
12771000086,G32,27,710,대구보훈요양원,00,NORMAL SERVICE.,G32,http://dgcare.bohun.or.kr,12771000086,"대지면적 (6,037평) 으로 자가용 63대 주차가능",대중교통을 이용하실 경우지하철 2호선 문양역 하차 ->하산스무지(종점)행 성서2번 버스이용->요양원입구에서 하차성서2번 운행노선월배차량기지-조암네거리-달서구청-본리네거리-죽전네거리-계명대-강창교-대실역-문양역-봉촌1리-하산스무지자가용으로 오실경우계명대-강창교-대실역-문양-동곡사거리(직진 후 400m지나서)-왜관방향(으로 진출 후 400m지나서)-하빈방향으로 우측진출-안내이정표대로 진입
12723000107,G33,27,230,효성실버타운,00,NORMAL SERVICE.,G33,www.hssilvertown.or.kr,12723000107,-승용차 50대,"대중교통편-버스정류장 도남동(20738) 칠곡5-버스정류장 대구제1,2예비군훈련장앞(22030) 칠곡5, 706-버스정류장 도남10(22019) 순환2, 순환2-1, 순환3, 순환3-1자가용 이용편-국우터널 통과 후 50사단 남문 / 도남동 방면으로 진입 ☞ 200m 직진 ☞  도남동으로 우회전 ☞ 1.5km 지점에서 우회전(해청식품 지난 후 솔밭 사이 길로)-국우터널 통과 후 도남지구우회전  ☞ 도남중앙로 방면 죄회전  ☞ 도남동 방면 계속직진  ☞ 대구국우초등학교 지나서 좌회전  ☞ 우회전"
12729000252,G33,27,290,상록수 실버타운,00,NORMAL SERVICE.,G33,www.slssilver.or.kr,12729000252,*승용차 10대 정도 주차가능,"버스: 시내-보람타운 하차-달서아트센터 방향  500m지점 장성교회 옆 상록수 실버타운지하철 2호선 용산역 하차-계명대성서캠퍼스방향으로 평화타운하차(상기 경로 참조)                      이곡역 하차-시내방향 평화타운 맞으편 버스 정류장 하차(상기 경로 참조)자가 이용시: 성주방향 성서IC에서 내려 달서대로 1차선 진입-150m지점 4거리에서 유턴                     -서울,경남권방향 도로 진입전(150m정도) 우회전(상록수실버타운 이정표 방향으로)                     -직진500m지점 장성교회옆 상록수 실버타운 위치"
22714000367,H31,27,140,동구노인장기요양센터,00,NORMAL SERVICE.,H31,"https://blog.naver.com/dgcare31, http://www.dgcare.or.kr",22714000367,센터 앞 주차구역 및 센터 옆 공영주차장 이용.,"반야월역(국철): 708 . 805 , 808 , 814 , 818 , 836 , 849 , 980 , 동구2 , 55 , 55-1 , 555아양교 :836, 818, 980, 805 지하철 반야월역 1번출구에서 혁신도시로 가는 방향으로 약 600미터 올라와 좌회전 후(초당방추어탕 골목) 200미터 직진하면 오른편에 동구재가노인돌봄센터가 있습니다."
22714000615,H31,27,140,동구공립재가노인복지센터,00,NORMAL SERVICE.,H31,https://blog.naver.com/dgpdcc,22714000615,주차시설: 총 2대 (장애인전용 포함)지상 2대,"<지하철 이용시>▶ 아양교역 2번 출구(1호선)  ※ 101-1번 → 공산파출소 하차 → 파계사 방면으로 도보 2분<버스 이용시>  ※ 101번, 101-1번 → 공산파출소 하차 → 파계사 방면으로 도보 2분"
22714000720,H31,27,140,대구재활주간보호센터,00,NORMAL SERVICE.,H31,없음,22714000720,有,율하역 4번출구에서 864 km/율하광장 입구 바로옆 왼편에 동흥광장빌딩 5층에 위치/율하 7단지 길건너
22714000722,H31,27,140,수성재활주간보호센터,00,NORMAL SERVICE.,H31,https://band.us/n/a4a7b6QbZfL6d,22714000722,- 주간보호센터 주차타워 및 건물 앞 무료주차 가능- 효목공영주차장 유료주차(효목동 467-5),"수성도서관 건너 하차 818, 399, 651, 555, 55, 518, 651,708, 동구1주소: 동구 화랑로105 치매전담기관 2층, 일반주간보호 3층"
22717000415,H31,27,170,(주)케어링 주간보호센터 대구 서구점,00,NORMAL SERVICE.,H31,blog.naver.com/cc_dg01,22717000415,자차 이용 시 본 건물 지하주차장 이용,지하철 2호선 반월당역 승차 -> 청라언덕역 하차 -> 3호선 환승 -> 팔달시장역 하차 -> 도보 2분 거리버스 730번 약령시건너 승차 -> 팔달신시장 하차 -> 도보 4분 거리
22720000148,H31,27,200,효원주간보호센터A,00,NORMAL SERVICE.,H31,http://blog.naver.com/mej7017,22720000148,건물 앞 주차가능,"■ 대구가톨릭대학교병원에서 5분 거리에 위치■ 지하철 - 대명역, 안지랑역, 현충로역 하차 후 도보 10분■ 버스 - 문성병원, 두류공원네거리, 대구가톨릭대학병원 정류장 하차 후 도보 10분"
32714000310,I31,27,140,선정노인복지센터,00,NORMAL SERVICE.,I31,http://www.sjdold.co.kr/,32714000310,롯데리아 뒷편(팔팔상회)으로 오시면 지하주차장이 있습니다. 현재 뒷편 공사 중으로 도로가 협소합니다. 주의해주세요.,율하역 하차.1)율하역 3번 출구로 나오십시오. 2)롯데아울렛 남쪽 방향으로 직진하십시오. 3)율하동우체국이 보이면 왼쪽으로 길을 건너십시오. 4)롯데리아가 1층인 건물을 찾으십시오. 5)롯데리아 건물 5층에 위치하고 있습니다.
32729000350,I31,27,290,늘푸른노인복지센터,00,NORMAL SERVICE.,I31,http://npurun.ad-media.kr/main,32729000350,건물 뒤편과 주차타워,"지하철 - 1호선 월배역 도보로 10분버   스 - 아너스월성앞, 상인자이앞 (306, 623, 달서1)             태왕아너스베스트앞, 월성자이앞 (306, 623, 달서1, 급행6)"
32729000399,I31,27,290,온사랑데이케어센터,00,NORMAL SERVICE.,I31,blog.naver.com/onlove1577,32729000399,1대 가능,"지하철 1호선 성당못역 800m버스 : 금봉네거리2 (00713) 남부초등학교앞2 방면 간선306, 750, 지선 서구1"
12726000275,S41,27,260,드림실버요양복지센터 2관,00,NORMAL SERVICE.,S41,blog.naver.com/kcg8090,12726000275,신흥빌딩 뒷편 별도의 주차공간 있습니다.,"<대구 남구청> - 204, 401, 564 GS대림 주유소 방면으로 오시면 됩니다. <대구 북구청>- 지상철 3호선 : 목련시장 방면으로 오시면 됩니다.<대구 수성구청> - 수성1, 수성1-1, 급행3  :목련시장 방면으로 오시면 됩니다.<대구 동구청>- 401, 814 : GS대림 주유소 방면으로 오시면 됩니다. - 순환3 : 목련시장 방면으로 오시면 됩니다."
12771000221,S41,27,710,가족사랑요양원+,00,NORMAL SERVICE.,S41,http://https://blog.naver.com/familylove9090,12771000221,지하주차장有.,시내버스 600번 623번 653번 대성베르힐 앞 하차
12811000009,A03,28,125,다정노인요양원,00,NORMAL SERVICE.,A03,-,12811000009,지하주차장 (지하1층),"전철 1호선 동인천역 에서 도보로 7분 애관극장 앞  금은빌딩 2,3,4층 ."
12811000029,A03,28,125,예지요양원,00,NORMAL SERVICE.,A03,http://cafe.naver.com/yejihospital7736035,12811000029,"지하 주차장 및 기계식 주자타워 이용 총 56대 주차 가능 (자주식 주차 10대, 기계식 주차 46대)","전철:동인천역 5번 출구 1번 출구로 나온 후 경동사거리 방향으로 100미터 이동버스: 마을버스 506,517,519,521 신포시장 또는 동인천역 하차좌석버스: 105,112,306 신포시장 또는 동인천역 하차일반버스: 2,3,4,6,6-1,10,12,15,16,17-1,21,22,23,24,28-1,41,45,46,62               답동, 동인천역, 배다리 에서 내려서 5분 거리자가용:경인 제1고속도록 이용 ->인천항 종점에서 동인천방면으로 3Km 경인 제2고속도록 이용 ->인천항 종점에서 동인천 방면으로 5Km"
12811000060,A03,28,125,가족같은효성요양원,00,NORMAL SERVICE.,A03,https://blog.naver.com/hyosung3114,12811000060,"지상주차장 - 8대기계식주차장 - 8대공영주차장 - 터미널주차장, 해양광장지하주차장사설주차장 - 남해주차장","자가용 이용하실 경우 : 제2경인고속도로 능해IC → 아암물류단지 방면 이동 후 인천항 국제여객터미널 방면                                     수도권제2순환 고속도로 인천항 방면 종착점 → 인천항 고가교 진입 후 인천항 국제여객터미널 방면                                     제3경인고속화도로 송도IC → 송도3교 진입 센트럴로(路) 이동 후 인천항 국제여객터미널 방면 인근 지하철역 : 인천1호선 송도달빛축제공원역(8.6km, 택시 약 20분 소요)                          1호선 동인천역(6.2km, 택시 약 15분 소요) 인근 버스정류장 : 인천항 국제여객터미널 정류장 (노선버스 12번, 24번) 하차 , 건너편 KCC 페인트 골목에 위치                             라이프아파트 정류장(12번, 16-1번, 23번, 27번 경유) 하차 , 벤츠서비스센터 골목 연안동 성당 방면 직진"
12811000076,A03,28,125,예봄요양원,00,NORMAL SERVICE.,A03,cafe.naver.com/yejihospital7736035,12811000076,- 예봄요양원 1층 주차 7대 가능- 주차 시 2층 또는 6층 안내 데스크로 방문접수 필요,"- 동인천역 2번 출구로 나와서 예봄요양원까지 약 475m 걷기 (약 7분)- 동인천역 19번 출구로 나와 예봄요양원까지 10m 걷기 (약 1분)- 간선 4, 6, 9, 12, 15, 16, 23, 24, 28, 41, 45, 46, 72, 112, 306, 307번 버스 승차 후, 동인천역 정류장에서 하차 예봄요양원까지 약 171m 걷기"
12811000082,A03,28,125,수 요양원,00,NORMAL SERVICE.,A03,http://www.soosilver.co.kr,12811000082,* 정문 - 옥  내(지하주차장) :   37 대가능* 후문 - 옥  외(지상주차장) :    2 대가능,"전   철: 지하철 1호선 동인천역 하차(지하상사로 내려 오셔서 맞은편 국민은행 건물 -> 인현통닭 건물 사이길 진입 -> 동인천 길병원 주차장 맞은편 위치 -> 구, 인형극장 건물)버   스: 동인천방향 1) 간선 : 10, 12, 15, 16, 17, 17-1, 2, 21, 22, 23, 24, 28, 29, 4, 40, 41, 45, 6, 6-1, 62번2) 지선 : 506, 517, 519, 5213) 좌석 : 112, 3064) 급행 : 901자가용 1) 제1경인고속도로 이용시              동인천 IC 또는 도화 IC로 진입후 동인천역 방향          2) 제2경인고속도로 및 외곽순환도로 이용시              제2경인고속도로 진입후  인천항 방향 진입후 동인천역 방향           3) 국도이용시              ㄱ) 배다리 사거리에서 좌회전 후 일방통행 진입              ㄴ) 신포동 사거리에서 우회전 후 일방통행 진입"
12811000083,A03,28,155,한우리요양원,00,NORMAL SERVICE.,A03,cafe.naver.com/hanwoorist,12811000083,15대 이상 주차가능(지하주차장),공항철도 운서역 하차 후 5분거리
12811000052,A04,28,125,섭리노인요양공동생활가정,00,NORMAL SERVICE.,A04,cafe.naver.com/subri0665,12811000052,없음(건물앞 도로변에 주차가능함),"지하철 : 인천역     인천시내버스 :  2번,15번, 23번, 28번, 45번, 10번 동화마을 하차"
12811000081,A04,28,125,늘단비요양원,00,NORMAL SERVICE.,A04,http://blog.naver.com/kissbroodd,12811000081,지하 26대,"숭의역에서 도보 5분 , 인하대 병원 버스편 이용 가능  -인하대병원 맞은편 현대상가 4층"
12814000081,A04,28,125,미래간호요양원,00,NORMAL SERVICE.,A04,http://blog.naver.com/lucklee,12814000081,두손피카디리 빌딩 지하 주차장 이용^^,"※ 주변 지하철역 : 1호선(도원,동인천)※ 주변 버스정류장1. 배다리삼거리(36-006) ┎ 간선 : 2, 3-2, 12, 16, 17, 29, 40, 41, 46, 62, 72┖ 지선 : 5062. 배다리삼거리(36-007)┎ 간선 : 2, 3-2, 10, 12, 16, 17, 29, 40, 41, 46, 62, 72┖ 지선 : 5063. 인천정보산업고등학교(35-183) - 간선 : 10, 15, 21, 22, 283. 인천정보산업고등학교(36-002) - 간선 : 10, 15, 21, 22, 284. 미림극장입구(36-141) - 지선 :5065. 도원동주민센터(36-128) - 간선 25※ 버스1) 배다리 삼거리 하차  : 2, 3-1, 12, 17, 29, 40, 41, 46, 622) 배다리 하차 : 2, 10, 15, 16, 21, 22, 28, 29※마을버스 : 505,507, 509문화사우나 건물 5층, 배다리전통공예거리 사거리에서 고서적거리로 들어와 두손피카디리빌딩 5층에 위치"
12814000082,A04,28,125,미래간호요양원 2호점,00,NORMAL SERVICE.,A04,http://blog.naver.com/lucklee,12814000082,두손피카디리 빌딩 지하 주차장 이용^^,"※ 주변 지하철역 : 1호선(동인천, 도원)※ 주변 버스정류장1. 배다리삼거리(36-006) ┎ 간선 : 2, 3-2, 12, 16, 17, 29, 40, 41, 46, 62, 72┖ 지선 : 5062. 배다리삼거리(36-007)┎ 간선 : 2, 3-2, 10, 12, 16, 17, 29, 40, 41, 46, 62, 72┖ 지선 : 5063. 인천정보산업고등학교(35-183) - 간선 : 10, 15, 21, 22, 283. 인천정보산업고등학교(36-002) - 간선 : 10, 15, 21, 22, 284. 미림극장입구(36-141) - 지선 :5065. 도원동주민센터(36-128) - 간선 25※ 버스1) 배다리 삼거리 하차  : 2, 3-1, 12, 17, 29, 40, 41, 46, 622) 배다리 하차 : 2, 10, 15, 16, 21, 22, 28, 29※마을버스 : 505,507, 509문화사우나 건물 5층, 배다리전통공예거리 사거리에서 고서적거리로 들어와 두손피카디리빌딩 5층에 위치"
12817000229,A04,28,177,노인요양원 행복의집,00,NORMAL SERVICE.,A04,happy60plus,12817000229,2대,"일반버스-14,16,25,36,38(유원아파트하차)마을버스-517,519(유원아파트하차)"
12817000267,A04,28,177,행복드림요양원,00,NORMAL SERVICE.,A04,www.ilovehappy.kr,12817000267,건물뒷편과 건물 옆 공간 주차할 수 있음,"주안역하차-고려예식장앞에서(38번,514번, 10번출구63번,21)- 동양장승기사거리 에서 하차-K2 맞은편  레드페이스 매장 5층(EV6층)(승용차): 주안역에서 동양장사거리방향- 동양장사거리에서 우회전- U턴-100미터  전방 우측"
22811000144,B01,28,125,조이노인복지센터,00,NORMAL SERVICE.,B01,없음,22811000144,없음,지하철 1호선 도원역 도보 10분
22811000145,B01,28,125,편안한노인복지센터,00,NORMAL SERVICE.,B01,https://cozycare.creatorlink.net/,22811000145,주변 공영주차장,수인선 신포역 4번 출구 434m 신포시장버스정류장
22811000160,B01,28,125,행복한노인요양센터,00,NORMAL SERVICE.,B01,없음,22811000160,- 송월시장 공영주차장 이용- 인근 GS편의점 앞 공영주차장- 사무실 앞 (최대 2대),"-지하철역 ① 1호선 동인천역 하차 → 3번 또는 2번출구 버스정류장 → 45,10 번 이용 후 전동교회 하차 → 도보로 직진 (100m)② 1호선 인천역 하차 → 출구 신호건너편 버스정류장 → 45,10 번 이용 후 개항동어울터 하차 → 신호건너 동인천역방향으로 도보 직진(100m)-버스 : 45번,10번,이음11번"
22811000168,B01,28,125,효당노인복지센터,00,NORMAL SERVICE.,B01,없음.,22811000168,신흥시장 큰 도로변 제2 공영 주차장,1.신흥사거리에서 도보 3분2.신흥시장에서 도보 1분3.숭의역 3번출구에서 신광사거리 방향으로 도보 10분 (약 650m)4.4번. 23번.45번등 신흥시장하차후 도보3분거리
22811000169,B01,28,125,동행재가노인복지센터,00,NORMAL SERVICE.,B01,https://blog.naver.com/cjy7784,22811000169,"- 주차시설: 중구청 지하주차장,  인근공용주차장,   개인주차장","- 지하철 이용:  수인분당선: 신포역 3번 출구,   인천지하철 1호선:  인천역 1번 출구,  동인천역 4번 출구- 버스이용  정류장명: 인천중구청 앞  일반노선: 15. 28.  인천e음 11"
22811000172,B01,28,125,365효재가복지센터2호점,00,NORMAL SERVICE.,B01,https://band.us/n/aca6AcR7keu59,22811000172,인천역 코아루 오피스텔 주차,"전철 이용 안내 : 1호선 국철 인천역 하차 후 인천 코아루 오피스텔 버스 이용 안내 : 2번, 45번, 15번자차 이용시 : 1호선 인천역 앞 코아루 오피스주차장"
22811000144,B02,28,125,조이노인복지센터,00,NORMAL SERVICE.,B02,없음,22811000144,없음,지하철 1호선 도원역 도보 10분
22811000145,B02,28,125,편안한노인복지센터,00,NORMAL SERVICE.,B02,https://cozycare.creatorlink.net/,22811000145,주변 공영주차장,수인선 신포역 4번 출구 434m 신포시장버스정류장
22811000160,B02,28,125,행복한노인요양센터,00,NORMAL SERVICE.,B02,없음,22811000160,- 송월시장 공영주차장 이용- 인근 GS편의점 앞 공영주차장- 사무실 앞 (최대 2대),"-지하철역 ① 1호선 동인천역 하차 → 3번 또는 2번출구 버스정류장 → 45,10 번 이용 후 전동교회 하차 → 도보로 직진 (100m)② 1호선 인천역 하차 → 출구 신호건너편 버스정류장 → 45,10 번 이용 후 개항동어울터 하차 → 신호건너 동인천역방향으로 도보 직진(100m)-버스 : 45번,10번,이음11번"
22811000168,B02,28,125,효당노인복지센터,00,NORMAL SERVICE.,B02,없음.,22811000168,신흥시장 큰 도로변 제2 공영 주차장,1.신흥사거리에서 도보 3분2.신흥시장에서 도보 1분3.숭의역 3번출구에서 신광사거리 방향으로 도보 10분 (약 650m)4.4번. 23번.45번등 신흥시장하차후 도보3분거리
22811000169,B02,28,125,동행재가노인복지센터,00,NORMAL SERVICE.,B02,https://blog.naver.com/cjy7784,22811000169,"- 주차시설: 중구청 지하주차장,  인근공용주차장,   개인주차장","- 지하철 이용:  수인분당선: 신포역 3번 출구,   인천지하철 1호선:  인천역 1번 출구,  동인천역 4번 출구- 버스이용  정류장명: 인천중구청 앞  일반노선: 15. 28.  인천e음 11"
22811000172,B02,28,125,365효재가복지센터2호점,00,NORMAL SERVICE.,B02,https://band.us/n/aca6AcR7keu59,22811000172,인천역 코아루 오피스텔 주차,"전철 이용 안내 : 1호선 국철 인천역 하차 후 인천 코아루 오피스텔 버스 이용 안내 : 2번, 45번, 15번자차 이용시 : 1호선 인천역 앞 코아루 오피스주차장"
22811000136,B03,28,125,인천중구구립치매전담형주간보호센터(건강마실터),00,NORMAL SERVICE.,B03,www.sarangche.org,22811000136,"중구보건소 지하 1,2층","전철(국철 동인천역 하차 후 중구보건소 도보 5분-4층 건강마실터)버스(4, 6-1, 16, 22, 23, 24, 45, 46, 112 동인천역 하차 후 중구보건소 도보 5분-4층 건강마실터)"
22811000147,B03,28,125,수노인복지센터,00,NORMAL SERVICE.,B03,http://www.soosilvercare.com,22811000147,* 정문 - 옥 내(지하주차장) : 37 대가능* 후문 - 옥 외(지상주차장) : 5 대가능,"전 철: 지하철 1호선 동인천역 하차(지하상가 통로에서 3,4번 출구 농협 쪽 길 -> 인형통닭삼계탕 건물 사이길 진입 -> 동인천 길한방병원 주차장 맞은편 위치 -> 구, 인형극장 건물)버 스: 동인천방향 1) 간선 : 10, 12, 15, 16, 17, 17-1, 2, 21, 22, 23, 24, 28, 29, 4, 40, 41, 45, 6, 6-1, 62번2) 지선 : 506, 517, 519, 5213) 좌석 : 112, 3064) 급행 : 901자가용 1) 제1경인고속도로 이용시 동인천 IC 또는 도화 IC로 진입후 동인천역 방향2) 제2경인고속도로 및 외곽순환도로 이용시 제2경인고속도로 진입후 인천항 방향 진입후 동인천역 방향 3) 국도이용시 ㄱ) 배다리 사거리에서 좌회전 후 일방통행 진입 ㄴ) 신포동 사거리에서 우회전 후 일방통행 진입"
22811000150,B03,28,155,희망나무노인주야간보호센터,00,NORMAL SERVICE.,B03,blog.naver.com/ims7114,22811000150,주차 12대 가능(장애인 1대),영종역 - 중구 3번 버스  - 긴마루교회 앞 하차.센터 입구에는 아담한 카페가 있습니다.
22811000153,B03,28,125,중부노인주야간보호센터,00,NORMAL SERVICE.,B03,http://www.중부요양원.kr/,22811000153,시설 내 전용 주차장,도로명: 인천광역시 중구 자유공원로 37 지층지번: 인천광역시 중구 내동 1-15지하철 1호선 동인천역에서 도보 10분거리버스로 동인천역 정류장에서 하차하여 도보로 10분거리
22811000166,B03,28,155,큰사랑주간보호센터,00,NORMAL SERVICE.,B03,www.큰사랑주간보호센터.com,22811000166,주차장 완비(건물 뒷편에 주차장 입구 있습니다),203 운서2차sk 뷰 스카이시티 정류장 하차 후 도보 1분 206 운서2차sk 뷰 스카이시티 정류장 하차 후 도보 1분 221 운서2차sk 뷰 스카이시티 정류장 하차 후 도보 1분
22811000178,B03,28,155,영종스마일주간보호센터(방문요양),00,NORMAL SERVICE.,B03,http://xn--s39a14xwncj4fl1bu1i41crwcy4ad26c0um.kr/,22811000178,지하 1~2층,[206번 버스 이용시] 운서역 하자 → 206번 승차(6개 정류장 이동) → 푸르지오더스카이 하차 후 도보 122m[203번 버스 이용시] 운서역 하자 → 203번 승차(11개 정류장 이동) → 푸르지오더스카이 하차 후 도보 122m
22820000930,B04,28,200,만수글라라의집단기보호,00,NORMAL SERVICE.,B04,만수글라라의집  밴드,22820000930,지하주차장,"인천2호선 남동구청역 4번 출구 도보 5분버스 62,103-1,27,33,532, 535"
22820001032,B04,28,200,서창단기보호,00,NORMAL SERVICE.,B04,https://blog.naver.com/seochangcarehome/223131343691,22820001032,건물 뒤쪽으로 6대를 주차하실수있는 주차공간이 마련되어있습니다.,[대중교통이용시]인천광역시 남동구 매소홀로 1090 3층/ 인천 2호선 운연역에서 5번 15번 타고 신일교회 하차 좌측으로 350M 도보 삼거리에서 좌측 로젠택배 우측 구룡이화빌딩 건물 3층입니다.
22824500511,B04,28,245,계양다사랑단기보호센터,00,NORMAL SERVICE.,B04,https://dasarang2014@naver.com,22824500511,"대상빌딩옆주차장,  건물뒷편 공영주차장, 부근 현대아파트길 (08:00~19:00가능)","계양다사랑요양원주소: 인천광역시 계양구 계산로 148(계산동) 대상빌딩 4층계양 다사랑 요양원주소: 인천광역시 계양구 계산로 148(계산동) 대상빌딩 4층 교통편- 지하철:인천지하철 1호선, 경인교대역 2,3번 출구 2번 3번 출구 사이길 직진, 도보로 7분 소요-버스:30,80,81,588번 승차 후, 경인교대역에 하차(2번 3번 출구 사이길 직진, 도보로 7분 소요)팩스) 032-552-8274"
22824500594,B04,28,245,계양다사랑단기보호센터,00,NORMAL SERVICE.,B04,http://www.계양다사랑요양원.kr,22824500594,"대상빌딩 옆 주차장 , 건물뒷편 공영주차장 , 부근 현대아파트길 (08:00~19:00가능)","계양다사랑 단기보호센터 : 인천광역시 계양구 계산로148(계산동)대상빌딩 4층교통편-지하철 : 인천지하철1호선 경인교대역2번,3번출구 사이길 직진 도보로7분 소요           버  스 : 30,80,81,588번 승차 후 경인교대역 하차 (2번,3번 출구 사이길 직진, 도보7분 소요)전   화 : 032-555-8274"
22826000817,B04,28,290,그레이스힐단기보호센터,00,NORMAL SERVICE.,B04,없음,22826000817,지상 주차장 있음,"버스 841 검단초등학교 하차/버스 76, 17-1 대주아파트 하차"
22811000231,B05,28,125,마음다은 방문간호센터,00,NORMAL SERVICE.,B05,https://m.blog.naver.com/daum_touch_365,22811000231,"센터 앞 주차1대, 근처 교회와 공용주차장 이용 가능함.","도원역 1번 출구에서 동인천 방향 공영주차장 근처(인천 중구 도원로 56번길 17-20, 1층 마음다은 방문간호센터)"
22817700493,B05,28,177,인천통합복지 사회적협동조합,00,NORMAL SERVICE.,B05,totalcare.or.kr,22817700493,건물 주차장 있음,"버스 : 신동아아파트 버스정류소 하차 (516번, 518번, 520번, 58번, 65번, 65-1번, 81번)"
22817700505,B05,28,177,예사랑재가노인복지센터,00,NORMAL SERVICE.,B05,cafe.naver.com/yessarang,22817700505,건물 옆 1대 주차가능,"일반버스: 58번, 65번, 65-1번, 81번 버스 신동아 3차 아파트 정류장 하차 후 도보 7분, 82번 버스 문학고개 정류장 하차 후 도보 4분마을버스 : 515번 버스 문학초등학교 정류장 하차 후 도보 4분"
22817700510,B05,28,177,부모사랑요양센터,00,NORMAL SERVICE.,B05,없음,22817700510,사무실 앞 2대,"▣ 승용차 이용  -   제물포여자중학교와 주안8동 행정주민센터 사이골목에서 직진 왼쪽 대경빌딩1층▣  대중교통 이용  - 22번, 27번, 36번, 63번, 514-1번 신라아파트하차 후 제물포여자중학교쪽으로 도보 290m"
22817700560,B05,28,177,조은재가복지센터,00,NORMAL SERVICE.,B05,http:wlq0928@nate.com,22817700560,센터부근 주차,시민공원역 2번출구 도보 700M석바위시장역 도보 800M
22817700610,B05,28,177,이음실버케어센터,00,NORMAL SERVICE.,B05,http://xn--hk3bi0gkqbl4ehsc3g569bcie.kr/index.php,22817700610,인천시 미추홀구 미추홀대로 697번길22 롯데하이텔 주차장 네비게이션 검색 후 롯데하이텔 지하 1층 또는 지하3층에 주차 (지하2층은 아파트 전용),"경인지하철 : 1호선 주안역 9번, 10번 출구에서 구.시민회관 방향 약 5분, 주안감리교회 옆 롯데하이텔 4층 인천지하철 : 2호선 시민공원역 1번 출구에서 시민공원을 지나 약 2분 주안감리교회 옆 롯데하이텔 4층 인천시내버스 간선 : 2, 4, 5-1, 8, 8A, 10, 13, 15, 21, 22, 23, 28-1, 33, 38, 55, 58, 62, 63, 65, 65-1, 63, 81번 이용  시민공원역, 구.시민회관사거리 하차인천시내버스 지선 : 511, 514-1, 515, 515-1, 516, 518, 인천e음 31번 이용 시민공원역, 구.시민회관사거리 하차"
22811000160,B06,28,125,행복한노인요양센터,00,NORMAL SERVICE.,B06,없음,22811000160,- 송월시장 공영주차장 이용- 인근 GS편의점 앞 공영주차장- 사무실 앞 (최대 2대),"-지하철역 ① 1호선 동인천역 하차 → 3번 또는 2번출구 버스정류장 → 45,10 번 이용 후 전동교회 하차 → 도보로 직진 (100m)② 1호선 인천역 하차 → 출구 신호건너편 버스정류장 → 45,10 번 이용 후 개항동어울터 하차 → 신호건너 동인천역방향으로 도보 직진(100m)-버스 : 45번,10번,이음11번"
22811000173,B06,28,155,장수메디케어,00,NORMAL SERVICE.,B06,https://m.blog.naver.com/jangsoo8888,22811000173,주차가능 2대,"자가이용시 화랑목로70-4 네비게이션 검색후 도착가능 버스이용가능한 번호  205,206,222,223"
22811000208,B06,28,125,편안한복지용구,00,NORMAL SERVICE.,B06,,22811000208,,
22817700561,B06,28,177,신기의료기(인천점),00,NORMAL SERVICE.,B06,https://www.singy9988mall.kr/,22817700561,인근 용현1.4동 행정복지센터 앞 주차라인 주차가능,"주소인천 미추홀구 인주대로194버스 이용 시독쟁이고개(용현3동행정복지센터방면, 보훈병원방면)28-1, 36, 38, 45"
22817700570,B06,28,177,희망재가센터,00,NORMAL SERVICE.,B06,bnkim100@hanmail.net,22817700570,주차완비,인천 미추홀구 독배로 403번길 15. 1층(용현동) TEL: 032-882-3468FAX: 032-882-3469H.P: 010-5704-3468        010-3760-6118
22817700613,B06,28,177,보훈복지용구,00,NORMAL SERVICE.,B06,http://choitulip1104@naver.com,22817700613,건물뒤편주차시설 있음,용현상1분거리
32811000001,C01,28,155,중앙재가장기요양기관,00,NORMAL SERVICE.,C01,http://blog.naver.com/nanagoo,32811000001,- 별도 주차시설은 없음- 골목주차 가능,"주소 : 인천시 중구 참외전로 53-1, 1층 (송월동1가 1-19)- 10, 23, 45번 버스 (전동교회 정류장)- 동인천역 도보 10분"
32811000006,C01,28,125,다온재활복지요양센터,00,NORMAL SERVICE.,C01,없음,32811000006,*사무실 옆에 공동유료 주차장 이용가능 *사무실  앞 인천기독병원  유료 주차장 이용가능,1호선 지하철-동인천 역하차-인천기독병원 방향원인재역-숭의역(4번출구)환승-동인천역하차-기독병원방향원인재역 승차-신포동 주민센타 환승 동인천역하차-기독병원 방향원인재역 승차-인천역 환승 동인천역 하차-기독병원방향
32811000010,C01,28,125,동인천방문요양센터,00,NORMAL SERVICE.,C01,http://cafe.daum.net/grandcare,32811000010,주차를 쉽게할수 있고 신신 웨딩홀 앞 주차장이 있습니다.,동인천 역에서 도보로 5분입니다. 기독방향으로 오시면 길병원 뒤 용동칼국수 거리에 있습니다. 신신컨벤션웨딩홀 근처에 있습니다. 문의 전화는 032-763-9996입니다. 010-7637-9996                                                 010-7638-9996으로 전화주시길 바랍니다.
32811000011,C01,28,125,해피실버케어,00,NORMAL SERVICE.,C01,www.happy-silver.co.kr,32811000011,1대,동인천역 하차 중구 보건소 뒷길
32811000025,C01,28,125,하늘사랑 노인복지센터,00,NORMAL SERVICE.,C01,없음,32811000025,"인근 공영주차장,  동인천주민센터주차장,   홍예문너머 공영주차장 있습니다",동인천역에서 자유공원가는 방향으로(축현학생문화회관방향으로)올라오시다가  삼치거리가 나옵니다 그 사거리에서 오른쪽으로 30미터 오시다가 왼쪽 주차장방향으로 들어오십니다 골목안으로 들어오시다가 옹진장학관이 있습니다 그 뒤편에 골목끝까지 (계단앞)와서 왼쪽으로 두번째 이층집으면 오시면 됩니다 (하늘사랑노인복지센터)(청수아파트 건너편)
32811000041,C01,28,125,굿모닝재가노인복지센터,00,NORMAL SERVICE.,C01,인천광역시 중구 답동로 30번길 /  (지번)경동187-14(우)23320  굿모닝재가노인복지센,32811000041,본 건물에 주차공간은 별도로 없으며 이면도로 주차 가능합니다.,동인천에서 도보 10분거리 ㅇ 동인천역~동인천길병원~예지요양병원사거리~기독병원 동관 앞(기독병원 장례식장 맞은편)
32811000001,C02,28,155,중앙재가장기요양기관,00,NORMAL SERVICE.,C02,http://blog.naver.com/nanagoo,32811000001,- 별도 주차시설은 없음- 골목주차 가능,"주소 : 인천시 중구 참외전로 53-1, 1층 (송월동1가 1-19)- 10, 23, 45번 버스 (전동교회 정류장)- 동인천역 도보 10분"
32811000010,C02,28,125,동인천방문요양센터,00,NORMAL SERVICE.,C02,http://cafe.daum.net/grandcare,32811000010,주차를 쉽게할수 있고 신신 웨딩홀 앞 주차장이 있습니다.,동인천 역에서 도보로 5분입니다. 기독방향으로 오시면 길병원 뒤 용동칼국수 거리에 있습니다. 신신컨벤션웨딩홀 근처에 있습니다. 문의 전화는 032-763-9996입니다. 010-7637-9996                                                 010-7638-9996으로 전화주시길 바랍니다.
32811000011,C02,28,125,해피실버케어,00,NORMAL SERVICE.,C02,www.happy-silver.co.kr,32811000011,1대,동인천역 하차 중구 보건소 뒷길
32811000041,C02,28,125,굿모닝재가노인복지센터,00,NORMAL SERVICE.,C02,인천광역시 중구 답동로 30번길 /  (지번)경동187-14(우)23320  굿모닝재가노인복지센,32811000041,본 건물에 주차공간은 별도로 없으며 이면도로 주차 가능합니다.,동인천에서 도보 10분거리 ㅇ 동인천역~동인천길병원~예지요양병원사거리~기독병원 동관 앞(기독병원 장례식장 맞은편)
32811000050,C02,28,155,큰사랑 재가장기요양센터,00,NORMAL SERVICE.,C02,https://band.us/band/4338673,32811000050,"지하 1,지하2 주차장 주차 가능",인천 중구 흰바위로 244  엘림프라자 6층 교통편: 운서2차SKVIEWT스카이시티아파트 (정류장)206번 203번
32811000065,C02,28,125,송월동노인복지센터,00,NORMAL SERVICE.,C02,없음,32811000065,전용주차장 없음 (센터 인근 주차가능),"1호선 인천역 도보10분 거리/ 시내버스 45, 23, 15, 2, 28번 송월시장 하차"
32811000104,C03,28,125,제물포구 주간보호센터,00,NORMAL SERVICE.,C03,blog.naver.com/1icdaycare,32811000104,신협 건물 주차장,"-동인천역에서 도보로 10분 이내 거리-신포역에서 7분 이내 거리-버스 송도중학교 정류장 112,12,16,4,45,517,519,521) 하차 후 길 건너 답동 신협 4층"
32811000133,C03,28,125,중부주야간보호센터,00,NORMAL SERVICE.,C03,blog.naver.com/jungbu1806,32811000133,덕원빌딩 지하 주차장,"수인선 신포역 5번출구 도보로 8분1호선 동인천역 2번 출구 도보로 15분버스 : 4,7,9,12,16,23,24,28,45,72,112,307 신포시장 하차 도보로 3분"
32811000137,C03,28,155,영종장수노인주야간보호센터,00,NORMAL SERVICE.,C03,blog.naver.com/k12j25,32811000137,"건물앞쪽, 뒤쪽 넓은 주차장이 있음",영종역에서 걸어서 800m허브주유소 근처
32814000085,C03,28,125,(주)솔숲노인복지센터,00,NORMAL SERVICE.,C03,blog.naver.com/senior8868,32814000085,"지하1층, 지하2층 주차장이 있습니다.도원역에는 공영주차장도 있습니다.","주소 : 인천 동구 송림로 24 두손피카디리빌딩 803호- 전철이용시 : 동인천역 4번 출구, 북광장으로 진입후 보도로 10분 - 버스이용시 : 2,12, 506번버스 배다리삼거리 하차후 보도로 4분배다리 삼거리 헌 책방골목에서 유일하게 높은 빌딩이 두손피카디리빌딩입니다.8층에 전망좋은 넓은 창이 있는 곳입니다.따스한 햇살을 온몸으로 받기를 좋아하시는 어르신께서 창가에 옹기종기 모여 커피를 마시며 전경을 감상하는 곳입니다.동인천역에서 도보로 5분거리입니다."
32814000097,C03,28,125,주식회사동구종합재가센터,00,NORMAL SERVICE.,C03,https://blog.naver.com/groupkim0,32814000097,신협 건물 지상 1층건물 뒤편 지하 1층맞은편 공영 주차가능,"제공서비스 -방문요양, 방문목욕, 주야간보호찾아오시는 길주식회사 동구종합재가센터주   소 - 인천 동구 송림로 78, 신협 6층전화 번호 032-766-8881   팩스:032-766-8821교통편시내버스 506번, 510번, 13번, 6번, 15번, 63번, 21번시외버스 72번, 70번, 306번지하철 1호선 도원역 하차 송림오거리 배다리방면 (중부신협6층)"
32817000276,C03,28,177,인천남부노인복지센터,00,NORMAL SERVICE.,C03,http://blog.naver.com/incheon-nambu/222462314001,32817000276,주차장 12대,"[주안역1호선] 지선 511(주안역환승정류장) → 용남치안센터 정류장 하차 [인하대역1번출구] 지선 511(인하대역4번출구) → 용남치안센터 정류장 하차 주소: 인천광역시 미추홀구 인하로 177, 1-2층 (주안동, 범흥빌딩) - [제운사거리, 인천남부소방서 앞, 옛 동서우유 자리]032-715-6090010-5777-4429"
32823700285,C04,28,237,늘사랑전문요양원 부설 단기보호,00,NORMAL SERVICE.,C04,,32823700285,주차가능,"버스편)24-1, 9300, 9800, 79, 565, 579차량운행) 상동지하차도사거리 인천 부천영상문화단지 방면으로 좌측방향 ->삼산경찰서|부평역사박물관 방면으로 우회전"
32811000011,C05,28,125,해피실버케어,00,NORMAL SERVICE.,C05,www.happy-silver.co.kr,32811000011,1대,동인천역 하차 중구 보건소 뒷길
32811000142,C05,28,125,효노인복지센터,00,NORMAL SERVICE.,C05,,32811000142,,
32814000085,C05,28,125,(주)솔숲노인복지센터,00,NORMAL SERVICE.,C05,blog.naver.com/senior8868,32814000085,"지하1층, 지하2층 주차장이 있습니다.도원역에는 공영주차장도 있습니다.","주소 : 인천 동구 송림로 24 두손피카디리빌딩 803호- 전철이용시 : 동인천역 4번 출구, 북광장으로 진입후 보도로 10분 - 버스이용시 : 2,12, 506번버스 배다리삼거리 하차후 보도로 4분배다리 삼거리 헌 책방골목에서 유일하게 높은 빌딩이 두손피카디리빌딩입니다.8층에 전망좋은 넓은 창이 있는 곳입니다.따스한 햇살을 온몸으로 받기를 좋아하시는 어르신께서 창가에 옹기종기 모여 커피를 마시며 전경을 감상하는 곳입니다.동인천역에서 도보로 5분거리입니다."
32814000094,C05,28,125,실로암통합재가센터,00,NORMAL SERVICE.,C05,없음,32814000094,송림파인앤유 주상복합아파트 상가동 지하주차장,"인천광역시 동구 송림로162번길 10, 2층 219호(송림동,파인앤유) (버스) 12번,24번, 72번, 306번"
32817000205,C05,28,177,행복나눔방문요양센터,00,NORMAL SERVICE.,C05,,32817000205,사무실 앞 무료주차,"제물포역 북광장 박문로타리 방향으로 도보 5분버스:2. 10, 13, 14. 16. 21, 46. 62, 510"
32814000008,C06,28,125,인천재가노인복지센터,00,NORMAL SERVICE.,C06,없음,32814000008,본 건물 1층  앞 주차 가능하며 출입이 용이합니다.▶ 안내사항:   - 방문 전 전화 주시면 위치 안내  도와드립니다.문의전화:  ☎ 032-766-8881,"☞ 찾아오시는길 교통편 안내 ▶  버스이용:● 전동교회 정류장 하자 →도보 약 3분거리 ● 인근정류장: 동구선거관리위원회  화도고개 정류장 ● 동구 보건소에서 약 도보 5~7분▶전철 이용시: 동인천역 하차  도보 10분▶자가용  이용시 ; 네비게이션: 동구 석수로 33  입력 →동구보건소 (석수로 90) 방향으로 오시면 찾기 쉽습니다건물 1층에 위치해 있어 바로 확인가능 합니다주소: 인천광역시 동구 석수로 33, 1층"
32814000086,C06,28,125,주식회사 솔숲,00,NORMAL SERVICE.,C06,http://solsup.kr/,32814000086,주차가능,"주소 : 인천 동구 솔빛로 21, 105(송현동,솔빛마을상가C동)- 전철이용시 : 동인천역 4번 출구, 북광장으로 진입후 보도로 5분 - 버스이용시 : 12, 72, 82, 506번 버스 미림극장 맞은편 하차후 5분거리"
32817000045,C06,28,177,웰러스코리아,00,NORMAL SERVICE.,C06,http://blog.naver.com/welluskorea,32817000045,건물 뒤쪽에 주차장이 있습니다.,"인천 미추홀구 아암대로 29번길 86, 2층- 태영빌딩 2층입니다인근 버스는 36번 14번 등이 있고 구 터미널, 용현동 유원아파트 반대쪽에 있습니다"
32817000112,C06,28,177,하이케어,00,NORMAL SERVICE.,C06,www.mdplus.co.kr,32817000112,1층: 10대,"●시내버스 : 3, 4, 8번 학익2동 사무소하차                 ●마을버스 :  516번 518번 인천구치소정문 하차(주안역 출발)TEL.  032)866-6116  032)866-6226  FAX. 032)875-8866"
32817000204,C06,28,177,100세시대,00,NORMAL SERVICE.,C06,.,32817000204,100세시대 앞 대로변 1시간 1열 무료주차 가능합니다.(오전9시부터 5시까지),"남인천 우체국,KT 건너편 축산농협옆입니다.  (석바위시장 아래쪽 입구)"
12820000018,G31,28,200,만수요양원,00,NORMAL SERVICE.,G31,http://www.mansucare.net,12820000018,장애인 주차시설 및  6여대 이상 가능,"[대중교통]지하철 인천지하철 2호선 남동구청역 4번출구1호선 송내남부역 1번출구 103번 (남동구청 하차)1호선 동암남부역 1번 출구536번 (장승배기 시장하차)버스536번 (장승배기 시장 하차)909번, 9100번 (만성중학교 하차)103번, 790번 (남동구청 하차)[자동차]제2경인고속도로서창JC에서 부천방향 직진 → 장수고가 밑 장승백이 사거리 좌회전→시청, 남동구청방향 직진 → 동부교육청 → 남동구청사거리에서 유턴 → 만수교회 지나 우회전경인고속도로가좌IC에서 시청 → 길병원 → 삼환아파트 → 만수교회 지나서 우회전"
12820000411,G31,28,200,글라라의집,00,NORMAL SERVICE.,G31,없음,12820000411,B1~B4 지하주차장있음.,"버스 : 16-1 , 32, 112, 51-2, 537, 905 (인천논현역앞)지하철 : 인천 논현역 1번출구"
12820000925,G31,28,200,인천광역시립요양원,00,NORMAL SERVICE.,G31,www.cin.co.kr,12820000925,"＊총:32대장애인주차:2대, 일반주차:27대, 경차주차:3대","＊대중교통 이용시-버스 이용시 : 남촌농산물도매시장 채소동앞 하차 도보 648m(5번, 33번, 514-1번, 537번), 도림주공 208동 하차 도보 528m(6-1번, 16-1번, 27번 38번)-지하철 이용시 : 인천지하철 2호선(모래내시장역 또는 남동구청역하차), 수인선(인천논현역하차)"
12823700532,G31,28,237,사랑의요양원3호점,00,NORMAL SERVICE.,G31,blog.naver.com/lc222,12823700532,"-기계식 주차타워 구비 (총 29대 주차가능, SUV 차량도 주차 가능)-주변 주차 가능",- 부평역 12번출구 도보 10분거리- 부평역 근방 대중교통 이용 편리
12823700684,G31,28,237,사랑의 요양원,00,NORMAL SERVICE.,G31,blog.naver.com/lovecare222,12823700684,"지하 1,2층 주차장 총 52대 (자주식 12대, 주차타워 40대)",인천 지하철 1호선 부평시장역 1번 출구 도보 800m~1km
12820000018,G32,28,200,만수요양원,00,NORMAL SERVICE.,G32,http://www.mansucare.net,12820000018,장애인 주차시설 및  6여대 이상 가능,"[대중교통]지하철 인천지하철 2호선 남동구청역 4번출구1호선 송내남부역 1번출구 103번 (남동구청 하차)1호선 동암남부역 1번 출구536번 (장승배기 시장하차)버스536번 (장승배기 시장 하차)909번, 9100번 (만성중학교 하차)103번, 790번 (남동구청 하차)[자동차]제2경인고속도로서창JC에서 부천방향 직진 → 장수고가 밑 장승백이 사거리 좌회전→시청, 남동구청방향 직진 → 동부교육청 → 남동구청사거리에서 유턴 → 만수교회 지나 우회전경인고속도로가좌IC에서 시청 → 길병원 → 삼환아파트 → 만수교회 지나서 우회전"
12820000925,G32,28,200,인천광역시립요양원,00,NORMAL SERVICE.,G32,www.cin.co.kr,12820000925,"＊총:32대장애인주차:2대, 일반주차:27대, 경차주차:3대","＊대중교통 이용시-버스 이용시 : 남촌농산물도매시장 채소동앞 하차 도보 648m(5번, 33번, 514-1번, 537번), 도림주공 208동 하차 도보 528m(6-1번, 16-1번, 27번 38번)-지하철 이용시 : 인천지하철 2호선(모래내시장역 또는 남동구청역하차), 수인선(인천논현역하차)"
12823700532,G32,28,237,사랑의요양원3호점,00,NORMAL SERVICE.,G32,blog.naver.com/lc222,12823700532,"-기계식 주차타워 구비 (총 29대 주차가능, SUV 차량도 주차 가능)-주변 주차 가능",- 부평역 12번출구 도보 10분거리- 부평역 근방 대중교통 이용 편리
12826000565,G32,28,275,두드림요양원,00,NORMAL SERVICE.,G32,www.dodrim.com,12826000565,건물 뒷편 전용 주차장 주차 6대 가능,"인천시 서구 심곡로 78 도시빌딩1, 2,4,5층 (인천시 국제성모병원 앞)버스 : 1, 66, 903, 592, 595, 42-2지하철 : 인천 지하철 2호선 서구청역 하차후 2번 출구자가용 : 인천 서구 농협사거리에서 국제성모병원 방향 100m 전"
12826000668,G32,28,275,시온휴요양원,00,NORMAL SERVICE.,G32,http://www.sionhu.com/,12826000668,"지상 주차장3대 지하1층, 지하2층 주차장 20대",인천지하철2호선 서구청역 3번 출구에서 롯데리아 스타벅스 방향 100미터인천42-2버스 인천지하철2호선 서구청역3번출구 정류장에서 100미터 옛한전건물 1층 푸라닭치킨 건물 2층-7층1.13.66번 시온빌딩(토지공사로 버스안내방송) 앞 정류장 하차
12826000668,G33,28,275,시온휴요양원,00,NORMAL SERVICE.,G33,http://www.sionhu.com/,12826000668,"지상 주차장3대 지하1층, 지하2층 주차장 20대",인천지하철2호선 서구청역 3번 출구에서 롯데리아 스타벅스 방향 100미터인천42-2버스 인천지하철2호선 서구청역3번출구 정류장에서 100미터 옛한전건물 1층 푸라닭치킨 건물 2층-7층1.13.66번 시온빌딩(토지공사로 버스안내방송) 앞 정류장 하차
12826000668,G34,28,275,시온휴요양원,00,NORMAL SERVICE.,G34,http://www.sionhu.com/,12826000668,"지상 주차장3대 지하1층, 지하2층 주차장 20대",인천지하철2호선 서구청역 3번 출구에서 롯데리아 스타벅스 방향 100미터인천42-2버스 인천지하철2호선 서구청역3번출구 정류장에서 100미터 옛한전건물 1층 푸라닭치킨 건물 2층-7층1.13.66번 시온빌딩(토지공사로 버스안내방송) 앞 정류장 하차
22811000136,H31,28,125,인천중구구립치매전담형주간보호센터(건강마실터),00,NORMAL SERVICE.,H31,www.sarangche.org,22811000136,"중구보건소 지하 1,2층","전철(국철 동인천역 하차 후 중구보건소 도보 5분-4층 건강마실터)버스(4, 6-1, 16, 22, 23, 24, 45, 46, 112 동인천역 하차 후 중구보건소 도보 5분-4층 건강마실터)"
22814000104,H31,28,125,동구구립치매전담형주간보호센터,00,NORMAL SERVICE.,H31,www.donggusilver.or.kr,22814000104,자동차 총 56대 [일반 52대/ 장애인 4대],"306,307 [자동차매매단지 하차 도보 5분]510, 동구-1, 동구-2 [인천의료원 하차 도보 3분]7,12,13,24 [인천의료원 하차 도보 12분]22,28,72,112 [산업단지 사거리 하차 도보 13분]"
22817700573,H31,28,177,미추홀구 구립 치매전담형 주간보호센터 미추홀돌봄의집,00,NORMAL SERVICE.,H31,www.dolbom.or.kr,22817700573,"건물 내 지하주차장 (일반 주차  12곳 , 장애인 주차구역 1곳)  <--- 건물 내 다양한 기관 차량이 주차 되어 있어 다소 복잡한 편임.","제물포역 1번 출구     장안사거리 방면                  (간선) 4, 23, 33, 72 하차 후 도보 5분거리                               숭의2동 행정복지센터 방면   (지선) 517, 519      하차 후 도후 3분거리"
22817700654,H31,28,177,건강재활주간보호센터,00,NORMAL SERVICE.,H31,blog.naver.com/health3650,22817700654,건물 지하 주차장 사용 가능(약 20대 가량 주차 가능),"신동아아파트3차아파트 정류장 하차 후 약 100미터 내외버스: 4번, 5번, 46번, 111-2번, 515번, 9200번위치: 학익 문학 지하차도, 신동아 아파트 건너편"
22818500214,H31,28,185,연수구립 치매전담형 주간보호센터-은빛사랑방,00,NORMAL SERVICE.,H31,https://www.yeonsusliver.or.kr,22818500214,건물 주차장 이용 가능,"지하철 이용 : 인천1호선 문학경기장역 1번출구(도보 5분)버스 이용 : 6, 6-1, 523, 523-1, 304, 63, 780-2(박태환 수영장 하차)"
22817700573,H32,28,177,미추홀구 구립 치매전담형 주간보호센터 미추홀돌봄의집,00,NORMAL SERVICE.,H32,www.dolbom.or.kr,22817700573,"건물 내 지하주차장 (일반 주차  12곳 , 장애인 주차구역 1곳)  <--- 건물 내 다양한 기관 차량이 주차 되어 있어 다소 복잡한 편임.","제물포역 1번 출구     장안사거리 방면                  (간선) 4, 23, 33, 72 하차 후 도보 5분거리                               숭의2동 행정복지센터 방면   (지선) 517, 519      하차 후 도후 3분거리"
22823700653,H32,28,237,부평구 구립 치매전담형 주간보호센터 행복의집,00,NORMAL SERVICE.,H32,http://www.happy-house.or.kr/,22823700653,지하주차장,부평시장역 1번 출구 부평4동 행정복지센터  5층
22826000366,H32,28,290,기억너머주야간보호센터,00,NORMAL SERVICE.,H32,blog.naver.com/overmemory3129,22826000366,15대 이상 주차 가능..,자가차량으로 센터 방문하는 방법1. 김포 장기동에서 센터올때 - 새솔학교(경기 김포시 장기동 188-11) 검색 - 이후 뉴고려병원 인근에서    센터주소: 인천시 서구 도곡로 198 검색(구주소 서구 대곡동 91-24) / 전화번호: 032-567-3129 2. 검단에서 올 때 - 인천 서구 삼라마이다스아파트(인천 서구 검단로 653) 검색 - 이후 서구 도곡로 198 검색(구주소 서구 대곡동 91-24)
22826000510,H32,28,275,인천참사랑병원 부설 햇살데이케어센터,00,NORMAL SERVICE.,H32,www.clhcare.co.kr,22826000510,지하주차장 있음,"버스 이용시 - 1번, 903번, 12번, 103번, 904-1번, 42번(신현쇼핑 하차)지하철 이용 시 - 가정중앙시장역(부역명 인천참사랑병원) 1번출구(에스컬레이터) 도보1분                         가정중앙시장역 2번 출구(계단) 도보1분"
22817700573,H33,28,177,미추홀구 구립 치매전담형 주간보호센터 미추홀돌봄의집,00,NORMAL SERVICE.,H33,www.dolbom.or.kr,22817700573,"건물 내 지하주차장 (일반 주차  12곳 , 장애인 주차구역 1곳)  <--- 건물 내 다양한 기관 차량이 주차 되어 있어 다소 복잡한 편임.","제물포역 1번 출구     장안사거리 방면                  (간선) 4, 23, 33, 72 하차 후 도보 5분거리                               숭의2동 행정복지센터 방면   (지선) 517, 519      하차 후 도후 3분거리"
32818500140,I31,28,185,엄마손실버케어 치매전담센터,00,NORMAL SERVICE.,I31,blog.naver.com/chung_1201,32818500140,연수역 공영주차시설 이용,-지하철-수인선 연수역 3번출구-버스-지선523번 좌석 780번-자가용이용시-인천광역시 연수구 연수1동 568-14
12820000581,S41,28,200,천사의집2호,00,NORMAL SERVICE.,S41,https://www.longtermcare.or.kr/,12820000581,건물 뒷편에 주차장 확보됨,"버스 11, 22, 33, 34, 36, 42, 45, 82, 111-2, 700-1마을버스 532, 532A, 532B, 534, 536, 537, 566인천지하철 2호선 석천사거리역 4번 출구 도보"
13011000004,A03,30,110,금성노인요양원,00,NORMAL SERVICE.,A03,http://www.true.or.kr/yoyang/yoyang01_03.php?true=yoyang01,13011000004,원외 주차장이 완비되어 30여대의 차량을 주차하실수 있습니다.,"자가운전 시 :   남대전I.C에서 금산방면으로 약 3분가량오시다가 상소동 방면 우회전 진입 후 (구)대전-금산간 국도로 내려오시면 됩니다.  현대오일 뱅크(고향주유소)앞에서 좌회전하신면 재단내 운영중인 보광노인전문병원, 금성노인요양원이 위치하고 있습니다. 대중교통 이용시 : 대전역 앞에서 시내버스 501번(소요시간 30분), '상소동노인전문병원' 정류장에서 하차하시면 됩니다. 기타문의 : 042-274-4700 / 010-7223-4701"
13011000009,A03,30,110,임마누엘실버홈,00,NORMAL SERVICE.,A03,www.sunwoowelfare.or.kr,13011000009,@ 일반주차가능 (35대) / 장애인전용주차(2대),"@대중교통    시내버스 : 대전역(514번,618번) - 가오동(은어송마을 6단지 앞 하차)    도시철도 : 판암역(종점 하차) - 임마누엘실버홈 (도보 10분)@대전역 - 원동네거리 - 인동네거리 좌회전(옥천방향) - 판암네거리 우회전(가오동방향)              - 가오고등학교 좌회전 - 가오초등학교 앞 - 임마누엘실버홈"
13011000015,A03,30,110,대전노인요양원,00,NORMAL SERVICE.,A03,http://www.sunwoowelfare.or.kr,13011000015,원내외 전용주차장 30여대 주차가능,"☞시내버스 이용시 : 가오동 은어송마을@ 3단지 후문 514, 618, 608                              가오주공아파트 511, 512                              판암동[판암역] 603, 607, 611, 618, 619, 313☞도시철도 이용시 : 판암역 1번 출구(금산방향 도보 10분소요)☞고속도로 이용시 : 판암IC(금산방향 5분소요), 남대전IC(가오동방향 10분소요)"
13011000048,A03,30,110,온누리노인요양원,00,NORMAL SERVICE.,A03,onnuriwelfare.kr,13011000048,요양원 건물 앞에 전용 주차장이 설비가 되어 있습니다.,"운전면허시험장 정류장 (외선) 31,33,52(B),108,511-1,2 501,512,513,514,620 안대별 정류장 (외선) 52 / 배차간격 2시간"
13011000150,A03,30,110,산내노인종합센터,00,NORMAL SERVICE.,A03,http://www.true.or.kr/sannae/sannae01.php?true=sannae01,13011000150,옥외 주차 4대 가능,"대중교통: 108, 501, 511, 512, 513, 514, 620, 30, 33, 52번 버스 이용 후 산내초등학교 앞 하차.                하차 후 놀부분식 골목(석천들아파트 상가 방향)으로 도보 약 5분 거리. 자 가  용: (고속도로이용시) 남대전 I.C. - 석천들마을아파트 후문(107동)에서 약 60m               (대전도로이용시) 산내초등학교 앞 석천들아파트 상가 방향으로 약 200m"
13011000184,A03,30,110,해드림실버요양원,00,NORMAL SERVICE.,A03,http://hedrim.com/,13011000184,"예시티빌딩 지하 1층, 2층에 지하주차장 완비","지하철 판암역 하차후 버스 514번,512번,608번,618번 승차 가오홈플러스 하차버스 노선 512, 514, 618, 608"
13011000195,A03,30,110,플래티늄,00,NORMAL SERVICE.,A03,http://platinum-tgj.co.kr/,13011000195,23대,"대전지하철 1호선 판암 4번출구에서 150M버스 판암지구대 하차 (313, 603, 607, 611, 618, 619) 버스 판암동 성당 하차 (603, 612)"
13011000120,A04,30,110,예스시니어,00,NORMAL SERVICE.,A04,없음,13011000120,시설 마당에 3대 주차 가능함.,"지하철 : 1호선 판암역 3번 출구에서 판암신한 미리내 APT방향으로 도보로 5분버   스 : 60, 62, 63, 313, 514, 604, 606, 607, 612판암동 4거리에서 인디안매장 주차장으로 진입 후 수통골 장수오리 좌측길로 올라오시면 흰색 예스시니어 간판과 빨간 우체통이 보입니다."
13011000145,A04,30,110,새빛사랑의집,00,NORMAL SERVICE.,A04,https://www.longtermcare.or.kr/npbs/r/a/104/selectMyBlog.web?ltcAdminSym=1301100,13011000145,5대 주차능력의 주차장이 있습니다.,대중교통 이용시: 501번 시내버스를 타고 마전방면(만인산휴게소방향)으로 오시다가 <삼괴동 송촌마을> 버스승강장에서 내리시면 됩니다.자가용 이용시: 대전에서 남대전 IC를 지나 금산방면으로 1Km정도 오시다가 오른쪽 삼괴동 출차로로 진입하여 도로밑 터널을 빠져나오시면 정면에 시설이 보입니다.
13011000283,A04,30,110,예명요양원,00,NORMAL SERVICE.,A04,http://ymsilvercare.itpage.kr/,13011000283,"- 본건물 상가 뒷 편에 주차장이 있음.- 롯데마트(슈퍼)주차장/ 인근 판암동 주공아파트 4, 5단지아파트 주차장 이용가능함.","지하철1호선 : 판암역하차 도보 10분거리/ 버스있음 2정거장 / 판암주공A 5단지앞 상가 더할인마트 5층버스 : 611,603,612,607,313,514,63,62,60 등 (버스노선은 인터넷을 참고하세요)"
13011000284,A04,30,110,하나요양원,00,NORMAL SERVICE.,A04,http://하나요양원.com,13011000284,건물내 기계식 주차장,"버스 : 511번, 512번, 514번, 31번, 52번"
13011000294,A04,30,110,한울노인요양원,00,NORMAL SERVICE.,A04,https://hanul1288.modoo.at/,13011000294,* 건물 지상주차장 이용 가능,"대중교통이용시 - 신인동주민센터 하차 : 501, 511, 514, 607, 612, 802, 62, 63, 313, 606, 31, 60, 607. - 인동네거리 하자 : 501, 511, 612, 802, 31, 607, 313, 514, 606, 607, 60, 62, 63, 607"
13011000306,A04,30,110,대전실버빌,00,NORMAL SERVICE.,A04,hana.zeep.kr,13011000306,주변 골목 주차,"버스 : 603번, 611번, 619번  대전대입구 정거장지하철 : 대동역"
13011000346,A04,30,110,가은실버홈,00,NORMAL SERVICE.,A04,https://blog.naver.com/jm7206,13011000346,건물앞 주차가능,자양동 정류장 번호: (11320) | 거리:  114m   일반 102|103|311 우송어학센터 정류장 번호: (11340) | 거리:  170m   일반 102|103|311  대주파크빌 정류장 번호: (11590) | 거리:  207m   일반 102|103 대주파크빌 정류장 번호: (11330) | 거리:  220m   일반 311
23011000007,B01,30,110,금성노인복지센터,00,NORMAL SERVICE.,B01,www.true.or.kr,23011000007,지상주차장 완비.(8대 가능),"삼성동 솔브릿지대학 맞은편 삼성타운 아파트 입구 옆 4층 건물(우암로139-3, 삼성동150-91)201,202,501,611,513,620,802,60,63 계룡공고입구 정류장 하차 후 길 건너편.101,201,202,501,611,613,620,802,급행2,2002,60,63 성남네거리 정류장 하차 후 성남교를 지나 150m 도보."
23011000008,B01,30,110,선우노인복지센터,00,NORMAL SERVICE.,B01,www.sunwoowelfare.or.kr,23011000008,원내 외 전용주차장 50여대 주차가능,☞시내버스 이용 시: 가오동 은어송3단지아파트 하차 514번. 618번☞도시철도 이용 시: 판암역 1번 출구(동구청 신청사 도보10분)☞고속도로 이용 시: 판암IC(금산방향5분소요)                              남대전IC(가오동방향10분소요)☞도로명주소 이용 시 : 동구 신기로 109-22
23011000151,B01,30,110,산내노인종합센터,00,NORMAL SERVICE.,B01,http://www.true.or.kr/sannae/sannae01_03.php?true=sannae01,23011000151,옥 외주차 4대 가능,"대중교통 : 시내버스 108, 501, 511, 512, 513, 514, 620, 30, 33, 52번 이용 '산내초등학교' 앞 하차.                 하차 후 석천들마을아파트 상가 방향으로 도보 약 5분 거리. 자가용 : (고속도로이용시) 남대전 I.C.-석천들아파트 후문에서 약 200m             (대전도로이용시) 산내초등학교 앞-놀부분식골목(석천들아파트 상가)으로 약 200m"
23011000185,B01,30,110,해드림노인복지센터,00,NORMAL SERVICE.,B01,http://hedrim.com,23011000185,"지하 1층, 2층 지하 주차장 있음.부족할 때에는 맞은편 홈플러스 주차장과 성당옆 도로 이용","버스노선- 급행버스2, 514번, 512번,  618번, 608번택시 이용 시- 대전광역시 동구 동구청로 95, 예시티빌딩 8층 해드림노인복지센터- 대전 동구 가오동 가오홈플러스 맞은 편 예시티빌딩"
23011000233,B01,30,110,예명 주야간보호센터,00,NORMAL SERVICE.,B01,https://blog.naver.com/shee823,23011000233,- 본 건물 상가 뒷편쪽에 주차장 이용이 가능합니다-  인근 판암동 주공아파트 5단지아파트앞 상가 주차장 이용가능하며 골목주차도 가능합니다,"버스 : 611번 603번, 612번, 607번, 313번, 514번, 63번, 62번, 60번지하철1호선 : 판암역 4번 출구 하차 도보 10분주차장 : 건물뒷편에 상가주차장 / 판암주공A 5단지 앞 상가, 골목주차가능함."
23011000295,B01,30,110,한울재가노인복지센터,00,NORMAL SERVICE.,B01,https://hanul1288.modoo.at/,23011000295,* 건물 지상 주차장 이용 가능.,"대중교통이용시 - 신인동주민센터 하차 : 501, 511, 514, 607, 612, 802, 62, 63, 313, 606, 31, 60, 607. - 인동네거리 하자 : 501, 511, 612, 802, 31, 607, 313, 514, 606, 607, 60, 62, 63, 607."
23011000335,B01,30,110,새봄실버주간보호센터,00,NORMAL SERVICE.,B01,http://cafe.daum.net/saebomsilver,23011000335,"금남빌딩 지하주차장, 천변 도로","- 자동차 : 성남동 스마트뷰 아파트 후문 앞 새마을 금고 옆 금남빌딩 3층- 시내버스 : 201, 317, 501, 611, 615, 616, 701번 = 스마트뷰아파트 정거장에서 하차 후 도보로 5분                   201, 501, 611, 613, 620, 802, 급행2번 = 성남네거리에서 하차 후 도보로 3분"
23011000007,B02,30,110,금성노인복지센터,00,NORMAL SERVICE.,B02,www.true.or.kr,23011000007,지상주차장 완비.(8대 가능),"삼성동 솔브릿지대학 맞은편 삼성타운 아파트 입구 옆 4층 건물(우암로139-3, 삼성동150-91)201,202,501,611,513,620,802,60,63 계룡공고입구 정류장 하차 후 길 건너편.101,201,202,501,611,613,620,802,급행2,2002,60,63 성남네거리 정류장 하차 후 성남교를 지나 150m 도보."
23011000151,B02,30,110,산내노인종합센터,00,NORMAL SERVICE.,B02,http://www.true.or.kr/sannae/sannae01_03.php?true=sannae01,23011000151,옥 외주차 4대 가능,"대중교통 : 시내버스 108, 501, 511, 512, 513, 514, 620, 30, 33, 52번 이용 '산내초등학교' 앞 하차.                 하차 후 석천들마을아파트 상가 방향으로 도보 약 5분 거리. 자가용 : (고속도로이용시) 남대전 I.C.-석천들아파트 후문에서 약 200m             (대전도로이용시) 산내초등학교 앞-놀부분식골목(석천들아파트 상가)으로 약 200m"
23011000185,B02,30,110,해드림노인복지센터,00,NORMAL SERVICE.,B02,http://hedrim.com,23011000185,"지하 1층, 2층 지하 주차장 있음.부족할 때에는 맞은편 홈플러스 주차장과 성당옆 도로 이용","버스노선- 급행버스2, 514번, 512번,  618번, 608번택시 이용 시- 대전광역시 동구 동구청로 95, 예시티빌딩 8층 해드림노인복지센터- 대전 동구 가오동 가오홈플러스 맞은 편 예시티빌딩"
23011000233,B02,30,110,예명 주야간보호센터,00,NORMAL SERVICE.,B02,https://blog.naver.com/shee823,23011000233,- 본 건물 상가 뒷편쪽에 주차장 이용이 가능합니다-  인근 판암동 주공아파트 5단지아파트앞 상가 주차장 이용가능하며 골목주차도 가능합니다,"버스 : 611번 603번, 612번, 607번, 313번, 514번, 63번, 62번, 60번지하철1호선 : 판암역 4번 출구 하차 도보 10분주차장 : 건물뒷편에 상가주차장 / 판암주공A 5단지 앞 상가, 골목주차가능함."
23011000353,B02,30,110,원동주야간보호센터,00,NORMAL SERVICE.,B02,blog.naver.com/hjl1880/222706280889,23011000353,"건물뒤편 지하주차장 (B2, B3, B4)","1. 자차 : 대전역에서 원동네거리 방향 2. 대중교통1) 지하철  - 지하철대전역 1호선 - 대전역 1번 출구에서 573m2) 버스- 511번, 606번, 63번, 313번, 607번, 501번, 514번, 612번, 802번 62번"
23011000354,B02,30,110,수재가노인복지센터,00,NORMAL SERVICE.,B02,sungrak.itpage.kr/,23011000354,6대 가능,"501번,511번,31번 : 효동네거리 정류장 하차 512번,612번 : 효동 행정복지센터 정류장 하차119번,604번 : 문창시장 정류장 하차"
23011000359,B02,30,110,행복나눔재가복지센터,00,NORMAL SERVICE.,B02,없음,23011000359,주변이면도로,"버스 202번, 605번, 2002번, 101번, 701번, 616번 등 중앙동주민센터 앞 하차 후 도보 100m(2분거리)"
23011000007,B03,30,110,금성노인복지센터,00,NORMAL SERVICE.,B03,www.true.or.kr,23011000007,지상주차장 완비.(8대 가능),"삼성동 솔브릿지대학 맞은편 삼성타운 아파트 입구 옆 4층 건물(우암로139-3, 삼성동150-91)201,202,501,611,513,620,802,60,63 계룡공고입구 정류장 하차 후 길 건너편.101,201,202,501,611,613,620,802,급행2,2002,60,63 성남네거리 정류장 하차 후 성남교를 지나 150m 도보."
23011000008,B03,30,110,선우노인복지센터,00,NORMAL SERVICE.,B03,www.sunwoowelfare.or.kr,23011000008,원내 외 전용주차장 50여대 주차가능,☞시내버스 이용 시: 가오동 은어송3단지아파트 하차 514번. 618번☞도시철도 이용 시: 판암역 1번 출구(동구청 신청사 도보10분)☞고속도로 이용 시: 판암IC(금산방향5분소요)                              남대전IC(가오동방향10분소요)☞도로명주소 이용 시 : 동구 신기로 109-22
23011000151,B03,30,110,산내노인종합센터,00,NORMAL SERVICE.,B03,http://www.true.or.kr/sannae/sannae01_03.php?true=sannae01,23011000151,옥 외주차 4대 가능,"대중교통 : 시내버스 108, 501, 511, 512, 513, 514, 620, 30, 33, 52번 이용 '산내초등학교' 앞 하차.                 하차 후 석천들마을아파트 상가 방향으로 도보 약 5분 거리. 자가용 : (고속도로이용시) 남대전 I.C.-석천들아파트 후문에서 약 200m             (대전도로이용시) 산내초등학교 앞-놀부분식골목(석천들아파트 상가)으로 약 200m"
23011000185,B03,30,110,해드림노인복지센터,00,NORMAL SERVICE.,B03,http://hedrim.com,23011000185,"지하 1층, 2층 지하 주차장 있음.부족할 때에는 맞은편 홈플러스 주차장과 성당옆 도로 이용","버스노선- 급행버스2, 514번, 512번,  618번, 608번택시 이용 시- 대전광역시 동구 동구청로 95, 예시티빌딩 8층 해드림노인복지센터- 대전 동구 가오동 가오홈플러스 맞은 편 예시티빌딩"
23011000233,B03,30,110,예명 주야간보호센터,00,NORMAL SERVICE.,B03,https://blog.naver.com/shee823,23011000233,- 본 건물 상가 뒷편쪽에 주차장 이용이 가능합니다-  인근 판암동 주공아파트 5단지아파트앞 상가 주차장 이용가능하며 골목주차도 가능합니다,"버스 : 611번 603번, 612번, 607번, 313번, 514번, 63번, 62번, 60번지하철1호선 : 판암역 4번 출구 하차 도보 10분주차장 : 건물뒷편에 상가주차장 / 판암주공A 5단지 앞 상가, 골목주차가능함."
23011000335,B03,30,110,새봄실버주간보호센터,00,NORMAL SERVICE.,B03,http://cafe.daum.net/saebomsilver,23011000335,"금남빌딩 지하주차장, 천변 도로","- 자동차 : 성남동 스마트뷰 아파트 후문 앞 새마을 금고 옆 금남빌딩 3층- 시내버스 : 201, 317, 501, 611, 615, 616, 701번 = 스마트뷰아파트 정거장에서 하차 후 도보로 5분                   201, 501, 611, 613, 620, 802, 급행2번 = 성남네거리에서 하차 후 도보로 3분"
23011000351,B03,30,110,동부실버케어센터,00,NORMAL SERVICE.,B03,blog.naver.com/dongbu-silvercenter,23011000351,본 건물 뒤편 지하와 1층에 주차장이 있음(바로본병원 주차장 맞은편),대중교통 버스편 : 102 105 106 201 501 601 602 605 607 611 616 701 802 622택시 : 동부네거리
23011000425,B05,30,110,하진재가복지센터,00,NORMAL SERVICE.,B05,http://xn--s39al6kmmhs1at01bo8t.org/,23011000425,연계되어있는 주차장 있음(전화주시면 안내),"[대중교통 이용시]대전역 4번 출구, 대동역 5/6번 출구 → 대전역 KTX/대전 자양초등학교 근처에서 611번 또는 622번 버스 탑승→ 복합터미널 하차 → 대전복합터미널 방향으로 건넌 후 4분 도보[자가용 이용시]네비게이션에 '하진재가복지센터' 또는 '동서대로 1679'를 검색대로변이 아닌 한국병원 맞은편에 위치하고 있으며, 1층에 위치한 핸드폰가게와 빵집 사이의 계단으로 올라와주세요"
23011000450,B05,30,110,사랑가득한재가복지센터,00,NORMAL SERVICE.,B05,,23011000450,,
23011000463,B05,30,110,엄마손통합재가센터,00,NORMAL SERVICE.,B05,,23011000463,,
23014000642,B05,30,140,보라재가복지센터,00,NORMAL SERVICE.,B05,무,23014000642,센터 주변 노외주차장 및 유천1동 제1노외공영주차장 이용,"대중교통-지하철 : 서대전네거리역 하차 후 3번 출구로 나와서 직진 142m,             서대전네거리역 3번 출구 정류장에서 버스 탑승-버  스 : 문화초등학교 정류장 하차 (간선 314번, 513번)            유천동서대전 농협 정류장 하차 (간선 201번, 613번, 608번, 119번, 202번)"
23017000329,B05,30,170,유앤아이주간보호센터,00,NORMAL SERVICE.,B05,http://unicare.or.kr/,23017000329,주간보호 센터 정문 주차장(장애인 주차장)건물 측면 주차장 주차 가능,"승용차 : 대전과학기술대학교 사거리에서  초록마을 5단지 방면 우회전 1.5km (약 4분)             또는 복수동 안복수 길에서 쟁기봉 방향으로 직진 167m (약1분) 버스편 : 312, 314, 316"
23017000500,B05,30,170,더편한실버센터,00,NORMAL SERVICE.,B05,blog.naver.com/jjangten20/,23017000500,골드타워 건물 내 주차장 주차,104 301 318 604 705 606 911 918 버스 이용 서구보건소 하차 후 한밭수목원쪽으로 300m이동
23017000507,B05,30,170,대전간호요양센터,00,NORMAL SERVICE.,B05,http://대전간호요양센터.kr/,23017000507,건물 주차장 및 갓길 주차라인 주차 가능,◆ 버스 202번 → 관저네거리 하차 급행 1번 → 신선마을아파트 하차 211번 → 관저네거리 하차 201번 → 건양대병원네거리 하차 급행 3번 → 신선마을아파트 하차
23011000374,B06,30,110,섬김복지용구지원센터,00,NORMAL SERVICE.,B06,blog.naver.com/servewelfare,23011000374,자가용 주차가능대수 : 건물 옆 골목 주차 5대 가능,"주소 : 대전시 동구 대전로706, 상가109호(인동, 참좋은아파트) 1) 버스노선 :     대전역 방면(신인동주민센터 하차)  / 버스 31, 60, 62, 63, 313, 501, 511, 514, 606, 607, 612, 802번    인동네거리 방면(인동네거리 하차후 길건너) / 버스 31, 501, 511, 612, 802번 2) 자가용 : 건물 옆 골목 자가용 주차 가능"
23011000391,B06,30,110,대전연합복지용구,00,NORMAL SERVICE.,B06,green3920@naver.com,23011000391,가동상가 주차장 30여대 주차 가능,"시내버스 : 603번, 611번, 612번, 619번간선버스 : 61번# 판암 4단지 주공아파트 하차"
23011000412,B06,30,110,늘사랑복지용구,00,NORMAL SERVICE.,B06,01030455178.modoo.at/,23011000412,지상: 3대가능,"<대중교통 이용시>버스편 613번, 820번, 급행2번, 급행4번, 201번, 501번, 620번, 710번, 66번 성남사거리에서 용전동 방향 현대주유소 골목으로 약 200m직진"
23011000428,B06,30,110,예스복지용구,00,NORMAL SERVICE.,B06,https://yescare.gagaon.com/,23011000428,매장 옆 주차공간 있습니다.,"대동역 6번 출구에서 150m 직진하여 자양초등학교 정문으로 좌회전, 다시 좌회전하면 30m앞 매장이 보입니다."
23011000454,B06,30,110,효자복지용구,00,NORMAL SERVICE.,B06,,23011000454,,
23011000460,B06,30,110,(주)사랑과존경복지용구,00,NORMAL SERVICE.,B06,http://사랑과존경.com/,23011000460,승용차 2대,시내버스 618번과 514번 은어송마을3단지후문 하차.
23014000527,B06,30,140,하나엠케어복지용구사업소,00,NORMAL SERVICE.,B06,없음,23014000527,기관앞 가능,"108번,604번 선화동성당 하차후 도보이동3분거리. 현대아파트 후문"
33011000037,C01,30,110,노을빛재가복지센터,00,NORMAL SERVICE.,C01,qleksrma47@hanmail.net,33011000037,노을빛재가복지 사무실 앞 과 건물 옆 세일주택 주차시설을 사용할수 있음.,가양네거리에서 보건대 방향으로 첫 번째 신호- 비보호 좌회전후 첫번째 골목에서 좌회전후 직진..친절할인마트 사거리에서 정면에 위치함.대전동구 복합터미널에서 가양네거리 방향으로 : 버스102.802.105번 ~가양네거리 녹십자약국하차.대전역에서 가양네거리방향으로:613.802.103번~녹십자약국하차.대동전철역(2번출구) 버스 : 102번.     3번출구 605번~가양네거리 정류장 하차.
33011000044,C01,30,110,마리아노인복지센터,00,NORMAL SERVICE.,C01,http://cafe.daum.net/theoldwelfare,33011000044,5대 가능하나 복잡하며 항시 주차가 어렵지만 주변  흰색라인에 주차가능함.,"용전사거리코너 위치, 복합터미날에서 도보5분거리  615, 501, 102번,106번,105번, 802번, 317번,701번,611번,용전4가로 오는 버스노선 다수 있음"
33011000056,C01,30,110,아가페재가노인복지센터,00,NORMAL SERVICE.,C01,없음,33011000056,사무실 앞 정동주차장 이용,대전역에서 원동사거리쪽으로 도보 3분 거리원동사거리에서 2분 거리
33011000063,C01,30,110,대전보람노인복지센터,00,NORMAL SERVICE.,C01,,33011000063,,
33011000064,C01,30,110,한솔노인복지센터,00,NORMAL SERVICE.,C01,없음,33011000064,주변주차가능함,11490버스 동부네거리 정거장에서 내려서 힐스테이트대전더스카이 아파트를 끼고 우측으로 돌면 2번째 상가 2층에 위치
33011000070,C01,30,110,백합노인복지센터,00,NORMAL SERVICE.,C01,,33011000070,,
33011000080,C01,30,110,새빛재가요양보호센터,00,NORMAL SERVICE.,C01,,33011000080,,
33011000023,C02,30,110,우리노인복지센터,00,NORMAL SERVICE.,C02,www.die114.com,33011000023,,대동지하철역 8번출구(롯데리아) -> (구)용운동 골목길 / 대영지업사 골목 -> 도보 10m1층 우리노인복지센터
33011000037,C02,30,110,노을빛재가복지센터,00,NORMAL SERVICE.,C02,qleksrma47@hanmail.net,33011000037,노을빛재가복지 사무실 앞 과 건물 옆 세일주택 주차시설을 사용할수 있음.,가양네거리에서 보건대 방향으로 첫 번째 신호- 비보호 좌회전후 첫번째 골목에서 좌회전후 직진..친절할인마트 사거리에서 정면에 위치함.대전동구 복합터미널에서 가양네거리 방향으로 : 버스102.802.105번 ~가양네거리 녹십자약국하차.대전역에서 가양네거리방향으로:613.802.103번~녹십자약국하차.대동전철역(2번출구) 버스 : 102번.     3번출구 605번~가양네거리 정류장 하차.
33011000056,C02,30,110,아가페재가노인복지센터,00,NORMAL SERVICE.,C02,없음,33011000056,사무실 앞 정동주차장 이용,대전역에서 원동사거리쪽으로 도보 3분 거리원동사거리에서 2분 거리
33011000063,C02,30,110,대전보람노인복지센터,00,NORMAL SERVICE.,C02,,33011000063,,
33011000064,C02,30,110,한솔노인복지센터,00,NORMAL SERVICE.,C02,없음,33011000064,주변주차가능함,11490버스 동부네거리 정거장에서 내려서 힐스테이트대전더스카이 아파트를 끼고 우측으로 돌면 2번째 상가 2층에 위치
33011000070,C02,30,110,백합노인복지센터,00,NORMAL SERVICE.,C02,,33011000070,,
33011000080,C02,30,110,새빛재가요양보호센터,00,NORMAL SERVICE.,C02,,33011000080,,
33011000251,C03,30,110,행복한실버케어센터,00,NORMAL SERVICE.,C03,blog.naver.com/happysilvercare042,33011000251,행복한 클리닉 지하주차장(12대 주차가능) 및 센터주변,"시내버스-511번,  618번, 108번 급행 버스 -2번"
33011000258,C03,30,110,동행노인주야간보호센터,00,NORMAL SERVICE.,C03,band.us/band/60617839,33011000258,동행노인주간보호센터내에 1층 단독건물 이므로 주차시설이 편리하게 있습니다. (지상에 위치)* 입구 주차공간 가능 --- 3대* 담벼락 주차공간 --- 3대,"동행주간보호센터 오시는 교통편 유성시외버스터미널 기준 ( 월평역,갈마역, 등 ) --- 102번 읍내동 기준 ( 법동, 중리동, 등 ) --- 615번 송강동 기준 ( 관평동, 전민동, 대화동, 등) --- 802번102, 615, 802 타고 용전네거리에서 내리셔서 이강산가정의학과 병원과 로또판매 사잇길로 도보로 3분정도 오시면 우측편에 동행노인주간보호센터가 있습니다. 자가용 이용 --- 대전광역시 동구 계족로 423번길 34  동행노인주간보호센터--- 용전동 세피앙아파트 103동 후문쪽에 오시면 세탁소 밑에 동행노인주간보호센터가 1층에 있습니다. (1층 단독건물)"
33011000285,C03,30,110,하나주야간보호,00,NORMAL SERVICE.,C03,www.하나요양원.com,33011000285,건물 기계식 주차장,"버스 512, 514, 618, 52, 608가오동 홈플러스 맞은편 은어송로 62 6층"
33011000304,C03,30,110,삼성주간보호센터,00,NORMAL SERVICE.,C03,없음,33011000304,해당건물 양쪽에 주차공간 있습니다.,"버스  201번, 202번, 314번, 614번, 512번, 607번 한밭자이아파트 또는 삼성네거리 또는 북부교 정류장 하차 후 200미터 내외"
33014000124,C03,30,140,대전효감주간보호센터,00,NORMAL SERVICE.,C03,https://band.us/band/75290210,33014000124,건물 지하 주차장 및 주위 도로변 주차장이 설치되어 있습니다.,"유천동4거리에서 도마동 방향으로 약150미터 지점, 8차선 대로변에 위치하며 인근에 버스정류장이 소재하여 교통상황이 매우 편리합니다.시내버스 - 급행1, 201번,"
33014000291,C03,30,140,태평주간보호센터,00,NORMAL SERVICE.,C03,blog.naver.com/tp_daycare,33014000291,"건물 지하주차장, 건물 후문 주차장기관 방문시 도착전 전화연락시 지하주차장으로 안내해드립니다.","자가용 이용시- 태평오거리에서 수침교 방면으로 태평중학교 맞은편.    네비게이션검색 (태평주간보호센터) 버스 이용시612번 - 태평중학교 앞 하차 후 태평오거리 방향 도보로 3분103번.316번.601번.603번 - 태평 오거리에서 하차 후 수침교 방면 도보로 5분317번 -  태평시장에서 하차 후 수침교 방면 도보로 5분지하철 이용시오룡역에서 하차, 3번출구에서 유등마을아파트 방면 도보 10분"
33014000324,C03,30,140,신한국복지센터,00,NORMAL SERVICE.,C03,blog.naver.com/jhg4262,33014000324,"메디컬 타워 내 주차를 이용하시면 됩니다.주차권의 확인은, 사무실에서 절차를 밟아 드립니다.","▶ 버스 이용 시 :급행 1, 201, 514, 314, 613, 317번유천동 현대아파트에서 하차 후, 길 건너편으로 도보하여 e-메티컬 타워 7층입니다. 유천네거리 유천 시장에서 하차 후, 도보 3~5분 거리 e-메티컬 타워 7층입니다. 네이버 블로그 주소 : https://blog.naver.com/jhg4262"
33011000248,C05,30,110,대전연합 실버케어,00,NORMAL SERVICE.,C05,https://blog.naver.com/djsc0721,33011000248,사무실앞 주차가능,"1.지하철 판암역4번 출구에서 도보로 700미터2.시내버스 611,619,603,612번 판암주공5단지,판암테크노타운 에서 하차 도보1~2분거리"
33011000273,C05,30,110,스마일방문간호요양센터,00,NORMAL SERVICE.,C05,https://blog.naver.com/smile-1207 (스마일방문간호요양센터 블로그 입니다),33011000273,사무실 앞 주차 가능(주택가 입니다). 성은감리교회 주차 가능합니다(도보 2분걸림),"대중교통이용시: 대전탑네거리 지나  대전 IC 방향으로 가는 버스 이용후 (602번 601번 201번 701번,615번)  가양중학교 입구  또는 한성장로교회 버스 승강장에서  하차 후 500 m 걸어오세요( 성은감리교회 쪽)자가용 이용시: 대전탑 네거리->성은감리교회->인근 100m 이내 위치함"
33011000280,C05,30,110,대전방문간호센터,00,NORMAL SERVICE.,C05,blog.naver.com/tjnurse,33011000280,100대 이상,버스 : 603번 611번. 619번  용운동 사회 복지관 하차 도보 (1분 )         605번 608번 꿈에그린 아파트 하차 도보(5분)
33011000325,C05,30,110,굿널스방문간호요양센터,00,NORMAL SERVICE.,C05,blog.naver.com/goodnurse20,33011000325,센터 앞 도로  흰색 차선,"대전광역시 동구 대전천북로88 2층▶현암교  (간선 106, 601,602,607)▶지선  317▶ 대전 현암교 다리 시작점 GS편의점 2층대전 동구 건강보험공단(대전동부지사) 맞은편"
33014000124,C05,30,140,대전효감주간보호센터,00,NORMAL SERVICE.,C05,https://band.us/band/75290210,33014000124,건물 지하 주차장 및 주위 도로변 주차장이 설치되어 있습니다.,"유천동4거리에서 도마동 방향으로 약150미터 지점, 8차선 대로변에 위치하며 인근에 버스정류장이 소재하여 교통상황이 매우 편리합니다.시내버스 - 급행1, 201번,"
33014000424,C05,30,140,보문노인복지센터,00,NORMAL SERVICE.,C05,없음.,33014000424,"1층 드림기획 앞 주차자리, 노인복지관설립부지(구 남대전등기소) 임시 개방 주차장 이용 및 주변 주차","버스편 : 동명중학교 하차(108, 501, 513, 620, 52) 자가용 : 부사오거리에서 옥계동 방면 노인복지관설립부지 옆"
33014000435,C05,30,140,대전효재가노인복지센터,00,NORMAL SERVICE.,C05,blog.naver.com/hyo_center,33014000435,"주차 시설 없음, 센터 건물 주변 골목주차","<대중교통 이용시>▶ 103번, 316번, 601번, 603번 / 태평오거리 정류장 하차 (가장교→태평오거리 방면)"
33011000095,C06,30,110,행복메디칼,00,NORMAL SERVICE.,C06,,33011000095,,
33011000109,C06,30,110,(주)국민복지환경,00,NORMAL SERVICE.,C06,kmbj.isweb.co.kr/,33011000109,건물뒷편 (무료),"시내버스 : 511 ,501 ,612,(인동현대아파트하차) 607, 802( 인동네거리하차) 인동현대아파트정문 건너편상가"
33011000192,C06,30,110,350복지용구,00,NORMAL SERVICE.,C06,,33011000192,건물뒷편주차장주차대수5대,가양사거리에서 성남동사거리방향입니다중간지점에서복개도로우측50미터지점2층
33011000227,C06,30,110,더드림노인요양복지센터,00,NORMAL SERVICE.,C06,https://blog.naver.com/thedream6601,33011000227,센터 뒷편 흰선에 주차 가능합니다.,"버스노선-  62번, 512번, 603번, 611번 이용 가능지하철 이용시 대동역 8번출구로 나와 충남중 사거리쪽으로 도보로 3분거리."
33011000242,C06,30,110,아가페복지,00,NORMAL SERVICE.,C06,없음,33011000242,아가페복지  인근 도로에 주차가능,"시내버스:  103, 105, 106, 613, 620 버스 이용(가양네거리에서 도보 5분거리)"
33011000328,C06,30,110,현암복지센터,00,NORMAL SERVICE.,C06,www.blog.naver.com/mihwa9060,33011000328,없음,시내버스 607번 현암초등학교앞 하차 대전시 동구 노인치매센터 앞 현암복지센터
33011000337,C06,30,110,행복나무복지센터,00,NORMAL SERVICE.,C06,http://대전방문요양.한국/home/page_con/intro,33011000337,없음,중앙로 역 도보 20분
13011000009,G31,30,110,임마누엘실버홈,00,NORMAL SERVICE.,G31,www.sunwoowelfare.or.kr,13011000009,@ 일반주차가능 (35대) / 장애인전용주차(2대),"@대중교통    시내버스 : 대전역(514번,618번) - 가오동(은어송마을 6단지 앞 하차)    도시철도 : 판암역(종점 하차) - 임마누엘실버홈 (도보 10분)@대전역 - 원동네거리 - 인동네거리 좌회전(옥천방향) - 판암네거리 우회전(가오동방향)              - 가오고등학교 좌회전 - 가오초등학교 앞 - 임마누엘실버홈"
13011000376,G31,30,110,대전요양원,00,NORMAL SERVICE.,G31,https://m.blog.naver.com/managing24/223566503754,13011000376,주차타워 이용가능 (22대),"대전광역시 동구 동서대로 1695번길 82 영다래빌딩 4층  전화번호:042-631-7300yjd7300@naver.com     버스이용 시 일반버스 102, 105, 106, 201,501,601급행2, 802등 다수의 버스이용가능. 복합터미널정류장 하차후 도보 3분 소요"
13014000241,G31,30,140,축복마을,00,NORMAL SERVICE.,G31,http://www.grace85.com,13014000241,일반실:장애인주차2대/일반주차21대치매전담실:장애인주차1대/일반주차1대,"버스노선대전서남부터미널에서 32번 버스 1시간 50분 간격 운행(소요시간 약 30분) 대전서남부터미널 출발 버스시간표7:30  9:20  11:10  13:00  14:40  16:40  18:30  20:20  22:20ο 고속도로 이용   경부고속도로 또는 호남고속도로 ☞ 대전,무주간고속도로(서대전방향) ☞ 안영I.C ☞ 사정네거리 우회전 ☞ 대전오-월드(구 대전동물원) 동물원삼거리(회전교차로 직진)  ☞ 정생동삼거리 우회전 ☞ 단재신채호선생생가지 ☞ 대전콘크리트 ☞ 축복마을(약11km)"
13017000253,G31,30,170,실버누리요양원,00,NORMAL SERVICE.,G31,www.blog.naver.com/silvernuri22,13017000253,주차대수 : 9대,시내버스 이용시 : 21번~27번 이용  흑석네거리 하차 도보로 2~3분 거리승용차이용시  :  가수원방향에서  흑석네거리전 처음신호등에서 우측.                         기성동파출소 맞은편.
13011000009,G32,30,110,임마누엘실버홈,00,NORMAL SERVICE.,G32,www.sunwoowelfare.or.kr,13011000009,@ 일반주차가능 (35대) / 장애인전용주차(2대),"@대중교통    시내버스 : 대전역(514번,618번) - 가오동(은어송마을 6단지 앞 하차)    도시철도 : 판암역(종점 하차) - 임마누엘실버홈 (도보 10분)@대전역 - 원동네거리 - 인동네거리 좌회전(옥천방향) - 판암네거리 우회전(가오동방향)              - 가오고등학교 좌회전 - 가오초등학교 앞 - 임마누엘실버홈"
13011000376,G32,30,110,대전요양원,00,NORMAL SERVICE.,G32,https://m.blog.naver.com/managing24/223566503754,13011000376,주차타워 이용가능 (22대),"대전광역시 동구 동서대로 1695번길 82 영다래빌딩 4층  전화번호:042-631-7300yjd7300@naver.com     버스이용 시 일반버스 102, 105, 106, 201,501,601급행2, 802등 다수의 버스이용가능. 복합터미널정류장 하차후 도보 3분 소요"
13011000009,G33,30,110,임마누엘실버홈,00,NORMAL SERVICE.,G33,www.sunwoowelfare.or.kr,13011000009,@ 일반주차가능 (35대) / 장애인전용주차(2대),"@대중교통    시내버스 : 대전역(514번,618번) - 가오동(은어송마을 6단지 앞 하차)    도시철도 : 판암역(종점 하차) - 임마누엘실버홈 (도보 10분)@대전역 - 원동네거리 - 인동네거리 좌회전(옥천방향) - 판암네거리 우회전(가오동방향)              - 가오고등학교 좌회전 - 가오초등학교 앞 - 임마누엘실버홈"
13011000376,G33,30,110,대전요양원,00,NORMAL SERVICE.,G33,https://m.blog.naver.com/managing24/223566503754,13011000376,주차타워 이용가능 (22대),"대전광역시 동구 동서대로 1695번길 82 영다래빌딩 4층  전화번호:042-631-7300yjd7300@naver.com     버스이용 시 일반버스 102, 105, 106, 201,501,601급행2, 802등 다수의 버스이용가능. 복합터미널정류장 하차후 도보 3분 소요"
13011000009,G34,30,110,임마누엘실버홈,00,NORMAL SERVICE.,G34,www.sunwoowelfare.or.kr,13011000009,@ 일반주차가능 (35대) / 장애인전용주차(2대),"@대중교통    시내버스 : 대전역(514번,618번) - 가오동(은어송마을 6단지 앞 하차)    도시철도 : 판암역(종점 하차) - 임마누엘실버홈 (도보 10분)@대전역 - 원동네거리 - 인동네거리 좌회전(옥천방향) - 판암네거리 우회전(가오동방향)              - 가오고등학교 좌회전 - 가오초등학교 앞 - 임마누엘실버홈"
13011000376,G34,30,110,대전요양원,00,NORMAL SERVICE.,G34,https://m.blog.naver.com/managing24/223566503754,13011000376,주차타워 이용가능 (22대),"대전광역시 동구 동서대로 1695번길 82 영다래빌딩 4층  전화번호:042-631-7300yjd7300@naver.com     버스이용 시 일반버스 102, 105, 106, 201,501,601급행2, 802등 다수의 버스이용가능. 복합터미널정류장 하차후 도보 3분 소요"
23017000292,H31,30,170,대전요양원 주간보호센터,00,NORMAL SERVICE.,H31,http://cafe.naver.com/nhsilvercare,23017000292,"대전요양원주간보호센터 주차시설 1. 지하주차장 9대       2. 건물 전면 지상 주차장 1대 ◆ 소 재 지 :  대전시 서구 조달청길 116,  2층 ◆ 시설현황 :  지하1층 ~ 지상 7층 (총2,495.66m2,  2층 302.87m2),   대지 553.7m2    - 생활실3, 사무실, 의료 및 간호사실, 프로그램실, 물리(작업)치료실, 식당 및 조리실, 화장실, 세면장 및 목욕실, 세탁장 및 건조장◆ 이용정원 :  25명◆ 설    립 :  2014년 09월 15일◆ 치매전담실 :  2022년 1월 1일","주소 : 대전시 서구 도달청길 116 (도마동 95-9)전화 : 042-526-9441    팩스 : 042-526-9441. 승용차나 택시로 대전요양원주간보호센터 오시는 길  가. 서대전역 방향에서 오실 때는 도마 4거리에서 유성, 대전시청 방향으로 우회전하여 700미터 정도진행하면서  4번째 신호등 통과하기전에 우회전(구 농도원 4거리에서 유동천방향-배대대학교 반대방향으로)  나. 논산 방향에서 오실 때는 도마 4거리에서 유성, 대전시청 방향으로 좌회전하여 700미터 정도진행하면서  4번째 신호등 통과하기전에 우회전(구 농도원 4거리에서 유동천방향-배대대학교 반대방향으로)  다. 충남대 병원방향에서 오실때에는 도마 4거리에서 유성, 대성시청 방향으로 직진하여 700미터 정도진행하면서  4번째 신호등 통과하기전에 우회전(구 농도원 4거리에서 유동천방향-배대대학교 반대방향으로)합니다.       우회전 후 유동천 방향으로 100여 미터정도 진행하시면 오른 쪽에 7층 건물이 대전요양원(왼쪽에는 서문제일교회 있으며 교회 길건너)입니다.  2. 시내버스로 대전요양원 주간보호센터 오시는 길  가. 구농도원 네거리 하차(30690) 160m (시내버스 113, 119, 211, 312, 619, 703)  나. 구농도원 하차(30660) 175m (시내버스 113, 119, 211, 312, 619, 703)  다. 구농도원 네거리 하차(30680) 179m (시내버스 113, 119, 211, 312, 619, 703)  라. 구농도원 하차(30670) 240m (시내버스 113, 119, 211, 312, 619, 703)  마. 용화5길입구 하차(30630), 296m (시내버스 312)"
23017000584,H31,30,170,대전서구주간보호센터,00,NORMAL SERVICE.,H31,blog.naver.com/5358808,23017000584,"건물 내 지하주차장 지하1층, 지하2층, 주차 탑 이용 가능","주소: 대전시 서구 계룡로586, KMT빌딩 801호, 802호 (괴정동)전화: 042-535-8808팩스: 042-535-8806용문역 4번 출구 롯데백화점 방면 속편한 내과 건물 8층"
23020000144,H31,30,200,나이팅게일주간보호센터,00,NORMAL SERVICE.,H31,blog.naver.com/jm11007,23020000144,건물 인근 주차가능함.,"버스 이용시 - 705번 수변공원 정거장 하차 후, 띠울석갈비 주차장 옆 건물 3층.(우림빌딩)301, 704, 802, 918번 롯데마트정거장 하차 후, 롯데마트 반대방향으로 두블럭 가서 좌회전전(도보 5분정도).712번 한신에스메카 정거장 하차 후 삼성디지탈프라자쪽으로 걸어서 수변공원 방향으로 두블럭(도보 5분정도).마을버스5번 한마음아파트후문 정거장에서 내려서 롯데마트 반대방향으로(도보 15분정도).승용차 이용시-북대전IC에서 롯데마트 방향 두 블럭 이동 후 우회전, 유턴하자마자 우회전하면 신성불백 3층."
23023000153,H31,30,230,예사랑재가노인복지센터,00,NORMAL SERVICE.,H31,http://예사랑.net/,23023000153,주차시설 완비 (6대) 주간보호 신관 2층,버스- 시내버스 : 106/501/601/602/607/613/617 비래동 정류장에서 하차 후 내리막길 내려오                         신 후 좌측으로 꺾어서 20m 걸으면 나옴         시내버스 : 103/311/620 금성백조아파트 정류장에서 하차 후 내리막길로 약 10m 내려오                          시면 예사랑요양원/주간보호센터 간판이 보임
13011000384,S41,30,110,부모애공동생활가정,00,NORMAL SERVICE.,S41,www.bumoea.com,13011000384,공동생활가정 본 건물앞 주차가능,버스정류장홍도육교/홍도지하차도(11930) | 39m일반105|106|601|602|607농어촌607(비래동종점-비래동종점)홍도육교/홍도지하차도(12140) | 65m일반105|106|601|602|607농어촌607(비래동종점-비래동종점)효촌마을아파트(11940) | 194m일반201|501|611|615|616|622|701효촌마을아파트(11950) | 264m일반201|501|611|615|616|622|701아리랑프라자(12150) | 277m일반105홍도아파트(14880) | 278m일반105|602|607아리랑프라자(12130) | 295m일반105버스방면정보를 확인하세요
13017000366,S41,30,170,섬김과 나눔의 집,00,NORMAL SERVICE.,S41,www.sng.kr,13017000366,본 시설 전용주차장으로 5대를 항시 주차할 수 있으며 주변 이면도로를 활용,"216번, 301번 공굴안정거장에서 하차하여 제일고등학교 방향으로 50여미터 부근"
13111000005,A03,31,110,국민요양원,00,NORMAL SERVICE.,A03,http://cafe.daum.net/kookmin2007,13111000005,요양원 주변 주차 가능,"대중교통 이용 시 (시내버스)  ① 버스 108, 408, 827번 ⇒ ""성안파출소"" 하차 ⇒ 내리막 길 끝자락 기준 우측 방면 도보로 직진 (약 5분 소요) //  ② 버스 127, 422번 ⇒ ""성안입구"" 하차 ⇒ 마을버스 15번  환승 ⇒ ""성안파출소"" 하차 ⇒ 상기 ① 방법으로 도보 (약 5분 소요) //  ③ 버스 824번 ⇒ ""솔밭가든"" 하차 ⇒ 내리막 길 끝자락 기준 우측 방면 도보로 직진 (약 10분 소요)"
13111000007,A03,31,110,늘푸른노인전문요양원,00,NORMAL SERVICE.,A03,www.ulsansilver.or.kr,13111000007,약 50대 가능,차량노선-108 - 성안동 출발 → 향교 → 장춘로 → KBS홀 → 현대백화점 → 울산역 → 현대자동차 → 문현관 → 꽃바위-408 - 성안동 출발 → 경찰청 →  북부순환도로 → 제일중 → 신삼호교 → 정광로 → 울산대 → 율리-808 - 성안동 출발 → 옥교동 → 학성공원 → 중구청→ 성안동-824 - 성안동 출발 → 태화교 → 시청 → 공업탑 → 법원 → 울산대 → 율리 -127 - 꽃바위 → 현대중공업 → 반구사거리 → 중구청 → 향교 → 시청 → 현대백화점 → 울산역(성안입구에서 마을버스030번으로 환승) 애니원고등학교 입구 하차하시면 학교 정문 맞은편승용차이용시 - 성안입구로 직진 -> 경찰정 -> 백련유치원(1km직진)에서 우회전 -> 애니원고등학교 정문 맞은편
13111000008,A03,31,110,늘푸른노인요양원,00,NORMAL SERVICE.,A03,www.ulsansilver.or.kr,13111000008,승용주차:15면(이면도로 40면가능)대형버스 주차가능,808번: 성안 - 우정동- 성남동- 학성공원- 중구청- 성안동 827번: 울산역 - 삼산동- 달동 - 공업로타리 - 시청 - 태화로타리 - 우정동 - 백양사- 성안청구408번: 율리 - 울산대학 -  정광사로 - 제일중 - 북부순환 - 경찰청 - 성안동마을버스13번 노선: 태화시장 - 향교삼거리-동원-성안입구-금호@-청구@
13111000009,A03,31,110,예랑소규모요양원,00,NORMAL SERVICE.,A03,http://xn--o80bq9il4eozkwxbfuf.com/,13111000009,- 예랑복지센터 주차장,"- 기능대학길 87 / 폴리텍대학 정문 옆- 버스편: 132번, 203번, 205번, 225번, 233번, 256번, 412번, 432번"
13111000082,A03,31,110,백정애 건강실버타운,00,NORMAL SERVICE.,A03,백정애건강실버타운.kr,13111000082,지하 주차장에 8대 주차 가능,"찾아오시는 길 안내백정애건강실버타운 (44417) 울산광역시 중구 백양로 205 (구 주소 : 성안동 406-10) 전화: 052-222-8155 / 팩스: 052-222-8166(자가용 이용 시 찾아오는 길)성안입구 → 울산지방경찰청 방면에서 직진→ 성안파출소 지나 화엄선원 보이면 우회전 하여 우측편 두 번째 건물. (버스 이용 시 찾아오는 길)버스 이용 시 성안파출소에서 하차하시면 되고 성안파출소까지 오는 버스는 일반버스 108번, 408번, 824번, 257번, 827번, 마을버스 15번 버스입니다. 1. 시청 방면에서 출발할 경우  ▶ (30분소요) 일반147번 탑승 후 문화예술회관앞 정류장에서 일반 108번으로 환승 ⇒ 성안파출소 하차  ▶ (30분소요) 일반807번, 732번 탑승 후 목화예식장앞 정류장에서 일반 108번으로 환승 ⇒ 성안파출소 하차2. 울산대학교 방면 출발   ▶ (30분소요) 일반408번 탑승 후 ⇒ 성안파출소 하차  ▶ (40분소요) 일반824번 탑승 후 ⇒ 성안파출소 하차  ▶ (30분소요) 일반422번, 462번 탑승 후 우정선경아파트 정류장에서 일반 108번으로 환승 ⇒ 성안파출소  하차  ▶ (35분소요) 일반422번 탑승 후 우정시장 정류장에서 일반 827번으로 환승 ⇒ 성안파출소  하차3. 고속버스터미널 방면 출발   ▶ (30분소요) 일반108번, 일반257번, 일반827번 탑승 ⇒ 성안파출소  하차  ▶ (30분소요) 일반837번, 일반 847번 탑승 후 성안입구 정류장에서 마을15번으로 환승 ⇒ 성안파출소  하차  ▶ (40분소요) 일반127번 탑승 후 달동사거리 정류장에서 일반 824번으로 환승 ⇒ 성안파출소  하차4. 울산공항 방면 출발   ▶ (25분소요) 리무진5005번 탑승 후 근로복지공단 산업인력공단 정류장에서 일반 827번으로 환승 ⇒ 성안파출소  하차  ▶ (30분소요) 리무진5005번 탑승 후 안전보건공단 동서발전 정류장에서 일반 257번으로 환승 ⇒ 성안파출소  하차  ▶ (30분소요) 리무진5005번 탑승 후 근로복지공단 산업인력공단 정류장에서 일반 824번으로 환승 ⇒ 성안파출소  하차5. 울산역 방면 출발  ▶ (40분소요) 리무진5003번 탑승 후 삼호교 정류장에서 일반 408번으로 환승  ⇒ 성안파출소  하차  ▶ (60분소요) 일반807번, 일반357번 탑승 후 삼호교 정류장에서 일반 408번으로 환승 ⇒ 성안파출소  하차"
13111000143,A03,31,110,효자실버요양원,00,NORMAL SERVICE.,A03,http://uhj.kr/,13111000143,효자실버요양원 건물 뒤 8대 주차장 완비,"울산중구 성안동 버스- 217 백양초등학교 사거리 하차- 818  백양초등학교 사거리 하차- 중구55 - 애니원고  하차- 중구 56 - 성안파출소 하차★ 성안동파출소에서 하차 후 아래로 계속 걸어오시면 우측에 침례교회 옆길로 직진 , 오른쪽 효자실버요양원"
13111000163,A03,31,110,효정요양원,00,NORMAL SERVICE.,A03,www.heavencare.co.kr,13111000163,요양원 앞 상가 주차장 이용 가능.,"울산광역시 중구 해오름길 11-8 (반구동. 다모필하우스 상가1층~4층) 전화: 052-945-1945 / 팩스: 052-945-1944대중교통 이용시 ( 반구사거리-> 학성초등학교 하차 , 학성초등학교 후문하차가능 ) - 103, 104, 106, 107, 114, 123, 127, 132, 203, 205, 225, 235, 402, 411, 412, 432, 442, 472, 701, 714번  좌석버스 5002번 자가용 이용시-  반구사거리에서 병영방향으로 GS칼텍스 주유소 뒤편 / 학성교→반구사거리에서 강동한의원주차장 옆 건물고속도로이용시 -울산IC→신복로타리 방향→ 우정사거리직진→ 가구삼거리→ 학성공원지나고→                           반구사거리에서 좌회전후 다모필하우스 상가로 오시면 됩니다."
13111000175,A03,31,110,울산광역시립노인요양원,00,NORMAL SERVICE.,A03,www.nosenose.or.kr,13111000175,주차시설완비,"일반버스 - 408,808,827고속도로이용시 - 울산IC→12Km 지점 신복로타리 방향→ 2시방향좌회전 북부순환도로,삼호교방향(경상일보건물옆도로진입후직진)→중구청방향 직진하여 삼호교 지나 북부순환도로진입→울산지방경찰청방향으로 직진→울산광역시교육청지나 2.5Km 지점 고가도로 밑 좌측방향→울산지방경찰청방향으로 좌회전→울산지방경찰청지나 직진→백양사사거리에서 직진→농협사거리에서 농협옆도로로 우회전→100m지점 백양초등학교 밑 좌측방향"
13111000147,A04,31,110,울산한우리노인요양센터,00,NORMAL SERVICE.,A04,없음,13111000147,8대,"울산광역시 중구 성안14길 49, 4층(성안동)"
13111000205,A04,31,110,A+백정애건강실버타운,00,NORMAL SERVICE.,A04,해당없음,13111000205,시설 앞 4대 주차가능,"찾아오시는 길 안내 A+백정애건강실버타운 (44418) 울산광역시 중구 백양로 208 (구 주소 : 성안동 406-3) 전화: 052-700-8155 / 팩스: 052-700-8156 (자가용 이용 시 찾아오는 길) 성안입구 → 울산지방경찰청 방면에서 직진→ 성안파출소에서 100m가량 직진하면 좌측편 첫 번째 건물 (버스 이용 시 찾아오는 길) 버스 이용 시 성안파출소에서 하차하시면 되고 성안파출소까지 오는 버스는 일반버스 108번, 408번, 824번, 257번, 827번, 마을버스 15번 버스입니다. 1. 시청 방면에서 출발할 경우 ▶ (30분소요) 일반147번 탑승 후 문화예술회관앞 정류장에서 일반 108번으로 환승 ⇒ 성안파출소 하차 ▶ (30분소요) 일반807번, 732번 탑승 후 목화예식장앞 정류장에서 일반 108번으로 환승 ⇒ 성안파출소 하차 2. 울산대학교 방면 출발 ▶ (30분소요) 일반408번 탑승 후 ⇒ 성안파출소 하차 ▶ (40분소요) 일반824번 탑승 후 ⇒ 성안파출소 하차 ▶ (30분소요) 일반422번, 462번 탑승 후 우정선경아파트 정류장에서 일반 108번으로 환승 ⇒ 성안파출소 하차 ▶ (35분소요) 일반422번 탑승 후 우정시장 정류장에서 일반 827번으로 환승 ⇒ 성안파출소 하차 3. 고속버스터미널 방면 출발 ▶ (30분소요) 일반108번, 일반257번, 일반827번 탑승 ⇒ 성안파출소 하차 ▶ (30분소요) 일반837번, 일반 847번 탑승 후 성안입구 정류장에서 마을15번으로 환승 ⇒ 성안파출소 하차 ▶ (40분소요) 일반127번 탑승 후 달동사거리 정류장에서 일반 824번으로 환승 ⇒ 성안파출소 하차 4. 울산공항 방면 출발 ▶ (25분소요) 리무진5005번 탑승 후 근로복지공단 산업인력공단 정류장에서 일반 827번으로 환승 ⇒ 성안파출소 하차 ▶ (30분소요) 리무진5005번 탑승 후 안전보건공단 동서발전 정류장에서 일반 257번으로 환승 ⇒ 성안파출소 하차 ▶ (30분소요) 리무진5005번 탑승 후 근로복지공단 산업인력공단 정류장에서 일반 824번으로 환승 ⇒ 성안파출소 하차 5. 울산역 방면 출발 ▶ (40분소요) 리무진5003번 탑승 후 삼호교 정류장에서 일반 408번으로 환승 ⇒ 성안파출소 하차 ▶ (60분소요) 일반807번, 일반357번 탑승 후 삼호교 정류장에서 일반 408번으로 환승 ⇒ 성안파출소 하차"
13114000234,A04,31,140,굿실버공동생활가정,00,NORMAL SERVICE.,A04,https://blog.naver.com/goodsilver68,13114000234,지상1층 다수,삼산동 농수산물 정류소 에서 태화강변 방향 밑으로 도보05분 울산 남구 남중로 91  만파식적 3층(섬선동)
13114000278,A04,31,140,더 즐거운공동생활가정,00,NORMAL SERVICE.,A04,https://band.us/@happyhomeulsan,13114000278,건물앞에 전용주차장이 마련되어있습니다.,"버스이용시 : 한국노총 버스번호 442, 514"
13117000032,A04,31,170,가은실버홈,00,NORMAL SERVICE.,A04,http://cafe.daum.net/pr71,13117000032,지하 주차장 이용 또는 센터 앞 주차장 이용,"1.문재사거리 도로변2.문현관- 차도건너서- GS칼택스옆-곰두리 렌트카 옆3.백화맨션-서울세탁소-우회전4.버스 승강장 송정2차 하차- 백화맨션-서울세탁소 우회전5.카카오 내비게이션에 -가은실버홈을 치시면 바로 안내 한답니다.(내비에 적용이 안되시면,,,곰두리렌트카 동구점을 치셔도 된답니다.)6.다음-길찾기-가은실버홈을 쳐보세요."
13117000088,A04,31,170,인애노인요양실버홈,00,NORMAL SERVICE.,A04,-,13117000088,건물 내 1층,버스 탑승 시 방어동행정복지센터 앞 정차
13120000102,A04,31,200,청담종합복지센터,00,NORMAL SERVICE.,A04,blog.naver.com/choc74,13120000102,4대,"호계 철길사거리 다이소 뒷편버스정류장북구 호계시장2리(25307) 158m 지선940,940,941,944,946,949,949,995,995,102,102,112,112,122,206,236,402,412,442,482,702 급행 5005시장2리(25308) 169m 지선940,941,944,946,949,995,102,112,122,206,236,402,412,442,482,702급행 5005북구 농소중학교(25310) 231m지선940,941,942,942,944,946,948,949,995,102,112,206,236,257,402,412,422,442,453,702,712"
13120000129,A04,31,200,백세재활복지센터,00,NORMAL SERVICE.,A04,현재 홈페이지 없음,13120000129,2대가능,"방어진방면에서 112 으로 농소중학교레서 하차모화에서 112,402,412 으로 농소중학교앞  하차"
23111000001,B01,31,110,국민노인돌봄지원플랫폼,00,NORMAL SERVICE.,B01,노인장기요양보험 홈페이지(블로그) 이용  http://www.longtermcare.or.kr,23111000001,건물 지하에 주차,"일반 : 128, 213, 225, 226, 236, 246, 422, 432, 452, 462, 472, 742직행 : 1224, 1432, 5003정류장 :병영사거리도보 2분 거리."
23111000002,B01,31,110,울산중구노인돌봄지원플랫폼,00,NORMAL SERVICE.,B01,http://www.with4u.or.kr,23111000002,주변 주차공간 있음(거주자 우선 주차구역),"중구 난곡10길 22 (태화동)버스정류장: 삼호교일반 707, 213, 533, 723좌석 1224급행 5003"
23111000150,B01,31,110,신울산노인재가복지센터,00,NORMAL SERVICE.,B01,blog.naver.com/sinulsan2020,23111000150,센터내 주차장을 이용하시거나 인근에 주차하시면 됩니다.,대중교통 : 버스 127.206.216.226.233.246.257.421.453. 신울산 시장 하차후 여성회관방향 으로 올라가시기전 cu편의점 앞.자가용 : 울산시 중구 서원7길 13 (반구2동 102-1 번지)도보 : 학성공원근처 중구 길메리 병원 앞에서 홈플러스 방향으로 300미터가량 올라오시면 코너에 4층 주간보호센터가 보입니다.
23111000154,B01,31,110,울산노인복지센터,00,NORMAL SERVICE.,B01,blog.naver.com/ulsan1230,23111000154,① 센터 주변 거주자 우선 주차 구역② 강변라인 노상 공영주차장(월~수 : 무료 / 목~일 : 유료)③ 강변공영주차장(유료),"일중로 5, 태화동 울산제일중학교 앞 하차(버스 : 114, 213, 418, 422, 438, 462, 523, 533, 713, 723, 763, 918,남 구14)"
23111000155,B01,31,110,더조은노인복지주간보호센터,00,NORMAL SERVICE.,B01,https://plusgood.modoo.at/,23111000155,센터 앞 주차장 및 맞은 편 거주자 우선주차공간(18시까지) 이용 가능,홈플러스 울산점(중구) 건너편 롯데하이마트 골목에서 도보 5분길메리 요양병원에서 도보 5분
23111000157,B01,31,110,다인재가복지센터,00,NORMAL SERVICE.,B01,blog.naver.com/35yyhj,23111000157,양호.,"1.  114, 215, 219, 236, 711, 722,724,742,762,731,735 번 시내버스- 중앙 전통 시장 하차 후  신호등 건너 도보 3분 거리 2. 742, 731, 762, , 724번 시내버스 중앙 전통 시장 입구 하차 후 2분 거리3. 216, 432, 472, 518,712,718,721,741,752 번 번영교 입구 시내버스 하차 후 신호등 건너 도보 3분 거리"
23111000161,B01,31,110,함월주야간보호센터,00,NORMAL SERVICE.,B01,https://blog.naver.com>chfhrto1107 / 네이버검색-함월주야간보호센터,23111000161,건물내 주차가능,"자가용 : 울산시 중구 함월로 37대중교통 :  마을버스 13번, 14번 정류소"
23111000167,B01,31,110,팔팔백세 방문요양센터,00,NORMAL SERVICE.,B01,blog.naver.com/88100age,23111000167,중구청 주차장을 이용해 주세요.,"대중교통 : 127, 214, 216, 257, 431, 802, 912, 5002  중구청 앞 하자마을버스 : 12  중구청 앞 하차"
23111000150,B02,31,110,신울산노인재가복지센터,00,NORMAL SERVICE.,B02,blog.naver.com/sinulsan2020,23111000150,센터내 주차장을 이용하시거나 인근에 주차하시면 됩니다.,대중교통 : 버스 127.206.216.226.233.246.257.421.453. 신울산 시장 하차후 여성회관방향 으로 올라가시기전 cu편의점 앞.자가용 : 울산시 중구 서원7길 13 (반구2동 102-1 번지)도보 : 학성공원근처 중구 길메리 병원 앞에서 홈플러스 방향으로 300미터가량 올라오시면 코너에 4층 주간보호센터가 보입니다.
23111000154,B02,31,110,울산노인복지센터,00,NORMAL SERVICE.,B02,blog.naver.com/ulsan1230,23111000154,① 센터 주변 거주자 우선 주차 구역② 강변라인 노상 공영주차장(월~수 : 무료 / 목~일 : 유료)③ 강변공영주차장(유료),"일중로 5, 태화동 울산제일중학교 앞 하차(버스 : 114, 213, 418, 422, 438, 462, 523, 533, 713, 723, 763, 918,남 구14)"
23111000155,B02,31,110,더조은노인복지주간보호센터,00,NORMAL SERVICE.,B02,https://plusgood.modoo.at/,23111000155,센터 앞 주차장 및 맞은 편 거주자 우선주차공간(18시까지) 이용 가능,홈플러스 울산점(중구) 건너편 롯데하이마트 골목에서 도보 5분길메리 요양병원에서 도보 5분
23111000157,B02,31,110,다인재가복지센터,00,NORMAL SERVICE.,B02,blog.naver.com/35yyhj,23111000157,양호.,"1.  114, 215, 219, 236, 711, 722,724,742,762,731,735 번 시내버스- 중앙 전통 시장 하차 후  신호등 건너 도보 3분 거리 2. 742, 731, 762, , 724번 시내버스 중앙 전통 시장 입구 하차 후 2분 거리3. 216, 432, 472, 518,712,718,721,741,752 번 번영교 입구 시내버스 하차 후 신호등 건너 도보 3분 거리"
23111000184,B02,31,110,강남재가노인복지센터,00,NORMAL SERVICE.,B02,,23111000184,,
23111000193,B02,31,110,조은아침중구복지센터,00,NORMAL SERVICE.,B02,없음,23111000193,건물 내 9대를 수용할 수 있는 주차장 있음.만차 시 주변 골목에 주차,■ 위치: 삼성레미안 403동 건너편 버스정류장 뒤■상세설명: URBAN TREE 독서실 건물 5층■ 버스 : 삼성래미안 아파트 건너편 버스승강장 하차 또는 홈플러스 앞에 내려 도보로 5분
23111000195,B02,31,110,동행노인복지센터,00,NORMAL SERVICE.,B02,blog.naver.com/dong900107,23111000195,센터 인근에 주차 공원주변 및 주택주변 주차사용,"대중교통 이용시 -  중구 다운사거리 동강병원 방향 1코스 (삼호교 버스정류장 앞) -  중구 태화로 시니어클럽 큰도로변 50m 윗쪽 -  중구 태화로 13, 2층 동행노인복지센터"
23111000150,B03,31,110,신울산노인재가복지센터,00,NORMAL SERVICE.,B03,blog.naver.com/sinulsan2020,23111000150,센터내 주차장을 이용하시거나 인근에 주차하시면 됩니다.,대중교통 : 버스 127.206.216.226.233.246.257.421.453. 신울산 시장 하차후 여성회관방향 으로 올라가시기전 cu편의점 앞.자가용 : 울산시 중구 서원7길 13 (반구2동 102-1 번지)도보 : 학성공원근처 중구 길메리 병원 앞에서 홈플러스 방향으로 300미터가량 올라오시면 코너에 4층 주간보호센터가 보입니다.
23111000155,B03,31,110,더조은노인복지주간보호센터,00,NORMAL SERVICE.,B03,https://plusgood.modoo.at/,23111000155,센터 앞 주차장 및 맞은 편 거주자 우선주차공간(18시까지) 이용 가능,홈플러스 울산점(중구) 건너편 롯데하이마트 골목에서 도보 5분길메리 요양병원에서 도보 5분
23111000161,B03,31,110,함월주야간보호센터,00,NORMAL SERVICE.,B03,https://blog.naver.com>chfhrto1107 / 네이버검색-함월주야간보호센터,23111000161,건물내 주차가능,"자가용 : 울산시 중구 함월로 37대중교통 :  마을버스 13번, 14번 정류소"
23111000162,B03,31,110,효정주간보호센터,00,NORMAL SERVICE.,B03,http://www.heavencare.co.kr/,23111000162,다모필하우스 아파트 주차장과 입구에 주차 가능합니다.,"울산광역시 중구 해오름길 11-8 (반구동. 다모필하우스 상가1층~4층) 전화: 052-945-1945 / 팩스: 052-945-1944대중교통 이용시 ( 반구사거리-> 학성초등학교 하차 , 학성초등학교 후문하차가능 ) - 103, 104, 106, 107, 114, 123, 127, 132, 203, 205, 225, 235, 402, 411, 412, 432, 442, 472, 701, 714번  좌석버스 5002번 자가용 이용시-  반구사거리에서 병영방향으로 GS칼텍스 주유소 뒤편 / 학성교→반구사거리에서 강동한의원주차장 옆 건물고속도로이용시 -울산IC→신복로타리 방향→ 우정사거리직진→ 가구삼거리→ 학성공원지나고→                           반구사거리에서 좌회전후 다모필하우스 상가로 오시면 됩니다."
23111000164,B03,31,110,울산정주간보호센터,00,NORMAL SERVICE.,B03,blog.naver.com/dhj746868,23111000164,건물 지하주차장 1층에 주차 후 엘리베이터를 타고 바로 이동하시면 됩니다.,"태화시장,우정시장 정류소 경유하면서 대중교통 이용시106,107,205,206,216,225,226,235,256,407,412,453,713,714,715,724,744우정동 정류소에서 하차하면 됩니다."
23111000165,B03,31,110,선경주야간보호센터,00,NORMAL SERVICE.,B03,blog.naver.com/sknochiwon,23111000165,-본 건물 주차장 무료-아파트 주차장 무료-장시간 주차 필요시 선경1차 아파트 관리사무소 임시주차증 발급 필요,-버스: 우정선경아파트 앞 하차 걸어서 10분소요-자가: 선경주간보호센터 또는 우정동 선경1차아파트 검색-주소: 울산광역시 우정3길 9 104동 앞
23111000168,B03,31,110,오월주간보호센터,00,NORMAL SERVICE.,B03,blog.naver.com/maydaycare153,23111000168,"건물뒤편 23대, 정면 4대 주차가능","북부순환도로- 무거동방면  214번,431번  테크노파크입구 하차 후 같은방향으로 도보 3분이내무거동- 북부순환도로 방면 214번, 431번 테크노파크입구 하차 후 건너편"
23111000177,B05,31,110,윤씨재가복지센터,00,NORMAL SERVICE.,B05,미운영,23111000177,건물앞,양사초등학교 뒷편 휴대폰 010-4681-0306
23111000218,B05,31,110,헤븐노인복지센터,00,NORMAL SERVICE.,B05,mrpcare.co.kr,23111000218,"건물 정면기준 좌측편 지하주차장 입구, 지하주차장 70여대 주차가능건물 뒷편 1층 주차장 20여대 주차가능","※ 남운학성타운 아파트 앞 볼링장 건물 울산가나타운(구, 학성스포렉스) 본관 2층 ※ 오시는 길 버스 안내1. 세민병원 앞</p>104, 106, 203, 205, 206, 216, 225, 226, 233, 256, 402, 412, 442, 827 2. 선거관리위원회 앞(조은사람들방문요양간호센터 앞)103, 104, 206, 216, 225, 233, 256, 411, 412, 421, 4723. 남운학성타운 앞 114, 442, 912"
23111000231,B05,31,110,가온누리재가방문요양센터,00,NORMAL SERVICE.,B05,"http://blog.com/my6064, http://cafe.naver.com/brown6184s",23111000231,무료,"523, 763, 1115, 533, 523, 225, 462, 713, 462, 438"
23120000094,B05,31,200,A+마르페 실버케어,00,NORMAL SERVICE.,B05,http://mrpcare.co.kr,23120000094,본 건물 뒤편1대 가능.혹은 강변에 주차가능.,"시내버스 메가마트 정류장 하차. 도보2분, 마을버스947 또는 945번 메가마트 하차."
23120000128,B05,31,200,미소방문간호센터,00,NORMAL SERVICE.,B05,blog.naver.com/smilenursing_,23120000128,센터 사무실 옆 주차 가능,"<버스정류장> 약수윗마을(71403) - 도보 82m (948번, 995번, 122번) 약수윗마을(71420) - 도보 86m (712번) 약수윗마을(71402) - 도보 90m (940, 948, 995, 122, 702) 중산중앙로교차로(71405) - 도보 114m (940,948,995)외 대중교통(버스이용)  다음 사이트 미소방문간호센터 검색하시면 찾아가는 길을 참고하실 수 있습니다."
23171000243,B05,31,710,화정방문간호센터,00,NORMAL SERVICE.,B05,,23171000243,1대,울산역 KTX로 오는 모든 교통편 이용가능
23111000149,B06,31,110,대신의료기상사,00,NORMAL SERVICE.,B06,없음,23111000149,20,울산광역시 중구 학성로136 (2층)
23111000159,B06,31,110,굿헬스의료기,00,NORMAL SERVICE.,B06,6892bc7755fda.site123.me,23111000159,상시주차1대가능,울산시 중구 반구정14길 40 (1층)
23111000211,B06,31,110,신기의료기,00,NORMAL SERVICE.,B06,m.singymall.kr,23111000211,매장 앞 주차공간 있음,"버스 경로 : 910,123,107,432,701번"
23111000222,B06,31,110,두날개복지센터,00,NORMAL SERVICE.,B06,.,23111000222,"센터 앞 공영주차장, 인근 거주자우선주차 가능",.
23111000234,B06,31,110,울산복지용구센터,00,NORMAL SERVICE.,B06,,23111000234,"건물 지하 1층 주차장 항시 이용 가능, 주차 후 상가 엘레베이터로 3층으로 오시면 됩니다",버스 이용 시 우정혁신도시 한국석유공사 앞 하자 후 도보로 2분(옆 건물)
23114000238,B06,31,140,행운의료기,00,NORMAL SERVICE.,B06,없음,23114000238,있음,
23114000249,B06,31,140,행복의료기,00,NORMAL SERVICE.,B06,,23114000249,,
33111000042,C01,31,110,옥선노인복지센터,00,NORMAL SERVICE.,C01,https://blog.naver.com/os_welfarecenter,33111000042,센터 사무실 뒷편 골목 거주자 주차구역(09:00-18:00시까지 주차 가능)을 이용해주시면 감사하겠습니다. ^^,"-대중교통(버스) 이용 안내10, 214, 256, 266, 421, 453번 삼성아파트 앞에서 하차삼성래미안아파트 길 건너 맞은편 다가치통닭 건물 2층입니다. ^^"
33111000048,C01,31,110,나도람노인복지센터,00,NORMAL SERVICE.,C01,http://blog.naver.com/mygoodok67,33111000048,① 센터 건물 주차장② 센터 건물 옆 산다화 앞 주차장,버스: 216  246  432  472  752  순환11  중구51 118  중구02  MBC 앞 하차     중구 효성해링턴플레이스 맞은편 나도람빌딩 2.3층
33111000063,C01,31,110,행복소망나눔 요양보호센터,00,NORMAL SERVICE.,C01,없음,33111000063,- 성신고 앞 소방도로 주차가능(10대)- 센터 건물 앞 도로 주차가능,"- < 버스 이용시 >  127, 147, 214, 422 번 : 동덕현대아파트 하차 후 MBC 사거리쪽으로 300M  236, 266, 453, 702, 1147 번 : 울산MBC 하차 후 육교쪽으로 300M- < 자가용 이용시 >   MBC 사거리에서 성신고 육교와 중간사이에 위치"
33111000064,C01,31,110,현대노인복지센터,00,NORMAL SERVICE.,C01,https://yoyang24.kr/facility/46292,33111000064,"자가용 이용 시: 학성동 남운학성타운 아파트 내부 주차 가능, 또는 가나타운(구 남운스포렉스) 건물 뒤 지상 주차장 이용","시내버스: 912번(남운학성타운 앞 하차), 그 외 노선 학성공원 하차 후, 학성새벽시장 방면으로 도보 10~15분 소요"
33111000071,C01,31,110,가나안 요양파견센터,00,NORMAL SERVICE.,C01,ds5bgn@hanmail.net,33111000071,,
33111000075,C01,31,110,연희재가노인복지센터,00,NORMAL SERVICE.,C01,없음,33111000075,"센터앞 주차장, 복산공영 주차장","북부순환도로에서 중구청방향 127,214,216,257,802,147,422,431,847중구청 버스정류장 하차 성지아파트앞 상가"
33111000076,C01,31,110,장수마을재가복지센터,00,NORMAL SERVICE.,C01,http://iposkr.com/homepage.php?id=jangsu,33111000076,지상 주차 5대 주차가능,전화 : 227-2388     fax : 261-1411대중교통 이용시 236번 205번 225번 중앙시장정류장 하차
33111000042,C02,31,110,옥선노인복지센터,00,NORMAL SERVICE.,C02,https://blog.naver.com/os_welfarecenter,33111000042,센터 사무실 뒷편 골목 거주자 주차구역(09:00-18:00시까지 주차 가능)을 이용해주시면 감사하겠습니다. ^^,"-대중교통(버스) 이용 안내10, 214, 256, 266, 421, 453번 삼성아파트 앞에서 하차삼성래미안아파트 길 건너 맞은편 다가치통닭 건물 2층입니다. ^^"
33111000045,C02,31,110,잉꼬 방문목욕센터,00,NORMAL SERVICE.,C02,"유튜브 운영 ""잉꼬목욕차"" 검색하세요",33111000045,사무실 근처에 적적히 주차공간이 있습니다.,사무실 주소로 찾아 오시면 사무실 앞 주차공간이 있습니다.
33111000048,C02,31,110,나도람노인복지센터,00,NORMAL SERVICE.,C02,http://blog.naver.com/mygoodok67,33111000048,① 센터 건물 주차장② 센터 건물 옆 산다화 앞 주차장,버스: 216  246  432  472  752  순환11  중구51 118  중구02  MBC 앞 하차     중구 효성해링턴플레이스 맞은편 나도람빌딩 2.3층
33111000063,C02,31,110,행복소망나눔 요양보호센터,00,NORMAL SERVICE.,C02,없음,33111000063,- 성신고 앞 소방도로 주차가능(10대)- 센터 건물 앞 도로 주차가능,"- < 버스 이용시 >  127, 147, 214, 422 번 : 동덕현대아파트 하차 후 MBC 사거리쪽으로 300M  236, 266, 453, 702, 1147 번 : 울산MBC 하차 후 육교쪽으로 300M- < 자가용 이용시 >   MBC 사거리에서 성신고 육교와 중간사이에 위치"
33111000064,C02,31,110,현대노인복지센터,00,NORMAL SERVICE.,C02,https://yoyang24.kr/facility/46292,33111000064,"자가용 이용 시: 학성동 남운학성타운 아파트 내부 주차 가능, 또는 가나타운(구 남운스포렉스) 건물 뒤 지상 주차장 이용","시내버스: 912번(남운학성타운 앞 하차), 그 외 노선 학성공원 하차 후, 학성새벽시장 방면으로 도보 10~15분 소요"
33111000071,C02,31,110,가나안 요양파견센터,00,NORMAL SERVICE.,C02,ds5bgn@hanmail.net,33111000071,,
33111000075,C02,31,110,연희재가노인복지센터,00,NORMAL SERVICE.,C02,없음,33111000075,"센터앞 주차장, 복산공영 주차장","북부순환도로에서 중구청방향 127,214,216,257,802,147,422,431,847중구청 버스정류장 하차 성지아파트앞 상가"
33111000048,C03,31,110,나도람노인복지센터,00,NORMAL SERVICE.,C03,http://blog.naver.com/mygoodok67,33111000048,① 센터 건물 주차장② 센터 건물 옆 산다화 앞 주차장,버스: 216  246  432  472  752  순환11  중구51 118  중구02  MBC 앞 하차     중구 효성해링턴플레이스 맞은편 나도람빌딩 2.3층
33111000076,C03,31,110,장수마을재가복지센터,00,NORMAL SERVICE.,C03,http://iposkr.com/homepage.php?id=jangsu,33111000076,지상 주차 5대 주차가능,전화 : 227-2388     fax : 261-1411대중교통 이용시 236번 205번 225번 중앙시장정류장 하차
33111000083,C03,31,110,백정애 건강실버타운,00,NORMAL SERVICE.,C03,www.백정애건강실버타운.kr,33111000083,건물 내 지하주차장에 8대 주차가능,"찾아오시는 길 안내백정애건강실버타운 (44417) 울산광역시 중구 백양로 205 (구 주소 : 성안동 406-10) 전화: 052-222-8155 / 팩스: 052-222-8166(자가용 이용 시 찾아오는 길)성안입구 → 울산지방경찰청 방면에서 직진→ 성안파출소 지나 화엄선원 보이면 우회전 하여 우측편 두 번째 건물. (버스 이용 시 찾아오는 길)버스 이용 시 성안파출소에서 하차하시면 되고 성안파출소까지 오는 버스는 일반버스 108번, 408번, 824번, 257번, 827번, 마을버스 15번 버스입니다. 1. 시청 방면에서 출발할 경우▶ (30분소요) 일반147번 탑승 후 문화예술회관앞 정류장에서 일반 108번으로 환승 ⇒ 성안파출소 하차▶ (30분소요) 일반807번, 732번 탑승 후 목화예식장앞 정류장에서 일반 108번으로 환승 ⇒ 성안파출소 하차2. 울산대학교 방면 출발 ▶ (30분소요) 일반408번 탑승 후 ⇒ 성안파출소 하차▶ (40분소요) 일반824번 탑승 후 ⇒ 성안파출소 하차▶ (30분소요) 일반422번, 462번 탑승 후 우정선경아파트 정류장에서 일반 108번으로 환승 ⇒ 성안파출소 하차▶ (35분소요) 일반422번 탑승 후 우정시장 정류장에서 일반 827번으로 환승 ⇒ 성안파출소 하차3. 고속버스터미널 방면 출발 ▶ (30분소요) 일반108번, 일반257번, 일반827번 탑승 ⇒ 성안파출소 하차▶ (30분소요) 일반837번, 일반 847번 탑승 후 성안입구 정류장에서 마을15번으로 환승 ⇒ 성안파출소 하차▶ (40분소요) 일반127번 탑승 후 달동사거리 정류장에서 일반 824번으로 환승 ⇒ 성안파출소 하차4. 울산공항 방면 출발 ▶ (25분소요) 리무진5005번 탑승 후 근로복지공단 산업인력공단 정류장에서 일반 827번으로 환승 ⇒ 성안파출소 하차▶ (30분소요) 리무진5005번 탑승 후 안전보건공단 동서발전 정류장에서 일반 257번으로 환승 ⇒ 성안파출소 하차▶ (30분소요) 리무진5005번 탑승 후 근로복지공단 산업인력공단 정류장에서 일반 824번으로 환승 ⇒ 성안파출소 하차5. 울산역 방면 출발▶ (40분소요) 리무진5003번 탑승 후 삼호교 정류장에서 일반 408번으로 환승 ⇒ 성안파출소 하차▶ (60분소요) 일반807번, 일반357번 탑승 후 삼호교 정류장에서 일반 408번으로 환승 ⇒ 성안파출소 하차"
33111000089,C03,31,110,울산한우리노인복지시설,00,NORMAL SERVICE.,C03,www.울산한우리노인복지시설.com,33111000089,"10대 가능(정문 주차장 2대, 주차장 8대 가능)","성안동 마을버스  14번 . 장애인종합복지관에서 하차 후 뒷 도로 북쪽성안 14길 49, 울산광역시 중구 성안동 482-11 울산한우리노인복지시설"
33111000106,C03,31,110,태화노인복지센터,00,NORMAL SERVICE.,C03,https://taehwanoin.tistory.com/,33111000106,1대 주차가능,"버스 213,412,533,남구14,중구57,723"
33111000109,C03,31,110,소중한노인복지센터,00,NORMAL SERVICE.,C03,blog.naver.com/0011seung,33111000109,건물 뒤 전용 주차장 마련되어 있습니다.,"주변 대중교통 (버스) A.학성초등학교    도보 2분   일반버스   114, 118, 128, 711, 715, 721, 735, 741, 순환11, 순환12, 순환21, 순환22, 1114, 724, 762 B. KTX 리무진버스   도보 2분   5002C.학성초등학교    일반버스   114, 118, 128, 711, 715, 721, 741, 762, 순환11, 순환12, 순환21, 1114, 724, 735"
33111000110,C03,31,110,베리굿실버복지센터,00,NORMAL SERVICE.,C03,http://blog.naver.com/vg7006,33111000110,건물 1층 주차장 이용 가능 (7대가능),"버스 [학성초등학교후문 정류장 하차]132, 203, 205, 235, 402, 412, 421, 432, 442, 701, 714"
33111000081,C05,31,110,지원재가노인복지센터,00,NORMAL SERVICE.,C05,hvgwoncenter@naver.com,33111000081,주변 주차공간 있음,"일반버스213번, 412번, 533번, 723번, 남구14번, 중구 57번제일중학교 앞 하차"
33111000083,C05,31,110,백정애 건강실버타운,00,NORMAL SERVICE.,C05,www.백정애건강실버타운.kr,33111000083,건물 내 지하주차장에 8대 주차가능,"찾아오시는 길 안내백정애건강실버타운 (44417) 울산광역시 중구 백양로 205 (구 주소 : 성안동 406-10) 전화: 052-222-8155 / 팩스: 052-222-8166(자가용 이용 시 찾아오는 길)성안입구 → 울산지방경찰청 방면에서 직진→ 성안파출소 지나 화엄선원 보이면 우회전 하여 우측편 두 번째 건물. (버스 이용 시 찾아오는 길)버스 이용 시 성안파출소에서 하차하시면 되고 성안파출소까지 오는 버스는 일반버스 108번, 408번, 824번, 257번, 827번, 마을버스 15번 버스입니다. 1. 시청 방면에서 출발할 경우▶ (30분소요) 일반147번 탑승 후 문화예술회관앞 정류장에서 일반 108번으로 환승 ⇒ 성안파출소 하차▶ (30분소요) 일반807번, 732번 탑승 후 목화예식장앞 정류장에서 일반 108번으로 환승 ⇒ 성안파출소 하차2. 울산대학교 방면 출발 ▶ (30분소요) 일반408번 탑승 후 ⇒ 성안파출소 하차▶ (40분소요) 일반824번 탑승 후 ⇒ 성안파출소 하차▶ (30분소요) 일반422번, 462번 탑승 후 우정선경아파트 정류장에서 일반 108번으로 환승 ⇒ 성안파출소 하차▶ (35분소요) 일반422번 탑승 후 우정시장 정류장에서 일반 827번으로 환승 ⇒ 성안파출소 하차3. 고속버스터미널 방면 출발 ▶ (30분소요) 일반108번, 일반257번, 일반827번 탑승 ⇒ 성안파출소 하차▶ (30분소요) 일반837번, 일반 847번 탑승 후 성안입구 정류장에서 마을15번으로 환승 ⇒ 성안파출소 하차▶ (40분소요) 일반127번 탑승 후 달동사거리 정류장에서 일반 824번으로 환승 ⇒ 성안파출소 하차4. 울산공항 방면 출발 ▶ (25분소요) 리무진5005번 탑승 후 근로복지공단 산업인력공단 정류장에서 일반 827번으로 환승 ⇒ 성안파출소 하차▶ (30분소요) 리무진5005번 탑승 후 안전보건공단 동서발전 정류장에서 일반 257번으로 환승 ⇒ 성안파출소 하차▶ (30분소요) 리무진5005번 탑승 후 근로복지공단 산업인력공단 정류장에서 일반 824번으로 환승 ⇒ 성안파출소 하차5. 울산역 방면 출발▶ (40분소요) 리무진5003번 탑승 후 삼호교 정류장에서 일반 408번으로 환승 ⇒ 성안파출소 하차▶ (60분소요) 일반807번, 일반357번 탑승 후 삼호교 정류장에서 일반 408번으로 환승 ⇒ 성안파출소 하차"
33111000122,C05,31,110,스마일재가노인복지센터,00,NORMAL SERVICE.,C05,없음,33111000122,스마일재가노인복지센터 건물 내 주차 가능(스마일재가노인복지센터 1층),"시청 앞, 태화루 708번 다운파출소 하차울산대학교 앞 214번 다운파출소 하차척과초등학교 718,708번 다운파출소 하차"
33111000138,C05,31,110,돌보미 재가노인 복지센터,00,NORMAL SERVICE.,C05,https://blog.naver.com/ehfqhal2115,33111000138,"없음, 거주자 주차 위주로 해야 함.",세민에스 요양병원 건너편 건물 2층 (학성교 지난후 바로)버스편: 216(농소공영차고지순환)(달동사거리) → 학성공원 정류장 하차            432(지원2)(율리출발)(공업탑) → 학남 정류장 하차            106(꽃바위순환)(달동사거리) → 학성공원 정류장 하차
33114000091,C05,31,140,마더스노인복지센터,00,NORMAL SERVICE.,C05,없음,33114000091,"센터앞 주차장 및마더스병원 제 1, 2, 주차장 및 지하주차장","버스안내1104, 1114, 1127, 117, 126, 127, 1401, 1402, 1705, 1715, 246, 307, 401, 407, 417, 507, 527, 537, 702, 704, 705, 712, 714, 715, 722, 724, 728, 732, 734, 744, 827 소요시간시외/고속버스터미널 하차시 : 걸어서 2분롯데백화점 하차시 : 걸어서 5분현대백화점 하차시 : 걸어서 10분"
33117000062,C05,31,170,사랑의 손길 재가센터,00,NORMAL SERVICE.,C05,없음,33117000062,"그린나래 원룸 주차장, 미래아동병원 뒷편 사거리에 주차 가능 합니다","울산 동구 남목3길 14-1 그린나래 302호1.버스로 오시면 102, 103, 104, 106, 107, 108, 112, 114, 122, 123, 126,127,132,133, 134, 401, 411, 431, 5002번을 이용하시고2. 승용차로 오시면 미래 아동 병원 뒷편 사거리에 주차하시면 됩니다1, 2번 하시고 남목 미래아동병원 뒷편으로 올라오셔서 사거리가 나오면 남목1동 행정복지센터 반대쪽으로 200미터 정도 올라오셔서 우측 청아하우스 뒷편 그린나래 원룸 3층 302호 입니다 1층 현관에서 302 콜 하세요~^^울산 동구 남목3길 14-1 그린나래 302호"
33120000042,C05,31,200,양지노인복지센터,00,NORMAL SERVICE.,C05,blog.naver.com/powert09,33120000042,주차시설이 협소하오니 주위에 있는 호계시장 공영주차장을 이용해 주시기 바랍니다,"<대중교통 이용시>북구01, 북구02, 북구03, 북구04, 북구06, 북구08, 북구09, 북구11, 북구12, 112, 122, 217, 432, 462, 732, 752, 762, 1452, 1462번 버스를 이용하시고'농소1동 행정복지센터' 정류장에 하차 후 행정복지센터 방면으로 도보 3분"
33111000041,C06,31,110,새광명의료기,00,NORMAL SERVICE.,C06,.,33111000041,,
33111000062,C06,31,110,건강의료기,00,NORMAL SERVICE.,C06,없음,33111000062,"매장 근처 50m에 문화공영주차장과 시내 옥교공영, 성남공영주차장이 있습니다.","성남동 시계탑사거리 경남은행 옆(울산초등학교방향)에 있고 매장 바로앞 또는 주변에 시내버스, 마을버스 정류장과 주차시설이 많아,  병의원 진료,중앙시장, 뉴코아아울렛 쇼핑, 휴대폰거리 방문등으로 시내 나오시면 저희 복지용구매장 및 요양센터에 들리시기 편리합니다.^^"
33111000084,C06,31,110,세운의료기 보조기도매센타,00,NORMAL SERVICE.,C06,없음,33111000084,기관 앞 주차가능,버스 이용 가능
33111000091,C06,31,110,백세의료기,00,NORMAL SERVICE.,C06,https://blog.naver.com.usbekse,33111000091,주차는 사업소 앞에 하시면 됩니다.,울산 중구 구루미 7길 77-4 1층 다운동 연화탕 뒷편에 있습니다.
33111000103,C06,31,110,보드미의료기,00,NORMAL SERVICE.,C06,,33111000103,,
33111000138,C06,31,110,돌보미 재가노인 복지센터,00,NORMAL SERVICE.,C06,https://blog.naver.com/ehfqhal2115,33111000138,"없음, 거주자 주차 위주로 해야 함.",세민에스 요양병원 건너편 건물 2층 (학성교 지난후 바로)버스편: 216(농소공영차고지순환)(달동사거리) → 학성공원 정류장 하차            432(지원2)(율리출발)(공업탑) → 학남 정류장 하차            106(꽃바위순환)(달동사거리) → 학성공원 정류장 하차
33114000047,C06,31,140,신우메디칼통상,00,NORMAL SERVICE.,C06,www.shinwoomedic.com,33114000047,"없음,,",무거로타리에서 삼호교 방면 좌측 좋은삼정병원 옆에 위치하고 있습니다.
13111000007,G31,31,110,늘푸른노인전문요양원,00,NORMAL SERVICE.,G31,www.ulsansilver.or.kr,13111000007,약 50대 가능,차량노선-108 - 성안동 출발 → 향교 → 장춘로 → KBS홀 → 현대백화점 → 울산역 → 현대자동차 → 문현관 → 꽃바위-408 - 성안동 출발 → 경찰청 →  북부순환도로 → 제일중 → 신삼호교 → 정광로 → 울산대 → 율리-808 - 성안동 출발 → 옥교동 → 학성공원 → 중구청→ 성안동-824 - 성안동 출발 → 태화교 → 시청 → 공업탑 → 법원 → 울산대 → 율리 -127 - 꽃바위 → 현대중공업 → 반구사거리 → 중구청 → 향교 → 시청 → 현대백화점 → 울산역(성안입구에서 마을버스030번으로 환승) 애니원고등학교 입구 하차하시면 학교 정문 맞은편승용차이용시 - 성안입구로 직진 -> 경찰정 -> 백련유치원(1km직진)에서 우회전 -> 애니원고등학교 정문 맞은편
13111000008,G31,31,110,늘푸른노인요양원,00,NORMAL SERVICE.,G31,www.ulsansilver.or.kr,13111000008,승용주차:15면(이면도로 40면가능)대형버스 주차가능,808번: 성안 - 우정동- 성남동- 학성공원- 중구청- 성안동 827번: 울산역 - 삼산동- 달동 - 공업로타리 - 시청 - 태화로타리 - 우정동 - 백양사- 성안청구408번: 율리 - 울산대학 -  정광사로 - 제일중 - 북부순환 - 경찰청 - 성안동마을버스13번 노선: 태화시장 - 향교삼거리-동원-성안입구-금호@-청구@
13117000004,G31,31,170,다비다노인요양원,00,NORMAL SERVICE.,G31,http://band.us/#!/band/61022674?_=_,13117000004,5대 주차 가능,"버스 :  106, 107, 114, 117, 124, 126, 131좌석버스 : 1421송정타워 앞 하차동구노인회관 바로 옆"
13120000124,G31,31,200,울산북구실버케어센터,00,NORMAL SERVICE.,G31,울산북구실버케어센터.com,13120000124,옥외주차장 29면,"티맵이나 카카오맵 내비에 울산북구실버케어센터 검색하셔서 안내 경로로 오세요. (저희 기관 입간판이 왼쪽에 보이면 100m 가셔서 불법 U턴 하셔야 하고, 한참 더 가셔도 불법 U턴 하셔야 합니다.)승용차 이용 추천합니다.대중교통 이용시 도보시간 20분 이상 소요 됨으로 지양 바랍니다."
13111000007,G32,31,110,늘푸른노인전문요양원,00,NORMAL SERVICE.,G32,www.ulsansilver.or.kr,13111000007,약 50대 가능,차량노선-108 - 성안동 출발 → 향교 → 장춘로 → KBS홀 → 현대백화점 → 울산역 → 현대자동차 → 문현관 → 꽃바위-408 - 성안동 출발 → 경찰청 →  북부순환도로 → 제일중 → 신삼호교 → 정광로 → 울산대 → 율리-808 - 성안동 출발 → 옥교동 → 학성공원 → 중구청→ 성안동-824 - 성안동 출발 → 태화교 → 시청 → 공업탑 → 법원 → 울산대 → 율리 -127 - 꽃바위 → 현대중공업 → 반구사거리 → 중구청 → 향교 → 시청 → 현대백화점 → 울산역(성안입구에서 마을버스030번으로 환승) 애니원고등학교 입구 하차하시면 학교 정문 맞은편승용차이용시 - 성안입구로 직진 -> 경찰정 -> 백련유치원(1km직진)에서 우회전 -> 애니원고등학교 정문 맞은편
13111000008,G32,31,110,늘푸른노인요양원,00,NORMAL SERVICE.,G32,www.ulsansilver.or.kr,13111000008,승용주차:15면(이면도로 40면가능)대형버스 주차가능,808번: 성안 - 우정동- 성남동- 학성공원- 중구청- 성안동 827번: 울산역 - 삼산동- 달동 - 공업로타리 - 시청 - 태화로타리 - 우정동 - 백양사- 성안청구408번: 율리 - 울산대학 -  정광사로 - 제일중 - 북부순환 - 경찰청 - 성안동마을버스13번 노선: 태화시장 - 향교삼거리-동원-성안입구-금호@-청구@
13120000124,G32,31,200,울산북구실버케어센터,00,NORMAL SERVICE.,G32,울산북구실버케어센터.com,13120000124,옥외주차장 29면,"티맵이나 카카오맵 내비에 울산북구실버케어센터 검색하셔서 안내 경로로 오세요. (저희 기관 입간판이 왼쪽에 보이면 100m 가셔서 불법 U턴 하셔야 하고, 한참 더 가셔도 불법 U턴 하셔야 합니다.)승용차 이용 추천합니다.대중교통 이용시 도보시간 20분 이상 소요 됨으로 지양 바랍니다."
13120000124,G33,31,200,울산북구실버케어센터,00,NORMAL SERVICE.,G33,울산북구실버케어센터.com,13120000124,옥외주차장 29면,"티맵이나 카카오맵 내비에 울산북구실버케어센터 검색하셔서 안내 경로로 오세요. (저희 기관 입간판이 왼쪽에 보이면 100m 가셔서 불법 U턴 하셔야 하고, 한참 더 가셔도 불법 U턴 하셔야 합니다.)승용차 이용 추천합니다.대중교통 이용시 도보시간 20분 이상 소요 됨으로 지양 바랍니다."
13120000124,G34,31,200,울산북구실버케어센터,00,NORMAL SERVICE.,G34,울산북구실버케어센터.com,13120000124,옥외주차장 29면,"티맵이나 카카오맵 내비에 울산북구실버케어센터 검색하셔서 안내 경로로 오세요. (저희 기관 입간판이 왼쪽에 보이면 100m 가셔서 불법 U턴 하셔야 하고, 한참 더 가셔도 불법 U턴 하셔야 합니다.)승용차 이용 추천합니다.대중교통 이용시 도보시간 20분 이상 소요 됨으로 지양 바랍니다."
23111000218,H31,31,110,헤븐노인복지센터,00,NORMAL SERVICE.,H31,mrpcare.co.kr,23111000218,"건물 정면기준 좌측편 지하주차장 입구, 지하주차장 70여대 주차가능건물 뒷편 1층 주차장 20여대 주차가능","※ 남운학성타운 아파트 앞 볼링장 건물 울산가나타운(구, 학성스포렉스) 본관 2층 ※ 오시는 길 버스 안내1. 세민병원 앞</p>104, 106, 203, 205, 206, 216, 225, 226, 233, 256, 402, 412, 442, 827 2. 선거관리위원회 앞(조은사람들방문요양간호센터 앞)103, 104, 206, 216, 225, 233, 256, 411, 412, 421, 4723. 남운학성타운 앞 114, 442, 912"
23117000069,H31,31,170,남목노인복지관 부설 치매보호센터,00,NORMAL SERVICE.,H31,http://www.nammoknoin.or.kr/bbs/content.php?co_id=business08,23117000069,복지관 주차장 이용,꽃바위 방면: 남목1동 하차102 103 104 106 107 108 112 114 122 123 126 127 132 133 134 401 411 431 5002 33염포삼거리 방면: 남목1동 하차101 102 103 104 106 107 108 112 114 122 123 126 127 132 133 134 401 411 431 5002 33
23117000082,H31,31,170,밝은미소 재가실버케어,00,NORMAL SERVICE.,H31,https://blog.naver.com/bems9979,23117000082,1층 주차공간 - 약 15대 주차가능 / 장애인 주차장 1대 가능,"정차버스 - 111,112,114,118,121,122,128,134,142,711,741,1114,1115,1134,1411,5002일산해수욕장과 울기등대 사이 대로변에 위치.화정소방서 바로 맞은편에 있습니다."
13117000004,M31,31,170,다비다노인요양원,00,NORMAL SERVICE.,M31,http://band.us/#!/band/61022674?_=_,13117000004,5대 주차 가능,"버스 :  106, 107, 114, 117, 124, 126, 131좌석버스 : 1421송정타워 앞 하차동구노인회관 바로 옆"
13171000142,S41,31,710,효녀심청의집,00,NORMAL SERVICE.,S41,cpapol@hanmail.net,13171000142,승용차 2대 주차 가능.,상북면 능산마을 cu편의점 30m앞.
13611000061,A03,36,110,세종우리요양원,00,NORMAL SERVICE.,A03,http://www.woorisilver.net/,13611000061,건물 앞쪽으로 넓은 주차시설,"자가용 이용 시 정부세종청사 20분 거리 / 고운동, 해밀동에서 15분 거리 / 조치원역에서 10분 거리에 위치합니다.<자가용> 조치원에서 대전방향으로 월하오거리에서 우회전 →  봉암다리에서 우회전 →  세종농업기술센터에서 고복저수지 방면으로 1.5km 직진 → 우리요양원 간판 있습니다.<버스> 74번, 72번 이용"
13611000067,A03,36,110,세종행복요양원,00,NORMAL SERVICE.,A03,http://세종시행복실버홈요양원.com/,13611000067,요양원 앞마당 및 주변지역  주차공간 있음(약 13대 가능)주변지역 주차가능 공간 많음,조치원역에서  전의 방면으로 승차시 약 13분소요조치원역에서 801번버스 탑승 후 심중2리입구 정거장(남원추어탕 앞)에서 하차. 전의방면으로 1~2분 도보. 길가 우측에 위치오송역에서 15분 거리두루타버스 활용시설
13611000087,A03,36,110,세종에덴요양원,00,NORMAL SERVICE.,A03,https://sejongeden.modoo.at,13611000087,10대주차가능휠체어 이동가능와상 휠체어 이동가능,세종특별자치시 조치원역 부근에 위치하여 전국어디나 편리한 교통요지이며 찾기도 쉽습니다.용산역에서 조치원역 (약 1시간 20분소요) - 세종에덴요양원까지 도보로 5분 대전역-조치원역 (20분소요) - 세종에덴요양원까지 도보로 5분 동대구역-조치원역 (2시간30분소요)  - 세종에덴요양원까지 도보로 5분광주송정역-조치원역 (2시간 40분) - 세종에덴요양원까지 도보로 5분목포역-조치원역 (3시간 30분) - 세종에덴요양원까지 도보로 5분창원중앙역-조치원역 (3시간) - 세종에덴요양원까지 도보로 5분영주역-조치원역 (2시간30분) - 세종에덴요양원까지 도보로 5분
13611000090,A03,36,110,세종천애안요양원,00,NORMAL SERVICE.,A03,cheonaean.com,13611000090,주차 6대 가능,조치원 서부역에서 세종시청 방면 도보 3분세종시 버스 1000번 이용가능
13611000099,A03,36,110,성덕효성원,00,NORMAL SERVICE.,A03,http://sd1365.org/,13611000099,8대 이상 주차 가능합니다.,62번 버스가 지나갑니다.(세종시시외버스터미널 경유하는 버스)
13611000113,A03,36,110,세종실버타운 평강요양원,00,NORMAL SERVICE.,A03,http://pkyoyang.co.kr/,13611000113,20대 가능,"● 자동차서울에서 오실 때경부고속도로 => 천안논산고속도로 => 풍세IC => 1번국도 => 송성리IC => 우회전 후 5km 가량 오시면 오른쪽에 진입로가 있습니다조치원에서 오실 때조치원 => 1번국도 천안방향 => 전동교차로에서 우회전 => 고가길 내려온 후 한마음효병원 방향으로 좌회전 => 7km 직진 후 송성삼거리에서 우회전하시면 왼쪽에 진입로가 있습니다● 대중교통조치원역 - 95번, 93번, 94번전의역 - 81번"
13611000133,A03,36,110,VIP요양원,00,NORMAL SERVICE.,A03,http://vip요양원.kr,13611000133,건물 앞 주차시설 완벽(15대 정도 주차 가능)언제든 방문해 주세요^^,"1.버스:조치원버스터미널에서 송정리행93번(1일 13회운행), 94번(1일 6회운행) 타시고 송정리(행골) 버스 승강장에 하차 2.승용차(자차): 대전에서 천안 방향으로 가는 1번국도타고 오시다가 홍익대 조치원캠퍼스를 지나 국제연수원 네거리로 직진 후 300m에서           1시방향(상봉리,송곡리방향)으로 내려오셔서 송곡리 방향으로 좌회전, 계속 직진 후 송곡리보건소 지나 차량으로 2km(약 5분소요)오시면            도로 왼쪽에 4층 건물인 세종VIP요양원 있습니다."
13611000150,A03,36,110,세종해밀 요양원,00,NORMAL SERVICE.,A03,blog.naver.com/haemil_8660,13611000150,야외주차장 9대 주차가능,시내버스: 세종시외버스터미널62번 승차-성덕1리에서 하차대전 복합터미널 105 → 급행  B1(BRT)(한남오거리(BRT)) → 마을  62(금강수목원(산림박물관)방면)(용포리) → 성덕1리정류장 하차   버스정류장 17개  | 총 32.82km
13611000160,A03,36,110,세종마음숲요양원 고운점,00,NORMAL SERVICE.,A03,sjplatinum.co.kr,13611000160,"지하주차장 B2/B3 지정구역이용지하주차장 만차시, 바로옆 주민복지센타 이용가능(1시간 무료)","세종터미널에서 1004번 버스, 1005번 버스 탑승 약 40분 조치원역에서 자동차로 약 20세종시청에서 차로 20분"
13611000162,A03,36,110,더 사랑 요양원,00,NORMAL SERVICE.,A03,http://더사랑요양원.com,13611000162,있음(차량 8대),"- 고운동 두루고등학교 정류장(지선 201번, 광역 1005번) - 고운동 가락초등학교 정류장(지선 202번, 221번) - 가락마을10.13단지, 가락마을17.18단지(광역 1003번)  버스정류장 → 요양원 (요양원 차량 연계 운행) - 장군면 두루타 노선2 (콜센터 1644-8255, 사전예약)    장군면사무소(또는 장군면복지회관) → 요양원 (약수사,독골 방향)"
13611000166,A03,36,110,세종요양원,00,NORMAL SERVICE.,A03,www.sejongsilver.co.kr,13611000166,10대 주차 가능,"- 도보 1분 거리에 버스정류장 있음.- 조치원 일원, 신도시 등 세종시 전지역 쉽게 접근 가능- 주변 근방에서 도보 가능"
13611000167,A03,36,110,세종굿모닝요양원,00,NORMAL SERVICE.,A03,없음,13611000167,언제든지 오시면 편히 주차 할수 있는 공간이 많습니다.,서창행복주택 맞은편에 위치함. 조치원역에서 천안방면으로 도보로 15분 승용차로 3분거리.
13611000168,A03,36,110,조이실버케어요양원,00,NORMAL SERVICE.,A03,blog.naver.com/joysilver7900,13611000168,A동 앞 주차장 / B동 1층 주차장 / 건물 뒷쪽 주차장,62번 세종고속시외터미널방면 <-> 금강수목원(산림박물관)580번 종합버스터미널(옥룡동방면) <-> 도남리(산림박물관)581번 공주여고(종점) <-> 도남리(산림박물관)
13611000182,A03,36,110,세종시립요양원,00,NORMAL SERVICE.,A03,http://sejongcare.com/,13611000182,주차시설 완비,"세종시립요양원 주소 : 세종특별자치시 조치원읍 수원지1길 16, 세종시립요양원조치원버스터미널에서 도보 10분거리조치원버스터미널에서 마을버스 71번, 94번, 92번, 91번 탑승하여 세종중학교 하차 및 도보이동조치원 기차역에서 801번 버스 탑승하여 세종중학교 하차 및 도보이동"
13611000143,A04,36,110,늘평안 노인요양공동생활가정,00,NORMAL SERVICE.,A04,https://blog.naver.com/npa1430,13611000143,차량 6대를 주차할수 있는 넓은 공간이 있습니다. ^*많이 이용해주시기 바랍니다.,조치원역에서 601번을 타서 세종교통 차고지 정류장에 하차하시면 늘평안 요양원이 있습니다. ^^
13611000203,A04,36,110,약산실버홈,00,NORMAL SERVICE.,A04,yssilverh.org,13611000203,5대이상 주차공간 여유있음.,자차이용시 금남면사무소에서 성덕다리를 건너 직진하면 좌측으로 위치함.세종터미널에서 62번 차량 탑승하면 요양원 앞에서 하차함.시청에서 7분거리.
23611000109,B01,36,110,행복한주간보호센터,00,NORMAL SERVICE.,B01,blog.naver.com/happy_daycare,23611000109,"지하 1, 2, 3층 총 42대 주차 가능","버스 이용시  - 대전반석역 BRT 1000, 1004, 1005번 - 세종시외버스터미널 BRT (가락마을 17, 18단지 하차 후 도보 3분)  - 도램마을 아파트 정류장 BRT 201번 (가락마을 17, 18단지 하차 후 도보 3분)  - 조치원역 500, 1000번 (두루초듣학교 하차 후 도보 5분)자가용 이용시  - 세종시 마음안1로 155 성진프라자"
23611000125,B01,36,110,세종우리노인복지센터,00,NORMAL SERVICE.,B01,blog.naver.com/woori_daycare,23611000125,"지하주차장(B1, B2, B3)","1. 한솔동(첫마을) - 430, 655, 991,204, 1000,1005, 612. 한솔동첫마을 - 7513. 한솔동 - 900,990,1001"
23611000129,B01,36,110,휴먼주간보호센터,00,NORMAL SERVICE.,B01,휴먼주간보호센터.kr,23611000129,"세종특별자치시 세종시 세종로 1219, 세종중앙타워 지하주차장",센터 앞 버스 정류장이 있습니다. 자동차 이용가능조치원에서 오실경우 1000번 버스 이용가능
23611000131,B01,36,110,세종고운재가복지센터,00,NORMAL SERVICE.,B01,세종고운재가복지센터.com,23611000131,아파트상가주차장또는 사무실앞 주변도로 하차공간 많음,대중교통: 1005번/201/1004번 운행중               고운동 복합커뮤니티센터남측 하차 고운초등학교쪽으로 내려오면 가락마을 208동 과 투섬플레이스커피전문점 사이(204동1층)
23611000132,B01,36,110,유정재가복지원,00,NORMAL SERVICE.,B01,없음,23611000132,주택 뒷편 주차 가능,"금성교차로에서 7분거리, 홈프러스에서 5분거리"
23611000135,B01,36,110,가정재가복지센터,00,NORMAL SERVICE.,B01,담당번호 : 010-5858-5760,23611000135,"건물 내 주차시설 이용 가능하며, 방문객은 1시간 무료주차가 가능함.장애인 주차구역 있음","버스■ 세종고속시외버스터미널 방향한누리대로 인근 버스정류장에서 하차 후 도보 이동 가능■ 세종시청·교육청 방향시내버스 이용 후 인근 정류장 하차, 도보 이동 가능■ 조치원역 및 오송역 방향시내버스 이용 후 한누리대로 인근 정류장 하차, 도보 이동 가능■ 대전 반석역 방향광역버스 이용 후 인근 정류장 하차, 도보 이동 가능자가용■ 세종시 전 지역 및 인근 지역에서 한누리대로를 통해 접근 가능■ 내비게이션 검색가정재가복지센터 또는 세종특별자치시 한누리대로 2270 스타뷰타워 612호"
23611000140,B01,36,110,민들레재가노인복지센터,00,NORMAL SERVICE.,B01,blog.naver.com/ddl4744,23611000140,사무실 앞 주차가능,"천안 터미널 출발:  700,710,702번 소정면 사무소, 소정리역 하차 도보 4분 거리전의역 출발:  85번 소정리역 하차 도보 4분 거리세종 시외 버스 터미널 출발:  991번  소정리역 하차 도보 4분 거리"
23611000148,B01,36,110,더힐링 세종전원주간보호센터,00,NORMAL SERVICE.,B01,blog.naver.com/didimdol6687,23611000148,건물 주차장,"-가락마을 9-10단지 사이. 자동차 이용 가능.-대중교통(버스) 이용시 201번,1003번,1004번 등 가락마을 10단지,13단지 앞 하차 후 가락마을 9-10단지 사잇길로 도보로 약 10분 정도 소요"
23611000153,B01,36,110,세종재가복지센터,00,NORMAL SERVICE.,B01,www.sejonghomecare.co.kr,23611000153,아파트 단지내  또는 이면 도로에 주차,조치원 역에서 도보로 5분 거리
23611000154,B01,36,110,세종특별자치시 사회서비스원 세종종합재가센터,00,NORMAL SERVICE.,B01,sj.pass.or.kr/main/,23611000154,센터 앞 8대 정도 주차할 수 있음,"버스 간선 : 991, 550, 551, 601, 801   광역: 1000       지선 : 13, 11, 12, 300, 910       일반 : 52, 525, 500, 502,  좌석 : 502(청주시내버스)       마을 : 76, 16, 17, 31자가용 : 남세종IC → 태평교차로 오른쪽 도로 → 상리사거리 좌호전 → 시민회관 사거리 우회전 → 수원지길 좌회전 후 즉시 우회전 → 세종특별시자치시광역치매센터"
23611000155,B01,36,110,세종통합돌봄센터,00,NORMAL SERVICE.,B01,www.세종통합돌봄센터.kr,23611000155,본 건물 지하주차장 이용 가능 (주차권 2시간 발행),"반석역 방면(대전 1호선) - BRT B2 (새롬동·나성동 정류장 하차), 1000번 버스 (새롬동·나성동 정류장 하차), 1005번 (첫마을1단지 정류장 하차)조치원역 방면 - 991번 (새롬동·나성동 정류장 하차), 1000번 버스 (새롬동·나성동 정류장 하차), 601번 (첫마을1단지 정류장 하차)오송역 방면 - BRT B1 (새롬동·나성동 정류장 하차), BRT B2 (새롬동·나성동 정류장 하차), BRT B3 (새롬동·나성동 정류장 하차)"
23611000157,B01,36,110,한누리재가장기요양기관,00,NORMAL SERVICE.,B01,https://blog.naver.com/mikwang0113,23611000157,마드리드 빌딩 A동  지하2층~4층 주차장,"202,222번,273번,275번,B5번,1000번 버스 탑승 시립도서관, 대법원등기정보센타 정류장 하차 도보 5분이내"
23611000159,B01,36,110,행복드림 재가방문요양센터,00,NORMAL SERVICE.,B01,blog.naver.com/mk713,23611000159,[주차시설]-세종고용복지센터 주차타워(1층~3층),"[대중교통]- 조치원공영버스터미널 및 세종고용복지센터에서 도보로 5분거리에 위치- 조치원역에서 도보로 20분 거리에 위치- 502번,521번, 525번 조치원터미널(서평리, 중봉리방면) 버스정류장  하차하여 온누리약국옆 골목- 502번,521번, 525번 조치원터미널(조치원 전통시장 북층방면) 버스정류장 하차하여 길건너 거부장(식당) 골목"
23611000135,B02,36,110,가정재가복지센터,00,NORMAL SERVICE.,B02,담당번호 : 010-5858-5760,23611000135,"건물 내 주차시설 이용 가능하며, 방문객은 1시간 무료주차가 가능함.장애인 주차구역 있음","버스■ 세종고속시외버스터미널 방향한누리대로 인근 버스정류장에서 하차 후 도보 이동 가능■ 세종시청·교육청 방향시내버스 이용 후 인근 정류장 하차, 도보 이동 가능■ 조치원역 및 오송역 방향시내버스 이용 후 한누리대로 인근 정류장 하차, 도보 이동 가능■ 대전 반석역 방향광역버스 이용 후 인근 정류장 하차, 도보 이동 가능자가용■ 세종시 전 지역 및 인근 지역에서 한누리대로를 통해 접근 가능■ 내비게이션 검색가정재가복지센터 또는 세종특별자치시 한누리대로 2270 스타뷰타워 612호"
23611000153,B02,36,110,세종재가복지센터,00,NORMAL SERVICE.,B02,www.sejonghomecare.co.kr,23611000153,아파트 단지내  또는 이면 도로에 주차,조치원 역에서 도보로 5분 거리
23611000169,B02,36,110,기쁨방문요양센터,00,NORMAL SERVICE.,B02,없음,23611000169,세종한신휴시티 건물 지하 1~3층 무료 주차 가능,"세종특별자치치 보듬3로 8-20, 세종한신휴시티 2층 233호 세종시 BRT B0, B1, B2, B3 도램마을 정거장 하차 세종시 시내버스 201, 203, 205, 222, 601, 801 도램마을 정거장 하차"
23611000180,B02,36,110,가람재가복지센터,00,NORMAL SERVICE.,B02,blog.naver.com/garamhomecare,23611000180,"건물 내 B1, B2","B0(순환, 터미널), B4, B5, 340, 1001, 1002"
23611000184,B02,36,110,다정한재가복지센터,00,NORMAL SERVICE.,B02,https://blog.naver.com/dajunghan1939,23611000184,상가건물 옆 공유주차장 있음.,버스정류장 (으뜸초등학교) 앞에 위치
23611000188,B02,36,110,시온재가노인복지센터,00,NORMAL SERVICE.,B02,zion1217.familynote.ac,23611000188,시온재가노인복지센터는 장군면 주민센터를 바라보며 위치해있으며 센터앞 주차공간이 있어 주차시 안전합니다건물 뒷편에도 여유 주차공간이 있사오니 편하게 주차하시면 됩니다,버스편은 세종시청에서 B7 정부세종청사남측 하차  53번 환승 장군면복지회관 하차 200미터 도보 승용차로 시청에서 약15분 소요
23611000190,B02,36,110,세종하나재가요양센터,00,NORMAL SERVICE.,B02,https://www.instagram.com/sejonghana2024/,23611000190,사무실 건물 B1~B4 주차장,"> 대중교통 이용안내  주변 버스 - 지선 : 61, 204,  - 간선 : 430, 601, 991, 655 - 광역 : 1000, 1005 - 급행 : A2, A3, B0, B1, B2, B3 버스 내리는 곳  - 새롬동,나성동(청소년센터) 도보 3분  - 첫마을1단지 도보 5분> 자가용 이용안내세종청사터미널에서 7분세종고속시외버스터미널에서 6분반석역에서 13분서세종ic에서 14분남세종ic에서 11분"
23611000197,B02,36,110,우리통합재가센터,00,NORMAL SERVICE.,B02,없음,23611000197,도램마을 8단지 상가동 뒷편 주차장,"자동차 : 도램마을 8단지 상가 주차장버스 :  도램마을8,10단지 정류장          271. 203, 205, 201, 222, 601 등"
23611000202,B02,36,110,봄날재가복지센터,00,NORMAL SERVICE.,B02,https://blog.naver.com/bomnal4520,23611000202,센터 지하주차장 이용,"대중교통 이용시 : 새롬동, 나성동, 청소년센터 하차 도보 3분 르네상스 빌딩 303호/ 자가용이용시 : 한누리대로 234 르네상스 빌딩 303호(나성동)"
23611000205,B02,36,110,드림 재가 방문요양 센터,00,NORMAL SERVICE.,B02,blog.naver.com/dream258083,23611000205,"마드리드R 건물 지하2,3층을 이용하시면 됩니다.",대중교통버스이용: 시립도서관(고운동). 대법원등기정보센터(아름동) 하차 마드리드R 505호
23611000211,B02,36,110,최고방문요양센터,00,NORMAL SERVICE.,B02,https://blog.naver.com/best044,23611000211,인근에 조치원 시장과 주차타워가 있어 주차하기 수월함.,세종특별자치시 조치원읍 새내로 101 2층조치원 역과 조치원시장 인근으로 기차와 버스 등 교통편의가 양호함.
23611000212,B02,36,110,하트풀방문요양센터,00,NORMAL SERVICE.,B02,https://blog.naver.com/heartfulhomecare,23611000212,신동아파트 1단지 내(일시 주차 가능),"버스 : 죽림리(11076, 11075)정류장 버스 500, 550, 601, 801에서 하차 후 신동아아파트 1단지 102동 상가 2층(신동아세탁소 바로 위)으로자이아파트 정류장(11058,11059)정류장 버스 991, 1000, 1003, 1005에서 하차 후 신동아아파트 1단지 102동 상가 2층(신동아세탁소 바로 위)으로"
23611000221,B02,36,110,나눔재가복지센터,00,NORMAL SERVICE.,B02,blog.naver.com/nnanumm,23611000221,차량 2대 주차 가능,번암아파트 버스 정류장에서 51m (도보1분) / 번암삼거리 버스 정류장에서 151m (도보3분)
23611000074,B03,36,110,종촌종합복지센터 노인주간보호센터,00,NORMAL SERVICE.,B03,blog.naver.com/sjsdc2015,23611000074,지하 1층 주차 공간 확보(장애인주차구역 2구역)지상 장애인주차구역 4구역,차량 네비게이션 입력시 : 세종특별자치시 도움1로 116(도로명 주소)                              세종특별자치시 종촌동156-3(번지 수)몰디브상가(CGV) 옆 건물 3층
23611000107,B03,36,110,세종가족사랑주간보호센터,00,NORMAL SERVICE.,B03,https://blog.naver.com/familys8000,23611000107,건물내 지하 1층 : 16대 주차 가능,"세종특별자치시 금남면 용포로 116, 세종영상의학과의원 2층 (우)30083 (지번: 금남면 용포리 213-1)- 버스로 오실때  간선 : 601,655  지선 : 222  마을 : 62,63,64,65,66,661,67,69,691"
23611000109,B03,36,110,행복한주간보호센터,00,NORMAL SERVICE.,B03,blog.naver.com/happy_daycare,23611000109,"지하 1, 2, 3층 총 42대 주차 가능","버스 이용시  - 대전반석역 BRT 1000, 1004, 1005번 - 세종시외버스터미널 BRT (가락마을 17, 18단지 하차 후 도보 3분)  - 도램마을 아파트 정류장 BRT 201번 (가락마을 17, 18단지 하차 후 도보 3분)  - 조치원역 500, 1000번 (두루초듣학교 하차 후 도보 5분)자가용 이용시  - 세종시 마음안1로 155 성진프라자"
23611000125,B03,36,110,세종우리노인복지센터,00,NORMAL SERVICE.,B03,blog.naver.com/woori_daycare,23611000125,"지하주차장(B1, B2, B3)","1. 한솔동(첫마을) - 430, 655, 991,204, 1000,1005, 612. 한솔동첫마을 - 7513. 한솔동 - 900,990,1001"
23611000127,B03,36,110,플래티늄세종주야간보호센터,00,NORMAL SERVICE.,B03,blog.naver.com/bwb1002,23611000127,가. 지하 1층 ~ 3층 각 15~20대(총 45~60대) 가능     * 장애인 주차구역 별도 구비,"가. 위치(주소)      - 세종특별시 남세종로 454 강남제일타워 6층(보람동 628-7)         보람동 호려울마을 5단지 앞('남세종 농협 보람지점' 옆 '청심당한의원' 건물 6층)나. 오시는 길(대중 교통)      - 세종시청, 교육청, 시의회 정류장: 340번, 601번, 991번, 221번, 222번, 1001번 등          세종시청 정류장에서 도보 4~5분 소요(약 250m)        - 세종고속시외버스터미널 방향에서 오실때: 340번      - 세종청사북측 방향에서 오실때: 601번      - 나성동 방향에서 오실때: 991번      - 고운중학교 방향에서 오실때: 221번      - 반곡동 방향에서 오실때: 222번, 601번"
23611000129,B03,36,110,휴먼주간보호센터,00,NORMAL SERVICE.,B03,휴먼주간보호센터.kr,23611000129,"세종특별자치시 세종시 세종로 1219, 세종중앙타워 지하주차장",센터 앞 버스 정류장이 있습니다. 자동차 이용가능조치원에서 오실경우 1000번 버스 이용가능
23611000136,B03,36,110,세종케어재활전문주간보호센터,00,NORMAL SERVICE.,B03,https://blog.naver.com/sjcare2020,23611000136,아마존타워 지하주차장 1~2층,"대평동( 해들마을 ) 버스 정류장 하차 후 도보 10분 거리 버스번호 : 991,221,340,222,601,1000(대전),1002(대전)"
23611000145,B03,36,110,VIP주간보호센터,00,NORMAL SERVICE.,B03,http://vip요양원.kr,23611000145,건물 앞 주차시설 완벽(15대 정도 주차 가능)언제든 방문해 주세요^^,"1.버스:조치원버스터미널에서 송정리행93번(1일 13회운행), 94번(1일 6회운행) 타시고 송정리(행골) 버스 승강장에 하차 2.승용차: 대전에서 천안방향으로 가는 1번국도타고 오시다가 홍익대 조치원캠퍼스를 지나 국제연수원 네거리로 직진 후 300m에서           1시방향(상봉리,송곡리방향)으로 내려오셔서 송곡리 방향으로 좌회전, 계속 직진 후 송곡리보건소 지나 차량으로 2km(약 5분소요)오시면            도로 왼쪽에 4층 건물인 세종VIP요양원 있습니다.(vip주간보호센터는 vip요양원 병설로 운영 중입니다.)"
23611000148,B03,36,110,더힐링 세종전원주간보호센터,00,NORMAL SERVICE.,B03,blog.naver.com/didimdol6687,23611000148,건물 주차장,"-가락마을 9-10단지 사이. 자동차 이용 가능.-대중교통(버스) 이용시 201번,1003번,1004번 등 가락마을 10단지,13단지 앞 하차 후 가락마을 9-10단지 사잇길로 도보로 약 10분 정도 소요"
23611000165,B03,36,110,세종주간보호센터,00,NORMAL SERVICE.,B03,blog.naver.com/tpwhd9034,23611000165,"건물 앞,뒤편 주차장 사용가능","- 도보 1분 거리에 버스정류장 있음.- 조치원 일원, 신도시 등 세종시 전지역 쉽게 접근 가능- 주변 근방에서 도보 가능"
23611000173,B03,36,110,세종부강노인복지센터,00,NORMAL SERVICE.,B03,해당사항없음,23611000173,지상10대,"경부선 부강역 앞 도보3분 청주시내버스 412번 부강역 앞 하차 세종시내버스 430번, 300번, 32번, 18번 부강역앞"
23611000178,B03,36,110,세종한누리주간보호센터,00,NORMAL SERVICE.,B03,http://rmd186.rightmedia.co.kr/main,23611000178,"세종특별자치시 한누리대로 589, 해피리움 7차 8층(도담동) 본원 빌딩 내 주차 가능 (지하 2층까지 있음)본원 앞 맞은편 빌딩에 주차타워(원프라자) 있음","대중교통- 광역급행 : B1 (대전역-오송역), B2( 오송역-반석역), B3 (청주공항-세종터미널), B0 (내부순환 BRT세종터미널)- 간선 : 430 (카톨릭꽃동네대학교-세종고속시외버스터미널), 601 (조치원역-새나루마을 9,10단지), 550 (공주 시내버스터미널-조치원역), 801 (세종고속시외버스터미널-민석아파트), 991 (대곡리-국책연구단지북측)- 지선 : 205 (세종버스터미널-나성동), 222 (반곡동-아름동)"
23611000193,B03,36,110,부강돌봄센터,00,NORMAL SERVICE.,B03,"bugang2024@naver,com",23611000193,건물앞 주차,"부강초등학교 정문 맞은편 1분(부강돌봄센터 뒷편)부강초등학교 하차  412번(청주)-부강초등학교 하차(1분)  300번(조치원, 신탄진 순환)-부강초등학교 하차(1분)  430번(세종)-부강초등학교 하차(1분)  18번(조치워, 세종터비널)- 부강초등학교 하차(1분)  35번 부강돌봄센터 하차"
23611000186,B05,36,110,세종똑똑방문간호센터,00,NORMAL SERVICE.,B05,blog.naver.com/knock_visiting-nurse,23611000186,건물 뒷편 전용 주차장 이용 가능만차시 도로 안쪽 이면주차,"조치원역 하차 후 번암리 방면 버스(801, 550, 601번 등) 탑승 후번암아파트에서 하차 이후 도보 2분"
23611000214,B05,36,110,세종방문간호센터,00,NORMAL SERVICE.,B05,,23611000214,,조치원역에 도보 1분거리(역 앞 택시승강장 쪽 세븐일레븐 24시 편의점 건물 3층)
23611000138,B06,36,110,이원건강의료기 세종점,00,NORMAL SERVICE.,B06,"세종복지용구,이원건강의료기 세종점",23611000138,"지하1, 2층, 만차시에는 바로 옆 건물에 주차하셔도 됩니다. 손전화:010-9704-9872 입니다.","BRT 노선 : 도램마을 11단지 앞 하차. 도담동 싱싱장터에 하차 하셔서 세종충대병원 방향, 주유소 있는 방향으로 도보 2분 정도 소요 됩니다.자가운전 : 세종시 한누리대로 589, 1층 102호(지하에 무료 주차장이 있습니다. 만차시에는 바로 옆 건물에 주차하셔도 됩니다)"
23611000164,B06,36,110,세종중앙의료기,00,NORMAL SERVICE.,B06,blog.naver.com/sjmedicenter,23611000164,매장건물 골목에 주차할 수 있습니다.,"세종시 충남대학병원과 홈플러스 사이, 도램마을 1-2단지 사거리 맞은편 상가입니다."
23611000175,B06,36,110,건강복지용구센터,00,NORMAL SERVICE.,B06,없음,23611000175,5대,조치원 남리 근로복지어린이집앞
23611000181,B06,36,110,(주)가온렌탈케어 복지용구센터,00,NORMAL SERVICE.,B06,www.가온렌탈케어.com,23611000181,11대,"버스노선 일반 430번,   청주 412번"
23611000183,B06,36,110,세종한누리복지용구사업소,00,NORMAL SERVICE.,B06,세종시 누리로 119번지 상가b동 106호,23611000183,상가 전용 지하 주차 가능,대중교통(버스) 노선 및 자가차량 가능
23611000194,B06,36,110,다정한복지의료기,00,NORMAL SERVICE.,B06,없음,23611000194,전시장은 비교적 한적한 골목안에 위치하여 차량으로 방문하여도 주차에 어려움은 없습니다.,"근거리에 조치원역이 있으며, 버스정류장은 효성세종병원에서 하차하시어 새내4길로 100m들어오심 있습니다.버스는 500, 550, 601, 801, 12, 16, 17, 72, 73, 74, 75, 86번이 운행됩니다."
23611000200,B06,36,110,가족사랑복지용구사업소,00,NORMAL SERVICE.,B06,,23611000200,,
23611000201,B06,36,110,가치가봄 복지용구,00,NORMAL SERVICE.,B06,,23611000201,,
33611000068,C01,36,110,세종시행복주간보호센터,00,NORMAL SERVICE.,C01,http://세종시행복주간보호센터.kr,33611000068,지하1-3층 99대 주차 가능,"버스 이용시■ 조치원역뒷편 → 1000(반석역방면) → 고운뜰공원(국민건강보험공단) 정류장 하차 후 도보 100M■ 조치원역 → 601(대평리방면) → 도램마을 8,10단지 하차 →  지선버스 222(축산품질평가원방향)환승 → 축산품질평가원 정류장 하차 후 도보 100M■ 조치원역 → 601(대평리방면) → (아름동방향)정부세종청사북측 하차 → 지선버스 202(축산품질평가원방향)환승 →  축산품질평가원 정류장 하차 후 도보 100M■ 두루초.중학교 →  221(세종터미널 방면) → 범지기마을 1단지 정류장 하차 후 도보 500M 차량 이용시■ 세종시 고운동 건강보험공단 맞은편, 르노삼성자동차 건물 7층, 다이소 건물 건너편"
33611000072,C01,36,110,무지개 재가장기요양기관,00,NORMAL SERVICE.,C01,없음,33611000072,조치원역 공용주차장 이용,버스편: 조치원역 하차 CU 편의점 3층 무지개 재가장기요양기관자가용: 조치원역 공용주차장 이용            조치원역 CU편의점 3층 무지개 재가장기요양기관
33611000075,C01,36,110,재가복지센터 유다원,00,NORMAL SERVICE.,C01,blog.naver.com/shdm10,33611000075,해피라움 7 지하주차장(B1~B2) 무료주차하시고 8츨으로 오세요,"주소: 세종특별자치시 한누리대로 589, 8층 801호(도담동,  해피라움7)  재가복지센터 유다원<대중교통 이용시>BRT버스 B0(순환노선),B1,B2,B3,B5,B7,A2,A3, 광역버스:1000,1004 일반 201,202,203,205,221,222,271,991,430,500,502,550,551,601,801,991도담동(도램마을) 정류장 하차 후  세종충남대학교병원 방향 240m (도보로 3~4분 거리)"
33611000076,C01,36,110,행복요양센터,00,NORMAL SERVICE.,C01,https://blog.naver.com/mongsil1957,33611000076,사무실 앞 공터에 주차가능,"601번,550번,500번 버스 봉암리 하차연봉초등학교 정문 앞 3층건물 2F(행복요양센타)"
33611000078,C01,36,110,조약돌요양복지센터,00,NORMAL SERVICE.,C01,http://www.조약돌요양복지센터.com,33611000078,별도의 전용 주차시설은 없어 주변 장군면주민자치센터와 장군우체국옆 주차장에 주차이용 가능합니다.,"1. 센터 명칭 : 조약돌요양복지센터 2. 사무실 위치 : 세종특별자치시 장척로 408, 2층(장군면 도계리)3. 전화변호 : 044-868-35384. 팩스번호 : 044-868-35305. 교통편  - 공주 방면에서 올 경우 시내버스 550번을 이용하여 장군면주민자치센터 앞 정류장에서 하차하여 장군 우체국 입구 대교한우촌 2층  - 세종시 방향에서 올 경우 시내버스 1004번 이용6. 주차장- 장군운체국 옆 주차장 이용가능"
33611000083,C01,36,110,에덴노인복지센터,00,NORMAL SERVICE.,C01,없음,33611000083,주차시설은 관리사무실 앞에 있는 신흥주공연립내 공용주차장을  함께 이용하실 수 있습니다.,신흥사거리에서 대동초등학교 방향으로 오시면 보건소 맞은편 신흥주공연립이 있습니다.주공연립 관리사무실 2층에 저희 사무실이 있습니다.조치원역뒷편- 세상의빛 교회- 대동 초등학교 - 보건소 - 에덴노인복지복지센터
33611000084,C01,36,110,세종한마음노인복지센터,00,NORMAL SERVICE.,C01,없음,33611000084,"세종한마음 노인복지센터가 위치한 세종퍼스트타워 지하주차장  지하1,2,3층 주차 가능.","첫마을1단지에서 하차 하시면 국세청과 행정안전부 맞은편 신한은행(2층)이 보이고 세종한마음센터는 1층 115호입니다(세종퍼스트타워건물).버스노선 : 첫마을1단지 하차 광역 1005 , 1000, 1004, B0, B1, B2간선 61, 204, 222지선 430 , 601, 655"
33611000089,C01,36,110,시니어데이케어 주은 세종센터,00,NORMAL SERVICE.,C01,blog.naver.com/thedream001,33611000089,- 주차장시설 아주 양호함 (지하 3층까지  80여대 주차가능),"- 대중교통 : 새롬동.나성동 정류소에서 하차하시어 도보로 5분(1000,430,601,991,A2,A3,B0,B1,B2,B3)- 자가용 : 세종특별자치시 국세청에서 정부청사 방향으로 2블럭 (같은 건물에 서울아산신경외과,  연세간호요양학원 있음)"
33611000091,C01,36,110,세종시 노인복지센터,00,NORMAL SERVICE.,C01,ok114.co.kr/0448668825,33611000091,"주차는 지하주차장 지하3층까지 주차가능합니다, 1000대이상가능","BRT노선  B1,B7,B2,B5,M1이 지하와 지상에서 하차가능합니다. 대평도 시외버스터미널 대각선으로 마주보고있습니다"
33611000092,C01,36,110,세종 감성큰사랑 통합재가복지센터,00,NORMAL SERVICE.,C01,http://0448673845.114i.net,33611000092,"감성큰사랑 사무실은 감성초등학교 오른편에 위치하고 있으며, 학교 주변지역으로서 주,정차 단속이 될 수 있으므로, 돌아서건물의 오른편 기관주차장에 주차를 하면 안전합니다.","세종시청에서 승용차로 10분 이내, 세종복합터미널에서 대전방향 655번 감성초등학교앞 하차 3분거리. 64번 버스로 감성초등학교하차 3분거리."
33611000093,C01,36,110,참빛재가 노인복지센터,00,NORMAL SERVICE.,C01,없음,33611000093,본건물옆 전용주차공간(3대 가능),세종시 전의면 운주산로 1211전의역 하차하여 천안방향으로 150m 전진 좌측버스 : 700번 701번 810번 820번 821번 830번 831번 840번 850번 860번
33611000098,C01,36,110,성심노인복지센터,00,NORMAL SERVICE.,C01,http://blog.naver.com/phh9541,33611000098,"지하주차장 (B1,B2,B3)에 주차 가능","성심노인복지센터 오시는길버스편 : 세종시청 버스정류장하차, 도보 1분 . (금강시티타워 706호)승용차 : 신한은행 세종시청점 검색이나 금강시티타워 검색. 건물지하에 주차하시면 됩니다."
33611000108,C01,36,110,해바라기방문요양사업소,00,NORMAL SERVICE.,C01,http://세종방문요양.com/,33611000108,해바라기 방문요양사업소 앞 주차가능 및 뒤주차장,전의역(경부)하차재동아파트 상가 3거리에서 도보로150m
33611000072,C02,36,110,무지개 재가장기요양기관,00,NORMAL SERVICE.,C02,없음,33611000072,조치원역 공용주차장 이용,버스편: 조치원역 하차 CU 편의점 3층 무지개 재가장기요양기관자가용: 조치원역 공용주차장 이용            조치원역 CU편의점 3층 무지개 재가장기요양기관
33611000084,C02,36,110,세종한마음노인복지센터,00,NORMAL SERVICE.,C02,없음,33611000084,"세종한마음 노인복지센터가 위치한 세종퍼스트타워 지하주차장  지하1,2,3층 주차 가능.","첫마을1단지에서 하차 하시면 국세청과 행정안전부 맞은편 신한은행(2층)이 보이고 세종한마음센터는 1층 115호입니다(세종퍼스트타워건물).버스노선 : 첫마을1단지 하차 광역 1005 , 1000, 1004, B0, B1, B2간선 61, 204, 222지선 430 , 601, 655"
33611000091,C02,36,110,세종시 노인복지센터,00,NORMAL SERVICE.,C02,ok114.co.kr/0448668825,33611000091,"주차는 지하주차장 지하3층까지 주차가능합니다, 1000대이상가능","BRT노선  B1,B7,B2,B5,M1이 지하와 지상에서 하차가능합니다. 대평도 시외버스터미널 대각선으로 마주보고있습니다"
33611000092,C02,36,110,세종 감성큰사랑 통합재가복지센터,00,NORMAL SERVICE.,C02,http://0448673845.114i.net,33611000092,"감성큰사랑 사무실은 감성초등학교 오른편에 위치하고 있으며, 학교 주변지역으로서 주,정차 단속이 될 수 있으므로, 돌아서건물의 오른편 기관주차장에 주차를 하면 안전합니다.","세종시청에서 승용차로 10분 이내, 세종복합터미널에서 대전방향 655번 감성초등학교앞 하차 3분거리. 64번 버스로 감성초등학교하차 3분거리."
33611000111,C02,36,110,가가호호 재가방문요양센터,00,NORMAL SERVICE.,C02,blog.naver.com/gagahoho_sejong,33611000111,지하1층~지하4층(무료),"위치_ 세종 충남대병원 앞 가가호호 재가방문요양센터주소_ 세종특별자치시 한누리대로 587,  202호 (도담동, 까사리움)"
33611000116,C02,36,110,사나섬재가복지센터,00,NORMAL SERVICE.,C02,https://band.us/band/90166487,33611000116,지상 및 지하주차장 50대 이상,"세종특별자치시 새롬중앙로 89722동101호 (새롬동, 새뜸마을7단지)222번, 1004번 새뜸마음 7단 버스정류장 하차 보도로 5분"
34473000052,C02,36,110,(주)휴먼에듀피아,00,NORMAL SERVICE.,C02,http://xn--ox1b07hdwk7pa303dkwc.kr/,34473000052,풍산아파트 주차장(경비실에서 방문객 주차증 작성 후 주차),"- 기  차 : 경부선 → 조치원역(무궁화, 새마을) - 버  스 : 경부고속도로 → 청주IC → 조치원정류장(직행) - 자가용 : 경부고속도로 → 청주IC → 조치원(일반국도 1번국도 이용)"
33611000068,C03,36,110,세종시행복주간보호센터,00,NORMAL SERVICE.,C03,http://세종시행복주간보호센터.kr,33611000068,지하1-3층 99대 주차 가능,"버스 이용시■ 조치원역뒷편 → 1000(반석역방면) → 고운뜰공원(국민건강보험공단) 정류장 하차 후 도보 100M■ 조치원역 → 601(대평리방면) → 도램마을 8,10단지 하차 →  지선버스 222(축산품질평가원방향)환승 → 축산품질평가원 정류장 하차 후 도보 100M■ 조치원역 → 601(대평리방면) → (아름동방향)정부세종청사북측 하차 → 지선버스 202(축산품질평가원방향)환승 →  축산품질평가원 정류장 하차 후 도보 100M■ 두루초.중학교 →  221(세종터미널 방면) → 범지기마을 1단지 정류장 하차 후 도보 500M 차량 이용시■ 세종시 고운동 건강보험공단 맞은편, 르노삼성자동차 건물 7층, 다이소 건물 건너편"
33611000082,C03,36,110,더 행복주간보호센터,00,NORMAL SERVICE.,C03,세종시주간보호센터.com,33611000082,4대가능,"-구)세종효성병원에서 하차후 철물점왼쪽길을따라 도로보로150여미터 오시다 왼쪽에 3층건물 간판이보입니다.=>버스이용시조치원 전통시장에서 수정웨딩타운 앞으로 오신 후 맞은편 커피를 따라 흐름 카페 옆 골목길을 지나 원룸건물좌측으로돌아 오세요기차,택시 이용시)조치원역에서 하차후 택시승차하신후 조치원 남리 청송아파트 맞은편 3층단독건물"
33611000085,C03,36,110,도담노인재활주간보호,00,NORMAL SERVICE.,C03,blog.naver.com/dodamdaycare,33611000085,* 다옴프라자(도담노인재활주간보호센터 소재) 건물 내 지하 1층 : 23대 주차 가능* 다옴프라자(도담노인재활주간보호센터 소재) 건물 내 지하 2층 : 23대 주차 가능 * 다옴프라자(도담노인재활주간보호센터 소재) 건물 주변  도램마을8단지APT 정문 앞  주차 빌딩* 다옴프라자(도담노인재활주간보호센터 소재) 건물 주변 세종정부청사주유소 맞은 편 주차 빌딩,"자가용과 도보를 이용하여 오신다면 : 세종특별자치시 보듬3로 8-21 ( 다옴프라자 3층) - 도담동 도램마을8단지APT 정문 앞에서 직진하여 먹자골목 안에 다옴프라자 건물 3층에 위치                                                         ( 1층 : 억대회포차, 대진식당,  3층 : 도담노인재활주간보호센터, 도담가정원, 노래연습장,  5~6층 : 볼링장 ) 대중교통을 이용하여 오신다면 : 751, 900, 990, 1001번 버스 - BRT버스 정류장에서 하차,   201, 203, 222, 430, 500, 502, 550, 551, 601, 991- 일반버스 정류장에서 하차"
33611000089,C03,36,110,시니어데이케어 주은 세종센터,00,NORMAL SERVICE.,C03,blog.naver.com/thedream001,33611000089,- 주차장시설 아주 양호함 (지하 3층까지  80여대 주차가능),"- 대중교통 : 새롬동.나성동 정류소에서 하차하시어 도보로 5분(1000,430,601,991,A2,A3,B0,B1,B2,B3)- 자가용 : 세종특별자치시 국세청에서 정부청사 방향으로 2블럭 (같은 건물에 서울아산신경외과,  연세간호요양학원 있음)"
33611000118,C03,36,110,고운세종노인주야간센터,00,NORMAL SERVICE.,C03,https://blog.naver.com/gowoon8894,33611000118,지하1층. 2층 주차가능 34대,"[버스이용]나성동 출발 : 203, 1000, 1005번 버스도담동 출발 : 201, 1001, 430 + 221번 버스아름동 출발 : 201, 202, 221, 1004, 1005버스장군면 출발 : 1004한솔동 출발 : 1004, 1005버스[자가용]고운동 남측 복컴옆 참샘빌딩 지하주차장에 주차하고   엘리베이터 타고 7층에 내리시면 고운세종노인주야간쎈터입니다"
33611000120,C03,36,110,간호드림주간보호센터,00,NORMAL SERVICE.,C03,blog.naver.com/nursingdream,33611000120,인근 공영주차장 이용,"정류장 : 장군면 복지회관 - 마을버스 53번, 54번- 일반 108번, 75번- 간선 500번, 501번, 502번, 510번, 520번, 530번, 550번- 광역 1004번장군면복지회관 버스정류장 하차 후 53m 도보이동"
33611000091,C05,36,110,세종시 노인복지센터,00,NORMAL SERVICE.,C05,ok114.co.kr/0448668825,33611000091,"주차는 지하주차장 지하3층까지 주차가능합니다, 1000대이상가능","BRT노선  B1,B7,B2,B5,M1이 지하와 지상에서 하차가능합니다. 대평도 시외버스터미널 대각선으로 마주보고있습니다"
33611000092,C05,36,110,세종 감성큰사랑 통합재가복지센터,00,NORMAL SERVICE.,C05,http://0448673845.114i.net,33611000092,"감성큰사랑 사무실은 감성초등학교 오른편에 위치하고 있으며, 학교 주변지역으로서 주,정차 단속이 될 수 있으므로, 돌아서건물의 오른편 기관주차장에 주차를 하면 안전합니다.","세종시청에서 승용차로 10분 이내, 세종복합터미널에서 대전방향 655번 감성초등학교앞 하차 3분거리. 64번 버스로 감성초등학교하차 3분거리."
33611000120,C05,36,110,간호드림주간보호센터,00,NORMAL SERVICE.,C05,blog.naver.com/nursingdream,33611000120,인근 공영주차장 이용,"정류장 : 장군면 복지회관 - 마을버스 53번, 54번- 일반 108번, 75번- 간선 500번, 501번, 502번, 510번, 520번, 530번, 550번- 광역 1004번장군면복지회관 버스정류장 하차 후 53m 도보이동"
33611000089,C06,36,110,시니어데이케어 주은 세종센터,00,NORMAL SERVICE.,C06,blog.naver.com/thedream001,33611000089,- 주차장시설 아주 양호함 (지하 3층까지  80여대 주차가능),"- 대중교통 : 새롬동.나성동 정류소에서 하차하시어 도보로 5분(1000,430,601,991,A2,A3,B0,B1,B2,B3)- 자가용 : 세종특별자치시 국세청에서 정부청사 방향으로 2블럭 (같은 건물에 서울아산신경외과,  연세간호요양학원 있음)"
33611000102,C06,36,110,세종의료기,00,NORMAL SERVICE.,C06,팩스: 044-863-6687,33611000102,매장 앞 도로변 주차 가능,조치원 터미널 에서 도보 5분
34473000029,C06,36,110,365 행복케어,00,NORMAL SERVICE.,C06,없슴,34473000029,*사무실 옆 주차공간 확보됨(약 4대 정도)*도로변은 CCTV주차단속하니 유의하시기 바랍니다.*사무실 뒷편 굴다리 입구 오른쪽에 넓은 공용주차장이 있습니다.,조치원대동초등학교에서 굴다리 방향으로 50m거리에 위치함신흥닭집 맞은편 세움건설 건물입니다.세상의 빛 교회를 끼고 욱일아파트 방향으로 회전교차로 지나 20m 오른쪽 의료기 간판 보임
13611000182,G31,36,110,세종시립요양원,00,NORMAL SERVICE.,G31,http://sejongcare.com/,13611000182,주차시설 완비,"세종시립요양원 주소 : 세종특별자치시 조치원읍 수원지1길 16, 세종시립요양원조치원버스터미널에서 도보 10분거리조치원버스터미널에서 마을버스 71번, 94번, 92번, 91번 탑승하여 세종중학교 하차 및 도보이동조치원 기차역에서 801번 버스 탑승하여 세종중학교 하차 및 도보이동"
23611000074,H31,36,110,종촌종합복지센터 노인주간보호센터,00,NORMAL SERVICE.,H31,blog.naver.com/sjsdc2015,23611000074,지하 1층 주차 공간 확보(장애인주차구역 2구역)지상 장애인주차구역 4구역,차량 네비게이션 입력시 : 세종특별자치시 도움1로 116(도로명 주소)                              세종특별자치시 종촌동156-3(번지 수)몰디브상가(CGV) 옆 건물 3층
14473000023,S41,36,110,사랑의마을 노인요양공동생활가정,00,NORMAL SERVICE.,S41,www.lovetown.or.kr,14473000023,넓은 주차시설,대중교통 :1.천안.청주방향: 조치원역>기룡리행(첫차0640/막차2010  2시간간격)효교동>사랑의마을  20여분소요                2.대전.세종방향: 세종(시내버스500.600.601.991.1000번)에서 조치원방향 이용 위 상기 노선이용 또는                  세종장례식장에서 기룡리노선버스(환승)이용 효교동>사랑의마을 20분 소요 자차: 세종시 연서면 효교동길 123-2 사랑의마을 노인요양공동생활가정
14111000023,A03,41,111,사회복지법인 죽파재단 감천장요양원,00,NORMAL SERVICE.,A03,http://www.kamcheonjang.or.kr,14111000023,차량40대 주차가능,"-노선버스 이용 시경기대방면&광교산방향 >>수원농생명과학고등학교 정문앞 하차시내버스:5-4, 7-1, 11, 13, 16, 16-1, 16-2, 20-1, 25-1, 32, 32-1, 32-2, 32-5, 35, 37, 45, 46, 50-2, 50-5, 543-승용차 이용 시네비게이션 : ‘노인복지시설감천장’ 검색(경기 수원시 장안구 광교산로 22, 영화동)북수원IC 및 과천IC산업도로 1번국도 → 수원종합운동장 → 수원교육지원청 사거리에서 좌회전 → 150m 직진동수원IC수원(북수원-서수원)방면으로 오른쪽 방향 → 퉁소바위사거리에서 ‘광교산, 도교육청, 보훈청’방면으로 우회전 → 창훈사거리에서 ‘수원역, 장안문’ 방면으로 좌회전"
14111000024,A03,41,113,중앙요양원,00,NORMAL SERVICE.,A03,http://중앙요양원.com,14111000024,"* 원내 주차시설 완비일반 주차장 대수, 57대장애인 주차장 대수 5대(이외에 주차공간 확보됨)* 팩스번호 (031-291-2163)","대중교통 :  수원역 환승센터(11승강장)  27-6번(꿈에그린 정문 정류장 하차),  27-2번(꿈에그린 정문 정류장 하차)                       6-4번, 6-1번(중앙요양원/양로원 정류장 하차)                      6-3번(동철전자 정류장 하차) 자가용 : 고색사거리 - 수원산업단지 좌회전 - 경기도 장애인복지관(이정표참고) -                중앙요양원(네비 이용시 중앙양로원 주소로 검색)"
14111000032,A03,41,115,수원 아노가 요양원,00,NORMAL SERVICE.,A03,http://anoga.co.kr/,14111000032,요양원 주차장 이용,"1. 대중교통: 경인지방 병무청 앞 하차 후 도보10분- 시내버스: 3, 5, 5-1, 7-1, 66, 66-4, 82-1, 301, 310, 700-2, 777- 좌석버스 : 900, 900-2, 999, 1007, 2007, 77702. 대중교통: 화서1동 주민센터 하차 후 도보5분- 시내버스 : 16-2,  30-1, 423. 대중교통 : 화서오거리 하차 후 도보3분- 시내버스 : 2-1, 34. 자가용 : 경기도 수원시 팔달구 동말로38번길 4"
14111000034,A03,41,111,수원시립노인전문요양원,00,NORMAL SERVICE.,A03,www.wonsilver.or.kr,14111000034,주차시설이 마련되어 있으며 주차비는 무료입니다.주차장이 협소하오니 대중교통을 이용하시거나 인근 공영주자창을 해 주시기 바랍니다.,"일반버스 27, 27-1, 27-2, 777, 30-1, 310, 55, 7-2(파장동 하차)좌석버스 900, 7770, 2007, 300(파장동 익주아파트에서 하차)마을버스 2-1, 2-5(용광사 절 앞에서 하차) 약도는 사진 게시 사항을 참고해주시기 바랍니다."
14111000041,A03,41,111,효행노인전문요양원,00,NORMAL SERVICE.,A03,www.sungjiwon.or.kr,14111000041,주차가능 (20대),"<자가용이용시>서울방면 영동고속도로 북수원 TG(수원방향) -> 한일타운 APT 홈플러스 앞 좌회전 -> 송원초교,경기도교통연수원 -> 유당마을 -> 성지원(효행노인전문요양원)수지, 광교, 상현 방면 → 조원IC 수원KT야구장, 장안구청 방면 오른쪽 → 조원톨케이트 (통행료 1,100원) → 경기과학고, 수일여중 방면 우회전 → 송원초교, 유당마을 , 교통연수원 방면 우회전   → 성지원(효행노인전문요양원)<버스 이용시>서울 : 사당역(수원행 777,7770번), 양재역(수원방면 3000번) 이용 한일타운 하차 도보 20분          소요수원 : 수원역(서울방면 777번)이용 한일타운 하차 도보 20분 소요        화서역(북수원 방면 19번) 장안구청 하차 도보 15분 소요         성균관대역(마을버스 2-1번) 이용 송원초교 하차 도보 7분 소요<택시 이용시>수원역에서 경기도교통연수원 방향 30분 소요화서역, 성균관대역에서 경기도교통연수원 방향 20분 소요"
14111000229,A04,41,111,행복나라 노인전문요양센터,00,NORMAL SERVICE.,A04,blog.naver.com/hij0539,14111000229,건물 뒷편 지하주차장 15대,"수원역전 북문 - 종합운동장 :777,7770(좌석),900(좌석),2007(좌석) 남문 - 종합운동장 : 36 남문 - 북문 - 운동장 : 25, 27, 62-1, 63, 63-1 화서역 - 운동장 : 55  종합운동장옆 월계 사거리  르노 삼성 자동차건물 3층 입니다"
14111000306,A04,41,113,새수원복지요양원,00,NORMAL SERVICE.,A04,http://blog.naver.com/molennium,14111000306,요양원 외부공간 지상 주차시설 항시 완비!!!(차량 약 10대 이상 주차 가능),"-지하철 수인분당선 ""오목천역"" 하차 후 2번출구 도보로 10분 -지하철 1호선 수원역 하차 후 롯데리아 앞 버스노선 이용 -서울사당역 : 수원행 777번, 7770번 수원역 하차-강남 양재역 : 3000번 수원역 하차-수원역 버스 : 30번 32번 33번 35번 38번 42번 (오목사거리 하차)                      400번 400-1번 900번 999번 (오목천동 태산아파트 앞 하차)-자차 이용방법(1)네비게이션 "" 새수원복지요양원"" 지정 설정 또는 ""오목천교회"" 설정 후    좌측 교회 & 우측 자동차 공업사 사잇길로 2분 직진(2)수원역 발안/남양 방면으로 지하차도 매송 고색로 방향으로 우회전 한후    좌측 교회 & 우측 자동차 공업사 사잇길로 2분 직진"
14111000311,A04,41,113,새수원노인요양공동생활가정,00,NORMAL SERVICE.,A04,http://blog.naver.com/molennium,14111000311,요양원 외부공간 지상 주차시설 항시 완비!!(차량 약 10대 이상 주차 가능),"-지하철 수인분당선 ""오목천역"" 하차 후 2번출구 도보로 10분 -지하철 1호선 수원역 하차 후 롯데리아 앞 버스노선 이용 -서울사당역 : 수원행 777번, 7770번 수원역 하차-강남 양재역 : 3000번 수원역 하차-수원역 버스 : 30번 32번 33번 35번 38번 42번 (오목사거리 하차)                      400번 400-1번 900번 999번 (오목천동 태산아파트 앞 하차)-자차 이용방법(1)네비게이션 "" 새수원복지요양원"" 지정 설정 또는 ""오목천교회"" 설정 후    좌측 교회 & 우측 자동차 공업사 사잇길로 2분 직진(2)수원역 발안/남양 방면으로 지하차도 매송 고색로 방향으로 우회전 한후    좌측 교회 & 우측 자동차 공업사 사잇길로 2분 직진"
14111000365,A04,41,111,행복나라노인전문요양센터 2동,00,NORMAL SERVICE.,A04,blog.naver.com/hij0539,14111000365,건물 지하주차장 15대,"수원역전 북문 - 종합운동장 :777,7770(좌석),900(좌석),2007(좌석) 남문 - 종합운동장 : 36 남문 - 북문 - 운동장 : 25, 27, 62-1, 63, 63-1 화서역 - 운동장 : 55  종합운동장옆 월계 사거리  르노 삼성 자동차건물 3층 입니다"
14111000409,A04,41,113,베데스다요양원,00,NORMAL SERVICE.,A04,shs1450@hanmail.net,14111000409,요양원 옆 공터에 주차 가능,"13-1, 2, 3, 5번 버스 구운중학교에서 하차92번 버스는, 웃거리 사거리 하차"
24111000012,B01,41,113,서호재가노인복지센터,00,NORMAL SERVICE.,B01,www.seoho.or.kr,24111000012,서호노인복지관 전면 노상주차장 및 구운공원 공영주차장 이용,"대중교통(수원역-->서호노인복지관)- 웃거리정류장 하차(안산방면)11, 11-1, 37, 92, 92-1, 마을21, 광역110, 909, 1009, 3003, 7780- 구운중학교정류장 하차(호매실방면)9, 9-1, 13, 13-1, 13-4, 13-5, 15-1자가용- 수원역 기점 (수원역 → 농촌진흥청 → 웃거리 → 서호노인복지관)- 과천~의왕간 고속도로 이용(서수원IC → 서수원터미널(이마트) → 구운사거리 → 서호노인복지관)(안산·인천 → 서수원터미널(이마트) → 구운사거리 → 서호노인복지관)"
24111000013,B01,41,113,버드내재가노인복지센터,00,NORMAL SERVICE.,B01,www.budnae.or.kr,24111000013,* 지하 주차장 주차가능 : 복지관 뒤 놀이터 옆으로 주차장 입구가 있습니다.* 복지관 1층 주차장 6대 주차 가능 : 복지관 후문쪽으로 오시면 1층 주차장이 있습니다.＊ 복지관 주변 거주자 우선 주차지역 오전 9시~오후 6시까지 주차가능합니다.,"전철 및 버스 이용①  수원역 - 6번 출구 나와 오산방면 정류장에서 13-1번 버스 탑승 후, 정조사거리 하차 도보 3분 ②  세류역 - 출구나와 건너편 정류장에서 20번, 20-1번, 25번, 25-1번, 45번, 202번, 202-1번 탑승 후,                   버드내노인복지관(세류3동 주민센터) 하차 길건너 '새마을금고' 골목 도보1분      매교역 - 3번출구 정조사거리방향 도보 5분③ 수원버스터미널 - 수원역 방면 버스정류장에서 64번 탑승 후, 버드내노인복지관(세류3동 주민센터) 하차 길건너 '새마을금고' 골목 도보1분   승용차① 수원역/매교동/매탄동 방면 : 정조사거리 → 세류사거리방면 →  세류3동사무소버스정류장 골목(에실로안경) 진입 → 버드내노인복지관② 영통/오산/병점 방면 : 세류사거리 → 유천사거리 → 좌회전(세류3동사무소) → 수원천 다리건너지 않고 우회전 → 수원천을 따라 300m → 버드내노인복지관"
24111000682,B01,41,111,해피홈수원재활주간보호센터,00,NORMAL SERVICE.,B01,http://해피홈수원재활주간보호센터.itpage.kr,24111000682,"태영프라자 건물 지하 1층, 지하2층 주차장 50여대 주차 가능 하며 주차장 이용시 무료주차권 제공 드립니다","① 시내버스 2-1, 2-5, 42  타시고 청솔한라 아파트 하차, 비단마을 사거리 입니다 (도보 5분).② 시내버스 61, 62-1, 92-1, 99-2, 112번, 직행버스 3003번 타시고 우방아파트.한화아파트.SK아파트에서 하차, 비단마을 사거리 건물 입니다 (도보 3분)③ 시내버스 112, 42, 61, 62-1, 92-1, 99-2번,  마을버스 27번, 직행버스 3003번 타시고 장안등기소 하차후 비단마을 사거리 건물 입니다 (도보 3분)"
24111000688,B01,41,113,수 데이케어센터,00,NORMAL SERVICE.,B01,//cafe.naver.com/sudaycare,24111000688,수 여성병원 별관  건물 지하 1층 ~ 3층,"고색동 수 여성병원 옆 정거장 : 6-1, 51, 99-2, 720-2, 730, 1009 고색동 수 병원 건너편 정거장 : 6-1, 99-2, 720-2, 730, 1009 고색동 태산 아파트(고색초교앞) : 16, 16-1, 16-2, 18, 22, 22-2, 26, 30, 30-1, 31, 31-1, 31-3,                                                   32, 32-1, 32-2, 32-3, 32-4, 32-5, 33, 33-3, 35, 38, 38-1,                                                   400, 400-2, 400-4, 400-5, 42, 46, 50-2, 50-3, 50-4, 50-5,                                                  50-6, 123-A, 51, 700-2, 990, 999, 999-1, 1004, 1004-1,                                                   1007, 2000A, 3000, 8471, 8472, 9801, 9802"
24111000697,B01,41,111,우리함께주간보호센터,00,NORMAL SERVICE.,B01,blog.naver.com/suwoncare24,24111000697,주차가능(센터 주차장),. 수원상공회의소/척관병원 맞은편
24111000682,B02,41,111,해피홈수원재활주간보호센터,00,NORMAL SERVICE.,B02,http://해피홈수원재활주간보호센터.itpage.kr,24111000682,"태영프라자 건물 지하 1층, 지하2층 주차장 50여대 주차 가능 하며 주차장 이용시 무료주차권 제공 드립니다","① 시내버스 2-1, 2-5, 42  타시고 청솔한라 아파트 하차, 비단마을 사거리 입니다 (도보 5분).② 시내버스 61, 62-1, 92-1, 99-2, 112번, 직행버스 3003번 타시고 우방아파트.한화아파트.SK아파트에서 하차, 비단마을 사거리 건물 입니다 (도보 3분)③ 시내버스 112, 42, 61, 62-1, 92-1, 99-2번,  마을버스 27번, 직행버스 3003번 타시고 장안등기소 하차후 비단마을 사거리 건물 입니다 (도보 3분)"
24111000688,B02,41,113,수 데이케어센터,00,NORMAL SERVICE.,B02,//cafe.naver.com/sudaycare,24111000688,수 여성병원 별관  건물 지하 1층 ~ 3층,"고색동 수 여성병원 옆 정거장 : 6-1, 51, 99-2, 720-2, 730, 1009 고색동 수 병원 건너편 정거장 : 6-1, 99-2, 720-2, 730, 1009 고색동 태산 아파트(고색초교앞) : 16, 16-1, 16-2, 18, 22, 22-2, 26, 30, 30-1, 31, 31-1, 31-3,                                                   32, 32-1, 32-2, 32-3, 32-4, 32-5, 33, 33-3, 35, 38, 38-1,                                                   400, 400-2, 400-4, 400-5, 42, 46, 50-2, 50-3, 50-4, 50-5,                                                  50-6, 123-A, 51, 700-2, 990, 999, 999-1, 1004, 1004-1,                                                   1007, 2000A, 3000, 8471, 8472, 9801, 9802"
24111000700,B02,41,113,보람찬어르신센터,00,NORMAL SERVICE.,B02,blog.naver.com/boramchan1004,24111000700,주차가능 4대(,"■ 버스    9번, 11-1번, 13번, 13-4번, 13-5번, 19번, 62-1번, 123D번, 7790번, 7800번 ■ 버스 정류장   와이씨티칠보마을6단지.LG빌리지1차아파트 (02-004)    LG빌리지1차.와이씨티칠보마을6단지아파트 (02-003)"
24111000773,B02,41,113,(주)효자노치원,00,NORMAL SERVICE.,B02,http://www.hyojanochiwon.com,24111000773,"건물 앞,뒷편에 주차공간이 마련되어 있습니다1층에서 엘레베이터를 타고 3층으로 올라오시면 됩니다.","1번국도변 수원중앙병원 맞은편, 튼튼의원 맞은편가구골목 사거리  버스편으로 300, 202번이 있습니다."
24111000779,B02,41,117,(A+)케어재가복지센터,00,NORMAL SERVICE.,B02,없음,24111000779,주차장에 주차가능,"원천삼성1차 아파트 하차 (15-1. 9. 9-1, 98)"
24111000012,B03,41,113,서호재가노인복지센터,00,NORMAL SERVICE.,B03,www.seoho.or.kr,24111000012,서호노인복지관 전면 노상주차장 및 구운공원 공영주차장 이용,"대중교통(수원역-->서호노인복지관)- 웃거리정류장 하차(안산방면)11, 11-1, 37, 92, 92-1, 마을21, 광역110, 909, 1009, 3003, 7780- 구운중학교정류장 하차(호매실방면)9, 9-1, 13, 13-1, 13-4, 13-5, 15-1자가용- 수원역 기점 (수원역 → 농촌진흥청 → 웃거리 → 서호노인복지관)- 과천~의왕간 고속도로 이용(서수원IC → 서수원터미널(이마트) → 구운사거리 → 서호노인복지관)(안산·인천 → 서수원터미널(이마트) → 구운사거리 → 서호노인복지관)"
24111000013,B03,41,113,버드내재가노인복지센터,00,NORMAL SERVICE.,B03,www.budnae.or.kr,24111000013,* 지하 주차장 주차가능 : 복지관 뒤 놀이터 옆으로 주차장 입구가 있습니다.* 복지관 1층 주차장 6대 주차 가능 : 복지관 후문쪽으로 오시면 1층 주차장이 있습니다.＊ 복지관 주변 거주자 우선 주차지역 오전 9시~오후 6시까지 주차가능합니다.,"전철 및 버스 이용①  수원역 - 6번 출구 나와 오산방면 정류장에서 13-1번 버스 탑승 후, 정조사거리 하차 도보 3분 ②  세류역 - 출구나와 건너편 정류장에서 20번, 20-1번, 25번, 25-1번, 45번, 202번, 202-1번 탑승 후,                   버드내노인복지관(세류3동 주민센터) 하차 길건너 '새마을금고' 골목 도보1분      매교역 - 3번출구 정조사거리방향 도보 5분③ 수원버스터미널 - 수원역 방면 버스정류장에서 64번 탑승 후, 버드내노인복지관(세류3동 주민센터) 하차 길건너 '새마을금고' 골목 도보1분   승용차① 수원역/매교동/매탄동 방면 : 정조사거리 → 세류사거리방면 →  세류3동사무소버스정류장 골목(에실로안경) 진입 → 버드내노인복지관② 영통/오산/병점 방면 : 세류사거리 → 유천사거리 → 좌회전(세류3동사무소) → 수원천 다리건너지 않고 우회전 → 수원천을 따라 300m → 버드내노인복지관"
24111000036,B03,41,111,수원시립노인주간보호센터,00,NORMAL SERVICE.,B03,http://www.wonsilver.or.kr/bbs/board.php?bo_table=suwon1&wr_id=1,24111000036,33대 지상주차 가능,"성균관대역에서 2-1번 마을버스로 익주아파트 지나 용광사에서 하차 후 표지판쪽 300m.사당에서 777, 7770 버스 파장시장에서 하차 궁전아파트 쪽으로 도보로 5분.강남에서 2007 버스 파장시장에서 하차 궁전아파트 쪽으로 도보로 5분.경기대에서 2007번 삼익아파트에서 하차 궁전아파트 쪽으로 도보로 5분.수원역에서 777, 7770, 300 버스 삼익아파트에서 하차 궁전아파트 쪽으로 도보로 5분.남문에서 27, 36번 버스 삼익아파트에서 하차 궁전아파트 쪽으로 도보로 5분."
24111000051,B03,41,117,영통노인주간보호센터,00,NORMAL SERVICE.,B03,www.ytsw.or.kr,24111000051,"주차시설 지하 1, 2층 150여대 주차가능합니다","- 수원역버스 : 2, 3, 5, 7, 7-2, 310, 900- 수원역전철 : 왕십리행 영통역 하차 2번출구 도보로 7분거리- 사당역버스 : 7000(지하철 4번출구)- 양재, 강남역버스 : 3001, 5100- 강변역버스 : 1112- 잠실버스 : 1117    ※ 경희대학교 수원캠퍼스에서 하차 반달공원쪽 도보 5분거리- 남문버스 : 2, 3, 4-1, 63, 64"
24111000498,B03,41,111,밤밭노인주간보호센터,00,NORMAL SERVICE.,B03,http://www.bambat.org,24111000498,밤밭노인복지관 주차장 이용 가능,"27-5,  64(남문)  99(수원여대 ↔ 대우푸르지오.호반베르디움2차)  82-2(영통 ↔ 밤꽃마을),112"
24115001043,B04,41,150,평화노인종합복지,00,NORMAL SERVICE.,B04,web.blog.naver.com/peace-r154,24115001043,쌈지 주차장 및 주의,"을지대학병원 앞 모커리한방병원 후문 주차편한 자연약국2층  마을버스 205번,205-1  병원앞 201-1, 203-2,208-1,206-3,207-1가능역, 경전철 동오역, 중앙역에서 도보 10분 거리입니다."
24117000528,B04,41,173,삼성중앙주간보호센터,00,NORMAL SERVICE.,B04,삼성중앙주간보호센터.kr,24117000528,건물 옆편 주차 가능,"범계역 정류장에서 6-1버스탑승, 5개 정류장이동, 호계중학교 입구 정류장에서 하차, 호계중학교 후문까지 296m걷기이동"
24119001569,B04,41,192,효사랑통합복지센터,00,NORMAL SERVICE.,B04,http;www효사랑복지센터.com,24119001569,기계식 지하주차장 이용가능,"경기 부천시 원미구 부흥로 376번지 문화빌딩 6층  대성병원 맞은 편 버스정류장 앞 : 52번, 5-4, 5-3"
24122000412,B04,41,220,그림뜰재가복지센터,00,NORMAL SERVICE.,B04,www.bg.or.kr,24122000412,12대 전용 주차장이 있습니다.,"서해안 고속 돌로 오실 경우--- 서평택IC(좌회전, 내기, 안중 방면)=> 내기 삼거리(좌회전)=> 안중방면(2Km 직진 후 현화지구 시작시점) =>홈플러스에서 우회전 => 현화고등학교 못 미쳐 조선면옥 입구로 우회전=> 마을 회관 앞 좌회전=> 갈색과 청색의 높은 건물이 보임 경부 고속도로로 오실 경우--- 평택,안성IC(좌회전, 약 16Km)=> 안중 오거리 좌회전(안중읍사무소 지남)=> 신 버스 터미널 우회전=> 현화고등학교 옆 좌측에 갈색과 청색의 높은 건물이 보임"
24122000526,B04,41,220,아름다운재가복지센터,00,NORMAL SERVICE.,B04,,24122000526,,
24111000816,B05,41,113,테레사간호통합방문센터,00,NORMAL SERVICE.,B05,,24111000816,,
24111000852,B05,41,111,가온케어 통합돌봄센터,00,NORMAL SERVICE.,B05,www.gaon-nurse.com/,24111000852,상가건물 옆 주차장에 주차가능,"BUS : 삼환나우빌.효성.화서역파크뷰아파트 방면(01085), 풍림아파트 방면(01084)"
24111000853,B05,41,117,광교재가복지센터,00,NORMAL SERVICE.,B05,https://blog.naver.com/kkhomecare,24111000853,건물뒷편 주차장이 있습니다.,-지하철을 이용시에는 상현역2번출구 나와서 도보로 법원방향으로 10분 -버스를 이용시에는 수원역에서 11번 탑승 후  광교후먼시아 32단지 하차 후 도보로  이의고등학교 방향으로 5분
24111000926,B05,41,117,라온노인복지센터,00,NORMAL SERVICE.,B05,blog.naver.com/laonwel22,24111000926,일반차량 4대,"동수원사거리 - 남부경찰서 방향 버스 66,  66-4 10분 소요타는곳: 수원역 /내리는곳 : 남부경찰서, 원천성일아파트, 백자아파트, 동수원중학교버스 66-4 ,10-5, 2-1, 9-1, 3"
24111000948,B05,41,115,백세통합재가센터,00,NORMAL SERVICE.,B05,blog.naver.com /031sy0703,24111000948,현대빌딩 뒷편 지상 주차 6대,인계 사거리에서 오산 방향   우측 최강병원 20 m 거리에 위치 (동물의료원 옆 현대빌딩 3층  ) 있으며   건물 뒷편으로  오시면 현대빌딩 지상 주차 라인 장소에 주차.   후문 현관  엘리베이터 이용 )
24111000777,B06,41,117,가족사랑드림 복지용구,00,NORMAL SERVICE.,B06,http://www.falogi.com,24111000777,"주변 공공 주차장 이용, 거주자 우선 주차장(오전 9시~ 오후 6시 까지, 무료이용) 주차가능.","2-1번, 9번, 9-1번, 98번 매탄공원 옆, 매탄공원 버스 정류장, 매탄공원 공영주차장 맞은편"
24111000825,B06,41,113,주식회사 케어프렌드,00,NORMAL SERVICE.,B06,https://carefriend.modoo.at/,24111000825,매장 앞 주차 1대 가능,자가용 경기도 수원시 권선구 구운중로32번길19 1층(가운데) 케어프렌드 대중교통 버스 - 구운중학교 인근 웃거리사거리 하차후 도보 300m (031-812-0084)
24111000869,B06,41,113,마실주야간보호센터,00,NORMAL SERVICE.,B06,https://blog.naver.com/kkmeng,24111000869,"장애인1, 옥외6대","7번 ,9-1, 11-1, 13-4, 19, 61, 99, 123A, 123D, 7800"
24111000879,B06,41,113,서광노인가정방문요양센터,00,NORMAL SERVICE.,B06,blog.naver.com/hqorgh3,24111000879,주변인근에 주차하시면 됩니다.,"수원역 - > 서둔동 주민센터 , 더함파크 하차    버스 13 , 13-4 , 13-5 , 11 , 11-1 , 92 , 92-1 , 15 , 15-1 , 9 , 9-1서둔동 희성연인아파트 입구에서 100M  이동"
24111000892,B06,41,115,희망의료기,00,NORMAL SERVICE.,B06,,24111000892,매장 앞 주차가능,성빈센트병원 도로 맞은편 버스정류장 명칭(성빈센트병원)에서 병원방향으로 157m 거리에 위치
34111000056,C01,41,117,1004노인복지센터,00,NORMAL SERVICE.,C01,m.blog.naver.com/wat5641/223517281750,34111000056,*본건물 소망프라자 지하층 주차장을 이용하시면 됩니다.*주차장만차시에는 근처 아파트에 주차하시면 됩니다.*전화주시면 안내드립니다.  010-2272-5641(조명숙),"자가용으로 오실 때/주소:경기도 수원시 영통구 매영로310번길 46(영통동964-4)201호수원시 영통구 영통동 신나무실아파트(5단지) 소망프라자 상가 2층 건물 <오시는길>북문/조원동방면---> 시내버스- 5번,3번, 63번, 98번 ,310번 300번,900번 >>>신마무실아파트하차               국민건강보험공단동부지사---> 지하철,분당선:수원시청역>>>영통역6번 출구--도보7분                                         ---> 시내버스 98번:뉴코아아울렛.중소기업은행>>> 신나무실아파트하차수원역방면---> 지하철 신분당선/영통역 6번출구--도보7분                  --->  버스노선/900, 7-2, 51, 2-1 >>>신나무실아파트정류장하차"
34111000065,C01,41,111,수원시립방문요양센터,00,NORMAL SERVICE.,C01,http://www.wonsilver.or.kr/bbs/board.php?bo_table=suwon&wr_id=1,34111000065,주차시설 완비,"시내버스(좌석버스) : 삼익아파트 앞 정류장 하차- 25, 25-2, 25-5, 27, 30-1, 300, 300-1, 310, 777, 900, 2007, 3000, 7770기타 대중교통- 마을버스(2-1) : 용광사 앞 버스정류장 하차"
34111000079,C01,41,117,도경노인복지센터,00,NORMAL SERVICE.,C01,blog.naver.com/kys3698,34111000079,"세호프라자 지하, 지상주차장  및 센터 주변에 주차 가능합니다.＊도경노인복지센터 방문 차량 :       차종 : 셀토스      차량번호 : 175하 2928","신주소: 경기도 수원시 영통구 영통로 100, 세호프라자 605호근처 : 망포1동 주민센터 정류장, 동수원LG빌리지 정류장, 삼성라츠아파트 정류장(수원시 영통 명가원 설렁탕 맞은편, 망포 스파렉스 사우나 맞은편, 망포1동 주민센터 근처, 망포 농협 주변)버스: 2-2, 5-1, 5-2, 7-1, 13-5, 15, 15-1, 34, 34-1, 4-1, 62-1, 63, 92-1, 98, 99, 150, 202, 203, 720-3, 720-1, 721, 1550-1, 마을13번 버스"
34111000090,C01,41,111,평강재가복지센터,00,NORMAL SERVICE.,C01,www.pkbohun.com,34111000090,저희센터는 단독 건물이라 센터입구 마당 전체에 주차장으로 이용 하실수 있습니다.10대 이상 가능합니다.,"수원역 출발 : 301번, 5번, 777번 탑승 ㅡ> 파장동 북부차고지 하차팔달문 남문 출발 : 27번화서역, 종합운동장 : 55번 306번 ㅡ> 파장동 북부 차고지 하차사당역 출발 : 7790, 7800 탑승 ㅡ> 효행공원 정류장 하차안양(범계)출발 : 65번, 301번, 306번, 310번 ㅡ> 파장동 북부차고지 하차네비주소 : 경기도 수원시 장안구 경수대로 1220번길 6-5(파장동)"
34111000117,C01,41,111,장안요양센터,00,NORMAL SERVICE.,C01,http://blog.daum.net/mtk1009,34111000117,동영빌딩 지하 주차장(11대 가능),"지하철 이용시: 1호선 수원역하차 후 시내버스 301,5,777 승차 후 파장시장 하차. 서울방면: 사당역 좌석7770번 승차후 파장시장 하차.                사당역 시내버스 777번 승차후 파장시장 하차.수원방면: 시내버스 301,5,777,65,승차 후 파장시장 하차.안양방면: 시내버스 301,65,777 승차후 파장시장 하차."
34111000056,C02,41,117,1004노인복지센터,00,NORMAL SERVICE.,C02,m.blog.naver.com/wat5641/223517281750,34111000056,*본건물 소망프라자 지하층 주차장을 이용하시면 됩니다.*주차장만차시에는 근처 아파트에 주차하시면 됩니다.*전화주시면 안내드립니다.  010-2272-5641(조명숙),"자가용으로 오실 때/주소:경기도 수원시 영통구 매영로310번길 46(영통동964-4)201호수원시 영통구 영통동 신나무실아파트(5단지) 소망프라자 상가 2층 건물 <오시는길>북문/조원동방면---> 시내버스- 5번,3번, 63번, 98번 ,310번 300번,900번 >>>신마무실아파트하차               국민건강보험공단동부지사---> 지하철,분당선:수원시청역>>>영통역6번 출구--도보7분                                         ---> 시내버스 98번:뉴코아아울렛.중소기업은행>>> 신나무실아파트하차수원역방면---> 지하철 신분당선/영통역 6번출구--도보7분                  --->  버스노선/900, 7-2, 51, 2-1 >>>신나무실아파트정류장하차"
34111000065,C02,41,111,수원시립방문요양센터,00,NORMAL SERVICE.,C02,http://www.wonsilver.or.kr/bbs/board.php?bo_table=suwon&wr_id=1,34111000065,주차시설 완비,"시내버스(좌석버스) : 삼익아파트 앞 정류장 하차- 25, 25-2, 25-5, 27, 30-1, 300, 300-1, 310, 777, 900, 2007, 3000, 7770기타 대중교통- 마을버스(2-1) : 용광사 앞 버스정류장 하차"
34111000079,C02,41,117,도경노인복지센터,00,NORMAL SERVICE.,C02,blog.naver.com/kys3698,34111000079,"세호프라자 지하, 지상주차장  및 센터 주변에 주차 가능합니다.＊도경노인복지센터 방문 차량 :       차종 : 셀토스      차량번호 : 175하 2928","신주소: 경기도 수원시 영통구 영통로 100, 세호프라자 605호근처 : 망포1동 주민센터 정류장, 동수원LG빌리지 정류장, 삼성라츠아파트 정류장(수원시 영통 명가원 설렁탕 맞은편, 망포 스파렉스 사우나 맞은편, 망포1동 주민센터 근처, 망포 농협 주변)버스: 2-2, 5-1, 5-2, 7-1, 13-5, 15, 15-1, 34, 34-1, 4-1, 62-1, 63, 92-1, 98, 99, 150, 202, 203, 720-3, 720-1, 721, 1550-1, 마을13번 버스"
34111000090,C02,41,111,평강재가복지센터,00,NORMAL SERVICE.,C02,www.pkbohun.com,34111000090,저희센터는 단독 건물이라 센터입구 마당 전체에 주차장으로 이용 하실수 있습니다.10대 이상 가능합니다.,"수원역 출발 : 301번, 5번, 777번 탑승 ㅡ> 파장동 북부차고지 하차팔달문 남문 출발 : 27번화서역, 종합운동장 : 55번 306번 ㅡ> 파장동 북부 차고지 하차사당역 출발 : 7790, 7800 탑승 ㅡ> 효행공원 정류장 하차안양(범계)출발 : 65번, 301번, 306번, 310번 ㅡ> 파장동 북부차고지 하차네비주소 : 경기도 수원시 장안구 경수대로 1220번길 6-5(파장동)"
34111000117,C02,41,111,장안요양센터,00,NORMAL SERVICE.,C02,http://blog.daum.net/mtk1009,34111000117,동영빌딩 지하 주차장(11대 가능),"지하철 이용시: 1호선 수원역하차 후 시내버스 301,5,777 승차 후 파장시장 하차. 서울방면: 사당역 좌석7770번 승차후 파장시장 하차.                사당역 시내버스 777번 승차후 파장시장 하차.수원방면: 시내버스 301,5,777,65,승차 후 파장시장 하차.안양방면: 시내버스 301,65,777 승차후 파장시장 하차."
34111000135,C03,41,113,중앙재가노인복지센터(주간보호),00,NORMAL SERVICE.,C03,www.aursin.co.kr,34111000135,중앙재가노인복지센터 내 주차시설 있음,"<대중교통 이용시>-수원역2층 환승센터 10번 승강장 : 27-6(추천) 27-2번 마을버스 승차 - 오목천동 ""한화 꿈에그린아파트 정문 "" 하차-도보3분-수원역 지하철 2번 출구 방면 : 730-2, 730번 승차-오목천동 ""청구1차아파트"" 하차-도보 15분-수원역 파출소앞 봉담 발안 방면  1)  6-1, 6-2, 6-3번 승차한 후 산업단지 명성산업 지나 “동철전자” 하차한 후 도보 8분 2)  31, 32, 33번 승차한 후 오목천동 “청구1차아파트” 하차한 후 도보 15분<자동차 이용시>- 네비게이션에 “중앙재가노인복지센터”을 검색하시면 됩니다.   (경기도 수원시 권선구 서수원로 53번길 25-43 (오목천동 1169번지)"
34111000431,C03,41,111,선재재활주야간보호센터,00,NORMAL SERVICE.,C03,http://blog.naver.com/rfrw68,34111000431,"선재재활주야간보호센터 건물(메디플라자) 지하1,2,3층 주차장 무료이용가능.혼잡시 전화 주시면 직원안내에 의해 주차 가능 합니다","시내버스 5, 61, 62, 63, 65, 301번을 타시고, 로얄팰리스 정류소에서 하차하시면 됩니다.시내버스 21, 5-2, 27, 36, 55, 62-1, 99-1, 310, 777번을 타시고 수원종합운동장에서 하차하시면 됩니다.직행버스는 2007, 3000, 770번, 좌석버스는 900번! 수원종합운동장에서 하차하세요.^^"
34111000489,C03,41,115,동행노인주간보호센터,00,NORMAL SERVICE.,C03,http://blog.daum.net/together9360,34111000489,건물 입구 좌측 1층 외부주차장 9대 가능 또는 길건너편 공영주차장 이용가능,"1) 일반버스 : 7-2, 47, 60, 400, 400-4, 660, 700-2, 1007  ▶  연무복지관(수원외국어마을)에서 하차 -> 월드컵경기장 쪽으로 약 10분 도보2) 일반버스 : 2-2, 80, 82, 99, 99-2, 720-1, 730, 5-4, 999    광역버스 : 1007-1, 3007, 4000, 7000, 7001  ▶ 우만주공아파트에서 하차 -> 월드컵경기장 쪽으로 약 5분 도보  ▶ 경기도여권민원실에서 하차 -> 우만주공아파트 쪽으로 약 5분 도보(언덕 끝 신호등 맞은편)3) 300-1, 300  ▶ 창룡문에서 하차 -> 정영호내과병원 옆 골목으로 약 10분 도보(골목길 끝)"
34111000504,C03,41,117,사랑방노인복지센터,00,NORMAL SERVICE.,C03,http://blog.naver.com/srb7004,34111000504,건물 뒷편으로 오시면 주차장 있음(아이오라 산부인과 건물 옆길-> 편의점 방향 우회전)주차가능 대수: 4대,"■ 지하철 이용시   분당선 망포역하차 5번 출구에서 에이스하이엔드타워 영통지식산업센터 방향 도보 5분거리(태장고 맞은편)■ 버스 이용시   수원역 방향에서 오실때: 62-1, 13-5, 7-1, 5-1, 92-1, 15번 망포역 골든스퀘어 정류장     하차 후 지하도 건너편 5번 출구에서서 에이스하이엔드타워 영통지식산업센터 방향 도보 5분거리(태장고 맞은편)   경희대 방향에서 오실때: 4-1, 11-1번 영통롯데아파트 정류장 하차 310, 7-2, 900, 5, 51번 벽적골 주공아파트 정류장 하차"
34111000516,C03,41,113,"""효자노치원"" 서수원점",00,NORMAL SERVICE.,C03,www.hyojanochiwon.com/,34111000516,"수원시 권선구 금호로 248 현대탑월드상가(1층 롯데슈퍼) 건물 뒤편으로 돌아  지하주차장(B2) 이용 가능주차비는 30분당 1,000원으로 유료이나 기관에서 주차권을 지급하여 주므로 무료로 이용가능함","수원역에서 13번, 13-1번, 13-3번, 7780 구운중학교 앞 하차, 호매실쪽에서 13번, 13-1번, 13-3번, 7780 구운중학교 하차직행버스 1007번, 1009번 이용구운중학교 앞에서 하차한 후 현대탑월드 상가 건물 1층 롯데마트 안으로 들어와서 엘리베이터 탑승 후 2층에서 하차자가용은 현대탑월드 건물 뒷편으로 돌아와 지하 주차장 입구로 들어와서 주차가능함"
34113000539,C04,41,135,'365'단기보호센터,00,NORMAL SERVICE.,C04,blog.naver.com/sedaycare,34113000539,기관내 주차가 가능하지만 주차공간이 협소하오니 대중교통 이용 부탁드립니다.,"분당선 야탑역 4번출구 하차1. 15-1, 60번 버스 탑승시 목련마을 주공1단지에서 하차하시고 오른쪽을 보시면 흰색 건물입니다. 2. 50-1, 50, 8-1번, 8번 버스 탑승시 성남세관에서 하차하시고 목련아파트 다리를 지나 신호등을 건너 오시면 됩니다."
34115000528,C04,41,150,카네이션요양원,00,NORMAL SERVICE.,C04,blog.naver.com/gp010910,34115000528,건물내 주차장 및 건너편 공영주차장 이용,"전철 1호선 녹양역 하차, 녹양역 1번출구 165m버스 7, 25, 31, 35, 36, 39, 50, 51, 108 녹양역 하차"
34119000587,C04,41,192,고향 단기보호시설,00,NORMAL SERVICE.,C04,ones2home.wix.com,34119000587,"지하 1, 2층 주차장 이용가능","지하철 7호선 상동역(5번 출구) : 도보 5분 거리.송내역 7-2번, 16번, 83번(상동방향), 부천역 5-4번 드림모아세이브존에서 하차.도보로 라일락 마을 서해 그랑블 아파트 방향으로 오시면, 상3동 주민센터 앞 아트프라자 3층 입니다.상3동주민센터 바로 앞 8층 건물3층에 위치합니다."
34128000630,C04,41,285,E.S.H엘림재가복지,00,NORMAL SERVICE.,C04,,34128000630,6 대 가능,"관산동에서 마을버스 36번 타고 지영동 공장 앞 하차 후, 도보로 10분"
34111000079,C05,41,117,도경노인복지센터,00,NORMAL SERVICE.,C05,blog.naver.com/kys3698,34111000079,"세호프라자 지하, 지상주차장  및 센터 주변에 주차 가능합니다.＊도경노인복지센터 방문 차량 :       차종 : 셀토스      차량번호 : 175하 2928","신주소: 경기도 수원시 영통구 영통로 100, 세호프라자 605호근처 : 망포1동 주민센터 정류장, 동수원LG빌리지 정류장, 삼성라츠아파트 정류장(수원시 영통 명가원 설렁탕 맞은편, 망포 스파렉스 사우나 맞은편, 망포1동 주민센터 근처, 망포 농협 주변)버스: 2-2, 5-1, 5-2, 7-1, 13-5, 15, 15-1, 34, 34-1, 4-1, 62-1, 63, 92-1, 98, 99, 150, 202, 203, 720-3, 720-1, 721, 1550-1, 마을13번 버스"
34111000138,C05,41,115,아노가 홈케어,00,NORMAL SERVICE.,C05,http://blog.naver.com/anoga_suwon,34111000138,아노가요양원 자체 주차장 이용,"1. 대중교통: 경인지방 병무청 앞 하차 후 도보10분- 시내버스: 3, 5, 5-1, 7-1, 66, 66-4, 82-1, 301, 310, 700-2, 777- 좌석버스 : 900, 900-2, 999, 1007, 2007, 77702. 대중교통: 화서1동 주민센터 하차 후 도보5분- 시내버스 : 16-2,  30-1, 423. 대중교통 : 화서오거리 하차 후 도보3분- 시내버스 : 2-1, 3"
34111000154,C05,41,115,실버벨스 방문요양센터,00,NORMAL SERVICE.,C05,www.silverbells.or.kr,34111000154,건물내 1층 주차장은 1시간 이용 가능하나 공간이 부족하니 참조하시기 바랍니다.(지하 주차장은 불가) /스타필드 주차장: 도보 3분 (6시간 무료) /화서동 먹거리촌 공영주차장: 도보 10분 (유료),"화서역 3번 출구 신호등 건너서, 제일산부인과 옆 아트프라자 건물 4층에 있습니다.2  2-1  3  37  39  40  55  92  1009  3003  화서주공@  5단지앞 하차해서 도보 3분 거리입니다."
34111000453,C05,41,113,행복한재가복지센터,00,NORMAL SERVICE.,C05,없음,34111000453,삼익3차 아파트 상가주차장,"13번, 55번, 버스  삼익3차아파트 하차"
34111000078,C06,41,115,의료기백화점,00,NORMAL SERVICE.,C06,http://www.mediplaza.co.kr/medistore,34111000078,가능,성빈센트병원 건너편 의료기백화점
34111000087,C06,41,115,현대의료기,00,NORMAL SERVICE.,C06,http://cafe.daum.net/suwonHDmedical,34111000087,Y,"대중교통이용시 동수원사거리 정류장하차, 50M거리자차 이동시 (경기 수원시 팔달구 중부대로 123 1층)"
34111000117,C06,41,111,장안요양센터,00,NORMAL SERVICE.,C06,http://blog.daum.net/mtk1009,34111000117,동영빌딩 지하 주차장(11대 가능),"지하철 이용시: 1호선 수원역하차 후 시내버스 301,5,777 승차 후 파장시장 하차. 서울방면: 사당역 좌석7770번 승차후 파장시장 하차.                사당역 시내버스 777번 승차후 파장시장 하차.수원방면: 시내버스 301,5,777,65,승차 후 파장시장 하차.안양방면: 시내버스 301,65,777 승차후 파장시장 하차."
34111000124,C06,41,113,국제의료기,00,NORMAL SERVICE.,C06,,34111000124,국제의료기 전용 주차장 있습니다.,"국제의료기 위치는 1번 산업국도 동수원에서 오산 방면으로 시청사거리 지나서 권선사거리에 수원 중앙병원 정문 옆에 위치해 있습니다. 버스:202, 82-1, 300"
14113000234,G31,41,133,성남시립노인요양센터,00,NORMAL SERVICE.,G31,www.scsh.or.kr,14113000234,197대,"버스이용시3-1,33-1,57,60,100,720,720-1 → 중원경찰서·버스정류장하차33,55,340-1 → 상대원 선경아파트 버스 정류장 하차지하철이용시8호선 이용 단대오거리역에서 하차, 2번 출구 → 단대쇼핑 앞 시내버스 이용, 중원경찰서 상대원 선경아파트 버스정류장 하차"
14113000329,G31,41,135,더힐링요양원,00,NORMAL SERVICE.,G31,http://www.healingbd.co.kr/,14113000329,"*자가용 이용시 : 요한성당, 지역난방공사 사잇길 700m 직진 후 우회전 후 200m에 위치* 건물 내 1층 주차장 이용 / 건물 주변 주차","지하철 이용 : 서현역 하차 후 AK프라자 2층 버스정류장에서 3번, 3-2번, 520번(신현리방향)승차 후 장안타운 건영아파트 하차버스이용 : 17번, 33번 장안타운 건영아파트 하차 후 도보 500m 이동                 3번, 3-2번, 520번 승차 후 장안타운 건영아파트 하차"
14113000714,G31,41,135,헤리티지요양원,00,NORMAL SERVICE.,G31,http://theheritage.kr/,14113000714,42대 (장애인전용 3대),"서울-강남 20분 거리의 편리한 접근성 23국도, 분당-수서 간 고속화도로, 서울-용인 간 고속도로, 경부고속도로 서울요금소 인접 전철 이용 시 분당선 미금역 7번 출구에서 7번 마을버스 승차 후 헤리티지너싱홈 하차 / 250번 보바스병원 앞 하차"
14115000968,G31,41,150,루시아참요양원,00,NORMAL SERVICE.,G31,http://blog.naver.com/ftldkcka,14115000968,6대 주차가능,11번종점에서 경기북과학고등학교 방향 도보로 3분거리208번종점에서 호명산빌리지방향 도보로 5분거리
14113000329,G32,41,135,더힐링요양원,00,NORMAL SERVICE.,G32,http://www.healingbd.co.kr/,14113000329,"*자가용 이용시 : 요한성당, 지역난방공사 사잇길 700m 직진 후 우회전 후 200m에 위치* 건물 내 1층 주차장 이용 / 건물 주변 주차","지하철 이용 : 서현역 하차 후 AK프라자 2층 버스정류장에서 3번, 3-2번, 520번(신현리방향)승차 후 장안타운 건영아파트 하차버스이용 : 17번, 33번 장안타운 건영아파트 하차 후 도보 500m 이동                 3번, 3-2번, 520번 승차 후 장안타운 건영아파트 하차"
14119000138,G32,41,196,부모섬김,00,NORMAL SERVICE.,G32,www.bumocare.co.kr,14119000138,건물 정문 및 후문 주차 가능,"송내 역 앞 12-1번(약대 오거리 하차), 70-3번(농협 신흥 지점 하차)소풍 터미널 또는 현대 백화점 앞 GS 백화점 방향 59번(농협 신흥 지점 하차)부천 남부역 60-1번(약대 오거리 하차)"
14119000749,G32,41,192,성은요양원,00,NORMAL SERVICE.,G32,http://www.bumocare.co.kr/,14119000749,지하 주차장 이용 가능,"춘의역 7번 출구 도보 760m(약 13분)12번, 70-2번, 23-1번, 50번, 661번 버스 이용 공구상가 정류장 하차"
14119001431,G32,41,194,차오름재활요양원,00,NORMAL SERVICE.,G32,http://차오름재활요양원.com,14119001431,역곡프라자 주차타워인근주차장,대중교통 지하철 : 1호선 남부 방향 1번출구 도보 20M 거리버스 : 역곡역 남부 버스 정류장 서울 방향 도보  50M 거리 자가용역곡역 광장 회차로 진입하여 우회전
14119001431,G33,41,194,차오름재활요양원,00,NORMAL SERVICE.,G33,http://차오름재활요양원.com,14119001431,역곡프라자 주차타워인근주차장,대중교통 지하철 : 1호선 남부 방향 1번출구 도보 20M 거리버스 : 역곡역 남부 버스 정류장 서울 방향 도보  50M 거리 자가용역곡역 광장 회차로 진입하여 우회전
14122000189,G33,41,220,미소요양원,00,NORMAL SERVICE.,G33,www.misocare.net,14122000189,50대 주차 가능,"주소:  팽성읍 팽성북로130-8)  (구 주소 근내리 148-1번지)( 버스정류장 하차 바로 옆대중교통 : 순환 121번 버스  이용(평택통복시장) , 미소요양원앞 하차( 바람난아구찜식당 하차)"
14136000319,G33,41,360,늘사랑실버케어센터,00,NORMAL SERVICE.,G33,www.해피트리.com,14136000319,지하 4층까지 복층식 지하 주차장이 마련되어 있습니다.이용 후 나가시기 전에 차번호를 불러주세요.^^*그래야 주차비가 없어요^^,남양주시청에서 마석방향으로  (평내상업지구에서 하차) 큰 길가 하나프라자 빌딩KT정류소 하차. (평내 상업지구)일반버스 65. 65-1. 30. 1115-2. 1-4.좌석버스 765. 765-1. 1330. 1330-1~5. 330-1
14122000189,G34,41,220,미소요양원,00,NORMAL SERVICE.,G34,www.misocare.net,14122000189,50대 주차 가능,"주소:  팽성읍 팽성북로130-8)  (구 주소 근내리 148-1번지)( 버스정류장 하차 바로 옆대중교통 : 순환 121번 버스  이용(평택통복시장) , 미소요양원앞 하차( 바람난아구찜식당 하차)"
14122000189,G35,41,220,미소요양원,00,NORMAL SERVICE.,G35,www.misocare.net,14122000189,50대 주차 가능,"주소:  팽성읍 팽성북로130-8)  (구 주소 근내리 148-1번지)( 버스정류장 하차 바로 옆대중교통 : 순환 121번 버스  이용(평택통복시장) , 미소요양원앞 하차( 바람난아구찜식당 하차)"
24115000902,H31,41,150,마음의숲노인복지센터본점,00,NORMAL SERVICE.,H31,https://blog.naver.com/akdmadmltnv846,24115000902,주차시설 있음,202번 마을버스 하차: 마음의숲노인복지센터
24115001048,H31,41,150,의정부통합돌봄요양센터,00,NORMAL SERVICE.,H31,https://blog.naver.com/akdmadmltnv846,24115001048,주차시설 있음,202번 마을버스 하차: 마음의숲노인복지센터(의정부통합돌봄요양센터)
24119001185,H31,41,194,차오름재활주간보호/방문요양센터,00,NORMAL SERVICE.,H31,blog.naver.com/chaormholdings,24119001185,역곡프라자 주차타워인근주차장,"대중교통 지하철 : 1호선 남부 방향 1번 출구 도보 20M 거리버스 : 10번,88번,19번,60번,99번,83번 역곡역 남부 버스 정류장 서울 방향 도보 50M 거리 자가용역곡역 광장 회차로 진입하여 우회전"
24128001344,H31,41,287,가원노인복지센터,00,NORMAL SERVICE.,H31,https://blog.naver.com/gawon7266,24128001344,주차시설 있습니다. 센터 앞 공영주차장 이용 가능.,"경의중앙선 탄현역 2번출구 도보 10분버스 090번, 091번"
24115000902,H32,41,150,마음의숲노인복지센터본점,00,NORMAL SERVICE.,H32,https://blog.naver.com/akdmadmltnv846,24115000902,주차시설 있음,202번 마을버스 하차: 마음의숲노인복지센터
24115001048,H32,41,150,의정부통합돌봄요양센터,00,NORMAL SERVICE.,H32,https://blog.naver.com/akdmadmltnv846,24115001048,주차시설 있음,202번 마을버스 하차: 마음의숲노인복지센터(의정부통합돌봄요양센터)
24119001185,H32,41,194,차오름재활주간보호/방문요양센터,00,NORMAL SERVICE.,H32,blog.naver.com/chaormholdings,24119001185,역곡프라자 주차타워인근주차장,"대중교통 지하철 : 1호선 남부 방향 1번 출구 도보 20M 거리버스 : 10번,88번,19번,60번,99번,83번 역곡역 남부 버스 정류장 서울 방향 도보 50M 거리 자가용역곡역 광장 회차로 진입하여 우회전"
24128001681,H32,41,281,포르테주간보호센터,00,NORMAL SERVICE.,H32,https://blog.naver.com/fortedaycare,24128001681,건물 지하주차장을 이용할수 있으며 건물옆 공영주차장도 이용가능.,고양시 덕양구 행신동 가라뫼4거리 서정마을 1단지 앞버스 가라뫼 4거리에서 하차서정마을 1단지 건너편에 위치함.
24146000736,H33,41,465,365송은노인학교(주야간),00,NORMAL SERVICE.,H33,http://blog.naver.com/thddmswlzladl,24146000736,"총 21대B1 : 10대, B2 : 11대 주차가능","ㅇ지하철(분당선)-오리역 4번 출구 또는 미금역에서 39번. 39-1 마을 버스탑승-> 새터마을에서 하차, 길건너 1층에  신협건물 6층과 7층ㅇ 오리역 좌석버스 1303(안양행),102(건대역)"
24182000102,H33,41,820,가평중앙재가노인복지센터,00,NORMAL SERVICE.,H33,www. rkvudwnddkd.co.rk,24182000102,10대이상 주차가능합니다.,읍내10리 경유버스 :  10 - 1       가평역-용추                               60 - 19     가평터미널- 읍내10리 (우)                               71 - 1       가평액-개곡리                                15            가평역-목동터미널                            1330 - 3      목동터미널 -현대코아
34117000237,I31,41,171,케어네이션 만안센터,00,NORMAL SERVICE.,I31,http://www.silversworld.co.kr/,34117000237,건물 주차장 무료 이용 (센터 사전 문의),"- 서안양우체국 하차 안양초등학교 정문 방향으로 도보 5분 :  5531, 5530, 5624, 5623, 20, 541, 15, 15-1, 11-2, 1번- 중화한방병원 하차 우회전 도보 5분 :  5713, 10, 9-3, 9, 8-1, 8번"
34119000977,I31,41,194,부천남부노인주야간보호센터,00,NORMAL SERVICE.,I31,http://부천남부노인주야간보호센터.com,34119000977,지하 주차장 5대 가능,"센터 주소 : 경기도 부천시 안곡로 15호철빌딩 3층,4층 버스 이용시 조공아파트 하차- 버스 55, 56-1, 75번"
34128001141,I31,41,281,행신치매전담형 주야간보호센터,00,NORMAL SERVICE.,I31,blog.naver.com/hangsin0101,34128001141,"지하주차장 1, 2층 40대","1. 주   소 : 고양시 덕양구 무원로6번길 61 (국민은행 뒤편 지엘 프라자 ,  행신2동 행정복지센터 앞 건물 지엘 프라자 8층)2. 교통편 : 지하철 3호선 2번출구  마을버스  021, 023, 030, 060, 065 ㅡ> 행신역 하차  도보 5분거리                 경의선 행신역 2번출구 도보5분 거리                 일반버스 : 행신역 방향 11. 97. 72. 850 무원마을 단독주택 앞 하차3. 전화번호 :  T) 031)974-9001,     H.P) 010-7137-0101    F) 031-974-9002"
34141000172,I31,41,410,'나들이' 데이케어센터,00,NORMAL SERVICE.,I31,http://cafe.daum.net/gocare,34141000172,"건물 안팎에 주차 용이[바로 옆, 대야 2공영주차장]* 센터 옆  도로에 주차도 가능!","현대아이파크 아파트 정문 앞, GS25 편의점 있는 건물 2층1. 차로 오실 때    군포시 대야2로 143번길 26, 201호(현대프라자, 대야미동)    군포시 대야미동 639-1 201호2. 지하철로 오실 때 _도보 7분 거리    대야미역[4호선 2번 출구]-대야주민센터(대야도서관)-현대아이파크A 정문 앞3. 버스로 오실 때    1) 6번 마을버스: 종점-현대아이파크A 정문 앞    2) 100번 따복버스: 대야도서관 하차-대야도서관-현대아이파크A 정문 앞"
14155000032,M31,41,550,파라밀 요양원,00,NORMAL SERVICE.,M31,http://www.lotusvill.co.kr,14155000032,주차에 제한 없음,자가용 이용시  중부고속도로 - 일죽IC - 나와서 우회전(38번 국도) - 10정도 직진하면                        좌측에 두원공대가 보임 - 약 2km 진행후 주유소 끝 우측으로 도로를 빠져나가 - 바로 좌회전(안성방향으로 100여m 진행)  좌측   굴다리를 지나서 표지판 따라 5분 진행대중교통 이용시  동서울 터미널의 경우  - 죽산방향 버스 - 정류소에서 택시이용(약 5분)                          그 외 터미널의 경우 - 경기도 안성 - 안성에서 죽산 - 죽산정류서에서                                                            택시이용(약 5분)
14159000412,M31,41,591,새소망요양원,00,NORMAL SERVICE.,M31,blog.naver.com/hope-center,14159000412,"15대 이상 주차가능, 인근지역 주차장 주차가능","수원에서 버스 400,400-2,999,1004 번 > 남양성지 하차 > 20-4B 마을버스 탑승 > 청원3리입구 정류장 하차"
14117000627,S41,41,171,긋시아케어링a,00,NORMAL SERVICE.,S41,http://xn--mj0b35t1khooc9ph06b.kr/,14117000627,건물 지하 주차장,"주소 : 경기도 안양시 만안구 안양로 483 지구빌딩 5층위치 : 석수동 전화국(kt) 사거리교통편 : 시내교통버스 9번, 5531번, 5623번 버스 석수시장 하차 하시면 됩니다, 도보 3분 거리 우리은행건물 5층에 위치하고 있습니다."
14127001053,S41,41,273,아주좋은요양원,00,NORMAL SERVICE.,S41,https://m.blog.naver.com/bbin650219?proxyReferer=&tab=1,14127001053,안산 단원구 광덕동로 61. 중앙프라자 지하 주차장 이용. (비밀번호 있음).,"전철 : 4호선 중앙역에서 하차 후 1번 출구에서 77, 70A, N70A 탑승 후 주공 7단지 아파트 하차. 도보로 5분거리내 네오빌 612동 건너 편. 중앙프라자 601호."
14128000005,S41,41,281,사랑의집,00,NORMAL SERVICE.,S41,https://www.band.us/band/101383918/post,14128000005,주차가능,"85번, 790번, 333번, 850번, 85-1번, 313-1번, 051번 장단상회 앞(버스 종점 한 정거장 전)"
14128001485,S41,41,281,A+샬롬요양원,00,NORMAL SERVICE.,S41,https://blog.naver.com/jjjjang3438,14128001485,기계식주차 40대,"지하철 3호선 화정역 2번출구 마을버스 032버스: 850, 1082,  11"
14311000027,A03,43,112,산새노인요양원,00,NORMAL SERVICE.,A03,www.ss2008.co.kr,14311000027,산새노인요양원 1층 주차장 이용(무료).,"■ 버스를 이용하는 경우   1) 청주시외버스터미널 -  50-1, 823 청주가경중학교 하차 후 10분 도보(개신우체국 맞은편)    2) 사창사거리 방면 - 50-2, 823 청주가경중학교 하차 후 10분 도보(개신우체국 맞은편)      3) 사창사거리 방면 - 811-1 개신현대푸르지오 하차 후 5분 도보(개신우체국 맞은편)      ■ 자가용을 이용하는 경우    1) 청주시외버스터미널 - 죽림사거리에서 좌회전 후 400M 직진후 좌회전, 개신농협에서 우회전 50M 진진후 좌측.    2) 사창사거리 방면 -  복대사거리 좌회전 후 1km 직진 후 개신농협에서 좌회전, 50M 직진후 좌측.  전화주시면 보다 더 자세하게 설명드리겠습니다."
14311000029,A03,43,114,청주소망의집,00,NORMAL SERVICE.,A03,cafe.daum.net/cjsm2006,14311000029,차량 10대,성모병원에서 공항방면 1.7Km 직진후 오근장역방향 구길 진입 700m 직진후 금와가든 식당 앞에서 우회전 700m 정도 오시면 됩니다.버스 이용은 407   711   712   715   719   720번  북일초등학교 하차 후  도보 10분
14311000032,A03,43,113,흥덕실비노인요양원,00,NORMAL SERVICE.,A03,http://heungdeok.hubweb.net,14311000032,넓은 부지로 시설안 주차 100대 정도의 주차시설 완비,"버스 512, 512-1, 512-2번자가용 이용시- 가경동 홈플러스 앞 사거리(죽림사거리) ---> 한국교원대학교 방향(연정방향)직진 ---> 충북공고 ---> 석곡사거리 ---> 약 2.3km 직진 후 도로 오른쪽 편으로 본원안내 표지판이 나옵니다."
14311000039,A03,43,114,성심노인요양원,00,NORMAL SERVICE.,A03,https://blog.naver.com/sungsimwon0,14311000039,20대 가능,※  자가용 이용시 :  청주성모병원 앞 사천동성당 옆※  버스 이용시 : 버스정류장에서 하차한 후 길 맞은편 사천동 성당 뒷편
14311000042,A03,43,112,참사랑노인요양원,00,NORMAL SERVICE.,A03,http://www.chamhsp.co.kr,14311000042,주차공간 넓음(무료주차)일반주차대수 : 29대    장애인주차대수: 3대,"버스 노선 : 신탄진방면(400번대) 시내순환버스(822-1, 822-2)자가용 : 청주 이마트, 청주교도소 방면 충청북도교육청 맞은편외지에서 오실때 : 남청주IC (구 청원IC)에서 청주방면으로 15분 직진 --  좌측 이마트지나 500M 직진하면 우측 대로변에 있습니다."
14311000041,A04,43,111,우리노인요양공동생활가정,00,NORMAL SERVICE.,A04,https://cafe.daum.net/chwoorihome,14311000041,청주우리교회 주차장을 함께 이용하고 있습니다.,"831, 831-1, 822-1 (도청에서 탑승이나 환승)영운동 청운중학교 후문 수정아파트 101동뒤 청주우리교회 5층 건물내(우리요양원) 3층에 있습니다"
14311000102,A04,43,111,용담사랑의집노인요양공동생활가정,00,NORMAL SERVICE.,A04,http://ser9.cafe24.com/yongdam/,14311000102,용담사랑의집 내부에 주차시설완비.  골목길도 주차 가능함.,"- 청주 시내버스 862-2번, 863-1번, 863-2번(명암저수지 하차), 864번(e편한세상아파트 하차) 버스  산성.명암 약수터방향으로 탑승   (산성.명암약수터~ 충북 체육관까지가 종점임. 17분 간격으로 운행)- 자가용도 동일 안내  청주 한방 병원 지나 명암저수지 중간지점, 용담동 성광로즈웰 정문에서 바로 용담사랑의 집 간판이 보입니다.    미소나라어린이집 들어오시는 길에서 산쪽으로 200m정도 올라오시면 됩니다."
14311000161,A04,43,114,내덕늘푸른요양원,00,NORMAL SERVICE.,A04,없습니다.,14311000161,*본 건물 1층과 첼로병원건물 뒷편으로 오시면 요양원 주차장이 있습니다.,"1. 우암초등학교 에서 향군로 가는 버스를 타서 구 mbc 앞 첼로병원앞에서 하차2. 첼로병원의 뒷편 주차장쪽으로 돌아오시면 내덕늘푸른요양원 주차장 간판이 보입니다.3. 주차장에 주차하시고, 그 골목으로 걸어오시면 내덕늘푸른요양원 도착."
14311000267,A04,43,113,새순노인요양공동생활가정,00,NORMAL SERVICE.,A04,http://https:cjcity.net,14311000267,시공영주차장이 건물 바로 옆에 있음,봉명동 농수산물시장행인근에 봉명동 백봉아파트버스정류장 위치
14311000346,A04,43,111,로뎀나무노인요양공동생활가정,00,NORMAL SERVICE.,A04,,14311000346,3대,502번 버스 육거리
24311000058,B01,43,113,평화노인복지센터,00,NORMAL SERVICE.,B01,blog.naver.com/vudghk202020,24311000058,14대 주차가능,시외버스터미널 맞은편 대로 사거리에서 조치원방향 200m 지점 평화교회건물1층 도로명: 충북 청주시 흥덕구 가로수로1164번길 64-2 평화교회
24311000575,B01,43,112,고려요양협동조합,00,NORMAL SERVICE.,B01,http://www.kcper.com,24311000575,- 고려요양협동조합  건물뒷편 10대 주차가능   근거리에 청주체육관에 주차하고 도보로 오시면 편리합니다. (버스 1정거장 7-10분소요),"-청주시 서원구 사직대로 273(3층,사직동 265-28번지)사직사거리 BUS하차 바리게이트 옆 3층 고려요양협동조합 (방문요양)대중교통사직사거리 . 시립미술관 버스 하차 : 40-1, 500, 611, 716,722-1,863-2, 913(단), 502, 50-2(단), 511, 612, 717, 811-2, 863-2(단), 916-1,  864, 101, 513, 616, 718, 831, 872-1, 917, 311 ,  513-1,  617, 719,  831(단), 872-2, 918, 311-1, 842-2                                                       911, 918-1, 313-1, 515, 712, 720-1, 842-2(단), 911-1, 919,  313-1(단), 516 , 712-1, 721, 843, 912, 105, 419, 517, 715, 722, 862-1, 913, 105-1자가용 : 가경동 시외버스터미널 : 5.6km 17분 예상 , 용암동 건영 아파트 :   5km 15분 예상, 용담동 한방병원 : 2..9km 10분 예상, 율량동 :  5.8km 17분 예상, 분평동 :  4.3km 10분 예상도  보 : 가까운 거리만 가능하므로 각자 참고하셔서 오세요."
24311000606,B01,43,112,가나노인주간보호센터,00,NORMAL SERVICE.,B01,blog.naver.com/ganawelfare,24311000606,한빛 순복음교회 빌딩 뒤 주차장 완비,오는방향30-2 (남부종점방향) (모충금호아파트 방향)  9분 | 18분 512 (오동육교방향) (모충금호아파트 방향)  26분 811-2 (모충금호아파트 방향)  14분 843 (주공2단지아파트 방향)  15분 418 (송절동방향) (모충금호아파트 방향)  정보없음 512-2 (정상방향) (모충금호아파트 방향)  정보없음 512-3 (오동육교방향) (모충금호아파트 방향)  정보없음초정한우방향 1분거리가는방향30-1 (남부종점방향) (삼익1차아파트 방향)  13분 | 18분 512 (사곡방향) (삼익1차아파트 방향)  12분 811-1 (삼익1차아파트 방향)  29분 843 (삼익1차아파트 방향)  19분 005 (심야) (삼익1차아파트 방향)  정보없음 512-2 (사곡방향) (삼익1차아파트 방향)  정보없음 512-3 (구미보건소방향) (삼익1차아파트 방향)  정보없음한빛 순복음교회 빌딩 1분거리
24311000637,B01,43,113,(A+)동행노인복지센터,00,NORMAL SERVICE.,B01,https://blog.naver.com/adonghaeng,24311000637,"1층, 주차타워 42대 주차 가능",하나병원 정문 앞 옛 세종병원 자리아웃백 가경점 옆고속터미널에서 5분거리시외터미널에서 5분거리50-2 (동부종점방향)105 (석판방향)843 (율량동방향) 105-1 (석판방향)
24311000664,B01,43,112,효림노인주야간보호센터,00,NORMAL SERVICE.,B01,blog.naver.com/koi21c,24311000664,건물 지하 1층 20대 주차 가능함.,"1. 위치: 분평동 전자랜드 옆 축산농협 맞은편2. 내비게이션: 청주시 서원구 1순환로 1107번길 20 (분평동, 해피존빌딩 503호) 또는 상호명 ""효림노인주간보호센터"" 입력3. 시내버스: 823, 912, 914, 916, 919, 820, 835, 509, 9354. 택시: 분평동 전자랜드 맞은편"
24311000637,B02,43,113,(A+)동행노인복지센터,00,NORMAL SERVICE.,B02,https://blog.naver.com/adonghaeng,24311000637,"1층, 주차타워 42대 주차 가능",하나병원 정문 앞 옛 세종병원 자리아웃백 가경점 옆고속터미널에서 5분거리시외터미널에서 5분거리50-2 (동부종점방향)105 (석판방향)843 (율량동방향) 105-1 (석판방향)
24311000680,B02,43,113,사랑으로노인복지센터,00,NORMAL SERVICE.,B02,www.sarangeuro.kr,24311000680,주차 4대 가능주차 시설이 협소하오니 주변 공영주차장 이용 및 대중교통을 이용해주시길 바랍니다.,"시내버스 : 사창사거리 하차, 봉명사거리 방향 200 미터, 좌측 봉명교차로 알뜰매장 건물 2층, 3층"
24311000788,B02,43,113,옥산방문요양복지센터,00,NORMAL SERVICE.,B02,https://blog.naver.com/feelcare1004,24311000788,단지내 주차장 있음,산업단지6거리에서 611번 버스 및 자가용
24311000805,B02,43,112,다복한주간보호센터,00,NORMAL SERVICE.,B02,blog.naver.com/been222,24311000805,5대주차,교육대학교 삼거리와 수영교 중간지점세원2차아파트와 수정아파트 건너편 소방도로 170m지점
24311000809,B02,43,112,보람케어노인복지센터,00,NORMAL SERVICE.,B02,보람케어노인복지센터~blog.naver,24311000809,사무실 건물 뒤편에 주차공간이 마련되어 있으며 주변에 주택가에도 주차가 가능합니다.,"청주지역 남부순환버스 20-1, 20-2, 30-1, 30-2, 852-2, 851 710번 버스를 이용하시고 산남고등학교에서 하차하시면 바로 보입니다."
24311000020,B03,43,113,청주흥덕노인통합지원센터,00,NORMAL SERVICE.,B03,www.wooam.co.kr,24311000020,□ 전용주차시설 보유(15~20대정도 주차가능),□ 주소 및 전화번호청주시 흥덕구 무심서로 1099번지 130 (청주흥덕노인통합지원센터)043.215.2496~7□ 대중교통(버스) 이용시-> 920번(신대방향) 버스 -> 문암생태공원 하차 -> 도보 5~10분 -> 도착□ 자차 이용시1) 서청주IC 좌회전(SK로 방향) -> 상신교차로 우회전 후 바로 좌회전-> 직진으로 1.6km 좌측 위치-> 도착2) 제2운천교사거리 좌회전(차량등록사업소 방향) -> 직진으로 3.8km 문암생태공원 캠핑장에서 좌회전-> 직진으로 400m와서 좌회전(3번째 터널)-> 직진으로 200m 좌측 위치-> 도착
24311000227,B03,43,113,현진노인복지센터(흥덕노인요양원병설),00,NORMAL SERVICE.,B03,http://goldsanatorium.cafe24.com,24311000227,주차시설있음,자가) 가경동 홈플러스 - 죽림사거리에서 충북공고방향 - 석곡사거리에서 직진         - 2km직진 후 성신학교방향 우회전 - 300m 직진하면 현진노인주간보호센터버스) 홈플러스정류장에서 512번 버스 - 성신학교하차 - 성신학교방향으로 도보 5분
24311000292,B03,43,114,내덕노인복지센터,00,NORMAL SERVICE.,B03,http://www.ndsenior.or.kr/board/notice2,24311000292,내덕 노인복지센터 내 주차시설 완비,"1. 버스 : 105, 111, 113, 114, 115, 116, 117, 118, 852-1. 9152. 택시 및 자가용 이용 : 신흥고등학교 방면  율량교부근   하차"
24311000579,B03,43,114,성민주야간보호센터,00,NORMAL SERVICE.,B03,https://band.us/n/a8a34czez54cJ,24311000579,주차시설 20대 가능,"내수-토성리 동촌 : 마을버스 6번 일반시내버스 113번원내 승합차1대(76다3535)        승용차 2대(128부7744, 274마3231).....개인 자가용으로 이용할 경우-청주지역-증평방향으로 자동차순환도로 에서 토성리 성민교회로 들어옴-증평지역-송정방향으로 3.6km안내표지판을 참고하여 오시면 됩니다."
24311000606,B03,43,112,가나노인주간보호센터,00,NORMAL SERVICE.,B03,blog.naver.com/ganawelfare,24311000606,한빛 순복음교회 빌딩 뒤 주차장 완비,오는방향30-2 (남부종점방향) (모충금호아파트 방향)  9분 | 18분 512 (오동육교방향) (모충금호아파트 방향)  26분 811-2 (모충금호아파트 방향)  14분 843 (주공2단지아파트 방향)  15분 418 (송절동방향) (모충금호아파트 방향)  정보없음 512-2 (정상방향) (모충금호아파트 방향)  정보없음 512-3 (오동육교방향) (모충금호아파트 방향)  정보없음초정한우방향 1분거리가는방향30-1 (남부종점방향) (삼익1차아파트 방향)  13분 | 18분 512 (사곡방향) (삼익1차아파트 방향)  12분 811-1 (삼익1차아파트 방향)  29분 843 (삼익1차아파트 방향)  19분 005 (심야) (삼익1차아파트 방향)  정보없음 512-2 (사곡방향) (삼익1차아파트 방향)  정보없음 512-3 (구미보건소방향) (삼익1차아파트 방향)  정보없음한빛 순복음교회 빌딩 1분거리
24311000845,B05,43,113,홈널스통합재가센터,00,NORMAL SERVICE.,B05,www.청주방문간호.kr,24311000845,주차장 있음,"봉명 사거리에서 한국건강 관리협회 하차후 봉명 상가아파트 옆 위치함버스노선 831번 , 851번 , 30-1번"
24311000994,B05,43,111,재가요양센터한스,00,NORMAL SERVICE.,B05,https://cafe.daum.net/hans.arte/kbcQ,24311000994,"도로변,건물앞","버스번호정거장거리종점111용성초등학교 후문 또는 팔각정-  동부종점-한국교통대학교115용성초등학교 후문- 충북보건과학대학교502  용성초등학교 후문- 도청-동부종점-조치원역502용성초등학교 후문509m  조치원871용성초등학교 후문 -  우진교통종점 - 북부공영차고지872  용성초등학교 후문 - 우진교통종점 - 북부공영차고지111용성초등학교 후문  증평115용성초등학교 후문150m-  내수덕암922용성초등학교 후문-  ""청주우체국-석우체육관-내덕동-우암교회-북부시장-청주예대""823용성초등학교 후문-""상당경찰서충대-삼익송학-분평-수곡-가경-지웰시티-롯데"""
24311000996,B05,43,112,청주새일재가노인복지센터,00,NORMAL SERVICE.,B05,청주방문요양.닷넷,24311000996,"청주 교육 대학교와 송담 추어탕 사이 골목 주차 가능, 청주 교육 대학교와 기적의 도서관 사이 골목 주차 가능","823번 버스 이용, 청주 교육 대학교 정문에서 하차"
24311001102,B05,43,114,꽃돌이방문간호센터,00,NORMAL SERVICE.,B05,https://blog.naver.com/nurse_kkotdori-,24311001102,건물 내 무료 주차장 이용 가능,"충북 청주시 청원구 상당로 232번길 6, 아일빌딩 504호버스 이용 시 : 간선 111, 114, 211, 4077, 412, 844, 8771번 우암초등학교 정류장 하차 후 도보 2분자가용 이용 시 : 내비게이션 주소 검색 후 건물 내 무료 주차장 이용 가능"
24311001114,B05,43,112,나우리재가노인복지센터,00,NORMAL SERVICE.,B05,,24311001114,,
24311000637,B06,43,113,(A+)동행노인복지센터,00,NORMAL SERVICE.,B06,https://blog.naver.com/adonghaeng,24311000637,"1층, 주차타워 42대 주차 가능",하나병원 정문 앞 옛 세종병원 자리아웃백 가경점 옆고속터미널에서 5분거리시외터미널에서 5분거리50-2 (동부종점방향)105 (석판방향)843 (율량동방향) 105-1 (석판방향)
24311000752,B06,43,111,건강의료기 한국병원점,00,NORMAL SERVICE.,B06,http:cafe.naver.com/healthytoyou,24311000752,한국 병원 주차장 및 매장 앞 주차가능합니다.,청주 한국병원 정문입구에 위치하고 있습니다.대중교통 이용시 한국병원 버스 정류장에서 하차하신 후 병원 정문 앞으로 오시면 됩니다.자가용 이용시 한국병원 주차장 또는 동부 소방서 쪽 도로로 들어오시면 바로 찾으실수 있습니다.
24311000859,B06,43,112,100세동안재가장기요양기관(청주점),00,NORMAL SERVICE.,B06,없음,24311000859,"가게 뒤 편 시립미술관 주차장,  이용가능합니다.",사직사거리. 시립미술관 버스정류장에서 도보로 1분거리에 위치해있습니다.
24311000863,B06,43,114,누리복지용구,00,NORMAL SERVICE.,B06,https://blog.naver.com/nurinoin/223059989018,24311000863,있음,내덕 칠거리 뿌리병원 방면 좌측
24311000904,B06,43,112,실버복지용구,00,NORMAL SERVICE.,B06,https://blog.naver.com/silvermedical_,24311000904,건물 뒤 주차장,충북대학교병원 사창사거리 방향 정류장 맞은편
34311000028,C01,43,111,어르신이행복한세상청주지사,00,NORMAL SERVICE.,C01,www.withro.co.kr,34311000028,건물(어르신이 행복한세상 청주지사) 뒷편 도로변 주차,자가용편: 분평동-> 동부우회도로 -> 지하차도 -> 첫번째 신호등 삼거리에서 좌회전(체육               공원로) 후 20M 우측건물 1층(어르신이행복한세상 청주지사)               썬프라자 맞은편 넥스라이트 옆건물                              율량동 -> 명암타워 -> 김수녕양궁장 -> 썬프라자 앞 삼거리 우회전 후 20M ->                넥스라이트 옆건물시내버스편: 용암동 시내버스 동부종점 하차 용성초등학교 동쪽문앞( 체육공원로변)(822-1) 동부종점-청석고-용암1-분평A-세광고-하나병원-시외버스터미널-소방서-사대부고-외국어고-충대정문-지하상가-일신여고-금천동-금천고-동부종점(822-2) 동부종점-금천고-금천동-일신여고-지하상가-충대정문-외국어고-사대부고-소방서-마그넷(고속터미널)-하나병원-세광고-분평A-용암1-청석고-동부종점(823) 동부종점-용암1-분평A-법원.산남-충대병원-사창4-충대정문-외국어고-경덕초-터미널-소방서-사대부고-충대정문-사창4-충대병원-법원.산남-분평A-용암1-동부종점  (824) 동부종점-장자@-금천현대@-일신여고-지하상가-충대정문-외국어고-경덕초-터미널-소방서-사대부고-충대정문-지하상가-육거리-일신여고-금천현대@-장자마을@-동부종점  (831) 동부종점-영운천-영운동-일신여고-육거리-지하상가-복대4-터미널-비하동-봉명동-흥덕대교-상당구청-상당공원-육거리-일신여고-영운동-영운천-동부종점
34311000051,C01,43,114,THE명품노인복지센터,00,NORMAL SERVICE.,C01,blog.naver.com/ho9905,34311000051,- 본관 건물앞 지상1층에 주차장있습니다.- 본관 건물 뒷편으로 인근 아파트 주변에 주차를 하실수 있습니다.,-(성모병원방면) 상당공원쪽에서 내덕칠거리 지나  신화아파트 내덕자연시장에서 하차뒤 덕일아파트뒷쪽 4분도보-(851 청주여고방면) 율량사천동주민센터에서 하차후 덕일연립나동 방면으로 2개 횡단보도 건너서 왼쪽방면 3분 도보 211m-(증평방면) 상당공원쪽에서 내덕칠거리 지나 동양일보 하차후 율량교사거리 건너편 4분도보
34311000069,C01,43,112,사랑천사재가장기요양기관,00,NORMAL SERVICE.,C01,http://cafe.naver.com/careland,34311000069,"수곡로 78,  한마음1차 아파트에 잠시 주차 가능합니다.","http://cafe.naver.com/careland (네이버 카페)https://blog.naver.com/chyy501 (네이버 블로그) 버스노선 : 30-1, 30-2, 503, 823, 84101. 한마음 2차 아파트에서 하차 후 한마음 1차 아파트 정문을 지나 청주두꺼비시장 입구 방향으로 조금만 걸어오시면, 왼쪽에 위치하고 있습니다.02. 수곡2동 행정복지센터에서 하차 후 산남동 방향으로 걸어오시다가 큰 4거리에서 우회전하시면 두꺼비 시장 입구로 가는 방향입니다. 이 방향으로 걸어오시다 보면 한마음 1차 아파트 정문으로 가기 전, 우측에 위치하고 있습니다."
34311000105,C01,43,111,용암재가장기요양기관,00,NORMAL SERVICE.,C01,http//www.노인사랑.kr,34311000105,해당번지앞 주차구역,청주시 상당구 용암동 2391번지 2층(831번버스 청운중학교앞 버스하차 후 도로맞은편 2층)
34311000110,C01,43,114,부모사랑노인복지센터,00,NORMAL SERVICE.,C01,http://cjbumo.aym.co.kr,34311000110,부모사랑 주차장내에 주차하시면 됩니다.,1.청원구 오창읍 오창초등학교 정문에서 증평IC(중부고속도로)방면 구도로로 200m 오시면 도로옆 우측에 부모사랑 노인주간보호센터 입간판이 있습니다.2.오창읍 시내버스주차장에서 오창  청원시니어클럽쪽으로 300m 오시면 도로 맞은편에 부모사랑 입간판이 있습니다.
34311000028,C02,43,111,어르신이행복한세상청주지사,00,NORMAL SERVICE.,C02,www.withro.co.kr,34311000028,건물(어르신이 행복한세상 청주지사) 뒷편 도로변 주차,자가용편: 분평동-> 동부우회도로 -> 지하차도 -> 첫번째 신호등 삼거리에서 좌회전(체육               공원로) 후 20M 우측건물 1층(어르신이행복한세상 청주지사)               썬프라자 맞은편 넥스라이트 옆건물                              율량동 -> 명암타워 -> 김수녕양궁장 -> 썬프라자 앞 삼거리 우회전 후 20M ->                넥스라이트 옆건물시내버스편: 용암동 시내버스 동부종점 하차 용성초등학교 동쪽문앞( 체육공원로변)(822-1) 동부종점-청석고-용암1-분평A-세광고-하나병원-시외버스터미널-소방서-사대부고-외국어고-충대정문-지하상가-일신여고-금천동-금천고-동부종점(822-2) 동부종점-금천고-금천동-일신여고-지하상가-충대정문-외국어고-사대부고-소방서-마그넷(고속터미널)-하나병원-세광고-분평A-용암1-청석고-동부종점(823) 동부종점-용암1-분평A-법원.산남-충대병원-사창4-충대정문-외국어고-경덕초-터미널-소방서-사대부고-충대정문-사창4-충대병원-법원.산남-분평A-용암1-동부종점  (824) 동부종점-장자@-금천현대@-일신여고-지하상가-충대정문-외국어고-경덕초-터미널-소방서-사대부고-충대정문-지하상가-육거리-일신여고-금천현대@-장자마을@-동부종점  (831) 동부종점-영운천-영운동-일신여고-육거리-지하상가-복대4-터미널-비하동-봉명동-흥덕대교-상당구청-상당공원-육거리-일신여고-영운동-영운천-동부종점
34311000051,C02,43,114,THE명품노인복지센터,00,NORMAL SERVICE.,C02,blog.naver.com/ho9905,34311000051,- 본관 건물앞 지상1층에 주차장있습니다.- 본관 건물 뒷편으로 인근 아파트 주변에 주차를 하실수 있습니다.,-(성모병원방면) 상당공원쪽에서 내덕칠거리 지나  신화아파트 내덕자연시장에서 하차뒤 덕일아파트뒷쪽 4분도보-(851 청주여고방면) 율량사천동주민센터에서 하차후 덕일연립나동 방면으로 2개 횡단보도 건너서 왼쪽방면 3분 도보 211m-(증평방면) 상당공원쪽에서 내덕칠거리 지나 동양일보 하차후 율량교사거리 건너편 4분도보
34311000069,C02,43,112,사랑천사재가장기요양기관,00,NORMAL SERVICE.,C02,http://cafe.naver.com/careland,34311000069,"수곡로 78,  한마음1차 아파트에 잠시 주차 가능합니다.","http://cafe.naver.com/careland (네이버 카페)https://blog.naver.com/chyy501 (네이버 블로그) 버스노선 : 30-1, 30-2, 503, 823, 84101. 한마음 2차 아파트에서 하차 후 한마음 1차 아파트 정문을 지나 청주두꺼비시장 입구 방향으로 조금만 걸어오시면, 왼쪽에 위치하고 있습니다.02. 수곡2동 행정복지센터에서 하차 후 산남동 방향으로 걸어오시다가 큰 4거리에서 우회전하시면 두꺼비 시장 입구로 가는 방향입니다. 이 방향으로 걸어오시다 보면 한마음 1차 아파트 정문으로 가기 전, 우측에 위치하고 있습니다."
34311000105,C02,43,111,용암재가장기요양기관,00,NORMAL SERVICE.,C02,http//www.노인사랑.kr,34311000105,해당번지앞 주차구역,청주시 상당구 용암동 2391번지 2층(831번버스 청운중학교앞 버스하차 후 도로맞은편 2층)
34311000199,C02,43,111,예수재가장기요양기관,00,NORMAL SERVICE.,C02,.,34311000199,아파트 주차장 낮에는 항시 주차가능,용암로 36 한우리타운 아파트 103동 407호
34311000110,C03,43,114,부모사랑노인복지센터,00,NORMAL SERVICE.,C03,http://cjbumo.aym.co.kr,34311000110,부모사랑 주차장내에 주차하시면 됩니다.,1.청원구 오창읍 오창초등학교 정문에서 증평IC(중부고속도로)방면 구도로로 200m 오시면 도로옆 우측에 부모사랑 노인주간보호센터 입간판이 있습니다.2.오창읍 시내버스주차장에서 오창  청원시니어클럽쪽으로 300m 오시면 도로 맞은편에 부모사랑 입간판이 있습니다.
34311000120,C03,43,114,하늘정원 재가장기요양기관,00,NORMAL SERVICE.,C03,https://blog.naver.com/ccj1242,34311000120,#1. 하늘정원재가장기요양기관 건물 뒤 주차장#2. 하늘정원재가장기요양기관 주변골목길,"#1. 시영아파트 사거리 청주농협(상당지점) 건물 2층,3층      도로명 : 충청북도 청주시 청원구 1순환로 325       지   번 : 충청북도 청주시 청원구 내덕동 667-17      우편번호 : 28482#2. 버스: 40-1, 412(부강방면), 413(시동리방면), 414(석판방면), 415(동암방면), 416(충북공고방면)              872, 913(동막방면), 913-1(동막박명), 915-2(청주대방면),  916-1, 920(분평6단지방면)              511(국책기관방면), 516(충청재학방면), 517(공붕.호계) 872, 417(비룡방면)"
34311000220,C03,43,113,해피투게더 노인복지센터,00,NORMAL SERVICE.,C03,http://happysilvercare.co.kr,34311000220,건물앞 20대를 주차할수 있는  단독 주차공간이 확보되있음 2016년 3월17일  해피투게더주간보호 개원에 따른  장소이전으로 엘레베이터와   주차공간  20대 정도의 단독 주차공간이 확보 되어있음.,"위치는 청주시  흥덕구 복대동 복대사거리 (구: 조궁희정형외과)에 위치하고 있습니다. 2016년3월17일   주간보호센터를 추가 개원함으로 청주시 흥덕구 복대로188  (토우빌딩3층 ) 으로 이전 개원 하였읍니다.기관명칭변경   해피투게더재가장기요양기관  (방문요양, 방문목욕 )  에서  해피투게더 노인복지센터  ( 방문요양,방문목욕,주야간보호  ) 로 변경 되었음.2017년 1월 16일 부로 기존 3층에서 2층까지 확장을 하여 정원이 40명에서 82명으로 변경되었고 본 건물 1층과 지하를 추가 확장하여 2018년 7월 25일 부로 정원 82명에서 117 명으로 변경되었습니다.지하는 부대시설 이용 공간으로 기관 이용 어르신들의 편의를 위해 족욕실, 재활운동실, 황토찜질방, 물리치료실, 탁구실, 카페 등의 시설이 완비되어 있습니다."
34311000274,C03,43,112,가경열린복지센터재가장기요양기관,00,NORMAL SERVICE.,C03,http://blog.naver.com/kkopencare,34311000274,1. 매직타워 주위 이면 도로(전면 대로변 주차 불가능)2. 소담촌 주차 가능(주차비 지원),대중교통(버스) : 811-2버스 개신동 푸르지오아파트 버스 정류장 하차 후 바로 앞 매직타워 201호자가용 : (네비)청주시 서원구 복대로 19 매직타워              개신사거리에서 성화동 방향 직진 첫번째 삼거리 우회전 후 이면도로 또는 소담촌 유로 주차장(주차비 지원) 주차               개신동사거리 농협(또는 롯데리아)에서 성화동 방향으로 첫번째 삼거리 신호등 우측
34311000314,C03,43,112,청주노인주간보호센터,00,NORMAL SERVICE.,C03,http://cafe.naver.com/gwk999,34311000314,8대이상 주차가능주차공간 부족시 전화주세요!,분평동 남성중학교 옆본죽건물 4층우성1차아파트 맞은편참조은치과병원 옆건물4층
34313000211,C04,43,130,연수노인주야간보호센터,00,NORMAL SERVICE.,C04,https://blog.naver.com/jpmssr/,34313000211,연수주간보호센터 건물내 주차장이용,자가용: 교현초등학교 정문 앞 향군회관 2층버스: 향군회관 앞 버스정류장 119.320.324.325.331.332.333.334.336.341.343.344.345.346
34374000003,C04,43,740,보생원노인복지센터,00,NORMAL SERVICE.,C04,,34374000003,양강면 농협 주차장 이용,양간면 농협 (구농협연쇄점) 옆에 위치에 있습니다.자가용으로 오시는 경우  서울방면 - 경부고속도로(하행)→영동IC→영동방면 16Km(2시간30분가량소요) → 양강면 농협 옆 부산방면 - 경부고속도로(상행)→황간IC→영동방면 20Km(3시간가량소요) → 양강면 농협 옆 광주방면 - 호남고속도로(상행)→서대전분기점→대전남부순환고속도로→영동IC → 영동방면16Km → 양강면 농협 옆  대진고속도로 무주IC에서 오시는 경우 - 무주(IC)→학산면→양강면 농협 옆
34374000031,C04,43,740,보생원전문노인요양원,00,NORMAL SERVICE.,C04,,34374000031,넓은 주차공간,황간I.C에나와서 2ㅇ분정도 매곡초등학교 오셔서마을로 들어오셔야 합니다
34311000028,C05,43,111,어르신이행복한세상청주지사,00,NORMAL SERVICE.,C05,www.withro.co.kr,34311000028,건물(어르신이 행복한세상 청주지사) 뒷편 도로변 주차,자가용편: 분평동-> 동부우회도로 -> 지하차도 -> 첫번째 신호등 삼거리에서 좌회전(체육               공원로) 후 20M 우측건물 1층(어르신이행복한세상 청주지사)               썬프라자 맞은편 넥스라이트 옆건물                              율량동 -> 명암타워 -> 김수녕양궁장 -> 썬프라자 앞 삼거리 우회전 후 20M ->                넥스라이트 옆건물시내버스편: 용암동 시내버스 동부종점 하차 용성초등학교 동쪽문앞( 체육공원로변)(822-1) 동부종점-청석고-용암1-분평A-세광고-하나병원-시외버스터미널-소방서-사대부고-외국어고-충대정문-지하상가-일신여고-금천동-금천고-동부종점(822-2) 동부종점-금천고-금천동-일신여고-지하상가-충대정문-외국어고-사대부고-소방서-마그넷(고속터미널)-하나병원-세광고-분평A-용암1-청석고-동부종점(823) 동부종점-용암1-분평A-법원.산남-충대병원-사창4-충대정문-외국어고-경덕초-터미널-소방서-사대부고-충대정문-사창4-충대병원-법원.산남-분평A-용암1-동부종점  (824) 동부종점-장자@-금천현대@-일신여고-지하상가-충대정문-외국어고-경덕초-터미널-소방서-사대부고-충대정문-지하상가-육거리-일신여고-금천현대@-장자마을@-동부종점  (831) 동부종점-영운천-영운동-일신여고-육거리-지하상가-복대4-터미널-비하동-봉명동-흥덕대교-상당구청-상당공원-육거리-일신여고-영운동-영운천-동부종점
34311000261,C05,43,112,돌봄천사재가노인복지센터,00,NORMAL SERVICE.,C05,http://dolbom1004.kr/,34311000261,1. 충북간호사회관 주차장2. 근처 주택가에 주차공간 있음.3. 유료주차장 (건물 옆)있음.,1. 청주시 흥덕구 사직동 두산위브아파트 후문에서 30m지점 충북 간호사회관내 1층2. 대중교통편 :  가경터미널 쪽 방향 - > 체육관하차 -> 사직사거리방향 길건너 좌측 ->농협(축협)뒤 충북간호 사 회관 1층   상당공원 쪽 방향 -> 사직사거리 하차 -> 체육관가기전 농협뒤 우측 충북간호사회관 1층3. 승용차 이용시 : 사직동 국보제약 사거리에서 사직동 우체국방향 진입 3m 지점
34311000337,C05,43,113,닥터케어방문간호센터,00,NORMAL SERVICE.,C05,http://www.닥터케어.net,34311000337,아파트 주차장 이용가능,가경동 휴먼시아 아파트 상가
34311000516,C05,43,112,청주 주찬미방문간호센터,00,NORMAL SERVICE.,C05,blog.naver.com/juchanmi5671,34311000516,"수곡동 세원청실 아파트 상가 주차장에 약 30대 가량 주차가능주차차량 부족시 바로 옆 세원청실아파트 주차장 주차가능(주간에는 항상 주차공간 충분함, 야간에는 상가 앞 주차공간 충분함) (주차공간 충분합니다)주간 항상 주차공간 여유 있습니다","시내버스 이용시수곡2동 행정복지센터, 두꺼비 시장   하차, 육거리에서 30-1번 버스  수곡2동 행정복지센터, 두꺼비시장용암동 건영아파트에서  823번 버스   수곡2동 행정복지센터, 두꺼비시장청주시외버스 터미널 710번 버스  CJB 컨벤션 센터청수시청 841-1번 버스  수곡2동 행정복지센터, 두꺼비시장미평동  412번 버스   수곡2동 행정복지센터, 두꺼비시장남이면 407번 버스, 수곡동 청주농협 하자  30-1 번 버스 환승비하동 삼일아파트 835번 법원 정류장 - 5분 도보"
34311000528,C05,43,114,청주방문간호센터,00,NORMAL SERVICE.,C05,https://blog.naver.com/chin9004,34311000528,건물 앞 주차구역 있습니다.,청주시 우암동 평화아파트 정문 쪽
34311000046,C06,43,111,한국의료기유한회사,00,NORMAL SERVICE.,C06,,34311000046,건물 옆 승용차 6대 주차 가능소방서 주차장 이용 가능,버스 이용 시 한국병원 방면 버스를 탑승하여 한국병원에서 하차 후 한국병원 전용 주차장 맞은 편자가용 이용 시청주 동부 소방서 옆 한국의료기
34311000065,C06,43,112,바다메디칼장기요양기관,00,NORMAL SERVICE.,C06,http://www.longtermcare.or.kr/portal/nypd/nypd_Blog.do?method=selectBlogMain,34311000065,아파트주차장으로 오셔도되고 상가앞에 주차 하실수도있습니다,충대병원 오거리 송학아파트 상가 내에 있습니다.흰돌교회 및 대학약국 에서 고가다리 방향 건너편 송학아파트 밑 상가에 있습니다.
34311000071,C06,43,111,이원의료기육거리점복지용구재가장기요양기관,00,NORMAL SERVICE.,C06,없음,34311000071,차량편 : 육거리시장 주차장 과 육거리시장 입구 주차장에 주차,버스편 : 육거리 산림조합에서 내려서 시장입구쪽으로 100m정도 걸어오세요             가게 앞에 공중전화박스 있음
34311000073,C06,43,111,주성메디칼재가장기요양기관,00,NORMAL SERVICE.,C06,홈페이지 없음,34311000073,"점포 앞에 2대 주차공간이 있으며 만차시에는 점포 옆 효성병원 유료주차장 이용, 주차료는 주성메디칼에서 부담합니다",일산여고 에서 하차후 효성병원방향 300M에 위치
34311000257,C06,43,111,모세휠체어재가장기요양기관,00,NORMAL SERVICE.,C06,없슴,34311000257,사업장 주변,용정동 동부종점에서 하차(연락주세요 010-2335-9963)
14311000242,G31,43,113,청주카리타스노인요양원,00,NORMAL SERVICE.,G31,blog.naver.com/cjca0900,14311000242,일반 주차장 19대장애인 주차장 2대,"버스(시내버스) 40-1번, 40-2번, 412번, 412-1번, 413번, 414번, 415번, 416번, 417번, 417-1번, 417-2번, 417-3번, 418번, 419번, 916-2번, 920번신봉동(차량등록사업소 방면) 하차버스 하차 후 송절중학교 방향으로 5분 도보717번신봉동 하차버스 하차 후 송절중학교 방향으로 3분 도보"
14311000498,G31,43,111,숲속요양원,00,NORMAL SERVICE.,G31,www.forestcare.co.kr,14311000498,15대주차 가능,버스 이용 시상당공원 하차 -> 상당공원 사거리 -> 우암산방향 400m (도보 5~6분) 도보 이용 시 상당공원 사거리 -> 우암산방향 400m (도보 5~6분) 택시 또는 자차 이용 시충청북도 교육과학연구원 입구에서 교동로를 따라 512m 이동 후 우회하여 다시 교동로를 따라 26m 이동하시면 우측에 위치하고 있습니다.
14313000001,G31,43,130,충주평화의집,00,NORMAL SERVICE.,G31,http://043-842-7002.pkt114.com/,14313000001,완 비,"★ 북충주 IC -> 감곡방향 -> 노은면 -> 혜성학교 통과후(좌회전) -> 충주평화의집                        ★ 서충주 IC -> 신니방향 -> 동락초등학교 통과후(좌회전) -> 충주평화의집            ★ 충주IC -> 주덕, 장호원 방향(3번국도) -> 송암교차로 -> 음성방면(구길) -> 동락초등학교(우회전) -> 충주평화의집"
14313000110,G31,43,130,충주노인요양원,00,NORMAL SERVICE.,G31,http://충주노인요양원.com,14313000110,주차공간 20대 가능,"자동차 : 중부내륙고속도로-북충주I.C-노은면-신니면방면 덕고개로 1.5Km지점대중교통 : 기차 주덕역하차-시내버스 이용                버스 용원터미널 하차-시내버스, 택시 이용"
14311000498,G32,43,111,숲속요양원,00,NORMAL SERVICE.,G32,www.forestcare.co.kr,14311000498,15대주차 가능,버스 이용 시상당공원 하차 -> 상당공원 사거리 -> 우암산방향 400m (도보 5~6분) 도보 이용 시 상당공원 사거리 -> 우암산방향 400m (도보 5~6분) 택시 또는 자차 이용 시충청북도 교육과학연구원 입구에서 교동로를 따라 512m 이동 후 우회하여 다시 교동로를 따라 26m 이동하시면 우측에 위치하고 있습니다.
14373000128,G32,43,730,옥천군립치매전담요양원,00,NORMAL SERVICE.,G32,www.ochcare.co.kr,14373000128,주차시설완비,"자가용 : 옥천(IC) →향수공원 오거리(좌회전) → 죽향초등학교앞  → 한옥전통문학체험관 전 로타리(12시방향) → 장애인보호작업장  → 도착대중교통 : 터미널 → 수북리행 버스 → 211번, 232번, 201번, 211번, 221번 → 장애인보호작업장 하차 → 도보 100m"
14374000137,G32,43,740,영동군립치매전담요양원,00,NORMAL SERVICE.,G32,http://xn--s39az0ab5je0aq9syg49q72tw2af6b5sm9ii3dv20aj11a.com/,14374000137,시설내 70 여대 주차시설 확보로 인해 주차가 용이합니다.,자가용으로 오시는 경우 서울방면 - 경부고속도로(하행)→영동IC→영동방면 11Km(2시간30분가량소요) 부산방면 - 경부고속도로(상행)→황간IC→영동방면 15Km(3시간가량소요) 광주방면 - 호남고속도로(상행)→서대전분기점→대전남부순환고속도로→영동IC → 영동방면11Km 대진고속도로 무주IC에서 오시는 경우 - 무주(IC)→학산면→영동(1시간가량소요)
14373000128,G33,43,730,옥천군립치매전담요양원,00,NORMAL SERVICE.,G33,www.ochcare.co.kr,14373000128,주차시설완비,"자가용 : 옥천(IC) →향수공원 오거리(좌회전) → 죽향초등학교앞  → 한옥전통문학체험관 전 로타리(12시방향) → 장애인보호작업장  → 도착대중교통 : 터미널 → 수북리행 버스 → 211번, 232번, 201번, 211번, 221번 → 장애인보호작업장 하차 → 도보 100m"
14374000137,G33,43,740,영동군립치매전담요양원,00,NORMAL SERVICE.,G33,http://xn--s39az0ab5je0aq9syg49q72tw2af6b5sm9ii3dv20aj11a.com/,14374000137,시설내 70 여대 주차시설 확보로 인해 주차가 용이합니다.,자가용으로 오시는 경우 서울방면 - 경부고속도로(하행)→영동IC→영동방면 11Km(2시간30분가량소요) 부산방면 - 경부고속도로(상행)→황간IC→영동방면 15Km(3시간가량소요) 광주방면 - 호남고속도로(상행)→서대전분기점→대전남부순환고속도로→영동IC → 영동방면11Km 대진고속도로 무주IC에서 오시는 경우 - 무주(IC)→학산면→영동(1시간가량소요)
14373000128,G34,43,730,옥천군립치매전담요양원,00,NORMAL SERVICE.,G34,www.ochcare.co.kr,14373000128,주차시설완비,"자가용 : 옥천(IC) →향수공원 오거리(좌회전) → 죽향초등학교앞  → 한옥전통문학체험관 전 로타리(12시방향) → 장애인보호작업장  → 도착대중교통 : 터미널 → 수북리행 버스 → 211번, 232번, 201번, 211번, 221번 → 장애인보호작업장 하차 → 도보 100m"
14374000137,G34,43,740,영동군립치매전담요양원,00,NORMAL SERVICE.,G34,http://xn--s39az0ab5je0aq9syg49q72tw2af6b5sm9ii3dv20aj11a.com/,14374000137,시설내 70 여대 주차시설 확보로 인해 주차가 용이합니다.,자가용으로 오시는 경우 서울방면 - 경부고속도로(하행)→영동IC→영동방면 11Km(2시간30분가량소요) 부산방면 - 경부고속도로(상행)→황간IC→영동방면 15Km(3시간가량소요) 광주방면 - 호남고속도로(상행)→서대전분기점→대전남부순환고속도로→영동IC → 영동방면11Km 대진고속도로 무주IC에서 오시는 경우 - 무주(IC)→학산면→영동(1시간가량소요)
14373000128,G35,43,730,옥천군립치매전담요양원,00,NORMAL SERVICE.,G35,www.ochcare.co.kr,14373000128,주차시설완비,"자가용 : 옥천(IC) →향수공원 오거리(좌회전) → 죽향초등학교앞  → 한옥전통문학체험관 전 로타리(12시방향) → 장애인보호작업장  → 도착대중교통 : 터미널 → 수북리행 버스 → 211번, 232번, 201번, 211번, 221번 → 장애인보호작업장 하차 → 도보 100m"
14374000137,G35,43,740,영동군립치매전담요양원,00,NORMAL SERVICE.,G35,http://xn--s39az0ab5je0aq9syg49q72tw2af6b5sm9ii3dv20aj11a.com/,14374000137,시설내 70 여대 주차시설 확보로 인해 주차가 용이합니다.,자가용으로 오시는 경우 서울방면 - 경부고속도로(하행)→영동IC→영동방면 11Km(2시간30분가량소요) 부산방면 - 경부고속도로(상행)→황간IC→영동방면 15Km(3시간가량소요) 광주방면 - 호남고속도로(상행)→서대전분기점→대전남부순환고속도로→영동IC → 영동방면11Km 대진고속도로 무주IC에서 오시는 경우 - 무주(IC)→학산면→영동(1시간가량소요)
14373000128,G36,43,730,옥천군립치매전담요양원,00,NORMAL SERVICE.,G36,www.ochcare.co.kr,14373000128,주차시설완비,"자가용 : 옥천(IC) →향수공원 오거리(좌회전) → 죽향초등학교앞  → 한옥전통문학체험관 전 로타리(12시방향) → 장애인보호작업장  → 도착대중교통 : 터미널 → 수북리행 버스 → 211번, 232번, 201번, 211번, 221번 → 장애인보호작업장 하차 → 도보 100m"
14374000137,G36,43,740,영동군립치매전담요양원,00,NORMAL SERVICE.,G36,http://xn--s39az0ab5je0aq9syg49q72tw2af6b5sm9ii3dv20aj11a.com/,14374000137,시설내 70 여대 주차시설 확보로 인해 주차가 용이합니다.,자가용으로 오시는 경우 서울방면 - 경부고속도로(하행)→영동IC→영동방면 11Km(2시간30분가량소요) 부산방면 - 경부고속도로(상행)→황간IC→영동방면 15Km(3시간가량소요) 광주방면 - 호남고속도로(상행)→서대전분기점→대전남부순환고속도로→영동IC → 영동방면11Km 대진고속도로 무주IC에서 오시는 경우 - 무주(IC)→학산면→영동(1시간가량소요)
24313000302,H31,43,130,충주시립노인주야간보호센터,00,NORMAL SERVICE.,H31,http://cjscare.kr/home/index.php,24313000302,일반 20대장애인 전용 2대임산부 1대,"주소 : 충북 충주시 산척면 월현길 40 (송강리)자가용 : 고속도로 이용시 중부내륙고속도로 동충주IC에서 ‘동충주,엄정,산척’방면으로 오른쪽 고속도로 출구 -> 동충주교차로에서 ‘원주,제천’방면으로 직진 -> 하영교차로에서 ‘제천,봉양’방면으로 우회전 -> 산척사거리에서 ‘동량,산척’방면으로 우회전 ->‘천등박달로’방면으로 우회전 -> ‘월현길’방면으로 좌회전 -> 충주시립노인주야간보호센터버스이용시331번(삼탄, 1일 2회) : 봉방동(09:00,15:10) - 충주경찰서 - 연수지구 - 세원아파트 - 공용터미널(09:25,15:35) - 목행동 - 대미 - 산척ㅤㅤ332번(방대, 1일 3회) : 봉방동(06:05,12:00,18:20) - 충주경찰서 - 연수지구 - 세원아파트 - 공용터미널(06:25,12:25,18:45) - 목행동 - 대미 - 산척 - 삼탄 - 정암ㅤㅤ333번(대소강, 1일 3회) : 봉방동(11:45,14:10,21:30) - 충주경찰서 - 연수지구 - 세원아파트 - 공용터미널(12:10,14:35,21:55) - 목행동 - 대미 - 산척ㅤㅤ334번(광동,상산, 1일 5회) : 봉방동(08:20,10:45,13:20,15:55,19:10) - 충주경찰서 - 연수지구 - 세원아파트 - 공용터미널(08:45,11:10,13:45,16:25,19:35) - 목행동 - 대미 - 산척 - 광동 - 대소강ㅤㅤ336번(석천리,합천, 1일 2회) : 봉방동(07:35,17:15) - 충주경찰서 - 연수지구 - 세원아파트 - 공용터미널(08:00,17:52) - 목행동 - 대미 - 산척 - 대소강 - 백운ㅤ"
24315000250,H31,43,150,제천시립치매전담주야간보호센터,00,NORMAL SERVICE.,H31,https://www.jchcare.co.kr/home/index.php,24315000250,"장애인주차 1대, 일반주차 20대","고속도로 이용시 :제천IC에서 '영월,제천'방면으로 왼쪽 도로 주행 ->제천톨게이트->신동교차로에서 '영월,단영,남제천IC'방면으로 오른쪽 방향->명지교차로에서 '제천시청,의림지'오른쪽 방향 ->명지초등학교입구 교차로에서 '명지초등학교'방면으로 오른쪽 방향 ->명지초등학교 앞에서 '남부생활체육공원' 오른쪽방향 -> 제천시립치매전담요양원"
24373000127,H31,43,730,옥천군립주야간보호센터,00,NORMAL SERVICE.,H31,www.ochcare.co.kr,24373000127,주차시설있음,옥천(IC)->향수공원오거리(좌회전)->죽향초등학교앞->한옥체험관외전로타리(12시방향)->교동식품앞 130도 우회전 ->도착
24374000138,H31,43,740,병설 영동군립주야간보호센터,00,NORMAL SERVICE.,H31,http://xn--s39az0ab5je0aq9syg49q72tw2af6b5sm9ii3dv20aj11a.com/,24374000138,시설내 100 여대 주차시설 확보로 인해 주차가 용이합니다.,자가용으로 오시는 경우 서울방면 - 경부고속도로(하행)→영동IC→영동방면 11Km(2시간30분가량소요) 부산방면 - 경부고속도로(상행)→황간IC→영동방면 15Km(3시간가량소요) 광주방면 - 호남고속도로(상행)→서대전분기점→대전남부순환고속도로→영동IC → 영동방면11Km 대진고속도로 무주IC에서 오시는 경우 - 무주(IC)→학산면→영동(1시간가량소요)
24315000250,H32,43,150,제천시립치매전담주야간보호센터,00,NORMAL SERVICE.,H32,https://www.jchcare.co.kr/home/index.php,24315000250,"장애인주차 1대, 일반주차 20대","고속도로 이용시 :제천IC에서 '영월,제천'방면으로 왼쪽 도로 주행 ->제천톨게이트->신동교차로에서 '영월,단영,남제천IC'방면으로 오른쪽 방향->명지교차로에서 '제천시청,의림지'오른쪽 방향 ->명지초등학교입구 교차로에서 '명지초등학교'방면으로 오른쪽 방향 ->명지초등학교 앞에서 '남부생활체육공원' 오른쪽방향 -> 제천시립치매전담요양원"
24373000127,H32,43,730,옥천군립주야간보호센터,00,NORMAL SERVICE.,H32,www.ochcare.co.kr,24373000127,주차시설있음,옥천(IC)->향수공원오거리(좌회전)->죽향초등학교앞->한옥체험관외전로타리(12시방향)->교동식품앞 130도 우회전 ->도착
24374000138,H32,43,740,병설 영동군립주야간보호센터,00,NORMAL SERVICE.,H32,http://xn--s39az0ab5je0aq9syg49q72tw2af6b5sm9ii3dv20aj11a.com/,24374000138,시설내 100 여대 주차시설 확보로 인해 주차가 용이합니다.,자가용으로 오시는 경우 서울방면 - 경부고속도로(하행)→영동IC→영동방면 11Km(2시간30분가량소요) 부산방면 - 경부고속도로(상행)→황간IC→영동방면 15Km(3시간가량소요) 광주방면 - 호남고속도로(상행)→서대전분기점→대전남부순환고속도로→영동IC → 영동방면11Km 대진고속도로 무주IC에서 오시는 경우 - 무주(IC)→학산면→영동(1시간가량소요)
14313000303,M31,43,130,충주시립노인요양원,00,NORMAL SERVICE.,M31,cjscare.kr,14313000303,"일반주차 20대, 장애인전용주차 1대, 여성전용주차 2대","자가용 : 고속도로 이용시 중부내륙고속도로 동충주IC에서 ‘동충주,엄정,산척’방면으로 오른쪽 고속도로 출구 -> 동충주교차로에서 ‘원주,제천’방면으로 직진 -> 하영교차로에서 ‘제천,봉양’방면으로 우회전 -> 산척사거리에서 ‘동량,산척’방면으로 우회전 ->‘천등박달로’방면으로 우회전 -> ‘월현길’방면으로 좌회전 -> 충주시립노인요양원ㅤㅤㅤㅤㅤㅤㅤㅤㅤㅤㅤㅤㅤㅤㅤㅤㅤ버스이용시331번(삼탄, 1일 2회) : 봉방동(09:00,15:10) - 충주경찰서 - 연수지구 - 세원아파트 - 공용터미널(09:25,15:35) - 목행동 - 대미 - 산척ㅤㅤ332번(방대, 1일 3회) : 봉방동(06:05,12:00,18:20) - 충주경찰서 - 연수지구 - 세원아파트 - 공용터미널(06:25,12:25,18:45) - 목행동 - 대미 - 산척 - 삼탄 - 정암ㅤㅤ333번(대소강, 1일 3회) : 봉방동(11:45,14:10,21:30) - 충주경찰서 - 연수지구 - 세원아파트 - 공용터미널(12:10,14:35,21:55) - 목행동 - 대미 - 산척ㅤㅤ334번(광동,상산, 1일 5회) : 봉방동(08:20,10:45,13:20,15:55,19:10) - 충주경찰서 - 연수지구 - 세원아파트 - 공용터미널(08:45,11:10,13:45,16:25,19:35) - 목행동 - 대미 - 산척 - 광동 - 대소강ㅤㅤ336번(석천리,합천, 1일 2회) : 봉방동(07:35,17:15) - 충주경찰서 - 연수지구 - 세원아파트 - 공용터미널(08:00,17:52) - 목행동 - 대미 - 산척 - 대소강 - 백운ㅤㅤ"
14315000251,M31,43,150,제천시립치매전담요양원,00,NORMAL SERVICE.,M31,https://www.jchcare.co.kr/home/index.php,14315000251,"일반주차 20대, 장애인주차 1대","고속도로 이용시 :제천IC에서 '영월,제천'방면으로 왼쪽 도로 주행 ->제천톨게이트->신동교차로에서 '영월,단영,남제천IC'방면으로 오른쪽 방향->명지교차로에서 '제천시청,의림지'오른쪽 방향 ->명지초등학교입구 교차로에서 '명지초등학교'방면으로 오른쪽 방향 ->명지초등학교 앞에서 '남부생활체육공원' 오른쪽방향 -> 제천시립치매전담요양원"
14375000097,M31,43,750,진천군립치매전담요양원,00,NORMAL SERVICE.,M31,jinde001@naver.com,14375000097,15대 주차 가능,① 진천 방면에서 오실 경우 청주 방향 17번 국도로 진행하다 태락교차로에서 문백 방향으로 진입하여 500M 전방에 위치② 청주 방면에서 오실 경우 진천 방향 17번 국도로 진행하다 태락교차로에서 문백 방향으로 진입하여 500M 전방에 위치③ 천안 방면에서 오실 경우 21번 국도 진천 방향으로 진행하다 사석삼거리에서 문백 방향으로 우회전 후 태락교차로 지나 500M 전방에 위치④ 네비게이션 이용시 주소 충청북도 진천군 문백면 문진로 664대중교통 이용① 진천 방면에서 오실 경우 711번 청주행 시내버스 승차 후 게네기에 하차 ② 청주 방면에서 오실 경우 711번 진천행 시내버스 승차 후 게네기에 하차 ③ 청주시외버스터미널(북부시외버스터미널)에서 진천행 시외버스 탑승 후 문백(사석삼거리) 하차후 711번 시내버스 이용④ 천안시외버스터미널에서 진천행 시외버스 탑승 후 진천(사석삼거리)에 하차 후 시내버스 이용
14376000107,M31,43,760,괴산군립치매전담요양원,00,NORMAL SERVICE.,M31,개설 전,14376000107,장애인 전용 주차구역을 포함한 주차시설 완비,자가용 이용시 : 충북 괴산군 괴산읍 괴강로 105번지 (괴산군립치매전담요양원)대중교통 이용시 : 괴산 시외버스 터미널에서 약 5분 소요
14313000303,M32,43,130,충주시립노인요양원,00,NORMAL SERVICE.,M32,cjscare.kr,14313000303,"일반주차 20대, 장애인전용주차 1대, 여성전용주차 2대","자가용 : 고속도로 이용시 중부내륙고속도로 동충주IC에서 ‘동충주,엄정,산척’방면으로 오른쪽 고속도로 출구 -> 동충주교차로에서 ‘원주,제천’방면으로 직진 -> 하영교차로에서 ‘제천,봉양’방면으로 우회전 -> 산척사거리에서 ‘동량,산척’방면으로 우회전 ->‘천등박달로’방면으로 우회전 -> ‘월현길’방면으로 좌회전 -> 충주시립노인요양원ㅤㅤㅤㅤㅤㅤㅤㅤㅤㅤㅤㅤㅤㅤㅤㅤㅤ버스이용시331번(삼탄, 1일 2회) : 봉방동(09:00,15:10) - 충주경찰서 - 연수지구 - 세원아파트 - 공용터미널(09:25,15:35) - 목행동 - 대미 - 산척ㅤㅤ332번(방대, 1일 3회) : 봉방동(06:05,12:00,18:20) - 충주경찰서 - 연수지구 - 세원아파트 - 공용터미널(06:25,12:25,18:45) - 목행동 - 대미 - 산척 - 삼탄 - 정암ㅤㅤ333번(대소강, 1일 3회) : 봉방동(11:45,14:10,21:30) - 충주경찰서 - 연수지구 - 세원아파트 - 공용터미널(12:10,14:35,21:55) - 목행동 - 대미 - 산척ㅤㅤ334번(광동,상산, 1일 5회) : 봉방동(08:20,10:45,13:20,15:55,19:10) - 충주경찰서 - 연수지구 - 세원아파트 - 공용터미널(08:45,11:10,13:45,16:25,19:35) - 목행동 - 대미 - 산척 - 광동 - 대소강ㅤㅤ336번(석천리,합천, 1일 2회) : 봉방동(07:35,17:15) - 충주경찰서 - 연수지구 - 세원아파트 - 공용터미널(08:00,17:52) - 목행동 - 대미 - 산척 - 대소강 - 백운ㅤㅤ"
14315000251,M32,43,150,제천시립치매전담요양원,00,NORMAL SERVICE.,M32,https://www.jchcare.co.kr/home/index.php,14315000251,"일반주차 20대, 장애인주차 1대","고속도로 이용시 :제천IC에서 '영월,제천'방면으로 왼쪽 도로 주행 ->제천톨게이트->신동교차로에서 '영월,단영,남제천IC'방면으로 오른쪽 방향->명지교차로에서 '제천시청,의림지'오른쪽 방향 ->명지초등학교입구 교차로에서 '명지초등학교'방면으로 오른쪽 방향 ->명지초등학교 앞에서 '남부생활체육공원' 오른쪽방향 -> 제천시립치매전담요양원"
14375000097,M32,43,750,진천군립치매전담요양원,00,NORMAL SERVICE.,M32,jinde001@naver.com,14375000097,15대 주차 가능,① 진천 방면에서 오실 경우 청주 방향 17번 국도로 진행하다 태락교차로에서 문백 방향으로 진입하여 500M 전방에 위치② 청주 방면에서 오실 경우 진천 방향 17번 국도로 진행하다 태락교차로에서 문백 방향으로 진입하여 500M 전방에 위치③ 천안 방면에서 오실 경우 21번 국도 진천 방향으로 진행하다 사석삼거리에서 문백 방향으로 우회전 후 태락교차로 지나 500M 전방에 위치④ 네비게이션 이용시 주소 충청북도 진천군 문백면 문진로 664대중교통 이용① 진천 방면에서 오실 경우 711번 청주행 시내버스 승차 후 게네기에 하차 ② 청주 방면에서 오실 경우 711번 진천행 시내버스 승차 후 게네기에 하차 ③ 청주시외버스터미널(북부시외버스터미널)에서 진천행 시외버스 탑승 후 문백(사석삼거리) 하차후 711번 시내버스 이용④ 천안시외버스터미널에서 진천행 시외버스 탑승 후 진천(사석삼거리)에 하차 후 시내버스 이용
14315000251,M33,43,150,제천시립치매전담요양원,00,NORMAL SERVICE.,M33,https://www.jchcare.co.kr/home/index.php,14315000251,"일반주차 20대, 장애인주차 1대","고속도로 이용시 :제천IC에서 '영월,제천'방면으로 왼쪽 도로 주행 ->제천톨게이트->신동교차로에서 '영월,단영,남제천IC'방면으로 오른쪽 방향->명지교차로에서 '제천시청,의림지'오른쪽 방향 ->명지초등학교입구 교차로에서 '명지초등학교'방면으로 오른쪽 방향 ->명지초등학교 앞에서 '남부생활체육공원' 오른쪽방향 -> 제천시립치매전담요양원"
14315000251,M34,43,150,제천시립치매전담요양원,00,NORMAL SERVICE.,M34,https://www.jchcare.co.kr/home/index.php,14315000251,"일반주차 20대, 장애인주차 1대","고속도로 이용시 :제천IC에서 '영월,제천'방면으로 왼쪽 도로 주행 ->제천톨게이트->신동교차로에서 '영월,단영,남제천IC'방면으로 오른쪽 방향->명지교차로에서 '제천시청,의림지'오른쪽 방향 ->명지초등학교입구 교차로에서 '명지초등학교'방면으로 오른쪽 방향 ->명지초등학교 앞에서 '남부생활체육공원' 오른쪽방향 -> 제천시립치매전담요양원"
14315000251,M35,43,150,제천시립치매전담요양원,00,NORMAL SERVICE.,M35,https://www.jchcare.co.kr/home/index.php,14315000251,"일반주차 20대, 장애인주차 1대","고속도로 이용시 :제천IC에서 '영월,제천'방면으로 왼쪽 도로 주행 ->제천톨게이트->신동교차로에서 '영월,단영,남제천IC'방면으로 오른쪽 방향->명지교차로에서 '제천시청,의림지'오른쪽 방향 ->명지초등학교입구 교차로에서 '명지초등학교'방면으로 오른쪽 방향 ->명지초등학교 앞에서 '남부생활체육공원' 오른쪽방향 -> 제천시립치매전담요양원"
14315000251,M36,43,150,제천시립치매전담요양원,00,NORMAL SERVICE.,M36,https://www.jchcare.co.kr/home/index.php,14315000251,"일반주차 20대, 장애인주차 1대","고속도로 이용시 :제천IC에서 '영월,제천'방면으로 왼쪽 도로 주행 ->제천톨게이트->신동교차로에서 '영월,단영,남제천IC'방면으로 오른쪽 방향->명지교차로에서 '제천시청,의림지'오른쪽 방향 ->명지초등학교입구 교차로에서 '명지초등학교'방면으로 오른쪽 방향 ->명지초등학교 앞에서 '남부생활체육공원' 오른쪽방향 -> 제천시립치매전담요양원"
14315000157,S41,43,150,그레이스힐하우스,00,NORMAL SERVICE.,S41,제천요양원그레이스힐하우스.kr,14315000157,10대이상  주차가능,"제천역에서 도화리방향 아침6:50,09:15분, 오후13:45, 17:15분 540번,523번  #제천운수:646-2955"
14315000177,S41,43,150,송학보금자리 요양센터,00,NORMAL SERVICE.,S41,없음,14315000177,자가용 10대 주차 가능.,자동차-명지병원에서 자동차전용도로를 이용하여 송학면사무소로 내려 굴다리를 빠져 좌회전하여 150m에서 다시 굴다리를 빠져나와 500m 직진하여 올라오시면 됩니다.버스- 송학초등학교 앞 하차. 무도리 마을회관을 지나 도보로 7분 정도입니다.
14315000241,S41,43,150,송학실버홈,00,NORMAL SERVICE.,S41,,14315000241,완비,버스 이용시 -송학초등학교앞 하차 자차이용시- 제천시 송학면 무도 2안길 84-9  구주소: 제천시 송학면 333-7번지
14374500070,S41,43,745,증평치매전문요양원,00,NORMAL SERVICE.,S41,http:www.longtermcare.or.kr,14374500070,시설 주변에 무료주차 가능,증평역 앞 196미터 전방에 위치하고있음.시외버스 주차장에서 도보 15분 거리. 자차로3분거리.기차역에서 도보로 5분거리. 자차로 2분거리.
14413000003,A03,44,131,천안제일요양원,00,NORMAL SERVICE.,A03,http://천안제일요양원.kr,14413000003,15~20여대 주차가능,"1. 시설 차량(휠체어리프트) 이용 :   - 입소상담이나 몸이 불편하셔서 휠체어를 이용하시는 보호자께서는  041-557-8150 번으로 연락주시면, 차량가능시간을 확인후 알려 드립니다.      2. 자가용 이용 :    ① 천안IC 방면에서 오실때        : 천안IC통과(좌회전)→ 첫 번째 사거리(좌회전) → 천안대로(직진) 약2킬로 → 아산.예산방면(우회전)       → 남부대로(직진) 약1킬로 → 남부대로 고가 옆 우측으로 내려와 고가밑에서 좌회전(풍세방향) → 전방 30미터 좌측에 위치(청수골프랜드 맞은편)    ② 아산,예산 방면에서 오실때        : 남부대로 → 남부대로고가 → 첫번째 사거리(수자인A)에서 유턴 → 남부대로 고가 옆 우측으로 내려와 고가밑에서 좌회전(풍세방향) →  전방 30미터 좌측에 위치(청수골프랜드 맞은편)3. 대중교통 이용    ① 천안제일요양원 앞 하차 : 2, 600, 601, 620, 621, 640, 650번           ② 대전양돈농협 하차 + 도보 : 512, 603번     ③ 버들마을아파트 하차 + 도보 : 71번  ④ 청삼교차로 하차 + (환승 우미린아파트 하차) + 도보 : 12번(환승 71번)"
14413000007,A03,44,131,천안노인전문요양원,00,NORMAL SERVICE.,A03,www.loveisact.or.kr,14413000007,30 여대의 차량 주차할 수 있는 넓은 주차장 구비,"1.  자가용 이용시 산업도로를 이용하여 천안삼거리 방향으로 오시다가 좌측에 한전변전소 끼고 좌회전 해서 1km 정도 오시면 두갈래 길이 나옵니다.     여기서 좌측 길로1 km 정도 더 오시면 막다른 길에 위치하고 있습니다.    네비게이션 이용시 '천안시 동남구 정골2길 97' 주소로  검색하시면 됩니다.2. 대중교통이용시 12번, 400번, 500번 시내버스를 이용 신성미소지움 아파트 정류장에서 하차하여 택시를 타시면 약 3~4분 정도 소요 됩니다. 3. 대중교통 중 63번 버스를 이용하시면 천안전문요양원 정문까지 운행합니다.    요양원 정문에서의 배차시간은 ①10:00  ②12:20 ③14:40 ④17:00 ⑤19:20  입니다.4. 문의전화 T. 041) 555-1601"
14413000008,A03,44,131,효자의 집,00,NORMAL SERVICE.,A03,hoseowelfare.co.kr,14413000008,장애인용 및 소중형차 70대이상 주차 완비,"1. 자가용을 이용하시는 경우(천안 IC에서 15분거리)천안IC →  천안 삼거리에서 독립기념관 방향으로 700m 직진  → 굴다리 지나 좌측 가구매장 방향으로 좌회전→ 호서복지재단 효자의 집목천IC →  천안 방면 좌회전 후 7.2㎞직진  → 굴다리 지나 좌측 가구매장 방향으로 좌회전→ 호서복지재단 효자의 집2. 지하철을 이용하는 경우천안역 → 목천행 버스 승차(15분 소요) → 천안의료원, 고려신학대학원 하차, 도보로 5분 → 호서복지재단3. 시내버스를 이용할 경우(약 25분 소요)천안 터미널 쪽에서 승차 ( 버스 고려신학대학원행 승차) → 천안의료원, 고려신학대학원 정류장에 하차 (20분정도 소요) → 도보로 5분 → 호서복지재단 효자의 집주소 : 천안시 동남구 충절로 535-18( 삼룡동 41-12)  041)558-7775"
14413000009,A03,44,131,호서노인전문요양원,00,NORMAL SERVICE.,A03,www.hoseowelfare.co.kr,14413000009,2017. 8월 주차장 추가 보수공사 진행으로 주차가 편리하게 됨주차라인이 그려진 곳에 약 35대의 차량 주차가 가능함2023.10월 주차장 확장 공사로 70대의 차량 주차 가능 함.,"대중교통-시내버스 24번[동우APT종점], 400번, 500번, 381번[병천방향] - 천안의료원 정거장 하차-택시(천안터미널에서 요금 10,000원 내외)"
14413000011,A03,44,133,너싱홈 천안 간호천사,00,NORMAL SERVICE.,A03,701호,14413000011,"마음애병원 건물 지하 1,2층(입구는 건물뒤편) 마음애병원 건물 뒤편 노상주차장(약100여대 무료주차시설)","위치 : 천안시청남쪽 300M           현대아이파크 정문앞           마음애병원 건물 7층 701호노선버스 3,9,14,19,21,102번 불당마을 현대아이파크 아파트 하차"
14413000089,A03,44,131,충무원,00,NORMAL SERVICE.,A03,http://www.cmyoyang.co.kr,14413000089,보호자 주차장 : 2대주차장 : 21대,⑴ 자차이용시: ①천안목천IC→직진하여 목천고등학교→직진. 용연저수지를 지나 삼거리에서 북면 방향으로 3Km 정도. 천안시립노인전문병원으로 진입 ( 총소요시간 10분 정도) ②구성동 소방서 (홈플러스 옆)삼거리→유량동 고개 넘어 삼거리에서 계속 직진→퓨리스 생수공장→용연저수지→삼거리에서 북면방향으로 3Km정도. 천안시립노인전문병원으로 진입 (총소요시간 15분 정도) ⑵대중교통: 천안 버스종합터미널에서 390번 391번 1시간 간격으로 있음
14413000198,A04,44,131,민들레요양원,00,NORMAL SERVICE.,A04,mdl5056.com,14413000198,"지상, 지하, 주차장이용","버스노선:602.614.600, 7, 2 ,자가용이용시:서울출발 천안IC출구- 대전방향천안대로-천안삼거리우회전-아산방향-풍세방향우측고가밑으로-좌회전-풍세방향-우측청당지하도-우회전-좌측세광1차"
14413000199,A04,44,131,젬마의집,00,NORMAL SERVICE.,A04,http://cafe.naver.com/wpaakdmlwlq,14413000199,아파트 내 주차장 이용,"위치 : 용곡동 1차세광엔리치타워아파트 107동 502호대중교통 : 천안종합터미널에서 600, 601번 이용-용곡세광아파트, 청당마을에서 하차2번 - 남부고가교에서 하차, 용곡세광아파트까지 도보로 10분거리."
14413000223,A04,44,133,행복미소의집,00,NORMAL SERVICE.,A04,http://blog.naver.com/sungja0004,14413000223,충분함.,"천안시외버스터미널앞 - 1번, (맞은편 22번, 23번) 천안시내버스 - 백석동 현대아파트 또는 백석동 종합상가에서 하차 후 현대아파트 정문 셔틀버스 이용 - 113동 하차 천안역 (동부광장) -  22번, 23번 천안시내버스 이용 - 백석동 현대아파트 또는 백석동 종합상가에서 하차 후 현대아파트 정문 셔틀버스 이용( 매시정각, 20분, 40분에 출발) - 113동 하차"
14413000224,A04,44,133,미소의집,00,NORMAL SERVICE.,A04,kwoneh14@hanmail.net,14413000224,아파트 단지내 주차장 사용,"대중교통: 천안 종합터미널에서  1번, 990번 이용하여 백석 현대아파트 정류장에 하차, 800번 이용하여 백석종합상가에 하차하여 아파트 입구에서 단지내셔틀버스 이용(셔틀버스는 평일만 운행, 주말,공휴일 운행안함) ( 1번, 990번은 종합터미널에서 직진 운행됩니다.)자가용: 천안 IC에서 백석동 방향으로 직진하여 현대아파트에서 좌회전진입."
14413000247,A04,44,133,초록마을공동생활가정,00,NORMAL SERVICE.,A04,ocs6709@hanmail.net,14413000247,현대아파트 113동 내 주차 시설 이용,천안 종합터미널에서  1번 - 백석동 방향으로 직진하여 현대아파트에서 좌회전하여 농협 앞에서 하차.                                 800번 970번 971번 980번 981번 990번 90번 은 정문 맞은편(백석요양병원지나서 바로)하차 하여 아파트 정문에서                                 아파트 단지 내 셔틀버스 이용(공휴일 제외) - 09:00부터 20분 간격으로 올라 옴.
14413000295,A04,44,131,원성효그룹홈,00,NORMAL SERVICE.,A04,http://dragon1693.tistory.com,14413000295,기관내 주변에 주차가능기관 소유 주차장 있음,대중교통 이용시 (시내버스) 200 번 100번 110번 1번 12번 승하차 자가용 이용시 (네비게이션에 원성효노인복지센터 검색)기관위치: 원성천 2길 (광성장 모텔) 정문 하천길 따라 오시면 됩니다.
24413000019,B01,44,133,천안시노인종합복지관부설 천안노인복지센터,00,NORMAL SERVICE.,B01,chonansenior.org,24413000019,"별관 지하주차장 8대, 현관 앞 2대 이용","터미널 앞 12번(천안여상입구 하차), 3번(컨벤션 하차)"
24413000028,B01,44,133,이웃사랑노인복지센터,00,NORMAL SERVICE.,B01,https://cafe.naver.com/2victory,24413000028,센터 앞 공간이 있어서 주차가 용의합니다.,천안시 성환역에서 하차 후 성월리 방향으로  도보 10분 거리(500m)천안시 성환 터미널에서 하차 후 도보로 5분 거리(300m)
24413000030,B01,44,131,느티나무노인복지센터,00,NORMAL SERVICE.,B01,blog.naver.com/hansup7995,24413000030,■ 전철 다리 아래 공영주차장 이용 가능그 외 시설 지상 주차장 : 4대,■ 버스이용시□ 봉서산아이파크아파트에서 하차 하여 도보 10분 소요(712m)□ 천안여상입구에서 하차 하여 도보 13분 소요(955m)□ 순천향병원에서 하차 하여 도보 3분 소요(285m)■ 택시이용시□ <봉명동에 있는 우영아파트> 또는 <천주교 봉명동교회>으로 가주세요 한 뒤 우영아파트 바동에서 남쪽으로 나가는 골목을 따라 기관으로 찾아오시면 됨(도보 50m).■ 내비게이션 이용시□ 도로명 주소 : 충남 천안시 동남구 우영3길 22-3□ 구 주소 : 충남 천안시 동남구 봉명동 10-7
24413000215,B01,44,131,남천안노인요양원병설재가노인복지센터,00,NORMAL SERVICE.,B01,http://cafe.daum.net/NCAcaretown,24413000215,30대 주차가능,"<고속도로 이용시>1. 경부고속도로 이용 천안IC→남천안IC 진출→대전공주방향 10분→남천안노인요양원2. 천안논산간 고속도로→정안IC 진출→천안방향10분→남천안노인요양원<대중교통이용시>1. 천안종합터미널 승차   710번, 711번 승차 후 대평리(위피덕)에서 하차(도보 3분거리)2. 천안역 승차   710번, 711번 승차 후 대평리(위피덕)에서 하차(도보 3분거리)"
24413000301,B01,44,133,하은요양센터,00,NORMAL SERVICE.,B01,https://blog.naver.com/gustnss1284,24413000301,사무실 주변에 20여대 주차가능,"주소: 천안시 서북구 불당5길 15, 정안빌딩 2층 201호위치: 봉담 1교 사잇길 두목 고깃집 2층+교통편: 시내버스 1번, 21번 월봉고 하차 (도보 7소요)              KTX 천안아산역에서 택시로 10분소요"
24413000303,B01,44,131,성남재가노인복지시설,00,NORMAL SERVICE.,B01,없음,24413000303,* 성남재가노인복지시설 앞에 주차시설 있음. 근처 성남성결교회에 넓은 주차장 있음. 교회에서 도보 1분 거리.,"천안시 버스 종합터미널에서 500번, 540번 타고 신사3리(성남면 석곡리 마을화관 앞)에서 하차하여 도보로 3~5분정도  자가용으로 오실 겅우: 천안시 동남구 성남면 약수로 323-18  로 찾아 오시면 됨    버스 노선도 :  천안신세계 버스터미널 승차 -천안역 -동남구청-남부오거리-구성초등학교- 천안의료원-신계초등학교-                                                  승천삼거리-천정리-용원리-석곡리-신사3리 하차."
24413000028,B02,44,133,이웃사랑노인복지센터,00,NORMAL SERVICE.,B02,https://cafe.naver.com/2victory,24413000028,센터 앞 공간이 있어서 주차가 용의합니다.,천안시 성환역에서 하차 후 성월리 방향으로  도보 10분 거리(500m)천안시 성환 터미널에서 하차 후 도보로 5분 거리(300m)
24413000487,B02,44,131,+사랑실천복지센터,00,NORMAL SERVICE.,B02,http://cos1605.aym.co.kr                      (blog.naver.com>cos1606),24413000487,"본건물  골드프라자 주차장 25대,","자가용:  천안시 동남구 신촌로41(신방동) (골드프라자) 2층 215호  대중교통: 13번, 92번, 97번 이용(초원아파트  정문 정류장 하차)  대중교통:  13번 이용 (신촌 초등학교 정류장 하차)"
24413000497,B02,44,131,아가페재가복지센터,00,NORMAL SERVICE.,B02,,24413000497,,
24413000503,B02,44,131,천안재가복지센터,00,NORMAL SERVICE.,B02,,24413000503,,
24413000506,B02,44,131,으뜸재가복지센터,00,NORMAL SERVICE.,B02,http://blog.naver.com/josun0612,24413000506,으뜸재가복지 센터 주차장 이용,"버스이용   - 1번, 24번, 100번, 110번 , 383번, 400번, 401번,  500번, 512번,  540번, 71번, 701번, 700번 이용 시, 우성VIP 아파트 정류장 하차 -도보 3분   - 1번, 12번, 100번, 110번 이용 시, 천안여중 정류장  하차 - 도보 3분   - 2번, 7번, 13번, 100번, 110번, 이용 시, 천안 농협원성점 정류장하차 -도보 3분 자가용 이용   도로명: 천안시 동남구 원거리 9길 20-1 으뜸재가복지센터      지번(구주소): 천안시 동남구 원성동 592-19 주변 건물 - 천안여자중학교,  천안 남산교회"
24413000508,B02,44,133,효드림재가복지센터,00,NORMAL SERVICE.,B02,없음,24413000508,효드림재가복지센터 앞 주차2대가능,"도보편(10 분거리, 총 614m) : 성환역1번출구나와서 왼쪽으로 70m-성환역 경부선에서 오른쪽 방향으로 67m-복돼지공인중개사에서 왼쪽으로 65m- 횡단보도 건너서 왼쪽방향 12m-월드마트 에서 오른쪽방향 12m-도솔신협에서 왼쪽방향 95m-풍년떡집에서 왼쪽방향으로 62m-다시 왼쪽으로 29m이동교통편(4분거리) : 성환역앞에서 좌회전 500m- 진천입장방향으로 우회전 500m-성환16길 방향으로 380m이동"
24413000020,B03,44,133,천안시노인종합복지관부설 천안노인복지센터,00,NORMAL SERVICE.,B03,chonansenior.org,24413000020,"별관 지하주차장 8대, 신관 현관앞 1대 이용, 장애인주차구역 1대","천안터미널 10번(쌍용동 사거리 하차), 3번(컨벤션 센터 하차)"
24413000030,B03,44,131,느티나무노인복지센터,00,NORMAL SERVICE.,B03,blog.naver.com/hansup7995,24413000030,■ 전철 다리 아래 공영주차장 이용 가능그 외 시설 지상 주차장 : 4대,■ 버스이용시□ 봉서산아이파크아파트에서 하차 하여 도보 10분 소요(712m)□ 천안여상입구에서 하차 하여 도보 13분 소요(955m)□ 순천향병원에서 하차 하여 도보 3분 소요(285m)■ 택시이용시□ <봉명동에 있는 우영아파트> 또는 <천주교 봉명동교회>으로 가주세요 한 뒤 우영아파트 바동에서 남쪽으로 나가는 골목을 따라 기관으로 찾아오시면 됨(도보 50m).■ 내비게이션 이용시□ 도로명 주소 : 충남 천안시 동남구 우영3길 22-3□ 구 주소 : 충남 천안시 동남구 봉명동 10-7
24413000215,B03,44,131,남천안노인요양원병설재가노인복지센터,00,NORMAL SERVICE.,B03,http://cafe.daum.net/NCAcaretown,24413000215,30대 주차가능,"<고속도로 이용시>1. 경부고속도로 이용 천안IC→남천안IC 진출→대전공주방향 10분→남천안노인요양원2. 천안논산간 고속도로→정안IC 진출→천안방향10분→남천안노인요양원<대중교통이용시>1. 천안종합터미널 승차   710번, 711번 승차 후 대평리(위피덕)에서 하차(도보 3분거리)2. 천안역 승차   710번, 711번 승차 후 대평리(위피덕)에서 하차(도보 3분거리)"
24413000251,B03,44,133,북천안요양원부설주야간보호센터,00,NORMAL SERVICE.,B03,없음.,24413000251,건물전용 주차장이용가능.마을주차장 이용 가능.전화번호: 041-583-2646,평택에서 오는 방향 >  천안.직산 방향>성환터미널 방향으로 성월육교 가기전 좌회전 천안에서 오는 방향 >  남서울대학교 > 현대아파트 > 성월육교 지나서 우회전 (골목) 버스이용시 : 성환버스터미널 하차 후 도보 5분 거리 지하철 이용시 : 성환역 하차후 도보 10분 거리전화번호: 041-583-2646
24413000340,B03,44,131,아우내은빛복지관부설아우내노인복지센터,00,NORMAL SERVICE.,B03,aunae.or.kr,24413000340,복지관 내 주차장 및 병천면행정복지센터이용* 관내 주차장소가 협소하여 병천면 행정복지센터 주자장 이용*,"충남 천안시 동남구 병천면 병천2로 57버스 : 400번, 401번, 500번  병천버스정류장에서 하차 후 약5분 도보이동 '아우내은빛복지관'"
24413000423,B03,44,131,우리노인주간보호센터,00,NORMAL SERVICE.,B03,없음,24413000423,단독주차장 10대 주차가능,시내버스 24번 종점하차신계리방면 :400번대 500번대
24413000215,B04,44,131,남천안노인요양원병설재가노인복지센터,00,NORMAL SERVICE.,B04,http://cafe.daum.net/NCAcaretown,24413000215,30대 주차가능,"<고속도로 이용시>1. 경부고속도로 이용 천안IC→남천안IC 진출→대전공주방향 10분→남천안노인요양원2. 천안논산간 고속도로→정안IC 진출→천안방향10분→남천안노인요양원<대중교통이용시>1. 천안종합터미널 승차   710번, 711번 승차 후 대평리(위피덕)에서 하차(도보 3분거리)2. 천안역 승차   710번, 711번 승차 후 대평리(위피덕)에서 하차(도보 3분거리)"
24425000054,B04,44,250,계룡효재가노인복지센터,00,NORMAL SERVICE.,B04,"http://계룡효센터.com , 밴드 https://band.us/n/ada085d5h7z1k",24425000054,"시설 내 주차공간 장애인3면, 일반20면 확보","계룡IC앞 4거리에서 좌회전 - 10여m 앞 샛길 우회전(두계사 방면) - 직진 후 삼거리에서 좌회전 - 150M 직진 후 삼거리에서 우회전(벌곡,대둔산 방향) - 100여m 앞 비보호 좌회전 - 호남고속도로 밑 터널 통과 후 우회전 - 200m 앞 계룡효센터"
24471000159,B04,44,710,동행랜드 핑크동,00,NORMAL SERVICE.,B04,동행랜드.com,24471000159,넉넉함,마을버스
24413000503,B05,44,131,천안재가복지센터,00,NORMAL SERVICE.,B05,,24413000503,,
24413000552,B05,44,133,입장한옥실버센터,00,NORMAL SERVICE.,B05,https://blog.naver.com/ijnoin,24413000552,주차장 여유있음,"200,201번 입장사거리 하차후 입장초등학교 방면 5분거리"
24413000672,B05,44,133,더베스트방문간호요양센터,00,NORMAL SERVICE.,B05,https://blog.naver.com/thebest1932,24413000672,주차타워 : 1층~ 3층 (50대) 무료주차,"지하철 : 쌍용역 1번출구  도보로 10분 (이화병원 뒷편 쌍용빌딩 5층)버스 노선 : 1번, 62번, 97번, 614번, 900번, 910번, 88번, (이화병원 하차)"
24413000682,B05,44,131,대한메디컬재가복지센터,00,NORMAL SERVICE.,B05,,24413000682,,
24413000684,B05,44,133,하루 재가 방문간호센터,00,NORMAL SERVICE.,B05,,24413000684,없음,20번 시내버스 일성아파트 앞 하차6번 시내버스 일성아파트 앞 하차
24413000301,B06,44,133,하은요양센터,00,NORMAL SERVICE.,B06,https://blog.naver.com/gustnss1284,24413000301,사무실 주변에 20여대 주차가능,"주소: 천안시 서북구 불당5길 15, 정안빌딩 2층 201호위치: 봉담 1교 사잇길 두목 고깃집 2층+교통편: 시내버스 1번, 21번 월봉고 하차 (도보 7소요)              KTX 천안아산역에서 택시로 10분소요"
24413000499,B06,44,131,천안도우누리재가노인복지센터,00,NORMAL SERVICE.,B06,blog.naver.com/cadw0350,24413000499,-1층 지상 주차장 이용. (일반 7 /장애 1),- 버스 이용 시 : 일봉초등학교 맞은편 하차 일봉산 해피트리@ 후문방향으로 도보 5분거리.- 봉명역 도보 15분거리.
24413000571,B06,44,131,제일메디컬,00,NORMAL SERVICE.,B06,https://blog.naver.com/3524dw,24413000571,주차5대,시내버스 일반532
24413000586,B06,44,133,효드림복지용구센터,00,NORMAL SERVICE.,B06,없음,24413000586,성환 우체국 뒤 공용주차장 이용,"95번 버스 성환 초등학교에서 하차 후 도보 5분 거리 (그랜드사진관 맞은편)96번, 97번 버스 성신 초등학교에서 하차 후 도보 5분 거리 (그랜드사진관 맞은편)"
24413000588,B06,44,131,고은빛나재가센터,00,NORMAL SERVICE.,B06,,24413000588,,
34413000004,C01,44,131,엔젤요양서비스,00,NORMAL SERVICE.,C01,angelmedi.blog.me/221658792081,34413000004,"전용 주차장 있음.(지상1층 6대,  만차시 주변 이면도로 주차 가능 합니다.","주소: 충남 천안시 동남구 청수 7로 43,  202(청당동, 영재 빌딩2층)전화: 041-576-1599팩스: 041-576-1598이메일: angelmedi@naver.com교통편: 청당동 중흥S 클래스 아파트 정문앞 721번 버스 하차 후 길건너편 신협빌딩 뒤5층건물 영재빌딩 2층"
34413000058,C01,44,133,서로사랑노인복지센터,00,NORMAL SERVICE.,C01,blog.naver.com/chjs0691,34413000058,본 센터 근처 주차 가능(장애인 주차장 있음),천안시내버스 100번.110번 이용 또는 전철 1호선  성환역 하차. 성환역 앞 100m 내 센터위치.
34413000060,C01,44,131,천안우리방문요양센터,00,NORMAL SERVICE.,C01,cafe.daum.net/ch2020,34413000060,~요양센터 주변에 주차공간 있습니다~누구나 주차 할 수 있는  장소: 버거킹 주차장 이용하세요...~~.전화 한통으로 어르신에 대한 서비스는 준비되어있습니다.~~~.우리는 어르신을 모신 가정이 늘 행복한 가정되시기를 소망합니다...~~센터장/  정경모 010-5253-9975    사회복지사 : 정진순  사무실:041-574-8591 팩스(042)367-0808,///도보=걸어 올 때///...천안역에서 하차 서부역방면출구로 내려옴.....서부역에서 내려와 천안고 계광 중 방향 3번 버스 타고 3번째 천안고 정문 앞에서 하차함. ...봉명동 대우6차 옆 버거킹 주차장 아래.... 2층 사무실..천안우리방문요양센터 <041>574-8591 ~~팩스(042)367-0808 ///차량이동시////..네비게이션 천안시 동남구 쌍용대로94-7
34413000076,C01,44,133,사회복지법인 영서복지재단 충무노인복지센터,00,NORMAL SERVICE.,C01,http://cmnoin@ cmnoin.co.kr,34413000076,"5대의 주차 지정 공간이 있으며, 인근 자유 주차 구역이 다수 확보 되어있음","종합 터미널 1, 13, 22, 23  온양 900, 901, 911, 930  고속버스 이용 시 : 고속버스 터미널 앞 아산방면 버스이용  기차, 전철 이용 시 : 천안역 앞 아산방면 버스 이용  KTX 이용 시 : 천안아산역 하차 → 13번버스 이용  자가용 이용시 천안IC진입 → 천안로 4거리 좌회전 → 천안소방서 앞 우회전→ 천안고가도 지나 삼거리에서 U턴 -------->>공통으로 충무병원에서 하차하여 응급실을 끼고 우회전--> 2블럭 지점에서 우회전후 직진하면 정면에 위치함"
34413000081,C01,44,131,하나요양보호원,00,NORMAL SERVICE.,C01,홈페이지는 블로그로 사용함,34413000081,주차는 건물앞 주차장과 도로변을 이용하여 주차할수 있습니다(주차장: 주차대수 3대),2022년 2월 1일자로 천안시 동남구 대흥로 197(대흥동) 에서 천안시 동남구 천안천공원3길 5-31 서해그랑블상가 202호(다가동)로 이전하였습니다.  찾아오시는 길은  온양나드리 지하도를 지나서 바로 좌측 도로변에 있는 서해그랑블 상가 202호로 교통이 편리합니다.
34413000004,C02,44,131,엔젤요양서비스,00,NORMAL SERVICE.,C02,angelmedi.blog.me/221658792081,34413000004,"전용 주차장 있음.(지상1층 6대,  만차시 주변 이면도로 주차 가능 합니다.","주소: 충남 천안시 동남구 청수 7로 43,  202(청당동, 영재 빌딩2층)전화: 041-576-1599팩스: 041-576-1598이메일: angelmedi@naver.com교통편: 청당동 중흥S 클래스 아파트 정문앞 721번 버스 하차 후 길건너편 신협빌딩 뒤5층건물 영재빌딩 2층"
34413000058,C02,44,133,서로사랑노인복지센터,00,NORMAL SERVICE.,C02,blog.naver.com/chjs0691,34413000058,본 센터 근처 주차 가능(장애인 주차장 있음),천안시내버스 100번.110번 이용 또는 전철 1호선  성환역 하차. 성환역 앞 100m 내 센터위치.
34413000081,C02,44,131,하나요양보호원,00,NORMAL SERVICE.,C02,홈페이지는 블로그로 사용함,34413000081,주차는 건물앞 주차장과 도로변을 이용하여 주차할수 있습니다(주차장: 주차대수 3대),2022년 2월 1일자로 천안시 동남구 대흥로 197(대흥동) 에서 천안시 동남구 천안천공원3길 5-31 서해그랑블상가 202호(다가동)로 이전하였습니다.  찾아오시는 길은  온양나드리 지하도를 지나서 바로 좌측 도로변에 있는 서해그랑블 상가 202호로 교통이 편리합니다.
34413000146,C02,44,133,섬김노인복지센터,00,NORMAL SERVICE.,C02,"전화 : 041-585-3434, 팩스 041-585-3436 이메일 : sgc3434@naver.com",34413000146,본 건물  30대 주차 가능,"승용차:1번 국도 (평택-천안 )   천안농수산물 옆, 메가마트 앞           2층 건물버스편: 성환-천안간 100번버스 천안 농수산물시장 하차  ( 메가마트 앞)  2층 건물"
34413000156,C02,44,131,'(A)돕는천사 벧엘 천안지사,00,NORMAL SERVICE.,C02,www.helpangels.co.kr,34413000156,주차공간 : 사무실 앞 원성천 주변에 주차 가능함,"버스 -> 1번 버스 천안시청, 백석동방면: 천안여중입구에서 하차          12번 버스 쌍용동.목천방면: 천안여중입구 에서 하차 184 M 원성천방향으로 쭉 내려오면 예장총신교회 건물 원거리12길2 (1층)            (돕는천사.벧엘천안지사)"
34413000058,C03,44,133,서로사랑노인복지센터,00,NORMAL SERVICE.,C03,blog.naver.com/chjs0691,34413000058,본 센터 근처 주차 가능(장애인 주차장 있음),천안시내버스 100번.110번 이용 또는 전철 1호선  성환역 하차. 성환역 앞 100m 내 센터위치.
34413000076,C03,44,133,사회복지법인 영서복지재단 충무노인복지센터,00,NORMAL SERVICE.,C03,http://cmnoin@ cmnoin.co.kr,34413000076,"5대의 주차 지정 공간이 있으며, 인근 자유 주차 구역이 다수 확보 되어있음","종합 터미널 1, 13, 22, 23  온양 900, 901, 911, 930  고속버스 이용 시 : 고속버스 터미널 앞 아산방면 버스이용  기차, 전철 이용 시 : 천안역 앞 아산방면 버스 이용  KTX 이용 시 : 천안아산역 하차 → 13번버스 이용  자가용 이용시 천안IC진입 → 천안로 4거리 좌회전 → 천안소방서 앞 우회전→ 천안고가도 지나 삼거리에서 U턴 -------->>공통으로 충무병원에서 하차하여 응급실을 끼고 우회전--> 2블럭 지점에서 우회전후 직진하면 정면에 위치함"
34413000123,C03,44,133,금빛사랑 재가장기요양기관,00,NORMAL SERVICE.,C03,https://m.blog.naver.com/jnbbreak,34413000123,기관 앞에 위치 한 교회 내부 주차가능 (오후6시까지)하며 기관 옆 한의원 방면으로 주차가능함,충남 서북구 성정동 1118번지 삼소빌딩2층 금빛사랑서북구 성정동 성정우체국 후면주차장 옆 평화당한의원 2층 소재버스이용시:11번/7번/2번 이용 (성정우체국 하차 )
34413000256,C03,44,131,해피하우스노인복지센터,00,NORMAL SERVICE.,C03,http://cafe.naver.com/happi2013,34413000256,IG타워 지하 및 건물 뒤 1층 야외에 주차장이 있어 주차가 용이 합니다.,◈ 시내버스 이용                          신부동 신세계백화점 바로  앞정류장  600번->천안제일요양원 하자 바로 뒤 IG타워 건물 6층                            ◈ 택시이용                         청당동 남부고가 밑 천안제일요양원 하차 후 도보 20M                        청당동 코오롱 하늘채 후문 앞 IG타워 하차          ◈ 자가이용                  네비게이션 : 광풍로 1822 (청당동 299-15) IG타워 검색하시면 됩니다.                 만약  네비게이션이  없으실 때 : 신부동 종합터미널에서 충절로 2.2km -> 풍세로 1.3km -> 광풍로 749m◈ 전철이용                 천안역 동부광장 650번 버스 승차 -> 천안제일요양원 정류장 하차
34413000317,C03,44,133,쌍용노인전문요양원병설주야간보호센터,00,NORMAL SERVICE.,C03,http://cafe.naver.com/syy5752020 / 쌍용노인전문요양원.kr,34413000317,- 시설 전용 주차장 이용.- 시설 주변 대량 주차공간 확보하여 주차장 이용 편리함.,"자가운전 - (네비게이션) 충남 천안시 서북구 서부대로 425(쌍용동)                 (구주소) 충남 천안시 서북구 쌍용동 274-34번지버스 -  3, 20, 22, 23번 이용하여 천안컨벤션센터에서 하차.전철 -  쌍용나사렛대역에서 하차하여 컨벤션센터 방면으로 이동.           천안역 서부광장 쪽으로 하차하여 컨벤션센터 방면으로 이동."
34413000076,C05,44,133,사회복지법인 영서복지재단 충무노인복지센터,00,NORMAL SERVICE.,C05,http://cmnoin@ cmnoin.co.kr,34413000076,"5대의 주차 지정 공간이 있으며, 인근 자유 주차 구역이 다수 확보 되어있음","종합 터미널 1, 13, 22, 23  온양 900, 901, 911, 930  고속버스 이용 시 : 고속버스 터미널 앞 아산방면 버스이용  기차, 전철 이용 시 : 천안역 앞 아산방면 버스 이용  KTX 이용 시 : 천안아산역 하차 → 13번버스 이용  자가용 이용시 천안IC진입 → 천안로 4거리 좌회전 → 천안소방서 앞 우회전→ 천안고가도 지나 삼거리에서 U턴 -------->>공통으로 충무병원에서 하차하여 응급실을 끼고 우회전--> 2블럭 지점에서 우회전후 직진하면 정면에 위치함"
34413000146,C05,44,133,섬김노인복지센터,00,NORMAL SERVICE.,C05,"전화 : 041-585-3434, 팩스 041-585-3436 이메일 : sgc3434@naver.com",34413000146,본 건물  30대 주차 가능,"승용차:1번 국도 (평택-천안 )   천안농수산물 옆, 메가마트 앞           2층 건물버스편: 성환-천안간 100번버스 천안 농수산물시장 하차  ( 메가마트 앞)  2층 건물"
34413000216,C05,44,131,남천안노인요양원병설재가노인복지센터,00,NORMAL SERVICE.,C05,www.mentoring.or.kr,34413000216,주차장 있음,700번대 버스
34413000484,C05,44,133,르모브재가간호구강센터,00,NORMAL SERVICE.,C05,WWW.,34413000484,지하 주차장 5대 가능,
34418000104,C05,44,180,힐링재가복지센터,00,NORMAL SERVICE.,C05,없음.,34418000104,건물 내 주차 시설 없음. 인접 도로 시에서 운영하는 유료 주차장 이용 가능,- 시내버스 이용 시 : (구)대역전 종점 버스정류장 하차 후 경남사거리 월메이드(인디안)까지 도보로 166m  이동- 승용차 이용 시 : 대천 IC 하차 후 내비게이션 검색 (힐링재가복지센터 또는 주소)주소 : 충남 보령시  번영로 25 (3층)(약 5.1 km)
34413000004,C06,44,131,엔젤요양서비스,00,NORMAL SERVICE.,C06,angelmedi.blog.me/221658792081,34413000004,"전용 주차장 있음.(지상1층 6대,  만차시 주변 이면도로 주차 가능 합니다.","주소: 충남 천안시 동남구 청수 7로 43,  202(청당동, 영재 빌딩2층)전화: 041-576-1599팩스: 041-576-1598이메일: angelmedi@naver.com교통편: 청당동 중흥S 클래스 아파트 정문앞 721번 버스 하차 후 길건너편 신협빌딩 뒤5층건물 영재빌딩 2층"
34413000069,C06,44,133,연세의료기,00,NORMAL SERVICE.,C06,http://blog.daum.net/akkjkk1006,34413000069,주차건물2층부터 4층까지 이용가능. (GS슈퍼 주차장과 동일),두정역에서 하차후 두정동 방향으로 직진 800M 진행방향 오른쪽에 있습니다북부현대 자동차 사거리옆리즈엔 마리안 산부인과 맞은편
34413000070,C06,44,131,충청의료기상사,00,NORMAL SERVICE.,C06,http://ccmedical.co.kr/,34413000070,상가 뒷쪽에 주차장 이용 하세요.    중앙시장 공용주차장시설 이용할수 있습니다,위치:     사직동 중앙시장 남산공원 시내버스 정류장앞에있습니다.
34413000087,C06,44,131,충남의료기,00,NORMAL SERVICE.,C06,https://blog.naver.com/kssy0802,34413000087,"순천향병원 본관 앞 일방통행길 앞에 매장이 위치해 있기 때문에 주차 공간이 여의치 않은 점 양해 부탁드립니다.순천향병원 주차장 1, 2주차장 이용하시면 주차비용을 내드리고 있습니다.","천안 순천향대학병원 구, 본관 택시승강장 가는 방면에 위치해 있습니다.1호선 봉명역 2번 출구로 나오셔서 순천향병원 택시승강장 쪽으로 3분 정도 걸어오시면 매장이 보입니다."
34413000088,C06,44,133,천안아산복지용구센터,00,NORMAL SERVICE.,C06,blog.naver.com/taesan68,34413000088,사무실앞 주차 2대 가능,쌍용고등학교에서 효명리츠빌으로 도보로 5분효명리츠빌에서 쌍용고등학교 방향으로 도보로 5분.
14415000012,G31,44,150,공주원로원 아담스하우스,00,NORMAL SERVICE.,G31,http://공주원로원.com,14415000012,102대 주차가능,"@ 경부고속도로 : 서울출발 ( 천안->천안논산간고속도로->정안IC->공주(23번국도)@ 경부고속도로 : 부산출발 ( 회덕JCT->유성IC->공주(32번국도)@ 대전통영고속도로 : 산내JCT->대전남부순환도로->서대전JCT->유성IC->공주(32번국도)@ 호남고속도로 : 서대전JCT->유성IC->공주(32번국도) 강남터미널에서 금호고속이 오전6시부터 오후10시40분까지 40분 간격으로 있습니다.시간은 약 1시간 30분이 소요됩니다. 안내전화: 02-5306-114@ 대전 -> 공주 서대전과 동대전 터미널에서 직행버스를 타시는 방법이 있습니다. 서대전에서는 오전 6시 30분 부터 오후 10시 10분까지 6분 간격  동대전에서는 오전 7시 부터 오후 9시까지 약 1시간 간격 시간은 30분 정도 소요됩니다.@@ 공주 -> 공주원로원 택시 : 제일 빠른 방법은 금호고속버스, 고속버스 터미널에서 택시를 타시면 5분에서 7분 정도 걸립니다. 요금은 기본요금에서 2천원 정도 추가."
14420000203,G31,44,200,행복한요양원,00,NORMAL SERVICE.,G31,www.happy4567.com,14420000203,장애인 주차: 2대일반 주차: 12대,"자가용(네이게이션 이용시): 충남 아산시 신창면 행목로 192번길 18지하철 이용시: 신창(순천향대)역 하차 후 1번출구로 나온 뒤 간선 401버스 승차 양우내안애 아파트 정류장에서 하차 후 도보로 2분시내버스 이용시: 아산시내에서 401, 402, 403, 430, 451 버스 승차 친오애아파트 정류장에서 하차 후 도보로 2분"
14421000117,G31,44,210,수린목요양원,00,NORMAL SERVICE.,G31,www.sulinmok.or.kr,14421000117,20대,● 자가용으로 서산 이외의 지역에서 고속도로 이용시     서해안고속도로 - 해미IC(해미방향) - 해미읍성 앞 우회전    - 서산고교 - 운신초교 100M 후방 좌회전 - 수린목요양원● 자가용으로 서산시내에서 해미 방향으로 오실때     해미읍내 - 해미읍성 앞 좌회전 - 서산고교 - 운신초교 100M 후방 좌회전 - 수린목요양원■ 대중교통을 이용하여 서산이나 기타 지역에서 오시는 경우 해미나 운산에서 운신초등학교 방향의 버스를 탑승하시면 됩니다. 하차는 수린목요양원 정류장에서 하시면 3분 거리에 있습니다.
14423000328,G31,44,230,해피니스요양원,00,NORMAL SERVICE.,G31,www.happysilver.or.kr,14423000328,"법정 주차7대내외 1,381 평방미타안에 주차공간충분함,","(버스 및 대중교통)논산출발- 두마,장정,동학사방면 버스이용 - 화악리입구 하차대전출발(202번 시내버스)- 양정고개 논산행 버스이용- 화악리입구 하차대전출발(금남여객 직행버스) - 양정고개 논산행버스 - 화악리 입구 하차대전출발(45번버스) 도곡리(합판리입구)하차"
14427000256,G31,44,270,당진시립노인요양원,00,NORMAL SERVICE.,G31,http://www.djsilver24.or.kr/,14427000256,"단지 내 25대,  장애인주차4대","버스이용시시외버스 : 강남고속버스터미널에서 30분간격으로 고속버스 이용 당진터미널 하차 시내버스 : 당진터미널-당진시립노인요양원 하차 요양원 도보2분(하루 2회 운행_당진터미널 오전 7시5분 출발, 18시40분 요양원 출발) 자가용이용시 - 서해안고속도로 이용시 당진 IC에서 순성면 방향으로 10분 소요- 대전당진간 고속도로 이용시 면천 IC 이용(남당진 IC) 나간 후 순성면 방향으로 10분 소요- 내비게이션 이용시 충남 당진시 순성면 순성로 383-2(또는 당진시립노인요양원검색)   (안나올경우 서울경금속 검색)"
14423000328,G32,44,230,해피니스요양원,00,NORMAL SERVICE.,G32,www.happysilver.or.kr,14423000328,"법정 주차7대내외 1,381 평방미타안에 주차공간충분함,","(버스 및 대중교통)논산출발- 두마,장정,동학사방면 버스이용 - 화악리입구 하차대전출발(202번 시내버스)- 양정고개 논산행 버스이용- 화악리입구 하차대전출발(금남여객 직행버스) - 양정고개 논산행버스 - 화악리 입구 하차대전출발(45번버스) 도곡리(합판리입구)하차"
14427000256,G32,44,270,당진시립노인요양원,00,NORMAL SERVICE.,G32,http://www.djsilver24.or.kr/,14427000256,"단지 내 25대,  장애인주차4대","버스이용시시외버스 : 강남고속버스터미널에서 30분간격으로 고속버스 이용 당진터미널 하차 시내버스 : 당진터미널-당진시립노인요양원 하차 요양원 도보2분(하루 2회 운행_당진터미널 오전 7시5분 출발, 18시40분 요양원 출발) 자가용이용시 - 서해안고속도로 이용시 당진 IC에서 순성면 방향으로 10분 소요- 대전당진간 고속도로 이용시 면천 IC 이용(남당진 IC) 나간 후 순성면 방향으로 10분 소요- 내비게이션 이용시 충남 당진시 순성면 순성로 383-2(또는 당진시립노인요양원검색)   (안나올경우 서울경금속 검색)"
14476000071,G32,44,760,부여장수요양원,00,NORMAL SERVICE.,G32,www.buyeojangsu.co.kr,14476000071,요양원 입구까지 올라와 좌우측에 위치한 주차장 사용.,1 . 부여읍내에서 홍산 방면 시내버스 이용 - 부여장수요양원 버스정류장 앞에서 하차2.  홍산에서 부여방면 시내버스 이용 - 부여장수요양원 버스정류장 앞에서 하차3.  개인차량 이용시 네비게이션에서 부여장수요양원 검색
14477000001,G32,44,770,서천 마서요양원,00,NORMAL SERVICE.,G32,cafe.daum.net/gmmae,14477000001,30여대 주차가능,-철도 장항선 장항역 하차 도보 20분거리(택시 기본 요금) //-시내버스 서천자동차학원 하차 도보 10분 또는 송내에서 하차 도보 10분
14477000018,G32,44,770,서천군노인요양시설,00,NORMAL SERVICE.,G32,www.041silver.or.kr,14477000018,30대,시외버스이용시- 서울→천안→예산→대천→서천→터미널 도착후 택시로 10분거리 (4시간 소요) - 서울→천안→공주→부여→서천→터미널 도착후 택시로 10분거리 (4시간 소요) 서천버스터미널(041-953-0776)자가용이용안내경부고속도로→호남고속도로→국도- 서울→대전(회덕IC)→호남고속도로→논산(연무IC) →강경→서천IC 통과 종천 방향 5분거리(3시간소요)서해안고속도로이용시- 서울→평택→아산→광천→대천→서천IC 통과 종천 방향 5분거리(3시간소요) 국도이용시- 서울→천안→공주→부여→서천IC 통과 종천 방향 5분거리(3시간소요)기차이용안내(장항선)용산역→수원→천안→홍성→대천→서천역 하차 후 택시로 10분거리 (3시간30분)(장항선)서대전→익산→군산→서천역 하차 후 택시로 10분거리 (1시간56분)(경부선)서울역→수원→천안→대전(버스) →논산→서천(4시간)  서천역(041-953-7788)
24413000704,H31,44,131,천안시립노인요양원병설주야간보호센터,00,NORMAL SERVICE.,H31,https://www.cheonannursinghome.com/,24413000704,"기관 내 주차시설 보유(총 21대 주차가능) 일반차량 17대, 전기차 1대, 장애인 주차구역 3대)","충남 천안시 동남구 목천읍 서흥 5길 2 (용연저수지 앞)버스노선 : 390번, 391번, 392번"
24420000370,H31,44,200,아산재활주간보호센터,00,NORMAL SERVICE.,H31,blog.naver.com/nanuml,24420000370,건물  공용 주차장 무료 이용,"▶도보  온양온천역 1번 출구: 도보로 5분. ▶대중 교통온양온천역 신한은행 (정류장 번호: 732, 신천탕, 신한은행 앞 버스정류장 입니다) [ 방향: 신창·도고·송악 방면 ]신창/순천향대 방면: 400, 402, 410, 430, 450, 451도고/선장 방면: 600, 601, 610, 612, 614송악/외암마을 방면: 100, 101, 120, 130, 140, 150시내 순환 및 기타: 1, 2, 3, 4, 6, 11, 350, 503, 540아산축협 온천지점 (정류장 번호: 729, 신천탕, 신한은행 맞은편 정류장입니다.) [ 방향: 아산터미널·배방·천안 방면 ]천안·배방 방면: 900, 910, 920, 970, 971, 71, 72, 73, 74, 75, 77, 78아산터미널 방면: 1, 2, 2-1, 3, 5, 6, 11, 171, 172, 512, 700, 701, 710기타 지선: 340, 352, 720, 730, 740순환 버스: 순환 1, 2, 3, 5, 6"
24427000153,H31,44,270,마실노인복지센터,00,NORMAL SERVICE.,H31,http://www.masil7770.co.kr/,24427000153,주차장 여부 (유)주차 가능.,"송산농협 버스정류장 하차. 송산 하나로마트 뒤편, 도보 5분 거리송산종합사회복지관 뒤편, 흰색 휀스 쳐져있는 건물."
24427000178,H31,44,270,온누리주야간보호센터,00,NORMAL SERVICE.,H31,blog.naver.com/sb4191,24427000178,주차공간 300평,<대중교통 이용시> ㅁ당진시외버스터미널에서 송산방향에서 320번.310번  버스 승차 후 세안아파트에서 하차   (매시각 정시와 30분에 차량 있음)
24477000023,H31,44,770,서천노인복지센터,00,NORMAL SERVICE.,H31,http://cafe.daum.net/sc-seniorcenter,24477000023,차량20대 주차가능,<오시는 길>서천IC→서천방면으로 좌회전→오석교차로에서 직진(국제농기계 방면)→약500m앞에서 구암리 방면으로 우회전→약500m앞에서 구암신송로 방면으로 좌회전→400m직진 후 서천노인복지센터 도착 장항읍 →  서천읍 오거리 직진 → 서천농협 → 서천읍사무소 →광야교회 방면→신송리입구에서 우회전→약500m직진후 서천노인복지센터 도착<옥산 밑반찬 사업장> 서천IC→서천읍 신송리 방향→ 송석사거리 → 옥산 장항방향 → (구)옥산보건소 건물 장항읍 → 성누가병원→마서 옥산방향 →(구)옥산보건소 건물
34476000049,I31,44,760,벧엘노인복지센터,00,NORMAL SERVICE.,I31,http://band.us/#!/band/2909275,34476000049,"* 승용차, 승합차, 버스 모두 주차 가능* 차량30여대 주차가능",부여석성 십자가에서 강경방향으로 약 2km 지점 오른쪽 4번도로에서 강경현내리 방면으로 출차 후 강경방향으로 약 1km 지점 오른쪽
34476000122,I31,44,760,부여노인주간보호센터,00,NORMAL SERVICE.,I31,www.부여노인.com,34476000122,1. 우영플라자 주차타워 주차 (토요일은 15:00까지 운영) - 준중형급 승용차만 가능(SUV 불가)2. 우체국 뒤 공영주차타워,부여시외버스터미널 맞은편 롯데리아 건물 5층에 위치시외버스 및 부여내 버스 이용
34481000114,I31,44,810,내포주간보호센터,00,NORMAL SERVICE.,I31,없음,34481000114,20대정도 주차 가능,덕산읍내 ~ 세심천온천앞(홍성방면) 5분 거리내포 충남도청 ~ 세심천온천앞(덕산방면) 5분거리
34476000049,I32,44,760,벧엘노인복지센터,00,NORMAL SERVICE.,I32,http://band.us/#!/band/2909275,34476000049,"* 승용차, 승합차, 버스 모두 주차 가능* 차량30여대 주차가능",부여석성 십자가에서 강경방향으로 약 2km 지점 오른쪽 4번도로에서 강경현내리 방면으로 출차 후 강경방향으로 약 1km 지점 오른쪽
14427000124,M31,44,270,당진전문요양원,00,NORMAL SERVICE.,M31,http://당진전문요양원.kr,14427000124,30 대,버스이용시 : 당진터미널-순성면 성북2리 아미미술관 앞  도보10분- 내비게이션 이용시 충남 당진시 순성면 버들길 55-7 ㅡ( 당진전문요양원)
14482500118,M31,44,825,태안군립어르신돌봄센터,00,NORMAL SERVICE.,M31,www.taean.go.kr/life/sub02_13_01.do,14482500118,20대 주차가능,
14483000025,M31,44,270,실버프리 송악,00,NORMAL SERVICE.,M31,http://www.silverfree.org/,14483000025,0. 시설내에 자동차 31대 주차가능,"0. 대중교통편 이용시   - 대중교통을 이용하여 당진터미널, 기지시리, 합덕, 신평 방면에서 본당리행 시내 버스를 타고 본당보건진료소앞에서 하차"
14483000068,M31,44,270,사회복지법인 참사랑복지재단 참사랑요양원,00,NORMAL SERVICE.,M31,http://www.reallove.or.kr/,14483000068,승용차 50대 주차 가능,대중교통이용시 : 당진버스터미널에서 면천방면 죽동리 (1시간 간격)승용차 이용시 : 죽동리 방면/ 눈티고개 넘어서 좌측방향 / 정토사입구
14427000124,M32,44,270,당진전문요양원,00,NORMAL SERVICE.,M32,http://당진전문요양원.kr,14427000124,30 대,버스이용시 : 당진터미널-순성면 성북2리 아미미술관 앞  도보10분- 내비게이션 이용시 충남 당진시 순성면 버들길 55-7 ㅡ( 당진전문요양원)
14482500118,M32,44,825,태안군립어르신돌봄센터,00,NORMAL SERVICE.,M32,www.taean.go.kr/life/sub02_13_01.do,14482500118,20대 주차가능,
14483000025,M32,44,270,실버프리 송악,00,NORMAL SERVICE.,M32,http://www.silverfree.org/,14483000025,0. 시설내에 자동차 31대 주차가능,"0. 대중교통편 이용시   - 대중교통을 이용하여 당진터미널, 기지시리, 합덕, 신평 방면에서 본당리행 시내 버스를 타고 본당보건진료소앞에서 하차"
14427000124,M33,44,270,당진전문요양원,00,NORMAL SERVICE.,M33,http://당진전문요양원.kr,14427000124,30 대,버스이용시 : 당진터미널-순성면 성북2리 아미미술관 앞  도보10분- 내비게이션 이용시 충남 당진시 순성면 버들길 55-7 ㅡ( 당진전문요양원)
14483000025,M33,44,270,실버프리 송악,00,NORMAL SERVICE.,M33,http://www.silverfree.org/,14483000025,0. 시설내에 자동차 31대 주차가능,"0. 대중교통편 이용시   - 대중교통을 이용하여 당진터미널, 기지시리, 합덕, 신평 방면에서 본당리행 시내 버스를 타고 본당보건진료소앞에서 하차"
14427000124,M34,44,270,당진전문요양원,00,NORMAL SERVICE.,M34,http://당진전문요양원.kr,14427000124,30 대,버스이용시 : 당진터미널-순성면 성북2리 아미미술관 앞  도보10분- 내비게이션 이용시 충남 당진시 순성면 버들길 55-7 ㅡ( 당진전문요양원)
14483000025,M34,44,270,실버프리 송악,00,NORMAL SERVICE.,M34,http://www.silverfree.org/,14483000025,0. 시설내에 자동차 31대 주차가능,"0. 대중교통편 이용시   - 대중교통을 이용하여 당진터미널, 기지시리, 합덕, 신평 방면에서 본당리행 시내 버스를 타고 본당보건진료소앞에서 하차"
14427000124,M35,44,270,당진전문요양원,00,NORMAL SERVICE.,M35,http://당진전문요양원.kr,14427000124,30 대,버스이용시 : 당진터미널-순성면 성북2리 아미미술관 앞  도보10분- 내비게이션 이용시 충남 당진시 순성면 버들길 55-7 ㅡ( 당진전문요양원)
14427000124,M36,44,270,당진전문요양원,00,NORMAL SERVICE.,M36,http://당진전문요양원.kr,14427000124,30 대,버스이용시 : 당진터미널-순성면 성북2리 아미미술관 앞  도보10분- 내비게이션 이용시 충남 당진시 순성면 버들길 55-7 ㅡ( 당진전문요양원)
14711000004,A03,47,113,갈릴리마을,00,NORMAL SERVICE.,A03,www.galw.co.kr,14711000004,20대가량 주차 가능,□ 대중교통 이용시 :  포항전지역 500번 버스 탑승→흥해복지관앞에서 하차→오도2리 시내버스 탑승→오도2리 하차→연인레스트랑을 끼고 좌회전후 직진(표지판 있음)□ 자가차량 이용시:  포항에서 영덕방향(7번국도)→칠포해수욕장방향으로 우회전→오도2리→연인레스토랑(좌측에 보임)을 끼고 좌회전(표지판 있음)
14711000006,A03,47,111,포항위덕어르신마을,00,NORMAL SERVICE.,A03,http://www.phus.or.kr/,14711000006,장애인주차구역:2대일반주차:10대이상,대중교통 : 시외버스터미널 109번 승차 -> 위덕대학교 정문 하차 -> 도보 10분->포항위덕어르신마을자가 : 시외버스터미널 -> 유강 -> 위덕대학교 -> 자명리 유턴 -> 빙그레포항영업소 -> 포항위덕어르신마을      포항IC->경주방면->빙그레포항영업소 -> 포항위덕어르신마을
14711000008,A03,47,113,포항원광보은의집,00,NORMAL SERVICE.,A03,www.wbh2006.or.kr,14711000008,포항원광보은의집 주차장을 이용하세요,"1. 포항 시내방향에서 우현사거리를 지나 흥해방면으로 통과하는 308번, 305번, 121번, 5000번, 9000번을 타고 중앙고 정류장에서 하차하여 길건너 중앙고 방향으로 옛 소티재길을 따라 1Km 오면 고개마루에 원광보은의 집 입간판 있음.2. 대구-포항간 고속도로 톨게이트, 경주방면, 영덕방면에서 포항시내로 들어오는 길목에  흥해 달전농협을지나 200m지점에 있는 육교아래에서 우회전하여 500m오면 고개마루에 원광보은의 집 입간판 있음"
14711000010,A03,47,111,햇빛마을,00,NORMAL SERVICE.,A03,https://cafe.daum.net/phsunlight,14711000010,햇빛마을 원내 주차장과 포항성모병원 옥외 주차장 이용하시면 됩니다.,◎시내버스 이용시105번 ☞ 성모병원 하차108번130번 ☞ 성모병원 류마티스재활센터 하차 ◎성모병원 셔틀버스 이용시 시외버스터미널 ↔ 성모병원 정문 (8:40 ~ 17:30 / 15분간격)
14711000015,A03,47,111,학계노인전문요양원,00,NORMAL SERVICE.,A03,blog.naver.com/kiwon3030,14711000015,학계노인전문요양원 왼쪽의 주차장을 이용하시면 됩니다.,교통편(오천읍에서 약15분거리) -자가차량   ※포항에서 오시는길       포스코 →오천방향에서 우회전(929번 지방도로) → 장기면사무소 방향 → 학삼검문소에서 좌회전 → 학계방향 700m 정도   ※대중교통(오천읍 → 양포&감포행 버스)      오천읍(양포&감포행버스 탑승) → 금오삼거리하차 → 도보로 10분
14711000016,A03,47,111,유락원,00,NORMAL SERVICE.,A03,www.youluck.co.kr,14711000016,▣ 넓은 주차공간차량 30대이상 주차할 수 있는 주차시설이 되어있습니다.언제든지 방문 가능하십니다.,▣ 포항에서 오시는 길(포항제철에서 약 20분소요)포항제철 → 오천방향으로 우회전(929번 지방도로) → 장승백이교차로에서 방산로 방면으로 우회전 → 길등재 넘어 → 산서방향으로 좌회전하여 500M 지점▣ 경주에서 오시는 길(보문단지에서 약40분소요)경주 → 보문단지 지나 감포 오는 길 → 감포에서 구룡포 방향으로 해변도로(31번국도) → 양포 삼거리에서 오천방향으로 좌회전 → 읍내리로 들어와 장기2교 직전에서 좌회전 →  산서방향으로 좌회전하여 500M지점
14711000388,A04,47,111,다예요양센터,00,NORMAL SERVICE.,A04,,14711000388,6대 이상의 주차 공간이 있습니다.,버스 175번 타시고 원용교에서 내리시면 100m 근방에 있습니다.
14711000561,A04,47,111,부영노인요양공동생활가정,00,NORMAL SERVICE.,A04,https://blog.naver.com/byby5511,14711000561,부영공동생활가정 건물 뒷편 차량 9~10대 주차가능,"대중교통: 버스 131번,306번"
14711000623,A04,47,111,포항 효 요양원,00,NORMAL SERVICE.,A04,https://www.instagram.com/pohang.hyo/,14711000623,"포항 효 요양원(노인요양공동생활가정,방문요양) 건물내 주차 시설 완비.","주소:경북 포항시 남구 송림로 56번길 5-30 (포항 효 요양원, 효 방문요양센터)       (송도 코모도호텔 사이 길 도보 이동, 송림키즈숲놀이터 앞 위치)전화:054-254-8090 / 010-3610-8090주변 정류장:송도 해수욕장 주변 버스 간선 130번, 131번지선 176번 (양덕-한동대,용덕-죽도)"
14713000016,A04,47,130,사랑의보금자리,00,NORMAL SERVICE.,A04,https://cafe.naver.com/house4966,14713000016,"넓은 주차공간확보,장애인석 구비",대구-1시간   부산-1시간경주-50분     울산-50분포항-1시간15분  언양-25분  건천 25분상세위치: 산내면사거리-언양방향-국민수련원-500미터-서편상회(좌회전)약 4.4킬로 우측
14713000102,A04,47,130,낮은둥지공동체,00,NORMAL SERVICE.,A04,,14713000102,넓은 마당이있습니다,대중교통언양에서 소호방면 버스이용언양에서 산내면사무소방면 버스이용 산내 불고기단지 하차 도보 5분자가용 이용 언양톨게이트에서 20분거리자가이용경주시 산내명 문복로 242-14
24711000163,B01,47,113,실버힐 재가복지센터,00,NORMAL SERVICE.,B01,www.silverhh.or.kr,24711000163,주차공간 : 주차공간 없음 사무실 앞 및 도로변 주차가능 하나 번잡하므로 대중교통이용 요망,"자가용이용시: 양학사거리에서 양학육교방향 50m 일룸가구포항중앙점 주차장옆                        청운종합동물병원에서 시내방향 10m 일룸가구포항중앙점 주차장옆                           포항고용센터에서 동제한의원옆 골목에서 양학육교방향으로 480m대중교통(버스)이용시: 간선 109번(양덕,시외버스터미널,위덕대....)시외버스터미널 -고용복지플러스센터 정류장 하자  일룸포항중앙점방향 도보 10분                                 좌석 500번(문덕,시외버스터미널,흥해)시외버스터미널-고용복지플러스센터정류장 하자 일룸포항중앙점방향 도보10분                                 좌석 200번(양덕,남구청,구룡포)시외버스터미널-고용복지플러스센터정류장 하자 일룸포항중앙점 방향 도보10분                                간선105번(청소년수련관,롯데마트...)시외버스터미널-고용복지플러스센터정류장 하자 일룸포항중앙점 방향 도보10분                                 좌석700번(양덕,세무서,시외버스터미널)시외버스터미널-구S포항병원정류장 하차 일룸포항중앙점 방향 도보8분"
24711000182,B01,47,113,들꽃마을 노인복지센터,00,NORMAL SERVICE.,B01,https://www.wflower.or.kr/user/old/main,24711000182,입구 주차장 주차대수 여유,포항우현사거리-7번국도 영덕방면 진행-흥해지난후 현대오일뱅크 고현주유소 앞에서 우회전-농노를 따라 약 1km 직진 후 삼거리에서 좌회전 약 3km 진행 후 좌측 들꽃마을 노인복지센터
24711000215,B01,47,111,유락원재가노인복지센터,00,NORMAL SERVICE.,B01,www.youluck.co.kr,24711000215,▣ 넓은 주차공간차량 20대이상 주차할 수 있는 주차시설이 되어있습니다.,▣ 포항에서 오시는 길(포항제철에서 약 20분소요)포항제철 → 오천방향으로 우회전(929번 지방도로) → 장기면사무소방향 → 장기2교를   지나 바로 우회전 → 산서방향으로 좌회전하여 500M 지점▣ 경주에서 오시는 길(보문단지에서 약40분소요)경주 → 보문단지 지나 감포 오는 길 → 감포에서 구룡포 방향으로 해변도로(31번국도) → 양포 삼거리에서 오천방향으로 좌회전 → 읍내리로 들어와 장기2교 직전에서 좌회전 →  산서방향으로 좌회전하여 500M지점
24711000494,B01,47,113,가온누리 복지센터,00,NORMAL SERVICE.,B01,www.longtermcare.or.kr,24711000494,건물 앞 뒤 주차장 완비,"시내버스 121번, 305번, 308번좌석버스 5000번"
24711000496,B01,47,111,한결재가복지센터,00,NORMAL SERVICE.,B01,www.han1004.com,24711000496,한결재가복지센터 앞마당 외 건물 주변에 주차 가능,175번 100번 102번 동해빌라 하차후길건너 맞은편 100m 도보
24711000163,B02,47,113,실버힐 재가복지센터,00,NORMAL SERVICE.,B02,www.silverhh.or.kr,24711000163,주차공간 : 주차공간 없음 사무실 앞 및 도로변 주차가능 하나 번잡하므로 대중교통이용 요망,"자가용이용시: 양학사거리에서 양학육교방향 50m 일룸가구포항중앙점 주차장옆                        청운종합동물병원에서 시내방향 10m 일룸가구포항중앙점 주차장옆                           포항고용센터에서 동제한의원옆 골목에서 양학육교방향으로 480m대중교통(버스)이용시: 간선 109번(양덕,시외버스터미널,위덕대....)시외버스터미널 -고용복지플러스센터 정류장 하자  일룸포항중앙점방향 도보 10분                                 좌석 500번(문덕,시외버스터미널,흥해)시외버스터미널-고용복지플러스센터정류장 하자 일룸포항중앙점방향 도보10분                                 좌석 200번(양덕,남구청,구룡포)시외버스터미널-고용복지플러스센터정류장 하자 일룸포항중앙점 방향 도보10분                                간선105번(청소년수련관,롯데마트...)시외버스터미널-고용복지플러스센터정류장 하자 일룸포항중앙점 방향 도보10분                                 좌석700번(양덕,세무서,시외버스터미널)시외버스터미널-구S포항병원정류장 하차 일룸포항중앙점 방향 도보8분"
24711000215,B02,47,111,유락원재가노인복지센터,00,NORMAL SERVICE.,B02,www.youluck.co.kr,24711000215,▣ 넓은 주차공간차량 20대이상 주차할 수 있는 주차시설이 되어있습니다.,▣ 포항에서 오시는 길(포항제철에서 약 20분소요)포항제철 → 오천방향으로 우회전(929번 지방도로) → 장기면사무소방향 → 장기2교를   지나 바로 우회전 → 산서방향으로 좌회전하여 500M 지점▣ 경주에서 오시는 길(보문단지에서 약40분소요)경주 → 보문단지 지나 감포 오는 길 → 감포에서 구룡포 방향으로 해변도로(31번국도) → 양포 삼거리에서 오천방향으로 좌회전 → 읍내리로 들어와 장기2교 직전에서 좌회전 →  산서방향으로 좌회전하여 500M지점
24711000494,B02,47,113,가온누리 복지센터,00,NORMAL SERVICE.,B02,www.longtermcare.or.kr,24711000494,건물 앞 뒤 주차장 완비,"시내버스 121번, 305번, 308번좌석버스 5000번"
24711000505,B02,47,113,은혜로재가복지센터,00,NORMAL SERVICE.,B02,https://blog.naver.com/smilesenior81,24711000505,"포항침례교회주차장, 도로변, 동빈부둣가","포항 북구청 하차-북구청옆 포항침례교회뒷편 도보 3분간선버스-206, 207, 209, 216, 302, 305, 306, 308, 600, 700, 800, 900지선버스-770, 771"
24711000507,B02,47,111,보리재가복지센터,00,NORMAL SERVICE.,B02,https:// blog.naver.com/dlgkwjd10,24711000507,5대 주차가능함.    주변 골목길  주차가능함.16시이후  농협주차장 이용  가능함.,[111번] 실버천사요양원에서 반도맨션방향으로 3분거리[110번] 실버천사요양원에서 상대농협쪽으로  2분거리
24711000011,B03,47,111,햇빛마을,00,NORMAL SERVICE.,B03,https://cafe.daum.net/phsunlight,24711000011,햇빛마을 원내 주차장 이용과 포항성모병원 옥외 주차장 이용하시면 됩니다.,"1. 시내버스 (207번, 216번, 306번, 700번, 110번, 111번)이용 후 포항성모병원입구에서 하차 → 도보 5~10분 2. 시외버스터미널과 포항성모병원 왕복 병원버스차량이용(30분 간격으로 운행)"
24711000182,B03,47,113,들꽃마을 노인복지센터,00,NORMAL SERVICE.,B03,https://www.wflower.or.kr/user/old/main,24711000182,입구 주차장 주차대수 여유,포항우현사거리-7번국도 영덕방면 진행-흥해지난후 현대오일뱅크 고현주유소 앞에서 우회전-농노를 따라 약 1km 직진 후 삼거리에서 좌회전 약 3km 진행 후 좌측 들꽃마을 노인복지센터
24711000267,B03,47,113,선재 주야간노인센터,00,NORMAL SERVICE.,B03,http://www.sunjaewelfare.or.kr,24711000267,건물 앞 주차공간에 주차가능.,포항 죽도시장 남빈동사거리에 위치하고 있어 포항시내버스 모든 노선 이용가능.
24711000271,B03,47,111,효도마을 노인주간보호센터,00,NORMAL SERVICE.,B03,http://band.us/band/100658196,24711000271,타워 주차 가능(10대 이상),버스시외버스터미널 302번 탑승후 KT(세명기독병원맞은편)에서 하차후 형산강 방면 6분 도보 이동자가용오광장에서 형산강 방면 세명기독병원 큰길건너 맞은편 주영빌딩(투썸플레이스)전 우회전 타워 주차
24711000487,B03,47,113,환호노인복지센터,00,NORMAL SERVICE.,B03,https://blog.naver.com/hwanhonoin,24711000487,■ 주차 안내센터 내 전용 주차공간 없음인근 도로변 또는 주변 공간 이용 가능혼잡 시 환호공원 인근 공용주차장 이용 권장,"■ 위치 안내경북 포항시 북구 환호공원길 33-1(환호공원 인근, 환호교회 옆 / 환호해맞이그린빌 아파트 건너편)■ 교통편 안내버스 이용 시: 환호공원 또는 환호교회 인근 정류장 하차 후 도보 이동자가용 이용 시: 환호공원 방향 진입 → 환호교회 옆 위치"
24717000109,B04,47,170,혜성노인복지센터,00,NORMAL SERVICE.,B04,cafe.naver.com/hssanatorium,24717000109,혜성노인복지센터 주차장(시설건물 앞),안동버스터미널->혜성노인복지센터1. 일반버스 28(길안)(안동터미널) → 이천1리 정류장 하차 (도보 약 10분이동)2. 11(터미널.교보생명.임하댐....)(안동터미널) → 농업기술센터앞 정류장 하차 (도보 약 5분이동)
24729028734,B04,47,290,보현노인복지센터,00,NORMAL SERVICE.,B04,홈페이지 없음 (다음 카페 : http://cafe.daum.net/bhsilver6),24729028734,상시주차가능 60대 이상보현노인복지센터 /  053) 851-8662 / 852-8663팩스 053) 852-8664휴대폰 010-8564-4424,"경산시 와촌면 상암길37길64(상암리 76-6) /  하양시외버스터미널에서 택시이용 10,000원정도승용차 이용 >  대구-포항고속도로 와촌,청통IC 나와서 하양방향 덕촌교차로에서 좌회전(상암리 방향, 상암교) 3KM정도 오면 노란현판  보현노인복센터 현판이 보임네비게이션사용시 / 상암리76-6번지 또는 보현노인복지센터  검색대중교통 버스 / 하양시외버스터미널 출발 > 상암리도착 하루4회운행(하양 출발시간 06:55, 09:15, 14:10, 19:00) / 상암리 출발 > 하양도착 (상암 출발시간 07:10, 09:35, 14:30, 19:20)"
24773000054,B04,47,730,안계노인복지센터,00,NORMAL SERVICE.,B04,gydls2022@naver.com,24773000054,야외 주차시설 확보. 인근 마트 주차장 사용 가능.(홈마트),"의성IC에서 안계.예천방면으로 15분(자가용)서의성 IC에서 대구방면 3분(자가용)영남제일병원 맞은편, 참사랑효마을요양원(동 법인시설) 옆 위치"
24785000189,B04,47,850,드림주간보호센터,00,NORMAL SERVICE.,B04,https://blog.naver.com/dreamcare0060,24785000189,센터 내 주차시설 완비,칠곡군 석적읍 남율리 석적중학교 앞에 위치합니다.근처 버스정류장 : 석적행정복지센터
24790000392,B04,47,900,예천연꽃마을 재가노인복지센터,00,NORMAL SERVICE.,B04,,24790000392,,
24711000621,B05,47,113,우리동네 방문간호센터,00,NORMAL SERVICE.,B05,,24711000621,,
24711000622,B05,47,113,우리방문간호센터,00,NORMAL SERVICE.,B05,bulla75@naver.com,24711000622,3~4대정도 주차가능,206번 버스정류장 (세화고등학교 정류장)하차
24711000707,B05,47,111,돌보고 통합재가복지센터,00,NORMAL SERVICE.,B05,없음,24711000707,장기요양기관 건물 전용주차장과 건물 앞 강변 주변의 주차자리 이용,오천농협세계지점 버스정류장에서 하차후 도보 5분
24713000384,B05,47,130,오늘방문간호요양센터,00,NORMAL SERVICE.,B05,http://blog.naver.com/b05020,24713000384,주차시설은 따로 없으나 도로가에 주차 가능합니다. 또는 황성공원 주차장을 이용 바랍니다.,"경주시 황성동 주공 1차 아파트 주변에 위치하고 있으며, 황성동으로 오는 버스 40,41,50,51 등을 이용하시면 됩니다."
24713000467,B05,47,130,늘봄방문간호센터,00,NORMAL SERVICE.,B05,m.blog.naver.com/nbcare69,24713000467,황성공원주차장을 이용해주세요.,"경주시 황성동 수협 뒷편에 위치하고 있으며 황성동으로 오는 버스 40,41,50,51번 등을 이용하시면 됩니다."
24711000494,B06,47,113,가온누리 복지센터,00,NORMAL SERVICE.,B06,www.longtermcare.or.kr,24711000494,건물 앞 뒤 주차장 완비,"시내버스 121번, 305번, 308번좌석버스 5000번"
24711000514,B06,47,111,부림복지용구,00,NORMAL SERVICE.,B06,아직 없음,24711000514,"* 개인 소유의 지정된 주차시설은 없으나 일반 골목길로서 2대 교행은 가능하며, 상시 주.정차도 가능함","주소지 : 포항시 남구 송림로 80번길 4   1. 포항시의 중심지인 오거리,육거리에서 대중교통(버스)으로 이동시 20분 정도 소요.   2.자가용으로이동시 10분 소요"
24711000519,B06,47,111,딜라이트(보청기),00,NORMAL SERVICE.,B06,,24711000519,효자시장 주변공영주차장이용,효자동 SK뷰1차 정류장
24711000551,B06,47,113,선한이웃 복지용구 센터,00,NORMAL SERVICE.,B06,,24711000551,2대 주차 가능,"경상북도 포항시 북구 중흥로 330번길 34우편번호 37774      지번 경상북도 포항시 북구 죽도동 60-28선한이웃복지용구센터, 썬빌리지"
24711000595,B06,47,111,바른복지용구,00,NORMAL SERVICE.,B06,https://www.longtermcare.or.kr/npbs/r/a/201/selectXLtcoSrch.web?siDoCd=47&ltc_ad,24711000595,주차 가능,"버스 이용시정류장 - 900번 버스, 뱃머리 평생학습원 뱃머리 평생학습원 하차 후 도보 200m (3분 거리)"
34711000046,C01,47,113,죽장노인장기요양센타,00,NORMAL SERVICE.,C01,없음,34711000046,100평형 주차시설위치 1. 죽장 버스정류장옆       2. 죽장 면사무소앞 공터       3. 센터 사무실 맞은편,출발지:포항 - 포항IC방면 31번국도 - 청송방면 35분거리 - 죽장면 버스정류소 맞은편
34711000054,C01,47,113,동국 방문요양센터,00,NORMAL SERVICE.,C01,http://cafe.daum.net/donggukcare,34711000054,"센터앞 도로 주차선에 주차(주차금지라인확인요함),탑마트주차장  이용.대동우방아파트 안 주차가능.","시내버스 111번,120번,206번(자명경유),302번,308번,700번 대동우방아파트정차(뜌레쥬르앞)마을버스 용흥1,창포1"
34711000065,C01,47,113,은혜재가요양센터,00,NORMAL SERVICE.,C01,없슴,34711000065,주차장. (7-8대 주차 가능),"206번, 209번 버스 이용. (간선 120번)  장량  LH 5단지 하차 후 길 건너서  아파트 정문 통과하여 아파트 뒤 산 쪽으로 들어오셔야 함. 302번 버스 이용 시 장량 LH 5단지 하차 후   장량 다목적 재난구호소 뒤 골목 안쪽으로 300m 도보."
34711000072,C01,47,113,한사랑노인복지센터,00,NORMAL SERVICE.,C01,https://cafe.naver.com/red7ycx8,34711000072,"사무실 앞 주차 4대 가능, 사무실좌,우 주차시설이용가능",600번 700번 버스 우리들병원옆 하차  도보로 3분거리산업은행앞 거의 전노선통과 도보로 10분거리
34711000080,C01,47,113,기계 효 장기요양센터,00,NORMAL SERVICE.,C01,https://blog.naver.com/kkhyo-081110,34711000080,기계 효 장기요양센터 주차장과 주위 주차 가능합니다..,대중교통편 이용시==>포항에서 기계방면 700번 좌석버스로 기계종점 정차..                                종점에서 포항방면으로 300미터 우측 2층에 사무실 있습니다..  자가용 이용시==>기계방면 서포항 IC에서 400미터 직진하셔서 기계  내단                          우측길로 내려오시면 200미터 좌측에 사무실 있습니다.
34711000046,C02,47,113,죽장노인장기요양센타,00,NORMAL SERVICE.,C02,없음,34711000046,100평형 주차시설위치 1. 죽장 버스정류장옆       2. 죽장 면사무소앞 공터       3. 센터 사무실 맞은편,출발지:포항 - 포항IC방면 31번국도 - 청송방면 35분거리 - 죽장면 버스정류소 맞은편
34711000054,C02,47,113,동국 방문요양센터,00,NORMAL SERVICE.,C02,http://cafe.daum.net/donggukcare,34711000054,"센터앞 도로 주차선에 주차(주차금지라인확인요함),탑마트주차장  이용.대동우방아파트 안 주차가능.","시내버스 111번,120번,206번(자명경유),302번,308번,700번 대동우방아파트정차(뜌레쥬르앞)마을버스 용흥1,창포1"
34711000065,C02,47,113,은혜재가요양센터,00,NORMAL SERVICE.,C02,없슴,34711000065,주차장. (7-8대 주차 가능),"206번, 209번 버스 이용. (간선 120번)  장량  LH 5단지 하차 후 길 건너서  아파트 정문 통과하여 아파트 뒤 산 쪽으로 들어오셔야 함. 302번 버스 이용 시 장량 LH 5단지 하차 후   장량 다목적 재난구호소 뒤 골목 안쪽으로 300m 도보."
34711000072,C02,47,113,한사랑노인복지센터,00,NORMAL SERVICE.,C02,https://cafe.naver.com/red7ycx8,34711000072,"사무실 앞 주차 4대 가능, 사무실좌,우 주차시설이용가능",600번 700번 버스 우리들병원옆 하차  도보로 3분거리산업은행앞 거의 전노선통과 도보로 10분거리
34711000080,C02,47,113,기계 효 장기요양센터,00,NORMAL SERVICE.,C02,https://blog.naver.com/kkhyo-081110,34711000080,기계 효 장기요양센터 주차장과 주위 주차 가능합니다..,대중교통편 이용시==>포항에서 기계방면 700번 좌석버스로 기계종점 정차..                                종점에서 포항방면으로 300미터 우측 2층에 사무실 있습니다..  자가용 이용시==>기계방면 서포항 IC에서 400미터 직진하셔서 기계  내단                          우측길로 내려오시면 200미터 좌측에 사무실 있습니다.
34711000132,C03,47,111,평화의집 노인복지센터,00,NORMAL SERVICE.,C03,http://www.longtermcare.or.kr/npbs/r/a/104/selectMyBlog.web?ltcAdminSym=34711000,34711000132,"승용차 10대주차가능, 주위 골목길 주차가능구역","(버스) 111,131, 양덕3 번 이용  송도해수욕장 주차장에서 하차 경희요양병원 옆으로 약 200미터 직진, 포항기상대 옆문에 위치한 화이트 하우스. 또는 110, 130번 이용 송도 주민센터에서 하차 동쪽으로 송림로 22번길로 직진 포항기상대 옆문"
34711000135,C03,47,113,가장조은복지센터,00,NORMAL SERVICE.,C03,http://blog.naver.com/pjo3681,34711000135,1. 공영주차장 (권장): 장성동 CU 편의점 뒤편 소규모 공영주차장 이용 (무료)2. 공원 갓길 주차: 장성근린공원 경계면을 따라 조성된 주차 구역 이용 가능3. 센터 주변: 센터 건물 인근 갓길 주차 가능※ 가장조은 복지센터는 어르신들의 안전한 이동을 위해 송영 차량 전용 구역을 상시 운영 중입니다.방문객께서는 원활한 차량 흐름을 위해 가급적 CU 앞 공영주차장이나 공원 갓길 주차 구역 이용을 부탁드립니다.,"[위치 주소] 포항시 북구 장성동 법원로 63번길 20 (가장조은 복지센터)[대중교통] 시내버스 206, 209, 216번 → '장성동 대림골든빌' 하차 (도보 5분)[자가용] 장원초등학교 정문 기준 우회전 후 200m 직진 (내비게이션 '가장조은 복지센터' 검색)[도보] 장성동 대림골든빌 옆 산책 공원 기준 우측 방향 500m 위치"
34711000170,C03,47,111,선한이웃노인복지원,00,NORMAL SERVICE.,C03,blog.naver.com/ruhappy1981,34711000170,"선한이웃노인복지원(주간보호센터,방문요양) 건물 앞 주차 시설 완비","대해초등학교 (버스 302, 305번)에서  도보로 5분거리티맵 바로가기https://surl.tmap.co.kr/ee7f8a23네이버 지도 바로가기https://map.naver.com/v5/entry/place/1241698907?c=14400664.4979657,4303895.6636400,13,0,0,0,dh&placePath=%2Fhome%3Fentry=pll"
34711000200,C03,47,111,해와달노인복지센터,00,NORMAL SERVICE.,C03,http://band.us/#!/band/55421058,34711000200,본원 주차장 20대,"301, 305, 306, 308번 승강장이 있습니다.시내에서 오천방면으로 버스를 타시고 오시다 보면 우리유치원승강장에서 내리서서 맞은편에 GS칼텍스(스타주유소)뒷편 5층건물 해와달요양원간판이 있는 건물입니다.오천시장에서 서문사거리를 경유하여 시내방면으로 오시다 구정에 위치한 GS칼텍스(스타주유소)뒷편 5층건물 해와달요양원간판이 있는 건물입니다."
34711000273,C03,47,111,오천행복재가복지센터,00,NORMAL SERVICE.,C03,http://cafe.daum.net/happylive1004,34711000273,건물 주위 주차할 공간이 여유있음.건물 내 주차장 별도 있음.,"시내에서 오천서문사거리 하차 (차량-305번, 308번)문덕에서 오천서문사거리 하차(차량- 305번, 306번, 308번, 800번)장기에서 오천서문사거리 하차(차량- 800번)버스에서 내려서 도보 3분거리.강이비인후과 제일유치원 사이 골목에서 50M에 있음"
34711000200,C04,47,111,해와달노인복지센터,00,NORMAL SERVICE.,C04,http://band.us/#!/band/55421058,34711000200,본원 주차장 20대,"301, 305, 306, 308번 승강장이 있습니다.시내에서 오천방면으로 버스를 타시고 오시다 보면 우리유치원승강장에서 내리서서 맞은편에 GS칼텍스(스타주유소)뒷편 5층건물 해와달요양원간판이 있는 건물입니다.오천시장에서 서문사거리를 경유하여 시내방면으로 오시다 구정에 위치한 GS칼텍스(스타주유소)뒷편 5층건물 해와달요양원간판이 있는 건물입니다."
34719000188,C04,47,190,심청노인복지센터,00,NORMAL SERVICE.,C04,http://longtermcare.or.kr/npbs/r/a/104,34719000188,센터 내 주차장 이용(3대 주차가능),"택시나 자가용이용시 구미1대학 방향 GM(컨벤션)웨딩 맞은편에 씽씽자동차 상사 왼쪽에 위치함버스노선: 27, 51-1, 53, 57, 999"
34729028901,C04,47,290,(A+)황박사노치원,00,NORMAL SERVICE.,C04,http://www.drh.kr,34729028901,"기관앞 3대 주차가능,단지내 20대주차가능",시설봉고차 시설승용차시설자가용
34711000054,C05,47,113,동국 방문요양센터,00,NORMAL SERVICE.,C05,http://cafe.daum.net/donggukcare,34711000054,"센터앞 도로 주차선에 주차(주차금지라인확인요함),탑마트주차장  이용.대동우방아파트 안 주차가능.","시내버스 111번,120번,206번(자명경유),302번,308번,700번 대동우방아파트정차(뜌레쥬르앞)마을버스 용흥1,창포1"
34711000227,C05,47,113,경북재가요양원,00,NORMAL SERVICE.,C05,www.kms56950@naver.com,34711000227,자가 운전시 세종황제 맨션 주차장 이용 가능,308번(기본)- 한동맨션 하차5000번(급행)-마산사거리 하차
34711000457,C05,47,113,소담방문간호센터,00,NORMAL SERVICE.,C05,blog.naver.com/opti71,34711000457,달전2차 삼도뷰엔빌 스마트 상가 주변 주차 공간 많음,"120,121(북구순환행, 배차 16분) 305번(배차 16분 간격)달전2차 삼도뷰엔빌 스마트 동측 인근 버스승강장 도보 100m"
34711000458,C05,47,113,국민건강재가복지센터,00,NORMAL SERVICE.,C05,,34711000458,,
34711000467,C05,47,113,한울재가복지센터,00,NORMAL SERVICE.,C05,https://blog.naver.com,34711000467,"도보 이용 권장, 갓길 주차","★버스정류장 : 흥해보건소 정류장★주변건물 : 흥해남산초등학교, 금성타워아파트"
34711000060,C06,47,113,동산보청기의료기상사,00,NORMAL SERVICE.,C06,phdsb.com,34711000060,공용주차장 이용,"선린병원 건너편 버스승강장앞102번, 106번, 108번, 160번, 500번, 550번"
34711000094,C06,47,113,"파티마보조기,의료기백화점",00,NORMAL SERVICE.,C06,,34711000094,,
34711000158,C06,47,111,미래복지재가센타,00,NORMAL SERVICE.,C06,,34711000158,복개천과 사무실앞이 주차장임.,오거리와 오광장중간지점. 이병원 사거리에서 동일기업 사거리쪽으로 크로바아파트 신호대에위치함.
34711000181,C06,47,113,수메디칼,00,NORMAL SERVICE.,C06,무,34711000181,사무실 앞 1대 주차 가능합니다.,
34711000213,C06,47,113,주식회사 케어스토어,00,NORMAL SERVICE.,C06,http://www.carestore.co.kr,34711000213,상시 5대 가능,"시내버스 101, 109, 130번 장량하수처리장에서 하차"
14713000104,G31,47,130,공영노인전문요양시설 사랑원,00,NORMAL SERVICE.,G31,http://www.gywf.org,14713000104,장애인 주차장을 비롯하여 불편함이 없이 잘 되어있습니다.,"<대중교통 이용시>버스번호 -불국동 북토행 601번 터미널 출발시간 - 06:00 07:40 09:10 12:10 15:10 17:40 19:40(막차) 버스가 경주여자정보고등학교를 지나 다리에 서면 그때 하차 하면 됩니다. 그리고 공영복지재단 표지판을 따라 오시면됩니다. <자가용 이용시>경주IC에서 => 보문방향으로 직진 => 울산, 불국사 방향 우회전 => 불국사역 삼거리 신호등에서 우회전 => 철길넘어 좌회전 => 경주여자정보고등학교 지나서 계속 직진 => 우시장 지나서 2번째 다리앞에서 우회전 해서 약 1km 오시면 됩니다.  불국사역 삼거리에서 부터 이정표를 보시고 오시면 됩니다."
14713000370,G31,47,130,네스트빌요양원,00,NORMAL SERVICE.,G31,blog.naver.com/nestcare,14713000370,주차 10대 가능,◎ 대중교통 이용시 신라고등학교 버스정류장에서 도보 1분거리 하차후 참맑은 한의원에서 경주초등학교 방면 10M◎ 자가용 이용시    경주버스 터미널에서 충효동 방향 → 충효교(구름다리)건너자마자 우회전 → 신원아파트 전 바로 좌회전 → 참맑은 한의원에서 우회전 10M 지점   경주(KTX)역에서 터미널 방향 → 신라고 앞 좌회전후 바로 우회전 → 참맑은 한의원에서 좌회전 10M지점
14719000249,G31,47,190,노인요양시설 효구미실버힐,00,NORMAL SERVICE.,G31,blog.naver.com/hyogumiheal,14719000249,승용차 40여대 주차장 확보,구미시 버스 종점(일선교통)에서 내려서 100m 전방구미시 버스 종점(구미버스)에서 내려서 대성지 방향으로 800m 전방
14721000003,G31,47,210,소망의집,00,NORMAL SERVICE.,G31,http://cafe.daum.net/somang.,14721000003,차량 10대정도 주차가능,◎ 자가용 이용 : 풍기(영주)IC-서천교 건넌후 좌회전 100m후 우회전- 소망의집 표지판 확인  ◎ 버스 : 대구-동대구(북대구)고속버스터미널 ⇒영주시외버스터미널⇒택시이용※ 첨부파일 : 약도참고.
14725000094,G31,47,250,상주연세실버타운,00,NORMAL SERVICE.,G31,www.syst.or.kr,14725000094,-주차시설 완비,"서울, 부산, 대구방면(경부고속도로) 김천분기점(구미 ↔ 김천) ⇒ 중부내륙고속도로 ⇒상주I.C ⇒ 낙동방면(좌회전)⇒신상리(구 신상초등학교)⇒의료법인 우석의료재단 상주연세실버타운대중 교통 이용 시 상주시내에서 낙동방면 버스 이용."
14713000104,G32,47,130,공영노인전문요양시설 사랑원,00,NORMAL SERVICE.,G32,http://www.gywf.org,14713000104,장애인 주차장을 비롯하여 불편함이 없이 잘 되어있습니다.,"<대중교통 이용시>버스번호 -불국동 북토행 601번 터미널 출발시간 - 06:00 07:40 09:10 12:10 15:10 17:40 19:40(막차) 버스가 경주여자정보고등학교를 지나 다리에 서면 그때 하차 하면 됩니다. 그리고 공영복지재단 표지판을 따라 오시면됩니다. <자가용 이용시>경주IC에서 => 보문방향으로 직진 => 울산, 불국사 방향 우회전 => 불국사역 삼거리 신호등에서 우회전 => 철길넘어 좌회전 => 경주여자정보고등학교 지나서 계속 직진 => 우시장 지나서 2번째 다리앞에서 우회전 해서 약 1km 오시면 됩니다.  불국사역 삼거리에서 부터 이정표를 보시고 오시면 됩니다."
14713000370,G32,47,130,네스트빌요양원,00,NORMAL SERVICE.,G32,blog.naver.com/nestcare,14713000370,주차 10대 가능,◎ 대중교통 이용시 신라고등학교 버스정류장에서 도보 1분거리 하차후 참맑은 한의원에서 경주초등학교 방면 10M◎ 자가용 이용시    경주버스 터미널에서 충효동 방향 → 충효교(구름다리)건너자마자 우회전 → 신원아파트 전 바로 좌회전 → 참맑은 한의원에서 우회전 10M 지점   경주(KTX)역에서 터미널 방향 → 신라고 앞 좌회전후 바로 우회전 → 참맑은 한의원에서 좌회전 10M지점
14729000004,G32,47,290,보현요양원,00,NORMAL SERVICE.,G32,홈페이지 없음 ( 다음카페: https://cafe.daum.net/bhsilver1     네이버블로그: http,14729000004,넉넉한 주차공간,"☆자가용 이용시 : 1. 경부고속도로 이용시 : 경산I.C에서 하양,와촌방면 진출 후 하양여고 지나 와촌면소재지에서 상암리 방향으로 우회전, (경산 IC에서 20분 정도 소요)2. 대구,포항고속도로 이용시 : 청통와촌IC 에서 하양방면진출 후 와촌면소재지 지나 상암리방향으로 좌회전,(청통와촌IC 에서 10분 소요)3. 국도 이용시 : 대구- 영천방면 산업도로에서 하양지나 와촌 신녕방면으로 좌회전 후 3Km진행, 와촌면소재지 진입전 상암리 방면 우회전. ☆대중교통이용시 1. 하양버스터미널 818번 06:50분 출발 (20분 정도 소요)313번 : 13:25 19:00 출발(20분 정도 소요)--->상암리 하차후 도보 (10분 거리) 2.택시 이용시하양읍에서 20분거리 (약10,000원 소요)"
14792000001,G32,47,920,봉화요양원,00,NORMAL SERVICE.,G32,http://bongyo.jangsumaeul.kr/,14792000001,"승용차15대,  버스 2대 주차 가능","<승용차이용시> 영주,풍기IC하차 - 봉화방면(20분정도소요) - 봉화에서 울진,태백방면(10분정도소요) - 창평터널지나 다덕약수터 지나면서 풍정리 방면으로 하차(우회전) - 춘봉주유소 지나서 좌회전<대중교통이용시> 봉화버스터미널 하차 - 터미널에서 다시 법전,갈방 방면 시내버스 이용갈방에서 하차 - 걸어서 5분"
14792000001,G33,47,920,봉화요양원,00,NORMAL SERVICE.,G33,http://bongyo.jangsumaeul.kr/,14792000001,"승용차15대,  버스 2대 주차 가능","<승용차이용시> 영주,풍기IC하차 - 봉화방면(20분정도소요) - 봉화에서 울진,태백방면(10분정도소요) - 창평터널지나 다덕약수터 지나면서 풍정리 방면으로 하차(우회전) - 춘봉주유소 지나서 좌회전<대중교통이용시> 봉화버스터미널 하차 - 터미널에서 다시 법전,갈방 방면 시내버스 이용갈방에서 하차 - 걸어서 5분"
14792000001,G34,47,920,봉화요양원,00,NORMAL SERVICE.,G34,http://bongyo.jangsumaeul.kr/,14792000001,"승용차15대,  버스 2대 주차 가능","<승용차이용시> 영주,풍기IC하차 - 봉화방면(20분정도소요) - 봉화에서 울진,태백방면(10분정도소요) - 창평터널지나 다덕약수터 지나면서 풍정리 방면으로 하차(우회전) - 춘봉주유소 지나서 좌회전<대중교통이용시> 봉화버스터미널 하차 - 터미널에서 다시 법전,갈방 방면 시내버스 이용갈방에서 하차 - 걸어서 5분"
24711000679,H31,47,113,포항휴주간보호센터,00,NORMAL SERVICE.,H31,준비중,24711000679,10대 주차 가능,"1. 대중교통 - 간선버스: 121번, 700번2. 승용차 - ""포항휴요양원"" 검색 혹은 ""양덕남로8번길 30"" 검색"
24713000311,H31,47,130,청우산대주간보호센터,00,NORMAL SERVICE.,H31,blog.naver.com/cheongwoo_sandae,24713000311,주차시설 완비 15대 주차가능,대중교통 이용201번 (경주시외버스터미널 출발-사방-안강-산대초등학교 하차 - 순복음교회 골목으로 50m)210번 (경주시외버스터미널 출발-사방-안강-산대초등학교 하차 - 순복음교회 골목으로 50m)222번 (안강동부터미널 출발-안강-육통-산대-산대초등학교 하차 -순복음교회 골목으로 50m)
24715000275,H31,47,150,김천나눔사회적협동조합,00,NORMAL SERVICE.,H31,김천나눔사회적협동조합,24715000275,"건물앞 ,지하2층",기차 : 김천역 하차 직지사방향 200m 좌측 평화프라자 2동-101호버스 : 버스터미널 - 김천역-역전우체국앞 하차
24715000340,H31,47,150,우리노인복지센터,00,NORMAL SERVICE.,H31,blog.naver.com/wooriyoyangwon,24715000340,우리노인복지센터  상가 옆 넓은 주차장을 이용하세요^~^팩스:070-7209-6853,"김천시 백옥동 1321  2층 우리노인복지센터(주간보호/방문요양/방문목욕) 3층 우리노인요양원, 1층 방문요양입니다~1층엔 방문요양, 주간보호 치매전담실이 있답니다^^대한교통에서 직지사방면 버스11번 또는 111번 탑승후 농협주유소 앞 정차후 도보 1분거리김천역 버스 승강장에서 11번 또는 111번 버스 탑승후 정착지는 위와 동일합니다054-436-4208"
24717000003,H31,47,170,나천재가노인복지센터,00,NORMAL SERVICE.,H31,"www.nacheon silver.co,kr",24717000003,건물뒷편 주차공간있음.,.서안동IC에서 차량7분거리(시내방면으로 오시다가 송현오거리 맘모스제과점옆 호암빌딩8층건물).남안동IC에서 차량15분거리.안동시청. 안동터미널에서 차량10분거리이내
24713000311,H32,47,130,청우산대주간보호센터,00,NORMAL SERVICE.,H32,blog.naver.com/cheongwoo_sandae,24713000311,주차시설 완비 15대 주차가능,대중교통 이용201번 (경주시외버스터미널 출발-사방-안강-산대초등학교 하차 - 순복음교회 골목으로 50m)210번 (경주시외버스터미널 출발-사방-안강-산대초등학교 하차 - 순복음교회 골목으로 50m)222번 (안강동부터미널 출발-안강-육통-산대-산대초등학교 하차 -순복음교회 골목으로 50m)
24717000003,H32,47,170,나천재가노인복지센터,00,NORMAL SERVICE.,H32,"www.nacheon silver.co,kr",24717000003,건물뒷편 주차공간있음.,.서안동IC에서 차량7분거리(시내방면으로 오시다가 송현오거리 맘모스제과점옆 호암빌딩8층건물).남안동IC에서 차량15분거리.안동시청. 안동터미널에서 차량10분거리이내
24719000197,H32,47,190,은가람재가노인복지센터,00,NORMAL SERVICE.,H32,은가람노인복지타운.kr,24719000197,센터앞 주차시설 12대,1. 자가차량 이용2. 선산터미널에서 20번 버스이용 일2회
24719000477,H32,47,190,효구미노인복지센터,00,NORMAL SERVICE.,H32,blog.naver.com/gumicare365,24719000477,센터 내 주차장 이용,"자차-신길 : 스포랜드 가기 전, 샛길로 들어오면 됨.-구길 : 최신자동차 학원에서 약 50m 올라오면 됨.대중교통-24번/25번/20-2번/401-1번 버스이용 [원호대우아파트] 하차 후 도보 20분 또는 택시이용 3분"
24728000161,H32,47,280,미소치매전담형 주야간보호센터,00,NORMAL SERVICE.,H32,blog.naver.com/jinstar0228,24728000161,건물 옆편으로 주차장 시설 되어 있습니다.,"문경경찰서 밑으로 100미터 지점에 있습니다.점촌터미널에서 시내버스로 오실 때는 시청방면 버스를 타시고 영풍마드레빌 정류장에서 하차하셔서, 문경헬스장 앞까지 도보 5분 거리에 있습니다."
34711000450,I31,47,113,우현노인복지센터,00,NORMAL SERVICE.,I31,https://uhyeon333.modoo.at/,34711000450,건물 옆,"- 대중교통 109번, 107번, 160번- 자가용"
34713000239,I31,47,130,경주어르신종합돌봄센터,00,NORMAL SERVICE.,I31,blog.naver.com/daycare7771,34713000239,"센터 뒤편 주차공간, 장애인용 엘리베이터",중앙시장(아랫시장) 사거리에서 동대사거리(경주여고) 방향으로 120m 거리에 위치하고 있습니다(구 쌍용자동차 대리점 옆)주소 : 경주시 성건동 207-12 (도로명주소:금성로 319)
34719000121,I31,47,190,주식회사참사랑,00,NORMAL SERVICE.,I31,www.chamlove.co.kr,34719000121,참사랑건물 입구에 주차하시면 됨,"시내버스-- 정류장:오성예식장앞                 번호:1-1,1-2,14,141,41,43,44,441,45,46,511,55,56,57,70,71,72,80,81,82,115,141,                        142,143,143-1,170,181,188,555,557                 (구미 터미널에서 큰사거리 방향으로 신화아파트 맞은편 건물 4층)"
34790000024,I31,47,900,대경케어노인복지센터,00,NORMAL SERVICE.,I31,http://00524.노인요양.kr,34790000024,시설 앞 20대주차공간 있음,"경상북도 예천군 예천읍 도효자로 168-13 (생천리 33번지) 대경케어노인복지센터예천읍에서 은풍면 효자면 방향으로 4km 지점 도료가 큰 입간판 있음대중 교통(버스) 이용시(상리, 하리)와 (맛질, 시항) 방면으로 가는 버스는 모두 타시면 됩니다-시외버스 터미널 뒤 그랜드모텔앞 출발 시간06:0006:2007:4008:4009:4010:2011:0012:0013:2014:3016:0017:0018:0018:4019:20"
34719000121,I32,47,190,주식회사참사랑,00,NORMAL SERVICE.,I32,www.chamlove.co.kr,34719000121,참사랑건물 입구에 주차하시면 됨,"시내버스-- 정류장:오성예식장앞                 번호:1-1,1-2,14,141,41,43,44,441,45,46,511,55,56,57,70,71,72,80,81,82,115,141,                        142,143,143-1,170,181,188,555,557                 (구미 터미널에서 큰사거리 방향으로 신화아파트 맞은편 건물 4층)"
14711000453,M31,47,113,우현요양원,00,NORMAL SERVICE.,M31,http://uhyeon333.modoo.at,14711000453,"건물 앞, 옆","대중교통 - 시내버스 109번, 160 번자가용 이용 - 세화여고 방향 진입 후 동아그린아파트에서 좌회전 후 직진"
14711000453,M32,47,113,우현요양원,00,NORMAL SERVICE.,M32,http://uhyeon333.modoo.at,14711000453,"건물 앞, 옆","대중교통 - 시내버스 109번, 160 번자가용 이용 - 세화여고 방향 진입 후 동아그린아파트에서 좌회전 후 직진"
14713000134,S41,47,130,경주따뜻한집,00,NORMAL SERVICE.,S41,,14713000134,주차공간 많음,1) 경주시외버스터미널->내남면사무소->박달방면으로 직진-> 광천교건너 좌회전->구일(안심마을 종점까지)->1km 직진 ->경주따뜻한집2) 활천IC->내와리 방향 2km 지점-> 경주 구일(오른쪽)방향 다리건너 산길 진입-> 산고개 넘어300m 지점 우회전->경주따뜻한집(도착)
14721000195,S41,47,210,은빛둥지,00,NORMAL SERVICE.,S41,minmom6353@hanmail.net,14721000195,마당넓어서 주차장공간 확보 되어있습니다.주차걱정은 안하셔도 됩니다.(20대가능)(소형.대형),영주시 순흥면 회헌로884번길영주시내에서10분거리
14773000079,S41,47,730,금성산치매공동생활가정,00,NORMAL SERVICE.,S41,https://cafe.daum.net/sandong2025,14773000079,주차시설완비,"시외버스(탑리), 자가용"
14811000005,A03,48,121,동진노인복지센터,00,NORMAL SERVICE.,A03,www.dongjin.org,14811000005,센터앞에 주차시설 완비,"1) 개인차 :창원역 또는 창원중앙역에서 15분거리      주남저수지 입구에서 2km 직진 2) 대중교통 : 버스 30,31,32,40,42   내리시는곳 : 동진노인복지센터, 고양이주단지"
14811000006,A03,48,121,주남요양센터,00,NORMAL SERVICE.,A03,https://blog.naver.com/junamcare9974,14811000006,요양시설 앞주차장,"창원시내(도계동) 출발 김해 진영방향 5km 덕산 3거리에서 신호 받아 좌회전, 동읍사무소, 신방초교 주남저수지 조망대 입구 3거리 지나 직진(밀양 창녕 북면 방향) 8km 전방 양교마을(여기까지 주남 저수지 계속 오른쪽에 있음) 0.5km 오른쪽 길 아래 하얀 집 2채(봉곡 저수지 입구)김해(진영) 경유진영, 동 창원IC덕산 3거리, 주남저수지 방향 우회전, 이후 위와 같음창녕 창원북면(온천) 밀양경유창녕은 낙동강건너면 본포, 본포3거리, 약 1km전방에 봉곡저수지, 길 좌측에 섬김의 집 팻말고속도로경유부산방면 동창원 IC로 진주 혹은 대구 경유는 북창원IC 북면 경유"
14811000016,A03,48,121,창원성심요양원,00,NORMAL SERVICE.,A03,www.sungsim.or.kr,14811000016,주차장 완비(15대),"창원 북면 마금산온천 방향 버스노선 (15번, 13번, 24번)버스정류장 창원 성심원 정문에 하차  상세 약도 성심원 홈페이지 참조"
14811000017,A03,48,121,창원성심노인전문요양원,00,NORMAL SERVICE.,A03,sungsim.or.kr,14811000017,"주차장 15대 주차 가능, 장애인 주차장 구비","▣ 자가용 이용 방법     창원(북면 마금산온천 방면) - 행복한병원 - 신촌주유소에서  칠북,함안,남지 방향으로      좌회전해서 3키로 지점 ▣ 버스 이용 방법(신촌주유소에서 하차 055)299-6911,6921로 전화주시면 봉고로 모시러 감) 1) 15번 노선....창원역 출발 - 성심원 경유 - 북면온천 - 상천 도착     (창원역 출발시간 05:30,07:50,11:20,14:20,17:00,19:40      상천 출발시간 06:30,09:30,12:30,15:30,18:10,20:50) 2) 북면 ~ 창원방면 노선 (10번,11번, 12번, 13번, 14번, 15번) 3) 북면 ~ 마산방면 노선 (20번, 21번, 22번, 23번, 24번)  상세 약도 성심원 홈페이지 참조"
14811000133,A03,48,121,다솜창원노인복지센터,00,NORMAL SERVICE.,A03,http://cafe.naver.com/dasom0553,14811000133,※ 전용 주차시설이 마련되어 있습니다.   ☎ 야간 연락처 : 010 - 8793 - 6059(김경숙 실장),"▣ 주소 : 경남 창원시 의창구 동읍 자여로 89              경남 창원시 의창구 동읍 송정리 150-10번지※ 시내버스 34,35,7 번 및 마을버스(창원역에서 다솜창원노인복지센터까지 순환운행)▣고속도로 이용시 : 동창원 IC에서 창원방향으로 약1Km 직진 후 자여사거리에서 좌회전                             하여 900m 직진하면 자여마을 중심부(동읍 송정리 150-10번지)에 당                              복지센터가 위치해 있습니다.▣창원에서 오는길 : 창원대로 끝지점인 의안로 의창사거리에서 우회전하여 39사단 사거리를                              지나 의안로를 따라 도계광장 4거리를 지나서 자여4거리까지 직진                             후 자여4거리에서 우회전하여 900m 직진."
14812000197,A03,48,121,소답노인요양센터,00,NORMAL SERVICE.,A03,blog.naver.com/dalma6650,14812000197,자동차 10여대 주차가능,"100번, 102번, 212번, 104번, 213번, 710번 702번 저희 소답노인요양센터는 소답시장부근에 있습니다. 버스로 오시면  소답초등학교에서 내려 롯데리아와 뚜레쥬르 사이로 쭉 올라 오시면 세원아파트가 있습니다 세원아파트 우측 50M정도 거리에 저희 소답노인요양센터가 있습니다.젊음의 집 바로 뒷편이기도 합니다.주소:창원시 의창구 의안로70번길 27-2전화:055)294-8512~3  팩스:055)261-3020"
14811000007,A04,48,121,수산자비선원 부설 자비마을,00,NORMAL SERVICE.,A04,수산자비선원 부설 자비마을,14811000007,주차시설이 별도로 없고 도로 길가장자리로  주차하실 수 있습니다.,"창원역에서 도계동가는 버스212번, 109번, 타시고 도계초등학교앞에서 하차, 도계초등학교에서 태봉산 옆 자비마을까지는 도보로 10분거리입니다."
14811000023,A04,48,121,아름다운요양원,00,NORMAL SERVICE.,A04,http://blog.naver.com/emoslee,14811000023,10대 정도 차량이 주차할 수 있는 안락한 공간이 마련되어 있습니다.,"저희 아름다운요양원은 2016년 장기요양기관 평가우수기관으로서 보호자와 가족간의 원활한 소통을 위해 네이버밴드로하루하루의 일상을 공개하고 있습니다.그외 궁금한 사항은  네이버 블로그에서 확인해 볼 수 있습니다. https://blog.naver.com/emosleeme특히 저희 요양원의 가장 큰 장점은 어르신의 개별욕구 해소를 위해 개별생활권(개별물품소지가능)을 보장하며 특히 자유롭게 이동할 수 있는 넓은 산책로와 집처럼 안락한 한옥의 정취속에 보호자 가족과의 소통을 위해 매일 창원아름다운요양원 밴드를 만들어 매일 일상을 공유하고 있습니다..^^승용차 이용시: 창원에서 20분 마산에서 30분,  밀양에서 10분, 김해에서 10분거리에 위치하는  교통의 편리성과 주말에 요양원을 방문 후 주변의 자연휴양림 주남저수지와 부곡온천, 북면온천과 본포야외캠핑장 등이 10분거리에 있어 접근성이 매우 용이하여 주말에 방문후 가족간에 여가를 즐 수 있고 또한, 4대강 주변의 자전거도로가 있어 자전거를 이용하여 확 트인 공간속에서 도심속에 묻혀있던 스트레스풀 수 있는 좋은 기회를 제공해 주고 있습니다. 버스 이용시: 창원에서 10분간격으로 마을버스를 운행하고 있어 아름다운요양원 정류소에 하차하시면 됩니다."
14812000153,A04,48,121,온새미로요양원,00,NORMAL SERVICE.,A04,http://blog.daum.net/,14812000153,온새미로요양원 주변  주택지 도로에 주차 가능명곡교회앞 하천가 주차공간에 주차 후 도보,"1) 대중교통 이용 시마산시외버스터미널703(합성동) → 명서다리.명곡교회 정류장 하차800(합성동) → 명서동허앤리병원 정류장 하차100, 113, 122(마산시외버스터미널) → 명서다리.명곡교회 정류장 하차명서전통시장 입구남산시외버스정류소17, 102, 212, 703(남산공원환승센터) → 명서다리.명곡교회 정류장 하차명서전통시장 입구2) 자동차 이용 시경상남도 창원시 의창구 명서동 77-10(명서로120번길 11) 온새미로 요양원. 노인복지센터"
14812000180,A04,48,129,은빛노인센터,00,NORMAL SERVICE.,A04,은빛노인센터 밴드 (전화로 문의요망),14812000180,있음,부산하단에서 58-2. 58-1  9 . 21. 용원종점 진해에서 305.315번  용원사거리
14812000189,A04,48,125,늘돌봄요양센터,00,NORMAL SERVICE.,A04,없음.,14812000189,산복도로 주변 내지는 아랫쪽에 공간이 많이 있습니다.,"버스 262번 진원파크에서 하차버스 105번, 254번, 262번, 707번 한우아파트에서 하차하신 후 (산복도로가 있는 횡단보도쪽)수도암쪽으로 오시면 됩니다."
14812000306,A04,48,129,에버그린 실버홈,00,NORMAL SERVICE.,A04,band.us/band/89264328,14812000306,실버홈 주차장  및 인근주차장 5대,"마산남부터미널에서 860번 타고 진해용원 반짓골 정류소에서 하차창원역에서 757번 타고  진해용원 반짓골 정류소에서 하차진해롯데마트 정류소에서 315번,315-1번, 315-2번, 315-3번  타고 진해용원 반짓골 정류소에서 하차시내에서 305번 305-1번 305-2번 305-3번 진해용원 반짓골 정류소에서 하차부산하단정류소에서  청안동 직행버스 진해용원 반짓골 정류소에서 하차"
24811000030,B01,48,123,한빛노인복지센터,00,NORMAL SERVICE.,B01,http://www.hbwf.or.kr/,24811000030,한국전력에 주차하여 횡단보도 이용하여 건너오세요 또는 한빛교회 옆 주택가에 주차하시고 방문하세요,"은아아파트 정류소에서 내려서 도청 방향으로 도보로 7분 (버스 100번 103번 109번  급행: 703번, 710번)또는 도청에서 내려 은아아파트 방향으로 도보로 5분 (버스 111번, 214번, 급행 : 801번)한국전력 맞은편에서 은아아파트 방향으로 큰길가"
24811000045,B01,48,123,희연재가커뮤니티케어센터,00,NORMAL SERVICE.,B01,http://www.silver4u.net,24811000045,"건물앞 3대, 장애인주차구역1대","- 버스노선 안내 : 문성고등학교, 반지민원센터, 반지사거리에서 하차하시기 바랍니다.-.지선버스 : 10, 11, 12, 13, 14, 17, 213, 30, 31, 32, 34, 35, 505-.간선버스 : 100, 102, 105, 122, 155-.좌석버스 : 703, 710, 751, 752, 757, 800-.개인차량 : 반지동 케이프 타운 지하주차장"
24811000063,B01,48,121,창원성심재가노인복지센터,00,NORMAL SERVICE.,B01,www.sungsim.or.kr,24811000063,차량 5대이상 주차가능함,"1. 버스노선  창원역 -> 창원성심원 정류장 하차(13, 15)2. 자차이용창원 동정동 방향에서 -> 북면 사무소,온천단지 방향으로 주행시에신촌삼거리에서 창녕.함안 방향으로 약 3Km 이동(약 5분 거리), 창원성심원 도착"
24812000200,B01,48,125,명진노인통합지원센터,00,NORMAL SERVICE.,B01,http://www.mjwelfare.or.kr/2013/,24812000200,상마전마을회관 앞 주차장 이용,"마산역 경유(63,64,65) : 구산초등학교 분교에서 하차, 하마전교회입구에서 왼쪽 도로로 위쪽방향으로 도보15분"
24812000359,B01,48,121,안정재활재가센터,00,NORMAL SERVICE.,B01,,24812000359,주차가능.,"창원에서 밀양방향1. 대중교통   밀성여객 탑승 후 가술 하차 - 대산고등학교쪽 골목길 통해 이동 (표지판) 도보 15분 거리     창원만남의광장앞 출발 -    마을버스 1번,  2번,  4번 가술/대산고등학교앞 하차   시외버스이용  마산합성터미널에서 밀양방향버스 승차 후 가술에 하차하여 15분정도 도보 2. 자가용   25호국도선 - 밀양,수산방면 - 미곡처리장 방면 골목 - 표지판 따라 좌회전 - 막다른 골목에서 좌회전 - 제동회관 정면에서 우회전 - 표지판 따라 재가센터   25호국도선 - 밀양, 수산방면 - 다이소 방면 골목 - 표지판 따라 좌회전 - 제동회관 정면에서 우회전 - 표지판 따라 재가센터"
24812000415,B01,48,125,남가람 노인 통합지원센터,00,NORMAL SERVICE.,B01,https://www.longtermcare.or.kr/npbs/r/a/104/selectMyBlog.web?ltcAdminSym=2481200,24812000415,주차시설 완비,"자가용 이용시 네비게이션으로 주소 창원시 마산합포구 진북면 지산2길 64-11 검색해서 찾아오시면 됩니다. 대중교통: 버스 이용시 73, 73-1, 74, 74-1, 75 타고 진북면사무소에서 하차 후 지산교회쪽으로 도보로 100m 걸어오시면 됩니다."
24811000045,B02,48,123,희연재가커뮤니티케어센터,00,NORMAL SERVICE.,B02,http://www.silver4u.net,24811000045,"건물앞 3대, 장애인주차구역1대","- 버스노선 안내 : 문성고등학교, 반지민원센터, 반지사거리에서 하차하시기 바랍니다.-.지선버스 : 10, 11, 12, 13, 14, 17, 213, 30, 31, 32, 34, 35, 505-.간선버스 : 100, 102, 105, 122, 155-.좌석버스 : 703, 710, 751, 752, 757, 800-.개인차량 : 반지동 케이프 타운 지하주차장"
24812000359,B02,48,121,안정재활재가센터,00,NORMAL SERVICE.,B02,,24812000359,주차가능.,"창원에서 밀양방향1. 대중교통   밀성여객 탑승 후 가술 하차 - 대산고등학교쪽 골목길 통해 이동 (표지판) 도보 15분 거리     창원만남의광장앞 출발 -    마을버스 1번,  2번,  4번 가술/대산고등학교앞 하차   시외버스이용  마산합성터미널에서 밀양방향버스 승차 후 가술에 하차하여 15분정도 도보 2. 자가용   25호국도선 - 밀양,수산방면 - 미곡처리장 방면 골목 - 표지판 따라 좌회전 - 막다른 골목에서 좌회전 - 제동회관 정면에서 우회전 - 표지판 따라 재가센터   25호국도선 - 밀양, 수산방면 - 다이소 방면 골목 - 표지판 따라 좌회전 - 제동회관 정면에서 우회전 - 표지판 따라 재가센터"
24812000424,B02,48,123,태양재가노인복지센터,00,NORMAL SERVICE.,B02,blog.naver.com/sun2751935,24812000424,건물 지하 주차타워시설 있음,일반 10.11.13.14.30.31.32.34지선 12.35.212.216.221.223간선 100.103.105.106.107.113.115.151.155.156.BRT일반(5000)좌석 97.97A.710.770급행 3000.3001.3006.BRT급행(6000)
24812000435,B02,48,121,창원도우누리 노인통합재가센터,00,NORMAL SERVICE.,B02,http://m.blog.naver.com/dounuri27,24812000435,"YG빌딩 지하1,2층 주차가능","버스 : 창원방면 220번,221번        창원봉림행복복지센터 맞은편 이디야건물 3층주소: 창원시 의창구 대봉로 26번길 4-5 YG빌딩 3층전화번호 : 055-286-9788"
24812000437,B02,48,121,선일데이케어센터,00,NORMAL SERVICE.,B02,선일데이케어센터.kr,24812000437,"상가 주차 공간, 혹은 인근 주택단지 주차.","창원에서 마산방향 - 100번, 122번, 214번, 58번, 58A번, 730번 버스 '장애인복지회관' 정류장에서 하차 마산에서 창원방향 - 100번 122번, 214번,59번, 59A번, 730번 버스 '장애인복지회관' 정류장에서 하차"
24812000594,B02,48,121,다안재가복지센터,00,NORMAL SERVICE.,B02,blog.naver.com/daan9333,24812000594,무학산오리하우스 창원점 주차시설 무료 사용 (공간여유로움),"버스정류소명 : 용강검문소통과노선 : 창원->마을1, 마을2, 마을7, 30, 31, 32, 34, 35, 36, 40, 41, 42, 44, 45, 49,                 김해->140"
24811000008,B03,48,121,동진소규모노인종합센터,00,NORMAL SERVICE.,B03,www.dongjin.org,24811000008,센터앞에 주차시설 완비,"1) 개인차 :창원역에서 15분거리 주남저수지 입구에서 2km 직진 2) 대중교통 : 버스 30,31,32,40,42 내리시는곳 :동진노인복지센터 앞,  고양이주단지"
24811000030,B03,48,123,한빛노인복지센터,00,NORMAL SERVICE.,B03,http://www.hbwf.or.kr/,24811000030,한국전력에 주차하여 횡단보도 이용하여 건너오세요 또는 한빛교회 옆 주택가에 주차하시고 방문하세요,"은아아파트 정류소에서 내려서 도청 방향으로 도보로 7분 (버스 100번 103번 109번  급행: 703번, 710번)또는 도청에서 내려 은아아파트 방향으로 도보로 5분 (버스 111번, 214번, 급행 : 801번)한국전력 맞은편에서 은아아파트 방향으로 큰길가"
24811000045,B03,48,123,희연재가커뮤니티케어센터,00,NORMAL SERVICE.,B03,http://www.silver4u.net,24811000045,"건물앞 3대, 장애인주차구역1대","- 버스노선 안내 : 문성고등학교, 반지민원센터, 반지사거리에서 하차하시기 바랍니다.-.지선버스 : 10, 11, 12, 13, 14, 17, 213, 30, 31, 32, 34, 35, 505-.간선버스 : 100, 102, 105, 122, 155-.좌석버스 : 703, 710, 751, 752, 757, 800-.개인차량 : 반지동 케이프 타운 지하주차장"
24812000359,B03,48,121,안정재활재가센터,00,NORMAL SERVICE.,B03,,24812000359,주차가능.,"창원에서 밀양방향1. 대중교통   밀성여객 탑승 후 가술 하차 - 대산고등학교쪽 골목길 통해 이동 (표지판) 도보 15분 거리     창원만남의광장앞 출발 -    마을버스 1번,  2번,  4번 가술/대산고등학교앞 하차   시외버스이용  마산합성터미널에서 밀양방향버스 승차 후 가술에 하차하여 15분정도 도보 2. 자가용   25호국도선 - 밀양,수산방면 - 미곡처리장 방면 골목 - 표지판 따라 좌회전 - 막다른 골목에서 좌회전 - 제동회관 정면에서 우회전 - 표지판 따라 재가센터   25호국도선 - 밀양, 수산방면 - 다이소 방면 골목 - 표지판 따라 좌회전 - 제동회관 정면에서 우회전 - 표지판 따라 재가센터"
24812000415,B03,48,125,남가람 노인 통합지원센터,00,NORMAL SERVICE.,B03,https://www.longtermcare.or.kr/npbs/r/a/104/selectMyBlog.web?ltcAdminSym=2481200,24812000415,주차시설 완비,"자가용 이용시 네비게이션으로 주소 창원시 마산합포구 진북면 지산2길 64-11 검색해서 찾아오시면 됩니다. 대중교통: 버스 이용시 73, 73-1, 74, 74-1, 75 타고 진북면사무소에서 하차 후 지산교회쪽으로 도보로 100m 걸어오시면 됩니다."
24812000424,B03,48,123,태양재가노인복지센터,00,NORMAL SERVICE.,B03,blog.naver.com/sun2751935,24812000424,건물 지하 주차타워시설 있음,일반 10.11.13.14.30.31.32.34지선 12.35.212.216.221.223간선 100.103.105.106.107.113.115.151.155.156.BRT일반(5000)좌석 97.97A.710.770급행 3000.3001.3006.BRT급행(6000)
24825000612,B04,48,250,큰나무주간보호센터,00,NORMAL SERVICE.,B04,http://blog.naver.com/kumred3,24825000612,본 센터 건물 지하주차장에 주차가능,1. 김해시내버스 21번 -> 능동삼거리 정류장에서 하차-> 도보로 약 3분 ->본 건물 5층으로 입장2. 자가용 이용 시 네비게이션에 경남 김해시 번화1로79번길 26 을 검색하여 방문
24811000045,B05,48,123,희연재가커뮤니티케어센터,00,NORMAL SERVICE.,B05,http://www.silver4u.net,24811000045,"건물앞 3대, 장애인주차구역1대","- 버스노선 안내 : 문성고등학교, 반지민원센터, 반지사거리에서 하차하시기 바랍니다.-.지선버스 : 10, 11, 12, 13, 14, 17, 213, 30, 31, 32, 34, 35, 505-.간선버스 : 100, 102, 105, 122, 155-.좌석버스 : 703, 710, 751, 752, 757, 800-.개인차량 : 반지동 케이프 타운 지하주차장"
24812000624,B05,48,121,행복한재가방문요양센터,00,NORMAL SERVICE.,B05,happysilvers.modoo.at/,24812000624,15대정도 주차가능,경남 창원시 의창구 동읍 의창대로 875 1층상가동창원요양병원 맞은편 그린모텔 1층 상가
24812000633,B05,48,127,백세행복노인복지센터 내서점,00,NORMAL SERVICE.,B05,WWW.백세행복.com,24812000633,센터 내 주차시설 완비 -일반차량 주차 24대    -경차 주차 6대,<버스 이용시> ▶삼계성당 법륜사 버스정류장 하차 (지선 256. 51. 80.) ▶광려중학교 버스정류장 하차 (지선 256. 51. 80. )   <자가용 이용시> 창원시 마산회원구 내서읍 대동이미지 1단지 아파트 정문에서 감천 방향으로 500M거리  전안 초등학교 옆 단독건물
24812000768,B05,48,127,참방문간호요양센터,00,NORMAL SERVICE.,B05,blog.naver.com/visiting-care,24812000768,인근 도로변 주차가능,버스 이용 시 삼계숲속마을아파트 정류장 하차승용차 이용 시 삼계로 66-10 근처 도로변 주차
24812000847,B05,48,121,창원 효사랑주간보호센터,00,NORMAL SERVICE.,B05,blog.naver.com/changwonhyolove,24812000847,건물주차장 이용가능,"창원 명곡로타리, 오케이빌딩 5층( LG전자 맞은편)에 위치하고 있습니다."
24812000850,B05,48,123,창원 효 방문간호재가센터,00,NORMAL SERVICE.,B05,blog.naver.com/changwonhyo,24812000850,상가인근 주차 가능합니다.,"1. 버스 이용 시가장 가까운 정류장: '신월주공아파트' 정류장 (도보 약 2~3분, 100여 미터 거리)주요 버스 노선:  간선/지선: 155번, 156번, 212번, 710번, 770번 등BRT: BRT-일반(5000), BRT-급행(6000)좌석/급행: 3000번, 3001번, 3006번 등시외: 김해 버스 97번2. 기차 이용 시창원중앙역(KTX, SRT): 차량으로 약 5분 소요 (약 2.3km 거리)3. 자가용 이용 시주소: 경상남도 창원시 성산구 신사로 55, 신월 센트럴 아이파크 후문 앞근처에 동창원IC 등이 있어 시외에서도 접근이 용이합니다."
24812000589,B06,48,121,우리복지의료기,00,NORMAL SERVICE.,B06,없음,24812000589,없음,"시내버스 102, 113, 122, 155, 710, 213, 10, 12, 15, 17, 19, 21동정동/써니마트 (북동공설시장 방면), 흥한웰가아파트 (창원여중 방면) 하차 후 창원감리교회 앞 횡단보도 건너 현대약국 골목 직진"
24812000611,B06,48,121,돌봄의료기복지용구,00,NORMAL SERVICE.,B06,blog.naver.com/ky0545,24812000611,돌봄복지용구 맞은편 공용주차장,시외버스:밀양.수산.부산.진영.창원.마산방면 시외버스정류장 앞시내버스:1번.2번.31번.32번.49번 시내버스정류장 앞
24812000636,B06,48,127,해피케어,00,NORMAL SERVICE.,B06,www.happy-care.kr,24812000636,있음,"마산역에서 도보 5분소요 시내버스 ""마산역"", ""마산역.동마산병원"", ""마산역종점"" 버스정류장하차 마산역 삼거리에서 마산역 방면으로 온 후 마산역주차장에 주차"
24812000640,B06,48,121,세종메디,00,NORMAL SERVICE.,B06,없음,24812000640,지정주차구역 없음.주변 골목 주차가능,"버스 102, 113, 122 동일그린맨션 하차 or 소답입구 하차 후 도보 5분 이내"
24812000739,B06,48,127,해피한 복지용구사업소,00,NORMAL SERVICE.,B06,https://blog.naver.com/shhwang2000,24812000739,주차가능,대중교통구암동경유 마을버스 8번 (mgt새마을금고 정류장 하차)
24812000767,B06,48,125,효담 재가노인복지센터,00,NORMAL SERVICE.,B06,https://hyodam.my.canva.site/,24812000767,사무실 앞에 노상 도로변 주차자리 마련되어있습니다,마산 창동 부근이며구 추산아파트 맞은편에 있습니다
34811000001,C01,48,121,설암재가노인복지센터,00,NORMAL SERVICE.,C01,없음,34811000001,도로명주소: 경상남동 창원시 의창구 도계로 4번길 8 일출빌딩 5층(전자랜드 옆)주차: 일출빌딩 부근 자율 주차* 빌딩 내 고정 주차 자리없음.,"도계로 4번길 8, 일출빌딩 5층택시이용 : 도계동 버스정류소 또는 도계동 전자랜드 옆 건물 하차버스이용 : 1) 도계동 버스정류소 하차->도보 1분 이내                2) 서부스포츠 앞 하차->도보 3분 이내<버스번호> 마산방향------>도계동(미래여성병원앞 정류소)   간선버스 100 102 105 122 155  지선버스 10 11 12 13 14 17 30 31 32 34 35 213 505  좌석버스 751 752창원방향------>도계동(서부스포츠센터 정류소)버스노선 양방향 동일함."
34811000048,C01,48,123,은광재가복지센터,00,NORMAL SERVICE.,C01,http://blog.daum.net/rnlqns1022,34811000048,상가 안에 주차장이있습니다.,창원 시내버스 타고  창원병원에서 내리시고 내동상가 뒷길로 셋번째 동우상가 2층 202호 오십시요H.P 010-2363-9307  T.055-275-9307FAX. 055-281-9307
34811000051,C01,48,123,새경남노인복지센터,00,NORMAL SERVICE.,C01,cafe.daum.net/newkn-scc,34811000051,창원시 성산구 신월동 토월복합상가 지하주차장 이용,"대중교통토월공원(성산복지관) 하차 : 버스 101번, 110번, 114번, 122번 신월민원센터 하차 : 111번"
34811000056,C01,48,121,예명 재가복지센터,00,NORMAL SERVICE.,C01,없음,34811000056,의창구청 무료주차이기에 주차하시면 됩니다.곧 도계부부시장에 주차장이 설치되오니 이용부탁드립니다.,도계주유소 하차하여 도계동 경남은행 맞은편 하천도로 50m 지점입니다.
34811000067,C01,48,125,늘돌봄터,00,NORMAL SERVICE.,C01,,34811000067,현재 위치한 부근에 주차할 수 있는 공간이 많음.,일반버스 노선:                             좌석버스 노선;창원-마산;705창원내-210. 211                                                  창원-진해;750.751창원-마산:102.106.107.108.112.115.
34811000071,C01,48,123,영남방문요양센터,00,NORMAL SERVICE.,C01,,34811000071,서광파크빌 인근/ 삼성그랜드 아파트 인근 도로 단시간 주차 가능주차공간 협소하니 대중교통 이용 및 도보,"진해방면: 155번 창원방면: 212, 110번마산방면: 801번성주사역 정류장 하차 후 서광 파크빌 상가 3층"
34811000001,C02,48,121,설암재가노인복지센터,00,NORMAL SERVICE.,C02,없음,34811000001,도로명주소: 경상남동 창원시 의창구 도계로 4번길 8 일출빌딩 5층(전자랜드 옆)주차: 일출빌딩 부근 자율 주차* 빌딩 내 고정 주차 자리없음.,"도계로 4번길 8, 일출빌딩 5층택시이용 : 도계동 버스정류소 또는 도계동 전자랜드 옆 건물 하차버스이용 : 1) 도계동 버스정류소 하차->도보 1분 이내                2) 서부스포츠 앞 하차->도보 3분 이내<버스번호> 마산방향------>도계동(미래여성병원앞 정류소)   간선버스 100 102 105 122 155  지선버스 10 11 12 13 14 17 30 31 32 34 35 213 505  좌석버스 751 752창원방향------>도계동(서부스포츠센터 정류소)버스노선 양방향 동일함."
34811000048,C02,48,123,은광재가복지센터,00,NORMAL SERVICE.,C02,http://blog.daum.net/rnlqns1022,34811000048,상가 안에 주차장이있습니다.,창원 시내버스 타고  창원병원에서 내리시고 내동상가 뒷길로 셋번째 동우상가 2층 202호 오십시요H.P 010-2363-9307  T.055-275-9307FAX. 055-281-9307
34811000051,C02,48,123,새경남노인복지센터,00,NORMAL SERVICE.,C02,cafe.daum.net/newkn-scc,34811000051,창원시 성산구 신월동 토월복합상가 지하주차장 이용,"대중교통토월공원(성산복지관) 하차 : 버스 101번, 110번, 114번, 122번 신월민원센터 하차 : 111번"
34811000056,C02,48,121,예명 재가복지센터,00,NORMAL SERVICE.,C02,없음,34811000056,의창구청 무료주차이기에 주차하시면 됩니다.곧 도계부부시장에 주차장이 설치되오니 이용부탁드립니다.,도계주유소 하차하여 도계동 경남은행 맞은편 하천도로 50m 지점입니다.
34811000067,C02,48,125,늘돌봄터,00,NORMAL SERVICE.,C02,,34811000067,현재 위치한 부근에 주차할 수 있는 공간이 많음.,일반버스 노선:                             좌석버스 노선;창원-마산;705창원내-210. 211                                                  창원-진해;750.751창원-마산:102.106.107.108.112.115.
34811000071,C02,48,123,영남방문요양센터,00,NORMAL SERVICE.,C02,,34811000071,서광파크빌 인근/ 삼성그랜드 아파트 인근 도로 단시간 주차 가능주차공간 협소하니 대중교통 이용 및 도보,"진해방면: 155번 창원방면: 212, 110번마산방면: 801번성주사역 정류장 하차 후 서광 파크빌 상가 3층"
34812000150,C03,48,125,경남다올노인복지센터,00,NORMAL SERVICE.,C03,blog.naver.com/case6673,34812000150,건물 내 주차장 10대 주차 가능,"※ 평안안과 옆 NH농협은행 건물 5층※버스-일반버스: 27, 101, 103, 114, 122, 251, 273"
34812000233,C03,48,121,소답노인장기요양센터,00,NORMAL SERVICE.,C03,blog.naver.com/dalma6650,34812000233,자동차 10여대 주차가능,"저희 소답노인장기요양센터는 소답시장부근에 있습니다. 버스로 오시면  소답초등학교에서 내려 롯데리아와 뚜레쥬르 사이로 쭉 올라 오시면 세원아파트가 있습니다 세원아파트 우측 50M정도 거리에 저희 소답노인요양센터가 있습니다. 교통편 100번,102번,19번,212번,710번,213번젊음의 집 바로 뒷편이기도 합니다.주소:창원시 의창구 의안로70번길 27-2전화:055)294-8512~3  팩스:055)261-3020"
34812000260,C03,48,121,예본노인복지센터,00,NORMAL SERVICE.,C03,blog.naver.com/jah202,34812000260,지하주차장 및 건물 앞 공터주차장,"대중 교통 : 100, 102,105도계주유소 정류장하차 후 도보 5분 거리."
34812000331,C03,48,129,사랑방 주.야간복지센터,00,NORMAL SERVICE.,C03,https://band.us/band/67728300,34812000331,부길골든프라자 상가 주차가능,"＊버스노선  315,317,155,164,757:자은주공아파트에서 하차  307:자은주공아파트 후문에서 하차＊자가용   자은주공아파트 후문 → 부길골든프라자( 1층 ""GS자은프레쉬점""또는 성지탕)   →206,207,208호 '사랑방주야간복지센터'"
34812000358,C03,48,121,행복나눔재가장기요양기관,00,NORMAL SERVICE.,C03,http://행복나눔주간.kr,34812000358,기관내 주차2대 할수있고 기관 앞 도로변 에 주차할수 있어 편리합니다.,창원시 의창구 사림로 99번길 4-9번지입니다.창원시 사격장 입구에 위치하고 있으며 시내버스 100번 122번 214번  502번 58번 타시고  사격장 입구 정류장 에 내려서 도보로 약 1분 정도  오시면  햇살 잘 드는 행복나눔 주간보호 기관이 있습니다.문의는 055)275-8222 으로 전화 주시면 됩니다.
34812000375,C03,48,125,한울노인복지기관,00,NORMAL SERVICE.,C03,blog.naver.com/kny6175,34812000375,내부 주차가능  .별도의 주차장,"버스편지선/맞춤 : 70(인곡), 71(진북정곡), 72-1(진북면사무소)읍면노선 : 73, 73-1, 74, 74-1, 75, 75-1, 76, 77, 77-1네이게이션 이용 : 네이버 또는 Tmap 이용 시 ""한울노인복지기관"" 검색(경상남도 창원시 마산합포구 진북면 지산5길 48)마산,창원,진해 방면에서 진북 : 1. 마산 해안도로 → 밤밭고개로 → 남해안대로 → 삼진의거대로   2. 산복도로 → 밤밭고개로 → 남해안대로 → 삼진의거대로   3. 내서읍에서 출발 : 쌀재터널 → 밤밭고개로 → 남해안대로 → 삼진의거대로함안,의령,창녕 방면에서 진북 : 진함로 → 진북산업로진주방면에서 진북 : 남해고속도로 → 진마대로 → 삼진의거대로고성방면에서 진북 : 남해안도로 → 삼진의거대로 삼진의거대로 → 지산리 방면으로 진입 → 하북초등학교 옆 ""한울노인복지기관"""
34825000252,C04,48,250,가나안노인복지센터,00,NORMAL SERVICE.,C04,m.blog.naver.com/ganaan5242,34825000252,가나안노인주간보호센터 주차장,"경전철 : 장신대역버스편 : 화정역  1-1, 8-1, 58, 59, 60, 61, 72             삼계푸르지오2차 1-1, 5-1, 8-1, 58, 59, 60, 61,72             매정공원  1, 5-1, 8, 59-1             삼계축협 1, 8, 59-1"
34811000001,C05,48,121,설암재가노인복지센터,00,NORMAL SERVICE.,C05,없음,34811000001,도로명주소: 경상남동 창원시 의창구 도계로 4번길 8 일출빌딩 5층(전자랜드 옆)주차: 일출빌딩 부근 자율 주차* 빌딩 내 고정 주차 자리없음.,"도계로 4번길 8, 일출빌딩 5층택시이용 : 도계동 버스정류소 또는 도계동 전자랜드 옆 건물 하차버스이용 : 1) 도계동 버스정류소 하차->도보 1분 이내                2) 서부스포츠 앞 하차->도보 3분 이내<버스번호> 마산방향------>도계동(미래여성병원앞 정류소)   간선버스 100 102 105 122 155  지선버스 10 11 12 13 14 17 30 31 32 34 35 213 505  좌석버스 751 752창원방향------>도계동(서부스포츠센터 정류소)버스노선 양방향 동일함."
34812000263,C05,48,129,웅동방문간호요양센터,00,NORMAL SERVICE.,C05,blog.naver.com/lbsun1228,34812000263,"웅동1동 주민센터, 웅동1동 지구대 주차장 이용","좌석버스 : 757번일반버스 : 305번, 315번"
34812000328,C05,48,127,푸른방문간호요양센터,00,NORMAL SERVICE.,C05,http://blog.naver.com/nurse-visit,34812000328,코오롱하늘채 2차아파트내 주차,"1.자가용 이용시마산내서 방향 -> 중리삼거리 -> 동서병원 -> 코오롱2차아파트  2.버스 이용시호계농협 정류장 하차(가는 버스 53, 54, 113, 115, 240, 250, 253, 255, 256, 259번)"
34812000573,C05,48,121,누림재가복지센터,00,NORMAL SERVICE.,C05,blog.naver.com/rumia777,34812000573,창원대 인근 주택가에 주차하시면됩니다^^,"100번 - 111버스 / 113번-116번 버스/ 122번 151-152, 155,156, 160,162-4번 버스"
34816000145,C05,48,125,재가장기요양기관 새론,00,NORMAL SERVICE.,C05,blog.naver.com/kdevora,34816000145,12대 주차장완비.,"○ 자동차  - 진동→만날재→ 산복도로 →한우아파트→소망요양병원  → 재가장기요양기관 새론○ 버스105번.707번.254번, 262 번  - 대동백화점, 창원시청에서 1번, 105번, 707번 버스 이용 자산약수터에서 하차  - 다른 노선의 버스를 이용하는 경우 경남데파트에 하차, 자산약수터 방향 도보로 15분"
34811000043,C06,48,121,정우의료기,00,NORMAL SERVICE.,C06,jwmedi.modoo.at,34811000043,지하주차장으로 오시거나공용주차장을 이용하셔도 됩니다,창원시외버스 터미날창원파티마병원 창원공고 정우파티마빌딩 이화약국 건물 지하 1층입니다.
34811000084,C06,48,121,(주)한국메디칼,00,NORMAL SERVICE.,C06,없음,34811000084,2대,창원역 맞은편 오페라웨딩홀 (구.가든예식장) 인근창원웨딩의 전당근처(탐마트인근)
34811000085,C06,48,121,국제의료기,00,NORMAL SERVICE.,C06,없음,34811000085,주차시설 (구)허심청건물 앞 (10대)지하주차장 주차 가능 ( 20대 ),창원 명곡로타리 SK 주유소 앞 (구)허심청건물 1층  위치
34811000105,C06,48,121,정동통상의료기,00,NORMAL SERVICE.,C06,,34811000105,,
34812000170,C06,48,127,(주)하울,00,NORMAL SERVICE.,C06,www.haul.co.kr,34812000170,"덕강빌딩 지하 주차장, 10여대 이상 주차 가능하나 지하 주차장임으로 주차 시 주의요망합니다.","<자가용>경상남도 창원시마산회원구 석전동7길 7 202호 (석전동) 덕강빌딩으로 네비게이션을 지정하시고 오시면 됩니다. 출발 전 연락을 주시면 친절히 상담해 드리겠습니다.<버스> 마산우체국 앞 하차 또는 경남은행 본점 앞에서 하차 후 길 건너편·경남대, 창원역방면에서 101, 105, 105, 710, 701, 702, 703, 704 코오롱아파트, 창원역방면에서 113, 712, 710, 250 마산대, 진해방면에서 761, 762, 763"
14812000478,G31,48,129,효림요양원,00,NORMAL SERVICE.,G31,www.junghyewon.or.kr,14812000478,65대정도 주차할 수 있는 주차장이 있음.,▶시내버스 운행 시간표 - 웅동수협(출발) 07:03 09:03 11:03 14:03 17:03 18:43 ▶고속도로 - 마산 : 장복터널 → 진해시청 방면 → 마천공단 → 효림요양원 - 창원 : 안민터널 → 진해시청 방면 → 마천공단 → 효림요양원 - 부산 : 하단 → 용원 → 웅동수협 → 효림요양원
14812000781,G31,48,125,새론케어,00,NORMAL SERVICE.,G31,blog.naver.com/kdevora,14812000781,지하주차장(B1) - 12대 주차 가능,경남 창원시 마산합포구 무학로 416(자산동 24-5)(우편번호 51252)163 창원시 덕동공영차고지  벽산솔렌스힐아파트164 창원시덕동공영차고지  장천동.이순신리더쉽국제센터112 창원시안계초등학교  청솔아파트종점103 창원시성주사역 환승센터  월영아파트종점122 창원시성주사역 환승센터  가포고등학교703 창원시성주사역 환승센터  월영아파트종점102 창원시월영아파트종점  불모산종점106 창원시해운중학교종점  불모산종점107 창원시월영마린애시앙APT  불모산종점105 창원시월영아파트종점  대방동종점
14816000037,G31,48,127,창원삼계요양원,00,NORMAL SERVICE.,G31,blog.naver.com/sgm6268,14816000037,- 시설내 8대 주차가능- 정문밖(시설外) 주차가능,"버스: 50번, 111번, 114번, 251번- 마산시 내서읍 삼계리 삼계숲속마을입구 버스정류장하차후 도보로 숲속마을 506동-성동교회-마산시노인복지센터-창원삼계요양원(광동정밀뒤편)자가용: 마산시 내서읍 삼계리 삼계숲속마을 506동- 성동교회-마산시노인복지센터- 창원삼계요양원(광진정밀 위)"
14817000013,G31,48,170,공덕의집 노인요양원,00,NORMAL SERVICE.,G31,http://happylog.naver.com/rhdejrdmlwlq.do,14817000013,요양원 입구와 요양원 마당에 넓게 주차할 수 있습니다.,서진주 IC -> 국제 로타리 경유-> 진주 여고 사거리에서 좌회전-> 봉원 중학교-> 집현면 방향으로 1분 가량 오시면 좌측에 공덕의집 안내 팻말 있음. (약50M) 봉원 중학교에서 도보로 10분가량 소요됨.
14817000138,G31,48,170,반도노인요양원,00,NORMAL SERVICE.,G31,http://cafe.daum.net/bando1004/,14817000138,"본원 건물 앞, 뒤편 대형주차장 완비되어 있음.","자가용 이용시① 경상남도서부청사(구 진주의료원)- 대곡면 단목 삼거리- 미천면사무소 못 가서 500m 전 우측에 위치해 있음.② 진주시청-33번국도- 미천면 정수리 하차- 미천면사무소 지나 우측에 위치해 있음.시내버스 이용시 요양원 앞에서 하차 : 374번(1일 4회 운행), 375번(1일 6회 운행), 731번(1일 2회 운행)"
14812000478,G32,48,129,효림요양원,00,NORMAL SERVICE.,G32,www.junghyewon.or.kr,14812000478,65대정도 주차할 수 있는 주차장이 있음.,▶시내버스 운행 시간표 - 웅동수협(출발) 07:03 09:03 11:03 14:03 17:03 18:43 ▶고속도로 - 마산 : 장복터널 → 진해시청 방면 → 마천공단 → 효림요양원 - 창원 : 안민터널 → 진해시청 방면 → 마천공단 → 효림요양원 - 부산 : 하단 → 용원 → 웅동수협 → 효림요양원
14816000037,G32,48,127,창원삼계요양원,00,NORMAL SERVICE.,G32,blog.naver.com/sgm6268,14816000037,- 시설내 8대 주차가능- 정문밖(시설外) 주차가능,"버스: 50번, 111번, 114번, 251번- 마산시 내서읍 삼계리 삼계숲속마을입구 버스정류장하차후 도보로 숲속마을 506동-성동교회-마산시노인복지센터-창원삼계요양원(광동정밀뒤편)자가용: 마산시 내서읍 삼계리 삼계숲속마을 506동- 성동교회-마산시노인복지센터- 창원삼계요양원(광진정밀 위)"
14817000138,G32,48,170,반도노인요양원,00,NORMAL SERVICE.,G32,http://cafe.daum.net/bando1004/,14817000138,"본원 건물 앞, 뒤편 대형주차장 완비되어 있음.","자가용 이용시① 경상남도서부청사(구 진주의료원)- 대곡면 단목 삼거리- 미천면사무소 못 가서 500m 전 우측에 위치해 있음.② 진주시청-33번국도- 미천면 정수리 하차- 미천면사무소 지나 우측에 위치해 있음.시내버스 이용시 요양원 앞에서 하차 : 374번(1일 4회 운행), 375번(1일 6회 운행), 731번(1일 2회 운행)"
14824000004,G32,48,240,사천노인전문요양원,00,NORMAL SERVICE.,G32,blog.naver.com/itt70,14824000004,주차장이 마련되어있음.,진주·사천에서 오시는길 : 삼천포방면→신도로→죽림동→아남주유소 맞은편(우측)-진입로 공사중으로 마을길 우회도로 이용삼천포에서 오시는길 : 삼천포시립도서관→죽림동→신도로→아남주유소 맞은편(좌측)-진입로 공사중으로 마을길 우회도로 이용
14824000059,G32,48,240,사천행복요양원,00,NORMAL SERVICE.,G32,http://cafe.daum.net/4000happy,14824000059,산중턱에 있지만 주차시설이 되어 있어서 차량을 가지고 방문하실 수 있습니다.,진삼선도로-사천신청사-관광안내소에서 백천사방향 도보 50m(시외버스 or 시내버스 이용시 관광안내소에서 하차)
14816000037,G33,48,127,창원삼계요양원,00,NORMAL SERVICE.,G33,blog.naver.com/sgm6268,14816000037,- 시설내 8대 주차가능- 정문밖(시설外) 주차가능,"버스: 50번, 111번, 114번, 251번- 마산시 내서읍 삼계리 삼계숲속마을입구 버스정류장하차후 도보로 숲속마을 506동-성동교회-마산시노인복지센터-창원삼계요양원(광동정밀뒤편)자가용: 마산시 내서읍 삼계리 삼계숲속마을 506동- 성동교회-마산시노인복지센터- 창원삼계요양원(광진정밀 위)"
24812000761,H31,48,121,희연치매전담형주간보호,00,NORMAL SERVICE.,H31,silver4u.net,24812000761,건물옆 주차장 보유(4대 주차가능) 건물 앞 노상 주차가능,"-지선버스 : 10,11,12,13,14,17,30,31,32,34,35,213,505-간선버스 :105,102,122,155,100,155-1-좌석버스 :751-개인차량 :의창구 도계로 12번길15"
24822000113,H31,48,220,백세시대 청춘실버케어센터,00,NORMAL SERVICE.,H31,blog.naver.com/cwscc25,24822000113,1층 주차장 15대 주차가능.건물 건너 죽림해안로 일대 무료주차가능.,"※ 버스 : 모든 시내버스 (101,140,141,440,534,535,750등) 신우희가로, 이마트앞을 경유하오니 신우희가로나 통영이마트에서 하차하여 걸어서 3분 거리입니다.※ 고속도로 :  · (서울,진주,부산출발 ) 대전통영간고속도로 → 북통영IC(광도방면)진출 → 남해안대로 우회전후 1.6km 이동 →  통영이마트에서 유턴후 330m 이동  → 죽림해안로방면 우회전후 500미터 이동※ 14번 국도 :  · 고성출발 → 학섬휴게소 → 통영이마트에서 유턴후 330m 이동  → 죽림해안로방면 우회전후 500m 이동 · 거제,고현출발 → 거제대교 → 관문사거리 지나 3.8km 직진 → 통영이마트 지나  죽림 신우희가로 끼고 우회전후 500m 이동"
24824000006,H31,48,240,사천노인복지센터,00,NORMAL SERVICE.,H31,http://cafe.daum.net/4000happy,24824000006,주차시설 있음,진삼선도로-사천시청사방향- 백천사 방향 도보 200m거리에 있습니다
24824000133,H31,48,240,사천기억학교,00,NORMAL SERVICE.,H31,http://blog.naver.com/boram5002,24824000133,"장애인 주차 1대, 일반 주차 4대 가능",자차 이용남해고속도록-사천IC -> 사천대로 -> 상정대로 -> 풍정사거리 기원정사 방면 좌회전 468m   대중교통 이용사천시외버스터미널 -> 73번 버스 -> 삼성아파트·여옥정류장 하차 -> 도보 6분
24825000536,H31,48,250,㈜케어링 주간보호센터 김해점,00,NORMAL SERVICE.,H31,blog.naver.com/cc_kn02,24825000536,본 건물 지하주차장 이용가능,"6번, 김해중부경찰서 하차 후 도보 3분"
24812000761,H32,48,121,희연치매전담형주간보호,00,NORMAL SERVICE.,H32,silver4u.net,24812000761,건물옆 주차장 보유(4대 주차가능) 건물 앞 노상 주차가능,"-지선버스 : 10,11,12,13,14,17,30,31,32,34,35,213,505-간선버스 :105,102,122,155,100,155-1-좌석버스 :751-개인차량 :의창구 도계로 12번길15"
24822000113,H32,48,220,백세시대 청춘실버케어센터,00,NORMAL SERVICE.,H32,blog.naver.com/cwscc25,24822000113,1층 주차장 15대 주차가능.건물 건너 죽림해안로 일대 무료주차가능.,"※ 버스 : 모든 시내버스 (101,140,141,440,534,535,750등) 신우희가로, 이마트앞을 경유하오니 신우희가로나 통영이마트에서 하차하여 걸어서 3분 거리입니다.※ 고속도로 :  · (서울,진주,부산출발 ) 대전통영간고속도로 → 북통영IC(광도방면)진출 → 남해안대로 우회전후 1.6km 이동 →  통영이마트에서 유턴후 330m 이동  → 죽림해안로방면 우회전후 500미터 이동※ 14번 국도 :  · 고성출발 → 학섬휴게소 → 통영이마트에서 유턴후 330m 이동  → 죽림해안로방면 우회전후 500m 이동 · 거제,고현출발 → 거제대교 → 관문사거리 지나 3.8km 직진 → 통영이마트 지나  죽림 신우희가로 끼고 우회전후 500m 이동"
24833000238,H32,48,330,양산도우누리치매전문센터,00,NORMAL SERVICE.,H32,blog.naver.com/yssc19225,24833000238,있음(쉐보레 건물 좌측 노래방 앞에 주차),①도보(버스)- 신한은행 하차 후 북부시장 방면> '세상에 이런 맛이' 만두 집이 보이면 왼쪽 방향으로 쭉 직진②자가용- 경남 양산시 중앙우회로 150 (쉐보레 건물 2층)
34817000220,I31,48,170,태성데이케어센터,00,NORMAL SERVICE.,I31,http://www.태성데이케어센터.com,34817000220,태성데이케어센터내 주차시설 이용 (약 35대 주차가능함),"낮동안 어르신을 사랑으로 모시는 태성데이케어센터 오시는 길시내버스 : 140번, 141번, 142번, 143번, 144번, 145번, 241번, 379번 타시고 유곡동 못골에서                하차승용차 : 이현웰가아파트 옆 교차로에서 명석면사무소로 가는길 방향으로 약 700m에서            우회전하여 진입 (못 위에 위치함)~궁금한 사항은 네이버 블로그도 참고하시면 됩니다"
34827000171,I31,48,270,오이주간보호센터,00,NORMAL SERVICE.,I31,blog.naver.com/52see,34827000171,주차공간 10대,남명초등학교  남명삼거리에서 원서리방면으로 500미터쯤 오시면 됩니다.
14887000034,M31,48,870,연꽃노인요양원,00,NORMAL SERVICE.,M31,http://care.lotusflower.or.kr,14887000034,주차시설 완비 (넓은 주차장 조성),"◎ 고속도로 : 함양I.C에서 내림 → 함양읍내 시외버스터미널 사거리 → 좌회전(인월방향)으로 전방 약 3km 직진 → 우측 금선사, 연꽃노인요양원, 연꽃어린이집, 함양연꽃의 집 표시를 보시고 들어오시면 됩니다. (안전운행하십시오.)◎ 네비게이션으로 오실 때 : 연꽃노인요양원으로 검색하셔서 오시면 됩니다."
14888000099,M31,48,880,거창시니어카운티,00,NORMAL SERVICE.,M31,www.inaewf.or.kr,14888000099,주차가능(26대),"광주에서 오실 때:광주/대구 고속도로 > 함양분기점 대구 방향 > 광주/대구고속도로 > 거창IC(2시간) 대구에서 오실 때:광주/대구고속도로 광주방향 > 성산 > 고령 > 거창IC(1시간)부산에서 오실 때:중앙 고속도로 > 삼락 > 남해 고속도로 > 대처 > 창원 > 중부내륙 고속도로 > 현풍 > 고령 > 거창IC(2시간 10분)진주에서 오실 때:진주고속버스터미널 > 함양 산청 방면 > 단성IC, 의령 방면  > 의령, 생비량 방면 > 차황 방면  > 거창 신원면 10분"
14811000081,S41,48,121,그린힐 치매전문요양센터,00,NORMAL SERVICE.,S41,bio1000@hanmail.net,14811000081,요양원 주차장  2대 외  인근 10대  주차,동창원 ic에서 10분거리에 위치대산면 사무소에서 마금산온천방향 2km 에 위치
14817000162,S41,48,170,효원실버그룹홈,00,NORMAL SERVICE.,S41,http://https://cafe.naver.com/hygh123,14817000162,"◆ 자가용을 이용하시는 분은 명석면 광제산 입구에 있는 광제산주차장에 차 를 주차하시고..약 1,2분 거리를 걸어서 오시면 , 어르신들의 보금자리 '효원실버그룹홈'에 오실수 있습니다.언제든지 환영합니다~~^^","""노인 젊어 나 였고, 나 늙어 노인 된다"". 라는 말이 있습니다.어르신 들의 모습이 미래의 우리의 모습인 것을 생각하면서,사랑과봉사, 헌신의 캐치프레이즈로 입소어르신들께 정성을 다 하는' 효원실버그룹홈'입니다 광제산주차장앞에 오는 버스가 가좌동(경상대)출발 142번이 있습니다. 142번 타시고 광제산주차장 앞 <효원실버그룹홈>이정표에서 내리시면 전원주택풍의 효원실버그룹홈이 있습니다. ◆ 자가용을 이용하시면 초전->집현->명석 광제산로 오시는 방법과 ,이현동->명석삼거리 우회전->신기리방향으로 직진, 광제서원 을 지나서 오시는  방법이 습니다."
14817000180,S41,48,170,효원실버그룹홈2호,00,NORMAL SERVICE.,S41,https://cafe.naver.com/hygh123,14817000180,◑요양원 앞마당과 광제산공용주차장을 이용하시면 편리하십니다. (요양원은 1층 단층 건물입니다.)-요양원 앞마당 : 4대-광제산 공용주차장 :30대,"안녕하십니까?▣여기는 [치매전담형노인요양공동생활가정 효원실버그룹홈2호]입니다.저희는 치매어르신이 안정감을 느낄 수 있는 시설환경을 제공하고 치매전문교육을 이수한 인력을 배치하여 신체 및 인지기능 유지와 개선을 위해 맞춤형 서비스를 제공하는 자연친화형 장기요양기관입니다. [치매전담형노인요양공동생활가정]은 치매전문교육을 이수한 시설장, 프로그램관리자, 간호사, 요양보호사로부터 보다 전문적인 서비스를 받게 됩니다. ▣일반적인 노인요양공동생활가정에 비해 요양보호사가 1인 더 의무적으로 배치가 되어 4인이 의무인력이나 현재는 요양보호사 1인을 추가로 배치하여 요양보호사 5인체제로 운영이되고 있습니다. 가정과 같은 분위기의 환경이 조성되며 인지기능 중심의 맞춤형 프로그램을 제공하여 질높은 서비스를 하여 어르신의 존엄성을 최대한 생각합니다.사랑합니다~ 감사합니다~ 덕분입니다~ 라는 긍정의 에너지와 역지사지의 마음으로 어르신을 위해서 항상 최선을 다하는 효원실버그룹홈2호가 되겠습니다~▣교통은 광제산 주차장에 오는 버스가 가좌동(경상대)에서 출발하는 142번이 있습니다. 142번 타시고 광제산주차장 앞 <효원실버그룹홈2호>이정표에서 내리시면 전원주택풍의 효원실버그룹홈2호가 있습니다. 네비게이션에 [효원실버그룹홈2호]를 입력하시거나 /주소 경남 진주시 명석면 광제산로 779-7번지/전화번호 055-742-8898/팩스 055-742-8828을 입력하세요~▣자가용을 이용하시면 진주시에 들어오셔서 초전->집현->명석 계원리로 오시는 방법과 이현동->명석삼거리 우회전->직진 하는 방법이 있사오니 더불어서 맑은 공기와 청량감을 주는 광제산 등산도 하시고 건강도 챙기시기바랍니다.감사합니다."
14817000233,S41,48,170,효원실버그룹홈3호,00,NORMAL SERVICE.,S41,https://cafe.naver.com/hygh123,14817000233,*광제산공용주차장을 이용하시면 편리하십니다.사계절의 뚜렷함이 느껴지는 광제산자락아래에 광제산 주차장을 이용하시고 오시는 길에 들러주시면 차 한잔 드리겠습니다~찾아주셔서 감사합니다.,반갑습니다.맑고 공기좋은 광제산 자락에 16년1월4일 문을 연 어르신의 보금자리 효원실버그룹홈3호입니다~사계절 등산하기에 좋으며 광제산주차장앞에 오는 버스가 가좌동(경상대)출발 142번이 있습니다. 142번 타시고 광제산주차장 앞 <효원실버그룹홈>이정표에서 내리시면 전원주택풍의 효원실버3호점이 있습니다.자가용을 이용하시면 초전->집현->명석 계원리로 오시는 방법과 이현동->명석삼거리우회전->직진 하는 방법이 있사오니 광제산 등산도 하시고 건강도 챙기시기 바랍니다.감사합니다.
14833000226,S41,48,330,풀꽃사랑채,00,NORMAL SERVICE.,S41,blog.naver.com/with1100,14833000226,앞마당 주차장 7대 주차가능,"자가용 부산 노포동에서 15분          양산일대 20분내외          울산 무거동 30분이내대중교통  기관앞:도시형 3번 매곡 마을버스 종점울산: 414,1127,시외버스(덕계)부산:노포동에서 덕계행양산:덕계에서 마을버스 도시형3번"
15011000001,A03,50,110,한경원광소규모요양시설,00,NORMAL SERVICE.,A03,www.jjwonkwang.or.kr,15011000001,10대 이상 주차가능,제주시에서 오실때  시외버스 : 제주시 시외버스터미널에서 약 1시간  소요(12번 도로이용) 202번 직행  승 용 차     - 일주도로이용 : 신제주 → 하귀 → 애월 → 한림(협재) → 신창 → 고산(약 1시간 소요)     - 평화로이용 : 신제주 → 경마장 → 새별오름 → 금악 → 저지 → 조수 → 고산                           (약 40분 소요)서귀포에서 오실때  시외버스 : 월드컵경기장 부근 시외버스터미널에서 약 40분 소요  승 용 차     - 일주도로이용 : 1136도로이용 서쪽으로 이동 → 회전형 무릉로터리에서                              고산방향으로 약10분거리(약 1시간 소요)
15011000005,A03,50,110,제주요양원,00,NORMAL SERVICE.,A03,http://www.제주요양원.kr,15011000005,-. 시설내 주차시설 이용(진입로 외부주차장)-. 시설입구 별도 주차장,"-. 공영버스 이용시 교통편시내버스 320번, 444, 445, 446, 447, -. 자가용(택시) 이용 교통편-. 신제주 방면에서 15분 거리"
15011000006,A03,50,110,주사랑요양원,00,NORMAL SERVICE.,A03,http://www.jeju-julove.net/,15011000006,요양원 앞마당 40여대 주차가능.,①시외버스(서회선) : 시외버스터미널→외도→하귀→애월읍사무소 하차(도보20분)②자가용 :-제주시 방면 : 일주도로→애월읍사무소→한림방향1.0Km 직진 후 좌회전 신호 받아 좌회전→                      한라산방향(상가길)700m전진후 주사랑어린이집 앞에서 우회전 → 주사랑요양원- 한림 방면 : 일주도로(1132번 도로) → 애월읍사무소 → 애월농협 하나로 마트 사거리에서                    200m 직진 → 상가방면 우회전하여 500m 직진 → 주사랑어린이집에서 우회전 → 주사랑요양원
15011000010,A03,50,110,성이시돌요양원,00,NORMAL SERVICE.,A03,http://www.isidorehome.co.kr/,15011000010,요양원 주차장 - 20대 주차 가능,"1. 평화로 이용(제주시 출발)버스 :ㄱ. 제주 시외버스 터미널에서 20분 간격으로 서귀포 방향(평화로 경유)      직행버스 이용 -> 동광 6거리 검문소 하차  동광 6거리 검문소에서 이시돌 목장까지 약 6km  서귀포 -> 한림) 버스 이용ㄴ. 제주 시외버스 터미널, 신제주 한라 의료원 앞에서 매 20분 출발하는 (제주 -> 모슬포)     직행버스 이용 -> 동과 6거리 검문소에서 하차택시, 자가용 : 제주시내, 공항에서 서부산업도로 이용, 이시돌 요양원까지 약 40분택시요금 18,000원 ~ 20,000원 정도 경로 제주시 시외버스 터미널, 한라 의료원 -> 평화로 -> 경마장 -> 케슬렉스 골프장 우회전 -> 이시돌 요양원2. 서회선 (일주도로) 버스 :ㄱ. 제주공항 내 터미널에서 일주도록 경유 시외버스 이용 -> 한림 하차 ->     약 10정도 걸어 완행버스정류장에서  바꿔 탐. (금악 버스 정류장) ㄴ. 제주 시외 버스 터미널에서 매 25분 간격으로 (제주시 - 한림 - 모슬포)      직행버스 운행  -> 한림에서 하차 -> 약 10정도 걸어 완행버스정류장에서  바꿔 탐.     (금악 버스 정류장)  한림출발 - > 이시돌 버스 시간표06:30 -> 06:4509:20 -> 09:3510:30 -> 10:4511:40 -> 12:5513:57 -> 14:1216:17 -> 16:3218:00 -> 18:1519:00 -> 19:15"
15011000011,A03,50,110,소망요양원,00,NORMAL SERVICE.,A03,www.somangcare.net,15011000011,- 장애인 주차 2대- 일반주차 20여대- 요양원 뒤 공터 10여대- 도로변 주차 등 주차 공간 넉넉 함.,"- 제주시에서 승용차이용 동쪽 일주도로변 30분 내외소요- 터미널에서 시외버스이용 40분 내외 소요    1) 김녕마을 입구에서 하차 후 도보로 10분 소요   2) 김녕초등학교 입구 하차 후 택시이용 기본요금 소요- 일주도로 김녕입구에서 선유방향( 우회전, 세인트폴 골프장 방향) 차량 이용 5분 이내 위치"
15011000012,A03,50,110,세화요양원,00,NORMAL SERVICE.,A03,www.세화요양원.한국,15011000012,1. 시설자체 20여대2. 인접한 읍사무소 및 중학교와 인근공터 이용시 50여대 주차가능3. 대형버스 진입 및 주차 가능함,1. 승용차로 제주시에서 동쪽 일주도로 40분 거리 위치2. 버스로 1시간 거리이며 시설부근 동부물류센타 버스정류소 이용 도보로 5분 거리3. 일주도로변 구좌읍 사무소와 세화중학교 사이에 위치함4. 제주시 시외버스 터미널에서 동일주행 101번 / 201번
15011000013,A03,50,110,보은의집,00,NORMAL SERVICE.,A03,http://cafe.naver.com/jejuihw,15011000013,부설주차장 이용(오라2동 202-2)주차시설 : 총 16대(장애인전용포함)지상 : 16대,1) 자가용 이용시   ① 공항에서 한북로(정실) 방면으로 진입 → 교도소 입구에서 오라골프장방향으로 진입(1km)   ② 제주시 보건소에서 한라산 방면으로 직진 → 교도소 입구에서 오라골프장방향으로 진입(1km) 2) 버스 이용시   ① 5번 공영버스 : 교도소 입구에서 하차 → 오라골프장 방향으로 1km 진입(도보로 약 20분 소요)
15011000015,A03,50,110,제주태고원,00,NORMAL SERVICE.,A03,http://www.tegowon.kr,15011000015,- 장애인 주차2대- 일반주차 30대- 요양원 주변 주차공간 많음.,□ 오시는 길 안내〈제1코스〉  제주여고 사거리(신호등)⇒아라중학교 정문앞⇒전 대화운수차고지 ⇒제주태고원 입간판   표시따라  직진〈제2코스〉 한마음병원정문앞에서 한라산방향 직진해서 신호등사거리지나 ⇒1.5km 직진후 2번째 점멸등 좌측에 제주태고원 입간판 표시따라  직진〈제3코스〉 아라초등학교 앞 4거리(신호등)⇒신성여고정문앞까지 직진⇒ 신성여중고 정문앞에서 500m 직진후 좌회전하고 직진⇒ 1.5km지점 오른쪽 제주태고원 입간판표시따라 직진〈제4코스〉 일도지구 대림아파트 앞 산업정보대부설유치원⇒황사평쪽으로 상행⇒ 삼우목공소에서⇒우회전 상행⇒애덕의 집을 통과⇒제주태고원 입간판표시따라 직진
15011000163,A04,50,110,서부요양원,00,NORMAL SERVICE.,A04,https://band.us/n/a4abYbaaA0v1B,15011000163,시설내에 20여대의 주차공간 있음,▣대중교통 이용시제주→서귀(일주도로방면 버스 승차)제주시외버스터미널→오일장→하귀→애월→한림(서귀포방면)정류소 하차(50분소요)금악행 버스정류소 이동(도보로 5분 정도 소요)버스 탑승→제주서부소방서→뭇거리 에서 하차하시면 바로 맞은편에 위치하고 있습니다.▣자가용 이용시(40여분정도 소요)제주시에서 일주도로 이용하여 오시면 됩니다.제주시오일장 경유→하귀→애월→귀덕→대림썬하우스사거리에서 직진신호 받으시고→한림공고사거리에서 우회전 신호 받으시고 직진하시면 약2분거리에 위치
15011000165,A04,50,110,서부노인요양원,00,NORMAL SERVICE.,A04,http://cafe.naver.com/sjo3029,15011000165,10대,대중교통이용시제주-서귀(일주도로 방면 버스승차)제주시외버스터미널 - 오일장 - 하귀 - 애월 - 한림(서귀포방면)정류소하차(50분소요)금악행 버스 정류소 이동(도보로 5분 정도소요)금악행버스정류소이동버스탑승 - 제주서부소방서 - 뭇거리에서 하차 하시면 바로맞은편에 위치하고 있습니다자가용이용시(40여분정도 소요)제주시에서 일주도로 이용하여 오시면 됩니다제주시오일장 - 하귀 - 애월- 귀덕 -대림썬하우스 사거리에서 직진신호 받으시고 한림공고 사거리에서 우회전 신호받으시고 직진 하시면 약 2분 거리에 위치해 있습니다
15011000200,A04,50,110,아름마을 요양원,00,NORMAL SERVICE.,A04,http://cafe.daum.net/AreumVillage,15011000200,주차 가능 대수 :  2대 (대문앞 혹은 큰차는 옆 공터에 주차가능),"제주시외버스터미널      제주버스터미널정류장 승차 : 436-1번 버스 => 6개 정류장 이동(12분)  => 연미입구정류장 하차 =>도보로 이동 |4분 | 250m  아름마을요양원까지 도보로 이동.  제주버스터미널정류장 승차: 430-2,436-1,436-2 번 버스 =>1개 정류장 이동(3분)  => 오라1동주민센터정류장 하차 => 도보로 이동 |20분 | 1.4km  아름마을요양원까지 도보로 이동"
15011000202,A04,50,110,둥지노인요양공동생활가정,00,NORMAL SERVICE.,A04,https://www.band.us/band/98416316,15011000202,"지하 주차장 5대 이상, 인근 공영주차장 주차 가능","제주시 대중교통 (100,200,300번,) 이용 ,동문 로터리 동문 시장 입구 에서 하차.시네하우스 맞은편 서울 종묘사 다음 건물,2 층"
15011000256,A04,50,110,동문요양원,00,NORMAL SERVICE.,A04,,15011000256,지하 4대,"제주시내버스동문로터리(북쪽, 분수대)312번,315번,316번,325번,326번,331번,332번,344번,351번,352번,380번,412번,421번,422번466번,3002번,동문로터리(남쪽, 동문시장)312번,315번,316번,325번,326번,331번,332번,344번,351번,352번,380번,412번,421번,422번,466번"
15011000264,A04,50,110,낭그늘요양원,00,NORMAL SERVICE.,A04,http://cafe.daum.net/nang2016,15011000264,■ 옥내주차장  : 지하주차장 6면■ 인근지주차장 : 산지로 노상주차장,■ 버스 (버스번호/방면)  1. 제주시 동문로터리 남쪽버스정류장(동문공설시장 입구)     ○ 2번(월평) / 3번(월평(내)) /9번(월평마을) / 9번(제주대) / 9번(제주여중고) / 10번(함덕) / 28번 (봉개) / 30번(삼화지구) / 38번(함덕) / 43번(은혜마을) / 43번(절물) / 43-1번(동회천) / 51번(중앙여고) / 70번(한라수목원) / 70번(도립미술관) / 90번(국제부두) / 100번(삼양1동) / 100번(삼양3동) / 1001번(삼양동)    2. 제주시 동문로터리 북쪽(산지천마당 앞)    ○ 2번(월평) / 2번(제주여고) /3번 (월평(외)) / 9번(한라도서관) / 9번(한라도서관) / 10번(제주대) / 10번(영주고) / 28번(월평) / 28번(제주대) / 30번(한라수목원) / 38번(하귀(수산)) / 38번(하귀초교) / 38번(하귀2리) / 43번(국제대) / 43번(제주여고) / 43번(별빛누리공원) / 43번(제주대학교) / 90번(한라수목원) / 100번(제주고) /200번(백록초) / 200번(수산리) / 200번(관광대) / 200번(국제공항입구) / 200번 (도평) / 200번(정존마을) / 1001번(제주중앙고) / 1001번(아라주공아파트) / 1008번(우당도서관)♣  버스정류장 하차 후 <제주여자상업고등학교> 방향으로 이동 <서울종묘사> 골목으로 10m
15011000320,A04,50,110,신촌실버복지센터,00,NORMAL SERVICE.,A04,https://blog.naver.com/shinchon9988,15011000320,"주차 6대 가능하며, 건물 주변에 주차공간을 활용하면 10대 이상 주차 여유있게 가능","신촌초등학교 방면 시내, 시외 버스 많은 편.  시내방면 또는 함덕방면에서 버스 380, 326, 312, 311번을 타고 신촌초등학교앞에서 내려서 맞은편 신촌리사무소를 지나 30m 도보."
15011000422,A04,50,110,어르신요양가정 효누리,00,NORMAL SERVICE.,A04,네이버 블로그 : blog.naver.com (제주-효누리),15011000422,주차장 있음(주차가능대수 8대),- 대중교통 : 한림버스환승정류장에서 버스 785번 한경면사무소 방면 승차 후 저지리(농협사거리)에서 하차 (20분 소요)
25011000003,B01,50,110,동제주노인복지센터,00,NORMAL SERVICE.,B01,dongjeju.org.,25011000003,30대,제주 서귀포간 시외버스(일주도로)이용 평대동동 버스정류장에서 하차
25011000004,B01,50,110,은빛마을노인복지센터,00,NORMAL SERVICE.,B01,없음,25011000004,20대,교통편 자가용 이용 시  제주시에서 조천우회도로 동쪽으로 20분 거리 --> 장례식장 지나서 100M 오거리에서대명리조트방향으로  100M  2분거리버스 이용 시  10번 버스를 이용 -->  함덕 서우봉해변버스정류장에서 하차 -->대명리조트   앞에서 남쪽으로 150M 지점 조천읍 공공도서관 바로 옆임. (도보5분) 교통편 자가용 이용 시  제주시에서 동쪽으로 20분 거리 --> 함덕 초등학교 가기 전 삼거리에서 좌회전 후  2분거리버스 이용 시  서우봉해변버스정류장에서하차 -->소노벨리리조트   앞에서 남쪽으로 150M 지점 조천읍공공도서관 바로 뒷편임. (도보5분)
25011000008,B01,50,110,제주원광재가노인복지센터,00,NORMAL SERVICE.,B01,http://www.jwkkps.or.kr/,25011000008,그린마트 앞 공영주차장,"102, 202, 300, 370 버스 하귀농협정류소 하차"
25011000026,B01,50,110,제주노인복지센터,00,NORMAL SERVICE.,B01,http://www.jejunoin.com,25011000026,- 시설 내 주차시설 이용(진입로 외부주차장/진입도로 두줄 주차),"- 자가(택시) 이용 편   (노형방면에서 진입 -노형～외도부영 간 도평로로 주행 중 도평초등학교 사거리에서 진입)   (무수천에서 진입 - 무수천 주유소에서 들어와서 오성레미콘에서 사라마을 방면으로 진입)- 대중교통 이용 편(제주특별자치도 홈페이지 참고, http://www.jeju.go.kr) 순서: 도청 홈페이지 메인화면-도로교통- 버스시간 요금표-(우측)시내버스-제주시내버스-   노선번호 참고(삼영교통 37번, 공영버스 7번), (하단)운행시간표 37번(평일,휴일), 7번(도평-  사수동)    7번 노선: 도평-사수 노선(50분에 평균 1회 운영 )                   제대-시청-중앙로-대학동-어영-도두-이호-외도부영-도평             37번 노선: 20분에 평균 1회 운영(수산,번대동) 하귀-계명리-외도부영-이호2동-오일장-서중-한국물류-한라병원- 문화칼라-수협도지회-공항입구-용문-용담-관덕정-중앙로-광양-시청-여고-제주대(월평)(영주고)"
25011000082,B01,50,110,주사랑소규모요양원,00,NORMAL SERVICE.,B01,http://cafe.daum.net/jejujusarang,25011000082,장애인용-2대일반인용-23대,약도를 사진게시했습니다.대중교통이용 : 시외버스터미널 - 애월방면 - 애월읍사무소앞 하차 - 상가방면 도보로 10분자가용이용시 : 일주도로 - 애월읍사무소 - 애월공업사에서 유턴 - 우측에서상가방면
25011000087,B01,50,110,성안노인복지센터,00,NORMAL SERVICE.,B01,없음,25011000087,제주성안교회 내 주차 시설은 매우 잘 조성되어 있다.,제주 여고 사거리에서 제주대학 방면으로 가다가 우측 두 번째 다리에서 우회전하면 제주성안교회가 보임. 성안노인복지센터는  제주성안교회 2층에 위치함.시내버스: 제주 여고 사거리를 지나서 남국원(어린이집)에서 하차한 후 남쪽으로 10여미터 가다가 좌측다리를 지나면 제주성안교회가 보임. 성안노인복지센터는 제주성안교회 2층에 위치함.
25011000124,B01,50,110,전원요양원,00,NORMAL SERVICE.,B01,http://전원요양원.com,25011000124,법정대수 5대주변 잔디밭 공간 20여대,공항에서 택시 20분 거리대중교통 버스남국원 정류소하차 간선 212 222 232 270 281 341 349 360 365  지선 411 441 446 442 426 471동쪽 알뜰주유소와 유일화원 골목길 100미터지점
25011000298,B01,50,110,한림주간보호센터,00,NORMAL SERVICE.,B01,https://hanlimdaycare.modoo.at/,25011000298,*14대 규모 원내 주차장,"대중교통 이용시 : 291, 291-1번 종점(동명리)에서 하차 하셔서 한라산 방향으로 걸어 오시면 SK대일주유소 뒷편 길을 이용하시면 됩니다.(도보 약 10분) 자가용 이용시 : 카카오 네비게이션, 네이버 지도앱에서 한림주간보호센터를 검색하시면 편리하십니다."
25011000002,B02,50,110,한경원광소규모요양시설,00,NORMAL SERVICE.,B02,www.jjwonkwang.or.kr,25011000002,15대 이상 주차 가능,제주시에서 오실때  시외버스 : 제주시 시외버스터미널에서 202번 시외버스로 약 1시간  소요(12번 도로이용)   승 용 차     - 일주도로이용 : 신제주 → 하귀 → 애월 → 한림(협재) → 신창 → 고산(약 1시간 소요)     - 평화로이용 : 신제주 → 경마장 → 새별오름 → 금악 → 저지 → 조수 → 고산                          (약 40분 소요)서귀포에서 오실때    시외버스 : 월드컵경기장 부근 시외버스터미널에서 약 1시간 소요    승 용 차 - 일주도로이용 : 1136도로이용 서쪽으로 이동 → 회전형 무릉로터리에서                                           고산방향으로 약10분거리(약 1시간 소요)
25011000003,B02,50,110,동제주노인복지센터,00,NORMAL SERVICE.,B02,dongjeju.org.,25011000003,30대,제주 서귀포간 시외버스(일주도로)이용 평대동동 버스정류장에서 하차
25011000004,B02,50,110,은빛마을노인복지센터,00,NORMAL SERVICE.,B02,없음,25011000004,20대,교통편 자가용 이용 시  제주시에서 조천우회도로 동쪽으로 20분 거리 --> 장례식장 지나서 100M 오거리에서대명리조트방향으로  100M  2분거리버스 이용 시  10번 버스를 이용 -->  함덕 서우봉해변버스정류장에서 하차 -->대명리조트   앞에서 남쪽으로 150M 지점 조천읍 공공도서관 바로 옆임. (도보5분) 교통편 자가용 이용 시  제주시에서 동쪽으로 20분 거리 --> 함덕 초등학교 가기 전 삼거리에서 좌회전 후  2분거리버스 이용 시  서우봉해변버스정류장에서하차 -->소노벨리리조트   앞에서 남쪽으로 150M 지점 조천읍공공도서관 바로 뒷편임. (도보5분)
25011000008,B02,50,110,제주원광재가노인복지센터,00,NORMAL SERVICE.,B02,http://www.jwkkps.or.kr/,25011000008,그린마트 앞 공영주차장,"102, 202, 300, 370 버스 하귀농협정류소 하차"
25011000026,B02,50,110,제주노인복지센터,00,NORMAL SERVICE.,B02,http://www.jejunoin.com,25011000026,- 시설 내 주차시설 이용(진입로 외부주차장/진입도로 두줄 주차),"- 자가(택시) 이용 편   (노형방면에서 진입 -노형～외도부영 간 도평로로 주행 중 도평초등학교 사거리에서 진입)   (무수천에서 진입 - 무수천 주유소에서 들어와서 오성레미콘에서 사라마을 방면으로 진입)- 대중교통 이용 편(제주특별자치도 홈페이지 참고, http://www.jeju.go.kr) 순서: 도청 홈페이지 메인화면-도로교통- 버스시간 요금표-(우측)시내버스-제주시내버스-   노선번호 참고(삼영교통 37번, 공영버스 7번), (하단)운행시간표 37번(평일,휴일), 7번(도평-  사수동)    7번 노선: 도평-사수 노선(50분에 평균 1회 운영 )                   제대-시청-중앙로-대학동-어영-도두-이호-외도부영-도평             37번 노선: 20분에 평균 1회 운영(수산,번대동) 하귀-계명리-외도부영-이호2동-오일장-서중-한국물류-한라병원- 문화칼라-수협도지회-공항입구-용문-용담-관덕정-중앙로-광양-시청-여고-제주대(월평)(영주고)"
25011000082,B02,50,110,주사랑소규모요양원,00,NORMAL SERVICE.,B02,http://cafe.daum.net/jejujusarang,25011000082,장애인용-2대일반인용-23대,약도를 사진게시했습니다.대중교통이용 : 시외버스터미널 - 애월방면 - 애월읍사무소앞 하차 - 상가방면 도보로 10분자가용이용시 : 일주도로 - 애월읍사무소 - 애월공업사에서 유턴 - 우측에서상가방면
25011000087,B02,50,110,성안노인복지센터,00,NORMAL SERVICE.,B02,없음,25011000087,제주성안교회 내 주차 시설은 매우 잘 조성되어 있다.,제주 여고 사거리에서 제주대학 방면으로 가다가 우측 두 번째 다리에서 우회전하면 제주성안교회가 보임. 성안노인복지센터는  제주성안교회 2층에 위치함.시내버스: 제주 여고 사거리를 지나서 남국원(어린이집)에서 하차한 후 남쪽으로 10여미터 가다가 좌측다리를 지나면 제주성안교회가 보임. 성안노인복지센터는 제주성안교회 2층에 위치함.
25011000124,B02,50,110,전원요양원,00,NORMAL SERVICE.,B02,http://전원요양원.com,25011000124,법정대수 5대주변 잔디밭 공간 20여대,공항에서 택시 20분 거리대중교통 버스남국원 정류소하차 간선 212 222 232 270 281 341 349 360 365  지선 411 441 446 442 426 471동쪽 알뜰주유소와 유일화원 골목길 100미터지점
25011000002,B03,50,110,한경원광소규모요양시설,00,NORMAL SERVICE.,B03,www.jjwonkwang.or.kr,25011000002,15대 이상 주차 가능,제주시에서 오실때  시외버스 : 제주시 시외버스터미널에서 202번 시외버스로 약 1시간  소요(12번 도로이용)   승 용 차     - 일주도로이용 : 신제주 → 하귀 → 애월 → 한림(협재) → 신창 → 고산(약 1시간 소요)     - 평화로이용 : 신제주 → 경마장 → 새별오름 → 금악 → 저지 → 조수 → 고산                          (약 40분 소요)서귀포에서 오실때    시외버스 : 월드컵경기장 부근 시외버스터미널에서 약 1시간 소요    승 용 차 - 일주도로이용 : 1136도로이용 서쪽으로 이동 → 회전형 무릉로터리에서                                           고산방향으로 약10분거리(약 1시간 소요)
25011000004,B03,50,110,은빛마을노인복지센터,00,NORMAL SERVICE.,B03,없음,25011000004,20대,교통편 자가용 이용 시  제주시에서 조천우회도로 동쪽으로 20분 거리 --> 장례식장 지나서 100M 오거리에서대명리조트방향으로  100M  2분거리버스 이용 시  10번 버스를 이용 -->  함덕 서우봉해변버스정류장에서 하차 -->대명리조트   앞에서 남쪽으로 150M 지점 조천읍 공공도서관 바로 옆임. (도보5분) 교통편 자가용 이용 시  제주시에서 동쪽으로 20분 거리 --> 함덕 초등학교 가기 전 삼거리에서 좌회전 후  2분거리버스 이용 시  서우봉해변버스정류장에서하차 -->소노벨리리조트   앞에서 남쪽으로 150M 지점 조천읍공공도서관 바로 뒷편임. (도보5분)
25011000008,B03,50,110,제주원광재가노인복지센터,00,NORMAL SERVICE.,B03,http://www.jwkkps.or.kr/,25011000008,그린마트 앞 공영주차장,"102, 202, 300, 370 버스 하귀농협정류소 하차"
25011000036,B03,50,110,삼양소규모노인종합센터,00,NORMAL SERVICE.,B03,cafe.daum.net/syc1004,25011000036,주차시설 6대가 있습니다.주위에 주차시설이 많이 있습니다.,삼양파출소에서 바닷가쪽 삼양해수사우나 에서 우회전 동쪽방향 50m 쯤에서 45도 각도좌회전해서 동쪽방향으로 직진하면 우측에 삼양소규모노인센터 3층건물이 있습니다.시내버스 100번 종점역에서 바닷가 방향으로 오시면 너영나영 팬션에서 동쪽으로 삼양소규모노인종합센터 건물이 있습니다.
25011000080,B03,50,110,제광원소규모요양시설,00,NORMAL SERVICE.,B03,http://cafe.daum.net/jkwon0853,25011000080,차량 32대 주차가능,"□ 시내버스 5번 (1시간 간격운행)  ☞ 터미널 ↔ kctv ↔ 정실(교도소4거리)하차 ↔ 여고 ↔ 시청 ↔ 터미널□ 자가용 이용시 : 제주시내에서 10분 소요 □ 도보 15분 : 정실(교도소4거리) → 오라CC방향 1,2km"
25011000082,B03,50,110,주사랑소규모요양원,00,NORMAL SERVICE.,B03,http://cafe.daum.net/jejujusarang,25011000082,장애인용-2대일반인용-23대,약도를 사진게시했습니다.대중교통이용 : 시외버스터미널 - 애월방면 - 애월읍사무소앞 하차 - 상가방면 도보로 10분자가용이용시 : 일주도로 - 애월읍사무소 - 애월공업사에서 유턴 - 우측에서상가방면
25011000091,B03,50,110,노인복지센터 연화원,00,NORMAL SERVICE.,B03,http://cafe.daum.net/koyeon2657,25011000091,5대,연삼로에서오라정수장방면 한라산방향 50m 지나서 좌회전 50m 지점.오라초교 후문길에서 신제주방향으로 녹원어린이집 골목길로 50m점
25011000124,B03,50,110,전원요양원,00,NORMAL SERVICE.,B03,http://전원요양원.com,25011000124,법정대수 5대주변 잔디밭 공간 20여대,공항에서 택시 20분 거리대중교통 버스남국원 정류소하차 간선 212 222 232 270 281 341 349 360 365  지선 411 441 446 442 426 471동쪽 알뜰주유소와 유일화원 골목길 100미터지점
25013000127,B04,50,130,서귀포공립요양원 주간보호센터,00,NORMAL SERVICE.,B04,www.서귀포공립요양원.com,25013000127,-시설 정면/옆면 주차장 설치,"- 대중교통 서귀포시 간선 231 원불교 하차 도보 5분 - 대중교통 서귀포시 지선 742-1, 742-2 도보 5분"
25011000314,B05,50,110,한울재가복지센터,00,NORMAL SERVICE.,B05,www.longtermcare.or.kr,25011000314,주차시설 세준아파트 주차장 및 주변,"제주시 연삼로34, 202호(세준아파트)-제주도청 신제주로터리에서 하차(버스번호: 202-(1,2),300,301,311,312,315,316,325,332,335,336,355,356,360,365,415,440,444,446,453,455,461,466,901,151,181,3001(3,5,8)-> 마리나호텔사거리 방향으로 220m 직진->횡단보도에서 서쪽(제주시 오일장 방향)으로 80m 직진->좌측 건물 2층 202호-신광사거리 하차(버스번호: 202,202-(2,4),291,331,462,3008,331,462) 동쪽(마리나호텔사거리 방향)으로 250m 직진-> 좌측 건물 2층 202호"
25011000342,B05,50,110,올레재가복지센터,00,NORMAL SERVICE.,B05,제주방문요양.com  제주방문간호.com,25011000342,4대,제주특별자치도 제주시 용담로 120 지하1층
25011000356,B05,50,110,제주두성통합재가센터,00,NORMAL SERVICE.,B05,https://blog.naver.com/dooseong_66,25011000356,"본 건물 주차3대, 삼도1동 행정복지센터 주차장 이용가능, 마을안 주차 가능","1. 한국병원정류소(43-1,202,315,331,335,355,등 다수)에서 하차하여 바닷가 방향으로 삼도1동 행정복지센터 옆건물 도보로 500m 이동.2. 제주 중앙여자중학교(동) 버스 정류장(3003,435,440,442,462 등) 하차하여 전농로길로 도보이동(290m)하여 삼도1동 행정복지센터 옆 건물 도착."
25011000396,B05,50,110,이웃집재가복지센터,00,NORMAL SERVICE.,B05,blog.naver.com/neighbor_42,25011000396,센터 주변 혼모심사우나 옆에 있는 무료 공용주차장 이용.,버스이용편- 버스노선 201번 이용하여 조천읍 사무소 하차 후 바닷가(북) 쪽으로 50m에 위치함.
25011000398,B05,50,110,나무재가복지센터,00,NORMAL SERVICE.,B05,http://blog.naver.com/namuwelfare,25011000398,도로변 주차가능,찾아오시는 주소 : 제주특별자치도 제주시 한림로 389 가동 나무재가복지센터시내버스 이용시 : 202번 (협재리 [서] 하차 후 도보 21분)
25011000402,B05,50,110,돌담재가노인복지센터,00,NORMAL SERVICE.,B05,..,25011000402,"사무실 앞 주차 가능,  바닷가 방면 이면 도로 이용(주차선 있음)",이호동주민센터 정류장에서 하차 후 바닷가 방면으로 530m(도보7분) - 큰 도로변 오믈락카페 옆 골목 50m - 우측 3층 건물 1층 상가(돌담재가노인복지센터)  // 이호테우 하얀말등대 근처
25011000405,B05,50,110,수호통합재가복지센터,00,NORMAL SERVICE.,B05,https://blog.naver.com/suhocare_nursing,25011000405,주차시설 있음,제주한림하나로마트 맞은편한림매일시장입구 하차 202번한림농협 중앙지점 하차 293번
25011000334,B06,50,110,한라복지용구센터,00,NORMAL SERVICE.,B06,없음,25011000334,주차장 있음,차량이용 시 : 제주시 원당로 20-1버스이용 시 : 삼양동주민센터[삼양2동(북)방면) : 도보로 삼양온누리약국까지 직진(약 130M)-삼양지구대 방면으로 길 건넌 후 삼양수 헤어까지 직진(약75M)-벤츠 중고차 제주전시장 방면으로 횡단보도 건넌 후 왼쪽방향 (약200M) 삼양초등학교 : 삼양장원까지 직진(약90M)-삼양온누리약국 방면으로 2개 횡단보도 건넌 후 삼양수 헤어까지 직진(약100M)-벤츠중고차 제주전시장 방면으로 횡단보도 건넌 후 왼쪽방향(약200M)
25011000346,B06,50,110,설문대 복지용구,00,NORMAL SERVICE.,B06,제주복지용구.kr,25011000346,골목주차,"전농로 6-1, 1층"
25011000348,B06,50,110,나눔복지용구센터,00,NORMAL SERVICE.,B06,https://blog.naver.com/jejunanumi,25011000348,-건물뒷편 7대 주차자리 있습니다.,"＊ 대중교통 이용시동광초등학교정류장 버스노선(331, 43-1, 415,346,43-2)이용 하차후 동쪽 방면으로 100m  오시면 됩니다.＊자가용연삼로 535 1층 네비게이션 이용하여 찾아오시면 됩니다."
25011000353,B06,50,110,하나노인복지센터,00,NORMAL SERVICE.,B06,https://blog.naver.com/silver_hana,25011000353,건물 주차장 2대 가능,"버스정류장 문예회관, 동광양 에서 하차 후 도보 10분 이내"
25011000360,B06,50,110,중앙로복지용구센터,00,NORMAL SERVICE.,B06,https://jungang2023.modoo.at/,25011000360,중앙로 복지용구센터 뒷편 주차장이나 한라산 방면 대광장로교회 앞 공영주차장 이용가능,"버스 이용 시신제주 방면 : 461번, 312번 버스 탑승 후 중앙로 동문시장 (또는 현대약국) 앞 하차 후 한라산 방면으로 300m 도보이동시청 방면 : 365번, 380번 버스 탑승 후 중앙로 동문시장 (또는 현대약국) 앞 하차 후 한라산 방면으로 300m 도보이동삼화지구 방면 : 412번, 351번 버스 탑승 후 중앙로 동문시장 (또는 현대약국) 앞 하차 후 한라산 방면으로 300m 도보이동"
25011000372,B06,50,110,그린메디복지용구,00,NORMAL SERVICE.,B06,,25011000372,앞 마당 넓은 주차장,한라병원- 282번. 월산정수장입구 하차 후 도보 800m- 446번. 광평 하차 후 도보 400m서귀포 터미널- 282번. 월산정수장 입구 하차 후 도보 800m
25011000383,B06,50,110,제주케어메디칼,00,NORMAL SERVICE.,B06,jejucaremedical.modoo.at/,25011000383,주차시설 2대,제주일도초등학교 정문
25011000391,B06,50,110,제주 진심돌봄 통합재가복지센터,00,NORMAL SERVICE.,B06,제주시 인다4길21,25011000391,주차대수 4대,- 대중교통 365번과 360번을 이용하셔서 아라초등학교 지나 아라주공 정류장에서 내려 아라주공 아파트를 지나 걸어서 200미터 오시면 됩니다.
35011000017,C01,50,110,세모바퀴재가장기요양기관,00,NORMAL SERVICE.,C01,http://cafe.daum.net/semo2008,35011000017,건물 뒷편으로 13대 이상 주차 가능한 공간이 있습니다.,"함덕행 시내버스를 탑승 후 조천 파출소 앞 내리시면 바로 앞에 보이는 2층 건물입니다. 현재 조천 보건지소 바로 옆 건물이며, 1층은 경로당이며,2층이사무실 입니다."
35011000019,C01,50,110,엔젤방문요양지원센터,00,NORMAL SERVICE.,C01,없음,35011000019,사업장내에 주차장 시설이 되어 있습니다.한결같이 늘 밝은 표정과 따뜻한 미소로 정성을 다하겠습니다.,중앙로 기준으로 시내버스를 이용할 경우 성산포 방향으로 20분이면 도착이 가능합니다.위치는 제주시에서 함덕 SK LPG충전소 가기전 건물입니다.
35011000031,C01,50,110,제주방문간호센터,00,NORMAL SERVICE.,C01,http://cafe.daum.net/jeju.medicare,35011000031,이도동 주민센터 공용주차장 10대 이상,"제주시 연삼로 417 341번, 고산동산 하차 5분거리331변 이도2동행정복지센터 하차 3분거리한라요양보호사교육원 3층"
35011000051,C01,50,110,힘찬노인복지센터,00,NORMAL SERVICE.,C01,없음,35011000051,도로변 편도 주차가능 및 주위 공영주차장이용(주차편리),화북 청소년 문화의 집 맞은편 도로변에 위치
35011000062,C01,50,110,참사랑재가장기요양기관,00,NORMAL SERVICE.,C01,.,35011000062,6대 주차교육,제주시-인제사거리->한마음병원방향->제주신용협동조합 바로 앞
35011000067,C01,50,110,진영노인복지센터,00,NORMAL SERVICE.,C01,http://blog.naver.com/jy7840955,35011000067,주차공간이 협소 합니다. 대중교통을 이용 해 주세요.,함덕비석거리 정류소(함덕우체국 앞) 하차 201(제주버스터미널↔서귀포버스터미널) 311/312/325/326(한라수목원↔신사동) 341/342/380(제주대학교↔신사동) 348/349(월평마을↔신사동)순환버스 701-1/702-1/704-2/704-3/704-4(조천체육관↔조천체육관)
35011000073,C01,50,110,행복한재가요양기관,00,NORMAL SERVICE.,C01,http://blog.naver.com/jephb36,35011000073,시민회관 정문 및  시민회관 옆 주차장 이용,"버스  312번, 412번 이용 후 시민회관 정차"
35011000098,C01,50,110,효심노인복지센터,00,NORMAL SERVICE.,C01,blog.naver.com/jejuhyosim,35011000098,시설 옆 공용주차장에 주차가능합니다.,"버스 이용 시 제주여상 정류장에서 5분, 이화아파트 정류장에서 2분 정도 걸어오시면 됩니다. 사라봉 어린이놀이터에서 동쪽에 위치해 있습니다."
35011000017,C02,50,110,세모바퀴재가장기요양기관,00,NORMAL SERVICE.,C02,http://cafe.daum.net/semo2008,35011000017,건물 뒷편으로 13대 이상 주차 가능한 공간이 있습니다.,"함덕행 시내버스를 탑승 후 조천 파출소 앞 내리시면 바로 앞에 보이는 2층 건물입니다. 현재 조천 보건지소 바로 옆 건물이며, 1층은 경로당이며,2층이사무실 입니다."
35011000019,C02,50,110,엔젤방문요양지원센터,00,NORMAL SERVICE.,C02,없음,35011000019,사업장내에 주차장 시설이 되어 있습니다.한결같이 늘 밝은 표정과 따뜻한 미소로 정성을 다하겠습니다.,중앙로 기준으로 시내버스를 이용할 경우 성산포 방향으로 20분이면 도착이 가능합니다.위치는 제주시에서 함덕 SK LPG충전소 가기전 건물입니다.
35011000031,C02,50,110,제주방문간호센터,00,NORMAL SERVICE.,C02,http://cafe.daum.net/jeju.medicare,35011000031,이도동 주민센터 공용주차장 10대 이상,"제주시 연삼로 417 341번, 고산동산 하차 5분거리331변 이도2동행정복지센터 하차 3분거리한라요양보호사교육원 3층"
35011000051,C02,50,110,힘찬노인복지센터,00,NORMAL SERVICE.,C02,없음,35011000051,도로변 편도 주차가능 및 주위 공영주차장이용(주차편리),화북 청소년 문화의 집 맞은편 도로변에 위치
35011000098,C02,50,110,효심노인복지센터,00,NORMAL SERVICE.,C02,blog.naver.com/jejuhyosim,35011000098,시설 옆 공용주차장에 주차가능합니다.,"버스 이용 시 제주여상 정류장에서 5분, 이화아파트 정류장에서 2분 정도 걸어오시면 됩니다. 사라봉 어린이놀이터에서 동쪽에 위치해 있습니다."
35011000099,C02,50,110,참된장기요양기관,00,NORMAL SERVICE.,C02,무.,35011000099,- 건물 1층(15대) 및 지하주차장(15대) 이용.- 건물 옆 공영주차장 이용.- 건물 뒷편 이면도로 이용.,- 일도2동 주민센터 버스정류장 하차후 한라산방면 100m- 인제사거리 에서 바닷가방면 400m(도보5분) 남문열쇠 2층
35011000136,C02,50,110,탐라노인복지센터,00,NORMAL SERVICE.,C02,band.us/@tamracenter,35011000136,장애인 : 1대일   반 : 5대센터주변 센터 주차장: 15대주차가능,"1. 시외버스편(일주도로) 이용: 하귀 마을금고 앞 하차, 귀일중학교 방면 남쪽으로 올라가다 청마루 식당 서쪽으로 들어오시면 됩니다.2. 355번 :하귀2리 답동 입구 하차. (반석아파트 버스정류장)"
35011000140,C02,50,110,한마음복지센터,00,NORMAL SERVICE.,C02,없음,35011000140,아라주공아파트 단지내 위치해 있어 주차시설은 매우 잘되어 있음,"제주대학방향과 제주시청방향 교통편 모두가능.아라초등학교와 제주대학병원 중간사이에 아라주공아파트 단지내-버스편 -212번, 222번, 232번, 270번, 281번341번, 342번, 345번, 346번, 351번, 352번, 355번, 356번, 360번, 365번, 370번, 380번441번, 442번, 446번, 447번. 455번, 477번, 3003번"
35011000096,C03,50,110,저청노인복지센터,00,NORMAL SERVICE.,C03,,35011000096,,"읍면순환, 중산간 노선 버스버스노선 참조(http://www.jeju.go.kr/jejunew/contents/link_data/bus_fee/time/2009/bus_090520.xls)"
35011000098,C03,50,110,효심노인복지센터,00,NORMAL SERVICE.,C03,blog.naver.com/jejuhyosim,35011000098,시설 옆 공용주차장에 주차가능합니다.,"버스 이용 시 제주여상 정류장에서 5분, 이화아파트 정류장에서 2분 정도 걸어오시면 됩니다. 사라봉 어린이놀이터에서 동쪽에 위치해 있습니다."
35011000114,C03,50,110,탐모라노인복지센터,00,NORMAL SERVICE.,C03,없음,35011000114,3대,제주시 용마서 4길 11-1(용담3동)  사대부고에서 서쪽으로 200 미터 온 후  바닷가 방향  왼쪽 코너 용담이레빌 뒷편
35011000136,C03,50,110,탐라노인복지센터,00,NORMAL SERVICE.,C03,band.us/@tamracenter,35011000136,장애인 : 1대일   반 : 5대센터주변 센터 주차장: 15대주차가능,"1. 시외버스편(일주도로) 이용: 하귀 마을금고 앞 하차, 귀일중학교 방면 남쪽으로 올라가다 청마루 식당 서쪽으로 들어오시면 됩니다.2. 355번 :하귀2리 답동 입구 하차. (반석아파트 버스정류장)"
35011000188,C03,50,110,다솜노인종합복지센터,00,NORMAL SERVICE.,C03,https://dasomsilvercare.modoo.at/,35011000188,시설내에 주차시설보유,1. 대중교통 이용시  일주도로이용 202번타고 한림읍 귀덕리 귀덕 편의점 정류장에서 내려 한라산 방면으로 약 1Km지점.   2. 한림읍 중산간도로 : 귀덕1리 신서동에서 내려 바다방향으로 150m 지점.
35011000218,C03,50,110,다올주야간보호센터,00,NORMAL SERVICE.,C03,http://다올주야간보호센터.kr,35011000218,건물 앞 뒷편.,"- 시내버스 : 2번, 3번, 9번(신성여중고에서 하차)- 개인차량 및 택시이용 시   : 신성여중고(영평동) 버스정류장 맞은편"
35011000230,C03,50,110,다원노인복지센터,00,NORMAL SERVICE.,C03,없음,35011000230,본 건물 1층 주차장 12대,"버스노선삼양-아라일동 341,342, 347, 348, 380번 용담-아라일동 441번  신제주-아라일동 311번, 312번, 332번, 355번, 356번, 360번"
35011000234,C03,50,110,오라노인주간보호센터,00,NORMAL SERVICE.,C03,blog.naver.com/orasilver,35011000234,센터내 주차장에서 5대 주차 가능합니다.,"마리나사거리에서 보건소 방면으로 오시다보면 사평마을 정류장이 보입니다.이곳에서 내리면 공구이마트 정면이 보이고 공구이마트 정문에서 연미마을 방면으로 80M지점에 센터가 있습니다.(시내 버스 사평마을 정류소에서 하차: 311, 312, 355, 356, 415번)"
35011000031,C05,50,110,제주방문간호센터,00,NORMAL SERVICE.,C05,http://cafe.daum.net/jeju.medicare,35011000031,이도동 주민센터 공용주차장 10대 이상,"제주시 연삼로 417 341번, 고산동산 하차 5분거리331변 이도2동행정복지센터 하차 3분거리한라요양보호사교육원 3층"
35011000099,C05,50,110,참된장기요양기관,00,NORMAL SERVICE.,C05,무.,35011000099,- 건물 1층(15대) 및 지하주차장(15대) 이용.- 건물 옆 공영주차장 이용.- 건물 뒷편 이면도로 이용.,- 일도2동 주민센터 버스정류장 하차후 한라산방면 100m- 인제사거리 에서 바닷가방면 400m(도보5분) 남문열쇠 2층
35011000235,C05,50,110,반딧불복지센터,00,NORMAL SERVICE.,C05,무,35011000235,건물 아파트내 주차하실수 있습니다.건물 앞편에 주차하실수 있습니다.,"도남 e편한세상 (도남 -구신중)2차 아파트 205동 맞은편 골목에서 도보 1분거리서광로 22길 35-4  (도남동, 1층 상가건물)"
35011000296,C05,50,110,간호사가 여는  빛사랑통합돌봄재활센터,00,NORMAL SERVICE.,C05,"제주특별자치도 제주시 연문4길 19(1층,연동)",35011000296,5대 주차가능,"세기아파트1차 옆 골목에서 한라산방면 직진세기아파트1차 버스정류장에서 내림 길건너 한라산방면 도보5분버스 ,택시"
35011000051,C06,50,110,힘찬노인복지센터,00,NORMAL SERVICE.,C06,없음,35011000051,도로변 편도 주차가능 및 주위 공영주차장이용(주차편리),화북 청소년 문화의 집 맞은편 도로변에 위치
35011000077,C06,50,110,한라의료기,00,NORMAL SERVICE.,C06,http://cafe.daum.net/jejumedicalcare,35011000077,맞은편 골목 주차 가능,(버스) 26삼영교통관광대-무수천-월산-한라대-일고-노형R-남녕고-한라의료원-그레이스호텔-제원A-주택은행-도호동-KBS-신제주R-동성마을-터미널-한국병원-인제사가로-오현고-삼양-봉개
35011000089,C06,50,110,행복나눔(복지용구),00,NORMAL SERVICE.,C06,없음,35011000089,건물바로옆 2대의 주차시설,경찰서후문에서 한라산방향으로 150m
35011000101,C06,50,110,노인복지용구사업소,00,NORMAL SERVICE.,C06,www.bofeel.co.kr,35011000101,주차시설 완비.,오현고 정류장 맞은편 3층 건물의  1층       -     제주시 일주동로 96저희 복지용구사업소를 이용하실때에는 장기요양인정서. 복지용구급여확인서가필요합니다.
35011000149,C06,50,110,효드림노인복지센터,00,NORMAL SERVICE.,C06,bandid63@.hanmail.net,35011000149,건물 뒤편에 주차장이 있습니다.,농협지역본부/제주평생교육장학진흥원 정류장에서 도보 3분 거리에 있습니다.
35011000161,C06,50,110,빛사랑복지센터,00,NORMAL SERVICE.,C06,,35011000161,,
35011000162,C06,50,110,제주의료복지용구기관,00,NORMAL SERVICE.,C06,http://cafe.daum.net/100agejeju,35011000162,매장앞에 4대의 주차공간이 있습니다.,.전   화 : 727-0103 주   소 : 제주특별자치도 제주시 우평로223 교통편 : 360. 300.240 주차안내 : 사무실 앞 4대의 주차공간 있음
15011000131,G31,50,110,제주특별자치도립노인요양원,00,NORMAL SERVICE.,G31,http://www.jejusenior.or.kr,15011000131,"반지하 11대 / 본관(장애인 3대, 일반 2대) / 지상 150대총 166대","제주버스터미널 및 제주시청 정류장에서 탑승(516도로행) → 제주의료원 정류장 하차버스(간선) 212, 232, 281 / 버스(급행) 181 /"
15011000245,G31,50,110,정효원,00,NORMAL SERVICE.,G31,www.정효원.kr,15011000245,주차시설 완비,시내 버스 320번 삼화부영2차 아파트 버스정류장 하차  ㅡ> 한라산 방면으로 도보로 이동(화북자원) ㅡ> 정효원시내 버스 423번 삼화부영2차 아파트 버스정류장 하차  ㅡ> 한라산 방면으로 도보로 이동(화북자원) ㅡ> 정효원
15011000131,G32,50,110,제주특별자치도립노인요양원,00,NORMAL SERVICE.,G32,http://www.jejusenior.or.kr,15011000131,"반지하 11대 / 본관(장애인 3대, 일반 2대) / 지상 150대총 166대","제주버스터미널 및 제주시청 정류장에서 탑승(516도로행) → 제주의료원 정류장 하차버스(간선) 212, 232, 281 / 버스(급행) 181 /"
15011000245,G32,50,110,정효원,00,NORMAL SERVICE.,G32,www.정효원.kr,15011000245,주차시설 완비,시내 버스 320번 삼화부영2차 아파트 버스정류장 하차  ㅡ> 한라산 방면으로 도보로 이동(화북자원) ㅡ> 정효원시내 버스 423번 삼화부영2차 아파트 버스정류장 하차  ㅡ> 한라산 방면으로 도보로 이동(화북자원) ㅡ> 정효원
25011000328,H31,50,110,제주특별자치도립노인요양원 부설 주야간보호센터,00,NORMAL SERVICE.,H31,http://www.jejudaycare.or.kr/,25011000328,원내 주차장 이용 수용대수 : 182대운영시간 : 24시간주차요금 : 무료,"버스 이용시노선번호 : 212번 (제주 ↔ 성산항)제주 - 시청 - 제주대학병원 - 제주의료원 - 교래리 - 대천동 - 송당리 - 수산리 - 고성 - 성산 - 성산항노선번호 : 232번 (제주 ↔ 서귀포,교래 경유)제주 - 제주대입구 - 제주의료원 - 교래4거리 - 수망 - 남원 - 서귀 - 서귀포터미널노선번호 : 281번 (제주 ↔ 서귀포)제주 - 시청 - 제주의료원 - 교래입구 - 성판악 - 입석동 - 서귀포터미널 자차 이용시제주 → 제주의료원- 차량운전시 제주시청에서 한라산 방향으로 15분정도 소요됩니다.서귀포시 → 제주의료원- 차량운전시 5ㆍ16 초입에서 30분정도 소요됩니다.교래 → 제주의료원- 차량운전시 5ㆍ16 교차점에서 5~10분정도 소요됩니다."
25013000127,H31,50,130,서귀포공립요양원 주간보호센터,00,NORMAL SERVICE.,H31,www.서귀포공립요양원.com,25013000127,-시설 정면/옆면 주차장 설치,"- 대중교통 서귀포시 간선 231 원불교 하차 도보 5분 - 대중교통 서귀포시 지선 742-1, 742-2 도보 5분"
25011000328,H32,50,110,제주특별자치도립노인요양원 부설 주야간보호센터,00,NORMAL SERVICE.,H32,http://www.jejudaycare.or.kr/,25011000328,원내 주차장 이용 수용대수 : 182대운영시간 : 24시간주차요금 : 무료,"버스 이용시노선번호 : 212번 (제주 ↔ 성산항)제주 - 시청 - 제주대학병원 - 제주의료원 - 교래리 - 대천동 - 송당리 - 수산리 - 고성 - 성산 - 성산항노선번호 : 232번 (제주 ↔ 서귀포,교래 경유)제주 - 제주대입구 - 제주의료원 - 교래4거리 - 수망 - 남원 - 서귀 - 서귀포터미널노선번호 : 281번 (제주 ↔ 서귀포)제주 - 시청 - 제주의료원 - 교래입구 - 성판악 - 입석동 - 서귀포터미널 자차 이용시제주 → 제주의료원- 차량운전시 제주시청에서 한라산 방향으로 15분정도 소요됩니다.서귀포시 → 제주의료원- 차량운전시 5ㆍ16 초입에서 30분정도 소요됩니다.교래 → 제주의료원- 차량운전시 5ㆍ16 교차점에서 5~10분정도 소요됩니다."
15013000123,M31,50,130,서귀포공립요양원,00,NORMAL SERVICE.,M31,www.seogwipocare.com,15013000123,"장애인, 임산부 주차시설 및 요양원 앞 일반주차가능","- 대중교통 서귀포시 간선 231 원불교 하차 도보 5분- 대중교통 서귀포시 지선 742-1, 742-2 도보 5분"
15013000123,M32,50,130,서귀포공립요양원,00,NORMAL SERVICE.,M32,www.seogwipocare.com,15013000123,"장애인, 임산부 주차시설 및 요양원 앞 일반주차가능","- 대중교통 서귀포시 간선 231 원불교 하차 도보 5분- 대중교통 서귀포시 지선 742-1, 742-2 도보 5분"
14211000010,A03,51,110,양지노인마을,00,NORMAL SERVICE.,A03,양지노인마을.kr,14211000010,완비,"버스이용[시내지선(버스)이용 시] - 11,12,13번(신북읍행복센터 하차)[시내간선(버스)이용 시] - 400번(신북읍행복센터 하차)[마을버스]-신북1번(신북읍행복센터 승차, 양지노인마을 하차)자가용[서울-춘천고속도로] 춘천IC- 소양댐양구(구성포방향)-소양댐IC-춘천면허시험장-은고개길-양지노인마을[춘천서울고속전철] 강남병원-이하 46번 국도와 동일[46번 국도] 이마트(시외버스터미널)-소양2교(화천방향)-춘천인형극장-신동삼거리-지내저수지- 양지노인마을"
14211000011,A03,51,110,연화마을,00,NORMAL SERVICE.,A03,http://cafe.daum.net/yeunhwa25,14211000011,차량 30대정도 주차시설 완비☆ 연화마을 다음카페 약도참조,<자가용>춘천 이마트에서 강촌방향으로 10분정도 소요 (경춘국도 이용)의암터널 지나 바로 오른쪽으로 빠져서 유턴하면 연화마을 입간판이 보이며 이정표 따라 3분정도 소요 됨● 시내버스이마트 춘천점 옆에 위치한 새마을금고 앞 버스정류장에서 5번(추곡리. 가정리)버스 승차후 의암리입구 정류장에서 하차  → 이정표 따라 2km 도보  (약 30분 소요)  → 연화마을 도착● 택시시외버스터미널에서 택시 승차 후 <신동면 팔미리에 위치한 연화마을>혹은 네비게이션에 주소 입력시 약 15~20분 소요(요금 1만원 내외)네비게이션 주소입력 : 도로명주소 : 춘천시 신동면 설미길 111번지                                  지 명 주 소 :  춘천시 신동면 팔미리 612-2대표전화 : 033-261-9300
14211000014,A03,51,110,춘천원광효도의집,00,NORMAL SERVICE.,A03,www.wonkwanghyo.com,14211000014,- 시설에 승용차 20대 정도의 주차 할 공간이 있습니다.,"-서울 등지에서 고속도로 이용 서울춘천간 고속도로 --> 강촌IC (강촌,엘린시안강촌)방면 오른쪽 고속도로 출구(950m) --> 강촌톨게이트 (192m) --> 강촌IC교차로에서(팔봉산,광판리,비발디파크)방면으로 우회전 (817m) -->버들길 방면 좌회전 (3.2km) --> 좌회전 (225m) -->우회전 (624m) --> 왼쪽방향 (320m) --> 춘천원광효도의집-춘천 이마트에서 자가용 이용   이마트춘천점 --> 경춘로 4.8km -->팔미교차로(서울,가평)방향우회전 7.0km -->> 강촌교차로(강촌IC,남산면) 방향 좌회전 5.4km --> 거곡교차로(광판리,추곡리)좌회전 696m    --> 유덕레미콘지나 좌회전 624m --> 왼쪽방향 320m  원광효도의집 도착-춘천 남춘천역에서 대중교통 이용  남춘천역 출발 --> 강촌역 도착 (11분소요) --> 강촌역승차 남면3버스 탑승 --> 수동2리 하차(17분소요) --> 도보 1.4km --> 춘천원광효도의집 도착(21분소요)    남춘천역 출발 --> 강촌역 도착 (11분소요) --> 강촌역 택시탑승 (10분소요) --> 춘천원광효도의집 도착"
14211000019,A03,51,110,춘천시립요양원,00,NORMAL SERVICE.,A03,http://www.ccsilver.kr,14211000019,"장애인 차량 2대, 일반차량 10대","춘천 성광교회, 춘천치매안심센터 옆1. 버스편1) 3번 버스 현진에버빌1차아파트 하차 후 도보 10분2) 4번 버스 대룡중학교 하차 후 도보 5분2. 택시편1) 남춘천역, 시외버스터미널 10~15분3. 자가용 이용시1) 중앙고속도로 춘천IC에서 5분"
14211000038,A03,51,110,엘림원,00,NORMAL SERVICE.,A03,국민건강보험공단 노인장기요양보험 홈페이지 시설 엘림원 검색,14211000038,건물 필로티 주차장 2대가능하며 건물 앞 도로변에 잠시 주차하셔도 됩니다. 맞은편 시골막국수 주차장을 이용가능장시간 주차 시 신북사거리와 신북읍사무소 중간 샘밭장터 공용주차장을 이용하시면 됩니다.,"대중교통 :시내버스11, 12, 13, 400,  마을버스 신북1, 신북2, 신북2-1, 북산1,북산2.번을 이용하여 신북읍사무소 앞 하차하여 신북사거리쪽으로 5분정도 걸어오시면 시골막국수 맞은편에 위치.택시.자가용 : 신북사거리에서 신북읍사무소 방향으로  시골막국수 맞은편에 위치.(춘천역에서 15분 소요)."
14211000124,A03,51,110,소망의집,00,NORMAL SERVICE.,A03,www.소망의집.com,14211000124,주차시설완비,"버스정류장 : 육림고개 정류장으로 오시는 버스를 이용-1번, 3번, 4번,  6번, 7번,  7-1번,  7-3번, 8번, 8-1번 15번, 200-1번, 901번,  902번,  903번,  904번,  905번,  906번, 동면1, 동면2, 동면3,"
14211000120,A04,51,110,춘천평화노인마을,00,NORMAL SERVICE.,A04,https://www.band.us/band/98492171,14211000120,춘천평화노인마을 전용주차창 10대 이상 이용가능,-시내버스 신동면1리 승차후 혈동2리 마을 종점에서 하차 혈동2리 마을종점에서 도보로 10분거리
14211000130,A04,51,110,예다온,00,NORMAL SERVICE.,A04,http://www.longtermcare.or.kr/npbs/r/a/201/selectLtcoSrchDetail.web?ltcAdminSym=,14211000130,주차공간 확보,"[ 대중교통 이용시]※ 전철 이용시 남춘천역 경춘선 → 시외버스터미널 정류장까지 도보로 약 5분 → 시외버스터미널 정류장에서 승차 - [지선버스 5,7번_16번 신설(2023.12.16.)], [마을버스 서면1, 남면1, 남면2, 남면2-1, 남면3, 남산1-1, 남산3, 남산5, 신동면1]이용 → 칠전대우아파트 정류장에서 하차, 도보로 약 5분/칠전동사거리 정류장에서 하차 도보로 약2분/시설 뒤편 도로 16번 버스 종점 도착 도보1분※ 시외버스터미널 이용시춘천시외버스터미널 → 시외버스터미널 정류장까지 도보로 약 3분 → 시외버스터미널 정류장에서 승차 - [지선버스 5,7번_16번 신설(2023.12.16.)], [마을버스 서면1, 남면1, 남면2, 남면2-1, 남면3, 남산1-1, 남산3, 남산5, 신동면1]이용 → 칠전대우아파트 정류장에서 하차, 도보로 약 5분/칠전동사거리 정류장에서 하차 도보로 약2분/시설 뒤편 도로 16번 버스 종점 도착 도보1분[ 자동차 이용 시]※ 춘천에서춘천로(0.2km) → 경춘로(2.4Km) → 칠전서길(0.5km)※ 남춘천역, 춘천시외버스터미널에서 칠전동(강촌방면)으로 대우아파트 밑 신남초등학교 앞.  차량 5분내 거리. [서울에서 이용시]올림픽 대로(8.7km) → 서울춘천고속도로(55.1km) → 김유정로(3.1km)올림픽 대로(8.7km) → 서울춘천고속도로(46.4km) → 경춘로(9.2km)"
14211000155,A04,51,110,봄내공동생활가정,00,NORMAL SERVICE.,A04,cafe.naver.com/bomnaelife,14211000155,장애인 주차 2대일반차량 6대이상 주차 가능합니다.,자차이용시 : 춘천 - 춘천댐- 원평리-말고개터널에서 화천방향으로 500m우측에 위치함.마을버스이용시 : 춘천역에서 사북1마을버스 탑승 후 신포리에서 하차. 화천방향 도보 300m 우측에 위치.직행버스이용시 : 춘천터미널에서 화천행 시외버스 탑승 후 전차부대에서 하차. 화천방향 도보 500m 우측에 위치.
14211000160,A04,51,110,아름다운요양원,00,NORMAL SERVICE.,A04,홈페이지 없음,14211000160,요양원내 주차장 이용,택시/승용차               시청에서  15분~20분 소요버스(동면  노선)        요양원 건너편 버스정류장 하차
14211000169,A04,51,110,노아요양원,00,NORMAL SERVICE.,A04,없음,14211000169,주차장 보유,"마을버스 봄봄 [ 동면1(상걸리), 동면1(감정리) ] 탑승  ⇒ 정류장 [ 장학1리 ]에서 하차  ⇒ 정류장에서 [ 민성기가옥 ] 또는 [ 카페월든 ] 방면 쪽 오르막 골목길로 도보 이동  ⇒ 오르막 끝 오른쪽 나무대문집 1층 노아요양원"
14211000279,A04,51,110,다나은공동생활,00,NORMAL SERVICE.,A04,없음,14211000279,본 건물 자체 주차시설 보유,춘천시 만천로 kcc아파트 입구에서 동해곰치 방향으로 직진 후 동해곰치 건물 뒷편 3층
24211000017,B01,51,110,춘천효자종합사회복지관부설춘천효자노인복지센터,00,NORMAL SERVICE.,B01,http://www.hyojaswc.or.kr/,24211000017,주차공간 확보됨,"효자2동 주공8단지 영구임대아파트 내  위치버스이용 : 1번, 10번, 10-1번, 10-S, 동내2~5, 동산1~2을 이용하하시고 석사 아파트에서 하차신후 세경할인마트앞 춘천주유소 사이 언덕길로 올라오시면 8단지 영구임대 아파트가 있습니다.(네비게이션 검색 ""춘천효자종합사회복지관"")"
24211000216,B01,51,110,운교노인복지센터,00,NORMAL SERVICE.,B01,없음,24211000216,센터 건물 앞 마당(12대 수용 가능),"팔호광장근처, 동부시장 뒤쪽, 운교동성당 부지 내 위치함. 택시 : 춘천시외버스터미널, 남춘천역, 춘천역에서 10분 소요 버스 : 춘천농협 동부지점 앞, 또는 KEB하나은행 춘천지점 앞에서 하차,             도보로 2~3분 소요"
24211000228,B01,51,110,"""춘천희망""복지센터",00,NORMAL SERVICE.,B01,www.gwhope.co.kr,24211000228,건물 지하주차장건물앞 건물전용주차장건물 주변 이면도로,"대중교통이용시 : 육림고개(정류장번호 1560, 1561) 버스정류장,봉의초교(정류장번호 2203)버스정류장  또는 동부시장(정류장번호 1864, 1865) 버스정류장에서 하차 후 운교동 사거리 방향으로 5분간 도보(옛 운교동파출소 맞은편 현진주유소 뒷 건물)"
24211000253,B01,51,110,A+춘천시니어복지센터,00,NORMAL SERVICE.,B01,http://blog.naver.com/cswc2018,24211000253,6대 주차가능,"자가용/택시 이용시 : 춘천 시내일원 -> 인형극장 -> 신동삼거리 -> 신동교회방면 -> 본센터 대중교통 이용시 : 9번, 905번, 906번 탑승후 신동삼거리 하차후 도보 10분주소 : 강원특별자치도 춘천시 동포1길 6-13"
24211000357,B01,51,110,Ⅱ희망노인주야간보호센터,00,NORMAL SERVICE.,B01,http://www.gwhope.co.kr,24211000357,충목빌딩 주차장29면,"도로명주소 : 강원도 춘천시 사우로 38, 4층신사우동 벨몽드 옆, 이디야커피 입점 건물 4층에 있습니다. 건물 후면에 주차장이 있고 휠체어 이용자 편의시설과 엘리베이터 있습니다.1층은 약국, 2층은 의원, 3층은 치과가 입점되어 있습니다버스노선 13번버스  / 정류장:농수산물도매시장(2274), 농수산물도매시장(2275)버스노선 9번, 12, 사북1·2·3, 서면(신매대교경유), 신북1   / 소양중학교(2086), 소양중학교(2087)"
24211000369,B01,51,110,춘천노인복지센터,00,NORMAL SERVICE.,B01,강원도 춘천시 퇴계로 166 덕산빌딩 304호,24211000369,덕산빌딩 뒤 주차장/퇴계주공2차 주차장,시내버스 2 / 2-S 퇴계주공2차 하차 후 봄내초등학교 방향 50m 덕산빌딩 3층
24211000017,B02,51,110,춘천효자종합사회복지관부설춘천효자노인복지센터,00,NORMAL SERVICE.,B02,http://www.hyojaswc.or.kr/,24211000017,주차공간 확보됨,"효자2동 주공8단지 영구임대아파트 내  위치버스이용 : 1번, 10번, 10-1번, 10-S, 동내2~5, 동산1~2을 이용하하시고 석사 아파트에서 하차신후 세경할인마트앞 춘천주유소 사이 언덕길로 올라오시면 8단지 영구임대 아파트가 있습니다.(네비게이션 검색 ""춘천효자종합사회복지관"")"
24211000216,B02,51,110,운교노인복지센터,00,NORMAL SERVICE.,B02,없음,24211000216,센터 건물 앞 마당(12대 수용 가능),"팔호광장근처, 동부시장 뒤쪽, 운교동성당 부지 내 위치함. 택시 : 춘천시외버스터미널, 남춘천역, 춘천역에서 10분 소요 버스 : 춘천농협 동부지점 앞, 또는 KEB하나은행 춘천지점 앞에서 하차,             도보로 2~3분 소요"
24211000228,B02,51,110,"""춘천희망""복지센터",00,NORMAL SERVICE.,B02,www.gwhope.co.kr,24211000228,건물 지하주차장건물앞 건물전용주차장건물 주변 이면도로,"대중교통이용시 : 육림고개(정류장번호 1560, 1561) 버스정류장,봉의초교(정류장번호 2203)버스정류장  또는 동부시장(정류장번호 1864, 1865) 버스정류장에서 하차 후 운교동 사거리 방향으로 5분간 도보(옛 운교동파출소 맞은편 현진주유소 뒷 건물)"
24211000357,B02,51,110,Ⅱ희망노인주야간보호센터,00,NORMAL SERVICE.,B02,http://www.gwhope.co.kr,24211000357,충목빌딩 주차장29면,"도로명주소 : 강원도 춘천시 사우로 38, 4층신사우동 벨몽드 옆, 이디야커피 입점 건물 4층에 있습니다. 건물 후면에 주차장이 있고 휠체어 이용자 편의시설과 엘리베이터 있습니다.1층은 약국, 2층은 의원, 3층은 치과가 입점되어 있습니다버스노선 13번버스  / 정류장:농수산물도매시장(2274), 농수산물도매시장(2275)버스노선 9번, 12, 사북1·2·3, 서면(신매대교경유), 신북1   / 소양중학교(2086), 소양중학교(2087)"
24211000369,B02,51,110,춘천노인복지센터,00,NORMAL SERVICE.,B02,강원도 춘천시 퇴계로 166 덕산빌딩 304호,24211000369,덕산빌딩 뒤 주차장/퇴계주공2차 주차장,시내버스 2 / 2-S 퇴계주공2차 하차 후 봄내초등학교 방향 50m 덕산빌딩 3층
24211000373,B02,51,110,다사랑실버케어,00,NORMAL SERVICE.,B02,blog.naver.com/tirex486,24211000373,10대 주차 가능,버스번호:동면1번 /버스정류장:스위첸아파트 /버스정류장번로:1824
24211000216,B03,51,110,운교노인복지센터,00,NORMAL SERVICE.,B03,없음,24211000216,센터 건물 앞 마당(12대 수용 가능),"팔호광장근처, 동부시장 뒤쪽, 운교동성당 부지 내 위치함. 택시 : 춘천시외버스터미널, 남춘천역, 춘천역에서 10분 소요 버스 : 춘천농협 동부지점 앞, 또는 KEB하나은행 춘천지점 앞에서 하차,             도보로 2~3분 소요"
24211000228,B03,51,110,"""춘천희망""복지센터",00,NORMAL SERVICE.,B03,www.gwhope.co.kr,24211000228,건물 지하주차장건물앞 건물전용주차장건물 주변 이면도로,"대중교통이용시 : 육림고개(정류장번호 1560, 1561) 버스정류장,봉의초교(정류장번호 2203)버스정류장  또는 동부시장(정류장번호 1864, 1865) 버스정류장에서 하차 후 운교동 사거리 방향으로 5분간 도보(옛 운교동파출소 맞은편 현진주유소 뒷 건물)"
24211000253,B03,51,110,A+춘천시니어복지센터,00,NORMAL SERVICE.,B03,http://blog.naver.com/cswc2018,24211000253,6대 주차가능,"자가용/택시 이용시 : 춘천 시내일원 -> 인형극장 -> 신동삼거리 -> 신동교회방면 -> 본센터 대중교통 이용시 : 9번, 905번, 906번 탑승후 신동삼거리 하차후 도보 10분주소 : 강원특별자치도 춘천시 동포1길 6-13"
24211000282,B03,51,110,춘천중앙노인복지센터,00,NORMAL SERVICE.,B03,http://blog.naver.com/cnscjswnddkd1,24211000282,승용차 기준 8대 주차가능 함,"1-가. 시내버스 노선 : 동내3번1-나. 배차간격 : 평일15분, 주말30분1-다. 도보시간 : 10분"
24211000357,B03,51,110,Ⅱ희망노인주야간보호센터,00,NORMAL SERVICE.,B03,http://www.gwhope.co.kr,24211000357,충목빌딩 주차장29면,"도로명주소 : 강원도 춘천시 사우로 38, 4층신사우동 벨몽드 옆, 이디야커피 입점 건물 4층에 있습니다. 건물 후면에 주차장이 있고 휠체어 이용자 편의시설과 엘리베이터 있습니다.1층은 약국, 2층은 의원, 3층은 치과가 입점되어 있습니다버스노선 13번버스  / 정류장:농수산물도매시장(2274), 농수산물도매시장(2275)버스노선 9번, 12, 사북1·2·3, 서면(신매대교경유), 신북1   / 소양중학교(2086), 소양중학교(2087)"
24211000373,B03,51,110,다사랑실버케어,00,NORMAL SERVICE.,B03,blog.naver.com/tirex486,24211000373,10대 주차 가능,버스번호:동면1번 /버스정류장:스위첸아파트 /버스정류장번로:1824
24215000357,B04,51,150,사랑채움재가복지센터,00,NORMAL SERVICE.,B04,없음,24215000357,주차 10대가능,폴리텍 3대학 정문 우측 길(강릉시립복지원쪽)으로 100미터 정도 직진하면 사랑채움재가복지센터 표지판이 있음.
25115000411,B04,51,150,좋은복지센터,00,NORMAL SERVICE.,B04,band.us/band/71618,25115000411,15대 가능,경포중학교 방향 버스모산초등학교 방향 버스
24211000228,B05,51,110,"""춘천희망""복지센터",00,NORMAL SERVICE.,B05,www.gwhope.co.kr,24211000228,건물 지하주차장건물앞 건물전용주차장건물 주변 이면도로,"대중교통이용시 : 육림고개(정류장번호 1560, 1561) 버스정류장,봉의초교(정류장번호 2203)버스정류장  또는 동부시장(정류장번호 1864, 1865) 버스정류장에서 하차 후 운교동 사거리 방향으로 5분간 도보(옛 운교동파출소 맞은편 현진주유소 뒷 건물)"
24211000421,B05,51,110,A+중앙통합복지센터,00,NORMAL SERVICE.,B05,춘천시  퇴계로 143 2층,24211000421,센터 건물내 주차장주변 이면 도로,"시내버스 20번 / 21번 / 100번 기타 춘천교육대,학곡리방향 버스 승차 후 퇴계주공 1단지에서 하차"
24211000498,B05,51,110,온누리재가요양센터,00,NORMAL SERVICE.,B05,없음,24211000498,회사 건물 내.외 주차장 사용 가능,"춘천 명동입구 버스 승차 버스 노선 7번 정부합동청사 하차 후 도보               10-1 강동농협장학지점 하차 후 도보                5-1 , 5 산림조합강원본부 하차 후 도보                12 기계공고 하차 후 도보"
24211000511,B05,51,110,숨케어재가복지센터,00,NORMAL SERVICE.,B05,https://breathingcare.modoo.at/,24211000511,숨케어재가복지센터 인근에 주차,"3번, 5번, 200번 버스 이용시 이마트 앞에서 하차"
24213000388,B05,51,130,+조해숙재가복지센터,00,NORMAL SERVICE.,B05,https://blog.naver.com/happylove_jo,24213000388,"센터 건물 지하(재인프라자), 인근도로변 주차구간에 10대이상 주차 가능합니다.","대한 적십자사 /205m   100번, 100-2번, 13번미리내사거리  /231m   100번, 6번도로교통공단  /259m   16-1번영서방송        /264m    6번, 7번"
24215000293,B05,51,150,착한사랑재가복지센터,00,NORMAL SERVICE.,B05,없음,24215000293,30대이상 주차가능,폴리텍대학입구 버스정류장 하차  - 211번(버스번호)
24211000472,B06,51,110,주식회사엘케어,00,NORMAL SERVICE.,B06,https://blog.naver.com/el2551209,24211000472,사무실앞 10분이상 주차가능골목주차,대중교통 및 자가
24213000335,B06,51,130,백세의료기기,00,NORMAL SERVICE.,B06,홈페이지 없음,24213000335,B도로 공영주차장 이용(성지병원 후문 앞),"남부시장 삼성생명 맞은편 (남부화원) 버스 정류장에서 도보로 10분이내( 31,32,34,51,2번등 중앙시장방면 버스이용)"
24213000347,B06,51,130,성지의료기,00,NORMAL SERVICE.,B06,https://www.longtermcare.or.kr/npbs/r/a/104/selectMyBlog.web?ltcAdminSym=2421300,24213000347,사업소 전용 주차장 이용 가능,▶자가용 이용   - 성지병원 정문에서 B도로로 30m▶버스 이용   - 중앙시장ㆍ풍물시장 하차후 5분
24213000394,B06,51,130,누가119의료기,00,NORMAL SERVICE.,B06,https://blog.naver.com/nuga5119,24213000394,강원 원주시 원주시 행가리1길4매장내 주차장 이용가능 20대 이상,강원 원주시 원주시 행가리1길 41층 누가119의료기개인차량 권고
24213000422,B06,51,130,라온라이프케어,00,NORMAL SERVICE.,B06,,24213000422,,
24215000342,B06,51,150,부영의료기,00,NORMAL SERVICE.,B06,www.longtermcare.or.kr,24215000342,사업소 바로 앞에 주차장 있음,"강릉남부노인종합복지관(남부복지회관)가는버스  227번, 302번 시내버스 또는 남부노인복지관을 경유하는 지선버스(951번, 952번, 954번, 955번 등)으로 내려서 도보로 1분거리."
34211000052,C01,51,110,그린노인복지센터,00,NORMAL SERVICE.,C01,http://cafe.naver.com/ilovegreencare,34211000052,건물지하주차장,(구)남춘천역 사거리 / 전문건설회관(incomes) 옆 / 미래컨벤션웨딩홀에서 롯데마트 춘천점 방향/춘천 퇴계동 수자원공사건물/시내버스 ( 유승한내들 정거장 ) 하차 후 남춘천사거리 방향 100m 도보
34211000053,C01,51,110,우리재가복지센터,00,NORMAL SERVICE.,C01,http://cafe.daum.net/hosu77,34211000053,"지하상가 유료주차장, 요선동 일대 무료주차장.","시내버스 및 택시 이용시 인성벙원에서 하차 하시어 인성병원 응급실쪽으로 들어와 요선약국을 끼고 우측으로 돌아 다시 왼쪽으로 접어들면서 전방20M 왼쪽으로 식당  ""려(중화요리집)"" 이 바로 보입니다. 그 건물 4층에 위치하고 있습니다."
34211000070,C01,51,110,천사노인복지센터,00,NORMAL SERVICE.,C01,http://longtermcare.or.kr/npbs/r/a/104/selectBlbdArtiList.web?ltcAdminSym=342110,34211000070,"복지센터 건물 앞, 뒤 전용 주차장","버스 이용 : 중앙시장환승센터, 동부시장, 봉의중학교, 승차 <동면1, 동면 2  마을버스> 동면행정복지센터 또는 동면지내리 정류장 하차하여 도보로 3분 이동. 자차이용 : 춘천시 동면 가산로 116-9"
34211000089,C01,51,110,노인방문요양센터 에벤에셀,00,NORMAL SERVICE.,C01,없음,34211000089,석사3지구아파트는 주차공간이 많습니다,"시내버스 100번,200번,9번,50번,11번 석사3지구아파트입구에서 하차하신후 아파트 상가201호에 위치에 있습니다"
34211000148,C01,51,110,동원노인복지센터,00,NORMAL SERVICE.,C01,,34211000148,센터 앞 공용주차장,"시내버스(석사사거리 하차)1번, 10번"
34211000263,C01,51,110,자양방문노인복지센터,00,NORMAL SERVICE.,C01,https://blog.naver.com/jayang_homewelfare,34211000263,자양방문노인복지센터 앞 주차 가능,"강원특별자치도 춘천시 신북읍 율문3길 69, 자양방문노인복지센터버스 11번 12. 13. 16. 17. 18. 18-1. 19. 19-1춘천한샘고등학교 후문 위치"
34211000052,C02,51,110,그린노인복지센터,00,NORMAL SERVICE.,C02,http://cafe.naver.com/ilovegreencare,34211000052,건물지하주차장,(구)남춘천역 사거리 / 전문건설회관(incomes) 옆 / 미래컨벤션웨딩홀에서 롯데마트 춘천점 방향/춘천 퇴계동 수자원공사건물/시내버스 ( 유승한내들 정거장 ) 하차 후 남춘천사거리 방향 100m 도보
34211000070,C02,51,110,천사노인복지센터,00,NORMAL SERVICE.,C02,http://longtermcare.or.kr/npbs/r/a/104/selectBlbdArtiList.web?ltcAdminSym=342110,34211000070,"복지센터 건물 앞, 뒤 전용 주차장","버스 이용 : 중앙시장환승센터, 동부시장, 봉의중학교, 승차 <동면1, 동면 2  마을버스> 동면행정복지센터 또는 동면지내리 정류장 하차하여 도보로 3분 이동. 자차이용 : 춘천시 동면 가산로 116-9"
34211000089,C02,51,110,노인방문요양센터 에벤에셀,00,NORMAL SERVICE.,C02,없음,34211000089,석사3지구아파트는 주차공간이 많습니다,"시내버스 100번,200번,9번,50번,11번 석사3지구아파트입구에서 하차하신후 아파트 상가201호에 위치에 있습니다"
34211000148,C02,51,110,동원노인복지센터,00,NORMAL SERVICE.,C02,,34211000148,센터 앞 공용주차장,"시내버스(석사사거리 하차)1번, 10번"
34211000263,C02,51,110,자양방문노인복지센터,00,NORMAL SERVICE.,C02,https://blog.naver.com/jayang_homewelfare,34211000263,자양방문노인복지센터 앞 주차 가능,"강원특별자치도 춘천시 신북읍 율문3길 69, 자양방문노인복지센터버스 11번 12. 13. 16. 17. 18. 18-1. 19. 19-1춘천한샘고등학교 후문 위치"
34211000265,C02,51,110,샬롬재가복지센터,00,NORMAL SERVICE.,C02,없음,34211000265,"자가용 : 후평동 신성교회 옆 골목, 혹은 신성교회 지하1. 본 센터 주차장 이용 : 혼잡2. 후평 1동 행정복지센터 주차장주차: 약100m(주차공간 주간 약간, 많음)3. 본 센터 옆 골목길 주차 : 약20m(주차공간 혼잡)","- 대중교통 : 춘천시 후평동 710-17, 1층 좌측- 시내버스 : 정류장번호2004, 내려서 바로 앞이 센터                  버스번호 200, 3, 8, 8-1, 15- 신성교회 바로 옆"
34211000070,C03,51,110,천사노인복지센터,00,NORMAL SERVICE.,C03,http://longtermcare.or.kr/npbs/r/a/104/selectBlbdArtiList.web?ltcAdminSym=342110,34211000070,"복지센터 건물 앞, 뒤 전용 주차장","버스 이용 : 중앙시장환승센터, 동부시장, 봉의중학교, 승차 <동면1, 동면 2  마을버스> 동면행정복지센터 또는 동면지내리 정류장 하차하여 도보로 3분 이동. 자차이용 : 춘천시 동면 가산로 116-9"
34211000313,C03,51,110,수빈재가노인복지센터,00,NORMAL SERVICE.,C03,없음,34211000313,"장애인1대, 일반8대","춘천시 상마을 1길 40(퇴계동), 홈플러스 춘천점 부근 -신흥막국수 쪽 1층."
34211000328,C03,51,110,참조은노인복지센터,00,NORMAL SERVICE.,C03,http://blog.naver.com/joeun_2018,34211000328,인근주차시설 이용11:30~13:30  길가주차 가능,대중교통 이용남춘천역 840m이내 도보 약 13분시외버스터미널 2번 버스 유승 한내들 하차 도보 3분
34211000342,C03,51,110,스마일 재가노인복지센터,00,NORMAL SERVICE.,C03,http://cafe.naver.com/smilecc2018,34211000342,건물 주변 200평 주차시설로 사용가능.20대 이상 주차가능,"신동면2번버스,신동면3번버스 삼포유원지입구역하차,  자가 이용, 택시이용"
34213000174,C03,51,130,효섬김재가복지센터,00,NORMAL SERVICE.,C03,https://cafe.daum.net/hyo.,34213000174,"문막농협하나로마트 주차장 1층, 3층  또는 하나로마트 (문막점) 길건너편 공영주차장","버스: 51(경동대학교),59(경동대학교), 53, 55 로 버스정류장 하차후 약 10m 도보. 농협하나로마트(문막점) 2층."
34213000282,C03,51,130,시니어데이케어 주은 원주센터,00,NORMAL SERVICE.,C03,blog.naver.com/thedream006,34213000282,강원도 원주시 건강로 21(조은빌딩)  5층.   본건물 지하주차장 有,일반버스 6번 (관설동종점 - 국민건강보험공단 하차)               7번 (관설동종점 - 국민건강보험공단 하차)             13번 (장양리종점 - 국민건강보험공단 하차)           100번 (관설동종점 - 국민건강보험공단 하차)       100-2번 (중흥2단지 - 국민건강보험공단 하차)
34211000052,C05,51,110,그린노인복지센터,00,NORMAL SERVICE.,C05,http://cafe.naver.com/ilovegreencare,34211000052,건물지하주차장,(구)남춘천역 사거리 / 전문건설회관(incomes) 옆 / 미래컨벤션웨딩홀에서 롯데마트 춘천점 방향/춘천 퇴계동 수자원공사건물/시내버스 ( 유승한내들 정거장 ) 하차 후 남춘천사거리 방향 100m 도보
34211000053,C05,51,110,우리재가복지센터,00,NORMAL SERVICE.,C05,http://cafe.daum.net/hosu77,34211000053,"지하상가 유료주차장, 요선동 일대 무료주차장.","시내버스 및 택시 이용시 인성벙원에서 하차 하시어 인성병원 응급실쪽으로 들어와 요선약국을 끼고 우측으로 돌아 다시 왼쪽으로 접어들면서 전방20M 왼쪽으로 식당  ""려(중화요리집)"" 이 바로 보입니다. 그 건물 4층에 위치하고 있습니다."
34211000070,C05,51,110,천사노인복지센터,00,NORMAL SERVICE.,C05,http://longtermcare.or.kr/npbs/r/a/104/selectBlbdArtiList.web?ltcAdminSym=342110,34211000070,"복지센터 건물 앞, 뒤 전용 주차장","버스 이용 : 중앙시장환승센터, 동부시장, 봉의중학교, 승차 <동면1, 동면 2  마을버스> 동면행정복지센터 또는 동면지내리 정류장 하차하여 도보로 3분 이동. 자차이용 : 춘천시 동면 가산로 116-9"
34215000023,C05,51,150,강릉사랑재가복지센터,00,NORMAL SERVICE.,C05,mis713@empal.com,34215000023,사무실근처 주차가능,<대중교통으로 오는 방법>-주소:강릉시 남구길17번길9 2층2호(포남동) 출발:신영극장앞 정류장((302-1번버스) 하차:동남아파트 버스정류장에서 내립니다  도보: 하차 후 약 10분 정도 도보 이동이 필요합니다. 도보길: 포남시장 입구 방향 → “우리동네참치정육점” 간판 보이는 골목 안쪽 → 남구길17 번길 진입 → 센터 도착.-문의: 033-651-3777
34217000098,C05,51,170,동해방문간호센터,00,NORMAL SERVICE.,C05,없음,34217000098,아파트 주차공간 있음,강원 동해시 평원로 100 코아루디오션 103-1103
34211000002,C06,51,110,고려의료기,00,NORMAL SERVICE.,C06,https://krmedical.tistory.com/,34211000002,강대병원 강대병원 앞,강원대학병원 앞
34211000035,C06,51,110,강원의료기상사,00,NORMAL SERVICE.,C06,blog.naver.com/cuckoo0824,34211000035,* 임시 정차 : 매장 앞 10분* 주차 : 매장 건물 뒤 주차장,위치 : 강원대학교병원 정문 맞은편
34211000041,C06,51,110,솔루션복지용구지원센터,00,NORMAL SERVICE.,C06,https://blog.naver.com/solution_1999,34211000041,6대,▶효자4거리 팔호광장으로 가는길 방향 1층 솔루션복지용구 지원센터▶남춘천역 2번 출구에서 864m
34211000158,C06,51,110,100세동안 춘천점,00,NORMAL SERVICE.,C06,http://blog.naver.com/on2you100,34211000158,■ 당사 사무실 앞 주차가능,"■ 자가차량 : 강원특별자치도 춘천시 동면 춘천순환로 496-9 (백세빌딩) / 동면 대영종합주방 뒷편 3층 건물                                        ■ 대중교통    시내버스 : 춘천여고앞 하차 (장학 아이파크 아파트 방면 17, 8-S, 10-S, 200, 200-S, 400)                                                  (종점방면 2-S, 3-S 7-S, 12-S 13-S, 17, 200-1, 400)"
34211000323,C06,51,110,A플러스 복지용구,00,NORMAL SERVICE.,C06,해당없음,34211000323,주자창은 따로 없으니 골목에 주차 후 방문해주세요.,▶ 자가용 - 후석로393번길 39 (후평동 853-4) ▶ 대중교통 - 동보빌리지 정류장 하차 후 도보 2분▶ 도보 - 한림대학교 춘천성심병원 도보 5분 /              후평동 현대1차아파트 맞은편 이마트 편의점 골목 진입 후 오른쪽 첫 번째 골목 중간에 위치
14211000383,G31,51,110,세실요양원,00,NORMAL SERVICE.,G31,https://blog.naver.com/sesil7759,14211000383,주차시설 완비(장애인 주차시설 1),버스 : 17번 2군단 앞 하차 후 시설에 연락하시면 모시러 나옵니다.자차 이용  가능(네비게이션에 진실어린이집을 찍고 오시면 바로 이정표가 보입니다)1km 가량 직진 하시면 세실요양원 간판이 보입니다.
14213000109,G31,51,130,원주성문요양원,00,NORMAL SERVICE.,G31,www.sungmuncare.or.kr,14213000109,건물앞 주차가능대수: 15대건물뒤 주차가능대수: 10대,"대중교통 : 버스                8, 13번 버스타고 종점에서 하차.승용차 : 남원주 IC에서 행구동 미래고(옛 원주공고/ 국향사) 방향"
14213000345,G31,51,130,원주보훈요양원,00,NORMAL SERVICE.,G31,http://wjcare.bohun.or.kr,14213000345,지상과 지하에 주차가능,"1. 승용차제2영동고속도로(동서울TG) - 영동고속도로 - 원주TG에서 15km(20분) - 중앙고속도로 - 남원주TG에서 10km(23분)2. 버스원주시외고속버스터미널에서 5-1, 5-2, 16번 탑승하여 원주보훈요양원 하차"
14215000221,G31,51,150,갈바리노인요양원,00,NORMAL SERVICE.,G31,nazir.clickn.co.kr,14215000221,있음.,"자가용 : 시외버스터미널 -> 문화원 앞 -> 좌측 굴다리 -> 강릉유천지구 -> 허허사랑(식당) -> 이주환 전통한우 갈비 (식당)  / 주차장 맞은편대중교통 : 마실버스 943-1, 943-2"
14217000003,G31,51,170,이레마을노인요양원,00,NORMAL SERVICE.,G31,www.이레마을노인요양원.kr,14217000003,☞. 주차공간 : 약 20대 주차시설☞. 언제든 주차가능,"♧.승용및 자가용 ☞☞ 동해망상톨게이트 -> 초구방면 -> 동해자동차운전학원 -> 동해직업전문학원 -> 동해예비군훈련장 -> 구,만우가든 -> 느릅재방면 좌측 -> 이레마을☞ 동해병원 -> 로터리(구,동해고속도로방면) -> 우측 동해중학교,동해상고방면 지하차도    -> 느릅재방면 -> 느릅재고개 -> 이레마을♧.버스편 ☞ 만우가든정류장에서 느릅재방면 좌측길, 도보로 약15분 ☞시청출발(오실때)08:07,  10:47,  12:23,  17:43☞만우가든출발(가실때)07:59,  09:01,  11:35,  13:17,  16:15,  18:35  ☞.눈이 내릴시 느릅재길 이용 불가      만우동 초구길 이용"
14213000345,G32,51,130,원주보훈요양원,00,NORMAL SERVICE.,G32,http://wjcare.bohun.or.kr,14213000345,지상과 지하에 주차가능,"1. 승용차제2영동고속도로(동서울TG) - 영동고속도로 - 원주TG에서 15km(20분) - 중앙고속도로 - 남원주TG에서 10km(23분)2. 버스원주시외고속버스터미널에서 5-1, 5-2, 16번 탑승하여 원주보훈요양원 하차"
14272000041,G32,51,720,너브내노인전문요양원,00,NORMAL SERVICE.,G32,www.너브내노인전문요양원.kr,14272000041,차량 30대 주차가능,♥네비게이션 사용시   - 명칭입력시 : 너브내노인전문요양원  - 도로명주소 : 강원특별자치도 홍천군 북방면 생태공원길 59-8  - 지번주소 : 강원특별자치도 홍천군 북방면 성동리 1010-3♥서울방면에서 출발▶고속도로이용시(소요시간 대략 1시간 10분)-서울춘천고속도로 진입-조양IC교차로에서 홍천방면으로 좌회전-북방면사무소 지나 삼거리에서 좌회전-생태공원길·강원도국제도시훈련센터·강원도자연환경연구공원 방면으로 좌회전▶국도이용시(소요시간 대략 2시간)-홍천터미널지나 북방면사무소방면으로 진입-삼거리에서 중화계리 방면으로 우회전-생태공원길·강원도국제도시훈련센터·강원도자연환경연구공원 방면으로 좌회전♥춘천방면에서 출발(소요시간 대략 40분)-북방면사무소 지나 삼거리에서 좌회전-생태공원길·강원도국제도시훈련센터·강원도자연환경연구공원 방면으로 좌회전
14275000010,G32,51,750,예가노인전문요양원,00,NORMAL SERVICE.,G32,www.yaegawon.com,14275000010,1. 주차시설 : 일반  승용차 기준 30대의 추자가 가능합니다.2. 정문 앞의 주차시설은 장애인 차량 및 응급차량을 위한 대기장소입니다.3. 장애인차량이나 응급차량이 아닌경우 건물 아래 쪽에 위치한 주차장을 이용해 주시기바랍니다.,1. 38번 국도 연당 진입로 방면    38번국도 영월방면 → 연당진입 → 로터리 영월군 남면사무소방면 진입 → 조전리 방향 우회전 → 직진 후 예가원 이정표에서 좌회전 후→ 예가원 이정표에서 우회전 후 600M 진입 →예가노인전문요양원2. 영월경유    청령포 → 서강대교  방면 좌회전 4km → 다리건넌 후 좌회전 후 직진 →예가원 이정표에 따라 좌회전 후 600M 진입 →예가노인전문요양원
14277000010,G32,51,770,정선군노인요양원,00,NORMAL SERVICE.,G32,http://www.jssilver.kr,14277000010,*전체(78석) -본원(54석) -치매전담실(23석),"정선읍 → 사북, 고한 방면 (신길)3km에서 내림 → 신월리 입구 사거리 굴다리를 지나 → 좌회전 → 우회전 → 와전둔치교 → 정선프란치스꼬의집 → 정선군노인요양원"
15123000131,G32,51,230,삼척시립 도계요양원,00,NORMAL SERVICE.,G32,www.도계요양원.kr,15123000131,"장애인 주차(2면), 일반 주차(14면)",영동선 도계역에서 도보로 5분~10분
14272000041,G33,51,720,너브내노인전문요양원,00,NORMAL SERVICE.,G33,www.너브내노인전문요양원.kr,14272000041,차량 30대 주차가능,♥네비게이션 사용시   - 명칭입력시 : 너브내노인전문요양원  - 도로명주소 : 강원특별자치도 홍천군 북방면 생태공원길 59-8  - 지번주소 : 강원특별자치도 홍천군 북방면 성동리 1010-3♥서울방면에서 출발▶고속도로이용시(소요시간 대략 1시간 10분)-서울춘천고속도로 진입-조양IC교차로에서 홍천방면으로 좌회전-북방면사무소 지나 삼거리에서 좌회전-생태공원길·강원도국제도시훈련센터·강원도자연환경연구공원 방면으로 좌회전▶국도이용시(소요시간 대략 2시간)-홍천터미널지나 북방면사무소방면으로 진입-삼거리에서 중화계리 방면으로 우회전-생태공원길·강원도국제도시훈련센터·강원도자연환경연구공원 방면으로 좌회전♥춘천방면에서 출발(소요시간 대략 40분)-북방면사무소 지나 삼거리에서 좌회전-생태공원길·강원도국제도시훈련센터·강원도자연환경연구공원 방면으로 좌회전
14277000010,G33,51,770,정선군노인요양원,00,NORMAL SERVICE.,G33,http://www.jssilver.kr,14277000010,*전체(78석) -본원(54석) -치매전담실(23석),"정선읍 → 사북, 고한 방면 (신길)3km에서 내림 → 신월리 입구 사거리 굴다리를 지나 → 좌회전 → 우회전 → 와전둔치교 → 정선프란치스꼬의집 → 정선군노인요양원"
14277000010,G34,51,770,정선군노인요양원,00,NORMAL SERVICE.,G34,http://www.jssilver.kr,14277000010,*전체(78석) -본원(54석) -치매전담실(23석),"정선읍 → 사북, 고한 방면 (신길)3km에서 내림 → 신월리 입구 사거리 굴다리를 지나 → 좌회전 → 우회전 → 와전둔치교 → 정선프란치스꼬의집 → 정선군노인요양원"
14277000010,G35,51,770,정선군노인요양원,00,NORMAL SERVICE.,G35,http://www.jssilver.kr,14277000010,*전체(78석) -본원(54석) -치매전담실(23석),"정선읍 → 사북, 고한 방면 (신길)3km에서 내림 → 신월리 입구 사거리 굴다리를 지나 → 좌회전 → 우회전 → 와전둔치교 → 정선프란치스꼬의집 → 정선군노인요양원"
14277000010,G36,51,770,정선군노인요양원,00,NORMAL SERVICE.,G36,http://www.jssilver.kr,14277000010,*전체(78석) -본원(54석) -치매전담실(23석),"정선읍 → 사북, 고한 방면 (신길)3km에서 내림 → 신월리 입구 사거리 굴다리를 지나 → 좌회전 → 우회전 → 와전둔치교 → 정선프란치스꼬의집 → 정선군노인요양원"
24217000070,H31,51,170,동해이레복지센터,00,NORMAL SERVICE.,H31,blog.naver.com/dlfp7745,24217000070,*무료 주차장 : 센터 내 주차장 이용,♧.승용 및 자가용  ☞ 망상IC  -> 7번 국도 삼척 방면 우회전  -> 동해대로 천곡동 삼척 방면 좌회전  -> 큰발한길 큰발한 묵호초등학교 방면으로 우측도로 이동  -> 동해이레복지센터
24219000019,H31,51,190,햇빛나눔노인복지센터,00,NORMAL SERVICE.,H31,https://햇빛나눔노인복지센터.kr,24219000019,승합차 1대 및 승용차 2대 주차 가능함.,태백버스터미널 기준  : 태백터미널에서 서학골 오는 버스를 타고 버스 종점에서 하차하여 오투 리조트 방향으로 150M에 위치함. 승용차 기준 : 태백시청을 지나 원마트에서 오투 리조트 방향으로 1KM에 위치하며 강산막국수를 지나 함평냉면 뒤에 위치함.
24272000013,H31,51,720,중앙노인복지센터,00,NORMAL SERVICE.,H31,-,24272000013,중형차10대,1.자가용이용시:홍천터미널에서 춘천 방향으로 5분 정도 오시다가 11사단본부지나  하이트  맥주공장 방향(좌회전)으로 1분정도 오시면  중앙노인복지센터(우측 화계중앙교회1층).2.대중교통 이용시:홍천터미널에서 북방가는 버스이용-하화계2리에서 하차.  택시 이용시-중앙노인복지센터(화계중앙교회)
25115000447,H31,51,150,강릉시립주야간보호센터,00,NORMAL SERVICE.,H31,www.gncscc.or.kr,25115000447,시설 내 실외주차장,"-시내버스(2개노선) : 211, 211-1(한국 폴리텍대학교 강릉캠퍼스 앞 정류장에서 하차 도보 3분거리)-주소 : 강원도 강릉시 진재골길 14. 강릉시립노인요양센터, 강릉시립주야간보호센터"
25179000033,H31,51,790,화천군 치매전담형 종합노인요양시설 주간보호센터,00,NORMAL SERVICE.,H31,https://blog.naver.com/hwacheon-care,25179000033,지상 주차장,사내면사무소에서 도보로 6분
24217000070,H32,51,170,동해이레복지센터,00,NORMAL SERVICE.,H32,blog.naver.com/dlfp7745,24217000070,*무료 주차장 : 센터 내 주차장 이용,♧.승용 및 자가용  ☞ 망상IC  -> 7번 국도 삼척 방면 우회전  -> 동해대로 천곡동 삼척 방면 좌회전  -> 큰발한길 큰발한 묵호초등학교 방면으로 우측도로 이동  -> 동해이레복지센터
14219000001,M31,51,190,안식의 집,00,NORMAL SERVICE.,M31,https://ansichouse.or.kr,14219000001,주차공간 시설내 6대황지중학교앞 공터 15대 가능,"1. 태백역에서 택시로 5분 황지중학교앞 노인요양원 안식의 집2. 태백역에서 장성 및 소도 방향 버스타고 고려의원에서 내려 황지중학교 방향 걸어서 5분주변건물: 하늘어린이집, 황지중학교, 부영아파트"
14278000001,M31,51,780,철원군노인전문요양원,00,NORMAL SERVICE.,M31,http://cwsilver.org,14278000001,주차시설있음,택시-> 신철원 시외버스터미널 택시이용 약 10분정도 소요(택시부 Tel : 033-452-8228)자가용-> 신철원 갈말읍 동온동길 177(네비게이션 이용시 주소)             (신철원시내에서 약 7~8분 정도 소요)도보-> 신철원 시내에서 40분 정도 소요
15115000446,M31,51,150,강릉시립노인요양센터,00,NORMAL SERVICE.,M31,www.gncscc.or.kr,15115000446,시설내 실외주차장,"- 시내버스(2개 노선) : 211, 211-1(한국폴리텍대학교 강릉캠퍼스 앞 정류장에서 하차 도보 3분 거리)- 주소 : 강릉시 진재골길 14, 강릉시립노인요양센터"
14278000001,M32,51,780,철원군노인전문요양원,00,NORMAL SERVICE.,M32,http://cwsilver.org,14278000001,주차시설있음,택시-> 신철원 시외버스터미널 택시이용 약 10분정도 소요(택시부 Tel : 033-452-8228)자가용-> 신철원 갈말읍 동온동길 177(네비게이션 이용시 주소)             (신철원시내에서 약 7~8분 정도 소요)도보-> 신철원 시내에서 40분 정도 소요
15115000446,M32,51,150,강릉시립노인요양센터,00,NORMAL SERVICE.,M32,www.gncscc.or.kr,15115000446,시설내 실외주차장,"- 시내버스(2개 노선) : 211, 211-1(한국폴리텍대학교 강릉캠퍼스 앞 정류장에서 하차 도보 3분 거리)- 주소 : 강릉시 진재골길 14, 강릉시립노인요양센터"
15115000446,M33,51,150,강릉시립노인요양센터,00,NORMAL SERVICE.,M33,www.gncscc.or.kr,15115000446,시설내 실외주차장,"- 시내버스(2개 노선) : 211, 211-1(한국폴리텍대학교 강릉캠퍼스 앞 정류장에서 하차 도보 3분 거리)- 주소 : 강릉시 진재골길 14, 강릉시립노인요양센터"
15179000032,S41,51,790,화천군 치매전담형 종합노인요양시설 공동생활가정,00,NORMAL SERVICE.,S41,https://blog.naver.com/hwacheon-care/224008392186,15179000032,전용주차장,사내면사무소 200미터
14511000001,A03,52,111,성예전문요양원,00,NORMAL SERVICE.,A03,www.soungye.kr,14511000001,완비,"국립전주박물관에서 금구방향으로 직진, 우측에 전주권 소각자원센터 및 성예실버홈 및 전문요양원(간판) 방향으로 우회전, 호남유치원에서 좌회전하신 후 300미터 오시면 성예전문요양원입니다. 대중교통은 시내버스 62번(삼산리↔진조리)을 이용하세요"
14511000002,A03,52,113,전주요양원,00,NORMAL SERVICE.,A03,www.jj-w.or.kr,14511000002,전주요양원 주차장을 이용하세요.,"- 아중, 우아, 전주역 방향에서는 시내버스 이용하여 대송장례식장에서 하차하여 2대대 방향 500m 직진 한뒤 한라 비발디 1,2차 아파트 사이로 직직하여 좌회전 후 200m 우측에 위치하고 있음.  - 시내에서 송천동, 전라고 방면 시내버스 이용하여 신일아파트 사거리, 또는 kcc스위첸(오송중학교)에서 하차 후 진흥 더블파크 아파트 도로끝 전주푸드직매장 가기 50m전 우측 전주요양원 경사로 위쪽에 위치하고 있음.(경사로 오르기 어려우신 장애인, 노인분은 출입구 우측 도움벨을 눌러 도움요청하세요)- 자가차량 이용시 송천동 오송초등학교 정문과 진흥더블파크 사이 4차선 도로 끝에 위치하고 있음. 한라비발디 아파트 정문 왼쪽 대각선 방향에 위치하고 있음. . 동부 우회도로에서 2대대방향으로 진입하여 한라비발디 뒤편으로 진입하여 한라비발디 정문쪽으로 좌회전하여 정면에 위치하고 있음."
14511000015,A03,52,111,선덕효심원,00,NORMAL SERVICE.,A03,http://www.hyosim.or.kr,14511000015,선덕효심원내 주차장 이용가능,자가용 : 박물관을 지나 (구) 쑥고개길로 진입 후 200미터 전방 버   스 : 금구가는 버스(684)타고  장동마을에서 하차 후 5분 거리
14511000026,A03,52,111,서전주요양원,00,NORMAL SERVICE.,A03,http://www.jjeunhyemaul.kr,14511000026,원내 주차장 이용 가능,"1. 자가용 - 국립전주박물관 지나 쑥고개옛길 진입 후 200미터 전방 위치2. 시내버스 - 684번, 644번 (20분 간격) 은혜마을(본 원이 정류장) 하차"
14511000027,A03,52,113,은혜요양원,00,NORMAL SERVICE.,A03,http://blog.naver.com/eun7755,14511000027,주차시설 완비,"전주월드컵방면전주CBS,방송국에서 지하유턴하여 전주수목원 지나초남이성지방면으로 직진전주원동초등학교 후문길 우측으로 들어오시면 됩니다."
14511000029,A03,52,111,하늘나무복지원,00,NORMAL SERVICE.,A03,heaventree.modoo.at,14511000029,복지원 앞 도로에 주차또는 맞은 편 전주제자교회 주차장 이용,버스 :  교도소/평화동 방면 버스 이용           코앞 휘트니스클럽/한양병원 앞에서 하차하여 완산중학교 방면으로 5분거리
14511000030,A03,52,113,따뜻한사랑의집,00,NORMAL SERVICE.,A03,http://lovehome.maru.net/,14511000030,20대,"전주역에서 차량으로 5분거리, 아중리 고려병원에서 소양방면 천주교 공원묘지 앞 금상동 배 과수원앞"
14511000041,A04,52,113,반석의집,00,NORMAL SERVICE.,A04,http://blog.naver.com/sgc2095,14511000041,주차5대 가능,"기린중 : 6, 6-1, 79, 103-01, 108, 119, 200, 337, 508, 511, 513, 514, 515, 520, 521, 522, 535, 536, 541, 542, 543, 545, 546, 999, 2001, 2002, 59기린중에서 하차하여 봉동으로가는 굴다리를 건너서 약200M 기린원 : 515, 520, 521, 522, 541, 543기린원에서 하차하여 새봄유치원쪽으로 약 100M"
14511000290,A04,52,111,전주인보노인복지센터,00,NORMAL SERVICE.,A04,http://cafe.daum.net/jeonjuinbonoin,14511000290,센터 앞 마당 장애인주차공간 포함 5대 주차센터옆도로 편도 주차가능센터 앞 주차공간 정비 5대 가능,1.중노송동 전주고등학교 후문에서 맞은편 원창카센터 옆 골목으로 200m 청강유치원 지나서  4층 건물2.전주고등학교 후문 노송동성당에서 직진 50m거리에 위치
14511000308,A04,52,113,사랑의문,00,NORMAL SERVICE.,A04,http://cafe.daum.net/Love246,14511000308,전주 우아1동사무소옆 공용주차장 이용 가능. 교회옆 골목 주차 5대 가능.,전주역 방향 모든 버스통과. 도보 2~3분 거리전주역광장 횡단보도 앞 위치.
14511000371,A04,52,111,감나무요양원,00,NORMAL SERVICE.,A04,없음,14511000371,"주차시설은 따로 없고, 마당에 주차를 하는데 좁아서 자동차가 많을경우엔 주차하기가 어려움.",버스노선61번 서신성당 하차5-2   서신성당 하차105번 서신성당 하차
14511000661,A04,52,113,드림요양원,00,NORMAL SERVICE.,A04,해당없음,14511000661,시내에 근접한 시설 앞뒤로 주차가능.,전주 지방법원 근처 교통편 이용.전주 지방법원과 덕진광장사이 777타이어나 현대자동차서비스센터 뒷골목에 위치
14511000801,A04,52,111,가나안요양원,00,NORMAL SERVICE.,A04,cafe.daum.net/ganaan9988,14511000801,주차장 12대 가능,1. 자가운전 : 전주시 완산구 안행1길 6 (가나안복지센터)2. 대중교통 :
24511000024,B01,52,111,전주중앙노인복지센터,00,NORMAL SERVICE.,B01,https://blog.naver.com/jaga1335,24511000024,별도의 주차시설 없음.,홍지서림 골목 왱이콩나물 집 맞은편 선각사 옆 건물
24511000364,B01,52,111,엘림 노인복지센터,00,NORMAL SERVICE.,B01,없음.,24511000364,없음,버스 : 평화동 장승배기 방향   / 승강장 명 - 서서학동 우정목련 아파트  승용차 : 팔달로 - 전주부속초등학교- 평화동 방면(우정목련 아파트 건너편)
24511000367,B01,52,111,전주사회서비스 재가노인복지센터,00,NORMAL SERVICE.,B01,https://blog.naver.com/jssc-midam (블로그)   http://www.jssc.kr (홈페이지_수정작,24511000367,센터 입구 앞 쪽과 뒤 편에 주차장 마련되어 있음.,"시청에서 오목대-약수터-남원, 임실방면 자가용으로 10~15분거리상관신리 방면 시내버스 752번 덕산마을 정류장 하차덕산마을 초입 위치 주소 : 전라북도 전주시 완산구 덕산길 29-1전화번호 : 063-287-9769/9770  센터에서 전주시청 방향으로 진입 시 좌회전 신호 대기 전   우측 전봇대 보행자 작동 신호기를 누르거나   바닥 내 파란 선에 일정 시간 대기하면 센서가 반응하여 좌회전 신호로 바뀝니다."
24511000372,B01,52,111,다사랑노인복지센터,00,NORMAL SERVICE.,B01,https://blog.naver.com/wedasarang,24511000372,효자1동 서부시장 롯데마트 맞은편 크리스탈 주차장에 주차 후 주차권 가져오시면 됩니다.(2시간 무료),전주시 효자동 서부시장 삼거리에서 서부시장 도로 200m 왼쪽에 있음(2층)아래 층에 신발가게가 있음 - 서부시장 상가건물 맞은편서부참좋은한의원 맞은편 2층
24511000551,B01,52,111,예은재가노인복지센터,00,NORMAL SERVICE.,B01,없음,24511000551,모악빌딩 지하주차장 이용 및 모악빌딩 건물 주변,"평화동 교도소 방면  500번대, 50번대, 900번대 모든 시내버스(하차 정류소: 삼성강남 아파트 시내버스 승강장)"
24511000555,B01,52,111,전주재활주야간보호센터,00,NORMAL SERVICE.,B01,blog.naver.com/obspro22,24511000555,--- 정수빌딩 지하 1층 무료주차,"- 자가용 - 네비게이션검색주소: 전라북도 전주시 완산구 홍산남로 11-8(효자동2가)4,5층- 버스 - 일반버스롯데마트 앞 : 6, 165, 752 호남제일여고 앞(400M) : 355, 375, 511, 515, 522, 535, 541, 543, 551, 552"
24511000364,B02,52,111,엘림 노인복지센터,00,NORMAL SERVICE.,B02,없음.,24511000364,없음,버스 : 평화동 장승배기 방향   / 승강장 명 - 서서학동 우정목련 아파트  승용차 : 팔달로 - 전주부속초등학교- 평화동 방면(우정목련 아파트 건너편)
24511000367,B02,52,111,전주사회서비스 재가노인복지센터,00,NORMAL SERVICE.,B02,https://blog.naver.com/jssc-midam (블로그)   http://www.jssc.kr (홈페이지_수정작,24511000367,센터 입구 앞 쪽과 뒤 편에 주차장 마련되어 있음.,"시청에서 오목대-약수터-남원, 임실방면 자가용으로 10~15분거리상관신리 방면 시내버스 752번 덕산마을 정류장 하차덕산마을 초입 위치 주소 : 전라북도 전주시 완산구 덕산길 29-1전화번호 : 063-287-9769/9770  센터에서 전주시청 방향으로 진입 시 좌회전 신호 대기 전   우측 전봇대 보행자 작동 신호기를 누르거나   바닥 내 파란 선에 일정 시간 대기하면 센서가 반응하여 좌회전 신호로 바뀝니다."
24511000551,B02,52,111,예은재가노인복지센터,00,NORMAL SERVICE.,B02,없음,24511000551,모악빌딩 지하주차장 이용 및 모악빌딩 건물 주변,"평화동 교도소 방면  500번대, 50번대, 900번대 모든 시내버스(하차 정류소: 삼성강남 아파트 시내버스 승강장)"
24511000555,B02,52,111,전주재활주야간보호센터,00,NORMAL SERVICE.,B02,blog.naver.com/obspro22,24511000555,--- 정수빌딩 지하 1층 무료주차,"- 자가용 - 네비게이션검색주소: 전라북도 전주시 완산구 홍산남로 11-8(효자동2가)4,5층- 버스 - 일반버스롯데마트 앞 : 6, 165, 752 호남제일여고 앞(400M) : 355, 375, 511, 515, 522, 535, 541, 543, 551, 552"
24511000561,B02,52,111,사회적협동조합 새샘노인복지센터,00,NORMAL SERVICE.,B02,http://새샘복지센터.kr,24511000561,별관 주차장 20대 가능,전주시내에서 상관방현 752번 관촌행 버스승차후 영동아파트 하차  700m도보
24511000563,B02,52,113,안디옥노인통합지원센터,00,NORMAL SERVICE.,B02,http://xn--o80bl2e16nl5dv5am3au7arzjx3u5gb77w.kr/,24511000563,쌍용자동차 전시장 앞 주차 6대 / 뒤쪽 주차장 2대 주차 가능,"전주덕진소방서 맞은편 50미터 아래쪽  쌍용자동차 3층대중교통(시내버스 8-1번, 100번, 1000번,119번)"
24511000076,B03,52,111,서원노인주간보호센터,00,NORMAL SERVICE.,B03,blog.naver.com/kalee1229,24511000076,16대가능,남양황실아파트에서 우회전 → 직진 후  순아휴게실에서  우회전 →  아이리더유치원 앞  예수병원에서 직진 → 중산파출소에서 비보호 좌회전 → 순아휴게실앞에서 좌회전→ 아이   리더유치원 앞
24511000083,B03,52,111,전주 인보노인복지센터,00,NORMAL SERVICE.,B03,inbonoin@hanmail.net,24511000083,"센터 앞 마당 - 장애인 주차시설 1, 일반주차시설 4도로변 주차장 확보-주차공간 5대",중노송동 전주고등학교 후문에서 맞은편 원창카센터 옆골목으로 200m 인보성체수녀원 옆 4층건물(청강유치원앞 4층 건물)
24511000244,B03,52,113,즐거운집노인복지센터,00,NORMAL SERVICE.,B03,http://fc.or.kr/,24511000244,1층 주차시설 완비,"아중리 대우1차아파트 정문 맞은편 골목 10M 좌측 4층 건물 즐거운집 노인복지센터 대중교통 : 3-1, 4-1, 100, 337 아중대우아파트에서 하차자가용이용시 : 아중리 노동청사에서 대우1차아파트 방면 이용"
24511000282,B03,52,113,안골노인복지센터,00,NORMAL SERVICE.,B03,www.angol.co.kr,24511000282,안골복지관내 주차장  및 주변 약 20대 주차가능.,"1. 버스이용시:6번,103-2번, 112번, 513번,119번,3-2번등 안골사거리에서 하차하여 약3~5분거리 ( 인후1동주민센터 뒤 명가(식당) 앞, 안골노인복지관내 1층)2. 자가용이용시:안골사거리에서 인후1동사무소와 크로커다일 사이 골목으로 약50m정도 오시면 안골노인복지관내 1층"
24511000316,B03,52,113,늘푸른집 주야간보호센터,00,NORMAL SERVICE.,B03,http://www.evergreen1332.com/,24511000316,대형주차시설 완비총 20대 주차,"<승용차 이용시>▶서부우회도로 → 하나로마트와 덕진경찰서 사이 → jtv방송국→늘푸른집▶전북도청 → 전주대학교 →혁신도시진입 → 우리노인전문병원→ 늘푸른집<대중교통 이용시>▶ 69번, 70번, 165번 버스이용 만성동 종점 하차"
24511000367,B03,52,111,전주사회서비스 재가노인복지센터,00,NORMAL SERVICE.,B03,https://blog.naver.com/jssc-midam (블로그)   http://www.jssc.kr (홈페이지_수정작,24511000367,센터 입구 앞 쪽과 뒤 편에 주차장 마련되어 있음.,"시청에서 오목대-약수터-남원, 임실방면 자가용으로 10~15분거리상관신리 방면 시내버스 752번 덕산마을 정류장 하차덕산마을 초입 위치 주소 : 전라북도 전주시 완산구 덕산길 29-1전화번호 : 063-287-9769/9770  센터에서 전주시청 방향으로 진입 시 좌회전 신호 대기 전   우측 전봇대 보행자 작동 신호기를 누르거나   바닥 내 파란 선에 일정 시간 대기하면 센서가 반응하여 좌회전 신호로 바뀝니다."
25280000187,B04,52,800,다온노인복지센터,00,NORMAL SERVICE.,B04,blog.naver.com/daon5810703,25280000187,"주차장4대, 해오름유치원 건물 앞 동에 5대정도 주차가능함",부안군 부안읍 석정로 331번지 부안터미널에서 10분내외 거리이며 동초등학교 옆 해오름 유치원들어가는 입구에 있음.
25280000190,B04,52,800,(유)행복한주간보호센터,00,NORMAL SERVICE.,B04,https://blog.naver.com/buan_happy_center,25280000190,건물 1층 10대 주차가능시설 보유,터미널에서 도보로 5분거리
24511000683,B05,52,111,돌봄재가복지센터,00,NORMAL SERVICE.,B05,https://blog.naver.com/dolbom-care,24511000683,서곡대림아파트 및 상가  주차장 이용 가능,"서곡주공아파트 정류장 승하차 3분이내거리, 61번, 72번, 309번, 190번"
24511000753,B05,52,111,엔케어재가복지센터,00,NORMAL SERVICE.,B05,https://blog.naver.com/ncare23,24511000753,2대 주차,"전주시내버스 6번 유연로 중산공원전주시내버스 101번,6001 화산체육관꽃심도서관전주시내버스 3-1 한들초교"
24511000765,B05,52,113,우리마을재가방문센터,00,NORMAL SERVICE.,B05,http://ok114.co.kr/0632424608,24511000765,본 건물 뒤 주차 공간에 주차 가능,안골 사거리 전북은행 정면에서 오른쪽으로 가서 바로 왼쪽 건물
24511000770,B05,52,111,행복나눔재가복지센터,00,NORMAL SERVICE.,B05,https://blog.naver.com/happiness2023-7,24511000770,센터 앞이나 건너편 그린공원 주변 가능,165번 동신 아파트 하차
24511000789,B05,52,111,다인재가복지센터,00,NORMAL SERVICE.,B05,dain202312@naver.com,24511000789,인근주변 주차 가능,"중화산동 가구거리, 완산구청 건너 편 하차"
24513000353,B05,52,130,군산최영희재가노인복지센터,00,NORMAL SERVICE.,B05,blog.naver.com/nache99,24513000353,사무실 뒷편 골목,"버스 1~3,52~54, 7,83,85번 조촌동 성당앞 정류소에서 하차. 조촌동 성당앞 정류소 앞에 위치"
24511000645,B06,52,113,가정복지용구,00,NORMAL SERVICE.,B06,밴드/가정복지용구,24511000645,전주시온성교회 주차가능사무실앞 도로 가로주차 가능,"전주시 덕진구 노송여울 1길 81. 2층버스/한국은행 전북청소년상담센터 하차자가용,택시/전주시온성교회 하차"
24511000651,B06,52,113,동행케어,00,NORMAL SERVICE.,B06,https://blog.naver.com/dh-health,24511000651,주차장 따로 없음,"1. 자가용 이용시 : 전북특별자치도 전주시 덕진구 오정2길 26, 1층2. 대중교통 이용시 : 버스 26, 74, 75, 200우미린1차아파트 버스정거장(오공공원방면)에서 도보로 3분"
24511000690,B06,52,111,마더의료기,00,NORMAL SERVICE.,B06,www.mothercare.modoo.at,24511000690,주차 시설 완비,완산구 문학대 6길 32-6 금빌라 102호효자동 아이파크 버스 정류장에서 도보 1분
24511000700,B06,52,113,참사랑복지용구,00,NORMAL SERVICE.,B06,www.chamsalang.com,24511000700,있음,"전주시내버스 208, 536,337 우아한시티 및 전주역첫마중길에서 하차 걸어서 10분거리"
24511000719,B06,52,111,백세의료기기,00,NORMAL SERVICE.,B06,없음,24511000719,주변에 주차가능,"자동차로 이동시 평화동 4거리에서 시청방향쪽으로 100여M 에서 우회전, 본참치 방향으로 좌회전후  뚝배기 짬봉에서 우회전 제자교회 맞은편 건물"
24511000720,B06,52,113,맘편한의료기,00,NORMAL SERVICE.,B06,없음,24511000720,매장 앞편,"버스 (명주골네거리,대자인병원) 6,54,55,56,57,58,103-2,108,119,337,511,513,514,515,520,521,522,535,541,543,810,80,59,81"
34511000003,C01,52,113,예찬365일데이케어,00,NORMAL SERVICE.,C01,yechan365.com,34511000003,본건물 1층,"위치> 인후동 (백제로) 뱅크빌딩, 인후동 한전 맞은편 시내버스정류장: 백제로 한국농어촌공사 앞에서 하차                         백제로 한전 하차                         인후동 대자인병원앞(명주골 사거리) 하차"
34511000081,C01,52,111,성목노인복지기관,00,NORMAL SERVICE.,C01,,34511000081,성목(聖牧)노인복지기관 건물 내 주차장(무료),"서신동 본병원 사거리에서 천변쪽 대로변에 위치버스 : 3-1, 3-2 승차 후 본병원 사거리에서 하차"
34511000085,C01,52,111,건강한마을노인복지센터,00,NORMAL SERVICE.,C01,"http://cafe.daum.net/jmedcoop ,  http://www.jhwsca.co.kr",34511000085,건물에 주차장 있습니다.(6~7대 주차 가능),"평화동 사거리 근처 삼천동 방향  전주농협 옆 건물  5층에 위치하고 있습니다. 농협평화지소, 삼천우성아파트  버스정류장에서 하차 하시면 보입니다.(배차 간격이 10분-15분가량)"
34511000103,C01,52,111,GIP홈케어,00,NORMAL SERVICE.,C01,www.giphomecare.naver.com,34511000103,사무실 앞 주차 / 건물 뒤편 주차 가능,중노송동 천사마을 하차
34511000125,C01,52,111,한사랑 재가복지센터,00,NORMAL SERVICE.,C01,無,34511000125,"저희 센터는 골목길에 위치하여 주차시설이 따로 없습니다.센터 가까운 길목에 주차하시거나, 대중교통을 이용해 주시면 감사하겠습니다.오실 때 미리 연락 주시면 최대한 가까운 쪽에 자리를 맡을 수 있도록 하겠습니다.","주변 대중교통(버스) 서신신협(본병원 방향)2002, 3001, 3002, 104, 61, 3-2 서신신협(동사무소 방향)2002, 3001, 3002, 104, 61, 3-1"
34511000127,C01,52,111,비전재가복지센터,00,NORMAL SERVICE.,C01,http://cafe.naver.com/vision0780,34511000127,중화산점 (현)에브리마트 (구)중산마트 1층에 주차시설이 있으며 건물 주변에 주차하시면 됩니다.,"(대중교통) 버스 이용시 : 3-1,3-2 (우성중산타운 정류장),  309,101,2001,2002 (근영여고 정류장), 6,104 (중화2동 주민센터 정류장), 119,165 (이동교 정류장), 355,354 (완산구청 정류장)자가 이용시 : 전북 전주시 완산구 중화산로74  (현)에브리마트 , (구)중산마트 1층에 주차 가능합니다."
34511000003,C02,52,113,예찬365일데이케어,00,NORMAL SERVICE.,C02,yechan365.com,34511000003,본건물 1층,"위치> 인후동 (백제로) 뱅크빌딩, 인후동 한전 맞은편 시내버스정류장: 백제로 한국농어촌공사 앞에서 하차                         백제로 한전 하차                         인후동 대자인병원앞(명주골 사거리) 하차"
34511000081,C02,52,111,성목노인복지기관,00,NORMAL SERVICE.,C02,,34511000081,성목(聖牧)노인복지기관 건물 내 주차장(무료),"서신동 본병원 사거리에서 천변쪽 대로변에 위치버스 : 3-1, 3-2 승차 후 본병원 사거리에서 하차"
34511000085,C02,52,111,건강한마을노인복지센터,00,NORMAL SERVICE.,C02,"http://cafe.daum.net/jmedcoop ,  http://www.jhwsca.co.kr",34511000085,건물에 주차장 있습니다.(6~7대 주차 가능),"평화동 사거리 근처 삼천동 방향  전주농협 옆 건물  5층에 위치하고 있습니다. 농협평화지소, 삼천우성아파트  버스정류장에서 하차 하시면 보입니다.(배차 간격이 10분-15분가량)"
34511000103,C02,52,111,GIP홈케어,00,NORMAL SERVICE.,C02,www.giphomecare.naver.com,34511000103,사무실 앞 주차 / 건물 뒤편 주차 가능,중노송동 천사마을 하차
34511000125,C02,52,111,한사랑 재가복지센터,00,NORMAL SERVICE.,C02,無,34511000125,"저희 센터는 골목길에 위치하여 주차시설이 따로 없습니다.센터 가까운 길목에 주차하시거나, 대중교통을 이용해 주시면 감사하겠습니다.오실 때 미리 연락 주시면 최대한 가까운 쪽에 자리를 맡을 수 있도록 하겠습니다.","주변 대중교통(버스) 서신신협(본병원 방향)2002, 3001, 3002, 104, 61, 3-2 서신신협(동사무소 방향)2002, 3001, 3002, 104, 61, 3-1"
34511000127,C02,52,111,비전재가복지센터,00,NORMAL SERVICE.,C02,http://cafe.naver.com/vision0780,34511000127,중화산점 (현)에브리마트 (구)중산마트 1층에 주차시설이 있으며 건물 주변에 주차하시면 됩니다.,"(대중교통) 버스 이용시 : 3-1,3-2 (우성중산타운 정류장),  309,101,2001,2002 (근영여고 정류장), 6,104 (중화2동 주민센터 정류장), 119,165 (이동교 정류장), 355,354 (완산구청 정류장)자가 이용시 : 전북 전주시 완산구 중화산로74  (현)에브리마트 , (구)중산마트 1층에 주차 가능합니다."
34511000003,C03,52,113,예찬365일데이케어,00,NORMAL SERVICE.,C03,yechan365.com,34511000003,본건물 1층,"위치> 인후동 (백제로) 뱅크빌딩, 인후동 한전 맞은편 시내버스정류장: 백제로 한국농어촌공사 앞에서 하차                         백제로 한전 하차                         인후동 대자인병원앞(명주골 사거리) 하차"
34511000127,C03,52,111,비전재가복지센터,00,NORMAL SERVICE.,C03,http://cafe.naver.com/vision0780,34511000127,중화산점 (현)에브리마트 (구)중산마트 1층에 주차시설이 있으며 건물 주변에 주차하시면 됩니다.,"(대중교통) 버스 이용시 : 3-1,3-2 (우성중산타운 정류장),  309,101,2001,2002 (근영여고 정류장), 6,104 (중화2동 주민센터 정류장), 119,165 (이동교 정류장), 355,354 (완산구청 정류장)자가 이용시 : 전북 전주시 완산구 중화산로74  (현)에브리마트 , (구)중산마트 1층에 주차 가능합니다."
34511000136,C03,52,113,전북실버복지센터,00,NORMAL SERVICE.,C03,http://www.jbswc.kr/,34511000136,"""전북실버복지센터""앞에 전용주차장이 있으나 협소함으로 바로 앞 성락프라자 주차장에 주차하시거나 근처 골목에 주차하시면 됩니다.","전북특별자치도 전주시 인후동에 있는 성락프라자(주상복합) 바로 앞에 있습니다.성락프라자 아파트 입구쪽으로 오시면 바로 정면에 ""전북실버복지센터"" 건물이 크게보입니다.주소는 ""전주시 덕진구 명주5길 9-5"" 입니다.버스는 백제로를 지나가는 버스를 타시면 되며 인후동 방면 버스는 대부분이 센터 근처를 지나갑니다.성락프라자 앞으로 오신후 063)252-3632번으로 전화주시면 친절히 설명 드리겠습니다."
34511000148,C03,52,111,효자복지센터,00,NORMAL SERVICE.,C03,http://hyobj.cafe24.com/,34511000148,건물앞뒤 주차장,119번 전북대학교농협앞->평화동종점 420번 월드컵경기장->중인동
34511000335,C03,52,113,코리아복지요양센터,00,NORMAL SERVICE.,C03,없음,34511000335,"전주시 덕진구 안덕원로 168번지 본건물 1층 뒷쪽주변 주차 개방시설/ 전주여고.전주생명과학고.전북은행모래내지점,전주침례교회주차장등 잠깐 주차가능",시내버스 이용시 양방향 모래내시장 정류소에서 하차완산구쪽에서 오시는 버스 535. 119. 511. 515. 3-2. 105. 6번 등완주 봉동 호성동방면에서 오시는 버스535. 511. 515. 6 번등
34511000346,C03,52,111,사랑방노인복지센터,00,NORMAL SERVICE.,C03,https://blog.naver.com/namsera7277,34511000346,"15대, 장애인 주차 구역 완비","전북특별자치도 완산구 평화동 우미아파트 상가동 3층평화동 사거리에서 구이방면버스노선 : 522,54,55,101,119,5001,108,6,511"
34511000415,C05,52,111,하나방문간호센터,00,NORMAL SERVICE.,C05,http://hananursecare.modoo.at/,34511000415,건물 옆 주차장 이용 가능 하며  주차 공간 넉넉한 장소 입니다자가용 이용시 별다른 불편감 없으십니다,버스: 삼천동 세창짜임아파트 하차(381/119(분선)/119/373/383)         안행현대아파트(424)         안행금호아파트(424)         삼천개나리아파트(119/119(분선)/373/381/383)
34511000501,C05,52,113,더행복플러스재가복지센터,00,NORMAL SERVICE.,C05,http//:happyplus00.naver.com,34511000501,덕진보건소근처 우아시장 골목 우아한시티 아파트 근처 주차가능,대중교통편:전주역 방면 버스 79번 119번 6번 ..봉동 방면 51.52.53 번등...자가용편: 홈플러스사거리 홈플러스 지나서 덕진보건소 주차장을 지나서 희망찬 교회골목우아한시티 1단지 후문  우아어린이집 정문 골목 원불교근처덕진보건소 근처
34511000508,C05,52,111,정현방문간호센터,00,NORMAL SERVICE.,C05,"boik2003@naver,com",34511000508,3대,평화동 사거리 에서   삼천동 가는 방향 동아 현대 아파트 후문 쪽 대우 쉐보레 자동차 정비 뒤쪽편  숨터빌 1층 상가
34511000588,C05,52,113,간호천사노인복지센터,00,NORMAL SERVICE.,C05,http://nurseangel.wcw.co.kr,34511000588,"내부 주차장 3대, 외부 주차 가능, 근처 도보3분 내 무료공영주차장","1-6,3-1,5-2,54,55,56,57,56,119,80번 버스 주변 버스정류장: 한신휴플러스앞, 안골사거리"
34513000026,C05,52,130,정성방문간호센터,00,NORMAL SERVICE.,C05,https://band.us/@js7135,34513000026,센터 내 2대센터 앞에 공영주차장 있음,자동차 - 시청앞 거북선과 고용센터 사이길에서 수정사우나를 지나 공원에서 우회전 하면 공원 옆에 위치- 시청 앞에서 법원 방향으로 좌 또는 우회전해서 3번째 블럭에서 좌회전하면 공원 옆에 위치대중교통 - 시청 앞에서 하차 거북선과 고용센터 사이길에서 수정사우나를 지나 공원에서 우회전 하면 공원 옆에 위치- 시청 앞에서 하차 법원 방향으로 3번째 블럭에서 좌회전하면 공원 옆에 위치
34513000063,C05,52,130,가정노인복지센터,00,NORMAL SERVICE.,C05,http://blog.naver.com/yousung7,34513000063,* 사무실 앞 주차 가능.(10여대 이상),"군산~대야 중간 지점인 개정면사무소와 발산초등학교 100여 미터 전방에 위치하며노인성질병이나 고령으로 인하여 혼자서 일상생활을 수행하기 어려운 요양등급(1~5등급)대상자들에게 ‘방문요양’, ‘방문목욕’, '방문간호', '통합재가급여' 서비스를 제공해 드리는 장기요양기관입니다. 사무실 앞 주차공간이 있으며 도로변 주차도 가능합니다.  버스노선 : 아산리~나포 25번 노선, 미룡 주공에서 아산리, 나포 방면 25번, 당산, 송호리 버스가 경유합니다."
34511000003,C06,52,113,예찬365일데이케어,00,NORMAL SERVICE.,C06,yechan365.com,34511000003,본건물 1층,"위치> 인후동 (백제로) 뱅크빌딩, 인후동 한전 맞은편 시내버스정류장: 백제로 한국농어촌공사 앞에서 하차                         백제로 한전 하차                         인후동 대자인병원앞(명주골 사거리) 하차"
34511000008,C06,52,111,대성의료기,00,NORMAL SERVICE.,C06,blog.naver.com/dsmed9131,34511000008,3대외 뒷편 유료주차장 주차권 발행,"전주 예수병원 맞은편 버스편 : 예수병원 정류장 버스노선 번호 4000, 6002, 101, 355, 383 노선"
34511000087,C06,52,111,백제의료기,00,NORMAL SERVICE.,C06,www.daum.net.cafe.bj2045,34511000087,근처에 주차가능한 이면도로가 있슴.,전라북도 완산구 중화산동 어은로 35
34511000088,C06,52,111,건강우리의료기,00,NORMAL SERVICE.,C06,http://cafe.daum.net/sm7585,34511000088,사무실 앞이나  아파트에 잠시 주차 가능합니다.,예수병원 정문앞 예수대학교 건너편 신일아파트 상가입니다.
34511000120,C06,52,113,상아의료기,00,NORMAL SERVICE.,C06,없음,34511000120,주차가능,전북대학병원 정문 앞 위치
34511000132,C06,52,111,연세물산,00,NORMAL SERVICE.,C06,kidscore@hanmail.net,34511000132,코아백화점 또는 코아호텔,대중교통: 중앙시장에서 하차하여 3분거리 (코아백화점 과 고려저축은행사이)
14511000002,G31,52,113,전주요양원,00,NORMAL SERVICE.,G31,www.jj-w.or.kr,14511000002,전주요양원 주차장을 이용하세요.,"- 아중, 우아, 전주역 방향에서는 시내버스 이용하여 대송장례식장에서 하차하여 2대대 방향 500m 직진 한뒤 한라 비발디 1,2차 아파트 사이로 직직하여 좌회전 후 200m 우측에 위치하고 있음.  - 시내에서 송천동, 전라고 방면 시내버스 이용하여 신일아파트 사거리, 또는 kcc스위첸(오송중학교)에서 하차 후 진흥 더블파크 아파트 도로끝 전주푸드직매장 가기 50m전 우측 전주요양원 경사로 위쪽에 위치하고 있음.(경사로 오르기 어려우신 장애인, 노인분은 출입구 우측 도움벨을 눌러 도움요청하세요)- 자가차량 이용시 송천동 오송초등학교 정문과 진흥더블파크 사이 4차선 도로 끝에 위치하고 있음. 한라비발디 아파트 정문 왼쪽 대각선 방향에 위치하고 있음. . 동부 우회도로에서 2대대방향으로 진입하여 한라비발디 뒤편으로 진입하여 한라비발디 정문쪽으로 좌회전하여 정면에 위치하고 있음."
14511000718,G31,52,111,전주보훈요양원,00,NORMAL SERVICE.,G31,https://jjcare.bohun.or.kr/000main/main.asp,14511000718,"○ 지상 91대, ○ 지하 26대","○ 자가용 - (전주톨게이트) 반월교차로에서 월드컵경기장 방면 우회전 - 조촌교차로에서 군산,익산방면 우회전 - 쑥고개 교차로에서 정읍, 효자동 방면 오른쪽 방향 - 쑥고개옛길 방면 좌회전(서전주IC) 이서교차로에서 전주 방면 왼쪽 방향 - 쑥고개 교차로에서 정읍, 효자동 방면 오른쪽 방향 - 쑥고개옛길 방면 좌회전 ○ 버스 - 112번, 644번, 684번, 685번 탑승, 전주보훈요양원 정류장 하차 - 도보 2분○ 주소 : 전라북도 전주시 완산구 쑥고개옛길 65  ○ 대표전화 : 063-220-0777"
14513000001,G31,52,130,시온의집,00,NORMAL SERVICE.,G31,www.sionsung.or.kr,14513000001,시설 앞마당 주차장 : 승용차 기준 약 30여대 주차가능.,"1. 군산시내에서 오시는 길 군산시청 - 월명운동장 - 대야 - 임피 - 임피파출소에서 우회전(호원대방향) - 약 100M 직진 후 좌회전하시어 진입하시면 시온의집 나옴.  군산시청 - 제일고 - 구암동 현대아파트 - 성산(군산IC방면)  - 우회전 27번 국도 진입(익산,임피방면) - 나포,대야로 빠지셔서 계속 직진 - 임피파출소 나오면 호원대방향으로 우회전 - 약100M 진입 후 좌회전 하시면 시온의집.2. 서해안 고속도로 이용시 (서울 -> 군산) 군산 톨게이트로 나오셔서 익산 임피방면(27번 국도)으로 진입 - 대야 나포 방면으로 빠지신 후 계속 직진(대야방향) - 동영주유소(S-oil) 지나서 계속 직진 - 임피파출소 나오면 호원대 방향으로 진입하신 후 좌회전(시온의집)3. 호남고속도로 이용시 (서울 -> 군산) 전주 톨게이트로 나오셔서 군산방향으로 우회전 자동차 전용도로 진입 후 계속 직진 - 대야IC 에서 빠지신 후 대야검문소(파출소) 지나 임피방면으로 우회전 - 계속 직진  (약 10KM) - 임피파출소 나오면 우회전 후 약 100M 진입 후 좌회전하시면 시온의집."
14513000009,G31,52,130,군산행복한집,00,NORMAL SERVICE.,G31,http://cafe.daum.net/ihyo,14513000009,"앞마당 주차장 : 장애인용 1대, 일반 8대 주차 가능",◎ 대중교통 이용 시 (버스노선안내)  ■ 은적사정류장 : ①번 ②번 ③번 ⑥번 ⑦번 ⑧번 ⑨번  ■ 소룡사거리(월명중학교 앞) : ③번 ⑥번 ⑦번 등◎ 자가용 이용 시   ■ 자동차전용도로에서 군산대 방면 우회전→극동사거리에서 외향방면으로 좌회전→ 해양수산청방면으로 우회전→ 소룡초등학교 정문앞에서 100m 전방에 위치함  ■ 군산터미널에서 직진 → 해망동방면 → 전북외고앞에서 비행장방면으로 좌회전 → 은     적사 입구에서 좌회전(150m) → 군산행복한집(금강골드빌 입구)
14514000005,G31,52,140,백향노인전문요양원,00,NORMAL SERVICE.,G31,http://www.bh1616.co.kr,14514000005,요양원 바로 앞 주차장 완비 최대 30대까지 주차 가능,"- 자가용(자차) 이용 시  삼기면사무소에서 미륵사지 방향으로 약 2Km 직진 후 우측방향(5분 소요)  영등동 근로복지회관에서 하나로대로 직진 , 미륵사지 방향으로 우회전 후 약2.5Km   (10분 소요) - 대중교통 이용 시  익산 원광대의료원 앞 승차장에서 41번 시내버스 이용. 약25분 소요 삼기산 마을 앞에서   하차"
14514000455,G31,52,140,사랑방요양원,00,NORMAL SERVICE.,G31,http://cafe.naver.com/noin1004,14514000455,5대 주차가능그외는 함열장례식장 주차장이용 가능,함열 정동1길 3번지버스 : 함열장례식장 하차
14511000002,G32,52,113,전주요양원,00,NORMAL SERVICE.,G32,www.jj-w.or.kr,14511000002,전주요양원 주차장을 이용하세요.,"- 아중, 우아, 전주역 방향에서는 시내버스 이용하여 대송장례식장에서 하차하여 2대대 방향 500m 직진 한뒤 한라 비발디 1,2차 아파트 사이로 직직하여 좌회전 후 200m 우측에 위치하고 있음.  - 시내에서 송천동, 전라고 방면 시내버스 이용하여 신일아파트 사거리, 또는 kcc스위첸(오송중학교)에서 하차 후 진흥 더블파크 아파트 도로끝 전주푸드직매장 가기 50m전 우측 전주요양원 경사로 위쪽에 위치하고 있음.(경사로 오르기 어려우신 장애인, 노인분은 출입구 우측 도움벨을 눌러 도움요청하세요)- 자가차량 이용시 송천동 오송초등학교 정문과 진흥더블파크 사이 4차선 도로 끝에 위치하고 있음. 한라비발디 아파트 정문 왼쪽 대각선 방향에 위치하고 있음. . 동부 우회도로에서 2대대방향으로 진입하여 한라비발디 뒤편으로 진입하여 한라비발디 정문쪽으로 좌회전하여 정면에 위치하고 있음."
14511000718,G32,52,111,전주보훈요양원,00,NORMAL SERVICE.,G32,https://jjcare.bohun.or.kr/000main/main.asp,14511000718,"○ 지상 91대, ○ 지하 26대","○ 자가용 - (전주톨게이트) 반월교차로에서 월드컵경기장 방면 우회전 - 조촌교차로에서 군산,익산방면 우회전 - 쑥고개 교차로에서 정읍, 효자동 방면 오른쪽 방향 - 쑥고개옛길 방면 좌회전(서전주IC) 이서교차로에서 전주 방면 왼쪽 방향 - 쑥고개 교차로에서 정읍, 효자동 방면 오른쪽 방향 - 쑥고개옛길 방면 좌회전 ○ 버스 - 112번, 644번, 684번, 685번 탑승, 전주보훈요양원 정류장 하차 - 도보 2분○ 주소 : 전라북도 전주시 완산구 쑥고개옛길 65  ○ 대표전화 : 063-220-0777"
14513000001,G32,52,130,시온의집,00,NORMAL SERVICE.,G32,www.sionsung.or.kr,14513000001,시설 앞마당 주차장 : 승용차 기준 약 30여대 주차가능.,"1. 군산시내에서 오시는 길 군산시청 - 월명운동장 - 대야 - 임피 - 임피파출소에서 우회전(호원대방향) - 약 100M 직진 후 좌회전하시어 진입하시면 시온의집 나옴.  군산시청 - 제일고 - 구암동 현대아파트 - 성산(군산IC방면)  - 우회전 27번 국도 진입(익산,임피방면) - 나포,대야로 빠지셔서 계속 직진 - 임피파출소 나오면 호원대방향으로 우회전 - 약100M 진입 후 좌회전 하시면 시온의집.2. 서해안 고속도로 이용시 (서울 -> 군산) 군산 톨게이트로 나오셔서 익산 임피방면(27번 국도)으로 진입 - 대야 나포 방면으로 빠지신 후 계속 직진(대야방향) - 동영주유소(S-oil) 지나서 계속 직진 - 임피파출소 나오면 호원대 방향으로 진입하신 후 좌회전(시온의집)3. 호남고속도로 이용시 (서울 -> 군산) 전주 톨게이트로 나오셔서 군산방향으로 우회전 자동차 전용도로 진입 후 계속 직진 - 대야IC 에서 빠지신 후 대야검문소(파출소) 지나 임피방면으로 우회전 - 계속 직진  (약 10KM) - 임피파출소 나오면 우회전 후 약 100M 진입 후 좌회전하시면 시온의집."
14513000009,G32,52,130,군산행복한집,00,NORMAL SERVICE.,G32,http://cafe.daum.net/ihyo,14513000009,"앞마당 주차장 : 장애인용 1대, 일반 8대 주차 가능",◎ 대중교통 이용 시 (버스노선안내)  ■ 은적사정류장 : ①번 ②번 ③번 ⑥번 ⑦번 ⑧번 ⑨번  ■ 소룡사거리(월명중학교 앞) : ③번 ⑥번 ⑦번 등◎ 자가용 이용 시   ■ 자동차전용도로에서 군산대 방면 우회전→극동사거리에서 외향방면으로 좌회전→ 해양수산청방면으로 우회전→ 소룡초등학교 정문앞에서 100m 전방에 위치함  ■ 군산터미널에서 직진 → 해망동방면 → 전북외고앞에서 비행장방면으로 좌회전 → 은     적사 입구에서 좌회전(150m) → 군산행복한집(금강골드빌 입구)
14514000005,G32,52,140,백향노인전문요양원,00,NORMAL SERVICE.,G32,http://www.bh1616.co.kr,14514000005,요양원 바로 앞 주차장 완비 최대 30대까지 주차 가능,"- 자가용(자차) 이용 시  삼기면사무소에서 미륵사지 방향으로 약 2Km 직진 후 우측방향(5분 소요)  영등동 근로복지회관에서 하나로대로 직진 , 미륵사지 방향으로 우회전 후 약2.5Km   (10분 소요) - 대중교통 이용 시  익산 원광대의료원 앞 승차장에서 41번 시내버스 이용. 약25분 소요 삼기산 마을 앞에서   하차"
14518000021,G32,52,180,크로바실버빌,00,NORMAL SERVICE.,G32,크로바.kr,14518000021,크로바실버빌 건물 주변으로 20대 정도 주차 가능합니다.,"☞ 찾아오시는 길 정읍시내 방면에서 오실 때: 1번 국도를 경유, 입암 중학교 인근 국도변 우측.  고속도로에서 오실 때: 내장산IC를 나오셔서 사거리에서 고창방면 우회전, 삼거리우회전,   입암파출소 우회전, 입암 중학교를 지나 좌측."
14511000002,G33,52,113,전주요양원,00,NORMAL SERVICE.,G33,www.jj-w.or.kr,14511000002,전주요양원 주차장을 이용하세요.,"- 아중, 우아, 전주역 방향에서는 시내버스 이용하여 대송장례식장에서 하차하여 2대대 방향 500m 직진 한뒤 한라 비발디 1,2차 아파트 사이로 직직하여 좌회전 후 200m 우측에 위치하고 있음.  - 시내에서 송천동, 전라고 방면 시내버스 이용하여 신일아파트 사거리, 또는 kcc스위첸(오송중학교)에서 하차 후 진흥 더블파크 아파트 도로끝 전주푸드직매장 가기 50m전 우측 전주요양원 경사로 위쪽에 위치하고 있음.(경사로 오르기 어려우신 장애인, 노인분은 출입구 우측 도움벨을 눌러 도움요청하세요)- 자가차량 이용시 송천동 오송초등학교 정문과 진흥더블파크 사이 4차선 도로 끝에 위치하고 있음. 한라비발디 아파트 정문 왼쪽 대각선 방향에 위치하고 있음. . 동부 우회도로에서 2대대방향으로 진입하여 한라비발디 뒤편으로 진입하여 한라비발디 정문쪽으로 좌회전하여 정면에 위치하고 있음."
14513000009,G33,52,130,군산행복한집,00,NORMAL SERVICE.,G33,http://cafe.daum.net/ihyo,14513000009,"앞마당 주차장 : 장애인용 1대, 일반 8대 주차 가능",◎ 대중교통 이용 시 (버스노선안내)  ■ 은적사정류장 : ①번 ②번 ③번 ⑥번 ⑦번 ⑧번 ⑨번  ■ 소룡사거리(월명중학교 앞) : ③번 ⑥번 ⑦번 등◎ 자가용 이용 시   ■ 자동차전용도로에서 군산대 방면 우회전→극동사거리에서 외향방면으로 좌회전→ 해양수산청방면으로 우회전→ 소룡초등학교 정문앞에서 100m 전방에 위치함  ■ 군산터미널에서 직진 → 해망동방면 → 전북외고앞에서 비행장방면으로 좌회전 → 은     적사 입구에서 좌회전(150m) → 군산행복한집(금강골드빌 입구)
14511000002,G34,52,113,전주요양원,00,NORMAL SERVICE.,G34,www.jj-w.or.kr,14511000002,전주요양원 주차장을 이용하세요.,"- 아중, 우아, 전주역 방향에서는 시내버스 이용하여 대송장례식장에서 하차하여 2대대 방향 500m 직진 한뒤 한라 비발디 1,2차 아파트 사이로 직직하여 좌회전 후 200m 우측에 위치하고 있음.  - 시내에서 송천동, 전라고 방면 시내버스 이용하여 신일아파트 사거리, 또는 kcc스위첸(오송중학교)에서 하차 후 진흥 더블파크 아파트 도로끝 전주푸드직매장 가기 50m전 우측 전주요양원 경사로 위쪽에 위치하고 있음.(경사로 오르기 어려우신 장애인, 노인분은 출입구 우측 도움벨을 눌러 도움요청하세요)- 자가차량 이용시 송천동 오송초등학교 정문과 진흥더블파크 사이 4차선 도로 끝에 위치하고 있음. 한라비발디 아파트 정문 왼쪽 대각선 방향에 위치하고 있음. . 동부 우회도로에서 2대대방향으로 진입하여 한라비발디 뒤편으로 진입하여 한라비발디 정문쪽으로 좌회전하여 정면에 위치하고 있음."
14513000009,G34,52,130,군산행복한집,00,NORMAL SERVICE.,G34,http://cafe.daum.net/ihyo,14513000009,"앞마당 주차장 : 장애인용 1대, 일반 8대 주차 가능",◎ 대중교통 이용 시 (버스노선안내)  ■ 은적사정류장 : ①번 ②번 ③번 ⑥번 ⑦번 ⑧번 ⑨번  ■ 소룡사거리(월명중학교 앞) : ③번 ⑥번 ⑦번 등◎ 자가용 이용 시   ■ 자동차전용도로에서 군산대 방면 우회전→극동사거리에서 외향방면으로 좌회전→ 해양수산청방면으로 우회전→ 소룡초등학교 정문앞에서 100m 전방에 위치함  ■ 군산터미널에서 직진 → 해망동방면 → 전북외고앞에서 비행장방면으로 좌회전 → 은     적사 입구에서 좌회전(150m) → 군산행복한집(금강골드빌 입구)
24511000576,H31,52,111,전주 재활전문 주간보호센터,00,NORMAL SERVICE.,H31,http://xn--s39a810adjbj1hltjdpaj8cd44afvkeka.kr/index.php,24511000576,매우양호/한시간무료.한시간 무료운영중.,"교통센터,주차장매우양호,평화동비와시건물,보호자1시간무료.."
24513000149,H31,52,130,씨앗노인복지센터,00,NORMAL SERVICE.,H31,없음,24513000149,동시에 차량 10대 주차 가능합니다.,군산에서 오시는 어르신은 65번 시내버스를 이용하시면 됩니다. 금암초등학교 후문 50M 이내에 위치하고 있습니다.차량운행 가능합니다.
24519000023,H31,52,190,지리산주간보호센터,00,NORMAL SERVICE.,H31,http://cafe.daum.net/wooli1900,24519000023,"본관 앞 주차장, 별관 뒤 주차장","남원시청 동남쪽에 위치해 있으며 고속도로 이용시 약 27km, 무료도로 이용시 약 30km에 위치함.- 시외버스는 남원터미널에서 함양·인월·지리산 방면 시외버스를 탑승하여 인월에서 하차 아영 방면으로 6km- 시내버스는 남원 시외버스터미널에서 시간대별로 있으며 센터 앞에서 하차- 자가용은 광주대구고속도로 지리산 IC에서 아영 방면 4km"
24521000010,H31,52,210,김제노인복지센터,00,NORMAL SERVICE.,H31,blog.naver.com/kgapa7848,24521000010,30여대 주차 가능 시설,☆ 김제시내 덕암고ㅡ 서흥농공단지ㅡ 백산삼거리(종축장삼거리)ㅡ 요교방면 우회전해서2km 직진ㅡ 김제노인복지센터이정표(소음방마을)에서 좌회전ㅡ 500m전방본센터(소음방마을회관바로 옆)☆ 익산 김제쪽 산업도로ㅡ 벽성대ㅡ 종축장사거리 좌회전해서 2km 직진ㅡ 노인복지센터이정표(소음방마을)에서좌회전ㅡ 500m전방 본센터(소음방마을회관바로옆)☆ 전주이서  애통 검문소ㅡ 용지방면 우회전해서3km 직진ㅡ 익산.백산 방면 사거리에서 좌회전해 2.3km직진ㅡ 노인복지센터이정표(소음방마을)에서우회전ㅡ 500m전방본센터(소음방마을회관바로옆)
24571000009,H31,52,710,예은노인복지센터,00,NORMAL SERVICE.,H31,http://www.yeeunsilver.com/50,24571000009,동시주차가능 30대(소형차 40대),"-대중교퉁이용 시 : 전주에서 752번,203번 이용 -자가차량이용 시 : 전주권에서 남원방향 한일장신대 지나 1km 우측                              남원방향에서 전주방향으로 죽림온천지나 2km 좌측-주      소: 전라북도 완주시 상관면 춘향로 4615-44-이 메 일: yeeuncenter@hanmail.net-전화번호:063)232-2442-팩      스:063)714-2222"
24572000046,H31,52,720,믿음의집 병설 밀알재가노인복지센터,00,NORMAL SERVICE.,H31,http://blog.naver.com/milal6877,24572000046,. 센터 앞 5대 주차 가능. 인근 30대 이상 주차 가능,"자가용  .전주→진안→마령방면 (3분 소요)→ 원반월마을(왼편 OK레미콘)→반월교회 옆  .전주 톨게이트→호남고속도로 →익산포항고속도로→원반월길→반월교회 옆대중교통(군내버스)  .진안발→(산암,원반월)방면 →반월리 마을회관 하차→반월교회 옆"
34519000115,I31,52,190,이웃사랑노인주간보호센터,00,NORMAL SERVICE.,I31,http://cafe.daum.net/0636326005,34519000115,센터 주변에 20대정도의 주차시설 되어 있습니다.,"시내에서 오실 경우전주 방향으로 직진하시고 춘향 터널을 지나 3k정도 지나면 [전주는 직진, 덕과는 우측] 사매 덕과 우측으로 꺽어 들어오셔서 덕과면 초등학교 앞까지 오시면 됩니다. 덕과 초등학교 앞 우회전을 하시면 이정표가 있으며 직전하셔서 500M정도 오시면 이정표데로 좌회전을 하시어 100M 정도 산쪽으로 올라오시면 됩니다.전주에서 오실 경우남원 방향으로 오시다가 오수 덕과 방향으로 오시면 됩니다. 지나쳤을 경우 직진하시다가 혼불문학관쪽으로 빠지셔서 자회전을 하시어서 사매방향으로 오시면 됩니다. 사매에서 부터는 덕과 방향으로 계속 진직하시어 초등학교까지 오시고  덕과 초등학교 앞 우회전을 하시면 이정표가 있으며 직진하셔서 500M정도 오시면 이정표 데로 좌회전을 하시어 100M정도 산 쪽으로 올라오시면 됩니다."
34579000039,I31,52,790,원광 재활전문 주야간보호센터,00,NORMAL SERVICE.,I31,http://wkcarecenter.co.kr,34579000039,○ 명칭 : 원광재활전문주야간보호센터 주차장○ 위치 : 전북특별자치도 고창군 고수면 고수농공단지길 61-3○ 규모 : 면적 약 400 ㎡○ 주차 구획수 : 총 32면,▶ 서해안고속도로       서해안고속도로진입 → 고창IC → 고창방향(좌회전) →        고창우회도로(첫사거리 우회전)  4차선이 2차선으로 줄어       들고 500M 가서 우회전(고수농공단지)→ 보은의집이정표▶ 경부고속도로       경부고속도로진입 → 정읍IC → 고창방향(좌회전) →        고창우회도로(첫사거리 우회전)  4차선이 2차선으로 줄어       들고 500M 가서 우회전(고수농공단지)→ 보은의집이정표
14511000026,M31,52,111,서전주요양원,00,NORMAL SERVICE.,M31,http://www.jjeunhyemaul.kr,14511000026,원내 주차장 이용 가능,"1. 자가용 - 국립전주박물관 지나 쑥고개옛길 진입 후 200미터 전방 위치2. 시내버스 - 684번, 644번 (20분 간격) 은혜마을(본 원이 정류장) 하차"
