longTermAdminSym_request,adminPttnCd_request,siDoCd_request,siGunGuCd_request,adminNm_request,resultCode,resultMsg,BDongCd,HDongCd,adminFdatType,adminNm,adminPttnCd,detailAddr,fl,gunmulMlno,gunmulSlno,hmPostNo,locTelNo_1,locTelNo_2,locTelNo_3,longTermAdminSym,longTermPeribRgtDt,riCd,roadNmCd,siDoCd,siGunGuCd,stpRptDt
11111000006,A03,11,110,청운노인요양원,00,NORMAL SERVICE.,182,560,3,청운노인요양원,A03,,,76,0,03001,02,3217,0057,11111000006,20080625,00,111104100122,11,110,20080625
11111000056,A03,11,110,인자인케어센터,00,NORMAL SERVICE.,183,560,3,인자인케어센터,A03,398번지 5호,,26,0,03006,02,394,2234,11111000056,20100701,00,111104100493,11,110,20100701
11111000060,A03,11,110,평창동시니어센터,00,NORMAL SERVICE.,183,560,4,평창동시니어센터,A03,553번지 5호,,10,0,03006,02,391,7936,11111000060,20101125,00,111104100491,11,110,20101125
11111000068,A03,11,110,아름다운뜰안에 요양원,00,NORMAL SERVICE.,183,560,4,아름다운뜰안에 요양원,A03,523번지 38호,,70,0,03005,02,396,0461,11111000068,20110816,00,111104100496,11,110,20110816
11111000076,A03,11,110,서울여자간호대학교 휴먼캐슬,00,NORMAL SERVICE.,183,560,3,서울여자간호대학교 휴먼캐슬,A03,,,318,0,03004,02,391,8464,11111000076,20130530,00,111104100519,11,110,20130530
11111000088,A04,11,110,아름다운실버홈,00,NORMAL SERVICE.,183,560,4,아름다운실버홈,A04,,,123,0,03002,02,394,0461,11111000088,20151208,00,111104100519,11,110,20130408
11120000056,A04,11,200,한마음너싱홈,00,NORMAL SERVICE.,122,790,4,한마음너싱홈,A04,19번지 10호,,91,0,04805,02,2215,0174,11120000056,20091102,00,112004109509,11,200,20091028
11120000110,A04,11,200,서울숲 요양원,00,NORMAL SERVICE.,115,670,4,서울숲 요양원,A04,,4,401,2,04784,02,6204,7227,11120000110,20140411,00,112003103010,11,200,20140411
11120000126,A04,11,200,서울숲재활요양원,00,NORMAL SERVICE.,115,670,4,서울숲재활요양원,A04,,3층,401,2,04784,02,499,7226,11120000126,20151001,00,112003103010,11,200,20151001
11120000190,A04,11,200,금호무지개요양원,00,NORMAL SERVICE.,110,615,4,금호무지개요양원,A04,,,17,0,04723,02,2234,4179,11120000190,20221230,00,112004109044,11,200,20221223
21111000001,B01,11,110,서울시 종로구 재가노인복지기관,00,NORMAL SERVICE.,175,700,3,서울시 종로구 재가노인복지기관,B01,,지층 우측,1,0,03108,02,744,8573,21111000001,20080618,00,111104100381,11,110,19920501
21111000123,B01,11,110,효성재가요양복지센터,00,NORMAL SERVICE.,166,640,4,효성재가요양복지센터,B01,,,3,0,03082,02,3672,1125,21111000123,20210201,00,111104100041,11,110,20210201
21111000126,B01,11,110,종로재가복지센터,00,NORMAL SERVICE.,114,530,3,종로재가복지센터,B01,,,105,0,03041,02,723,9911,21111000126,20210601,00,111103100005,11,110,20210531
21111000127,B01,11,110,주민재가방문요양센터,00,NORMAL SERVICE.,153,615,5,주민재가방문요양센터,B01,,,26,1,03139,02,745,2016,21111000127,20211122,00,111104100062,11,110,20211119
21111000130,B01,11,110,종로이화재가복지센터,00,NORMAL SERVICE.,174,670,4,종로이화재가복지센터,B01,,2,49,0,03103,02,743,7705,21111000130,20220307,00,111103005007,11,110,20220303
21111000123,B02,11,110,효성재가요양복지센터,00,NORMAL SERVICE.,166,640,4,효성재가요양복지센터,B02,,,3,0,03082,02,3672,1125,21111000123,20210201,00,111104100041,11,110,20210201
21111000126,B02,11,110,종로재가복지센터,00,NORMAL SERVICE.,114,530,3,종로재가복지센터,B02,,,105,0,03041,02,723,9911,21111000126,20210601,00,111103100005,11,110,20210531
21111000130,B02,11,110,종로이화재가복지센터,00,NORMAL SERVICE.,174,670,4,종로이화재가복지센터,B02,,2,49,0,03103,02,743,7705,21111000130,20220307,00,111103005007,11,110,20220303
21111000132,B02,11,110,참터재가복지센터,00,NORMAL SERVICE.,174,680,3,참터재가복지센터,B02,,2,10,0,03106,02,744,4010,21111000132,20230315,00,111104100435,11,110,20230315
21111000139,B02,11,110,우리재가복지센터,00,NORMAL SERVICE.,174,670,4,우리재가복지센터,B02,,,47,0,03103,02,747,7400,21111000139,20231205,00,111104100390,11,110,20231205
21111000008,B03,11,110,종로데이케어센터,00,NORMAL SERVICE.,174,680,3,종로데이케어센터,B03,23번지 344호,,82,0,03091,02,741,4904,21111000008,20080630,00,111104100383,11,110,20080627
21111000034,B03,11,110,청운실버데이케어센터,00,NORMAL SERVICE.,101,515,2,청운실버데이케어센터,B03,89번지 12호,,29,0,03047,02,730,4966,21111000034,20090227,00,111104100281,11,110,20090227
21111000066,B03,11,110,보현데이케어센터,00,NORMAL SERVICE.,183,560,3,보현데이케어센터,B03,562번지 14호,,21,22,03002,02,394,5511,21111000066,20110602,00,111104100514,11,110,20110602
21111000085,B03,11,110,혜화동성당데이케어센터,00,NORMAL SERVICE.,169,650,3,혜화동성당데이케어센터,B03,,,14,9,03067,02,742,0515,21111000085,20150501,00,111104100540,11,110,20150501
21111000136,B03,11,110,수석데이케어센터,00,NORMAL SERVICE.,175,700,4,수석데이케어센터,B03,,2,82,0,03108,02,766,4150,21111000136,20230531,00,111103005007,11,110,20230531
21120000122,B04,11,200,서울숲 단기보호센터,00,NORMAL SERVICE.,115,670,4,서울숲 단기보호센터,B04,,4층,401,2,04784,02,6204,7227,21120000122,20150508,00,112003103010,11,200,20150508
21121500214,B04,11,215,더행복데이케어센터,00,NORMAL SERVICE.,105,830,3,더행복데이케어센터,B04,,"3,4",40,0,05101,02,2201,8001,21121500214,20160930,00,112154112283,11,215,20160930
21121500283,B04,11,215,광진늘푸른단기보호센타,00,NORMAL SERVICE.,105,820,4,광진늘푸른단기보호센타,B04,,6,613,0,05063,02,444,7171,21121500283,20201020,00,112153103010,11,215,20200924
21123000348,B04,11,230,맑은샘단기보호센터,00,NORMAL SERVICE.,105,610,4,맑은샘단기보호센터,B04,,2,19,0,02535,02,2244,2552,21123000348,20210201,00,112304115621,11,230,20210201
21123000372,B04,11,230,"소망재가복지 (단기보호, 방문요양)",00,NORMAL SERVICE.,105,610,4,"소망재가복지 (단기보호, 방문요양)",B04,,4,19,0,02535,02,2248,7533,21123000372,20220324,00,112304115621,11,230,20220324
21111000126,B05,11,110,종로재가복지센터,00,NORMAL SERVICE.,114,530,3,종로재가복지센터,B05,,,105,0,03041,02,723,9911,21111000126,20210601,00,111103100005,11,110,20210531
21111000130,B05,11,110,종로이화재가복지센터,00,NORMAL SERVICE.,174,670,4,종로이화재가복지센터,B05,,2,49,0,03103,02,743,7705,21111000130,20220307,00,111103005007,11,110,20220303
21111000145,B05,11,110,행복이음재가복지센터,00,NORMAL SERVICE.,113,530,3,행복이음재가복지센터,B05,,,97,0,03041,010,2868,3693,21111000145,20241030,00,111103100005,11,110,20241030
21114000095,B05,11,140,나무방문간호센터,00,NORMAL SERVICE.,155,605,4,나무방문간호센터,B05,,,14,0,04549,010,9121,7293,21114000095,20240703,00,111404103239,11,140,20240612
21117000191,B05,11,170,아가페방문간호센터,00,NORMAL SERVICE.,107,530,4,아가페방문간호센터,B05,,3,97,2,04324,010,4853,7726,21117000191,20260106,00,111703101024,11,170,20260106
21111000126,B06,11,110,종로재가복지센터,00,NORMAL SERVICE.,114,530,3,종로재가복지센터,B06,,,105,0,03041,02,723,9911,21111000126,20210601,00,111103100005,11,110,20210531
21117000172,B06,11,170,강원전자주식회사 복지용구센터 더돌봄,00,NORMAL SERVICE.,117,570,3,강원전자주식회사 복지용구센터 더돌봄,B06,,3,153,0,04363,02,702,0599,21117000172,20231116,00,111703102007,11,170,20231027
21117000182,B06,11,170,엠에이디실버,00,NORMAL SERVICE.,101,510,4,엠에이디실버,B06,,지,22,0,04327,070,8211,2728,21117000182,20250307,00,111704106591,11,170,20250307
21120000189,B06,11,200,빠른케어 성동사업소,00,NORMAL SERVICE.,104,535,4,빠른케어 성동사업소,B06,,B1,8,1,04707,02,1899,3115,21120000189,20220926,00,112004109443,11,200,20220829
21120000194,B06,11,200,우리의료기,00,NORMAL SERVICE.,102,520,4,우리의료기,B06,,3,93,1,04710,02,907,8255,21120000194,20231024,00,112004109280,11,200,20230927
31111000035,C01,11,110,효사랑플러스홈케어,00,NORMAL SERVICE.,185,550,4,효사랑플러스홈케어,C01,104번지 21호,,292,0,03017,02,395,7003,31111000035,20090401,00,111103100012,11,110,20090401
31111000048,C01,11,110,웃음드림방문요양센터,00,NORMAL SERVICE.,175,700,4,웃음드림방문요양센터,C01,,2,64,1,03109,02,766,1616,31111000048,20091211,00,111103005007,11,110,20091211
31111000050,C01,11,110,돌보미실버센터,00,NORMAL SERVICE.,174,680,4,돌보미실버센터,C01,,,3,0,03090,02,764,7664,31111000050,20091229,00,111104100451,11,110,20091228
31111000063,C01,11,110,행복한재가노인복지센터,00,NORMAL SERVICE.,174,690,4,행복한재가노인복지센터,C01,583번지 32호,,3,0,03096,02,745,3015,31111000063,20110407,00,111104100446,11,110,20110407
31111000074,C01,11,110,운화실버복지센터,00,NORMAL SERVICE.,174,670,4,운화실버복지센터,C01,,,101,31,03094,02,2232,9464,31111000074,20130122,00,111103005007,11,110,20130122
31111000048,C02,11,110,웃음드림방문요양센터,00,NORMAL SERVICE.,175,700,4,웃음드림방문요양센터,C02,,2,64,1,03109,02,766,1616,31111000048,20091211,00,111103005007,11,110,20091211
31111000086,C02,11,110,효자요양센터,00,NORMAL SERVICE.,111,515,4,효자요양센터,C02,,1층호,64,0,03034,070,8807,5306,31111000086,20150626,00,111104100212,11,110,20150626
31111000108,C02,11,110,정드림방문요양센터,00,NORMAL SERVICE.,187,570,4,정드림방문요양센터,C02,,2,22,8,03030,02,395,1516,31111000108,20180625,00,111104100479,11,110,20180625
31111000117,C02,11,110,행복한동행재가노인복지센터,00,NORMAL SERVICE.,175,700,4,행복한동행재가노인복지센터,C02,,,47,0,03107,02,6015,9430,31111000117,20191023,00,111104100065,11,110,20191023
31111000118,C02,11,110,세종노인요양복지센터,00,NORMAL SERVICE.,115,530,4,세종노인요양복지센터,C02,,2,66,0,03167,02,734,1920,31111000118,20191031,00,111103100005,11,110,20191031
31117000153,C03,11,170,시온사랑 데이케어센터,00,NORMAL SERVICE.,124,625,4,시온사랑 데이케어센터,C03,,1,6,0,04382,02,702,3220,31117000153,20191001,00,111704106444,11,170,20191001
31123000235,C03,11,230,다솜데이케어센터,00,NORMAL SERVICE.,108,710,4,다솜데이케어센터,C03,,"2,3",7,0,02461,02,2217,7775,31123000235,20160718,00,112303105010,11,230,20160718
31130500283,C03,11,305,강북광산데이케어센터,00,NORMAL SERVICE.,103,625,4,강북광산데이케어센터,C03,,5,87,0,01048,02,991,1457,31130500283,20170925,00,113053005047,11,305,20170925
31132000114,C03,11,320,도봉늘푸른치매인지재활데이케어센터,00,NORMAL SERVICE.,106,690,3,도봉늘푸른치매인지재활데이케어센터,C03,676번지 3호,,115,0,01390,02,3492,0550,31132000114,20100113,00,113203005048,11,320,20100101
31132000157,C03,11,320,행복드림데이케어센터,00,NORMAL SERVICE.,108,522,4,행복드림데이케어센터,C03,623번지 133호,,23,0,01328,02,900,8329,31132000157,20100524,00,113204127154,11,320,20100524
31121500164,C04,11,215,실버밸리노인단기보호센터,00,NORMAL SERVICE.,105,820,4,실버밸리노인단기보호센터,C04,,2,65,0,05056,02,444,3655,31121500164,20130301,00,112153104010,11,215,20130301
31121500197,C04,11,215,성동실버케어요양원,00,NORMAL SERVICE.,105,820,4,성동실버케어요양원,C04,,4층,613,0,05063,02,444,6100,31121500197,20151001,00,112153103010,11,215,20151001
31132000220,C04,11,320,동그라미 인지/재활 데이케어센터,00,NORMAL SERVICE.,105,670,4,동그라미 인지/재활 데이케어센터,C04,,"3,4",103,0,01395,02,989,7582,31132000220,20130301,00,113204127222,11,320,20130301
31132000294,C04,11,320,도봉효드림요양원,00,NORMAL SERVICE.,107,514,4,도봉효드림요양원,C04,,6,175,0,01411,02,900,5151,31132000294,20140401,00,113204127202,11,320,20140401
31132000320,C04,11,320,도봉요양원,00,NORMAL SERVICE.,105,660,4,도봉요양원,C04,,,601,0,01395,02,900,9898,31132000320,20141204,00,113203005039,11,320,20141204
31114000018,C05,11,140,우영요양센터,00,NORMAL SERVICE.,154,590,4,우영요양센터,C05,206번지 3호,,20,0,04559,070,7521,4653,31114000018,20081209,00,111404103358,11,140,20081205
31117000098,C05,11,170,새봄간호요양센타,00,NORMAL SERVICE.,117,570,4,새봄간호요양센타,C05,,,24,0,04363,02,701,0617,31117000098,20150310,00,111704106244,11,170,20150304
31117000121,C05,11,170,고운손방문요양센터주식회사,00,NORMAL SERVICE.,121,590,3,고운손방문요양센터주식회사,C05,,,33,0,04356,02,718,2959,31117000121,20170310,00,111704106132,11,170,20170310
31117000148,C05,11,170,참사랑복지센터,00,NORMAL SERVICE.,131,685,4,참사랑복지센터,C05,,,211,0,04349,02,796,8080,31117000148,20190311,00,111703102009,11,170,20190311
31120000015,C05,11,200,(A+)성동구방문요양간호센터,00,NORMAL SERVICE.,105,540,4,(A+)성동구방문요양간호센터,C05,,2,273,0,04755,02,2612,9000,31120000015,20080630,00,112003005009,11,200,20080630
31111000012,C06,11,110,(주)이원건강의료기,00,NORMAL SERVICE.,177,580,3,(주)이원건강의료기,C06,,,35,0,03180,02,3673,2121,31111000012,20080710,00,111104100002,11,110,20080704
31111000015,C06,11,110,(주)통일의료기,00,NORMAL SERVICE.,164,630,3,(주)통일의료기,C06,,,275,0,03124,02,741,1461,31111000015,20080902,00,111103100013,11,110,20080902
31111000042,C06,11,110,제일복지용구,00,NORMAL SERVICE.,159,615,4,제일복지용구,C06,,1,158,0,03081,02,745,8382,31111000042,20090821,00,111103005008,11,110,20090817
31114000063,C06,11,140,명신,00,NORMAL SERVICE.,162,650,4,명신,C06,,1,9,0,04585,02,2254,3787,31114000063,20190128,00,111404103064,11,140,20190128
31117000029,C06,11,170,천사랑 노인복지센터,00,NORMAL SERVICE.,118,570,4,천사랑 노인복지센터,C06,,,31,0,04360,02,707,1429,31117000029,20090305,00,111704106233,11,170,20090304
11120000010,G31,11,200,시립동부노인전문요양센터,00,NORMAL SERVICE.,103,535,2,시립동부노인전문요양센터,G31,,,12,0,04706,02,3407,2700,11120000010,20080619,00,112004109168,11,200,20080619
11123000381,G31,11,230,시립동대문실버케어센터,00,NORMAL SERVICE.,105,600,2,시립동대문실버케어센터,G31,,,12,0,02591,02,6956,8650,11123000381,20220517,00,112303105019,11,230,20220517
11126000271,G31,11,260,서울시립중랑노인전문요양원,00,NORMAL SERVICE.,105,655,2,서울시립중랑노인전문요양원,G31,,,38,0,02062,02,437,0144,11126000271,20150301,00,112603106008,11,260,20150301
11129000365,G31,11,290,e포근한요양원,00,NORMAL SERVICE.,133,640,4,e포근한요양원,G31,,,32,0,02708,02,6228,9987,11129000365,20231030,00,112904121369,11,290,20231020
11130500172,G31,11,305,강북실버종합복지센터,00,NORMAL SERVICE.,101,535,2,강북실버종합복지센터,G31,,,290,0,01141,02,984,0300,11130500172,20130516,00,113053005044,11,305,20130515
11120000010,G32,11,200,시립동부노인전문요양센터,00,NORMAL SERVICE.,103,535,2,시립동부노인전문요양센터,G32,,,12,0,04706,02,3407,2700,11120000010,20080619,00,112004109168,11,200,20080619
11123000381,G32,11,230,시립동대문실버케어센터,00,NORMAL SERVICE.,105,600,2,시립동대문실버케어센터,G32,,,12,0,02591,02,6956,8650,11123000381,20220517,00,112303105019,11,230,20220517
11126000271,G32,11,260,서울시립중랑노인전문요양원,00,NORMAL SERVICE.,105,655,2,서울시립중랑노인전문요양원,G32,,,38,0,02062,02,437,0144,11126000271,20150301,00,112603106008,11,260,20150301
11138000065,G32,11,380,붓다마을,00,NORMAL SERVICE.,114,690,3,붓다마을,G32,250번지,,41,0,03308,02,3156,7500,11138000065,20090703,00,113804133182,11,380,20090703
11144000012,G32,11,440,시립서부노인전문요양센터,00,NORMAL SERVICE.,125,730,2,시립서부노인전문요양센터,G32,,,15,0,03937,02,376,0472,11144000012,20080604,00,114404139506,11,440,20080604
11120000010,G33,11,200,시립동부노인전문요양센터,00,NORMAL SERVICE.,103,535,2,시립동부노인전문요양센터,G33,,,12,0,04706,02,3407,2700,11120000010,20080619,00,112004109168,11,200,20080619
11123000381,G33,11,230,시립동대문실버케어센터,00,NORMAL SERVICE.,105,600,2,시립동대문실버케어센터,G33,,,12,0,02591,02,6956,8650,11123000381,20220517,00,112303105019,11,230,20220517
11138000065,G33,11,380,붓다마을,00,NORMAL SERVICE.,114,690,3,붓다마을,G33,250번지,,41,0,03308,02,3156,7500,11138000065,20090703,00,113804133182,11,380,20090703
11144000012,G33,11,440,시립서부노인전문요양센터,00,NORMAL SERVICE.,125,730,2,시립서부노인전문요양센터,G33,,,15,0,03937,02,376,0472,11144000012,20080604,00,114404139506,11,440,20080604
11174000422,G33,11,740,시립강동실버케어센터,00,NORMAL SERVICE.,102,550,2,시립강동실버케어센터,G33,,,185,0,05235,02,441,2302,11174000422,20230821,00,117403124001,11,740,20230821
11120000010,G34,11,200,시립동부노인전문요양센터,00,NORMAL SERVICE.,103,535,2,시립동부노인전문요양센터,G34,,,12,0,04706,02,3407,2700,11120000010,20080619,00,112004109168,11,200,20080619
11120000010,G35,11,200,시립동부노인전문요양센터,00,NORMAL SERVICE.,103,535,2,시립동부노인전문요양센터,G35,,,12,0,04706,02,3407,2700,11120000010,20080619,00,112004109168,11,200,20080619
11120000010,G36,11,200,시립동부노인전문요양센터,00,NORMAL SERVICE.,103,535,2,시립동부노인전문요양센터,G36,,,12,0,04706,02,3407,2700,11120000010,20080619,00,112004109168,11,200,20080619
11120000010,G37,11,200,시립동부노인전문요양센터,00,NORMAL SERVICE.,103,535,2,시립동부노인전문요양센터,G37,,,12,0,04706,02,3407,2700,11120000010,20080619,00,112004109168,11,200,20080619
11120000010,G38,11,200,시립동부노인전문요양센터,00,NORMAL SERVICE.,103,535,2,시립동부노인전문요양센터,G38,,,12,0,04706,02,3407,2700,11120000010,20080619,00,112004109168,11,200,20080619
21111000066,H31,11,110,보현데이케어센터,00,NORMAL SERVICE.,183,560,3,보현데이케어센터,H31,562번지 14호,,21,22,03002,02,394,5511,21111000066,20110602,00,111104100514,11,110,20110602
21114000036,H31,11,140,신당데이케어센터,00,NORMAL SERVICE.,162,620,2,신당데이케어센터,H31,337번지 6호,,6,0,04608,02,2231,1949,21114000036,20100820,00,111404103041,11,140,20100820
21120000068,H31,11,200,구립성수1가2동서울숲데이케어센터,00,NORMAL SERVICE.,114,660,2,구립성수1가2동서울숲데이케어센터,H31,,3,3,0,04768,02,464,4477,21120000068,20091216,00,112004109454,11,200,20091216
21130500237,H31,11,305,사회복지법인 운가자비원 운가데이케어센터,00,NORMAL SERVICE.,103,610,3,사회복지법인 운가자비원 운가데이케어센터,H31,,1층,5,0,01041,02,903,1720,21130500237,20150921,00,113054124174,11,305,20150921
21141000342,H32,11,410,구립가재울데이케어센터,00,NORMAL SERVICE.,120,690,2,구립가재울데이케어센터,H32,,,11,0,03712,02,6956,2663,21141000342,20260401,00,114104136082,11,410,20260401
21159000283,H32,11,590,굿모닝동작데이케어센터,00,NORMAL SERVICE.,102,550,4,굿모닝동작데이케어센터,H32,,4,121,0,06950,02,3280,7090,21159000283,20220701,00,115903119005,11,590,20220701
11138000217,M31,11,380,노블케어스,00,NORMAL SERVICE.,102,510,4,노블케어스,M31,,,353,0,03458,02,391,0006,11138000217,20131108,00,113803005055,11,380,20131108
11130500229,S41,11,305,사랑나눔요양원2,00,NORMAL SERVICE.,101,535,3,사랑나눔요양원2,S41,,4,243,0,01118,02,999,1366,11130500229,20150501,00,113053005039,11,305,20150501
11141000170,S41,11,410,중앙실버노인요양공동생활가정,00,NORMAL SERVICE.,102,565,3,중앙실버노인요양공동생활가정,S41,,,5,25,03741,02,362,9269,11141000170,20140103,00,114104136366,11,410,20140103
11168000127,S41,11,680,구립대치노인요양센터,00,NORMAL SERVICE.,106,600,2,구립대치노인요양센터,S41,901번지 4호,,22,0,06196,02,564,0109,11168000127,20110830,00,116804166656,11,680,20110830
12911000006,A03,12,210,아가페실버센터,00,NORMAL SERVICE.,108,545,3,아가페실버센터,A03,,,7,0,61434,062,232,4959,12911000006,20080527,00,122104277074,12,210,20070601
12911000013,A03,12,210,꽃메요양원,00,NORMAL SERVICE.,126,730,3,꽃메요양원,A03,,,28,0,61510,062,224,5454,12911000013,20080529,00,122104277276,12,210,20080317
12911000022,A03,12,210,천혜경로원,00,NORMAL SERVICE.,122,685,3,천혜경로원,A03,654번지 1호,,720,0,61457,062,222,4013,12911000022,20080530,00,122103159003,12,210,20070102
12911000052,A03,12,210,용연실버빌,00,NORMAL SERVICE.,120,740,3,용연실버빌,A03,448번지 5호,,197,0,61512,062,233,8575,12911000052,20081031,00,122103159009,12,210,20081028
12911000086,A03,12,210,나눔요양원,00,NORMAL SERVICE.,109,560,4,나눔요양원,A03,,,230,0,61422,062,224,2566,12911000086,20100301,00,122103009024,12,210,20100301
12911000256,A03,12,210,해피맘요양원,00,NORMAL SERVICE.,124,740,3,해피맘요양원,A03,,,136,7,61512,062,229,3004,12911000256,20131202,00,122103159003,12,210,20131202
12911000096,A04,12,210,효드림노인복지센터,00,NORMAL SERVICE.,122,685,4,효드림노인복지센터,A04,71번지 3호,,7,0,61489,062,233,9001,12911000096,20140529,00,122104277151,12,210,20140529
12911000254,A04,12,210,엠마의집,00,NORMAL SERVICE.,119,740,4,엠마의집,A04,,,32,0,61502,062,381,5095,12911000254,20131129,00,122103159015,12,210,20131129
12915500209,A04,12,270,알곡사랑요양원,00,NORMAL SERVICE.,127,730,4,알곡사랑요양원,A04,,,32,9,61757,062,655,2216,12915500209,20151110,00,122704283556,12,270,20151110
12917000275,A04,12,300,현대실버빌,00,NORMAL SERVICE.,110,620,4,현대실버빌,A04,,,100,0,61176,062,267,9002,12917000275,20120201,00,123003162084,12,300,20120201
12917000295,A04,12,300,정드림케어하우스,00,NORMAL SERVICE.,128,696,4,정드림케어하우스,A04,,6,387,0,61074,062,571,1950,12917000295,20130102,00,123003162082,12,300,20130102
22911000007,B01,12,210,아가페실버센터,00,NORMAL SERVICE.,108,545,3,아가페실버센터,B01,154번지 27호,,7,0,61434,062,232,4959,22911000007,20080527,00,122104277074,12,210,20070601
22911000009,B01,12,210,C.C.C.동구노인복지센터,00,NORMAL SERVICE.,108,545,3,C.C.C.동구노인복지센터,B01,154번지 170호,,8,0,61434,062,232,4950,22911000009,20080619,00,122104277074,12,210,20030301
22911000014,B01,12,210,꽃메요양원,00,NORMAL SERVICE.,126,730,3,꽃메요양원,B01,,,28,0,61510,062,224,5454,22911000014,20080529,00,122104277276,12,210,20080317
22911000048,B01,12,210,대해노인복지센터,00,NORMAL SERVICE.,119,730,3,대해노인복지센터,B01,532번지 88호,,11,20,61498,062,234,2213,22911000048,20081006,00,122104277044,12,210,20081006
22911000287,B01,12,210,선인종합재가센터,00,NORMAL SERVICE.,126,740,3,선인종합재가센터,B01,,3,355,0,61504,062,236,1117,22911000287,20161229,00,122103009009,12,210,20161229
22911000009,B02,12,210,C.C.C.동구노인복지센터,00,NORMAL SERVICE.,108,545,3,C.C.C.동구노인복지센터,B02,154번지 170호,,8,0,61434,062,232,4950,22911000009,20080619,00,122104277074,12,210,20030301
22911000048,B02,12,210,대해노인복지센터,00,NORMAL SERVICE.,119,730,3,대해노인복지센터,B02,532번지 88호,,11,20,61498,062,234,2213,22911000048,20081006,00,122104277044,12,210,20081006
22911000312,B02,12,210,예향노인복지센터,00,NORMAL SERVICE.,119,730,3,예향노인복지센터,B02,,2,7,11,61498,062,229,7100,22911000312,20190905,00,122104277044,12,210,20190905
22911000326,B02,12,210,동구천사노인복지센터,00,NORMAL SERVICE.,122,710,4,동구천사노인복지센터,B02,,2,6,0,61462,062,222,2300,22911000326,20201218,00,122104277209,12,210,20201209
22911000339,B02,12,210,다정한노인재가복지센터,00,NORMAL SERVICE.,110,600,4,다정한노인재가복지센터,B02,,1,1,10,61411,062,265,6491,22911000339,20220824,00,122104277249,12,210,20220714
22911000009,B03,12,210,C.C.C.동구노인복지센터,00,NORMAL SERVICE.,108,545,3,C.C.C.동구노인복지센터,B03,154번지 170호,,8,0,61434,062,232,4950,22911000009,20080619,00,122104277074,12,210,20030301
22911000014,B03,12,210,꽃메요양원,00,NORMAL SERVICE.,126,730,3,꽃메요양원,B03,,,28,0,61510,062,224,5454,22911000014,20080529,00,122104277276,12,210,20080317
22911000048,B03,12,210,대해노인복지센터,00,NORMAL SERVICE.,119,730,3,대해노인복지센터,B03,532번지 88호,,11,20,61498,062,234,2213,22911000048,20081006,00,122104277044,12,210,20081006
22911000327,B03,12,210,자연숲노인복지센터,00,NORMAL SERVICE.,123,740,4,자연숲노인복지센터,B03,,,20,10,61512,062,233,8899,22911000327,20210318,00,122104277188,12,210,20210219
22911000334,B03,12,210,계림노인주간보호센터,00,NORMAL SERVICE.,109,570,4,계림노인주간보호센터,B03,,1,412,0,61417,062,223,3348,22911000334,20211228,00,122103009021,12,210,20211202
24681000003,B04,12,780,강진노인복지센터,00,NORMAL SERVICE.,250,250,2,강진노인복지센터,B04,,,10,0,59233,061,433,8006,24681000003,20080603,22,127804679274,12,780,20080526
24687000001,B04,12,830,청람노인복지센터,00,NORMAL SERVICE.,250,250,3,청람노인복지센터,B04,,,233,16,57035,061,352,3275,24687000001,20080527,00,128303298028,12,830,20080523
24689000091,B04,12,850,어르신케어 종합복지센터 효드림,00,NORMAL SERVICE.,256,256,4,어르신케어 종합복지센터 효드림,B04,,,416,4,59154,061,554,1455,24689000091,20210928,24,128503300010,12,850,20210928
22911000312,B05,12,210,예향노인복지센터,00,NORMAL SERVICE.,119,730,3,예향노인복지센터,B05,,2,7,11,61498,062,229,7100,22911000312,20190905,00,122104277044,12,210,20190905
22911000349,B05,12,210,보라방문간호센터,00,NORMAL SERVICE.,123,740,4,보라방문간호센터,B05,,,377,0,61514,062,222,0855,22911000349,20230830,00,122103159003,12,210,20230808
22911000356,B05,12,210,뉴정나눔노인복지센터,00,NORMAL SERVICE.,119,730,4,뉴정나눔노인복지센터,B05,,,1,28,61498,062,461,7488,22911000356,20240927,00,122104277045,12,210,20240909
22914000463,B05,12,240,동행노인재가복지센터,00,NORMAL SERVICE.,119,780,4,동행노인재가복지센터,B05,,,4,0,61988,062,371,4409,22914000463,20210201,00,122404280525,12,240,20201222
22914000471,B05,12,240,최하현 방문간호 요양센터,00,NORMAL SERVICE.,106,660,4,최하현 방문간호 요양센터,B05,,,284,1,62047,062,351,7095,22914000471,20211025,00,122403160058,12,240,20210915
22911000331,B06,12,210,한국의료기기,00,NORMAL SERVICE.,109,570,4,한국의료기기,B06,,2,268,1,61413,070,8191,6452,22911000331,20211007,00,122103162073,12,210,20210909
22911000333,B06,12,210,아이에스메티칼,00,NORMAL SERVICE.,122,710,4,아이에스메티칼,B06,,"지하1, 5",15,0,61459,062,373,2992,22911000333,20211228,00,122103159010,12,210,20211228
22911000338,B06,12,210,편한 의료기,00,NORMAL SERVICE.,119,730,4,편한 의료기,B06,,1,7,0,61496,062,222,9149,22911000338,20220630,00,122104277272,12,210,20220607
22911000358,B06,12,210,100세동안 실버케어,00,NORMAL SERVICE.,118,655,4,100세동안 실버케어,B06,,,172,0,61468,062,234,5853,22911000358,20241114,00,122103009003,12,210,20241114
22911000371,B06,12,210,미래로의료기,00,NORMAL SERVICE.,110,590,4,미래로의료기,B06,,1,6,0,61433,062,236,3738,22911000371,20260223,00,122104277256,12,210,20251212
32911000065,C01,12,210,희망노인복지센터,00,NORMAL SERVICE.,110,590,4,희망노인복지센터,C01,,4,462,0,61418,062,222,5250,32911000065,20090218,00,122103009021,12,210,20090218
32911000079,C01,12,210,계림재가노인요양센터,00,NORMAL SERVICE.,130,525,4,계림재가노인요양센터,C01,,,4,0,61480,062,232,2026,32911000079,20091230,00,122104277237,12,210,20091230
32911000089,C01,12,210,효사랑계림 노인복지센터,00,NORMAL SERVICE.,109,560,4,효사랑계림 노인복지센터,C01,,2,234,0,61424,062,224,5390,32911000089,20100413,00,122103009017,12,210,20100413
32911000090,C01,12,210,한마음실버요양센터,00,NORMAL SERVICE.,109,570,4,한마음실버요양센터,C01,560번지 11호,,317,1,61401,062,228,1377,32911000090,20100429,00,122103009021,12,210,20100429
32911000239,C01,12,210,광주여성노인재가센터,00,NORMAL SERVICE.,122,685,4,광주여성노인재가센터,C01,,,742,1,61457,062,232,5165,32911000239,20120105,00,122103159003,12,210,20120105
32911000065,C02,12,210,희망노인복지센터,00,NORMAL SERVICE.,110,590,4,희망노인복지센터,C02,,4,462,0,61418,062,222,5250,32911000065,20090218,00,122103009021,12,210,20090218
32911000089,C02,12,210,효사랑계림 노인복지센터,00,NORMAL SERVICE.,109,560,4,효사랑계림 노인복지센터,C02,,2,234,0,61424,062,224,5390,32911000089,20100413,00,122103009017,12,210,20100413
32911000090,C02,12,210,한마음실버요양센터,00,NORMAL SERVICE.,109,570,4,한마음실버요양센터,C02,560번지 11호,,317,1,61401,062,228,1377,32911000090,20100429,00,122103009021,12,210,20100429
32911000273,C02,12,210,한가족복지센터,00,NORMAL SERVICE.,108,545,4,한가족복지센터,C02,,,5,1,61413,062,233,1200,32911000273,20151112,00,122103159002,12,210,20151112
32911000292,C02,12,210,조은재가복지센터,00,NORMAL SERVICE.,114,655,4,조은재가복지센터,C02,,2,10,0,61487,062,225,9947,32911000292,20171212,00,122104277121,12,210,20171212
32914000059,C03,12,240,광주재활센타,00,NORMAL SERVICE.,120,745,4,광주재활센타,C03,1278번지 3호,,14,0,61960,062,382,1275,32914000059,20080730,00,122403160016,12,240,20080730
32914000373,C03,12,240,광주서구노인주간보호센터,00,NORMAL SERVICE.,130,824,4,광주서구노인주간보호센터,C03,,3,155,0,62014,062,653,6669,32914000373,20170927,00,122403160044,12,240,20170927
32914000392,C03,12,240,굿데이케어센터,00,NORMAL SERVICE.,133,840,4,굿데이케어센터,C03,,4,11,0,61903,062,515,5425,32914000392,20180608,00,122404280560,12,240,20180608
32914000395,C03,12,240,더불어노인주간보호센터,00,NORMAL SERVICE.,119,760,4,더불어노인주간보호센터,C03,,3,1029,0,61975,062,351,9200,32914000395,20180903,00,122402009004,12,240,20180903
32914000399,C03,12,240,"상무노인복지학교(주간보호,치매예방교육)",00,NORMAL SERVICE.,118,752,4,"상무노인복지학교(주간보호,치매예방교육)",C03,,2층~3,4,0,61991,062,382,9948,32914000399,20181016,00,122404280308,12,240,20181016
32911000323,C05,12,210,하늘빛방문간호센터,00,NORMAL SERVICE.,110,590,3,하늘빛방문간호센터,C05,,1,5,2,61406,070,7576,2747,32911000323,20191217,00,122104277094,12,210,20191217
32914000289,C05,12,240,365나눔노인장기요양기관,00,NORMAL SERVICE.,118,752,4,365나눔노인장기요양기관,C05,,,81,0,61994,062,416,7090,32914000289,20141203,00,122403160058,12,240,20141203
32914000442,C05,12,240,새로나재가노인요양복지센터,00,NORMAL SERVICE.,120,745,4,새로나재가노인요양복지센터,C05,,,124,0,61950,062,382,3320,32914000442,20191216,00,122403160042,12,240,20191216
32914000453,C05,12,240,구구팔팔재가복지센터,00,NORMAL SERVICE.,115,730,4,구구팔팔재가복지센터,C05,,,12,0,61908,062,382,9989,32914000453,20191224,00,122404280512,12,240,20191224
32915500289,C05,12,270,사랑손통합재가센터,00,NORMAL SERVICE.,112,720,4,사랑손통합재가센터,C05,,1,307,0,61742,070,4348,6091,32915500289,20190826,00,122703161020,12,270,20190826
32911000034,C06,12,210,명성의료기,00,NORMAL SERVICE.,122,685,4,명성의료기,C06,66번지 3호,,25,2,61489,062,227,5688,32911000034,20080623,00,122103009006,12,210,20080623
32911000047,C06,12,210,광주의료기,00,NORMAL SERVICE.,118,655,4,광주의료기,C06,,,165,0,61468,062,228,0492,32911000047,20080910,00,122103009003,12,210,20080910
32911000074,C06,12,210,효도의료기,00,NORMAL SERVICE.,112,655,4,효도의료기,C06,,1,56,0,61468,062,234,6111,32911000074,20090720,00,122103009006,12,210,20090713
32911000275,C06,12,210,태광의료기,00,NORMAL SERVICE.,122,685,4,태광의료기,C06,,1층,136,4,61489,062,228,7575,32911000275,20160128,00,122103009003,12,210,20160128
32911000288,C06,12,210,믿음의료기,00,NORMAL SERVICE.,109,560,4,믿음의료기,C06,,1,6,19,61401,062,233,4824,32911000288,20170322,00,122104277085,12,210,20170322
12911000256,G31,12,210,해피맘요양원,00,NORMAL SERVICE.,124,740,3,해피맘요양원,G31,,,136,7,61512,062,229,3004,12911000256,20131202,00,122103159003,12,210,20131202
12920000003,G31,12,330,바라밀실버하우스,00,NORMAL SERVICE.,118,700,3,바라밀실버하우스,G31,,,108,1,62292,062,953,4408,12920000003,20080528,00,123304289034,12,330,20080129
14611000358,G31,12,110,산책하는요양원,00,NORMAL SERVICE.,158,756,4,산책하는요양원,G31,,,57,15,58641,061,277,6658,14611000358,20260101,00,121104643369,12,110,20260101
14615000134,G31,12,150,낙안효자실버빌,00,NORMAL SERVICE.,380,380,3,낙안효자실버빌,G31,131번지,,320,0,57918,061,754,5100,14615000134,20091009,26,121503283023,12,150,20091009
14615000152,G31,12,150,효자노인복지센터,00,NORMAL SERVICE.,380,380,3,효자노인복지센터,G31,,,328,0,57918,061,754,8875,14615000152,20100301,26,121503283023,12,150,20100301
14611000358,G32,12,110,산책하는요양원,00,NORMAL SERVICE.,158,756,4,산책하는요양원,G32,,,57,15,58641,061,277,6658,14611000358,20260101,00,121104643369,12,110,20260101
14615000134,G32,12,150,낙안효자실버빌,00,NORMAL SERVICE.,380,380,3,낙안효자실버빌,G32,131번지,,320,0,57918,061,754,5100,14615000134,20091009,26,121503283023,12,150,20091009
14617000005,G32,12,170,나주시노인요양원,00,NORMAL SERVICE.,104,520,2,나주시노인요양원,G32,,,70,0,58263,061,332,7773,14617000005,20080523,00,121704652094,12,170,20060227
14623000165,G32,12,190,마로현노인요양원,00,NORMAL SERVICE.,250,250,2,마로현노인요양원,G32,,,12,0,57743,061,762,2300,14623000165,20210709,24,121904655393,12,190,20210709
14677000160,G32,12,740,도양노인건강복지타운 치매전문요양원,00,NORMAL SERVICE.,253,253,2,도양노인건강복지타운 치매전문요양원,G32,,,235,0,59552,061,840,1900,14677000160,20231020,23,127404667637,12,740,20231020
14611000358,G33,12,110,산책하는요양원,00,NORMAL SERVICE.,158,756,4,산책하는요양원,G33,,,57,15,58641,061,277,6658,14611000358,20260101,00,121104643369,12,110,20260101
14677000160,G33,12,740,도양노인건강복지타운 치매전문요양원,00,NORMAL SERVICE.,253,253,2,도양노인건강복지타운 치매전문요양원,G33,,,235,0,59552,061,840,1900,14677000160,20231020,23,127404667637,12,740,20231020
14679000117,G33,12,760,현대노인요양원,00,NORMAL SERVICE.,250,250,3,현대노인요양원,G33,,,95,0,58110,061,371,0117,14679000117,20111108,21,127603291015,12,760,20111103
14681000051,G33,12,780,강진효요양원,00,NORMAL SERVICE.,250,250,4,강진효요양원,G33,,,291,21,59244,061,434,1008,14681000051,20201015,33,127803293027,12,780,20201015
14677000160,G34,12,740,도양노인건강복지타운 치매전문요양원,00,NORMAL SERVICE.,253,253,2,도양노인건강복지타운 치매전문요양원,G34,,,235,0,59552,061,840,1900,14677000160,20231020,23,127404667637,12,740,20231020
14679000117,G34,12,760,현대노인요양원,00,NORMAL SERVICE.,250,250,3,현대노인요양원,G34,,,95,0,58110,061,371,0117,14679000117,20111108,21,127603291015,12,760,20111103
14681000051,G34,12,780,강진효요양원,00,NORMAL SERVICE.,250,250,4,강진효요양원,G34,,,291,21,59244,061,434,1008,14681000051,20201015,33,127803293027,12,780,20201015
14677000160,G35,12,740,도양노인건강복지타운 치매전문요양원,00,NORMAL SERVICE.,253,253,2,도양노인건강복지타운 치매전문요양원,G35,,,235,0,59552,061,840,1900,14677000160,20231020,23,127404667637,12,740,20231020
14679000117,G35,12,760,현대노인요양원,00,NORMAL SERVICE.,250,250,3,현대노인요양원,G35,,,95,0,58110,061,371,0117,14679000117,20111108,21,127603291015,12,760,20111103
14679000117,G36,12,760,현대노인요양원,00,NORMAL SERVICE.,250,250,3,현대노인요양원,G36,,,95,0,58110,061,371,0117,14679000117,20111108,21,127603291015,12,760,20111103
22915500115,H31,12,270,인애W재가노인지원센터,00,NORMAL SERVICE.,115,538,3,인애W재가노인지원센터,H31,132번지 13호,,91,0,61686,062,653,0247,22915500115,20100507,00,122703161028,12,270,20100507
22917000666,H31,12,300,사랑방주야간보호센터,00,NORMAL SERVICE.,115,677,3,사랑방주야간보호센터,H31,,"3, 5",193,0,61055,062,263,6777,22917000666,20210802,00,123003162031,12,300,20210716
24613000316,H31,12,130,여수시 치매어르신 주야간보호센터 지혜마루,00,NORMAL SERVICE.,310,310,2,여수시 치매어르신 주야간보호센터 지혜마루,H31,,,390,1,59648,061,682,9980,24613000316,20201230,25,121303282039,12,130,20201208
24615000385,H31,12,150,재단법인 전라남도사회서비스원 순천시 실버주야간보호센터,00,NORMAL SERVICE.,110,550,2,재단법인 전라남도사회서비스원 순천시 실버주야간보호센터,H31,,,58,0,57935,061,755,8995,24615000385,20220823,00,121504649746,12,150,20220809
24615000419,H31,12,150,더편한데이케어,00,NORMAL SERVICE.,109,550,3,더편한데이케어,H31,,,4,37,57924,061,752,3021,24615000419,20240326,00,121504649794,12,150,20240301
34623000025,I31,12,190,광양희망노인복지센터,00,NORMAL SERVICE.,340,340,4,광양희망노인복지센터,I31,,,1117,0,57707,061,772,0550,34623000025,20081103,22,121903285034,12,190,20081028
14611000001,M31,12,810,자혜요양원,00,NORMAL SERVICE.,256,256,3,자혜요양원,M31,,,52,12,58560,061,281,2143,14611000001,20080528,26,128104688233,12,810,19891215
14613000009,M31,12,130,마니원(입소),00,NORMAL SERVICE.,250,250,3,마니원(입소),M31,692번지 24호,,3496,13,59769,061,644,6611,14613000009,20080530,30,121303282017,12,130,20080328
14617000005,M31,12,170,나주시노인요양원,00,NORMAL SERVICE.,104,520,2,나주시노인요양원,M31,,,70,0,58263,061,332,7773,14617000005,20080523,00,121704652094,12,170,20060227
14611000001,M32,12,810,자혜요양원,00,NORMAL SERVICE.,256,256,3,자혜요양원,M32,,,52,12,58560,061,281,2143,14611000001,20080528,26,128104688233,12,810,19891215
14613000122,M32,12,130,소나무노인요양시설,00,NORMAL SERVICE.,111,600,3,소나무노인요양시설,M32,623번지,,138,1,59727,061,666,9989,14613000122,20100301,00,121304646698,12,130,20100301
12917000530,S41,12,300,오손도손요양원,00,NORMAL SERVICE.,107,590,3,오손도손요양원,S41,,,52,0,61110,062,531,5323,12917000530,20190201,00,123003162075,12,300,20190201
14613000008,S41,12,130,밀알노인요양공동생활가정,00,NORMAL SERVICE.,310,310,3,밀알노인요양공동생활가정,S41,,,11,96,59654,061,691,9877,14613000008,20080530,24,121304646860,12,130,20080402
14681000017,S41,12,780,도암 소망의집,00,NORMAL SERVICE.,340,340,3,도암 소망의집,S41,498번지 2호,,86,1,59250,061,433,1450,14681000017,20100225,30,127803293013,12,780,20100225
14684000082,S41,12,810,다솜노인요양공동생활가정,00,NORMAL SERVICE.,330,330,4,다솜노인요양공동생활가정,S41,,,1807,99,58551,061,452,3542,14684000082,20151201,00,128103281095,12,810,20151201
14684000116,S41,12,810,엄마의봄날 노인요양공동생활가정,00,NORMAL SERVICE.,340,340,4,엄마의봄날 노인요양공동생활가정,S41,,,52,0,58514,061,453,9369,14684000116,20220413,26,128104688420,12,810,20220413
12611000104,A03,26,110,굿모닝노인요양원,00,NORMAL SERVICE.,101,590,3,굿모닝노인요양원,A03,,,235,0,48911,051,468,5688,12611000104,20211122,00,261103125009,26,110,20211110
12614000008,A03,26,140,안나노인건강센터,00,NORMAL SERVICE.,106,570,3,안나노인건강센터,A03,7번지 107호,,94,16,49200,051,245,0035,12614000008,20080529,00,261404006008,26,140,20080529
12614000053,A03,26,140,실버웰요양센터,00,NORMAL SERVICE.,106,560,3,실버웰요양센터,A03,,,35,0,49206,051,242,8050,12614000053,20130101,00,261403126010,26,140,20130101
12614000068,A03,26,140,송도사랑요양원,00,NORMAL SERVICE.,124,680,3,송도사랑요양원,A03,,,522,0,49268,051,255,3315,12614000068,20190903,00,261403006011,26,140,20190903
12617000001,A03,26,170,송원노인전문요양원,00,NORMAL SERVICE.,104,670,3,송원노인전문요양원,A03,1542번지 8호 25통 2반,,51,0,48700,051,637,8260,12617000001,20080530,00,261703127030,26,170,20060906
12617000074,A03,26,170,인창동구노인요양원,00,NORMAL SERVICE.,101,530,3,인창동구노인요양원,A03,1146번지 10호,,34,0,48792,051,464,1004,12617000074,20100827,00,261703127001,26,170,20100827
12620000004,A03,26,200,파랑새노인건강센터,00,NORMAL SERVICE.,120,640,3,파랑새노인건강센터,A03,,,78,0,49087,051,412,5422,12620000004,20080530,00,262003128016,26,200,20030509
12617000090,A04,26,170,지혜실버홈,00,NORMAL SERVICE.,104,660,4,지혜실버홈,A04,,,15,0,48723,051,751,8388,12617000090,20130814,00,261703127004,26,170,20130814
12623000091,A04,26,230,소망노인복지센터,00,NORMAL SERVICE.,107,550,3,소망노인복지센터,A04,464번지 2호,,5,0,47111,051,809,6688,12623000091,20090430,00,262304187647,26,230,20090429
12623000281,A04,26,230,새롬노인요양공동생활가정,00,NORMAL SERVICE.,109,700,4,새롬노인요양공동생활가정,A04,,,49,1,47160,051,902,8090,12623000281,20170101,00,262304187328,26,230,20170101
12626000106,A04,26,260,성지노인요양원,00,NORMAL SERVICE.,109,580,3,성지노인요양원,A04,22번지 32호,,40,1,47852,051,506,0033,12626000106,20091214,00,262603130012,26,260,20091214
12629000165,A04,26,290,참사랑실버홈,00,NORMAL SERVICE.,109,680,3,참사랑실버홈,A04,,,48,12,48410,051,807,6700,12629000165,20170619,00,262904193010,26,290,20170619
12632000284,A04,26,320,편안한노인공동요양원,00,NORMAL SERVICE.,104,550,5,편안한노인공동요양원,A04,,,4,0,46554,051,334,5711,12632000284,20191211,00,263204196182,26,320,20191211
12632000334,A04,26,320,화명은혜공동생활가정,00,NORMAL SERVICE.,102,543,4,화명은혜공동생활가정,A04,,7,16,0,46526,051,711,3859,12632000334,20230721,00,263204196051,26,320,20230630
22611000001,B01,26,110,중구재가노인지원서비스센터,00,NORMAL SERVICE.,120,545,3,중구재가노인지원서비스센터,B01,,,3,1,48967,051,241,2591,22611000001,20080528,00,261104175271,26,110,20070112
22611000100,B01,26,110,우리재가복지센터,00,NORMAL SERVICE.,126,560,4,우리재가복지센터,B01,,,82,0,48973,051,242,4208,22611000100,20201119,00,261102006003,26,110,20201016
22611000101,B01,26,110,(주)돌보미재가복지센터,00,NORMAL SERVICE.,121,545,3,(주)돌보미재가복지센터,B01,,2,45,1,48964,051,245,7797,22611000101,20210916,00,261103125015,26,110,20210906
22611000102,B01,26,110,참벗재가복지센터,00,NORMAL SERVICE.,120,545,4,참벗재가복지센터,B01,,2,55,0,48959,051,254,0601,22611000102,20210916,00,261104175156,26,110,20210906
22611000105,B01,26,110,선한데이케어센터,00,NORMAL SERVICE.,116,530,4,선한데이케어센터,B01,,5,109,0,48932,051,253,7558,22611000105,20220203,00,261103125010,26,110,20220119
22611000106,B01,26,110,스마일재가노인복지센터,00,NORMAL SERVICE.,101,600,4,스마일재가노인복지센터,B01,,2,26,5,48920,051,462,1801,22611000106,20220331,00,261103125003,26,110,20220318
22611000107,B01,26,110,성부재가노인복지센터,00,NORMAL SERVICE.,122,545,4,성부재가노인복지센터,B01,,2,31,1,48966,051,911,9526,22611000107,20220203,00,261104175290,26,110,20220121
22611000100,B02,26,110,우리재가복지센터,00,NORMAL SERVICE.,126,560,4,우리재가복지센터,B02,,,82,0,48973,051,242,4208,22611000100,20201119,00,261102006003,26,110,20201016
22611000101,B02,26,110,(주)돌보미재가복지센터,00,NORMAL SERVICE.,121,545,3,(주)돌보미재가복지센터,B02,,2,45,1,48964,051,245,7797,22611000101,20210916,00,261103125015,26,110,20210906
22611000102,B02,26,110,참벗재가복지센터,00,NORMAL SERVICE.,120,545,4,참벗재가복지센터,B02,,2,55,0,48959,051,254,0601,22611000102,20210916,00,261104175156,26,110,20210906
22611000105,B02,26,110,선한데이케어센터,00,NORMAL SERVICE.,116,530,4,선한데이케어센터,B02,,5,109,0,48932,051,253,7558,22611000105,20220203,00,261103125010,26,110,20220119
22611000107,B02,26,110,성부재가노인복지센터,00,NORMAL SERVICE.,122,545,4,성부재가노인복지센터,B02,,2,31,1,48966,051,911,9526,22611000107,20220203,00,261104175290,26,110,20220121
22611000109,B02,26,110,한울타리노인복지센터,00,NORMAL SERVICE.,121,545,3,한울타리노인복지센터,B02,,2,55,0,48963,051,257,8120,22611000109,20230501,00,261103125015,26,110,20230406
22611000111,B02,26,110,신창통합재가복지센터,00,NORMAL SERVICE.,107,510,3,신창통합재가복지센터,B02,,3,81,0,48929,051,468,8801,22611000111,20231010,00,261102000010,26,110,20230720
22611000001,B03,26,110,중구재가노인지원서비스센터,00,NORMAL SERVICE.,120,545,3,중구재가노인지원서비스센터,B03,,,3,1,48967,051,241,2591,22611000001,20080528,00,261104175271,26,110,20070112
22611000103,B03,26,110,굿모닝주야간보호센터,00,NORMAL SERVICE.,101,590,3,굿모닝주야간보호센터,B03,,7,235,0,48911,051,468,3588,22611000103,20211122,00,261103125009,26,110,20211110
22611000105,B03,26,110,선한데이케어센터,00,NORMAL SERVICE.,116,530,4,선한데이케어센터,B03,,5,109,0,48932,051,253,7558,22611000105,20220203,00,261103125010,26,110,20220119
22611000117,B03,26,110,행복한재활주간보호센터,00,NORMAL SERVICE.,126,560,4,행복한재활주간보호센터,B03,,3,32,0,48974,051,231,7558,22611000117,20260408,00,261103125010,26,110,20260123
22614000050,B03,26,140,인창서구재가노인복지센터,00,NORMAL SERVICE.,103,530,3,인창서구재가노인복지센터,B03,,,72,1,49212,051,242,0906,22614000050,20130601,00,261403125011,26,140,20130601
22614000084,B03,26,140,송도노인주간보호센터,00,NORMAL SERVICE.,124,680,3,송도노인주간보호센터,B03,,6,522,0,49268,051,248,3315,22614000084,20201116,00,261403006011,26,140,20200921
22614000093,B03,26,140,서구케어재가노인주간보호센터,00,NORMAL SERVICE.,108,590,4,서구케어재가노인주간보호센터,B03,,2~4,249,0,49233,051,925,9972,22614000093,20231222,00,261403006005,26,140,20231129
22653000194,B04,26,530,부산광역시노인건강센터 단기보호,00,NORMAL SERVICE.,107,670,2,부산광역시노인건강센터 단기보호,B04,,4,129,0,47055,051,310,7500,22653000194,20231218,00,265304217378,26,530,20231124
22611000111,B05,26,110,신창통합재가복지센터,00,NORMAL SERVICE.,107,510,3,신창통합재가복지센터,B05,,3,81,0,48929,051,468,8801,22611000111,20231010,00,261102000010,26,110,20230720
22614000098,B05,26,140,더드림재가복지센터,00,NORMAL SERVICE.,114,640,4,더드림재가복지센터,B05,,3,164,2,49246,051,243,1925,22614000098,20240517,00,261403006005,26,140,20240424
22623000395,B05,26,230,푸른누리재가복지센터,00,NORMAL SERVICE.,103,510,4,푸른누리재가복지센터,B05,,3,41,0,47256,051,818,9245,22623000395,20211006,00,262303129024,26,230,20211006
22623000405,B05,26,230,편안한실버케어재가센터,00,NORMAL SERVICE.,110,720,4,편안한실버케어재가센터,B05,,3,32,0,47327,051,896,2118,22623000405,20220420,00,262304187026,26,230,20220420
22623000417,B05,26,230,정샘간호재가센터,00,NORMAL SERVICE.,108,660,4,정샘간호재가센터,B05,,,108,0,47135,051,803,7177,22623000417,20230119,00,262303129006,26,230,20230119
22623000482,B05,26,230,부산에스엠방문요양간호센터,00,NORMAL SERVICE.,101,560,4,부산에스엠방문요양간호센터,B05,,3,919,0,47213,051,865,7005,22623000482,20250522,00,262302000010,26,230,20250522
22626000324,B05,26,260,간호돌봄재가복지센터,00,NORMAL SERVICE.,109,580,4,간호돌봄재가복지센터,B05,,,26,0,47858,051,710,5776,22626000324,20211217,00,262604190318,26,260,20211101
22611000108,B06,26,110,신기의료기 중구점,00,NORMAL SERVICE.,101,590,4,신기의료기 중구점,B06,,,4,0,48906,051,950,9110,22611000108,20220926,00,261104175275,26,110,20220825
22611000112,B06,26,110,로뎀복지용구,00,NORMAL SERVICE.,107,510,4,로뎀복지용구,B06,,4,15,0,48928,051,925,0407,22611000112,20231201,00,261104175046,26,110,20231024
22611000118,B06,26,110,건강의료기,00,NORMAL SERVICE.,124,560,4,건강의료기,B06,,1,22,0,48980,051,241,5016,22611000118,20260225,00,261102006003,26,110,20260130
22617000196,B06,26,170,건강한의료기,00,NORMAL SERVICE.,102,570,4,건강한의료기,B06,,,393,0,48775,051,633,1601,22617000196,20210104,00,261702000010,26,170,20201210
22617000209,B06,26,170,민영복지용구,00,NORMAL SERVICE.,102,570,4,민영복지용구,B06,,,16,0,48712,051,464,0131,22617000209,20240326,00,261704181284,26,170,20240315
22617000214,B06,26,170,희망복지노인재가센터,00,NORMAL SERVICE.,101,530,3,희망복지노인재가센터,B06,,4,305,0,48792,051,242,0001,22617000214,20241216,00,261702000010,26,170,20241216
32611000008,C01,26,110,로뎀나무아래요양보호사파견센터,00,NORMAL SERVICE.,107,510,4,로뎀나무아래요양보호사파견센터,C01,,3,78,0,48941,051,253,4555,32611000008,20080616,00,261102000010,26,110,20080616
32611000029,C01,26,110,효자효녀노인복지센터,00,NORMAL SERVICE.,121,545,4,효자효녀노인복지센터,C01,45번지,,4,0,48963,051,246,8898,32611000029,20090416,00,261104175302,26,110,20090416
32611000030,C01,26,110,예손은노인복지요양센터,00,NORMAL SERVICE.,101,590,4,예손은노인복지요양센터,C01,58번지 20호,,225,0,48911,070,7553,7794,32611000030,20090416,00,261103125009,26,110,20090416
32611000040,C01,26,110,행복나눔재가복지센터,00,NORMAL SERVICE.,126,560,4,행복나눔재가복지센터,C01,52번지 3호,,82,0,48973,051,405,3132,32611000040,20091218,00,261102006003,26,110,20091218
32611000042,C01,26,110,현대종합복지센터,00,NORMAL SERVICE.,105,510,4,현대종합복지센터,C01,6번지,,,,600012,051,242,0004,32611000042,20091229,00,,26,110,20091229
32611000059,C01,26,110,대현재가노인복지센터,00,NORMAL SERVICE.,120,545,4,대현재가노인복지센터,C01,,1층,47,0,48959,051,441,6079,32611000059,20140401,00,261104175156,26,110,20140401
32611000042,C02,26,110,현대종합복지센터,00,NORMAL SERVICE.,105,510,4,현대종합복지센터,C02,6번지,,,,600012,051,242,0004,32611000042,20091229,00,,26,110,20091229
32611000060,C02,26,110,한울타리재가노인복지센터,00,NORMAL SERVICE.,121,545,4,한울타리재가노인복지센터,C02,,,55,0,48963,051,257,8120,32611000060,20140424,00,261103125015,26,110,20140424
32611000083,C02,26,110,동행재가노인복지센터,00,NORMAL SERVICE.,107,510,4,동행재가노인복지센터,C02,,,66,0,48928,051,908,0721,32611000083,20181102,00,261104175067,26,110,20181102
32614000023,C02,26,140,로드웨이 노인복지센터,00,NORMAL SERVICE.,112,640,4,로드웨이 노인복지센터,C02,51번지 1호,,15,0,49247,051,242,3903,32614000023,20080811,00,261402006003,26,140,20080811
32614000031,C02,26,140,세광재가노인복지센터,00,NORMAL SERVICE.,116,615,4,세광재가노인복지센터,C02,,,259,0,49243,051,247,0675,32614000031,20081126,00,261403126022,26,140,20081120
32614000057,C02,26,140,자애노인종합복지센터,00,NORMAL SERVICE.,123,650,4,자애노인종합복지센터,C02,,,191,1,49257,051,242,5733,32614000057,20151228,00,261403126017,26,140,20151228
32611000060,C03,26,110,한울타리재가노인복지센터,00,NORMAL SERVICE.,121,545,4,한울타리재가노인복지센터,C03,,,55,0,48963,051,257,8120,32611000060,20140424,00,261103125015,26,110,20140424
32614000071,C03,26,140,효송주야간보호센터,00,NORMAL SERVICE.,124,680,4,효송주야간보호센터,C03,,,12,0,49268,051,242,7085,32614000071,20191208,00,261404178244,26,140,20191208
32614000080,C03,26,140,소은노인주간보호센터,00,NORMAL SERVICE.,123,650,4,소은노인주간보호센터,C03,,,13,0,49257,051,248,8888,32614000080,20191231,00,261404178291,26,140,20191231
32617000100,C03,26,170,예사랑노인복지센터,00,NORMAL SERVICE.,101,510,4,예사랑노인복지센터,C03,,2,6,5,48821,051,465,5025,32617000100,20140902,00,261704181413,26,170,20140902
32617000136,C03,26,170,대주 재가복지센터,00,NORMAL SERVICE.,101,530,4,대주 재가복지센터,C03,,"2,4",328,0,48729,051,442,2079,32617000136,20170701,00,261702000010,26,170,20170701
32617000146,C03,26,170,동구케어 노인주간보호센터,00,NORMAL SERVICE.,104,650,3,동구케어 노인주간보호센터,C03,,9~11,494,0,48726,051,639,9975,32617000146,20180615,00,261702000010,26,170,20180615
32611000060,C05,26,110,한울타리재가노인복지센터,00,NORMAL SERVICE.,121,545,4,한울타리재가노인복지센터,C05,,,55,0,48963,051,257,8120,32611000060,20140424,00,261103125015,26,110,20140424
32617000059,C05,26,170,(주)간호박사종합재가센터,00,NORMAL SERVICE.,102,570,3,(주)간호박사종합재가센터,C05,,,28,0,48780,051,463,3300,32617000059,20091223,00,261703127029,26,170,20091223
32620000118,C05,26,200,부산사랑노인복지센터주식회사,00,NORMAL SERVICE.,120,640,3,부산사랑노인복지센터주식회사,C05,,2,382,0,49016,051,853,2323,32620000118,20190701,00,262003006003,26,200,20190701
32623000150,C05,26,230,사)부산진구노인요양센터부설 행복한재가,00,NORMAL SERVICE.,111,740,3,사)부산진구노인요양센터부설 행복한재가,C05,151번지 1호,,6,0,47270,051,894,8008,32623000150,20100201,00,262304187025,26,230,20100201
32623000303,C05,26,230,정드림재가복지센터,00,NORMAL SERVICE.,102,600,4,정드림재가복지센터,C05,,4,19,0,47293,051,819,9733,32623000303,20180312,00,262304187667,26,230,20180312
32626000218,C05,26,260,새원재가노인복지센터,00,NORMAL SERVICE.,101,761,4,새원재가노인복지센터,C05,,8,52,0,47772,051,524,5243,32626000218,20160630,00,262604190162,26,260,20160630
32611000015,C06,26,110,현대의료복지용구센터,00,NORMAL SERVICE.,123,560,4,현대의료복지용구센터,C06,,,23,0,48979,051,245,3051,32611000015,20080709,00,261103125001,26,110,20080709
32611000061,C06,26,110,유창,00,NORMAL SERVICE.,107,510,4,유창,C06,,2,81,2,48928,051,244,0982,32611000061,20140722,00,261103125007,26,110,20140722
32611000097,C06,26,110,조은재가복지센터,00,NORMAL SERVICE.,120,545,4,조은재가복지센터,C06,,2,6,0,48962,051,255,9911,32611000097,20191209,00,261104175166,26,110,20191209
32611000098,C06,26,110,효진재가노인복지센터,00,NORMAL SERVICE.,114,520,4,효진재가노인복지센터,C06,,2,15,0,48932,051,244,0809,32611000098,20191212,00,261104175067,26,110,20191212
32614000036,C06,26,140,동진의료기,00,NORMAL SERVICE.,103,530,4,동진의료기,C06,13번지 8호,,17,0,49202,051,247,3136,32614000036,20090701,00,261403126004,26,140,20090701
32614000076,C06,26,140,(주)가온누리종합복지센터,00,NORMAL SERVICE.,101,510,3,(주)가온누리종합복지센터,C06,,,3,0,49218,051,242,7355,32614000076,20191212,00,261404178047,26,140,20191212
12638000008,G31,26,380,평화노인요양원,00,NORMAL SERVICE.,101,510,3,평화노인요양원,G31,,,49,0,49321,051,204,0008,12638000008,20080527,00,263804202333,26,380,20080527
12641000003,G31,26,410,애광노인치매전문요양원,00,NORMAL SERVICE.,108,610,3,애광노인치매전문요양원,G31,,,45,0,46240,051,514,7737,12641000003,20080530,00,264104205077,26,410,19981027
12653000078,G31,26,530,부산광역시 노인건강센터,00,NORMAL SERVICE.,107,670,2,부산광역시 노인건강센터,G31,,,129,0,47055,051,310,7500,12653000078,20110407,00,265304217378,26,530,20110407
12638000008,G32,26,380,평화노인요양원,00,NORMAL SERVICE.,101,510,3,평화노인요양원,G32,,,49,0,49321,051,204,0008,12638000008,20080527,00,263804202333,26,380,20080527
12641000003,G32,26,410,애광노인치매전문요양원,00,NORMAL SERVICE.,108,610,3,애광노인치매전문요양원,G32,,,45,0,46240,051,514,7737,12641000003,20080530,00,264104205077,26,410,19981027
12653000078,G32,26,530,부산광역시 노인건강센터,00,NORMAL SERVICE.,107,670,2,부산광역시 노인건강센터,G32,,,129,0,47055,051,310,7500,12653000078,20110407,00,265304217378,26,530,20110407
12641000003,G33,26,410,애광노인치매전문요양원,00,NORMAL SERVICE.,108,610,3,애광노인치매전문요양원,G33,,,45,0,46240,051,514,7737,12641000003,20080530,00,264104205077,26,410,19981027
12653000078,G33,26,530,부산광역시 노인건강센터,00,NORMAL SERVICE.,107,670,2,부산광역시 노인건강센터,G33,,,129,0,47055,051,310,7500,12653000078,20110407,00,265304217378,26,530,20110407
12641000003,G34,26,410,애광노인치매전문요양원,00,NORMAL SERVICE.,108,610,3,애광노인치매전문요양원,G34,,,45,0,46240,051,514,7737,12641000003,20080530,00,264104205077,26,410,19981027
22623000393,H31,26,230,다사랑치매전문주간보호센터,00,NORMAL SERVICE.,110,710,2,다사랑치매전문주간보호센터,H31,,3,60,0,47336,051,892,1745,22623000393,20210908,00,262303129008,26,230,20210908
22641000013,H31,26,410,애광재가노인복지기관,00,NORMAL SERVICE.,108,610,3,애광재가노인복지기관,H31,,2,45,0,46240,051,582,0756,22641000013,20080530,00,264104205077,26,410,19951230
22644000055,H31,26,440,공립명지치매전문주야간보호센터,00,NORMAL SERVICE.,104,535,2,공립명지치매전문주야간보호센터,H31,,2,33,0,46773,051,710,6700,22644000055,20220720,00,264403350875,26,440,20220311
22647000264,H31,26,470,부산연제재활 주야간보호센터,00,NORMAL SERVICE.,102,720,3,부산연제재활 주야간보호센터,H31,,"1,4,5",302,1,47562,051,853,1625,22647000264,20251208,00,264703006054,26,470,20251117
22650000151,H31,26,500,(주)케어링 주간보호센터 부산 수영점,00,NORMAL SERVICE.,103,800,3,(주)케어링 주간보호센터 부산 수영점,H31,,,7,0,48280,051,756,1277,22650000151,20221031,00,265004214080,26,500,20221031
22671000148,H31,26,710,"""(기장)효사랑데이케어센터2",00,NORMAL SERVICE.,250,250,4,"""(기장)효사랑데이케어센터2",H31,,"2,3,4",376,0,46056,051,724,3060,22671000148,20170711,22,267103140052,26,710,20170711
22641000013,H32,26,410,애광재가노인복지기관,00,NORMAL SERVICE.,108,610,3,애광재가노인복지기관,H32,,2,45,0,46240,051,582,0756,22641000013,20080530,00,264104205077,26,410,19951230
32647000158,I31,26,470,(주)부산데이케어 부산주간보호,00,NORMAL SERVICE.,102,720,3,(주)부산데이케어 부산주간보호,I31,,,137,0,47556,051,868,3800,32647000158,20170807,00,264703135002,26,470,20170807
32653000106,I31,26,530,함께노인주간보호센터,00,NORMAL SERVICE.,106,650,4,함께노인주간보호센터,I31,,1,473,0,46995,051,311,0885,32653000106,20140822,00,265302006008,26,530,20140822
32647000158,I32,26,470,(주)부산데이케어 부산주간보호,00,NORMAL SERVICE.,102,720,3,(주)부산데이케어 부산주간보호,I32,,,137,0,47556,051,868,3800,32647000158,20170807,00,264703135002,26,470,20170807
12620000004,M31,26,200,파랑새노인건강센터,00,NORMAL SERVICE.,120,640,3,파랑새노인건강센터,M31,,,78,0,49087,051,412,5422,12620000004,20080530,00,262003128016,26,200,20030509
12620000004,M32,26,200,파랑새노인건강센터,00,NORMAL SERVICE.,120,640,3,파랑새노인건강센터,M32,,,78,0,49087,051,412,5422,12620000004,20080530,00,262003128016,26,200,20030509
12711000113,A03,27,110,닥터김노인요양센터,00,NORMAL SERVICE.,103,517,4,닥터김노인요양센터,A03,,,304,0,41906,053,428,8808,12711000113,20131101,00,271103141011,27,110,20131101
12711000132,A03,27,110,보람요양원,00,NORMAL SERVICE.,156,660,4,보람요양원,A03,,,125,0,41972,053,257,8001,12711000132,20160112,00,271103141013,27,110,20160112
12711000154,A03,27,110,우리요양원,00,NORMAL SERVICE.,101,517,4,우리요양원,A03,,2층~4,21,0,41905,053,255,3799,12711000154,20190820,00,271104223078,27,110,20190820
12711000189,A03,27,110,청춘요양원,00,NORMAL SERVICE.,101,517,4,청춘요양원,A03,,,41,0,41908,053,716,9982,12711000189,20250708,00,271104223020,27,110,20250708
12714000001,A03,27,140,성덕실버타운,00,NORMAL SERVICE.,144,760,3,성덕실버타운,A03,,,20,16,41000,053,983,1376,12714000001,20080528,00,271404226161,27,140,19910701
12714000003,A03,27,140,붓다의집,00,NORMAL SERVICE.,133,760,3,붓다의집,A03,,,75,0,41008,053,986,7700,12714000003,20080528,00,271403142001,27,140,20041108
12714000008,A03,27,140,마이홈노인전문요양원,00,NORMAL SERVICE.,106,620,3,마이홈노인전문요양원,A03,,,9,0,41039,053,983,0755,12714000008,20080528,00,271404226010,27,140,20040216
12711000079,A04,27,110,남산요양원,00,NORMAL SERVICE.,156,670,4,남산요양원,A04,2488번지 18호,,44,0,41977,053,255,6567,12711000079,20100608,00,271104223043,27,110,20100608
12711000091,A04,27,110,문성요양복지센터,00,NORMAL SERVICE.,156,640,4,문성요양복지센터,A04,2105번지 2호,,217,0,41963,053,521,6162,12711000091,20110527,00,271103141013,27,110,20110527
12714000265,A04,27,140,팔공어르신요양원 동촌센터,00,NORMAL SERVICE.,109,655,4,팔공어르신요양원 동촌센터,A04,,,35,0,41142,053,985,0515,12714000265,20130319,00,271403142010,27,140,20130319
12714000385,A04,27,140,효사랑요양원1,00,NORMAL SERVICE.,118,720,4,효사랑요양원1,A04,,3,60,3,41105,053,985,9978,12714000385,20160901,00,271404226237,27,140,20160901
12714000386,A04,27,140,효사랑요양원2,00,NORMAL SERVICE.,118,720,4,효사랑요양원2,A04,,3,60,3,41105,053,985,9978,12714000386,20160901,00,271404226237,27,140,20160901
12714000465,A04,27,140,율하요양원,00,NORMAL SERVICE.,118,720,4,율하요양원,A04,,,56,0,41105,053,965,0702,12714000465,20180501,00,271404226237,27,140,20180501
22711000002,B01,27,110,삼덕노인복지센터,00,NORMAL SERVICE.,106,545,3,삼덕노인복지센터,B01,,8,22,0,41940,053,423,3279,22711000002,20080529,00,271103007017,27,110,20070419
22711000005,B01,27,110,어르신마을 노인복지센터,00,NORMAL SERVICE.,130,575,3,어르신마을 노인복지센터,B01,733번지 4호,,96,0,41916,053,421,0881,22711000005,20080529,00,271103141009,27,110,19990527
22711000044,B01,27,110,성심노인복지센터,00,NORMAL SERVICE.,107,545,4,성심노인복지센터,B01,,,8,4,41948,053,428,9889,22711000044,20090107,00,271104223055,27,110,20090107
22711000167,B01,27,110,비지팅엔젤스 대구중구방문요양지점,00,NORMAL SERVICE.,106,545,4,비지팅엔젤스 대구중구방문요양지점,B01,,5,115,0,41940,053,253,5082,22711000167,20210330,00,271103141005,27,110,20210330
22711000168,B01,27,110,우리재가복지센터,00,NORMAL SERVICE.,156,670,4,우리재가복지센터,B01,,3,49,0,41978,053,424,8887,22711000168,20210512,00,271103141001,27,110,20210512
22711000170,B01,27,110,9988어르신돌봄센터,00,NORMAL SERVICE.,156,640,4,9988어르신돌봄센터,B01,,1,30,0,41968,053,252,9980,22711000170,20220214,00,271104223126,27,110,20220214
22711000002,B02,27,110,삼덕노인복지센터,00,NORMAL SERVICE.,106,545,3,삼덕노인복지센터,B02,,8,22,0,41940,053,423,3279,22711000002,20080529,00,271103007017,27,110,20070419
22711000044,B02,27,110,성심노인복지센터,00,NORMAL SERVICE.,107,545,4,성심노인복지센터,B02,,,8,4,41948,053,428,9889,22711000044,20090107,00,271104223055,27,110,20090107
22711000167,B02,27,110,비지팅엔젤스 대구중구방문요양지점,00,NORMAL SERVICE.,106,545,4,비지팅엔젤스 대구중구방문요양지점,B02,,5,115,0,41940,053,253,5082,22711000167,20210330,00,271103141005,27,110,20210330
22711000168,B02,27,110,우리재가복지센터,00,NORMAL SERVICE.,156,670,4,우리재가복지센터,B02,,3,49,0,41978,053,424,8887,22711000168,20210512,00,271103141001,27,110,20210512
22711000170,B02,27,110,9988어르신돌봄센터,00,NORMAL SERVICE.,156,640,4,9988어르신돌봄센터,B02,,1,30,0,41968,053,252,9980,22711000170,20220214,00,271104223126,27,110,20220214
22711000172,B02,27,110,K베스트재가복지센터,00,NORMAL SERVICE.,102,517,4,K베스트재가복지센터,B02,19번지,,,,41914,053,252,9343,22711000172,20221108,00,,27,110,20221108
22711000002,B03,27,110,삼덕노인복지센터,00,NORMAL SERVICE.,106,545,3,삼덕노인복지센터,B03,,8,22,0,41940,053,423,3279,22711000002,20080529,00,271103007017,27,110,20070419
22711000005,B03,27,110,어르신마을 노인복지센터,00,NORMAL SERVICE.,130,575,3,어르신마을 노인복지센터,B03,733번지 4호,,96,0,41916,053,421,0881,22711000005,20080529,00,271103141009,27,110,19990527
22711000159,B03,27,110,청춘재활주간보호센터,00,NORMAL SERVICE.,140,575,4,청춘재활주간보호센터,B03,,5,26,0,41931,053,252,8383,22711000159,20191202,00,271103141004,27,110,20191202
22711000190,B03,27,110,청춘주간보호센터,00,NORMAL SERVICE.,101,517,4,청춘주간보호센터,B03,,,41,0,41908,053,716,9981,22711000190,20250708,00,271104223020,27,110,20250708
22714000012,B03,27,140,진명해안노인복지센터,00,NORMAL SERVICE.,114,685,3,진명해안노인복지센터,B03,,,54,0,41133,053,981,0783,22714000012,20080528,00,271403142027,27,140,20070611
22714000014,B03,27,140,진명재가노인복지센터,00,NORMAL SERVICE.,103,590,3,진명재가노인복지센터,B03,,,13,1,41238,053,742,9823,22714000014,20080528,00,271403142044,27,140,20080403
22729000563,B04,27,290,더편한주간보호센터,00,NORMAL SERVICE.,122,640,4,더편한주간보호센터,B04,,2,379,0,42741,053,944,8899,22729000563,20200901,00,272903007013,27,290,20200901
22729000617,B04,27,290,대구 신세계재가노인복지센터,00,NORMAL SERVICE.,117,615,4,대구 신세계재가노인복지센터,B04,,"3,4",33,0,42777,053,629,2003,22729000617,20220601,00,272903146015,27,290,20220601
24772000033,B04,27,720,군위군재가노인지원센터,00,NORMAL SERVICE.,250,250,2,군위군재가노인지원센터,B04,,,70,0,43120,054,380,7471,24772000033,20121109,00,277203314001,27,720,20121108
22714000605,B05,27,140,손주간호사 재가노인복지센터,00,NORMAL SERVICE.,101,540,4,손주간호사 재가노인복지센터,B05,,중,80,0,41218,053,955,1190,22714000605,20221101,00,271404226190,27,140,20221101
22714000620,B05,27,140,대구다은재가방문요양간호센터,00,NORMAL SERVICE.,101,520,4,대구다은재가방문요양간호센터,B05,,,10,0,41204,053,945,5488,22714000620,20230501,00,271403142024,27,140,20230501
22717000349,B05,27,170,대구미림재가방문요양간호센터,00,NORMAL SERVICE.,102,565,4,대구미림재가방문요양간호센터,B05,,,9,0,41735,053,566,7540,22717000349,20191010,00,271704229198,27,170,20191010
22717000474,B05,27,170,이로운재가복지센터,00,NORMAL SERVICE.,103,640,4,이로운재가복지센터,B05,,1,166,0,41776,053,213,4335,22717000474,20250801,00,271703143006,27,170,20250801
22720000304,B05,27,200,가가호호재가복지센터,00,NORMAL SERVICE.,102,530,4,가가호호재가복지센터,B05,,,62,0,42430,053,285,3557,22720000304,20220727,00,272004232303,27,200,20220715
22720000311,B05,27,200,'(A)비지팅엔젤스 대구남구방문요양지점,00,NORMAL SERVICE.,103,610,4,'(A)비지팅엔젤스 대구남구방문요양지점,B05,,1,10,0,42484,053,657,1449,22720000311,20230224,00,272004232058,27,200,20230217
22714000604,B06,27,140,신광메디칼,00,NORMAL SERVICE.,135,760,3,신광메디칼,B06,,,1685,0,41009,053,581,5830,22714000604,20221101,00,271403000049,27,140,20221101
22714000626,B06,27,140,가호메디칼,00,NORMAL SERVICE.,118,720,4,가호메디칼,B06,,,42,0,41120,053,961,1682,22714000626,20230501,00,271404226275,27,140,20230501
22714000631,B06,27,140,대경메디칼,00,NORMAL SERVICE.,128,755,4,대경메디칼,B06,,3,5,26,41072,053,964,0565,22714000631,20230701,00,271403142055,27,140,20230701
22714000647,B06,27,140,삼성의료복지용구,00,NORMAL SERVICE.,145,760,4,삼성의료복지용구,B06,,3,23,0,41002,053,952,9107,22714000647,20230901,00,271404226299,27,140,20230901
22714000652,B06,27,140,해와달365복지센터,00,NORMAL SERVICE.,111,685,4,해와달365복지센터,B06,,,26,0,41136,070,4441,7375,22714000652,20231101,00,271404226092,27,140,20231101
22714000654,B06,27,140,안테나메디컬,00,NORMAL SERVICE.,118,720,4,안테나메디컬,B06,,1,57,0,41122,053,986,5836,22714000654,20231101,00,271404226275,27,140,20231101
32711000016,C01,27,110,"나눔 충,효,예 복지라이프 요양보호사 파견센타",00,NORMAL SERVICE.,156,640,4,"나눔 충,효,예 복지라이프 요양보호사 파견센타",C01,716번지 21호 6통 1반,,304,0,41963,053,427,2000,32711000016,20080610,00,271102007001,27,110,20080602
32711000019,C01,27,110,경북베델 재가장기요양기관,00,NORMAL SERVICE.,156,650,4,경북베델 재가장기요양기관,C01,,5,2076,0,41966,053,256,1339,32711000019,20080618,00,271102007002,27,110,20080610
32711000046,C01,27,110,동산홈케어,00,NORMAL SERVICE.,135,595,4,동산홈케어,C01,51번지 2호,,83,0,41925,053,256,4020,32711000046,20090219,00,271103141004,27,110,20090219
32711000078,C01,27,110,우리장기요양센터,00,NORMAL SERVICE.,101,517,4,우리장기요양센터,C01,,1,21,0,41905,053,256,4599,32711000078,20100331,00,271104223078,27,110,20100331
32711000087,C01,27,110,감나무 장기요양센터,00,NORMAL SERVICE.,156,640,4,감나무 장기요양센터,C01,919번지 12호,,27,0,41961,053,423,2207,32711000087,20101229,00,271104223099,27,110,20101229
32711000097,C01,27,110,(주)진명해피케어 중구지점,00,NORMAL SERVICE.,156,670,3,(주)진명해피케어 중구지점,C01,,,75,0,41977,053,426,9285,32711000097,20111118,00,271104223043,27,110,20111118
32711000016,C02,27,110,"나눔 충,효,예 복지라이프 요양보호사 파견센타",00,NORMAL SERVICE.,156,640,4,"나눔 충,효,예 복지라이프 요양보호사 파견센타",C02,716번지 21호 6통 1반,,304,0,41963,053,427,2000,32711000016,20080610,00,271102007001,27,110,20080602
32711000046,C02,27,110,동산홈케어,00,NORMAL SERVICE.,135,595,4,동산홈케어,C02,51번지 2호,,83,0,41925,053,256,4020,32711000046,20090219,00,271103141004,27,110,20090219
32711000078,C02,27,110,우리장기요양센터,00,NORMAL SERVICE.,101,517,4,우리장기요양센터,C02,,1,21,0,41905,053,256,4599,32711000078,20100331,00,271104223078,27,110,20100331
32711000087,C02,27,110,감나무 장기요양센터,00,NORMAL SERVICE.,156,640,4,감나무 장기요양센터,C02,919번지 12호,,27,0,41961,053,423,2207,32711000087,20101229,00,271104223099,27,110,20101229
32711000105,C02,27,110,동인재가복지센터,00,NORMAL SERVICE.,101,517,4,동인재가복지센터,C02,,5,196,0,41905,053,422,1121,32711000105,20130305,00,271103141005,27,110,20130305
32711000112,C02,27,110,닥터김노인요양센터,00,NORMAL SERVICE.,103,517,4,닥터김노인요양센터,C02,,,304,0,41906,053,428,8808,32711000112,20131101,00,271103141011,27,110,20131101
32711000078,C03,27,110,우리장기요양센터,00,NORMAL SERVICE.,101,517,4,우리장기요양센터,C03,,1,21,0,41905,053,256,4599,32711000078,20100331,00,271104223078,27,110,20100331
32711000112,C03,27,110,닥터김노인요양센터,00,NORMAL SERVICE.,103,517,4,닥터김노인요양센터,C03,,,304,0,41906,053,428,8808,32711000112,20131101,00,271103141011,27,110,20131101
32711000130,C03,27,110,문성주간보호센터,00,NORMAL SERVICE.,156,640,4,문성주간보호센터,C03,,1,217,0,41963,053,521,6162,32711000130,20151029,00,271103141013,27,110,20110527
32711000133,C03,27,110,보람노인복지센터,00,NORMAL SERVICE.,156,660,4,보람노인복지센터,C03,,,125,0,41972,053,257,8001,32711000133,20160119,00,271103141013,27,110,20160119
32711000142,C03,27,110,화목한재활주야간보호센터,00,NORMAL SERVICE.,156,640,4,화목한재활주야간보호센터,C03,,"2,5",165,0,41968,053,253,8026,32711000142,20180517,00,271103141013,27,110,20180517
32711000148,C03,27,110,현대복지센터,00,NORMAL SERVICE.,156,670,4,현대복지센터,C03,,4,59,0,41976,053,626,7822,32711000148,20190401,00,271103141013,27,110,20190401
32723000554,C04,27,230,한마음주간보호센터,00,NORMAL SERVICE.,124,780,4,한마음주간보호센터,C04,,3,15,0,41422,053,312,8899,32723000554,20191220,00,272304235196,27,230,20191220
32726000058,C04,27,260,엘레오스노인요양센터,00,NORMAL SERVICE.,114,680,4,엘레오스노인요양센터,C04,,2,3083,0,42262,053,743,0655,32726000058,20081014,00,272602007002,27,260,20081014
32729000217,C04,27,290,감동노인복지센터,00,NORMAL SERVICE.,115,624,3,감동노인복지센터,C04,603번지,,221,17,42786,053,295,8515,32729000217,20110214,00,272903147029,27,290,20110214
32714000263,C05,27,140,율하실버케어,00,NORMAL SERVICE.,124,745,4,율하실버케어,C05,,,22,0,41083,053,965,3737,32714000263,20130213,00,271404226249,27,140,20130213
32714000311,C05,27,140,정다운실버센터,00,NORMAL SERVICE.,101,510,4,정다운실버센터,C05,,,57,0,41194,053,954,7500,32714000311,20140821,00,271404226209,27,140,20140821
32714000390,C05,27,140,행운이365노인복지센터,00,NORMAL SERVICE.,111,685,4,행운이365노인복지센터,C05,,3,235,0,41146,053,984,8233,32714000390,20160907,00,271403142010,27,140,20160907
32723000391,C05,27,230,호산재가방문간호센터,00,NORMAL SERVICE.,125,750,4,호산재가방문간호센터,C05,,1,22,0,41444,053,324,5200,32723000391,20161226,00,272304235058,27,230,20161226
32723000419,C05,27,230,엘림노인복지센터,00,NORMAL SERVICE.,106,560,4,엘림노인복지센터,C05,,"3,4",619,0,41561,053,353,1196,32723000419,20170929,00,272302007001,27,230,20170929
32723000475,C05,27,230,예다함재가요양센터,00,NORMAL SERVICE.,110,645,4,예다함재가요양센터,C05,,1,46,0,41570,053,215,8815,32723000475,20181201,00,272304235153,27,230,20181201
32711000024,C06,27,110,신진의료기,00,NORMAL SERVICE.,140,585,4,신진의료기,C06,77번지 1호,,480,0,41931,053,256,2456,32711000024,20080714,00,271103007001,27,110,20080714
32711000028,C06,27,110,이원건강의료기,00,NORMAL SERVICE.,106,545,4,이원건강의료기,C06,212번지 6호 3통 7반,,123,0,41940,053,256,2512,32711000028,20080728,00,271103141005,27,110,20080728
32711000051,C06,27,110,영남메디칼,00,NORMAL SERVICE.,103,517,4,영남메디칼,C06,271번지 11호,,285,0,41904,053,253,0661,32711000051,20090519,00,271103141011,27,110,20090519
32711000094,C06,27,110,해피데이 헬스케어,00,NORMAL SERVICE.,134,575,3,해피데이 헬스케어,C06,103번지 5호,,,,41919,053,422,4010,32711000094,20110826,00,,27,110,20110826
32711000095,C06,27,110,장수메디칼,00,NORMAL SERVICE.,103,517,4,장수메디칼,C06,,,85,0,41906,053,253,5885,32711000095,20111004,00,271104223026,27,110,20111004
32711000119,C06,27,110,대구보조기상사,00,NORMAL SERVICE.,106,545,4,대구보조기상사,C06,,,108,0,41948,053,422,0302,32711000119,20140701,00,271103141005,27,110,20140701
12723000107,G31,27,230,효성실버타운,00,NORMAL SERVICE.,121,800,3,효성실버타운,G31,624번지 5호,,92,52,41408,053,327,0003,12723000107,20090812,00,272304235170,27,230,20090811
12729000252,G31,27,290,상록수 실버타운,00,NORMAL SERVICE.,110,568,3,상록수 실버타운,G31,,,25,0,42698,053,716,6123,12729000252,20120201,00,272904241157,27,290,20120201
12729000621,G31,27,290,대곡가톨릭요양원,00,NORMAL SERVICE.,123,615,4,대곡가톨릭요양원,G31,,,39,0,42842,053,243,8833,12729000621,20220601,00,272904854599,27,290,20220601
12771000086,G31,27,710,대구보훈요양원,00,NORMAL SERVICE.,330,330,3,대구보훈요양원,G31,,,123,23,42900,053,606,3000,12771000086,20111017,00,277104244552,27,710,20111017
12771000214,G31,27,710,죽곡골든라이프케어,00,NORMAL SERVICE.,256,256,4,죽곡골든라이프케어,G31,,,25,0,42910,053,583,2646,12771000214,20210202,27,277103148013,27,710,20210202
12723000107,G32,27,230,효성실버타운,00,NORMAL SERVICE.,121,800,3,효성실버타운,G32,624번지 5호,,92,52,41408,053,327,0003,12723000107,20090812,00,272304235170,27,230,20090811
12729000252,G32,27,290,상록수 실버타운,00,NORMAL SERVICE.,110,568,3,상록수 실버타운,G32,,,25,0,42698,053,716,6123,12729000252,20120201,00,272904241157,27,290,20120201
12771000086,G32,27,710,대구보훈요양원,00,NORMAL SERVICE.,330,330,3,대구보훈요양원,G32,,,123,23,42900,053,606,3000,12771000086,20111017,00,277104244552,27,710,20111017
12723000107,G33,27,230,효성실버타운,00,NORMAL SERVICE.,121,800,3,효성실버타운,G33,624번지 5호,,92,52,41408,053,327,0003,12723000107,20090812,00,272304235170,27,230,20090811
12729000252,G33,27,290,상록수 실버타운,00,NORMAL SERVICE.,110,568,3,상록수 실버타운,G33,,,25,0,42698,053,716,6123,12729000252,20120201,00,272904241157,27,290,20120201
22714000367,H31,27,140,동구노인장기요양센터,00,NORMAL SERVICE.,116,747,3,동구노인장기요양센터,H31,,,22,7,41111,053,710,3511,22714000367,20160502,00,271404226009,27,140,20160502
22714000615,H31,27,140,동구공립재가노인복지센터,00,NORMAL SERVICE.,142,760,2,동구공립재가노인복지센터,H31,,"2층,3",558,2,41001,053,983,5582,22714000615,20221228,00,271403142040,27,140,20221228
22714000720,H31,27,140,대구재활주간보호센터,00,NORMAL SERVICE.,118,720,4,대구재활주간보호센터,H31,,,46,0,41105,053,965,4391,22714000720,20250801,00,271404226237,27,140,20250801
22714000722,H31,27,140,수성재활주간보호센터,00,NORMAL SERVICE.,103,600,4,수성재활주간보호센터,H31,,"2,3",105,0,41238,053,759,0081,22714000722,20250901,00,271403142047,27,140,20250901
22717000415,H31,27,170,(주)케어링 주간보호센터 대구 서구점,00,NORMAL SERVICE.,102,590,3,(주)케어링 주간보호센터 대구 서구점,H31,,6,152,0,41715,053,353,6585,22717000415,20230330,00,271703007024,27,170,20230330
22720000148,H31,27,200,효원주간보호센터A,00,NORMAL SERVICE.,103,650,4,효원주간보호센터A,H31,,2,110,0,42460,053,627,8887,22720000148,20140701,00,272003007009,27,200,20140701
32714000310,I31,27,140,선정노인복지센터,00,NORMAL SERVICE.,118,720,4,선정노인복지센터,I31,,"5,6",40,5,41106,053,963,8811,32714000310,20140728,00,271404226237,27,140,20140728
32729000350,I31,27,290,늘푸른노인복지센터,00,NORMAL SERVICE.,120,601,4,늘푸른노인복지센터,I31,,3,43,0,42779,053,635,7798,32729000350,20151012,00,272903147039,27,290,20151012
32729000399,I31,27,290,온사랑데이케어센터,00,NORMAL SERVICE.,101,515,4,온사랑데이케어센터,I31,,1,52,0,42679,053,622,1577,32729000399,20170404,00,272903147026,27,290,20170404
12726000275,S41,27,260,드림실버요양복지센터 2관,00,NORMAL SERVICE.,112,652,4,드림실버요양복지센터 2관,S41,,5,248,0,42212,053,782,8091,12726000275,20170612,00,272603146020,27,260,20170612
12771000221,S41,27,710,가족사랑요양원+,00,NORMAL SERVICE.,262,262,4,가족사랑요양원+,S41,,6,16,0,42974,053,615,7111,12771000221,20210727,22,277104244685,27,710,20210727
12811000009,A03,28,125,다정노인요양원,00,NORMAL SERVICE.,141,560,4,다정노인요양원,A03,231번지 6호,,72,0,22321,032,762,8553,12811000009,20081001,00,281253149001,28,125,20081001
12811000029,A03,28,125,예지요양원,00,NORMAL SERVICE.,141,560,3,예지요양원,A03,,5,82,0,22320,070,8630,7545,12811000029,20090730,00,281253149001,28,125,20090730
12811000060,A03,28,125,가족같은효성요양원,00,NORMAL SERVICE.,125,520,3,가족같은효성요양원,A03,58번지 155호,,5,0,22348,032,889,3114,12811000060,20100917,00,281254247188,28,125,20100917
12811000076,A03,28,125,예봄요양원,00,NORMAL SERVICE.,140,560,4,예봄요양원,A03,,,1,6,22316,070,8630,7550,12811000076,20130620,00,281254247242,28,125,20130620
12811000082,A03,28,125,수 요양원,00,NORMAL SERVICE.,142,560,4,수 요양원,A03,,,16,0,22318,032,777,8998,12811000082,20140620,00,281253149057,28,125,20140620
12811000083,A03,28,155,한우리요양원,00,NORMAL SERVICE.,103,628,4,한우리요양원,A03,,7,9,0,22371,032,747,1061,12811000083,20140818,00,281554247159,28,155,20140818
12811000052,A04,28,125,섭리노인요양공동생활가정,00,NORMAL SERVICE.,151,570,3,섭리노인요양공동생활가정,A04,,,31,0,22311,032,773,0665,12811000052,20100301,00,281254247535,28,125,20100301
12811000081,A04,28,125,늘단비요양원,00,NORMAL SERVICE.,135,530,4,늘단비요양원,A04,,,34,0,22333,032,888,0333,12811000081,20140410,00,281253149048,28,125,20140410
12814000081,A04,28,125,미래간호요양원,00,NORMAL SERVICE.,106,680,4,미래간호요양원,A04,,5,24,0,22554,032,574,9998,12814000081,20180702,00,281253150037,28,125,20180702
12814000082,A04,28,125,미래간호요양원 2호점,00,NORMAL SERVICE.,106,680,4,미래간호요양원 2호점,A04,,5,24,0,22554,032,761,7730,12814000082,20180702,00,281253150037,28,125,20180702
12817000229,A04,28,177,노인요양원 행복의집,00,NORMAL SERVICE.,102,550,4,노인요양원 행복의집,A04,,5,86,0,22175,032,887,0237,12817000229,20130307,00,281774253460,28,177,20130307
12817000267,A04,28,177,행복드림요양원,00,NORMAL SERVICE.,105,650,4,행복드림요양원,A04,,5,495,0,22147,032,438,1999,12817000267,20141201,00,281772008004,28,177,20141201
22811000144,B01,28,125,조이노인복지센터,00,NORMAL SERVICE.,139,540,4,조이노인복지센터,B01,,,14,9,22326,032,214,6054,22811000144,20200529,00,281254247146,28,125,20200529
22811000145,B01,28,125,편안한노인복지센터,00,NORMAL SERVICE.,131,510,4,편안한노인복지센터,B01,,2,14,1,22322,032,765,7703,22811000145,20200717,00,281254247237,28,125,20200717
22811000160,B01,28,125,행복한노인요양센터,00,NORMAL SERVICE.,149,570,4,행복한노인요양센터,B01,,,47,0,22308,032,772,1955,22811000160,20211018,00,281253149065,28,125,20211018
22811000168,B01,28,125,효당노인복지센터,00,NORMAL SERVICE.,136,530,4,효당노인복지센터,B01,,1,11,24,22329,032,765,5920,22811000168,20220520,00,281254247140,28,125,20220520
22811000169,B01,28,125,동행재가노인복지센터,00,NORMAL SERVICE.,108,510,4,동행재가노인복지센터,B01,,2,83,0,22314,032,777,6664,22811000169,20220615,00,281254247168,28,125,20220615
22811000172,B01,28,125,365효재가복지센터2호점,00,NORMAL SERVICE.,148,570,4,365효재가복지센터2호점,B01,,5,290,0,22313,032,777,6670,22811000172,20220805,00,281253149063,28,125,20220805
22811000144,B02,28,125,조이노인복지센터,00,NORMAL SERVICE.,139,540,4,조이노인복지센터,B02,,,14,9,22326,032,214,6054,22811000144,20200529,00,281254247146,28,125,20200529
22811000145,B02,28,125,편안한노인복지센터,00,NORMAL SERVICE.,131,510,4,편안한노인복지센터,B02,,2,14,1,22322,032,765,7703,22811000145,20200717,00,281254247237,28,125,20200717
22811000160,B02,28,125,행복한노인요양센터,00,NORMAL SERVICE.,149,570,4,행복한노인요양센터,B02,,,47,0,22308,032,772,1955,22811000160,20211018,00,281253149065,28,125,20211018
22811000168,B02,28,125,효당노인복지센터,00,NORMAL SERVICE.,136,530,4,효당노인복지센터,B02,,1,11,24,22329,032,765,5920,22811000168,20220520,00,281254247140,28,125,20220520
22811000169,B02,28,125,동행재가노인복지센터,00,NORMAL SERVICE.,108,510,4,동행재가노인복지센터,B02,,2,83,0,22314,032,777,6664,22811000169,20220615,00,281254247168,28,125,20220615
22811000172,B02,28,125,365효재가복지센터2호점,00,NORMAL SERVICE.,148,570,4,365효재가복지센터2호점,B02,,5,290,0,22313,032,777,6670,22811000172,20220805,00,281253149063,28,125,20220805
22811000136,B03,28,125,인천중구구립치매전담형주간보호센터(건강마실터),00,NORMAL SERVICE.,144,560,2,인천중구구립치매전담형주간보호센터(건강마실터),B03,,4,21,0,22309,032,765,3545,22811000136,20191202,00,281254247382,28,125,20191202
22811000147,B03,28,125,수노인복지센터,00,NORMAL SERVICE.,142,560,4,수노인복지센터,B03,,,16,0,22318,032,777,7411,22811000147,20200730,00,281253149057,28,125,20200730
22811000150,B03,28,155,희망나무노인주야간보호센터,00,NORMAL SERVICE.,104,510,4,희망나무노인주야간보호센터,B03,,,49,0,22357,032,752,9111,22811000150,20201127,00,281554247042,28,155,20201127
22811000153,B03,28,125,중부노인주야간보호센터,00,NORMAL SERVICE.,140,560,4,중부노인주야간보호센터,B03,,,37,0,22316,032,763,0777,22811000153,20201221,00,281253149050,28,125,20201221
22811000166,B03,28,155,큰사랑주간보호센터,00,NORMAL SERVICE.,102,510,4,큰사랑주간보호센터,B03,,6,244,0,22376,032,751,0886,22811000166,20220210,00,281553149060,28,155,20220210
22811000178,B03,28,155,영종스마일주간보호센터(방문요양),00,NORMAL SERVICE.,102,510,4,영종스마일주간보호센터(방문요양),B03,,4,262,0,22376,032,746,8885,22811000178,20230401,00,281553149060,28,155,20230401
22820000930,B04,28,200,만수글라라의집단기보호,00,NORMAL SERVICE.,103,583,4,만수글라라의집단기보호,B04,,4,49,1,21591,032,463,0840,22820000930,20240301,00,282003153071,28,200,20240301
22820001032,B04,28,200,서창단기보호,00,NORMAL SERVICE.,105,650,4,서창단기보호,B04,,3,1090,0,21604,032,471,0104,22820001032,20251001,00,282003149061,28,200,20251001
22824500511,B04,28,245,계양다사랑단기보호센터,00,NORMAL SERVICE.,102,613,4,계양다사랑단기보호센터,B04,,4,148,0,21083,032,555,8274,22824500511,20220901,00,282453155001,28,245,20220901
22824500594,B04,28,245,계양다사랑단기보호센터,00,NORMAL SERVICE.,102,613,4,계양다사랑단기보호센터,B04,,4,148,0,21083,032,555,8274,22824500594,20251001,00,282453155001,28,245,20251001
22826000817,B04,28,290,그레이스힐단기보호센터,00,NORMAL SERVICE.,103,510,3,그레이스힐단기보호센터,B04,,3~5,17,0,22601,070,4550,8920,22826000817,20260301,00,282904268137,28,290,20260301
22811000231,B05,28,125,마음다은 방문간호센터,00,NORMAL SERVICE.,139,540,4,마음다은 방문간호센터,B05,,1,17,20,22327,032,721,9860,22811000231,20260501,00,281254247068,28,125,20260501
22817700493,B05,28,177,인천통합복지 사회적협동조합,00,NORMAL SERVICE.,105,680,3,인천통합복지 사회적협동조합,B05,,2,516,0,22231,032,864,1006,22817700493,20200630,00,281772008003,28,177,20200630
22817700505,B05,28,177,예사랑재가노인복지센터,00,NORMAL SERVICE.,107,710,4,예사랑재가노인복지센터,B05,,,8,1,22231,032,433,7934,22817700505,20201229,00,281774253225,28,177,20201229
22817700510,B05,28,177,부모사랑요양센터,00,NORMAL SERVICE.,105,690,4,부모사랑요양센터,B05,,,16,0,22228,032,423,8850,22817700510,20210301,00,281774253612,28,177,20210301
22817700560,B05,28,177,조은재가복지센터,00,NORMAL SERVICE.,105,650,4,조은재가복지센터,B05,,1,58,0,22149,032,439,7103,22817700560,20220401,00,281774253020,28,177,20220401
22817700610,B05,28,177,이음실버케어센터,00,NORMAL SERVICE.,105,620,3,이음실버케어센터,B05,,,22,0,22139,032,205,9246,22817700610,20230201,00,281774253275,28,177,20230201
22811000160,B06,28,125,행복한노인요양센터,00,NORMAL SERVICE.,149,570,4,행복한노인요양센터,B06,,,47,0,22308,032,772,1955,22811000160,20211018,00,281253149065,28,125,20211018
22811000173,B06,28,155,장수메디케어,00,NORMAL SERVICE.,103,628,4,장수메디케어,B06,,1,70,4,22361,010,8880,3294,22811000173,20220916,00,281553149094,28,155,20220916
22811000208,B06,28,125,편안한복지용구,00,NORMAL SERVICE.,131,510,4,편안한복지용구,B06,,1,14,1,22322,032,773,1588,22811000208,20250401,00,281254247237,28,125,20250311
22817700561,B06,28,177,신기의료기(인천점),00,NORMAL SERVICE.,105,630,4,신기의료기(인천점),B06,,1,261,0,22157,032,872,2407,22817700561,20220301,00,281772008004,28,177,20220301
22817700570,B06,28,177,희망재가센터,00,NORMAL SERVICE.,102,550,4,희망재가센터,B06,,1,15,0,22176,032,882,3468,22817700570,20220501,00,281774253159,28,177,20220501
22817700613,B06,28,177,보훈복지용구,00,NORMAL SERVICE.,102,560,4,보훈복지용구,B06,,,141,0,22179,032,891,1777,22817700613,20230302,00,281772008004,28,177,20230302
32811000001,C01,28,155,중앙재가장기요양기관,00,NORMAL SERVICE.,103,550,4,중앙재가장기요양기관,C01,,3,23,0,22374,032,777,8805,32811000001,20080529,00,281554247266,28,155,20080523
32811000006,C01,28,125,다온재활복지요양센터,00,NORMAL SERVICE.,141,560,4,다온재활복지요양센터,C01,,2,27,0,22321,032,772,3307,32811000006,20080729,00,281253149011,28,125,20080729
32811000010,C01,28,125,동인천방문요양센터,00,NORMAL SERVICE.,142,560,4,동인천방문요양센터,C01,174번지 4호,,25,2,22318,032,763,9996,32811000010,20081017,00,281254247243,28,125,20081010
32811000011,C01,28,125,해피실버케어,00,NORMAL SERVICE.,144,560,4,해피실버케어,C01,9번지 57호,,88,10,22309,032,764,3577,32811000011,20081017,00,281253149065,28,125,20081017
32811000025,C01,28,125,하늘사랑 노인복지센터,00,NORMAL SERVICE.,144,560,4,하늘사랑 노인복지센터,C01,22번지 19호,,4,5,22316,070,4187,1055,32811000025,20090618,00,281254247400,28,125,20090618
32811000041,C01,28,125,굿모닝재가노인복지센터,00,NORMAL SERVICE.,141,560,4,굿모닝재가노인복지센터,C01,,,15,0,22320,032,773,1566,32811000041,20091231,00,281254247051,28,125,20091231
32811000001,C02,28,155,중앙재가장기요양기관,00,NORMAL SERVICE.,103,550,4,중앙재가장기요양기관,C02,,3,23,0,22374,032,777,8805,32811000001,20080529,00,281554247266,28,155,20080523
32811000010,C02,28,125,동인천방문요양센터,00,NORMAL SERVICE.,142,560,4,동인천방문요양센터,C02,174번지 4호,,25,2,22318,032,763,9996,32811000010,20081017,00,281254247243,28,125,20081010
32811000011,C02,28,125,해피실버케어,00,NORMAL SERVICE.,144,560,4,해피실버케어,C02,9번지 57호,,88,10,22309,032,764,3577,32811000011,20081017,00,281253149065,28,125,20081017
32811000041,C02,28,125,굿모닝재가노인복지센터,00,NORMAL SERVICE.,141,560,4,굿모닝재가노인복지센터,C02,,,15,0,22320,032,773,1566,32811000041,20091231,00,281254247051,28,125,20091231
32811000050,C02,28,155,큰사랑 재가장기요양센터,00,NORMAL SERVICE.,102,510,4,큰사랑 재가장기요양센터,C02,,,244,0,22376,032,746,0882,32811000050,20100304,00,281553149060,28,155,20100304
32811000065,C02,28,125,송월동노인복지센터,00,NORMAL SERVICE.,149,570,4,송월동노인복지센터,C02,,,2,0,22308,032,761,1103,32811000065,20120102,00,281254247367,28,125,20120102
32811000104,C03,28,125,제물포구 주간보호센터,00,NORMAL SERVICE.,132,510,4,제물포구 주간보호센터,C03,,"3,4",122,0,22321,032,777,0494,32811000104,20170926,00,281253149064,28,125,20170926
32811000133,C03,28,125,중부주야간보호센터,00,NORMAL SERVICE.,132,510,4,중부주야간보호센터,C03,,3,34,0,22321,032,773,9982,32811000133,20191101,00,281253149034,28,125,20191101
32811000137,C03,28,155,영종장수노인주야간보호센터,00,NORMAL SERVICE.,104,510,4,영종장수노인주야간보호센터,C03,,,20,0,22357,032,751,0337,32811000137,20191209,00,281554247104,28,155,20191209
32814000085,C03,28,125,(주)솔숲노인복지센터,00,NORMAL SERVICE.,106,680,3,(주)솔숲노인복지센터,C03,,,24,0,22554,032,777,8868,32814000085,20190201,00,281253150037,28,125,20190201
32814000097,C03,28,125,주식회사동구종합재가센터,00,NORMAL SERVICE.,107,640,3,주식회사동구종합재가센터,C03,,6,78,0,22556,032,766,8881,32814000097,20191219,00,281253150037,28,125,20191219
32817000276,C03,28,177,인천남부노인복지센터,00,NORMAL SERVICE.,105,640,4,인천남부노인복지센터,C03,,"1,2",177,0,22213,032,715,6090,32817000276,20150209,00,281773008011,28,177,20150209
32823700285,C04,28,237,늘사랑전문요양원 부설 단기보호,00,NORMAL SERVICE.,105,648,4,늘사랑전문요양원 부설 단기보호,C04,,"8,9층",32,0,21344,032,513,3235,32823700285,20111101,00,282373154056,28,237,20111101
32811000011,C05,28,125,해피실버케어,00,NORMAL SERVICE.,144,560,4,해피실버케어,C05,9번지 57호,,88,10,22309,032,764,3577,32811000011,20081017,00,281253149065,28,125,20081017
32811000142,C05,28,125,효노인복지센터,00,NORMAL SERVICE.,136,530,4,효노인복지센터,C05,,2,1,0,22329,032,888,3132,32811000142,20191219,00,281254247060,28,125,20191219
32814000085,C05,28,125,(주)솔숲노인복지센터,00,NORMAL SERVICE.,106,680,3,(주)솔숲노인복지센터,C05,,,24,0,22554,032,777,8868,32814000085,20190201,00,281253150037,28,125,20190201
32814000094,C05,28,125,실로암통합재가센터,00,NORMAL SERVICE.,107,660,4,실로암통합재가센터,C05,,2,10,0,22570,032,584,8253,32814000094,20191129,00,281254250145,28,125,20191129
32817000205,C05,28,177,행복나눔방문요양센터,00,NORMAL SERVICE.,101,520,4,행복나눔방문요양센터,C05,,2,49,11,22103,032,888,1091,32817000205,20120322,00,281774253318,28,177,20120322
32814000008,C06,28,125,인천재가노인복지센터,00,NORMAL SERVICE.,101,580,4,인천재가노인복지센터,C06,,1,33,0,22508,032,766,8881,32814000008,20080728,00,281253150009,28,125,20080728
32814000086,C06,28,125,주식회사 솔숲,00,NORMAL SERVICE.,103,610,3,주식회사 솔숲,C06,,1,21,0,22547,032,772,2244,32814000086,20190320,00,281253150010,28,125,20190320
32817000045,C06,28,177,웰러스코리아,00,NORMAL SERVICE.,102,550,4,웰러스코리아,C06,565번지 2호,,86,0,22175,032,881,3965,32817000045,20080925,00,281774253460,28,177,20080925
32817000112,C06,28,177,하이케어,00,NORMAL SERVICE.,103,580,4,하이케어,C06,,7,1,0,22218,032,866,6116,32817000112,20091013,00,281774253720,28,177,20091013
32817000204,C06,28,177,100세시대,00,NORMAL SERVICE.,105,670,4,100세시대,C06,,,497,0,22144,032,432,1266,32817000204,20120309,00,281773000028,28,177,20120309
12820000018,G31,28,200,만수요양원,00,NORMAL SERVICE.,103,560,3,만수요양원,G31,,,20,0,21591,032,473,5300,12820000018,20080611,00,282004259644,28,200,20080514
12820000411,G31,28,200,글라라의집,00,NORMAL SERVICE.,110,710,4,글라라의집,G31,,,101,0,21679,032,446,9920,12820000411,20151209,00,282003153012,28,200,20151209
12820000925,G31,28,200,인천광역시립요양원,00,NORMAL SERVICE.,109,660,2,인천광역시립요양원,G31,,,123,0,21645,032,423,7771,12820000925,20240308,00,282004259419,28,200,20240308
12823700532,G31,28,237,사랑의요양원3호점,00,NORMAL SERVICE.,101,550,4,사랑의요양원3호점,G31,,,92,0,21395,032,298,1004,12823700532,20180718,00,282373154010,28,237,20180718
12823700684,G31,28,237,사랑의 요양원,00,NORMAL SERVICE.,101,540,4,사랑의 요양원,G31,,,336,0,21391,032,505,0034,12823700684,20210901,00,282373000066,28,237,20210901
12820000018,G32,28,200,만수요양원,00,NORMAL SERVICE.,103,560,3,만수요양원,G32,,,20,0,21591,032,473,5300,12820000018,20080611,00,282004259644,28,200,20080514
12820000925,G32,28,200,인천광역시립요양원,00,NORMAL SERVICE.,109,660,2,인천광역시립요양원,G32,,,123,0,21645,032,423,7771,12820000925,20240308,00,282004259419,28,200,20240308
12823700532,G32,28,237,사랑의요양원3호점,00,NORMAL SERVICE.,101,550,4,사랑의요양원3호점,G32,,,92,0,21395,032,298,1004,12823700532,20180718,00,282373154010,28,237,20180718
12826000565,G32,28,275,두드림요양원,00,NORMAL SERVICE.,105,530,4,두드림요양원,G32,,"1,2,4,5",78,0,22711,032,563,3388,12826000565,20210701,00,282753156055,28,275,20210701
12826000668,G32,28,275,시온휴요양원,00,NORMAL SERVICE.,105,530,4,시온휴요양원,G32,,"지하1,2~7",53,0,22727,032,564,2211,12826000668,20230801,00,282753156055,28,275,20230801
12826000668,G33,28,275,시온휴요양원,00,NORMAL SERVICE.,105,530,4,시온휴요양원,G33,,"지하1,2~7",53,0,22727,032,564,2211,12826000668,20230801,00,282753156055,28,275,20230801
12826000668,G34,28,275,시온휴요양원,00,NORMAL SERVICE.,105,530,4,시온휴요양원,G34,,"지하1,2~7",53,0,22727,032,564,2211,12826000668,20230801,00,282753156055,28,275,20230801
22811000136,H31,28,125,인천중구구립치매전담형주간보호센터(건강마실터),00,NORMAL SERVICE.,144,560,2,인천중구구립치매전담형주간보호센터(건강마실터),H31,,4,21,0,22309,032,765,3545,22811000136,20191202,00,281254247382,28,125,20191202
22814000104,H31,28,125,동구구립치매전담형주간보호센터,00,NORMAL SERVICE.,107,660,2,동구구립치매전담형주간보호센터,H31,,3,193,0,22532,032,575,0019,22814000104,20220127,00,281253150035,28,125,20220127
22817700573,H31,28,177,미추홀구 구립 치매전담형 주간보호센터 미추홀돌봄의집,00,NORMAL SERVICE.,101,510,2,미추홀구 구립 치매전담형 주간보호센터 미추홀돌봄의집,H31,,6~7,20,0,22169,032,883,0310,22817700573,20220801,00,281774253061,28,177,20220801
22817700654,H31,28,177,건강재활주간보호센터,00,NORMAL SERVICE.,103,590,4,건강재활주간보호센터,H31,,,482,0,22223,032,873,3650,22817700654,20240327,00,281773149061,28,177,20240327
22818500214,H31,28,185,연수구립 치매전담형 주간보호센터-은빛사랑방,00,NORMAL SERVICE.,102,750,2,연수구립 치매전담형 주간보호센터-은빛사랑방,H31,,1,15,0,21907,032,899,9400,22818500214,20191126,00,281854256166,28,185,20191126
22817700573,H32,28,177,미추홀구 구립 치매전담형 주간보호센터 미추홀돌봄의집,00,NORMAL SERVICE.,101,510,2,미추홀구 구립 치매전담형 주간보호센터 미추홀돌봄의집,H32,,6~7,20,0,22169,032,883,0310,22817700573,20220801,00,281774253061,28,177,20220801
22823700653,H32,28,237,부평구 구립 치매전담형 주간보호센터 행복의집,00,NORMAL SERVICE.,101,540,2,부평구 구립 치매전담형 주간보호센터 행복의집,H32,,5,65,0,21359,032,523,2224,22823700653,20210101,00,282373008034,28,237,20210101
22826000366,H32,28,290,기억너머주야간보호센터,00,NORMAL SERVICE.,106,520,4,기억너머주야간보호센터,H32,,,198,0,22600,032,567,3129,22826000366,20180822,00,282903156191,28,290,20180822
22826000510,H32,28,275,인천참사랑병원 부설 햇살데이케어센터,00,NORMAL SERVICE.,106,542,4,인천참사랑병원 부설 햇살데이케어센터,H32,,3,6,0,22783,032,582,9111,22826000510,20200801,00,282754268620,28,275,20200801
22817700573,H33,28,177,미추홀구 구립 치매전담형 주간보호센터 미추홀돌봄의집,00,NORMAL SERVICE.,101,510,2,미추홀구 구립 치매전담형 주간보호센터 미추홀돌봄의집,H33,,6~7,20,0,22169,032,883,0310,22817700573,20220801,00,281774253061,28,177,20220801
32818500140,I31,28,185,엄마손실버케어 치매전담센터,00,NORMAL SERVICE.,103,761,3,엄마손실버케어 치매전담센터,I31,,,95,0,21919,032,851,0129,32818500140,20160512,00,281854256324,28,185,20160512
12820000581,S41,28,200,천사의집2호,00,NORMAL SERVICE.,101,510,4,천사의집2호,S41,,3,47,0,21565,032,467,6933,12820000581,20181221,00,282004259142,28,200,20181221
13011000004,A03,30,110,금성노인요양원,00,NORMAL SERVICE.,144,740,3,금성노인요양원,A03,,,18,13,34712,042,274,4700,13011000004,20080529,00,301104292296,30,110,20061101
13011000009,A03,30,110,임마누엘실버홈,00,NORMAL SERVICE.,107,551,3,임마누엘실버홈,A03,,,109,21,34679,042,284,5288,13011000009,20080605,00,301103010012,30,110,20041109
13011000015,A03,30,110,대전노인요양원,00,NORMAL SERVICE.,105,530,3,대전노인요양원,A03,,,109,22,34679,042,283,6304,13011000015,20080611,00,301103010012,30,110,19920227
13011000048,A03,30,110,온누리노인요양원,00,NORMAL SERVICE.,138,740,3,온누리노인요양원,A03,35번지 3호,,68,21,34710,042,282,0717,13011000048,20081010,00,301103164023,30,110,20081008
13011000150,A03,30,110,산내노인종합센터,00,NORMAL SERVICE.,136,740,3,산내노인종합센터,A03,494번지,,73,0,34705,042,285,6800,13011000150,20100412,00,301104292278,30,110,20100412
13011000184,A03,30,110,해드림실버요양원,00,NORMAL SERVICE.,105,530,4,해드림실버요양원,A03,,,95,0,34695,042,284,1234,13011000184,20120417,00,301103164008,30,110,20120417
13011000195,A03,30,110,플래티늄,00,NORMAL SERVICE.,107,551,3,플래티늄,A03,,,10,12,34675,042,721,2000,13011000195,20130225,00,301103164016,30,110,20081107
13011000120,A04,30,110,예스시니어,00,NORMAL SERVICE.,107,551,4,예스시니어,A04,,,131,17,34672,042,286,2700,13011000120,20091215,00,301103000091,30,110,20091215
13011000145,A04,30,110,새빛사랑의집,00,NORMAL SERVICE.,143,740,4,새빛사랑의집,A04,153번지 1호,,960,0,34709,042,321,8118,13011000145,20100301,00,301103000089,30,110,20100301
13011000283,A04,30,110,예명요양원,00,NORMAL SERVICE.,107,552,4,예명요양원,A04,,5,6,0,34663,042,283,2015,13011000283,20171120,00,301104292188,30,110,20171120
13011000284,A04,30,110,하나요양원,00,NORMAL SERVICE.,105,530,4,하나요양원,A04,,6,62,0,34695,042,282,8500,13011000284,20171208,00,301103010015,30,110,20171208
13011000294,A04,30,110,한울노인요양원,00,NORMAL SERVICE.,102,545,4,한울노인요양원,A04,,2,696,0,34632,042,285,1288,13011000294,20180501,00,301103010002,30,110,20180501
13011000306,A04,30,110,대전실버빌,00,NORMAL SERVICE.,109,560,4,대전실버빌,A04,,,9,7,34525,042,272,0999,13011000306,20181022,00,301104292431,30,110,20181022
13011000346,A04,30,110,가은실버홈,00,NORMAL SERVICE.,111,590,4,가은실버홈,A04,,,108,3,34607,042,626,7558,13011000346,20191217,00,301103164010,30,110,20191217
23011000007,B01,30,110,금성노인복지센터,00,NORMAL SERVICE.,118,680,3,금성노인복지센터,B01,,"3,4",139,3,34611,042,626,7530,23011000007,20080605,00,301103010014,30,110,20000322
23011000008,B01,30,110,선우노인복지센터,00,NORMAL SERVICE.,105,530,3,선우노인복지센터,B01,,,109,22,34679,042,273,0045,23011000008,20080605,00,301103010012,30,110,19940328
23011000151,B01,30,110,산내노인종합센터,00,NORMAL SERVICE.,136,740,3,산내노인종합센터,B01,494번지,,73,0,34705,042,285,6800,23011000151,20100412,00,301104292278,30,110,20100412
23011000185,B01,30,110,해드림노인복지센터,00,NORMAL SERVICE.,105,530,4,해드림노인복지센터,B01,,,95,0,34695,042,284,1234,23011000185,20120417,00,301103164008,30,110,20120417
23011000233,B01,30,110,예명 주야간보호센터,00,NORMAL SERVICE.,107,551,4,예명 주야간보호센터,B01,,5,6,0,34663,042,283,2015,23011000233,20150316,00,301104292188,30,110,20150316
23011000295,B01,30,110,한울재가노인복지센터,00,NORMAL SERVICE.,102,545,4,한울재가노인복지센터,B01,,2,696,0,34632,042,285,1288,23011000295,20180501,00,301103010002,30,110,20180501
23011000335,B01,30,110,새봄실버주간보호센터,00,NORMAL SERVICE.,116,665,4,새봄실버주간보호센터,B01,,3,157,0,34591,042,321,0082,23011000335,20191101,00,301104292202,30,110,20191101
23011000007,B02,30,110,금성노인복지센터,00,NORMAL SERVICE.,118,680,3,금성노인복지센터,B02,,"3,4",139,3,34611,042,626,7530,23011000007,20080605,00,301103010014,30,110,20000322
23011000151,B02,30,110,산내노인종합센터,00,NORMAL SERVICE.,136,740,3,산내노인종합센터,B02,494번지,,73,0,34705,042,285,6800,23011000151,20100412,00,301104292278,30,110,20100412
23011000185,B02,30,110,해드림노인복지센터,00,NORMAL SERVICE.,105,530,4,해드림노인복지센터,B02,,,95,0,34695,042,284,1234,23011000185,20120417,00,301103164008,30,110,20120417
23011000233,B02,30,110,예명 주야간보호센터,00,NORMAL SERVICE.,107,551,4,예명 주야간보호센터,B02,,5,6,0,34663,042,283,2015,23011000233,20150316,00,301104292188,30,110,20150316
23011000353,B02,30,110,원동주야간보호센터,00,NORMAL SERVICE.,101,515,4,원동주야간보호센터,B02,,,742,0,34632,042,284,6600,23011000353,20200904,00,301103010002,30,110,20200813
23011000354,B02,30,110,수재가노인복지센터,00,NORMAL SERVICE.,103,530,4,수재가노인복지센터,B02,,,599,0,34688,042,286,5452,23011000354,20200904,00,301103010002,30,110,20200813
23011000359,B02,30,110,행복나눔재가복지센터,00,NORMAL SERVICE.,113,515,4,행복나눔재가복지센터,B02,,3,258,1,34602,042,622,5467,23011000359,20210501,00,301103010001,30,110,20210501
23011000007,B03,30,110,금성노인복지센터,00,NORMAL SERVICE.,118,680,3,금성노인복지센터,B03,,"3,4",139,3,34611,042,626,7530,23011000007,20080605,00,301103010014,30,110,20000322
23011000008,B03,30,110,선우노인복지센터,00,NORMAL SERVICE.,105,530,3,선우노인복지센터,B03,,,109,22,34679,042,273,0045,23011000008,20080605,00,301103010012,30,110,19940328
23011000151,B03,30,110,산내노인종합센터,00,NORMAL SERVICE.,136,740,3,산내노인종합센터,B03,494번지,,73,0,34705,042,285,6800,23011000151,20100412,00,301104292278,30,110,20100412
23011000185,B03,30,110,해드림노인복지센터,00,NORMAL SERVICE.,105,530,4,해드림노인복지센터,B03,,,95,0,34695,042,284,1234,23011000185,20120417,00,301103164008,30,110,20120417
23011000233,B03,30,110,예명 주야간보호센터,00,NORMAL SERVICE.,107,551,4,예명 주야간보호센터,B03,,5,6,0,34663,042,283,2015,23011000233,20150316,00,301104292188,30,110,20150316
23011000335,B03,30,110,새봄실버주간보호센터,00,NORMAL SERVICE.,116,665,4,새봄실버주간보호센터,B03,,3,157,0,34591,042,321,0082,23011000335,20191101,00,301104292202,30,110,20191101
23011000351,B03,30,110,동부실버케어센터,00,NORMAL SERVICE.,115,640,4,동부실버케어센터,B03,,,1322,0,34550,042,639,3009,23011000351,20200414,00,301102010004,30,110,20200414
23011000425,B05,30,110,하진재가복지센터,00,NORMAL SERVICE.,115,640,4,하진재가복지센터,B05,,2,1679,0,34552,042,710,0551,23011000425,20240901,00,301102010003,30,110,20240813
23011000450,B05,30,110,사랑가득한재가복지센터,00,NORMAL SERVICE.,114,620,4,사랑가득한재가복지센터,B05,,2,23,0,34586,042,721,8090,23011000450,20251203,00,301104292180,30,110,20251117
23011000463,B05,30,110,엄마손통합재가센터,00,NORMAL SERVICE.,105,530,3,엄마손통합재가센터,B05,,,66,0,34698,010,5435,4609,23011000463,20260601,00,301103164008,30,110,20260515
23014000642,B05,30,140,보라재가복지센터,00,NORMAL SERVICE.,115,700,4,보라재가복지센터,B05,,,87,0,34984,042,342,8585,23014000642,20250401,00,301404295036,30,140,20250311
23017000329,B05,30,170,유앤아이주간보호센터,00,NORMAL SERVICE.,101,510,4,유앤아이주간보호센터,B05,,,104,7,35410,042,581,6300,23017000329,20160309,00,301703166033,30,170,20160309
23017000500,B05,30,170,더편한실버센터,00,NORMAL SERVICE.,128,650,4,더편한실버센터,B05,,,66,0,35203,042,487,8255,23017000500,20201231,00,301704298317,30,170,20201127
23017000507,B05,30,170,대전간호요양센터,00,NORMAL SERVICE.,116,597,4,대전간호요양센터,B05,,,42,0,35372,042,545,8733,23017000507,20210401,00,301704298108,30,170,20210304
23011000374,B06,30,110,섬김복지용구지원센터,00,NORMAL SERVICE.,102,545,4,섬김복지용구지원센터,B06,,,706,0,34632,042,282,4164,23011000374,20220127,00,301103010002,30,110,20220105
23011000391,B06,30,110,대전연합복지용구,00,NORMAL SERVICE.,107,552,4,대전연합복지용구,B06,,,56,8,34674,042,273,7503,23011000391,20230403,00,301103010007,30,110,20230313
23011000412,B06,30,110,늘사랑복지용구,00,NORMAL SERVICE.,116,665,4,늘사랑복지용구,B06,,,27,0,34589,042,710,5178,23011000412,20240228,00,301104292022,30,110,20240214
23011000428,B06,30,110,예스복지용구,00,NORMAL SERVICE.,136,740,4,예스복지용구,B06,,,5,24,34704,042,622,5174,23011000428,20241202,00,301104292282,30,110,20241015
23011000454,B06,30,110,효자복지용구,00,NORMAL SERVICE.,111,590,4,효자복지용구,B06,,,167,0,34608,010,5643,4220,23011000454,20260101,00,301103164009,30,110,20251215
23011000460,B06,30,110,(주)사랑과존경복지용구,00,NORMAL SERVICE.,105,530,3,(주)사랑과존경복지용구,B06,,,123,23,34679,042,271,2431,23011000460,20260415,00,301103010012,30,110,20260406
23014000527,B06,30,140,하나엠케어복지용구사업소,00,NORMAL SERVICE.,102,535,4,하나엠케어복지용구사업소,B06,,,28,0,34844,042,587,7630,23014000527,20210101,00,301404295172,30,140,20201207
33011000037,C01,30,110,노을빛재가복지센터,00,NORMAL SERVICE.,114,630,4,노을빛재가복지센터,C01,390번지 9호,,21,0,34534,042,638,0856,33011000037,20080820,00,301104292449,30,110,20080820
33011000044,C01,30,110,마리아노인복지센터,00,NORMAL SERVICE.,117,670,4,마리아노인복지센터,C01,,,1629,6,34553,042,623,6677,33011000044,20080929,00,301102010003,30,110,20080926
33011000056,C01,30,110,아가페재가노인복지센터,00,NORMAL SERVICE.,101,515,4,아가페재가노인복지센터,C01,22번지 4호,,84,0,34629,042,273,0011,33011000056,20081120,00,301104292495,30,110,20081114
33011000063,C01,30,110,대전보람노인복지센터,00,NORMAL SERVICE.,116,650,4,대전보람노인복지센터,C01,,,200,0,34592,042,632,7799,33011000063,20090122,00,301104292100,30,110,20090120
33011000064,C01,30,110,한솔노인복지센터,00,NORMAL SERVICE.,114,620,4,한솔노인복지센터,C01,,2,149,1,34576,042,638,6215,33011000064,20090209,00,301103164002,30,110,20090209
33011000070,C01,30,110,백합노인복지센터,00,NORMAL SERVICE.,111,590,4,백합노인복지센터,C01,211번지 19호,,149,4,34512,042,622,8105,33011000070,20090302,00,301104292260,30,110,20090302
33011000080,C01,30,110,새빛재가요양보호센터,00,NORMAL SERVICE.,118,695,4,새빛재가요양보호센터,C01,382번지 14호,,15,0,34563,042,283,1777,33011000080,20090421,00,301104292540,30,110,20090421
33011000023,C02,30,110,우리노인복지센터,00,NORMAL SERVICE.,110,585,3,우리노인복지센터,C02,148번지 52호,,6,0,34658,042,273,1383,33011000023,20080702,00,301103164022,30,110,20080702
33011000037,C02,30,110,노을빛재가복지센터,00,NORMAL SERVICE.,114,630,4,노을빛재가복지센터,C02,390번지 9호,,21,0,34534,042,638,0856,33011000037,20080820,00,301104292449,30,110,20080820
33011000056,C02,30,110,아가페재가노인복지센터,00,NORMAL SERVICE.,101,515,4,아가페재가노인복지센터,C02,22번지 4호,,84,0,34629,042,273,0011,33011000056,20081120,00,301104292495,30,110,20081114
33011000063,C02,30,110,대전보람노인복지센터,00,NORMAL SERVICE.,116,650,4,대전보람노인복지센터,C02,,,200,0,34592,042,632,7799,33011000063,20090122,00,301104292100,30,110,20090120
33011000064,C02,30,110,한솔노인복지센터,00,NORMAL SERVICE.,114,620,4,한솔노인복지센터,C02,,2,149,1,34576,042,638,6215,33011000064,20090209,00,301103164002,30,110,20090209
33011000070,C02,30,110,백합노인복지센터,00,NORMAL SERVICE.,111,590,4,백합노인복지센터,C02,211번지 19호,,149,4,34512,042,622,8105,33011000070,20090302,00,301104292260,30,110,20090302
33011000080,C02,30,110,새빛재가요양보호센터,00,NORMAL SERVICE.,118,695,4,새빛재가요양보호센터,C02,382번지 14호,,15,0,34563,042,283,1777,33011000080,20090421,00,301104292540,30,110,20090421
33011000251,C03,30,110,행복한실버케어센터,00,NORMAL SERVICE.,105,530,4,행복한실버케어센터,C03,,7,33,0,34692,042,273,5886,33011000251,20160319,00,301103010015,30,110,20160319
33011000258,C03,30,110,동행노인주야간보호센터,00,NORMAL SERVICE.,115,640,4,동행노인주야간보호센터,C03,,,34,0,34546,042,625,5253,33011000258,20160614,00,301104292035,30,110,20160614
33011000285,C03,30,110,하나주야간보호,00,NORMAL SERVICE.,105,530,4,하나주야간보호,C03,,6,62,0,34695,042,282,8500,33011000285,20171208,00,301103010015,30,110,20171208
33011000304,C03,30,110,삼성주간보호센터,00,NORMAL SERVICE.,118,695,4,삼성주간보호센터,C03,,1,57,0,34570,042,484,7107,33011000304,20181002,00,301104292526,30,110,20181002
33014000124,C03,30,140,대전효감주간보호센터,00,NORMAL SERVICE.,115,700,4,대전효감주간보호센터,C03,,5,1567,0,34891,042,522,3399,33014000124,20090901,00,301403000095,30,140,20090901
33014000291,C03,30,140,태평주간보호센터,00,NORMAL SERVICE.,114,680,4,태평주간보호센터,C03,,2,143,0,34874,042,523,9966,33014000291,20150216,00,301403165041,30,140,20150216
33014000324,C03,30,140,신한국복지센터,00,NORMAL SERVICE.,115,710,4,신한국복지센터,C03,,7,1592,0,34973,042,583,3026,33014000324,20151006,00,301403000095,30,140,20151006
33011000248,C05,30,110,대전연합 실버케어,00,NORMAL SERVICE.,107,552,4,대전연합 실버케어,C05,,,56,7,34674,042,621,0720,33011000248,20160215,00,301103010007,30,110,20160215
33011000273,C05,30,110,스마일방문간호요양센터,00,NORMAL SERVICE.,114,630,4,스마일방문간호요양센터,C05,,1,52,0,34527,042,633,0805,33011000273,20170516,00,301104292270,30,110,20170516
33011000280,C05,30,110,대전방문간호센터,00,NORMAL SERVICE.,109,560,4,대전방문간호센터,C05,,,138,0,34652,042,273,0119,33011000280,20171016,00,301103164012,30,110,20171016
33011000325,C05,30,110,굿널스방문간호요양센터,00,NORMAL SERVICE.,118,695,4,굿널스방문간호요양센터,C05,,2,88,0,34571,042,621,2245,33011000325,20190813,00,301103010003,30,110,20190813
33014000124,C05,30,140,대전효감주간보호센터,00,NORMAL SERVICE.,115,700,4,대전효감주간보호센터,C05,,5,1567,0,34891,042,522,3399,33014000124,20090901,00,301403000095,30,140,20090901
33014000424,C05,30,140,보문노인복지센터,00,NORMAL SERVICE.,111,640,4,보문노인복지센터,C05,,2,269,0,35049,042,224,5200,33014000424,20180801,00,301403010004,30,140,20180801
33014000435,C05,30,140,대전효재가노인복지센터,00,NORMAL SERVICE.,114,690,4,대전효재가노인복지센터,C05,,2,1186,0,34884,042,335,9072,33014000435,20181128,00,301402010003,30,140,20181128
33011000095,C06,30,110,행복메디칼,00,NORMAL SERVICE.,115,640,4,행복메디칼,C06,,,429,0,34546,042,637,8977,33011000095,20090827,00,301103010001,30,110,20090827
33011000109,C06,30,110,(주)국민복지환경,00,NORMAL SERVICE.,103,530,3,(주)국민복지환경,C06,,,643,1,34634,042,625,4054,33011000109,20091109,00,301103010002,30,110,20091109
33011000192,C06,30,110,350복지용구,00,NORMAL SERVICE.,114,620,4,350복지용구,C06,,,5,0,34588,042,488,0930,33011000192,20121214,00,301103164029,30,110,20121214
33011000227,C06,30,110,더드림노인요양복지센터,00,NORMAL SERVICE.,110,585,4,더드림노인요양복지센터,C06,,,150,0,34658,042,535,6601,33011000227,20141104,00,301103010001,30,110,20141104
33011000242,C06,30,110,아가페복지,00,NORMAL SERVICE.,114,630,4,아가페복지,C06,,,60,0,34535,042,626,5082,33011000242,20150903,00,301104292181,30,110,20150903
33011000328,C06,30,110,현암복지센터,00,NORMAL SERVICE.,118,695,4,현암복지센터,C06,,1,17,0,34567,154,4,9164,33011000328,20190923,00,301103164030,30,110,20190923
33011000337,C06,30,110,행복나무복지센터,00,NORMAL SERVICE.,118,695,4,행복나무복지센터,C06,,2,193,3,34624,042,622,0748,33011000337,20191119,00,301103010011,30,110,20191119
13011000009,G31,30,110,임마누엘실버홈,00,NORMAL SERVICE.,107,551,3,임마누엘실버홈,G31,,,109,21,34679,042,284,5288,13011000009,20080605,00,301103010012,30,110,20041109
13011000376,G31,30,110,대전요양원,00,NORMAL SERVICE.,115,640,4,대전요양원,G31,,,82,0,34549,042,631,7300,13011000376,20220511,00,301104292211,30,110,20220331
13014000241,G31,30,140,축복마을,00,NORMAL SERVICE.,125,740,3,축복마을,G31,,,471,0,35086,042,284,2113,13014000241,20130301,00,301403165004,30,140,20130301
13017000253,G31,30,170,실버누리요양원,00,NORMAL SERVICE.,117,600,3,실버누리요양원,G31,,,37,0,35426,042,583,2778,13017000253,20120810,00,301704298613,30,170,20120810
13011000009,G32,30,110,임마누엘실버홈,00,NORMAL SERVICE.,107,551,3,임마누엘실버홈,G32,,,109,21,34679,042,284,5288,13011000009,20080605,00,301103010012,30,110,20041109
13011000376,G32,30,110,대전요양원,00,NORMAL SERVICE.,115,640,4,대전요양원,G32,,,82,0,34549,042,631,7300,13011000376,20220511,00,301104292211,30,110,20220331
13011000009,G33,30,110,임마누엘실버홈,00,NORMAL SERVICE.,107,551,3,임마누엘실버홈,G33,,,109,21,34679,042,284,5288,13011000009,20080605,00,301103010012,30,110,20041109
13011000376,G33,30,110,대전요양원,00,NORMAL SERVICE.,115,640,4,대전요양원,G33,,,82,0,34549,042,631,7300,13011000376,20220511,00,301104292211,30,110,20220331
13011000009,G34,30,110,임마누엘실버홈,00,NORMAL SERVICE.,107,551,3,임마누엘실버홈,G34,,,109,21,34679,042,284,5288,13011000009,20080605,00,301103010012,30,110,20041109
13011000376,G34,30,110,대전요양원,00,NORMAL SERVICE.,115,640,4,대전요양원,G34,,,82,0,34549,042,631,7300,13011000376,20220511,00,301104292211,30,110,20220331
23017000292,H31,30,170,대전요양원 주간보호센터,00,NORMAL SERVICE.,103,520,4,대전요양원 주간보호센터,H31,,,116,0,35331,042,526,9441,23017000292,20140915,00,301704298582,30,170,20140915
23017000584,H31,30,170,대전서구주간보호센터,00,NORMAL SERVICE.,108,560,4,대전서구주간보호센터,H31,,,586,0,35269,042,535,8808,23017000584,20240201,00,301703010024,30,170,20240123
23020000144,H31,30,200,나이팅게일주간보호센터,00,NORMAL SERVICE.,146,600,4,나이팅게일주간보호센터,H31,,,68,0,34014,042,822,7622,23020000144,20140501,00,302003167075,30,200,20140501
23023000153,H31,30,230,예사랑재가노인복지센터,00,NORMAL SERVICE.,110,533,4,예사랑재가노인복지센터,H31,,,478,0,34414,042,625,1015,23023000153,20150612,00,302303010014,30,230,20150612
13011000384,S41,30,110,부모애공동생활가정,00,NORMAL SERVICE.,116,665,4,부모애공동생활가정,S41,,2,1614,0,34581,042,626,0142,13011000384,20220930,00,301102010003,30,110,20220913
13017000366,S41,30,170,섬김과 나눔의 집,00,NORMAL SERVICE.,103,530,4,섬김과 나눔의 집,S41,,,30,0,35340,042,528,1009,13017000366,20170401,00,301704298621,30,170,20170401
13111000005,A03,31,110,국민요양원,00,NORMAL SERVICE.,109,650,3,국민요양원,A03,,,163,0,44418,052,244,0066,13111000005,20080604,00,311104307286,31,110,20070913
13111000007,A03,31,110,늘푸른노인전문요양원,00,NORMAL SERVICE.,109,650,3,늘푸른노인전문요양원,A03,,,18,0,44417,052,248,7500,13111000007,20080612,00,311104307294,31,110,20041006
13111000008,A03,31,110,늘푸른노인요양원,00,NORMAL SERVICE.,109,650,3,늘푸른노인요양원,A03,,,18,0,44417,052,243,0005,13111000008,20080612,00,311104307294,31,110,20050322
13111000009,A03,31,110,예랑소규모요양원,00,NORMAL SERVICE.,113,630,3,예랑소규모요양원,A03,,,131,0,44482,052,281,0691,13111000009,20080612,00,311104307252,31,110,20080304
13111000082,A03,31,110,백정애 건강실버타운,00,NORMAL SERVICE.,109,560,4,백정애 건강실버타운,A03,,,205,0,44417,052,222,8155,13111000082,20140516,00,311103169011,31,110,20140516
13111000143,A03,31,110,효자실버요양원,00,NORMAL SERVICE.,109,650,4,효자실버요양원,A03,,,169,0,44418,052,958,0100,13111000143,20191220,00,311104307286,31,110,20191218
13111000163,A03,31,110,효정요양원,00,NORMAL SERVICE.,118,530,4,효정요양원,A03,,,11,8,44515,052,945,1945,13111000163,20210801,00,311104307512,31,110,20210801
13111000175,A03,31,110,울산광역시립노인요양원,00,NORMAL SERVICE.,109,650,2,울산광역시립노인요양원,A03,,,147,0,44417,052,246,8061,13111000175,20220401,00,311103169011,31,110,20220401
13111000147,A04,31,110,울산한우리노인요양센터,00,NORMAL SERVICE.,109,650,4,울산한우리노인요양센터,A04,,4,49,0,44418,052,245,6198,13111000147,20200820,00,311104307284,31,110,20200820
13111000205,A04,31,110,A+백정애건강실버타운,00,NORMAL SERVICE.,109,650,4,A+백정애건강실버타운,A04,,,208,0,44418,052,700,8155,13111000205,20230403,00,311103169011,31,110,20230403
13114000234,A04,31,140,굿실버공동생활가정,00,NORMAL SERVICE.,106,570,4,굿실버공동생활가정,A04,,3,91,0,44712,052,903,7985,13114000234,20220907,00,311403170008,31,140,20220830
13114000278,A04,31,140,더 즐거운공동생활가정,00,NORMAL SERVICE.,105,560,4,더 즐거운공동생활가정,A04,,2,128,0,44692,052,261,8612,13114000278,20240801,00,311403170015,31,140,20240801
13117000032,A04,31,170,가은실버홈,00,NORMAL SERVICE.,101,510,4,가은실버홈,A04,902번지 3호,,2,0,44023,010,2614,6596,13117000032,20100817,00,311704313288,31,170,20100817
13117000088,A04,31,170,인애노인요양실버홈,00,NORMAL SERVICE.,101,510,4,인애노인요양실버홈,A04,,"2,4",318,0,44110,052,234,1919,13117000088,20251210,00,311703171002,31,170,20251104
13120000102,A04,31,200,청담종합복지센터,00,NORMAL SERVICE.,102,510,4,청담종합복지센터,A04,,,6,0,44227,052,282,1110,13120000102,20210324,00,312004316055,31,200,20210324
13120000129,A04,31,200,백세재활복지센터,00,NORMAL SERVICE.,102,510,4,백세재활복지센터,A04,,,6,0,44225,052,294,0050,13120000129,20230530,00,312004316371,31,200,20230426
23111000001,B01,31,110,국민노인돌봄지원플랫폼,00,NORMAL SERVICE.,115,620,3,국민노인돌봄지원플랫폼,B01,,,14,0,44493,052,295,1300,23111000001,20080527,00,311104307022,31,110,20040630
23111000002,B01,31,110,울산중구노인돌봄지원플랫폼,00,NORMAL SERVICE.,111,600,3,울산중구노인돌봄지원플랫폼,B01,,,22,0,44432,052,212,2882,23111000002,20080527,00,311104307068,31,110,20020822
23111000150,B01,31,110,신울산노인재가복지센터,00,NORMAL SERVICE.,118,530,4,신울산노인재가복지센터,B01,,,13,0,44513,052,293,3161,23111000150,20201012,00,311104307270,31,110,20201012
23111000154,B01,31,110,울산노인복지센터,00,NORMAL SERVICE.,111,610,4,울산노인복지센터,B01,,"1층, 2",5,0,44439,052,291,1230,23111000154,20210224,00,311103169018,31,110,20210224
23111000155,B01,31,110,더조은노인복지주간보호센터,00,NORMAL SERVICE.,103,555,4,더조은노인복지주간보호센터,B01,,1,58,0,44511,052,295,2468,23111000155,20210406,00,311104307264,31,110,20210406
23111000157,B01,31,110,다인재가복지센터,00,NORMAL SERVICE.,105,585,4,다인재가복지센터,B01,,2,9,0,44523,052,211,4002,23111000157,20210521,00,311104307354,31,110,20210521
23111000161,B01,31,110,함월주야간보호센터,00,NORMAL SERVICE.,109,650,4,함월주야간보호센터,B01,,,37,0,44423,052,212,0031,23111000161,20210730,00,311103169024,31,110,20210730
23111000167,B01,31,110,팔팔백세 방문요양센터,00,NORMAL SERVICE.,103,555,4,팔팔백세 방문요양센터,B01,,1,4,0,44475,052,286,8881,23111000167,20211123,00,311104307129,31,110,20211123
23111000150,B02,31,110,신울산노인재가복지센터,00,NORMAL SERVICE.,118,530,4,신울산노인재가복지센터,B02,,,13,0,44513,052,293,3161,23111000150,20201012,00,311104307270,31,110,20201012
23111000154,B02,31,110,울산노인복지센터,00,NORMAL SERVICE.,111,610,4,울산노인복지센터,B02,,"1층, 2",5,0,44439,052,291,1230,23111000154,20210224,00,311103169018,31,110,20210224
23111000155,B02,31,110,더조은노인복지주간보호센터,00,NORMAL SERVICE.,103,555,4,더조은노인복지주간보호센터,B02,,1,58,0,44511,052,295,2468,23111000155,20210406,00,311104307264,31,110,20210406
23111000157,B02,31,110,다인재가복지센터,00,NORMAL SERVICE.,105,585,4,다인재가복지센터,B02,,2,9,0,44523,052,211,4002,23111000157,20210521,00,311104307354,31,110,20210521
23111000184,B02,31,110,강남재가노인복지센터,00,NORMAL SERVICE.,112,610,4,강남재가노인복지센터,B02,,2,6,0,44402,052,277,8845,23111000184,20220825,00,311104307120,31,110,20220825
23111000193,B02,31,110,조은아침중구복지센터,00,NORMAL SERVICE.,118,530,3,조은아침중구복지센터,B02,,5,504,1,44508,052,291,5600,23111000193,20230101,00,311103169026,31,110,20230101
23111000195,B02,31,110,동행노인복지센터,00,NORMAL SERVICE.,111,610,4,동행노인복지센터,B02,,2,13,0,44432,052,225,5567,23111000195,20221219,00,311103169020,31,110,20221219
23111000150,B03,31,110,신울산노인재가복지센터,00,NORMAL SERVICE.,118,530,4,신울산노인재가복지센터,B03,,,13,0,44513,052,293,3161,23111000150,20201012,00,311104307270,31,110,20201012
23111000155,B03,31,110,더조은노인복지주간보호센터,00,NORMAL SERVICE.,103,555,4,더조은노인복지주간보호센터,B03,,1,58,0,44511,052,295,2468,23111000155,20210406,00,311104307264,31,110,20210406
23111000161,B03,31,110,함월주야간보호센터,00,NORMAL SERVICE.,109,650,4,함월주야간보호센터,B03,,,37,0,44423,052,212,0031,23111000161,20210730,00,311103169024,31,110,20210730
23111000162,B03,31,110,효정주간보호센터,00,NORMAL SERVICE.,118,530,4,효정주간보호센터,B03,,,11,8,44515,052,945,1945,23111000162,20210801,00,311104307512,31,110,20210801
23111000164,B03,31,110,울산정주간보호센터,00,NORMAL SERVICE.,108,590,4,울산정주간보호센터,B03,,,11,0,44534,052,700,1888,23111000164,20210909,00,311103169023,31,110,20210909
23111000165,B03,31,110,선경주야간보호센터,00,NORMAL SERVICE.,108,590,4,선경주야간보호센터,B03,,,9,0,44464,052,243,4232,23111000165,20210930,00,311104307372,31,110,20210930
23111000168,B03,31,110,오월주간보호센터,00,NORMAL SERVICE.,111,610,3,오월주간보호센터,B03,,,153,0,44405,052,277,7878,23111000168,20211123,00,311103169027,31,110,20211123
23111000177,B05,31,110,윤씨재가복지센터,00,NORMAL SERVICE.,108,590,4,윤씨재가복지센터,B05,,,12,0,44534,052,212,2629,23111000177,20220629,00,311104307137,31,110,20220629
23111000218,B05,31,110,헤븐노인복지센터,00,NORMAL SERVICE.,101,510,3,헤븐노인복지센터,B05,,2,55,0,44517,052,288,1945,23111000218,20240502,00,311104307434,31,110,20240502
23111000231,B05,31,110,가온누리재가방문요양센터,00,NORMAL SERVICE.,111,610,4,가온누리재가방문요양센터,B05,,1,39,0,44433,052,223,6064,23111000231,20251119,00,311103169008,31,110,20251017
23120000094,B05,31,200,A+마르페 실버케어,00,NORMAL SERVICE.,120,560,3,A+마르페 실버케어,B05,,,16,0,44250,052,222,1945,23120000094,20200525,00,312004316314,31,200,20200525
23120000128,B05,31,200,미소방문간호센터,00,NORMAL SERVICE.,106,520,4,미소방문간호센터,B05,,,19,0,44213,052,707,8810,23120000128,20230530,00,312004316417,31,200,20230426
23171000243,B05,31,710,화정방문간호센터,00,NORMAL SERVICE.,340,340,4,화정방문간호센터,B05,,,15,10,44965,070,7954,7300,23171000243,20230623,23,317104319263,31,710,20230609
23111000149,B06,31,110,대신의료기상사,00,NORMAL SERVICE.,102,585,4,대신의료기상사,B06,,2,136,0,44520,052,211,2206,23111000149,20201127,00,311103169023,31,110,20201127
23111000159,B06,31,110,굿헬스의료기,00,NORMAL SERVICE.,118,520,4,굿헬스의료기,B06,,1,40,0,44499,052,281,4469,23111000159,20210622,00,311104307188,31,110,20210622
23111000211,B06,31,110,신기의료기,00,NORMAL SERVICE.,118,520,4,신기의료기,B06,,,14,0,44505,052,913,1119,23111000211,20231206,00,311104307099,31,110,20231206
23111000222,B06,31,110,두날개복지센터,00,NORMAL SERVICE.,112,610,4,두날개복지센터,B06,,1,7,0,44406,052,224,7773,23111000222,20250528,00,311104307383,31,110,20250507
23111000234,B06,31,110,울산복지용구센터,00,NORMAL SERVICE.,108,590,4,울산복지용구센터,B06,,,313,0,44538,070,7607,4646,23111000234,20260311,00,311103169029,31,110,20260311
23114000238,B06,31,140,행운의료기,00,NORMAL SERVICE.,104,550,4,행운의료기,B06,,,26,0,44686,010,7189,0219,23114000238,20221031,00,311404310712,31,140,20220914
23114000249,B06,31,140,행복의료기,00,NORMAL SERVICE.,104,510,4,행복의료기,B06,,1,167,0,44623,052,268,6119,23114000249,20230406,00,311403170021,31,140,20230309
33111000042,C01,31,110,옥선노인복지센터,00,NORMAL SERVICE.,118,530,4,옥선노인복지센터,C01,,2,510,0,44508,052,256,3565,33111000042,20091023,00,311103169026,31,110,20091021
33111000048,C01,31,110,나도람노인복지센터,00,NORMAL SERVICE.,103,555,4,나도람노인복지센터,C01,,"2,3",432,0,44511,052,297,2266,33111000048,20100401,00,311103169026,31,110,20100401
33111000063,C01,31,110,행복소망나눔 요양보호센터,00,NORMAL SERVICE.,103,555,4,행복소망나눔 요양보호센터,C01,,3,89,1,44470,052,292,8118,33111000063,20110301,00,311103169003,31,110,20110301
33111000064,C01,31,110,현대노인복지센터,00,NORMAL SERVICE.,101,510,4,현대노인복지센터,C01,,,61,0,44517,052,243,0002,33111000064,20110418,00,311104307437,31,110,20110418
33111000071,C01,31,110,가나안 요양파견센터,00,NORMAL SERVICE.,115,620,4,가나안 요양파견센터,C01,,,37,2,44516,052,293,9262,33111000071,20120101,00,311104307495,31,110,20120101
33111000075,C01,31,110,연희재가노인복지센터,00,NORMAL SERVICE.,103,555,4,연희재가노인복지센터,C01,,2,33,0,44477,052,297,0597,33111000075,20120801,00,311104307158,31,110,20120801
33111000076,C01,31,110,장수마을재가복지센터,00,NORMAL SERVICE.,105,585,3,장수마을재가복지센터,C01,,3,116,0,44531,052,227,2388,33111000076,20130206,00,311103169023,31,110,20130206
33111000042,C02,31,110,옥선노인복지센터,00,NORMAL SERVICE.,118,530,4,옥선노인복지센터,C02,,2,510,0,44508,052,256,3565,33111000042,20091023,00,311103169026,31,110,20091021
33111000045,C02,31,110,잉꼬 방문목욕센터,00,NORMAL SERVICE.,112,610,4,잉꼬 방문목욕센터,C02,,2,20,0,44402,052,245,0929,33111000045,20091222,00,311104307121,31,110,20091222
33111000048,C02,31,110,나도람노인복지센터,00,NORMAL SERVICE.,103,555,4,나도람노인복지센터,C02,,"2,3",432,0,44511,052,297,2266,33111000048,20100401,00,311103169026,31,110,20100401
33111000063,C02,31,110,행복소망나눔 요양보호센터,00,NORMAL SERVICE.,103,555,4,행복소망나눔 요양보호센터,C02,,3,89,1,44470,052,292,8118,33111000063,20110301,00,311103169003,31,110,20110301
33111000064,C02,31,110,현대노인복지센터,00,NORMAL SERVICE.,101,510,4,현대노인복지센터,C02,,,61,0,44517,052,243,0002,33111000064,20110418,00,311104307437,31,110,20110418
33111000071,C02,31,110,가나안 요양파견센터,00,NORMAL SERVICE.,115,620,4,가나안 요양파견센터,C02,,,37,2,44516,052,293,9262,33111000071,20120101,00,311104307495,31,110,20120101
33111000075,C02,31,110,연희재가노인복지센터,00,NORMAL SERVICE.,103,555,4,연희재가노인복지센터,C02,,2,33,0,44477,052,297,0597,33111000075,20120801,00,311104307158,31,110,20120801
33111000048,C03,31,110,나도람노인복지센터,00,NORMAL SERVICE.,103,555,4,나도람노인복지센터,C03,,"2,3",432,0,44511,052,297,2266,33111000048,20100401,00,311103169026,31,110,20100401
33111000076,C03,31,110,장수마을재가복지센터,00,NORMAL SERVICE.,105,585,3,장수마을재가복지센터,C03,,3,116,0,44531,052,227,2388,33111000076,20130206,00,311103169023,31,110,20130206
33111000083,C03,31,110,백정애 건강실버타운,00,NORMAL SERVICE.,109,560,4,백정애 건강실버타운,C03,,,205,0,44417,052,222,8155,33111000083,20140531,00,311103169011,31,110,20140531
33111000089,C03,31,110,울산한우리노인복지시설,00,NORMAL SERVICE.,109,560,4,울산한우리노인복지시설,C03,,,49,0,44418,052,917,2580,33111000089,20150914,00,311104307284,31,110,20150914
33111000106,C03,31,110,태화노인복지센터,00,NORMAL SERVICE.,112,610,4,태화노인복지센터,C03,,,38,0,44406,052,245,1192,33111000106,20170601,00,311104307390,31,110,20170601
33111000109,C03,31,110,소중한노인복지센터,00,NORMAL SERVICE.,115,620,4,소중한노인복지센터,C03,,3,21,0,44516,052,905,7077,33111000109,20170711,00,311103169028,31,110,20170711
33111000110,C03,31,110,베리굿실버복지센터,00,NORMAL SERVICE.,118,530,4,베리굿실버복지센터,C03,,,5,0,44514,052,293,9006,33111000110,20170711,00,311104307049,31,110,20170711
33111000081,C05,31,110,지원재가노인복지센터,00,NORMAL SERVICE.,111,610,4,지원재가노인복지센터,C05,,,45,0,44433,052,212,0221,33111000081,20140327,00,311104307073,31,110,20140327
33111000083,C05,31,110,백정애 건강실버타운,00,NORMAL SERVICE.,109,560,4,백정애 건강실버타운,C05,,,205,0,44417,052,222,8155,33111000083,20140531,00,311103169011,31,110,20140531
33111000122,C05,31,110,스마일재가노인복지센터,00,NORMAL SERVICE.,112,610,4,스마일재가노인복지센터,C05,,1,113,0,44406,052,223,6777,33111000122,20190219,00,311104307387,31,110,20190219
33111000138,C05,31,110,돌보미 재가노인 복지센터,00,NORMAL SERVICE.,101,510,4,돌보미 재가노인 복지센터,C05,,2,297,0,44527,052,298,9822,33111000138,20191122,00,311103011003,31,110,20191122
33114000091,C05,31,140,마더스노인복지센터,00,NORMAL SERVICE.,105,570,4,마더스노인복지센터,C05,,,20,1,44720,052,260,6090,33114000091,20100308,00,311404310038,31,140,20100302
33117000062,C05,31,170,사랑의 손길 재가센터,00,NORMAL SERVICE.,108,580,4,사랑의 손길 재가센터,C05,,,14,1,44010,052,232,7725,33117000062,20191201,00,311704313025,31,170,20191201
33120000042,C05,31,200,양지노인복지센터,00,NORMAL SERVICE.,102,510,4,양지노인복지센터,C05,673번지 9호,,17,0,44229,052,291,3303,33120000042,20091210,00,312004316365,31,200,20091209
33111000041,C06,31,110,새광명의료기,00,NORMAL SERVICE.,111,600,4,새광명의료기,C06,110번지,,263,0,44455,052,243,1083,33111000041,20091023,00,311103169020,31,110,20091021
33111000062,C06,31,110,건강의료기,00,NORMAL SERVICE.,106,585,4,건강의료기,C06,10번지,,9,0,44529,052,244,5406,33111000062,20110207,00,311104307182,31,110,20110207
33111000084,C06,31,110,세운의료기 보조기도매센타,00,NORMAL SERVICE.,101,510,4,세운의료기 보조기도매센타,C06,,,186,0,44521,052,281,1147,33111000084,20140610,00,311103169023,31,110,20140610
33111000091,C06,31,110,백세의료기,00,NORMAL SERVICE.,112,610,4,백세의료기,C06,,,77,4,44408,052,238,7942,33111000091,20151216,00,311104307056,31,110,20151216
33111000103,C06,31,110,보드미의료기,00,NORMAL SERVICE.,108,590,4,보드미의료기,C06,,1,37,0,44467,052,244,1497,33111000103,20170221,00,311104307166,31,110,20170221
33111000138,C06,31,110,돌보미 재가노인 복지센터,00,NORMAL SERVICE.,101,510,4,돌보미 재가노인 복지센터,C06,,2,297,0,44527,052,298,9822,33111000138,20191122,00,311103011003,31,110,20191122
33114000047,C06,31,140,신우메디칼통상,00,NORMAL SERVICE.,101,595,4,신우메디칼통상,C06,218번지 9호,,47,0,44629,052,225,1170,33114000047,20090107,00,311403169027,31,140,20090107
13111000007,G31,31,110,늘푸른노인전문요양원,00,NORMAL SERVICE.,109,650,3,늘푸른노인전문요양원,G31,,,18,0,44417,052,248,7500,13111000007,20080612,00,311104307294,31,110,20041006
13111000008,G31,31,110,늘푸른노인요양원,00,NORMAL SERVICE.,109,650,3,늘푸른노인요양원,G31,,,18,0,44417,052,243,0005,13111000008,20080612,00,311104307294,31,110,20050322
13117000004,G31,31,170,다비다노인요양원,00,NORMAL SERVICE.,101,510,3,다비다노인요양원,G31,,,28,0,44086,052,252,6200,13117000004,20080609,00,311703171011,31,170,20080515
13120000124,G31,31,200,울산북구실버케어센터,00,NORMAL SERVICE.,106,520,2,울산북구실버케어센터,G31,,,167,0,44213,052,286,8800,13120000124,20221226,00,312003350799,31,200,20221216
13111000007,G32,31,110,늘푸른노인전문요양원,00,NORMAL SERVICE.,109,650,3,늘푸른노인전문요양원,G32,,,18,0,44417,052,248,7500,13111000007,20080612,00,311104307294,31,110,20041006
13111000008,G32,31,110,늘푸른노인요양원,00,NORMAL SERVICE.,109,650,3,늘푸른노인요양원,G32,,,18,0,44417,052,243,0005,13111000008,20080612,00,311104307294,31,110,20050322
13120000124,G32,31,200,울산북구실버케어센터,00,NORMAL SERVICE.,106,520,2,울산북구실버케어센터,G32,,,167,0,44213,052,286,8800,13120000124,20221226,00,312003350799,31,200,20221216
13120000124,G33,31,200,울산북구실버케어센터,00,NORMAL SERVICE.,106,520,2,울산북구실버케어센터,G33,,,167,0,44213,052,286,8800,13120000124,20221226,00,312003350799,31,200,20221216
13120000124,G34,31,200,울산북구실버케어센터,00,NORMAL SERVICE.,106,520,2,울산북구실버케어센터,G34,,,167,0,44213,052,286,8800,13120000124,20221226,00,312003350799,31,200,20221216
23111000218,H31,31,110,헤븐노인복지센터,00,NORMAL SERVICE.,101,510,3,헤븐노인복지센터,H31,,2,55,0,44517,052,288,1945,23111000218,20240502,00,311104307434,31,110,20240502
23117000069,H31,31,170,남목노인복지관 부설 치매보호센터,00,NORMAL SERVICE.,108,580,2,남목노인복지관 부설 치매보호센터,H31,,1,55,0,44016,052,251,5101,23117000069,20210201,00,311703351584,31,170,20210201
23117000082,H31,31,170,밝은미소 재가실버케어,00,NORMAL SERVICE.,102,530,3,밝은미소 재가실버케어,H31,,3,594,0,44057,052,201,9979,23117000082,20231120,00,311702011001,31,170,20231120
13117000004,M31,31,170,다비다노인요양원,00,NORMAL SERVICE.,101,510,3,다비다노인요양원,M31,,,28,0,44086,052,252,6200,13117000004,20080609,00,311703171011,31,170,20080515
13171000142,S41,31,710,효녀심청의집,00,NORMAL SERVICE.,380,380,4,효녀심청의집,S41,,,78,1,44903,052,264,0958,13171000142,20151123,00,317103173050,31,710,20151123
13611000061,A03,36,110,세종우리요양원,00,NORMAL SERVICE.,360,360,3,세종우리요양원,A03,,,7,14,30043,044,867,1578,13611000061,20121010,23,361104574126,36,110,20121010
13611000067,A03,36,110,세종행복요양원,00,NORMAL SERVICE.,380,380,3,세종행복요양원,A03,,,316,0,30012,044,864,3955,13611000067,20140303,31,361103000195,36,110,20140303
13611000087,A03,36,110,세종에덴요양원,00,NORMAL SERVICE.,250,250,4,세종에덴요양원,A03,,,11,0,30024,044,865,1101,13611000087,20170419,21,361104574470,36,110,20170419
13611000090,A03,36,110,세종천애안요양원,00,NORMAL SERVICE.,250,250,4,세종천애안요양원,A03,,,101,0,30029,044,862,1755,13611000090,20170517,29,361103258034,36,110,20170517
13611000099,A03,36,110,성덕효성원,00,NORMAL SERVICE.,340,340,4,성덕효성원,A03,,,97,9,30084,044,867,1365,13611000099,20181025,40,361104574306,36,110,20181025
13611000113,A03,36,110,세종실버타운 평강요양원,00,NORMAL SERVICE.,380,380,4,세종실버타운 평강요양원,A03,,,361,15,30009,044,866,9740,13611000113,20190830,30,361103258016,36,110,20190830
13611000133,A03,36,110,VIP요양원,00,NORMAL SERVICE.,380,380,4,VIP요양원,A03,,,441,6,30014,044,862,0123,13611000133,20200401,27,361103258003,36,110,20200401
13611000150,A03,36,110,세종해밀 요양원,00,NORMAL SERVICE.,340,340,4,세종해밀 요양원,A03,,,150,0,30084,044,866,8660,13611000150,20210520,41,361104574306,36,110,20210520
13611000160,A03,36,110,세종마음숲요양원 고운점,00,NORMAL SERVICE.,112,550,3,세종마음숲요양원 고운점,A03,,"3,6",272,3,30062,044,905,2000,13611000160,20220613,00,361103258108,36,110,20220613
13611000162,A03,36,110,더 사랑 요양원,00,NORMAL SERVICE.,350,350,4,더 사랑 요양원,A03,,,154,0,30052,044,905,1000,13611000162,20220801,23,361104574668,36,110,20220801
13611000166,A03,36,110,세종요양원,00,NORMAL SERVICE.,250,250,4,세종요양원,A03,,"3,4,5",3,0,30037,044,862,4008,13611000166,20221001,30,361103258034,36,110,20221001
13611000167,A03,36,110,세종굿모닝요양원,00,NORMAL SERVICE.,250,250,4,세종굿모닝요양원,A03,,,197,6,30017,044,867,1253,13611000167,20221201,34,361103258013,36,110,20221201
13611000168,A03,36,110,조이실버케어요양원,00,NORMAL SERVICE.,340,340,4,조이실버케어요양원,A03,,,70,0,30085,044,866,3000,13611000168,20221214,46,361104574610,36,110,20221201
13611000182,A03,36,110,세종시립요양원,00,NORMAL SERVICE.,250,250,2,세종시립요양원,A03,,,16,0,30024,044,864,8521,13611000182,20231129,23,361104574330,36,110,20231117
13611000143,A04,36,110,늘평안 노인요양공동생활가정,00,NORMAL SERVICE.,360,360,4,늘평안 노인요양공동생활가정,A04,,,391,26,30047,044,862,1430,13611000143,20201111,33,361103258005,36,110,20200801
13611000203,A04,36,110,약산실버홈,00,NORMAL SERVICE.,340,340,3,약산실버홈,A04,,,97,17,30084,044,868,5113,13611000203,20250401,40,361104574306,36,110,20250401
23611000109,B01,36,110,행복한주간보호센터,00,NORMAL SERVICE.,112,550,4,행복한주간보호센터,B01,,"4, 5",155,0,30062,044,868,5552,23611000109,20190527,00,361103258110,36,110,20190527
23611000125,B01,36,110,세종우리노인복지센터,00,NORMAL SERVICE.,107,518,4,세종우리노인복지센터,B01,,,33,10,30129,044,862,2377,23611000125,20191209,00,361103351277,36,110,20191209
23611000129,B01,36,110,휴먼주간보호센터,00,NORMAL SERVICE.,112,510,3,휴먼주간보호센터,B01,,7,1219,0,30101,044,868,6699,23611000129,20200131,00,361103000189,36,110,20200131
23611000131,B01,36,110,세종고운재가복지센터,00,NORMAL SERVICE.,112,550,4,세종고운재가복지센터,B01,,,49,0,30063,044,863,8262,23611000131,20200131,00,361103258108,36,110,20200131
23611000132,B01,36,110,유정재가복지원,00,NORMAL SERVICE.,114,520,4,유정재가복지원,B01,,,34,0,30098,044,905,0365,23611000132,20200331,00,361104853221,36,110,20200331
23611000135,B01,36,110,가정재가복지센터,00,NORMAL SERVICE.,104,570,4,가정재가복지센터,B01,,6,2270,0,30152,044,866,9981,23611000135,20200608,00,361102000002,36,110,20200608
23611000140,B01,36,110,민들레재가노인복지센터,00,NORMAL SERVICE.,390,390,4,민들레재가노인복지센터,B01,,1,178,0,30001,044,867,4744,23611000140,20200729,21,361104574313,36,110,20200729
23611000148,B01,36,110,더힐링 세종전원주간보호센터,00,NORMAL SERVICE.,350,350,4,더힐링 세종전원주간보호센터,B01,,,146,6,30055,044,863,6123,23611000148,20210430,24,361104574602,36,110,20210430
23611000153,B01,36,110,세종재가복지센터,00,NORMAL SERVICE.,250,250,4,세종재가복지센터,B01,,상가1,143,0,30023,044,866,6565,23611000153,20210903,24,361103258013,36,110,20210903
23611000154,B01,36,110,세종특별자치시 사회서비스원 세종종합재가센터,00,NORMAL SERVICE.,250,250,3,세종특별자치시 사회서비스원 세종종합재가센터,B01,,,16,0,30024,044,865,7033,23611000154,20211220,23,361104574330,36,110,20211220
23611000155,B01,36,110,세종통합돌봄센터,00,NORMAL SERVICE.,107,515,3,세종통합돌봄센터,B01,,2,4,0,30128,044,862,2248,23611000155,20220502,00,361103351261,36,110,20220502
23611000157,B01,36,110,한누리재가장기요양기관,00,NORMAL SERVICE.,113,530,4,한누리재가장기요양기관,B01,,,13,5,30100,044,863,2256,23611000157,20220502,00,361104853214,36,110,20220502
23611000159,B01,36,110,행복드림 재가방문요양센터,00,NORMAL SERVICE.,250,250,4,행복드림 재가방문요양센터,B01,,,9,0,30026,044,862,5291,23611000159,20220502,22,361104574463,36,110,20220502
23611000135,B02,36,110,가정재가복지센터,00,NORMAL SERVICE.,104,570,4,가정재가복지센터,B02,,6,2270,0,30152,044,866,9981,23611000135,20200608,00,361102000002,36,110,20200608
23611000153,B02,36,110,세종재가복지센터,00,NORMAL SERVICE.,250,250,4,세종재가복지센터,B02,,상가1,143,0,30023,044,866,6565,23611000153,20210903,24,361103258013,36,110,20210903
23611000169,B02,36,110,기쁨방문요양센터,00,NORMAL SERVICE.,114,520,4,기쁨방문요양센터,B02,,,8,20,30098,044,998,9135,23611000169,20221230,00,361103258090,36,110,20221216
23611000180,B02,36,110,가람재가복지센터,00,NORMAL SERVICE.,101,556,4,가람재가복지센터,B02,,6,1828,0,30146,044,868,4648,23611000180,20231107,00,361102000002,36,110,20231013
23611000184,B02,36,110,다정한재가복지센터,00,NORMAL SERVICE.,112,550,4,다정한재가복지센터,B02,,,8,0,30063,044,415,1939,23611000184,20240108,00,361104853202,36,110,20231214
23611000188,B02,36,110,시온재가노인복지센터,00,NORMAL SERVICE.,350,350,4,시온재가노인복지센터,B02,,2,436,0,30053,044,866,1217,23611000188,20240306,21,361103251037,36,110,20240215
23611000190,B02,36,110,세종하나재가요양센터,00,NORMAL SERVICE.,107,518,4,세종하나재가요양센터,B02,,,4,0,30128,044,863,0523,23611000190,20240502,00,361103351261,36,110,20240422
23611000197,B02,36,110,우리통합재가센터,00,NORMAL SERVICE.,114,520,4,우리통합재가센터,B02,,2,7,0,30098,044,866,2335,23611000197,20241205,00,361103258090,36,110,20241106
23611000202,B02,36,110,봄날재가복지센터,00,NORMAL SERVICE.,107,518,4,봄날재가복지센터,B02,,,234,0,30128,044,868,4520,23611000202,20250301,00,361102000002,36,110,20250301
23611000205,B02,36,110,드림 재가 방문요양 센터,00,NORMAL SERVICE.,113,530,4,드림 재가 방문요양 센터,B02,,,13,1,30100,044,903,0154,23611000205,20250501,00,361104853214,36,110,20250407
23611000211,B02,36,110,최고방문요양센터,00,NORMAL SERVICE.,250,250,4,최고방문요양센터,B02,,2,101,0,30028,044,903,3903,23611000211,20251001,21,361103258013,36,110,20250915
23611000212,B02,36,110,하트풀방문요양센터,00,NORMAL SERVICE.,250,250,4,하트풀방문요양센터,B02,,2,45,0,30034,044,866,8805,23611000212,20251101,30,361103258032,36,110,20250915
23611000221,B02,36,110,나눔재가복지센터,00,NORMAL SERVICE.,250,250,4,나눔재가복지센터,B02,,1,37,0,30037,044,866,5468,23611000221,20260301,31,361103258038,36,110,20260301
23611000074,B03,36,110,종촌종합복지센터 노인주간보호센터,00,NORMAL SERVICE.,111,530,2,종촌종합복지센터 노인주간보호센터,B03,,3,116,0,30064,044,850,3060,23611000074,20150831,00,361103258080,36,110,20150522
23611000107,B03,36,110,세종가족사랑주간보호센터,00,NORMAL SERVICE.,340,340,4,세종가족사랑주간보호센터,B03,,2,116,0,30083,044,866,8000,23611000107,20190429,21,361103258023,36,110,20190429
23611000109,B03,36,110,행복한주간보호센터,00,NORMAL SERVICE.,112,550,4,행복한주간보호센터,B03,,"4, 5",155,0,30062,044,868,5552,23611000109,20190527,00,361103258110,36,110,20190527
23611000125,B03,36,110,세종우리노인복지센터,00,NORMAL SERVICE.,107,518,4,세종우리노인복지센터,B03,,,33,10,30129,044,862,2377,23611000125,20191209,00,361103351277,36,110,20191209
23611000127,B03,36,110,플래티늄세종주야간보호센터,00,NORMAL SERVICE.,103,560,4,플래티늄세종주야간보호센터,B03,,6,454,0,30150,044,863,2000,23611000127,20191220,00,361103350790,36,110,20191220
23611000129,B03,36,110,휴먼주간보호센터,00,NORMAL SERVICE.,112,510,3,휴먼주간보호센터,B03,,7,1219,0,30101,044,868,6699,23611000129,20200131,00,361103000189,36,110,20200131
23611000136,B03,36,110,세종케어재활전문주간보호센터,00,NORMAL SERVICE.,104,570,4,세종케어재활전문주간보호센터,B03,,,20,0,30152,044,862,9388,23611000136,20200615,00,361102348105,36,110,20200615
23611000145,B03,36,110,VIP주간보호센터,00,NORMAL SERVICE.,380,380,4,VIP주간보호센터,B03,,,441,6,30014,044,862,0123,23611000145,20210104,27,361103258003,36,110,20210104
23611000148,B03,36,110,더힐링 세종전원주간보호센터,00,NORMAL SERVICE.,350,350,4,더힐링 세종전원주간보호센터,B03,,,146,6,30055,044,863,6123,23611000148,20210430,24,361104574602,36,110,20210430
23611000165,B03,36,110,세종주간보호센터,00,NORMAL SERVICE.,250,250,4,세종주간보호센터,B03,,2,3,0,30037,044,862,5008,23611000165,20221001,30,361103258034,36,110,20221001
23611000173,B03,36,110,세종부강노인복지센터,00,NORMAL SERVICE.,330,330,4,세종부강노인복지센터,B03,,3,53,0,30076,044,715,5027,23611000173,20230705,21,361103258068,36,110,20230626
23611000178,B03,36,110,세종한누리주간보호센터,00,NORMAL SERVICE.,114,520,3,세종한누리주간보호센터,B03,,8,589,0,30098,044,868,7801,23611000178,20231005,00,361102000002,36,110,20230918
23611000193,B03,36,110,부강돌봄센터,00,NORMAL SERVICE.,330,330,3,부강돌봄센터,B03,,"1, 2, 3",17,0,30075,044,868,7441,23611000193,20240710,21,361104574721,36,110,20240516
23611000186,B05,36,110,세종똑똑방문간호센터,00,NORMAL SERVICE.,250,250,4,세종똑똑방문간호센터,B05,,,55,0,30037,044,863,3689,23611000186,20240306,31,361103258038,36,110,20240214
23611000214,B05,36,110,세종방문간호센터,00,NORMAL SERVICE.,250,250,4,세종방문간호센터,B05,,3,222,1,30023,044,865,1989,23611000214,20251204,21,361104574430,36,110,20251111
23611000138,B06,36,110,이원건강의료기 세종점,00,NORMAL SERVICE.,114,520,4,이원건강의료기 세종점,B06,,,589,0,30100,044,863,2120,23611000138,20200710,00,361102000002,36,110,20200710
23611000164,B06,36,110,세종중앙의료기,00,NORMAL SERVICE.,114,520,4,세종중앙의료기,B06,,1,37,0,30098,044,866,8570,23611000164,20221001,00,361103258090,36,110,20221001
23611000175,B06,36,110,건강복지용구센터,00,NORMAL SERVICE.,250,250,4,건강복지용구센터,B06,,1,38,0,30035,044,868,1277,23611000175,20230801,27,361104574267,36,110,20230725
23611000181,B06,36,110,(주)가온렌탈케어 복지용구센터,00,NORMAL SERVICE.,330,330,3,(주)가온렌탈케어 복지용구센터,B06,,,177,0,30073,044,862,6565,23611000181,20231201,25,361103240036,36,110,20231117
23611000183,B06,36,110,세종한누리복지용구사업소,00,NORMAL SERVICE.,106,510,4,세종한누리복지용구사업소,B06,,,119,0,30130,044,866,8195,23611000183,20240202,00,361103258054,36,110,20231215
23611000194,B06,36,110,다정한복지의료기,00,NORMAL SERVICE.,250,250,4,다정한복지의료기,B06,,1,75,0,30027,044,905,8805,23611000194,20240801,27,361104574455,36,110,20240621
23611000200,B06,36,110,가족사랑복지용구사업소,00,NORMAL SERVICE.,107,518,4,가족사랑복지용구사업소,B06,,,21,0,30128,070,4792,4589,23611000200,20250205,00,361103351279,36,110,20250109
23611000201,B06,36,110,가치가봄 복지용구,00,NORMAL SERVICE.,104,570,3,가치가봄 복지용구,B06,,,18,0,30152,044,864,0444,23611000201,20250201,00,361104853193,36,110,20250115
33611000068,C01,36,110,세종시행복주간보호센터,00,NORMAL SERVICE.,112,550,3,세종시행복주간보호센터,C01,,"4, 7",1229,0,30101,044,862,3955,33611000068,20140303,00,361103000189,36,110,20140303
33611000072,C01,36,110,무지개 재가장기요양기관,00,NORMAL SERVICE.,250,250,4,무지개 재가장기요양기관,C01,,3,6,0,30028,044,866,2625,33611000072,20150428,21,361103258031,36,110,20150428
33611000075,C01,36,110,재가복지센터 유다원,00,NORMAL SERVICE.,114,520,3,재가복지센터 유다원,C01,,8,589,0,30098,044,863,9434,33611000075,20151017,00,361102000002,36,110,20151017
33611000076,C01,36,110,행복요양센터,00,NORMAL SERVICE.,360,360,4,행복요양센터,C01,,2,359,1,30047,044,865,7882,33611000076,20151101,33,361103258005,36,110,20151101
33611000078,C01,36,110,조약돌요양복지센터,00,NORMAL SERVICE.,350,350,4,조약돌요양복지센터,C01,,2,408,0,30053,044,868,3538,33611000078,20160531,21,361103251037,36,110,20160531
33611000083,C01,36,110,에덴노인복지센터,00,NORMAL SERVICE.,250,250,4,에덴노인복지센터,C01,,2,117,0,30033,044,863,2212,33611000083,20161108,29,361103258001,36,110,20161108
33611000084,C01,36,110,세종한마음노인복지센터,00,NORMAL SERVICE.,107,510,4,세종한마음노인복지센터,C01,,,211,0,30130,044,864,9935,33611000084,20161216,00,361102000002,36,110,20161216
33611000089,C01,36,110,시니어데이케어 주은 세종센터,00,NORMAL SERVICE.,107,515,3,시니어데이케어 주은 세종센터,C01,,"7, 8",9,0,30128,044,417,6120,33611000089,20170512,00,361103351279,36,110,20170512
33611000091,C01,36,110,세종시 노인복지센터,00,NORMAL SERVICE.,104,570,4,세종시 노인복지센터,C01,,,17,0,30152,044,866,8825,33611000091,20171109,00,361104853193,36,110,20171109
33611000092,C01,36,110,세종 감성큰사랑 통합재가복지센터,00,NORMAL SERVICE.,340,340,4,세종 감성큰사랑 통합재가복지센터,C01,,,34,0,30088,044,867,3845,33611000092,20171218,23,361104574014,36,110,20171218
33611000093,C01,36,110,참빛재가 노인복지센터,00,NORMAL SERVICE.,370,370,4,참빛재가 노인복지센터,C01,,,1211,0,30004,044,867,1990,33611000093,20171228,21,361103000195,36,110,20171228
33611000098,C01,36,110,성심노인복지센터,00,NORMAL SERVICE.,103,560,4,성심노인복지센터,C01,,,2143,0,30150,044,867,6977,33611000098,20181015,00,361102000002,36,110,20181015
33611000108,C01,36,110,해바라기방문요양사업소,00,NORMAL SERVICE.,370,370,4,해바라기방문요양사업소,C01,,,1222,0,30004,044,866,2187,33611000108,20190523,21,361103000195,36,110,20190523
33611000072,C02,36,110,무지개 재가장기요양기관,00,NORMAL SERVICE.,250,250,4,무지개 재가장기요양기관,C02,,3,6,0,30028,044,866,2625,33611000072,20150428,21,361103258031,36,110,20150428
33611000084,C02,36,110,세종한마음노인복지센터,00,NORMAL SERVICE.,107,510,4,세종한마음노인복지센터,C02,,,211,0,30130,044,864,9935,33611000084,20161216,00,361102000002,36,110,20161216
33611000091,C02,36,110,세종시 노인복지센터,00,NORMAL SERVICE.,104,570,4,세종시 노인복지센터,C02,,,17,0,30152,044,866,8825,33611000091,20171109,00,361104853193,36,110,20171109
33611000092,C02,36,110,세종 감성큰사랑 통합재가복지센터,00,NORMAL SERVICE.,340,340,4,세종 감성큰사랑 통합재가복지센터,C02,,,34,0,30088,044,867,3845,33611000092,20171218,23,361104574014,36,110,20171218
33611000111,C02,36,110,가가호호 재가방문요양센터,00,NORMAL SERVICE.,114,520,4,가가호호 재가방문요양센터,C02,,,587,0,30098,044,715,5596,33611000111,20190813,00,361102000002,36,110,20190813
33611000116,C02,36,110,사나섬재가복지센터,00,NORMAL SERVICE.,108,515,4,사나섬재가복지센터,C02,,,89,0,30126,044,903,8584,33611000116,20200101,00,361103351283,36,110,20200101
34473000052,C02,36,110,(주)휴먼에듀피아,00,NORMAL SERVICE.,250,250,3,(주)휴먼에듀피아,C02,,,22,13,30027,044,868,3651,34473000052,20110601,25,361104574272,36,110,20110601
33611000068,C03,36,110,세종시행복주간보호센터,00,NORMAL SERVICE.,112,550,3,세종시행복주간보호센터,C03,,"4, 7",1229,0,30101,044,862,3955,33611000068,20140303,00,361103000189,36,110,20140303
33611000082,C03,36,110,더 행복주간보호센터,00,NORMAL SERVICE.,250,250,4,더 행복주간보호센터,C03,,,112,0,30035,044,862,0316,33611000082,20161107,27,361104574453,36,110,20161107
33611000085,C03,36,110,도담노인재활주간보호,00,NORMAL SERVICE.,114,520,4,도담노인재활주간보호,C03,,,8,21,30098,044,867,8250,33611000085,20161226,00,361103258090,36,110,20161226
33611000089,C03,36,110,시니어데이케어 주은 세종센터,00,NORMAL SERVICE.,107,515,3,시니어데이케어 주은 세종센터,C03,,"7, 8",9,0,30128,044,417,6120,33611000089,20170512,00,361103351279,36,110,20170512
33611000118,C03,36,110,고운세종노인주야간센터,00,NORMAL SERVICE.,112,550,4,고운세종노인주야간센터,C03,,,20,0,30063,044,555,8894,33611000118,20191106,00,361104853496,36,110,20191106
33611000120,C03,36,110,간호드림주간보호센터,00,NORMAL SERVICE.,350,350,4,간호드림주간보호센터,C03,,,430,0,30053,044,865,1925,33611000120,20191118,21,361103251037,36,110,20191118
33611000091,C05,36,110,세종시 노인복지센터,00,NORMAL SERVICE.,104,570,4,세종시 노인복지센터,C05,,,17,0,30152,044,866,8825,33611000091,20171109,00,361104853193,36,110,20171109
33611000092,C05,36,110,세종 감성큰사랑 통합재가복지센터,00,NORMAL SERVICE.,340,340,4,세종 감성큰사랑 통합재가복지센터,C05,,,34,0,30088,044,867,3845,33611000092,20171218,23,361104574014,36,110,20171218
33611000120,C05,36,110,간호드림주간보호센터,00,NORMAL SERVICE.,350,350,4,간호드림주간보호센터,C05,,,430,0,30053,044,865,1925,33611000120,20191118,21,361103251037,36,110,20191118
33611000089,C06,36,110,시니어데이케어 주은 세종센터,00,NORMAL SERVICE.,107,515,3,시니어데이케어 주은 세종센터,C06,,"7, 8",9,0,30128,044,417,6120,33611000089,20170512,00,361103351279,36,110,20170512
33611000102,C06,36,110,세종의료기,00,NORMAL SERVICE.,250,250,4,세종의료기,C06,,1,32,0,30027,010,3466,4325,33611000102,20190319,25,361103258046,36,110,20190319
34473000029,C06,36,110,365 행복케어,00,NORMAL SERVICE.,250,250,4,365 행복케어,C06,,,90,0,30029,044,864,0365,34473000029,20090828,28,361103258034,36,110,20090826
13611000182,G31,36,110,세종시립요양원,00,NORMAL SERVICE.,250,250,2,세종시립요양원,G31,,,16,0,30024,044,864,8521,13611000182,20231129,23,361104574330,36,110,20231117
23611000074,H31,36,110,종촌종합복지센터 노인주간보호센터,00,NORMAL SERVICE.,111,530,2,종촌종합복지센터 노인주간보호센터,H31,,3,116,0,30064,044,850,3060,23611000074,20150831,00,361103258080,36,110,20150522
14473000023,S41,36,110,사랑의마을 노인요양공동생활가정,00,NORMAL SERVICE.,360,360,3,사랑의마을 노인요양공동생활가정,S41,,,123,2,30045,044,868,2009,14473000023,20081226,28,361104574560,36,110,20081202
14111000023,A03,41,111,사회복지법인 죽파재단 감천장요양원,00,NORMAL SERVICE.,134,580,3,사회복지법인 죽파재단 감천장요양원,A03,44번지 1호 31통 1반,,22,0,16276,031,245,1078,14111000023,20080617,00,411113174001,41,111,19511108
14111000024,A03,41,113,중앙요양원,00,NORMAL SERVICE.,129,550,3,중앙요양원,A03,747번지 1호 28통 3반,,25,43,16640,031,291,2166,14111000024,20080617,00,411134325270,41,113,20050103
14111000032,A03,41,115,수원 아노가 요양원,00,NORMAL SERVICE.,138,680,4,수원 아노가 요양원,A03,,,4,0,16442,031,251,1122,14111000032,20080618,00,411154328132,41,115,20051102
14111000034,A03,41,111,수원시립노인전문요양원,00,NORMAL SERVICE.,129,560,2,수원시립노인전문요양원,A03,199번지 2호 13통 1반,,33,0,16206,031,257,0130,14111000034,20080619,00,411113174007,41,111,20041122
14111000041,A03,41,111,효행노인전문요양원,00,NORMAL SERVICE.,136,597,3,효행노인전문요양원,A03,,,84,0,16296,031,244,9949,14111000041,20080619,00,411114322186,41,111,19910330
14111000229,A04,41,111,행복나라 노인전문요양센터,00,NORMAL SERVICE.,135,591,3,행복나라 노인전문요양센터,A04,379번지 1호,,1039,0,16306,031,252,7729,14111000229,20100301,00,411113012006,41,111,20100301
14111000306,A04,41,113,새수원복지요양원,00,NORMAL SERVICE.,129,550,4,새수원복지요양원,A04,,2,87,0,16631,031,291,1995,14111000306,20110808,00,411134325203,41,113,20110808
14111000311,A04,41,113,새수원노인요양공동생활가정,00,NORMAL SERVICE.,129,550,4,새수원노인요양공동생활가정,A04,,1,87,0,16631,031,291,1995,14111000311,20110928,00,411134325203,41,113,20110928
14111000365,A04,41,111,행복나라노인전문요양센터 2동,00,NORMAL SERVICE.,135,591,3,행복나라노인전문요양센터 2동,A04,,3,1039,0,16306,031,252,7729,14111000365,20130301,00,411113012006,41,111,20130301
14111000409,A04,41,113,베데스다요양원,00,NORMAL SERVICE.,133,560,4,베데스다요양원,A04,,,16,5,16604,031,293,1450,14111000409,20140106,00,411134325258,41,113,20140106
24111000012,B01,41,113,서호재가노인복지센터,00,NORMAL SERVICE.,132,650,3,서호재가노인복지센터,B01,,2층,34,0,16409,031,291,0911,24111000012,20080611,00,411134325069,41,113,20060105
24111000013,B01,41,113,버드내재가노인복지센터,00,NORMAL SERVICE.,126,540,3,버드내재가노인복지센터,B01,,2층,36,0,16576,031,547,6247,24111000013,20080609,00,411134325111,41,113,20080529
24111000682,B01,41,111,해피홈수원재활주간보호센터,00,NORMAL SERVICE.,133,573,4,해피홈수원재활주간보호센터,B01,,8,11,3,16329,031,255,3500,24111000682,20190415,00,411114322088,41,111,20190415
24111000688,B01,41,113,수 데이케어센터,00,NORMAL SERVICE.,128,550,4,수 데이케어센터,B01,,5,10,0,16625,031,293,5557,24111000688,20190521,00,411134325265,41,113,20190521
24111000697,B01,41,111,우리함께주간보호센터,00,NORMAL SERVICE.,130,572,4,우리함께주간보호센터,B01,,2~3,323,0,16311,031,202,6288,24111000697,20190624,00,411113175034,41,111,20190624
24111000682,B02,41,111,해피홈수원재활주간보호센터,00,NORMAL SERVICE.,133,573,4,해피홈수원재활주간보호센터,B02,,8,11,3,16329,031,255,3500,24111000682,20190415,00,411114322088,41,111,20190415
24111000688,B02,41,113,수 데이케어센터,00,NORMAL SERVICE.,128,550,4,수 데이케어센터,B02,,5,10,0,16625,031,293,5557,24111000688,20190521,00,411134325265,41,113,20190521
24111000700,B02,41,113,보람찬어르신센터,00,NORMAL SERVICE.,134,662,4,보람찬어르신센터,B02,,,5,31,16381,031,296,6588,24111000700,20190730,00,411133175011,41,113,20190730
24111000773,B02,41,113,(주)효자노치원,00,NORMAL SERVICE.,137,670,3,(주)효자노치원,B02,,3,379,0,16570,031,217,1000,24111000773,20200701,00,411132012008,41,113,20200701
24111000779,B02,41,117,(A+)케어재가복지센터,00,NORMAL SERVICE.,102,550,4,(A+)케어재가복지센터,B02,,,274,0,16522,031,212,3350,24111000779,20200717,00,411173177009,41,117,20200717
24111000012,B03,41,113,서호재가노인복지센터,00,NORMAL SERVICE.,132,650,3,서호재가노인복지센터,B03,,2층,34,0,16409,031,291,0911,24111000012,20080611,00,411134325069,41,113,20060105
24111000013,B03,41,113,버드내재가노인복지센터,00,NORMAL SERVICE.,126,540,3,버드내재가노인복지센터,B03,,2층,36,0,16576,031,547,6247,24111000013,20080609,00,411134325111,41,113,20080529
24111000036,B03,41,111,수원시립노인주간보호센터,00,NORMAL SERVICE.,129,560,2,수원시립노인주간보호센터,B03,,1층,33,0,16206,031,248,0141,24111000036,20080619,00,411113174007,41,111,20050303
24111000051,B03,41,117,영통노인주간보호센터,00,NORMAL SERVICE.,105,570,3,영통노인주간보호센터,B03,,2층,45,0,16705,031,201,8356,24111000051,20080623,00,411173177005,41,117,20040727
24111000498,B03,41,111,밤밭노인주간보호센터,00,NORMAL SERVICE.,132,566,3,밤밭노인주간보호센터,B03,,1층,53,0,16352,031,8019,8859,24111000498,20160101,00,411113174004,41,111,20160101
24115001043,B04,41,150,평화노인종합복지,00,NORMAL SERVICE.,109,580,4,평화노인종합복지,B04,,2,15,0,11749,031,848,9005,24115001043,20251201,00,411504343108,41,150,20251201
24117000528,B04,41,173,삼성중앙주간보호센터,00,NORMAL SERVICE.,104,590,4,삼성중앙주간보호센터,B04,,"1,2",74,0,14082,031,429,6330,24117000528,20230601,00,411734349029,41,173,20230601
24119001569,B04,41,192,효사랑통합복지센터,00,NORMAL SERVICE.,102,510,4,효사랑통합복지센터,B04,,6,376,0,14630,032,611,9996,24119001569,20251001,00,411923000066,41,192,20251001
24122000412,B04,41,220,그림뜰재가복지센터,00,NORMAL SERVICE.,253,253,4,그림뜰재가복지센터,B04,,,21,0,17930,031,684,1006,24122000412,20211001,30,412204364904,41,220,20211001
24122000526,B04,41,220,아름다운재가복지센터,00,NORMAL SERVICE.,253,253,4,아름다운재가복지센터,B04,,,17,5,17933,031,911,5666,24122000526,20250401,21,412204364448,41,220,20250401
24111000816,B05,41,113,테레사간호통합방문센터,00,NORMAL SERVICE.,131,560,4,테레사간호통합방문센터,B05,,2,3,1,16619,031,308,7424,24111000816,20210201,00,411134325362,41,113,20210201
24111000852,B05,41,111,가온케어 통합돌봄센터,00,NORMAL SERVICE.,130,573,4,가온케어 통합돌봄센터,B05,,,26,0,16333,031,522,5566,24111000852,20210801,00,411114322317,41,111,20210801
24111000853,B05,41,117,광교재가복지센터,00,NORMAL SERVICE.,104,610,4,광교재가복지센터,B05,,,182,0,16512,031,216,0240,24111000853,20210730,00,411174331239,41,117,20210730
24111000926,B05,41,117,라온노인복지센터,00,NORMAL SERVICE.,102,550,4,라온노인복지센터,B05,,,6,0,16529,031,246,5002,24111000926,20220527,00,411174331026,41,117,20220527
24111000948,B05,41,115,백세통합재가센터,00,NORMAL SERVICE.,141,730,4,백세통합재가센터,B05,,,459,0,16480,031,223,0703,24111000948,20221001,00,411152012008,41,115,20221001
24111000777,B06,41,117,가족사랑드림 복지용구,00,NORMAL SERVICE.,101,540,3,가족사랑드림 복지용구,B06,,1,202,0,16540,070,7578,4564,24111000777,20200701,00,411173175019,41,117,20200701
24111000825,B06,41,113,주식회사 케어프렌드,00,NORMAL SERVICE.,132,650,3,주식회사 케어프렌드,B06,,1,19,0,16409,031,812,0084,24111000825,20210401,00,411134325083,41,113,20210401
24111000869,B06,41,113,마실주야간보호센터,00,NORMAL SERVICE.,135,550,4,마실주야간보호센터,B06,,,6,12,16399,031,1577,5756,24111000869,20211201,00,411133175017,41,113,20211201
24111000879,B06,41,113,서광노인가정방문요양센터,00,NORMAL SERVICE.,131,560,4,서광노인가정방문요양센터,B06,,,117,0,16616,031,291,1550,24111000879,20211001,00,411133175022,41,113,20211001
24111000892,B06,41,115,희망의료기,00,NORMAL SERVICE.,141,730,4,희망의료기,B06,,,100,0,16471,031,233,7337,24111000892,20211229,00,411152012012,41,115,20211229
34111000056,C01,41,117,1004노인복지센터,00,NORMAL SERVICE.,105,570,4,1004노인복지센터,C01,,,46,0,16697,031,203,1004,34111000056,20080625,00,411174331054,41,117,20080624
34111000065,C01,41,111,수원시립방문요양센터,00,NORMAL SERVICE.,129,560,2,수원시립방문요양센터,C01,,,33,0,16206,070,7011,0446,34111000065,20080626,00,411113174007,41,111,20080626
34111000079,C01,41,117,도경노인복지센터,00,NORMAL SERVICE.,107,593,4,도경노인복지센터,C01,,,100,0,16692,031,215,8895,34111000079,20080704,00,411173177018,41,117,20080704
34111000090,C01,41,111,평강재가복지센터,00,NORMAL SERVICE.,129,560,4,평강재가복지센터,C01,,,6,5,16201,031,243,5126,34111000090,20080724,00,411114322017,41,111,20080724
34111000117,C01,41,111,장안요양센터,00,NORMAL SERVICE.,129,560,4,장안요양센터,C01,,3,16,0,16349,031,253,7526,34111000117,20081203,00,411114322383,41,111,20081203
34111000056,C02,41,117,1004노인복지센터,00,NORMAL SERVICE.,105,570,4,1004노인복지센터,C02,,,46,0,16697,031,203,1004,34111000056,20080625,00,411174331054,41,117,20080624
34111000065,C02,41,111,수원시립방문요양센터,00,NORMAL SERVICE.,129,560,2,수원시립방문요양센터,C02,,,33,0,16206,070,7011,0446,34111000065,20080626,00,411113174007,41,111,20080626
34111000079,C02,41,117,도경노인복지센터,00,NORMAL SERVICE.,107,593,4,도경노인복지센터,C02,,,100,0,16692,031,215,8895,34111000079,20080704,00,411173177018,41,117,20080704
34111000090,C02,41,111,평강재가복지센터,00,NORMAL SERVICE.,129,560,4,평강재가복지센터,C02,,,6,5,16201,031,243,5126,34111000090,20080724,00,411114322017,41,111,20080724
34111000117,C02,41,111,장안요양센터,00,NORMAL SERVICE.,129,560,4,장안요양센터,C02,,3,16,0,16349,031,253,7526,34111000117,20081203,00,411114322383,41,111,20081203
34111000135,C03,41,113,중앙재가노인복지센터(주간보호),00,NORMAL SERVICE.,129,550,3,중앙재가노인복지센터(주간보호),C03,747번지 1호,,25,43,16640,031,291,1154,34111000135,20090320,00,411134325270,41,113,20090320
34111000431,C03,41,111,선재재활주야간보호센터,00,NORMAL SERVICE.,130,572,4,선재재활주야간보호센터,C03,,"2, 10",3,0,16311,031,244,5006,34111000431,20140609,00,411114322140,41,111,20140609
34111000489,C03,41,115,동행노인주간보호센터,00,NORMAL SERVICE.,140,710,4,동행노인주간보호센터,C03,,4층,3,0,16234,031,893,9106,34111000489,20151030,00,411154328221,41,115,20151030
34111000504,C03,41,117,사랑방노인복지센터,00,NORMAL SERVICE.,106,580,4,사랑방노인복지센터,C03,,"2,3층,B1",12,29,16679,031,297,7004,34111000504,20160303,00,411174331140,41,117,20160303
34111000516,C03,41,113,"""효자노치원"" 서수원점",00,NORMAL SERVICE.,133,560,4,"""효자노치원"" 서수원점",C03,,2,248,0,16604,031,296,4050,34111000516,20160503,00,411133175012,41,113,20160503
34113000539,C04,41,135,'365'단기보호센터,00,NORMAL SERVICE.,107,640,3,'365'단기보호센터,C04,,,11,0,13515,031,707,6581,34113000539,20180604,00,411354340538,41,135,20180604
34115000528,C04,41,150,카네이션요양원,00,NORMAL SERVICE.,111,620,4,카네이션요양원,C04,,5,306,14,11610,031,829,1307,34115000528,20160310,00,411503181048,41,150,20160310
34119000587,C04,41,192,고향 단기보호시설,00,NORMAL SERVICE.,109,700,4,고향 단기보호시설,C04,,3,49,0,14543,032,323,5578,34119000587,20130612,00,411924352242,41,192,20130612
34128000630,C04,41,285,E.S.H엘림재가복지,00,NORMAL SERVICE.,110,600,4,E.S.H엘림재가복지,C04,752번지 1호,,,,10256,070,8787,8134,34128000630,20130404,00,,41,285,20130404
34111000079,C05,41,117,도경노인복지센터,00,NORMAL SERVICE.,107,593,4,도경노인복지센터,C05,,,100,0,16692,031,215,8895,34111000079,20080704,00,411173177018,41,117,20080704
34111000138,C05,41,115,아노가 홈케어,00,NORMAL SERVICE.,138,680,4,아노가 홈케어,C05,,1,4,0,16442,031,251,1122,34111000138,20090331,00,411154328132,41,115,20090331
34111000154,C05,41,115,실버벨스 방문요양센터,00,NORMAL SERVICE.,138,680,4,실버벨스 방문요양센터,C05,,4,7,0,16435,031,252,0267,34111000154,20090604,00,411154328112,41,115,20090604
34111000453,C05,41,113,행복한재가복지센터,00,NORMAL SERVICE.,134,660,4,행복한재가복지센터,C05,,3,589,0,16392,031,297,2367,34111000453,20150313,00,411133175025,41,113,20150313
34111000078,C06,41,115,의료기백화점,00,NORMAL SERVICE.,141,730,4,의료기백화점,C06,,,100,0,16471,031,224,1930,34111000078,20080704,00,411152012012,41,115,20080704
34111000087,C06,41,115,현대의료기,00,NORMAL SERVICE.,139,700,4,현대의료기,C06,,1,123,0,16249,031,242,1177,34111000087,20080716,00,411152012012,41,115,20080716
34111000117,C06,41,111,장안요양센터,00,NORMAL SERVICE.,129,560,4,장안요양센터,C06,,3,16,0,16349,031,253,7526,34111000117,20081203,00,411114322383,41,111,20081203
34111000124,C06,41,113,국제의료기,00,NORMAL SERVICE.,137,670,4,국제의료기,C06,,1,652,0,16565,031,233,0379,34111000124,20090102,00,411133175010,41,113,20090102
14113000234,G31,41,133,성남시립노인요양센터,00,NORMAL SERVICE.,105,570,2,성남시립노인요양센터,G31,269번지 10호,,137,0,13200,031,739,3000,14113000234,20100301,00,411333179006,41,133,20100301
14113000329,G31,41,135,더힐링요양원,00,NORMAL SERVICE.,101,510,4,더힐링요양원,G31,,,10,0,13584,031,703,1197,14113000329,20120927,00,411354340377,41,135,20120927
14113000714,G31,41,135,헤리티지요양원,00,NORMAL SERVICE.,111,662,3,헤리티지요양원,G31,,2~3,155,0,13552,031,718,0077,14113000714,20220101,00,411353180005,41,135,20220101
14115000968,G31,41,150,루시아참요양원,00,NORMAL SERVICE.,111,620,4,루시아참요양원,G31,,,60,0,11601,031,872,6267,14115000968,20241001,00,411504343321,41,150,20241001
14113000329,G32,41,135,더힐링요양원,00,NORMAL SERVICE.,101,510,4,더힐링요양원,G32,,,10,0,13584,031,703,1197,14113000329,20120927,00,411354340377,41,135,20120927
14119000138,G32,41,196,부모섬김,00,NORMAL SERVICE.,107,570,4,부모섬김,G32,319번지 1호,,71,1,14516,032,679,0116,14119000138,20090206,00,411963184008,41,196,20090206
14119000749,G32,41,192,성은요양원,00,NORMAL SERVICE.,104,600,4,성은요양원,G32,,,294,0,14487,032,715,7982,14119000749,20150821,00,411923184003,41,192,20150821
14119001431,G32,41,194,차오름재활요양원,00,NORMAL SERVICE.,104,580,4,차오름재활요양원,G32,,7~9,519,0,14676,032,341,3375,14119001431,20240501,00,411943000028,41,194,20240501
14119001431,G33,41,194,차오름재활요양원,00,NORMAL SERVICE.,104,580,4,차오름재활요양원,G33,,7~9,519,0,14676,032,341,3375,14119001431,20240501,00,411943000028,41,194,20240501
14122000189,G33,41,220,미소요양원,00,NORMAL SERVICE.,250,250,4,미소요양원,G33,,,130,8,17974,031,691,6222,14122000189,20140211,29,412203188113,41,220,20140211
14136000319,G33,41,360,늘사랑실버케어센터,00,NORMAL SERVICE.,102,520,4,늘사랑실버케어센터,G33,,"2, 6",1260,0,12223,031,591,8883,14136000319,20120203,00,413603000120,41,360,20120203
14122000189,G34,41,220,미소요양원,00,NORMAL SERVICE.,250,250,4,미소요양원,G34,,,130,8,17974,031,691,6222,14122000189,20140211,29,412203188113,41,220,20140211
14122000189,G35,41,220,미소요양원,00,NORMAL SERVICE.,250,250,4,미소요양원,G35,,,130,8,17974,031,691,6222,14122000189,20140211,29,412203188113,41,220,20140211
24115000902,H31,41,150,마음의숲노인복지센터본점,00,NORMAL SERVICE.,110,615,3,마음의숲노인복지센터본점,H31,,"2,3",147,0,11661,031,846,0300,24115000902,20221201,00,411503181037,41,150,20221201
24115001048,H31,41,150,의정부통합돌봄요양센터,00,NORMAL SERVICE.,110,615,4,의정부통합돌봄요양센터,H31,,1~3,147,0,11661,031,846,0300,24115001048,20260201,00,411503181037,41,150,20260201
24119001185,H31,41,194,차오름재활주간보호/방문요양센터,00,NORMAL SERVICE.,104,580,4,차오름재활주간보호/방문요양센터,H31,,"2,8,9",519,0,14676,032,351,3375,24119001185,20210301,00,411943000028,41,194,20210301
24128001344,H31,41,287,가원노인복지센터,00,NORMAL SERVICE.,103,540,3,가원노인복지센터,H31,,,31,0,10343,031,921,6283,24128001344,20210201,00,412873194022,41,287,20210201
24115000902,H32,41,150,마음의숲노인복지센터본점,00,NORMAL SERVICE.,110,615,3,마음의숲노인복지센터본점,H32,,"2,3",147,0,11661,031,846,0300,24115000902,20221201,00,411503181037,41,150,20221201
24115001048,H32,41,150,의정부통합돌봄요양센터,00,NORMAL SERVICE.,110,615,4,의정부통합돌봄요양센터,H32,,1~3,147,0,11661,031,846,0300,24115001048,20260201,00,411503181037,41,150,20260201
24119001185,H32,41,194,차오름재활주간보호/방문요양센터,00,NORMAL SERVICE.,104,580,4,차오름재활주간보호/방문요양센터,H32,,"2,8,9",519,0,14676,032,351,3375,24119001185,20210301,00,411943000028,41,194,20210301
24128001681,H32,41,281,포르테주간보호센터,00,NORMAL SERVICE.,128,656,4,포르테주간보호센터,H32,,6,20,10,10486,031,974,8572,24128001681,20241001,00,412813192035,41,281,20241001
24146000736,H33,41,465,365송은노인학교(주야간),00,NORMAL SERVICE.,102,540,4,365송은노인학교(주야간),H33,,"6,7",105,0,16875,031,896,8807,24146000736,20190701,00,414653205022,41,465,20190701
24182000102,H33,41,820,가평중앙재가노인복지센터,00,NORMAL SERVICE.,250,250,4,가평중앙재가노인복지센터,H33,,,228,6,12412,031,581,0019,24182000102,20200102,21,418203000142,41,820,20200102
34117000237,I31,41,171,케어네이션 만안센터,00,NORMAL SERVICE.,101,550,3,케어네이션 만안센터,I31,,"4,7",216,0,14032,031,464,0220,34117000237,20141110,00,411713182016,41,171,20141110
34119000977,I31,41,194,부천남부노인주야간보호센터,00,NORMAL SERVICE.,104,570,4,부천남부노인주야간보호센터,I31,,"3,4",15,0,14696,032,327,0604,34119000977,20180711,00,411943185010,41,194,20180711
34128001141,I31,41,281,행신치매전담형 주야간보호센터,00,NORMAL SERVICE.,128,650,4,행신치매전담형 주야간보호센터,I31,,8,61,0,10523,031,974,9001,34128001141,20190307,00,412814376106,41,281,20190307
34141000172,I31,41,410,'나들이' 데이케어센터,00,NORMAL SERVICE.,108,610,4,'나들이' 데이케어센터,I31,,,26,0,15886,031,505,3291,34141000172,20140501,00,414104400193,41,410,20140501
14155000032,M31,41,550,파라밀 요양원,00,NORMAL SERVICE.,400,400,3,파라밀 요양원,M31,,,135,0,17521,031,671,3677,14155000032,20080624,00,415504424142,41,550,20020814
14159000412,M31,41,591,새소망요양원,00,NORMAL SERVICE.,310,310,4,새소망요양원,M31,,,25,27,18543,031,357,1814,14159000412,20181107,25,415914431248,41,591,20181107
14117000627,S41,41,171,긋시아케어링a,00,NORMAL SERVICE.,102,600,4,긋시아케어링a,S41,,5,483,0,13969,050,6787,5824,14117000627,20251001,00,411713182016,41,171,20251001
14127001053,S41,41,273,아주좋은요양원,00,NORMAL SERVICE.,101,535,4,아주좋은요양원,S41,,,61,0,15470,031,411,3275,14127001053,20220701,00,412733191004,41,273,20220701
14128000005,S41,41,281,사랑의집,00,NORMAL SERVICE.,114,590,4,사랑의집,S41,554번지 8호,,165,0,10267,031,964,1178,14128000005,20080610,00,412813012032,41,281,20061013
14128001485,S41,41,281,A+샬롬요양원,00,NORMAL SERVICE.,128,640,4,A+샬롬요양원,S41,,7,547,0,10518,031,972,3438,14128001485,20220801,00,412813192094,41,281,20220801
14311000027,A03,43,112,산새노인요양원,00,NORMAL SERVICE.,109,590,4,산새노인요양원,A03,,,32,27,28611,043,236,0109,14311000027,20080602,00,431123237008,43,112,20080527
14311000029,A03,43,114,청주소망의집,00,NORMAL SERVICE.,106,550,3,청주소망의집,A03,,,200,0,28307,043,216,1995,14311000029,20080602,00,431144571760,43,114,20060206
14311000032,A03,43,113,흥덕실비노인요양원,00,NORMAL SERVICE.,121,760,3,흥덕실비노인요양원,A03,,,837,102,361350,043,236,1800,14311000032,20080604,00,431133237106,43,113,20051215
14311000039,A03,43,114,성심노인요양원,00,NORMAL SERVICE.,104,540,3,성심노인요양원,A03,,,135,42,28337,043,214,8501,14311000039,20080609,00,431143236054,43,114,20031231
14311000042,A03,43,112,참사랑노인요양원,00,NORMAL SERVICE.,105,560,3,참사랑노인요양원,A03,,,1,5,28802,043,298,3400,14311000042,20080613,00,431123237014,43,112,20080609
14311000041,A04,43,111,우리노인요양공동생활가정,00,NORMAL SERVICE.,119,670,4,우리노인요양공동생활가정,A04,,3,28,0,28742,043,250,6794,14311000041,20080613,00,431114508414,43,111,20080603
14311000102,A04,43,111,용담사랑의집노인요양공동생활가정,00,NORMAL SERVICE.,121,690,4,용담사랑의집노인요양공동생활가정,A04,89번지 14호,,102,3,28314,043,259,0190,14311000102,20090116,00,431114508283,43,111,20090116
14311000161,A04,43,114,내덕늘푸른요양원,00,NORMAL SERVICE.,102,530,4,내덕늘푸른요양원,A04,,,50,1,28481,043,222,1478,14311000161,20091211,00,431144508354,43,114,20091211
14311000267,A04,43,113,새순노인요양공동생활가정,00,NORMAL SERVICE.,115,751,4,새순노인요양공동생활가정,A04,,,27,1,28449,043,263,0693,14311000267,20120608,00,431134511143,43,113,20120608
14311000346,A04,43,111,로뎀나무노인요양공동생활가정,00,NORMAL SERVICE.,110,545,4,로뎀나무노인요양공동생활가정,A04,,,68,0,28533,043,266,2641,14311000346,20141022,00,431114508117,43,111,20141022
24311000058,B01,43,113,평화노인복지센터,00,NORMAL SERVICE.,117,760,4,평화노인복지센터,B01,,,64,2,28376,043,235,4004,24311000058,20080625,00,431134511088,43,113,20080624
24311000575,B01,43,112,고려요양협동조합,00,NORMAL SERVICE.,101,510,3,고려요양협동조합,B01,,3,273,0,28555,043,264,1919,24311000575,20180817,00,431123236025,43,112,20180817
24311000606,B01,43,112,가나노인주간보호센터,00,NORMAL SERVICE.,109,590,4,가나노인주간보호센터,B01,,"3, 4",5,0,28668,043,714,3344,24311000606,20190201,00,431124511323,43,112,20190201
24311000637,B01,43,113,(A+)동행노인복지센터,00,NORMAL SERVICE.,113,747,4,(A+)동행노인복지센터,B01,,,1265,0,28397,043,234,3651,24311000637,20190604,00,431133014065,43,113,20190604
24311000664,B01,43,112,효림노인주야간보호센터,00,NORMAL SERVICE.,106,560,4,효림노인주야간보호센터,B01,,,20,0,28800,043,297,5557,24311000664,20190909,00,431124512136,43,112,20190909
24311000637,B02,43,113,(A+)동행노인복지센터,00,NORMAL SERVICE.,113,747,4,(A+)동행노인복지센터,B02,,,1265,0,28397,043,234,3651,24311000637,20190604,00,431133014065,43,113,20190604
24311000680,B02,43,113,사랑으로노인복지센터,00,NORMAL SERVICE.,115,751,4,사랑으로노인복지센터,B02,,"2층, 3",616,0,28574,043,275,8575,24311000680,20191101,00,431133236001,43,113,20191101
24311000788,B02,43,113,옥산방문요양복지센터,00,NORMAL SERVICE.,320,320,4,옥산방문요양복지센터,B02,,,718,0,28114,043,904,5812,24311000788,20210201,21,431133240054,43,113,20210201
24311000805,B02,43,112,다복한주간보호센터,00,NORMAL SERVICE.,107,570,4,다복한주간보호센터,B02,,1.2.3.4,56,0,28707,043,285,4545,24311000805,20210428,00,431124511948,43,112,20210428
24311000809,B02,43,112,보람케어노인복지센터,00,NORMAL SERVICE.,104,550,5,보람케어노인복지센터,B02,,,8,0,28630,043,295,4817,24311000809,20210528,00,431123237026,43,112,20210528
24311000020,B03,43,113,청주흥덕노인통합지원센터,00,NORMAL SERVICE.,132,770,3,청주흥덕노인통합지원센터,B03,,,130,0,28303,043,215,2496,24311000020,20080530,00,431134511332,43,113,20071204
24311000227,B03,43,113,현진노인복지센터(흥덕노인요양원병설),00,NORMAL SERVICE.,121,760,3,현진노인복지센터(흥덕노인요양원병설),B03,47번지 13호,,837,102,28371,043,236,4774,24311000227,20110209,00,431133237106,43,113,20110209
24311000292,B03,43,114,내덕노인복지센터,00,NORMAL SERVICE.,102,530,3,내덕노인복지센터,B03,,,1,18,28495,043,216,9811,24311000292,20130206,00,431144508665,43,114,20130206
24311000579,B03,43,114,성민주야간보호센터,00,NORMAL SERVICE.,310,310,4,성민주야간보호센터,B03,,,41,0,28136,043,274,1004,24311000579,20180904,31,431144520650,43,114,20180904
24311000606,B03,43,112,가나노인주간보호센터,00,NORMAL SERVICE.,109,590,4,가나노인주간보호센터,B03,,"3, 4",5,0,28668,043,714,3344,24311000606,20190201,00,431124511323,43,112,20190201
24311000845,B05,43,113,홈널스통합재가센터,00,NORMAL SERVICE.,115,751,4,홈널스통합재가센터,B05,,1,40,0,28557,043,272,6343,24311000845,20220203,00,431134511417,43,113,20220203
24311000994,B05,43,111,재가요양센터한스,00,NORMAL SERVICE.,125,720,4,재가요양센터한스,B05,,,2,0,28750,043,293,2019,24311000994,20240601,00,431114508461,43,111,20240601
24311000996,B05,43,112,청주새일재가노인복지센터,00,NORMAL SERVICE.,107,570,4,청주새일재가노인복지센터,B05,,,2083,0,28689,043,285,9989,24311000996,20240601,00,431123236067,43,112,20240601
24311001102,B05,43,114,꽃돌이방문간호센터,00,NORMAL SERVICE.,101,510,4,꽃돌이방문간호센터,B05,,,6,0,28505,043,715,6333,24311001102,20260301,00,431144508317,43,114,20260301
24311001114,B05,43,112,나우리재가노인복지센터,00,NORMAL SERVICE.,103,540,3,나우리재가노인복지센터,B05,,1,111,0,28676,043,260,1909,24311001114,20260701,00,431124511163,43,112,20260701
24311000637,B06,43,113,(A+)동행노인복지센터,00,NORMAL SERVICE.,113,747,4,(A+)동행노인복지센터,B06,,,1265,0,28397,043,234,3651,24311000637,20190604,00,431133014065,43,113,20190604
24311000752,B06,43,111,건강의료기 한국병원점,00,NORMAL SERVICE.,119,670,4,건강의료기 한국병원점,B06,,,53,0,28712,043,252,9361,24311000752,20200731,00,431113236037,43,111,20200731
24311000859,B06,43,112,100세동안재가장기요양기관(청주점),00,NORMAL SERVICE.,101,520,4,100세동안재가장기요양기관(청주점),B06,,,270,0,28654,043,262,1113,24311000859,20220401,00,431123236025,43,112,20220401
24311000863,B06,43,114,누리복지용구,00,NORMAL SERVICE.,102,520,4,누리복지용구,B06,,,66,0,28479,043,224,8897,24311000863,20220501,00,431143236010,43,114,20220501
24311000904,B06,43,112,실버복지용구,00,NORMAL SERVICE.,109,590,4,실버복지용구,B06,,1,765,0,28666,043,268,9317,24311000904,20221201,00,431123236001,43,112,20221201
34311000028,C01,43,111,어르신이행복한세상청주지사,00,NORMAL SERVICE.,119,670,4,어르신이행복한세상청주지사,C01,,,14,0,28713,043,297,7122,34311000028,20080602,00,431113236037,43,111,20080528
34311000051,C01,43,114,THE명품노인복지센터,00,NORMAL SERVICE.,102,530,4,THE명품노인복지센터,C01,,,23,0,28491,043,252,0550,34311000051,20080620,00,431144508668,43,114,20080620
34311000069,C01,43,112,사랑천사재가장기요양기관,00,NORMAL SERVICE.,107,580,4,사랑천사재가장기요양기관,C01,,,78,0,28686,043,254,4503,34311000069,20080714,00,431123237053,43,112,20080711
34311000105,C01,43,111,용암재가장기요양기관,00,NORMAL SERVICE.,124,730,4,용암재가장기요양기관,C01,,1,8,2,28782,043,284,2255,34311000105,20090130,00,431114508225,43,111,20090123
34311000110,C01,43,114,부모사랑노인복지센터,00,NORMAL SERVICE.,253,253,4,부모사랑노인복지센터,C01,,,54,0,28129,043,217,6009,34311000110,20090305,30,431144520483,43,114,20090305
34311000028,C02,43,111,어르신이행복한세상청주지사,00,NORMAL SERVICE.,119,670,4,어르신이행복한세상청주지사,C02,,,14,0,28713,043,297,7122,34311000028,20080602,00,431113236037,43,111,20080528
34311000051,C02,43,114,THE명품노인복지센터,00,NORMAL SERVICE.,102,530,4,THE명품노인복지센터,C02,,,23,0,28491,043,252,0550,34311000051,20080620,00,431144508668,43,114,20080620
34311000069,C02,43,112,사랑천사재가장기요양기관,00,NORMAL SERVICE.,107,580,4,사랑천사재가장기요양기관,C02,,,78,0,28686,043,254,4503,34311000069,20080714,00,431123237053,43,112,20080711
34311000105,C02,43,111,용암재가장기요양기관,00,NORMAL SERVICE.,124,730,4,용암재가장기요양기관,C02,,1,8,2,28782,043,284,2255,34311000105,20090130,00,431114508225,43,111,20090123
34311000199,C02,43,111,예수재가장기요양기관,00,NORMAL SERVICE.,124,720,4,예수재가장기요양기관,C02,,,36,0,28769,043,295,0717,34311000199,20100514,00,431113236043,43,111,20100514
34311000110,C03,43,114,부모사랑노인복지센터,00,NORMAL SERVICE.,253,253,4,부모사랑노인복지센터,C03,,,54,0,28129,043,217,6009,34311000110,20090305,30,431144520483,43,114,20090305
34311000120,C03,43,114,하늘정원 재가장기요양기관,00,NORMAL SERVICE.,102,520,4,하늘정원 재가장기요양기관,C03,,2,325,0,28482,043,250,1288,34311000120,20090410,00,431143236001,43,114,20090410
34311000220,C03,43,113,해피투게더 노인복지센터,00,NORMAL SERVICE.,114,741,4,해피투게더 노인복지센터,C03,,,188,0,28586,043,234,9006,34311000220,20101207,00,431133237030,43,113,20101207
34311000274,C03,43,112,가경열린복지센터재가장기요양기관,00,NORMAL SERVICE.,109,590,4,가경열린복지센터재가장기요양기관,C03,,,19,0,28612,043,238,2280,34311000274,20120827,00,431123237030,43,112,20120827
34311000314,C03,43,112,청주노인주간보호센터,00,NORMAL SERVICE.,106,560,4,청주노인주간보호센터,C03,,4,1992,0,28797,043,285,3131,34311000314,20131023,00,431123236067,43,112,20131023
34313000211,C04,43,130,연수노인주야간보호센터,00,NORMAL SERVICE.,105,535,4,연수노인주야간보호센터,C04,,2,261,0,27384,043,855,9117,34313000211,20181129,00,431303238057,43,130,20181129
34374000003,C04,43,740,보생원노인복지센터,00,NORMAL SERVICE.,360,360,3,보생원노인복지센터,C04,711번지 3호,,854,0,29155,043,745,4050,34374000003,20080523,21,437403243054,43,740,20060212
34374000031,C04,43,740,보생원전문노인요양원,00,NORMAL SERVICE.,340,340,3,보생원전문노인요양원,C04,51번지 5호,,457,19,29121,043,745,5007,34374000031,20090602,24,437403243043,43,740,20090602
34311000028,C05,43,111,어르신이행복한세상청주지사,00,NORMAL SERVICE.,119,670,4,어르신이행복한세상청주지사,C05,,,14,0,28713,043,297,7122,34311000028,20080602,00,431113236037,43,111,20080528
34311000261,C05,43,112,돌봄천사재가노인복지센터,00,NORMAL SERVICE.,101,510,3,돌봄천사재가노인복지센터,C05,,,93,1,28556,043,275,6064,34311000261,20120301,00,431123237095,43,112,20120301
34311000337,C05,43,113,닥터케어방문간호센터,00,NORMAL SERVICE.,113,747,3,닥터케어방문간호센터,C05,,,23,0,28383,070,4367,2015,34311000337,20140822,00,431133237049,43,113,20140822
34311000516,C05,43,112,청주 주찬미방문간호센터,00,NORMAL SERVICE.,107,580,4,청주 주찬미방문간호센터,C05,,,254,0,28696,043,221,5671,34311000516,20170612,00,431123237013,43,112,20170612
34311000528,C05,43,114,청주방문간호센터,00,NORMAL SERVICE.,101,510,4,청주방문간호센터,C05,,1,15,1,28505,043,221,7576,34311000528,20170810,00,431144508319,43,114,20170810
34311000046,C06,43,111,한국의료기유한회사,00,NORMAL SERVICE.,119,670,3,한국의료기유한회사,C06,,1,57,0,28712,043,255,5929,34311000046,20080620,00,431113236037,43,111,20080620
34311000065,C06,43,112,바다메디칼장기요양기관,00,NORMAL SERVICE.,109,590,4,바다메디칼장기요양기관,C06,,,4,0,28668,043,268,7755,34311000065,20080707,00,431124511309,43,112,20080707
34311000071,C06,43,111,이원의료기육거리점복지용구재가장기요양기관,00,NORMAL SERVICE.,105,545,4,이원의료기육거리점복지용구재가장기요양기관,C06,145번지 3호,,7,0,28531,043,268,2121,34311000071,20080729,00,431113236027,43,111,20080729
34311000073,C06,43,111,주성메디칼재가장기요양기관,00,NORMAL SERVICE.,120,680,4,주성메디칼재가장기요양기관,C06,162번지 14호,,94,1,28735,043,222,3927,34311000073,20080805,00,431113236037,43,111,20080805
34311000257,C06,43,111,모세휠체어재가장기요양기관,00,NORMAL SERVICE.,125,720,4,모세휠체어재가장기요양기관,C06,,1,19,0,28749,043,222,9963,34311000257,20120127,00,431114508728,43,111,20120127
14311000242,G31,43,113,청주카리타스노인요양원,00,NORMAL SERVICE.,115,751,3,청주카리타스노인요양원,G31,2315번지,,9,0,28460,043,264,0900,14311000242,20110801,00,431134511610,43,113,20110801
14311000498,G31,43,111,숲속요양원,00,NORMAL SERVICE.,112,525,4,숲속요양원,G31,,,57,0,28513,043,221,3349,14311000498,20170201,00,431113236003,43,111,20170201
14313000001,G31,43,130,충주평화의집,00,NORMAL SERVICE.,360,360,3,충주평화의집,G31,689번지 2호,,504,0,27451,043,842,7002,14313000001,20080530,23,431304514878,43,130,20080530
14313000110,G31,43,130,충주노인요양원,00,NORMAL SERVICE.,350,350,3,충주노인요양원,G31,,,397,0,27456,043,851,6090,14313000110,20120824,00,431303238013,43,130,20120824
14311000498,G32,43,111,숲속요양원,00,NORMAL SERVICE.,112,525,4,숲속요양원,G32,,,57,0,28513,043,221,3349,14311000498,20170201,00,431113236003,43,111,20170201
14373000128,G32,43,730,옥천군립치매전담요양원,00,NORMAL SERVICE.,250,250,2,옥천군립치매전담요양원,G32,,,182,15,29027,043,731,8331,14373000128,20240325,25,437303242033,43,730,20240325
14374000137,G32,43,740,영동군립치매전담요양원,00,NORMAL SERVICE.,250,250,2,영동군립치매전담요양원,G32,,,290,1,29131,043,745,3292,14374000137,20231214,31,437403243063,43,740,20231204
14373000128,G33,43,730,옥천군립치매전담요양원,00,NORMAL SERVICE.,250,250,2,옥천군립치매전담요양원,G33,,,182,15,29027,043,731,8331,14373000128,20240325,25,437303242033,43,730,20240325
14374000137,G33,43,740,영동군립치매전담요양원,00,NORMAL SERVICE.,250,250,2,영동군립치매전담요양원,G33,,,290,1,29131,043,745,3292,14374000137,20231214,31,437403243063,43,740,20231204
14373000128,G34,43,730,옥천군립치매전담요양원,00,NORMAL SERVICE.,250,250,2,옥천군립치매전담요양원,G34,,,182,15,29027,043,731,8331,14373000128,20240325,25,437303242033,43,730,20240325
14374000137,G34,43,740,영동군립치매전담요양원,00,NORMAL SERVICE.,250,250,2,영동군립치매전담요양원,G34,,,290,1,29131,043,745,3292,14374000137,20231214,31,437403243063,43,740,20231204
14373000128,G35,43,730,옥천군립치매전담요양원,00,NORMAL SERVICE.,250,250,2,옥천군립치매전담요양원,G35,,,182,15,29027,043,731,8331,14373000128,20240325,25,437303242033,43,730,20240325
14374000137,G35,43,740,영동군립치매전담요양원,00,NORMAL SERVICE.,250,250,2,영동군립치매전담요양원,G35,,,290,1,29131,043,745,3292,14374000137,20231214,31,437403243063,43,740,20231204
14373000128,G36,43,730,옥천군립치매전담요양원,00,NORMAL SERVICE.,250,250,2,옥천군립치매전담요양원,G36,,,182,15,29027,043,731,8331,14373000128,20240325,25,437303242033,43,730,20240325
14374000137,G36,43,740,영동군립치매전담요양원,00,NORMAL SERVICE.,250,250,2,영동군립치매전담요양원,G36,,,290,1,29131,043,745,3292,14374000137,20231214,31,437403243063,43,740,20231204
24313000302,H31,43,130,충주시립노인주야간보호센터,00,NORMAL SERVICE.,410,410,2,충주시립노인주야간보호센터,H31,,,40,0,27315,043,851,1021,24313000302,20221216,21,431304515181,43,130,20221122
24315000250,H31,43,150,제천시립치매전담주야간보호센터,00,NORMAL SERVICE.,122,605,2,제천시립치매전담주야간보호센터,H31,,,24,14,27201,043,653,1021,24315000250,20250828,00,431504517004,43,150,20250828
24373000127,H31,43,730,옥천군립주야간보호센터,00,NORMAL SERVICE.,250,250,2,옥천군립주야간보호센터,H31,,,182,15,29027,043,731,9331,24373000127,20240325,25,437303242033,43,730,20240325
24374000138,H31,43,740,병설 영동군립주야간보호센터,00,NORMAL SERVICE.,250,250,2,병설 영동군립주야간보호센터,H31,,,290,1,29131,043,745,3292,24374000138,20231214,31,437403243063,43,740,20231204
24315000250,H32,43,150,제천시립치매전담주야간보호센터,00,NORMAL SERVICE.,122,605,2,제천시립치매전담주야간보호센터,H32,,,24,14,27201,043,653,1021,24315000250,20250828,00,431504517004,43,150,20250828
24373000127,H32,43,730,옥천군립주야간보호센터,00,NORMAL SERVICE.,250,250,2,옥천군립주야간보호센터,H32,,,182,15,29027,043,731,9331,24373000127,20240325,25,437303242033,43,730,20240325
24374000138,H32,43,740,병설 영동군립주야간보호센터,00,NORMAL SERVICE.,250,250,2,병설 영동군립주야간보호센터,H32,,,290,1,29131,043,745,3292,24374000138,20231214,31,437403243063,43,740,20231204
14313000303,M31,43,130,충주시립노인요양원,00,NORMAL SERVICE.,410,410,2,충주시립노인요양원,M31,,,40,0,27315,043,851,3211,14313000303,20221216,21,431304515181,43,130,20221122
14315000251,M31,43,150,제천시립치매전담요양원,00,NORMAL SERVICE.,122,605,2,제천시립치매전담요양원,M31,,,24,14,27201,043,642,8699,14315000251,20250828,00,431504517004,43,150,20250828
14375000097,M31,43,750,진천군립치매전담요양원,00,NORMAL SERVICE.,330,330,2,진천군립치매전담요양원,M31,,,664,0,27865,043,753,8862,14375000097,20220524,31,437503014046,43,750,20220524
14376000107,M31,43,760,괴산군립치매전담요양원,00,NORMAL SERVICE.,250,250,2,괴산군립치매전담요양원,M31,,,105,0,28032,043,832,8275,14376000107,20251223,21,437603246004,43,760,20251211
14313000303,M32,43,130,충주시립노인요양원,00,NORMAL SERVICE.,410,410,2,충주시립노인요양원,M32,,,40,0,27315,043,851,3211,14313000303,20221216,21,431304515181,43,130,20221122
14315000251,M32,43,150,제천시립치매전담요양원,00,NORMAL SERVICE.,122,605,2,제천시립치매전담요양원,M32,,,24,14,27201,043,642,8699,14315000251,20250828,00,431504517004,43,150,20250828
14375000097,M32,43,750,진천군립치매전담요양원,00,NORMAL SERVICE.,330,330,2,진천군립치매전담요양원,M32,,,664,0,27865,043,753,8862,14375000097,20220524,31,437503014046,43,750,20220524
14315000251,M33,43,150,제천시립치매전담요양원,00,NORMAL SERVICE.,122,605,2,제천시립치매전담요양원,M33,,,24,14,27201,043,642,8699,14315000251,20250828,00,431504517004,43,150,20250828
14315000251,M34,43,150,제천시립치매전담요양원,00,NORMAL SERVICE.,122,605,2,제천시립치매전담요양원,M34,,,24,14,27201,043,642,8699,14315000251,20250828,00,431504517004,43,150,20250828
14315000251,M35,43,150,제천시립치매전담요양원,00,NORMAL SERVICE.,122,605,2,제천시립치매전담요양원,M35,,,24,14,27201,043,642,8699,14315000251,20250828,00,431504517004,43,150,20250828
14315000251,M36,43,150,제천시립치매전담요양원,00,NORMAL SERVICE.,122,605,2,제천시립치매전담요양원,M36,,,24,14,27201,043,642,8699,14315000251,20250828,00,431504517004,43,150,20250828
14315000157,S41,43,150,그레이스힐하우스,00,NORMAL SERVICE.,380,380,4,그레이스힐하우스,S41,,,35,0,27127,043,642,8113,14315000157,20191001,25,431503239005,43,150,20191001
14315000177,S41,43,150,송학보금자리 요양센터,00,NORMAL SERVICE.,380,380,4,송학보금자리 요양센터,S41,,,84,10,27126,043,645,0988,14315000177,20210528,21,431504517342,43,150,20210528
14315000241,S41,43,150,송학실버홈,00,NORMAL SERVICE.,380,380,4,송학실버홈,S41,,,84,9,27126,043,652,7446,14315000241,20240724,21,431504517342,43,150,20240724
14374500070,S41,43,745,증평치매전문요양원,00,NORMAL SERVICE.,250,250,4,증평치매전문요양원,S41,,,72,0,27937,043,836,0121,14374500070,20221201,25,437453244015,43,745,20221201
14413000003,A03,44,131,천안제일요양원,00,NORMAL SERVICE.,111,580,3,천안제일요양원,A03,407번지 3호,,1828,0,31211,041,557,8150,14413000003,20080509,00,441313015001,44,131,20080402
14413000007,A03,44,131,천안노인전문요양원,00,NORMAL SERVICE.,108,580,3,천안노인전문요양원,A03,87번지 2호,,97,0,31070,041,555,1601,14413000007,20080528,00,441314547652,44,131,20060127
14413000008,A03,44,131,효자의 집,00,NORMAL SERVICE.,110,580,3,효자의 집,A03,41번지 12호,,535,18,31071,041,558,7775,14413000008,20080528,00,441313249055,44,131,20080528
14413000009,A03,44,131,호서노인전문요양원,00,NORMAL SERVICE.,110,580,3,호서노인전문요양원,A03,41번지 12호,,535,18,31071,041,558,7772,14413000009,20080528,00,441313249055,44,131,20060621
14413000011,A03,44,133,너싱홈 천안 간호천사,00,NORMAL SERVICE.,108,560,4,너싱홈 천안 간호천사,A03,732번지,,60,0,31163,041,555,5530,14413000011,20080528,00,441334550035,44,133,20080528
14413000089,A03,44,131,충무원,00,NORMAL SERVICE.,250,250,3,충무원,A03,,,731,0,31064,041,558,7590,14413000089,20081107,26,441313249022,44,131,20081107
14413000198,A04,44,131,민들레요양원,00,NORMAL SERVICE.,115,570,4,민들레요양원,A04,,,,,330854,041,577,5056,14413000198,20110323,00,,44,131,20110323
14413000199,A04,44,131,젬마의집,00,NORMAL SERVICE.,115,570,4,젬마의집,A04,,,,,330854,041,579,5583,14413000199,20110324,00,,44,131,20110324
14413000223,A04,44,133,행복미소의집,00,NORMAL SERVICE.,103,560,4,행복미소의집,A04,,,136,0,31158,041,555,8755,14413000223,20120117,00,441333015009,44,133,20120117
14413000224,A04,44,133,미소의집,00,NORMAL SERVICE.,103,560,4,미소의집,A04,,,,,331790,041,555,8955,14413000224,20120201,00,,44,133,20120201
14413000247,A04,44,133,초록마을공동생활가정,00,NORMAL SERVICE.,103,560,4,초록마을공동생활가정,A04,,,136,0,31158,041,553,6565,14413000247,20121101,00,441333015009,44,133,20121101
14413000295,A04,44,131,원성효그룹홈,00,NORMAL SERVICE.,107,530,4,원성효그룹홈,A04,,,96,0,31187,041,522,1605,14413000295,20140707,00,441314547611,44,131,20140707
24413000019,B01,44,133,천안시노인종합복지관부설 천안노인복지센터,00,NORMAL SERVICE.,107,530,3,천안시노인종합복지관부설 천안노인복지센터,B01,1038번지,,16,0,31155,041,571,0286,24413000019,20080611,00,441334550184,44,133,20080611
24413000028,B01,44,133,이웃사랑노인복지센터,00,NORMAL SERVICE.,250,250,4,이웃사랑노인복지센터,B01,,2,30,0,31023,041,583,2646,24413000028,20080619,00,441334550343,44,133,20071008
24413000030,B01,44,131,느티나무노인복지센터,00,NORMAL SERVICE.,113,550,3,느티나무노인복지센터,B01,,,22,3,31152,041,523,7995,24413000030,20080619,00,441314547559,44,131,20060619
24413000215,B01,44,131,남천안노인요양원병설재가노인복지센터,00,NORMAL SERVICE.,320,320,3,남천안노인요양원병설재가노인복지센터,B01,,,4267,0,31223,041,575,7518,24413000215,20111109,30,441313251048,44,131,20111109
24413000301,B01,44,133,하은요양센터,00,NORMAL SERVICE.,108,566,4,하은요양센터,B01,,2,15,0,31164,041,567,1284,24413000301,20141219,00,441334550253,44,133,20141219
24413000303,B01,44,131,성남재가노인복지시설,00,NORMAL SERVICE.,340,340,4,성남재가노인복지시설,B01,,,323,18,31247,041,569,4425,24413000303,20150102,00,441313015005,44,131,20150102
24413000028,B02,44,133,이웃사랑노인복지센터,00,NORMAL SERVICE.,250,250,4,이웃사랑노인복지센터,B02,,2,30,0,31023,041,583,2646,24413000028,20080619,00,441334550343,44,133,20071008
24413000487,B02,44,131,+사랑실천복지센터,00,NORMAL SERVICE.,116,570,4,+사랑실천복지센터,B02,,2,41,0,31177,041,578,1605,24413000487,20191217,00,441313249033,44,131,20191217
24413000497,B02,44,131,아가페재가복지센터,00,NORMAL SERVICE.,120,580,4,아가페재가복지센터,B02,,,76,0,31212,070,4042,9182,24413000497,20191219,00,441314547712,44,131,20191219
24413000503,B02,44,131,천안재가복지센터,00,NORMAL SERVICE.,105,510,4,천안재가복지센터,B02,,2,30,0,31131,041,571,2800,24413000503,20201008,00,441313249034,44,131,20200803
24413000506,B02,44,131,으뜸재가복지센터,00,NORMAL SERVICE.,107,540,4,으뜸재가복지센터,B02,,2,20,1,31186,041,561,8809,24413000506,20201008,00,441314547583,44,131,20200910
24413000508,B02,44,133,효드림재가복지센터,00,NORMAL SERVICE.,250,250,4,효드림재가복지센터,B02,,1,56,0,31015,041,904,7321,24413000508,20201008,21,441333250035,44,133,20200916
24413000020,B03,44,133,천안시노인종합복지관부설 천안노인복지센터,00,NORMAL SERVICE.,107,530,3,천안시노인종합복지관부설 천안노인복지센터,B03,1041번지 1호,,16,0,31155,041,571,0286,24413000020,20080618,00,441334550184,44,133,19960819
24413000030,B03,44,131,느티나무노인복지센터,00,NORMAL SERVICE.,113,550,3,느티나무노인복지센터,B03,,,22,3,31152,041,523,7995,24413000030,20080619,00,441314547559,44,131,20060619
24413000215,B03,44,131,남천안노인요양원병설재가노인복지센터,00,NORMAL SERVICE.,320,320,3,남천안노인요양원병설재가노인복지센터,B03,,,4267,0,31223,041,575,7518,24413000215,20111109,30,441313251048,44,131,20111109
24413000251,B03,44,133,북천안요양원부설주야간보호센터,00,NORMAL SERVICE.,250,250,4,북천안요양원부설주야간보호센터,B03,,,30,0,31023,041,585,0591,24413000251,20121228,22,441334550343,44,133,20121228
24413000340,B03,44,131,아우내은빛복지관부설아우내노인복지센터,00,NORMAL SERVICE.,360,360,3,아우내은빛복지관부설아우내노인복지센터,B03,,,57,0,31254,041,556,6652,24413000340,20160101,22,441313249017,44,131,20010614
24413000423,B03,44,131,우리노인주간보호센터,00,NORMAL SERVICE.,250,250,4,우리노인주간보호센터,B03,,,23,0,31233,041,555,0330,24413000423,20180831,33,441314547425,44,131,20180831
24413000215,B04,44,131,남천안노인요양원병설재가노인복지센터,00,NORMAL SERVICE.,320,320,3,남천안노인요양원병설재가노인복지센터,B04,,,4267,0,31223,041,575,7518,24413000215,20111109,30,441313251048,44,131,20111109
24425000054,B04,44,250,계룡효재가노인복지센터,00,NORMAL SERVICE.,310,310,3,계룡효재가노인복지센터,B04,,,1380,49,32841,042,840,5629,24425000054,20170118,22,442503015045,44,250,20170118
24471000159,B04,44,710,동행랜드 핑크동,00,NORMAL SERVICE.,340,340,3,동행랜드 핑크동,B04,,,22,22,32717,041,752,6090,24471000159,20230303,29,447104571691,44,710,20230303
24413000503,B05,44,131,천안재가복지센터,00,NORMAL SERVICE.,105,510,4,천안재가복지센터,B05,,2,30,0,31131,041,571,2800,24413000503,20201008,00,441313249034,44,131,20200803
24413000552,B05,44,133,입장한옥실버센터,00,NORMAL SERVICE.,310,310,4,입장한옥실버센터,B05,,"1,2",45,0,31055,041,588,3864,24413000552,20210901,21,441334550632,44,133,20210819
24413000672,B05,44,133,더베스트방문간호요양센터,00,NORMAL SERVICE.,107,540,3,더베스트방문간호요양센터,B05,,5,167,12,31174,010,4222,2688,24413000672,20250401,00,441333249071,44,133,20250401
24413000682,B05,44,131,대한메디컬재가복지센터,00,NORMAL SERVICE.,118,590,4,대한메디컬재가복지센터,B05,,8,14,0,31123,041,523,8882,24413000682,20250901,00,441313249055,44,131,20250901
24413000684,B05,44,133,하루 재가 방문간호센터,00,NORMAL SERVICE.,107,530,4,하루 재가 방문간호센터,B05,,,12,0,31155,041,415,1236,24413000684,20251001,00,441333249018,44,133,20251001
24413000301,B06,44,133,하은요양센터,00,NORMAL SERVICE.,108,566,4,하은요양센터,B06,,2,15,0,31164,041,567,1284,24413000301,20141219,00,441334550253,44,133,20141219
24413000499,B06,44,131,천안도우누리재가노인복지센터,00,NORMAL SERVICE.,114,560,3,천안도우누리재가노인복지센터,B06,,"B1, F1, F2",86,1,31182,041,417,0350,24413000499,20200102,00,441314547132,44,131,20200102
24413000571,B06,44,131,제일메디컬,00,NORMAL SERVICE.,340,340,4,제일메디컬,B06,,1,8,0,31247,041,553,3524,24413000571,20220127,25,441314547361,44,131,20220113
24413000586,B06,44,133,효드림복지용구센터,00,NORMAL SERVICE.,250,250,4,효드림복지용구센터,B06,,,35,0,31016,041,581,0110,24413000586,20220530,21,441333250035,44,133,20220518
24413000588,B06,44,131,고은빛나재가센터,00,NORMAL SERVICE.,111,580,4,고은빛나재가센터,B06,,3,10,0,31198,041,548,0902,24413000588,20220627,00,441313249073,44,131,20220524
34413000004,C01,44,131,엔젤요양서비스,00,NORMAL SERVICE.,111,580,4,엔젤요양서비스,C01,,2,43,0,31197,041,576,1599,34413000004,20080509,00,441313249077,44,131,20070710
34413000058,C01,44,133,서로사랑노인복지센터,00,NORMAL SERVICE.,250,250,4,서로사랑노인복지센터,C01,,"1,4",9,0,31016,041,585,3334,34413000058,20080716,21,441334550393,44,133,20080716
34413000060,C01,44,131,천안우리방문요양센터,00,NORMAL SERVICE.,113,550,4,천안우리방문요양센터,C01,,,94,7,31151,041,574,8591,34413000060,20080724,00,441312249004,44,131,20080715
34413000076,C01,44,133,사회복지법인 영서복지재단 충무노인복지센터,00,NORMAL SERVICE.,107,540,3,사회복지법인 영서복지재단 충무노인복지센터,C01,389번지 13호,,16,0,31181,041,579,1675,34413000076,20080919,00,441334550278,44,133,20080919
34413000081,C01,44,131,하나요양보호원,00,NORMAL SERVICE.,114,560,4,하나요양보호원,C01,,,5,31,31154,041,555,5221,34413000081,20080924,00,441314547694,44,131,20080917
34413000004,C02,44,131,엔젤요양서비스,00,NORMAL SERVICE.,111,580,4,엔젤요양서비스,C02,,2,43,0,31197,041,576,1599,34413000004,20080509,00,441313249077,44,131,20070710
34413000058,C02,44,133,서로사랑노인복지센터,00,NORMAL SERVICE.,250,250,4,서로사랑노인복지센터,C02,,"1,4",9,0,31016,041,585,3334,34413000058,20080716,21,441334550393,44,133,20080716
34413000081,C02,44,131,하나요양보호원,00,NORMAL SERVICE.,114,560,4,하나요양보호원,C02,,,5,31,31154,041,555,5221,34413000081,20080924,00,441314547694,44,131,20080917
34413000146,C02,44,133,섬김노인복지센터,00,NORMAL SERVICE.,110,580,4,섬김노인복지센터,C02,,2,1219,0,31080,041,585,3435,34413000146,20091111,00,441332249005,44,133,20091111
34413000156,C02,44,131,'(A)돕는천사 벧엘 천안지사,00,NORMAL SERVICE.,107,540,4,'(A)돕는천사 벧엘 천안지사,C02,,1,2,0,31186,041,572,7745,34413000156,20091229,00,441314547571,44,131,20091229
34413000058,C03,44,133,서로사랑노인복지센터,00,NORMAL SERVICE.,250,250,4,서로사랑노인복지센터,C03,,"1,4",9,0,31016,041,585,3334,34413000058,20080716,21,441334550393,44,133,20080716
34413000076,C03,44,133,사회복지법인 영서복지재단 충무노인복지센터,00,NORMAL SERVICE.,107,540,3,사회복지법인 영서복지재단 충무노인복지센터,C03,389번지 13호,,16,0,31181,041,579,1675,34413000076,20080919,00,441334550278,44,133,20080919
34413000123,C03,44,133,금빛사랑 재가장기요양기관,00,NORMAL SERVICE.,102,510,4,금빛사랑 재가장기요양기관,C03,,2,31,0,31108,041,579,1342,34413000123,20090721,00,441334550366,44,133,20090716
34413000256,C03,44,131,해피하우스노인복지센터,00,NORMAL SERVICE.,111,580,4,해피하우스노인복지센터,C03,,6,1822,0,31211,041,575,2015,34413000256,20130201,00,441313015001,44,131,20130201
34413000317,C03,44,133,쌍용노인전문요양원병설주야간보호센터,00,NORMAL SERVICE.,107,550,4,쌍용노인전문요양원병설주야간보호센터,C03,,1층,425,0,31167,041,575,2020,34413000317,20150513,00,441332249003,44,133,20150513
34413000076,C05,44,133,사회복지법인 영서복지재단 충무노인복지센터,00,NORMAL SERVICE.,107,540,3,사회복지법인 영서복지재단 충무노인복지센터,C05,389번지 13호,,16,0,31181,041,579,1675,34413000076,20080919,00,441334550278,44,133,20080919
34413000146,C05,44,133,섬김노인복지센터,00,NORMAL SERVICE.,110,580,4,섬김노인복지센터,C05,,2,1219,0,31080,041,585,3435,34413000146,20091111,00,441332249005,44,133,20091111
34413000216,C05,44,131,남천안노인요양원병설재가노인복지센터,00,NORMAL SERVICE.,320,320,3,남천안노인요양원병설재가노인복지센터,C05,,,4267,0,31223,041,565,8301,34413000216,20111109,30,441313251048,44,131,20111109
34413000484,C05,44,133,르모브재가간호구강센터,00,NORMAL SERVICE.,103,560,3,르모브재가간호구강센터,C05,,,38,0,31158,070,4162,9800,34413000484,20191212,00,441334550206,44,133,20191212
34418000104,C05,44,180,힐링재가복지센터,00,NORMAL SERVICE.,101,525,4,힐링재가복지센터,C05,,3,25,0,33454,041,935,8508,34418000104,20140115,00,441803252049,44,180,20140115
34413000004,C06,44,131,엔젤요양서비스,00,NORMAL SERVICE.,111,580,4,엔젤요양서비스,C06,,2,43,0,31197,041,576,1599,34413000004,20080509,00,441313249077,44,131,20070710
34413000069,C06,44,133,연세의료기,00,NORMAL SERVICE.,104,580,4,연세의료기,C06,,,203,0,31101,041,581,1180,34413000069,20080819,00,441333250017,44,133,20080819
34413000070,C06,44,131,충청의료기상사,00,NORMAL SERVICE.,104,510,4,충청의료기상사,C06,263번지 3호,,127,0,31130,041,574,1466,34413000070,20080819,00,441313249006,44,131,20080819
34413000087,C06,44,131,충남의료기,00,NORMAL SERVICE.,113,550,4,충남의료기,C06,23번지 24호,,50,0,31151,041,574,0906,34413000087,20081023,00,441314547417,44,131,20081023
34413000088,C06,44,133,천안아산복지용구센터,00,NORMAL SERVICE.,107,540,4,천안아산복지용구센터,C06,,,32,1,31179,041,579,2320,34413000088,20081024,00,441334550565,44,133,20081024
14415000012,G31,44,150,공주원로원 아담스하우스,00,NORMAL SERVICE.,121,590,3,공주원로원 아담스하우스,G31,,,47,30,32589,041,853,2347,14415000012,20080612,00,441504553818,44,150,20050818
14420000203,G31,44,200,행복한요양원,00,NORMAL SERVICE.,410,410,3,행복한요양원,G31,,,18,0,31533,041,532,4567,14420000203,20170712,25,442004559801,44,200,20170712
14421000117,G31,44,210,수린목요양원,00,NORMAL SERVICE.,380,380,3,수린목요양원,G31,,,135,0,31948,041,688,6227,14421000117,20150101,00,442103254071,44,210,20150101
14423000328,G31,44,230,해피니스요양원,00,NORMAL SERVICE.,360,360,4,해피니스요양원,G31,,,23,2,32910,041,735,2005,14423000328,20260401,23,442304565841,44,230,20260401
14427000256,G31,44,270,당진시립노인요양원,00,NORMAL SERVICE.,360,360,2,당진시립노인요양원,G31,,,383,2,31757,041,353,4042,14427000256,20250101,21,442703265063,44,270,20250101
14423000328,G32,44,230,해피니스요양원,00,NORMAL SERVICE.,360,360,4,해피니스요양원,G32,,,23,2,32910,041,735,2005,14423000328,20260401,23,442304565841,44,230,20260401
14427000256,G32,44,270,당진시립노인요양원,00,NORMAL SERVICE.,360,360,2,당진시립노인요양원,G32,,,383,2,31757,041,353,4042,14427000256,20250101,21,442703265063,44,270,20250101
14476000071,G32,44,760,부여장수요양원,00,NORMAL SERVICE.,360,360,4,부여장수요양원,G32,,,1,0,33203,041,835,8853,14476000071,20130402,00,447604577613,44,760,20130402
14477000001,G32,44,770,서천 마서요양원,00,NORMAL SERVICE.,310,310,3,서천 마서요양원,G32,,,65,0,33657,041,956,0893,14477000001,20080523,31,447704580066,44,770,19820715
14477000018,G32,44,770,서천군노인요양시설,00,NORMAL SERVICE.,390,390,2,서천군노인요양시설,G32,37번지 5호,,88,16,33610,041,950,1104,14477000018,20081013,23,447704580819,44,770,20081013
24413000704,H31,44,131,천안시립노인요양원병설주야간보호센터,00,NORMAL SERVICE.,250,250,2,천안시립노인요양원병설주야간보호센터,H31,,,2,0,31236,041,557,7000,24413000704,20260501,24,441314547358,44,131,20260501
24420000370,H31,44,200,아산재활주간보호센터,00,NORMAL SERVICE.,101,580,4,아산재활주간보호센터,H31,,"2,3,4",1472,0,31513,041,531,4328,24420000370,20251101,00,442003015033,44,200,20251101
24427000153,H31,44,270,마실노인복지센터,00,NORMAL SERVICE.,390,390,3,마실노인복지센터,H31,,,25,0,31714,041,358,7770,24427000153,20181001,29,442704595559,44,270,20181001
24427000178,H31,44,270,온누리주야간보호센터,00,NORMAL SERVICE.,390,390,4,온누리주야간보호센터,H31,,,235,0,31716,041,355,1532,24427000178,20200521,25,442703265060,44,270,20200521
24477000023,H31,44,770,서천노인복지센터,00,NORMAL SERVICE.,253,253,3,서천노인복지센터,H31,343번지,,138,16,33641,041,952,3500,24477000023,20090112,31,447703260002,44,770,20050627
34476000049,I31,44,760,벧엘노인복지센터,00,NORMAL SERVICE.,440,440,4,벧엘노인복지센터,I31,785번지 12호,,22,0,33177,041,835,0876,34476000049,20100702,26,447604577339,44,760,20100701
34476000122,I31,44,760,부여노인주간보호센터,00,NORMAL SERVICE.,250,250,3,부여노인주간보호센터,I31,,5,86,0,33151,041,832,8855,34476000122,20191216,29,447603259094,44,760,20191216
34481000114,I31,44,810,내포주간보호센터,00,NORMAL SERVICE.,253,253,4,내포주간보호센터,I31,,,205,0,32416,041,338,8988,34481000114,20150601,27,448103263018,44,810,20150601
34476000049,I32,44,760,벧엘노인복지센터,00,NORMAL SERVICE.,440,440,4,벧엘노인복지센터,I32,785번지 12호,,22,0,33177,041,835,0876,34476000049,20100702,26,447604577339,44,760,20100701
14427000124,M31,44,270,당진전문요양원,00,NORMAL SERVICE.,360,360,3,당진전문요양원,M31,,,55,7,31756,041,352,3440,14427000124,20170101,30,442704595724,44,270,20170101
14482500118,M31,44,825,태안군립어르신돌봄센터,00,NORMAL SERVICE.,250,250,2,태안군립어르신돌봄센터,M31,,,24,0,32148,041,675,9812,14482500118,20240909,27,448254592167,44,825,20240909
14483000025,M31,44,270,실버프리 송악,00,NORMAL SERVICE.,253,253,3,실버프리 송악,M31,,,237,7,31736,041,356,1811,14483000025,20090210,00,442703265002,44,270,20090210
14483000068,M31,44,270,사회복지법인 참사랑복지재단 참사랑요양원,00,NORMAL SERVICE.,350,350,3,사회복지법인 참사랑복지재단 참사랑요양원,M31,,,38,112,31803,041,356,0518,14483000068,20110801,00,442704595469,44,270,20110801
14427000124,M32,44,270,당진전문요양원,00,NORMAL SERVICE.,360,360,3,당진전문요양원,M32,,,55,7,31756,041,352,3440,14427000124,20170101,30,442704595724,44,270,20170101
14482500118,M32,44,825,태안군립어르신돌봄센터,00,NORMAL SERVICE.,250,250,2,태안군립어르신돌봄센터,M32,,,24,0,32148,041,675,9812,14482500118,20240909,27,448254592167,44,825,20240909
14483000025,M32,44,270,실버프리 송악,00,NORMAL SERVICE.,253,253,3,실버프리 송악,M32,,,237,7,31736,041,356,1811,14483000025,20090210,00,442703265002,44,270,20090210
14427000124,M33,44,270,당진전문요양원,00,NORMAL SERVICE.,360,360,3,당진전문요양원,M33,,,55,7,31756,041,352,3440,14427000124,20170101,30,442704595724,44,270,20170101
14483000025,M33,44,270,실버프리 송악,00,NORMAL SERVICE.,253,253,3,실버프리 송악,M33,,,237,7,31736,041,356,1811,14483000025,20090210,00,442703265002,44,270,20090210
14427000124,M34,44,270,당진전문요양원,00,NORMAL SERVICE.,360,360,3,당진전문요양원,M34,,,55,7,31756,041,352,3440,14427000124,20170101,30,442704595724,44,270,20170101
14483000025,M34,44,270,실버프리 송악,00,NORMAL SERVICE.,253,253,3,실버프리 송악,M34,,,237,7,31736,041,356,1811,14483000025,20090210,00,442703265002,44,270,20090210
14427000124,M35,44,270,당진전문요양원,00,NORMAL SERVICE.,360,360,3,당진전문요양원,M35,,,55,7,31756,041,352,3440,14427000124,20170101,30,442704595724,44,270,20170101
14427000124,M36,44,270,당진전문요양원,00,NORMAL SERVICE.,360,360,3,당진전문요양원,M36,,,55,7,31756,041,352,3440,14427000124,20170101,30,442704595724,44,270,20170101
14711000004,A03,47,113,갈릴리마을,00,NORMAL SERVICE.,320,320,3,갈릴리마을,A03,,,496,0,37518,054,244,9091,14711000004,20080527,30,471134712264,47,113,20080307
14711000006,A03,47,111,포항위덕어르신마을,00,NORMAL SERVICE.,253,253,3,포항위덕어르신마을,A03,,,341,0,37654,054,278,2033,14711000006,20080529,28,471112000023,47,111,20080403
14711000008,A03,47,113,포항원광보은의집,00,NORMAL SERVICE.,118,680,3,포항원광보은의집,A03,,,36,0,37642,054,244,3844,14711000008,20080604,00,471134712396,47,113,20080403
14711000010,A03,47,111,햇빛마을,00,NORMAL SERVICE.,116,590,3,햇빛마을,A03,,,17,1,37661,054,274,7744,14711000010,20080609,00,471114709087,47,111,20010103
14711000015,A03,47,111,학계노인전문요양원,00,NORMAL SERVICE.,330,330,3,학계노인전문요양원,A03,,,127,0,37943,054,293,0669,14711000015,20080610,37,471114709615,47,111,20030208
14711000016,A03,47,111,유락원,00,NORMAL SERVICE.,330,330,3,유락원,A03,,,54,0,37944,054,276,1707,14711000016,20080610,32,471114709199,47,111,20070801
14711000388,A04,47,111,다예요양센터,00,NORMAL SERVICE.,256,256,4,다예요양센터,A04,,,10,3,37880,054,292,3304,14711000388,20180212,21,471114709607,47,111,20180212
14711000561,A04,47,111,부영노인요양공동생활가정,00,NORMAL SERVICE.,256,256,4,부영노인요양공동생활가정,A04,,2·3,86,42,37881,054,291,5511,14711000561,20211201,21,471113303003,47,111,20211201
14711000623,A04,47,111,포항 효 요양원,00,NORMAL SERVICE.,104,550,4,포항 효 요양원,A04,,,5,30,37733,054,254,8090,14711000623,20230701,00,471114709277,47,111,20230701
14713000016,A04,47,130,사랑의보금자리,00,NORMAL SERVICE.,340,340,4,사랑의보금자리,A04,,,436,14,38187,054,751,4966,14713000016,20080609,29,471304715287,47,130,20051104
14713000102,A04,47,130,낮은둥지공동체,00,NORMAL SERVICE.,340,340,4,낮은둥지공동체,A04,2910번지 13호,,242,14,38187,054,751,9911,14713000102,20100412,29,471303305074,47,130,20100406
24711000163,B01,47,113,실버힐 재가복지센터,00,NORMAL SERVICE.,117,665,3,실버힐 재가복지센터,B01,,,47,0,37752,054,282,2808,24711000163,20100209,00,471134712665,47,113,20100209
24711000182,B01,47,113,들꽃마을 노인복지센터,00,NORMAL SERVICE.,320,320,3,들꽃마을 노인복지센터,B01,618번지 8호,,277,8,37518,054,246,0030,24711000182,20101217,28,471134712484,47,113,20101210
24711000215,B01,47,111,유락원재가노인복지센터,00,NORMAL SERVICE.,330,330,3,유락원재가노인복지센터,B01,,,54,0,37944,054,276,1707,24711000215,20120813,32,471114709199,47,111,20120813
24711000494,B01,47,113,가온누리 복지센터,00,NORMAL SERVICE.,118,680,4,가온누리 복지센터,B01,,4,9,0,37642,054,277,9100,24711000494,20200626,00,471134712396,47,113,20200626
24711000496,B01,47,111,한결재가복지센터,00,NORMAL SERVICE.,105,560,4,한결재가복지센터,B01,,,50,13,37898,054,293,7188,24711000496,20200626,00,471114709581,47,111,20200623
24711000163,B02,47,113,실버힐 재가복지센터,00,NORMAL SERVICE.,117,665,3,실버힐 재가복지센터,B02,,,47,0,37752,054,282,2808,24711000163,20100209,00,471134712665,47,113,20100209
24711000215,B02,47,111,유락원재가노인복지센터,00,NORMAL SERVICE.,330,330,3,유락원재가노인복지센터,B02,,,54,0,37944,054,276,1707,24711000215,20120813,32,471114709199,47,111,20120813
24711000494,B02,47,113,가온누리 복지센터,00,NORMAL SERVICE.,118,680,4,가온누리 복지센터,B02,,4,9,0,37642,054,277,9100,24711000494,20200626,00,471134712396,47,113,20200626
24711000505,B02,47,113,은혜로재가복지센터,00,NORMAL SERVICE.,110,520,4,은혜로재가복지센터,B02,,1,90,0,37722,054,232,2008,24711000505,20201005,00,471133304008,47,113,20201005
24711000507,B02,47,111,보리재가복지센터,00,NORMAL SERVICE.,102,525,4,보리재가복지센터,B02,,,82,0,37822,054,274,4114,24711000507,20201005,00,471113303012,47,111,20201005
24711000011,B03,47,111,햇빛마을,00,NORMAL SERVICE.,116,590,3,햇빛마을,B03,,,17,1,37661,054,275,7745,24711000011,20080609,00,471114709087,47,111,20010110
24711000182,B03,47,113,들꽃마을 노인복지센터,00,NORMAL SERVICE.,320,320,3,들꽃마을 노인복지센터,B03,618번지 8호,,277,8,37518,054,246,0030,24711000182,20101217,28,471134712484,47,113,20101210
24711000267,B03,47,113,선재 주야간노인센터,00,NORMAL SERVICE.,103,520,3,선재 주야간노인센터,B03,,,4,0,37738,054,231,4445,24711000267,20141022,00,471134712711,47,113,20141022
24711000271,B03,47,111,효도마을 노인주간보호센터,00,NORMAL SERVICE.,102,525,3,효도마을 노인주간보호센터,B03,,,380,0,37821,054,243,1110,24711000271,20141101,00,471112303003,47,111,20141101
24711000487,B03,47,113,환호노인복지센터,00,NORMAL SERVICE.,123,710,4,환호노인복지센터,B03,,,33,1,37600,054,252,1857,24711000487,20200220,00,471134712901,47,113,20200220
24717000109,B04,47,170,혜성노인복지센터,00,NORMAL SERVICE.,137,555,3,혜성노인복지센터,B04,,,1462,23,36728,054,822,9052,24717000109,20151020,00,471703018013,47,170,20151020
24729028734,B04,47,290,보현노인복지센터,00,NORMAL SERVICE.,310,310,3,보현노인복지센터,B04,76번지 6호,,64,0,38414,053,851,8662,24729028734,20100115,26,472904739427,47,290,20100115
24773000054,B04,47,730,안계노인복지센터,00,NORMAL SERVICE.,430,430,3,안계노인복지센터,B04,913번지 9호,,45,0,37312,054,862,7900,24773000054,20080825,30,477304745377,47,730,20080825
24785000189,B04,47,850,드림주간보호센터,00,NORMAL SERVICE.,256,256,4,드림주간보호센터,B04,,,32,0,39844,054,972,0060,24785000189,20230401,23,478504766607,47,850,20230401
24790000392,B04,47,900,예천연꽃마을 재가노인복지센터,00,NORMAL SERVICE.,410,410,3,예천연꽃마을 재가노인복지센터,B04,,,58,46,36865,054,653,7714,24790000392,20260602,40,479004769048,47,900,20260602
24711000621,B05,47,113,우리동네 방문간호센터,00,NORMAL SERVICE.,120,690,4,우리동네 방문간호센터,B05,,4,14,0,37626,054,242,7806,24711000621,20230601,00,471133304009,47,113,20230601
24711000622,B05,47,113,우리방문간호센터,00,NORMAL SERVICE.,118,680,4,우리방문간호센터,B05,,1,87,0,37643,054,242,8425,24711000622,20230601,00,471133304022,47,113,20230601
24711000707,B05,47,111,돌보고 통합재가복지센터,00,NORMAL SERVICE.,256,256,4,돌보고 통합재가복지센터,B05,,,7,0,37909,070,4795,5455,24711000707,20251101,29,471114709658,47,111,20251101
24713000384,B05,47,130,오늘방문간호요양센터,00,NORMAL SERVICE.,124,621,4,오늘방문간호요양센터,B05,,,36,0,38087,054,624,0222,24713000384,20230727,00,471304716323,47,130,20230727
24713000467,B05,47,130,늘봄방문간호센터,00,NORMAL SERVICE.,124,621,4,늘봄방문간호센터,B05,,1,11,2,38084,054,621,0007,24713000467,20250529,00,471304716324,47,130,20250529
24711000494,B06,47,113,가온누리 복지센터,00,NORMAL SERVICE.,118,680,4,가온누리 복지센터,B06,,4,9,0,37642,054,277,9100,24711000494,20200626,00,471134712396,47,113,20200626
24711000514,B06,47,111,부림복지용구,00,NORMAL SERVICE.,104,550,4,부림복지용구,B06,,,4,0,37733,054,293,3088,24711000514,20201201,00,471114709282,47,111,20201201
24711000519,B06,47,111,딜라이트(보청기),00,NORMAL SERVICE.,114,580,4,딜라이트(보청기),B06,,2,7,0,37663,054,283,2977,24711000519,20210201,00,471114709727,47,111,20210201
24711000551,B06,47,113,선한이웃 복지용구 센터,00,NORMAL SERVICE.,116,655,4,선한이웃 복지용구 센터,B06,,,34,0,37774,054,274,8145,24711000551,20211001,00,471134712678,47,113,20211001
24711000595,B06,47,111,바른복지용구,00,NORMAL SERVICE.,101,525,4,바른복지용구,B06,,,26,1,37765,054,612,0127,24711000595,20221101,00,471114709543,47,111,20221101
34711000046,C01,47,113,죽장노인장기요양센타,00,NORMAL SERVICE.,350,350,4,죽장노인장기요양센타,C01,,,6,1,37507,054,243,2908,34711000046,20080703,00,471133304051,47,113,20080703
34711000054,C01,47,113,동국 방문요양센터,00,NORMAL SERVICE.,118,680,4,동국 방문요양센터,C01,,2,22,0,37701,054,273,5388,34711000054,20080714,00,471134712647,47,113,20080714
34711000065,C01,47,113,은혜재가요양센터,00,NORMAL SERVICE.,122,700,4,은혜재가요양센터,C01,,,22,44,37569,054,242,0691,34711000065,20080911,00,471134856667,47,113,20080911
34711000072,C01,47,113,한사랑노인복지센터,00,NORMAL SERVICE.,116,655,4,한사랑노인복지센터,C01,,3,38,0,37755,054,275,7720,34711000072,20081013,00,471134712661,47,113,20081013
34711000080,C01,47,113,기계 효 장기요양센터,00,NORMAL SERVICE.,340,340,4,기계 효 장기요양센터,C01,,2,3,0,37528,054,256,1555,34711000080,20081110,21,471133304001,47,113,20081110
34711000046,C02,47,113,죽장노인장기요양센타,00,NORMAL SERVICE.,350,350,4,죽장노인장기요양센타,C02,,,6,1,37507,054,243,2908,34711000046,20080703,00,471133304051,47,113,20080703
34711000054,C02,47,113,동국 방문요양센터,00,NORMAL SERVICE.,118,680,4,동국 방문요양센터,C02,,2,22,0,37701,054,273,5388,34711000054,20080714,00,471134712647,47,113,20080714
34711000065,C02,47,113,은혜재가요양센터,00,NORMAL SERVICE.,122,700,4,은혜재가요양센터,C02,,,22,44,37569,054,242,0691,34711000065,20080911,00,471134856667,47,113,20080911
34711000072,C02,47,113,한사랑노인복지센터,00,NORMAL SERVICE.,116,655,4,한사랑노인복지센터,C02,,3,38,0,37755,054,275,7720,34711000072,20081013,00,471134712661,47,113,20081013
34711000080,C02,47,113,기계 효 장기요양센터,00,NORMAL SERVICE.,340,340,4,기계 효 장기요양센터,C02,,2,3,0,37528,054,256,1555,34711000080,20081110,21,471133304001,47,113,20081110
34711000132,C03,47,111,평화의집 노인복지센터,00,NORMAL SERVICE.,104,550,4,평화의집 노인복지센터,C03,,,30,0,37797,054,610,3737,34711000132,20090916,00,471114709273,47,111,20090916
34711000135,C03,47,113,가장조은복지센터,00,NORMAL SERVICE.,121,700,4,가장조은복지센터,C03,,,20,0,37583,054,248,1112,34711000135,20090928,00,471134712200,47,113,20090928
34711000170,C03,47,111,선한이웃노인복지원,00,NORMAL SERVICE.,102,525,4,선한이웃노인복지원,C03,,1,13,8,37779,054,277,7785,34711000170,20100427,00,471114709094,47,111,20100427
34711000200,C03,47,111,해와달노인복지센터,00,NORMAL SERVICE.,256,256,4,해와달노인복지센터,C03,,,714,7,37901,054,278,9091,34711000200,20111221,00,471113303045,47,111,20111221
34711000273,C03,47,111,오천행복재가복지센터,00,NORMAL SERVICE.,256,256,4,오천행복재가복지센터,C03,,,28,1,37906,054,293,8511,34711000273,20141112,30,471114709654,47,111,20141112
34711000200,C04,47,111,해와달노인복지센터,00,NORMAL SERVICE.,256,256,4,해와달노인복지센터,C04,,,714,7,37901,054,278,9091,34711000200,20111221,00,471113303045,47,111,20111221
34719000188,C04,47,190,심청노인복지센터,00,NORMAL SERVICE.,105,565,4,심청노인복지센터,C04,,,188,0,39214,054,442,9991,34719000188,20111107,00,471903018024,47,190,20111107
34729028901,C04,47,290,(A+)황박사노치원,00,NORMAL SERVICE.,253,253,4,(A+)황박사노치원,C04,,,86,33,38499,053,856,0105,34729028901,20180911,43,472904739757,47,290,20180911
34711000054,C05,47,113,동국 방문요양센터,00,NORMAL SERVICE.,118,680,4,동국 방문요양센터,C05,,2,22,0,37701,054,273,5388,34711000054,20080714,00,471134712647,47,113,20080714
34711000227,C05,47,113,경북재가요양원,00,NORMAL SERVICE.,250,250,4,경북재가요양원,C05,,,1,0,37534,054,262,1200,34711000227,20130409,23,471134712424,47,113,20130409
34711000457,C05,47,113,소담방문간호센터,00,NORMAL SERVICE.,250,250,4,소담방문간호센터,C05,,2,1183,0,37562,054,293,8977,34711000457,20191001,47,471132000023,47,113,20191001
34711000458,C05,47,113,국민건강재가복지센터,00,NORMAL SERVICE.,117,665,4,국민건강재가복지센터,C05,,,84,1,37688,054,292,0190,34711000458,20191001,00,471133304028,47,113,20191001
34711000467,C05,47,113,한울재가복지센터,00,NORMAL SERVICE.,123,710,4,한울재가복지센터,C05,,1,487,1,37601,054,261,7698,34711000467,20191120,00,471133304014,47,113,20191120
34711000060,C06,47,113,동산보청기의료기상사,00,NORMAL SERVICE.,109,520,4,동산보청기의료기상사,C06,,,40,0,37723,054,246,2556,34711000060,20080826,00,471133304006,47,113,20080806
34711000094,C06,47,113,"파티마보조기,의료기백화점",00,NORMAL SERVICE.,101,520,4,"파티마보조기,의료기백화점",C06,,,84,0,37742,054,273,4503,34711000094,20090202,00,471133304027,47,113,20090202
34711000158,C06,47,111,미래복지재가센타,00,NORMAL SERVICE.,101,525,4,미래복지재가센타,C06,,,89,0,37768,054,282,2554,34711000158,20100203,00,471113303046,47,111,20100203
34711000181,C06,47,113,수메디칼,00,NORMAL SERVICE.,116,655,4,수메디칼,C06,639번지 3호,,544,0,37754,054,272,0681,34711000181,20101129,00,471132303001,47,113,20101129
34711000213,C06,47,113,주식회사 케어스토어,00,NORMAL SERVICE.,122,700,3,주식회사 케어스토어,C06,,,65,0,37596,054,231,6811,34711000213,20120802,00,471134712445,47,113,20120802
14713000104,G31,47,130,공영노인전문요양시설 사랑원,00,NORMAL SERVICE.,129,650,3,공영노인전문요양시설 사랑원,G31,941번지,,21,52,38201,054,777,2600,14713000104,20100517,00,471304715155,47,130,20100517
14713000370,G31,47,130,네스트빌요양원,00,NORMAL SERVICE.,114,590,4,네스트빌요양원,G31,,,6,8,38062,054,775,0125,14713000370,20230224,00,471304716182,47,130,20230224
14719000249,G31,47,190,노인요양시설 효구미실버힐,00,NORMAL SERVICE.,106,565,4,노인요양시설 효구미실버힐,G31,,,24,22,39307,054,454,3800,14719000249,20140804,00,471903308039,47,190,20140804
14721000003,G31,47,210,소망의집,00,NORMAL SERVICE.,110,510,3,소망의집,G31,,,234,0,36062,054,636,9793,14721000003,20080529,00,472104727559,47,210,19991130
14725000094,G31,47,250,상주연세실버타운,00,NORMAL SERVICE.,330,330,3,상주연세실버타운,G31,474번지,,841,0,37247,054,533,1600,14725000094,20110714,28,472503311045,47,250,20110712
14713000104,G32,47,130,공영노인전문요양시설 사랑원,00,NORMAL SERVICE.,129,650,3,공영노인전문요양시설 사랑원,G32,941번지,,21,52,38201,054,777,2600,14713000104,20100517,00,471304715155,47,130,20100517
14713000370,G32,47,130,네스트빌요양원,00,NORMAL SERVICE.,114,590,4,네스트빌요양원,G32,,,6,8,38062,054,775,0125,14713000370,20230224,00,471304716182,47,130,20230224
14729000004,G32,47,290,보현요양원,00,NORMAL SERVICE.,310,310,3,보현요양원,G32,,,64,1,38414,053,851,8661,14729000004,20080603,26,472904739427,47,290,20051226
14792000001,G32,47,920,봉화요양원,00,NORMAL SERVICE.,330,330,2,봉화요양원,G32,751번지,,33,15,36218,054,673,4654,14792000001,20080522,22,479204772006,47,920,19980728
14792000001,G33,47,920,봉화요양원,00,NORMAL SERVICE.,330,330,2,봉화요양원,G33,751번지,,33,15,36218,054,673,4654,14792000001,20080522,22,479204772006,47,920,19980728
14792000001,G34,47,920,봉화요양원,00,NORMAL SERVICE.,330,330,2,봉화요양원,G34,751번지,,33,15,36218,054,673,4654,14792000001,20080522,22,479204772006,47,920,19980728
24711000679,H31,47,113,포항휴주간보호센터,00,NORMAL SERVICE.,121,700,3,포항휴주간보호센터,H31,,,30,0,37594,054,610,0007,24711000679,20250301,00,471134712441,47,113,20250301
24713000311,H31,47,130,청우산대주간보호센터,00,NORMAL SERVICE.,253,253,3,청우산대주간보호센터,H31,,,126,9,38011,054,761,7500,24713000311,20220208,32,471304715128,47,130,20220208
24715000275,H31,47,150,김천나눔사회적협동조합,00,NORMAL SERVICE.,105,536,3,김천나눔사회적협동조합,H31,,,25,0,39608,054,430,5555,24715000275,20191220,00,471504718867,47,150,20191220
24715000340,H31,47,150,우리노인복지센터,00,NORMAL SERVICE.,113,595,4,우리노인복지센터,H31,,,1321,0,39571,054,436,4208,24715000340,20241001,00,471502306002,47,150,20241001
24717000003,H31,47,170,나천재가노인복지센터,00,NORMAL SERVICE.,136,660,3,나천재가노인복지센터,H31,355번지 10호,,342,0,36642,054,854,3200,24717000003,20080626,00,471703018013,47,170,19981228
24713000311,H32,47,130,청우산대주간보호센터,00,NORMAL SERVICE.,253,253,3,청우산대주간보호센터,H32,,,126,9,38011,054,761,7500,24713000311,20220208,32,471304715128,47,130,20220208
24717000003,H32,47,170,나천재가노인복지센터,00,NORMAL SERVICE.,136,660,3,나천재가노인복지센터,H32,355번지 10호,,342,0,36642,054,854,3200,24717000003,20080626,00,471703018013,47,170,19981228
24719000197,H32,47,190,은가람재가노인복지센터,00,NORMAL SERVICE.,250,250,3,은가람재가노인복지센터,H32,,,467,0,39108,054,481,5252,24719000197,20120803,31,471904724718,47,190,20120803
24719000477,H32,47,190,효구미노인복지센터,00,NORMAL SERVICE.,253,253,4,효구미노인복지센터,H32,,,200,0,39145,054,441,0365,24719000477,20230601,31,471903308050,47,190,20230601
24728000161,H32,47,280,미소치매전담형 주야간보호센터,00,NORMAL SERVICE.,110,610,4,미소치매전담형 주야간보호센터,H32,,,8,5,36978,054,553,9988,24728000161,20200925,00,472804736203,47,280,20200925
34711000450,I31,47,113,우현노인복지센터,00,NORMAL SERVICE.,118,680,4,우현노인복지센터,I31,,,69,32,37643,054,249,1120,34711000450,20190819,00,471133304022,47,113,20190819
34713000239,I31,47,130,경주어르신종합돌봄센터,00,NORMAL SERVICE.,108,550,4,경주어르신종합돌봄센터,I31,,"1, 2",319,0,38143,054,743,7771,34713000239,20190601,00,471303305009,47,130,20190601
34719000121,I31,47,190,주식회사참사랑,00,NORMAL SERVICE.,110,510,3,주식회사참사랑,I31,,,9,0,39271,054,452,1122,34719000121,20091028,00,471904724081,47,190,20091028
34790000024,I31,47,900,대경케어노인복지센터,00,NORMAL SERVICE.,250,250,4,대경케어노인복지센터,I31,,,168,13,36817,054,652,5033,34790000024,20100616,36,479003323001,47,900,20100616
34719000121,I32,47,190,주식회사참사랑,00,NORMAL SERVICE.,110,510,3,주식회사참사랑,I32,,,9,0,39271,054,452,1122,34719000121,20091028,00,471904724081,47,190,20091028
14711000453,M31,47,113,우현요양원,00,NORMAL SERVICE.,118,680,4,우현요양원,M31,,,69,32,37643,054,249,1120,14711000453,20190906,00,471133304022,47,113,20190906
14711000453,M32,47,113,우현요양원,00,NORMAL SERVICE.,118,680,4,우현요양원,M32,,,69,32,37643,054,249,1120,14711000453,20190906,00,471133304022,47,113,20190906
14713000134,S41,47,130,경주따뜻한집,00,NORMAL SERVICE.,330,330,4,경주따뜻한집,S41,,1,253,62,38195,054,775,0617,14713000134,20120713,31,471304715135,47,130,20120713
14721000195,S41,47,210,은빛둥지,00,NORMAL SERVICE.,370,370,4,은빛둥지,S41,,,27,40,36017,054,638,6353,14721000195,20191115,23,472104727700,47,210,20191115
14773000079,S41,47,730,금성산치매공동생활가정,00,NORMAL SERVICE.,370,370,3,금성산치매공동생활가정,S41,,,102,0,37353,054,833,2025,14773000079,20141201,36,477304745060,47,730,20141201
14811000005,A03,48,121,동진노인복지센터,00,NORMAL SERVICE.,250,250,3,동진노인복지센터,A03,493번지 1호,,517,14,51115,055,299,2233,14811000005,20080527,37,481213019001,48,121,20060904
14811000006,A03,48,121,주남요양센터,00,NORMAL SERVICE.,250,250,3,주남요양센터,A03,,,1016,0,51114,055,298,9974,14811000006,20080519,39,481213019001,48,121,20060228
14811000016,A03,48,121,창원성심요양원,00,NORMAL SERVICE.,310,310,3,창원성심요양원,A03,1234번지 12통 2반,,501,0,51104,055,299,6723,14811000016,20080529,32,481213327060,48,121,19981028
14811000017,A03,48,121,창원성심노인전문요양원,00,NORMAL SERVICE.,310,310,3,창원성심노인전문요양원,A03,,,499,42,51104,055,299,6911,14811000017,20080529,00,481213327060,48,121,20011101
14811000133,A03,48,121,다솜창원노인복지센터,00,NORMAL SERVICE.,250,250,3,다솜창원노인복지센터,A03,,,89,0,51136,055,251,0553,14811000133,20100301,00,481213327044,48,121,20100301
14812000197,A03,48,121,소답노인요양센터,00,NORMAL SERVICE.,104,510,4,소답노인요양센터,A03,,,27,2,51197,055,294,8512,14812000197,20111226,00,481214781517,48,121,20111226
14811000007,A04,48,121,수산자비선원 부설 자비마을,00,NORMAL SERVICE.,105,530,4,수산자비선원 부설 자비마을,A04,365번지 6호,,14,0,51162,055,237,4564,14811000007,20080529,00,481214781800,48,121,20070313
14811000023,A04,48,121,아름다운요양원,00,NORMAL SERVICE.,320,320,3,아름다운요양원,A04,119번지 10호,,602,0,51120,055,293,3452,14811000023,20080609,22,481213327011,48,121,20070131
14812000153,A04,48,121,온새미로요양원,00,NORMAL SERVICE.,124,530,4,온새미로요양원,A04,77번지 10호,,11,0,51174,055,238,1151,14812000153,20100824,00,481214781185,48,121,20100824
14812000180,A04,48,129,은빛노인센터,00,NORMAL SERVICE.,164,650,4,은빛노인센터,A04,1235번지 5호,,10,8,51604,055,552,5502,14812000180,20110601,00,481294793289,48,129,20110601
14812000189,A04,48,125,늘돌봄요양센터,00,NORMAL SERVICE.,128,570,4,늘돌봄요양센터,A04,117번지 6호,,11,0,51251,055,261,2004,14812000189,20110803,00,481254787548,48,125,20110803
14812000306,A04,48,129,에버그린 실버홈,00,NORMAL SERVICE.,164,650,4,에버그린 실버홈,A04,,,8,6,51610,055,546,5211,14812000306,20160205,00,481294793307,48,129,20160205
24811000030,B01,48,123,한빛노인복지센터,00,NORMAL SERVICE.,136,515,3,한빛노인복지센터,B01,45번지 1호,,208,0,51443,055,281,0684,24811000030,20080620,00,481233327026,48,123,20041118
24811000045,B01,48,123,희연재가커뮤니티케어센터,00,NORMAL SERVICE.,124,510,3,희연재가커뮤니티케어센터,B01,,,21,6,51420,055,270,9600,24811000045,20080711,00,481234784107,48,123,20080711
24811000063,B01,48,121,창원성심재가노인복지센터,00,NORMAL SERVICE.,310,310,3,창원성심재가노인복지센터,B01,1234번지 14호,,499,52,51104,055,299,9973,24811000063,20081118,32,481213327060,48,121,20080908
24812000200,B01,48,125,명진노인통합지원센터,00,NORMAL SERVICE.,310,310,3,명진노인통합지원센터,B01,,,335,1,51781,055,271,6023,24812000200,20120330,00,481254787188,48,125,20050831
24812000359,B01,48,121,안정재활재가센터,00,NORMAL SERVICE.,320,320,3,안정재활재가센터,B01,,,59,10,51123,055,292,9300,24812000359,20170727,25,481214781557,48,121,20170727
24812000415,B01,48,125,남가람 노인 통합지원센터,00,NORMAL SERVICE.,330,330,3,남가람 노인 통합지원센터,B01,,,64,11,51794,055,271,1181,24812000415,20181030,21,481254787726,48,125,20181030
24811000045,B02,48,123,희연재가커뮤니티케어센터,00,NORMAL SERVICE.,124,510,3,희연재가커뮤니티케어센터,B02,,,21,6,51420,055,270,9600,24811000045,20080711,00,481234784107,48,123,20080711
24812000359,B02,48,121,안정재활재가센터,00,NORMAL SERVICE.,320,320,3,안정재활재가센터,B02,,,59,10,51123,055,292,9300,24812000359,20170727,25,481214781557,48,121,20170727
24812000424,B02,48,123,태양재가노인복지센터,00,NORMAL SERVICE.,127,530,4,태양재가노인복지센터,B02,,,5,0,51495,055,275,1935,24812000424,20181205,00,481234784088,48,123,20181205
24812000435,B02,48,121,창원도우누리 노인통합재가센터,00,NORMAL SERVICE.,116,540,3,창원도우누리 노인통합재가센터,B02,,3,4,5,51157,055,286,9788,24812000435,20190114,00,481214781824,48,121,20190114
24812000437,B02,48,121,선일데이케어센터,00,NORMAL SERVICE.,125,540,4,선일데이케어센터,B02,,,53,0,51143,055,261,7573,24812000437,20190121,00,481213327024,48,121,20190121
24812000594,B02,48,121,다안재가복지센터,00,NORMAL SERVICE.,250,250,4,다안재가복지센터,B02,,2,6,0,51133,055,293,9333,24812000594,20200409,21,481214781538,48,121,20200330
24811000008,B03,48,121,동진소규모노인종합센터,00,NORMAL SERVICE.,250,250,3,동진소규모노인종합센터,B03,,,517,14,51115,055,299,2233,24811000008,20080527,37,481213019001,48,121,20080328
24811000030,B03,48,123,한빛노인복지센터,00,NORMAL SERVICE.,136,515,3,한빛노인복지센터,B03,45번지 1호,,208,0,51443,055,281,0684,24811000030,20080620,00,481233327026,48,123,20041118
24811000045,B03,48,123,희연재가커뮤니티케어센터,00,NORMAL SERVICE.,124,510,3,희연재가커뮤니티케어센터,B03,,,21,6,51420,055,270,9600,24811000045,20080711,00,481234784107,48,123,20080711
24812000359,B03,48,121,안정재활재가센터,00,NORMAL SERVICE.,320,320,3,안정재활재가센터,B03,,,59,10,51123,055,292,9300,24812000359,20170727,25,481214781557,48,121,20170727
24812000415,B03,48,125,남가람 노인 통합지원센터,00,NORMAL SERVICE.,330,330,3,남가람 노인 통합지원센터,B03,,,64,11,51794,055,271,1181,24812000415,20181030,21,481254787726,48,125,20181030
24812000424,B03,48,123,태양재가노인복지센터,00,NORMAL SERVICE.,127,530,4,태양재가노인복지센터,B03,,,5,0,51495,055,275,1935,24812000424,20181205,00,481234784088,48,123,20181205
24825000612,B04,48,250,큰나무주간보호센터,00,NORMAL SERVICE.,129,620,3,큰나무주간보호센터,B04,,"5, 6",26,0,50988,055,321,9888,24825000612,20241231,00,482504805365,48,250,20240927
24811000045,B05,48,123,희연재가커뮤니티케어센터,00,NORMAL SERVICE.,124,510,3,희연재가커뮤니티케어센터,B05,,,21,6,51420,055,270,9600,24811000045,20080711,00,481234784107,48,123,20080711
24812000624,B05,48,121,행복한재가방문요양센터,00,NORMAL SERVICE.,250,250,4,행복한재가방문요양센터,B05,,,875,0,51132,055,285,6394,24812000624,20201015,32,481212019001,48,121,20201006
24812000633,B05,48,127,백세행복노인복지센터 내서점,00,NORMAL SERVICE.,250,250,4,백세행복노인복지센터 내서점,B05,,,90,0,51240,055,232,1015,24812000633,20201215,29,481273330003,48,127,20201215
24812000768,B05,48,127,참방문간호요양센터,00,NORMAL SERVICE.,250,250,4,참방문간호요양센터,B05,,,66,10,51224,055,232,9818,24812000768,20230310,28,481273330009,48,127,20230216
24812000847,B05,48,121,창원 효사랑주간보호센터,00,NORMAL SERVICE.,127,540,3,창원 효사랑주간보호센터,B05,,,5,0,51176,055,265,7772,24812000847,20240422,00,481214781469,48,121,20240422
24812000850,B05,48,123,창원 효 방문간호재가센터,00,NORMAL SERVICE.,136,515,4,창원 효 방문간호재가센터,B05,,,55,0,51441,055,607,4902,24812000850,20240422,00,481233327031,48,123,20240422
24812000589,B06,48,121,우리복지의료기,00,NORMAL SERVICE.,103,510,4,우리복지의료기,B06,,,57,0,51195,055,261,5803,24812000589,20200320,00,481213327027,48,121,20200210
24812000611,B06,48,121,돌봄의료기복지용구,00,NORMAL SERVICE.,320,320,4,돌봄의료기복지용구,B06,,,581,0,51124,010,6383,0545,24812000611,20200615,24,481213327045,48,121,20200528
24812000636,B06,48,127,해피케어,00,NORMAL SERVICE.,104,545,4,해피케어,B06,,,6,0,51302,055,297,9016,24812000636,20210120,00,481273330007,48,127,20210106
24812000640,B06,48,121,세종메디,00,NORMAL SERVICE.,104,510,4,세종메디,B06,,1,25,0,51201,055,253,0107,24812000640,20210120,00,481214781535,48,121,20210120
24812000739,B06,48,127,해피한 복지용구사업소,00,NORMAL SERVICE.,101,600,4,해피한 복지용구사업소,B06,,,39,0,51204,010,2852,2000,24812000739,20220920,00,481274790047,48,127,20220920
24812000767,B06,48,125,효담 재가노인복지센터,00,NORMAL SERVICE.,117,630,4,효담 재가노인복지센터,B06,,1,73,0,51282,055,247,5060,24812000767,20230313,00,481254787196,48,125,20230313
34811000001,C01,48,121,설암재가노인복지센터,00,NORMAL SERVICE.,105,530,3,설암재가노인복지센터,C01,,,8,0,51165,055,276,5060,34811000001,20080523,00,481214781119,48,121,20080522
34811000048,C01,48,123,은광재가복지센터,00,NORMAL SERVICE.,111,520,4,은광재가복지센터,C01,,,32,0,51527,055,275,9307,34811000048,20080725,00,481234784176,48,123,20080725
34811000051,C01,48,123,새경남노인복지센터,00,NORMAL SERVICE.,136,515,4,새경남노인복지센터,C01,,4,42,0,51442,055,261,2980,34811000051,20080821,00,481233327032,48,123,20080820
34811000056,C01,48,121,예명 재가복지센터,00,NORMAL SERVICE.,105,530,4,예명 재가복지센터,C01,,,20,22,51167,055,238,0191,34811000056,20080916,00,481214781476,48,121,20080909
34811000067,C01,48,125,늘돌봄터,00,NORMAL SERVICE.,128,570,4,늘돌봄터,C01,117번지 6호,,11,0,51251,055,261,2004,34811000067,20090219,00,481254787548,48,125,20090213
34811000071,C01,48,123,영남방문요양센터,00,NORMAL SERVICE.,108,560,4,영남방문요양센터,C01,,,48,0,51545,055,274,3004,34811000071,20090305,00,481234784162,48,123,20090302
34811000001,C02,48,121,설암재가노인복지센터,00,NORMAL SERVICE.,105,530,3,설암재가노인복지센터,C02,,,8,0,51165,055,276,5060,34811000001,20080523,00,481214781119,48,121,20080522
34811000048,C02,48,123,은광재가복지센터,00,NORMAL SERVICE.,111,520,4,은광재가복지센터,C02,,,32,0,51527,055,275,9307,34811000048,20080725,00,481234784176,48,123,20080725
34811000051,C02,48,123,새경남노인복지센터,00,NORMAL SERVICE.,136,515,4,새경남노인복지센터,C02,,4,42,0,51442,055,261,2980,34811000051,20080821,00,481233327032,48,123,20080820
34811000056,C02,48,121,예명 재가복지센터,00,NORMAL SERVICE.,105,530,4,예명 재가복지센터,C02,,,20,22,51167,055,238,0191,34811000056,20080916,00,481214781476,48,121,20080909
34811000067,C02,48,125,늘돌봄터,00,NORMAL SERVICE.,128,570,4,늘돌봄터,C02,117번지 6호,,11,0,51251,055,261,2004,34811000067,20090219,00,481254787548,48,125,20090213
34811000071,C02,48,123,영남방문요양센터,00,NORMAL SERVICE.,108,560,4,영남방문요양센터,C02,,,48,0,51545,055,274,3004,34811000071,20090305,00,481234784162,48,123,20090302
34812000150,C03,48,125,경남다올노인복지센터,00,NORMAL SERVICE.,150,630,4,경남다올노인복지센터,C03,,5,5,0,51282,055,222,2909,34812000150,20100726,00,481253330034,48,125,20100726
34812000233,C03,48,121,소답노인장기요양센터,00,NORMAL SERVICE.,104,510,4,소답노인장기요양센터,C03,,,27,2,51197,055,261,9941,34812000233,20130601,00,481214781517,48,121,20130601
34812000260,C03,48,121,예본노인복지센터,00,NORMAL SERVICE.,105,530,4,예본노인복지센터,C03,,,13,0,51168,055,265,4274,34812000260,20140801,00,481214781741,48,121,20140801
34812000331,C03,48,129,사랑방 주.야간복지센터,00,NORMAL SERVICE.,142,600,4,사랑방 주.야간복지센터,C03,,,3,0,51637,055,603,6601,34812000331,20160922,00,481294793404,48,129,20160919
34812000358,C03,48,121,행복나눔재가장기요양기관,00,NORMAL SERVICE.,125,540,4,행복나눔재가장기요양기관,C03,,,4,9,51142,055,275,8222,34812000358,20170719,00,481214781303,48,121,20170719
34812000375,C03,48,125,한울노인복지기관,00,NORMAL SERVICE.,330,330,4,한울노인복지기관,C03,,,48,0,51794,055,271,6655,34812000375,20180302,21,481254787729,48,125,20180302
34825000252,C04,48,250,가나안노인복지센터,00,NORMAL SERVICE.,107,550,3,가나안노인복지센터,C04,,"5,6",27,0,50902,055,313,5242,34825000252,20170413,00,482504805863,48,250,20170413
34811000001,C05,48,121,설암재가노인복지센터,00,NORMAL SERVICE.,105,530,3,설암재가노인복지센터,C05,,,8,0,51165,055,276,5060,34811000001,20080523,00,481214781119,48,121,20080522
34812000263,C05,48,129,웅동방문간호요양센터,00,NORMAL SERVICE.,158,640,4,웅동방문간호요양센터,C05,,,12,0,51598,055,541,6600,34812000263,20140827,00,481294793333,48,129,20140827
34812000328,C05,48,127,푸른방문간호요양센터,00,NORMAL SERVICE.,250,250,4,푸른방문간호요양센터,C05,,,359,0,51214,055,231,1028,34812000328,20160822,23,481273330038,48,127,20160822
34812000573,C05,48,121,누림재가복지센터,00,NORMAL SERVICE.,105,530,4,누림재가복지센터,C05,,3,27,0,51163,055,282,7878,34812000573,20191216,00,481214781802,48,121,20191211
34816000145,C05,48,125,재가장기요양기관 새론,00,NORMAL SERVICE.,140,580,4,재가장기요양기관 새론,C05,,,416,0,51252,055,245,6699,34816000145,20100601,00,481253329011,48,125,20100601
34811000043,C06,48,121,정우의료기,00,NORMAL SERVICE.,129,520,4,정우의료기,C06,33번지 7호,,34,0,51393,055,288,8088,34811000043,20080702,00,481214781647,48,121,20080702
34811000084,C06,48,121,(주)한국메디칼,00,NORMAL SERVICE.,129,520,3,(주)한국메디칼,C06,136번지 11호,,20,0,51377,055,253,5071,34811000084,20090421,00,481214781767,48,121,20090421
34811000085,C06,48,121,국제의료기,00,NORMAL SERVICE.,127,540,4,국제의료기,C06,,,283,0,51176,055,288,4600,34811000085,20090421,00,481212327001,48,121,20090420
34811000105,C06,48,121,정동통상의료기,00,NORMAL SERVICE.,125,540,4,정동통상의료기,C06,,,10,9,51143,055,264,6999,34811000105,20090916,00,481214781297,48,121,20090916
34812000170,C06,48,127,(주)하울,00,NORMAL SERVICE.,104,540,3,(주)하울,C06,,,7,0,51304,070,8221,8250,34812000170,20110411,00,481274790165,48,127,20110411
14812000478,G31,48,129,효림요양원,00,NORMAL SERVICE.,157,640,3,효림요양원,G31,,,60,0,51615,055,547,6006,14812000478,20190601,00,481294793031,48,129,20190601
14812000781,G31,48,125,새론케어,00,NORMAL SERVICE.,140,580,4,새론케어,G31,,,416,0,51252,055,245,6696,14812000781,20230418,00,481253329011,48,125,20230418
14816000037,G31,48,127,창원삼계요양원,00,NORMAL SERVICE.,250,250,3,창원삼계요양원,G31,,,105,0,51220,055,232,6268,14816000037,20080710,28,481273330015,48,127,20080710
14817000013,G31,48,170,공덕의집 노인요양원,00,NORMAL SERVICE.,420,420,3,공덕의집 노인요양원,G31,,,241,5,52639,055,744,3800,14817000013,20080528,23,481703332057,48,170,20080527
14817000138,G31,48,170,반도노인요양원,00,NORMAL SERVICE.,430,430,3,반도노인요양원,G31,322번지,,644,14,52602,055,744,9191,14817000138,20100928,21,481703332041,48,170,20100928
14812000478,G32,48,129,효림요양원,00,NORMAL SERVICE.,157,640,3,효림요양원,G32,,,60,0,51615,055,547,6006,14812000478,20190601,00,481294793031,48,129,20190601
14816000037,G32,48,127,창원삼계요양원,00,NORMAL SERVICE.,250,250,3,창원삼계요양원,G32,,,105,0,51220,055,232,6268,14816000037,20080710,28,481273330015,48,127,20080710
14817000138,G32,48,170,반도노인요양원,00,NORMAL SERVICE.,430,430,3,반도노인요양원,G32,322번지,,644,14,52602,055,744,9191,14817000138,20100928,21,481703332041,48,170,20100928
14824000004,G32,48,240,사천노인전문요양원,00,NORMAL SERVICE.,127,595,3,사천노인전문요양원,G32,986번지,,150,0,52546,055,833,8829,14824000004,20080630,00,482404802647,48,240,20080630
14824000059,G32,48,240,사천행복요양원,00,NORMAL SERVICE.,122,595,3,사천행복요양원,G32,461번지 1호,,16,0,52547,055,835,4070,14824000059,20100301,00,482404802263,48,240,20100301
14816000037,G33,48,127,창원삼계요양원,00,NORMAL SERVICE.,250,250,3,창원삼계요양원,G33,,,105,0,51220,055,232,6268,14816000037,20080710,28,481273330015,48,127,20080710
24812000761,H31,48,121,희연치매전담형주간보호,00,NORMAL SERVICE.,105,530,3,희연치매전담형주간보호,H31,,,15,0,51165,055,270,9650,24812000761,20230113,00,481214781112,48,121,20230113
24822000113,H31,48,220,백세시대 청춘실버케어센터,00,NORMAL SERVICE.,340,340,3,백세시대 청춘실버케어센터,H31,,"2, 3",52,0,53014,055,648,4810,24822000113,20251024,24,482203333032,48,220,20251016
24824000006,H31,48,240,사천노인복지센터,00,NORMAL SERVICE.,122,595,3,사천노인복지센터,H31,461번지 1호,,16,0,52547,055,835,4070,24824000006,20080630,00,482404802263,48,240,20080630
24824000133,H31,48,240,사천기억학교,00,NORMAL SERVICE.,310,310,3,사천기억학교,H31,,,88,0,52523,055,854,5002,24824000133,20171205,24,482404802704,48,240,20171205
24825000536,H31,48,250,㈜케어링 주간보호센터 김해점,00,NORMAL SERVICE.,104,520,3,㈜케어링 주간보호센터 김해점,H31,,"2,3",44,25,50940,055,337,6585,24825000536,20230901,00,482504854522,48,250,20230721
24812000761,H32,48,121,희연치매전담형주간보호,00,NORMAL SERVICE.,105,530,3,희연치매전담형주간보호,H32,,,15,0,51165,055,270,9650,24812000761,20230113,00,481214781112,48,121,20230113
24822000113,H32,48,220,백세시대 청춘실버케어센터,00,NORMAL SERVICE.,340,340,3,백세시대 청춘실버케어센터,H32,,"2, 3",52,0,53014,055,648,4810,24822000113,20251024,24,482203333032,48,220,20251016
24833000238,H32,48,330,양산도우누리치매전문센터,00,NORMAL SERVICE.,104,510,3,양산도우누리치매전문센터,H32,,2,150,0,50616,055,384,6400,24833000238,20190904,00,483303338075,48,330,20190904
34817000220,I31,48,170,태성데이케어센터,00,NORMAL SERVICE.,128,720,4,태성데이케어센터,I31,4통 5반,,72,16,52654,055,743,5588,34817000220,20150902,00,481703332010,48,170,20150902
34827000171,I31,48,270,오이주간보호센터,00,NORMAL SERVICE.,340,340,4,오이주간보호센터,I31,,,1052,0,50415,055,355,7080,34827000171,20190605,28,482703336029,48,270,20190605
14887000034,M31,48,870,연꽃노인요양원,00,NORMAL SERVICE.,250,250,3,연꽃노인요양원,M31,143번지 7호,,983,17,50044,055,964,5577,14887000034,20090612,28,488703346025,48,870,20090612
14888000099,M31,48,880,거창시니어카운티,00,NORMAL SERVICE.,390,390,2,거창시니어카운티,M31,,,2997,0,50153,055,943,7779,14888000099,20240807,26,488803019076,48,880,20240729
14811000081,S41,48,121,그린힐 치매전문요양센터,00,NORMAL SERVICE.,320,320,3,그린힐 치매전문요양센터,S41,199번지,,24,0,51125,055,299,8955,14811000081,20090416,29,481214781257,48,121,20090416
14817000162,S41,48,170,효원실버그룹홈,00,NORMAL SERVICE.,440,440,4,효원실버그룹홈,S41,66번지,,779,9,52641,055,746,4041,14817000162,20110929,25,481703332005,48,170,20110929
14817000180,S41,48,170,효원실버그룹홈2호,00,NORMAL SERVICE.,440,440,4,효원실버그룹홈2호,S41,,,779,7,52641,055,742,8898,14817000180,20130430,25,481703332005,48,170,20130430
14817000233,S41,48,170,효원실버그룹홈3호,00,NORMAL SERVICE.,440,440,4,효원실버그룹홈3호,S41,,,779,5,52641,055,742,8891,14817000233,20160104,25,481703332005,48,170,20160104
14833000226,S41,48,330,풀꽃사랑채,00,NORMAL SERVICE.,121,570,4,풀꽃사랑채,S41,,,227,1,50540,055,365,2720,14833000226,20190409,00,483303338020,48,330,20190409
15011000001,A03,50,110,한경원광소규모요양시설,00,NORMAL SERVICE.,310,310,3,한경원광소규모요양시설,A03,,,33,0,63008,064,772,5857,15011000001,20080509,23,501104847082,50,110,20070615
15011000005,A03,50,110,제주요양원,00,NORMAL SERVICE.,138,670,3,제주요양원,A03,,,68,1,63076,064,747,8338,15011000005,20080602,00,501104848623,50,110,19920301
15011000006,A03,50,110,주사랑요양원,00,NORMAL SERVICE.,253,253,3,주사랑요양원,A03,,,76,26,63044,064,799,9889,15011000006,20080602,00,501103349127,50,110,20040504
15011000010,A03,50,110,성이시돌요양원,00,NORMAL SERVICE.,250,250,3,성이시돌요양원,A03,,,60,0,63021,064,796,0037,15011000010,20080603,25,501103020010,50,110,20030630
15011000011,A03,50,110,소망요양원,00,NORMAL SERVICE.,256,256,3,소망요양원,A03,,,150,0,63348,064,782,0555,15011000011,20080603,00,501104847578,50,110,20040504
15011000012,A03,50,110,세화요양원,00,NORMAL SERVICE.,256,256,3,세화요양원,A03,,,7,1,63361,064,782,1595,15011000012,20080603,00,501104848021,50,110,20050728
15011000013,A03,50,110,보은의집,00,NORMAL SERVICE.,120,640,3,보은의집,A03,,,46,80,63144,064,713,0461,15011000013,20080603,00,501103349145,50,110,20040426
15011000015,A03,50,110,제주태고원,00,NORMAL SERVICE.,112,600,3,제주태고원,A03,,,55,0,63305,064,726,5225,15011000015,20080604,00,501104847328,50,110,20050126
15011000163,A04,50,110,서부요양원,00,NORMAL SERVICE.,250,250,3,서부요양원,A04,4556번지 1호,,285,0,63022,064,796,6780,15011000163,20111018,29,501103349210,50,110,20111018
15011000165,A04,50,110,서부노인요양원,00,NORMAL SERVICE.,250,250,3,서부노인요양원,A04,,,285,0,63022,064,796,6780,15011000165,20111121,29,501103349210,50,110,20111121
15011000200,A04,50,110,아름마을 요양원,00,NORMAL SERVICE.,120,640,4,아름마을 요양원,A04,,,22,0,63145,064,900,3224,15011000200,20130524,00,501104848269,50,110,20130524
15011000202,A04,50,110,둥지노인요양공동생활가정,00,NORMAL SERVICE.,101,510,4,둥지노인요양공동생활가정,A04,,2,19,1,63278,064,757,5347,15011000202,20130708,00,501103349056,50,110,20130708
15011000256,A04,50,110,동문요양원,00,NORMAL SERVICE.,101,510,4,동문요양원,A04,,3층,19,1,63278,064,757,5348,15011000256,20151120,00,501103349056,50,110,20151120
15011000264,A04,50,110,낭그늘요양원,00,NORMAL SERVICE.,101,510,4,낭그늘요양원,A04,,4,19,1,63278,064,702,6860,15011000264,20160920,00,501103349056,50,110,20160920
15011000320,A04,50,110,신촌실버복지센터,00,NORMAL SERVICE.,259,259,4,신촌실버복지센터,A04,,,8,0,63337,064,783,2928,15011000320,20210512,21,501104848170,50,110,20210325
15011000422,A04,50,110,어르신요양가정 효누리,00,NORMAL SERVICE.,310,310,4,어르신요양가정 효누리,A04,,,740,0,63005,064,773,1082,15011000422,20251224,30,501103349150,50,110,20251128
25011000003,B01,50,110,동제주노인복지센터,00,NORMAL SERVICE.,256,256,3,동제주노인복지센터,B01,,,15,0,63360,064,782,8353,25011000003,20080526,33,501104848918,50,110,20060106
25011000004,B01,50,110,은빛마을노인복지센터,00,NORMAL SERVICE.,259,259,3,은빛마을노인복지센터,B01,,,42,0,63333,064,784,3999,25011000004,20080529,24,501104849044,50,110,20060601
25011000008,B01,50,110,제주원광재가노인복지센터,00,NORMAL SERVICE.,253,253,3,제주원광재가노인복지센터,B01,,,19,0,63051,064,799,7785,25011000008,20080602,41,501104848967,50,110,19960906
25011000026,B01,50,110,제주노인복지센터,00,NORMAL SERVICE.,138,670,3,제주노인복지센터,B01,,,68,1,63076,064,746,8336,25011000026,20080619,00,501104848623,50,110,20040915
25011000082,B01,50,110,주사랑소규모요양원,00,NORMAL SERVICE.,253,253,3,주사랑소규모요양원,B01,,,76,26,63044,064,799,0855,25011000082,20090205,00,501103349127,50,110,20090205
25011000087,B01,50,110,성안노인복지센터,00,NORMAL SERVICE.,117,630,3,성안노인복지센터,B01,2349번지 1호,,470,0,63236,064,724,1282,25011000087,20090401,00,501103349184,50,110,20090401
25011000124,B01,50,110,전원요양원,00,NORMAL SERVICE.,118,630,3,전원요양원,B01,1565번지 3호,,20,16,63246,064,758,5788,25011000124,20100323,00,501104847334,50,110,20100323
25011000298,B01,50,110,한림주간보호센터,00,NORMAL SERVICE.,250,250,3,한림주간보호센터,B01,,,55,0,63014,064,796,0930,25011000298,20190509,26,501104847629,50,110,20190509
25011000002,B02,50,110,한경원광소규모요양시설,00,NORMAL SERVICE.,310,310,3,한경원광소규모요양시설,B02,,,33,0,63008,064,772,5857,25011000002,20080509,23,501104847082,50,110,20070615
25011000003,B02,50,110,동제주노인복지센터,00,NORMAL SERVICE.,256,256,3,동제주노인복지센터,B02,,,15,0,63360,064,782,8353,25011000003,20080526,33,501104848918,50,110,20060106
25011000004,B02,50,110,은빛마을노인복지센터,00,NORMAL SERVICE.,259,259,3,은빛마을노인복지센터,B02,,,42,0,63333,064,784,3999,25011000004,20080529,24,501104849044,50,110,20060601
25011000008,B02,50,110,제주원광재가노인복지센터,00,NORMAL SERVICE.,253,253,3,제주원광재가노인복지센터,B02,,,19,0,63051,064,799,7785,25011000008,20080602,41,501104848967,50,110,19960906
25011000026,B02,50,110,제주노인복지센터,00,NORMAL SERVICE.,138,670,3,제주노인복지센터,B02,,,68,1,63076,064,746,8336,25011000026,20080619,00,501104848623,50,110,20040915
25011000082,B02,50,110,주사랑소규모요양원,00,NORMAL SERVICE.,253,253,3,주사랑소규모요양원,B02,,,76,26,63044,064,799,0855,25011000082,20090205,00,501103349127,50,110,20090205
25011000087,B02,50,110,성안노인복지센터,00,NORMAL SERVICE.,117,630,3,성안노인복지센터,B02,2349번지 1호,,470,0,63236,064,724,1282,25011000087,20090401,00,501103349184,50,110,20090401
25011000124,B02,50,110,전원요양원,00,NORMAL SERVICE.,118,630,3,전원요양원,B02,1565번지 3호,,20,16,63246,064,758,5788,25011000124,20100323,00,501104847334,50,110,20100323
25011000002,B03,50,110,한경원광소규모요양시설,00,NORMAL SERVICE.,310,310,3,한경원광소규모요양시설,B03,,,33,0,63008,064,772,5857,25011000002,20080509,23,501104847082,50,110,20070615
25011000004,B03,50,110,은빛마을노인복지센터,00,NORMAL SERVICE.,259,259,3,은빛마을노인복지센터,B03,,,42,0,63333,064,784,3999,25011000004,20080529,24,501104849044,50,110,20060601
25011000008,B03,50,110,제주원광재가노인복지센터,00,NORMAL SERVICE.,253,253,3,제주원광재가노인복지센터,B03,,,19,0,63051,064,799,7785,25011000008,20080602,41,501104848967,50,110,19960906
25011000036,B03,50,110,삼양소규모노인종합센터,00,NORMAL SERVICE.,113,610,3,삼양소규모노인종합센터,B03,,,56,0,63314,064,900,7700,25011000036,20080624,00,501104847946,50,110,20071011
25011000080,B03,50,110,제광원소규모요양시설,00,NORMAL SERVICE.,120,640,3,제광원소규모요양시설,B03,269번지,,57,10,63144,064,749,0856,25011000080,20090114,00,501103349145,50,110,20090114
25011000082,B03,50,110,주사랑소규모요양원,00,NORMAL SERVICE.,253,253,3,주사랑소규모요양원,B03,,,76,26,63044,064,799,0855,25011000082,20090205,00,501103349127,50,110,20090205
25011000091,B03,50,110,노인복지센터 연화원,00,NORMAL SERVICE.,120,640,3,노인복지센터 연화원,B03,2071번지,,17,6,63145,064,747,2681,25011000091,20090422,00,501104848269,50,110,20090422
25011000124,B03,50,110,전원요양원,00,NORMAL SERVICE.,118,630,3,전원요양원,B03,1565번지 3호,,20,16,63246,064,758,5788,25011000124,20100323,00,501104847334,50,110,20100323
25013000127,B04,50,130,서귀포공립요양원 주간보호센터,00,NORMAL SERVICE.,253,253,2,서귀포공립요양원 주간보호센터,B04,,,7166,1,63619,064,764,1777,25013000127,20220302,21,501303349235,50,130,20220222
25011000314,B05,50,110,한울재가복지센터,00,NORMAL SERVICE.,137,650,4,한울재가복지센터,B05,,,34,0,63118,064,712,0608,25011000314,20200521,00,501103349137,50,110,20200504
25011000342,B05,50,110,올레재가복지센터,00,NORMAL SERVICE.,108,570,4,올레재가복지센터,B05,,지하1,120,0,63174,064,702,8421,25011000342,20220331,00,501103349152,50,110,20220218
25011000356,B05,50,110,제주두성통합재가센터,00,NORMAL SERVICE.,105,550,4,제주두성통합재가센터,B05,,2,44,0,63176,064,901,4077,25011000356,20221031,00,501103349176,50,110,20220923
25011000396,B05,50,110,이웃집재가복지센터,00,NORMAL SERVICE.,259,259,4,이웃집재가복지센터,B05,,,255,0,63331,064,723,0421,25011000396,20240718,23,501103349112,50,110,20240531
25011000398,B05,50,110,나무재가복지센터,00,NORMAL SERVICE.,250,250,4,나무재가복지센터,B05,,,389,0,63011,064,796,0401,25011000398,20241226,31,501103349208,50,110,20240822
25011000402,B05,50,110,돌담재가노인복지센터,00,NORMAL SERVICE.,125,680,4,돌담재가노인복지센터,B05,,1,15,0,63108,064,748,7245,25011000402,20250513,00,501104847704,50,110,20250311
25011000405,B05,50,110,수호통합재가복지센터,00,NORMAL SERVICE.,250,250,4,수호통합재가복지센터,B05,,,100,0,63032,064,805,0013,25011000405,20250513,24,501103349209,50,110,20250401
25011000334,B06,50,110,한라복지용구센터,00,NORMAL SERVICE.,113,610,4,한라복지용구센터,B06,,1,20,1,63316,064,757,6700,25011000334,20211102,00,501103349163,50,110,20210901
25011000346,B06,50,110,설문대 복지용구,00,NORMAL SERVICE.,108,570,4,설문대 복지용구,B06,,1,6,1,63175,064,721,7282,25011000346,20220429,00,501103349176,50,110,20220419
25011000348,B06,50,110,나눔복지용구센터,00,NORMAL SERVICE.,102,520,4,나눔복지용구센터,B06,,,535,0,63259,064,900,6332,25011000348,20220530,00,501103349137,50,110,20220429
25011000353,B06,50,110,하나노인복지센터,00,NORMAL SERVICE.,104,540,4,하나노인복지센터,B06,,1,37,0,63216,064,900,3384,25011000353,20220923,00,501103349001,50,110,20220824
25011000360,B06,50,110,중앙로복지용구센터,00,NORMAL SERVICE.,103,530,4,중앙로복지용구센터,B06,,1,91,0,63192,064,723,5011,25011000360,20230227,00,501103349184,50,110,20230202
25011000372,B06,50,110,그린메디복지용구,00,NORMAL SERVICE.,122,660,4,그린메디복지용구,B06,,1,5,0,63105,064,805,7555,25011000372,20230609,00,501104847218,50,110,20230504
25011000383,B06,50,110,제주케어메디칼,00,NORMAL SERVICE.,102,520,4,제주케어메디칼,B06,,1,28,0,63268,064,757,7927,25011000383,20230922,00,501104847840,50,110,20230830
25011000391,B06,50,110,제주 진심돌봄 통합재가복지센터,00,NORMAL SERVICE.,117,630,4,제주 진심돌봄 통합재가복지센터,B06,,1,21,0,63248,064,726,9088,25011000391,20231222,00,501104848610,50,110,20231121
35011000017,C01,50,110,세모바퀴재가장기요양기관,00,NORMAL SERVICE.,259,259,4,세모바퀴재가장기요양기관,C01,,,262,0,63331,064,783,3393,35011000017,20080611,23,501103349112,50,110,20080611
35011000019,C01,50,110,엔젤방문요양지원센터,00,NORMAL SERVICE.,259,259,3,엔젤방문요양지원센터,C01,,,87,0,63334,064,784,5064,35011000019,20080612,24,501103349216,50,110,20080603
35011000031,C01,50,110,제주방문간호센터,00,NORMAL SERVICE.,104,540,4,제주방문간호센터,C01,,3,417,0,63210,064,723,1096,35011000031,20080623,00,501103349137,50,110,20080623
35011000051,C01,50,110,힘찬노인복지센터,00,NORMAL SERVICE.,111,600,4,힘찬노인복지센터,C01,,,50,0,63290,064,721,0691,35011000051,20080704,00,501103349185,50,110,20080704
35011000062,C01,50,110,참사랑재가장기요양기관,00,NORMAL SERVICE.,102,520,4,참사랑재가장기요양기관,C01,409번지 8호,,105,0,63255,064,757,8106,35011000062,20080811,00,501103349007,50,110,20080811
35011000067,C01,50,110,진영노인복지센터,00,NORMAL SERVICE.,259,259,4,진영노인복지센터,C01,,1,3,0,63333,064,784,0955,35011000067,20080916,24,501104849056,50,110,20080911
35011000073,C01,50,110,행복한재가요양기관,00,NORMAL SERVICE.,103,530,4,행복한재가요양기관,C01,,,17,0,63193,064,721,0650,35011000073,20081027,00,501104848770,50,110,20081027
35011000098,C01,50,110,효심노인복지센터,00,NORMAL SERVICE.,107,590,4,효심노인복지센터,C01,670번지 19호,,20,0,63283,064,756,9300,35011000098,20090515,00,501104847787,50,110,20090515
35011000017,C02,50,110,세모바퀴재가장기요양기관,00,NORMAL SERVICE.,259,259,4,세모바퀴재가장기요양기관,C02,,,262,0,63331,064,783,3393,35011000017,20080611,23,501103349112,50,110,20080611
35011000019,C02,50,110,엔젤방문요양지원센터,00,NORMAL SERVICE.,259,259,3,엔젤방문요양지원센터,C02,,,87,0,63334,064,784,5064,35011000019,20080612,24,501103349216,50,110,20080603
35011000031,C02,50,110,제주방문간호센터,00,NORMAL SERVICE.,104,540,4,제주방문간호센터,C02,,3,417,0,63210,064,723,1096,35011000031,20080623,00,501103349137,50,110,20080623
35011000051,C02,50,110,힘찬노인복지센터,00,NORMAL SERVICE.,111,600,4,힘찬노인복지센터,C02,,,50,0,63290,064,721,0691,35011000051,20080704,00,501103349185,50,110,20080704
35011000098,C02,50,110,효심노인복지센터,00,NORMAL SERVICE.,107,590,4,효심노인복지센터,C02,670번지 19호,,20,0,63283,064,756,9300,35011000098,20090515,00,501104847787,50,110,20090515
35011000099,C02,50,110,참된장기요양기관,00,NORMAL SERVICE.,102,520,3,참된장기요양기관,C02,,2,44,0,63272,064,723,1326,35011000099,20090518,00,501103349007,50,110,20090518
35011000136,C02,50,110,탐라노인복지센터,00,NORMAL SERVICE.,253,253,4,탐라노인복지센터,C02,,,18,0,63051,064,748,0003,35011000136,20100803,41,501104847448,50,110,20100803
35011000140,C02,50,110,한마음복지센터,00,NORMAL SERVICE.,117,630,4,한마음복지센터,C02,,,1,0,63248,064,724,9963,35011000140,20100930,00,501104848603,50,110,20100930
35011000096,C03,50,110,저청노인복지센터,00,NORMAL SERVICE.,310,310,3,저청노인복지센터,C03,425번지 5호,,3577,0,63006,064,773,2010,35011000096,20090501,21,501103349239,50,110,20090501
35011000098,C03,50,110,효심노인복지센터,00,NORMAL SERVICE.,107,590,4,효심노인복지센터,C03,670번지 19호,,20,0,63283,064,756,9300,35011000098,20090515,00,501104847787,50,110,20090515
35011000114,C03,50,110,탐모라노인복지센터,00,NORMAL SERVICE.,110,580,4,탐모라노인복지센터,C03,,,11,1,63150,064,722,7856,35011000114,20091211,00,501104848421,50,110,20091208
35011000136,C03,50,110,탐라노인복지센터,00,NORMAL SERVICE.,253,253,4,탐라노인복지센터,C03,,,18,0,63051,064,748,0003,35011000136,20100803,41,501104847448,50,110,20100803
35011000188,C03,50,110,다솜노인종합복지센터,00,NORMAL SERVICE.,250,250,4,다솜노인종합복지센터,C03,,,127,0,63025,064,799,9091,35011000188,20121217,21,501104847262,50,110,20121213
35011000218,C03,50,110,다올주야간보호센터,00,NORMAL SERVICE.,136,630,3,다올주야간보호센터,C03,,,6,3,63308,064,757,0988,35011000218,20140103,00,501104847428,50,110,20140103
35011000230,C03,50,110,다원노인복지센터,00,NORMAL SERVICE.,117,630,4,다원노인복지센터,C03,,,3,0,63236,064,713,2022,35011000230,20140929,00,501104847238,50,110,20140929
35011000234,C03,50,110,오라노인주간보호센터,00,NORMAL SERVICE.,120,640,4,오라노인주간보호센터,C03,,,19,0,63145,064,712,8136,35011000234,20141112,00,501104847802,50,110,20141112
35011000031,C05,50,110,제주방문간호센터,00,NORMAL SERVICE.,104,540,4,제주방문간호센터,C05,,3,417,0,63210,064,723,1096,35011000031,20080623,00,501103349137,50,110,20080623
35011000099,C05,50,110,참된장기요양기관,00,NORMAL SERVICE.,102,520,3,참된장기요양기관,C05,,2,44,0,63272,064,723,1326,35011000099,20090518,00,501103349007,50,110,20090518
35011000235,C05,50,110,반딧불복지센터,00,NORMAL SERVICE.,129,540,4,반딧불복지센터,C05,,,35,4,63201,064,726,2403,35011000235,20150205,00,501104847888,50,110,20150205
35011000296,C05,50,110,간호사가 여는  빛사랑통합돌봄재활센터,00,NORMAL SERVICE.,137,650,4,간호사가 여는  빛사랑통합돌봄재활센터,C05,,1,19,0,63120,064,713,2100,35011000296,20190403,00,501104848266,50,110,20190403
35011000051,C06,50,110,힘찬노인복지센터,00,NORMAL SERVICE.,111,600,4,힘찬노인복지센터,C06,,,50,0,63290,064,721,0691,35011000051,20080704,00,501103349185,50,110,20080704
35011000077,C06,50,110,한라의료기,00,NORMAL SERVICE.,107,590,4,한라의료기,C06,,,69,0,63279,064,722,2999,35011000077,20081203,00,501103349056,50,110,20081202
35011000089,C06,50,110,행복나눔(복지용구),00,NORMAL SERVICE.,104,540,4,행복나눔(복지용구),C06,1130번지 8호,,44,0,63212,064,726,1209,35011000089,20090409,00,501103349001,50,110,20090409
35011000101,C06,50,110,노인복지용구사업소,00,NORMAL SERVICE.,111,600,4,노인복지용구사업소,C06,,,96,0,63296,064,746,8291,35011000101,20090609,00,501103349235,50,110,20090609
35011000149,C06,50,110,효드림노인복지센터,00,NORMAL SERVICE.,105,550,4,효드림노인복지센터,C06,,,132,0,63172,064,746,8523,35011000149,20110131,00,501103349037,50,110,20110131
35011000161,C06,50,110,빛사랑복지센터,00,NORMAL SERVICE.,111,600,4,빛사랑복지센터,C06,,,14,0,63298,064,713,0999,35011000161,20110630,00,501104848871,50,110,20110630
35011000162,C06,50,110,제주의료복지용구기관,00,NORMAL SERVICE.,138,670,4,제주의료복지용구기관,C06,,,223,0,63076,064,727,0103,35011000162,20111007,00,501103349161,50,110,20111007
15011000131,G31,50,110,제주특별자치도립노인요양원,00,NORMAL SERVICE.,117,630,2,제주특별자치도립노인요양원,G31,4번지 17호,,10,0,63243,064,726,1162,15011000131,20100615,00,501104847814,50,110,20100615
15011000245,G31,50,110,정효원,00,NORMAL SERVICE.,130,610,3,정효원,G31,,,132,14,63328,064,722,5171,15011000245,20150521,00,501104847020,50,110,20150521
15011000131,G32,50,110,제주특별자치도립노인요양원,00,NORMAL SERVICE.,117,630,2,제주특별자치도립노인요양원,G32,4번지 17호,,10,0,63243,064,726,1162,15011000131,20100615,00,501104847814,50,110,20100615
15011000245,G32,50,110,정효원,00,NORMAL SERVICE.,130,610,3,정효원,G32,,,132,14,63328,064,722,5171,15011000245,20150521,00,501104847020,50,110,20150521
25011000328,H31,50,110,제주특별자치도립노인요양원 부설 주야간보호센터,00,NORMAL SERVICE.,117,630,2,제주특별자치도립노인요양원 부설 주야간보호센터,H31,,2,10,0,63243,064,721,1161,25011000328,20210801,00,501104847814,50,110,20210801
25013000127,H31,50,130,서귀포공립요양원 주간보호센터,00,NORMAL SERVICE.,253,253,2,서귀포공립요양원 주간보호센터,H31,,,7166,1,63619,064,764,1777,25013000127,20220302,21,501303349235,50,130,20220222
25011000328,H32,50,110,제주특별자치도립노인요양원 부설 주야간보호센터,00,NORMAL SERVICE.,117,630,2,제주특별자치도립노인요양원 부설 주야간보호센터,H32,,2,10,0,63243,064,721,1161,25011000328,20210801,00,501104847814,50,110,20210801
15013000123,M31,50,130,서귀포공립요양원,00,NORMAL SERVICE.,253,253,2,서귀포공립요양원,M31,,,7166,0,63619,064,764,7166,15013000123,20200703,21,501303349235,50,130,20200629
15013000123,M32,50,130,서귀포공립요양원,00,NORMAL SERVICE.,253,253,2,서귀포공립요양원,M32,,,7166,0,63619,064,764,7166,15013000123,20200703,21,501303349235,50,130,20200629
14211000010,A03,51,110,양지노인마을,00,NORMAL SERVICE.,250,250,3,양지노인마을,A03,359번지,,44,0,24202,033,243,9115,14211000010,20080624,26,511104454587,51,110,20050318
14211000011,A03,51,110,연화마을,00,NORMAL SERVICE.,330,330,3,연화마을,A03,612번지 2호,,111,0,24411,033,261,9300,14211000011,20080624,22,511104454398,51,110,20050830
14211000014,A03,51,110,춘천원광효도의집,00,NORMAL SERVICE.,400,400,3,춘천원광효도의집,A03,584번지,,90,0,24465,033,262,4438,14211000014,20080624,24,511104454646,51,110,20050921
14211000019,A03,51,110,춘천시립요양원,00,NORMAL SERVICE.,124,650,2,춘천시립요양원,A03,,,4,51,24417,033,261,9658,14211000019,20080625,00,511104454443,51,110,19950101
14211000038,A03,51,110,엘림원,00,NORMAL SERVICE.,250,250,4,엘림원,A03,,,103,0,24206,033,241,1259,14211000038,20080701,00,511104454583,51,110,20080403
14211000124,A03,51,110,소망의집,00,NORMAL SERVICE.,110,530,3,소망의집,A03,,,17,0,24355,033,252,9497,14211000124,20100301,00,511104454661,51,110,20100301
14211000120,A04,51,110,춘천평화노인마을,00,NORMAL SERVICE.,330,330,4,춘천평화노인마을,A04,434번지 1호,,359,25,24411,033,261,7007,14211000120,20100113,23,511104454769,51,110,20100113
14211000130,A04,51,110,예다온,00,NORMAL SERVICE.,126,675,4,예다온,A04,553번지 3호,,26,0,24457,033,262,2688,14211000130,20100713,00,511104454720,51,110,20100713
14211000155,A04,51,110,봄내공동생활가정,00,NORMAL SERVICE.,360,360,3,봄내공동생활가정,A04,254번지 1호,,22,0,24200,033,243,1766,14211000155,20110622,21,511104454729,51,110,20110622
14211000160,A04,51,110,아름다운요양원,00,NORMAL SERVICE.,310,310,4,아름다운요양원,A04,,,4,0,24211,033,242,4124,14211000160,20111101,25,511104454100,51,110,20111101
14211000169,A04,51,110,노아요양원,00,NORMAL SERVICE.,310,310,4,노아요양원,A04,,,18,0,24210,033,242,9010,14211000169,20120901,00,511104454134,51,110,20120901
14211000279,A04,51,110,다나은공동생활,00,NORMAL SERVICE.,310,310,4,다나은공동생활,A04,,3,57,1,24217,033,257,9887,14211000279,20160727,22,511103218010,51,110,20160727
24211000017,B01,51,110,춘천효자종합사회복지관부설춘천효자노인복지센터,00,NORMAL SERVICE.,112,630,3,춘천효자종합사회복지관부설춘천효자노인복지센터,B01,333번지,,234,16,24344,033,263,1790,24211000017,20080624,00,511103218003,51,110,19910314
24211000216,B01,51,110,운교노인복지센터,00,NORMAL SERVICE.,110,530,3,운교노인복지센터,B01,,,3,0,24349,033,255,8980,24211000216,20140501,00,511104454170,51,110,20140501
24211000228,B01,51,110,"""춘천희망""복지센터",00,NORMAL SERVICE.,110,530,4,"""춘천희망""복지센터",B01,,1,28,29,24335,033,252,6091,24211000228,20141006,00,511104454563,51,110,20141006
24211000253,B01,51,110,A+춘천시니어복지센터,00,NORMAL SERVICE.,128,705,4,A+춘천시니어복지센터,B01,,,6,13,24207,033,251,1990,24211000253,20151005,00,511104454171,51,110,20151005
24211000357,B01,51,110,Ⅱ희망노인주야간보호센터,00,NORMAL SERVICE.,119,700,4,Ⅱ희망노인주야간보호센터,B01,,4,38,0,24226,033,254,6093,24211000357,20190213,00,511103218016,51,110,20190213
24211000369,B01,51,110,춘천노인복지센터,00,NORMAL SERVICE.,123,660,4,춘천노인복지센터,B01,,3,166,0,24378,033,241,0045,24211000369,20190614,00,511103218042,51,110,20190614
24211000017,B02,51,110,춘천효자종합사회복지관부설춘천효자노인복지센터,00,NORMAL SERVICE.,112,630,3,춘천효자종합사회복지관부설춘천효자노인복지센터,B02,333번지,,234,16,24344,033,263,1790,24211000017,20080624,00,511103218003,51,110,19910314
24211000216,B02,51,110,운교노인복지센터,00,NORMAL SERVICE.,110,530,3,운교노인복지센터,B02,,,3,0,24349,033,255,8980,24211000216,20140501,00,511104454170,51,110,20140501
24211000228,B02,51,110,"""춘천희망""복지센터",00,NORMAL SERVICE.,110,530,4,"""춘천희망""복지센터",B02,,1,28,29,24335,033,252,6091,24211000228,20141006,00,511104454563,51,110,20141006
24211000357,B02,51,110,Ⅱ희망노인주야간보호센터,00,NORMAL SERVICE.,119,700,4,Ⅱ희망노인주야간보호센터,B02,,4,38,0,24226,033,254,6093,24211000357,20190213,00,511103218016,51,110,20190213
24211000369,B02,51,110,춘천노인복지센터,00,NORMAL SERVICE.,123,660,4,춘천노인복지센터,B02,,3,166,0,24378,033,241,0045,24211000369,20190614,00,511103218042,51,110,20190614
24211000373,B02,51,110,다사랑실버케어,00,NORMAL SERVICE.,310,310,4,다사랑실버케어,B02,,,77,0,24217,033,910,5005,24211000373,20190701,22,511103218010,51,110,20190701
24211000216,B03,51,110,운교노인복지센터,00,NORMAL SERVICE.,110,530,3,운교노인복지센터,B03,,,3,0,24349,033,255,8980,24211000216,20140501,00,511104454170,51,110,20140501
24211000228,B03,51,110,"""춘천희망""복지센터",00,NORMAL SERVICE.,110,530,4,"""춘천희망""복지센터",B03,,1,28,29,24335,033,252,6091,24211000228,20141006,00,511104454563,51,110,20141006
24211000253,B03,51,110,A+춘천시니어복지센터,00,NORMAL SERVICE.,128,705,4,A+춘천시니어복지센터,B03,,,6,13,24207,033,251,1990,24211000253,20151005,00,511104454171,51,110,20151005
24211000282,B03,51,110,춘천중앙노인복지센터,00,NORMAL SERVICE.,390,390,4,춘천중앙노인복지센터,B03,,1,42,19,24399,033,263,6720,24211000282,20160801,23,511104454033,51,110,20160801
24211000357,B03,51,110,Ⅱ희망노인주야간보호센터,00,NORMAL SERVICE.,119,700,4,Ⅱ희망노인주야간보호센터,B03,,4,38,0,24226,033,254,6093,24211000357,20190213,00,511103218016,51,110,20190213
24211000373,B03,51,110,다사랑실버케어,00,NORMAL SERVICE.,310,310,4,다사랑실버케어,B03,,,77,0,24217,033,910,5005,24211000373,20190701,22,511103218010,51,110,20190701
24215000357,B04,51,150,사랑채움재가복지센터,00,NORMAL SERVICE.,121,615,4,사랑채움재가복지센터,B04,,,27,17,25605,033,641,8869,24215000357,20220203,00,511504460928,51,150,20220118
25115000411,B04,51,150,좋은복지센터,00,NORMAL SERVICE.,122,615,4,좋은복지센터,B04,,,36,0,25612,033,642,1488,25115000411,20240301,00,511504460785,51,150,20240206
24211000228,B05,51,110,"""춘천희망""복지센터",00,NORMAL SERVICE.,110,530,4,"""춘천희망""복지센터",B05,,1,28,29,24335,033,252,6091,24211000228,20141006,00,511104454563,51,110,20141006
24211000421,B05,51,110,A+중앙통합복지센터,00,NORMAL SERVICE.,123,660,4,A+중앙통합복지센터,B05,,2,143,0,24380,033,255,4370,24211000421,20200901,00,511103218042,51,110,20200901
24211000498,B05,51,110,온누리재가요양센터,00,NORMAL SERVICE.,120,600,4,온누리재가요양센터,B05,,,34,0,24296,033,244,8663,24211000498,20230101,00,511104454684,51,110,20230101
24211000511,B05,51,110,숨케어재가복지센터,00,NORMAL SERVICE.,123,660,4,숨케어재가복지센터,B05,,,9,6,24440,033,255,5381,24211000511,20230401,00,511104454715,51,110,20230301
24213000388,B05,51,130,+조해숙재가복지센터,00,NORMAL SERVICE.,117,675,4,+조해숙재가복지센터,B05,,2,2,0,26465,033,731,7988,24213000388,20220228,00,511303219085,51,130,20220228
24215000293,B05,51,150,착한사랑재가복지센터,00,NORMAL SERVICE.,116,600,4,착한사랑재가복지센터,B05,,,112,0,25604,033,641,8882,24215000293,20190808,00,511504460281,51,150,20190808
24211000472,B06,51,110,주식회사엘케어,00,NORMAL SERVICE.,120,600,3,주식회사엘케어,B06,,1,196,0,24297,033,255,1209,24211000472,20220627,00,511103218017,51,110,20220620
24213000335,B06,51,130,백세의료기기,00,NORMAL SERVICE.,104,520,4,백세의료기기,B06,,1,10,0,26429,033,766,7996,24213000335,20200801,00,511303219066,51,130,20200617
24213000347,B06,51,130,성지의료기,00,NORMAL SERVICE.,104,520,4,성지의료기,B06,,1~2,14,0,26429,033,764,2058,24213000347,20201222,00,511303219066,51,130,20201214
24213000394,B06,51,130,누가119의료기,00,NORMAL SERVICE.,115,660,4,누가119의료기,B06,,,4,0,26396,033,764,5119,24213000394,20220501,00,511304457653,51,130,20220501
24213000422,B06,51,130,라온라이프케어,00,NORMAL SERVICE.,370,370,4,라온라이프케어,B06,,1,539,0,26356,033,762,6601,24213000422,20230101,23,511303219028,51,130,20230101
24215000342,B06,51,150,부영의료기,00,NORMAL SERVICE.,125,645,4,부영의료기,B06,,,74,0,25617,033,647,3114,24215000342,20210628,00,511503220035,51,150,20210524
34211000052,C01,51,110,그린노인복지센터,00,NORMAL SERVICE.,123,660,4,그린노인복지센터,C01,,,3,0,24376,033,242,7227,34211000052,20081009,00,511104454733,51,110,20081009
34211000053,C01,51,110,우리재가복지센터,00,NORMAL SERVICE.,102,530,4,우리재가복지센터,C01,,4,20,0,24272,033,257,7477,34211000053,20081016,00,511104454382,51,110,20081014
34211000070,C01,51,110,천사노인복지센터,00,NORMAL SERVICE.,310,310,4,천사노인복지센터,C01,,,116,9,24211,033,252,1130,34211000070,20090218,21,511103218001,51,110,20090212
34211000089,C01,51,110,노인방문요양센터 에벤에셀,00,NORMAL SERVICE.,120,611,4,노인방문요양센터 에벤에셀,C01,,,47,0,24309,033,251,9184,34211000089,20090706,00,511104454811,51,110,20090630
34211000148,C01,51,110,동원노인복지센터,00,NORMAL SERVICE.,124,650,4,동원노인복지센터,C01,,,89,0,24383,033,262,0754,34211000148,20110210,00,511104454277,51,110,20110210
34211000263,C01,51,110,자양방문노인복지센터,00,NORMAL SERVICE.,250,250,4,자양방문노인복지센터,C01,,,69,0,24206,010,5583,8787,34211000263,20160202,21,511104454580,51,110,20160202
34211000052,C02,51,110,그린노인복지센터,00,NORMAL SERVICE.,123,660,4,그린노인복지센터,C02,,,3,0,24376,033,242,7227,34211000052,20081009,00,511104454733,51,110,20081009
34211000070,C02,51,110,천사노인복지센터,00,NORMAL SERVICE.,310,310,4,천사노인복지센터,C02,,,116,9,24211,033,252,1130,34211000070,20090218,21,511103218001,51,110,20090212
34211000089,C02,51,110,노인방문요양센터 에벤에셀,00,NORMAL SERVICE.,120,611,4,노인방문요양센터 에벤에셀,C02,,,47,0,24309,033,251,9184,34211000089,20090706,00,511104454811,51,110,20090630
34211000148,C02,51,110,동원노인복지센터,00,NORMAL SERVICE.,124,650,4,동원노인복지센터,C02,,,89,0,24383,033,262,0754,34211000148,20110210,00,511104454277,51,110,20110210
34211000263,C02,51,110,자양방문노인복지센터,00,NORMAL SERVICE.,250,250,4,자양방문노인복지센터,C02,,,69,0,24206,010,5583,8787,34211000263,20160202,21,511104454580,51,110,20160202
34211000265,C02,51,110,샬롬재가복지센터,00,NORMAL SERVICE.,120,600,4,샬롬재가복지센터,C02,,,333,0,24234,033,242,3013,34211000265,20160304,00,511103218037,51,110,20160225
34211000070,C03,51,110,천사노인복지센터,00,NORMAL SERVICE.,310,310,4,천사노인복지센터,C03,,,116,9,24211,033,252,1130,34211000070,20090218,21,511103218001,51,110,20090212
34211000313,C03,51,110,수빈재가노인복지센터,00,NORMAL SERVICE.,123,660,4,수빈재가노인복지센터,C03,,,40,0,24427,033,264,0288,34211000313,20170608,00,511104454338,51,110,20170608
34211000328,C03,51,110,참조은노인복지센터,00,NORMAL SERVICE.,123,660,4,참조은노인복지센터,C03,,4,20,0,24376,033,261,2018,34211000328,20180201,00,511104454117,51,110,20180201
34211000342,C03,51,110,스마일 재가노인복지센터,00,NORMAL SERVICE.,330,330,4,스마일 재가노인복지센터,C03,,,1145,0,24412,033,264,2220,34211000342,20180611,24,511103218006,51,110,20180611
34213000174,C03,51,130,효섬김재가복지센터,00,NORMAL SERVICE.,250,250,4,효섬김재가복지센터,C03,,2,1883,0,26373,033,746,6129,34213000174,20131219,21,511303219041,51,130,20131219
34213000282,C03,51,130,시니어데이케어 주은 원주센터,00,NORMAL SERVICE.,117,675,3,시니어데이케어 주은 원주센터,C03,,,21,0,26464,033,737,0507,34213000282,20181113,00,511303351211,51,130,20181113
34211000052,C05,51,110,그린노인복지센터,00,NORMAL SERVICE.,123,660,4,그린노인복지센터,C05,,,3,0,24376,033,242,7227,34211000052,20081009,00,511104454733,51,110,20081009
34211000053,C05,51,110,우리재가복지센터,00,NORMAL SERVICE.,102,530,4,우리재가복지센터,C05,,4,20,0,24272,033,257,7477,34211000053,20081016,00,511104454382,51,110,20081014
34211000070,C05,51,110,천사노인복지센터,00,NORMAL SERVICE.,310,310,4,천사노인복지센터,C05,,,116,9,24211,033,252,1130,34211000070,20090218,21,511103218001,51,110,20090212
34215000023,C05,51,150,강릉사랑재가복지센터,00,NORMAL SERVICE.,111,571,4,강릉사랑재가복지센터,C05,,2,9,0,25549,033,651,3777,34215000023,20080624,00,511504460254,51,150,20080623
34217000098,C05,51,170,동해방문간호센터,00,NORMAL SERVICE.,102,510,4,동해방문간호센터,C05,,,100,0,25752,070,4634,3492,34217000098,20191129,00,511703221041,51,170,20191129
34211000002,C06,51,110,고려의료기,00,NORMAL SERVICE.,112,640,4,고려의료기,C06,18번지 49호,,157,1,24290,033,243,9969,34211000002,20080607,00,511103218013,51,110,20080607
34211000035,C06,51,110,강원의료기상사,00,NORMAL SERVICE.,112,640,4,강원의료기상사,C06,,,153,0,24295,033,241,2281,34211000035,20080708,00,511103218013,51,110,20080624
34211000041,C06,51,110,솔루션복지용구지원센터,00,NORMAL SERVICE.,112,630,4,솔루션복지용구지원센터,C06,,,324,0,24338,033,255,3071,34211000041,20080709,00,511103218003,51,110,20080709
34211000158,C06,51,110,100세동안 춘천점,00,NORMAL SERVICE.,310,310,4,100세동안 춘천점,C06,,2,496,9,24213,033,255,1771,34211000158,20110901,22,511103218038,51,110,20110901
34211000323,C06,51,110,A플러스 복지용구,00,NORMAL SERVICE.,120,600,4,A플러스 복지용구,C06,,,39,0,24254,033,251,2423,34211000323,20171101,00,511104454821,51,110,20171101
14211000383,G31,51,110,세실요양원,00,NORMAL SERVICE.,250,250,4,세실요양원,G31,,,77,99,24203,033,244,9905,14211000383,20191001,23,511104454214,51,110,20191001
14213000109,G31,51,130,원주성문요양원,00,NORMAL SERVICE.,114,650,3,원주성문요양원,G31,,,77,6,26455,033,745,9179,14213000109,20100503,00,511304457044,51,130,20100503
14213000345,G31,51,130,원주보훈요양원,00,NORMAL SERVICE.,117,675,3,원주보훈요양원,G31,,,249,0,26462,033,769,2000,14213000345,20201214,00,511303219082,51,130,20201212
14215000221,G31,51,150,갈바리노인요양원,00,NORMAL SERVICE.,101,510,3,갈바리노인요양원,G31,,,86,0,25520,033,644,3474,14215000221,20160108,00,511504460481,51,150,20160108
14217000003,G31,51,170,이레마을노인요양원,00,NORMAL SERVICE.,133,630,3,이레마을노인요양원,G31,300번지,,284,0,25704,033,534,3671,14217000003,20080624,00,511704463049,51,170,20021015
14213000345,G32,51,130,원주보훈요양원,00,NORMAL SERVICE.,117,675,3,원주보훈요양원,G32,,,249,0,26462,033,769,2000,14213000345,20201214,00,511303219082,51,130,20201212
14272000041,G32,51,720,너브내노인전문요양원,00,NORMAL SERVICE.,380,380,3,너브내노인전문요양원,G32,1010번지 3호,,59,8,25113,033,436,8800,14272000041,20100408,24,517204475350,51,720,20100408
14275000010,G32,51,750,예가노인전문요양원,00,NORMAL SERVICE.,340,340,3,예가노인전문요양원,G32,,,124,0,26217,033,375,9988,14275000010,20080811,24,517504544167,51,750,20080811
14277000010,G32,51,770,정선군노인요양원,00,NORMAL SERVICE.,250,250,2,정선군노인요양원,G32,,,1,77,26124,033,562,5566,14277000010,20080625,25,517704487290,51,770,20070125
15123000131,G32,51,230,삼척시립 도계요양원,00,NORMAL SERVICE.,250,250,2,삼척시립 도계요양원,G32,,,16,51,25947,033,806,7007,15123000131,20250801,33,512304472102,51,230,20250217
14272000041,G33,51,720,너브내노인전문요양원,00,NORMAL SERVICE.,380,380,3,너브내노인전문요양원,G33,1010번지 3호,,59,8,25113,033,436,8800,14272000041,20100408,24,517204475350,51,720,20100408
14277000010,G33,51,770,정선군노인요양원,00,NORMAL SERVICE.,250,250,2,정선군노인요양원,G33,,,1,77,26124,033,562,5566,14277000010,20080625,25,517704487290,51,770,20070125
14277000010,G34,51,770,정선군노인요양원,00,NORMAL SERVICE.,250,250,2,정선군노인요양원,G34,,,1,77,26124,033,562,5566,14277000010,20080625,25,517704487290,51,770,20070125
14277000010,G35,51,770,정선군노인요양원,00,NORMAL SERVICE.,250,250,2,정선군노인요양원,G35,,,1,77,26124,033,562,5566,14277000010,20080625,25,517704487290,51,770,20070125
14277000010,G36,51,770,정선군노인요양원,00,NORMAL SERVICE.,250,250,2,정선군노인요양원,G36,,,1,77,26124,033,562,5566,14277000010,20080625,25,517704487290,51,770,20070125
24217000070,H31,51,170,동해이레복지센터,00,NORMAL SERVICE.,111,630,3,동해이레복지센터,H31,,,41,1,25723,033,534,7744,24217000070,20150624,00,511704463104,51,170,20141128
24219000019,H31,51,190,햇빛나눔노인복지센터,00,NORMAL SERVICE.,101,540,3,햇빛나눔노인복지센터,H31,,,23,22,26035,033,552,1272,24219000019,20150701,00,511904466107,51,190,20150701
24272000013,H31,51,720,중앙노인복지센터,00,NORMAL SERVICE.,380,380,3,중앙노인복지센터,H31,440번지 4호,,9,0,25115,033,435,7113,24272000013,20080630,37,517204475617,51,720,20011204
25115000447,H31,51,150,강릉시립주야간보호센터,00,NORMAL SERVICE.,116,600,2,강릉시립주야간보호센터,H31,산,,14,0,25604,033,655,0931,25115000447,20251017,00,511504460927,51,150,20250811
25179000033,H31,51,790,화천군 치매전담형 종합노인요양시설 주간보호센터,00,NORMAL SERVICE.,340,340,2,화천군 치매전담형 종합노인요양시설 주간보호센터,H31,,1,1137,32,24156,033,442,1470,25179000033,20250818,21,517903000135,51,790,20250730
24217000070,H32,51,170,동해이레복지센터,00,NORMAL SERVICE.,111,630,3,동해이레복지센터,H32,,,41,1,25723,033,534,7744,24217000070,20150624,00,511704463104,51,170,20141128
14219000001,M31,51,190,안식의 집,00,NORMAL SERVICE.,101,515,3,안식의 집,M31,59번지 8호,,25,0,26017,033,553,5561,14219000001,20080605,00,511903222005,51,190,20080530
14278000001,M31,51,780,철원군노인전문요양원,00,NORMAL SERVICE.,256,256,2,철원군노인전문요양원,M31,1305번지 53호 2통 3반,,177,0,24035,033,452,9133,14278000001,20080609,24,517804490099,51,780,20050303
15115000446,M31,51,150,강릉시립노인요양센터,00,NORMAL SERVICE.,116,600,2,강릉시립노인요양센터,M31,산,,14,0,25604,033,655,0930,15115000446,20251017,00,511504460927,51,150,20250811
14278000001,M32,51,780,철원군노인전문요양원,00,NORMAL SERVICE.,256,256,2,철원군노인전문요양원,M32,1305번지 53호 2통 3반,,177,0,24035,033,452,9133,14278000001,20080609,24,517804490099,51,780,20050303
15115000446,M32,51,150,강릉시립노인요양센터,00,NORMAL SERVICE.,116,600,2,강릉시립노인요양센터,M32,산,,14,0,25604,033,655,0930,15115000446,20251017,00,511504460927,51,150,20250811
15115000446,M33,51,150,강릉시립노인요양센터,00,NORMAL SERVICE.,116,600,2,강릉시립노인요양센터,M33,산,,14,0,25604,033,655,0930,15115000446,20251017,00,511504460927,51,150,20250811
15179000032,S41,51,790,화천군 치매전담형 종합노인요양시설 공동생활가정,00,NORMAL SERVICE.,340,340,2,화천군 치매전담형 종합노인요양시설 공동생활가정,S41,,2,1137,32,24156,033,442,1470,15179000032,20250818,21,517903000135,51,790,20250730
14511000001,A03,52,111,성예전문요양원,00,NORMAL SERVICE.,139,703,3,성예전문요양원,A03,,,74,16,55072,063,229,9393,14511000001,20080523,00,521114598163,52,111,20080523
14511000002,A03,52,113,전주요양원,00,NORMAL SERVICE.,121,641,3,전주요양원,A03,24번지,,128,0,54824,063,252,2539,14511000002,20080523,00,521133267065,52,113,20080523
14511000015,A03,52,111,선덕효심원,00,NORMAL SERVICE.,139,703,3,선덕효심원,A03,729번지 21호,,137,0,55072,063,221,9977,14511000015,20080530,00,521114598238,52,111,20080530
14511000026,A03,52,111,서전주요양원,00,NORMAL SERVICE.,139,703,3,서전주요양원,A03,,,92,0,55072,063,229,5100,14511000026,20080609,00,521114598238,52,111,20080609
14511000027,A03,52,113,은혜요양원,00,NORMAL SERVICE.,127,650,3,은혜요양원,A03,,,19,0,54803,063,214,7755,14511000027,20080609,00,521133267052,52,113,20050905
14511000029,A03,52,111,하늘나무복지원,00,NORMAL SERVICE.,132,691,4,하늘나무복지원,A03,743번지 3호,,,,55121,063,222,1094,14511000029,20080616,00,,52,111,20080613
14511000030,A03,52,113,따뜻한사랑의집,00,NORMAL SERVICE.,112,612,4,따뜻한사랑의집,A03,,,33,24,55026,063,243,6593,14511000030,20080616,00,521134601259,52,113,20070102
14511000041,A04,52,113,반석의집,00,NORMAL SERVICE.,116,620,4,반석의집,A04,,,11,0,54817,063,253,1145,14511000041,20080620,00,521134601233,52,113,20020814
14511000290,A04,52,111,전주인보노인복지센터,00,NORMAL SERVICE.,120,605,3,전주인보노인복지센터,A04,361번지 35호,,24,0,55011,063,284,0295,14511000290,20110201,00,521113266058,52,111,20110201
14511000308,A04,52,113,사랑의문,00,NORMAL SERVICE.,115,611,4,사랑의문,A04,746번지 58호,,689,0,54908,063,246,0175,14511000308,20110622,00,521132266002,52,113,20110622
14511000371,A04,52,111,감나무요양원,00,NORMAL SERVICE.,129,680,4,감나무요양원,A04,,,49,14,54950,063,276,4000,14511000371,20140201,00,451113266065,52,111,20140201
14511000661,A04,52,113,드림요양원,00,NORMAL SERVICE.,105,570,4,드림요양원,A04,,,15,0,54888,063,251,9760,14511000661,20201005,00,521134601208,52,113,20201005
14511000801,A04,52,111,가나안요양원,00,NORMAL SERVICE.,137,701,3,가나안요양원,A04,,,6,0,55105,063,277,1021,14511000801,20240102,00,521114598246,52,111,20231226
24511000024,B01,52,111,전주중앙노인복지센터,00,NORMAL SERVICE.,106,530,3,전주중앙노인복지센터,B01,,,81,3,55039,063,283,1330,24511000024,20080613,00,521114598082,52,111,20080603
24511000364,B01,52,111,엘림 노인복지센터,00,NORMAL SERVICE.,126,660,4,엘림 노인복지센터,B01,,2,321,0,55102,063,282,9015,24511000364,20131120,00,521113266063,52,111,20131120
24511000367,B01,52,111,전주사회서비스 재가노인복지센터,00,NORMAL SERVICE.,144,650,5,전주사회서비스 재가노인복지센터,B01,,,29,1,55117,063,287,9769,24511000367,20140102,00,521114598077,52,111,20140102
24511000372,B01,52,111,다사랑노인복지센터,00,NORMAL SERVICE.,140,711,3,다사랑노인복지센터,B01,,,13,0,55094,063,227,0923,24511000372,20140210,00,521114598441,52,111,20140210
24511000551,B01,52,111,예은재가노인복지센터,00,NORMAL SERVICE.,133,692,3,예은재가노인복지센터,B01,,6,4678,0,55126,063,227,5100,24511000551,20190102,00,521113266089,52,111,20190102
24511000555,B01,52,111,전주재활주야간보호센터,00,NORMAL SERVICE.,141,730,4,전주재활주야간보호센터,B01,,,11,8,54966,063,227,4021,24511000555,20190208,00,521113266081,52,111,20190208
24511000364,B02,52,111,엘림 노인복지센터,00,NORMAL SERVICE.,126,660,4,엘림 노인복지센터,B02,,2,321,0,55102,063,282,9015,24511000364,20131120,00,521113266063,52,111,20131120
24511000367,B02,52,111,전주사회서비스 재가노인복지센터,00,NORMAL SERVICE.,144,650,5,전주사회서비스 재가노인복지센터,B02,,,29,1,55117,063,287,9769,24511000367,20140102,00,521114598077,52,111,20140102
24511000551,B02,52,111,예은재가노인복지센터,00,NORMAL SERVICE.,133,692,3,예은재가노인복지센터,B02,,6,4678,0,55126,063,227,5100,24511000551,20190102,00,521113266089,52,111,20190102
24511000555,B02,52,111,전주재활주야간보호센터,00,NORMAL SERVICE.,141,730,4,전주재활주야간보호센터,B02,,,11,8,54966,063,227,4021,24511000555,20190208,00,521113266081,52,111,20190208
24511000561,B02,52,111,사회적협동조합 새샘노인복지센터,00,NORMAL SERVICE.,143,650,3,사회적협동조합 새샘노인복지센터,B02,,,82,0,55116,063,245,0217,24511000561,20190228,00,521114598021,52,111,20190228
24511000563,B02,52,113,안디옥노인통합지원센터,00,NORMAL SERVICE.,107,580,4,안디옥노인통합지원센터,B02,,3,604,0,54930,063,255,4993,24511000563,20190304,00,521132266003,52,113,20190304
24511000076,B03,52,111,서원노인주간보호센터,00,NORMAL SERVICE.,128,671,3,서원노인주간보호센터,B03,555번지 1호,,36,0,55049,063,227,6540,24511000076,20080707,00,521114598087,52,111,20080707
24511000083,B03,52,111,전주 인보노인복지센터,00,NORMAL SERVICE.,120,605,3,전주 인보노인복지센터,B03,361번지 35호,,24,0,55011,063,284,0295,24511000083,20080714,00,521113266058,52,111,20080714
24511000244,B03,52,113,즐거운집노인복지센터,00,NORMAL SERVICE.,114,612,3,즐거운집노인복지센터,B03,558번지 1호,,74,5,55017,063,714,3535,24511000244,20100203,00,521133267031,52,113,20100202
24511000282,B03,52,113,안골노인복지센터,00,NORMAL SERVICE.,103,540,3,안골노인복지센터,B03,764번지 5호,,11,0,54913,063,241,6435,24511000282,20101220,00,521134601310,52,113,20101220
24511000316,B03,52,113,늘푸른집 주야간보호센터,00,NORMAL SERVICE.,131,670,3,늘푸른집 주야간보호센터,B03,194번지 6호,,1028,8,54876,063,714,2335,24511000316,20110907,00,521133266068,52,113,20110907
24511000367,B03,52,111,전주사회서비스 재가노인복지센터,00,NORMAL SERVICE.,144,650,5,전주사회서비스 재가노인복지센터,B03,,,29,1,55117,063,287,9769,24511000367,20140102,00,521114598077,52,111,20140102
25280000187,B04,52,800,다온노인복지센터,00,NORMAL SERVICE.,250,250,4,다온노인복지센터,B04,,,331,0,56318,063,581,0703,25280000187,20241216,24,528003280054,52,800,20241209
25280000190,B04,52,800,(유)행복한주간보호센터,00,NORMAL SERVICE.,250,250,3,(유)행복한주간보호센터,B04,,4,20,0,56313,063,583,2220,25280000190,20250708,24,528004640376,52,800,20250617
24511000683,B05,52,111,돌봄재가복지센터,00,NORMAL SERVICE.,142,730,4,돌봄재가복지센터,B05,,2,13,0,54957,063,272,0539,24511000683,20210621,00,521113266032,52,111,20210621
24511000753,B05,52,111,엔케어재가복지센터,00,NORMAL SERVICE.,128,672,4,엔케어재가복지센터,B05,,1,26,6,54971,063,223,6065,24511000753,20230306,00,521114598109,52,111,20230222
24511000765,B05,52,113,우리마을재가방문센터,00,NORMAL SERVICE.,103,540,4,우리마을재가방문센터,B05,,6,289,0,54920,063,242,4608,24511000765,20230501,00,521133266009,52,113,20230418
24511000770,B05,52,111,행복나눔재가복지센터,00,NORMAL SERVICE.,137,702,4,행복나눔재가복지센터,B05,,,30,1,55091,063,222,9064,24511000770,20230703,00,521113266004,52,111,20230616
24511000789,B05,52,111,다인재가복지센터,00,NORMAL SERVICE.,128,672,4,다인재가복지센터,B05,,,17,0,54980,063,226,8012,24511000789,20231204,00,521114598161,52,111,20231106
24513000353,B05,52,130,군산최영희재가노인복지센터,00,NORMAL SERVICE.,134,650,4,군산최영희재가노인복지센터,B05,,,108,0,54075,063,467,7004,24513000353,20210111,00,521303268094,52,130,20201218
24511000645,B06,52,113,가정복지용구,00,NORMAL SERVICE.,102,525,4,가정복지용구,B06,,2,81,0,54992,063,277,9831,24511000645,20200423,00,521134598068,52,113,20200423
24511000651,B06,52,113,동행케어,00,NORMAL SERVICE.,138,670,4,동행케어,B06,,,26,0,54872,063,277,3394,24511000651,20200819,00,521133273110,52,113,20200819
24511000690,B06,52,111,마더의료기,00,NORMAL SERVICE.,142,730,4,마더의료기,B06,,,32,5,54959,063,909,6117,24511000690,20210729,00,521114598120,52,111,20210628
24511000700,B06,52,113,참사랑복지용구,00,NORMAL SERVICE.,115,611,4,참사랑복지용구,B06,,,9,1,54908,063,241,9850,24511000700,20211123,00,521134601364,52,113,20211021
24511000719,B06,52,111,백세의료기기,00,NORMAL SERVICE.,132,691,4,백세의료기기,B06,,1,10,4,55121,063,229,0103,24511000719,20220419,00,521114598379,52,111,20220405
24511000720,B06,52,113,맘편한의료기,00,NORMAL SERVICE.,115,611,4,맘편한의료기,B06,,1,13,0,54910,063,272,2900,24511000720,20220419,00,521134601075,52,113,20220401
34511000003,C01,52,113,예찬365일데이케어,00,NORMAL SERVICE.,104,550,4,예찬365일데이케어,C01,,1,748,1,54916,063,246,4000,34511000003,20080521,00,521132266003,52,113,20080521
34511000081,C01,52,111,성목노인복지기관,00,NORMAL SERVICE.,129,680,4,성목노인복지기관,C01,,,11,2,54953,063,225,7500,34511000081,20080710,00,521114598185,52,111,20080710
34511000085,C01,52,111,건강한마을노인복지센터,00,NORMAL SERVICE.,132,692,3,건강한마을노인복지센터,C01,,5,168,0,55134,063,221,0525,34511000085,20080714,00,521113266063,52,111,20080714
34511000103,C01,52,111,GIP홈케어,00,NORMAL SERVICE.,120,605,4,GIP홈케어,C01,,,6,5,55033,063,251,8776,34511000103,20080829,00,521114598047,52,111,20080829
34511000125,C01,52,111,한사랑 재가복지센터,00,NORMAL SERVICE.,129,680,4,한사랑 재가복지센터,C01,,,6,0,54953,063,276,2395,34511000125,20081126,00,521114598188,52,111,20081126
34511000127,C01,52,111,비전재가복지센터,00,NORMAL SERVICE.,128,672,4,비전재가복지센터,C01,,3,74,0,54976,063,276,0780,34511000127,20081212,00,521113266071,52,111,20081212
34511000003,C02,52,113,예찬365일데이케어,00,NORMAL SERVICE.,104,550,4,예찬365일데이케어,C02,,1,748,1,54916,063,246,4000,34511000003,20080521,00,521132266003,52,113,20080521
34511000081,C02,52,111,성목노인복지기관,00,NORMAL SERVICE.,129,680,4,성목노인복지기관,C02,,,11,2,54953,063,225,7500,34511000081,20080710,00,521114598185,52,111,20080710
34511000085,C02,52,111,건강한마을노인복지센터,00,NORMAL SERVICE.,132,692,3,건강한마을노인복지센터,C02,,5,168,0,55134,063,221,0525,34511000085,20080714,00,521113266063,52,111,20080714
34511000103,C02,52,111,GIP홈케어,00,NORMAL SERVICE.,120,605,4,GIP홈케어,C02,,,6,5,55033,063,251,8776,34511000103,20080829,00,521114598047,52,111,20080829
34511000125,C02,52,111,한사랑 재가복지센터,00,NORMAL SERVICE.,129,680,4,한사랑 재가복지센터,C02,,,6,0,54953,063,276,2395,34511000125,20081126,00,521114598188,52,111,20081126
34511000127,C02,52,111,비전재가복지센터,00,NORMAL SERVICE.,128,672,4,비전재가복지센터,C02,,3,74,0,54976,063,276,0780,34511000127,20081212,00,521113266071,52,111,20081212
34511000003,C03,52,113,예찬365일데이케어,00,NORMAL SERVICE.,104,550,4,예찬365일데이케어,C03,,1,748,1,54916,063,246,4000,34511000003,20080521,00,521132266003,52,113,20080521
34511000127,C03,52,111,비전재가복지센터,00,NORMAL SERVICE.,128,672,4,비전재가복지센터,C03,,3,74,0,54976,063,276,0780,34511000127,20081212,00,521113266071,52,111,20081212
34511000136,C03,52,113,전북실버복지센터,00,NORMAL SERVICE.,104,550,4,전북실버복지센터,C03,,,9,5,54916,063,252,3632,34511000136,20090113,00,521134601140,52,113,20090113
34511000148,C03,52,111,효자복지센터,00,NORMAL SERVICE.,134,692,4,효자복지센터,C03,,,139,53,55138,063,229,1022,34511000148,20090313,00,521113266015,52,111,20090313
34511000335,C03,52,113,코리아복지요양센터,00,NORMAL SERVICE.,104,550,4,코리아복지요양센터,C03,,"3층, 4",168,0,55001,063,252,3344,34511000335,20120712,00,521133267044,52,113,20120712
34511000346,C03,52,111,사랑방노인복지센터,00,NORMAL SERVICE.,133,692,4,사랑방노인복지센터,C03,,3,4689,0,55135,063,229,0056,34511000346,20130104,00,521113266089,52,111,20130104
34511000415,C05,52,111,하나방문간호센터,00,NORMAL SERVICE.,137,701,4,하나방문간호센터,C05,,,19,0,55105,063,222,1986,34511000415,20150914,00,521113266048,52,111,20150914
34511000501,C05,52,113,더행복플러스재가복지센터,00,NORMAL SERVICE.,115,611,4,더행복플러스재가복지센터,C05,,,10,0,54909,063,247,7599,34511000501,20171127,00,521134601363,52,113,20171127
34511000508,C05,52,111,정현방문간호센터,00,NORMAL SERVICE.,133,692,4,정현방문간호센터,C05,,,147,10,55133,063,237,1006,34511000508,20180302,00,521113266023,52,111,20180302
34511000588,C05,52,113,간호천사노인복지센터,00,NORMAL SERVICE.,103,540,4,간호천사노인복지센터,C05,,,26,0,55008,063,247,7575,34511000588,20190617,00,521134601470,52,113,20190617
34513000026,C05,52,130,정성방문간호센터,00,NORMAL SERVICE.,134,650,4,정성방문간호센터,C05,,,22,0,54079,063,442,7135,34513000026,20080630,00,521304604037,52,130,20080630
34513000063,C05,52,130,가정노인복지센터,00,NORMAL SERVICE.,360,360,4,가정노인복지센터,C05,,,33,0,54065,063,451,8815,34513000063,20090421,24,521304604357,52,130,20090421
34511000003,C06,52,113,예찬365일데이케어,00,NORMAL SERVICE.,104,550,4,예찬365일데이케어,C06,,1,748,1,54916,063,246,4000,34511000003,20080521,00,521132266003,52,113,20080521
34511000008,C06,52,111,대성의료기,00,NORMAL SERVICE.,127,671,4,대성의료기,C06,303번지 26호,,,,55046,063,231,3344,34511000008,20080530,00,,52,111,20080530
34511000087,C06,52,111,백제의료기,00,NORMAL SERVICE.,128,672,4,백제의료기,C06,,1,35,0,54984,063,277,2045,34511000087,20080715,00,521113266049,52,111,20080715
34511000088,C06,52,111,건강우리의료기,00,NORMAL SERVICE.,127,671,4,건강우리의료기,C06,162번지 37호,,1,0,55046,063,288,0385,34511000088,20080715,00,521114598011,52,111,20080715
34511000120,C06,52,113,상아의료기,00,NORMAL SERVICE.,107,590,4,상아의료기,C06,,1,10,9,54907,063,271,2381,34511000120,20081112,00,521133267006,52,113,20081112
34511000132,C06,52,111,연세물산,00,NORMAL SERVICE.,147,605,4,연세물산,C06,686번지 12호,,262,14,54995,063,287,8328,34511000132,20081217,00,521113266077,52,111,20081217
14511000002,G31,52,113,전주요양원,00,NORMAL SERVICE.,121,641,3,전주요양원,G31,24번지,,128,0,54824,063,252,2539,14511000002,20080523,00,521133267065,52,113,20080523
14511000718,G31,52,111,전주보훈요양원,00,NORMAL SERVICE.,139,703,3,전주보훈요양원,G31,,,65,0,55072,063,220,0777,14511000718,20220426,00,521114598238,52,111,20220426
14513000001,G31,52,130,시온의집,00,NORMAL SERVICE.,330,330,3,시온의집,G31,,,33,0,54056,063,453,2044,14513000001,20080603,21,521304604153,52,130,20050704
14513000009,G31,52,130,군산행복한집,00,NORMAL SERVICE.,146,710,3,군산행복한집,G31,,,34,10,54014,063,462,7214,14513000009,20080925,00,521304604579,52,130,20031224
14514000005,G31,52,140,백향노인전문요양원,00,NORMAL SERVICE.,430,430,3,백향노인전문요양원,G31,857번지 49호,,696,0,54528,063,858,1616,14514000005,20080620,25,521403269049,52,140,20050408
14514000455,G31,52,140,사랑방요양원,00,NORMAL SERVICE.,250,250,4,사랑방요양원,G31,,,3,0,54512,063,862,9965,14514000455,20201217,21,521404608148,52,140,20201207
14511000002,G32,52,113,전주요양원,00,NORMAL SERVICE.,121,641,3,전주요양원,G32,24번지,,128,0,54824,063,252,2539,14511000002,20080523,00,521133267065,52,113,20080523
14511000718,G32,52,111,전주보훈요양원,00,NORMAL SERVICE.,139,703,3,전주보훈요양원,G32,,,65,0,55072,063,220,0777,14511000718,20220426,00,521114598238,52,111,20220426
14513000001,G32,52,130,시온의집,00,NORMAL SERVICE.,330,330,3,시온의집,G32,,,33,0,54056,063,453,2044,14513000001,20080603,21,521304604153,52,130,20050704
14513000009,G32,52,130,군산행복한집,00,NORMAL SERVICE.,146,710,3,군산행복한집,G32,,,34,10,54014,063,462,7214,14513000009,20080925,00,521304604579,52,130,20031224
14514000005,G32,52,140,백향노인전문요양원,00,NORMAL SERVICE.,430,430,3,백향노인전문요양원,G32,857번지 49호,,696,0,54528,063,858,1616,14514000005,20080620,25,521403269049,52,140,20050408
14518000021,G32,52,180,크로바실버빌,00,NORMAL SERVICE.,320,320,3,크로바실버빌,G32,191번지 8호,,643,0,56215,063,538,8505,14518000021,20080731,22,521803270037,52,180,20080731
14511000002,G33,52,113,전주요양원,00,NORMAL SERVICE.,121,641,3,전주요양원,G33,24번지,,128,0,54824,063,252,2539,14511000002,20080523,00,521133267065,52,113,20080523
14513000009,G33,52,130,군산행복한집,00,NORMAL SERVICE.,146,710,3,군산행복한집,G33,,,34,10,54014,063,462,7214,14513000009,20080925,00,521304604579,52,130,20031224
14511000002,G34,52,113,전주요양원,00,NORMAL SERVICE.,121,641,3,전주요양원,G34,24번지,,128,0,54824,063,252,2539,14511000002,20080523,00,521133267065,52,113,20080523
14513000009,G34,52,130,군산행복한집,00,NORMAL SERVICE.,146,710,3,군산행복한집,G34,,,34,10,54014,063,462,7214,14513000009,20080925,00,521304604579,52,130,20031224
24511000576,H31,52,111,전주 재활전문 주간보호센터,00,NORMAL SERVICE.,132,692,4,전주 재활전문 주간보호센터,H31,,"2,5",213,0,55106,063,282,0503,24511000576,20190501,00,521113266063,52,111,20190501
24513000149,H31,52,130,씨앗노인복지센터,00,NORMAL SERVICE.,340,340,3,씨앗노인복지센터,H31,,,11,21,54053,063,453,5377,24513000149,20111004,26,521304604124,52,130,20111004
24519000023,H31,52,190,지리산주간보호센터,00,NORMAL SERVICE.,450,450,3,지리산주간보호센터,H31,,,352,1,55712,063,625,1900,24519000023,20080620,25,521903000199,52,190,20080620
24521000010,H31,52,210,김제노인복지센터,00,NORMAL SERVICE.,330,330,3,김제노인복지센터,H31,204번지,,19,29,54322,063,548,7005,24521000010,20080605,26,522104616513,52,210,20011109
24571000009,H31,52,710,예은노인복지센터,00,NORMAL SERVICE.,320,320,3,예은노인복지센터,H31,140번지 15호 1통 1반,,4615,44,55359,063,232,2442,24571000009,20080613,21,527103266092,52,710,20080613
24572000046,H31,52,720,믿음의집 병설 밀알재가노인복지센터,00,NORMAL SERVICE.,250,250,3,믿음의집 병설 밀알재가노인복지센터,H31,,,39,7,55442,063,433,6877,24572000046,20130301,25,527204622274,52,720,20130301
34519000115,I31,52,190,이웃사랑노인주간보호센터,00,NORMAL SERVICE.,390,390,4,이웃사랑노인주간보호센터,I31,,,49,9,55701,063,632,6005,34519000115,20190108,23,521904613275,52,190,20190108
34579000039,I31,52,790,원광 재활전문 주야간보호센터,00,NORMAL SERVICE.,310,310,3,원광 재활전문 주야간보호센터,I31,,,61,3,56444,063,564,8804,34579000039,20110311,23,527904637052,52,790,20110311
14511000026,M31,52,111,서전주요양원,00,NORMAL SERVICE.,139,703,3,서전주요양원,M31,,,92,0,55072,063,229,5100,14511000026,20080609,00,521114598238,52,111,20080609
